#SampleID	d__Bacteria;p__Gemmatimonadota;c__Gemmatimonadetes	d__Bacteria;p__Proteobacteria;c__Alphaproteobacteria	d__Bacteria;p__Bacteroidota;c__Bacteroidia	d__Bacteria;p__Desulfobacterota;c__uncultured	d__Bacteria;p__Proteobacteria;c__Gammaproteobacteria	d__Bacteria;p__Acidobacteriota;c__Acidobacteriae	d__Bacteria;p__Firmicutes;c__Clostridia	d__Bacteria;p__Actinobacteriota;c__Thermoleophilia	d__Bacteria;p__Actinobacteriota;c__Actinobacteria	d__Bacteria;p__Firmicutes;c__Bacilli	d__Bacteria;p__Acidobacteriota;c__Subgroup_5	d__Bacteria;p__Abditibacteriota;c__Abditibacteria	d__Bacteria;p__Myxococcota;c__Polyangia	d__Bacteria;p__Acidobacteriota;c__Thermoanaerobaculia	d__Bacteria;p__Verrucomicrobiota;c__Verrucomicrobiae	d__Bacteria;p__Actinobacteriota;c__Rubrobacteria	d__Bacteria;p__Chloroflexi;c__KD4-96	d__Bacteria;p__Bdellovibrionota;c__Oligoflexia	d__Bacteria;p__Myxococcota;c__Myxococcia	d__Bacteria;p__Planctomycetota;c__vadinHA49	d__Bacteria;p__Desulfobacterota;c__Desulfuromonadia	d__Bacteria;p__Actinobacteriota;c__Acidimicrobiia	d__Bacteria;p__Acidobacteriota;c__Blastocatellia	d__Bacteria;p__Chloroflexi;c__Ktedonobacteria	d__Bacteria;p__Dependentiae;c__Babeliae	d__Bacteria;p__Armatimonadota;c__uncultured	d__Bacteria;p__Armatimonadota;c__Armatimonadia	d__Bacteria;p__Bdellovibrionota;c__Bdellovibrionia	d__Bacteria;p__Elusimicrobiota;c__Lineage_IIa	d__Bacteria;p__Bacteroidota;c__Ignavibacteria	d__Bacteria;p__NB1-j;c__NB1-j	d__Bacteria;p__Planctomycetota;c__Phycisphaerae	d__Bacteria;p__Elusimicrobiota;c__Lineage_IIb	d__Bacteria;p__Chloroflexi;c__Chloroflexia	d__Bacteria;p__Bacteroidota;c__Kapabacteria	d__Bacteria;p__Acidobacteriota;c__Holophagae	d__Bacteria;p__Gemmatimonadota;c__BD2-11_terrestrial_group	d__Bacteria;p__Campylobacterota;c__Campylobacteria	d__Bacteria;p__Fibrobacterota;c__Fibrobacteria	d__Bacteria;p__Nitrospirota;c__Nitrospiria	d__Bacteria;p__SAR324_clade(Marine_group_B);c__SAR324_clade(Marine_group_B)	d__Bacteria;p__Firmicutes;c__Desulfitobacteriia	d__Bacteria;p__Verrucomicrobiota;c__Chlamydiae	d__Bacteria;p__Acidobacteriota;c__Subgroup_22	d__Bacteria;p__Cyanobacteria;c__Sericytochromatia	d__Bacteria;p__Acidobacteriota;c__Vicinamibacteria	d__Bacteria;p__Myxococcota;c__bacteriap25	d__Bacteria;p__Chloroflexi;c__AD3	d__Bacteria;p__FCPU426;c__FCPU426	d__Bacteria;p__Chloroflexi;c__Anaerolineae	d__Bacteria;p__Gemmatimonadota;c__S0134_terrestrial_group	d__Bacteria;p__MBNT15;c__MBNT15	d__Bacteria;p__Gemmatimonadota;c__Longimicrobia	d__Bacteria;p__Entotheonellaeota;c__Entotheonellia	d__Bacteria;p__Latescibacterota;c__Latescibacterota	d__Bacteria;p__Elusimicrobiota;c__Lineage_IIc	d__Bacteria;p__Chloroflexi;c__JG30-KF-CM66	d__Bacteria;p__Deinococcota;c__Deinococci	d__Bacteria;p__Actinobacteriota;c__MB-A2-108	d__Bacteria;p__Patescibacteria;c__Berkelbacteria	d__Bacteria;p__Armatimonadota;c__Chthonomonadetes	d__Bacteria;p__Acidobacteriota;c__Subgroup_25	d__Bacteria;p__Verrucomicrobiota;c__Kiritimatiellae	d__Bacteria;p__Chloroflexi;c__Dehalococcoidia	d__Bacteria;p__Firmicutes;c__Symbiobacteriia	d__Bacteria;p__Chloroflexi;c__Gitt-GS-136	d__Bacteria;p__Bacteroidota;c__Rhodothermia	d__Bacteria;p__Firmicutes;c__Negativicutes	d__Bacteria;p__Cyanobacteria;c__Vampirivibrionia	d__Bacteria;p__Patescibacteria;c__Saccharimonadia	d__Bacteria;p__Patescibacteria;c__Parcubacteria	d__Bacteria;p__Chloroflexi;c__OLB14	d__Bacteria;p__Chloroflexi;c__TK10	d__Bacteria;p__Armatimonadota;c__Fimbriimonadia	d__Bacteria;p__Firmicutes;c__Limnochordia	d__Bacteria;p__RCP2-54;c__RCP2-54	d__Bacteria;p__Planctomycetota;c__BD7-11	d__Bacteria;p__WPS-2;c__WPS-2	d__Bacteria;p__Planctomycetota;c__Planctomycetes	d__Bacteria;p__Spirochaetota;c__Spirochaetia	d__Bacteria;p__Sumerlaeota;c__Sumerlaeia	d__Bacteria;p__Elusimicrobiota;c__Elusimicrobia	d__Bacteria;p__Patescibacteria;c__Gracilibacteria	d__Bacteria;p__TX1A-33;c__TX1A-33	d__Bacteria;p__Cyanobacteria;c__Cyanobacteriia	d__Bacteria;p__Patescibacteria;c__ABY1	d__Bacteria;p__Patescibacteria;c__Microgenomatia	d__Bacteria;p__Zixibacteria;c__Zixibacteria	d__Bacteria;p__Planctomycetota;c__OM190	d__Bacteria;p__Hydrogenedentes;c__Hydrogenedentia	d__Bacteria;p__Bacteroidota;c__Kryptonia	d__Bacteria;p__Dadabacteria;c__Dadabacteriia	d__Bacteria;p__Patescibacteria;c__uncultured	d__Bacteria;p__GAL15;c__GAL15	d__Bacteria;p__Gemmatimonadota;c__AKAU4049	d__Bacteria;p__Desulfobacterota;c__Syntrophobacteria	d__Bacteria;p__Verrucomicrobiota;c__Omnitrophia	d__Bacteria;p__Spirochaetota;c__Leptospirae	d__Bacteria;p__Methylomirabilota;c__Methylomirabilia	d__Bacteria;p__Actinobacteriota;c__Coriobacteriia	d__Bacteria;p__Planctomycetota;c__Pla4_lineage	d__Bacteria;p__Latescibacterota;c__Latescibacteria	d__Bacteria;p__Fibrobacterota;c__Chitinivibrionia	d__Bacteria;p__Patescibacteria;c__WWE3	d__Bacteria;p__Acidobacteriota;c__Subgroup_18	d__Bacteria;p__Acidobacteriota;c__Subgroup_20	d__Bacteria;p__WS2;c__WS2	d__Bacteria;p__Desulfobacterota;c__Syntrophia	d__Bacteria;p__Desulfobacterota;c__Desulfovibrionia	d__Bacteria;p__Nitrospirota;c__Thermodesulfovibrionia	d__Bacteria;p__Deferrisomatota;c__Defferrisomatia	d__Bacteria;p__Acidobacteriota;c__AT-s3-28	d__Bacteria;p__Acidobacteriota;c__Subgroup_11	d__Bacteria;p__Nitrospinota;c__P9X2b3D02	d__Bacteria;p__Planctomycetota;c__Pla3_lineage	d__Bacteria;p__Chloroflexi;c__P2-11E	d__Bacteria;p__Margulisbacteria;c__Margulisbacteria	d__Bacteria;p__Cloacimonadota;c__Cloacimonadia	d__Bacteria;p__Firmicutes;c__Desulfotomaculia	d__Bacteria;p__Patescibacteria;c__CPR2	d__Bacteria;p__Desulfobacterota;c__Desulfobulbia	d__Bacteria;p__Elusimicrobiota;c__Endomicrobia	d__Bacteria;p__Acidobacteriota;c__Subgroup_21	d__Bacteria;p__WS4;c__WS4	d__Bacteria;p__Desulfobacterota;c__Desulfarculia	d__Bacteria;p__Patescibacteria;c__Dojkabacteria	d__Bacteria;p__PAUC34f;c__PAUC34f	d__Bacteria;p__Desulfobacterota;c__Desulfobacteria	d__Bacteria;p__Desulfobacterota;c__Syntrophorhabdia	d__Bacteria;p__DTB120;c__DTB120	d__Bacteria;p__FW113;c__FW113	d__Bacteria;p__Firmicutes;c__D8A-2	d__Bacteria;p__Firmicutes;c__Incertae_Sedis	d__Bacteria;p__Firmicutes;c__Firmicutes	d__Bacteria;p__Sva0485;c__Sva0485	d__Bacteria;p__Firmicutes;c__uncultured	d__Bacteria;p__Armatimonadota;c__DG-56	d__Bacteria;p__WS1;c__WS1	d__Bacteria;p__Chloroflexi;c__SHA-26	d__Bacteria;p__Modulibacteria;c__Moduliflexia	d__Bacteria;p__Nitrospirota;c__4-29-1	d__Bacteria;p__LCP-89;c__LCP-89	d__Bacteria;p__Firmicutes;c__Syntrophomonadia	d__Bacteria;p__Firmicutes;c__Moorellia	d__Bacteria;p__Acidobacteriota;c__Aminicenantia	d__Bacteria;p__Spirochaetota;c__Brevinematia	d__Bacteria;p__Chloroflexi;c__NLS2-31	d__Bacteria;p__Patescibacteria;c__Kazania	d__Bacteria;p__Fusobacteriota;c__Fusobacteriia	d__Bacteria;p__Spirochaetota;c__Spirochaetota	d__Bacteria;p__Planctomycetota;c__028H05-P-BN-P5	d__Bacteria;p__Verrucomicrobiota;c__Lentisphaeria	d__Bacteria;p__Spirochaetota;c__MVP-15	d__Bacteria;p__TA06;c__TA06
SRR21722997	528.0	2475.0	294.0	0.0	1597.0	2020.0	5.0	3593.0	2842.0	2153.0	0.0	2.0	44.0	14.0	68.0	16.0	0.0	25.0	21.0	0.0	0.0	203.0	0.0	42.0	35.0	0.0	6.0	0.0	0.0	0.0	2.0	0.0	0.0	3.0	4.0	0.0	0.0	0.0	0.0	45.0	0.0	0.0	2.0	0.0	0.0	0.0	25.0	0.0	0.0	0.0	0.0	0.0	0.0	0.0	0.0	0.0	0.0	0.0	0.0	0.0	0.0	0.0	0.0	0.0	0.0	0.0	0.0	0.0	0.0	0.0	0.0	0.0	0.0	0.0	0.0	0.0	0.0	0.0	0.0	0.0	0.0	0.0	0.0	0.0	0.0	0.0	0.0	0.0	0.0	0.0	0.0	0.0	0.0	0.0	0.0	0.0	0.0	0.0	0.0	0.0	0.0	0.0	0.0	0.0	0.0	0.0	0.0	0.0	0.0	0.0	0.0	0.0	0.0	0.0	0.0	0.0	0.0	0.0	0.0	0.0	0.0	0.0	0.0	0.0	0.0	0.0	0.0	0.0	0.0	0.0	0.0	0.0	0.0	0.0	0.0	0.0	0.0	0.0	0.0	0.0	0.0	0.0	0.0	0.0	0.0	0.0	0.0	0.0	0.0	0.0	0.0	0.0	0.0	0.0
SRR21723014	676.0	2343.0	692.0	0.0	1317.0	404.0	42.0	2931.0	3855.0	1186.0	3.0	12.0	62.0	0.0	50.0	181.0	3.0	6.0	45.0	0.0	6.0	344.0	0.0	18.0	14.0	0.0	0.0	0.0	2.0	0.0	0.0	0.0	0.0	0.0	0.0	4.0	0.0	0.0	0.0	57.0	0.0	0.0	0.0	0.0	3.0	0.0	20.0	0.0	0.0	0.0	15.0	0.0	0.0	0.0	0.0	0.0	0.0	0.0	0.0	0.0	0.0	0.0	0.0	0.0	0.0	0.0	0.0	0.0	0.0	0.0	0.0	0.0	0.0	0.0	0.0	0.0	0.0	0.0	0.0	0.0	0.0	0.0	0.0	0.0	0.0	0.0	0.0	0.0	0.0	0.0	0.0	0.0	0.0	0.0	0.0	0.0	0.0	0.0	0.0	0.0	0.0	0.0	0.0	0.0	0.0	0.0	0.0	0.0	0.0	0.0	0.0	0.0	0.0	0.0	0.0	0.0	0.0	0.0	0.0	0.0	0.0	0.0	0.0	0.0	0.0	0.0	0.0	0.0	0.0	0.0	0.0	0.0	0.0	0.0	0.0	0.0	0.0	0.0	0.0	0.0	0.0	0.0	0.0	0.0	0.0	0.0	0.0	0.0	0.0	0.0	0.0	0.0	0.0	0.0
SRR21723026	1563.0	3994.0	971.0	0.0	2169.0	1017.0	37.0	8178.0	6458.0	3054.0	21.0	31.0	126.0	42.0	174.0	230.0	0.0	23.0	51.0	0.0	0.0	694.0	3.0	35.0	29.0	0.0	4.0	10.0	7.0	0.0	15.0	2.0	4.0	2.0	2.0	5.0	0.0	0.0	0.0	99.0	0.0	0.0	0.0	0.0	3.0	4.0	88.0	0.0	0.0	0.0	19.0	0.0	0.0	12.0	0.0	0.0	0.0	0.0	0.0	0.0	0.0	0.0	0.0	0.0	0.0	0.0	0.0	0.0	0.0	0.0	0.0	0.0	0.0	0.0	0.0	0.0	0.0	0.0	0.0	0.0	0.0	0.0	0.0	0.0	0.0	0.0	0.0	0.0	0.0	0.0	0.0	0.0	0.0	0.0	0.0	0.0	0.0	0.0	0.0	0.0	0.0	0.0	0.0	0.0	0.0	0.0	0.0	0.0	0.0	0.0	0.0	0.0	0.0	0.0	0.0	0.0	0.0	0.0	0.0	0.0	0.0	0.0	0.0	0.0	0.0	0.0	0.0	0.0	0.0	0.0	0.0	0.0	0.0	0.0	0.0	0.0	0.0	0.0	0.0	0.0	0.0	0.0	0.0	0.0	0.0	0.0	0.0	0.0	0.0	0.0	0.0	0.0	0.0	0.0
SRR21723052	608.0	2215.0	367.0	0.0	1505.0	2350.0	42.0	2579.0	2814.0	927.0	3.0	12.0	27.0	24.0	89.0	0.0	0.0	3.0	3.0	0.0	0.0	121.0	0.0	23.0	48.0	0.0	0.0	0.0	0.0	0.0	0.0	0.0	0.0	0.0	8.0	0.0	0.0	0.0	0.0	39.0	0.0	0.0	0.0	0.0	0.0	0.0	0.0	3.0	0.0	0.0	5.0	0.0	0.0	0.0	0.0	2.0	0.0	0.0	0.0	0.0	0.0	0.0	0.0	0.0	0.0	0.0	0.0	0.0	0.0	0.0	0.0	0.0	0.0	0.0	0.0	0.0	0.0	0.0	0.0	0.0	0.0	0.0	0.0	0.0	0.0	0.0	0.0	0.0	0.0	0.0	0.0	0.0	0.0	0.0	0.0	0.0	0.0	0.0	0.0	0.0	0.0	0.0	0.0	0.0	0.0	0.0	0.0	0.0	0.0	0.0	0.0	0.0	0.0	0.0	0.0	0.0	0.0	0.0	0.0	0.0	0.0	0.0	0.0	0.0	0.0	0.0	0.0	0.0	0.0	0.0	0.0	0.0	0.0	0.0	0.0	0.0	0.0	0.0	0.0	0.0	0.0	0.0	0.0	0.0	0.0	0.0	0.0	0.0	0.0	0.0	0.0	0.0	0.0	0.0
SRR21723061	746.0	2437.0	289.0	0.0	1373.0	1733.0	28.0	4080.0	2746.0	3973.0	0.0	14.0	97.0	45.0	40.0	0.0	0.0	5.0	28.0	0.0	0.0	201.0	3.0	43.0	27.0	0.0	11.0	0.0	7.0	0.0	0.0	0.0	0.0	0.0	6.0	0.0	0.0	0.0	0.0	43.0	0.0	0.0	0.0	0.0	0.0	0.0	24.0	0.0	0.0	0.0	0.0	0.0	2.0	0.0	0.0	2.0	0.0	0.0	0.0	0.0	0.0	0.0	0.0	0.0	0.0	0.0	0.0	0.0	0.0	0.0	0.0	0.0	0.0	0.0	0.0	0.0	0.0	0.0	0.0	0.0	0.0	0.0	0.0	0.0	0.0	0.0	0.0	0.0	0.0	0.0	0.0	0.0	0.0	0.0	0.0	0.0	0.0	0.0	0.0	0.0	0.0	0.0	0.0	0.0	0.0	0.0	0.0	0.0	0.0	0.0	0.0	0.0	0.0	0.0	0.0	0.0	0.0	0.0	0.0	0.0	0.0	0.0	0.0	0.0	0.0	0.0	0.0	0.0	0.0	0.0	0.0	0.0	0.0	0.0	0.0	0.0	0.0	0.0	0.0	0.0	0.0	0.0	0.0	0.0	0.0	0.0	0.0	0.0	0.0	0.0	0.0	0.0	0.0	0.0
SRR21723062	739.0	1870.0	295.0	0.0	1040.0	1722.0	17.0	2842.0	1545.0	2347.0	0.0	2.0	28.0	3.0	44.0	18.0	0.0	24.0	28.0	0.0	0.0	209.0	0.0	32.0	43.0	0.0	5.0	3.0	4.0	0.0	2.0	0.0	0.0	0.0	2.0	0.0	0.0	0.0	0.0	24.0	0.0	0.0	0.0	0.0	0.0	0.0	11.0	0.0	0.0	0.0	4.0	0.0	0.0	4.0	0.0	0.0	0.0	0.0	0.0	0.0	0.0	0.0	0.0	0.0	0.0	0.0	0.0	0.0	0.0	0.0	0.0	0.0	0.0	0.0	0.0	0.0	0.0	0.0	0.0	0.0	0.0	0.0	0.0	0.0	0.0	0.0	0.0	0.0	0.0	0.0	0.0	0.0	0.0	0.0	0.0	0.0	0.0	0.0	0.0	0.0	0.0	0.0	0.0	0.0	0.0	0.0	0.0	0.0	0.0	0.0	0.0	0.0	0.0	0.0	0.0	0.0	0.0	0.0	0.0	0.0	0.0	0.0	0.0	0.0	0.0	0.0	0.0	0.0	0.0	0.0	0.0	0.0	0.0	0.0	0.0	0.0	0.0	0.0	0.0	0.0	0.0	0.0	0.0	0.0	0.0	0.0	0.0	0.0	0.0	0.0	0.0	0.0	0.0	0.0
SRR21723064	894.0	2756.0	383.0	0.0	1714.0	1948.0	80.0	2651.0	2539.0	1523.0	0.0	17.0	62.0	64.0	77.0	37.0	0.0	10.0	68.0	0.0	26.0	143.0	0.0	33.0	25.0	0.0	0.0	4.0	0.0	0.0	0.0	0.0	0.0	0.0	4.0	0.0	0.0	0.0	0.0	53.0	0.0	4.0	0.0	0.0	2.0	0.0	28.0	0.0	0.0	6.0	0.0	3.0	0.0	4.0	0.0	0.0	0.0	0.0	0.0	0.0	0.0	0.0	0.0	0.0	0.0	0.0	0.0	0.0	0.0	0.0	0.0	0.0	0.0	0.0	0.0	0.0	0.0	0.0	0.0	0.0	0.0	0.0	0.0	0.0	0.0	0.0	0.0	0.0	0.0	0.0	0.0	0.0	0.0	0.0	0.0	0.0	0.0	0.0	0.0	0.0	0.0	0.0	0.0	0.0	0.0	0.0	0.0	0.0	0.0	0.0	0.0	0.0	0.0	0.0	0.0	0.0	0.0	0.0	0.0	0.0	0.0	0.0	0.0	0.0	0.0	0.0	0.0	0.0	0.0	0.0	0.0	0.0	0.0	0.0	0.0	0.0	0.0	0.0	0.0	0.0	0.0	0.0	0.0	0.0	0.0	0.0	0.0	0.0	0.0	0.0	0.0	0.0	0.0	0.0
SRR21723065	773.0	2358.0	133.0	0.0	923.0	2022.0	11.0	4037.0	1861.0	2993.0	11.0	8.0	70.0	4.0	72.0	38.0	0.0	11.0	21.0	0.0	0.0	283.0	0.0	26.0	48.0	0.0	6.0	0.0	8.0	0.0	0.0	0.0	0.0	0.0	5.0	0.0	0.0	0.0	0.0	20.0	0.0	3.0	0.0	0.0	0.0	0.0	0.0	0.0	0.0	0.0	5.0	0.0	0.0	0.0	0.0	0.0	0.0	0.0	0.0	0.0	0.0	0.0	0.0	0.0	0.0	0.0	0.0	0.0	0.0	0.0	0.0	0.0	0.0	0.0	0.0	0.0	0.0	0.0	0.0	0.0	0.0	0.0	0.0	0.0	0.0	0.0	0.0	0.0	0.0	0.0	0.0	0.0	0.0	0.0	0.0	0.0	0.0	0.0	0.0	0.0	0.0	0.0	0.0	0.0	0.0	0.0	0.0	0.0	0.0	0.0	0.0	0.0	0.0	0.0	0.0	0.0	0.0	0.0	0.0	0.0	0.0	0.0	0.0	0.0	0.0	0.0	0.0	0.0	0.0	0.0	0.0	0.0	0.0	0.0	0.0	0.0	0.0	0.0	0.0	0.0	0.0	0.0	0.0	0.0	0.0	0.0	0.0	0.0	0.0	0.0	0.0	0.0	0.0	0.0
SRR21723066	968.0	2075.0	408.0	0.0	1224.0	422.0	34.0	4920.0	3081.0	1774.0	0.0	8.0	59.0	5.0	22.0	174.0	4.0	8.0	28.0	0.0	0.0	533.0	3.0	11.0	13.0	0.0	0.0	8.0	0.0	0.0	8.0	0.0	0.0	0.0	0.0	0.0	0.0	0.0	0.0	73.0	0.0	0.0	2.0	0.0	0.0	0.0	73.0	0.0	0.0	0.0	0.0	0.0	0.0	0.0	0.0	0.0	0.0	0.0	0.0	0.0	0.0	0.0	0.0	0.0	0.0	0.0	0.0	0.0	0.0	0.0	0.0	0.0	0.0	0.0	0.0	0.0	0.0	0.0	0.0	0.0	0.0	0.0	0.0	0.0	0.0	0.0	0.0	0.0	0.0	0.0	0.0	0.0	0.0	0.0	0.0	0.0	0.0	0.0	0.0	0.0	0.0	0.0	0.0	0.0	0.0	0.0	0.0	0.0	0.0	0.0	0.0	0.0	0.0	0.0	0.0	0.0	0.0	0.0	0.0	0.0	0.0	0.0	0.0	0.0	0.0	0.0	0.0	0.0	0.0	0.0	0.0	0.0	0.0	0.0	0.0	0.0	0.0	0.0	0.0	0.0	0.0	0.0	0.0	0.0	0.0	0.0	0.0	0.0	0.0	0.0	0.0	0.0	0.0	0.0
SRR21723067	1113.0	3347.0	489.0	0.0	2184.0	2633.0	27.0	3616.0	3348.0	2091.0	0.0	9.0	72.0	36.0	118.0	18.0	3.0	45.0	73.0	0.0	0.0	203.0	0.0	73.0	24.0	0.0	5.0	0.0	3.0	0.0	0.0	0.0	0.0	0.0	0.0	0.0	0.0	0.0	2.0	43.0	0.0	0.0	2.0	0.0	2.0	4.0	0.0	0.0	0.0	0.0	6.0	0.0	0.0	0.0	0.0	0.0	0.0	0.0	0.0	0.0	0.0	0.0	0.0	0.0	0.0	0.0	0.0	0.0	0.0	0.0	0.0	0.0	0.0	0.0	0.0	0.0	0.0	0.0	0.0	0.0	0.0	0.0	0.0	0.0	0.0	0.0	0.0	0.0	0.0	0.0	0.0	0.0	0.0	0.0	0.0	0.0	0.0	0.0	0.0	0.0	0.0	0.0	0.0	0.0	0.0	0.0	0.0	0.0	0.0	0.0	0.0	0.0	0.0	0.0	0.0	0.0	0.0	0.0	0.0	0.0	0.0	0.0	0.0	0.0	0.0	0.0	0.0	0.0	0.0	0.0	0.0	0.0	0.0	0.0	0.0	0.0	0.0	0.0	0.0	0.0	0.0	0.0	0.0	0.0	0.0	0.0	0.0	0.0	0.0	0.0	0.0	0.0	0.0	0.0
SRR21723068	1026.0	3869.0	567.0	0.0	1886.0	2096.0	51.0	3403.0	3483.0	1847.0	3.0	20.0	155.0	29.0	107.0	25.0	0.0	12.0	28.0	2.0	6.0	194.0	0.0	46.0	42.0	0.0	5.0	3.0	3.0	0.0	0.0	0.0	0.0	2.0	2.0	0.0	0.0	0.0	2.0	45.0	0.0	2.0	0.0	0.0	0.0	0.0	25.0	0.0	0.0	0.0	0.0	0.0	3.0	0.0	0.0	0.0	0.0	0.0	0.0	3.0	0.0	0.0	0.0	0.0	0.0	0.0	0.0	0.0	0.0	0.0	0.0	0.0	0.0	0.0	0.0	0.0	0.0	0.0	0.0	0.0	0.0	0.0	0.0	0.0	0.0	0.0	0.0	0.0	0.0	0.0	0.0	0.0	0.0	0.0	0.0	0.0	0.0	0.0	0.0	0.0	0.0	0.0	0.0	0.0	0.0	0.0	0.0	0.0	0.0	0.0	0.0	0.0	0.0	0.0	0.0	0.0	0.0	0.0	0.0	0.0	0.0	0.0	0.0	0.0	0.0	0.0	0.0	0.0	0.0	0.0	0.0	0.0	0.0	0.0	0.0	0.0	0.0	0.0	0.0	0.0	0.0	0.0	0.0	0.0	0.0	0.0	0.0	0.0	0.0	0.0	0.0	0.0	0.0	0.0
SRR21723070	1354.0	3935.0	499.0	0.0	2328.0	1719.0	100.0	4151.0	4274.0	1371.0	12.0	19.0	154.0	128.0	102.0	66.0	0.0	71.0	34.0	0.0	14.0	358.0	0.0	75.0	24.0	0.0	8.0	0.0	15.0	0.0	0.0	6.0	2.0	0.0	0.0	0.0	0.0	0.0	2.0	44.0	0.0	0.0	0.0	0.0	0.0	0.0	29.0	2.0	0.0	17.0	10.0	9.0	0.0	0.0	0.0	0.0	0.0	0.0	0.0	0.0	0.0	0.0	0.0	0.0	0.0	0.0	0.0	0.0	0.0	0.0	0.0	0.0	0.0	0.0	0.0	0.0	0.0	0.0	0.0	0.0	0.0	0.0	0.0	0.0	0.0	0.0	0.0	0.0	0.0	0.0	0.0	0.0	0.0	0.0	0.0	0.0	0.0	0.0	0.0	0.0	0.0	0.0	0.0	0.0	0.0	0.0	0.0	0.0	0.0	0.0	0.0	0.0	0.0	0.0	0.0	0.0	0.0	0.0	0.0	0.0	0.0	0.0	0.0	0.0	0.0	0.0	0.0	0.0	0.0	0.0	0.0	0.0	0.0	0.0	0.0	0.0	0.0	0.0	0.0	0.0	0.0	0.0	0.0	0.0	0.0	0.0	0.0	0.0	0.0	0.0	0.0	0.0	0.0	0.0
SRR21723071	730.0	2808.0	522.0	0.0	1393.0	1797.0	0.0	3813.0	2392.0	2896.0	0.0	17.0	86.0	0.0	51.0	9.0	0.0	8.0	49.0	0.0	0.0	220.0	0.0	26.0	44.0	0.0	0.0	10.0	7.0	0.0	0.0	0.0	2.0	0.0	0.0	0.0	0.0	0.0	0.0	38.0	0.0	0.0	0.0	0.0	0.0	0.0	24.0	0.0	0.0	2.0	0.0	0.0	0.0	0.0	0.0	0.0	0.0	0.0	0.0	0.0	0.0	0.0	0.0	0.0	0.0	0.0	0.0	0.0	0.0	0.0	0.0	0.0	0.0	0.0	0.0	0.0	0.0	0.0	0.0	0.0	0.0	0.0	0.0	0.0	0.0	0.0	0.0	0.0	0.0	0.0	0.0	0.0	0.0	0.0	0.0	0.0	0.0	0.0	0.0	0.0	0.0	0.0	0.0	0.0	0.0	0.0	0.0	0.0	0.0	0.0	0.0	0.0	0.0	0.0	0.0	0.0	0.0	0.0	0.0	0.0	0.0	0.0	0.0	0.0	0.0	0.0	0.0	0.0	0.0	0.0	0.0	0.0	0.0	0.0	0.0	0.0	0.0	0.0	0.0	0.0	0.0	0.0	0.0	0.0	0.0	0.0	0.0	0.0	0.0	0.0	0.0	0.0	0.0	0.0
SRR21723072	893.0	2898.0	373.0	0.0	1165.0	2255.0	22.0	3871.0	1859.0	2876.0	0.0	6.0	118.0	11.0	86.0	36.0	0.0	32.0	40.0	2.0	0.0	183.0	0.0	29.0	44.0	0.0	0.0	0.0	14.0	0.0	0.0	0.0	0.0	0.0	0.0	0.0	0.0	0.0	0.0	46.0	0.0	0.0	2.0	2.0	2.0	0.0	0.0	0.0	0.0	0.0	4.0	0.0	0.0	0.0	0.0	0.0	0.0	0.0	0.0	0.0	0.0	0.0	0.0	0.0	0.0	0.0	0.0	0.0	0.0	0.0	0.0	0.0	0.0	0.0	0.0	0.0	0.0	0.0	0.0	0.0	0.0	0.0	0.0	0.0	0.0	0.0	0.0	0.0	0.0	0.0	0.0	0.0	0.0	0.0	0.0	0.0	0.0	0.0	0.0	0.0	0.0	0.0	0.0	0.0	0.0	0.0	0.0	0.0	0.0	0.0	0.0	0.0	0.0	0.0	0.0	0.0	0.0	0.0	0.0	0.0	0.0	0.0	0.0	0.0	0.0	0.0	0.0	0.0	0.0	0.0	0.0	0.0	0.0	0.0	0.0	0.0	0.0	0.0	0.0	0.0	0.0	0.0	0.0	0.0	0.0	0.0	0.0	0.0	0.0	0.0	0.0	0.0	0.0	0.0
SRR21723073	1081.0	2322.0	200.0	0.0	1425.0	1778.0	37.0	4268.0	1712.0	2770.0	0.0	4.0	106.0	0.0	103.0	13.0	0.0	6.0	37.0	2.0	0.0	358.0	3.0	14.0	37.0	0.0	2.0	0.0	17.0	0.0	0.0	0.0	2.0	0.0	0.0	0.0	0.0	0.0	0.0	16.0	0.0	0.0	0.0	0.0	0.0	0.0	37.0	2.0	0.0	0.0	2.0	0.0	0.0	0.0	0.0	0.0	0.0	0.0	6.0	0.0	0.0	0.0	0.0	0.0	0.0	0.0	0.0	0.0	0.0	0.0	0.0	0.0	0.0	0.0	0.0	0.0	0.0	0.0	0.0	0.0	0.0	0.0	0.0	0.0	0.0	0.0	0.0	0.0	0.0	0.0	0.0	0.0	0.0	0.0	0.0	0.0	0.0	0.0	0.0	0.0	0.0	0.0	0.0	0.0	0.0	0.0	0.0	0.0	0.0	0.0	0.0	0.0	0.0	0.0	0.0	0.0	0.0	0.0	0.0	0.0	0.0	0.0	0.0	0.0	0.0	0.0	0.0	0.0	0.0	0.0	0.0	0.0	0.0	0.0	0.0	0.0	0.0	0.0	0.0	0.0	0.0	0.0	0.0	0.0	0.0	0.0	0.0	0.0	0.0	0.0	0.0	0.0	0.0	0.0
SRR21723075	1049.0	3566.0	364.0	6.0	1819.0	2094.0	28.0	4342.0	3040.0	2410.0	0.0	11.0	147.0	5.0	183.0	28.0	0.0	25.0	83.0	0.0	0.0	279.0	5.0	39.0	59.0	0.0	0.0	0.0	0.0	0.0	0.0	0.0	3.0	0.0	3.0	0.0	0.0	0.0	4.0	44.0	0.0	0.0	3.0	0.0	0.0	0.0	23.0	0.0	0.0	0.0	0.0	0.0	0.0	8.0	0.0	0.0	0.0	0.0	0.0	0.0	2.0	0.0	0.0	0.0	0.0	0.0	0.0	0.0	0.0	0.0	0.0	0.0	0.0	0.0	0.0	0.0	0.0	0.0	0.0	0.0	0.0	0.0	0.0	0.0	0.0	0.0	0.0	0.0	0.0	0.0	0.0	0.0	0.0	0.0	0.0	0.0	0.0	0.0	0.0	0.0	0.0	0.0	0.0	0.0	0.0	0.0	0.0	0.0	0.0	0.0	0.0	0.0	0.0	0.0	0.0	0.0	0.0	0.0	0.0	0.0	0.0	0.0	0.0	0.0	0.0	0.0	0.0	0.0	0.0	0.0	0.0	0.0	0.0	0.0	0.0	0.0	0.0	0.0	0.0	0.0	0.0	0.0	0.0	0.0	0.0	0.0	0.0	0.0	0.0	0.0	0.0	0.0	0.0	0.0
SRR21723076	858.0	1974.0	183.0	0.0	947.0	988.0	23.0	4994.0	2174.0	2931.0	0.0	0.0	86.0	10.0	49.0	13.0	0.0	5.0	34.0	0.0	0.0	300.0	0.0	14.0	25.0	0.0	0.0	4.0	0.0	0.0	0.0	0.0	0.0	0.0	0.0	0.0	0.0	0.0	0.0	30.0	0.0	0.0	2.0	0.0	6.0	0.0	43.0	0.0	0.0	10.0	3.0	0.0	0.0	12.0	0.0	0.0	0.0	0.0	0.0	0.0	0.0	0.0	0.0	0.0	0.0	0.0	0.0	0.0	0.0	0.0	0.0	0.0	0.0	0.0	0.0	0.0	0.0	0.0	0.0	0.0	0.0	0.0	0.0	0.0	0.0	0.0	0.0	0.0	0.0	0.0	0.0	0.0	0.0	0.0	0.0	0.0	0.0	0.0	0.0	0.0	0.0	0.0	0.0	0.0	0.0	0.0	0.0	0.0	0.0	0.0	0.0	0.0	0.0	0.0	0.0	0.0	0.0	0.0	0.0	0.0	0.0	0.0	0.0	0.0	0.0	0.0	0.0	0.0	0.0	0.0	0.0	0.0	0.0	0.0	0.0	0.0	0.0	0.0	0.0	0.0	0.0	0.0	0.0	0.0	0.0	0.0	0.0	0.0	0.0	0.0	0.0	0.0	0.0	0.0
SRR21723077	1202.0	2537.0	634.0	0.0	1682.0	571.0	61.0	5781.0	2957.0	2875.0	29.0	7.0	202.0	19.0	90.0	184.0	0.0	5.0	22.0	3.0	0.0	507.0	0.0	11.0	23.0	0.0	0.0	10.0	9.0	0.0	17.0	0.0	3.0	0.0	2.0	6.0	0.0	0.0	0.0	98.0	0.0	0.0	0.0	0.0	0.0	10.0	96.0	0.0	0.0	0.0	7.0	0.0	2.0	0.0	0.0	0.0	0.0	0.0	0.0	0.0	0.0	0.0	0.0	0.0	0.0	0.0	0.0	0.0	0.0	0.0	0.0	0.0	0.0	0.0	0.0	0.0	0.0	0.0	0.0	0.0	0.0	0.0	0.0	0.0	0.0	0.0	0.0	0.0	0.0	0.0	0.0	0.0	0.0	0.0	0.0	0.0	0.0	0.0	0.0	0.0	0.0	0.0	0.0	0.0	0.0	0.0	0.0	0.0	0.0	0.0	0.0	0.0	0.0	0.0	0.0	0.0	0.0	0.0	0.0	0.0	0.0	0.0	0.0	0.0	0.0	0.0	0.0	0.0	0.0	0.0	0.0	0.0	0.0	0.0	0.0	0.0	0.0	0.0	0.0	0.0	0.0	0.0	0.0	0.0	0.0	0.0	0.0	0.0	0.0	0.0	0.0	0.0	0.0	0.0
SRR21723078	607.0	2039.0	308.0	0.0	1166.0	820.0	24.0	4901.0	2380.0	3020.0	0.0	6.0	72.0	4.0	80.0	24.0	0.0	8.0	48.0	0.0	0.0	337.0	0.0	31.0	20.0	0.0	0.0	6.0	3.0	0.0	2.0	0.0	0.0	0.0	0.0	2.0	0.0	0.0	0.0	34.0	0.0	0.0	0.0	0.0	2.0	0.0	28.0	0.0	0.0	0.0	0.0	0.0	0.0	2.0	0.0	0.0	0.0	0.0	0.0	0.0	0.0	0.0	0.0	0.0	0.0	0.0	0.0	0.0	0.0	0.0	0.0	0.0	0.0	0.0	0.0	0.0	0.0	0.0	0.0	0.0	0.0	0.0	0.0	0.0	0.0	0.0	0.0	0.0	0.0	0.0	0.0	0.0	0.0	0.0	0.0	0.0	0.0	0.0	0.0	0.0	0.0	0.0	0.0	0.0	0.0	0.0	0.0	0.0	0.0	0.0	0.0	0.0	0.0	0.0	0.0	0.0	0.0	0.0	0.0	0.0	0.0	0.0	0.0	0.0	0.0	0.0	0.0	0.0	0.0	0.0	0.0	0.0	0.0	0.0	0.0	0.0	0.0	0.0	0.0	0.0	0.0	0.0	0.0	0.0	0.0	0.0	0.0	0.0	0.0	0.0	0.0	0.0	0.0	0.0
SRR21723084	964.0	4297.0	1091.0	0.0	1760.0	1783.0	32.0	5599.0	3840.0	3574.0	8.0	15.0	133.0	0.0	119.0	20.0	0.0	19.0	16.0	9.0	0.0	539.0	0.0	60.0	19.0	0.0	0.0	0.0	6.0	0.0	0.0	0.0	6.0	0.0	0.0	0.0	0.0	0.0	0.0	13.0	0.0	0.0	4.0	6.0	0.0	5.0	38.0	2.0	0.0	0.0	3.0	0.0	0.0	0.0	0.0	0.0	0.0	0.0	0.0	0.0	0.0	0.0	0.0	0.0	0.0	0.0	0.0	0.0	0.0	0.0	0.0	0.0	0.0	0.0	0.0	0.0	0.0	0.0	0.0	0.0	0.0	0.0	0.0	0.0	0.0	0.0	0.0	0.0	0.0	0.0	0.0	0.0	0.0	0.0	0.0	0.0	0.0	0.0	0.0	0.0	0.0	0.0	0.0	0.0	0.0	0.0	0.0	0.0	0.0	0.0	0.0	0.0	0.0	0.0	0.0	0.0	0.0	0.0	0.0	0.0	0.0	0.0	0.0	0.0	0.0	0.0	0.0	0.0	0.0	0.0	0.0	0.0	0.0	0.0	0.0	0.0	0.0	0.0	0.0	0.0	0.0	0.0	0.0	0.0	0.0	0.0	0.0	0.0	0.0	0.0	0.0	0.0	0.0	0.0
SRR21723085	743.0	2094.0	293.0	0.0	1194.0	908.0	9.0	4771.0	2675.0	2155.0	0.0	6.0	28.0	23.0	69.0	65.0	3.0	0.0	9.0	0.0	0.0	311.0	0.0	24.0	29.0	0.0	0.0	3.0	0.0	0.0	0.0	0.0	0.0	0.0	0.0	0.0	0.0	0.0	0.0	39.0	0.0	0.0	4.0	0.0	5.0	0.0	34.0	0.0	0.0	0.0	0.0	0.0	0.0	0.0	0.0	0.0	0.0	0.0	0.0	0.0	0.0	0.0	0.0	0.0	0.0	0.0	0.0	0.0	0.0	0.0	0.0	0.0	0.0	0.0	0.0	0.0	0.0	0.0	0.0	0.0	0.0	0.0	0.0	0.0	0.0	0.0	0.0	0.0	0.0	0.0	0.0	0.0	0.0	0.0	0.0	0.0	0.0	0.0	0.0	0.0	0.0	0.0	0.0	0.0	0.0	0.0	0.0	0.0	0.0	0.0	0.0	0.0	0.0	0.0	0.0	0.0	0.0	0.0	0.0	0.0	0.0	0.0	0.0	0.0	0.0	0.0	0.0	0.0	0.0	0.0	0.0	0.0	0.0	0.0	0.0	0.0	0.0	0.0	0.0	0.0	0.0	0.0	0.0	0.0	0.0	0.0	0.0	0.0	0.0	0.0	0.0	0.0	0.0	0.0
SRR21723086	1024.0	3666.0	561.0	0.0	1519.0	2707.0	15.0	5986.0	3328.0	3084.0	7.0	0.0	169.0	0.0	124.0	21.0	0.0	11.0	31.0	3.0	0.0	295.0	0.0	20.0	20.0	0.0	0.0	3.0	0.0	0.0	0.0	0.0	0.0	0.0	0.0	0.0	0.0	0.0	0.0	77.0	0.0	0.0	0.0	0.0	0.0	0.0	30.0	0.0	0.0	0.0	0.0	3.0	0.0	7.0	0.0	0.0	0.0	0.0	0.0	0.0	0.0	0.0	0.0	0.0	0.0	0.0	0.0	0.0	0.0	0.0	0.0	0.0	0.0	0.0	0.0	0.0	0.0	0.0	0.0	0.0	0.0	0.0	0.0	0.0	0.0	0.0	0.0	0.0	0.0	0.0	0.0	0.0	0.0	0.0	0.0	0.0	0.0	0.0	0.0	0.0	0.0	0.0	0.0	0.0	0.0	0.0	0.0	0.0	0.0	0.0	0.0	0.0	0.0	0.0	0.0	0.0	0.0	0.0	0.0	0.0	0.0	0.0	0.0	0.0	0.0	0.0	0.0	0.0	0.0	0.0	0.0	0.0	0.0	0.0	0.0	0.0	0.0	0.0	0.0	0.0	0.0	0.0	0.0	0.0	0.0	0.0	0.0	0.0	0.0	0.0	0.0	0.0	0.0	0.0
SRR21723087	715.0	3471.0	347.0	0.0	1752.0	2370.0	11.0	6087.0	4996.0	2748.0	5.0	17.0	185.0	11.0	138.0	32.0	0.0	5.0	72.0	4.0	0.0	306.0	0.0	75.0	39.0	3.0	4.0	2.0	17.0	0.0	4.0	0.0	0.0	2.0	0.0	0.0	0.0	0.0	0.0	3.0	0.0	0.0	0.0	0.0	0.0	0.0	33.0	0.0	0.0	0.0	0.0	0.0	0.0	0.0	0.0	0.0	0.0	0.0	0.0	0.0	0.0	0.0	0.0	0.0	0.0	0.0	0.0	0.0	0.0	0.0	0.0	0.0	0.0	0.0	0.0	0.0	0.0	0.0	0.0	0.0	0.0	0.0	0.0	0.0	0.0	0.0	0.0	0.0	0.0	0.0	0.0	0.0	0.0	0.0	0.0	0.0	0.0	0.0	0.0	0.0	0.0	0.0	0.0	0.0	0.0	0.0	0.0	0.0	0.0	0.0	0.0	0.0	0.0	0.0	0.0	0.0	0.0	0.0	0.0	0.0	0.0	0.0	0.0	0.0	0.0	0.0	0.0	0.0	0.0	0.0	0.0	0.0	0.0	0.0	0.0	0.0	0.0	0.0	0.0	0.0	0.0	0.0	0.0	0.0	0.0	0.0	0.0	0.0	0.0	0.0	0.0	0.0	0.0	0.0
SRR21723088	2679.0	9086.0	1056.0	16.0	4395.0	4566.0	49.0	19661.0	6978.0	8571.0	0.0	12.0	343.0	25.0	389.0	109.0	0.0	15.0	199.0	9.0	0.0	1441.0	2.0	74.0	36.0	0.0	26.0	2.0	10.0	0.0	9.0	0.0	0.0	0.0	3.0	0.0	0.0	0.0	11.0	140.0	4.0	8.0	2.0	0.0	0.0	0.0	119.0	0.0	0.0	11.0	0.0	0.0	0.0	0.0	0.0	0.0	0.0	0.0	0.0	0.0	0.0	0.0	0.0	0.0	6.0	0.0	0.0	0.0	0.0	0.0	0.0	0.0	0.0	0.0	0.0	0.0	0.0	0.0	0.0	0.0	0.0	0.0	0.0	0.0	0.0	0.0	0.0	0.0	0.0	0.0	0.0	0.0	0.0	0.0	0.0	0.0	0.0	0.0	0.0	0.0	0.0	0.0	0.0	0.0	0.0	0.0	0.0	0.0	0.0	0.0	0.0	0.0	0.0	0.0	0.0	0.0	0.0	0.0	0.0	0.0	0.0	0.0	0.0	0.0	0.0	0.0	0.0	0.0	0.0	0.0	0.0	0.0	0.0	0.0	0.0	0.0	0.0	0.0	0.0	0.0	0.0	0.0	0.0	0.0	0.0	0.0	0.0	0.0	0.0	0.0	0.0	0.0	0.0	0.0
SRR21723089	803.0	2370.0	327.0	0.0	1176.0	1497.0	21.0	5635.0	2196.0	2371.0	0.0	4.0	19.0	0.0	34.0	25.0	0.0	15.0	27.0	0.0	0.0	320.0	0.0	21.0	9.0	0.0	7.0	3.0	0.0	0.0	0.0	0.0	0.0	0.0	0.0	0.0	0.0	0.0	0.0	17.0	0.0	0.0	0.0	0.0	0.0	0.0	31.0	0.0	0.0	0.0	0.0	0.0	2.0	3.0	0.0	0.0	0.0	0.0	3.0	0.0	0.0	0.0	0.0	0.0	0.0	0.0	0.0	0.0	0.0	0.0	0.0	0.0	0.0	0.0	0.0	0.0	0.0	0.0	0.0	0.0	0.0	0.0	0.0	0.0	0.0	0.0	0.0	0.0	0.0	0.0	0.0	0.0	0.0	0.0	0.0	0.0	0.0	0.0	0.0	0.0	0.0	0.0	0.0	0.0	0.0	0.0	0.0	0.0	0.0	0.0	0.0	0.0	0.0	0.0	0.0	0.0	0.0	0.0	0.0	0.0	0.0	0.0	0.0	0.0	0.0	0.0	0.0	0.0	0.0	0.0	0.0	0.0	0.0	0.0	0.0	0.0	0.0	0.0	0.0	0.0	0.0	0.0	0.0	0.0	0.0	0.0	0.0	0.0	0.0	0.0	0.0	0.0	0.0	0.0
SRR21723090	1531.0	4319.0	859.0	0.0	2049.0	2564.0	37.0	8139.0	5332.0	4984.0	14.0	15.0	130.0	8.0	139.0	103.0	3.0	16.0	62.0	4.0	0.0	582.0	0.0	33.0	46.0	0.0	8.0	3.0	13.0	0.0	5.0	0.0	3.0	0.0	2.0	0.0	0.0	0.0	0.0	39.0	0.0	0.0	0.0	0.0	0.0	0.0	37.0	3.0	0.0	0.0	0.0	0.0	2.0	4.0	0.0	0.0	3.0	0.0	0.0	0.0	0.0	0.0	0.0	0.0	0.0	0.0	0.0	0.0	0.0	0.0	0.0	0.0	0.0	0.0	0.0	0.0	0.0	0.0	0.0	0.0	0.0	0.0	0.0	0.0	0.0	0.0	0.0	0.0	0.0	0.0	0.0	0.0	0.0	0.0	0.0	0.0	0.0	0.0	0.0	0.0	0.0	0.0	0.0	0.0	0.0	0.0	0.0	0.0	0.0	0.0	0.0	0.0	0.0	0.0	0.0	0.0	0.0	0.0	0.0	0.0	0.0	0.0	0.0	0.0	0.0	0.0	0.0	0.0	0.0	0.0	0.0	0.0	0.0	0.0	0.0	0.0	0.0	0.0	0.0	0.0	0.0	0.0	0.0	0.0	0.0	0.0	0.0	0.0	0.0	0.0	0.0	0.0	0.0	0.0
SRR21723099	671.0	2509.0	230.0	0.0	856.0	1120.0	10.0	3531.0	1539.0	2791.0	8.0	5.0	62.0	0.0	22.0	14.0	0.0	7.0	52.0	0.0	0.0	266.0	2.0	30.0	52.0	0.0	0.0	0.0	0.0	0.0	0.0	3.0	3.0	0.0	2.0	0.0	0.0	0.0	9.0	32.0	0.0	0.0	0.0	0.0	2.0	0.0	0.0	0.0	0.0	5.0	0.0	0.0	3.0	4.0	0.0	0.0	0.0	0.0	0.0	0.0	0.0	0.0	0.0	0.0	0.0	0.0	0.0	0.0	0.0	0.0	0.0	0.0	0.0	0.0	0.0	0.0	0.0	0.0	0.0	0.0	0.0	0.0	0.0	0.0	0.0	0.0	0.0	0.0	0.0	0.0	0.0	0.0	0.0	0.0	0.0	0.0	0.0	0.0	0.0	0.0	0.0	0.0	0.0	0.0	0.0	0.0	0.0	0.0	0.0	0.0	0.0	0.0	0.0	0.0	0.0	0.0	0.0	0.0	0.0	0.0	0.0	0.0	0.0	0.0	0.0	0.0	0.0	0.0	0.0	0.0	0.0	0.0	0.0	0.0	0.0	0.0	0.0	0.0	0.0	0.0	0.0	0.0	0.0	0.0	0.0	0.0	0.0	0.0	0.0	0.0	0.0	0.0	0.0	0.0
SRR21723117	678.0	1869.0	294.0	0.0	1105.0	743.0	36.0	4270.0	2577.0	2022.0	0.0	6.0	51.0	3.0	61.0	102.0	2.0	9.0	28.0	0.0	0.0	258.0	0.0	33.0	5.0	0.0	2.0	0.0	0.0	0.0	0.0	0.0	0.0	0.0	3.0	0.0	0.0	0.0	0.0	51.0	0.0	0.0	0.0	0.0	0.0	0.0	37.0	0.0	0.0	3.0	0.0	0.0	0.0	0.0	0.0	0.0	0.0	0.0	0.0	0.0	0.0	0.0	0.0	0.0	0.0	0.0	0.0	0.0	0.0	0.0	0.0	0.0	0.0	0.0	0.0	0.0	0.0	0.0	0.0	0.0	0.0	0.0	0.0	0.0	0.0	0.0	0.0	0.0	0.0	0.0	0.0	0.0	0.0	0.0	0.0	0.0	0.0	0.0	0.0	0.0	0.0	0.0	0.0	0.0	0.0	0.0	0.0	0.0	0.0	0.0	0.0	0.0	0.0	0.0	0.0	0.0	0.0	0.0	0.0	0.0	0.0	0.0	0.0	0.0	0.0	0.0	0.0	0.0	0.0	0.0	0.0	0.0	0.0	0.0	0.0	0.0	0.0	0.0	0.0	0.0	0.0	0.0	0.0	0.0	0.0	0.0	0.0	0.0	0.0	0.0	0.0	0.0	0.0	0.0
SRR21723140	2610.0	5202.0	755.0	0.0	3375.0	1730.0	64.0	10923.0	5692.0	4237.0	18.0	25.0	291.0	25.0	150.0	172.0	0.0	0.0	93.0	9.0	6.0	1110.0	0.0	51.0	33.0	0.0	3.0	2.0	14.0	6.0	0.0	0.0	4.0	0.0	0.0	0.0	0.0	0.0	3.0	160.0	0.0	0.0	0.0	0.0	0.0	0.0	93.0	3.0	0.0	9.0	0.0	0.0	0.0	3.0	0.0	0.0	2.0	0.0	10.0	0.0	0.0	0.0	0.0	0.0	0.0	0.0	0.0	0.0	0.0	0.0	0.0	0.0	0.0	0.0	0.0	0.0	0.0	0.0	0.0	0.0	0.0	0.0	0.0	0.0	0.0	0.0	0.0	0.0	0.0	0.0	0.0	0.0	0.0	0.0	0.0	0.0	0.0	0.0	0.0	0.0	0.0	0.0	0.0	0.0	0.0	0.0	0.0	0.0	0.0	0.0	0.0	0.0	0.0	0.0	0.0	0.0	0.0	0.0	0.0	0.0	0.0	0.0	0.0	0.0	0.0	0.0	0.0	0.0	0.0	0.0	0.0	0.0	0.0	0.0	0.0	0.0	0.0	0.0	0.0	0.0	0.0	0.0	0.0	0.0	0.0	0.0	0.0	0.0	0.0	0.0	0.0	0.0	0.0	0.0
SRR21723141	1734.0	5452.0	676.0	16.0	3073.0	2291.0	57.0	10176.0	6629.0	4697.0	8.0	30.0	196.0	38.0	164.0	50.0	0.0	29.0	78.0	0.0	0.0	866.0	0.0	122.0	30.0	0.0	0.0	7.0	0.0	0.0	7.0	0.0	6.0	0.0	0.0	2.0	0.0	0.0	0.0	35.0	0.0	0.0	0.0	0.0	0.0	0.0	40.0	0.0	0.0	4.0	0.0	0.0	0.0	0.0	0.0	0.0	0.0	0.0	0.0	0.0	0.0	0.0	0.0	0.0	0.0	0.0	0.0	0.0	0.0	0.0	0.0	0.0	0.0	0.0	0.0	0.0	0.0	0.0	0.0	0.0	0.0	0.0	0.0	0.0	0.0	0.0	0.0	0.0	0.0	0.0	0.0	0.0	0.0	0.0	0.0	0.0	0.0	0.0	0.0	0.0	0.0	0.0	0.0	0.0	0.0	0.0	0.0	0.0	0.0	0.0	0.0	0.0	0.0	0.0	0.0	0.0	0.0	0.0	0.0	0.0	0.0	0.0	0.0	0.0	0.0	0.0	0.0	0.0	0.0	0.0	0.0	0.0	0.0	0.0	0.0	0.0	0.0	0.0	0.0	0.0	0.0	0.0	0.0	0.0	0.0	0.0	0.0	0.0	0.0	0.0	0.0	0.0	0.0	0.0
SRR21723142	2129.0	5684.0	906.0	0.0	2731.0	2720.0	45.0	11699.0	5566.0	6180.0	10.0	26.0	154.0	19.0	264.0	50.0	0.0	52.0	62.0	0.0	0.0	970.0	0.0	122.0	80.0	0.0	7.0	2.0	18.0	0.0	0.0	0.0	2.0	0.0	5.0	0.0	0.0	0.0	3.0	124.0	0.0	0.0	0.0	0.0	2.0	6.0	114.0	0.0	0.0	7.0	0.0	0.0	2.0	25.0	0.0	0.0	0.0	0.0	2.0	0.0	0.0	0.0	0.0	2.0	0.0	0.0	0.0	0.0	0.0	0.0	0.0	0.0	0.0	0.0	0.0	0.0	0.0	0.0	0.0	0.0	0.0	0.0	0.0	0.0	0.0	0.0	0.0	0.0	0.0	0.0	0.0	0.0	0.0	0.0	0.0	0.0	0.0	0.0	0.0	0.0	0.0	0.0	0.0	0.0	0.0	0.0	0.0	0.0	0.0	0.0	0.0	0.0	0.0	0.0	0.0	0.0	0.0	0.0	0.0	0.0	0.0	0.0	0.0	0.0	0.0	0.0	0.0	0.0	0.0	0.0	0.0	0.0	0.0	0.0	0.0	0.0	0.0	0.0	0.0	0.0	0.0	0.0	0.0	0.0	0.0	0.0	0.0	0.0	0.0	0.0	0.0	0.0	0.0	0.0
SRR21723143	1362.0	3751.0	843.0	0.0	1727.0	1500.0	31.0	8232.0	4179.0	4612.0	17.0	6.0	163.0	8.0	165.0	50.0	0.0	30.0	77.0	0.0	0.0	710.0	0.0	42.0	33.0	0.0	2.0	6.0	5.0	0.0	0.0	0.0	0.0	0.0	0.0	2.0	0.0	0.0	2.0	81.0	0.0	0.0	0.0	0.0	0.0	4.0	63.0	0.0	0.0	10.0	5.0	0.0	0.0	16.0	0.0	0.0	0.0	0.0	0.0	0.0	0.0	0.0	0.0	0.0	0.0	0.0	0.0	0.0	0.0	0.0	0.0	0.0	0.0	0.0	0.0	0.0	0.0	0.0	0.0	0.0	0.0	0.0	0.0	0.0	0.0	0.0	0.0	0.0	0.0	0.0	0.0	0.0	0.0	0.0	0.0	0.0	0.0	0.0	0.0	0.0	0.0	0.0	0.0	0.0	0.0	0.0	0.0	0.0	0.0	0.0	0.0	0.0	0.0	0.0	0.0	0.0	0.0	0.0	0.0	0.0	0.0	0.0	0.0	0.0	0.0	0.0	0.0	0.0	0.0	0.0	0.0	0.0	0.0	0.0	0.0	0.0	0.0	0.0	0.0	0.0	0.0	0.0	0.0	0.0	0.0	0.0	0.0	0.0	0.0	0.0	0.0	0.0	0.0	0.0
SRR21723194	578.0	2021.0	433.0	0.0	1234.0	1313.0	36.0	6166.0	4210.0	2968.0	0.0	8.0	36.0	3.0	116.0	0.0	0.0	5.0	51.0	0.0	0.0	306.0	0.0	56.0	3.0	0.0	0.0	0.0	0.0	3.0	0.0	0.0	0.0	0.0	0.0	0.0	0.0	0.0	0.0	0.0	0.0	0.0	0.0	3.0	0.0	0.0	17.0	0.0	0.0	0.0	0.0	0.0	0.0	0.0	0.0	0.0	0.0	0.0	0.0	0.0	0.0	0.0	0.0	0.0	0.0	0.0	0.0	0.0	0.0	0.0	0.0	0.0	0.0	0.0	0.0	0.0	0.0	0.0	0.0	0.0	0.0	0.0	0.0	0.0	0.0	0.0	0.0	0.0	0.0	0.0	0.0	0.0	0.0	0.0	0.0	0.0	0.0	0.0	0.0	0.0	0.0	0.0	0.0	0.0	0.0	0.0	0.0	0.0	0.0	0.0	0.0	0.0	0.0	0.0	0.0	0.0	0.0	0.0	0.0	0.0	0.0	0.0	0.0	0.0	0.0	0.0	0.0	0.0	0.0	0.0	0.0	0.0	0.0	0.0	0.0	0.0	0.0	0.0	0.0	0.0	0.0	0.0	0.0	0.0	0.0	0.0	0.0	0.0	0.0	0.0	0.0	0.0	0.0	0.0
SRR21723197	272.0	1003.0	175.0	0.0	621.0	804.0	17.0	3073.0	1684.0	2533.0	3.0	0.0	23.0	0.0	56.0	29.0	0.0	6.0	0.0	0.0	0.0	215.0	0.0	17.0	0.0	0.0	0.0	0.0	0.0	0.0	0.0	0.0	0.0	0.0	0.0	0.0	0.0	0.0	0.0	17.0	0.0	0.0	0.0	0.0	0.0	0.0	0.0	0.0	0.0	0.0	0.0	0.0	0.0	0.0	0.0	0.0	0.0	0.0	0.0	0.0	0.0	0.0	0.0	0.0	0.0	0.0	0.0	0.0	0.0	0.0	0.0	0.0	0.0	0.0	0.0	0.0	0.0	0.0	0.0	0.0	0.0	0.0	0.0	0.0	0.0	0.0	0.0	0.0	0.0	0.0	0.0	0.0	0.0	0.0	0.0	0.0	0.0	0.0	0.0	0.0	0.0	0.0	0.0	0.0	0.0	0.0	0.0	0.0	0.0	0.0	0.0	0.0	0.0	0.0	0.0	0.0	0.0	0.0	0.0	0.0	0.0	0.0	0.0	0.0	0.0	0.0	0.0	0.0	0.0	0.0	0.0	0.0	0.0	0.0	0.0	0.0	0.0	0.0	0.0	0.0	0.0	0.0	0.0	0.0	0.0	0.0	0.0	0.0	0.0	0.0	0.0	0.0	0.0	0.0
SRR21723199	474.0	2203.0	113.0	0.0	1181.0	1869.0	9.0	5482.0	2163.0	2318.0	0.0	0.0	71.0	0.0	47.0	11.0	0.0	0.0	42.0	0.0	0.0	378.0	0.0	21.0	20.0	0.0	0.0	0.0	0.0	0.0	0.0	0.0	0.0	0.0	0.0	0.0	0.0	0.0	0.0	41.0	0.0	0.0	0.0	0.0	0.0	0.0	0.0	0.0	0.0	0.0	4.0	0.0	0.0	0.0	0.0	0.0	0.0	0.0	0.0	0.0	0.0	0.0	0.0	0.0	0.0	0.0	0.0	0.0	0.0	0.0	0.0	0.0	0.0	0.0	0.0	0.0	0.0	0.0	0.0	0.0	0.0	0.0	0.0	0.0	0.0	0.0	0.0	0.0	0.0	0.0	0.0	0.0	0.0	0.0	0.0	0.0	0.0	0.0	0.0	0.0	0.0	0.0	0.0	0.0	0.0	0.0	0.0	0.0	0.0	0.0	0.0	0.0	0.0	0.0	0.0	0.0	0.0	0.0	0.0	0.0	0.0	0.0	0.0	0.0	0.0	0.0	0.0	0.0	0.0	0.0	0.0	0.0	0.0	0.0	0.0	0.0	0.0	0.0	0.0	0.0	0.0	0.0	0.0	0.0	0.0	0.0	0.0	0.0	0.0	0.0	0.0	0.0	0.0	0.0
SRR21723200	843.0	2583.0	492.0	0.0	1512.0	2093.0	25.0	5670.0	2667.0	2914.0	0.0	0.0	109.0	0.0	151.0	0.0	0.0	4.0	23.0	5.0	0.0	279.0	0.0	11.0	2.0	0.0	0.0	0.0	10.0	0.0	4.0	0.0	0.0	0.0	0.0	0.0	0.0	0.0	0.0	23.0	0.0	0.0	0.0	0.0	0.0	0.0	38.0	0.0	0.0	0.0	0.0	4.0	0.0	0.0	0.0	0.0	0.0	0.0	0.0	0.0	0.0	0.0	0.0	0.0	0.0	0.0	0.0	0.0	0.0	0.0	0.0	0.0	0.0	0.0	0.0	0.0	0.0	0.0	0.0	0.0	0.0	0.0	0.0	0.0	0.0	0.0	0.0	0.0	0.0	0.0	0.0	0.0	0.0	0.0	0.0	0.0	0.0	0.0	0.0	0.0	0.0	0.0	0.0	0.0	0.0	0.0	0.0	0.0	0.0	0.0	0.0	0.0	0.0	0.0	0.0	0.0	0.0	0.0	0.0	0.0	0.0	0.0	0.0	0.0	0.0	0.0	0.0	0.0	0.0	0.0	0.0	0.0	0.0	0.0	0.0	0.0	0.0	0.0	0.0	0.0	0.0	0.0	0.0	0.0	0.0	0.0	0.0	0.0	0.0	0.0	0.0	0.0	0.0	0.0
SRR21723201	914.0	2645.0	468.0	0.0	1679.0	1341.0	41.0	6661.0	4547.0	1994.0	0.0	0.0	42.0	0.0	97.0	68.0	0.0	0.0	39.0	0.0	0.0	354.0	0.0	51.0	10.0	0.0	4.0	2.0	0.0	0.0	0.0	0.0	0.0	0.0	0.0	0.0	0.0	0.0	0.0	16.0	0.0	0.0	0.0	0.0	0.0	0.0	58.0	2.0	0.0	0.0	0.0	0.0	0.0	8.0	0.0	2.0	0.0	0.0	0.0	0.0	0.0	0.0	0.0	0.0	0.0	0.0	0.0	0.0	0.0	0.0	0.0	0.0	0.0	0.0	0.0	0.0	0.0	0.0	0.0	0.0	0.0	0.0	0.0	0.0	0.0	0.0	0.0	0.0	0.0	0.0	0.0	0.0	0.0	0.0	0.0	0.0	0.0	0.0	0.0	0.0	0.0	0.0	0.0	0.0	0.0	0.0	0.0	0.0	0.0	0.0	0.0	0.0	0.0	0.0	0.0	0.0	0.0	0.0	0.0	0.0	0.0	0.0	0.0	0.0	0.0	0.0	0.0	0.0	0.0	0.0	0.0	0.0	0.0	0.0	0.0	0.0	0.0	0.0	0.0	0.0	0.0	0.0	0.0	0.0	0.0	0.0	0.0	0.0	0.0	0.0	0.0	0.0	0.0	0.0
SRR21723202	731.0	3165.0	603.0	0.0	2082.0	2117.0	4.0	7021.0	3260.0	4806.0	0.0	3.0	122.0	0.0	162.0	19.0	0.0	2.0	61.0	0.0	0.0	525.0	0.0	25.0	18.0	0.0	6.0	0.0	18.0	0.0	0.0	0.0	13.0	0.0	6.0	0.0	0.0	0.0	0.0	24.0	0.0	0.0	0.0	0.0	0.0	0.0	42.0	0.0	0.0	0.0	0.0	0.0	0.0	0.0	0.0	0.0	0.0	0.0	0.0	0.0	0.0	0.0	0.0	0.0	0.0	0.0	0.0	0.0	0.0	0.0	0.0	0.0	0.0	0.0	0.0	0.0	0.0	0.0	0.0	0.0	0.0	0.0	0.0	0.0	0.0	0.0	0.0	0.0	0.0	0.0	0.0	0.0	0.0	0.0	0.0	0.0	0.0	0.0	0.0	0.0	0.0	0.0	0.0	0.0	0.0	0.0	0.0	0.0	0.0	0.0	0.0	0.0	0.0	0.0	0.0	0.0	0.0	0.0	0.0	0.0	0.0	0.0	0.0	0.0	0.0	0.0	0.0	0.0	0.0	0.0	0.0	0.0	0.0	0.0	0.0	0.0	0.0	0.0	0.0	0.0	0.0	0.0	0.0	0.0	0.0	0.0	0.0	0.0	0.0	0.0	0.0	0.0	0.0	0.0
SRR21723219	601.0	3518.0	580.0	0.0	1174.0	1629.0	8.0	4490.0	4149.0	2073.0	0.0	5.0	97.0	3.0	61.0	19.0	0.0	5.0	12.0	0.0	0.0	155.0	0.0	61.0	15.0	0.0	4.0	5.0	0.0	0.0	0.0	0.0	0.0	0.0	2.0	0.0	0.0	2.0	2.0	23.0	0.0	0.0	2.0	0.0	0.0	0.0	20.0	0.0	0.0	0.0	5.0	0.0	3.0	3.0	0.0	0.0	0.0	0.0	0.0	0.0	0.0	0.0	0.0	0.0	0.0	0.0	0.0	0.0	0.0	0.0	0.0	0.0	0.0	0.0	0.0	0.0	0.0	0.0	0.0	0.0	0.0	0.0	0.0	0.0	0.0	0.0	0.0	0.0	0.0	0.0	0.0	0.0	0.0	0.0	0.0	0.0	0.0	0.0	0.0	0.0	0.0	0.0	0.0	0.0	0.0	0.0	0.0	0.0	0.0	0.0	0.0	0.0	0.0	0.0	0.0	0.0	0.0	0.0	0.0	0.0	0.0	0.0	0.0	0.0	0.0	0.0	0.0	0.0	0.0	0.0	0.0	0.0	0.0	0.0	0.0	0.0	0.0	0.0	0.0	0.0	0.0	0.0	0.0	0.0	0.0	0.0	0.0	0.0	0.0	0.0	0.0	0.0	0.0	0.0
SRR21723220	965.0	4809.0	834.0	0.0	1706.0	2487.0	5.0	6213.0	5413.0	3347.0	14.0	19.0	101.0	3.0	87.0	15.0	0.0	3.0	60.0	0.0	0.0	393.0	0.0	70.0	27.0	0.0	3.0	7.0	19.0	2.0	2.0	0.0	0.0	0.0	0.0	3.0	0.0	0.0	0.0	13.0	0.0	0.0	0.0	0.0	0.0	2.0	0.0	0.0	0.0	0.0	5.0	0.0	0.0	7.0	0.0	0.0	0.0	0.0	0.0	0.0	0.0	0.0	0.0	0.0	0.0	0.0	0.0	0.0	0.0	0.0	0.0	0.0	0.0	0.0	0.0	0.0	0.0	0.0	0.0	0.0	0.0	0.0	0.0	0.0	0.0	0.0	0.0	0.0	0.0	0.0	0.0	0.0	0.0	0.0	0.0	0.0	0.0	0.0	0.0	0.0	0.0	0.0	0.0	0.0	0.0	0.0	0.0	0.0	0.0	0.0	0.0	0.0	0.0	0.0	0.0	0.0	0.0	0.0	0.0	0.0	0.0	0.0	0.0	0.0	0.0	0.0	0.0	0.0	0.0	0.0	0.0	0.0	0.0	0.0	0.0	0.0	0.0	0.0	0.0	0.0	0.0	0.0	0.0	0.0	0.0	0.0	0.0	0.0	0.0	0.0	0.0	0.0	0.0	0.0
SRR21723221	2179.0	4214.0	826.0	0.0	2133.0	641.0	54.0	7276.0	5164.0	3458.0	0.0	27.0	171.0	25.0	160.0	306.0	0.0	14.0	49.0	0.0	0.0	853.0	0.0	45.0	28.0	0.0	0.0	15.0	11.0	0.0	2.0	0.0	0.0	0.0	5.0	0.0	0.0	3.0	0.0	83.0	3.0	0.0	0.0	0.0	4.0	0.0	119.0	0.0	0.0	0.0	18.0	3.0	11.0	35.0	0.0	0.0	0.0	0.0	13.0	2.0	0.0	0.0	0.0	0.0	0.0	0.0	0.0	0.0	0.0	0.0	0.0	0.0	0.0	0.0	0.0	0.0	0.0	0.0	0.0	0.0	0.0	0.0	0.0	0.0	0.0	0.0	0.0	0.0	0.0	0.0	0.0	0.0	0.0	0.0	0.0	0.0	0.0	0.0	0.0	0.0	0.0	0.0	0.0	0.0	0.0	0.0	0.0	0.0	0.0	0.0	0.0	0.0	0.0	0.0	0.0	0.0	0.0	0.0	0.0	0.0	0.0	0.0	0.0	0.0	0.0	0.0	0.0	0.0	0.0	0.0	0.0	0.0	0.0	0.0	0.0	0.0	0.0	0.0	0.0	0.0	0.0	0.0	0.0	0.0	0.0	0.0	0.0	0.0	0.0	0.0	0.0	0.0	0.0	0.0
SRR21723222	856.0	6647.0	1418.0	0.0	2274.0	3655.0	53.0	6487.0	6620.0	3301.0	8.0	19.0	178.0	0.0	138.0	0.0	0.0	32.0	50.0	3.0	0.0	383.0	0.0	74.0	16.0	0.0	26.0	9.0	9.0	0.0	3.0	0.0	0.0	0.0	7.0	5.0	0.0	0.0	0.0	28.0	0.0	0.0	0.0	0.0	0.0	0.0	27.0	0.0	0.0	0.0	0.0	0.0	0.0	0.0	0.0	0.0	0.0	0.0	5.0	0.0	0.0	0.0	0.0	0.0	0.0	0.0	0.0	0.0	0.0	0.0	0.0	0.0	0.0	0.0	0.0	0.0	0.0	0.0	0.0	0.0	0.0	0.0	0.0	0.0	0.0	0.0	0.0	0.0	0.0	0.0	0.0	0.0	0.0	0.0	0.0	0.0	0.0	0.0	0.0	0.0	0.0	0.0	0.0	0.0	0.0	0.0	0.0	0.0	0.0	0.0	0.0	0.0	0.0	0.0	0.0	0.0	0.0	0.0	0.0	0.0	0.0	0.0	0.0	0.0	0.0	0.0	0.0	0.0	0.0	0.0	0.0	0.0	0.0	0.0	0.0	0.0	0.0	0.0	0.0	0.0	0.0	0.0	0.0	0.0	0.0	0.0	0.0	0.0	0.0	0.0	0.0	0.0	0.0	0.0
SRR21723223	683.0	5034.0	1106.0	0.0	2098.0	1907.0	31.0	3320.0	4725.0	1710.0	0.0	9.0	98.0	0.0	51.0	3.0	0.0	3.0	6.0	0.0	0.0	51.0	0.0	62.0	0.0	0.0	0.0	10.0	6.0	0.0	0.0	0.0	0.0	0.0	0.0	0.0	0.0	0.0	0.0	0.0	0.0	0.0	0.0	0.0	3.0	0.0	6.0	0.0	0.0	0.0	0.0	0.0	0.0	0.0	0.0	0.0	0.0	0.0	0.0	0.0	0.0	0.0	0.0	0.0	0.0	0.0	0.0	0.0	0.0	0.0	0.0	0.0	0.0	0.0	0.0	0.0	0.0	0.0	0.0	0.0	0.0	0.0	0.0	0.0	0.0	0.0	0.0	0.0	0.0	0.0	0.0	0.0	0.0	0.0	0.0	0.0	0.0	0.0	0.0	0.0	0.0	0.0	0.0	0.0	0.0	0.0	0.0	0.0	0.0	0.0	0.0	0.0	0.0	0.0	0.0	0.0	0.0	0.0	0.0	0.0	0.0	0.0	0.0	0.0	0.0	0.0	0.0	0.0	0.0	0.0	0.0	0.0	0.0	0.0	0.0	0.0	0.0	0.0	0.0	0.0	0.0	0.0	0.0	0.0	0.0	0.0	0.0	0.0	0.0	0.0	0.0	0.0	0.0	0.0
SRR21723227	201.0	1806.0	722.0	0.0	901.0	1410.0	22.0	2409.0	3057.0	1521.0	0.0	0.0	33.0	3.0	42.0	0.0	0.0	2.0	20.0	0.0	0.0	119.0	0.0	31.0	0.0	0.0	15.0	0.0	3.0	0.0	0.0	0.0	0.0	0.0	0.0	0.0	0.0	0.0	0.0	9.0	0.0	0.0	0.0	0.0	0.0	0.0	5.0	0.0	0.0	0.0	0.0	0.0	0.0	0.0	0.0	0.0	0.0	0.0	0.0	0.0	0.0	0.0	0.0	0.0	0.0	0.0	0.0	0.0	0.0	0.0	0.0	0.0	0.0	0.0	0.0	0.0	0.0	0.0	0.0	0.0	0.0	0.0	0.0	0.0	0.0	0.0	0.0	0.0	0.0	0.0	0.0	0.0	0.0	0.0	0.0	0.0	0.0	0.0	0.0	0.0	0.0	0.0	0.0	0.0	0.0	0.0	0.0	0.0	0.0	0.0	0.0	0.0	0.0	0.0	0.0	0.0	0.0	0.0	0.0	0.0	0.0	0.0	0.0	0.0	0.0	0.0	0.0	0.0	0.0	0.0	0.0	0.0	0.0	0.0	0.0	0.0	0.0	0.0	0.0	0.0	0.0	0.0	0.0	0.0	0.0	0.0	0.0	0.0	0.0	0.0	0.0	0.0	0.0	0.0
SRR21723229	406.0	3445.0	1359.0	0.0	1601.0	2897.0	34.0	3993.0	5909.0	1908.0	0.0	2.0	66.0	0.0	43.0	0.0	0.0	10.0	24.0	0.0	0.0	66.0	0.0	72.0	16.0	0.0	17.0	0.0	0.0	0.0	0.0	0.0	0.0	2.0	0.0	0.0	0.0	0.0	0.0	3.0	0.0	0.0	0.0	0.0	2.0	0.0	6.0	0.0	0.0	0.0	0.0	0.0	0.0	0.0	0.0	0.0	0.0	0.0	0.0	0.0	0.0	0.0	0.0	0.0	0.0	0.0	0.0	0.0	0.0	0.0	0.0	0.0	0.0	0.0	0.0	0.0	0.0	0.0	0.0	0.0	0.0	0.0	0.0	0.0	0.0	0.0	0.0	0.0	0.0	0.0	0.0	0.0	0.0	0.0	0.0	0.0	0.0	0.0	0.0	0.0	0.0	0.0	0.0	0.0	0.0	0.0	0.0	0.0	0.0	0.0	0.0	0.0	0.0	0.0	0.0	0.0	0.0	0.0	0.0	0.0	0.0	0.0	0.0	0.0	0.0	0.0	0.0	0.0	0.0	0.0	0.0	0.0	0.0	0.0	0.0	0.0	0.0	0.0	0.0	0.0	0.0	0.0	0.0	0.0	0.0	0.0	0.0	0.0	0.0	0.0	0.0	0.0	0.0	0.0
SRR21723230	1326.0	4625.0	1172.0	0.0	2260.0	2974.0	63.0	7584.0	6547.0	4280.0	20.0	21.0	176.0	13.0	241.0	12.0	0.0	41.0	70.0	3.0	0.0	631.0	4.0	105.0	64.0	0.0	5.0	2.0	8.0	0.0	0.0	0.0	3.0	0.0	10.0	6.0	0.0	0.0	3.0	64.0	0.0	0.0	0.0	0.0	3.0	0.0	51.0	2.0	0.0	11.0	6.0	6.0	0.0	14.0	0.0	0.0	0.0	0.0	0.0	0.0	0.0	0.0	0.0	0.0	0.0	0.0	0.0	0.0	0.0	0.0	0.0	0.0	0.0	0.0	0.0	0.0	0.0	0.0	0.0	0.0	0.0	0.0	0.0	0.0	0.0	0.0	0.0	0.0	0.0	0.0	0.0	0.0	0.0	0.0	0.0	0.0	0.0	0.0	0.0	0.0	0.0	0.0	0.0	0.0	0.0	0.0	0.0	0.0	0.0	0.0	0.0	0.0	0.0	0.0	0.0	0.0	0.0	0.0	0.0	0.0	0.0	0.0	0.0	0.0	0.0	0.0	0.0	0.0	0.0	0.0	0.0	0.0	0.0	0.0	0.0	0.0	0.0	0.0	0.0	0.0	0.0	0.0	0.0	0.0	0.0	0.0	0.0	0.0	0.0	0.0	0.0	0.0	0.0	0.0
SRR21723231	1081.0	3363.0	1374.0	0.0	1500.0	1546.0	30.0	5673.0	5499.0	3306.0	2.0	13.0	93.0	16.0	41.0	95.0	0.0	21.0	22.0	0.0	0.0	423.0	2.0	64.0	17.0	0.0	3.0	4.0	0.0	0.0	0.0	0.0	0.0	0.0	2.0	0.0	0.0	0.0	0.0	40.0	0.0	0.0	0.0	0.0	4.0	0.0	48.0	0.0	0.0	3.0	0.0	0.0	0.0	9.0	0.0	0.0	0.0	0.0	0.0	0.0	0.0	0.0	0.0	0.0	0.0	0.0	0.0	0.0	0.0	0.0	0.0	0.0	0.0	0.0	0.0	0.0	0.0	0.0	0.0	0.0	0.0	0.0	0.0	0.0	0.0	0.0	0.0	0.0	0.0	0.0	0.0	0.0	0.0	0.0	0.0	0.0	0.0	0.0	0.0	0.0	0.0	0.0	0.0	0.0	0.0	0.0	0.0	0.0	0.0	0.0	0.0	0.0	0.0	0.0	0.0	0.0	0.0	0.0	0.0	0.0	0.0	0.0	0.0	0.0	0.0	0.0	0.0	0.0	0.0	0.0	0.0	0.0	0.0	0.0	0.0	0.0	0.0	0.0	0.0	0.0	0.0	0.0	0.0	0.0	0.0	0.0	0.0	0.0	0.0	0.0	0.0	0.0	0.0	0.0
SRR21723232	315.0	2163.0	763.0	0.0	1191.0	1284.0	23.0	3951.0	3708.0	1812.0	0.0	0.0	58.0	0.0	54.0	0.0	0.0	2.0	28.0	0.0	0.0	86.0	0.0	30.0	18.0	0.0	10.0	0.0	5.0	0.0	0.0	0.0	2.0	0.0	3.0	0.0	0.0	0.0	0.0	12.0	0.0	0.0	0.0	0.0	2.0	0.0	22.0	0.0	0.0	0.0	3.0	0.0	0.0	3.0	0.0	0.0	0.0	0.0	0.0	0.0	0.0	0.0	0.0	0.0	0.0	0.0	0.0	0.0	0.0	0.0	0.0	0.0	0.0	0.0	0.0	0.0	0.0	0.0	0.0	0.0	0.0	0.0	0.0	0.0	0.0	0.0	0.0	0.0	0.0	0.0	0.0	0.0	0.0	0.0	0.0	0.0	0.0	0.0	0.0	0.0	0.0	0.0	0.0	0.0	0.0	0.0	0.0	0.0	0.0	0.0	0.0	0.0	0.0	0.0	0.0	0.0	0.0	0.0	0.0	0.0	0.0	0.0	0.0	0.0	0.0	0.0	0.0	0.0	0.0	0.0	0.0	0.0	0.0	0.0	0.0	0.0	0.0	0.0	0.0	0.0	0.0	0.0	0.0	0.0	0.0	0.0	0.0	0.0	0.0	0.0	0.0	0.0	0.0	0.0
SRR21723234	257.0	2236.0	1161.0	0.0	960.0	1308.0	30.0	2517.0	4772.0	1865.0	0.0	12.0	28.0	4.0	17.0	0.0	0.0	18.0	9.0	0.0	0.0	32.0	0.0	28.0	14.0	0.0	4.0	0.0	2.0	0.0	0.0	0.0	0.0	0.0	0.0	0.0	0.0	0.0	0.0	21.0	0.0	0.0	0.0	0.0	2.0	0.0	0.0	0.0	0.0	0.0	2.0	0.0	0.0	0.0	0.0	0.0	0.0	0.0	0.0	0.0	0.0	0.0	0.0	0.0	0.0	0.0	0.0	0.0	0.0	0.0	0.0	0.0	0.0	0.0	0.0	0.0	0.0	0.0	0.0	0.0	0.0	0.0	0.0	0.0	0.0	0.0	0.0	0.0	0.0	0.0	0.0	0.0	0.0	0.0	0.0	0.0	0.0	0.0	0.0	0.0	0.0	0.0	0.0	0.0	0.0	0.0	0.0	0.0	0.0	0.0	0.0	0.0	0.0	0.0	0.0	0.0	0.0	0.0	0.0	0.0	0.0	0.0	0.0	0.0	0.0	0.0	0.0	0.0	0.0	0.0	0.0	0.0	0.0	0.0	0.0	0.0	0.0	0.0	0.0	0.0	0.0	0.0	0.0	0.0	0.0	0.0	0.0	0.0	0.0	0.0	0.0	0.0	0.0	0.0
SRR21723246	429.0	1987.0	197.0	3.0	1120.0	981.0	7.0	2818.0	1522.0	1567.0	0.0	8.0	68.0	0.0	14.0	11.0	0.0	29.0	16.0	0.0	0.0	71.0	0.0	4.0	12.0	0.0	0.0	3.0	0.0	0.0	2.0	0.0	0.0	0.0	8.0	0.0	0.0	0.0	0.0	12.0	0.0	0.0	0.0	0.0	0.0	0.0	0.0	0.0	0.0	0.0	0.0	0.0	0.0	0.0	0.0	0.0	0.0	0.0	0.0	0.0	0.0	0.0	0.0	0.0	0.0	0.0	0.0	0.0	0.0	0.0	0.0	0.0	0.0	0.0	0.0	0.0	0.0	0.0	0.0	0.0	0.0	0.0	0.0	0.0	0.0	0.0	0.0	0.0	0.0	0.0	0.0	0.0	0.0	0.0	0.0	0.0	0.0	0.0	0.0	0.0	0.0	0.0	0.0	0.0	0.0	0.0	0.0	0.0	0.0	0.0	0.0	0.0	0.0	0.0	0.0	0.0	0.0	0.0	0.0	0.0	0.0	0.0	0.0	0.0	0.0	0.0	0.0	0.0	0.0	0.0	0.0	0.0	0.0	0.0	0.0	0.0	0.0	0.0	0.0	0.0	0.0	0.0	0.0	0.0	0.0	0.0	0.0	0.0	0.0	0.0	0.0	0.0	0.0	0.0
SRR21723256	486.0	3085.0	496.0	0.0	1714.0	2525.0	30.0	2776.0	4210.0	1257.0	0.0	12.0	97.0	43.0	92.0	8.0	0.0	13.0	59.0	0.0	0.0	80.0	0.0	54.0	26.0	0.0	9.0	0.0	8.0	0.0	0.0	0.0	0.0	0.0	0.0	0.0	0.0	0.0	0.0	49.0	0.0	0.0	0.0	0.0	5.0	0.0	0.0	0.0	0.0	0.0	0.0	0.0	0.0	0.0	0.0	0.0	0.0	0.0	0.0	0.0	0.0	0.0	0.0	0.0	0.0	0.0	0.0	0.0	0.0	0.0	0.0	0.0	0.0	0.0	0.0	0.0	0.0	0.0	0.0	0.0	0.0	0.0	0.0	0.0	0.0	0.0	0.0	0.0	0.0	0.0	0.0	0.0	0.0	0.0	0.0	0.0	0.0	0.0	0.0	0.0	0.0	0.0	0.0	0.0	0.0	0.0	0.0	0.0	0.0	0.0	0.0	0.0	0.0	0.0	0.0	0.0	0.0	0.0	0.0	0.0	0.0	0.0	0.0	0.0	0.0	0.0	0.0	0.0	0.0	0.0	0.0	0.0	0.0	0.0	0.0	0.0	0.0	0.0	0.0	0.0	0.0	0.0	0.0	0.0	0.0	0.0	0.0	0.0	0.0	0.0	0.0	0.0	0.0	0.0
SRR21723319	646.0	2806.0	384.0	0.0	1447.0	2461.0	8.0	3681.0	3707.0	1977.0	0.0	9.0	59.0	0.0	121.0	0.0	0.0	22.0	39.0	0.0	0.0	167.0	0.0	34.0	34.0	0.0	0.0	0.0	5.0	0.0	0.0	0.0	5.0	0.0	0.0	0.0	0.0	0.0	0.0	60.0	0.0	0.0	0.0	0.0	0.0	2.0	17.0	0.0	0.0	0.0	0.0	0.0	0.0	0.0	0.0	0.0	2.0	0.0	0.0	0.0	0.0	0.0	0.0	0.0	0.0	0.0	0.0	0.0	0.0	0.0	0.0	0.0	0.0	0.0	0.0	0.0	0.0	0.0	0.0	0.0	0.0	0.0	0.0	0.0	0.0	0.0	0.0	0.0	0.0	0.0	0.0	0.0	0.0	0.0	0.0	0.0	0.0	0.0	0.0	0.0	0.0	0.0	0.0	0.0	0.0	0.0	0.0	0.0	0.0	0.0	0.0	0.0	0.0	0.0	0.0	0.0	0.0	0.0	0.0	0.0	0.0	0.0	0.0	0.0	0.0	0.0	0.0	0.0	0.0	0.0	0.0	0.0	0.0	0.0	0.0	0.0	0.0	0.0	0.0	0.0	0.0	0.0	0.0	0.0	0.0	0.0	0.0	0.0	0.0	0.0	0.0	0.0	0.0	0.0
SRR21723352	5480.0	9196.0	1065.0	0.0	5297.0	2909.0	82.0	22953.0	7817.0	12832.0	62.0	27.0	378.0	5.0	480.0	308.0	0.0	11.0	271.0	4.0	0.0	2700.0	3.0	83.0	98.0	0.0	22.0	13.0	23.0	0.0	28.0	2.0	3.0	3.0	0.0	5.0	0.0	0.0	2.0	297.0	0.0	13.0	2.0	0.0	0.0	0.0	197.0	0.0	0.0	26.0	13.0	13.0	0.0	69.0	0.0	0.0	0.0	0.0	0.0	5.0	0.0	0.0	0.0	0.0	0.0	0.0	0.0	0.0	0.0	0.0	0.0	0.0	0.0	0.0	0.0	0.0	0.0	0.0	0.0	0.0	0.0	0.0	0.0	0.0	0.0	0.0	0.0	0.0	0.0	0.0	0.0	0.0	0.0	0.0	0.0	0.0	0.0	0.0	0.0	0.0	0.0	0.0	0.0	0.0	0.0	0.0	0.0	0.0	0.0	0.0	0.0	0.0	0.0	0.0	0.0	0.0	0.0	0.0	0.0	0.0	0.0	0.0	0.0	0.0	0.0	0.0	0.0	0.0	0.0	0.0	0.0	0.0	0.0	0.0	0.0	0.0	0.0	0.0	0.0	0.0	0.0	0.0	0.0	0.0	0.0	0.0	0.0	0.0	0.0	0.0	0.0	0.0	0.0	0.0
SRR21723353	1214.0	2449.0	372.0	0.0	1160.0	706.0	18.0	5723.0	2564.0	3455.0	0.0	15.0	86.0	17.0	107.0	103.0	2.0	22.0	6.0	0.0	0.0	757.0	0.0	16.0	24.0	0.0	0.0	5.0	7.0	0.0	0.0	0.0	0.0	0.0	3.0	4.0	0.0	0.0	0.0	74.0	0.0	0.0	0.0	0.0	0.0	2.0	75.0	0.0	0.0	0.0	0.0	0.0	0.0	19.0	0.0	0.0	0.0	2.0	0.0	0.0	0.0	0.0	0.0	0.0	0.0	0.0	0.0	0.0	0.0	0.0	0.0	0.0	0.0	0.0	0.0	0.0	0.0	0.0	0.0	0.0	0.0	0.0	0.0	0.0	0.0	0.0	0.0	0.0	0.0	0.0	0.0	0.0	0.0	0.0	0.0	0.0	0.0	0.0	0.0	0.0	0.0	0.0	0.0	0.0	0.0	0.0	0.0	0.0	0.0	0.0	0.0	0.0	0.0	0.0	0.0	0.0	0.0	0.0	0.0	0.0	0.0	0.0	0.0	0.0	0.0	0.0	0.0	0.0	0.0	0.0	0.0	0.0	0.0	0.0	0.0	0.0	0.0	0.0	0.0	0.0	0.0	0.0	0.0	0.0	0.0	0.0	0.0	0.0	0.0	0.0	0.0	0.0	0.0	0.0
SRR21723355	936.0	3647.0	412.0	0.0	1850.0	2224.0	76.0	4317.0	3997.0	1756.0	13.0	20.0	112.0	73.0	134.0	28.0	0.0	2.0	32.0	0.0	4.0	161.0	0.0	57.0	71.0	0.0	7.0	3.0	0.0	0.0	2.0	0.0	0.0	0.0	3.0	3.0	0.0	0.0	0.0	48.0	3.0	0.0	0.0	0.0	0.0	0.0	20.0	0.0	0.0	7.0	6.0	0.0	0.0	4.0	0.0	0.0	0.0	0.0	0.0	0.0	0.0	0.0	0.0	0.0	0.0	0.0	0.0	0.0	0.0	0.0	0.0	0.0	0.0	0.0	0.0	0.0	0.0	0.0	0.0	0.0	0.0	0.0	0.0	0.0	0.0	0.0	0.0	0.0	0.0	0.0	0.0	0.0	0.0	0.0	0.0	0.0	0.0	0.0	0.0	0.0	0.0	0.0	0.0	0.0	0.0	0.0	0.0	0.0	0.0	0.0	0.0	0.0	0.0	0.0	0.0	0.0	0.0	0.0	0.0	0.0	0.0	0.0	0.0	0.0	0.0	0.0	0.0	0.0	0.0	0.0	0.0	0.0	0.0	0.0	0.0	0.0	0.0	0.0	0.0	0.0	0.0	0.0	0.0	0.0	0.0	0.0	0.0	0.0	0.0	0.0	0.0	0.0	0.0	0.0
SRR21723356	1043.0	1712.0	208.0	0.0	1039.0	1119.0	7.0	4965.0	2326.0	3089.0	0.0	11.0	104.0	20.0	80.0	33.0	0.0	4.0	18.0	4.0	2.0	378.0	0.0	24.0	22.0	0.0	3.0	0.0	0.0	0.0	10.0	0.0	0.0	0.0	0.0	2.0	0.0	0.0	0.0	10.0	0.0	0.0	0.0	0.0	0.0	4.0	0.0	0.0	0.0	3.0	2.0	0.0	0.0	0.0	0.0	0.0	0.0	0.0	0.0	0.0	0.0	0.0	0.0	0.0	0.0	0.0	0.0	0.0	0.0	0.0	0.0	0.0	0.0	0.0	0.0	0.0	0.0	0.0	0.0	0.0	0.0	0.0	0.0	0.0	0.0	0.0	0.0	0.0	0.0	0.0	0.0	0.0	0.0	0.0	0.0	0.0	0.0	0.0	0.0	0.0	0.0	0.0	0.0	0.0	0.0	0.0	0.0	0.0	0.0	0.0	0.0	0.0	0.0	0.0	0.0	0.0	0.0	0.0	0.0	0.0	0.0	0.0	0.0	0.0	0.0	0.0	0.0	0.0	0.0	0.0	0.0	0.0	0.0	0.0	0.0	0.0	0.0	0.0	0.0	0.0	0.0	0.0	0.0	0.0	0.0	0.0	0.0	0.0	0.0	0.0	0.0	0.0	0.0	0.0
SRR21723357	1826.0	4475.0	584.0	0.0	2444.0	3137.0	19.0	6586.0	4185.0	4306.0	13.0	10.0	227.0	74.0	160.0	62.0	2.0	10.0	76.0	0.0	0.0	333.0	0.0	52.0	50.0	0.0	8.0	4.0	27.0	0.0	0.0	0.0	3.0	0.0	0.0	0.0	0.0	0.0	0.0	42.0	0.0	0.0	0.0	0.0	0.0	0.0	0.0	0.0	0.0	0.0	0.0	0.0	7.0	7.0	0.0	0.0	0.0	0.0	0.0	0.0	0.0	0.0	0.0	0.0	0.0	0.0	0.0	0.0	0.0	0.0	0.0	0.0	0.0	0.0	0.0	0.0	0.0	0.0	0.0	0.0	0.0	0.0	0.0	0.0	0.0	0.0	0.0	0.0	0.0	0.0	0.0	0.0	0.0	0.0	0.0	0.0	0.0	0.0	0.0	0.0	0.0	0.0	0.0	0.0	0.0	0.0	0.0	0.0	0.0	0.0	0.0	0.0	0.0	0.0	0.0	0.0	0.0	0.0	0.0	0.0	0.0	0.0	0.0	0.0	0.0	0.0	0.0	0.0	0.0	0.0	0.0	0.0	0.0	0.0	0.0	0.0	0.0	0.0	0.0	0.0	0.0	0.0	0.0	0.0	0.0	0.0	0.0	0.0	0.0	0.0	0.0	0.0	0.0	0.0
SRR21723361	1510.0	1885.0	289.0	0.0	1232.0	688.0	18.0	5110.0	1953.0	2888.0	0.0	7.0	57.0	4.0	61.0	84.0	0.0	17.0	31.0	0.0	0.0	904.0	0.0	45.0	13.0	0.0	0.0	5.0	0.0	2.0	0.0	0.0	6.0	0.0	0.0	0.0	0.0	0.0	0.0	63.0	0.0	0.0	0.0	0.0	0.0	0.0	102.0	0.0	2.0	11.0	0.0	0.0	0.0	26.0	0.0	0.0	0.0	0.0	3.0	0.0	0.0	0.0	0.0	0.0	0.0	0.0	0.0	0.0	0.0	0.0	0.0	0.0	0.0	0.0	0.0	0.0	0.0	0.0	0.0	0.0	0.0	0.0	0.0	0.0	0.0	0.0	0.0	0.0	0.0	0.0	0.0	0.0	0.0	0.0	0.0	0.0	0.0	0.0	0.0	0.0	0.0	0.0	0.0	0.0	0.0	0.0	0.0	0.0	0.0	0.0	0.0	0.0	0.0	0.0	0.0	0.0	0.0	0.0	0.0	0.0	0.0	0.0	0.0	0.0	0.0	0.0	0.0	0.0	0.0	0.0	0.0	0.0	0.0	0.0	0.0	0.0	0.0	0.0	0.0	0.0	0.0	0.0	0.0	0.0	0.0	0.0	0.0	0.0	0.0	0.0	0.0	0.0	0.0	0.0
SRR21723362	855.0	2393.0	486.0	0.0	1243.0	1002.0	33.0	4025.0	2563.0	2861.0	7.0	5.0	115.0	0.0	55.0	0.0	0.0	19.0	14.0	0.0	2.0	336.0	0.0	36.0	15.0	0.0	7.0	3.0	0.0	0.0	0.0	0.0	0.0	0.0	0.0	0.0	0.0	0.0	0.0	30.0	0.0	0.0	0.0	0.0	0.0	0.0	29.0	0.0	0.0	0.0	0.0	0.0	0.0	0.0	0.0	0.0	0.0	0.0	0.0	0.0	0.0	0.0	0.0	0.0	0.0	0.0	0.0	0.0	0.0	0.0	0.0	0.0	0.0	0.0	0.0	0.0	0.0	0.0	0.0	0.0	0.0	0.0	0.0	0.0	0.0	0.0	0.0	0.0	0.0	0.0	0.0	0.0	0.0	0.0	0.0	0.0	0.0	0.0	0.0	0.0	0.0	0.0	0.0	0.0	0.0	0.0	0.0	0.0	0.0	0.0	0.0	0.0	0.0	0.0	0.0	0.0	0.0	0.0	0.0	0.0	0.0	0.0	0.0	0.0	0.0	0.0	0.0	0.0	0.0	0.0	0.0	0.0	0.0	0.0	0.0	0.0	0.0	0.0	0.0	0.0	0.0	0.0	0.0	0.0	0.0	0.0	0.0	0.0	0.0	0.0	0.0	0.0	0.0	0.0
SRR21723363	1331.0	2981.0	540.0	0.0	1710.0	882.0	30.0	4793.0	2870.0	3751.0	12.0	16.0	75.0	11.0	90.0	27.0	0.0	13.0	19.0	0.0	0.0	512.0	0.0	23.0	42.0	0.0	0.0	3.0	3.0	0.0	10.0	0.0	4.0	0.0	0.0	0.0	0.0	0.0	0.0	3.0	0.0	0.0	0.0	3.0	2.0	4.0	56.0	0.0	0.0	0.0	7.0	0.0	0.0	0.0	0.0	3.0	0.0	0.0	0.0	0.0	0.0	0.0	0.0	0.0	0.0	0.0	0.0	0.0	0.0	0.0	0.0	0.0	0.0	0.0	0.0	0.0	0.0	0.0	0.0	0.0	0.0	0.0	0.0	0.0	0.0	0.0	0.0	0.0	0.0	0.0	0.0	0.0	0.0	0.0	0.0	0.0	0.0	0.0	0.0	0.0	0.0	0.0	0.0	0.0	0.0	0.0	0.0	0.0	0.0	0.0	0.0	0.0	0.0	0.0	0.0	0.0	0.0	0.0	0.0	0.0	0.0	0.0	0.0	0.0	0.0	0.0	0.0	0.0	0.0	0.0	0.0	0.0	0.0	0.0	0.0	0.0	0.0	0.0	0.0	0.0	0.0	0.0	0.0	0.0	0.0	0.0	0.0	0.0	0.0	0.0	0.0	0.0	0.0	0.0
SRR21723364	3428.0	8600.0	1301.0	0.0	4942.0	3812.0	44.0	12204.0	8782.0	6353.0	14.0	55.0	351.0	183.0	291.0	192.0	0.0	82.0	215.0	5.0	0.0	1232.0	3.0	81.0	82.0	0.0	16.0	3.0	0.0	0.0	3.0	2.0	5.0	0.0	8.0	0.0	0.0	0.0	0.0	76.0	0.0	0.0	3.0	0.0	8.0	0.0	71.0	0.0	0.0	0.0	7.0	7.0	16.0	37.0	0.0	0.0	0.0	0.0	0.0	0.0	0.0	0.0	3.0	0.0	0.0	0.0	0.0	0.0	0.0	0.0	0.0	0.0	0.0	0.0	0.0	0.0	0.0	0.0	0.0	0.0	0.0	0.0	0.0	0.0	0.0	0.0	0.0	0.0	0.0	0.0	0.0	0.0	0.0	0.0	0.0	0.0	0.0	0.0	0.0	0.0	0.0	0.0	0.0	0.0	0.0	0.0	0.0	0.0	0.0	0.0	0.0	0.0	0.0	0.0	0.0	0.0	0.0	0.0	0.0	0.0	0.0	0.0	0.0	0.0	0.0	0.0	0.0	0.0	0.0	0.0	0.0	0.0	0.0	0.0	0.0	0.0	0.0	0.0	0.0	0.0	0.0	0.0	0.0	0.0	0.0	0.0	0.0	0.0	0.0	0.0	0.0	0.0	0.0	0.0
SRR21723365	1208.0	2424.0	440.0	0.0	1374.0	621.0	30.0	4657.0	2337.0	1943.0	0.0	10.0	132.0	0.0	105.0	79.0	0.0	18.0	10.0	0.0	0.0	441.0	0.0	23.0	44.0	0.0	0.0	0.0	0.0	3.0	5.0	0.0	0.0	0.0	3.0	0.0	0.0	0.0	0.0	36.0	0.0	0.0	0.0	8.0	0.0	3.0	84.0	0.0	0.0	4.0	0.0	0.0	0.0	2.0	0.0	0.0	0.0	0.0	0.0	0.0	0.0	0.0	0.0	0.0	0.0	0.0	0.0	0.0	0.0	0.0	0.0	0.0	0.0	0.0	0.0	0.0	0.0	0.0	0.0	0.0	0.0	0.0	0.0	0.0	0.0	0.0	0.0	0.0	0.0	0.0	0.0	0.0	0.0	0.0	0.0	0.0	0.0	0.0	0.0	0.0	0.0	0.0	0.0	0.0	0.0	0.0	0.0	0.0	0.0	0.0	0.0	0.0	0.0	0.0	0.0	0.0	0.0	0.0	0.0	0.0	0.0	0.0	0.0	0.0	0.0	0.0	0.0	0.0	0.0	0.0	0.0	0.0	0.0	0.0	0.0	0.0	0.0	0.0	0.0	0.0	0.0	0.0	0.0	0.0	0.0	0.0	0.0	0.0	0.0	0.0	0.0	0.0	0.0	0.0
SRR21723366	1435.0	3972.0	1291.0	0.0	2277.0	669.0	70.0	4864.0	4794.0	2439.0	0.0	40.0	213.0	25.0	105.0	273.0	2.0	19.0	42.0	0.0	0.0	573.0	0.0	3.0	14.0	0.0	3.0	6.0	4.0	3.0	0.0	0.0	5.0	0.0	2.0	0.0	0.0	0.0	6.0	91.0	0.0	0.0	0.0	0.0	3.0	0.0	55.0	0.0	0.0	0.0	0.0	0.0	0.0	16.0	0.0	0.0	0.0	0.0	0.0	0.0	0.0	0.0	0.0	0.0	0.0	0.0	0.0	0.0	0.0	0.0	0.0	0.0	0.0	0.0	0.0	0.0	0.0	0.0	0.0	0.0	0.0	0.0	0.0	0.0	0.0	0.0	0.0	0.0	0.0	0.0	0.0	0.0	0.0	0.0	0.0	0.0	0.0	0.0	0.0	0.0	0.0	0.0	0.0	0.0	0.0	0.0	0.0	0.0	0.0	0.0	0.0	0.0	0.0	0.0	0.0	0.0	0.0	0.0	0.0	0.0	0.0	0.0	0.0	0.0	0.0	0.0	0.0	0.0	0.0	0.0	0.0	0.0	0.0	0.0	0.0	0.0	0.0	0.0	0.0	0.0	0.0	0.0	0.0	0.0	0.0	0.0	0.0	0.0	0.0	0.0	0.0	0.0	0.0	0.0
SRR21723369	610.0	4012.0	395.0	0.0	1724.0	902.0	63.0	4073.0	4630.0	1138.0	3.0	30.0	69.0	51.0	71.0	16.0	0.0	58.0	42.0	4.0	0.0	207.0	0.0	44.0	37.0	0.0	4.0	8.0	2.0	0.0	0.0	0.0	0.0	3.0	7.0	4.0	0.0	0.0	3.0	56.0	0.0	0.0	0.0	0.0	3.0	0.0	18.0	2.0	0.0	2.0	0.0	0.0	0.0	3.0	0.0	0.0	0.0	0.0	0.0	0.0	0.0	0.0	0.0	0.0	0.0	0.0	0.0	0.0	0.0	0.0	0.0	0.0	0.0	0.0	0.0	0.0	0.0	0.0	0.0	0.0	0.0	0.0	0.0	0.0	0.0	0.0	0.0	0.0	0.0	0.0	0.0	0.0	0.0	0.0	0.0	0.0	0.0	0.0	0.0	0.0	0.0	0.0	0.0	0.0	0.0	0.0	0.0	0.0	0.0	0.0	0.0	0.0	0.0	0.0	0.0	0.0	0.0	0.0	0.0	0.0	0.0	0.0	0.0	0.0	0.0	0.0	0.0	0.0	0.0	0.0	0.0	0.0	0.0	0.0	0.0	0.0	0.0	0.0	0.0	0.0	0.0	0.0	0.0	0.0	0.0	0.0	0.0	0.0	0.0	0.0	0.0	0.0	0.0	0.0
SRR21723380	555.0	4019.0	924.0	0.0	2553.0	1204.0	38.0	2805.0	4076.0	1073.0	0.0	22.0	69.0	9.0	47.0	9.0	0.0	13.0	76.0	0.0	4.0	74.0	0.0	36.0	30.0	0.0	2.0	4.0	0.0	0.0	0.0	0.0	0.0	0.0	0.0	0.0	0.0	0.0	0.0	42.0	2.0	0.0	0.0	0.0	5.0	0.0	7.0	0.0	0.0	0.0	0.0	0.0	0.0	0.0	0.0	0.0	0.0	0.0	0.0	0.0	0.0	0.0	0.0	0.0	0.0	0.0	0.0	0.0	0.0	0.0	0.0	0.0	0.0	0.0	0.0	0.0	0.0	0.0	0.0	0.0	0.0	0.0	0.0	0.0	0.0	0.0	0.0	0.0	0.0	0.0	0.0	0.0	0.0	0.0	0.0	0.0	0.0	0.0	0.0	0.0	0.0	0.0	0.0	0.0	0.0	0.0	0.0	0.0	0.0	0.0	0.0	0.0	0.0	0.0	0.0	0.0	0.0	0.0	0.0	0.0	0.0	0.0	0.0	0.0	0.0	0.0	0.0	0.0	0.0	0.0	0.0	0.0	0.0	0.0	0.0	0.0	0.0	0.0	0.0	0.0	0.0	0.0	0.0	0.0	0.0	0.0	0.0	0.0	0.0	0.0	0.0	0.0	0.0	0.0
SRR21723401	494.0	3046.0	415.0	0.0	1482.0	2365.0	105.0	3330.0	4968.0	1295.0	0.0	0.0	103.0	85.0	82.0	23.0	0.0	0.0	19.0	0.0	22.0	66.0	0.0	58.0	13.0	0.0	0.0	4.0	14.0	0.0	0.0	0.0	2.0	0.0	0.0	0.0	0.0	0.0	0.0	40.0	0.0	0.0	2.0	0.0	0.0	0.0	3.0	0.0	0.0	5.0	0.0	0.0	0.0	0.0	0.0	0.0	0.0	0.0	0.0	0.0	0.0	0.0	0.0	0.0	0.0	0.0	0.0	0.0	0.0	0.0	0.0	0.0	0.0	0.0	0.0	0.0	0.0	0.0	0.0	0.0	0.0	0.0	0.0	0.0	0.0	0.0	0.0	0.0	0.0	0.0	0.0	0.0	0.0	0.0	0.0	0.0	0.0	0.0	0.0	0.0	0.0	0.0	0.0	0.0	0.0	0.0	0.0	0.0	0.0	0.0	0.0	0.0	0.0	0.0	0.0	0.0	0.0	0.0	0.0	0.0	0.0	0.0	0.0	0.0	0.0	0.0	0.0	0.0	0.0	0.0	0.0	0.0	0.0	0.0	0.0	0.0	0.0	0.0	0.0	0.0	0.0	0.0	0.0	0.0	0.0	0.0	0.0	0.0	0.0	0.0	0.0	0.0	0.0	0.0
SRR21723402	931.0	2877.0	543.0	0.0	1545.0	2117.0	23.0	6384.0	4482.0	3201.0	7.0	10.0	44.0	0.0	109.0	41.0	0.0	38.0	63.0	0.0	0.0	350.0	0.0	79.0	21.0	0.0	0.0	3.0	0.0	0.0	0.0	0.0	0.0	0.0	5.0	0.0	0.0	0.0	0.0	26.0	0.0	0.0	0.0	0.0	0.0	0.0	69.0	0.0	0.0	0.0	4.0	0.0	0.0	12.0	0.0	0.0	0.0	0.0	0.0	0.0	0.0	0.0	0.0	0.0	0.0	0.0	0.0	0.0	0.0	0.0	0.0	0.0	0.0	0.0	0.0	0.0	0.0	0.0	0.0	0.0	0.0	0.0	0.0	0.0	0.0	0.0	0.0	0.0	0.0	0.0	0.0	0.0	0.0	0.0	0.0	0.0	0.0	0.0	0.0	0.0	0.0	0.0	0.0	0.0	0.0	0.0	0.0	0.0	0.0	0.0	0.0	0.0	0.0	0.0	0.0	0.0	0.0	0.0	0.0	0.0	0.0	0.0	0.0	0.0	0.0	0.0	0.0	0.0	0.0	0.0	0.0	0.0	0.0	0.0	0.0	0.0	0.0	0.0	0.0	0.0	0.0	0.0	0.0	0.0	0.0	0.0	0.0	0.0	0.0	0.0	0.0	0.0	0.0	0.0
SRR21723404	673.0	3324.0	351.0	0.0	1445.0	3021.0	61.0	4841.0	4143.0	1512.0	0.0	5.0	116.0	22.0	98.0	0.0	0.0	34.0	29.0	0.0	0.0	241.0	0.0	62.0	38.0	0.0	9.0	0.0	15.0	0.0	0.0	0.0	0.0	0.0	0.0	0.0	0.0	0.0	0.0	43.0	0.0	0.0	0.0	0.0	0.0	0.0	24.0	0.0	0.0	0.0	0.0	0.0	4.0	0.0	0.0	0.0	0.0	0.0	0.0	0.0	0.0	0.0	0.0	0.0	0.0	0.0	0.0	0.0	0.0	0.0	0.0	0.0	0.0	0.0	0.0	0.0	0.0	0.0	0.0	0.0	0.0	0.0	0.0	0.0	0.0	0.0	0.0	0.0	0.0	0.0	0.0	0.0	0.0	0.0	0.0	0.0	0.0	0.0	0.0	0.0	0.0	0.0	0.0	0.0	0.0	0.0	0.0	0.0	0.0	0.0	0.0	0.0	0.0	0.0	0.0	0.0	0.0	0.0	0.0	0.0	0.0	0.0	0.0	0.0	0.0	0.0	0.0	0.0	0.0	0.0	0.0	0.0	0.0	0.0	0.0	0.0	0.0	0.0	0.0	0.0	0.0	0.0	0.0	0.0	0.0	0.0	0.0	0.0	0.0	0.0	0.0	0.0	0.0	0.0
SRR21723405	824.0	2840.0	368.0	0.0	2023.0	2192.0	54.0	6756.0	6141.0	1525.0	14.0	5.0	152.0	26.0	47.0	0.0	0.0	4.0	16.0	0.0	0.0	314.0	0.0	36.0	45.0	0.0	0.0	0.0	14.0	0.0	11.0	0.0	0.0	0.0	0.0	0.0	0.0	0.0	0.0	20.0	0.0	0.0	0.0	0.0	0.0	0.0	42.0	0.0	0.0	0.0	0.0	0.0	0.0	0.0	0.0	0.0	0.0	0.0	0.0	0.0	0.0	0.0	0.0	0.0	0.0	0.0	0.0	0.0	0.0	0.0	0.0	0.0	0.0	0.0	0.0	0.0	0.0	0.0	0.0	0.0	0.0	0.0	0.0	0.0	0.0	0.0	0.0	0.0	0.0	0.0	0.0	0.0	0.0	0.0	0.0	0.0	0.0	0.0	0.0	0.0	0.0	0.0	0.0	0.0	0.0	0.0	0.0	0.0	0.0	0.0	0.0	0.0	0.0	0.0	0.0	0.0	0.0	0.0	0.0	0.0	0.0	0.0	0.0	0.0	0.0	0.0	0.0	0.0	0.0	0.0	0.0	0.0	0.0	0.0	0.0	0.0	0.0	0.0	0.0	0.0	0.0	0.0	0.0	0.0	0.0	0.0	0.0	0.0	0.0	0.0	0.0	0.0	0.0	0.0
SRR21723406	893.0	3730.0	755.0	0.0	2960.0	2901.0	73.0	5184.0	5497.0	2657.0	0.0	10.0	47.0	27.0	70.0	34.0	0.0	45.0	35.0	0.0	0.0	302.0	0.0	70.0	52.0	0.0	0.0	2.0	0.0	0.0	0.0	0.0	0.0	0.0	4.0	0.0	0.0	0.0	0.0	71.0	0.0	0.0	0.0	0.0	0.0	0.0	32.0	0.0	0.0	0.0	4.0	0.0	0.0	0.0	0.0	0.0	0.0	0.0	0.0	0.0	0.0	2.0	0.0	0.0	0.0	0.0	0.0	0.0	0.0	0.0	0.0	0.0	0.0	0.0	0.0	0.0	0.0	0.0	0.0	0.0	0.0	0.0	0.0	0.0	0.0	0.0	0.0	0.0	0.0	0.0	0.0	0.0	0.0	0.0	0.0	0.0	0.0	0.0	0.0	0.0	0.0	0.0	0.0	0.0	0.0	0.0	0.0	0.0	0.0	0.0	0.0	0.0	0.0	0.0	0.0	0.0	0.0	0.0	0.0	0.0	0.0	0.0	0.0	0.0	0.0	0.0	0.0	0.0	0.0	0.0	0.0	0.0	0.0	0.0	0.0	0.0	0.0	0.0	0.0	0.0	0.0	0.0	0.0	0.0	0.0	0.0	0.0	0.0	0.0	0.0	0.0	0.0	0.0	0.0
SRR21723407	486.0	2073.0	453.0	0.0	918.0	1639.0	18.0	4130.0	2521.0	2098.0	0.0	0.0	35.0	0.0	89.0	8.0	0.0	0.0	16.0	0.0	0.0	37.0	0.0	17.0	6.0	0.0	0.0	0.0	0.0	0.0	0.0	0.0	0.0	0.0	0.0	0.0	0.0	0.0	0.0	57.0	0.0	0.0	0.0	0.0	0.0	3.0	0.0	0.0	0.0	0.0	0.0	3.0	0.0	0.0	0.0	0.0	0.0	0.0	0.0	0.0	0.0	0.0	0.0	0.0	0.0	0.0	0.0	0.0	0.0	0.0	0.0	0.0	0.0	0.0	0.0	0.0	0.0	0.0	0.0	0.0	0.0	0.0	0.0	0.0	0.0	0.0	0.0	0.0	0.0	0.0	0.0	0.0	0.0	0.0	0.0	0.0	0.0	0.0	0.0	0.0	0.0	0.0	0.0	0.0	0.0	0.0	0.0	0.0	0.0	0.0	0.0	0.0	0.0	0.0	0.0	0.0	0.0	0.0	0.0	0.0	0.0	0.0	0.0	0.0	0.0	0.0	0.0	0.0	0.0	0.0	0.0	0.0	0.0	0.0	0.0	0.0	0.0	0.0	0.0	0.0	0.0	0.0	0.0	0.0	0.0	0.0	0.0	0.0	0.0	0.0	0.0	0.0	0.0	0.0
SRR21723408	717.0	2477.0	255.0	0.0	1160.0	2321.0	122.0	3977.0	4197.0	1508.0	8.0	3.0	40.0	73.0	57.0	24.0	0.0	0.0	33.0	0.0	0.0	191.0	0.0	66.0	9.0	0.0	6.0	0.0	4.0	0.0	0.0	0.0	0.0	0.0	0.0	0.0	0.0	0.0	0.0	75.0	0.0	7.0	0.0	0.0	0.0	0.0	0.0	0.0	0.0	0.0	0.0	0.0	0.0	0.0	0.0	0.0	0.0	0.0	0.0	0.0	0.0	0.0	0.0	0.0	0.0	0.0	0.0	0.0	0.0	0.0	0.0	0.0	0.0	0.0	0.0	0.0	0.0	0.0	0.0	0.0	0.0	0.0	0.0	0.0	0.0	0.0	0.0	0.0	0.0	0.0	0.0	0.0	0.0	0.0	0.0	0.0	0.0	0.0	0.0	0.0	0.0	0.0	0.0	0.0	0.0	0.0	0.0	0.0	0.0	0.0	0.0	0.0	0.0	0.0	0.0	0.0	0.0	0.0	0.0	0.0	0.0	0.0	0.0	0.0	0.0	0.0	0.0	0.0	0.0	0.0	0.0	0.0	0.0	0.0	0.0	0.0	0.0	0.0	0.0	0.0	0.0	0.0	0.0	0.0	0.0	0.0	0.0	0.0	0.0	0.0	0.0	0.0	0.0	0.0
SRR21723411	724.0	2141.0	248.0	0.0	1383.0	2429.0	44.0	3376.0	3340.0	1647.0	0.0	3.0	71.0	35.0	0.0	0.0	0.0	5.0	6.0	0.0	0.0	176.0	0.0	51.0	46.0	0.0	0.0	0.0	0.0	0.0	0.0	0.0	0.0	0.0	0.0	0.0	0.0	0.0	0.0	43.0	0.0	0.0	0.0	0.0	0.0	2.0	0.0	0.0	0.0	0.0	0.0	0.0	0.0	0.0	0.0	0.0	0.0	0.0	0.0	0.0	0.0	0.0	0.0	0.0	0.0	0.0	0.0	0.0	0.0	0.0	0.0	0.0	0.0	0.0	0.0	0.0	0.0	0.0	0.0	0.0	0.0	0.0	0.0	0.0	0.0	0.0	0.0	0.0	0.0	0.0	0.0	0.0	0.0	0.0	0.0	0.0	0.0	0.0	0.0	0.0	0.0	0.0	0.0	0.0	0.0	0.0	0.0	0.0	0.0	0.0	0.0	0.0	0.0	0.0	0.0	0.0	0.0	0.0	0.0	0.0	0.0	0.0	0.0	0.0	0.0	0.0	0.0	0.0	0.0	0.0	0.0	0.0	0.0	0.0	0.0	0.0	0.0	0.0	0.0	0.0	0.0	0.0	0.0	0.0	0.0	0.0	0.0	0.0	0.0	0.0	0.0	0.0	0.0	0.0
SRR21723413	539.0	2022.0	208.0	0.0	1214.0	1295.0	20.0	3726.0	3048.0	2501.0	0.0	6.0	101.0	57.0	40.0	61.0	0.0	0.0	40.0	0.0	0.0	340.0	0.0	40.0	10.0	0.0	0.0	0.0	0.0	0.0	0.0	0.0	0.0	0.0	0.0	0.0	0.0	0.0	0.0	7.0	0.0	0.0	0.0	0.0	0.0	0.0	30.0	0.0	0.0	9.0	0.0	0.0	0.0	0.0	0.0	0.0	0.0	0.0	0.0	0.0	0.0	0.0	0.0	0.0	0.0	0.0	0.0	0.0	0.0	0.0	0.0	0.0	0.0	0.0	0.0	0.0	0.0	0.0	0.0	0.0	0.0	0.0	0.0	0.0	0.0	0.0	0.0	0.0	0.0	0.0	0.0	0.0	0.0	0.0	0.0	0.0	0.0	0.0	0.0	0.0	0.0	0.0	0.0	0.0	0.0	0.0	0.0	0.0	0.0	0.0	0.0	0.0	0.0	0.0	0.0	0.0	0.0	0.0	0.0	0.0	0.0	0.0	0.0	0.0	0.0	0.0	0.0	0.0	0.0	0.0	0.0	0.0	0.0	0.0	0.0	0.0	0.0	0.0	0.0	0.0	0.0	0.0	0.0	0.0	0.0	0.0	0.0	0.0	0.0	0.0	0.0	0.0	0.0	0.0
SRR21723414	795.0	3448.0	531.0	0.0	2092.0	1959.0	0.0	4545.0	5383.0	2453.0	0.0	4.0	109.0	75.0	142.0	64.0	0.0	3.0	112.0	0.0	0.0	290.0	0.0	85.0	17.0	0.0	7.0	3.0	0.0	0.0	0.0	4.0	0.0	0.0	2.0	9.0	0.0	0.0	3.0	81.0	0.0	0.0	0.0	0.0	0.0	2.0	0.0	0.0	0.0	0.0	3.0	0.0	0.0	0.0	0.0	0.0	0.0	0.0	0.0	0.0	0.0	0.0	0.0	0.0	0.0	0.0	0.0	0.0	0.0	0.0	0.0	0.0	0.0	0.0	0.0	0.0	0.0	0.0	0.0	0.0	0.0	0.0	0.0	0.0	0.0	0.0	0.0	0.0	0.0	0.0	0.0	0.0	0.0	0.0	0.0	0.0	0.0	0.0	0.0	0.0	0.0	0.0	0.0	0.0	0.0	0.0	0.0	0.0	0.0	0.0	0.0	0.0	0.0	0.0	0.0	0.0	0.0	0.0	0.0	0.0	0.0	0.0	0.0	0.0	0.0	0.0	0.0	0.0	0.0	0.0	0.0	0.0	0.0	0.0	0.0	0.0	0.0	0.0	0.0	0.0	0.0	0.0	0.0	0.0	0.0	0.0	0.0	0.0	0.0	0.0	0.0	0.0	0.0	0.0
SRR21723415	772.0	2470.0	332.0	0.0	1689.0	2755.0	5.0	4067.0	3692.0	1792.0	0.0	4.0	117.0	31.0	48.0	14.0	0.0	0.0	52.0	0.0	0.0	62.0	0.0	32.0	33.0	0.0	0.0	0.0	0.0	0.0	0.0	0.0	0.0	0.0	0.0	0.0	0.0	0.0	0.0	48.0	0.0	0.0	0.0	0.0	0.0	0.0	0.0	0.0	0.0	0.0	2.0	0.0	0.0	0.0	0.0	0.0	0.0	0.0	2.0	0.0	0.0	0.0	0.0	0.0	0.0	0.0	0.0	0.0	0.0	0.0	0.0	0.0	0.0	0.0	0.0	0.0	0.0	0.0	0.0	0.0	0.0	0.0	0.0	0.0	0.0	0.0	0.0	0.0	0.0	0.0	0.0	0.0	0.0	0.0	0.0	0.0	0.0	0.0	0.0	0.0	0.0	0.0	0.0	0.0	0.0	0.0	0.0	0.0	0.0	0.0	0.0	0.0	0.0	0.0	0.0	0.0	0.0	0.0	0.0	0.0	0.0	0.0	0.0	0.0	0.0	0.0	0.0	0.0	0.0	0.0	0.0	0.0	0.0	0.0	0.0	0.0	0.0	0.0	0.0	0.0	0.0	0.0	0.0	0.0	0.0	0.0	0.0	0.0	0.0	0.0	0.0	0.0	0.0	0.0
SRR21723418	885.0	2358.0	418.0	0.0	1415.0	405.0	60.0	4706.0	4474.0	2095.0	0.0	0.0	90.0	12.0	59.0	245.0	0.0	0.0	50.0	0.0	0.0	470.0	0.0	26.0	0.0	0.0	0.0	0.0	0.0	0.0	0.0	0.0	0.0	0.0	0.0	0.0	0.0	0.0	0.0	53.0	0.0	0.0	0.0	0.0	0.0	0.0	29.0	0.0	0.0	0.0	0.0	0.0	0.0	0.0	0.0	0.0	0.0	0.0	0.0	0.0	0.0	0.0	0.0	0.0	0.0	0.0	0.0	0.0	0.0	0.0	0.0	0.0	0.0	0.0	0.0	0.0	0.0	0.0	0.0	0.0	0.0	0.0	0.0	0.0	0.0	0.0	0.0	0.0	0.0	0.0	0.0	0.0	0.0	0.0	0.0	0.0	0.0	0.0	0.0	0.0	0.0	0.0	0.0	0.0	0.0	0.0	0.0	0.0	0.0	0.0	0.0	0.0	0.0	0.0	0.0	0.0	0.0	0.0	0.0	0.0	0.0	0.0	0.0	0.0	0.0	0.0	0.0	0.0	0.0	0.0	0.0	0.0	0.0	0.0	0.0	0.0	0.0	0.0	0.0	0.0	0.0	0.0	0.0	0.0	0.0	0.0	0.0	0.0	0.0	0.0	0.0	0.0	0.0	0.0
SRR21723419	1035.0	2027.0	160.0	0.0	1213.0	2290.0	11.0	5606.0	2736.0	3727.0	15.0	0.0	61.0	34.0	105.0	19.0	0.0	15.0	11.0	0.0	0.0	267.0	0.0	28.0	19.0	0.0	0.0	0.0	4.0	0.0	9.0	0.0	0.0	0.0	0.0	0.0	0.0	0.0	0.0	43.0	2.0	0.0	0.0	0.0	0.0	2.0	36.0	0.0	0.0	0.0	0.0	0.0	0.0	0.0	0.0	0.0	0.0	0.0	0.0	0.0	0.0	0.0	0.0	0.0	0.0	0.0	0.0	0.0	0.0	0.0	0.0	0.0	0.0	0.0	0.0	0.0	0.0	0.0	0.0	0.0	0.0	0.0	0.0	0.0	0.0	0.0	0.0	0.0	0.0	0.0	0.0	0.0	0.0	0.0	0.0	0.0	0.0	0.0	0.0	0.0	0.0	0.0	0.0	0.0	0.0	0.0	0.0	0.0	0.0	0.0	0.0	0.0	0.0	0.0	0.0	0.0	0.0	0.0	0.0	0.0	0.0	0.0	0.0	0.0	0.0	0.0	0.0	0.0	0.0	0.0	0.0	0.0	0.0	0.0	0.0	0.0	0.0	0.0	0.0	0.0	0.0	0.0	0.0	0.0	0.0	0.0	0.0	0.0	0.0	0.0	0.0	0.0	0.0	0.0
SRR21723420	855.0	3121.0	895.0	0.0	1826.0	1199.0	59.0	5800.0	5328.0	3261.0	0.0	9.0	59.0	30.0	60.0	131.0	0.0	4.0	41.0	0.0	0.0	452.0	0.0	66.0	27.0	0.0	0.0	0.0	0.0	0.0	0.0	0.0	0.0	0.0	4.0	0.0	0.0	0.0	0.0	45.0	0.0	0.0	0.0	0.0	0.0	0.0	30.0	0.0	0.0	0.0	0.0	0.0	0.0	4.0	0.0	0.0	2.0	0.0	0.0	0.0	0.0	0.0	0.0	0.0	0.0	0.0	0.0	0.0	0.0	0.0	0.0	0.0	0.0	0.0	0.0	0.0	0.0	0.0	0.0	0.0	0.0	0.0	0.0	0.0	0.0	0.0	0.0	0.0	0.0	0.0	0.0	0.0	0.0	0.0	0.0	0.0	0.0	0.0	0.0	0.0	0.0	0.0	0.0	0.0	0.0	0.0	0.0	0.0	0.0	0.0	0.0	0.0	0.0	0.0	0.0	0.0	0.0	0.0	0.0	0.0	0.0	0.0	0.0	0.0	0.0	0.0	0.0	0.0	0.0	0.0	0.0	0.0	0.0	0.0	0.0	0.0	0.0	0.0	0.0	0.0	0.0	0.0	0.0	0.0	0.0	0.0	0.0	0.0	0.0	0.0	0.0	0.0	0.0	0.0
SRR21723421	1035.0	2964.0	894.0	0.0	1838.0	1961.0	15.0	6728.0	3600.0	4623.0	0.0	6.0	79.0	0.0	79.0	55.0	0.0	4.0	17.0	0.0	0.0	720.0	0.0	40.0	39.0	0.0	3.0	0.0	5.0	0.0	11.0	0.0	0.0	0.0	0.0	0.0	0.0	0.0	0.0	87.0	0.0	0.0	0.0	0.0	0.0	0.0	54.0	0.0	0.0	0.0	0.0	0.0	0.0	0.0	0.0	0.0	0.0	0.0	0.0	0.0	0.0	0.0	0.0	0.0	0.0	0.0	0.0	0.0	0.0	0.0	0.0	0.0	0.0	0.0	0.0	0.0	0.0	0.0	0.0	0.0	0.0	0.0	0.0	0.0	0.0	0.0	0.0	0.0	0.0	0.0	0.0	0.0	0.0	0.0	0.0	0.0	0.0	0.0	0.0	0.0	0.0	0.0	0.0	0.0	0.0	0.0	0.0	0.0	0.0	0.0	0.0	0.0	0.0	0.0	0.0	0.0	0.0	0.0	0.0	0.0	0.0	0.0	0.0	0.0	0.0	0.0	0.0	0.0	0.0	0.0	0.0	0.0	0.0	0.0	0.0	0.0	0.0	0.0	0.0	0.0	0.0	0.0	0.0	0.0	0.0	0.0	0.0	0.0	0.0	0.0	0.0	0.0	0.0	0.0
SRR21723422	640.0	3486.0	1419.0	0.0	1953.0	2310.0	2.0	5114.0	6384.0	3239.0	0.0	14.0	130.0	0.0	112.0	20.0	0.0	30.0	34.0	0.0	0.0	209.0	0.0	59.0	42.0	0.0	0.0	0.0	6.0	0.0	0.0	0.0	0.0	0.0	0.0	0.0	0.0	0.0	0.0	17.0	0.0	0.0	0.0	0.0	0.0	0.0	0.0	0.0	0.0	0.0	0.0	0.0	2.0	0.0	0.0	0.0	0.0	0.0	0.0	0.0	0.0	0.0	0.0	0.0	0.0	0.0	0.0	0.0	0.0	0.0	0.0	0.0	0.0	0.0	0.0	0.0	0.0	0.0	0.0	0.0	0.0	0.0	0.0	0.0	0.0	0.0	0.0	0.0	0.0	0.0	0.0	0.0	0.0	0.0	0.0	0.0	0.0	0.0	0.0	0.0	0.0	0.0	0.0	0.0	0.0	0.0	0.0	0.0	0.0	0.0	0.0	0.0	0.0	0.0	0.0	0.0	0.0	0.0	0.0	0.0	0.0	0.0	0.0	0.0	0.0	0.0	0.0	0.0	0.0	0.0	0.0	0.0	0.0	0.0	0.0	0.0	0.0	0.0	0.0	0.0	0.0	0.0	0.0	0.0	0.0	0.0	0.0	0.0	0.0	0.0	0.0	0.0	0.0	0.0
SRR21723423	1279.0	3071.0	608.0	0.0	1803.0	1722.0	32.0	8222.0	3638.0	4566.0	0.0	6.0	159.0	0.0	143.0	114.0	0.0	0.0	92.0	0.0	0.0	1035.0	0.0	53.0	35.0	0.0	0.0	0.0	12.0	0.0	11.0	0.0	0.0	0.0	3.0	0.0	4.0	0.0	0.0	95.0	3.0	0.0	0.0	8.0	0.0	0.0	93.0	0.0	0.0	4.0	0.0	4.0	0.0	0.0	0.0	0.0	0.0	0.0	0.0	0.0	0.0	0.0	0.0	0.0	0.0	0.0	0.0	0.0	0.0	0.0	0.0	0.0	0.0	0.0	0.0	0.0	0.0	0.0	0.0	0.0	0.0	0.0	0.0	0.0	0.0	0.0	0.0	0.0	0.0	0.0	0.0	0.0	0.0	0.0	0.0	0.0	0.0	0.0	0.0	0.0	0.0	0.0	0.0	0.0	0.0	0.0	0.0	0.0	0.0	0.0	0.0	0.0	0.0	0.0	0.0	0.0	0.0	0.0	0.0	0.0	0.0	0.0	0.0	0.0	0.0	0.0	0.0	0.0	0.0	0.0	0.0	0.0	0.0	0.0	0.0	0.0	0.0	0.0	0.0	0.0	0.0	0.0	0.0	0.0	0.0	0.0	0.0	0.0	0.0	0.0	0.0	0.0	0.0	0.0
SRR21723424	959.0	3448.0	936.0	0.0	1688.0	2298.0	45.0	6751.0	4955.0	4360.0	14.0	0.0	97.0	0.0	126.0	59.0	0.0	0.0	63.0	0.0	0.0	551.0	0.0	54.0	39.0	0.0	0.0	0.0	0.0	0.0	0.0	0.0	0.0	0.0	0.0	0.0	0.0	0.0	0.0	34.0	0.0	0.0	0.0	0.0	0.0	0.0	49.0	0.0	0.0	0.0	0.0	0.0	0.0	3.0	0.0	0.0	0.0	0.0	0.0	0.0	0.0	0.0	0.0	0.0	0.0	0.0	0.0	0.0	0.0	0.0	0.0	0.0	0.0	0.0	0.0	0.0	0.0	0.0	0.0	0.0	0.0	0.0	0.0	0.0	0.0	0.0	0.0	0.0	0.0	0.0	0.0	0.0	0.0	0.0	0.0	0.0	0.0	0.0	0.0	0.0	0.0	0.0	0.0	0.0	0.0	0.0	0.0	0.0	0.0	0.0	0.0	0.0	0.0	0.0	0.0	0.0	0.0	0.0	0.0	0.0	0.0	0.0	0.0	0.0	0.0	0.0	0.0	0.0	0.0	0.0	0.0	0.0	0.0	0.0	0.0	0.0	0.0	0.0	0.0	0.0	0.0	0.0	0.0	0.0	0.0	0.0	0.0	0.0	0.0	0.0	0.0	0.0	0.0	0.0
SRR21723425	474.0	1958.0	331.0	0.0	1086.0	371.0	34.0	3579.0	2463.0	2564.0	0.0	4.0	55.0	18.0	46.0	133.0	3.0	0.0	38.0	0.0	3.0	439.0	0.0	2.0	0.0	0.0	0.0	0.0	0.0	0.0	0.0	0.0	10.0	0.0	0.0	0.0	0.0	0.0	0.0	53.0	0.0	0.0	0.0	0.0	0.0	0.0	61.0	0.0	0.0	0.0	0.0	0.0	0.0	5.0	0.0	0.0	0.0	0.0	6.0	0.0	0.0	0.0	0.0	0.0	0.0	0.0	0.0	0.0	0.0	0.0	0.0	0.0	0.0	0.0	0.0	0.0	0.0	0.0	0.0	0.0	0.0	0.0	0.0	0.0	0.0	0.0	0.0	0.0	0.0	0.0	0.0	0.0	0.0	0.0	0.0	0.0	0.0	0.0	0.0	0.0	0.0	0.0	0.0	0.0	0.0	0.0	0.0	0.0	0.0	0.0	0.0	0.0	0.0	0.0	0.0	0.0	0.0	0.0	0.0	0.0	0.0	0.0	0.0	0.0	0.0	0.0	0.0	0.0	0.0	0.0	0.0	0.0	0.0	0.0	0.0	0.0	0.0	0.0	0.0	0.0	0.0	0.0	0.0	0.0	0.0	0.0	0.0	0.0	0.0	0.0	0.0	0.0	0.0	0.0
SRR21723426	746.0	2335.0	454.0	0.0	1150.0	1309.0	16.0	5282.0	3232.0	2912.0	14.0	10.0	130.0	0.0	93.0	100.0	0.0	10.0	32.0	0.0	0.0	446.0	3.0	30.0	19.0	0.0	4.0	0.0	0.0	0.0	0.0	0.0	0.0	0.0	0.0	2.0	0.0	0.0	0.0	46.0	0.0	0.0	0.0	0.0	0.0	0.0	70.0	0.0	0.0	5.0	0.0	0.0	0.0	0.0	0.0	0.0	0.0	0.0	0.0	0.0	0.0	0.0	0.0	0.0	0.0	0.0	0.0	0.0	0.0	0.0	0.0	0.0	0.0	0.0	0.0	0.0	0.0	0.0	0.0	0.0	0.0	0.0	0.0	0.0	0.0	0.0	0.0	0.0	0.0	0.0	0.0	0.0	0.0	0.0	0.0	0.0	0.0	0.0	0.0	0.0	0.0	0.0	0.0	0.0	0.0	0.0	0.0	0.0	0.0	0.0	0.0	0.0	0.0	0.0	0.0	0.0	0.0	0.0	0.0	0.0	0.0	0.0	0.0	0.0	0.0	0.0	0.0	0.0	0.0	0.0	0.0	0.0	0.0	0.0	0.0	0.0	0.0	0.0	0.0	0.0	0.0	0.0	0.0	0.0	0.0	0.0	0.0	0.0	0.0	0.0	0.0	0.0	0.0	0.0
SRR21723429	692.0	2597.0	871.0	0.0	1291.0	1320.0	32.0	5210.0	4688.0	2764.0	6.0	14.0	49.0	5.0	72.0	0.0	0.0	4.0	55.0	0.0	0.0	420.0	0.0	29.0	21.0	0.0	4.0	0.0	8.0	0.0	0.0	0.0	3.0	0.0	2.0	0.0	0.0	0.0	0.0	22.0	0.0	0.0	0.0	0.0	0.0	5.0	25.0	0.0	0.0	0.0	2.0	0.0	0.0	8.0	0.0	0.0	0.0	0.0	0.0	0.0	0.0	0.0	0.0	0.0	0.0	0.0	0.0	0.0	0.0	0.0	0.0	0.0	0.0	0.0	0.0	0.0	0.0	0.0	0.0	0.0	0.0	0.0	0.0	0.0	0.0	0.0	0.0	0.0	0.0	0.0	0.0	0.0	0.0	0.0	0.0	0.0	0.0	0.0	0.0	0.0	0.0	0.0	0.0	0.0	0.0	0.0	0.0	0.0	0.0	0.0	0.0	0.0	0.0	0.0	0.0	0.0	0.0	0.0	0.0	0.0	0.0	0.0	0.0	0.0	0.0	0.0	0.0	0.0	0.0	0.0	0.0	0.0	0.0	0.0	0.0	0.0	0.0	0.0	0.0	0.0	0.0	0.0	0.0	0.0	0.0	0.0	0.0	0.0	0.0	0.0	0.0	0.0	0.0	0.0
SRR21723430	956.0	3302.0	617.0	0.0	1878.0	1666.0	14.0	4287.0	5363.0	2479.0	7.0	7.0	34.0	44.0	50.0	65.0	2.0	8.0	44.0	5.0	0.0	113.0	0.0	71.0	22.0	0.0	0.0	3.0	14.0	0.0	0.0	0.0	2.0	0.0	3.0	0.0	0.0	0.0	0.0	38.0	0.0	0.0	0.0	0.0	0.0	0.0	30.0	0.0	0.0	0.0	6.0	0.0	12.0	0.0	0.0	0.0	0.0	0.0	0.0	0.0	0.0	0.0	0.0	0.0	0.0	0.0	0.0	0.0	0.0	0.0	0.0	0.0	0.0	0.0	0.0	0.0	0.0	0.0	0.0	0.0	0.0	0.0	0.0	0.0	0.0	0.0	0.0	0.0	0.0	0.0	0.0	0.0	0.0	0.0	0.0	0.0	0.0	0.0	0.0	0.0	0.0	0.0	0.0	0.0	0.0	0.0	0.0	0.0	0.0	0.0	0.0	0.0	0.0	0.0	0.0	0.0	0.0	0.0	0.0	0.0	0.0	0.0	0.0	0.0	0.0	0.0	0.0	0.0	0.0	0.0	0.0	0.0	0.0	0.0	0.0	0.0	0.0	0.0	0.0	0.0	0.0	0.0	0.0	0.0	0.0	0.0	0.0	0.0	0.0	0.0	0.0	0.0	0.0	0.0
SRR21723431	390.0	2975.0	779.0	0.0	961.0	1408.0	6.0	2650.0	2889.0	1372.0	0.0	23.0	80.0	0.0	44.0	0.0	0.0	6.0	20.0	0.0	0.0	36.0	0.0	34.0	0.0	0.0	8.0	19.0	0.0	0.0	0.0	0.0	0.0	0.0	4.0	0.0	0.0	0.0	0.0	0.0	0.0	0.0	0.0	0.0	9.0	0.0	0.0	0.0	0.0	0.0	4.0	0.0	0.0	0.0	0.0	0.0	0.0	0.0	0.0	0.0	0.0	0.0	0.0	0.0	0.0	0.0	0.0	0.0	0.0	0.0	0.0	0.0	0.0	0.0	0.0	0.0	0.0	0.0	0.0	0.0	0.0	0.0	0.0	0.0	0.0	0.0	0.0	0.0	0.0	0.0	0.0	0.0	0.0	0.0	0.0	0.0	0.0	0.0	0.0	0.0	0.0	0.0	0.0	0.0	0.0	0.0	0.0	0.0	0.0	0.0	0.0	0.0	0.0	0.0	0.0	0.0	0.0	0.0	0.0	0.0	0.0	0.0	0.0	0.0	0.0	0.0	0.0	0.0	0.0	0.0	0.0	0.0	0.0	0.0	0.0	0.0	0.0	0.0	0.0	0.0	0.0	0.0	0.0	0.0	0.0	0.0	0.0	0.0	0.0	0.0	0.0	0.0	0.0	0.0
SRR21723448	1506.0	3538.0	472.0	0.0	1398.0	2437.0	13.0	5189.0	2712.0	4283.0	0.0	9.0	60.0	13.0	170.0	53.0	0.0	44.0	99.0	5.0	0.0	395.0	3.0	30.0	83.0	0.0	0.0	0.0	12.0	2.0	0.0	0.0	0.0	0.0	4.0	7.0	0.0	0.0	0.0	72.0	0.0	0.0	0.0	0.0	0.0	2.0	37.0	0.0	0.0	0.0	0.0	0.0	0.0	0.0	0.0	0.0	0.0	0.0	0.0	0.0	0.0	0.0	0.0	0.0	0.0	0.0	0.0	0.0	0.0	0.0	0.0	0.0	0.0	0.0	0.0	0.0	0.0	0.0	0.0	0.0	0.0	0.0	0.0	0.0	0.0	0.0	0.0	0.0	0.0	0.0	0.0	0.0	0.0	0.0	0.0	0.0	0.0	0.0	0.0	0.0	0.0	0.0	0.0	0.0	0.0	0.0	0.0	0.0	0.0	0.0	0.0	0.0	0.0	0.0	0.0	0.0	0.0	0.0	0.0	0.0	0.0	0.0	0.0	0.0	0.0	0.0	0.0	0.0	0.0	0.0	0.0	0.0	0.0	0.0	0.0	0.0	0.0	0.0	0.0	0.0	0.0	0.0	0.0	0.0	0.0	0.0	0.0	0.0	0.0	0.0	0.0	0.0	0.0	0.0
SRR21723449	1157.0	3529.0	1216.0	0.0	2501.0	1713.0	91.0	2980.0	4560.0	1590.0	3.0	4.0	115.0	83.0	73.0	27.0	0.0	8.0	72.0	2.0	18.0	213.0	0.0	44.0	14.0	0.0	9.0	6.0	7.0	0.0	0.0	0.0	3.0	0.0	0.0	2.0	0.0	0.0	0.0	49.0	0.0	0.0	6.0	0.0	0.0	0.0	20.0	3.0	0.0	0.0	0.0	0.0	0.0	0.0	0.0	0.0	0.0	0.0	0.0	0.0	0.0	0.0	0.0	0.0	0.0	0.0	0.0	0.0	0.0	0.0	0.0	0.0	0.0	0.0	0.0	0.0	0.0	0.0	0.0	0.0	0.0	0.0	0.0	0.0	0.0	0.0	0.0	0.0	0.0	0.0	0.0	0.0	0.0	0.0	0.0	0.0	0.0	0.0	0.0	0.0	0.0	0.0	0.0	0.0	0.0	0.0	0.0	0.0	0.0	0.0	0.0	0.0	0.0	0.0	0.0	0.0	0.0	0.0	0.0	0.0	0.0	0.0	0.0	0.0	0.0	0.0	0.0	0.0	0.0	0.0	0.0	0.0	0.0	0.0	0.0	0.0	0.0	0.0	0.0	0.0	0.0	0.0	0.0	0.0	0.0	0.0	0.0	0.0	0.0	0.0	0.0	0.0	0.0	0.0
SRR21723450	1435.0	3991.0	341.0	0.0	1970.0	2685.0	23.0	6589.0	4002.0	3250.0	7.0	0.0	116.0	51.0	152.0	63.0	0.0	17.0	104.0	0.0	0.0	379.0	0.0	51.0	17.0	0.0	0.0	7.0	22.0	0.0	8.0	0.0	0.0	2.0	0.0	0.0	0.0	0.0	0.0	19.0	0.0	0.0	0.0	0.0	0.0	0.0	34.0	0.0	0.0	0.0	0.0	3.0	6.0	0.0	0.0	0.0	0.0	0.0	0.0	0.0	0.0	0.0	0.0	0.0	0.0	0.0	0.0	0.0	0.0	0.0	0.0	0.0	0.0	0.0	0.0	0.0	0.0	0.0	0.0	0.0	0.0	0.0	0.0	0.0	0.0	0.0	0.0	0.0	0.0	0.0	0.0	0.0	0.0	0.0	0.0	0.0	0.0	0.0	0.0	0.0	0.0	0.0	0.0	0.0	0.0	0.0	0.0	0.0	0.0	0.0	0.0	0.0	0.0	0.0	0.0	0.0	0.0	0.0	0.0	0.0	0.0	0.0	0.0	0.0	0.0	0.0	0.0	0.0	0.0	0.0	0.0	0.0	0.0	0.0	0.0	0.0	0.0	0.0	0.0	0.0	0.0	0.0	0.0	0.0	0.0	0.0	0.0	0.0	0.0	0.0	0.0	0.0	0.0	0.0
SRR21723451	1182.0	4045.0	308.0	0.0	1942.0	3229.0	45.0	4645.0	3552.0	1565.0	0.0	12.0	139.0	38.0	175.0	3.0	0.0	25.0	30.0	2.0	0.0	119.0	0.0	4.0	41.0	0.0	5.0	5.0	0.0	0.0	0.0	0.0	4.0	0.0	5.0	0.0	0.0	0.0	0.0	49.0	0.0	0.0	0.0	0.0	6.0	0.0	26.0	0.0	0.0	0.0	10.0	0.0	0.0	0.0	0.0	0.0	0.0	0.0	0.0	0.0	0.0	0.0	0.0	0.0	0.0	0.0	0.0	0.0	0.0	0.0	0.0	0.0	0.0	0.0	0.0	0.0	0.0	0.0	0.0	0.0	0.0	0.0	0.0	0.0	0.0	0.0	0.0	0.0	0.0	0.0	0.0	0.0	0.0	0.0	0.0	0.0	0.0	0.0	0.0	0.0	0.0	0.0	0.0	0.0	0.0	0.0	0.0	0.0	0.0	0.0	0.0	0.0	0.0	0.0	0.0	0.0	0.0	0.0	0.0	0.0	0.0	0.0	0.0	0.0	0.0	0.0	0.0	0.0	0.0	0.0	0.0	0.0	0.0	0.0	0.0	0.0	0.0	0.0	0.0	0.0	0.0	0.0	0.0	0.0	0.0	0.0	0.0	0.0	0.0	0.0	0.0	0.0	0.0	0.0
SRR21723452	1025.0	3547.0	750.0	0.0	1504.0	2029.0	14.0	5661.0	2805.0	3619.0	16.0	3.0	74.0	0.0	173.0	46.0	0.0	11.0	3.0	0.0	0.0	426.0	0.0	39.0	20.0	0.0	0.0	2.0	0.0	0.0	3.0	0.0	3.0	0.0	0.0	0.0	0.0	0.0	2.0	25.0	0.0	0.0	0.0	0.0	0.0	0.0	35.0	0.0	0.0	0.0	0.0	0.0	0.0	15.0	0.0	0.0	0.0	0.0	0.0	0.0	0.0	0.0	0.0	0.0	0.0	0.0	0.0	0.0	0.0	0.0	0.0	0.0	0.0	0.0	0.0	0.0	0.0	0.0	0.0	0.0	0.0	0.0	0.0	0.0	0.0	0.0	0.0	0.0	0.0	0.0	0.0	0.0	0.0	0.0	0.0	0.0	0.0	0.0	0.0	0.0	0.0	0.0	0.0	0.0	0.0	0.0	0.0	0.0	0.0	0.0	0.0	0.0	0.0	0.0	0.0	0.0	0.0	0.0	0.0	0.0	0.0	0.0	0.0	0.0	0.0	0.0	0.0	0.0	0.0	0.0	0.0	0.0	0.0	0.0	0.0	0.0	0.0	0.0	0.0	0.0	0.0	0.0	0.0	0.0	0.0	0.0	0.0	0.0	0.0	0.0	0.0	0.0	0.0	0.0
SRR21723453	1509.0	3736.0	526.0	4.0	2278.0	2542.0	75.0	6479.0	3515.0	1987.0	13.0	19.0	181.0	49.0	243.0	28.0	0.0	34.0	66.0	0.0	5.0	448.0	0.0	66.0	66.0	0.0	0.0	4.0	13.0	2.0	0.0	0.0	21.0	0.0	4.0	4.0	0.0	0.0	0.0	74.0	0.0	0.0	0.0	5.0	2.0	3.0	62.0	8.0	0.0	8.0	0.0	0.0	0.0	0.0	0.0	0.0	0.0	0.0	0.0	0.0	0.0	0.0	0.0	0.0	0.0	0.0	0.0	0.0	0.0	0.0	0.0	0.0	0.0	0.0	0.0	0.0	0.0	0.0	0.0	0.0	0.0	0.0	0.0	0.0	0.0	0.0	0.0	0.0	0.0	0.0	0.0	0.0	0.0	0.0	0.0	0.0	0.0	0.0	0.0	0.0	0.0	0.0	0.0	0.0	0.0	0.0	0.0	0.0	0.0	0.0	0.0	0.0	0.0	0.0	0.0	0.0	0.0	0.0	0.0	0.0	0.0	0.0	0.0	0.0	0.0	0.0	0.0	0.0	0.0	0.0	0.0	0.0	0.0	0.0	0.0	0.0	0.0	0.0	0.0	0.0	0.0	0.0	0.0	0.0	0.0	0.0	0.0	0.0	0.0	0.0	0.0	0.0	0.0	0.0
SRR21723454	910.0	2888.0	275.0	0.0	1748.0	1645.0	68.0	6256.0	4706.0	1437.0	14.0	8.0	153.0	103.0	139.0	14.0	0.0	33.0	57.0	0.0	0.0	288.0	0.0	52.0	23.0	0.0	0.0	0.0	13.0	0.0	0.0	0.0	0.0	0.0	0.0	0.0	0.0	0.0	0.0	55.0	0.0	0.0	0.0	0.0	0.0	4.0	11.0	0.0	0.0	7.0	6.0	4.0	0.0	0.0	0.0	0.0	0.0	0.0	0.0	0.0	0.0	0.0	0.0	0.0	0.0	0.0	0.0	0.0	0.0	0.0	0.0	0.0	0.0	0.0	0.0	0.0	0.0	0.0	0.0	0.0	0.0	0.0	0.0	0.0	0.0	0.0	0.0	0.0	0.0	0.0	0.0	0.0	0.0	0.0	0.0	0.0	0.0	0.0	0.0	0.0	0.0	0.0	0.0	0.0	0.0	0.0	0.0	0.0	0.0	0.0	0.0	0.0	0.0	0.0	0.0	0.0	0.0	0.0	0.0	0.0	0.0	0.0	0.0	0.0	0.0	0.0	0.0	0.0	0.0	0.0	0.0	0.0	0.0	0.0	0.0	0.0	0.0	0.0	0.0	0.0	0.0	0.0	0.0	0.0	0.0	0.0	0.0	0.0	0.0	0.0	0.0	0.0	0.0	0.0
SRR21723455	796.0	4216.0	629.0	0.0	1852.0	3091.0	35.0	3891.0	4244.0	1511.0	0.0	14.0	148.0	33.0	120.0	19.0	0.0	47.0	85.0	0.0	0.0	187.0	0.0	48.0	46.0	0.0	18.0	0.0	13.0	0.0	0.0	0.0	2.0	0.0	0.0	0.0	0.0	0.0	0.0	30.0	0.0	0.0	0.0	0.0	0.0	0.0	23.0	0.0	0.0	5.0	0.0	0.0	3.0	0.0	0.0	0.0	0.0	0.0	0.0	0.0	0.0	0.0	0.0	0.0	0.0	0.0	3.0	0.0	0.0	0.0	0.0	0.0	0.0	0.0	0.0	0.0	0.0	0.0	0.0	0.0	0.0	0.0	0.0	0.0	0.0	0.0	0.0	0.0	0.0	0.0	0.0	0.0	0.0	0.0	0.0	0.0	0.0	0.0	0.0	0.0	0.0	0.0	0.0	0.0	0.0	0.0	0.0	0.0	0.0	0.0	0.0	0.0	0.0	0.0	0.0	0.0	0.0	0.0	0.0	0.0	0.0	0.0	0.0	0.0	0.0	0.0	0.0	0.0	0.0	0.0	0.0	0.0	0.0	0.0	0.0	0.0	0.0	0.0	0.0	0.0	0.0	0.0	0.0	0.0	0.0	0.0	0.0	0.0	0.0	0.0	0.0	0.0	0.0	0.0
SRR21723456	1663.0	4879.0	1065.0	0.0	2586.0	2287.0	96.0	7382.0	5064.0	2543.0	28.0	19.0	145.0	4.0	184.0	39.0	0.0	9.0	81.0	0.0	5.0	402.0	5.0	81.0	44.0	0.0	6.0	0.0	19.0	0.0	4.0	0.0	0.0	0.0	0.0	0.0	0.0	0.0	0.0	99.0	0.0	0.0	2.0	0.0	2.0	0.0	66.0	0.0	0.0	14.0	9.0	0.0	0.0	0.0	0.0	0.0	0.0	0.0	0.0	3.0	0.0	0.0	0.0	0.0	0.0	3.0	0.0	0.0	0.0	0.0	0.0	0.0	0.0	0.0	0.0	0.0	0.0	0.0	0.0	0.0	0.0	0.0	0.0	0.0	0.0	0.0	0.0	0.0	0.0	0.0	0.0	0.0	0.0	0.0	0.0	0.0	0.0	0.0	0.0	0.0	0.0	0.0	0.0	0.0	0.0	0.0	0.0	0.0	0.0	0.0	0.0	0.0	0.0	0.0	0.0	0.0	0.0	0.0	0.0	0.0	0.0	0.0	0.0	0.0	0.0	0.0	0.0	0.0	0.0	0.0	0.0	0.0	0.0	0.0	0.0	0.0	0.0	0.0	0.0	0.0	0.0	0.0	0.0	0.0	0.0	0.0	0.0	0.0	0.0	0.0	0.0	0.0	0.0	0.0
SRR21723458	563.0	2889.0	201.0	0.0	2098.0	2376.0	25.0	3926.0	2855.0	1812.0	8.0	6.0	103.0	20.0	70.0	12.0	2.0	19.0	40.0	0.0	0.0	210.0	0.0	22.0	42.0	0.0	7.0	4.0	0.0	0.0	0.0	3.0	6.0	0.0	3.0	0.0	0.0	0.0	0.0	59.0	0.0	0.0	0.0	0.0	0.0	0.0	0.0	3.0	0.0	0.0	7.0	0.0	0.0	0.0	0.0	0.0	0.0	0.0	3.0	0.0	0.0	0.0	0.0	0.0	0.0	0.0	0.0	0.0	0.0	0.0	0.0	0.0	0.0	0.0	0.0	0.0	0.0	0.0	0.0	0.0	0.0	0.0	0.0	0.0	0.0	0.0	0.0	0.0	0.0	0.0	0.0	0.0	0.0	0.0	0.0	0.0	0.0	0.0	0.0	0.0	0.0	0.0	0.0	0.0	0.0	0.0	0.0	0.0	0.0	0.0	0.0	0.0	0.0	0.0	0.0	0.0	0.0	0.0	0.0	0.0	0.0	0.0	0.0	0.0	0.0	0.0	0.0	0.0	0.0	0.0	0.0	0.0	0.0	0.0	0.0	0.0	0.0	0.0	0.0	0.0	0.0	0.0	0.0	0.0	0.0	0.0	0.0	0.0	0.0	0.0	0.0	0.0	0.0	0.0
SRR21723459	582.0	2825.0	368.0	0.0	1718.0	2084.0	30.0	3447.0	3259.0	1341.0	0.0	5.0	78.0	3.0	51.0	0.0	0.0	5.0	37.0	0.0	0.0	95.0	0.0	34.0	33.0	0.0	5.0	0.0	13.0	0.0	0.0	0.0	0.0	0.0	3.0	0.0	0.0	0.0	0.0	22.0	0.0	0.0	5.0	0.0	0.0	3.0	12.0	0.0	0.0	0.0	4.0	0.0	0.0	0.0	0.0	0.0	0.0	0.0	0.0	0.0	0.0	0.0	0.0	0.0	0.0	0.0	0.0	0.0	0.0	0.0	0.0	0.0	0.0	0.0	0.0	0.0	0.0	0.0	0.0	0.0	0.0	0.0	0.0	0.0	0.0	0.0	0.0	0.0	0.0	0.0	0.0	0.0	0.0	0.0	0.0	0.0	0.0	0.0	0.0	0.0	0.0	0.0	0.0	0.0	0.0	0.0	0.0	0.0	0.0	0.0	0.0	0.0	0.0	0.0	0.0	0.0	0.0	0.0	0.0	0.0	0.0	0.0	0.0	0.0	0.0	0.0	0.0	0.0	0.0	0.0	0.0	0.0	0.0	0.0	0.0	0.0	0.0	0.0	0.0	0.0	0.0	0.0	0.0	0.0	0.0	0.0	0.0	0.0	0.0	0.0	0.0	0.0	0.0	0.0
SRR21723460	1042.0	5870.0	843.0	0.0	2424.0	3852.0	55.0	6497.0	5974.0	2800.0	0.0	17.0	215.0	67.0	148.0	33.0	3.0	21.0	116.0	7.0	2.0	291.0	0.0	84.0	70.0	0.0	6.0	7.0	6.0	0.0	0.0	0.0	10.0	0.0	0.0	0.0	0.0	0.0	0.0	85.0	0.0	0.0	0.0	0.0	0.0	0.0	33.0	0.0	0.0	0.0	0.0	0.0	12.0	0.0	0.0	0.0	0.0	0.0	0.0	0.0	0.0	0.0	0.0	0.0	0.0	0.0	0.0	0.0	0.0	0.0	0.0	0.0	0.0	0.0	0.0	0.0	0.0	0.0	0.0	0.0	0.0	0.0	0.0	0.0	0.0	0.0	0.0	0.0	0.0	0.0	0.0	0.0	0.0	0.0	0.0	0.0	0.0	0.0	0.0	0.0	0.0	0.0	0.0	0.0	0.0	0.0	0.0	0.0	0.0	0.0	0.0	0.0	0.0	0.0	0.0	0.0	0.0	0.0	0.0	0.0	0.0	0.0	0.0	0.0	0.0	0.0	0.0	0.0	0.0	0.0	0.0	0.0	0.0	0.0	0.0	0.0	0.0	0.0	0.0	0.0	0.0	0.0	0.0	0.0	0.0	0.0	0.0	0.0	0.0	0.0	0.0	0.0	0.0	0.0
SRR21723461	706.0	2283.0	99.0	0.0	1018.0	2247.0	26.0	2731.0	2139.0	985.0	0.0	6.0	60.0	21.0	76.0	0.0	0.0	12.0	41.0	3.0	0.0	98.0	0.0	16.0	41.0	0.0	0.0	4.0	8.0	0.0	4.0	0.0	3.0	0.0	0.0	0.0	0.0	0.0	0.0	16.0	0.0	0.0	0.0	0.0	0.0	0.0	0.0	0.0	0.0	0.0	0.0	0.0	0.0	0.0	0.0	3.0	0.0	0.0	0.0	0.0	0.0	0.0	0.0	0.0	0.0	0.0	0.0	0.0	0.0	0.0	0.0	0.0	0.0	0.0	0.0	0.0	0.0	0.0	0.0	0.0	0.0	0.0	0.0	0.0	0.0	0.0	0.0	0.0	0.0	0.0	0.0	0.0	0.0	0.0	0.0	0.0	0.0	0.0	0.0	0.0	0.0	0.0	0.0	0.0	0.0	0.0	0.0	0.0	0.0	0.0	0.0	0.0	0.0	0.0	0.0	0.0	0.0	0.0	0.0	0.0	0.0	0.0	0.0	0.0	0.0	0.0	0.0	0.0	0.0	0.0	0.0	0.0	0.0	0.0	0.0	0.0	0.0	0.0	0.0	0.0	0.0	0.0	0.0	0.0	0.0	0.0	0.0	0.0	0.0	0.0	0.0	0.0	0.0	0.0
SRR21723462	1628.0	5566.0	927.0	0.0	2373.0	3423.0	98.0	9024.0	4704.0	4660.0	0.0	10.0	256.0	8.0	166.0	10.0	0.0	61.0	70.0	0.0	0.0	625.0	4.0	53.0	33.0	0.0	17.0	3.0	11.0	0.0	0.0	0.0	0.0	0.0	0.0	5.0	0.0	0.0	0.0	72.0	0.0	0.0	0.0	0.0	0.0	0.0	75.0	4.0	0.0	5.0	0.0	5.0	0.0	0.0	0.0	0.0	0.0	0.0	0.0	0.0	0.0	0.0	0.0	0.0	0.0	0.0	0.0	0.0	0.0	0.0	0.0	0.0	0.0	0.0	0.0	0.0	0.0	0.0	0.0	0.0	0.0	0.0	0.0	0.0	0.0	0.0	0.0	0.0	0.0	0.0	0.0	0.0	0.0	0.0	0.0	0.0	0.0	0.0	0.0	0.0	0.0	0.0	0.0	0.0	0.0	0.0	0.0	0.0	0.0	0.0	0.0	0.0	0.0	0.0	0.0	0.0	0.0	0.0	0.0	0.0	0.0	0.0	0.0	0.0	0.0	0.0	0.0	0.0	0.0	0.0	0.0	0.0	0.0	0.0	0.0	0.0	0.0	0.0	0.0	0.0	0.0	0.0	0.0	0.0	0.0	0.0	0.0	0.0	0.0	0.0	0.0	0.0	0.0	0.0
SRR21723463	858.0	3175.0	606.0	13.0	1296.0	1581.0	21.0	6195.0	2356.0	3122.0	0.0	2.0	65.0	0.0	102.0	4.0	0.0	9.0	42.0	3.0	0.0	276.0	0.0	28.0	31.0	0.0	9.0	2.0	8.0	0.0	0.0	3.0	0.0	0.0	6.0	0.0	0.0	0.0	0.0	29.0	0.0	0.0	0.0	0.0	0.0	0.0	29.0	0.0	0.0	0.0	0.0	0.0	0.0	0.0	0.0	0.0	0.0	0.0	0.0	0.0	0.0	0.0	0.0	0.0	0.0	0.0	0.0	0.0	0.0	0.0	0.0	0.0	0.0	0.0	0.0	0.0	0.0	0.0	0.0	0.0	0.0	0.0	0.0	0.0	0.0	0.0	0.0	0.0	0.0	0.0	0.0	0.0	0.0	0.0	0.0	0.0	0.0	0.0	0.0	0.0	0.0	0.0	0.0	0.0	0.0	0.0	0.0	0.0	0.0	0.0	0.0	0.0	0.0	0.0	0.0	0.0	0.0	0.0	0.0	0.0	0.0	0.0	0.0	0.0	0.0	0.0	0.0	0.0	0.0	0.0	0.0	0.0	0.0	0.0	0.0	0.0	0.0	0.0	0.0	0.0	0.0	0.0	0.0	0.0	0.0	0.0	0.0	0.0	0.0	0.0	0.0	0.0	0.0	0.0
SRR21723471	532.0	2834.0	344.0	0.0	1801.0	1320.0	6.0	3330.0	3019.0	1726.0	0.0	6.0	42.0	16.0	53.0	14.0	0.0	5.0	40.0	2.0	0.0	75.0	0.0	48.0	25.0	0.0	10.0	2.0	0.0	0.0	5.0	0.0	2.0	0.0	2.0	0.0	0.0	0.0	0.0	31.0	0.0	0.0	0.0	0.0	4.0	0.0	0.0	0.0	0.0	0.0	0.0	0.0	0.0	0.0	0.0	0.0	0.0	0.0	0.0	0.0	0.0	0.0	0.0	0.0	0.0	0.0	0.0	0.0	0.0	0.0	0.0	0.0	0.0	0.0	0.0	0.0	0.0	0.0	0.0	0.0	0.0	0.0	0.0	0.0	0.0	0.0	0.0	0.0	0.0	0.0	0.0	0.0	0.0	0.0	0.0	0.0	0.0	0.0	0.0	0.0	0.0	0.0	0.0	0.0	0.0	0.0	0.0	0.0	0.0	0.0	0.0	0.0	0.0	0.0	0.0	0.0	0.0	0.0	0.0	0.0	0.0	0.0	0.0	0.0	0.0	0.0	0.0	0.0	0.0	0.0	0.0	0.0	0.0	0.0	0.0	0.0	0.0	0.0	0.0	0.0	0.0	0.0	0.0	0.0	0.0	0.0	0.0	0.0	0.0	0.0	0.0	0.0	0.0	0.0
SRR21723483	1578.0	4407.0	413.0	0.0	2437.0	2381.0	22.0	6375.0	3631.0	3520.0	0.0	7.0	46.0	0.0	145.0	3.0	0.0	6.0	72.0	0.0	0.0	360.0	0.0	62.0	55.0	0.0	0.0	14.0	9.0	0.0	0.0	4.0	0.0	0.0	10.0	0.0	0.0	0.0	10.0	42.0	0.0	0.0	0.0	3.0	0.0	0.0	48.0	0.0	0.0	0.0	0.0	0.0	0.0	0.0	0.0	0.0	0.0	0.0	2.0	0.0	0.0	0.0	0.0	0.0	0.0	0.0	0.0	0.0	0.0	0.0	0.0	0.0	0.0	0.0	0.0	0.0	0.0	0.0	0.0	0.0	0.0	0.0	0.0	0.0	0.0	0.0	0.0	0.0	0.0	0.0	0.0	0.0	0.0	0.0	0.0	0.0	0.0	0.0	0.0	0.0	0.0	0.0	0.0	0.0	0.0	0.0	0.0	0.0	0.0	0.0	0.0	0.0	0.0	0.0	0.0	0.0	0.0	0.0	0.0	0.0	0.0	0.0	0.0	0.0	0.0	0.0	0.0	0.0	0.0	0.0	0.0	0.0	0.0	0.0	0.0	0.0	0.0	0.0	0.0	0.0	0.0	0.0	0.0	0.0	0.0	0.0	0.0	0.0	0.0	0.0	0.0	0.0	0.0	0.0
SRR21723501	1513.0	8205.0	1230.0	0.0	4079.0	6460.0	69.0	8098.0	8714.0	3966.0	17.0	4.0	167.0	40.0	225.0	52.0	0.0	22.0	135.0	0.0	0.0	380.0	0.0	99.0	53.0	0.0	0.0	2.0	7.0	0.0	0.0	0.0	0.0	0.0	0.0	4.0	0.0	0.0	3.0	215.0	0.0	0.0	0.0	0.0	0.0	0.0	31.0	0.0	0.0	6.0	0.0	4.0	0.0	6.0	0.0	0.0	0.0	0.0	0.0	0.0	0.0	0.0	0.0	0.0	0.0	0.0	0.0	0.0	0.0	0.0	0.0	0.0	0.0	0.0	0.0	0.0	0.0	0.0	0.0	0.0	0.0	0.0	0.0	0.0	0.0	0.0	0.0	0.0	0.0	0.0	0.0	0.0	0.0	0.0	0.0	0.0	0.0	0.0	0.0	0.0	0.0	0.0	0.0	0.0	0.0	0.0	0.0	0.0	0.0	0.0	0.0	0.0	0.0	0.0	0.0	0.0	0.0	0.0	0.0	0.0	0.0	0.0	0.0	0.0	0.0	0.0	0.0	0.0	0.0	0.0	0.0	0.0	0.0	0.0	0.0	0.0	0.0	0.0	0.0	0.0	0.0	0.0	0.0	0.0	0.0	0.0	0.0	0.0	0.0	0.0	0.0	0.0	0.0	0.0
SRR21723515	657.0	4343.0	926.0	0.0	2646.0	2031.0	57.0	3797.0	4636.0	1503.0	0.0	0.0	138.0	0.0	91.0	0.0	0.0	88.0	69.0	8.0	4.0	58.0	0.0	66.0	52.0	0.0	0.0	8.0	0.0	0.0	0.0	0.0	2.0	0.0	0.0	0.0	0.0	0.0	6.0	58.0	0.0	0.0	3.0	0.0	3.0	2.0	12.0	0.0	0.0	0.0	0.0	0.0	0.0	0.0	0.0	0.0	0.0	0.0	0.0	0.0	0.0	0.0	0.0	0.0	0.0	0.0	0.0	0.0	0.0	0.0	0.0	0.0	0.0	0.0	0.0	0.0	0.0	0.0	0.0	0.0	0.0	0.0	0.0	0.0	0.0	0.0	0.0	0.0	0.0	0.0	0.0	0.0	0.0	0.0	0.0	0.0	0.0	0.0	0.0	0.0	0.0	0.0	0.0	0.0	0.0	0.0	0.0	0.0	0.0	0.0	0.0	0.0	0.0	0.0	0.0	0.0	0.0	0.0	0.0	0.0	0.0	0.0	0.0	0.0	0.0	0.0	0.0	0.0	0.0	0.0	0.0	0.0	0.0	0.0	0.0	0.0	0.0	0.0	0.0	0.0	0.0	0.0	0.0	0.0	0.0	0.0	0.0	0.0	0.0	0.0	0.0	0.0	0.0	0.0
SRR21723552	656.0	2078.0	432.0	0.0	2542.0	1181.0	3.0	2945.0	1682.0	2334.0	0.0	6.0	56.0	2.0	29.0	34.0	0.0	0.0	56.0	0.0	0.0	216.0	0.0	21.0	26.0	0.0	0.0	6.0	4.0	0.0	0.0	0.0	0.0	0.0	7.0	0.0	0.0	0.0	0.0	33.0	0.0	0.0	0.0	0.0	9.0	0.0	13.0	0.0	0.0	0.0	0.0	0.0	0.0	0.0	0.0	0.0	0.0	0.0	0.0	0.0	0.0	0.0	0.0	0.0	0.0	0.0	0.0	0.0	0.0	0.0	0.0	0.0	0.0	0.0	0.0	0.0	0.0	0.0	0.0	0.0	0.0	0.0	0.0	0.0	0.0	0.0	0.0	0.0	0.0	0.0	0.0	0.0	0.0	0.0	0.0	0.0	0.0	0.0	0.0	0.0	0.0	0.0	0.0	0.0	0.0	0.0	0.0	0.0	0.0	0.0	0.0	0.0	0.0	0.0	0.0	0.0	0.0	0.0	0.0	0.0	0.0	0.0	0.0	0.0	0.0	0.0	0.0	0.0	0.0	0.0	0.0	0.0	0.0	0.0	0.0	0.0	0.0	0.0	0.0	0.0	0.0	0.0	0.0	0.0	0.0	0.0	0.0	0.0	0.0	0.0	0.0	0.0	0.0	0.0
SRR21723563	1504.0	4307.0	676.0	0.0	2521.0	2324.0	33.0	6621.0	6086.0	4012.0	0.0	18.0	148.0	30.0	139.0	76.0	0.0	39.0	91.0	0.0	0.0	534.0	0.0	55.0	34.0	0.0	8.0	6.0	9.0	3.0	8.0	0.0	3.0	0.0	5.0	0.0	0.0	0.0	0.0	64.0	0.0	0.0	0.0	0.0	8.0	0.0	55.0	0.0	0.0	0.0	0.0	0.0	0.0	16.0	0.0	0.0	0.0	0.0	0.0	0.0	0.0	0.0	0.0	0.0	0.0	0.0	0.0	0.0	0.0	0.0	0.0	0.0	0.0	0.0	0.0	0.0	0.0	0.0	0.0	0.0	0.0	0.0	0.0	0.0	0.0	0.0	0.0	0.0	0.0	0.0	0.0	0.0	0.0	0.0	0.0	0.0	0.0	0.0	0.0	0.0	0.0	0.0	0.0	0.0	0.0	0.0	0.0	0.0	0.0	0.0	0.0	0.0	0.0	0.0	0.0	0.0	0.0	0.0	0.0	0.0	0.0	0.0	0.0	0.0	0.0	0.0	0.0	0.0	0.0	0.0	0.0	0.0	0.0	0.0	0.0	0.0	0.0	0.0	0.0	0.0	0.0	0.0	0.0	0.0	0.0	0.0	0.0	0.0	0.0	0.0	0.0	0.0	0.0	0.0
SRR21723569	847.0	2389.0	265.0	0.0	1172.0	1766.0	2.0	4184.0	2777.0	2611.0	0.0	3.0	80.0	28.0	39.0	11.0	0.0	0.0	43.0	0.0	0.0	231.0	0.0	21.0	30.0	0.0	0.0	0.0	14.0	3.0	0.0	0.0	0.0	0.0	4.0	0.0	0.0	0.0	0.0	62.0	0.0	0.0	0.0	0.0	0.0	0.0	42.0	0.0	0.0	0.0	6.0	0.0	0.0	4.0	0.0	0.0	0.0	0.0	0.0	0.0	0.0	0.0	0.0	0.0	0.0	0.0	0.0	0.0	0.0	0.0	0.0	0.0	0.0	0.0	0.0	0.0	0.0	0.0	0.0	0.0	0.0	0.0	0.0	0.0	0.0	0.0	0.0	0.0	0.0	0.0	0.0	0.0	0.0	0.0	0.0	0.0	0.0	0.0	0.0	0.0	0.0	0.0	0.0	0.0	0.0	0.0	0.0	0.0	0.0	0.0	0.0	0.0	0.0	0.0	0.0	0.0	0.0	0.0	0.0	0.0	0.0	0.0	0.0	0.0	0.0	0.0	0.0	0.0	0.0	0.0	0.0	0.0	0.0	0.0	0.0	0.0	0.0	0.0	0.0	0.0	0.0	0.0	0.0	0.0	0.0	0.0	0.0	0.0	0.0	0.0	0.0	0.0	0.0	0.0
SRR21723580	1178.0	3182.0	365.0	0.0	1892.0	1675.0	20.0	4474.0	3799.0	3749.0	16.0	20.0	107.0	57.0	87.0	68.0	0.0	18.0	49.0	0.0	0.0	332.0	0.0	41.0	47.0	0.0	0.0	7.0	11.0	0.0	8.0	0.0	0.0	0.0	0.0	12.0	0.0	0.0	2.0	47.0	0.0	0.0	0.0	0.0	7.0	0.0	49.0	0.0	0.0	0.0	3.0	0.0	4.0	20.0	0.0	0.0	0.0	0.0	0.0	0.0	0.0	0.0	0.0	0.0	0.0	0.0	0.0	0.0	0.0	0.0	0.0	0.0	0.0	0.0	0.0	0.0	0.0	0.0	0.0	0.0	0.0	0.0	0.0	0.0	0.0	0.0	0.0	0.0	0.0	0.0	0.0	0.0	0.0	0.0	0.0	0.0	0.0	0.0	0.0	0.0	0.0	0.0	0.0	0.0	0.0	0.0	0.0	0.0	0.0	0.0	0.0	0.0	0.0	0.0	0.0	0.0	0.0	0.0	0.0	0.0	0.0	0.0	0.0	0.0	0.0	0.0	0.0	0.0	0.0	0.0	0.0	0.0	0.0	0.0	0.0	0.0	0.0	0.0	0.0	0.0	0.0	0.0	0.0	0.0	0.0	0.0	0.0	0.0	0.0	0.0	0.0	0.0	0.0	0.0
SRR21723601	1803.0	4758.0	528.0	5.0	2475.0	1559.0	48.0	13710.0	5508.0	3526.0	8.0	9.0	168.0	40.0	110.0	208.0	0.0	5.0	44.0	0.0	0.0	842.0	0.0	71.0	22.0	0.0	0.0	0.0	4.0	6.0	20.0	0.0	0.0	0.0	9.0	0.0	0.0	0.0	0.0	77.0	0.0	0.0	0.0	0.0	0.0	0.0	129.0	0.0	0.0	0.0	0.0	0.0	0.0	0.0	0.0	0.0	0.0	0.0	0.0	3.0	0.0	0.0	0.0	0.0	0.0	0.0	0.0	0.0	0.0	0.0	0.0	0.0	0.0	0.0	0.0	0.0	0.0	0.0	0.0	0.0	0.0	0.0	0.0	0.0	0.0	0.0	0.0	0.0	0.0	0.0	0.0	0.0	0.0	0.0	0.0	0.0	0.0	0.0	0.0	0.0	0.0	0.0	0.0	0.0	0.0	0.0	0.0	0.0	0.0	0.0	0.0	0.0	0.0	0.0	0.0	0.0	0.0	0.0	0.0	0.0	0.0	0.0	0.0	0.0	0.0	0.0	0.0	0.0	0.0	0.0	0.0	0.0	0.0	0.0	0.0	0.0	0.0	0.0	0.0	0.0	0.0	0.0	0.0	0.0	0.0	0.0	0.0	0.0	0.0	0.0	0.0	0.0	0.0	0.0
SRR21723602	684.0	2948.0	435.0	0.0	1257.0	2471.0	19.0	5270.0	4384.0	3303.0	0.0	4.0	65.0	0.0	127.0	10.0	0.0	22.0	30.0	0.0	0.0	332.0	0.0	51.0	25.0	0.0	0.0	2.0	4.0	0.0	0.0	0.0	0.0	0.0	0.0	0.0	0.0	0.0	0.0	15.0	0.0	0.0	0.0	0.0	0.0	0.0	31.0	0.0	0.0	0.0	0.0	0.0	0.0	0.0	0.0	0.0	0.0	0.0	0.0	0.0	0.0	0.0	0.0	0.0	0.0	0.0	0.0	0.0	0.0	0.0	0.0	0.0	0.0	0.0	0.0	0.0	0.0	0.0	0.0	0.0	0.0	0.0	0.0	0.0	0.0	0.0	0.0	0.0	0.0	0.0	0.0	0.0	0.0	0.0	0.0	0.0	0.0	0.0	0.0	0.0	0.0	0.0	0.0	0.0	0.0	0.0	0.0	0.0	0.0	0.0	0.0	0.0	0.0	0.0	0.0	0.0	0.0	0.0	0.0	0.0	0.0	0.0	0.0	0.0	0.0	0.0	0.0	0.0	0.0	0.0	0.0	0.0	0.0	0.0	0.0	0.0	0.0	0.0	0.0	0.0	0.0	0.0	0.0	0.0	0.0	0.0	0.0	0.0	0.0	0.0	0.0	0.0	0.0	0.0
SRR21723603	1189.0	2485.0	451.0	0.0	1616.0	985.0	30.0	6237.0	2969.0	1807.0	0.0	0.0	136.0	37.0	113.0	73.0	0.0	4.0	14.0	0.0	0.0	557.0	0.0	23.0	15.0	0.0	0.0	0.0	0.0	0.0	5.0	0.0	0.0	0.0	4.0	0.0	0.0	0.0	5.0	73.0	0.0	0.0	0.0	0.0	0.0	0.0	93.0	0.0	0.0	0.0	0.0	0.0	0.0	14.0	2.0	0.0	0.0	0.0	0.0	0.0	0.0	0.0	0.0	0.0	0.0	0.0	0.0	0.0	0.0	0.0	0.0	0.0	0.0	0.0	0.0	0.0	0.0	0.0	0.0	0.0	0.0	0.0	0.0	0.0	0.0	0.0	0.0	0.0	0.0	0.0	0.0	0.0	0.0	0.0	0.0	0.0	0.0	0.0	0.0	0.0	0.0	0.0	0.0	0.0	0.0	0.0	0.0	0.0	0.0	0.0	0.0	0.0	0.0	0.0	0.0	0.0	0.0	0.0	0.0	0.0	0.0	0.0	0.0	0.0	0.0	0.0	0.0	0.0	0.0	0.0	0.0	0.0	0.0	0.0	0.0	0.0	0.0	0.0	0.0	0.0	0.0	0.0	0.0	0.0	0.0	0.0	0.0	0.0	0.0	0.0	0.0	0.0	0.0	0.0
SRR21723604	834.0	4059.0	350.0	0.0	1894.0	3444.0	49.0	5118.0	3892.0	1950.0	0.0	0.0	71.0	13.0	137.0	0.0	0.0	0.0	55.0	0.0	0.0	248.0	0.0	63.0	59.0	0.0	0.0	0.0	6.0	0.0	0.0	0.0	0.0	0.0	0.0	0.0	0.0	0.0	0.0	19.0	0.0	0.0	3.0	0.0	0.0	0.0	47.0	0.0	0.0	0.0	6.0	0.0	0.0	0.0	0.0	0.0	0.0	0.0	0.0	0.0	0.0	0.0	0.0	0.0	0.0	0.0	0.0	0.0	0.0	0.0	0.0	0.0	0.0	0.0	0.0	0.0	0.0	0.0	0.0	0.0	0.0	0.0	0.0	0.0	0.0	0.0	0.0	0.0	0.0	0.0	0.0	0.0	0.0	0.0	0.0	0.0	0.0	0.0	0.0	0.0	0.0	0.0	0.0	0.0	0.0	0.0	0.0	0.0	0.0	0.0	0.0	0.0	0.0	0.0	0.0	0.0	0.0	0.0	0.0	0.0	0.0	0.0	0.0	0.0	0.0	0.0	0.0	0.0	0.0	0.0	0.0	0.0	0.0	0.0	0.0	0.0	0.0	0.0	0.0	0.0	0.0	0.0	0.0	0.0	0.0	0.0	0.0	0.0	0.0	0.0	0.0	0.0	0.0	0.0
SRR21723606	679.0	2019.0	207.0	0.0	1173.0	1423.0	0.0	4452.0	1912.0	3102.0	0.0	0.0	88.0	0.0	85.0	0.0	0.0	0.0	21.0	0.0	0.0	402.0	0.0	6.0	18.0	0.0	0.0	0.0	0.0	0.0	0.0	0.0	0.0	0.0	0.0	0.0	0.0	0.0	0.0	0.0	0.0	0.0	0.0	0.0	0.0	0.0	0.0	0.0	0.0	0.0	0.0	0.0	0.0	0.0	0.0	0.0	0.0	0.0	0.0	0.0	0.0	0.0	0.0	0.0	0.0	0.0	0.0	0.0	0.0	0.0	0.0	0.0	0.0	0.0	0.0	0.0	0.0	0.0	0.0	0.0	0.0	0.0	0.0	0.0	0.0	0.0	0.0	0.0	0.0	0.0	0.0	0.0	0.0	0.0	0.0	0.0	0.0	0.0	0.0	0.0	0.0	0.0	0.0	0.0	0.0	0.0	0.0	0.0	0.0	0.0	0.0	0.0	0.0	0.0	0.0	0.0	0.0	0.0	0.0	0.0	0.0	0.0	0.0	0.0	0.0	0.0	0.0	0.0	0.0	0.0	0.0	0.0	0.0	0.0	0.0	0.0	0.0	0.0	0.0	0.0	0.0	0.0	0.0	0.0	0.0	0.0	0.0	0.0	0.0	0.0	0.0	0.0	0.0	0.0
SRR21723607	443.0	1754.0	220.0	0.0	1013.0	1193.0	16.0	5301.0	2250.0	2705.0	0.0	0.0	20.0	3.0	64.0	17.0	0.0	19.0	15.0	0.0	0.0	201.0	0.0	7.0	0.0	0.0	0.0	0.0	0.0	0.0	0.0	0.0	0.0	0.0	0.0	0.0	0.0	0.0	0.0	21.0	0.0	0.0	0.0	0.0	0.0	0.0	26.0	0.0	0.0	0.0	0.0	0.0	0.0	0.0	0.0	0.0	0.0	0.0	0.0	0.0	0.0	0.0	0.0	0.0	0.0	0.0	0.0	0.0	0.0	0.0	0.0	0.0	0.0	0.0	0.0	0.0	0.0	0.0	0.0	0.0	0.0	0.0	0.0	0.0	0.0	0.0	0.0	0.0	0.0	0.0	0.0	0.0	0.0	0.0	0.0	0.0	0.0	0.0	0.0	0.0	0.0	0.0	0.0	0.0	0.0	0.0	0.0	0.0	0.0	0.0	0.0	0.0	0.0	0.0	0.0	0.0	0.0	0.0	0.0	0.0	0.0	0.0	0.0	0.0	0.0	0.0	0.0	0.0	0.0	0.0	0.0	0.0	0.0	0.0	0.0	0.0	0.0	0.0	0.0	0.0	0.0	0.0	0.0	0.0	0.0	0.0	0.0	0.0	0.0	0.0	0.0	0.0	0.0	0.0
SRR21723608	477.0	1678.0	343.0	0.0	1327.0	1142.0	11.0	4075.0	2504.0	1933.0	0.0	2.0	103.0	0.0	105.0	0.0	0.0	6.0	9.0	0.0	0.0	212.0	0.0	5.0	12.0	0.0	0.0	0.0	5.0	0.0	0.0	0.0	0.0	0.0	0.0	0.0	0.0	0.0	0.0	0.0	0.0	0.0	0.0	0.0	0.0	0.0	18.0	0.0	0.0	0.0	0.0	0.0	0.0	0.0	0.0	0.0	0.0	0.0	0.0	0.0	0.0	0.0	0.0	0.0	0.0	0.0	0.0	2.0	0.0	0.0	0.0	0.0	0.0	0.0	0.0	0.0	0.0	0.0	0.0	0.0	0.0	0.0	0.0	0.0	0.0	0.0	0.0	0.0	0.0	0.0	0.0	0.0	0.0	0.0	0.0	0.0	0.0	0.0	0.0	0.0	0.0	0.0	0.0	0.0	0.0	0.0	0.0	0.0	0.0	0.0	0.0	0.0	0.0	0.0	0.0	0.0	0.0	0.0	0.0	0.0	0.0	0.0	0.0	0.0	0.0	0.0	0.0	0.0	0.0	0.0	0.0	0.0	0.0	0.0	0.0	0.0	0.0	0.0	0.0	0.0	0.0	0.0	0.0	0.0	0.0	0.0	0.0	0.0	0.0	0.0	0.0	0.0	0.0	0.0
SRR21723609	807.0	2120.0	327.0	0.0	1297.0	474.0	34.0	4754.0	2354.0	1973.0	0.0	6.0	103.0	0.0	106.0	45.0	0.0	0.0	19.0	0.0	0.0	376.0	0.0	2.0	9.0	0.0	0.0	0.0	0.0	0.0	8.0	0.0	0.0	0.0	2.0	0.0	0.0	0.0	0.0	59.0	0.0	0.0	0.0	0.0	0.0	0.0	45.0	0.0	0.0	0.0	2.0	0.0	0.0	0.0	0.0	0.0	0.0	0.0	0.0	0.0	0.0	3.0	0.0	0.0	0.0	0.0	0.0	0.0	0.0	0.0	0.0	0.0	0.0	0.0	0.0	0.0	0.0	0.0	0.0	0.0	0.0	0.0	0.0	0.0	0.0	0.0	0.0	0.0	0.0	0.0	0.0	0.0	0.0	0.0	0.0	0.0	0.0	0.0	0.0	0.0	0.0	0.0	0.0	0.0	0.0	0.0	0.0	0.0	0.0	0.0	0.0	0.0	0.0	0.0	0.0	0.0	0.0	0.0	0.0	0.0	0.0	0.0	0.0	0.0	0.0	0.0	0.0	0.0	0.0	0.0	0.0	0.0	0.0	0.0	0.0	0.0	0.0	0.0	0.0	0.0	0.0	0.0	0.0	0.0	0.0	0.0	0.0	0.0	0.0	0.0	0.0	0.0	0.0	0.0
SRR21723610	1781.0	5793.0	822.0	0.0	2482.0	4050.0	43.0	10776.0	6158.0	6713.0	28.0	26.0	182.0	0.0	165.0	70.0	0.0	44.0	90.0	0.0	0.0	733.0	0.0	80.0	22.0	0.0	14.0	0.0	19.0	0.0	7.0	0.0	0.0	0.0	0.0	0.0	0.0	0.0	0.0	48.0	0.0	0.0	0.0	0.0	0.0	0.0	94.0	0.0	0.0	0.0	0.0	0.0	0.0	13.0	0.0	0.0	0.0	0.0	0.0	0.0	0.0	0.0	0.0	0.0	0.0	0.0	0.0	0.0	0.0	0.0	0.0	0.0	0.0	0.0	0.0	0.0	0.0	0.0	0.0	0.0	0.0	0.0	0.0	0.0	0.0	0.0	0.0	0.0	0.0	0.0	0.0	0.0	0.0	0.0	0.0	0.0	0.0	0.0	0.0	0.0	0.0	0.0	0.0	0.0	0.0	0.0	0.0	0.0	0.0	0.0	0.0	0.0	0.0	0.0	0.0	0.0	0.0	0.0	0.0	0.0	0.0	0.0	0.0	0.0	0.0	0.0	0.0	0.0	0.0	0.0	0.0	0.0	0.0	0.0	0.0	0.0	0.0	0.0	0.0	0.0	0.0	0.0	0.0	0.0	0.0	0.0	0.0	0.0	0.0	0.0	0.0	0.0	0.0	0.0
SRR21723611	766.0	2987.0	427.0	0.0	1529.0	2310.0	41.0	5469.0	2338.0	3716.0	0.0	0.0	135.0	0.0	106.0	59.0	0.0	25.0	59.0	5.0	0.0	336.0	0.0	41.0	21.0	0.0	0.0	0.0	8.0	0.0	0.0	0.0	5.0	0.0	0.0	0.0	0.0	0.0	2.0	19.0	0.0	0.0	0.0	0.0	0.0	0.0	37.0	2.0	0.0	0.0	0.0	0.0	0.0	0.0	0.0	0.0	0.0	0.0	0.0	0.0	0.0	0.0	0.0	0.0	0.0	0.0	0.0	0.0	0.0	0.0	0.0	0.0	0.0	0.0	0.0	0.0	0.0	0.0	0.0	0.0	0.0	0.0	0.0	0.0	0.0	0.0	0.0	0.0	0.0	0.0	0.0	0.0	0.0	0.0	0.0	0.0	0.0	0.0	0.0	0.0	0.0	0.0	0.0	0.0	0.0	0.0	0.0	0.0	0.0	0.0	0.0	0.0	0.0	0.0	0.0	0.0	0.0	0.0	0.0	0.0	0.0	0.0	0.0	0.0	0.0	0.0	0.0	0.0	0.0	0.0	0.0	0.0	0.0	0.0	0.0	0.0	0.0	0.0	0.0	0.0	0.0	0.0	0.0	0.0	0.0	0.0	0.0	0.0	0.0	0.0	0.0	0.0	0.0	0.0
SRR21723612	307.0	2445.0	530.0	0.0	1006.0	2408.0	6.0	3438.0	2780.0	1903.0	0.0	4.0	24.0	8.0	79.0	0.0	0.0	13.0	20.0	0.0	0.0	109.0	0.0	44.0	4.0	0.0	2.0	0.0	3.0	0.0	0.0	0.0	0.0	0.0	0.0	0.0	0.0	0.0	0.0	36.0	0.0	0.0	0.0	0.0	0.0	0.0	11.0	0.0	0.0	3.0	0.0	0.0	0.0	0.0	0.0	0.0	0.0	0.0	0.0	0.0	0.0	0.0	0.0	0.0	0.0	0.0	0.0	0.0	0.0	0.0	0.0	0.0	0.0	0.0	0.0	0.0	0.0	0.0	0.0	0.0	0.0	0.0	0.0	0.0	0.0	0.0	0.0	0.0	0.0	0.0	0.0	0.0	0.0	0.0	0.0	0.0	0.0	0.0	0.0	0.0	0.0	0.0	0.0	0.0	0.0	0.0	0.0	0.0	0.0	0.0	0.0	0.0	0.0	0.0	0.0	0.0	0.0	0.0	0.0	0.0	0.0	0.0	0.0	0.0	0.0	0.0	0.0	0.0	0.0	0.0	0.0	0.0	0.0	0.0	0.0	0.0	0.0	0.0	0.0	0.0	0.0	0.0	0.0	0.0	0.0	0.0	0.0	0.0	0.0	0.0	0.0	0.0	0.0	0.0
SRR21723613	368.0	2543.0	497.0	0.0	1376.0	1806.0	66.0	2630.0	3822.0	1267.0	0.0	12.0	74.0	41.0	79.0	0.0	0.0	25.0	23.0	2.0	0.0	115.0	0.0	48.0	12.0	0.0	6.0	3.0	0.0	0.0	2.0	0.0	0.0	0.0	3.0	0.0	0.0	0.0	0.0	47.0	0.0	0.0	2.0	0.0	0.0	0.0	0.0	0.0	0.0	0.0	7.0	0.0	0.0	0.0	0.0	0.0	0.0	0.0	0.0	0.0	0.0	0.0	0.0	0.0	0.0	0.0	0.0	0.0	0.0	0.0	0.0	0.0	0.0	0.0	0.0	0.0	0.0	0.0	0.0	0.0	0.0	0.0	0.0	0.0	0.0	0.0	0.0	0.0	0.0	0.0	0.0	0.0	0.0	0.0	0.0	0.0	0.0	0.0	0.0	0.0	0.0	0.0	0.0	0.0	0.0	0.0	0.0	0.0	0.0	0.0	0.0	0.0	0.0	0.0	0.0	0.0	0.0	0.0	0.0	0.0	0.0	0.0	0.0	0.0	0.0	0.0	0.0	0.0	0.0	0.0	0.0	0.0	0.0	0.0	0.0	0.0	0.0	0.0	0.0	0.0	0.0	0.0	0.0	0.0	0.0	0.0	0.0	0.0	0.0	0.0	0.0	0.0	0.0	0.0
SRR21723614	804.0	4026.0	636.0	0.0	1922.0	3561.0	70.0	4549.0	5279.0	1971.0	0.0	11.0	58.0	0.0	79.0	19.0	0.0	43.0	37.0	0.0	0.0	191.0	0.0	77.0	41.0	0.0	14.0	0.0	0.0	0.0	0.0	0.0	0.0	0.0	3.0	0.0	0.0	0.0	0.0	55.0	0.0	0.0	0.0	0.0	0.0	0.0	33.0	0.0	0.0	0.0	0.0	2.0	0.0	0.0	0.0	0.0	0.0	0.0	0.0	0.0	0.0	0.0	0.0	0.0	0.0	0.0	0.0	0.0	0.0	0.0	0.0	0.0	0.0	0.0	0.0	0.0	0.0	0.0	0.0	0.0	0.0	0.0	0.0	0.0	0.0	0.0	0.0	0.0	0.0	0.0	0.0	0.0	0.0	0.0	0.0	0.0	0.0	0.0	0.0	0.0	0.0	0.0	0.0	0.0	0.0	0.0	0.0	0.0	0.0	0.0	0.0	0.0	0.0	0.0	0.0	0.0	0.0	0.0	0.0	0.0	0.0	0.0	0.0	0.0	0.0	0.0	0.0	0.0	0.0	0.0	0.0	0.0	0.0	0.0	0.0	0.0	0.0	0.0	0.0	0.0	0.0	0.0	0.0	0.0	0.0	0.0	0.0	0.0	0.0	0.0	0.0	0.0	0.0	0.0
SRR21723615	3283.0	14425.0	3467.0	0.0	7731.0	7433.0	377.0	17674.0	21946.0	5711.0	0.0	45.0	420.0	242.0	355.0	82.0	0.0	99.0	208.0	0.0	30.0	797.0	0.0	287.0	66.0	0.0	24.0	0.0	37.0	0.0	0.0	0.0	0.0	0.0	0.0	0.0	0.0	0.0	0.0	207.0	0.0	0.0	0.0	0.0	7.0	0.0	82.0	0.0	0.0	0.0	0.0	0.0	0.0	0.0	0.0	0.0	0.0	0.0	0.0	0.0	0.0	0.0	0.0	0.0	0.0	0.0	0.0	0.0	0.0	0.0	0.0	0.0	0.0	0.0	0.0	0.0	0.0	0.0	0.0	0.0	0.0	0.0	0.0	0.0	0.0	0.0	0.0	0.0	0.0	0.0	0.0	0.0	0.0	0.0	0.0	0.0	0.0	0.0	0.0	0.0	0.0	0.0	0.0	0.0	0.0	0.0	0.0	0.0	0.0	0.0	0.0	0.0	0.0	0.0	0.0	0.0	0.0	0.0	0.0	0.0	0.0	0.0	0.0	0.0	0.0	0.0	0.0	0.0	0.0	0.0	0.0	0.0	0.0	0.0	0.0	0.0	0.0	0.0	0.0	0.0	0.0	0.0	0.0	0.0	0.0	0.0	0.0	0.0	0.0	0.0	0.0	0.0	0.0	0.0
SRR21723619	1499.0	3436.0	306.0	0.0	1879.0	3131.0	0.0	7796.0	3868.0	3540.0	13.0	0.0	41.0	53.0	167.0	47.0	0.0	29.0	102.0	0.0	0.0	431.0	0.0	58.0	26.0	0.0	0.0	4.0	0.0	0.0	0.0	2.0	0.0	0.0	2.0	0.0	0.0	0.0	0.0	65.0	0.0	0.0	0.0	0.0	0.0	0.0	64.0	0.0	0.0	0.0	0.0	0.0	3.0	15.0	0.0	0.0	0.0	0.0	0.0	0.0	0.0	0.0	0.0	0.0	0.0	0.0	0.0	0.0	0.0	0.0	0.0	0.0	0.0	0.0	0.0	0.0	0.0	0.0	0.0	0.0	0.0	0.0	0.0	0.0	0.0	0.0	0.0	0.0	0.0	0.0	0.0	0.0	0.0	0.0	0.0	0.0	0.0	0.0	0.0	0.0	0.0	0.0	0.0	0.0	0.0	0.0	0.0	0.0	0.0	0.0	0.0	0.0	0.0	0.0	0.0	0.0	0.0	0.0	0.0	0.0	0.0	0.0	0.0	0.0	0.0	0.0	0.0	0.0	0.0	0.0	0.0	0.0	0.0	0.0	0.0	0.0	0.0	0.0	0.0	0.0	0.0	0.0	0.0	0.0	0.0	0.0	0.0	0.0	0.0	0.0	0.0	0.0	0.0	0.0
SRR21723620	1160.0	2554.0	155.0	0.0	1411.0	2921.0	47.0	4795.0	3283.0	2056.0	0.0	8.0	57.0	0.0	33.0	0.0	0.0	2.0	23.0	0.0	0.0	251.0	0.0	51.0	43.0	0.0	0.0	0.0	17.0	0.0	0.0	0.0	5.0	0.0	5.0	0.0	0.0	0.0	0.0	41.0	0.0	0.0	0.0	0.0	3.0	0.0	49.0	0.0	0.0	0.0	0.0	0.0	0.0	2.0	0.0	0.0	0.0	0.0	0.0	0.0	0.0	0.0	0.0	0.0	0.0	0.0	0.0	0.0	0.0	0.0	0.0	0.0	0.0	0.0	0.0	0.0	0.0	0.0	0.0	0.0	0.0	0.0	0.0	0.0	0.0	0.0	0.0	0.0	0.0	0.0	0.0	0.0	0.0	0.0	0.0	0.0	0.0	0.0	0.0	0.0	0.0	0.0	0.0	0.0	0.0	0.0	0.0	0.0	0.0	0.0	0.0	0.0	0.0	0.0	0.0	0.0	0.0	0.0	0.0	0.0	0.0	0.0	0.0	0.0	0.0	0.0	0.0	0.0	0.0	0.0	0.0	0.0	0.0	0.0	0.0	0.0	0.0	0.0	0.0	0.0	0.0	0.0	0.0	0.0	0.0	0.0	0.0	0.0	0.0	0.0	0.0	0.0	0.0	0.0
SRR21723621	648.0	3561.0	641.0	4.0	2303.0	2845.0	97.0	4501.0	5753.0	1774.0	17.0	15.0	133.0	69.0	183.0	0.0	0.0	0.0	90.0	0.0	0.0	339.0	0.0	93.0	15.0	0.0	0.0	0.0	0.0	0.0	0.0	0.0	6.0	0.0	0.0	0.0	0.0	0.0	0.0	71.0	0.0	0.0	0.0	0.0	0.0	0.0	31.0	0.0	0.0	11.0	0.0	0.0	0.0	6.0	0.0	0.0	0.0	0.0	0.0	0.0	0.0	0.0	0.0	0.0	0.0	0.0	0.0	0.0	0.0	0.0	0.0	0.0	0.0	0.0	0.0	0.0	0.0	0.0	0.0	0.0	0.0	0.0	0.0	0.0	0.0	0.0	0.0	0.0	0.0	0.0	0.0	0.0	0.0	0.0	0.0	0.0	0.0	0.0	0.0	0.0	0.0	0.0	0.0	0.0	0.0	0.0	0.0	0.0	0.0	0.0	0.0	0.0	0.0	0.0	0.0	0.0	0.0	0.0	0.0	0.0	0.0	0.0	0.0	0.0	0.0	0.0	0.0	0.0	0.0	0.0	0.0	0.0	0.0	0.0	0.0	0.0	0.0	0.0	0.0	0.0	0.0	0.0	0.0	0.0	0.0	0.0	0.0	0.0	0.0	0.0	0.0	0.0	0.0	0.0
SRR21723623	813.0	2983.0	497.0	0.0	1482.0	2252.0	25.0	4383.0	3901.0	2730.0	3.0	0.0	16.0	44.0	52.0	37.0	0.0	5.0	38.0	0.0	0.0	245.0	2.0	42.0	50.0	0.0	0.0	0.0	2.0	0.0	0.0	0.0	5.0	0.0	0.0	0.0	0.0	0.0	0.0	43.0	0.0	0.0	0.0	0.0	0.0	0.0	15.0	0.0	0.0	0.0	5.0	0.0	0.0	0.0	0.0	0.0	0.0	0.0	0.0	0.0	0.0	0.0	0.0	0.0	0.0	0.0	0.0	0.0	0.0	0.0	0.0	0.0	0.0	0.0	0.0	0.0	0.0	0.0	0.0	0.0	0.0	0.0	0.0	0.0	0.0	0.0	0.0	0.0	0.0	0.0	0.0	0.0	0.0	0.0	0.0	0.0	0.0	0.0	0.0	0.0	0.0	0.0	0.0	0.0	0.0	0.0	0.0	0.0	0.0	0.0	0.0	0.0	0.0	0.0	0.0	0.0	0.0	0.0	0.0	0.0	0.0	0.0	0.0	0.0	0.0	0.0	0.0	0.0	0.0	0.0	0.0	0.0	0.0	0.0	0.0	0.0	0.0	0.0	0.0	0.0	0.0	0.0	0.0	0.0	0.0	0.0	0.0	0.0	0.0	0.0	0.0	0.0	0.0	0.0
SRR21723624	835.0	3047.0	236.0	0.0	2144.0	3288.0	31.0	4525.0	3618.0	2208.0	12.0	0.0	141.0	45.0	112.0	10.0	0.0	6.0	51.0	0.0	0.0	184.0	0.0	49.0	95.0	0.0	0.0	0.0	12.0	0.0	0.0	0.0	0.0	0.0	0.0	0.0	0.0	0.0	0.0	72.0	0.0	0.0	0.0	0.0	0.0	0.0	36.0	2.0	0.0	0.0	0.0	0.0	0.0	0.0	0.0	0.0	0.0	0.0	0.0	0.0	0.0	0.0	0.0	0.0	0.0	0.0	0.0	0.0	0.0	0.0	0.0	0.0	0.0	0.0	0.0	0.0	0.0	0.0	0.0	0.0	0.0	0.0	0.0	0.0	0.0	0.0	0.0	0.0	0.0	0.0	0.0	0.0	0.0	0.0	0.0	0.0	0.0	0.0	0.0	0.0	0.0	0.0	0.0	0.0	0.0	0.0	0.0	0.0	0.0	0.0	0.0	0.0	0.0	0.0	0.0	0.0	0.0	0.0	0.0	0.0	0.0	0.0	0.0	0.0	0.0	0.0	0.0	0.0	0.0	0.0	0.0	0.0	0.0	0.0	0.0	0.0	0.0	0.0	0.0	0.0	0.0	0.0	0.0	0.0	0.0	0.0	0.0	0.0	0.0	0.0	0.0	0.0	0.0	0.0
SRR21723625	603.0	2134.0	425.0	0.0	1377.0	2206.0	11.0	4254.0	3215.0	2570.0	0.0	5.0	98.0	40.0	32.0	18.0	0.0	0.0	44.0	0.0	0.0	218.0	0.0	32.0	37.0	0.0	0.0	0.0	0.0	0.0	0.0	3.0	0.0	0.0	0.0	0.0	0.0	0.0	0.0	32.0	0.0	0.0	0.0	0.0	0.0	0.0	19.0	0.0	0.0	0.0	0.0	0.0	0.0	0.0	0.0	0.0	0.0	0.0	0.0	0.0	0.0	0.0	0.0	0.0	0.0	0.0	0.0	0.0	0.0	0.0	0.0	0.0	0.0	0.0	0.0	0.0	0.0	0.0	0.0	0.0	0.0	0.0	0.0	0.0	0.0	0.0	0.0	0.0	0.0	0.0	0.0	0.0	0.0	0.0	0.0	0.0	0.0	0.0	0.0	0.0	0.0	0.0	0.0	0.0	0.0	0.0	0.0	0.0	0.0	0.0	0.0	0.0	0.0	0.0	0.0	0.0	0.0	0.0	0.0	0.0	0.0	0.0	0.0	0.0	0.0	0.0	0.0	0.0	0.0	0.0	0.0	0.0	0.0	0.0	0.0	0.0	0.0	0.0	0.0	0.0	0.0	0.0	0.0	0.0	0.0	0.0	0.0	0.0	0.0	0.0	0.0	0.0	0.0	0.0
SRR21723626	689.0	1710.0	204.0	0.0	1149.0	1217.0	8.0	4248.0	2330.0	2239.0	9.0	2.0	52.0	27.0	8.0	0.0	0.0	0.0	18.0	0.0	0.0	370.0	0.0	24.0	20.0	0.0	8.0	0.0	0.0	0.0	0.0	0.0	0.0	0.0	0.0	0.0	0.0	0.0	0.0	24.0	0.0	0.0	0.0	0.0	0.0	0.0	38.0	0.0	0.0	0.0	0.0	0.0	0.0	0.0	0.0	0.0	0.0	0.0	0.0	0.0	0.0	0.0	0.0	0.0	0.0	0.0	0.0	0.0	0.0	0.0	0.0	0.0	0.0	0.0	0.0	0.0	0.0	0.0	0.0	0.0	0.0	0.0	0.0	0.0	0.0	0.0	0.0	0.0	0.0	0.0	0.0	0.0	0.0	0.0	0.0	0.0	0.0	0.0	0.0	0.0	0.0	0.0	0.0	0.0	0.0	0.0	0.0	0.0	0.0	0.0	0.0	0.0	0.0	0.0	0.0	0.0	0.0	0.0	0.0	0.0	0.0	0.0	0.0	0.0	0.0	0.0	0.0	0.0	0.0	0.0	0.0	0.0	0.0	0.0	0.0	0.0	0.0	0.0	0.0	0.0	0.0	0.0	0.0	0.0	0.0	0.0	0.0	0.0	0.0	0.0	0.0	0.0	0.0	0.0
SRR21723627	599.0	1809.0	146.0	0.0	1250.0	1571.0	64.0	3753.0	2478.0	1424.0	0.0	2.0	19.0	0.0	92.0	0.0	0.0	0.0	46.0	0.0	22.0	248.0	0.0	24.0	5.0	0.0	0.0	3.0	0.0	0.0	0.0	0.0	5.0	0.0	0.0	0.0	0.0	0.0	0.0	31.0	0.0	0.0	0.0	0.0	0.0	0.0	56.0	0.0	0.0	10.0	0.0	0.0	0.0	0.0	0.0	0.0	0.0	0.0	0.0	0.0	0.0	0.0	0.0	0.0	0.0	0.0	0.0	0.0	0.0	0.0	0.0	0.0	0.0	0.0	0.0	0.0	0.0	0.0	0.0	0.0	0.0	0.0	0.0	0.0	0.0	0.0	0.0	0.0	0.0	0.0	0.0	0.0	0.0	0.0	0.0	0.0	0.0	0.0	0.0	0.0	0.0	0.0	0.0	0.0	0.0	0.0	0.0	0.0	0.0	0.0	0.0	0.0	0.0	0.0	0.0	0.0	0.0	0.0	0.0	0.0	0.0	0.0	0.0	0.0	0.0	0.0	0.0	0.0	0.0	0.0	0.0	0.0	0.0	0.0	0.0	0.0	0.0	0.0	0.0	0.0	0.0	0.0	0.0	0.0	0.0	0.0	0.0	0.0	0.0	0.0	0.0	0.0	0.0	0.0
SRR21723628	729.0	2554.0	273.0	0.0	1305.0	2437.0	6.0	4150.0	2491.0	1998.0	0.0	0.0	81.0	22.0	85.0	14.0	0.0	15.0	21.0	2.0	0.0	262.0	0.0	23.0	16.0	0.0	0.0	0.0	24.0	0.0	0.0	0.0	3.0	0.0	0.0	0.0	0.0	0.0	0.0	43.0	0.0	0.0	3.0	0.0	0.0	0.0	29.0	0.0	0.0	0.0	0.0	0.0	0.0	6.0	0.0	0.0	0.0	0.0	0.0	0.0	0.0	0.0	0.0	0.0	0.0	0.0	0.0	0.0	0.0	0.0	0.0	0.0	0.0	0.0	0.0	0.0	0.0	0.0	0.0	0.0	0.0	0.0	0.0	0.0	0.0	0.0	0.0	0.0	0.0	0.0	0.0	0.0	0.0	0.0	0.0	0.0	0.0	0.0	0.0	0.0	0.0	0.0	0.0	0.0	0.0	0.0	0.0	0.0	0.0	0.0	0.0	0.0	0.0	0.0	0.0	0.0	0.0	0.0	0.0	0.0	0.0	0.0	0.0	0.0	0.0	0.0	0.0	0.0	0.0	0.0	0.0	0.0	0.0	0.0	0.0	0.0	0.0	0.0	0.0	0.0	0.0	0.0	0.0	0.0	0.0	0.0	0.0	0.0	0.0	0.0	0.0	0.0	0.0	0.0
SRR21723629	444.0	2189.0	552.0	0.0	1630.0	1403.0	32.0	2607.0	3607.0	2233.0	0.0	18.0	39.0	0.0	35.0	17.0	0.0	0.0	53.0	0.0	0.0	88.0	0.0	23.0	22.0	0.0	5.0	0.0	12.0	0.0	0.0	0.0	0.0	0.0	3.0	2.0	0.0	0.0	0.0	23.0	0.0	0.0	0.0	0.0	0.0	0.0	0.0	0.0	0.0	0.0	0.0	0.0	0.0	0.0	0.0	0.0	0.0	0.0	0.0	0.0	0.0	0.0	0.0	0.0	0.0	0.0	0.0	0.0	0.0	0.0	0.0	0.0	0.0	0.0	0.0	0.0	0.0	0.0	0.0	0.0	0.0	0.0	0.0	0.0	0.0	0.0	0.0	0.0	0.0	0.0	0.0	0.0	0.0	0.0	0.0	0.0	0.0	0.0	0.0	0.0	0.0	0.0	0.0	0.0	0.0	0.0	0.0	0.0	0.0	0.0	0.0	0.0	0.0	0.0	0.0	0.0	0.0	0.0	0.0	0.0	0.0	0.0	0.0	0.0	0.0	0.0	0.0	0.0	0.0	0.0	0.0	0.0	0.0	0.0	0.0	0.0	0.0	0.0	0.0	0.0	0.0	0.0	0.0	0.0	0.0	0.0	0.0	0.0	0.0	0.0	0.0	0.0	0.0	0.0
SRR21723630	465.0	1584.0	305.0	0.0	780.0	1753.0	7.0	2399.0	1710.0	1390.0	0.0	9.0	25.0	0.0	93.0	0.0	0.0	23.0	17.0	0.0	2.0	116.0	0.0	25.0	14.0	0.0	0.0	0.0	0.0	0.0	0.0	0.0	0.0	0.0	0.0	0.0	0.0	0.0	0.0	36.0	0.0	0.0	0.0	0.0	0.0	0.0	0.0	0.0	0.0	0.0	4.0	0.0	0.0	0.0	0.0	0.0	0.0	0.0	0.0	0.0	0.0	0.0	0.0	0.0	0.0	0.0	0.0	0.0	0.0	0.0	0.0	0.0	0.0	0.0	0.0	0.0	0.0	0.0	0.0	0.0	0.0	0.0	0.0	0.0	0.0	0.0	0.0	0.0	0.0	0.0	0.0	0.0	0.0	0.0	0.0	0.0	0.0	0.0	0.0	0.0	0.0	0.0	0.0	0.0	0.0	0.0	0.0	0.0	0.0	0.0	0.0	0.0	0.0	0.0	0.0	0.0	0.0	0.0	0.0	0.0	0.0	0.0	0.0	0.0	0.0	0.0	0.0	0.0	0.0	0.0	0.0	0.0	0.0	0.0	0.0	0.0	0.0	0.0	0.0	0.0	0.0	0.0	0.0	0.0	0.0	0.0	0.0	0.0	0.0	0.0	0.0	0.0	0.0	0.0
SRR21723631	474.0	2245.0	446.0	0.0	1500.0	2153.0	20.0	2886.0	2967.0	1909.0	4.0	0.0	15.0	0.0	7.0	20.0	0.0	4.0	50.0	0.0	0.0	68.0	0.0	39.0	19.0	0.0	0.0	0.0	0.0	0.0	0.0	0.0	0.0	0.0	0.0	0.0	0.0	0.0	0.0	44.0	0.0	4.0	0.0	0.0	0.0	0.0	0.0	0.0	0.0	0.0	0.0	0.0	0.0	0.0	0.0	0.0	0.0	0.0	0.0	0.0	0.0	0.0	0.0	0.0	0.0	0.0	0.0	0.0	0.0	0.0	0.0	0.0	0.0	0.0	0.0	0.0	0.0	0.0	0.0	0.0	0.0	0.0	0.0	0.0	0.0	0.0	0.0	0.0	0.0	0.0	0.0	0.0	0.0	0.0	0.0	0.0	0.0	0.0	0.0	0.0	0.0	0.0	0.0	0.0	0.0	0.0	0.0	0.0	0.0	0.0	0.0	0.0	0.0	0.0	0.0	0.0	0.0	0.0	0.0	0.0	0.0	0.0	0.0	0.0	0.0	0.0	0.0	0.0	0.0	0.0	0.0	0.0	0.0	0.0	0.0	0.0	0.0	0.0	0.0	0.0	0.0	0.0	0.0	0.0	0.0	0.0	0.0	0.0	0.0	0.0	0.0	0.0	0.0	0.0
SRR21723632	916.0	2047.0	380.0	0.0	1342.0	1646.0	11.0	3651.0	2446.0	3577.0	11.0	0.0	80.0	20.0	40.0	18.0	0.0	27.0	65.0	0.0	0.0	326.0	0.0	34.0	105.0	0.0	0.0	0.0	0.0	0.0	0.0	0.0	0.0	0.0	3.0	2.0	0.0	0.0	0.0	48.0	0.0	0.0	0.0	0.0	0.0	0.0	39.0	0.0	0.0	0.0	0.0	0.0	0.0	0.0	0.0	0.0	0.0	0.0	0.0	0.0	0.0	0.0	0.0	0.0	0.0	0.0	0.0	0.0	0.0	0.0	0.0	0.0	0.0	0.0	0.0	0.0	0.0	0.0	0.0	0.0	0.0	0.0	0.0	0.0	0.0	0.0	0.0	0.0	0.0	0.0	0.0	0.0	0.0	0.0	0.0	0.0	0.0	0.0	0.0	0.0	0.0	0.0	0.0	0.0	0.0	0.0	0.0	0.0	0.0	0.0	0.0	0.0	0.0	0.0	0.0	0.0	0.0	0.0	0.0	0.0	0.0	0.0	0.0	0.0	0.0	0.0	0.0	0.0	0.0	0.0	0.0	0.0	0.0	0.0	0.0	0.0	0.0	0.0	0.0	0.0	0.0	0.0	0.0	0.0	0.0	0.0	0.0	0.0	0.0	0.0	0.0	0.0	0.0	0.0
SRR21723633	768.0	5365.0	1119.0	0.0	1640.0	2277.0	41.0	4550.0	6344.0	2256.0	0.0	25.0	119.0	0.0	81.0	16.0	0.0	20.0	61.0	0.0	0.0	179.0	0.0	70.0	15.0	0.0	8.0	0.0	0.0	0.0	0.0	0.0	0.0	0.0	3.0	0.0	0.0	0.0	0.0	19.0	0.0	0.0	0.0	0.0	0.0	0.0	0.0	0.0	0.0	0.0	7.0	0.0	0.0	0.0	0.0	0.0	0.0	0.0	0.0	0.0	0.0	0.0	0.0	0.0	0.0	0.0	0.0	0.0	0.0	0.0	0.0	0.0	0.0	0.0	0.0	0.0	0.0	0.0	0.0	0.0	0.0	0.0	0.0	0.0	0.0	0.0	0.0	0.0	0.0	0.0	0.0	0.0	0.0	0.0	0.0	0.0	0.0	0.0	0.0	0.0	0.0	0.0	0.0	0.0	0.0	0.0	0.0	0.0	0.0	0.0	0.0	0.0	0.0	0.0	0.0	0.0	0.0	0.0	0.0	0.0	0.0	0.0	0.0	0.0	0.0	0.0	0.0	0.0	0.0	0.0	0.0	0.0	0.0	0.0	0.0	0.0	0.0	0.0	0.0	0.0	0.0	0.0	0.0	0.0	0.0	0.0	0.0	0.0	0.0	0.0	0.0	0.0	0.0	0.0
SRR21723634	605.0	3189.0	565.0	0.0	1030.0	2355.0	22.0	5970.0	4722.0	1890.0	0.0	5.0	61.0	0.0	48.0	10.0	2.0	26.0	17.0	4.0	0.0	299.0	0.0	46.0	19.0	0.0	0.0	0.0	11.0	0.0	0.0	0.0	0.0	0.0	7.0	0.0	0.0	0.0	4.0	0.0	0.0	0.0	2.0	0.0	0.0	3.0	12.0	0.0	0.0	0.0	0.0	0.0	0.0	3.0	0.0	0.0	0.0	0.0	0.0	0.0	0.0	0.0	0.0	2.0	0.0	0.0	0.0	0.0	0.0	0.0	0.0	0.0	0.0	0.0	0.0	0.0	0.0	0.0	0.0	0.0	0.0	0.0	0.0	0.0	0.0	0.0	0.0	0.0	0.0	0.0	0.0	0.0	0.0	0.0	0.0	0.0	0.0	0.0	0.0	0.0	0.0	0.0	0.0	0.0	0.0	0.0	0.0	0.0	0.0	0.0	0.0	0.0	0.0	0.0	0.0	0.0	0.0	0.0	0.0	0.0	0.0	0.0	0.0	0.0	0.0	0.0	0.0	0.0	0.0	0.0	0.0	0.0	0.0	0.0	0.0	0.0	0.0	0.0	0.0	0.0	0.0	0.0	0.0	0.0	0.0	0.0	0.0	0.0	0.0	0.0	0.0	0.0	0.0	0.0
SRR21723636	391.0	3176.0	1130.0	0.0	1764.0	3473.0	23.0	3690.0	6356.0	1813.0	0.0	14.0	42.0	0.0	53.0	0.0	0.0	20.0	41.0	0.0	0.0	52.0	0.0	65.0	6.0	0.0	22.0	0.0	0.0	0.0	0.0	0.0	0.0	2.0	0.0	0.0	0.0	0.0	0.0	46.0	0.0	0.0	2.0	0.0	6.0	0.0	0.0	0.0	0.0	0.0	0.0	0.0	0.0	0.0	0.0	0.0	0.0	0.0	0.0	0.0	0.0	0.0	0.0	0.0	0.0	0.0	0.0	0.0	0.0	0.0	0.0	0.0	0.0	0.0	0.0	0.0	0.0	0.0	0.0	0.0	0.0	0.0	0.0	0.0	0.0	0.0	0.0	0.0	0.0	0.0	0.0	0.0	0.0	0.0	0.0	0.0	0.0	0.0	0.0	0.0	0.0	0.0	0.0	0.0	0.0	0.0	0.0	0.0	0.0	0.0	0.0	0.0	0.0	0.0	0.0	0.0	0.0	0.0	0.0	0.0	0.0	0.0	0.0	0.0	0.0	0.0	0.0	0.0	0.0	0.0	0.0	0.0	0.0	0.0	0.0	0.0	0.0	0.0	0.0	0.0	0.0	0.0	0.0	0.0	0.0	0.0	0.0	0.0	0.0	0.0	0.0	0.0	0.0	0.0
SRR21723637	1204.0	3852.0	927.0	0.0	2026.0	778.0	51.0	5626.0	4818.0	2507.0	5.0	19.0	74.0	19.0	112.0	147.0	0.0	10.0	62.0	3.0	0.0	478.0	2.0	43.0	22.0	0.0	0.0	3.0	5.0	0.0	0.0	0.0	0.0	0.0	0.0	0.0	2.0	0.0	0.0	91.0	0.0	0.0	0.0	3.0	3.0	0.0	54.0	0.0	0.0	12.0	8.0	0.0	3.0	0.0	0.0	0.0	0.0	0.0	0.0	0.0	0.0	0.0	0.0	0.0	0.0	2.0	0.0	0.0	0.0	0.0	0.0	0.0	0.0	0.0	0.0	0.0	0.0	0.0	0.0	0.0	0.0	0.0	0.0	0.0	0.0	0.0	0.0	0.0	0.0	0.0	0.0	0.0	0.0	0.0	0.0	0.0	0.0	0.0	0.0	0.0	0.0	0.0	0.0	0.0	0.0	0.0	0.0	0.0	0.0	0.0	0.0	0.0	0.0	0.0	0.0	0.0	0.0	0.0	0.0	0.0	0.0	0.0	0.0	0.0	0.0	0.0	0.0	0.0	0.0	0.0	0.0	0.0	0.0	0.0	0.0	0.0	0.0	0.0	0.0	0.0	0.0	0.0	0.0	0.0	0.0	0.0	0.0	0.0	0.0	0.0	0.0	0.0	0.0	0.0
SRR21723638	935.0	5761.0	1228.0	0.0	2322.0	1917.0	76.0	4611.0	5157.0	3299.0	0.0	28.0	97.0	0.0	95.0	12.0	0.0	13.0	45.0	0.0	0.0	249.0	2.0	63.0	17.0	0.0	8.0	6.0	0.0	0.0	0.0	0.0	0.0	0.0	2.0	0.0	0.0	0.0	0.0	14.0	0.0	0.0	0.0	0.0	0.0	0.0	0.0	0.0	0.0	0.0	10.0	0.0	0.0	2.0	0.0	0.0	0.0	0.0	0.0	0.0	0.0	0.0	0.0	0.0	0.0	0.0	0.0	0.0	0.0	0.0	0.0	0.0	0.0	0.0	0.0	0.0	0.0	0.0	0.0	0.0	0.0	0.0	0.0	0.0	0.0	0.0	0.0	0.0	0.0	0.0	0.0	0.0	0.0	0.0	0.0	0.0	0.0	0.0	0.0	0.0	0.0	0.0	0.0	0.0	0.0	0.0	0.0	0.0	0.0	0.0	0.0	0.0	0.0	0.0	0.0	0.0	0.0	0.0	0.0	0.0	0.0	0.0	0.0	0.0	0.0	0.0	0.0	0.0	0.0	0.0	0.0	0.0	0.0	0.0	0.0	0.0	0.0	0.0	0.0	0.0	0.0	0.0	0.0	0.0	0.0	0.0	0.0	0.0	0.0	0.0	0.0	0.0	0.0	0.0
SRR21723639	865.0	3144.0	567.0	0.0	1448.0	894.0	19.0	4262.0	3636.0	1787.0	0.0	17.0	55.0	10.0	37.0	35.0	0.0	5.0	9.0	0.0	0.0	202.0	0.0	33.0	2.0	0.0	0.0	0.0	3.0	0.0	0.0	0.0	0.0	3.0	4.0	0.0	0.0	0.0	0.0	36.0	0.0	0.0	0.0	0.0	2.0	0.0	41.0	0.0	0.0	0.0	6.0	0.0	0.0	0.0	0.0	0.0	0.0	0.0	2.0	0.0	0.0	0.0	0.0	0.0	0.0	0.0	0.0	0.0	0.0	0.0	0.0	0.0	0.0	0.0	0.0	0.0	0.0	0.0	0.0	0.0	0.0	0.0	0.0	0.0	0.0	0.0	0.0	0.0	0.0	0.0	0.0	0.0	0.0	0.0	0.0	0.0	0.0	0.0	0.0	0.0	0.0	0.0	0.0	0.0	0.0	0.0	0.0	0.0	0.0	0.0	0.0	0.0	0.0	0.0	0.0	0.0	0.0	0.0	0.0	0.0	0.0	0.0	0.0	0.0	0.0	0.0	0.0	0.0	0.0	0.0	0.0	0.0	0.0	0.0	0.0	0.0	0.0	0.0	0.0	0.0	0.0	0.0	0.0	0.0	0.0	0.0	0.0	0.0	0.0	0.0	0.0	0.0	0.0	0.0
SRR21723640	2843.0	6630.0	1312.0	0.0	3297.0	1953.0	58.0	12094.0	7499.0	4665.0	37.0	18.0	268.0	68.0	142.0	235.0	0.0	79.0	62.0	0.0	3.0	1156.0	4.0	69.0	28.0	0.0	13.0	6.0	13.0	0.0	9.0	0.0	5.0	0.0	2.0	0.0	0.0	0.0	0.0	85.0	0.0	0.0	2.0	11.0	2.0	0.0	117.0	0.0	0.0	0.0	0.0	0.0	7.0	0.0	0.0	0.0	0.0	0.0	0.0	0.0	0.0	3.0	0.0	0.0	0.0	0.0	0.0	0.0	0.0	0.0	0.0	0.0	0.0	0.0	0.0	0.0	0.0	0.0	0.0	0.0	0.0	0.0	0.0	0.0	0.0	0.0	0.0	0.0	0.0	0.0	0.0	0.0	0.0	0.0	0.0	0.0	0.0	0.0	0.0	0.0	0.0	0.0	0.0	0.0	0.0	0.0	0.0	0.0	0.0	0.0	0.0	0.0	0.0	0.0	0.0	0.0	0.0	0.0	0.0	0.0	0.0	0.0	0.0	0.0	0.0	0.0	0.0	0.0	0.0	0.0	0.0	0.0	0.0	0.0	0.0	0.0	0.0	0.0	0.0	0.0	0.0	0.0	0.0	0.0	0.0	0.0	0.0	0.0	0.0	0.0	0.0	0.0	0.0	0.0
SRR21723641	666.0	3022.0	513.0	0.0	1047.0	753.0	29.0	4030.0	3705.0	1697.0	3.0	0.0	85.0	20.0	29.0	78.0	0.0	0.0	15.0	4.0	0.0	163.0	2.0	71.0	15.0	0.0	0.0	11.0	0.0	0.0	0.0	0.0	0.0	0.0	0.0	3.0	0.0	0.0	0.0	37.0	0.0	0.0	3.0	0.0	3.0	0.0	26.0	0.0	0.0	7.0	0.0	0.0	0.0	0.0	0.0	0.0	0.0	0.0	0.0	0.0	0.0	3.0	0.0	0.0	0.0	0.0	0.0	0.0	0.0	0.0	0.0	0.0	0.0	0.0	0.0	0.0	0.0	0.0	0.0	0.0	0.0	0.0	0.0	0.0	0.0	0.0	0.0	0.0	0.0	0.0	0.0	0.0	0.0	0.0	0.0	0.0	0.0	0.0	0.0	0.0	0.0	0.0	0.0	0.0	0.0	0.0	0.0	0.0	0.0	0.0	0.0	0.0	0.0	0.0	0.0	0.0	0.0	0.0	0.0	0.0	0.0	0.0	0.0	0.0	0.0	0.0	0.0	0.0	0.0	0.0	0.0	0.0	0.0	0.0	0.0	0.0	0.0	0.0	0.0	0.0	0.0	0.0	0.0	0.0	0.0	0.0	0.0	0.0	0.0	0.0	0.0	0.0	0.0	0.0
SRR21723643	889.0	7360.0	1501.0	0.0	2628.0	3571.0	48.0	6805.0	6598.0	4481.0	0.0	37.0	161.0	0.0	137.0	0.0	0.0	11.0	38.0	4.0	0.0	308.0	0.0	98.0	21.0	0.0	22.0	2.0	0.0	0.0	0.0	0.0	0.0	6.0	0.0	0.0	0.0	0.0	0.0	23.0	0.0	0.0	0.0	0.0	0.0	0.0	19.0	0.0	0.0	0.0	0.0	0.0	0.0	2.0	0.0	0.0	0.0	0.0	0.0	0.0	0.0	0.0	0.0	0.0	0.0	0.0	0.0	0.0	0.0	0.0	0.0	0.0	0.0	0.0	0.0	0.0	0.0	0.0	0.0	0.0	0.0	0.0	0.0	0.0	0.0	0.0	0.0	0.0	0.0	0.0	0.0	0.0	0.0	0.0	0.0	0.0	0.0	0.0	0.0	0.0	0.0	0.0	0.0	0.0	0.0	0.0	0.0	0.0	0.0	0.0	0.0	0.0	0.0	0.0	0.0	0.0	0.0	0.0	0.0	0.0	0.0	0.0	0.0	0.0	0.0	0.0	0.0	0.0	0.0	0.0	0.0	0.0	0.0	0.0	0.0	0.0	0.0	0.0	0.0	0.0	0.0	0.0	0.0	0.0	0.0	0.0	0.0	0.0	0.0	0.0	0.0	0.0	0.0	0.0
SRR21723644	826.0	4969.0	888.0	0.0	1555.0	2526.0	43.0	4979.0	5004.0	3108.0	0.0	16.0	109.0	5.0	124.0	0.0	0.0	20.0	31.0	0.0	0.0	298.0	0.0	109.0	3.0	0.0	12.0	4.0	2.0	0.0	0.0	0.0	2.0	0.0	7.0	0.0	0.0	0.0	0.0	12.0	0.0	0.0	0.0	0.0	2.0	0.0	0.0	0.0	0.0	0.0	0.0	0.0	0.0	0.0	0.0	0.0	0.0	0.0	0.0	0.0	0.0	0.0	0.0	0.0	0.0	0.0	0.0	0.0	0.0	0.0	0.0	0.0	0.0	0.0	0.0	0.0	0.0	0.0	0.0	0.0	0.0	0.0	0.0	0.0	0.0	0.0	0.0	0.0	0.0	0.0	0.0	0.0	0.0	0.0	0.0	0.0	0.0	0.0	0.0	0.0	0.0	0.0	0.0	0.0	0.0	0.0	0.0	0.0	0.0	0.0	0.0	0.0	0.0	0.0	0.0	0.0	0.0	0.0	0.0	0.0	0.0	0.0	0.0	0.0	0.0	0.0	0.0	0.0	0.0	0.0	0.0	0.0	0.0	0.0	0.0	0.0	0.0	0.0	0.0	0.0	0.0	0.0	0.0	0.0	0.0	0.0	0.0	0.0	0.0	0.0	0.0	0.0	0.0	0.0
SRR21723645	1689.0	3090.0	324.0	4.0	1753.0	2426.0	10.0	7182.0	3971.0	5395.0	0.0	2.0	62.0	25.0	132.0	113.0	3.0	35.0	55.0	0.0	3.0	560.0	2.0	48.0	33.0	0.0	0.0	0.0	4.0	0.0	17.0	0.0	0.0	0.0	10.0	0.0	0.0	0.0	0.0	69.0	0.0	0.0	0.0	0.0	0.0	0.0	72.0	0.0	0.0	0.0	9.0	0.0	0.0	8.0	0.0	0.0	0.0	0.0	2.0	0.0	0.0	0.0	0.0	0.0	0.0	2.0	0.0	0.0	0.0	0.0	0.0	0.0	0.0	0.0	0.0	0.0	0.0	0.0	0.0	0.0	0.0	0.0	0.0	0.0	0.0	0.0	0.0	0.0	0.0	0.0	0.0	0.0	0.0	0.0	0.0	0.0	0.0	0.0	0.0	0.0	0.0	0.0	0.0	0.0	0.0	0.0	0.0	0.0	0.0	0.0	0.0	0.0	0.0	0.0	0.0	0.0	0.0	0.0	0.0	0.0	0.0	0.0	0.0	0.0	0.0	0.0	0.0	0.0	0.0	0.0	0.0	0.0	0.0	0.0	0.0	0.0	0.0	0.0	0.0	0.0	0.0	0.0	0.0	0.0	0.0	0.0	0.0	0.0	0.0	0.0	0.0	0.0	0.0	0.0
SRR21723647	563.0	4105.0	2014.0	0.0	1974.0	2963.0	9.0	4299.0	7900.0	2422.0	3.0	14.0	54.0	0.0	34.0	0.0	0.0	2.0	3.0	0.0	0.0	77.0	0.0	34.0	5.0	0.0	0.0	0.0	0.0	0.0	0.0	0.0	0.0	5.0	0.0	0.0	0.0	0.0	0.0	14.0	0.0	0.0	0.0	0.0	5.0	0.0	0.0	0.0	0.0	0.0	0.0	0.0	0.0	0.0	0.0	0.0	0.0	0.0	0.0	0.0	0.0	0.0	0.0	0.0	0.0	0.0	0.0	0.0	0.0	0.0	0.0	0.0	0.0	0.0	0.0	0.0	0.0	0.0	0.0	0.0	0.0	0.0	0.0	0.0	0.0	0.0	0.0	0.0	0.0	0.0	0.0	0.0	0.0	0.0	0.0	0.0	0.0	0.0	0.0	0.0	0.0	0.0	0.0	0.0	0.0	0.0	0.0	0.0	0.0	0.0	0.0	0.0	0.0	0.0	0.0	0.0	0.0	0.0	0.0	0.0	0.0	0.0	0.0	0.0	0.0	0.0	0.0	0.0	0.0	0.0	0.0	0.0	0.0	0.0	0.0	0.0	0.0	0.0	0.0	0.0	0.0	0.0	0.0	0.0	0.0	0.0	0.0	0.0	0.0	0.0	0.0	0.0	0.0	0.0
SRR21723658	2122.0	5291.0	738.0	0.0	3092.0	3134.0	55.0	10156.0	4262.0	4060.0	0.0	13.0	56.0	14.0	99.0	30.0	0.0	38.0	135.0	2.0	0.0	432.0	0.0	39.0	78.0	0.0	12.0	3.0	11.0	0.0	0.0	0.0	8.0	0.0	17.0	0.0	0.0	0.0	0.0	92.0	0.0	0.0	0.0	0.0	2.0	3.0	41.0	0.0	0.0	2.0	0.0	0.0	0.0	15.0	0.0	0.0	0.0	0.0	0.0	6.0	0.0	0.0	0.0	0.0	0.0	0.0	0.0	0.0	0.0	0.0	0.0	0.0	0.0	0.0	0.0	0.0	0.0	0.0	0.0	0.0	0.0	0.0	0.0	0.0	0.0	0.0	0.0	0.0	0.0	0.0	0.0	0.0	0.0	0.0	0.0	0.0	0.0	0.0	0.0	0.0	0.0	0.0	0.0	0.0	0.0	0.0	0.0	0.0	0.0	0.0	0.0	0.0	0.0	0.0	0.0	0.0	0.0	0.0	0.0	0.0	0.0	0.0	0.0	0.0	0.0	0.0	0.0	0.0	0.0	0.0	0.0	0.0	0.0	0.0	0.0	0.0	0.0	0.0	0.0	0.0	0.0	0.0	0.0	0.0	0.0	0.0	0.0	0.0	0.0	0.0	0.0	0.0	0.0	0.0
SRR11143351	1551.0	3643.0	1106.0	0.0	2871.0	717.0	106.0	1593.0	5015.0	829.0	0.0	0.0	234.0	140.0	183.0	0.0	56.0	67.0	551.0	0.0	0.0	254.0	278.0	362.0	0.0	0.0	0.0	25.0	0.0	0.0	0.0	152.0	0.0	558.0	0.0	0.0	0.0	0.0	16.0	154.0	0.0	0.0	0.0	0.0	166.0	262.0	0.0	0.0	0.0	26.0	10.0	0.0	0.0	0.0	0.0	0.0	0.0	0.0	31.0	0.0	0.0	0.0	0.0	0.0	18.0	0.0	0.0	0.0	0.0	635.0	4.0	22.0	0.0	0.0	0.0	0.0	0.0	25.0	0.0	0.0	0.0	0.0	0.0	0.0	0.0	0.0	0.0	0.0	0.0	0.0	0.0	0.0	0.0	0.0	0.0	0.0	0.0	0.0	0.0	0.0	0.0	0.0	0.0	0.0	0.0	0.0	0.0	0.0	0.0	0.0	0.0	0.0	0.0	0.0	0.0	0.0	0.0	0.0	0.0	0.0	0.0	0.0	0.0	0.0	0.0	0.0	0.0	0.0	0.0	0.0	0.0	0.0	0.0	0.0	0.0	0.0	0.0	0.0	0.0	0.0	0.0	0.0	0.0	0.0	0.0	0.0	0.0	0.0	0.0	0.0	0.0	0.0	0.0	0.0
SRR11143441	289.0	1488.0	601.0	13.0	923.0	282.0	0.0	1697.0	2905.0	219.0	0.0	0.0	132.0	56.0	234.0	91.0	430.0	0.0	226.0	0.0	12.0	199.0	314.0	14.0	0.0	0.0	0.0	0.0	0.0	0.0	0.0	85.0	0.0	374.0	0.0	0.0	0.0	0.0	0.0	23.0	0.0	0.0	0.0	0.0	0.0	543.0	0.0	0.0	0.0	41.0	0.0	0.0	0.0	0.0	30.0	0.0	0.0	0.0	68.0	0.0	0.0	0.0	0.0	0.0	0.0	17.0	0.0	0.0	0.0	0.0	0.0	0.0	0.0	0.0	0.0	0.0	0.0	0.0	2.0	0.0	0.0	0.0	0.0	0.0	0.0	0.0	0.0	0.0	0.0	0.0	0.0	0.0	0.0	0.0	0.0	0.0	0.0	0.0	0.0	0.0	0.0	0.0	0.0	0.0	0.0	0.0	0.0	0.0	0.0	0.0	0.0	0.0	0.0	0.0	0.0	0.0	0.0	0.0	0.0	0.0	0.0	0.0	0.0	0.0	0.0	0.0	0.0	0.0	0.0	0.0	0.0	0.0	0.0	0.0	0.0	0.0	0.0	0.0	0.0	0.0	0.0	0.0	0.0	0.0	0.0	0.0	0.0	0.0	0.0	0.0	0.0	0.0	0.0	0.0
SRR11143442	1128.0	2668.0	4296.0	0.0	3307.0	4900.0	60.0	300.0	1016.0	613.0	0.0	0.0	1698.0	216.0	1844.0	0.0	0.0	303.0	123.0	0.0	0.0	0.0	783.0	523.0	0.0	0.0	0.0	160.0	0.0	0.0	0.0	351.0	124.0	27.0	105.0	142.0	0.0	0.0	127.0	341.0	5.0	0.0	0.0	0.0	0.0	309.0	0.0	0.0	0.0	46.0	82.0	0.0	0.0	0.0	0.0	0.0	0.0	0.0	0.0	27.0	0.0	0.0	0.0	0.0	0.0	0.0	0.0	0.0	0.0	346.0	69.0	34.0	34.0	44.0	0.0	0.0	0.0	0.0	0.0	0.0	50.0	0.0	0.0	0.0	0.0	0.0	0.0	0.0	0.0	0.0	0.0	0.0	0.0	0.0	0.0	0.0	0.0	0.0	0.0	0.0	0.0	0.0	0.0	0.0	0.0	0.0	0.0	0.0	0.0	0.0	0.0	0.0	0.0	0.0	0.0	0.0	0.0	0.0	0.0	0.0	0.0	0.0	0.0	0.0	0.0	0.0	0.0	0.0	0.0	0.0	0.0	0.0	0.0	0.0	0.0	0.0	0.0	0.0	0.0	0.0	0.0	0.0	0.0	0.0	0.0	0.0	0.0	0.0	0.0	0.0	0.0	0.0	0.0	0.0
SRR11143443	1234.0	2396.0	3420.0	0.0	2915.0	4101.0	61.0	153.0	505.0	399.0	35.0	0.0	1049.0	121.0	2121.0	0.0	0.0	280.0	159.0	0.0	0.0	0.0	706.0	666.0	0.0	0.0	0.0	28.0	31.0	0.0	0.0	391.0	74.0	0.0	99.0	115.0	0.0	0.0	157.0	250.0	16.0	0.0	0.0	0.0	0.0	324.0	18.0	0.0	0.0	0.0	97.0	0.0	0.0	0.0	0.0	0.0	0.0	0.0	0.0	46.0	0.0	0.0	0.0	0.0	0.0	0.0	0.0	0.0	0.0	667.0	693.0	31.0	34.0	0.0	0.0	0.0	0.0	0.0	0.0	0.0	45.0	0.0	0.0	0.0	0.0	0.0	0.0	0.0	0.0	0.0	0.0	0.0	0.0	0.0	0.0	0.0	0.0	0.0	0.0	0.0	0.0	0.0	0.0	0.0	0.0	0.0	0.0	0.0	0.0	0.0	0.0	0.0	0.0	0.0	0.0	0.0	0.0	0.0	0.0	0.0	0.0	0.0	0.0	0.0	0.0	0.0	0.0	0.0	0.0	0.0	0.0	0.0	0.0	0.0	0.0	0.0	0.0	0.0	0.0	0.0	0.0	0.0	0.0	0.0	0.0	0.0	0.0	0.0	0.0	0.0	0.0	0.0	0.0	0.0
SRR11143444	994.0	1783.0	3440.0	0.0	2256.0	3629.0	0.0	258.0	821.0	418.0	19.0	0.0	995.0	131.0	1406.0	0.0	0.0	190.0	121.0	0.0	0.0	0.0	663.0	698.0	0.0	0.0	0.0	23.0	35.0	0.0	0.0	326.0	28.0	26.0	71.0	84.0	0.0	0.0	0.0	208.0	0.0	0.0	0.0	0.0	9.0	301.0	0.0	0.0	0.0	63.0	21.0	0.0	0.0	0.0	0.0	0.0	0.0	0.0	0.0	0.0	0.0	0.0	0.0	0.0	0.0	0.0	0.0	56.0	0.0	160.0	15.0	26.0	0.0	0.0	0.0	0.0	0.0	0.0	0.0	0.0	34.0	0.0	0.0	0.0	0.0	0.0	0.0	0.0	0.0	0.0	0.0	0.0	0.0	0.0	0.0	0.0	0.0	0.0	0.0	0.0	0.0	0.0	0.0	0.0	0.0	0.0	0.0	0.0	0.0	0.0	0.0	0.0	0.0	0.0	0.0	0.0	0.0	0.0	0.0	0.0	0.0	0.0	0.0	0.0	0.0	0.0	0.0	0.0	0.0	0.0	0.0	0.0	0.0	0.0	0.0	0.0	0.0	0.0	0.0	0.0	0.0	0.0	0.0	0.0	0.0	0.0	0.0	0.0	0.0	0.0	0.0	0.0	0.0	0.0
SRR11143445	1599.0	3251.0	3314.0	0.0	3194.0	4929.0	155.0	597.0	1411.0	952.0	0.0	0.0	853.0	70.0	1357.0	0.0	62.0	341.0	44.0	0.0	0.0	16.0	715.0	763.0	0.0	0.0	0.0	181.0	38.0	0.0	0.0	628.0	47.0	49.0	34.0	119.0	0.0	0.0	63.0	274.0	17.0	22.0	0.0	0.0	0.0	375.0	0.0	0.0	0.0	0.0	28.0	0.0	0.0	0.0	0.0	0.0	0.0	0.0	0.0	33.0	0.0	0.0	0.0	0.0	0.0	0.0	0.0	0.0	20.0	346.0	176.0	35.0	79.0	0.0	0.0	27.0	0.0	0.0	9.0	0.0	28.0	24.0	0.0	0.0	0.0	0.0	0.0	0.0	0.0	0.0	0.0	0.0	0.0	0.0	0.0	0.0	0.0	0.0	0.0	0.0	0.0	0.0	0.0	0.0	0.0	0.0	0.0	0.0	0.0	0.0	0.0	0.0	0.0	0.0	0.0	0.0	0.0	0.0	0.0	0.0	0.0	0.0	0.0	0.0	0.0	0.0	0.0	0.0	0.0	0.0	0.0	0.0	0.0	0.0	0.0	0.0	0.0	0.0	0.0	0.0	0.0	0.0	0.0	0.0	0.0	0.0	0.0	0.0	0.0	0.0	0.0	0.0	0.0	0.0
SRR11143447	1070.0	2808.0	2158.0	0.0	2654.0	4042.0	92.0	487.0	1742.0	369.0	0.0	0.0	1050.0	110.0	1053.0	0.0	0.0	130.0	123.0	0.0	15.0	0.0	481.0	752.0	0.0	0.0	0.0	76.0	0.0	0.0	0.0	405.0	52.0	44.0	82.0	120.0	0.0	0.0	161.0	301.0	0.0	0.0	0.0	0.0	0.0	275.0	0.0	0.0	0.0	38.0	15.0	0.0	0.0	0.0	0.0	0.0	0.0	0.0	0.0	0.0	0.0	0.0	0.0	0.0	0.0	0.0	0.0	0.0	0.0	214.0	30.0	43.0	40.0	19.0	0.0	0.0	0.0	0.0	0.0	0.0	0.0	0.0	0.0	0.0	0.0	0.0	0.0	0.0	0.0	0.0	0.0	0.0	0.0	0.0	0.0	0.0	0.0	0.0	0.0	0.0	0.0	0.0	0.0	0.0	0.0	0.0	0.0	0.0	0.0	0.0	0.0	0.0	0.0	0.0	0.0	0.0	0.0	0.0	0.0	0.0	0.0	0.0	0.0	0.0	0.0	0.0	0.0	0.0	0.0	0.0	0.0	0.0	0.0	0.0	0.0	0.0	0.0	0.0	0.0	0.0	0.0	0.0	0.0	0.0	0.0	0.0	0.0	0.0	0.0	0.0	0.0	0.0	0.0	0.0
SRR11143448	835.0	2402.0	1587.0	0.0	1468.0	3730.0	257.0	1189.0	2181.0	312.0	0.0	0.0	87.0	49.0	691.0	0.0	96.0	93.0	0.0	0.0	173.0	33.0	331.0	1485.0	0.0	0.0	0.0	0.0	0.0	0.0	0.0	72.0	0.0	138.0	0.0	0.0	0.0	0.0	0.0	326.0	0.0	12.0	0.0	0.0	0.0	205.0	0.0	0.0	0.0	31.0	0.0	0.0	0.0	0.0	0.0	0.0	0.0	0.0	0.0	0.0	0.0	0.0	0.0	0.0	0.0	0.0	0.0	0.0	0.0	0.0	0.0	47.0	53.0	19.0	0.0	0.0	0.0	0.0	0.0	0.0	0.0	0.0	0.0	0.0	0.0	0.0	0.0	0.0	0.0	0.0	0.0	0.0	0.0	0.0	0.0	0.0	0.0	0.0	0.0	0.0	0.0	0.0	0.0	0.0	0.0	0.0	0.0	0.0	0.0	0.0	0.0	0.0	0.0	0.0	0.0	0.0	0.0	0.0	0.0	0.0	0.0	0.0	0.0	0.0	0.0	0.0	0.0	0.0	0.0	0.0	0.0	0.0	0.0	0.0	0.0	0.0	0.0	0.0	0.0	0.0	0.0	0.0	0.0	0.0	0.0	0.0	0.0	0.0	0.0	0.0	0.0	0.0	0.0	0.0
SRR11143449	572.0	2573.0	1154.0	0.0	1672.0	3716.0	134.0	787.0	3210.0	671.0	0.0	0.0	215.0	97.0	931.0	0.0	0.0	0.0	0.0	0.0	0.0	20.0	296.0	1067.0	0.0	0.0	0.0	22.0	0.0	0.0	0.0	241.0	0.0	204.0	0.0	0.0	0.0	0.0	0.0	479.0	0.0	0.0	0.0	0.0	0.0	0.0	0.0	0.0	0.0	127.0	0.0	0.0	0.0	0.0	0.0	0.0	0.0	0.0	0.0	0.0	0.0	0.0	0.0	27.0	0.0	0.0	0.0	0.0	0.0	0.0	0.0	41.0	82.0	49.0	0.0	0.0	0.0	0.0	0.0	0.0	0.0	0.0	0.0	0.0	0.0	0.0	0.0	0.0	0.0	0.0	0.0	0.0	0.0	0.0	0.0	0.0	0.0	0.0	0.0	0.0	0.0	0.0	0.0	0.0	0.0	0.0	0.0	0.0	0.0	0.0	0.0	0.0	0.0	0.0	0.0	0.0	0.0	0.0	0.0	0.0	0.0	0.0	0.0	0.0	0.0	0.0	0.0	0.0	0.0	0.0	0.0	0.0	0.0	0.0	0.0	0.0	0.0	0.0	0.0	0.0	0.0	0.0	0.0	0.0	0.0	0.0	0.0	0.0	0.0	0.0	0.0	0.0	0.0	0.0
SRR11143450	774.0	2783.0	1120.0	0.0	1556.0	2776.0	286.0	718.0	2088.0	714.0	0.0	0.0	282.0	46.0	570.0	0.0	0.0	186.0	135.0	0.0	25.0	0.0	147.0	858.0	0.0	0.0	0.0	0.0	67.0	0.0	0.0	112.0	0.0	266.0	0.0	31.0	0.0	0.0	15.0	167.0	0.0	0.0	0.0	0.0	25.0	91.0	0.0	0.0	0.0	0.0	23.0	0.0	0.0	0.0	0.0	0.0	0.0	0.0	0.0	0.0	0.0	0.0	0.0	58.0	0.0	0.0	0.0	0.0	0.0	186.0	0.0	42.0	59.0	0.0	0.0	0.0	0.0	0.0	0.0	0.0	0.0	0.0	0.0	0.0	0.0	0.0	0.0	0.0	0.0	0.0	0.0	0.0	0.0	0.0	0.0	0.0	0.0	0.0	0.0	0.0	0.0	0.0	0.0	0.0	0.0	0.0	0.0	0.0	0.0	0.0	0.0	0.0	0.0	0.0	0.0	0.0	0.0	0.0	0.0	0.0	0.0	0.0	0.0	0.0	0.0	0.0	0.0	0.0	0.0	0.0	0.0	0.0	0.0	0.0	0.0	0.0	0.0	0.0	0.0	0.0	0.0	0.0	0.0	0.0	0.0	0.0	0.0	0.0	0.0	0.0	0.0	0.0	0.0	0.0
SRR11143451	644.0	1982.0	560.0	0.0	1576.0	2654.0	233.0	986.0	3142.0	967.0	0.0	0.0	33.0	88.0	347.0	0.0	0.0	0.0	0.0	0.0	0.0	78.0	258.0	899.0	0.0	0.0	0.0	0.0	0.0	0.0	0.0	95.0	0.0	0.0	0.0	0.0	0.0	0.0	0.0	269.0	0.0	0.0	0.0	0.0	0.0	93.0	0.0	0.0	0.0	33.0	0.0	0.0	0.0	0.0	0.0	0.0	0.0	0.0	0.0	0.0	0.0	0.0	0.0	0.0	0.0	0.0	0.0	0.0	0.0	0.0	0.0	20.0	0.0	0.0	0.0	0.0	0.0	0.0	0.0	0.0	0.0	0.0	0.0	0.0	0.0	0.0	0.0	0.0	0.0	0.0	0.0	0.0	0.0	0.0	0.0	0.0	0.0	0.0	0.0	0.0	0.0	0.0	0.0	0.0	0.0	0.0	0.0	0.0	0.0	0.0	0.0	0.0	0.0	0.0	0.0	0.0	0.0	0.0	0.0	0.0	0.0	0.0	0.0	0.0	0.0	0.0	0.0	0.0	0.0	0.0	0.0	0.0	0.0	0.0	0.0	0.0	0.0	0.0	0.0	0.0	0.0	0.0	0.0	0.0	0.0	0.0	0.0	0.0	0.0	0.0	0.0	0.0	0.0	0.0
SRR11143452	1215.0	5404.0	2496.0	0.0	2531.0	5504.0	403.0	1366.0	3923.0	2034.0	0.0	0.0	579.0	33.0	1017.0	0.0	94.0	325.0	260.0	0.0	55.0	112.0	362.0	1509.0	0.0	0.0	0.0	0.0	13.0	0.0	0.0	189.0	0.0	373.0	28.0	0.0	0.0	0.0	0.0	423.0	0.0	11.0	0.0	0.0	0.0	375.0	0.0	0.0	0.0	132.0	0.0	0.0	0.0	0.0	0.0	0.0	22.0	0.0	0.0	0.0	0.0	0.0	0.0	0.0	0.0	0.0	0.0	0.0	0.0	165.0	0.0	39.0	0.0	0.0	0.0	0.0	0.0	0.0	0.0	0.0	0.0	0.0	0.0	0.0	0.0	0.0	0.0	0.0	0.0	0.0	0.0	0.0	0.0	0.0	0.0	0.0	0.0	0.0	0.0	0.0	0.0	0.0	0.0	0.0	0.0	0.0	0.0	0.0	0.0	0.0	0.0	0.0	0.0	0.0	0.0	0.0	0.0	0.0	0.0	0.0	0.0	0.0	0.0	0.0	0.0	0.0	0.0	0.0	0.0	0.0	0.0	0.0	0.0	0.0	0.0	0.0	0.0	0.0	0.0	0.0	0.0	0.0	0.0	0.0	0.0	0.0	0.0	0.0	0.0	0.0	0.0	0.0	0.0	0.0
SRR11143453	645.0	3043.0	2141.0	0.0	1805.0	3437.0	108.0	840.0	3102.0	453.0	0.0	0.0	163.0	64.0	982.0	0.0	79.0	0.0	132.0	0.0	54.0	26.0	383.0	919.0	0.0	0.0	0.0	106.0	37.0	0.0	0.0	134.0	20.0	77.0	40.0	0.0	0.0	0.0	0.0	328.0	0.0	0.0	0.0	0.0	0.0	102.0	0.0	0.0	0.0	28.0	0.0	0.0	25.0	0.0	0.0	0.0	0.0	0.0	0.0	0.0	0.0	0.0	0.0	0.0	0.0	0.0	0.0	0.0	0.0	390.0	0.0	26.0	40.0	0.0	0.0	0.0	0.0	0.0	0.0	0.0	0.0	0.0	0.0	0.0	0.0	0.0	0.0	0.0	0.0	0.0	0.0	0.0	0.0	0.0	0.0	0.0	0.0	0.0	0.0	0.0	0.0	0.0	0.0	0.0	0.0	0.0	0.0	0.0	0.0	0.0	0.0	0.0	0.0	0.0	0.0	0.0	0.0	0.0	0.0	0.0	0.0	0.0	0.0	0.0	0.0	0.0	0.0	0.0	0.0	0.0	0.0	0.0	0.0	0.0	0.0	0.0	0.0	0.0	0.0	0.0	0.0	0.0	0.0	0.0	0.0	0.0	0.0	0.0	0.0	0.0	0.0	0.0	0.0	0.0
SRR11143454	976.0	1817.0	1585.0	0.0	1462.0	2946.0	168.0	1107.0	2023.0	356.0	0.0	0.0	252.0	160.0	347.0	0.0	0.0	0.0	111.0	0.0	0.0	0.0	476.0	519.0	0.0	0.0	0.0	50.0	27.0	0.0	0.0	278.0	20.0	47.0	81.0	0.0	0.0	0.0	0.0	49.0	0.0	0.0	0.0	0.0	0.0	303.0	0.0	0.0	0.0	17.0	19.0	0.0	26.0	0.0	0.0	0.0	0.0	0.0	0.0	0.0	0.0	0.0	0.0	0.0	0.0	0.0	0.0	0.0	0.0	409.0	0.0	17.0	0.0	25.0	0.0	0.0	0.0	0.0	0.0	0.0	0.0	17.0	0.0	0.0	0.0	0.0	0.0	0.0	0.0	0.0	0.0	0.0	0.0	0.0	0.0	0.0	0.0	0.0	0.0	0.0	0.0	0.0	0.0	0.0	0.0	0.0	0.0	0.0	0.0	0.0	0.0	0.0	0.0	0.0	0.0	0.0	0.0	0.0	0.0	0.0	0.0	0.0	0.0	0.0	0.0	0.0	0.0	0.0	0.0	0.0	0.0	0.0	0.0	0.0	0.0	0.0	0.0	0.0	0.0	0.0	0.0	0.0	0.0	0.0	0.0	0.0	0.0	0.0	0.0	0.0	0.0	0.0	0.0	0.0
SRR11143462	900.0	3725.0	718.0	0.0	2318.0	544.0	91.0	2845.0	5051.0	346.0	0.0	0.0	929.0	49.0	463.0	0.0	217.0	5.0	226.0	0.0	0.0	382.0	214.0	579.0	0.0	0.0	0.0	22.0	0.0	0.0	0.0	109.0	0.0	548.0	13.0	15.0	0.0	0.0	0.0	235.0	0.0	0.0	0.0	0.0	14.0	657.0	0.0	0.0	0.0	56.0	0.0	0.0	0.0	0.0	0.0	0.0	31.0	0.0	47.0	0.0	0.0	0.0	0.0	0.0	0.0	0.0	0.0	0.0	16.0	165.0	0.0	0.0	26.0	0.0	0.0	0.0	0.0	0.0	0.0	0.0	0.0	0.0	9.0	0.0	0.0	0.0	0.0	0.0	0.0	0.0	0.0	0.0	0.0	0.0	0.0	0.0	0.0	0.0	0.0	0.0	0.0	0.0	0.0	0.0	0.0	0.0	0.0	0.0	0.0	0.0	0.0	0.0	0.0	0.0	0.0	0.0	0.0	0.0	0.0	0.0	0.0	0.0	0.0	0.0	0.0	0.0	0.0	0.0	0.0	0.0	0.0	0.0	0.0	0.0	0.0	0.0	0.0	0.0	0.0	0.0	0.0	0.0	0.0	0.0	0.0	0.0	0.0	0.0	0.0	0.0	0.0	0.0	0.0	0.0
SRR11143477	526.0	1961.0	609.0	0.0	1988.0	1241.0	51.0	1705.0	3470.0	556.0	0.0	0.0	183.0	223.0	206.0	0.0	0.0	0.0	318.0	0.0	0.0	78.0	215.0	883.0	0.0	0.0	0.0	0.0	0.0	0.0	0.0	243.0	5.0	193.0	0.0	27.0	0.0	0.0	0.0	92.0	0.0	0.0	0.0	0.0	0.0	47.0	0.0	0.0	0.0	14.0	0.0	0.0	0.0	0.0	0.0	0.0	32.0	0.0	0.0	0.0	0.0	0.0	0.0	0.0	0.0	0.0	0.0	0.0	0.0	61.0	0.0	0.0	50.0	0.0	0.0	0.0	0.0	53.0	0.0	0.0	0.0	0.0	0.0	0.0	0.0	0.0	0.0	0.0	0.0	0.0	0.0	0.0	0.0	0.0	0.0	0.0	0.0	0.0	0.0	0.0	0.0	0.0	0.0	0.0	0.0	0.0	0.0	0.0	0.0	0.0	0.0	0.0	0.0	0.0	0.0	0.0	0.0	0.0	0.0	0.0	0.0	0.0	0.0	0.0	0.0	0.0	0.0	0.0	0.0	0.0	0.0	0.0	0.0	0.0	0.0	0.0	0.0	0.0	0.0	0.0	0.0	0.0	0.0	0.0	0.0	0.0	0.0	0.0	0.0	0.0	0.0	0.0	0.0	0.0
SRR11143483	761.0	3131.0	1977.0	0.0	1960.0	3871.0	192.0	1714.0	3466.0	890.0	0.0	0.0	454.0	68.0	849.0	0.0	28.0	168.0	185.0	0.0	0.0	70.0	304.0	1023.0	0.0	0.0	0.0	90.0	69.0	0.0	0.0	171.0	19.0	220.0	45.0	0.0	0.0	0.0	0.0	422.0	0.0	0.0	0.0	0.0	0.0	235.0	0.0	0.0	0.0	38.0	0.0	0.0	0.0	0.0	0.0	0.0	0.0	0.0	0.0	0.0	0.0	0.0	0.0	31.0	0.0	0.0	0.0	0.0	0.0	164.0	0.0	39.0	116.0	60.0	0.0	21.0	0.0	0.0	0.0	0.0	0.0	18.0	0.0	0.0	0.0	0.0	0.0	0.0	0.0	0.0	0.0	0.0	0.0	0.0	0.0	0.0	0.0	0.0	0.0	0.0	0.0	0.0	0.0	0.0	0.0	0.0	0.0	0.0	0.0	0.0	0.0	0.0	0.0	0.0	0.0	0.0	0.0	0.0	0.0	0.0	0.0	0.0	0.0	0.0	0.0	0.0	0.0	0.0	0.0	0.0	0.0	0.0	0.0	0.0	0.0	0.0	0.0	0.0	0.0	0.0	0.0	0.0	0.0	0.0	0.0	0.0	0.0	0.0	0.0	0.0	0.0	0.0	0.0	0.0
SRR11143484	390.0	1951.0	1466.0	0.0	1744.0	2225.0	88.0	792.0	1866.0	278.0	0.0	0.0	117.0	133.0	297.0	0.0	44.0	0.0	84.0	0.0	0.0	13.0	187.0	611.0	0.0	0.0	0.0	18.0	22.0	0.0	0.0	263.0	0.0	32.0	43.0	0.0	0.0	0.0	0.0	118.0	0.0	0.0	0.0	0.0	0.0	215.0	0.0	0.0	0.0	0.0	0.0	0.0	0.0	0.0	0.0	0.0	0.0	0.0	0.0	0.0	0.0	0.0	0.0	0.0	0.0	0.0	0.0	0.0	0.0	287.0	0.0	0.0	0.0	0.0	0.0	0.0	0.0	0.0	0.0	0.0	0.0	12.0	0.0	0.0	0.0	0.0	0.0	0.0	0.0	0.0	0.0	0.0	0.0	0.0	0.0	0.0	0.0	0.0	0.0	0.0	0.0	0.0	0.0	0.0	0.0	0.0	0.0	0.0	0.0	0.0	0.0	0.0	0.0	0.0	0.0	0.0	0.0	0.0	0.0	0.0	0.0	0.0	0.0	0.0	0.0	0.0	0.0	0.0	0.0	0.0	0.0	0.0	0.0	0.0	0.0	0.0	0.0	0.0	0.0	0.0	0.0	0.0	0.0	0.0	0.0	0.0	0.0	0.0	0.0	0.0	0.0	0.0	0.0	0.0
SRR11143486	743.0	3478.0	1592.0	0.0	2235.0	3909.0	277.0	2495.0	3245.0	1415.0	0.0	0.0	323.0	51.0	848.0	0.0	0.0	261.0	0.0	0.0	41.0	47.0	236.0	1150.0	9.0	0.0	0.0	103.0	0.0	0.0	0.0	287.0	0.0	263.0	0.0	0.0	0.0	0.0	0.0	191.0	0.0	0.0	0.0	0.0	19.0	197.0	0.0	0.0	0.0	14.0	0.0	0.0	7.0	0.0	0.0	0.0	42.0	0.0	0.0	0.0	0.0	0.0	0.0	0.0	0.0	0.0	0.0	0.0	0.0	568.0	0.0	37.0	166.0	0.0	0.0	67.0	0.0	0.0	0.0	0.0	0.0	0.0	0.0	0.0	0.0	0.0	0.0	0.0	0.0	0.0	0.0	0.0	0.0	0.0	0.0	0.0	0.0	0.0	0.0	0.0	0.0	0.0	0.0	0.0	0.0	0.0	0.0	0.0	0.0	0.0	0.0	0.0	0.0	0.0	0.0	0.0	0.0	0.0	0.0	0.0	0.0	0.0	0.0	0.0	0.0	0.0	0.0	0.0	0.0	0.0	0.0	0.0	0.0	0.0	0.0	0.0	0.0	0.0	0.0	0.0	0.0	0.0	0.0	0.0	0.0	0.0	0.0	0.0	0.0	0.0	0.0	0.0	0.0	0.0
SRR11143487	521.0	1881.0	1939.0	0.0	1851.0	2752.0	167.0	1488.0	2400.0	874.0	0.0	0.0	92.0	100.0	274.0	0.0	56.0	0.0	155.0	0.0	0.0	11.0	264.0	521.0	0.0	0.0	0.0	69.0	0.0	0.0	0.0	389.0	0.0	76.0	58.0	0.0	0.0	0.0	0.0	130.0	0.0	0.0	0.0	0.0	0.0	87.0	0.0	0.0	0.0	20.0	19.0	0.0	0.0	0.0	0.0	0.0	0.0	0.0	0.0	0.0	0.0	0.0	0.0	0.0	0.0	0.0	0.0	0.0	0.0	514.0	0.0	15.0	0.0	0.0	0.0	0.0	0.0	0.0	0.0	0.0	0.0	0.0	0.0	0.0	0.0	0.0	0.0	0.0	0.0	0.0	0.0	0.0	0.0	0.0	0.0	0.0	0.0	0.0	0.0	0.0	0.0	0.0	0.0	0.0	0.0	0.0	0.0	0.0	0.0	0.0	0.0	0.0	0.0	0.0	0.0	0.0	0.0	0.0	0.0	0.0	0.0	0.0	0.0	0.0	0.0	0.0	0.0	0.0	0.0	0.0	0.0	0.0	0.0	0.0	0.0	0.0	0.0	0.0	0.0	0.0	0.0	0.0	0.0	0.0	0.0	0.0	0.0	0.0	0.0	0.0	0.0	0.0	0.0	0.0
SRR11143488	1164.0	4007.0	5116.0	0.0	3531.0	4779.0	517.0	1232.0	3504.0	950.0	0.0	0.0	1021.0	59.0	2704.0	0.0	101.0	115.0	367.0	0.0	0.0	34.0	663.0	1473.0	0.0	0.0	0.0	353.0	0.0	0.0	0.0	693.0	53.0	47.0	211.0	0.0	0.0	0.0	138.0	91.0	82.0	0.0	0.0	0.0	0.0	394.0	0.0	0.0	0.0	140.0	59.0	0.0	18.0	0.0	0.0	0.0	22.0	0.0	20.0	21.0	0.0	0.0	0.0	0.0	0.0	0.0	0.0	0.0	0.0	1877.0	0.0	57.0	87.0	0.0	0.0	35.0	0.0	0.0	0.0	0.0	32.0	60.0	0.0	0.0	0.0	0.0	0.0	0.0	0.0	0.0	0.0	0.0	0.0	0.0	0.0	0.0	0.0	0.0	0.0	0.0	0.0	0.0	0.0	0.0	0.0	0.0	0.0	0.0	0.0	0.0	0.0	0.0	0.0	0.0	0.0	0.0	0.0	0.0	0.0	0.0	0.0	0.0	0.0	0.0	0.0	0.0	0.0	0.0	0.0	0.0	0.0	0.0	0.0	0.0	0.0	0.0	0.0	0.0	0.0	0.0	0.0	0.0	0.0	0.0	0.0	0.0	0.0	0.0	0.0	0.0	0.0	0.0	0.0	0.0
SRR11143489	384.0	1418.0	988.0	0.0	1527.0	1871.0	62.0	661.0	1432.0	239.0	0.0	0.0	63.0	46.0	664.0	0.0	0.0	0.0	79.0	0.0	0.0	0.0	190.0	728.0	0.0	0.0	0.0	28.0	0.0	0.0	0.0	221.0	15.0	105.0	48.0	42.0	0.0	0.0	0.0	78.0	0.0	0.0	0.0	0.0	0.0	113.0	0.0	0.0	0.0	32.0	15.0	0.0	0.0	0.0	0.0	0.0	0.0	0.0	0.0	0.0	0.0	0.0	0.0	0.0	0.0	0.0	0.0	0.0	0.0	185.0	0.0	30.0	19.0	0.0	0.0	0.0	0.0	0.0	0.0	0.0	0.0	0.0	0.0	0.0	0.0	0.0	0.0	0.0	0.0	0.0	0.0	0.0	0.0	0.0	0.0	0.0	0.0	0.0	0.0	0.0	0.0	0.0	0.0	0.0	0.0	0.0	0.0	0.0	0.0	0.0	0.0	0.0	0.0	0.0	0.0	0.0	0.0	0.0	0.0	0.0	0.0	0.0	0.0	0.0	0.0	0.0	0.0	0.0	0.0	0.0	0.0	0.0	0.0	0.0	0.0	0.0	0.0	0.0	0.0	0.0	0.0	0.0	0.0	0.0	0.0	0.0	0.0	0.0	0.0	0.0	0.0	0.0	0.0	0.0
SRR11143490	1818.0	5194.0	4888.0	0.0	4176.0	6219.0	798.0	1967.0	4090.0	1888.0	38.0	0.0	2192.0	80.0	3967.0	0.0	23.0	479.0	462.0	0.0	151.0	158.0	516.0	1532.0	129.0	0.0	0.0	178.0	0.0	0.0	0.0	524.0	106.0	589.0	213.0	141.0	0.0	0.0	134.0	340.0	74.0	0.0	8.0	0.0	14.0	870.0	0.0	0.0	0.0	413.0	91.0	0.0	27.0	0.0	0.0	0.0	35.0	0.0	0.0	34.0	0.0	0.0	0.0	0.0	0.0	0.0	0.0	0.0	25.0	864.0	85.0	69.0	199.0	50.0	0.0	0.0	0.0	25.0	18.0	0.0	51.0	23.0	54.0	0.0	0.0	0.0	0.0	0.0	0.0	0.0	0.0	0.0	0.0	0.0	0.0	0.0	0.0	0.0	0.0	0.0	0.0	0.0	0.0	0.0	0.0	0.0	0.0	0.0	0.0	0.0	0.0	0.0	0.0	0.0	0.0	0.0	0.0	0.0	0.0	0.0	0.0	0.0	0.0	0.0	0.0	0.0	0.0	0.0	0.0	0.0	0.0	0.0	0.0	0.0	0.0	0.0	0.0	0.0	0.0	0.0	0.0	0.0	0.0	0.0	0.0	0.0	0.0	0.0	0.0	0.0	0.0	0.0	0.0	0.0
SRR11143491	444.0	1942.0	1188.0	0.0	1588.0	3990.0	291.0	910.0	2247.0	1288.0	0.0	0.0	66.0	194.0	687.0	33.0	49.0	181.0	0.0	0.0	0.0	0.0	312.0	775.0	0.0	0.0	0.0	222.0	0.0	0.0	0.0	124.0	0.0	232.0	55.0	0.0	0.0	0.0	0.0	152.0	0.0	10.0	0.0	0.0	22.0	264.0	0.0	0.0	0.0	49.0	62.0	0.0	0.0	0.0	0.0	0.0	0.0	0.0	54.0	0.0	0.0	0.0	0.0	0.0	0.0	0.0	0.0	0.0	0.0	416.0	0.0	0.0	122.0	0.0	0.0	28.0	0.0	0.0	0.0	0.0	0.0	0.0	0.0	0.0	0.0	0.0	0.0	0.0	0.0	0.0	0.0	0.0	0.0	0.0	0.0	0.0	0.0	0.0	0.0	0.0	0.0	0.0	0.0	0.0	0.0	0.0	0.0	0.0	0.0	0.0	0.0	0.0	0.0	0.0	0.0	0.0	0.0	0.0	0.0	0.0	0.0	0.0	0.0	0.0	0.0	0.0	0.0	0.0	0.0	0.0	0.0	0.0	0.0	0.0	0.0	0.0	0.0	0.0	0.0	0.0	0.0	0.0	0.0	0.0	0.0	0.0	0.0	0.0	0.0	0.0	0.0	0.0	0.0	0.0
SRR11143492	202.0	2659.0	1288.0	0.0	1447.0	2268.0	115.0	448.0	2022.0	625.0	0.0	0.0	170.0	135.0	646.0	0.0	0.0	16.0	190.0	0.0	0.0	0.0	214.0	592.0	0.0	0.0	0.0	80.0	0.0	0.0	0.0	280.0	18.0	67.0	0.0	0.0	0.0	0.0	26.0	115.0	5.0	0.0	0.0	0.0	0.0	122.0	0.0	0.0	0.0	10.0	0.0	0.0	0.0	0.0	0.0	0.0	0.0	11.0	0.0	0.0	0.0	0.0	0.0	0.0	0.0	0.0	0.0	11.0	0.0	326.0	0.0	0.0	22.0	0.0	0.0	0.0	0.0	0.0	0.0	0.0	0.0	0.0	0.0	0.0	29.0	0.0	0.0	0.0	0.0	0.0	0.0	0.0	0.0	0.0	0.0	0.0	0.0	0.0	0.0	0.0	0.0	0.0	0.0	0.0	0.0	0.0	0.0	0.0	0.0	0.0	0.0	0.0	0.0	0.0	0.0	0.0	0.0	0.0	0.0	0.0	0.0	0.0	0.0	0.0	0.0	0.0	0.0	0.0	0.0	0.0	0.0	0.0	0.0	0.0	0.0	0.0	0.0	0.0	0.0	0.0	0.0	0.0	0.0	0.0	0.0	0.0	0.0	0.0	0.0	0.0	0.0	0.0	0.0	0.0
SRR11143493	316.0	1145.0	996.0	0.0	1854.0	1446.0	111.0	1115.0	1760.0	618.0	0.0	0.0	93.0	66.0	139.0	0.0	0.0	56.0	146.0	0.0	0.0	0.0	351.0	407.0	0.0	0.0	0.0	0.0	0.0	0.0	0.0	0.0	0.0	116.0	0.0	31.0	0.0	0.0	0.0	98.0	0.0	0.0	0.0	0.0	13.0	76.0	0.0	0.0	0.0	13.0	0.0	0.0	0.0	0.0	0.0	0.0	0.0	0.0	0.0	0.0	0.0	0.0	0.0	0.0	0.0	0.0	0.0	0.0	0.0	95.0	0.0	0.0	0.0	0.0	0.0	0.0	0.0	0.0	0.0	0.0	0.0	0.0	0.0	0.0	0.0	0.0	0.0	0.0	0.0	0.0	0.0	0.0	0.0	0.0	0.0	0.0	0.0	0.0	0.0	0.0	0.0	0.0	0.0	0.0	0.0	0.0	0.0	0.0	0.0	0.0	0.0	0.0	0.0	0.0	0.0	0.0	0.0	0.0	0.0	0.0	0.0	0.0	0.0	0.0	0.0	0.0	0.0	0.0	0.0	0.0	0.0	0.0	0.0	0.0	0.0	0.0	0.0	0.0	0.0	0.0	0.0	0.0	0.0	0.0	0.0	0.0	0.0	0.0	0.0	0.0	0.0	0.0	0.0	0.0
SRR11143494	610.0	3539.0	1638.0	0.0	2167.0	4282.0	391.0	2085.0	4250.0	1356.0	0.0	28.0	312.0	69.0	763.0	0.0	114.0	316.0	181.0	0.0	0.0	33.0	342.0	865.0	0.0	0.0	0.0	0.0	0.0	0.0	0.0	510.0	0.0	153.0	19.0	55.0	0.0	0.0	0.0	351.0	0.0	0.0	0.0	0.0	16.0	179.0	0.0	0.0	0.0	52.0	0.0	0.0	0.0	0.0	0.0	0.0	0.0	0.0	0.0	0.0	0.0	0.0	0.0	0.0	0.0	0.0	0.0	0.0	0.0	318.0	0.0	43.0	78.0	0.0	0.0	41.0	0.0	0.0	0.0	0.0	0.0	0.0	0.0	0.0	0.0	0.0	0.0	0.0	0.0	0.0	0.0	0.0	0.0	0.0	0.0	0.0	0.0	0.0	0.0	0.0	0.0	0.0	0.0	0.0	0.0	0.0	0.0	0.0	0.0	0.0	0.0	0.0	0.0	0.0	0.0	0.0	0.0	0.0	0.0	0.0	0.0	0.0	0.0	0.0	0.0	0.0	0.0	0.0	0.0	0.0	0.0	0.0	0.0	0.0	0.0	0.0	0.0	0.0	0.0	0.0	0.0	0.0	0.0	0.0	0.0	0.0	0.0	0.0	0.0	0.0	0.0	0.0	0.0	0.0
SRR11143495	610.0	2773.0	1417.0	0.0	1548.0	3103.0	319.0	1824.0	3626.0	1123.0	0.0	0.0	98.0	58.0	238.0	0.0	0.0	0.0	175.0	0.0	33.0	80.0	293.0	954.0	0.0	0.0	0.0	0.0	0.0	0.0	0.0	193.0	0.0	132.0	0.0	0.0	0.0	0.0	0.0	364.0	0.0	0.0	0.0	0.0	0.0	77.0	0.0	0.0	0.0	17.0	0.0	0.0	0.0	0.0	0.0	0.0	14.0	0.0	14.0	0.0	0.0	0.0	0.0	0.0	0.0	0.0	0.0	0.0	0.0	83.0	0.0	38.0	117.0	0.0	0.0	0.0	0.0	0.0	0.0	0.0	0.0	0.0	0.0	0.0	0.0	0.0	0.0	0.0	0.0	0.0	0.0	0.0	0.0	0.0	0.0	0.0	0.0	0.0	0.0	0.0	0.0	0.0	0.0	0.0	0.0	0.0	0.0	0.0	0.0	0.0	0.0	0.0	0.0	0.0	0.0	0.0	0.0	0.0	0.0	0.0	0.0	0.0	0.0	0.0	0.0	0.0	0.0	0.0	0.0	0.0	0.0	0.0	0.0	0.0	0.0	0.0	0.0	0.0	0.0	0.0	0.0	0.0	0.0	0.0	0.0	0.0	0.0	0.0	0.0	0.0	0.0	0.0	0.0	0.0
SRR11143497	825.0	4391.0	2219.0	0.0	2573.0	4457.0	199.0	2160.0	3873.0	786.0	0.0	7.0	216.0	36.0	577.0	0.0	130.0	0.0	169.0	0.0	0.0	27.0	388.0	744.0	0.0	0.0	0.0	0.0	0.0	0.0	0.0	371.0	0.0	168.0	29.0	0.0	0.0	0.0	66.0	450.0	0.0	0.0	0.0	0.0	0.0	234.0	0.0	0.0	0.0	32.0	19.0	0.0	26.0	0.0	0.0	0.0	0.0	0.0	0.0	0.0	0.0	0.0	0.0	28.0	0.0	0.0	0.0	0.0	0.0	140.0	0.0	66.0	89.0	23.0	0.0	0.0	0.0	0.0	0.0	0.0	0.0	0.0	0.0	0.0	0.0	0.0	0.0	0.0	0.0	0.0	0.0	0.0	0.0	0.0	0.0	0.0	0.0	0.0	0.0	0.0	0.0	0.0	0.0	0.0	0.0	0.0	0.0	0.0	0.0	0.0	0.0	0.0	0.0	0.0	0.0	0.0	0.0	0.0	0.0	0.0	0.0	0.0	0.0	0.0	0.0	0.0	0.0	0.0	0.0	0.0	0.0	0.0	0.0	0.0	0.0	0.0	0.0	0.0	0.0	0.0	0.0	0.0	0.0	0.0	0.0	0.0	0.0	0.0	0.0	0.0	0.0	0.0	0.0	0.0
SRR11143498	190.0	2147.0	896.0	0.0	1144.0	2953.0	64.0	1293.0	3884.0	581.0	0.0	0.0	0.0	47.0	461.0	0.0	0.0	106.0	81.0	0.0	0.0	30.0	196.0	559.0	0.0	0.0	0.0	0.0	27.0	0.0	0.0	303.0	0.0	154.0	0.0	0.0	0.0	0.0	0.0	147.0	0.0	0.0	0.0	0.0	0.0	52.0	0.0	0.0	0.0	36.0	0.0	0.0	0.0	0.0	0.0	0.0	0.0	0.0	0.0	0.0	0.0	0.0	0.0	0.0	0.0	0.0	0.0	0.0	0.0	184.0	0.0	0.0	51.0	0.0	0.0	0.0	0.0	0.0	5.0	0.0	0.0	0.0	0.0	0.0	0.0	0.0	0.0	0.0	0.0	0.0	0.0	0.0	0.0	0.0	0.0	0.0	0.0	0.0	0.0	0.0	0.0	0.0	0.0	0.0	0.0	0.0	0.0	0.0	0.0	0.0	0.0	0.0	0.0	0.0	0.0	0.0	0.0	0.0	0.0	0.0	0.0	0.0	0.0	0.0	0.0	0.0	0.0	0.0	0.0	0.0	0.0	0.0	0.0	0.0	0.0	0.0	0.0	0.0	0.0	0.0	0.0	0.0	0.0	0.0	0.0	0.0	0.0	0.0	0.0	0.0	0.0	0.0	0.0	0.0
SRR11143499	286.0	2067.0	879.0	0.0	946.0	2990.0	140.0	1178.0	1780.0	664.0	0.0	0.0	166.0	68.0	279.0	0.0	0.0	60.0	119.0	0.0	203.0	0.0	310.0	811.0	0.0	0.0	0.0	11.0	18.0	0.0	0.0	100.0	0.0	0.0	17.0	0.0	0.0	0.0	61.0	0.0	0.0	0.0	0.0	0.0	35.0	45.0	0.0	0.0	0.0	41.0	0.0	0.0	0.0	0.0	0.0	0.0	0.0	0.0	0.0	0.0	0.0	0.0	0.0	0.0	0.0	0.0	0.0	0.0	0.0	0.0	0.0	25.0	0.0	0.0	0.0	20.0	0.0	0.0	0.0	0.0	0.0	27.0	0.0	0.0	0.0	0.0	0.0	0.0	0.0	0.0	0.0	0.0	0.0	0.0	0.0	0.0	0.0	0.0	0.0	0.0	0.0	0.0	0.0	0.0	0.0	0.0	0.0	0.0	0.0	0.0	0.0	0.0	0.0	0.0	0.0	0.0	0.0	0.0	0.0	0.0	0.0	0.0	0.0	0.0	0.0	0.0	0.0	0.0	0.0	0.0	0.0	0.0	0.0	0.0	0.0	0.0	0.0	0.0	0.0	0.0	0.0	0.0	0.0	0.0	0.0	0.0	0.0	0.0	0.0	0.0	0.0	0.0	0.0	0.0
SRR11143500	230.0	1503.0	284.0	0.0	1320.0	1610.0	48.0	1164.0	3321.0	213.0	0.0	0.0	0.0	159.0	39.0	0.0	0.0	0.0	0.0	0.0	0.0	31.0	137.0	839.0	0.0	0.0	0.0	0.0	0.0	0.0	0.0	110.0	0.0	29.0	0.0	0.0	0.0	0.0	0.0	175.0	0.0	0.0	0.0	0.0	0.0	0.0	0.0	0.0	0.0	0.0	0.0	0.0	0.0	0.0	0.0	0.0	0.0	0.0	0.0	0.0	0.0	0.0	0.0	0.0	0.0	0.0	0.0	0.0	0.0	106.0	0.0	0.0	0.0	0.0	0.0	0.0	0.0	0.0	0.0	0.0	0.0	0.0	0.0	0.0	0.0	0.0	0.0	0.0	0.0	0.0	0.0	0.0	0.0	0.0	0.0	0.0	0.0	0.0	0.0	0.0	0.0	0.0	0.0	0.0	0.0	0.0	0.0	0.0	0.0	0.0	0.0	0.0	0.0	0.0	0.0	0.0	0.0	0.0	0.0	0.0	0.0	0.0	0.0	0.0	0.0	0.0	0.0	0.0	0.0	0.0	0.0	0.0	0.0	0.0	0.0	0.0	0.0	0.0	0.0	0.0	0.0	0.0	0.0	0.0	0.0	0.0	0.0	0.0	0.0	0.0	0.0	0.0	0.0	0.0
SRR11143556	229.0	1499.0	3136.0	0.0	913.0	288.0	143.0	0.0	276.0	470.0	0.0	0.0	215.0	75.0	543.0	0.0	0.0	13.0	65.0	0.0	0.0	33.0	576.0	43.0	0.0	0.0	0.0	65.0	0.0	0.0	0.0	0.0	0.0	0.0	0.0	0.0	0.0	0.0	90.0	174.0	0.0	0.0	0.0	0.0	0.0	364.0	0.0	0.0	0.0	171.0	0.0	0.0	0.0	0.0	0.0	0.0	0.0	0.0	0.0	0.0	0.0	56.0	0.0	0.0	0.0	0.0	0.0	0.0	0.0	636.0	0.0	0.0	0.0	0.0	0.0	0.0	0.0	0.0	0.0	0.0	0.0	0.0	0.0	0.0	0.0	0.0	0.0	0.0	0.0	0.0	0.0	0.0	0.0	0.0	0.0	0.0	0.0	0.0	0.0	0.0	0.0	0.0	0.0	0.0	0.0	0.0	0.0	0.0	0.0	0.0	0.0	0.0	0.0	0.0	0.0	0.0	0.0	0.0	0.0	0.0	0.0	0.0	0.0	0.0	0.0	0.0	0.0	0.0	0.0	0.0	0.0	0.0	0.0	0.0	0.0	0.0	0.0	0.0	0.0	0.0	0.0	0.0	0.0	0.0	0.0	0.0	0.0	0.0	0.0	0.0	0.0	0.0	0.0	0.0
SRR11143572	2105.0	2899.0	632.0	0.0	2366.0	1744.0	45.0	1872.0	3438.0	250.0	0.0	0.0	373.0	208.0	406.0	0.0	0.0	39.0	311.0	0.0	0.0	102.0	182.0	752.0	199.0	0.0	0.0	27.0	0.0	0.0	0.0	762.0	5.0	208.0	14.0	45.0	0.0	0.0	0.0	163.0	0.0	0.0	46.0	0.0	31.0	503.0	0.0	0.0	0.0	0.0	34.0	0.0	42.0	0.0	0.0	0.0	23.0	0.0	19.0	0.0	0.0	0.0	0.0	0.0	0.0	0.0	0.0	0.0	217.0	613.0	292.0	10.0	146.0	22.0	0.0	15.0	15.0	39.0	0.0	0.0	0.0	25.0	47.0	18.0	0.0	26.0	0.0	0.0	0.0	0.0	0.0	0.0	0.0	0.0	0.0	0.0	0.0	0.0	0.0	0.0	0.0	0.0	0.0	0.0	0.0	0.0	0.0	0.0	0.0	0.0	0.0	0.0	0.0	0.0	0.0	0.0	0.0	0.0	0.0	0.0	0.0	0.0	0.0	0.0	0.0	0.0	0.0	0.0	0.0	0.0	0.0	0.0	0.0	0.0	0.0	0.0	0.0	0.0	0.0	0.0	0.0	0.0	0.0	0.0	0.0	0.0	0.0	0.0	0.0	0.0	0.0	0.0	0.0	0.0
SRR11143596	1932.0	3650.0	1091.0	0.0	2283.0	1284.0	59.0	2195.0	3490.0	573.0	0.0	0.0	315.0	135.0	346.0	0.0	0.0	199.0	291.0	0.0	0.0	0.0	93.0	682.0	66.0	0.0	0.0	0.0	0.0	0.0	0.0	248.0	0.0	384.0	15.0	0.0	0.0	0.0	0.0	0.0	0.0	0.0	0.0	0.0	98.0	284.0	0.0	0.0	0.0	20.0	0.0	0.0	166.0	0.0	0.0	0.0	10.0	0.0	24.0	11.0	0.0	0.0	0.0	0.0	0.0	0.0	0.0	0.0	145.0	903.0	73.0	0.0	59.0	0.0	16.0	0.0	0.0	54.0	33.0	0.0	0.0	0.0	42.0	16.0	0.0	0.0	0.0	0.0	0.0	0.0	0.0	0.0	0.0	0.0	0.0	0.0	0.0	0.0	0.0	0.0	0.0	0.0	0.0	0.0	0.0	0.0	0.0	0.0	0.0	0.0	0.0	0.0	0.0	0.0	0.0	0.0	0.0	0.0	0.0	0.0	0.0	0.0	0.0	0.0	0.0	0.0	0.0	0.0	0.0	0.0	0.0	0.0	0.0	0.0	0.0	0.0	0.0	0.0	0.0	0.0	0.0	0.0	0.0	0.0	0.0	0.0	0.0	0.0	0.0	0.0	0.0	0.0	0.0	0.0
SRR11143639	363.0	1967.0	281.0	0.0	986.0	562.0	0.0	1778.0	4698.0	529.0	0.0	0.0	19.0	80.0	214.0	31.0	173.0	0.0	200.0	0.0	0.0	138.0	160.0	38.0	0.0	0.0	0.0	0.0	0.0	0.0	0.0	76.0	0.0	360.0	0.0	0.0	0.0	0.0	0.0	51.0	0.0	0.0	0.0	0.0	0.0	123.0	0.0	0.0	0.0	6.0	0.0	0.0	0.0	0.0	0.0	0.0	0.0	0.0	39.0	0.0	0.0	0.0	0.0	0.0	0.0	39.0	0.0	0.0	0.0	0.0	0.0	0.0	39.0	0.0	0.0	0.0	0.0	0.0	0.0	0.0	0.0	0.0	0.0	0.0	0.0	0.0	0.0	0.0	0.0	0.0	0.0	0.0	0.0	0.0	0.0	0.0	0.0	0.0	0.0	0.0	0.0	0.0	0.0	0.0	0.0	0.0	0.0	0.0	0.0	0.0	0.0	0.0	0.0	0.0	0.0	0.0	0.0	0.0	0.0	0.0	0.0	0.0	0.0	0.0	0.0	0.0	0.0	0.0	0.0	0.0	0.0	0.0	0.0	0.0	0.0	0.0	0.0	0.0	0.0	0.0	0.0	0.0	0.0	0.0	0.0	0.0	0.0	0.0	0.0	0.0	0.0	0.0	0.0	0.0
SRR11143649	1390.0	2631.0	931.0	0.0	1698.0	1955.0	0.0	1248.0	1724.0	444.0	0.0	0.0	490.0	125.0	356.0	0.0	219.0	0.0	124.0	0.0	0.0	51.0	403.0	163.0	8.0	0.0	0.0	0.0	0.0	0.0	0.0	213.0	0.0	169.0	59.0	104.0	0.0	0.0	61.0	177.0	0.0	0.0	0.0	0.0	10.0	556.0	0.0	0.0	34.0	17.0	0.0	0.0	41.0	0.0	0.0	0.0	13.0	0.0	22.0	0.0	0.0	0.0	0.0	35.0	0.0	0.0	0.0	0.0	0.0	626.0	53.0	28.0	15.0	0.0	0.0	0.0	0.0	0.0	0.0	50.0	0.0	0.0	0.0	0.0	0.0	0.0	0.0	0.0	0.0	0.0	0.0	0.0	0.0	0.0	0.0	0.0	0.0	0.0	0.0	0.0	0.0	0.0	0.0	0.0	0.0	0.0	0.0	0.0	0.0	0.0	0.0	0.0	0.0	0.0	0.0	0.0	0.0	0.0	0.0	0.0	0.0	0.0	0.0	0.0	0.0	0.0	0.0	0.0	0.0	0.0	0.0	0.0	0.0	0.0	0.0	0.0	0.0	0.0	0.0	0.0	0.0	0.0	0.0	0.0	0.0	0.0	0.0	0.0	0.0	0.0	0.0	0.0	0.0	0.0
SRR6439656	373.0	3031.0	671.0	0.0	3318.0	51.0	0.0	319.0	231.0	8.0	20.0	0.0	501.0	0.0	813.0	0.0	178.0	7.0	41.0	4.0	102.0	291.0	259.0	6.0	6.0	9.0	29.0	11.0	0.0	20.0	45.0	97.0	0.0	108.0	19.0	16.0	0.0	0.0	6.0	22.0	0.0	0.0	35.0	25.0	12.0	1332.0	11.0	7.0	0.0	179.0	0.0	0.0	35.0	4.0	63.0	0.0	14.0	0.0	31.0	4.0	0.0	11.0	0.0	51.0	0.0	26.0	0.0	0.0	27.0	6.0	28.0	31.0	64.0	64.0	0.0	0.0	12.0	0.0	115.0	4.0	0.0	0.0	4.0	0.0	0.0	5.0	0.0	8.0	7.0	9.0	14.0	0.0	0.0	0.0	8.0	0.0	0.0	32.0	170.0	0.0	4.0	18.0	0.0	0.0	0.0	0.0	0.0	0.0	0.0	0.0	0.0	0.0	0.0	0.0	3.0	0.0	0.0	0.0	0.0	0.0	0.0	0.0	0.0	0.0	0.0	0.0	0.0	0.0	0.0	0.0	0.0	0.0	0.0	0.0	0.0	0.0	0.0	0.0	0.0	0.0	0.0	0.0	0.0	0.0	0.0	0.0	0.0	0.0	0.0	0.0	0.0	0.0	0.0	0.0
SRR6440325	1877.0	6923.0	2220.0	39.0	5669.0	297.0	9.0	3234.0	2103.0	27.0	13.0	0.0	1445.0	165.0	1425.0	0.0	1089.0	62.0	139.0	7.0	284.0	1504.0	931.0	16.0	54.0	78.0	21.0	148.0	0.0	30.0	333.0	677.0	0.0	217.0	86.0	343.0	103.0	0.0	19.0	57.0	9.0	0.0	28.0	112.0	35.0	5113.0	54.0	68.0	5.0	2123.0	58.0	79.0	96.0	58.0	942.0	0.0	86.0	0.0	450.0	24.0	0.0	26.0	0.0	128.0	0.0	221.0	0.0	0.0	14.0	6.0	146.0	112.0	106.0	227.0	0.0	0.0	22.0	0.0	1388.0	0.0	0.0	17.0	7.0	0.0	0.0	51.0	9.0	27.0	132.0	25.0	71.0	0.0	0.0	9.0	8.0	0.0	0.0	10.0	787.0	0.0	2.0	172.0	0.0	0.0	11.0	0.0	35.0	0.0	0.0	0.0	0.0	4.0	73.0	0.0	0.0	3.0	0.0	0.0	0.0	0.0	0.0	0.0	0.0	0.0	0.0	0.0	0.0	0.0	0.0	0.0	0.0	0.0	0.0	0.0	0.0	0.0	0.0	0.0	0.0	0.0	0.0	0.0	0.0	0.0	0.0	0.0	0.0	0.0	0.0	0.0	0.0	0.0	0.0	0.0
SRR6440326	2194.0	6760.0	2627.0	82.0	9174.0	590.0	385.0	1693.0	1267.0	39.0	91.0	0.0	1281.0	122.0	1863.0	0.0	470.0	55.0	571.0	15.0	837.0	823.0	1087.0	20.0	4.0	57.0	11.0	94.0	14.0	185.0	477.0	736.0	0.0	119.0	89.0	1112.0	115.0	0.0	44.0	59.0	0.0	4.0	43.0	142.0	25.0	5382.0	66.0	35.0	0.0	1506.0	176.0	102.0	0.0	58.0	703.0	8.0	129.0	0.0	179.0	3.0	0.0	16.0	0.0	96.0	512.0	129.0	4.0	34.0	54.0	5.0	106.0	108.0	38.0	120.0	61.0	0.0	0.0	0.0	1077.0	0.0	28.0	21.0	10.0	0.0	18.0	74.0	3.0	32.0	196.0	26.0	155.0	9.0	0.0	7.0	28.0	8.0	12.0	8.0	709.0	36.0	75.0	92.0	56.0	0.0	14.0	0.0	0.0	0.0	0.0	7.0	37.0	16.0	63.0	0.0	10.0	0.0	3.0	0.0	23.0	0.0	143.0	0.0	10.0	0.0	0.0	0.0	0.0	0.0	0.0	0.0	0.0	0.0	0.0	0.0	0.0	0.0	0.0	0.0	0.0	0.0	0.0	0.0	0.0	0.0	0.0	0.0	0.0	0.0	0.0	0.0	0.0	0.0	0.0	0.0
SRR6440327	2647.0	11289.0	2375.0	0.0	7500.0	195.0	272.0	5404.0	4331.0	91.0	18.0	21.0	1084.0	59.0	1737.0	0.0	1616.0	158.0	338.0	0.0	136.0	2220.0	920.0	19.0	0.0	148.0	14.0	99.0	0.0	132.0	171.0	653.0	0.0	505.0	86.0	404.0	147.0	3.0	11.0	106.0	0.0	0.0	11.0	41.0	91.0	4533.0	77.0	82.0	0.0	1324.0	241.0	22.0	2241.0	24.0	374.0	0.0	75.0	0.0	614.0	47.0	0.0	20.0	0.0	134.0	0.0	318.0	55.0	43.0	43.0	24.0	232.0	79.0	177.0	285.0	0.0	0.0	10.0	0.0	1441.0	0.0	31.0	27.0	22.0	0.0	198.0	57.0	12.0	10.0	48.0	2.0	7.0	3.0	2.0	0.0	50.0	31.0	0.0	15.0	754.0	0.0	3.0	85.0	0.0	0.0	13.0	0.0	0.0	0.0	50.0	0.0	0.0	3.0	30.0	0.0	0.0	4.0	0.0	4.0	0.0	0.0	179.0	0.0	0.0	0.0	0.0	0.0	0.0	0.0	0.0	0.0	0.0	0.0	0.0	0.0	0.0	0.0	0.0	0.0	0.0	0.0	0.0	0.0	0.0	0.0	0.0	0.0	0.0	0.0	0.0	0.0	0.0	0.0	0.0	0.0
SRR6440328	4519.0	16209.0	5023.0	17.0	18489.0	726.0	7.0	6428.0	5062.0	67.0	182.0	34.0	3065.0	301.0	2655.0	13.0	1559.0	120.0	357.0	8.0	34.0	3089.0	1380.0	99.0	24.0	195.0	24.0	150.0	11.0	148.0	1241.0	2141.0	0.0	676.0	109.0	365.0	245.0	0.0	35.0	81.0	11.0	0.0	127.0	525.0	137.0	7114.0	68.0	68.0	0.0	3779.0	499.0	169.0	1164.0	172.0	2915.0	0.0	121.0	19.0	1021.0	125.0	21.0	19.0	0.0	381.0	0.0	397.0	13.0	0.0	41.0	14.0	168.0	218.0	253.0	553.0	0.0	0.0	27.0	0.0	3140.0	0.0	31.0	66.0	34.0	0.0	340.0	110.0	12.0	23.0	359.0	44.0	286.0	11.0	0.0	0.0	57.0	0.0	3.0	11.0	1151.0	0.0	111.0	309.0	0.0	0.0	18.0	0.0	33.0	0.0	0.0	0.0	0.0	4.0	73.0	0.0	73.0	0.0	0.0	0.0	0.0	0.0	0.0	0.0	0.0	0.0	0.0	0.0	0.0	0.0	0.0	0.0	0.0	0.0	0.0	0.0	0.0	0.0	0.0	0.0	0.0	0.0	0.0	0.0	0.0	0.0	0.0	0.0	0.0	0.0	0.0	0.0	0.0	0.0	0.0	0.0
SRR6440743	1397.0	12076.0	2524.0	43.0	7069.0	498.0	295.0	2454.0	793.0	60.0	16.0	10.0	1721.0	153.0	2038.0	0.0	614.0	138.0	208.0	19.0	666.0	1058.0	543.0	4.0	119.0	182.0	4.0	244.0	6.0	265.0	126.0	752.0	2.0	144.0	54.0	553.0	46.0	0.0	44.0	45.0	7.0	0.0	31.0	22.0	259.0	2550.0	31.0	13.0	15.0	1892.0	71.0	55.0	18.0	4.0	172.0	0.0	91.0	0.0	141.0	0.0	0.0	7.0	0.0	134.0	269.0	68.0	18.0	25.0	48.0	26.0	349.0	110.0	71.0	192.0	61.0	0.0	5.0	0.0	1439.0	92.0	52.0	8.0	0.0	0.0	55.0	16.0	0.0	14.0	91.0	9.0	45.0	0.0	0.0	0.0	6.0	76.0	3.0	5.0	401.0	35.0	5.0	58.0	34.0	0.0	15.0	0.0	57.0	13.0	89.0	0.0	9.0	7.0	17.0	0.0	0.0	0.0	0.0	0.0	27.0	0.0	99.0	6.0	9.0	10.0	7.0	0.0	3.0	11.0	0.0	0.0	5.0	0.0	0.0	0.0	0.0	0.0	0.0	0.0	0.0	0.0	0.0	0.0	0.0	0.0	0.0	0.0	0.0	0.0	0.0	0.0	0.0	0.0	0.0	0.0
SRR6440744	10757.0	38341.0	10797.0	86.0	38120.0	2821.0	1669.0	8719.0	5904.0	219.0	316.0	9.0	6174.0	543.0	8456.0	0.0	3294.0	307.0	2705.0	39.0	3825.0	4797.0	4795.0	144.0	61.0	358.0	66.0	428.0	13.0	695.0	1204.0	3748.0	6.0	1149.0	439.0	3138.0	397.0	0.0	19.0	581.0	15.0	0.0	223.0	490.0	122.0	15805.0	526.0	269.0	55.0	12461.0	769.0	673.0	58.0	173.0	2055.0	13.0	638.0	4.0	1467.0	28.0	142.0	100.0	5.0	600.0	341.0	520.0	59.0	155.0	230.0	35.0	327.0	582.0	437.0	715.0	228.0	0.0	23.0	12.0	5764.0	73.0	194.0	153.0	60.0	0.0	3090.0	253.0	92.0	93.0	1024.0	131.0	246.0	17.0	0.0	34.0	163.0	207.0	26.0	74.0	3429.0	139.0	176.0	421.0	159.0	12.0	24.0	7.0	187.0	30.0	94.0	47.0	147.0	19.0	192.0	1.0	0.0	35.0	0.0	0.0	185.0	14.0	576.0	28.0	51.0	41.0	16.0	0.0	0.0	68.0	18.0	14.0	10.0	17.0	8.0	0.0	0.0	0.0	0.0	0.0	0.0	0.0	0.0	0.0	0.0	0.0	0.0	0.0	0.0	0.0	0.0	0.0	0.0	0.0	0.0	0.0
SRR6440746	996.0	3821.0	1419.0	0.0	3578.0	357.0	0.0	1128.0	711.0	39.0	23.0	0.0	1464.0	105.0	775.0	0.0	351.0	41.0	69.0	5.0	7.0	384.0	793.0	25.0	8.0	34.0	28.0	38.0	0.0	51.0	274.0	364.0	6.0	72.0	76.0	182.0	140.0	0.0	105.0	92.0	0.0	0.0	41.0	66.0	10.0	2590.0	77.0	67.0	0.0	1202.0	24.0	63.0	232.0	26.0	458.0	0.0	103.0	0.0	181.0	0.0	31.0	7.0	0.0	65.0	0.0	45.0	7.0	0.0	25.0	0.0	74.0	123.0	44.0	259.0	0.0	0.0	20.0	0.0	497.0	0.0	0.0	56.0	2.0	0.0	2.0	41.0	13.0	0.0	140.0	75.0	59.0	7.0	0.0	0.0	43.0	0.0	3.0	17.0	689.0	0.0	32.0	51.0	0.0	0.0	10.0	0.0	39.0	0.0	0.0	0.0	0.0	0.0	34.0	0.0	0.0	0.0	0.0	0.0	0.0	0.0	0.0	0.0	0.0	0.0	0.0	0.0	0.0	0.0	0.0	0.0	0.0	0.0	0.0	0.0	0.0	0.0	0.0	0.0	0.0	0.0	0.0	0.0	0.0	0.0	0.0	0.0	0.0	0.0	0.0	0.0	0.0	0.0	0.0	0.0
SRR6440770	8934.0	39560.0	10253.0	193.0	36777.0	3560.0	63.0	16690.0	10549.0	222.0	656.0	8.0	10988.0	1186.0	10697.0	0.0	4900.0	466.0	1088.0	8.0	1410.0	7891.0	7353.0	218.0	96.0	495.0	131.0	726.0	43.0	250.0	2280.0	5421.0	35.0	1449.0	881.0	2462.0	618.0	0.0	106.0	734.0	105.0	0.0	214.0	1184.0	210.0	25475.0	855.0	348.0	47.0	9843.0	348.0	505.0	765.0	292.0	3308.0	28.0	1412.0	0.0	2870.0	11.0	530.0	174.0	0.0	1285.0	5.0	949.0	77.0	18.0	280.0	17.0	425.0	1009.0	1026.0	1826.0	0.0	11.0	15.0	0.0	8501.0	24.0	109.0	255.0	79.0	0.0	109.0	192.0	53.0	190.0	1654.0	271.0	314.0	29.0	0.0	110.0	248.0	0.0	28.0	79.0	5555.0	41.0	313.0	661.0	30.0	5.0	62.0	11.0	414.0	0.0	0.0	0.0	0.0	91.0	473.0	0.0	48.0	77.0	0.0	0.0	0.0	0.0	0.0	0.0	0.0	9.0	0.0	3.0	0.0	0.0	0.0	0.0	0.0	0.0	0.0	0.0	0.0	0.0	0.0	0.0	0.0	0.0	0.0	0.0	0.0	0.0	0.0	0.0	0.0	0.0	0.0	0.0	0.0	0.0	0.0	0.0
SRR6440771	2764.0	16042.0	4974.0	10.0	9697.0	694.0	344.0	6180.0	4424.0	68.0	126.0	42.0	2437.0	90.0	2997.0	0.0	1973.0	182.0	304.0	5.0	575.0	2387.0	1111.0	32.0	17.0	131.0	27.0	244.0	3.0	106.0	173.0	1447.0	0.0	276.0	185.0	234.0	206.0	0.0	26.0	146.0	18.0	20.0	79.0	67.0	113.0	6205.0	95.0	105.0	11.0	1465.0	154.0	64.0	1086.0	56.0	446.0	0.0	119.0	0.0	584.0	43.0	16.0	36.0	5.0	273.0	0.0	230.0	19.0	12.0	45.0	8.0	118.0	160.0	165.0	320.0	0.0	0.0	0.0	8.0	2746.0	0.0	23.0	44.0	9.0	0.0	2152.0	50.0	0.0	6.0	177.0	73.0	28.0	0.0	0.0	7.0	21.0	0.0	9.0	20.0	886.0	0.0	11.0	80.0	5.0	0.0	0.0	0.0	26.0	0.0	0.0	0.0	0.0	0.0	44.0	0.0	0.0	11.0	0.0	0.0	0.0	4.0	18.0	0.0	0.0	0.0	0.0	0.0	0.0	0.0	0.0	0.0	0.0	0.0	0.0	0.0	0.0	0.0	0.0	0.0	0.0	0.0	0.0	0.0	0.0	0.0	0.0	0.0	0.0	0.0	0.0	0.0	0.0	0.0	0.0	0.0
SRR6440772	1261.0	4961.0	683.0	11.0	2997.0	40.0	3.0	2260.0	1786.0	150.0	19.0	0.0	608.0	35.0	637.0	0.0	641.0	34.0	205.0	0.0	14.0	813.0	473.0	3.0	23.0	30.0	10.0	33.0	0.0	14.0	188.0	405.0	0.0	127.0	29.0	163.0	78.0	0.0	0.0	38.0	0.0	0.0	56.0	51.0	18.0	2261.0	49.0	41.0	0.0	538.0	28.0	41.0	239.0	19.0	319.0	0.0	89.0	0.0	455.0	4.0	13.0	27.0	0.0	97.0	0.0	88.0	13.0	0.0	3.0	0.0	149.0	124.0	72.0	113.0	0.0	0.0	0.0	0.0	543.0	0.0	12.0	15.0	2.0	0.0	0.0	11.0	4.0	0.0	78.0	0.0	23.0	0.0	0.0	0.0	29.0	0.0	0.0	0.0	588.0	0.0	0.0	68.0	0.0	0.0	0.0	0.0	28.0	0.0	0.0	0.0	0.0	0.0	33.0	0.0	4.0	0.0	0.0	0.0	0.0	0.0	0.0	0.0	0.0	0.0	0.0	0.0	0.0	0.0	0.0	0.0	0.0	0.0	0.0	0.0	0.0	0.0	0.0	0.0	0.0	0.0	0.0	0.0	0.0	0.0	0.0	0.0	0.0	0.0	0.0	0.0	0.0	0.0	0.0	0.0
SRR6440774	874.0	3626.0	721.0	0.0	2555.0	73.0	0.0	1117.0	876.0	8.0	0.0	0.0	793.0	23.0	521.0	0.0	350.0	24.0	78.0	0.0	15.0	642.0	358.0	0.0	6.0	17.0	12.0	61.0	0.0	20.0	157.0	304.0	0.0	107.0	27.0	84.0	59.0	0.0	12.0	30.0	0.0	0.0	39.0	17.0	9.0	2159.0	28.0	16.0	0.0	496.0	26.0	8.0	126.0	17.0	297.0	0.0	67.0	0.0	148.0	18.0	0.0	0.0	0.0	47.0	0.0	68.0	0.0	0.0	3.0	11.0	159.0	54.0	39.0	60.0	0.0	0.0	0.0	0.0	476.0	0.0	0.0	10.0	15.0	0.0	0.0	10.0	10.0	0.0	82.0	12.0	18.0	0.0	0.0	0.0	7.0	0.0	5.0	0.0	303.0	0.0	20.0	55.0	0.0	0.0	0.0	0.0	48.0	0.0	0.0	0.0	0.0	7.0	24.0	0.0	0.0	7.0	0.0	0.0	0.0	0.0	0.0	0.0	0.0	0.0	0.0	0.0	0.0	0.0	0.0	0.0	0.0	0.0	0.0	0.0	0.0	0.0	0.0	0.0	0.0	0.0	0.0	0.0	0.0	0.0	0.0	0.0	0.0	0.0	0.0	0.0	0.0	0.0	0.0	0.0
SRR6440775	2214.0	17290.0	3356.0	21.0	6532.0	905.0	10.0	1671.0	1135.0	65.0	96.0	0.0	860.0	12.0	1073.0	0.0	563.0	33.0	164.0	12.0	261.0	1062.0	711.0	6.0	12.0	37.0	34.0	60.0	4.0	33.0	244.0	655.0	0.0	169.0	74.0	319.0	257.0	0.0	25.0	101.0	0.0	0.0	12.0	82.0	11.0	3632.0	72.0	22.0	8.0	1275.0	6.0	74.0	57.0	54.0	344.0	0.0	175.0	0.0	211.0	2.0	0.0	15.0	8.0	117.0	0.0	142.0	14.0	0.0	30.0	5.0	32.0	282.0	109.0	293.0	0.0	0.0	0.0	4.0	1286.0	0.0	13.0	48.0	0.0	0.0	4111.0	0.0	6.0	0.0	166.0	48.0	36.0	0.0	0.0	19.0	40.0	0.0	3.0	0.0	679.0	0.0	7.0	81.0	13.0	0.0	0.0	0.0	19.0	0.0	0.0	0.0	0.0	3.0	71.0	0.0	0.0	6.0	0.0	0.0	0.0	0.0	9.0	0.0	0.0	0.0	0.0	0.0	0.0	0.0	0.0	0.0	0.0	0.0	0.0	0.0	0.0	0.0	0.0	0.0	0.0	0.0	0.0	0.0	0.0	0.0	0.0	0.0	0.0	0.0	0.0	0.0	0.0	0.0	0.0	0.0
SRR6440776	4334.0	10499.0	2060.0	11.0	10523.0	377.0	43.0	7892.0	3893.0	152.0	56.0	35.0	1285.0	444.0	2549.0	0.0	2045.0	99.0	290.0	3.0	303.0	2413.0	1786.0	59.0	18.0	201.0	0.0	96.0	0.0	178.0	246.0	617.0	0.0	783.0	134.0	1581.0	168.0	0.0	0.0	125.0	0.0	0.0	26.0	62.0	110.0	6985.0	190.0	142.0	0.0	2236.0	369.0	66.0	1833.0	6.0	673.0	0.0	70.0	8.0	776.0	82.0	23.0	76.0	0.0	221.0	0.0	401.0	65.0	0.0	0.0	17.0	238.0	233.0	188.0	377.0	0.0	0.0	4.0	0.0	1108.0	0.0	2.0	70.0	3.0	0.0	59.0	41.0	82.0	13.0	47.0	0.0	4.0	0.0	0.0	14.0	54.0	0.0	0.0	0.0	1297.0	0.0	0.0	91.0	3.0	0.0	11.0	0.0	0.0	0.0	0.0	0.0	0.0	4.0	13.0	0.0	0.0	7.0	0.0	0.0	0.0	0.0	0.0	0.0	0.0	0.0	0.0	0.0	0.0	0.0	0.0	0.0	0.0	0.0	0.0	0.0	0.0	0.0	0.0	0.0	0.0	0.0	0.0	0.0	0.0	0.0	0.0	0.0	0.0	0.0	0.0	0.0	0.0	0.0	0.0	0.0
SRR5532616	703.0	3294.0	351.0	0.0	4332.0	5835.0	90.0	708.0	3215.0	83.0	0.0	0.0	1493.0	6.0	1056.0	0.0	804.0	106.0	2351.0	15.0	174.0	221.0	54.0	1301.0	42.0	142.0	0.0	31.0	18.0	6.0	0.0	592.0	2.0	77.0	16.0	1541.0	0.0	0.0	3.0	51.0	0.0	18.0	0.0	0.0	20.0	2038.0	0.0	23.0	0.0	2708.0	840.0	0.0	0.0	0.0	68.0	2.0	29.0	0.0	10.0	0.0	157.0	0.0	3.0	3.0	6.0	0.0	0.0	13.0	81.0	21.0	5.0	17.0	344.0	29.0	35.0	0.0	33.0	70.0	457.0	6.0	28.0	20.0	0.0	3.0	67.0	0.0	4.0	4.0	0.0	0.0	48.0	0.0	0.0	0.0	0.0	61.0	9.0	0.0	15.0	10.0	15.0	0.0	0.0	0.0	88.0	0.0	0.0	22.0	20.0	5.0	6.0	0.0	6.0	0.0	20.0	0.0	0.0	0.0	0.0	0.0	16.0	5.0	0.0	33.0	0.0	0.0	0.0	0.0	36.0	0.0	0.0	0.0	0.0	0.0	4.0	0.0	36.0	0.0	0.0	0.0	24.0	0.0	0.0	0.0	0.0	0.0	0.0	0.0	0.0	0.0	0.0	0.0	0.0	0.0
SRR5532617	3994.0	2497.0	388.0	21.0	4513.0	1968.0	72.0	1054.0	2417.0	123.0	0.0	0.0	1444.0	14.0	614.0	18.0	595.0	125.0	1801.0	0.0	68.0	240.0	888.0	379.0	11.0	206.0	2.0	96.0	0.0	40.0	14.0	1775.0	0.0	776.0	0.0	1036.0	6.0	0.0	6.0	85.0	0.0	0.0	0.0	1.0	22.0	3937.0	0.0	0.0	1.0	2163.0	576.0	0.0	30.0	0.0	15.0	1.0	25.0	6.0	99.0	10.0	173.0	0.0	0.0	16.0	0.0	51.0	0.0	26.0	5.0	0.0	0.0	19.0	323.0	24.0	96.0	0.0	67.0	0.0	488.0	47.0	11.0	9.0	0.0	9.0	18.0	0.0	0.0	1.0	0.0	32.0	8.0	0.0	0.0	0.0	0.0	26.0	2.0	0.0	84.0	16.0	7.0	6.0	0.0	0.0	66.0	0.0	0.0	9.0	17.0	0.0	0.0	0.0	0.0	0.0	0.0	0.0	0.0	6.0	0.0	5.0	0.0	0.0	37.0	14.0	0.0	0.0	0.0	1.0	45.0	0.0	0.0	0.0	0.0	23.0	0.0	0.0	8.0	0.0	0.0	0.0	38.0	0.0	0.0	0.0	0.0	0.0	0.0	0.0	0.0	0.0	0.0	0.0	0.0	0.0
SRR5532618	4557.0	1853.0	702.0	11.0	5567.0	1798.0	19.0	704.0	1291.0	70.0	0.0	0.0	838.0	154.0	518.0	114.0	440.0	122.0	974.0	25.0	75.0	84.0	1437.0	93.0	0.0	175.0	9.0	40.0	6.0	29.0	0.0	1157.0	15.0	1395.0	10.0	1389.0	8.0	0.0	5.0	186.0	0.0	2.0	0.0	17.0	17.0	3774.0	0.0	0.0	0.0	1931.0	463.0	2.0	234.0	7.0	59.0	18.0	19.0	9.0	121.0	9.0	79.0	5.0	0.0	4.0	13.0	3.0	25.0	0.0	26.0	2.0	27.0	30.0	420.0	41.0	14.0	0.0	9.0	0.0	228.0	20.0	4.0	24.0	0.0	14.0	61.0	2.0	4.0	12.0	10.0	30.0	6.0	0.0	0.0	0.0	0.0	32.0	27.0	0.0	120.0	12.0	40.0	0.0	2.0	0.0	15.0	0.0	0.0	0.0	4.0	71.0	28.0	0.0	0.0	0.0	0.0	0.0	0.0	0.0	0.0	3.0	10.0	0.0	41.0	1.0	0.0	0.0	0.0	4.0	0.0	34.0	0.0	0.0	0.0	0.0	0.0	0.0	13.0	0.0	0.0	0.0	107.0	0.0	0.0	0.0	0.0	0.0	0.0	0.0	0.0	0.0	0.0	0.0	0.0	0.0
SRR5532619	719.0	1914.0	869.0	0.0	6088.0	2471.0	448.0	217.0	2121.0	112.0	0.0	0.0	925.0	7.0	755.0	0.0	732.0	16.0	3241.0	0.0	533.0	13.0	538.0	262.0	40.0	243.0	0.0	0.0	8.0	90.0	0.0	1078.0	0.0	4.0	62.0	691.0	0.0	397.0	1.0	3.0	7.0	0.0	0.0	101.0	91.0	3874.0	0.0	0.0	7.0	4523.0	379.0	0.0	48.0	0.0	129.0	0.0	0.0	58.0	102.0	15.0	250.0	9.0	6.0	26.0	435.0	0.0	45.0	1110.0	186.0	0.0	25.0	0.0	163.0	9.0	236.0	0.0	0.0	5.0	214.0	195.0	79.0	8.0	0.0	0.0	64.0	78.0	0.0	0.0	0.0	42.0	36.0	0.0	0.0	0.0	0.0	132.0	27.0	0.0	127.0	135.0	0.0	0.0	10.0	0.0	126.0	0.0	0.0	18.0	74.0	209.0	20.0	0.0	63.0	0.0	0.0	11.0	8.0	16.0	0.0	144.0	15.0	32.0	26.0	1.0	0.0	0.0	0.0	10.0	157.0	0.0	0.0	0.0	0.0	0.0	0.0	0.0	25.0	1.0	8.0	24.0	99.0	0.0	0.0	0.0	3.0	0.0	0.0	0.0	0.0	0.0	0.0	0.0	0.0	0.0
SRR5532620	2171.0	2438.0	1236.0	0.0	3143.0	756.0	65.0	327.0	705.0	65.0	0.0	2.0	598.0	77.0	906.0	63.0	241.0	36.0	707.0	123.0	78.0	53.0	1312.0	58.0	0.0	111.0	89.0	72.0	9.0	47.0	0.0	996.0	4.0	532.0	916.0	566.0	8.0	0.0	25.0	87.0	10.0	0.0	0.0	31.0	0.0	2127.0	0.0	0.0	0.0	1732.0	301.0	0.0	164.0	3.0	62.0	6.0	40.0	13.0	47.0	5.0	60.0	9.0	0.0	0.0	611.0	0.0	29.0	18.0	277.0	0.0	19.0	15.0	141.0	35.0	72.0	0.0	20.0	0.0	181.0	10.0	44.0	12.0	0.0	7.0	3905.0	3.0	3.0	32.0	299.0	63.0	56.0	0.0	0.0	0.0	0.0	55.0	37.0	36.0	63.0	7.0	8.0	5.0	13.0	0.0	26.0	0.0	0.0	17.0	4.0	92.0	20.0	0.0	0.0	0.0	0.0	0.0	0.0	0.0	0.0	0.0	14.0	0.0	132.0	14.0	0.0	0.0	0.0	11.0	1.0	12.0	0.0	0.0	0.0	0.0	0.0	0.0	27.0	0.0	0.0	0.0	51.0	0.0	0.0	0.0	0.0	0.0	0.0	0.0	0.0	0.0	0.0	0.0	0.0	0.0
SRR5532621	757.0	2943.0	268.0	0.0	3927.0	6709.0	70.0	1126.0	3149.0	212.0	0.0	0.0	2298.0	0.0	1274.0	0.0	673.0	122.0	2106.0	10.0	114.0	221.0	27.0	865.0	9.0	70.0	0.0	52.0	57.0	0.0	0.0	879.0	13.0	98.0	22.0	729.0	0.0	0.0	0.0	9.0	0.0	12.0	0.0	6.0	62.0	2907.0	0.0	30.0	0.0	2057.0	159.0	0.0	0.0	0.0	25.0	1.0	28.0	0.0	21.0	17.0	47.0	0.0	0.0	7.0	64.0	0.0	0.0	30.0	84.0	63.0	83.0	14.0	120.0	8.0	68.0	0.0	59.0	16.0	733.0	3.0	18.0	40.0	0.0	0.0	35.0	0.0	0.0	0.0	0.0	0.0	38.0	0.0	0.0	0.0	0.0	48.0	8.0	0.0	11.0	19.0	10.0	0.0	0.0	0.0	71.0	0.0	0.0	7.0	7.0	28.0	0.0	0.0	0.0	0.0	0.0	0.0	0.0	0.0	0.0	0.0	0.0	0.0	0.0	15.0	0.0	0.0	0.0	5.0	27.0	0.0	0.0	0.0	0.0	0.0	0.0	0.0	4.0	0.0	0.0	0.0	50.0	0.0	0.0	0.0	0.0	0.0	0.0	0.0	0.0	0.0	0.0	0.0	0.0	0.0
SRR5532622	4117.0	3771.0	491.0	40.0	7323.0	1730.0	35.0	1279.0	2801.0	318.0	2.0	0.0	2503.0	29.0	606.0	15.0	443.0	140.0	1860.0	0.0	74.0	172.0	1000.0	376.0	0.0	122.0	6.0	142.0	0.0	6.0	9.0	1462.0	2.0	801.0	10.0	1103.0	0.0	0.0	9.0	86.0	0.0	0.0	0.0	0.0	6.0	3455.0	0.0	0.0	0.0	2207.0	493.0	0.0	36.0	0.0	19.0	1.0	23.0	0.0	105.0	4.0	115.0	2.0	0.0	17.0	0.0	58.0	0.0	3.0	20.0	0.0	4.0	23.0	334.0	29.0	95.0	0.0	25.0	0.0	472.0	12.0	13.0	94.0	3.0	0.0	65.0	0.0	0.0	4.0	0.0	39.0	0.0	0.0	0.0	0.0	0.0	28.0	7.0	0.0	79.0	22.0	3.0	0.0	0.0	0.0	55.0	0.0	0.0	1.0	9.0	2.0	0.0	0.0	0.0	0.0	4.0	0.0	0.0	2.0	0.0	0.0	6.0	0.0	41.0	0.0	0.0	0.0	0.0	2.0	19.0	0.0	0.0	0.0	0.0	0.0	0.0	0.0	0.0	0.0	2.0	0.0	49.0	0.0	0.0	0.0	0.0	0.0	0.0	0.0	0.0	0.0	0.0	0.0	0.0	0.0
SRR5532623	4059.0	4140.0	757.0	40.0	5468.0	1947.0	15.0	648.0	1262.0	74.0	10.0	0.0	893.0	102.0	509.0	108.0	548.0	121.0	1021.0	38.0	63.0	148.0	2897.0	91.0	0.0	261.0	12.0	78.0	12.0	36.0	0.0	1570.0	0.0	1331.0	115.0	1726.0	15.0	0.0	10.0	228.0	0.0	0.0	4.0	47.0	32.0	4813.0	0.0	0.0	0.0	1887.0	703.0	5.0	300.0	0.0	105.0	19.0	31.0	5.0	123.0	33.0	118.0	11.0	0.0	0.0	10.0	3.0	33.0	4.0	24.0	2.0	35.0	68.0	386.0	31.0	22.0	0.0	63.0	0.0	409.0	9.0	22.0	38.0	4.0	7.0	476.0	4.0	0.0	18.0	5.0	30.0	5.0	0.0	0.0	0.0	0.0	82.0	52.0	0.0	244.0	0.0	86.0	2.0	2.0	0.0	12.0	0.0	0.0	1.0	0.0	53.0	11.0	0.0	0.0	0.0	0.0	0.0	0.0	4.0	0.0	8.0	1.0	0.0	44.0	2.0	0.0	0.0	0.0	9.0	3.0	76.0	0.0	0.0	0.0	0.0	0.0	0.0	5.0	0.0	0.0	0.0	76.0	0.0	0.0	0.0	0.0	0.0	0.0	0.0	0.0	0.0	0.0	0.0	0.0	0.0
SRR5532624	463.0	1686.0	479.0	0.0	2947.0	4023.0	300.0	330.0	2913.0	62.0	0.0	0.0	1620.0	0.0	781.0	0.0	1047.0	3.0	3251.0	8.0	276.0	24.0	137.0	520.0	7.0	220.0	2.0	10.0	6.0	62.0	0.0	664.0	0.0	26.0	8.0	986.0	0.0	0.0	18.0	9.0	0.0	9.0	0.0	0.0	4.0	2450.0	0.0	0.0	3.0	4625.0	457.0	0.0	0.0	0.0	259.0	1.0	27.0	11.0	0.0	5.0	152.0	0.0	0.0	14.0	49.0	0.0	0.0	68.0	27.0	2.0	10.0	10.0	110.0	28.0	351.0	0.0	18.0	27.0	233.0	138.0	68.0	12.0	0.0	0.0	12.0	0.0	0.0	0.0	0.0	25.0	37.0	0.0	0.0	0.0	0.0	113.0	45.0	20.0	48.0	1.0	0.0	0.0	17.0	0.0	281.0	0.0	0.0	40.0	47.0	116.0	17.0	0.0	0.0	0.0	26.0	0.0	0.0	83.0	3.0	10.0	27.0	0.0	0.0	36.0	0.0	0.0	0.0	18.0	77.0	0.0	0.0	23.0	0.0	0.0	0.0	0.0	32.0	2.0	0.0	32.0	53.0	1.0	0.0	0.0	0.0	0.0	0.0	0.0	0.0	0.0	0.0	0.0	0.0	0.0
SRR5532625	3275.0	1755.0	1060.0	0.0	4724.0	1577.0	241.0	839.0	1561.0	124.0	1.0	0.0	627.0	28.0	636.0	30.0	349.0	52.0	4144.0	0.0	124.0	56.0	553.0	225.0	3.0	128.0	12.0	3.0	2.0	161.0	0.0	1268.0	3.0	500.0	5.0	572.0	6.0	3.0	4.0	35.0	0.0	5.0	2.0	0.0	0.0	2499.0	0.0	0.0	0.0	2213.0	378.0	0.0	42.0	0.0	37.0	0.0	17.0	11.0	83.0	0.0	91.0	0.0	0.0	2.0	2227.0	43.0	0.0	117.0	28.0	0.0	2.0	16.0	144.0	23.0	1352.0	0.0	0.0	0.0	248.0	175.0	66.0	82.0	2.0	0.0	76.0	0.0	0.0	0.0	14.0	52.0	11.0	0.0	0.0	0.0	0.0	86.0	60.0	12.0	92.0	21.0	0.0	3.0	2.0	0.0	133.0	0.0	0.0	30.0	25.0	5.0	0.0	0.0	0.0	0.0	8.0	0.0	0.0	30.0	0.0	10.0	7.0	0.0	170.0	29.0	0.0	0.0	0.0	9.0	60.0	8.0	0.0	29.0	0.0	124.0	0.0	0.0	11.0	4.0	6.0	0.0	35.0	0.0	0.0	0.0	111.0	0.0	0.0	0.0	0.0	0.0	0.0	0.0	0.0	0.0
SRR5532693	263.0	1189.0	299.0	0.0	2648.0	3797.0	126.0	421.0	969.0	40.0	0.0	0.0	892.0	14.0	1195.0	0.0	1963.0	2.0	2366.0	0.0	164.0	70.0	34.0	888.0	6.0	296.0	19.0	6.0	7.0	28.0	0.0	821.0	0.0	19.0	19.0	1418.0	0.0	0.0	0.0	16.0	1.0	5.0	0.0	0.0	14.0	4312.0	0.0	18.0	9.0	6153.0	695.0	4.0	0.0	0.0	250.0	4.0	14.0	0.0	0.0	18.0	230.0	0.0	0.0	17.0	95.0	2.0	0.0	42.0	65.0	0.0	4.0	30.0	143.0	17.0	285.0	0.0	33.0	61.0	146.0	97.0	83.0	15.0	0.0	3.0	11.0	0.0	0.0	0.0	16.0	12.0	74.0	0.0	0.0	0.0	0.0	174.0	60.0	0.0	123.0	39.0	7.0	0.0	21.0	0.0	362.0	0.0	0.0	5.0	35.0	119.0	23.0	0.0	0.0	0.0	22.0	0.0	0.0	9.0	1.0	5.0	6.0	33.0	0.0	1.0	0.0	0.0	0.0	9.0	64.0	0.0	0.0	31.0	0.0	0.0	0.0	0.0	51.0	4.0	2.0	0.0	103.0	0.0	0.0	0.0	0.0	0.0	0.0	0.0	0.0	0.0	0.0	0.0	0.0	0.0
SRR5532695	4575.0	2882.0	593.0	31.0	4618.0	1726.0	54.0	807.0	2111.0	101.0	1.0	0.0	1177.0	90.0	645.0	163.0	568.0	123.0	1221.0	34.0	90.0	189.0	2635.0	105.0	29.0	296.0	3.0	25.0	5.0	40.0	0.0	1550.0	16.0	1302.0	2.0	1625.0	22.0	0.0	0.0	74.0	2.0	0.0	0.0	43.0	70.0	5874.0	0.0	0.0	0.0	3181.0	792.0	0.0	388.0	0.0	92.0	42.0	56.0	0.0	126.0	7.0	179.0	6.0	0.0	16.0	20.0	6.0	21.0	4.0	94.0	2.0	33.0	51.0	370.0	31.0	45.0	0.0	46.0	0.0	480.0	21.0	19.0	40.0	7.0	34.0	441.0	2.0	2.0	1.0	53.0	37.0	5.0	0.0	0.0	0.0	0.0	119.0	90.0	0.0	155.0	0.0	109.0	0.0	0.0	0.0	16.0	0.0	0.0	2.0	0.0	48.0	26.0	0.0	0.0	0.0	13.0	0.0	0.0	0.0	0.0	0.0	5.0	0.0	20.0	35.0	0.0	0.0	0.0	5.0	3.0	9.0	0.0	0.0	0.0	0.0	0.0	0.0	18.0	0.0	0.0	0.0	107.0	0.0	0.0	0.0	0.0	0.0	0.0	0.0	0.0	0.0	0.0	0.0	0.0	0.0
SRR5532798	2983.0	2244.0	329.0	0.0	3034.0	1213.0	28.0	917.0	1631.0	42.0	0.0	0.0	1146.0	15.0	506.0	3.0	429.0	86.0	1311.0	0.0	42.0	153.0	769.0	320.0	9.0	179.0	20.0	59.0	3.0	27.0	0.0	1018.0	0.0	523.0	6.0	720.0	0.0	0.0	15.0	63.0	0.0	2.0	0.0	0.0	0.0	2773.0	0.0	0.0	1.0	1742.0	382.0	0.0	219.0	0.0	23.0	0.0	6.0	0.0	48.0	0.0	131.0	9.0	0.0	12.0	0.0	43.0	0.0	15.0	30.0	0.0	3.0	9.0	149.0	2.0	144.0	0.0	41.0	0.0	359.0	52.0	14.0	32.0	0.0	9.0	497.0	0.0	0.0	0.0	117.0	34.0	0.0	0.0	0.0	0.0	0.0	48.0	0.0	0.0	93.0	4.0	0.0	0.0	0.0	0.0	43.0	0.0	0.0	0.0	11.0	1.0	0.0	0.0	0.0	0.0	0.0	0.0	0.0	0.0	1.0	2.0	0.0	1.0	47.0	2.0	0.0	0.0	0.0	0.0	26.0	0.0	0.0	0.0	0.0	0.0	0.0	0.0	0.0	0.0	4.0	0.0	21.0	0.0	2.0	0.0	0.0	0.0	0.0	0.0	0.0	0.0	0.0	0.0	0.0	0.0
SRR5532799	2913.0	2535.0	1035.0	32.0	5551.0	1917.0	131.0	719.0	1503.0	66.0	0.0	0.0	935.0	77.0	1155.0	99.0	486.0	121.0	2114.0	49.0	227.0	90.0	1366.0	57.0	0.0	229.0	15.0	33.0	6.0	125.0	0.0	1006.0	0.0	608.0	223.0	1508.0	4.0	0.0	4.0	216.0	0.0	0.0	0.0	26.0	6.0	3051.0	11.0	0.0	0.0	3203.0	902.0	6.0	176.0	0.0	59.0	13.0	32.0	32.0	86.0	0.0	135.0	10.0	0.0	9.0	1180.0	4.0	29.0	10.0	32.0	0.0	53.0	28.0	206.0	32.0	148.0	0.0	11.0	0.0	255.0	55.0	64.0	56.0	5.0	0.0	572.0	9.0	0.0	9.0	116.0	78.0	35.0	0.0	0.0	0.0	0.0	142.0	74.0	9.0	96.0	2.0	36.0	2.0	32.0	0.0	53.0	0.0	1.0	12.0	0.0	179.0	73.0	0.0	0.0	0.0	0.0	0.0	0.0	0.0	3.0	0.0	11.0	3.0	126.0	53.0	0.0	0.0	0.0	32.0	0.0	108.0	0.0	18.0	0.0	0.0	3.0	0.0	37.0	0.0	0.0	0.0	106.0	0.0	4.0	0.0	0.0	0.0	0.0	0.0	0.0	0.0	0.0	0.0	0.0	0.0
SRR5532800	796.0	2229.0	265.0	0.0	3410.0	4910.0	114.0	761.0	2254.0	76.0	0.0	0.0	1789.0	0.0	930.0	0.0	1550.0	158.0	2685.0	0.0	157.0	115.0	26.0	1618.0	24.0	265.0	8.0	24.0	14.0	15.0	0.0	751.0	0.0	62.0	0.0	2110.0	0.0	0.0	6.0	44.0	0.0	13.0	0.0	0.0	33.0	2711.0	0.0	34.0	0.0	4972.0	910.0	3.0	0.0	0.0	249.0	1.0	52.0	0.0	1.0	0.0	155.0	0.0	0.0	9.0	3.0	0.0	0.0	11.0	89.0	15.0	12.0	13.0	344.0	29.0	77.0	0.0	64.0	49.0	570.0	50.0	39.0	29.0	0.0	17.0	107.0	0.0	0.0	6.0	0.0	0.0	64.0	0.0	0.0	0.0	0.0	39.0	23.0	0.0	11.0	30.0	7.0	5.0	0.0	0.0	184.0	0.0	0.0	22.0	0.0	19.0	8.0	0.0	6.0	0.0	36.0	0.0	0.0	2.0	0.0	0.0	0.0	0.0	0.0	15.0	0.0	0.0	0.0	2.0	56.0	0.0	0.0	0.0	0.0	0.0	0.0	0.0	55.0	0.0	0.0	0.0	72.0	0.0	0.0	0.0	0.0	0.0	0.0	0.0	0.0	0.0	0.0	0.0	0.0	0.0
SRR5532801	1448.0	912.0	1167.0	5.0	1784.0	1324.0	629.0	606.0	1185.0	104.0	0.0	0.0	604.0	34.0	553.0	22.0	413.0	29.0	3642.0	7.0	91.0	21.0	459.0	395.0	0.0	300.0	14.0	1.0	0.0	186.0	0.0	1097.0	3.0	463.0	27.0	570.0	2.0	0.0	35.0	44.0	0.0	0.0	0.0	0.0	0.0	2622.0	0.0	0.0	8.0	4192.0	342.0	0.0	0.0	0.0	45.0	0.0	16.0	13.0	44.0	15.0	110.0	0.0	0.0	25.0	6580.0	39.0	0.0	164.0	39.0	0.0	4.0	9.0	58.0	2.0	2118.0	0.0	10.0	0.0	162.0	404.0	126.0	80.0	0.0	0.0	119.0	0.0	0.0	0.0	13.0	60.0	19.0	0.0	0.0	0.0	0.0	219.0	72.0	26.0	68.0	33.0	0.0	6.0	1.0	0.0	150.0	0.0	0.0	30.0	22.0	4.0	11.0	0.0	0.0	0.0	21.0	0.0	0.0	65.0	0.0	35.0	7.0	25.0	188.0	50.0	2.0	0.0	0.0	14.0	74.0	0.0	0.0	27.0	0.0	205.0	0.0	0.0	27.0	4.0	3.0	15.0	48.0	8.0	0.0	0.0	21.0	1.0	0.0	0.0	0.0	0.0	0.0	0.0	0.0	0.0
SRR5532802	2766.0	1840.0	845.0	0.0	3966.0	1598.0	313.0	857.0	1453.0	101.0	0.0	0.0	966.0	102.0	544.0	17.0	445.0	43.0	4433.0	33.0	71.0	71.0	368.0	145.0	0.0	161.0	31.0	30.0	0.0	72.0	0.0	778.0	0.0	670.0	19.0	622.0	1.0	0.0	15.0	54.0	0.0	0.0	0.0	23.0	1.0	2610.0	0.0	0.0	0.0	2766.0	534.0	0.0	71.0	0.0	55.0	0.0	1.0	6.0	60.0	10.0	79.0	0.0	0.0	23.0	1141.0	35.0	0.0	73.0	20.0	0.0	5.0	16.0	87.0	4.0	814.0	0.0	7.0	0.0	242.0	164.0	78.0	117.0	0.0	0.0	638.0	2.0	0.0	2.0	458.0	75.0	20.0	0.0	0.0	0.0	0.0	62.0	25.0	0.0	71.0	17.0	0.0	0.0	2.0	0.0	193.0	0.0	1.0	24.0	26.0	14.0	12.0	0.0	0.0	0.0	0.0	0.0	0.0	38.0	0.0	0.0	7.0	0.0	200.0	0.0	0.0	0.0	0.0	10.0	108.0	14.0	0.0	26.0	0.0	89.0	0.0	5.0	14.0	0.0	0.0	6.0	15.0	19.0	0.0	0.0	24.0	0.0	15.0	0.0	0.0	0.0	0.0	0.0	0.0	0.0
SRR5532803	3679.0	1803.0	716.0	14.0	4430.0	1983.0	118.0	648.0	1300.0	96.0	0.0	0.0	414.0	46.0	997.0	105.0	273.0	3.0	2627.0	17.0	164.0	109.0	812.0	53.0	0.0	110.0	4.0	0.0	17.0	124.0	0.0	1526.0	2.0	553.0	32.0	1341.0	0.0	0.0	4.0	47.0	0.0	0.0	0.0	23.0	0.0	3520.0	0.0	0.0	1.0	2972.0	920.0	4.0	135.0	0.0	138.0	6.0	32.0	27.0	100.0	0.0	120.0	10.0	0.0	0.0	3090.0	4.0	0.0	12.0	14.0	0.0	24.0	29.0	224.0	32.0	110.0	0.0	7.0	0.0	157.0	52.0	66.0	22.0	6.0	0.0	159.0	0.0	0.0	22.0	0.0	52.0	83.0	0.0	0.0	0.0	0.0	108.0	58.0	0.0	115.0	30.0	25.0	0.0	3.0	0.0	100.0	0.0	6.0	8.0	10.0	190.0	114.0	0.0	0.0	0.0	0.0	0.0	0.0	0.0	2.0	0.0	4.0	2.0	343.0	25.0	0.0	0.0	0.0	80.0	10.0	3.0	0.0	33.0	0.0	0.0	0.0	0.0	30.0	0.0	2.0	0.0	161.0	21.0	0.0	0.0	0.0	0.0	0.0	0.0	0.0	0.0	0.0	0.0	0.0	0.0
SRR5532804	517.0	399.0	196.0	0.0	1729.0	4634.0	230.0	501.0	1237.0	63.0	0.0	0.0	488.0	0.0	706.0	0.0	1127.0	16.0	2688.0	0.0	0.0	33.0	26.0	499.0	3.0	246.0	0.0	4.0	10.0	76.0	0.0	352.0	3.0	26.0	5.0	1331.0	0.0	0.0	15.0	2.0	0.0	7.0	0.0	0.0	3.0	5100.0	0.0	0.0	0.0	5312.0	726.0	3.0	0.0	0.0	307.0	2.0	12.0	15.0	0.0	3.0	137.0	0.0	0.0	27.0	129.0	0.0	0.0	78.0	16.0	0.0	23.0	24.0	124.0	20.0	222.0	0.0	0.0	6.0	46.0	138.0	49.0	38.0	0.0	0.0	0.0	3.0	0.0	7.0	0.0	7.0	74.0	0.0	0.0	0.0	0.0	156.0	29.0	0.0	79.0	28.0	0.0	7.0	2.0	0.0	255.0	0.0	0.0	49.0	15.0	60.0	13.0	0.0	0.0	0.0	0.0	0.0	0.0	19.0	4.0	6.0	0.0	0.0	53.0	24.0	0.0	0.0	0.0	2.0	72.0	0.0	0.0	0.0	0.0	0.0	0.0	0.0	31.0	2.0	5.0	0.0	57.0	1.0	2.0	6.0	0.0	0.0	0.0	0.0	0.0	0.0	0.0	0.0	0.0	0.0
SRR5532805	3103.0	2857.0	1549.0	0.0	5063.0	1765.0	310.0	887.0	1420.0	164.0	0.0	0.0	977.0	105.0	869.0	19.0	330.0	47.0	3860.0	42.0	55.0	73.0	594.0	429.0	0.0	273.0	42.0	22.0	0.0	134.0	0.0	1237.0	4.0	632.0	187.0	846.0	0.0	0.0	18.0	65.0	0.0	0.0	0.0	7.0	98.0	3008.0	0.0	0.0	5.0	3386.0	533.0	11.0	27.0	0.0	72.0	0.0	15.0	14.0	76.0	17.0	172.0	12.0	0.0	0.0	758.0	53.0	0.0	92.0	135.0	2.0	4.0	17.0	90.0	18.0	739.0	0.0	12.0	18.0	306.0	179.0	94.0	100.0	6.0	0.0	1678.0	4.0	0.0	0.0	89.0	44.0	18.0	0.0	0.0	0.0	0.0	105.0	38.0	7.0	84.0	20.0	0.0	0.0	3.0	0.0	176.0	0.0	0.0	46.0	31.0	21.0	0.0	0.0	0.0	0.0	0.0	0.0	0.0	34.0	0.0	0.0	22.0	20.0	249.0	17.0	0.0	0.0	0.0	23.0	93.0	0.0	0.0	0.0	0.0	30.0	0.0	0.0	7.0	0.0	0.0	3.0	50.0	0.0	0.0	0.0	17.0	0.0	15.0	0.0	0.0	0.0	0.0	0.0	0.0	0.0
SRR5532806	1647.0	681.0	562.0	13.0	2546.0	964.0	103.0	203.0	497.0	68.0	0.0	0.0	195.0	47.0	467.0	59.0	202.0	4.0	1140.0	0.0	83.0	18.0	885.0	73.0	0.0	128.0	0.0	3.0	0.0	136.0	0.0	797.0	7.0	457.0	38.0	772.0	0.0	0.0	13.0	39.0	0.0	3.0	0.0	27.0	4.0	3724.0	0.0	0.0	0.0	1566.0	411.0	0.0	74.0	0.0	56.0	1.0	21.0	14.0	54.0	8.0	83.0	13.0	0.0	2.0	1171.0	0.0	7.0	5.0	0.0	5.0	11.0	22.0	118.0	25.0	85.0	0.0	0.0	0.0	41.0	60.0	27.0	12.0	0.0	0.0	215.0	9.0	0.0	1.0	0.0	44.0	56.0	0.0	0.0	0.0	0.0	144.0	25.0	1.0	76.0	5.0	2.0	3.0	37.0	0.0	44.0	0.0	0.0	23.0	0.0	82.0	54.0	0.0	0.0	0.0	0.0	0.0	0.0	5.0	10.0	4.0	3.0	0.0	166.0	1.0	5.0	0.0	0.0	23.0	0.0	14.0	0.0	51.0	0.0	0.0	0.0	0.0	22.0	3.0	0.0	5.0	39.0	0.0	0.0	0.0	0.0	0.0	0.0	0.0	0.0	0.0	0.0	0.0	0.0	0.0
SRR5532807	830.0	3361.0	384.0	0.0	3998.0	5803.0	114.0	935.0	2875.0	98.0	0.0	0.0	1491.0	0.0	818.0	0.0	1241.0	106.0	3039.0	0.0	145.0	123.0	8.0	1934.0	33.0	192.0	26.0	44.0	10.0	22.0	0.0	592.0	0.0	58.0	0.0	1051.0	0.0	0.0	0.0	62.0	0.0	3.0	0.0	0.0	39.0	1934.0	0.0	20.0	0.0	3958.0	867.0	3.0	0.0	0.0	139.0	2.0	59.0	0.0	0.0	0.0	155.0	0.0	0.0	1.0	7.0	0.0	0.0	20.0	56.0	16.0	3.0	31.0	388.0	43.0	58.0	0.0	54.0	70.0	572.0	49.0	35.0	27.0	0.0	3.0	45.0	0.0	0.0	0.0	0.0	1.0	44.0	0.0	0.0	0.0	0.0	75.0	23.0	0.0	35.0	36.0	5.0	0.0	1.0	0.0	143.0	0.0	5.0	7.0	25.0	25.0	12.0	0.0	0.0	0.0	24.0	0.0	0.0	0.0	4.0	0.0	0.0	2.0	20.0	0.0	0.0	0.0	0.0	9.0	55.0	0.0	0.0	0.0	0.0	0.0	0.0	0.0	33.0	0.0	1.0	0.0	33.0	2.0	0.0	0.0	0.0	0.0	0.0	0.0	0.0	0.0	0.0	0.0	0.0	0.0
SRR5532808	3277.0	2685.0	379.0	0.0	4658.0	1607.0	70.0	1432.0	2646.0	146.0	0.0	0.0	1506.0	28.0	497.0	14.0	595.0	106.0	1621.0	0.0	88.0	223.0	610.0	241.0	10.0	113.0	0.0	64.0	2.0	19.0	0.0	1115.0	0.0	808.0	0.0	1135.0	1.0	0.0	14.0	53.0	0.0	3.0	0.0	0.0	9.0	3006.0	5.0	0.0	0.0	2241.0	791.0	0.0	23.0	0.0	13.0	0.0	22.0	0.0	75.0	4.0	65.0	0.0	0.0	13.0	13.0	51.0	0.0	19.0	17.0	0.0	7.0	20.0	241.0	19.0	95.0	0.0	55.0	0.0	368.0	14.0	28.0	18.0	0.0	8.0	59.0	0.0	0.0	0.0	0.0	35.0	0.0	0.0	0.0	0.0	0.0	108.0	0.0	0.0	114.0	37.0	0.0	0.0	0.0	0.0	62.0	0.0	0.0	8.0	16.0	2.0	0.0	0.0	0.0	0.0	2.0	0.0	0.0	0.0	0.0	0.0	3.0	3.0	53.0	9.0	0.0	0.0	0.0	10.0	27.0	0.0	0.0	0.0	0.0	0.0	0.0	0.0	0.0	0.0	5.0	0.0	46.0	0.0	1.0	0.0	0.0	0.0	0.0	0.0	0.0	0.0	0.0	0.0	0.0	0.0
SRR5532809	3183.0	2628.0	917.0	25.0	4740.0	1118.0	23.0	439.0	1467.0	44.0	0.0	0.0	935.0	71.0	495.0	89.0	460.0	77.0	621.0	64.0	90.0	57.0	2259.0	81.0	0.0	162.0	16.0	16.0	16.0	32.0	0.0	1187.0	6.0	1221.0	15.0	1080.0	4.0	0.0	15.0	159.0	0.0	0.0	0.0	62.0	14.0	4158.0	0.0	0.0	0.0	2125.0	473.0	0.0	122.0	0.0	65.0	0.0	26.0	10.0	125.0	11.0	94.0	19.0	0.0	5.0	21.0	5.0	28.0	0.0	17.0	0.0	18.0	31.0	239.0	35.0	2.0	0.0	7.0	0.0	298.0	6.0	16.0	2.0	0.0	0.0	942.0	0.0	0.0	8.0	67.0	21.0	6.0	0.0	0.0	0.0	0.0	67.0	19.0	0.0	128.0	0.0	40.0	0.0	0.0	0.0	6.0	0.0	2.0	0.0	0.0	36.0	21.0	0.0	0.0	0.0	0.0	0.0	0.0	6.0	0.0	7.0	0.0	0.0	41.0	0.0	0.0	0.0	0.0	0.0	0.0	2.0	0.0	0.0	0.0	0.0	0.0	0.0	0.0	0.0	0.0	0.0	40.0	0.0	3.0	0.0	0.0	0.0	0.0	0.0	0.0	0.0	0.0	0.0	0.0	0.0
SRR5224546	1152.0	2536.0	2319.0	0.0	1966.0	4084.0	149.0	209.0	637.0	529.0	0.0	0.0	661.0	192.0	1712.0	0.0	0.0	85.0	210.0	0.0	0.0	0.0	567.0	487.0	33.0	0.0	0.0	35.0	15.0	0.0	0.0	140.0	85.0	24.0	128.0	104.0	0.0	0.0	18.0	351.0	0.0	0.0	9.0	0.0	0.0	278.0	0.0	0.0	0.0	98.0	0.0	0.0	0.0	0.0	0.0	0.0	0.0	0.0	0.0	131.0	0.0	0.0	0.0	15.0	0.0	0.0	0.0	0.0	17.0	283.0	488.0	0.0	0.0	132.0	0.0	0.0	0.0	0.0	0.0	0.0	0.0	0.0	9.0	0.0	0.0	0.0	0.0	0.0	0.0	0.0	0.0	0.0	0.0	0.0	0.0	0.0	0.0	0.0	0.0	0.0	0.0	0.0	0.0	0.0	0.0	0.0	0.0	0.0	0.0	0.0	0.0	0.0	0.0	0.0	0.0	0.0	0.0	0.0	0.0	0.0	0.0	0.0	0.0	0.0	0.0	0.0	0.0	0.0	0.0	0.0	0.0	0.0	0.0	0.0	0.0	0.0	0.0	0.0	0.0	0.0	0.0	0.0	0.0	0.0	0.0	0.0	0.0	0.0	0.0	0.0	0.0	0.0	0.0	0.0
SRR5224549	507.0	2143.0	782.0	0.0	1302.0	2516.0	233.0	894.0	1825.0	443.0	16.0	0.0	316.0	66.0	723.0	0.0	0.0	154.0	211.0	0.0	0.0	21.0	112.0	396.0	0.0	0.0	0.0	36.0	0.0	0.0	0.0	96.0	0.0	27.0	12.0	0.0	0.0	0.0	30.0	214.0	0.0	0.0	0.0	0.0	0.0	0.0	0.0	0.0	0.0	0.0	0.0	0.0	0.0	0.0	0.0	0.0	0.0	0.0	0.0	0.0	0.0	0.0	0.0	0.0	0.0	0.0	0.0	0.0	0.0	20.0	0.0	22.0	60.0	47.0	0.0	26.0	0.0	0.0	12.0	0.0	0.0	0.0	0.0	0.0	0.0	0.0	0.0	0.0	0.0	0.0	0.0	0.0	0.0	0.0	0.0	0.0	0.0	0.0	0.0	0.0	0.0	0.0	0.0	0.0	0.0	0.0	0.0	0.0	0.0	0.0	0.0	0.0	0.0	0.0	0.0	0.0	0.0	0.0	0.0	0.0	0.0	0.0	0.0	0.0	0.0	0.0	0.0	0.0	0.0	0.0	0.0	0.0	0.0	0.0	0.0	0.0	0.0	0.0	0.0	0.0	0.0	0.0	0.0	0.0	0.0	0.0	0.0	0.0	0.0	0.0	0.0	0.0	0.0	0.0
SRR5224552	1434.0	3635.0	2939.0	0.0	3709.0	4756.0	193.0	427.0	1838.0	212.0	82.0	0.0	1265.0	113.0	1669.0	0.0	41.0	311.0	681.0	0.0	0.0	46.0	647.0	549.0	26.0	0.0	0.0	85.0	24.0	0.0	0.0	158.0	69.0	111.0	142.0	0.0	0.0	0.0	55.0	353.0	4.0	0.0	0.0	0.0	0.0	516.0	0.0	0.0	0.0	228.0	19.0	0.0	19.0	0.0	0.0	11.0	0.0	0.0	0.0	38.0	0.0	0.0	0.0	22.0	0.0	0.0	0.0	0.0	0.0	648.0	129.0	21.0	47.0	165.0	0.0	0.0	0.0	0.0	0.0	0.0	0.0	0.0	0.0	0.0	0.0	0.0	0.0	0.0	0.0	0.0	0.0	0.0	0.0	0.0	0.0	0.0	0.0	0.0	0.0	0.0	0.0	0.0	0.0	0.0	0.0	0.0	0.0	0.0	0.0	0.0	0.0	0.0	0.0	0.0	0.0	0.0	0.0	0.0	0.0	0.0	0.0	0.0	0.0	0.0	0.0	0.0	0.0	0.0	0.0	0.0	0.0	0.0	0.0	0.0	0.0	0.0	0.0	0.0	0.0	0.0	0.0	0.0	0.0	0.0	0.0	0.0	0.0	0.0	0.0	0.0	0.0	0.0	0.0	0.0
SRR5224555	444.0	2510.0	1058.0	0.0	1830.0	3744.0	282.0	531.0	1731.0	210.0	0.0	0.0	576.0	71.0	588.0	0.0	0.0	8.0	313.0	0.0	131.0	0.0	238.0	672.0	0.0	0.0	0.0	0.0	23.0	0.0	0.0	71.0	0.0	0.0	10.0	165.0	0.0	0.0	72.0	224.0	10.0	0.0	0.0	0.0	0.0	0.0	0.0	0.0	0.0	7.0	0.0	0.0	0.0	0.0	0.0	0.0	0.0	0.0	0.0	0.0	0.0	0.0	0.0	0.0	0.0	0.0	0.0	0.0	0.0	181.0	0.0	12.0	52.0	31.0	0.0	0.0	0.0	0.0	0.0	0.0	0.0	0.0	0.0	0.0	0.0	0.0	0.0	0.0	0.0	0.0	0.0	0.0	0.0	0.0	0.0	0.0	0.0	0.0	0.0	0.0	0.0	0.0	0.0	0.0	0.0	0.0	0.0	0.0	0.0	0.0	0.0	0.0	0.0	0.0	0.0	0.0	0.0	0.0	0.0	0.0	0.0	0.0	0.0	0.0	0.0	0.0	0.0	0.0	0.0	0.0	0.0	0.0	0.0	0.0	0.0	0.0	0.0	0.0	0.0	0.0	0.0	0.0	0.0	0.0	0.0	0.0	0.0	0.0	0.0	0.0	0.0	0.0	0.0	0.0
SRR5224558	666.0	2174.0	3463.0	0.0	2728.0	2964.0	20.0	0.0	672.0	406.0	0.0	0.0	657.0	75.0	1408.0	0.0	48.0	26.0	153.0	0.0	0.0	0.0	527.0	392.0	0.0	0.0	0.0	57.0	0.0	0.0	0.0	69.0	0.0	93.0	56.0	56.0	0.0	0.0	44.0	256.0	0.0	0.0	0.0	0.0	0.0	443.0	0.0	0.0	0.0	88.0	0.0	0.0	0.0	0.0	0.0	0.0	0.0	0.0	0.0	115.0	0.0	0.0	0.0	0.0	0.0	0.0	0.0	0.0	14.0	52.0	10.0	0.0	0.0	21.0	0.0	0.0	0.0	0.0	0.0	77.0	0.0	0.0	0.0	0.0	0.0	0.0	0.0	0.0	0.0	0.0	0.0	0.0	0.0	0.0	0.0	0.0	0.0	23.0	0.0	0.0	0.0	0.0	0.0	0.0	0.0	0.0	0.0	0.0	0.0	0.0	0.0	0.0	0.0	0.0	0.0	0.0	0.0	0.0	0.0	0.0	0.0	0.0	0.0	0.0	0.0	0.0	0.0	0.0	0.0	0.0	0.0	0.0	0.0	0.0	0.0	0.0	0.0	0.0	0.0	0.0	0.0	0.0	0.0	0.0	0.0	0.0	0.0	0.0	0.0	0.0	0.0	0.0	0.0	0.0
SRR5224561	579.0	2114.0	2601.0	0.0	1661.0	2994.0	25.0	98.0	821.0	349.0	0.0	0.0	555.0	96.0	1063.0	0.0	0.0	0.0	87.0	0.0	0.0	22.0	446.0	516.0	0.0	0.0	0.0	0.0	71.0	0.0	0.0	103.0	75.0	14.0	67.0	107.0	0.0	0.0	32.0	260.0	0.0	0.0	0.0	0.0	0.0	145.0	0.0	0.0	0.0	42.0	0.0	0.0	0.0	0.0	0.0	0.0	0.0	0.0	0.0	209.0	0.0	0.0	0.0	0.0	0.0	0.0	0.0	0.0	32.0	133.0	245.0	0.0	0.0	94.0	0.0	0.0	0.0	0.0	0.0	26.0	0.0	0.0	0.0	0.0	0.0	0.0	0.0	0.0	0.0	0.0	0.0	0.0	0.0	0.0	0.0	0.0	0.0	0.0	0.0	0.0	0.0	0.0	0.0	0.0	0.0	0.0	0.0	0.0	0.0	0.0	0.0	0.0	0.0	0.0	0.0	0.0	0.0	0.0	0.0	0.0	0.0	0.0	0.0	0.0	0.0	0.0	0.0	0.0	0.0	0.0	0.0	0.0	0.0	0.0	0.0	0.0	0.0	0.0	0.0	0.0	0.0	0.0	0.0	0.0	0.0	0.0	0.0	0.0	0.0	0.0	0.0	0.0	0.0	0.0
SRR5224564	425.0	2322.0	2369.0	0.0	2250.0	2704.0	53.0	506.0	2908.0	483.0	0.0	0.0	622.0	81.0	984.0	0.0	0.0	0.0	382.0	0.0	0.0	0.0	207.0	460.0	0.0	0.0	0.0	19.0	0.0	0.0	0.0	117.0	14.0	0.0	11.0	59.0	0.0	0.0	89.0	166.0	0.0	0.0	0.0	0.0	0.0	9.0	0.0	0.0	0.0	34.0	0.0	0.0	0.0	0.0	0.0	0.0	0.0	0.0	0.0	0.0	0.0	0.0	0.0	0.0	0.0	0.0	0.0	0.0	0.0	67.0	0.0	10.0	0.0	0.0	0.0	8.0	0.0	0.0	0.0	0.0	0.0	0.0	28.0	0.0	0.0	0.0	0.0	0.0	0.0	0.0	0.0	0.0	0.0	0.0	0.0	0.0	0.0	0.0	0.0	0.0	0.0	0.0	0.0	0.0	0.0	0.0	0.0	0.0	0.0	0.0	0.0	0.0	0.0	0.0	0.0	0.0	0.0	0.0	0.0	0.0	0.0	0.0	0.0	0.0	0.0	0.0	0.0	0.0	0.0	0.0	0.0	0.0	0.0	0.0	0.0	0.0	0.0	0.0	0.0	0.0	0.0	0.0	0.0	0.0	0.0	0.0	0.0	0.0	0.0	0.0	0.0	0.0	0.0	0.0
SRR5224567	1789.0	2851.0	5300.0	0.0	2943.0	4427.0	45.0	247.0	1076.0	437.0	46.0	0.0	1511.0	165.0	1777.0	0.0	0.0	107.0	360.0	0.0	86.0	0.0	775.0	412.0	0.0	0.0	0.0	40.0	0.0	0.0	0.0	248.0	66.0	0.0	88.0	70.0	9.0	0.0	178.0	287.0	0.0	0.0	0.0	0.0	0.0	485.0	0.0	0.0	0.0	39.0	90.0	0.0	10.0	0.0	0.0	8.0	0.0	0.0	0.0	90.0	0.0	0.0	0.0	0.0	0.0	0.0	0.0	0.0	123.0	222.0	364.0	45.0	22.0	64.0	0.0	0.0	0.0	0.0	0.0	22.0	0.0	0.0	0.0	0.0	0.0	0.0	0.0	0.0	0.0	0.0	0.0	0.0	0.0	0.0	0.0	0.0	0.0	0.0	0.0	0.0	0.0	0.0	0.0	0.0	0.0	0.0	0.0	0.0	0.0	0.0	0.0	0.0	0.0	0.0	0.0	0.0	0.0	0.0	0.0	0.0	0.0	0.0	0.0	0.0	0.0	0.0	0.0	0.0	0.0	0.0	0.0	0.0	0.0	0.0	0.0	0.0	0.0	0.0	0.0	0.0	0.0	0.0	0.0	0.0	0.0	0.0	0.0	0.0	0.0	0.0	0.0	0.0	0.0	0.0
SRR5224570	224.0	1341.0	1273.0	0.0	1383.0	1858.0	128.0	665.0	1148.0	385.0	0.0	0.0	101.0	0.0	605.0	0.0	0.0	0.0	323.0	0.0	0.0	0.0	176.0	259.0	0.0	0.0	0.0	0.0	0.0	0.0	0.0	52.0	17.0	0.0	0.0	44.0	0.0	0.0	70.0	51.0	0.0	18.0	0.0	0.0	0.0	58.0	0.0	0.0	0.0	0.0	14.0	0.0	0.0	0.0	0.0	0.0	0.0	0.0	0.0	0.0	0.0	0.0	0.0	0.0	0.0	0.0	0.0	0.0	0.0	81.0	0.0	13.0	5.0	0.0	0.0	0.0	0.0	0.0	0.0	0.0	0.0	0.0	0.0	0.0	0.0	0.0	0.0	0.0	0.0	0.0	0.0	0.0	0.0	0.0	0.0	0.0	0.0	0.0	0.0	0.0	0.0	0.0	0.0	0.0	0.0	0.0	0.0	0.0	0.0	0.0	0.0	0.0	0.0	0.0	0.0	0.0	0.0	0.0	0.0	0.0	0.0	0.0	0.0	0.0	0.0	0.0	0.0	0.0	0.0	0.0	0.0	0.0	0.0	0.0	0.0	0.0	0.0	0.0	0.0	0.0	0.0	0.0	0.0	0.0	0.0	0.0	0.0	0.0	0.0	0.0	0.0	0.0	0.0	0.0
SRR5224573	1381.0	3690.0	2781.0	0.0	3858.0	4541.0	117.0	386.0	1063.0	229.0	46.0	0.0	953.0	160.0	1564.0	0.0	37.0	205.0	334.0	0.0	0.0	46.0	501.0	541.0	22.0	0.0	0.0	43.0	87.0	0.0	0.0	227.0	57.0	35.0	159.0	129.0	0.0	0.0	121.0	250.0	12.0	0.0	66.0	0.0	18.0	393.0	0.0	6.0	0.0	171.0	0.0	0.0	36.0	0.0	0.0	0.0	0.0	0.0	0.0	208.0	0.0	0.0	0.0	0.0	0.0	0.0	0.0	0.0	111.0	681.0	326.0	19.0	0.0	190.0	0.0	0.0	0.0	0.0	0.0	36.0	0.0	0.0	0.0	0.0	0.0	0.0	0.0	0.0	0.0	0.0	0.0	0.0	0.0	0.0	0.0	0.0	0.0	0.0	0.0	0.0	0.0	0.0	0.0	0.0	0.0	0.0	0.0	0.0	0.0	0.0	0.0	0.0	0.0	0.0	0.0	0.0	0.0	0.0	0.0	0.0	0.0	0.0	0.0	0.0	0.0	0.0	0.0	0.0	0.0	0.0	0.0	0.0	0.0	0.0	0.0	0.0	0.0	0.0	0.0	0.0	0.0	0.0	0.0	0.0	0.0	0.0	0.0	0.0	0.0	0.0	0.0	0.0	0.0	0.0
SRR5224576	1664.0	4974.0	2615.0	0.0	3310.0	5822.0	826.0	2807.0	7220.0	1687.0	0.0	0.0	1311.0	46.0	1444.0	0.0	119.0	232.0	334.0	0.0	122.0	105.0	226.0	1084.0	16.0	0.0	0.0	36.0	21.0	0.0	0.0	542.0	14.0	178.0	31.0	84.0	0.0	0.0	111.0	515.0	0.0	0.0	0.0	0.0	0.0	56.0	0.0	0.0	0.0	28.0	0.0	0.0	0.0	0.0	0.0	0.0	10.0	0.0	16.0	0.0	0.0	0.0	0.0	0.0	0.0	0.0	0.0	0.0	7.0	45.0	0.0	26.0	101.0	27.0	0.0	31.0	0.0	31.0	13.0	0.0	0.0	0.0	0.0	0.0	0.0	0.0	0.0	0.0	0.0	0.0	0.0	0.0	0.0	0.0	0.0	0.0	0.0	0.0	0.0	0.0	0.0	0.0	0.0	0.0	0.0	0.0	0.0	0.0	0.0	0.0	0.0	0.0	0.0	0.0	0.0	0.0	0.0	0.0	0.0	0.0	0.0	0.0	0.0	0.0	0.0	0.0	0.0	0.0	0.0	0.0	0.0	0.0	0.0	0.0	0.0	0.0	0.0	0.0	0.0	0.0	0.0	0.0	0.0	0.0	0.0	0.0	0.0	0.0	0.0	0.0	0.0	0.0	0.0	0.0
SRR5224579	1336.0	3804.0	4528.0	0.0	3027.0	2249.0	212.0	357.0	2917.0	399.0	0.0	0.0	1906.0	77.0	1710.0	0.0	0.0	82.0	333.0	0.0	41.0	119.0	947.0	543.0	193.0	0.0	0.0	204.0	20.0	0.0	0.0	20.0	0.0	227.0	64.0	22.0	0.0	0.0	34.0	64.0	7.0	0.0	0.0	0.0	27.0	154.0	0.0	0.0	0.0	190.0	0.0	0.0	0.0	0.0	0.0	0.0	0.0	0.0	0.0	0.0	0.0	0.0	0.0	0.0	0.0	0.0	0.0	0.0	0.0	345.0	24.0	19.0	0.0	164.0	0.0	0.0	0.0	0.0	50.0	0.0	58.0	0.0	0.0	0.0	0.0	0.0	0.0	0.0	0.0	0.0	0.0	0.0	0.0	0.0	0.0	0.0	0.0	0.0	0.0	0.0	0.0	0.0	0.0	0.0	0.0	0.0	0.0	0.0	0.0	0.0	0.0	0.0	0.0	0.0	0.0	0.0	0.0	0.0	0.0	0.0	0.0	0.0	0.0	0.0	0.0	0.0	0.0	0.0	0.0	0.0	0.0	0.0	0.0	0.0	0.0	0.0	0.0	0.0	0.0	0.0	0.0	0.0	0.0	0.0	0.0	0.0	0.0	0.0	0.0	0.0	0.0	0.0	0.0	0.0
SRR5224582	376.0	2449.0	1331.0	0.0	1708.0	3126.0	125.0	335.0	1153.0	340.0	31.0	0.0	739.0	37.0	705.0	0.0	0.0	7.0	229.0	0.0	0.0	57.0	259.0	612.0	0.0	0.0	0.0	0.0	0.0	0.0	0.0	111.0	0.0	37.0	0.0	110.0	0.0	0.0	56.0	327.0	0.0	0.0	0.0	0.0	0.0	43.0	0.0	0.0	0.0	24.0	0.0	0.0	0.0	0.0	0.0	0.0	0.0	0.0	0.0	0.0	0.0	0.0	0.0	16.0	0.0	0.0	0.0	0.0	0.0	22.0	0.0	0.0	0.0	54.0	0.0	0.0	0.0	0.0	0.0	0.0	0.0	0.0	0.0	0.0	0.0	0.0	0.0	0.0	0.0	0.0	0.0	0.0	0.0	0.0	0.0	0.0	0.0	0.0	0.0	0.0	0.0	0.0	0.0	0.0	0.0	0.0	0.0	0.0	0.0	0.0	0.0	0.0	0.0	0.0	0.0	0.0	0.0	0.0	0.0	0.0	0.0	0.0	0.0	0.0	0.0	0.0	0.0	0.0	0.0	0.0	0.0	0.0	0.0	0.0	0.0	0.0	0.0	0.0	0.0	0.0	0.0	0.0	0.0	0.0	0.0	0.0	0.0	0.0	0.0	0.0	0.0	0.0	0.0	0.0
SRR5224585	488.0	3431.0	5354.0	0.0	2317.0	691.0	31.0	152.0	1589.0	162.0	0.0	0.0	804.0	59.0	1398.0	0.0	0.0	161.0	340.0	0.0	0.0	59.0	704.0	386.0	0.0	0.0	0.0	177.0	0.0	0.0	0.0	39.0	0.0	27.0	31.0	0.0	0.0	0.0	99.0	42.0	0.0	0.0	0.0	0.0	0.0	217.0	0.0	0.0	0.0	105.0	0.0	0.0	0.0	0.0	0.0	0.0	0.0	0.0	0.0	36.0	0.0	0.0	0.0	0.0	0.0	0.0	0.0	0.0	56.0	353.0	0.0	9.0	0.0	121.0	0.0	0.0	0.0	0.0	67.0	0.0	25.0	0.0	0.0	0.0	0.0	0.0	0.0	0.0	0.0	0.0	0.0	0.0	0.0	0.0	0.0	0.0	0.0	0.0	0.0	0.0	0.0	0.0	0.0	0.0	0.0	0.0	0.0	0.0	0.0	0.0	0.0	0.0	0.0	0.0	0.0	0.0	0.0	0.0	0.0	0.0	0.0	0.0	0.0	0.0	0.0	0.0	0.0	0.0	0.0	0.0	0.0	0.0	0.0	0.0	0.0	0.0	0.0	0.0	0.0	0.0	0.0	0.0	0.0	0.0	0.0	0.0	0.0	0.0	0.0	0.0	0.0	0.0	0.0	0.0
SRR5224588	939.0	2975.0	1574.0	0.0	1811.0	4689.0	0.0	494.0	1427.0	243.0	0.0	0.0	624.0	15.0	1010.0	0.0	0.0	231.0	259.0	0.0	0.0	13.0	257.0	786.0	0.0	0.0	0.0	33.0	24.0	0.0	0.0	300.0	18.0	22.0	64.0	129.0	0.0	0.0	0.0	161.0	0.0	0.0	45.0	0.0	0.0	175.0	0.0	0.0	0.0	0.0	0.0	0.0	0.0	0.0	0.0	0.0	0.0	0.0	0.0	0.0	0.0	0.0	0.0	0.0	0.0	0.0	0.0	0.0	35.0	508.0	162.0	0.0	0.0	34.0	0.0	20.0	0.0	0.0	15.0	0.0	0.0	0.0	0.0	0.0	0.0	0.0	0.0	0.0	0.0	0.0	0.0	0.0	0.0	0.0	0.0	0.0	0.0	0.0	0.0	0.0	0.0	0.0	0.0	0.0	0.0	0.0	0.0	0.0	0.0	0.0	0.0	0.0	0.0	0.0	0.0	0.0	0.0	0.0	0.0	0.0	0.0	0.0	0.0	0.0	0.0	0.0	0.0	0.0	0.0	0.0	0.0	0.0	0.0	0.0	0.0	0.0	0.0	0.0	0.0	0.0	0.0	0.0	0.0	0.0	0.0	0.0	0.0	0.0	0.0	0.0	0.0	0.0	0.0	0.0
SRR5224591	701.0	3290.0	3581.0	0.0	2452.0	3033.0	556.0	1202.0	4149.0	842.0	0.0	0.0	1249.0	30.0	1134.0	0.0	89.0	0.0	272.0	0.0	126.0	135.0	161.0	646.0	0.0	0.0	0.0	48.0	25.0	0.0	0.0	147.0	24.0	120.0	0.0	120.0	0.0	0.0	111.0	266.0	6.0	0.0	0.0	0.0	0.0	64.0	0.0	0.0	0.0	10.0	0.0	0.0	11.0	0.0	0.0	0.0	0.0	0.0	0.0	0.0	0.0	0.0	0.0	0.0	0.0	0.0	0.0	33.0	0.0	27.0	0.0	0.0	84.0	0.0	0.0	0.0	0.0	10.0	17.0	0.0	0.0	8.0	0.0	0.0	0.0	0.0	0.0	0.0	0.0	0.0	0.0	0.0	0.0	0.0	0.0	0.0	0.0	0.0	0.0	0.0	0.0	0.0	0.0	0.0	0.0	0.0	0.0	0.0	0.0	0.0	0.0	0.0	0.0	0.0	0.0	0.0	0.0	0.0	0.0	0.0	0.0	0.0	0.0	0.0	0.0	0.0	0.0	0.0	0.0	0.0	0.0	0.0	0.0	0.0	0.0	0.0	0.0	0.0	0.0	0.0	0.0	0.0	0.0	0.0	0.0	0.0	0.0	0.0	0.0	0.0	0.0	0.0	0.0	0.0
SRR5224594	892.0	2508.0	1754.0	0.0	2014.0	2991.0	41.0	579.0	1689.0	844.0	0.0	0.0	476.0	70.0	936.0	0.0	0.0	0.0	131.0	0.0	0.0	0.0	197.0	298.0	0.0	0.0	0.0	0.0	0.0	0.0	0.0	69.0	28.0	0.0	0.0	46.0	0.0	0.0	51.0	0.0	0.0	0.0	0.0	0.0	0.0	94.0	0.0	0.0	0.0	25.0	0.0	0.0	0.0	0.0	0.0	0.0	0.0	0.0	0.0	0.0	0.0	0.0	0.0	0.0	0.0	0.0	0.0	0.0	0.0	37.0	78.0	17.0	59.0	10.0	0.0	21.0	0.0	0.0	0.0	0.0	0.0	0.0	0.0	0.0	0.0	0.0	0.0	0.0	0.0	0.0	0.0	0.0	0.0	0.0	0.0	0.0	0.0	0.0	0.0	0.0	0.0	0.0	0.0	0.0	0.0	0.0	0.0	0.0	0.0	0.0	0.0	0.0	0.0	0.0	0.0	0.0	0.0	0.0	0.0	0.0	0.0	0.0	0.0	0.0	0.0	0.0	0.0	0.0	0.0	0.0	0.0	0.0	0.0	0.0	0.0	0.0	0.0	0.0	0.0	0.0	0.0	0.0	0.0	0.0	0.0	0.0	0.0	0.0	0.0	0.0	0.0	0.0	0.0	0.0
SRR5224597	234.0	2317.0	985.0	0.0	2201.0	2577.0	60.0	822.0	2800.0	656.0	0.0	0.0	121.0	26.0	309.0	0.0	0.0	104.0	331.0	0.0	0.0	0.0	57.0	1306.0	0.0	0.0	0.0	0.0	27.0	0.0	0.0	0.0	0.0	50.0	0.0	0.0	0.0	0.0	15.0	107.0	0.0	0.0	0.0	0.0	0.0	41.0	0.0	0.0	0.0	0.0	0.0	0.0	0.0	0.0	0.0	0.0	0.0	0.0	0.0	0.0	0.0	0.0	0.0	0.0	0.0	0.0	0.0	0.0	0.0	8.0	0.0	29.0	0.0	0.0	0.0	18.0	0.0	44.0	0.0	0.0	0.0	0.0	0.0	0.0	0.0	0.0	0.0	0.0	0.0	0.0	0.0	0.0	0.0	0.0	0.0	0.0	0.0	0.0	0.0	0.0	0.0	0.0	0.0	0.0	0.0	0.0	0.0	0.0	0.0	0.0	0.0	0.0	0.0	0.0	0.0	0.0	0.0	0.0	0.0	0.0	0.0	0.0	0.0	0.0	0.0	0.0	0.0	0.0	0.0	0.0	0.0	0.0	0.0	0.0	0.0	0.0	0.0	0.0	0.0	0.0	0.0	0.0	0.0	0.0	0.0	0.0	0.0	0.0	0.0	0.0	0.0	0.0	0.0	0.0
SRR5224600	1149.0	3101.0	2811.0	0.0	2569.0	5504.0	41.0	548.0	1958.0	550.0	32.0	0.0	1244.0	115.0	1685.0	0.0	0.0	82.0	304.0	0.0	0.0	0.0	216.0	690.0	72.0	0.0	0.0	34.0	0.0	0.0	0.0	270.0	64.0	59.0	20.0	24.0	0.0	0.0	108.0	169.0	12.0	0.0	22.0	0.0	0.0	169.0	0.0	0.0	0.0	72.0	0.0	0.0	0.0	0.0	0.0	0.0	15.0	0.0	0.0	0.0	0.0	0.0	0.0	0.0	0.0	0.0	0.0	0.0	0.0	913.0	271.0	0.0	16.0	81.0	0.0	76.0	0.0	0.0	7.0	0.0	0.0	0.0	0.0	0.0	0.0	0.0	7.0	0.0	0.0	0.0	0.0	0.0	0.0	0.0	0.0	0.0	0.0	0.0	0.0	0.0	0.0	0.0	0.0	0.0	0.0	0.0	0.0	0.0	0.0	0.0	0.0	0.0	0.0	0.0	0.0	0.0	0.0	0.0	0.0	0.0	0.0	0.0	0.0	0.0	0.0	0.0	0.0	0.0	0.0	0.0	0.0	0.0	0.0	0.0	0.0	0.0	0.0	0.0	0.0	0.0	0.0	0.0	0.0	0.0	0.0	0.0	0.0	0.0	0.0	0.0	0.0	0.0	0.0	0.0
SRR5224605	761.0	3742.0	4234.0	0.0	3601.0	3054.0	348.0	1124.0	3752.0	925.0	0.0	0.0	1439.0	80.0	2146.0	0.0	39.0	353.0	412.0	0.0	0.0	24.0	560.0	693.0	0.0	0.0	0.0	417.0	14.0	0.0	0.0	313.0	0.0	31.0	45.0	0.0	0.0	0.0	166.0	297.0	0.0	0.0	0.0	0.0	0.0	139.0	0.0	0.0	0.0	0.0	0.0	0.0	0.0	0.0	0.0	0.0	0.0	0.0	0.0	0.0	0.0	0.0	0.0	0.0	0.0	0.0	0.0	45.0	0.0	334.0	24.0	0.0	0.0	45.0	0.0	11.0	0.0	0.0	0.0	34.0	36.0	0.0	0.0	0.0	0.0	0.0	0.0	0.0	0.0	0.0	0.0	0.0	0.0	0.0	0.0	0.0	0.0	0.0	0.0	0.0	0.0	0.0	0.0	0.0	0.0	0.0	0.0	0.0	0.0	0.0	0.0	0.0	0.0	0.0	0.0	0.0	0.0	0.0	0.0	0.0	0.0	0.0	0.0	0.0	0.0	0.0	0.0	0.0	0.0	0.0	0.0	0.0	0.0	0.0	0.0	0.0	0.0	0.0	0.0	0.0	0.0	0.0	0.0	0.0	0.0	0.0	0.0	0.0	0.0	0.0	0.0	0.0	0.0	0.0
SRR5224608	706.0	2744.0	1657.0	0.0	2293.0	3938.0	288.0	1131.0	3877.0	506.0	0.0	0.0	381.0	114.0	369.0	0.0	0.0	61.0	118.0	0.0	124.0	0.0	125.0	920.0	0.0	0.0	0.0	0.0	25.0	0.0	0.0	145.0	0.0	19.0	9.0	39.0	0.0	0.0	163.0	307.0	0.0	0.0	0.0	0.0	0.0	64.0	0.0	0.0	0.0	0.0	0.0	0.0	0.0	0.0	0.0	0.0	8.0	0.0	0.0	0.0	0.0	0.0	0.0	0.0	0.0	0.0	0.0	31.0	0.0	18.0	0.0	22.0	0.0	0.0	0.0	34.0	0.0	27.0	0.0	0.0	0.0	0.0	0.0	0.0	0.0	0.0	0.0	0.0	0.0	0.0	0.0	0.0	0.0	0.0	0.0	0.0	0.0	0.0	0.0	0.0	0.0	0.0	0.0	0.0	0.0	0.0	0.0	0.0	0.0	0.0	0.0	0.0	0.0	0.0	0.0	0.0	0.0	0.0	0.0	0.0	0.0	0.0	0.0	0.0	0.0	0.0	0.0	0.0	0.0	0.0	0.0	0.0	0.0	0.0	0.0	0.0	0.0	0.0	0.0	0.0	0.0	0.0	0.0	0.0	0.0	0.0	0.0	0.0	0.0	0.0	0.0	0.0	0.0	0.0
SRR5224611	734.0	3820.0	3588.0	0.0	2569.0	4541.0	76.0	208.0	1318.0	484.0	0.0	0.0	454.0	67.0	1457.0	0.0	0.0	88.0	68.0	0.0	25.0	0.0	277.0	500.0	36.0	0.0	0.0	19.0	50.0	0.0	0.0	0.0	70.0	19.0	111.0	28.0	0.0	0.0	67.0	225.0	0.0	0.0	0.0	0.0	0.0	236.0	0.0	0.0	0.0	48.0	0.0	0.0	0.0	0.0	0.0	0.0	0.0	0.0	0.0	34.0	0.0	0.0	0.0	0.0	0.0	0.0	0.0	0.0	5.0	303.0	206.0	0.0	0.0	38.0	0.0	0.0	0.0	34.0	7.0	0.0	0.0	5.0	0.0	0.0	0.0	0.0	0.0	0.0	0.0	0.0	0.0	0.0	0.0	0.0	0.0	0.0	0.0	0.0	0.0	0.0	0.0	0.0	0.0	0.0	0.0	0.0	0.0	0.0	0.0	0.0	0.0	0.0	0.0	0.0	0.0	0.0	0.0	0.0	0.0	0.0	0.0	0.0	0.0	0.0	0.0	0.0	0.0	0.0	0.0	0.0	0.0	0.0	0.0	0.0	0.0	0.0	0.0	0.0	0.0	0.0	0.0	0.0	0.0	0.0	0.0	0.0	0.0	0.0	0.0	0.0	0.0	0.0	0.0	0.0
SRR5224614	539.0	2115.0	1959.0	0.0	1273.0	2998.0	128.0	195.0	1237.0	335.0	0.0	0.0	237.0	171.0	851.0	0.0	0.0	15.0	48.0	0.0	0.0	0.0	152.0	703.0	0.0	0.0	0.0	7.0	0.0	0.0	0.0	27.0	11.0	0.0	16.0	11.0	0.0	0.0	74.0	246.0	0.0	0.0	0.0	0.0	0.0	0.0	0.0	0.0	0.0	15.0	0.0	0.0	0.0	0.0	0.0	0.0	0.0	0.0	0.0	0.0	0.0	0.0	0.0	0.0	0.0	0.0	0.0	0.0	0.0	96.0	13.0	6.0	13.0	84.0	0.0	0.0	0.0	0.0	0.0	0.0	0.0	0.0	0.0	0.0	0.0	0.0	0.0	0.0	0.0	0.0	0.0	0.0	0.0	0.0	0.0	0.0	0.0	0.0	0.0	0.0	0.0	0.0	0.0	0.0	0.0	0.0	0.0	0.0	0.0	0.0	0.0	0.0	0.0	0.0	0.0	0.0	0.0	0.0	0.0	0.0	0.0	0.0	0.0	0.0	0.0	0.0	0.0	0.0	0.0	0.0	0.0	0.0	0.0	0.0	0.0	0.0	0.0	0.0	0.0	0.0	0.0	0.0	0.0	0.0	0.0	0.0	0.0	0.0	0.0	0.0	0.0	0.0	0.0	0.0
SRR5224617	722.0	2079.0	2626.0	0.0	1995.0	3097.0	117.0	169.0	1378.0	280.0	0.0	0.0	809.0	145.0	1200.0	0.0	0.0	0.0	55.0	0.0	96.0	17.0	250.0	557.0	31.0	0.0	0.0	19.0	0.0	0.0	0.0	0.0	37.0	33.0	22.0	74.0	0.0	0.0	51.0	129.0	0.0	0.0	0.0	0.0	0.0	83.0	0.0	0.0	0.0	32.0	0.0	0.0	0.0	0.0	0.0	0.0	0.0	0.0	0.0	0.0	0.0	0.0	0.0	0.0	0.0	0.0	0.0	0.0	18.0	270.0	30.0	0.0	0.0	59.0	0.0	0.0	0.0	0.0	0.0	0.0	0.0	0.0	0.0	0.0	0.0	0.0	0.0	0.0	0.0	0.0	0.0	0.0	0.0	0.0	0.0	0.0	0.0	0.0	0.0	0.0	0.0	0.0	0.0	0.0	0.0	0.0	0.0	0.0	0.0	0.0	0.0	0.0	0.0	0.0	0.0	0.0	0.0	0.0	0.0	0.0	0.0	0.0	0.0	0.0	0.0	0.0	0.0	0.0	0.0	0.0	0.0	0.0	0.0	0.0	0.0	0.0	0.0	0.0	0.0	0.0	0.0	0.0	0.0	0.0	0.0	0.0	0.0	0.0	0.0	0.0	0.0	0.0	0.0	0.0
SRR5224622	1331.0	3922.0	2456.0	0.0	2862.0	5462.0	235.0	406.0	1926.0	656.0	46.0	0.0	849.0	54.0	1668.0	0.0	0.0	239.0	631.0	0.0	0.0	0.0	295.0	469.0	19.0	0.0	0.0	43.0	85.0	0.0	0.0	107.0	83.0	80.0	17.0	43.0	0.0	0.0	42.0	236.0	0.0	0.0	23.0	0.0	5.0	308.0	0.0	0.0	0.0	56.0	25.0	0.0	0.0	0.0	0.0	0.0	0.0	0.0	0.0	10.0	0.0	0.0	0.0	0.0	0.0	0.0	0.0	0.0	12.0	259.0	122.0	0.0	83.0	77.0	0.0	0.0	0.0	0.0	0.0	0.0	0.0	0.0	0.0	0.0	0.0	0.0	0.0	0.0	0.0	0.0	0.0	0.0	0.0	0.0	0.0	0.0	0.0	0.0	0.0	0.0	0.0	0.0	0.0	0.0	0.0	0.0	0.0	0.0	0.0	0.0	0.0	0.0	0.0	0.0	0.0	0.0	0.0	0.0	0.0	0.0	0.0	0.0	0.0	0.0	0.0	0.0	0.0	0.0	0.0	0.0	0.0	0.0	0.0	0.0	0.0	0.0	0.0	0.0	0.0	0.0	0.0	0.0	0.0	0.0	0.0	0.0	0.0	0.0	0.0	0.0	0.0	0.0	0.0	0.0
SRR5224625	1763.0	4499.0	5778.0	0.0	5139.0	5514.0	162.0	771.0	3280.0	441.0	29.0	0.0	1977.0	160.0	2515.0	0.0	0.0	202.0	509.0	0.0	0.0	87.0	442.0	829.0	0.0	0.0	0.0	198.0	136.0	0.0	0.0	524.0	40.0	0.0	146.0	43.0	0.0	0.0	233.0	370.0	0.0	0.0	49.0	0.0	0.0	180.0	0.0	0.0	0.0	256.0	0.0	0.0	0.0	0.0	0.0	0.0	0.0	0.0	0.0	0.0	0.0	0.0	0.0	0.0	0.0	0.0	0.0	0.0	36.0	801.0	58.0	35.0	57.0	79.0	0.0	28.0	0.0	0.0	0.0	0.0	0.0	0.0	0.0	0.0	0.0	0.0	0.0	0.0	0.0	0.0	0.0	0.0	0.0	0.0	0.0	0.0	0.0	0.0	0.0	0.0	0.0	0.0	0.0	0.0	0.0	0.0	0.0	0.0	0.0	0.0	0.0	0.0	0.0	0.0	0.0	0.0	0.0	0.0	0.0	0.0	0.0	0.0	0.0	0.0	0.0	0.0	0.0	0.0	0.0	0.0	0.0	0.0	0.0	0.0	0.0	0.0	0.0	0.0	0.0	0.0	0.0	0.0	0.0	0.0	0.0	0.0	0.0	0.0	0.0	0.0	0.0	0.0	0.0	0.0
SRR5224628	816.0	3786.0	4128.0	0.0	3458.0	3042.0	150.0	572.0	2368.0	571.0	0.0	0.0	973.0	74.0	1767.0	0.0	45.0	0.0	273.0	0.0	223.0	44.0	408.0	254.0	10.0	0.0	0.0	231.0	10.0	0.0	0.0	0.0	0.0	0.0	0.0	87.0	0.0	0.0	0.0	96.0	0.0	0.0	0.0	0.0	0.0	422.0	0.0	0.0	0.0	0.0	0.0	0.0	0.0	0.0	0.0	0.0	0.0	0.0	0.0	0.0	0.0	0.0	0.0	0.0	0.0	0.0	0.0	164.0	0.0	67.0	15.0	7.0	0.0	0.0	0.0	0.0	0.0	0.0	0.0	0.0	0.0	0.0	0.0	0.0	0.0	0.0	0.0	0.0	0.0	0.0	0.0	0.0	0.0	0.0	0.0	0.0	0.0	0.0	0.0	0.0	0.0	0.0	0.0	0.0	0.0	0.0	0.0	0.0	0.0	0.0	0.0	0.0	0.0	0.0	0.0	0.0	0.0	0.0	0.0	0.0	0.0	0.0	0.0	0.0	0.0	0.0	0.0	0.0	0.0	0.0	0.0	0.0	0.0	0.0	0.0	0.0	0.0	0.0	0.0	0.0	0.0	0.0	0.0	0.0	0.0	0.0	0.0	0.0	0.0	0.0	0.0	0.0	0.0	0.0
SRR5224631	655.0	2266.0	1471.0	0.0	1379.0	3722.0	131.0	925.0	2048.0	157.0	0.0	0.0	480.0	98.0	800.0	0.0	0.0	74.0	238.0	0.0	49.0	43.0	206.0	587.0	0.0	0.0	0.0	15.0	82.0	0.0	0.0	0.0	19.0	0.0	26.0	76.0	0.0	0.0	83.0	175.0	0.0	0.0	0.0	0.0	0.0	17.0	0.0	0.0	0.0	9.0	0.0	0.0	0.0	0.0	0.0	0.0	0.0	0.0	0.0	0.0	0.0	0.0	0.0	0.0	0.0	0.0	0.0	0.0	0.0	101.0	0.0	20.0	13.0	0.0	0.0	0.0	0.0	19.0	0.0	0.0	0.0	4.0	0.0	0.0	0.0	0.0	0.0	0.0	0.0	0.0	0.0	0.0	0.0	0.0	0.0	0.0	0.0	0.0	0.0	0.0	0.0	0.0	0.0	0.0	0.0	0.0	0.0	0.0	0.0	0.0	0.0	0.0	0.0	0.0	0.0	0.0	0.0	0.0	0.0	0.0	0.0	0.0	0.0	0.0	0.0	0.0	0.0	0.0	0.0	0.0	0.0	0.0	0.0	0.0	0.0	0.0	0.0	0.0	0.0	0.0	0.0	0.0	0.0	0.0	0.0	0.0	0.0	0.0	0.0	0.0	0.0	0.0	0.0	0.0
SRR5224634	354.0	1667.0	545.0	0.0	877.0	2024.0	107.0	497.0	2296.0	272.0	0.0	0.0	116.0	139.0	309.0	0.0	0.0	0.0	153.0	0.0	27.0	6.0	89.0	691.0	0.0	0.0	0.0	0.0	21.0	0.0	0.0	0.0	6.0	0.0	0.0	47.0	0.0	0.0	0.0	152.0	0.0	0.0	0.0	0.0	0.0	0.0	0.0	0.0	0.0	0.0	0.0	0.0	0.0	0.0	0.0	0.0	0.0	0.0	0.0	0.0	0.0	0.0	0.0	0.0	0.0	0.0	0.0	0.0	0.0	0.0	0.0	0.0	26.0	0.0	0.0	25.0	0.0	0.0	0.0	0.0	0.0	0.0	0.0	0.0	0.0	0.0	0.0	0.0	0.0	0.0	0.0	0.0	0.0	0.0	0.0	0.0	0.0	0.0	0.0	0.0	0.0	0.0	0.0	0.0	0.0	0.0	0.0	0.0	0.0	0.0	0.0	0.0	0.0	0.0	0.0	0.0	0.0	0.0	0.0	0.0	0.0	0.0	0.0	0.0	0.0	0.0	0.0	0.0	0.0	0.0	0.0	0.0	0.0	0.0	0.0	0.0	0.0	0.0	0.0	0.0	0.0	0.0	0.0	0.0	0.0	0.0	0.0	0.0	0.0	0.0	0.0	0.0	0.0	0.0
SRR5224639	446.0	1664.0	1299.0	0.0	1331.0	1070.0	522.0	573.0	2967.0	701.0	0.0	0.0	344.0	0.0	61.0	0.0	0.0	0.0	174.0	0.0	0.0	36.0	225.0	563.0	0.0	0.0	0.0	32.0	0.0	0.0	0.0	71.0	0.0	13.0	0.0	35.0	0.0	0.0	157.0	170.0	0.0	0.0	0.0	0.0	0.0	28.0	0.0	0.0	0.0	0.0	0.0	0.0	0.0	0.0	0.0	0.0	0.0	0.0	0.0	0.0	0.0	0.0	0.0	0.0	0.0	0.0	0.0	17.0	0.0	24.0	0.0	0.0	26.0	28.0	0.0	0.0	0.0	0.0	0.0	0.0	0.0	0.0	0.0	0.0	0.0	0.0	0.0	0.0	0.0	0.0	0.0	0.0	0.0	0.0	0.0	0.0	0.0	0.0	0.0	0.0	0.0	0.0	0.0	0.0	0.0	0.0	0.0	0.0	0.0	0.0	0.0	0.0	0.0	0.0	0.0	0.0	0.0	0.0	0.0	0.0	0.0	0.0	0.0	0.0	0.0	0.0	0.0	0.0	0.0	0.0	0.0	0.0	0.0	0.0	0.0	0.0	0.0	0.0	0.0	0.0	0.0	0.0	0.0	0.0	0.0	0.0	0.0	0.0	0.0	0.0	0.0	0.0	0.0	0.0
SRR5224642	753.0	2781.0	2831.0	0.0	2707.0	2138.0	397.0	266.0	2248.0	286.0	0.0	0.0	964.0	30.0	848.0	0.0	30.0	29.0	234.0	0.0	265.0	0.0	548.0	263.0	9.0	0.0	0.0	33.0	0.0	0.0	0.0	127.0	0.0	0.0	0.0	29.0	10.0	0.0	77.0	0.0	0.0	0.0	0.0	0.0	0.0	379.0	0.0	0.0	0.0	63.0	0.0	0.0	0.0	0.0	0.0	0.0	0.0	0.0	0.0	10.0	0.0	0.0	0.0	0.0	0.0	0.0	0.0	0.0	0.0	143.0	0.0	0.0	0.0	0.0	0.0	0.0	0.0	0.0	0.0	0.0	0.0	0.0	0.0	0.0	0.0	0.0	0.0	0.0	0.0	0.0	0.0	0.0	0.0	0.0	0.0	0.0	0.0	0.0	0.0	0.0	0.0	0.0	0.0	0.0	0.0	0.0	0.0	0.0	0.0	0.0	0.0	0.0	0.0	0.0	0.0	0.0	0.0	0.0	0.0	0.0	0.0	0.0	0.0	0.0	0.0	0.0	0.0	0.0	0.0	0.0	0.0	0.0	0.0	0.0	0.0	0.0	0.0	0.0	0.0	0.0	0.0	0.0	0.0	0.0	0.0	0.0	0.0	0.0	0.0	0.0	0.0	0.0	0.0	0.0
SRR5224645	106.0	1531.0	2698.0	0.0	2028.0	1442.0	66.0	174.0	978.0	404.0	0.0	0.0	726.0	65.0	771.0	0.0	0.0	155.0	197.0	0.0	0.0	32.0	212.0	264.0	0.0	0.0	0.0	19.0	0.0	0.0	0.0	0.0	0.0	12.0	14.0	32.0	0.0	0.0	73.0	103.0	5.0	0.0	0.0	0.0	0.0	48.0	0.0	0.0	0.0	44.0	0.0	0.0	0.0	0.0	0.0	0.0	0.0	0.0	0.0	0.0	0.0	0.0	0.0	0.0	0.0	0.0	0.0	0.0	0.0	0.0	0.0	0.0	0.0	0.0	0.0	0.0	0.0	0.0	0.0	0.0	0.0	0.0	0.0	0.0	0.0	0.0	0.0	0.0	0.0	0.0	0.0	0.0	0.0	0.0	0.0	0.0	0.0	0.0	0.0	0.0	0.0	0.0	0.0	0.0	0.0	0.0	0.0	0.0	0.0	0.0	0.0	0.0	0.0	0.0	0.0	0.0	0.0	0.0	0.0	0.0	0.0	0.0	0.0	0.0	0.0	0.0	0.0	0.0	0.0	0.0	0.0	0.0	0.0	0.0	0.0	0.0	0.0	0.0	0.0	0.0	0.0	0.0	0.0	0.0	0.0	0.0	0.0	0.0	0.0	0.0	0.0	0.0	0.0	0.0
SRR5224648	1447.0	3535.0	3293.0	0.0	2467.0	1691.0	224.0	1396.0	3217.0	2089.0	0.0	0.0	1292.0	146.0	950.0	15.0	155.0	273.0	265.0	0.0	0.0	299.0	901.0	386.0	28.0	0.0	0.0	34.0	0.0	0.0	0.0	146.0	46.0	267.0	70.0	0.0	0.0	0.0	71.0	238.0	0.0	18.0	24.0	0.0	74.0	711.0	0.0	0.0	0.0	93.0	54.0	0.0	0.0	0.0	0.0	0.0	0.0	0.0	0.0	13.0	0.0	0.0	0.0	0.0	0.0	0.0	0.0	0.0	0.0	173.0	25.0	28.0	59.0	0.0	0.0	0.0	0.0	0.0	25.0	0.0	30.0	0.0	0.0	0.0	0.0	0.0	0.0	0.0	13.0	0.0	0.0	0.0	0.0	0.0	0.0	0.0	0.0	0.0	0.0	0.0	0.0	0.0	0.0	0.0	0.0	0.0	0.0	0.0	0.0	0.0	0.0	0.0	0.0	0.0	0.0	0.0	0.0	0.0	0.0	0.0	0.0	0.0	0.0	0.0	0.0	0.0	0.0	0.0	0.0	0.0	0.0	0.0	0.0	0.0	0.0	0.0	0.0	0.0	0.0	0.0	0.0	0.0	0.0	0.0	0.0	0.0	0.0	0.0	0.0	0.0	0.0	0.0	0.0	0.0
SRR5224660	410.0	1304.0	1542.0	0.0	689.0	997.0	261.0	925.0	1532.0	1487.0	16.0	0.0	136.0	103.0	419.0	0.0	58.0	40.0	7.0	0.0	106.0	209.0	473.0	413.0	5.0	0.0	0.0	144.0	0.0	0.0	0.0	299.0	0.0	0.0	38.0	68.0	0.0	0.0	0.0	148.0	0.0	9.0	0.0	0.0	9.0	138.0	0.0	0.0	0.0	40.0	0.0	0.0	0.0	0.0	0.0	0.0	0.0	39.0	0.0	0.0	0.0	0.0	0.0	0.0	0.0	0.0	0.0	31.0	0.0	298.0	0.0	12.0	27.0	0.0	0.0	0.0	0.0	0.0	0.0	0.0	57.0	0.0	14.0	0.0	0.0	0.0	0.0	0.0	0.0	0.0	0.0	0.0	0.0	0.0	0.0	0.0	0.0	0.0	0.0	0.0	0.0	0.0	0.0	0.0	0.0	0.0	0.0	0.0	0.0	0.0	0.0	0.0	0.0	0.0	0.0	0.0	0.0	0.0	0.0	0.0	0.0	0.0	0.0	0.0	0.0	0.0	0.0	0.0	0.0	0.0	0.0	0.0	0.0	0.0	0.0	0.0	0.0	0.0	0.0	0.0	0.0	0.0	0.0	0.0	0.0	0.0	0.0	0.0	0.0	0.0	0.0	0.0	0.0	0.0
SRR5224672	559.0	1603.0	1276.0	0.0	735.0	1895.0	198.0	1618.0	1185.0	1329.0	0.0	0.0	0.0	77.0	614.0	0.0	0.0	12.0	94.0	0.0	0.0	117.0	640.0	570.0	0.0	0.0	0.0	3.0	0.0	0.0	0.0	260.0	31.0	59.0	19.0	31.0	14.0	0.0	0.0	140.0	0.0	0.0	0.0	0.0	0.0	371.0	0.0	0.0	0.0	29.0	25.0	0.0	0.0	0.0	0.0	0.0	0.0	0.0	0.0	14.0	0.0	0.0	0.0	0.0	0.0	0.0	0.0	28.0	0.0	264.0	17.0	0.0	0.0	0.0	0.0	0.0	0.0	0.0	0.0	0.0	41.0	0.0	0.0	0.0	0.0	0.0	0.0	0.0	0.0	0.0	0.0	0.0	0.0	0.0	0.0	0.0	0.0	0.0	0.0	0.0	0.0	0.0	0.0	0.0	0.0	0.0	0.0	0.0	0.0	0.0	0.0	0.0	0.0	0.0	0.0	0.0	0.0	0.0	0.0	0.0	0.0	0.0	0.0	0.0	0.0	0.0	0.0	0.0	0.0	0.0	0.0	0.0	0.0	0.0	0.0	0.0	0.0	0.0	0.0	0.0	0.0	0.0	0.0	0.0	0.0	0.0	0.0	0.0	0.0	0.0	0.0	0.0	0.0	0.0
SRR5224682	605.0	2059.0	1429.0	0.0	793.0	2303.0	281.0	1692.0	1833.0	1405.0	131.0	0.0	455.0	64.0	804.0	0.0	147.0	163.0	0.0	0.0	0.0	110.0	765.0	388.0	8.0	0.0	0.0	0.0	0.0	0.0	0.0	137.0	0.0	0.0	10.0	47.0	0.0	0.0	0.0	227.0	8.0	0.0	9.0	0.0	0.0	424.0	0.0	0.0	0.0	23.0	13.0	0.0	0.0	0.0	0.0	0.0	0.0	0.0	21.0	13.0	0.0	0.0	0.0	48.0	0.0	0.0	0.0	28.0	0.0	68.0	41.0	15.0	0.0	0.0	0.0	0.0	0.0	0.0	0.0	0.0	0.0	0.0	0.0	0.0	0.0	0.0	0.0	0.0	0.0	0.0	0.0	0.0	0.0	0.0	0.0	0.0	6.0	0.0	0.0	0.0	0.0	0.0	0.0	0.0	0.0	0.0	0.0	0.0	0.0	0.0	0.0	0.0	0.0	0.0	0.0	0.0	0.0	0.0	0.0	0.0	0.0	0.0	0.0	0.0	0.0	0.0	0.0	0.0	0.0	0.0	0.0	0.0	0.0	0.0	0.0	0.0	0.0	0.0	0.0	0.0	0.0	0.0	0.0	0.0	0.0	0.0	0.0	27.0	0.0	0.0	0.0	0.0	0.0	0.0
SRR5224694	324.0	2001.0	1132.0	0.0	1059.0	2343.0	67.0	1162.0	883.0	1166.0	30.0	0.0	299.0	130.0	559.0	0.0	57.0	49.0	216.0	0.0	0.0	48.0	355.0	441.0	18.0	0.0	0.0	0.0	0.0	0.0	0.0	54.0	0.0	0.0	34.0	155.0	0.0	0.0	0.0	152.0	44.0	0.0	0.0	0.0	0.0	141.0	0.0	0.0	0.0	57.0	0.0	0.0	0.0	0.0	0.0	0.0	0.0	0.0	11.0	0.0	0.0	0.0	0.0	0.0	0.0	0.0	0.0	0.0	23.0	105.0	93.0	16.0	35.0	59.0	0.0	0.0	0.0	0.0	0.0	29.0	0.0	0.0	0.0	0.0	0.0	0.0	0.0	0.0	0.0	0.0	0.0	0.0	0.0	0.0	0.0	0.0	0.0	0.0	0.0	0.0	0.0	0.0	0.0	0.0	0.0	0.0	0.0	0.0	0.0	0.0	0.0	0.0	0.0	0.0	0.0	0.0	0.0	0.0	0.0	0.0	0.0	0.0	0.0	0.0	0.0	0.0	0.0	0.0	0.0	0.0	0.0	0.0	0.0	0.0	0.0	0.0	0.0	0.0	0.0	0.0	0.0	0.0	0.0	0.0	0.0	0.0	0.0	0.0	0.0	0.0	0.0	0.0	0.0	0.0
SRR5224697	180.0	1542.0	1663.0	0.0	994.0	2179.0	460.0	448.0	1711.0	611.0	0.0	0.0	471.0	65.0	511.0	0.0	0.0	162.0	183.0	0.0	209.0	19.0	306.0	486.0	0.0	0.0	0.0	25.0	0.0	0.0	0.0	58.0	0.0	0.0	0.0	0.0	0.0	0.0	47.0	114.0	6.0	24.0	0.0	0.0	13.0	60.0	0.0	0.0	0.0	21.0	0.0	0.0	0.0	0.0	0.0	0.0	0.0	0.0	0.0	0.0	0.0	0.0	0.0	0.0	0.0	0.0	0.0	0.0	0.0	203.0	0.0	0.0	0.0	26.0	0.0	0.0	0.0	0.0	0.0	0.0	0.0	0.0	0.0	0.0	0.0	0.0	0.0	0.0	0.0	0.0	0.0	0.0	0.0	0.0	0.0	0.0	0.0	0.0	0.0	0.0	0.0	0.0	0.0	0.0	0.0	0.0	0.0	0.0	0.0	0.0	0.0	0.0	0.0	0.0	0.0	0.0	0.0	0.0	0.0	0.0	0.0	0.0	0.0	0.0	0.0	0.0	0.0	0.0	0.0	0.0	0.0	0.0	0.0	0.0	0.0	0.0	0.0	0.0	0.0	0.0	0.0	0.0	0.0	0.0	0.0	0.0	0.0	0.0	0.0	0.0	0.0	0.0	0.0	0.0
SRR5224718	1082.0	3930.0	2902.0	0.0	2407.0	2993.0	98.0	1403.0	3150.0	680.0	66.0	0.0	634.0	132.0	1039.0	0.0	57.0	20.0	140.0	0.0	48.0	143.0	243.0	440.0	0.0	0.0	0.0	45.0	0.0	0.0	0.0	159.0	0.0	102.0	0.0	46.0	0.0	0.0	19.0	265.0	0.0	0.0	0.0	0.0	0.0	367.0	0.0	0.0	0.0	89.0	0.0	0.0	0.0	0.0	0.0	0.0	0.0	0.0	0.0	0.0	0.0	0.0	0.0	0.0	0.0	0.0	0.0	0.0	7.0	53.0	35.0	31.0	11.0	0.0	0.0	0.0	0.0	0.0	34.0	147.0	0.0	0.0	0.0	0.0	0.0	0.0	0.0	0.0	0.0	0.0	0.0	0.0	0.0	0.0	0.0	0.0	0.0	0.0	0.0	0.0	0.0	0.0	0.0	0.0	0.0	0.0	0.0	0.0	0.0	0.0	0.0	0.0	0.0	0.0	0.0	0.0	0.0	0.0	0.0	0.0	0.0	0.0	0.0	0.0	0.0	0.0	0.0	0.0	0.0	0.0	0.0	0.0	0.0	0.0	0.0	0.0	0.0	0.0	0.0	0.0	0.0	0.0	0.0	0.0	0.0	0.0	0.0	0.0	0.0	0.0	0.0	0.0	0.0	0.0
SRR5224721	694.0	3460.0	3047.0	0.0	2432.0	2629.0	281.0	1834.0	5764.0	449.0	0.0	0.0	1276.0	190.0	869.0	0.0	0.0	0.0	466.0	0.0	0.0	262.0	206.0	869.0	0.0	0.0	0.0	10.0	0.0	0.0	0.0	240.0	0.0	205.0	0.0	37.0	0.0	0.0	86.0	298.0	8.0	0.0	9.0	0.0	0.0	83.0	0.0	0.0	0.0	0.0	0.0	0.0	0.0	0.0	0.0	0.0	20.0	0.0	27.0	14.0	0.0	0.0	0.0	0.0	0.0	0.0	0.0	0.0	0.0	34.0	0.0	0.0	57.0	0.0	0.0	24.0	0.0	0.0	0.0	0.0	0.0	0.0	0.0	0.0	0.0	0.0	0.0	0.0	0.0	0.0	0.0	0.0	0.0	0.0	0.0	0.0	0.0	0.0	0.0	0.0	0.0	0.0	0.0	0.0	0.0	0.0	0.0	0.0	0.0	0.0	0.0	0.0	0.0	0.0	0.0	0.0	0.0	0.0	0.0	0.0	0.0	0.0	0.0	0.0	0.0	0.0	0.0	0.0	0.0	0.0	0.0	0.0	0.0	0.0	0.0	0.0	0.0	0.0	0.0	0.0	0.0	0.0	0.0	0.0	0.0	0.0	0.0	0.0	0.0	0.0	0.0	0.0	0.0	0.0
SRR5224730	896.0	3228.0	1697.0	0.0	1972.0	3225.0	202.0	1019.0	3276.0	1680.0	0.0	0.0	387.0	52.0	909.0	0.0	0.0	0.0	72.0	0.0	222.0	110.0	393.0	532.0	52.0	0.0	0.0	58.0	0.0	0.0	0.0	121.0	32.0	127.0	50.0	136.0	0.0	0.0	0.0	251.0	9.0	0.0	10.0	0.0	0.0	155.0	0.0	0.0	0.0	14.0	18.0	0.0	0.0	0.0	0.0	0.0	0.0	0.0	0.0	0.0	0.0	0.0	0.0	0.0	0.0	0.0	0.0	31.0	0.0	218.0	42.0	31.0	0.0	0.0	0.0	0.0	0.0	0.0	0.0	0.0	33.0	0.0	0.0	0.0	0.0	0.0	0.0	0.0	0.0	0.0	0.0	0.0	0.0	0.0	0.0	0.0	0.0	0.0	0.0	0.0	0.0	0.0	0.0	0.0	0.0	0.0	0.0	0.0	0.0	0.0	0.0	0.0	0.0	0.0	0.0	0.0	0.0	0.0	0.0	0.0	0.0	0.0	0.0	0.0	0.0	0.0	0.0	0.0	0.0	0.0	0.0	0.0	0.0	0.0	0.0	0.0	0.0	0.0	0.0	0.0	0.0	0.0	0.0	0.0	0.0	0.0	0.0	0.0	0.0	0.0	0.0	0.0	0.0	0.0
SRR5224742	852.0	1867.0	1399.0	0.0	995.0	2378.0	260.0	1577.0	2522.0	504.0	0.0	0.0	121.0	85.0	621.0	0.0	0.0	0.0	57.0	0.0	235.0	38.0	357.0	610.0	0.0	0.0	0.0	0.0	13.0	0.0	0.0	43.0	0.0	76.0	0.0	55.0	0.0	0.0	27.0	162.0	0.0	0.0	0.0	0.0	0.0	270.0	0.0	0.0	0.0	8.0	38.0	0.0	0.0	0.0	0.0	0.0	0.0	0.0	0.0	0.0	0.0	0.0	0.0	0.0	0.0	0.0	0.0	0.0	0.0	330.0	0.0	0.0	0.0	0.0	0.0	0.0	0.0	0.0	53.0	0.0	26.0	0.0	0.0	0.0	0.0	0.0	0.0	0.0	0.0	0.0	0.0	0.0	0.0	0.0	0.0	0.0	0.0	0.0	0.0	0.0	0.0	0.0	0.0	0.0	0.0	0.0	0.0	0.0	0.0	0.0	0.0	0.0	0.0	0.0	0.0	0.0	0.0	0.0	0.0	0.0	0.0	0.0	0.0	0.0	0.0	0.0	0.0	0.0	0.0	0.0	0.0	0.0	0.0	0.0	0.0	0.0	0.0	0.0	0.0	0.0	0.0	0.0	0.0	0.0	0.0	0.0	0.0	0.0	0.0	0.0	0.0	0.0	0.0	0.0
SRR5224772	123.0	1377.0	2660.0	0.0	743.0	1980.0	125.0	352.0	366.0	294.0	0.0	0.0	487.0	33.0	589.0	0.0	0.0	53.0	98.0	0.0	0.0	0.0	410.0	500.0	0.0	0.0	0.0	22.0	0.0	0.0	0.0	46.0	0.0	0.0	69.0	45.0	0.0	0.0	37.0	71.0	5.0	0.0	0.0	0.0	0.0	51.0	0.0	0.0	0.0	0.0	0.0	0.0	0.0	0.0	0.0	0.0	0.0	0.0	0.0	30.0	0.0	0.0	0.0	0.0	0.0	0.0	0.0	0.0	0.0	534.0	197.0	0.0	0.0	0.0	0.0	0.0	0.0	0.0	0.0	0.0	0.0	0.0	26.0	0.0	0.0	0.0	0.0	0.0	0.0	0.0	0.0	0.0	0.0	0.0	0.0	0.0	0.0	0.0	0.0	0.0	0.0	0.0	0.0	0.0	0.0	0.0	0.0	0.0	0.0	0.0	0.0	0.0	0.0	0.0	0.0	0.0	0.0	0.0	0.0	0.0	0.0	0.0	0.0	0.0	0.0	0.0	0.0	0.0	0.0	0.0	0.0	0.0	0.0	0.0	0.0	0.0	0.0	0.0	0.0	0.0	0.0	0.0	0.0	0.0	0.0	0.0	0.0	0.0	0.0	0.0	0.0	0.0	0.0	0.0
SRR5224790	380.0	1163.0	2218.0	0.0	1327.0	1316.0	131.0	182.0	892.0	427.0	0.0	0.0	398.0	53.0	746.0	0.0	30.0	92.0	67.0	0.0	112.0	37.0	351.0	373.0	0.0	0.0	0.0	5.0	6.0	0.0	0.0	54.0	0.0	0.0	53.0	0.0	0.0	0.0	88.0	163.0	0.0	0.0	0.0	0.0	0.0	0.0	0.0	0.0	0.0	66.0	12.0	0.0	0.0	0.0	0.0	0.0	0.0	0.0	0.0	0.0	0.0	0.0	0.0	0.0	0.0	0.0	0.0	0.0	2.0	154.0	109.0	0.0	0.0	46.0	0.0	0.0	0.0	0.0	0.0	0.0	0.0	0.0	29.0	0.0	0.0	0.0	0.0	0.0	0.0	0.0	0.0	0.0	0.0	0.0	0.0	0.0	0.0	0.0	0.0	0.0	0.0	0.0	0.0	0.0	0.0	0.0	0.0	0.0	0.0	0.0	0.0	0.0	0.0	0.0	0.0	0.0	0.0	0.0	0.0	0.0	0.0	0.0	0.0	0.0	0.0	0.0	0.0	0.0	0.0	0.0	0.0	0.0	0.0	0.0	0.0	0.0	0.0	0.0	0.0	0.0	0.0	0.0	0.0	0.0	0.0	0.0	0.0	0.0	0.0	0.0	0.0	0.0	0.0	0.0
SRR5224796	375.0	1800.0	2630.0	0.0	2398.0	2417.0	43.0	443.0	928.0	357.0	0.0	0.0	426.0	58.0	1196.0	0.0	0.0	206.0	243.0	0.0	0.0	0.0	228.0	553.0	49.0	0.0	0.0	26.0	0.0	0.0	0.0	81.0	0.0	30.0	22.0	78.0	0.0	0.0	53.0	175.0	16.0	0.0	0.0	0.0	0.0	0.0	0.0	0.0	0.0	40.0	0.0	0.0	0.0	0.0	0.0	0.0	0.0	0.0	0.0	16.0	0.0	0.0	0.0	0.0	0.0	0.0	0.0	0.0	5.0	424.0	115.0	0.0	0.0	70.0	0.0	0.0	0.0	0.0	0.0	0.0	0.0	0.0	8.0	0.0	0.0	0.0	0.0	0.0	0.0	0.0	0.0	0.0	0.0	0.0	0.0	0.0	0.0	0.0	0.0	0.0	0.0	0.0	0.0	0.0	0.0	0.0	0.0	0.0	0.0	0.0	0.0	0.0	0.0	0.0	0.0	0.0	0.0	0.0	0.0	0.0	0.0	0.0	0.0	0.0	0.0	0.0	0.0	0.0	0.0	0.0	0.0	0.0	0.0	0.0	0.0	0.0	0.0	0.0	0.0	0.0	0.0	0.0	0.0	0.0	0.0	0.0	0.0	0.0	0.0	0.0	0.0	0.0	0.0	0.0
SRR5224805	648.0	2353.0	1749.0	0.0	1179.0	2398.0	67.0	178.0	782.0	310.0	0.0	0.0	337.0	32.0	850.0	0.0	0.0	172.0	153.0	0.0	0.0	0.0	60.0	427.0	0.0	0.0	0.0	0.0	0.0	0.0	0.0	0.0	0.0	0.0	33.0	194.0	0.0	0.0	57.0	156.0	0.0	0.0	0.0	0.0	0.0	0.0	0.0	0.0	0.0	0.0	0.0	0.0	0.0	0.0	0.0	0.0	0.0	0.0	0.0	15.0	0.0	0.0	0.0	0.0	0.0	0.0	0.0	0.0	0.0	124.0	308.0	0.0	20.0	0.0	0.0	0.0	5.0	0.0	0.0	0.0	0.0	0.0	0.0	0.0	0.0	0.0	0.0	0.0	0.0	0.0	0.0	0.0	0.0	0.0	0.0	0.0	0.0	0.0	0.0	0.0	0.0	0.0	0.0	0.0	0.0	0.0	0.0	0.0	0.0	0.0	0.0	0.0	0.0	0.0	0.0	0.0	0.0	0.0	0.0	0.0	0.0	0.0	0.0	0.0	0.0	0.0	0.0	0.0	0.0	0.0	0.0	0.0	0.0	0.0	0.0	0.0	0.0	0.0	0.0	0.0	0.0	0.0	0.0	0.0	0.0	0.0	0.0	0.0	0.0	0.0	0.0	0.0	0.0	0.0
SRR5224808	542.0	2006.0	2552.0	0.0	1748.0	2605.0	146.0	239.0	1147.0	265.0	0.0	0.0	518.0	129.0	1212.0	0.0	0.0	24.0	101.0	0.0	0.0	0.0	347.0	659.0	0.0	0.0	0.0	0.0	8.0	0.0	0.0	14.0	0.0	0.0	23.0	44.0	0.0	0.0	113.0	197.0	0.0	0.0	0.0	0.0	0.0	0.0	0.0	0.0	0.0	73.0	0.0	0.0	0.0	0.0	0.0	0.0	0.0	0.0	0.0	15.0	0.0	0.0	0.0	0.0	0.0	0.0	0.0	0.0	0.0	243.0	38.0	0.0	0.0	61.0	0.0	0.0	0.0	0.0	0.0	0.0	0.0	0.0	0.0	0.0	0.0	0.0	0.0	0.0	0.0	0.0	0.0	0.0	0.0	0.0	0.0	0.0	0.0	0.0	0.0	0.0	0.0	0.0	0.0	0.0	0.0	0.0	0.0	0.0	0.0	0.0	0.0	0.0	0.0	0.0	0.0	0.0	0.0	0.0	0.0	0.0	0.0	0.0	0.0	0.0	0.0	0.0	0.0	0.0	0.0	0.0	0.0	0.0	0.0	0.0	0.0	0.0	0.0	0.0	0.0	0.0	0.0	0.0	0.0	0.0	0.0	0.0	0.0	0.0	0.0	0.0	0.0	0.0	0.0	0.0
SRR5224814	620.0	2090.0	2117.0	0.0	1975.0	2891.0	0.0	272.0	1301.0	339.0	0.0	0.0	408.0	56.0	780.0	0.0	0.0	5.0	277.0	0.0	13.0	0.0	238.0	764.0	14.0	0.0	0.0	46.0	0.0	0.0	0.0	169.0	0.0	0.0	0.0	100.0	0.0	0.0	81.0	426.0	0.0	0.0	0.0	0.0	5.0	110.0	0.0	0.0	0.0	13.0	0.0	0.0	0.0	0.0	0.0	0.0	0.0	0.0	0.0	12.0	0.0	0.0	0.0	0.0	0.0	0.0	0.0	0.0	0.0	73.0	0.0	0.0	0.0	61.0	0.0	0.0	0.0	0.0	0.0	0.0	6.0	0.0	0.0	0.0	0.0	0.0	0.0	0.0	0.0	0.0	0.0	0.0	0.0	0.0	0.0	0.0	0.0	0.0	0.0	0.0	0.0	0.0	0.0	0.0	0.0	0.0	0.0	0.0	0.0	0.0	0.0	0.0	0.0	0.0	0.0	0.0	0.0	0.0	0.0	0.0	0.0	0.0	0.0	0.0	0.0	0.0	0.0	0.0	0.0	0.0	0.0	0.0	0.0	0.0	0.0	0.0	0.0	0.0	0.0	0.0	0.0	0.0	0.0	0.0	0.0	0.0	0.0	0.0	0.0	0.0	0.0	0.0	0.0	0.0
SRR5224816	517.0	2071.0	1441.0	0.0	1031.0	2363.0	75.0	77.0	813.0	477.0	0.0	0.0	359.0	0.0	559.0	0.0	0.0	188.0	108.0	9.0	0.0	18.0	127.0	527.0	18.0	0.0	0.0	0.0	0.0	0.0	0.0	44.0	0.0	25.0	49.0	120.0	0.0	0.0	91.0	197.0	0.0	0.0	0.0	0.0	0.0	110.0	0.0	0.0	0.0	30.0	0.0	0.0	44.0	0.0	0.0	0.0	0.0	0.0	0.0	80.0	0.0	0.0	0.0	0.0	0.0	0.0	0.0	0.0	0.0	150.0	416.0	0.0	0.0	44.0	0.0	0.0	0.0	0.0	0.0	0.0	0.0	0.0	0.0	0.0	0.0	0.0	0.0	0.0	0.0	0.0	0.0	0.0	0.0	0.0	0.0	0.0	0.0	0.0	0.0	0.0	0.0	0.0	0.0	0.0	0.0	0.0	0.0	0.0	0.0	0.0	0.0	0.0	0.0	0.0	0.0	0.0	0.0	0.0	0.0	0.0	0.0	0.0	0.0	0.0	0.0	0.0	0.0	0.0	0.0	0.0	0.0	0.0	0.0	0.0	0.0	0.0	0.0	0.0	0.0	0.0	0.0	0.0	0.0	0.0	0.0	0.0	0.0	0.0	0.0	0.0	0.0	0.0	0.0	0.0
SRR5224822	777.0	1389.0	1729.0	0.0	1233.0	2237.0	33.0	261.0	332.0	445.0	0.0	0.0	400.0	0.0	712.0	0.0	0.0	513.0	76.0	0.0	0.0	0.0	185.0	515.0	0.0	0.0	0.0	100.0	17.0	0.0	0.0	67.0	51.0	0.0	79.0	194.0	0.0	0.0	45.0	366.0	0.0	0.0	0.0	0.0	0.0	56.0	0.0	0.0	0.0	62.0	0.0	0.0	18.0	0.0	0.0	0.0	0.0	0.0	0.0	40.0	0.0	0.0	0.0	0.0	0.0	0.0	0.0	0.0	0.0	331.0	306.0	0.0	15.0	51.0	0.0	0.0	0.0	0.0	0.0	0.0	0.0	0.0	38.0	0.0	0.0	0.0	0.0	0.0	0.0	0.0	0.0	0.0	0.0	0.0	0.0	0.0	0.0	0.0	0.0	0.0	0.0	0.0	0.0	0.0	0.0	0.0	0.0	0.0	0.0	0.0	0.0	0.0	0.0	0.0	0.0	0.0	0.0	0.0	0.0	0.0	0.0	0.0	0.0	0.0	0.0	0.0	0.0	0.0	0.0	0.0	0.0	0.0	0.0	0.0	0.0	0.0	0.0	0.0	0.0	0.0	0.0	0.0	0.0	0.0	0.0	0.0	0.0	0.0	0.0	0.0	0.0	0.0	0.0	0.0
SRR5224834	637.0	818.0	1601.0	0.0	879.0	2547.0	80.0	170.0	1229.0	227.0	0.0	0.0	401.0	55.0	761.0	0.0	0.0	45.0	50.0	0.0	0.0	46.0	85.0	680.0	0.0	0.0	0.0	0.0	0.0	0.0	0.0	176.0	0.0	0.0	33.0	25.0	0.0	0.0	87.0	106.0	0.0	0.0	0.0	0.0	0.0	35.0	0.0	0.0	0.0	0.0	0.0	0.0	0.0	0.0	0.0	0.0	0.0	0.0	0.0	9.0	0.0	0.0	0.0	0.0	0.0	0.0	0.0	0.0	0.0	89.0	12.0	0.0	0.0	0.0	0.0	0.0	0.0	0.0	0.0	0.0	0.0	0.0	0.0	0.0	0.0	0.0	0.0	0.0	0.0	0.0	0.0	0.0	0.0	0.0	0.0	0.0	0.0	0.0	0.0	0.0	0.0	0.0	0.0	0.0	0.0	0.0	0.0	0.0	0.0	0.0	0.0	0.0	0.0	0.0	0.0	0.0	0.0	0.0	0.0	0.0	0.0	0.0	0.0	0.0	0.0	0.0	0.0	0.0	0.0	0.0	0.0	0.0	0.0	0.0	0.0	0.0	0.0	0.0	0.0	0.0	0.0	0.0	0.0	0.0	0.0	0.0	0.0	0.0	0.0	0.0	0.0	0.0	0.0	0.0
SRR5224846	1256.0	2079.0	1169.0	0.0	1787.0	3704.0	53.0	469.0	1163.0	519.0	0.0	0.0	435.0	66.0	903.0	0.0	28.0	333.0	193.0	0.0	0.0	0.0	307.0	608.0	0.0	0.0	0.0	24.0	0.0	0.0	0.0	52.0	0.0	0.0	62.0	101.0	0.0	0.0	0.0	197.0	28.0	0.0	0.0	0.0	0.0	271.0	0.0	0.0	0.0	0.0	0.0	0.0	0.0	0.0	0.0	0.0	0.0	0.0	0.0	51.0	0.0	0.0	0.0	0.0	0.0	0.0	0.0	0.0	0.0	998.0	332.0	0.0	0.0	44.0	0.0	0.0	0.0	0.0	0.0	0.0	0.0	0.0	0.0	0.0	0.0	0.0	0.0	0.0	0.0	0.0	0.0	0.0	0.0	0.0	0.0	0.0	0.0	0.0	0.0	0.0	0.0	0.0	0.0	0.0	0.0	0.0	0.0	0.0	0.0	0.0	0.0	0.0	0.0	0.0	0.0	0.0	0.0	0.0	0.0	0.0	0.0	0.0	0.0	0.0	0.0	0.0	0.0	0.0	0.0	0.0	0.0	0.0	0.0	0.0	0.0	0.0	0.0	0.0	0.0	0.0	0.0	0.0	0.0	0.0	0.0	0.0	0.0	0.0	0.0	0.0	0.0	0.0	0.0	0.0
SRR5224858	127.0	1233.0	1084.0	0.0	538.0	2662.0	138.0	785.0	569.0	740.0	0.0	0.0	466.0	43.0	730.0	0.0	0.0	69.0	237.0	0.0	0.0	0.0	785.0	603.0	0.0	0.0	0.0	6.0	0.0	0.0	0.0	0.0	0.0	0.0	34.0	113.0	0.0	0.0	53.0	244.0	0.0	0.0	0.0	0.0	0.0	351.0	81.0	0.0	0.0	67.0	35.0	0.0	14.0	0.0	11.0	0.0	0.0	0.0	0.0	0.0	0.0	0.0	0.0	0.0	0.0	0.0	0.0	0.0	0.0	59.0	167.0	0.0	0.0	0.0	0.0	0.0	0.0	0.0	0.0	0.0	13.0	0.0	33.0	0.0	0.0	0.0	0.0	0.0	0.0	0.0	0.0	0.0	0.0	0.0	0.0	0.0	0.0	0.0	30.0	0.0	0.0	0.0	0.0	0.0	0.0	0.0	0.0	0.0	0.0	0.0	0.0	0.0	0.0	0.0	0.0	0.0	0.0	0.0	0.0	0.0	0.0	0.0	0.0	0.0	0.0	0.0	0.0	0.0	0.0	0.0	0.0	0.0	0.0	0.0	0.0	0.0	0.0	0.0	0.0	0.0	0.0	0.0	0.0	0.0	0.0	0.0	0.0	0.0	0.0	0.0	0.0	0.0	0.0	0.0
SRR5224863	1111.0	5147.0	2823.0	0.0	3041.0	5826.0	241.0	125.0	1813.0	369.0	0.0	0.0	1128.0	146.0	1721.0	0.0	0.0	445.0	446.0	0.0	97.0	0.0	246.0	798.0	16.0	0.0	0.0	108.0	266.0	0.0	0.0	66.0	202.0	0.0	64.0	151.0	0.0	0.0	92.0	345.0	7.0	0.0	12.0	0.0	10.0	183.0	0.0	0.0	0.0	40.0	0.0	0.0	0.0	0.0	0.0	0.0	0.0	0.0	0.0	0.0	0.0	0.0	0.0	23.0	0.0	0.0	0.0	0.0	57.0	751.0	253.0	0.0	75.0	26.0	0.0	46.0	0.0	0.0	0.0	0.0	0.0	11.0	0.0	0.0	0.0	0.0	0.0	0.0	0.0	0.0	0.0	0.0	0.0	0.0	0.0	0.0	0.0	0.0	0.0	0.0	0.0	0.0	0.0	0.0	0.0	0.0	0.0	0.0	0.0	0.0	0.0	0.0	0.0	0.0	0.0	0.0	0.0	0.0	0.0	0.0	0.0	0.0	0.0	0.0	0.0	0.0	0.0	0.0	0.0	0.0	0.0	0.0	0.0	0.0	0.0	0.0	0.0	0.0	0.0	0.0	0.0	0.0	0.0	0.0	0.0	0.0	0.0	0.0	0.0	0.0	0.0	0.0	0.0	0.0
SRR5224866	474.0	3212.0	2416.0	0.0	1342.0	3212.0	150.0	739.0	993.0	631.0	0.0	0.0	573.0	86.0	702.0	0.0	0.0	162.0	296.0	0.0	84.0	65.0	132.0	591.0	5.0	0.0	0.0	16.0	45.0	0.0	0.0	67.0	0.0	0.0	14.0	90.0	0.0	0.0	40.0	377.0	0.0	0.0	0.0	0.0	0.0	35.0	0.0	0.0	0.0	0.0	0.0	0.0	0.0	0.0	0.0	0.0	0.0	0.0	0.0	0.0	0.0	0.0	0.0	0.0	0.0	0.0	0.0	0.0	0.0	0.0	0.0	0.0	0.0	0.0	0.0	0.0	0.0	16.0	0.0	0.0	0.0	0.0	0.0	0.0	0.0	0.0	0.0	0.0	0.0	0.0	0.0	0.0	0.0	0.0	0.0	0.0	0.0	0.0	0.0	0.0	0.0	0.0	0.0	0.0	0.0	0.0	0.0	0.0	0.0	0.0	0.0	0.0	0.0	0.0	0.0	0.0	0.0	0.0	0.0	0.0	0.0	0.0	0.0	0.0	0.0	0.0	0.0	0.0	0.0	0.0	0.0	0.0	0.0	0.0	0.0	0.0	0.0	0.0	0.0	0.0	0.0	0.0	0.0	0.0	0.0	0.0	0.0	0.0	0.0	0.0	0.0	0.0	0.0	0.0
SRR5224869	255.0	1140.0	1523.0	0.0	1002.0	2599.0	255.0	411.0	1692.0	503.0	0.0	0.0	341.0	65.0	532.0	0.0	0.0	0.0	115.0	0.0	113.0	0.0	51.0	838.0	0.0	0.0	0.0	0.0	0.0	0.0	0.0	167.0	0.0	19.0	0.0	94.0	0.0	0.0	84.0	101.0	0.0	0.0	0.0	0.0	0.0	51.0	0.0	0.0	0.0	0.0	0.0	0.0	0.0	0.0	0.0	0.0	0.0	0.0	0.0	0.0	0.0	0.0	0.0	0.0	0.0	0.0	0.0	0.0	0.0	46.0	0.0	0.0	17.0	0.0	0.0	0.0	0.0	0.0	0.0	0.0	0.0	0.0	0.0	0.0	0.0	0.0	0.0	0.0	0.0	0.0	0.0	0.0	0.0	0.0	0.0	0.0	0.0	0.0	0.0	0.0	0.0	0.0	0.0	0.0	0.0	0.0	0.0	0.0	0.0	0.0	0.0	0.0	0.0	0.0	0.0	0.0	0.0	0.0	0.0	0.0	0.0	0.0	0.0	0.0	0.0	0.0	0.0	0.0	0.0	0.0	0.0	0.0	0.0	0.0	0.0	0.0	0.0	0.0	0.0	0.0	0.0	0.0	0.0	0.0	0.0	0.0	0.0	0.0	0.0	0.0	0.0	0.0	0.0	0.0
SRR5224875	511.0	3398.0	2619.0	0.0	3525.0	4341.0	103.0	134.0	1573.0	406.0	0.0	0.0	778.0	0.0	1203.0	0.0	0.0	229.0	277.0	0.0	0.0	0.0	85.0	647.0	78.0	0.0	0.0	70.0	142.0	0.0	0.0	171.0	118.0	0.0	26.0	2.0	0.0	0.0	110.0	200.0	0.0	0.0	8.0	0.0	0.0	109.0	0.0	0.0	0.0	0.0	0.0	0.0	0.0	0.0	0.0	0.0	0.0	0.0	0.0	0.0	0.0	0.0	0.0	0.0	0.0	0.0	0.0	0.0	41.0	588.0	198.0	0.0	18.0	8.0	0.0	30.0	0.0	0.0	0.0	0.0	0.0	0.0	0.0	0.0	0.0	0.0	0.0	0.0	0.0	0.0	0.0	0.0	0.0	0.0	0.0	0.0	0.0	0.0	0.0	0.0	0.0	0.0	0.0	0.0	0.0	0.0	0.0	0.0	0.0	0.0	0.0	0.0	0.0	0.0	0.0	0.0	0.0	0.0	0.0	0.0	0.0	0.0	0.0	0.0	0.0	0.0	0.0	0.0	0.0	0.0	0.0	0.0	0.0	0.0	0.0	0.0	0.0	0.0	0.0	0.0	0.0	0.0	0.0	0.0	0.0	0.0	0.0	0.0	0.0	0.0	0.0	0.0	0.0	0.0
SRR5224878	1062.0	3109.0	1464.0	0.0	1842.0	5314.0	605.0	1753.0	3347.0	796.0	0.0	0.0	796.0	33.0	482.0	0.0	0.0	0.0	182.0	0.0	167.0	0.0	159.0	1051.0	0.0	0.0	0.0	0.0	33.0	0.0	0.0	146.0	0.0	27.0	18.0	69.0	0.0	0.0	78.0	189.0	0.0	0.0	0.0	0.0	0.0	95.0	0.0	0.0	0.0	0.0	0.0	0.0	0.0	0.0	0.0	0.0	0.0	0.0	0.0	0.0	0.0	0.0	0.0	0.0	0.0	0.0	0.0	0.0	30.0	14.0	0.0	28.0	76.0	0.0	0.0	0.0	0.0	79.0	49.0	0.0	0.0	0.0	0.0	0.0	0.0	0.0	0.0	0.0	0.0	0.0	0.0	0.0	0.0	0.0	0.0	0.0	0.0	0.0	0.0	0.0	0.0	0.0	0.0	0.0	0.0	0.0	0.0	0.0	0.0	0.0	0.0	0.0	0.0	0.0	0.0	0.0	0.0	0.0	0.0	0.0	0.0	0.0	0.0	0.0	0.0	0.0	0.0	0.0	0.0	0.0	0.0	0.0	0.0	0.0	0.0	0.0	0.0	0.0	0.0	0.0	0.0	0.0	0.0	0.0	0.0	0.0	0.0	0.0	0.0	0.0	0.0	0.0	0.0	0.0
SRR5224881	805.0	2743.0	2118.0	0.0	2595.0	5276.0	245.0	335.0	843.0	420.0	0.0	0.0	761.0	153.0	845.0	0.0	0.0	103.0	335.0	0.0	170.0	0.0	73.0	615.0	0.0	0.0	0.0	0.0	178.0	0.0	0.0	31.0	182.0	0.0	12.0	47.0	0.0	0.0	50.0	205.0	0.0	0.0	18.0	0.0	0.0	24.0	0.0	0.0	0.0	39.0	0.0	0.0	17.0	0.0	0.0	0.0	0.0	0.0	0.0	0.0	0.0	0.0	0.0	0.0	0.0	0.0	0.0	14.0	13.0	584.0	257.0	0.0	0.0	13.0	0.0	0.0	0.0	14.0	0.0	0.0	0.0	0.0	0.0	0.0	0.0	0.0	0.0	0.0	0.0	0.0	0.0	0.0	0.0	0.0	0.0	0.0	0.0	0.0	0.0	0.0	0.0	0.0	0.0	0.0	0.0	0.0	0.0	0.0	0.0	0.0	0.0	0.0	0.0	0.0	0.0	0.0	0.0	0.0	0.0	0.0	0.0	0.0	0.0	0.0	0.0	0.0	0.0	0.0	0.0	0.0	0.0	0.0	0.0	0.0	0.0	0.0	0.0	0.0	0.0	0.0	0.0	0.0	0.0	0.0	0.0	0.0	0.0	0.0	0.0	0.0	0.0	0.0	0.0	0.0
SRR5224884	467.0	2394.0	1635.0	0.0	2120.0	4192.0	170.0	390.0	1321.0	314.0	14.0	0.0	306.0	146.0	920.0	0.0	0.0	102.0	81.0	0.0	49.0	27.0	185.0	746.0	0.0	0.0	0.0	0.0	172.0	0.0	0.0	68.0	187.0	14.0	67.0	111.0	0.0	0.0	47.0	264.0	0.0	0.0	0.0	0.0	0.0	98.0	0.0	0.0	0.0	0.0	0.0	0.0	0.0	0.0	0.0	0.0	0.0	0.0	0.0	0.0	0.0	0.0	0.0	0.0	0.0	0.0	0.0	0.0	17.0	112.0	32.0	0.0	0.0	6.0	0.0	18.0	0.0	0.0	0.0	0.0	0.0	0.0	0.0	0.0	0.0	0.0	0.0	0.0	0.0	0.0	0.0	0.0	0.0	0.0	0.0	0.0	0.0	0.0	0.0	0.0	0.0	0.0	0.0	0.0	0.0	0.0	0.0	0.0	0.0	0.0	0.0	0.0	0.0	0.0	0.0	0.0	0.0	0.0	0.0	0.0	0.0	0.0	0.0	0.0	0.0	0.0	0.0	0.0	0.0	0.0	0.0	0.0	0.0	0.0	0.0	0.0	0.0	0.0	0.0	0.0	0.0	0.0	0.0	0.0	0.0	0.0	0.0	0.0	0.0	0.0	0.0	0.0	0.0	0.0
SRR5224887	795.0	2672.0	3124.0	0.0	2354.0	2951.0	80.0	1242.0	2051.0	515.0	0.0	0.0	278.0	69.0	828.0	0.0	0.0	4.0	199.0	0.0	0.0	71.0	134.0	782.0	0.0	0.0	0.0	0.0	0.0	0.0	0.0	0.0	58.0	13.0	2.0	65.0	0.0	0.0	88.0	180.0	0.0	5.0	0.0	0.0	0.0	15.0	0.0	0.0	0.0	0.0	0.0	0.0	30.0	0.0	0.0	0.0	0.0	0.0	0.0	0.0	0.0	0.0	0.0	0.0	0.0	0.0	0.0	0.0	0.0	31.0	13.0	0.0	0.0	19.0	0.0	0.0	0.0	14.0	4.0	0.0	0.0	0.0	0.0	0.0	0.0	0.0	0.0	0.0	0.0	0.0	0.0	0.0	0.0	0.0	0.0	0.0	0.0	0.0	0.0	0.0	0.0	0.0	0.0	0.0	0.0	0.0	0.0	0.0	0.0	0.0	0.0	0.0	0.0	0.0	0.0	0.0	0.0	0.0	0.0	0.0	0.0	0.0	0.0	0.0	0.0	0.0	0.0	0.0	0.0	0.0	0.0	0.0	0.0	0.0	0.0	0.0	0.0	0.0	0.0	0.0	0.0	0.0	0.0	0.0	0.0	0.0	0.0	0.0	0.0	0.0	0.0	0.0	0.0	0.0
SRR5224890	692.0	3903.0	3261.0	0.0	2838.0	4711.0	832.0	757.0	2751.0	760.0	0.0	0.0	499.0	32.0	571.0	0.0	0.0	138.0	157.0	0.0	97.0	14.0	185.0	1192.0	42.0	0.0	0.0	150.0	150.0	0.0	0.0	168.0	168.0	20.0	21.0	20.0	0.0	0.0	50.0	142.0	7.0	0.0	0.0	0.0	0.0	86.0	0.0	0.0	0.0	0.0	0.0	0.0	0.0	0.0	0.0	0.0	0.0	0.0	0.0	0.0	0.0	0.0	0.0	0.0	0.0	0.0	0.0	48.0	61.0	407.0	152.0	10.0	0.0	0.0	0.0	28.0	0.0	38.0	5.0	0.0	0.0	0.0	0.0	0.0	0.0	0.0	0.0	0.0	0.0	0.0	0.0	0.0	0.0	0.0	0.0	0.0	0.0	0.0	0.0	0.0	0.0	0.0	0.0	0.0	0.0	0.0	0.0	0.0	0.0	0.0	0.0	0.0	0.0	0.0	0.0	0.0	0.0	0.0	0.0	0.0	0.0	0.0	0.0	0.0	0.0	0.0	0.0	0.0	0.0	0.0	0.0	0.0	0.0	0.0	0.0	0.0	0.0	0.0	0.0	0.0	0.0	0.0	0.0	0.0	0.0	0.0	0.0	0.0	0.0	0.0	0.0	0.0	0.0	0.0
SRR5224893	460.0	2149.0	965.0	0.0	704.0	3998.0	159.0	899.0	1265.0	425.0	6.0	0.0	193.0	144.0	288.0	0.0	0.0	53.0	0.0	0.0	127.0	35.0	139.0	780.0	0.0	0.0	0.0	0.0	0.0	0.0	0.0	0.0	27.0	0.0	0.0	182.0	0.0	0.0	24.0	137.0	0.0	0.0	0.0	0.0	0.0	67.0	0.0	0.0	0.0	0.0	0.0	0.0	0.0	0.0	0.0	0.0	0.0	0.0	0.0	0.0	0.0	0.0	0.0	0.0	0.0	0.0	0.0	0.0	0.0	19.0	0.0	0.0	0.0	12.0	0.0	26.0	0.0	27.0	19.0	0.0	0.0	0.0	0.0	0.0	0.0	0.0	0.0	0.0	0.0	0.0	0.0	0.0	0.0	0.0	0.0	0.0	0.0	0.0	0.0	0.0	0.0	0.0	0.0	0.0	0.0	0.0	0.0	0.0	0.0	0.0	0.0	0.0	0.0	0.0	0.0	0.0	0.0	0.0	0.0	0.0	0.0	0.0	0.0	0.0	0.0	0.0	0.0	0.0	0.0	0.0	0.0	0.0	0.0	0.0	0.0	0.0	0.0	0.0	0.0	0.0	0.0	0.0	0.0	0.0	0.0	0.0	0.0	0.0	0.0	0.0	0.0	0.0	0.0	0.0
SRR5224899	313.0	2035.0	2091.0	0.0	1448.0	3463.0	132.0	710.0	1102.0	216.0	0.0	35.0	174.0	44.0	339.0	0.0	0.0	0.0	0.0	0.0	214.0	16.0	0.0	531.0	0.0	0.0	0.0	0.0	64.0	0.0	0.0	89.0	16.0	0.0	34.0	21.0	0.0	0.0	60.0	241.0	0.0	0.0	0.0	0.0	0.0	49.0	0.0	0.0	0.0	0.0	0.0	0.0	0.0	0.0	0.0	0.0	0.0	0.0	0.0	0.0	0.0	0.0	0.0	0.0	0.0	0.0	0.0	0.0	0.0	42.0	0.0	0.0	0.0	0.0	0.0	0.0	0.0	22.0	30.0	0.0	0.0	0.0	0.0	0.0	0.0	0.0	0.0	0.0	0.0	0.0	0.0	0.0	0.0	0.0	0.0	0.0	0.0	0.0	0.0	0.0	0.0	0.0	0.0	0.0	0.0	0.0	0.0	0.0	0.0	0.0	0.0	0.0	0.0	0.0	0.0	0.0	0.0	0.0	0.0	0.0	0.0	0.0	0.0	0.0	0.0	0.0	0.0	0.0	0.0	0.0	0.0	0.0	0.0	0.0	0.0	0.0	0.0	0.0	0.0	0.0	0.0	0.0	0.0	0.0	0.0	0.0	0.0	0.0	0.0	0.0	0.0	0.0	0.0	0.0
SRR5224902	1873.0	3906.0	2686.0	0.0	3302.0	5720.0	484.0	1594.0	4002.0	886.0	0.0	0.0	1413.0	87.0	1653.0	0.0	0.0	101.0	203.0	0.0	149.0	77.0	215.0	1446.0	0.0	0.0	0.0	12.0	344.0	0.0	0.0	531.0	170.0	85.0	70.0	41.0	0.0	0.0	108.0	305.0	0.0	0.0	0.0	0.0	0.0	67.0	0.0	0.0	0.0	0.0	0.0	0.0	0.0	0.0	0.0	0.0	0.0	0.0	0.0	0.0	0.0	0.0	0.0	0.0	0.0	0.0	0.0	0.0	0.0	426.0	0.0	61.0	26.0	29.0	0.0	37.0	0.0	95.0	0.0	0.0	0.0	23.0	0.0	0.0	0.0	0.0	0.0	0.0	0.0	0.0	0.0	0.0	0.0	0.0	0.0	0.0	0.0	0.0	0.0	0.0	0.0	0.0	0.0	0.0	0.0	0.0	0.0	0.0	0.0	0.0	0.0	0.0	0.0	0.0	0.0	0.0	0.0	0.0	0.0	0.0	0.0	0.0	0.0	0.0	0.0	0.0	0.0	0.0	0.0	0.0	0.0	0.0	0.0	0.0	0.0	0.0	0.0	0.0	0.0	0.0	0.0	0.0	0.0	0.0	0.0	0.0	0.0	0.0	0.0	0.0	0.0	0.0	0.0	0.0
SRR5224905	341.0	2410.0	2168.0	0.0	1558.0	3001.0	334.0	830.0	1759.0	652.0	0.0	0.0	329.0	98.0	451.0	0.0	26.0	81.0	172.0	0.0	61.0	0.0	122.0	566.0	10.0	0.0	0.0	0.0	35.0	0.0	0.0	59.0	0.0	0.0	0.0	22.0	0.0	0.0	136.0	116.0	0.0	0.0	0.0	0.0	0.0	83.0	0.0	0.0	0.0	0.0	0.0	0.0	0.0	0.0	0.0	0.0	0.0	0.0	0.0	0.0	0.0	0.0	0.0	0.0	0.0	0.0	0.0	0.0	0.0	37.0	0.0	7.0	0.0	20.0	0.0	0.0	0.0	0.0	0.0	0.0	0.0	0.0	0.0	0.0	0.0	0.0	0.0	0.0	0.0	0.0	0.0	0.0	0.0	0.0	0.0	0.0	0.0	0.0	0.0	0.0	0.0	0.0	0.0	0.0	0.0	0.0	0.0	0.0	0.0	0.0	0.0	0.0	0.0	0.0	0.0	0.0	0.0	0.0	0.0	0.0	0.0	0.0	0.0	0.0	0.0	0.0	0.0	0.0	0.0	0.0	0.0	0.0	0.0	0.0	0.0	0.0	0.0	0.0	0.0	0.0	0.0	0.0	0.0	0.0	0.0	0.0	0.0	0.0	0.0	0.0	0.0	0.0	0.0	0.0
SRR5224914	618.0	2386.0	2470.0	0.0	1524.0	3177.0	155.0	68.0	870.0	470.0	0.0	0.0	529.0	78.0	1280.0	0.0	0.0	120.0	130.0	0.0	102.0	0.0	225.0	570.0	10.0	0.0	0.0	69.0	85.0	0.0	0.0	0.0	157.0	0.0	46.0	115.0	0.0	0.0	45.0	80.0	0.0	0.0	3.0	0.0	0.0	88.0	0.0	0.0	0.0	53.0	0.0	0.0	0.0	0.0	0.0	0.0	0.0	0.0	0.0	0.0	0.0	0.0	0.0	0.0	0.0	0.0	0.0	0.0	0.0	203.0	0.0	0.0	17.0	27.0	0.0	0.0	0.0	0.0	0.0	0.0	0.0	0.0	8.0	0.0	0.0	0.0	0.0	0.0	0.0	0.0	0.0	0.0	0.0	0.0	0.0	0.0	0.0	0.0	0.0	0.0	0.0	0.0	0.0	0.0	0.0	0.0	0.0	0.0	0.0	0.0	0.0	0.0	0.0	0.0	0.0	0.0	0.0	0.0	0.0	0.0	0.0	0.0	0.0	0.0	0.0	0.0	0.0	0.0	0.0	0.0	0.0	0.0	0.0	0.0	0.0	0.0	0.0	0.0	0.0	0.0	0.0	0.0	0.0	0.0	0.0	0.0	0.0	0.0	0.0	0.0	0.0	0.0	0.0	0.0
SRR5224917	331.0	2218.0	1590.0	0.0	1537.0	2536.0	352.0	487.0	1836.0	627.0	0.0	0.0	152.0	111.0	387.0	0.0	0.0	0.0	124.0	0.0	117.0	0.0	116.0	600.0	0.0	0.0	0.0	0.0	35.0	0.0	0.0	0.0	12.0	0.0	0.0	0.0	0.0	0.0	41.0	187.0	0.0	0.0	0.0	0.0	0.0	0.0	0.0	0.0	0.0	0.0	0.0	0.0	0.0	0.0	0.0	0.0	0.0	0.0	0.0	0.0	0.0	0.0	0.0	0.0	0.0	0.0	0.0	0.0	0.0	0.0	0.0	22.0	9.0	0.0	0.0	17.0	0.0	0.0	0.0	0.0	0.0	0.0	0.0	0.0	0.0	0.0	0.0	0.0	0.0	0.0	0.0	0.0	0.0	0.0	0.0	0.0	0.0	0.0	0.0	0.0	0.0	0.0	0.0	0.0	0.0	0.0	0.0	0.0	0.0	0.0	0.0	0.0	0.0	0.0	0.0	0.0	0.0	0.0	0.0	0.0	0.0	0.0	0.0	0.0	0.0	0.0	0.0	0.0	0.0	0.0	0.0	0.0	0.0	0.0	0.0	0.0	0.0	0.0	0.0	0.0	0.0	0.0	0.0	0.0	0.0	0.0	0.0	0.0	0.0	0.0	0.0	0.0	0.0	0.0
SRR5224921	656.0	1492.0	626.0	0.0	861.0	2467.0	114.0	904.0	1860.0	627.0	0.0	0.0	362.0	105.0	606.0	0.0	0.0	0.0	115.0	0.0	36.0	32.0	110.0	675.0	0.0	0.0	0.0	0.0	0.0	0.0	0.0	0.0	0.0	16.0	17.0	106.0	0.0	0.0	20.0	170.0	0.0	0.0	0.0	0.0	0.0	0.0	0.0	0.0	0.0	0.0	0.0	0.0	0.0	0.0	0.0	0.0	0.0	0.0	0.0	0.0	0.0	0.0	0.0	0.0	0.0	0.0	0.0	0.0	0.0	0.0	0.0	16.0	25.0	15.0	0.0	0.0	0.0	0.0	0.0	0.0	0.0	0.0	0.0	0.0	0.0	0.0	0.0	0.0	0.0	0.0	0.0	0.0	0.0	0.0	0.0	0.0	0.0	0.0	0.0	0.0	0.0	0.0	0.0	0.0	0.0	0.0	0.0	0.0	0.0	0.0	0.0	0.0	0.0	0.0	0.0	0.0	0.0	0.0	0.0	0.0	0.0	0.0	0.0	0.0	0.0	0.0	0.0	0.0	0.0	0.0	0.0	0.0	0.0	0.0	0.0	0.0	0.0	0.0	0.0	0.0	0.0	0.0	0.0	0.0	0.0	0.0	0.0	0.0	0.0	0.0	0.0	0.0	0.0	0.0
SRR5224924	1523.0	3304.0	2933.0	0.0	3047.0	5223.0	239.0	702.0	1473.0	540.0	44.0	0.0	1372.0	94.0	1851.0	0.0	0.0	151.0	442.0	0.0	86.0	31.0	516.0	759.0	0.0	0.0	0.0	7.0	28.0	0.0	0.0	156.0	103.0	102.0	36.0	152.0	0.0	0.0	47.0	237.0	8.0	18.0	0.0	0.0	0.0	622.0	0.0	0.0	0.0	77.0	12.0	0.0	0.0	0.0	0.0	0.0	0.0	0.0	0.0	0.0	0.0	0.0	0.0	61.0	0.0	0.0	0.0	0.0	6.0	294.0	84.0	33.0	33.0	236.0	0.0	36.0	0.0	0.0	0.0	0.0	0.0	0.0	0.0	0.0	0.0	0.0	0.0	0.0	0.0	0.0	0.0	0.0	0.0	0.0	0.0	0.0	0.0	0.0	0.0	0.0	0.0	0.0	0.0	0.0	0.0	0.0	0.0	0.0	0.0	0.0	0.0	0.0	0.0	0.0	0.0	0.0	0.0	0.0	0.0	0.0	0.0	0.0	0.0	0.0	0.0	0.0	0.0	0.0	0.0	0.0	0.0	0.0	0.0	0.0	0.0	0.0	0.0	0.0	0.0	0.0	0.0	0.0	0.0	0.0	0.0	0.0	0.0	0.0	0.0	0.0	0.0	0.0	0.0	0.0
SRR5224927	672.0	3157.0	1688.0	0.0	2822.0	4677.0	771.0	1163.0	3462.0	1150.0	0.0	0.0	1113.0	32.0	1021.0	0.0	0.0	190.0	512.0	0.0	136.0	47.0	163.0	755.0	0.0	0.0	0.0	25.0	54.0	0.0	0.0	0.0	11.0	0.0	21.0	50.0	0.0	0.0	66.0	206.0	0.0	0.0	0.0	0.0	0.0	0.0	0.0	0.0	0.0	0.0	0.0	0.0	0.0	0.0	0.0	0.0	0.0	0.0	0.0	0.0	0.0	0.0	0.0	0.0	0.0	0.0	0.0	41.0	0.0	17.0	0.0	20.0	0.0	0.0	0.0	0.0	0.0	0.0	0.0	0.0	0.0	0.0	0.0	0.0	0.0	0.0	0.0	0.0	0.0	0.0	0.0	0.0	0.0	0.0	0.0	0.0	0.0	0.0	0.0	0.0	0.0	0.0	0.0	0.0	0.0	0.0	0.0	0.0	0.0	0.0	0.0	0.0	0.0	0.0	0.0	0.0	0.0	0.0	0.0	0.0	0.0	0.0	0.0	0.0	0.0	0.0	0.0	0.0	0.0	0.0	0.0	0.0	0.0	0.0	0.0	0.0	0.0	0.0	0.0	0.0	0.0	0.0	0.0	0.0	0.0	0.0	0.0	0.0	0.0	0.0	0.0	0.0	0.0	0.0
SRR5224936	1196.0	2261.0	3560.0	0.0	2261.0	4133.0	33.0	64.0	1111.0	490.0	0.0	0.0	1230.0	62.0	808.0	0.0	0.0	196.0	395.0	0.0	89.0	20.0	270.0	576.0	0.0	0.0	0.0	59.0	58.0	0.0	0.0	153.0	15.0	0.0	6.0	142.0	0.0	0.0	112.0	229.0	0.0	0.0	11.0	0.0	0.0	190.0	0.0	0.0	0.0	22.0	0.0	0.0	0.0	0.0	0.0	0.0	0.0	0.0	0.0	0.0	0.0	0.0	0.0	0.0	0.0	0.0	0.0	0.0	7.0	9.0	0.0	0.0	22.0	37.0	0.0	0.0	0.0	0.0	0.0	46.0	0.0	0.0	0.0	0.0	0.0	0.0	0.0	0.0	0.0	0.0	0.0	0.0	0.0	0.0	0.0	0.0	0.0	0.0	0.0	0.0	0.0	0.0	0.0	0.0	0.0	0.0	0.0	0.0	0.0	0.0	0.0	0.0	0.0	0.0	0.0	0.0	0.0	0.0	0.0	0.0	0.0	0.0	0.0	0.0	0.0	0.0	0.0	0.0	0.0	0.0	0.0	0.0	0.0	0.0	0.0	0.0	0.0	0.0	0.0	0.0	0.0	0.0	0.0	0.0	0.0	0.0	0.0	0.0	0.0	0.0	0.0	0.0	0.0	0.0
SRR5224939	91.0	4420.0	3728.0	0.0	2967.0	1168.0	62.0	413.0	2131.0	454.0	0.0	0.0	570.0	80.0	1011.0	0.0	0.0	125.0	401.0	0.0	17.0	20.0	169.0	453.0	0.0	0.0	0.0	177.0	16.0	0.0	0.0	30.0	8.0	0.0	11.0	0.0	0.0	0.0	100.0	126.0	0.0	0.0	0.0	0.0	0.0	0.0	0.0	0.0	0.0	36.0	0.0	0.0	0.0	0.0	0.0	0.0	0.0	0.0	0.0	0.0	0.0	0.0	0.0	0.0	0.0	0.0	0.0	0.0	0.0	33.0	0.0	0.0	0.0	26.0	0.0	0.0	0.0	0.0	0.0	0.0	0.0	0.0	0.0	0.0	0.0	0.0	0.0	0.0	0.0	0.0	0.0	0.0	0.0	0.0	0.0	0.0	0.0	0.0	0.0	0.0	0.0	0.0	0.0	0.0	0.0	0.0	0.0	0.0	0.0	0.0	0.0	0.0	0.0	0.0	0.0	0.0	0.0	0.0	0.0	0.0	0.0	0.0	0.0	0.0	0.0	0.0	0.0	0.0	0.0	0.0	0.0	0.0	0.0	0.0	0.0	0.0	0.0	0.0	0.0	0.0	0.0	0.0	0.0	0.0	0.0	0.0	0.0	0.0	0.0	0.0	0.0	0.0	0.0	0.0
SRR5224942	41.0	1556.0	2395.0	0.0	895.0	2103.0	376.0	361.0	615.0	702.0	0.0	0.0	300.0	74.0	876.0	0.0	0.0	72.0	18.0	0.0	98.0	0.0	280.0	661.0	0.0	0.0	0.0	35.0	12.0	0.0	0.0	0.0	0.0	0.0	23.0	107.0	0.0	0.0	49.0	76.0	0.0	0.0	0.0	0.0	0.0	0.0	0.0	0.0	0.0	0.0	0.0	0.0	0.0	0.0	0.0	0.0	0.0	0.0	0.0	0.0	0.0	0.0	0.0	17.0	0.0	0.0	0.0	20.0	0.0	144.0	15.0	0.0	0.0	0.0	0.0	0.0	0.0	0.0	0.0	0.0	0.0	0.0	0.0	0.0	0.0	0.0	0.0	0.0	0.0	0.0	0.0	0.0	0.0	0.0	0.0	0.0	0.0	0.0	0.0	0.0	0.0	0.0	0.0	0.0	0.0	0.0	0.0	0.0	0.0	0.0	0.0	0.0	0.0	0.0	0.0	0.0	0.0	0.0	0.0	0.0	0.0	0.0	0.0	0.0	0.0	0.0	0.0	0.0	0.0	0.0	0.0	0.0	0.0	0.0	0.0	0.0	0.0	0.0	0.0	0.0	0.0	0.0	0.0	0.0	0.0	0.0	0.0	0.0	0.0	0.0	0.0	0.0	0.0	0.0
SRR5224945	873.0	2191.0	827.0	0.0	1038.0	3990.0	43.0	936.0	1819.0	645.0	0.0	0.0	576.0	72.0	718.0	0.0	17.0	3.0	163.0	0.0	56.0	114.0	147.0	768.0	0.0	0.0	0.0	31.0	49.0	0.0	0.0	103.0	18.0	33.0	0.0	28.0	0.0	0.0	59.0	158.0	0.0	0.0	0.0	0.0	0.0	0.0	0.0	0.0	0.0	0.0	0.0	0.0	0.0	0.0	0.0	0.0	0.0	0.0	0.0	0.0	0.0	0.0	0.0	0.0	0.0	0.0	0.0	0.0	0.0	0.0	24.0	0.0	12.0	12.0	0.0	0.0	0.0	0.0	18.0	0.0	0.0	0.0	0.0	0.0	0.0	0.0	0.0	0.0	0.0	0.0	0.0	0.0	0.0	0.0	0.0	0.0	0.0	0.0	0.0	0.0	0.0	0.0	0.0	0.0	0.0	0.0	0.0	0.0	0.0	0.0	0.0	0.0	0.0	0.0	0.0	0.0	0.0	0.0	0.0	0.0	0.0	0.0	0.0	0.0	0.0	0.0	0.0	0.0	0.0	0.0	0.0	0.0	0.0	0.0	0.0	0.0	0.0	0.0	0.0	0.0	0.0	0.0	0.0	0.0	0.0	0.0	0.0	0.0	0.0	0.0	0.0	0.0	0.0	0.0
SRR5224948	1141.0	4423.0	4233.0	0.0	3541.0	2252.0	295.0	158.0	2249.0	224.0	0.0	0.0	1286.0	90.0	1055.0	0.0	0.0	178.0	357.0	0.0	0.0	0.0	368.0	556.0	0.0	0.0	0.0	216.0	0.0	0.0	0.0	51.0	0.0	0.0	108.0	0.0	0.0	0.0	125.0	298.0	0.0	0.0	0.0	0.0	6.0	121.0	0.0	0.0	0.0	97.0	16.0	0.0	0.0	0.0	0.0	0.0	0.0	0.0	0.0	0.0	0.0	0.0	0.0	0.0	0.0	0.0	0.0	0.0	0.0	237.0	0.0	0.0	51.0	21.0	0.0	0.0	0.0	5.0	0.0	0.0	0.0	17.0	0.0	0.0	0.0	0.0	0.0	0.0	0.0	0.0	0.0	0.0	0.0	0.0	0.0	0.0	0.0	0.0	0.0	0.0	0.0	0.0	0.0	0.0	0.0	0.0	0.0	0.0	0.0	0.0	0.0	0.0	0.0	0.0	0.0	0.0	0.0	0.0	0.0	0.0	0.0	0.0	0.0	0.0	0.0	0.0	0.0	0.0	0.0	0.0	0.0	0.0	0.0	0.0	0.0	0.0	0.0	0.0	0.0	0.0	0.0	0.0	0.0	0.0	0.0	0.0	0.0	0.0	0.0	0.0	0.0	0.0	0.0	0.0
SRR5224951	932.0	4170.0	1796.0	0.0	2672.0	3705.0	309.0	1658.0	3769.0	813.0	0.0	0.0	500.0	188.0	901.0	0.0	0.0	38.0	296.0	0.0	241.0	58.0	53.0	926.0	0.0	0.0	0.0	60.0	52.0	0.0	0.0	0.0	51.0	0.0	0.0	127.0	0.0	0.0	97.0	242.0	0.0	0.0	0.0	0.0	0.0	0.0	0.0	0.0	0.0	0.0	0.0	0.0	19.0	0.0	0.0	0.0	0.0	0.0	0.0	0.0	0.0	0.0	0.0	0.0	0.0	0.0	0.0	0.0	4.0	160.0	0.0	13.0	0.0	32.0	0.0	0.0	0.0	31.0	0.0	0.0	0.0	0.0	0.0	0.0	0.0	0.0	0.0	0.0	0.0	0.0	0.0	0.0	0.0	0.0	0.0	0.0	0.0	0.0	0.0	0.0	0.0	0.0	0.0	0.0	0.0	0.0	0.0	0.0	0.0	0.0	0.0	0.0	0.0	0.0	0.0	0.0	0.0	0.0	0.0	0.0	0.0	0.0	0.0	0.0	0.0	0.0	0.0	0.0	0.0	0.0	0.0	0.0	0.0	0.0	0.0	0.0	0.0	0.0	0.0	0.0	0.0	0.0	0.0	0.0	0.0	0.0	0.0	0.0	0.0	0.0	0.0	0.0	0.0	0.0
SRR5224954	160.0	1078.0	2352.0	0.0	720.0	2357.0	71.0	260.0	507.0	343.0	0.0	0.0	149.0	0.0	781.0	0.0	0.0	13.0	86.0	0.0	159.0	0.0	98.0	657.0	0.0	0.0	0.0	0.0	0.0	0.0	0.0	47.0	26.0	0.0	0.0	132.0	0.0	0.0	19.0	39.0	0.0	10.0	0.0	0.0	0.0	62.0	0.0	0.0	0.0	0.0	0.0	0.0	0.0	0.0	0.0	0.0	0.0	0.0	0.0	29.0	0.0	0.0	0.0	0.0	0.0	0.0	0.0	0.0	0.0	353.0	30.0	0.0	0.0	0.0	0.0	0.0	0.0	0.0	0.0	0.0	0.0	0.0	0.0	0.0	0.0	0.0	0.0	0.0	0.0	0.0	0.0	0.0	0.0	0.0	0.0	0.0	0.0	0.0	0.0	0.0	0.0	0.0	0.0	0.0	0.0	0.0	0.0	0.0	0.0	0.0	0.0	0.0	0.0	0.0	0.0	0.0	0.0	0.0	0.0	0.0	0.0	0.0	0.0	0.0	0.0	0.0	0.0	0.0	0.0	0.0	0.0	0.0	0.0	0.0	0.0	0.0	0.0	0.0	0.0	0.0	0.0	0.0	0.0	0.0	0.0	0.0	0.0	0.0	0.0	0.0	0.0	0.0	0.0	0.0
SRR5224957	409.0	2095.0	1098.0	0.0	1025.0	3347.0	124.0	1047.0	1302.0	438.0	0.0	0.0	334.0	44.0	294.0	0.0	0.0	115.0	118.0	0.0	267.0	0.0	0.0	352.0	0.0	0.0	0.0	0.0	0.0	0.0	0.0	0.0	37.0	18.0	21.0	159.0	0.0	0.0	44.0	239.0	0.0	0.0	0.0	0.0	0.0	0.0	0.0	0.0	0.0	0.0	0.0	0.0	0.0	0.0	0.0	0.0	0.0	0.0	0.0	0.0	0.0	0.0	0.0	0.0	0.0	0.0	0.0	0.0	0.0	0.0	0.0	25.0	62.0	17.0	0.0	0.0	0.0	0.0	0.0	0.0	0.0	0.0	0.0	0.0	0.0	0.0	0.0	0.0	0.0	0.0	0.0	0.0	0.0	0.0	0.0	0.0	0.0	0.0	0.0	0.0	0.0	0.0	0.0	0.0	0.0	0.0	0.0	0.0	0.0	0.0	0.0	0.0	0.0	0.0	0.0	0.0	0.0	0.0	0.0	0.0	0.0	0.0	0.0	0.0	0.0	0.0	0.0	0.0	0.0	0.0	0.0	0.0	0.0	0.0	0.0	0.0	0.0	0.0	0.0	0.0	0.0	0.0	0.0	0.0	0.0	0.0	0.0	0.0	0.0	0.0	0.0	0.0	0.0	0.0
SRR5224960	1430.0	4320.0	4039.0	0.0	2596.0	5426.0	373.0	786.0	2776.0	1047.0	0.0	0.0	1690.0	92.0	1819.0	0.0	0.0	330.0	244.0	0.0	58.0	63.0	208.0	902.0	0.0	0.0	0.0	82.0	177.0	0.0	0.0	359.0	129.0	19.0	43.0	31.0	0.0	0.0	75.0	292.0	0.0	0.0	0.0	0.0	26.0	215.0	0.0	0.0	0.0	27.0	0.0	0.0	0.0	0.0	0.0	0.0	0.0	0.0	0.0	6.0	0.0	0.0	0.0	0.0	0.0	0.0	0.0	0.0	0.0	1171.0	268.0	26.0	62.0	55.0	0.0	0.0	0.0	0.0	49.0	0.0	0.0	0.0	0.0	0.0	0.0	0.0	0.0	0.0	0.0	0.0	0.0	0.0	0.0	0.0	0.0	0.0	0.0	0.0	0.0	0.0	0.0	0.0	0.0	0.0	0.0	0.0	0.0	0.0	0.0	0.0	0.0	0.0	0.0	0.0	0.0	0.0	0.0	0.0	0.0	0.0	0.0	0.0	0.0	0.0	0.0	0.0	0.0	0.0	0.0	0.0	0.0	0.0	0.0	0.0	0.0	0.0	0.0	0.0	0.0	0.0	0.0	0.0	0.0	0.0	0.0	0.0	0.0	0.0	0.0	0.0	0.0	0.0	0.0	0.0
SRR5224963	165.0	2416.0	3578.0	0.0	2566.0	705.0	93.0	287.0	2139.0	294.0	0.0	0.0	1004.0	0.0	1409.0	0.0	0.0	0.0	388.0	0.0	0.0	32.0	38.0	203.0	0.0	0.0	0.0	53.0	7.0	7.0	0.0	0.0	0.0	0.0	0.0	0.0	0.0	0.0	33.0	12.0	0.0	0.0	0.0	0.0	0.0	85.0	0.0	0.0	0.0	0.0	0.0	0.0	0.0	0.0	0.0	0.0	0.0	0.0	0.0	0.0	0.0	0.0	0.0	0.0	0.0	0.0	0.0	0.0	0.0	0.0	0.0	0.0	0.0	28.0	0.0	0.0	0.0	12.0	8.0	0.0	0.0	0.0	0.0	0.0	0.0	0.0	0.0	0.0	0.0	0.0	0.0	0.0	0.0	0.0	0.0	0.0	0.0	0.0	0.0	0.0	0.0	0.0	0.0	0.0	0.0	0.0	0.0	0.0	0.0	0.0	0.0	0.0	0.0	0.0	0.0	0.0	0.0	0.0	0.0	0.0	0.0	0.0	0.0	0.0	0.0	0.0	0.0	0.0	0.0	0.0	0.0	0.0	0.0	0.0	0.0	0.0	0.0	0.0	0.0	0.0	0.0	0.0	0.0	0.0	0.0	0.0	0.0	0.0	0.0	0.0	0.0	0.0	0.0	0.0
SRR5224966	1570.0	3746.0	3676.0	0.0	3098.0	4897.0	183.0	235.0	778.0	987.0	0.0	0.0	988.0	146.0	2295.0	0.0	0.0	630.0	367.0	0.0	0.0	0.0	231.0	520.0	0.0	0.0	0.0	163.0	76.0	0.0	0.0	137.0	119.0	0.0	126.0	20.0	0.0	0.0	79.0	257.0	20.0	0.0	9.0	0.0	13.0	247.0	0.0	0.0	0.0	39.0	16.0	0.0	0.0	0.0	0.0	0.0	0.0	0.0	0.0	26.0	0.0	0.0	0.0	0.0	0.0	0.0	0.0	0.0	61.0	271.0	242.0	0.0	44.0	234.0	0.0	0.0	9.0	0.0	0.0	0.0	0.0	0.0	31.0	0.0	0.0	0.0	0.0	0.0	0.0	0.0	0.0	0.0	0.0	0.0	0.0	0.0	0.0	0.0	0.0	0.0	0.0	0.0	0.0	0.0	0.0	0.0	0.0	0.0	0.0	0.0	0.0	0.0	0.0	0.0	0.0	0.0	0.0	0.0	0.0	0.0	0.0	0.0	0.0	0.0	0.0	0.0	0.0	0.0	0.0	0.0	0.0	0.0	0.0	0.0	0.0	0.0	0.0	0.0	0.0	0.0	0.0	0.0	0.0	0.0	0.0	0.0	0.0	0.0	0.0	0.0	0.0	0.0	0.0	0.0
SRR5224969	579.0	1849.0	901.0	0.0	1083.0	2670.0	67.0	544.0	1447.0	952.0	14.0	0.0	196.0	37.0	597.0	0.0	0.0	0.0	233.0	0.0	32.0	22.0	217.0	372.0	0.0	0.0	0.0	0.0	0.0	0.0	0.0	78.0	4.0	0.0	0.0	17.0	0.0	0.0	30.0	225.0	0.0	0.0	0.0	0.0	0.0	80.0	0.0	0.0	0.0	0.0	0.0	0.0	0.0	0.0	0.0	0.0	0.0	0.0	0.0	0.0	0.0	0.0	0.0	19.0	0.0	0.0	0.0	0.0	0.0	70.0	0.0	0.0	51.0	27.0	0.0	23.0	0.0	0.0	0.0	0.0	0.0	0.0	5.0	0.0	0.0	0.0	0.0	0.0	0.0	0.0	0.0	0.0	0.0	0.0	0.0	0.0	0.0	0.0	0.0	0.0	0.0	0.0	0.0	0.0	0.0	0.0	0.0	0.0	0.0	0.0	0.0	0.0	0.0	0.0	0.0	0.0	0.0	0.0	0.0	0.0	0.0	0.0	0.0	0.0	0.0	0.0	0.0	0.0	0.0	0.0	0.0	0.0	0.0	0.0	0.0	0.0	0.0	0.0	0.0	0.0	0.0	0.0	0.0	0.0	0.0	0.0	0.0	0.0	0.0	0.0	0.0	0.0	0.0	0.0
SRR5224970	1262.0	2186.0	1453.0	0.0	1943.0	3443.0	75.0	81.0	328.0	432.0	33.0	0.0	510.0	133.0	1264.0	0.0	0.0	229.0	226.0	0.0	0.0	0.0	100.0	401.0	16.0	0.0	0.0	98.0	79.0	0.0	0.0	121.0	92.0	0.0	57.0	105.0	0.0	0.0	117.0	318.0	23.0	0.0	8.0	0.0	4.0	100.0	0.0	0.0	0.0	0.0	0.0	0.0	45.0	0.0	0.0	0.0	0.0	0.0	0.0	17.0	0.0	0.0	0.0	0.0	0.0	0.0	0.0	0.0	13.0	142.0	144.0	0.0	0.0	127.0	0.0	0.0	0.0	0.0	0.0	0.0	0.0	0.0	0.0	0.0	0.0	0.0	0.0	0.0	0.0	0.0	0.0	0.0	0.0	0.0	0.0	0.0	0.0	0.0	0.0	0.0	0.0	0.0	0.0	0.0	0.0	0.0	0.0	0.0	0.0	0.0	0.0	0.0	0.0	0.0	0.0	0.0	0.0	0.0	0.0	0.0	0.0	0.0	0.0	0.0	0.0	0.0	0.0	0.0	0.0	0.0	0.0	0.0	0.0	0.0	0.0	0.0	0.0	0.0	0.0	0.0	0.0	0.0	0.0	0.0	0.0	0.0	0.0	0.0	0.0	0.0	0.0	0.0	0.0	0.0
SRR5224973	815.0	1824.0	2431.0	0.0	1933.0	2326.0	37.0	188.0	530.0	582.0	13.0	0.0	662.0	91.0	659.0	0.0	0.0	29.0	381.0	0.0	0.0	0.0	162.0	452.0	31.0	0.0	0.0	15.0	0.0	0.0	0.0	72.0	35.0	0.0	33.0	80.0	0.0	0.0	121.0	47.0	0.0	0.0	20.0	0.0	0.0	0.0	0.0	0.0	0.0	5.0	0.0	0.0	0.0	0.0	0.0	0.0	0.0	0.0	0.0	0.0	0.0	0.0	0.0	0.0	0.0	0.0	0.0	0.0	0.0	124.0	0.0	0.0	0.0	25.0	0.0	0.0	0.0	0.0	0.0	0.0	0.0	0.0	0.0	0.0	0.0	0.0	0.0	0.0	0.0	0.0	0.0	0.0	0.0	0.0	0.0	0.0	0.0	0.0	0.0	0.0	0.0	0.0	0.0	0.0	0.0	0.0	0.0	0.0	0.0	0.0	0.0	0.0	0.0	0.0	0.0	0.0	0.0	0.0	0.0	0.0	0.0	0.0	0.0	0.0	0.0	0.0	0.0	0.0	0.0	0.0	0.0	0.0	0.0	0.0	0.0	0.0	0.0	0.0	0.0	0.0	0.0	0.0	0.0	0.0	0.0	0.0	0.0	0.0	0.0	0.0	0.0	0.0	0.0	0.0
SRR5224976	1725.0	5071.0	5721.0	16.0	4309.0	5111.0	105.0	286.0	1879.0	706.0	61.0	0.0	2323.0	162.0	2675.0	0.0	0.0	463.0	717.0	0.0	0.0	34.0	811.0	443.0	37.0	0.0	0.0	599.0	0.0	0.0	0.0	98.0	153.0	41.0	226.0	16.0	14.0	0.0	134.0	276.0	28.0	0.0	32.0	0.0	15.0	584.0	21.0	0.0	0.0	245.0	70.0	0.0	0.0	0.0	0.0	12.0	0.0	0.0	0.0	87.0	0.0	0.0	0.0	0.0	0.0	0.0	0.0	0.0	0.0	483.0	413.0	15.0	16.0	433.0	0.0	0.0	0.0	0.0	0.0	0.0	0.0	28.0	116.0	0.0	0.0	0.0	0.0	0.0	0.0	0.0	0.0	0.0	0.0	0.0	0.0	0.0	0.0	0.0	0.0	0.0	0.0	0.0	0.0	0.0	0.0	0.0	0.0	0.0	0.0	0.0	0.0	0.0	0.0	0.0	0.0	0.0	0.0	0.0	0.0	0.0	0.0	0.0	0.0	0.0	0.0	0.0	0.0	0.0	0.0	0.0	0.0	0.0	0.0	0.0	0.0	0.0	0.0	0.0	0.0	0.0	0.0	0.0	0.0	0.0	0.0	0.0	0.0	0.0	0.0	0.0	0.0	0.0	0.0	0.0
SRR5224979	479.0	1711.0	1008.0	0.0	1225.0	2270.0	85.0	325.0	1458.0	498.0	0.0	0.0	271.0	59.0	734.0	0.0	0.0	70.0	140.0	0.0	0.0	0.0	107.0	759.0	0.0	0.0	0.0	0.0	0.0	0.0	0.0	123.0	0.0	22.0	0.0	82.0	0.0	0.0	24.0	255.0	0.0	0.0	0.0	0.0	0.0	0.0	0.0	0.0	0.0	0.0	0.0	0.0	0.0	0.0	0.0	0.0	0.0	0.0	0.0	0.0	0.0	0.0	0.0	0.0	0.0	0.0	0.0	0.0	0.0	0.0	0.0	12.0	0.0	0.0	0.0	27.0	0.0	0.0	0.0	0.0	16.0	0.0	0.0	0.0	0.0	0.0	0.0	0.0	0.0	0.0	0.0	0.0	0.0	0.0	0.0	0.0	0.0	0.0	0.0	0.0	0.0	0.0	0.0	0.0	0.0	0.0	0.0	0.0	0.0	0.0	0.0	0.0	0.0	0.0	0.0	0.0	0.0	0.0	0.0	0.0	0.0	0.0	0.0	0.0	0.0	0.0	0.0	0.0	0.0	0.0	0.0	0.0	0.0	0.0	0.0	0.0	0.0	0.0	0.0	0.0	0.0	0.0	0.0	0.0	0.0	0.0	0.0	0.0	0.0	0.0	0.0	0.0	0.0	0.0
SRR5224985	631.0	2414.0	3342.0	0.0	2830.0	1911.0	300.0	873.0	1893.0	692.0	0.0	0.0	805.0	53.0	962.0	0.0	0.0	48.0	367.0	0.0	174.0	0.0	92.0	336.0	0.0	0.0	0.0	129.0	28.0	0.0	0.0	49.0	18.0	0.0	61.0	0.0	0.0	0.0	0.0	115.0	0.0	0.0	0.0	0.0	0.0	0.0	0.0	0.0	0.0	10.0	0.0	0.0	0.0	0.0	0.0	0.0	0.0	0.0	0.0	0.0	0.0	0.0	0.0	0.0	0.0	0.0	0.0	0.0	0.0	0.0	0.0	0.0	0.0	32.0	0.0	0.0	0.0	0.0	0.0	0.0	37.0	0.0	0.0	0.0	0.0	0.0	0.0	0.0	0.0	0.0	0.0	0.0	0.0	0.0	0.0	0.0	0.0	0.0	0.0	0.0	0.0	0.0	0.0	0.0	0.0	0.0	0.0	0.0	0.0	0.0	0.0	0.0	0.0	0.0	0.0	0.0	0.0	0.0	0.0	0.0	0.0	0.0	0.0	0.0	0.0	0.0	0.0	0.0	0.0	0.0	0.0	0.0	0.0	0.0	0.0	0.0	0.0	0.0	0.0	0.0	0.0	0.0	0.0	0.0	0.0	0.0	0.0	0.0	0.0	0.0	0.0	0.0	0.0	0.0
SRR5224988	1620.0	2766.0	3423.0	0.0	3639.0	3629.0	64.0	458.0	2003.0	471.0	77.0	0.0	1391.0	33.0	2109.0	0.0	0.0	195.0	403.0	0.0	0.0	65.0	587.0	523.0	16.0	0.0	0.0	7.0	130.0	0.0	0.0	80.0	395.0	29.0	75.0	0.0	0.0	0.0	161.0	285.0	23.0	0.0	12.0	0.0	35.0	355.0	0.0	0.0	0.0	50.0	61.0	0.0	15.0	0.0	0.0	0.0	0.0	0.0	0.0	0.0	0.0	0.0	0.0	0.0	0.0	0.0	0.0	0.0	0.0	716.0	68.0	0.0	0.0	354.0	0.0	0.0	0.0	0.0	0.0	0.0	0.0	33.0	121.0	0.0	0.0	0.0	0.0	0.0	0.0	0.0	0.0	0.0	0.0	0.0	0.0	0.0	0.0	0.0	0.0	0.0	0.0	0.0	0.0	0.0	0.0	0.0	0.0	0.0	0.0	0.0	0.0	0.0	0.0	0.0	0.0	0.0	0.0	0.0	0.0	0.0	0.0	0.0	0.0	0.0	0.0	0.0	0.0	0.0	0.0	0.0	0.0	0.0	0.0	0.0	0.0	0.0	0.0	0.0	0.0	0.0	0.0	0.0	0.0	0.0	0.0	0.0	0.0	0.0	0.0	0.0	0.0	0.0	0.0	0.0
SRR5224991	789.0	2832.0	3023.0	0.0	2704.0	4446.0	317.0	443.0	1863.0	742.0	0.0	0.0	857.0	127.0	1267.0	0.0	0.0	0.0	161.0	0.0	80.0	24.0	245.0	834.0	16.0	0.0	0.0	0.0	149.0	0.0	0.0	0.0	59.0	0.0	95.0	80.0	0.0	0.0	84.0	203.0	0.0	0.0	0.0	0.0	0.0	62.0	0.0	0.0	0.0	0.0	0.0	0.0	0.0	0.0	0.0	0.0	0.0	0.0	0.0	0.0	0.0	0.0	0.0	0.0	0.0	0.0	0.0	0.0	0.0	245.0	0.0	0.0	0.0	0.0	0.0	0.0	0.0	0.0	0.0	0.0	0.0	0.0	0.0	0.0	0.0	0.0	0.0	0.0	0.0	0.0	0.0	0.0	0.0	0.0	0.0	0.0	0.0	0.0	0.0	0.0	0.0	0.0	0.0	0.0	0.0	0.0	0.0	0.0	0.0	0.0	0.0	0.0	0.0	0.0	0.0	0.0	0.0	0.0	0.0	0.0	0.0	0.0	0.0	0.0	0.0	0.0	0.0	0.0	0.0	0.0	0.0	0.0	0.0	0.0	0.0	0.0	0.0	0.0	0.0	0.0	0.0	0.0	0.0	0.0	0.0	0.0	0.0	0.0	0.0	0.0	0.0	0.0	0.0	0.0
SRR5224997	409.0	1604.0	999.0	0.0	1016.0	3631.0	406.0	367.0	1171.0	556.0	23.0	0.0	437.0	78.0	1183.0	0.0	0.0	0.0	81.0	0.0	216.0	0.0	47.0	605.0	0.0	0.0	0.0	27.0	36.0	0.0	0.0	43.0	45.0	0.0	64.0	57.0	0.0	0.0	130.0	154.0	0.0	0.0	0.0	0.0	27.0	0.0	0.0	0.0	0.0	0.0	0.0	0.0	0.0	0.0	0.0	0.0	0.0	0.0	0.0	0.0	0.0	0.0	0.0	0.0	0.0	0.0	0.0	12.0	0.0	85.0	0.0	13.0	0.0	0.0	0.0	0.0	0.0	0.0	0.0	0.0	0.0	0.0	0.0	0.0	0.0	0.0	0.0	0.0	0.0	0.0	0.0	0.0	0.0	0.0	0.0	0.0	0.0	0.0	0.0	0.0	0.0	0.0	0.0	0.0	0.0	0.0	0.0	0.0	0.0	0.0	0.0	0.0	0.0	0.0	0.0	0.0	0.0	0.0	0.0	0.0	0.0	0.0	0.0	0.0	0.0	0.0	0.0	0.0	0.0	0.0	0.0	0.0	0.0	0.0	0.0	0.0	0.0	0.0	0.0	0.0	0.0	0.0	0.0	0.0	0.0	0.0	0.0	0.0	0.0	0.0	0.0	0.0	0.0	0.0
SRR5225000	1478.0	4250.0	2849.0	0.0	2817.0	4900.0	198.0	616.0	1981.0	851.0	0.0	0.0	1170.0	102.0	1990.0	0.0	0.0	536.0	362.0	0.0	0.0	93.0	138.0	630.0	29.0	0.0	0.0	241.0	241.0	0.0	0.0	228.0	236.0	13.0	81.0	13.0	0.0	0.0	0.0	100.0	42.0	0.0	0.0	0.0	0.0	144.0	18.0	0.0	0.0	29.0	16.0	0.0	0.0	0.0	0.0	0.0	0.0	0.0	0.0	0.0	0.0	0.0	0.0	0.0	0.0	0.0	0.0	0.0	88.0	425.0	680.0	0.0	31.0	355.0	0.0	0.0	0.0	50.0	0.0	0.0	0.0	12.0	58.0	0.0	0.0	0.0	0.0	0.0	0.0	0.0	0.0	0.0	0.0	0.0	0.0	0.0	0.0	0.0	0.0	0.0	0.0	0.0	0.0	0.0	0.0	0.0	0.0	0.0	0.0	0.0	0.0	0.0	0.0	0.0	0.0	0.0	0.0	0.0	0.0	0.0	0.0	0.0	0.0	0.0	0.0	0.0	0.0	0.0	0.0	0.0	0.0	0.0	0.0	0.0	0.0	0.0	0.0	0.0	0.0	0.0	0.0	0.0	0.0	0.0	0.0	0.0	0.0	0.0	0.0	0.0	0.0	0.0	0.0	0.0
SRR5225003	898.0	1771.0	2198.0	0.0	1458.0	2646.0	88.0	108.0	465.0	270.0	0.0	0.0	569.0	71.0	964.0	0.0	0.0	302.0	138.0	0.0	0.0	0.0	143.0	449.0	8.0	0.0	0.0	107.0	49.0	0.0	0.0	83.0	51.0	0.0	132.0	45.0	0.0	0.0	105.0	51.0	0.0	0.0	0.0	0.0	0.0	96.0	0.0	0.0	0.0	0.0	37.0	0.0	46.0	0.0	0.0	0.0	0.0	0.0	0.0	51.0	0.0	0.0	0.0	0.0	0.0	0.0	0.0	0.0	0.0	278.0	295.0	9.0	0.0	81.0	0.0	0.0	0.0	0.0	0.0	0.0	0.0	0.0	0.0	0.0	0.0	0.0	0.0	0.0	0.0	0.0	0.0	0.0	0.0	0.0	0.0	0.0	0.0	0.0	0.0	0.0	0.0	0.0	0.0	0.0	0.0	0.0	0.0	0.0	0.0	0.0	0.0	0.0	0.0	0.0	0.0	0.0	0.0	0.0	0.0	0.0	0.0	0.0	0.0	0.0	0.0	0.0	0.0	0.0	0.0	0.0	0.0	0.0	0.0	0.0	0.0	0.0	0.0	0.0	0.0	0.0	0.0	0.0	0.0	0.0	0.0	0.0	0.0	0.0	0.0	0.0	0.0	0.0	0.0	0.0
SRR5225006	621.0	1756.0	1877.0	0.0	1749.0	1459.0	160.0	118.0	692.0	314.0	0.0	0.0	648.0	77.0	727.0	0.0	0.0	28.0	302.0	0.0	99.0	0.0	44.0	370.0	0.0	0.0	0.0	114.0	46.0	0.0	0.0	36.0	22.0	0.0	26.0	49.0	0.0	0.0	93.0	156.0	6.0	0.0	0.0	0.0	0.0	0.0	0.0	0.0	0.0	0.0	0.0	0.0	0.0	0.0	0.0	0.0	0.0	0.0	0.0	17.0	0.0	0.0	0.0	0.0	0.0	0.0	0.0	0.0	0.0	142.0	21.0	0.0	0.0	34.0	0.0	0.0	0.0	0.0	0.0	0.0	0.0	0.0	0.0	0.0	0.0	0.0	0.0	0.0	0.0	0.0	0.0	0.0	0.0	0.0	0.0	0.0	0.0	0.0	0.0	0.0	0.0	0.0	0.0	0.0	0.0	0.0	0.0	0.0	0.0	0.0	0.0	0.0	0.0	0.0	0.0	0.0	0.0	0.0	0.0	0.0	0.0	0.0	0.0	0.0	0.0	0.0	0.0	0.0	0.0	0.0	0.0	0.0	0.0	0.0	0.0	0.0	0.0	0.0	0.0	0.0	0.0	0.0	0.0	0.0	0.0	0.0	0.0	0.0	0.0	0.0	0.0	0.0	0.0	0.0
SRR5225012	426.0	1570.0	2563.0	0.0	1464.0	1841.0	72.0	158.0	636.0	306.0	0.0	0.0	386.0	38.0	506.0	0.0	0.0	98.0	198.0	0.0	93.0	0.0	122.0	339.0	0.0	0.0	0.0	17.0	0.0	0.0	0.0	25.0	16.0	0.0	19.0	93.0	0.0	0.0	77.0	109.0	0.0	0.0	0.0	0.0	0.0	0.0	0.0	0.0	0.0	0.0	0.0	0.0	0.0	0.0	0.0	0.0	0.0	0.0	0.0	0.0	0.0	0.0	0.0	0.0	0.0	0.0	0.0	0.0	0.0	56.0	0.0	0.0	0.0	0.0	0.0	0.0	0.0	0.0	2.0	0.0	0.0	0.0	0.0	0.0	0.0	0.0	0.0	0.0	0.0	0.0	0.0	0.0	0.0	0.0	0.0	0.0	0.0	0.0	0.0	0.0	0.0	0.0	0.0	0.0	0.0	0.0	0.0	0.0	0.0	0.0	0.0	0.0	0.0	0.0	0.0	0.0	0.0	0.0	0.0	0.0	0.0	0.0	0.0	0.0	0.0	0.0	0.0	0.0	0.0	0.0	0.0	0.0	0.0	0.0	0.0	0.0	0.0	0.0	0.0	0.0	0.0	0.0	0.0	0.0	0.0	0.0	0.0	0.0	0.0	0.0	0.0	0.0	0.0	0.0
SRR5225015	136.0	1595.0	861.0	0.0	1080.0	2715.0	196.0	324.0	502.0	130.0	0.0	0.0	254.0	44.0	654.0	0.0	0.0	0.0	42.0	0.0	0.0	0.0	91.0	669.0	0.0	0.0	0.0	20.0	80.0	0.0	0.0	0.0	44.0	0.0	86.0	45.0	0.0	0.0	48.0	118.0	0.0	0.0	14.0	0.0	3.0	0.0	0.0	0.0	0.0	0.0	0.0	0.0	0.0	0.0	0.0	0.0	0.0	0.0	0.0	0.0	0.0	0.0	0.0	5.0	0.0	0.0	0.0	0.0	0.0	211.0	36.0	0.0	0.0	41.0	0.0	0.0	0.0	0.0	0.0	0.0	0.0	0.0	0.0	0.0	0.0	0.0	0.0	0.0	0.0	0.0	0.0	0.0	0.0	0.0	0.0	0.0	0.0	0.0	0.0	0.0	0.0	0.0	0.0	0.0	0.0	0.0	0.0	0.0	0.0	0.0	0.0	0.0	0.0	0.0	0.0	0.0	0.0	0.0	0.0	0.0	0.0	0.0	0.0	0.0	0.0	0.0	0.0	0.0	0.0	0.0	0.0	0.0	0.0	0.0	0.0	0.0	0.0	0.0	0.0	0.0	0.0	0.0	0.0	0.0	0.0	0.0	0.0	0.0	0.0	0.0	0.0	0.0	0.0	0.0
SRR5225027	1215.0	4032.0	2727.0	0.0	3239.0	4386.0	134.0	497.0	1199.0	594.0	46.0	0.0	1220.0	92.0	2455.0	0.0	0.0	543.0	378.0	12.0	0.0	0.0	265.0	685.0	15.0	0.0	0.0	171.0	151.0	0.0	0.0	180.0	68.0	0.0	227.0	53.0	0.0	0.0	76.0	282.0	13.0	0.0	0.0	0.0	0.0	288.0	0.0	0.0	0.0	84.0	49.0	0.0	21.0	0.0	0.0	0.0	0.0	0.0	0.0	18.0	0.0	0.0	0.0	0.0	0.0	0.0	0.0	0.0	125.0	745.0	578.0	0.0	25.0	520.0	0.0	0.0	0.0	0.0	0.0	0.0	0.0	13.0	0.0	0.0	0.0	0.0	0.0	0.0	0.0	0.0	0.0	0.0	0.0	0.0	0.0	0.0	0.0	0.0	0.0	0.0	0.0	0.0	0.0	0.0	0.0	0.0	0.0	0.0	0.0	0.0	0.0	0.0	0.0	0.0	0.0	0.0	0.0	0.0	0.0	0.0	0.0	0.0	0.0	0.0	0.0	0.0	0.0	0.0	0.0	0.0	0.0	0.0	0.0	0.0	0.0	0.0	0.0	0.0	0.0	0.0	0.0	0.0	0.0	0.0	0.0	0.0	0.0	0.0	0.0	0.0	0.0	0.0	0.0	0.0
SRR5225032	265.0	1851.0	1344.0	0.0	1127.0	3016.0	163.0	491.0	1478.0	789.0	0.0	0.0	561.0	46.0	532.0	0.0	0.0	0.0	265.0	0.0	46.0	8.0	118.0	534.0	0.0	0.0	0.0	0.0	54.0	0.0	0.0	51.0	0.0	0.0	0.0	11.0	0.0	0.0	110.0	148.0	0.0	0.0	0.0	0.0	0.0	0.0	0.0	0.0	0.0	0.0	0.0	0.0	0.0	0.0	0.0	0.0	0.0	0.0	0.0	0.0	0.0	0.0	0.0	0.0	0.0	0.0	0.0	0.0	0.0	0.0	0.0	0.0	0.0	33.0	0.0	0.0	0.0	0.0	0.0	0.0	0.0	0.0	0.0	0.0	0.0	0.0	0.0	0.0	0.0	0.0	0.0	0.0	0.0	0.0	0.0	0.0	0.0	0.0	0.0	0.0	0.0	0.0	0.0	0.0	0.0	0.0	0.0	0.0	0.0	0.0	0.0	0.0	0.0	0.0	0.0	0.0	0.0	0.0	0.0	0.0	0.0	0.0	0.0	0.0	0.0	0.0	0.0	0.0	0.0	0.0	0.0	0.0	0.0	0.0	0.0	0.0	0.0	0.0	0.0	0.0	0.0	0.0	0.0	0.0	0.0	0.0	0.0	0.0	0.0	0.0	0.0	0.0	0.0	0.0
SRR5225035	1792.0	3793.0	4609.0	0.0	4258.0	4258.0	48.0	249.0	1626.0	506.0	30.0	0.0	1431.0	135.0	1964.0	0.0	0.0	569.0	481.0	9.0	171.0	5.0	423.0	508.0	176.0	0.0	0.0	129.0	34.0	0.0	0.0	274.0	110.0	24.0	110.0	39.0	0.0	0.0	185.0	322.0	41.0	0.0	22.0	0.0	0.0	208.0	0.0	0.0	0.0	92.0	82.0	0.0	95.0	0.0	0.0	0.0	0.0	0.0	0.0	61.0	0.0	0.0	0.0	0.0	0.0	0.0	0.0	0.0	36.0	1585.0	293.0	30.0	58.0	433.0	0.0	0.0	15.0	14.0	0.0	0.0	0.0	0.0	86.0	0.0	0.0	0.0	0.0	0.0	0.0	0.0	0.0	0.0	0.0	0.0	0.0	0.0	0.0	0.0	0.0	0.0	0.0	0.0	0.0	0.0	0.0	0.0	0.0	0.0	0.0	0.0	0.0	0.0	0.0	0.0	0.0	0.0	0.0	0.0	0.0	0.0	0.0	0.0	0.0	0.0	0.0	0.0	0.0	0.0	0.0	0.0	0.0	0.0	0.0	0.0	0.0	0.0	0.0	0.0	0.0	0.0	0.0	0.0	0.0	0.0	0.0	0.0	0.0	0.0	0.0	0.0	0.0	0.0	0.0	0.0
SRR5225042	1023.0	3017.0	2472.0	0.0	2760.0	2329.0	248.0	1249.0	4277.0	896.0	0.0	0.0	1143.0	88.0	904.0	0.0	0.0	0.0	306.0	0.0	0.0	6.0	87.0	760.0	0.0	0.0	0.0	155.0	58.0	0.0	0.0	787.0	31.0	0.0	8.0	0.0	0.0	0.0	173.0	229.0	0.0	0.0	31.0	0.0	0.0	0.0	0.0	0.0	0.0	0.0	0.0	0.0	0.0	0.0	0.0	0.0	0.0	0.0	0.0	0.0	0.0	0.0	0.0	0.0	0.0	0.0	0.0	0.0	0.0	509.0	35.0	14.0	87.0	0.0	0.0	29.0	0.0	35.0	108.0	0.0	0.0	10.0	0.0	0.0	0.0	0.0	0.0	0.0	0.0	0.0	0.0	0.0	0.0	0.0	0.0	0.0	0.0	0.0	0.0	0.0	0.0	0.0	0.0	0.0	0.0	0.0	0.0	0.0	0.0	0.0	0.0	0.0	0.0	0.0	0.0	0.0	0.0	0.0	0.0	0.0	0.0	0.0	0.0	0.0	0.0	0.0	0.0	0.0	0.0	0.0	0.0	0.0	0.0	0.0	0.0	0.0	0.0	0.0	0.0	0.0	0.0	0.0	0.0	0.0	0.0	0.0	0.0	0.0	0.0	0.0	0.0	0.0	0.0	0.0
SRR5225051	960.0	2532.0	2101.0	0.0	1558.0	2696.0	29.0	35.0	767.0	449.0	0.0	0.0	397.0	44.0	734.0	0.0	0.0	230.0	171.0	0.0	0.0	0.0	136.0	532.0	0.0	0.0	0.0	134.0	41.0	0.0	0.0	28.0	26.0	17.0	46.0	156.0	0.0	0.0	82.0	312.0	11.0	0.0	0.0	0.0	0.0	19.0	0.0	0.0	0.0	24.0	14.0	0.0	0.0	0.0	0.0	0.0	0.0	0.0	0.0	0.0	0.0	0.0	0.0	0.0	0.0	0.0	0.0	0.0	0.0	90.0	106.0	0.0	0.0	96.0	0.0	0.0	0.0	0.0	0.0	0.0	0.0	0.0	0.0	0.0	0.0	0.0	0.0	0.0	0.0	0.0	0.0	0.0	0.0	0.0	0.0	0.0	0.0	0.0	0.0	0.0	0.0	0.0	0.0	0.0	0.0	0.0	0.0	0.0	0.0	0.0	0.0	0.0	0.0	0.0	0.0	0.0	0.0	0.0	0.0	0.0	0.0	0.0	0.0	0.0	0.0	0.0	0.0	0.0	0.0	0.0	0.0	0.0	0.0	0.0	0.0	0.0	0.0	0.0	0.0	0.0	0.0	0.0	0.0	0.0	0.0	0.0	0.0	0.0	0.0	0.0	0.0	0.0	0.0	0.0
SRR5225064	441.0	2885.0	1975.0	0.0	1947.0	1913.0	115.0	855.0	2581.0	1540.0	0.0	0.0	751.0	130.0	518.0	0.0	0.0	14.0	449.0	0.0	0.0	29.0	174.0	317.0	0.0	0.0	0.0	62.0	32.0	0.0	0.0	0.0	0.0	26.0	0.0	0.0	0.0	0.0	117.0	101.0	12.0	0.0	0.0	0.0	0.0	146.0	0.0	0.0	0.0	0.0	7.0	0.0	0.0	0.0	0.0	0.0	0.0	0.0	0.0	0.0	0.0	0.0	0.0	0.0	0.0	0.0	0.0	0.0	0.0	22.0	0.0	0.0	0.0	59.0	0.0	0.0	0.0	0.0	0.0	0.0	0.0	0.0	0.0	0.0	0.0	0.0	0.0	0.0	0.0	0.0	0.0	0.0	0.0	0.0	0.0	0.0	0.0	0.0	0.0	0.0	0.0	0.0	0.0	0.0	0.0	0.0	0.0	0.0	0.0	0.0	0.0	0.0	0.0	0.0	0.0	0.0	0.0	0.0	0.0	0.0	0.0	0.0	0.0	0.0	0.0	0.0	0.0	0.0	0.0	0.0	0.0	0.0	0.0	0.0	0.0	0.0	0.0	0.0	0.0	0.0	0.0	0.0	0.0	0.0	0.0	0.0	0.0	0.0	0.0	0.0	0.0	0.0	0.0	0.0
SRR5225067	1982.0	3740.0	3181.0	0.0	3122.0	5513.0	83.0	479.0	1505.0	540.0	0.0	0.0	1100.0	152.0	2148.0	0.0	0.0	590.0	492.0	16.0	0.0	30.0	341.0	570.0	0.0	0.0	0.0	185.0	90.0	0.0	0.0	288.0	168.0	0.0	142.0	28.0	0.0	0.0	43.0	193.0	56.0	0.0	17.0	0.0	13.0	288.0	0.0	0.0	0.0	20.0	22.0	0.0	34.0	0.0	0.0	0.0	0.0	0.0	0.0	33.0	0.0	0.0	0.0	0.0	0.0	0.0	0.0	0.0	63.0	965.0	459.0	0.0	55.0	325.0	0.0	15.0	0.0	0.0	6.0	0.0	11.0	51.0	0.0	0.0	0.0	0.0	0.0	0.0	0.0	0.0	0.0	0.0	0.0	0.0	0.0	0.0	0.0	0.0	0.0	0.0	0.0	0.0	0.0	0.0	0.0	0.0	0.0	0.0	0.0	0.0	0.0	0.0	0.0	0.0	0.0	0.0	0.0	0.0	0.0	0.0	0.0	0.0	0.0	0.0	0.0	0.0	0.0	0.0	0.0	0.0	0.0	0.0	0.0	0.0	0.0	0.0	0.0	0.0	0.0	0.0	0.0	0.0	0.0	0.0	0.0	0.0	0.0	0.0	0.0	0.0	0.0	0.0	0.0	0.0
SRR5225080	1628.0	5673.0	6075.0	0.0	4337.0	5839.0	311.0	1611.0	4977.0	1506.0	42.0	36.0	2529.0	27.0	2978.0	0.0	0.0	338.0	599.0	28.0	77.0	206.0	322.0	1234.0	6.0	0.0	0.0	470.0	212.0	0.0	0.0	1248.0	44.0	92.0	150.0	110.0	0.0	0.0	103.0	372.0	87.0	0.0	0.0	0.0	13.0	166.0	0.0	0.0	0.0	210.0	0.0	0.0	0.0	0.0	0.0	0.0	0.0	0.0	0.0	0.0	0.0	0.0	0.0	36.0	0.0	0.0	0.0	0.0	0.0	1050.0	174.0	44.0	101.0	636.0	0.0	55.0	50.0	0.0	171.0	0.0	16.0	13.0	65.0	0.0	0.0	0.0	0.0	0.0	0.0	0.0	0.0	0.0	0.0	0.0	0.0	0.0	0.0	0.0	0.0	0.0	0.0	0.0	0.0	0.0	0.0	0.0	0.0	0.0	0.0	0.0	0.0	0.0	0.0	0.0	0.0	0.0	0.0	0.0	0.0	0.0	0.0	0.0	0.0	0.0	0.0	0.0	0.0	0.0	0.0	0.0	0.0	0.0	0.0	0.0	0.0	0.0	0.0	0.0	0.0	0.0	0.0	0.0	0.0	0.0	0.0	0.0	0.0	0.0	0.0	0.0	0.0	0.0	0.0	0.0
SRR5225083	1600.0	5445.0	3863.0	0.0	3440.0	5192.0	324.0	1728.0	4801.0	1375.0	0.0	0.0	2263.0	58.0	2507.0	0.0	0.0	888.0	721.0	13.0	139.0	194.0	253.0	1358.0	0.0	0.0	0.0	357.0	95.0	0.0	0.0	221.0	149.0	106.0	0.0	48.0	0.0	0.0	36.0	367.0	89.0	0.0	0.0	0.0	83.0	28.0	0.0	0.0	0.0	84.0	18.0	0.0	0.0	0.0	0.0	0.0	0.0	0.0	0.0	42.0	0.0	0.0	0.0	40.0	0.0	0.0	0.0	33.0	24.0	1741.0	475.0	39.0	151.0	210.0	0.0	0.0	0.0	0.0	32.0	0.0	12.0	0.0	0.0	0.0	0.0	0.0	0.0	0.0	0.0	0.0	0.0	0.0	0.0	0.0	0.0	0.0	0.0	0.0	0.0	0.0	0.0	0.0	0.0	0.0	0.0	0.0	0.0	0.0	0.0	0.0	0.0	0.0	0.0	0.0	0.0	0.0	0.0	0.0	0.0	0.0	0.0	0.0	0.0	0.0	0.0	0.0	0.0	0.0	0.0	0.0	0.0	0.0	0.0	0.0	0.0	0.0	0.0	0.0	0.0	0.0	0.0	0.0	0.0	0.0	0.0	0.0	0.0	0.0	0.0	0.0	0.0	0.0	0.0	0.0
SRR5225096	255.0	1468.0	2863.0	0.0	2102.0	1091.0	33.0	176.0	483.0	253.0	0.0	0.0	598.0	48.0	500.0	0.0	0.0	21.0	290.0	0.0	0.0	0.0	202.0	219.0	0.0	0.0	0.0	116.0	0.0	0.0	0.0	15.0	0.0	0.0	0.0	0.0	0.0	0.0	48.0	195.0	0.0	0.0	0.0	0.0	0.0	25.0	0.0	0.0	0.0	0.0	0.0	0.0	0.0	0.0	0.0	0.0	0.0	0.0	0.0	0.0	0.0	0.0	0.0	0.0	0.0	0.0	0.0	0.0	0.0	41.0	0.0	0.0	0.0	0.0	0.0	0.0	0.0	0.0	0.0	0.0	0.0	0.0	0.0	0.0	0.0	0.0	0.0	0.0	0.0	0.0	0.0	0.0	0.0	0.0	0.0	0.0	0.0	0.0	0.0	0.0	0.0	0.0	0.0	0.0	0.0	0.0	0.0	0.0	0.0	0.0	0.0	0.0	0.0	0.0	0.0	0.0	0.0	0.0	0.0	0.0	0.0	0.0	0.0	0.0	0.0	0.0	0.0	0.0	0.0	0.0	0.0	0.0	0.0	0.0	0.0	0.0	0.0	0.0	0.0	0.0	0.0	0.0	0.0	0.0	0.0	0.0	0.0	0.0	0.0	0.0	0.0	0.0	0.0	0.0
SRR5225107	1146.0	3335.0	3138.0	0.0	2065.0	3448.0	185.0	188.0	1035.0	293.0	38.0	0.0	761.0	137.0	1459.0	0.0	0.0	289.0	383.0	0.0	0.0	0.0	358.0	205.0	36.0	0.0	0.0	44.0	40.0	0.0	0.0	84.0	24.0	0.0	85.0	29.0	0.0	0.0	108.0	280.0	19.0	0.0	8.0	0.0	0.0	31.0	0.0	0.0	0.0	12.0	27.0	0.0	0.0	0.0	0.0	0.0	0.0	0.0	0.0	62.0	0.0	0.0	0.0	0.0	0.0	0.0	0.0	0.0	0.0	78.0	101.0	0.0	0.0	278.0	0.0	0.0	0.0	0.0	0.0	0.0	0.0	0.0	0.0	0.0	0.0	0.0	0.0	0.0	0.0	0.0	0.0	0.0	0.0	0.0	0.0	0.0	0.0	0.0	0.0	0.0	0.0	0.0	0.0	0.0	0.0	0.0	0.0	0.0	0.0	0.0	0.0	0.0	0.0	0.0	0.0	0.0	0.0	0.0	0.0	0.0	0.0	0.0	0.0	0.0	0.0	0.0	0.0	0.0	0.0	0.0	0.0	0.0	0.0	0.0	0.0	0.0	0.0	0.0	0.0	0.0	0.0	0.0	0.0	0.0	0.0	0.0	0.0	0.0	0.0	0.0	0.0	0.0	0.0	0.0
SRR5225112	265.0	1890.0	1233.0	0.0	1659.0	2022.0	133.0	97.0	943.0	392.0	0.0	0.0	419.0	105.0	778.0	0.0	0.0	11.0	315.0	0.0	0.0	0.0	211.0	452.0	0.0	0.0	0.0	0.0	91.0	0.0	0.0	32.0	0.0	0.0	24.0	23.0	0.0	0.0	98.0	128.0	6.0	0.0	0.0	0.0	29.0	0.0	0.0	0.0	0.0	0.0	0.0	0.0	0.0	0.0	0.0	0.0	0.0	0.0	0.0	0.0	0.0	0.0	0.0	0.0	0.0	0.0	0.0	0.0	0.0	0.0	0.0	0.0	0.0	34.0	0.0	0.0	0.0	0.0	0.0	0.0	0.0	0.0	0.0	0.0	0.0	0.0	0.0	0.0	0.0	0.0	0.0	0.0	0.0	0.0	0.0	0.0	0.0	0.0	0.0	0.0	0.0	0.0	0.0	0.0	0.0	0.0	0.0	0.0	0.0	0.0	0.0	0.0	0.0	0.0	0.0	0.0	0.0	0.0	0.0	0.0	0.0	0.0	0.0	0.0	0.0	0.0	0.0	0.0	0.0	0.0	0.0	0.0	0.0	0.0	0.0	0.0	0.0	0.0	0.0	0.0	0.0	0.0	0.0	0.0	0.0	0.0	0.0	0.0	0.0	0.0	0.0	0.0	0.0	0.0
SRR5225125	1312.0	4203.0	2736.0	0.0	3349.0	4933.0	297.0	363.0	1567.0	248.0	25.0	0.0	1265.0	0.0	2038.0	0.0	0.0	274.0	205.0	0.0	69.0	22.0	118.0	487.0	14.0	0.0	0.0	217.0	27.0	0.0	0.0	82.0	28.0	0.0	90.0	36.0	0.0	0.0	69.0	312.0	13.0	0.0	9.0	0.0	0.0	166.0	0.0	0.0	0.0	61.0	0.0	0.0	0.0	0.0	0.0	0.0	0.0	0.0	0.0	102.0	0.0	0.0	0.0	0.0	0.0	0.0	0.0	0.0	64.0	559.0	317.0	0.0	0.0	197.0	0.0	0.0	0.0	36.0	0.0	0.0	19.0	0.0	7.0	0.0	0.0	0.0	0.0	0.0	0.0	0.0	0.0	0.0	0.0	0.0	0.0	0.0	0.0	0.0	0.0	0.0	0.0	0.0	0.0	0.0	0.0	0.0	0.0	0.0	0.0	0.0	0.0	0.0	0.0	0.0	0.0	0.0	0.0	0.0	0.0	0.0	0.0	0.0	0.0	0.0	0.0	0.0	0.0	0.0	0.0	0.0	0.0	0.0	0.0	0.0	0.0	0.0	0.0	0.0	0.0	0.0	0.0	0.0	0.0	0.0	0.0	0.0	0.0	0.0	0.0	0.0	0.0	0.0	0.0	0.0
SRR5225128	465.0	1959.0	729.0	0.0	1258.0	2219.0	113.0	256.0	1370.0	188.0	0.0	0.0	177.0	37.0	941.0	0.0	0.0	0.0	128.0	0.0	0.0	11.0	152.0	593.0	0.0	0.0	0.0	15.0	0.0	0.0	0.0	166.0	28.0	0.0	19.0	97.0	0.0	0.0	20.0	155.0	0.0	0.0	0.0	0.0	0.0	33.0	0.0	0.0	0.0	0.0	0.0	0.0	0.0	0.0	0.0	0.0	0.0	0.0	0.0	0.0	0.0	0.0	0.0	0.0	0.0	0.0	0.0	0.0	0.0	56.0	0.0	0.0	0.0	53.0	0.0	0.0	0.0	0.0	0.0	0.0	0.0	0.0	0.0	0.0	0.0	0.0	0.0	0.0	0.0	0.0	0.0	0.0	0.0	0.0	0.0	0.0	0.0	0.0	0.0	0.0	0.0	0.0	0.0	0.0	0.0	0.0	0.0	0.0	0.0	0.0	0.0	0.0	0.0	0.0	0.0	0.0	0.0	0.0	0.0	0.0	0.0	0.0	0.0	0.0	0.0	0.0	0.0	0.0	0.0	0.0	0.0	0.0	0.0	0.0	0.0	0.0	0.0	0.0	0.0	0.0	0.0	0.0	0.0	0.0	0.0	0.0	0.0	0.0	0.0	0.0	0.0	0.0	0.0	0.0
SRR5225141	1126.0	2610.0	2734.0	0.0	2677.0	3432.0	46.0	48.0	1272.0	217.0	0.0	0.0	912.0	105.0	1412.0	0.0	0.0	72.0	159.0	0.0	159.0	23.0	142.0	432.0	14.0	0.0	0.0	93.0	0.0	0.0	0.0	0.0	19.0	15.0	19.0	56.0	0.0	0.0	99.0	256.0	0.0	0.0	0.0	0.0	0.0	191.0	0.0	0.0	0.0	10.0	0.0	0.0	29.0	0.0	0.0	0.0	0.0	0.0	0.0	0.0	0.0	0.0	0.0	0.0	0.0	0.0	0.0	0.0	8.0	91.0	159.0	0.0	0.0	100.0	0.0	0.0	0.0	27.0	0.0	0.0	21.0	0.0	0.0	0.0	0.0	0.0	0.0	0.0	0.0	0.0	0.0	0.0	0.0	0.0	0.0	0.0	0.0	0.0	0.0	0.0	0.0	0.0	0.0	0.0	0.0	0.0	0.0	0.0	0.0	0.0	0.0	0.0	0.0	0.0	0.0	0.0	0.0	0.0	0.0	0.0	0.0	0.0	0.0	0.0	0.0	0.0	0.0	0.0	0.0	0.0	0.0	0.0	0.0	0.0	0.0	0.0	0.0	0.0	0.0	0.0	0.0	0.0	0.0	0.0	0.0	0.0	0.0	0.0	0.0	0.0	0.0	0.0	0.0	0.0
SRR5225154	720.0	1673.0	1116.0	0.0	1104.0	3198.0	110.0	0.0	740.0	285.0	0.0	0.0	285.0	32.0	821.0	0.0	0.0	22.0	148.0	0.0	0.0	0.0	124.0	425.0	0.0	0.0	0.0	134.0	14.0	0.0	0.0	13.0	11.0	0.0	23.0	86.0	0.0	0.0	67.0	0.0	0.0	0.0	0.0	0.0	6.0	0.0	0.0	0.0	0.0	0.0	0.0	0.0	0.0	0.0	0.0	0.0	0.0	0.0	0.0	0.0	0.0	0.0	0.0	0.0	0.0	0.0	0.0	0.0	12.0	218.0	186.0	0.0	0.0	66.0	0.0	20.0	16.0	83.0	0.0	0.0	0.0	0.0	0.0	0.0	0.0	0.0	0.0	0.0	0.0	0.0	0.0	0.0	0.0	0.0	0.0	0.0	0.0	0.0	0.0	0.0	0.0	0.0	0.0	0.0	0.0	0.0	0.0	0.0	0.0	0.0	0.0	0.0	0.0	0.0	0.0	0.0	0.0	0.0	0.0	0.0	0.0	0.0	0.0	0.0	0.0	0.0	0.0	0.0	0.0	0.0	0.0	0.0	0.0	0.0	0.0	0.0	0.0	0.0	0.0	0.0	0.0	0.0	0.0	0.0	0.0	0.0	0.0	0.0	0.0	0.0	0.0	0.0	0.0	0.0
SRR5225157	446.0	1653.0	487.0	0.0	873.0	3159.0	102.0	611.0	1418.0	427.0	0.0	0.0	401.0	0.0	834.0	0.0	0.0	0.0	0.0	0.0	0.0	0.0	101.0	582.0	8.0	0.0	0.0	25.0	36.0	0.0	0.0	219.0	0.0	9.0	88.0	0.0	0.0	0.0	17.0	151.0	0.0	0.0	0.0	0.0	0.0	0.0	0.0	0.0	0.0	0.0	0.0	0.0	0.0	0.0	0.0	0.0	0.0	0.0	0.0	0.0	0.0	0.0	0.0	0.0	0.0	0.0	0.0	0.0	0.0	484.0	104.0	0.0	0.0	25.0	0.0	26.0	0.0	0.0	0.0	0.0	0.0	0.0	0.0	0.0	0.0	0.0	0.0	0.0	0.0	0.0	0.0	0.0	0.0	0.0	0.0	0.0	0.0	0.0	0.0	0.0	0.0	0.0	0.0	0.0	0.0	0.0	0.0	0.0	0.0	0.0	0.0	0.0	0.0	0.0	0.0	0.0	0.0	0.0	0.0	0.0	0.0	0.0	0.0	0.0	0.0	0.0	0.0	0.0	0.0	0.0	0.0	0.0	0.0	0.0	0.0	0.0	0.0	0.0	0.0	0.0	0.0	0.0	0.0	0.0	0.0	0.0	0.0	0.0	0.0	0.0	0.0	0.0	0.0	0.0
SRR5225160	1529.0	2465.0	1152.0	0.0	1261.0	4124.0	147.0	110.0	1359.0	507.0	62.0	0.0	669.0	121.0	1333.0	0.0	0.0	318.0	228.0	0.0	0.0	8.0	259.0	615.0	0.0	0.0	0.0	0.0	39.0	0.0	0.0	32.0	41.0	16.0	22.0	45.0	8.0	0.0	29.0	224.0	15.0	0.0	0.0	0.0	0.0	183.0	30.0	0.0	0.0	27.0	16.0	0.0	0.0	0.0	0.0	0.0	0.0	0.0	0.0	24.0	0.0	0.0	0.0	0.0	0.0	0.0	0.0	0.0	0.0	28.0	101.0	0.0	67.0	27.0	0.0	44.0	0.0	86.0	0.0	0.0	0.0	0.0	0.0	0.0	0.0	0.0	0.0	0.0	0.0	0.0	0.0	0.0	0.0	0.0	0.0	0.0	0.0	0.0	0.0	0.0	0.0	0.0	0.0	0.0	0.0	0.0	0.0	0.0	0.0	0.0	0.0	0.0	0.0	0.0	0.0	0.0	0.0	0.0	0.0	0.0	0.0	0.0	0.0	0.0	0.0	0.0	0.0	0.0	0.0	0.0	0.0	0.0	0.0	0.0	0.0	0.0	0.0	0.0	0.0	0.0	0.0	0.0	0.0	0.0	0.0	0.0	0.0	0.0	0.0	0.0	0.0	0.0	0.0	0.0
SRR5225170	749.0	3697.0	5043.0	0.0	3490.0	626.0	12.0	219.0	3931.0	2393.0	0.0	0.0	965.0	0.0	895.0	202.0	152.0	43.0	280.0	0.0	0.0	127.0	868.0	0.0	0.0	0.0	0.0	0.0	0.0	0.0	0.0	161.0	19.0	280.0	74.0	89.0	0.0	0.0	21.0	269.0	0.0	0.0	0.0	0.0	25.0	775.0	76.0	0.0	0.0	201.0	78.0	0.0	127.0	107.0	0.0	0.0	0.0	0.0	42.0	0.0	0.0	0.0	0.0	75.0	0.0	109.0	6.0	0.0	0.0	112.0	0.0	19.0	47.0	34.0	0.0	0.0	0.0	0.0	0.0	0.0	46.0	0.0	0.0	0.0	0.0	0.0	0.0	0.0	0.0	0.0	0.0	0.0	0.0	0.0	0.0	0.0	0.0	0.0	23.0	0.0	0.0	0.0	0.0	0.0	0.0	0.0	0.0	0.0	0.0	0.0	0.0	0.0	0.0	0.0	0.0	0.0	0.0	0.0	0.0	0.0	0.0	0.0	0.0	0.0	0.0	0.0	0.0	0.0	0.0	0.0	0.0	0.0	0.0	0.0	0.0	0.0	0.0	0.0	0.0	0.0	0.0	0.0	0.0	0.0	0.0	0.0	0.0	0.0	0.0	0.0	0.0	0.0	0.0	0.0
SRR5225173	963.0	2499.0	818.0	0.0	1157.0	4470.0	110.0	964.0	2291.0	826.0	0.0	0.0	561.0	58.0	1071.0	0.0	0.0	230.0	0.0	0.0	126.0	37.0	187.0	827.0	8.0	0.0	0.0	12.0	42.0	0.0	0.0	0.0	0.0	33.0	8.0	44.0	0.0	0.0	148.0	176.0	0.0	0.0	0.0	0.0	0.0	121.0	0.0	0.0	0.0	0.0	0.0	0.0	0.0	0.0	0.0	0.0	0.0	0.0	0.0	8.0	0.0	0.0	0.0	0.0	0.0	0.0	0.0	0.0	0.0	228.0	73.0	0.0	127.0	26.0	0.0	0.0	16.0	11.0	8.0	0.0	0.0	8.0	0.0	0.0	0.0	0.0	0.0	0.0	0.0	0.0	0.0	0.0	0.0	0.0	0.0	0.0	0.0	0.0	0.0	0.0	0.0	0.0	0.0	0.0	0.0	0.0	0.0	0.0	0.0	0.0	0.0	0.0	0.0	0.0	0.0	0.0	0.0	0.0	0.0	0.0	0.0	0.0	0.0	0.0	0.0	0.0	0.0	0.0	0.0	0.0	0.0	0.0	0.0	0.0	0.0	0.0	0.0	0.0	0.0	0.0	0.0	0.0	0.0	0.0	0.0	0.0	0.0	0.0	0.0	0.0	0.0	0.0	0.0	0.0
SRR5225176	676.0	2519.0	1576.0	0.0	2052.0	2726.0	95.0	397.0	2406.0	457.0	0.0	0.0	694.0	131.0	1211.0	0.0	0.0	124.0	142.0	0.0	176.0	10.0	144.0	785.0	0.0	0.0	0.0	114.0	0.0	0.0	0.0	73.0	17.0	0.0	0.0	0.0	0.0	0.0	143.0	278.0	0.0	0.0	0.0	0.0	32.0	0.0	20.0	0.0	0.0	0.0	0.0	0.0	0.0	0.0	0.0	0.0	0.0	0.0	0.0	0.0	0.0	0.0	0.0	0.0	0.0	0.0	0.0	0.0	18.0	162.0	0.0	0.0	16.0	31.0	0.0	0.0	0.0	33.0	5.0	0.0	0.0	0.0	6.0	0.0	0.0	0.0	0.0	0.0	0.0	0.0	0.0	0.0	0.0	0.0	0.0	0.0	0.0	0.0	0.0	0.0	0.0	0.0	0.0	0.0	0.0	0.0	0.0	0.0	0.0	0.0	0.0	0.0	0.0	0.0	0.0	0.0	0.0	0.0	0.0	0.0	0.0	0.0	0.0	0.0	0.0	0.0	0.0	0.0	0.0	0.0	0.0	0.0	0.0	0.0	0.0	0.0	0.0	0.0	0.0	0.0	0.0	0.0	0.0	0.0	0.0	0.0	0.0	0.0	0.0	0.0	0.0	0.0	0.0	0.0
SRR5225179	1100.0	2526.0	1598.0	0.0	2111.0	4530.0	106.0	424.0	1625.0	631.0	0.0	0.0	669.0	87.0	1286.0	0.0	0.0	240.0	221.0	0.0	0.0	0.0	43.0	687.0	0.0	0.0	0.0	43.0	70.0	0.0	0.0	146.0	69.0	0.0	0.0	50.0	0.0	0.0	49.0	355.0	0.0	0.0	0.0	0.0	0.0	0.0	0.0	0.0	0.0	13.0	0.0	0.0	0.0	0.0	0.0	0.0	0.0	0.0	0.0	0.0	0.0	0.0	0.0	0.0	0.0	0.0	0.0	0.0	10.0	264.0	178.0	0.0	47.0	126.0	0.0	28.0	9.0	47.0	0.0	0.0	0.0	0.0	0.0	0.0	0.0	0.0	0.0	0.0	0.0	0.0	0.0	0.0	0.0	0.0	0.0	0.0	0.0	0.0	0.0	0.0	0.0	0.0	0.0	0.0	0.0	0.0	0.0	0.0	0.0	0.0	0.0	0.0	0.0	0.0	0.0	0.0	0.0	0.0	0.0	0.0	0.0	0.0	0.0	0.0	0.0	0.0	0.0	0.0	0.0	0.0	0.0	0.0	0.0	0.0	0.0	0.0	0.0	0.0	0.0	0.0	0.0	0.0	0.0	0.0	0.0	0.0	0.0	0.0	0.0	0.0	0.0	0.0	0.0	0.0
SRR5225182	458.0	2452.0	2108.0	0.0	2068.0	2868.0	37.0	250.0	947.0	21.0	0.0	0.0	419.0	34.0	591.0	0.0	0.0	23.0	0.0	0.0	0.0	57.0	53.0	549.0	10.0	0.0	0.0	40.0	29.0	0.0	0.0	134.0	69.0	0.0	23.0	70.0	0.0	0.0	19.0	221.0	0.0	0.0	0.0	0.0	0.0	0.0	0.0	0.0	0.0	0.0	0.0	0.0	0.0	0.0	0.0	0.0	0.0	0.0	0.0	0.0	0.0	0.0	0.0	0.0	0.0	0.0	0.0	0.0	0.0	212.0	128.0	0.0	0.0	58.0	0.0	0.0	0.0	0.0	0.0	0.0	0.0	0.0	0.0	0.0	0.0	0.0	0.0	0.0	0.0	0.0	0.0	0.0	0.0	0.0	0.0	0.0	0.0	0.0	0.0	0.0	0.0	0.0	0.0	0.0	0.0	0.0	0.0	0.0	0.0	0.0	0.0	0.0	0.0	0.0	0.0	0.0	0.0	0.0	0.0	0.0	0.0	0.0	0.0	0.0	0.0	0.0	0.0	0.0	0.0	0.0	0.0	0.0	0.0	0.0	0.0	0.0	0.0	0.0	0.0	0.0	0.0	0.0	0.0	0.0	0.0	0.0	0.0	0.0	0.0	0.0	0.0	0.0	0.0	0.0
SRR5225185	816.0	3029.0	2506.0	0.0	2042.0	2999.0	239.0	1280.0	2714.0	645.0	0.0	0.0	956.0	98.0	1637.0	0.0	0.0	159.0	248.0	0.0	57.0	51.0	120.0	1088.0	0.0	0.0	0.0	0.0	69.0	0.0	0.0	395.0	0.0	25.0	29.0	49.0	0.0	0.0	118.0	121.0	0.0	0.0	0.0	0.0	31.0	96.0	0.0	0.0	0.0	0.0	0.0	0.0	0.0	0.0	0.0	0.0	0.0	0.0	0.0	0.0	0.0	0.0	0.0	0.0	0.0	0.0	0.0	0.0	27.0	66.0	12.0	14.0	0.0	78.0	0.0	46.0	0.0	0.0	24.0	0.0	0.0	0.0	0.0	0.0	0.0	0.0	0.0	0.0	0.0	0.0	0.0	0.0	0.0	0.0	0.0	0.0	0.0	0.0	0.0	0.0	0.0	0.0	0.0	0.0	0.0	0.0	0.0	0.0	0.0	0.0	0.0	0.0	0.0	0.0	0.0	0.0	0.0	0.0	0.0	0.0	0.0	0.0	0.0	0.0	0.0	0.0	0.0	0.0	0.0	0.0	0.0	0.0	0.0	0.0	0.0	0.0	0.0	0.0	0.0	0.0	0.0	0.0	0.0	0.0	0.0	0.0	0.0	0.0	0.0	0.0	0.0	0.0	0.0	0.0
SRR5225188	662.0	2758.0	2713.0	0.0	2368.0	2524.0	50.0	329.0	2204.0	373.0	0.0	0.0	903.0	103.0	1168.0	0.0	0.0	209.0	196.0	0.0	0.0	30.0	132.0	347.0	0.0	0.0	0.0	46.0	0.0	0.0	0.0	152.0	29.0	0.0	19.0	62.0	0.0	0.0	75.0	175.0	0.0	0.0	0.0	0.0	5.0	0.0	0.0	0.0	0.0	0.0	0.0	0.0	0.0	0.0	0.0	0.0	0.0	0.0	0.0	0.0	0.0	0.0	0.0	0.0	0.0	0.0	0.0	0.0	0.0	98.0	11.0	0.0	0.0	127.0	0.0	0.0	0.0	0.0	0.0	0.0	0.0	0.0	0.0	0.0	0.0	0.0	0.0	0.0	0.0	0.0	0.0	0.0	0.0	0.0	0.0	0.0	0.0	0.0	0.0	0.0	0.0	0.0	0.0	0.0	0.0	0.0	0.0	0.0	0.0	0.0	0.0	0.0	0.0	0.0	0.0	0.0	0.0	0.0	0.0	0.0	0.0	0.0	0.0	0.0	0.0	0.0	0.0	0.0	0.0	0.0	0.0	0.0	0.0	0.0	0.0	0.0	0.0	0.0	0.0	0.0	0.0	0.0	0.0	0.0	0.0	0.0	0.0	0.0	0.0	0.0	0.0	0.0	0.0	0.0
SRR5225191	1386.0	3863.0	4004.0	0.0	3156.0	5824.0	280.0	881.0	2901.0	616.0	0.0	0.0	1351.0	60.0	2321.0	0.0	0.0	354.0	124.0	0.0	131.0	26.0	174.0	867.0	0.0	0.0	0.0	76.0	0.0	0.0	0.0	750.0	69.0	0.0	62.0	45.0	0.0	0.0	168.0	276.0	13.0	0.0	43.0	0.0	0.0	17.0	0.0	0.0	0.0	49.0	0.0	0.0	0.0	0.0	0.0	0.0	0.0	0.0	0.0	20.0	0.0	0.0	0.0	0.0	0.0	0.0	0.0	0.0	39.0	720.0	658.0	0.0	67.0	149.0	0.0	0.0	121.0	16.0	75.0	0.0	0.0	9.0	0.0	0.0	0.0	0.0	0.0	0.0	0.0	0.0	0.0	0.0	0.0	0.0	0.0	0.0	0.0	0.0	0.0	0.0	0.0	0.0	0.0	0.0	0.0	0.0	0.0	0.0	0.0	0.0	0.0	0.0	0.0	0.0	0.0	0.0	0.0	0.0	0.0	0.0	0.0	0.0	0.0	0.0	0.0	0.0	0.0	0.0	0.0	0.0	0.0	0.0	0.0	0.0	0.0	0.0	0.0	0.0	0.0	0.0	0.0	0.0	0.0	0.0	0.0	0.0	0.0	0.0	0.0	0.0	0.0	0.0	0.0	0.0
SRR5225194	589.0	2429.0	972.0	0.0	1339.0	4714.0	74.0	438.0	1264.0	260.0	0.0	0.0	483.0	56.0	969.0	0.0	0.0	14.0	19.0	0.0	0.0	20.0	100.0	881.0	0.0	0.0	0.0	28.0	94.0	0.0	0.0	225.0	94.0	0.0	21.0	136.0	0.0	0.0	32.0	162.0	0.0	0.0	0.0	0.0	0.0	61.0	0.0	0.0	0.0	0.0	0.0	0.0	0.0	0.0	0.0	0.0	0.0	0.0	0.0	0.0	0.0	0.0	0.0	0.0	0.0	0.0	0.0	0.0	0.0	294.0	131.0	0.0	12.0	0.0	0.0	0.0	0.0	39.0	9.0	0.0	0.0	0.0	0.0	0.0	0.0	0.0	0.0	0.0	0.0	0.0	0.0	0.0	0.0	0.0	0.0	0.0	0.0	0.0	0.0	0.0	0.0	0.0	0.0	0.0	0.0	0.0	0.0	0.0	0.0	0.0	0.0	0.0	0.0	0.0	0.0	0.0	0.0	0.0	0.0	0.0	0.0	0.0	0.0	0.0	0.0	0.0	0.0	0.0	0.0	0.0	0.0	0.0	0.0	0.0	0.0	0.0	0.0	0.0	0.0	0.0	0.0	0.0	0.0	0.0	0.0	0.0	0.0	0.0	0.0	0.0	0.0	0.0	0.0	0.0
SRR5225197	1179.0	3538.0	3145.0	0.0	3124.0	4549.0	50.0	387.0	1854.0	506.0	0.0	0.0	1527.0	65.0	1642.0	0.0	0.0	307.0	475.0	0.0	51.0	39.0	110.0	605.0	65.0	0.0	0.0	149.0	0.0	0.0	0.0	158.0	11.0	0.0	44.0	43.0	0.0	0.0	106.0	191.0	0.0	0.0	0.0	0.0	8.0	44.0	0.0	0.0	0.0	14.0	18.0	0.0	51.0	0.0	0.0	0.0	0.0	0.0	0.0	6.0	0.0	0.0	0.0	0.0	0.0	0.0	0.0	0.0	17.0	21.0	157.0	19.0	14.0	101.0	0.0	0.0	11.0	0.0	10.0	0.0	10.0	0.0	33.0	0.0	0.0	0.0	0.0	0.0	0.0	0.0	0.0	0.0	0.0	0.0	0.0	0.0	0.0	0.0	0.0	0.0	0.0	0.0	0.0	0.0	0.0	0.0	0.0	0.0	0.0	0.0	0.0	0.0	0.0	0.0	0.0	0.0	0.0	0.0	0.0	0.0	0.0	0.0	0.0	0.0	0.0	0.0	0.0	0.0	0.0	0.0	0.0	0.0	0.0	0.0	0.0	0.0	0.0	0.0	0.0	0.0	0.0	0.0	0.0	0.0	0.0	0.0	0.0	0.0	0.0	0.0	0.0	0.0	0.0	0.0
SRR5225200	397.0	1980.0	1066.0	0.0	1154.0	2672.0	125.0	679.0	1793.0	430.0	18.0	0.0	409.0	136.0	769.0	0.0	0.0	0.0	311.0	0.0	0.0	52.0	210.0	721.0	0.0	0.0	0.0	16.0	0.0	0.0	0.0	225.0	25.0	0.0	20.0	200.0	0.0	0.0	26.0	136.0	0.0	0.0	0.0	0.0	0.0	96.0	0.0	0.0	0.0	54.0	0.0	0.0	0.0	0.0	0.0	0.0	0.0	0.0	0.0	0.0	0.0	0.0	0.0	0.0	0.0	0.0	0.0	0.0	0.0	0.0	11.0	0.0	31.0	43.0	0.0	0.0	14.0	0.0	6.0	0.0	0.0	0.0	0.0	0.0	0.0	0.0	0.0	0.0	0.0	0.0	0.0	0.0	0.0	0.0	0.0	0.0	0.0	0.0	0.0	0.0	0.0	0.0	0.0	0.0	0.0	0.0	0.0	0.0	0.0	0.0	0.0	0.0	0.0	0.0	0.0	0.0	0.0	0.0	0.0	0.0	0.0	0.0	0.0	0.0	0.0	0.0	0.0	0.0	0.0	0.0	0.0	0.0	0.0	0.0	0.0	0.0	0.0	0.0	0.0	0.0	0.0	0.0	0.0	0.0	0.0	0.0	0.0	0.0	0.0	0.0	0.0	0.0	0.0	0.0
SRR5225203	911.0	2057.0	967.0	0.0	1644.0	3339.0	77.0	556.0	752.0	438.0	0.0	0.0	671.0	130.0	855.0	0.0	0.0	24.0	159.0	8.0	0.0	18.0	135.0	477.0	0.0	0.0	0.0	69.0	66.0	0.0	0.0	173.0	123.0	0.0	74.0	39.0	0.0	0.0	24.0	194.0	0.0	0.0	0.0	0.0	0.0	0.0	0.0	0.0	0.0	0.0	0.0	0.0	46.0	0.0	0.0	0.0	0.0	0.0	0.0	16.0	0.0	0.0	0.0	0.0	0.0	0.0	0.0	0.0	28.0	178.0	103.0	0.0	0.0	54.0	0.0	0.0	0.0	0.0	0.0	0.0	13.0	0.0	0.0	0.0	0.0	0.0	0.0	0.0	0.0	0.0	0.0	0.0	0.0	0.0	0.0	0.0	0.0	0.0	0.0	0.0	0.0	0.0	0.0	0.0	0.0	0.0	0.0	0.0	0.0	0.0	0.0	0.0	0.0	0.0	0.0	0.0	0.0	0.0	0.0	0.0	0.0	0.0	0.0	0.0	0.0	0.0	0.0	0.0	0.0	0.0	0.0	0.0	0.0	0.0	0.0	0.0	0.0	0.0	0.0	0.0	0.0	0.0	0.0	0.0	0.0	0.0	0.0	0.0	0.0	0.0	0.0	0.0	0.0	0.0
SRR5225206	1056.0	3156.0	3080.0	0.0	2511.0	3528.0	82.0	892.0	3320.0	787.0	0.0	0.0	764.0	52.0	1210.0	0.0	0.0	0.0	129.0	0.0	0.0	20.0	95.0	714.0	10.0	0.0	0.0	0.0	117.0	0.0	0.0	193.0	18.0	24.0	33.0	72.0	0.0	0.0	73.0	139.0	0.0	0.0	0.0	0.0	0.0	0.0	0.0	0.0	0.0	0.0	8.0	0.0	0.0	0.0	0.0	0.0	0.0	0.0	0.0	0.0	0.0	0.0	0.0	0.0	0.0	0.0	0.0	0.0	0.0	200.0	0.0	0.0	29.0	68.0	0.0	0.0	0.0	20.0	0.0	0.0	0.0	12.0	0.0	0.0	0.0	0.0	0.0	0.0	0.0	0.0	0.0	0.0	0.0	0.0	0.0	0.0	0.0	0.0	0.0	0.0	0.0	0.0	0.0	0.0	0.0	0.0	0.0	0.0	0.0	0.0	0.0	0.0	0.0	0.0	0.0	0.0	0.0	0.0	0.0	0.0	0.0	0.0	0.0	0.0	0.0	0.0	0.0	0.0	0.0	0.0	0.0	0.0	0.0	0.0	0.0	0.0	0.0	0.0	0.0	0.0	0.0	0.0	0.0	0.0	0.0	0.0	0.0	0.0	0.0	0.0	0.0	0.0	0.0	0.0
SRR5225209	1192.0	3502.0	2784.0	0.0	3193.0	3367.0	411.0	790.0	2828.0	790.0	0.0	0.0	1308.0	77.0	1412.0	0.0	0.0	299.0	387.0	0.0	86.0	33.0	131.0	750.0	64.0	0.0	0.0	12.0	28.0	0.0	0.0	121.0	61.0	0.0	36.0	31.0	0.0	0.0	182.0	247.0	13.0	0.0	0.0	0.0	0.0	211.0	0.0	0.0	0.0	46.0	22.0	0.0	0.0	0.0	0.0	0.0	0.0	0.0	0.0	0.0	0.0	0.0	0.0	0.0	0.0	0.0	0.0	0.0	0.0	121.0	166.0	22.0	0.0	120.0	0.0	23.0	0.0	0.0	0.0	0.0	0.0	0.0	0.0	0.0	0.0	0.0	0.0	0.0	0.0	0.0	0.0	0.0	0.0	0.0	0.0	0.0	0.0	0.0	0.0	0.0	0.0	0.0	0.0	0.0	0.0	0.0	0.0	0.0	0.0	0.0	0.0	0.0	0.0	0.0	0.0	0.0	0.0	0.0	0.0	0.0	0.0	0.0	0.0	0.0	0.0	0.0	0.0	0.0	0.0	0.0	0.0	0.0	0.0	0.0	0.0	0.0	0.0	0.0	0.0	0.0	0.0	0.0	0.0	0.0	0.0	0.0	0.0	0.0	0.0	0.0	0.0	0.0	0.0	0.0
SRR5225212	524.0	2128.0	1480.0	0.0	1441.0	2593.0	54.0	508.0	2244.0	400.0	0.0	0.0	212.0	42.0	455.0	0.0	0.0	117.0	72.0	0.0	12.0	0.0	56.0	423.0	0.0	0.0	0.0	7.0	40.0	0.0	0.0	77.0	10.0	0.0	32.0	31.0	0.0	0.0	31.0	136.0	6.0	0.0	0.0	0.0	0.0	47.0	0.0	0.0	0.0	0.0	0.0	0.0	0.0	0.0	0.0	0.0	0.0	0.0	0.0	0.0	0.0	0.0	0.0	0.0	0.0	0.0	0.0	0.0	0.0	0.0	0.0	4.0	14.0	51.0	0.0	0.0	0.0	0.0	0.0	0.0	0.0	0.0	0.0	0.0	0.0	0.0	0.0	0.0	0.0	0.0	0.0	0.0	0.0	0.0	0.0	0.0	0.0	0.0	0.0	0.0	0.0	0.0	0.0	0.0	0.0	0.0	0.0	0.0	0.0	0.0	0.0	0.0	0.0	0.0	0.0	0.0	0.0	0.0	0.0	0.0	0.0	0.0	0.0	0.0	0.0	0.0	0.0	0.0	0.0	0.0	0.0	0.0	0.0	0.0	0.0	0.0	0.0	0.0	0.0	0.0	0.0	0.0	0.0	0.0	0.0	0.0	0.0	0.0	0.0	0.0	0.0	0.0	0.0	0.0
SRR5225215	189.0	1961.0	2546.0	9.0	2729.0	1412.0	0.0	115.0	751.0	198.0	0.0	0.0	528.0	0.0	993.0	0.0	0.0	0.0	19.0	0.0	0.0	10.0	162.0	122.0	0.0	0.0	0.0	27.0	0.0	0.0	0.0	16.0	17.0	0.0	19.0	0.0	0.0	0.0	23.0	37.0	11.0	0.0	0.0	0.0	0.0	61.0	0.0	0.0	0.0	4.0	0.0	0.0	0.0	0.0	0.0	0.0	0.0	0.0	0.0	0.0	0.0	0.0	0.0	0.0	0.0	0.0	0.0	0.0	0.0	51.0	5.0	0.0	0.0	18.0	0.0	0.0	0.0	0.0	0.0	134.0	0.0	12.0	0.0	0.0	0.0	0.0	0.0	0.0	0.0	0.0	0.0	0.0	0.0	0.0	0.0	0.0	0.0	0.0	0.0	0.0	0.0	0.0	0.0	0.0	0.0	0.0	0.0	0.0	0.0	0.0	0.0	0.0	0.0	0.0	0.0	0.0	0.0	0.0	0.0	0.0	0.0	0.0	0.0	0.0	0.0	0.0	0.0	0.0	0.0	0.0	0.0	0.0	0.0	0.0	0.0	0.0	0.0	0.0	0.0	0.0	0.0	0.0	0.0	0.0	0.0	0.0	0.0	0.0	0.0	0.0	0.0	0.0	0.0	0.0
SRR5225218	1625.0	3909.0	3016.0	0.0	3341.0	4193.0	82.0	127.0	2188.0	396.0	0.0	0.0	1751.0	143.0	2386.0	0.0	0.0	363.0	370.0	0.0	39.0	6.0	248.0	436.0	68.0	0.0	0.0	130.0	0.0	0.0	0.0	130.0	25.0	0.0	67.0	29.0	0.0	0.0	151.0	292.0	0.0	0.0	0.0	0.0	0.0	141.0	0.0	0.0	0.0	52.0	23.0	0.0	0.0	0.0	0.0	0.0	0.0	0.0	0.0	19.0	0.0	0.0	0.0	0.0	0.0	0.0	0.0	0.0	0.0	339.0	85.0	0.0	0.0	234.0	0.0	0.0	12.0	0.0	0.0	0.0	0.0	0.0	0.0	0.0	0.0	0.0	0.0	0.0	0.0	0.0	0.0	0.0	0.0	0.0	0.0	0.0	0.0	0.0	0.0	0.0	0.0	0.0	0.0	0.0	0.0	0.0	0.0	0.0	0.0	0.0	0.0	0.0	0.0	0.0	0.0	0.0	0.0	0.0	0.0	0.0	0.0	0.0	0.0	0.0	0.0	0.0	0.0	0.0	0.0	0.0	0.0	0.0	0.0	0.0	0.0	0.0	0.0	0.0	0.0	0.0	0.0	0.0	0.0	0.0	0.0	0.0	0.0	0.0	0.0	0.0	0.0	0.0	0.0	0.0
SRR5225221	695.0	2996.0	2179.0	0.0	2749.0	4404.0	168.0	448.0	2184.0	420.0	0.0	0.0	974.0	0.0	1875.0	0.0	0.0	64.0	345.0	0.0	0.0	22.0	196.0	643.0	11.0	0.0	0.0	81.0	160.0	0.0	0.0	211.0	100.0	13.0	94.0	112.0	0.0	0.0	129.0	280.0	0.0	0.0	12.0	0.0	7.0	131.0	0.0	0.0	0.0	0.0	0.0	0.0	0.0	0.0	0.0	0.0	0.0	0.0	0.0	0.0	0.0	0.0	0.0	0.0	0.0	0.0	0.0	0.0	0.0	283.0	72.0	0.0	0.0	308.0	0.0	40.0	0.0	0.0	0.0	0.0	0.0	0.0	0.0	0.0	0.0	0.0	0.0	0.0	0.0	0.0	0.0	0.0	0.0	0.0	0.0	0.0	0.0	0.0	0.0	0.0	0.0	0.0	0.0	0.0	0.0	0.0	0.0	0.0	0.0	0.0	0.0	0.0	0.0	0.0	0.0	0.0	0.0	0.0	0.0	0.0	0.0	0.0	0.0	0.0	0.0	0.0	0.0	0.0	0.0	0.0	0.0	0.0	0.0	0.0	0.0	0.0	0.0	0.0	0.0	0.0	0.0	0.0	0.0	0.0	0.0	0.0	0.0	0.0	0.0	0.0	0.0	0.0	0.0	0.0
SRR5225224	1046.0	2633.0	2084.0	0.0	1964.0	2882.0	227.0	278.0	1595.0	322.0	0.0	0.0	479.0	44.0	663.0	0.0	0.0	67.0	315.0	0.0	25.0	32.0	343.0	334.0	15.0	0.0	0.0	0.0	14.0	0.0	0.0	89.0	7.0	0.0	0.0	77.0	0.0	0.0	85.0	178.0	0.0	17.0	0.0	0.0	9.0	18.0	0.0	0.0	0.0	0.0	0.0	0.0	0.0	0.0	0.0	0.0	0.0	0.0	0.0	0.0	0.0	0.0	0.0	0.0	0.0	0.0	0.0	40.0	0.0	92.0	0.0	0.0	12.0	23.0	0.0	0.0	0.0	0.0	0.0	0.0	0.0	0.0	16.0	0.0	0.0	0.0	0.0	0.0	0.0	0.0	0.0	0.0	0.0	0.0	0.0	0.0	0.0	0.0	0.0	0.0	0.0	0.0	0.0	0.0	0.0	0.0	0.0	0.0	0.0	0.0	0.0	0.0	0.0	0.0	0.0	0.0	0.0	0.0	0.0	0.0	0.0	0.0	0.0	0.0	0.0	0.0	0.0	0.0	0.0	0.0	0.0	0.0	0.0	0.0	0.0	0.0	0.0	0.0	0.0	0.0	0.0	0.0	0.0	0.0	0.0	0.0	0.0	0.0	0.0	0.0	0.0	0.0	0.0	0.0
SRR5225227	617.0	2576.0	2891.0	0.0	2545.0	2435.0	98.0	311.0	2018.0	714.0	0.0	0.0	689.0	52.0	1179.0	0.0	0.0	193.0	245.0	0.0	12.0	0.0	157.0	471.0	0.0	0.0	0.0	72.0	0.0	0.0	0.0	51.0	0.0	0.0	25.0	28.0	0.0	0.0	65.0	384.0	7.0	0.0	0.0	0.0	0.0	27.0	0.0	0.0	0.0	0.0	0.0	0.0	14.0	0.0	0.0	0.0	0.0	0.0	0.0	0.0	0.0	0.0	0.0	0.0	0.0	0.0	0.0	0.0	15.0	36.0	12.0	0.0	0.0	32.0	0.0	10.0	0.0	0.0	0.0	0.0	0.0	0.0	0.0	0.0	0.0	0.0	0.0	0.0	0.0	0.0	0.0	0.0	0.0	0.0	0.0	0.0	0.0	0.0	0.0	0.0	0.0	0.0	0.0	0.0	0.0	0.0	0.0	0.0	0.0	0.0	0.0	0.0	0.0	0.0	0.0	0.0	0.0	0.0	0.0	0.0	0.0	0.0	0.0	0.0	0.0	0.0	0.0	0.0	0.0	0.0	0.0	0.0	0.0	0.0	0.0	0.0	0.0	0.0	0.0	0.0	0.0	0.0	0.0	0.0	0.0	0.0	0.0	0.0	0.0	0.0	0.0	0.0	0.0	0.0
SRR5225230	1596.0	4243.0	2513.0	0.0	3517.0	5197.0	123.0	126.0	1547.0	415.0	0.0	0.0	1173.0	137.0	2485.0	0.0	0.0	342.0	358.0	0.0	39.0	48.0	218.0	508.0	24.0	0.0	0.0	96.0	50.0	0.0	0.0	91.0	187.0	33.0	197.0	44.0	12.0	0.0	147.0	177.0	16.0	0.0	16.0	0.0	0.0	241.0	25.0	0.0	0.0	75.0	46.0	0.0	19.0	0.0	0.0	0.0	0.0	0.0	0.0	0.0	0.0	0.0	0.0	0.0	0.0	0.0	0.0	50.0	34.0	684.0	635.0	21.0	23.0	220.0	0.0	0.0	0.0	0.0	0.0	0.0	0.0	0.0	0.0	0.0	0.0	0.0	0.0	0.0	0.0	0.0	0.0	0.0	0.0	0.0	0.0	0.0	0.0	0.0	0.0	0.0	0.0	0.0	0.0	0.0	0.0	0.0	0.0	0.0	0.0	0.0	0.0	0.0	0.0	0.0	0.0	0.0	0.0	0.0	0.0	0.0	0.0	0.0	0.0	0.0	0.0	0.0	0.0	0.0	0.0	0.0	0.0	0.0	0.0	0.0	0.0	0.0	0.0	0.0	0.0	0.0	0.0	0.0	0.0	0.0	0.0	0.0	0.0	0.0	0.0	0.0	0.0	0.0	0.0	0.0
SRR5225233	941.0	2664.0	2478.0	0.0	2166.0	5137.0	177.0	625.0	2495.0	769.0	0.0	0.0	948.0	133.0	1668.0	0.0	0.0	163.0	136.0	0.0	0.0	31.0	104.0	966.0	15.0	0.0	0.0	48.0	76.0	0.0	0.0	96.0	76.0	45.0	128.0	62.0	0.0	0.0	92.0	263.0	0.0	0.0	0.0	0.0	4.0	44.0	0.0	0.0	0.0	0.0	0.0	0.0	0.0	0.0	0.0	0.0	0.0	0.0	0.0	9.0	0.0	0.0	0.0	0.0	0.0	0.0	0.0	0.0	0.0	207.0	31.0	14.0	43.0	169.0	0.0	34.0	0.0	0.0	0.0	0.0	12.0	11.0	0.0	0.0	0.0	0.0	0.0	0.0	0.0	0.0	0.0	0.0	0.0	0.0	0.0	0.0	0.0	0.0	0.0	0.0	0.0	0.0	0.0	0.0	0.0	0.0	0.0	0.0	0.0	0.0	0.0	0.0	0.0	0.0	0.0	0.0	0.0	0.0	0.0	0.0	0.0	0.0	0.0	0.0	0.0	0.0	0.0	0.0	0.0	0.0	0.0	0.0	0.0	0.0	0.0	0.0	0.0	0.0	0.0	0.0	0.0	0.0	0.0	0.0	0.0	0.0	0.0	0.0	0.0	0.0	0.0	0.0	0.0	0.0
SRR5225236	386.0	2040.0	1504.0	0.0	1792.0	2019.0	21.0	86.0	778.0	228.0	0.0	0.0	269.0	57.0	517.0	0.0	0.0	0.0	109.0	0.0	0.0	0.0	105.0	478.0	9.0	0.0	0.0	12.0	0.0	0.0	0.0	54.0	24.0	0.0	0.0	75.0	0.0	0.0	48.0	193.0	0.0	0.0	0.0	0.0	6.0	57.0	0.0	0.0	0.0	0.0	0.0	0.0	0.0	0.0	0.0	0.0	0.0	0.0	0.0	0.0	0.0	0.0	0.0	0.0	0.0	0.0	0.0	0.0	0.0	88.0	4.0	0.0	13.0	63.0	0.0	0.0	0.0	0.0	0.0	0.0	0.0	0.0	0.0	0.0	0.0	0.0	0.0	0.0	0.0	0.0	0.0	0.0	0.0	0.0	0.0	0.0	0.0	0.0	0.0	0.0	0.0	0.0	0.0	0.0	0.0	0.0	0.0	0.0	0.0	0.0	0.0	0.0	0.0	0.0	0.0	0.0	0.0	0.0	0.0	0.0	0.0	0.0	0.0	0.0	0.0	0.0	0.0	0.0	0.0	0.0	0.0	0.0	0.0	0.0	0.0	0.0	0.0	0.0	0.0	0.0	0.0	0.0	0.0	0.0	0.0	0.0	0.0	0.0	0.0	0.0	0.0	0.0	0.0	0.0
SRR5225239	733.0	3664.0	3501.0	0.0	2677.0	2391.0	29.0	318.0	1527.0	385.0	0.0	0.0	1018.0	108.0	1479.0	0.0	0.0	201.0	317.0	0.0	44.0	27.0	149.0	410.0	25.0	0.0	0.0	71.0	0.0	0.0	0.0	60.0	0.0	0.0	17.0	41.0	0.0	0.0	145.0	188.0	0.0	0.0	0.0	0.0	22.0	148.0	0.0	0.0	0.0	13.0	0.0	0.0	49.0	0.0	0.0	0.0	0.0	0.0	0.0	0.0	0.0	0.0	0.0	9.0	0.0	0.0	0.0	0.0	0.0	174.0	67.0	0.0	0.0	47.0	0.0	0.0	7.0	0.0	10.0	0.0	0.0	0.0	0.0	0.0	0.0	0.0	0.0	0.0	0.0	0.0	0.0	0.0	0.0	0.0	0.0	0.0	0.0	0.0	0.0	0.0	0.0	0.0	0.0	0.0	0.0	0.0	0.0	0.0	0.0	0.0	0.0	0.0	0.0	0.0	0.0	0.0	0.0	0.0	0.0	0.0	0.0	0.0	0.0	0.0	0.0	0.0	0.0	0.0	0.0	0.0	0.0	0.0	0.0	0.0	0.0	0.0	0.0	0.0	0.0	0.0	0.0	0.0	0.0	0.0	0.0	0.0	0.0	0.0	0.0	0.0	0.0	0.0	0.0	0.0
SRR5225242	418.0	1728.0	2097.0	0.0	1844.0	2737.0	50.0	232.0	1838.0	361.0	0.0	0.0	366.0	44.0	558.0	0.0	0.0	76.0	131.0	0.0	0.0	0.0	230.0	456.0	0.0	0.0	0.0	65.0	37.0	0.0	0.0	102.0	7.0	0.0	0.0	69.0	0.0	0.0	28.0	218.0	0.0	0.0	0.0	0.0	0.0	0.0	0.0	0.0	0.0	0.0	0.0	0.0	0.0	0.0	0.0	0.0	0.0	0.0	0.0	0.0	0.0	0.0	0.0	0.0	0.0	0.0	0.0	0.0	0.0	123.0	8.0	0.0	0.0	68.0	0.0	0.0	0.0	0.0	0.0	0.0	0.0	0.0	0.0	0.0	0.0	0.0	0.0	0.0	0.0	0.0	0.0	0.0	0.0	0.0	0.0	0.0	0.0	0.0	0.0	0.0	0.0	0.0	0.0	0.0	0.0	0.0	0.0	0.0	0.0	0.0	0.0	0.0	0.0	0.0	0.0	0.0	0.0	0.0	0.0	0.0	0.0	0.0	0.0	0.0	0.0	0.0	0.0	0.0	0.0	0.0	0.0	0.0	0.0	0.0	0.0	0.0	0.0	0.0	0.0	0.0	0.0	0.0	0.0	0.0	0.0	0.0	0.0	0.0	0.0	0.0	0.0	0.0	0.0	0.0
SRR5225276	1140.0	3967.0	3092.0	0.0	3220.0	4040.0	42.0	220.0	1312.0	439.0	0.0	0.0	1262.0	123.0	1993.0	0.0	0.0	383.0	241.0	20.0	56.0	0.0	143.0	432.0	41.0	0.0	0.0	103.0	34.0	0.0	0.0	131.0	62.0	0.0	31.0	45.0	0.0	0.0	138.0	433.0	16.0	0.0	0.0	0.0	0.0	185.0	0.0	0.0	0.0	19.0	0.0	0.0	36.0	0.0	0.0	0.0	0.0	0.0	0.0	15.0	0.0	0.0	0.0	0.0	0.0	0.0	0.0	0.0	39.0	440.0	365.0	0.0	19.0	274.0	0.0	0.0	31.0	0.0	0.0	0.0	17.0	0.0	15.0	0.0	0.0	0.0	9.0	0.0	0.0	0.0	0.0	0.0	0.0	0.0	0.0	0.0	0.0	0.0	0.0	0.0	0.0	0.0	0.0	0.0	0.0	0.0	0.0	0.0	0.0	0.0	0.0	0.0	0.0	0.0	0.0	0.0	0.0	0.0	0.0	0.0	0.0	0.0	0.0	0.0	0.0	0.0	0.0	0.0	0.0	0.0	0.0	0.0	0.0	0.0	0.0	0.0	0.0	0.0	0.0	0.0	0.0	0.0	0.0	0.0	0.0	0.0	0.0	0.0	0.0	0.0	0.0	0.0	0.0	0.0
SRR5225279	679.0	2163.0	2055.0	0.0	1871.0	2232.0	0.0	119.0	716.0	184.0	0.0	0.0	717.0	31.0	579.0	0.0	0.0	56.0	195.0	0.0	0.0	0.0	182.0	265.0	0.0	0.0	0.0	0.0	23.0	0.0	0.0	64.0	0.0	0.0	0.0	35.0	0.0	0.0	46.0	134.0	0.0	0.0	0.0	0.0	0.0	72.0	0.0	0.0	0.0	11.0	0.0	0.0	30.0	0.0	0.0	0.0	0.0	0.0	0.0	0.0	0.0	0.0	0.0	0.0	0.0	0.0	0.0	0.0	0.0	155.0	0.0	0.0	0.0	21.0	0.0	0.0	0.0	5.0	6.0	0.0	0.0	0.0	0.0	0.0	0.0	0.0	0.0	0.0	0.0	0.0	0.0	0.0	0.0	0.0	0.0	0.0	0.0	0.0	0.0	0.0	0.0	0.0	0.0	0.0	0.0	0.0	0.0	0.0	0.0	0.0	0.0	0.0	0.0	0.0	0.0	0.0	0.0	0.0	0.0	0.0	0.0	0.0	0.0	0.0	0.0	0.0	0.0	0.0	0.0	0.0	0.0	0.0	0.0	0.0	0.0	0.0	0.0	0.0	0.0	0.0	0.0	0.0	0.0	0.0	0.0	0.0	0.0	0.0	0.0	0.0	0.0	0.0	0.0	0.0
SRR5225282	1011.0	2060.0	2518.0	0.0	1887.0	4321.0	141.0	761.0	1721.0	815.0	0.0	0.0	772.0	102.0	1612.0	0.0	0.0	51.0	29.0	0.0	43.0	0.0	199.0	1306.0	0.0	0.0	0.0	41.0	70.0	0.0	0.0	305.0	54.0	0.0	141.0	46.0	0.0	0.0	82.0	220.0	15.0	0.0	0.0	0.0	0.0	53.0	0.0	0.0	0.0	10.0	0.0	0.0	0.0	0.0	0.0	0.0	0.0	0.0	0.0	0.0	0.0	0.0	0.0	0.0	0.0	0.0	0.0	0.0	0.0	382.0	73.0	0.0	41.0	144.0	0.0	35.0	0.0	20.0	0.0	0.0	0.0	0.0	0.0	0.0	0.0	0.0	0.0	0.0	0.0	0.0	0.0	0.0	0.0	0.0	0.0	0.0	0.0	0.0	0.0	0.0	0.0	0.0	0.0	0.0	0.0	0.0	0.0	0.0	0.0	0.0	0.0	0.0	0.0	0.0	0.0	0.0	0.0	0.0	0.0	0.0	0.0	0.0	0.0	0.0	0.0	0.0	0.0	0.0	0.0	0.0	0.0	0.0	0.0	0.0	0.0	0.0	0.0	0.0	0.0	0.0	0.0	0.0	0.0	0.0	0.0	0.0	0.0	0.0	0.0	0.0	0.0	0.0	0.0	0.0
SRR5459438	93.0	2921.0	384.0	0.0	510.0	282.0	42.0	340.0	5391.0	1740.0	0.0	0.0	134.0	0.0	89.0	0.0	279.0	0.0	455.0	0.0	0.0	100.0	242.0	60.0	0.0	0.0	0.0	0.0	0.0	0.0	0.0	0.0	0.0	244.0	0.0	0.0	0.0	0.0	38.0	0.0	0.0	0.0	0.0	0.0	32.0	0.0	0.0	0.0	0.0	0.0	0.0	0.0	0.0	23.0	0.0	0.0	0.0	0.0	0.0	0.0	0.0	0.0	0.0	0.0	0.0	273.0	0.0	0.0	0.0	0.0	0.0	0.0	0.0	0.0	0.0	0.0	0.0	0.0	0.0	0.0	0.0	0.0	0.0	0.0	0.0	0.0	0.0	0.0	0.0	0.0	0.0	0.0	0.0	0.0	0.0	0.0	0.0	0.0	0.0	0.0	0.0	0.0	0.0	0.0	0.0	0.0	0.0	0.0	0.0	0.0	0.0	0.0	0.0	0.0	0.0	0.0	0.0	0.0	0.0	0.0	0.0	0.0	0.0	0.0	0.0	0.0	0.0	0.0	0.0	0.0	0.0	0.0	0.0	0.0	0.0	0.0	0.0	0.0	0.0	0.0	0.0	0.0	0.0	0.0	0.0	0.0	0.0	0.0	0.0	0.0	0.0	0.0	0.0	0.0
SRR5459441	48.0	2815.0	409.0	0.0	405.0	281.0	184.0	659.0	5740.0	859.0	0.0	0.0	42.0	103.0	100.0	141.0	357.0	0.0	560.0	0.0	0.0	75.0	519.0	107.0	0.0	0.0	0.0	0.0	0.0	0.0	0.0	0.0	0.0	524.0	0.0	166.0	0.0	0.0	0.0	17.0	0.0	0.0	0.0	0.0	0.0	123.0	0.0	0.0	0.0	50.0	28.0	0.0	0.0	0.0	0.0	0.0	0.0	0.0	35.0	0.0	0.0	0.0	0.0	0.0	0.0	216.0	0.0	0.0	0.0	36.0	0.0	32.0	43.0	16.0	0.0	0.0	0.0	0.0	0.0	0.0	0.0	0.0	0.0	0.0	34.0	0.0	0.0	0.0	0.0	0.0	0.0	0.0	0.0	0.0	7.0	0.0	0.0	0.0	0.0	0.0	0.0	0.0	0.0	0.0	0.0	0.0	0.0	0.0	0.0	0.0	0.0	0.0	0.0	0.0	0.0	0.0	0.0	0.0	0.0	0.0	0.0	0.0	0.0	0.0	0.0	0.0	0.0	0.0	0.0	0.0	0.0	0.0	0.0	0.0	0.0	0.0	0.0	0.0	0.0	0.0	0.0	0.0	0.0	0.0	0.0	0.0	0.0	0.0	0.0	0.0	0.0	0.0	0.0	0.0
SRR5459444	140.0	2040.0	34.0	0.0	220.0	329.0	0.0	329.0	4426.0	1470.0	0.0	0.0	58.0	48.0	0.0	90.0	169.0	0.0	367.0	0.0	0.0	125.0	153.0	85.0	0.0	0.0	0.0	0.0	0.0	0.0	0.0	0.0	0.0	220.0	0.0	16.0	0.0	0.0	14.0	0.0	0.0	0.0	0.0	0.0	0.0	0.0	0.0	0.0	0.0	0.0	0.0	0.0	0.0	0.0	0.0	0.0	0.0	0.0	0.0	0.0	0.0	0.0	0.0	0.0	0.0	225.0	0.0	0.0	0.0	0.0	4.0	0.0	0.0	0.0	0.0	0.0	0.0	0.0	0.0	0.0	0.0	0.0	0.0	0.0	691.0	0.0	0.0	0.0	0.0	0.0	0.0	0.0	0.0	0.0	0.0	0.0	0.0	0.0	0.0	0.0	0.0	0.0	0.0	0.0	0.0	0.0	0.0	0.0	0.0	0.0	0.0	0.0	0.0	0.0	0.0	0.0	0.0	0.0	0.0	0.0	0.0	0.0	0.0	0.0	0.0	0.0	0.0	0.0	0.0	0.0	0.0	0.0	0.0	0.0	0.0	0.0	0.0	0.0	0.0	0.0	0.0	0.0	0.0	0.0	0.0	0.0	0.0	0.0	0.0	0.0	0.0	0.0	0.0	0.0
SRR5459450	0.0	2264.0	115.0	0.0	542.0	335.0	29.0	208.0	5861.0	2630.0	0.0	0.0	229.0	0.0	0.0	0.0	0.0	0.0	395.0	0.0	0.0	0.0	83.0	0.0	0.0	0.0	0.0	0.0	0.0	0.0	0.0	0.0	0.0	323.0	0.0	0.0	0.0	0.0	55.0	32.0	0.0	0.0	0.0	0.0	0.0	84.0	0.0	0.0	0.0	0.0	0.0	0.0	0.0	0.0	0.0	0.0	0.0	0.0	0.0	0.0	0.0	0.0	0.0	0.0	0.0	179.0	0.0	0.0	0.0	0.0	0.0	0.0	0.0	0.0	0.0	0.0	0.0	0.0	0.0	0.0	0.0	0.0	0.0	0.0	0.0	0.0	0.0	0.0	0.0	0.0	0.0	0.0	0.0	0.0	0.0	0.0	0.0	0.0	0.0	0.0	0.0	0.0	0.0	0.0	0.0	0.0	0.0	0.0	0.0	0.0	0.0	0.0	0.0	0.0	0.0	0.0	0.0	0.0	0.0	0.0	0.0	0.0	0.0	0.0	0.0	0.0	0.0	0.0	0.0	0.0	0.0	0.0	0.0	0.0	0.0	0.0	0.0	0.0	0.0	0.0	0.0	0.0	0.0	0.0	0.0	0.0	0.0	0.0	0.0	0.0	0.0	0.0	0.0	0.0
SRR5459453	306.0	3726.0	1553.0	0.0	1286.0	372.0	14.0	139.0	1565.0	847.0	0.0	0.0	631.0	0.0	620.0	0.0	140.0	39.0	542.0	0.0	78.0	34.0	250.0	0.0	35.0	0.0	0.0	24.0	0.0	0.0	0.0	0.0	0.0	307.0	59.0	0.0	0.0	0.0	0.0	124.0	0.0	0.0	0.0	0.0	0.0	258.0	0.0	0.0	0.0	163.0	40.0	0.0	100.0	0.0	0.0	0.0	0.0	8.0	0.0	0.0	0.0	0.0	0.0	0.0	0.0	93.0	0.0	0.0	64.0	38.0	0.0	0.0	0.0	0.0	0.0	0.0	0.0	0.0	0.0	0.0	0.0	0.0	0.0	0.0	1155.0	51.0	0.0	0.0	0.0	0.0	0.0	0.0	0.0	0.0	0.0	0.0	0.0	0.0	0.0	0.0	0.0	0.0	0.0	0.0	0.0	0.0	0.0	0.0	0.0	0.0	0.0	0.0	0.0	0.0	0.0	0.0	0.0	0.0	0.0	0.0	0.0	0.0	0.0	0.0	0.0	0.0	0.0	0.0	0.0	0.0	0.0	0.0	0.0	0.0	0.0	0.0	0.0	0.0	0.0	0.0	0.0	0.0	0.0	0.0	0.0	0.0	0.0	0.0	0.0	0.0	0.0	0.0	0.0	0.0
SRR5459456	152.0	3873.0	510.0	0.0	1043.0	122.0	39.0	629.0	5607.0	1799.0	0.0	0.0	105.0	0.0	114.0	56.0	253.0	0.0	327.0	0.0	0.0	334.0	117.0	69.0	0.0	0.0	0.0	0.0	0.0	0.0	0.0	13.0	0.0	829.0	0.0	0.0	0.0	0.0	0.0	0.0	0.0	0.0	0.0	0.0	119.0	142.0	0.0	0.0	0.0	0.0	17.0	0.0	220.0	0.0	0.0	0.0	0.0	0.0	0.0	0.0	0.0	0.0	0.0	0.0	0.0	555.0	0.0	0.0	0.0	224.0	0.0	42.0	59.0	0.0	0.0	0.0	0.0	0.0	0.0	0.0	44.0	0.0	0.0	0.0	0.0	0.0	0.0	0.0	0.0	0.0	0.0	0.0	0.0	0.0	0.0	0.0	0.0	0.0	0.0	0.0	0.0	0.0	0.0	0.0	0.0	0.0	0.0	0.0	0.0	0.0	0.0	0.0	0.0	0.0	0.0	0.0	0.0	0.0	0.0	0.0	0.0	0.0	0.0	0.0	0.0	0.0	0.0	0.0	0.0	0.0	0.0	0.0	0.0	0.0	0.0	0.0	0.0	0.0	0.0	0.0	0.0	0.0	0.0	0.0	0.0	0.0	0.0	0.0	0.0	0.0	0.0	0.0	0.0	0.0
SRR5459459	581.0	5432.0	750.0	0.0	289.0	522.0	38.0	716.0	7355.0	1015.0	0.0	0.0	83.0	0.0	0.0	106.0	278.0	0.0	181.0	0.0	0.0	187.0	817.0	121.0	0.0	0.0	0.0	0.0	0.0	0.0	0.0	0.0	0.0	1157.0	0.0	0.0	0.0	0.0	0.0	0.0	0.0	0.0	0.0	0.0	81.0	0.0	0.0	0.0	0.0	0.0	0.0	0.0	317.0	0.0	0.0	0.0	0.0	52.0	0.0	0.0	0.0	0.0	0.0	0.0	0.0	291.0	0.0	0.0	0.0	223.0	0.0	45.0	0.0	59.0	0.0	0.0	0.0	0.0	0.0	0.0	0.0	0.0	0.0	0.0	2381.0	0.0	0.0	0.0	0.0	0.0	0.0	0.0	0.0	0.0	0.0	0.0	0.0	0.0	0.0	0.0	0.0	0.0	0.0	0.0	0.0	0.0	0.0	0.0	0.0	0.0	0.0	0.0	0.0	0.0	0.0	0.0	0.0	0.0	0.0	0.0	0.0	0.0	0.0	0.0	0.0	0.0	0.0	0.0	0.0	0.0	0.0	0.0	0.0	0.0	0.0	0.0	0.0	0.0	0.0	0.0	0.0	0.0	0.0	0.0	0.0	0.0	0.0	0.0	0.0	0.0	0.0	0.0	0.0	0.0
SRR5459462	0.0	3209.0	272.0	0.0	894.0	219.0	32.0	232.0	5217.0	1032.0	0.0	0.0	79.0	0.0	0.0	47.0	144.0	0.0	363.0	0.0	0.0	45.0	89.0	21.0	0.0	0.0	0.0	0.0	0.0	0.0	0.0	0.0	0.0	538.0	0.0	0.0	0.0	0.0	0.0	0.0	0.0	0.0	0.0	0.0	65.0	0.0	0.0	0.0	0.0	25.0	0.0	0.0	0.0	0.0	0.0	0.0	0.0	0.0	0.0	0.0	0.0	0.0	0.0	0.0	0.0	199.0	0.0	0.0	0.0	0.0	0.0	17.0	0.0	0.0	0.0	0.0	0.0	0.0	0.0	0.0	0.0	0.0	0.0	0.0	11.0	0.0	0.0	0.0	0.0	0.0	0.0	0.0	0.0	0.0	0.0	0.0	0.0	0.0	0.0	0.0	0.0	0.0	0.0	0.0	0.0	0.0	0.0	0.0	0.0	0.0	0.0	0.0	0.0	0.0	0.0	0.0	0.0	0.0	0.0	0.0	0.0	0.0	0.0	0.0	0.0	0.0	0.0	0.0	0.0	0.0	0.0	0.0	0.0	0.0	0.0	0.0	0.0	0.0	0.0	0.0	0.0	0.0	0.0	0.0	0.0	0.0	0.0	0.0	0.0	0.0	0.0	0.0	0.0	0.0
SRR5459465	40.0	2797.0	62.0	0.0	488.0	527.0	59.0	137.0	5009.0	2061.0	0.0	0.0	97.0	0.0	0.0	74.0	256.0	0.0	423.0	0.0	0.0	0.0	333.0	45.0	0.0	0.0	0.0	0.0	0.0	0.0	0.0	0.0	0.0	171.0	0.0	0.0	0.0	0.0	48.0	0.0	0.0	0.0	0.0	0.0	0.0	154.0	0.0	0.0	0.0	8.0	0.0	0.0	0.0	0.0	0.0	0.0	0.0	0.0	0.0	0.0	0.0	0.0	0.0	0.0	0.0	328.0	0.0	0.0	0.0	0.0	0.0	27.0	54.0	0.0	0.0	0.0	0.0	0.0	0.0	0.0	0.0	0.0	0.0	0.0	0.0	0.0	0.0	0.0	0.0	0.0	0.0	0.0	0.0	0.0	0.0	0.0	0.0	0.0	0.0	0.0	0.0	0.0	0.0	0.0	0.0	0.0	0.0	0.0	0.0	0.0	0.0	0.0	0.0	0.0	0.0	0.0	0.0	0.0	0.0	0.0	0.0	0.0	0.0	0.0	0.0	0.0	0.0	0.0	0.0	0.0	0.0	0.0	0.0	0.0	0.0	0.0	0.0	0.0	0.0	0.0	0.0	0.0	0.0	0.0	0.0	0.0	0.0	0.0	0.0	0.0	0.0	0.0	0.0	0.0
SRR5459468	44.0	2898.0	1146.0	0.0	712.0	75.0	0.0	87.0	1632.0	740.0	0.0	0.0	289.0	0.0	204.0	0.0	0.0	0.0	186.0	0.0	0.0	0.0	23.0	0.0	0.0	0.0	0.0	0.0	0.0	0.0	0.0	0.0	0.0	217.0	14.0	0.0	0.0	0.0	22.0	0.0	0.0	0.0	0.0	0.0	0.0	34.0	0.0	0.0	0.0	0.0	0.0	0.0	281.0	0.0	0.0	0.0	0.0	163.0	0.0	0.0	0.0	0.0	0.0	0.0	0.0	69.0	0.0	0.0	53.0	13.0	8.0	11.0	0.0	0.0	0.0	0.0	0.0	0.0	0.0	0.0	0.0	0.0	0.0	0.0	2012.0	0.0	0.0	0.0	0.0	0.0	0.0	0.0	0.0	0.0	0.0	0.0	0.0	0.0	0.0	0.0	0.0	0.0	0.0	0.0	0.0	0.0	0.0	0.0	0.0	0.0	0.0	0.0	0.0	0.0	0.0	0.0	0.0	0.0	0.0	0.0	0.0	0.0	0.0	0.0	0.0	0.0	0.0	0.0	0.0	0.0	0.0	0.0	0.0	0.0	0.0	0.0	0.0	0.0	0.0	0.0	0.0	0.0	0.0	0.0	0.0	0.0	0.0	0.0	0.0	0.0	0.0	0.0	0.0	0.0
SRR5459471	102.0	1812.0	0.0	0.0	153.0	179.0	92.0	309.0	4993.0	1904.0	0.0	0.0	0.0	0.0	0.0	0.0	134.0	0.0	227.0	0.0	0.0	0.0	0.0	0.0	0.0	0.0	0.0	0.0	0.0	0.0	0.0	0.0	0.0	307.0	0.0	0.0	0.0	0.0	0.0	0.0	0.0	0.0	0.0	0.0	14.0	49.0	0.0	0.0	0.0	0.0	0.0	0.0	0.0	0.0	0.0	0.0	0.0	0.0	0.0	0.0	0.0	0.0	0.0	0.0	0.0	225.0	0.0	0.0	0.0	0.0	0.0	30.0	0.0	0.0	0.0	0.0	0.0	0.0	0.0	0.0	0.0	0.0	0.0	0.0	0.0	0.0	0.0	0.0	0.0	0.0	0.0	0.0	0.0	0.0	0.0	0.0	0.0	0.0	0.0	0.0	0.0	0.0	0.0	0.0	0.0	0.0	0.0	0.0	0.0	0.0	0.0	0.0	0.0	0.0	0.0	0.0	0.0	0.0	0.0	0.0	0.0	0.0	0.0	0.0	0.0	0.0	0.0	0.0	0.0	0.0	0.0	0.0	0.0	0.0	0.0	0.0	0.0	0.0	0.0	0.0	0.0	0.0	0.0	0.0	0.0	0.0	0.0	0.0	0.0	0.0	0.0	0.0	0.0	0.0
SRR5459474	38.0	3706.0	1166.0	0.0	454.0	136.0	0.0	0.0	2514.0	775.0	0.0	0.0	81.0	0.0	289.0	0.0	0.0	0.0	142.0	0.0	0.0	0.0	0.0	0.0	0.0	0.0	0.0	0.0	0.0	0.0	0.0	0.0	0.0	508.0	7.0	0.0	0.0	0.0	0.0	0.0	0.0	0.0	0.0	0.0	0.0	78.0	0.0	0.0	0.0	28.0	0.0	0.0	0.0	0.0	0.0	0.0	0.0	39.0	0.0	0.0	0.0	0.0	0.0	0.0	0.0	0.0	0.0	0.0	0.0	112.0	0.0	0.0	0.0	0.0	0.0	0.0	0.0	0.0	0.0	0.0	0.0	0.0	0.0	0.0	1461.0	0.0	0.0	0.0	0.0	0.0	0.0	0.0	0.0	0.0	0.0	0.0	0.0	0.0	0.0	0.0	0.0	0.0	0.0	0.0	0.0	0.0	0.0	0.0	0.0	0.0	0.0	0.0	0.0	0.0	0.0	0.0	0.0	0.0	0.0	0.0	0.0	0.0	0.0	0.0	0.0	0.0	0.0	0.0	0.0	0.0	0.0	0.0	0.0	0.0	0.0	0.0	0.0	0.0	0.0	0.0	0.0	0.0	0.0	0.0	0.0	0.0	0.0	0.0	0.0	0.0	0.0	0.0	0.0	0.0
SRR5459481	0.0	2027.0	97.0	0.0	519.0	213.0	90.0	305.0	4275.0	2424.0	0.0	0.0	89.0	0.0	0.0	0.0	0.0	0.0	159.0	0.0	0.0	0.0	0.0	0.0	0.0	0.0	0.0	0.0	0.0	0.0	0.0	0.0	0.0	348.0	0.0	0.0	0.0	0.0	10.0	0.0	0.0	0.0	0.0	0.0	0.0	0.0	0.0	0.0	0.0	0.0	0.0	0.0	0.0	0.0	0.0	0.0	0.0	0.0	0.0	0.0	0.0	0.0	0.0	0.0	0.0	242.0	0.0	0.0	0.0	0.0	0.0	0.0	0.0	0.0	0.0	0.0	0.0	0.0	0.0	0.0	0.0	0.0	0.0	0.0	0.0	0.0	0.0	0.0	0.0	0.0	0.0	0.0	0.0	0.0	0.0	0.0	0.0	0.0	0.0	0.0	0.0	0.0	0.0	0.0	0.0	0.0	0.0	0.0	0.0	0.0	0.0	0.0	0.0	0.0	0.0	0.0	0.0	0.0	0.0	0.0	0.0	0.0	0.0	0.0	0.0	0.0	0.0	0.0	0.0	0.0	0.0	0.0	0.0	0.0	0.0	0.0	0.0	0.0	0.0	0.0	0.0	0.0	0.0	0.0	0.0	0.0	0.0	0.0	0.0	0.0	0.0	0.0	0.0	0.0
SRR5459485	46.0	3697.0	390.0	0.0	189.0	327.0	46.0	602.0	6343.0	1776.0	0.0	0.0	94.0	83.0	192.0	187.0	565.0	9.0	140.0	0.0	0.0	137.0	258.0	24.0	0.0	0.0	0.0	0.0	0.0	0.0	0.0	0.0	0.0	358.0	0.0	32.0	0.0	0.0	0.0	0.0	0.0	0.0	0.0	0.0	14.0	70.0	0.0	0.0	0.0	0.0	16.0	0.0	0.0	0.0	0.0	0.0	0.0	0.0	0.0	0.0	0.0	0.0	0.0	0.0	0.0	252.0	0.0	0.0	0.0	0.0	0.0	50.0	0.0	0.0	0.0	0.0	0.0	0.0	0.0	0.0	0.0	0.0	0.0	0.0	111.0	0.0	0.0	0.0	0.0	0.0	0.0	0.0	0.0	0.0	0.0	0.0	0.0	0.0	0.0	0.0	0.0	0.0	0.0	0.0	0.0	0.0	0.0	0.0	0.0	0.0	0.0	0.0	0.0	0.0	0.0	0.0	0.0	0.0	0.0	0.0	0.0	0.0	0.0	0.0	0.0	0.0	0.0	0.0	0.0	0.0	0.0	0.0	0.0	0.0	0.0	0.0	0.0	0.0	0.0	0.0	0.0	0.0	0.0	0.0	0.0	0.0	0.0	0.0	0.0	0.0	0.0	0.0	0.0	0.0
SRR5459493	0.0	2852.0	80.0	0.0	0.0	236.0	0.0	328.0	4808.0	1381.0	0.0	0.0	181.0	81.0	0.0	166.0	390.0	0.0	356.0	0.0	0.0	0.0	188.0	0.0	0.0	0.0	0.0	0.0	0.0	0.0	0.0	0.0	0.0	46.0	0.0	0.0	0.0	0.0	0.0	0.0	0.0	0.0	0.0	0.0	0.0	103.0	0.0	0.0	0.0	54.0	8.0	0.0	0.0	0.0	0.0	0.0	0.0	0.0	0.0	0.0	0.0	0.0	0.0	0.0	0.0	261.0	0.0	0.0	0.0	0.0	0.0	41.0	0.0	0.0	0.0	0.0	0.0	0.0	0.0	0.0	0.0	0.0	0.0	0.0	157.0	0.0	0.0	0.0	0.0	0.0	0.0	0.0	0.0	0.0	0.0	0.0	0.0	0.0	0.0	0.0	0.0	0.0	0.0	0.0	0.0	0.0	0.0	0.0	0.0	0.0	0.0	0.0	0.0	0.0	0.0	0.0	0.0	0.0	0.0	0.0	0.0	0.0	0.0	0.0	0.0	0.0	0.0	0.0	0.0	0.0	0.0	0.0	0.0	0.0	0.0	0.0	0.0	0.0	0.0	0.0	0.0	0.0	0.0	0.0	0.0	0.0	0.0	0.0	0.0	0.0	0.0	0.0	0.0	0.0
SRR5459497	136.0	2855.0	344.0	0.0	168.0	258.0	0.0	136.0	5340.0	1165.0	0.0	0.0	100.0	0.0	0.0	0.0	0.0	0.0	188.0	0.0	0.0	93.0	139.0	45.0	0.0	0.0	0.0	0.0	0.0	0.0	0.0	0.0	0.0	650.0	0.0	0.0	0.0	0.0	0.0	0.0	0.0	0.0	0.0	0.0	0.0	60.0	0.0	0.0	0.0	0.0	0.0	0.0	21.0	0.0	0.0	0.0	0.0	135.0	0.0	0.0	0.0	0.0	0.0	0.0	0.0	231.0	0.0	0.0	0.0	0.0	0.0	15.0	0.0	0.0	0.0	0.0	0.0	0.0	0.0	0.0	0.0	0.0	0.0	0.0	66.0	0.0	0.0	0.0	0.0	0.0	0.0	0.0	0.0	0.0	0.0	0.0	0.0	0.0	0.0	0.0	0.0	0.0	0.0	0.0	0.0	0.0	0.0	0.0	0.0	0.0	0.0	0.0	0.0	0.0	0.0	0.0	0.0	0.0	0.0	0.0	0.0	0.0	0.0	0.0	0.0	0.0	0.0	0.0	0.0	0.0	0.0	0.0	0.0	0.0	0.0	0.0	0.0	0.0	0.0	0.0	0.0	0.0	0.0	0.0	0.0	0.0	0.0	0.0	0.0	0.0	0.0	0.0	0.0	0.0
SRR5459508	19.0	2047.0	488.0	0.0	347.0	321.0	21.0	39.0	3651.0	1954.0	0.0	0.0	127.0	0.0	0.0	0.0	142.0	0.0	360.0	0.0	0.0	42.0	0.0	0.0	0.0	0.0	0.0	0.0	0.0	0.0	0.0	7.0	0.0	282.0	0.0	0.0	0.0	0.0	29.0	0.0	0.0	0.0	0.0	0.0	0.0	75.0	0.0	0.0	0.0	39.0	0.0	0.0	0.0	0.0	0.0	0.0	0.0	0.0	0.0	0.0	0.0	0.0	0.0	12.0	0.0	370.0	0.0	0.0	0.0	0.0	0.0	25.0	0.0	0.0	0.0	0.0	0.0	0.0	0.0	0.0	0.0	0.0	0.0	0.0	0.0	0.0	0.0	0.0	0.0	0.0	0.0	0.0	0.0	0.0	0.0	0.0	0.0	0.0	0.0	0.0	0.0	0.0	0.0	0.0	0.0	0.0	0.0	0.0	0.0	0.0	0.0	0.0	0.0	0.0	0.0	0.0	0.0	0.0	0.0	0.0	0.0	0.0	0.0	0.0	0.0	0.0	0.0	0.0	0.0	0.0	0.0	0.0	0.0	0.0	0.0	0.0	0.0	0.0	0.0	0.0	0.0	0.0	0.0	0.0	0.0	0.0	0.0	0.0	0.0	0.0	0.0	0.0	0.0	0.0
SRR5459512	87.0	2500.0	611.0	0.0	429.0	416.0	0.0	801.0	4462.0	975.0	0.0	0.0	320.0	115.0	79.0	179.0	500.0	0.0	522.0	0.0	0.0	63.0	408.0	71.0	0.0	0.0	0.0	0.0	0.0	0.0	0.0	0.0	0.0	39.0	0.0	0.0	0.0	0.0	0.0	0.0	0.0	0.0	0.0	0.0	49.0	0.0	0.0	0.0	0.0	59.0	0.0	0.0	0.0	29.0	0.0	0.0	17.0	0.0	62.0	0.0	0.0	0.0	0.0	0.0	0.0	357.0	0.0	0.0	0.0	0.0	0.0	57.0	0.0	12.0	0.0	0.0	0.0	0.0	0.0	0.0	0.0	0.0	0.0	0.0	85.0	0.0	0.0	0.0	0.0	0.0	0.0	0.0	0.0	0.0	0.0	0.0	0.0	0.0	0.0	0.0	0.0	0.0	0.0	0.0	0.0	0.0	0.0	0.0	0.0	0.0	0.0	0.0	0.0	0.0	0.0	0.0	0.0	0.0	0.0	0.0	0.0	0.0	0.0	0.0	0.0	0.0	0.0	0.0	0.0	0.0	0.0	0.0	0.0	0.0	0.0	0.0	0.0	0.0	0.0	0.0	0.0	0.0	0.0	0.0	0.0	0.0	0.0	0.0	0.0	0.0	0.0	0.0	0.0	0.0
SRR5459516	100.0	2618.0	500.0	0.0	888.0	258.0	0.0	84.0	4673.0	895.0	0.0	0.0	223.0	0.0	0.0	119.0	0.0	0.0	399.0	0.0	0.0	0.0	0.0	0.0	0.0	0.0	0.0	0.0	0.0	0.0	0.0	0.0	0.0	84.0	0.0	0.0	0.0	0.0	34.0	0.0	0.0	0.0	0.0	0.0	19.0	0.0	0.0	0.0	0.0	32.0	0.0	0.0	0.0	0.0	0.0	0.0	0.0	0.0	0.0	0.0	0.0	0.0	0.0	0.0	0.0	230.0	0.0	0.0	0.0	0.0	0.0	27.0	0.0	0.0	0.0	0.0	0.0	0.0	0.0	0.0	0.0	0.0	0.0	0.0	0.0	0.0	0.0	0.0	0.0	0.0	0.0	0.0	0.0	0.0	0.0	0.0	0.0	0.0	0.0	0.0	0.0	0.0	0.0	0.0	0.0	0.0	0.0	0.0	0.0	0.0	0.0	0.0	0.0	0.0	0.0	0.0	0.0	0.0	0.0	0.0	0.0	0.0	0.0	0.0	0.0	0.0	0.0	0.0	0.0	0.0	0.0	0.0	0.0	0.0	0.0	0.0	0.0	0.0	0.0	0.0	0.0	0.0	0.0	0.0	0.0	0.0	0.0	0.0	0.0	0.0	0.0	0.0	0.0	0.0
SRR5459524	79.0	2641.0	16.0	0.0	508.0	359.0	166.0	38.0	5767.0	3588.0	0.0	0.0	96.0	32.0	173.0	0.0	142.0	0.0	168.0	0.0	0.0	0.0	89.0	0.0	0.0	0.0	0.0	0.0	0.0	0.0	0.0	0.0	0.0	475.0	0.0	0.0	0.0	0.0	0.0	0.0	0.0	0.0	0.0	0.0	0.0	80.0	0.0	0.0	0.0	0.0	0.0	0.0	0.0	0.0	0.0	0.0	0.0	0.0	0.0	0.0	0.0	0.0	0.0	0.0	0.0	250.0	0.0	0.0	0.0	0.0	0.0	24.0	0.0	0.0	0.0	0.0	0.0	0.0	0.0	0.0	0.0	0.0	0.0	0.0	10.0	0.0	0.0	0.0	0.0	0.0	0.0	0.0	0.0	0.0	0.0	0.0	0.0	0.0	0.0	0.0	0.0	0.0	0.0	0.0	0.0	0.0	0.0	0.0	0.0	0.0	0.0	0.0	0.0	0.0	0.0	0.0	0.0	0.0	0.0	0.0	0.0	0.0	0.0	0.0	0.0	0.0	0.0	0.0	0.0	0.0	0.0	0.0	0.0	0.0	0.0	0.0	0.0	0.0	0.0	0.0	0.0	0.0	0.0	0.0	0.0	0.0	0.0	0.0	0.0	0.0	0.0	0.0	0.0	0.0
SRR5459534	0.0	1578.0	120.0	0.0	112.0	147.0	31.0	524.0	4603.0	2060.0	0.0	0.0	167.0	0.0	0.0	0.0	175.0	0.0	322.0	0.0	0.0	29.0	53.0	0.0	0.0	0.0	0.0	0.0	0.0	0.0	0.0	0.0	0.0	46.0	0.0	0.0	0.0	0.0	10.0	0.0	0.0	0.0	0.0	0.0	0.0	0.0	0.0	0.0	0.0	0.0	0.0	0.0	0.0	0.0	0.0	0.0	0.0	0.0	0.0	0.0	0.0	0.0	0.0	0.0	0.0	271.0	0.0	0.0	0.0	0.0	0.0	24.0	0.0	0.0	0.0	0.0	0.0	0.0	0.0	0.0	0.0	0.0	0.0	0.0	0.0	0.0	0.0	0.0	0.0	0.0	0.0	0.0	0.0	0.0	0.0	0.0	0.0	0.0	0.0	0.0	0.0	0.0	0.0	0.0	0.0	0.0	0.0	0.0	0.0	0.0	0.0	0.0	0.0	0.0	0.0	0.0	0.0	0.0	0.0	0.0	0.0	0.0	0.0	0.0	0.0	0.0	0.0	0.0	0.0	0.0	0.0	0.0	0.0	0.0	0.0	0.0	0.0	0.0	0.0	0.0	0.0	0.0	0.0	0.0	0.0	0.0	0.0	0.0	0.0	0.0	0.0	0.0	0.0	0.0
SRR5459537	33.0	3274.0	494.0	0.0	610.0	121.0	0.0	303.0	3539.0	1746.0	0.0	0.0	88.0	0.0	45.0	0.0	171.0	0.0	273.0	0.0	0.0	80.0	183.0	0.0	0.0	0.0	0.0	0.0	0.0	0.0	0.0	0.0	0.0	81.0	0.0	0.0	0.0	0.0	0.0	0.0	0.0	0.0	0.0	0.0	65.0	24.0	0.0	0.0	0.0	0.0	0.0	0.0	0.0	0.0	0.0	0.0	0.0	0.0	0.0	0.0	0.0	0.0	0.0	23.0	0.0	112.0	0.0	0.0	0.0	101.0	0.0	13.0	0.0	0.0	0.0	0.0	0.0	0.0	0.0	0.0	0.0	0.0	0.0	0.0	0.0	0.0	0.0	0.0	0.0	0.0	0.0	0.0	0.0	0.0	0.0	0.0	0.0	0.0	0.0	0.0	0.0	0.0	0.0	0.0	0.0	0.0	0.0	0.0	0.0	0.0	0.0	0.0	0.0	0.0	0.0	0.0	0.0	0.0	0.0	0.0	0.0	0.0	0.0	0.0	0.0	0.0	0.0	0.0	0.0	0.0	0.0	0.0	0.0	0.0	0.0	0.0	0.0	0.0	0.0	0.0	0.0	0.0	0.0	0.0	0.0	0.0	0.0	0.0	0.0	0.0	0.0	0.0	0.0	0.0
SRR5459545	55.0	2490.0	666.0	0.0	1000.0	107.0	0.0	71.0	4042.0	1018.0	0.0	0.0	72.0	0.0	0.0	0.0	272.0	19.0	292.0	0.0	0.0	65.0	11.0	0.0	0.0	0.0	0.0	0.0	0.0	0.0	0.0	0.0	0.0	123.0	0.0	0.0	0.0	0.0	0.0	0.0	0.0	0.0	0.0	0.0	58.0	41.0	0.0	0.0	0.0	0.0	0.0	0.0	0.0	0.0	0.0	0.0	0.0	39.0	0.0	0.0	0.0	0.0	0.0	0.0	0.0	129.0	0.0	0.0	0.0	10.0	0.0	0.0	0.0	0.0	0.0	0.0	0.0	0.0	0.0	0.0	0.0	0.0	0.0	0.0	719.0	0.0	0.0	0.0	0.0	0.0	0.0	0.0	0.0	0.0	0.0	0.0	0.0	0.0	0.0	0.0	0.0	0.0	0.0	0.0	0.0	0.0	0.0	0.0	0.0	0.0	0.0	0.0	0.0	0.0	0.0	0.0	0.0	0.0	0.0	0.0	0.0	0.0	0.0	0.0	0.0	0.0	0.0	0.0	0.0	0.0	0.0	0.0	0.0	0.0	0.0	0.0	0.0	0.0	0.0	0.0	0.0	0.0	0.0	0.0	0.0	0.0	0.0	0.0	0.0	0.0	0.0	0.0	0.0	0.0
SRR5459574	94.0	3110.0	1092.0	0.0	889.0	99.0	0.0	0.0	1537.0	541.0	0.0	0.0	615.0	116.0	215.0	0.0	226.0	0.0	482.0	0.0	0.0	28.0	265.0	0.0	0.0	0.0	0.0	0.0	0.0	0.0	0.0	0.0	0.0	318.0	0.0	0.0	0.0	0.0	0.0	54.0	0.0	0.0	0.0	0.0	0.0	194.0	0.0	0.0	0.0	72.0	21.0	0.0	423.0	0.0	0.0	0.0	0.0	52.0	0.0	0.0	0.0	0.0	0.0	28.0	0.0	0.0	0.0	0.0	38.0	125.0	0.0	0.0	0.0	0.0	0.0	0.0	0.0	0.0	0.0	0.0	0.0	0.0	0.0	0.0	2185.0	0.0	0.0	0.0	0.0	0.0	0.0	0.0	0.0	0.0	0.0	0.0	0.0	0.0	0.0	0.0	0.0	0.0	0.0	0.0	0.0	0.0	0.0	0.0	0.0	0.0	0.0	0.0	0.0	0.0	0.0	0.0	0.0	0.0	0.0	0.0	0.0	0.0	0.0	0.0	0.0	0.0	0.0	0.0	0.0	0.0	0.0	0.0	0.0	0.0	0.0	0.0	0.0	0.0	0.0	0.0	0.0	0.0	0.0	0.0	0.0	0.0	0.0	0.0	0.0	0.0	0.0	0.0	0.0	0.0
SRR5459585	16.0	3882.0	447.0	0.0	338.0	149.0	13.0	0.0	2750.0	740.0	0.0	0.0	351.0	0.0	216.0	42.0	0.0	0.0	263.0	0.0	0.0	149.0	259.0	0.0	0.0	0.0	0.0	0.0	0.0	0.0	0.0	0.0	0.0	400.0	0.0	46.0	0.0	0.0	0.0	0.0	0.0	0.0	0.0	0.0	52.0	223.0	0.0	0.0	0.0	43.0	0.0	0.0	122.0	0.0	0.0	0.0	0.0	29.0	0.0	0.0	0.0	0.0	0.0	0.0	0.0	0.0	0.0	0.0	0.0	31.0	28.0	0.0	0.0	0.0	0.0	0.0	0.0	0.0	0.0	0.0	0.0	0.0	0.0	0.0	2079.0	0.0	0.0	0.0	0.0	0.0	0.0	0.0	0.0	0.0	0.0	0.0	0.0	0.0	0.0	0.0	0.0	0.0	0.0	0.0	0.0	0.0	0.0	0.0	0.0	0.0	0.0	0.0	0.0	0.0	0.0	0.0	0.0	0.0	0.0	0.0	0.0	0.0	0.0	0.0	0.0	0.0	0.0	0.0	0.0	0.0	0.0	0.0	0.0	0.0	0.0	0.0	0.0	0.0	0.0	0.0	0.0	0.0	0.0	0.0	0.0	0.0	0.0	0.0	0.0	0.0	0.0	0.0	0.0	0.0
SRR6764340	595.0	3370.0	2522.0	0.0	2104.0	973.0	21.0	127.0	1002.0	2211.0	0.0	0.0	320.0	146.0	728.0	42.0	216.0	193.0	439.0	0.0	0.0	104.0	1606.0	157.0	9.0	0.0	0.0	22.0	0.0	0.0	0.0	12.0	0.0	253.0	106.0	196.0	29.0	0.0	0.0	274.0	0.0	0.0	0.0	38.0	61.0	1795.0	486.0	0.0	11.0	301.0	305.0	38.0	0.0	100.0	37.0	0.0	0.0	0.0	45.0	0.0	0.0	0.0	0.0	131.0	0.0	49.0	0.0	0.0	0.0	77.0	0.0	115.0	0.0	15.0	0.0	0.0	0.0	0.0	25.0	0.0	9.0	0.0	0.0	0.0	224.0	0.0	0.0	0.0	0.0	0.0	0.0	0.0	0.0	0.0	38.0	0.0	0.0	0.0	135.0	0.0	0.0	0.0	0.0	0.0	0.0	0.0	0.0	0.0	0.0	0.0	0.0	0.0	0.0	0.0	0.0	0.0	0.0	0.0	0.0	0.0	0.0	0.0	0.0	0.0	0.0	0.0	0.0	0.0	0.0	0.0	0.0	0.0	0.0	0.0	0.0	0.0	0.0	0.0	0.0	0.0	0.0	0.0	0.0	0.0	0.0	0.0	0.0	0.0	0.0	0.0	0.0	0.0	0.0	0.0
SRR6764344	444.0	2355.0	3276.0	0.0	2871.0	774.0	0.0	0.0	728.0	780.0	0.0	0.0	236.0	0.0	660.0	0.0	0.0	139.0	248.0	0.0	0.0	141.0	1575.0	85.0	0.0	0.0	0.0	67.0	0.0	0.0	0.0	23.0	0.0	150.0	213.0	0.0	0.0	0.0	118.0	361.0	0.0	0.0	0.0	0.0	0.0	1204.0	399.0	0.0	0.0	433.0	238.0	0.0	0.0	69.0	0.0	0.0	0.0	0.0	0.0	0.0	0.0	0.0	0.0	99.0	0.0	0.0	0.0	0.0	0.0	248.0	0.0	0.0	0.0	61.0	0.0	0.0	0.0	0.0	0.0	0.0	0.0	0.0	0.0	0.0	27.0	0.0	0.0	0.0	0.0	0.0	0.0	0.0	0.0	0.0	0.0	0.0	0.0	0.0	0.0	0.0	0.0	0.0	0.0	0.0	0.0	0.0	0.0	0.0	0.0	0.0	0.0	0.0	0.0	0.0	0.0	0.0	0.0	0.0	0.0	0.0	0.0	0.0	0.0	0.0	0.0	0.0	0.0	0.0	0.0	0.0	0.0	0.0	0.0	0.0	0.0	0.0	0.0	0.0	0.0	0.0	0.0	0.0	0.0	0.0	0.0	0.0	0.0	0.0	0.0	0.0	0.0	0.0	0.0	0.0
SRR6764351	282.0	1760.0	2512.0	0.0	1715.0	710.0	23.0	0.0	658.0	821.0	0.0	0.0	263.0	46.0	729.0	0.0	128.0	0.0	277.0	0.0	0.0	20.0	1124.0	113.0	0.0	0.0	0.0	84.0	0.0	0.0	8.0	5.0	0.0	78.0	64.0	50.0	23.0	0.0	55.0	193.0	0.0	0.0	0.0	0.0	0.0	1259.0	306.0	0.0	0.0	280.0	178.0	0.0	0.0	116.0	0.0	0.0	0.0	0.0	0.0	0.0	0.0	34.0	0.0	87.0	0.0	68.0	0.0	0.0	0.0	0.0	0.0	0.0	0.0	0.0	0.0	0.0	0.0	0.0	0.0	0.0	0.0	0.0	0.0	0.0	45.0	0.0	0.0	0.0	0.0	0.0	0.0	0.0	0.0	0.0	0.0	0.0	0.0	0.0	71.0	0.0	21.0	0.0	0.0	0.0	0.0	0.0	0.0	0.0	0.0	0.0	0.0	0.0	0.0	0.0	0.0	0.0	0.0	0.0	0.0	0.0	0.0	0.0	0.0	0.0	0.0	0.0	0.0	0.0	0.0	0.0	0.0	0.0	0.0	0.0	0.0	0.0	0.0	0.0	0.0	0.0	0.0	0.0	0.0	0.0	0.0	0.0	0.0	0.0	0.0	0.0	0.0	0.0	0.0	0.0
SRR6764352	446.0	2084.0	2691.0	0.0	1990.0	405.0	49.0	0.0	844.0	1232.0	0.0	0.0	244.0	0.0	625.0	0.0	129.0	0.0	288.0	0.0	0.0	24.0	802.0	30.0	0.0	0.0	0.0	134.0	0.0	0.0	0.0	0.0	0.0	145.0	63.0	111.0	0.0	0.0	70.0	224.0	0.0	0.0	0.0	0.0	0.0	960.0	303.0	0.0	0.0	263.0	176.0	0.0	0.0	119.0	0.0	0.0	0.0	0.0	0.0	0.0	0.0	0.0	0.0	0.0	0.0	0.0	0.0	0.0	14.0	139.0	0.0	26.0	0.0	0.0	0.0	0.0	0.0	0.0	0.0	0.0	0.0	0.0	0.0	0.0	39.0	0.0	0.0	0.0	0.0	0.0	0.0	0.0	0.0	0.0	0.0	0.0	0.0	0.0	59.0	0.0	0.0	0.0	0.0	0.0	0.0	0.0	0.0	0.0	0.0	0.0	0.0	0.0	0.0	0.0	0.0	0.0	0.0	0.0	0.0	0.0	0.0	0.0	0.0	0.0	0.0	0.0	0.0	0.0	0.0	0.0	0.0	0.0	0.0	0.0	0.0	0.0	0.0	0.0	0.0	0.0	0.0	0.0	0.0	0.0	0.0	0.0	0.0	0.0	0.0	0.0	0.0	0.0	0.0	0.0
SRR6764354	822.0	2454.0	1859.0	0.0	2136.0	682.0	0.0	530.0	1522.0	518.0	0.0	0.0	11.0	204.0	1975.0	38.0	248.0	141.0	260.0	0.0	0.0	297.0	1666.0	471.0	0.0	0.0	0.0	71.0	33.0	0.0	8.0	51.0	0.0	640.0	130.0	110.0	17.0	0.0	29.0	269.0	0.0	0.0	0.0	0.0	0.0	1654.0	437.0	0.0	0.0	395.0	231.0	0.0	0.0	51.0	0.0	0.0	0.0	0.0	0.0	0.0	0.0	73.0	0.0	0.0	0.0	192.0	0.0	0.0	18.0	148.0	0.0	42.0	69.0	90.0	0.0	0.0	0.0	0.0	77.0	0.0	0.0	0.0	0.0	0.0	37.0	0.0	0.0	0.0	0.0	0.0	0.0	0.0	0.0	0.0	42.0	0.0	0.0	0.0	107.0	0.0	0.0	0.0	0.0	0.0	0.0	0.0	0.0	0.0	0.0	0.0	0.0	0.0	0.0	0.0	0.0	0.0	0.0	0.0	0.0	0.0	0.0	0.0	0.0	0.0	0.0	0.0	0.0	0.0	0.0	0.0	0.0	0.0	0.0	0.0	0.0	0.0	0.0	0.0	0.0	0.0	0.0	0.0	0.0	0.0	0.0	0.0	0.0	0.0	0.0	0.0	0.0	0.0	0.0	0.0
SRR6764355	1223.0	2013.0	2939.0	0.0	3466.0	604.0	5.0	42.0	963.0	591.0	57.0	0.0	647.0	178.0	1515.0	0.0	258.0	0.0	419.0	0.0	0.0	117.0	1659.0	117.0	0.0	0.0	0.0	158.0	36.0	0.0	0.0	0.0	74.0	392.0	179.0	143.0	23.0	0.0	86.0	278.0	0.0	0.0	0.0	0.0	0.0	1778.0	334.0	0.0	0.0	486.0	396.0	0.0	83.0	147.0	65.0	0.0	0.0	0.0	0.0	0.0	0.0	0.0	0.0	165.0	0.0	0.0	0.0	0.0	3.0	41.0	0.0	67.0	129.0	45.0	0.0	0.0	0.0	0.0	20.0	0.0	0.0	13.0	0.0	0.0	18.0	0.0	0.0	0.0	0.0	0.0	0.0	0.0	0.0	0.0	37.0	0.0	0.0	0.0	214.0	0.0	0.0	0.0	0.0	0.0	0.0	0.0	0.0	0.0	0.0	0.0	0.0	0.0	0.0	0.0	0.0	0.0	0.0	0.0	0.0	0.0	0.0	0.0	0.0	0.0	0.0	0.0	0.0	0.0	0.0	0.0	0.0	0.0	0.0	0.0	0.0	0.0	0.0	0.0	0.0	0.0	0.0	0.0	0.0	0.0	0.0	0.0	0.0	0.0	0.0	0.0	0.0	0.0	0.0	0.0
SRR6764356	971.0	1134.0	2429.0	0.0	2147.0	957.0	0.0	62.0	645.0	531.0	238.0	0.0	56.0	50.0	1276.0	0.0	179.0	19.0	81.0	0.0	0.0	108.0	1716.0	55.0	0.0	0.0	0.0	67.0	0.0	0.0	11.0	0.0	0.0	192.0	139.0	132.0	0.0	0.0	0.0	301.0	0.0	0.0	0.0	31.0	0.0	1684.0	269.0	0.0	0.0	155.0	299.0	36.0	114.0	27.0	39.0	6.0	10.0	0.0	38.0	0.0	0.0	0.0	0.0	109.0	0.0	0.0	0.0	0.0	13.0	103.0	23.0	0.0	0.0	58.0	0.0	0.0	0.0	0.0	23.0	0.0	0.0	31.0	0.0	0.0	0.0	0.0	0.0	0.0	0.0	0.0	0.0	0.0	0.0	0.0	0.0	0.0	0.0	0.0	196.0	0.0	105.0	0.0	0.0	0.0	0.0	0.0	0.0	0.0	0.0	0.0	0.0	0.0	0.0	0.0	0.0	22.0	0.0	0.0	0.0	0.0	0.0	0.0	0.0	0.0	0.0	0.0	0.0	0.0	0.0	0.0	0.0	0.0	0.0	0.0	0.0	0.0	0.0	0.0	0.0	0.0	0.0	0.0	0.0	0.0	0.0	0.0	0.0	0.0	0.0	0.0	0.0	0.0	0.0	0.0
SRR6764357	422.0	2245.0	1978.0	0.0	1941.0	158.0	0.0	277.0	1296.0	739.0	45.0	0.0	51.0	144.0	1577.0	75.0	310.0	0.0	223.0	0.0	0.0	315.0	1836.0	336.0	0.0	0.0	0.0	6.0	37.0	0.0	0.0	21.0	0.0	494.0	90.0	113.0	0.0	0.0	34.0	209.0	0.0	0.0	0.0	0.0	18.0	1686.0	258.0	0.0	0.0	335.0	256.0	0.0	40.0	38.0	14.0	0.0	0.0	0.0	76.0	0.0	0.0	74.0	0.0	126.0	0.0	122.0	0.0	0.0	9.0	121.0	0.0	25.0	0.0	59.0	0.0	0.0	0.0	0.0	84.0	0.0	0.0	0.0	0.0	0.0	55.0	0.0	0.0	0.0	0.0	0.0	0.0	0.0	0.0	0.0	0.0	0.0	0.0	0.0	100.0	0.0	0.0	0.0	0.0	0.0	0.0	0.0	0.0	0.0	0.0	0.0	0.0	0.0	0.0	0.0	0.0	0.0	0.0	0.0	0.0	0.0	0.0	0.0	0.0	0.0	0.0	0.0	0.0	0.0	0.0	0.0	0.0	0.0	0.0	0.0	0.0	0.0	0.0	0.0	0.0	0.0	0.0	0.0	0.0	0.0	0.0	0.0	0.0	0.0	0.0	0.0	0.0	0.0	0.0	0.0
SRR6764359	1233.0	1725.0	2370.0	0.0	2411.0	582.0	0.0	88.0	320.0	469.0	168.0	0.0	377.0	86.0	1421.0	0.0	162.0	0.0	242.0	0.0	0.0	127.0	1879.0	44.0	0.0	0.0	0.0	41.0	0.0	0.0	0.0	34.0	0.0	19.0	95.0	292.0	64.0	0.0	0.0	207.0	0.0	0.0	0.0	37.0	0.0	1966.0	307.0	0.0	17.0	441.0	407.0	0.0	0.0	80.0	22.0	0.0	0.0	0.0	39.0	0.0	0.0	83.0	0.0	78.0	0.0	0.0	0.0	0.0	13.0	104.0	17.0	67.0	32.0	0.0	0.0	0.0	0.0	0.0	27.0	0.0	0.0	19.0	0.0	0.0	0.0	0.0	0.0	0.0	0.0	0.0	0.0	0.0	0.0	0.0	31.0	0.0	0.0	0.0	153.0	0.0	0.0	0.0	0.0	0.0	0.0	0.0	0.0	0.0	0.0	0.0	0.0	0.0	0.0	0.0	0.0	0.0	0.0	0.0	0.0	0.0	0.0	0.0	0.0	0.0	0.0	0.0	0.0	0.0	0.0	0.0	0.0	0.0	0.0	0.0	0.0	0.0	0.0	0.0	0.0	0.0	0.0	0.0	0.0	0.0	0.0	0.0	0.0	0.0	0.0	0.0	0.0	0.0	0.0	0.0
SRR6764360	1115.0	3287.0	3264.0	0.0	3242.0	474.0	8.0	0.0	887.0	1023.0	113.0	0.0	487.0	46.0	1399.0	0.0	247.0	26.0	317.0	0.0	0.0	154.0	1735.0	111.0	0.0	0.0	0.0	23.0	0.0	0.0	17.0	35.0	28.0	265.0	126.0	157.0	50.0	0.0	0.0	330.0	0.0	0.0	0.0	23.0	36.0	2460.0	227.0	0.0	0.0	378.0	423.0	62.0	93.0	128.0	25.0	0.0	0.0	0.0	100.0	0.0	0.0	0.0	0.0	111.0	0.0	63.0	0.0	0.0	0.0	109.0	5.0	88.0	67.0	33.0	0.0	0.0	0.0	0.0	60.0	0.0	0.0	22.0	21.0	0.0	0.0	0.0	0.0	0.0	0.0	0.0	0.0	0.0	0.0	0.0	83.0	0.0	0.0	0.0	196.0	0.0	0.0	0.0	0.0	0.0	0.0	0.0	0.0	0.0	0.0	0.0	0.0	0.0	0.0	0.0	0.0	0.0	0.0	0.0	0.0	0.0	0.0	0.0	0.0	0.0	0.0	0.0	0.0	0.0	0.0	0.0	0.0	0.0	0.0	0.0	0.0	0.0	0.0	0.0	0.0	0.0	0.0	0.0	0.0	0.0	0.0	0.0	0.0	0.0	0.0	0.0	0.0	0.0	0.0	0.0
SRR6764361	765.0	1103.0	2302.0	0.0	1777.0	487.0	0.0	0.0	573.0	325.0	185.0	0.0	392.0	43.0	1078.0	0.0	140.0	77.0	218.0	0.0	0.0	146.0	1462.0	81.0	0.0	0.0	0.0	0.0	0.0	0.0	0.0	19.0	25.0	113.0	48.0	206.0	50.0	0.0	26.0	313.0	0.0	0.0	0.0	15.0	0.0	1795.0	446.0	0.0	0.0	334.0	238.0	50.0	0.0	27.0	37.0	0.0	0.0	0.0	0.0	14.0	0.0	55.0	0.0	84.0	0.0	0.0	0.0	0.0	0.0	58.0	9.0	55.0	0.0	31.0	0.0	0.0	0.0	0.0	18.0	31.0	0.0	0.0	0.0	0.0	32.0	0.0	0.0	0.0	0.0	0.0	0.0	0.0	0.0	0.0	23.0	0.0	0.0	35.0	0.0	0.0	0.0	0.0	0.0	0.0	0.0	0.0	0.0	0.0	0.0	0.0	0.0	0.0	0.0	0.0	0.0	0.0	0.0	0.0	0.0	0.0	0.0	0.0	0.0	0.0	0.0	0.0	0.0	0.0	0.0	0.0	0.0	0.0	0.0	0.0	0.0	0.0	0.0	0.0	0.0	0.0	0.0	0.0	0.0	0.0	0.0	0.0	0.0	0.0	0.0	0.0	0.0	0.0	0.0	0.0
SRR6764363	685.0	2068.0	1884.0	0.0	1518.0	423.0	0.0	291.0	1244.0	540.0	96.0	0.0	44.0	48.0	1200.0	0.0	208.0	0.0	221.0	0.0	0.0	308.0	1502.0	290.0	0.0	0.0	0.0	0.0	0.0	0.0	0.0	72.0	26.0	443.0	59.0	138.0	27.0	0.0	0.0	304.0	0.0	0.0	0.0	0.0	0.0	1898.0	257.0	0.0	0.0	387.0	156.0	0.0	39.0	76.0	10.0	0.0	0.0	0.0	68.0	0.0	0.0	128.0	0.0	0.0	0.0	148.0	0.0	0.0	0.0	193.0	0.0	32.0	0.0	0.0	0.0	0.0	0.0	0.0	200.0	0.0	14.0	0.0	0.0	0.0	384.0	0.0	0.0	0.0	0.0	0.0	0.0	0.0	0.0	0.0	33.0	0.0	0.0	0.0	109.0	0.0	0.0	0.0	0.0	0.0	0.0	0.0	0.0	0.0	0.0	0.0	0.0	0.0	0.0	0.0	0.0	0.0	0.0	0.0	0.0	0.0	0.0	0.0	10.0	0.0	0.0	0.0	0.0	0.0	0.0	0.0	0.0	0.0	0.0	0.0	0.0	0.0	0.0	0.0	0.0	0.0	0.0	0.0	0.0	0.0	0.0	0.0	0.0	0.0	0.0	0.0	0.0	0.0	0.0	0.0
SRR6764364	325.0	1714.0	1632.0	0.0	1875.0	254.0	0.0	350.0	1298.0	868.0	0.0	0.0	0.0	0.0	955.0	53.0	246.0	0.0	162.0	0.0	0.0	76.0	1505.0	283.0	0.0	0.0	0.0	21.0	0.0	0.0	0.0	76.0	0.0	357.0	80.0	0.0	0.0	0.0	44.0	293.0	0.0	0.0	0.0	0.0	0.0	1319.0	245.0	0.0	0.0	398.0	142.0	0.0	0.0	29.0	0.0	0.0	0.0	0.0	0.0	0.0	0.0	106.0	0.0	113.0	0.0	108.0	0.0	0.0	8.0	235.0	0.0	0.0	0.0	0.0	0.0	0.0	0.0	0.0	29.0	0.0	0.0	0.0	0.0	0.0	0.0	0.0	0.0	0.0	0.0	0.0	0.0	0.0	0.0	0.0	0.0	0.0	0.0	0.0	56.0	0.0	0.0	0.0	0.0	0.0	0.0	0.0	0.0	0.0	0.0	0.0	0.0	0.0	0.0	0.0	0.0	0.0	0.0	0.0	0.0	0.0	0.0	0.0	0.0	0.0	0.0	0.0	0.0	0.0	0.0	0.0	0.0	0.0	0.0	0.0	0.0	0.0	0.0	0.0	0.0	0.0	0.0	0.0	0.0	0.0	0.0	0.0	0.0	0.0	0.0	0.0	0.0	0.0	0.0	0.0
SRR6764365	672.0	1677.0	3217.0	0.0	2629.0	306.0	0.0	59.0	896.0	437.0	121.0	0.0	365.0	0.0	1293.0	0.0	166.0	35.0	287.0	0.0	0.0	0.0	1433.0	40.0	0.0	0.0	0.0	0.0	0.0	0.0	0.0	83.0	0.0	135.0	79.0	161.0	0.0	0.0	18.0	212.0	0.0	0.0	0.0	0.0	0.0	1663.0	387.0	0.0	0.0	553.0	408.0	0.0	0.0	122.0	0.0	0.0	0.0	0.0	0.0	0.0	0.0	0.0	0.0	121.0	0.0	0.0	0.0	0.0	12.0	118.0	11.0	69.0	0.0	26.0	0.0	0.0	0.0	0.0	0.0	0.0	0.0	0.0	0.0	0.0	22.0	0.0	0.0	0.0	0.0	0.0	0.0	0.0	0.0	0.0	0.0	0.0	0.0	0.0	0.0	0.0	43.0	0.0	0.0	0.0	0.0	0.0	0.0	0.0	0.0	0.0	0.0	0.0	0.0	0.0	0.0	0.0	0.0	0.0	0.0	0.0	0.0	0.0	0.0	0.0	0.0	0.0	0.0	0.0	0.0	0.0	0.0	0.0	0.0	0.0	0.0	0.0	0.0	0.0	0.0	0.0	0.0	0.0	0.0	0.0	0.0	0.0	0.0	0.0	0.0	0.0	0.0	0.0	0.0	0.0
SRR6764366	413.0	2634.0	1570.0	0.0	2114.0	222.0	0.0	68.0	1137.0	1001.0	0.0	0.0	224.0	84.0	505.0	0.0	247.0	20.0	349.0	0.0	0.0	23.0	825.0	89.0	0.0	0.0	0.0	0.0	0.0	0.0	0.0	25.0	0.0	262.0	63.0	74.0	33.0	0.0	0.0	247.0	0.0	0.0	0.0	0.0	0.0	1604.0	374.0	0.0	0.0	469.0	301.0	0.0	16.0	149.0	0.0	0.0	0.0	0.0	0.0	0.0	0.0	51.0	0.0	0.0	0.0	0.0	0.0	0.0	0.0	46.0	12.0	42.0	12.0	14.0	0.0	0.0	0.0	0.0	62.0	0.0	0.0	0.0	0.0	0.0	5.0	0.0	0.0	0.0	0.0	0.0	0.0	0.0	0.0	0.0	0.0	0.0	0.0	0.0	0.0	0.0	0.0	0.0	0.0	0.0	0.0	0.0	0.0	0.0	0.0	0.0	0.0	0.0	0.0	0.0	0.0	0.0	0.0	0.0	0.0	0.0	0.0	0.0	0.0	0.0	0.0	0.0	0.0	0.0	0.0	0.0	0.0	0.0	0.0	0.0	0.0	0.0	0.0	0.0	0.0	0.0	0.0	0.0	0.0	0.0	0.0	0.0	0.0	0.0	0.0	0.0	0.0	0.0	0.0	0.0
SRR6764368	405.0	2875.0	1893.0	0.0	3092.0	657.0	14.0	48.0	782.0	1089.0	0.0	0.0	202.0	0.0	707.0	0.0	201.0	0.0	258.0	0.0	0.0	308.0	1104.0	96.0	0.0	0.0	0.0	19.0	0.0	0.0	14.0	41.0	18.0	77.0	32.0	210.0	34.0	0.0	92.0	227.0	0.0	0.0	0.0	22.0	35.0	1933.0	223.0	0.0	0.0	330.0	214.0	0.0	14.0	125.0	37.0	0.0	0.0	0.0	0.0	0.0	0.0	88.0	0.0	148.0	0.0	0.0	0.0	0.0	0.0	69.0	0.0	0.0	50.0	37.0	0.0	0.0	0.0	0.0	0.0	0.0	0.0	0.0	0.0	0.0	145.0	0.0	0.0	0.0	0.0	0.0	0.0	0.0	0.0	0.0	54.0	0.0	0.0	0.0	181.0	0.0	33.0	0.0	0.0	0.0	0.0	0.0	0.0	0.0	0.0	0.0	0.0	0.0	0.0	0.0	0.0	0.0	0.0	0.0	0.0	0.0	0.0	0.0	0.0	0.0	0.0	0.0	0.0	0.0	0.0	0.0	0.0	0.0	0.0	0.0	0.0	0.0	0.0	0.0	0.0	0.0	0.0	0.0	0.0	0.0	0.0	0.0	0.0	0.0	0.0	0.0	0.0	0.0	0.0	0.0
SRR6764369	629.0	2510.0	2243.0	0.0	3174.0	418.0	0.0	20.0	652.0	1075.0	0.0	0.0	407.0	187.0	563.0	0.0	161.0	47.0	236.0	0.0	0.0	84.0	1216.0	123.0	0.0	0.0	0.0	0.0	0.0	0.0	0.0	23.0	0.0	359.0	86.0	0.0	0.0	0.0	0.0	294.0	0.0	0.0	0.0	9.0	0.0	2176.0	321.0	0.0	0.0	426.0	236.0	0.0	0.0	75.0	0.0	0.0	0.0	0.0	0.0	0.0	0.0	37.0	0.0	0.0	0.0	0.0	0.0	0.0	8.0	137.0	0.0	75.0	24.0	0.0	0.0	0.0	0.0	0.0	34.0	0.0	0.0	66.0	0.0	0.0	18.0	0.0	0.0	0.0	0.0	0.0	0.0	0.0	0.0	0.0	20.0	0.0	0.0	0.0	0.0	0.0	0.0	0.0	0.0	0.0	0.0	0.0	0.0	0.0	0.0	0.0	0.0	0.0	0.0	0.0	0.0	0.0	0.0	0.0	0.0	0.0	0.0	0.0	0.0	0.0	0.0	0.0	0.0	0.0	0.0	0.0	0.0	0.0	0.0	0.0	0.0	0.0	0.0	0.0	0.0	0.0	0.0	0.0	0.0	0.0	0.0	0.0	0.0	0.0	0.0	0.0	0.0	0.0	0.0	0.0
SRR6764370	685.0	2783.0	2287.0	0.0	2594.0	601.0	0.0	44.0	892.0	1392.0	0.0	0.0	323.0	76.0	1032.0	0.0	201.0	16.0	472.0	0.0	0.0	170.0	1688.0	203.0	0.0	0.0	0.0	54.0	0.0	0.0	0.0	24.0	41.0	335.0	76.0	172.0	0.0	0.0	49.0	252.0	0.0	0.0	0.0	0.0	0.0	2553.0	381.0	0.0	0.0	219.0	401.0	0.0	0.0	45.0	0.0	0.0	0.0	0.0	0.0	0.0	0.0	0.0	0.0	142.0	0.0	101.0	0.0	0.0	16.0	183.0	0.0	78.0	9.0	0.0	0.0	0.0	0.0	0.0	19.0	0.0	0.0	0.0	0.0	0.0	25.0	0.0	0.0	0.0	0.0	0.0	0.0	0.0	0.0	0.0	0.0	0.0	0.0	0.0	87.0	0.0	0.0	0.0	0.0	0.0	0.0	0.0	0.0	0.0	0.0	0.0	0.0	0.0	0.0	0.0	0.0	0.0	0.0	0.0	0.0	0.0	0.0	0.0	0.0	0.0	0.0	0.0	0.0	0.0	0.0	0.0	0.0	0.0	0.0	0.0	0.0	0.0	0.0	0.0	0.0	0.0	0.0	0.0	0.0	0.0	0.0	0.0	0.0	0.0	0.0	0.0	0.0	0.0	0.0	0.0
SRR6764372	842.0	2089.0	2701.0	0.0	2488.0	623.0	13.0	73.0	833.0	1161.0	0.0	0.0	678.0	40.0	1193.0	0.0	314.0	16.0	392.0	0.0	0.0	31.0	1084.0	161.0	0.0	0.0	0.0	0.0	0.0	0.0	12.0	0.0	0.0	179.0	92.0	193.0	28.0	0.0	0.0	298.0	0.0	0.0	0.0	34.0	0.0	2051.0	487.0	0.0	0.0	430.0	235.0	0.0	204.0	123.0	0.0	0.0	0.0	0.0	0.0	9.0	0.0	51.0	0.0	0.0	0.0	0.0	0.0	0.0	0.0	227.0	7.0	39.0	49.0	0.0	0.0	0.0	0.0	0.0	57.0	0.0	0.0	0.0	0.0	0.0	77.0	0.0	0.0	0.0	0.0	0.0	0.0	0.0	0.0	0.0	56.0	0.0	0.0	0.0	140.0	0.0	0.0	0.0	0.0	0.0	0.0	0.0	0.0	0.0	0.0	0.0	0.0	0.0	0.0	0.0	0.0	0.0	0.0	0.0	0.0	0.0	0.0	0.0	0.0	0.0	0.0	0.0	0.0	0.0	0.0	0.0	0.0	0.0	0.0	0.0	0.0	0.0	0.0	0.0	0.0	0.0	0.0	0.0	0.0	0.0	0.0	0.0	0.0	0.0	0.0	0.0	0.0	0.0	0.0	0.0
SRR6764373	496.0	3679.0	3318.0	0.0	2986.0	591.0	51.0	519.0	2438.0	2811.0	0.0	0.0	511.0	125.0	1592.0	92.0	317.0	313.0	505.0	0.0	0.0	298.0	1441.0	395.0	0.0	0.0	0.0	121.0	0.0	0.0	28.0	61.0	36.0	808.0	103.0	0.0	40.0	0.0	0.0	365.0	0.0	0.0	0.0	16.0	0.0	2528.0	643.0	0.0	0.0	644.0	151.0	32.0	0.0	173.0	0.0	0.0	0.0	0.0	96.0	0.0	0.0	0.0	0.0	181.0	0.0	156.0	0.0	0.0	0.0	296.0	0.0	99.0	0.0	50.0	0.0	0.0	0.0	0.0	123.0	0.0	30.0	0.0	0.0	0.0	60.0	0.0	0.0	0.0	0.0	0.0	0.0	0.0	0.0	0.0	0.0	0.0	0.0	0.0	116.0	0.0	0.0	0.0	0.0	0.0	0.0	0.0	0.0	0.0	0.0	0.0	0.0	0.0	0.0	0.0	0.0	0.0	0.0	0.0	0.0	0.0	0.0	0.0	0.0	0.0	0.0	0.0	0.0	0.0	0.0	0.0	0.0	0.0	0.0	0.0	0.0	0.0	0.0	0.0	0.0	0.0	0.0	0.0	0.0	0.0	0.0	0.0	0.0	0.0	0.0	0.0	0.0	0.0	0.0	0.0
SRR6764374	513.0	1999.0	2125.0	0.0	2133.0	567.0	0.0	147.0	1939.0	1216.0	0.0	0.0	392.0	88.0	967.0	0.0	212.0	125.0	289.0	0.0	0.0	76.0	1464.0	194.0	0.0	0.0	0.0	198.0	32.0	0.0	0.0	80.0	43.0	254.0	54.0	11.0	0.0	0.0	70.0	256.0	0.0	0.0	0.0	0.0	0.0	2036.0	326.0	0.0	0.0	196.0	426.0	0.0	40.0	120.0	0.0	0.0	0.0	0.0	27.0	0.0	0.0	0.0	0.0	111.0	0.0	83.0	0.0	0.0	45.0	98.0	0.0	43.0	31.0	56.0	0.0	0.0	0.0	0.0	17.0	0.0	0.0	0.0	0.0	0.0	44.0	0.0	0.0	0.0	0.0	0.0	0.0	0.0	0.0	0.0	0.0	0.0	0.0	0.0	71.0	0.0	0.0	0.0	0.0	0.0	0.0	0.0	0.0	0.0	0.0	0.0	0.0	0.0	0.0	0.0	0.0	0.0	0.0	0.0	0.0	0.0	0.0	0.0	0.0	0.0	0.0	0.0	0.0	0.0	0.0	0.0	0.0	0.0	0.0	0.0	0.0	0.0	0.0	0.0	0.0	0.0	0.0	0.0	0.0	0.0	0.0	0.0	0.0	0.0	0.0	0.0	0.0	0.0	0.0	0.0
SRR6764375	582.0	2881.0	2063.0	0.0	1996.0	494.0	83.0	309.0	1882.0	2037.0	64.0	0.0	162.0	84.0	830.0	0.0	243.0	37.0	384.0	0.0	0.0	228.0	871.0	256.0	10.0	0.0	0.0	116.0	0.0	0.0	0.0	27.0	23.0	306.0	60.0	149.0	21.0	0.0	73.0	248.0	0.0	0.0	0.0	0.0	53.0	2108.0	376.0	0.0	0.0	299.0	302.0	0.0	0.0	143.0	0.0	0.0	0.0	0.0	0.0	0.0	0.0	0.0	0.0	162.0	27.0	94.0	0.0	0.0	0.0	49.0	0.0	54.0	0.0	29.0	0.0	0.0	0.0	0.0	0.0	0.0	24.0	0.0	0.0	0.0	88.0	0.0	0.0	0.0	0.0	0.0	0.0	0.0	0.0	0.0	0.0	0.0	0.0	0.0	0.0	0.0	0.0	0.0	0.0	0.0	0.0	0.0	0.0	0.0	0.0	0.0	0.0	0.0	0.0	0.0	0.0	0.0	0.0	0.0	0.0	0.0	0.0	0.0	0.0	0.0	0.0	0.0	0.0	0.0	0.0	0.0	0.0	0.0	0.0	0.0	0.0	0.0	0.0	0.0	0.0	0.0	0.0	0.0	0.0	0.0	0.0	0.0	0.0	0.0	0.0	0.0	0.0	0.0	0.0	0.0
SRR6764376	1624.0	6963.0	6228.0	51.0	6580.0	1824.0	40.0	1175.0	4833.0	3599.0	170.0	0.0	1185.0	496.0	3159.0	260.0	446.0	199.0	521.0	0.0	0.0	891.0	3002.0	781.0	0.0	0.0	0.0	306.0	0.0	0.0	32.0	167.0	54.0	2083.0	229.0	426.0	46.0	0.0	16.0	444.0	18.0	0.0	0.0	20.0	97.0	4339.0	502.0	0.0	0.0	1260.0	425.0	52.0	0.0	338.0	18.0	0.0	43.0	0.0	258.0	0.0	0.0	205.0	0.0	312.0	0.0	216.0	0.0	0.0	28.0	733.0	0.0	150.0	280.0	221.0	0.0	0.0	0.0	0.0	322.0	0.0	41.0	0.0	0.0	0.0	256.0	0.0	0.0	0.0	0.0	0.0	0.0	0.0	0.0	0.0	121.0	0.0	0.0	0.0	309.0	0.0	37.0	0.0	0.0	0.0	0.0	0.0	0.0	0.0	0.0	0.0	0.0	0.0	27.0	0.0	0.0	0.0	0.0	0.0	0.0	0.0	0.0	0.0	0.0	0.0	0.0	0.0	0.0	0.0	0.0	0.0	0.0	0.0	0.0	0.0	0.0	0.0	0.0	0.0	0.0	0.0	0.0	0.0	0.0	0.0	0.0	0.0	0.0	0.0	0.0	0.0	0.0	0.0	0.0	0.0
SRR6764377	531.0	1994.0	1897.0	0.0	1516.0	419.0	11.0	50.0	326.0	702.0	0.0	0.0	122.0	31.0	1007.0	0.0	260.0	0.0	273.0	0.0	0.0	120.0	1083.0	99.0	0.0	0.0	0.0	0.0	0.0	0.0	0.0	18.0	0.0	227.0	79.0	104.0	44.0	0.0	0.0	304.0	0.0	0.0	0.0	24.0	0.0	2011.0	364.0	0.0	0.0	355.0	292.0	0.0	18.0	51.0	39.0	0.0	0.0	0.0	87.0	0.0	0.0	81.0	0.0	0.0	0.0	48.0	0.0	0.0	0.0	87.0	0.0	51.0	0.0	21.0	0.0	0.0	0.0	0.0	0.0	0.0	18.0	20.0	0.0	0.0	0.0	0.0	0.0	0.0	0.0	0.0	0.0	0.0	0.0	0.0	0.0	0.0	0.0	0.0	125.0	0.0	0.0	0.0	0.0	0.0	0.0	0.0	0.0	0.0	0.0	0.0	0.0	0.0	0.0	0.0	0.0	0.0	0.0	0.0	0.0	0.0	0.0	0.0	0.0	0.0	0.0	0.0	0.0	0.0	0.0	0.0	0.0	0.0	0.0	0.0	0.0	0.0	0.0	0.0	0.0	0.0	0.0	0.0	0.0	0.0	0.0	0.0	0.0	0.0	0.0	0.0	0.0	0.0	0.0	0.0
SRR6764378	392.0	3031.0	1841.0	0.0	2655.0	285.0	16.0	60.0	1630.0	1471.0	0.0	0.0	177.0	103.0	929.0	0.0	361.0	0.0	292.0	0.0	0.0	89.0	751.0	126.0	0.0	0.0	0.0	136.0	0.0	0.0	0.0	18.0	9.0	336.0	31.0	163.0	9.0	0.0	0.0	303.0	0.0	0.0	0.0	0.0	39.0	1816.0	379.0	0.0	0.0	260.0	185.0	0.0	19.0	89.0	0.0	0.0	0.0	0.0	0.0	0.0	0.0	43.0	0.0	150.0	0.0	83.0	0.0	0.0	0.0	76.0	0.0	46.0	0.0	0.0	0.0	0.0	0.0	0.0	38.0	0.0	0.0	0.0	0.0	0.0	0.0	0.0	0.0	0.0	0.0	0.0	0.0	0.0	0.0	0.0	0.0	0.0	0.0	0.0	98.0	0.0	0.0	0.0	0.0	0.0	0.0	0.0	0.0	0.0	0.0	0.0	0.0	0.0	0.0	0.0	0.0	0.0	0.0	0.0	0.0	0.0	0.0	0.0	0.0	0.0	0.0	0.0	0.0	0.0	0.0	0.0	0.0	0.0	0.0	0.0	0.0	0.0	0.0	0.0	0.0	0.0	0.0	0.0	0.0	0.0	0.0	0.0	0.0	0.0	0.0	0.0	0.0	0.0	0.0	0.0
SRR6764398	52.0	1096.0	1231.0	0.0	836.0	173.0	0.0	110.0	765.0	591.0	58.0	0.0	44.0	0.0	778.0	0.0	283.0	0.0	270.0	0.0	0.0	0.0	1349.0	238.0	0.0	0.0	0.0	0.0	0.0	0.0	0.0	12.0	0.0	138.0	52.0	0.0	0.0	0.0	0.0	301.0	0.0	0.0	0.0	0.0	0.0	650.0	306.0	0.0	0.0	453.0	82.0	0.0	0.0	64.0	0.0	0.0	0.0	0.0	0.0	0.0	0.0	0.0	0.0	62.0	0.0	0.0	0.0	0.0	0.0	0.0	0.0	0.0	25.0	0.0	0.0	0.0	0.0	0.0	0.0	0.0	0.0	0.0	0.0	0.0	29.0	0.0	0.0	0.0	0.0	0.0	0.0	0.0	0.0	0.0	0.0	0.0	0.0	0.0	0.0	0.0	0.0	0.0	0.0	0.0	0.0	0.0	0.0	0.0	0.0	0.0	0.0	0.0	0.0	0.0	0.0	0.0	0.0	0.0	0.0	0.0	0.0	0.0	0.0	0.0	0.0	0.0	0.0	0.0	0.0	0.0	0.0	0.0	0.0	0.0	0.0	0.0	0.0	0.0	0.0	0.0	0.0	0.0	0.0	0.0	0.0	0.0	0.0	0.0	0.0	0.0	0.0	0.0	0.0	0.0
SRR6764399	782.0	3771.0	5257.0	0.0	4252.0	1031.0	0.0	81.0	2092.0	2011.0	0.0	0.0	1348.0	226.0	1897.0	0.0	338.0	0.0	777.0	0.0	0.0	404.0	2594.0	254.0	0.0	0.0	0.0	200.0	0.0	0.0	0.0	132.0	0.0	156.0	254.0	497.0	68.0	0.0	90.0	335.0	0.0	0.0	0.0	37.0	71.0	3107.0	551.0	0.0	0.0	727.0	602.0	0.0	0.0	130.0	0.0	0.0	0.0	0.0	0.0	0.0	0.0	103.0	0.0	171.0	0.0	0.0	0.0	0.0	33.0	152.0	24.0	88.0	0.0	56.0	0.0	0.0	0.0	0.0	24.0	0.0	0.0	0.0	0.0	0.0	62.0	0.0	0.0	0.0	0.0	0.0	0.0	0.0	0.0	0.0	0.0	0.0	0.0	0.0	179.0	0.0	0.0	0.0	0.0	0.0	0.0	0.0	0.0	0.0	0.0	0.0	0.0	0.0	0.0	0.0	0.0	0.0	0.0	0.0	0.0	0.0	0.0	0.0	0.0	0.0	0.0	0.0	0.0	0.0	0.0	0.0	0.0	0.0	0.0	0.0	0.0	0.0	0.0	0.0	0.0	0.0	0.0	0.0	0.0	0.0	0.0	0.0	0.0	0.0	0.0	0.0	0.0	0.0	0.0	0.0
SRR6764400	725.0	2844.0	4702.0	0.0	3121.0	910.0	25.0	514.0	1396.0	992.0	105.0	0.0	641.0	183.0	1093.0	94.0	272.0	52.0	344.0	0.0	0.0	54.0	1384.0	146.0	0.0	0.0	0.0	51.0	0.0	0.0	0.0	69.0	0.0	286.0	256.0	280.0	0.0	0.0	74.0	341.0	13.0	0.0	0.0	0.0	0.0	2383.0	270.0	0.0	0.0	351.0	486.0	0.0	58.0	75.0	27.0	0.0	0.0	0.0	66.0	0.0	0.0	92.0	0.0	130.0	0.0	61.0	0.0	0.0	0.0	311.0	19.0	71.0	0.0	31.0	0.0	0.0	0.0	0.0	6.0	0.0	0.0	19.0	0.0	0.0	15.0	0.0	0.0	0.0	0.0	0.0	0.0	0.0	0.0	0.0	0.0	0.0	0.0	0.0	0.0	0.0	0.0	0.0	0.0	0.0	0.0	0.0	0.0	0.0	0.0	0.0	0.0	0.0	0.0	0.0	0.0	0.0	0.0	0.0	0.0	0.0	0.0	0.0	0.0	0.0	0.0	0.0	0.0	0.0	0.0	0.0	0.0	0.0	0.0	0.0	0.0	0.0	0.0	0.0	0.0	0.0	0.0	0.0	0.0	0.0	0.0	0.0	0.0	0.0	0.0	0.0	0.0	0.0	0.0	0.0
SRR6764402	352.0	1700.0	2879.0	0.0	2754.0	414.0	0.0	0.0	570.0	547.0	54.0	0.0	789.0	168.0	538.0	0.0	305.0	0.0	270.0	0.0	0.0	172.0	2400.0	128.0	0.0	0.0	0.0	25.0	4.0	0.0	46.0	41.0	0.0	19.0	146.0	210.0	0.0	0.0	0.0	315.0	0.0	0.0	0.0	109.0	0.0	2093.0	432.0	0.0	13.0	668.0	420.0	0.0	21.0	37.0	65.0	0.0	0.0	0.0	0.0	0.0	0.0	83.0	0.0	118.0	0.0	96.0	0.0	0.0	0.0	204.0	19.0	63.0	0.0	74.0	0.0	0.0	0.0	0.0	0.0	0.0	0.0	0.0	0.0	0.0	15.0	0.0	0.0	0.0	0.0	0.0	0.0	0.0	0.0	0.0	38.0	0.0	0.0	0.0	155.0	0.0	87.0	0.0	0.0	0.0	0.0	0.0	0.0	0.0	0.0	0.0	0.0	0.0	0.0	0.0	0.0	0.0	0.0	0.0	0.0	0.0	0.0	0.0	0.0	0.0	0.0	0.0	0.0	0.0	0.0	0.0	0.0	0.0	0.0	0.0	0.0	0.0	0.0	0.0	0.0	0.0	0.0	0.0	0.0	0.0	0.0	0.0	0.0	0.0	0.0	0.0	0.0	0.0	0.0	0.0
SRR6764403	272.0	1202.0	1706.0	0.0	1714.0	378.0	0.0	62.0	233.0	470.0	53.0	0.0	64.0	41.0	426.0	0.0	0.0	0.0	170.0	0.0	0.0	79.0	1078.0	90.0	0.0	0.0	0.0	89.0	0.0	0.0	0.0	0.0	47.0	0.0	104.0	0.0	0.0	0.0	0.0	126.0	0.0	0.0	0.0	0.0	0.0	1102.0	260.0	0.0	0.0	8.0	159.0	0.0	0.0	0.0	0.0	0.0	0.0	0.0	0.0	0.0	0.0	71.0	0.0	82.0	0.0	0.0	0.0	0.0	0.0	0.0	0.0	33.0	0.0	0.0	0.0	0.0	0.0	0.0	0.0	0.0	0.0	0.0	0.0	0.0	0.0	0.0	0.0	0.0	0.0	0.0	0.0	0.0	0.0	0.0	25.0	0.0	0.0	0.0	0.0	0.0	0.0	0.0	0.0	0.0	0.0	0.0	0.0	0.0	0.0	0.0	0.0	0.0	0.0	0.0	0.0	0.0	0.0	0.0	0.0	0.0	0.0	0.0	0.0	0.0	0.0	0.0	0.0	0.0	0.0	0.0	0.0	0.0	0.0	0.0	0.0	0.0	0.0	0.0	0.0	0.0	0.0	0.0	0.0	0.0	0.0	0.0	0.0	0.0	0.0	0.0	0.0	0.0	0.0	0.0
SRR6764404	1000.0	2285.0	2570.0	0.0	1939.0	353.0	0.0	155.0	775.0	644.0	0.0	0.0	37.0	63.0	1057.0	0.0	254.0	17.0	230.0	0.0	0.0	163.0	1968.0	255.0	0.0	0.0	0.0	80.0	0.0	0.0	0.0	20.0	81.0	104.0	70.0	242.0	0.0	0.0	0.0	31.0	0.0	0.0	0.0	0.0	0.0	2171.0	219.0	0.0	0.0	379.0	315.0	0.0	0.0	18.0	0.0	0.0	0.0	0.0	91.0	0.0	0.0	39.0	0.0	140.0	0.0	94.0	0.0	0.0	23.0	136.0	0.0	72.0	0.0	41.0	0.0	0.0	0.0	0.0	50.0	0.0	0.0	25.0	0.0	0.0	130.0	0.0	0.0	0.0	0.0	0.0	0.0	0.0	0.0	0.0	60.0	0.0	0.0	0.0	98.0	0.0	0.0	0.0	0.0	0.0	0.0	0.0	0.0	0.0	0.0	0.0	0.0	0.0	0.0	0.0	0.0	0.0	0.0	0.0	0.0	0.0	0.0	0.0	0.0	0.0	0.0	0.0	0.0	0.0	0.0	0.0	0.0	0.0	0.0	0.0	0.0	0.0	0.0	0.0	0.0	0.0	0.0	0.0	0.0	0.0	0.0	0.0	0.0	0.0	0.0	0.0	0.0	0.0	0.0	0.0
SRR6764407	83.0	903.0	2486.0	0.0	1930.0	477.0	0.0	0.0	196.0	432.0	0.0	0.0	290.0	0.0	810.0	0.0	0.0	0.0	221.0	0.0	0.0	41.0	400.0	24.0	3.0	0.0	0.0	20.0	0.0	0.0	0.0	0.0	61.0	25.0	113.0	63.0	17.0	0.0	0.0	214.0	10.0	0.0	0.0	0.0	0.0	1457.0	221.0	0.0	0.0	72.0	224.0	0.0	46.0	0.0	0.0	0.0	0.0	0.0	0.0	0.0	0.0	0.0	0.0	0.0	0.0	36.0	0.0	0.0	0.0	73.0	0.0	0.0	0.0	44.0	0.0	0.0	0.0	0.0	0.0	0.0	0.0	0.0	0.0	0.0	0.0	0.0	0.0	0.0	0.0	0.0	0.0	0.0	0.0	0.0	0.0	0.0	0.0	42.0	0.0	0.0	0.0	0.0	0.0	0.0	0.0	0.0	0.0	0.0	0.0	0.0	0.0	0.0	0.0	0.0	0.0	0.0	0.0	0.0	0.0	0.0	0.0	0.0	0.0	0.0	0.0	0.0	0.0	0.0	0.0	0.0	0.0	0.0	0.0	0.0	0.0	0.0	0.0	0.0	0.0	0.0	0.0	0.0	0.0	0.0	0.0	0.0	0.0	0.0	0.0	0.0	0.0	0.0	0.0	0.0
SRR6764408	445.0	3718.0	3272.0	0.0	2489.0	480.0	0.0	592.0	1654.0	806.0	0.0	0.0	225.0	111.0	1652.0	0.0	492.0	181.0	278.0	0.0	0.0	241.0	2292.0	431.0	10.0	0.0	0.0	47.0	0.0	0.0	0.0	153.0	0.0	198.0	80.0	26.0	0.0	0.0	58.0	347.0	0.0	0.0	0.0	0.0	0.0	1934.0	291.0	0.0	0.0	451.0	151.0	0.0	28.0	81.0	0.0	0.0	0.0	0.0	85.0	0.0	0.0	0.0	0.0	139.0	0.0	187.0	0.0	0.0	0.0	273.0	0.0	54.0	0.0	73.0	0.0	0.0	0.0	0.0	0.0	0.0	24.0	0.0	0.0	0.0	114.0	0.0	0.0	0.0	0.0	0.0	0.0	0.0	0.0	0.0	39.0	0.0	0.0	0.0	0.0	0.0	0.0	0.0	0.0	0.0	0.0	0.0	0.0	0.0	0.0	0.0	0.0	0.0	0.0	0.0	0.0	0.0	0.0	0.0	0.0	0.0	0.0	0.0	0.0	0.0	0.0	0.0	0.0	0.0	0.0	0.0	0.0	0.0	0.0	0.0	0.0	0.0	0.0	0.0	0.0	0.0	0.0	0.0	0.0	0.0	0.0	0.0	0.0	0.0	0.0	0.0	0.0	0.0	0.0	0.0
SRR6764415	385.0	2665.0	5202.0	0.0	3550.0	686.0	0.0	95.0	589.0	1184.0	75.0	0.0	387.0	27.0	1518.0	0.0	141.0	143.0	288.0	0.0	0.0	85.0	2146.0	89.0	0.0	0.0	0.0	332.0	0.0	0.0	0.0	29.0	75.0	101.0	221.0	72.0	0.0	0.0	86.0	384.0	0.0	0.0	0.0	31.0	0.0	1583.0	385.0	0.0	0.0	551.0	290.0	0.0	29.0	106.0	0.0	0.0	0.0	0.0	0.0	0.0	0.0	76.0	0.0	136.0	0.0	0.0	0.0	0.0	0.0	72.0	0.0	37.0	0.0	110.0	0.0	0.0	0.0	0.0	0.0	0.0	0.0	0.0	0.0	0.0	72.0	0.0	0.0	0.0	0.0	0.0	0.0	0.0	0.0	0.0	21.0	0.0	0.0	0.0	75.0	0.0	0.0	0.0	0.0	0.0	0.0	0.0	0.0	0.0	0.0	0.0	0.0	0.0	11.0	0.0	0.0	0.0	0.0	0.0	0.0	0.0	0.0	0.0	0.0	0.0	0.0	0.0	0.0	0.0	0.0	0.0	0.0	0.0	0.0	0.0	0.0	0.0	0.0	0.0	0.0	0.0	0.0	0.0	0.0	0.0	0.0	0.0	0.0	0.0	0.0	0.0	0.0	0.0	0.0	0.0
SRR6764416	298.0	1739.0	1802.0	0.0	1410.0	473.0	0.0	69.0	672.0	1065.0	0.0	0.0	198.0	0.0	536.0	56.0	175.0	0.0	300.0	0.0	0.0	85.0	982.0	84.0	0.0	0.0	0.0	29.0	0.0	0.0	0.0	12.0	0.0	107.0	34.0	0.0	9.0	0.0	0.0	251.0	0.0	0.0	0.0	0.0	33.0	1238.0	284.0	0.0	0.0	280.0	196.0	0.0	27.0	81.0	0.0	0.0	0.0	0.0	0.0	0.0	0.0	49.0	0.0	76.0	0.0	51.0	0.0	0.0	0.0	51.0	0.0	28.0	13.0	0.0	0.0	0.0	0.0	0.0	0.0	0.0	0.0	0.0	0.0	0.0	21.0	0.0	0.0	0.0	0.0	0.0	0.0	0.0	0.0	0.0	0.0	0.0	0.0	0.0	56.0	0.0	0.0	0.0	0.0	0.0	0.0	0.0	0.0	0.0	0.0	0.0	0.0	0.0	0.0	0.0	0.0	0.0	0.0	0.0	0.0	0.0	0.0	0.0	0.0	0.0	0.0	0.0	0.0	0.0	0.0	0.0	0.0	0.0	0.0	0.0	0.0	0.0	0.0	0.0	0.0	0.0	0.0	0.0	0.0	0.0	0.0	0.0	0.0	0.0	0.0	0.0	0.0	0.0	0.0	0.0
SRR6764417	238.0	1859.0	1274.0	0.0	1009.0	391.0	54.0	24.0	979.0	1180.0	61.0	0.0	93.0	0.0	616.0	69.0	0.0	72.0	235.0	0.0	0.0	38.0	630.0	92.0	0.0	0.0	0.0	0.0	0.0	0.0	0.0	0.0	0.0	127.0	35.0	118.0	0.0	0.0	0.0	450.0	0.0	0.0	0.0	0.0	0.0	766.0	299.0	0.0	0.0	652.0	51.0	0.0	0.0	159.0	0.0	0.0	0.0	0.0	0.0	0.0	0.0	48.0	0.0	0.0	0.0	49.0	0.0	0.0	0.0	31.0	0.0	22.0	0.0	27.0	0.0	0.0	0.0	0.0	39.0	0.0	0.0	0.0	0.0	0.0	30.0	0.0	0.0	0.0	0.0	0.0	0.0	0.0	0.0	0.0	0.0	0.0	0.0	0.0	0.0	0.0	0.0	0.0	0.0	0.0	0.0	0.0	0.0	0.0	0.0	0.0	0.0	0.0	0.0	0.0	0.0	0.0	0.0	0.0	0.0	0.0	0.0	0.0	0.0	0.0	0.0	0.0	0.0	0.0	0.0	0.0	0.0	0.0	0.0	0.0	0.0	0.0	0.0	0.0	0.0	0.0	0.0	0.0	0.0	0.0	0.0	0.0	0.0	0.0	0.0	0.0	0.0	0.0	0.0	0.0
SRR6764418	495.0	1308.0	1989.0	0.0	2656.0	362.0	0.0	149.0	1021.0	1176.0	0.0	0.0	339.0	63.0	920.0	0.0	0.0	0.0	331.0	0.0	0.0	148.0	805.0	189.0	0.0	0.0	0.0	188.0	0.0	0.0	0.0	0.0	0.0	346.0	137.0	67.0	29.0	0.0	79.0	305.0	0.0	0.0	0.0	0.0	43.0	1440.0	180.0	0.0	0.0	553.0	241.0	0.0	0.0	126.0	0.0	0.0	0.0	0.0	31.0	0.0	0.0	0.0	0.0	101.0	0.0	0.0	0.0	0.0	0.0	150.0	0.0	54.0	0.0	41.0	0.0	0.0	0.0	0.0	53.0	0.0	21.0	0.0	0.0	0.0	0.0	0.0	0.0	0.0	0.0	0.0	0.0	0.0	0.0	0.0	0.0	0.0	0.0	0.0	108.0	0.0	0.0	0.0	0.0	0.0	0.0	0.0	0.0	0.0	0.0	0.0	0.0	0.0	0.0	0.0	0.0	0.0	0.0	0.0	0.0	0.0	0.0	0.0	0.0	0.0	0.0	0.0	0.0	0.0	0.0	0.0	0.0	0.0	0.0	0.0	0.0	0.0	0.0	0.0	0.0	0.0	0.0	0.0	0.0	0.0	0.0	0.0	0.0	0.0	0.0	0.0	0.0	0.0	0.0	0.0
SRR6764419	230.0	2582.0	1464.0	0.0	1264.0	710.0	22.0	169.0	2426.0	1937.0	32.0	0.0	264.0	55.0	856.0	54.0	315.0	79.0	352.0	0.0	0.0	109.0	1078.0	230.0	0.0	0.0	0.0	0.0	0.0	0.0	0.0	21.0	0.0	335.0	19.0	0.0	0.0	0.0	0.0	208.0	0.0	0.0	0.0	0.0	43.0	1388.0	403.0	0.0	0.0	521.0	43.0	0.0	0.0	107.0	0.0	0.0	0.0	0.0	0.0	0.0	0.0	57.0	0.0	98.0	0.0	99.0	0.0	0.0	0.0	62.0	0.0	22.0	0.0	47.0	0.0	0.0	0.0	0.0	26.0	0.0	27.0	0.0	0.0	0.0	36.0	0.0	0.0	0.0	0.0	0.0	0.0	0.0	0.0	0.0	0.0	0.0	0.0	0.0	51.0	0.0	0.0	0.0	0.0	0.0	0.0	0.0	0.0	0.0	0.0	0.0	0.0	0.0	0.0	0.0	0.0	0.0	0.0	0.0	0.0	0.0	0.0	0.0	0.0	0.0	0.0	0.0	0.0	0.0	0.0	0.0	0.0	0.0	0.0	0.0	0.0	0.0	0.0	0.0	0.0	0.0	0.0	0.0	0.0	0.0	0.0	0.0	0.0	0.0	0.0	0.0	0.0	0.0	0.0	0.0
SRR6764420	376.0	2470.0	1290.0	0.0	887.0	566.0	21.0	174.0	1959.0	1760.0	0.0	0.0	172.0	98.0	513.0	56.0	205.0	29.0	429.0	0.0	0.0	0.0	1317.0	250.0	0.0	0.0	0.0	37.0	0.0	0.0	0.0	14.0	0.0	276.0	0.0	0.0	0.0	0.0	0.0	300.0	0.0	0.0	0.0	0.0	74.0	993.0	432.0	0.0	0.0	347.0	40.0	0.0	0.0	129.0	0.0	0.0	0.0	0.0	60.0	0.0	0.0	0.0	0.0	63.0	0.0	89.0	0.0	0.0	0.0	29.0	0.0	60.0	0.0	0.0	0.0	0.0	0.0	0.0	32.0	0.0	0.0	0.0	0.0	0.0	62.0	0.0	0.0	0.0	0.0	0.0	0.0	0.0	0.0	0.0	0.0	0.0	0.0	0.0	0.0	0.0	0.0	0.0	0.0	0.0	0.0	0.0	0.0	0.0	0.0	0.0	0.0	0.0	0.0	0.0	0.0	0.0	0.0	0.0	0.0	0.0	0.0	0.0	0.0	0.0	0.0	0.0	0.0	0.0	0.0	0.0	0.0	0.0	0.0	0.0	0.0	0.0	0.0	0.0	0.0	0.0	0.0	0.0	0.0	0.0	0.0	0.0	0.0	0.0	0.0	0.0	0.0	0.0	0.0	0.0
SRR6764421	271.0	2305.0	1805.0	0.0	2146.0	263.0	31.0	337.0	2037.0	2164.0	79.0	0.0	232.0	69.0	699.0	70.0	323.0	0.0	472.0	0.0	0.0	91.0	1300.0	269.0	0.0	0.0	0.0	0.0	0.0	0.0	0.0	18.0	0.0	192.0	11.0	0.0	0.0	0.0	0.0	309.0	0.0	0.0	0.0	0.0	0.0	1341.0	315.0	0.0	0.0	400.0	60.0	0.0	0.0	137.0	0.0	0.0	0.0	0.0	58.0	0.0	0.0	49.0	0.0	91.0	0.0	98.0	0.0	0.0	0.0	75.0	0.0	29.0	0.0	47.0	0.0	0.0	0.0	0.0	0.0	0.0	35.0	0.0	0.0	0.0	200.0	0.0	0.0	0.0	0.0	0.0	0.0	0.0	0.0	0.0	12.0	0.0	0.0	0.0	19.0	0.0	0.0	0.0	0.0	0.0	0.0	0.0	0.0	0.0	0.0	0.0	0.0	0.0	0.0	0.0	0.0	0.0	0.0	0.0	0.0	0.0	0.0	0.0	0.0	0.0	0.0	0.0	0.0	0.0	0.0	0.0	0.0	0.0	0.0	0.0	0.0	0.0	0.0	0.0	0.0	0.0	0.0	0.0	0.0	0.0	0.0	0.0	0.0	0.0	0.0	0.0	0.0	0.0	0.0	0.0
SRR6764422	89.0	1890.0	1960.0	0.0	1825.0	385.0	0.0	61.0	1351.0	1350.0	0.0	0.0	354.0	0.0	966.0	77.0	202.0	0.0	243.0	0.0	0.0	0.0	1324.0	212.0	0.0	0.0	0.0	0.0	0.0	0.0	0.0	27.0	0.0	273.0	0.0	152.0	0.0	0.0	0.0	260.0	0.0	0.0	0.0	0.0	0.0	1479.0	345.0	0.0	0.0	486.0	39.0	0.0	9.0	81.0	0.0	0.0	0.0	0.0	0.0	0.0	0.0	0.0	0.0	61.0	0.0	97.0	0.0	0.0	0.0	18.0	0.0	0.0	18.0	81.0	0.0	0.0	0.0	0.0	0.0	0.0	0.0	0.0	0.0	0.0	145.0	0.0	0.0	0.0	0.0	0.0	0.0	0.0	0.0	0.0	0.0	0.0	0.0	0.0	46.0	0.0	0.0	0.0	0.0	0.0	0.0	0.0	0.0	0.0	0.0	0.0	0.0	0.0	8.0	0.0	0.0	0.0	0.0	0.0	0.0	0.0	0.0	0.0	0.0	0.0	0.0	0.0	0.0	0.0	0.0	0.0	0.0	0.0	0.0	0.0	0.0	0.0	0.0	0.0	0.0	0.0	0.0	0.0	0.0	0.0	0.0	0.0	0.0	0.0	0.0	0.0	0.0	0.0	0.0	0.0
SRR6764423	512.0	2862.0	3525.0	0.0	3071.0	801.0	0.0	0.0	758.0	758.0	0.0	0.0	801.0	245.0	1283.0	0.0	225.0	0.0	270.0	0.0	0.0	106.0	1118.0	32.0	0.0	0.0	0.0	13.0	0.0	0.0	26.0	0.0	56.0	155.0	287.0	171.0	71.0	0.0	57.0	212.0	0.0	0.0	0.0	64.0	0.0	2060.0	334.0	0.0	0.0	435.0	282.0	0.0	167.0	31.0	18.0	0.0	0.0	0.0	0.0	0.0	0.0	46.0	0.0	130.0	0.0	41.0	0.0	0.0	0.0	586.0	52.0	82.0	0.0	79.0	0.0	0.0	0.0	0.0	103.0	0.0	0.0	58.0	0.0	0.0	73.0	0.0	0.0	0.0	0.0	0.0	0.0	0.0	0.0	0.0	17.0	0.0	0.0	0.0	53.0	0.0	26.0	0.0	0.0	0.0	0.0	0.0	0.0	0.0	0.0	0.0	0.0	0.0	0.0	0.0	0.0	0.0	0.0	0.0	0.0	0.0	0.0	0.0	0.0	0.0	0.0	0.0	0.0	0.0	0.0	0.0	0.0	0.0	0.0	0.0	0.0	0.0	0.0	0.0	0.0	0.0	0.0	0.0	0.0	0.0	0.0	0.0	0.0	0.0	0.0	0.0	0.0	0.0	0.0	0.0
SRR6764424	195.0	2545.0	3007.0	0.0	2082.0	526.0	12.0	356.0	883.0	722.0	68.0	0.0	265.0	169.0	1204.0	0.0	246.0	0.0	269.0	0.0	0.0	213.0	1061.0	138.0	0.0	0.0	0.0	0.0	0.0	0.0	0.0	77.0	13.0	274.0	80.0	0.0	0.0	0.0	0.0	303.0	0.0	0.0	0.0	32.0	38.0	1670.0	392.0	0.0	0.0	564.0	124.0	0.0	0.0	41.0	0.0	0.0	0.0	0.0	60.0	0.0	0.0	150.0	0.0	150.0	0.0	0.0	0.0	0.0	0.0	114.0	0.0	37.0	0.0	38.0	0.0	0.0	0.0	0.0	183.0	0.0	18.0	0.0	0.0	0.0	78.0	0.0	0.0	0.0	0.0	0.0	0.0	0.0	0.0	0.0	0.0	0.0	0.0	0.0	0.0	0.0	0.0	0.0	0.0	0.0	0.0	0.0	0.0	0.0	0.0	0.0	0.0	0.0	0.0	0.0	0.0	0.0	0.0	0.0	0.0	0.0	0.0	0.0	0.0	0.0	0.0	0.0	0.0	0.0	0.0	0.0	0.0	0.0	0.0	0.0	0.0	0.0	0.0	0.0	0.0	0.0	0.0	0.0	0.0	0.0	0.0	0.0	0.0	0.0	0.0	0.0	0.0	0.0	0.0	0.0
SRR6764425	189.0	2146.0	2972.0	0.0	2312.0	537.0	0.0	339.0	1412.0	1038.0	0.0	0.0	277.0	0.0	1500.0	0.0	342.0	110.0	292.0	0.0	0.0	315.0	1322.0	161.0	0.0	0.0	0.0	0.0	0.0	0.0	0.0	96.0	0.0	168.0	122.0	111.0	0.0	0.0	0.0	380.0	0.0	0.0	0.0	22.0	0.0	1814.0	488.0	0.0	0.0	376.0	127.0	0.0	0.0	42.0	0.0	0.0	0.0	0.0	0.0	0.0	0.0	96.0	0.0	130.0	0.0	113.0	0.0	0.0	0.0	213.0	0.0	37.0	0.0	77.0	0.0	0.0	0.0	0.0	240.0	0.0	0.0	0.0	0.0	0.0	28.0	0.0	0.0	0.0	0.0	0.0	0.0	0.0	0.0	0.0	19.0	0.0	0.0	0.0	0.0	0.0	0.0	0.0	0.0	0.0	0.0	0.0	0.0	0.0	0.0	0.0	0.0	0.0	0.0	0.0	0.0	0.0	0.0	0.0	0.0	0.0	0.0	0.0	0.0	0.0	0.0	0.0	0.0	0.0	0.0	0.0	0.0	0.0	0.0	0.0	0.0	0.0	0.0	0.0	0.0	0.0	0.0	0.0	0.0	0.0	0.0	0.0	0.0	0.0	0.0	0.0	0.0	0.0	0.0	0.0
SRR6764429	639.0	1855.0	2551.0	0.0	2783.0	853.0	0.0	32.0	216.0	565.0	0.0	0.0	360.0	130.0	741.0	0.0	258.0	0.0	60.0	0.0	0.0	72.0	1853.0	35.0	0.0	0.0	0.0	83.0	0.0	0.0	16.0	55.0	0.0	0.0	127.0	236.0	66.0	0.0	0.0	217.0	0.0	0.0	0.0	32.0	0.0	2598.0	401.0	0.0	0.0	435.0	376.0	0.0	39.0	0.0	29.0	0.0	0.0	0.0	18.0	0.0	0.0	71.0	0.0	0.0	0.0	0.0	0.0	0.0	0.0	37.0	0.0	55.0	0.0	51.0	0.0	0.0	0.0	0.0	68.0	0.0	0.0	45.0	17.0	0.0	31.0	0.0	0.0	0.0	0.0	0.0	0.0	0.0	0.0	0.0	0.0	0.0	0.0	0.0	162.0	0.0	80.0	0.0	0.0	0.0	0.0	0.0	0.0	0.0	0.0	0.0	0.0	0.0	0.0	0.0	0.0	0.0	0.0	0.0	0.0	0.0	0.0	0.0	0.0	0.0	0.0	0.0	0.0	0.0	0.0	0.0	0.0	0.0	0.0	0.0	0.0	0.0	0.0	0.0	0.0	0.0	0.0	0.0	0.0	0.0	0.0	0.0	0.0	0.0	0.0	0.0	0.0	0.0	0.0	0.0
SRR6764430	816.0	2165.0	3245.0	0.0	3226.0	914.0	0.0	35.0	415.0	846.0	187.0	0.0	667.0	114.0	1171.0	0.0	217.0	37.0	205.0	0.0	0.0	0.0	2090.0	55.0	27.0	0.0	0.0	0.0	0.0	0.0	74.0	62.0	0.0	102.0	114.0	180.0	126.0	0.0	0.0	230.0	0.0	0.0	0.0	137.0	0.0	2521.0	328.0	0.0	0.0	389.0	405.0	75.0	0.0	53.0	104.0	0.0	0.0	0.0	76.0	23.0	0.0	197.0	0.0	0.0	0.0	0.0	0.0	0.0	0.0	31.0	23.0	116.0	59.0	99.0	0.0	0.0	0.0	0.0	197.0	14.0	0.0	34.0	0.0	0.0	21.0	0.0	0.0	0.0	0.0	0.0	0.0	0.0	0.0	0.0	0.0	0.0	0.0	17.0	132.0	0.0	199.0	0.0	0.0	0.0	0.0	0.0	0.0	0.0	0.0	0.0	0.0	0.0	0.0	0.0	0.0	0.0	0.0	0.0	0.0	0.0	0.0	0.0	0.0	0.0	0.0	0.0	0.0	0.0	0.0	0.0	0.0	0.0	0.0	0.0	0.0	0.0	0.0	0.0	0.0	0.0	0.0	0.0	0.0	0.0	0.0	0.0	0.0	0.0	0.0	0.0	0.0	0.0	0.0	0.0
SRR6764431	980.0	2167.0	2898.0	0.0	2891.0	598.0	0.0	117.0	859.0	592.0	0.0	0.0	737.0	136.0	844.0	33.0	152.0	0.0	291.0	0.0	0.0	176.0	1341.0	14.0	0.0	0.0	0.0	6.0	0.0	0.0	39.0	58.0	43.0	260.0	71.0	179.0	64.0	0.0	0.0	199.0	0.0	0.0	0.0	80.0	0.0	2219.0	484.0	0.0	0.0	728.0	344.0	0.0	10.0	41.0	47.0	0.0	0.0	0.0	0.0	0.0	0.0	104.0	0.0	87.0	0.0	48.0	10.0	0.0	0.0	99.0	12.0	69.0	0.0	0.0	0.0	0.0	0.0	0.0	0.0	0.0	0.0	23.0	10.0	0.0	0.0	0.0	0.0	0.0	0.0	0.0	0.0	0.0	0.0	0.0	34.0	0.0	0.0	41.0	184.0	0.0	158.0	0.0	0.0	0.0	0.0	0.0	0.0	0.0	0.0	0.0	0.0	0.0	0.0	0.0	0.0	0.0	0.0	0.0	0.0	0.0	0.0	0.0	0.0	0.0	0.0	0.0	0.0	0.0	0.0	0.0	0.0	0.0	0.0	0.0	0.0	0.0	0.0	0.0	0.0	0.0	0.0	0.0	0.0	0.0	0.0	0.0	0.0	0.0	0.0	0.0	0.0	0.0	0.0	0.0
SRR6764433	646.0	1131.0	1067.0	0.0	1828.0	344.0	0.0	51.0	562.0	396.0	0.0	0.0	534.0	106.0	863.0	0.0	240.0	139.0	308.0	0.0	0.0	0.0	719.0	30.0	0.0	0.0	0.0	67.0	0.0	0.0	0.0	65.0	0.0	150.0	100.0	281.0	137.0	0.0	39.0	148.0	0.0	0.0	0.0	43.0	0.0	1658.0	363.0	0.0	9.0	366.0	414.0	0.0	231.0	38.0	15.0	0.0	0.0	0.0	0.0	0.0	0.0	85.0	0.0	74.0	0.0	49.0	0.0	0.0	11.0	62.0	7.0	34.0	151.0	13.0	0.0	0.0	0.0	0.0	20.0	0.0	0.0	0.0	0.0	0.0	0.0	0.0	0.0	0.0	0.0	0.0	0.0	0.0	0.0	0.0	0.0	0.0	0.0	0.0	88.0	0.0	0.0	0.0	0.0	0.0	0.0	0.0	0.0	0.0	0.0	0.0	0.0	0.0	0.0	0.0	0.0	0.0	0.0	0.0	0.0	0.0	0.0	0.0	0.0	0.0	0.0	0.0	0.0	0.0	0.0	0.0	0.0	0.0	0.0	0.0	0.0	0.0	0.0	0.0	0.0	0.0	0.0	0.0	0.0	0.0	0.0	0.0	0.0	0.0	0.0	0.0	0.0	0.0	0.0	0.0
SRR6764434	789.0	862.0	1957.0	0.0	2203.0	426.0	7.0	126.0	391.0	728.0	91.0	0.0	517.0	0.0	629.0	0.0	153.0	0.0	57.0	0.0	0.0	0.0	1048.0	23.0	0.0	0.0	0.0	9.0	0.0	0.0	28.0	25.0	0.0	108.0	67.0	294.0	63.0	0.0	0.0	118.0	0.0	0.0	0.0	102.0	0.0	1276.0	346.0	0.0	0.0	497.0	337.0	42.0	0.0	37.0	51.0	0.0	0.0	0.0	0.0	0.0	0.0	92.0	0.0	57.0	0.0	0.0	0.0	0.0	6.0	31.0	29.0	33.0	0.0	45.0	0.0	0.0	0.0	0.0	0.0	0.0	0.0	0.0	20.0	0.0	0.0	0.0	0.0	0.0	0.0	0.0	0.0	0.0	0.0	0.0	0.0	0.0	0.0	0.0	0.0	0.0	0.0	0.0	0.0	0.0	0.0	0.0	0.0	0.0	0.0	0.0	0.0	0.0	0.0	0.0	0.0	0.0	0.0	0.0	0.0	0.0	0.0	0.0	0.0	0.0	0.0	0.0	0.0	0.0	0.0	0.0	0.0	0.0	0.0	0.0	0.0	0.0	0.0	0.0	0.0	0.0	0.0	0.0	0.0	0.0	0.0	0.0	0.0	0.0	0.0	0.0	0.0	0.0	0.0	0.0
SRR6764435	246.0	1715.0	1435.0	0.0	1343.0	362.0	0.0	189.0	856.0	988.0	76.0	0.0	289.0	129.0	737.0	0.0	219.0	0.0	302.0	0.0	0.0	236.0	980.0	209.0	0.0	0.0	0.0	0.0	0.0	0.0	10.0	50.0	24.0	168.0	27.0	0.0	0.0	0.0	8.0	320.0	0.0	0.0	0.0	13.0	0.0	781.0	331.0	0.0	0.0	537.0	50.0	0.0	0.0	99.0	0.0	0.0	0.0	0.0	64.0	0.0	0.0	12.0	0.0	106.0	11.0	95.0	0.0	0.0	0.0	144.0	0.0	29.0	16.0	48.0	0.0	0.0	0.0	0.0	0.0	0.0	0.0	0.0	0.0	0.0	173.0	0.0	0.0	0.0	0.0	0.0	0.0	0.0	0.0	0.0	0.0	0.0	0.0	0.0	65.0	0.0	0.0	0.0	0.0	0.0	0.0	0.0	0.0	0.0	0.0	0.0	0.0	0.0	0.0	0.0	0.0	0.0	0.0	0.0	0.0	0.0	0.0	0.0	0.0	0.0	0.0	0.0	0.0	0.0	0.0	0.0	0.0	0.0	0.0	0.0	0.0	0.0	0.0	0.0	0.0	0.0	0.0	0.0	0.0	0.0	0.0	0.0	0.0	0.0	0.0	0.0	0.0	0.0	0.0	0.0
SRR6764436	488.0	1292.0	1317.0	0.0	1600.0	269.0	0.0	67.0	351.0	737.0	0.0	0.0	120.0	73.0	523.0	0.0	161.0	0.0	226.0	0.0	0.0	0.0	838.0	46.0	0.0	0.0	0.0	0.0	0.0	0.0	14.0	21.0	53.0	180.0	77.0	38.0	25.0	0.0	28.0	191.0	0.0	0.0	0.0	34.0	0.0	1186.0	383.0	0.0	0.0	356.0	142.0	26.0	0.0	84.0	14.0	0.0	0.0	0.0	0.0	0.0	0.0	0.0	0.0	92.0	0.0	0.0	0.0	0.0	0.0	18.0	16.0	39.0	73.0	0.0	0.0	0.0	0.0	0.0	0.0	0.0	0.0	0.0	0.0	0.0	0.0	0.0	0.0	0.0	0.0	0.0	0.0	0.0	0.0	0.0	0.0	0.0	0.0	0.0	40.0	0.0	0.0	0.0	0.0	0.0	0.0	0.0	0.0	0.0	0.0	0.0	0.0	0.0	0.0	0.0	0.0	0.0	0.0	0.0	0.0	0.0	0.0	0.0	0.0	0.0	0.0	0.0	0.0	0.0	0.0	0.0	0.0	0.0	0.0	0.0	0.0	0.0	0.0	0.0	0.0	0.0	0.0	0.0	0.0	0.0	0.0	0.0	0.0	0.0	0.0	0.0	0.0	0.0	0.0	0.0
SRR6764437	388.0	1664.0	1557.0	0.0	2360.0	320.0	16.0	166.0	741.0	965.0	0.0	0.0	334.0	76.0	686.0	0.0	252.0	23.0	305.0	0.0	0.0	19.0	844.0	72.0	0.0	0.0	0.0	14.0	0.0	0.0	25.0	34.0	0.0	178.0	59.0	202.0	38.0	0.0	52.0	292.0	0.0	0.0	0.0	41.0	0.0	1479.0	479.0	0.0	0.0	377.0	276.0	0.0	48.0	106.0	18.0	0.0	0.0	0.0	13.0	0.0	0.0	65.0	0.0	0.0	0.0	0.0	0.0	0.0	0.0	0.0	0.0	0.0	0.0	14.0	0.0	0.0	0.0	0.0	0.0	0.0	0.0	24.0	0.0	0.0	25.0	0.0	0.0	0.0	0.0	0.0	0.0	0.0	0.0	0.0	0.0	0.0	0.0	0.0	155.0	0.0	0.0	0.0	0.0	0.0	0.0	0.0	0.0	0.0	0.0	0.0	0.0	0.0	10.0	0.0	0.0	0.0	0.0	0.0	0.0	0.0	0.0	0.0	0.0	0.0	0.0	0.0	0.0	0.0	0.0	0.0	0.0	0.0	0.0	0.0	0.0	0.0	0.0	0.0	0.0	0.0	0.0	0.0	0.0	0.0	0.0	0.0	0.0	0.0	0.0	0.0	0.0	0.0	0.0	0.0
SRR6764438	218.0	2679.0	2227.0	0.0	2011.0	218.0	16.0	377.0	1905.0	1229.0	0.0	0.0	47.0	0.0	937.0	86.0	244.0	10.0	287.0	0.0	0.0	319.0	1125.0	229.0	0.0	0.0	0.0	0.0	0.0	0.0	0.0	114.0	0.0	315.0	41.0	0.0	0.0	0.0	0.0	233.0	10.0	0.0	0.0	0.0	0.0	1337.0	329.0	0.0	0.0	576.0	101.0	0.0	52.0	159.0	0.0	0.0	0.0	0.0	0.0	0.0	0.0	87.0	0.0	0.0	0.0	100.0	0.0	0.0	32.0	177.0	0.0	34.0	34.0	0.0	0.0	0.0	0.0	0.0	31.0	0.0	17.0	0.0	0.0	0.0	38.0	0.0	0.0	0.0	0.0	0.0	0.0	0.0	0.0	0.0	0.0	0.0	0.0	0.0	92.0	0.0	0.0	0.0	0.0	0.0	0.0	0.0	0.0	0.0	0.0	0.0	0.0	0.0	0.0	0.0	0.0	0.0	0.0	0.0	0.0	0.0	0.0	0.0	0.0	0.0	0.0	0.0	0.0	0.0	0.0	0.0	0.0	0.0	0.0	0.0	0.0	0.0	0.0	0.0	0.0	0.0	0.0	0.0	0.0	0.0	0.0	0.0	0.0	0.0	0.0	0.0	0.0	0.0	0.0	0.0
SRR6764440	338.0	2850.0	1773.0	0.0	1708.0	687.0	0.0	267.0	1698.0	1761.0	0.0	0.0	144.0	0.0	846.0	75.0	260.0	152.0	371.0	0.0	0.0	0.0	1221.0	206.0	0.0	0.0	0.0	5.0	0.0	0.0	0.0	85.0	0.0	627.0	0.0	0.0	0.0	0.0	38.0	349.0	0.0	0.0	0.0	0.0	30.0	1120.0	518.0	0.0	0.0	1041.0	143.0	0.0	12.0	172.0	0.0	0.0	0.0	0.0	0.0	0.0	0.0	35.0	0.0	116.0	0.0	65.0	0.0	0.0	0.0	206.0	0.0	46.0	29.0	0.0	0.0	0.0	0.0	0.0	0.0	0.0	0.0	0.0	0.0	0.0	71.0	0.0	0.0	0.0	0.0	0.0	0.0	0.0	0.0	0.0	0.0	0.0	0.0	0.0	61.0	0.0	0.0	0.0	0.0	0.0	0.0	0.0	0.0	0.0	0.0	0.0	0.0	0.0	15.0	0.0	0.0	0.0	0.0	0.0	0.0	0.0	0.0	0.0	0.0	0.0	0.0	0.0	0.0	0.0	0.0	0.0	0.0	0.0	0.0	0.0	0.0	0.0	0.0	0.0	0.0	0.0	0.0	0.0	0.0	0.0	0.0	0.0	0.0	0.0	0.0	0.0	0.0	0.0	0.0	0.0
SRR6764442	434.0	2938.0	1943.0	0.0	1977.0	292.0	0.0	260.0	1770.0	687.0	162.0	0.0	107.0	271.0	1632.0	53.0	226.0	0.0	253.0	0.0	0.0	224.0	1497.0	362.0	0.0	0.0	0.0	44.0	0.0	0.0	0.0	72.0	49.0	296.0	94.0	112.0	19.0	0.0	0.0	196.0	0.0	0.0	0.0	0.0	42.0	1442.0	319.0	0.0	0.0	604.0	182.0	42.0	0.0	129.0	37.0	0.0	0.0	0.0	76.0	0.0	0.0	110.0	0.0	146.0	0.0	136.0	0.0	0.0	15.0	109.0	0.0	41.0	48.0	35.0	0.0	0.0	0.0	0.0	74.0	0.0	19.0	27.0	0.0	0.0	94.0	0.0	0.0	0.0	0.0	0.0	0.0	0.0	0.0	0.0	0.0	0.0	0.0	0.0	122.0	0.0	0.0	0.0	0.0	0.0	0.0	0.0	0.0	0.0	0.0	0.0	0.0	0.0	0.0	0.0	0.0	0.0	0.0	0.0	0.0	0.0	0.0	0.0	0.0	0.0	0.0	0.0	0.0	0.0	0.0	0.0	0.0	0.0	0.0	0.0	0.0	0.0	0.0	0.0	0.0	0.0	0.0	0.0	0.0	0.0	0.0	0.0	0.0	0.0	0.0	0.0	0.0	0.0	0.0	0.0
SRR6764443	781.0	1161.0	2278.0	0.0	2424.0	444.0	14.0	233.0	462.0	683.0	243.0	0.0	309.0	86.0	987.0	36.0	208.0	15.0	233.0	0.0	0.0	80.0	1391.0	12.0	0.0	0.0	0.0	87.0	0.0	0.0	24.0	43.0	42.0	139.0	97.0	45.0	60.0	0.0	0.0	208.0	0.0	0.0	0.0	0.0	0.0	1654.0	313.0	0.0	0.0	444.0	288.0	43.0	0.0	96.0	43.0	0.0	0.0	0.0	0.0	0.0	0.0	0.0	0.0	87.0	11.0	0.0	0.0	0.0	0.0	26.0	10.0	48.0	0.0	46.0	0.0	0.0	0.0	0.0	0.0	0.0	0.0	15.0	0.0	0.0	210.0	0.0	0.0	0.0	0.0	0.0	0.0	0.0	0.0	0.0	0.0	0.0	0.0	0.0	189.0	0.0	0.0	0.0	0.0	0.0	0.0	0.0	0.0	0.0	0.0	0.0	0.0	0.0	0.0	0.0	0.0	23.0	0.0	0.0	0.0	0.0	0.0	0.0	0.0	0.0	0.0	0.0	0.0	0.0	0.0	0.0	0.0	0.0	0.0	0.0	0.0	0.0	0.0	0.0	0.0	0.0	0.0	0.0	0.0	0.0	0.0	0.0	0.0	0.0	0.0	0.0	0.0	0.0	0.0	0.0
SRR6764459	361.0	1653.0	1829.0	0.0	1475.0	87.0	0.0	0.0	459.0	662.0	0.0	0.0	70.0	49.0	1145.0	0.0	0.0	29.0	160.0	0.0	0.0	74.0	818.0	66.0	0.0	0.0	0.0	44.0	0.0	0.0	0.0	13.0	0.0	106.0	37.0	61.0	0.0	0.0	0.0	178.0	0.0	0.0	0.0	0.0	0.0	1087.0	373.0	0.0	0.0	371.0	384.0	0.0	27.0	88.0	0.0	0.0	0.0	0.0	21.0	0.0	0.0	82.0	0.0	113.0	0.0	0.0	0.0	0.0	0.0	62.0	0.0	30.0	0.0	0.0	0.0	0.0	0.0	0.0	0.0	0.0	0.0	0.0	0.0	0.0	26.0	0.0	0.0	0.0	0.0	0.0	0.0	0.0	0.0	0.0	0.0	0.0	0.0	0.0	0.0	0.0	0.0	0.0	0.0	0.0	0.0	0.0	0.0	0.0	0.0	0.0	0.0	0.0	0.0	0.0	0.0	0.0	0.0	0.0	0.0	0.0	0.0	0.0	0.0	0.0	0.0	0.0	0.0	0.0	0.0	0.0	0.0	0.0	0.0	0.0	0.0	0.0	0.0	0.0	0.0	0.0	0.0	0.0	0.0	0.0	0.0	0.0	0.0	0.0	0.0	0.0	0.0	0.0	0.0	0.0
SRR6764460	247.0	3018.0	1504.0	0.0	2333.0	156.0	0.0	522.0	1760.0	966.0	0.0	0.0	158.0	82.0	1594.0	138.0	263.0	0.0	442.0	0.0	0.0	79.0	1326.0	371.0	0.0	0.0	0.0	0.0	0.0	0.0	0.0	0.0	27.0	594.0	57.0	47.0	0.0	0.0	0.0	353.0	0.0	0.0	0.0	17.0	0.0	1529.0	468.0	0.0	0.0	516.0	108.0	0.0	0.0	0.0	0.0	0.0	0.0	0.0	0.0	0.0	0.0	105.0	0.0	145.0	14.0	163.0	0.0	0.0	0.0	261.0	0.0	0.0	100.0	27.0	0.0	0.0	0.0	0.0	48.0	0.0	0.0	0.0	0.0	0.0	15.0	0.0	0.0	0.0	0.0	0.0	0.0	0.0	0.0	0.0	0.0	0.0	0.0	0.0	64.0	0.0	0.0	0.0	0.0	0.0	0.0	0.0	0.0	0.0	0.0	0.0	0.0	0.0	0.0	0.0	0.0	0.0	0.0	0.0	0.0	0.0	0.0	0.0	0.0	0.0	0.0	0.0	0.0	0.0	0.0	0.0	0.0	0.0	0.0	0.0	0.0	0.0	0.0	0.0	0.0	0.0	0.0	0.0	0.0	0.0	0.0	0.0	0.0	0.0	0.0	0.0	0.0	0.0	0.0	0.0
SRR6764461	158.0	2040.0	1247.0	0.0	1941.0	393.0	10.0	276.0	987.0	973.0	0.0	0.0	44.0	136.0	1077.0	96.0	306.0	17.0	283.0	0.0	0.0	0.0	1158.0	229.0	0.0	0.0	0.0	54.0	0.0	0.0	0.0	0.0	0.0	198.0	18.0	147.0	0.0	0.0	0.0	287.0	0.0	0.0	0.0	0.0	0.0	979.0	268.0	0.0	0.0	466.0	101.0	0.0	0.0	76.0	0.0	0.0	0.0	0.0	18.0	0.0	0.0	65.0	0.0	85.0	0.0	112.0	0.0	0.0	0.0	51.0	0.0	27.0	0.0	0.0	0.0	0.0	0.0	0.0	36.0	0.0	0.0	0.0	0.0	0.0	55.0	0.0	0.0	0.0	0.0	0.0	0.0	0.0	0.0	0.0	0.0	0.0	0.0	0.0	0.0	0.0	0.0	0.0	0.0	0.0	0.0	0.0	0.0	0.0	0.0	0.0	0.0	0.0	0.0	0.0	0.0	0.0	0.0	0.0	0.0	0.0	0.0	0.0	0.0	0.0	0.0	0.0	0.0	0.0	0.0	0.0	0.0	0.0	0.0	0.0	0.0	0.0	0.0	0.0	0.0	0.0	0.0	0.0	0.0	0.0	0.0	0.0	0.0	0.0	0.0	0.0	0.0	0.0	0.0	0.0
SRR6764468	70.0	3245.0	1595.0	0.0	2858.0	791.0	0.0	206.0	1624.0	1632.0	0.0	0.0	241.0	104.0	974.0	128.0	293.0	166.0	394.0	0.0	0.0	191.0	1304.0	391.0	0.0	0.0	0.0	133.0	0.0	0.0	0.0	27.0	0.0	715.0	23.0	214.0	0.0	0.0	94.0	324.0	0.0	0.0	0.0	0.0	0.0	1555.0	355.0	0.0	0.0	296.0	57.0	0.0	18.0	85.0	0.0	0.0	0.0	0.0	47.0	0.0	0.0	0.0	0.0	155.0	0.0	92.0	0.0	0.0	9.0	77.0	0.0	35.0	129.0	49.0	0.0	0.0	0.0	0.0	37.0	0.0	0.0	0.0	0.0	0.0	60.0	0.0	0.0	0.0	0.0	0.0	0.0	0.0	0.0	0.0	0.0	0.0	0.0	0.0	57.0	0.0	0.0	0.0	0.0	0.0	0.0	0.0	0.0	0.0	0.0	0.0	0.0	0.0	0.0	0.0	0.0	0.0	0.0	0.0	0.0	0.0	0.0	0.0	0.0	0.0	0.0	0.0	0.0	0.0	0.0	0.0	0.0	0.0	0.0	0.0	0.0	0.0	0.0	0.0	0.0	0.0	0.0	0.0	0.0	0.0	0.0	0.0	0.0	0.0	0.0	0.0	0.0	0.0	0.0	0.0
SRR6764472	425.0	3503.0	2027.0	0.0	2457.0	795.0	22.0	322.0	1919.0	1348.0	0.0	0.0	248.0	134.0	1217.0	70.0	294.0	249.0	453.0	0.0	0.0	0.0	1011.0	376.0	0.0	0.0	0.0	27.0	0.0	0.0	0.0	60.0	0.0	639.0	26.0	102.0	0.0	0.0	123.0	435.0	0.0	0.0	0.0	0.0	0.0	1071.0	387.0	0.0	0.0	523.0	141.0	0.0	74.0	47.0	0.0	0.0	0.0	0.0	0.0	0.0	0.0	30.0	0.0	143.0	0.0	154.0	0.0	0.0	0.0	111.0	0.0	28.0	0.0	0.0	0.0	0.0	0.0	0.0	53.0	0.0	0.0	0.0	0.0	0.0	44.0	0.0	0.0	0.0	0.0	0.0	0.0	0.0	13.0	0.0	18.0	0.0	0.0	0.0	60.0	0.0	0.0	0.0	0.0	0.0	0.0	0.0	0.0	0.0	0.0	0.0	0.0	0.0	0.0	0.0	0.0	0.0	0.0	0.0	0.0	0.0	0.0	0.0	0.0	0.0	0.0	0.0	0.0	0.0	0.0	0.0	0.0	0.0	0.0	0.0	0.0	0.0	0.0	0.0	0.0	0.0	0.0	0.0	0.0	0.0	0.0	0.0	0.0	0.0	0.0	0.0	0.0	0.0	0.0	0.0
SRR6764474	702.0	3589.0	3138.0	0.0	3675.0	801.0	0.0	390.0	2172.0	1457.0	127.0	0.0	619.0	59.0	1562.0	0.0	360.0	0.0	482.0	0.0	0.0	137.0	1753.0	403.0	0.0	0.0	0.0	140.0	40.0	0.0	0.0	95.0	58.0	533.0	56.0	0.0	0.0	0.0	0.0	115.0	0.0	0.0	0.0	0.0	44.0	3054.0	502.0	0.0	0.0	592.0	546.0	0.0	125.0	79.0	0.0	0.0	0.0	0.0	86.0	0.0	0.0	76.0	0.0	0.0	0.0	141.0	0.0	0.0	7.0	326.0	0.0	102.0	46.0	0.0	0.0	0.0	0.0	0.0	151.0	0.0	0.0	22.0	20.0	0.0	79.0	0.0	0.0	0.0	0.0	0.0	0.0	0.0	0.0	0.0	0.0	0.0	0.0	0.0	0.0	0.0	0.0	0.0	0.0	0.0	0.0	0.0	0.0	0.0	0.0	0.0	0.0	0.0	0.0	0.0	0.0	0.0	0.0	0.0	0.0	0.0	0.0	0.0	0.0	0.0	0.0	0.0	0.0	0.0	0.0	0.0	0.0	0.0	0.0	0.0	0.0	0.0	0.0	0.0	0.0	0.0	0.0	0.0	0.0	0.0	0.0	0.0	0.0	0.0	0.0	0.0	0.0	0.0	0.0	0.0
SRR6764475	437.0	2960.0	1440.0	0.0	2238.0	259.0	40.0	350.0	1481.0	1090.0	0.0	0.0	125.0	0.0	930.0	0.0	309.0	161.0	427.0	0.0	0.0	0.0	1060.0	108.0	0.0	0.0	0.0	121.0	0.0	0.0	0.0	38.0	0.0	355.0	21.0	151.0	0.0	0.0	35.0	336.0	0.0	0.0	0.0	0.0	51.0	1471.0	446.0	0.0	0.0	359.0	355.0	0.0	30.0	86.0	0.0	0.0	0.0	0.0	0.0	0.0	0.0	0.0	0.0	100.0	0.0	94.0	0.0	0.0	0.0	176.0	0.0	35.0	15.0	0.0	0.0	0.0	0.0	0.0	32.0	0.0	0.0	0.0	0.0	0.0	0.0	0.0	0.0	0.0	0.0	0.0	0.0	0.0	0.0	0.0	0.0	0.0	0.0	0.0	79.0	0.0	0.0	0.0	0.0	0.0	0.0	0.0	0.0	0.0	0.0	0.0	0.0	0.0	0.0	0.0	0.0	0.0	0.0	0.0	0.0	0.0	0.0	0.0	0.0	0.0	0.0	0.0	0.0	0.0	0.0	0.0	0.0	0.0	0.0	0.0	0.0	0.0	0.0	0.0	0.0	0.0	0.0	0.0	0.0	0.0	0.0	0.0	0.0	0.0	0.0	0.0	0.0	0.0	0.0	0.0
SRR6764476	597.0	3550.0	3238.0	0.0	3424.0	768.0	0.0	257.0	1670.0	972.0	0.0	0.0	646.0	37.0	2020.0	0.0	332.0	213.0	414.0	0.0	0.0	66.0	1858.0	262.0	0.0	0.0	0.0	57.0	64.0	0.0	8.0	84.0	37.0	507.0	59.0	106.0	50.0	0.0	236.0	220.0	0.0	0.0	0.0	29.0	0.0	2358.0	492.0	0.0	0.0	655.0	488.0	0.0	0.0	158.0	0.0	0.0	0.0	0.0	0.0	0.0	0.0	0.0	0.0	183.0	0.0	138.0	0.0	0.0	25.0	103.0	0.0	80.0	148.0	0.0	0.0	0.0	0.0	0.0	83.0	0.0	0.0	29.0	0.0	0.0	85.0	0.0	0.0	0.0	0.0	0.0	0.0	0.0	0.0	0.0	0.0	0.0	0.0	0.0	84.0	0.0	44.0	0.0	0.0	0.0	0.0	0.0	0.0	0.0	0.0	0.0	0.0	0.0	0.0	0.0	0.0	0.0	0.0	0.0	0.0	0.0	0.0	0.0	0.0	0.0	0.0	0.0	0.0	0.0	0.0	0.0	0.0	0.0	0.0	0.0	0.0	0.0	0.0	0.0	0.0	0.0	0.0	0.0	0.0	0.0	0.0	0.0	0.0	0.0	0.0	0.0	0.0	0.0	0.0	0.0
SRR6764478	1031.0	3000.0	4070.0	0.0	4169.0	1274.0	18.0	288.0	1229.0	961.0	0.0	0.0	342.0	185.0	1636.0	81.0	278.0	44.0	465.0	0.0	0.0	184.0	1585.0	126.0	0.0	0.0	0.0	0.0	0.0	0.0	33.0	37.0	0.0	359.0	131.0	104.0	71.0	0.0	69.0	440.0	0.0	0.0	0.0	36.0	21.0	3018.0	563.0	0.0	0.0	520.0	423.0	0.0	105.0	123.0	36.0	0.0	0.0	0.0	16.0	0.0	0.0	44.0	0.0	0.0	0.0	66.0	0.0	0.0	0.0	180.0	10.0	89.0	18.0	0.0	0.0	0.0	0.0	0.0	0.0	24.0	0.0	0.0	0.0	0.0	0.0	0.0	0.0	0.0	0.0	0.0	0.0	0.0	0.0	0.0	39.0	0.0	0.0	0.0	119.0	0.0	0.0	0.0	0.0	0.0	0.0	0.0	0.0	0.0	0.0	0.0	0.0	0.0	0.0	0.0	0.0	0.0	0.0	0.0	0.0	0.0	0.0	0.0	0.0	0.0	0.0	0.0	0.0	0.0	0.0	0.0	0.0	0.0	0.0	0.0	0.0	0.0	0.0	0.0	0.0	0.0	0.0	0.0	0.0	0.0	0.0	0.0	0.0	0.0	0.0	0.0	0.0	0.0	0.0	0.0
SRR6764479	261.0	3714.0	2766.0	0.0	2673.0	662.0	19.0	389.0	2209.0	2010.0	0.0	0.0	219.0	174.0	1211.0	76.0	361.0	9.0	474.0	0.0	0.0	34.0	1524.0	286.0	0.0	0.0	0.0	35.0	0.0	0.0	21.0	31.0	0.0	566.0	49.0	105.0	22.0	0.0	0.0	285.0	0.0	0.0	0.0	16.0	0.0	2429.0	483.0	0.0	0.0	844.0	181.0	0.0	0.0	190.0	13.0	0.0	0.0	2.0	33.0	0.0	0.0	59.0	0.0	154.0	0.0	101.0	0.0	0.0	12.0	38.0	0.0	42.0	0.0	39.0	0.0	0.0	0.0	0.0	77.0	0.0	0.0	0.0	0.0	0.0	39.0	0.0	0.0	0.0	0.0	0.0	0.0	0.0	0.0	0.0	0.0	0.0	0.0	0.0	0.0	0.0	0.0	0.0	0.0	0.0	0.0	0.0	0.0	0.0	0.0	0.0	0.0	0.0	0.0	0.0	0.0	0.0	0.0	0.0	0.0	0.0	0.0	0.0	6.0	0.0	0.0	0.0	0.0	0.0	0.0	0.0	0.0	0.0	0.0	0.0	0.0	0.0	0.0	0.0	0.0	0.0	0.0	0.0	0.0	0.0	0.0	0.0	0.0	0.0	0.0	0.0	0.0	0.0	0.0	0.0
SRR6764480	228.0	2253.0	1204.0	0.0	1382.0	0.0	16.0	68.0	1102.0	1110.0	0.0	0.0	70.0	82.0	333.0	0.0	154.0	0.0	291.0	0.0	0.0	35.0	634.0	189.0	0.0	0.0	0.0	0.0	0.0	0.0	0.0	0.0	0.0	223.0	14.0	0.0	0.0	0.0	0.0	388.0	0.0	0.0	0.0	0.0	0.0	1124.0	354.0	0.0	0.0	340.0	82.0	0.0	0.0	25.0	0.0	0.0	0.0	0.0	38.0	0.0	0.0	0.0	0.0	87.0	0.0	69.0	0.0	0.0	0.0	0.0	0.0	0.0	0.0	15.0	0.0	0.0	0.0	0.0	26.0	0.0	0.0	0.0	0.0	0.0	26.0	0.0	0.0	0.0	0.0	0.0	0.0	0.0	0.0	0.0	0.0	0.0	0.0	0.0	0.0	0.0	0.0	0.0	0.0	0.0	0.0	0.0	0.0	0.0	0.0	0.0	0.0	0.0	0.0	0.0	0.0	0.0	0.0	0.0	0.0	0.0	0.0	0.0	0.0	0.0	0.0	0.0	0.0	0.0	0.0	0.0	0.0	0.0	0.0	0.0	0.0	0.0	0.0	0.0	0.0	0.0	0.0	0.0	0.0	0.0	0.0	0.0	0.0	0.0	0.0	0.0	0.0	0.0	0.0	0.0
SRR6764499	224.0	1690.0	2410.0	0.0	2297.0	426.0	0.0	81.0	774.0	938.0	0.0	0.0	128.0	20.0	561.0	0.0	166.0	0.0	344.0	0.0	0.0	79.0	826.0	35.0	0.0	0.0	0.0	45.0	19.0	0.0	0.0	0.0	0.0	114.0	33.0	39.0	0.0	0.0	0.0	219.0	0.0	0.0	0.0	0.0	44.0	1127.0	365.0	0.0	0.0	280.0	162.0	0.0	0.0	41.0	0.0	0.0	0.0	0.0	0.0	0.0	0.0	0.0	0.0	102.0	0.0	57.0	0.0	0.0	0.0	89.0	0.0	0.0	0.0	14.0	0.0	0.0	0.0	0.0	0.0	0.0	0.0	0.0	0.0	0.0	26.0	0.0	0.0	0.0	0.0	0.0	0.0	0.0	0.0	0.0	0.0	0.0	0.0	0.0	73.0	0.0	0.0	0.0	0.0	0.0	0.0	0.0	0.0	0.0	0.0	0.0	0.0	0.0	0.0	0.0	0.0	0.0	0.0	0.0	0.0	0.0	0.0	0.0	0.0	0.0	0.0	0.0	0.0	0.0	0.0	0.0	0.0	0.0	0.0	0.0	0.0	0.0	0.0	0.0	0.0	0.0	0.0	0.0	0.0	0.0	0.0	0.0	0.0	0.0	0.0	0.0	0.0	0.0	0.0	0.0
SRR6764501	241.0	2264.0	2088.0	0.0	1586.0	478.0	0.0	277.0	1158.0	940.0	0.0	0.0	146.0	201.0	1305.0	52.0	227.0	0.0	399.0	0.0	0.0	84.0	1303.0	169.0	0.0	0.0	0.0	10.0	0.0	0.0	0.0	41.0	0.0	159.0	23.0	0.0	0.0	0.0	28.0	332.0	0.0	0.0	0.0	0.0	48.0	1441.0	286.0	0.0	0.0	633.0	73.0	0.0	0.0	124.0	0.0	0.0	0.0	0.0	0.0	0.0	0.0	66.0	0.0	63.0	0.0	63.0	0.0	0.0	0.0	187.0	0.0	37.0	17.0	0.0	0.0	0.0	0.0	0.0	0.0	0.0	0.0	0.0	0.0	0.0	43.0	0.0	0.0	0.0	0.0	0.0	0.0	0.0	0.0	0.0	19.0	0.0	0.0	0.0	95.0	0.0	0.0	0.0	0.0	0.0	0.0	0.0	0.0	0.0	0.0	0.0	0.0	0.0	0.0	0.0	0.0	0.0	0.0	0.0	0.0	0.0	0.0	0.0	0.0	0.0	0.0	0.0	0.0	0.0	0.0	0.0	0.0	0.0	0.0	0.0	0.0	0.0	0.0	0.0	0.0	0.0	0.0	0.0	0.0	0.0	0.0	0.0	0.0	0.0	0.0	0.0	0.0	0.0	0.0	0.0
SRR6764518	165.0	1611.0	1727.0	0.0	2008.0	359.0	0.0	0.0	564.0	707.0	0.0	0.0	153.0	90.0	686.0	0.0	145.0	0.0	173.0	0.0	0.0	25.0	1051.0	116.0	0.0	0.0	0.0	21.0	0.0	0.0	0.0	8.0	0.0	99.0	71.0	35.0	0.0	0.0	0.0	257.0	0.0	0.0	0.0	28.0	23.0	1437.0	320.0	0.0	0.0	270.0	58.0	0.0	0.0	37.0	42.0	0.0	0.0	0.0	0.0	0.0	0.0	51.0	0.0	88.0	0.0	30.0	0.0	0.0	0.0	106.0	12.0	28.0	36.0	29.0	0.0	0.0	0.0	0.0	0.0	0.0	0.0	0.0	0.0	0.0	56.0	0.0	0.0	0.0	0.0	0.0	0.0	0.0	0.0	0.0	23.0	0.0	0.0	0.0	83.0	0.0	0.0	0.0	0.0	0.0	0.0	0.0	0.0	0.0	0.0	0.0	0.0	0.0	0.0	0.0	0.0	0.0	0.0	0.0	0.0	0.0	0.0	0.0	0.0	0.0	0.0	0.0	0.0	0.0	0.0	0.0	0.0	0.0	0.0	0.0	0.0	0.0	0.0	0.0	0.0	0.0	0.0	0.0	0.0	0.0	0.0	0.0	0.0	0.0	0.0	0.0	0.0	0.0	0.0	0.0
SRR6764521	237.0	927.0	2413.0	0.0	1287.0	317.0	0.0	0.0	485.0	658.0	0.0	0.0	80.0	53.0	394.0	0.0	107.0	0.0	170.0	0.0	0.0	0.0	793.0	65.0	0.0	0.0	0.0	0.0	0.0	0.0	0.0	95.0	0.0	27.0	64.0	41.0	0.0	0.0	0.0	172.0	0.0	0.0	0.0	0.0	0.0	774.0	123.0	0.0	0.0	210.0	214.0	0.0	107.0	64.0	0.0	0.0	0.0	0.0	0.0	0.0	0.0	0.0	0.0	63.0	0.0	0.0	0.0	0.0	0.0	0.0	0.0	16.0	0.0	0.0	0.0	0.0	0.0	0.0	0.0	0.0	0.0	0.0	0.0	0.0	44.0	0.0	0.0	0.0	0.0	0.0	0.0	0.0	5.0	0.0	0.0	0.0	0.0	0.0	44.0	0.0	0.0	0.0	0.0	0.0	0.0	0.0	0.0	0.0	0.0	0.0	0.0	0.0	0.0	0.0	0.0	0.0	0.0	0.0	0.0	0.0	0.0	0.0	0.0	0.0	0.0	0.0	0.0	0.0	0.0	0.0	0.0	0.0	0.0	0.0	0.0	0.0	0.0	0.0	0.0	0.0	0.0	0.0	0.0	0.0	0.0	0.0	0.0	0.0	0.0	0.0	0.0	0.0	0.0	0.0
SRR6764534	686.0	2952.0	2687.0	54.0	2792.0	604.0	0.0	68.0	1282.0	1248.0	134.0	0.0	485.0	155.0	1280.0	115.0	377.0	19.0	438.0	0.0	0.0	245.0	1351.0	114.0	0.0	0.0	0.0	25.0	0.0	0.0	45.0	98.0	0.0	470.0	116.0	253.0	36.0	0.0	0.0	319.0	0.0	0.0	0.0	61.0	23.0	1486.0	431.0	0.0	0.0	1018.0	481.0	30.0	0.0	112.0	88.0	0.0	38.0	0.0	48.0	0.0	0.0	137.0	0.0	135.0	0.0	0.0	0.0	0.0	36.0	118.0	109.0	63.0	12.0	126.0	0.0	0.0	0.0	0.0	28.0	0.0	0.0	0.0	0.0	0.0	200.0	0.0	0.0	0.0	24.0	0.0	0.0	0.0	0.0	0.0	27.0	0.0	0.0	0.0	214.0	0.0	0.0	19.0	0.0	0.0	14.0	8.0	0.0	0.0	0.0	0.0	0.0	0.0	21.0	0.0	0.0	0.0	0.0	0.0	0.0	0.0	0.0	0.0	0.0	0.0	0.0	0.0	0.0	0.0	0.0	0.0	0.0	0.0	0.0	0.0	0.0	0.0	0.0	0.0	0.0	0.0	0.0	0.0	0.0	0.0	0.0	0.0	0.0	0.0	0.0	0.0	0.0	0.0	0.0	0.0
SRR6764535	386.0	1792.0	1804.0	0.0	1917.0	470.0	9.0	134.0	889.0	821.0	67.0	0.0	126.0	109.0	741.0	80.0	269.0	113.0	263.0	0.0	0.0	168.0	1300.0	88.0	0.0	0.0	0.0	0.0	14.0	0.0	0.0	46.0	0.0	98.0	76.0	0.0	36.0	0.0	55.0	212.0	0.0	0.0	0.0	49.0	19.0	1361.0	230.0	0.0	0.0	398.0	215.0	0.0	0.0	85.0	63.0	0.0	0.0	0.0	0.0	0.0	0.0	42.0	0.0	84.0	0.0	0.0	0.0	0.0	0.0	95.0	10.0	45.0	27.0	61.0	0.0	0.0	0.0	0.0	0.0	0.0	0.0	0.0	0.0	0.0	247.0	0.0	0.0	0.0	0.0	0.0	0.0	0.0	0.0	0.0	0.0	0.0	0.0	0.0	109.0	0.0	48.0	0.0	0.0	0.0	0.0	0.0	0.0	0.0	0.0	0.0	0.0	0.0	19.0	0.0	0.0	0.0	0.0	0.0	0.0	0.0	0.0	0.0	0.0	0.0	0.0	0.0	0.0	0.0	0.0	0.0	0.0	0.0	0.0	0.0	0.0	0.0	0.0	0.0	0.0	0.0	0.0	0.0	0.0	0.0	0.0	0.0	0.0	0.0	0.0	0.0	0.0	0.0	0.0	0.0
SRR6764550	605.0	2582.0	5451.0	0.0	3316.0	832.0	28.0	179.0	1094.0	893.0	0.0	0.0	377.0	77.0	1531.0	0.0	206.0	113.0	305.0	0.0	0.0	135.0	2211.0	143.0	0.0	0.0	0.0	105.0	41.0	0.0	0.0	56.0	0.0	229.0	197.0	114.0	0.0	0.0	126.0	385.0	0.0	0.0	0.0	0.0	0.0	1665.0	502.0	0.0	0.0	486.0	311.0	0.0	0.0	131.0	0.0	0.0	0.0	0.0	0.0	0.0	0.0	0.0	0.0	85.0	0.0	52.0	0.0	0.0	0.0	132.0	0.0	43.0	59.0	95.0	0.0	0.0	0.0	0.0	0.0	0.0	0.0	0.0	0.0	0.0	88.0	0.0	0.0	0.0	0.0	0.0	0.0	0.0	0.0	0.0	25.0	0.0	0.0	0.0	0.0	0.0	0.0	0.0	0.0	0.0	0.0	0.0	0.0	0.0	0.0	0.0	0.0	0.0	15.0	0.0	0.0	0.0	0.0	0.0	0.0	0.0	0.0	0.0	0.0	0.0	0.0	0.0	0.0	0.0	0.0	0.0	0.0	0.0	0.0	0.0	0.0	0.0	0.0	0.0	0.0	0.0	0.0	0.0	0.0	0.0	0.0	0.0	0.0	0.0	0.0	0.0	0.0	0.0	0.0	0.0
SRR6764551	437.0	2382.0	2004.0	0.0	1792.0	677.0	23.0	242.0	2000.0	1423.0	0.0	0.0	116.0	32.0	1329.0	0.0	284.0	0.0	372.0	0.0	0.0	242.0	1530.0	336.0	0.0	0.0	0.0	0.0	21.0	0.0	0.0	54.0	0.0	265.0	50.0	133.0	0.0	0.0	0.0	254.0	0.0	0.0	0.0	0.0	60.0	1252.0	319.0	0.0	0.0	590.0	36.0	0.0	0.0	176.0	0.0	0.0	0.0	0.0	0.0	0.0	0.0	101.0	0.0	97.0	0.0	144.0	0.0	0.0	0.0	34.0	0.0	35.0	0.0	73.0	0.0	0.0	0.0	0.0	20.0	0.0	0.0	0.0	0.0	0.0	88.0	0.0	0.0	0.0	0.0	0.0	0.0	0.0	8.0	0.0	0.0	0.0	0.0	0.0	71.0	0.0	0.0	0.0	0.0	0.0	0.0	0.0	0.0	0.0	0.0	0.0	0.0	0.0	0.0	0.0	0.0	0.0	0.0	0.0	0.0	0.0	0.0	0.0	0.0	0.0	0.0	0.0	0.0	0.0	0.0	0.0	0.0	0.0	0.0	0.0	0.0	0.0	0.0	0.0	0.0	0.0	0.0	0.0	0.0	0.0	0.0	0.0	0.0	0.0	0.0	0.0	0.0	0.0	0.0	0.0
SRR6764552	180.0	1712.0	1222.0	0.0	940.0	40.0	20.0	127.0	1276.0	996.0	0.0	0.0	135.0	126.0	717.0	0.0	222.0	0.0	305.0	0.0	0.0	140.0	1111.0	150.0	0.0	0.0	0.0	15.0	0.0	0.0	0.0	23.0	0.0	160.0	12.0	0.0	0.0	0.0	0.0	324.0	0.0	0.0	0.0	0.0	0.0	1030.0	352.0	0.0	0.0	411.0	41.0	0.0	0.0	144.0	0.0	0.0	0.0	0.0	0.0	0.0	0.0	49.0	0.0	83.0	0.0	0.0	0.0	0.0	0.0	26.0	0.0	22.0	11.0	0.0	0.0	0.0	0.0	0.0	21.0	0.0	0.0	0.0	0.0	0.0	79.0	0.0	0.0	0.0	0.0	0.0	0.0	0.0	0.0	0.0	0.0	0.0	0.0	0.0	57.0	0.0	0.0	0.0	0.0	0.0	0.0	0.0	0.0	0.0	0.0	0.0	0.0	0.0	0.0	0.0	0.0	0.0	0.0	0.0	0.0	0.0	0.0	0.0	0.0	0.0	0.0	0.0	0.0	0.0	0.0	0.0	0.0	0.0	0.0	0.0	0.0	0.0	0.0	0.0	0.0	0.0	0.0	0.0	0.0	0.0	0.0	0.0	0.0	0.0	0.0	0.0	0.0	0.0	0.0	0.0
SRR6764555	1880.0	4536.0	3703.0	0.0	2945.0	1913.0	36.0	277.0	2974.0	4377.0	119.0	0.0	940.0	119.0	1292.0	150.0	397.0	69.0	641.0	0.0	0.0	307.0	2207.0	337.0	0.0	0.0	0.0	10.0	0.0	0.0	53.0	139.0	0.0	685.0	189.0	307.0	51.0	0.0	48.0	314.0	0.0	0.0	0.0	30.0	96.0	2069.0	540.0	0.0	20.0	1087.0	820.0	0.0	0.0	227.0	63.0	0.0	0.0	0.0	57.0	0.0	0.0	101.0	0.0	194.0	0.0	76.0	0.0	0.0	0.0	0.0	9.0	74.0	0.0	35.0	0.0	0.0	0.0	0.0	24.0	0.0	35.0	8.0	0.0	0.0	95.0	0.0	0.0	0.0	0.0	0.0	0.0	0.0	0.0	0.0	81.0	0.0	0.0	0.0	197.0	0.0	149.0	0.0	0.0	0.0	0.0	0.0	0.0	0.0	0.0	0.0	0.0	0.0	39.0	0.0	0.0	9.0	0.0	0.0	0.0	0.0	0.0	0.0	0.0	0.0	0.0	0.0	0.0	0.0	0.0	0.0	0.0	0.0	0.0	0.0	0.0	0.0	0.0	0.0	0.0	0.0	0.0	0.0	0.0	0.0	0.0	0.0	0.0	0.0	0.0	0.0	0.0	0.0	0.0	0.0
SRR6764560	846.0	3113.0	1472.0	0.0	1959.0	955.0	26.0	351.0	1128.0	1836.0	0.0	0.0	382.0	103.0	610.0	131.0	299.0	0.0	612.0	0.0	0.0	120.0	995.0	174.0	0.0	0.0	0.0	42.0	0.0	0.0	18.0	0.0	33.0	280.0	24.0	108.0	64.0	0.0	0.0	308.0	0.0	0.0	0.0	0.0	61.0	984.0	180.0	0.0	0.0	321.0	423.0	0.0	28.0	81.0	0.0	0.0	0.0	0.0	19.0	0.0	0.0	0.0	0.0	0.0	0.0	54.0	0.0	0.0	0.0	20.0	0.0	44.0	29.0	0.0	0.0	0.0	0.0	0.0	0.0	0.0	0.0	0.0	0.0	0.0	94.0	0.0	0.0	0.0	0.0	0.0	0.0	0.0	0.0	0.0	35.0	0.0	0.0	0.0	100.0	0.0	0.0	0.0	0.0	0.0	0.0	0.0	0.0	0.0	0.0	0.0	0.0	0.0	0.0	0.0	0.0	0.0	0.0	0.0	0.0	0.0	0.0	0.0	0.0	0.0	0.0	0.0	0.0	0.0	0.0	0.0	0.0	0.0	0.0	0.0	0.0	0.0	0.0	0.0	0.0	0.0	0.0	0.0	0.0	0.0	0.0	0.0	0.0	0.0	0.0	0.0	0.0	0.0	0.0	0.0
SRR6764562	748.0	2597.0	1558.0	0.0	1613.0	276.0	34.0	65.0	1160.0	1173.0	0.0	0.0	129.0	106.0	471.0	0.0	183.0	0.0	520.0	0.0	0.0	130.0	723.0	93.0	0.0	0.0	0.0	9.0	0.0	0.0	14.0	0.0	0.0	286.0	21.0	122.0	22.0	0.0	0.0	236.0	0.0	0.0	0.0	0.0	0.0	931.0	408.0	0.0	0.0	517.0	327.0	0.0	32.0	127.0	0.0	0.0	0.0	0.0	0.0	0.0	0.0	77.0	0.0	81.0	0.0	0.0	0.0	0.0	0.0	56.0	0.0	20.0	0.0	0.0	0.0	0.0	0.0	0.0	0.0	0.0	0.0	0.0	0.0	0.0	0.0	0.0	0.0	0.0	0.0	0.0	0.0	0.0	0.0	0.0	22.0	0.0	0.0	0.0	93.0	0.0	44.0	0.0	0.0	0.0	0.0	0.0	0.0	0.0	0.0	0.0	0.0	0.0	0.0	0.0	0.0	0.0	0.0	0.0	0.0	0.0	0.0	0.0	0.0	0.0	0.0	0.0	0.0	0.0	0.0	0.0	0.0	0.0	0.0	0.0	0.0	0.0	0.0	0.0	0.0	0.0	0.0	0.0	0.0	0.0	0.0	0.0	0.0	0.0	0.0	0.0	0.0	0.0	0.0	0.0
SRR6764563	1231.0	2792.0	2178.0	0.0	2007.0	1083.0	19.0	158.0	1420.0	1698.0	67.0	0.0	364.0	79.0	557.0	126.0	237.0	0.0	411.0	0.0	0.0	241.0	1089.0	112.0	0.0	0.0	0.0	33.0	0.0	0.0	20.0	27.0	0.0	264.0	54.0	154.0	60.0	0.0	0.0	215.0	0.0	0.0	0.0	12.0	25.0	1624.0	656.0	0.0	0.0	428.0	535.0	0.0	0.0	177.0	0.0	0.0	0.0	0.0	14.0	0.0	0.0	33.0	0.0	0.0	0.0	0.0	0.0	0.0	2.0	0.0	17.0	63.0	10.0	49.0	0.0	0.0	0.0	0.0	37.0	0.0	25.0	0.0	0.0	0.0	0.0	0.0	0.0	0.0	0.0	0.0	0.0	0.0	0.0	0.0	0.0	0.0	0.0	0.0	103.0	0.0	84.0	0.0	0.0	0.0	0.0	0.0	0.0	0.0	0.0	0.0	0.0	0.0	0.0	0.0	0.0	0.0	0.0	0.0	0.0	0.0	0.0	0.0	0.0	0.0	0.0	0.0	0.0	0.0	0.0	0.0	0.0	0.0	0.0	0.0	0.0	0.0	0.0	0.0	0.0	0.0	0.0	0.0	0.0	0.0	0.0	0.0	0.0	0.0	0.0	0.0	0.0	0.0	0.0	0.0
SRR6764564	1143.0	2807.0	4565.0	0.0	4206.0	1279.0	0.0	72.0	293.0	914.0	106.0	0.0	1739.0	174.0	1651.0	0.0	373.0	154.0	316.0	0.0	0.0	116.0	2494.0	85.0	0.0	0.0	0.0	63.0	40.0	0.0	45.0	75.0	0.0	228.0	212.0	490.0	73.0	0.0	59.0	340.0	0.0	0.0	0.0	133.0	0.0	3130.0	412.0	0.0	9.0	675.0	473.0	0.0	143.0	68.0	76.0	0.0	0.0	0.0	157.0	23.0	0.0	112.0	0.0	0.0	0.0	70.0	0.0	0.0	0.0	210.0	25.0	97.0	63.0	55.0	0.0	0.0	0.0	0.0	0.0	0.0	31.0	56.0	13.0	0.0	26.0	0.0	0.0	0.0	0.0	0.0	0.0	0.0	0.0	0.0	41.0	0.0	0.0	53.0	271.0	0.0	102.0	0.0	0.0	0.0	0.0	0.0	0.0	0.0	0.0	0.0	0.0	0.0	0.0	0.0	0.0	0.0	0.0	0.0	0.0	0.0	0.0	0.0	0.0	0.0	0.0	0.0	0.0	0.0	0.0	0.0	0.0	0.0	0.0	0.0	0.0	0.0	0.0	0.0	0.0	0.0	0.0	0.0	0.0	0.0	0.0	0.0	0.0	0.0	0.0	0.0	0.0	0.0	0.0	0.0
SRR6764566	791.0	1834.0	2992.0	0.0	3004.0	813.0	0.0	42.0	344.0	724.0	106.0	0.0	629.0	97.0	971.0	0.0	256.0	21.0	320.0	0.0	0.0	206.0	2237.0	114.0	0.0	0.0	0.0	51.0	0.0	0.0	41.0	22.0	0.0	65.0	167.0	69.0	53.0	0.0	0.0	350.0	0.0	0.0	0.0	53.0	17.0	2379.0	289.0	0.0	0.0	595.0	415.0	9.0	66.0	78.0	0.0	0.0	11.0	0.0	0.0	0.0	0.0	212.0	0.0	103.0	0.0	0.0	0.0	0.0	0.0	200.0	0.0	81.0	0.0	51.0	0.0	0.0	0.0	0.0	14.0	0.0	0.0	0.0	0.0	0.0	33.0	0.0	0.0	0.0	10.0	0.0	0.0	0.0	0.0	0.0	54.0	0.0	0.0	0.0	141.0	0.0	0.0	0.0	0.0	0.0	0.0	0.0	0.0	0.0	0.0	0.0	0.0	0.0	0.0	0.0	0.0	0.0	0.0	0.0	0.0	0.0	0.0	0.0	0.0	0.0	0.0	0.0	0.0	0.0	0.0	0.0	0.0	0.0	0.0	0.0	0.0	0.0	0.0	0.0	0.0	0.0	0.0	0.0	0.0	0.0	0.0	0.0	0.0	0.0	0.0	0.0	0.0	0.0	0.0	0.0
SRR6764574	162.0	1969.0	2095.0	0.0	1505.0	638.0	8.0	125.0	915.0	841.0	0.0	0.0	39.0	53.0	653.0	46.0	198.0	0.0	250.0	0.0	0.0	118.0	1119.0	55.0	0.0	0.0	0.0	131.0	0.0	0.0	0.0	19.0	0.0	197.0	49.0	74.0	0.0	0.0	88.0	205.0	0.0	0.0	0.0	0.0	30.0	1469.0	287.0	0.0	0.0	199.0	253.0	0.0	0.0	96.0	0.0	0.0	0.0	0.0	0.0	0.0	0.0	35.0	0.0	0.0	0.0	0.0	0.0	0.0	0.0	58.0	0.0	25.0	12.0	0.0	0.0	0.0	0.0	0.0	23.0	0.0	0.0	0.0	0.0	0.0	13.0	0.0	0.0	0.0	0.0	0.0	0.0	0.0	0.0	0.0	0.0	0.0	0.0	0.0	0.0	0.0	0.0	0.0	0.0	0.0	0.0	0.0	0.0	0.0	0.0	0.0	0.0	0.0	0.0	0.0	0.0	0.0	0.0	0.0	0.0	0.0	0.0	0.0	0.0	0.0	0.0	0.0	0.0	0.0	0.0	0.0	0.0	0.0	0.0	0.0	0.0	0.0	0.0	0.0	0.0	0.0	0.0	0.0	0.0	0.0	0.0	0.0	0.0	0.0	0.0	0.0	0.0	0.0	0.0	0.0
SRR6764583	881.0	1555.0	2623.0	0.0	2449.0	608.0	0.0	36.0	572.0	510.0	115.0	0.0	660.0	0.0	1031.0	0.0	39.0	0.0	202.0	0.0	6.0	166.0	1529.0	83.0	0.0	0.0	0.0	11.0	0.0	0.0	16.0	14.0	0.0	80.0	67.0	123.0	76.0	0.0	0.0	357.0	0.0	0.0	0.0	38.0	0.0	1792.0	374.0	0.0	0.0	317.0	418.0	63.0	76.0	90.0	31.0	0.0	0.0	0.0	95.0	0.0	0.0	0.0	0.0	137.0	0.0	41.0	0.0	0.0	0.0	121.0	0.0	55.0	0.0	0.0	0.0	0.0	0.0	0.0	15.0	0.0	0.0	14.0	0.0	0.0	92.0	0.0	0.0	0.0	0.0	0.0	0.0	0.0	0.0	0.0	47.0	0.0	0.0	0.0	226.0	0.0	118.0	0.0	0.0	0.0	0.0	0.0	0.0	0.0	0.0	0.0	0.0	0.0	0.0	0.0	0.0	0.0	0.0	0.0	0.0	0.0	0.0	0.0	0.0	0.0	0.0	0.0	0.0	0.0	0.0	0.0	0.0	0.0	0.0	0.0	0.0	0.0	0.0	0.0	0.0	0.0	0.0	0.0	0.0	0.0	0.0	0.0	0.0	0.0	0.0	0.0	0.0	0.0	0.0	0.0
SRR6764584	1347.0	2633.0	3531.0	0.0	2970.0	497.0	0.0	58.0	663.0	492.0	124.0	0.0	591.0	133.0	1741.0	0.0	248.0	0.0	347.0	0.0	0.0	267.0	2017.0	111.0	0.0	0.0	0.0	0.0	0.0	0.0	27.0	42.0	0.0	388.0	100.0	379.0	22.0	0.0	89.0	366.0	0.0	0.0	0.0	61.0	0.0	1719.0	435.0	0.0	12.0	368.0	515.0	0.0	153.0	43.0	147.0	0.0	0.0	0.0	55.0	13.0	0.0	100.0	0.0	129.0	0.0	47.0	15.0	0.0	0.0	241.0	0.0	110.0	18.0	54.0	0.0	0.0	0.0	0.0	41.0	0.0	0.0	0.0	0.0	0.0	15.0	0.0	0.0	0.0	0.0	0.0	0.0	0.0	0.0	0.0	97.0	0.0	0.0	0.0	128.0	0.0	0.0	0.0	0.0	0.0	0.0	0.0	0.0	0.0	0.0	0.0	0.0	0.0	0.0	0.0	0.0	0.0	0.0	0.0	0.0	0.0	0.0	0.0	0.0	0.0	0.0	0.0	0.0	0.0	0.0	0.0	0.0	0.0	0.0	0.0	0.0	0.0	0.0	0.0	0.0	0.0	0.0	0.0	0.0	0.0	0.0	0.0	0.0	0.0	0.0	0.0	0.0	0.0	0.0	0.0
SRR6764585	693.0	1182.0	1937.0	0.0	2502.0	413.0	0.0	39.0	345.0	458.0	0.0	0.0	335.0	161.0	1275.0	0.0	159.0	0.0	253.0	0.0	7.0	196.0	1451.0	50.0	0.0	0.0	0.0	16.0	0.0	0.0	15.0	16.0	0.0	193.0	110.0	231.0	29.0	0.0	31.0	224.0	0.0	0.0	0.0	34.0	0.0	2052.0	157.0	0.0	17.0	374.0	386.0	44.0	0.0	38.0	33.0	0.0	0.0	0.0	0.0	0.0	0.0	92.0	0.0	112.0	0.0	0.0	0.0	0.0	0.0	110.0	20.0	43.0	0.0	43.0	0.0	0.0	0.0	0.0	11.0	0.0	0.0	0.0	0.0	0.0	0.0	0.0	0.0	0.0	0.0	0.0	0.0	0.0	0.0	0.0	33.0	0.0	0.0	0.0	116.0	0.0	19.0	0.0	0.0	0.0	0.0	0.0	0.0	0.0	0.0	0.0	0.0	0.0	15.0	0.0	0.0	26.0	0.0	0.0	0.0	0.0	0.0	0.0	0.0	0.0	0.0	0.0	0.0	0.0	0.0	0.0	0.0	0.0	0.0	0.0	0.0	0.0	0.0	0.0	0.0	0.0	0.0	0.0	0.0	0.0	0.0	0.0	0.0	0.0	0.0	0.0	0.0	0.0	0.0	0.0
SRR6764586	1339.0	1855.0	3683.0	0.0	3140.0	490.0	0.0	19.0	595.0	612.0	0.0	0.0	522.0	42.0	1179.0	0.0	300.0	0.0	246.0	0.0	0.0	172.0	1948.0	68.0	0.0	0.0	0.0	67.0	0.0	0.0	24.0	54.0	0.0	155.0	111.0	296.0	37.0	0.0	0.0	286.0	0.0	0.0	0.0	63.0	21.0	2261.0	328.0	0.0	24.0	542.0	492.0	52.0	73.0	51.0	27.0	0.0	0.0	0.0	34.0	0.0	0.0	99.0	0.0	147.0	0.0	52.0	0.0	0.0	0.0	279.0	63.0	92.0	37.0	70.0	0.0	0.0	0.0	0.0	68.0	0.0	0.0	0.0	16.0	0.0	0.0	0.0	0.0	0.0	0.0	0.0	0.0	0.0	0.0	0.0	0.0	0.0	0.0	18.0	177.0	0.0	0.0	0.0	0.0	0.0	0.0	0.0	0.0	0.0	0.0	0.0	0.0	0.0	0.0	0.0	0.0	0.0	0.0	0.0	0.0	0.0	0.0	0.0	9.0	0.0	0.0	0.0	0.0	0.0	0.0	0.0	0.0	0.0	0.0	0.0	0.0	0.0	0.0	0.0	0.0	0.0	0.0	0.0	0.0	0.0	0.0	0.0	0.0	0.0	0.0	0.0	0.0	0.0	0.0	0.0
SRR6764587	1005.0	3206.0	2965.0	0.0	3103.0	1157.0	14.0	129.0	1333.0	1232.0	0.0	0.0	539.0	75.0	1217.0	0.0	338.0	24.0	374.0	0.0	0.0	0.0	1702.0	158.0	0.0	0.0	0.0	8.0	0.0	0.0	0.0	76.0	69.0	449.0	169.0	236.0	51.0	0.0	42.0	301.0	0.0	0.0	0.0	42.0	41.0	2224.0	478.0	0.0	22.0	584.0	383.0	54.0	25.0	195.0	0.0	0.0	0.0	0.0	0.0	0.0	0.0	66.0	0.0	101.0	0.0	53.0	0.0	0.0	0.0	35.0	53.0	83.0	0.0	0.0	0.0	0.0	0.0	0.0	122.0	0.0	0.0	35.0	0.0	0.0	16.0	0.0	0.0	0.0	0.0	0.0	0.0	0.0	0.0	0.0	10.0	0.0	0.0	0.0	137.0	0.0	68.0	0.0	0.0	0.0	0.0	0.0	0.0	0.0	0.0	0.0	0.0	0.0	0.0	0.0	0.0	0.0	0.0	0.0	0.0	0.0	0.0	0.0	0.0	0.0	0.0	0.0	0.0	0.0	0.0	0.0	0.0	0.0	0.0	0.0	0.0	0.0	0.0	0.0	0.0	0.0	0.0	0.0	0.0	0.0	0.0	0.0	0.0	0.0	0.0	0.0	0.0	0.0	0.0	0.0
SRR6764588	723.0	1957.0	3058.0	0.0	2065.0	702.0	0.0	58.0	669.0	959.0	0.0	0.0	231.0	60.0	801.0	0.0	200.0	117.0	214.0	0.0	0.0	0.0	1978.0	72.0	4.0	0.0	0.0	111.0	0.0	0.0	0.0	28.0	0.0	246.0	184.0	113.0	27.0	0.0	76.0	380.0	0.0	0.0	0.0	47.0	0.0	2082.0	555.0	0.0	0.0	376.0	273.0	0.0	0.0	36.0	0.0	0.0	0.0	0.0	0.0	0.0	0.0	0.0	0.0	97.0	0.0	0.0	0.0	0.0	0.0	41.0	0.0	34.0	55.0	19.0	0.0	0.0	0.0	0.0	0.0	0.0	0.0	20.0	0.0	0.0	0.0	0.0	0.0	0.0	0.0	0.0	0.0	0.0	0.0	0.0	0.0	0.0	0.0	0.0	86.0	0.0	0.0	0.0	0.0	0.0	0.0	0.0	0.0	0.0	0.0	0.0	0.0	0.0	0.0	0.0	0.0	0.0	0.0	0.0	0.0	0.0	0.0	0.0	0.0	0.0	0.0	0.0	0.0	0.0	0.0	0.0	0.0	0.0	0.0	0.0	0.0	0.0	0.0	0.0	0.0	0.0	0.0	0.0	0.0	0.0	0.0	0.0	0.0	0.0	0.0	0.0	0.0	0.0	0.0	0.0
SRR6764612	623.0	1656.0	2005.0	7.0	1812.0	517.0	0.0	62.0	459.0	364.0	174.0	0.0	175.0	120.0	679.0	0.0	129.0	66.0	201.0	0.0	0.0	95.0	1608.0	23.0	0.0	0.0	0.0	40.0	0.0	0.0	0.0	33.0	44.0	65.0	88.0	246.0	0.0	0.0	0.0	200.0	0.0	0.0	0.0	50.0	0.0	1284.0	374.0	0.0	0.0	442.0	182.0	38.0	0.0	34.0	48.0	0.0	0.0	0.0	0.0	16.0	0.0	0.0	0.0	89.0	0.0	0.0	0.0	0.0	0.0	137.0	11.0	25.0	21.0	49.0	0.0	0.0	0.0	0.0	0.0	0.0	0.0	0.0	0.0	0.0	448.0	0.0	0.0	0.0	0.0	0.0	0.0	0.0	0.0	0.0	37.0	0.0	0.0	0.0	122.0	0.0	0.0	0.0	0.0	0.0	0.0	0.0	0.0	0.0	0.0	0.0	0.0	0.0	24.0	0.0	0.0	0.0	0.0	0.0	0.0	0.0	0.0	0.0	0.0	0.0	0.0	0.0	0.0	0.0	0.0	0.0	0.0	0.0	0.0	0.0	0.0	0.0	0.0	0.0	0.0	0.0	0.0	0.0	0.0	0.0	0.0	0.0	0.0	0.0	0.0	0.0	0.0	0.0	0.0	0.0
SRR6764613	467.0	1486.0	2047.0	8.0	1949.0	455.0	0.0	81.0	745.0	583.0	45.0	0.0	122.0	81.0	1019.0	0.0	213.0	20.0	167.0	0.0	0.0	99.0	1741.0	38.0	0.0	0.0	0.0	0.0	0.0	0.0	0.0	0.0	23.0	105.0	63.0	182.0	40.0	0.0	0.0	233.0	0.0	0.0	0.0	51.0	8.0	1462.0	329.0	0.0	0.0	248.0	269.0	47.0	0.0	15.0	77.0	0.0	0.0	0.0	0.0	0.0	0.0	0.0	0.0	86.0	0.0	0.0	0.0	0.0	0.0	176.0	15.0	28.0	25.0	69.0	0.0	0.0	0.0	0.0	12.0	0.0	0.0	0.0	0.0	0.0	429.0	0.0	0.0	0.0	0.0	0.0	0.0	0.0	0.0	0.0	29.0	0.0	0.0	0.0	120.0	0.0	0.0	0.0	0.0	0.0	0.0	0.0	0.0	0.0	0.0	0.0	0.0	0.0	19.0	0.0	0.0	0.0	0.0	0.0	0.0	0.0	0.0	0.0	0.0	0.0	0.0	0.0	0.0	0.0	0.0	0.0	0.0	0.0	0.0	0.0	0.0	0.0	0.0	0.0	0.0	0.0	0.0	0.0	0.0	0.0	0.0	0.0	0.0	0.0	0.0	0.0	0.0	0.0	0.0	0.0
SRR6764626	117.0	2320.0	2465.0	0.0	2221.0	730.0	24.0	116.0	842.0	1133.0	0.0	0.0	144.0	0.0	770.0	0.0	0.0	9.0	0.0	0.0	0.0	144.0	1061.0	59.0	0.0	0.0	0.0	0.0	0.0	0.0	0.0	21.0	0.0	145.0	67.0	0.0	0.0	0.0	0.0	407.0	0.0	0.0	0.0	0.0	0.0	1230.0	0.0	0.0	11.0	188.0	225.0	0.0	0.0	48.0	0.0	0.0	0.0	0.0	42.0	0.0	0.0	60.0	0.0	113.0	0.0	0.0	0.0	0.0	0.0	191.0	0.0	46.0	0.0	0.0	0.0	0.0	0.0	0.0	0.0	0.0	0.0	0.0	0.0	0.0	56.0	0.0	0.0	0.0	0.0	0.0	0.0	0.0	0.0	0.0	0.0	0.0	0.0	0.0	0.0	0.0	0.0	0.0	0.0	0.0	0.0	0.0	0.0	0.0	0.0	0.0	0.0	0.0	0.0	0.0	0.0	0.0	0.0	0.0	0.0	0.0	0.0	0.0	0.0	0.0	0.0	0.0	0.0	0.0	0.0	0.0	0.0	0.0	0.0	0.0	0.0	0.0	0.0	0.0	0.0	0.0	0.0	0.0	0.0	0.0	0.0	0.0	0.0	0.0	0.0	0.0	0.0	0.0	0.0	0.0
SRR6764627	549.0	4491.0	3764.0	0.0	2897.0	1137.0	24.0	1010.0	2629.0	1269.0	196.0	0.0	372.0	435.0	1796.0	0.0	481.0	0.0	347.0	0.0	0.0	940.0	2279.0	366.0	0.0	0.0	0.0	141.0	0.0	0.0	18.0	300.0	0.0	508.0	108.0	209.0	0.0	0.0	0.0	407.0	0.0	0.0	0.0	19.0	53.0	2392.0	709.0	0.0	0.0	600.0	266.0	52.0	33.0	106.0	0.0	0.0	0.0	0.0	133.0	0.0	0.0	235.0	0.0	174.0	0.0	311.0	0.0	0.0	0.0	310.0	0.0	44.0	54.0	72.0	0.0	0.0	0.0	0.0	60.0	0.0	0.0	0.0	0.0	0.0	43.0	0.0	0.0	0.0	0.0	6.0	0.0	0.0	0.0	0.0	0.0	0.0	0.0	0.0	132.0	0.0	0.0	0.0	0.0	0.0	0.0	0.0	0.0	0.0	0.0	0.0	0.0	0.0	0.0	0.0	0.0	0.0	0.0	0.0	0.0	0.0	0.0	0.0	0.0	0.0	0.0	0.0	0.0	0.0	0.0	0.0	0.0	0.0	0.0	0.0	0.0	0.0	0.0	0.0	0.0	0.0	0.0	0.0	0.0	0.0	0.0	0.0	0.0	0.0	0.0	0.0	0.0	0.0	0.0	0.0
SRR6764629	899.0	2358.0	3698.0	0.0	3244.0	1043.0	0.0	61.0	1147.0	883.0	0.0	0.0	537.0	344.0	1023.0	0.0	200.0	0.0	442.0	0.0	0.0	172.0	1684.0	40.0	0.0	0.0	0.0	19.0	0.0	0.0	0.0	104.0	68.0	133.0	154.0	275.0	81.0	0.0	54.0	249.0	0.0	0.0	0.0	0.0	0.0	2871.0	301.0	0.0	0.0	341.0	578.0	0.0	103.0	104.0	0.0	0.0	0.0	0.0	0.0	0.0	0.0	155.0	0.0	133.0	0.0	58.0	0.0	0.0	0.0	86.0	0.0	46.0	0.0	59.0	0.0	0.0	0.0	0.0	9.0	0.0	0.0	0.0	0.0	0.0	17.0	0.0	0.0	0.0	0.0	0.0	0.0	0.0	0.0	0.0	24.0	0.0	0.0	0.0	0.0	0.0	0.0	0.0	0.0	0.0	0.0	0.0	0.0	0.0	0.0	0.0	0.0	0.0	0.0	0.0	0.0	0.0	0.0	0.0	0.0	0.0	0.0	0.0	0.0	0.0	0.0	0.0	0.0	0.0	0.0	0.0	0.0	0.0	0.0	0.0	0.0	0.0	0.0	0.0	0.0	0.0	0.0	0.0	0.0	0.0	0.0	0.0	0.0	0.0	0.0	0.0	0.0	0.0	0.0	0.0
SRR6764652	403.0	2106.0	3776.0	0.0	2294.0	372.0	0.0	40.0	151.0	464.0	0.0	0.0	346.0	88.0	1027.0	40.0	252.0	0.0	277.0	0.0	0.0	169.0	1785.0	110.0	34.0	0.0	0.0	0.0	0.0	0.0	0.0	66.0	52.0	18.0	68.0	85.0	75.0	0.0	0.0	102.0	0.0	0.0	0.0	91.0	0.0	1702.0	410.0	0.0	28.0	427.0	299.0	0.0	0.0	0.0	67.0	0.0	0.0	0.0	0.0	15.0	0.0	93.0	0.0	132.0	0.0	52.0	0.0	0.0	4.0	176.0	0.0	62.0	0.0	87.0	0.0	0.0	0.0	0.0	19.0	0.0	18.0	0.0	0.0	0.0	0.0	0.0	0.0	0.0	0.0	0.0	0.0	0.0	0.0	0.0	45.0	0.0	0.0	5.0	124.0	0.0	0.0	0.0	0.0	0.0	0.0	0.0	0.0	0.0	0.0	0.0	0.0	0.0	24.0	0.0	0.0	0.0	0.0	0.0	0.0	0.0	0.0	0.0	0.0	0.0	0.0	0.0	0.0	0.0	0.0	0.0	0.0	0.0	0.0	0.0	0.0	0.0	0.0	0.0	0.0	0.0	0.0	0.0	0.0	0.0	0.0	0.0	0.0	0.0	0.0	0.0	0.0	0.0	0.0	0.0
SRR6764667	171.0	1964.0	1840.0	0.0	2115.0	203.0	19.0	81.0	724.0	951.0	72.0	0.0	236.0	68.0	383.0	0.0	163.0	0.0	254.0	0.0	0.0	82.0	579.0	24.0	0.0	0.0	0.0	0.0	0.0	0.0	0.0	11.0	59.0	18.0	20.0	50.0	15.0	0.0	0.0	228.0	0.0	0.0	0.0	0.0	0.0	946.0	280.0	0.0	0.0	437.0	158.0	0.0	0.0	39.0	0.0	0.0	0.0	0.0	35.0	0.0	0.0	0.0	0.0	95.0	0.0	0.0	0.0	0.0	0.0	80.0	8.0	33.0	0.0	0.0	0.0	0.0	0.0	0.0	0.0	0.0	0.0	0.0	0.0	0.0	97.0	0.0	0.0	0.0	0.0	0.0	0.0	0.0	0.0	0.0	0.0	0.0	0.0	0.0	44.0	0.0	0.0	0.0	0.0	0.0	0.0	0.0	0.0	0.0	0.0	0.0	0.0	0.0	0.0	0.0	0.0	0.0	0.0	0.0	0.0	0.0	0.0	0.0	0.0	0.0	0.0	0.0	0.0	0.0	0.0	0.0	0.0	0.0	0.0	0.0	0.0	0.0	0.0	0.0	0.0	0.0	0.0	0.0	0.0	0.0	0.0	0.0	0.0	0.0	0.0	0.0	0.0	0.0	0.0	0.0
SRR6764670	1253.0	4324.0	5541.0	0.0	4171.0	1052.0	24.0	85.0	1917.0	2222.0	231.0	0.0	910.0	148.0	1651.0	77.0	279.0	14.0	521.0	0.0	24.0	187.0	2118.0	122.0	0.0	0.0	0.0	89.0	0.0	0.0	29.0	3.0	30.0	459.0	156.0	307.0	28.0	0.0	67.0	135.0	0.0	0.0	0.0	115.0	72.0	2483.0	456.0	0.0	0.0	749.0	481.0	31.0	33.0	109.0	63.0	0.0	0.0	0.0	78.0	0.0	0.0	143.0	0.0	216.0	32.0	74.0	0.0	0.0	47.0	343.0	48.0	150.0	35.0	135.0	0.0	0.0	0.0	0.0	73.0	0.0	0.0	0.0	0.0	0.0	366.0	0.0	0.0	0.0	0.0	0.0	0.0	0.0	0.0	0.0	26.0	0.0	0.0	0.0	144.0	0.0	16.0	0.0	0.0	0.0	0.0	0.0	0.0	0.0	0.0	0.0	0.0	0.0	65.0	0.0	0.0	0.0	0.0	0.0	0.0	0.0	0.0	0.0	0.0	0.0	0.0	0.0	0.0	0.0	0.0	0.0	0.0	0.0	0.0	0.0	0.0	0.0	0.0	0.0	0.0	0.0	0.0	0.0	0.0	0.0	0.0	0.0	0.0	0.0	0.0	0.0	0.0	0.0	0.0	0.0
SRR6764676	702.0	2076.0	907.0	14.0	1990.0	344.0	21.0	60.0	348.0	749.0	130.0	0.0	153.0	115.0	649.0	0.0	266.0	10.0	358.0	0.0	0.0	178.0	940.0	36.0	0.0	0.0	0.0	0.0	0.0	0.0	0.0	11.0	0.0	85.0	24.0	90.0	0.0	0.0	0.0	289.0	0.0	0.0	0.0	32.0	0.0	1745.0	374.0	0.0	0.0	235.0	272.0	67.0	0.0	140.0	34.0	0.0	0.0	0.0	0.0	0.0	0.0	77.0	0.0	0.0	0.0	0.0	0.0	0.0	0.0	62.0	0.0	0.0	39.0	21.0	0.0	0.0	0.0	0.0	0.0	0.0	0.0	0.0	0.0	0.0	71.0	0.0	0.0	0.0	0.0	0.0	0.0	0.0	0.0	0.0	0.0	0.0	0.0	0.0	281.0	0.0	0.0	0.0	0.0	0.0	0.0	0.0	0.0	0.0	0.0	0.0	0.0	0.0	21.0	0.0	0.0	16.0	0.0	0.0	0.0	0.0	0.0	0.0	0.0	0.0	0.0	0.0	0.0	0.0	0.0	0.0	0.0	0.0	0.0	0.0	0.0	0.0	0.0	0.0	0.0	0.0	0.0	0.0	0.0	0.0	0.0	0.0	0.0	0.0	0.0	0.0	0.0	0.0	0.0	0.0
SRR6764682	929.0	3040.0	1144.0	0.0	2422.0	962.0	25.0	122.0	1000.0	2029.0	424.0	0.0	657.0	97.0	522.0	0.0	288.0	0.0	304.0	0.0	0.0	265.0	1416.0	91.0	10.0	0.0	0.0	21.0	0.0	0.0	98.0	17.0	0.0	182.0	0.0	412.0	95.0	0.0	0.0	308.0	0.0	0.0	27.0	85.0	58.0	2522.0	214.0	0.0	0.0	691.0	298.0	112.0	0.0	129.0	68.0	0.0	0.0	0.0	80.0	25.0	0.0	114.0	0.0	110.0	0.0	59.0	12.0	0.0	0.0	154.0	167.0	108.0	14.0	25.0	0.0	0.0	0.0	0.0	0.0	0.0	0.0	0.0	0.0	0.0	21.0	0.0	0.0	0.0	0.0	0.0	0.0	0.0	0.0	0.0	56.0	0.0	0.0	0.0	331.0	0.0	80.0	0.0	0.0	0.0	0.0	0.0	0.0	0.0	0.0	0.0	0.0	0.0	65.0	0.0	0.0	20.0	0.0	0.0	0.0	0.0	0.0	0.0	0.0	0.0	0.0	0.0	0.0	0.0	0.0	0.0	0.0	0.0	0.0	0.0	0.0	0.0	0.0	0.0	0.0	0.0	0.0	0.0	0.0	0.0	0.0	0.0	0.0	0.0	0.0	0.0	0.0	0.0	0.0	0.0
SRR6764689	717.0	3018.0	3787.0	0.0	3495.0	777.0	17.0	427.0	1246.0	2374.0	0.0	0.0	667.0	110.0	1237.0	102.0	256.0	0.0	472.0	0.0	0.0	79.0	1868.0	302.0	0.0	0.0	0.0	74.0	0.0	0.0	0.0	17.0	49.0	335.0	91.0	175.0	0.0	0.0	49.0	299.0	0.0	0.0	0.0	0.0	41.0	1973.0	280.0	0.0	0.0	321.0	301.0	0.0	23.0	60.0	0.0	0.0	0.0	0.0	0.0	0.0	0.0	0.0	0.0	0.0	0.0	101.0	0.0	0.0	0.0	32.0	0.0	27.0	32.0	0.0	0.0	0.0	0.0	0.0	5.0	0.0	0.0	0.0	0.0	0.0	60.0	0.0	0.0	0.0	0.0	0.0	0.0	0.0	0.0	0.0	27.0	0.0	0.0	0.0	75.0	0.0	0.0	0.0	0.0	0.0	0.0	0.0	0.0	0.0	0.0	0.0	0.0	0.0	0.0	0.0	0.0	0.0	0.0	0.0	0.0	0.0	0.0	0.0	0.0	0.0	0.0	0.0	0.0	0.0	0.0	0.0	0.0	0.0	0.0	0.0	0.0	0.0	0.0	0.0	0.0	0.0	0.0	0.0	0.0	0.0	0.0	0.0	0.0	0.0	0.0	0.0	0.0	0.0	0.0	0.0
SRR6764690	606.0	1679.0	4299.0	0.0	1996.0	550.0	0.0	0.0	966.0	653.0	40.0	0.0	469.0	54.0	1617.0	0.0	172.0	13.0	284.0	0.0	0.0	89.0	1904.0	77.0	0.0	0.0	0.0	156.0	0.0	0.0	0.0	64.0	0.0	217.0	220.0	65.0	17.0	0.0	0.0	279.0	0.0	0.0	0.0	0.0	0.0	1650.0	295.0	0.0	0.0	481.0	239.0	0.0	0.0	134.0	0.0	0.0	0.0	0.0	0.0	0.0	0.0	0.0	0.0	22.0	0.0	0.0	0.0	0.0	7.0	0.0	0.0	50.0	0.0	148.0	0.0	0.0	0.0	0.0	0.0	0.0	0.0	0.0	0.0	0.0	66.0	0.0	0.0	0.0	0.0	0.0	0.0	0.0	0.0	0.0	0.0	0.0	0.0	0.0	83.0	0.0	36.0	0.0	0.0	0.0	0.0	0.0	0.0	0.0	0.0	0.0	0.0	0.0	0.0	0.0	0.0	0.0	0.0	0.0	0.0	0.0	0.0	0.0	0.0	0.0	0.0	0.0	0.0	0.0	0.0	0.0	0.0	0.0	0.0	0.0	0.0	0.0	0.0	0.0	0.0	0.0	0.0	0.0	0.0	0.0	0.0	0.0	0.0	0.0	0.0	0.0	0.0	0.0	0.0	0.0
SRR6764691	215.0	2076.0	2736.0	0.0	2112.0	392.0	0.0	143.0	964.0	1092.0	0.0	0.0	112.0	64.0	951.0	0.0	184.0	0.0	321.0	0.0	0.0	0.0	1329.0	101.0	0.0	0.0	0.0	28.0	0.0	0.0	0.0	13.0	0.0	147.0	88.0	160.0	0.0	0.0	0.0	267.0	0.0	0.0	0.0	0.0	0.0	1405.0	309.0	0.0	0.0	124.0	173.0	0.0	0.0	70.0	0.0	0.0	0.0	0.0	0.0	0.0	0.0	12.0	0.0	110.0	0.0	0.0	0.0	0.0	0.0	29.0	0.0	32.0	0.0	52.0	0.0	0.0	0.0	0.0	34.0	0.0	0.0	0.0	0.0	0.0	30.0	0.0	0.0	0.0	0.0	0.0	0.0	0.0	0.0	0.0	0.0	0.0	0.0	0.0	83.0	0.0	0.0	0.0	0.0	0.0	0.0	0.0	0.0	0.0	0.0	0.0	0.0	0.0	0.0	0.0	0.0	0.0	0.0	0.0	0.0	0.0	0.0	0.0	0.0	0.0	0.0	0.0	0.0	0.0	0.0	0.0	0.0	0.0	0.0	0.0	0.0	0.0	0.0	0.0	0.0	0.0	0.0	0.0	0.0	0.0	0.0	0.0	0.0	0.0	0.0	0.0	0.0	0.0	0.0	0.0
SRR6764692	233.0	1082.0	3256.0	0.0	1841.0	356.0	18.0	29.0	404.0	943.0	0.0	0.0	170.0	0.0	877.0	0.0	163.0	118.0	290.0	0.0	0.0	0.0	1304.0	122.0	0.0	0.0	0.0	46.0	0.0	0.0	0.0	19.0	0.0	102.0	94.0	0.0	0.0	0.0	0.0	306.0	0.0	0.0	0.0	0.0	29.0	1497.0	398.0	0.0	0.0	421.0	200.0	0.0	0.0	118.0	0.0	0.0	0.0	0.0	0.0	0.0	0.0	54.0	0.0	88.0	0.0	0.0	0.0	0.0	0.0	11.0	0.0	43.0	0.0	46.0	0.0	0.0	0.0	0.0	0.0	0.0	0.0	0.0	0.0	0.0	0.0	0.0	0.0	0.0	0.0	0.0	0.0	0.0	0.0	0.0	0.0	0.0	0.0	0.0	68.0	0.0	0.0	0.0	0.0	0.0	0.0	0.0	0.0	0.0	0.0	0.0	0.0	0.0	0.0	0.0	0.0	0.0	0.0	0.0	0.0	0.0	0.0	0.0	0.0	0.0	0.0	0.0	0.0	0.0	0.0	0.0	0.0	0.0	0.0	0.0	0.0	0.0	0.0	0.0	0.0	0.0	0.0	0.0	0.0	0.0	0.0	0.0	0.0	0.0	0.0	0.0	0.0	0.0	0.0	0.0
SRR6764693	655.0	3098.0	2026.0	0.0	2033.0	716.0	23.0	104.0	818.0	1865.0	0.0	0.0	238.0	125.0	498.0	84.0	212.0	63.0	234.0	0.0	0.0	152.0	1368.0	35.0	0.0	0.0	0.0	39.0	0.0	0.0	0.0	0.0	40.0	119.0	35.0	0.0	12.0	0.0	130.0	246.0	0.0	0.0	0.0	36.0	0.0	1159.0	182.0	0.0	0.0	467.0	35.0	25.0	0.0	101.0	0.0	0.0	0.0	0.0	0.0	0.0	0.0	0.0	0.0	102.0	0.0	0.0	0.0	0.0	0.0	226.0	22.0	31.0	4.0	32.0	0.0	0.0	0.0	0.0	0.0	0.0	17.0	0.0	0.0	0.0	219.0	0.0	0.0	0.0	0.0	0.0	0.0	0.0	0.0	0.0	43.0	0.0	0.0	0.0	98.0	0.0	0.0	0.0	0.0	0.0	0.0	0.0	0.0	0.0	0.0	0.0	0.0	0.0	0.0	0.0	0.0	0.0	0.0	0.0	0.0	0.0	0.0	0.0	0.0	0.0	0.0	0.0	0.0	0.0	0.0	0.0	0.0	0.0	0.0	0.0	0.0	0.0	0.0	0.0	0.0	0.0	0.0	0.0	0.0	0.0	0.0	0.0	0.0	0.0	0.0	0.0	0.0	0.0	0.0	0.0
SRR6764695	387.0	2259.0	2410.0	0.0	2237.0	735.0	22.0	480.0	1740.0	1257.0	47.0	0.0	274.0	37.0	1680.0	0.0	284.0	0.0	399.0	0.0	0.0	283.0	1405.0	346.0	12.0	0.0	0.0	16.0	0.0	0.0	0.0	34.0	0.0	344.0	72.0	245.0	0.0	0.0	0.0	248.0	0.0	0.0	0.0	0.0	45.0	1813.0	486.0	0.0	0.0	656.0	98.0	0.0	0.0	177.0	0.0	0.0	0.0	0.0	69.0	0.0	0.0	0.0	0.0	113.0	0.0	126.0	0.0	0.0	0.0	175.0	0.0	25.0	0.0	82.0	0.0	0.0	0.0	0.0	32.0	0.0	30.0	0.0	0.0	0.0	271.0	0.0	0.0	0.0	0.0	0.0	0.0	0.0	0.0	0.0	0.0	0.0	0.0	0.0	85.0	0.0	0.0	0.0	0.0	0.0	0.0	0.0	0.0	0.0	0.0	0.0	0.0	0.0	0.0	0.0	0.0	0.0	0.0	0.0	0.0	0.0	0.0	0.0	0.0	0.0	0.0	0.0	0.0	0.0	0.0	0.0	0.0	0.0	0.0	0.0	0.0	0.0	0.0	0.0	0.0	0.0	0.0	0.0	0.0	0.0	0.0	0.0	0.0	0.0	0.0	0.0	0.0	0.0	0.0	0.0
SRR6764696	373.0	2512.0	1406.0	0.0	1783.0	162.0	20.0	263.0	1598.0	1725.0	0.0	0.0	253.0	96.0	568.0	45.0	258.0	111.0	394.0	0.0	0.0	199.0	1195.0	279.0	0.0	0.0	0.0	40.0	0.0	0.0	0.0	17.0	0.0	264.0	10.0	0.0	0.0	0.0	34.0	254.0	0.0	0.0	0.0	0.0	85.0	762.0	354.0	0.0	0.0	408.0	40.0	0.0	0.0	89.0	0.0	0.0	0.0	0.0	36.0	0.0	0.0	0.0	0.0	17.0	0.0	132.0	0.0	0.0	0.0	19.0	0.0	38.0	69.0	49.0	0.0	0.0	0.0	0.0	11.0	0.0	21.0	0.0	0.0	0.0	43.0	0.0	0.0	0.0	0.0	0.0	0.0	0.0	0.0	0.0	0.0	0.0	0.0	0.0	0.0	0.0	0.0	0.0	0.0	0.0	0.0	0.0	0.0	0.0	0.0	0.0	0.0	0.0	0.0	0.0	0.0	0.0	0.0	0.0	0.0	0.0	0.0	0.0	0.0	0.0	0.0	0.0	0.0	0.0	0.0	0.0	0.0	0.0	0.0	0.0	0.0	0.0	0.0	0.0	0.0	0.0	0.0	0.0	0.0	0.0	0.0	0.0	0.0	0.0	0.0	0.0	0.0	0.0	0.0	0.0
SRR6764697	261.0	1861.0	958.0	0.0	822.0	196.0	15.0	201.0	835.0	1434.0	0.0	0.0	48.0	72.0	401.0	49.0	265.0	0.0	346.0	0.0	0.0	29.0	914.0	156.0	0.0	0.0	0.0	0.0	0.0	0.0	7.0	14.0	0.0	106.0	0.0	0.0	0.0	0.0	0.0	240.0	0.0	0.0	0.0	0.0	29.0	1029.0	292.0	0.0	0.0	263.0	53.0	0.0	0.0	82.0	0.0	0.0	0.0	0.0	32.0	0.0	0.0	0.0	0.0	0.0	0.0	64.0	0.0	0.0	0.0	0.0	0.0	22.0	0.0	0.0	0.0	0.0	0.0	0.0	0.0	0.0	14.0	0.0	0.0	0.0	26.0	0.0	0.0	0.0	0.0	0.0	0.0	0.0	0.0	0.0	0.0	0.0	0.0	0.0	68.0	0.0	0.0	0.0	0.0	0.0	0.0	0.0	0.0	0.0	0.0	0.0	0.0	0.0	0.0	0.0	0.0	0.0	0.0	0.0	0.0	0.0	0.0	0.0	0.0	0.0	0.0	0.0	0.0	0.0	0.0	0.0	0.0	0.0	0.0	0.0	0.0	0.0	0.0	0.0	0.0	0.0	0.0	0.0	0.0	0.0	0.0	0.0	0.0	0.0	0.0	0.0	0.0	0.0	0.0	0.0
SRR6764698	282.0	2487.0	1346.0	0.0	1173.0	485.0	68.0	155.0	2132.0	2027.0	0.0	0.0	198.0	70.0	790.0	90.0	296.0	114.0	387.0	0.0	0.0	129.0	1065.0	229.0	0.0	0.0	0.0	0.0	0.0	0.0	0.0	21.0	0.0	242.0	0.0	123.0	0.0	0.0	0.0	215.0	0.0	0.0	0.0	0.0	0.0	1246.0	321.0	0.0	0.0	473.0	49.0	0.0	0.0	123.0	0.0	0.0	0.0	0.0	0.0	0.0	0.0	0.0	0.0	80.0	0.0	151.0	0.0	0.0	0.0	57.0	0.0	58.0	0.0	33.0	0.0	0.0	0.0	0.0	13.0	0.0	0.0	0.0	0.0	0.0	50.0	0.0	0.0	0.0	0.0	0.0	0.0	0.0	0.0	0.0	0.0	0.0	0.0	0.0	0.0	0.0	0.0	0.0	0.0	0.0	0.0	0.0	0.0	0.0	0.0	0.0	0.0	0.0	0.0	0.0	0.0	0.0	0.0	0.0	0.0	0.0	0.0	0.0	0.0	0.0	0.0	0.0	0.0	0.0	0.0	0.0	0.0	0.0	0.0	0.0	0.0	0.0	0.0	0.0	0.0	0.0	0.0	0.0	0.0	0.0	0.0	0.0	0.0	0.0	0.0	0.0	0.0	0.0	0.0	0.0
SRR6764747	955.0	2233.0	2638.0	0.0	3047.0	634.0	33.0	0.0	1037.0	974.0	0.0	0.0	276.0	114.0	1107.0	0.0	161.0	0.0	297.0	0.0	0.0	106.0	1456.0	125.0	0.0	0.0	0.0	0.0	0.0	0.0	0.0	27.0	0.0	348.0	37.0	189.0	30.0	0.0	0.0	324.0	0.0	0.0	0.0	0.0	0.0	1755.0	500.0	0.0	15.0	92.0	384.0	0.0	149.0	51.0	0.0	0.0	0.0	0.0	16.0	0.0	0.0	83.0	0.0	158.0	0.0	58.0	0.0	0.0	0.0	107.0	9.0	29.0	0.0	39.0	0.0	0.0	0.0	0.0	30.0	0.0	0.0	0.0	0.0	0.0	16.0	0.0	0.0	0.0	0.0	0.0	0.0	0.0	0.0	0.0	13.0	0.0	0.0	0.0	126.0	0.0	54.0	0.0	0.0	0.0	0.0	0.0	0.0	0.0	0.0	0.0	0.0	0.0	0.0	0.0	0.0	0.0	0.0	0.0	0.0	0.0	0.0	0.0	0.0	0.0	0.0	0.0	0.0	0.0	0.0	0.0	0.0	0.0	0.0	0.0	0.0	0.0	0.0	0.0	0.0	0.0	0.0	0.0	0.0	0.0	0.0	0.0	0.0	0.0	0.0	0.0	0.0	0.0	0.0	0.0
SRR6764748	545.0	2699.0	1759.0	0.0	2191.0	674.0	15.0	119.0	1044.0	1316.0	113.0	0.0	120.0	0.0	748.0	45.0	226.0	0.0	319.0	0.0	0.0	140.0	1238.0	191.0	0.0	0.0	0.0	0.0	0.0	0.0	0.0	61.0	0.0	214.0	36.0	116.0	15.0	0.0	0.0	150.0	0.0	0.0	0.0	19.0	0.0	1667.0	381.0	0.0	0.0	279.0	365.0	0.0	0.0	46.0	25.0	0.0	0.0	0.0	0.0	0.0	0.0	43.0	0.0	0.0	0.0	57.0	0.0	0.0	0.0	211.0	0.0	44.0	0.0	0.0	0.0	0.0	0.0	0.0	134.0	0.0	0.0	0.0	0.0	0.0	446.0	0.0	0.0	0.0	0.0	0.0	0.0	0.0	0.0	0.0	42.0	0.0	0.0	0.0	9.0	0.0	0.0	0.0	0.0	0.0	0.0	0.0	0.0	0.0	0.0	0.0	0.0	0.0	0.0	0.0	0.0	9.0	0.0	0.0	0.0	0.0	0.0	0.0	0.0	0.0	0.0	0.0	0.0	0.0	0.0	0.0	0.0	0.0	0.0	0.0	0.0	0.0	0.0	0.0	0.0	0.0	0.0	0.0	0.0	0.0	0.0	0.0	0.0	0.0	0.0	0.0	0.0	0.0	0.0	0.0
SRR6764749	285.0	2495.0	1518.0	0.0	1527.0	329.0	10.0	269.0	1387.0	1125.0	0.0	0.0	48.0	63.0	747.0	69.0	366.0	0.0	252.0	0.0	0.0	104.0	908.0	189.0	0.0	0.0	0.0	0.0	0.0	0.0	0.0	22.0	0.0	450.0	0.0	0.0	0.0	0.0	0.0	298.0	0.0	0.0	0.0	0.0	0.0	1124.0	460.0	0.0	0.0	310.0	138.0	0.0	0.0	84.0	0.0	0.0	0.0	0.0	0.0	0.0	0.0	0.0	0.0	109.0	0.0	102.0	0.0	0.0	0.0	127.0	0.0	26.0	0.0	0.0	0.0	0.0	0.0	0.0	0.0	0.0	0.0	0.0	0.0	0.0	21.0	0.0	0.0	0.0	0.0	0.0	0.0	0.0	0.0	0.0	0.0	0.0	0.0	0.0	0.0	0.0	0.0	0.0	0.0	0.0	0.0	0.0	0.0	0.0	0.0	0.0	0.0	0.0	0.0	0.0	0.0	0.0	0.0	0.0	0.0	0.0	0.0	0.0	0.0	0.0	0.0	0.0	0.0	0.0	0.0	0.0	0.0	0.0	0.0	0.0	0.0	0.0	0.0	0.0	0.0	0.0	0.0	0.0	0.0	0.0	0.0	0.0	0.0	0.0	0.0	0.0	0.0	0.0	0.0	0.0
SRR6764750	548.0	2537.0	1580.0	0.0	1834.0	398.0	0.0	238.0	1170.0	756.0	0.0	0.0	99.0	85.0	1383.0	76.0	215.0	0.0	248.0	0.0	0.0	96.0	1406.0	323.0	0.0	0.0	0.0	53.0	0.0	0.0	0.0	24.0	0.0	543.0	38.0	127.0	23.0	0.0	0.0	319.0	0.0	0.0	0.0	19.0	0.0	1599.0	210.0	0.0	0.0	427.0	214.0	0.0	0.0	0.0	0.0	0.0	0.0	0.0	67.0	0.0	0.0	67.0	0.0	105.0	0.0	114.0	0.0	0.0	0.0	191.0	0.0	36.0	0.0	25.0	0.0	0.0	0.0	0.0	0.0	0.0	0.0	0.0	0.0	0.0	138.0	0.0	0.0	0.0	0.0	0.0	0.0	0.0	0.0	0.0	42.0	0.0	0.0	0.0	0.0	0.0	0.0	0.0	0.0	0.0	0.0	0.0	0.0	0.0	0.0	0.0	0.0	0.0	0.0	0.0	0.0	0.0	0.0	0.0	0.0	0.0	0.0	0.0	0.0	0.0	0.0	0.0	0.0	0.0	0.0	0.0	0.0	0.0	0.0	0.0	0.0	0.0	0.0	0.0	0.0	0.0	0.0	0.0	0.0	0.0	0.0	0.0	0.0	0.0	0.0	0.0	0.0	0.0	0.0	0.0
SRR6764768	309.0	2321.0	1004.0	0.0	1271.0	259.0	0.0	0.0	710.0	842.0	37.0	0.0	98.0	0.0	450.0	100.0	205.0	0.0	365.0	0.0	0.0	89.0	1072.0	37.0	0.0	0.0	0.0	41.0	0.0	0.0	0.0	14.0	0.0	116.0	0.0	117.0	8.0	0.0	0.0	237.0	0.0	0.0	0.0	0.0	0.0	1426.0	393.0	0.0	0.0	209.0	287.0	0.0	54.0	41.0	0.0	0.0	0.0	0.0	0.0	0.0	0.0	52.0	0.0	0.0	0.0	61.0	0.0	0.0	0.0	43.0	0.0	38.0	0.0	0.0	0.0	0.0	0.0	0.0	0.0	0.0	0.0	0.0	0.0	0.0	37.0	0.0	0.0	0.0	0.0	0.0	0.0	0.0	0.0	0.0	32.0	0.0	0.0	0.0	68.0	0.0	0.0	0.0	0.0	0.0	0.0	0.0	0.0	0.0	0.0	0.0	0.0	0.0	0.0	0.0	0.0	0.0	0.0	0.0	0.0	0.0	0.0	0.0	0.0	0.0	0.0	0.0	0.0	0.0	0.0	0.0	0.0	0.0	0.0	0.0	0.0	0.0	0.0	0.0	0.0	0.0	0.0	0.0	0.0	0.0	0.0	0.0	0.0	0.0	0.0	0.0	0.0	0.0	0.0	0.0
SRR6764769	777.0	2430.0	2055.0	0.0	2007.0	280.0	24.0	191.0	1258.0	1538.0	108.0	0.0	277.0	121.0	749.0	151.0	319.0	0.0	273.0	0.0	0.0	46.0	945.0	130.0	0.0	0.0	0.0	27.0	0.0	0.0	0.0	58.0	18.0	361.0	14.0	203.0	31.0	0.0	0.0	192.0	0.0	0.0	0.0	0.0	0.0	1685.0	455.0	0.0	0.0	614.0	526.0	0.0	19.0	62.0	0.0	0.0	0.0	0.0	40.0	0.0	0.0	32.0	0.0	185.0	0.0	65.0	0.0	0.0	0.0	87.0	0.0	72.0	0.0	0.0	0.0	0.0	0.0	0.0	0.0	0.0	0.0	0.0	0.0	0.0	30.0	0.0	0.0	0.0	0.0	0.0	0.0	0.0	0.0	0.0	0.0	0.0	0.0	0.0	0.0	0.0	0.0	0.0	0.0	0.0	0.0	0.0	0.0	0.0	0.0	0.0	0.0	0.0	0.0	0.0	0.0	33.0	0.0	0.0	0.0	0.0	0.0	0.0	0.0	0.0	0.0	0.0	0.0	0.0	0.0	0.0	0.0	0.0	0.0	0.0	0.0	0.0	0.0	0.0	0.0	0.0	0.0	0.0	0.0	0.0	0.0	0.0	0.0	0.0	0.0	0.0	0.0	0.0	0.0	0.0
SRR6764771	392.0	3424.0	1645.0	0.0	2007.0	334.0	0.0	751.0	2217.0	855.0	130.0	0.0	32.0	94.0	1145.0	65.0	385.0	178.0	330.0	0.0	0.0	0.0	1505.0	253.0	15.0	0.0	0.0	59.0	0.0	0.0	0.0	96.0	0.0	576.0	58.0	41.0	16.0	0.0	0.0	287.0	0.0	0.0	0.0	0.0	40.0	1825.0	24.0	0.0	0.0	708.0	119.0	0.0	0.0	138.0	0.0	0.0	0.0	0.0	77.0	0.0	0.0	0.0	0.0	0.0	0.0	121.0	0.0	0.0	0.0	292.0	0.0	40.0	35.0	61.0	0.0	0.0	0.0	0.0	7.0	0.0	0.0	0.0	0.0	0.0	47.0	0.0	0.0	0.0	0.0	0.0	0.0	0.0	0.0	0.0	0.0	0.0	0.0	0.0	79.0	0.0	0.0	0.0	0.0	0.0	0.0	0.0	0.0	0.0	0.0	0.0	0.0	0.0	10.0	0.0	0.0	0.0	0.0	0.0	0.0	0.0	0.0	0.0	0.0	0.0	0.0	0.0	0.0	0.0	0.0	0.0	0.0	0.0	0.0	0.0	0.0	0.0	0.0	0.0	0.0	0.0	0.0	0.0	0.0	0.0	0.0	0.0	0.0	0.0	0.0	0.0	0.0	0.0	0.0	0.0
SRR6764772	565.0	2800.0	2807.0	0.0	2668.0	499.0	0.0	539.0	2093.0	1028.0	0.0	0.0	325.0	164.0	1561.0	51.0	281.0	0.0	380.0	0.0	0.0	348.0	1454.0	237.0	0.0	0.0	0.0	54.0	31.0	0.0	0.0	105.0	0.0	378.0	78.0	51.0	0.0	0.0	0.0	310.0	15.0	0.0	0.0	0.0	0.0	2102.0	527.0	0.0	0.0	773.0	179.0	0.0	0.0	109.0	0.0	0.0	0.0	0.0	59.0	0.0	0.0	91.0	0.0	195.0	0.0	152.0	0.0	0.0	0.0	158.0	0.0	63.0	57.0	55.0	0.0	0.0	0.0	0.0	353.0	0.0	27.0	0.0	0.0	0.0	167.0	0.0	0.0	0.0	0.0	0.0	0.0	0.0	0.0	0.0	27.0	0.0	0.0	0.0	0.0	0.0	0.0	0.0	0.0	0.0	0.0	0.0	0.0	0.0	0.0	0.0	0.0	0.0	0.0	0.0	0.0	0.0	0.0	0.0	0.0	0.0	0.0	0.0	0.0	0.0	0.0	0.0	0.0	0.0	0.0	0.0	0.0	0.0	0.0	0.0	0.0	0.0	0.0	0.0	0.0	0.0	0.0	0.0	0.0	0.0	0.0	0.0	0.0	0.0	0.0	0.0	0.0	0.0	0.0	0.0
SRR6764773	466.0	2258.0	3338.0	0.0	2777.0	412.0	17.0	415.0	1878.0	893.0	78.0	0.0	190.0	200.0	1795.0	90.0	355.0	0.0	401.0	0.0	0.0	229.0	1554.0	281.0	0.0	0.0	0.0	42.0	0.0	0.0	0.0	100.0	0.0	469.0	73.0	138.0	0.0	0.0	0.0	452.0	0.0	0.0	0.0	0.0	0.0	2098.0	379.0	0.0	0.0	890.0	203.0	41.0	0.0	50.0	0.0	0.0	0.0	0.0	26.0	0.0	0.0	104.0	0.0	193.0	0.0	147.0	0.0	0.0	9.0	210.0	0.0	66.0	45.0	0.0	0.0	0.0	0.0	0.0	260.0	0.0	0.0	0.0	0.0	0.0	24.0	0.0	0.0	0.0	0.0	9.0	0.0	0.0	0.0	0.0	18.0	0.0	0.0	0.0	0.0	0.0	0.0	0.0	0.0	0.0	0.0	0.0	0.0	0.0	0.0	0.0	0.0	0.0	0.0	0.0	0.0	0.0	0.0	0.0	0.0	0.0	0.0	0.0	0.0	0.0	0.0	0.0	0.0	0.0	0.0	0.0	0.0	0.0	0.0	0.0	0.0	0.0	0.0	0.0	0.0	0.0	0.0	0.0	0.0	0.0	0.0	0.0	0.0	0.0	0.0	0.0	0.0	0.0	0.0	0.0
SRR6764783	150.0	1526.0	924.0	0.0	1202.0	244.0	22.0	161.0	1396.0	759.0	0.0	0.0	264.0	0.0	417.0	73.0	246.0	0.0	233.0	0.0	0.0	24.0	745.0	43.0	0.0	0.0	0.0	0.0	0.0	0.0	0.0	72.0	0.0	147.0	0.0	138.0	0.0	0.0	16.0	365.0	0.0	0.0	0.0	0.0	0.0	570.0	0.0	0.0	0.0	373.0	17.0	0.0	0.0	0.0	0.0	0.0	0.0	0.0	64.0	0.0	0.0	40.0	0.0	59.0	0.0	75.0	0.0	0.0	0.0	48.0	0.0	0.0	0.0	21.0	0.0	0.0	0.0	0.0	19.0	0.0	0.0	0.0	0.0	0.0	77.0	0.0	0.0	0.0	0.0	0.0	0.0	0.0	0.0	0.0	0.0	0.0	0.0	0.0	0.0	0.0	0.0	0.0	0.0	0.0	0.0	0.0	0.0	0.0	0.0	0.0	0.0	0.0	0.0	0.0	0.0	0.0	0.0	0.0	0.0	0.0	0.0	0.0	0.0	0.0	0.0	0.0	0.0	0.0	0.0	0.0	0.0	0.0	0.0	0.0	0.0	0.0	0.0	0.0	0.0	0.0	0.0	0.0	0.0	0.0	0.0	0.0	0.0	0.0	0.0	0.0	0.0	0.0	0.0	0.0
SRR6764784	209.0	915.0	2931.0	0.0	1716.0	504.0	0.0	56.0	437.0	470.0	0.0	0.0	0.0	0.0	798.0	0.0	0.0	0.0	0.0	0.0	0.0	0.0	1387.0	55.0	0.0	0.0	0.0	61.0	0.0	0.0	0.0	63.0	0.0	40.0	65.0	86.0	0.0	0.0	0.0	259.0	0.0	0.0	0.0	0.0	0.0	602.0	253.0	0.0	0.0	169.0	129.0	0.0	0.0	29.0	0.0	0.0	0.0	0.0	20.0	0.0	0.0	0.0	0.0	60.0	0.0	0.0	0.0	0.0	22.0	97.0	0.0	21.0	0.0	53.0	0.0	0.0	0.0	0.0	0.0	0.0	0.0	0.0	0.0	0.0	0.0	0.0	0.0	0.0	0.0	0.0	0.0	0.0	0.0	0.0	0.0	0.0	0.0	0.0	34.0	0.0	0.0	0.0	0.0	0.0	0.0	0.0	0.0	0.0	0.0	0.0	0.0	0.0	0.0	0.0	0.0	0.0	0.0	0.0	0.0	0.0	0.0	0.0	0.0	0.0	0.0	0.0	0.0	0.0	0.0	0.0	0.0	0.0	0.0	0.0	0.0	0.0	0.0	0.0	0.0	0.0	0.0	0.0	0.0	0.0	0.0	0.0	0.0	0.0	0.0	0.0	0.0	0.0	0.0	0.0
SRR6764797	227.0	1248.0	2145.0	0.0	1292.0	444.0	22.0	93.0	1009.0	957.0	0.0	0.0	69.0	104.0	1100.0	0.0	156.0	0.0	232.0	0.0	0.0	76.0	1287.0	119.0	0.0	0.0	0.0	0.0	0.0	0.0	0.0	73.0	0.0	179.0	15.0	0.0	0.0	0.0	0.0	288.0	0.0	0.0	0.0	0.0	0.0	1260.0	350.0	0.0	0.0	575.0	112.0	0.0	0.0	65.0	0.0	0.0	0.0	0.0	0.0	0.0	0.0	65.0	0.0	69.0	0.0	57.0	0.0	0.0	0.0	200.0	0.0	14.0	0.0	37.0	0.0	0.0	0.0	0.0	12.0	0.0	0.0	0.0	0.0	0.0	0.0	0.0	0.0	0.0	0.0	0.0	0.0	0.0	0.0	0.0	0.0	0.0	0.0	0.0	0.0	0.0	0.0	0.0	0.0	0.0	0.0	0.0	0.0	0.0	0.0	0.0	0.0	0.0	0.0	0.0	0.0	0.0	0.0	0.0	0.0	0.0	0.0	0.0	0.0	0.0	0.0	0.0	0.0	0.0	0.0	0.0	0.0	0.0	0.0	0.0	0.0	0.0	0.0	0.0	0.0	0.0	0.0	0.0	0.0	0.0	0.0	0.0	0.0	0.0	0.0	0.0	0.0	0.0	0.0	0.0
SRR6764800	605.0	3092.0	2476.0	0.0	1960.0	856.0	0.0	63.0	1140.0	1954.0	118.0	0.0	124.0	61.0	639.0	70.0	255.0	32.0	332.0	0.0	0.0	0.0	1479.0	145.0	0.0	0.0	0.0	45.0	0.0	0.0	0.0	18.0	0.0	203.0	115.0	138.0	0.0	0.0	0.0	206.0	0.0	0.0	0.0	0.0	0.0	1650.0	389.0	0.0	0.0	406.0	157.0	12.0	0.0	52.0	0.0	0.0	0.0	0.0	0.0	0.0	0.0	0.0	0.0	118.0	0.0	46.0	0.0	0.0	0.0	59.0	0.0	18.0	0.0	0.0	0.0	0.0	0.0	0.0	3.0	0.0	0.0	0.0	0.0	0.0	13.0	0.0	0.0	0.0	0.0	0.0	0.0	0.0	0.0	0.0	23.0	0.0	0.0	0.0	95.0	0.0	0.0	0.0	0.0	0.0	0.0	0.0	0.0	0.0	0.0	0.0	0.0	0.0	10.0	0.0	0.0	0.0	0.0	0.0	0.0	0.0	0.0	0.0	0.0	0.0	0.0	0.0	0.0	0.0	0.0	0.0	0.0	0.0	0.0	0.0	0.0	0.0	0.0	0.0	0.0	0.0	0.0	0.0	0.0	0.0	0.0	0.0	0.0	0.0	0.0	0.0	0.0	0.0	0.0	0.0
SRR6764801	547.0	2024.0	4344.0	0.0	2777.0	517.0	0.0	0.0	656.0	838.0	105.0	0.0	400.0	70.0	1232.0	0.0	187.0	11.0	271.0	0.0	0.0	119.0	1335.0	66.0	0.0	0.0	0.0	84.0	0.0	0.0	0.0	80.0	0.0	49.0	179.0	108.0	52.0	0.0	0.0	272.0	0.0	0.0	0.0	0.0	0.0	1726.0	265.0	0.0	0.0	473.0	270.0	9.0	77.0	127.0	0.0	0.0	0.0	0.0	0.0	0.0	0.0	9.0	0.0	123.0	0.0	36.0	0.0	0.0	0.0	288.0	19.0	26.0	0.0	57.0	0.0	0.0	0.0	0.0	35.0	0.0	0.0	0.0	0.0	0.0	24.0	0.0	0.0	0.0	0.0	0.0	0.0	0.0	0.0	0.0	0.0	0.0	0.0	0.0	94.0	0.0	0.0	0.0	0.0	0.0	0.0	0.0	0.0	0.0	0.0	0.0	0.0	0.0	0.0	0.0	0.0	0.0	0.0	0.0	0.0	0.0	0.0	0.0	0.0	0.0	0.0	0.0	0.0	0.0	0.0	0.0	0.0	0.0	0.0	0.0	0.0	0.0	0.0	0.0	0.0	0.0	0.0	0.0	0.0	0.0	0.0	0.0	0.0	0.0	0.0	0.0	0.0	0.0	0.0	0.0
SRR6764802	546.0	2266.0	2278.0	0.0	1657.0	704.0	57.0	382.0	898.0	2016.0	0.0	0.0	366.0	49.0	1219.0	37.0	285.0	0.0	276.0	0.0	0.0	93.0	1322.0	220.0	0.0	0.0	0.0	0.0	0.0	0.0	20.0	69.0	0.0	97.0	39.0	154.0	19.0	0.0	0.0	335.0	2.0	0.0	0.0	17.0	64.0	1906.0	471.0	0.0	0.0	476.0	179.0	0.0	0.0	79.0	15.0	0.0	0.0	0.0	0.0	0.0	0.0	47.0	0.0	122.0	0.0	0.0	0.0	0.0	2.0	0.0	40.0	30.0	17.0	56.0	0.0	0.0	0.0	0.0	17.0	0.0	0.0	0.0	0.0	0.0	3.0	0.0	0.0	0.0	0.0	0.0	0.0	0.0	0.0	0.0	52.0	0.0	0.0	0.0	123.0	0.0	0.0	0.0	0.0	0.0	0.0	0.0	0.0	0.0	0.0	0.0	0.0	0.0	0.0	0.0	0.0	0.0	0.0	0.0	0.0	0.0	0.0	0.0	0.0	0.0	0.0	0.0	0.0	0.0	0.0	0.0	0.0	0.0	0.0	0.0	0.0	0.0	0.0	0.0	0.0	0.0	0.0	0.0	0.0	0.0	0.0	0.0	0.0	0.0	0.0	0.0	0.0	0.0	0.0	0.0
SRR6764803	452.0	1945.0	3311.0	0.0	3129.0	849.0	13.0	72.0	411.0	648.0	0.0	0.0	255.0	70.0	857.0	0.0	106.0	12.0	241.0	0.0	0.0	0.0	1619.0	83.0	0.0	0.0	0.0	75.0	0.0	0.0	0.0	74.0	49.0	91.0	153.0	70.0	36.0	0.0	0.0	270.0	0.0	0.0	0.0	11.0	10.0	1563.0	206.0	0.0	0.0	296.0	269.0	0.0	30.0	104.0	0.0	0.0	0.0	0.0	25.0	0.0	0.0	0.0	0.0	86.0	0.0	0.0	0.0	0.0	0.0	158.0	3.0	46.0	0.0	44.0	0.0	0.0	0.0	0.0	20.0	0.0	0.0	0.0	0.0	0.0	0.0	0.0	0.0	0.0	0.0	0.0	0.0	0.0	0.0	0.0	0.0	0.0	0.0	0.0	75.0	0.0	0.0	0.0	0.0	0.0	0.0	0.0	0.0	0.0	0.0	0.0	0.0	0.0	0.0	0.0	0.0	0.0	0.0	0.0	0.0	0.0	0.0	0.0	0.0	0.0	0.0	0.0	0.0	0.0	0.0	0.0	0.0	0.0	0.0	0.0	0.0	0.0	0.0	0.0	0.0	0.0	0.0	0.0	0.0	0.0	0.0	0.0	0.0	0.0	0.0	0.0	0.0	0.0	0.0	0.0
SRR6764804	255.0	2562.0	2737.0	0.0	2319.0	284.0	16.0	136.0	2249.0	949.0	0.0	0.0	752.0	0.0	682.0	0.0	287.0	102.0	267.0	0.0	0.0	58.0	1149.0	174.0	0.0	0.0	0.0	11.0	0.0	6.0	0.0	0.0	27.0	439.0	21.0	0.0	0.0	0.0	0.0	189.0	0.0	0.0	0.0	0.0	36.0	1212.0	344.0	0.0	0.0	737.0	0.0	0.0	0.0	66.0	0.0	0.0	0.0	0.0	0.0	0.0	0.0	0.0	0.0	110.0	0.0	75.0	0.0	0.0	0.0	383.0	0.0	0.0	0.0	100.0	0.0	0.0	0.0	0.0	49.0	0.0	0.0	0.0	0.0	0.0	72.0	0.0	0.0	0.0	0.0	0.0	0.0	0.0	0.0	0.0	0.0	0.0	0.0	0.0	51.0	0.0	0.0	0.0	0.0	0.0	0.0	0.0	0.0	0.0	0.0	0.0	0.0	0.0	0.0	0.0	0.0	0.0	0.0	0.0	0.0	0.0	0.0	0.0	0.0	0.0	0.0	0.0	0.0	0.0	0.0	0.0	0.0	0.0	0.0	0.0	0.0	0.0	0.0	0.0	0.0	0.0	0.0	0.0	0.0	0.0	0.0	0.0	0.0	0.0	0.0	0.0	0.0	0.0	0.0	0.0
SRR6764813	794.0	2532.0	2550.0	0.0	1776.0	959.0	17.0	408.0	1217.0	969.0	128.0	0.0	219.0	68.0	723.0	49.0	189.0	15.0	344.0	0.0	0.0	73.0	1185.0	91.0	0.0	0.0	0.0	0.0	0.0	0.0	14.0	26.0	0.0	262.0	53.0	150.0	0.0	0.0	0.0	140.0	0.0	0.0	0.0	0.0	76.0	1861.0	400.0	0.0	0.0	930.0	317.0	0.0	0.0	83.0	0.0	0.0	0.0	0.0	0.0	0.0	0.0	0.0	0.0	150.0	0.0	56.0	0.0	0.0	0.0	125.0	0.0	74.0	0.0	36.0	0.0	0.0	0.0	0.0	0.0	0.0	0.0	19.0	0.0	0.0	24.0	0.0	0.0	0.0	0.0	0.0	0.0	0.0	0.0	0.0	0.0	0.0	0.0	0.0	0.0	0.0	0.0	0.0	0.0	0.0	0.0	0.0	0.0	0.0	0.0	0.0	0.0	0.0	0.0	0.0	0.0	0.0	0.0	0.0	0.0	0.0	0.0	0.0	0.0	0.0	0.0	0.0	0.0	0.0	0.0	0.0	0.0	0.0	0.0	0.0	0.0	0.0	0.0	0.0	0.0	0.0	0.0	0.0	0.0	0.0	0.0	0.0	0.0	0.0	0.0	0.0	0.0	0.0	0.0	0.0
SRR6764822	872.0	2855.0	3729.0	0.0	3061.0	1401.0	0.0	94.0	1358.0	1096.0	123.0	0.0	1189.0	139.0	659.0	56.0	159.0	0.0	527.0	0.0	0.0	228.0	1721.0	29.0	0.0	0.0	0.0	25.0	44.0	0.0	0.0	136.0	0.0	157.0	131.0	205.0	114.0	0.0	0.0	319.0	2.0	0.0	9.0	32.0	0.0	1429.0	583.0	0.0	0.0	610.0	530.0	50.0	141.0	169.0	0.0	0.0	0.0	0.0	0.0	0.0	0.0	75.0	0.0	123.0	0.0	38.0	0.0	0.0	14.0	23.0	70.0	93.0	0.0	51.0	0.0	78.0	0.0	0.0	0.0	0.0	0.0	12.0	0.0	0.0	8.0	0.0	0.0	0.0	0.0	0.0	0.0	0.0	0.0	0.0	0.0	0.0	0.0	14.0	155.0	0.0	0.0	0.0	0.0	0.0	0.0	0.0	0.0	0.0	0.0	0.0	0.0	0.0	0.0	0.0	7.0	0.0	0.0	0.0	0.0	0.0	0.0	0.0	0.0	0.0	0.0	0.0	0.0	0.0	0.0	0.0	0.0	0.0	0.0	0.0	0.0	0.0	0.0	0.0	0.0	0.0	0.0	0.0	0.0	0.0	0.0	0.0	0.0	0.0	0.0	0.0	0.0	0.0	0.0	0.0
SRR6764823	663.0	2260.0	1134.0	62.0	1110.0	714.0	0.0	60.0	864.0	1024.0	217.0	0.0	106.0	110.0	607.0	87.0	203.0	16.0	434.0	0.0	0.0	119.0	1340.0	15.0	25.0	0.0	0.0	14.0	0.0	0.0	0.0	0.0	0.0	94.0	47.0	18.0	66.0	0.0	0.0	274.0	0.0	0.0	0.0	70.0	54.0	1065.0	412.0	0.0	0.0	784.0	326.0	47.0	0.0	98.0	39.0	0.0	0.0	0.0	0.0	83.0	0.0	108.0	0.0	108.0	0.0	0.0	14.0	0.0	0.0	0.0	115.0	22.0	0.0	35.0	0.0	0.0	0.0	0.0	0.0	0.0	0.0	0.0	0.0	0.0	0.0	0.0	0.0	0.0	2.0	0.0	0.0	0.0	0.0	0.0	56.0	0.0	0.0	0.0	106.0	0.0	71.0	0.0	0.0	0.0	0.0	0.0	0.0	0.0	0.0	0.0	0.0	0.0	0.0	0.0	0.0	0.0	0.0	0.0	0.0	0.0	0.0	16.0	0.0	0.0	0.0	0.0	0.0	0.0	0.0	0.0	0.0	0.0	0.0	0.0	0.0	0.0	0.0	0.0	0.0	0.0	0.0	0.0	0.0	0.0	0.0	0.0	0.0	0.0	0.0	0.0	0.0	0.0	0.0	0.0
SRR6764824	875.0	2683.0	1035.0	0.0	2065.0	1006.0	0.0	146.0	1758.0	1772.0	48.0	0.0	211.0	191.0	336.0	2.0	236.0	83.0	558.0	0.0	0.0	150.0	921.0	73.0	0.0	0.0	0.0	8.0	0.0	0.0	0.0	12.0	0.0	236.0	34.0	231.0	41.0	0.0	0.0	307.0	0.0	0.0	0.0	26.0	98.0	1003.0	410.0	0.0	0.0	354.0	348.0	33.0	0.0	88.0	67.0	0.0	0.0	0.0	0.0	0.0	0.0	24.0	0.0	101.0	0.0	40.0	0.0	0.0	0.0	14.0	0.0	0.0	0.0	29.0	0.0	0.0	0.0	0.0	0.0	0.0	0.0	0.0	0.0	0.0	0.0	0.0	0.0	0.0	0.0	0.0	0.0	0.0	0.0	0.0	61.0	0.0	0.0	0.0	145.0	0.0	73.0	0.0	0.0	0.0	0.0	0.0	0.0	0.0	0.0	0.0	0.0	0.0	0.0	0.0	0.0	0.0	0.0	0.0	0.0	0.0	0.0	0.0	0.0	0.0	0.0	0.0	0.0	0.0	0.0	0.0	0.0	0.0	0.0	0.0	0.0	0.0	0.0	0.0	0.0	0.0	0.0	0.0	0.0	0.0	0.0	0.0	0.0	0.0	0.0	0.0	0.0	0.0	0.0	0.0
SRR6764825	710.0	3201.0	2330.0	0.0	2355.0	675.0	39.0	58.0	1055.0	1082.0	0.0	0.0	626.0	76.0	603.0	82.0	227.0	4.0	484.0	0.0	0.0	174.0	1035.0	30.0	0.0	0.0	0.0	23.0	0.0	0.0	0.0	8.0	62.0	321.0	48.0	51.0	60.0	0.0	30.0	256.0	0.0	0.0	0.0	35.0	39.0	1018.0	351.0	0.0	0.0	492.0	406.0	33.0	0.0	171.0	26.0	0.0	12.0	0.0	0.0	0.0	0.0	108.0	0.0	0.0	6.0	0.0	0.0	0.0	0.0	0.0	13.0	29.0	50.0	23.0	0.0	0.0	0.0	0.0	0.0	0.0	0.0	0.0	0.0	0.0	44.0	0.0	0.0	0.0	0.0	0.0	0.0	0.0	0.0	0.0	49.0	0.0	0.0	0.0	0.0	0.0	67.0	0.0	0.0	0.0	0.0	0.0	0.0	0.0	0.0	0.0	0.0	0.0	0.0	0.0	0.0	0.0	0.0	0.0	0.0	0.0	0.0	0.0	0.0	0.0	0.0	0.0	0.0	0.0	0.0	0.0	0.0	0.0	0.0	0.0	0.0	0.0	0.0	0.0	0.0	0.0	0.0	0.0	0.0	0.0	0.0	0.0	0.0	0.0	0.0	0.0	0.0	0.0	0.0	0.0
SRR6764826	1500.0	4841.0	2042.0	0.0	2174.0	1340.0	6.0	914.0	2143.0	2484.0	158.0	0.0	618.0	127.0	610.0	99.0	328.0	0.0	540.0	0.0	0.0	302.0	1598.0	162.0	20.0	0.0	0.0	8.0	3.0	0.0	79.0	41.0	0.0	492.0	85.0	250.0	86.0	0.0	49.0	256.0	0.0	0.0	0.0	48.0	106.0	1748.0	451.0	0.0	13.0	701.0	589.0	46.0	29.0	110.0	95.0	0.0	68.0	0.0	14.0	10.0	0.0	85.0	0.0	179.0	0.0	0.0	0.0	0.0	0.0	71.0	0.0	57.0	41.0	43.0	0.0	0.0	0.0	0.0	3.0	0.0	0.0	10.0	0.0	0.0	26.0	0.0	0.0	0.0	0.0	0.0	0.0	0.0	0.0	0.0	81.0	0.0	0.0	0.0	219.0	0.0	142.0	0.0	0.0	0.0	0.0	0.0	0.0	0.0	0.0	0.0	0.0	0.0	0.0	0.0	0.0	25.0	0.0	0.0	0.0	0.0	0.0	0.0	0.0	0.0	0.0	0.0	0.0	0.0	0.0	0.0	0.0	0.0	0.0	0.0	0.0	0.0	0.0	0.0	0.0	0.0	0.0	0.0	0.0	0.0	0.0	0.0	0.0	0.0	0.0	0.0	0.0	0.0	0.0	0.0
SRR6764827	1062.0	2478.0	2382.0	0.0	2390.0	939.0	13.0	334.0	1178.0	769.0	0.0	0.0	517.0	81.0	815.0	0.0	226.0	21.0	438.0	0.0	0.0	184.0	1394.0	13.0	2.0	0.0	0.0	22.0	0.0	0.0	0.0	26.0	0.0	227.0	67.0	124.0	0.0	0.0	0.0	137.0	0.0	0.0	0.0	0.0	0.0	1211.0	458.0	0.0	0.0	372.0	486.0	0.0	39.0	120.0	0.0	0.0	0.0	0.0	0.0	0.0	0.0	69.0	0.0	107.0	0.0	58.0	0.0	0.0	0.0	64.0	0.0	45.0	0.0	36.0	0.0	0.0	0.0	0.0	19.0	0.0	0.0	0.0	0.0	0.0	29.0	0.0	0.0	0.0	0.0	0.0	0.0	0.0	0.0	0.0	48.0	0.0	0.0	0.0	30.0	0.0	0.0	0.0	0.0	0.0	0.0	0.0	0.0	0.0	0.0	0.0	0.0	0.0	0.0	0.0	0.0	0.0	0.0	0.0	0.0	0.0	0.0	0.0	0.0	0.0	0.0	0.0	0.0	0.0	0.0	0.0	0.0	0.0	0.0	0.0	0.0	0.0	0.0	0.0	0.0	0.0	0.0	0.0	0.0	0.0	0.0	0.0	0.0	0.0	0.0	0.0	0.0	0.0	0.0	0.0
SRR6764830	1010.0	2009.0	3212.0	0.0	2185.0	733.0	0.0	106.0	645.0	525.0	182.0	0.0	332.0	76.0	973.0	0.0	218.0	0.0	270.0	0.0	0.0	72.0	1141.0	95.0	11.0	0.0	0.0	57.0	0.0	0.0	0.0	60.0	0.0	140.0	77.0	37.0	51.0	0.0	0.0	151.0	0.0	0.0	0.0	37.0	0.0	2029.0	588.0	0.0	0.0	448.0	602.0	37.0	0.0	65.0	30.0	0.0	0.0	0.0	39.0	0.0	0.0	76.0	0.0	0.0	0.0	0.0	0.0	0.0	0.0	90.0	24.0	79.0	0.0	57.0	0.0	0.0	0.0	0.0	0.0	0.0	0.0	21.0	0.0	0.0	90.0	0.0	0.0	0.0	0.0	0.0	0.0	0.0	0.0	0.0	21.0	0.0	0.0	0.0	63.0	0.0	0.0	0.0	0.0	0.0	0.0	0.0	0.0	0.0	0.0	0.0	0.0	0.0	0.0	0.0	0.0	0.0	0.0	0.0	0.0	0.0	0.0	0.0	0.0	0.0	0.0	0.0	0.0	0.0	0.0	0.0	0.0	0.0	0.0	0.0	0.0	0.0	0.0	0.0	0.0	0.0	0.0	0.0	0.0	0.0	0.0	0.0	0.0	0.0	0.0	0.0	0.0	0.0	0.0	0.0
SRR6764831	913.0	1462.0	2836.0	0.0	2110.0	439.0	0.0	76.0	901.0	724.0	143.0	0.0	370.0	28.0	1399.0	53.0	170.0	134.0	332.0	0.0	0.0	235.0	2040.0	101.0	0.0	0.0	0.0	73.0	0.0	0.0	0.0	72.0	0.0	217.0	97.0	256.0	40.0	0.0	0.0	210.0	0.0	0.0	0.0	12.0	0.0	1813.0	200.0	0.0	0.0	514.0	490.0	0.0	0.0	52.0	16.0	0.0	0.0	0.0	43.0	0.0	0.0	121.0	0.0	122.0	0.0	0.0	0.0	0.0	19.0	15.0	0.0	55.0	0.0	0.0	0.0	0.0	0.0	0.0	57.0	0.0	0.0	0.0	0.0	0.0	44.0	0.0	0.0	0.0	0.0	0.0	0.0	0.0	0.0	0.0	40.0	0.0	0.0	0.0	104.0	0.0	0.0	0.0	0.0	0.0	0.0	0.0	0.0	0.0	0.0	0.0	0.0	0.0	0.0	0.0	0.0	0.0	0.0	0.0	0.0	0.0	0.0	0.0	0.0	0.0	0.0	0.0	0.0	0.0	0.0	0.0	0.0	0.0	0.0	0.0	0.0	0.0	0.0	0.0	0.0	0.0	0.0	0.0	0.0	0.0	0.0	0.0	0.0	0.0	0.0	0.0	0.0	0.0	0.0	0.0
SRR6764832	608.0	2725.0	1837.0	0.0	1742.0	299.0	0.0	229.0	1502.0	806.0	0.0	0.0	163.0	169.0	1335.0	59.0	60.0	0.0	284.0	0.0	0.0	293.0	1701.0	294.0	0.0	0.0	0.0	32.0	0.0	0.0	23.0	29.0	0.0	439.0	82.0	68.0	0.0	0.0	0.0	238.0	0.0	0.0	0.0	0.0	0.0	1721.0	280.0	0.0	0.0	546.0	232.0	50.0	0.0	54.0	0.0	0.0	0.0	0.0	48.0	0.0	0.0	117.0	0.0	0.0	0.0	143.0	0.0	0.0	0.0	148.0	0.0	0.0	0.0	0.0	0.0	0.0	0.0	0.0	4.0	0.0	0.0	0.0	0.0	0.0	151.0	0.0	0.0	0.0	0.0	0.0	0.0	0.0	0.0	0.0	40.0	0.0	0.0	0.0	153.0	0.0	0.0	0.0	0.0	0.0	0.0	0.0	0.0	0.0	0.0	0.0	0.0	0.0	0.0	0.0	0.0	0.0	0.0	0.0	0.0	0.0	0.0	0.0	0.0	0.0	0.0	0.0	0.0	0.0	0.0	0.0	0.0	0.0	0.0	0.0	0.0	0.0	0.0	0.0	0.0	0.0	0.0	0.0	0.0	0.0	0.0	0.0	0.0	0.0	0.0	0.0	0.0	0.0	0.0	0.0
SRR6764833	671.0	2535.0	1766.0	0.0	1751.0	355.0	0.0	201.0	1442.0	804.0	124.0	0.0	41.0	134.0	1805.0	110.0	349.0	129.0	258.0	0.0	0.0	157.0	1463.0	325.0	0.0	0.0	0.0	39.0	0.0	0.0	0.0	38.0	0.0	373.0	81.0	194.0	0.0	0.0	44.0	253.0	0.0	0.0	0.0	36.0	0.0	1311.0	184.0	0.0	0.0	485.0	293.0	0.0	40.0	58.0	18.0	0.0	0.0	0.0	0.0	0.0	0.0	0.0	0.0	145.0	0.0	125.0	0.0	0.0	0.0	45.0	0.0	34.0	45.0	48.0	0.0	0.0	0.0	0.0	36.0	0.0	0.0	0.0	0.0	0.0	95.0	0.0	0.0	0.0	0.0	0.0	0.0	0.0	0.0	0.0	31.0	0.0	0.0	0.0	81.0	0.0	0.0	0.0	0.0	0.0	0.0	0.0	0.0	0.0	0.0	0.0	0.0	0.0	12.0	0.0	0.0	0.0	0.0	0.0	0.0	0.0	0.0	0.0	0.0	0.0	0.0	0.0	0.0	0.0	0.0	0.0	0.0	0.0	0.0	0.0	0.0	0.0	0.0	0.0	0.0	0.0	0.0	0.0	0.0	0.0	0.0	0.0	0.0	0.0	0.0	0.0	0.0	0.0	0.0	0.0
SRR6764834	842.0	2380.0	1907.0	0.0	2613.0	545.0	0.0	139.0	555.0	901.0	154.0	0.0	638.0	51.0	733.0	0.0	323.0	110.0	243.0	0.0	0.0	183.0	1447.0	144.0	0.0	0.0	0.0	33.0	0.0	0.0	12.0	10.0	0.0	210.0	95.0	60.0	23.0	0.0	0.0	223.0	0.0	0.0	0.0	87.0	0.0	1574.0	259.0	0.0	0.0	528.0	316.0	0.0	0.0	75.0	21.0	0.0	0.0	0.0	0.0	0.0	0.0	57.0	0.0	96.0	0.0	53.0	0.0	0.0	20.0	122.0	0.0	79.0	0.0	62.0	0.0	0.0	0.0	0.0	0.0	0.0	0.0	0.0	0.0	0.0	0.0	0.0	0.0	0.0	0.0	0.0	0.0	0.0	0.0	0.0	54.0	0.0	0.0	0.0	189.0	0.0	0.0	14.0	0.0	0.0	0.0	0.0	4.0	0.0	0.0	0.0	0.0	0.0	0.0	0.0	0.0	31.0	0.0	0.0	0.0	0.0	0.0	0.0	0.0	0.0	0.0	0.0	0.0	0.0	0.0	0.0	0.0	0.0	0.0	0.0	0.0	0.0	0.0	0.0	0.0	0.0	0.0	0.0	0.0	0.0	0.0	0.0	0.0	0.0	0.0	0.0	0.0	0.0	0.0	0.0
SRR6764835	634.0	3002.0	2383.0	12.0	2851.0	559.0	0.0	651.0	1961.0	1120.0	94.0	0.0	248.0	193.0	1956.0	84.0	68.0	215.0	302.0	0.0	0.0	467.0	1658.0	397.0	0.0	0.0	0.0	46.0	0.0	0.0	17.0	45.0	0.0	700.0	145.0	98.0	0.0	0.0	69.0	312.0	0.0	0.0	0.0	13.0	24.0	1440.0	367.0	0.0	0.0	679.0	178.0	0.0	0.0	134.0	15.0	0.0	0.0	0.0	0.0	0.0	0.0	0.0	0.0	110.0	0.0	153.0	0.0	0.0	34.0	321.0	0.0	0.0	0.0	62.0	0.0	0.0	0.0	0.0	0.0	0.0	0.0	0.0	0.0	0.0	21.0	0.0	0.0	0.0	0.0	0.0	0.0	0.0	0.0	0.0	31.0	0.0	0.0	0.0	0.0	0.0	0.0	0.0	0.0	0.0	0.0	0.0	0.0	0.0	0.0	0.0	0.0	0.0	0.0	0.0	0.0	0.0	0.0	0.0	0.0	0.0	0.0	0.0	0.0	0.0	0.0	0.0	0.0	0.0	0.0	0.0	0.0	0.0	0.0	0.0	0.0	0.0	0.0	0.0	0.0	0.0	0.0	0.0	0.0	0.0	0.0	0.0	0.0	0.0	0.0	0.0	0.0	0.0	0.0	0.0
SRR6764838	683.0	3311.0	2854.0	0.0	3331.0	743.0	36.0	16.0	967.0	1482.0	98.0	0.0	139.0	103.0	542.0	85.0	252.0	39.0	279.0	0.0	0.0	141.0	1051.0	98.0	0.0	0.0	0.0	0.0	0.0	0.0	15.0	28.0	0.0	84.0	94.0	77.0	58.0	0.0	0.0	437.0	0.0	0.0	0.0	28.0	62.0	2511.0	561.0	0.0	0.0	441.0	245.0	0.0	91.0	162.0	0.0	0.0	0.0	0.0	20.0	0.0	0.0	73.0	0.0	196.0	0.0	0.0	0.0	0.0	0.0	333.0	54.0	83.0	34.0	13.0	0.0	0.0	0.0	0.0	0.0	0.0	0.0	0.0	0.0	0.0	719.0	0.0	0.0	0.0	0.0	0.0	0.0	0.0	0.0	0.0	0.0	0.0	0.0	0.0	29.0	0.0	0.0	0.0	0.0	0.0	0.0	0.0	0.0	0.0	0.0	0.0	0.0	0.0	0.0	0.0	0.0	0.0	0.0	0.0	0.0	0.0	0.0	0.0	0.0	0.0	0.0	0.0	0.0	0.0	0.0	0.0	0.0	0.0	0.0	0.0	0.0	0.0	0.0	0.0	0.0	0.0	0.0	0.0	0.0	0.0	0.0	0.0	0.0	0.0	0.0	0.0	0.0	0.0	0.0	0.0
SRR6764839	1019.0	2713.0	3184.0	0.0	2535.0	864.0	17.0	48.0	523.0	928.0	0.0	0.0	217.0	76.0	1068.0	0.0	211.0	0.0	312.0	0.0	0.0	154.0	1735.0	70.0	0.0	0.0	0.0	25.0	0.0	0.0	0.0	110.0	49.0	91.0	143.0	219.0	77.0	0.0	0.0	360.0	0.0	0.0	0.0	68.0	35.0	2574.0	513.0	0.0	0.0	730.0	484.0	80.0	13.0	73.0	49.0	0.0	0.0	0.0	0.0	6.0	0.0	96.0	0.0	155.0	0.0	0.0	0.0	0.0	0.0	476.0	17.0	66.0	0.0	0.0	0.0	0.0	0.0	0.0	0.0	0.0	0.0	0.0	0.0	0.0	72.0	0.0	0.0	0.0	0.0	0.0	0.0	0.0	0.0	0.0	0.0	0.0	0.0	0.0	84.0	0.0	0.0	0.0	0.0	0.0	0.0	0.0	0.0	0.0	0.0	0.0	0.0	0.0	0.0	0.0	0.0	0.0	0.0	0.0	0.0	0.0	0.0	0.0	0.0	0.0	0.0	0.0	0.0	0.0	0.0	0.0	0.0	0.0	0.0	0.0	0.0	0.0	0.0	0.0	0.0	0.0	0.0	0.0	0.0	0.0	0.0	0.0	0.0	0.0	0.0	0.0	0.0	0.0	0.0	0.0
SRR6764840	446.0	2168.0	1434.0	0.0	1491.0	700.0	9.0	221.0	711.0	1369.0	111.0	0.0	35.0	35.0	641.0	0.0	231.0	22.0	311.0	0.0	0.0	118.0	1613.0	97.0	0.0	0.0	0.0	9.0	0.0	0.0	0.0	25.0	36.0	159.0	35.0	16.0	14.0	0.0	0.0	422.0	0.0	0.0	0.0	0.0	0.0	2086.0	467.0	0.0	0.0	409.0	218.0	57.0	0.0	37.0	0.0	0.0	0.0	0.0	0.0	10.0	0.0	0.0	0.0	125.0	0.0	0.0	0.0	0.0	0.0	179.0	0.0	0.0	0.0	0.0	0.0	0.0	0.0	0.0	0.0	0.0	0.0	0.0	0.0	0.0	224.0	0.0	0.0	0.0	0.0	0.0	0.0	0.0	0.0	0.0	29.0	0.0	0.0	0.0	115.0	0.0	0.0	0.0	0.0	0.0	0.0	0.0	0.0	0.0	0.0	0.0	0.0	0.0	0.0	0.0	0.0	12.0	0.0	0.0	0.0	0.0	0.0	0.0	0.0	0.0	0.0	0.0	0.0	0.0	0.0	0.0	0.0	0.0	0.0	0.0	0.0	0.0	0.0	0.0	0.0	0.0	0.0	0.0	0.0	0.0	0.0	0.0	0.0	0.0	0.0	0.0	0.0	0.0	0.0	0.0
SRR6764841	568.0	2580.0	1374.0	0.0	2130.0	843.0	0.0	0.0	967.0	1121.0	29.0	0.0	333.0	35.0	408.0	0.0	174.0	0.0	366.0	0.0	0.0	266.0	1269.0	87.0	0.0	0.0	0.0	0.0	0.0	0.0	16.0	32.0	0.0	283.0	24.0	408.0	86.0	0.0	0.0	298.0	0.0	0.0	0.0	24.0	46.0	2094.0	484.0	0.0	0.0	872.0	313.0	49.0	0.0	150.0	26.0	0.0	7.0	0.0	42.0	0.0	0.0	92.0	0.0	146.0	40.0	0.0	0.0	0.0	0.0	109.0	0.0	34.0	0.0	37.0	0.0	0.0	0.0	0.0	0.0	0.0	0.0	0.0	0.0	0.0	303.0	0.0	0.0	0.0	0.0	0.0	0.0	0.0	0.0	0.0	26.0	0.0	0.0	0.0	198.0	0.0	0.0	10.0	0.0	0.0	0.0	0.0	0.0	0.0	0.0	0.0	0.0	0.0	0.0	0.0	0.0	0.0	0.0	0.0	0.0	0.0	0.0	0.0	0.0	0.0	0.0	0.0	0.0	0.0	0.0	0.0	0.0	0.0	0.0	0.0	0.0	0.0	0.0	0.0	0.0	0.0	0.0	0.0	0.0	0.0	0.0	0.0	0.0	0.0	0.0	0.0	0.0	0.0	0.0	0.0
SRR6764842	505.0	3932.0	1851.0	12.0	2714.0	713.0	29.0	56.0	1347.0	1474.0	158.0	0.0	43.0	90.0	497.0	0.0	326.0	182.0	377.0	0.0	0.0	71.0	1359.0	168.0	0.0	0.0	0.0	0.0	0.0	0.0	0.0	36.0	0.0	597.0	51.0	143.0	0.0	0.0	0.0	192.0	0.0	0.0	0.0	26.0	29.0	1401.0	326.0	0.0	0.0	272.0	0.0	0.0	0.0	128.0	21.0	0.0	0.0	0.0	13.0	0.0	0.0	43.0	0.0	105.0	0.0	51.0	0.0	0.0	20.0	327.0	0.0	28.0	0.0	0.0	0.0	0.0	0.0	0.0	0.0	0.0	0.0	0.0	0.0	0.0	85.0	0.0	0.0	0.0	0.0	0.0	0.0	0.0	0.0	0.0	35.0	0.0	0.0	0.0	112.0	0.0	0.0	0.0	0.0	0.0	0.0	0.0	0.0	0.0	0.0	0.0	0.0	0.0	46.0	0.0	0.0	0.0	0.0	0.0	0.0	0.0	0.0	0.0	0.0	0.0	0.0	0.0	0.0	0.0	0.0	0.0	0.0	0.0	0.0	0.0	0.0	0.0	0.0	0.0	0.0	0.0	0.0	0.0	0.0	0.0	0.0	0.0	0.0	0.0	0.0	0.0	0.0	0.0	0.0	0.0
SRR6764843	408.0	3148.0	2305.0	0.0	1668.0	528.0	21.0	110.0	1012.0	1016.0	156.0	0.0	75.0	0.0	781.0	63.0	301.0	0.0	423.0	0.0	0.0	162.0	1547.0	87.0	0.0	0.0	0.0	0.0	0.0	0.0	33.0	53.0	0.0	322.0	44.0	259.0	20.0	0.0	0.0	316.0	0.0	0.0	0.0	80.0	38.0	1936.0	246.0	0.0	11.0	320.0	165.0	66.0	0.0	60.0	30.0	0.0	0.0	0.0	51.0	0.0	0.0	94.0	0.0	0.0	0.0	62.0	0.0	0.0	0.0	197.0	15.0	0.0	0.0	18.0	0.0	0.0	0.0	0.0	0.0	0.0	0.0	0.0	0.0	0.0	919.0	0.0	0.0	0.0	0.0	0.0	0.0	0.0	0.0	0.0	0.0	0.0	0.0	0.0	0.0	0.0	0.0	0.0	0.0	0.0	0.0	0.0	0.0	0.0	0.0	0.0	0.0	0.0	0.0	0.0	0.0	0.0	0.0	0.0	0.0	0.0	0.0	0.0	0.0	0.0	0.0	0.0	0.0	0.0	0.0	0.0	0.0	0.0	0.0	0.0	0.0	0.0	0.0	0.0	0.0	0.0	0.0	0.0	0.0	0.0	0.0	0.0	0.0	0.0	0.0	0.0	0.0	0.0	0.0	0.0
SRR6764844	277.0	1835.0	1855.0	0.0	2054.0	310.0	0.0	189.0	739.0	1075.0	0.0	0.0	6.0	84.0	431.0	0.0	252.0	0.0	151.0	0.0	0.0	215.0	1018.0	101.0	0.0	0.0	0.0	0.0	0.0	0.0	14.0	0.0	0.0	105.0	19.0	94.0	10.0	0.0	0.0	250.0	0.0	0.0	0.0	24.0	23.0	1358.0	397.0	0.0	0.0	617.0	137.0	0.0	0.0	35.0	0.0	0.0	0.0	0.0	44.0	0.0	0.0	129.0	0.0	125.0	0.0	69.0	0.0	0.0	0.0	132.0	0.0	32.0	113.0	14.0	0.0	0.0	0.0	0.0	4.0	0.0	0.0	0.0	0.0	0.0	133.0	0.0	0.0	0.0	0.0	0.0	0.0	0.0	0.0	0.0	0.0	0.0	0.0	0.0	0.0	0.0	0.0	0.0	0.0	0.0	0.0	0.0	0.0	0.0	0.0	0.0	0.0	0.0	0.0	0.0	0.0	0.0	0.0	0.0	0.0	0.0	0.0	0.0	0.0	0.0	0.0	0.0	0.0	0.0	0.0	0.0	0.0	0.0	0.0	0.0	0.0	0.0	0.0	0.0	0.0	0.0	0.0	0.0	0.0	0.0	0.0	0.0	0.0	0.0	0.0	0.0	0.0	0.0	0.0	0.0
SRR6764845	269.0	3217.0	1900.0	0.0	1725.0	129.0	65.0	0.0	1192.0	1347.0	0.0	0.0	268.0	172.0	515.0	69.0	264.0	130.0	151.0	0.0	0.0	346.0	1045.0	71.0	0.0	0.0	0.0	0.0	0.0	0.0	26.0	0.0	0.0	238.0	22.0	98.0	0.0	0.0	0.0	376.0	0.0	0.0	0.0	42.0	52.0	1674.0	466.0	0.0	0.0	739.0	160.0	0.0	0.0	52.0	23.0	0.0	0.0	0.0	0.0	0.0	0.0	178.0	0.0	69.0	0.0	0.0	0.0	0.0	0.0	106.0	0.0	38.0	30.0	0.0	0.0	0.0	0.0	0.0	0.0	0.0	0.0	0.0	0.0	0.0	51.0	0.0	0.0	0.0	0.0	0.0	0.0	0.0	0.0	0.0	0.0	0.0	0.0	0.0	60.0	0.0	0.0	0.0	0.0	0.0	0.0	0.0	0.0	0.0	0.0	0.0	0.0	0.0	0.0	0.0	0.0	0.0	0.0	0.0	0.0	0.0	0.0	0.0	0.0	0.0	0.0	0.0	0.0	0.0	0.0	0.0	0.0	0.0	0.0	0.0	0.0	0.0	0.0	0.0	0.0	0.0	0.0	0.0	0.0	0.0	0.0	0.0	0.0	0.0	0.0	0.0	0.0	0.0	0.0	0.0
SRR6764846	947.0	4291.0	4463.0	0.0	3773.0	924.0	19.0	664.0	2074.0	1134.0	0.0	0.0	402.0	205.0	2626.0	123.0	543.0	230.0	395.0	0.0	0.0	322.0	1778.0	470.0	0.0	0.0	0.0	90.0	0.0	0.0	0.0	191.0	0.0	539.0	117.0	223.0	0.0	0.0	63.0	370.0	0.0	0.0	0.0	0.0	0.0	2827.0	538.0	0.0	0.0	948.0	258.0	0.0	0.0	105.0	9.0	0.0	0.0	0.0	126.0	18.0	0.0	178.0	0.0	0.0	0.0	151.0	0.0	0.0	36.0	343.0	0.0	65.0	239.0	166.0	0.0	0.0	0.0	0.0	292.0	0.0	0.0	0.0	0.0	0.0	54.0	0.0	0.0	0.0	0.0	0.0	0.0	0.0	5.0	0.0	42.0	0.0	0.0	0.0	0.0	0.0	0.0	0.0	0.0	0.0	0.0	0.0	0.0	0.0	0.0	0.0	0.0	0.0	0.0	0.0	0.0	0.0	0.0	0.0	0.0	0.0	0.0	0.0	0.0	0.0	0.0	0.0	0.0	0.0	0.0	0.0	0.0	0.0	0.0	0.0	0.0	0.0	0.0	0.0	0.0	0.0	0.0	0.0	0.0	0.0	0.0	0.0	0.0	0.0	0.0	0.0	0.0	0.0	0.0	0.0
SRR6764847	284.0	3247.0	2711.0	0.0	2676.0	792.0	0.0	758.0	1545.0	1000.0	0.0	0.0	338.0	0.0	1632.0	98.0	384.0	201.0	337.0	0.0	0.0	538.0	1542.0	280.0	0.0	0.0	0.0	78.0	0.0	0.0	0.0	66.0	38.0	608.0	95.0	7.0	0.0	0.0	0.0	275.0	0.0	0.0	0.0	0.0	40.0	1966.0	376.0	0.0	0.0	747.0	249.0	0.0	0.0	41.0	10.0	0.0	0.0	0.0	139.0	0.0	0.0	115.0	0.0	168.0	0.0	157.0	0.0	0.0	16.0	167.0	0.0	39.0	0.0	0.0	0.0	0.0	0.0	0.0	117.0	0.0	0.0	0.0	0.0	0.0	82.0	0.0	0.0	0.0	0.0	0.0	0.0	0.0	0.0	0.0	0.0	0.0	0.0	0.0	104.0	0.0	0.0	0.0	0.0	0.0	0.0	0.0	0.0	0.0	0.0	0.0	0.0	0.0	0.0	0.0	0.0	0.0	0.0	0.0	0.0	0.0	0.0	0.0	0.0	0.0	0.0	0.0	0.0	0.0	0.0	0.0	0.0	0.0	0.0	0.0	0.0	0.0	0.0	0.0	0.0	0.0	0.0	0.0	0.0	0.0	0.0	0.0	0.0	0.0	0.0	0.0	0.0	0.0	0.0	0.0
SRR6764848	330.0	2228.0	1122.0	0.0	1251.0	277.0	15.0	176.0	932.0	1621.0	0.0	0.0	157.0	0.0	162.0	0.0	234.0	30.0	325.0	0.0	0.0	140.0	924.0	58.0	0.0	0.0	0.0	0.0	0.0	0.0	0.0	41.0	0.0	123.0	19.0	205.0	23.0	0.0	0.0	277.0	0.0	0.0	0.0	34.0	99.0	1692.0	513.0	0.0	0.0	538.0	195.0	74.0	0.0	115.0	19.0	0.0	0.0	0.0	0.0	0.0	0.0	0.0	0.0	149.0	0.0	43.0	0.0	0.0	3.0	53.0	16.0	0.0	0.0	0.0	0.0	0.0	0.0	0.0	0.0	0.0	0.0	0.0	0.0	0.0	221.0	0.0	0.0	0.0	0.0	0.0	0.0	0.0	0.0	0.0	0.0	0.0	0.0	0.0	153.0	0.0	10.0	0.0	0.0	0.0	0.0	0.0	0.0	0.0	0.0	0.0	0.0	0.0	0.0	0.0	0.0	0.0	0.0	0.0	0.0	0.0	0.0	0.0	0.0	0.0	0.0	0.0	0.0	0.0	0.0	0.0	0.0	0.0	0.0	0.0	0.0	0.0	0.0	0.0	0.0	0.0	0.0	0.0	0.0	0.0	0.0	0.0	0.0	0.0	0.0	0.0	0.0	0.0	0.0	0.0
SRR6764849	526.0	2616.0	1227.0	0.0	1433.0	714.0	33.0	63.0	422.0	1833.0	79.0	0.0	313.0	152.0	477.0	19.0	272.0	82.0	368.0	0.0	0.0	161.0	962.0	89.0	0.0	0.0	0.0	0.0	0.0	0.0	34.0	63.0	40.0	204.0	0.0	203.0	0.0	0.0	0.0	311.0	0.0	0.0	0.0	39.0	0.0	1813.0	687.0	0.0	0.0	372.0	209.0	71.0	0.0	174.0	27.0	0.0	0.0	0.0	85.0	13.0	0.0	184.0	0.0	78.0	0.0	0.0	14.0	0.0	0.0	32.0	0.0	27.0	0.0	0.0	0.0	0.0	0.0	0.0	0.0	0.0	0.0	0.0	0.0	0.0	438.0	0.0	0.0	0.0	0.0	0.0	0.0	0.0	0.0	0.0	67.0	0.0	0.0	0.0	30.0	0.0	0.0	0.0	0.0	0.0	0.0	0.0	0.0	0.0	0.0	0.0	0.0	0.0	0.0	0.0	0.0	21.0	0.0	0.0	0.0	0.0	0.0	0.0	0.0	0.0	0.0	0.0	0.0	0.0	0.0	0.0	0.0	0.0	0.0	0.0	0.0	0.0	0.0	0.0	0.0	0.0	0.0	0.0	0.0	0.0	0.0	0.0	0.0	0.0	0.0	0.0	0.0	0.0	0.0	0.0
SRR6764865	554.0	2846.0	2085.0	0.0	2464.0	357.0	32.0	378.0	1650.0	1430.0	122.0	0.0	76.0	138.0	1095.0	52.0	261.0	137.0	157.0	0.0	45.0	400.0	1104.0	237.0	0.0	0.0	0.0	28.0	0.0	0.0	21.0	48.0	0.0	381.0	42.0	138.0	0.0	0.0	31.0	292.0	0.0	0.0	6.0	22.0	94.0	1448.0	219.0	0.0	0.0	748.0	56.0	28.0	67.0	164.0	26.0	0.0	0.0	0.0	0.0	0.0	0.0	131.0	0.0	104.0	0.0	110.0	0.0	0.0	0.0	183.0	0.0	59.0	148.0	21.0	0.0	0.0	0.0	0.0	0.0	0.0	0.0	0.0	0.0	0.0	380.0	0.0	0.0	0.0	0.0	0.0	0.0	0.0	0.0	0.0	26.0	0.0	0.0	0.0	114.0	0.0	0.0	0.0	0.0	0.0	0.0	0.0	0.0	0.0	0.0	0.0	0.0	0.0	0.0	0.0	0.0	0.0	0.0	0.0	0.0	0.0	0.0	0.0	0.0	0.0	0.0	0.0	0.0	0.0	0.0	0.0	0.0	0.0	0.0	0.0	0.0	0.0	0.0	0.0	0.0	0.0	0.0	0.0	0.0	0.0	0.0	0.0	0.0	0.0	0.0	0.0	0.0	0.0	0.0	0.0
SRR6764866	605.0	2546.0	1554.0	0.0	2119.0	534.0	49.0	241.0	1716.0	1568.0	39.0	0.0	426.0	166.0	1042.0	90.0	332.0	37.0	248.0	0.0	0.0	352.0	1222.0	225.0	0.0	0.0	0.0	0.0	0.0	0.0	66.0	90.0	0.0	394.0	20.0	42.0	39.0	0.0	0.0	351.0	0.0	0.0	0.0	43.0	57.0	2327.0	318.0	0.0	20.0	619.0	119.0	0.0	0.0	182.0	37.0	0.0	0.0	0.0	93.0	0.0	0.0	184.0	0.0	155.0	0.0	111.0	0.0	0.0	0.0	119.0	0.0	37.0	13.0	28.0	0.0	0.0	0.0	0.0	0.0	0.0	0.0	0.0	0.0	0.0	350.0	0.0	0.0	0.0	0.0	0.0	0.0	0.0	0.0	0.0	0.0	0.0	0.0	0.0	236.0	0.0	0.0	13.0	0.0	0.0	0.0	0.0	0.0	0.0	0.0	0.0	0.0	0.0	0.0	0.0	0.0	0.0	0.0	0.0	0.0	0.0	0.0	0.0	0.0	0.0	0.0	0.0	0.0	0.0	0.0	0.0	0.0	0.0	0.0	0.0	0.0	0.0	0.0	0.0	0.0	0.0	0.0	0.0	0.0	0.0	0.0	0.0	0.0	0.0	0.0	0.0	0.0	0.0	0.0	0.0
SRR6764867	925.0	3723.0	1780.0	13.0	3104.0	1196.0	44.0	87.0	1207.0	1325.0	225.0	0.0	445.0	180.0	668.0	55.0	335.0	29.0	343.0	0.0	0.0	179.0	2015.0	73.0	0.0	0.0	0.0	0.0	0.0	0.0	114.0	12.0	0.0	360.0	28.0	372.0	70.0	0.0	0.0	163.0	0.0	0.0	13.0	114.0	0.0	2597.0	282.0	0.0	13.0	845.0	308.0	103.0	0.0	205.0	102.0	0.0	0.0	0.0	130.0	16.0	0.0	136.0	0.0	9.0	41.0	76.0	0.0	0.0	0.0	38.0	81.0	25.0	0.0	39.0	0.0	0.0	0.0	0.0	0.0	0.0	7.0	0.0	23.0	0.0	110.0	0.0	0.0	0.0	0.0	0.0	0.0	0.0	0.0	0.0	9.0	0.0	0.0	0.0	319.0	0.0	86.0	33.0	0.0	0.0	0.0	0.0	0.0	0.0	0.0	0.0	0.0	0.0	14.0	0.0	0.0	19.0	0.0	0.0	0.0	0.0	0.0	0.0	0.0	0.0	0.0	0.0	0.0	0.0	0.0	0.0	0.0	0.0	0.0	0.0	0.0	0.0	0.0	0.0	0.0	0.0	0.0	0.0	0.0	0.0	0.0	0.0	0.0	0.0	0.0	0.0	0.0	0.0	0.0	0.0
SRR6764868	351.0	1245.0	1580.0	0.0	1506.0	560.0	0.0	0.0	854.0	870.0	0.0	0.0	65.0	0.0	705.0	56.0	171.0	0.0	136.0	0.0	0.0	34.0	1445.0	192.0	0.0	0.0	0.0	12.0	0.0	0.0	0.0	71.0	0.0	159.0	37.0	23.0	0.0	0.0	53.0	247.0	0.0	0.0	0.0	0.0	0.0	1121.0	348.0	0.0	0.0	230.0	150.0	0.0	0.0	70.0	0.0	0.0	0.0	0.0	0.0	0.0	0.0	0.0	0.0	85.0	0.0	0.0	0.0	0.0	13.0	338.0	0.0	0.0	54.0	42.0	0.0	0.0	0.0	0.0	0.0	0.0	12.0	0.0	0.0	0.0	26.0	0.0	0.0	0.0	0.0	0.0	0.0	0.0	0.0	0.0	0.0	0.0	0.0	0.0	52.0	0.0	0.0	0.0	0.0	0.0	0.0	0.0	0.0	0.0	0.0	0.0	0.0	0.0	0.0	0.0	0.0	0.0	0.0	0.0	0.0	0.0	0.0	0.0	0.0	0.0	0.0	0.0	0.0	0.0	0.0	0.0	0.0	0.0	0.0	0.0	0.0	0.0	0.0	0.0	0.0	0.0	0.0	0.0	0.0	0.0	0.0	0.0	0.0	0.0	0.0	0.0	0.0	0.0	0.0	0.0
SRR6764869	2112.0	5377.0	4835.0	25.0	4625.0	1859.0	100.0	610.0	3830.0	2223.0	458.0	0.0	1171.0	267.0	1804.0	47.0	222.0	227.0	320.0	0.0	0.0	829.0	2376.0	410.0	9.0	0.0	0.0	50.0	0.0	0.0	164.0	212.0	64.0	1007.0	140.0	727.0	287.0	0.0	148.0	645.0	0.0	0.0	0.0	152.0	152.0	3677.0	621.0	0.0	0.0	1603.0	847.0	200.0	73.0	330.0	132.0	0.0	32.0	0.0	401.0	0.0	0.0	308.0	0.0	309.0	35.0	177.0	20.0	0.0	0.0	346.0	38.0	146.0	426.0	0.0	0.0	0.0	0.0	0.0	86.0	0.0	42.0	0.0	6.0	0.0	143.0	0.0	0.0	0.0	0.0	0.0	0.0	0.0	0.0	0.0	143.0	0.0	0.0	0.0	534.0	0.0	69.0	0.0	0.0	0.0	0.0	0.0	0.0	0.0	0.0	0.0	0.0	0.0	43.0	0.0	0.0	58.0	0.0	0.0	0.0	0.0	0.0	0.0	28.0	0.0	0.0	0.0	0.0	0.0	0.0	0.0	0.0	0.0	0.0	0.0	0.0	0.0	0.0	0.0	0.0	0.0	0.0	0.0	0.0	0.0	0.0	0.0	0.0	0.0	0.0	0.0	0.0	0.0	0.0	0.0
SRR6764870	998.0	3521.0	2532.0	0.0	4211.0	914.0	57.0	322.0	904.0	909.0	180.0	0.0	308.0	132.0	934.0	47.0	333.0	50.0	333.0	0.0	0.0	363.0	1971.0	147.0	0.0	0.0	0.0	23.0	0.0	0.0	40.0	114.0	62.0	367.0	23.0	382.0	77.0	0.0	33.0	477.0	0.0	0.0	0.0	34.0	16.0	2630.0	425.0	0.0	0.0	600.0	494.0	97.0	45.0	237.0	41.0	0.0	0.0	0.0	90.0	0.0	0.0	261.0	0.0	167.0	0.0	67.0	0.0	0.0	0.0	70.0	6.0	42.0	25.0	5.0	0.0	0.0	0.0	0.0	0.0	0.0	0.0	18.0	0.0	0.0	94.0	0.0	0.0	0.0	0.0	0.0	0.0	0.0	0.0	0.0	84.0	0.0	0.0	0.0	223.0	0.0	15.0	0.0	0.0	0.0	0.0	0.0	0.0	0.0	0.0	0.0	0.0	0.0	23.0	0.0	0.0	17.0	0.0	0.0	0.0	0.0	0.0	0.0	0.0	0.0	0.0	0.0	0.0	0.0	0.0	0.0	0.0	0.0	0.0	0.0	0.0	0.0	0.0	0.0	0.0	0.0	0.0	0.0	0.0	0.0	0.0	0.0	0.0	0.0	0.0	0.0	0.0	0.0	0.0	0.0
SRR6764871	226.0	1722.0	1455.0	0.0	1358.0	468.0	0.0	209.0	1226.0	281.0	0.0	0.0	169.0	148.0	865.0	0.0	194.0	93.0	193.0	0.0	0.0	0.0	1206.0	221.0	0.0	0.0	0.0	43.0	0.0	0.0	0.0	83.0	0.0	422.0	22.0	0.0	0.0	0.0	0.0	136.0	0.0	0.0	0.0	0.0	0.0	650.0	287.0	0.0	0.0	227.0	67.0	0.0	0.0	60.0	0.0	0.0	0.0	0.0	0.0	0.0	0.0	0.0	0.0	0.0	0.0	57.0	0.0	0.0	0.0	51.0	0.0	12.0	80.0	51.0	0.0	0.0	0.0	0.0	0.0	0.0	16.0	0.0	0.0	0.0	20.0	0.0	0.0	0.0	0.0	0.0	0.0	0.0	0.0	0.0	0.0	0.0	0.0	0.0	27.0	0.0	0.0	0.0	0.0	0.0	0.0	0.0	0.0	0.0	0.0	0.0	0.0	0.0	0.0	0.0	0.0	0.0	0.0	0.0	0.0	0.0	0.0	0.0	0.0	0.0	0.0	0.0	0.0	0.0	0.0	0.0	0.0	0.0	0.0	0.0	0.0	0.0	0.0	0.0	0.0	0.0	0.0	0.0	0.0	0.0	0.0	0.0	0.0	0.0	0.0	0.0	0.0	0.0	0.0	0.0
SRR6764872	1264.0	3510.0	3865.0	0.0	3422.0	942.0	20.0	503.0	3299.0	1967.0	0.0	0.0	618.0	169.0	2348.0	227.0	282.0	304.0	441.0	0.0	0.0	331.0	2382.0	516.0	0.0	0.0	0.0	247.0	76.0	0.0	0.0	412.0	39.0	1013.0	56.0	260.0	0.0	0.0	114.0	381.0	0.0	0.0	0.0	0.0	0.0	2742.0	271.0	0.0	0.0	882.0	328.0	0.0	0.0	265.0	0.0	0.0	0.0	0.0	74.0	0.0	0.0	77.0	0.0	168.0	0.0	183.0	0.0	0.0	21.0	365.0	0.0	89.0	71.0	167.0	0.0	0.0	0.0	0.0	17.0	0.0	41.0	0.0	0.0	0.0	252.0	0.0	0.0	0.0	0.0	0.0	0.0	0.0	11.0	0.0	51.0	0.0	0.0	0.0	79.0	0.0	0.0	0.0	0.0	0.0	0.0	0.0	0.0	0.0	0.0	0.0	0.0	0.0	0.0	0.0	0.0	0.0	0.0	0.0	0.0	0.0	0.0	0.0	0.0	0.0	0.0	0.0	0.0	0.0	0.0	0.0	0.0	0.0	0.0	0.0	0.0	0.0	0.0	0.0	0.0	0.0	0.0	0.0	0.0	0.0	0.0	0.0	0.0	0.0	0.0	0.0	0.0	0.0	0.0	0.0
SRR6764878	375.0	1877.0	2343.0	0.0	2621.0	1137.0	0.0	27.0	376.0	622.0	112.0	0.0	438.0	0.0	955.0	0.0	0.0	0.0	0.0	0.0	0.0	118.0	1774.0	18.0	0.0	0.0	0.0	111.0	0.0	0.0	20.0	25.0	84.0	76.0	169.0	70.0	35.0	0.0	122.0	283.0	0.0	0.0	0.0	0.0	19.0	1962.0	402.0	0.0	0.0	344.0	146.0	0.0	32.0	79.0	26.0	0.0	0.0	0.0	0.0	18.0	0.0	48.0	0.0	118.0	0.0	0.0	0.0	0.0	0.0	177.0	6.0	50.0	11.0	66.0	0.0	0.0	0.0	0.0	144.0	0.0	0.0	0.0	0.0	0.0	0.0	0.0	0.0	0.0	0.0	0.0	0.0	0.0	0.0	0.0	0.0	0.0	0.0	0.0	182.0	0.0	0.0	0.0	0.0	0.0	0.0	0.0	0.0	0.0	0.0	0.0	0.0	0.0	23.0	0.0	0.0	0.0	0.0	0.0	0.0	0.0	0.0	0.0	0.0	0.0	0.0	0.0	0.0	0.0	0.0	0.0	0.0	0.0	0.0	0.0	0.0	0.0	0.0	0.0	0.0	0.0	0.0	0.0	0.0	0.0	0.0	0.0	0.0	0.0	0.0	0.0	0.0	0.0	0.0	0.0
SRR6764904	239.0	1645.0	568.0	0.0	1096.0	142.0	0.0	135.0	1271.0	1231.0	27.0	0.0	138.0	55.0	446.0	0.0	299.0	0.0	231.0	0.0	0.0	48.0	668.0	139.0	0.0	0.0	0.0	0.0	0.0	0.0	0.0	16.0	0.0	181.0	31.0	0.0	0.0	0.0	0.0	145.0	0.0	0.0	0.0	0.0	0.0	659.0	208.0	0.0	0.0	207.0	42.0	0.0	0.0	95.0	0.0	0.0	0.0	0.0	0.0	0.0	0.0	50.0	0.0	76.0	0.0	64.0	0.0	0.0	0.0	29.0	0.0	0.0	0.0	0.0	0.0	0.0	0.0	0.0	0.0	0.0	0.0	0.0	0.0	0.0	0.0	0.0	0.0	0.0	0.0	0.0	0.0	0.0	0.0	0.0	12.0	0.0	0.0	0.0	0.0	0.0	0.0	0.0	0.0	0.0	0.0	0.0	0.0	0.0	0.0	0.0	0.0	0.0	0.0	0.0	0.0	0.0	0.0	0.0	0.0	0.0	0.0	0.0	0.0	0.0	0.0	0.0	0.0	0.0	0.0	0.0	0.0	0.0	0.0	0.0	0.0	0.0	0.0	0.0	0.0	0.0	0.0	0.0	0.0	0.0	0.0	0.0	0.0	0.0	0.0	0.0	0.0	0.0	0.0	0.0
SRR6764912	204.0	2197.0	1690.0	0.0	1718.0	504.0	0.0	55.0	1377.0	1610.0	0.0	0.0	415.0	0.0	797.0	0.0	241.0	18.0	344.0	0.0	0.0	96.0	1258.0	120.0	0.0	0.0	0.0	11.0	0.0	0.0	0.0	0.0	0.0	193.0	24.0	0.0	0.0	0.0	0.0	215.0	0.0	0.0	0.0	0.0	48.0	1194.0	256.0	0.0	0.0	857.0	25.0	0.0	0.0	134.0	0.0	0.0	47.0	0.0	57.0	0.0	0.0	0.0	0.0	42.0	0.0	0.0	0.0	0.0	0.0	176.0	0.0	15.0	0.0	0.0	0.0	0.0	0.0	0.0	0.0	0.0	0.0	0.0	0.0	0.0	29.0	0.0	0.0	0.0	0.0	0.0	0.0	0.0	0.0	0.0	16.0	0.0	0.0	0.0	61.0	0.0	0.0	0.0	0.0	0.0	0.0	0.0	0.0	0.0	0.0	0.0	0.0	0.0	0.0	0.0	0.0	0.0	0.0	0.0	0.0	0.0	0.0	0.0	0.0	0.0	0.0	0.0	0.0	0.0	0.0	0.0	0.0	0.0	0.0	0.0	0.0	0.0	0.0	0.0	0.0	0.0	0.0	0.0	0.0	0.0	0.0	0.0	0.0	0.0	0.0	0.0	0.0	0.0	0.0	0.0
SRR6764913	213.0	2001.0	2988.0	0.0	1575.0	87.0	15.0	217.0	1336.0	1329.0	0.0	0.0	211.0	87.0	1149.0	0.0	231.0	38.0	338.0	0.0	0.0	151.0	1214.0	178.0	0.0	0.0	0.0	0.0	0.0	0.0	0.0	69.0	0.0	173.0	38.0	0.0	0.0	0.0	0.0	139.0	0.0	0.0	0.0	0.0	0.0	1117.0	467.0	0.0	0.0	625.0	64.0	0.0	9.0	187.0	0.0	0.0	0.0	0.0	65.0	0.0	0.0	6.0	0.0	66.0	0.0	73.0	0.0	0.0	0.0	101.0	0.0	13.0	0.0	70.0	0.0	0.0	0.0	0.0	0.0	0.0	0.0	0.0	0.0	0.0	144.0	0.0	0.0	0.0	0.0	0.0	0.0	0.0	0.0	0.0	0.0	0.0	0.0	0.0	0.0	0.0	0.0	0.0	0.0	0.0	0.0	0.0	0.0	0.0	0.0	0.0	0.0	0.0	0.0	0.0	0.0	0.0	0.0	0.0	0.0	0.0	0.0	0.0	0.0	0.0	0.0	0.0	0.0	0.0	0.0	0.0	0.0	0.0	0.0	0.0	0.0	0.0	0.0	0.0	0.0	0.0	0.0	0.0	0.0	0.0	0.0	0.0	0.0	0.0	0.0	0.0	0.0	0.0	0.0	0.0
SRR6764914	295.0	1590.0	1094.0	0.0	1387.0	342.0	0.0	156.0	873.0	700.0	45.0	0.0	125.0	69.0	693.0	36.0	203.0	0.0	230.0	0.0	0.0	58.0	589.0	68.0	0.0	0.0	0.0	22.0	0.0	0.0	0.0	19.0	0.0	107.0	50.0	0.0	13.0	0.0	54.0	206.0	0.0	0.0	0.0	0.0	23.0	1453.0	177.0	0.0	0.0	147.0	48.0	0.0	18.0	50.0	11.0	0.0	0.0	0.0	0.0	0.0	0.0	0.0	0.0	106.0	0.0	33.0	0.0	0.0	0.0	49.0	0.0	0.0	10.0	0.0	0.0	0.0	0.0	0.0	0.0	0.0	0.0	0.0	0.0	0.0	80.0	0.0	0.0	0.0	0.0	0.0	0.0	0.0	0.0	0.0	0.0	0.0	0.0	0.0	113.0	0.0	0.0	0.0	0.0	0.0	0.0	0.0	0.0	0.0	0.0	0.0	0.0	0.0	0.0	0.0	0.0	0.0	0.0	0.0	0.0	0.0	0.0	0.0	0.0	0.0	0.0	0.0	0.0	0.0	0.0	0.0	0.0	0.0	0.0	0.0	0.0	0.0	0.0	0.0	0.0	0.0	0.0	0.0	0.0	0.0	0.0	0.0	0.0	0.0	0.0	0.0	0.0	0.0	0.0	0.0
SRR6764915	645.0	1615.0	1475.0	0.0	1702.0	257.0	0.0	92.0	659.0	741.0	0.0	0.0	321.0	0.0	552.0	0.0	186.0	0.0	47.0	0.0	0.0	29.0	863.0	50.0	0.0	0.0	0.0	20.0	0.0	0.0	0.0	71.0	0.0	156.0	26.0	212.0	35.0	0.0	28.0	219.0	0.0	0.0	0.0	0.0	0.0	1385.0	366.0	0.0	0.0	342.0	329.0	0.0	0.0	94.0	27.0	0.0	0.0	0.0	35.0	0.0	0.0	79.0	0.0	105.0	0.0	41.0	0.0	0.0	0.0	48.0	12.0	40.0	76.0	0.0	0.0	0.0	0.0	0.0	0.0	0.0	0.0	0.0	0.0	0.0	33.0	0.0	0.0	0.0	0.0	0.0	0.0	0.0	0.0	0.0	0.0	0.0	0.0	0.0	107.0	0.0	0.0	0.0	0.0	0.0	0.0	0.0	0.0	0.0	0.0	0.0	0.0	0.0	0.0	0.0	0.0	0.0	0.0	0.0	0.0	0.0	0.0	0.0	0.0	0.0	0.0	0.0	0.0	0.0	0.0	0.0	0.0	0.0	0.0	0.0	0.0	0.0	0.0	0.0	0.0	0.0	0.0	0.0	0.0	0.0	0.0	0.0	0.0	0.0	0.0	0.0	0.0	0.0	0.0	0.0
SRR6764917	237.0	2747.0	2639.0	0.0	1932.0	163.0	0.0	91.0	1672.0	835.0	52.0	0.0	239.0	95.0	1248.0	0.0	289.0	74.0	346.0	0.0	0.0	0.0	1510.0	285.0	0.0	0.0	0.0	35.0	0.0	0.0	0.0	44.0	0.0	399.0	112.0	67.0	0.0	0.0	28.0	194.0	0.0	0.0	0.0	10.0	0.0	1173.0	371.0	0.0	0.0	621.0	91.0	0.0	0.0	116.0	0.0	0.0	0.0	0.0	0.0	0.0	0.0	34.0	0.0	130.0	0.0	101.0	0.0	0.0	0.0	96.0	0.0	30.0	0.0	31.0	0.0	0.0	0.0	0.0	30.0	0.0	0.0	0.0	0.0	0.0	132.0	0.0	0.0	0.0	0.0	0.0	0.0	0.0	0.0	0.0	0.0	0.0	0.0	0.0	55.0	0.0	0.0	0.0	0.0	0.0	0.0	0.0	0.0	0.0	0.0	0.0	0.0	0.0	0.0	0.0	0.0	0.0	0.0	0.0	0.0	0.0	0.0	0.0	0.0	0.0	0.0	0.0	0.0	0.0	0.0	0.0	0.0	0.0	0.0	0.0	0.0	0.0	0.0	0.0	0.0	0.0	0.0	0.0	0.0	0.0	0.0	0.0	0.0	0.0	0.0	0.0	0.0	0.0	0.0	0.0
SRR6764918	674.0	3262.0	3393.0	0.0	3197.0	893.0	0.0	213.0	1936.0	1225.0	0.0	0.0	582.0	183.0	1200.0	93.0	281.0	229.0	551.0	0.0	0.0	0.0	871.0	164.0	0.0	0.0	0.0	277.0	0.0	0.0	14.0	63.0	0.0	424.0	126.0	95.0	21.0	0.0	245.0	256.0	0.0	0.0	0.0	0.0	62.0	2037.0	575.0	0.0	0.0	541.0	271.0	20.0	0.0	136.0	0.0	0.0	0.0	0.0	0.0	0.0	0.0	0.0	0.0	103.0	0.0	97.0	0.0	0.0	0.0	74.0	0.0	82.0	30.0	6.0	0.0	0.0	0.0	0.0	115.0	0.0	0.0	0.0	0.0	0.0	112.0	0.0	0.0	0.0	0.0	0.0	0.0	0.0	0.0	0.0	0.0	0.0	0.0	0.0	93.0	0.0	0.0	0.0	0.0	0.0	0.0	0.0	0.0	0.0	0.0	0.0	0.0	0.0	11.0	0.0	0.0	0.0	0.0	0.0	0.0	0.0	0.0	0.0	0.0	0.0	0.0	0.0	0.0	0.0	0.0	0.0	0.0	0.0	0.0	0.0	0.0	0.0	0.0	0.0	0.0	0.0	0.0	0.0	0.0	0.0	0.0	0.0	0.0	0.0	0.0	0.0	0.0	0.0	0.0	0.0
SRR6764919	470.0	2617.0	1905.0	0.0	2285.0	633.0	13.0	161.0	1100.0	1174.0	0.0	0.0	202.0	55.0	1010.0	62.0	245.0	21.0	393.0	0.0	0.0	0.0	1145.0	144.0	0.0	0.0	0.0	75.0	0.0	0.0	0.0	41.0	0.0	254.0	43.0	148.0	19.0	0.0	128.0	232.0	0.0	0.0	0.0	0.0	0.0	1483.0	522.0	0.0	0.0	322.0	230.0	0.0	31.0	92.0	0.0	0.0	0.0	0.0	27.0	0.0	0.0	0.0	0.0	137.0	0.0	0.0	0.0	0.0	0.0	109.0	0.0	38.0	138.0	0.0	0.0	0.0	0.0	0.0	0.0	0.0	0.0	0.0	0.0	0.0	0.0	0.0	0.0	0.0	0.0	0.0	0.0	0.0	0.0	0.0	0.0	0.0	0.0	0.0	66.0	0.0	0.0	0.0	0.0	0.0	0.0	0.0	0.0	0.0	0.0	0.0	0.0	0.0	0.0	0.0	0.0	0.0	0.0	0.0	0.0	0.0	0.0	0.0	0.0	0.0	0.0	0.0	0.0	0.0	0.0	0.0	0.0	0.0	0.0	0.0	0.0	0.0	0.0	0.0	0.0	0.0	0.0	0.0	0.0	0.0	0.0	0.0	0.0	0.0	0.0	0.0	0.0	0.0	0.0	0.0
SRR6764921	997.0	2679.0	2421.0	0.0	2699.0	469.0	12.0	210.0	1649.0	1241.0	67.0	0.0	342.0	0.0	943.0	44.0	258.0	0.0	530.0	0.0	0.0	0.0	1134.0	141.0	0.0	0.0	0.0	33.0	0.0	0.0	0.0	69.0	0.0	550.0	59.0	0.0	53.0	0.0	0.0	250.0	0.0	0.0	0.0	0.0	50.0	2430.0	559.0	0.0	0.0	479.0	324.0	0.0	24.0	101.0	0.0	0.0	0.0	0.0	0.0	0.0	0.0	109.0	0.0	139.0	0.0	70.0	0.0	0.0	0.0	78.0	14.0	71.0	88.0	0.0	0.0	0.0	0.0	0.0	72.0	0.0	0.0	29.0	0.0	0.0	34.0	0.0	0.0	0.0	0.0	0.0	0.0	0.0	0.0	0.0	0.0	0.0	0.0	26.0	0.0	0.0	0.0	0.0	0.0	0.0	0.0	0.0	0.0	0.0	0.0	0.0	0.0	0.0	0.0	0.0	0.0	0.0	0.0	0.0	0.0	0.0	0.0	0.0	0.0	0.0	0.0	0.0	0.0	0.0	0.0	0.0	0.0	0.0	0.0	0.0	0.0	0.0	0.0	0.0	0.0	0.0	0.0	0.0	0.0	0.0	0.0	0.0	0.0	0.0	0.0	0.0	0.0	0.0	0.0	0.0
SRR6764922	425.0	2453.0	1851.0	0.0	2395.0	485.0	9.0	0.0	926.0	767.0	63.0	0.0	228.0	0.0	699.0	87.0	159.0	215.0	309.0	0.0	0.0	16.0	1035.0	61.0	0.0	0.0	0.0	42.0	30.0	0.0	0.0	55.0	59.0	294.0	99.0	164.0	17.0	0.0	0.0	314.0	0.0	0.0	0.0	0.0	18.0	1602.0	430.0	0.0	0.0	251.0	307.0	0.0	89.0	91.0	0.0	0.0	0.0	0.0	0.0	0.0	0.0	64.0	0.0	0.0	0.0	0.0	0.0	0.0	0.0	0.0	7.0	56.0	72.0	44.0	0.0	0.0	0.0	0.0	16.0	0.0	0.0	0.0	0.0	0.0	54.0	0.0	0.0	0.0	0.0	0.0	0.0	0.0	0.0	0.0	0.0	0.0	0.0	0.0	81.0	0.0	101.0	0.0	0.0	0.0	0.0	0.0	0.0	0.0	0.0	0.0	0.0	0.0	0.0	0.0	0.0	0.0	0.0	0.0	0.0	0.0	0.0	0.0	0.0	0.0	0.0	0.0	0.0	0.0	0.0	0.0	0.0	0.0	0.0	0.0	0.0	0.0	0.0	0.0	0.0	0.0	0.0	0.0	0.0	0.0	0.0	0.0	0.0	0.0	0.0	0.0	0.0	0.0	0.0	0.0
SRR6764923	464.0	3023.0	2301.0	0.0	2165.0	365.0	0.0	196.0	1380.0	1197.0	0.0	0.0	314.0	0.0	973.0	61.0	305.0	0.0	428.0	0.0	0.0	27.0	1013.0	123.0	0.0	0.0	0.0	110.0	0.0	0.0	0.0	31.0	59.0	225.0	92.0	41.0	0.0	0.0	0.0	244.0	0.0	0.0	0.0	0.0	0.0	1700.0	307.0	0.0	0.0	361.0	402.0	0.0	9.0	126.0	0.0	0.0	0.0	0.0	0.0	0.0	0.0	63.0	0.0	128.0	0.0	79.0	0.0	0.0	0.0	0.0	0.0	46.0	17.0	9.0	0.0	0.0	0.0	0.0	50.0	0.0	0.0	16.0	8.0	0.0	25.0	0.0	0.0	0.0	0.0	0.0	0.0	0.0	0.0	0.0	0.0	0.0	0.0	0.0	102.0	0.0	51.0	0.0	0.0	0.0	0.0	0.0	0.0	0.0	0.0	0.0	0.0	0.0	0.0	0.0	0.0	0.0	0.0	0.0	0.0	0.0	0.0	0.0	0.0	0.0	0.0	0.0	0.0	0.0	0.0	0.0	0.0	0.0	0.0	0.0	0.0	0.0	0.0	0.0	0.0	0.0	0.0	0.0	0.0	0.0	0.0	0.0	0.0	0.0	0.0	0.0	0.0	0.0	0.0	0.0
SRR6764924	832.0	3434.0	2234.0	0.0	3302.0	936.0	0.0	384.0	2340.0	2268.0	0.0	0.0	367.0	92.0	1508.0	112.0	402.0	418.0	629.0	0.0	0.0	119.0	1511.0	257.0	0.0	0.0	0.0	312.0	0.0	0.0	0.0	104.0	44.0	368.0	104.0	194.0	17.0	0.0	87.0	317.0	0.0	0.0	0.0	0.0	0.0	2568.0	340.0	0.0	0.0	572.0	456.0	0.0	36.0	181.0	0.0	0.0	0.0	0.0	32.0	0.0	0.0	71.0	0.0	131.0	0.0	130.0	0.0	0.0	41.0	25.0	0.0	103.0	31.0	28.0	0.0	0.0	0.0	0.0	156.0	0.0	25.0	0.0	0.0	0.0	89.0	0.0	0.0	0.0	0.0	0.0	0.0	0.0	0.0	0.0	0.0	0.0	0.0	0.0	212.0	0.0	0.0	0.0	0.0	0.0	0.0	0.0	0.0	0.0	0.0	0.0	0.0	0.0	0.0	0.0	0.0	0.0	0.0	0.0	0.0	0.0	0.0	0.0	0.0	0.0	0.0	0.0	0.0	0.0	0.0	0.0	0.0	0.0	0.0	0.0	0.0	0.0	0.0	0.0	0.0	0.0	0.0	0.0	0.0	0.0	0.0	0.0	0.0	0.0	0.0	0.0	0.0	0.0	0.0	0.0
SRR6764925	247.0	1733.0	1335.0	0.0	1744.0	394.0	20.0	126.0	1638.0	1129.0	54.0	0.0	263.0	59.0	431.0	74.0	239.0	0.0	185.0	0.0	0.0	0.0	1113.0	139.0	0.0	0.0	0.0	26.0	0.0	0.0	0.0	0.0	0.0	379.0	31.0	167.0	0.0	0.0	44.0	202.0	0.0	0.0	0.0	0.0	0.0	1106.0	311.0	0.0	0.0	97.0	84.0	0.0	0.0	102.0	11.0	0.0	0.0	0.0	0.0	0.0	0.0	55.0	0.0	0.0	0.0	86.0	0.0	0.0	0.0	59.0	0.0	42.0	0.0	0.0	0.0	0.0	0.0	0.0	0.0	0.0	0.0	0.0	0.0	0.0	13.0	0.0	0.0	0.0	0.0	0.0	0.0	0.0	0.0	0.0	20.0	0.0	0.0	0.0	55.0	0.0	17.0	0.0	0.0	0.0	0.0	0.0	0.0	0.0	0.0	0.0	0.0	0.0	0.0	0.0	0.0	0.0	0.0	0.0	0.0	0.0	0.0	0.0	0.0	0.0	0.0	0.0	0.0	0.0	0.0	0.0	0.0	0.0	0.0	0.0	0.0	0.0	0.0	0.0	0.0	0.0	0.0	0.0	0.0	0.0	0.0	0.0	0.0	0.0	0.0	0.0	0.0	0.0	0.0	0.0
SRR6764928	452.0	3089.0	2163.0	0.0	2629.0	580.0	78.0	102.0	1100.0	1380.0	147.0	0.0	316.0	34.0	839.0	61.0	446.0	137.0	499.0	0.0	0.0	367.0	1374.0	117.0	0.0	0.0	0.0	38.0	0.0	0.0	37.0	72.0	63.0	320.0	27.0	254.0	85.0	0.0	0.0	309.0	0.0	0.0	0.0	0.0	139.0	2915.0	195.0	0.0	7.0	583.0	420.0	0.0	40.0	178.0	22.0	0.0	0.0	0.0	72.0	9.0	0.0	154.0	0.0	112.0	0.0	74.0	0.0	0.0	0.0	42.0	0.0	41.0	18.0	33.0	0.0	0.0	0.0	0.0	16.0	0.0	0.0	0.0	0.0	0.0	222.0	0.0	0.0	0.0	0.0	0.0	0.0	0.0	0.0	0.0	56.0	0.0	0.0	0.0	227.0	0.0	0.0	0.0	0.0	0.0	0.0	0.0	0.0	0.0	0.0	0.0	0.0	0.0	0.0	0.0	0.0	0.0	0.0	0.0	0.0	0.0	0.0	0.0	0.0	0.0	0.0	0.0	0.0	0.0	0.0	0.0	0.0	0.0	0.0	0.0	0.0	0.0	0.0	0.0	0.0	0.0	0.0	0.0	0.0	0.0	0.0	0.0	0.0	0.0	0.0	0.0	0.0	0.0	0.0	0.0
SRR6764929	1000.0	3083.0	1921.0	63.0	2172.0	482.0	10.0	173.0	1107.0	1399.0	184.0	0.0	354.0	67.0	788.0	0.0	290.0	29.0	465.0	0.0	0.0	50.0	1630.0	86.0	0.0	0.0	0.0	0.0	0.0	0.0	0.0	0.0	0.0	197.0	81.0	250.0	71.0	0.0	0.0	326.0	0.0	0.0	0.0	63.0	89.0	2035.0	270.0	0.0	17.0	423.0	308.0	53.0	0.0	119.0	23.0	0.0	0.0	0.0	31.0	0.0	0.0	69.0	0.0	178.0	27.0	0.0	0.0	0.0	0.0	46.0	0.0	63.0	70.0	0.0	0.0	0.0	0.0	0.0	0.0	0.0	0.0	13.0	0.0	0.0	667.0	0.0	0.0	0.0	0.0	0.0	0.0	0.0	0.0	0.0	53.0	0.0	0.0	0.0	132.0	0.0	0.0	0.0	0.0	0.0	0.0	0.0	0.0	0.0	0.0	0.0	0.0	0.0	0.0	0.0	0.0	0.0	0.0	0.0	0.0	0.0	0.0	0.0	0.0	0.0	0.0	0.0	0.0	0.0	0.0	0.0	0.0	0.0	0.0	0.0	0.0	0.0	0.0	0.0	0.0	0.0	0.0	0.0	0.0	0.0	0.0	0.0	0.0	0.0	0.0	0.0	0.0	0.0	0.0	0.0
SRR6764930	655.0	2487.0	1233.0	0.0	2003.0	296.0	32.0	315.0	871.0	1401.0	0.0	0.0	45.0	64.0	290.0	96.0	310.0	0.0	400.0	0.0	0.0	101.0	1014.0	60.0	0.0	0.0	0.0	35.0	0.0	0.0	20.0	23.0	0.0	0.0	22.0	175.0	22.0	0.0	0.0	339.0	0.0	0.0	0.0	0.0	29.0	1772.0	473.0	0.0	0.0	360.0	196.0	0.0	0.0	152.0	14.0	0.0	0.0	0.0	66.0	0.0	0.0	91.0	0.0	131.0	0.0	0.0	0.0	0.0	0.0	172.0	0.0	33.0	66.0	14.0	0.0	0.0	0.0	0.0	0.0	0.0	0.0	0.0	0.0	0.0	267.0	0.0	0.0	0.0	0.0	0.0	0.0	0.0	0.0	0.0	19.0	0.0	0.0	0.0	0.0	0.0	0.0	12.0	0.0	0.0	0.0	0.0	0.0	0.0	0.0	0.0	0.0	0.0	0.0	0.0	0.0	0.0	0.0	0.0	0.0	0.0	0.0	0.0	0.0	0.0	0.0	0.0	0.0	0.0	0.0	0.0	0.0	0.0	0.0	0.0	0.0	0.0	0.0	0.0	0.0	0.0	0.0	0.0	0.0	0.0	0.0	0.0	0.0	0.0	0.0	0.0	0.0	0.0	0.0	0.0
SRR6764931	865.0	3015.0	1633.0	0.0	2674.0	744.0	90.0	173.0	1333.0	1672.0	0.0	0.0	275.0	138.0	510.0	0.0	348.0	0.0	411.0	0.0	0.0	162.0	955.0	102.0	0.0	0.0	0.0	25.0	0.0	0.0	0.0	20.0	0.0	253.0	44.0	107.0	66.0	0.0	0.0	244.0	0.0	0.0	0.0	43.0	45.0	2178.0	261.0	0.0	0.0	577.0	289.0	0.0	0.0	177.0	12.0	0.0	0.0	0.0	73.0	26.0	0.0	103.0	0.0	152.0	0.0	51.0	0.0	0.0	0.0	140.0	0.0	60.0	0.0	16.0	0.0	0.0	0.0	0.0	0.0	0.0	0.0	11.0	0.0	0.0	104.0	0.0	0.0	0.0	0.0	0.0	0.0	0.0	0.0	0.0	53.0	0.0	0.0	0.0	82.0	0.0	0.0	7.0	0.0	0.0	0.0	0.0	0.0	0.0	0.0	0.0	0.0	0.0	0.0	0.0	0.0	0.0	0.0	0.0	0.0	0.0	0.0	0.0	0.0	0.0	0.0	0.0	0.0	0.0	0.0	0.0	0.0	0.0	0.0	0.0	0.0	0.0	0.0	0.0	0.0	0.0	0.0	0.0	0.0	0.0	0.0	0.0	0.0	0.0	0.0	0.0	0.0	0.0	0.0	0.0
SRR6764935	933.0	3081.0	1324.0	0.0	2087.0	1058.0	12.0	335.0	999.0	1047.0	59.0	0.0	146.0	175.0	981.0	0.0	193.0	66.0	575.0	0.0	0.0	350.0	1591.0	60.0	0.0	0.0	0.0	0.0	0.0	0.0	44.0	0.0	59.0	353.0	109.0	91.0	72.0	0.0	0.0	234.0	0.0	0.0	0.0	0.0	90.0	2168.0	185.0	0.0	0.0	654.0	517.0	0.0	0.0	165.0	17.0	0.0	0.0	0.0	0.0	12.0	0.0	81.0	0.0	186.0	0.0	63.0	0.0	0.0	0.0	148.0	23.0	64.0	0.0	47.0	0.0	0.0	0.0	0.0	0.0	0.0	0.0	0.0	0.0	0.0	0.0	0.0	0.0	0.0	0.0	0.0	0.0	0.0	0.0	0.0	37.0	0.0	0.0	0.0	199.0	0.0	0.0	0.0	0.0	0.0	0.0	0.0	0.0	0.0	0.0	0.0	0.0	0.0	31.0	0.0	0.0	0.0	0.0	0.0	0.0	0.0	0.0	0.0	0.0	0.0	0.0	0.0	0.0	0.0	0.0	0.0	0.0	0.0	0.0	0.0	0.0	0.0	0.0	0.0	0.0	0.0	0.0	0.0	0.0	0.0	0.0	0.0	0.0	0.0	0.0	0.0	0.0	0.0	0.0	0.0
SRR6764936	696.0	3231.0	2007.0	0.0	2502.0	365.0	0.0	24.0	375.0	1662.0	62.0	0.0	72.0	125.0	430.0	57.0	238.0	127.0	372.0	0.0	0.0	53.0	1315.0	81.0	0.0	0.0	0.0	16.0	0.0	0.0	0.0	0.0	0.0	395.0	29.0	189.0	0.0	0.0	0.0	329.0	0.0	0.0	0.0	0.0	0.0	2083.0	316.0	0.0	0.0	264.0	228.0	38.0	66.0	68.0	0.0	0.0	0.0	0.0	13.0	0.0	0.0	112.0	0.0	72.0	0.0	0.0	0.0	0.0	0.0	218.0	0.0	45.0	0.0	0.0	0.0	0.0	0.0	0.0	0.0	0.0	0.0	0.0	0.0	0.0	572.0	0.0	0.0	0.0	0.0	0.0	0.0	0.0	0.0	0.0	38.0	0.0	0.0	0.0	67.0	0.0	0.0	0.0	0.0	0.0	0.0	0.0	0.0	0.0	0.0	0.0	0.0	0.0	0.0	0.0	0.0	5.0	0.0	0.0	0.0	0.0	0.0	0.0	0.0	0.0	0.0	0.0	0.0	0.0	0.0	0.0	0.0	0.0	0.0	0.0	0.0	0.0	0.0	0.0	0.0	0.0	0.0	0.0	0.0	0.0	0.0	0.0	0.0	0.0	0.0	0.0	0.0	0.0	0.0	0.0
SRR6764970	521.0	1873.0	2714.0	0.0	1646.0	608.0	0.0	0.0	1200.0	113.0	0.0	0.0	356.0	44.0	1279.0	0.0	156.0	0.0	183.0	0.0	0.0	0.0	1021.0	72.0	0.0	0.0	0.0	29.0	0.0	0.0	0.0	19.0	19.0	324.0	75.0	83.0	0.0	0.0	142.0	243.0	0.0	0.0	0.0	13.0	0.0	1385.0	390.0	0.0	0.0	224.0	226.0	0.0	8.0	96.0	16.0	0.0	0.0	0.0	0.0	0.0	0.0	0.0	0.0	92.0	0.0	61.0	0.0	0.0	0.0	202.0	0.0	38.0	0.0	0.0	0.0	0.0	0.0	0.0	0.0	0.0	0.0	0.0	0.0	0.0	0.0	0.0	0.0	0.0	0.0	0.0	0.0	0.0	0.0	0.0	0.0	0.0	0.0	0.0	69.0	0.0	48.0	0.0	0.0	0.0	0.0	0.0	0.0	0.0	0.0	0.0	0.0	0.0	9.0	0.0	0.0	0.0	0.0	0.0	0.0	0.0	0.0	0.0	0.0	0.0	0.0	0.0	0.0	0.0	0.0	0.0	0.0	0.0	0.0	0.0	0.0	0.0	0.0	0.0	0.0	0.0	0.0	0.0	0.0	0.0	0.0	0.0	0.0	0.0	0.0	0.0	0.0	0.0	0.0	0.0
SRR6764972	518.0	2110.0	1371.0	0.0	2338.0	406.0	0.0	0.0	507.0	984.0	0.0	0.0	130.0	63.0	509.0	0.0	179.0	0.0	282.0	0.0	0.0	0.0	832.0	44.0	0.0	0.0	0.0	0.0	0.0	0.0	22.0	0.0	0.0	247.0	44.0	44.0	48.0	0.0	0.0	229.0	0.0	0.0	0.0	27.0	50.0	1467.0	435.0	0.0	0.0	481.0	255.0	48.0	0.0	103.0	0.0	0.0	0.0	0.0	30.0	14.0	0.0	89.0	0.0	0.0	0.0	0.0	0.0	0.0	9.0	0.0	0.0	37.0	0.0	0.0	0.0	0.0	0.0	0.0	0.0	0.0	0.0	0.0	0.0	0.0	21.0	0.0	0.0	0.0	0.0	0.0	0.0	0.0	0.0	0.0	0.0	0.0	0.0	0.0	115.0	0.0	0.0	0.0	0.0	0.0	0.0	0.0	0.0	0.0	0.0	0.0	0.0	0.0	0.0	0.0	0.0	0.0	0.0	0.0	0.0	0.0	0.0	0.0	0.0	0.0	0.0	0.0	0.0	0.0	0.0	0.0	0.0	0.0	0.0	0.0	0.0	0.0	0.0	0.0	0.0	0.0	0.0	0.0	0.0	0.0	0.0	0.0	0.0	0.0	0.0	0.0	0.0	0.0	0.0	0.0
SRR6764973	179.0	1810.0	1132.0	0.0	1777.0	368.0	0.0	32.0	729.0	807.0	0.0	0.0	191.0	0.0	544.0	77.0	213.0	0.0	318.0	0.0	0.0	0.0	760.0	75.0	0.0	0.0	0.0	0.0	0.0	0.0	0.0	11.0	0.0	244.0	42.0	0.0	0.0	0.0	0.0	219.0	0.0	0.0	0.0	0.0	0.0	1238.0	394.0	0.0	0.0	385.0	211.0	22.0	22.0	35.0	0.0	0.0	0.0	0.0	0.0	0.0	0.0	72.0	0.0	107.0	0.0	0.0	0.0	0.0	0.0	13.0	0.0	36.0	0.0	0.0	0.0	0.0	0.0	0.0	0.0	0.0	0.0	0.0	0.0	0.0	51.0	0.0	0.0	0.0	0.0	0.0	0.0	0.0	0.0	0.0	0.0	0.0	0.0	0.0	93.0	0.0	0.0	0.0	0.0	0.0	0.0	0.0	0.0	0.0	0.0	0.0	0.0	0.0	0.0	0.0	0.0	0.0	0.0	0.0	0.0	0.0	0.0	0.0	0.0	0.0	0.0	0.0	0.0	0.0	0.0	0.0	0.0	0.0	0.0	0.0	0.0	0.0	0.0	0.0	0.0	0.0	0.0	0.0	0.0	0.0	0.0	0.0	0.0	0.0	0.0	0.0	0.0	0.0	0.0	0.0
SRR6764974	314.0	1945.0	1442.0	0.0	2226.0	336.0	0.0	42.0	1206.0	970.0	0.0	0.0	238.0	23.0	598.0	0.0	222.0	0.0	285.0	0.0	0.0	0.0	499.0	42.0	0.0	0.0	0.0	23.0	0.0	0.0	0.0	0.0	0.0	253.0	34.0	0.0	19.0	0.0	0.0	261.0	0.0	0.0	0.0	0.0	0.0	1572.0	359.0	0.0	0.0	98.0	246.0	0.0	17.0	51.0	0.0	0.0	0.0	0.0	32.0	0.0	0.0	0.0	0.0	0.0	0.0	0.0	0.0	0.0	0.0	0.0	0.0	38.0	0.0	0.0	0.0	0.0	0.0	0.0	10.0	0.0	0.0	0.0	0.0	0.0	10.0	0.0	0.0	0.0	0.0	0.0	0.0	0.0	0.0	0.0	0.0	0.0	0.0	0.0	105.0	0.0	35.0	0.0	0.0	0.0	0.0	0.0	0.0	0.0	0.0	0.0	0.0	0.0	0.0	0.0	0.0	0.0	0.0	0.0	0.0	0.0	0.0	0.0	0.0	0.0	0.0	0.0	0.0	0.0	0.0	0.0	0.0	0.0	0.0	0.0	0.0	0.0	0.0	0.0	0.0	0.0	0.0	0.0	0.0	0.0	0.0	0.0	0.0	0.0	0.0	0.0	0.0	0.0	0.0	0.0
SRR6764975	264.0	1387.0	1810.0	0.0	1669.0	310.0	0.0	0.0	398.0	753.0	76.0	0.0	283.0	82.0	779.0	0.0	235.0	0.0	161.0	0.0	0.0	0.0	1274.0	17.0	0.0	0.0	0.0	0.0	0.0	0.0	0.0	9.0	123.0	102.0	56.0	216.0	68.0	0.0	0.0	125.0	0.0	0.0	0.0	70.0	0.0	1426.0	318.0	0.0	20.0	280.0	129.0	0.0	17.0	34.0	76.0	0.0	0.0	0.0	0.0	20.0	0.0	0.0	0.0	68.0	0.0	0.0	0.0	0.0	0.0	0.0	0.0	0.0	24.0	19.0	0.0	0.0	0.0	0.0	0.0	0.0	0.0	0.0	0.0	0.0	0.0	0.0	0.0	0.0	0.0	0.0	0.0	0.0	0.0	0.0	0.0	0.0	0.0	0.0	104.0	0.0	0.0	0.0	0.0	0.0	0.0	3.0	0.0	0.0	0.0	0.0	0.0	0.0	0.0	0.0	0.0	0.0	0.0	0.0	0.0	0.0	0.0	0.0	0.0	0.0	0.0	0.0	0.0	0.0	0.0	0.0	0.0	0.0	0.0	0.0	0.0	0.0	0.0	0.0	0.0	0.0	0.0	0.0	0.0	0.0	0.0	0.0	0.0	0.0	0.0	0.0	0.0	0.0	0.0	0.0
SRR6764990	258.0	721.0	2040.0	0.0	1772.0	551.0	0.0	78.0	258.0	640.0	0.0	6.0	20.0	35.0	971.0	0.0	0.0	0.0	172.0	0.0	0.0	72.0	1721.0	66.0	0.0	0.0	0.0	29.0	0.0	0.0	0.0	77.0	0.0	35.0	38.0	129.0	0.0	0.0	0.0	230.0	0.0	0.0	0.0	0.0	0.0	1028.0	372.0	0.0	0.0	422.0	213.0	0.0	0.0	71.0	0.0	0.0	0.0	0.0	0.0	0.0	0.0	22.0	0.0	75.0	0.0	0.0	0.0	0.0	0.0	56.0	0.0	30.0	0.0	60.0	0.0	0.0	0.0	0.0	0.0	0.0	0.0	0.0	0.0	0.0	62.0	0.0	0.0	0.0	0.0	0.0	0.0	0.0	0.0	0.0	13.0	0.0	0.0	0.0	49.0	0.0	0.0	0.0	0.0	0.0	0.0	0.0	0.0	0.0	0.0	0.0	0.0	0.0	0.0	0.0	0.0	0.0	0.0	0.0	0.0	0.0	0.0	0.0	0.0	0.0	0.0	0.0	0.0	0.0	0.0	0.0	0.0	0.0	0.0	0.0	0.0	0.0	0.0	0.0	0.0	0.0	0.0	0.0	0.0	0.0	0.0	0.0	0.0	0.0	0.0	0.0	0.0	0.0	0.0	0.0
SRR6764991	287.0	1628.0	3064.0	0.0	1680.0	266.0	9.0	38.0	1124.0	820.0	0.0	0.0	157.0	0.0	486.0	0.0	132.0	8.0	235.0	0.0	0.0	20.0	769.0	36.0	0.0	0.0	0.0	47.0	0.0	0.0	0.0	0.0	0.0	0.0	35.0	0.0	0.0	0.0	0.0	272.0	0.0	0.0	0.0	0.0	0.0	720.0	286.0	0.0	0.0	343.0	131.0	0.0	62.0	27.0	0.0	0.0	0.0	0.0	0.0	0.0	0.0	44.0	0.0	69.0	0.0	0.0	0.0	0.0	0.0	0.0	0.0	23.0	0.0	37.0	0.0	0.0	0.0	0.0	19.0	0.0	0.0	22.0	0.0	0.0	34.0	0.0	0.0	0.0	0.0	0.0	0.0	0.0	0.0	0.0	0.0	0.0	0.0	0.0	82.0	0.0	0.0	0.0	0.0	0.0	0.0	0.0	0.0	0.0	0.0	0.0	0.0	0.0	6.0	0.0	0.0	0.0	0.0	0.0	0.0	0.0	0.0	0.0	0.0	0.0	0.0	0.0	0.0	0.0	0.0	0.0	0.0	0.0	0.0	0.0	0.0	0.0	0.0	0.0	0.0	0.0	0.0	0.0	0.0	0.0	0.0	0.0	0.0	0.0	0.0	0.0	0.0	0.0	0.0	0.0
SRR6764992	240.0	1504.0	1006.0	0.0	1061.0	355.0	0.0	89.0	1175.0	1143.0	0.0	0.0	162.0	52.0	524.0	0.0	250.0	0.0	297.0	0.0	0.0	114.0	951.0	178.0	0.0	0.0	0.0	0.0	0.0	0.0	0.0	16.0	0.0	53.0	0.0	138.0	0.0	0.0	0.0	257.0	0.0	0.0	0.0	0.0	0.0	727.0	311.0	0.0	0.0	385.0	38.0	0.0	0.0	110.0	0.0	0.0	25.0	0.0	0.0	0.0	0.0	55.0	0.0	59.0	0.0	69.0	0.0	0.0	0.0	15.0	0.0	16.0	0.0	0.0	0.0	0.0	0.0	0.0	0.0	0.0	23.0	0.0	0.0	0.0	85.0	0.0	0.0	0.0	0.0	0.0	0.0	0.0	0.0	0.0	0.0	0.0	0.0	0.0	0.0	0.0	0.0	0.0	0.0	0.0	0.0	0.0	0.0	0.0	0.0	0.0	0.0	0.0	0.0	0.0	0.0	0.0	0.0	0.0	0.0	0.0	0.0	0.0	0.0	0.0	0.0	0.0	0.0	0.0	0.0	0.0	0.0	0.0	0.0	0.0	0.0	0.0	0.0	0.0	0.0	0.0	0.0	0.0	0.0	0.0	0.0	0.0	0.0	0.0	0.0	0.0	0.0	0.0	0.0	0.0
SRR6764993	78.0	1210.0	1159.0	0.0	1272.0	314.0	0.0	183.0	1291.0	486.0	0.0	0.0	183.0	63.0	483.0	0.0	181.0	0.0	257.0	0.0	0.0	0.0	1003.0	114.0	0.0	0.0	0.0	43.0	0.0	0.0	0.0	102.0	0.0	108.0	0.0	130.0	0.0	0.0	0.0	190.0	0.0	0.0	0.0	0.0	23.0	611.0	172.0	0.0	0.0	361.0	27.0	0.0	0.0	63.0	0.0	0.0	0.0	0.0	0.0	0.0	0.0	0.0	0.0	48.0	0.0	99.0	0.0	0.0	0.0	94.0	0.0	0.0	17.0	0.0	0.0	0.0	0.0	0.0	0.0	0.0	0.0	0.0	0.0	0.0	60.0	0.0	0.0	0.0	0.0	0.0	0.0	0.0	0.0	0.0	0.0	0.0	0.0	0.0	0.0	0.0	0.0	0.0	0.0	0.0	0.0	0.0	0.0	0.0	0.0	0.0	0.0	0.0	0.0	0.0	0.0	0.0	0.0	0.0	0.0	0.0	0.0	0.0	0.0	0.0	0.0	0.0	0.0	0.0	0.0	0.0	0.0	0.0	0.0	0.0	0.0	0.0	0.0	0.0	0.0	0.0	0.0	0.0	0.0	0.0	0.0	0.0	0.0	0.0	0.0	0.0	0.0	0.0	0.0	0.0
SRR6764994	304.0	1507.0	1910.0	0.0	1948.0	325.0	0.0	31.0	511.0	1268.0	0.0	0.0	176.0	34.0	600.0	0.0	206.0	121.0	270.0	0.0	0.0	0.0	1050.0	122.0	0.0	0.0	0.0	0.0	18.0	0.0	0.0	30.0	0.0	96.0	33.0	102.0	0.0	0.0	0.0	140.0	0.0	0.0	0.0	0.0	28.0	1314.0	377.0	0.0	0.0	83.0	132.0	0.0	0.0	34.0	0.0	0.0	0.0	0.0	30.0	0.0	0.0	0.0	0.0	0.0	0.0	0.0	0.0	0.0	0.0	40.0	0.0	27.0	0.0	34.0	0.0	0.0	0.0	0.0	0.0	0.0	0.0	0.0	0.0	0.0	43.0	0.0	0.0	0.0	0.0	0.0	0.0	0.0	0.0	0.0	0.0	0.0	0.0	0.0	66.0	0.0	0.0	0.0	0.0	0.0	0.0	0.0	0.0	0.0	0.0	0.0	0.0	0.0	0.0	0.0	0.0	0.0	0.0	0.0	0.0	0.0	0.0	0.0	0.0	0.0	0.0	0.0	0.0	0.0	0.0	0.0	0.0	0.0	0.0	0.0	0.0	0.0	0.0	0.0	0.0	0.0	0.0	0.0	0.0	0.0	0.0	0.0	0.0	0.0	0.0	0.0	0.0	0.0	0.0	0.0
SRR6764995	163.0	1784.0	1855.0	0.0	1674.0	349.0	0.0	60.0	683.0	513.0	0.0	0.0	65.0	41.0	582.0	0.0	89.0	6.0	195.0	0.0	0.0	0.0	1516.0	53.0	0.0	0.0	0.0	58.0	0.0	0.0	0.0	31.0	0.0	47.0	82.0	131.0	0.0	0.0	0.0	241.0	0.0	0.0	0.0	0.0	0.0	698.0	102.0	0.0	0.0	283.0	153.0	0.0	0.0	71.0	0.0	0.0	0.0	0.0	0.0	0.0	0.0	0.0	0.0	46.0	0.0	0.0	0.0	0.0	0.0	207.0	0.0	23.0	0.0	43.0	0.0	0.0	0.0	0.0	0.0	0.0	0.0	0.0	0.0	0.0	0.0	0.0	0.0	0.0	0.0	0.0	0.0	0.0	0.0	0.0	17.0	0.0	0.0	0.0	0.0	0.0	0.0	0.0	0.0	0.0	0.0	0.0	0.0	0.0	0.0	0.0	0.0	0.0	0.0	0.0	0.0	0.0	0.0	0.0	0.0	0.0	0.0	0.0	0.0	0.0	0.0	0.0	0.0	0.0	0.0	0.0	0.0	0.0	0.0	0.0	0.0	0.0	0.0	0.0	0.0	0.0	0.0	0.0	0.0	0.0	0.0	0.0	0.0	0.0	0.0	0.0	0.0	0.0	0.0	0.0
SRR6764996	425.0	1892.0	938.0	0.0	1048.0	497.0	11.0	192.0	663.0	1119.0	0.0	0.0	256.0	51.0	267.0	0.0	173.0	0.0	215.0	0.0	0.0	0.0	685.0	75.0	0.0	0.0	0.0	0.0	0.0	0.0	9.0	21.0	16.0	48.0	0.0	146.0	0.0	0.0	0.0	232.0	0.0	0.0	0.0	0.0	0.0	972.0	150.0	0.0	0.0	287.0	82.0	0.0	0.0	46.0	0.0	0.0	0.0	0.0	0.0	0.0	0.0	0.0	0.0	57.0	0.0	0.0	0.0	0.0	0.0	115.0	0.0	32.0	0.0	23.0	0.0	0.0	0.0	0.0	0.0	0.0	0.0	0.0	0.0	0.0	0.0	0.0	0.0	0.0	0.0	0.0	0.0	0.0	0.0	0.0	0.0	0.0	0.0	0.0	0.0	0.0	9.0	0.0	0.0	0.0	0.0	0.0	0.0	0.0	0.0	0.0	0.0	0.0	0.0	0.0	0.0	0.0	0.0	0.0	0.0	0.0	0.0	0.0	0.0	0.0	0.0	0.0	0.0	0.0	0.0	0.0	0.0	0.0	0.0	0.0	0.0	0.0	0.0	0.0	0.0	0.0	0.0	0.0	0.0	0.0	0.0	0.0	0.0	0.0	0.0	0.0	0.0	0.0	0.0	0.0
SRR6764998	397.0	1150.0	2107.0	0.0	1440.0	600.0	0.0	9.0	257.0	616.0	36.0	0.0	176.0	0.0	657.0	0.0	88.0	19.0	33.0	0.0	0.0	25.0	986.0	106.0	0.0	0.0	0.0	41.0	0.0	0.0	0.0	41.0	0.0	45.0	83.0	71.0	12.0	0.0	57.0	219.0	0.0	0.0	0.0	0.0	0.0	716.0	287.0	0.0	0.0	186.0	200.0	0.0	0.0	82.0	0.0	0.0	0.0	0.0	0.0	0.0	0.0	0.0	0.0	66.0	0.0	0.0	0.0	0.0	0.0	57.0	0.0	23.0	0.0	44.0	0.0	0.0	0.0	0.0	0.0	0.0	0.0	0.0	0.0	0.0	13.0	0.0	0.0	0.0	0.0	0.0	0.0	0.0	0.0	0.0	0.0	0.0	0.0	0.0	0.0	0.0	0.0	0.0	0.0	0.0	0.0	0.0	0.0	0.0	0.0	0.0	0.0	0.0	0.0	0.0	0.0	0.0	0.0	0.0	0.0	0.0	0.0	0.0	0.0	0.0	0.0	0.0	0.0	0.0	0.0	0.0	0.0	0.0	0.0	0.0	0.0	0.0	0.0	0.0	0.0	0.0	0.0	0.0	0.0	0.0	0.0	0.0	0.0	0.0	0.0	0.0	0.0	0.0	0.0	0.0
SRR6764999	392.0	1353.0	2175.0	0.0	1939.0	300.0	0.0	94.0	414.0	527.0	80.0	0.0	196.0	40.0	953.0	31.0	183.0	175.0	44.0	0.0	0.0	0.0	1479.0	137.0	0.0	0.0	0.0	83.0	0.0	0.0	0.0	74.0	0.0	148.0	52.0	127.0	0.0	0.0	0.0	135.0	0.0	0.0	0.0	0.0	10.0	1241.0	220.0	0.0	0.0	271.0	130.0	0.0	0.0	37.0	0.0	0.0	0.0	0.0	46.0	0.0	0.0	0.0	0.0	89.0	0.0	66.0	0.0	0.0	0.0	22.0	0.0	27.0	0.0	51.0	0.0	0.0	0.0	0.0	0.0	0.0	0.0	0.0	0.0	0.0	111.0	0.0	0.0	0.0	0.0	0.0	0.0	0.0	0.0	0.0	14.0	0.0	0.0	0.0	0.0	0.0	0.0	0.0	0.0	0.0	0.0	0.0	0.0	0.0	0.0	0.0	0.0	0.0	0.0	0.0	0.0	0.0	0.0	0.0	0.0	0.0	0.0	0.0	0.0	0.0	0.0	0.0	0.0	0.0	0.0	0.0	0.0	0.0	0.0	0.0	0.0	0.0	0.0	0.0	0.0	0.0	0.0	0.0	0.0	0.0	0.0	0.0	0.0	0.0	0.0	0.0	0.0	0.0	0.0	0.0
SRR6765012	895.0	1746.0	2263.0	0.0	2066.0	468.0	0.0	0.0	807.0	678.0	101.0	0.0	187.0	84.0	977.0	0.0	237.0	0.0	248.0	0.0	0.0	137.0	1380.0	37.0	0.0	0.0	0.0	55.0	23.0	0.0	0.0	23.0	37.0	97.0	148.0	29.0	57.0	0.0	31.0	197.0	0.0	0.0	0.0	34.0	0.0	1479.0	402.0	0.0	25.0	405.0	368.0	0.0	121.0	83.0	28.0	0.0	0.0	0.0	0.0	0.0	0.0	0.0	0.0	129.0	0.0	0.0	0.0	0.0	0.0	61.0	0.0	50.0	36.0	37.0	0.0	0.0	0.0	0.0	0.0	0.0	0.0	0.0	0.0	0.0	25.0	0.0	0.0	0.0	0.0	0.0	0.0	0.0	0.0	0.0	29.0	0.0	0.0	17.0	101.0	0.0	0.0	0.0	0.0	0.0	0.0	0.0	0.0	0.0	0.0	0.0	0.0	0.0	9.0	0.0	0.0	0.0	0.0	0.0	0.0	0.0	0.0	0.0	0.0	0.0	0.0	0.0	0.0	0.0	0.0	0.0	0.0	0.0	0.0	0.0	0.0	0.0	0.0	0.0	0.0	0.0	0.0	0.0	0.0	0.0	0.0	0.0	0.0	0.0	0.0	0.0	0.0	0.0	0.0	0.0
SRR6765015	1116.0	3871.0	2474.0	0.0	2843.0	1000.0	30.0	402.0	2505.0	2008.0	0.0	0.0	566.0	131.0	1152.0	147.0	293.0	181.0	780.0	0.0	0.0	271.0	1026.0	127.0	0.0	0.0	0.0	7.0	0.0	0.0	56.0	52.0	0.0	664.0	115.0	240.0	96.0	0.0	35.0	336.0	0.0	0.0	0.0	17.0	146.0	1661.0	533.0	0.0	0.0	449.0	470.0	38.0	53.0	337.0	18.0	0.0	0.0	0.0	0.0	0.0	0.0	101.0	0.0	176.0	0.0	64.0	0.0	0.0	0.0	0.0	25.0	131.0	134.0	14.0	0.0	0.0	0.0	0.0	32.0	0.0	24.0	0.0	0.0	0.0	51.0	0.0	0.0	0.0	0.0	0.0	0.0	0.0	0.0	0.0	0.0	0.0	0.0	9.0	83.0	0.0	0.0	0.0	0.0	0.0	0.0	0.0	0.0	0.0	0.0	0.0	0.0	0.0	22.0	0.0	0.0	0.0	0.0	0.0	0.0	0.0	0.0	0.0	0.0	0.0	0.0	0.0	0.0	0.0	0.0	0.0	0.0	0.0	0.0	0.0	0.0	0.0	0.0	0.0	0.0	0.0	0.0	0.0	0.0	0.0	0.0	0.0	0.0	0.0	0.0	0.0	0.0	0.0	0.0	0.0
SRR6765016	876.0	3213.0	1957.0	0.0	1486.0	752.0	31.0	72.0	1713.0	2551.0	0.0	0.0	218.0	88.0	442.0	67.0	237.0	4.0	582.0	0.0	0.0	140.0	1206.0	82.0	0.0	0.0	0.0	22.0	0.0	0.0	0.0	0.0	0.0	298.0	69.0	0.0	33.0	0.0	0.0	335.0	6.0	0.0	0.0	11.0	59.0	1244.0	334.0	0.0	0.0	508.0	410.0	0.0	72.0	142.0	0.0	0.0	0.0	0.0	0.0	0.0	0.0	86.0	0.0	91.0	0.0	0.0	0.0	0.0	0.0	32.0	33.0	78.0	0.0	0.0	0.0	0.0	0.0	0.0	14.0	0.0	0.0	0.0	0.0	0.0	0.0	0.0	0.0	0.0	0.0	0.0	0.0	0.0	0.0	0.0	26.0	0.0	0.0	0.0	106.0	0.0	0.0	0.0	0.0	0.0	0.0	0.0	0.0	0.0	0.0	0.0	0.0	0.0	0.0	0.0	0.0	0.0	0.0	0.0	0.0	0.0	0.0	0.0	0.0	0.0	0.0	0.0	0.0	0.0	0.0	0.0	0.0	0.0	0.0	0.0	0.0	0.0	0.0	0.0	0.0	0.0	0.0	0.0	0.0	0.0	0.0	0.0	0.0	0.0	0.0	0.0	0.0	0.0	0.0	0.0
SRR6765017	636.0	3633.0	3441.0	0.0	3721.0	1371.0	0.0	243.0	3085.0	2503.0	0.0	0.0	938.0	201.0	821.0	0.0	249.0	113.0	574.0	0.0	0.0	280.0	965.0	93.0	0.0	0.0	0.0	11.0	34.0	0.0	40.0	0.0	59.0	672.0	89.0	0.0	104.0	0.0	0.0	264.0	0.0	0.0	0.0	0.0	30.0	1214.0	462.0	0.0	0.0	878.0	394.0	31.0	58.0	195.0	0.0	0.0	0.0	0.0	0.0	0.0	0.0	0.0	0.0	145.0	0.0	0.0	0.0	0.0	5.0	142.0	17.0	76.0	0.0	128.0	0.0	0.0	0.0	0.0	6.0	0.0	0.0	86.0	0.0	0.0	22.0	0.0	0.0	0.0	0.0	0.0	0.0	0.0	0.0	0.0	0.0	0.0	0.0	0.0	107.0	0.0	0.0	0.0	0.0	0.0	0.0	0.0	0.0	0.0	0.0	0.0	0.0	0.0	0.0	0.0	0.0	0.0	0.0	0.0	0.0	0.0	0.0	0.0	0.0	0.0	0.0	0.0	0.0	0.0	0.0	0.0	0.0	0.0	0.0	0.0	0.0	0.0	0.0	0.0	0.0	0.0	0.0	0.0	0.0	0.0	0.0	0.0	0.0	0.0	0.0	0.0	0.0	0.0	0.0	0.0
SRR6765018	1243.0	3611.0	2472.0	0.0	2914.0	1267.0	22.0	251.0	2789.0	3252.0	0.0	0.0	995.0	103.0	1420.0	160.0	260.0	146.0	603.0	0.0	0.0	362.0	1623.0	232.0	4.0	0.0	0.0	3.0	0.0	0.0	0.0	83.0	0.0	354.0	0.0	74.0	45.0	0.0	49.0	300.0	0.0	0.0	0.0	0.0	72.0	1706.0	709.0	0.0	0.0	568.0	398.0	0.0	59.0	302.0	0.0	0.0	0.0	0.0	42.0	0.0	0.0	81.0	0.0	134.0	0.0	69.0	0.0	0.0	0.0	67.0	0.0	56.0	32.0	37.0	0.0	0.0	0.0	0.0	7.0	0.0	41.0	0.0	0.0	0.0	129.0	0.0	0.0	0.0	0.0	0.0	0.0	0.0	0.0	0.0	0.0	0.0	0.0	0.0	129.0	0.0	80.0	0.0	0.0	0.0	0.0	0.0	0.0	0.0	0.0	0.0	0.0	0.0	22.0	0.0	0.0	0.0	0.0	0.0	0.0	0.0	0.0	0.0	0.0	0.0	0.0	0.0	0.0	0.0	0.0	0.0	0.0	0.0	0.0	0.0	0.0	0.0	0.0	0.0	0.0	0.0	0.0	0.0	0.0	0.0	0.0	0.0	0.0	0.0	0.0	0.0	0.0	0.0	0.0	0.0
SRR6765019	1513.0	4138.0	3933.0	0.0	3309.0	1543.0	24.0	791.0	3896.0	3831.0	188.0	0.0	885.0	145.0	1185.0	199.0	392.0	186.0	544.0	0.0	0.0	416.0	2037.0	356.0	0.0	0.0	0.0	56.0	0.0	0.0	29.0	116.0	0.0	743.0	88.0	109.0	42.0	0.0	42.0	433.0	0.0	0.0	13.0	0.0	99.0	1589.0	287.0	0.0	0.0	635.0	387.0	0.0	21.0	282.0	0.0	0.0	0.0	0.0	161.0	0.0	0.0	101.0	0.0	121.0	0.0	90.0	0.0	0.0	0.0	158.0	0.0	49.0	116.0	47.0	0.0	0.0	0.0	0.0	55.0	0.0	56.0	0.0	0.0	0.0	131.0	0.0	0.0	0.0	0.0	0.0	0.0	0.0	0.0	0.0	52.0	0.0	0.0	0.0	193.0	0.0	110.0	0.0	0.0	0.0	0.0	0.0	0.0	0.0	0.0	0.0	0.0	0.0	20.0	0.0	0.0	16.0	0.0	0.0	0.0	0.0	0.0	0.0	0.0	0.0	0.0	0.0	0.0	0.0	0.0	0.0	0.0	0.0	0.0	0.0	0.0	0.0	0.0	0.0	0.0	0.0	0.0	0.0	0.0	0.0	0.0	0.0	0.0	0.0	0.0	0.0	0.0	0.0	0.0	0.0
SRR6765020	572.0	2769.0	1823.0	0.0	1468.0	713.0	16.0	362.0	1842.0	1731.0	0.0	3.0	494.0	74.0	924.0	0.0	209.0	0.0	400.0	0.0	0.0	156.0	1226.0	124.0	0.0	0.0	0.0	0.0	52.0	0.0	0.0	49.0	0.0	245.0	0.0	110.0	15.0	0.0	15.0	308.0	0.0	0.0	0.0	12.0	0.0	1205.0	394.0	0.0	0.0	357.0	225.0	0.0	0.0	135.0	0.0	0.0	0.0	0.0	0.0	0.0	0.0	0.0	0.0	0.0	6.0	67.0	0.0	0.0	0.0	19.0	0.0	0.0	0.0	21.0	0.0	0.0	0.0	0.0	17.0	0.0	25.0	0.0	0.0	0.0	36.0	0.0	0.0	0.0	0.0	0.0	0.0	0.0	0.0	0.0	0.0	0.0	0.0	0.0	0.0	0.0	0.0	0.0	0.0	0.0	0.0	0.0	0.0	0.0	0.0	0.0	0.0	0.0	0.0	0.0	0.0	0.0	0.0	0.0	0.0	0.0	0.0	0.0	0.0	0.0	0.0	0.0	0.0	0.0	0.0	0.0	0.0	0.0	0.0	0.0	0.0	0.0	0.0	0.0	0.0	0.0	0.0	0.0	0.0	0.0	0.0	0.0	0.0	0.0	0.0	0.0	0.0	0.0	0.0	0.0
SRR6765021	857.0	2261.0	4017.0	0.0	2263.0	791.0	0.0	29.0	1203.0	994.0	0.0	0.0	379.0	36.0	1295.0	68.0	149.0	0.0	396.0	0.0	0.0	100.0	1379.0	144.0	0.0	0.0	0.0	40.0	0.0	0.0	14.0	23.0	33.0	203.0	66.0	44.0	69.0	0.0	0.0	221.0	0.0	0.0	0.0	0.0	32.0	1282.0	593.0	0.0	0.0	525.0	603.0	0.0	37.0	0.0	0.0	0.0	0.0	0.0	0.0	0.0	0.0	64.0	0.0	115.0	0.0	35.0	0.0	0.0	0.0	42.0	0.0	31.0	13.0	77.0	0.0	0.0	0.0	0.0	39.0	0.0	0.0	0.0	0.0	0.0	27.0	0.0	2.0	0.0	0.0	0.0	0.0	0.0	0.0	0.0	32.0	0.0	0.0	0.0	94.0	0.0	0.0	0.0	0.0	2.0	0.0	0.0	0.0	0.0	0.0	0.0	0.0	0.0	0.0	0.0	0.0	0.0	0.0	0.0	0.0	0.0	0.0	0.0	0.0	0.0	0.0	0.0	0.0	0.0	0.0	0.0	0.0	0.0	0.0	0.0	0.0	0.0	0.0	0.0	0.0	0.0	0.0	0.0	0.0	0.0	0.0	0.0	0.0	0.0	0.0	0.0	0.0	0.0	0.0	0.0
SRR6765022	662.0	2577.0	1775.0	0.0	1747.0	705.0	13.0	43.0	1614.0	1701.0	91.0	0.0	111.0	0.0	561.0	0.0	175.0	26.0	438.0	0.0	0.0	106.0	963.0	81.0	0.0	0.0	0.0	0.0	0.0	0.0	0.0	18.0	0.0	184.0	51.0	35.0	45.0	0.0	0.0	374.0	0.0	0.0	0.0	0.0	0.0	1031.0	367.0	0.0	0.0	416.0	387.0	0.0	0.0	122.0	0.0	0.0	0.0	0.0	0.0	0.0	0.0	0.0	0.0	0.0	0.0	0.0	0.0	0.0	0.0	31.0	0.0	40.0	0.0	0.0	0.0	0.0	0.0	0.0	0.0	0.0	0.0	0.0	0.0	0.0	30.0	0.0	0.0	0.0	0.0	0.0	0.0	0.0	0.0	0.0	0.0	0.0	0.0	0.0	65.0	0.0	0.0	0.0	0.0	0.0	0.0	0.0	0.0	0.0	0.0	0.0	0.0	0.0	0.0	0.0	0.0	0.0	0.0	0.0	0.0	0.0	0.0	0.0	0.0	0.0	0.0	0.0	0.0	0.0	0.0	0.0	0.0	0.0	0.0	0.0	0.0	0.0	0.0	0.0	0.0	0.0	0.0	0.0	0.0	0.0	0.0	0.0	0.0	0.0	0.0	0.0	0.0	0.0	0.0	0.0
SRR6765023	1182.0	3836.0	2325.0	0.0	2371.0	1181.0	56.0	224.0	2346.0	2640.0	42.0	0.0	511.0	26.0	916.0	114.0	220.0	0.0	435.0	0.0	0.0	262.0	1152.0	184.0	0.0	0.0	0.0	16.0	17.0	0.0	21.0	61.0	51.0	453.0	31.0	100.0	66.0	0.0	0.0	269.0	0.0	0.0	0.0	0.0	62.0	1422.0	612.0	0.0	0.0	659.0	554.0	0.0	0.0	228.0	0.0	0.0	0.0	0.0	0.0	0.0	0.0	117.0	0.0	147.0	0.0	0.0	0.0	0.0	0.0	93.0	11.0	39.0	32.0	0.0	0.0	0.0	0.0	0.0	63.0	0.0	24.0	17.0	0.0	0.0	76.0	0.0	0.0	0.0	0.0	0.0	0.0	0.0	0.0	0.0	49.0	0.0	0.0	0.0	143.0	0.0	78.0	0.0	0.0	0.0	0.0	0.0	0.0	0.0	0.0	0.0	0.0	0.0	0.0	0.0	0.0	0.0	0.0	0.0	0.0	0.0	0.0	0.0	0.0	0.0	0.0	0.0	0.0	0.0	0.0	0.0	0.0	0.0	0.0	0.0	0.0	0.0	0.0	0.0	0.0	0.0	0.0	0.0	0.0	0.0	0.0	0.0	0.0	0.0	0.0	0.0	0.0	0.0	0.0	0.0
SRR6765024	769.0	3001.0	1720.0	0.0	1650.0	836.0	76.0	203.0	2039.0	2207.0	101.0	0.0	496.0	169.0	415.0	116.0	195.0	2.0	511.0	0.0	10.0	208.0	307.0	65.0	0.0	0.0	0.0	0.0	0.0	0.0	26.0	12.0	0.0	229.0	32.0	96.0	80.0	0.0	0.0	290.0	0.0	0.0	0.0	0.0	42.0	1185.0	661.0	0.0	9.0	343.0	305.0	0.0	10.0	181.0	0.0	0.0	0.0	0.0	33.0	0.0	0.0	103.0	0.0	108.0	0.0	0.0	0.0	0.0	0.0	83.0	17.0	51.0	0.0	0.0	0.0	0.0	0.0	0.0	10.0	0.0	0.0	0.0	0.0	0.0	23.0	0.0	0.0	0.0	0.0	0.0	0.0	0.0	0.0	0.0	26.0	0.0	0.0	0.0	105.0	0.0	0.0	0.0	0.0	0.0	0.0	0.0	0.0	0.0	0.0	0.0	0.0	0.0	0.0	0.0	0.0	0.0	0.0	0.0	0.0	0.0	0.0	0.0	0.0	0.0	0.0	0.0	0.0	0.0	0.0	0.0	0.0	0.0	0.0	0.0	0.0	0.0	0.0	0.0	0.0	0.0	0.0	0.0	0.0	0.0	0.0	0.0	0.0	0.0	0.0	0.0	0.0	0.0	0.0	0.0
SRR6765046	769.0	3443.0	1598.0	0.0	2027.0	1098.0	0.0	227.0	1374.0	1830.0	113.0	0.0	341.0	162.0	629.0	54.0	339.0	7.0	488.0	0.0	0.0	178.0	1828.0	157.0	0.0	0.0	0.0	52.0	0.0	0.0	30.0	46.0	0.0	165.0	72.0	120.0	71.0	0.0	25.0	372.0	0.0	0.0	0.0	33.0	60.0	2248.0	324.0	0.0	0.0	225.0	313.0	0.0	0.0	137.0	0.0	0.0	0.0	0.0	0.0	0.0	0.0	0.0	0.0	196.0	0.0	92.0	0.0	0.0	0.0	0.0	0.0	79.0	0.0	18.0	0.0	0.0	0.0	0.0	13.0	0.0	0.0	0.0	0.0	0.0	76.0	0.0	0.0	0.0	0.0	0.0	0.0	0.0	0.0	0.0	0.0	0.0	0.0	0.0	214.0	0.0	0.0	0.0	0.0	0.0	0.0	0.0	0.0	0.0	0.0	0.0	0.0	0.0	0.0	0.0	0.0	0.0	0.0	0.0	0.0	0.0	0.0	0.0	0.0	0.0	0.0	0.0	0.0	0.0	0.0	0.0	0.0	0.0	0.0	0.0	0.0	0.0	0.0	0.0	0.0	0.0	0.0	0.0	0.0	0.0	0.0	0.0	0.0	0.0	0.0	0.0	0.0	0.0	0.0	0.0
SRR6765047	569.0	2625.0	1004.0	0.0	1789.0	884.0	0.0	242.0	663.0	1889.0	149.0	0.0	213.0	107.0	779.0	0.0	319.0	43.0	486.0	0.0	0.0	51.0	1924.0	21.0	0.0	0.0	0.0	0.0	0.0	0.0	48.0	17.0	30.0	178.0	18.0	77.0	57.0	0.0	0.0	237.0	0.0	0.0	11.0	31.0	0.0	2328.0	587.0	0.0	0.0	576.0	227.0	85.0	0.0	155.0	48.0	0.0	0.0	0.0	63.0	0.0	0.0	121.0	0.0	148.0	0.0	0.0	0.0	0.0	0.0	26.0	0.0	0.0	0.0	33.0	0.0	0.0	0.0	0.0	0.0	0.0	0.0	0.0	0.0	0.0	370.0	0.0	0.0	0.0	0.0	0.0	0.0	0.0	0.0	0.0	0.0	0.0	0.0	0.0	138.0	0.0	0.0	19.0	0.0	0.0	0.0	0.0	0.0	0.0	0.0	0.0	0.0	0.0	22.0	0.0	0.0	0.0	0.0	0.0	0.0	0.0	0.0	0.0	0.0	0.0	0.0	0.0	0.0	0.0	0.0	0.0	0.0	0.0	0.0	0.0	0.0	0.0	0.0	0.0	0.0	0.0	0.0	0.0	0.0	0.0	0.0	0.0	0.0	0.0	0.0	0.0	0.0	0.0	0.0	0.0
SRR6765048	566.0	3485.0	2300.0	16.0	2968.0	357.0	30.0	240.0	841.0	1700.0	0.0	0.0	292.0	142.0	223.0	52.0	303.0	0.0	394.0	0.0	0.0	32.0	1110.0	54.0	0.0	0.0	0.0	0.0	24.0	0.0	45.0	71.0	0.0	205.0	0.0	13.0	24.0	0.0	0.0	302.0	0.0	0.0	0.0	30.0	31.0	2163.0	412.0	0.0	0.0	617.0	279.0	76.0	50.0	142.0	25.0	0.0	0.0	0.0	125.0	0.0	0.0	229.0	0.0	150.0	27.0	0.0	11.0	0.0	0.0	271.0	0.0	35.0	0.0	0.0	0.0	0.0	0.0	0.0	48.0	0.0	0.0	0.0	0.0	0.0	558.0	0.0	0.0	0.0	0.0	0.0	0.0	0.0	0.0	0.0	0.0	0.0	0.0	0.0	0.0	0.0	0.0	25.0	0.0	0.0	0.0	0.0	0.0	0.0	0.0	0.0	0.0	0.0	0.0	0.0	0.0	0.0	0.0	0.0	0.0	0.0	0.0	0.0	0.0	0.0	0.0	0.0	0.0	0.0	0.0	0.0	0.0	0.0	0.0	0.0	0.0	0.0	0.0	0.0	0.0	0.0	0.0	0.0	0.0	0.0	0.0	0.0	0.0	0.0	0.0	0.0	0.0	0.0	0.0	0.0
SRR6765049	754.0	1957.0	1529.0	0.0	2056.0	785.0	35.0	0.0	424.0	1483.0	136.0	0.0	299.0	99.0	439.0	0.0	313.0	0.0	453.0	0.0	50.0	246.0	987.0	41.0	10.0	0.0	0.0	0.0	0.0	0.0	57.0	124.0	0.0	184.0	12.0	285.0	54.0	0.0	0.0	375.0	0.0	0.0	0.0	81.0	24.0	1996.0	651.0	0.0	0.0	589.0	216.0	0.0	0.0	178.0	48.0	0.0	0.0	0.0	0.0	0.0	0.0	126.0	0.0	119.0	0.0	0.0	0.0	0.0	0.0	88.0	6.0	72.0	14.0	10.0	0.0	0.0	0.0	0.0	0.0	0.0	0.0	0.0	0.0	0.0	565.0	0.0	0.0	0.0	0.0	0.0	0.0	0.0	0.0	0.0	46.0	0.0	0.0	0.0	149.0	0.0	46.0	0.0	0.0	0.0	0.0	0.0	0.0	0.0	0.0	0.0	0.0	0.0	18.0	0.0	0.0	0.0	0.0	0.0	0.0	0.0	0.0	0.0	20.0	0.0	0.0	0.0	0.0	0.0	0.0	0.0	0.0	0.0	0.0	0.0	0.0	0.0	0.0	0.0	0.0	0.0	0.0	0.0	0.0	0.0	0.0	0.0	0.0	0.0	0.0	0.0	0.0	0.0	0.0	0.0
SRR6765060	411.0	3321.0	2026.0	0.0	2612.0	1011.0	0.0	211.0	1834.0	1512.0	0.0	0.0	219.0	0.0	525.0	87.0	357.0	122.0	205.0	0.0	0.0	214.0	1163.0	236.0	0.0	0.0	0.0	32.0	0.0	0.0	0.0	90.0	0.0	525.0	36.0	0.0	0.0	0.0	97.0	416.0	0.0	0.0	0.0	0.0	37.0	1252.0	348.0	0.0	0.0	261.0	38.0	0.0	0.0	45.0	0.0	0.0	0.0	0.0	0.0	0.0	0.0	0.0	0.0	62.0	0.0	106.0	0.0	0.0	0.0	336.0	0.0	0.0	91.0	13.0	0.0	0.0	0.0	0.0	0.0	0.0	0.0	0.0	0.0	0.0	390.0	0.0	0.0	0.0	0.0	0.0	0.0	0.0	0.0	0.0	0.0	0.0	0.0	0.0	0.0	0.0	0.0	0.0	0.0	0.0	0.0	0.0	0.0	0.0	0.0	0.0	0.0	0.0	0.0	0.0	0.0	0.0	0.0	0.0	0.0	0.0	0.0	0.0	0.0	0.0	0.0	0.0	0.0	0.0	0.0	0.0	0.0	0.0	0.0	0.0	0.0	0.0	0.0	0.0	0.0	0.0	0.0	0.0	0.0	0.0	0.0	0.0	0.0	0.0	0.0	0.0	0.0	0.0	0.0	0.0
SRR6765061	500.0	3666.0	1473.0	0.0	2222.0	993.0	0.0	623.0	1815.0	1726.0	74.0	0.0	211.0	99.0	683.0	56.0	364.0	166.0	330.0	0.0	0.0	242.0	1066.0	291.0	0.0	0.0	0.0	100.0	0.0	0.0	0.0	47.0	0.0	307.0	89.0	196.0	0.0	0.0	0.0	170.0	0.0	0.0	0.0	16.0	47.0	1262.0	446.0	0.0	8.0	236.0	64.0	0.0	84.0	116.0	27.0	0.0	0.0	0.0	0.0	0.0	0.0	0.0	0.0	66.0	0.0	163.0	0.0	0.0	0.0	185.0	0.0	24.0	0.0	0.0	0.0	0.0	0.0	0.0	14.0	0.0	0.0	0.0	0.0	0.0	579.0	0.0	0.0	0.0	0.0	0.0	0.0	0.0	0.0	0.0	18.0	0.0	0.0	0.0	117.0	0.0	0.0	0.0	0.0	0.0	0.0	0.0	0.0	0.0	0.0	0.0	0.0	0.0	0.0	0.0	0.0	0.0	0.0	0.0	0.0	0.0	0.0	0.0	0.0	0.0	0.0	0.0	0.0	0.0	0.0	0.0	0.0	0.0	0.0	0.0	0.0	0.0	0.0	0.0	0.0	0.0	0.0	0.0	0.0	0.0	0.0	0.0	0.0	0.0	0.0	0.0	0.0	0.0	0.0	0.0
SRR6765074	586.0	3019.0	1241.0	0.0	1954.0	154.0	0.0	230.0	1041.0	795.0	79.0	0.0	0.0	161.0	550.0	0.0	275.0	0.0	221.0	0.0	31.0	152.0	1077.0	149.0	3.0	0.0	0.0	0.0	0.0	0.0	23.0	25.0	0.0	374.0	60.0	18.0	21.0	0.0	0.0	351.0	0.0	0.0	0.0	45.0	39.0	1284.0	303.0	0.0	0.0	363.0	57.0	0.0	0.0	110.0	66.0	0.0	0.0	0.0	0.0	15.0	0.0	0.0	0.0	96.0	0.0	81.0	0.0	0.0	0.0	108.0	0.0	0.0	0.0	40.0	0.0	0.0	0.0	0.0	0.0	0.0	0.0	0.0	0.0	0.0	190.0	0.0	0.0	0.0	0.0	0.0	0.0	0.0	0.0	0.0	0.0	0.0	0.0	0.0	144.0	0.0	0.0	0.0	0.0	0.0	0.0	0.0	0.0	0.0	0.0	0.0	0.0	0.0	20.0	0.0	0.0	0.0	0.0	0.0	0.0	0.0	0.0	0.0	0.0	0.0	0.0	0.0	0.0	0.0	0.0	0.0	0.0	0.0	0.0	0.0	0.0	0.0	0.0	0.0	0.0	0.0	0.0	0.0	0.0	0.0	0.0	0.0	0.0	0.0	0.0	0.0	0.0	0.0	0.0	0.0
SRR6765075	600.0	2768.0	1049.0	0.0	1661.0	572.0	15.0	160.0	1218.0	1301.0	112.0	0.0	63.0	117.0	774.0	86.0	315.0	0.0	444.0	0.0	0.0	255.0	1301.0	191.0	0.0	0.0	0.0	0.0	0.0	0.0	25.0	24.0	0.0	334.0	57.0	156.0	33.0	0.0	0.0	370.0	0.0	0.0	0.0	22.0	0.0	1329.0	285.0	0.0	0.0	536.0	63.0	0.0	0.0	115.0	33.0	0.0	0.0	0.0	0.0	0.0	0.0	87.0	0.0	108.0	0.0	85.0	0.0	0.0	0.0	63.0	0.0	28.0	11.0	73.0	0.0	0.0	0.0	0.0	0.0	0.0	0.0	0.0	0.0	0.0	846.0	0.0	0.0	0.0	0.0	0.0	0.0	0.0	0.0	0.0	24.0	0.0	0.0	0.0	160.0	0.0	0.0	0.0	0.0	0.0	0.0	0.0	0.0	0.0	0.0	0.0	0.0	0.0	9.0	0.0	0.0	0.0	0.0	0.0	0.0	0.0	0.0	0.0	0.0	0.0	0.0	0.0	0.0	0.0	0.0	0.0	0.0	0.0	0.0	0.0	0.0	0.0	0.0	0.0	0.0	0.0	0.0	0.0	0.0	0.0	0.0	0.0	0.0	0.0	0.0	0.0	0.0	0.0	0.0	0.0
SRR6765076	680.0	2823.0	1096.0	0.0	2182.0	828.0	0.0	224.0	630.0	939.0	95.0	0.0	395.0	110.0	666.0	94.0	324.0	6.0	300.0	0.0	0.0	179.0	1306.0	57.0	0.0	0.0	0.0	12.0	0.0	0.0	38.0	0.0	59.0	353.0	15.0	320.0	22.0	0.0	0.0	303.0	0.0	0.0	0.0	28.0	45.0	1968.0	263.0	0.0	0.0	602.0	234.0	0.0	0.0	89.0	36.0	0.0	0.0	0.0	0.0	0.0	0.0	67.0	0.0	126.0	10.0	0.0	0.0	0.0	0.0	38.0	0.0	37.0	11.0	27.0	0.0	0.0	0.0	0.0	0.0	0.0	0.0	7.0	0.0	0.0	46.0	0.0	0.0	0.0	0.0	0.0	0.0	0.0	0.0	0.0	29.0	0.0	0.0	0.0	186.0	0.0	0.0	16.0	0.0	0.0	0.0	0.0	0.0	0.0	0.0	0.0	0.0	0.0	39.0	0.0	0.0	27.0	0.0	0.0	0.0	0.0	0.0	0.0	0.0	0.0	0.0	0.0	0.0	0.0	0.0	0.0	0.0	0.0	0.0	0.0	0.0	0.0	0.0	0.0	0.0	0.0	0.0	0.0	0.0	0.0	0.0	0.0	0.0	0.0	0.0	0.0	0.0	0.0	0.0	0.0
SRR6765078	619.0	1587.0	1346.0	0.0	1863.0	269.0	0.0	122.0	543.0	814.0	0.0	0.0	160.0	88.0	459.0	0.0	212.0	0.0	251.0	0.0	0.0	120.0	749.0	38.0	0.0	0.0	0.0	0.0	0.0	0.0	25.0	12.0	0.0	105.0	0.0	0.0	40.0	0.0	0.0	190.0	0.0	0.0	0.0	43.0	16.0	1421.0	311.0	0.0	0.0	349.0	183.0	0.0	4.0	50.0	0.0	0.0	0.0	0.0	0.0	0.0	0.0	68.0	0.0	53.0	0.0	48.0	0.0	0.0	0.0	36.0	0.0	41.0	0.0	0.0	0.0	0.0	0.0	0.0	0.0	0.0	0.0	0.0	0.0	0.0	0.0	0.0	0.0	0.0	0.0	0.0	0.0	0.0	0.0	0.0	27.0	0.0	0.0	0.0	0.0	0.0	0.0	8.0	0.0	0.0	0.0	0.0	0.0	0.0	0.0	0.0	0.0	0.0	6.0	0.0	0.0	22.0	0.0	0.0	0.0	0.0	0.0	0.0	0.0	0.0	0.0	0.0	0.0	0.0	0.0	0.0	0.0	0.0	0.0	0.0	0.0	0.0	0.0	0.0	0.0	0.0	0.0	0.0	0.0	0.0	0.0	0.0	0.0	0.0	0.0	0.0	0.0	0.0	0.0	0.0
SRR6765079	693.0	1809.0	1483.0	0.0	2033.0	314.0	0.0	87.0	583.0	947.0	0.0	0.0	203.0	0.0	471.0	0.0	239.0	0.0	262.0	0.0	0.0	181.0	652.0	72.0	0.0	0.0	0.0	0.0	0.0	0.0	0.0	8.0	42.0	203.0	26.0	138.0	28.0	0.0	0.0	136.0	0.0	0.0	0.0	32.0	31.0	1639.0	281.0	0.0	0.0	479.0	192.0	19.0	12.0	50.0	23.0	0.0	0.0	0.0	0.0	0.0	0.0	114.0	0.0	96.0	0.0	0.0	0.0	0.0	0.0	20.0	13.0	27.0	0.0	0.0	0.0	0.0	0.0	0.0	0.0	0.0	0.0	0.0	0.0	0.0	16.0	0.0	0.0	0.0	0.0	0.0	0.0	0.0	0.0	0.0	29.0	0.0	0.0	0.0	0.0	0.0	0.0	0.0	0.0	0.0	0.0	0.0	0.0	0.0	0.0	0.0	0.0	0.0	0.0	0.0	0.0	0.0	0.0	0.0	0.0	0.0	0.0	0.0	0.0	0.0	0.0	0.0	0.0	0.0	0.0	0.0	0.0	0.0	0.0	0.0	0.0	0.0	0.0	0.0	0.0	0.0	0.0	0.0	0.0	0.0	0.0	0.0	0.0	0.0	0.0	0.0	0.0	0.0	0.0	0.0
SRR6765120	757.0	2317.0	1030.0	0.0	1701.0	1488.0	28.0	1303.0	3902.0	372.0	0.0	0.0	457.0	62.0	519.0	0.0	0.0	0.0	243.0	0.0	0.0	28.0	114.0	716.0	0.0	0.0	0.0	0.0	0.0	0.0	0.0	304.0	17.0	78.0	0.0	69.0	0.0	0.0	35.0	96.0	0.0	0.0	0.0	0.0	0.0	274.0	0.0	0.0	0.0	0.0	0.0	0.0	45.0	0.0	0.0	0.0	35.0	0.0	0.0	0.0	0.0	0.0	0.0	0.0	0.0	0.0	0.0	0.0	0.0	166.0	0.0	0.0	34.0	92.0	0.0	0.0	0.0	23.0	0.0	0.0	0.0	0.0	0.0	0.0	0.0	0.0	0.0	0.0	0.0	0.0	0.0	0.0	0.0	0.0	0.0	0.0	0.0	0.0	0.0	0.0	0.0	0.0	0.0	0.0	0.0	0.0	0.0	0.0	0.0	0.0	0.0	0.0	0.0	0.0	0.0	0.0	0.0	0.0	0.0	0.0	0.0	0.0	0.0	0.0	0.0	0.0	0.0	0.0	0.0	0.0	0.0	0.0	0.0	0.0	0.0	0.0	0.0	0.0	0.0	0.0	0.0	0.0	0.0	0.0	0.0	0.0	0.0	0.0	0.0	0.0	0.0	0.0	0.0	0.0
SRR6765121	555.0	1649.0	759.0	0.0	1338.0	1213.0	113.0	664.0	2369.0	116.0	0.0	0.0	357.0	64.0	84.0	0.0	0.0	0.0	62.0	0.0	0.0	51.0	98.0	403.0	0.0	0.0	0.0	0.0	0.0	0.0	0.0	237.0	0.0	31.0	11.0	98.0	0.0	0.0	54.0	71.0	0.0	0.0	0.0	0.0	0.0	185.0	0.0	0.0	0.0	0.0	0.0	0.0	0.0	0.0	0.0	0.0	31.0	0.0	0.0	0.0	0.0	0.0	0.0	16.0	0.0	0.0	0.0	0.0	0.0	76.0	0.0	0.0	0.0	0.0	0.0	0.0	0.0	0.0	0.0	0.0	0.0	11.0	0.0	0.0	0.0	0.0	0.0	0.0	0.0	0.0	0.0	0.0	0.0	0.0	0.0	0.0	0.0	0.0	0.0	0.0	0.0	0.0	0.0	0.0	0.0	0.0	0.0	0.0	0.0	0.0	0.0	0.0	0.0	0.0	0.0	0.0	0.0	0.0	0.0	0.0	0.0	0.0	0.0	0.0	0.0	0.0	0.0	0.0	0.0	0.0	0.0	0.0	0.0	0.0	0.0	0.0	0.0	0.0	0.0	0.0	0.0	0.0	0.0	0.0	0.0	0.0	0.0	0.0	0.0	0.0	0.0	0.0	0.0	0.0
SRR6765122	438.0	4229.0	2188.0	0.0	2863.0	3439.0	167.0	734.0	3178.0	818.0	0.0	0.0	830.0	72.0	443.0	0.0	0.0	155.0	322.0	0.0	45.0	89.0	321.0	546.0	0.0	0.0	0.0	118.0	23.0	0.0	0.0	0.0	0.0	97.0	0.0	0.0	0.0	0.0	188.0	127.0	0.0	0.0	0.0	0.0	0.0	156.0	0.0	0.0	0.0	0.0	16.0	0.0	0.0	0.0	0.0	0.0	0.0	0.0	11.0	0.0	0.0	0.0	0.0	0.0	0.0	0.0	0.0	0.0	0.0	124.0	0.0	9.0	0.0	48.0	0.0	0.0	0.0	0.0	0.0	0.0	0.0	0.0	0.0	0.0	0.0	0.0	0.0	0.0	0.0	0.0	0.0	0.0	0.0	0.0	0.0	0.0	0.0	0.0	0.0	0.0	0.0	0.0	0.0	0.0	0.0	0.0	0.0	0.0	0.0	0.0	0.0	0.0	0.0	0.0	0.0	0.0	0.0	0.0	0.0	0.0	0.0	0.0	0.0	0.0	0.0	0.0	0.0	0.0	0.0	0.0	0.0	0.0	0.0	0.0	0.0	0.0	0.0	0.0	0.0	0.0	0.0	0.0	0.0	0.0	0.0	0.0	0.0	0.0	0.0	0.0	0.0	0.0	0.0	0.0
SRR6765143	434.0	3844.0	2560.0	0.0	2946.0	1995.0	46.0	422.0	2988.0	771.0	0.0	0.0	576.0	157.0	314.0	0.0	0.0	27.0	129.0	0.0	0.0	0.0	154.0	601.0	0.0	0.0	0.0	227.0	0.0	0.0	0.0	0.0	17.0	0.0	38.0	0.0	0.0	0.0	107.0	126.0	0.0	0.0	29.0	0.0	0.0	0.0	0.0	0.0	0.0	0.0	29.0	0.0	0.0	0.0	0.0	0.0	0.0	0.0	0.0	0.0	0.0	0.0	0.0	0.0	0.0	0.0	0.0	0.0	16.0	0.0	0.0	0.0	0.0	0.0	0.0	0.0	0.0	13.0	0.0	0.0	0.0	0.0	0.0	0.0	0.0	0.0	0.0	0.0	0.0	0.0	0.0	0.0	0.0	0.0	0.0	0.0	0.0	0.0	0.0	0.0	0.0	0.0	0.0	0.0	0.0	0.0	0.0	0.0	0.0	0.0	0.0	0.0	0.0	0.0	0.0	0.0	0.0	0.0	0.0	0.0	0.0	0.0	0.0	0.0	0.0	0.0	0.0	0.0	0.0	0.0	0.0	0.0	0.0	0.0	0.0	0.0	0.0	0.0	0.0	0.0	0.0	0.0	0.0	0.0	0.0	0.0	0.0	0.0	0.0	0.0	0.0	0.0	0.0	0.0
SRR6765144	203.0	2654.0	1951.0	0.0	1921.0	2145.0	69.0	118.0	1881.0	432.0	0.0	0.0	673.0	161.0	344.0	0.0	0.0	0.0	144.0	0.0	178.0	0.0	177.0	456.0	0.0	0.0	0.0	0.0	0.0	0.0	0.0	0.0	0.0	0.0	10.0	0.0	0.0	0.0	89.0	0.0	0.0	0.0	0.0	0.0	0.0	124.0	0.0	0.0	0.0	0.0	13.0	0.0	0.0	0.0	0.0	0.0	0.0	0.0	0.0	0.0	0.0	0.0	0.0	0.0	0.0	0.0	0.0	0.0	0.0	20.0	0.0	0.0	0.0	0.0	0.0	0.0	0.0	0.0	0.0	0.0	0.0	0.0	0.0	0.0	0.0	0.0	0.0	0.0	0.0	0.0	0.0	0.0	0.0	0.0	0.0	0.0	0.0	0.0	0.0	0.0	0.0	0.0	0.0	0.0	0.0	0.0	0.0	0.0	0.0	0.0	0.0	0.0	0.0	0.0	0.0	0.0	0.0	0.0	0.0	0.0	0.0	0.0	0.0	0.0	0.0	0.0	0.0	0.0	0.0	0.0	0.0	0.0	0.0	0.0	0.0	0.0	0.0	0.0	0.0	0.0	0.0	0.0	0.0	0.0	0.0	0.0	0.0	0.0	0.0	0.0	0.0	0.0	0.0	0.0
SRR6765149	241.0	2981.0	1265.0	0.0	2113.0	1147.0	152.0	212.0	2037.0	1037.0	0.0	0.0	476.0	130.0	208.0	0.0	0.0	146.0	144.0	0.0	24.0	0.0	165.0	372.0	30.0	0.0	0.0	0.0	0.0	0.0	0.0	0.0	0.0	0.0	20.0	0.0	0.0	0.0	92.0	81.0	19.0	0.0	0.0	0.0	0.0	25.0	0.0	0.0	0.0	0.0	0.0	0.0	0.0	0.0	0.0	0.0	0.0	0.0	0.0	0.0	0.0	0.0	0.0	0.0	0.0	0.0	0.0	0.0	0.0	113.0	0.0	0.0	0.0	0.0	0.0	0.0	0.0	0.0	0.0	0.0	0.0	0.0	0.0	0.0	0.0	0.0	0.0	0.0	0.0	0.0	0.0	0.0	0.0	0.0	0.0	0.0	0.0	0.0	0.0	0.0	0.0	0.0	0.0	0.0	0.0	0.0	0.0	0.0	0.0	0.0	0.0	0.0	0.0	0.0	0.0	0.0	0.0	0.0	0.0	0.0	0.0	0.0	0.0	0.0	0.0	0.0	0.0	0.0	0.0	0.0	0.0	0.0	0.0	0.0	0.0	0.0	0.0	0.0	0.0	0.0	0.0	0.0	0.0	0.0	0.0	0.0	0.0	0.0	0.0	0.0	0.0	0.0	0.0	0.0
SRR6765150	197.0	3100.0	1417.0	0.0	1491.0	1283.0	270.0	609.0	1875.0	550.0	0.0	0.0	335.0	137.0	384.0	0.0	0.0	82.0	349.0	0.0	303.0	0.0	94.0	458.0	42.0	0.0	0.0	0.0	0.0	0.0	0.0	0.0	0.0	0.0	17.0	0.0	0.0	0.0	47.0	124.0	16.0	0.0	0.0	0.0	23.0	33.0	0.0	0.0	0.0	56.0	0.0	0.0	0.0	0.0	0.0	0.0	0.0	0.0	12.0	0.0	0.0	0.0	0.0	0.0	0.0	0.0	0.0	0.0	0.0	45.0	0.0	0.0	0.0	0.0	0.0	0.0	0.0	0.0	0.0	0.0	0.0	0.0	0.0	0.0	0.0	0.0	0.0	0.0	0.0	0.0	0.0	0.0	0.0	0.0	0.0	0.0	0.0	0.0	0.0	0.0	0.0	0.0	0.0	0.0	0.0	0.0	0.0	0.0	0.0	0.0	0.0	0.0	0.0	0.0	0.0	0.0	0.0	0.0	0.0	0.0	0.0	0.0	0.0	0.0	0.0	0.0	0.0	0.0	0.0	0.0	0.0	0.0	0.0	0.0	0.0	0.0	0.0	0.0	0.0	0.0	0.0	0.0	0.0	0.0	0.0	0.0	0.0	0.0	0.0	0.0	0.0	0.0	0.0	0.0
SRR6765153	766.0	1748.0	1130.0	0.0	1794.0	1402.0	15.0	69.0	2327.0	225.0	0.0	0.0	544.0	59.0	549.0	0.0	0.0	10.0	0.0	0.0	0.0	0.0	121.0	404.0	15.0	0.0	0.0	29.0	0.0	0.0	0.0	284.0	0.0	41.0	26.0	63.0	0.0	0.0	107.0	0.0	0.0	0.0	0.0	0.0	0.0	94.0	0.0	0.0	0.0	0.0	8.0	0.0	24.0	0.0	0.0	0.0	0.0	0.0	0.0	14.0	0.0	0.0	0.0	0.0	0.0	0.0	0.0	0.0	0.0	409.0	31.0	0.0	5.0	28.0	0.0	0.0	0.0	28.0	0.0	0.0	0.0	0.0	0.0	0.0	0.0	0.0	0.0	0.0	0.0	0.0	0.0	0.0	0.0	0.0	0.0	0.0	0.0	0.0	0.0	0.0	0.0	0.0	0.0	0.0	0.0	0.0	0.0	0.0	0.0	0.0	0.0	0.0	0.0	0.0	0.0	0.0	0.0	0.0	0.0	0.0	0.0	0.0	0.0	0.0	0.0	0.0	0.0	0.0	0.0	0.0	0.0	0.0	0.0	0.0	0.0	0.0	0.0	0.0	0.0	0.0	0.0	0.0	0.0	0.0	0.0	0.0	0.0	0.0	0.0	0.0	0.0	0.0	0.0	0.0
SRR6765154	628.0	1774.0	1020.0	0.0	2040.0	1210.0	0.0	476.0	2196.0	291.0	0.0	0.0	254.0	81.0	223.0	0.0	0.0	0.0	126.0	0.0	0.0	0.0	136.0	517.0	0.0	0.0	0.0	0.0	0.0	0.0	0.0	344.0	0.0	0.0	19.0	71.0	0.0	0.0	32.0	0.0	0.0	0.0	0.0	0.0	0.0	103.0	0.0	0.0	0.0	0.0	0.0	0.0	0.0	0.0	0.0	0.0	0.0	0.0	0.0	0.0	0.0	0.0	0.0	0.0	0.0	0.0	0.0	0.0	0.0	232.0	0.0	0.0	0.0	7.0	0.0	0.0	0.0	4.0	0.0	0.0	0.0	0.0	0.0	0.0	0.0	0.0	0.0	0.0	0.0	0.0	0.0	0.0	0.0	0.0	0.0	0.0	0.0	0.0	0.0	0.0	0.0	0.0	0.0	0.0	0.0	0.0	0.0	0.0	0.0	0.0	0.0	0.0	0.0	0.0	0.0	0.0	0.0	0.0	0.0	0.0	0.0	0.0	0.0	0.0	0.0	0.0	0.0	0.0	0.0	0.0	0.0	0.0	0.0	0.0	0.0	0.0	0.0	0.0	0.0	0.0	0.0	0.0	0.0	0.0	0.0	0.0	0.0	0.0	0.0	0.0	0.0	0.0	0.0	0.0
SRR6765160	629.0	1838.0	1088.0	0.0	1479.0	1470.0	0.0	385.0	658.0	334.0	0.0	0.0	608.0	83.0	489.0	0.0	0.0	3.0	104.0	0.0	0.0	83.0	89.0	267.0	0.0	0.0	0.0	0.0	0.0	0.0	0.0	266.0	13.0	0.0	15.0	48.0	0.0	0.0	31.0	74.0	0.0	0.0	0.0	0.0	0.0	170.0	0.0	0.0	0.0	34.0	0.0	0.0	59.0	0.0	0.0	0.0	0.0	0.0	0.0	0.0	0.0	0.0	0.0	17.0	0.0	0.0	0.0	0.0	12.0	149.0	0.0	0.0	0.0	22.0	0.0	0.0	0.0	11.0	0.0	0.0	0.0	0.0	0.0	0.0	0.0	0.0	0.0	0.0	0.0	0.0	0.0	0.0	0.0	0.0	0.0	0.0	0.0	0.0	0.0	0.0	0.0	0.0	0.0	0.0	0.0	0.0	0.0	0.0	0.0	0.0	0.0	0.0	0.0	0.0	0.0	0.0	0.0	0.0	0.0	0.0	0.0	0.0	0.0	0.0	0.0	0.0	0.0	0.0	0.0	0.0	0.0	0.0	0.0	0.0	0.0	0.0	0.0	0.0	0.0	0.0	0.0	0.0	0.0	0.0	0.0	0.0	0.0	0.0	0.0	0.0	0.0	0.0	0.0	0.0
SRR6765161	1545.0	2491.0	1280.0	0.0	1989.0	1126.0	25.0	771.0	2541.0	157.0	0.0	0.0	957.0	105.0	337.0	0.0	74.0	0.0	158.0	0.0	0.0	268.0	251.0	623.0	18.0	0.0	0.0	19.0	0.0	0.0	0.0	380.0	12.0	145.0	0.0	89.0	0.0	0.0	0.0	69.0	0.0	0.0	0.0	0.0	26.0	660.0	0.0	0.0	0.0	63.0	19.0	0.0	20.0	0.0	0.0	0.0	23.0	0.0	0.0	36.0	0.0	0.0	0.0	0.0	0.0	0.0	0.0	0.0	0.0	425.0	119.0	22.0	30.0	17.0	0.0	0.0	0.0	0.0	17.0	0.0	0.0	0.0	0.0	0.0	0.0	0.0	0.0	0.0	0.0	0.0	0.0	0.0	0.0	0.0	0.0	0.0	0.0	0.0	0.0	0.0	0.0	0.0	0.0	0.0	0.0	0.0	0.0	0.0	0.0	0.0	0.0	0.0	0.0	0.0	0.0	0.0	0.0	0.0	0.0	0.0	0.0	0.0	0.0	0.0	0.0	0.0	0.0	0.0	0.0	0.0	0.0	0.0	0.0	0.0	0.0	0.0	0.0	0.0	0.0	0.0	0.0	0.0	0.0	0.0	0.0	0.0	0.0	0.0	0.0	0.0	0.0	0.0	0.0	0.0
SRR6765162	161.0	2205.0	990.0	0.0	1400.0	1457.0	148.0	312.0	1550.0	409.0	0.0	0.0	420.0	200.0	353.0	0.0	0.0	142.0	321.0	0.0	0.0	0.0	222.0	657.0	0.0	0.0	0.0	44.0	0.0	0.0	0.0	36.0	0.0	14.0	11.0	0.0	0.0	0.0	149.0	49.0	0.0	0.0	0.0	0.0	0.0	0.0	0.0	0.0	0.0	0.0	0.0	0.0	0.0	0.0	0.0	0.0	0.0	0.0	0.0	0.0	0.0	0.0	0.0	0.0	0.0	0.0	0.0	0.0	0.0	216.0	0.0	0.0	18.0	0.0	0.0	0.0	0.0	0.0	0.0	0.0	0.0	0.0	0.0	0.0	0.0	0.0	0.0	0.0	0.0	0.0	0.0	0.0	0.0	0.0	0.0	0.0	0.0	0.0	0.0	0.0	0.0	0.0	0.0	0.0	0.0	0.0	0.0	0.0	0.0	0.0	0.0	0.0	0.0	0.0	0.0	0.0	0.0	0.0	0.0	0.0	0.0	0.0	0.0	0.0	0.0	0.0	0.0	0.0	0.0	0.0	0.0	0.0	0.0	0.0	0.0	0.0	0.0	0.0	0.0	0.0	0.0	0.0	0.0	0.0	0.0	0.0	0.0	0.0	0.0	0.0	0.0	0.0	0.0	0.0
SRR6765184	137.0	2547.0	1447.0	0.0	1735.0	1715.0	90.0	128.0	940.0	633.0	0.0	0.0	259.0	74.0	351.0	0.0	0.0	0.0	179.0	0.0	0.0	0.0	101.0	386.0	6.0	0.0	0.0	0.0	16.0	0.0	0.0	0.0	0.0	0.0	0.0	0.0	0.0	0.0	128.0	155.0	0.0	0.0	0.0	0.0	0.0	0.0	0.0	0.0	0.0	0.0	0.0	0.0	0.0	0.0	0.0	0.0	0.0	0.0	0.0	0.0	0.0	0.0	0.0	0.0	0.0	0.0	0.0	0.0	0.0	11.0	0.0	0.0	0.0	38.0	0.0	0.0	0.0	0.0	0.0	0.0	0.0	0.0	0.0	0.0	0.0	0.0	0.0	0.0	0.0	0.0	0.0	0.0	0.0	0.0	0.0	0.0	0.0	0.0	0.0	0.0	0.0	0.0	0.0	0.0	0.0	0.0	0.0	0.0	0.0	0.0	0.0	0.0	0.0	0.0	0.0	0.0	0.0	0.0	0.0	0.0	0.0	0.0	0.0	0.0	0.0	0.0	0.0	0.0	0.0	0.0	0.0	0.0	0.0	0.0	0.0	0.0	0.0	0.0	0.0	0.0	0.0	0.0	0.0	0.0	0.0	0.0	0.0	0.0	0.0	0.0	0.0	0.0	0.0	0.0
SRR6765187	143.0	3082.0	1092.0	0.0	1590.0	883.0	57.0	456.0	2449.0	490.0	0.0	0.0	393.0	71.0	105.0	0.0	0.0	99.0	478.0	0.0	0.0	0.0	217.0	162.0	0.0	0.0	0.0	0.0	0.0	0.0	0.0	0.0	0.0	22.0	0.0	0.0	0.0	0.0	25.0	87.0	0.0	0.0	0.0	0.0	0.0	59.0	0.0	0.0	0.0	0.0	0.0	0.0	0.0	0.0	0.0	0.0	0.0	0.0	0.0	0.0	0.0	0.0	0.0	0.0	0.0	0.0	0.0	10.0	0.0	0.0	0.0	0.0	0.0	53.0	0.0	0.0	0.0	0.0	0.0	0.0	0.0	0.0	0.0	0.0	0.0	0.0	0.0	0.0	0.0	0.0	0.0	0.0	0.0	0.0	0.0	0.0	0.0	0.0	0.0	0.0	0.0	0.0	0.0	0.0	0.0	0.0	0.0	0.0	0.0	0.0	0.0	0.0	0.0	0.0	0.0	0.0	0.0	0.0	0.0	0.0	0.0	0.0	0.0	0.0	0.0	0.0	0.0	0.0	0.0	0.0	0.0	0.0	0.0	0.0	0.0	0.0	0.0	0.0	0.0	0.0	0.0	0.0	0.0	0.0	0.0	0.0	0.0	0.0	0.0	0.0	0.0	0.0	0.0	0.0
SRR6765190	245.0	2026.0	702.0	0.0	2026.0	1801.0	198.0	99.0	1847.0	1068.0	0.0	0.0	167.0	73.0	337.0	0.0	0.0	103.0	95.0	0.0	34.0	0.0	145.0	330.0	0.0	0.0	0.0	22.0	12.0	0.0	0.0	0.0	0.0	18.0	0.0	0.0	0.0	0.0	30.0	105.0	0.0	0.0	0.0	0.0	29.0	0.0	0.0	0.0	0.0	0.0	0.0	0.0	0.0	0.0	0.0	0.0	0.0	0.0	0.0	0.0	0.0	0.0	0.0	0.0	0.0	0.0	0.0	0.0	0.0	0.0	0.0	0.0	0.0	0.0	0.0	0.0	0.0	0.0	0.0	0.0	0.0	0.0	0.0	0.0	0.0	0.0	0.0	0.0	0.0	0.0	0.0	0.0	0.0	0.0	0.0	0.0	0.0	0.0	0.0	0.0	0.0	0.0	0.0	0.0	0.0	0.0	0.0	0.0	0.0	0.0	0.0	0.0	0.0	0.0	0.0	0.0	0.0	0.0	0.0	0.0	0.0	0.0	0.0	0.0	0.0	0.0	0.0	0.0	0.0	0.0	0.0	0.0	0.0	0.0	0.0	0.0	0.0	0.0	0.0	0.0	0.0	0.0	0.0	0.0	0.0	0.0	0.0	0.0	0.0	0.0	0.0	0.0	0.0	0.0
SRR20680469	13518.0	39663.0	12553.0	220.0	27605.0	13857.0	65.0	12044.0	21231.0	2252.0	1246.0	120.0	16205.0	1530.0	10970.0	0.0	2378.0	1130.0	8888.0	2758.0	392.0	2406.0	2427.0	1022.0	58.0	337.0	177.0	819.0	79.0	245.0	46.0	1773.0	69.0	1058.0	764.0	459.0	163.0	0.0	1057.0	1211.0	20.0	0.0	183.0	658.0	730.0	8533.0	763.0	63.0	766.0	1772.0	115.0	137.0	133.0	55.0	1096.0	25.0	144.0	13.0	312.0	9.0	357.0	71.0	67.0	436.0	0.0	383.0	0.0	2.0	419.0	5.0	572.0	130.0	1861.0	458.0	0.0	131.0	245.0	14.0	9105.0	535.0	277.0	268.0	24.0	0.0	2842.0	37.0	41.0	0.0	293.0	115.0	190.0	0.0	0.0	0.0	0.0	0.0	204.0	131.0	485.0	0.0	734.0	93.0	0.0	5.0	0.0	0.0	16.0	0.0	0.0	0.0	0.0	33.0	42.0	0.0	5.0	48.0	2.0	0.0	0.0	0.0	0.0	0.0	0.0	0.0	0.0	0.0	0.0	0.0	0.0	0.0	0.0	0.0	0.0	0.0	0.0	0.0	0.0	0.0	0.0	0.0	0.0	0.0	0.0	0.0	0.0	0.0	0.0	0.0	0.0	0.0	0.0	0.0	0.0	0.0
SRR20680471	5375.0	27104.0	4936.0	144.0	12829.0	10776.0	11.0	7513.0	11411.0	662.0	1904.0	6.0	20784.0	989.0	10206.0	15.0	1759.0	187.0	4059.0	324.0	831.0	1887.0	3480.0	1042.0	88.0	418.0	115.0	177.0	40.0	68.0	86.0	2120.0	30.0	218.0	268.0	1169.0	54.0	0.0	613.0	453.0	0.0	0.0	173.0	895.0	134.0	8688.0	184.0	38.0	395.0	2203.0	379.0	227.0	36.0	669.0	3258.0	7.0	10.0	2.0	697.0	21.0	786.0	60.0	10.0	149.0	0.0	22.0	0.0	0.0	3469.0	15.0	268.0	24.0	594.0	445.0	0.0	87.0	279.0	23.0	12178.0	168.0	45.0	232.0	16.0	0.0	7599.0	62.0	31.0	0.0	862.0	0.0	36.0	0.0	0.0	0.0	0.0	0.0	59.0	146.0	443.0	0.0	1452.0	107.0	0.0	0.0	0.0	0.0	27.0	0.0	0.0	3.0	0.0	170.0	36.0	0.0	15.0	53.0	0.0	0.0	0.0	0.0	0.0	0.0	0.0	0.0	0.0	0.0	0.0	0.0	0.0	0.0	0.0	0.0	0.0	0.0	0.0	0.0	0.0	0.0	0.0	0.0	0.0	0.0	0.0	0.0	0.0	0.0	0.0	0.0	0.0	0.0	0.0	0.0	0.0	4.0
SRR20680477	10398.0	34153.0	8555.0	202.0	26723.0	11211.0	111.0	13961.0	21144.0	2391.0	1179.0	101.0	16750.0	503.0	11849.0	0.0	4303.0	954.0	6046.0	2318.0	583.0	3206.0	2253.0	1291.0	46.0	245.0	205.0	951.0	145.0	165.0	89.0	2173.0	35.0	1046.0	567.0	599.0	154.0	0.0	955.0	974.0	36.0	0.0	193.0	883.0	601.0	9293.0	719.0	79.0	1144.0	2679.0	148.0	75.0	84.0	99.0	1046.0	18.0	230.0	6.0	433.0	0.0	351.0	66.0	71.0	355.0	0.0	628.0	0.0	4.0	781.0	13.0	916.0	114.0	1809.0	176.0	0.0	115.0	243.0	12.0	11263.0	486.0	236.0	707.0	3.0	0.0	3098.0	74.0	54.0	0.0	340.0	127.0	259.0	0.0	0.0	0.0	0.0	0.0	437.0	121.0	542.0	0.0	1553.0	141.0	0.0	0.0	0.0	0.0	15.0	0.0	0.0	0.0	0.0	98.0	53.0	0.0	6.0	42.0	0.0	0.0	0.0	0.0	0.0	0.0	0.0	0.0	0.0	0.0	0.0	0.0	0.0	0.0	0.0	0.0	0.0	0.0	0.0	0.0	0.0	0.0	0.0	0.0	0.0	0.0	0.0	0.0	0.0	0.0	0.0	0.0	0.0	0.0	0.0	0.0	0.0	0.0
SRR20680478	8756.0	31170.0	9422.0	263.0	23808.0	10068.0	79.0	9281.0	17167.0	1857.0	1002.0	71.0	14131.0	391.0	10424.0	0.0	2898.0	993.0	4869.0	1695.0	287.0	1799.0	2204.0	998.0	65.0	270.0	161.0	809.0	101.0	128.0	40.0	1945.0	23.0	845.0	601.0	612.0	115.0	0.0	740.0	874.0	38.0	0.0	119.0	619.0	488.0	7868.0	499.0	47.0	874.0	2371.0	128.0	91.0	144.0	42.0	756.0	39.0	115.0	11.0	328.0	0.0	225.0	52.0	60.0	295.0	0.0	476.0	0.0	3.0	582.0	7.0	556.0	114.0	1185.0	335.0	4.0	90.0	289.0	0.0	8064.0	709.0	150.0	408.0	9.0	0.0	17800.0	48.0	51.0	0.0	279.0	65.0	237.0	0.0	0.0	0.0	0.0	0.0	438.0	140.0	370.0	0.0	1297.0	115.0	0.0	0.0	10.0	0.0	27.0	0.0	0.0	0.0	0.0	63.0	45.0	0.0	0.0	57.0	0.0	0.0	0.0	0.0	0.0	0.0	0.0	0.0	0.0	3.0	0.0	0.0	0.0	0.0	0.0	0.0	0.0	0.0	0.0	0.0	0.0	0.0	0.0	0.0	0.0	0.0	0.0	0.0	0.0	0.0	0.0	0.0	0.0	0.0	0.0	0.0	0.0	0.0
SRR20680480	8892.0	30590.0	7158.0	267.0	20457.0	9999.0	46.0	10112.0	14254.0	1812.0	863.0	92.0	11680.0	467.0	7238.0	0.0	2522.0	754.0	3782.0	1399.0	491.0	1739.0	1758.0	1103.0	35.0	205.0	93.0	594.0	132.0	292.0	17.0	1422.0	52.0	856.0	489.0	405.0	129.0	0.0	561.0	807.0	12.0	0.0	69.0	585.0	391.0	7369.0	556.0	62.0	578.0	1394.0	128.0	167.0	110.0	16.0	831.0	35.0	93.0	0.0	381.0	9.0	210.0	37.0	29.0	325.0	5.0	511.0	0.0	0.0	484.0	10.0	340.0	101.0	1277.0	299.0	0.0	101.0	141.0	7.0	5502.0	720.0	174.0	261.0	6.0	0.0	3438.0	30.0	26.0	0.0	240.0	90.0	183.0	0.0	0.0	0.0	0.0	0.0	308.0	84.0	314.0	0.0	936.0	113.0	0.0	0.0	0.0	0.0	3.0	0.0	0.0	0.0	0.0	74.0	64.0	0.0	6.0	96.0	0.0	0.0	0.0	0.0	0.0	0.0	0.0	0.0	0.0	0.0	0.0	0.0	0.0	0.0	0.0	0.0	0.0	0.0	0.0	0.0	0.0	0.0	0.0	0.0	0.0	0.0	0.0	0.0	0.0	0.0	0.0	2.0	0.0	0.0	0.0	0.0	0.0	0.0
SRR20680481	7166.0	26661.0	5398.0	211.0	18125.0	8815.0	38.0	9403.0	17210.0	1840.0	932.0	37.0	15107.0	301.0	7813.0	0.0	2503.0	575.0	5790.0	1182.0	279.0	1678.0	1079.0	842.0	23.0	221.0	165.0	616.0	96.0	138.0	39.0	1323.0	6.0	895.0	346.0	334.0	114.0	0.0	578.0	678.0	20.0	8.0	78.0	456.0	511.0	5500.0	458.0	59.0	879.0	1559.0	89.0	59.0	177.0	23.0	711.0	16.0	114.0	0.0	240.0	6.0	238.0	8.0	30.0	270.0	0.0	390.0	0.0	0.0	548.0	15.0	146.0	100.0	1367.0	203.0	0.0	106.0	258.0	0.0	7458.0	376.0	189.0	343.0	5.0	0.0	2983.0	6.0	7.0	0.0	254.0	65.0	147.0	0.0	0.0	0.0	0.0	0.0	282.0	61.0	339.0	0.0	1169.0	95.0	0.0	0.0	0.0	0.0	0.0	0.0	0.0	0.0	0.0	73.0	45.0	0.0	4.0	37.0	4.0	0.0	0.0	0.0	0.0	0.0	0.0	0.0	0.0	0.0	0.0	0.0	0.0	0.0	0.0	0.0	0.0	0.0	0.0	0.0	0.0	0.0	0.0	0.0	0.0	0.0	0.0	0.0	0.0	0.0	0.0	0.0	0.0	0.0	0.0	0.0	0.0	0.0
SRR20680482	6407.0	29789.0	9100.0	171.0	20578.0	11060.0	87.0	6559.0	16175.0	2314.0	1014.0	104.0	14865.0	660.0	8108.0	0.0	1400.0	1018.0	7571.0	1691.0	204.0	1097.0	1692.0	788.0	20.0	281.0	168.0	742.0	120.0	204.0	10.0	1312.0	64.0	680.0	491.0	324.0	86.0	0.0	662.0	754.0	0.0	0.0	33.0	529.0	594.0	6253.0	588.0	23.0	794.0	1331.0	13.0	117.0	55.0	20.0	597.0	19.0	80.0	14.0	108.0	14.0	371.0	20.0	37.0	254.0	0.0	158.0	3.0	0.0	446.0	9.0	70.0	69.0	947.0	402.0	0.0	121.0	241.0	12.0	8003.0	529.0	117.0	221.0	0.0	0.0	8507.0	0.0	21.0	0.0	256.0	101.0	158.0	0.0	0.0	0.0	0.0	0.0	103.0	145.0	385.0	0.0	701.0	83.0	0.0	0.0	0.0	0.0	16.0	0.0	0.0	0.0	0.0	49.0	65.0	0.0	7.0	19.0	9.0	0.0	0.0	0.0	0.0	0.0	0.0	0.0	0.0	0.0	0.0	0.0	0.0	0.0	0.0	0.0	0.0	0.0	0.0	0.0	0.0	0.0	0.0	0.0	0.0	0.0	0.0	0.0	0.0	0.0	0.0	0.0	0.0	0.0	0.0	0.0	0.0	0.0
SRR20680484	3798.0	18090.0	4892.0	138.0	14207.0	7189.0	53.0	4819.0	10593.0	1085.0	868.0	67.0	12817.0	323.0	5853.0	0.0	888.0	513.0	3345.0	834.0	110.0	735.0	910.0	825.0	15.0	169.0	110.0	488.0	31.0	161.0	6.0	805.0	29.0	407.0	443.0	148.0	93.0	0.0	359.0	446.0	7.0	0.0	17.0	461.0	427.0	3780.0	431.0	9.0	568.0	713.0	39.0	45.0	56.0	29.0	453.0	23.0	83.0	4.0	23.0	0.0	202.0	30.0	20.0	239.0	0.0	78.0	0.0	0.0	284.0	2.0	37.0	90.0	1202.0	277.0	0.0	27.0	154.0	7.0	5114.0	283.0	58.0	125.0	0.0	0.0	2386.0	0.0	12.0	0.0	179.0	67.0	97.0	0.0	0.0	0.0	0.0	0.0	143.0	93.0	264.0	0.0	424.0	63.0	0.0	0.0	0.0	0.0	17.0	0.0	0.0	0.0	0.0	15.0	24.0	0.0	6.0	21.0	0.0	0.0	0.0	0.0	0.0	0.0	0.0	0.0	0.0	0.0	0.0	0.0	0.0	0.0	0.0	0.0	0.0	0.0	0.0	0.0	0.0	0.0	0.0	0.0	0.0	0.0	0.0	0.0	0.0	0.0	0.0	0.0	0.0	0.0	0.0	0.0	0.0	0.0
SRR20680485	5104.0	20243.0	7489.0	166.0	16651.0	5520.0	61.0	6569.0	11613.0	1395.0	764.0	26.0	11249.0	233.0	6434.0	0.0	1283.0	454.0	4173.0	724.0	117.0	940.0	763.0	234.0	28.0	166.0	24.0	363.0	10.0	178.0	27.0	693.0	0.0	416.0	495.0	177.0	144.0	0.0	382.0	439.0	8.0	0.0	9.0	407.0	363.0	3520.0	465.0	0.0	490.0	826.0	47.0	24.0	64.0	39.0	531.0	8.0	142.0	14.0	118.0	0.0	212.0	0.0	16.0	422.0	0.0	124.0	0.0	0.0	257.0	0.0	156.0	72.0	1118.0	132.0	0.0	66.0	87.0	3.0	5891.0	352.0	107.0	123.0	6.0	0.0	2199.0	5.0	10.0	0.0	29.0	115.0	95.0	0.0	0.0	0.0	0.0	0.0	207.0	67.0	319.0	0.0	227.0	70.0	0.0	0.0	0.0	0.0	0.0	0.0	0.0	0.0	0.0	16.0	0.0	0.0	0.0	0.0	0.0	0.0	0.0	0.0	0.0	0.0	0.0	0.0	0.0	0.0	0.0	0.0	0.0	0.0	0.0	0.0	0.0	0.0	0.0	0.0	0.0	0.0	0.0	0.0	0.0	0.0	0.0	0.0	0.0	0.0	0.0	0.0	0.0	0.0	0.0	0.0	0.0	0.0
SRR20680486	6040.0	26271.0	10848.0	120.0	17772.0	7457.0	64.0	5693.0	10895.0	1543.0	890.0	44.0	9232.0	361.0	7388.0	0.0	1430.0	706.0	4074.0	1219.0	82.0	898.0	1417.0	531.0	22.0	213.0	108.0	444.0	103.0	307.0	10.0	810.0	0.0	563.0	626.0	241.0	118.0	0.0	548.0	568.0	6.0	0.0	59.0	440.0	454.0	4931.0	454.0	0.0	605.0	1012.0	21.0	23.0	20.0	18.0	538.0	25.0	46.0	43.0	97.0	5.0	215.0	23.0	26.0	300.0	0.0	105.0	0.0	0.0	520.0	12.0	210.0	93.0	1053.0	160.0	0.0	49.0	111.0	0.0	6206.0	465.0	105.0	194.0	0.0	0.0	6310.0	11.0	7.0	0.0	208.0	62.0	127.0	0.0	0.0	0.0	0.0	0.0	236.0	96.0	179.0	0.0	356.0	68.0	0.0	0.0	0.0	0.0	0.0	0.0	0.0	0.0	0.0	27.0	0.0	0.0	0.0	0.0	0.0	0.0	0.0	0.0	0.0	0.0	0.0	0.0	0.0	0.0	0.0	0.0	0.0	0.0	0.0	0.0	0.0	0.0	0.0	0.0	0.0	0.0	0.0	0.0	0.0	0.0	0.0	0.0	0.0	0.0	0.0	0.0	0.0	0.0	0.0	0.0	0.0	0.0
SRR20680487	5056.0	26132.0	7073.0	198.0	18472.0	6481.0	61.0	6562.0	11771.0	1740.0	907.0	54.0	10568.0	474.0	9211.0	0.0	2079.0	717.0	4405.0	962.0	158.0	683.0	1526.0	531.0	19.0	160.0	91.0	518.0	71.0	70.0	15.0	804.0	63.0	315.0	465.0	358.0	13.0	0.0	924.0	692.0	16.0	0.0	11.0	432.0	339.0	5718.0	598.0	45.0	671.0	1379.0	70.0	120.0	64.0	49.0	472.0	14.0	154.0	0.0	54.0	16.0	156.0	41.0	24.0	353.0	0.0	210.0	0.0	0.0	245.0	0.0	54.0	121.0	905.0	186.0	0.0	61.0	77.0	0.0	5767.0	532.0	104.0	156.0	0.0	0.0	2766.0	11.0	5.0	0.0	126.0	54.0	75.0	0.0	0.0	0.0	0.0	0.0	190.0	119.0	284.0	0.0	270.0	32.0	0.0	0.0	0.0	0.0	0.0	0.0	0.0	0.0	0.0	92.0	62.0	0.0	15.0	45.0	0.0	0.0	0.0	0.0	0.0	0.0	0.0	0.0	0.0	0.0	0.0	0.0	0.0	0.0	0.0	0.0	0.0	0.0	0.0	0.0	0.0	0.0	0.0	0.0	0.0	0.0	0.0	0.0	0.0	0.0	0.0	0.0	0.0	0.0	0.0	0.0	0.0	0.0
SRR20680494	4055.0	18288.0	5191.0	97.0	11950.0	7000.0	57.0	4406.0	10933.0	1204.0	517.0	6.0	8502.0	136.0	4612.0	0.0	1126.0	580.0	3575.0	844.0	95.0	554.0	1311.0	442.0	20.0	78.0	79.0	431.0	65.0	121.0	0.0	620.0	29.0	418.0	325.0	273.0	91.0	0.0	340.0	647.0	7.0	0.0	18.0	309.0	499.0	5414.0	540.0	12.0	591.0	721.0	20.0	47.0	48.0	28.0	242.0	9.0	74.0	0.0	53.0	4.0	98.0	39.0	7.0	283.0	0.0	148.0	0.0	0.0	239.0	13.0	102.0	57.0	939.0	156.0	0.0	82.0	164.0	5.0	4527.0	187.0	115.0	153.0	0.0	0.0	1764.0	5.0	0.0	0.0	134.0	18.0	81.0	0.0	0.0	0.0	0.0	0.0	160.0	91.0	221.0	0.0	415.0	78.0	0.0	3.0	0.0	0.0	0.0	0.0	0.0	0.0	0.0	36.0	37.0	0.0	11.0	22.0	0.0	0.0	0.0	0.0	0.0	0.0	0.0	0.0	0.0	0.0	0.0	0.0	0.0	0.0	0.0	0.0	0.0	0.0	0.0	0.0	0.0	0.0	0.0	0.0	0.0	0.0	0.0	0.0	0.0	0.0	0.0	0.0	0.0	0.0	0.0	0.0	0.0	0.0
SRR20680496	4630.0	27416.0	20068.0	159.0	22132.0	7198.0	42.0	3898.0	10741.0	1381.0	685.0	72.0	17620.0	142.0	9102.0	0.0	1086.0	709.0	5656.0	907.0	325.0	505.0	1197.0	431.0	22.0	90.0	82.0	463.0	117.0	142.0	9.0	1145.0	13.0	493.0	414.0	257.0	78.0	0.0	612.0	535.0	0.0	0.0	22.0	211.0	406.0	5043.0	427.0	49.0	440.0	3900.0	21.0	57.0	71.0	34.0	377.0	22.0	92.0	14.0	42.0	7.0	161.0	55.0	29.0	239.0	0.0	75.0	0.0	0.0	506.0	0.0	151.0	80.0	737.0	460.0	0.0	63.0	172.0	5.0	5319.0	3445.0	164.0	226.0	0.0	0.0	2407.0	12.0	35.0	0.0	203.0	76.0	126.0	0.0	0.0	0.0	0.0	0.0	194.0	244.0	189.0	0.0	332.0	71.0	0.0	0.0	0.0	0.0	5.0	0.0	0.0	0.0	0.0	15.0	34.0	0.0	3.0	9.0	0.0	0.0	0.0	0.0	0.0	0.0	0.0	0.0	0.0	0.0	0.0	0.0	0.0	0.0	0.0	0.0	0.0	0.0	0.0	0.0	0.0	0.0	0.0	0.0	0.0	0.0	0.0	0.0	0.0	0.0	0.0	0.0	0.0	0.0	0.0	0.0	0.0	0.0
SRR20680497	8589.0	35498.0	13373.0	138.0	25010.0	12060.0	59.0	6969.0	14293.0	1933.0	948.0	56.0	14792.0	676.0	10728.0	0.0	1641.0	1151.0	5288.0	1868.0	224.0	858.0	1891.0	1108.0	12.0	162.0	114.0	798.0	52.0	339.0	33.0	1534.0	2.0	769.0	593.0	394.0	114.0	0.0	979.0	775.0	10.0	0.0	12.0	530.0	461.0	6693.0	670.0	0.0	935.0	1877.0	34.0	82.0	36.0	97.0	706.0	31.0	146.0	21.0	153.0	0.0	181.0	52.0	43.0	300.0	0.0	191.0	0.0	0.0	408.0	0.0	116.0	165.0	1412.0	442.0	0.0	87.0	260.0	0.0	8504.0	757.0	100.0	281.0	0.0	0.0	5643.0	6.0	3.0	0.0	239.0	69.0	151.0	0.0	0.0	0.0	0.0	0.0	248.0	138.0	372.0	0.0	733.0	110.0	0.0	0.0	0.0	0.0	9.0	0.0	0.0	0.0	0.0	63.0	44.0	0.0	9.0	16.0	0.0	0.0	0.0	0.0	0.0	0.0	0.0	0.0	0.0	0.0	0.0	0.0	0.0	0.0	0.0	0.0	0.0	0.0	0.0	0.0	0.0	0.0	0.0	0.0	0.0	0.0	0.0	0.0	0.0	0.0	0.0	0.0	0.0	0.0	0.0	0.0	0.0	0.0
SRR20680530	3606.0	19196.0	4475.0	122.0	11692.0	10377.0	17.0	5301.0	5839.0	740.0	1343.0	0.0	22151.0	455.0	7102.0	0.0	991.0	240.0	3173.0	203.0	1012.0	682.0	2057.0	518.0	155.0	246.0	30.0	112.0	124.0	121.0	56.0	1180.0	53.0	131.0	289.0	844.0	0.0	0.0	635.0	685.0	23.0	0.0	68.0	874.0	165.0	5282.0	284.0	6.0	649.0	1084.0	87.0	135.0	116.0	477.0	2466.0	28.0	13.0	0.0	349.0	6.0	709.0	41.0	0.0	140.0	0.0	15.0	0.0	0.0	3096.0	6.0	54.0	38.0	383.0	410.0	0.0	114.0	251.0	14.0	6885.0	546.0	40.0	188.0	113.0	0.0	7540.0	17.0	13.0	0.0	765.0	10.0	31.0	0.0	0.0	0.0	0.0	0.0	59.0	60.0	308.0	0.0	1140.0	60.0	0.0	0.0	0.0	0.0	0.0	0.0	0.0	0.0	0.0	49.0	0.0	0.0	34.0	66.0	0.0	0.0	0.0	0.0	0.0	0.0	0.0	0.0	0.0	0.0	0.0	0.0	0.0	0.0	0.0	0.0	0.0	0.0	0.0	0.0	0.0	0.0	0.0	0.0	0.0	0.0	0.0	0.0	0.0	0.0	0.0	0.0	0.0	0.0	5.0	0.0	0.0	0.0
SRR20680531	1517.0	11820.0	956.0	111.0	4298.0	6472.0	6.0	5978.0	6153.0	625.0	990.0	9.0	13826.0	257.0	2434.0	0.0	433.0	17.0	1963.0	143.0	1062.0	1132.0	564.0	268.0	0.0	161.0	51.0	72.0	56.0	18.0	52.0	423.0	23.0	209.0	106.0	145.0	0.0	0.0	172.0	181.0	0.0	0.0	24.0	447.0	50.0	1933.0	126.0	12.0	72.0	340.0	23.0	120.0	64.0	431.0	1402.0	0.0	0.0	4.0	319.0	0.0	411.0	0.0	0.0	89.0	0.0	5.0	0.0	0.0	651.0	0.0	4.0	11.0	472.0	132.0	0.0	33.0	82.0	5.0	7961.0	15.0	5.0	48.0	0.0	0.0	10276.0	0.0	0.0	0.0	185.0	0.0	12.0	0.0	0.0	0.0	0.0	0.0	9.0	20.0	178.0	2.0	729.0	41.0	0.0	0.0	0.0	0.0	2.0	0.0	0.0	0.0	0.0	38.0	27.0	0.0	0.0	0.0	0.0	0.0	0.0	0.0	0.0	0.0	0.0	0.0	0.0	0.0	0.0	0.0	0.0	0.0	0.0	0.0	0.0	0.0	0.0	0.0	0.0	0.0	0.0	0.0	0.0	0.0	0.0	0.0	0.0	0.0	0.0	0.0	0.0	0.0	0.0	0.0	0.0	0.0
SRR20680532	2629.0	16092.0	2753.0	102.0	6891.0	5688.0	11.0	3583.0	4925.0	414.0	1026.0	17.0	12487.0	464.0	4712.0	11.0	904.0	152.0	1780.0	150.0	531.0	632.0	2320.0	565.0	13.0	190.0	22.0	173.0	16.0	16.0	70.0	873.0	34.0	140.0	227.0	562.0	16.0	0.0	379.0	286.0	7.0	4.0	96.0	493.0	76.0	5156.0	125.0	12.0	221.0	1009.0	218.0	199.0	76.0	226.0	1135.0	9.0	3.0	65.0	383.0	12.0	421.0	28.0	11.0	64.0	0.0	7.0	0.0	0.0	2087.0	7.0	51.0	15.0	316.0	275.0	0.0	38.0	141.0	0.0	5759.0	105.0	72.0	133.0	23.0	0.0	11148.0	18.0	3.0	0.0	271.0	2.0	9.0	0.0	0.0	0.0	0.0	0.0	54.0	93.0	164.0	0.0	546.0	41.0	0.0	0.0	5.0	0.0	0.0	0.0	0.0	0.0	0.0	72.0	40.0	0.0	0.0	28.0	0.0	0.0	0.0	0.0	0.0	0.0	0.0	0.0	0.0	0.0	0.0	0.0	0.0	0.0	0.0	0.0	0.0	0.0	0.0	0.0	0.0	0.0	0.0	0.0	0.0	0.0	0.0	0.0	0.0	0.0	0.0	0.0	0.0	0.0	0.0	0.0	0.0	0.0
SRR20680533	4787.0	23587.0	4066.0	226.0	13794.0	10491.0	185.0	6470.0	8244.0	671.0	1546.0	57.0	14050.0	515.0	10274.0	11.0	1628.0	417.0	4282.0	666.0	2987.0	1039.0	4068.0	442.0	56.0	206.0	271.0	205.0	129.0	91.0	89.0	1551.0	111.0	235.0	243.0	1010.0	49.0	0.0	975.0	444.0	25.0	0.0	199.0	710.0	187.0	6745.0	204.0	23.0	603.0	1666.0	549.0	288.0	515.0	489.0	1828.0	27.0	15.0	0.0	605.0	9.0	757.0	47.0	15.0	174.0	0.0	0.0	0.0	65.0	2482.0	5.0	263.0	0.0	661.0	497.0	55.0	93.0	305.0	4.0	7294.0	229.0	84.0	142.0	13.0	0.0	2657.0	17.0	30.0	0.0	237.0	7.0	36.0	0.0	0.0	0.0	0.0	0.0	33.0	92.0	294.0	0.0	802.0	60.0	0.0	0.0	0.0	0.0	24.0	0.0	0.0	0.0	0.0	59.0	46.0	0.0	0.0	55.0	0.0	0.0	0.0	0.0	29.0	6.0	0.0	0.0	0.0	0.0	0.0	0.0	0.0	0.0	0.0	0.0	0.0	0.0	0.0	0.0	0.0	0.0	0.0	0.0	25.0	0.0	0.0	0.0	0.0	0.0	0.0	0.0	0.0	0.0	0.0	0.0	0.0	0.0
SRR20680534	6974.0	32246.0	7836.0	188.0	19375.0	16900.0	41.0	7110.0	9591.0	786.0	1993.0	272.0	26134.0	734.0	12318.0	15.0	1890.0	577.0	5603.0	762.0	2907.0	1546.0	4714.0	576.0	137.0	347.0	129.0	672.0	188.0	143.0	188.0	2251.0	162.0	460.0	469.0	1528.0	102.0	0.0	1568.0	1228.0	23.0	0.0	193.0	1132.0	774.0	7790.0	311.0	35.0	986.0	2521.0	1290.0	405.0	82.0	718.0	2732.0	33.0	41.0	56.0	1039.0	59.0	1430.0	64.0	23.0	264.0	0.0	0.0	0.0	0.0	4432.0	18.0	624.0	34.0	920.0	808.0	37.0	193.0	787.0	10.0	11370.0	119.0	97.0	434.0	10.0	0.0	3394.0	59.0	21.0	0.0	626.0	29.0	28.0	0.0	0.0	0.0	0.0	8.0	153.0	190.0	848.0	6.0	1550.0	92.0	0.0	0.0	4.0	0.0	13.0	0.0	11.0	0.0	10.0	202.0	80.0	0.0	51.0	55.0	0.0	0.0	0.0	0.0	6.0	6.0	0.0	0.0	0.0	0.0	0.0	0.0	0.0	0.0	0.0	0.0	0.0	0.0	0.0	0.0	0.0	0.0	0.0	0.0	22.0	0.0	0.0	0.0	0.0	0.0	0.0	0.0	0.0	0.0	0.0	0.0	0.0	0.0
SRR20680545	6155.0	33471.0	7740.0	165.0	17143.0	13634.0	27.0	7780.0	11843.0	916.0	1166.0	61.0	25846.0	948.0	9852.0	9.0	1631.0	318.0	3893.0	221.0	961.0	1696.0	3794.0	2215.0	105.0	443.0	144.0	282.0	60.0	108.0	48.0	1981.0	72.0	660.0	328.0	1073.0	29.0	0.0	787.0	434.0	0.0	0.0	220.0	640.0	152.0	6913.0	246.0	13.0	387.0	2466.0	351.0	252.0	41.0	555.0	2411.0	18.0	46.0	3.0	737.0	5.0	908.0	87.0	0.0	165.0	0.0	14.0	0.0	0.0	2586.0	13.0	164.0	33.0	863.0	773.0	0.0	106.0	406.0	10.0	9882.0	57.0	102.0	157.0	4.0	0.0	10764.0	13.0	16.0	0.0	727.0	7.0	30.0	0.0	0.0	0.0	0.0	0.0	51.0	54.0	453.0	0.0	785.0	84.0	0.0	0.0	10.0	0.0	36.0	0.0	0.0	0.0	0.0	76.0	38.0	0.0	23.0	31.0	0.0	0.0	0.0	0.0	0.0	0.0	0.0	0.0	0.0	0.0	0.0	0.0	0.0	0.0	0.0	0.0	0.0	0.0	0.0	0.0	0.0	0.0	3.0	0.0	0.0	0.0	0.0	0.0	0.0	0.0	0.0	0.0	0.0	0.0	0.0	0.0	0.0	0.0
SRR20680546	4988.0	27465.0	8727.0	205.0	15368.0	9254.0	17.0	3184.0	4904.0	567.0	934.0	85.0	16407.0	1599.0	6898.0	5.0	792.0	420.0	3018.0	452.0	490.0	768.0	3581.0	1923.0	211.0	211.0	338.0	282.0	37.0	602.0	28.0	1972.0	88.0	822.0	393.0	525.0	37.0	0.0	858.0	260.0	14.0	0.0	442.0	480.0	181.0	5624.0	193.0	0.0	612.0	1666.0	550.0	225.0	211.0	295.0	750.0	30.0	15.0	21.0	400.0	13.0	312.0	44.0	11.0	46.0	0.0	10.0	0.0	0.0	3106.0	6.0	151.0	9.0	451.0	1317.0	0.0	45.0	707.0	0.0	6568.0	150.0	156.0	118.0	28.0	0.0	72988.0	60.0	4.0	0.0	287.0	0.0	10.0	0.0	0.0	0.0	0.0	0.0	50.0	165.0	325.0	0.0	554.0	33.0	0.0	0.0	0.0	0.0	5.0	0.0	0.0	0.0	0.0	109.0	0.0	0.0	40.0	26.0	6.0	0.0	0.0	0.0	10.0	0.0	0.0	0.0	0.0	0.0	0.0	0.0	0.0	0.0	0.0	0.0	0.0	0.0	0.0	0.0	0.0	0.0	0.0	0.0	0.0	0.0	0.0	0.0	0.0	0.0	0.0	0.0	0.0	0.0	0.0	0.0	0.0	0.0
SRR20680548	4351.0	27161.0	4020.0	249.0	10653.0	9798.0	17.0	7176.0	9147.0	719.0	944.0	168.0	23448.0	955.0	6725.0	0.0	1678.0	244.0	4104.0	146.0	1057.0	1503.0	2442.0	1626.0	71.0	257.0	134.0	223.0	23.0	32.0	140.0	1060.0	73.0	529.0	190.0	850.0	0.0	0.0	519.0	487.0	6.0	0.0	165.0	822.0	141.0	6773.0	192.0	9.0	331.0	1623.0	343.0	394.0	104.0	408.0	2381.0	14.0	49.0	9.0	745.0	9.0	642.0	44.0	5.0	122.0	0.0	39.0	0.0	0.0	2478.0	9.0	184.0	35.0	510.0	569.0	6.0	117.0	288.0	0.0	7725.0	71.0	0.0	157.0	26.0	0.0	24339.0	0.0	11.0	0.0	744.0	0.0	22.0	0.0	0.0	0.0	0.0	0.0	51.0	27.0	393.0	0.0	925.0	65.0	0.0	0.0	9.0	0.0	16.0	0.0	0.0	0.0	0.0	102.0	40.0	0.0	29.0	44.0	0.0	0.0	0.0	0.0	0.0	0.0	0.0	0.0	0.0	0.0	0.0	0.0	0.0	0.0	0.0	0.0	0.0	0.0	0.0	0.0	0.0	0.0	0.0	0.0	0.0	0.0	0.0	0.0	0.0	0.0	0.0	0.0	0.0	0.0	0.0	0.0	0.0	0.0
SRR20680549	2187.0	17248.0	3402.0	88.0	7651.0	6376.0	4.0	3729.0	6249.0	500.0	784.0	44.0	16866.0	441.0	5418.0	0.0	1063.0	313.0	4391.0	124.0	1538.0	592.0	1952.0	1695.0	206.0	199.0	59.0	219.0	63.0	60.0	87.0	1238.0	27.0	1701.0	167.0	709.0	0.0	0.0	419.0	321.0	222.0	0.0	62.0	407.0	147.0	4325.0	113.0	8.0	348.0	2263.0	196.0	79.0	188.0	358.0	878.0	9.0	19.0	26.0	359.0	4.0	651.0	38.0	0.0	27.0	0.0	10.0	0.0	18.0	1754.0	3.0	110.0	12.0	377.0	449.0	0.0	82.0	492.0	11.0	6490.0	134.0	17.0	151.0	13.0	0.0	44842.0	19.0	4.0	0.0	473.0	4.0	11.0	0.0	0.0	0.0	0.0	0.0	26.0	98.0	263.0	0.0	519.0	44.0	0.0	0.0	0.0	0.0	31.0	0.0	0.0	0.0	0.0	29.0	42.0	0.0	0.0	28.0	0.0	0.0	0.0	0.0	0.0	0.0	0.0	0.0	0.0	0.0	0.0	0.0	0.0	0.0	0.0	0.0	0.0	0.0	0.0	0.0	0.0	0.0	0.0	0.0	0.0	0.0	0.0	0.0	0.0	0.0	0.0	0.0	0.0	0.0	0.0	0.0	0.0	0.0
SRR20680551	4943.0	27419.0	4840.0	230.0	12307.0	9343.0	9.0	6977.0	10230.0	495.0	1562.0	70.0	24093.0	1070.0	8111.0	9.0	1733.0	263.0	3907.0	230.0	962.0	1796.0	3414.0	668.0	62.0	354.0	79.0	255.0	159.0	126.0	123.0	1735.0	57.0	271.0	250.0	1102.0	36.0	0.0	951.0	532.0	0.0	0.0	151.0	902.0	218.0	7514.0	173.0	18.0	460.0	1558.0	396.0	349.0	52.0	569.0	2781.0	19.0	35.0	26.0	911.0	34.0	1043.0	92.0	0.0	177.0	0.0	42.0	0.0	0.0	5242.0	8.0	202.0	36.0	634.0	671.0	0.0	87.0	313.0	10.0	10863.0	122.0	68.0	298.0	14.0	0.0	3445.0	17.0	2.0	0.0	780.0	17.0	22.0	0.0	0.0	0.0	0.0	0.0	38.0	112.0	407.0	0.0	917.0	101.0	0.0	0.0	4.0	0.0	22.0	0.0	0.0	0.0	0.0	113.0	35.0	0.0	25.0	64.0	0.0	0.0	0.0	0.0	0.0	0.0	0.0	0.0	0.0	0.0	0.0	0.0	0.0	0.0	0.0	0.0	0.0	0.0	0.0	0.0	0.0	0.0	0.0	0.0	0.0	0.0	0.0	0.0	0.0	0.0	0.0	0.0	0.0	0.0	0.0	0.0	0.0	0.0
SRR20680556	8575.0	30016.0	5008.0	187.0	20680.0	7508.0	42.0	12180.0	17130.0	1956.0	1146.0	64.0	11701.0	386.0	7205.0	0.0	2322.0	688.0	4517.0	1688.0	314.0	1985.0	1113.0	547.0	39.0	166.0	70.0	593.0	57.0	143.0	26.0	875.0	20.0	538.0	354.0	294.0	166.0	0.0	488.0	996.0	23.0	0.0	90.0	591.0	214.0	5684.0	514.0	48.0	321.0	1061.0	67.0	128.0	118.0	32.0	615.0	10.0	71.0	78.0	223.0	6.0	254.0	26.0	84.0	560.0	0.0	358.0	0.0	0.0	360.0	3.0	195.0	50.0	1271.0	202.0	0.0	52.0	129.0	18.0	5804.0	339.0	168.0	236.0	5.0	0.0	6480.0	17.0	16.0	0.0	143.0	77.0	120.0	0.0	0.0	0.0	0.0	0.0	173.0	58.0	481.0	0.0	687.0	100.0	0.0	0.0	10.0	0.0	0.0	0.0	0.0	0.0	0.0	50.0	33.0	0.0	3.0	33.0	0.0	0.0	0.0	0.0	0.0	0.0	0.0	0.0	0.0	0.0	0.0	0.0	0.0	0.0	0.0	0.0	0.0	0.0	0.0	0.0	0.0	0.0	0.0	0.0	0.0	0.0	0.0	0.0	0.0	0.0	0.0	0.0	0.0	0.0	0.0	0.0	0.0	0.0
SRR20680557	9396.0	38320.0	9044.0	189.0	26928.0	13065.0	100.0	9195.0	16911.0	1656.0	988.0	129.0	15613.0	587.0	10085.0	0.0	2711.0	901.0	4937.0	1443.0	277.0	1796.0	2402.0	1004.0	115.0	169.0	155.0	798.0	153.0	242.0	39.0	1796.0	65.0	772.0	498.0	563.0	96.0	0.0	652.0	796.0	50.0	0.0	147.0	1014.0	480.0	8765.0	543.0	15.0	783.0	1640.0	86.0	87.0	79.0	26.0	1044.0	29.0	73.0	34.0	181.0	8.0	280.0	62.0	13.0	273.0	0.0	347.0	0.0	0.0	523.0	17.0	544.0	135.0	1014.0	356.0	8.0	123.0	254.0	0.0	7654.0	467.0	259.0	382.0	10.0	0.0	3874.0	62.0	18.0	0.0	188.0	146.0	154.0	0.0	0.0	0.0	0.0	0.0	251.0	73.0	459.0	5.0	808.0	148.0	0.0	0.0	0.0	0.0	29.0	0.0	0.0	0.0	0.0	78.0	39.0	0.0	10.0	25.0	0.0	0.0	0.0	0.0	0.0	0.0	0.0	0.0	0.0	0.0	0.0	0.0	0.0	0.0	0.0	0.0	0.0	0.0	0.0	0.0	0.0	0.0	0.0	0.0	0.0	0.0	0.0	0.0	0.0	0.0	0.0	5.0	0.0	0.0	0.0	0.0	0.0	0.0
SRR20680558	6551.0	26082.0	6795.0	187.0	17775.0	9355.0	54.0	7279.0	13455.0	1408.0	804.0	95.0	15514.0	409.0	5814.0	0.0	1752.0	594.0	4870.0	1049.0	280.0	1429.0	1537.0	1914.0	33.0	157.0	154.0	625.0	76.0	261.0	18.0	1108.0	15.0	726.0	424.0	358.0	83.0	0.0	596.0	647.0	33.0	9.0	95.0	467.0	464.0	5473.0	449.0	0.0	581.0	1192.0	27.0	111.0	82.0	7.0	655.0	16.0	81.0	4.0	139.0	7.0	229.0	4.0	40.0	241.0	0.0	389.0	0.0	0.0	301.0	3.0	202.0	95.0	1029.0	313.0	0.0	108.0	180.0	0.0	5300.0	497.0	152.0	173.0	0.0	0.0	2111.0	45.0	14.0	0.0	256.0	85.0	67.0	0.0	0.0	0.0	0.0	0.0	148.0	73.0	316.0	0.0	652.0	75.0	0.0	0.0	4.0	0.0	15.0	0.0	0.0	0.0	0.0	47.0	75.0	0.0	0.0	40.0	2.0	0.0	0.0	0.0	0.0	0.0	0.0	0.0	0.0	0.0	0.0	0.0	0.0	0.0	0.0	0.0	0.0	0.0	0.0	0.0	0.0	0.0	0.0	0.0	0.0	0.0	0.0	0.0	0.0	0.0	0.0	0.0	0.0	0.0	0.0	0.0	0.0	0.0
SRR20680560	12875.0	36390.0	14492.0	187.0	26666.0	16148.0	98.0	9045.0	17531.0	2914.0	1233.0	96.0	16677.0	371.0	12370.0	0.0	1975.0	1198.0	6349.0	2564.0	344.0	2099.0	3171.0	1200.0	37.0	201.0	140.0	952.0	186.0	267.0	20.0	1931.0	60.0	866.0	726.0	604.0	117.0	0.0	945.0	1008.0	22.0	0.0	141.0	565.0	908.0	8740.0	732.0	61.0	793.0	1772.0	154.0	124.0	133.0	36.0	1003.0	35.0	54.0	11.0	260.0	21.0	292.0	61.0	50.0	283.0	0.0	339.0	0.0	2.0	779.0	16.0	821.0	124.0	966.0	538.0	0.0	185.0	310.0	13.0	8450.0	717.0	134.0	361.0	10.0	0.0	4582.0	85.0	31.0	0.0	309.0	129.0	227.0	0.0	0.0	0.0	0.0	0.0	481.0	150.0	374.0	0.0	937.0	120.0	0.0	0.0	0.0	4.0	20.0	0.0	0.0	0.0	0.0	43.0	58.0	0.0	0.0	84.0	0.0	0.0	0.0	0.0	0.0	0.0	0.0	0.0	0.0	0.0	4.0	0.0	0.0	0.0	0.0	0.0	0.0	0.0	0.0	0.0	0.0	0.0	0.0	0.0	0.0	0.0	0.0	0.0	0.0	0.0	0.0	0.0	0.0	0.0	0.0	0.0	0.0	0.0
SRR20680561	3973.0	16833.0	3990.0	169.0	14260.0	6041.0	20.0	5413.0	12485.0	1142.0	779.0	70.0	14038.0	195.0	5619.0	0.0	983.0	286.0	4368.0	630.0	140.0	936.0	921.0	375.0	8.0	174.0	81.0	399.0	28.0	33.0	35.0	551.0	0.0	373.0	288.0	99.0	77.0	0.0	447.0	559.0	0.0	0.0	3.0	431.0	433.0	2863.0	386.0	0.0	461.0	763.0	33.0	69.0	110.0	24.0	568.0	8.0	70.0	15.0	103.0	2.0	139.0	0.0	20.0	216.0	0.0	62.0	0.0	0.0	347.0	0.0	12.0	61.0	977.0	160.0	0.0	58.0	102.0	4.0	5624.0	361.0	118.0	199.0	3.0	0.0	1720.0	0.0	0.0	0.0	171.0	86.0	56.0	0.0	0.0	0.0	0.0	0.0	135.0	78.0	255.0	0.0	537.0	115.0	0.0	0.0	0.0	0.0	6.0	0.0	0.0	0.0	0.0	14.0	17.0	0.0	10.0	0.0	2.0	0.0	0.0	0.0	0.0	0.0	0.0	0.0	0.0	0.0	0.0	0.0	0.0	0.0	0.0	0.0	0.0	0.0	0.0	0.0	0.0	0.0	0.0	0.0	0.0	0.0	0.0	0.0	0.0	0.0	0.0	0.0	0.0	0.0	0.0	0.0	0.0	0.0
SRR20680568	4617.0	19117.0	5887.0	202.0	15450.0	9077.0	62.0	4860.0	11202.0	1528.0	841.0	92.0	13363.0	296.0	6296.0	0.0	837.0	837.0	5347.0	990.0	77.0	922.0	1073.0	569.0	4.0	176.0	127.0	536.0	64.0	92.0	0.0	1181.0	24.0	422.0	395.0	240.0	100.0	0.0	548.0	620.0	3.0	0.0	23.0	490.0	495.0	4502.0	562.0	25.0	611.0	1013.0	16.0	90.0	45.0	42.0	389.0	25.0	81.0	6.0	62.0	0.0	207.0	0.0	23.0	218.0	0.0	123.0	0.0	0.0	262.0	0.0	25.0	75.0	1179.0	119.0	0.0	106.0	262.0	0.0	5515.0	217.0	101.0	254.0	0.0	0.0	3788.0	2.0	0.0	0.0	228.0	53.0	95.0	0.0	0.0	0.0	0.0	0.0	118.0	125.0	265.0	0.0	582.0	51.0	0.0	0.0	0.0	0.0	9.0	0.0	0.0	0.0	0.0	65.0	43.0	0.0	5.0	0.0	0.0	0.0	0.0	0.0	0.0	0.0	0.0	0.0	0.0	0.0	0.0	0.0	0.0	0.0	0.0	0.0	0.0	0.0	0.0	0.0	0.0	0.0	0.0	0.0	0.0	0.0	0.0	0.0	0.0	0.0	0.0	0.0	0.0	0.0	0.0	0.0	0.0	0.0
SRR20680569	3120.0	11604.0	2190.0	59.0	12164.0	6502.0	30.0	5465.0	10856.0	1009.0	780.0	55.0	7786.0	130.0	4505.0	0.0	696.0	233.0	3000.0	856.0	287.0	1010.0	415.0	201.0	9.0	214.0	16.0	247.0	46.0	90.0	10.0	392.0	0.0	334.0	174.0	141.0	55.0	0.0	853.0	478.0	4.0	0.0	11.0	369.0	403.0	1854.0	358.0	0.0	291.0	603.0	20.0	44.0	13.0	34.0	265.0	9.0	31.0	18.0	14.0	10.0	246.0	0.0	27.0	213.0	0.0	50.0	0.0	3.0	244.0	3.0	15.0	53.0	671.0	31.0	0.0	75.0	105.0	7.0	4444.0	126.0	107.0	78.0	0.0	0.0	4445.0	2.0	4.0	0.0	132.0	94.0	19.0	0.0	0.0	0.0	0.0	0.0	100.0	35.0	311.0	0.0	344.0	80.0	0.0	0.0	12.0	0.0	3.0	0.0	0.0	0.0	0.0	17.0	0.0	0.0	8.0	0.0	0.0	0.0	0.0	0.0	0.0	0.0	0.0	0.0	0.0	0.0	0.0	0.0	0.0	0.0	0.0	0.0	0.0	0.0	0.0	0.0	0.0	0.0	0.0	0.0	0.0	0.0	0.0	0.0	0.0	0.0	0.0	0.0	0.0	0.0	0.0	0.0	0.0	0.0
SRR20680572	5010.0	23196.0	6307.0	221.0	14674.0	9376.0	1222.0	5483.0	7737.0	836.0	1792.0	20.0	14063.0	503.0	9528.0	0.0	1594.0	606.0	3701.0	1038.0	4892.0	1016.0	2475.0	270.0	149.0	131.0	231.0	352.0	210.0	168.0	101.0	1655.0	97.0	59.0	419.0	1126.0	17.0	0.0	1221.0	639.0	5.0	0.0	53.0	1035.0	516.0	7302.0	265.0	17.0	1649.0	1061.0	976.0	431.0	103.0	507.0	1593.0	53.0	68.0	0.0	357.0	33.0	614.0	48.0	50.0	264.0	0.0	0.0	0.0	143.0	3329.0	4.0	1074.0	16.0	452.0	546.0	759.0	30.0	347.0	10.0	10713.0	273.0	58.0	179.0	41.0	0.0	1620.0	58.0	10.0	0.0	445.0	0.0	0.0	0.0	0.0	0.0	0.0	0.0	215.0	83.0	423.0	0.0	1105.0	106.0	0.0	0.0	0.0	20.0	0.0	0.0	0.0	0.0	0.0	0.0	45.0	0.0	11.0	16.0	0.0	0.0	0.0	0.0	95.0	11.0	0.0	0.0	0.0	0.0	0.0	0.0	0.0	0.0	0.0	85.0	0.0	0.0	0.0	0.0	0.0	0.0	0.0	0.0	61.0	0.0	0.0	0.0	0.0	0.0	0.0	0.0	0.0	0.0	0.0	0.0	0.0	0.0
SRR20680584	4502.0	23095.0	3800.0	158.0	11462.0	7908.0	10.0	6324.0	10911.0	552.0	1675.0	6.0	23399.0	470.0	6702.0	0.0	928.0	176.0	3786.0	611.0	647.0	1558.0	1664.0	308.0	30.0	251.0	46.0	267.0	106.0	117.0	115.0	846.0	47.0	137.0	325.0	592.0	50.0	0.0	902.0	320.0	6.0	0.0	123.0	1227.0	152.0	4536.0	136.0	15.0	297.0	1012.0	229.0	407.0	40.0	1000.0	2412.0	9.0	11.0	0.0	463.0	14.0	717.0	41.0	7.0	248.0	0.0	13.0	0.0	0.0	3490.0	2.0	44.0	0.0	890.0	223.0	0.0	115.0	192.0	0.0	12758.0	233.0	33.0	311.0	0.0	0.0	3246.0	10.0	7.0	0.0	369.0	9.0	30.0	0.0	0.0	0.0	0.0	0.0	55.0	90.0	356.0	0.0	1765.0	75.0	0.0	0.0	0.0	0.0	27.0	0.0	0.0	0.0	0.0	36.0	14.0	0.0	26.0	74.0	0.0	0.0	0.0	0.0	0.0	0.0	0.0	0.0	0.0	0.0	0.0	0.0	0.0	0.0	0.0	0.0	0.0	0.0	0.0	0.0	0.0	0.0	0.0	0.0	0.0	0.0	0.0	0.0	0.0	0.0	0.0	0.0	0.0	0.0	0.0	0.0	0.0	0.0
SRR20680592	6745.0	36324.0	4694.0	288.0	15766.0	10476.0	13.0	10004.0	12781.0	1204.0	2079.0	100.0	30498.0	970.0	7943.0	0.0	1345.0	245.0	4724.0	506.0	921.0	1037.0	2149.0	509.0	47.0	254.0	137.0	286.0	153.0	99.0	129.0	968.0	111.0	103.0	320.0	1323.0	77.0	0.0	688.0	629.0	0.0	0.0	117.0	1290.0	192.0	5350.0	326.0	29.0	734.0	1255.0	342.0	549.0	142.0	962.0	2940.0	9.0	64.0	0.0	536.0	40.0	763.0	58.0	10.0	320.0	0.0	14.0	0.0	0.0	4520.0	0.0	104.0	0.0	1028.0	508.0	0.0	193.0	273.0	5.0	13727.0	269.0	13.0	324.0	29.0	0.0	5243.0	44.0	3.0	0.0	572.0	15.0	53.0	0.0	0.0	0.0	0.0	0.0	50.0	69.0	527.0	0.0	1712.0	117.0	0.0	0.0	6.0	0.0	13.0	0.0	0.0	0.0	0.0	61.0	0.0	0.0	40.0	36.0	0.0	0.0	0.0	0.0	0.0	0.0	0.0	0.0	0.0	0.0	0.0	0.0	0.0	0.0	0.0	0.0	0.0	0.0	0.0	0.0	0.0	0.0	0.0	0.0	0.0	0.0	0.0	0.0	0.0	0.0	0.0	0.0	0.0	0.0	0.0	0.0	0.0	0.0
SRR20680593	3202.0	15601.0	1926.0	86.0	6614.0	5129.0	7.0	6269.0	6157.0	501.0	916.0	16.0	12478.0	846.0	3261.0	9.0	861.0	188.0	2199.0	190.0	515.0	975.0	1171.0	815.0	38.0	88.0	72.0	71.0	74.0	37.0	57.0	565.0	0.0	318.0	89.0	631.0	0.0	0.0	223.0	286.0	2.0	0.0	15.0	653.0	110.0	2780.0	33.0	0.0	236.0	453.0	113.0	138.0	168.0	504.0	1416.0	0.0	23.0	0.0	330.0	7.0	387.0	28.0	0.0	94.0	0.0	0.0	0.0	0.0	1345.0	0.0	7.0	0.0	397.0	228.0	5.0	46.0	72.0	5.0	6646.0	164.0	10.0	116.0	0.0	0.0	26872.0	0.0	0.0	0.0	340.0	7.0	0.0	0.0	0.0	0.0	0.0	0.0	13.0	0.0	268.0	0.0	737.0	29.0	0.0	0.0	0.0	0.0	0.0	0.0	0.0	0.0	0.0	47.0	0.0	0.0	35.0	0.0	0.0	0.0	0.0	0.0	0.0	0.0	0.0	0.0	0.0	0.0	0.0	0.0	0.0	0.0	0.0	0.0	0.0	0.0	0.0	0.0	0.0	0.0	0.0	0.0	0.0	0.0	0.0	0.0	0.0	0.0	0.0	0.0	0.0	0.0	0.0	0.0	0.0	0.0
SRR20680594	4489.0	29366.0	5648.0	188.0	12548.0	8767.0	0.0	6542.0	7813.0	787.0	1565.0	53.0	29346.0	996.0	6729.0	0.0	1443.0	169.0	3832.0	463.0	1179.0	736.0	2502.0	636.0	87.0	250.0	139.0	225.0	8.0	130.0	114.0	743.0	34.0	125.0	401.0	1154.0	58.0	0.0	1047.0	615.0	3.0	0.0	136.0	1237.0	192.0	5729.0	228.0	22.0	724.0	1224.0	357.0	421.0	410.0	493.0	1845.0	25.0	25.0	0.0	485.0	19.0	721.0	32.0	8.0	195.0	0.0	0.0	0.0	0.0	4969.0	0.0	181.0	0.0	612.0	534.0	0.0	182.0	201.0	0.0	8291.0	63.0	0.0	197.0	79.0	0.0	25425.0	35.0	18.0	0.0	374.0	14.0	25.0	0.0	0.0	0.0	0.0	0.0	81.0	114.0	237.0	0.0	1084.0	94.0	0.0	0.0	0.0	0.0	0.0	0.0	0.0	0.0	0.0	98.0	0.0	0.0	25.0	55.0	0.0	0.0	0.0	0.0	0.0	0.0	0.0	0.0	0.0	0.0	0.0	0.0	0.0	0.0	0.0	0.0	0.0	0.0	0.0	0.0	0.0	0.0	0.0	0.0	0.0	0.0	0.0	0.0	0.0	0.0	0.0	0.0	0.0	0.0	0.0	0.0	0.0	0.0
SRR20680595	3947.0	27420.0	4258.0	300.0	12720.0	11475.0	25.0	5800.0	14184.0	678.0	1927.0	28.0	26337.0	627.0	5941.0	0.0	978.0	110.0	4232.0	187.0	1049.0	791.0	2395.0	1163.0	19.0	338.0	96.0	100.0	139.0	114.0	104.0	1017.0	28.0	173.0	418.0	838.0	35.0	0.0	516.0	258.0	0.0	0.0	85.0	490.0	348.0	4885.0	204.0	0.0	291.0	1006.0	198.0	275.0	213.0	598.0	1783.0	7.0	0.0	19.0	406.0	10.0	956.0	36.0	0.0	161.0	0.0	8.0	0.0	0.0	3261.0	0.0	52.0	9.0	696.0	463.0	0.0	124.0	315.0	0.0	7805.0	16.0	21.0	129.0	0.0	0.0	37162.0	5.0	8.0	0.0	359.0	6.0	40.0	0.0	0.0	0.0	0.0	0.0	0.0	24.0	189.0	0.0	664.0	52.0	0.0	0.0	0.0	0.0	11.0	0.0	0.0	0.0	0.0	36.0	34.0	0.0	0.0	14.0	0.0	0.0	0.0	0.0	0.0	0.0	0.0	0.0	0.0	0.0	0.0	0.0	0.0	0.0	0.0	0.0	0.0	0.0	0.0	0.0	0.0	0.0	0.0	0.0	0.0	0.0	0.0	0.0	0.0	0.0	0.0	0.0	0.0	0.0	0.0	0.0	0.0	0.0
SRR20680596	1696.0	14266.0	4096.0	83.0	7876.0	5840.0	0.0	2346.0	3472.0	508.0	1026.0	50.0	17089.0	510.0	3391.0	0.0	413.0	36.0	3490.0	45.0	250.0	267.0	1521.0	1767.0	15.0	121.0	231.0	171.0	25.0	58.0	28.0	804.0	24.0	173.0	136.0	324.0	39.0	0.0	368.0	136.0	0.0	0.0	90.0	204.0	84.0	3379.0	85.0	0.0	102.0	1151.0	54.0	52.0	299.0	232.0	537.0	7.0	10.0	0.0	92.0	0.0	501.0	0.0	0.0	42.0	0.0	0.0	0.0	0.0	1141.0	0.0	9.0	0.0	410.0	714.0	0.0	45.0	243.0	6.0	3838.0	80.0	28.0	99.0	0.0	0.0	62766.0	0.0	0.0	0.0	137.0	8.0	3.0	0.0	0.0	0.0	0.0	0.0	18.0	18.0	66.0	0.0	343.0	0.0	0.0	0.0	0.0	0.0	0.0	0.0	0.0	0.0	0.0	0.0	0.0	0.0	6.0	0.0	0.0	0.0	0.0	0.0	0.0	0.0	0.0	0.0	0.0	0.0	0.0	0.0	0.0	0.0	0.0	0.0	0.0	0.0	0.0	0.0	0.0	0.0	0.0	0.0	0.0	0.0	0.0	0.0	0.0	0.0	0.0	0.0	0.0	0.0	0.0	0.0	0.0	0.0
SRR20680602	5959.0	29154.0	2968.0	220.0	13934.0	10767.0	0.0	8447.0	12328.0	854.0	1683.0	28.0	17349.0	1356.0	8509.0	35.0	1917.0	355.0	3820.0	225.0	1021.0	1651.0	2465.0	737.0	51.0	255.0	124.0	191.0	55.0	34.0	65.0	1268.0	22.0	242.0	548.0	1719.0	34.0	0.0	731.0	308.0	8.0	3.0	131.0	1081.0	299.0	7507.0	135.0	37.0	294.0	1102.0	411.0	367.0	95.0	723.0	1711.0	17.0	50.0	0.0	1105.0	15.0	740.0	27.0	22.0	256.0	0.0	0.0	0.0	0.0	3926.0	2.0	255.0	71.0	656.0	364.0	3.0	163.0	159.0	2.0	8308.0	244.0	24.0	276.0	0.0	0.0	1298.0	22.0	10.0	0.0	427.0	0.0	34.0	0.0	0.0	0.0	0.0	0.0	67.0	100.0	367.0	0.0	1347.0	75.0	0.0	0.0	0.0	0.0	29.0	0.0	0.0	0.0	0.0	170.0	48.0	0.0	28.0	49.0	0.0	0.0	0.0	0.0	0.0	0.0	0.0	0.0	0.0	0.0	0.0	4.0	0.0	0.0	0.0	0.0	0.0	0.0	0.0	0.0	0.0	0.0	0.0	0.0	0.0	0.0	0.0	0.0	0.0	0.0	0.0	0.0	0.0	0.0	0.0	0.0	0.0	0.0
SRR20680603	5736.0	33823.0	4525.0	150.0	16581.0	13464.0	23.0	11507.0	15394.0	1526.0	1283.0	21.0	18740.0	1110.0	9646.0	20.0	1893.0	366.0	4423.0	699.0	1007.0	2254.0	2647.0	1160.0	25.0	273.0	178.0	178.0	0.0	15.0	121.0	1671.0	58.0	598.0	318.0	1319.0	38.0	0.0	1212.0	409.0	9.0	0.0	181.0	760.0	259.0	5635.0	204.0	76.0	758.0	1935.0	465.0	209.0	134.0	813.0	1758.0	7.0	49.0	10.0	1025.0	22.0	716.0	36.0	4.0	232.0	0.0	0.0	0.0	0.0	3456.0	10.0	374.0	32.0	865.0	416.0	0.0	131.0	282.0	16.0	9510.0	107.0	22.0	284.0	13.0	0.0	14815.0	27.0	19.0	0.0	448.0	9.0	31.0	0.0	0.0	0.0	0.0	0.0	70.0	90.0	275.0	2.0	995.0	66.0	0.0	0.0	4.0	0.0	2.0	0.0	0.0	0.0	0.0	59.0	27.0	0.0	20.0	86.0	0.0	0.0	0.0	0.0	0.0	0.0	0.0	0.0	0.0	0.0	0.0	0.0	0.0	0.0	0.0	0.0	0.0	0.0	0.0	0.0	0.0	0.0	0.0	0.0	0.0	0.0	0.0	0.0	0.0	0.0	0.0	0.0	0.0	0.0	0.0	0.0	0.0	0.0
SRR20680605	8003.0	39260.0	6684.0	197.0	30265.0	21217.0	3433.0	10074.0	10234.0	1171.0	2360.0	79.0	18602.0	1304.0	17583.0	17.0	2461.0	790.0	9146.0	1088.0	9061.0	1825.0	4106.0	1082.0	71.0	384.0	126.0	314.0	215.0	12.0	101.0	2922.0	125.0	598.0	652.0	2726.0	164.0	0.0	1118.0	747.0	7.0	0.0	73.0	952.0	617.0	10621.0	299.0	50.0	818.0	2164.0	1205.0	324.0	88.0	736.0	1559.0	25.0	39.0	38.0	1315.0	54.0	804.0	46.0	23.0	372.0	0.0	24.0	0.0	398.0	3897.0	23.0	620.0	46.0	780.0	724.0	2325.0	97.0	388.0	0.0	10869.0	285.0	182.0	284.0	38.0	0.0	9245.0	48.0	31.0	0.0	499.0	8.0	11.0	0.0	0.0	0.0	0.0	35.0	142.0	256.0	404.0	107.0	785.0	55.0	0.0	0.0	12.0	0.0	26.0	0.0	22.0	0.0	9.0	174.0	86.0	0.0	20.0	153.0	0.0	0.0	0.0	0.0	80.0	47.0	0.0	0.0	0.0	0.0	0.0	0.0	0.0	0.0	0.0	186.0	9.0	28.0	0.0	0.0	0.0	0.0	0.0	0.0	55.0	0.0	5.0	0.0	0.0	0.0	0.0	0.0	0.0	0.0	0.0	0.0	0.0	0.0
SRR20680606	6323.0	33316.0	7300.0	127.0	14902.0	13784.0	9.0	9825.0	12621.0	1060.0	1465.0	98.0	19451.0	1052.0	12020.0	15.0	1773.0	258.0	3672.0	387.0	1342.0	2492.0	5370.0	3365.0	170.0	417.0	203.0	122.0	160.0	84.0	80.0	2546.0	69.0	912.0	348.0	1364.0	35.0	0.0	520.0	546.0	12.0	2.0	221.0	737.0	111.0	9673.0	247.0	25.0	580.0	2317.0	404.0	226.0	302.0	600.0	1962.0	26.0	43.0	6.0	1015.0	21.0	1218.0	46.0	4.0	234.0	0.0	14.0	0.0	0.0	2961.0	29.0	494.0	69.0	856.0	544.0	0.0	123.0	293.0	0.0	11363.0	61.0	126.0	134.0	86.0	0.0	36331.0	58.0	44.0	0.0	613.0	0.0	38.0	0.0	0.0	0.0	0.0	0.0	78.0	85.0	383.0	0.0	791.0	66.0	0.0	0.0	12.0	0.0	47.0	0.0	0.0	0.0	0.0	122.0	62.0	0.0	31.0	44.0	0.0	0.0	0.0	0.0	0.0	0.0	0.0	0.0	0.0	0.0	0.0	0.0	0.0	0.0	0.0	0.0	0.0	0.0	0.0	0.0	0.0	0.0	0.0	0.0	0.0	0.0	0.0	0.0	0.0	0.0	0.0	0.0	0.0	0.0	0.0	0.0	0.0	0.0
SRR20680616	8869.0	31843.0	6817.0	243.0	21490.0	7804.0	52.0	11809.0	16481.0	1631.0	723.0	78.0	12895.0	439.0	7373.0	0.0	2331.0	552.0	5729.0	1720.0	256.0	1551.0	1610.0	782.0	65.0	176.0	140.0	608.0	111.0	178.0	21.0	922.0	67.0	686.0	591.0	399.0	134.0	0.0	707.0	718.0	18.0	5.0	84.0	552.0	348.0	5218.0	474.0	70.0	573.0	1554.0	90.0	104.0	80.0	15.0	659.0	13.0	77.0	0.0	233.0	0.0	176.0	43.0	43.0	278.0	0.0	349.0	0.0	0.0	656.0	0.0	223.0	101.0	1213.0	241.0	0.0	91.0	96.0	16.0	6522.0	689.0	187.0	379.0	8.0	0.0	2425.0	18.0	3.0	0.0	148.0	102.0	146.0	0.0	0.0	0.0	0.0	0.0	279.0	56.0	363.0	0.0	870.0	60.0	0.0	0.0	0.0	0.0	14.0	0.0	0.0	0.0	0.0	52.0	33.0	0.0	0.0	60.0	3.0	0.0	0.0	0.0	0.0	0.0	0.0	0.0	0.0	0.0	0.0	0.0	0.0	0.0	0.0	0.0	0.0	0.0	0.0	0.0	0.0	0.0	0.0	0.0	0.0	0.0	0.0	0.0	0.0	0.0	0.0	0.0	0.0	0.0	0.0	0.0	0.0	0.0
SRR20680617	10662.0	35491.0	7715.0	239.0	23726.0	9692.0	70.0	12937.0	19293.0	1944.0	937.0	86.0	12810.0	707.0	7491.0	0.0	3091.0	738.0	5349.0	1610.0	1496.0	1809.0	2124.0	741.0	21.0	229.0	118.0	518.0	84.0	179.0	44.0	1208.0	63.0	797.0	705.0	517.0	166.0	0.0	627.0	957.0	23.0	0.0	68.0	706.0	368.0	7240.0	580.0	112.0	656.0	1057.0	140.0	103.0	202.0	57.0	1144.0	12.0	127.0	6.0	401.0	5.0	276.0	46.0	61.0	393.0	0.0	368.0	0.0	2.0	504.0	8.0	246.0	117.0	1376.0	252.0	0.0	93.0	206.0	9.0	7173.0	477.0	200.0	379.0	6.0	0.0	1500.0	45.0	21.0	0.0	265.0	146.0	161.0	0.0	0.0	0.0	0.0	0.0	351.0	86.0	402.0	45.0	1153.0	81.0	0.0	0.0	0.0	0.0	22.0	0.0	0.0	0.0	0.0	51.0	46.0	0.0	0.0	83.0	0.0	0.0	0.0	0.0	0.0	0.0	0.0	0.0	0.0	0.0	0.0	0.0	0.0	0.0	0.0	0.0	0.0	0.0	0.0	0.0	0.0	0.0	3.0	0.0	0.0	0.0	0.0	0.0	0.0	0.0	0.0	2.0	0.0	0.0	0.0	0.0	0.0	0.0
SRR20680619	11735.0	29630.0	9393.0	229.0	20501.0	10547.0	38.0	9148.0	14286.0	1943.0	1113.0	75.0	12279.0	482.0	8773.0	0.0	2228.0	979.0	5008.0	1950.0	283.0	1778.0	2380.0	844.0	48.0	195.0	99.0	797.0	81.0	293.0	9.0	1771.0	37.0	1006.0	646.0	636.0	159.0	0.0	792.0	758.0	18.0	0.0	117.0	687.0	555.0	7792.0	494.0	28.0	933.0	1634.0	98.0	32.0	107.0	70.0	859.0	30.0	120.0	7.0	366.0	6.0	262.0	69.0	57.0	395.0	0.0	381.0	0.0	0.0	663.0	11.0	580.0	110.0	1465.0	228.0	0.0	141.0	177.0	15.0	8269.0	423.0	164.0	516.0	0.0	0.0	1231.0	59.0	16.0	0.0	253.0	106.0	246.0	0.0	0.0	0.0	0.0	0.0	390.0	66.0	474.0	0.0	1238.0	72.0	0.0	0.0	6.0	0.0	25.0	0.0	0.0	0.0	0.0	84.0	42.0	0.0	13.0	43.0	0.0	0.0	0.0	0.0	0.0	0.0	0.0	0.0	0.0	0.0	0.0	0.0	0.0	0.0	0.0	0.0	0.0	0.0	0.0	0.0	0.0	0.0	0.0	0.0	0.0	0.0	0.0	0.0	0.0	0.0	0.0	0.0	0.0	0.0	0.0	0.0	0.0	0.0
SRR20680622	8915.0	25862.0	7389.0	209.0	16518.0	6682.0	44.0	8098.0	13947.0	1216.0	1122.0	67.0	10575.0	415.0	7566.0	0.0	1982.0	552.0	3237.0	2226.0	113.0	1632.0	1560.0	672.0	29.0	100.0	167.0	437.0	87.0	142.0	24.0	1126.0	27.0	679.0	358.0	386.0	154.0	0.0	753.0	601.0	31.0	5.0	58.0	902.0	249.0	6164.0	527.0	37.0	592.0	1253.0	90.0	118.0	97.0	39.0	794.0	27.0	118.0	5.0	265.0	14.0	165.0	38.0	43.0	373.0	0.0	266.0	0.0	0.0	402.0	13.0	364.0	54.0	1180.0	164.0	0.0	72.0	109.0	0.0	7518.0	544.0	161.0	333.0	2.0	0.0	1145.0	23.0	19.0	0.0	209.0	129.0	156.0	0.0	0.0	0.0	0.0	0.0	295.0	75.0	476.0	0.0	1218.0	110.0	0.0	0.0	7.0	0.0	20.0	0.0	0.0	0.0	0.0	108.0	32.0	0.0	0.0	21.0	7.0	0.0	0.0	0.0	0.0	0.0	0.0	0.0	0.0	0.0	0.0	0.0	0.0	0.0	0.0	0.0	0.0	0.0	0.0	0.0	0.0	0.0	0.0	0.0	0.0	0.0	0.0	0.0	0.0	0.0	0.0	4.0	0.0	0.0	0.0	0.0	0.0	0.0
SRR20680624	5293.0	29922.0	5323.0	138.0	13409.0	14399.0	22.0	5922.0	8907.0	822.0	1600.0	18.0	35010.0	680.0	8232.0	21.0	1154.0	258.0	3702.0	178.0	1135.0	1129.0	4067.0	1047.0	52.0	309.0	119.0	139.0	77.0	58.0	68.0	1317.0	7.0	310.0	353.0	823.0	28.0	0.0	409.0	585.0	0.0	0.0	168.0	736.0	115.0	7159.0	206.0	18.0	310.0	1351.0	319.0	221.0	94.0	382.0	1885.0	16.0	38.0	6.0	597.0	33.0	977.0	26.0	3.0	81.0	0.0	0.0	0.0	0.0	3134.0	14.0	153.0	13.0	645.0	576.0	0.0	173.0	249.0	14.0	7750.0	241.0	39.0	138.0	34.0	0.0	15234.0	40.0	5.0	0.0	559.0	0.0	26.0	0.0	0.0	0.0	0.0	0.0	25.0	162.0	254.0	10.0	658.0	64.0	0.0	0.0	6.0	0.0	20.0	0.0	0.0	0.0	0.0	57.0	42.0	0.0	29.0	29.0	0.0	0.0	0.0	0.0	0.0	0.0	0.0	0.0	0.0	0.0	0.0	0.0	0.0	0.0	0.0	0.0	0.0	0.0	0.0	0.0	0.0	0.0	0.0	0.0	0.0	0.0	0.0	0.0	0.0	0.0	0.0	0.0	0.0	0.0	0.0	0.0	0.0	0.0
SRR20680626	2352.0	17904.0	3295.0	122.0	10834.0	10556.0	6700.0	3847.0	9166.0	1010.0	1089.0	65.0	8699.0	836.0	6335.0	0.0	690.0	68.0	5335.0	260.0	9948.0	529.0	1313.0	309.0	65.0	167.0	310.0	115.0	44.0	65.0	31.0	1441.0	8.0	145.0	184.0	708.0	36.0	0.0	451.0	451.0	0.0	0.0	22.0	435.0	92.0	2669.0	133.0	0.0	205.0	788.0	324.0	129.0	20.0	376.0	1076.0	0.0	0.0	23.0	278.0	15.0	368.0	0.0	13.0	55.0	81.0	0.0	0.0	553.0	1256.0	0.0	362.0	6.0	398.0	230.0	6367.0	109.0	101.0	8.0	4891.0	237.0	124.0	30.0	0.0	0.0	8040.0	0.0	18.0	0.0	205.0	12.0	0.0	0.0	0.0	0.0	0.0	20.0	13.0	15.0	253.0	15.0	315.0	50.0	0.0	0.0	0.0	0.0	2.0	0.0	42.0	0.0	11.0	14.0	23.0	0.0	30.0	14.0	0.0	0.0	0.0	0.0	34.0	54.0	0.0	9.0	0.0	0.0	0.0	0.0	0.0	0.0	0.0	196.0	0.0	0.0	0.0	0.0	0.0	0.0	0.0	0.0	240.0	0.0	0.0	0.0	0.0	0.0	0.0	0.0	0.0	0.0	0.0	0.0	0.0	0.0
SRR20680627	4207.0	24470.0	4440.0	171.0	11153.0	5965.0	4.0	6150.0	10107.0	462.0	1759.0	81.0	24894.0	551.0	4857.0	0.0	628.0	252.0	3266.0	229.0	430.0	1317.0	1904.0	1726.0	158.0	484.0	133.0	217.0	72.0	101.0	57.0	745.0	33.0	194.0	437.0	494.0	74.0	0.0	604.0	364.0	0.0	0.0	95.0	714.0	83.0	5038.0	106.0	23.0	573.0	581.0	305.0	343.0	229.0	424.0	1404.0	0.0	10.0	93.0	387.0	7.0	961.0	35.0	6.0	263.0	0.0	0.0	0.0	0.0	3258.0	0.0	157.0	26.0	545.0	393.0	0.0	56.0	148.0	0.0	8065.0	0.0	42.0	224.0	7.0	0.0	26110.0	26.0	6.0	0.0	485.0	11.0	39.0	0.0	0.0	0.0	0.0	0.0	76.0	17.0	236.0	0.0	831.0	31.0	0.0	0.0	0.0	0.0	0.0	0.0	0.0	0.0	0.0	15.0	33.0	0.0	0.0	50.0	0.0	0.0	0.0	0.0	0.0	0.0	0.0	0.0	0.0	0.0	0.0	0.0	0.0	0.0	0.0	0.0	0.0	0.0	0.0	0.0	0.0	0.0	0.0	0.0	0.0	0.0	0.0	0.0	0.0	0.0	0.0	0.0	0.0	0.0	0.0	0.0	0.0	0.0
SRR20680628	3548.0	23037.0	3741.0	156.0	12368.0	11738.0	3.0	5301.0	7824.0	596.0	1900.0	24.0	27231.0	636.0	6388.0	0.0	1008.0	238.0	4093.0	155.0	999.0	985.0	2784.0	616.0	75.0	315.0	187.0	323.0	73.0	81.0	73.0	1021.0	39.0	197.0	330.0	772.0	35.0	0.0	496.0	469.0	4.0	0.0	58.0	893.0	242.0	7064.0	181.0	38.0	236.0	1145.0	170.0	315.0	23.0	753.0	2124.0	14.0	0.0	0.0	365.0	16.0	1045.0	38.0	7.0	97.0	0.0	0.0	0.0	0.0	3478.0	7.0	84.0	19.0	586.0	585.0	0.0	118.0	233.0	9.0	7621.0	137.0	27.0	113.0	0.0	0.0	4340.0	14.0	0.0	0.0	519.0	4.0	15.0	0.0	0.0	0.0	0.0	0.0	45.0	144.0	238.0	0.0	725.0	78.0	0.0	0.0	0.0	0.0	5.0	0.0	0.0	0.0	0.0	109.0	16.0	0.0	32.0	21.0	2.0	0.0	0.0	0.0	0.0	0.0	0.0	0.0	0.0	0.0	0.0	0.0	0.0	0.0	0.0	0.0	0.0	0.0	0.0	0.0	0.0	0.0	0.0	0.0	0.0	0.0	0.0	0.0	0.0	0.0	0.0	0.0	0.0	0.0	0.0	0.0	0.0	0.0
SRR20680629	6628.0	32107.0	5378.0	327.0	19775.0	15634.0	3201.0	7868.0	9592.0	2202.0	3254.0	23.0	16603.0	801.0	12833.0	0.0	2021.0	456.0	6207.0	621.0	12773.0	1546.0	4083.0	437.0	90.0	519.0	114.0	571.0	194.0	27.0	100.0	2117.0	42.0	224.0	320.0	1939.0	124.0	0.0	906.0	682.0	20.0	0.0	137.0	1113.0	223.0	9555.0	220.0	34.0	792.0	1489.0	1040.0	293.0	13.0	591.0	1632.0	95.0	150.0	0.0	1034.0	10.0	1075.0	34.0	58.0	111.0	7.0	19.0	0.0	492.0	2487.0	9.0	596.0	11.0	1098.0	756.0	1377.0	118.0	675.0	39.0	13017.0	97.0	62.0	492.0	26.0	0.0	1792.0	85.0	78.0	0.0	243.0	0.0	40.0	0.0	0.0	0.0	0.0	0.0	73.0	80.0	748.0	75.0	514.0	8.0	0.0	0.0	0.0	0.0	16.0	0.0	0.0	0.0	7.0	99.0	9.0	0.0	58.0	135.0	0.0	0.0	54.0	0.0	48.0	19.0	0.0	8.0	0.0	0.0	0.0	0.0	0.0	0.0	0.0	148.0	0.0	0.0	0.0	0.0	0.0	0.0	0.0	0.0	131.0	0.0	0.0	0.0	0.0	0.0	0.0	0.0	0.0	0.0	0.0	0.0	0.0	0.0
SRR20680630	3358.0	21598.0	2734.0	161.0	9288.0	10682.0	13.0	7268.0	8884.0	546.0	1498.0	32.0	19344.0	726.0	5589.0	13.0	1239.0	225.0	4346.0	260.0	1140.0	1279.0	2370.0	1057.0	11.0	287.0	137.0	250.0	100.0	39.0	238.0	979.0	65.0	288.0	205.0	863.0	0.0	0.0	491.0	393.0	3.0	0.0	94.0	942.0	231.0	5373.0	232.0	26.0	224.0	752.0	241.0	215.0	68.0	602.0	2069.0	13.0	30.0	0.0	693.0	14.0	837.0	36.0	0.0	70.0	0.0	11.0	0.0	0.0	2999.0	5.0	118.0	24.0	431.0	490.0	0.0	159.0	363.0	5.0	7118.0	37.0	41.0	118.0	10.0	0.0	13695.0	24.0	10.0	0.0	574.0	3.0	12.0	0.0	0.0	0.0	0.0	0.0	41.0	66.0	329.0	0.0	975.0	59.0	0.0	0.0	0.0	0.0	11.0	0.0	0.0	0.0	0.0	68.0	40.0	0.0	61.0	39.0	0.0	0.0	0.0	0.0	0.0	0.0	0.0	0.0	0.0	0.0	0.0	0.0	0.0	0.0	0.0	0.0	0.0	0.0	0.0	0.0	0.0	0.0	0.0	0.0	0.0	0.0	0.0	0.0	0.0	0.0	0.0	0.0	0.0	0.0	0.0	0.0	0.0	0.0
SRR20680631	4599.0	29018.0	5302.0	225.0	14172.0	15280.0	25.0	5950.0	9668.0	725.0	2417.0	35.0	27854.0	837.0	10389.0	11.0	1108.0	360.0	4719.0	305.0	1105.0	1169.0	3885.0	836.0	27.0	322.0	133.0	229.0	74.0	113.0	82.0	1655.0	87.0	206.0	386.0	1038.0	20.0	0.0	713.0	391.0	0.0	0.0	175.0	799.0	138.0	7569.0	171.0	5.0	373.0	1376.0	257.0	371.0	31.0	764.0	3008.0	10.0	44.0	4.0	686.0	9.0	1315.0	58.0	0.0	151.0	0.0	0.0	0.0	0.0	4886.0	4.0	135.0	10.0	506.0	648.0	0.0	135.0	582.0	7.0	10025.0	220.0	18.0	175.0	33.0	0.0	5483.0	26.0	10.0	0.0	930.0	7.0	30.0	0.0	0.0	0.0	0.0	0.0	43.0	115.0	478.0	0.0	1279.0	94.0	0.0	0.0	6.0	0.0	20.0	0.0	0.0	0.0	0.0	64.0	44.0	0.0	26.0	42.0	0.0	0.0	0.0	0.0	0.0	0.0	0.0	0.0	0.0	0.0	0.0	0.0	0.0	0.0	0.0	0.0	0.0	0.0	0.0	0.0	0.0	0.0	0.0	0.0	0.0	0.0	0.0	0.0	0.0	0.0	0.0	0.0	0.0	0.0	0.0	0.0	0.0	0.0
SRR20680632	5129.0	33196.0	6071.0	142.0	14532.0	11796.0	17.0	6809.0	9897.0	657.0	1467.0	43.0	25537.0	965.0	7363.0	13.0	1307.0	162.0	4029.0	265.0	837.0	1237.0	2595.0	930.0	40.0	344.0	53.0	159.0	137.0	197.0	124.0	1232.0	44.0	270.0	365.0	807.0	46.0	0.0	644.0	359.0	0.0	0.0	123.0	814.0	306.0	5324.0	281.0	22.0	260.0	1207.0	403.0	261.0	407.0	877.0	2184.0	41.0	54.0	0.0	475.0	0.0	922.0	52.0	8.0	242.0	0.0	0.0	0.0	0.0	3735.0	8.0	105.0	11.0	976.0	625.0	3.0	146.0	278.0	0.0	9747.0	0.0	8.0	164.0	6.0	0.0	14004.0	30.0	0.0	0.0	506.0	27.0	48.0	0.0	0.0	0.0	0.0	0.0	23.0	89.0	300.0	0.0	797.0	60.0	0.0	0.0	0.0	0.0	0.0	0.0	0.0	0.0	0.0	65.0	24.0	0.0	25.0	50.0	0.0	0.0	0.0	0.0	0.0	0.0	0.0	0.0	0.0	0.0	0.0	0.0	0.0	0.0	0.0	0.0	0.0	0.0	0.0	0.0	0.0	0.0	0.0	0.0	0.0	0.0	0.0	0.0	0.0	0.0	0.0	0.0	0.0	0.0	0.0	0.0	0.0	0.0
SRR20680639	6476.0	34792.0	6676.0	311.0	24075.0	14487.0	1979.0	8195.0	7596.0	1107.0	2641.0	110.0	17448.0	807.0	13311.0	9.0	2175.0	713.0	8254.0	379.0	6311.0	1434.0	3975.0	505.0	270.0	472.0	348.0	265.0	111.0	111.0	84.0	2073.0	109.0	355.0	328.0	3381.0	44.0	0.0	915.0	762.0	4.0	0.0	83.0	1116.0	267.0	7660.0	155.0	17.0	610.0	2717.0	693.0	522.0	128.0	827.0	2313.0	0.0	80.0	70.0	688.0	30.0	681.0	60.0	36.0	337.0	462.0	17.0	0.0	500.0	2733.0	9.0	623.0	63.0	752.0	448.0	3912.0	107.0	375.0	12.0	15331.0	150.0	70.0	180.0	57.0	0.0	13252.0	24.0	41.0	0.0	250.0	50.0	39.0	0.0	0.0	0.0	0.0	117.0	141.0	60.0	529.0	123.0	649.0	60.0	0.0	0.0	0.0	0.0	16.0	0.0	68.0	0.0	24.0	168.0	32.0	0.0	21.0	63.0	0.0	0.0	4.0	0.0	82.0	122.0	0.0	28.0	0.0	0.0	0.0	0.0	0.0	0.0	0.0	131.0	0.0	13.0	0.0	0.0	0.0	0.0	0.0	0.0	39.0	0.0	0.0	0.0	0.0	0.0	0.0	0.0	0.0	0.0	0.0	0.0	0.0	0.0
SRR20680640	11400.0	39228.0	11381.0	257.0	24441.0	11942.0	63.0	11413.0	17975.0	1853.0	1184.0	110.0	16220.0	494.0	10623.0	0.0	2458.0	1075.0	5687.0	2089.0	228.0	1800.0	2123.0	2203.0	33.0	212.0	179.0	754.0	157.0	153.0	58.0	1648.0	29.0	1000.0	737.0	475.0	157.0	0.0	2738.0	851.0	8.0	7.0	106.0	623.0	493.0	8456.0	632.0	62.0	852.0	2265.0	127.0	85.0	100.0	57.0	898.0	39.0	136.0	4.0	255.0	9.0	199.0	63.0	26.0	426.0	0.0	340.0	0.0	0.0	525.0	22.0	466.0	108.0	1537.0	303.0	0.0	130.0	231.0	34.0	7856.0	1202.0	180.0	317.0	26.0	0.0	2747.0	52.0	72.0	0.0	225.0	131.0	291.0	0.0	0.0	0.0	0.0	0.0	431.0	201.0	314.0	0.0	1066.0	126.0	0.0	0.0	0.0	0.0	29.0	0.0	0.0	0.0	0.0	41.0	23.0	0.0	6.0	44.0	0.0	0.0	0.0	0.0	0.0	0.0	0.0	0.0	0.0	0.0	0.0	0.0	0.0	0.0	0.0	0.0	0.0	0.0	0.0	0.0	0.0	0.0	3.0	0.0	0.0	0.0	0.0	0.0	0.0	0.0	0.0	0.0	0.0	0.0	0.0	0.0	0.0	0.0
SRR20680642	5808.0	32051.0	7647.0	144.0	13166.0	10601.0	22.0	7359.0	10748.0	918.0	1598.0	148.0	20884.0	691.0	7278.0	7.0	1152.0	358.0	4203.0	240.0	802.0	1176.0	2348.0	1697.0	48.0	276.0	115.0	94.0	0.0	147.0	57.0	871.0	61.0	292.0	343.0	812.0	60.0	0.0	764.0	405.0	2.0	0.0	101.0	962.0	197.0	5722.0	293.0	17.0	481.0	1136.0	258.0	124.0	356.0	861.0	1906.0	4.0	30.0	41.0	441.0	0.0	644.0	23.0	0.0	174.0	0.0	20.0	0.0	0.0	2183.0	0.0	86.0	22.0	528.0	396.0	0.0	119.0	140.0	17.0	9973.0	255.0	27.0	163.0	13.0	0.0	33766.0	4.0	17.0	0.0	545.0	20.0	29.0	0.0	0.0	0.0	0.0	0.0	40.0	81.0	251.0	0.0	1009.0	60.0	0.0	0.0	0.0	0.0	0.0	0.0	0.0	0.0	0.0	82.0	44.0	0.0	9.0	39.0	0.0	0.0	0.0	0.0	0.0	0.0	0.0	0.0	0.0	0.0	0.0	0.0	0.0	0.0	0.0	0.0	0.0	0.0	0.0	0.0	0.0	0.0	0.0	0.0	0.0	0.0	0.0	0.0	0.0	0.0	0.0	0.0	0.0	0.0	0.0	0.0	0.0	0.0
SRR20680650	8915.0	28146.0	8936.0	197.0	22221.0	8689.0	55.0	7631.0	11639.0	1355.0	818.0	92.0	12005.0	326.0	8246.0	0.0	1974.0	787.0	4447.0	1418.0	272.0	1267.0	1809.0	826.0	30.0	174.0	114.0	545.0	38.0	248.0	20.0	1170.0	19.0	940.0	669.0	481.0	116.0	0.0	907.0	640.0	28.0	0.0	61.0	482.0	290.0	5937.0	400.0	14.0	557.0	1240.0	70.0	66.0	106.0	5.0	663.0	20.0	66.0	12.0	263.0	12.0	210.0	5.0	67.0	318.0	0.0	307.0	0.0	2.0	368.0	9.0	237.0	107.0	1159.0	224.0	4.0	55.0	185.0	12.0	5741.0	615.0	117.0	265.0	0.0	0.0	4712.0	19.0	29.0	0.0	181.0	108.0	179.0	0.0	0.0	0.0	0.0	0.0	269.0	110.0	260.0	0.0	886.0	46.0	0.0	0.0	0.0	0.0	17.0	0.0	0.0	0.0	0.0	50.0	0.0	0.0	0.0	63.0	4.0	0.0	0.0	0.0	0.0	0.0	0.0	0.0	0.0	0.0	0.0	0.0	0.0	0.0	0.0	0.0	0.0	0.0	0.0	0.0	0.0	0.0	3.0	0.0	0.0	0.0	0.0	0.0	0.0	0.0	0.0	0.0	0.0	0.0	0.0	0.0	0.0	0.0
SRR20680651	11495.0	33659.0	9448.0	137.0	26221.0	10935.0	81.0	11173.0	17403.0	1466.0	1179.0	65.0	12537.0	424.0	10111.0	0.0	2273.0	784.0	5161.0	2049.0	518.0	2191.0	1793.0	895.0	44.0	211.0	164.0	681.0	47.0	179.0	7.0	1279.0	39.0	784.0	675.0	547.0	120.0	0.0	854.0	903.0	0.0	0.0	78.0	558.0	495.0	7230.0	609.0	58.0	737.0	1500.0	118.0	54.0	127.0	50.0	987.0	0.0	88.0	22.0	272.0	0.0	257.0	31.0	41.0	367.0	0.0	454.0	0.0	2.0	371.0	10.0	253.0	84.0	1367.0	454.0	0.0	103.0	130.0	0.0	6478.0	783.0	144.0	297.0	19.0	0.0	3065.0	22.0	42.0	0.0	193.0	115.0	141.0	0.0	2.0	0.0	0.0	0.0	376.0	83.0	461.0	0.0	924.0	79.0	0.0	2.0	0.0	0.0	22.0	0.0	5.0	0.0	0.0	65.0	47.0	0.0	4.0	55.0	0.0	0.0	0.0	0.0	0.0	0.0	0.0	0.0	0.0	0.0	0.0	0.0	0.0	0.0	0.0	0.0	0.0	0.0	0.0	0.0	0.0	0.0	0.0	0.0	0.0	0.0	0.0	0.0	0.0	0.0	0.0	0.0	0.0	0.0	0.0	0.0	0.0	0.0
SRR20680653	9062.0	29941.0	7722.0	224.0	19095.0	8209.0	31.0	9000.0	14663.0	1272.0	835.0	42.0	12887.0	505.0	6625.0	0.0	2244.0	487.0	3927.0	1494.0	297.0	1745.0	1666.0	930.0	25.0	152.0	65.0	449.0	53.0	160.0	47.0	915.0	45.0	694.0	495.0	443.0	87.0	0.0	743.0	757.0	16.0	0.0	61.0	420.0	264.0	6288.0	448.0	38.0	435.0	1354.0	112.0	84.0	177.0	59.0	877.0	16.0	133.0	5.0	214.0	8.0	212.0	38.0	41.0	295.0	0.0	386.0	0.0	0.0	757.0	4.0	187.0	70.0	974.0	318.0	0.0	96.0	104.0	6.0	5463.0	510.0	146.0	233.0	5.0	0.0	1218.0	38.0	33.0	0.0	250.0	94.0	169.0	0.0	0.0	0.0	0.0	0.0	215.0	110.0	334.0	0.0	630.0	99.0	0.0	0.0	0.0	0.0	9.0	0.0	0.0	0.0	0.0	44.0	31.0	0.0	0.0	61.0	5.0	0.0	0.0	0.0	0.0	0.0	0.0	0.0	0.0	0.0	0.0	0.0	0.0	0.0	0.0	0.0	0.0	0.0	0.0	0.0	0.0	0.0	0.0	0.0	0.0	0.0	0.0	0.0	0.0	0.0	0.0	0.0	0.0	0.0	0.0	0.0	0.0	0.0
SRR20680654	9342.0	30272.0	8463.0	203.0	19952.0	9172.0	47.0	9558.0	15576.0	1427.0	975.0	33.0	14490.0	352.0	7575.0	0.0	2308.0	507.0	4462.0	1779.0	307.0	1896.0	1669.0	908.0	54.0	117.0	15.0	485.0	73.0	196.0	21.0	1091.0	61.0	689.0	457.0	513.0	95.0	0.0	744.0	863.0	12.0	0.0	141.0	592.0	255.0	6474.0	409.0	38.0	576.0	1100.0	102.0	85.0	112.0	30.0	780.0	25.0	125.0	0.0	188.0	3.0	261.0	39.0	29.0	269.0	0.0	445.0	0.0	3.0	360.0	6.0	231.0	97.0	1316.0	252.0	0.0	64.0	141.0	6.0	5684.0	762.0	163.0	270.0	3.0	0.0	1273.0	11.0	11.0	0.0	179.0	117.0	187.0	0.0	0.0	0.0	0.0	0.0	222.0	68.0	309.0	0.0	943.0	79.0	0.0	0.0	0.0	0.0	0.0	0.0	0.0	0.0	0.0	63.0	41.0	0.0	0.0	46.0	3.0	0.0	0.0	0.0	0.0	0.0	0.0	0.0	0.0	0.0	0.0	0.0	0.0	0.0	0.0	0.0	0.0	0.0	0.0	0.0	0.0	0.0	0.0	0.0	0.0	0.0	0.0	0.0	0.0	0.0	0.0	0.0	0.0	0.0	0.0	0.0	0.0	0.0
SRR20680656	9271.0	31629.0	7913.0	246.0	18625.0	8769.0	51.0	10627.0	15725.0	1755.0	949.0	59.0	12062.0	477.0	6859.0	0.0	2615.0	629.0	4801.0	1300.0	290.0	1886.0	1844.0	990.0	4.0	198.0	63.0	627.0	101.0	233.0	33.0	1167.0	0.0	769.0	696.0	533.0	122.0	0.0	528.0	838.0	13.0	0.0	79.0	513.0	416.0	6733.0	372.0	50.0	567.0	1529.0	96.0	76.0	126.0	44.0	915.0	26.0	151.0	3.0	271.0	4.0	154.0	45.0	35.0	392.0	0.0	467.0	0.0	0.0	464.0	11.0	199.0	67.0	1009.0	288.0	0.0	75.0	140.0	14.0	6028.0	352.0	128.0	209.0	2.0	0.0	1497.0	11.0	21.0	0.0	243.0	96.0	136.0	0.0	0.0	0.0	0.0	0.0	205.0	94.0	284.0	0.0	829.0	74.0	0.0	0.0	0.0	0.0	16.0	0.0	0.0	0.0	0.0	29.0	24.0	0.0	0.0	62.0	0.0	0.0	0.0	0.0	0.0	0.0	0.0	0.0	0.0	0.0	0.0	0.0	0.0	0.0	0.0	0.0	0.0	0.0	0.0	0.0	0.0	0.0	0.0	0.0	0.0	0.0	0.0	0.0	0.0	0.0	0.0	0.0	0.0	0.0	0.0	0.0	0.0	0.0
SRR20680658	4254.0	26553.0	4062.0	175.0	10864.0	8085.0	15.0	7499.0	10556.0	933.0	1263.0	62.0	20818.0	896.0	6934.0	12.0	1215.0	178.0	4612.0	268.0	671.0	1217.0	2413.0	1420.0	94.0	412.0	109.0	200.0	129.0	83.0	123.0	1141.0	64.0	384.0	247.0	675.0	0.0	3.0	597.0	381.0	0.0	0.0	92.0	763.0	131.0	5198.0	137.0	22.0	521.0	1412.0	293.0	253.0	143.0	546.0	1747.0	23.0	8.0	51.0	546.0	16.0	1006.0	44.0	0.0	124.0	0.0	0.0	0.0	0.0	3512.0	4.0	188.0	21.0	545.0	456.0	0.0	120.0	179.0	17.0	9347.0	295.0	41.0	257.0	17.0	0.0	43759.0	16.0	9.0	0.0	574.0	3.0	37.0	0.0	0.0	0.0	0.0	0.0	52.0	77.0	255.0	0.0	941.0	54.0	0.0	0.0	0.0	0.0	18.0	0.0	0.0	2.0	0.0	88.0	28.0	0.0	38.0	42.0	0.0	0.0	0.0	0.0	0.0	0.0	0.0	0.0	0.0	0.0	0.0	0.0	0.0	0.0	0.0	0.0	0.0	0.0	0.0	0.0	0.0	0.0	0.0	0.0	0.0	0.0	0.0	0.0	0.0	0.0	0.0	0.0	0.0	0.0	0.0	0.0	0.0	0.0
SRR20680659	5024.0	23490.0	4561.0	105.0	8519.0	6876.0	0.0	6844.0	7783.0	525.0	1532.0	0.0	22704.0	590.0	5379.0	0.0	787.0	258.0	2573.0	325.0	653.0	989.0	1407.0	934.0	47.0	178.0	90.0	307.0	239.0	83.0	91.0	836.0	174.0	94.0	303.0	839.0	36.0	0.0	798.0	380.0	5.0	0.0	128.0	954.0	63.0	4616.0	219.0	0.0	852.0	827.0	535.0	523.0	78.0	330.0	1745.0	10.0	0.0	0.0	296.0	21.0	518.0	28.0	26.0	117.0	0.0	0.0	0.0	0.0	2862.0	12.0	226.0	37.0	524.0	254.0	0.0	69.0	160.0	0.0	9147.0	203.0	23.0	276.0	30.0	0.0	10305.0	11.0	0.0	0.0	352.0	0.0	0.0	0.0	0.0	0.0	0.0	0.0	108.0	36.0	263.0	0.0	683.0	61.0	0.0	0.0	0.0	0.0	0.0	0.0	0.0	0.0	0.0	109.0	35.0	0.0	0.0	85.0	0.0	0.0	0.0	0.0	0.0	0.0	0.0	0.0	0.0	0.0	0.0	0.0	0.0	0.0	0.0	0.0	0.0	0.0	0.0	0.0	0.0	0.0	0.0	0.0	10.0	0.0	0.0	0.0	0.0	0.0	0.0	0.0	0.0	0.0	0.0	0.0	0.0	0.0
SRR20680663	9777.0	33775.0	6971.0	266.0	22574.0	10434.0	68.0	13108.0	20106.0	2245.0	1401.0	76.0	14695.0	299.0	9862.0	0.0	3752.0	642.0	6277.0	1855.0	432.0	2245.0	1632.0	964.0	21.0	223.0	155.0	822.0	100.0	181.0	74.0	1363.0	9.0	829.0	517.0	436.0	198.0	0.0	836.0	1103.0	25.0	0.0	80.0	769.0	633.0	6668.0	566.0	67.0	777.0	1599.0	122.0	48.0	182.0	40.0	1366.0	42.0	149.0	12.0	360.0	6.0	244.0	22.0	62.0	503.0	0.0	527.0	0.0	0.0	665.0	9.0	211.0	102.0	1768.0	226.0	0.0	114.0	245.0	0.0	10030.0	364.0	197.0	386.0	0.0	0.0	1308.0	40.0	53.0	0.0	258.0	141.0	160.0	0.0	0.0	0.0	0.0	0.0	310.0	82.0	470.0	0.0	1175.0	126.0	0.0	0.0	0.0	0.0	14.0	0.0	0.0	0.0	0.0	63.0	69.0	0.0	16.0	47.0	0.0	0.0	0.0	0.0	0.0	0.0	0.0	0.0	0.0	0.0	0.0	0.0	0.0	0.0	0.0	0.0	0.0	0.0	0.0	0.0	0.0	0.0	0.0	0.0	0.0	0.0	0.0	0.0	0.0	0.0	0.0	0.0	0.0	0.0	0.0	0.0	0.0	0.0
SRR20680664	6081.0	33706.0	7942.0	191.0	17726.0	11216.0	8.0	9914.0	14790.0	999.0	2204.0	180.0	25275.0	898.0	11192.0	10.0	2173.0	389.0	3543.0	316.0	974.0	1929.0	4862.0	2927.0	38.0	412.0	159.0	429.0	106.0	128.0	117.0	2365.0	88.0	602.0	595.0	1199.0	3.0	0.0	1012.0	596.0	27.0	0.0	322.0	1077.0	335.0	9552.0	203.0	28.0	745.0	3003.0	441.0	314.0	686.0	750.0	2220.0	26.0	31.0	22.0	786.0	39.0	1343.0	48.0	20.0	193.0	0.0	16.0	0.0	0.0	5173.0	27.0	436.0	28.0	814.0	682.0	0.0	77.0	247.0	5.0	14008.0	214.0	123.0	283.0	43.0	0.0	49202.0	55.0	15.0	0.0	538.0	10.0	36.0	0.0	0.0	0.0	0.0	0.0	61.0	89.0	404.0	0.0	1117.0	103.0	0.0	0.0	4.0	0.0	44.0	0.0	0.0	0.0	0.0	141.0	63.0	0.0	21.0	76.0	0.0	0.0	0.0	0.0	0.0	0.0	0.0	0.0	0.0	0.0	0.0	0.0	0.0	0.0	0.0	0.0	0.0	0.0	0.0	0.0	0.0	0.0	0.0	0.0	0.0	0.0	0.0	0.0	0.0	0.0	0.0	0.0	0.0	0.0	0.0	2.0	0.0	0.0
SRR20680670	11420.0	33343.0	8809.0	225.0	20071.0	8544.0	50.0	10436.0	15773.0	1593.0	938.0	31.0	11157.0	384.0	9479.0	0.0	2593.0	708.0	4554.0	1391.0	197.0	1451.0	2139.0	839.0	45.0	145.0	98.0	597.0	33.0	206.0	40.0	1172.0	26.0	731.0	557.0	490.0	173.0	0.0	705.0	753.0	30.0	0.0	65.0	700.0	358.0	7116.0	610.0	72.0	629.0	1699.0	123.0	68.0	179.0	30.0	965.0	30.0	89.0	33.0	336.0	10.0	196.0	44.0	72.0	356.0	0.0	428.0	0.0	0.0	355.0	8.0	369.0	96.0	1126.0	292.0	0.0	78.0	161.0	0.0	6508.0	607.0	206.0	258.0	0.0	0.0	2160.0	24.0	34.0	0.0	245.0	114.0	193.0	0.0	0.0	0.0	0.0	0.0	300.0	150.0	365.0	0.0	710.0	103.0	0.0	0.0	0.0	0.0	8.0	0.0	0.0	0.0	0.0	48.0	36.0	0.0	21.0	37.0	7.0	0.0	0.0	0.0	0.0	0.0	0.0	0.0	0.0	0.0	0.0	0.0	0.0	0.0	0.0	0.0	0.0	0.0	0.0	0.0	0.0	0.0	0.0	0.0	0.0	0.0	0.0	0.0	0.0	0.0	0.0	0.0	0.0	4.0	0.0	0.0	0.0	0.0
SRR20680672	6725.0	32653.0	8053.0	246.0	18834.0	7265.0	55.0	7566.0	13238.0	1225.0	626.0	68.0	17342.0	451.0	8705.0	0.0	1919.0	428.0	3333.0	953.0	99.0	1447.0	1261.0	883.0	31.0	118.0	59.0	612.0	79.0	67.0	21.0	903.0	5.0	471.0	418.0	303.0	118.0	0.0	801.0	595.0	5.0	4.0	44.0	457.0	291.0	4984.0	401.0	54.0	691.0	1909.0	88.0	97.0	74.0	18.0	566.0	16.0	90.0	16.0	204.0	3.0	217.0	25.0	23.0	211.0	0.0	356.0	0.0	3.0	325.0	5.0	238.0	63.0	930.0	384.0	0.0	82.0	150.0	9.0	4808.0	1349.0	202.0	192.0	6.0	0.0	828.0	56.0	20.0	0.0	218.0	141.0	114.0	0.0	0.0	0.0	0.0	0.0	186.0	83.0	218.0	0.0	626.0	93.0	0.0	0.0	2.0	0.0	0.0	0.0	0.0	0.0	0.0	59.0	52.0	0.0	0.0	7.0	0.0	0.0	0.0	0.0	0.0	0.0	0.0	0.0	0.0	0.0	0.0	0.0	0.0	0.0	0.0	0.0	0.0	0.0	0.0	0.0	0.0	0.0	0.0	0.0	0.0	0.0	0.0	0.0	0.0	0.0	0.0	0.0	0.0	0.0	0.0	0.0	0.0	0.0
SRR20680673	8601.0	32082.0	5325.0	250.0	17498.0	7711.0	56.0	11843.0	18002.0	1636.0	996.0	57.0	10470.0	335.0	9011.0	0.0	3559.0	560.0	5529.0	1854.0	232.0	2229.0	1372.0	796.0	34.0	193.0	43.0	512.0	121.0	112.0	42.0	1180.0	21.0	633.0	493.0	427.0	112.0	0.0	484.0	774.0	33.0	0.0	101.0	583.0	293.0	6225.0	541.0	34.0	631.0	1584.0	104.0	88.0	175.0	24.0	792.0	24.0	94.0	0.0	313.0	3.0	237.0	32.0	35.0	395.0	0.0	647.0	0.0	0.0	437.0	9.0	312.0	58.0	1304.0	197.0	0.0	99.0	147.0	4.0	6866.0	389.0	260.0	344.0	0.0	0.0	1139.0	42.0	16.0	0.0	255.0	102.0	172.0	0.0	0.0	0.0	0.0	0.0	288.0	58.0	387.0	0.0	958.0	107.0	0.0	0.0	0.0	0.0	10.0	0.0	0.0	0.0	0.0	39.0	33.0	0.0	8.0	50.0	0.0	0.0	0.0	0.0	0.0	0.0	0.0	0.0	0.0	0.0	0.0	0.0	0.0	0.0	0.0	0.0	0.0	0.0	0.0	0.0	0.0	0.0	0.0	0.0	0.0	0.0	0.0	0.0	0.0	0.0	0.0	0.0	0.0	0.0	0.0	0.0	0.0	0.0
SRR20680674	6209.0	26810.0	4190.0	181.0	15711.0	6702.0	40.0	10146.0	16504.0	1290.0	868.0	21.0	13326.0	358.0	6978.0	0.0	2368.0	328.0	4103.0	1080.0	168.0	1598.0	975.0	774.0	39.0	180.0	121.0	559.0	80.0	83.0	38.0	773.0	12.0	488.0	385.0	301.0	82.0	0.0	1336.0	692.0	21.0	0.0	78.0	547.0	361.0	4806.0	423.0	11.0	770.0	1361.0	48.0	117.0	92.0	22.0	764.0	20.0	93.0	5.0	232.0	6.0	221.0	30.0	71.0	375.0	0.0	417.0	0.0	0.0	423.0	0.0	164.0	82.0	1345.0	132.0	0.0	70.0	140.0	0.0	6831.0	350.0	166.0	239.0	4.0	0.0	1094.0	10.0	6.0	0.0	162.0	71.0	112.0	0.0	0.0	0.0	0.0	0.0	197.0	89.0	314.0	0.0	717.0	162.0	0.0	0.0	0.0	0.0	20.0	0.0	0.0	0.0	0.0	40.0	33.0	0.0	0.0	29.0	0.0	0.0	0.0	0.0	0.0	0.0	0.0	0.0	0.0	0.0	0.0	0.0	0.0	0.0	0.0	0.0	0.0	0.0	0.0	0.0	0.0	0.0	0.0	0.0	0.0	0.0	0.0	0.0	0.0	0.0	0.0	0.0	0.0	0.0	0.0	0.0	0.0	0.0
SRR20680675	9809.0	39746.0	9644.0	172.0	26548.0	8902.0	68.0	9638.0	15215.0	1604.0	925.0	12.0	15723.0	255.0	11100.0	0.0	2864.0	843.0	5220.0	1500.0	164.0	1686.0	2355.0	1158.0	34.0	133.0	123.0	644.0	50.0	199.0	56.0	1471.0	12.0	832.0	516.0	392.0	126.0	0.0	1136.0	930.0	19.0	0.0	113.0	534.0	448.0	7512.0	454.0	55.0	728.0	2270.0	124.0	67.0	87.0	22.0	967.0	14.0	93.0	8.0	229.0	12.0	282.0	36.0	54.0	327.0	0.0	311.0	0.0	0.0	459.0	22.0	534.0	63.0	1477.0	314.0	0.0	47.0	282.0	9.0	8912.0	282.0	254.0	349.0	8.0	0.0	3800.0	25.0	20.0	0.0	293.0	86.0	201.0	0.0	0.0	0.0	0.0	0.0	322.0	142.0	371.0	0.0	733.0	146.0	0.0	0.0	0.0	0.0	24.0	0.0	0.0	0.0	0.0	40.0	38.0	0.0	0.0	41.0	0.0	0.0	0.0	0.0	0.0	0.0	0.0	0.0	0.0	0.0	0.0	0.0	0.0	0.0	0.0	0.0	0.0	0.0	0.0	0.0	0.0	0.0	0.0	0.0	0.0	0.0	0.0	0.0	0.0	0.0	0.0	2.0	0.0	0.0	0.0	0.0	0.0	0.0
SRR20680676	9307.0	34865.0	11243.0	280.0	23982.0	15491.0	1326.0	8535.0	11282.0	967.0	2349.0	118.0	18372.0	573.0	13964.0	9.0	2455.0	622.0	7156.0	672.0	8247.0	1454.0	6139.0	759.0	112.0	397.0	164.0	282.0	166.0	235.0	114.0	3150.0	162.0	515.0	561.0	2423.0	134.0	0.0	1185.0	1029.0	12.0	0.0	202.0	1020.0	417.0	9207.0	254.0	47.0	1398.0	3789.0	1275.0	572.0	309.0	702.0	2862.0	42.0	42.0	15.0	982.0	73.0	1309.0	48.0	31.0	301.0	3.0	18.0	0.0	479.0	4574.0	5.0	1706.0	24.0	904.0	1017.0	652.0	147.0	394.0	0.0	16119.0	506.0	271.0	319.0	66.0	0.0	9679.0	97.0	112.0	0.0	421.0	57.0	53.0	0.0	0.0	0.0	0.0	0.0	163.0	102.0	655.0	65.0	923.0	110.0	0.0	0.0	13.0	0.0	85.0	0.0	0.0	0.0	0.0	190.0	27.0	0.0	23.0	116.0	0.0	0.0	0.0	0.0	84.0	13.0	0.0	0.0	0.0	0.0	0.0	0.0	0.0	0.0	0.0	0.0	0.0	0.0	0.0	0.0	0.0	0.0	0.0	0.0	162.0	0.0	0.0	0.0	0.0	0.0	0.0	0.0	0.0	0.0	0.0	0.0	3.0	0.0
SRR20680702	1156.0	20555.0	8548.0	262.0	12300.0	4940.0	392.0	2348.0	2644.0	291.0	1360.0	0.0	9067.0	576.0	7500.0	0.0	472.0	548.0	1234.0	193.0	1797.0	240.0	2288.0	970.0	208.0	78.0	0.0	167.0	151.0	128.0	14.0	1134.0	50.0	21.0	279.0	1759.0	28.0	0.0	1006.0	462.0	40.0	0.0	52.0	786.0	275.0	5617.0	10.0	23.0	1568.0	459.0	837.0	390.0	0.0	205.0	494.0	93.0	46.0	0.0	54.0	76.0	268.0	102.0	46.0	81.0	0.0	40.0	0.0	0.0	3269.0	3.0	612.0	0.0	87.0	725.0	84.0	118.0	0.0	0.0	3622.0	445.0	96.0	91.0	129.0	0.0	2761.0	0.0	21.0	0.0	143.0	0.0	72.0	0.0	0.0	0.0	0.0	0.0	242.0	188.0	120.0	0.0	424.0	16.0	0.0	0.0	0.0	0.0	0.0	0.0	13.0	0.0	0.0	169.0	0.0	0.0	0.0	0.0	0.0	0.0	0.0	0.0	16.0	0.0	0.0	0.0	0.0	0.0	0.0	0.0	0.0	0.0	0.0	0.0	0.0	0.0	0.0	0.0	0.0	0.0	0.0	0.0	0.0	0.0	0.0	0.0	0.0	0.0	0.0	0.0	0.0	0.0	0.0	0.0	0.0	0.0
SRR20680710	4660.0	30212.0	7112.0	221.0	14831.0	13654.0	15.0	6385.0	8751.0	741.0	1851.0	70.0	29378.0	1084.0	7761.0	13.0	925.0	207.0	4740.0	297.0	948.0	1363.0	2295.0	1142.0	62.0	301.0	99.0	308.0	112.0	169.0	268.0	1724.0	79.0	218.0	451.0	972.0	60.0	0.0	1655.0	547.0	0.0	0.0	217.0	753.0	264.0	6274.0	248.0	11.0	451.0	1164.0	549.0	361.0	18.0	740.0	2257.0	22.0	4.0	4.0	534.0	11.0	864.0	8.0	0.0	195.0	0.0	0.0	0.0	0.0	3266.0	0.0	183.0	18.0	783.0	670.0	0.0	125.0	401.0	0.0	10860.0	120.0	11.0	350.0	19.0	0.0	11317.0	19.0	15.0	0.0	562.0	0.0	0.0	0.0	0.0	0.0	0.0	0.0	50.0	223.0	238.0	0.0	1306.0	47.0	0.0	0.0	0.0	0.0	0.0	0.0	0.0	0.0	0.0	117.0	0.0	0.0	0.0	83.0	0.0	0.0	0.0	0.0	0.0	0.0	0.0	0.0	0.0	0.0	0.0	0.0	0.0	0.0	0.0	0.0	0.0	0.0	0.0	0.0	0.0	0.0	0.0	0.0	0.0	0.0	0.0	0.0	0.0	0.0	0.0	0.0	0.0	0.0	0.0	0.0	0.0	0.0
SRR20680712	4703.0	21348.0	3083.0	237.0	10017.0	6530.0	10.0	6904.0	9452.0	810.0	1493.0	16.0	22266.0	702.0	5625.0	0.0	1214.0	142.0	3595.0	344.0	1035.0	1007.0	1756.0	271.0	66.0	306.0	137.0	120.0	67.0	34.0	91.0	879.0	81.0	130.0	209.0	838.0	76.0	0.0	775.0	477.0	0.0	0.0	112.0	1364.0	75.0	4477.0	273.0	0.0	466.0	594.0	457.0	385.0	47.0	573.0	2277.0	0.0	27.0	0.0	517.0	6.0	1046.0	22.0	0.0	196.0	0.0	10.0	0.0	0.0	4276.0	13.0	156.0	32.0	548.0	428.0	0.0	132.0	154.0	0.0	11188.0	115.0	34.0	229.0	0.0	0.0	1112.0	20.0	0.0	0.0	399.0	10.0	32.0	0.0	0.0	0.0	0.0	0.0	68.0	135.0	581.0	0.0	1115.0	56.0	0.0	0.0	4.0	0.0	0.0	0.0	0.0	0.0	0.0	71.0	15.0	0.0	28.0	64.0	0.0	0.0	0.0	0.0	0.0	0.0	0.0	0.0	0.0	0.0	0.0	0.0	0.0	0.0	0.0	0.0	0.0	0.0	0.0	0.0	0.0	0.0	0.0	0.0	0.0	0.0	0.0	0.0	0.0	0.0	0.0	0.0	0.0	0.0	3.0	0.0	0.0	0.0
SRR20680724	3060.0	19816.0	4347.0	86.0	9592.0	5114.0	8.0	3564.0	4982.0	458.0	592.0	32.0	6487.0	756.0	7630.0	16.0	1900.0	208.0	1157.0	136.0	717.0	940.0	3616.0	716.0	133.0	191.0	61.0	223.0	122.0	133.0	16.0	1239.0	83.0	216.0	168.0	1092.0	27.0	0.0	596.0	406.0	12.0	0.0	84.0	272.0	45.0	6825.0	112.0	0.0	413.0	1414.0	317.0	58.0	25.0	66.0	894.0	18.0	4.0	0.0	507.0	35.0	224.0	74.0	8.0	138.0	0.0	10.0	0.0	0.0	2098.0	5.0	241.0	25.0	178.0	373.0	9.0	31.0	39.0	0.0	4777.0	248.0	138.0	113.0	60.0	0.0	4739.0	49.0	35.0	0.0	248.0	0.0	28.0	0.0	0.0	0.0	0.0	0.0	78.0	88.0	161.0	5.0	274.0	21.0	0.0	0.0	0.0	0.0	41.0	0.0	0.0	0.0	0.0	96.0	0.0	0.0	0.0	21.0	0.0	0.0	0.0	0.0	0.0	0.0	0.0	0.0	0.0	0.0	0.0	0.0	0.0	0.0	0.0	0.0	0.0	0.0	0.0	0.0	0.0	0.0	0.0	0.0	0.0	0.0	0.0	0.0	0.0	0.0	0.0	0.0	0.0	0.0	0.0	0.0	0.0	0.0
SRR20680725	5894.0	27461.0	5235.0	312.0	12726.0	7285.0	9.0	6561.0	9516.0	655.0	1671.0	98.0	21897.0	819.0	9436.0	12.0	1863.0	268.0	3500.0	455.0	1288.0	1609.0	4142.0	888.0	153.0	361.0	222.0	254.0	134.0	120.0	118.0	1652.0	90.0	258.0	328.0	1035.0	35.0	0.0	632.0	623.0	0.0	0.0	393.0	1224.0	222.0	7867.0	201.0	30.0	411.0	1804.0	246.0	381.0	43.0	688.0	3256.0	32.0	27.0	0.0	656.0	20.0	719.0	84.0	11.0	208.0	0.0	0.0	0.0	0.0	5685.0	6.0	351.0	26.0	676.0	393.0	0.0	103.0	224.0	9.0	11963.0	243.0	124.0	184.0	24.0	0.0	3911.0	23.0	19.0	0.0	499.0	39.0	42.0	0.0	0.0	0.0	0.0	0.0	73.0	203.0	605.0	0.0	1031.0	77.0	0.0	0.0	10.0	0.0	35.0	0.0	0.0	0.0	0.0	156.0	41.0	0.0	52.0	65.0	0.0	0.0	0.0	0.0	0.0	0.0	0.0	0.0	0.0	0.0	0.0	0.0	0.0	0.0	0.0	0.0	0.0	0.0	0.0	0.0	0.0	0.0	0.0	0.0	0.0	0.0	0.0	0.0	0.0	0.0	0.0	0.0	0.0	0.0	0.0	0.0	0.0	0.0
SRR20680727	5425.0	27185.0	6975.0	220.0	13773.0	10563.0	10.0	6100.0	9483.0	651.0	1682.0	52.0	20985.0	631.0	9788.0	10.0	1474.0	185.0	4110.0	387.0	954.0	1320.0	3663.0	1366.0	272.0	343.0	171.0	238.0	161.0	202.0	133.0	2318.0	65.0	298.0	299.0	1067.0	45.0	0.0	947.0	473.0	4.0	0.0	292.0	940.0	177.0	6803.0	186.0	23.0	685.0	1711.0	420.0	266.0	75.0	636.0	2480.0	20.0	8.0	14.0	664.0	43.0	1125.0	56.0	9.0	238.0	0.0	33.0	0.0	0.0	6010.0	3.0	338.0	33.0	679.0	525.0	0.0	197.0	303.0	6.0	10775.0	254.0	51.0	216.0	103.0	0.0	9956.0	44.0	24.0	0.0	555.0	31.0	16.0	0.0	0.0	0.0	0.0	0.0	84.0	128.0	349.0	0.0	1156.0	60.0	0.0	0.0	0.0	0.0	27.0	0.0	0.0	0.0	0.0	108.0	39.0	0.0	22.0	49.0	0.0	0.0	0.0	0.0	0.0	0.0	0.0	0.0	0.0	0.0	0.0	0.0	0.0	0.0	0.0	0.0	0.0	0.0	0.0	0.0	0.0	0.0	0.0	0.0	0.0	0.0	0.0	0.0	0.0	0.0	0.0	0.0	0.0	0.0	0.0	0.0	0.0	0.0
SRR20680728	7144.0	33349.0	7617.0	215.0	16987.0	13085.0	23.0	9169.0	11913.0	1049.0	1890.0	58.0	26650.0	962.0	13537.0	15.0	2025.0	375.0	4926.0	395.0	1020.0	1875.0	4789.0	1903.0	140.0	522.0	159.0	255.0	293.0	154.0	73.0	2794.0	80.0	398.0	358.0	1261.0	37.0	0.0	911.0	909.0	0.0	0.0	342.0	804.0	155.0	8841.0	264.0	22.0	769.0	2996.0	516.0	256.0	71.0	721.0	3064.0	37.0	21.0	0.0	1021.0	42.0	1270.0	88.0	14.0	213.0	0.0	15.0	0.0	0.0	3952.0	35.0	486.0	56.0	808.0	567.0	0.0	238.0	213.0	0.0	16091.0	743.0	91.0	192.0	75.0	0.0	10842.0	67.0	0.0	0.0	816.0	4.0	33.0	0.0	0.0	0.0	0.0	0.0	165.0	166.0	408.0	6.0	1346.0	74.0	0.0	0.0	0.0	0.0	28.0	0.0	0.0	0.0	0.0	155.0	44.0	0.0	18.0	78.0	0.0	0.0	0.0	0.0	0.0	0.0	0.0	0.0	0.0	0.0	0.0	0.0	0.0	0.0	0.0	0.0	0.0	0.0	0.0	0.0	0.0	0.0	0.0	0.0	0.0	0.0	0.0	0.0	0.0	0.0	0.0	0.0	0.0	0.0	0.0	0.0	0.0	0.0
SRR20680730	6685.0	30541.0	5267.0	149.0	15928.0	13353.0	4.0	10961.0	12829.0	1151.0	2316.0	25.0	25672.0	871.0	10700.0	12.0	2207.0	282.0	4910.0	316.0	1261.0	2360.0	3694.0	886.0	107.0	683.0	152.0	215.0	208.0	47.0	162.0	1662.0	96.0	334.0	312.0	996.0	34.0	0.0	517.0	780.0	2.0	0.0	174.0	1367.0	179.0	8045.0	327.0	66.0	416.0	2080.0	227.0	266.0	76.0	887.0	4443.0	0.0	0.0	0.0	1015.0	14.0	1513.0	50.0	7.0	266.0	0.0	16.0	0.0	0.0	3415.0	24.0	241.0	17.0	850.0	445.0	0.0	134.0	148.0	0.0	12797.0	485.0	106.0	233.0	85.0	0.0	11718.0	73.0	15.0	0.0	1184.0	5.0	31.0	0.0	0.0	0.0	0.0	0.0	47.0	73.0	554.0	0.0	1555.0	98.0	0.0	0.0	0.0	0.0	8.0	0.0	0.0	0.0	0.0	59.0	22.0	0.0	68.0	45.0	0.0	0.0	0.0	0.0	0.0	0.0	0.0	0.0	0.0	0.0	0.0	0.0	0.0	0.0	0.0	0.0	0.0	0.0	0.0	0.0	0.0	0.0	0.0	0.0	0.0	0.0	0.0	0.0	0.0	0.0	0.0	0.0	0.0	0.0	0.0	0.0	0.0	0.0
SRR20680738	10448.0	34564.0	10492.0	222.0	23725.0	10604.0	77.0	9879.0	16824.0	1846.0	1115.0	130.0	13902.0	550.0	10404.0	0.0	2866.0	909.0	5421.0	1890.0	319.0	1852.0	2432.0	1168.0	63.0	216.0	145.0	651.0	134.0	183.0	52.0	1732.0	23.0	845.0	716.0	532.0	130.0	0.0	764.0	872.0	34.0	0.0	112.0	557.0	400.0	7950.0	496.0	0.0	731.0	2060.0	137.0	51.0	184.0	56.0	942.0	23.0	124.0	13.0	214.0	3.0	331.0	47.0	9.0	243.0	0.0	549.0	0.0	3.0	612.0	13.0	556.0	90.0	1240.0	331.0	0.0	59.0	199.0	0.0	7843.0	660.0	177.0	341.0	8.0	0.0	8412.0	47.0	133.0	0.0	294.0	111.0	249.0	0.0	0.0	0.0	0.0	0.0	326.0	121.0	284.0	0.0	1041.0	110.0	0.0	0.0	0.0	0.0	22.0	0.0	0.0	0.0	0.0	79.0	30.0	0.0	6.0	38.0	0.0	0.0	0.0	0.0	0.0	0.0	0.0	0.0	0.0	0.0	0.0	0.0	0.0	0.0	0.0	0.0	0.0	0.0	0.0	0.0	0.0	0.0	0.0	0.0	0.0	0.0	0.0	0.0	0.0	0.0	0.0	2.0	0.0	0.0	0.0	0.0	0.0	0.0
SRR20680739	9918.0	32581.0	11895.0	208.0	22052.0	11310.0	82.0	8812.0	14340.0	1639.0	995.0	143.0	13479.0	403.0	9747.0	0.0	2700.0	781.0	4598.0	1962.0	386.0	1539.0	2611.0	964.0	77.0	228.0	138.0	551.0	66.0	235.0	27.0	1406.0	67.0	609.0	690.0	526.0	156.0	0.0	903.0	678.0	10.0	0.0	135.0	547.0	511.0	7898.0	505.0	18.0	850.0	2133.0	111.0	100.0	138.0	13.0	1098.0	35.0	89.0	0.0	232.0	5.0	314.0	42.0	38.0	240.0	0.0	427.0	0.0	0.0	468.0	26.0	524.0	80.0	1192.0	328.0	0.0	73.0	288.0	7.0	7208.0	424.0	187.0	253.0	9.0	0.0	11419.0	39.0	40.0	3.0	234.0	93.0	210.0	0.0	0.0	0.0	0.0	0.0	295.0	121.0	422.0	0.0	940.0	68.0	0.0	0.0	0.0	5.0	29.0	0.0	0.0	0.0	0.0	37.0	45.0	0.0	5.0	72.0	0.0	0.0	0.0	0.0	0.0	0.0	0.0	0.0	0.0	0.0	0.0	0.0	0.0	0.0	0.0	0.0	0.0	0.0	0.0	0.0	0.0	0.0	0.0	0.0	0.0	0.0	0.0	0.0	0.0	0.0	0.0	0.0	0.0	0.0	0.0	0.0	0.0	0.0
SRR20680740	13430.0	42921.0	12608.0	255.0	29523.0	13787.0	74.0	13635.0	20670.0	2407.0	1335.0	132.0	16658.0	618.0	12832.0	0.0	3927.0	1236.0	6016.0	2535.0	378.0	2153.0	3150.0	1190.0	68.0	318.0	91.0	890.0	199.0	360.0	61.0	1905.0	19.0	1127.0	884.0	661.0	169.0	0.0	695.0	1097.0	43.0	0.0	84.0	798.0	616.0	10777.0	722.0	53.0	818.0	2090.0	141.0	108.0	200.0	24.0	1501.0	36.0	119.0	14.0	292.0	21.0	305.0	81.0	44.0	358.0	0.0	675.0	0.0	0.0	585.0	21.0	602.0	142.0	1438.0	407.0	0.0	180.0	281.0	14.0	10657.0	577.0	260.0	424.0	22.0	0.0	3659.0	55.0	63.0	0.0	349.0	135.0	245.0	0.0	0.0	0.0	0.0	0.0	472.0	143.0	464.0	0.0	957.0	159.0	0.0	0.0	0.0	0.0	53.0	0.0	0.0	0.0	0.0	78.0	75.0	0.0	0.0	125.0	0.0	0.0	0.0	0.0	0.0	0.0	0.0	0.0	0.0	0.0	0.0	0.0	0.0	0.0	0.0	0.0	0.0	0.0	0.0	0.0	0.0	0.0	0.0	0.0	0.0	0.0	0.0	0.0	0.0	0.0	0.0	0.0	0.0	0.0	0.0	0.0	0.0	0.0
SRR20680741	6681.0	26176.0	7390.0	140.0	16074.0	9215.0	33.0	6853.0	13622.0	1242.0	803.0	61.0	13909.0	316.0	7190.0	0.0	1691.0	639.0	4034.0	974.0	240.0	1497.0	1537.0	700.0	14.0	86.0	72.0	507.0	117.0	171.0	6.0	1065.0	26.0	561.0	430.0	440.0	102.0	0.0	459.0	622.0	14.0	3.0	54.0	468.0	362.0	6162.0	400.0	39.0	739.0	1094.0	61.0	61.0	45.0	27.0	668.0	13.0	90.0	3.0	162.0	4.0	146.0	32.0	22.0	270.0	0.0	333.0	0.0	0.0	292.0	9.0	424.0	81.0	1168.0	466.0	0.0	90.0	174.0	0.0	4950.0	712.0	140.0	191.0	11.0	0.0	2613.0	27.0	45.0	0.0	227.0	76.0	155.0	0.0	0.0	0.0	0.0	0.0	140.0	99.0	280.0	0.0	681.0	40.0	0.0	0.0	7.0	0.0	8.0	0.0	0.0	0.0	0.0	21.0	45.0	0.0	0.0	56.0	6.0	0.0	0.0	0.0	0.0	0.0	0.0	0.0	0.0	0.0	0.0	0.0	0.0	0.0	0.0	0.0	0.0	0.0	0.0	0.0	0.0	0.0	0.0	0.0	0.0	0.0	0.0	0.0	0.0	0.0	0.0	0.0	0.0	0.0	0.0	0.0	0.0	0.0
SRR20680742	11801.0	30618.0	10436.0	205.0	21759.0	13100.0	67.0	8835.0	15442.0	1950.0	1346.0	110.0	13434.0	313.0	10621.0	0.0	2427.0	820.0	4550.0	2371.0	378.0	1788.0	2174.0	980.0	38.0	133.0	140.0	652.0	121.0	174.0	41.0	1765.0	17.0	803.0	673.0	582.0	171.0	0.0	885.0	1163.0	14.0	0.0	138.0	601.0	508.0	7724.0	572.0	34.0	770.0	1649.0	59.0	82.0	99.0	23.0	1046.0	35.0	144.0	0.0	267.0	9.0	335.0	46.0	45.0	310.0	0.0	437.0	5.0	0.0	402.0	20.0	805.0	101.0	1285.0	363.0	0.0	115.0	174.0	4.0	8059.0	434.0	188.0	330.0	8.0	0.0	3347.0	78.0	53.0	0.0	273.0	157.0	243.0	0.0	0.0	0.0	0.0	0.0	383.0	106.0	473.0	0.0	1258.0	109.0	0.0	0.0	0.0	0.0	19.0	0.0	0.0	0.0	0.0	7.0	48.0	0.0	4.0	71.0	0.0	0.0	0.0	0.0	0.0	0.0	0.0	0.0	0.0	0.0	0.0	0.0	0.0	0.0	0.0	0.0	0.0	0.0	0.0	0.0	0.0	0.0	0.0	0.0	0.0	0.0	0.0	0.0	0.0	0.0	0.0	0.0	0.0	0.0	0.0	0.0	0.0	0.0
SRR20680744	2898.0	21403.0	3661.0	140.0	9621.0	10858.0	21.0	5519.0	6983.0	593.0	1634.0	10.0	19050.0	863.0	5906.0	0.0	856.0	137.0	3435.0	311.0	871.0	967.0	1980.0	427.0	147.0	200.0	85.0	188.0	11.0	81.0	152.0	889.0	0.0	58.0	205.0	773.0	38.0	0.0	583.0	490.0	0.0	0.0	43.0	765.0	94.0	4845.0	233.0	40.0	338.0	684.0	161.0	260.0	70.0	457.0	1847.0	26.0	11.0	0.0	448.0	3.0	717.0	22.0	0.0	196.0	0.0	8.0	0.0	0.0	2574.0	0.0	19.0	25.0	538.0	222.0	0.0	102.0	192.0	0.0	6996.0	69.0	5.0	160.0	10.0	0.0	4443.0	13.0	2.0	0.0	504.0	0.0	33.0	0.0	0.0	0.0	0.0	0.0	0.0	85.0	141.0	0.0	1173.0	50.0	0.0	0.0	0.0	0.0	0.0	0.0	0.0	0.0	0.0	90.0	0.0	0.0	0.0	25.0	0.0	0.0	0.0	0.0	0.0	0.0	0.0	0.0	0.0	0.0	0.0	0.0	0.0	0.0	0.0	0.0	0.0	0.0	0.0	0.0	0.0	0.0	0.0	0.0	0.0	0.0	0.0	0.0	0.0	0.0	0.0	0.0	0.0	0.0	0.0	0.0	0.0	0.0
SRR20680748	6901.0	38271.0	7968.0	234.0	18812.0	18980.0	12.0	12833.0	15995.0	1376.0	2690.0	123.0	32795.0	1707.0	14075.0	13.0	2616.0	454.0	6201.0	322.0	1936.0	3171.0	5650.0	1583.0	137.0	818.0	202.0	363.0	104.0	136.0	89.0	2882.0	114.0	441.0	328.0	1580.0	38.0	0.0	727.0	789.0	2.0	0.0	183.0	1296.0	300.0	11755.0	311.0	52.0	526.0	3455.0	291.0	340.0	108.0	1073.0	3523.0	6.0	36.0	13.0	914.0	15.0	2097.0	48.0	4.0	309.0	0.0	17.0	0.0	0.0	4602.0	3.0	200.0	28.0	1292.0	918.0	5.0	208.0	386.0	19.0	19843.0	223.0	100.0	272.0	49.0	0.0	25373.0	30.0	67.0	0.0	1200.0	2.0	66.0	0.0	0.0	0.0	0.0	0.0	76.0	109.0	651.0	0.0	1484.0	144.0	0.0	0.0	10.0	0.0	34.0	0.0	0.0	0.0	0.0	180.0	66.0	0.0	139.0	29.0	0.0	0.0	0.0	0.0	0.0	0.0	0.0	0.0	0.0	0.0	0.0	0.0	0.0	0.0	0.0	0.0	0.0	0.0	0.0	0.0	0.0	0.0	0.0	0.0	0.0	0.0	0.0	0.0	0.0	0.0	0.0	0.0	0.0	0.0	0.0	0.0	0.0	0.0
SRR20680750	11173.0	36538.0	12702.0	229.0	24655.0	12767.0	61.0	8969.0	16931.0	2280.0	1176.0	85.0	13606.0	356.0	11960.0	0.0	2112.0	1010.0	4991.0	2638.0	261.0	1795.0	2767.0	1277.0	39.0	120.0	131.0	921.0	25.0	217.0	33.0	1590.0	27.0	950.0	610.0	569.0	110.0	0.0	979.0	966.0	15.0	0.0	91.0	598.0	527.0	8354.0	669.0	68.0	664.0	2370.0	117.0	24.0	82.0	76.0	810.0	0.0	39.0	48.0	173.0	21.0	270.0	82.0	65.0	307.0	0.0	305.0	0.0	2.0	472.0	3.0	495.0	76.0	1649.0	404.0	0.0	99.0	223.0	5.0	9299.0	643.0	245.0	367.0	18.0	0.0	3326.0	35.0	47.0	0.0	210.0	107.0	138.0	0.0	0.0	0.0	0.0	0.0	270.0	156.0	400.0	0.0	964.0	110.0	0.0	0.0	8.0	0.0	12.0	0.0	0.0	0.0	0.0	50.0	63.0	0.0	0.0	29.0	0.0	0.0	0.0	0.0	0.0	0.0	0.0	0.0	0.0	0.0	0.0	0.0	0.0	0.0	0.0	0.0	0.0	0.0	0.0	0.0	0.0	0.0	0.0	0.0	0.0	0.0	0.0	0.0	0.0	0.0	0.0	9.0	0.0	0.0	0.0	0.0	0.0	0.0
SRR20680751	9575.0	30608.0	10473.0	215.0	20482.0	12051.0	67.0	7505.0	14391.0	1574.0	895.0	86.0	13091.0	381.0	11262.0	0.0	2049.0	909.0	5755.0	2054.0	234.0	1076.0	2219.0	698.0	27.0	238.0	133.0	695.0	200.0	173.0	59.0	1532.0	19.0	834.0	675.0	424.0	90.0	0.0	847.0	882.0	20.0	0.0	45.0	529.0	479.0	6908.0	669.0	10.0	668.0	1558.0	99.0	64.0	137.0	23.0	866.0	26.0	73.0	9.0	186.0	5.0	186.0	43.0	61.0	272.0	0.0	296.0	0.0	0.0	369.0	8.0	497.0	106.0	1131.0	420.0	3.0	90.0	184.0	6.0	7282.0	463.0	188.0	305.0	15.0	0.0	4743.0	53.0	41.0	0.0	281.0	64.0	178.0	0.0	0.0	0.0	0.0	0.0	352.0	168.0	313.0	0.0	788.0	81.0	0.0	0.0	0.0	0.0	5.0	0.0	0.0	0.0	0.0	62.0	47.0	0.0	0.0	69.0	7.0	0.0	0.0	0.0	0.0	0.0	0.0	0.0	0.0	0.0	0.0	0.0	0.0	0.0	0.0	0.0	0.0	0.0	0.0	0.0	0.0	0.0	0.0	0.0	0.0	0.0	0.0	0.0	0.0	0.0	0.0	0.0	0.0	0.0	0.0	0.0	0.0	0.0
SRR20680752	6359.0	19674.0	6788.0	116.0	15389.0	8334.0	36.0	4939.0	9968.0	1287.0	745.0	50.0	12638.0	277.0	6388.0	0.0	1119.0	500.0	4264.0	1247.0	171.0	845.0	1481.0	524.0	16.0	84.0	112.0	523.0	39.0	147.0	8.0	927.0	27.0	391.0	422.0	341.0	72.0	0.0	617.0	645.0	0.0	0.0	15.0	369.0	412.0	4493.0	474.0	4.0	590.0	897.0	56.0	65.0	64.0	15.0	584.0	14.0	89.0	59.0	116.0	3.0	145.0	22.0	45.0	179.0	0.0	190.0	0.0	0.0	333.0	9.0	253.0	66.0	979.0	218.0	0.0	86.0	161.0	8.0	4876.0	346.0	132.0	260.0	9.0	0.0	1494.0	20.0	9.0	0.0	168.0	58.0	116.0	0.0	0.0	0.0	0.0	0.0	214.0	82.0	259.0	0.0	576.0	45.0	0.0	0.0	0.0	0.0	4.0	0.0	0.0	0.0	0.0	35.0	23.0	0.0	6.0	13.0	0.0	0.0	0.0	0.0	0.0	0.0	0.0	0.0	0.0	0.0	0.0	0.0	0.0	0.0	0.0	0.0	0.0	0.0	0.0	0.0	0.0	0.0	0.0	0.0	0.0	0.0	0.0	0.0	0.0	0.0	0.0	0.0	4.0	0.0	0.0	0.0	0.0	0.0
SRR20680753	3822.0	23057.0	7921.0	194.0	15951.0	9406.0	18.0	9047.0	10225.0	797.0	1993.0	79.0	27033.0	1093.0	11783.0	0.0	1774.0	288.0	3246.0	180.0	943.0	2434.0	3053.0	569.0	114.0	309.0	131.0	171.0	15.0	69.0	19.0	1672.0	46.0	290.0	364.0	832.0	49.0	0.0	568.0	563.0	0.0	2.0	244.0	1241.0	217.0	7633.0	257.0	19.0	546.0	1690.0	372.0	253.0	165.0	396.0	1851.0	23.0	14.0	29.0	827.0	7.0	585.0	43.0	0.0	309.0	0.0	0.0	0.0	7.0	3388.0	11.0	322.0	0.0	255.0	861.0	0.0	138.0	197.0	0.0	8885.0	209.0	30.0	290.0	68.0	0.0	11505.0	4.0	21.0	0.0	763.0	5.0	30.0	0.0	0.0	0.0	0.0	0.0	38.0	177.0	96.0	0.0	887.0	59.0	0.0	0.0	0.0	0.0	0.0	0.0	0.0	0.0	0.0	77.0	23.0	0.0	28.0	42.0	0.0	0.0	0.0	0.0	0.0	0.0	0.0	0.0	0.0	0.0	0.0	0.0	0.0	0.0	0.0	0.0	0.0	0.0	0.0	0.0	0.0	0.0	0.0	0.0	0.0	0.0	0.0	0.0	0.0	0.0	0.0	0.0	0.0	0.0	0.0	0.0	0.0	0.0
SRR20680754	3956.0	25396.0	11777.0	160.0	32656.0	6059.0	447.0	2850.0	14379.0	635.0	396.0	130.0	19496.0	208.0	5948.0	0.0	603.0	341.0	5256.0	624.0	99.0	653.0	918.0	363.0	20.0	96.0	453.0	308.0	46.0	100.0	0.0	716.0	21.0	432.0	273.0	149.0	59.0	0.0	640.0	363.0	12.0	0.0	19.0	172.0	209.0	3207.0	244.0	10.0	310.0	1337.0	47.0	11.0	38.0	0.0	344.0	9.0	15.0	12.0	58.0	3.0	129.0	12.0	8.0	94.0	0.0	113.0	0.0	4.0	159.0	0.0	122.0	20.0	411.0	203.0	0.0	36.0	145.0	0.0	3078.0	3956.0	103.0	81.0	11.0	0.0	2408.0	11.0	28.0	0.0	137.0	34.0	40.0	0.0	0.0	0.0	0.0	0.0	105.0	193.0	124.0	0.0	314.0	11.0	0.0	0.0	0.0	0.0	3.0	0.0	0.0	0.0	0.0	13.0	27.0	0.0	5.0	14.0	0.0	0.0	0.0	0.0	0.0	0.0	0.0	0.0	0.0	0.0	0.0	0.0	0.0	0.0	0.0	0.0	0.0	0.0	0.0	0.0	0.0	0.0	0.0	0.0	0.0	0.0	0.0	0.0	0.0	0.0	0.0	0.0	0.0	0.0	0.0	0.0	0.0	0.0
SRR20680755	10392.0	34783.0	10168.0	232.0	27569.0	17751.0	64.0	9942.0	20702.0	2362.0	1388.0	113.0	22529.0	564.0	9978.0	0.0	2345.0	1142.0	8928.0	2133.0	442.0	2174.0	2321.0	1012.0	37.0	317.0	118.0	896.0	74.0	172.0	47.0	1655.0	96.0	762.0	632.0	573.0	137.0	0.0	797.0	1110.0	16.0	5.0	78.0	731.0	702.0	8404.0	701.0	36.0	744.0	1264.0	112.0	134.0	97.0	64.0	1005.0	22.0	172.0	4.0	150.0	6.0	261.0	39.0	45.0	361.0	0.0	362.0	4.0	0.0	449.0	2.0	395.0	84.0	1607.0	419.0	0.0	108.0	324.0	18.0	8349.0	340.0	167.0	282.0	2.0	4.0	4827.0	32.0	42.0	0.0	316.0	133.0	165.0	0.0	0.0	0.0	0.0	0.0	220.0	106.0	464.0	0.0	892.0	120.0	0.0	0.0	0.0	0.0	4.0	0.0	0.0	0.0	0.0	67.0	60.0	0.0	14.0	70.0	0.0	0.0	0.0	0.0	0.0	0.0	0.0	0.0	0.0	0.0	0.0	0.0	0.0	0.0	0.0	0.0	0.0	0.0	0.0	0.0	0.0	0.0	0.0	0.0	0.0	0.0	0.0	0.0	0.0	0.0	0.0	6.0	0.0	0.0	0.0	0.0	0.0	0.0
SRR20680757	3272.0	25080.0	7288.0	178.0	12205.0	8255.0	0.0	5804.0	9493.0	863.0	1240.0	29.0	19897.0	949.0	6401.0	7.0	943.0	337.0	3688.0	277.0	737.0	834.0	2203.0	987.0	220.0	189.0	93.0	138.0	64.0	89.0	101.0	1082.0	126.0	50.0	363.0	1018.0	45.0	0.0	812.0	372.0	4.0	0.0	233.0	768.0	100.0	5800.0	275.0	0.0	630.0	1036.0	509.0	278.0	0.0	499.0	1472.0	0.0	37.0	11.0	445.0	0.0	571.0	69.0	10.0	78.0	0.0	0.0	0.0	0.0	4001.0	5.0	373.0	9.0	429.0	538.0	0.0	99.0	277.0	0.0	8782.0	95.0	0.0	238.0	114.0	0.0	10170.0	0.0	25.0	0.0	515.0	7.0	59.0	0.0	0.0	0.0	0.0	0.0	113.0	118.0	180.0	0.0	813.0	60.0	0.0	0.0	0.0	0.0	22.0	0.0	0.0	0.0	0.0	113.0	0.0	0.0	16.0	35.0	9.0	0.0	0.0	0.0	0.0	0.0	0.0	0.0	0.0	0.0	0.0	0.0	0.0	0.0	0.0	0.0	0.0	0.0	0.0	0.0	0.0	0.0	0.0	0.0	0.0	0.0	0.0	0.0	0.0	0.0	0.0	0.0	0.0	0.0	0.0	0.0	0.0	0.0
SRR20680764	3191.0	19843.0	2492.0	73.0	9418.0	8486.0	11.0	7485.0	9164.0	985.0	1311.0	25.0	18222.0	687.0	6760.0	0.0	1480.0	117.0	4032.0	131.0	907.0	1510.0	2539.0	1056.0	26.0	343.0	113.0	131.0	81.0	57.0	70.0	1002.0	41.0	147.0	130.0	758.0	16.0	0.0	232.0	385.0	0.0	0.0	47.0	875.0	125.0	5734.0	173.0	9.0	106.0	1137.0	80.0	87.0	106.0	627.0	2067.0	8.0	9.0	0.0	466.0	0.0	896.0	36.0	0.0	217.0	0.0	0.0	0.0	0.0	1887.0	3.0	78.0	23.0	422.0	334.0	0.0	93.0	58.0	0.0	8458.0	24.0	105.0	43.0	8.0	0.0	18042.0	12.0	5.0	0.0	528.0	0.0	17.0	0.0	0.0	0.0	0.0	0.0	32.0	5.0	320.0	0.0	775.0	63.0	0.0	0.0	5.0	0.0	17.0	0.0	0.0	0.0	0.0	80.0	38.0	0.0	0.0	16.0	0.0	0.0	0.0	0.0	0.0	0.0	0.0	0.0	0.0	0.0	0.0	0.0	0.0	0.0	0.0	0.0	0.0	0.0	0.0	0.0	0.0	0.0	0.0	0.0	0.0	0.0	0.0	0.0	0.0	3.0	0.0	0.0	0.0	0.0	0.0	0.0	0.0	0.0
SRR20680767	6124.0	23745.0	4309.0	188.0	15943.0	8632.0	50.0	7464.0	13798.0	1323.0	714.0	78.0	14034.0	349.0	5620.0	0.0	1417.0	510.0	5621.0	1254.0	196.0	1262.0	1026.0	583.0	21.0	119.0	91.0	518.0	103.0	86.0	11.0	876.0	30.0	575.0	415.0	247.0	102.0	0.0	627.0	958.0	0.0	0.0	28.0	488.0	412.0	4588.0	545.0	29.0	367.0	1172.0	70.0	67.0	83.0	31.0	553.0	19.0	89.0	15.0	152.0	9.0	152.0	25.0	29.0	320.0	0.0	241.0	2.0	0.0	313.0	3.0	130.0	72.0	1247.0	199.0	2.0	89.0	168.0	0.0	6188.0	189.0	105.0	286.0	0.0	0.0	1889.0	9.0	25.0	0.0	189.0	65.0	88.0	0.0	0.0	0.0	0.0	0.0	115.0	68.0	314.0	0.0	583.0	92.0	0.0	0.0	0.0	0.0	15.0	0.0	0.0	0.0	0.0	46.0	27.0	0.0	3.0	7.0	0.0	0.0	0.0	0.0	0.0	0.0	0.0	0.0	0.0	0.0	0.0	0.0	0.0	0.0	0.0	0.0	0.0	0.0	0.0	0.0	0.0	0.0	0.0	0.0	0.0	0.0	0.0	0.0	0.0	0.0	0.0	0.0	0.0	0.0	0.0	0.0	0.0	0.0
SRR20680769	10430.0	32130.0	6195.0	238.0	20285.0	10144.0	53.0	12026.0	20061.0	1669.0	1107.0	53.0	16704.0	486.0	7578.0	0.0	2536.0	609.0	5750.0	1725.0	399.0	2100.0	1724.0	822.0	25.0	283.0	163.0	590.0	76.0	184.0	56.0	1017.0	22.0	998.0	615.0	366.0	185.0	0.0	815.0	1048.0	14.0	4.0	64.0	781.0	521.0	6901.0	726.0	22.0	442.0	1386.0	112.0	139.0	121.0	40.0	927.0	17.0	115.0	5.0	258.0	9.0	359.0	32.0	59.0	469.0	0.0	403.0	3.0	3.0	296.0	6.0	219.0	96.0	1997.0	234.0	0.0	130.0	130.0	0.0	9555.0	300.0	130.0	347.0	10.0	0.0	2496.0	19.0	13.0	0.0	241.0	112.0	122.0	0.0	0.0	0.0	0.0	0.0	245.0	104.0	634.0	0.0	626.0	49.0	0.0	0.0	0.0	0.0	15.0	0.0	0.0	0.0	0.0	60.0	47.0	0.0	3.0	31.0	0.0	0.0	0.0	0.0	0.0	0.0	0.0	0.0	0.0	0.0	0.0	0.0	0.0	0.0	0.0	0.0	0.0	0.0	0.0	0.0	0.0	0.0	0.0	0.0	0.0	0.0	0.0	0.0	0.0	0.0	0.0	0.0	0.0	0.0	0.0	0.0	0.0	0.0
SRR20680770	10689.0	38024.0	8175.0	205.0	26094.0	9900.0	46.0	13340.0	22825.0	1868.0	941.0	49.0	16955.0	731.0	9721.0	0.0	2701.0	676.0	4823.0	2060.0	412.0	2216.0	1524.0	589.0	41.0	229.0	467.0	676.0	143.0	180.0	52.0	980.0	43.0	784.0	706.0	396.0	261.0	0.0	894.0	1102.0	16.0	0.0	37.0	639.0	510.0	7639.0	717.0	44.0	495.0	1750.0	54.0	219.0	149.0	67.0	1029.0	27.0	120.0	21.0	234.0	0.0	314.0	48.0	66.0	641.0	0.0	481.0	0.0	0.0	282.0	7.0	268.0	115.0	1491.0	389.0	0.0	132.0	62.0	7.0	8767.0	655.0	200.0	297.0	3.0	0.0	1526.0	15.0	23.0	5.0	165.0	92.0	125.0	0.0	0.0	0.0	0.0	0.0	263.0	139.0	458.0	0.0	622.0	144.0	0.0	0.0	0.0	0.0	28.0	0.0	0.0	0.0	0.0	60.0	51.0	0.0	0.0	38.0	0.0	0.0	0.0	0.0	0.0	0.0	0.0	0.0	0.0	0.0	0.0	0.0	0.0	0.0	0.0	0.0	0.0	0.0	0.0	0.0	0.0	0.0	0.0	0.0	0.0	0.0	0.0	0.0	0.0	0.0	0.0	0.0	0.0	0.0	0.0	0.0	0.0	0.0
SRR20680771	9249.0	35296.0	6924.0	219.0	22934.0	9439.0	54.0	10851.0	17633.0	1654.0	1039.0	60.0	16942.0	395.0	8408.0	0.0	2558.0	629.0	3994.0	1784.0	404.0	2124.0	1474.0	748.0	34.0	230.0	99.0	634.0	69.0	211.0	20.0	1224.0	34.0	780.0	471.0	338.0	148.0	0.0	963.0	1028.0	0.0	0.0	68.0	541.0	432.0	7253.0	672.0	20.0	518.0	1627.0	118.0	102.0	137.0	62.0	806.0	20.0	150.0	7.0	227.0	5.0	237.0	26.0	57.0	522.0	0.0	368.0	0.0	0.0	291.0	6.0	247.0	129.0	1942.0	364.0	0.0	89.0	138.0	5.0	8459.0	650.0	105.0	258.0	9.0	0.0	1887.0	14.0	28.0	0.0	196.0	80.0	155.0	0.0	0.0	0.0	0.0	0.0	215.0	105.0	396.0	2.0	654.0	93.0	0.0	2.0	0.0	0.0	22.0	0.0	0.0	0.0	0.0	61.0	45.0	0.0	0.0	42.0	0.0	0.0	0.0	0.0	0.0	0.0	0.0	0.0	0.0	0.0	0.0	0.0	0.0	0.0	0.0	0.0	0.0	0.0	0.0	0.0	0.0	0.0	0.0	0.0	0.0	0.0	0.0	0.0	0.0	0.0	0.0	0.0	0.0	0.0	0.0	0.0	0.0	0.0
SRR20680772	2574.0	14825.0	3606.0	127.0	8493.0	6629.0	0.0	3577.0	5073.0	586.0	1426.0	10.0	16993.0	348.0	5071.0	0.0	541.0	195.0	3136.0	170.0	493.0	505.0	1560.0	446.0	3.0	188.0	132.0	121.0	0.0	81.0	59.0	888.0	34.0	106.0	252.0	454.0	42.0	0.0	357.0	238.0	0.0	0.0	34.0	431.0	103.0	3379.0	178.0	12.0	309.0	614.0	166.0	153.0	66.0	445.0	1119.0	11.0	9.0	0.0	205.0	2.0	492.0	29.0	0.0	64.0	0.0	9.0	0.0	0.0	2865.0	0.0	32.0	10.0	333.0	263.0	0.0	44.0	289.0	20.0	5696.0	58.0	14.0	172.0	0.0	0.0	7010.0	11.0	0.0	0.0	328.0	0.0	17.0	0.0	0.0	0.0	0.0	0.0	15.0	66.0	144.0	0.0	606.0	20.0	0.0	0.0	0.0	0.0	0.0	0.0	0.0	0.0	0.0	44.0	0.0	0.0	14.0	19.0	0.0	0.0	0.0	0.0	0.0	0.0	0.0	0.0	0.0	0.0	0.0	0.0	0.0	0.0	0.0	0.0	0.0	0.0	0.0	0.0	0.0	0.0	0.0	0.0	0.0	0.0	0.0	0.0	0.0	0.0	0.0	0.0	0.0	0.0	6.0	0.0	0.0	0.0
SRR16953348	101.0	2976.0	5447.0	0.0	5091.0	35.0	0.0	15.0	324.0	0.0	0.0	0.0	305.0	0.0	1286.0	0.0	0.0	25.0	33.0	7.0	0.0	474.0	124.0	0.0	6.0	9.0	0.0	120.0	0.0	0.0	0.0	0.0	0.0	8.0	9.0	66.0	0.0	0.0	0.0	78.0	0.0	0.0	110.0	0.0	18.0	72.0	0.0	0.0	0.0	16.0	0.0	0.0	0.0	0.0	0.0	0.0	0.0	80.0	0.0	0.0	0.0	0.0	0.0	0.0	0.0	0.0	0.0	0.0	687.0	4.0	0.0	0.0	0.0	9.0	0.0	0.0	0.0	17.0	168.0	0.0	0.0	26.0	0.0	0.0	43.0	11.0	0.0	0.0	0.0	0.0	0.0	0.0	0.0	0.0	0.0	0.0	0.0	0.0	0.0	0.0	0.0	0.0	0.0	0.0	0.0	0.0	0.0	0.0	0.0	0.0	0.0	0.0	0.0	0.0	0.0	0.0	0.0	0.0	0.0	0.0	0.0	0.0	0.0	0.0	0.0	0.0	0.0	0.0	0.0	0.0	0.0	0.0	0.0	0.0	0.0	0.0	0.0	0.0	0.0	0.0	0.0	0.0	0.0	0.0	0.0	0.0	0.0	0.0	0.0	0.0	0.0	0.0	0.0	0.0
SRR16953349	169.0	5832.0	3157.0	0.0	6411.0	25.0	0.0	32.0	2899.0	8.0	0.0	29.0	216.0	0.0	2756.0	0.0	0.0	38.0	226.0	214.0	0.0	70.0	43.0	0.0	57.0	76.0	0.0	40.0	0.0	0.0	0.0	33.0	0.0	0.0	0.0	0.0	0.0	0.0	13.0	28.0	0.0	0.0	112.0	0.0	13.0	8.0	0.0	0.0	0.0	0.0	0.0	0.0	0.0	0.0	0.0	0.0	0.0	4475.0	0.0	2.0	0.0	0.0	0.0	0.0	0.0	0.0	0.0	0.0	68.0	81.0	3.0	0.0	7.0	0.0	0.0	0.0	16.0	150.0	115.0	0.0	0.0	21.0	0.0	0.0	0.0	0.0	0.0	0.0	0.0	0.0	0.0	0.0	0.0	0.0	0.0	0.0	0.0	0.0	0.0	0.0	0.0	0.0	0.0	0.0	0.0	0.0	0.0	0.0	0.0	0.0	0.0	0.0	0.0	0.0	0.0	0.0	0.0	0.0	0.0	0.0	0.0	0.0	0.0	0.0	0.0	0.0	0.0	0.0	0.0	0.0	0.0	0.0	0.0	0.0	0.0	0.0	0.0	0.0	0.0	0.0	0.0	0.0	0.0	0.0	0.0	0.0	0.0	0.0	0.0	0.0	0.0	0.0	0.0	0.0
SRR16953350	104.0	2654.0	1607.0	0.0	2890.0	11.0	0.0	15.0	1164.0	0.0	0.0	18.0	189.0	0.0	2411.0	0.0	0.0	0.0	25.0	178.0	0.0	49.0	0.0	10.0	15.0	98.0	17.0	43.0	0.0	0.0	0.0	9.0	0.0	0.0	0.0	22.0	0.0	0.0	30.0	10.0	0.0	0.0	50.0	0.0	74.0	61.0	0.0	0.0	0.0	0.0	0.0	0.0	0.0	0.0	0.0	0.0	0.0	1064.0	0.0	0.0	0.0	0.0	0.0	0.0	0.0	0.0	0.0	0.0	38.0	191.0	0.0	0.0	0.0	0.0	0.0	0.0	0.0	47.0	7.0	0.0	10.0	9.0	0.0	0.0	0.0	0.0	0.0	0.0	0.0	0.0	0.0	0.0	0.0	0.0	0.0	0.0	0.0	0.0	0.0	0.0	0.0	0.0	0.0	0.0	0.0	0.0	0.0	0.0	0.0	0.0	0.0	0.0	0.0	0.0	0.0	0.0	0.0	0.0	0.0	0.0	0.0	0.0	0.0	0.0	0.0	0.0	0.0	0.0	0.0	0.0	0.0	0.0	0.0	0.0	0.0	0.0	0.0	0.0	0.0	0.0	0.0	0.0	0.0	0.0	0.0	0.0	0.0	0.0	0.0	0.0	0.0	0.0	0.0	0.0
SRR16953351	72.0	2122.0	1582.0	0.0	4344.0	16.0	0.0	54.0	3048.0	0.0	0.0	13.0	191.0	0.0	1672.0	0.0	11.0	0.0	33.0	178.0	0.0	43.0	21.0	0.0	23.0	64.0	0.0	151.0	0.0	0.0	0.0	3.0	0.0	0.0	0.0	0.0	0.0	0.0	19.0	5.0	0.0	0.0	92.0	0.0	0.0	59.0	0.0	0.0	0.0	0.0	0.0	0.0	0.0	0.0	0.0	0.0	0.0	720.0	0.0	0.0	6.0	0.0	0.0	2.0	0.0	0.0	0.0	0.0	33.0	370.0	0.0	4.0	0.0	0.0	0.0	0.0	0.0	65.0	30.0	0.0	0.0	0.0	0.0	0.0	0.0	0.0	0.0	0.0	0.0	0.0	0.0	0.0	0.0	0.0	0.0	0.0	0.0	0.0	0.0	0.0	0.0	0.0	0.0	0.0	0.0	0.0	0.0	0.0	0.0	0.0	0.0	0.0	0.0	0.0	0.0	0.0	0.0	0.0	0.0	0.0	0.0	0.0	0.0	0.0	0.0	0.0	0.0	0.0	0.0	0.0	0.0	0.0	0.0	0.0	0.0	0.0	0.0	0.0	0.0	0.0	0.0	0.0	0.0	0.0	0.0	0.0	0.0	0.0	0.0	0.0	0.0	0.0	0.0	0.0
SRR16953352	127.0	15226.0	11698.0	0.0	12624.0	111.0	0.0	197.0	3943.0	64.0	0.0	8.0	588.0	0.0	6085.0	0.0	30.0	121.0	320.0	386.0	0.0	201.0	196.0	0.0	59.0	41.0	45.0	78.0	0.0	0.0	0.0	146.0	0.0	8.0	4.0	40.0	0.0	0.0	32.0	249.0	0.0	0.0	1377.0	0.0	51.0	131.0	0.0	0.0	0.0	18.0	0.0	0.0	0.0	0.0	0.0	0.0	0.0	5006.0	0.0	0.0	0.0	0.0	0.0	0.0	0.0	0.0	0.0	0.0	5.0	53.0	0.0	0.0	0.0	13.0	0.0	0.0	45.0	192.0	703.0	10.0	0.0	45.0	0.0	0.0	0.0	0.0	0.0	0.0	4.0	0.0	0.0	0.0	0.0	0.0	0.0	0.0	0.0	0.0	0.0	0.0	0.0	0.0	0.0	0.0	0.0	0.0	0.0	0.0	0.0	0.0	0.0	0.0	0.0	0.0	0.0	0.0	0.0	0.0	0.0	0.0	0.0	0.0	0.0	0.0	0.0	0.0	0.0	0.0	0.0	0.0	0.0	0.0	0.0	0.0	0.0	0.0	0.0	0.0	0.0	0.0	0.0	0.0	0.0	0.0	0.0	0.0	0.0	0.0	0.0	0.0	0.0	0.0	0.0	0.0
SRR16953353	45.0	2347.0	3062.0	0.0	3838.0	16.0	0.0	0.0	424.0	0.0	0.0	0.0	265.0	7.0	1473.0	0.0	0.0	8.0	8.0	103.0	0.0	72.0	35.0	0.0	0.0	9.0	0.0	5.0	0.0	0.0	0.0	0.0	0.0	6.0	0.0	27.0	0.0	0.0	0.0	10.0	0.0	0.0	56.0	0.0	14.0	66.0	0.0	0.0	0.0	23.0	0.0	0.0	0.0	0.0	0.0	0.0	0.0	295.0	0.0	0.0	0.0	0.0	0.0	0.0	0.0	0.0	0.0	0.0	0.0	0.0	0.0	0.0	0.0	0.0	0.0	0.0	20.0	37.0	179.0	0.0	0.0	23.0	0.0	0.0	20.0	0.0	0.0	0.0	0.0	0.0	0.0	0.0	0.0	0.0	0.0	0.0	0.0	0.0	0.0	0.0	0.0	0.0	0.0	0.0	0.0	0.0	0.0	0.0	0.0	0.0	0.0	0.0	0.0	0.0	0.0	0.0	0.0	0.0	0.0	0.0	0.0	0.0	0.0	0.0	0.0	0.0	0.0	0.0	0.0	0.0	0.0	0.0	0.0	0.0	0.0	0.0	0.0	0.0	0.0	0.0	0.0	0.0	0.0	0.0	0.0	0.0	0.0	0.0	0.0	0.0	0.0	0.0	0.0	0.0
SRR16953354	460.0	10641.0	5780.0	0.0	7206.0	8.0	0.0	389.0	4897.0	51.0	0.0	45.0	607.0	0.0	3767.0	0.0	53.0	21.0	66.0	324.0	0.0	255.0	67.0	0.0	63.0	41.0	0.0	78.0	0.0	0.0	0.0	16.0	0.0	0.0	0.0	53.0	0.0	0.0	20.0	71.0	0.0	0.0	137.0	0.0	48.0	195.0	0.0	0.0	0.0	0.0	0.0	0.0	11.0	0.0	0.0	0.0	0.0	3828.0	0.0	0.0	10.0	0.0	0.0	0.0	0.0	0.0	0.0	0.0	23.0	721.0	0.0	9.0	10.0	0.0	0.0	0.0	0.0	113.0	4.0	0.0	0.0	43.0	0.0	0.0	0.0	0.0	0.0	0.0	0.0	0.0	0.0	0.0	0.0	0.0	0.0	0.0	0.0	0.0	0.0	0.0	0.0	0.0	0.0	0.0	0.0	0.0	0.0	0.0	0.0	0.0	0.0	0.0	0.0	0.0	0.0	0.0	0.0	0.0	0.0	0.0	0.0	0.0	0.0	0.0	0.0	0.0	0.0	0.0	0.0	0.0	0.0	0.0	0.0	0.0	0.0	0.0	0.0	0.0	0.0	0.0	0.0	0.0	0.0	0.0	0.0	0.0	0.0	0.0	0.0	0.0	0.0	0.0	0.0	0.0
SRR16953355	0.0	3566.0	1080.0	0.0	2920.0	0.0	0.0	63.0	1677.0	340.0	0.0	0.0	42.0	0.0	9.0	0.0	14.0	6.0	0.0	8.0	0.0	0.0	12.0	0.0	0.0	3.0	0.0	11.0	0.0	0.0	0.0	0.0	0.0	0.0	0.0	0.0	0.0	0.0	0.0	53.0	0.0	0.0	0.0	0.0	25.0	0.0	0.0	0.0	0.0	0.0	0.0	0.0	0.0	0.0	0.0	0.0	0.0	640.0	0.0	0.0	0.0	0.0	0.0	0.0	0.0	0.0	0.0	0.0	38.0	0.0	0.0	0.0	0.0	0.0	0.0	0.0	12.0	0.0	7.0	0.0	0.0	30.0	0.0	0.0	0.0	0.0	0.0	0.0	0.0	0.0	0.0	0.0	0.0	0.0	0.0	0.0	0.0	0.0	0.0	0.0	0.0	0.0	0.0	0.0	0.0	0.0	0.0	0.0	0.0	0.0	0.0	0.0	0.0	0.0	0.0	0.0	0.0	0.0	0.0	0.0	0.0	0.0	0.0	0.0	0.0	0.0	0.0	0.0	0.0	0.0	0.0	0.0	0.0	0.0	0.0	0.0	0.0	0.0	0.0	0.0	0.0	0.0	0.0	0.0	0.0	0.0	0.0	0.0	0.0	0.0	0.0	0.0	0.0	0.0
SRR16953358	0.0	3394.0	2917.0	0.0	4928.0	12.0	0.0	30.0	1743.0	25.0	0.0	0.0	227.0	18.0	643.0	0.0	0.0	19.0	67.0	411.0	0.0	36.0	18.0	0.0	0.0	20.0	0.0	134.0	0.0	0.0	0.0	0.0	0.0	0.0	0.0	0.0	0.0	0.0	0.0	89.0	0.0	0.0	94.0	0.0	34.0	0.0	0.0	0.0	0.0	0.0	0.0	3.0	0.0	0.0	0.0	0.0	0.0	182.0	0.0	0.0	0.0	0.0	0.0	0.0	0.0	0.0	0.0	0.0	13.0	155.0	0.0	0.0	0.0	0.0	0.0	0.0	6.0	0.0	60.0	0.0	0.0	16.0	0.0	0.0	0.0	0.0	0.0	0.0	0.0	0.0	0.0	0.0	0.0	0.0	0.0	0.0	0.0	0.0	0.0	0.0	0.0	0.0	0.0	0.0	0.0	0.0	0.0	0.0	0.0	0.0	0.0	0.0	0.0	0.0	0.0	0.0	0.0	0.0	0.0	0.0	0.0	0.0	0.0	0.0	0.0	0.0	0.0	0.0	0.0	0.0	0.0	0.0	0.0	0.0	0.0	0.0	0.0	0.0	0.0	0.0	0.0	0.0	0.0	0.0	0.0	0.0	0.0	0.0	0.0	0.0	0.0	0.0	0.0	0.0
SRR16953359	44.0	4131.0	3254.0	0.0	5930.0	22.0	0.0	30.0	2220.0	0.0	0.0	0.0	389.0	0.0	2493.0	0.0	0.0	47.0	45.0	124.0	0.0	108.0	103.0	0.0	40.0	0.0	9.0	73.0	0.0	0.0	0.0	0.0	0.0	0.0	0.0	0.0	0.0	0.0	0.0	112.0	0.0	0.0	102.0	0.0	54.0	46.0	0.0	0.0	0.0	0.0	0.0	0.0	0.0	0.0	0.0	0.0	0.0	519.0	0.0	0.0	0.0	0.0	0.0	0.0	0.0	0.0	0.0	0.0	0.0	0.0	0.0	0.0	0.0	0.0	0.0	0.0	36.0	11.0	136.0	0.0	0.0	97.0	0.0	0.0	0.0	0.0	0.0	0.0	0.0	0.0	0.0	0.0	0.0	0.0	0.0	0.0	0.0	0.0	0.0	0.0	0.0	0.0	0.0	0.0	0.0	0.0	0.0	0.0	0.0	0.0	0.0	0.0	0.0	0.0	0.0	0.0	0.0	0.0	0.0	0.0	0.0	0.0	0.0	0.0	0.0	0.0	0.0	0.0	0.0	0.0	0.0	0.0	0.0	0.0	0.0	0.0	0.0	0.0	0.0	0.0	0.0	0.0	0.0	0.0	0.0	0.0	0.0	0.0	0.0	0.0	0.0	0.0	0.0	0.0
SRR16953360	252.0	6488.0	2854.0	0.0	7665.0	69.0	0.0	81.0	733.0	12.0	0.0	34.0	334.0	0.0	2954.0	0.0	0.0	0.0	174.0	197.0	0.0	88.0	30.0	0.0	66.0	77.0	0.0	169.0	0.0	0.0	0.0	0.0	0.0	0.0	0.0	31.0	0.0	0.0	21.0	17.0	0.0	0.0	30.0	0.0	136.0	16.0	0.0	0.0	0.0	4.0	7.0	0.0	0.0	0.0	0.0	0.0	0.0	1567.0	0.0	0.0	8.0	0.0	0.0	0.0	0.0	0.0	0.0	0.0	282.0	224.0	0.0	0.0	0.0	0.0	0.0	0.0	0.0	126.0	68.0	0.0	7.0	8.0	0.0	0.0	0.0	0.0	0.0	0.0	0.0	0.0	0.0	0.0	0.0	0.0	0.0	0.0	0.0	0.0	0.0	0.0	0.0	0.0	0.0	0.0	0.0	0.0	0.0	0.0	0.0	0.0	0.0	0.0	0.0	0.0	0.0	0.0	0.0	0.0	0.0	0.0	0.0	0.0	0.0	0.0	0.0	0.0	0.0	0.0	0.0	0.0	0.0	0.0	0.0	0.0	0.0	0.0	0.0	0.0	0.0	0.0	0.0	0.0	0.0	0.0	0.0	0.0	0.0	0.0	0.0	0.0	0.0	0.0	0.0	0.0
SRR16953361	197.0	5344.0	6299.0	0.0	6251.0	32.0	0.0	63.0	2799.0	13.0	0.0	0.0	152.0	0.0	2529.0	0.0	16.0	0.0	13.0	429.0	0.0	29.0	34.0	0.0	63.0	0.0	0.0	82.0	0.0	0.0	0.0	5.0	0.0	4.0	0.0	12.0	0.0	0.0	0.0	98.0	0.0	0.0	193.0	0.0	27.0	11.0	0.0	0.0	0.0	0.0	0.0	0.0	0.0	0.0	0.0	0.0	0.0	2184.0	0.0	0.0	0.0	0.0	0.0	0.0	0.0	0.0	0.0	0.0	12.0	291.0	0.0	0.0	0.0	0.0	0.0	0.0	0.0	27.0	84.0	10.0	0.0	8.0	0.0	0.0	0.0	0.0	0.0	0.0	0.0	0.0	0.0	0.0	0.0	0.0	0.0	0.0	0.0	12.0	0.0	0.0	0.0	0.0	0.0	0.0	0.0	0.0	0.0	0.0	0.0	0.0	0.0	0.0	0.0	0.0	0.0	0.0	0.0	0.0	0.0	0.0	0.0	0.0	0.0	0.0	0.0	0.0	0.0	0.0	0.0	0.0	0.0	0.0	0.0	0.0	0.0	0.0	0.0	0.0	0.0	0.0	0.0	0.0	0.0	0.0	0.0	0.0	0.0	0.0	0.0	0.0	0.0	0.0	0.0	0.0
SRR16953362	0.0	4554.0	1780.0	0.0	2549.0	8.0	0.0	100.0	2055.0	0.0	0.0	0.0	0.0	0.0	3255.0	0.0	0.0	0.0	142.0	0.0	0.0	0.0	0.0	0.0	13.0	0.0	0.0	64.0	0.0	0.0	0.0	0.0	0.0	0.0	0.0	0.0	0.0	0.0	0.0	0.0	0.0	0.0	0.0	0.0	105.0	0.0	0.0	0.0	0.0	0.0	0.0	0.0	0.0	0.0	0.0	0.0	0.0	782.0	0.0	0.0	0.0	0.0	0.0	0.0	0.0	0.0	0.0	0.0	0.0	15.0	0.0	0.0	0.0	0.0	0.0	0.0	0.0	6.0	0.0	0.0	0.0	0.0	0.0	0.0	0.0	0.0	0.0	0.0	7.0	0.0	0.0	0.0	0.0	0.0	0.0	0.0	0.0	0.0	0.0	0.0	0.0	0.0	0.0	0.0	0.0	0.0	0.0	0.0	0.0	0.0	0.0	0.0	0.0	0.0	0.0	0.0	0.0	0.0	0.0	0.0	0.0	0.0	0.0	0.0	0.0	0.0	0.0	0.0	0.0	0.0	0.0	0.0	0.0	0.0	0.0	0.0	0.0	0.0	0.0	0.0	0.0	0.0	0.0	0.0	0.0	0.0	0.0	0.0	0.0	0.0	0.0	0.0	0.0	0.0
SRR16953363	22.0	7117.0	3864.0	0.0	6539.0	9.0	0.0	202.0	4940.0	33.0	0.0	0.0	222.0	0.0	610.0	0.0	0.0	39.0	9.0	34.0	0.0	67.0	104.0	0.0	0.0	0.0	0.0	120.0	0.0	0.0	0.0	3.0	0.0	4.0	10.0	0.0	0.0	0.0	15.0	236.0	0.0	0.0	12.0	0.0	0.0	85.0	5.0	0.0	0.0	0.0	0.0	0.0	0.0	0.0	6.0	0.0	0.0	5932.0	0.0	0.0	0.0	0.0	0.0	0.0	0.0	0.0	0.0	0.0	0.0	7.0	0.0	0.0	0.0	0.0	0.0	0.0	34.0	11.0	63.0	2.0	0.0	48.0	0.0	0.0	0.0	0.0	0.0	0.0	11.0	0.0	0.0	0.0	0.0	0.0	0.0	0.0	0.0	0.0	0.0	0.0	0.0	2.0	0.0	0.0	0.0	0.0	0.0	0.0	0.0	0.0	0.0	0.0	0.0	0.0	0.0	0.0	0.0	0.0	0.0	0.0	0.0	0.0	0.0	0.0	0.0	0.0	0.0	0.0	0.0	0.0	0.0	0.0	0.0	0.0	0.0	0.0	0.0	0.0	0.0	0.0	0.0	0.0	0.0	0.0	0.0	0.0	0.0	0.0	0.0	0.0	0.0	0.0	0.0	0.0
SRR16953364	31.0	7070.0	2461.0	0.0	3378.0	29.0	0.0	510.0	5307.0	20.0	0.0	0.0	192.0	6.0	340.0	0.0	0.0	22.0	17.0	391.0	0.0	113.0	4.0	5.0	0.0	6.0	0.0	127.0	0.0	0.0	0.0	0.0	0.0	0.0	0.0	24.0	0.0	0.0	113.0	8.0	0.0	0.0	0.0	0.0	28.0	107.0	0.0	0.0	0.0	4.0	0.0	0.0	0.0	0.0	0.0	0.0	0.0	2092.0	0.0	0.0	6.0	0.0	0.0	0.0	0.0	0.0	0.0	0.0	0.0	243.0	0.0	0.0	0.0	0.0	0.0	0.0	0.0	0.0	0.0	0.0	0.0	0.0	0.0	0.0	0.0	0.0	0.0	0.0	28.0	0.0	0.0	0.0	0.0	0.0	0.0	0.0	0.0	0.0	0.0	0.0	0.0	0.0	0.0	0.0	0.0	0.0	0.0	0.0	0.0	0.0	0.0	0.0	0.0	0.0	0.0	0.0	0.0	0.0	0.0	0.0	0.0	0.0	0.0	0.0	0.0	0.0	0.0	0.0	0.0	0.0	0.0	0.0	0.0	0.0	0.0	0.0	0.0	0.0	0.0	0.0	0.0	0.0	0.0	0.0	0.0	0.0	0.0	0.0	0.0	0.0	0.0	0.0	0.0	0.0
SRR16953365	12.0	4692.0	3273.0	0.0	2889.0	0.0	0.0	47.0	6120.0	200.0	0.0	0.0	220.0	0.0	1268.0	0.0	0.0	10.0	12.0	13.0	0.0	40.0	38.0	0.0	3.0	20.0	0.0	31.0	0.0	0.0	0.0	15.0	0.0	7.0	0.0	0.0	0.0	0.0	0.0	113.0	0.0	0.0	19.0	0.0	174.0	15.0	0.0	0.0	0.0	0.0	0.0	0.0	0.0	0.0	0.0	0.0	0.0	6682.0	0.0	0.0	0.0	0.0	0.0	0.0	0.0	0.0	0.0	0.0	45.0	20.0	0.0	0.0	0.0	0.0	0.0	0.0	15.0	0.0	109.0	0.0	0.0	0.0	0.0	0.0	0.0	0.0	0.0	0.0	0.0	0.0	0.0	0.0	0.0	0.0	0.0	0.0	0.0	0.0	0.0	0.0	0.0	0.0	0.0	0.0	0.0	0.0	0.0	0.0	0.0	0.0	0.0	0.0	0.0	0.0	0.0	0.0	0.0	0.0	0.0	0.0	0.0	0.0	0.0	0.0	0.0	0.0	0.0	0.0	0.0	0.0	0.0	0.0	0.0	0.0	0.0	0.0	0.0	0.0	0.0	0.0	0.0	0.0	0.0	0.0	0.0	0.0	0.0	0.0	0.0	0.0	0.0	0.0	0.0	0.0
SRR16953366	36.0	4564.0	3952.0	0.0	3024.0	10.0	0.0	16.0	1407.0	6.0	0.0	46.0	191.0	51.0	922.0	0.0	0.0	0.0	24.0	25.0	0.0	33.0	43.0	0.0	8.0	71.0	0.0	11.0	0.0	0.0	0.0	111.0	0.0	0.0	46.0	49.0	0.0	0.0	0.0	24.0	0.0	0.0	0.0	0.0	0.0	0.0	0.0	0.0	0.0	0.0	0.0	0.0	0.0	0.0	0.0	0.0	0.0	124.0	0.0	0.0	0.0	0.0	0.0	0.0	0.0	0.0	0.0	0.0	8.0	144.0	0.0	0.0	0.0	145.0	0.0	0.0	4.0	59.0	204.0	0.0	0.0	0.0	0.0	0.0	78.0	0.0	0.0	0.0	0.0	0.0	0.0	0.0	0.0	0.0	0.0	0.0	0.0	0.0	0.0	0.0	0.0	0.0	0.0	0.0	0.0	0.0	0.0	0.0	0.0	0.0	0.0	0.0	0.0	0.0	0.0	0.0	0.0	0.0	0.0	0.0	0.0	0.0	0.0	0.0	0.0	0.0	0.0	0.0	0.0	0.0	0.0	0.0	0.0	0.0	0.0	0.0	0.0	0.0	0.0	0.0	0.0	0.0	0.0	0.0	0.0	0.0	0.0	0.0	0.0	0.0	0.0	0.0	0.0	0.0
SRR16953368	0.0	0.0	0.0	0.0	1130.0	0.0	0.0	0.0	0.0	18469.0	0.0	0.0	0.0	0.0	0.0	0.0	0.0	0.0	0.0	0.0	0.0	0.0	0.0	0.0	0.0	0.0	0.0	0.0	0.0	0.0	0.0	0.0	0.0	0.0	0.0	0.0	0.0	0.0	0.0	0.0	0.0	0.0	0.0	0.0	0.0	0.0	0.0	0.0	0.0	0.0	0.0	0.0	0.0	0.0	0.0	0.0	0.0	0.0	0.0	0.0	0.0	0.0	0.0	0.0	0.0	0.0	0.0	0.0	0.0	0.0	0.0	0.0	0.0	0.0	0.0	0.0	0.0	0.0	0.0	0.0	0.0	0.0	0.0	0.0	0.0	0.0	0.0	0.0	0.0	0.0	0.0	0.0	0.0	0.0	0.0	0.0	0.0	0.0	0.0	0.0	0.0	0.0	0.0	0.0	0.0	0.0	0.0	0.0	0.0	0.0	0.0	0.0	0.0	0.0	0.0	0.0	0.0	0.0	0.0	0.0	0.0	0.0	0.0	0.0	0.0	0.0	0.0	0.0	0.0	0.0	0.0	0.0	0.0	0.0	0.0	0.0	0.0	0.0	0.0	0.0	0.0	0.0	0.0	0.0	0.0	0.0	0.0	0.0	0.0	0.0	0.0	0.0	0.0	0.0
SRR16953369	247.0	12054.0	8663.0	0.0	14049.0	28.0	0.0	118.0	3523.0	31.0	0.0	20.0	1043.0	0.0	5724.0	0.0	0.0	60.0	36.0	537.0	0.0	222.0	170.0	0.0	123.0	69.0	0.0	303.0	0.0	0.0	0.0	11.0	0.0	13.0	16.0	54.0	0.0	0.0	0.0	253.0	0.0	0.0	476.0	0.0	133.0	335.0	0.0	0.0	0.0	47.0	0.0	0.0	0.0	0.0	3.0	0.0	0.0	7517.0	0.0	0.0	4.0	0.0	0.0	0.0	0.0	5.0	0.0	0.0	1109.0	131.0	0.0	0.0	0.0	11.0	0.0	0.0	39.0	68.0	240.0	5.0	0.0	194.0	0.0	0.0	0.0	0.0	0.0	0.0	0.0	0.0	0.0	0.0	0.0	2.0	0.0	0.0	0.0	0.0	0.0	0.0	0.0	0.0	0.0	0.0	0.0	0.0	0.0	0.0	0.0	0.0	0.0	0.0	0.0	0.0	0.0	0.0	0.0	0.0	0.0	0.0	0.0	0.0	0.0	0.0	0.0	0.0	0.0	0.0	0.0	0.0	0.0	0.0	0.0	0.0	0.0	0.0	0.0	0.0	0.0	0.0	0.0	0.0	0.0	0.0	0.0	0.0	0.0	0.0	0.0	0.0	0.0	0.0	0.0	0.0
SRR16953370	629.0	9959.0	9815.0	0.0	13118.0	51.0	0.0	227.0	4271.0	33.0	0.0	97.0	1012.0	0.0	6163.0	0.0	0.0	65.0	182.0	562.0	0.0	383.0	32.0	0.0	83.0	25.0	0.0	179.0	0.0	0.0	0.0	77.0	0.0	0.0	0.0	81.0	0.0	0.0	79.0	56.0	0.0	0.0	61.0	0.0	36.0	194.0	0.0	0.0	0.0	2.0	0.0	0.0	0.0	0.0	0.0	0.0	0.0	1971.0	0.0	0.0	0.0	0.0	0.0	0.0	0.0	0.0	0.0	0.0	253.0	247.0	9.0	0.0	0.0	0.0	0.0	0.0	12.0	155.0	214.0	0.0	12.0	32.0	0.0	0.0	0.0	0.0	0.0	0.0	0.0	0.0	0.0	0.0	0.0	0.0	0.0	0.0	0.0	0.0	0.0	0.0	0.0	0.0	0.0	0.0	0.0	0.0	0.0	0.0	0.0	0.0	0.0	0.0	0.0	0.0	0.0	0.0	0.0	0.0	0.0	0.0	0.0	0.0	0.0	0.0	0.0	0.0	0.0	0.0	0.0	0.0	0.0	0.0	0.0	0.0	0.0	0.0	0.0	0.0	0.0	0.0	0.0	0.0	0.0	0.0	0.0	0.0	0.0	0.0	0.0	0.0	0.0	0.0	0.0	0.0
SRR16953372	148.0	4294.0	3610.0	0.0	5847.0	24.0	0.0	114.0	2472.0	8.0	0.0	14.0	347.0	0.0	2117.0	0.0	22.0	7.0	33.0	51.0	0.0	63.0	7.0	7.0	23.0	27.0	0.0	40.0	0.0	0.0	0.0	32.0	0.0	0.0	0.0	23.0	0.0	0.0	0.0	26.0	0.0	0.0	94.0	0.0	20.0	111.0	0.0	0.0	0.0	0.0	0.0	0.0	0.0	0.0	0.0	0.0	0.0	315.0	0.0	0.0	0.0	0.0	0.0	0.0	0.0	0.0	0.0	0.0	109.0	385.0	0.0	0.0	0.0	0.0	0.0	0.0	12.0	21.0	31.0	0.0	10.0	16.0	0.0	0.0	0.0	0.0	0.0	0.0	0.0	0.0	0.0	0.0	0.0	0.0	0.0	0.0	0.0	0.0	0.0	0.0	0.0	0.0	0.0	0.0	0.0	0.0	0.0	0.0	0.0	0.0	0.0	0.0	0.0	0.0	0.0	0.0	0.0	0.0	0.0	0.0	0.0	0.0	0.0	0.0	0.0	0.0	0.0	0.0	0.0	0.0	0.0	0.0	0.0	0.0	0.0	0.0	0.0	0.0	0.0	0.0	0.0	0.0	0.0	0.0	0.0	0.0	0.0	0.0	0.0	0.0	0.0	0.0	0.0	0.0
SRR16953374	12.0	1913.0	2179.0	0.0	4732.0	2.0	0.0	125.0	1693.0	9.0	0.0	36.0	530.0	0.0	2732.0	0.0	0.0	0.0	33.0	353.0	0.0	83.0	41.0	0.0	42.0	27.0	4.0	42.0	0.0	0.0	0.0	22.0	0.0	0.0	0.0	0.0	0.0	0.0	42.0	34.0	0.0	0.0	46.0	0.0	6.0	125.0	0.0	0.0	0.0	0.0	0.0	0.0	0.0	0.0	0.0	0.0	0.0	308.0	0.0	0.0	0.0	0.0	0.0	0.0	0.0	0.0	0.0	0.0	0.0	264.0	0.0	0.0	0.0	0.0	0.0	0.0	15.0	42.0	27.0	0.0	4.0	25.0	0.0	0.0	0.0	0.0	0.0	0.0	0.0	0.0	0.0	0.0	0.0	0.0	0.0	0.0	0.0	0.0	0.0	0.0	0.0	0.0	0.0	0.0	0.0	0.0	0.0	0.0	0.0	0.0	0.0	0.0	0.0	0.0	0.0	0.0	0.0	0.0	0.0	0.0	0.0	0.0	0.0	0.0	0.0	0.0	0.0	0.0	0.0	0.0	0.0	0.0	0.0	0.0	0.0	0.0	0.0	0.0	0.0	0.0	0.0	0.0	0.0	0.0	0.0	0.0	0.0	0.0	0.0	0.0	0.0	0.0	0.0	0.0
SRR16953377	27.0	4107.0	2341.0	0.0	4003.0	0.0	0.0	82.0	5810.0	83.0	0.0	0.0	166.0	0.0	180.0	0.0	48.0	38.0	0.0	373.0	0.0	8.0	46.0	0.0	0.0	0.0	0.0	27.0	0.0	0.0	0.0	0.0	0.0	0.0	0.0	19.0	0.0	0.0	0.0	102.0	0.0	0.0	0.0	0.0	326.0	65.0	3.0	0.0	0.0	29.0	0.0	0.0	0.0	0.0	0.0	0.0	0.0	5178.0	0.0	0.0	0.0	0.0	0.0	0.0	0.0	0.0	0.0	0.0	858.0	80.0	0.0	0.0	0.0	0.0	0.0	0.0	9.0	0.0	22.0	0.0	0.0	20.0	0.0	0.0	0.0	0.0	0.0	0.0	9.0	0.0	0.0	0.0	0.0	0.0	0.0	0.0	0.0	0.0	10.0	0.0	0.0	0.0	0.0	0.0	0.0	0.0	0.0	0.0	0.0	0.0	0.0	0.0	0.0	0.0	0.0	0.0	0.0	0.0	0.0	0.0	0.0	0.0	0.0	0.0	0.0	0.0	0.0	0.0	0.0	0.0	0.0	0.0	0.0	0.0	0.0	0.0	0.0	0.0	0.0	0.0	0.0	0.0	0.0	0.0	0.0	0.0	0.0	0.0	0.0	0.0	0.0	0.0	0.0	0.0
SRR16953379	37.0	4886.0	5405.0	0.0	6840.0	11.0	0.0	387.0	4561.0	31.0	0.0	94.0	676.0	0.0	1787.0	0.0	68.0	39.0	49.0	876.0	0.0	166.0	67.0	0.0	72.0	21.0	0.0	94.0	0.0	0.0	0.0	0.0	0.0	0.0	0.0	32.0	0.0	0.0	63.0	61.0	0.0	0.0	706.0	0.0	130.0	123.0	0.0	0.0	0.0	3.0	0.0	0.0	0.0	0.0	0.0	0.0	0.0	944.0	0.0	0.0	0.0	0.0	0.0	0.0	0.0	0.0	0.0	0.0	173.0	723.0	0.0	0.0	0.0	0.0	0.0	0.0	22.0	6.0	3.0	0.0	0.0	7.0	0.0	0.0	0.0	0.0	0.0	0.0	8.0	0.0	0.0	0.0	0.0	0.0	0.0	0.0	0.0	0.0	0.0	0.0	0.0	0.0	0.0	0.0	0.0	0.0	0.0	0.0	0.0	0.0	0.0	0.0	0.0	0.0	0.0	0.0	0.0	0.0	0.0	0.0	0.0	0.0	0.0	0.0	0.0	0.0	0.0	0.0	0.0	0.0	0.0	0.0	0.0	0.0	0.0	0.0	0.0	0.0	0.0	0.0	0.0	0.0	0.0	0.0	0.0	0.0	0.0	0.0	0.0	0.0	0.0	0.0	0.0	0.0
SRR16953380	31.0	8997.0	3656.0	0.0	12834.0	19.0	0.0	308.0	9151.0	26.0	0.0	0.0	518.0	0.0	731.0	0.0	0.0	212.0	9.0	36.0	0.0	127.0	178.0	0.0	6.0	14.0	0.0	178.0	0.0	0.0	0.0	14.0	0.0	164.0	0.0	36.0	0.0	0.0	0.0	532.0	0.0	0.0	18.0	0.0	651.0	213.0	12.0	0.0	0.0	3.0	0.0	0.0	0.0	0.0	15.0	0.0	0.0	6240.0	12.0	0.0	0.0	0.0	0.0	0.0	0.0	12.0	0.0	0.0	26.0	9.0	0.0	0.0	17.0	65.0	0.0	0.0	158.0	10.0	97.0	0.0	0.0	92.0	0.0	0.0	0.0	0.0	0.0	0.0	11.0	0.0	0.0	0.0	0.0	0.0	0.0	0.0	0.0	0.0	0.0	0.0	0.0	0.0	0.0	0.0	0.0	0.0	0.0	0.0	0.0	0.0	0.0	0.0	0.0	0.0	0.0	0.0	0.0	0.0	0.0	0.0	0.0	0.0	0.0	0.0	0.0	0.0	0.0	0.0	0.0	0.0	0.0	0.0	0.0	0.0	0.0	0.0	0.0	0.0	0.0	0.0	0.0	0.0	0.0	0.0	0.0	0.0	0.0	0.0	0.0	0.0	0.0	0.0	0.0	0.0
SRR16953381	160.0	10371.0	5390.0	0.0	13323.0	13.0	0.0	409.0	10363.0	64.0	0.0	103.0	781.0	0.0	1552.0	0.0	81.0	23.0	115.0	508.0	0.0	306.0	239.0	6.0	28.0	19.0	0.0	447.0	0.0	0.0	0.0	17.0	0.0	0.0	0.0	73.0	0.0	0.0	102.0	251.0	0.0	0.0	0.0	0.0	137.0	405.0	0.0	0.0	0.0	0.0	2.0	0.0	0.0	0.0	0.0	0.0	0.0	7549.0	9.0	0.0	0.0	0.0	0.0	5.0	0.0	0.0	0.0	0.0	151.0	1134.0	0.0	8.0	0.0	0.0	0.0	0.0	0.0	0.0	46.0	0.0	0.0	0.0	0.0	0.0	0.0	0.0	0.0	0.0	16.0	0.0	0.0	0.0	0.0	0.0	0.0	0.0	0.0	0.0	0.0	0.0	0.0	0.0	0.0	0.0	0.0	0.0	0.0	0.0	0.0	0.0	0.0	0.0	0.0	0.0	0.0	0.0	0.0	0.0	0.0	0.0	0.0	0.0	0.0	0.0	0.0	0.0	0.0	0.0	0.0	0.0	0.0	0.0	0.0	0.0	0.0	0.0	0.0	0.0	0.0	0.0	0.0	0.0	0.0	0.0	0.0	0.0	0.0	0.0	0.0	0.0	0.0	0.0	0.0	0.0
SRR16953382	42.0	1940.0	3247.0	0.0	4515.0	13.0	0.0	13.0	266.0	0.0	0.0	0.0	189.0	6.0	876.0	0.0	0.0	65.0	6.0	371.0	0.0	48.0	88.0	0.0	0.0	4.0	0.0	70.0	0.0	0.0	0.0	0.0	0.0	10.0	0.0	14.0	0.0	0.0	0.0	200.0	0.0	0.0	39.0	0.0	8.0	13.0	0.0	0.0	0.0	0.0	0.0	0.0	0.0	0.0	0.0	0.0	0.0	1569.0	0.0	0.0	0.0	0.0	0.0	0.0	0.0	0.0	0.0	0.0	15.0	0.0	0.0	0.0	0.0	0.0	0.0	0.0	6.0	0.0	64.0	0.0	0.0	89.0	0.0	0.0	0.0	7.0	0.0	0.0	0.0	0.0	0.0	0.0	0.0	0.0	0.0	0.0	0.0	0.0	0.0	0.0	0.0	0.0	0.0	0.0	0.0	0.0	0.0	0.0	0.0	0.0	0.0	0.0	0.0	0.0	0.0	0.0	0.0	0.0	0.0	0.0	0.0	0.0	0.0	0.0	0.0	0.0	0.0	0.0	0.0	0.0	0.0	0.0	0.0	0.0	0.0	0.0	0.0	0.0	0.0	0.0	0.0	0.0	0.0	0.0	0.0	0.0	0.0	0.0	0.0	0.0	0.0	0.0	0.0	0.0
SRR16953384	300.0	11161.0	5419.0	0.0	12530.0	55.0	0.0	66.0	6149.0	13.0	0.0	17.0	328.0	0.0	2241.0	0.0	24.0	0.0	16.0	137.0	0.0	166.0	80.0	0.0	143.0	18.0	4.0	52.0	0.0	0.0	0.0	10.0	0.0	34.0	4.0	14.0	0.0	0.0	7.0	160.0	0.0	0.0	246.0	0.0	10.0	129.0	0.0	0.0	0.0	8.0	0.0	0.0	0.0	0.0	0.0	0.0	0.0	2136.0	0.0	0.0	14.0	0.0	0.0	0.0	0.0	0.0	0.0	0.0	0.0	53.0	0.0	0.0	0.0	0.0	0.0	0.0	15.0	89.0	156.0	0.0	6.0	54.0	0.0	0.0	0.0	0.0	0.0	0.0	0.0	0.0	0.0	0.0	0.0	0.0	0.0	0.0	0.0	0.0	0.0	0.0	0.0	0.0	0.0	0.0	0.0	0.0	0.0	0.0	0.0	0.0	0.0	0.0	0.0	0.0	0.0	0.0	0.0	0.0	0.0	0.0	0.0	0.0	0.0	0.0	0.0	0.0	0.0	0.0	0.0	0.0	0.0	0.0	0.0	0.0	0.0	0.0	0.0	0.0	0.0	0.0	0.0	0.0	0.0	0.0	0.0	0.0	0.0	0.0	0.0	0.0	0.0	0.0	0.0	0.0
SRR16953385	193.0	1826.0	2221.0	0.0	4911.0	8.0	0.0	7.0	153.0	0.0	0.0	0.0	23.0	0.0	3930.0	0.0	0.0	7.0	9.0	26.0	0.0	24.0	52.0	0.0	29.0	0.0	0.0	27.0	0.0	0.0	0.0	0.0	0.0	0.0	0.0	0.0	0.0	0.0	0.0	34.0	0.0	0.0	45.0	0.0	16.0	31.0	0.0	0.0	0.0	0.0	0.0	0.0	0.0	0.0	0.0	0.0	0.0	298.0	0.0	0.0	0.0	0.0	0.0	0.0	0.0	0.0	0.0	0.0	7.0	0.0	0.0	0.0	0.0	0.0	0.0	0.0	0.0	11.0	103.0	0.0	0.0	5.0	0.0	0.0	0.0	0.0	0.0	0.0	0.0	0.0	0.0	0.0	0.0	0.0	0.0	0.0	0.0	2.0	0.0	0.0	0.0	0.0	0.0	0.0	0.0	0.0	0.0	0.0	0.0	0.0	0.0	0.0	0.0	0.0	3.0	0.0	0.0	0.0	0.0	0.0	0.0	0.0	0.0	0.0	0.0	0.0	0.0	0.0	0.0	0.0	0.0	0.0	0.0	0.0	0.0	0.0	0.0	0.0	0.0	0.0	0.0	0.0	0.0	0.0	0.0	0.0	0.0	0.0	0.0	0.0	0.0	0.0	0.0	0.0
SRR16953387	138.0	2044.0	1403.0	0.0	3254.0	0.0	0.0	0.0	456.0	13.0	0.0	11.0	155.0	0.0	2091.0	0.0	0.0	0.0	6.0	38.0	0.0	19.0	0.0	0.0	4.0	0.0	0.0	90.0	0.0	0.0	0.0	0.0	0.0	0.0	0.0	8.0	0.0	0.0	0.0	3.0	0.0	0.0	22.0	0.0	0.0	14.0	0.0	0.0	0.0	0.0	0.0	0.0	0.0	0.0	0.0	0.0	0.0	1174.0	0.0	0.0	0.0	0.0	0.0	0.0	0.0	0.0	0.0	0.0	47.0	47.0	0.0	0.0	0.0	0.0	0.0	0.0	3.0	88.0	0.0	0.0	0.0	0.0	0.0	0.0	0.0	0.0	0.0	0.0	0.0	0.0	0.0	0.0	0.0	0.0	0.0	0.0	0.0	0.0	0.0	0.0	0.0	0.0	0.0	0.0	0.0	0.0	0.0	0.0	0.0	0.0	0.0	0.0	0.0	0.0	0.0	0.0	0.0	0.0	0.0	0.0	0.0	0.0	0.0	0.0	0.0	0.0	0.0	0.0	0.0	0.0	0.0	0.0	0.0	0.0	0.0	0.0	0.0	0.0	0.0	0.0	0.0	0.0	0.0	0.0	0.0	0.0	0.0	0.0	0.0	0.0	0.0	0.0	0.0	0.0
SRR16953388	70.0	5225.0	3971.0	0.0	5921.0	39.0	0.0	312.0	6234.0	64.0	0.0	47.0	454.0	0.0	1104.0	0.0	46.0	24.0	40.0	355.0	0.0	156.0	65.0	0.0	41.0	21.0	0.0	143.0	0.0	0.0	0.0	37.0	0.0	0.0	0.0	94.0	0.0	0.0	54.0	11.0	0.0	0.0	0.0	0.0	242.0	217.0	0.0	0.0	0.0	0.0	0.0	0.0	0.0	0.0	0.0	0.0	0.0	7870.0	0.0	0.0	0.0	0.0	0.0	0.0	0.0	0.0	0.0	0.0	21.0	1208.0	0.0	0.0	0.0	0.0	0.0	0.0	5.0	0.0	0.0	0.0	5.0	0.0	0.0	0.0	0.0	0.0	0.0	0.0	23.0	0.0	0.0	0.0	0.0	0.0	0.0	0.0	0.0	0.0	0.0	0.0	0.0	0.0	0.0	0.0	0.0	0.0	0.0	0.0	0.0	0.0	0.0	0.0	0.0	0.0	0.0	0.0	0.0	0.0	0.0	0.0	0.0	0.0	0.0	0.0	0.0	0.0	0.0	0.0	0.0	0.0	0.0	0.0	0.0	0.0	0.0	0.0	0.0	0.0	0.0	0.0	0.0	0.0	0.0	0.0	0.0	0.0	0.0	0.0	0.0	0.0	0.0	0.0	0.0	0.0
SRR16953389	0.0	0.0	0.0	0.0	1327.0	0.0	0.0	0.0	0.0	18423.0	0.0	0.0	0.0	0.0	0.0	0.0	0.0	0.0	0.0	0.0	0.0	0.0	0.0	0.0	0.0	0.0	0.0	0.0	0.0	0.0	0.0	0.0	0.0	0.0	0.0	0.0	0.0	0.0	0.0	0.0	0.0	0.0	0.0	0.0	0.0	0.0	0.0	0.0	0.0	0.0	0.0	0.0	0.0	0.0	0.0	0.0	0.0	0.0	0.0	0.0	0.0	0.0	0.0	0.0	0.0	0.0	0.0	0.0	0.0	0.0	0.0	0.0	0.0	0.0	0.0	0.0	0.0	0.0	0.0	0.0	0.0	0.0	0.0	0.0	0.0	0.0	0.0	0.0	0.0	0.0	0.0	0.0	0.0	0.0	0.0	0.0	0.0	0.0	0.0	0.0	0.0	0.0	0.0	0.0	0.0	0.0	0.0	0.0	0.0	0.0	0.0	0.0	0.0	0.0	0.0	0.0	0.0	0.0	0.0	0.0	0.0	0.0	0.0	0.0	0.0	0.0	0.0	0.0	0.0	0.0	0.0	0.0	0.0	0.0	0.0	0.0	0.0	0.0	0.0	0.0	0.0	0.0	0.0	0.0	0.0	0.0	0.0	0.0	0.0	0.0	0.0	0.0	0.0	0.0
SRR16953391	702.0	5358.0	5340.0	0.0	5088.0	35.0	3.0	34.0	508.0	0.0	0.0	23.0	123.0	0.0	3503.0	0.0	0.0	40.0	47.0	82.0	0.0	34.0	46.0	0.0	0.0	19.0	0.0	22.0	0.0	0.0	0.0	10.0	0.0	2386.0	0.0	17.0	0.0	0.0	0.0	17.0	0.0	0.0	43.0	0.0	0.0	35.0	0.0	0.0	0.0	79.0	0.0	0.0	0.0	0.0	0.0	0.0	0.0	1442.0	0.0	0.0	0.0	0.0	0.0	0.0	0.0	0.0	0.0	0.0	32.0	37.0	0.0	0.0	0.0	3.0	0.0	0.0	0.0	85.0	272.0	0.0	0.0	11.0	0.0	0.0	37.0	0.0	0.0	0.0	0.0	0.0	0.0	0.0	0.0	0.0	0.0	0.0	0.0	0.0	0.0	0.0	0.0	0.0	0.0	0.0	0.0	0.0	0.0	0.0	0.0	0.0	0.0	0.0	0.0	0.0	0.0	0.0	0.0	0.0	0.0	0.0	0.0	0.0	0.0	0.0	0.0	0.0	0.0	0.0	0.0	0.0	0.0	0.0	0.0	0.0	0.0	0.0	0.0	0.0	0.0	0.0	0.0	0.0	0.0	0.0	0.0	0.0	0.0	0.0	0.0	0.0	0.0	0.0	0.0	0.0
SRR16953392	71.0	3135.0	2259.0	0.0	4320.0	12.0	0.0	35.0	1358.0	0.0	0.0	0.0	181.0	0.0	976.0	0.0	0.0	25.0	0.0	34.0	0.0	48.0	36.0	0.0	28.0	0.0	0.0	19.0	0.0	0.0	0.0	0.0	0.0	5.0	0.0	0.0	0.0	0.0	21.0	45.0	0.0	0.0	43.0	0.0	32.0	52.0	0.0	0.0	0.0	9.0	0.0	0.0	0.0	0.0	0.0	0.0	0.0	1444.0	0.0	0.0	0.0	0.0	0.0	0.0	0.0	0.0	0.0	0.0	0.0	0.0	0.0	0.0	0.0	0.0	0.0	0.0	0.0	12.0	70.0	0.0	0.0	3.0	0.0	0.0	0.0	0.0	0.0	0.0	0.0	0.0	0.0	0.0	0.0	0.0	0.0	0.0	0.0	0.0	0.0	0.0	0.0	0.0	0.0	0.0	0.0	0.0	0.0	0.0	0.0	0.0	0.0	0.0	0.0	0.0	0.0	0.0	0.0	0.0	0.0	0.0	0.0	0.0	0.0	0.0	0.0	0.0	0.0	0.0	0.0	0.0	0.0	0.0	0.0	0.0	0.0	0.0	0.0	0.0	0.0	0.0	0.0	0.0	0.0	0.0	0.0	0.0	0.0	0.0	0.0	0.0	0.0	0.0	0.0	0.0
SRR16953393	329.0	6694.0	4053.0	0.0	5284.0	13.0	0.0	37.0	1974.0	0.0	0.0	3.0	221.0	0.0	7514.0	0.0	33.0	4.0	88.0	21.0	0.0	22.0	19.0	0.0	27.0	121.0	0.0	142.0	0.0	0.0	0.0	14.0	0.0	0.0	0.0	0.0	0.0	0.0	10.0	34.0	0.0	0.0	85.0	0.0	48.0	48.0	0.0	0.0	0.0	0.0	0.0	0.0	0.0	0.0	0.0	0.0	0.0	1012.0	0.0	0.0	0.0	0.0	0.0	0.0	0.0	0.0	0.0	0.0	40.0	133.0	0.0	0.0	0.0	0.0	0.0	0.0	0.0	274.0	38.0	0.0	2.0	12.0	0.0	0.0	0.0	0.0	0.0	0.0	0.0	0.0	0.0	0.0	0.0	0.0	0.0	0.0	0.0	0.0	0.0	0.0	0.0	0.0	0.0	0.0	0.0	0.0	0.0	0.0	0.0	0.0	0.0	0.0	0.0	0.0	0.0	0.0	0.0	0.0	0.0	0.0	0.0	0.0	0.0	0.0	0.0	0.0	0.0	0.0	0.0	0.0	0.0	0.0	0.0	0.0	0.0	0.0	0.0	0.0	0.0	0.0	0.0	0.0	0.0	0.0	0.0	0.0	0.0	0.0	0.0	0.0	0.0	0.0	0.0	0.0
SRR16953394	40.0	13372.0	7176.0	0.0	13234.0	21.0	0.0	376.0	10805.0	142.0	0.0	0.0	937.0	0.0	2478.0	0.0	0.0	91.0	39.0	284.0	0.0	147.0	208.0	0.0	0.0	2.0	0.0	293.0	0.0	0.0	0.0	31.0	0.0	0.0	0.0	45.0	0.0	0.0	0.0	359.0	0.0	0.0	87.0	0.0	259.0	93.0	9.0	0.0	0.0	15.0	0.0	0.0	11.0	0.0	0.0	0.0	0.0	1928.0	10.0	0.0	0.0	0.0	0.0	0.0	0.0	0.0	0.0	0.0	229.0	59.0	0.0	0.0	0.0	0.0	0.0	0.0	5.0	9.0	224.0	0.0	0.0	25.0	0.0	0.0	0.0	0.0	0.0	0.0	13.0	0.0	0.0	0.0	0.0	0.0	0.0	0.0	0.0	0.0	3.0	0.0	0.0	0.0	0.0	0.0	0.0	0.0	0.0	0.0	0.0	0.0	0.0	0.0	5.0	0.0	0.0	0.0	0.0	0.0	0.0	0.0	0.0	0.0	0.0	0.0	0.0	0.0	0.0	0.0	0.0	0.0	0.0	0.0	0.0	0.0	0.0	0.0	0.0	0.0	0.0	0.0	0.0	0.0	0.0	0.0	0.0	0.0	0.0	0.0	0.0	0.0	0.0	0.0	0.0	0.0
SRR16953397	0.0	1711.0	1589.0	0.0	2960.0	10.0	0.0	129.0	1778.0	0.0	0.0	10.0	179.0	0.0	482.0	0.0	0.0	36.0	30.0	274.0	0.0	48.0	0.0	0.0	10.0	13.0	0.0	71.0	0.0	0.0	0.0	32.0	0.0	7.0	0.0	16.0	0.0	0.0	14.0	38.0	0.0	0.0	0.0	0.0	25.0	40.0	0.0	0.0	0.0	0.0	0.0	0.0	0.0	0.0	0.0	0.0	0.0	616.0	0.0	0.0	0.0	0.0	0.0	0.0	0.0	0.0	0.0	0.0	71.0	255.0	0.0	0.0	0.0	0.0	0.0	0.0	0.0	0.0	3.0	0.0	0.0	5.0	0.0	0.0	0.0	0.0	0.0	0.0	0.0	0.0	0.0	0.0	0.0	0.0	0.0	0.0	0.0	0.0	0.0	0.0	0.0	0.0	0.0	0.0	0.0	0.0	0.0	0.0	0.0	0.0	0.0	0.0	0.0	0.0	0.0	0.0	0.0	0.0	0.0	0.0	0.0	0.0	0.0	0.0	0.0	0.0	0.0	0.0	0.0	0.0	0.0	0.0	0.0	0.0	0.0	0.0	0.0	0.0	0.0	0.0	0.0	0.0	0.0	0.0	0.0	0.0	0.0	0.0	0.0	0.0	0.0	0.0	0.0	0.0
SRR16953398	248.0	4973.0	2562.0	0.0	4078.0	7.0	0.0	47.0	3891.0	2.0	0.0	26.0	89.0	0.0	1829.0	0.0	0.0	0.0	15.0	56.0	0.0	16.0	0.0	0.0	7.0	10.0	0.0	37.0	0.0	0.0	0.0	0.0	0.0	0.0	0.0	0.0	0.0	0.0	0.0	16.0	0.0	0.0	53.0	0.0	0.0	44.0	0.0	0.0	0.0	0.0	0.0	0.0	0.0	0.0	0.0	0.0	0.0	630.0	0.0	0.0	0.0	0.0	0.0	0.0	0.0	0.0	0.0	0.0	5.0	42.0	0.0	0.0	0.0	0.0	0.0	0.0	2.0	7.0	7.0	0.0	0.0	9.0	0.0	0.0	0.0	0.0	0.0	0.0	0.0	0.0	0.0	0.0	0.0	0.0	0.0	0.0	0.0	0.0	0.0	0.0	0.0	0.0	0.0	0.0	0.0	0.0	0.0	0.0	0.0	0.0	0.0	0.0	0.0	0.0	0.0	0.0	0.0	0.0	0.0	0.0	0.0	0.0	0.0	0.0	0.0	0.0	0.0	0.0	0.0	0.0	0.0	0.0	0.0	0.0	0.0	0.0	0.0	0.0	0.0	0.0	0.0	0.0	0.0	0.0	0.0	0.0	0.0	0.0	0.0	0.0	0.0	0.0	0.0	0.0
SRR16953399	0.0	4123.0	5452.0	3.0	4764.0	54.0	648.0	38.0	2199.0	44.0	0.0	0.0	572.0	55.0	2268.0	0.0	0.0	11.0	48.0	4.0	0.0	0.0	22.0	0.0	33.0	14.0	0.0	70.0	0.0	0.0	0.0	0.0	0.0	17.0	0.0	15.0	0.0	0.0	0.0	30.0	0.0	0.0	121.0	0.0	9.0	39.0	0.0	0.0	0.0	15.0	0.0	0.0	5.0	0.0	0.0	0.0	0.0	705.0	0.0	0.0	0.0	0.0	0.0	0.0	0.0	0.0	0.0	0.0	78.0	10.0	0.0	0.0	0.0	22.0	0.0	0.0	7.0	48.0	393.0	0.0	0.0	0.0	0.0	0.0	0.0	0.0	0.0	0.0	29.0	0.0	0.0	0.0	0.0	0.0	0.0	0.0	0.0	10.0	0.0	0.0	0.0	0.0	0.0	0.0	0.0	0.0	0.0	0.0	0.0	0.0	0.0	0.0	0.0	0.0	0.0	0.0	0.0	0.0	0.0	0.0	0.0	0.0	0.0	0.0	0.0	0.0	0.0	0.0	0.0	0.0	0.0	0.0	0.0	0.0	0.0	0.0	0.0	0.0	0.0	0.0	0.0	0.0	0.0	0.0	0.0	0.0	0.0	0.0	0.0	0.0	0.0	0.0	0.0	0.0
