#SampleID	d__Bacteria;p__Gemmatimonadota	d__Bacteria;p__Proteobacteria	d__Bacteria;p__Bacteroidota	d__Bacteria;p__Desulfobacterota	d__Bacteria;p__Acidobacteriota	d__Bacteria;p__Firmicutes	d__Bacteria;p__Actinobacteriota	d__Bacteria;p__Abditibacteriota	d__Bacteria;p__Myxococcota	d__Bacteria;p__Verrucomicrobiota	d__Bacteria;p__Chloroflexi	d__Bacteria;p__Bdellovibrionota	d__Bacteria;p__Planctomycetota	d__Bacteria;p__Dependentiae	d__Bacteria;p__Armatimonadota	d__Bacteria;p__Elusimicrobiota	d__Bacteria;p__NB1-j	d__Bacteria;p__Campylobacterota	d__Bacteria;p__Fibrobacterota	d__Bacteria;p__Nitrospirota	d__Bacteria;p__SAR324_clade(Marine_group_B)	d__Bacteria;p__Cyanobacteria	d__Bacteria;p__Patescibacteria	d__Bacteria;p__FCPU426	d__Bacteria;p__MBNT15	d__Bacteria;p__Entotheonellaeota	d__Bacteria;p__Latescibacterota	d__Bacteria;p__Deinococcota	d__Bacteria;p__RCP2-54	d__Bacteria;p__WPS-2	d__Bacteria;p__Spirochaetota	d__Bacteria;p__Sumerlaeota	d__Bacteria;p__TX1A-33	d__Bacteria;p__Zixibacteria	d__Bacteria;p__Hydrogenedentes	d__Bacteria;p__Dadabacteria	d__Bacteria;p__GAL15	d__Bacteria;p__Methylomirabilota	d__Bacteria;p__WS2	d__Bacteria;p__Deferrisomatota	d__Bacteria;p__Nitrospinota	d__Bacteria;p__Margulisbacteria	d__Bacteria;p__Cloacimonadota	d__Bacteria;p__WS4	d__Bacteria;p__PAUC34f	d__Bacteria;p__DTB120	d__Bacteria;p__FW113	d__Bacteria;p__Sva0485	d__Bacteria;p__WS1	d__Bacteria;p__Modulibacteria	d__Bacteria;p__LCP-89	d__Bacteria;p__Fusobacteriota	d__Bacteria;p__TA06
SRR21722997	528.0	4078.0	298.0	0.0	2034.0	2161.0	6659.0	2.0	90.0	70.0	45.0	25.0	0.0	35.0	6.0	0.0	2.0	0.0	0.0	45.0	0.0	0.0	6.0	0.0	0.0	0.0	0.0	0.0	0.0	0.0	0.0	0.0	0.0	0.0	0.0	0.0	0.0	0.0	0.0	0.0	0.0	0.0	0.0	0.0	0.0	0.0	0.0	0.0	0.0	0.0	0.0	0.0	0.0
SRR21723014	691.0	3660.0	692.0	6.0	411.0	1228.0	7390.0	12.0	132.0	50.0	25.0	6.0	0.0	14.0	0.0	2.0	0.0	0.0	0.0	57.0	0.0	3.0	0.0	0.0	0.0	0.0	0.0	0.0	0.0	0.0	0.0	0.0	0.0	0.0	0.0	0.0	0.0	0.0	0.0	0.0	0.0	0.0	0.0	0.0	0.0	0.0	0.0	0.0	0.0	0.0	0.0	0.0	0.0
SRR21723026	1582.0	6167.0	973.0	0.0	1092.0	3091.0	15737.0	31.0	270.0	174.0	37.0	33.0	2.0	29.0	4.0	11.0	15.0	0.0	0.0	99.0	0.0	3.0	4.0	0.0	0.0	12.0	0.0	0.0	0.0	0.0	0.0	0.0	0.0	0.0	0.0	0.0	0.0	0.0	0.0	0.0	0.0	0.0	0.0	0.0	0.0	0.0	0.0	0.0	0.0	0.0	0.0	0.0	0.0
SRR21723052	613.0	3723.0	375.0	0.0	2377.0	971.0	5514.0	12.0	30.0	89.0	26.0	3.0	0.0	48.0	0.0	2.0	0.0	0.0	0.0	39.0	0.0	0.0	32.0	0.0	0.0	0.0	0.0	0.0	0.0	0.0	0.0	0.0	0.0	0.0	0.0	0.0	0.0	0.0	0.0	0.0	0.0	0.0	0.0	0.0	0.0	0.0	0.0	0.0	0.0	0.0	0.0	0.0	0.0
SRR21723061	748.0	3813.0	295.0	0.0	1781.0	4004.0	7092.0	14.0	149.0	40.0	43.0	5.0	0.0	27.0	11.0	9.0	0.0	0.0	0.0	43.0	0.0	0.0	8.0	0.0	0.0	0.0	0.0	0.0	0.0	0.0	0.0	0.0	0.0	0.0	0.0	0.0	0.0	0.0	0.0	0.0	0.0	0.0	0.0	0.0	0.0	0.0	0.0	0.0	0.0	0.0	0.0	0.0	0.0
SRR21723062	743.0	2910.0	299.0	0.0	1725.0	2370.0	4679.0	2.0	67.0	44.0	32.0	27.0	0.0	43.0	5.0	4.0	2.0	0.0	0.0	24.0	0.0	0.0	10.0	0.0	0.0	4.0	0.0	0.0	0.0	0.0	0.0	0.0	0.0	0.0	0.0	0.0	0.0	0.0	0.0	0.0	0.0	0.0	0.0	0.0	0.0	0.0	0.0	0.0	0.0	0.0	0.0	0.0	0.0
SRR21723064	894.0	4470.0	387.0	26.0	2015.0	1607.0	5375.0	17.0	170.0	80.0	39.0	14.0	0.0	25.0	0.0	0.0	0.0	0.0	0.0	53.0	0.0	2.0	0.0	0.0	3.0	4.0	0.0	0.0	0.0	0.0	0.0	0.0	0.0	0.0	0.0	0.0	0.0	0.0	0.0	0.0	0.0	0.0	0.0	0.0	0.0	0.0	0.0	0.0	0.0	0.0	0.0	0.0	0.0
SRR21723065	778.0	3285.0	138.0	0.0	2037.0	3011.0	6272.0	8.0	101.0	72.0	26.0	11.0	0.0	48.0	6.0	8.0	0.0	0.0	0.0	20.0	0.0	0.0	23.0	0.0	0.0	0.0	0.0	0.0	0.0	0.0	0.0	0.0	0.0	0.0	0.0	0.0	0.0	0.0	0.0	0.0	0.0	0.0	0.0	0.0	0.0	0.0	0.0	0.0	0.0	0.0	0.0	0.0	0.0
SRR21723066	968.0	3303.0	408.0	0.0	434.0	1808.0	8890.0	8.0	160.0	24.0	15.0	16.0	0.0	13.0	0.0	0.0	8.0	0.0	0.0	73.0	0.0	0.0	2.0	0.0	0.0	0.0	0.0	0.0	0.0	0.0	0.0	0.0	0.0	0.0	0.0	0.0	0.0	0.0	0.0	0.0	0.0	0.0	0.0	0.0	0.0	0.0	0.0	0.0	0.0	0.0	0.0	0.0	0.0
SRR21723067	1119.0	5531.0	489.0	0.0	2681.0	2121.0	7220.0	9.0	145.0	120.0	76.0	45.0	0.0	24.0	5.0	3.0	0.0	0.0	2.0	43.0	0.0	2.0	0.0	0.0	0.0	0.0	0.0	0.0	0.0	0.0	0.0	0.0	0.0	0.0	0.0	0.0	0.0	0.0	0.0	0.0	0.0	0.0	0.0	0.0	0.0	0.0	0.0	0.0	0.0	0.0	0.0	0.0	0.0
SRR21723068	1029.0	5755.0	569.0	6.0	2128.0	1904.0	7183.0	20.0	210.0	107.0	48.0	15.0	2.0	42.0	5.0	3.0	0.0	0.0	2.0	45.0	0.0	0.0	25.0	0.0	0.0	0.0	0.0	0.0	0.0	0.0	0.0	0.0	0.0	0.0	0.0	0.0	0.0	0.0	0.0	0.0	0.0	0.0	0.0	0.0	0.0	0.0	0.0	0.0	0.0	0.0	0.0	0.0	0.0
SRR21723070	1364.0	6270.0	499.0	14.0	1859.0	1474.0	8911.0	19.0	220.0	102.0	94.0	71.0	6.0	24.0	8.0	17.0	0.0	0.0	2.0	44.0	0.0	0.0	3.0	0.0	9.0	0.0	0.0	0.0	0.0	0.0	0.0	0.0	0.0	0.0	0.0	0.0	0.0	0.0	0.0	0.0	0.0	0.0	0.0	0.0	0.0	0.0	0.0	0.0	0.0	0.0	0.0	0.0	0.0
SRR21723071	730.0	4204.0	522.0	0.0	1800.0	2896.0	6434.0	17.0	168.0	51.0	28.0	18.0	0.0	44.0	0.0	9.0	0.0	0.0	0.0	38.0	0.0	0.0	15.0	0.0	0.0	0.0	0.0	0.0	0.0	0.0	0.0	0.0	0.0	0.0	0.0	0.0	0.0	0.0	0.0	0.0	0.0	0.0	0.0	0.0	0.0	0.0	0.0	0.0	0.0	0.0	0.0	0.0	0.0
SRR21723072	897.0	4071.0	373.0	0.0	2268.0	2901.0	6043.0	6.0	158.0	88.0	31.0	32.0	2.0	44.0	0.0	14.0	0.0	0.0	0.0	46.0	0.0	2.0	23.0	0.0	0.0	0.0	0.0	0.0	0.0	0.0	0.0	0.0	0.0	0.0	0.0	0.0	0.0	0.0	0.0	0.0	0.0	0.0	0.0	0.0	0.0	0.0	0.0	0.0	0.0	0.0	0.0	0.0	0.0
SRR21723073	1086.0	3747.0	200.0	0.0	1794.0	2807.0	6362.0	4.0	182.0	103.0	16.0	6.0	2.0	37.0	2.0	19.0	0.0	0.0	0.0	16.0	0.0	0.0	18.0	0.0	0.0	0.0	0.0	0.0	0.0	0.0	0.0	0.0	0.0	0.0	0.0	0.0	0.0	0.0	0.0	0.0	0.0	0.0	0.0	0.0	0.0	0.0	0.0	0.0	0.0	0.0	0.0	0.0	0.0
SRR21723075	1054.0	5385.0	367.0	6.0	2104.0	2438.0	7708.0	11.0	253.0	186.0	39.0	25.0	0.0	59.0	2.0	3.0	0.0	0.0	4.0	44.0	0.0	0.0	12.0	0.0	0.0	8.0	0.0	0.0	0.0	0.0	0.0	0.0	0.0	0.0	0.0	0.0	0.0	0.0	0.0	0.0	0.0	0.0	0.0	0.0	0.0	0.0	0.0	0.0	0.0	0.0	0.0	0.0	0.0
SRR21723076	861.0	2923.0	183.0	0.0	998.0	2960.0	7577.0	0.0	163.0	51.0	24.0	9.0	0.0	25.0	0.0	0.0	0.0	0.0	0.0	30.0	0.0	6.0	0.0	0.0	0.0	12.0	0.0	0.0	0.0	0.0	0.0	0.0	0.0	0.0	0.0	0.0	0.0	0.0	0.0	0.0	0.0	0.0	0.0	0.0	0.0	0.0	0.0	0.0	0.0	0.0	0.0	0.0	0.0
SRR21723077	1211.0	4219.0	636.0	0.0	635.0	2939.0	9570.0	7.0	320.0	90.0	11.0	15.0	3.0	23.0	0.0	12.0	17.0	0.0	0.0	98.0	0.0	0.0	0.0	0.0	0.0	0.0	0.0	0.0	0.0	0.0	0.0	0.0	0.0	0.0	0.0	0.0	0.0	0.0	0.0	0.0	0.0	0.0	0.0	0.0	0.0	0.0	0.0	0.0	0.0	0.0	0.0	0.0	0.0
SRR21723078	607.0	3205.0	308.0	0.0	826.0	3044.0	7731.0	6.0	148.0	80.0	31.0	14.0	0.0	20.0	0.0	3.0	2.0	0.0	0.0	34.0	0.0	2.0	0.0	0.0	0.0	2.0	0.0	0.0	0.0	0.0	0.0	0.0	0.0	0.0	0.0	0.0	0.0	0.0	0.0	0.0	0.0	0.0	0.0	0.0	0.0	0.0	0.0	0.0	0.0	0.0	0.0	0.0	0.0
SRR21723084	967.0	6062.0	1091.0	0.0	1802.0	3606.0	10113.0	15.0	187.0	123.0	62.0	19.0	9.0	19.0	0.0	12.0	0.0	0.0	0.0	13.0	0.0	0.0	2.0	0.0	0.0	0.0	0.0	0.0	0.0	0.0	0.0	0.0	0.0	0.0	0.0	0.0	0.0	0.0	0.0	0.0	0.0	0.0	0.0	0.0	0.0	0.0	0.0	0.0	0.0	0.0	0.0	0.0	0.0
SRR21723085	743.0	3288.0	293.0	0.0	931.0	2164.0	7921.0	6.0	71.0	73.0	27.0	3.0	0.0	29.0	0.0	0.0	0.0	0.0	0.0	39.0	0.0	5.0	0.0	0.0	0.0	0.0	0.0	0.0	0.0	0.0	0.0	0.0	0.0	0.0	0.0	0.0	0.0	0.0	0.0	0.0	0.0	0.0	0.0	0.0	0.0	0.0	0.0	0.0	0.0	0.0	0.0	0.0	0.0
SRR21723086	1024.0	5185.0	561.0	0.0	2714.0	3109.0	9732.0	0.0	230.0	124.0	20.0	14.0	3.0	20.0	0.0	0.0	0.0	0.0	0.0	77.0	0.0	0.0	21.0	0.0	3.0	7.0	0.0	0.0	0.0	0.0	0.0	0.0	0.0	0.0	0.0	0.0	0.0	0.0	0.0	0.0	0.0	0.0	0.0	0.0	0.0	0.0	0.0	0.0	0.0	0.0	0.0	0.0	0.0
SRR21723087	715.0	5229.0	349.0	0.0	2389.0	2762.0	11530.0	17.0	290.0	138.0	85.0	7.0	4.0	39.0	7.0	17.0	4.0	0.0	0.0	3.0	0.0	0.0	15.0	0.0	0.0	0.0	0.0	0.0	0.0	0.0	0.0	0.0	0.0	0.0	0.0	0.0	0.0	0.0	0.0	0.0	0.0	0.0	0.0	0.0	0.0	0.0	0.0	0.0	0.0	0.0	0.0	0.0	0.0
SRR21723088	2679.0	13487.0	1059.0	16.0	4593.0	8655.0	28584.0	12.0	661.0	391.0	85.0	17.0	9.0	36.0	26.0	10.0	9.0	0.0	11.0	140.0	4.0	0.0	89.0	0.0	0.0	0.0	0.0	0.0	0.0	0.0	0.0	0.0	0.0	0.0	0.0	0.0	0.0	0.0	0.0	0.0	0.0	0.0	0.0	0.0	0.0	0.0	0.0	0.0	0.0	0.0	0.0	0.0	0.0
SRR21723089	808.0	3546.0	327.0	0.0	1497.0	2392.0	8255.0	4.0	77.0	34.0	21.0	18.0	0.0	9.0	7.0	0.0	0.0	0.0	0.0	17.0	0.0	0.0	13.0	0.0	0.0	3.0	0.0	0.0	0.0	0.0	0.0	0.0	0.0	0.0	0.0	0.0	0.0	0.0	0.0	0.0	0.0	0.0	0.0	0.0	0.0	0.0	0.0	0.0	0.0	0.0	0.0	0.0	0.0
SRR21723090	1533.0	6368.0	861.0	0.0	2586.0	5021.0	14276.0	15.0	235.0	139.0	42.0	19.0	4.0	46.0	8.0	19.0	5.0	0.0	0.0	39.0	0.0	0.0	6.0	0.0	0.0	4.0	0.0	0.0	0.0	0.0	0.0	0.0	0.0	0.0	0.0	0.0	0.0	0.0	0.0	0.0	0.0	0.0	0.0	0.0	0.0	0.0	0.0	0.0	0.0	0.0	0.0	0.0	0.0
SRR21723099	674.0	3367.0	232.0	0.0	1130.0	2801.0	5407.0	5.0	119.0	22.0	35.0	7.0	3.0	52.0	0.0	3.0	0.0	0.0	9.0	32.0	0.0	2.0	7.0	0.0	0.0	4.0	0.0	0.0	0.0	0.0	0.0	0.0	0.0	0.0	0.0	0.0	0.0	0.0	0.0	0.0	0.0	0.0	0.0	0.0	0.0	0.0	0.0	0.0	0.0	0.0	0.0	0.0	0.0
SRR21723117	678.0	2976.0	297.0	0.0	746.0	2063.0	7242.0	6.0	116.0	61.0	38.0	9.0	0.0	5.0	2.0	0.0	0.0	0.0	0.0	51.0	0.0	0.0	0.0	0.0	0.0	0.0	0.0	0.0	0.0	0.0	0.0	0.0	0.0	0.0	0.0	0.0	0.0	0.0	0.0	0.0	0.0	0.0	0.0	0.0	0.0	0.0	0.0	0.0	0.0	0.0	0.0	0.0	0.0
SRR21723140	2610.0	8584.0	761.0	6.0	1776.0	4327.0	18291.0	25.0	477.0	150.0	65.0	2.0	9.0	33.0	3.0	21.0	0.0	0.0	3.0	160.0	0.0	0.0	8.0	0.0	0.0	3.0	0.0	0.0	0.0	0.0	0.0	0.0	0.0	0.0	0.0	0.0	0.0	0.0	0.0	0.0	0.0	0.0	0.0	0.0	0.0	0.0	0.0	0.0	0.0	0.0	0.0	0.0	0.0
SRR21723141	1734.0	8525.0	676.0	16.0	2339.0	4763.0	17849.0	30.0	314.0	164.0	128.0	36.0	0.0	30.0	0.0	6.0	7.0	0.0	0.0	35.0	0.0	0.0	15.0	0.0	0.0	0.0	0.0	0.0	0.0	0.0	0.0	0.0	0.0	0.0	0.0	0.0	0.0	0.0	0.0	0.0	0.0	0.0	0.0	0.0	0.0	0.0	0.0	0.0	0.0	0.0	0.0	0.0	0.0
SRR21723142	2131.0	8415.0	911.0	0.0	2755.0	6231.0	18516.0	26.0	330.0	264.0	133.0	58.0	0.0	80.0	7.0	23.0	0.0	0.0	3.0	124.0	0.0	2.0	29.0	0.0	0.0	25.0	0.0	0.0	0.0	0.0	0.0	0.0	0.0	0.0	0.0	0.0	0.0	0.0	0.0	0.0	0.0	0.0	0.0	0.0	0.0	0.0	0.0	0.0	0.0	0.0	0.0	0.0	0.0
SRR21723143	1367.0	5478.0	843.0	0.0	1531.0	4648.0	13344.0	6.0	303.0	165.0	52.0	36.0	0.0	33.0	2.0	5.0	0.0	0.0	2.0	81.0	0.0	0.0	14.0	0.0	0.0	16.0	0.0	0.0	0.0	0.0	0.0	0.0	0.0	0.0	0.0	0.0	0.0	0.0	0.0	0.0	0.0	0.0	0.0	0.0	0.0	0.0	0.0	0.0	0.0	0.0	0.0	0.0	0.0
SRR21723194	578.0	3255.0	436.0	0.0	1319.0	3004.0	10772.0	8.0	104.0	116.0	56.0	5.0	0.0	3.0	0.0	0.0	0.0	0.0	0.0	0.0	0.0	0.0	5.0	0.0	0.0	0.0	0.0	0.0	0.0	0.0	0.0	0.0	0.0	0.0	0.0	0.0	0.0	0.0	0.0	0.0	0.0	0.0	0.0	0.0	0.0	0.0	0.0	0.0	0.0	0.0	0.0	0.0	0.0
SRR21723197	272.0	1624.0	175.0	0.0	807.0	2550.0	5097.0	0.0	23.0	56.0	17.0	6.0	0.0	0.0	0.0	0.0	0.0	0.0	0.0	17.0	0.0	0.0	0.0	0.0	0.0	0.0	0.0	0.0	0.0	0.0	0.0	0.0	0.0	0.0	0.0	0.0	0.0	0.0	0.0	0.0	0.0	0.0	0.0	0.0	0.0	0.0	0.0	0.0	0.0	0.0	0.0	0.0	0.0
SRR21723199	478.0	3384.0	113.0	0.0	1869.0	2327.0	8034.0	0.0	117.0	47.0	21.0	0.0	0.0	20.0	0.0	0.0	0.0	0.0	0.0	41.0	0.0	0.0	4.0	0.0	0.0	0.0	0.0	0.0	0.0	0.0	0.0	0.0	0.0	0.0	0.0	0.0	0.0	0.0	0.0	0.0	0.0	0.0	0.0	0.0	0.0	0.0	0.0	0.0	0.0	0.0	0.0	0.0	0.0
SRR21723200	843.0	4095.0	492.0	0.0	2093.0	2941.0	8626.0	0.0	170.0	151.0	11.0	4.0	5.0	2.0	0.0	10.0	4.0	0.0	0.0	23.0	0.0	0.0	0.0	0.0	4.0	0.0	0.0	0.0	0.0	0.0	0.0	0.0	0.0	0.0	0.0	0.0	0.0	0.0	0.0	0.0	0.0	0.0	0.0	0.0	0.0	0.0	0.0	0.0	0.0	0.0	0.0	0.0	0.0
SRR21723201	914.0	4324.0	468.0	0.0	1341.0	2035.0	11826.0	0.0	139.0	97.0	53.0	2.0	0.0	10.0	4.0	2.0	0.0	0.0	0.0	16.0	0.0	0.0	0.0	0.0	0.0	8.0	0.0	0.0	0.0	0.0	0.0	0.0	0.0	0.0	0.0	0.0	0.0	0.0	0.0	0.0	0.0	0.0	0.0	0.0	0.0	0.0	0.0	0.0	0.0	0.0	0.0	0.0	0.0
SRR21723202	731.0	5247.0	609.0	0.0	2117.0	4810.0	10983.0	3.0	225.0	162.0	25.0	2.0	0.0	18.0	6.0	31.0	0.0	0.0	0.0	24.0	0.0	0.0	0.0	0.0	0.0	0.0	0.0	0.0	0.0	0.0	0.0	0.0	0.0	0.0	0.0	0.0	0.0	0.0	0.0	0.0	0.0	0.0	0.0	0.0	0.0	0.0	0.0	0.0	0.0	0.0	0.0	0.0	0.0
SRR21723219	609.0	4701.0	582.0	0.0	1632.0	2085.0	8881.0	5.0	131.0	63.0	61.0	10.0	0.0	15.0	4.0	0.0	0.0	2.0	2.0	23.0	0.0	0.0	2.0	0.0	0.0	3.0	0.0	0.0	0.0	0.0	0.0	0.0	0.0	0.0	0.0	0.0	0.0	0.0	0.0	0.0	0.0	0.0	0.0	0.0	0.0	0.0	0.0	0.0	0.0	0.0	0.0	0.0	0.0
SRR21723220	970.0	6518.0	836.0	0.0	2509.0	3366.0	12132.0	19.0	161.0	87.0	73.0	12.0	0.0	27.0	3.0	19.0	2.0	0.0	0.0	13.0	0.0	0.0	0.0	0.0	0.0	7.0	0.0	0.0	0.0	0.0	0.0	0.0	0.0	0.0	0.0	0.0	0.0	0.0	0.0	0.0	0.0	0.0	0.0	0.0	0.0	0.0	0.0	0.0	0.0	0.0	0.0	0.0	0.0
SRR21723221	2208.0	6347.0	831.0	0.0	666.0	3520.0	13835.0	27.0	339.0	160.0	45.0	29.0	0.0	28.0	0.0	11.0	2.0	3.0	0.0	83.0	3.0	4.0	11.0	0.0	3.0	35.0	0.0	0.0	0.0	0.0	0.0	0.0	0.0	0.0	0.0	0.0	0.0	0.0	0.0	0.0	0.0	0.0	0.0	0.0	0.0	0.0	0.0	0.0	0.0	0.0	0.0	0.0	0.0
SRR21723222	856.0	8921.0	1425.0	0.0	3668.0	3357.0	13581.0	19.0	257.0	138.0	74.0	41.0	3.0	16.0	26.0	9.0	3.0	0.0	0.0	28.0	0.0	0.0	35.0	0.0	0.0	0.0	0.0	0.0	0.0	0.0	0.0	0.0	0.0	0.0	0.0	0.0	0.0	0.0	0.0	0.0	0.0	0.0	0.0	0.0	0.0	0.0	0.0	0.0	0.0	0.0	0.0	0.0	0.0
SRR21723223	683.0	7132.0	1106.0	0.0	1907.0	1744.0	8099.0	9.0	110.0	51.0	62.0	13.0	0.0	0.0	0.0	6.0	0.0	0.0	0.0	0.0	0.0	3.0	14.0	0.0	0.0	0.0	0.0	0.0	0.0	0.0	0.0	0.0	0.0	0.0	0.0	0.0	0.0	0.0	0.0	0.0	0.0	0.0	0.0	0.0	0.0	0.0	0.0	0.0	0.0	0.0	0.0	0.0	0.0
SRR21723227	201.0	2712.0	722.0	0.0	1413.0	1547.0	5600.0	0.0	58.0	42.0	31.0	2.0	0.0	0.0	15.0	3.0	0.0	0.0	0.0	9.0	0.0	0.0	0.0	0.0	0.0	0.0	0.0	0.0	0.0	0.0	0.0	0.0	0.0	0.0	0.0	0.0	0.0	0.0	0.0	0.0	0.0	0.0	0.0	0.0	0.0	0.0	0.0	0.0	0.0	0.0	0.0	0.0	0.0
SRR21723229	406.0	5046.0	1359.0	0.0	2897.0	1944.0	9984.0	2.0	96.0	43.0	74.0	10.0	0.0	16.0	17.0	0.0	0.0	0.0	0.0	3.0	0.0	2.0	6.0	0.0	0.0	0.0	0.0	0.0	0.0	0.0	0.0	0.0	0.0	0.0	0.0	0.0	0.0	0.0	0.0	0.0	0.0	0.0	0.0	0.0	0.0	0.0	0.0	0.0	0.0	0.0	0.0	0.0	0.0
SRR21723230	1332.0	6888.0	1185.0	0.0	3017.0	4349.0	14912.0	21.0	297.0	241.0	118.0	43.0	3.0	64.0	5.0	11.0	0.0	0.0	3.0	64.0	0.0	3.0	10.0	0.0	6.0	14.0	0.0	0.0	0.0	0.0	0.0	0.0	0.0	0.0	0.0	0.0	0.0	0.0	0.0	0.0	0.0	0.0	0.0	0.0	0.0	0.0	0.0	0.0	0.0	0.0	0.0	0.0	0.0
SRR21723231	1081.0	4866.0	1376.0	0.0	1569.0	3338.0	11758.0	13.0	163.0	41.0	69.0	25.0	0.0	17.0	3.0	0.0	0.0	0.0	0.0	40.0	0.0	4.0	0.0	0.0	0.0	9.0	0.0	0.0	0.0	0.0	0.0	0.0	0.0	0.0	0.0	0.0	0.0	0.0	0.0	0.0	0.0	0.0	0.0	0.0	0.0	0.0	0.0	0.0	0.0	0.0	0.0	0.0	0.0
SRR21723232	318.0	3357.0	766.0	0.0	1284.0	1835.0	7829.0	0.0	108.0	54.0	32.0	2.0	0.0	18.0	10.0	7.0	0.0	0.0	0.0	12.0	0.0	2.0	8.0	0.0	0.0	3.0	0.0	0.0	0.0	0.0	0.0	0.0	0.0	0.0	0.0	0.0	0.0	0.0	0.0	0.0	0.0	0.0	0.0	0.0	0.0	0.0	0.0	0.0	0.0	0.0	0.0	0.0	0.0
SRR21723234	259.0	3196.0	1161.0	0.0	1312.0	1898.0	7327.0	12.0	37.0	17.0	31.0	18.0	0.0	14.0	4.0	2.0	0.0	0.0	0.0	21.0	0.0	2.0	3.0	0.0	0.0	0.0	0.0	0.0	0.0	0.0	0.0	0.0	0.0	0.0	0.0	0.0	0.0	0.0	0.0	0.0	0.0	0.0	0.0	0.0	0.0	0.0	0.0	0.0	0.0	0.0	0.0	0.0	0.0
SRR21723246	429.0	3107.0	205.0	3.0	981.0	1574.0	4438.0	8.0	87.0	14.0	4.0	32.0	0.0	12.0	0.0	0.0	2.0	0.0	0.0	12.0	0.0	0.0	0.0	0.0	0.0	0.0	0.0	0.0	0.0	0.0	0.0	0.0	0.0	0.0	0.0	0.0	0.0	0.0	0.0	0.0	0.0	0.0	0.0	0.0	0.0	0.0	0.0	0.0	0.0	0.0	0.0	0.0	0.0
SRR21723256	486.0	4799.0	496.0	0.0	2568.0	1287.0	7135.0	12.0	156.0	92.0	54.0	13.0	0.0	26.0	9.0	8.0	0.0	0.0	0.0	49.0	0.0	5.0	2.0	0.0	0.0	0.0	0.0	0.0	0.0	0.0	0.0	0.0	0.0	0.0	0.0	0.0	0.0	0.0	0.0	0.0	0.0	0.0	0.0	0.0	0.0	0.0	0.0	0.0	0.0	0.0	0.0	0.0	0.0
SRR21723319	650.0	4253.0	384.0	0.0	2463.0	1994.0	7643.0	9.0	115.0	121.0	36.0	22.0	0.0	34.0	0.0	10.0	0.0	0.0	0.0	60.0	0.0	0.0	14.0	0.0	0.0	0.0	0.0	0.0	0.0	0.0	0.0	0.0	0.0	0.0	0.0	0.0	0.0	0.0	0.0	0.0	0.0	0.0	0.0	0.0	0.0	0.0	0.0	0.0	0.0	0.0	0.0	0.0	0.0
SRR21723352	5493.0	14495.0	1065.0	0.0	2984.0	12941.0	34319.0	27.0	846.0	487.0	116.0	24.0	6.0	98.0	22.0	26.0	28.0	0.0	2.0	297.0	0.0	0.0	20.0	0.0	13.0	69.0	0.0	0.0	0.0	0.0	0.0	0.0	0.0	0.0	0.0	0.0	0.0	0.0	0.0	0.0	0.0	0.0	0.0	0.0	0.0	0.0	0.0	0.0	0.0	0.0	0.0	0.0	0.0
SRR21723353	1214.0	3609.0	375.0	0.0	729.0	3479.0	9293.0	15.0	167.0	111.0	18.0	27.0	0.0	24.0	0.0	7.0	0.0	0.0	0.0	74.0	0.0	0.0	2.0	0.0	0.0	19.0	0.0	2.0	0.0	0.0	0.0	0.0	0.0	0.0	0.0	0.0	0.0	0.0	0.0	0.0	0.0	0.0	0.0	0.0	0.0	0.0	0.0	0.0	0.0	0.0	0.0	0.0	0.0
SRR21723355	942.0	5509.0	415.0	4.0	2313.0	1832.0	8510.0	20.0	167.0	134.0	66.0	5.0	0.0	71.0	7.0	0.0	2.0	0.0	0.0	48.0	3.0	0.0	8.0	0.0	0.0	4.0	0.0	0.0	0.0	0.0	0.0	0.0	0.0	0.0	0.0	0.0	0.0	0.0	0.0	0.0	0.0	0.0	0.0	0.0	0.0	0.0	0.0	0.0	0.0	0.0	0.0	0.0	0.0
SRR21723356	1045.0	2754.0	208.0	2.0	1145.0	3099.0	7801.0	11.0	122.0	80.0	27.0	4.0	4.0	22.0	3.0	0.0	10.0	0.0	0.0	10.0	0.0	0.0	16.0	0.0	0.0	0.0	0.0	0.0	0.0	0.0	0.0	0.0	0.0	0.0	0.0	0.0	0.0	0.0	0.0	0.0	0.0	0.0	0.0	0.0	0.0	0.0	0.0	0.0	0.0	0.0	0.0	0.0	0.0
SRR21723357	1833.0	6922.0	584.0	0.0	3230.0	4325.0	11320.0	10.0	307.0	160.0	56.0	14.0	0.0	50.0	8.0	30.0	0.0	0.0	0.0	42.0	0.0	0.0	8.0	0.0	0.0	7.0	0.0	0.0	0.0	0.0	0.0	0.0	0.0	0.0	0.0	0.0	0.0	0.0	0.0	0.0	0.0	0.0	0.0	0.0	0.0	0.0	0.0	0.0	0.0	0.0	0.0	0.0	0.0
SRR21723361	1510.0	3117.0	291.0	0.0	692.0	2906.0	8202.0	7.0	193.0	61.0	56.0	22.0	0.0	13.0	0.0	6.0	0.0	0.0	0.0	63.0	0.0	0.0	4.0	2.0	0.0	26.0	0.0	0.0	0.0	0.0	0.0	0.0	0.0	0.0	0.0	0.0	0.0	0.0	0.0	0.0	0.0	0.0	0.0	0.0	0.0	0.0	0.0	0.0	0.0	0.0	0.0	0.0	0.0
SRR21723362	855.0	3636.0	486.0	2.0	1017.0	2899.0	7031.0	5.0	160.0	55.0	39.0	22.0	0.0	15.0	7.0	0.0	0.0	0.0	0.0	30.0	0.0	0.0	6.0	0.0	0.0	0.0	0.0	0.0	0.0	0.0	0.0	0.0	0.0	0.0	0.0	0.0	0.0	0.0	0.0	0.0	0.0	0.0	0.0	0.0	0.0	0.0	0.0	0.0	0.0	0.0	0.0	0.0	0.0
SRR21723363	1338.0	4691.0	540.0	0.0	912.0	3790.0	8350.0	16.0	150.0	90.0	23.0	16.0	0.0	42.0	0.0	10.0	10.0	0.0	0.0	3.0	0.0	2.0	0.0	0.0	0.0	0.0	0.0	0.0	0.0	0.0	0.0	0.0	0.0	0.0	0.0	0.0	0.0	0.0	0.0	0.0	0.0	0.0	0.0	0.0	0.0	0.0	0.0	0.0	0.0	0.0	0.0	0.0	0.0
SRR21723364	3455.0	13542.0	1309.0	0.0	4012.0	6416.0	22668.0	55.0	637.0	297.0	81.0	85.0	7.0	82.0	16.0	5.0	3.0	0.0	0.0	76.0	0.0	8.0	37.0	0.0	7.0	37.0	0.0	0.0	0.0	0.0	0.0	0.0	0.0	0.0	0.0	0.0	0.0	0.0	0.0	0.0	0.0	0.0	0.0	0.0	0.0	0.0	0.0	0.0	0.0	0.0	0.0	0.0	0.0
SRR21723365	1210.0	3798.0	446.0	0.0	632.0	1973.0	7697.0	10.0	226.0	105.0	27.0	18.0	0.0	44.0	0.0	0.0	5.0	0.0	0.0	36.0	0.0	0.0	3.0	0.0	0.0	2.0	0.0	0.0	0.0	0.0	0.0	0.0	0.0	0.0	0.0	0.0	0.0	0.0	0.0	0.0	0.0	0.0	0.0	0.0	0.0	0.0	0.0	0.0	0.0	0.0	0.0	0.0	0.0
SRR21723366	1435.0	6255.0	1296.0	0.0	697.0	2509.0	10631.0	40.0	314.0	105.0	8.0	25.0	0.0	14.0	3.0	9.0	0.0	0.0	6.0	91.0	0.0	3.0	2.0	0.0	0.0	16.0	0.0	0.0	0.0	0.0	0.0	0.0	0.0	0.0	0.0	0.0	0.0	0.0	0.0	0.0	0.0	0.0	0.0	0.0	0.0	0.0	0.0	0.0	0.0	0.0	0.0	0.0	0.0
SRR21723369	610.0	5736.0	402.0	0.0	960.0	1201.0	9014.0	30.0	129.0	71.0	51.0	66.0	4.0	37.0	4.0	2.0	0.0	0.0	3.0	56.0	0.0	3.0	4.0	0.0	0.0	3.0	0.0	0.0	0.0	0.0	0.0	0.0	0.0	0.0	0.0	0.0	0.0	0.0	0.0	0.0	0.0	0.0	0.0	0.0	0.0	0.0	0.0	0.0	0.0	0.0	0.0	0.0	0.0
SRR21723380	555.0	6576.0	924.0	4.0	1213.0	1111.0	6994.0	22.0	152.0	47.0	36.0	17.0	0.0	30.0	2.0	0.0	0.0	0.0	0.0	42.0	2.0	5.0	34.0	0.0	0.0	0.0	0.0	0.0	0.0	0.0	0.0	0.0	0.0	0.0	0.0	0.0	0.0	0.0	0.0	0.0	0.0	0.0	0.0	0.0	0.0	0.0	0.0	0.0	0.0	0.0	0.0	0.0	0.0
SRR21723401	494.0	4528.0	415.0	22.0	2450.0	1400.0	8436.0	0.0	127.0	84.0	63.0	4.0	0.0	13.0	0.0	16.0	0.0	0.0	0.0	40.0	0.0	0.0	5.0	0.0	0.0	0.0	0.0	0.0	0.0	0.0	0.0	0.0	0.0	0.0	0.0	0.0	0.0	0.0	0.0	0.0	0.0	0.0	0.0	0.0	0.0	0.0	0.0	0.0	0.0	0.0	0.0	0.0	0.0
SRR21723402	937.0	4425.0	548.0	0.0	2124.0	3224.0	11385.0	10.0	176.0	109.0	79.0	41.0	0.0	21.0	0.0	0.0	0.0	0.0	0.0	26.0	0.0	0.0	8.0	0.0	0.0	12.0	0.0	0.0	0.0	0.0	0.0	0.0	0.0	0.0	0.0	0.0	0.0	0.0	0.0	0.0	0.0	0.0	0.0	0.0	0.0	0.0	0.0	0.0	0.0	0.0	0.0	0.0	0.0
SRR21723404	677.0	4769.0	351.0	0.0	3043.0	1573.0	9285.0	5.0	169.0	98.0	62.0	34.0	0.0	38.0	9.0	15.0	0.0	0.0	0.0	43.0	0.0	0.0	15.0	0.0	0.0	0.0	0.0	0.0	0.0	0.0	0.0	0.0	0.0	0.0	0.0	0.0	0.0	0.0	0.0	0.0	0.0	0.0	0.0	0.0	0.0	0.0	0.0	0.0	0.0	0.0	0.0	0.0	0.0
SRR21723405	824.0	4865.0	368.0	0.0	2232.0	1584.0	13342.0	5.0	210.0	47.0	36.0	4.0	0.0	45.0	0.0	14.0	11.0	0.0	0.0	20.0	0.0	0.0	15.0	0.0	0.0	0.0	0.0	0.0	0.0	0.0	0.0	0.0	0.0	0.0	0.0	0.0	0.0	0.0	0.0	0.0	0.0	0.0	0.0	0.0	0.0	0.0	0.0	0.0	0.0	0.0	0.0	0.0	0.0
SRR21723406	897.0	6692.0	759.0	0.0	2930.0	2737.0	11095.0	10.0	114.0	70.0	70.0	47.0	0.0	52.0	0.0	0.0	0.0	0.0	0.0	71.0	0.0	0.0	17.0	0.0	0.0	0.0	0.0	0.0	0.0	0.0	0.0	0.0	0.0	0.0	0.0	0.0	0.0	0.0	0.0	0.0	0.0	0.0	0.0	0.0	0.0	0.0	0.0	0.0	0.0	0.0	0.0	0.0	0.0
SRR21723407	486.0	2991.0	453.0	0.0	1642.0	2120.0	6756.0	0.0	51.0	89.0	17.0	0.0	0.0	6.0	0.0	0.0	0.0	0.0	0.0	57.0	0.0	0.0	6.0	0.0	3.0	0.0	0.0	0.0	0.0	0.0	0.0	0.0	0.0	0.0	0.0	0.0	0.0	0.0	0.0	0.0	0.0	0.0	0.0	0.0	0.0	0.0	0.0	0.0	0.0	0.0	0.0	0.0	0.0
SRR21723408	717.0	3637.0	255.0	0.0	2402.0	1637.0	8461.0	3.0	73.0	57.0	66.0	0.0	0.0	9.0	6.0	4.0	0.0	0.0	0.0	75.0	0.0	0.0	0.0	0.0	0.0	0.0	0.0	0.0	0.0	0.0	0.0	0.0	0.0	0.0	0.0	0.0	0.0	0.0	0.0	0.0	0.0	0.0	0.0	0.0	0.0	0.0	0.0	0.0	0.0	0.0	0.0	0.0	0.0
SRR21723411	724.0	3524.0	248.0	0.0	2466.0	1691.0	6892.0	3.0	77.0	0.0	51.0	5.0	0.0	46.0	0.0	0.0	0.0	0.0	0.0	43.0	0.0	0.0	13.0	0.0	0.0	0.0	0.0	0.0	0.0	0.0	0.0	0.0	0.0	0.0	0.0	0.0	0.0	0.0	0.0	0.0	0.0	0.0	0.0	0.0	0.0	0.0	0.0	0.0	0.0	0.0	0.0	0.0	0.0
SRR21723413	539.0	3236.0	208.0	0.0	1352.0	2521.0	7175.0	6.0	171.0	40.0	49.0	0.0	0.0	10.0	0.0	0.0	0.0	0.0	0.0	7.0	0.0	0.0	9.0	0.0	0.0	0.0	0.0	0.0	0.0	0.0	0.0	0.0	0.0	0.0	0.0	0.0	0.0	0.0	0.0	0.0	0.0	0.0	0.0	0.0	0.0	0.0	0.0	0.0	0.0	0.0	0.0	0.0	0.0
SRR21723414	798.0	5540.0	533.0	0.0	2045.0	2453.0	10417.0	4.0	221.0	142.0	85.0	6.0	4.0	17.0	7.0	0.0	0.0	0.0	3.0	81.0	0.0	0.0	0.0	0.0	0.0	0.0	0.0	0.0	0.0	0.0	0.0	0.0	0.0	0.0	0.0	0.0	0.0	0.0	0.0	0.0	0.0	0.0	0.0	0.0	0.0	0.0	0.0	0.0	0.0	0.0	0.0	0.0	0.0
SRR21723415	774.0	4159.0	332.0	0.0	2786.0	1797.0	7908.0	4.0	169.0	48.0	32.0	0.0	0.0	33.0	0.0	0.0	0.0	0.0	0.0	48.0	0.0	0.0	7.0	0.0	0.0	0.0	0.0	0.0	0.0	0.0	0.0	0.0	0.0	0.0	0.0	0.0	0.0	0.0	0.0	0.0	0.0	0.0	0.0	0.0	0.0	0.0	0.0	0.0	0.0	0.0	0.0	0.0	0.0
SRR21723418	885.0	3773.0	418.0	0.0	417.0	2155.0	9895.0	0.0	169.0	59.0	26.0	0.0	0.0	0.0	0.0	0.0	0.0	0.0	0.0	53.0	0.0	0.0	0.0	0.0	0.0	0.0	0.0	0.0	0.0	0.0	0.0	0.0	0.0	0.0	0.0	0.0	0.0	0.0	0.0	0.0	0.0	0.0	0.0	0.0	0.0	0.0	0.0	0.0	0.0	0.0	0.0	0.0	0.0
SRR21723419	1035.0	3240.0	160.0	0.0	2341.0	3738.0	8733.0	0.0	108.0	105.0	28.0	15.0	0.0	19.0	0.0	4.0	9.0	0.0	0.0	43.0	2.0	0.0	0.0	0.0	0.0	0.0	0.0	0.0	0.0	0.0	0.0	0.0	0.0	0.0	0.0	0.0	0.0	0.0	0.0	0.0	0.0	0.0	0.0	0.0	0.0	0.0	0.0	0.0	0.0	0.0	0.0	0.0	0.0
SRR21723420	855.0	4947.0	899.0	0.0	1229.0	3329.0	11795.0	9.0	130.0	60.0	68.0	4.0	0.0	27.0	0.0	0.0	0.0	0.0	0.0	45.0	0.0	0.0	0.0	0.0	0.0	4.0	0.0	0.0	0.0	0.0	0.0	0.0	0.0	0.0	0.0	0.0	0.0	0.0	0.0	0.0	0.0	0.0	0.0	0.0	0.0	0.0	0.0	0.0	0.0	0.0	0.0	0.0	0.0
SRR21723421	1035.0	4802.0	894.0	0.0	1961.0	4638.0	11220.0	6.0	150.0	79.0	40.0	4.0	0.0	39.0	3.0	5.0	11.0	0.0	0.0	87.0	0.0	0.0	0.0	0.0	0.0	0.0	0.0	0.0	0.0	0.0	0.0	0.0	0.0	0.0	0.0	0.0	0.0	0.0	0.0	0.0	0.0	0.0	0.0	0.0	0.0	0.0	0.0	0.0	0.0	0.0	0.0	0.0	0.0
SRR21723422	642.0	5439.0	1419.0	0.0	2310.0	3241.0	11727.0	14.0	164.0	112.0	59.0	30.0	0.0	42.0	0.0	6.0	0.0	0.0	0.0	17.0	0.0	0.0	22.0	0.0	0.0	0.0	0.0	0.0	0.0	0.0	0.0	0.0	0.0	0.0	0.0	0.0	0.0	0.0	0.0	0.0	0.0	0.0	0.0	0.0	0.0	0.0	0.0	0.0	0.0	0.0	0.0	0.0	0.0
SRR21723423	1283.0	4874.0	611.0	0.0	1730.0	4606.0	13187.0	6.0	344.0	143.0	57.0	0.0	0.0	35.0	0.0	12.0	11.0	0.0	0.0	95.0	3.0	0.0	8.0	0.0	4.0	0.0	0.0	0.0	0.0	0.0	0.0	0.0	0.0	0.0	0.0	0.0	0.0	0.0	0.0	0.0	0.0	0.0	0.0	0.0	0.0	0.0	0.0	0.0	0.0	0.0	0.0	0.0	0.0
SRR21723424	959.0	5136.0	936.0	0.0	2312.0	4405.0	12430.0	0.0	209.0	126.0	54.0	0.0	0.0	39.0	0.0	0.0	0.0	0.0	0.0	34.0	0.0	0.0	3.0	0.0	0.0	3.0	0.0	0.0	0.0	0.0	0.0	0.0	0.0	0.0	0.0	0.0	0.0	0.0	0.0	0.0	0.0	0.0	0.0	0.0	0.0	0.0	0.0	0.0	0.0	0.0	0.0	0.0	0.0
SRR21723425	474.0	3044.0	331.0	3.0	389.0	2598.0	6686.0	4.0	154.0	46.0	5.0	0.0	0.0	0.0	0.0	10.0	0.0	0.0	0.0	53.0	0.0	0.0	0.0	0.0	0.0	5.0	0.0	0.0	0.0	0.0	0.0	0.0	0.0	0.0	0.0	0.0	0.0	0.0	0.0	0.0	0.0	0.0	0.0	0.0	0.0	0.0	0.0	0.0	0.0	0.0	0.0	0.0	0.0
SRR21723426	746.0	3499.0	454.0	0.0	1332.0	2931.0	9209.0	10.0	232.0	93.0	35.0	10.0	0.0	19.0	4.0	0.0	0.0	0.0	0.0	46.0	0.0	0.0	0.0	0.0	0.0	0.0	0.0	0.0	0.0	0.0	0.0	0.0	0.0	0.0	0.0	0.0	0.0	0.0	0.0	0.0	0.0	0.0	0.0	0.0	0.0	0.0	0.0	0.0	0.0	0.0	0.0	0.0	0.0
SRR21723429	694.0	3888.0	873.0	0.0	1336.0	2799.0	10398.0	14.0	132.0	77.0	29.0	4.0	0.0	21.0	4.0	11.0	0.0	0.0	0.0	22.0	0.0	0.0	2.0	0.0	0.0	8.0	0.0	0.0	0.0	0.0	0.0	0.0	0.0	0.0	0.0	0.0	0.0	0.0	0.0	0.0	0.0	0.0	0.0	0.0	0.0	0.0	0.0	0.0	0.0	0.0	0.0	0.0	0.0
SRR21723430	974.0	5180.0	620.0	0.0	1717.0	2493.0	9832.0	7.0	108.0	50.0	73.0	11.0	5.0	22.0	0.0	16.0	0.0	0.0	0.0	38.0	0.0	0.0	8.0	0.0	0.0	0.0	0.0	0.0	0.0	0.0	0.0	0.0	0.0	0.0	0.0	0.0	0.0	0.0	0.0	0.0	0.0	0.0	0.0	0.0	0.0	0.0	0.0	0.0	0.0	0.0	0.0	0.0	0.0
SRR21723431	394.0	3936.0	783.0	0.0	1408.0	1385.0	5582.0	23.0	100.0	44.0	36.0	25.0	0.0	0.0	8.0	0.0	0.0	0.0	0.0	0.0	0.0	9.0	10.0	0.0	0.0	0.0	0.0	0.0	0.0	0.0	0.0	0.0	0.0	0.0	0.0	0.0	0.0	0.0	0.0	0.0	0.0	0.0	0.0	0.0	0.0	0.0	0.0	0.0	0.0	0.0	0.0	0.0	0.0
SRR21723448	1506.0	4936.0	478.0	0.0	2500.0	4303.0	8422.0	9.0	198.0	170.0	30.0	44.0	5.0	83.0	0.0	12.0	0.0	0.0	0.0	72.0	0.0	0.0	32.0	0.0	0.0	0.0	0.0	0.0	0.0	0.0	0.0	0.0	0.0	0.0	0.0	0.0	0.0	0.0	0.0	0.0	0.0	0.0	0.0	0.0	0.0	0.0	0.0	0.0	0.0	0.0	0.0	0.0	0.0
SRR21723449	1157.0	6032.0	1216.0	18.0	1801.0	1684.0	7796.0	4.0	207.0	79.0	51.0	17.0	2.0	14.0	9.0	10.0	0.0	0.0	0.0	49.0	0.0	0.0	0.0	0.0	0.0	0.0	0.0	0.0	0.0	0.0	0.0	0.0	0.0	0.0	0.0	0.0	0.0	0.0	0.0	0.0	0.0	0.0	0.0	0.0	0.0	0.0	0.0	0.0	0.0	0.0	0.0	0.0	0.0
SRR21723450	1441.0	5963.0	341.0	0.0	2743.0	3273.0	11035.0	0.0	254.0	152.0	57.0	24.0	0.0	17.0	0.0	22.0	8.0	0.0	0.0	19.0	0.0	0.0	14.0	0.0	3.0	0.0	0.0	0.0	0.0	0.0	0.0	0.0	0.0	0.0	0.0	0.0	0.0	0.0	0.0	0.0	0.0	0.0	0.0	0.0	0.0	0.0	0.0	0.0	0.0	0.0	0.0	0.0	0.0
SRR21723451	1192.0	5990.0	313.0	0.0	3267.0	1613.0	8388.0	12.0	195.0	175.0	10.0	30.0	2.0	41.0	5.0	4.0	0.0	0.0	0.0	49.0	0.0	6.0	26.0	0.0	0.0	0.0	0.0	0.0	0.0	0.0	0.0	0.0	0.0	0.0	0.0	0.0	0.0	0.0	0.0	0.0	0.0	0.0	0.0	0.0	0.0	0.0	0.0	0.0	0.0	0.0	0.0	0.0	0.0
SRR21723452	1025.0	5058.0	750.0	8.0	2045.0	3633.0	9032.0	3.0	116.0	173.0	41.0	13.0	0.0	20.0	0.0	3.0	3.0	0.0	2.0	25.0	0.0	0.0	6.0	0.0	0.0	15.0	0.0	0.0	0.0	0.0	0.0	0.0	0.0	0.0	0.0	0.0	0.0	0.0	0.0	0.0	0.0	0.0	0.0	0.0	0.0	0.0	0.0	0.0	0.0	0.0	0.0	0.0	0.0
SRR21723453	1509.0	6021.0	532.0	9.0	2618.0	2068.0	10678.0	19.0	311.0	243.0	82.0	38.0	0.0	66.0	0.0	34.0	0.0	0.0	0.0	74.0	0.0	2.0	0.0	0.0	0.0	0.0	0.0	0.0	0.0	0.0	0.0	0.0	0.0	0.0	0.0	0.0	0.0	0.0	0.0	0.0	0.0	0.0	0.0	0.0	0.0	0.0	0.0	0.0	0.0	0.0	0.0	0.0	0.0
SRR21723454	916.0	4649.0	275.0	0.0	1766.0	1505.0	11379.0	8.0	221.0	142.0	59.0	33.0	0.0	23.0	0.0	13.0	0.0	0.0	0.0	55.0	0.0	0.0	6.0	0.0	4.0	0.0	0.0	0.0	0.0	0.0	0.0	0.0	0.0	0.0	0.0	0.0	0.0	0.0	0.0	0.0	0.0	0.0	0.0	0.0	0.0	0.0	0.0	0.0	0.0	0.0	0.0	0.0	0.0
SRR21723455	799.0	6072.0	632.0	0.0	3147.0	1550.0	8378.0	14.0	256.0	120.0	56.0	47.0	0.0	46.0	18.0	15.0	0.0	0.0	0.0	30.0	0.0	0.0	28.0	0.0	0.0	0.0	0.0	0.0	0.0	0.0	0.0	0.0	0.0	0.0	0.0	0.0	0.0	0.0	0.0	0.0	0.0	0.0	0.0	0.0	0.0	0.0	0.0	0.0	0.0	0.0	0.0	0.0	0.0
SRR21723456	1672.0	7465.0	1065.0	5.0	2324.0	2642.0	13061.0	19.0	296.0	186.0	98.0	9.0	0.0	44.0	6.0	19.0	4.0	0.0	0.0	99.0	0.0	2.0	3.0	0.0	0.0	0.0	0.0	0.0	0.0	0.0	0.0	0.0	0.0	0.0	0.0	0.0	0.0	0.0	0.0	0.0	0.0	0.0	0.0	0.0	0.0	0.0	0.0	0.0	0.0	0.0	0.0	0.0	0.0
SRR21723458	570.0	4987.0	204.0	0.0	2404.0	1837.0	7058.0	6.0	143.0	70.0	27.0	23.0	3.0	42.0	7.0	6.0	0.0	0.0	0.0	59.0	0.0	0.0	34.0	0.0	0.0	0.0	0.0	0.0	0.0	0.0	0.0	0.0	0.0	0.0	0.0	0.0	0.0	0.0	0.0	0.0	0.0	0.0	0.0	0.0	0.0	0.0	0.0	0.0	0.0	0.0	0.0	0.0	0.0
SRR21723459	586.0	4543.0	371.0	0.0	2090.0	1371.0	6805.0	5.0	127.0	56.0	34.0	5.0	0.0	33.0	5.0	13.0	0.0	0.0	0.0	22.0	0.0	0.0	13.0	0.0	0.0	0.0	0.0	0.0	0.0	0.0	0.0	0.0	0.0	0.0	0.0	0.0	0.0	0.0	0.0	0.0	0.0	0.0	0.0	0.0	0.0	0.0	0.0	0.0	0.0	0.0	0.0	0.0	0.0
SRR21723460	1054.0	8294.0	843.0	2.0	3919.0	2855.0	12834.0	17.0	364.0	148.0	91.0	28.0	7.0	70.0	6.0	16.0	0.0	0.0	0.0	85.0	0.0	0.0	39.0	0.0	0.0	0.0	0.0	0.0	0.0	0.0	0.0	0.0	0.0	0.0	0.0	0.0	0.0	0.0	0.0	0.0	0.0	0.0	0.0	0.0	0.0	0.0	0.0	0.0	0.0	0.0	0.0	0.0	0.0
SRR21723461	706.0	3303.0	99.0	0.0	2272.0	1011.0	4998.0	6.0	101.0	76.0	16.0	16.0	3.0	41.0	0.0	14.0	4.0	0.0	0.0	16.0	0.0	0.0	11.0	0.0	0.0	0.0	0.0	0.0	0.0	0.0	0.0	0.0	0.0	0.0	0.0	0.0	0.0	0.0	0.0	0.0	0.0	0.0	0.0	0.0	0.0	0.0	0.0	0.0	0.0	0.0	0.0	0.0	0.0
SRR21723462	1631.0	7944.0	927.0	0.0	3440.0	4767.0	14488.0	10.0	401.0	166.0	62.0	64.0	0.0	33.0	17.0	11.0	0.0	0.0	0.0	72.0	0.0	0.0	11.0	0.0	5.0	0.0	0.0	0.0	0.0	0.0	0.0	0.0	0.0	0.0	0.0	0.0	0.0	0.0	0.0	0.0	0.0	0.0	0.0	0.0	0.0	0.0	0.0	0.0	0.0	0.0	0.0	0.0	0.0
SRR21723463	858.0	4471.0	612.0	13.0	1581.0	3152.0	8924.0	2.0	136.0	104.0	28.0	11.0	6.0	31.0	9.0	8.0	0.0	0.0	0.0	29.0	0.0	0.0	0.0	0.0	0.0	0.0	0.0	0.0	0.0	0.0	0.0	0.0	0.0	0.0	0.0	0.0	0.0	0.0	0.0	0.0	0.0	0.0	0.0	0.0	0.0	0.0	0.0	0.0	0.0	0.0	0.0	0.0	0.0
SRR21723471	532.0	4637.0	346.0	0.0	1336.0	1739.0	6457.0	6.0	82.0	53.0	48.0	7.0	2.0	25.0	10.0	2.0	5.0	0.0	0.0	31.0	0.0	4.0	25.0	0.0	0.0	0.0	0.0	0.0	0.0	0.0	0.0	0.0	0.0	0.0	0.0	0.0	0.0	0.0	0.0	0.0	0.0	0.0	0.0	0.0	0.0	0.0	0.0	0.0	0.0	0.0	0.0	0.0	0.0
SRR21723483	1578.0	6844.0	423.0	0.0	2390.0	3545.0	10460.0	7.0	166.0	145.0	62.0	20.0	4.0	55.0	0.0	9.0	0.0	0.0	10.0	42.0	0.0	0.0	22.0	0.0	0.0	0.0	0.0	0.0	0.0	0.0	0.0	0.0	0.0	0.0	0.0	0.0	0.0	0.0	0.0	0.0	0.0	0.0	0.0	0.0	0.0	0.0	0.0	0.0	0.0	0.0	0.0	0.0	0.0
SRR21723501	1513.0	12284.0	1230.0	0.0	6529.0	4039.0	17324.0	4.0	333.0	225.0	105.0	24.0	0.0	53.0	0.0	7.0	0.0	0.0	3.0	215.0	0.0	0.0	6.0	0.0	4.0	6.0	0.0	0.0	0.0	0.0	0.0	0.0	0.0	0.0	0.0	0.0	0.0	0.0	0.0	0.0	0.0	0.0	0.0	0.0	0.0	0.0	0.0	0.0	0.0	0.0	0.0	0.0	0.0
SRR21723515	657.0	6992.0	926.0	4.0	2033.0	1560.0	8494.0	0.0	223.0	94.0	66.0	96.0	8.0	52.0	0.0	2.0	0.0	0.0	6.0	58.0	0.0	3.0	30.0	0.0	0.0	0.0	0.0	0.0	0.0	0.0	0.0	0.0	0.0	0.0	0.0	0.0	0.0	0.0	0.0	0.0	0.0	0.0	0.0	0.0	0.0	0.0	0.0	0.0	0.0	0.0	0.0	0.0	0.0
SRR21723552	656.0	4620.0	439.0	0.0	1183.0	2337.0	4880.0	6.0	129.0	29.0	21.0	6.0	0.0	26.0	0.0	4.0	0.0	0.0	0.0	33.0	0.0	9.0	5.0	0.0	0.0	0.0	0.0	0.0	0.0	0.0	0.0	0.0	0.0	0.0	0.0	0.0	0.0	0.0	0.0	0.0	0.0	0.0	0.0	0.0	0.0	0.0	0.0	0.0	0.0	0.0	0.0	0.0	0.0
SRR21723563	1504.0	6831.0	684.0	0.0	2354.0	4047.0	13469.0	18.0	294.0	139.0	55.0	45.0	0.0	34.0	8.0	12.0	8.0	0.0	0.0	64.0	0.0	8.0	6.0	0.0	0.0	16.0	0.0	0.0	0.0	0.0	0.0	0.0	0.0	0.0	0.0	0.0	0.0	0.0	0.0	0.0	0.0	0.0	0.0	0.0	0.0	0.0	0.0	0.0	0.0	0.0	0.0	0.0	0.0
SRR21723569	853.0	3567.0	272.0	0.0	1798.0	2613.0	7288.0	3.0	165.0	39.0	21.0	0.0	0.0	30.0	0.0	14.0	0.0	0.0	0.0	62.0	0.0	0.0	8.0	0.0	0.0	4.0	0.0	0.0	0.0	0.0	0.0	0.0	0.0	0.0	0.0	0.0	0.0	0.0	0.0	0.0	0.0	0.0	0.0	0.0	0.0	0.0	0.0	0.0	0.0	0.0	0.0	0.0	0.0
SRR21723580	1188.0	5074.0	365.0	0.0	1760.0	3777.0	8762.0	20.0	212.0	87.0	41.0	25.0	0.0	47.0	0.0	11.0	8.0	0.0	2.0	47.0	0.0	7.0	0.0	0.0	0.0	20.0	0.0	0.0	0.0	0.0	0.0	0.0	0.0	0.0	0.0	0.0	0.0	0.0	0.0	0.0	0.0	0.0	0.0	0.0	0.0	0.0	0.0	0.0	0.0	0.0	0.0	0.0	0.0
SRR21723601	1803.0	7233.0	543.0	5.0	1607.0	3574.0	20618.0	9.0	341.0	110.0	71.0	5.0	0.0	22.0	0.0	4.0	20.0	0.0	0.0	77.0	0.0	0.0	3.0	0.0	0.0	0.0	0.0	0.0	0.0	0.0	0.0	0.0	0.0	0.0	0.0	0.0	0.0	0.0	0.0	0.0	0.0	0.0	0.0	0.0	0.0	0.0	0.0	0.0	0.0	0.0	0.0	0.0	0.0
SRR21723602	684.0	4205.0	435.0	0.0	2471.0	3322.0	9996.0	4.0	126.0	127.0	51.0	24.0	0.0	25.0	0.0	4.0	0.0	0.0	0.0	15.0	0.0	0.0	0.0	0.0	0.0	0.0	0.0	0.0	0.0	0.0	0.0	0.0	0.0	0.0	0.0	0.0	0.0	0.0	0.0	0.0	0.0	0.0	0.0	0.0	0.0	0.0	0.0	0.0	0.0	0.0	0.0	0.0	0.0
SRR21723603	1189.0	4101.0	455.0	2.0	1022.0	1840.0	10027.0	0.0	243.0	113.0	23.0	4.0	0.0	15.0	0.0	0.0	5.0	0.0	5.0	73.0	0.0	0.0	0.0	0.0	0.0	14.0	2.0	0.0	0.0	0.0	0.0	0.0	0.0	0.0	0.0	0.0	0.0	0.0	0.0	0.0	0.0	0.0	0.0	0.0	0.0	0.0	0.0	0.0	0.0	0.0	0.0	0.0	0.0
SRR21723604	840.0	5953.0	350.0	0.0	3457.0	1999.0	9328.0	0.0	173.0	140.0	63.0	0.0	0.0	59.0	0.0	6.0	0.0	0.0	0.0	19.0	0.0	0.0	17.0	0.0	0.0	0.0	0.0	0.0	0.0	0.0	0.0	0.0	0.0	0.0	0.0	0.0	0.0	0.0	0.0	0.0	0.0	0.0	0.0	0.0	0.0	0.0	0.0	0.0	0.0	0.0	0.0	0.0	0.0
SRR21723606	679.0	3192.0	207.0	0.0	1428.0	3102.0	6766.0	0.0	111.0	85.0	6.0	0.0	0.0	18.0	0.0	0.0	0.0	0.0	0.0	0.0	0.0	0.0	6.0	0.0	0.0	0.0	0.0	0.0	0.0	0.0	0.0	0.0	0.0	0.0	0.0	0.0	0.0	0.0	0.0	0.0	0.0	0.0	0.0	0.0	0.0	0.0	0.0	0.0	0.0	0.0	0.0	0.0	0.0
SRR21723607	443.0	2767.0	220.0	0.0	1196.0	2721.0	7769.0	0.0	61.0	64.0	7.0	19.0	0.0	0.0	0.0	0.0	0.0	0.0	0.0	21.0	0.0	0.0	6.0	0.0	0.0	0.0	0.0	0.0	0.0	0.0	0.0	0.0	0.0	0.0	0.0	0.0	0.0	0.0	0.0	0.0	0.0	0.0	0.0	0.0	0.0	0.0	0.0	0.0	0.0	0.0	0.0	0.0	0.0
SRR21723608	477.0	3005.0	343.0	0.0	1142.0	1946.0	6791.0	2.0	130.0	105.0	5.0	6.0	0.0	12.0	0.0	5.0	0.0	0.0	0.0	0.0	0.0	0.0	12.0	0.0	0.0	0.0	0.0	0.0	0.0	0.0	0.0	0.0	0.0	0.0	0.0	0.0	0.0	0.0	0.0	0.0	0.0	0.0	0.0	0.0	0.0	0.0	0.0	0.0	0.0	0.0	0.0	0.0	0.0
SRR21723609	809.0	3417.0	329.0	0.0	477.0	2007.0	7616.0	6.0	167.0	106.0	2.0	0.0	0.0	9.0	0.0	0.0	8.0	0.0	0.0	59.0	0.0	0.0	3.0	0.0	0.0	0.0	0.0	0.0	0.0	0.0	0.0	0.0	0.0	0.0	0.0	0.0	0.0	0.0	0.0	0.0	0.0	0.0	0.0	0.0	0.0	0.0	0.0	0.0	0.0	0.0	0.0	0.0	0.0
SRR21723610	1781.0	8275.0	822.0	0.0	4078.0	6756.0	17916.0	26.0	366.0	165.0	80.0	44.0	0.0	22.0	14.0	19.0	7.0	0.0	0.0	48.0	0.0	0.0	11.0	0.0	0.0	13.0	0.0	0.0	0.0	0.0	0.0	0.0	0.0	0.0	0.0	0.0	0.0	0.0	0.0	0.0	0.0	0.0	0.0	0.0	0.0	0.0	0.0	0.0	0.0	0.0	0.0	0.0	0.0
SRR21723611	766.0	4516.0	427.0	0.0	2310.0	3757.0	8293.0	0.0	235.0	106.0	43.0	25.0	5.0	21.0	0.0	13.0	0.0	0.0	2.0	19.0	0.0	0.0	5.0	0.0	0.0	0.0	0.0	0.0	0.0	0.0	0.0	0.0	0.0	0.0	0.0	0.0	0.0	0.0	0.0	0.0	0.0	0.0	0.0	0.0	0.0	0.0	0.0	0.0	0.0	0.0	0.0	0.0	0.0
SRR21723612	307.0	3451.0	530.0	0.0	2416.0	1909.0	6352.0	4.0	55.0	79.0	47.0	13.0	0.0	4.0	2.0	3.0	0.0	0.0	0.0	36.0	0.0	0.0	14.0	0.0	0.0	0.0	0.0	0.0	0.0	0.0	0.0	0.0	0.0	0.0	0.0	0.0	0.0	0.0	0.0	0.0	0.0	0.0	0.0	0.0	0.0	0.0	0.0	0.0	0.0	0.0	0.0	0.0	0.0
SRR21723613	375.0	3919.0	500.0	0.0	1847.0	1333.0	6567.0	12.0	99.0	81.0	48.0	28.0	2.0	12.0	6.0	0.0	2.0	0.0	0.0	47.0	0.0	0.0	0.0	0.0	0.0	0.0	0.0	0.0	0.0	0.0	0.0	0.0	0.0	0.0	0.0	0.0	0.0	0.0	0.0	0.0	0.0	0.0	0.0	0.0	0.0	0.0	0.0	0.0	0.0	0.0	0.0	0.0	0.0
SRR21723614	804.0	5951.0	639.0	0.0	3561.0	2041.0	10092.0	11.0	128.0	79.0	77.0	43.0	0.0	41.0	14.0	0.0	0.0	0.0	0.0	55.0	0.0	0.0	21.0	0.0	2.0	0.0	0.0	0.0	0.0	0.0	0.0	0.0	0.0	0.0	0.0	0.0	0.0	0.0	0.0	0.0	0.0	0.0	0.0	0.0	0.0	0.0	0.0	0.0	0.0	0.0	0.0	0.0	0.0
SRR21723615	3283.0	22156.0	3467.0	30.0	7675.0	6088.0	40665.0	45.0	710.0	355.0	287.0	99.0	0.0	66.0	24.0	37.0	0.0	0.0	0.0	207.0	0.0	7.0	25.0	0.0	0.0	0.0	0.0	0.0	0.0	0.0	0.0	0.0	0.0	0.0	0.0	0.0	0.0	0.0	0.0	0.0	0.0	0.0	0.0	0.0	0.0	0.0	0.0	0.0	0.0	0.0	0.0	0.0	0.0
SRR21723619	1505.0	5315.0	308.0	0.0	3197.0	3544.0	12270.0	0.0	207.0	167.0	58.0	33.0	2.0	26.0	0.0	0.0	0.0	0.0	0.0	65.0	0.0	0.0	5.0	0.0	0.0	15.0	0.0	0.0	0.0	0.0	0.0	0.0	0.0	0.0	0.0	0.0	0.0	0.0	0.0	0.0	0.0	0.0	0.0	0.0	0.0	0.0	0.0	0.0	0.0	0.0	0.0	0.0	0.0
SRR21723620	1160.0	3965.0	160.0	0.0	2921.0	2103.0	8342.0	8.0	129.0	33.0	51.0	2.0	0.0	43.0	0.0	22.0	0.0	0.0	0.0	41.0	0.0	3.0	14.0	0.0	0.0	2.0	0.0	0.0	0.0	0.0	0.0	0.0	0.0	0.0	0.0	0.0	0.0	0.0	0.0	0.0	0.0	0.0	0.0	0.0	0.0	0.0	0.0	0.0	0.0	0.0	0.0	0.0	0.0
SRR21723621	648.0	5867.0	641.0	4.0	2931.0	1877.0	10661.0	15.0	254.0	183.0	104.0	0.0	0.0	15.0	0.0	6.0	0.0	0.0	0.0	71.0	0.0	0.0	0.0	0.0	0.0	6.0	0.0	0.0	0.0	0.0	0.0	0.0	0.0	0.0	0.0	0.0	0.0	0.0	0.0	0.0	0.0	0.0	0.0	0.0	0.0	0.0	0.0	0.0	0.0	0.0	0.0	0.0	0.0
SRR21723623	818.0	4467.0	497.0	0.0	2301.0	2755.0	8628.0	0.0	69.0	52.0	42.0	5.0	0.0	50.0	0.0	7.0	0.0	0.0	0.0	43.0	0.0	0.0	14.0	0.0	0.0	0.0	0.0	0.0	0.0	0.0	0.0	0.0	0.0	0.0	0.0	0.0	0.0	0.0	0.0	0.0	0.0	0.0	0.0	0.0	0.0	0.0	0.0	0.0	0.0	0.0	0.0	0.0	0.0
SRR21723624	835.0	5191.0	236.0	0.0	3345.0	2239.0	8395.0	0.0	228.0	112.0	51.0	6.0	0.0	95.0	0.0	12.0	0.0	0.0	0.0	72.0	0.0	0.0	4.0	0.0	0.0	0.0	0.0	0.0	0.0	0.0	0.0	0.0	0.0	0.0	0.0	0.0	0.0	0.0	0.0	0.0	0.0	0.0	0.0	0.0	0.0	0.0	0.0	0.0	0.0	0.0	0.0	0.0	0.0
SRR21723625	603.0	3511.0	425.0	0.0	2246.0	2581.0	7760.0	5.0	166.0	32.0	32.0	0.0	3.0	37.0	0.0	0.0	0.0	0.0	0.0	32.0	0.0	0.0	0.0	0.0	0.0	0.0	0.0	0.0	0.0	0.0	0.0	0.0	0.0	0.0	0.0	0.0	0.0	0.0	0.0	0.0	0.0	0.0	0.0	0.0	0.0	0.0	0.0	0.0	0.0	0.0	0.0	0.0	0.0
SRR21723626	689.0	2859.0	204.0	0.0	1253.0	2247.0	6948.0	2.0	108.0	8.0	24.0	0.0	0.0	20.0	8.0	0.0	0.0	0.0	0.0	24.0	0.0	0.0	0.0	0.0	0.0	0.0	0.0	0.0	0.0	0.0	0.0	0.0	0.0	0.0	0.0	0.0	0.0	0.0	0.0	0.0	0.0	0.0	0.0	0.0	0.0	0.0	0.0	0.0	0.0	0.0	0.0	0.0	0.0
SRR21723627	599.0	3061.0	146.0	22.0	1571.0	1488.0	6485.0	2.0	121.0	92.0	34.0	3.0	0.0	5.0	0.0	5.0	0.0	0.0	0.0	31.0	0.0	0.0	0.0	0.0	0.0	0.0	0.0	0.0	0.0	0.0	0.0	0.0	0.0	0.0	0.0	0.0	0.0	0.0	0.0	0.0	0.0	0.0	0.0	0.0	0.0	0.0	0.0	0.0	0.0	0.0	0.0	0.0	0.0
SRR21723628	729.0	3859.0	273.0	0.0	2467.0	2004.0	7064.0	0.0	131.0	88.0	23.0	15.0	2.0	16.0	0.0	27.0	0.0	0.0	0.0	43.0	0.0	0.0	0.0	0.0	0.0	6.0	0.0	0.0	0.0	0.0	0.0	0.0	0.0	0.0	0.0	0.0	0.0	0.0	0.0	0.0	0.0	0.0	0.0	0.0	0.0	0.0	0.0	0.0	0.0	0.0	0.0	0.0	0.0
SRR21723629	444.0	3822.0	555.0	0.0	1405.0	2267.0	6319.0	18.0	92.0	35.0	23.0	0.0	0.0	22.0	5.0	12.0	0.0	0.0	0.0	23.0	0.0	0.0	0.0	0.0	0.0	0.0	0.0	0.0	0.0	0.0	0.0	0.0	0.0	0.0	0.0	0.0	0.0	0.0	0.0	0.0	0.0	0.0	0.0	0.0	0.0	0.0	0.0	0.0	0.0	0.0	0.0	0.0	0.0
SRR21723630	469.0	2364.0	305.0	2.0	1753.0	1400.0	4297.0	9.0	42.0	93.0	25.0	23.0	0.0	14.0	0.0	0.0	0.0	0.0	0.0	36.0	0.0	0.0	0.0	0.0	0.0	0.0	0.0	0.0	0.0	0.0	0.0	0.0	0.0	0.0	0.0	0.0	0.0	0.0	0.0	0.0	0.0	0.0	0.0	0.0	0.0	0.0	0.0	0.0	0.0	0.0	0.0	0.0	0.0
SRR21723631	474.0	3745.0	446.0	0.0	2157.0	1933.0	5941.0	0.0	65.0	7.0	39.0	4.0	0.0	19.0	0.0	0.0	0.0	0.0	0.0	44.0	0.0	0.0	16.0	0.0	0.0	0.0	0.0	0.0	0.0	0.0	0.0	0.0	0.0	0.0	0.0	0.0	0.0	0.0	0.0	0.0	0.0	0.0	0.0	0.0	0.0	0.0	0.0	0.0	0.0	0.0	0.0	0.0	0.0
SRR21723632	916.0	3389.0	383.0	0.0	1679.0	3588.0	6506.0	0.0	187.0	40.0	34.0	27.0	0.0	105.0	0.0	0.0	0.0	0.0	0.0	48.0	0.0	0.0	5.0	0.0	0.0	0.0	0.0	0.0	0.0	0.0	0.0	0.0	0.0	0.0	0.0	0.0	0.0	0.0	0.0	0.0	0.0	0.0	0.0	0.0	0.0	0.0	0.0	0.0	0.0	0.0	0.0	0.0	0.0
SRR21723633	775.0	7005.0	1122.0	0.0	2277.0	2300.0	11130.0	25.0	180.0	81.0	70.0	20.0	0.0	15.0	8.0	0.0	0.0	0.0	0.0	19.0	0.0	0.0	5.0	0.0	0.0	0.0	0.0	0.0	0.0	0.0	0.0	0.0	0.0	0.0	0.0	0.0	0.0	0.0	0.0	0.0	0.0	0.0	0.0	0.0	0.0	0.0	0.0	0.0	0.0	0.0	0.0	0.0	0.0
SRR21723634	608.0	4219.0	572.0	0.0	2358.0	1912.0	11038.0	5.0	92.0	50.0	50.0	26.0	4.0	19.0	0.0	11.0	0.0	0.0	4.0	0.0	0.0	0.0	6.0	0.0	0.0	3.0	0.0	0.0	0.0	0.0	0.0	0.0	0.0	0.0	0.0	0.0	0.0	0.0	0.0	0.0	0.0	0.0	0.0	0.0	0.0	0.0	0.0	0.0	0.0	0.0	0.0	0.0	0.0
SRR21723636	391.0	4940.0	1130.0	0.0	3473.0	1836.0	10101.0	14.0	83.0	55.0	67.0	20.0	0.0	6.0	22.0	0.0	0.0	0.0	0.0	46.0	0.0	6.0	12.0	0.0	0.0	0.0	0.0	0.0	0.0	0.0	0.0	0.0	0.0	0.0	0.0	0.0	0.0	0.0	0.0	0.0	0.0	0.0	0.0	0.0	0.0	0.0	0.0	0.0	0.0	0.0	0.0	0.0	0.0
SRR21723637	1217.0	5880.0	927.0	0.0	807.0	2562.0	11154.0	19.0	190.0	112.0	57.0	13.0	3.0	22.0	0.0	5.0	0.0	0.0	0.0	91.0	0.0	3.0	4.0	0.0	0.0	0.0	0.0	0.0	0.0	0.0	0.0	0.0	0.0	0.0	0.0	0.0	0.0	0.0	0.0	0.0	0.0	0.0	0.0	0.0	0.0	0.0	0.0	0.0	0.0	0.0	0.0	0.0	0.0
SRR21723638	945.0	8083.0	1230.0	0.0	1919.0	3381.0	10041.0	28.0	142.0	95.0	63.0	19.0	0.0	17.0	8.0	0.0	0.0	0.0	0.0	14.0	0.0	0.0	22.0	0.0	0.0	2.0	0.0	0.0	0.0	0.0	0.0	0.0	0.0	0.0	0.0	0.0	0.0	0.0	0.0	0.0	0.0	0.0	0.0	0.0	0.0	0.0	0.0	0.0	0.0	0.0	0.0	0.0	0.0
SRR21723639	871.0	4592.0	571.0	0.0	904.0	1806.0	8230.0	17.0	108.0	37.0	36.0	5.0	0.0	2.0	0.0	3.0	0.0	0.0	0.0	36.0	0.0	2.0	2.0	0.0	0.0	0.0	0.0	0.0	0.0	0.0	0.0	0.0	0.0	0.0	0.0	0.0	0.0	0.0	0.0	0.0	0.0	0.0	0.0	0.0	0.0	0.0	0.0	0.0	0.0	0.0	0.0	0.0	0.0
SRR21723640	2853.0	9927.0	1314.0	3.0	2076.0	4723.0	21219.0	18.0	451.0	144.0	69.0	85.0	0.0	28.0	13.0	18.0	9.0	0.0	0.0	85.0	0.0	2.0	7.0	0.0	0.0	0.0	0.0	0.0	0.0	0.0	0.0	0.0	0.0	0.0	0.0	0.0	0.0	0.0	0.0	0.0	0.0	0.0	0.0	0.0	0.0	0.0	0.0	0.0	0.0	0.0	0.0	0.0	0.0
SRR21723641	666.0	4069.0	513.0	0.0	784.0	1726.0	8055.0	0.0	126.0	32.0	80.0	11.0	4.0	15.0	0.0	0.0	0.0	0.0	0.0	37.0	0.0	3.0	13.0	0.0	0.0	0.0	0.0	0.0	0.0	0.0	0.0	0.0	0.0	0.0	0.0	0.0	0.0	0.0	0.0	0.0	0.0	0.0	0.0	0.0	0.0	0.0	0.0	0.0	0.0	0.0	0.0	0.0	0.0
SRR21723643	889.0	9988.0	1501.0	0.0	3571.0	4543.0	13819.0	37.0	218.0	137.0	104.0	13.0	4.0	21.0	22.0	0.0	0.0	0.0	0.0	23.0	0.0	0.0	17.0	0.0	0.0	2.0	0.0	0.0	0.0	0.0	0.0	0.0	0.0	0.0	0.0	0.0	0.0	0.0	0.0	0.0	0.0	0.0	0.0	0.0	0.0	0.0	0.0	0.0	0.0	0.0	0.0	0.0	0.0
SRR21723644	826.0	6524.0	895.0	0.0	2531.0	3154.0	10288.0	16.0	144.0	124.0	111.0	24.0	0.0	3.0	12.0	4.0	0.0	0.0	0.0	12.0	0.0	2.0	8.0	0.0	0.0	0.0	0.0	0.0	0.0	0.0	0.0	0.0	0.0	0.0	0.0	0.0	0.0	0.0	0.0	0.0	0.0	0.0	0.0	0.0	0.0	0.0	0.0	0.0	0.0	0.0	0.0	0.0	0.0
SRR21723645	1701.0	4843.0	334.0	7.0	2453.0	5412.0	11952.0	2.0	189.0	132.0	53.0	35.0	0.0	33.0	0.0	4.0	17.0	0.0	0.0	69.0	0.0	0.0	0.0	0.0	0.0	8.0	0.0	0.0	0.0	0.0	0.0	0.0	0.0	0.0	0.0	0.0	0.0	0.0	0.0	0.0	0.0	0.0	0.0	0.0	0.0	0.0	0.0	0.0	0.0	0.0	0.0	0.0	0.0
SRR21723647	563.0	6079.0	2014.0	0.0	2966.0	2436.0	12290.0	14.0	57.0	34.0	43.0	2.0	0.0	5.0	0.0	0.0	0.0	0.0	0.0	14.0	0.0	5.0	12.0	0.0	0.0	0.0	0.0	0.0	0.0	0.0	0.0	0.0	0.0	0.0	0.0	0.0	0.0	0.0	0.0	0.0	0.0	0.0	0.0	0.0	0.0	0.0	0.0	0.0	0.0	0.0	0.0	0.0	0.0
SRR21723658	2122.0	8383.0	755.0	0.0	3154.0	4136.0	15101.0	13.0	232.0	99.0	41.0	41.0	2.0	78.0	12.0	19.0	0.0	0.0	0.0	92.0	0.0	2.0	39.0	0.0	0.0	15.0	0.0	0.0	0.0	0.0	0.0	0.0	0.0	0.0	0.0	0.0	0.0	0.0	0.0	0.0	0.0	0.0	0.0	0.0	0.0	0.0	0.0	0.0	0.0	0.0	0.0	0.0	0.0
SRR11143351	1561.0	6514.0	1106.0	0.0	1397.0	953.0	6893.0	0.0	785.0	183.0	1027.0	92.0	152.0	0.0	0.0	0.0	0.0	0.0	16.0	154.0	0.0	166.0	639.0	0.0	0.0	0.0	0.0	0.0	0.0	25.0	0.0	0.0	0.0	0.0	0.0	0.0	0.0	0.0	0.0	0.0	0.0	0.0	0.0	0.0	0.0	0.0	0.0	0.0	0.0	0.0	0.0	0.0	0.0
SRR11143441	289.0	2411.0	601.0	25.0	1195.0	219.0	4960.0	0.0	358.0	234.0	876.0	0.0	87.0	0.0	0.0	0.0	0.0	0.0	0.0	23.0	0.0	0.0	0.0	0.0	0.0	0.0	30.0	0.0	0.0	0.0	0.0	0.0	0.0	0.0	0.0	0.0	0.0	0.0	0.0	0.0	0.0	0.0	0.0	0.0	0.0	0.0	0.0	0.0	0.0	0.0	0.0	0.0	0.0
SRR11143442	1210.0	5975.0	4401.0	0.0	6350.0	673.0	1316.0	0.0	1821.0	1844.0	711.0	463.0	351.0	0.0	44.0	124.0	0.0	0.0	127.0	341.0	5.0	0.0	442.0	0.0	0.0	0.0	0.0	0.0	0.0	0.0	0.0	50.0	0.0	0.0	0.0	0.0	0.0	0.0	0.0	0.0	0.0	0.0	0.0	0.0	0.0	0.0	0.0	0.0	0.0	0.0	0.0	0.0	0.0
SRR11143443	1331.0	5311.0	3519.0	0.0	5402.0	460.0	658.0	0.0	1265.0	2121.0	757.0	308.0	391.0	0.0	0.0	105.0	0.0	0.0	157.0	250.0	16.0	0.0	1474.0	0.0	0.0	0.0	0.0	0.0	0.0	0.0	0.0	45.0	0.0	0.0	0.0	0.0	0.0	0.0	0.0	0.0	0.0	0.0	0.0	0.0	0.0	0.0	0.0	0.0	0.0	0.0	0.0	0.0	0.0
SRR11143444	1015.0	4039.0	3511.0	0.0	4827.0	474.0	1079.0	0.0	1116.0	1406.0	813.0	213.0	326.0	0.0	0.0	63.0	0.0	0.0	0.0	208.0	0.0	9.0	175.0	0.0	0.0	0.0	0.0	0.0	0.0	0.0	0.0	34.0	0.0	0.0	0.0	0.0	0.0	0.0	0.0	0.0	0.0	0.0	0.0	0.0	0.0	0.0	0.0	0.0	0.0	0.0	0.0	0.0	0.0
SRR11143445	1627.0	6445.0	3348.0	0.0	6208.0	1129.0	2024.0	0.0	897.0	1357.0	988.0	522.0	637.0	0.0	0.0	109.0	0.0	0.0	63.0	274.0	17.0	20.0	555.0	0.0	0.0	0.0	0.0	0.0	27.0	0.0	0.0	28.0	0.0	0.0	0.0	0.0	0.0	0.0	0.0	0.0	0.0	0.0	0.0	0.0	0.0	0.0	0.0	0.0	0.0	0.0	0.0	0.0	0.0
SRR11143447	1085.0	5462.0	2240.0	15.0	5028.0	461.0	2229.0	0.0	1173.0	1053.0	934.0	206.0	405.0	0.0	19.0	52.0	0.0	0.0	161.0	301.0	0.0	0.0	244.0	0.0	0.0	0.0	0.0	0.0	0.0	0.0	0.0	0.0	0.0	0.0	0.0	0.0	0.0	0.0	0.0	0.0	0.0	0.0	0.0	0.0	0.0	0.0	0.0	0.0	0.0	0.0	0.0	0.0	0.0
SRR11143448	835.0	3870.0	1587.0	173.0	4315.0	581.0	3403.0	0.0	87.0	691.0	1871.0	93.0	72.0	0.0	19.0	0.0	0.0	0.0	0.0	326.0	0.0	0.0	0.0	0.0	0.0	0.0	0.0	0.0	0.0	0.0	0.0	0.0	0.0	0.0	0.0	0.0	0.0	0.0	0.0	0.0	0.0	0.0	0.0	0.0	0.0	0.0	0.0	0.0	0.0	0.0	0.0	0.0	0.0
SRR11143449	572.0	4245.0	1154.0	0.0	4109.0	805.0	4017.0	0.0	215.0	931.0	1548.0	22.0	241.0	0.0	49.0	0.0	0.0	0.0	0.0	479.0	0.0	0.0	0.0	0.0	0.0	0.0	0.0	0.0	0.0	0.0	0.0	0.0	0.0	0.0	0.0	0.0	0.0	0.0	0.0	0.0	0.0	0.0	0.0	0.0	0.0	0.0	0.0	0.0	0.0	0.0	0.0	0.0	0.0
SRR11143450	797.0	4339.0	1120.0	25.0	3091.0	1000.0	2806.0	0.0	417.0	570.0	1283.0	186.0	112.0	0.0	0.0	67.0	0.0	0.0	15.0	167.0	0.0	25.0	186.0	0.0	0.0	0.0	0.0	0.0	0.0	0.0	0.0	0.0	0.0	0.0	0.0	0.0	0.0	0.0	0.0	0.0	0.0	0.0	0.0	0.0	0.0	0.0	0.0	0.0	0.0	0.0	0.0	0.0	0.0
SRR11143451	644.0	3558.0	560.0	0.0	3093.0	1200.0	4206.0	0.0	33.0	347.0	952.0	0.0	95.0	0.0	0.0	0.0	0.0	0.0	0.0	269.0	0.0	0.0	0.0	0.0	0.0	0.0	0.0	0.0	0.0	0.0	0.0	0.0	0.0	0.0	0.0	0.0	0.0	0.0	0.0	0.0	0.0	0.0	0.0	0.0	0.0	0.0	0.0	0.0	0.0	0.0	0.0	0.0	0.0
SRR11143452	1215.0	7935.0	2524.0	55.0	6274.0	2448.0	5401.0	0.0	839.0	1017.0	2169.0	325.0	189.0	0.0	0.0	13.0	0.0	0.0	0.0	423.0	0.0	0.0	165.0	0.0	0.0	0.0	0.0	0.0	0.0	0.0	0.0	0.0	0.0	0.0	0.0	0.0	0.0	0.0	0.0	0.0	0.0	0.0	0.0	0.0	0.0	0.0	0.0	0.0	0.0	0.0	0.0	0.0	0.0
SRR11143453	670.0	4848.0	2181.0	54.0	3986.0	561.0	3968.0	0.0	295.0	982.0	1169.0	139.0	134.0	0.0	0.0	57.0	0.0	0.0	0.0	328.0	0.0	0.0	390.0	0.0	0.0	0.0	0.0	0.0	0.0	0.0	0.0	0.0	0.0	0.0	0.0	0.0	0.0	0.0	0.0	0.0	0.0	0.0	0.0	0.0	0.0	0.0	0.0	0.0	0.0	0.0	0.0	0.0	0.0
SRR11143454	1021.0	3279.0	1666.0	0.0	3885.0	524.0	3130.0	0.0	363.0	347.0	600.0	50.0	278.0	0.0	25.0	64.0	0.0	0.0	0.0	49.0	0.0	0.0	409.0	0.0	0.0	0.0	0.0	0.0	0.0	0.0	0.0	0.0	0.0	0.0	0.0	0.0	0.0	0.0	0.0	0.0	0.0	0.0	0.0	0.0	0.0	0.0	0.0	0.0	0.0	0.0	0.0	0.0	0.0
SRR11143462	900.0	6043.0	731.0	0.0	1479.0	459.0	8325.0	0.0	1155.0	463.0	1457.0	27.0	109.0	0.0	0.0	0.0	0.0	0.0	0.0	235.0	0.0	30.0	174.0	0.0	0.0	0.0	0.0	0.0	0.0	0.0	0.0	0.0	0.0	0.0	0.0	0.0	0.0	0.0	0.0	0.0	0.0	0.0	0.0	0.0	0.0	0.0	0.0	0.0	0.0	0.0	0.0	0.0	0.0
SRR11143477	526.0	3949.0	609.0	0.0	1753.0	607.0	5253.0	0.0	501.0	206.0	1172.0	0.0	243.0	0.0	0.0	5.0	0.0	0.0	0.0	92.0	0.0	0.0	61.0	0.0	0.0	0.0	0.0	0.0	0.0	53.0	0.0	0.0	0.0	0.0	0.0	0.0	0.0	0.0	0.0	0.0	0.0	0.0	0.0	0.0	0.0	0.0	0.0	0.0	0.0	0.0	0.0	0.0	0.0
SRR11143483	761.0	5091.0	2022.0	0.0	4478.0	1082.0	5250.0	0.0	639.0	849.0	1495.0	258.0	171.0	0.0	60.0	106.0	0.0	0.0	0.0	422.0	0.0	0.0	164.0	0.0	0.0	0.0	0.0	0.0	21.0	0.0	0.0	0.0	0.0	0.0	0.0	0.0	0.0	0.0	0.0	0.0	0.0	0.0	0.0	0.0	0.0	0.0	0.0	0.0	0.0	0.0	0.0	0.0	0.0
SRR11143484	390.0	3695.0	1509.0	0.0	2760.0	366.0	2671.0	0.0	201.0	297.0	687.0	18.0	263.0	0.0	0.0	34.0	0.0	0.0	0.0	118.0	0.0	0.0	287.0	0.0	0.0	0.0	0.0	0.0	0.0	0.0	0.0	0.0	0.0	0.0	0.0	0.0	0.0	0.0	0.0	0.0	0.0	0.0	0.0	0.0	0.0	0.0	0.0	0.0	0.0	0.0	0.0	0.0	0.0
SRR11143486	750.0	5713.0	1592.0	41.0	4393.0	1692.0	5787.0	0.0	323.0	848.0	1672.0	364.0	287.0	9.0	0.0	0.0	0.0	0.0	0.0	191.0	0.0	19.0	568.0	0.0	0.0	0.0	0.0	0.0	67.0	0.0	0.0	0.0	0.0	0.0	0.0	0.0	0.0	0.0	0.0	0.0	0.0	0.0	0.0	0.0	0.0	0.0	0.0	0.0	0.0	0.0	0.0	0.0	0.0
SRR11143487	540.0	3732.0	1997.0	0.0	3203.0	1143.0	3899.0	0.0	247.0	274.0	688.0	69.0	389.0	0.0	0.0	0.0	0.0	0.0	0.0	130.0	0.0	0.0	514.0	0.0	0.0	0.0	0.0	0.0	0.0	0.0	0.0	0.0	0.0	0.0	0.0	0.0	0.0	0.0	0.0	0.0	0.0	0.0	0.0	0.0	0.0	0.0	0.0	0.0	0.0	0.0	0.0	0.0	0.0
SRR11143488	1241.0	7538.0	5327.0	0.0	5895.0	1467.0	4790.0	0.0	1388.0	2704.0	1927.0	468.0	693.0	0.0	0.0	113.0	0.0	0.0	138.0	91.0	82.0	0.0	1906.0	0.0	0.0	0.0	0.0	0.0	35.0	0.0	0.0	32.0	0.0	0.0	0.0	0.0	0.0	0.0	0.0	0.0	0.0	0.0	0.0	0.0	0.0	0.0	0.0	0.0	0.0	0.0	0.0	0.0	0.0
SRR11143489	399.0	2945.0	1036.0	0.0	2262.0	301.0	2093.0	0.0	142.0	664.0	929.0	28.0	221.0	0.0	0.0	15.0	0.0	0.0	0.0	78.0	0.0	0.0	185.0	0.0	0.0	0.0	0.0	0.0	0.0	0.0	0.0	0.0	0.0	0.0	0.0	0.0	0.0	0.0	0.0	0.0	0.0	0.0	0.0	0.0	0.0	0.0	0.0	0.0	0.0	0.0	0.0	0.0	0.0
SRR11143490	1936.0	9370.0	5101.0	151.0	7864.0	2686.0	6215.0	0.0	2654.0	3975.0	2860.0	657.0	542.0	129.0	50.0	129.0	0.0	0.0	134.0	340.0	74.0	39.0	1037.0	0.0	0.0	0.0	0.0	0.0	0.0	25.0	0.0	51.0	0.0	0.0	0.0	0.0	0.0	0.0	0.0	0.0	0.0	0.0	0.0	0.0	0.0	0.0	0.0	0.0	0.0	0.0	0.0	0.0	0.0
SRR11143491	506.0	3530.0	1243.0	0.0	4760.0	1589.0	3244.0	0.0	66.0	687.0	1227.0	403.0	124.0	0.0	0.0	0.0	0.0	0.0	0.0	152.0	0.0	22.0	416.0	0.0	0.0	0.0	0.0	0.0	28.0	0.0	0.0	0.0	0.0	0.0	0.0	0.0	0.0	0.0	0.0	0.0	0.0	0.0	0.0	0.0	0.0	0.0	0.0	0.0	0.0	0.0	0.0	0.0	0.0
SRR11143492	202.0	4106.0	1288.0	0.0	2739.0	751.0	2470.0	0.0	360.0	646.0	709.0	96.0	280.0	0.0	0.0	18.0	0.0	0.0	26.0	115.0	5.0	29.0	326.0	0.0	0.0	0.0	0.0	11.0	0.0	0.0	0.0	0.0	0.0	0.0	0.0	0.0	0.0	0.0	0.0	0.0	0.0	0.0	0.0	0.0	0.0	0.0	0.0	0.0	0.0	0.0	0.0	0.0	0.0
SRR11143493	316.0	2999.0	996.0	0.0	1970.0	729.0	2875.0	0.0	239.0	139.0	536.0	56.0	0.0	0.0	0.0	0.0	0.0	0.0	0.0	98.0	0.0	13.0	95.0	0.0	0.0	0.0	0.0	0.0	0.0	0.0	0.0	0.0	0.0	0.0	0.0	0.0	0.0	0.0	0.0	0.0	0.0	0.0	0.0	0.0	0.0	0.0	0.0	0.0	0.0	0.0	0.0	0.0	0.0
SRR11143494	610.0	5706.0	1657.0	0.0	4927.0	1747.0	6368.0	28.0	493.0	763.0	1331.0	316.0	510.0	0.0	0.0	0.0	0.0	0.0	0.0	351.0	0.0	16.0	318.0	0.0	0.0	0.0	0.0	0.0	41.0	0.0	0.0	0.0	0.0	0.0	0.0	0.0	0.0	0.0	0.0	0.0	0.0	0.0	0.0	0.0	0.0	0.0	0.0	0.0	0.0	0.0	0.0	0.0	0.0
SRR11143495	610.0	4321.0	1417.0	33.0	3531.0	1442.0	5544.0	0.0	273.0	238.0	1272.0	0.0	193.0	0.0	0.0	0.0	0.0	0.0	0.0	364.0	0.0	0.0	83.0	0.0	0.0	0.0	0.0	0.0	0.0	0.0	0.0	0.0	0.0	0.0	0.0	0.0	0.0	0.0	0.0	0.0	0.0	0.0	0.0	0.0	0.0	0.0	0.0	0.0	0.0	0.0	0.0	0.0	0.0
SRR11143497	870.0	6964.0	2248.0	0.0	5115.0	985.0	6060.0	7.0	385.0	577.0	1257.0	0.0	371.0	0.0	23.0	0.0	0.0	0.0	66.0	450.0	0.0	0.0	140.0	0.0	0.0	0.0	0.0	0.0	0.0	0.0	0.0	0.0	0.0	0.0	0.0	0.0	0.0	0.0	0.0	0.0	0.0	0.0	0.0	0.0	0.0	0.0	0.0	0.0	0.0	0.0	0.0	0.0	0.0
SRR11143498	190.0	3291.0	896.0	0.0	3248.0	645.0	5207.0	0.0	81.0	461.0	800.0	106.0	308.0	0.0	0.0	27.0	0.0	0.0	0.0	147.0	0.0	0.0	184.0	0.0	0.0	0.0	0.0	0.0	0.0	0.0	0.0	0.0	0.0	0.0	0.0	0.0	0.0	0.0	0.0	0.0	0.0	0.0	0.0	0.0	0.0	0.0	0.0	0.0	0.0	0.0	0.0	0.0	0.0
SRR11143499	286.0	3013.0	896.0	203.0	3413.0	804.0	2958.0	0.0	285.0	279.0	877.0	71.0	100.0	0.0	0.0	45.0	0.0	0.0	61.0	0.0	0.0	35.0	0.0	0.0	0.0	0.0	0.0	0.0	20.0	0.0	0.0	0.0	0.0	0.0	0.0	0.0	0.0	0.0	0.0	0.0	0.0	0.0	0.0	0.0	0.0	0.0	0.0	0.0	0.0	0.0	0.0	0.0	0.0
SRR11143500	230.0	2823.0	284.0	0.0	1906.0	261.0	4516.0	0.0	0.0	39.0	868.0	0.0	110.0	0.0	0.0	0.0	0.0	0.0	0.0	175.0	0.0	0.0	106.0	0.0	0.0	0.0	0.0	0.0	0.0	0.0	0.0	0.0	0.0	0.0	0.0	0.0	0.0	0.0	0.0	0.0	0.0	0.0	0.0	0.0	0.0	0.0	0.0	0.0	0.0	0.0	0.0	0.0	0.0
SRR11143556	229.0	2412.0	3136.0	0.0	1359.0	613.0	309.0	0.0	280.0	543.0	214.0	78.0	0.0	0.0	0.0	0.0	0.0	0.0	90.0	174.0	0.0	0.0	636.0	0.0	0.0	0.0	0.0	0.0	0.0	0.0	0.0	0.0	0.0	0.0	0.0	0.0	0.0	0.0	0.0	0.0	0.0	0.0	0.0	0.0	0.0	0.0	0.0	0.0	0.0	0.0	0.0	0.0	0.0
SRR11143572	2212.0	5265.0	646.0	0.0	2682.0	295.0	5431.0	0.0	684.0	452.0	1139.0	66.0	777.0	199.0	22.0	30.0	0.0	0.0	0.0	163.0	0.0	248.0	978.0	0.0	0.0	0.0	0.0	0.0	15.0	39.0	0.0	0.0	18.0	0.0	0.0	0.0	0.0	0.0	0.0	0.0	0.0	0.0	0.0	0.0	0.0	0.0	0.0	0.0	0.0	0.0	0.0	0.0	0.0
SRR11143596	2105.0	5933.0	1106.0	0.0	1796.0	648.0	5709.0	0.0	606.0	346.0	1155.0	199.0	281.0	66.0	0.0	0.0	0.0	0.0	0.0	0.0	0.0	243.0	1029.0	0.0	0.0	0.0	0.0	0.0	0.0	54.0	0.0	0.0	16.0	0.0	0.0	0.0	0.0	0.0	0.0	0.0	0.0	0.0	0.0	0.0	0.0	0.0	0.0	0.0	0.0	0.0	0.0	0.0	0.0
SRR11143639	363.0	2953.0	281.0	0.0	925.0	529.0	6684.0	0.0	219.0	214.0	655.0	0.0	76.0	0.0	0.0	0.0	0.0	0.0	0.0	51.0	0.0	0.0	0.0	0.0	0.0	0.0	0.0	0.0	0.0	0.0	0.0	0.0	0.0	0.0	0.0	0.0	0.0	0.0	0.0	0.0	0.0	0.0	0.0	0.0	0.0	0.0	0.0	0.0	0.0	0.0	0.0	0.0	0.0
SRR11143649	1453.0	4329.0	990.0	0.0	3143.0	444.0	3045.0	0.0	616.0	356.0	659.0	0.0	213.0	8.0	0.0	0.0	0.0	0.0	61.0	177.0	0.0	10.0	679.0	34.0	0.0	0.0	0.0	0.0	0.0	0.0	50.0	0.0	0.0	0.0	0.0	0.0	0.0	0.0	0.0	0.0	0.0	0.0	0.0	0.0	0.0	0.0	0.0	0.0	0.0	0.0	0.0	0.0	0.0
SRR6439656	416.0	6349.0	724.0	121.0	1714.0	8.0	888.0	0.0	553.0	851.0	669.0	18.0	251.0	6.0	102.0	0.0	45.0	0.0	6.0	22.0	0.0	39.0	50.0	0.0	0.0	4.0	81.0	0.0	0.0	0.0	36.0	0.0	0.0	8.0	9.0	0.0	0.0	170.0	0.0	0.0	0.0	0.0	0.0	0.0	0.0	0.0	0.0	0.0	0.0	0.0	0.0	0.0	0.0
SRR6440325	2142.0	12592.0	2407.0	323.0	7119.0	36.0	7456.0	0.0	1638.0	1453.0	4169.0	210.0	2305.0	54.0	326.0	17.0	333.0	0.0	19.0	57.0	9.0	49.0	270.0	5.0	79.0	58.0	1114.0	0.0	0.0	0.0	10.0	0.0	0.0	27.0	25.0	0.0	9.0	787.0	35.0	0.0	0.0	0.0	0.0	0.0	0.0	0.0	0.0	0.0	0.0	0.0	0.0	0.0	0.0
SRR6440326	2513.0	15934.0	3060.0	1070.0	8745.0	1058.0	4098.0	0.0	1918.0	1918.0	2650.0	149.0	2165.0	4.0	188.0	43.0	477.0	0.0	100.0	66.0	0.0	97.0	203.0	0.0	102.0	58.0	798.0	0.0	0.0	0.0	8.0	28.0	0.0	32.0	26.0	9.0	7.0	709.0	0.0	37.0	0.0	3.0	0.0	0.0	0.0	0.0	0.0	0.0	0.0	0.0	0.0	0.0	0.0
SRR6440327	5326.0	18789.0	2655.0	411.0	6246.0	406.0	12839.0	21.0	1499.0	1748.0	4345.0	265.0	2169.0	0.0	447.0	27.0	171.0	3.0	11.0	106.0	0.0	332.0	448.0	0.0	22.0	24.0	459.0	0.0	0.0	0.0	15.0	31.0	0.0	10.0	2.0	3.0	0.0	754.0	0.0	0.0	0.0	0.0	4.0	0.0	0.0	0.0	0.0	0.0	0.0	0.0	0.0	0.0	0.0
SRR6440328	6484.0	34698.0	5579.0	71.0	10746.0	74.0	15867.0	34.0	3623.0	2785.0	7583.0	270.0	6052.0	24.0	793.0	77.0	1241.0	0.0	35.0	81.0	11.0	518.0	527.0	0.0	169.0	172.0	3224.0	19.0	0.0	0.0	11.0	31.0	0.0	23.0	44.0	11.0	0.0	1151.0	33.0	0.0	0.0	0.0	0.0	0.0	0.0	0.0	0.0	0.0	0.0	0.0	0.0	0.0	0.0
SRR6440743	1538.0	19145.0	2906.0	1015.0	4390.0	744.0	4522.0	10.0	1966.0	2072.0	3147.0	382.0	2367.0	119.0	378.0	22.0	126.0	0.0	78.0	45.0	7.0	362.0	393.0	15.0	55.0	4.0	230.0	0.0	0.0	0.0	97.0	52.0	0.0	14.0	9.0	0.0	0.0	401.0	57.0	9.0	0.0	0.0	0.0	10.0	3.0	0.0	5.0	0.0	0.0	0.0	0.0	0.0	0.0
SRR6440744	12144.0	76461.0	12245.0	5047.0	28459.0	2855.0	21620.0	9.0	9430.0	8714.0	20210.0	743.0	11050.0	61.0	1312.0	213.0	1204.0	0.0	178.0	628.0	15.0	3442.0	870.0	55.0	673.0	173.0	2476.0	4.0	0.0	12.0	147.0	194.0	0.0	93.0	131.0	17.0	34.0	3429.0	187.0	147.0	1.0	0.0	0.0	41.0	0.0	14.0	10.0	0.0	0.0	0.0	0.0	0.0	0.0
SRR6440746	1435.0	7399.0	1612.0	7.0	4167.0	39.0	2468.0	0.0	1610.0	819.0	2101.0	79.0	1100.0	8.0	352.0	62.0	274.0	0.0	105.0	92.0	0.0	37.0	156.0	0.0	63.0	26.0	509.0	0.0	0.0	0.0	17.0	0.0	0.0	0.0	75.0	7.0	0.0	689.0	39.0	0.0	0.0	0.0	0.0	0.0	0.0	0.0	0.0	0.0	0.0	0.0	0.0	0.0	0.0
SRR6440770	10913.0	76337.0	11775.0	1603.0	42982.0	308.0	38978.0	8.0	13034.0	10945.0	22660.0	1192.0	16536.0	96.0	2982.0	361.0	2280.0	0.0	136.0	734.0	105.0	599.0	806.0	47.0	505.0	292.0	3985.0	0.0	11.0	0.0	103.0	109.0	0.0	190.0	271.0	29.0	110.0	5555.0	414.0	0.0	0.0	0.0	0.0	9.0	0.0	0.0	0.0	0.0	0.0	0.0	0.0	0.0	0.0
SRR6440771	4231.0	25739.0	5312.0	622.0	8607.0	444.0	13777.0	42.0	2844.0	3090.0	4826.0	426.0	4430.0	17.0	494.0	47.0	173.0	0.0	31.0	146.0	18.0	2310.0	234.0	11.0	64.0	56.0	526.0	0.0	0.0	8.0	20.0	23.0	0.0	6.0	73.0	0.0	7.0	886.0	26.0	0.0	0.0	0.0	0.0	0.0	0.0	0.0	0.0	0.0	0.0	0.0	0.0	0.0	0.0
SRR6440772	1635.0	7958.0	762.0	25.0	3102.0	153.0	5398.0	0.0	862.0	693.0	1820.0	67.0	1053.0	23.0	166.0	15.0	188.0	0.0	0.0	38.0	0.0	21.0	172.0	0.0	41.0	19.0	387.0	0.0	0.0	0.0	0.0	12.0	0.0	0.0	0.0	0.0	0.0	588.0	28.0	0.0	0.0	0.0	0.0	0.0	0.0	0.0	0.0	0.0	0.0	0.0	0.0	0.0	0.0
SRR6440774	1092.0	6181.0	786.0	29.0	2745.0	8.0	2834.0	0.0	899.0	565.0	1255.0	85.0	900.0	6.0	89.0	10.0	157.0	0.0	12.0	30.0	0.0	12.0	229.0	0.0	8.0	17.0	352.0	0.0	0.0	0.0	0.0	0.0	0.0	0.0	12.0	0.0	0.0	303.0	48.0	0.0	0.0	0.0	0.0	0.0	0.0	0.0	0.0	0.0	0.0	0.0	0.0	0.0	0.0
SRR6440775	2574.0	23822.0	3513.0	291.0	5869.0	75.0	4219.0	0.0	1096.0	1096.0	2878.0	93.0	2206.0	12.0	364.0	52.0	244.0	0.0	38.0	101.0	0.0	4152.0	61.0	8.0	74.0	54.0	425.0	0.0	0.0	4.0	0.0	13.0	0.0	0.0	48.0	0.0	19.0	679.0	19.0	0.0	0.0	0.0	0.0	0.0	0.0	0.0	0.0	0.0	0.0	0.0	0.0	0.0	0.0
SRR6440776	6764.0	21022.0	2448.0	331.0	11417.0	195.0	15267.0	35.0	1765.0	2575.0	6405.0	195.0	1798.0	18.0	601.0	70.0	246.0	0.0	3.0	125.0	0.0	169.0	569.0	0.0	66.0	6.0	783.0	8.0	0.0	0.0	0.0	2.0	0.0	13.0	0.0	0.0	14.0	1297.0	0.0	0.0	0.0	0.0	0.0	0.0	0.0	0.0	0.0	0.0	0.0	0.0	0.0	0.0	0.0
SRR5532616	1543.0	7626.0	421.0	329.0	9568.0	247.0	4164.0	0.0	3844.0	1068.0	5369.0	137.0	1140.0	42.0	364.0	47.0	0.0	0.0	3.0	80.0	0.0	168.0	429.0	0.0	0.0	0.0	68.0	0.0	0.0	70.0	6.0	28.0	3.0	4.0	0.0	0.0	0.0	15.0	0.0	6.0	0.0	0.0	0.0	33.0	0.0	0.0	0.0	4.0	0.0	0.0	0.0	0.0	0.0
SRR5532617	4609.0	7010.0	436.0	188.0	7950.0	340.0	3844.0	0.0	3250.0	616.0	4407.0	221.0	2340.0	11.0	413.0	10.0	14.0	0.0	6.0	123.0	0.0	45.0	33.0	1.0	0.0	0.0	23.0	6.0	0.0	0.0	47.0	11.0	9.0	1.0	32.0	0.0	0.0	84.0	0.0	0.0	0.0	0.0	6.0	14.0	0.0	0.0	0.0	0.0	0.0	0.0	0.0	0.0	0.0
SRR5532618	5264.0	7420.0	772.0	140.0	8650.0	118.0	2356.0	0.0	1816.0	545.0	4398.0	170.0	1471.0	0.0	317.0	63.0	0.0	0.0	7.0	364.0	0.0	104.0	53.0	0.0	2.0	7.0	59.0	9.0	0.0	0.0	20.0	4.0	14.0	12.0	30.0	0.0	0.0	120.0	0.0	28.0	0.0	0.0	0.0	1.0	0.0	34.0	0.0	0.0	0.0	0.0	0.0	0.0	0.0
SRR5532619	1146.0	8002.0	1102.0	939.0	7909.0	2474.0	2588.0	0.0	4213.0	788.0	5859.0	16.0	1315.0	40.0	527.0	48.0	0.0	397.0	11.0	311.0	7.0	341.0	267.0	7.0	0.0	0.0	129.0	58.0	0.0	5.0	195.0	79.0	0.0	0.0	42.0	0.0	0.0	127.0	0.0	20.0	0.0	8.0	16.0	1.0	0.0	0.0	0.0	0.0	1.0	24.0	0.0	0.0	0.0
SRR5532620	2644.0	5581.0	2284.0	211.0	5036.0	831.0	1212.0	2.0	1317.0	950.0	2809.0	108.0	1636.0	0.0	344.0	31.0	0.0	0.0	38.0	230.0	10.0	4182.0	34.0	0.0	0.0	3.0	67.0	13.0	0.0	0.0	46.0	44.0	7.0	32.0	63.0	0.0	0.0	63.0	0.0	20.0	0.0	0.0	0.0	14.0	0.0	12.0	0.0	0.0	0.0	0.0	0.0	0.0	0.0
SRR5532621	916.0	6870.0	328.0	211.0	10449.0	456.0	4538.0	0.0	4404.0	1282.0	3924.0	174.0	1698.0	9.0	136.0	113.0	0.0	0.0	0.0	87.0	0.0	181.0	521.0	0.0	0.0	0.0	28.0	0.0	0.0	16.0	3.0	18.0	0.0	0.0	0.0	0.0	0.0	11.0	0.0	0.0	0.0	0.0	0.0	15.0	0.0	0.0	0.0	0.0	0.0	0.0	0.0	0.0	0.0
SRR5532622	4648.0	11094.0	507.0	179.0	7425.0	465.0	4396.0	0.0	4381.0	617.0	4376.0	282.0	1968.0	0.0	272.0	97.0	9.0	0.0	9.0	137.0	0.0	91.0	25.0	0.0	0.0	0.0	19.0	0.0	0.0	0.0	12.0	13.0	0.0	4.0	39.0	0.0	0.0	79.0	0.0	0.0	0.0	0.0	2.0	0.0	0.0	0.0	0.0	0.0	0.0	0.0	0.0	0.0	0.0
SRR5532623	5077.0	9608.0	946.0	199.0	11639.0	125.0	2332.0	0.0	1914.0	577.0	4400.0	207.0	2180.0	0.0	427.0	69.0	0.0	0.0	12.0	357.0	0.0	532.0	95.0	0.0	5.0	0.0	107.0	5.0	0.0	0.0	9.0	22.0	7.0	18.0	30.0	0.0	0.0	244.0	0.0	11.0	0.0	0.0	4.0	2.0	0.0	76.0	0.0	0.0	0.0	0.0	0.0	0.0	0.0
SRR5532624	920.0	4633.0	586.0	598.0	7877.0	969.0	3268.0	0.0	4882.0	826.0	6428.0	13.0	962.0	7.0	460.0	19.0	0.0	0.0	35.0	178.0	0.0	43.0	50.0	3.0	0.0	0.0	259.0	11.0	0.0	27.0	158.0	68.0	0.0	0.0	25.0	0.0	0.0	48.0	0.0	17.0	0.0	0.0	83.0	36.0	0.0	0.0	0.0	0.0	2.0	32.0	1.0	0.0	0.0
SRR5532625	3701.0	6479.0	1237.0	341.0	5655.0	4262.0	2590.0	0.0	4771.0	700.0	3538.0	55.0	1553.0	3.0	284.0	88.0	0.0	3.0	6.0	75.0	0.0	104.0	20.0	0.0	0.0	0.0	40.0	11.0	0.0	0.0	187.0	66.0	0.0	0.0	52.0	0.0	0.0	92.0	0.0	0.0	0.0	0.0	30.0	29.0	0.0	8.0	0.0	0.0	4.0	0.0	0.0	0.0	0.0
SRR5532693	958.0	3837.0	420.0	457.0	9937.0	690.0	1499.0	0.0	3261.0	1255.0	9371.0	8.0	1064.0	6.0	630.0	64.0	0.0	0.0	21.0	238.0	1.0	90.0	137.0	9.0	4.0	0.0	250.0	0.0	0.0	61.0	97.0	83.0	3.0	0.0	12.0	0.0	0.0	123.0	0.0	23.0	0.0	0.0	9.0	1.0	0.0	0.0	0.0	0.0	4.0	0.0	0.0	0.0	0.0
SRR5532695	5777.0	7500.0	661.0	255.0	12060.0	225.0	3396.0	0.0	2399.0	744.0	5704.0	148.0	2307.0	29.0	528.0	103.0	0.0	0.0	0.0	229.0	2.0	605.0	67.0	0.0	0.0	0.0	92.0	0.0	0.0	0.0	21.0	19.0	34.0	1.0	37.0	0.0	0.0	155.0	0.0	26.0	0.0	0.0	0.0	35.0	0.0	9.0	0.0	0.0	0.0	0.0	0.0	0.0	0.0
SRR5532798	3586.0	5278.0	362.0	161.0	5589.0	264.0	2756.0	0.0	2459.0	506.0	3273.0	145.0	1535.0	9.0	332.0	36.0	0.0	0.0	15.0	85.0	0.0	527.0	9.0	1.0	0.0	0.0	23.0	0.0	0.0	0.0	52.0	14.0	9.0	0.0	34.0	0.0	0.0	93.0	0.0	0.0	0.0	0.0	0.0	2.0	0.0	0.0	0.0	0.0	0.0	0.0	0.0	0.0	0.0
SRR5532799	3996.0	8086.0	1447.0	456.0	8185.0	1560.0	2514.0	0.0	3078.0	1250.0	4666.0	154.0	1494.0	0.0	466.0	83.0	0.0	0.0	36.0	501.0	0.0	610.0	95.0	0.0	6.0	0.0	61.0	32.0	0.0	0.0	64.0	64.0	0.0	9.0	78.0	0.0	0.0	96.0	1.0	73.0	0.0	0.0	0.0	53.0	0.0	108.0	0.0	3.0	0.0	0.0	0.0	0.0	0.0
SRR5532800	1706.0	5639.0	344.0	276.0	9947.0	316.0	3163.0	0.0	4474.0	953.0	8721.0	182.0	1442.0	24.0	525.0	46.0	0.0	0.0	6.0	135.0	0.0	229.0	773.0	0.0	3.0	0.0	254.0	0.0	0.0	49.0	50.0	39.0	17.0	6.0	0.0	0.0	0.0	11.0	0.0	8.0	0.0	0.0	2.0	15.0	0.0	0.0	0.0	0.0	0.0	0.0	0.0	0.0	0.0
SRR5532801	1800.0	2696.0	1399.0	464.0	5381.0	9968.0	1912.0	0.0	4248.0	625.0	5657.0	30.0	1319.0	0.0	457.0	108.0	0.0	0.0	36.0	98.0	0.0	158.0	60.0	8.0	0.0	0.0	51.0	13.0	0.0	0.0	431.0	126.0	0.0	0.0	60.0	0.0	0.0	68.0	0.0	11.0	0.0	0.0	65.0	50.0	0.0	0.0	0.0	0.0	4.0	15.0	8.0	0.0	0.0
SRR5532802	3372.0	5806.0	956.0	329.0	5743.0	2612.0	2475.0	0.0	5400.0	569.0	4242.0	73.0	1524.0	0.0	303.0	119.0	0.0	0.0	18.0	83.0	0.0	659.0	17.0	0.0	0.0	0.0	55.0	6.0	0.0	0.0	164.0	78.0	0.0	2.0	75.0	0.0	0.0	71.0	1.0	12.0	0.0	0.0	38.0	0.0	0.0	14.0	0.0	0.0	0.0	6.0	19.0	0.0	0.0
SRR5532803	4734.0	6233.0	958.0	404.0	8186.0	3463.0	2302.0	0.0	3041.0	1055.0	4182.0	3.0	1738.0	0.0	353.0	49.0	0.0	0.0	7.0	398.0	0.0	173.0	51.0	1.0	4.0	0.0	138.0	27.0	0.0	0.0	52.0	66.0	0.0	22.0	52.0	0.0	0.0	115.0	6.0	114.0	0.0	0.0	0.0	25.0	0.0	3.0	0.0	0.0	0.0	0.0	21.0	0.0	0.0
SRR5532804	1243.0	2128.0	351.0	300.0	11399.0	742.0	1802.0	0.0	3176.0	735.0	7410.0	20.0	406.0	3.0	462.0	58.0	0.0	0.0	17.0	119.0	0.0	19.0	53.0	0.0	3.0	0.0	315.0	15.0	0.0	6.0	138.0	49.0	0.0	7.0	7.0	0.0	0.0	79.0	0.0	13.0	0.0	0.0	19.0	24.0	0.0	0.0	0.0	0.0	2.0	0.0	1.0	0.0	0.0
SRR5532805	3663.0	7920.0	1888.0	428.0	6787.0	2102.0	2495.0	0.0	4856.0	907.0	4977.0	69.0	1726.0	0.0	513.0	124.0	0.0	0.0	21.0	136.0	0.0	1911.0	44.0	5.0	11.0	0.0	77.0	14.0	0.0	18.0	186.0	94.0	0.0	0.0	44.0	0.0	0.0	84.0	0.0	0.0	0.0	0.0	34.0	17.0	0.0	0.0	0.0	0.0	0.0	3.0	0.0	0.0	0.0
SRR5532806	2132.0	3227.0	799.0	294.0	6645.0	1496.0	836.0	0.0	1344.0	496.0	2490.0	7.0	850.0	0.0	271.0	20.0	0.0	0.0	50.0	160.0	0.0	219.0	40.0	0.0	0.0	0.0	59.0	14.0	0.0	0.0	61.0	27.0	0.0	1.0	44.0	0.0	0.0	76.0	0.0	54.0	0.0	0.0	5.0	1.0	0.0	14.0	0.0	0.0	3.0	5.0	0.0	0.0	0.0
SRR5532807	1697.0	7359.0	450.0	317.0	8959.0	304.0	3971.0	0.0	4533.0	841.0	7735.0	150.0	1250.0	33.0	483.0	43.0	0.0	0.0	1.0	120.0	0.0	140.0	459.0	0.0	3.0	0.0	139.0	0.0	0.0	70.0	49.0	35.0	3.0	0.0	1.0	0.0	0.0	35.0	5.0	12.0	0.0	0.0	0.0	0.0	0.0	0.0	0.0	0.0	0.0	0.0	2.0	0.0	0.0
SRR5532808	4092.0	7343.0	398.0	281.0	6501.0	347.0	4430.0	0.0	3141.0	497.0	4276.0	170.0	1542.0	10.0	197.0	23.0	0.0	0.0	14.0	101.0	0.0	85.0	16.0	0.0	0.0	0.0	19.0	0.0	0.0	0.0	14.0	28.0	8.0	0.0	35.0	0.0	0.0	114.0	0.0	0.0	0.0	0.0	0.0	9.0	0.0	0.0	0.0	0.0	0.0	0.0	0.0	0.0	0.0
SRR5532809	3782.0	7368.0	998.0	182.0	8824.0	93.0	2198.0	0.0	1562.0	523.0	4235.0	93.0	1667.0	0.0	310.0	24.0	0.0	0.0	15.0	235.0	0.0	973.0	44.0	0.0	0.0	0.0	65.0	10.0	0.0	0.0	6.0	16.0	0.0	8.0	21.0	0.0	0.0	128.0	2.0	21.0	0.0	0.0	6.0	0.0	0.0	2.0	0.0	0.0	0.0	0.0	0.0	0.0	0.0
SRR5224546	1152.0	4502.0	2447.0	0.0	5225.0	678.0	846.0	0.0	871.0	1721.0	624.0	120.0	140.0	33.0	132.0	100.0	0.0	0.0	18.0	351.0	0.0	17.0	958.0	0.0	0.0	0.0	0.0	0.0	0.0	0.0	0.0	0.0	0.0	0.0	0.0	0.0	0.0	0.0	0.0	0.0	0.0	0.0	0.0	0.0	0.0	0.0	0.0	0.0	0.0	0.0	0.0	0.0	0.0
SRR5224549	507.0	3445.0	794.0	0.0	2710.0	676.0	2740.0	0.0	527.0	723.0	532.0	190.0	108.0	0.0	47.0	0.0	0.0	0.0	30.0	214.0	0.0	0.0	20.0	0.0	0.0	0.0	0.0	0.0	26.0	0.0	0.0	0.0	0.0	0.0	0.0	0.0	0.0	0.0	0.0	0.0	0.0	0.0	0.0	0.0	0.0	0.0	0.0	0.0	0.0	0.0	0.0	0.0	0.0
SRR5224552	1472.0	7344.0	3081.0	0.0	6114.0	405.0	2311.0	0.0	1946.0	1669.0	1067.0	417.0	158.0	26.0	165.0	104.0	0.0	0.0	55.0	353.0	4.0	0.0	815.0	0.0	0.0	0.0	0.0	0.0	0.0	0.0	0.0	0.0	0.0	0.0	0.0	0.0	0.0	0.0	0.0	0.0	0.0	0.0	0.0	0.0	0.0	0.0	0.0	0.0	0.0	0.0	0.0	0.0	0.0
SRR5224555	444.0	4340.0	1068.0	131.0	4218.0	492.0	2262.0	0.0	889.0	588.0	743.0	8.0	71.0	0.0	31.0	23.0	0.0	0.0	72.0	224.0	10.0	0.0	193.0	0.0	0.0	0.0	0.0	0.0	0.0	0.0	0.0	0.0	0.0	0.0	0.0	0.0	0.0	0.0	0.0	0.0	0.0	0.0	0.0	0.0	0.0	0.0	0.0	0.0	0.0	0.0	0.0	0.0	0.0
SRR5224558	666.0	4902.0	3519.0	0.0	4065.0	426.0	672.0	0.0	810.0	1408.0	621.0	83.0	69.0	0.0	21.0	0.0	0.0	0.0	44.0	256.0	0.0	14.0	177.0	0.0	0.0	0.0	0.0	0.0	0.0	0.0	100.0	0.0	0.0	0.0	0.0	0.0	0.0	0.0	0.0	0.0	0.0	0.0	0.0	0.0	0.0	0.0	0.0	0.0	0.0	0.0	0.0	0.0	0.0
SRR5224561	579.0	3775.0	2668.0	0.0	3788.0	374.0	941.0	0.0	642.0	1063.0	572.0	0.0	103.0	0.0	94.0	146.0	0.0	0.0	32.0	260.0	0.0	32.0	597.0	0.0	0.0	0.0	0.0	0.0	0.0	0.0	26.0	0.0	0.0	0.0	0.0	0.0	0.0	0.0	0.0	0.0	0.0	0.0	0.0	0.0	0.0	0.0	0.0	0.0	0.0	0.0	0.0	0.0	0.0
SRR5224564	425.0	4572.0	2380.0	0.0	3060.0	536.0	3414.0	0.0	1004.0	984.0	504.0	19.0	117.0	0.0	0.0	14.0	0.0	0.0	89.0	166.0	0.0	0.0	101.0	0.0	0.0	0.0	0.0	0.0	8.0	0.0	0.0	0.0	0.0	0.0	0.0	0.0	0.0	0.0	0.0	0.0	0.0	0.0	0.0	0.0	0.0	0.0	0.0	0.0	0.0	0.0	0.0	0.0	0.0
SRR5224567	1898.0	5794.0	5388.0	86.0	5968.0	482.0	1323.0	0.0	1871.0	1777.0	518.0	147.0	248.0	0.0	64.0	74.0	0.0	0.0	178.0	287.0	0.0	123.0	686.0	0.0	0.0	0.0	0.0	0.0	0.0	0.0	22.0	0.0	0.0	0.0	0.0	0.0	0.0	0.0	0.0	0.0	0.0	0.0	0.0	0.0	0.0	0.0	0.0	0.0	0.0	0.0	0.0	0.0	0.0
SRR5224570	238.0	2724.0	1273.0	0.0	2136.0	531.0	1813.0	0.0	424.0	605.0	277.0	0.0	52.0	0.0	0.0	17.0	0.0	0.0	70.0	51.0	0.0	0.0	81.0	0.0	0.0	0.0	0.0	0.0	0.0	0.0	0.0	0.0	0.0	0.0	0.0	0.0	0.0	0.0	0.0	0.0	0.0	0.0	0.0	0.0	0.0	0.0	0.0	0.0	0.0	0.0	0.0	0.0	0.0
SRR5224573	1417.0	7548.0	2940.0	0.0	5770.0	346.0	1495.0	0.0	1287.0	1630.0	809.0	248.0	227.0	22.0	190.0	144.0	0.0	0.0	121.0	250.0	12.0	129.0	1215.0	0.0	0.0	0.0	0.0	0.0	0.0	0.0	36.0	0.0	0.0	0.0	0.0	0.0	0.0	0.0	0.0	0.0	0.0	0.0	0.0	0.0	0.0	0.0	0.0	0.0	0.0	0.0	0.0	0.0	0.0
SRR5224576	1664.0	8284.0	2646.0	122.0	6234.0	2536.0	10148.0	0.0	1645.0	1444.0	1546.0	268.0	555.0	16.0	27.0	35.0	0.0	0.0	111.0	515.0	0.0	7.0	45.0	0.0	0.0	0.0	0.0	0.0	31.0	31.0	0.0	0.0	0.0	0.0	0.0	0.0	0.0	0.0	0.0	0.0	0.0	0.0	0.0	0.0	0.0	0.0	0.0	0.0	0.0	0.0	0.0	0.0	0.0
SRR5224579	1336.0	6831.0	4592.0	41.0	3449.0	611.0	3393.0	0.0	2239.0	1710.0	1020.0	286.0	70.0	193.0	164.0	20.0	0.0	0.0	34.0	64.0	7.0	27.0	369.0	0.0	0.0	0.0	0.0	0.0	0.0	0.0	0.0	58.0	0.0	0.0	0.0	0.0	0.0	0.0	0.0	0.0	0.0	0.0	0.0	0.0	0.0	0.0	0.0	0.0	0.0	0.0	0.0	0.0	0.0
SRR5224582	376.0	4157.0	1331.0	0.0	3606.0	465.0	1545.0	0.0	968.0	705.0	689.0	7.0	111.0	0.0	54.0	0.0	0.0	0.0	56.0	327.0	0.0	0.0	22.0	0.0	0.0	0.0	0.0	0.0	0.0	0.0	0.0	0.0	0.0	0.0	0.0	0.0	0.0	0.0	0.0	0.0	0.0	0.0	0.0	0.0	0.0	0.0	0.0	0.0	0.0	0.0	0.0	0.0	0.0
SRR5224585	488.0	5748.0	5385.0	0.0	1671.0	193.0	1800.0	0.0	1144.0	1398.0	527.0	338.0	106.0	0.0	121.0	0.0	0.0	0.0	99.0	42.0	0.0	56.0	475.0	0.0	0.0	0.0	0.0	0.0	0.0	0.0	0.0	25.0	0.0	0.0	0.0	0.0	0.0	0.0	0.0	0.0	0.0	0.0	0.0	0.0	0.0	0.0	0.0	0.0	0.0	0.0	0.0	0.0	0.0
SRR5224588	939.0	4786.0	1638.0	0.0	5265.0	243.0	1934.0	0.0	883.0	1055.0	808.0	264.0	315.0	0.0	34.0	42.0	0.0	0.0	0.0	161.0	0.0	35.0	670.0	0.0	0.0	0.0	0.0	0.0	20.0	0.0	0.0	0.0	0.0	0.0	0.0	0.0	0.0	0.0	0.0	0.0	0.0	0.0	0.0	0.0	0.0	0.0	0.0	0.0	0.0	0.0	0.0	0.0	0.0
SRR5224591	712.0	5742.0	3581.0	126.0	3408.0	1431.0	5486.0	0.0	1521.0	1134.0	949.0	48.0	164.0	0.0	0.0	57.0	0.0	0.0	111.0	266.0	6.0	0.0	27.0	0.0	0.0	0.0	0.0	0.0	0.0	10.0	0.0	0.0	0.0	0.0	0.0	0.0	0.0	0.0	0.0	0.0	0.0	0.0	0.0	0.0	0.0	0.0	0.0	0.0	0.0	0.0	0.0	0.0	0.0
SRR5224594	892.0	4522.0	1754.0	0.0	3398.0	885.0	2268.0	0.0	607.0	936.0	399.0	0.0	69.0	0.0	10.0	28.0	0.0	0.0	51.0	0.0	0.0	0.0	195.0	0.0	0.0	0.0	0.0	0.0	21.0	0.0	0.0	0.0	0.0	0.0	0.0	0.0	0.0	0.0	0.0	0.0	0.0	0.0	0.0	0.0	0.0	0.0	0.0	0.0	0.0	0.0	0.0	0.0	0.0
SRR5224597	234.0	4518.0	985.0	0.0	2701.0	716.0	3622.0	0.0	452.0	309.0	1385.0	104.0	0.0	0.0	0.0	27.0	0.0	0.0	15.0	107.0	0.0	0.0	8.0	0.0	0.0	0.0	0.0	0.0	18.0	44.0	0.0	0.0	0.0	0.0	0.0	0.0	0.0	0.0	0.0	0.0	0.0	0.0	0.0	0.0	0.0	0.0	0.0	0.0	0.0	0.0	0.0	0.0	0.0
SRR5224600	1149.0	5670.0	2831.0	0.0	6060.0	591.0	2506.0	0.0	1548.0	1707.0	852.0	116.0	277.0	72.0	81.0	64.0	0.0	0.0	108.0	169.0	12.0	0.0	1214.0	0.0	0.0	0.0	0.0	0.0	76.0	0.0	0.0	0.0	0.0	0.0	0.0	0.0	0.0	0.0	0.0	0.0	0.0	0.0	0.0	0.0	0.0	0.0	0.0	0.0	0.0	0.0	0.0	0.0	0.0
SRR5224605	761.0	7343.0	4279.0	0.0	3833.0	1318.0	4900.0	0.0	1851.0	2146.0	768.0	770.0	313.0	0.0	45.0	14.0	0.0	0.0	166.0	297.0	0.0	0.0	358.0	0.0	0.0	0.0	0.0	0.0	11.0	0.0	34.0	36.0	0.0	0.0	0.0	0.0	0.0	0.0	0.0	0.0	0.0	0.0	0.0	0.0	0.0	0.0	0.0	0.0	0.0	0.0	0.0	0.0	0.0
SRR5224608	706.0	5037.0	1666.0	124.0	4280.0	825.0	5008.0	0.0	499.0	369.0	969.0	61.0	145.0	0.0	0.0	25.0	0.0	0.0	163.0	307.0	0.0	0.0	18.0	0.0	0.0	0.0	0.0	0.0	34.0	27.0	0.0	0.0	0.0	0.0	0.0	0.0	0.0	0.0	0.0	0.0	0.0	0.0	0.0	0.0	0.0	0.0	0.0	0.0	0.0	0.0	0.0	0.0	0.0
SRR5224611	734.0	6389.0	3699.0	25.0	5149.0	560.0	1526.0	0.0	522.0	1457.0	567.0	107.0	7.0	36.0	38.0	125.0	0.0	0.0	67.0	225.0	0.0	5.0	622.0	0.0	0.0	0.0	0.0	0.0	0.0	34.0	0.0	0.0	0.0	0.0	0.0	0.0	0.0	0.0	0.0	0.0	0.0	0.0	0.0	0.0	0.0	0.0	0.0	0.0	0.0	0.0	0.0	0.0	0.0
SRR5224614	539.0	3388.0	1975.0	0.0	3332.0	463.0	1432.0	0.0	285.0	851.0	742.0	22.0	27.0	0.0	84.0	11.0	0.0	0.0	74.0	246.0	0.0	0.0	109.0	0.0	0.0	0.0	0.0	0.0	0.0	0.0	0.0	0.0	0.0	0.0	0.0	0.0	0.0	0.0	0.0	0.0	0.0	0.0	0.0	0.0	0.0	0.0	0.0	0.0	0.0	0.0	0.0	0.0	0.0
SRR5224617	722.0	4074.0	2648.0	96.0	3649.0	397.0	1564.0	0.0	864.0	1200.0	631.0	19.0	0.0	31.0	59.0	37.0	0.0	0.0	51.0	129.0	0.0	18.0	300.0	0.0	0.0	0.0	0.0	0.0	0.0	0.0	0.0	0.0	0.0	0.0	0.0	0.0	0.0	0.0	0.0	0.0	0.0	0.0	0.0	0.0	0.0	0.0	0.0	0.0	0.0	0.0	0.0	0.0	0.0
SRR5224622	1356.0	6784.0	2473.0	0.0	6208.0	891.0	2332.0	0.0	1480.0	1691.0	688.0	282.0	107.0	19.0	77.0	168.0	0.0	0.0	42.0	236.0	0.0	17.0	408.0	0.0	0.0	0.0	0.0	0.0	0.0	0.0	0.0	0.0	0.0	0.0	0.0	0.0	0.0	0.0	0.0	0.0	0.0	0.0	0.0	0.0	0.0	0.0	0.0	0.0	0.0	0.0	0.0	0.0	0.0
SRR5224625	1763.0	9638.0	5924.0	0.0	6368.0	603.0	4138.0	0.0	2486.0	2564.0	1200.0	400.0	524.0	0.0	79.0	176.0	0.0	0.0	233.0	370.0	0.0	36.0	859.0	0.0	0.0	0.0	0.0	0.0	28.0	0.0	0.0	0.0	0.0	0.0	0.0	0.0	0.0	0.0	0.0	0.0	0.0	0.0	0.0	0.0	0.0	0.0	0.0	0.0	0.0	0.0	0.0	0.0	0.0
SRR5224628	816.0	7244.0	4128.0	223.0	4033.0	885.0	2984.0	0.0	1246.0	1767.0	306.0	231.0	0.0	10.0	0.0	10.0	0.0	0.0	0.0	96.0	0.0	0.0	108.0	0.0	0.0	0.0	0.0	0.0	0.0	0.0	0.0	0.0	0.0	0.0	0.0	0.0	0.0	0.0	0.0	0.0	0.0	0.0	0.0	0.0	0.0	0.0	0.0	0.0	0.0	0.0	0.0	0.0	0.0
SRR5224631	655.0	3645.0	1497.0	49.0	4119.0	288.0	3016.0	0.0	718.0	800.0	641.0	89.0	0.0	0.0	0.0	105.0	0.0	0.0	83.0	175.0	0.0	0.0	101.0	0.0	0.0	0.0	0.0	0.0	0.0	19.0	0.0	0.0	0.0	0.0	0.0	0.0	0.0	0.0	0.0	0.0	0.0	0.0	0.0	0.0	0.0	0.0	0.0	0.0	0.0	0.0	0.0	0.0	0.0
SRR5224634	354.0	2544.0	545.0	27.0	2299.0	379.0	2799.0	0.0	269.0	309.0	717.0	0.0	0.0	0.0	0.0	27.0	0.0	0.0	0.0	152.0	0.0	0.0	0.0	0.0	0.0	0.0	0.0	0.0	25.0	0.0	0.0	0.0	0.0	0.0	0.0	0.0	0.0	0.0	0.0	0.0	0.0	0.0	0.0	0.0	0.0	0.0	0.0	0.0	0.0	0.0	0.0	0.0	0.0
SRR5224639	446.0	2995.0	1299.0	0.0	1358.0	1240.0	3576.0	0.0	518.0	61.0	602.0	32.0	71.0	0.0	28.0	0.0	0.0	0.0	157.0	170.0	0.0	0.0	24.0	0.0	0.0	0.0	0.0	0.0	0.0	0.0	0.0	0.0	0.0	0.0	0.0	0.0	0.0	0.0	0.0	0.0	0.0	0.0	0.0	0.0	0.0	0.0	0.0	0.0	0.0	0.0	0.0	0.0	0.0
SRR5224642	763.0	5488.0	2831.0	265.0	3124.0	683.0	2514.0	0.0	1198.0	848.0	356.0	62.0	127.0	9.0	0.0	0.0	0.0	0.0	77.0	0.0	0.0	0.0	153.0	0.0	0.0	0.0	0.0	0.0	0.0	0.0	0.0	0.0	0.0	0.0	0.0	0.0	0.0	0.0	0.0	0.0	0.0	0.0	0.0	0.0	0.0	0.0	0.0	0.0	0.0	0.0	0.0	0.0	0.0
SRR5224645	106.0	3559.0	2712.0	0.0	1799.0	470.0	1184.0	0.0	923.0	771.0	320.0	174.0	0.0	0.0	0.0	0.0	0.0	0.0	73.0	103.0	5.0	0.0	0.0	0.0	0.0	0.0	0.0	0.0	0.0	0.0	0.0	0.0	0.0	0.0	0.0	0.0	0.0	0.0	0.0	0.0	0.0	0.0	0.0	0.0	0.0	0.0	0.0	0.0	0.0	0.0	0.0	0.0	0.0
SRR5224648	1501.0	6002.0	3363.0	0.0	3449.0	2331.0	4927.0	0.0	1557.0	974.0	988.0	307.0	184.0	28.0	0.0	46.0	0.0	0.0	71.0	238.0	0.0	74.0	211.0	0.0	0.0	0.0	0.0	0.0	0.0	0.0	0.0	30.0	0.0	0.0	0.0	0.0	0.0	0.0	0.0	0.0	0.0	0.0	0.0	0.0	0.0	0.0	0.0	0.0	0.0	0.0	0.0	0.0	0.0
SRR5224660	410.0	1993.0	1580.0	106.0	1795.0	1788.0	2666.0	0.0	143.0	419.0	578.0	184.0	299.0	5.0	0.0	0.0	0.0	0.0	0.0	148.0	0.0	9.0	312.0	0.0	0.0	0.0	0.0	39.0	0.0	0.0	0.0	57.0	0.0	0.0	0.0	0.0	0.0	0.0	0.0	0.0	0.0	0.0	0.0	0.0	0.0	0.0	0.0	0.0	0.0	0.0	0.0	0.0	0.0
SRR5224672	598.0	2338.0	1295.0	0.0	3014.0	1555.0	2920.0	0.0	94.0	614.0	658.0	15.0	260.0	0.0	0.0	31.0	0.0	0.0	0.0	140.0	0.0	0.0	295.0	0.0	0.0	0.0	0.0	0.0	0.0	0.0	0.0	41.0	0.0	0.0	0.0	0.0	0.0	0.0	0.0	0.0	0.0	0.0	0.0	0.0	0.0	0.0	0.0	0.0	0.0	0.0	0.0	0.0	0.0
SRR5224682	618.0	2852.0	1439.0	0.0	3734.0	1714.0	3656.0	0.0	455.0	819.0	621.0	163.0	137.0	8.0	0.0	0.0	0.0	0.0	0.0	227.0	8.0	0.0	149.0	0.0	0.0	0.0	0.0	0.0	0.0	0.0	0.0	0.0	0.0	0.0	0.0	0.0	0.0	0.0	0.0	0.0	0.0	0.0	0.0	0.0	0.0	0.0	0.0	0.0	0.0	0.0	0.0	0.0	0.0
SRR5224694	324.0	3060.0	1166.0	0.0	3154.0	1233.0	2104.0	0.0	515.0	559.0	606.0	49.0	54.0	18.0	59.0	0.0	0.0	0.0	0.0	152.0	44.0	23.0	213.0	0.0	0.0	0.0	0.0	0.0	0.0	0.0	29.0	0.0	0.0	0.0	0.0	0.0	0.0	0.0	0.0	0.0	0.0	0.0	0.0	0.0	0.0	0.0	0.0	0.0	0.0	0.0	0.0	0.0	0.0
SRR5224697	180.0	2536.0	1663.0	209.0	2610.0	1095.0	2178.0	0.0	654.0	511.0	507.0	187.0	58.0	0.0	26.0	0.0	0.0	0.0	47.0	114.0	6.0	13.0	203.0	0.0	0.0	0.0	0.0	0.0	0.0	0.0	0.0	0.0	0.0	0.0	0.0	0.0	0.0	0.0	0.0	0.0	0.0	0.0	0.0	0.0	0.0	0.0	0.0	0.0	0.0	0.0	0.0	0.0	0.0
SRR5224718	1082.0	6337.0	2902.0	48.0	3847.0	778.0	4696.0	0.0	774.0	1039.0	730.0	65.0	193.0	0.0	0.0	0.0	0.0	0.0	19.0	265.0	0.0	7.0	88.0	0.0	0.0	0.0	0.0	0.0	0.0	0.0	147.0	0.0	0.0	0.0	0.0	0.0	0.0	0.0	0.0	0.0	0.0	0.0	0.0	0.0	0.0	0.0	0.0	0.0	0.0	0.0	0.0	0.0	0.0
SRR5224721	694.0	5892.0	3047.0	0.0	3145.0	730.0	7887.0	0.0	1742.0	878.0	1151.0	10.0	240.0	0.0	0.0	0.0	0.0	0.0	86.0	298.0	8.0	0.0	48.0	0.0	0.0	0.0	0.0	0.0	24.0	0.0	0.0	0.0	0.0	0.0	0.0	0.0	0.0	0.0	0.0	0.0	0.0	0.0	0.0	0.0	0.0	0.0	0.0	0.0	0.0	0.0	0.0	0.0	0.0
SRR5224730	914.0	5200.0	1747.0	222.0	3961.0	1915.0	4405.0	0.0	459.0	919.0	704.0	58.0	121.0	52.0	0.0	32.0	0.0	0.0	0.0	251.0	9.0	0.0	293.0	0.0	0.0	0.0	0.0	0.0	0.0	0.0	0.0	33.0	0.0	0.0	0.0	0.0	0.0	0.0	0.0	0.0	0.0	0.0	0.0	0.0	0.0	0.0	0.0	0.0	0.0	0.0	0.0	0.0	0.0
SRR5224742	890.0	2862.0	1399.0	235.0	3145.0	764.0	4137.0	0.0	178.0	621.0	694.0	0.0	96.0	0.0	0.0	13.0	0.0	0.0	27.0	162.0	0.0	0.0	330.0	0.0	0.0	0.0	0.0	0.0	0.0	0.0	0.0	26.0	0.0	0.0	0.0	0.0	0.0	0.0	0.0	0.0	0.0	0.0	0.0	0.0	0.0	0.0	0.0	0.0	0.0	0.0	0.0	0.0	0.0
SRR5224772	123.0	2120.0	2729.0	0.0	2519.0	419.0	718.0	0.0	585.0	589.0	500.0	75.0	46.0	0.0	0.0	0.0	0.0	0.0	37.0	71.0	5.0	0.0	787.0	0.0	0.0	0.0	0.0	0.0	0.0	0.0	0.0	0.0	0.0	0.0	0.0	0.0	0.0	0.0	0.0	0.0	0.0	0.0	0.0	0.0	0.0	0.0	0.0	0.0	0.0	0.0	0.0	0.0	0.0
SRR5224790	392.0	2490.0	2271.0	112.0	1720.0	558.0	1111.0	0.0	465.0	746.0	469.0	97.0	54.0	0.0	46.0	6.0	0.0	0.0	88.0	163.0	0.0	2.0	292.0	0.0	0.0	0.0	0.0	0.0	0.0	0.0	0.0	0.0	0.0	0.0	0.0	0.0	0.0	0.0	0.0	0.0	0.0	0.0	0.0	0.0	0.0	0.0	0.0	0.0	0.0	0.0	0.0	0.0	0.0
SRR5224796	375.0	4198.0	2652.0	0.0	2781.0	400.0	1371.0	0.0	669.0	1196.0	623.0	232.0	81.0	49.0	70.0	0.0	0.0	0.0	53.0	175.0	16.0	5.0	563.0	0.0	0.0	0.0	0.0	0.0	0.0	0.0	0.0	0.0	0.0	0.0	0.0	0.0	0.0	0.0	0.0	0.0	0.0	0.0	0.0	0.0	0.0	0.0	0.0	0.0	0.0	0.0	0.0	0.0	0.0
SRR5224805	648.0	3532.0	1782.0	0.0	2684.0	377.0	960.0	0.0	490.0	850.0	447.0	172.0	5.0	0.0	0.0	0.0	0.0	0.0	57.0	156.0	0.0	0.0	447.0	0.0	0.0	0.0	0.0	0.0	0.0	0.0	0.0	0.0	0.0	0.0	0.0	0.0	0.0	0.0	0.0	0.0	0.0	0.0	0.0	0.0	0.0	0.0	0.0	0.0	0.0	0.0	0.0	0.0	0.0
SRR5224808	542.0	3754.0	2575.0	0.0	3125.0	411.0	1386.0	0.0	619.0	1212.0	732.0	24.0	14.0	0.0	61.0	8.0	0.0	0.0	113.0	197.0	0.0	0.0	299.0	0.0	0.0	0.0	0.0	0.0	0.0	0.0	0.0	0.0	0.0	0.0	0.0	0.0	0.0	0.0	0.0	0.0	0.0	0.0	0.0	0.0	0.0	0.0	0.0	0.0	0.0	0.0	0.0	0.0	0.0
SRR5224814	620.0	4065.0	2117.0	13.0	3395.0	339.0	1573.0	0.0	685.0	780.0	777.0	51.0	169.0	14.0	61.0	0.0	0.0	0.0	81.0	426.0	0.0	5.0	85.0	0.0	0.0	0.0	0.0	0.0	0.0	0.0	0.0	6.0	0.0	0.0	0.0	0.0	0.0	0.0	0.0	0.0	0.0	0.0	0.0	0.0	0.0	0.0	0.0	0.0	0.0	0.0	0.0	0.0	0.0
SRR5224816	561.0	3102.0	1490.0	0.0	2720.0	552.0	908.0	0.0	467.0	559.0	582.0	188.0	53.0	18.0	44.0	0.0	0.0	0.0	91.0	197.0	0.0	0.0	646.0	0.0	0.0	0.0	0.0	0.0	0.0	0.0	0.0	0.0	0.0	0.0	0.0	0.0	0.0	0.0	0.0	0.0	0.0	0.0	0.0	0.0	0.0	0.0	0.0	0.0	0.0	0.0	0.0	0.0	0.0
SRR5224822	795.0	2622.0	1808.0	0.0	2672.0	478.0	593.0	0.0	476.0	712.0	592.0	613.0	67.0	0.0	51.0	68.0	0.0	0.0	45.0	366.0	0.0	0.0	732.0	0.0	0.0	0.0	0.0	0.0	0.0	0.0	0.0	0.0	0.0	0.0	0.0	0.0	0.0	0.0	0.0	0.0	0.0	0.0	0.0	0.0	0.0	0.0	0.0	0.0	0.0	0.0	0.0	0.0	0.0
SRR5224834	637.0	1697.0	1634.0	0.0	2747.0	307.0	1445.0	0.0	451.0	761.0	680.0	45.0	176.0	0.0	0.0	0.0	0.0	0.0	87.0	106.0	0.0	0.0	110.0	0.0	0.0	0.0	0.0	0.0	0.0	0.0	0.0	0.0	0.0	0.0	0.0	0.0	0.0	0.0	0.0	0.0	0.0	0.0	0.0	0.0	0.0	0.0	0.0	0.0	0.0	0.0	0.0	0.0	0.0
SRR5224846	1256.0	3866.0	1231.0	0.0	4449.0	572.0	1632.0	0.0	628.0	903.0	636.0	357.0	52.0	0.0	44.0	0.0	0.0	0.0	0.0	197.0	28.0	0.0	1391.0	0.0	0.0	0.0	0.0	0.0	0.0	0.0	0.0	0.0	0.0	0.0	0.0	0.0	0.0	0.0	0.0	0.0	0.0	0.0	0.0	0.0	0.0	0.0	0.0	0.0	0.0	0.0	0.0	0.0	0.0
SRR5224858	176.0	1771.0	1118.0	0.0	3954.0	878.0	1354.0	0.0	784.0	730.0	670.0	75.0	0.0	0.0	0.0	0.0	0.0	0.0	53.0	244.0	0.0	0.0	259.0	0.0	0.0	0.0	11.0	0.0	0.0	0.0	0.0	13.0	0.0	0.0	0.0	0.0	0.0	30.0	0.0	0.0	0.0	0.0	0.0	0.0	0.0	0.0	0.0	0.0	0.0	0.0	0.0	0.0	0.0
SRR5224863	1111.0	8188.0	2887.0	97.0	6552.0	610.0	1938.0	0.0	1574.0	1733.0	936.0	553.0	66.0	16.0	26.0	479.0	0.0	0.0	92.0	345.0	7.0	67.0	1012.0	0.0	0.0	0.0	0.0	0.0	46.0	0.0	0.0	0.0	0.0	0.0	0.0	0.0	0.0	0.0	0.0	0.0	0.0	0.0	0.0	0.0	0.0	0.0	0.0	0.0	0.0	0.0	0.0	0.0	0.0
SRR5224866	474.0	4554.0	2430.0	84.0	3555.0	781.0	1797.0	0.0	869.0	702.0	591.0	178.0	67.0	5.0	0.0	45.0	0.0	0.0	40.0	377.0	0.0	0.0	0.0	0.0	0.0	0.0	0.0	0.0	0.0	16.0	0.0	0.0	0.0	0.0	0.0	0.0	0.0	0.0	0.0	0.0	0.0	0.0	0.0	0.0	0.0	0.0	0.0	0.0	0.0	0.0	0.0	0.0	0.0
SRR5224869	255.0	2142.0	1523.0	113.0	2860.0	758.0	2103.0	0.0	456.0	532.0	874.0	0.0	167.0	0.0	0.0	0.0	0.0	0.0	84.0	101.0	0.0	0.0	46.0	0.0	0.0	0.0	0.0	0.0	0.0	0.0	0.0	0.0	0.0	0.0	0.0	0.0	0.0	0.0	0.0	0.0	0.0	0.0	0.0	0.0	0.0	0.0	0.0	0.0	0.0	0.0	0.0	0.0	0.0
SRR5224875	511.0	6923.0	2645.0	0.0	4537.0	509.0	1707.0	0.0	1055.0	1211.0	665.0	299.0	171.0	78.0	8.0	260.0	0.0	0.0	110.0	200.0	0.0	41.0	822.0	0.0	0.0	0.0	0.0	0.0	30.0	0.0	0.0	0.0	0.0	0.0	0.0	0.0	0.0	0.0	0.0	0.0	0.0	0.0	0.0	0.0	0.0	0.0	0.0	0.0	0.0	0.0	0.0	0.0	0.0
SRR5224878	1062.0	4951.0	1482.0	167.0	5670.0	1401.0	5100.0	0.0	978.0	482.0	1182.0	0.0	195.0	0.0	0.0	33.0	0.0	0.0	78.0	189.0	0.0	30.0	14.0	0.0	0.0	0.0	0.0	0.0	0.0	79.0	0.0	0.0	0.0	0.0	0.0	0.0	0.0	0.0	0.0	0.0	0.0	0.0	0.0	0.0	0.0	0.0	0.0	0.0	0.0	0.0	0.0	0.0	0.0
SRR5224881	822.0	5338.0	2130.0	170.0	5573.0	679.0	1178.0	0.0	1096.0	863.0	681.0	103.0	31.0	0.0	13.0	360.0	0.0	0.0	50.0	205.0	0.0	13.0	841.0	0.0	0.0	0.0	0.0	0.0	0.0	14.0	0.0	0.0	0.0	0.0	0.0	0.0	0.0	0.0	0.0	0.0	0.0	0.0	0.0	0.0	0.0	0.0	0.0	0.0	0.0	0.0	0.0	0.0	0.0
SRR5224884	467.0	4514.0	1702.0	49.0	4746.0	484.0	1738.0	0.0	387.0	920.0	760.0	102.0	68.0	0.0	6.0	359.0	0.0	0.0	47.0	264.0	0.0	17.0	144.0	0.0	0.0	0.0	0.0	0.0	18.0	0.0	0.0	0.0	0.0	0.0	0.0	0.0	0.0	0.0	0.0	0.0	0.0	0.0	0.0	0.0	0.0	0.0	0.0	0.0	0.0	0.0	0.0	0.0	0.0
SRR5224887	825.0	5026.0	3126.0	0.0	3234.0	600.0	3364.0	0.0	477.0	828.0	795.0	4.0	4.0	0.0	19.0	58.0	0.0	0.0	88.0	180.0	0.0	0.0	44.0	0.0	0.0	0.0	0.0	0.0	0.0	14.0	0.0	0.0	0.0	0.0	0.0	0.0	0.0	0.0	0.0	0.0	0.0	0.0	0.0	0.0	0.0	0.0	0.0	0.0	0.0	0.0	0.0	0.0	0.0
SRR5224890	692.0	6741.0	3282.0	97.0	5034.0	1640.0	3522.0	0.0	656.0	571.0	1222.0	288.0	173.0	42.0	0.0	318.0	0.0	0.0	50.0	142.0	7.0	61.0	559.0	0.0	0.0	0.0	0.0	0.0	28.0	38.0	0.0	0.0	0.0	0.0	0.0	0.0	0.0	0.0	0.0	0.0	0.0	0.0	0.0	0.0	0.0	0.0	0.0	0.0	0.0	0.0	0.0	0.0	0.0
SRR5224893	460.0	2853.0	965.0	127.0	4536.0	584.0	2199.0	0.0	193.0	288.0	802.0	53.0	19.0	0.0	12.0	27.0	0.0	0.0	24.0	137.0	0.0	0.0	19.0	0.0	0.0	0.0	0.0	0.0	26.0	27.0	0.0	0.0	0.0	0.0	0.0	0.0	0.0	0.0	0.0	0.0	0.0	0.0	0.0	0.0	0.0	0.0	0.0	0.0	0.0	0.0	0.0	0.0	0.0
SRR5224899	313.0	3483.0	2125.0	214.0	3577.0	348.0	1828.0	35.0	174.0	339.0	531.0	13.0	119.0	0.0	0.0	80.0	0.0	0.0	60.0	241.0	0.0	0.0	42.0	0.0	0.0	0.0	0.0	0.0	0.0	22.0	0.0	0.0	0.0	0.0	0.0	0.0	0.0	0.0	0.0	0.0	0.0	0.0	0.0	0.0	0.0	0.0	0.0	0.0	0.0	0.0	0.0	0.0	0.0
SRR5224902	1873.0	7208.0	2756.0	149.0	6130.0	1370.0	5673.0	0.0	1616.0	1653.0	1618.0	113.0	531.0	0.0	29.0	537.0	0.0	0.0	108.0	305.0	0.0	0.0	426.0	0.0	0.0	0.0	0.0	0.0	37.0	95.0	0.0	0.0	0.0	0.0	0.0	0.0	0.0	0.0	0.0	0.0	0.0	0.0	0.0	0.0	0.0	0.0	0.0	0.0	0.0	0.0	0.0	0.0	0.0
SRR5224905	341.0	3968.0	2168.0	61.0	3326.0	986.0	2589.0	0.0	501.0	451.0	599.0	81.0	59.0	10.0	20.0	35.0	0.0	0.0	136.0	116.0	0.0	0.0	37.0	0.0	0.0	0.0	0.0	0.0	0.0	0.0	0.0	0.0	0.0	0.0	0.0	0.0	0.0	0.0	0.0	0.0	0.0	0.0	0.0	0.0	0.0	0.0	0.0	0.0	0.0	0.0	0.0	0.0	0.0
SRR5224914	618.0	3910.0	2516.0	102.0	3683.0	625.0	938.0	0.0	659.0	1283.0	640.0	189.0	0.0	10.0	27.0	242.0	0.0	0.0	45.0	80.0	0.0	0.0	211.0	0.0	0.0	0.0	0.0	0.0	0.0	0.0	0.0	0.0	0.0	0.0	0.0	0.0	0.0	0.0	0.0	0.0	0.0	0.0	0.0	0.0	0.0	0.0	0.0	0.0	0.0	0.0	0.0	0.0	0.0
SRR5224917	331.0	3755.0	1590.0	117.0	2763.0	979.0	2323.0	0.0	276.0	387.0	631.0	0.0	0.0	0.0	0.0	47.0	0.0	0.0	41.0	187.0	0.0	0.0	0.0	0.0	0.0	0.0	0.0	0.0	17.0	0.0	0.0	0.0	0.0	0.0	0.0	0.0	0.0	0.0	0.0	0.0	0.0	0.0	0.0	0.0	0.0	0.0	0.0	0.0	0.0	0.0	0.0	0.0	0.0
SRR5224921	656.0	2353.0	643.0	36.0	2788.0	741.0	2796.0	0.0	477.0	606.0	747.0	0.0	0.0	0.0	15.0	0.0	0.0	0.0	20.0	170.0	0.0	0.0	0.0	0.0	0.0	0.0	0.0	0.0	0.0	0.0	0.0	0.0	0.0	0.0	0.0	0.0	0.0	0.0	0.0	0.0	0.0	0.0	0.0	0.0	0.0	0.0	0.0	0.0	0.0	0.0	0.0	0.0	0.0
SRR5224924	1535.0	6351.0	2969.0	86.0	6651.0	797.0	2206.0	0.0	1814.0	1851.0	1065.0	158.0	156.0	0.0	236.0	131.0	0.0	0.0	47.0	237.0	8.0	6.0	378.0	0.0	0.0	0.0	0.0	0.0	36.0	0.0	0.0	0.0	0.0	0.0	0.0	0.0	0.0	0.0	0.0	0.0	0.0	0.0	0.0	0.0	0.0	0.0	0.0	0.0	0.0	0.0	0.0	0.0	0.0
SRR5224927	672.0	5979.0	1709.0	136.0	4922.0	1962.0	4672.0	0.0	1625.0	1021.0	775.0	215.0	0.0	0.0	0.0	65.0	0.0	0.0	66.0	206.0	0.0	0.0	17.0	0.0	0.0	0.0	0.0	0.0	0.0	0.0	0.0	0.0	0.0	0.0	0.0	0.0	0.0	0.0	0.0	0.0	0.0	0.0	0.0	0.0	0.0	0.0	0.0	0.0	0.0	0.0	0.0	0.0	0.0
SRR5224936	1196.0	4522.0	3566.0	89.0	4797.0	523.0	1195.0	0.0	1662.0	819.0	620.0	255.0	153.0	0.0	37.0	73.0	0.0	0.0	112.0	229.0	0.0	7.0	30.0	0.0	0.0	0.0	0.0	0.0	0.0	0.0	46.0	0.0	0.0	0.0	0.0	0.0	0.0	0.0	0.0	0.0	0.0	0.0	0.0	0.0	0.0	0.0	0.0	0.0	0.0	0.0	0.0	0.0	0.0
SRR5224939	91.0	7387.0	3739.0	17.0	1417.0	516.0	2564.0	0.0	971.0	1011.0	489.0	302.0	30.0	0.0	26.0	24.0	0.0	0.0	100.0	126.0	0.0	0.0	33.0	0.0	0.0	0.0	0.0	0.0	0.0	0.0	0.0	0.0	0.0	0.0	0.0	0.0	0.0	0.0	0.0	0.0	0.0	0.0	0.0	0.0	0.0	0.0	0.0	0.0	0.0	0.0	0.0	0.0	0.0
SRR5224942	41.0	2451.0	2418.0	98.0	2564.0	1098.0	976.0	0.0	318.0	876.0	678.0	107.0	0.0	0.0	0.0	12.0	0.0	0.0	49.0	76.0	0.0	0.0	159.0	0.0	0.0	0.0	0.0	0.0	0.0	0.0	0.0	0.0	0.0	0.0	0.0	0.0	0.0	0.0	0.0	0.0	0.0	0.0	0.0	0.0	0.0	0.0	0.0	0.0	0.0	0.0	0.0	0.0	0.0
SRR5224945	873.0	3229.0	827.0	56.0	4237.0	688.0	2869.0	0.0	739.0	718.0	830.0	34.0	121.0	0.0	12.0	67.0	0.0	0.0	59.0	158.0	0.0	0.0	24.0	0.0	0.0	0.0	0.0	0.0	0.0	0.0	0.0	0.0	0.0	0.0	0.0	0.0	0.0	0.0	0.0	0.0	0.0	0.0	0.0	0.0	0.0	0.0	0.0	0.0	0.0	0.0	0.0	0.0	0.0
SRR5224948	1157.0	7964.0	4341.0	0.0	2831.0	519.0	2407.0	0.0	1643.0	1055.0	704.0	394.0	51.0	0.0	21.0	17.0	0.0	0.0	125.0	298.0	0.0	6.0	290.0	0.0	0.0	0.0	0.0	0.0	0.0	5.0	0.0	0.0	0.0	0.0	0.0	0.0	0.0	0.0	0.0	0.0	0.0	0.0	0.0	0.0	0.0	0.0	0.0	0.0	0.0	0.0	0.0	0.0	0.0
SRR5224951	951.0	6842.0	1796.0	241.0	4073.0	1122.0	5485.0	0.0	796.0	901.0	941.0	98.0	0.0	0.0	32.0	103.0	0.0	0.0	97.0	242.0	0.0	4.0	160.0	0.0	0.0	0.0	0.0	0.0	0.0	31.0	0.0	0.0	0.0	0.0	0.0	0.0	0.0	0.0	0.0	0.0	0.0	0.0	0.0	0.0	0.0	0.0	0.0	0.0	0.0	0.0	0.0	0.0	0.0
SRR5224954	160.0	1798.0	2352.0	159.0	2649.0	424.0	767.0	0.0	235.0	781.0	657.0	13.0	47.0	0.0	0.0	26.0	0.0	0.0	19.0	39.0	0.0	0.0	412.0	0.0	0.0	0.0	0.0	0.0	0.0	0.0	0.0	0.0	0.0	0.0	0.0	0.0	0.0	0.0	0.0	0.0	0.0	0.0	0.0	0.0	0.0	0.0	0.0	0.0	0.0	0.0	0.0	0.0	0.0
SRR5224957	409.0	3120.0	1119.0	267.0	3550.0	562.0	2349.0	0.0	452.0	294.0	457.0	115.0	0.0	0.0	17.0	37.0	0.0	0.0	44.0	239.0	0.0	0.0	0.0	0.0	0.0	0.0	0.0	0.0	0.0	0.0	0.0	0.0	0.0	0.0	0.0	0.0	0.0	0.0	0.0	0.0	0.0	0.0	0.0	0.0	0.0	0.0	0.0	0.0	0.0	0.0	0.0	0.0	0.0
SRR5224960	1430.0	6916.0	4082.0	58.0	5972.0	1420.0	3625.0	0.0	1934.0	1819.0	1036.0	412.0	408.0	0.0	55.0	306.0	0.0	0.0	75.0	292.0	0.0	26.0	1468.0	0.0	0.0	0.0	0.0	0.0	0.0	0.0	0.0	0.0	0.0	0.0	0.0	0.0	0.0	0.0	0.0	0.0	0.0	0.0	0.0	0.0	0.0	0.0	0.0	0.0	0.0	0.0	0.0	0.0	0.0
SRR5224963	165.0	4982.0	3585.0	0.0	828.0	387.0	2458.0	0.0	1392.0	1409.0	203.0	53.0	8.0	0.0	28.0	7.0	0.0	0.0	33.0	12.0	0.0	0.0	17.0	0.0	0.0	0.0	0.0	0.0	0.0	12.0	0.0	0.0	0.0	0.0	0.0	0.0	0.0	0.0	0.0	0.0	0.0	0.0	0.0	0.0	0.0	0.0	0.0	0.0	0.0	0.0	0.0	0.0	0.0
SRR5224966	1586.0	6844.0	3802.0	0.0	5541.0	1170.0	1013.0	0.0	1355.0	2304.0	603.0	828.0	146.0	0.0	234.0	195.0	0.0	0.0	79.0	257.0	20.0	74.0	590.0	0.0	0.0	0.0	0.0	0.0	0.0	0.0	0.0	0.0	0.0	0.0	0.0	0.0	0.0	0.0	0.0	0.0	0.0	0.0	0.0	0.0	0.0	0.0	0.0	0.0	0.0	0.0	0.0	0.0	0.0
SRR5224969	579.0	2932.0	901.0	32.0	3035.0	1019.0	2013.0	0.0	429.0	597.0	442.0	0.0	78.0	0.0	27.0	4.0	0.0	0.0	30.0	225.0	0.0	0.0	75.0	0.0	0.0	0.0	0.0	0.0	23.0	0.0	0.0	0.0	0.0	0.0	0.0	0.0	0.0	0.0	0.0	0.0	0.0	0.0	0.0	0.0	0.0	0.0	0.0	0.0	0.0	0.0	0.0	0.0	0.0
SRR5224970	1307.0	4129.0	1510.0	0.0	3914.0	507.0	409.0	0.0	736.0	1272.0	401.0	327.0	121.0	16.0	127.0	171.0	0.0	0.0	117.0	318.0	23.0	17.0	303.0	0.0	0.0	0.0	0.0	0.0	0.0	0.0	0.0	0.0	0.0	0.0	0.0	0.0	0.0	0.0	0.0	0.0	0.0	0.0	0.0	0.0	0.0	0.0	0.0	0.0	0.0	0.0	0.0	0.0	0.0
SRR5224973	815.0	3757.0	2464.0	0.0	2672.0	619.0	718.0	0.0	1043.0	679.0	457.0	44.0	72.0	31.0	25.0	35.0	0.0	0.0	121.0	47.0	0.0	0.0	124.0	0.0	0.0	0.0	0.0	0.0	0.0	0.0	0.0	0.0	0.0	0.0	0.0	0.0	0.0	0.0	0.0	0.0	0.0	0.0	0.0	0.0	0.0	0.0	0.0	0.0	0.0	0.0	0.0	0.0	0.0
SRR5224976	1809.0	9380.0	5947.0	16.0	6745.0	821.0	2199.0	0.0	3061.0	2707.0	789.0	1062.0	98.0	37.0	433.0	193.0	0.0	0.0	134.0	276.0	28.0	15.0	1099.0	0.0	0.0	0.0	0.0	0.0	0.0	0.0	0.0	0.0	0.0	0.0	0.0	0.0	0.0	0.0	0.0	0.0	0.0	0.0	0.0	0.0	0.0	0.0	0.0	0.0	0.0	0.0	0.0	0.0	0.0
SRR5224979	479.0	2936.0	1008.0	0.0	2518.0	583.0	1783.0	0.0	411.0	734.0	793.0	70.0	123.0	0.0	0.0	0.0	0.0	0.0	24.0	255.0	0.0	0.0	0.0	0.0	0.0	0.0	0.0	0.0	27.0	0.0	0.0	16.0	0.0	0.0	0.0	0.0	0.0	0.0	0.0	0.0	0.0	0.0	0.0	0.0	0.0	0.0	0.0	0.0	0.0	0.0	0.0	0.0	0.0
SRR5224985	631.0	5244.0	3403.0	174.0	2056.0	992.0	2766.0	0.0	1172.0	962.0	346.0	177.0	49.0	0.0	32.0	46.0	0.0	0.0	0.0	115.0	0.0	0.0	0.0	0.0	0.0	0.0	0.0	0.0	0.0	0.0	0.0	37.0	0.0	0.0	0.0	0.0	0.0	0.0	0.0	0.0	0.0	0.0	0.0	0.0	0.0	0.0	0.0	0.0	0.0	0.0	0.0	0.0	0.0
SRR5224988	1696.0	6405.0	3498.0	0.0	4681.0	535.0	2526.0	0.0	1794.0	2121.0	602.0	202.0	80.0	16.0	354.0	558.0	0.0	0.0	161.0	285.0	23.0	35.0	987.0	0.0	0.0	0.0	0.0	0.0	0.0	0.0	0.0	0.0	0.0	0.0	0.0	0.0	0.0	0.0	0.0	0.0	0.0	0.0	0.0	0.0	0.0	0.0	0.0	0.0	0.0	0.0	0.0	0.0	0.0
SRR5224991	789.0	5536.0	3118.0	80.0	4960.0	1059.0	2330.0	0.0	1018.0	1267.0	834.0	0.0	0.0	16.0	0.0	208.0	0.0	0.0	84.0	203.0	0.0	0.0	245.0	0.0	0.0	0.0	0.0	0.0	0.0	0.0	0.0	0.0	0.0	0.0	0.0	0.0	0.0	0.0	0.0	0.0	0.0	0.0	0.0	0.0	0.0	0.0	0.0	0.0	0.0	0.0	0.0	0.0	0.0
SRR5224997	409.0	2620.0	1063.0	216.0	3836.0	974.0	1538.0	0.0	518.0	1183.0	618.0	27.0	43.0	0.0	0.0	81.0	0.0	0.0	130.0	154.0	0.0	27.0	85.0	0.0	0.0	0.0	0.0	0.0	0.0	0.0	0.0	0.0	0.0	0.0	0.0	0.0	0.0	0.0	0.0	0.0	0.0	0.0	0.0	0.0	0.0	0.0	0.0	0.0	0.0	0.0	0.0	0.0	0.0
SRR5225000	1494.0	7067.0	2930.0	0.0	5297.0	1049.0	2690.0	0.0	1550.0	1990.0	722.0	777.0	228.0	29.0	355.0	489.0	0.0	0.0	0.0	100.0	42.0	88.0	1169.0	0.0	0.0	0.0	0.0	0.0	0.0	50.0	0.0	0.0	0.0	0.0	0.0	0.0	0.0	0.0	0.0	0.0	0.0	0.0	0.0	0.0	0.0	0.0	0.0	0.0	0.0	0.0	0.0	0.0	0.0
SRR5225003	981.0	3229.0	2330.0	0.0	3001.0	358.0	573.0	0.0	707.0	964.0	458.0	409.0	83.0	8.0	81.0	100.0	0.0	0.0	105.0	51.0	0.0	0.0	624.0	0.0	0.0	0.0	0.0	0.0	0.0	0.0	0.0	0.0	0.0	0.0	0.0	0.0	0.0	0.0	0.0	0.0	0.0	0.0	0.0	0.0	0.0	0.0	0.0	0.0	0.0	0.0	0.0	0.0	0.0
SRR5225006	621.0	3505.0	1903.0	99.0	1629.0	474.0	810.0	0.0	950.0	727.0	389.0	142.0	36.0	0.0	34.0	68.0	0.0	0.0	93.0	156.0	6.0	0.0	180.0	0.0	0.0	0.0	0.0	0.0	0.0	0.0	0.0	0.0	0.0	0.0	0.0	0.0	0.0	0.0	0.0	0.0	0.0	0.0	0.0	0.0	0.0	0.0	0.0	0.0	0.0	0.0	0.0	0.0	0.0
SRR5225012	426.0	3034.0	2582.0	93.0	2094.0	378.0	794.0	0.0	584.0	506.0	339.0	115.0	27.0	0.0	0.0	16.0	0.0	0.0	77.0	109.0	0.0	0.0	56.0	0.0	0.0	0.0	0.0	0.0	0.0	0.0	0.0	0.0	0.0	0.0	0.0	0.0	0.0	0.0	0.0	0.0	0.0	0.0	0.0	0.0	0.0	0.0	0.0	0.0	0.0	0.0	0.0	0.0	0.0
SRR5225015	136.0	2675.0	947.0	0.0	2895.0	326.0	826.0	0.0	296.0	668.0	674.0	33.0	0.0	0.0	41.0	124.0	0.0	0.0	48.0	118.0	0.0	3.0	247.0	0.0	0.0	0.0	0.0	0.0	0.0	0.0	0.0	0.0	0.0	0.0	0.0	0.0	0.0	0.0	0.0	0.0	0.0	0.0	0.0	0.0	0.0	0.0	0.0	0.0	0.0	0.0	0.0	0.0	0.0
SRR5225027	1285.0	7271.0	2954.0	0.0	5130.0	728.0	1696.0	0.0	1598.0	2455.0	794.0	714.0	192.0	15.0	520.0	232.0	0.0	0.0	76.0	282.0	13.0	125.0	1370.0	0.0	0.0	0.0	0.0	0.0	0.0	0.0	0.0	0.0	0.0	0.0	0.0	0.0	0.0	0.0	0.0	0.0	0.0	0.0	0.0	0.0	0.0	0.0	0.0	0.0	0.0	0.0	0.0	0.0	0.0
SRR5225032	265.0	2978.0	1344.0	46.0	3191.0	952.0	1977.0	0.0	826.0	532.0	534.0	0.0	51.0	0.0	33.0	54.0	0.0	0.0	110.0	148.0	0.0	0.0	0.0	0.0	0.0	0.0	0.0	0.0	0.0	0.0	0.0	0.0	0.0	0.0	0.0	0.0	0.0	0.0	0.0	0.0	0.0	0.0	0.0	0.0	0.0	0.0	0.0	0.0	0.0	0.0	0.0	0.0	0.0
SRR5225035	1969.0	8051.0	4719.0	171.0	5093.0	564.0	1880.0	0.0	1922.0	1986.0	749.0	746.0	298.0	176.0	433.0	144.0	0.0	0.0	185.0	322.0	41.0	36.0	2045.0	0.0	0.0	0.0	0.0	0.0	0.0	14.0	0.0	0.0	0.0	0.0	0.0	0.0	0.0	0.0	0.0	0.0	0.0	0.0	0.0	0.0	0.0	0.0	0.0	0.0	0.0	0.0	0.0	0.0	0.0
SRR5225042	1023.0	5777.0	2480.0	0.0	2504.0	1144.0	5532.0	0.0	1449.0	935.0	861.0	155.0	895.0	0.0	0.0	99.0	0.0	0.0	173.0	229.0	0.0	0.0	555.0	0.0	0.0	0.0	0.0	0.0	29.0	35.0	0.0	0.0	0.0	0.0	0.0	0.0	0.0	0.0	0.0	0.0	0.0	0.0	0.0	0.0	0.0	0.0	0.0	0.0	0.0	0.0	0.0	0.0	0.0
SRR5225051	974.0	4090.0	2147.0	0.0	3051.0	478.0	802.0	0.0	568.0	734.0	573.0	364.0	28.0	0.0	96.0	67.0	0.0	0.0	82.0	312.0	11.0	0.0	196.0	0.0	0.0	0.0	0.0	0.0	0.0	0.0	0.0	0.0	0.0	0.0	0.0	0.0	0.0	0.0	0.0	0.0	0.0	0.0	0.0	0.0	0.0	0.0	0.0	0.0	0.0	0.0	0.0	0.0	0.0
SRR5225064	448.0	4832.0	1975.0	0.0	2363.0	1655.0	3465.0	0.0	1200.0	518.0	343.0	76.0	0.0	0.0	59.0	32.0	0.0	0.0	117.0	101.0	12.0	0.0	22.0	0.0	0.0	0.0	0.0	0.0	0.0	0.0	0.0	0.0	0.0	0.0	0.0	0.0	0.0	0.0	0.0	0.0	0.0	0.0	0.0	0.0	0.0	0.0	0.0	0.0	0.0	0.0	0.0	0.0	0.0
SRR5225067	2038.0	6862.0	3323.0	0.0	6322.0	623.0	2014.0	0.0	1592.0	2165.0	645.0	846.0	310.0	0.0	325.0	309.0	0.0	0.0	43.0	193.0	56.0	76.0	1457.0	0.0	0.0	0.0	0.0	0.0	15.0	0.0	0.0	11.0	0.0	0.0	0.0	0.0	0.0	0.0	0.0	0.0	0.0	0.0	0.0	0.0	0.0	0.0	0.0	0.0	0.0	0.0	0.0	0.0	0.0
SRR5225080	1628.0	10010.0	6225.0	77.0	6506.0	1817.0	6794.0	36.0	3128.0	2978.0	1780.0	808.0	1497.0	6.0	636.0	269.0	0.0	0.0	103.0	372.0	87.0	13.0	1331.0	0.0	0.0	0.0	0.0	0.0	55.0	0.0	0.0	16.0	0.0	0.0	0.0	0.0	0.0	0.0	0.0	0.0	0.0	0.0	0.0	0.0	0.0	0.0	0.0	0.0	0.0	0.0	0.0	0.0	0.0
SRR5225083	1618.0	8885.0	3863.0	139.0	5579.0	1732.0	6723.0	0.0	2984.0	2507.0	1778.0	1245.0	266.0	0.0	210.0	244.0	0.0	0.0	36.0	367.0	89.0	107.0	2258.0	0.0	0.0	0.0	0.0	0.0	0.0	0.0	0.0	12.0	0.0	0.0	0.0	0.0	0.0	0.0	0.0	0.0	0.0	0.0	0.0	0.0	0.0	0.0	0.0	0.0	0.0	0.0	0.0	0.0	0.0
SRR5225096	255.0	3570.0	2863.0	0.0	1366.0	286.0	659.0	0.0	888.0	500.0	219.0	137.0	15.0	0.0	0.0	0.0	0.0	0.0	48.0	195.0	0.0	0.0	41.0	0.0	0.0	0.0	0.0	0.0	0.0	0.0	0.0	0.0	0.0	0.0	0.0	0.0	0.0	0.0	0.0	0.0	0.0	0.0	0.0	0.0	0.0	0.0	0.0	0.0	0.0	0.0	0.0	0.0	0.0
SRR5225107	1173.0	5400.0	3223.0	0.0	4041.0	478.0	1223.0	0.0	1144.0	1467.0	217.0	333.0	84.0	36.0	278.0	64.0	0.0	0.0	108.0	280.0	19.0	0.0	241.0	0.0	0.0	0.0	0.0	0.0	0.0	0.0	0.0	0.0	0.0	0.0	0.0	0.0	0.0	0.0	0.0	0.0	0.0	0.0	0.0	0.0	0.0	0.0	0.0	0.0	0.0	0.0	0.0	0.0	0.0
SRR5225112	265.0	3549.0	1257.0	0.0	2361.0	525.0	1040.0	0.0	734.0	778.0	452.0	11.0	32.0	0.0	34.0	91.0	0.0	0.0	98.0	128.0	6.0	29.0	0.0	0.0	0.0	0.0	0.0	0.0	0.0	0.0	0.0	0.0	0.0	0.0	0.0	0.0	0.0	0.0	0.0	0.0	0.0	0.0	0.0	0.0	0.0	0.0	0.0	0.0	0.0	0.0	0.0	0.0	0.0
SRR5225125	1312.0	7552.0	2826.0	69.0	5278.0	545.0	1952.0	0.0	1470.0	2047.0	561.0	491.0	82.0	14.0	197.0	55.0	0.0	0.0	69.0	312.0	13.0	64.0	985.0	0.0	0.0	0.0	0.0	0.0	0.0	36.0	0.0	19.0	0.0	0.0	0.0	0.0	0.0	0.0	0.0	0.0	0.0	0.0	0.0	0.0	0.0	0.0	0.0	0.0	0.0	0.0	0.0	0.0	0.0
SRR5225128	465.0	3217.0	748.0	0.0	2538.0	301.0	1637.0	0.0	305.0	941.0	593.0	15.0	166.0	0.0	53.0	28.0	0.0	0.0	20.0	155.0	0.0	0.0	56.0	0.0	0.0	0.0	0.0	0.0	0.0	0.0	0.0	0.0	0.0	0.0	0.0	0.0	0.0	0.0	0.0	0.0	0.0	0.0	0.0	0.0	0.0	0.0	0.0	0.0	0.0	0.0	0.0	0.0	0.0
SRR5225141	1155.0	5287.0	2753.0	159.0	3926.0	263.0	1343.0	0.0	1071.0	1412.0	457.0	165.0	0.0	14.0	100.0	19.0	0.0	0.0	99.0	256.0	0.0	8.0	259.0	0.0	0.0	0.0	0.0	0.0	0.0	27.0	0.0	21.0	0.0	0.0	0.0	0.0	0.0	0.0	0.0	0.0	0.0	0.0	0.0	0.0	0.0	0.0	0.0	0.0	0.0	0.0	0.0	0.0	0.0
SRR5225154	720.0	2777.0	1139.0	0.0	3440.0	395.0	740.0	0.0	433.0	821.0	425.0	156.0	29.0	0.0	66.0	25.0	0.0	0.0	67.0	0.0	0.0	18.0	411.0	0.0	0.0	0.0	0.0	0.0	20.0	83.0	0.0	0.0	0.0	0.0	0.0	0.0	0.0	0.0	0.0	0.0	0.0	0.0	0.0	0.0	0.0	0.0	0.0	0.0	0.0	0.0	0.0	0.0	0.0
SRR5225157	446.0	2526.0	575.0	0.0	3260.0	529.0	2029.0	0.0	401.0	834.0	591.0	25.0	219.0	8.0	25.0	36.0	0.0	0.0	17.0	151.0	0.0	0.0	588.0	0.0	0.0	0.0	0.0	0.0	26.0	0.0	0.0	0.0	0.0	0.0	0.0	0.0	0.0	0.0	0.0	0.0	0.0	0.0	0.0	0.0	0.0	0.0	0.0	0.0	0.0	0.0	0.0	0.0	0.0
SRR5225160	1553.0	3726.0	1174.0	0.0	4794.0	654.0	1477.0	0.0	927.0	1333.0	728.0	318.0	32.0	0.0	27.0	80.0	0.0	0.0	29.0	224.0	15.0	0.0	153.0	0.0	0.0	0.0	0.0	0.0	44.0	86.0	0.0	0.0	0.0	0.0	0.0	0.0	0.0	0.0	0.0	0.0	0.0	0.0	0.0	0.0	0.0	0.0	0.0	0.0	0.0	0.0	0.0	0.0	0.0
SRR5225170	954.0	7187.0	5123.0	0.0	2358.0	2405.0	4521.0	0.0	1321.0	895.0	883.0	43.0	161.0	0.0	34.0	19.0	0.0	0.0	21.0	269.0	0.0	25.0	112.0	0.0	0.0	107.0	0.0	0.0	0.0	0.0	0.0	46.0	0.0	0.0	0.0	0.0	0.0	23.0	0.0	0.0	0.0	0.0	0.0	0.0	0.0	0.0	0.0	0.0	0.0	0.0	0.0	0.0	0.0
SRR5225173	963.0	3656.0	826.0	126.0	4880.0	936.0	3292.0	0.0	561.0	1071.0	987.0	242.0	24.0	8.0	26.0	50.0	0.0	0.0	148.0	176.0	0.0	0.0	309.0	0.0	0.0	0.0	0.0	0.0	0.0	11.0	0.0	0.0	0.0	0.0	0.0	0.0	0.0	0.0	0.0	0.0	0.0	0.0	0.0	0.0	0.0	0.0	0.0	0.0	0.0	0.0	0.0	0.0	0.0
SRR5225176	676.0	4571.0	1576.0	176.0	3001.0	552.0	2813.0	0.0	856.0	1211.0	848.0	238.0	78.0	0.0	31.0	17.0	0.0	0.0	143.0	278.0	0.0	50.0	168.0	0.0	0.0	0.0	0.0	0.0	0.0	33.0	0.0	0.0	0.0	0.0	0.0	0.0	0.0	0.0	0.0	0.0	0.0	0.0	0.0	0.0	0.0	0.0	0.0	0.0	0.0	0.0	0.0	0.0	0.0
SRR5225179	1100.0	4637.0	1598.0	0.0	4710.0	737.0	2049.0	0.0	890.0	1286.0	752.0	283.0	155.0	0.0	126.0	139.0	0.0	0.0	49.0	355.0	0.0	10.0	455.0	0.0	0.0	0.0	0.0	0.0	28.0	47.0	0.0	0.0	0.0	0.0	0.0	0.0	0.0	0.0	0.0	0.0	0.0	0.0	0.0	0.0	0.0	0.0	0.0	0.0	0.0	0.0	0.0	0.0	0.0
SRR5225182	458.0	4520.0	2131.0	0.0	3025.0	58.0	1254.0	0.0	419.0	591.0	549.0	63.0	134.0	10.0	58.0	98.0	0.0	0.0	19.0	221.0	0.0	0.0	340.0	0.0	0.0	0.0	0.0	0.0	0.0	0.0	0.0	0.0	0.0	0.0	0.0	0.0	0.0	0.0	0.0	0.0	0.0	0.0	0.0	0.0	0.0	0.0	0.0	0.0	0.0	0.0	0.0	0.0	0.0
SRR5225185	816.0	5071.0	2535.0	57.0	3362.0	884.0	4045.0	0.0	1204.0	1637.0	1127.0	159.0	419.0	0.0	78.0	69.0	0.0	0.0	118.0	121.0	0.0	58.0	78.0	0.0	0.0	0.0	0.0	0.0	46.0	0.0	0.0	0.0	0.0	0.0	0.0	0.0	0.0	0.0	0.0	0.0	0.0	0.0	0.0	0.0	0.0	0.0	0.0	0.0	0.0	0.0	0.0	0.0	0.0
SRR5225188	662.0	5126.0	2732.0	0.0	2821.0	423.0	2563.0	0.0	1099.0	1168.0	347.0	255.0	152.0	0.0	127.0	29.0	0.0	0.0	75.0	175.0	0.0	5.0	109.0	0.0	0.0	0.0	0.0	0.0	0.0	0.0	0.0	0.0	0.0	0.0	0.0	0.0	0.0	0.0	0.0	0.0	0.0	0.0	0.0	0.0	0.0	0.0	0.0	0.0	0.0	0.0	0.0	0.0	0.0
SRR5225191	1386.0	7019.0	4066.0	131.0	6120.0	896.0	3808.0	0.0	1475.0	2364.0	983.0	430.0	946.0	0.0	149.0	78.0	0.0	0.0	168.0	276.0	13.0	39.0	1413.0	0.0	0.0	0.0	0.0	0.0	0.0	16.0	0.0	0.0	0.0	0.0	0.0	0.0	0.0	0.0	0.0	0.0	0.0	0.0	0.0	0.0	0.0	0.0	0.0	0.0	0.0	0.0	0.0	0.0	0.0
SRR5225194	589.0	3768.0	993.0	0.0	5067.0	334.0	1722.0	0.0	502.0	969.0	893.0	42.0	234.0	0.0	0.0	188.0	0.0	0.0	32.0	162.0	0.0	0.0	425.0	0.0	0.0	0.0	0.0	0.0	0.0	39.0	0.0	0.0	0.0	0.0	0.0	0.0	0.0	0.0	0.0	0.0	0.0	0.0	0.0	0.0	0.0	0.0	0.0	0.0	0.0	0.0	0.0	0.0	0.0
SRR5225197	1248.0	6662.0	3189.0	51.0	4811.0	556.0	2280.0	0.0	2002.0	1642.0	652.0	473.0	179.0	65.0	101.0	11.0	0.0	0.0	106.0	191.0	0.0	25.0	217.0	0.0	0.0	0.0	0.0	0.0	0.0	0.0	0.0	10.0	0.0	0.0	0.0	0.0	0.0	0.0	0.0	0.0	0.0	0.0	0.0	0.0	0.0	0.0	0.0	0.0	0.0	0.0	0.0	0.0	0.0
SRR5225200	397.0	3134.0	1086.0	0.0	3332.0	555.0	2524.0	0.0	720.0	769.0	806.0	16.0	245.0	0.0	43.0	25.0	0.0	0.0	26.0	136.0	0.0	0.0	11.0	0.0	0.0	0.0	0.0	0.0	0.0	0.0	0.0	0.0	0.0	0.0	0.0	0.0	0.0	0.0	0.0	0.0	0.0	0.0	0.0	0.0	0.0	0.0	0.0	0.0	0.0	0.0	0.0	0.0	0.0
SRR5225203	957.0	3701.0	1041.0	0.0	3643.0	515.0	1326.0	0.0	830.0	855.0	477.0	93.0	181.0	0.0	54.0	189.0	0.0	0.0	24.0	194.0	0.0	28.0	297.0	0.0	0.0	0.0	0.0	0.0	0.0	0.0	0.0	13.0	0.0	0.0	0.0	0.0	0.0	0.0	0.0	0.0	0.0	0.0	0.0	0.0	0.0	0.0	0.0	0.0	0.0	0.0	0.0	0.0	0.0
SRR5225206	1064.0	5667.0	3113.0	0.0	3747.0	871.0	4232.0	0.0	893.0	1210.0	767.0	0.0	193.0	10.0	68.0	147.0	0.0	0.0	73.0	139.0	0.0	0.0	231.0	0.0	0.0	0.0	0.0	0.0	0.0	20.0	0.0	0.0	0.0	0.0	0.0	0.0	0.0	0.0	0.0	0.0	0.0	0.0	0.0	0.0	0.0	0.0	0.0	0.0	0.0	0.0	0.0	0.0	0.0
SRR5225209	1214.0	6695.0	2820.0	86.0	3817.0	1201.0	3651.0	0.0	1695.0	1412.0	866.0	311.0	121.0	64.0	120.0	89.0	0.0	0.0	182.0	247.0	13.0	0.0	287.0	0.0	0.0	0.0	0.0	0.0	23.0	0.0	0.0	0.0	0.0	0.0	0.0	0.0	0.0	0.0	0.0	0.0	0.0	0.0	0.0	0.0	0.0	0.0	0.0	0.0	0.0	0.0	0.0	0.0	0.0
SRR5225212	524.0	3569.0	1512.0	12.0	2769.0	454.0	2752.0	0.0	284.0	455.0	441.0	124.0	77.0	0.0	51.0	50.0	0.0	0.0	31.0	136.0	6.0	0.0	0.0	0.0	0.0	0.0	0.0	0.0	0.0	0.0	0.0	0.0	0.0	0.0	0.0	0.0	0.0	0.0	0.0	0.0	0.0	0.0	0.0	0.0	0.0	0.0	0.0	0.0	0.0	0.0	0.0	0.0	0.0
SRR5225215	189.0	4690.0	2565.0	9.0	1635.0	198.0	876.0	0.0	547.0	993.0	126.0	27.0	16.0	0.0	18.0	29.0	0.0	0.0	23.0	37.0	11.0	0.0	75.0	0.0	0.0	0.0	0.0	0.0	0.0	0.0	134.0	0.0	0.0	0.0	0.0	0.0	0.0	0.0	0.0	0.0	0.0	0.0	0.0	0.0	0.0	0.0	0.0	0.0	0.0	0.0	0.0	0.0	0.0
SRR5225218	1648.0	7250.0	3083.0	39.0	4754.0	478.0	2321.0	0.0	2121.0	2386.0	488.0	493.0	142.0	68.0	234.0	25.0	0.0	0.0	151.0	292.0	0.0	0.0	451.0	0.0	0.0	0.0	0.0	0.0	0.0	0.0	0.0	0.0	0.0	0.0	0.0	0.0	0.0	0.0	0.0	0.0	0.0	0.0	0.0	0.0	0.0	0.0	0.0	0.0	0.0	0.0	0.0	0.0	0.0
SRR5225221	695.0	5745.0	2273.0	0.0	4843.0	588.0	2654.0	0.0	1319.0	1887.0	656.0	160.0	211.0	11.0	308.0	260.0	0.0	0.0	129.0	280.0	0.0	7.0	355.0	0.0	0.0	0.0	0.0	0.0	40.0	0.0	0.0	0.0	0.0	0.0	0.0	0.0	0.0	0.0	0.0	0.0	0.0	0.0	0.0	0.0	0.0	0.0	0.0	0.0	0.0	0.0	0.0	0.0	0.0
SRR5225224	1046.0	4597.0	2084.0	25.0	3364.0	606.0	1905.0	0.0	794.0	663.0	346.0	67.0	89.0	15.0	23.0	21.0	0.0	0.0	85.0	178.0	0.0	9.0	108.0	0.0	0.0	0.0	0.0	0.0	0.0	0.0	0.0	0.0	0.0	0.0	0.0	0.0	0.0	0.0	0.0	0.0	0.0	0.0	0.0	0.0	0.0	0.0	0.0	0.0	0.0	0.0	0.0	0.0	0.0
SRR5225227	631.0	5121.0	2916.0	12.0	2699.0	812.0	2329.0	0.0	934.0	1179.0	471.0	265.0	51.0	0.0	32.0	0.0	0.0	0.0	65.0	384.0	7.0	15.0	48.0	0.0	0.0	0.0	0.0	0.0	10.0	0.0	0.0	0.0	0.0	0.0	0.0	0.0	0.0	0.0	0.0	0.0	0.0	0.0	0.0	0.0	0.0	0.0	0.0	0.0	0.0	0.0	0.0	0.0	0.0
SRR5225230	1673.0	7760.0	2710.0	39.0	5837.0	588.0	1721.0	0.0	1556.0	2501.0	660.0	438.0	91.0	24.0	220.0	237.0	0.0	0.0	147.0	177.0	16.0	34.0	1334.0	0.0	0.0	0.0	0.0	0.0	0.0	0.0	0.0	0.0	0.0	0.0	0.0	0.0	0.0	0.0	0.0	0.0	0.0	0.0	0.0	0.0	0.0	0.0	0.0	0.0	0.0	0.0	0.0	0.0	0.0
SRR5225233	941.0	4830.0	2606.0	0.0	5480.0	946.0	3151.0	0.0	1084.0	1668.0	1068.0	211.0	96.0	15.0	169.0	163.0	0.0	0.0	92.0	263.0	0.0	4.0	247.0	0.0	0.0	0.0	0.0	0.0	34.0	0.0	0.0	12.0	0.0	0.0	0.0	0.0	0.0	0.0	0.0	0.0	0.0	0.0	0.0	0.0	0.0	0.0	0.0	0.0	0.0	0.0	0.0	0.0	0.0
SRR5225236	386.0	3832.0	1504.0	0.0	2313.0	249.0	864.0	0.0	378.0	517.0	491.0	12.0	54.0	9.0	63.0	24.0	0.0	0.0	48.0	193.0	0.0	6.0	92.0	0.0	0.0	0.0	0.0	0.0	0.0	0.0	0.0	0.0	0.0	0.0	0.0	0.0	0.0	0.0	0.0	0.0	0.0	0.0	0.0	0.0	0.0	0.0	0.0	0.0	0.0	0.0	0.0	0.0	0.0
SRR5225239	782.0	6341.0	3518.0	44.0	2837.0	414.0	1872.0	0.0	1335.0	1479.0	432.0	272.0	77.0	25.0	47.0	0.0	0.0	0.0	145.0	188.0	0.0	22.0	241.0	0.0	0.0	0.0	0.0	0.0	0.0	0.0	0.0	0.0	0.0	0.0	0.0	0.0	0.0	0.0	0.0	0.0	0.0	0.0	0.0	0.0	0.0	0.0	0.0	0.0	0.0	0.0	0.0	0.0	0.0
SRR5225242	418.0	3572.0	2097.0	0.0	3080.0	411.0	2070.0	0.0	497.0	558.0	456.0	141.0	102.0	0.0	68.0	44.0	0.0	0.0	28.0	218.0	0.0	0.0	131.0	0.0	0.0	0.0	0.0	0.0	0.0	0.0	0.0	0.0	0.0	0.0	0.0	0.0	0.0	0.0	0.0	0.0	0.0	0.0	0.0	0.0	0.0	0.0	0.0	0.0	0.0	0.0	0.0	0.0	0.0
SRR5225276	1176.0	7187.0	3123.0	56.0	4536.0	481.0	1532.0	0.0	1503.0	1993.0	470.0	486.0	182.0	41.0	274.0	96.0	0.0	0.0	138.0	433.0	16.0	39.0	867.0	0.0	0.0	0.0	0.0	0.0	0.0	0.0	0.0	17.0	0.0	0.0	0.0	0.0	0.0	0.0	0.0	0.0	0.0	0.0	0.0	0.0	0.0	0.0	0.0	0.0	0.0	0.0	0.0	0.0	0.0
SRR5225279	709.0	4034.0	2055.0	0.0	2552.0	184.0	835.0	0.0	912.0	579.0	276.0	56.0	70.0	0.0	21.0	23.0	0.0	0.0	46.0	134.0	0.0	0.0	155.0	0.0	0.0	0.0	0.0	0.0	0.0	5.0	0.0	0.0	0.0	0.0	0.0	0.0	0.0	0.0	0.0	0.0	0.0	0.0	0.0	0.0	0.0	0.0	0.0	0.0	0.0	0.0	0.0	0.0	0.0
SRR5225282	1011.0	3947.0	2659.0	43.0	4721.0	956.0	2482.0	0.0	801.0	1612.0	1384.0	92.0	305.0	0.0	144.0	124.0	0.0	0.0	82.0	220.0	15.0	0.0	455.0	0.0	0.0	0.0	0.0	0.0	35.0	20.0	0.0	0.0	0.0	0.0	0.0	0.0	0.0	0.0	0.0	0.0	0.0	0.0	0.0	0.0	0.0	0.0	0.0	0.0	0.0	0.0	0.0	0.0	0.0
SRR5459438	93.0	3431.0	384.0	0.0	524.0	1782.0	5831.0	0.0	589.0	89.0	856.0	0.0	0.0	0.0	0.0	0.0	0.0	0.0	38.0	0.0	0.0	32.0	0.0	0.0	0.0	23.0	0.0	0.0	0.0	0.0	0.0	0.0	0.0	0.0	0.0	0.0	0.0	0.0	0.0	0.0	0.0	0.0	0.0	0.0	0.0	0.0	0.0	0.0	0.0	0.0	0.0	0.0	0.0
SRR5459441	83.0	3220.0	409.0	0.0	1192.0	1043.0	6650.0	0.0	602.0	100.0	1329.0	0.0	0.0	0.0	16.0	0.0	0.0	0.0	0.0	17.0	0.0	34.0	36.0	0.0	0.0	0.0	0.0	0.0	0.0	0.0	0.0	0.0	0.0	0.0	0.0	0.0	0.0	0.0	0.0	0.0	0.0	0.0	0.0	0.0	0.0	0.0	0.0	0.0	0.0	0.0	0.0	0.0	0.0
SRR5459444	140.0	2260.0	34.0	0.0	546.0	1470.0	4970.0	0.0	425.0	0.0	699.0	0.0	0.0	0.0	0.0	0.0	0.0	0.0	14.0	0.0	0.0	691.0	4.0	0.0	0.0	0.0	0.0	0.0	0.0	0.0	0.0	0.0	0.0	0.0	0.0	0.0	0.0	0.0	0.0	0.0	0.0	0.0	0.0	0.0	0.0	0.0	0.0	0.0	0.0	0.0	0.0	0.0	0.0
SRR5459450	0.0	2806.0	115.0	0.0	502.0	2659.0	6069.0	0.0	624.0	0.0	502.0	0.0	0.0	0.0	0.0	0.0	0.0	0.0	55.0	32.0	0.0	0.0	0.0	0.0	0.0	0.0	0.0	0.0	0.0	0.0	0.0	0.0	0.0	0.0	0.0	0.0	0.0	0.0	0.0	0.0	0.0	0.0	0.0	0.0	0.0	0.0	0.0	0.0	0.0	0.0	0.0	0.0	0.0
SRR5459453	446.0	5012.0	1612.0	78.0	880.0	861.0	1738.0	0.0	1173.0	620.0	703.0	63.0	0.0	35.0	0.0	0.0	0.0	0.0	0.0	124.0	0.0	1219.0	89.0	0.0	0.0	0.0	0.0	8.0	0.0	0.0	0.0	0.0	0.0	0.0	0.0	0.0	0.0	0.0	0.0	0.0	0.0	0.0	0.0	0.0	0.0	0.0	0.0	0.0	0.0	0.0	0.0	0.0	0.0
SRR5459456	389.0	4916.0	510.0	0.0	381.0	1838.0	6626.0	0.0	432.0	114.0	1807.0	0.0	13.0	0.0	0.0	0.0	0.0	0.0	0.0	0.0	0.0	119.0	224.0	0.0	0.0	0.0	0.0	0.0	0.0	0.0	0.0	44.0	0.0	0.0	0.0	0.0	0.0	0.0	0.0	0.0	0.0	0.0	0.0	0.0	0.0	0.0	0.0	0.0	0.0	0.0	0.0	0.0	0.0
SRR5459459	898.0	5721.0	750.0	0.0	1339.0	1053.0	8364.0	0.0	264.0	0.0	1892.0	0.0	0.0	0.0	59.0	0.0	0.0	0.0	0.0	0.0	0.0	2462.0	223.0	0.0	0.0	0.0	0.0	52.0	0.0	0.0	0.0	0.0	0.0	0.0	0.0	0.0	0.0	0.0	0.0	0.0	0.0	0.0	0.0	0.0	0.0	0.0	0.0	0.0	0.0	0.0	0.0	0.0	0.0
SRR5459462	0.0	4103.0	272.0	0.0	308.0	1064.0	5541.0	0.0	442.0	0.0	944.0	0.0	0.0	0.0	0.0	0.0	0.0	0.0	0.0	0.0	0.0	76.0	0.0	0.0	0.0	0.0	0.0	0.0	0.0	0.0	0.0	0.0	0.0	0.0	0.0	0.0	0.0	0.0	0.0	0.0	0.0	0.0	0.0	0.0	0.0	0.0	0.0	0.0	0.0	0.0	0.0	0.0	0.0
SRR5459465	40.0	3285.0	62.0	0.0	1014.0	2120.0	5220.0	0.0	520.0	0.0	889.0	0.0	0.0	0.0	0.0	0.0	0.0	0.0	48.0	0.0	0.0	0.0	0.0	0.0	0.0	0.0	0.0	0.0	0.0	0.0	0.0	0.0	0.0	0.0	0.0	0.0	0.0	0.0	0.0	0.0	0.0	0.0	0.0	0.0	0.0	0.0	0.0	0.0	0.0	0.0	0.0	0.0	0.0
SRR5459468	325.0	3610.0	1160.0	0.0	132.0	740.0	1719.0	0.0	475.0	204.0	297.0	0.0	0.0	0.0	0.0	0.0	0.0	0.0	22.0	0.0	0.0	2065.0	21.0	0.0	0.0	0.0	0.0	163.0	0.0	0.0	0.0	0.0	0.0	0.0	0.0	0.0	0.0	0.0	0.0	0.0	0.0	0.0	0.0	0.0	0.0	0.0	0.0	0.0	0.0	0.0	0.0	0.0	0.0
SRR5459471	102.0	1965.0	0.0	0.0	228.0	1996.0	5302.0	0.0	227.0	0.0	696.0	0.0	0.0	0.0	0.0	0.0	0.0	0.0	0.0	0.0	0.0	14.0	0.0	0.0	0.0	0.0	0.0	0.0	0.0	0.0	0.0	0.0	0.0	0.0	0.0	0.0	0.0	0.0	0.0	0.0	0.0	0.0	0.0	0.0	0.0	0.0	0.0	0.0	0.0	0.0	0.0	0.0	0.0
SRR5459474	38.0	4160.0	1173.0	0.0	214.0	806.0	2514.0	0.0	223.0	289.0	536.0	0.0	0.0	0.0	0.0	0.0	0.0	0.0	0.0	0.0	0.0	1461.0	112.0	0.0	0.0	0.0	0.0	39.0	0.0	0.0	0.0	0.0	0.0	0.0	0.0	0.0	0.0	0.0	0.0	0.0	0.0	0.0	0.0	0.0	0.0	0.0	0.0	0.0	0.0	0.0	0.0	0.0	0.0
SRR5459481	0.0	2546.0	97.0	0.0	213.0	2514.0	4580.0	0.0	248.0	0.0	590.0	0.0	0.0	0.0	0.0	0.0	0.0	0.0	10.0	0.0	0.0	0.0	0.0	0.0	0.0	0.0	0.0	0.0	0.0	0.0	0.0	0.0	0.0	0.0	0.0	0.0	0.0	0.0	0.0	0.0	0.0	0.0	0.0	0.0	0.0	0.0	0.0	0.0	0.0	0.0	0.0	0.0	0.0
SRR5459485	62.0	3886.0	390.0	0.0	770.0	1822.0	7269.0	0.0	234.0	192.0	1249.0	9.0	0.0	0.0	0.0	0.0	0.0	0.0	0.0	0.0	0.0	125.0	0.0	0.0	0.0	0.0	0.0	0.0	0.0	0.0	0.0	0.0	0.0	0.0	0.0	0.0	0.0	0.0	0.0	0.0	0.0	0.0	0.0	0.0	0.0	0.0	0.0	0.0	0.0	0.0	0.0	0.0	0.0
SRR5459493	8.0	2852.0	80.0	0.0	608.0	1381.0	5302.0	0.0	537.0	0.0	792.0	0.0	0.0	0.0	0.0	0.0	0.0	0.0	0.0	0.0	0.0	157.0	0.0	0.0	0.0	0.0	0.0	0.0	0.0	0.0	0.0	0.0	0.0	0.0	0.0	0.0	0.0	0.0	0.0	0.0	0.0	0.0	0.0	0.0	0.0	0.0	0.0	0.0	0.0	0.0	0.0	0.0	0.0
SRR5459497	157.0	3023.0	344.0	0.0	457.0	1165.0	5569.0	0.0	288.0	0.0	941.0	0.0	0.0	0.0	0.0	0.0	0.0	0.0	0.0	0.0	0.0	66.0	0.0	0.0	0.0	0.0	0.0	135.0	0.0	0.0	0.0	0.0	0.0	0.0	0.0	0.0	0.0	0.0	0.0	0.0	0.0	0.0	0.0	0.0	0.0	0.0	0.0	0.0	0.0	0.0	0.0	0.0	0.0
SRR5459508	19.0	2394.0	488.0	0.0	396.0	1975.0	3732.0	0.0	487.0	0.0	870.0	0.0	7.0	0.0	0.0	0.0	0.0	0.0	29.0	0.0	0.0	0.0	0.0	0.0	0.0	0.0	0.0	0.0	0.0	0.0	0.0	0.0	0.0	0.0	0.0	0.0	0.0	0.0	0.0	0.0	0.0	0.0	0.0	0.0	0.0	0.0	0.0	0.0	0.0	0.0	0.0	0.0	0.0
SRR5459512	87.0	2929.0	611.0	0.0	939.0	975.0	5567.0	0.0	842.0	79.0	1100.0	0.0	0.0	0.0	12.0	0.0	0.0	0.0	0.0	0.0	0.0	134.0	0.0	0.0	0.0	29.0	0.0	0.0	0.0	0.0	0.0	0.0	0.0	0.0	0.0	0.0	0.0	0.0	0.0	0.0	0.0	0.0	0.0	0.0	0.0	0.0	0.0	0.0	0.0	0.0	0.0	0.0	0.0
SRR5459516	100.0	3506.0	500.0	0.0	258.0	895.0	4876.0	0.0	622.0	0.0	373.0	0.0	0.0	0.0	0.0	0.0	0.0	0.0	34.0	0.0	0.0	19.0	0.0	0.0	0.0	0.0	0.0	0.0	0.0	0.0	0.0	0.0	0.0	0.0	0.0	0.0	0.0	0.0	0.0	0.0	0.0	0.0	0.0	0.0	0.0	0.0	0.0	0.0	0.0	0.0	0.0	0.0	0.0
SRR5459524	79.0	3149.0	16.0	0.0	560.0	3754.0	5805.0	0.0	264.0	173.0	891.0	0.0	0.0	0.0	0.0	0.0	0.0	0.0	0.0	0.0	0.0	10.0	0.0	0.0	0.0	0.0	0.0	0.0	0.0	0.0	0.0	0.0	0.0	0.0	0.0	0.0	0.0	0.0	0.0	0.0	0.0	0.0	0.0	0.0	0.0	0.0	0.0	0.0	0.0	0.0	0.0	0.0	0.0
SRR5459534	0.0	1690.0	120.0	0.0	200.0	2091.0	5156.0	0.0	489.0	0.0	516.0	0.0	0.0	0.0	0.0	0.0	0.0	0.0	10.0	0.0	0.0	0.0	0.0	0.0	0.0	0.0	0.0	0.0	0.0	0.0	0.0	0.0	0.0	0.0	0.0	0.0	0.0	0.0	0.0	0.0	0.0	0.0	0.0	0.0	0.0	0.0	0.0	0.0	0.0	0.0	0.0	0.0	0.0
SRR5459537	33.0	3884.0	494.0	0.0	328.0	1760.0	3922.0	0.0	361.0	45.0	400.0	0.0	0.0	0.0	0.0	0.0	0.0	0.0	0.0	0.0	0.0	65.0	101.0	0.0	0.0	0.0	0.0	0.0	0.0	0.0	0.0	0.0	0.0	0.0	0.0	0.0	0.0	0.0	0.0	0.0	0.0	0.0	0.0	0.0	0.0	0.0	0.0	0.0	0.0	0.0	0.0	0.0	0.0
SRR5459545	55.0	3490.0	666.0	0.0	159.0	1018.0	4178.0	0.0	364.0	0.0	524.0	19.0	0.0	0.0	0.0	0.0	0.0	0.0	0.0	0.0	0.0	777.0	10.0	0.0	0.0	0.0	0.0	39.0	0.0	0.0	0.0	0.0	0.0	0.0	0.0	0.0	0.0	0.0	0.0	0.0	0.0	0.0	0.0	0.0	0.0	0.0	0.0	0.0	0.0	0.0	0.0	0.0	0.0
SRR5459574	538.0	3999.0	1092.0	0.0	674.0	541.0	1565.0	0.0	1097.0	215.0	644.0	0.0	0.0	0.0	0.0	0.0	0.0	0.0	0.0	54.0	0.0	2223.0	125.0	0.0	0.0	0.0	0.0	52.0	0.0	0.0	0.0	0.0	0.0	0.0	0.0	0.0	0.0	0.0	0.0	0.0	0.0	0.0	0.0	0.0	0.0	0.0	0.0	0.0	0.0	0.0	0.0	0.0	0.0
SRR5459585	138.0	4220.0	447.0	0.0	677.0	753.0	2941.0	0.0	614.0	216.0	443.0	0.0	0.0	0.0	0.0	0.0	0.0	0.0	0.0	0.0	0.0	2131.0	59.0	0.0	0.0	0.0	0.0	29.0	0.0	0.0	0.0	0.0	0.0	0.0	0.0	0.0	0.0	0.0	0.0	0.0	0.0	0.0	0.0	0.0	0.0	0.0	0.0	0.0	0.0	0.0	0.0	0.0	0.0
SRR6764340	967.0	5474.0	2628.0	0.0	4754.0	2232.0	1320.0	0.0	1245.0	728.0	1222.0	215.0	37.0	9.0	15.0	0.0	0.0	0.0	0.0	274.0	0.0	285.0	77.0	11.0	38.0	100.0	37.0	0.0	0.0	0.0	0.0	9.0	0.0	0.0	0.0	0.0	0.0	135.0	0.0	0.0	0.0	0.0	0.0	0.0	0.0	0.0	0.0	0.0	0.0	0.0	0.0	0.0	0.0
SRR6764344	682.0	5226.0	3489.0	0.0	3553.0	780.0	869.0	0.0	883.0	660.0	767.0	206.0	23.0	0.0	61.0	0.0	0.0	0.0	118.0	361.0	0.0	27.0	277.0	0.0	0.0	69.0	0.0	0.0	0.0	0.0	0.0	0.0	0.0	0.0	0.0	0.0	0.0	0.0	0.0	0.0	0.0	0.0	0.0	0.0	0.0	0.0	0.0	0.0	0.0	0.0	0.0	0.0	0.0
SRR6764351	483.0	3475.0	2576.0	0.0	3223.0	844.0	678.0	0.0	846.0	729.0	754.0	84.0	26.0	0.0	0.0	0.0	8.0	0.0	55.0	193.0	0.0	45.0	0.0	0.0	0.0	116.0	0.0	0.0	0.0	0.0	0.0	0.0	0.0	0.0	0.0	0.0	0.0	71.0	0.0	0.0	0.0	0.0	0.0	0.0	0.0	0.0	0.0	0.0	0.0	0.0	0.0	0.0	0.0
SRR6764352	622.0	4074.0	2754.0	0.0	2278.0	1281.0	868.0	0.0	835.0	625.0	593.0	134.0	0.0	0.0	0.0	0.0	0.0	0.0	70.0	224.0	0.0	53.0	139.0	0.0	0.0	119.0	0.0	0.0	0.0	0.0	0.0	0.0	0.0	0.0	0.0	0.0	0.0	59.0	0.0	0.0	0.0	0.0	0.0	0.0	0.0	0.0	0.0	0.0	0.0	0.0	0.0	0.0	0.0
SRR6764354	1112.0	4590.0	1989.0	0.0	4389.0	518.0	2387.0	0.0	708.0	1975.0	2070.0	212.0	128.0	0.0	90.0	33.0	8.0	0.0	29.0	269.0	0.0	55.0	148.0	0.0	0.0	51.0	0.0	0.0	0.0	0.0	0.0	0.0	0.0	0.0	0.0	0.0	0.0	107.0	0.0	0.0	0.0	0.0	0.0	0.0	0.0	0.0	0.0	0.0	0.0	0.0	0.0	0.0	0.0
SRR6764355	1762.0	5479.0	3118.0	0.0	4419.0	596.0	1122.0	0.0	1400.0	1515.0	1614.0	158.0	20.0	0.0	45.0	123.0	0.0	0.0	86.0	278.0	0.0	21.0	41.0	0.0	0.0	147.0	65.0	0.0	0.0	0.0	0.0	0.0	0.0	0.0	0.0	0.0	0.0	214.0	0.0	0.0	0.0	0.0	0.0	0.0	0.0	0.0	0.0	0.0	0.0	0.0	0.0	0.0	0.0
SRR6764356	1384.0	3281.0	2568.0	0.0	4808.0	531.0	853.0	0.0	406.0	1276.0	722.0	86.0	128.0	0.0	58.0	37.0	11.0	0.0	0.0	301.0	0.0	13.0	126.0	0.0	36.0	27.0	39.0	0.0	0.0	0.0	0.0	0.0	0.0	0.0	0.0	0.0	0.0	196.0	0.0	0.0	0.0	0.0	0.0	0.0	0.0	0.0	0.0	0.0	0.0	0.0	0.0	0.0	0.0
SRR6764357	718.0	4186.0	2068.0	0.0	4056.0	739.0	2039.0	0.0	532.0	1577.0	1748.0	6.0	105.0	0.0	59.0	37.0	0.0	0.0	34.0	209.0	0.0	82.0	121.0	0.0	0.0	38.0	14.0	0.0	0.0	0.0	0.0	0.0	0.0	0.0	0.0	0.0	0.0	100.0	0.0	0.0	0.0	0.0	0.0	0.0	0.0	0.0	0.0	0.0	0.0	0.0	0.0	0.0	0.0
SRR6764359	1735.0	4136.0	2465.0	0.0	5093.0	469.0	574.0	0.0	926.0	1421.0	843.0	41.0	61.0	0.0	0.0	19.0	0.0	0.0	0.0	207.0	0.0	13.0	121.0	17.0	0.0	80.0	22.0	0.0	0.0	0.0	0.0	0.0	0.0	0.0	0.0	0.0	0.0	153.0	0.0	0.0	0.0	0.0	0.0	0.0	0.0	0.0	0.0	0.0	0.0	0.0	0.0	0.0	0.0
SRR6764360	1764.0	6529.0	3390.0	0.0	5008.0	1031.0	1141.0	0.0	1031.0	1399.0	1330.0	49.0	95.0	0.0	33.0	50.0	17.0	0.0	0.0	330.0	0.0	36.0	135.0	0.0	62.0	128.0	25.0	0.0	0.0	0.0	0.0	0.0	0.0	0.0	0.0	0.0	0.0	196.0	0.0	0.0	0.0	0.0	0.0	0.0	0.0	0.0	0.0	0.0	0.0	0.0	0.0	0.0	0.0
SRR6764361	1076.0	2880.0	2350.0	0.0	4248.0	325.0	719.0	0.0	1056.0	1078.0	807.0	77.0	37.0	0.0	31.0	25.0	0.0	0.0	26.0	313.0	0.0	32.0	109.0	0.0	50.0	27.0	37.0	0.0	0.0	0.0	66.0	0.0	0.0	0.0	0.0	0.0	0.0	0.0	0.0	0.0	0.0	0.0	0.0	0.0	0.0	0.0	0.0	0.0	0.0	0.0	0.0	0.0	0.0
SRR6764363	940.0	3586.0	1943.0	0.0	4243.0	540.0	1911.0	0.0	522.0	1200.0	1508.0	0.0	272.0	0.0	0.0	26.0	0.0	0.0	0.0	304.0	0.0	384.0	211.0	0.0	0.0	76.0	10.0	0.0	0.0	0.0	0.0	14.0	0.0	0.0	0.0	0.0	0.0	109.0	0.0	0.0	0.0	0.0	0.0	0.0	0.0	0.0	0.0	0.0	0.0	0.0	0.0	0.0	0.0
SRR6764364	467.0	3589.0	1712.0	0.0	3184.0	868.0	1777.0	0.0	407.0	955.0	1505.0	21.0	105.0	0.0	0.0	0.0	0.0	0.0	44.0	293.0	0.0	8.0	235.0	0.0	0.0	29.0	0.0	0.0	0.0	0.0	0.0	0.0	0.0	0.0	0.0	0.0	0.0	56.0	0.0	0.0	0.0	0.0	0.0	0.0	0.0	0.0	0.0	0.0	0.0	0.0	0.0	0.0	0.0
SRR6764365	1080.0	4306.0	3296.0	0.0	3684.0	437.0	955.0	0.0	1039.0	1293.0	1084.0	35.0	126.0	0.0	26.0	0.0	0.0	0.0	18.0	212.0	0.0	34.0	178.0	0.0	0.0	122.0	0.0	0.0	0.0	0.0	0.0	0.0	0.0	0.0	0.0	0.0	0.0	0.0	0.0	0.0	0.0	0.0	0.0	0.0	0.0	0.0	0.0	0.0	0.0	0.0	0.0	0.0	0.0
SRR6764366	763.0	4748.0	1633.0	0.0	2860.0	1001.0	1228.0	0.0	976.0	505.0	1121.0	20.0	87.0	0.0	14.0	0.0	0.0	0.0	0.0	247.0	0.0	5.0	58.0	0.0	0.0	149.0	0.0	0.0	0.0	0.0	0.0	0.0	0.0	0.0	0.0	0.0	0.0	0.0	0.0	0.0	0.0	0.0	0.0	0.0	0.0	0.0	0.0	0.0	0.0	0.0	0.0	0.0	0.0
SRR6764368	721.0	5967.0	1925.0	0.0	4014.0	1103.0	1138.0	0.0	683.0	707.0	902.0	19.0	74.0	0.0	37.0	18.0	14.0	0.0	92.0	227.0	0.0	180.0	69.0	0.0	0.0	125.0	37.0	0.0	0.0	0.0	0.0	0.0	0.0	0.0	0.0	0.0	0.0	181.0	0.0	0.0	0.0	0.0	0.0	0.0	0.0	0.0	0.0	0.0	0.0	0.0	0.0	0.0	0.0
SRR6764369	885.0	5684.0	2329.0	0.0	4043.0	1075.0	756.0	0.0	964.0	563.0	1168.0	47.0	57.0	0.0	0.0	66.0	0.0	0.0	0.0	294.0	0.0	26.0	137.0	0.0	0.0	75.0	0.0	0.0	0.0	0.0	0.0	0.0	0.0	0.0	0.0	0.0	0.0	0.0	0.0	0.0	0.0	0.0	0.0	0.0	0.0	0.0	0.0	0.0	0.0	0.0	0.0	0.0	0.0
SRR6764370	1086.0	5377.0	2363.0	0.0	5090.0	1392.0	1106.0	0.0	1176.0	1032.0	1288.0	70.0	43.0	0.0	0.0	41.0	0.0	0.0	49.0	252.0	0.0	41.0	183.0	0.0	0.0	45.0	0.0	0.0	0.0	0.0	0.0	0.0	0.0	0.0	0.0	0.0	0.0	87.0	0.0	0.0	0.0	0.0	0.0	0.0	0.0	0.0	0.0	0.0	0.0	0.0	0.0	0.0	0.0
SRR6764372	1365.0	4577.0	2793.0	0.0	4076.0	1174.0	937.0	0.0	1557.0	1193.0	1172.0	16.0	57.0	0.0	0.0	0.0	12.0	0.0	0.0	298.0	0.0	77.0	243.0	0.0	0.0	123.0	0.0	0.0	0.0	0.0	0.0	0.0	0.0	0.0	0.0	0.0	0.0	140.0	0.0	0.0	0.0	0.0	0.0	0.0	0.0	0.0	0.0	0.0	0.0	0.0	0.0	0.0	0.0
SRR6764373	687.0	6665.0	3421.0	0.0	4701.0	2862.0	3443.0	0.0	1659.0	1592.0	2624.0	434.0	184.0	0.0	50.0	36.0	28.0	0.0	0.0	365.0	0.0	60.0	315.0	0.0	32.0	173.0	0.0	0.0	0.0	0.0	0.0	30.0	0.0	0.0	0.0	0.0	0.0	116.0	0.0	0.0	0.0	0.0	0.0	0.0	0.0	0.0	0.0	0.0	0.0	0.0	0.0	0.0	0.0
SRR6764374	979.0	4132.0	2179.0	0.0	4166.0	1216.0	2189.0	0.0	1007.0	967.0	1124.0	323.0	97.0	0.0	56.0	75.0	0.0	0.0	70.0	256.0	0.0	89.0	98.0	0.0	0.0	120.0	0.0	0.0	0.0	0.0	0.0	0.0	0.0	0.0	0.0	0.0	0.0	71.0	0.0	0.0	0.0	0.0	0.0	0.0	0.0	0.0	0.0	0.0	0.0	0.0	0.0	0.0	0.0
SRR6764375	905.0	4877.0	2123.0	0.0	3770.0	2147.0	2419.0	0.0	922.0	830.0	1437.0	153.0	27.0	10.0	29.0	23.0	0.0	0.0	73.0	248.0	0.0	141.0	49.0	0.0	0.0	143.0	0.0	0.0	0.0	0.0	0.0	24.0	0.0	0.0	0.0	0.0	0.0	0.0	0.0	0.0	0.0	0.0	0.0	0.0	0.0	0.0	0.0	0.0	0.0	0.0	0.0	0.0	0.0
SRR6764376	2216.0	13543.0	6457.0	51.0	10509.0	3639.0	7417.0	0.0	2208.0	3159.0	5659.0	505.0	526.0	0.0	221.0	54.0	32.0	0.0	16.0	444.0	18.0	381.0	776.0	0.0	52.0	338.0	18.0	0.0	0.0	0.0	0.0	41.0	0.0	0.0	0.0	0.0	0.0	309.0	0.0	0.0	0.0	0.0	0.0	0.0	0.0	0.0	0.0	0.0	0.0	0.0	0.0	0.0	0.0
SRR6764377	885.0	3510.0	1976.0	0.0	3753.0	713.0	583.0	0.0	759.0	1007.0	1040.0	0.0	18.0	0.0	21.0	20.0	0.0	0.0	0.0	304.0	0.0	0.0	113.0	0.0	0.0	51.0	39.0	0.0	0.0	0.0	0.0	18.0	0.0	0.0	0.0	0.0	0.0	125.0	0.0	0.0	0.0	0.0	0.0	0.0	0.0	0.0	0.0	0.0	0.0	0.0	0.0	0.0	0.0
SRR6764378	605.0	5686.0	1872.0	0.0	3161.0	1487.0	1779.0	0.0	848.0	929.0	1362.0	136.0	56.0	0.0	0.0	9.0	0.0	0.0	0.0	303.0	0.0	39.0	76.0	0.0	0.0	89.0	0.0	0.0	0.0	0.0	0.0	0.0	0.0	0.0	0.0	0.0	0.0	98.0	0.0	0.0	0.0	0.0	0.0	0.0	0.0	0.0	0.0	0.0	0.0	0.0	0.0	0.0	0.0
SRR6764398	134.0	1932.0	1283.0	0.0	2230.0	591.0	875.0	0.0	620.0	778.0	1199.0	0.0	12.0	0.0	0.0	0.0	0.0	0.0	0.0	301.0	0.0	29.0	0.0	0.0	0.0	64.0	0.0	0.0	0.0	0.0	0.0	0.0	0.0	0.0	0.0	0.0	0.0	0.0	0.0	0.0	0.0	0.0	0.0	0.0	0.0	0.0	0.0	0.0	0.0	0.0	0.0	0.0	0.0
SRR6764399	1452.0	8023.0	5511.0	0.0	7595.0	2011.0	2577.0	0.0	2676.0	1897.0	1734.0	200.0	156.0	0.0	56.0	0.0	0.0	0.0	90.0	335.0	0.0	166.0	176.0	0.0	0.0	130.0	0.0	0.0	0.0	0.0	0.0	0.0	0.0	0.0	0.0	0.0	0.0	179.0	0.0	0.0	0.0	0.0	0.0	0.0	0.0	0.0	0.0	0.0	0.0	0.0	0.0	0.0	0.0
SRR6764400	1269.0	5965.0	4958.0	0.0	5337.0	1017.0	2124.0	0.0	1255.0	1093.0	1317.0	103.0	75.0	0.0	31.0	19.0	0.0	0.0	74.0	341.0	13.0	15.0	330.0	0.0	0.0	75.0	27.0	0.0	0.0	0.0	0.0	0.0	0.0	0.0	0.0	0.0	0.0	0.0	0.0	0.0	0.0	0.0	0.0	0.0	0.0	0.0	0.0	0.0	0.0	0.0	0.0	0.0	0.0
SRR6764402	831.0	4454.0	3025.0	0.0	5531.0	547.0	742.0	0.0	1491.0	538.0	1397.0	25.0	128.0	0.0	74.0	4.0	46.0	0.0	0.0	315.0	0.0	15.0	223.0	13.0	0.0	37.0	65.0	0.0	0.0	0.0	0.0	0.0	0.0	0.0	0.0	0.0	0.0	155.0	0.0	0.0	0.0	0.0	0.0	0.0	0.0	0.0	0.0	0.0	0.0	0.0	0.0	0.0	0.0
SRR6764403	456.0	2916.0	1810.0	0.0	2723.0	470.0	374.0	0.0	494.0	426.0	213.0	89.0	0.0	0.0	0.0	47.0	0.0	0.0	0.0	126.0	0.0	0.0	0.0	0.0	0.0	0.0	0.0	0.0	0.0	0.0	0.0	0.0	0.0	0.0	0.0	0.0	0.0	0.0	0.0	0.0	0.0	0.0	0.0	0.0	0.0	0.0	0.0	0.0	0.0	0.0	0.0	0.0	0.0
SRR6764404	1375.0	4224.0	2640.0	0.0	4836.0	644.0	1184.0	0.0	486.0	1057.0	1298.0	97.0	70.0	0.0	41.0	106.0	0.0	0.0	0.0	31.0	0.0	153.0	136.0	0.0	0.0	18.0	0.0	0.0	0.0	0.0	0.0	0.0	0.0	0.0	0.0	0.0	0.0	98.0	0.0	0.0	0.0	0.0	0.0	0.0	0.0	0.0	0.0	0.0	0.0	0.0	0.0	0.0	0.0
SRR6764407	370.0	2833.0	2599.0	0.0	2397.0	432.0	237.0	0.0	732.0	810.0	157.0	20.0	0.0	3.0	44.0	61.0	0.0	0.0	0.0	214.0	10.0	0.0	73.0	0.0	0.0	0.0	0.0	0.0	0.0	0.0	42.0	0.0	0.0	0.0	0.0	0.0	0.0	0.0	0.0	0.0	0.0	0.0	0.0	0.0	0.0	0.0	0.0	0.0	0.0	0.0	0.0	0.0	0.0
SRR6764408	663.0	6207.0	3352.0	0.0	4843.0	806.0	2572.0	0.0	794.0	1652.0	1952.0	228.0	153.0	10.0	73.0	0.0	0.0	0.0	58.0	347.0	0.0	114.0	273.0	0.0	0.0	81.0	0.0	0.0	0.0	0.0	0.0	24.0	0.0	0.0	0.0	0.0	0.0	0.0	0.0	0.0	0.0	0.0	0.0	0.0	0.0	0.0	0.0	0.0	0.0	0.0	0.0	0.0	0.0
SRR6764415	725.0	6215.0	5423.0	0.0	4707.0	1184.0	769.0	0.0	1060.0	1518.0	1055.0	475.0	29.0	0.0	110.0	75.0	0.0	0.0	86.0	384.0	0.0	72.0	102.0	0.0	0.0	106.0	0.0	0.0	0.0	0.0	0.0	0.0	0.0	0.0	0.0	0.0	0.0	75.0	0.0	0.0	0.0	0.0	0.0	0.0	0.0	0.0	0.0	0.0	0.0	0.0	0.0	0.0	0.0
SRR6764416	530.0	3149.0	1836.0	0.0	2742.0	1065.0	882.0	0.0	782.0	536.0	814.0	29.0	12.0	0.0	0.0	0.0	0.0	0.0	0.0	251.0	0.0	54.0	51.0	0.0	0.0	81.0	0.0	0.0	0.0	0.0	0.0	0.0	0.0	0.0	0.0	0.0	0.0	56.0	0.0	0.0	0.0	0.0	0.0	0.0	0.0	0.0	0.0	0.0	0.0	0.0	0.0	0.0	0.0
SRR6764417	289.0	2868.0	1309.0	0.0	2014.0	1234.0	1110.0	0.0	627.0	616.0	942.0	72.0	39.0	0.0	27.0	0.0	0.0	0.0	0.0	450.0	0.0	30.0	31.0	0.0	0.0	159.0	0.0	0.0	0.0	0.0	0.0	0.0	0.0	0.0	0.0	0.0	0.0	0.0	0.0	0.0	0.0	0.0	0.0	0.0	0.0	0.0	0.0	0.0	0.0	0.0	0.0	0.0	0.0
SRR6764418	765.0	3964.0	2126.0	0.0	2737.0	1176.0	1349.0	0.0	850.0	920.0	1243.0	188.0	53.0	0.0	41.0	0.0	0.0	0.0	79.0	305.0	0.0	43.0	150.0	0.0	0.0	126.0	0.0	0.0	0.0	0.0	0.0	21.0	0.0	0.0	0.0	0.0	0.0	108.0	0.0	0.0	0.0	0.0	0.0	0.0	0.0	0.0	0.0	0.0	0.0	0.0	0.0	0.0	0.0
SRR6764419	273.0	3846.0	1483.0	0.0	3320.0	1959.0	2758.0	0.0	1019.0	856.0	1620.0	79.0	47.0	0.0	47.0	0.0	0.0	0.0	0.0	208.0	0.0	79.0	62.0	0.0	0.0	107.0	0.0	0.0	0.0	0.0	0.0	27.0	0.0	0.0	0.0	0.0	0.0	51.0	0.0	0.0	0.0	0.0	0.0	0.0	0.0	0.0	0.0	0.0	0.0	0.0	0.0	0.0	0.0
SRR6764420	416.0	3357.0	1290.0	0.0	2974.0	1781.0	2249.0	0.0	1033.0	513.0	1324.0	66.0	46.0	0.0	0.0	0.0	0.0	0.0	0.0	300.0	0.0	136.0	29.0	0.0	0.0	129.0	0.0	0.0	0.0	0.0	0.0	0.0	0.0	0.0	0.0	0.0	0.0	0.0	0.0	0.0	0.0	0.0	0.0	0.0	0.0	0.0	0.0	0.0	0.0	0.0	0.0	0.0	0.0
SRR6764421	343.0	4451.0	1816.0	0.0	3101.0	2195.0	2593.0	0.0	1019.0	699.0	1402.0	0.0	18.0	0.0	47.0	0.0	0.0	0.0	0.0	309.0	0.0	200.0	75.0	0.0	0.0	137.0	0.0	0.0	0.0	0.0	0.0	35.0	0.0	0.0	0.0	0.0	0.0	19.0	0.0	0.0	0.0	0.0	0.0	0.0	0.0	0.0	0.0	0.0	0.0	0.0	0.0	0.0	0.0
SRR6764422	137.0	3715.0	1960.0	0.0	3348.0	1350.0	1489.0	0.0	942.0	966.0	1376.0	0.0	27.0	0.0	81.0	0.0	0.0	0.0	0.0	260.0	0.0	145.0	35.0	0.0	0.0	81.0	0.0	0.0	0.0	0.0	0.0	0.0	0.0	0.0	0.0	0.0	0.0	46.0	0.0	0.0	0.0	0.0	0.0	0.0	0.0	0.0	0.0	0.0	0.0	0.0	0.0	0.0	0.0
SRR6764423	1049.0	5933.0	3812.0	0.0	4505.0	758.0	864.0	0.0	1405.0	1283.0	1100.0	13.0	129.0	0.0	79.0	114.0	26.0	0.0	57.0	212.0	0.0	73.0	657.0	0.0	0.0	31.0	18.0	0.0	0.0	0.0	0.0	0.0	0.0	0.0	0.0	0.0	0.0	53.0	0.0	0.0	0.0	0.0	0.0	0.0	0.0	0.0	0.0	0.0	0.0	0.0	0.0	0.0	0.0
SRR6764424	319.0	4627.0	3087.0	0.0	3676.0	734.0	1512.0	0.0	926.0	1204.0	1409.0	0.0	260.0	0.0	38.0	13.0	0.0	0.0	0.0	303.0	0.0	116.0	125.0	0.0	0.0	41.0	0.0	0.0	0.0	0.0	0.0	18.0	0.0	0.0	0.0	0.0	0.0	0.0	0.0	0.0	0.0	0.0	0.0	0.0	0.0	0.0	0.0	0.0	0.0	0.0	0.0	0.0	0.0
SRR6764425	335.0	4458.0	3094.0	0.0	3902.0	1038.0	2066.0	0.0	1057.0	1500.0	1327.0	110.0	336.0	0.0	77.0	0.0	0.0	0.0	0.0	380.0	0.0	28.0	213.0	0.0	0.0	42.0	0.0	0.0	0.0	0.0	0.0	0.0	0.0	0.0	0.0	0.0	0.0	0.0	0.0	0.0	0.0	0.0	0.0	0.0	0.0	0.0	0.0	0.0	0.0	0.0	0.0	0.0	0.0
SRR6764429	1120.0	4638.0	2678.0	0.0	5773.0	565.0	338.0	0.0	821.0	741.0	783.0	83.0	203.0	0.0	51.0	45.0	16.0	0.0	0.0	217.0	0.0	31.0	70.0	0.0	0.0	0.0	29.0	0.0	0.0	0.0	0.0	0.0	0.0	0.0	0.0	0.0	0.0	162.0	0.0	0.0	0.0	0.0	0.0	0.0	0.0	0.0	0.0	0.0	0.0	0.0	0.0	0.0	0.0
SRR6764430	1347.0	5391.0	3359.0	0.0	6340.0	846.0	526.0	0.0	1200.0	1171.0	938.0	37.0	458.0	27.0	99.0	34.0	74.0	0.0	0.0	230.0	0.0	21.0	77.0	0.0	75.0	53.0	104.0	0.0	0.0	0.0	31.0	0.0	0.0	0.0	0.0	0.0	0.0	132.0	0.0	0.0	0.0	0.0	0.0	0.0	0.0	0.0	0.0	0.0	0.0	0.0	0.0	0.0	0.0
SRR6764431	1432.0	5058.0	2979.0	0.0	4657.0	592.0	1185.0	0.0	1523.0	844.0	1358.0	6.0	216.0	0.0	0.0	66.0	39.0	0.0	0.0	199.0	0.0	0.0	121.0	0.0	0.0	41.0	47.0	0.0	0.0	0.0	41.0	0.0	0.0	0.0	0.0	0.0	0.0	184.0	0.0	0.0	0.0	0.0	0.0	0.0	0.0	0.0	0.0	0.0	0.0	0.0	0.0	0.0	0.0
SRR6764433	1428.0	2959.0	1167.0	0.0	3236.0	396.0	613.0	0.0	1205.0	863.0	1094.0	206.0	85.0	0.0	13.0	0.0	0.0	0.0	39.0	148.0	0.0	11.0	69.0	9.0	0.0	38.0	15.0	0.0	0.0	0.0	0.0	0.0	0.0	0.0	0.0	0.0	0.0	88.0	0.0	0.0	0.0	0.0	0.0	0.0	0.0	0.0	0.0	0.0	0.0	0.0	0.0	0.0	0.0
SRR6764434	1189.0	3065.0	2024.0	0.0	3329.0	735.0	517.0	0.0	920.0	629.0	871.0	9.0	25.0	0.0	45.0	0.0	28.0	0.0	0.0	118.0	0.0	6.0	80.0	0.0	42.0	37.0	51.0	0.0	0.0	0.0	0.0	0.0	0.0	0.0	0.0	0.0	0.0	0.0	0.0	0.0	0.0	0.0	0.0	0.0	0.0	0.0	0.0	0.0	0.0	0.0	0.0	0.0	0.0
SRR6764435	296.0	3058.0	1462.0	0.0	2353.0	999.0	1345.0	0.0	922.0	737.0	1379.0	0.0	50.0	0.0	48.0	24.0	10.0	0.0	8.0	320.0	0.0	173.0	144.0	0.0	0.0	99.0	0.0	0.0	0.0	0.0	0.0	0.0	0.0	0.0	0.0	0.0	0.0	65.0	0.0	0.0	0.0	0.0	0.0	0.0	0.0	0.0	0.0	0.0	0.0	0.0	0.0	0.0	0.0
SRR6764436	655.0	2892.0	1394.0	0.0	2438.0	737.0	418.0	0.0	729.0	523.0	947.0	0.0	21.0	0.0	0.0	53.0	14.0	0.0	28.0	191.0	0.0	0.0	34.0	0.0	26.0	84.0	14.0	0.0	0.0	0.0	0.0	0.0	0.0	0.0	0.0	0.0	0.0	40.0	0.0	0.0	0.0	0.0	0.0	0.0	0.0	0.0	0.0	0.0	0.0	0.0	0.0	0.0	0.0
SRR6764437	750.0	4024.0	1616.0	0.0	3037.0	981.0	939.0	0.0	1118.0	686.0	879.0	37.0	34.0	0.0	14.0	24.0	25.0	0.0	52.0	292.0	0.0	25.0	0.0	0.0	0.0	106.0	18.0	0.0	0.0	0.0	0.0	0.0	0.0	0.0	0.0	0.0	0.0	155.0	0.0	0.0	0.0	0.0	0.0	0.0	0.0	0.0	0.0	0.0	0.0	0.0	0.0	0.0	0.0
SRR6764438	371.0	4690.0	2268.0	0.0	2767.0	1245.0	2687.0	0.0	663.0	937.0	1532.0	10.0	145.0	0.0	0.0	0.0	0.0	0.0	0.0	233.0	10.0	70.0	205.0	0.0	0.0	159.0	0.0	0.0	0.0	0.0	0.0	17.0	0.0	0.0	0.0	0.0	0.0	92.0	0.0	0.0	0.0	0.0	0.0	0.0	0.0	0.0	0.0	0.0	0.0	0.0	0.0	0.0	0.0
SRR6764440	493.0	4558.0	1773.0	0.0	3078.0	1761.0	2040.0	0.0	1033.0	846.0	2390.0	157.0	85.0	0.0	0.0	0.0	0.0	0.0	38.0	349.0	0.0	101.0	206.0	0.0	0.0	172.0	0.0	0.0	0.0	0.0	0.0	0.0	0.0	0.0	0.0	0.0	0.0	61.0	0.0	0.0	0.0	0.0	0.0	0.0	0.0	0.0	0.0	0.0	0.0	0.0	0.0	0.0	0.0
SRR6764442	635.0	4915.0	2037.0	0.0	3886.0	687.0	2383.0	0.0	679.0	1632.0	1865.0	44.0	146.0	0.0	35.0	76.0	0.0	0.0	0.0	196.0	0.0	151.0	109.0	0.0	42.0	129.0	37.0	0.0	0.0	0.0	0.0	19.0	0.0	0.0	0.0	0.0	0.0	122.0	0.0	0.0	0.0	0.0	0.0	0.0	0.0	0.0	0.0	0.0	0.0	0.0	0.0	0.0	0.0
SRR6764443	1129.0	3585.0	2375.0	0.0	3863.0	708.0	811.0	0.0	855.0	987.0	961.0	102.0	43.0	0.0	46.0	57.0	24.0	0.0	0.0	208.0	0.0	210.0	36.0	0.0	43.0	96.0	43.0	0.0	0.0	0.0	0.0	0.0	0.0	0.0	0.0	0.0	0.0	189.0	0.0	0.0	0.0	0.0	0.0	0.0	0.0	0.0	0.0	0.0	0.0	0.0	0.0	0.0	0.0
SRR6764459	772.0	3128.0	1866.0	0.0	2184.0	662.0	554.0	0.0	603.0	1145.0	686.0	73.0	13.0	0.0	0.0	0.0	0.0	0.0	0.0	178.0	0.0	26.0	62.0	0.0	0.0	88.0	0.0	0.0	0.0	0.0	0.0	0.0	0.0	0.0	0.0	0.0	0.0	0.0	0.0	0.0	0.0	0.0	0.0	0.0	0.0	0.0	0.0	0.0	0.0	0.0	0.0	0.0	0.0
SRR6764460	355.0	5351.0	1561.0	0.0	3262.0	980.0	2499.0	0.0	1068.0	1594.0	2152.0	0.0	48.0	0.0	27.0	27.0	0.0	0.0	0.0	353.0	0.0	15.0	275.0	0.0	0.0	0.0	0.0	0.0	0.0	0.0	0.0	0.0	0.0	0.0	0.0	0.0	0.0	64.0	0.0	0.0	0.0	0.0	0.0	0.0	0.0	0.0	0.0	0.0	0.0	0.0	0.0	0.0	0.0
SRR6764461	259.0	3981.0	1265.0	0.0	2878.0	983.0	1377.0	0.0	595.0	1077.0	1434.0	71.0	36.0	0.0	0.0	0.0	0.0	0.0	0.0	287.0	0.0	55.0	66.0	0.0	0.0	76.0	0.0	0.0	0.0	0.0	0.0	0.0	0.0	0.0	0.0	0.0	0.0	0.0	0.0	0.0	0.0	0.0	0.0	0.0	0.0	0.0	0.0	0.0	0.0	0.0	0.0	0.0	0.0
SRR6764468	145.0	6103.0	1618.0	0.0	3968.0	1632.0	2214.0	0.0	990.0	974.0	2125.0	299.0	64.0	0.0	49.0	0.0	0.0	0.0	94.0	324.0	0.0	69.0	77.0	0.0	0.0	85.0	0.0	0.0	0.0	0.0	0.0	0.0	0.0	0.0	0.0	0.0	0.0	57.0	0.0	0.0	0.0	0.0	0.0	0.0	0.0	0.0	0.0	0.0	0.0	0.0	0.0	0.0	0.0
SRR6764472	658.0	5960.0	2053.0	0.0	3143.0	1370.0	2311.0	0.0	1088.0	1217.0	2157.0	276.0	113.0	0.0	0.0	0.0	0.0	0.0	123.0	435.0	0.0	44.0	124.0	0.0	0.0	47.0	0.0	0.0	0.0	0.0	0.0	0.0	0.0	0.0	0.0	0.0	0.0	60.0	0.0	0.0	0.0	0.0	0.0	0.0	0.0	0.0	0.0	0.0	0.0	0.0	0.0	0.0	0.0
SRR6764474	1373.0	7264.0	3194.0	0.0	5870.0	1457.0	2785.0	0.0	1603.0	1562.0	2210.0	140.0	246.0	0.0	0.0	120.0	0.0	0.0	0.0	115.0	0.0	130.0	346.0	0.0	0.0	79.0	0.0	0.0	0.0	0.0	0.0	0.0	0.0	0.0	0.0	0.0	0.0	0.0	0.0	0.0	0.0	0.0	0.0	0.0	0.0	0.0	0.0	0.0	0.0	0.0	0.0	0.0	0.0
SRR6764475	822.0	5198.0	1461.0	0.0	2941.0	1130.0	1831.0	0.0	998.0	930.0	1396.0	282.0	70.0	0.0	0.0	0.0	0.0	0.0	35.0	336.0	0.0	51.0	176.0	0.0	0.0	86.0	0.0	0.0	0.0	0.0	0.0	0.0	0.0	0.0	0.0	0.0	0.0	79.0	0.0	0.0	0.0	0.0	0.0	0.0	0.0	0.0	0.0	0.0	0.0	0.0	0.0	0.0	0.0
SRR6764476	1135.0	6974.0	3297.0	0.0	5156.0	972.0	1993.0	0.0	1552.0	2020.0	2328.0	270.0	211.0	0.0	0.0	130.0	8.0	0.0	236.0	220.0	0.0	110.0	103.0	0.0	0.0	158.0	0.0	0.0	0.0	0.0	0.0	0.0	0.0	0.0	0.0	0.0	0.0	84.0	0.0	0.0	0.0	0.0	0.0	0.0	0.0	0.0	0.0	0.0	0.0	0.0	0.0	0.0	0.0
SRR6764478	1669.0	7169.0	4201.0	0.0	6246.0	979.0	1798.0	0.0	1370.0	1636.0	1456.0	44.0	37.0	0.0	0.0	0.0	33.0	0.0	69.0	440.0	0.0	21.0	206.0	0.0	0.0	123.0	36.0	0.0	0.0	0.0	24.0	0.0	0.0	0.0	0.0	0.0	0.0	119.0	0.0	0.0	0.0	0.0	0.0	0.0	0.0	0.0	0.0	0.0	0.0	0.0	0.0	0.0	0.0
SRR6764479	464.0	6387.0	2815.0	0.0	4975.0	2029.0	2741.0	0.0	1176.0	1211.0	2354.0	44.0	108.0	0.0	39.0	0.0	21.0	0.0	0.0	285.0	0.0	51.0	38.0	0.0	0.0	190.0	13.0	2.0	0.0	0.0	0.0	0.0	0.0	0.0	0.0	0.0	0.0	0.0	0.0	0.0	0.0	0.0	0.0	0.0	0.0	0.0	0.0	0.0	0.0	0.0	0.0	0.0	0.0
SRR6764480	310.0	3635.0	1218.0	0.0	1840.0	1126.0	1243.0	0.0	715.0	333.0	1062.0	0.0	26.0	0.0	15.0	0.0	0.0	0.0	0.0	388.0	0.0	26.0	0.0	0.0	0.0	25.0	0.0	0.0	0.0	0.0	0.0	0.0	0.0	0.0	0.0	0.0	0.0	0.0	0.0	0.0	0.0	0.0	0.0	0.0	0.0	0.0	0.0	0.0	0.0	0.0	0.0	0.0	0.0
SRR6764499	386.0	3987.0	2443.0	0.0	2438.0	938.0	934.0	0.0	837.0	561.0	754.0	45.0	0.0	0.0	14.0	19.0	0.0	0.0	0.0	219.0	0.0	70.0	115.0	0.0	0.0	41.0	0.0	0.0	0.0	0.0	0.0	0.0	0.0	0.0	0.0	0.0	0.0	73.0	0.0	0.0	0.0	0.0	0.0	0.0	0.0	0.0	0.0	0.0	0.0	0.0	0.0	0.0	0.0
SRR6764501	333.0	3850.0	2111.0	0.0	3489.0	940.0	1571.0	0.0	831.0	1305.0	1368.0	10.0	41.0	0.0	0.0	0.0	0.0	0.0	28.0	332.0	0.0	91.0	233.0	0.0	0.0	124.0	0.0	0.0	0.0	0.0	0.0	0.0	0.0	0.0	0.0	0.0	0.0	95.0	0.0	0.0	0.0	0.0	0.0	0.0	0.0	0.0	0.0	0.0	0.0	0.0	0.0	0.0	0.0
SRR6764518	246.0	3619.0	1798.0	0.0	3051.0	707.0	589.0	0.0	646.0	686.0	812.0	21.0	8.0	0.0	29.0	0.0	0.0	0.0	0.0	257.0	0.0	79.0	137.0	0.0	0.0	37.0	42.0	0.0	0.0	0.0	0.0	0.0	0.0	0.0	0.0	0.0	0.0	83.0	0.0	0.0	0.0	0.0	0.0	0.0	0.0	0.0	0.0	0.0	0.0	0.0	0.0	0.0	0.0
SRR6764521	558.0	2214.0	2477.0	0.0	1978.0	658.0	485.0	0.0	373.0	394.0	488.0	0.0	95.0	0.0	0.0	0.0	0.0	0.0	0.0	172.0	0.0	44.0	5.0	0.0	0.0	64.0	0.0	0.0	0.0	0.0	0.0	0.0	0.0	0.0	0.0	0.0	0.0	44.0	0.0	0.0	0.0	0.0	0.0	0.0	0.0	0.0	0.0	0.0	0.0	0.0	0.0	0.0	0.0
SRR6764534	1230.0	5744.0	2803.0	54.0	4224.0	1248.0	1758.0	0.0	1354.0	1280.0	2240.0	44.0	150.0	0.0	126.0	0.0	45.0	0.0	0.0	319.0	0.0	259.0	246.0	0.0	30.0	112.0	107.0	0.0	0.0	0.0	0.0	0.0	0.0	0.0	0.0	0.0	0.0	214.0	0.0	0.0	0.0	0.0	0.0	0.0	0.0	0.0	0.0	0.0	0.0	0.0	0.0	0.0	0.0
SRR6764535	637.0	3709.0	1880.0	0.0	3417.0	830.0	1271.0	0.0	619.0	741.0	1009.0	113.0	94.0	0.0	61.0	14.0	0.0	0.0	55.0	212.0	0.0	266.0	120.0	0.0	0.0	85.0	63.0	0.0	0.0	0.0	0.0	0.0	0.0	0.0	0.0	0.0	0.0	109.0	0.0	0.0	0.0	0.0	0.0	0.0	0.0	0.0	0.0	0.0	0.0	0.0	0.0	0.0	0.0
SRR6764550	941.0	5898.0	5648.0	0.0	4914.0	921.0	1408.0	0.0	1184.0	1531.0	1303.0	218.0	56.0	0.0	95.0	41.0	0.0	0.0	126.0	385.0	0.0	88.0	165.0	0.0	0.0	131.0	0.0	0.0	0.0	0.0	0.0	0.0	0.0	0.0	0.0	0.0	0.0	0.0	0.0	0.0	0.0	0.0	0.0	0.0	0.0	0.0	0.0	0.0	0.0	0.0	0.0	0.0	0.0
SRR6764551	473.0	4174.0	2054.0	0.0	3725.0	1446.0	2484.0	0.0	807.0	1329.0	1751.0	0.0	74.0	0.0	73.0	21.0	0.0	0.0	0.0	254.0	0.0	148.0	61.0	0.0	0.0	176.0	0.0	0.0	0.0	0.0	0.0	0.0	0.0	0.0	0.0	0.0	0.0	71.0	0.0	0.0	0.0	0.0	0.0	0.0	0.0	0.0	0.0	0.0	0.0	0.0	0.0	0.0	0.0
SRR6764552	221.0	2652.0	1234.0	0.0	2356.0	1016.0	1543.0	0.0	792.0	717.0	1059.0	15.0	44.0	0.0	0.0	0.0	0.0	0.0	0.0	324.0	0.0	79.0	26.0	0.0	0.0	144.0	0.0	0.0	0.0	0.0	0.0	0.0	0.0	0.0	0.0	0.0	0.0	57.0	0.0	0.0	0.0	0.0	0.0	0.0	0.0	0.0	0.0	0.0	0.0	0.0	0.0	0.0	0.0
SRR6764555	2832.0	7481.0	3892.0	0.0	6904.0	4413.0	3765.0	0.0	2121.0	1292.0	2930.0	79.0	314.0	0.0	35.0	8.0	53.0	0.0	48.0	314.0	0.0	191.0	9.0	20.0	0.0	227.0	63.0	0.0	0.0	0.0	0.0	35.0	0.0	0.0	0.0	0.0	0.0	197.0	0.0	0.0	0.0	0.0	0.0	0.0	0.0	0.0	0.0	0.0	0.0	0.0	0.0	0.0	0.0
SRR6764560	1396.0	5072.0	1496.0	0.0	3145.0	1864.0	1749.0	0.0	1174.0	610.0	1246.0	42.0	0.0	0.0	0.0	33.0	18.0	0.0	0.0	308.0	0.0	155.0	20.0	0.0	0.0	81.0	0.0	0.0	0.0	0.0	0.0	0.0	0.0	0.0	0.0	0.0	0.0	100.0	0.0	0.0	0.0	0.0	0.0	0.0	0.0	0.0	0.0	0.0	0.0	0.0	0.0	0.0	0.0
SRR6764562	1151.0	4210.0	1579.0	0.0	2235.0	1207.0	1355.0	0.0	1057.0	471.0	1180.0	9.0	44.0	0.0	0.0	0.0	14.0	0.0	0.0	236.0	0.0	0.0	56.0	0.0	0.0	127.0	0.0	0.0	0.0	0.0	0.0	0.0	0.0	0.0	0.0	0.0	0.0	93.0	0.0	0.0	0.0	0.0	0.0	0.0	0.0	0.0	0.0	0.0	0.0	0.0	0.0	0.0	0.0
SRR6764563	1826.0	4799.0	2232.0	0.0	4141.0	1719.0	1959.0	0.0	1431.0	557.0	1149.0	33.0	148.0	0.0	49.0	0.0	20.0	0.0	0.0	215.0	0.0	27.0	19.0	0.0	0.0	177.0	0.0	0.0	0.0	0.0	0.0	25.0	0.0	0.0	0.0	0.0	0.0	103.0	0.0	0.0	0.0	0.0	0.0	0.0	0.0	0.0	0.0	0.0	0.0	0.0	0.0	0.0	0.0
SRR6764564	1873.0	7013.0	4777.0	0.0	7918.0	914.0	638.0	0.0	2467.0	1651.0	1591.0	217.0	177.0	0.0	55.0	96.0	45.0	0.0	59.0	340.0	0.0	26.0	271.0	9.0	0.0	68.0	76.0	0.0	0.0	0.0	53.0	31.0	0.0	0.0	0.0	0.0	0.0	271.0	0.0	0.0	0.0	0.0	0.0	0.0	0.0	0.0	0.0	0.0	0.0	0.0	0.0	0.0	0.0
SRR6764566	1379.0	4838.0	3159.0	0.0	5966.0	724.0	592.0	0.0	1238.0	971.0	1242.0	72.0	46.0	0.0	51.0	0.0	41.0	0.0	0.0	350.0	0.0	50.0	200.0	0.0	9.0	78.0	0.0	0.0	0.0	0.0	0.0	0.0	0.0	0.0	0.0	0.0	0.0	141.0	0.0	0.0	0.0	0.0	0.0	0.0	0.0	0.0	0.0	0.0	0.0	0.0	0.0	0.0	0.0
SRR6764574	415.0	3474.0	2144.0	0.0	3388.0	849.0	1204.0	0.0	576.0	653.0	686.0	131.0	42.0	0.0	0.0	0.0	0.0	0.0	88.0	205.0	0.0	43.0	58.0	0.0	0.0	96.0	0.0	0.0	0.0	0.0	0.0	0.0	0.0	0.0	0.0	0.0	0.0	0.0	0.0	0.0	0.0	0.0	0.0	0.0	0.0	0.0	0.0	0.0	0.0	0.0	0.0	0.0	0.0
SRR6764583	1498.0	4004.0	2690.0	6.0	4205.0	510.0	869.0	0.0	1236.0	1031.0	752.0	11.0	147.0	0.0	0.0	14.0	16.0	0.0	0.0	357.0	0.0	92.0	121.0	0.0	63.0	90.0	31.0	0.0	0.0	0.0	0.0	0.0	0.0	0.0	0.0	0.0	0.0	226.0	0.0	0.0	0.0	0.0	0.0	0.0	0.0	0.0	0.0	0.0	0.0	0.0	0.0	0.0	0.0
SRR6764584	2134.0	5603.0	3646.0	0.0	5030.0	492.0	1043.0	0.0	1373.0	1741.0	1419.0	0.0	83.0	0.0	54.0	0.0	27.0	0.0	89.0	366.0	0.0	15.0	254.0	12.0	0.0	43.0	147.0	0.0	0.0	0.0	0.0	0.0	0.0	0.0	0.0	0.0	0.0	128.0	0.0	0.0	0.0	0.0	0.0	0.0	0.0	0.0	0.0	0.0	0.0	0.0	0.0	0.0	0.0
SRR6764585	1141.0	3684.0	2047.0	7.0	4449.0	458.0	580.0	0.0	745.0	1275.0	957.0	16.0	46.0	0.0	43.0	0.0	15.0	0.0	31.0	224.0	0.0	0.0	130.0	17.0	44.0	38.0	33.0	0.0	0.0	0.0	0.0	0.0	0.0	0.0	0.0	0.0	0.0	116.0	0.0	0.0	0.0	0.0	0.0	0.0	0.0	0.0	0.0	0.0	0.0	0.0	0.0	0.0	0.0
SRR6764586	1941.0	4995.0	3794.0	0.0	5208.0	612.0	820.0	0.0	1096.0	1179.0	1401.0	67.0	122.0	0.0	70.0	0.0	24.0	0.0	0.0	286.0	0.0	21.0	358.0	24.0	52.0	51.0	27.0	0.0	0.0	0.0	18.0	0.0	0.0	0.0	0.0	0.0	0.0	177.0	0.0	0.0	0.0	0.0	0.0	0.0	0.0	0.0	0.0	0.0	0.0	0.0	0.0	0.0	0.0
SRR6764587	1474.0	6309.0	3134.0	0.0	5502.0	1246.0	1462.0	0.0	1391.0	1217.0	1780.0	32.0	266.0	0.0	0.0	104.0	0.0	0.0	42.0	301.0	0.0	57.0	88.0	22.0	54.0	195.0	0.0	0.0	0.0	0.0	0.0	0.0	0.0	0.0	0.0	0.0	0.0	137.0	0.0	0.0	0.0	0.0	0.0	0.0	0.0	0.0	0.0	0.0	0.0	0.0	0.0	0.0	0.0
SRR6764588	1023.0	4022.0	3242.0	0.0	4982.0	959.0	727.0	0.0	1000.0	801.0	1080.0	228.0	28.0	4.0	19.0	20.0	0.0	0.0	76.0	380.0	0.0	0.0	41.0	0.0	0.0	36.0	0.0	0.0	0.0	0.0	0.0	0.0	0.0	0.0	0.0	0.0	0.0	86.0	0.0	0.0	0.0	0.0	0.0	0.0	0.0	0.0	0.0	0.0	0.0	0.0	0.0	0.0	0.0
SRR6764612	842.0	3468.0	2093.0	7.0	4023.0	364.0	616.0	0.0	750.0	679.0	794.0	106.0	33.0	0.0	49.0	44.0	0.0	0.0	0.0	200.0	0.0	448.0	184.0	0.0	38.0	34.0	48.0	0.0	0.0	0.0	0.0	0.0	0.0	0.0	0.0	0.0	0.0	122.0	0.0	0.0	0.0	0.0	0.0	0.0	0.0	0.0	0.0	0.0	0.0	0.0	0.0	0.0	0.0
SRR6764613	805.0	3435.0	2110.0	8.0	4036.0	583.0	925.0	0.0	618.0	1019.0	743.0	20.0	12.0	0.0	69.0	23.0	0.0	0.0	0.0	233.0	0.0	437.0	191.0	0.0	47.0	15.0	77.0	0.0	0.0	0.0	0.0	0.0	0.0	0.0	0.0	0.0	0.0	120.0	0.0	0.0	0.0	0.0	0.0	0.0	0.0	0.0	0.0	0.0	0.0	0.0	0.0	0.0	0.0
SRR6764626	342.0	4541.0	2532.0	0.0	3081.0	1157.0	1144.0	0.0	144.0	770.0	551.0	9.0	21.0	0.0	0.0	0.0	0.0	0.0	0.0	407.0	0.0	56.0	191.0	11.0	0.0	48.0	0.0	0.0	0.0	0.0	0.0	0.0	0.0	0.0	0.0	0.0	0.0	0.0	0.0	0.0	0.0	0.0	0.0	0.0	0.0	0.0	0.0	0.0	0.0	0.0	0.0	0.0	0.0
SRR6764627	848.0	7388.0	3872.0	0.0	6902.0	1293.0	4712.0	0.0	1428.0	1796.0	2538.0	141.0	360.0	0.0	72.0	0.0	18.0	0.0	0.0	407.0	0.0	96.0	310.0	0.0	52.0	106.0	0.0	0.0	0.0	0.0	0.0	0.0	0.0	0.0	6.0	0.0	0.0	132.0	0.0	0.0	0.0	0.0	0.0	0.0	0.0	0.0	0.0	0.0	0.0	0.0	0.0	0.0	0.0
SRR6764629	1685.0	5602.0	3852.0	0.0	6372.0	883.0	1380.0	0.0	1280.0	1023.0	951.0	19.0	113.0	0.0	59.0	68.0	0.0	0.0	54.0	249.0	0.0	17.0	95.0	0.0	0.0	104.0	0.0	0.0	0.0	0.0	0.0	0.0	0.0	0.0	0.0	0.0	0.0	0.0	0.0	0.0	0.0	0.0	0.0	0.0	0.0	0.0	0.0	0.0	0.0	0.0	0.0	0.0	0.0
SRR6764652	822.0	4400.0	3844.0	0.0	4240.0	464.0	400.0	0.0	1033.0	1027.0	1053.0	0.0	85.0	34.0	87.0	52.0	0.0	0.0	0.0	102.0	0.0	4.0	216.0	28.0	0.0	0.0	67.0	0.0	0.0	0.0	5.0	18.0	0.0	0.0	0.0	0.0	0.0	124.0	0.0	0.0	0.0	0.0	0.0	0.0	0.0	0.0	0.0	0.0	0.0	0.0	0.0	0.0	0.0
SRR6764667	344.0	4079.0	1860.0	0.0	1918.0	970.0	922.0	0.0	770.0	383.0	770.0	0.0	11.0	0.0	0.0	59.0	0.0	0.0	0.0	228.0	0.0	97.0	88.0	0.0	0.0	39.0	0.0	0.0	0.0	0.0	0.0	0.0	0.0	0.0	0.0	0.0	0.0	44.0	0.0	0.0	0.0	0.0	0.0	0.0	0.0	0.0	0.0	0.0	0.0	0.0	0.0	0.0	0.0
SRR6764670	1821.0	8495.0	5697.0	24.0	6662.0	2278.0	2344.0	0.0	1887.0	1651.0	2084.0	103.0	92.0	0.0	135.0	30.0	29.0	0.0	67.0	135.0	0.0	485.0	416.0	0.0	31.0	109.0	63.0	0.0	0.0	0.0	0.0	0.0	0.0	0.0	0.0	0.0	0.0	144.0	0.0	0.0	0.0	0.0	0.0	0.0	0.0	0.0	0.0	0.0	0.0	0.0	0.0	0.0	0.0
SRR6764676	974.0	4066.0	931.0	14.0	3494.0	770.0	586.0	0.0	885.0	649.0	677.0	10.0	11.0	0.0	21.0	0.0	0.0	0.0	0.0	289.0	0.0	71.0	62.0	0.0	67.0	140.0	34.0	0.0	0.0	0.0	0.0	0.0	0.0	0.0	0.0	0.0	0.0	281.0	0.0	0.0	0.0	0.0	0.0	0.0	0.0	0.0	0.0	0.0	0.0	0.0	0.0	0.0	0.0
SRR6764682	1378.0	5462.0	1156.0	0.0	6097.0	2054.0	1467.0	0.0	1175.0	549.0	1563.0	21.0	97.0	10.0	25.0	0.0	98.0	0.0	0.0	308.0	0.0	79.0	346.0	0.0	112.0	129.0	68.0	0.0	0.0	0.0	0.0	0.0	0.0	0.0	0.0	0.0	0.0	331.0	0.0	0.0	0.0	0.0	0.0	0.0	0.0	0.0	0.0	0.0	0.0	0.0	0.0	0.0	0.0
SRR6764689	1068.0	6513.0	3878.0	0.0	4903.0	2391.0	1854.0	0.0	1419.0	1237.0	1374.0	74.0	22.0	0.0	0.0	49.0	0.0	0.0	49.0	299.0	0.0	101.0	32.0	0.0	0.0	60.0	0.0	0.0	0.0	0.0	0.0	0.0	0.0	0.0	0.0	0.0	0.0	75.0	0.0	0.0	0.0	0.0	0.0	0.0	0.0	0.0	0.0	0.0	0.0	0.0	0.0	0.0	0.0
SRR6764690	862.0	3675.0	4519.0	0.0	4263.0	653.0	1055.0	0.0	1048.0	1617.0	1031.0	169.0	100.0	0.0	148.0	0.0	0.0	0.0	0.0	279.0	0.0	73.0	0.0	0.0	0.0	134.0	0.0	0.0	0.0	0.0	0.0	0.0	0.0	0.0	0.0	0.0	0.0	83.0	0.0	0.0	0.0	0.0	0.0	0.0	0.0	0.0	0.0	0.0	0.0	0.0	0.0	0.0	0.0
SRR6764691	388.0	4188.0	2824.0	0.0	3362.0	1092.0	1107.0	0.0	742.0	951.0	698.0	28.0	47.0	0.0	52.0	0.0	0.0	0.0	0.0	267.0	0.0	30.0	29.0	0.0	0.0	70.0	0.0	0.0	0.0	0.0	0.0	0.0	0.0	0.0	0.0	0.0	0.0	83.0	0.0	0.0	0.0	0.0	0.0	0.0	0.0	0.0	0.0	0.0	0.0	0.0	0.0	0.0	0.0
SRR6764692	433.0	2923.0	3350.0	0.0	3211.0	961.0	433.0	0.0	858.0	877.0	961.0	164.0	19.0	0.0	46.0	0.0	0.0	0.0	0.0	306.0	0.0	29.0	11.0	0.0	0.0	118.0	0.0	0.0	0.0	0.0	0.0	0.0	0.0	0.0	0.0	0.0	0.0	68.0	0.0	0.0	0.0	0.0	0.0	0.0	0.0	0.0	0.0	0.0	0.0	0.0	0.0	0.0	0.0
SRR6764693	745.0	5131.0	2061.0	0.0	3404.0	1888.0	1158.0	0.0	654.0	498.0	970.0	102.0	0.0	0.0	32.0	40.0	0.0	0.0	130.0	246.0	0.0	219.0	277.0	0.0	25.0	101.0	0.0	0.0	0.0	0.0	0.0	17.0	0.0	0.0	0.0	0.0	0.0	98.0	0.0	0.0	0.0	0.0	0.0	0.0	0.0	0.0	0.0	0.0	0.0	0.0	0.0	0.0	0.0
SRR6764695	485.0	4496.0	2482.0	0.0	4282.0	1279.0	2572.0	0.0	1159.0	1680.0	1894.0	16.0	66.0	12.0	82.0	0.0	0.0	0.0	0.0	248.0	0.0	316.0	175.0	0.0	0.0	177.0	0.0	0.0	0.0	0.0	0.0	30.0	0.0	0.0	0.0	0.0	0.0	85.0	0.0	0.0	0.0	0.0	0.0	0.0	0.0	0.0	0.0	0.0	0.0	0.0	0.0	0.0	0.0
SRR6764696	413.0	4295.0	1416.0	0.0	2215.0	1745.0	2141.0	0.0	1001.0	568.0	1494.0	151.0	28.0	0.0	49.0	0.0	0.0	0.0	34.0	254.0	0.0	128.0	50.0	0.0	0.0	89.0	0.0	0.0	0.0	0.0	0.0	21.0	0.0	0.0	0.0	0.0	0.0	0.0	0.0	0.0	0.0	0.0	0.0	0.0	0.0	0.0	0.0	0.0	0.0	0.0	0.0	0.0	0.0
SRR6764697	314.0	2683.0	958.0	0.0	2211.0	1449.0	1146.0	0.0	686.0	401.0	900.0	0.0	14.0	0.0	0.0	0.0	7.0	0.0	0.0	240.0	0.0	55.0	0.0	0.0	0.0	82.0	0.0	0.0	0.0	0.0	0.0	14.0	0.0	0.0	0.0	0.0	0.0	68.0	0.0	0.0	0.0	0.0	0.0	0.0	0.0	0.0	0.0	0.0	0.0	0.0	0.0	0.0	0.0
SRR6764698	331.0	3660.0	1346.0	0.0	2989.0	2095.0	2506.0	0.0	906.0	790.0	1529.0	114.0	34.0	0.0	33.0	0.0	0.0	0.0	0.0	215.0	0.0	50.0	57.0	0.0	0.0	123.0	0.0	0.0	0.0	0.0	0.0	0.0	0.0	0.0	0.0	0.0	0.0	0.0	0.0	0.0	0.0	0.0	0.0	0.0	0.0	0.0	0.0	0.0	0.0	0.0	0.0	0.0	0.0
SRR6764747	1531.0	5280.0	2675.0	0.0	4231.0	1007.0	1159.0	0.0	1073.0	1107.0	990.0	0.0	111.0	0.0	39.0	0.0	0.0	0.0	0.0	324.0	0.0	16.0	116.0	15.0	0.0	51.0	0.0	0.0	0.0	0.0	0.0	0.0	0.0	0.0	0.0	0.0	0.0	126.0	0.0	0.0	0.0	0.0	0.0	0.0	0.0	0.0	0.0	0.0	0.0	0.0	0.0	0.0	0.0
SRR6764748	967.0	4890.0	1795.0	0.0	3870.0	1331.0	1348.0	0.0	820.0	748.0	1020.0	0.0	195.0	0.0	0.0	0.0	0.0	0.0	0.0	150.0	0.0	446.0	211.0	0.0	0.0	46.0	25.0	0.0	0.0	0.0	0.0	0.0	0.0	0.0	0.0	0.0	0.0	9.0	0.0	0.0	0.0	0.0	0.0	0.0	0.0	0.0	0.0	0.0	0.0	0.0	0.0	0.0	0.0
SRR6764749	423.0	4022.0	1518.0	0.0	2424.0	1135.0	1829.0	0.0	760.0	747.0	1552.0	0.0	22.0	0.0	0.0	0.0	0.0	0.0	0.0	298.0	0.0	21.0	127.0	0.0	0.0	84.0	0.0	0.0	0.0	0.0	0.0	0.0	0.0	0.0	0.0	0.0	0.0	0.0	0.0	0.0	0.0	0.0	0.0	0.0	0.0	0.0	0.0	0.0	0.0	0.0	0.0	0.0	0.0
SRR6764750	827.0	4371.0	1618.0	0.0	3701.0	756.0	1647.0	0.0	557.0	1383.0	1763.0	53.0	24.0	0.0	25.0	0.0	0.0	0.0	0.0	319.0	0.0	138.0	201.0	0.0	0.0	0.0	0.0	0.0	0.0	0.0	0.0	0.0	0.0	0.0	0.0	0.0	0.0	0.0	0.0	0.0	0.0	0.0	0.0	0.0	0.0	0.0	0.0	0.0	0.0	0.0	0.0	0.0	0.0
SRR6764768	690.0	3592.0	1004.0	0.0	2963.0	842.0	899.0	0.0	856.0	450.0	666.0	41.0	14.0	0.0	0.0	0.0	0.0	0.0	0.0	237.0	0.0	37.0	43.0	0.0	0.0	41.0	0.0	0.0	0.0	0.0	0.0	0.0	0.0	0.0	0.0	0.0	0.0	68.0	0.0	0.0	0.0	0.0	0.0	0.0	0.0	0.0	0.0	0.0	0.0	0.0	0.0	0.0	0.0
SRR6764769	1353.0	4437.0	2069.0	0.0	3374.0	1562.0	1686.0	0.0	1005.0	749.0	1779.0	27.0	58.0	0.0	0.0	18.0	0.0	0.0	0.0	192.0	0.0	30.0	87.0	0.0	0.0	62.0	0.0	0.0	0.0	0.0	0.0	0.0	0.0	0.0	0.0	0.0	0.0	0.0	0.0	0.0	0.0	0.0	0.0	0.0	0.0	0.0	0.0	0.0	0.0	0.0	0.0	0.0	0.0
SRR6764771	527.0	5431.0	1703.0	0.0	3939.0	855.0	3110.0	0.0	386.0	1145.0	2118.0	237.0	103.0	15.0	61.0	0.0	0.0	0.0	0.0	287.0	0.0	87.0	292.0	0.0	0.0	138.0	0.0	0.0	0.0	0.0	0.0	0.0	0.0	0.0	0.0	0.0	0.0	79.0	0.0	0.0	0.0	0.0	0.0	0.0	0.0	0.0	0.0	0.0	0.0	0.0	0.0	0.0	0.0
SRR6764772	771.0	5468.0	2885.0	0.0	4361.0	1028.0	3090.0	0.0	1232.0	1561.0	2151.0	54.0	458.0	0.0	55.0	31.0	0.0	0.0	0.0	310.0	15.0	167.0	158.0	0.0	0.0	109.0	0.0	0.0	0.0	0.0	0.0	27.0	0.0	0.0	0.0	0.0	0.0	0.0	0.0	0.0	0.0	0.0	0.0	0.0	0.0	0.0	0.0	0.0	0.0	0.0	0.0	0.0	0.0
SRR6764773	687.0	5035.0	3411.0	0.0	4584.0	910.0	2638.0	0.0	970.0	1795.0	2446.0	42.0	360.0	0.0	0.0	0.0	0.0	0.0	0.0	452.0	0.0	33.0	232.0	0.0	41.0	50.0	0.0	0.0	0.0	0.0	0.0	0.0	0.0	0.0	9.0	0.0	0.0	0.0	0.0	0.0	0.0	0.0	0.0	0.0	0.0	0.0	0.0	0.0	0.0	0.0	0.0	0.0	0.0
SRR6764783	167.0	2728.0	924.0	0.0	1737.0	781.0	1718.0	0.0	497.0	417.0	943.0	0.0	91.0	0.0	21.0	0.0	0.0	0.0	16.0	365.0	0.0	77.0	71.0	0.0	0.0	0.0	0.0	0.0	0.0	0.0	0.0	0.0	0.0	0.0	0.0	0.0	0.0	0.0	0.0	0.0	0.0	0.0	0.0	0.0	0.0	0.0	0.0	0.0	0.0	0.0	0.0	0.0	0.0
SRR6764784	338.0	2631.0	2996.0	0.0	2579.0	470.0	513.0	0.0	253.0	798.0	345.0	61.0	63.0	0.0	53.0	0.0	0.0	0.0	0.0	259.0	0.0	22.0	97.0	0.0	0.0	29.0	0.0	0.0	0.0	0.0	0.0	0.0	0.0	0.0	0.0	0.0	0.0	34.0	0.0	0.0	0.0	0.0	0.0	0.0	0.0	0.0	0.0	0.0	0.0	0.0	0.0	0.0	0.0
SRR6764797	339.0	2540.0	2160.0	0.0	3160.0	979.0	1178.0	0.0	651.0	1100.0	1199.0	0.0	85.0	0.0	37.0	0.0	0.0	0.0	0.0	288.0	0.0	0.0	237.0	0.0	0.0	65.0	0.0	0.0	0.0	0.0	0.0	0.0	0.0	0.0	0.0	0.0	0.0	0.0	0.0	0.0	0.0	0.0	0.0	0.0	0.0	0.0	0.0	0.0	0.0	0.0	0.0	0.0	0.0
SRR6764800	785.0	5052.0	2591.0	0.0	4312.0	1954.0	1273.0	0.0	845.0	639.0	1191.0	77.0	21.0	0.0	0.0	0.0	0.0	0.0	0.0	206.0	0.0	13.0	59.0	0.0	12.0	52.0	0.0	0.0	0.0	0.0	0.0	0.0	0.0	0.0	0.0	0.0	0.0	95.0	0.0	0.0	0.0	0.0	0.0	0.0	0.0	0.0	0.0	0.0	0.0	0.0	0.0	0.0	0.0
SRR6764801	946.0	4801.0	4523.0	0.0	3870.0	838.0	775.0	0.0	936.0	1232.0	960.0	95.0	115.0	0.0	57.0	0.0	0.0	0.0	0.0	272.0	0.0	24.0	327.0	0.0	9.0	127.0	0.0	0.0	0.0	0.0	0.0	0.0	0.0	0.0	0.0	0.0	0.0	94.0	0.0	0.0	0.0	0.0	0.0	0.0	0.0	0.0	0.0	0.0	0.0	0.0	0.0	0.0	0.0
SRR6764802	796.0	3923.0	2317.0	0.0	4199.0	2073.0	1410.0	0.0	1113.0	1219.0	1247.0	0.0	86.0	0.0	56.0	0.0	20.0	0.0	0.0	335.0	2.0	69.0	40.0	0.0	0.0	79.0	15.0	0.0	0.0	0.0	0.0	0.0	0.0	0.0	0.0	0.0	0.0	123.0	0.0	0.0	0.0	0.0	0.0	0.0	0.0	0.0	0.0	0.0	0.0	0.0	0.0	0.0	0.0
SRR6764803	787.0	5074.0	3464.0	0.0	4182.0	661.0	508.0	0.0	702.0	857.0	734.0	87.0	94.0	0.0	44.0	49.0	0.0	0.0	0.0	270.0	0.0	10.0	202.0	0.0	0.0	104.0	0.0	0.0	0.0	0.0	0.0	0.0	0.0	0.0	0.0	0.0	0.0	75.0	0.0	0.0	0.0	0.0	0.0	0.0	0.0	0.0	0.0	0.0	0.0	0.0	0.0	0.0	0.0
SRR6764804	255.0	4881.0	2764.0	0.0	2645.0	965.0	2443.0	0.0	1363.0	682.0	1859.0	113.0	49.0	0.0	100.0	27.0	0.0	0.0	0.0	189.0	0.0	108.0	419.0	0.0	0.0	66.0	0.0	0.0	0.0	0.0	0.0	0.0	0.0	0.0	0.0	0.0	0.0	51.0	0.0	0.0	0.0	0.0	0.0	0.0	0.0	0.0	0.0	0.0	0.0	0.0	0.0	0.0	0.0
SRR6764813	1111.0	4308.0	2603.0	0.0	4351.0	986.0	1747.0	0.0	963.0	723.0	1802.0	15.0	26.0	0.0	36.0	19.0	14.0	0.0	0.0	140.0	0.0	100.0	125.0	0.0	0.0	83.0	0.0	0.0	0.0	0.0	0.0	0.0	0.0	0.0	0.0	0.0	0.0	0.0	0.0	0.0	0.0	0.0	0.0	0.0	0.0	0.0	0.0	0.0	0.0	0.0	0.0	0.0	0.0
SRR6764822	1657.0	5916.0	3860.0	0.0	5125.0	1096.0	1736.0	0.0	2299.0	668.0	1244.0	25.0	143.0	0.0	51.0	56.0	0.0	0.0	0.0	319.0	2.0	22.0	93.0	0.0	50.0	169.0	0.0	0.0	78.0	0.0	14.0	0.0	0.0	0.0	0.0	0.0	0.0	155.0	0.0	0.0	0.0	0.0	0.0	0.0	0.0	0.0	0.0	0.0	0.0	0.0	0.0	0.0	0.0
SRR6764823	1111.0	3370.0	1195.0	62.0	3642.0	1024.0	1130.0	0.0	952.0	607.0	1243.0	30.0	73.0	25.0	35.0	16.0	0.0	0.0	0.0	274.0	0.0	54.0	198.0	0.0	47.0	98.0	39.0	0.0	0.0	0.0	0.0	0.0	0.0	0.0	0.0	0.0	0.0	106.0	0.0	0.0	0.0	0.0	0.0	0.0	0.0	0.0	0.0	0.0	0.0	0.0	0.0	0.0	0.0
SRR6764824	1325.0	4748.0	1069.0	0.0	3450.0	1772.0	2056.0	0.0	1179.0	336.0	1073.0	91.0	85.0	0.0	29.0	0.0	0.0	0.0	0.0	307.0	0.0	98.0	14.0	0.0	33.0	88.0	67.0	0.0	0.0	0.0	0.0	0.0	0.0	0.0	0.0	0.0	0.0	145.0	0.0	0.0	0.0	0.0	0.0	0.0	0.0	0.0	0.0	0.0	0.0	0.0	0.0	0.0	0.0
SRR6764825	1225.0	5556.0	2378.0	0.0	2998.0	1127.0	1369.0	0.0	1461.0	603.0	1161.0	27.0	75.0	0.0	23.0	62.0	0.0	0.0	30.0	256.0	0.0	83.0	13.0	0.0	33.0	171.0	26.0	0.0	0.0	0.0	0.0	0.0	0.0	0.0	0.0	0.0	0.0	0.0	0.0	0.0	0.0	0.0	0.0	0.0	0.0	0.0	0.0	0.0	0.0	0.0	0.0	0.0	0.0
SRR6764826	2285.0	7015.0	2127.0	0.0	5354.0	2492.0	3472.0	0.0	1609.0	610.0	2068.0	8.0	186.0	20.0	43.0	13.0	79.0	0.0	49.0	256.0	0.0	132.0	81.0	13.0	46.0	110.0	95.0	0.0	0.0	0.0	0.0	0.0	0.0	0.0	0.0	0.0	0.0	219.0	0.0	0.0	0.0	0.0	0.0	0.0	0.0	0.0	0.0	0.0	0.0	0.0	0.0	0.0	0.0
SRR6764827	1635.0	4868.0	2449.0	0.0	3818.0	782.0	1696.0	0.0	1413.0	815.0	1048.0	43.0	45.0	2.0	36.0	0.0	0.0	0.0	0.0	137.0	0.0	29.0	64.0	0.0	0.0	120.0	0.0	0.0	0.0	0.0	0.0	0.0	0.0	0.0	0.0	0.0	0.0	30.0	0.0	0.0	0.0	0.0	0.0	0.0	0.0	0.0	0.0	0.0	0.0	0.0	0.0	0.0	0.0
SRR6764830	1684.0	4194.0	3289.0	0.0	4311.0	525.0	862.0	0.0	1190.0	973.0	980.0	57.0	60.0	11.0	57.0	21.0	0.0	0.0	0.0	151.0	0.0	90.0	114.0	0.0	37.0	65.0	30.0	0.0	0.0	0.0	0.0	0.0	0.0	0.0	0.0	0.0	0.0	63.0	0.0	0.0	0.0	0.0	0.0	0.0	0.0	0.0	0.0	0.0	0.0	0.0	0.0	0.0	0.0
SRR6764831	1483.0	3572.0	2933.0	0.0	4852.0	724.0	1308.0	0.0	902.0	1399.0	1179.0	207.0	129.0	0.0	0.0	0.0	0.0	0.0	0.0	210.0	0.0	63.0	15.0	0.0	0.0	52.0	16.0	0.0	0.0	0.0	0.0	0.0	0.0	0.0	0.0	0.0	0.0	104.0	0.0	0.0	0.0	0.0	0.0	0.0	0.0	0.0	0.0	0.0	0.0	0.0	0.0	0.0	0.0
SRR6764832	880.0	4467.0	1919.0	0.0	4075.0	806.0	2131.0	0.0	727.0	1335.0	1482.0	32.0	33.0	0.0	0.0	0.0	23.0	0.0	0.0	238.0	0.0	151.0	161.0	0.0	50.0	54.0	0.0	0.0	0.0	0.0	0.0	0.0	0.0	0.0	0.0	0.0	0.0	153.0	0.0	0.0	0.0	0.0	0.0	0.0	0.0	0.0	0.0	0.0	0.0	0.0	0.0	0.0	0.0
SRR6764833	1035.0	4286.0	1847.0	0.0	3629.0	804.0	1910.0	0.0	483.0	1805.0	1881.0	168.0	74.0	0.0	48.0	0.0	0.0	0.0	44.0	253.0	0.0	95.0	45.0	0.0	0.0	58.0	18.0	0.0	0.0	0.0	0.0	0.0	0.0	0.0	0.0	0.0	0.0	81.0	0.0	0.0	0.0	0.0	0.0	0.0	0.0	0.0	0.0	0.0	0.0	0.0	0.0	0.0	0.0
SRR6764834	1235.0	4993.0	2002.0	0.0	3975.0	901.0	877.0	0.0	1140.0	733.0	1464.0	143.0	10.0	0.0	62.0	0.0	12.0	0.0	0.0	223.0	0.0	20.0	122.0	0.0	0.0	75.0	35.0	0.0	0.0	0.0	0.0	0.0	0.0	0.0	0.0	0.0	0.0	189.0	4.0	0.0	0.0	0.0	0.0	0.0	0.0	0.0	0.0	0.0	0.0	0.0	0.0	0.0	0.0
SRR6764835	843.0	5853.0	2528.0	12.0	4055.0	1120.0	3163.0	0.0	917.0	1956.0	2107.0	261.0	45.0	0.0	62.0	0.0	17.0	0.0	69.0	312.0	0.0	79.0	361.0	0.0	0.0	134.0	15.0	0.0	0.0	0.0	0.0	0.0	0.0	0.0	0.0	0.0	0.0	0.0	0.0	0.0	0.0	0.0	0.0	0.0	0.0	0.0	0.0	0.0	0.0	0.0	0.0	0.0	0.0
SRR6764838	1077.0	6642.0	2948.0	0.0	4684.0	1518.0	1229.0	0.0	979.0	542.0	1188.0	39.0	28.0	0.0	13.0	0.0	15.0	0.0	0.0	437.0	0.0	781.0	387.0	0.0	0.0	162.0	0.0	0.0	0.0	0.0	0.0	0.0	0.0	0.0	0.0	0.0	0.0	29.0	0.0	0.0	0.0	0.0	0.0	0.0	0.0	0.0	0.0	0.0	0.0	0.0	0.0	0.0	0.0
SRR6764839	1593.0	5248.0	3327.0	0.0	5632.0	945.0	725.0	0.0	1042.0	1068.0	1335.0	25.0	110.0	0.0	0.0	49.0	0.0	0.0	0.0	360.0	0.0	107.0	527.0	0.0	80.0	73.0	49.0	0.0	0.0	0.0	0.0	0.0	0.0	0.0	0.0	0.0	0.0	84.0	0.0	0.0	0.0	0.0	0.0	0.0	0.0	0.0	0.0	0.0	0.0	0.0	0.0	0.0	0.0
SRR6764840	707.0	3659.0	1469.0	0.0	4561.0	1378.0	1050.0	0.0	813.0	641.0	1033.0	31.0	25.0	0.0	0.0	36.0	0.0	0.0	0.0	422.0	0.0	224.0	189.0	0.0	57.0	37.0	0.0	0.0	0.0	0.0	0.0	0.0	0.0	0.0	0.0	0.0	0.0	115.0	0.0	0.0	0.0	0.0	0.0	0.0	0.0	0.0	0.0	0.0	0.0	0.0	0.0	0.0	0.0
SRR6764841	993.0	4710.0	1398.0	0.0	4794.0	1161.0	1275.0	0.0	1183.0	408.0	1611.0	0.0	32.0	0.0	37.0	0.0	16.0	0.0	0.0	298.0	0.0	349.0	109.0	0.0	49.0	150.0	36.0	0.0	0.0	0.0	0.0	0.0	0.0	0.0	0.0	0.0	0.0	198.0	0.0	0.0	0.0	0.0	0.0	0.0	0.0	0.0	0.0	0.0	0.0	0.0	0.0	0.0	0.0
SRR6764842	540.0	6646.0	1902.0	12.0	3979.0	1503.0	1487.0	0.0	746.0	497.0	1547.0	182.0	36.0	0.0	0.0	0.0	0.0	0.0	0.0	192.0	0.0	134.0	349.0	0.0	0.0	128.0	21.0	0.0	0.0	0.0	0.0	0.0	0.0	0.0	0.0	0.0	0.0	112.0	0.0	0.0	0.0	0.0	0.0	0.0	0.0	0.0	0.0	0.0	0.0	0.0	0.0	0.0	0.0
SRR6764843	593.0	4816.0	2349.0	0.0	4600.0	1037.0	1398.0	0.0	744.0	781.0	1092.0	0.0	53.0	0.0	18.0	0.0	33.0	0.0	0.0	316.0	0.0	957.0	212.0	11.0	66.0	60.0	30.0	0.0	0.0	0.0	0.0	0.0	0.0	0.0	0.0	0.0	0.0	0.0	0.0	0.0	0.0	0.0	0.0	0.0	0.0	0.0	0.0	0.0	0.0	0.0	0.0	0.0	0.0
SRR6764844	424.0	3889.0	1874.0	0.0	3017.0	1075.0	1187.0	0.0	554.0	431.0	1414.0	0.0	4.0	0.0	14.0	0.0	14.0	0.0	0.0	250.0	0.0	156.0	132.0	0.0	0.0	35.0	0.0	0.0	0.0	0.0	0.0	0.0	0.0	0.0	0.0	0.0	0.0	0.0	0.0	0.0	0.0	0.0	0.0	0.0	0.0	0.0	0.0	0.0	0.0	0.0	0.0	0.0	0.0
SRR6764845	429.0	4942.0	1922.0	0.0	3338.0	1412.0	1607.0	0.0	885.0	515.0	1449.0	130.0	0.0	0.0	0.0	0.0	26.0	0.0	0.0	376.0	0.0	103.0	106.0	0.0	0.0	52.0	23.0	0.0	0.0	0.0	0.0	0.0	0.0	0.0	0.0	0.0	0.0	60.0	0.0	0.0	0.0	0.0	0.0	0.0	0.0	0.0	0.0	0.0	0.0	0.0	0.0	0.0	0.0
SRR6764846	1247.0	8064.0	4580.0	0.0	6135.0	1153.0	3309.0	0.0	1335.0	2626.0	2955.0	320.0	483.0	0.0	166.0	0.0	0.0	0.0	63.0	370.0	0.0	90.0	366.0	0.0	0.0	105.0	9.0	0.0	0.0	0.0	0.0	0.0	0.0	0.0	0.0	0.0	0.0	0.0	0.0	0.0	0.0	0.0	0.0	0.0	0.0	0.0	0.0	0.0	0.0	0.0	0.0	0.0	0.0
SRR6764847	533.0	5923.0	2806.0	0.0	4422.0	1000.0	3078.0	0.0	1051.0	1632.0	2383.0	279.0	183.0	0.0	0.0	38.0	0.0	0.0	0.0	275.0	0.0	138.0	167.0	0.0	0.0	41.0	10.0	0.0	0.0	0.0	0.0	0.0	0.0	0.0	0.0	0.0	0.0	104.0	0.0	0.0	0.0	0.0	0.0	0.0	0.0	0.0	0.0	0.0	0.0	0.0	0.0	0.0	0.0
SRR6764848	548.0	3479.0	1141.0	0.0	3132.0	1636.0	1248.0	0.0	995.0	162.0	1145.0	30.0	51.0	0.0	0.0	0.0	0.0	0.0	0.0	277.0	0.0	323.0	69.0	0.0	74.0	115.0	19.0	0.0	0.0	0.0	0.0	0.0	0.0	0.0	0.0	0.0	0.0	153.0	0.0	0.0	0.0	0.0	0.0	0.0	0.0	0.0	0.0	0.0	0.0	0.0	0.0	0.0	0.0
SRR6764849	802.0	4049.0	1241.0	0.0	4146.0	1866.0	750.0	0.0	1368.0	477.0	1063.0	82.0	63.0	0.0	0.0	40.0	34.0	0.0	0.0	311.0	0.0	438.0	45.0	0.0	71.0	174.0	27.0	0.0	0.0	0.0	0.0	0.0	0.0	0.0	0.0	0.0	0.0	30.0	0.0	0.0	0.0	0.0	0.0	0.0	0.0	0.0	0.0	0.0	0.0	0.0	0.0	0.0	0.0
SRR6764865	703.0	5310.0	2127.0	45.0	3460.0	1462.0	2480.0	0.0	463.0	1101.0	2048.0	165.0	48.0	0.0	21.0	0.0	21.0	0.0	31.0	292.0	0.0	474.0	183.0	0.0	28.0	164.0	26.0	0.0	0.0	0.0	0.0	0.0	0.0	0.0	0.0	0.0	0.0	114.0	0.0	0.0	0.0	0.0	0.0	0.0	0.0	0.0	0.0	0.0	0.0	0.0	0.0	0.0	0.0
SRR6764866	763.0	4665.0	1574.0	0.0	4557.0	1617.0	2492.0	0.0	992.0	1042.0	1886.0	37.0	90.0	0.0	28.0	0.0	66.0	0.0	0.0	351.0	0.0	407.0	119.0	20.0	0.0	182.0	50.0	0.0	0.0	0.0	0.0	0.0	0.0	0.0	0.0	0.0	0.0	236.0	0.0	0.0	0.0	0.0	0.0	0.0	0.0	0.0	0.0	0.0	0.0	0.0	0.0	0.0	0.0
SRR6764867	1312.0	6827.0	1808.0	13.0	6849.0	1410.0	1658.0	0.0	1070.0	681.0	1742.0	29.0	98.0	0.0	39.0	0.0	114.0	0.0	0.0	163.0	0.0	110.0	181.0	13.0	103.0	205.0	135.0	0.0	0.0	0.0	0.0	7.0	0.0	0.0	0.0	0.0	0.0	319.0	0.0	0.0	0.0	0.0	0.0	0.0	0.0	0.0	0.0	0.0	0.0	0.0	0.0	0.0	0.0
SRR6764868	501.0	2751.0	1617.0	0.0	3149.0	870.0	944.0	0.0	549.0	705.0	902.0	12.0	71.0	0.0	42.0	0.0	0.0	0.0	53.0	247.0	0.0	39.0	338.0	0.0	0.0	70.0	0.0	0.0	0.0	0.0	0.0	12.0	0.0	0.0	0.0	0.0	0.0	52.0	0.0	0.0	0.0	0.0	0.0	0.0	0.0	0.0	0.0	0.0	0.0	0.0	0.0	0.0	0.0
SRR6764869	3462.0	10002.0	4995.0	25.0	9895.0	2358.0	5717.0	0.0	2112.0	1804.0	4408.0	277.0	367.0	9.0	0.0	64.0	164.0	0.0	148.0	645.0	0.0	295.0	398.0	0.0	200.0	330.0	132.0	0.0	0.0	0.0	0.0	42.0	0.0	0.0	0.0	0.0	0.0	534.0	0.0	0.0	0.0	0.0	0.0	0.0	0.0	0.0	0.0	0.0	0.0	0.0	0.0	0.0	0.0
SRR6764870	1698.0	7732.0	2555.0	0.0	6527.0	966.0	1726.0	0.0	1066.0	934.0	1793.0	73.0	129.0	0.0	5.0	80.0	40.0	0.0	33.0	477.0	0.0	110.0	76.0	0.0	97.0	237.0	41.0	0.0	0.0	0.0	0.0	0.0	0.0	0.0	0.0	0.0	0.0	223.0	0.0	0.0	0.0	0.0	0.0	0.0	0.0	0.0	0.0	0.0	0.0	0.0	0.0	0.0	0.0
SRR6764871	293.0	3080.0	1477.0	0.0	2472.0	281.0	1435.0	0.0	649.0	865.0	1218.0	136.0	83.0	0.0	51.0	0.0	0.0	0.0	0.0	136.0	0.0	20.0	51.0	0.0	0.0	60.0	0.0	0.0	0.0	0.0	0.0	16.0	0.0	0.0	0.0	0.0	0.0	27.0	0.0	0.0	0.0	0.0	0.0	0.0	0.0	0.0	0.0	0.0	0.0	0.0	0.0	0.0	0.0
SRR6764872	1643.0	6932.0	3921.0	0.0	6572.0	1987.0	4434.0	0.0	1330.0	2348.0	3244.0	551.0	429.0	0.0	167.0	115.0	0.0	0.0	114.0	381.0	0.0	273.0	444.0	0.0	0.0	265.0	0.0	0.0	0.0	0.0	0.0	41.0	0.0	0.0	0.0	0.0	0.0	79.0	0.0	0.0	0.0	0.0	0.0	0.0	0.0	0.0	0.0	0.0	0.0	0.0	0.0	0.0	0.0
SRR6764878	588.0	4498.0	2512.0	0.0	5126.0	622.0	521.0	0.0	840.0	955.0	617.0	111.0	169.0	0.0	66.0	84.0	20.0	0.0	122.0	283.0	0.0	19.0	201.0	0.0	0.0	79.0	26.0	0.0	0.0	0.0	0.0	0.0	0.0	0.0	0.0	0.0	0.0	182.0	0.0	0.0	0.0	0.0	0.0	0.0	0.0	0.0	0.0	0.0	0.0	0.0	0.0	0.0	0.0
SRR6764904	293.0	2741.0	599.0	0.0	1601.0	1231.0	1454.0	0.0	577.0	446.0	966.0	0.0	16.0	0.0	0.0	0.0	0.0	0.0	0.0	145.0	0.0	0.0	29.0	0.0	0.0	95.0	0.0	0.0	0.0	0.0	0.0	0.0	0.0	0.0	0.0	0.0	0.0	0.0	0.0	0.0	0.0	0.0	0.0	0.0	0.0	0.0	0.0	0.0	0.0	0.0	0.0	0.0	0.0
SRR6764912	245.0	3915.0	1714.0	0.0	2956.0	1610.0	1585.0	0.0	1015.0	797.0	1515.0	29.0	0.0	0.0	0.0	0.0	0.0	0.0	0.0	215.0	0.0	77.0	176.0	0.0	0.0	134.0	0.0	0.0	0.0	0.0	0.0	0.0	0.0	0.0	0.0	0.0	0.0	61.0	0.0	0.0	0.0	0.0	0.0	0.0	0.0	0.0	0.0	0.0	0.0	0.0	0.0	0.0	0.0
SRR6764913	286.0	3576.0	3026.0	0.0	2511.0	1344.0	1769.0	0.0	1016.0	1149.0	1359.0	38.0	69.0	0.0	70.0	0.0	0.0	0.0	0.0	139.0	0.0	144.0	198.0	0.0	0.0	187.0	0.0	0.0	0.0	0.0	0.0	0.0	0.0	0.0	0.0	0.0	0.0	0.0	0.0	0.0	0.0	0.0	0.0	0.0	0.0	0.0	0.0	0.0	0.0	0.0	0.0	0.0	0.0
SRR6764914	374.0	2977.0	1144.0	0.0	2498.0	700.0	1123.0	0.0	532.0	693.0	674.0	22.0	19.0	0.0	0.0	0.0	0.0	0.0	54.0	206.0	0.0	103.0	49.0	0.0	0.0	50.0	11.0	0.0	0.0	0.0	0.0	0.0	0.0	0.0	0.0	0.0	0.0	113.0	0.0	0.0	0.0	0.0	0.0	0.0	0.0	0.0	0.0	0.0	0.0	0.0	0.0	0.0	0.0
SRR6764915	1009.0	3317.0	1501.0	0.0	2796.0	741.0	815.0	0.0	734.0	552.0	996.0	20.0	71.0	0.0	0.0	0.0	0.0	0.0	28.0	219.0	0.0	33.0	60.0	0.0	0.0	94.0	27.0	0.0	0.0	0.0	0.0	0.0	0.0	0.0	0.0	0.0	0.0	107.0	0.0	0.0	0.0	0.0	0.0	0.0	0.0	0.0	0.0	0.0	0.0	0.0	0.0	0.0	0.0
SRR6764917	328.0	4679.0	2751.0	0.0	3104.0	835.0	1763.0	0.0	956.0	1248.0	1855.0	109.0	74.0	0.0	31.0	0.0	0.0	0.0	28.0	194.0	0.0	132.0	96.0	0.0	0.0	116.0	0.0	0.0	0.0	0.0	0.0	0.0	0.0	0.0	0.0	0.0	0.0	55.0	0.0	0.0	0.0	0.0	0.0	0.0	0.0	0.0	0.0	0.0	0.0	0.0	0.0	0.0	0.0
SRR6764918	966.0	6459.0	3519.0	0.0	4090.0	1225.0	2242.0	0.0	1708.0	1200.0	1722.0	506.0	178.0	0.0	6.0	0.0	14.0	0.0	245.0	256.0	0.0	174.0	74.0	0.0	20.0	136.0	0.0	0.0	0.0	0.0	0.0	0.0	0.0	0.0	0.0	0.0	0.0	93.0	0.0	0.0	0.0	0.0	0.0	0.0	0.0	0.0	0.0	0.0	0.0	0.0	0.0	0.0	0.0
SRR6764919	750.0	4902.0	1948.0	0.0	3464.0	1187.0	1350.0	0.0	1117.0	1010.0	1278.0	96.0	41.0	0.0	0.0	0.0	0.0	0.0	128.0	232.0	0.0	0.0	109.0	0.0	0.0	92.0	0.0	0.0	0.0	0.0	0.0	0.0	0.0	0.0	0.0	0.0	0.0	66.0	0.0	0.0	0.0	0.0	0.0	0.0	0.0	0.0	0.0	0.0	0.0	0.0	0.0	0.0	0.0
SRR6764921	1398.0	5378.0	2480.0	0.0	4209.0	1253.0	1903.0	0.0	1431.0	943.0	1796.0	33.0	141.0	0.0	0.0	29.0	0.0	0.0	0.0	250.0	0.0	84.0	99.0	0.0	0.0	101.0	0.0	0.0	0.0	0.0	26.0	0.0	0.0	0.0	0.0	0.0	0.0	0.0	0.0	0.0	0.0	0.0	0.0	0.0	0.0	0.0	0.0	0.0	0.0	0.0	0.0	0.0	0.0
SRR6764922	838.0	4848.0	1950.0	0.0	3413.0	776.0	1029.0	0.0	967.0	699.0	893.0	257.0	172.0	0.0	44.0	89.0	0.0	0.0	0.0	314.0	0.0	72.0	7.0	0.0	0.0	91.0	0.0	0.0	0.0	0.0	0.0	0.0	0.0	0.0	0.0	0.0	0.0	81.0	0.0	0.0	0.0	0.0	0.0	0.0	0.0	0.0	0.0	0.0	0.0	0.0	0.0	0.0	0.0
SRR6764923	875.0	5188.0	2393.0	0.0	3182.0	1197.0	1664.0	0.0	1049.0	973.0	1303.0	110.0	132.0	0.0	9.0	75.0	0.0	0.0	0.0	244.0	0.0	25.0	8.0	0.0	0.0	126.0	0.0	0.0	0.0	0.0	0.0	0.0	0.0	0.0	0.0	0.0	0.0	102.0	0.0	0.0	0.0	0.0	0.0	0.0	0.0	0.0	0.0	0.0	0.0	0.0	0.0	0.0	0.0
SRR6764924	1341.0	6736.0	2338.0	0.0	5372.0	2268.0	2987.0	0.0	1336.0	1508.0	2003.0	730.0	260.0	0.0	28.0	44.0	0.0	0.0	87.0	317.0	0.0	130.0	25.0	0.0	0.0	181.0	0.0	0.0	0.0	0.0	0.0	25.0	0.0	0.0	0.0	0.0	0.0	212.0	0.0	0.0	0.0	0.0	0.0	0.0	0.0	0.0	0.0	0.0	0.0	0.0	0.0	0.0	0.0
SRR6764925	351.0	3477.0	1366.0	0.0	2948.0	1149.0	1838.0	0.0	759.0	431.0	982.0	26.0	17.0	0.0	0.0	0.0	0.0	0.0	44.0	202.0	0.0	13.0	59.0	0.0	0.0	102.0	11.0	0.0	0.0	0.0	0.0	0.0	0.0	0.0	0.0	0.0	0.0	55.0	0.0	0.0	0.0	0.0	0.0	0.0	0.0	0.0	0.0	0.0	0.0	0.0	0.0	0.0	0.0
SRR6764928	1053.0	5718.0	2190.0	0.0	5458.0	1458.0	1702.0	0.0	1010.0	839.0	1711.0	175.0	88.0	0.0	33.0	63.0	37.0	0.0	0.0	309.0	0.0	361.0	51.0	7.0	0.0	178.0	22.0	0.0	0.0	0.0	0.0	0.0	0.0	0.0	0.0	0.0	0.0	227.0	0.0	0.0	0.0	0.0	0.0	0.0	0.0	0.0	0.0	0.0	0.0	0.0	0.0	0.0	0.0
SRR6764929	1432.0	5255.0	2002.0	63.0	4780.0	1436.0	1361.0	0.0	1089.0	788.0	1330.0	29.0	0.0	0.0	0.0	13.0	0.0	0.0	0.0	326.0	0.0	756.0	46.0	17.0	53.0	119.0	23.0	0.0	0.0	0.0	0.0	0.0	0.0	0.0	0.0	0.0	0.0	132.0	0.0	0.0	0.0	0.0	0.0	0.0	0.0	0.0	0.0	0.0	0.0	0.0	0.0	0.0	0.0
SRR6764930	892.0	4490.0	1255.0	0.0	3412.0	1433.0	1449.0	0.0	918.0	290.0	960.0	35.0	23.0	0.0	14.0	0.0	20.0	0.0	0.0	339.0	0.0	296.0	192.0	0.0	0.0	152.0	26.0	0.0	0.0	0.0	0.0	0.0	0.0	0.0	0.0	0.0	0.0	0.0	0.0	0.0	0.0	0.0	0.0	0.0	0.0	0.0	0.0	0.0	0.0	0.0	0.0	0.0	0.0
SRR6764931	1273.0	5689.0	1677.0	0.0	4268.0	1762.0	1741.0	0.0	947.0	510.0	1543.0	25.0	20.0	0.0	16.0	11.0	0.0	0.0	0.0	244.0	0.0	149.0	166.0	0.0	0.0	177.0	19.0	0.0	0.0	0.0	0.0	0.0	0.0	0.0	0.0	0.0	0.0	82.0	0.0	0.0	0.0	0.0	0.0	0.0	0.0	0.0	0.0	0.0	0.0	0.0	0.0	0.0	0.0
SRR6764935	1559.0	5168.0	1433.0	0.0	5254.0	1059.0	1684.0	0.0	906.0	981.0	1596.0	66.0	0.0	0.0	47.0	59.0	44.0	0.0	0.0	234.0	0.0	90.0	183.0	0.0	0.0	165.0	17.0	0.0	0.0	0.0	0.0	0.0	0.0	0.0	0.0	0.0	0.0	199.0	0.0	0.0	0.0	0.0	0.0	0.0	0.0	0.0	0.0	0.0	0.0	0.0	0.0	0.0	0.0
SRR6764936	1028.0	5733.0	2036.0	0.0	4251.0	1662.0	522.0	0.0	760.0	430.0	1100.0	143.0	0.0	0.0	0.0	0.0	0.0	0.0	0.0	329.0	0.0	572.0	218.0	0.0	38.0	68.0	0.0	0.0	0.0	0.0	0.0	0.0	0.0	0.0	0.0	0.0	0.0	67.0	0.0	0.0	0.0	0.0	0.0	0.0	0.0	0.0	0.0	0.0	0.0	0.0	0.0	0.0	0.0
SRR6764970	755.0	3519.0	2789.0	0.0	3163.0	113.0	1200.0	0.0	929.0	1279.0	967.0	29.0	67.0	0.0	0.0	19.0	0.0	0.0	142.0	243.0	0.0	0.0	202.0	0.0	0.0	96.0	16.0	0.0	0.0	0.0	0.0	0.0	0.0	0.0	0.0	0.0	0.0	69.0	0.0	0.0	0.0	0.0	0.0	0.0	0.0	0.0	0.0	0.0	0.0	0.0	0.0	0.0	0.0
SRR6764972	821.0	4448.0	1415.0	0.0	2928.0	984.0	537.0	0.0	847.0	509.0	988.0	0.0	0.0	0.0	0.0	0.0	22.0	0.0	0.0	229.0	0.0	80.0	14.0	0.0	48.0	103.0	0.0	0.0	0.0	0.0	0.0	0.0	0.0	0.0	0.0	0.0	0.0	115.0	0.0	0.0	0.0	0.0	0.0	0.0	0.0	0.0	0.0	0.0	0.0	0.0	0.0	0.0	0.0
SRR6764973	412.0	3587.0	1174.0	0.0	2438.0	807.0	838.0	0.0	903.0	544.0	1060.0	0.0	11.0	0.0	0.0	0.0	0.0	0.0	0.0	219.0	0.0	51.0	13.0	0.0	22.0	35.0	0.0	0.0	0.0	0.0	0.0	0.0	0.0	0.0	0.0	0.0	0.0	93.0	0.0	0.0	0.0	0.0	0.0	0.0	0.0	0.0	0.0	0.0	0.0	0.0	0.0	0.0	0.0
SRR6764974	596.0	4171.0	1476.0	0.0	2430.0	970.0	1280.0	0.0	882.0	598.0	660.0	23.0	45.0	0.0	0.0	0.0	0.0	0.0	0.0	261.0	0.0	10.0	0.0	0.0	0.0	51.0	0.0	0.0	0.0	0.0	0.0	0.0	0.0	0.0	0.0	0.0	0.0	105.0	0.0	0.0	0.0	0.0	0.0	0.0	0.0	0.0	0.0	0.0	0.0	0.0	0.0	0.0	0.0
SRR6764975	478.0	3056.0	1866.0	0.0	3457.0	753.0	398.0	0.0	762.0	779.0	726.0	0.0	9.0	0.0	19.0	123.0	0.0	0.0	0.0	125.0	0.0	0.0	20.0	20.0	0.0	34.0	76.0	0.0	0.0	0.0	0.0	0.0	0.0	0.0	0.0	0.0	0.0	104.0	0.0	0.0	0.0	0.0	0.0	0.0	0.0	0.0	0.0	0.0	0.0	0.0	0.0	0.0	0.0
SRR6764990	484.0	2493.0	2078.0	0.0	3486.0	640.0	408.0	6.0	564.0	971.0	628.0	29.0	77.0	0.0	60.0	0.0	0.0	0.0	0.0	230.0	0.0	62.0	56.0	0.0	0.0	71.0	0.0	0.0	0.0	0.0	0.0	0.0	0.0	0.0	0.0	0.0	0.0	49.0	0.0	0.0	0.0	0.0	0.0	0.0	0.0	0.0	0.0	0.0	0.0	0.0	0.0	0.0	0.0
SRR6764991	480.0	3308.0	3099.0	0.0	1805.0	829.0	1182.0	0.0	678.0	486.0	603.0	55.0	19.0	0.0	37.0	22.0	0.0	0.0	0.0	272.0	0.0	34.0	0.0	0.0	0.0	27.0	0.0	0.0	0.0	0.0	0.0	0.0	0.0	0.0	0.0	0.0	0.0	82.0	0.0	0.0	0.0	0.0	0.0	0.0	0.0	0.0	0.0	0.0	0.0	0.0	0.0	0.0	0.0
SRR6764992	278.0	2565.0	1006.0	0.0	2278.0	1143.0	1378.0	0.0	770.0	524.0	1035.0	0.0	16.0	0.0	0.0	0.0	0.0	0.0	0.0	257.0	0.0	85.0	15.0	0.0	0.0	110.0	0.0	0.0	0.0	0.0	0.0	23.0	0.0	0.0	0.0	0.0	0.0	0.0	0.0	0.0	0.0	0.0	0.0	0.0	0.0	0.0	0.0	0.0	0.0	0.0	0.0	0.0	0.0
SRR6764993	105.0	2482.0	1159.0	0.0	2121.0	486.0	1474.0	0.0	612.0	483.0	937.0	43.0	102.0	0.0	0.0	0.0	0.0	0.0	0.0	190.0	0.0	83.0	94.0	0.0	0.0	63.0	0.0	0.0	0.0	0.0	0.0	0.0	0.0	0.0	0.0	0.0	0.0	0.0	0.0	0.0	0.0	0.0	0.0	0.0	0.0	0.0	0.0	0.0	0.0	0.0	0.0	0.0	0.0
SRR6764994	436.0	3455.0	1943.0	0.0	2825.0	1268.0	572.0	0.0	823.0	600.0	534.0	121.0	30.0	0.0	34.0	18.0	0.0	0.0	0.0	140.0	0.0	71.0	40.0	0.0	0.0	34.0	0.0	0.0	0.0	0.0	0.0	0.0	0.0	0.0	0.0	0.0	0.0	66.0	0.0	0.0	0.0	0.0	0.0	0.0	0.0	0.0	0.0	0.0	0.0	0.0	0.0	0.0	0.0
SRR6764995	333.0	3458.0	1937.0	0.0	2735.0	513.0	743.0	0.0	362.0	582.0	541.0	64.0	31.0	0.0	43.0	0.0	0.0	0.0	0.0	241.0	0.0	0.0	233.0	0.0	0.0	71.0	0.0	0.0	0.0	0.0	0.0	0.0	0.0	0.0	0.0	0.0	0.0	0.0	0.0	0.0	0.0	0.0	0.0	0.0	0.0	0.0	0.0	0.0	0.0	0.0	0.0	0.0	0.0
SRR6764996	507.0	2940.0	938.0	0.0	2351.0	1130.0	855.0	0.0	621.0	267.0	672.0	0.0	30.0	0.0	23.0	16.0	9.0	0.0	0.0	232.0	0.0	0.0	130.0	0.0	0.0	46.0	0.0	0.0	0.0	0.0	0.0	0.0	0.0	0.0	0.0	0.0	0.0	0.0	0.0	0.0	0.0	0.0	0.0	0.0	0.0	0.0	0.0	0.0	0.0	0.0	0.0	0.0	0.0
SRR6764998	609.0	2590.0	2190.0	0.0	2409.0	616.0	291.0	0.0	496.0	657.0	514.0	60.0	41.0	0.0	44.0	0.0	0.0	0.0	57.0	219.0	0.0	13.0	57.0	0.0	0.0	82.0	0.0	0.0	0.0	0.0	0.0	0.0	0.0	0.0	0.0	0.0	0.0	0.0	0.0	0.0	0.0	0.0	0.0	0.0	0.0	0.0	0.0	0.0	0.0	0.0	0.0	0.0	0.0
SRR6764999	536.0	3292.0	2227.0	0.0	3267.0	527.0	585.0	0.0	460.0	953.0	931.0	258.0	74.0	0.0	51.0	0.0	0.0	0.0	0.0	135.0	0.0	121.0	22.0	0.0	0.0	37.0	0.0	0.0	0.0	0.0	0.0	0.0	0.0	0.0	0.0	0.0	0.0	0.0	0.0	0.0	0.0	0.0	0.0	0.0	0.0	0.0	0.0	0.0	0.0	0.0	0.0	0.0	0.0
SRR6765012	1470.0	3812.0	2411.0	0.0	3584.0	678.0	944.0	0.0	837.0	977.0	991.0	55.0	23.0	0.0	37.0	60.0	0.0	0.0	31.0	197.0	0.0	25.0	61.0	25.0	0.0	83.0	28.0	0.0	0.0	0.0	17.0	0.0	0.0	0.0	0.0	0.0	0.0	101.0	0.0	0.0	0.0	0.0	0.0	0.0	0.0	0.0	0.0	0.0	0.0	0.0	0.0	0.0	0.0
SRR6765015	1735.0	6714.0	2589.0	0.0	4198.0	2038.0	3341.0	0.0	1879.0	1152.0	2075.0	188.0	84.0	0.0	14.0	0.0	56.0	0.0	35.0	336.0	0.0	197.0	25.0	0.0	38.0	337.0	18.0	0.0	0.0	0.0	9.0	24.0	0.0	0.0	0.0	0.0	0.0	83.0	0.0	0.0	0.0	0.0	0.0	0.0	0.0	0.0	0.0	0.0	0.0	0.0	0.0	0.0	0.0
SRR6765016	1417.0	4699.0	2026.0	0.0	3387.0	2582.0	1992.0	0.0	1134.0	442.0	1333.0	26.0	14.0	0.0	0.0	0.0	0.0	0.0	0.0	335.0	6.0	59.0	74.0	0.0	0.0	142.0	0.0	0.0	0.0	0.0	0.0	0.0	0.0	0.0	0.0	0.0	0.0	106.0	0.0	0.0	0.0	0.0	0.0	0.0	0.0	0.0	0.0	0.0	0.0	0.0	0.0	0.0	0.0
SRR6765017	1192.0	7354.0	3530.0	0.0	3751.0	2503.0	3608.0	0.0	1974.0	821.0	2147.0	124.0	6.0	0.0	128.0	179.0	40.0	0.0	0.0	264.0	0.0	57.0	159.0	0.0	31.0	195.0	0.0	0.0	0.0	0.0	0.0	0.0	0.0	0.0	0.0	0.0	0.0	107.0	0.0	0.0	0.0	0.0	0.0	0.0	0.0	0.0	0.0	0.0	0.0	0.0	0.0	0.0	0.0
SRR6765018	1745.0	6525.0	2472.0	0.0	4876.0	3274.0	3604.0	0.0	2307.0	1420.0	1745.0	149.0	170.0	4.0	37.0	0.0	0.0	0.0	49.0	300.0	0.0	201.0	67.0	0.0	0.0	302.0	0.0	0.0	0.0	0.0	0.0	41.0	0.0	0.0	0.0	0.0	0.0	129.0	0.0	0.0	0.0	0.0	0.0	0.0	0.0	0.0	0.0	0.0	0.0	0.0	0.0	0.0	0.0
SRR6765019	2015.0	7447.0	4021.0	0.0	5732.0	3860.0	5463.0	0.0	1716.0	1198.0	2581.0	242.0	281.0	0.0	47.0	0.0	29.0	0.0	42.0	433.0	0.0	230.0	158.0	0.0	0.0	282.0	0.0	0.0	0.0	0.0	0.0	56.0	0.0	0.0	0.0	0.0	0.0	193.0	0.0	0.0	0.0	0.0	0.0	0.0	0.0	0.0	0.0	0.0	0.0	0.0	0.0	0.0	0.0
SRR6765020	812.0	4237.0	1823.0	0.0	3340.0	1753.0	2360.0	3.0	1288.0	924.0	1042.0	0.0	66.0	0.0	21.0	52.0	0.0	0.0	15.0	308.0	0.0	36.0	19.0	0.0	0.0	135.0	0.0	0.0	0.0	0.0	0.0	25.0	0.0	0.0	0.0	0.0	0.0	0.0	0.0	0.0	0.0	0.0	0.0	0.0	0.0	0.0	0.0	0.0	0.0	0.0	0.0	0.0	0.0
SRR6765021	1598.0	4524.0	4083.0	0.0	3596.0	994.0	1400.0	0.0	1368.0	1295.0	1215.0	40.0	62.0	0.0	77.0	33.0	14.0	0.0	0.0	221.0	0.0	59.0	46.0	0.0	0.0	0.0	0.0	0.0	0.0	0.0	0.0	0.0	0.0	0.0	0.0	0.0	0.0	94.0	0.0	0.0	0.0	0.0	0.0	0.0	0.0	0.0	0.0	0.0	0.0	0.0	0.0	0.0	0.0
SRR6765022	1094.0	4324.0	1826.0	0.0	2825.0	1714.0	1763.0	0.0	916.0	561.0	938.0	26.0	18.0	0.0	0.0	0.0	0.0	0.0	0.0	374.0	0.0	30.0	31.0	0.0	0.0	122.0	0.0	0.0	0.0	0.0	0.0	0.0	0.0	0.0	0.0	0.0	0.0	65.0	0.0	0.0	0.0	0.0	0.0	0.0	0.0	0.0	0.0	0.0	0.0	0.0	0.0	0.0	0.0
SRR6765023	1851.0	6207.0	2356.0	0.0	4040.0	2696.0	2946.0	0.0	1558.0	916.0	1740.0	16.0	202.0	0.0	0.0	85.0	21.0	0.0	0.0	269.0	0.0	138.0	104.0	0.0	0.0	228.0	0.0	0.0	0.0	0.0	0.0	24.0	0.0	0.0	0.0	0.0	0.0	143.0	0.0	0.0	0.0	0.0	0.0	0.0	0.0	0.0	0.0	0.0	0.0	0.0	0.0	0.0	0.0
SRR6765024	1190.0	4651.0	1752.0	10.0	2797.0	2283.0	2599.0	0.0	1668.0	415.0	991.0	2.0	22.0	0.0	0.0	0.0	26.0	0.0	0.0	290.0	0.0	65.0	100.0	9.0	0.0	181.0	0.0	0.0	0.0	0.0	0.0	0.0	0.0	0.0	0.0	0.0	0.0	105.0	0.0	0.0	0.0	0.0	0.0	0.0	0.0	0.0	0.0	0.0	0.0	0.0	0.0	0.0	0.0
SRR6765046	1153.0	5470.0	1670.0	0.0	5602.0	1830.0	1833.0	0.0	1153.0	629.0	1272.0	59.0	59.0	0.0	18.0	0.0	30.0	0.0	25.0	372.0	0.0	136.0	0.0	0.0	0.0	137.0	0.0	0.0	0.0	0.0	0.0	0.0	0.0	0.0	0.0	0.0	0.0	214.0	0.0	0.0	0.0	0.0	0.0	0.0	0.0	0.0	0.0	0.0	0.0	0.0	0.0	0.0	0.0
SRR6765047	853.0	4414.0	1022.0	0.0	5643.0	1889.0	1019.0	0.0	1286.0	790.0	1242.0	43.0	17.0	0.0	33.0	30.0	48.0	0.0	0.0	237.0	0.0	370.0	26.0	0.0	85.0	155.0	67.0	0.0	0.0	0.0	0.0	0.0	0.0	0.0	0.0	0.0	0.0	138.0	0.0	0.0	0.0	0.0	0.0	0.0	0.0	0.0	0.0	0.0	0.0	0.0	0.0	0.0	0.0
SRR6765048	919.0	6453.0	2311.0	16.0	4044.0	1757.0	1290.0	0.0	1098.0	223.0	1364.0	0.0	119.0	0.0	0.0	24.0	45.0	0.0	0.0	302.0	0.0	589.0	294.0	0.0	76.0	142.0	50.0	0.0	0.0	0.0	0.0	0.0	0.0	0.0	0.0	0.0	0.0	0.0	0.0	0.0	0.0	0.0	0.0	0.0	0.0	0.0	0.0	0.0	0.0	0.0	0.0	0.0	0.0
SRR6765049	1070.0	4013.0	1541.0	50.0	4533.0	1518.0	670.0	0.0	1403.0	439.0	1332.0	0.0	170.0	10.0	10.0	0.0	57.0	0.0	0.0	375.0	0.0	589.0	94.0	0.0	0.0	178.0	48.0	0.0	0.0	0.0	0.0	0.0	0.0	0.0	0.0	0.0	0.0	149.0	0.0	0.0	0.0	0.0	0.0	0.0	0.0	0.0	0.0	0.0	0.0	0.0	0.0	0.0	0.0
SRR6765060	449.0	5933.0	2062.0	0.0	3426.0	1512.0	2346.0	0.0	772.0	525.0	1638.0	154.0	90.0	0.0	13.0	0.0	0.0	0.0	97.0	416.0	0.0	427.0	336.0	0.0	0.0	45.0	0.0	0.0	0.0	0.0	0.0	0.0	0.0	0.0	0.0	0.0	0.0	0.0	0.0	0.0	0.0	0.0	0.0	0.0	0.0	0.0	0.0	0.0	0.0	0.0	0.0	0.0	0.0
SRR6765061	666.0	5888.0	1562.0	0.0	3706.0	1726.0	2736.0	0.0	987.0	683.0	1461.0	266.0	61.0	0.0	0.0	0.0	0.0	0.0	0.0	170.0	0.0	626.0	185.0	8.0	0.0	116.0	27.0	0.0	0.0	0.0	0.0	0.0	0.0	0.0	0.0	0.0	0.0	117.0	0.0	0.0	0.0	0.0	0.0	0.0	0.0	0.0	0.0	0.0	0.0	0.0	0.0	0.0	0.0
SRR6765074	664.0	4973.0	1301.0	31.0	2838.0	795.0	1423.0	0.0	524.0	550.0	1338.0	0.0	25.0	3.0	40.0	0.0	23.0	0.0	0.0	351.0	0.0	229.0	123.0	0.0	0.0	110.0	66.0	0.0	0.0	0.0	0.0	0.0	0.0	0.0	0.0	0.0	0.0	144.0	0.0	0.0	0.0	0.0	0.0	0.0	0.0	0.0	0.0	0.0	0.0	0.0	0.0	0.0	0.0
SRR6765075	720.0	4429.0	1106.0	0.0	3705.0	1316.0	1719.0	0.0	792.0	774.0	1608.0	0.0	24.0	0.0	73.0	0.0	25.0	0.0	0.0	370.0	0.0	846.0	63.0	0.0	0.0	115.0	33.0	0.0	0.0	0.0	0.0	0.0	0.0	0.0	0.0	0.0	0.0	160.0	0.0	0.0	0.0	0.0	0.0	0.0	0.0	0.0	0.0	0.0	0.0	0.0	0.0	0.0	0.0
SRR6765076	965.0	5005.0	1111.0	0.0	4761.0	949.0	1127.0	0.0	958.0	666.0	1537.0	18.0	0.0	0.0	27.0	66.0	38.0	0.0	0.0	303.0	0.0	91.0	38.0	0.0	0.0	89.0	52.0	0.0	0.0	0.0	0.0	0.0	0.0	0.0	0.0	0.0	0.0	186.0	0.0	0.0	0.0	0.0	0.0	0.0	0.0	0.0	0.0	0.0	0.0	0.0	0.0	0.0	0.0
SRR6765078	873.0	3450.0	1346.0	0.0	2644.0	814.0	785.0	0.0	722.0	459.0	868.0	0.0	12.0	0.0	0.0	0.0	25.0	0.0	0.0	190.0	0.0	16.0	36.0	0.0	0.0	50.0	8.0	0.0	0.0	0.0	0.0	0.0	0.0	0.0	0.0	0.0	0.0	0.0	0.0	0.0	0.0	0.0	0.0	0.0	0.0	0.0	0.0	0.0	0.0	0.0	0.0	0.0	0.0
SRR6765079	954.0	3842.0	1509.0	0.0	2889.0	947.0	851.0	0.0	746.0	471.0	1116.0	0.0	8.0	0.0	0.0	42.0	0.0	0.0	0.0	136.0	0.0	47.0	33.0	0.0	19.0	50.0	23.0	0.0	0.0	0.0	0.0	0.0	0.0	0.0	0.0	0.0	0.0	0.0	0.0	0.0	0.0	0.0	0.0	0.0	0.0	0.0	0.0	0.0	0.0	0.0	0.0	0.0	0.0
SRR6765120	802.0	4018.0	1030.0	0.0	2007.0	400.0	5233.0	0.0	700.0	519.0	863.0	0.0	304.0	0.0	92.0	17.0	0.0	0.0	35.0	96.0	0.0	0.0	166.0	0.0	0.0	0.0	0.0	0.0	0.0	23.0	0.0	0.0	0.0	0.0	0.0	0.0	0.0	0.0	0.0	0.0	0.0	0.0	0.0	0.0	0.0	0.0	0.0	0.0	0.0	0.0	0.0	0.0	0.0
SRR6765121	555.0	2987.0	770.0	0.0	1658.0	229.0	3084.0	0.0	419.0	84.0	481.0	0.0	237.0	0.0	0.0	11.0	0.0	0.0	54.0	71.0	0.0	0.0	76.0	0.0	0.0	0.0	0.0	0.0	0.0	0.0	0.0	0.0	0.0	0.0	0.0	0.0	0.0	0.0	0.0	0.0	0.0	0.0	0.0	0.0	0.0	0.0	0.0	0.0	0.0	0.0	0.0	0.0	0.0
SRR6765122	454.0	7092.0	2188.0	45.0	3988.0	985.0	4012.0	0.0	1152.0	443.0	652.0	273.0	0.0	0.0	48.0	23.0	0.0	0.0	188.0	127.0	0.0	0.0	141.0	0.0	0.0	0.0	0.0	0.0	0.0	0.0	0.0	0.0	0.0	0.0	0.0	0.0	0.0	0.0	0.0	0.0	0.0	0.0	0.0	0.0	0.0	0.0	0.0	0.0	0.0	0.0	0.0	0.0	0.0
SRR6765143	463.0	6790.0	2598.0	0.0	2306.0	817.0	3410.0	0.0	705.0	343.0	601.0	254.0	0.0	0.0	0.0	17.0	0.0	0.0	107.0	126.0	0.0	16.0	0.0	0.0	0.0	0.0	0.0	0.0	0.0	13.0	0.0	0.0	0.0	0.0	0.0	0.0	0.0	0.0	0.0	0.0	0.0	0.0	0.0	0.0	0.0	0.0	0.0	0.0	0.0	0.0	0.0	0.0	0.0
SRR6765144	216.0	4575.0	1961.0	178.0	2607.0	501.0	1999.0	0.0	817.0	344.0	472.0	0.0	0.0	0.0	0.0	0.0	0.0	0.0	89.0	0.0	0.0	0.0	20.0	0.0	0.0	0.0	0.0	0.0	0.0	0.0	0.0	0.0	0.0	0.0	0.0	0.0	0.0	0.0	0.0	0.0	0.0	0.0	0.0	0.0	0.0	0.0	0.0	0.0	0.0	0.0	0.0	0.0	0.0
SRR6765149	241.0	5094.0	1285.0	24.0	1467.0	1189.0	2249.0	0.0	620.0	208.0	372.0	146.0	0.0	30.0	0.0	0.0	0.0	0.0	92.0	81.0	19.0	0.0	113.0	0.0	0.0	0.0	0.0	0.0	0.0	0.0	0.0	0.0	0.0	0.0	0.0	0.0	0.0	0.0	0.0	0.0	0.0	0.0	0.0	0.0	0.0	0.0	0.0	0.0	0.0	0.0	0.0	0.0	0.0
SRR6765150	197.0	4591.0	1434.0	303.0	1547.0	820.0	2496.0	0.0	684.0	384.0	514.0	82.0	0.0	42.0	0.0	0.0	0.0	0.0	47.0	124.0	16.0	23.0	45.0	0.0	0.0	0.0	0.0	0.0	0.0	0.0	0.0	0.0	0.0	0.0	0.0	0.0	0.0	0.0	0.0	0.0	0.0	0.0	0.0	0.0	0.0	0.0	0.0	0.0	0.0	0.0	0.0	0.0	0.0
SRR6765153	798.0	3542.0	1156.0	0.0	1739.0	240.0	2396.0	0.0	544.0	549.0	450.0	39.0	284.0	15.0	28.0	0.0	0.0	0.0	107.0	0.0	0.0	0.0	454.0	0.0	0.0	0.0	0.0	0.0	0.0	28.0	0.0	0.0	0.0	0.0	0.0	0.0	0.0	0.0	0.0	0.0	0.0	0.0	0.0	0.0	0.0	0.0	0.0	0.0	0.0	0.0	0.0	0.0	0.0
SRR6765154	628.0	3814.0	1039.0	0.0	1601.0	291.0	2672.0	0.0	380.0	223.0	517.0	0.0	344.0	0.0	7.0	0.0	0.0	0.0	32.0	0.0	0.0	0.0	232.0	0.0	0.0	0.0	0.0	0.0	0.0	4.0	0.0	0.0	0.0	0.0	0.0	0.0	0.0	0.0	0.0	0.0	0.0	0.0	0.0	0.0	0.0	0.0	0.0	0.0	0.0	0.0	0.0	0.0	0.0
SRR6765160	688.0	3317.0	1103.0	0.0	1860.0	334.0	1126.0	0.0	712.0	489.0	318.0	3.0	266.0	0.0	22.0	13.0	0.0	0.0	31.0	74.0	0.0	12.0	149.0	0.0	0.0	0.0	0.0	0.0	0.0	11.0	0.0	0.0	0.0	0.0	0.0	0.0	0.0	0.0	0.0	0.0	0.0	0.0	0.0	0.0	0.0	0.0	0.0	0.0	0.0	0.0	0.0	0.0	0.0
SRR6765161	1584.0	4480.0	1280.0	0.0	2231.0	182.0	3580.0	0.0	1115.0	337.0	980.0	19.0	397.0	18.0	17.0	12.0	0.0	0.0	0.0	69.0	0.0	26.0	624.0	0.0	0.0	0.0	0.0	0.0	0.0	0.0	0.0	0.0	0.0	0.0	0.0	0.0	0.0	0.0	0.0	0.0	0.0	0.0	0.0	0.0	0.0	0.0	0.0	0.0	0.0	0.0	0.0	0.0	0.0
SRR6765162	161.0	3605.0	1001.0	0.0	1879.0	557.0	1862.0	0.0	741.0	353.0	689.0	186.0	36.0	0.0	0.0	0.0	0.0	0.0	149.0	49.0	0.0	0.0	249.0	0.0	0.0	0.0	0.0	0.0	0.0	0.0	0.0	0.0	0.0	0.0	0.0	0.0	0.0	0.0	0.0	0.0	0.0	0.0	0.0	0.0	0.0	0.0	0.0	0.0	0.0	0.0	0.0	0.0	0.0
SRR6765184	137.0	4282.0	1447.0	0.0	1890.0	723.0	1068.0	0.0	438.0	351.0	386.0	0.0	0.0	6.0	38.0	16.0	0.0	0.0	128.0	155.0	0.0	0.0	11.0	0.0	0.0	0.0	0.0	0.0	0.0	0.0	0.0	0.0	0.0	0.0	0.0	0.0	0.0	0.0	0.0	0.0	0.0	0.0	0.0	0.0	0.0	0.0	0.0	0.0	0.0	0.0	0.0	0.0	0.0
SRR6765187	143.0	4672.0	1092.0	0.0	1230.0	557.0	2905.0	0.0	871.0	105.0	184.0	99.0	0.0	0.0	53.0	0.0	0.0	0.0	25.0	87.0	0.0	0.0	0.0	0.0	0.0	0.0	0.0	0.0	0.0	0.0	0.0	0.0	0.0	0.0	0.0	0.0	0.0	0.0	0.0	0.0	0.0	0.0	0.0	0.0	0.0	0.0	0.0	0.0	0.0	0.0	0.0	0.0	0.0
SRR6765190	245.0	4052.0	702.0	34.0	2019.0	1266.0	1946.0	0.0	262.0	337.0	348.0	125.0	0.0	0.0	0.0	12.0	0.0	0.0	30.0	105.0	0.0	29.0	0.0	0.0	0.0	0.0	0.0	0.0	0.0	0.0	0.0	0.0	0.0	0.0	0.0	0.0	0.0	0.0	0.0	0.0	0.0	0.0	0.0	0.0	0.0	0.0	0.0	0.0	0.0	0.0	0.0	0.0	0.0
SRR20680469	13932.0	67268.0	13758.0	623.0	28999.0	2319.0	36037.0	120.0	25925.0	11461.0	9561.0	1949.0	15032.0	58.0	1329.0	441.0	46.0	0.0	1057.0	1211.0	20.0	3991.0	748.0	766.0	137.0	55.0	1189.0	13.0	131.0	14.0	666.0	277.0	0.0	0.0	115.0	0.0	0.0	485.0	16.0	0.0	0.0	2.0	0.0	0.0	0.0	0.0	0.0	0.0	0.0	0.0	0.0	0.0	0.0
SRR20680471	5844.0	39941.0	5371.0	975.0	28237.0	673.0	21616.0	6.0	25055.0	10478.0	6229.0	368.0	17432.0	88.0	1767.0	309.0	86.0	0.0	613.0	456.0	0.0	11202.0	457.0	395.0	227.0	669.0	3365.0	2.0	87.0	23.0	314.0	45.0	0.0	0.0	0.0	0.0	0.0	443.0	27.0	0.0	0.0	0.0	0.0	0.0	0.0	0.0	0.0	0.0	0.0	0.0	0.0	0.0	4.0
SRR20680477	10784.0	60876.0	9558.0	785.0	26269.0	2506.0	38796.0	101.0	23630.0	12655.0	12981.0	1905.0	18091.0	46.0	977.0	933.0	89.0	0.0	955.0	974.0	36.0	4482.0	1110.0	1144.0	75.0	99.0	1187.0	6.0	115.0	12.0	607.0	236.0	0.0	0.0	127.0	0.0	0.0	542.0	15.0	0.0	0.0	0.0	0.0	0.0	0.0	0.0	0.0	0.0	0.0	0.0	0.0	0.0	0.0
SRR20680478	9143.0	54978.0	10392.0	581.0	23102.0	1943.0	28607.0	71.0	19604.0	11105.0	9675.0	1802.0	13690.0	65.0	991.0	571.0	40.0	0.0	740.0	874.0	38.0	18870.0	726.0	874.0	91.0	42.0	871.0	11.0	90.0	0.0	849.0	150.0	0.0	0.0	65.0	0.0	0.0	370.0	27.0	0.0	0.0	0.0	0.0	0.0	0.0	0.0	0.0	0.0	0.0	0.0	0.0	0.0	0.0
SRR20680480	9259.0	51047.0	8130.0	758.0	21641.0	1863.0	26537.0	92.0	16068.0	7673.0	8622.0	1348.0	9752.0	35.0	807.0	480.0	17.0	0.0	561.0	807.0	12.0	4313.0	470.0	578.0	167.0	16.0	944.0	0.0	101.0	7.0	804.0	174.0	0.0	0.0	90.0	0.0	0.0	314.0	3.0	0.0	0.0	0.0	0.0	0.0	0.0	0.0	0.0	0.0	0.0	0.0	0.0	0.0	0.0
SRR20680481	7546.0	44786.0	6049.0	507.0	17604.0	1886.0	28573.0	37.0	21428.0	8203.0	8397.0	1191.0	11752.0	23.0	827.0	464.0	39.0	0.0	578.0	678.0	20.0	4042.0	218.0	879.0	59.0	23.0	806.0	0.0	106.0	0.0	437.0	189.0	0.0	0.0	65.0	0.0	0.0	339.0	0.0	0.0	0.0	4.0	0.0	0.0	0.0	0.0	0.0	0.0	0.0	0.0	0.0	0.0	0.0
SRR20680482	6561.0	50367.0	9975.0	375.0	21770.0	2401.0	23949.0	104.0	23111.0	8301.0	6001.0	1760.0	12308.0	20.0	1222.0	424.0	10.0	0.0	662.0	754.0	0.0	9547.0	124.0	794.0	117.0	20.0	680.0	14.0	121.0	12.0	674.0	117.0	0.0	0.0	101.0	0.0	0.0	385.0	16.0	0.0	0.0	9.0	0.0	0.0	0.0	0.0	0.0	0.0	0.0	0.0	0.0	0.0	0.0
SRR20680484	3986.0	32297.0	5608.0	248.0	13788.0	1138.0	16178.0	67.0	16669.0	6083.0	4665.0	1001.0	7603.0	15.0	770.0	208.0	6.0	0.0	359.0	446.0	7.0	3097.0	54.0	568.0	45.0	29.0	516.0	4.0	27.0	7.0	376.0	58.0	0.0	0.0	67.0	0.0	0.0	264.0	17.0	0.0	0.0	0.0	0.0	0.0	0.0	0.0	0.0	0.0	0.0	0.0	0.0	0.0	0.0
SRR20680485	5359.0	36894.0	8267.0	283.0	11408.0	1456.0	19254.0	26.0	15991.0	6724.0	4753.0	817.0	7675.0	28.0	534.0	151.0	27.0	0.0	382.0	439.0	8.0	2819.0	199.0	490.0	24.0	39.0	601.0	14.0	66.0	3.0	419.0	107.0	0.0	0.0	115.0	0.0	0.0	319.0	0.0	0.0	0.0	0.0	0.0	0.0	0.0	0.0	0.0	0.0	0.0	0.0	0.0	0.0	0.0
SRR20680486	6199.0	44043.0	11908.0	202.0	15806.0	1607.0	17602.0	44.0	13824.0	7709.0	5446.0	1150.0	8942.0	22.0	696.0	322.0	10.0	0.0	548.0	568.0	6.0	7284.0	266.0	605.0	23.0	18.0	606.0	43.0	49.0	0.0	561.0	105.0	0.0	0.0	62.0	0.0	0.0	179.0	0.0	0.0	0.0	0.0	0.0	0.0	0.0	0.0	0.0	0.0	0.0	0.0	0.0	0.0	0.0
SRR20680487	5203.0	44604.0	7683.0	356.0	16123.0	1801.0	19070.0	54.0	15640.0	9523.0	6238.0	1235.0	8079.0	19.0	596.0	304.0	15.0	0.0	924.0	692.0	16.0	3350.0	88.0	671.0	120.0	49.0	504.0	0.0	61.0	0.0	651.0	104.0	0.0	0.0	54.0	0.0	0.0	284.0	0.0	0.0	0.0	0.0	0.0	0.0	0.0	0.0	0.0	0.0	0.0	0.0	0.0	0.0	0.0
SRR20680494	4214.0	30238.0	5718.0	192.0	15090.0	1261.0	15946.0	6.0	12670.0	4797.0	4379.0	1011.0	6797.0	20.0	411.0	256.0	0.0	0.0	340.0	647.0	7.0	2502.0	144.0	591.0	47.0	28.0	320.0	0.0	82.0	5.0	278.0	115.0	0.0	0.0	18.0	0.0	0.0	221.0	0.0	0.0	0.0	0.0	0.0	0.0	0.0	0.0	0.0	0.0	0.0	0.0	0.0	0.0	0.0
SRR20680496	4800.0	49548.0	20750.0	484.0	14898.0	1426.0	15186.0	72.0	23739.0	9347.0	7373.0	1172.0	8144.0	22.0	795.0	378.0	9.0	0.0	612.0	535.0	0.0	3319.0	205.0	440.0	57.0	34.0	448.0	14.0	63.0	5.0	3689.0	164.0	0.0	0.0	76.0	0.0	0.0	189.0	5.0	0.0	0.0	0.0	0.0	0.0	0.0	0.0	0.0	0.0	0.0	0.0	0.0	0.0	0.0
SRR20680497	8773.0	60508.0	14466.0	362.0	23375.0	1992.0	22301.0	56.0	20852.0	11077.0	7804.0	1949.0	13225.0	12.0	899.0	366.0	33.0	0.0	979.0	775.0	10.0	6512.0	141.0	935.0	82.0	97.0	816.0	21.0	87.0	0.0	895.0	100.0	0.0	0.0	69.0	0.0	0.0	372.0	9.0	0.0	0.0	0.0	0.0	0.0	0.0	0.0	0.0	0.0	0.0	0.0	0.0	0.0	0.0
SRR20680530	3809.0	30888.0	5011.0	1134.0	21385.0	757.0	12221.0	0.0	25626.0	7229.0	3440.0	352.0	10566.0	155.0	1395.0	393.0	56.0	0.0	635.0	685.0	23.0	10801.0	226.0	649.0	135.0	477.0	2526.0	0.0	114.0	14.0	606.0	40.0	0.0	0.0	10.0	0.0	0.0	308.0	0.0	0.0	0.0	0.0	0.0	0.0	0.0	0.0	0.0	0.0	0.0	0.0	0.0	0.0	0.0
SRR20680531	1604.0	16121.0	1107.0	1173.0	10899.0	631.0	13616.0	9.0	15931.0	2467.0	1874.0	89.0	9597.0	0.0	755.0	127.0	52.0	0.0	172.0	181.0	0.0	10977.0	4.0	72.0	120.0	431.0	1443.0	4.0	33.0	5.0	35.0	5.0	0.0	0.0	0.0	0.0	0.0	178.0	2.0	0.0	0.0	0.0	0.0	0.0	0.0	0.0	0.0	0.0	0.0	0.0	0.0	0.0	0.0
SRR20680532	2939.0	22983.0	3035.0	633.0	15894.0	429.0	9573.0	17.0	14399.0	4873.0	3110.0	325.0	7782.0	13.0	908.0	192.0	70.0	0.0	379.0	286.0	7.0	13311.0	132.0	221.0	199.0	226.0	1176.0	65.0	38.0	0.0	198.0	72.0	0.0	0.0	2.0	0.0	0.0	164.0	0.0	0.0	0.0	0.0	0.0	0.0	0.0	0.0	0.0	0.0	0.0	0.0	0.0	0.0	0.0
SRR20680533	5900.0	37390.0	4558.0	3242.0	25299.0	980.0	16444.0	57.0	18580.0	10544.0	4995.0	622.0	10978.0	56.0	1763.0	415.0	89.0	0.0	975.0	469.0	25.0	5326.0	404.0	603.0	288.0	489.0	1888.0	0.0	93.0	4.0	321.0	84.0	0.0	0.0	7.0	0.0	0.0	294.0	24.0	0.0	0.0	0.0	0.0	0.0	0.0	0.0	0.0	0.0	0.0	0.0	0.0	0.0	0.0
SRR20680534	8448.0	51625.0	8642.0	3145.0	35146.0	864.0	19414.0	272.0	32117.0	12737.0	6890.0	1249.0	17647.0	137.0	2731.0	823.0	188.0	0.0	1568.0	1250.0	23.0	8600.0	857.0	986.0	405.0	718.0	2828.0	56.0	193.0	10.0	309.0	97.0	0.0	0.0	29.0	0.0	0.0	848.0	13.0	10.0	0.0	0.0	0.0	0.0	0.0	0.0	0.0	0.0	0.0	0.0	0.0	0.0	0.0
SRR20680545	6576.0	50616.0	8247.0	1126.0	28457.0	943.0	22145.0	61.0	29992.0	10140.0	8226.0	600.0	14165.0	105.0	2282.0	307.0	48.0	0.0	787.0	434.0	0.0	13502.0	292.0	387.0	252.0	555.0	2495.0	3.0	106.0	10.0	111.0	102.0	0.0	0.0	7.0	0.0	0.0	453.0	36.0	0.0	0.0	0.0	0.0	0.0	0.0	0.0	0.0	0.0	0.0	0.0	0.0	0.0	0.0
SRR20680546	5786.0	42835.0	9784.0	705.0	22161.0	584.0	9296.0	85.0	19638.0	7413.0	6074.0	702.0	10682.0	211.0	2178.0	273.0	28.0	0.0	858.0	260.0	14.0	76275.0	290.0	612.0	225.0	295.0	783.0	21.0	45.0	0.0	315.0	156.0	0.0	0.0	0.0	0.0	0.0	325.0	5.0	0.0	0.0	6.0	0.0	0.0	0.0	0.0	0.0	0.0	0.0	0.0	0.0	0.0	0.0
SRR20680548	4798.0	37822.0	4299.0	1306.0	22845.0	742.0	18675.0	168.0	27779.0	6946.0	6313.0	472.0	11067.0	71.0	1602.0	267.0	140.0	0.0	519.0	487.0	6.0	26958.0	256.0	331.0	394.0	408.0	2446.0	9.0	117.0	0.0	98.0	0.0	0.0	0.0	0.0	0.0	0.0	393.0	16.0	0.0	0.0	0.0	0.0	0.0	0.0	0.0	0.0	0.0	0.0	0.0	0.0	0.0	0.0
SRR20680549	2571.0	24899.0	3655.0	1626.0	15153.0	522.0	10945.0	44.0	21407.0	5518.0	8904.0	532.0	9400.0	206.0	1358.0	250.0	87.0	0.0	419.0	321.0	222.0	46743.0	164.0	348.0	79.0	358.0	922.0	26.0	82.0	11.0	232.0	17.0	0.0	0.0	4.0	0.0	0.0	263.0	31.0	0.0	0.0	0.0	0.0	0.0	0.0	0.0	0.0	0.0	0.0	0.0	0.0	0.0	0.0
SRR20680551	5427.0	39726.0	5280.0	1192.0	25210.0	504.0	20020.0	70.0	28173.0	8300.0	5343.0	518.0	14952.0	62.0	2147.0	533.0	123.0	0.0	951.0	532.0	0.0	8905.0	338.0	460.0	349.0	569.0	2882.0	26.0	87.0	10.0	234.0	68.0	0.0	0.0	17.0	0.0	0.0	407.0	22.0	0.0	0.0	0.0	0.0	0.0	0.0	0.0	0.0	0.0	0.0	0.0	0.0	0.0	0.0
SRR20680556	8932.0	50701.0	5636.0	509.0	16950.0	1998.0	31551.0	64.0	16797.0	7587.0	7080.0	1281.0	9448.0	39.0	692.0	323.0	26.0	0.0	488.0	996.0	23.0	7054.0	280.0	321.0	128.0	32.0	715.0	78.0	52.0	18.0	397.0	168.0	0.0	0.0	77.0	0.0	0.0	481.0	0.0	0.0	0.0	0.0	0.0	0.0	0.0	0.0	0.0	0.0	0.0	0.0	0.0	0.0	0.0
SRR20680557	9657.0	65251.0	9943.0	477.0	27689.0	1764.0	28120.0	129.0	21127.0	10604.0	8381.0	1699.0	12314.0	115.0	971.0	640.0	39.0	0.0	652.0	796.0	50.0	4877.0	756.0	783.0	87.0	26.0	1192.0	34.0	123.0	0.0	540.0	259.0	0.0	0.0	146.0	0.0	0.0	459.0	29.0	0.0	0.0	0.0	0.0	0.0	0.0	0.0	0.0	0.0	0.0	0.0	0.0	0.0	0.0
SRR20680558	6743.0	43857.0	7558.0	467.0	18581.0	1473.0	22318.0	95.0	20881.0	6135.0	7626.0	1219.0	8646.0	33.0	866.0	280.0	18.0	0.0	596.0	647.0	33.0	2876.0	280.0	581.0	111.0	7.0	730.0	4.0	108.0	0.0	570.0	152.0	0.0	0.0	85.0	0.0	0.0	316.0	15.0	0.0	0.0	2.0	0.0	0.0	0.0	0.0	0.0	0.0	0.0	0.0	0.0	0.0	0.0
SRR20680560	13279.0	63063.0	15726.0	531.0	31076.0	3017.0	28959.0	96.0	23873.0	13091.0	8117.0	2150.0	14652.0	37.0	1171.0	642.0	20.0	0.0	945.0	1008.0	22.0	6269.0	1095.0	793.0	124.0	36.0	1123.0	11.0	185.0	13.0	867.0	134.0	0.0	0.0	129.0	0.0	0.0	374.0	20.0	0.0	0.0	0.0	0.0	0.0	4.0	0.0	0.0	0.0	0.0	0.0	0.0	0.0	0.0
SRR20680561	4193.0	31095.0	4374.0	309.0	11419.0	1162.0	18937.0	70.0	18861.0	5817.0	3995.0	685.0	7694.0	8.0	554.0	235.0	35.0	0.0	447.0	559.0	0.0	2500.0	39.0	461.0	69.0	24.0	690.0	15.0	58.0	4.0	439.0	118.0	0.0	0.0	86.0	0.0	0.0	255.0	6.0	0.0	0.0	2.0	0.0	0.0	0.0	0.0	0.0	0.0	0.0	0.0	0.0	0.0	0.0
SRR20680568	4778.0	34567.0	6485.0	279.0	16710.0	1590.0	17046.0	92.0	19369.0	6491.0	4733.0	1373.0	8844.0	4.0	629.0	367.0	0.0	0.0	548.0	620.0	3.0	4545.0	27.0	611.0	90.0	42.0	440.0	6.0	106.0	0.0	342.0	101.0	0.0	0.0	53.0	0.0	0.0	265.0	9.0	0.0	0.0	0.0	0.0	0.0	0.0	0.0	0.0	0.0	0.0	0.0	0.0	0.0	0.0
SRR20680569	3208.0	23768.0	2480.0	346.0	10311.0	1042.0	17363.0	55.0	11226.0	4696.0	2929.0	480.0	6374.0	9.0	507.0	133.0	10.0	0.0	853.0	478.0	4.0	5092.0	34.0	291.0	44.0	34.0	345.0	18.0	75.0	7.0	161.0	107.0	0.0	0.0	94.0	0.0	0.0	311.0	3.0	0.0	0.0	0.0	0.0	0.0	0.0	0.0	0.0	0.0	0.0	0.0	0.0	0.0	0.0
SRR20680572	6106.0	37870.0	7088.0	5250.0	23722.0	3116.0	14593.0	20.0	18029.0	9908.0	3869.0	958.0	15503.0	149.0	1522.0	550.0	101.0	0.0	1221.0	700.0	5.0	5465.0	1256.0	1649.0	431.0	507.0	1699.0	0.0	30.0	10.0	356.0	58.0	0.0	0.0	0.0	0.0	0.0	423.0	0.0	0.0	0.0	0.0	0.0	0.0	0.0	0.0	0.0	0.0	0.0	0.0	0.0	0.0	0.0
SRR20680584	4821.0	34557.0	4353.0	805.0	18242.0	562.0	19345.0	6.0	27366.0	6887.0	3720.0	443.0	16816.0	30.0	1237.0	473.0	115.0	0.0	902.0	320.0	6.0	6891.0	110.0	297.0	407.0	1000.0	2487.0	0.0	115.0	0.0	323.0	33.0	0.0	0.0	9.0	0.0	0.0	356.0	27.0	0.0	0.0	0.0	0.0	0.0	0.0	0.0	0.0	0.0	0.0	0.0	0.0	0.0	0.0
SRR20680592	7306.0	52090.0	5232.0	1209.0	23767.0	1217.0	24432.0	100.0	35580.0	8126.0	4881.0	531.0	18008.0	47.0	1662.0	597.0	129.0	0.0	688.0	629.0	0.0	9955.0	240.0	734.0	549.0	962.0	3057.0	0.0	193.0	5.0	338.0	13.0	0.0	0.0	15.0	0.0	0.0	527.0	13.0	0.0	0.0	0.0	0.0	0.0	0.0	0.0	0.0	0.0	0.0	0.0	0.0	0.0	0.0
SRR20680593	3483.0	22215.0	2078.0	601.0	12201.0	513.0	13799.0	16.0	14744.0	3303.0	3059.0	259.0	8662.0	38.0	775.0	190.0	57.0	0.0	223.0	286.0	2.0	28327.0	14.0	236.0	138.0	504.0	1445.0	0.0	46.0	5.0	164.0	10.0	0.0	0.0	7.0	0.0	0.0	268.0	0.0	0.0	0.0	0.0	0.0	0.0	0.0	0.0	0.0	0.0	0.0	0.0	0.0	0.0	0.0
SRR20680594	5314.0	41914.0	6290.0	1367.0	22080.0	787.0	15638.0	53.0	33425.0	6954.0	4405.0	394.0	11312.0	87.0	1647.0	264.0	114.0	0.0	1047.0	615.0	3.0	30586.0	341.0	724.0	421.0	493.0	1939.0	0.0	182.0	0.0	177.0	0.0	0.0	0.0	14.0	0.0	0.0	237.0	0.0	0.0	0.0	0.0	0.0	0.0	0.0	0.0	0.0	0.0	0.0	0.0	0.0	0.0	0.0
SRR20680595	4393.0	40140.0	4910.0	1349.0	22743.0	703.0	21226.0	28.0	30795.0	6041.0	4319.0	210.0	10475.0	19.0	1862.0	303.0	104.0	0.0	516.0	258.0	0.0	40774.0	102.0	291.0	275.0	598.0	1835.0	19.0	124.0	0.0	40.0	21.0	0.0	0.0	6.0	0.0	0.0	189.0	11.0	0.0	0.0	0.0	0.0	0.0	0.0	0.0	0.0	0.0	0.0	0.0	0.0	0.0	0.0
SRR20680596	2088.0	22142.0	4330.0	333.0	12826.0	508.0	6194.0	50.0	20685.0	3499.0	4677.0	214.0	5456.0	15.0	1567.0	155.0	28.0	0.0	368.0	136.0	0.0	63991.0	9.0	102.0	52.0	232.0	537.0	0.0	45.0	6.0	98.0	28.0	0.0	0.0	8.0	0.0	0.0	66.0	0.0	0.0	0.0	0.0	0.0	0.0	0.0	0.0	0.0	0.0	0.0	0.0	0.0	0.0	0.0
SRR20680602	6499.0	43088.0	3637.0	1245.0	26823.0	860.0	23649.0	28.0	21322.0	8750.0	5206.0	546.0	11896.0	51.0	1483.0	376.0	65.0	0.0	731.0	308.0	8.0	5523.0	396.0	294.0	367.0	723.0	1786.0	0.0	163.0	2.0	344.0	24.0	0.0	0.0	0.0	0.0	0.0	367.0	29.0	0.0	0.0	0.0	0.0	0.0	0.0	0.0	0.0	0.0	0.0	0.0	0.0	0.0	0.0
SRR20680603	6373.0	50404.0	4973.0	1179.0	26347.0	1549.0	30292.0	21.0	23370.0	9922.0	7044.0	551.0	13840.0	25.0	1583.0	349.0	121.0	0.0	1212.0	409.0	9.0	18530.0	549.0	758.0	209.0	813.0	1824.0	10.0	131.0	16.0	197.0	22.0	0.0	0.0	9.0	0.0	0.0	275.0	2.0	0.0	0.0	0.0	0.0	0.0	0.0	0.0	0.0	0.0	0.0	0.0	0.0	0.0	0.0
SRR20680605	9460.0	69525.0	7541.0	9395.0	43622.0	7848.0	23676.0	79.0	28106.0	17845.0	7996.0	1104.0	16875.0	71.0	2064.0	696.0	101.0	0.0	1118.0	802.0	7.0	13759.0	1008.0	818.0	324.0	736.0	1614.0	38.0	97.0	0.0	541.0	182.0	0.0	0.0	8.0	0.0	0.0	404.0	26.0	9.0	0.0	0.0	0.0	0.0	0.0	0.0	0.0	0.0	0.0	0.0	0.0	0.0	0.0
SRR20680606	7064.0	48218.0	7831.0	1469.0	33736.0	1071.0	26066.0	98.0	23407.0	12339.0	10569.0	380.0	16197.0	170.0	2387.0	389.0	80.0	0.0	520.0	546.0	12.0	39403.0	839.0	580.0	226.0	600.0	2028.0	6.0	123.0	0.0	146.0	126.0	0.0	0.0	0.0	0.0	0.0	383.0	47.0	0.0	0.0	0.0	0.0	0.0	0.0	0.0	0.0	0.0	0.0	0.0	0.0	0.0	0.0
SRR20680616	9173.0	53343.0	7753.0	528.0	16910.0	1688.0	30096.0	78.0	19164.0	7789.0	7755.0	1160.0	10361.0	65.0	733.0	570.0	21.0	0.0	707.0	718.0	18.0	3429.0	335.0	573.0	104.0	15.0	724.0	0.0	91.0	16.0	745.0	187.0	0.0	0.0	102.0	0.0	0.0	363.0	14.0	0.0	0.0	3.0	0.0	0.0	0.0	0.0	0.0	0.0	0.0	0.0	0.0	0.0	0.0
SRR20680617	11170.0	59223.0	8782.0	1746.0	22127.0	2016.0	34532.0	86.0	18848.0	8037.0	8461.0	1256.0	11747.0	21.0	875.0	551.0	44.0	0.0	627.0	957.0	23.0	2372.0	370.0	656.0	103.0	57.0	1225.0	6.0	93.0	9.0	563.0	200.0	0.0	0.0	146.0	0.0	0.0	402.0	22.0	0.0	0.0	0.0	0.0	0.0	0.0	0.0	0.0	0.0	0.0	0.0	0.0	0.0	0.0
SRR20680619	12099.0	50132.0	10607.0	544.0	24003.0	1985.0	25583.0	75.0	17895.0	9366.0	8534.0	1776.0	13756.0	48.0	784.0	681.0	9.0	0.0	792.0	758.0	18.0	2449.0	713.0	933.0	32.0	70.0	931.0	7.0	141.0	15.0	489.0	164.0	0.0	0.0	106.0	0.0	0.0	474.0	25.0	0.0	0.0	0.0	0.0	0.0	0.0	0.0	0.0	0.0	0.0	0.0	0.0	0.0	0.0
SRR20680622	9256.0	42380.0	8057.0	339.0	17580.0	1265.0	23963.0	67.0	14410.0	8017.0	6928.0	989.0	12601.0	29.0	596.0	474.0	24.0	0.0	753.0	601.0	31.0	1796.0	482.0	592.0	118.0	39.0	904.0	5.0	72.0	0.0	619.0	161.0	0.0	0.0	129.0	0.0	0.0	476.0	20.0	0.0	0.0	7.0	0.0	0.0	0.0	0.0	0.0	0.0	0.0	0.0	0.0	0.0	0.0
SRR20680624	5734.0	43331.0	5827.0	1273.0	29632.0	844.0	16644.0	18.0	38940.0	8438.0	4768.0	397.0	10842.0	52.0	1981.0	238.0	68.0	0.0	409.0	585.0	0.0	18483.0	308.0	310.0	221.0	382.0	1949.0	6.0	173.0	14.0	403.0	39.0	0.0	0.0	0.0	0.0	0.0	254.0	20.0	0.0	0.0	0.0	0.0	0.0	0.0	0.0	0.0	0.0	0.0	0.0	0.0	0.0	0.0
SRR20680626	2732.0	28738.0	3663.0	10166.0	17643.0	15277.0	13864.0	65.0	14167.0	6383.0	2546.0	183.0	7274.0	65.0	1147.0	146.0	31.0	0.0	451.0	691.0	0.0	9388.0	397.0	205.0	129.0	376.0	1126.0	23.0	109.0	8.0	252.0	124.0	0.0	0.0	12.0	0.0	0.0	253.0	2.0	11.0	0.0	0.0	0.0	9.0	0.0	0.0	0.0	0.0	0.0	0.0	0.0	0.0	0.0
SRR20680627	4815.0	35623.0	5057.0	601.0	16541.0	466.0	18033.0	81.0	28266.0	5034.0	4211.0	469.0	10563.0	158.0	1971.0	329.0	57.0	0.0	604.0	364.0	0.0	29451.0	221.0	573.0	343.0	424.0	1435.0	93.0	56.0	0.0	17.0	42.0	0.0	0.0	11.0	0.0	0.0	236.0	0.0	0.0	0.0	0.0	0.0	0.0	0.0	0.0	0.0	0.0	0.0	0.0	0.0	0.0	0.0
SRR20680628	3776.0	35405.0	4233.0	1155.0	25981.0	599.0	14515.0	24.0	31512.0	6498.0	3814.0	561.0	10402.0	75.0	2135.0	239.0	73.0	0.0	496.0	469.0	4.0	8060.0	145.0	236.0	315.0	753.0	2202.0	0.0	118.0	9.0	281.0	27.0	0.0	0.0	4.0	0.0	0.0	238.0	5.0	0.0	0.0	2.0	0.0	0.0	0.0	0.0	0.0	0.0	0.0	0.0	0.0	0.0	0.0
SRR20680629	7805.0	51882.0	6046.0	13148.0	36567.0	7565.0	20149.0	23.0	23082.0	13179.0	5949.0	1027.0	17519.0	90.0	2540.0	842.0	100.0	0.0	906.0	813.0	20.0	4502.0	876.0	792.0	293.0	591.0	1640.0	0.0	118.0	39.0	177.0	62.0	0.0	0.0	0.0	0.0	0.0	748.0	16.0	7.0	0.0	0.0	0.0	8.0	0.0	0.0	0.0	0.0	0.0	0.0	0.0	0.0	0.0
SRR20680630	3667.0	30886.0	3039.0	1313.0	22598.0	559.0	18212.0	32.0	23938.0	5747.0	4059.0	475.0	10472.0	11.0	1751.0	296.0	238.0	0.0	491.0	393.0	3.0	16925.0	185.0	224.0	215.0	602.0	2128.0	0.0	159.0	5.0	103.0	41.0	0.0	0.0	3.0	0.0	0.0	329.0	11.0	0.0	0.0	0.0	0.0	0.0	0.0	0.0	0.0	0.0	0.0	0.0	0.0	0.0	0.0
SRR20680631	4907.0	43190.0	5892.0	1330.0	32083.0	755.0	17553.0	35.0	32757.0	10640.0	4394.0	589.0	14987.0	27.0	2427.0	346.0	82.0	0.0	713.0	391.0	0.0	10507.0	275.0	373.0	371.0	764.0	3102.0	4.0	135.0	7.0	335.0	18.0	0.0	0.0	7.0	0.0	0.0	478.0	20.0	0.0	0.0	0.0	0.0	0.0	0.0	0.0	0.0	0.0	0.0	0.0	0.0	0.0	0.0
SRR20680632	5985.0	47728.0	6743.0	979.0	23968.0	677.0	18495.0	43.0	29868.0	7517.0	5394.0	328.0	12951.0	40.0	1944.0	386.0	124.0	0.0	644.0	359.0	0.0	18045.0	180.0	260.0	261.0	877.0	2244.0	0.0	146.0	0.0	89.0	8.0	0.0	0.0	27.0	0.0	0.0	300.0	0.0	0.0	0.0	0.0	0.0	0.0	0.0	0.0	0.0	0.0	0.0	0.0	0.0	0.0	0.0
SRR20680639	7341.0	58867.0	7308.0	6889.0	34327.0	8261.0	18120.0	110.0	25881.0	13606.0	7257.0	978.0	19194.0	270.0	1974.0	522.0	84.0	0.0	915.0	801.0	4.0	16252.0	844.0	610.0	522.0	827.0	2373.0	70.0	107.0	12.0	210.0	70.0	0.0	0.0	50.0	0.0	0.0	529.0	16.0	24.0	0.0	0.0	0.0	28.0	0.0	0.0	0.0	0.0	0.0	0.0	0.0	0.0	0.0
SRR20680640	11784.0	63669.0	12585.0	509.0	25598.0	1923.0	31493.0	110.0	22615.0	11239.0	10974.0	1829.0	13256.0	33.0	896.0	554.0	58.0	0.0	2738.0	851.0	8.0	3765.0	750.0	852.0	85.0	57.0	1024.0	4.0	130.0	34.0	1403.0	180.0	0.0	0.0	131.0	0.0	0.0	314.0	29.0	0.0	0.0	0.0	0.0	0.0	0.0	0.0	0.0	0.0	0.0	0.0	0.0	0.0	0.0
SRR20680642	6482.0	45217.0	8236.0	946.0	22981.0	940.0	19806.0	148.0	25434.0	7429.0	5228.0	452.0	12900.0	48.0	1431.0	228.0	57.0	0.0	764.0	405.0	2.0	36146.0	152.0	481.0	124.0	861.0	1966.0	41.0	119.0	17.0	336.0	27.0	0.0	0.0	20.0	0.0	0.0	251.0	0.0	0.0	0.0	0.0	0.0	0.0	0.0	0.0	0.0	0.0	0.0	0.0	0.0	0.0	0.0
SRR20680650	9207.0	50367.0	10032.0	475.0	18666.0	1416.0	20836.0	92.0	16919.0	8685.0	7274.0	1332.0	9678.0	30.0	722.0	342.0	20.0	0.0	907.0	640.0	28.0	5370.0	426.0	557.0	66.0	5.0	709.0	12.0	55.0	12.0	725.0	117.0	0.0	0.0	108.0	0.0	0.0	260.0	17.0	0.0	0.0	4.0	0.0	0.0	0.0	0.0	0.0	0.0	0.0	0.0	0.0	0.0	0.0
SRR20680651	11860.0	59880.0	10455.0	660.0	22847.0	1553.0	31082.0	65.0	18347.0	10707.0	8310.0	1465.0	11171.0	44.0	1086.0	383.0	7.0	0.0	854.0	903.0	0.0	3931.0	408.0	737.0	54.0	50.0	1066.0	22.0	103.0	0.0	866.0	144.0	0.0	0.0	115.0	0.0	0.0	461.0	22.0	0.0	0.0	0.0	0.0	0.0	0.0	0.0	0.0	0.0	0.0	0.0	0.0	0.0	0.0
SRR20680653	9438.0	49036.0	8555.0	528.0	18495.0	1303.0	25650.0	42.0	17319.0	6949.0	7485.0	936.0	8962.0	25.0	747.0	359.0	47.0	0.0	743.0	757.0	16.0	2239.0	336.0	435.0	84.0	59.0	976.0	5.0	96.0	6.0	620.0	146.0	0.0	0.0	94.0	0.0	0.0	334.0	9.0	0.0	0.0	5.0	0.0	0.0	0.0	0.0	0.0	0.0	0.0	0.0	0.0	0.0	0.0
SRR20680654	9651.0	50232.0	9309.0	517.0	19950.0	1477.0	27257.0	33.0	19430.0	8012.0	7623.0	992.0	9945.0	54.0	645.0	429.0	21.0	0.0	744.0	863.0	12.0	1888.0	292.0	576.0	85.0	30.0	859.0	0.0	64.0	6.0	830.0	163.0	0.0	0.0	117.0	0.0	0.0	309.0	0.0	0.0	0.0	3.0	0.0	0.0	0.0	0.0	0.0	0.0	0.0	0.0	0.0	0.0	0.0
SRR20680656	9615.0	50256.0	8997.0	562.0	19961.0	1810.0	28553.0	59.0	17335.0	7187.0	8378.0	1256.0	9783.0	4.0	707.0	336.0	33.0	0.0	528.0	838.0	13.0	2377.0	288.0	567.0	76.0	44.0	989.0	3.0	75.0	14.0	446.0	128.0	0.0	0.0	96.0	0.0	0.0	284.0	16.0	0.0	0.0	0.0	0.0	0.0	0.0	0.0	0.0	0.0	0.0	0.0	0.0	0.0	0.0
SRR20680658	4690.0	37419.0	4467.0	846.0	19494.0	948.0	19894.0	62.0	25596.0	7090.0	5406.0	378.0	12614.0	94.0	1985.0	473.0	123.0	3.0	597.0	383.0	0.0	47402.0	260.0	521.0	253.0	546.0	1801.0	51.0	120.0	17.0	372.0	41.0	0.0	0.0	3.0	0.0	0.0	255.0	18.0	0.0	0.0	0.0	0.0	0.0	0.0	0.0	0.0	0.0	0.0	0.0	0.0	0.0	0.0
SRR20680659	5673.0	32009.0	5000.0	758.0	16986.0	525.0	15927.0	0.0	25557.0	5641.0	3477.0	565.0	11539.0	47.0	1040.0	699.0	91.0	0.0	798.0	390.0	5.0	13230.0	316.0	852.0	523.0	330.0	1806.0	0.0	69.0	0.0	239.0	23.0	0.0	0.0	0.0	0.0	0.0	263.0	0.0	0.0	0.0	0.0	0.0	0.0	0.0	0.0	0.0	0.0	0.0	0.0	0.0	0.0	0.0
SRR20680663	10279.0	56349.0	7842.0	707.0	21918.0	2313.0	35860.0	76.0	21655.0	10368.0	10622.0	1464.0	15067.0	21.0	856.0	559.0	74.0	0.0	836.0	1103.0	25.0	2606.0	376.0	777.0	48.0	40.0	1492.0	12.0	114.0	0.0	446.0	197.0	0.0	0.0	141.0	0.0	0.0	470.0	14.0	0.0	0.0	0.0	0.0	0.0	0.0	0.0	0.0	0.0	0.0	0.0	0.0	0.0	0.0
SRR20680664	7211.0	51432.0	8763.0	1165.0	31365.0	1007.0	27491.0	180.0	29047.0	11610.0	10113.0	818.0	18793.0	38.0	2596.0	503.0	117.0	0.0	1012.0	596.0	27.0	54710.0	687.0	745.0	314.0	750.0	2323.0	22.0	77.0	5.0	303.0	123.0	0.0	0.0	10.0	0.0	0.0	404.0	44.0	0.0	0.0	0.0	0.0	0.0	0.0	0.0	0.0	0.0	0.0	0.0	0.0	0.0	0.0
SRR20680670	11895.0	53417.0	9774.0	437.0	20571.0	1643.0	28014.0	31.0	16387.0	9952.0	8402.0	1313.0	10298.0	45.0	731.0	347.0	40.0	0.0	705.0	753.0	30.0	2873.0	533.0	629.0	68.0	30.0	1068.0	33.0	78.0	0.0	761.0	206.0	0.0	0.0	114.0	0.0	0.0	365.0	8.0	0.0	0.0	7.0	0.0	0.0	0.0	0.0	0.0	0.0	0.0	0.0	0.0	0.0	0.0
SRR20680672	7005.0	51487.0	8657.0	358.0	15547.0	1290.0	22483.0	68.0	21127.0	8992.0	7056.0	1040.0	7734.0	31.0	783.0	292.0	21.0	0.0	801.0	595.0	5.0	1444.0	354.0	691.0	97.0	18.0	659.0	16.0	82.0	9.0	1432.0	202.0	0.0	0.0	141.0	0.0	0.0	218.0	0.0	0.0	0.0	0.0	0.0	0.0	0.0	0.0	0.0	0.0	0.0	0.0	0.0	0.0	0.0
SRR20680673	8992.0	49580.0	6116.0	498.0	17786.0	1692.0	32439.0	57.0	16637.0	9502.0	9421.0	1072.0	11378.0	34.0	670.0	542.0	42.0	0.0	484.0	774.0	33.0	1869.0	427.0	631.0	88.0	24.0	899.0	0.0	99.0	4.0	447.0	260.0	0.0	0.0	102.0	0.0	0.0	387.0	10.0	0.0	0.0	0.0	0.0	0.0	0.0	0.0	0.0	0.0	0.0	0.0	0.0	0.0	0.0
SRR20680674	6431.0	42521.0	4779.0	366.0	14740.0	1330.0	28502.0	21.0	17986.0	7418.0	7494.0	887.0	9790.0	39.0	654.0	351.0	38.0	0.0	1336.0	692.0	21.0	1883.0	221.0	770.0	117.0	22.0	926.0	5.0	70.0	0.0	439.0	166.0	0.0	0.0	71.0	0.0	0.0	314.0	20.0	0.0	0.0	0.0	0.0	0.0	0.0	0.0	0.0	0.0	0.0	0.0	0.0	0.0	0.0
SRR20680675	10146.0	66298.0	10567.0	361.0	21029.0	1672.0	26806.0	12.0	21468.0	11654.0	9792.0	1487.0	13268.0	34.0	865.0	436.0	56.0	0.0	1136.0	930.0	19.0	4707.0	669.0	728.0	67.0	22.0	1113.0	8.0	47.0	9.0	424.0	254.0	0.0	0.0	86.0	0.0	0.0	371.0	24.0	0.0	0.0	0.0	0.0	0.0	0.0	0.0	0.0	0.0	0.0	0.0	0.0	0.0	0.0
SRR20680676	11028.0	58851.0	12453.0	8611.0	37548.0	3459.0	22390.0	118.0	25817.0	14389.0	9145.0	904.0	21839.0	112.0	2900.0	702.0	114.0	0.0	1185.0	1191.0	12.0	14670.0	2256.0	1398.0	572.0	702.0	2972.0	15.0	147.0	0.0	611.0	271.0	0.0	0.0	57.0	0.0	0.0	655.0	85.0	0.0	0.0	0.0	0.0	0.0	0.0	0.0	0.0	0.0	0.0	0.0	0.0	0.0	0.0
SRR20680702	2021.0	32855.0	9129.0	2088.0	17699.0	767.0	5286.0	0.0	10311.0	7840.0	2260.0	715.0	5547.0	208.0	1071.0	385.0	14.0	0.0	1006.0	462.0	40.0	6305.0	963.0	1568.0	390.0	205.0	510.0	0.0	118.0	0.0	633.0	96.0	0.0	0.0	0.0	0.0	0.0	120.0	0.0	0.0	0.0	0.0	0.0	0.0	0.0	0.0	0.0	0.0	0.0	0.0	0.0	0.0	0.0
SRR20680710	5287.0	45045.0	7842.0	1169.0	27106.0	756.0	17100.0	70.0	34419.0	8028.0	4692.0	515.0	15288.0	62.0	1934.0	563.0	268.0	0.0	1655.0	547.0	0.0	14847.0	249.0	451.0	361.0	740.0	2304.0	4.0	125.0	0.0	343.0	11.0	0.0	0.0	0.0	0.0	0.0	238.0	0.0	0.0	0.0	0.0	0.0	0.0	0.0	0.0	0.0	0.0	0.0	0.0	0.0	0.0	0.0
SRR20680712	5283.0	31365.0	3485.0	1284.0	17397.0	820.0	17941.0	16.0	26192.0	5805.0	3146.0	262.0	14209.0	66.0	1917.0	377.0	91.0	0.0	775.0	477.0	0.0	5463.0	195.0	466.0	385.0	573.0	2333.0	0.0	132.0	0.0	250.0	34.0	0.0	0.0	10.0	0.0	0.0	581.0	0.0	0.0	0.0	0.0	0.0	0.0	0.0	0.0	0.0	0.0	0.0	0.0	0.0	0.0	0.0
SRR20680724	3429.0	29408.0	4740.0	803.0	18437.0	475.0	10024.0	32.0	7756.0	7800.0	4767.0	431.0	6823.0	133.0	849.0	336.0	16.0	0.0	596.0	406.0	12.0	6882.0	492.0	413.0	58.0	66.0	915.0	0.0	31.0	0.0	336.0	138.0	0.0	0.0	0.0	0.0	0.0	161.0	41.0	0.0	0.0	0.0	0.0	0.0	0.0	0.0	0.0	0.0	0.0	0.0	0.0	0.0	0.0
SRR20680725	6218.0	40189.0	5834.0	1600.0	24394.0	664.0	18427.0	98.0	25625.0	9920.0	5930.0	525.0	16031.0	153.0	1695.0	440.0	118.0	0.0	632.0	623.0	0.0	9818.0	521.0	411.0	381.0	688.0	3333.0	0.0	103.0	9.0	446.0	124.0	0.0	0.0	39.0	0.0	0.0	605.0	35.0	0.0	0.0	0.0	0.0	0.0	0.0	0.0	0.0	0.0	0.0	0.0	0.0	0.0	0.0
SRR20680727	5965.0	40958.0	7558.0	1174.0	25667.0	661.0	17653.0	52.0	25301.0	10190.0	6003.0	423.0	15726.0	272.0	2166.0	462.0	133.0	0.0	947.0	473.0	4.0	16143.0	659.0	685.0	266.0	636.0	2540.0	14.0	197.0	6.0	382.0	51.0	0.0	0.0	31.0	0.0	0.0	349.0	27.0	0.0	0.0	0.0	0.0	0.0	0.0	0.0	0.0	0.0	0.0	0.0	0.0	0.0	0.0
SRR20680728	7768.0	50336.0	8240.0	1235.0	31996.0	1072.0	24066.0	58.0	31847.0	14071.0	8711.0	630.0	21847.0	140.0	2523.0	602.0	73.0	0.0	911.0	909.0	0.0	14949.0	860.0	769.0	256.0	721.0	3138.0	0.0	238.0	0.0	909.0	91.0	0.0	0.0	4.0	0.0	0.0	408.0	28.0	0.0	0.0	0.0	0.0	0.0	0.0	0.0	0.0	0.0	0.0	0.0	0.0	0.0	0.0
SRR20680730	7022.0	46469.0	5732.0	1413.0	30773.0	1155.0	27277.0	25.0	30925.0	10928.0	6867.0	497.0	17936.0	107.0	2793.0	537.0	162.0	0.0	517.0	780.0	2.0	15312.0	530.0	416.0	266.0	887.0	4541.0	0.0	134.0	0.0	558.0	106.0	0.0	0.0	5.0	0.0	0.0	554.0	8.0	0.0	0.0	0.0	0.0	0.0	0.0	0.0	0.0	0.0	0.0	0.0	0.0	0.0	0.0
SRR20680738	10899.0	58289.0	11640.0	541.0	23943.0	1928.0	28796.0	130.0	19896.0	10936.0	9596.0	1560.0	13174.0	63.0	1028.0	521.0	52.0	0.0	764.0	872.0	34.0	9424.0	832.0	731.0	51.0	56.0	1052.0	13.0	59.0	0.0	781.0	177.0	0.0	0.0	111.0	0.0	0.0	284.0	22.0	0.0	0.0	0.0	0.0	0.0	0.0	0.0	0.0	0.0	0.0	0.0	0.0	0.0	0.0
SRR20680739	10323.0	54633.0	13037.0	594.0	24474.0	1721.0	24949.0	143.0	18657.0	10232.0	8818.0	1332.0	12105.0	77.0	1008.0	421.0	27.0	0.0	903.0	678.0	10.0	12398.0	704.0	850.0	100.0	13.0	1166.0	0.0	73.0	7.0	545.0	187.0	0.0	3.0	93.0	0.0	0.0	422.0	29.0	0.0	0.0	0.0	0.0	0.0	0.0	0.0	0.0	0.0	0.0	0.0	0.0	0.0	0.0
SRR20680740	13940.0	72453.0	14119.0	646.0	31503.0	2481.0	36806.0	132.0	23569.0	13473.0	11669.0	2126.0	16864.0	68.0	1121.0	678.0	61.0	0.0	695.0	1097.0	43.0	4860.0	925.0	818.0	108.0	24.0	1660.0	14.0	180.0	14.0	720.0	260.0	0.0	0.0	135.0	0.0	0.0	464.0	53.0	0.0	0.0	0.0	0.0	0.0	0.0	0.0	0.0	0.0	0.0	0.0	0.0	0.0	0.0
SRR20680741	6889.0	42253.0	8164.0	396.0	19070.0	1278.0	22171.0	61.0	18397.0	7441.0	6223.0	1146.0	8196.0	14.0	780.0	347.0	6.0	0.0	459.0	622.0	14.0	3267.0	567.0	739.0	61.0	27.0	716.0	3.0	90.0	0.0	811.0	140.0	0.0	0.0	76.0	0.0	0.0	280.0	8.0	0.0	0.0	6.0	0.0	0.0	0.0	0.0	0.0	0.0	0.0	0.0	0.0	0.0	0.0
SRR20680742	12149.0	52380.0	11548.0	591.0	25986.0	2020.0	26375.0	110.0	18628.0	11258.0	8594.0	1475.0	14071.0	38.0	971.0	503.0	41.0	0.0	885.0	1163.0	14.0	4257.0	1030.0	770.0	82.0	23.0	1155.0	0.0	115.0	4.0	540.0	188.0	0.0	0.0	157.0	0.0	0.0	473.0	19.0	0.0	0.0	0.0	0.0	0.0	0.0	0.0	0.0	0.0	0.0	0.0	0.0	0.0	0.0
SRR20680744	3167.0	31024.0	4034.0	1018.0	21880.0	614.0	14013.0	10.0	22735.0	5963.0	2916.0	325.0	10226.0	147.0	1224.0	197.0	152.0	0.0	583.0	490.0	0.0	7111.0	51.0	338.0	260.0	457.0	1897.0	0.0	102.0	0.0	154.0	5.0	0.0	0.0	0.0	0.0	0.0	141.0	0.0	0.0	0.0	0.0	0.0	0.0	0.0	0.0	0.0	0.0	0.0	0.0	0.0	0.0	0.0
SRR20680748	7338.0	57083.0	8601.0	2170.0	44101.0	1393.0	33065.0	123.0	39342.0	14356.0	10025.0	817.0	26469.0	137.0	4035.0	496.0	89.0	0.0	727.0	789.0	2.0	30275.0	471.0	526.0	340.0	1073.0	3667.0	13.0	208.0	19.0	332.0	100.0	0.0	0.0	2.0	0.0	0.0	651.0	34.0	0.0	0.0	0.0	0.0	0.0	0.0	0.0	0.0	0.0	0.0	0.0	0.0	0.0	0.0
SRR20680750	11485.0	61193.0	13677.0	497.0	26886.0	2348.0	27914.0	85.0	19347.0	12467.0	9520.0	1931.0	15069.0	39.0	925.0	420.0	33.0	0.0	979.0	966.0	15.0	4325.0	701.0	664.0	24.0	76.0	920.0	48.0	99.0	5.0	799.0	245.0	0.0	0.0	107.0	0.0	0.0	400.0	12.0	0.0	0.0	0.0	0.0	0.0	0.0	0.0	0.0	0.0	0.0	0.0	0.0	0.0	0.0
SRR20680751	9901.0	51090.0	11516.0	449.0	23604.0	1647.0	23177.0	86.0	19604.0	11755.0	7353.0	1604.0	12170.0	27.0	980.0	550.0	59.0	0.0	847.0	882.0	20.0	5591.0	706.0	668.0	64.0	23.0	947.0	9.0	90.0	6.0	631.0	188.0	0.0	0.0	64.0	0.0	0.0	313.0	5.0	0.0	0.0	7.0	0.0	0.0	0.0	0.0	0.0	0.0	0.0	0.0	0.0	0.0	0.0
SRR20680752	6554.0	35063.0	7481.0	287.0	16144.0	1323.0	15881.0	50.0	17425.0	6675.0	4648.0	1023.0	8038.0	16.0	561.0	340.0	8.0	0.0	617.0	645.0	0.0	2239.0	333.0	590.0	65.0	15.0	629.0	59.0	86.0	8.0	428.0	132.0	0.0	0.0	58.0	0.0	0.0	259.0	4.0	0.0	0.0	0.0	0.0	0.0	0.0	0.0	0.0	0.0	0.0	0.0	0.0	4.0	0.0
SRR20680753	4408.0	39008.0	8470.0	1137.0	25445.0	824.0	22634.0	79.0	30556.0	12100.0	4995.0	459.0	12858.0	114.0	1886.0	374.0	19.0	0.0	568.0	563.0	0.0	15110.0	495.0	546.0	253.0	396.0	1910.0	29.0	138.0	0.0	386.0	30.0	0.0	0.0	5.0	0.0	0.0	96.0	0.0	0.0	0.0	0.0	0.0	0.0	0.0	0.0	0.0	0.0	0.0	0.0	0.0	0.0	0.0
SRR20680754	4100.0	58052.0	12193.0	262.0	11164.0	1086.0	17942.0	130.0	25015.0	6084.0	3576.0	649.0	5033.0	20.0	881.0	170.0	0.0	0.0	640.0	363.0	12.0	2776.0	192.0	310.0	11.0	0.0	355.0	12.0	36.0	0.0	4149.0	103.0	0.0	0.0	34.0	0.0	0.0	124.0	3.0	0.0	0.0	0.0	0.0	0.0	0.0	0.0	0.0	0.0	0.0	0.0	0.0	0.0	0.0
SRR20680755	10738.0	62352.0	11164.0	692.0	32004.0	2431.0	32995.0	113.0	32351.0	10364.0	8367.0	2038.0	13827.0	37.0	1120.0	474.0	47.0	0.0	797.0	1110.0	16.0	5978.0	562.0	744.0	134.0	64.0	1125.0	4.0	108.0	18.0	446.0	167.0	4.0	0.0	133.0	0.0	0.0	464.0	4.0	0.0	0.0	0.0	0.0	0.0	0.0	0.0	0.0	0.0	0.0	0.0	0.0	0.0	0.0
SRR20680757	3826.0	37285.0	7923.0	929.0	20415.0	863.0	16633.0	29.0	23874.0	6773.0	3651.0	475.0	11860.0	220.0	1391.0	428.0	101.0	0.0	812.0	372.0	4.0	14271.0	517.0	630.0	278.0	499.0	1532.0	11.0	99.0	0.0	213.0	0.0	0.0	0.0	7.0	0.0	0.0	180.0	22.0	0.0	0.0	9.0	0.0	0.0	0.0	0.0	0.0	0.0	0.0	0.0	0.0	0.0	0.0
SRR20680764	3393.0	29261.0	2724.0	980.0	20549.0	996.0	18705.0	25.0	22466.0	6851.0	4536.0	248.0	11058.0	26.0	1686.0	173.0	70.0	0.0	232.0	385.0	0.0	20054.0	139.0	106.0	87.0	627.0	2130.0	0.0	93.0	0.0	32.0	105.0	0.0	0.0	0.0	0.0	0.0	320.0	17.0	0.0	0.0	0.0	0.0	0.0	0.0	0.0	0.0	0.0	0.0	0.0	0.0	0.0	0.0
SRR20680767	6379.0	39688.0	4900.0	384.0	16203.0	1375.0	22676.0	78.0	20263.0	5804.0	5933.0	1028.0	9429.0	21.0	561.0	438.0	11.0	0.0	627.0	958.0	0.0	2614.0	200.0	367.0	67.0	31.0	645.0	15.0	89.0	0.0	257.0	105.0	0.0	0.0	65.0	0.0	0.0	314.0	15.0	0.0	0.0	0.0	0.0	0.0	0.0	0.0	0.0	0.0	0.0	0.0	0.0	0.0	0.0
SRR20680769	10848.0	52415.0	7126.0	637.0	21703.0	1729.0	34491.0	53.0	23252.0	8005.0	9231.0	1199.0	13416.0	25.0	1039.0	462.0	56.0	0.0	815.0	1048.0	14.0	3315.0	320.0	442.0	139.0	40.0	976.0	5.0	130.0	0.0	404.0	130.0	0.0	0.0	112.0	0.0	0.0	634.0	15.0	0.0	0.0	0.0	0.0	0.0	0.0	0.0	0.0	0.0	0.0	0.0	0.0	0.0	0.0
SRR20680770	11153.0	64126.0	9196.0	624.0	22018.0	1914.0	38658.0	49.0	22601.0	10127.0	9044.0	1352.0	12762.0	41.0	1407.0	537.0	52.0	0.0	894.0	1102.0	16.0	2318.0	423.0	495.0	219.0	67.0	1173.0	21.0	132.0	7.0	794.0	200.0	0.0	5.0	92.0	0.0	0.0	458.0	28.0	0.0	0.0	0.0	0.0	0.0	0.0	0.0	0.0	0.0	0.0	0.0	0.0	0.0	0.0
SRR20680771	9652.0	58230.0	7774.0	630.0	20671.0	1708.0	30858.0	60.0	21680.0	8782.0	9123.0	1263.0	12556.0	34.0	930.0	381.0	20.0	0.0	963.0	1028.0	0.0	2610.0	390.0	518.0	102.0	62.0	899.0	7.0	89.0	5.0	755.0	105.0	0.0	0.0	80.0	0.0	0.0	396.0	22.0	0.0	0.0	0.0	0.0	0.0	0.0	0.0	0.0	0.0	0.0	0.0	0.0	0.0	0.0
SRR20680772	2848.0	23318.0	3990.0	620.0	14300.0	586.0	9401.0	10.0	20339.0	5124.0	2214.0	316.0	8080.0	3.0	1075.0	217.0	59.0	0.0	357.0	238.0	0.0	9978.0	45.0	309.0	153.0	445.0	1139.0	0.0	44.0	20.0	124.0	14.0	0.0	0.0	0.0	0.0	0.0	144.0	0.0	0.0	0.0	0.0	0.0	0.0	0.0	0.0	0.0	0.0	0.0	0.0	0.0	0.0	0.0
SRR16953348	101.0	8067.0	5456.0	0.0	297.0	0.0	813.0	0.0	338.0	1401.0	24.0	145.0	175.0	6.0	18.0	26.0	0.0	0.0	0.0	78.0	0.0	748.0	22.0	0.0	0.0	0.0	0.0	80.0	0.0	17.0	0.0	0.0	0.0	0.0	0.0	0.0	0.0	0.0	0.0	0.0	0.0	0.0	0.0	0.0	0.0	0.0	0.0	0.0	0.0	0.0	0.0	0.0	0.0
SRR16953349	169.0	12243.0	3157.0	0.0	76.0	8.0	3001.0	29.0	442.0	2868.0	7.0	78.0	378.0	57.0	76.0	21.0	0.0	0.0	13.0	28.0	0.0	81.0	86.0	0.0	0.0	0.0	0.0	4475.0	0.0	150.0	0.0	0.0	0.0	0.0	0.0	0.0	0.0	0.0	0.0	0.0	0.0	0.0	0.0	0.0	0.0	0.0	0.0	0.0	0.0	0.0	0.0	0.0	0.0
SRR16953350	104.0	5544.0	1607.0	0.0	94.0	0.0	1228.0	18.0	214.0	2461.0	10.0	43.0	194.0	15.0	115.0	9.0	0.0	0.0	30.0	10.0	0.0	112.0	434.0	0.0	0.0	0.0	0.0	1064.0	0.0	47.0	0.0	10.0	0.0	0.0	0.0	0.0	0.0	0.0	0.0	0.0	0.0	0.0	0.0	0.0	0.0	0.0	0.0	0.0	0.0	0.0	0.0	0.0	0.0
SRR16953351	72.0	6466.0	1582.0	0.0	96.0	0.0	3145.0	13.0	224.0	1764.0	17.0	151.0	211.0	23.0	70.0	0.0	0.0	0.0	19.0	5.0	0.0	33.0	370.0	0.0	0.0	0.0	0.0	720.0	0.0	65.0	0.0	0.0	0.0	0.0	0.0	0.0	0.0	0.0	0.0	0.0	0.0	0.0	0.0	0.0	0.0	0.0	0.0	0.0	0.0	0.0	0.0	0.0	0.0
SRR16953352	127.0	27850.0	11702.0	0.0	478.0	64.0	4341.0	8.0	908.0	7470.0	56.0	199.0	1284.0	59.0	99.0	45.0	0.0	0.0	32.0	249.0	0.0	56.0	53.0	0.0	0.0	0.0	0.0	5006.0	0.0	192.0	10.0	0.0	0.0	0.0	0.0	0.0	0.0	0.0	0.0	0.0	0.0	0.0	0.0	0.0	0.0	0.0	0.0	0.0	0.0	0.0	0.0	0.0	0.0
SRR16953353	45.0	6185.0	3062.0	0.0	151.0	0.0	496.0	0.0	273.0	1529.0	29.0	13.0	302.0	0.0	9.0	23.0	0.0	0.0	0.0	10.0	0.0	34.0	0.0	0.0	0.0	0.0	0.0	295.0	0.0	37.0	0.0	0.0	0.0	0.0	0.0	0.0	0.0	0.0	0.0	0.0	0.0	0.0	0.0	0.0	0.0	0.0	0.0	0.0	0.0	0.0	0.0	0.0	0.0
SRR16953354	471.0	17954.0	5780.0	0.0	323.0	51.0	5541.0	45.0	673.0	3904.0	72.0	99.0	344.0	63.0	51.0	43.0	0.0	0.0	20.0	71.0	0.0	71.0	732.0	0.0	0.0	0.0	0.0	3828.0	0.0	113.0	0.0	0.0	0.0	0.0	0.0	0.0	0.0	0.0	0.0	0.0	0.0	0.0	0.0	0.0	0.0	0.0	0.0	0.0	0.0	0.0	0.0	0.0	0.0
SRR16953355	0.0	6486.0	1080.0	0.0	12.0	340.0	1740.0	0.0	42.0	9.0	14.0	17.0	27.0	0.0	3.0	30.0	0.0	0.0	0.0	53.0	0.0	63.0	0.0	0.0	0.0	0.0	0.0	640.0	0.0	0.0	0.0	0.0	0.0	0.0	0.0	0.0	0.0	0.0	0.0	0.0	0.0	0.0	0.0	0.0	0.0	0.0	0.0	0.0	0.0	0.0	0.0	0.0	0.0
SRR16953358	0.0	8322.0	2917.0	0.0	48.0	25.0	1809.0	0.0	294.0	737.0	0.0	153.0	477.0	0.0	20.0	16.0	0.0	0.0	0.0	89.0	0.0	47.0	155.0	0.0	3.0	0.0	0.0	182.0	0.0	0.0	0.0	0.0	0.0	0.0	0.0	0.0	0.0	0.0	0.0	0.0	0.0	0.0	0.0	0.0	0.0	0.0	0.0	0.0	0.0	0.0	0.0	0.0	0.0
SRR16953359	44.0	10061.0	3254.0	0.0	171.0	0.0	2358.0	0.0	434.0	2595.0	0.0	120.0	296.0	40.0	9.0	97.0	0.0	0.0	0.0	112.0	0.0	54.0	0.0	0.0	0.0	0.0	0.0	519.0	0.0	11.0	0.0	0.0	0.0	0.0	0.0	0.0	0.0	0.0	0.0	0.0	0.0	0.0	0.0	0.0	0.0	0.0	0.0	0.0	0.0	0.0	0.0	0.0	0.0
SRR16953360	259.0	14153.0	2854.0	0.0	146.0	12.0	902.0	34.0	508.0	2984.0	4.0	169.0	265.0	66.0	85.0	8.0	0.0	0.0	21.0	17.0	0.0	418.0	791.0	0.0	0.0	0.0	0.0	1567.0	0.0	126.0	0.0	7.0	0.0	0.0	0.0	0.0	0.0	0.0	0.0	0.0	0.0	0.0	0.0	0.0	0.0	0.0	0.0	0.0	0.0	0.0	0.0	0.0	0.0
SRR16953361	197.0	11595.0	6299.0	0.0	89.0	13.0	2891.0	0.0	165.0	2722.0	20.0	82.0	518.0	63.0	0.0	8.0	0.0	0.0	0.0	98.0	0.0	39.0	472.0	0.0	0.0	0.0	0.0	2184.0	0.0	27.0	22.0	0.0	0.0	0.0	0.0	0.0	0.0	0.0	0.0	0.0	0.0	0.0	0.0	0.0	0.0	0.0	0.0	0.0	0.0	0.0	0.0	0.0	0.0
SRR16953362	0.0	7103.0	1780.0	0.0	8.0	0.0	2155.0	0.0	142.0	3255.0	0.0	64.0	7.0	13.0	0.0	0.0	0.0	0.0	0.0	0.0	0.0	105.0	15.0	0.0	0.0	0.0	0.0	782.0	0.0	6.0	0.0	0.0	0.0	0.0	0.0	0.0	0.0	0.0	0.0	0.0	0.0	0.0	0.0	0.0	0.0	0.0	0.0	0.0	0.0	0.0	0.0	0.0	0.0
SRR16953363	22.0	13656.0	3874.0	0.0	198.0	33.0	5209.0	0.0	236.0	625.0	4.0	159.0	145.0	0.0	0.0	48.0	0.0	0.0	15.0	236.0	0.0	0.0	7.0	0.0	0.0	0.0	8.0	5932.0	0.0	11.0	2.0	0.0	0.0	0.0	0.0	0.0	0.0	0.0	0.0	0.0	0.0	0.0	0.0	0.0	0.0	0.0	0.0	0.0	0.0	0.0	0.0	0.0	0.0
SRR16953364	31.0	10448.0	2461.0	0.0	170.0	20.0	5930.0	0.0	209.0	340.0	9.0	149.0	419.0	0.0	12.0	0.0	0.0	0.0	113.0	8.0	0.0	28.0	243.0	0.0	0.0	0.0	0.0	2092.0	0.0	0.0	0.0	0.0	0.0	0.0	0.0	0.0	0.0	0.0	0.0	0.0	0.0	0.0	0.0	0.0	0.0	0.0	0.0	0.0	0.0	0.0	0.0	0.0	0.0
SRR16953365	12.0	7581.0	3273.0	0.0	53.0	200.0	6207.0	0.0	232.0	1287.0	7.0	41.0	152.0	3.0	20.0	0.0	0.0	0.0	0.0	113.0	0.0	219.0	20.0	0.0	0.0	0.0	0.0	6682.0	0.0	0.0	0.0	0.0	0.0	0.0	0.0	0.0	0.0	0.0	0.0	0.0	0.0	0.0	0.0	0.0	0.0	0.0	0.0	0.0	0.0	0.0	0.0	0.0	0.0
SRR16953366	36.0	7588.0	3998.0	0.0	153.0	6.0	1456.0	46.0	215.0	922.0	0.0	11.0	344.0	8.0	216.0	0.0	0.0	0.0	0.0	24.0	0.0	86.0	427.0	0.0	0.0	0.0	0.0	124.0	0.0	59.0	0.0	0.0	0.0	0.0	0.0	0.0	0.0	0.0	0.0	0.0	0.0	0.0	0.0	0.0	0.0	0.0	0.0	0.0	0.0	0.0	0.0	0.0	0.0
SRR16953368	0.0	1130.0	0.0	0.0	0.0	18469.0	0.0	0.0	0.0	0.0	0.0	0.0	0.0	0.0	0.0	0.0	0.0	0.0	0.0	0.0	0.0	0.0	0.0	0.0	0.0	0.0	0.0	0.0	0.0	0.0	0.0	0.0	0.0	0.0	0.0	0.0	0.0	0.0	0.0	0.0	0.0	0.0	0.0	0.0	0.0	0.0	0.0	0.0	0.0	0.0	0.0	0.0	0.0
SRR16953369	247.0	26103.0	8679.0	0.0	587.0	31.0	3863.0	20.0	1079.0	6220.0	65.0	363.0	827.0	123.0	84.0	194.0	0.0	0.0	0.0	253.0	0.0	1242.0	1031.0	0.0	0.0	0.0	3.0	7517.0	0.0	68.0	5.0	0.0	0.0	0.0	0.0	0.0	2.0	0.0	0.0	0.0	0.0	0.0	0.0	0.0	0.0	0.0	0.0	0.0	0.0	0.0	0.0	0.0	0.0
SRR16953370	629.0	23077.0	9815.0	0.0	358.0	33.0	4888.0	97.0	1194.0	6224.0	2.0	244.0	865.0	83.0	25.0	32.0	0.0	0.0	79.0	56.0	0.0	289.0	300.0	0.0	0.0	0.0	0.0	1971.0	0.0	155.0	0.0	12.0	0.0	0.0	0.0	0.0	0.0	0.0	0.0	0.0	0.0	0.0	0.0	0.0	0.0	0.0	0.0	0.0	0.0	0.0	0.0	0.0	0.0
SRR16953372	148.0	10141.0	3610.0	0.0	165.0	8.0	2649.0	14.0	380.0	2211.0	29.0	47.0	126.0	23.0	27.0	16.0	0.0	0.0	0.0	26.0	0.0	129.0	385.0	0.0	0.0	0.0	0.0	315.0	0.0	21.0	0.0	10.0	0.0	0.0	0.0	0.0	0.0	0.0	0.0	0.0	0.0	0.0	0.0	0.0	0.0	0.0	0.0	0.0	0.0	0.0	0.0	0.0	0.0
SRR16953374	12.0	6645.0	2179.0	0.0	168.0	9.0	1901.0	36.0	563.0	2778.0	0.0	42.0	417.0	42.0	31.0	25.0	0.0	0.0	42.0	34.0	0.0	6.0	264.0	0.0	0.0	0.0	0.0	308.0	0.0	42.0	0.0	4.0	0.0	0.0	0.0	0.0	0.0	0.0	0.0	0.0	0.0	0.0	0.0	0.0	0.0	0.0	0.0	0.0	0.0	0.0	0.0	0.0	0.0
SRR16953377	27.0	8110.0	2341.0	0.0	130.0	83.0	5900.0	0.0	169.0	180.0	77.0	65.0	413.0	0.0	0.0	20.0	0.0	0.0	0.0	102.0	0.0	1184.0	80.0	0.0	0.0	0.0	0.0	5178.0	0.0	0.0	0.0	0.0	0.0	0.0	0.0	0.0	0.0	10.0	0.0	0.0	0.0	0.0	0.0	0.0	0.0	0.0	0.0	0.0	0.0	0.0	0.0	0.0	0.0
SRR16953379	37.0	11726.0	5405.0	0.0	233.0	31.0	5114.0	94.0	725.0	2493.0	71.0	133.0	909.0	72.0	21.0	7.0	0.0	0.0	63.0	61.0	0.0	303.0	723.0	0.0	0.0	0.0	0.0	944.0	0.0	6.0	0.0	0.0	0.0	0.0	0.0	0.0	0.0	0.0	0.0	0.0	0.0	0.0	0.0	0.0	0.0	0.0	0.0	0.0	0.0	0.0	0.0	0.0	0.0
SRR16953380	31.0	21831.0	3656.0	0.0	446.0	28.0	9598.0	0.0	539.0	749.0	196.0	390.0	316.0	6.0	79.0	92.0	0.0	0.0	0.0	532.0	0.0	677.0	9.0	0.0	0.0	0.0	15.0	6240.0	0.0	10.0	0.0	0.0	0.0	0.0	0.0	0.0	0.0	0.0	0.0	0.0	0.0	0.0	0.0	0.0	0.0	0.0	0.0	0.0	0.0	0.0	0.0	0.0	0.0
SRR16953381	162.0	23694.0	5390.0	0.0	730.0	64.0	11087.0	103.0	896.0	1552.0	100.0	470.0	587.0	28.0	19.0	0.0	0.0	0.0	102.0	251.0	0.0	288.0	1181.0	0.0	0.0	0.0	0.0	7549.0	0.0	0.0	0.0	0.0	0.0	0.0	0.0	0.0	0.0	0.0	0.0	0.0	0.0	0.0	0.0	0.0	0.0	0.0	0.0	0.0	0.0	0.0	0.0	0.0	0.0
SRR16953382	42.0	6455.0	3247.0	0.0	134.0	0.0	327.0	0.0	195.0	921.0	10.0	135.0	485.0	0.0	4.0	89.0	0.0	0.0	0.0	200.0	0.0	23.0	7.0	0.0	0.0	0.0	0.0	1569.0	0.0	0.0	0.0	0.0	0.0	0.0	0.0	0.0	0.0	0.0	0.0	0.0	0.0	0.0	0.0	0.0	0.0	0.0	0.0	0.0	0.0	0.0	0.0	0.0	0.0
SRR16953384	300.0	23691.0	5423.0	0.0	278.0	13.0	6381.0	17.0	344.0	2487.0	66.0	52.0	318.0	143.0	36.0	54.0	0.0	0.0	7.0	160.0	0.0	10.0	107.0	0.0	0.0	0.0	0.0	2136.0	0.0	89.0	0.0	6.0	0.0	0.0	0.0	0.0	0.0	0.0	0.0	0.0	0.0	0.0	0.0	0.0	0.0	0.0	0.0	0.0	0.0	0.0	0.0	0.0	0.0
SRR16953385	193.0	6737.0	2221.0	0.0	91.0	0.0	184.0	0.0	32.0	3975.0	0.0	34.0	132.0	29.0	0.0	5.0	0.0	0.0	0.0	34.0	0.0	23.0	0.0	0.0	0.0	0.0	0.0	298.0	0.0	11.0	2.0	0.0	0.0	0.0	0.0	0.0	0.0	0.0	0.0	0.0	0.0	0.0	0.0	0.0	0.0	0.0	0.0	0.0	0.0	0.0	0.0	0.0	0.0
SRR16953387	138.0	5298.0	1403.0	0.0	22.0	13.0	475.0	11.0	161.0	2113.0	0.0	90.0	41.0	4.0	0.0	0.0	0.0	0.0	0.0	3.0	0.0	47.0	137.0	0.0	0.0	0.0	0.0	1174.0	0.0	88.0	0.0	0.0	0.0	0.0	0.0	0.0	0.0	0.0	0.0	0.0	0.0	0.0	0.0	0.0	0.0	0.0	0.0	0.0	0.0	0.0	0.0	0.0	0.0
SRR16953388	70.0	11146.0	3971.0	0.0	415.0	64.0	6710.0	47.0	494.0	1104.0	46.0	167.0	420.0	41.0	21.0	0.0	0.0	0.0	54.0	11.0	0.0	263.0	3987.0	0.0	0.0	0.0	0.0	7870.0	0.0	0.0	0.0	5.0	0.0	0.0	0.0	0.0	0.0	0.0	0.0	0.0	0.0	0.0	0.0	0.0	0.0	0.0	0.0	0.0	0.0	0.0	0.0	0.0	0.0
SRR16953389	0.0	1327.0	0.0	0.0	0.0	18423.0	0.0	0.0	0.0	0.0	0.0	0.0	0.0	0.0	0.0	0.0	0.0	0.0	0.0	0.0	0.0	0.0	0.0	0.0	0.0	0.0	0.0	0.0	0.0	0.0	0.0	0.0	0.0	0.0	0.0	0.0	0.0	0.0	0.0	0.0	0.0	0.0	0.0	0.0	0.0	0.0	0.0	0.0	0.0	0.0	0.0	0.0	0.0
SRR16953391	702.0	10446.0	5340.0	0.0	133.0	3.0	576.0	23.0	170.0	3546.0	2465.0	62.0	364.0	0.0	22.0	11.0	0.0	0.0	0.0	17.0	0.0	69.0	37.0	0.0	0.0	0.0	0.0	1442.0	0.0	85.0	0.0	0.0	0.0	0.0	0.0	0.0	0.0	0.0	0.0	0.0	0.0	0.0	0.0	0.0	0.0	0.0	0.0	0.0	0.0	0.0	0.0	0.0	0.0
SRR16953392	71.0	7455.0	2259.0	0.0	100.0	0.0	1441.0	0.0	181.0	1019.0	14.0	44.0	104.0	28.0	0.0	3.0	0.0	0.0	21.0	45.0	0.0	32.0	0.0	0.0	0.0	0.0	0.0	1444.0	0.0	12.0	0.0	0.0	0.0	0.0	0.0	0.0	0.0	0.0	0.0	0.0	0.0	0.0	0.0	0.0	0.0	0.0	0.0	0.0	0.0	0.0	0.0	0.0	0.0
SRR16953393	329.0	11978.0	4053.0	0.0	80.0	0.0	2033.0	3.0	309.0	7599.0	33.0	146.0	73.0	27.0	121.0	12.0	0.0	0.0	10.0	34.0	0.0	88.0	133.0	0.0	0.0	0.0	0.0	1012.0	0.0	274.0	0.0	2.0	0.0	0.0	0.0	0.0	0.0	0.0	0.0	0.0	0.0	0.0	0.0	0.0	0.0	0.0	0.0	0.0	0.0	0.0	0.0	0.0	0.0
SRR16953394	51.0	26606.0	7176.0	0.0	372.0	142.0	11338.0	0.0	985.0	2575.0	15.0	384.0	557.0	0.0	2.0	25.0	0.0	0.0	0.0	359.0	0.0	488.0	59.0	0.0	0.0	0.0	0.0	1928.0	0.0	9.0	0.0	0.0	0.0	0.0	0.0	0.0	0.0	3.0	0.0	0.0	0.0	0.0	0.0	0.0	0.0	0.0	0.0	0.0	0.0	0.0	0.0	0.0	0.0
SRR16953397	0.0	4671.0	1589.0	0.0	66.0	0.0	1955.0	10.0	209.0	482.0	7.0	107.0	309.0	10.0	13.0	5.0	0.0	0.0	14.0	38.0	0.0	96.0	662.0	0.0	0.0	0.0	0.0	616.0	0.0	0.0	0.0	0.0	0.0	0.0	0.0	0.0	0.0	0.0	0.0	0.0	0.0	0.0	0.0	0.0	0.0	0.0	0.0	0.0	0.0	0.0	0.0	0.0	0.0
SRR16953398	248.0	9051.0	2562.0	0.0	51.0	2.0	3954.0	26.0	104.0	1882.0	0.0	37.0	65.0	7.0	10.0	9.0	0.0	0.0	0.0	16.0	0.0	5.0	108.0	0.0	0.0	0.0	0.0	630.0	0.0	7.0	0.0	0.0	0.0	0.0	0.0	0.0	0.0	0.0	0.0	0.0	0.0	0.0	0.0	0.0	0.0	0.0	0.0	0.0	0.0	0.0	0.0	0.0	0.0
SRR16953399	5.0	8887.0	5452.0	3.0	185.0	692.0	2237.0	0.0	620.0	2393.0	32.0	81.0	433.0	33.0	36.0	0.0	0.0	0.0	0.0	30.0	0.0	87.0	10.0	0.0	0.0	0.0	0.0	705.0	0.0	48.0	10.0	0.0	0.0	0.0	0.0	0.0	0.0	0.0	0.0	0.0	0.0	0.0	0.0	0.0	0.0	0.0	0.0	0.0	0.0	0.0	0.0	0.0	0.0
