#SampleID	d__Bacteria;p__Gemmatimonadota;c__Gemmatimonadetes;o__Gemmatimonadales;f__Gemmatimonadaceae	d__Bacteria;p__Proteobacteria;c__Alphaproteobacteria;o__Caulobacterales;f__Caulobacteraceae	d__Bacteria;p__Bacteroidota;c__Bacteroidia;o__Chitinophagales;f__Chitinophagaceae	d__Bacteria;p__Desulfobacterota;c__uncultured;o__uncultured;f__uncultured	d__Bacteria;p__Proteobacteria;c__Gammaproteobacteria;o__Gammaproteobacteria_Incertae_Sedis;f__Unknown_Family	d__Bacteria;p__Proteobacteria;c__Alphaproteobacteria;o__Reyranellales;f__Reyranellaceae	d__Bacteria;p__Proteobacteria;c__Alphaproteobacteria;o__Rickettsiales;f__SM2D12	d__Bacteria;p__Proteobacteria;c__Gammaproteobacteria;o__Salinisphaerales;f__Solimonadaceae	d__Bacteria;p__Firmicutes;c__Clostridia;o__Clostridiales;f__Clostridiaceae	d__Bacteria;p__Actinobacteriota;c__Thermoleophilia;o__Solirubrobacterales;f__67-14	d__Bacteria;p__Proteobacteria;c__Alphaproteobacteria;o__Elsterales;f__uncultured	d__Bacteria;p__Proteobacteria;c__Alphaproteobacteria;o__Rhizobiales;f__Beijerinckiaceae	d__Bacteria;p__Acidobacteriota;c__Subgroup_5;o__Subgroup_5;f__Subgroup_5	d__Bacteria;p__Abditibacteriota;c__Abditibacteria;o__Abditibacteriales;f__Abditibacteriaceae	d__Bacteria;p__Proteobacteria;c__Gammaproteobacteria;o__Diplorickettsiales;f__Diplorickettsiaceae	d__Bacteria;p__Actinobacteriota;c__Thermoleophilia;o__Gaiellales;f__uncultured	d__Bacteria;p__Proteobacteria;c__Gammaproteobacteria;o__Burkholderiales;f__A21b	d__Bacteria;p__Myxococcota;c__Polyangia;o__Haliangiales;f__Haliangiaceae	d__Bacteria;p__Proteobacteria;c__Alphaproteobacteria;o__Rhizobiales;f__Devosiaceae	d__Bacteria;p__Acidobacteriota;c__Thermoanaerobaculia;o__Thermoanaerobaculales;f__Thermoanaerobaculaceae	d__Bacteria;p__Actinobacteriota;c__Actinobacteria;o__Pseudonocardiales;f__Pseudonocardiaceae	d__Bacteria;p__Verrucomicrobiota;c__Verrucomicrobiae;o__Pedosphaerales;f__Pedosphaeraceae	d__Bacteria;p__Actinobacteriota;c__Rubrobacteria;o__Rubrobacterales;f__Rubrobacteriaceae	d__Bacteria;p__Actinobacteriota;c__Actinobacteria;o__Corynebacteriales;f__Nocardiaceae	d__Bacteria;p__Proteobacteria;c__Alphaproteobacteria;o__Rhizobiales;f__Xanthobacteraceae	d__Bacteria;p__Actinobacteriota;c__Actinobacteria;o__Kineosporiales;f__Kineosporiaceae	d__Bacteria;p__Acidobacteriota;c__Acidobacteriae;o__Solibacterales;f__Solibacteraceae	d__Bacteria;p__Proteobacteria;c__Gammaproteobacteria;o__Burkholderiales;f__Nitrosomonadaceae	d__Bacteria;p__Actinobacteriota;c__Actinobacteria;o__Propionibacteriales;f__Nocardioidaceae	d__Bacteria;p__Actinobacteriota;c__Actinobacteria;o__Streptosporangiales;f__Thermomonosporaceae	d__Bacteria;p__Acidobacteriota;c__Acidobacteriae;o__Subgroup_13;f__Subgroup_13	d__Bacteria;p__Bacteroidota;c__Bacteroidia;o__Cytophagales;f__Hymenobacteraceae	d__Bacteria;p__Actinobacteriota;c__Actinobacteria;o__Micrococcales;f__Microbacteriaceae	d__Bacteria;p__Chloroflexi;c__KD4-96;o__KD4-96;f__KD4-96	d__Bacteria;p__Actinobacteriota;c__Thermoleophilia;o__Solirubrobacterales;f__Solirubrobacteraceae	d__Bacteria;p__Proteobacteria;c__Gammaproteobacteria;o__Legionellales;f__Legionellaceae	d__Bacteria;p__Proteobacteria;c__Alphaproteobacteria;o__uncultured;f__uncultured	d__Bacteria;p__Proteobacteria;c__Gammaproteobacteria;o__Pseudomonadales;f__Pseudomonadaceae	d__Bacteria;p__Bdellovibrionota;c__Oligoflexia;o__Silvanigrellales;f__Silvanigrellaceae	d__Bacteria;p__Proteobacteria;c__Alphaproteobacteria;o__Acetobacterales;f__Acetobacteraceae	d__Bacteria;p__Proteobacteria;c__Alphaproteobacteria;o__Sphingomonadales;f__Sphingomonadaceae	d__Bacteria;p__Myxococcota;c__Myxococcia;o__Myxococcales;f__Myxococcaceae	d__Bacteria;p__Proteobacteria;c__Alphaproteobacteria;o__Rhizobiales;f__Labraceae	d__Bacteria;p__Planctomycetota;c__vadinHA49;o__vadinHA49;f__vadinHA49	d__Bacteria;p__Proteobacteria;c__Alphaproteobacteria;o__Rhizobiales;f__Rhizobiaceae	d__Bacteria;p__Proteobacteria;c__Gammaproteobacteria;o__Xanthomonadales;f__Xanthomonadaceae	d__Bacteria;p__Proteobacteria;c__Alphaproteobacteria;o__Micropepsales;f__Micropepsaceae	d__Bacteria;p__Bacteroidota;c__Bacteroidia;o__Cytophagales;f__Microscillaceae	d__Bacteria;p__Proteobacteria;c__Gammaproteobacteria;o__Burkholderiales;f__Comamonadaceae	d__Bacteria;p__Actinobacteriota;c__Thermoleophilia;o__uncultured;f__uncultured	d__Bacteria;p__Acidobacteriota;c__Acidobacteriae;o__Acidobacteriales;f__uncultured	d__Bacteria;p__Desulfobacterota;c__Desulfuromonadia;o__Geobacterales;f__Geobacteraceae	d__Bacteria;p__Bdellovibrionota;c__Oligoflexia;o__0319-6G20;f__0319-6G20	d__Bacteria;p__Myxococcota;c__Polyangia;o__Blfdi19;f__Blfdi19	d__Bacteria;p__Acidobacteriota;c__Acidobacteriae;o__Bryobacterales;f__Bryobacteraceae	d__Bacteria;p__Bacteroidota;c__Bacteroidia;o__Cytophagales;f__Cyclobacteriaceae	d__Bacteria;p__Actinobacteriota;c__Actinobacteria;o__Frankiales;f__Geodermatophilaceae	d__Bacteria;p__Firmicutes;c__Clostridia;o__Lachnospirales;f__Lachnospiraceae	d__Bacteria;p__Bacteroidota;c__Bacteroidia;o__Cytophagales;f__uncultured	d__Bacteria;p__Acidobacteriota;c__Acidobacteriae;o__Acidobacteriales;f__Acidobacteriaceae_(Subgroup_1)	d__Bacteria;p__Proteobacteria;c__Gammaproteobacteria;o__Burkholderiales;f__B1-7BS	d__Bacteria;p__Proteobacteria;c__Alphaproteobacteria;o__Azospirillales;f__Inquilinaceae	d__Bacteria;p__Verrucomicrobiota;c__Verrucomicrobiae;o__Chthoniobacterales;f__Chthoniobacteraceae	d__Bacteria;p__Firmicutes;c__Bacilli;o__Alicyclobacillales;f__Alicyclobacillaceae	d__Bacteria;p__Myxococcota;c__Myxococcia;o__Myxococcales;f__Anaeromyxobacteraceae	d__Bacteria;p__Actinobacteriota;c__Acidimicrobiia;o__uncultured;f__uncultured	d__Bacteria;p__Actinobacteriota;c__Acidimicrobiia;o__IMCC26256;f__IMCC26256	d__Bacteria;p__Acidobacteriota;c__Blastocatellia;o__Pyrinomonadales;f__Pyrinomonadaceae	d__Bacteria;p__Bacteroidota;c__Bacteroidia;o__Cytophagales;f__Cytophagaceae	d__Bacteria;p__Proteobacteria;c__Gammaproteobacteria;o__Burkholderiales;f__SC-I-84	d__Bacteria;p__Actinobacteriota;c__Actinobacteria;o__Corynebacteriales;f__Mycobacteriaceae	d__Bacteria;p__Chloroflexi;c__Ktedonobacteria;o__Ktedonobacterales;f__Ktedonobacteraceae	d__Bacteria;p__Actinobacteriota;c__Acidimicrobiia;o__Microtrichales;f__Microtrichaceae	d__Bacteria;p__Dependentiae;c__Babeliae;o__Babeliales;f__Vermiphilaceae	d__Bacteria;p__Actinobacteriota;c__Actinobacteria;o__Micrococcales;f__Intrasporangiaceae	d__Bacteria;p__Proteobacteria;c__Alphaproteobacteria;o__Rhizobiales;f__Methyloligellaceae	d__Bacteria;p__Actinobacteriota;c__Actinobacteria;o__Propionibacteriales;f__Propionibacteriaceae	d__Bacteria;p__Proteobacteria;c__Gammaproteobacteria;o__Coxiellales;f__Coxiellaceae	d__Bacteria;p__Armatimonadota;c__uncultured;o__uncultured;f__uncultured	d__Bacteria;p__Armatimonadota;c__Armatimonadia;o__Armatimonadales;f__Armatimonadales	d__Bacteria;p__Firmicutes;c__Clostridia;o__Oscillospirales;f__Oscillospiraceae	d__Bacteria;p__Bacteroidota;c__Bacteroidia;o__Cytophagales;f__Spirosomaceae	d__Bacteria;p__Proteobacteria;c__Gammaproteobacteria;o__Nitrosococcales;f__Nitrosococcaceae	d__Bacteria;p__Proteobacteria;c__Alphaproteobacteria;o__Rickettsiales;f__Rickettsiaceae	d__Bacteria;p__Actinobacteriota;c__Actinobacteria;o__Catenulisporales;f__Actinospicaceae	d__Bacteria;p__Bdellovibrionota;c__Bdellovibrionia;o__Bacteriovoracales;f__Bacteriovoracaceae	d__Bacteria;p__Proteobacteria;c__Gammaproteobacteria;o__Burkholderiales;f__Oxalobacteraceae	d__Bacteria;p__Firmicutes;c__Bacilli;o__Paenibacillales;f__Paenibacillaceae	d__Bacteria;p__Elusimicrobiota;c__Lineage_IIa;o__Lineage_IIa;f__Lineage_IIa	d__Bacteria;p__Firmicutes;c__Clostridia;o__Oscillospirales;f__Ruminococcaceae	d__Bacteria;p__Actinobacteriota;c__Actinobacteria;o__Streptomycetales;f__Streptomycetaceae	d__Bacteria;p__Chloroflexi;c__Ktedonobacteria;o__C0119;f__C0119	d__Bacteria;p__Proteobacteria;c__Alphaproteobacteria;o__Rhizobiales;f__uncultured	d__Bacteria;p__Firmicutes;c__Bacilli;o__Bacillales;f__Planococcaceae	d__Bacteria;p__Dependentiae;c__Babeliae;o__Babeliales;f__Babeliaceae	d__Bacteria;p__Bacteroidota;c__Ignavibacteria;o__SJA-28;f__SJA-28	d__Bacteria;p__NB1-j;c__NB1-j;o__NB1-j;f__NB1-j	d__Bacteria;p__Planctomycetota;c__Phycisphaerae;o__Phycisphaerales;f__Phycisphaeraceae	d__Bacteria;p__Proteobacteria;c__Gammaproteobacteria;o__Enterobacterales;f__Idiomarinaceae	d__Bacteria;p__Elusimicrobiota;c__Lineage_IIb;o__Lineage_IIb;f__Lineage_IIb	d__Bacteria;p__Chloroflexi;c__Chloroflexia;o__Thermomicrobiales;f__JG30-KF-CM45	d__Bacteria;p__Proteobacteria;c__Gammaproteobacteria;o__Pseudomonadales;f__Pseudohongiellaceae	d__Bacteria;p__Actinobacteriota;c__Actinobacteria;o__Frankiales;f__Acidothermaceae	d__Bacteria;p__Actinobacteriota;c__Thermoleophilia;o__Gaiellales;f__Gaiellaceae	d__Bacteria;p__Bacteroidota;c__Bacteroidia;o__Sphingobacteriales;f__Sphingobacteriaceae	d__Bacteria;p__Bdellovibrionota;c__Bdellovibrionia;o__Bdellovibrionales;f__Bdellovibrionaceae	d__Bacteria;p__Actinobacteriota;c__Actinobacteria;o__Frankiales;f__uncultured	d__Bacteria;p__Proteobacteria;c__Alphaproteobacteria;o__Rhodobacterales;f__Rhodobacteraceae	d__Bacteria;p__Bacteroidota;c__Kapabacteria;o__Kapabacteriales;f__Kapabacteriales	d__Bacteria;p__Acidobacteriota;c__Holophagae;o__Subgroup_7;f__Subgroup_7	d__Bacteria;p__Firmicutes;c__Bacilli;o__Lactobacillales;f__Lactobacillaceae	d__Bacteria;p__Gemmatimonadota;c__BD2-11_terrestrial_group;o__BD2-11_terrestrial_group;f__BD2-11_terrestrial_group	d__Bacteria;p__Acidobacteriota;c__Acidobacteriae;o__Subgroup_2;f__Subgroup_2	d__Bacteria;p__Proteobacteria;c__Gammaproteobacteria;o__Burkholderiales;f__TRA3-20	d__Bacteria;p__Proteobacteria;c__Alphaproteobacteria;o__Rhizobiales;f__Hyphomicrobiaceae	d__Bacteria;p__Proteobacteria;c__Gammaproteobacteria;o__Xanthomonadales;f__Rhodanobacteraceae	d__Bacteria;p__Campylobacterota;c__Campylobacteria;o__Campylobacterales;f__Sulfurimonadaceae	d__Bacteria;p__Proteobacteria;c__Alphaproteobacteria;o__Rhodospirillales;f__uncultured	d__Bacteria;p__Firmicutes;c__Bacilli;o__Bacillales;f__Bacillaceae	d__Bacteria;p__Fibrobacterota;c__Fibrobacteria;o__Fibrobacterales;f__Fibrobacteraceae	d__Bacteria;p__Actinobacteriota;c__Actinobacteria;o__Streptosporangiales;f__Streptosporangiales_Incertae_Sedis	d__Bacteria;p__Proteobacteria;c__Gammaproteobacteria;o__PLTA13;f__PLTA13	d__Bacteria;p__Nitrospirota;c__Nitrospiria;o__Nitrospirales;f__Nitrospiraceae	d__Bacteria;p__Dependentiae;c__Babeliae;o__Babeliales;f__Babeliales	d__Bacteria;p__Firmicutes;c__Bacilli;o__Lactobacillales;f__Carnobacteriaceae	d__Bacteria;p__Proteobacteria;c__Alphaproteobacteria;o__Dongiales;f__Dongiaceae	d__Bacteria;p__Proteobacteria;c__Alphaproteobacteria;o__Rhizobiales;f__Rhizobiales_Incertae_Sedis	d__Bacteria;p__SAR324_clade(Marine_group_B);c__SAR324_clade(Marine_group_B);o__SAR324_clade(Marine_group_B);f__SAR324_clade(Marine_group_B)	d__Bacteria;p__Proteobacteria;c__Alphaproteobacteria;o__Micavibrionales;f__uncultured	d__Bacteria;p__Proteobacteria;c__Gammaproteobacteria;o__Enterobacterales;f__Enterobacteriaceae	d__Bacteria;p__Firmicutes;c__Desulfitobacteriia;o__Desulfitobacteriales;f__Desulfitobacteriaceae	d__Bacteria;p__Actinobacteriota;c__Actinobacteria;o__Frankiales;f__Frankiaceae	d__Bacteria;p__Bdellovibrionota;c__Oligoflexia;o__Oligoflexales;f__Oligoflexaceae	d__Bacteria;p__Proteobacteria;c__Alphaproteobacteria;o__Micavibrionales;f__Micavibrionaceae	d__Bacteria;p__Acidobacteriota;c__Subgroup_22;o__Subgroup_22;f__Subgroup_22	d__Bacteria;p__Cyanobacteria;c__Sericytochromatia;o__Sericytochromatia;f__Sericytochromatia	d__Bacteria;p__Bacteroidota;c__Bacteroidia;o__Chitinophagales;f__37-13	d__Bacteria;p__Proteobacteria;c__Alphaproteobacteria;o__Azospirillales;f__uncultured	d__Bacteria;p__Verrucomicrobiota;c__Chlamydiae;o__Chlamydiales;f__Parachlamydiaceae	d__Bacteria;p__Acidobacteriota;c__Vicinamibacteria;o__Vicinamibacterales;f__uncultured	d__Bacteria;p__Myxococcota;c__bacteriap25;o__bacteriap25;f__bacteriap25	d__Bacteria;p__Chloroflexi;c__Ktedonobacteria;o__Ktedonobacterales;f__JG30-KF-AS9	d__Bacteria;p__Proteobacteria;c__Gammaproteobacteria;o__Steroidobacterales;f__Steroidobacteraceae	d__Bacteria;p__Proteobacteria;c__Gammaproteobacteria;o__Pseudomonadales;f__Moraxellaceae	d__Bacteria;p__Firmicutes;c__Bacilli;o__Thermoactinomycetales;f__Thermoactinomycetaceae	d__Bacteria;p__Chloroflexi;c__AD3;o__AD3;f__AD3	d__Bacteria;p__Bacteroidota;c__Bacteroidia;o__Flavobacteriales;f__Flavobacteriaceae	d__Bacteria;p__Proteobacteria;c__Alphaproteobacteria;o__Azospirillales;f__Azospirillaceae	d__Bacteria;p__Bacteroidota;c__Bacteroidia;o__Sphingobacteriales;f__AKYH767	d__Bacteria;p__Firmicutes;c__Bacilli;o__Erysipelotrichales;f__Erysipelotrichaceae	d__Bacteria;p__Myxococcota;c__Myxococcia;o__Myxococcales;f__27F-1492R	d__Bacteria;p__FCPU426;c__FCPU426;o__FCPU426;f__FCPU426	d__Bacteria;p__Chloroflexi;c__Anaerolineae;o__Anaerolineae;f__Anaerolineae	d__Bacteria;p__Gemmatimonadota;c__S0134_terrestrial_group;o__S0134_terrestrial_group;f__S0134_terrestrial_group	d__Bacteria;p__Firmicutes;c__Bacilli;o__Lactobacillales;f__Streptococcaceae	d__Bacteria;p__MBNT15;c__MBNT15;o__MBNT15;f__MBNT15	d__Bacteria;p__Proteobacteria;c__Gammaproteobacteria;o__Pseudomonadales;f__Cellvibrionaceae	d__Bacteria;p__Dependentiae;c__Babeliae;o__Babeliales;f__UBA12409	d__Bacteria;p__Bacteroidota;c__Bacteroidia;o__Flavobacteriales;f__Weeksellaceae	d__Bacteria;p__Gemmatimonadota;c__Longimicrobia;o__Longimicrobiales;f__Longimicrobiaceae	d__Bacteria;p__Acidobacteriota;c__Acidobacteriae;o__Acidobacteriales;f__Koribacteraceae	d__Bacteria;p__Proteobacteria;c__Gammaproteobacteria;o__Burkholderiales;f__Methylophilaceae	d__Bacteria;p__Myxococcota;c__Polyangia;o__Nannocystales;f__Nannocystaceae	d__Bacteria;p__Proteobacteria;c__Gammaproteobacteria;o__CCD24;f__CCD24	d__Bacteria;p__Proteobacteria;c__Gammaproteobacteria;o__Enterobacterales;f__Erwiniaceae	d__Bacteria;p__Proteobacteria;c__Alphaproteobacteria;o__Rhodospirillales;f__Rhodospirillaceae	d__Bacteria;p__Firmicutes;c__Clostridia;o__Peptostreptococcales-Tissierellales;f__Anaerovoracaceae	d__Bacteria;p__Entotheonellaeota;c__Entotheonellia;o__Entotheonellales;f__Entotheonellaceae	d__Bacteria;p__Proteobacteria;c__Gammaproteobacteria;o__Burkholderiales;f__Alcaligenaceae	d__Bacteria;p__Actinobacteriota;c__Actinobacteria;o__Streptosporangiales;f__Streptosporangiaceae	d__Bacteria;p__Proteobacteria;c__Alphaproteobacteria;o__Rhizobiales;f__Rhodomicrobiaceae	d__Bacteria;p__Actinobacteriota;c__Acidimicrobiia;o__Microtrichales;f__Ilumatobacteraceae	d__Bacteria;p__Latescibacterota;c__Latescibacterota;o__Latescibacterota;f__Latescibacterota	d__Bacteria;p__Proteobacteria;c__Gammaproteobacteria;o__Burkholderiales;f__Burkholderiaceae	d__Bacteria;p__Bacteroidota;c__Bacteroidia;o__Sphingobacteriales;f__KD3-93	d__Bacteria;p__Proteobacteria;c__Gammaproteobacteria;o__KF-JG30-C25;f__KF-JG30-C25	d__Bacteria;p__Myxococcota;c__Polyangia;o__Polyangiales;f__BIrii41	d__Bacteria;p__Proteobacteria;c__Gammaproteobacteria;o__R7C24;f__R7C24	d__Bacteria;p__Actinobacteriota;c__Actinobacteria;o__0319-7L14;f__0319-7L14	d__Bacteria;p__Actinobacteriota;c__Actinobacteria;o__Frankiales;f__Nakamurellaceae	d__Bacteria;p__Firmicutes;c__Clostridia;o__Oscillospirales;f__Hungateiclostridiaceae	d__Bacteria;p__Bacteroidota;c__Bacteroidia;o__Flavobacteriales;f__Crocinitomicaceae	d__Bacteria;p__Proteobacteria;c__Alphaproteobacteria;o__Elsterales;f__URHD0088	d__Bacteria;p__Actinobacteriota;c__Actinobacteria;o__Corynebacteriales;f__Corynebacteriaceae	d__Bacteria;p__Proteobacteria;c__Alphaproteobacteria;o__Rhizobiales;f__A0839	d__Bacteria;p__Acidobacteriota;c__Vicinamibacteria;o__Vicinamibacterales;f__Vicinamibacteraceae	d__Bacteria;p__Elusimicrobiota;c__Lineage_IIc;o__Lineage_IIc;f__Lineage_IIc	d__Bacteria;p__Proteobacteria;c__Alphaproteobacteria;o__Paracaedibacterales;f__Paracaedibacteraceae	d__Bacteria;p__Actinobacteriota;c__Actinobacteria;o__Frankiales;f__Sporichthyaceae	d__Bacteria;p__Bacteroidota;c__Bacteroidia;o__Bacteroidales;f__Dysgonomonadaceae	d__Bacteria;p__Bacteroidota;c__Bacteroidia;o__Sphingobacteriales;f__NS11-12_marine_group	d__Bacteria;p__Actinobacteriota;c__Actinobacteria;o__Micrococcales;f__Dermatophilaceae	d__Bacteria;p__Firmicutes;c__Clostridia;o__Peptostreptococcales-Tissierellales;f__Peptostreptococcaceae	d__Bacteria;p__Proteobacteria;c__Alphaproteobacteria;o__Elsterales;f__Elsteraceae	d__Bacteria;p__Bacteroidota;c__Bacteroidia;o__Bacteroidales;f__Paludibacteraceae	d__Bacteria;p__Firmicutes;c__Bacilli;o__Exiguobacterales;f__Exiguobacteraceae	d__Bacteria;p__Actinobacteriota;c__Actinobacteria;o__Micrococcales;f__Cellulomonadaceae	d__Bacteria;p__Proteobacteria;c__Gammaproteobacteria;o__Burkholderiales;f__Rhodocyclaceae	d__Bacteria;p__Planctomycetota;c__Phycisphaerae;o__Tepidisphaerales;f__WD2101_soil_group	d__Bacteria;p__Actinobacteriota;c__Actinobacteria;o__Micrococcales;f__Dermacoccaceae	d__Bacteria;p__Actinobacteriota;c__Actinobacteria;o__Micrococcales;f__Micrococcaceae	d__Bacteria;p__Verrucomicrobiota;c__Verrucomicrobiae;o__Chthoniobacterales;f__01D2Z36	d__Bacteria;p__Actinobacteriota;c__Acidimicrobiia;o__Microtrichales;f__Iamiaceae	d__Bacteria;p__Proteobacteria;c__Alphaproteobacteria;o__Rhizobiales;f__KF-JG30-B3	d__Bacteria;p__Firmicutes;c__Bacilli;o__Brevibacillales;f__Brevibacillaceae	d__Bacteria;p__Proteobacteria;c__Gammaproteobacteria;o__Piscirickettsiales;f__Piscirickettsiaceae	d__Bacteria;p__Firmicutes;c__Clostridia;o__Peptococcales;f__Peptococcaceae	d__Bacteria;p__Chloroflexi;c__JG30-KF-CM66;o__JG30-KF-CM66;f__JG30-KF-CM66	d__Bacteria;p__Proteobacteria;c__Gammaproteobacteria;o__Enterobacterales;f__Morganellaceae	d__Bacteria;p__Bacteroidota;c__Bacteroidia;o__Sphingobacteriales;f__env.OPS_17	d__Bacteria;p__Deinococcota;c__Deinococci;o__Deinococcales;f__Deinococcaceae	d__Bacteria;p__Actinobacteriota;c__MB-A2-108;o__MB-A2-108;f__MB-A2-108	d__Bacteria;p__Bacteroidota;c__Bacteroidia;o__Bacteroidales;f__M2PB4-65_termite_group	d__Bacteria;p__Bacteroidota;c__Bacteroidia;o__Cytophagales;f__Amoebophilaceae	d__Bacteria;p__Bacteroidota;c__Bacteroidia;o__Chitinophagales;f__uncultured	d__Bacteria;p__Proteobacteria;c__Gammaproteobacteria;o__Burkholderiales;f__Neisseriaceae	d__Bacteria;p__Proteobacteria;c__Alphaproteobacteria;o__Rhizobiales;f__Methylopilaceae	d__Bacteria;p__Proteobacteria;c__Gammaproteobacteria;o__Pseudomonadales;f__Halomonadaceae	d__Bacteria;p__Proteobacteria;c__Gammaproteobacteria;o__EC3;f__EC3	d__Bacteria;p__Verrucomicrobiota;c__Chlamydiae;o__Chlamydiales;f__Chlamydiaceae	d__Bacteria;p__Proteobacteria;c__Gammaproteobacteria;o__Burkholderiales;f__uncultured	d__Bacteria;p__Patescibacteria;c__Berkelbacteria;o__Berkelbacteria;f__Berkelbacteria	d__Bacteria;p__Actinobacteriota;c__Actinobacteria;o__Catenulisporales;f__Catenulisporaceae	d__Bacteria;p__Proteobacteria;c__Alphaproteobacteria;o__Rhizobiales;f__Stappiaceae	d__Bacteria;p__Acidobacteriota;c__Blastocatellia;o__Blastocatellales;f__Blastocatellaceae	d__Bacteria;p__Armatimonadota;c__Chthonomonadetes;o__Chthonomonadales;f__Chthonomonadaceae	d__Bacteria;p__Proteobacteria;c__Gammaproteobacteria;o__Enterobacterales;f__Yersiniaceae	d__Bacteria;p__Proteobacteria;c__Alphaproteobacteria;o__Caulobacterales;f__Hyphomonadaceae	d__Bacteria;p__Firmicutes;c__Clostridia;o__Clostridiales;f__Caloramatoraceae	d__Bacteria;p__Proteobacteria;c__Alphaproteobacteria;o__Defluviicoccales;f__Defluviicoccaceae	d__Bacteria;p__Proteobacteria;c__Gammaproteobacteria;o__JG36-TzT-191;f__JG36-TzT-191	d__Bacteria;p__Planctomycetota;c__Phycisphaerae;o__Tepidisphaerales;f__CPla-3_termite_group	d__Bacteria;p__Chloroflexi;c__Chloroflexia;o__Chloroflexales;f__Herpetosiphonaceae	d__Bacteria;p__Actinobacteriota;c__Acidimicrobiia;o__Acidimicrobiales;f__Acidimicrobiaceae	d__Bacteria;p__Myxococcota;c__Polyangia;o__Polyangiales;f__Polyangiaceae	d__Bacteria;p__Firmicutes;c__Bacilli;o__Staphylococcales;f__Staphylococcaceae	d__Bacteria;p__Proteobacteria;c__Gammaproteobacteria;o__Burkholderiales;f__Sutterellaceae	d__Bacteria;p__Desulfobacterota;c__Desulfuromonadia;o__Bradymonadales;f__Bradymonadales	d__Bacteria;p__Chloroflexi;c__Ktedonobacteria;o__B12-WMSP1;f__B12-WMSP1	d__Bacteria;p__Desulfobacterota;c__Desulfovibrionia;o__Desulfovibrionales;f__Desulfovibrionaceae	d__Bacteria;p__Planctomycetota;c__Planctomycetes;o__Planctomycetales;f__Schlesneriaceae	d__Bacteria;p__Proteobacteria;c__Alphaproteobacteria;o__Rhizobiales;f__Kaistiaceae	d__Bacteria;p__Proteobacteria;c__Alphaproteobacteria;o__Rhizobiales;f__Pleomorphomonadaceae	d__Bacteria;p__Proteobacteria;c__Gammaproteobacteria;o__CHAB-XI-27;f__CHAB-XI-27	d__Bacteria;p__Fusobacteriota;c__Fusobacteriia;o__Fusobacteriales;f__Fusobacteriaceae	d__Bacteria;p__Verrucomicrobiota;c__Chlamydiae;o__Chlamydiales;f__cvE6	d__Bacteria;p__Chloroflexi;c__OLB14;o__OLB14;f__OLB14	d__Bacteria;p__Proteobacteria;c__Alphaproteobacteria;o__Rhizobiales;f__D05-2	d__Bacteria;p__Acidobacteriota;c__Subgroup_25;o__Subgroup_25;f__Subgroup_25	d__Bacteria;p__Myxococcota;c__Polyangia;o__MSB-4B10;f__MSB-4B10	d__Bacteria;p__Myxococcota;c__Polyangia;o__Polyangiales;f__Sandaracinaceae	d__Bacteria;p__Armatimonadota;c__Fimbriimonadia;o__Fimbriimonadales;f__Fimbriimonadaceae	d__Bacteria;p__Myxococcota;c__Polyangia;o__VHS-B3-70;f__VHS-B3-70	d__Bacteria;p__Proteobacteria;c__Alphaproteobacteria;o__Rickettsiales;f__Rickettsiales	d__Bacteria;p__Chloroflexi;c__Anaerolineae;o__Caldilineales;f__Caldilineaceae	d__Bacteria;p__Firmicutes;c__Clostridia;o__Clostridia;f__Gracilibacteraceae	d__Bacteria;p__Actinobacteriota;c__Actinobacteria;o__Micrococcales;f__Sanguibacteraceae	d__Bacteria;p__Proteobacteria;c__Gammaproteobacteria;o__Burkholderiales;f__Procabacteriaceae	d__Bacteria;p__Firmicutes;c__Desulfitobacteriia;o__Desulfitobacteriales;f__Heliobacteriaceae	d__Bacteria;p__Myxococcota;c__Polyangia;o__mle1-27;f__mle1-27	d__Bacteria;p__Bacteroidota;c__Bacteroidia;o__Sphingobacteriales;f__Lentimicrobiaceae	d__Bacteria;p__Proteobacteria;c__Alphaproteobacteria;o__Tistrellales;f__Geminicoccaceae	d__Bacteria;p__Actinobacteriota;c__Actinobacteria;o__Corynebacteriales;f__Dietziaceae	d__Bacteria;p__Acidobacteriota;c__Blastocatellia;o__Elev-16S-573;f__Elev-16S-573	d__Bacteria;p__Myxococcota;c__Polyangia;o__Polyangiales;f__Phaselicystidaceae	d__Bacteria;p__Acidobacteriota;c__Blastocatellia;o__DS-100;f__DS-100	d__Bacteria;p__Proteobacteria;c__Gammaproteobacteria;o__Cardiobacteriales;f__Cardiobacteriaceae	d__Bacteria;p__Dependentiae;c__Babeliae;o__Babeliales;f__UBA12411	d__Bacteria;p__Actinobacteriota;c__Actinobacteria;o__Micrococcales;f__Brevibacteriaceae	d__Bacteria;p__Proteobacteria;c__Gammaproteobacteria;o__WD260;f__WD260	d__Bacteria;p__Actinobacteriota;c__Actinobacteria;o__Actinobacteria;f__Actinobacteria	d__Bacteria;p__Proteobacteria;c__Alphaproteobacteria;o__Rickettsiales;f__bac2nit3	d__Bacteria;p__Actinobacteriota;c__Actinobacteria;o__Elev-16S-976;f__Elev-16S-976	d__Bacteria;p__Desulfobacterota;c__Desulfuromonadia;o__PB19;f__PB19	d__Bacteria;p__Verrucomicrobiota;c__Chlamydiae;o__Chlamydiales;f__Simkaniaceae	d__Bacteria;p__Actinobacteriota;c__Actinobacteria;o__Micrococcales;f__Promicromonosporaceae	d__Bacteria;p__Verrucomicrobiota;c__Kiritimatiellae;o__WCHB1-41;f__WCHB1-41	d__Bacteria;p__Proteobacteria;c__Alphaproteobacteria;o__Rhodospirillales;f__Magnetospiraceae	d__Bacteria;p__Proteobacteria;c__Gammaproteobacteria;o__Enterobacterales;f__Pasteurellaceae	d__Bacteria;p__Actinobacteriota;c__Actinobacteria;o__Frankiales;f__Cryptosporangiaceae	d__Bacteria;p__Actinobacteriota;c__Actinobacteria;o__Corynebacteriales;f__Tsukamurellaceae	d__Bacteria;p__Chloroflexi;c__Dehalococcoidia;o__S085;f__S085	d__Bacteria;p__Firmicutes;c__Symbiobacteriia;o__Symbiobacteriales;f__Symbiobacteraceae	d__Bacteria;p__Patescibacteria;c__Saccharimonadia;o__Saccharimonadales;f__Saccharimonadales	d__Bacteria;p__Firmicutes;c__Clostridia;o__Clostridiales;f__Oxobacteraceae	d__Bacteria;p__Planctomycetota;c__Planctomycetes;o__Planctomycetales;f__uncultured	d__Bacteria;p__Firmicutes;c__Clostridia;o__uncultured;f__uncultured	d__Bacteria;p__Proteobacteria;c__Gammaproteobacteria;o__BD72BR169;f__BD72BR169	d__Bacteria;p__Firmicutes;c__Bacilli;o__Bacilli;f__Bacilli	d__Bacteria;p__Proteobacteria;c__Alphaproteobacteria;o__Defluviicoccales;f__uncultured	d__Bacteria;p__Actinobacteriota;c__Actinobacteria;o__Micrococcales;f__Dermabacteraceae	d__Bacteria;p__Patescibacteria;c__Saccharimonadia;o__Saccharimonadales;f__LWQ8	d__Bacteria;p__Proteobacteria;c__Alphaproteobacteria;o__Rickettsiales;f__AB1	d__Bacteria;p__Actinobacteriota;c__Actinobacteria;o__Streptosporangiales;f__Nocardiopsaceae	d__Bacteria;p__Acidobacteriota;c__Blastocatellia;o__11-24;f__11-24	d__Bacteria;p__Actinobacteriota;c__Actinobacteria;o__Micromonosporales;f__Micromonosporaceae	d__Bacteria;p__Bacteroidota;c__Bacteroidia;o__Chitinophagales;f__Saprospiraceae	d__Bacteria;p__Chloroflexi;c__Gitt-GS-136;o__Gitt-GS-136;f__Gitt-GS-136	d__Bacteria;p__Acidobacteriota;c__Acidobacteriae;o__Subgroup_12;f__Subgroup_12	d__Bacteria;p__Myxococcota;c__Myxococcia;o__Myxococcales;f__Vulgatibacteraceae	d__Bacteria;p__WPS-2;c__WPS-2;o__WPS-2;f__WPS-2	d__Bacteria;p__Bacteroidota;c__Rhodothermia;o__Rhodothermales;f__Rhodothermaceae	d__Bacteria;p__Proteobacteria;c__Alphaproteobacteria;o__Holosporales;f__Holosporaceae	d__Bacteria;p__Firmicutes;c__Clostridia;o__Clostridia_UCG-014;f__Clostridia_UCG-014	d__Bacteria;p__Firmicutes;c__Clostridia;o__Peptostreptococcales-Tissierellales;f__Family_XI	d__Bacteria;p__Actinobacteriota;c__Actinobacteria;o__Micrococcales;f__Beutenbergiaceae	d__Bacteria;p__Acidobacteriota;c__Acidobacteriae;o__Acidobacteriae;f__Acidobacteriae	d__Bacteria;p__Actinobacteriota;c__Actinobacteria;o__Euzebyales;f__Euzebyaceae	d__Bacteria;p__Bacteroidota;c__Bacteroidia;o__Bacteroidales;f__Prolixibacteraceae	d__Bacteria;p__Desulfobacterota;c__Desulfobulbia;o__Desulfobulbales;f__Desulfocapsaceae	d__Bacteria;p__Actinobacteriota;c__Acidimicrobiia;o__Microtrichales;f__uncultured	d__Bacteria;p__Firmicutes;c__Negativicutes;o__Veillonellales-Selenomonadales;f__Veillonellaceae	d__Bacteria;p__Bdellovibrionota;c__Oligoflexia;o__053A03-B-DI-P58;f__053A03-B-DI-P58	d__Bacteria;p__Firmicutes;c__Negativicutes;o__Veillonellales-Selenomonadales;f__Sporomusaceae	d__Bacteria;p__Proteobacteria;c__Alphaproteobacteria;o__Rickettsiales;f__Midichloriaceae	d__Bacteria;p__Proteobacteria;c__Gammaproteobacteria;o__Enterobacterales;f__Shewanellaceae	d__Bacteria;p__Proteobacteria;c__Gammaproteobacteria;o__EPR3968-O8a-Bc78;f__EPR3968-O8a-Bc78	d__Bacteria;p__Actinobacteriota;c__Actinobacteria;o__Actinomycetales;f__Actinomycetaceae	d__Bacteria;p__Proteobacteria;c__Gammaproteobacteria;o__Halothiobacillales;f__Halothiobacillaceae	d__Bacteria;p__Proteobacteria;c__Gammaproteobacteria;o__Cardiobacteriales;f__Wohlfahrtiimonadaceae	d__Bacteria;p__Firmicutes;c__Bacilli;o__Bacillales;f__Salisediminibacteriaceae
SRR21722989	64.0	82.0	318.0	0.0	257.0	0.0	0.0	0.0	7.0	205.0	14.0	350.0	0.0	5.0	0.0	158.0	0.0	32.0	361.0	6.0	806.0	18.0	0.0	192.0	704.0	111.0	0.0	78.0	2168.0	118.0	0.0	18.0	1528.0	0.0	258.0	0.0	0.0	730.0	0.0	344.0	2946.0	0.0	0.0	0.0	1288.0	623.0	70.0	7.0	590.0	0.0	217.0	0.0	0.0	0.0	87.0	0.0	292.0	0.0	5.0	357.0	0.0	20.0	0.0	0.0	10.0	0.0	30.0	0.0	6.0	56.0	993.0	4.0	0.0	0.0	304.0	0.0	0.0	0.0	0.0	20.0	0.0	0.0	0.0	0.0	89.0	0.0	382.0	53.0	10.0	0.0	1623.0	32.0	0.0	72.0	5.0	0.0	0.0	0.0	0.0	0.0	0.0	0.0	47.0	56.0	280.0	0.0	67.0	0.0	0.0	0.0	0.0	0.0	0.0	0.0	23.0	1177.0	0.0	0.0	501.0	0.0	0.0	0.0	8.0	0.0	0.0	14.0	72.0	0.0	0.0	37.0	0.0	457.0	0.0	0.0	0.0	0.0	0.0	0.0	0.0	0.0	0.0	0.0	0.0	0.0	0.0	0.0	0.0	0.0	0.0	0.0	0.0	0.0	0.0	0.0	0.0	0.0	0.0	0.0	0.0	0.0	0.0	0.0	0.0	0.0	0.0	0.0	0.0	0.0	27.0	33.0	0.0	0.0	0.0	1055.0	0.0	0.0	0.0	0.0	0.0	210.0	6.0	0.0	0.0	0.0	0.0	0.0	0.0	0.0	0.0	0.0	0.0	0.0	0.0	0.0	0.0	0.0	0.0	0.0	0.0	0.0	470.0	0.0	0.0	0.0	0.0	0.0	0.0	0.0	0.0	0.0	0.0	0.0	0.0	0.0	0.0	0.0	0.0	0.0	0.0	0.0	0.0	0.0	1132.0	0.0	0.0	0.0	0.0	0.0	0.0	0.0	12.0	0.0	0.0	0.0	0.0	0.0	0.0	0.0	0.0	0.0	0.0	0.0	0.0	0.0	0.0	0.0	0.0	0.0	0.0	0.0	0.0	0.0	0.0	0.0	0.0	0.0	8.0	0.0	0.0	0.0	0.0	0.0	0.0	0.0	0.0	0.0	0.0	0.0	0.0	0.0	0.0	0.0	0.0	0.0	0.0	0.0	0.0	0.0	0.0	57.0	0.0	0.0	0.0	0.0	0.0	0.0	0.0	0.0	0.0	0.0	0.0	0.0	0.0	0.0	0.0	0.0	0.0	0.0	0.0	0.0	0.0	0.0	0.0	0.0	0.0	0.0	0.0	0.0	0.0	0.0	0.0	0.0	0.0	0.0	0.0	0.0	0.0	0.0	0.0	0.0	0.0
SRR21722990	40.0	53.0	1209.0	0.0	144.0	0.0	0.0	0.0	10.0	39.0	13.0	44.0	0.0	0.0	0.0	18.0	10.0	19.0	111.0	0.0	330.0	0.0	0.0	165.0	791.0	20.0	0.0	0.0	823.0	188.0	0.0	0.0	519.0	0.0	108.0	0.0	0.0	2337.0	0.0	11.0	791.0	18.0	0.0	0.0	1480.0	323.0	22.0	7.0	592.0	0.0	15.0	0.0	0.0	0.0	27.0	0.0	64.0	0.0	0.0	202.0	0.0	0.0	0.0	0.0	0.0	0.0	4.0	0.0	0.0	53.0	364.0	0.0	0.0	0.0	75.0	0.0	0.0	0.0	0.0	0.0	0.0	0.0	0.0	0.0	35.0	0.0	648.0	356.0	0.0	0.0	2015.0	0.0	0.0	0.0	0.0	0.0	0.0	0.0	0.0	0.0	0.0	0.0	0.0	25.0	382.0	0.0	0.0	0.0	0.0	0.0	0.0	0.0	0.0	0.0	10.0	444.0	0.0	0.0	127.0	0.0	0.0	0.0	0.0	0.0	0.0	0.0	0.0	0.0	0.0	62.0	0.0	32.0	0.0	0.0	0.0	0.0	0.0	0.0	0.0	0.0	4.0	0.0	0.0	0.0	4.0	0.0	0.0	0.0	0.0	0.0	0.0	0.0	0.0	0.0	0.0	0.0	0.0	0.0	57.0	0.0	0.0	0.0	0.0	0.0	0.0	0.0	0.0	0.0	0.0	39.0	0.0	0.0	0.0	1735.0	0.0	0.0	0.0	0.0	0.0	11.0	0.0	0.0	13.0	15.0	0.0	0.0	0.0	0.0	0.0	0.0	0.0	0.0	0.0	14.0	0.0	0.0	0.0	0.0	0.0	0.0	164.0	0.0	0.0	0.0	0.0	0.0	0.0	0.0	0.0	0.0	0.0	0.0	0.0	0.0	0.0	0.0	0.0	0.0	0.0	0.0	0.0	0.0	844.0	0.0	0.0	0.0	0.0	0.0	0.0	0.0	0.0	0.0	0.0	0.0	0.0	16.0	0.0	0.0	0.0	0.0	0.0	0.0	0.0	0.0	0.0	0.0	0.0	0.0	0.0	0.0	0.0	0.0	0.0	0.0	0.0	0.0	0.0	0.0	0.0	0.0	0.0	0.0	0.0	0.0	0.0	0.0	0.0	0.0	0.0	0.0	0.0	0.0	0.0	0.0	0.0	0.0	0.0	0.0	0.0	0.0	0.0	0.0	0.0	0.0	0.0	0.0	0.0	0.0	0.0	0.0	0.0	0.0	0.0	0.0	0.0	0.0	0.0	0.0	0.0	0.0	0.0	0.0	0.0	0.0	0.0	0.0	0.0	0.0	0.0	0.0	0.0	0.0	0.0	0.0	0.0	0.0	0.0	0.0	0.0	0.0	0.0
SRR21722991	77.0	99.0	984.0	0.0	30.0	0.0	0.0	0.0	17.0	105.0	10.0	161.0	0.0	0.0	0.0	22.0	15.0	0.0	376.0	0.0	555.0	0.0	14.0	54.0	562.0	83.0	0.0	0.0	1437.0	0.0	0.0	11.0	971.0	0.0	105.0	0.0	0.0	195.0	0.0	38.0	1335.0	0.0	9.0	0.0	2395.0	1855.0	39.0	2.0	514.0	0.0	0.0	0.0	0.0	0.0	22.0	0.0	68.0	0.0	0.0	39.0	0.0	18.0	0.0	0.0	0.0	0.0	0.0	0.0	0.0	12.0	481.0	0.0	19.0	0.0	384.0	6.0	0.0	0.0	0.0	0.0	0.0	131.0	0.0	0.0	8.0	0.0	1678.0	538.0	0.0	0.0	1328.0	0.0	0.0	0.0	0.0	0.0	0.0	0.0	0.0	0.0	0.0	0.0	0.0	0.0	197.0	0.0	0.0	16.0	0.0	0.0	0.0	0.0	0.0	8.0	0.0	362.0	0.0	0.0	4073.0	0.0	0.0	0.0	0.0	0.0	0.0	0.0	17.0	0.0	0.0	26.0	0.0	23.0	0.0	0.0	0.0	0.0	0.0	0.0	0.0	0.0	0.0	0.0	0.0	0.0	4.0	0.0	24.0	10.0	0.0	0.0	0.0	0.0	0.0	0.0	0.0	0.0	0.0	0.0	0.0	0.0	0.0	18.0	0.0	0.0	0.0	0.0	0.0	0.0	0.0	15.0	0.0	0.0	0.0	568.0	0.0	0.0	0.0	0.0	0.0	0.0	0.0	0.0	0.0	0.0	0.0	0.0	0.0	0.0	0.0	0.0	0.0	0.0	0.0	0.0	0.0	0.0	211.0	0.0	0.0	0.0	383.0	0.0	0.0	0.0	0.0	0.0	0.0	0.0	0.0	0.0	0.0	0.0	0.0	0.0	0.0	0.0	0.0	0.0	0.0	0.0	0.0	0.0	56.0	0.0	3.0	0.0	0.0	0.0	0.0	0.0	0.0	0.0	0.0	0.0	0.0	20.0	0.0	0.0	0.0	0.0	0.0	51.0	0.0	0.0	0.0	0.0	0.0	0.0	0.0	0.0	0.0	0.0	0.0	0.0	0.0	0.0	0.0	0.0	0.0	0.0	0.0	0.0	0.0	0.0	0.0	0.0	0.0	0.0	0.0	0.0	0.0	0.0	0.0	0.0	0.0	50.0	0.0	0.0	0.0	0.0	0.0	0.0	0.0	0.0	0.0	0.0	0.0	0.0	0.0	0.0	0.0	0.0	0.0	0.0	0.0	0.0	0.0	0.0	0.0	0.0	0.0	0.0	0.0	0.0	0.0	0.0	0.0	0.0	0.0	0.0	0.0	0.0	0.0	0.0	0.0	0.0	0.0	0.0	0.0	0.0	0.0
SRR21722992	7.0	25.0	138.0	0.0	38.0	0.0	0.0	0.0	0.0	50.0	3.0	171.0	0.0	0.0	0.0	0.0	0.0	13.0	63.0	0.0	227.0	0.0	0.0	94.0	136.0	0.0	0.0	0.0	432.0	22.0	0.0	26.0	723.0	0.0	0.0	0.0	0.0	1567.0	0.0	31.0	1111.0	0.0	0.0	0.0	1255.0	56.0	0.0	0.0	155.0	0.0	14.0	0.0	4.0	0.0	0.0	0.0	41.0	0.0	0.0	20.0	0.0	8.0	0.0	0.0	7.0	0.0	0.0	0.0	0.0	15.0	199.0	0.0	0.0	0.0	41.0	0.0	0.0	0.0	0.0	0.0	0.0	3.0	0.0	0.0	0.0	0.0	186.0	22.0	0.0	0.0	575.0	0.0	0.0	0.0	0.0	0.0	0.0	0.0	0.0	0.0	0.0	0.0	0.0	55.0	94.0	0.0	0.0	0.0	0.0	0.0	0.0	0.0	0.0	0.0	0.0	294.0	0.0	0.0	0.0	0.0	22.0	0.0	0.0	0.0	0.0	0.0	0.0	0.0	0.0	0.0	0.0	68.0	0.0	0.0	0.0	0.0	0.0	0.0	0.0	0.0	0.0	0.0	0.0	0.0	2.0	0.0	0.0	0.0	0.0	0.0	0.0	0.0	0.0	0.0	0.0	0.0	0.0	0.0	31.0	0.0	0.0	0.0	0.0	0.0	0.0	0.0	0.0	0.0	0.0	0.0	0.0	0.0	0.0	321.0	0.0	0.0	0.0	9.0	0.0	26.0	0.0	0.0	0.0	0.0	0.0	0.0	0.0	0.0	0.0	0.0	0.0	0.0	0.0	0.0	0.0	0.0	0.0	0.0	0.0	0.0	72.0	0.0	0.0	0.0	0.0	0.0	0.0	0.0	0.0	0.0	0.0	0.0	0.0	0.0	0.0	0.0	17.0	0.0	0.0	0.0	0.0	0.0	224.0	0.0	0.0	0.0	0.0	0.0	0.0	0.0	0.0	0.0	0.0	0.0	0.0	16.0	0.0	0.0	0.0	0.0	0.0	0.0	0.0	0.0	0.0	0.0	0.0	0.0	0.0	0.0	0.0	0.0	0.0	0.0	0.0	0.0	0.0	0.0	0.0	0.0	0.0	0.0	0.0	0.0	0.0	0.0	0.0	0.0	0.0	0.0	0.0	0.0	0.0	0.0	0.0	0.0	0.0	0.0	0.0	0.0	0.0	0.0	0.0	0.0	0.0	0.0	0.0	0.0	0.0	0.0	0.0	0.0	0.0	0.0	0.0	0.0	0.0	0.0	0.0	0.0	0.0	0.0	0.0	0.0	0.0	0.0	0.0	0.0	0.0	0.0	0.0	0.0	0.0	0.0	0.0	0.0	0.0	0.0	0.0	0.0	0.0
SRR21722994	34.0	95.0	522.0	0.0	202.0	0.0	0.0	0.0	15.0	21.0	42.0	254.0	0.0	10.0	14.0	253.0	39.0	5.0	288.0	9.0	377.0	12.0	0.0	156.0	521.0	144.0	5.0	14.0	1141.0	124.0	0.0	0.0	1427.0	0.0	152.0	0.0	0.0	113.0	0.0	77.0	2171.0	2.0	0.0	0.0	1364.0	454.0	60.0	5.0	880.0	0.0	145.0	0.0	0.0	0.0	138.0	0.0	140.0	0.0	6.0	379.0	0.0	0.0	0.0	0.0	0.0	0.0	0.0	0.0	0.0	119.0	479.0	0.0	0.0	0.0	106.0	0.0	0.0	0.0	0.0	0.0	0.0	6.0	0.0	0.0	244.0	0.0	1085.0	35.0	0.0	0.0	1403.0	18.0	0.0	10.0	12.0	0.0	0.0	0.0	0.0	0.0	0.0	0.0	89.0	0.0	281.0	0.0	142.0	5.0	0.0	0.0	0.0	0.0	3.0	0.0	16.0	1927.0	0.0	0.0	74.0	0.0	13.0	0.0	0.0	0.0	0.0	0.0	0.0	0.0	0.0	0.0	0.0	354.0	0.0	0.0	0.0	0.0	0.0	0.0	0.0	0.0	0.0	0.0	0.0	0.0	0.0	0.0	0.0	0.0	0.0	0.0	0.0	0.0	0.0	0.0	0.0	0.0	0.0	0.0	35.0	0.0	0.0	32.0	0.0	0.0	0.0	0.0	0.0	0.0	0.0	28.0	0.0	0.0	0.0	3111.0	0.0	9.0	0.0	0.0	0.0	0.0	0.0	0.0	0.0	0.0	0.0	0.0	0.0	0.0	0.0	0.0	0.0	0.0	0.0	0.0	0.0	0.0	0.0	0.0	0.0	0.0	177.0	0.0	0.0	0.0	0.0	0.0	0.0	0.0	0.0	0.0	0.0	0.0	0.0	0.0	0.0	0.0	0.0	0.0	0.0	0.0	0.0	0.0	2999.0	0.0	0.0	0.0	0.0	0.0	0.0	0.0	0.0	0.0	0.0	0.0	0.0	0.0	0.0	0.0	0.0	0.0	0.0	0.0	0.0	0.0	0.0	0.0	0.0	0.0	0.0	0.0	0.0	0.0	0.0	0.0	0.0	0.0	0.0	0.0	0.0	0.0	0.0	0.0	0.0	0.0	0.0	0.0	0.0	0.0	0.0	0.0	0.0	0.0	0.0	0.0	0.0	0.0	0.0	0.0	0.0	0.0	0.0	0.0	0.0	0.0	0.0	0.0	0.0	0.0	0.0	0.0	0.0	0.0	0.0	0.0	0.0	0.0	0.0	0.0	0.0	0.0	0.0	0.0	0.0	0.0	0.0	0.0	0.0	0.0	0.0	0.0	0.0	0.0	0.0	0.0	0.0	0.0	0.0	0.0	0.0	0.0	0.0
SRR21722995	3.0	14.0	38.0	0.0	0.0	0.0	0.0	0.0	0.0	0.0	0.0	25.0	0.0	3.0	0.0	8.0	5.0	13.0	20.0	0.0	98.0	0.0	0.0	11.0	64.0	0.0	0.0	0.0	167.0	0.0	0.0	0.0	224.0	0.0	10.0	0.0	0.0	1484.0	0.0	0.0	217.0	0.0	0.0	0.0	174.0	52.0	0.0	0.0	0.0	0.0	0.0	0.0	0.0	0.0	0.0	0.0	0.0	0.0	0.0	4.0	0.0	0.0	0.0	0.0	0.0	0.0	2.0	0.0	0.0	0.0	94.0	0.0	0.0	0.0	43.0	0.0	0.0	0.0	0.0	0.0	0.0	0.0	0.0	0.0	0.0	0.0	48.0	0.0	0.0	0.0	232.0	0.0	0.0	19.0	0.0	0.0	0.0	0.0	0.0	0.0	0.0	0.0	0.0	0.0	0.0	0.0	34.0	0.0	0.0	0.0	0.0	0.0	0.0	0.0	0.0	235.0	0.0	0.0	0.0	0.0	0.0	0.0	0.0	0.0	0.0	0.0	0.0	0.0	0.0	0.0	0.0	44.0	0.0	0.0	0.0	0.0	0.0	0.0	0.0	0.0	0.0	0.0	0.0	0.0	0.0	0.0	0.0	0.0	0.0	0.0	0.0	0.0	0.0	0.0	0.0	0.0	0.0	0.0	0.0	0.0	0.0	0.0	0.0	0.0	0.0	0.0	0.0	0.0	0.0	0.0	0.0	0.0	0.0	0.0	0.0	0.0	0.0	5.0	0.0	0.0	0.0	0.0	0.0	0.0	0.0	0.0	0.0	0.0	0.0	0.0	0.0	0.0	0.0	0.0	0.0	0.0	0.0	0.0	0.0	0.0	125.0	0.0	0.0	0.0	0.0	0.0	0.0	0.0	0.0	0.0	0.0	0.0	0.0	0.0	0.0	0.0	0.0	0.0	0.0	0.0	0.0	0.0	71.0	0.0	0.0	0.0	67.0	0.0	0.0	0.0	0.0	0.0	0.0	0.0	0.0	0.0	0.0	0.0	0.0	0.0	0.0	0.0	0.0	0.0	0.0	0.0	0.0	0.0	0.0	0.0	0.0	0.0	0.0	0.0	0.0	0.0	0.0	0.0	0.0	0.0	0.0	0.0	0.0	0.0	0.0	0.0	0.0	0.0	0.0	0.0	0.0	0.0	0.0	0.0	0.0	0.0	0.0	0.0	0.0	0.0	0.0	0.0	0.0	0.0	0.0	0.0	0.0	0.0	0.0	0.0	0.0	0.0	0.0	0.0	0.0	0.0	0.0	0.0	0.0	0.0	0.0	0.0	0.0	0.0	0.0	0.0	0.0	0.0	0.0	0.0	0.0	0.0	0.0	0.0	0.0	0.0	0.0	0.0	0.0	0.0	0.0
SRR21722997	528.0	13.0	283.0	0.0	132.0	0.0	0.0	0.0	5.0	524.0	167.0	26.0	0.0	2.0	37.0	1391.0	85.0	38.0	43.0	14.0	276.0	68.0	16.0	0.0	1013.0	108.0	9.0	151.0	836.0	0.0	0.0	6.0	80.0	0.0	539.0	0.0	5.0	16.0	0.0	249.0	704.0	3.0	0.0	0.0	0.0	102.0	89.0	0.0	181.0	28.0	797.0	0.0	21.0	0.0	240.0	0.0	253.0	0.0	0.0	258.0	0.0	0.0	0.0	0.0	18.0	11.0	46.0	0.0	0.0	154.0	104.0	0.0	0.0	0.0	112.0	0.0	0.0	0.0	0.0	6.0	0.0	0.0	0.0	0.0	7.0	0.0	533.0	24.0	0.0	0.0	183.0	42.0	2.0	366.0	33.0	0.0	2.0	0.0	0.0	0.0	3.0	0.0	58.0	213.0	0.0	0.0	63.0	0.0	4.0	0.0	0.0	0.0	6.0	8.0	0.0	50.0	0.0	0.0	104.0	0.0	0.0	0.0	45.0	0.0	0.0	0.0	21.0	0.0	0.0	0.0	0.0	249.0	4.0	0.0	0.0	0.0	0.0	0.0	0.0	0.0	25.0	0.0	3.0	5.0	0.0	0.0	3.0	0.0	0.0	0.0	0.0	0.0	0.0	0.0	0.0	0.0	0.0	0.0	0.0	0.0	32.0	0.0	0.0	0.0	0.0	0.0	0.0	0.0	0.0	34.0	0.0	0.0	0.0	113.0	0.0	0.0	0.0	0.0	9.0	0.0	0.0	0.0	46.0	0.0	0.0	0.0	0.0	0.0	0.0	0.0	0.0	0.0	0.0	21.0	0.0	0.0	0.0	0.0	0.0	0.0	90.0	0.0	0.0	8.0	0.0	0.0	0.0	0.0	0.0	0.0	0.0	0.0	0.0	0.0	0.0	0.0	0.0	0.0	0.0	0.0	0.0	0.0	109.0	0.0	0.0	0.0	0.0	0.0	0.0	0.0	0.0	0.0	0.0	0.0	0.0	0.0	0.0	0.0	0.0	0.0	0.0	0.0	0.0	0.0	0.0	0.0	0.0	0.0	0.0	0.0	0.0	0.0	0.0	0.0	0.0	0.0	0.0	0.0	0.0	0.0	0.0	0.0	0.0	0.0	0.0	0.0	0.0	0.0	0.0	0.0	0.0	0.0	0.0	0.0	0.0	0.0	0.0	0.0	0.0	0.0	0.0	0.0	0.0	0.0	0.0	0.0	0.0	0.0	0.0	0.0	0.0	0.0	0.0	0.0	0.0	0.0	0.0	0.0	0.0	0.0	0.0	0.0	0.0	0.0	0.0	0.0	0.0	0.0	0.0	0.0	0.0	0.0	0.0	0.0	0.0	0.0	0.0	0.0	0.0	0.0	0.0
SRR21723014	676.0	52.0	621.0	0.0	17.0	0.0	0.0	0.0	38.0	581.0	82.0	143.0	3.0	12.0	0.0	573.0	51.0	55.0	40.0	0.0	335.0	50.0	181.0	0.0	804.0	76.0	0.0	119.0	1293.0	0.0	0.0	0.0	0.0	3.0	1129.0	3.0	0.0	0.0	0.0	193.0	782.0	35.0	15.0	0.0	57.0	322.0	85.0	8.0	245.0	0.0	134.0	6.0	0.0	0.0	116.0	0.0	323.0	0.0	0.0	59.0	0.0	3.0	0.0	0.0	10.0	2.0	65.0	0.0	0.0	142.0	144.0	2.0	0.0	0.0	387.0	13.0	0.0	0.0	0.0	0.0	0.0	0.0	0.0	0.0	0.0	0.0	294.0	7.0	2.0	0.0	365.0	16.0	0.0	127.0	10.0	0.0	0.0	0.0	0.0	0.0	0.0	0.0	33.0	183.0	47.0	0.0	107.0	0.0	0.0	4.0	0.0	0.0	0.0	0.0	0.0	21.0	0.0	0.0	143.0	0.0	0.0	0.0	57.0	0.0	0.0	0.0	13.0	0.0	0.0	0.0	0.0	236.0	6.0	0.0	0.0	3.0	0.0	0.0	0.0	0.0	20.0	0.0	25.0	0.0	5.0	0.0	6.0	20.0	0.0	0.0	0.0	0.0	0.0	15.0	0.0	0.0	0.0	0.0	0.0	0.0	28.0	0.0	2.0	3.0	0.0	0.0	0.0	0.0	0.0	42.0	0.0	0.0	0.0	7.0	0.0	5.0	0.0	0.0	0.0	0.0	0.0	0.0	0.0	0.0	0.0	0.0	0.0	0.0	80.0	0.0	0.0	0.0	0.0	0.0	0.0	0.0	69.0	0.0	0.0	0.0	178.0	0.0	0.0	0.0	0.0	0.0	0.0	0.0	0.0	0.0	0.0	0.0	0.0	0.0	0.0	0.0	0.0	0.0	0.0	0.0	0.0	0.0	26.0	0.0	0.0	0.0	0.0	0.0	0.0	0.0	0.0	0.0	0.0	2.0	0.0	0.0	0.0	0.0	0.0	0.0	0.0	0.0	0.0	0.0	0.0	0.0	0.0	0.0	0.0	0.0	0.0	0.0	0.0	0.0	0.0	0.0	0.0	0.0	0.0	3.0	0.0	0.0	0.0	0.0	0.0	0.0	0.0	0.0	0.0	0.0	0.0	0.0	0.0	0.0	0.0	0.0	0.0	0.0	0.0	0.0	0.0	0.0	0.0	0.0	0.0	0.0	0.0	0.0	0.0	0.0	0.0	0.0	0.0	0.0	0.0	0.0	0.0	0.0	0.0	0.0	0.0	0.0	0.0	4.0	0.0	0.0	0.0	3.0	0.0	0.0	0.0	0.0	0.0	0.0	0.0	0.0	0.0	0.0	0.0	0.0	0.0
SRR21723015	366.0	21.0	1376.0	0.0	118.0	0.0	5.0	0.0	50.0	418.0	87.0	115.0	0.0	2.0	7.0	1020.0	30.0	23.0	93.0	0.0	373.0	32.0	3.0	40.0	649.0	97.0	33.0	101.0	1011.0	0.0	0.0	4.0	555.0	0.0	378.0	0.0	0.0	7.0	4.0	491.0	2803.0	24.0	0.0	3.0	98.0	195.0	96.0	3.0	276.0	0.0	427.0	0.0	5.0	0.0	453.0	0.0	795.0	0.0	0.0	716.0	0.0	0.0	0.0	38.0	0.0	22.0	33.0	0.0	0.0	170.0	340.0	0.0	0.0	0.0	251.0	0.0	5.0	0.0	0.0	9.0	0.0	2.0	0.0	0.0	105.0	0.0	118.0	24.0	7.0	0.0	737.0	44.0	0.0	184.0	9.0	0.0	0.0	0.0	0.0	0.0	0.0	0.0	26.0	38.0	156.0	2.0	21.0	0.0	0.0	0.0	0.0	0.0	3.0	0.0	5.0	1207.0	3.0	0.0	43.0	0.0	12.0	0.0	15.0	0.0	0.0	0.0	0.0	0.0	0.0	0.0	0.0	137.0	0.0	0.0	0.0	0.0	0.0	0.0	0.0	0.0	0.0	0.0	0.0	0.0	0.0	0.0	0.0	3.0	0.0	0.0	0.0	0.0	0.0	0.0	0.0	0.0	0.0	0.0	0.0	0.0	31.0	0.0	0.0	0.0	0.0	0.0	0.0	0.0	0.0	19.0	0.0	2.0	0.0	382.0	0.0	28.0	0.0	0.0	0.0	33.0	0.0	0.0	0.0	0.0	0.0	0.0	0.0	0.0	0.0	0.0	0.0	0.0	0.0	6.0	0.0	0.0	0.0	0.0	0.0	99.0	301.0	0.0	0.0	0.0	0.0	0.0	0.0	0.0	0.0	0.0	0.0	0.0	0.0	0.0	0.0	0.0	0.0	0.0	0.0	0.0	0.0	0.0	203.0	0.0	0.0	0.0	0.0	0.0	0.0	0.0	19.0	0.0	0.0	0.0	0.0	0.0	0.0	0.0	0.0	0.0	0.0	0.0	0.0	0.0	0.0	0.0	0.0	0.0	0.0	0.0	0.0	0.0	0.0	0.0	0.0	0.0	0.0	0.0	0.0	0.0	0.0	0.0	0.0	0.0	0.0	0.0	0.0	0.0	0.0	0.0	0.0	0.0	0.0	0.0	0.0	0.0	0.0	0.0	0.0	0.0	0.0	0.0	0.0	0.0	0.0	0.0	0.0	0.0	0.0	0.0	0.0	0.0	0.0	0.0	0.0	0.0	0.0	0.0	0.0	0.0	0.0	0.0	0.0	0.0	0.0	0.0	0.0	0.0	0.0	0.0	0.0	0.0	0.0	0.0	0.0	0.0	0.0	0.0	0.0	0.0	0.0
SRR21723026	1563.0	35.0	882.0	0.0	95.0	0.0	4.0	2.0	28.0	1458.0	234.0	195.0	21.0	31.0	33.0	1863.0	145.0	63.0	0.0	42.0	726.0	170.0	230.0	27.0	1657.0	123.0	16.0	391.0	2168.0	20.0	0.0	50.0	32.0	0.0	2638.0	0.0	0.0	16.0	0.0	252.0	1029.0	51.0	27.0	0.0	160.0	362.0	55.0	4.0	331.0	124.0	416.0	0.0	21.0	4.0	210.0	0.0	415.0	0.0	3.0	155.0	0.0	3.0	4.0	21.0	0.0	8.0	132.0	0.0	0.0	214.0	223.0	3.0	4.0	0.0	442.0	38.0	0.0	0.0	0.0	4.0	0.0	0.0	17.0	0.0	0.0	6.0	322.0	102.0	7.0	0.0	790.0	32.0	16.0	535.0	24.0	0.0	15.0	0.0	0.0	4.0	2.0	0.0	43.0	576.0	32.0	4.0	187.0	0.0	2.0	5.0	0.0	0.0	0.0	7.0	3.0	57.0	0.0	2.0	233.0	0.0	0.0	3.0	99.0	0.0	0.0	0.0	68.0	0.0	0.0	0.0	0.0	430.0	2.0	0.0	0.0	3.0	0.0	0.0	0.0	4.0	88.0	0.0	50.0	0.0	7.0	0.0	0.0	57.0	0.0	0.0	0.0	0.0	0.0	19.0	0.0	0.0	0.0	0.0	0.0	0.0	53.0	0.0	0.0	8.0	0.0	9.0	0.0	12.0	0.0	89.0	26.0	6.0	0.0	37.0	0.0	0.0	0.0	0.0	0.0	0.0	3.0	0.0	0.0	0.0	0.0	0.0	0.0	0.0	112.0	0.0	0.0	0.0	0.0	17.0	0.0	0.0	31.0	0.0	2.0	0.0	239.0	0.0	0.0	0.0	0.0	0.0	0.0	0.0	0.0	0.0	0.0	0.0	0.0	0.0	0.0	0.0	0.0	0.0	0.0	0.0	0.0	0.0	142.0	0.0	0.0	0.0	0.0	0.0	0.0	0.0	0.0	0.0	0.0	0.0	0.0	0.0	0.0	0.0	0.0	0.0	0.0	0.0	0.0	0.0	0.0	0.0	0.0	0.0	0.0	0.0	0.0	0.0	0.0	0.0	0.0	0.0	0.0	0.0	0.0	0.0	0.0	3.0	0.0	0.0	0.0	0.0	0.0	0.0	0.0	0.0	0.0	0.0	0.0	0.0	0.0	0.0	0.0	0.0	0.0	0.0	0.0	0.0	0.0	0.0	0.0	0.0	0.0	0.0	0.0	0.0	0.0	0.0	0.0	0.0	3.0	0.0	0.0	0.0	0.0	0.0	0.0	0.0	0.0	0.0	0.0	0.0	0.0	0.0	0.0	0.0	0.0	0.0	0.0	0.0	0.0	0.0	0.0	0.0	0.0	0.0	0.0
SRR21723044	41.0	149.0	334.0	0.0	74.0	0.0	0.0	0.0	12.0	60.0	0.0	108.0	0.0	4.0	9.0	34.0	0.0	63.0	223.0	0.0	447.0	0.0	0.0	42.0	259.0	43.0	0.0	0.0	668.0	74.0	0.0	9.0	761.0	0.0	88.0	0.0	0.0	665.0	0.0	45.0	860.0	0.0	0.0	0.0	832.0	215.0	21.0	0.0	248.0	0.0	20.0	0.0	4.0	0.0	28.0	0.0	0.0	0.0	0.0	100.0	0.0	0.0	0.0	4.0	0.0	0.0	0.0	0.0	0.0	0.0	321.0	0.0	0.0	0.0	68.0	0.0	0.0	0.0	0.0	0.0	0.0	24.0	0.0	0.0	31.0	0.0	124.0	12.0	0.0	0.0	1304.0	10.0	0.0	0.0	0.0	0.0	0.0	0.0	0.0	0.0	0.0	0.0	0.0	19.0	127.0	0.0	32.0	0.0	0.0	0.0	0.0	0.0	0.0	0.0	0.0	579.0	0.0	0.0	35.0	0.0	0.0	0.0	5.0	0.0	0.0	10.0	25.0	0.0	0.0	31.0	0.0	100.0	0.0	0.0	0.0	0.0	0.0	0.0	0.0	0.0	0.0	0.0	0.0	9.0	0.0	0.0	0.0	4.0	0.0	0.0	0.0	0.0	0.0	0.0	0.0	0.0	0.0	7.0	0.0	0.0	0.0	0.0	0.0	0.0	0.0	0.0	0.0	0.0	52.0	0.0	0.0	8.0	0.0	686.0	0.0	0.0	0.0	15.0	0.0	37.0	0.0	0.0	0.0	0.0	0.0	0.0	0.0	0.0	0.0	0.0	0.0	0.0	0.0	0.0	0.0	0.0	0.0	0.0	0.0	0.0	217.0	0.0	0.0	0.0	0.0	0.0	0.0	0.0	0.0	0.0	0.0	0.0	0.0	0.0	0.0	0.0	0.0	0.0	0.0	0.0	0.0	0.0	552.0	3.0	0.0	0.0	21.0	0.0	0.0	0.0	0.0	0.0	0.0	0.0	0.0	0.0	0.0	0.0	0.0	0.0	0.0	52.0	0.0	0.0	0.0	0.0	0.0	0.0	0.0	0.0	0.0	0.0	0.0	0.0	0.0	0.0	27.0	0.0	0.0	0.0	0.0	0.0	0.0	0.0	0.0	0.0	0.0	0.0	0.0	0.0	0.0	0.0	0.0	0.0	0.0	0.0	0.0	0.0	0.0	0.0	0.0	0.0	0.0	0.0	0.0	0.0	0.0	0.0	0.0	0.0	0.0	0.0	0.0	0.0	0.0	0.0	0.0	0.0	0.0	0.0	0.0	0.0	0.0	0.0	0.0	0.0	0.0	0.0	0.0	0.0	0.0	0.0	0.0	0.0	0.0	0.0	0.0	0.0	0.0	0.0	0.0
SRR21723045	229.0	26.0	1008.0	0.0	250.0	0.0	0.0	0.0	80.0	8.0	15.0	60.0	0.0	7.0	0.0	122.0	24.0	10.0	162.0	0.0	525.0	7.0	27.0	27.0	327.0	83.0	0.0	47.0	1734.0	68.0	0.0	44.0	205.0	0.0	245.0	0.0	0.0	26.0	0.0	154.0	691.0	0.0	11.0	0.0	1284.0	246.0	34.0	0.0	885.0	0.0	162.0	28.0	31.0	0.0	42.0	0.0	106.0	0.0	0.0	110.0	0.0	0.0	0.0	23.0	17.0	0.0	22.0	0.0	0.0	74.0	314.0	0.0	0.0	0.0	115.0	0.0	0.0	10.0	0.0	0.0	0.0	25.0	0.0	0.0	0.0	0.0	772.0	59.0	0.0	0.0	2178.0	14.0	0.0	59.0	0.0	0.0	0.0	0.0	0.0	0.0	0.0	0.0	0.0	41.0	98.0	0.0	73.0	0.0	7.0	0.0	0.0	0.0	0.0	0.0	8.0	179.0	0.0	0.0	39.0	0.0	0.0	0.0	19.0	0.0	0.0	0.0	83.0	0.0	0.0	61.0	0.0	68.0	0.0	0.0	0.0	7.0	0.0	0.0	0.0	0.0	0.0	0.0	38.0	41.0	0.0	0.0	0.0	0.0	0.0	0.0	0.0	0.0	0.0	0.0	11.0	0.0	0.0	0.0	0.0	0.0	34.0	21.0	0.0	0.0	0.0	0.0	0.0	0.0	9.0	12.0	0.0	0.0	0.0	193.0	0.0	0.0	0.0	0.0	0.0	64.0	10.0	0.0	0.0	0.0	0.0	0.0	0.0	0.0	0.0	0.0	0.0	0.0	0.0	0.0	0.0	0.0	0.0	0.0	0.0	0.0	510.0	0.0	0.0	0.0	0.0	0.0	0.0	0.0	0.0	0.0	0.0	0.0	0.0	0.0	0.0	0.0	0.0	0.0	0.0	0.0	0.0	0.0	510.0	0.0	0.0	0.0	0.0	0.0	0.0	0.0	0.0	0.0	0.0	0.0	0.0	41.0	0.0	0.0	0.0	0.0	0.0	0.0	0.0	0.0	0.0	0.0	0.0	0.0	0.0	0.0	0.0	0.0	0.0	0.0	0.0	0.0	0.0	0.0	0.0	0.0	0.0	0.0	0.0	0.0	0.0	0.0	0.0	0.0	0.0	0.0	0.0	0.0	0.0	0.0	0.0	0.0	0.0	0.0	0.0	0.0	0.0	0.0	0.0	0.0	0.0	0.0	0.0	0.0	0.0	0.0	0.0	0.0	0.0	0.0	0.0	0.0	0.0	0.0	0.0	0.0	0.0	0.0	0.0	0.0	0.0	0.0	0.0	0.0	0.0	0.0	0.0	0.0	0.0	0.0	0.0	0.0	0.0	0.0	0.0	0.0	0.0
SRR21723046	28.0	24.0	709.0	0.0	144.0	0.0	0.0	0.0	17.0	88.0	0.0	27.0	0.0	0.0	0.0	103.0	28.0	17.0	217.0	8.0	531.0	32.0	4.0	136.0	569.0	0.0	0.0	10.0	937.0	74.0	6.0	0.0	654.0	0.0	114.0	0.0	3.0	147.0	0.0	41.0	863.0	0.0	0.0	0.0	1736.0	251.0	21.0	0.0	2214.0	8.0	133.0	0.0	16.0	0.0	49.0	0.0	49.0	0.0	0.0	242.0	0.0	0.0	0.0	0.0	0.0	0.0	8.0	0.0	0.0	47.0	404.0	0.0	0.0	4.0	226.0	0.0	0.0	0.0	0.0	0.0	0.0	0.0	0.0	0.0	51.0	0.0	854.0	122.0	0.0	0.0	1390.0	2.0	0.0	25.0	6.0	0.0	0.0	0.0	0.0	0.0	0.0	0.0	46.0	40.0	144.0	0.0	21.0	21.0	0.0	0.0	0.0	0.0	0.0	0.0	9.0	914.0	0.0	0.0	110.0	0.0	0.0	0.0	0.0	0.0	0.0	0.0	11.0	10.0	0.0	65.0	0.0	137.0	0.0	0.0	0.0	0.0	0.0	0.0	0.0	0.0	0.0	0.0	0.0	0.0	0.0	0.0	0.0	0.0	0.0	0.0	0.0	0.0	0.0	6.0	0.0	0.0	0.0	0.0	0.0	0.0	0.0	0.0	0.0	0.0	0.0	0.0	0.0	0.0	24.0	31.0	0.0	5.0	0.0	1528.0	0.0	21.0	0.0	0.0	0.0	30.0	0.0	0.0	0.0	0.0	0.0	0.0	0.0	0.0	0.0	0.0	0.0	0.0	0.0	0.0	0.0	0.0	0.0	0.0	0.0	0.0	69.0	0.0	0.0	0.0	0.0	0.0	0.0	0.0	0.0	0.0	0.0	0.0	0.0	0.0	0.0	0.0	0.0	0.0	0.0	0.0	0.0	0.0	975.0	0.0	0.0	0.0	0.0	0.0	0.0	0.0	0.0	0.0	0.0	0.0	0.0	0.0	0.0	0.0	0.0	0.0	0.0	0.0	0.0	0.0	0.0	0.0	0.0	0.0	0.0	0.0	0.0	0.0	0.0	0.0	0.0	0.0	23.0	0.0	0.0	0.0	0.0	0.0	0.0	0.0	0.0	0.0	0.0	0.0	0.0	0.0	0.0	0.0	0.0	0.0	0.0	0.0	0.0	0.0	0.0	0.0	0.0	0.0	0.0	0.0	0.0	0.0	0.0	0.0	0.0	0.0	0.0	0.0	0.0	0.0	0.0	0.0	0.0	0.0	0.0	0.0	0.0	0.0	0.0	0.0	0.0	26.0	0.0	0.0	0.0	0.0	0.0	0.0	0.0	0.0	0.0	0.0	0.0	0.0	0.0	0.0	0.0
SRR21723047	0.0	614.0	178.0	0.0	19.0	0.0	0.0	0.0	0.0	37.0	0.0	163.0	0.0	8.0	0.0	0.0	0.0	0.0	2759.0	0.0	85.0	0.0	0.0	109.0	112.0	0.0	0.0	0.0	809.0	0.0	0.0	0.0	1389.0	0.0	159.0	0.0	0.0	393.0	0.0	49.0	681.0	0.0	0.0	0.0	3015.0	2803.0	20.0	0.0	180.0	0.0	0.0	0.0	0.0	0.0	0.0	0.0	0.0	0.0	0.0	47.0	0.0	5.0	0.0	0.0	0.0	0.0	0.0	0.0	0.0	0.0	760.0	0.0	0.0	6.0	0.0	0.0	0.0	0.0	0.0	0.0	0.0	102.0	0.0	0.0	0.0	0.0	19.0	176.0	0.0	0.0	631.0	0.0	0.0	0.0	0.0	0.0	0.0	0.0	0.0	0.0	0.0	0.0	0.0	0.0	82.0	0.0	0.0	60.0	0.0	0.0	0.0	0.0	0.0	0.0	0.0	283.0	0.0	0.0	683.0	0.0	0.0	0.0	0.0	0.0	0.0	0.0	0.0	0.0	0.0	0.0	0.0	0.0	0.0	0.0	0.0	3.0	0.0	0.0	0.0	0.0	0.0	0.0	10.0	0.0	0.0	0.0	41.0	0.0	0.0	0.0	0.0	0.0	0.0	0.0	0.0	0.0	55.0	0.0	0.0	0.0	0.0	5.0	0.0	0.0	0.0	0.0	0.0	0.0	160.0	41.0	0.0	0.0	0.0	87.0	0.0	2.0	0.0	0.0	0.0	0.0	0.0	0.0	0.0	0.0	0.0	0.0	0.0	0.0	0.0	0.0	0.0	0.0	0.0	0.0	0.0	0.0	29.0	0.0	0.0	0.0	20.0	0.0	0.0	0.0	0.0	0.0	0.0	0.0	0.0	0.0	0.0	0.0	0.0	0.0	0.0	0.0	0.0	0.0	0.0	0.0	0.0	0.0	110.0	0.0	0.0	0.0	0.0	0.0	0.0	0.0	0.0	0.0	0.0	0.0	0.0	0.0	0.0	0.0	0.0	0.0	0.0	118.0	0.0	0.0	0.0	0.0	0.0	14.0	0.0	0.0	0.0	0.0	0.0	0.0	0.0	0.0	227.0	0.0	0.0	0.0	0.0	0.0	264.0	0.0	0.0	0.0	0.0	0.0	29.0	0.0	0.0	0.0	0.0	0.0	0.0	0.0	0.0	0.0	0.0	0.0	0.0	0.0	0.0	0.0	0.0	0.0	0.0	0.0	0.0	0.0	19.0	0.0	0.0	0.0	0.0	0.0	0.0	0.0	0.0	0.0	0.0	0.0	0.0	0.0	0.0	15.0	0.0	0.0	0.0	0.0	0.0	0.0	0.0	0.0	0.0	0.0	0.0	0.0	0.0	0.0	0.0
SRR21723048	22.0	27.0	190.0	0.0	115.0	0.0	0.0	0.0	0.0	28.0	23.0	28.0	0.0	0.0	11.0	68.0	0.0	0.0	70.0	8.0	241.0	31.0	0.0	150.0	292.0	56.0	0.0	0.0	584.0	30.0	0.0	15.0	735.0	0.0	105.0	5.0	0.0	4143.0	0.0	10.0	904.0	0.0	0.0	0.0	616.0	237.0	0.0	6.0	170.0	0.0	78.0	0.0	0.0	0.0	21.0	0.0	106.0	0.0	0.0	122.0	0.0	0.0	0.0	0.0	0.0	0.0	19.0	0.0	0.0	36.0	327.0	0.0	0.0	0.0	14.0	9.0	0.0	0.0	0.0	0.0	0.0	0.0	0.0	0.0	33.0	0.0	655.0	92.0	0.0	0.0	891.0	22.0	0.0	0.0	6.0	0.0	0.0	0.0	0.0	0.0	0.0	0.0	0.0	25.0	61.0	0.0	42.0	0.0	0.0	0.0	0.0	0.0	0.0	0.0	12.0	530.0	0.0	0.0	60.0	0.0	7.0	0.0	0.0	0.0	0.0	0.0	0.0	0.0	0.0	112.0	0.0	116.0	0.0	0.0	0.0	0.0	0.0	0.0	5.0	0.0	0.0	0.0	15.0	0.0	0.0	0.0	0.0	15.0	0.0	0.0	0.0	0.0	0.0	0.0	0.0	0.0	0.0	0.0	0.0	0.0	0.0	0.0	0.0	0.0	0.0	0.0	0.0	0.0	0.0	0.0	0.0	0.0	0.0	810.0	0.0	0.0	0.0	0.0	0.0	0.0	0.0	0.0	13.0	0.0	0.0	0.0	0.0	0.0	11.0	0.0	0.0	0.0	0.0	0.0	0.0	0.0	30.0	0.0	0.0	0.0	76.0	0.0	0.0	8.0	0.0	0.0	0.0	0.0	0.0	0.0	0.0	0.0	0.0	0.0	0.0	0.0	0.0	0.0	0.0	0.0	0.0	0.0	1481.0	0.0	0.0	0.0	0.0	0.0	0.0	0.0	0.0	0.0	0.0	0.0	0.0	0.0	0.0	0.0	0.0	0.0	0.0	0.0	0.0	0.0	0.0	0.0	0.0	0.0	0.0	0.0	0.0	0.0	0.0	0.0	0.0	0.0	0.0	0.0	0.0	0.0	0.0	0.0	0.0	0.0	0.0	0.0	0.0	0.0	0.0	0.0	0.0	0.0	0.0	0.0	0.0	0.0	0.0	0.0	0.0	0.0	0.0	0.0	0.0	0.0	0.0	0.0	0.0	0.0	0.0	0.0	0.0	0.0	0.0	0.0	0.0	0.0	0.0	0.0	0.0	0.0	0.0	0.0	0.0	0.0	0.0	0.0	0.0	0.0	0.0	0.0	0.0	0.0	0.0	0.0	0.0	0.0	0.0	0.0	0.0	0.0	0.0
SRR21723049	94.0	130.0	467.0	0.0	176.0	0.0	0.0	0.0	9.0	178.0	38.0	241.0	0.0	0.0	25.0	266.0	7.0	19.0	319.0	0.0	483.0	19.0	0.0	301.0	622.0	80.0	0.0	0.0	1616.0	74.0	0.0	17.0	1496.0	0.0	214.0	34.0	0.0	150.0	0.0	164.0	2157.0	19.0	0.0	0.0	1092.0	402.0	178.0	3.0	485.0	0.0	150.0	0.0	9.0	0.0	150.0	0.0	368.0	0.0	7.0	613.0	0.0	0.0	0.0	0.0	0.0	0.0	0.0	0.0	0.0	50.0	908.0	7.0	0.0	13.0	380.0	0.0	0.0	0.0	0.0	0.0	0.0	45.0	0.0	0.0	258.0	0.0	299.0	4792.0	3.0	0.0	1716.0	37.0	0.0	29.0	0.0	0.0	0.0	0.0	0.0	0.0	0.0	0.0	62.0	0.0	248.0	0.0	112.0	14.0	0.0	0.0	0.0	0.0	0.0	0.0	11.0	2876.0	0.0	0.0	183.0	0.0	0.0	0.0	0.0	0.0	0.0	8.0	29.0	0.0	0.0	52.0	0.0	385.0	0.0	0.0	0.0	0.0	0.0	0.0	0.0	0.0	0.0	0.0	0.0	0.0	0.0	0.0	28.0	0.0	0.0	0.0	0.0	0.0	0.0	0.0	0.0	0.0	0.0	0.0	5.0	0.0	10.0	0.0	0.0	0.0	0.0	0.0	0.0	0.0	12.0	122.0	0.0	0.0	0.0	1351.0	0.0	18.0	0.0	11.0	0.0	148.0	0.0	0.0	0.0	0.0	5.0	0.0	0.0	0.0	0.0	0.0	0.0	0.0	0.0	0.0	0.0	0.0	0.0	0.0	0.0	38.0	274.0	0.0	0.0	18.0	0.0	0.0	0.0	0.0	0.0	0.0	0.0	0.0	0.0	0.0	0.0	0.0	0.0	0.0	0.0	0.0	0.0	0.0	1397.0	0.0	0.0	0.0	0.0	0.0	0.0	0.0	0.0	0.0	0.0	0.0	0.0	0.0	0.0	0.0	0.0	0.0	0.0	26.0	0.0	0.0	0.0	0.0	0.0	0.0	0.0	0.0	0.0	0.0	0.0	0.0	0.0	0.0	47.0	0.0	0.0	0.0	0.0	0.0	0.0	0.0	0.0	0.0	0.0	0.0	0.0	0.0	0.0	0.0	0.0	0.0	0.0	0.0	0.0	0.0	0.0	0.0	0.0	0.0	0.0	0.0	0.0	0.0	0.0	0.0	0.0	0.0	0.0	0.0	0.0	0.0	0.0	0.0	0.0	0.0	0.0	0.0	0.0	0.0	0.0	0.0	0.0	0.0	0.0	0.0	0.0	0.0	0.0	0.0	0.0	0.0	0.0	0.0	0.0	0.0	0.0	8.0	0.0
SRR21723050	51.0	90.0	262.0	0.0	275.0	0.0	0.0	0.0	7.0	153.0	23.0	115.0	0.0	0.0	41.0	258.0	0.0	50.0	284.0	0.0	705.0	28.0	0.0	159.0	641.0	0.0	4.0	25.0	942.0	168.0	8.0	0.0	937.0	0.0	241.0	0.0	0.0	535.0	0.0	207.0	953.0	3.0	0.0	0.0	710.0	258.0	94.0	0.0	270.0	0.0	262.0	0.0	0.0	0.0	192.0	0.0	175.0	0.0	0.0	792.0	0.0	0.0	0.0	16.0	0.0	0.0	17.0	0.0	0.0	38.0	500.0	0.0	0.0	0.0	92.0	0.0	0.0	0.0	0.0	0.0	0.0	0.0	0.0	0.0	435.0	0.0	334.0	26.0	0.0	0.0	1883.0	26.0	0.0	25.0	12.0	0.0	0.0	0.0	0.0	0.0	0.0	0.0	163.0	0.0	16.0	0.0	128.0	0.0	0.0	0.0	0.0	0.0	0.0	0.0	0.0	2400.0	0.0	0.0	111.0	0.0	0.0	0.0	12.0	0.0	0.0	0.0	0.0	0.0	0.0	49.0	0.0	499.0	0.0	0.0	0.0	0.0	0.0	0.0	0.0	0.0	0.0	0.0	7.0	0.0	13.0	0.0	0.0	0.0	0.0	0.0	0.0	0.0	0.0	0.0	0.0	0.0	0.0	0.0	183.0	0.0	0.0	0.0	0.0	0.0	0.0	0.0	0.0	0.0	19.0	35.0	0.0	0.0	0.0	1595.0	0.0	66.0	0.0	15.0	0.0	69.0	0.0	0.0	0.0	0.0	0.0	0.0	0.0	0.0	0.0	0.0	0.0	0.0	0.0	0.0	0.0	0.0	0.0	0.0	0.0	21.0	179.0	0.0	0.0	0.0	0.0	0.0	0.0	0.0	0.0	0.0	0.0	0.0	0.0	0.0	0.0	0.0	0.0	0.0	0.0	0.0	0.0	0.0	3229.0	0.0	0.0	0.0	0.0	0.0	0.0	0.0	25.0	0.0	0.0	0.0	0.0	0.0	0.0	0.0	0.0	0.0	0.0	0.0	0.0	0.0	0.0	0.0	0.0	0.0	0.0	0.0	0.0	0.0	0.0	0.0	0.0	0.0	0.0	0.0	0.0	0.0	0.0	0.0	0.0	0.0	0.0	0.0	0.0	0.0	0.0	0.0	0.0	0.0	0.0	0.0	0.0	0.0	0.0	0.0	0.0	0.0	0.0	0.0	0.0	0.0	0.0	0.0	0.0	0.0	0.0	0.0	0.0	0.0	0.0	0.0	0.0	0.0	0.0	0.0	0.0	0.0	0.0	0.0	0.0	0.0	0.0	0.0	0.0	0.0	0.0	0.0	0.0	0.0	0.0	0.0	0.0	0.0	0.0	0.0	0.0	0.0	0.0
SRR21723051	6.0	160.0	203.0	0.0	115.0	0.0	0.0	0.0	7.0	98.0	0.0	244.0	0.0	61.0	13.0	19.0	0.0	9.0	768.0	8.0	335.0	6.0	0.0	458.0	388.0	71.0	0.0	0.0	669.0	73.0	0.0	27.0	1262.0	0.0	131.0	5.0	0.0	230.0	0.0	104.0	2820.0	0.0	0.0	0.0	2126.0	493.0	49.0	0.0	227.0	0.0	25.0	0.0	6.0	0.0	36.0	0.0	13.0	0.0	0.0	540.0	0.0	4.0	0.0	0.0	0.0	0.0	12.0	0.0	0.0	33.0	1094.0	0.0	0.0	16.0	0.0	0.0	0.0	0.0	0.0	0.0	0.0	251.0	0.0	0.0	215.0	0.0	160.0	210.0	0.0	0.0	930.0	0.0	0.0	0.0	5.0	0.0	0.0	0.0	16.0	0.0	0.0	0.0	51.0	0.0	698.0	0.0	60.0	0.0	0.0	0.0	0.0	0.0	0.0	0.0	8.0	3061.0	0.0	0.0	995.0	0.0	0.0	0.0	9.0	0.0	0.0	3.0	0.0	0.0	0.0	30.0	0.0	251.0	0.0	0.0	0.0	4.0	0.0	0.0	0.0	0.0	0.0	0.0	0.0	0.0	0.0	0.0	23.0	0.0	0.0	0.0	0.0	0.0	0.0	0.0	0.0	0.0	13.0	0.0	22.0	0.0	0.0	0.0	0.0	0.0	0.0	0.0	0.0	0.0	50.0	0.0	0.0	0.0	0.0	1747.0	0.0	0.0	0.0	0.0	0.0	88.0	0.0	0.0	0.0	0.0	0.0	0.0	0.0	0.0	0.0	0.0	0.0	0.0	0.0	0.0	0.0	0.0	0.0	0.0	0.0	15.0	90.0	0.0	0.0	0.0	0.0	0.0	0.0	0.0	0.0	0.0	0.0	0.0	0.0	0.0	0.0	0.0	0.0	0.0	0.0	0.0	0.0	0.0	1386.0	11.0	0.0	0.0	0.0	0.0	0.0	0.0	0.0	0.0	0.0	0.0	0.0	0.0	0.0	0.0	0.0	0.0	0.0	0.0	0.0	0.0	0.0	0.0	0.0	20.0	0.0	0.0	0.0	0.0	0.0	0.0	0.0	0.0	32.0	0.0	0.0	0.0	0.0	0.0	40.0	0.0	0.0	0.0	0.0	0.0	0.0	0.0	0.0	0.0	0.0	0.0	0.0	0.0	0.0	0.0	0.0	0.0	0.0	0.0	0.0	0.0	0.0	0.0	0.0	0.0	0.0	0.0	0.0	0.0	0.0	0.0	0.0	0.0	0.0	0.0	0.0	0.0	0.0	0.0	0.0	0.0	0.0	0.0	0.0	0.0	0.0	0.0	0.0	0.0	0.0	0.0	0.0	0.0	0.0	0.0	0.0	0.0	0.0
SRR21723052	608.0	14.0	328.0	0.0	163.0	0.0	0.0	0.0	40.0	275.0	89.0	5.0	3.0	12.0	34.0	1259.0	157.0	10.0	48.0	24.0	351.0	89.0	0.0	0.0	819.0	124.0	8.0	133.0	716.0	0.0	0.0	3.0	117.0	0.0	296.0	3.0	0.0	0.0	0.0	236.0	828.0	3.0	0.0	0.0	29.0	83.0	110.0	0.0	217.0	12.0	1055.0	0.0	3.0	0.0	162.0	0.0	258.0	0.0	0.0	331.0	0.0	0.0	0.0	27.0	0.0	16.0	61.0	0.0	0.0	219.0	42.0	4.0	0.0	0.0	93.0	6.0	0.0	0.0	0.0	0.0	0.0	0.0	0.0	0.0	9.0	0.0	155.0	10.0	0.0	0.0	119.0	16.0	0.0	67.0	45.0	0.0	0.0	0.0	0.0	0.0	0.0	0.0	131.0	275.0	26.0	0.0	0.0	0.0	8.0	0.0	0.0	0.0	10.0	0.0	13.0	125.0	0.0	0.0	24.0	0.0	7.0	0.0	39.0	0.0	0.0	0.0	0.0	0.0	0.0	0.0	0.0	233.0	0.0	0.0	0.0	0.0	0.0	0.0	0.0	0.0	0.0	3.0	0.0	0.0	0.0	3.0	0.0	0.0	0.0	0.0	0.0	0.0	0.0	5.0	0.0	0.0	0.0	0.0	0.0	0.0	54.0	0.0	0.0	0.0	0.0	0.0	0.0	0.0	0.0	0.0	0.0	0.0	0.0	184.0	5.0	13.0	0.0	0.0	4.0	0.0	2.0	0.0	0.0	0.0	0.0	0.0	2.0	0.0	20.0	0.0	0.0	0.0	0.0	0.0	0.0	0.0	0.0	0.0	0.0	0.0	107.0	0.0	0.0	0.0	0.0	0.0	0.0	0.0	0.0	0.0	0.0	0.0	0.0	0.0	0.0	0.0	0.0	0.0	0.0	0.0	0.0	0.0	119.0	0.0	0.0	0.0	0.0	0.0	0.0	0.0	0.0	0.0	0.0	0.0	0.0	0.0	0.0	0.0	0.0	0.0	0.0	0.0	0.0	0.0	0.0	0.0	0.0	0.0	0.0	0.0	0.0	0.0	0.0	2.0	0.0	0.0	0.0	0.0	0.0	0.0	0.0	0.0	0.0	0.0	0.0	0.0	0.0	0.0	0.0	0.0	0.0	0.0	0.0	0.0	0.0	0.0	0.0	0.0	0.0	0.0	0.0	0.0	0.0	0.0	0.0	0.0	0.0	0.0	0.0	0.0	0.0	0.0	0.0	0.0	0.0	0.0	0.0	0.0	0.0	0.0	0.0	0.0	0.0	0.0	0.0	0.0	0.0	0.0	0.0	0.0	0.0	0.0	0.0	0.0	0.0	0.0	0.0	0.0	0.0	0.0	0.0
SRR21723053	148.0	413.0	836.0	0.0	162.0	0.0	6.0	0.0	0.0	85.0	0.0	529.0	9.0	64.0	17.0	65.0	0.0	26.0	445.0	4.0	889.0	6.0	0.0	117.0	1258.0	107.0	9.0	30.0	1210.0	60.0	0.0	6.0	1919.0	0.0	205.0	0.0	0.0	238.0	0.0	132.0	3264.0	0.0	0.0	4.0	2075.0	483.0	151.0	4.0	549.0	0.0	138.0	0.0	10.0	0.0	48.0	0.0	132.0	0.0	7.0	234.0	0.0	0.0	0.0	0.0	0.0	0.0	11.0	0.0	15.0	34.0	868.0	0.0	0.0	0.0	186.0	0.0	0.0	0.0	0.0	5.0	0.0	24.0	0.0	0.0	151.0	0.0	2124.0	50.0	0.0	0.0	1286.0	81.0	0.0	0.0	0.0	0.0	0.0	0.0	0.0	0.0	0.0	0.0	32.0	0.0	869.0	0.0	62.0	0.0	0.0	0.0	0.0	0.0	0.0	0.0	0.0	1028.0	0.0	0.0	26.0	0.0	115.0	0.0	0.0	0.0	0.0	0.0	38.0	0.0	0.0	51.0	0.0	354.0	0.0	0.0	0.0	0.0	0.0	0.0	0.0	0.0	0.0	0.0	0.0	0.0	2.0	0.0	4.0	0.0	0.0	0.0	0.0	0.0	0.0	0.0	0.0	0.0	0.0	0.0	0.0	0.0	10.0	67.0	14.0	0.0	0.0	0.0	0.0	0.0	0.0	0.0	0.0	0.0	0.0	892.0	0.0	0.0	0.0	44.0	0.0	119.0	0.0	0.0	22.0	0.0	0.0	0.0	0.0	0.0	0.0	0.0	0.0	0.0	0.0	0.0	0.0	0.0	0.0	0.0	0.0	0.0	307.0	0.0	0.0	0.0	0.0	0.0	0.0	0.0	0.0	0.0	0.0	0.0	0.0	0.0	0.0	0.0	30.0	0.0	0.0	0.0	0.0	0.0	1635.0	0.0	0.0	0.0	0.0	0.0	0.0	0.0	0.0	0.0	0.0	0.0	0.0	0.0	0.0	0.0	0.0	0.0	0.0	0.0	0.0	0.0	0.0	0.0	0.0	0.0	0.0	0.0	0.0	0.0	0.0	0.0	0.0	0.0	0.0	0.0	0.0	0.0	0.0	0.0	0.0	0.0	0.0	0.0	0.0	0.0	0.0	0.0	0.0	0.0	0.0	0.0	0.0	0.0	0.0	0.0	0.0	0.0	222.0	0.0	0.0	0.0	0.0	0.0	0.0	0.0	0.0	0.0	0.0	0.0	0.0	0.0	0.0	0.0	0.0	0.0	0.0	0.0	0.0	0.0	0.0	0.0	0.0	0.0	0.0	0.0	0.0	0.0	0.0	2.0	0.0	0.0	0.0	0.0	0.0	0.0	0.0	0.0	0.0
SRR21723054	38.0	104.0	617.0	0.0	105.0	0.0	0.0	0.0	13.0	120.0	0.0	285.0	0.0	0.0	28.0	2.0	0.0	27.0	486.0	12.0	674.0	5.0	5.0	0.0	598.0	121.0	2.0	36.0	1234.0	56.0	0.0	16.0	1010.0	0.0	216.0	0.0	0.0	245.0	0.0	51.0	1908.0	0.0	7.0	0.0	2046.0	474.0	0.0	0.0	753.0	0.0	65.0	2.0	7.0	0.0	38.0	0.0	81.0	0.0	0.0	82.0	0.0	0.0	0.0	0.0	0.0	0.0	5.0	0.0	0.0	11.0	1194.0	3.0	0.0	0.0	64.0	0.0	0.0	0.0	0.0	11.0	0.0	56.0	0.0	0.0	0.0	0.0	366.0	9.0	0.0	0.0	1425.0	53.0	0.0	0.0	0.0	0.0	0.0	0.0	0.0	0.0	0.0	0.0	0.0	40.0	501.0	0.0	40.0	0.0	0.0	0.0	0.0	0.0	0.0	0.0	0.0	847.0	0.0	0.0	30.0	0.0	84.0	0.0	0.0	0.0	0.0	11.0	26.0	0.0	0.0	20.0	0.0	157.0	0.0	0.0	0.0	0.0	0.0	0.0	0.0	0.0	0.0	0.0	0.0	0.0	0.0	0.0	22.0	0.0	0.0	0.0	0.0	0.0	0.0	0.0	0.0	0.0	0.0	0.0	0.0	0.0	0.0	0.0	0.0	0.0	0.0	0.0	0.0	0.0	0.0	67.0	0.0	0.0	0.0	321.0	0.0	2.0	0.0	0.0	0.0	159.0	0.0	0.0	0.0	0.0	2.0	0.0	0.0	0.0	0.0	0.0	0.0	0.0	0.0	5.0	0.0	0.0	0.0	0.0	0.0	0.0	217.0	0.0	0.0	0.0	0.0	0.0	0.0	0.0	0.0	0.0	0.0	0.0	0.0	0.0	0.0	0.0	0.0	0.0	0.0	0.0	0.0	0.0	309.0	0.0	0.0	0.0	43.0	0.0	0.0	0.0	0.0	0.0	0.0	0.0	0.0	0.0	0.0	0.0	0.0	0.0	0.0	52.0	0.0	0.0	0.0	0.0	0.0	0.0	0.0	0.0	0.0	0.0	0.0	0.0	0.0	0.0	35.0	0.0	0.0	0.0	0.0	0.0	0.0	0.0	0.0	0.0	0.0	0.0	0.0	0.0	0.0	0.0	0.0	0.0	0.0	0.0	0.0	0.0	0.0	0.0	0.0	0.0	0.0	0.0	0.0	0.0	0.0	0.0	0.0	0.0	0.0	0.0	0.0	0.0	0.0	0.0	0.0	0.0	0.0	0.0	0.0	0.0	0.0	0.0	0.0	0.0	0.0	0.0	0.0	0.0	0.0	0.0	0.0	0.0	0.0	0.0	0.0	0.0	0.0	0.0	0.0
SRR21723055	54.0	141.0	451.0	0.0	196.0	0.0	0.0	0.0	0.0	138.0	0.0	710.0	0.0	0.0	13.0	114.0	11.0	41.0	157.0	18.0	714.0	7.0	0.0	246.0	704.0	23.0	23.0	32.0	1578.0	299.0	0.0	7.0	1445.0	0.0	319.0	14.0	0.0	265.0	3.0	226.0	1820.0	25.0	0.0	0.0	1640.0	370.0	188.0	0.0	484.0	0.0	40.0	0.0	0.0	0.0	84.0	0.0	177.0	0.0	5.0	393.0	0.0	0.0	0.0	0.0	0.0	0.0	19.0	0.0	0.0	41.0	1223.0	0.0	0.0	0.0	282.0	0.0	0.0	0.0	0.0	3.0	0.0	4.0	0.0	0.0	81.0	0.0	891.0	0.0	2.0	0.0	2137.0	58.0	0.0	0.0	0.0	0.0	0.0	0.0	0.0	0.0	0.0	0.0	0.0	0.0	245.0	0.0	158.0	0.0	0.0	0.0	0.0	0.0	0.0	0.0	15.0	1893.0	0.0	0.0	228.0	0.0	55.0	0.0	0.0	0.0	3.0	0.0	43.0	0.0	0.0	48.0	0.0	530.0	0.0	0.0	0.0	0.0	0.0	0.0	0.0	0.0	0.0	0.0	0.0	0.0	0.0	0.0	0.0	0.0	0.0	0.0	0.0	0.0	0.0	0.0	0.0	0.0	0.0	0.0	0.0	0.0	7.0	3.0	0.0	0.0	0.0	0.0	0.0	0.0	0.0	15.0	0.0	0.0	0.0	662.0	0.0	15.0	0.0	0.0	0.0	201.0	0.0	0.0	19.0	0.0	10.0	0.0	0.0	0.0	0.0	0.0	0.0	0.0	0.0	0.0	0.0	0.0	12.0	0.0	0.0	0.0	265.0	0.0	0.0	0.0	0.0	0.0	0.0	0.0	0.0	0.0	0.0	0.0	0.0	0.0	0.0	0.0	0.0	0.0	0.0	0.0	0.0	0.0	920.0	0.0	0.0	0.0	0.0	0.0	0.0	0.0	0.0	0.0	0.0	0.0	0.0	0.0	0.0	0.0	0.0	0.0	0.0	0.0	0.0	0.0	0.0	0.0	0.0	0.0	0.0	0.0	0.0	0.0	0.0	0.0	0.0	0.0	39.0	0.0	0.0	0.0	0.0	0.0	0.0	0.0	0.0	0.0	0.0	0.0	0.0	0.0	0.0	0.0	0.0	0.0	0.0	0.0	0.0	0.0	0.0	23.0	0.0	0.0	0.0	0.0	0.0	0.0	0.0	0.0	0.0	0.0	0.0	0.0	0.0	0.0	0.0	0.0	0.0	0.0	0.0	0.0	0.0	0.0	0.0	0.0	0.0	0.0	0.0	0.0	0.0	0.0	0.0	0.0	0.0	0.0	0.0	0.0	0.0	0.0	0.0	0.0	0.0
SRR21723056	122.0	280.0	889.0	0.0	205.0	0.0	0.0	0.0	29.0	109.0	0.0	480.0	0.0	3.0	3.0	36.0	10.0	124.0	195.0	5.0	724.0	6.0	0.0	87.0	623.0	252.0	0.0	51.0	2438.0	60.0	0.0	5.0	1229.0	0.0	271.0	14.0	0.0	511.0	0.0	202.0	3334.0	4.0	0.0	0.0	1200.0	471.0	77.0	0.0	1339.0	0.0	44.0	0.0	0.0	0.0	49.0	0.0	301.0	0.0	16.0	102.0	0.0	0.0	0.0	0.0	0.0	0.0	0.0	0.0	13.0	33.0	406.0	0.0	0.0	0.0	568.0	0.0	0.0	0.0	0.0	9.0	0.0	20.0	0.0	0.0	0.0	0.0	917.0	38.0	0.0	0.0	1983.0	54.0	0.0	19.0	0.0	0.0	0.0	0.0	0.0	0.0	0.0	0.0	0.0	48.0	343.0	14.0	0.0	6.0	0.0	0.0	0.0	0.0	0.0	0.0	13.0	634.0	0.0	0.0	3.0	0.0	10.0	0.0	5.0	0.0	0.0	0.0	77.0	0.0	0.0	36.0	0.0	174.0	0.0	0.0	0.0	0.0	0.0	0.0	0.0	0.0	0.0	3.0	16.0	0.0	0.0	0.0	0.0	9.0	0.0	0.0	0.0	0.0	0.0	0.0	0.0	0.0	0.0	0.0	0.0	0.0	0.0	13.0	0.0	0.0	0.0	0.0	0.0	0.0	0.0	14.0	0.0	0.0	0.0	522.0	0.0	0.0	0.0	35.0	14.0	259.0	0.0	0.0	20.0	0.0	0.0	0.0	0.0	0.0	0.0	0.0	0.0	0.0	0.0	0.0	0.0	0.0	9.0	0.0	0.0	0.0	562.0	0.0	0.0	0.0	0.0	0.0	0.0	0.0	0.0	0.0	0.0	0.0	0.0	0.0	0.0	0.0	0.0	0.0	0.0	0.0	0.0	0.0	604.0	0.0	0.0	0.0	258.0	0.0	0.0	0.0	0.0	0.0	0.0	0.0	0.0	0.0	0.0	0.0	0.0	0.0	0.0	0.0	0.0	0.0	0.0	0.0	0.0	0.0	0.0	0.0	0.0	0.0	0.0	0.0	0.0	0.0	13.0	0.0	0.0	0.0	0.0	0.0	0.0	0.0	0.0	0.0	0.0	0.0	0.0	0.0	0.0	0.0	0.0	0.0	0.0	0.0	0.0	0.0	0.0	0.0	0.0	0.0	0.0	0.0	0.0	0.0	0.0	0.0	0.0	0.0	0.0	0.0	0.0	0.0	0.0	0.0	0.0	0.0	0.0	0.0	0.0	0.0	0.0	0.0	0.0	0.0	0.0	0.0	0.0	0.0	0.0	0.0	0.0	0.0	0.0	0.0	0.0	0.0	0.0	0.0	0.0
SRR21723057	48.0	37.0	946.0	0.0	319.0	0.0	0.0	0.0	0.0	131.0	28.0	33.0	0.0	0.0	0.0	119.0	27.0	12.0	271.0	0.0	200.0	0.0	0.0	94.0	719.0	75.0	0.0	12.0	783.0	155.0	0.0	0.0	1247.0	0.0	228.0	9.0	0.0	275.0	0.0	84.0	1696.0	0.0	0.0	0.0	1068.0	261.0	11.0	10.0	977.0	0.0	69.0	0.0	0.0	0.0	113.0	0.0	68.0	0.0	0.0	657.0	0.0	0.0	0.0	9.0	0.0	0.0	0.0	0.0	0.0	116.0	229.0	0.0	0.0	0.0	59.0	6.0	0.0	6.0	0.0	0.0	0.0	14.0	0.0	0.0	154.0	0.0	1128.0	168.0	0.0	0.0	1442.0	6.0	0.0	96.0	0.0	0.0	0.0	0.0	0.0	0.0	0.0	0.0	60.0	0.0	82.0	0.0	79.0	0.0	0.0	0.0	0.0	0.0	0.0	0.0	0.0	2780.0	0.0	0.0	135.0	0.0	12.0	0.0	0.0	0.0	0.0	0.0	28.0	0.0	0.0	390.0	0.0	457.0	0.0	0.0	0.0	0.0	0.0	0.0	0.0	0.0	0.0	4.0	0.0	3.0	5.0	0.0	0.0	0.0	0.0	0.0	0.0	0.0	0.0	0.0	12.0	0.0	0.0	0.0	0.0	0.0	0.0	0.0	0.0	0.0	0.0	0.0	0.0	0.0	0.0	53.0	0.0	0.0	0.0	2750.0	0.0	0.0	0.0	0.0	0.0	0.0	0.0	15.0	0.0	0.0	0.0	0.0	0.0	0.0	0.0	0.0	0.0	0.0	0.0	0.0	0.0	0.0	0.0	0.0	0.0	76.0	213.0	0.0	0.0	0.0	0.0	0.0	0.0	0.0	0.0	0.0	0.0	0.0	0.0	0.0	0.0	0.0	0.0	0.0	0.0	0.0	0.0	0.0	2548.0	0.0	0.0	0.0	0.0	0.0	0.0	0.0	8.0	0.0	0.0	0.0	0.0	40.0	0.0	0.0	0.0	0.0	0.0	0.0	0.0	0.0	0.0	0.0	0.0	0.0	0.0	0.0	0.0	0.0	0.0	0.0	0.0	0.0	0.0	0.0	0.0	0.0	0.0	0.0	0.0	0.0	0.0	0.0	0.0	0.0	0.0	0.0	0.0	0.0	0.0	0.0	0.0	0.0	0.0	0.0	0.0	0.0	0.0	0.0	0.0	0.0	0.0	0.0	0.0	0.0	0.0	0.0	0.0	0.0	0.0	0.0	0.0	0.0	0.0	0.0	0.0	0.0	0.0	0.0	0.0	0.0	0.0	0.0	0.0	0.0	0.0	0.0	0.0	0.0	0.0	0.0	0.0	0.0	0.0	0.0	0.0	0.0	0.0
SRR21723058	0.0	0.0	38.0	0.0	0.0	0.0	0.0	0.0	0.0	34.0	0.0	23.0	0.0	0.0	0.0	0.0	0.0	0.0	64.0	0.0	169.0	0.0	0.0	99.0	292.0	86.0	0.0	0.0	448.0	0.0	0.0	0.0	510.0	0.0	57.0	0.0	0.0	984.0	0.0	0.0	594.0	0.0	13.0	0.0	1120.0	467.0	0.0	0.0	148.0	0.0	0.0	0.0	0.0	0.0	12.0	0.0	27.0	0.0	0.0	27.0	0.0	6.0	0.0	0.0	0.0	0.0	0.0	0.0	0.0	0.0	144.0	0.0	0.0	0.0	201.0	0.0	0.0	0.0	0.0	0.0	0.0	4.0	0.0	0.0	17.0	0.0	2059.0	32.0	0.0	0.0	1432.0	0.0	0.0	0.0	0.0	0.0	0.0	0.0	0.0	0.0	0.0	0.0	0.0	0.0	111.0	0.0	0.0	0.0	0.0	0.0	0.0	0.0	0.0	0.0	0.0	204.0	0.0	0.0	0.0	0.0	0.0	0.0	2.0	0.0	0.0	0.0	0.0	0.0	0.0	0.0	0.0	100.0	0.0	0.0	0.0	0.0	0.0	0.0	0.0	0.0	0.0	0.0	0.0	0.0	0.0	0.0	6.0	0.0	0.0	0.0	0.0	0.0	0.0	0.0	0.0	0.0	0.0	0.0	9.0	0.0	0.0	0.0	0.0	0.0	0.0	0.0	0.0	0.0	0.0	0.0	0.0	0.0	0.0	398.0	0.0	0.0	0.0	0.0	0.0	0.0	0.0	0.0	0.0	0.0	0.0	0.0	0.0	0.0	0.0	0.0	0.0	0.0	0.0	0.0	0.0	0.0	0.0	0.0	0.0	0.0	111.0	0.0	0.0	0.0	0.0	0.0	0.0	0.0	0.0	0.0	0.0	0.0	0.0	0.0	0.0	0.0	0.0	0.0	0.0	0.0	0.0	0.0	96.0	0.0	0.0	0.0	0.0	0.0	0.0	0.0	3.0	0.0	0.0	0.0	0.0	0.0	0.0	0.0	0.0	0.0	0.0	0.0	0.0	0.0	0.0	0.0	0.0	0.0	0.0	0.0	0.0	0.0	0.0	0.0	0.0	0.0	0.0	0.0	0.0	0.0	0.0	0.0	0.0	0.0	0.0	0.0	0.0	0.0	0.0	0.0	0.0	0.0	0.0	0.0	0.0	0.0	0.0	0.0	0.0	0.0	101.0	0.0	0.0	0.0	0.0	0.0	0.0	0.0	0.0	0.0	0.0	0.0	0.0	0.0	0.0	0.0	0.0	0.0	0.0	0.0	0.0	0.0	0.0	0.0	0.0	0.0	0.0	0.0	0.0	0.0	0.0	0.0	0.0	0.0	0.0	0.0	0.0	0.0	0.0	0.0	0.0
SRR21723059	7.0	0.0	245.0	0.0	23.0	0.0	0.0	0.0	0.0	134.0	6.0	85.0	0.0	0.0	10.0	15.0	0.0	4.0	96.0	0.0	345.0	0.0	0.0	144.0	436.0	13.0	0.0	0.0	1107.0	201.0	0.0	10.0	680.0	0.0	115.0	11.0	0.0	441.0	0.0	20.0	1457.0	0.0	28.0	0.0	2710.0	527.0	13.0	9.0	271.0	0.0	12.0	0.0	10.0	0.0	43.0	0.0	47.0	0.0	0.0	67.0	0.0	0.0	0.0	0.0	0.0	0.0	6.0	0.0	0.0	0.0	461.0	0.0	0.0	0.0	263.0	0.0	0.0	0.0	0.0	0.0	0.0	38.0	0.0	0.0	0.0	0.0	6362.0	170.0	0.0	0.0	3940.0	0.0	0.0	0.0	0.0	0.0	0.0	0.0	0.0	0.0	0.0	0.0	0.0	0.0	528.0	0.0	43.0	0.0	0.0	0.0	0.0	0.0	0.0	0.0	0.0	1039.0	0.0	0.0	0.0	0.0	0.0	0.0	0.0	0.0	0.0	0.0	0.0	0.0	0.0	281.0	0.0	194.0	0.0	0.0	0.0	0.0	0.0	0.0	0.0	0.0	0.0	0.0	0.0	0.0	0.0	0.0	0.0	0.0	0.0	0.0	0.0	0.0	0.0	0.0	0.0	0.0	0.0	0.0	8.0	0.0	0.0	0.0	0.0	0.0	0.0	0.0	0.0	0.0	111.0	378.0	0.0	0.0	0.0	503.0	0.0	0.0	0.0	0.0	0.0	0.0	0.0	0.0	0.0	0.0	0.0	0.0	0.0	0.0	0.0	0.0	0.0	0.0	0.0	0.0	0.0	0.0	66.0	0.0	0.0	0.0	149.0	0.0	0.0	0.0	0.0	0.0	0.0	0.0	0.0	0.0	0.0	0.0	0.0	0.0	0.0	0.0	0.0	0.0	0.0	0.0	0.0	0.0	188.0	0.0	0.0	0.0	0.0	0.0	0.0	0.0	0.0	0.0	0.0	0.0	0.0	0.0	0.0	0.0	0.0	0.0	0.0	0.0	0.0	0.0	0.0	0.0	0.0	0.0	0.0	0.0	0.0	0.0	0.0	0.0	0.0	0.0	0.0	0.0	0.0	0.0	0.0	0.0	0.0	0.0	0.0	0.0	0.0	0.0	0.0	0.0	0.0	0.0	0.0	0.0	0.0	13.0	0.0	0.0	0.0	0.0	120.0	0.0	0.0	0.0	0.0	0.0	0.0	0.0	0.0	0.0	0.0	0.0	0.0	0.0	0.0	0.0	0.0	0.0	0.0	0.0	0.0	0.0	0.0	0.0	0.0	0.0	0.0	0.0	0.0	0.0	0.0	0.0	0.0	0.0	0.0	0.0	0.0	0.0	0.0	0.0	0.0
SRR21723061	746.0	46.0	245.0	0.0	149.0	0.0	0.0	0.0	28.0	712.0	145.0	109.0	0.0	14.0	33.0	1579.0	96.0	60.0	55.0	45.0	372.0	40.0	0.0	8.0	729.0	92.0	11.0	242.0	761.0	0.0	0.0	2.0	60.0	0.0	620.0	3.0	0.0	0.0	2.0	226.0	796.0	23.0	0.0	0.0	38.0	91.0	90.0	0.0	252.0	45.0	675.0	0.0	3.0	7.0	158.0	0.0	304.0	0.0	0.0	240.0	0.0	0.0	0.0	0.0	0.0	0.0	42.0	3.0	0.0	192.0	111.0	6.0	0.0	0.0	110.0	0.0	0.0	0.0	0.0	11.0	0.0	0.0	0.0	0.0	0.0	0.0	151.0	33.0	7.0	0.0	77.0	37.0	0.0	977.0	27.0	0.0	0.0	0.0	0.0	0.0	0.0	0.0	58.0	286.0	42.0	0.0	70.0	0.0	6.0	0.0	0.0	0.0	6.0	0.0	18.0	95.0	0.0	0.0	118.0	0.0	0.0	0.0	43.0	0.0	0.0	0.0	61.0	0.0	0.0	0.0	0.0	288.0	0.0	0.0	0.0	0.0	0.0	0.0	0.0	0.0	24.0	0.0	0.0	0.0	0.0	0.0	0.0	0.0	0.0	0.0	5.0	0.0	0.0	0.0	0.0	0.0	0.0	0.0	0.0	2.0	45.0	0.0	0.0	0.0	0.0	0.0	0.0	0.0	0.0	40.0	7.0	0.0	0.0	41.0	0.0	0.0	0.0	0.0	0.0	18.0	0.0	0.0	35.0	0.0	0.0	0.0	2.0	0.0	13.0	0.0	0.0	0.0	0.0	10.0	0.0	0.0	0.0	0.0	0.0	0.0	80.0	0.0	0.0	0.0	0.0	0.0	0.0	0.0	0.0	0.0	0.0	0.0	0.0	0.0	0.0	0.0	0.0	0.0	0.0	0.0	0.0	0.0	54.0	0.0	0.0	0.0	0.0	0.0	0.0	0.0	0.0	0.0	0.0	0.0	0.0	0.0	0.0	0.0	0.0	0.0	0.0	0.0	0.0	0.0	0.0	0.0	0.0	0.0	0.0	0.0	0.0	0.0	0.0	0.0	0.0	0.0	0.0	0.0	0.0	0.0	0.0	0.0	0.0	0.0	0.0	0.0	0.0	0.0	0.0	0.0	0.0	0.0	0.0	0.0	0.0	0.0	0.0	0.0	0.0	0.0	0.0	0.0	0.0	0.0	0.0	0.0	0.0	0.0	0.0	0.0	0.0	0.0	0.0	0.0	0.0	0.0	0.0	0.0	0.0	0.0	0.0	0.0	0.0	0.0	0.0	0.0	0.0	0.0	0.0	0.0	0.0	0.0	0.0	0.0	0.0	0.0	0.0	0.0	0.0	0.0	0.0
SRR21723062	739.0	37.0	270.0	0.0	91.0	0.0	0.0	0.0	17.0	286.0	124.0	30.0	0.0	2.0	26.0	1126.0	136.0	22.0	0.0	3.0	222.0	44.0	18.0	11.0	857.0	74.0	58.0	111.0	346.0	26.0	0.0	5.0	62.0	0.0	621.0	2.0	0.0	3.0	2.0	152.0	444.0	21.0	0.0	0.0	21.0	72.0	97.0	3.0	175.0	66.0	661.0	0.0	20.0	0.0	205.0	0.0	153.0	0.0	0.0	215.0	0.0	0.0	0.0	18.0	7.0	0.0	35.0	0.0	0.0	240.0	61.0	7.0	0.0	0.0	54.0	5.0	0.0	0.0	0.0	5.0	0.0	0.0	0.0	0.0	0.0	0.0	0.0	35.0	4.0	0.0	46.0	25.0	15.0	284.0	43.0	0.0	2.0	0.0	0.0	0.0	0.0	0.0	78.0	139.0	10.0	3.0	8.0	0.0	2.0	0.0	0.0	0.0	0.0	7.0	0.0	152.0	0.0	0.0	142.0	0.0	0.0	0.0	24.0	0.0	0.0	0.0	10.0	0.0	0.0	0.0	0.0	194.0	2.0	0.0	0.0	0.0	0.0	0.0	0.0	0.0	11.0	0.0	0.0	0.0	15.0	0.0	0.0	0.0	0.0	0.0	0.0	0.0	0.0	4.0	0.0	0.0	0.0	0.0	0.0	0.0	21.0	0.0	0.0	0.0	0.0	0.0	0.0	4.0	0.0	18.0	20.0	0.0	0.0	0.0	0.0	15.0	0.0	0.0	3.0	0.0	0.0	0.0	30.0	0.0	0.0	0.0	0.0	0.0	0.0	0.0	0.0	0.0	0.0	0.0	0.0	0.0	0.0	0.0	0.0	0.0	0.0	0.0	0.0	13.0	0.0	0.0	0.0	0.0	0.0	2.0	0.0	0.0	0.0	0.0	0.0	0.0	0.0	0.0	0.0	0.0	0.0	0.0	0.0	0.0	0.0	0.0	0.0	0.0	0.0	0.0	0.0	0.0	0.0	0.0	0.0	0.0	0.0	0.0	0.0	0.0	0.0	0.0	0.0	0.0	0.0	0.0	0.0	0.0	0.0	3.0	0.0	0.0	0.0	0.0	0.0	0.0	0.0	0.0	0.0	0.0	0.0	0.0	0.0	0.0	0.0	0.0	0.0	0.0	0.0	0.0	0.0	0.0	0.0	0.0	0.0	0.0	0.0	0.0	0.0	0.0	0.0	0.0	0.0	0.0	0.0	0.0	0.0	0.0	0.0	0.0	0.0	0.0	0.0	0.0	0.0	0.0	0.0	0.0	0.0	0.0	0.0	0.0	0.0	0.0	0.0	0.0	0.0	0.0	0.0	0.0	0.0	0.0	0.0	0.0	0.0	0.0	0.0	0.0	0.0	0.0	0.0
SRR21723063	572.0	39.0	303.0	0.0	69.0	0.0	0.0	0.0	60.0	448.0	122.0	106.0	0.0	5.0	20.0	599.0	77.0	75.0	33.0	50.0	333.0	63.0	0.0	0.0	668.0	104.0	81.0	141.0	1357.0	0.0	0.0	3.0	0.0	0.0	404.0	2.0	0.0	0.0	0.0	373.0	615.0	41.0	8.0	0.0	73.0	117.0	44.0	0.0	258.0	0.0	546.0	14.0	9.0	0.0	168.0	0.0	341.0	0.0	0.0	215.0	0.0	0.0	0.0	0.0	0.0	10.0	49.0	0.0	0.0	153.0	87.0	0.0	0.0	0.0	235.0	0.0	0.0	0.0	0.0	0.0	0.0	0.0	0.0	0.0	0.0	0.0	296.0	4.0	4.0	0.0	237.0	57.0	0.0	165.0	9.0	0.0	0.0	0.0	0.0	0.0	0.0	0.0	0.0	214.0	53.0	0.0	137.0	0.0	0.0	0.0	0.0	0.0	0.0	28.0	0.0	149.0	0.0	0.0	57.0	0.0	0.0	0.0	47.0	0.0	0.0	0.0	0.0	0.0	0.0	0.0	0.0	267.0	0.0	0.0	0.0	0.0	0.0	0.0	0.0	0.0	3.0	0.0	5.0	0.0	0.0	0.0	0.0	6.0	0.0	0.0	0.0	0.0	0.0	5.0	0.0	0.0	0.0	0.0	0.0	0.0	60.0	0.0	0.0	0.0	0.0	0.0	0.0	0.0	0.0	28.0	11.0	0.0	0.0	552.0	0.0	0.0	0.0	0.0	22.0	0.0	0.0	0.0	20.0	0.0	0.0	0.0	0.0	0.0	0.0	0.0	0.0	0.0	0.0	0.0	0.0	0.0	0.0	0.0	0.0	0.0	255.0	0.0	0.0	0.0	0.0	0.0	0.0	0.0	0.0	0.0	0.0	0.0	0.0	0.0	0.0	0.0	0.0	0.0	0.0	0.0	0.0	0.0	134.0	0.0	0.0	2.0	0.0	0.0	0.0	0.0	0.0	0.0	0.0	0.0	0.0	0.0	0.0	0.0	0.0	0.0	0.0	0.0	0.0	0.0	0.0	0.0	0.0	0.0	0.0	0.0	0.0	0.0	0.0	0.0	0.0	0.0	0.0	0.0	0.0	0.0	0.0	0.0	0.0	0.0	0.0	0.0	0.0	0.0	0.0	0.0	0.0	0.0	0.0	0.0	0.0	0.0	0.0	0.0	0.0	0.0	0.0	0.0	0.0	6.0	0.0	0.0	0.0	0.0	0.0	0.0	0.0	0.0	0.0	0.0	0.0	0.0	0.0	0.0	0.0	0.0	0.0	0.0	0.0	0.0	0.0	0.0	0.0	0.0	0.0	0.0	0.0	0.0	0.0	0.0	0.0	0.0	0.0	0.0	0.0	0.0	0.0
SRR21723064	894.0	28.0	319.0	0.0	126.0	0.0	0.0	3.0	77.0	239.0	183.0	96.0	0.0	17.0	31.0	925.0	253.0	49.0	47.0	64.0	317.0	77.0	37.0	11.0	1007.0	106.0	24.0	371.0	946.0	4.0	0.0	35.0	6.0	0.0	620.0	0.0	0.0	0.0	0.0	180.0	846.0	42.0	0.0	0.0	51.0	175.0	71.0	0.0	148.0	44.0	953.0	26.0	10.0	13.0	222.0	0.0	83.0	0.0	6.0	175.0	0.0	0.0	0.0	0.0	22.0	0.0	81.0	0.0	0.0	209.0	0.0	2.0	2.0	2.0	171.0	5.0	4.0	0.0	0.0	0.0	0.0	0.0	0.0	0.0	0.0	0.0	296.0	58.0	0.0	0.0	119.0	31.0	0.0	328.0	18.0	0.0	0.0	0.0	0.0	0.0	0.0	0.0	18.0	338.0	9.0	4.0	115.0	3.0	4.0	0.0	0.0	0.0	8.0	3.0	26.0	44.0	0.0	0.0	92.0	0.0	0.0	0.0	53.0	2.0	0.0	0.0	56.0	0.0	0.0	0.0	4.0	349.0	0.0	0.0	0.0	2.0	0.0	0.0	0.0	0.0	28.0	0.0	6.0	0.0	0.0	0.0	0.0	0.0	0.0	0.0	0.0	0.0	6.0	0.0	0.0	3.0	0.0	0.0	0.0	0.0	99.0	0.0	0.0	0.0	0.0	4.0	0.0	4.0	0.0	11.0	26.0	0.0	0.0	11.0	0.0	0.0	0.0	0.0	0.0	34.0	0.0	0.0	0.0	0.0	0.0	0.0	0.0	0.0	25.0	0.0	0.0	0.0	0.0	18.0	0.0	0.0	0.0	0.0	0.0	0.0	97.0	0.0	0.0	0.0	0.0	0.0	0.0	0.0	0.0	0.0	0.0	0.0	0.0	0.0	0.0	0.0	0.0	0.0	0.0	0.0	0.0	0.0	0.0	0.0	0.0	0.0	0.0	0.0	0.0	0.0	0.0	0.0	0.0	0.0	0.0	0.0	0.0	0.0	0.0	0.0	0.0	0.0	0.0	0.0	0.0	0.0	0.0	0.0	0.0	0.0	0.0	0.0	0.0	0.0	0.0	0.0	0.0	0.0	0.0	0.0	0.0	0.0	0.0	0.0	0.0	0.0	0.0	0.0	0.0	0.0	0.0	0.0	0.0	0.0	0.0	0.0	0.0	0.0	0.0	0.0	0.0	0.0	0.0	0.0	3.0	0.0	0.0	0.0	0.0	0.0	0.0	0.0	0.0	0.0	0.0	0.0	0.0	0.0	0.0	0.0	0.0	0.0	0.0	0.0	0.0	0.0	0.0	0.0	0.0	0.0	0.0	0.0	0.0	0.0	0.0	0.0	0.0	0.0	0.0	0.0	0.0
SRR21723065	773.0	27.0	96.0	0.0	118.0	0.0	0.0	0.0	11.0	418.0	154.0	36.0	11.0	8.0	33.0	1639.0	65.0	66.0	54.0	4.0	186.0	72.0	38.0	27.0	1105.0	38.0	37.0	123.0	383.0	0.0	0.0	6.0	47.0	0.0	605.0	0.0	0.0	0.0	0.0	265.0	494.0	3.0	0.0	0.0	6.0	65.0	82.0	0.0	133.0	14.0	814.0	0.0	11.0	0.0	243.0	0.0	158.0	0.0	0.0	235.0	0.0	3.0	0.0	8.0	18.0	0.0	87.0	0.0	0.0	187.0	172.0	0.0	0.0	0.0	69.0	0.0	0.0	0.0	0.0	6.0	0.0	0.0	0.0	0.0	0.0	0.0	0.0	67.0	8.0	0.0	78.0	22.0	0.0	594.0	44.0	0.0	0.0	0.0	0.0	0.0	0.0	0.0	104.0	263.0	25.0	0.0	43.0	0.0	5.0	0.0	0.0	0.0	8.0	6.0	0.0	78.0	0.0	0.0	105.0	0.0	0.0	0.0	20.0	0.0	0.0	0.0	35.0	0.0	0.0	0.0	3.0	200.0	0.0	0.0	0.0	0.0	0.0	0.0	0.0	0.0	0.0	4.0	0.0	0.0	10.0	0.0	0.0	0.0	0.0	0.0	0.0	0.0	0.0	5.0	0.0	0.0	0.0	0.0	0.0	0.0	38.0	0.0	0.0	0.0	0.0	0.0	0.0	0.0	0.0	25.0	8.0	0.0	0.0	98.0	0.0	0.0	0.0	0.0	0.0	0.0	0.0	0.0	0.0	0.0	0.0	0.0	0.0	0.0	0.0	0.0	0.0	0.0	0.0	18.0	0.0	0.0	0.0	0.0	0.0	0.0	88.0	0.0	0.0	0.0	0.0	0.0	0.0	0.0	0.0	0.0	0.0	0.0	0.0	0.0	0.0	0.0	0.0	0.0	0.0	0.0	0.0	0.0	40.0	0.0	0.0	0.0	0.0	0.0	0.0	0.0	0.0	0.0	0.0	0.0	0.0	0.0	0.0	0.0	0.0	0.0	0.0	0.0	0.0	0.0	0.0	0.0	0.0	0.0	0.0	0.0	0.0	0.0	0.0	0.0	0.0	0.0	0.0	0.0	0.0	0.0	0.0	0.0	0.0	0.0	0.0	0.0	0.0	0.0	0.0	0.0	0.0	0.0	0.0	0.0	0.0	0.0	0.0	0.0	0.0	0.0	0.0	0.0	0.0	0.0	0.0	0.0	0.0	0.0	0.0	0.0	0.0	0.0	0.0	0.0	0.0	0.0	0.0	0.0	0.0	0.0	0.0	0.0	0.0	0.0	0.0	0.0	0.0	0.0	0.0	0.0	0.0	0.0	0.0	0.0	0.0	0.0	0.0	0.0	0.0	0.0	0.0
SRR21723066	968.0	25.0	356.0	0.0	45.0	0.0	0.0	0.0	23.0	773.0	52.0	55.0	0.0	8.0	33.0	1290.0	73.0	48.0	3.0	5.0	339.0	20.0	174.0	8.0	1075.0	108.0	0.0	194.0	964.0	0.0	0.0	4.0	50.0	4.0	1256.0	7.0	0.0	15.0	0.0	117.0	531.0	23.0	0.0	0.0	74.0	286.0	3.0	0.0	201.0	87.0	208.0	0.0	8.0	3.0	84.0	0.0	165.0	0.0	0.0	65.0	0.0	0.0	2.0	0.0	5.0	18.0	119.0	3.0	0.0	146.0	166.0	0.0	0.0	9.0	289.0	21.0	0.0	0.0	0.0	0.0	0.0	3.0	13.0	0.0	0.0	4.0	157.0	88.0	0.0	0.0	155.0	11.0	0.0	168.0	4.0	0.0	8.0	0.0	0.0	0.0	0.0	0.0	0.0	331.0	21.0	4.0	105.0	5.0	0.0	0.0	0.0	0.0	0.0	8.0	15.0	0.0	0.0	0.0	39.0	0.0	0.0	0.0	73.0	0.0	0.0	0.0	30.0	0.0	0.0	0.0	0.0	258.0	0.0	0.0	0.0	0.0	0.0	11.0	2.0	0.0	73.0	0.0	26.0	0.0	14.0	0.0	18.0	0.0	0.0	0.0	0.0	0.0	0.0	0.0	0.0	0.0	0.0	0.0	0.0	0.0	20.0	0.0	4.0	0.0	0.0	0.0	0.0	0.0	0.0	41.0	0.0	0.0	0.0	0.0	0.0	2.0	4.0	0.0	8.0	0.0	0.0	0.0	0.0	0.0	0.0	0.0	0.0	0.0	84.0	0.0	0.0	0.0	0.0	0.0	0.0	0.0	38.0	0.0	0.0	0.0	125.0	0.0	0.0	0.0	0.0	0.0	0.0	0.0	0.0	0.0	0.0	0.0	0.0	0.0	0.0	0.0	0.0	0.0	0.0	0.0	0.0	0.0	37.0	0.0	0.0	0.0	0.0	0.0	0.0	0.0	0.0	0.0	0.0	0.0	0.0	0.0	0.0	0.0	0.0	0.0	0.0	0.0	0.0	0.0	0.0	0.0	0.0	0.0	0.0	0.0	0.0	0.0	0.0	0.0	0.0	6.0	0.0	0.0	0.0	0.0	0.0	0.0	0.0	0.0	0.0	0.0	0.0	0.0	0.0	0.0	0.0	0.0	0.0	0.0	0.0	0.0	0.0	0.0	0.0	0.0	0.0	0.0	0.0	0.0	0.0	0.0	0.0	0.0	0.0	0.0	0.0	0.0	0.0	0.0	0.0	0.0	0.0	0.0	0.0	0.0	0.0	0.0	0.0	0.0	0.0	0.0	8.0	0.0	0.0	0.0	0.0	0.0	0.0	0.0	0.0	0.0	0.0	0.0	0.0	0.0	0.0
SRR21723067	1113.0	45.0	378.0	0.0	212.0	0.0	5.0	0.0	27.0	427.0	254.0	87.0	0.0	9.0	28.0	1479.0	217.0	68.0	58.0	36.0	312.0	118.0	18.0	0.0	1080.0	145.0	113.0	256.0	896.0	62.0	0.0	45.0	117.0	3.0	587.0	7.0	0.0	0.0	0.0	296.0	1092.0	49.0	0.0	0.0	42.0	139.0	168.0	0.0	291.0	35.0	1030.0	0.0	45.0	4.0	287.0	0.0	249.0	0.0	8.0	346.0	0.0	0.0	0.0	11.0	24.0	7.0	79.0	0.0	0.0	285.0	101.0	10.0	0.0	0.0	162.0	0.0	0.0	3.0	0.0	5.0	0.0	3.0	0.0	0.0	0.0	0.0	450.0	96.0	3.0	0.0	75.0	63.0	10.0	372.0	24.0	0.0	0.0	0.0	0.0	0.0	0.0	0.0	102.0	329.0	47.0	0.0	88.0	4.0	0.0	0.0	0.0	0.0	0.0	0.0	4.0	167.0	0.0	3.0	149.0	2.0	13.0	0.0	43.0	0.0	0.0	0.0	28.0	0.0	0.0	7.0	0.0	329.0	0.0	0.0	0.0	2.0	0.0	6.0	2.0	4.0	0.0	0.0	0.0	0.0	23.0	0.0	5.0	0.0	3.0	0.0	0.0	0.0	0.0	6.0	0.0	0.0	0.0	0.0	0.0	0.0	58.0	0.0	0.0	0.0	0.0	0.0	0.0	0.0	0.0	42.0	10.0	0.0	0.0	113.0	0.0	0.0	0.0	0.0	3.0	28.0	0.0	0.0	53.0	0.0	0.0	0.0	0.0	0.0	54.0	0.0	0.0	0.0	0.0	16.0	0.0	0.0	0.0	0.0	0.0	0.0	123.0	0.0	0.0	4.0	0.0	0.0	0.0	0.0	0.0	0.0	0.0	0.0	0.0	0.0	0.0	0.0	0.0	0.0	0.0	0.0	0.0	0.0	85.0	0.0	0.0	0.0	0.0	0.0	0.0	0.0	0.0	0.0	0.0	0.0	0.0	0.0	0.0	0.0	0.0	0.0	0.0	0.0	0.0	0.0	0.0	0.0	0.0	0.0	0.0	0.0	0.0	0.0	0.0	2.0	0.0	0.0	0.0	0.0	0.0	0.0	0.0	0.0	0.0	0.0	0.0	0.0	0.0	0.0	0.0	0.0	0.0	0.0	0.0	0.0	0.0	0.0	0.0	0.0	0.0	0.0	0.0	0.0	0.0	0.0	0.0	0.0	0.0	0.0	0.0	0.0	0.0	0.0	0.0	0.0	0.0	0.0	0.0	0.0	0.0	0.0	0.0	0.0	0.0	0.0	0.0	0.0	0.0	0.0	0.0	0.0	0.0	0.0	0.0	0.0	0.0	0.0	0.0	0.0	0.0	0.0	0.0
SRR21723068	1026.0	33.0	497.0	0.0	165.0	0.0	0.0	0.0	51.0	638.0	259.0	158.0	3.0	20.0	39.0	1128.0	242.0	155.0	53.0	29.0	286.0	107.0	25.0	6.0	1354.0	144.0	24.0	266.0	1042.0	0.0	8.0	22.0	121.0	0.0	517.0	9.0	0.0	0.0	0.0	336.0	1175.0	14.0	0.0	2.0	85.0	295.0	204.0	0.0	283.0	39.0	985.0	6.0	12.0	0.0	208.0	0.0	330.0	0.0	3.0	271.0	0.0	2.0	0.0	11.0	14.0	15.0	61.0	0.0	0.0	229.0	147.0	0.0	0.0	4.0	180.0	0.0	0.0	0.0	0.0	5.0	0.0	21.0	0.0	0.0	14.0	3.0	115.0	45.0	3.0	0.0	132.0	46.0	0.0	330.0	36.0	0.0	0.0	0.0	0.0	0.0	2.0	2.0	79.0	339.0	19.0	0.0	84.0	0.0	2.0	0.0	0.0	0.0	8.0	0.0	0.0	155.0	0.0	0.0	102.0	2.0	0.0	0.0	45.0	0.0	0.0	6.0	23.0	0.0	0.0	0.0	2.0	370.0	0.0	2.0	0.0	0.0	0.0	0.0	0.0	0.0	25.0	0.0	0.0	0.0	10.0	0.0	2.0	0.0	0.0	0.0	0.0	0.0	0.0	0.0	0.0	0.0	0.0	0.0	0.0	3.0	51.0	0.0	0.0	0.0	0.0	3.0	0.0	0.0	0.0	49.0	11.0	0.0	0.0	41.0	0.0	20.0	0.0	0.0	0.0	0.0	0.0	0.0	33.0	0.0	0.0	0.0	0.0	0.0	51.0	0.0	0.0	0.0	0.0	34.0	0.0	0.0	0.0	0.0	0.0	0.0	70.0	0.0	0.0	19.0	0.0	0.0	0.0	0.0	0.0	0.0	0.0	0.0	0.0	0.0	0.0	0.0	0.0	0.0	0.0	0.0	0.0	3.0	53.0	0.0	0.0	0.0	0.0	0.0	0.0	0.0	5.0	0.0	0.0	0.0	0.0	0.0	0.0	0.0	0.0	0.0	0.0	0.0	0.0	0.0	0.0	0.0	0.0	0.0	0.0	0.0	0.0	0.0	0.0	0.0	0.0	0.0	0.0	0.0	0.0	0.0	0.0	0.0	0.0	0.0	0.0	0.0	0.0	0.0	0.0	0.0	0.0	0.0	0.0	0.0	0.0	0.0	0.0	0.0	0.0	0.0	0.0	0.0	0.0	0.0	0.0	0.0	0.0	0.0	0.0	0.0	0.0	0.0	0.0	0.0	0.0	0.0	0.0	0.0	0.0	0.0	0.0	0.0	0.0	0.0	0.0	0.0	0.0	0.0	0.0	0.0	0.0	0.0	0.0	0.0	0.0	0.0	0.0	0.0	0.0	0.0	0.0
SRR21723070	1354.0	74.0	455.0	0.0	219.0	2.0	6.0	2.0	100.0	578.0	318.0	197.0	12.0	19.0	38.0	1282.0	302.0	152.0	81.0	128.0	504.0	102.0	66.0	15.0	1255.0	187.0	5.0	506.0	1434.0	0.0	11.0	27.0	66.0	0.0	1113.0	0.0	7.0	2.0	0.0	440.0	1062.0	34.0	0.0	0.0	51.0	171.0	70.0	3.0	381.0	0.0	767.0	14.0	66.0	2.0	216.0	0.0	327.0	0.0	2.0	194.0	0.0	0.0	0.0	6.0	0.0	0.0	116.0	0.0	0.0	254.0	65.0	0.0	0.0	3.0	252.0	8.0	0.0	4.0	0.0	8.0	0.0	5.0	0.0	0.0	0.0	0.0	340.0	42.0	15.0	0.0	172.0	71.0	9.0	277.0	21.0	0.0	0.0	6.0	0.0	2.0	0.0	0.0	41.0	385.0	0.0	0.0	143.0	7.0	0.0	0.0	0.0	0.0	7.0	0.0	21.0	41.0	0.0	0.0	76.0	2.0	0.0	0.0	44.0	0.0	0.0	0.0	117.0	0.0	0.0	3.0	0.0	386.0	5.0	0.0	0.0	0.0	0.0	16.0	0.0	0.0	29.0	4.0	10.0	0.0	7.0	2.0	0.0	13.0	0.0	0.0	0.0	0.0	17.0	10.0	0.0	9.0	0.0	0.0	0.0	0.0	110.0	0.0	0.0	0.0	0.0	8.0	0.0	0.0	0.0	83.0	25.0	16.0	0.0	0.0	0.0	8.0	0.0	5.0	23.0	0.0	0.0	0.0	37.0	0.0	0.0	0.0	0.0	2.0	45.0	0.0	2.0	0.0	0.0	0.0	0.0	0.0	15.0	0.0	0.0	0.0	161.0	0.0	0.0	15.0	0.0	0.0	0.0	0.0	0.0	0.0	0.0	0.0	0.0	2.0	0.0	0.0	0.0	0.0	0.0	0.0	0.0	0.0	45.0	0.0	0.0	0.0	0.0	0.0	0.0	0.0	0.0	0.0	0.0	0.0	0.0	0.0	0.0	0.0	0.0	0.0	0.0	0.0	5.0	0.0	0.0	0.0	0.0	0.0	0.0	0.0	0.0	0.0	0.0	0.0	0.0	0.0	0.0	0.0	0.0	0.0	0.0	0.0	0.0	0.0	0.0	0.0	0.0	0.0	0.0	0.0	0.0	0.0	0.0	0.0	0.0	0.0	0.0	0.0	0.0	0.0	0.0	0.0	0.0	0.0	0.0	0.0	0.0	0.0	0.0	0.0	0.0	0.0	0.0	0.0	0.0	0.0	0.0	0.0	0.0	0.0	0.0	0.0	0.0	0.0	0.0	0.0	0.0	0.0	0.0	0.0	0.0	0.0	0.0	0.0	0.0	0.0	0.0	0.0	0.0	0.0	0.0
SRR21723071	730.0	29.0	383.0	0.0	81.0	0.0	0.0	0.0	0.0	415.0	140.0	105.0	0.0	17.0	26.0	1464.0	119.0	66.0	67.0	0.0	290.0	48.0	9.0	31.0	1029.0	0.0	0.0	155.0	505.0	0.0	0.0	0.0	166.0	0.0	598.0	0.0	2.0	0.0	0.0	115.0	951.0	20.0	0.0	0.0	57.0	102.0	196.0	0.0	174.0	62.0	670.0	0.0	5.0	0.0	270.0	0.0	194.0	0.0	0.0	380.0	0.0	3.0	3.0	0.0	24.0	0.0	0.0	0.0	0.0	230.0	218.0	2.0	0.0	0.0	87.0	0.0	0.0	13.0	0.0	0.0	0.0	17.0	0.0	0.0	0.0	0.0	101.0	126.0	7.0	0.0	114.0	24.0	16.0	550.0	41.0	0.0	0.0	0.0	0.0	2.0	0.0	0.0	71.0	179.0	112.0	10.0	50.0	0.0	0.0	0.0	0.0	0.0	0.0	7.0	12.0	150.0	0.0	0.0	124.0	0.0	4.0	0.0	38.0	0.0	0.0	0.0	20.0	0.0	0.0	0.0	0.0	224.0	0.0	0.0	0.0	0.0	0.0	0.0	0.0	0.0	24.0	0.0	4.0	0.0	0.0	0.0	3.0	0.0	0.0	0.0	5.0	0.0	2.0	0.0	0.0	0.0	0.0	0.0	2.0	0.0	0.0	0.0	0.0	3.0	0.0	3.0	0.0	0.0	3.0	14.0	0.0	0.0	0.0	155.0	0.0	25.0	0.0	0.0	0.0	0.0	0.0	0.0	0.0	0.0	0.0	0.0	0.0	0.0	0.0	0.0	0.0	0.0	0.0	0.0	0.0	0.0	0.0	0.0	0.0	0.0	100.0	0.0	0.0	27.0	0.0	0.0	0.0	0.0	0.0	0.0	0.0	0.0	0.0	0.0	0.0	0.0	0.0	0.0	0.0	0.0	0.0	0.0	108.0	0.0	0.0	0.0	0.0	0.0	0.0	0.0	30.0	0.0	0.0	0.0	0.0	0.0	0.0	0.0	0.0	0.0	0.0	0.0	0.0	0.0	0.0	0.0	0.0	0.0	0.0	0.0	0.0	0.0	0.0	0.0	0.0	0.0	0.0	0.0	0.0	0.0	0.0	0.0	0.0	0.0	0.0	0.0	0.0	0.0	0.0	0.0	0.0	0.0	0.0	0.0	0.0	0.0	0.0	0.0	0.0	0.0	0.0	0.0	0.0	0.0	0.0	0.0	0.0	0.0	0.0	0.0	0.0	0.0	0.0	0.0	0.0	0.0	0.0	0.0	0.0	0.0	0.0	0.0	0.0	0.0	0.0	0.0	0.0	0.0	0.0	0.0	0.0	0.0	3.0	0.0	0.0	0.0	0.0	0.0	0.0	0.0	0.0
SRR21723072	893.0	21.0	315.0	0.0	106.0	0.0	6.0	3.0	22.0	302.0	207.0	73.0	0.0	6.0	39.0	1657.0	102.0	88.0	39.0	11.0	216.0	83.0	36.0	0.0	1230.0	75.0	42.0	171.0	423.0	0.0	0.0	15.0	53.0	0.0	746.0	14.0	0.0	0.0	0.0	243.0	667.0	10.0	0.0	2.0	58.0	16.0	194.0	0.0	161.0	83.0	945.0	0.0	32.0	0.0	278.0	0.0	202.0	0.0	0.0	387.0	0.0	0.0	3.0	25.0	30.0	0.0	58.0	0.0	0.0	282.0	172.0	8.0	0.0	0.0	85.0	3.0	0.0	0.0	0.0	0.0	0.0	0.0	0.0	0.0	0.0	0.0	46.0	61.0	14.0	0.0	35.0	21.0	6.0	400.0	39.0	0.0	0.0	0.0	0.0	0.0	0.0	0.0	104.0	273.0	30.0	0.0	19.0	2.0	0.0	0.0	0.0	0.0	7.0	0.0	0.0	67.0	0.0	5.0	136.0	0.0	0.0	0.0	46.0	0.0	0.0	0.0	18.0	0.0	0.0	0.0	0.0	118.0	0.0	0.0	2.0	2.0	0.0	8.0	2.0	0.0	0.0	0.0	0.0	0.0	0.0	0.0	3.0	0.0	3.0	0.0	0.0	0.0	0.0	4.0	0.0	0.0	0.0	0.0	0.0	0.0	0.0	0.0	0.0	0.0	0.0	0.0	0.0	0.0	0.0	36.0	0.0	0.0	0.0	123.0	0.0	14.0	0.0	0.0	0.0	0.0	0.0	0.0	0.0	0.0	0.0	0.0	0.0	0.0	0.0	0.0	0.0	0.0	0.0	14.0	0.0	0.0	0.0	0.0	0.0	0.0	28.0	0.0	0.0	23.0	0.0	0.0	0.0	0.0	0.0	0.0	0.0	0.0	0.0	0.0	2.0	0.0	0.0	0.0	0.0	0.0	0.0	0.0	53.0	0.0	0.0	0.0	0.0	0.0	0.0	0.0	0.0	0.0	0.0	0.0	0.0	0.0	0.0	0.0	0.0	0.0	0.0	0.0	0.0	0.0	0.0	0.0	0.0	0.0	0.0	0.0	0.0	0.0	0.0	0.0	0.0	0.0	0.0	0.0	0.0	0.0	0.0	0.0	0.0	0.0	0.0	0.0	0.0	0.0	0.0	0.0	0.0	0.0	0.0	0.0	0.0	0.0	0.0	0.0	0.0	0.0	0.0	0.0	0.0	0.0	0.0	0.0	0.0	0.0	0.0	0.0	0.0	0.0	0.0	0.0	0.0	0.0	0.0	0.0	0.0	0.0	0.0	0.0	0.0	0.0	0.0	0.0	0.0	0.0	0.0	0.0	0.0	0.0	0.0	0.0	0.0	0.0	0.0	0.0	0.0	0.0	0.0
SRR21723073	1081.0	18.0	176.0	0.0	137.0	0.0	3.0	0.0	33.0	504.0	190.0	40.0	0.0	4.0	15.0	1763.0	311.0	68.0	30.0	0.0	202.0	103.0	13.0	0.0	1025.0	28.0	15.0	309.0	455.0	0.0	0.0	3.0	41.0	0.0	447.0	8.0	6.0	0.0	0.0	181.0	407.0	22.0	0.0	2.0	29.0	34.0	140.0	0.0	118.0	49.0	772.0	0.0	6.0	2.0	176.0	0.0	132.0	0.0	0.0	268.0	0.0	0.0	0.0	0.0	15.0	19.0	71.0	3.0	0.0	231.0	92.0	0.0	0.0	5.0	107.0	0.0	0.0	0.0	0.0	2.0	0.0	0.0	0.0	0.0	0.0	0.0	94.0	150.0	17.0	0.0	90.0	14.0	0.0	552.0	30.0	0.0	0.0	0.0	0.0	2.0	0.0	0.0	74.0	413.0	0.0	0.0	0.0	0.0	0.0	0.0	0.0	0.0	0.0	3.0	0.0	45.0	0.0	0.0	80.0	0.0	0.0	0.0	16.0	0.0	0.0	0.0	59.0	0.0	0.0	5.0	0.0	200.0	0.0	0.0	0.0	0.0	0.0	0.0	0.0	0.0	37.0	0.0	5.0	0.0	7.0	2.0	0.0	0.0	5.0	0.0	0.0	0.0	0.0	2.0	0.0	0.0	0.0	0.0	0.0	0.0	30.0	0.0	0.0	0.0	0.0	5.0	0.0	0.0	0.0	28.0	17.0	0.0	0.0	82.0	0.0	0.0	0.0	0.0	0.0	0.0	0.0	0.0	32.0	0.0	0.0	0.0	0.0	0.0	32.0	0.0	0.0	3.0	4.0	15.0	0.0	0.0	0.0	0.0	0.0	0.0	28.0	0.0	0.0	32.0	0.0	0.0	0.0	0.0	0.0	0.0	0.0	6.0	0.0	0.0	0.0	0.0	0.0	0.0	0.0	0.0	0.0	0.0	0.0	0.0	0.0	0.0	0.0	0.0	0.0	0.0	0.0	0.0	0.0	3.0	0.0	0.0	0.0	0.0	0.0	0.0	0.0	0.0	0.0	0.0	0.0	0.0	0.0	0.0	0.0	0.0	0.0	0.0	0.0	0.0	0.0	0.0	0.0	0.0	0.0	0.0	0.0	0.0	0.0	0.0	0.0	0.0	0.0	0.0	0.0	0.0	0.0	0.0	0.0	0.0	0.0	0.0	0.0	0.0	0.0	0.0	0.0	0.0	0.0	0.0	0.0	0.0	0.0	0.0	0.0	0.0	0.0	0.0	0.0	0.0	0.0	0.0	0.0	0.0	0.0	0.0	0.0	0.0	0.0	0.0	0.0	0.0	4.0	0.0	0.0	0.0	0.0	0.0	0.0	0.0	0.0	0.0	0.0	0.0	0.0	0.0	0.0
SRR21723075	1049.0	71.0	293.0	6.0	192.0	0.0	2.0	2.0	24.0	620.0	265.0	76.0	0.0	11.0	46.0	1685.0	193.0	134.0	75.0	5.0	339.0	183.0	28.0	0.0	1345.0	160.0	40.0	313.0	852.0	0.0	7.0	3.0	118.0	0.0	758.0	12.0	0.0	0.0	0.0	372.0	918.0	32.0	0.0	0.0	45.0	64.0	222.0	0.0	269.0	3.0	958.0	0.0	23.0	13.0	288.0	0.0	299.0	0.0	0.0	281.0	0.0	0.0	0.0	11.0	46.0	3.0	108.0	5.0	4.0	254.0	164.0	0.0	9.0	2.0	129.0	0.0	0.0	0.0	0.0	0.0	0.0	0.0	0.0	0.0	0.0	0.0	156.0	100.0	0.0	0.0	0.0	35.0	0.0	405.0	53.0	0.0	0.0	0.0	0.0	3.0	0.0	0.0	69.0	331.0	58.0	0.0	50.0	0.0	3.0	0.0	0.0	0.0	4.0	0.0	0.0	143.0	0.0	4.0	97.0	4.0	0.0	0.0	44.0	0.0	0.0	0.0	49.0	0.0	0.0	0.0	0.0	310.0	2.0	0.0	0.0	0.0	0.0	0.0	3.0	0.0	23.0	4.0	0.0	0.0	0.0	0.0	0.0	0.0	2.0	0.0	5.0	0.0	0.0	0.0	0.0	0.0	0.0	0.0	0.0	0.0	22.0	0.0	0.0	0.0	0.0	0.0	0.0	8.0	0.0	49.0	21.0	0.0	0.0	114.0	0.0	0.0	0.0	0.0	0.0	0.0	0.0	0.0	8.0	0.0	0.0	0.0	0.0	0.0	0.0	0.0	0.0	0.0	0.0	27.0	0.0	0.0	0.0	0.0	0.0	0.0	134.0	0.0	0.0	0.0	0.0	0.0	0.0	0.0	0.0	0.0	0.0	0.0	0.0	0.0	0.0	0.0	0.0	0.0	0.0	0.0	0.0	0.0	90.0	0.0	0.0	2.0	0.0	0.0	0.0	0.0	0.0	0.0	0.0	0.0	0.0	0.0	0.0	0.0	0.0	0.0	0.0	0.0	0.0	0.0	0.0	0.0	0.0	0.0	0.0	0.0	0.0	0.0	0.0	0.0	0.0	0.0	0.0	0.0	0.0	0.0	0.0	3.0	0.0	0.0	0.0	0.0	0.0	0.0	0.0	0.0	0.0	0.0	0.0	0.0	0.0	0.0	0.0	0.0	0.0	0.0	0.0	0.0	0.0	0.0	0.0	0.0	0.0	0.0	0.0	0.0	0.0	0.0	0.0	0.0	0.0	0.0	0.0	0.0	0.0	0.0	0.0	0.0	0.0	0.0	0.0	0.0	0.0	0.0	0.0	0.0	0.0	0.0	0.0	0.0	0.0	0.0	0.0	0.0	0.0	0.0	0.0
SRR21723076	858.0	0.0	113.0	0.0	65.0	0.0	3.0	0.0	17.0	859.0	77.0	58.0	0.0	0.0	36.0	1760.0	119.0	58.0	22.0	10.0	167.0	49.0	13.0	0.0	910.0	79.0	17.0	138.0	779.0	0.0	0.0	2.0	0.0	0.0	822.0	6.0	3.0	0.0	0.0	137.0	504.0	14.0	0.0	0.0	0.0	150.0	52.0	0.0	60.0	0.0	284.0	0.0	5.0	0.0	162.0	0.0	127.0	0.0	3.0	147.0	0.0	0.0	0.0	0.0	17.0	0.0	66.0	0.0	10.0	128.0	37.0	0.0	0.0	0.0	161.0	0.0	0.0	6.0	0.0	0.0	0.0	0.0	0.0	0.0	0.0	0.0	96.0	95.0	0.0	0.0	104.0	14.0	5.0	488.0	13.0	0.0	0.0	0.0	0.0	0.0	0.0	0.0	43.0	391.0	50.0	4.0	0.0	0.0	0.0	0.0	0.0	0.0	0.0	0.0	8.0	53.0	0.0	0.0	53.0	0.0	0.0	0.0	30.0	0.0	0.0	5.0	55.0	0.0	0.0	0.0	0.0	219.0	0.0	0.0	0.0	6.0	0.0	0.0	0.0	0.0	43.0	0.0	0.0	0.0	0.0	0.0	0.0	0.0	0.0	0.0	3.0	0.0	10.0	3.0	0.0	0.0	0.0	0.0	0.0	0.0	13.0	0.0	0.0	0.0	0.0	0.0	2.0	12.0	0.0	18.0	14.0	0.0	0.0	62.0	0.0	20.0	0.0	0.0	14.0	0.0	4.0	0.0	27.0	0.0	0.0	0.0	0.0	0.0	67.0	0.0	0.0	0.0	0.0	14.0	0.0	0.0	32.0	0.0	0.0	0.0	45.0	0.0	0.0	0.0	0.0	0.0	0.0	0.0	0.0	0.0	0.0	0.0	0.0	0.0	0.0	0.0	0.0	0.0	0.0	0.0	0.0	0.0	51.0	0.0	0.0	0.0	0.0	0.0	0.0	0.0	0.0	0.0	0.0	3.0	0.0	0.0	0.0	0.0	0.0	0.0	0.0	0.0	0.0	0.0	0.0	0.0	0.0	0.0	0.0	0.0	0.0	0.0	0.0	0.0	0.0	0.0	0.0	0.0	0.0	0.0	0.0	0.0	0.0	0.0	0.0	0.0	0.0	0.0	0.0	0.0	0.0	0.0	0.0	0.0	0.0	0.0	0.0	0.0	0.0	0.0	0.0	0.0	0.0	0.0	0.0	0.0	0.0	0.0	0.0	0.0	0.0	0.0	0.0	0.0	0.0	0.0	0.0	0.0	0.0	0.0	0.0	0.0	0.0	0.0	0.0	0.0	0.0	0.0	0.0	0.0	0.0	0.0	0.0	0.0	0.0	0.0	0.0	0.0	0.0	0.0	0.0
SRR21723077	1202.0	70.0	508.0	0.0	89.0	0.0	0.0	0.0	61.0	779.0	212.0	88.0	29.0	7.0	52.0	1588.0	85.0	167.0	68.0	19.0	313.0	90.0	184.0	10.0	1220.0	83.0	16.0	324.0	928.0	0.0	7.0	38.0	28.0	0.0	1570.0	8.0	0.0	16.0	0.0	143.0	431.0	10.0	25.0	3.0	53.0	330.0	12.0	12.0	196.0	69.0	204.0	0.0	5.0	2.0	129.0	0.0	158.0	0.0	0.0	60.0	0.0	0.0	0.0	10.0	12.0	0.0	56.0	0.0	0.0	178.0	257.0	0.0	0.0	7.0	288.0	23.0	0.0	0.0	0.0	0.0	0.0	0.0	0.0	0.0	0.0	6.0	94.0	123.0	9.0	0.0	214.0	11.0	13.0	585.0	16.0	0.0	17.0	0.0	0.0	3.0	0.0	0.0	7.0	605.0	9.0	4.0	0.0	5.0	2.0	6.0	0.0	0.0	0.0	11.0	25.0	30.0	0.0	0.0	199.0	0.0	5.0	0.0	98.0	0.0	0.0	0.0	30.0	0.0	0.0	0.0	0.0	226.0	0.0	0.0	0.0	0.0	0.0	0.0	0.0	10.0	96.0	0.0	37.0	0.0	5.0	0.0	55.0	39.0	0.0	0.0	0.0	0.0	0.0	7.0	0.0	0.0	0.0	0.0	0.0	2.0	45.0	0.0	4.0	9.0	0.0	0.0	0.0	0.0	0.0	92.0	0.0	15.0	0.0	25.0	0.0	0.0	0.0	0.0	6.0	0.0	0.0	0.0	0.0	0.0	0.0	0.0	0.0	0.0	81.0	0.0	0.0	0.0	0.0	0.0	0.0	0.0	41.0	0.0	0.0	0.0	184.0	0.0	0.0	15.0	0.0	0.0	0.0	0.0	0.0	0.0	0.0	0.0	0.0	0.0	0.0	0.0	0.0	0.0	0.0	0.0	0.0	0.0	33.0	0.0	0.0	0.0	3.0	0.0	0.0	0.0	0.0	0.0	0.0	0.0	0.0	0.0	0.0	0.0	0.0	0.0	0.0	0.0	0.0	0.0	0.0	0.0	0.0	0.0	0.0	0.0	0.0	0.0	0.0	0.0	0.0	0.0	0.0	0.0	0.0	0.0	0.0	0.0	0.0	0.0	0.0	0.0	0.0	0.0	0.0	0.0	0.0	0.0	0.0	0.0	0.0	0.0	0.0	0.0	0.0	0.0	0.0	0.0	0.0	0.0	0.0	0.0	0.0	0.0	0.0	0.0	0.0	0.0	0.0	0.0	0.0	0.0	0.0	0.0	0.0	0.0	0.0	0.0	0.0	0.0	0.0	0.0	11.0	0.0	0.0	0.0	0.0	0.0	0.0	0.0	0.0	0.0	0.0	0.0	0.0	0.0	0.0
SRR21723078	607.0	0.0	231.0	0.0	106.0	0.0	6.0	5.0	18.0	973.0	59.0	31.0	0.0	6.0	36.0	1887.0	45.0	45.0	0.0	4.0	138.0	80.0	24.0	46.0	943.0	0.0	0.0	109.0	831.0	0.0	10.0	0.0	45.0	0.0	657.0	0.0	0.0	51.0	0.0	99.0	633.0	8.0	0.0	0.0	43.0	171.0	85.0	0.0	139.0	88.0	174.0	0.0	8.0	0.0	145.0	0.0	151.0	0.0	0.0	166.0	0.0	0.0	0.0	8.0	36.0	0.0	76.0	0.0	4.0	117.0	58.0	0.0	0.0	0.0	279.0	0.0	0.0	2.0	0.0	0.0	0.0	5.0	0.0	0.0	0.0	0.0	113.0	98.0	3.0	0.0	127.0	31.0	0.0	692.0	11.0	0.0	2.0	0.0	0.0	0.0	0.0	0.0	50.0	235.0	54.0	6.0	0.0	0.0	0.0	2.0	0.0	0.0	0.0	0.0	0.0	161.0	0.0	0.0	126.0	0.0	0.0	0.0	34.0	0.0	0.0	0.0	70.0	0.0	0.0	0.0	0.0	213.0	0.0	0.0	0.0	2.0	0.0	0.0	0.0	0.0	28.0	0.0	3.0	0.0	16.0	0.0	7.0	0.0	0.0	0.0	0.0	0.0	0.0	0.0	0.0	0.0	0.0	0.0	0.0	0.0	0.0	0.0	0.0	0.0	0.0	0.0	0.0	2.0	0.0	28.0	0.0	0.0	0.0	93.0	0.0	0.0	0.0	0.0	0.0	0.0	2.0	0.0	8.0	0.0	0.0	0.0	0.0	0.0	43.0	0.0	0.0	0.0	0.0	0.0	0.0	0.0	0.0	0.0	0.0	0.0	103.0	0.0	0.0	0.0	0.0	0.0	0.0	0.0	0.0	0.0	0.0	0.0	0.0	0.0	0.0	0.0	5.0	0.0	0.0	0.0	0.0	0.0	82.0	0.0	0.0	0.0	0.0	0.0	0.0	0.0	0.0	0.0	0.0	0.0	0.0	0.0	0.0	0.0	0.0	0.0	0.0	0.0	0.0	0.0	0.0	0.0	0.0	0.0	0.0	0.0	0.0	0.0	0.0	0.0	0.0	0.0	0.0	0.0	0.0	0.0	0.0	0.0	0.0	0.0	0.0	0.0	0.0	0.0	0.0	0.0	0.0	0.0	0.0	0.0	0.0	0.0	0.0	0.0	0.0	0.0	0.0	0.0	0.0	0.0	0.0	0.0	0.0	0.0	0.0	0.0	0.0	0.0	0.0	0.0	0.0	0.0	0.0	0.0	0.0	0.0	0.0	0.0	0.0	0.0	0.0	0.0	0.0	0.0	0.0	0.0	0.0	0.0	0.0	0.0	0.0	0.0	0.0	0.0	0.0	0.0	0.0
SRR21723080	316.0	0.0	438.0	0.0	135.0	0.0	0.0	0.0	36.0	215.0	135.0	64.0	0.0	11.0	38.0	471.0	68.0	63.0	95.0	3.0	337.0	57.0	0.0	0.0	746.0	37.0	0.0	188.0	753.0	33.0	0.0	7.0	92.0	0.0	204.0	0.0	0.0	5.0	0.0	255.0	885.0	0.0	0.0	0.0	117.0	54.0	178.0	0.0	202.0	0.0	984.0	0.0	27.0	0.0	213.0	0.0	224.0	0.0	0.0	374.0	0.0	0.0	0.0	12.0	24.0	10.0	49.0	0.0	0.0	109.0	114.0	0.0	0.0	2.0	98.0	2.0	0.0	3.0	0.0	9.0	0.0	0.0	0.0	0.0	24.0	0.0	93.0	7.0	7.0	0.0	291.0	41.0	0.0	184.0	9.0	0.0	0.0	0.0	0.0	4.0	0.0	0.0	80.0	86.0	100.0	0.0	84.0	0.0	4.0	0.0	0.0	0.0	2.0	0.0	0.0	217.0	0.0	0.0	64.0	0.0	0.0	0.0	30.0	0.0	0.0	0.0	0.0	0.0	0.0	0.0	0.0	328.0	0.0	0.0	0.0	0.0	0.0	0.0	0.0	0.0	0.0	0.0	0.0	0.0	0.0	0.0	0.0	0.0	0.0	0.0	4.0	0.0	0.0	0.0	0.0	0.0	0.0	0.0	5.0	0.0	28.0	0.0	0.0	0.0	0.0	0.0	0.0	0.0	0.0	0.0	0.0	2.0	0.0	314.0	0.0	13.0	0.0	0.0	0.0	29.0	0.0	0.0	0.0	0.0	0.0	0.0	0.0	0.0	0.0	0.0	0.0	0.0	0.0	0.0	0.0	0.0	0.0	0.0	0.0	0.0	231.0	0.0	0.0	0.0	0.0	0.0	0.0	0.0	0.0	0.0	0.0	0.0	0.0	0.0	0.0	0.0	0.0	0.0	0.0	0.0	0.0	0.0	255.0	0.0	0.0	2.0	0.0	0.0	0.0	0.0	0.0	0.0	0.0	0.0	0.0	0.0	0.0	0.0	0.0	0.0	0.0	0.0	0.0	0.0	0.0	0.0	0.0	0.0	0.0	0.0	0.0	0.0	0.0	0.0	0.0	0.0	0.0	0.0	0.0	0.0	0.0	0.0	0.0	0.0	0.0	0.0	0.0	0.0	0.0	0.0	0.0	0.0	0.0	0.0	0.0	0.0	0.0	0.0	0.0	0.0	0.0	0.0	0.0	0.0	0.0	0.0	0.0	0.0	0.0	0.0	0.0	0.0	0.0	0.0	0.0	0.0	0.0	0.0	0.0	0.0	0.0	0.0	0.0	0.0	0.0	0.0	0.0	0.0	0.0	0.0	0.0	0.0	0.0	0.0	0.0	0.0	0.0	0.0	0.0	0.0	0.0
SRR21723084	964.0	54.0	993.0	0.0	123.0	0.0	0.0	6.0	22.0	1106.0	236.0	154.0	8.0	15.0	42.0	2083.0	82.0	83.0	0.0	0.0	401.0	119.0	20.0	0.0	1354.0	107.0	54.0	496.0	1239.0	0.0	0.0	28.0	101.0	0.0	874.0	0.0	0.0	0.0	6.0	407.0	1568.0	16.0	0.0	9.0	54.0	176.0	175.0	0.0	204.0	6.0	621.0	0.0	10.0	0.0	218.0	0.0	383.0	0.0	0.0	378.0	0.0	0.0	0.0	10.0	0.0	12.0	105.0	0.0	0.0	161.0	147.0	2.0	0.0	0.0	257.0	20.0	0.0	0.0	0.0	0.0	0.0	3.0	0.0	0.0	14.0	0.0	161.0	68.0	6.0	0.0	98.0	58.0	18.0	734.0	8.0	0.0	0.0	0.0	0.0	6.0	0.0	0.0	79.0	354.0	46.0	0.0	105.0	3.0	0.0	0.0	0.0	0.0	0.0	0.0	19.0	86.0	0.0	0.0	129.0	0.0	0.0	0.0	13.0	3.0	0.0	7.0	55.0	0.0	0.0	7.0	0.0	274.0	3.0	0.0	6.0	0.0	0.0	6.0	0.0	5.0	38.0	0.0	15.0	3.0	15.0	2.0	7.0	5.0	0.0	0.0	0.0	0.0	0.0	3.0	0.0	0.0	5.0	4.0	4.0	0.0	20.0	0.0	0.0	2.0	0.0	0.0	0.0	0.0	0.0	24.0	23.0	10.0	0.0	147.0	0.0	19.0	0.0	6.0	0.0	25.0	4.0	0.0	40.0	0.0	0.0	0.0	0.0	0.0	15.0	0.0	0.0	0.0	0.0	22.0	0.0	0.0	0.0	0.0	0.0	0.0	183.0	0.0	0.0	0.0	0.0	0.0	0.0	0.0	0.0	0.0	0.0	0.0	0.0	0.0	0.0	0.0	0.0	0.0	0.0	0.0	0.0	0.0	82.0	0.0	0.0	0.0	0.0	0.0	2.0	0.0	0.0	0.0	0.0	0.0	0.0	0.0	0.0	0.0	0.0	0.0	0.0	0.0	0.0	0.0	0.0	0.0	0.0	0.0	0.0	0.0	0.0	0.0	0.0	2.0	0.0	0.0	0.0	0.0	0.0	0.0	0.0	0.0	0.0	0.0	0.0	0.0	0.0	0.0	0.0	0.0	0.0	0.0	0.0	0.0	0.0	0.0	0.0	0.0	0.0	0.0	0.0	0.0	0.0	0.0	0.0	0.0	0.0	0.0	0.0	0.0	0.0	0.0	0.0	0.0	0.0	0.0	0.0	0.0	0.0	0.0	0.0	0.0	0.0	0.0	0.0	0.0	0.0	0.0	0.0	0.0	0.0	0.0	0.0	0.0	0.0	0.0	0.0	0.0	0.0	0.0	0.0
SRR21723085	743.0	67.0	243.0	0.0	74.0	2.0	0.0	0.0	5.0	869.0	18.0	57.0	0.0	6.0	34.0	1447.0	91.0	25.0	0.0	23.0	184.0	67.0	65.0	0.0	986.0	66.0	22.0	148.0	908.0	26.0	0.0	10.0	4.0	3.0	970.0	4.0	4.0	0.0	0.0	177.0	484.0	9.0	0.0	0.0	33.0	206.0	154.0	0.0	102.0	9.0	319.0	0.0	0.0	3.0	177.0	0.0	171.0	0.0	0.0	132.0	0.0	0.0	2.0	3.0	0.0	6.0	3.0	0.0	5.0	185.0	128.0	0.0	0.0	9.0	214.0	0.0	0.0	0.0	0.0	0.0	0.0	2.0	0.0	0.0	0.0	0.0	224.0	44.0	0.0	0.0	191.0	24.0	0.0	373.0	12.0	0.0	0.0	0.0	0.0	0.0	0.0	0.0	36.0	464.0	23.0	3.0	61.0	0.0	0.0	0.0	0.0	0.0	0.0	0.0	0.0	28.0	0.0	0.0	47.0	0.0	0.0	0.0	39.0	5.0	0.0	0.0	20.0	0.0	0.0	0.0	0.0	246.0	0.0	0.0	0.0	5.0	0.0	0.0	4.0	0.0	34.0	0.0	13.0	0.0	2.0	0.0	3.0	0.0	0.0	0.0	0.0	0.0	0.0	0.0	0.0	0.0	0.0	0.0	0.0	0.0	20.0	0.0	0.0	0.0	0.0	0.0	0.0	0.0	4.0	37.0	0.0	9.0	0.0	31.0	0.0	11.0	0.0	3.0	0.0	0.0	0.0	0.0	0.0	0.0	0.0	0.0	0.0	0.0	92.0	0.0	0.0	0.0	0.0	24.0	0.0	0.0	41.0	0.0	0.0	0.0	69.0	0.0	0.0	0.0	0.0	0.0	0.0	0.0	0.0	0.0	0.0	0.0	0.0	0.0	0.0	0.0	0.0	0.0	0.0	0.0	0.0	0.0	54.0	0.0	0.0	0.0	0.0	0.0	0.0	0.0	0.0	0.0	0.0	0.0	0.0	0.0	0.0	0.0	0.0	0.0	0.0	0.0	0.0	0.0	0.0	0.0	0.0	0.0	0.0	0.0	0.0	0.0	0.0	0.0	0.0	0.0	0.0	0.0	0.0	0.0	0.0	0.0	0.0	0.0	0.0	0.0	0.0	0.0	0.0	0.0	0.0	0.0	0.0	0.0	0.0	0.0	0.0	0.0	0.0	0.0	0.0	0.0	0.0	0.0	0.0	0.0	0.0	0.0	0.0	0.0	0.0	0.0	0.0	0.0	0.0	0.0	0.0	0.0	0.0	0.0	0.0	0.0	0.0	0.0	0.0	0.0	0.0	0.0	0.0	0.0	0.0	0.0	0.0	0.0	0.0	0.0	0.0	0.0	0.0	0.0	0.0
SRR21723086	1024.0	65.0	384.0	0.0	148.0	0.0	0.0	0.0	12.0	801.0	260.0	55.0	7.0	0.0	19.0	2418.0	126.0	135.0	34.0	0.0	392.0	122.0	21.0	0.0	1529.0	81.0	77.0	205.0	719.0	0.0	0.0	19.0	131.0	0.0	1104.0	6.0	5.0	0.0	0.0	294.0	890.0	2.0	0.0	3.0	52.0	92.0	190.0	0.0	144.0	27.0	1095.0	0.0	11.0	0.0	318.0	0.0	239.0	0.0	0.0	482.0	0.0	0.0	2.0	10.0	22.0	0.0	120.0	0.0	2.0	336.0	200.0	2.0	0.0	0.0	232.0	0.0	0.0	14.0	0.0	0.0	0.0	0.0	0.0	0.0	145.0	0.0	65.0	147.0	0.0	0.0	95.0	11.0	10.0	517.0	15.0	0.0	0.0	0.0	0.0	0.0	0.0	0.0	204.0	451.0	132.0	3.0	26.0	0.0	0.0	0.0	0.0	0.0	2.0	3.0	0.0	119.0	0.0	0.0	198.0	0.0	2.0	0.0	77.0	0.0	0.0	0.0	52.0	0.0	0.0	9.0	0.0	271.0	0.0	0.0	0.0	0.0	0.0	0.0	0.0	0.0	30.0	7.0	0.0	0.0	19.0	0.0	6.0	0.0	0.0	0.0	7.0	0.0	0.0	0.0	0.0	3.0	0.0	0.0	0.0	0.0	57.0	0.0	0.0	0.0	0.0	0.0	0.0	7.0	0.0	12.0	14.0	0.0	0.0	183.0	0.0	20.0	0.0	0.0	0.0	6.0	3.0	0.0	52.0	3.0	0.0	0.0	0.0	2.0	28.0	0.0	0.0	0.0	0.0	32.0	0.0	0.0	32.0	0.0	0.0	4.0	78.0	0.0	0.0	31.0	0.0	0.0	0.0	0.0	0.0	0.0	0.0	0.0	0.0	0.0	2.0	0.0	0.0	0.0	0.0	0.0	0.0	0.0	110.0	0.0	0.0	0.0	0.0	0.0	0.0	0.0	21.0	0.0	0.0	0.0	0.0	0.0	0.0	0.0	0.0	0.0	0.0	0.0	0.0	0.0	0.0	0.0	0.0	0.0	0.0	0.0	0.0	0.0	0.0	0.0	0.0	0.0	0.0	0.0	0.0	0.0	0.0	0.0	0.0	0.0	0.0	0.0	0.0	0.0	0.0	0.0	0.0	0.0	0.0	0.0	0.0	0.0	0.0	0.0	0.0	0.0	0.0	0.0	0.0	0.0	0.0	0.0	0.0	0.0	0.0	0.0	0.0	0.0	0.0	0.0	0.0	0.0	0.0	0.0	0.0	0.0	0.0	0.0	0.0	0.0	0.0	0.0	0.0	0.0	0.0	0.0	0.0	0.0	0.0	0.0	0.0	0.0	0.0	0.0	0.0	0.0	0.0
SRR21723087	715.0	46.0	285.0	0.0	172.0	0.0	2.0	0.0	11.0	1041.0	131.0	172.0	5.0	17.0	41.0	2660.0	65.0	132.0	19.0	11.0	565.0	133.0	32.0	3.0	1213.0	152.0	32.0	319.0	1364.0	0.0	0.0	22.0	120.0	0.0	815.0	0.0	0.0	25.0	0.0	410.0	1162.0	40.0	0.0	4.0	17.0	107.0	174.0	0.0	178.0	67.0	888.0	0.0	2.0	8.0	323.0	0.0	540.0	0.0	0.0	390.0	0.0	0.0	5.0	11.0	17.0	12.0	101.0	0.0	0.0	215.0	197.0	9.0	0.0	8.0	287.0	0.0	3.0	0.0	3.0	4.0	0.0	0.0	0.0	0.0	0.0	0.0	289.0	132.0	17.0	0.0	116.0	63.0	8.0	471.0	26.0	0.0	4.0	0.0	0.0	0.0	2.0	0.0	79.0	229.0	37.0	2.0	201.0	4.0	0.0	0.0	0.0	0.0	6.0	3.0	0.0	117.0	0.0	0.0	68.0	0.0	6.0	0.0	3.0	0.0	0.0	0.0	0.0	0.0	0.0	0.0	0.0	401.0	0.0	0.0	0.0	0.0	0.0	0.0	0.0	0.0	33.0	3.0	0.0	0.0	0.0	0.0	0.0	4.0	0.0	0.0	15.0	0.0	0.0	0.0	0.0	0.0	0.0	0.0	0.0	0.0	48.0	0.0	0.0	0.0	0.0	0.0	0.0	0.0	0.0	42.0	0.0	0.0	0.0	194.0	0.0	11.0	0.0	0.0	0.0	0.0	0.0	0.0	24.0	0.0	0.0	0.0	0.0	0.0	63.0	0.0	0.0	0.0	0.0	35.0	0.0	21.0	19.0	0.0	0.0	0.0	206.0	0.0	0.0	0.0	0.0	0.0	0.0	0.0	0.0	0.0	0.0	0.0	0.0	0.0	0.0	0.0	0.0	0.0	0.0	0.0	0.0	0.0	96.0	0.0	0.0	0.0	0.0	0.0	0.0	0.0	0.0	0.0	0.0	0.0	2.0	0.0	0.0	0.0	0.0	0.0	0.0	0.0	0.0	0.0	0.0	0.0	0.0	0.0	0.0	0.0	0.0	0.0	0.0	0.0	0.0	0.0	0.0	0.0	0.0	0.0	0.0	0.0	0.0	0.0	0.0	0.0	0.0	0.0	0.0	0.0	0.0	0.0	0.0	0.0	0.0	0.0	0.0	0.0	0.0	0.0	0.0	0.0	0.0	0.0	0.0	0.0	0.0	0.0	0.0	0.0	0.0	0.0	0.0	0.0	0.0	0.0	0.0	0.0	0.0	0.0	0.0	0.0	0.0	0.0	0.0	0.0	0.0	0.0	0.0	0.0	0.0	0.0	0.0	0.0	0.0	0.0	0.0	0.0	0.0	0.0	0.0
SRR21723088	2679.0	204.0	715.0	16.0	297.0	0.0	6.0	0.0	40.0	2144.0	667.0	195.0	0.0	12.0	119.0	7775.0	92.0	255.0	96.0	25.0	748.0	389.0	109.0	38.0	4020.0	93.0	95.0	901.0	1335.0	0.0	0.0	18.0	307.0	0.0	3992.0	0.0	0.0	8.0	0.0	625.0	1969.0	95.0	0.0	9.0	197.0	118.0	345.0	0.0	236.0	154.0	1370.0	0.0	15.0	0.0	685.0	0.0	748.0	0.0	0.0	820.0	0.0	5.0	0.0	19.0	101.0	49.0	358.0	2.0	0.0	532.0	436.0	16.0	0.0	0.0	400.0	8.0	3.0	0.0	0.0	26.0	0.0	0.0	35.0	0.0	214.0	0.0	158.0	645.0	10.0	0.0	325.0	43.0	22.0	1710.0	26.0	0.0	9.0	0.0	0.0	0.0	0.0	0.0	396.0	1205.0	279.0	2.0	121.0	0.0	3.0	0.0	0.0	0.0	10.0	0.0	30.0	577.0	0.0	0.0	709.0	11.0	0.0	0.0	140.0	0.0	0.0	0.0	145.0	4.0	0.0	12.0	8.0	363.0	0.0	2.0	0.0	0.0	0.0	21.0	2.0	0.0	119.0	15.0	9.0	0.0	39.0	0.0	0.0	0.0	0.0	0.0	3.0	0.0	11.0	0.0	0.0	0.0	0.0	0.0	17.0	0.0	136.0	0.0	0.0	2.0	0.0	11.0	0.0	0.0	0.0	93.0	28.0	23.0	0.0	1060.0	0.0	82.0	0.0	0.0	17.0	6.0	9.0	0.0	109.0	0.0	0.0	0.0	0.0	0.0	50.0	0.0	0.0	4.0	0.0	92.0	0.0	0.0	33.0	0.0	0.0	31.0	242.0	0.0	0.0	59.0	7.0	0.0	0.0	0.0	0.0	0.0	0.0	0.0	0.0	0.0	0.0	0.0	0.0	0.0	0.0	0.0	0.0	0.0	343.0	0.0	0.0	0.0	0.0	0.0	0.0	0.0	35.0	0.0	0.0	4.0	0.0	0.0	0.0	0.0	0.0	0.0	0.0	0.0	0.0	0.0	0.0	0.0	0.0	0.0	0.0	0.0	0.0	0.0	6.0	2.0	0.0	0.0	0.0	0.0	0.0	0.0	0.0	0.0	0.0	0.0	0.0	0.0	0.0	2.0	0.0	0.0	0.0	0.0	0.0	0.0	0.0	0.0	0.0	0.0	0.0	0.0	0.0	0.0	6.0	0.0	0.0	0.0	0.0	0.0	0.0	0.0	0.0	0.0	0.0	0.0	0.0	0.0	0.0	0.0	0.0	0.0	0.0	0.0	0.0	0.0	0.0	0.0	0.0	0.0	0.0	0.0	0.0	0.0	0.0	0.0	0.0	0.0	0.0	0.0	0.0	0.0	0.0
SRR21723089	803.0	46.0	245.0	0.0	84.0	0.0	0.0	0.0	18.0	556.0	121.0	17.0	0.0	4.0	9.0	2219.0	55.0	19.0	26.0	0.0	267.0	34.0	25.0	6.0	908.0	0.0	36.0	176.0	489.0	0.0	0.0	0.0	117.0	0.0	867.0	0.0	0.0	27.0	0.0	230.0	616.0	4.0	7.0	0.0	27.0	66.0	178.0	0.0	102.0	46.0	552.0	0.0	15.0	0.0	184.0	0.0	222.0	0.0	0.0	223.0	0.0	0.0	0.0	7.0	19.0	6.0	52.0	0.0	2.0	226.0	68.0	0.0	0.0	0.0	114.0	9.0	0.0	0.0	0.0	7.0	0.0	0.0	0.0	0.0	62.0	0.0	41.0	56.0	0.0	0.0	55.0	13.0	0.0	328.0	9.0	0.0	0.0	0.0	0.0	0.0	0.0	0.0	104.0	334.0	70.0	3.0	0.0	0.0	0.0	0.0	0.0	0.0	4.0	0.0	4.0	157.0	0.0	0.0	142.0	0.0	0.0	0.0	17.0	0.0	0.0	0.0	53.0	0.0	0.0	0.0	0.0	177.0	0.0	0.0	0.0	0.0	0.0	0.0	0.0	0.0	31.0	8.0	0.0	0.0	6.0	0.0	10.0	0.0	0.0	0.0	4.0	0.0	0.0	0.0	0.0	0.0	0.0	0.0	0.0	2.0	44.0	0.0	0.0	4.0	0.0	0.0	0.0	3.0	0.0	11.0	22.0	0.0	0.0	159.0	0.0	14.0	0.0	0.0	3.0	0.0	0.0	0.0	46.0	0.0	0.0	0.0	0.0	3.0	30.0	0.0	0.0	3.0	0.0	14.0	0.0	0.0	8.0	0.0	0.0	18.0	130.0	0.0	0.0	0.0	0.0	0.0	0.0	0.0	0.0	0.0	0.0	3.0	0.0	0.0	0.0	0.0	0.0	0.0	0.0	0.0	0.0	0.0	62.0	0.0	0.0	0.0	0.0	0.0	0.0	0.0	32.0	0.0	0.0	0.0	0.0	0.0	0.0	0.0	0.0	0.0	0.0	0.0	0.0	0.0	0.0	0.0	0.0	0.0	0.0	0.0	0.0	0.0	0.0	0.0	0.0	0.0	0.0	0.0	0.0	0.0	0.0	0.0	0.0	0.0	0.0	0.0	0.0	0.0	0.0	0.0	0.0	0.0	0.0	0.0	0.0	0.0	0.0	0.0	0.0	0.0	0.0	0.0	0.0	0.0	0.0	0.0	0.0	0.0	0.0	0.0	0.0	0.0	0.0	0.0	0.0	0.0	0.0	0.0	0.0	0.0	0.0	0.0	0.0	0.0	3.0	0.0	0.0	0.0	0.0	0.0	0.0	0.0	0.0	0.0	0.0	0.0	0.0	0.0	0.0	0.0	0.0
SRR21723090	1531.0	54.0	725.0	0.0	149.0	0.0	4.0	2.0	37.0	1416.0	315.0	155.0	14.0	15.0	51.0	2978.0	75.0	96.0	3.0	8.0	487.0	139.0	103.0	11.0	1797.0	125.0	11.0	372.0	1398.0	46.0	11.0	28.0	211.0	3.0	1383.0	11.0	8.0	33.0	0.0	449.0	1072.0	35.0	0.0	4.0	42.0	327.0	153.0	5.0	178.0	84.0	799.0	0.0	16.0	2.0	452.0	0.0	455.0	0.0	0.0	452.0	0.0	0.0	0.0	0.0	11.0	25.0	145.0	0.0	7.0	245.0	170.0	0.0	0.0	4.0	519.0	0.0	10.0	0.0	0.0	8.0	0.0	5.0	0.0	0.0	12.0	3.0	176.0	204.0	13.0	0.0	279.0	33.0	17.0	925.0	32.0	0.0	5.0	0.0	0.0	3.0	0.0	0.0	103.0	462.0	54.0	0.0	141.0	0.0	2.0	0.0	0.0	0.0	0.0	0.0	0.0	219.0	0.0	0.0	181.0	0.0	0.0	0.0	39.0	0.0	0.0	0.0	75.0	0.0	0.0	0.0	0.0	416.0	0.0	0.0	0.0	0.0	0.0	5.0	0.0	0.0	37.0	0.0	0.0	0.0	40.0	3.0	25.0	0.0	0.0	0.0	6.0	0.0	0.0	0.0	0.0	0.0	0.0	0.0	0.0	2.0	70.0	0.0	0.0	3.0	0.0	3.0	0.0	4.0	0.0	79.0	13.0	0.0	0.0	129.0	0.0	0.0	0.0	0.0	0.0	14.0	0.0	0.0	44.0	0.0	0.0	0.0	0.0	0.0	49.0	0.0	0.0	0.0	0.0	34.0	0.0	0.0	61.0	0.0	0.0	0.0	207.0	0.0	0.0	0.0	0.0	0.0	0.0	3.0	0.0	0.0	0.0	0.0	0.0	0.0	0.0	0.0	0.0	0.0	0.0	0.0	0.0	0.0	143.0	0.0	0.0	0.0	0.0	0.0	0.0	0.0	0.0	0.0	0.0	3.0	0.0	0.0	0.0	0.0	0.0	0.0	0.0	0.0	0.0	0.0	0.0	0.0	0.0	0.0	0.0	0.0	0.0	0.0	0.0	0.0	0.0	0.0	20.0	0.0	0.0	0.0	0.0	0.0	0.0	0.0	0.0	0.0	0.0	0.0	0.0	0.0	0.0	0.0	0.0	0.0	0.0	0.0	0.0	0.0	0.0	0.0	0.0	0.0	0.0	0.0	0.0	0.0	0.0	0.0	0.0	0.0	0.0	0.0	0.0	0.0	0.0	0.0	0.0	0.0	0.0	0.0	0.0	0.0	0.0	0.0	0.0	0.0	0.0	0.0	0.0	0.0	0.0	0.0	0.0	0.0	0.0	0.0	0.0	0.0	0.0	0.0	0.0
SRR21723091	283.0	45.0	773.0	0.0	92.0	0.0	6.0	0.0	10.0	192.0	67.0	119.0	0.0	31.0	22.0	533.0	39.0	92.0	80.0	23.0	241.0	53.0	6.0	0.0	649.0	139.0	24.0	136.0	966.0	0.0	0.0	3.0	155.0	0.0	151.0	3.0	0.0	3.0	0.0	256.0	1327.0	25.0	7.0	0.0	67.0	497.0	41.0	6.0	319.0	0.0	521.0	0.0	17.0	3.0	170.0	0.0	350.0	0.0	6.0	284.0	0.0	0.0	0.0	12.0	4.0	4.0	0.0	0.0	8.0	125.0	139.0	3.0	0.0	0.0	213.0	0.0	0.0	0.0	0.0	9.0	0.0	8.0	0.0	0.0	0.0	0.0	243.0	6.0	0.0	0.0	202.0	45.0	0.0	142.0	3.0	0.0	0.0	0.0	0.0	0.0	0.0	0.0	40.0	96.0	49.0	0.0	101.0	0.0	2.0	0.0	0.0	0.0	0.0	0.0	0.0	480.0	0.0	0.0	71.0	0.0	0.0	0.0	33.0	0.0	0.0	0.0	3.0	0.0	0.0	0.0	2.0	213.0	0.0	0.0	0.0	0.0	0.0	0.0	0.0	0.0	0.0	0.0	12.0	0.0	2.0	0.0	0.0	0.0	0.0	0.0	0.0	0.0	0.0	0.0	0.0	0.0	3.0	0.0	0.0	0.0	45.0	0.0	0.0	0.0	0.0	0.0	0.0	0.0	0.0	25.0	0.0	0.0	0.0	270.0	0.0	20.0	0.0	0.0	0.0	25.0	0.0	0.0	0.0	0.0	0.0	0.0	0.0	0.0	20.0	0.0	0.0	3.0	0.0	0.0	0.0	0.0	0.0	0.0	0.0	0.0	72.0	0.0	0.0	0.0	0.0	0.0	0.0	0.0	0.0	0.0	0.0	0.0	0.0	0.0	0.0	0.0	0.0	0.0	0.0	0.0	0.0	0.0	154.0	0.0	0.0	0.0	0.0	0.0	0.0	0.0	0.0	0.0	0.0	0.0	0.0	0.0	0.0	0.0	0.0	0.0	0.0	0.0	0.0	0.0	0.0	0.0	0.0	0.0	0.0	0.0	0.0	0.0	0.0	0.0	2.0	0.0	0.0	0.0	0.0	0.0	0.0	0.0	0.0	0.0	0.0	0.0	0.0	0.0	0.0	0.0	0.0	0.0	0.0	0.0	0.0	0.0	0.0	0.0	0.0	0.0	0.0	0.0	0.0	0.0	0.0	0.0	0.0	0.0	0.0	0.0	0.0	0.0	0.0	0.0	0.0	0.0	0.0	0.0	0.0	0.0	0.0	0.0	0.0	0.0	0.0	0.0	0.0	0.0	0.0	0.0	0.0	0.0	0.0	0.0	0.0	0.0	0.0	0.0	0.0	0.0	0.0
SRR21723099	671.0	37.0	166.0	0.0	3.0	0.0	9.0	0.0	5.0	369.0	130.0	81.0	8.0	5.0	13.0	1479.0	49.0	58.0	57.0	0.0	116.0	22.0	14.0	12.0	886.0	55.0	10.0	94.0	438.0	0.0	0.0	0.0	102.0	0.0	466.0	0.0	0.0	0.0	0.0	104.0	987.0	19.0	0.0	0.0	0.0	87.0	89.0	0.0	110.0	0.0	417.0	0.0	4.0	4.0	108.0	0.0	112.0	0.0	0.0	217.0	0.0	0.0	0.0	15.0	29.0	0.0	55.0	2.0	0.0	183.0	85.0	3.0	0.0	0.0	74.0	0.0	0.0	0.0	0.0	0.0	0.0	0.0	2.0	0.0	22.0	0.0	0.0	94.0	0.0	0.0	82.0	27.0	0.0	492.0	52.0	0.0	0.0	3.0	0.0	3.0	0.0	0.0	5.0	229.0	59.0	0.0	0.0	4.0	2.0	0.0	0.0	0.0	2.0	0.0	0.0	15.0	0.0	0.0	185.0	9.0	0.0	0.0	32.0	0.0	0.0	0.0	30.0	0.0	0.0	0.0	0.0	178.0	0.0	10.0	0.0	2.0	0.0	0.0	0.0	0.0	0.0	0.0	0.0	2.0	10.0	0.0	2.0	0.0	0.0	0.0	4.0	0.0	5.0	0.0	0.0	0.0	8.0	0.0	0.0	3.0	17.0	0.0	0.0	0.0	0.0	5.0	0.0	4.0	0.0	0.0	5.0	0.0	0.0	258.0	0.0	14.0	0.0	0.0	0.0	0.0	0.0	0.0	0.0	0.0	0.0	0.0	0.0	0.0	0.0	0.0	0.0	0.0	5.0	0.0	0.0	0.0	0.0	0.0	0.0	14.0	35.0	0.0	0.0	13.0	0.0	0.0	0.0	0.0	0.0	3.0	0.0	0.0	0.0	0.0	0.0	0.0	0.0	0.0	0.0	0.0	0.0	0.0	45.0	0.0	0.0	0.0	0.0	0.0	0.0	0.0	0.0	0.0	0.0	0.0	0.0	0.0	0.0	0.0	0.0	0.0	0.0	0.0	0.0	0.0	0.0	0.0	0.0	0.0	0.0	0.0	0.0	0.0	0.0	0.0	0.0	0.0	0.0	0.0	0.0	0.0	0.0	0.0	0.0	0.0	0.0	0.0	0.0	0.0	0.0	0.0	0.0	0.0	0.0	0.0	0.0	0.0	0.0	0.0	0.0	0.0	0.0	0.0	0.0	0.0	0.0	0.0	0.0	0.0	0.0	0.0	0.0	0.0	0.0	0.0	0.0	0.0	0.0	0.0	0.0	0.0	0.0	0.0	0.0	0.0	0.0	0.0	0.0	0.0	0.0	0.0	0.0	0.0	3.0	0.0	0.0	0.0	0.0	0.0	0.0	0.0	0.0
SRR21723117	678.0	28.0	265.0	0.0	61.0	0.0	0.0	0.0	33.0	1370.0	127.0	71.0	0.0	6.0	41.0	957.0	120.0	46.0	62.0	3.0	275.0	61.0	102.0	0.0	929.0	87.0	6.0	235.0	873.0	0.0	0.0	2.0	0.0	2.0	688.0	0.0	0.0	0.0	0.0	95.0	430.0	21.0	0.0	0.0	30.0	186.0	59.0	0.0	119.0	33.0	289.0	0.0	9.0	0.0	132.0	0.0	100.0	0.0	0.0	98.0	0.0	0.0	0.0	4.0	7.0	3.0	92.0	0.0	0.0	111.0	79.0	8.0	0.0	0.0	147.0	14.0	0.0	4.0	0.0	2.0	0.0	0.0	0.0	0.0	0.0	0.0	70.0	115.0	0.0	0.0	336.0	25.0	0.0	378.0	5.0	0.0	0.0	0.0	0.0	0.0	0.0	0.0	60.0	348.0	12.0	0.0	0.0	0.0	3.0	0.0	0.0	0.0	2.0	0.0	5.0	33.0	0.0	0.0	180.0	0.0	0.0	0.0	51.0	0.0	0.0	0.0	0.0	0.0	0.0	2.0	0.0	247.0	0.0	0.0	0.0	0.0	0.0	0.0	0.0	0.0	37.0	0.0	0.0	0.0	7.0	0.0	7.0	0.0	5.0	0.0	0.0	0.0	3.0	0.0	0.0	0.0	0.0	0.0	0.0	0.0	77.0	0.0	0.0	0.0	0.0	0.0	0.0	0.0	0.0	46.0	11.0	11.0	0.0	55.0	0.0	23.0	0.0	0.0	0.0	0.0	0.0	0.0	0.0	0.0	0.0	0.0	0.0	0.0	0.0	0.0	0.0	0.0	0.0	0.0	0.0	0.0	0.0	0.0	0.0	0.0	70.0	0.0	0.0	0.0	0.0	0.0	0.0	0.0	0.0	0.0	0.0	0.0	0.0	0.0	0.0	0.0	0.0	0.0	0.0	0.0	0.0	0.0	48.0	0.0	0.0	0.0	0.0	0.0	0.0	0.0	0.0	0.0	0.0	0.0	0.0	0.0	0.0	0.0	0.0	0.0	0.0	0.0	0.0	0.0	0.0	0.0	0.0	0.0	0.0	0.0	0.0	0.0	0.0	0.0	0.0	0.0	0.0	0.0	0.0	3.0	0.0	0.0	0.0	0.0	0.0	0.0	0.0	0.0	0.0	0.0	0.0	0.0	0.0	0.0	0.0	0.0	0.0	0.0	0.0	0.0	0.0	0.0	0.0	0.0	0.0	0.0	0.0	0.0	0.0	0.0	0.0	0.0	0.0	0.0	0.0	0.0	0.0	0.0	0.0	0.0	0.0	0.0	0.0	0.0	0.0	0.0	0.0	0.0	0.0	0.0	0.0	0.0	0.0	0.0	0.0	0.0	0.0	0.0	0.0	0.0	0.0
SRR21723124	2146.0	500.0	3755.0	0.0	498.0	0.0	15.0	0.0	32.0	1007.0	797.0	871.0	3.0	45.0	150.0	4743.0	118.0	565.0	644.0	31.0	1722.0	296.0	0.0	187.0	4069.0	514.0	160.0	632.0	3710.0	155.0	0.0	86.0	1463.0	0.0	2191.0	13.0	15.0	149.0	9.0	1945.0	9325.0	153.0	0.0	6.0	1043.0	1291.0	842.0	15.0	2293.0	8.0	3302.0	0.0	91.0	9.0	993.0	0.0	2142.0	0.0	22.0	2702.0	0.0	9.0	0.0	26.0	40.0	117.0	282.0	0.0	15.0	808.0	1063.0	38.0	0.0	0.0	855.0	0.0	0.0	12.0	0.0	87.0	0.0	52.0	0.0	3.0	291.0	0.0	2809.0	176.0	0.0	0.0	1107.0	200.0	24.0	653.0	58.0	0.0	0.0	0.0	0.0	7.0	0.0	0.0	380.0	202.0	1686.0	22.0	586.0	24.0	30.0	0.0	0.0	0.0	0.0	0.0	27.0	3754.0	0.0	6.0	794.0	25.0	42.0	0.0	132.0	0.0	0.0	0.0	104.0	0.0	0.0	0.0	0.0	1591.0	6.0	0.0	0.0	0.0	0.0	0.0	0.0	0.0	0.0	6.0	5.0	0.0	8.0	0.0	414.0	21.0	0.0	0.0	0.0	0.0	0.0	17.0	0.0	0.0	0.0	0.0	109.0	6.0	196.0	0.0	0.0	0.0	0.0	14.0	0.0	0.0	3.0	88.0	7.0	0.0	0.0	2419.0	0.0	138.0	0.0	0.0	0.0	188.0	0.0	13.0	179.0	0.0	2.0	0.0	0.0	8.0	25.0	0.0	0.0	0.0	3.0	34.0	0.0	32.0	32.0	0.0	0.0	156.0	820.0	0.0	0.0	38.0	0.0	3.0	0.0	0.0	0.0	0.0	0.0	0.0	0.0	0.0	0.0	0.0	0.0	0.0	0.0	0.0	0.0	3.0	1060.0	0.0	0.0	0.0	0.0	0.0	0.0	0.0	78.0	0.0	0.0	0.0	0.0	0.0	0.0	0.0	0.0	0.0	0.0	20.0	0.0	5.0	0.0	0.0	0.0	0.0	0.0	0.0	0.0	0.0	0.0	0.0	0.0	0.0	0.0	0.0	0.0	0.0	0.0	0.0	0.0	0.0	0.0	0.0	0.0	0.0	0.0	0.0	0.0	0.0	0.0	0.0	0.0	0.0	0.0	0.0	0.0	0.0	0.0	0.0	0.0	0.0	0.0	0.0	0.0	0.0	0.0	0.0	0.0	0.0	0.0	0.0	0.0	0.0	0.0	0.0	0.0	0.0	0.0	0.0	0.0	0.0	0.0	0.0	0.0	0.0	0.0	0.0	0.0	0.0	0.0	0.0	0.0	0.0	0.0	0.0	0.0	0.0	0.0
SRR21723126	298.0	140.0	1402.0	0.0	146.0	0.0	2.0	0.0	26.0	442.0	57.0	152.0	0.0	7.0	11.0	1213.0	36.0	8.0	191.0	25.0	380.0	16.0	0.0	66.0	993.0	104.0	24.0	114.0	1665.0	0.0	0.0	4.0	681.0	0.0	792.0	4.0	0.0	0.0	3.0	445.0	2579.0	41.0	0.0	0.0	327.0	388.0	108.0	0.0	365.0	0.0	448.0	6.0	20.0	6.0	379.0	0.0	595.0	0.0	0.0	623.0	0.0	0.0	0.0	37.0	4.0	0.0	36.0	0.0	2.0	302.0	547.0	0.0	0.0	0.0	284.0	0.0	0.0	0.0	0.0	7.0	0.0	3.0	0.0	0.0	183.0	0.0	67.0	117.0	3.0	0.0	893.0	62.0	0.0	190.0	28.0	0.0	0.0	0.0	0.0	0.0	0.0	0.0	0.0	57.0	211.0	6.0	0.0	0.0	0.0	0.0	0.0	0.0	0.0	0.0	0.0	1082.0	0.0	0.0	221.0	0.0	18.0	0.0	26.0	0.0	0.0	0.0	0.0	0.0	0.0	0.0	0.0	275.0	0.0	0.0	0.0	0.0	0.0	0.0	0.0	0.0	0.0	0.0	3.0	0.0	4.0	0.0	0.0	0.0	0.0	0.0	0.0	0.0	0.0	11.0	0.0	0.0	0.0	0.0	0.0	0.0	0.0	0.0	0.0	0.0	0.0	0.0	0.0	0.0	0.0	254.0	0.0	4.0	0.0	584.0	0.0	28.0	0.0	0.0	0.0	51.0	0.0	0.0	34.0	0.0	0.0	0.0	0.0	3.0	0.0	0.0	0.0	0.0	0.0	0.0	0.0	0.0	29.0	0.0	0.0	62.0	293.0	0.0	0.0	14.0	0.0	0.0	0.0	0.0	0.0	0.0	0.0	0.0	0.0	0.0	0.0	0.0	5.0	0.0	0.0	0.0	0.0	0.0	291.0	0.0	0.0	0.0	0.0	0.0	0.0	0.0	26.0	0.0	0.0	0.0	0.0	0.0	0.0	0.0	0.0	0.0	0.0	13.0	0.0	0.0	0.0	0.0	0.0	0.0	0.0	0.0	0.0	0.0	0.0	0.0	0.0	0.0	0.0	0.0	0.0	0.0	0.0	0.0	0.0	0.0	0.0	0.0	0.0	0.0	0.0	0.0	0.0	0.0	0.0	0.0	0.0	0.0	0.0	0.0	0.0	0.0	0.0	0.0	0.0	0.0	0.0	0.0	0.0	0.0	0.0	0.0	0.0	0.0	0.0	0.0	0.0	0.0	0.0	0.0	0.0	0.0	0.0	0.0	0.0	0.0	0.0	0.0	0.0	0.0	0.0	0.0	0.0	0.0	0.0	0.0	0.0	0.0	0.0	0.0	0.0	0.0	0.0
SRR21723127	739.0	231.0	1610.0	0.0	275.0	0.0	0.0	0.0	38.0	706.0	137.0	325.0	0.0	21.0	55.0	3674.0	52.0	183.0	540.0	38.0	1103.0	168.0	14.0	73.0	2356.0	345.0	78.0	331.0	3137.0	0.0	0.0	13.0	748.0	0.0	1742.0	9.0	0.0	46.0	2.0	906.0	5492.0	233.0	0.0	12.0	384.0	595.0	229.0	25.0	1456.0	0.0	922.0	0.0	95.0	18.0	485.0	0.0	1646.0	0.0	0.0	976.0	0.0	0.0	0.0	43.0	0.0	21.0	169.0	0.0	16.0	354.0	394.0	21.0	0.0	0.0	996.0	0.0	0.0	5.0	0.0	0.0	0.0	7.0	0.0	0.0	180.0	0.0	498.0	47.0	10.0	0.0	704.0	140.0	20.0	185.0	28.0	0.0	0.0	0.0	0.0	0.0	4.0	0.0	292.0	147.0	291.0	14.0	312.0	40.0	0.0	0.0	0.0	0.0	5.0	0.0	2.0	735.0	0.0	3.0	113.0	36.0	37.0	0.0	53.0	0.0	0.0	0.0	33.0	0.0	0.0	16.0	0.0	1376.0	13.0	0.0	0.0	0.0	0.0	0.0	0.0	0.0	0.0	0.0	0.0	6.0	2.0	0.0	39.0	0.0	0.0	0.0	0.0	0.0	0.0	10.0	0.0	0.0	51.0	0.0	0.0	0.0	48.0	0.0	0.0	0.0	0.0	0.0	0.0	0.0	7.0	33.0	0.0	0.0	0.0	791.0	12.0	8.0	0.0	0.0	0.0	63.0	0.0	3.0	56.0	0.0	0.0	0.0	0.0	5.0	79.0	0.0	0.0	0.0	0.0	24.0	0.0	32.0	0.0	0.0	0.0	45.0	402.0	0.0	0.0	17.0	0.0	0.0	0.0	0.0	9.0	0.0	0.0	0.0	0.0	0.0	0.0	0.0	0.0	0.0	0.0	0.0	6.0	0.0	300.0	0.0	0.0	0.0	0.0	0.0	0.0	0.0	0.0	0.0	0.0	0.0	0.0	0.0	0.0	0.0	0.0	0.0	0.0	0.0	0.0	0.0	0.0	0.0	0.0	0.0	0.0	0.0	0.0	0.0	2.0	0.0	0.0	0.0	0.0	0.0	0.0	0.0	0.0	2.0	0.0	0.0	0.0	0.0	0.0	0.0	0.0	0.0	0.0	0.0	9.0	0.0	0.0	0.0	0.0	0.0	0.0	0.0	0.0	0.0	0.0	0.0	0.0	0.0	0.0	3.0	0.0	0.0	0.0	0.0	0.0	0.0	0.0	0.0	0.0	0.0	0.0	0.0	0.0	0.0	0.0	0.0	0.0	0.0	0.0	0.0	0.0	0.0	0.0	0.0	0.0	0.0	0.0	0.0	0.0	0.0	0.0	0.0	0.0
SRR21723128	1042.0	51.0	1510.0	0.0	206.0	0.0	4.0	0.0	12.0	1065.0	369.0	345.0	0.0	17.0	22.0	2542.0	71.0	186.0	169.0	73.0	1174.0	147.0	0.0	52.0	2424.0	381.0	136.0	392.0	2697.0	0.0	3.0	34.0	497.0	0.0	1144.0	10.0	0.0	0.0	0.0	1064.0	3005.0	80.0	0.0	0.0	362.0	429.0	429.0	0.0	1016.0	0.0	2200.0	0.0	58.0	3.0	590.0	0.0	1265.0	0.0	0.0	1005.0	0.0	0.0	0.0	27.0	32.0	59.0	134.0	0.0	0.0	471.0	171.0	9.0	0.0	0.0	551.0	0.0	0.0	0.0	0.0	19.0	0.0	0.0	0.0	0.0	131.0	11.0	1843.0	28.0	20.0	0.0	563.0	180.0	0.0	315.0	19.0	0.0	0.0	0.0	0.0	0.0	0.0	0.0	254.0	156.0	281.0	3.0	450.0	0.0	0.0	0.0	0.0	0.0	9.0	0.0	22.0	665.0	0.0	0.0	119.0	0.0	41.0	0.0	174.0	0.0	0.0	0.0	33.0	0.0	0.0	0.0	0.0	977.0	11.0	0.0	0.0	2.0	0.0	0.0	0.0	0.0	0.0	3.0	0.0	4.0	0.0	0.0	0.0	0.0	0.0	0.0	0.0	0.0	0.0	0.0	0.0	0.0	11.0	0.0	2.0	0.0	126.0	0.0	0.0	0.0	0.0	0.0	0.0	0.0	0.0	51.0	5.0	0.0	0.0	1193.0	3.0	24.0	0.0	0.0	0.0	89.0	0.0	0.0	138.0	0.0	0.0	0.0	0.0	2.0	90.0	0.0	0.0	17.0	0.0	40.0	0.0	0.0	0.0	0.0	0.0	0.0	555.0	0.0	0.0	0.0	0.0	0.0	0.0	0.0	0.0	3.0	0.0	0.0	0.0	0.0	0.0	0.0	0.0	0.0	0.0	0.0	0.0	0.0	632.0	0.0	0.0	0.0	0.0	0.0	0.0	0.0	35.0	0.0	0.0	0.0	0.0	0.0	0.0	0.0	0.0	0.0	0.0	0.0	0.0	0.0	0.0	0.0	0.0	0.0	0.0	0.0	0.0	0.0	0.0	0.0	0.0	0.0	0.0	0.0	0.0	0.0	0.0	0.0	0.0	0.0	0.0	0.0	0.0	0.0	0.0	0.0	0.0	0.0	3.0	0.0	0.0	0.0	0.0	0.0	0.0	0.0	0.0	0.0	0.0	4.0	0.0	0.0	0.0	0.0	0.0	0.0	0.0	2.0	0.0	0.0	0.0	0.0	0.0	0.0	0.0	0.0	0.0	0.0	0.0	0.0	0.0	0.0	0.0	0.0	0.0	0.0	0.0	0.0	0.0	0.0	0.0	0.0	0.0	0.0	0.0	0.0	0.0
SRR21723129	1353.0	333.0	2153.0	0.0	197.0	0.0	9.0	0.0	26.0	1118.0	302.0	648.0	0.0	41.0	36.0	3495.0	184.0	345.0	899.0	121.0	962.0	231.0	5.0	258.0	3175.0	510.0	141.0	429.0	3662.0	80.0	0.0	38.0	929.0	0.0	2088.0	13.0	0.0	53.0	2.0	765.0	5540.0	157.0	0.0	17.0	1447.0	980.0	425.0	29.0	1825.0	31.0	1188.0	0.0	65.0	4.0	350.0	0.0	1615.0	0.0	15.0	913.0	0.0	2.0	0.0	0.0	28.0	27.0	121.0	0.0	19.0	506.0	581.0	0.0	6.0	0.0	895.0	0.0	0.0	3.0	0.0	37.0	0.0	66.0	0.0	0.0	123.0	31.0	1182.0	82.0	11.0	0.0	641.0	129.0	0.0	280.0	24.0	0.0	0.0	0.0	0.0	9.0	0.0	0.0	184.0	300.0	470.0	24.0	398.0	66.0	10.0	0.0	0.0	0.0	0.0	0.0	27.0	1493.0	0.0	0.0	193.0	99.0	51.0	0.0	41.0	0.0	0.0	0.0	159.0	0.0	0.0	0.0	0.0	1158.0	7.0	0.0	0.0	14.0	0.0	10.0	0.0	0.0	21.0	4.0	20.0	19.0	0.0	0.0	117.0	14.0	7.0	0.0	0.0	0.0	0.0	0.0	0.0	0.0	93.0	0.0	0.0	25.0	86.0	8.0	0.0	0.0	0.0	0.0	0.0	0.0	0.0	53.0	0.0	0.0	0.0	1589.0	6.0	0.0	0.0	0.0	4.0	113.0	0.0	10.0	54.0	0.0	0.0	0.0	0.0	3.0	85.0	0.0	0.0	3.0	0.0	26.0	0.0	43.0	78.0	0.0	0.0	130.0	1412.0	0.0	0.0	21.0	3.0	0.0	0.0	0.0	0.0	4.0	0.0	0.0	2.0	0.0	0.0	0.0	0.0	0.0	0.0	0.0	0.0	0.0	404.0	0.0	0.0	0.0	0.0	0.0	0.0	0.0	11.0	0.0	0.0	0.0	0.0	8.0	0.0	0.0	0.0	0.0	0.0	34.0	0.0	3.0	0.0	0.0	0.0	0.0	0.0	0.0	4.0	0.0	0.0	0.0	0.0	0.0	0.0	0.0	0.0	0.0	0.0	0.0	0.0	0.0	0.0	0.0	0.0	0.0	0.0	0.0	0.0	0.0	0.0	0.0	0.0	0.0	0.0	0.0	0.0	0.0	0.0	0.0	0.0	0.0	0.0	0.0	0.0	0.0	0.0	0.0	0.0	0.0	0.0	0.0	0.0	0.0	0.0	0.0	0.0	0.0	0.0	0.0	3.0	0.0	0.0	0.0	0.0	0.0	0.0	0.0	0.0	0.0	0.0	0.0	0.0	0.0	0.0	0.0	0.0	0.0	0.0
SRR21723130	920.0	231.0	2116.0	0.0	100.0	0.0	0.0	0.0	0.0	365.0	122.0	519.0	0.0	39.0	6.0	913.0	0.0	209.0	537.0	46.0	488.0	151.0	6.0	113.0	1156.0	280.0	32.0	209.0	2418.0	17.0	0.0	34.0	1050.0	0.0	749.0	15.0	0.0	63.0	4.0	507.0	3706.0	96.0	14.0	0.0	808.0	693.0	144.0	35.0	1395.0	0.0	264.0	0.0	25.0	0.0	167.0	0.0	1290.0	0.0	0.0	274.0	0.0	5.0	0.0	0.0	11.0	19.0	38.0	0.0	8.0	214.0	469.0	7.0	4.0	0.0	840.0	0.0	0.0	0.0	0.0	12.0	0.0	32.0	0.0	0.0	55.0	17.0	948.0	7.0	2.0	0.0	1308.0	86.0	17.0	98.0	5.0	0.0	0.0	0.0	0.0	0.0	0.0	0.0	4.0	28.0	455.0	15.0	302.0	9.0	4.0	0.0	0.0	0.0	0.0	0.0	36.0	1637.0	0.0	0.0	191.0	17.0	38.0	0.0	18.0	0.0	0.0	0.0	62.0	0.0	3.0	0.0	0.0	572.0	9.0	0.0	0.0	4.0	0.0	0.0	0.0	0.0	0.0	0.0	30.0	0.0	3.0	0.0	94.0	0.0	0.0	0.0	0.0	0.0	0.0	11.0	0.0	0.0	120.0	0.0	4.0	5.0	18.0	0.0	58.0	0.0	0.0	6.0	0.0	0.0	0.0	85.0	0.0	0.0	0.0	586.0	0.0	0.0	0.0	28.0	0.0	97.0	0.0	16.0	29.0	0.0	0.0	0.0	0.0	4.0	0.0	0.0	0.0	0.0	0.0	0.0	0.0	28.0	64.0	0.0	0.0	66.0	458.0	0.0	0.0	11.0	0.0	0.0	0.0	0.0	0.0	3.0	0.0	0.0	0.0	2.0	0.0	0.0	0.0	0.0	0.0	0.0	0.0	0.0	202.0	0.0	0.0	0.0	0.0	7.0	0.0	0.0	12.0	0.0	0.0	0.0	0.0	0.0	0.0	0.0	0.0	0.0	0.0	54.0	0.0	0.0	0.0	0.0	0.0	0.0	0.0	0.0	2.0	0.0	0.0	0.0	0.0	0.0	0.0	0.0	0.0	0.0	0.0	0.0	0.0	0.0	0.0	0.0	0.0	0.0	0.0	0.0	0.0	0.0	0.0	0.0	0.0	0.0	0.0	0.0	0.0	0.0	0.0	0.0	0.0	0.0	0.0	0.0	0.0	0.0	0.0	0.0	0.0	0.0	0.0	0.0	0.0	0.0	0.0	0.0	0.0	0.0	0.0	0.0	0.0	0.0	0.0	0.0	0.0	0.0	0.0	0.0	0.0	0.0	0.0	0.0	0.0	0.0	0.0	0.0	0.0	0.0	0.0
SRR21723131	676.0	78.0	1947.0	0.0	229.0	0.0	0.0	0.0	14.0	881.0	189.0	481.0	4.0	19.0	23.0	1383.0	0.0	101.0	95.0	0.0	849.0	87.0	32.0	85.0	1576.0	227.0	37.0	228.0	2534.0	58.0	0.0	186.0	532.0	0.0	894.0	9.0	0.0	50.0	0.0	759.0	3371.0	49.0	10.0	0.0	259.0	367.0	135.0	0.0	667.0	0.0	1183.0	0.0	28.0	0.0	434.0	0.0	1100.0	0.0	10.0	834.0	0.0	0.0	0.0	16.0	16.0	17.0	83.0	0.0	12.0	242.0	311.0	0.0	0.0	0.0	710.0	6.0	0.0	0.0	0.0	0.0	0.0	19.0	0.0	0.0	57.0	0.0	3234.0	43.0	0.0	0.0	797.0	134.0	0.0	299.0	28.0	0.0	0.0	0.0	0.0	0.0	0.0	0.0	170.0	154.0	199.0	0.0	374.0	0.0	0.0	0.0	0.0	0.0	0.0	0.0	6.0	375.0	0.0	0.0	168.0	0.0	29.0	0.0	63.0	0.0	0.0	5.0	38.0	0.0	0.0	0.0	0.0	565.0	0.0	0.0	0.0	3.0	0.0	0.0	0.0	0.0	0.0	0.0	0.0	0.0	7.0	0.0	0.0	0.0	0.0	0.0	0.0	0.0	0.0	0.0	0.0	0.0	0.0	0.0	0.0	5.0	134.0	8.0	0.0	0.0	0.0	0.0	0.0	0.0	0.0	53.0	0.0	0.0	0.0	690.0	0.0	0.0	0.0	0.0	0.0	69.0	0.0	0.0	79.0	0.0	0.0	0.0	0.0	4.0	34.0	0.0	0.0	0.0	0.0	23.0	0.0	0.0	4.0	0.0	0.0	0.0	1276.0	0.0	0.0	12.0	0.0	0.0	0.0	0.0	0.0	0.0	0.0	0.0	0.0	0.0	0.0	0.0	0.0	0.0	0.0	0.0	0.0	0.0	467.0	0.0	0.0	0.0	0.0	0.0	0.0	0.0	12.0	0.0	0.0	0.0	0.0	0.0	0.0	0.0	0.0	0.0	0.0	0.0	0.0	0.0	0.0	0.0	0.0	0.0	0.0	3.0	0.0	0.0	0.0	0.0	0.0	0.0	0.0	0.0	0.0	0.0	0.0	2.0	0.0	0.0	4.0	0.0	0.0	0.0	0.0	0.0	0.0	0.0	0.0	0.0	0.0	0.0	0.0	0.0	0.0	0.0	0.0	0.0	0.0	0.0	0.0	0.0	0.0	0.0	0.0	0.0	0.0	0.0	0.0	0.0	0.0	0.0	0.0	0.0	0.0	0.0	0.0	0.0	0.0	0.0	0.0	0.0	0.0	0.0	0.0	0.0	0.0	0.0	0.0	0.0	0.0	0.0	0.0	0.0	0.0	0.0	0.0
SRR21723132	1112.0	335.0	1676.0	0.0	278.0	0.0	8.0	0.0	85.0	613.0	363.0	538.0	0.0	36.0	55.0	4092.0	41.0	186.0	807.0	33.0	980.0	207.0	0.0	73.0	2947.0	434.0	59.0	382.0	3299.0	42.0	0.0	11.0	989.0	0.0	2194.0	0.0	5.0	0.0	0.0	1177.0	4804.0	151.0	15.0	7.0	666.0	633.0	379.0	34.0	1435.0	0.0	1468.0	0.0	18.0	0.0	498.0	0.0	2007.0	0.0	0.0	999.0	0.0	0.0	0.0	24.0	26.0	71.0	188.0	0.0	19.0	477.0	548.0	23.0	0.0	0.0	779.0	0.0	0.0	4.0	0.0	3.0	0.0	22.0	0.0	0.0	131.0	0.0	855.0	128.0	6.0	0.0	1195.0	121.0	0.0	273.0	34.0	0.0	0.0	0.0	0.0	0.0	0.0	0.0	292.0	113.0	210.0	22.0	349.0	21.0	0.0	0.0	0.0	0.0	5.0	9.0	21.0	1520.0	0.0	2.0	225.0	17.0	32.0	0.0	102.0	0.0	0.0	8.0	105.0	0.0	0.0	0.0	0.0	1522.0	22.0	0.0	0.0	0.0	0.0	0.0	0.0	3.0	0.0	0.0	0.0	0.0	8.0	0.0	66.0	0.0	0.0	0.0	4.0	0.0	0.0	10.0	0.0	0.0	33.0	0.0	2.0	3.0	44.0	14.0	8.0	0.0	0.0	0.0	0.0	0.0	0.0	80.0	0.0	0.0	0.0	595.0	11.0	12.0	0.0	11.0	0.0	18.0	0.0	0.0	71.0	0.0	0.0	0.0	0.0	0.0	7.0	0.0	0.0	0.0	0.0	33.0	0.0	64.0	53.0	0.0	0.0	76.0	610.0	0.0	0.0	0.0	0.0	0.0	0.0	0.0	0.0	3.0	0.0	0.0	0.0	0.0	8.0	0.0	0.0	0.0	0.0	0.0	0.0	0.0	297.0	0.0	0.0	0.0	0.0	0.0	0.0	0.0	40.0	0.0	0.0	0.0	0.0	0.0	0.0	0.0	0.0	0.0	0.0	31.0	0.0	0.0	0.0	0.0	0.0	0.0	0.0	0.0	0.0	0.0	0.0	0.0	0.0	0.0	0.0	0.0	0.0	3.0	0.0	0.0	0.0	0.0	0.0	0.0	0.0	0.0	0.0	0.0	0.0	0.0	0.0	0.0	0.0	0.0	0.0	0.0	0.0	0.0	0.0	0.0	0.0	0.0	0.0	0.0	0.0	0.0	0.0	0.0	0.0	0.0	0.0	0.0	0.0	0.0	0.0	0.0	0.0	0.0	0.0	0.0	0.0	0.0	0.0	0.0	0.0	0.0	0.0	0.0	0.0	0.0	0.0	0.0	0.0	0.0	0.0	0.0	0.0	0.0	0.0
SRR21723133	788.0	207.0	1676.0	0.0	151.0	0.0	0.0	0.0	39.0	940.0	231.0	159.0	0.0	12.0	37.0	2143.0	14.0	231.0	374.0	12.0	538.0	200.0	7.0	30.0	1879.0	235.0	59.0	156.0	2149.0	28.0	0.0	19.0	888.0	0.0	818.0	0.0	0.0	0.0	0.0	566.0	4328.0	52.0	0.0	3.0	376.0	347.0	262.0	15.0	1189.0	0.0	920.0	2.0	45.0	0.0	337.0	0.0	1242.0	0.0	0.0	1045.0	0.0	0.0	0.0	17.0	20.0	0.0	60.0	0.0	11.0	376.0	311.0	22.0	0.0	4.0	522.0	0.0	0.0	0.0	0.0	27.0	0.0	0.0	0.0	0.0	116.0	22.0	699.0	47.0	0.0	0.0	664.0	72.0	0.0	90.0	12.0	0.0	0.0	0.0	0.0	0.0	0.0	0.0	191.0	89.0	642.0	13.0	309.0	14.0	6.0	0.0	0.0	0.0	0.0	0.0	0.0	1337.0	0.0	0.0	145.0	23.0	29.0	0.0	58.0	0.0	0.0	0.0	43.0	2.0	0.0	0.0	0.0	957.0	7.0	0.0	0.0	0.0	0.0	0.0	0.0	0.0	0.0	2.0	0.0	9.0	0.0	0.0	53.0	0.0	0.0	0.0	6.0	0.0	0.0	0.0	0.0	0.0	37.0	0.0	0.0	0.0	0.0	0.0	4.0	0.0	0.0	0.0	0.0	0.0	0.0	24.0	0.0	7.0	0.0	1206.0	0.0	37.0	0.0	0.0	0.0	25.0	0.0	26.0	26.0	0.0	0.0	0.0	0.0	0.0	22.0	0.0	2.0	0.0	0.0	0.0	0.0	22.0	24.0	0.0	0.0	90.0	345.0	0.0	0.0	0.0	0.0	0.0	0.0	0.0	0.0	5.0	0.0	0.0	0.0	0.0	5.0	0.0	0.0	0.0	0.0	0.0	0.0	0.0	364.0	0.0	0.0	0.0	0.0	0.0	0.0	0.0	40.0	0.0	0.0	0.0	0.0	0.0	0.0	0.0	0.0	0.0	0.0	0.0	0.0	0.0	0.0	0.0	0.0	0.0	0.0	0.0	0.0	0.0	0.0	2.0	0.0	0.0	0.0	0.0	0.0	0.0	0.0	0.0	0.0	0.0	0.0	0.0	0.0	0.0	0.0	0.0	0.0	0.0	0.0	0.0	0.0	0.0	0.0	0.0	0.0	0.0	0.0	0.0	0.0	0.0	0.0	0.0	0.0	0.0	0.0	0.0	0.0	0.0	0.0	0.0	0.0	0.0	0.0	0.0	0.0	0.0	0.0	0.0	0.0	0.0	0.0	0.0	0.0	0.0	0.0	0.0	0.0	0.0	0.0	0.0	0.0	0.0	0.0	0.0	0.0	0.0	0.0
SRR21723134	1425.0	113.0	2141.0	0.0	203.0	0.0	0.0	0.0	0.0	988.0	245.0	441.0	0.0	42.0	0.0	1725.0	166.0	0.0	142.0	38.0	1122.0	44.0	89.0	68.0	2364.0	424.0	31.0	502.0	3672.0	136.0	0.0	76.0	666.0	0.0	2342.0	0.0	0.0	0.0	0.0	762.0	4345.0	29.0	18.0	0.0	363.0	701.0	219.0	3.0	1039.0	19.0	1032.0	0.0	35.0	2.0	252.0	0.0	1320.0	0.0	5.0	557.0	0.0	0.0	0.0	0.0	18.0	23.0	125.0	0.0	0.0	391.0	344.0	0.0	0.0	0.0	516.0	4.0	0.0	0.0	0.0	8.0	0.0	11.0	0.0	0.0	18.0	18.0	3543.0	67.0	5.0	0.0	1431.0	162.0	29.0	396.0	27.0	0.0	0.0	0.0	0.0	5.0	0.0	5.0	100.0	286.0	322.0	7.0	424.0	12.0	2.0	4.0	0.0	0.0	0.0	31.0	14.0	525.0	0.0	0.0	213.0	0.0	19.0	0.0	92.0	0.0	0.0	0.0	57.0	0.0	0.0	0.0	0.0	1117.0	5.0	0.0	0.0	5.0	0.0	0.0	0.0	0.0	0.0	0.0	0.0	3.0	3.0	0.0	21.0	24.0	0.0	0.0	0.0	0.0	4.0	0.0	0.0	0.0	0.0	0.0	12.0	0.0	171.0	13.0	0.0	0.0	0.0	0.0	0.0	0.0	0.0	100.0	0.0	0.0	0.0	397.0	3.0	0.0	0.0	0.0	10.0	8.0	0.0	0.0	42.0	0.0	0.0	0.0	0.0	0.0	166.0	0.0	0.0	0.0	0.0	0.0	0.0	0.0	21.0	0.0	0.0	0.0	1247.0	0.0	0.0	0.0	0.0	0.0	0.0	0.0	0.0	2.0	0.0	0.0	0.0	0.0	0.0	0.0	0.0	0.0	0.0	0.0	0.0	0.0	360.0	0.0	0.0	0.0	0.0	0.0	0.0	0.0	0.0	0.0	0.0	0.0	0.0	6.0	0.0	0.0	0.0	0.0	0.0	0.0	0.0	0.0	0.0	0.0	0.0	3.0	0.0	0.0	0.0	0.0	0.0	0.0	0.0	0.0	0.0	0.0	0.0	0.0	0.0	0.0	0.0	0.0	0.0	0.0	0.0	0.0	0.0	0.0	0.0	0.0	0.0	0.0	0.0	0.0	0.0	0.0	0.0	0.0	0.0	0.0	0.0	0.0	0.0	0.0	0.0	0.0	0.0	0.0	0.0	0.0	0.0	0.0	0.0	0.0	0.0	0.0	0.0	0.0	0.0	0.0	0.0	0.0	0.0	0.0	0.0	0.0	0.0	0.0	0.0	0.0	0.0	0.0	0.0	0.0	0.0	0.0	0.0	0.0	0.0
SRR21723135	940.0	221.0	1357.0	0.0	146.0	0.0	3.0	0.0	71.0	606.0	110.0	599.0	0.0	19.0	46.0	2594.0	90.0	177.0	764.0	92.0	991.0	224.0	0.0	94.0	2156.0	397.0	46.0	414.0	2940.0	36.0	0.0	0.0	883.0	0.0	1558.0	0.0	0.0	82.0	0.0	919.0	4460.0	147.0	0.0	13.0	594.0	626.0	202.0	28.0	1609.0	0.0	801.0	0.0	12.0	0.0	516.0	0.0	1663.0	0.0	0.0	779.0	0.0	0.0	0.0	40.0	20.0	14.0	169.0	0.0	0.0	339.0	514.0	0.0	0.0	0.0	794.0	0.0	0.0	0.0	0.0	5.0	0.0	33.0	0.0	0.0	95.0	0.0	481.0	2.0	2.0	0.0	581.0	141.0	0.0	216.0	30.0	0.0	0.0	0.0	0.0	10.0	2.0	0.0	255.0	142.0	289.0	27.0	302.0	36.0	3.0	0.0	0.0	0.0	0.0	0.0	0.0	723.0	0.0	3.0	228.0	55.0	39.0	0.0	55.0	0.0	0.0	0.0	125.0	0.0	8.0	0.0	0.0	1169.0	7.0	0.0	0.0	19.0	0.0	0.0	0.0	0.0	5.0	3.0	0.0	3.0	4.0	0.0	44.0	0.0	0.0	0.0	0.0	0.0	0.0	9.0	0.0	0.0	62.0	0.0	19.0	4.0	49.0	17.0	5.0	0.0	0.0	0.0	0.0	0.0	0.0	22.0	0.0	0.0	0.0	1121.0	0.0	4.0	0.0	9.0	0.0	35.0	0.0	0.0	29.0	0.0	0.0	0.0	0.0	7.0	0.0	0.0	0.0	0.0	0.0	25.0	0.0	66.0	48.0	0.0	0.0	75.0	870.0	0.0	0.0	8.0	0.0	2.0	0.0	0.0	0.0	0.0	0.0	0.0	0.0	0.0	0.0	0.0	0.0	0.0	0.0	0.0	0.0	0.0	245.0	0.0	0.0	0.0	0.0	0.0	0.0	6.0	0.0	0.0	0.0	0.0	0.0	0.0	0.0	0.0	0.0	0.0	0.0	43.0	0.0	0.0	0.0	0.0	0.0	0.0	0.0	0.0	4.0	0.0	0.0	0.0	0.0	0.0	0.0	0.0	0.0	3.0	0.0	0.0	0.0	0.0	0.0	0.0	0.0	0.0	0.0	0.0	0.0	0.0	0.0	0.0	0.0	0.0	0.0	0.0	0.0	0.0	0.0	0.0	0.0	0.0	0.0	0.0	0.0	0.0	0.0	0.0	0.0	0.0	0.0	0.0	0.0	0.0	0.0	0.0	0.0	0.0	0.0	0.0	0.0	0.0	0.0	0.0	0.0	0.0	0.0	0.0	0.0	0.0	0.0	0.0	0.0	0.0	0.0	0.0	0.0	0.0	0.0
SRR21723136	4977.0	472.0	4287.0	0.0	777.0	0.0	5.0	9.0	60.0	3698.0	1288.0	1297.0	5.0	29.0	137.0	6230.0	669.0	559.0	247.0	406.0	2403.0	588.0	261.0	508.0	6423.0	1052.0	416.0	1316.0	7305.0	425.0	0.0	285.0	799.0	0.0	5522.0	7.0	0.0	0.0	6.0	2253.0	7495.0	167.0	27.0	0.0	1860.0	1503.0	638.0	8.0	2240.0	98.0	3316.0	0.0	87.0	11.0	1466.0	0.0	2290.0	0.0	15.0	1505.0	0.0	22.0	5.0	52.0	63.0	149.0	407.0	0.0	2.0	961.0	842.0	10.0	0.0	11.0	1412.0	51.0	0.0	17.0	0.0	24.0	0.0	21.0	0.0	0.0	77.0	0.0	5125.0	323.0	43.0	0.0	3970.0	278.0	69.0	1715.0	118.0	0.0	0.0	0.0	0.0	5.0	0.0	0.0	228.0	1437.0	974.0	10.0	755.0	47.0	14.0	4.0	0.0	0.0	27.0	0.0	9.0	773.0	0.0	0.0	698.0	0.0	55.0	0.0	368.0	0.0	0.0	0.0	286.0	4.0	0.0	22.0	0.0	2285.0	10.0	0.0	0.0	2.0	0.0	32.0	4.0	0.0	65.0	6.0	49.0	0.0	62.0	0.0	5.0	58.0	0.0	0.0	0.0	0.0	25.0	0.0	0.0	0.0	0.0	0.0	102.0	0.0	519.0	0.0	10.0	2.0	0.0	0.0	0.0	4.0	14.0	192.0	74.0	16.0	0.0	898.0	0.0	0.0	0.0	6.0	79.0	212.0	3.0	0.0	170.0	0.0	0.0	0.0	0.0	5.0	337.0	0.0	0.0	0.0	0.0	63.0	0.0	0.0	28.0	0.0	0.0	0.0	2148.0	0.0	0.0	0.0	0.0	0.0	0.0	0.0	0.0	0.0	0.0	0.0	0.0	0.0	0.0	0.0	0.0	0.0	0.0	0.0	0.0	0.0	1075.0	0.0	0.0	0.0	0.0	0.0	0.0	0.0	13.0	0.0	0.0	7.0	0.0	0.0	0.0	0.0	2.0	0.0	0.0	0.0	0.0	0.0	0.0	0.0	0.0	0.0	0.0	0.0	0.0	0.0	0.0	0.0	0.0	0.0	0.0	0.0	0.0	0.0	0.0	0.0	0.0	0.0	0.0	0.0	0.0	0.0	0.0	0.0	0.0	0.0	0.0	0.0	0.0	0.0	0.0	0.0	0.0	0.0	0.0	0.0	0.0	0.0	0.0	0.0	0.0	0.0	0.0	0.0	0.0	0.0	0.0	0.0	0.0	0.0	0.0	0.0	0.0	0.0	0.0	0.0	0.0	0.0	0.0	0.0	19.0	0.0	0.0	0.0	0.0	0.0	0.0	0.0	0.0	0.0	0.0	0.0	0.0	0.0	0.0
SRR21723137	1152.0	69.0	954.0	0.0	287.0	0.0	4.0	0.0	19.0	877.0	130.0	280.0	0.0	0.0	21.0	1713.0	83.0	111.0	103.0	68.0	831.0	12.0	48.0	132.0	1751.0	310.0	81.0	282.0	2607.0	161.0	0.0	11.0	599.0	0.0	1142.0	0.0	0.0	18.0	3.0	738.0	2048.0	55.0	0.0	0.0	391.0	691.0	181.0	0.0	576.0	3.0	1168.0	0.0	4.0	10.0	553.0	0.0	1073.0	0.0	2.0	685.0	0.0	3.0	0.0	0.0	58.0	8.0	114.0	0.0	0.0	178.0	346.0	0.0	0.0	0.0	418.0	5.0	0.0	0.0	0.0	5.0	0.0	9.0	0.0	0.0	78.0	0.0	167.0	105.0	5.0	0.0	1431.0	104.0	0.0	227.0	21.0	0.0	0.0	0.0	0.0	0.0	0.0	0.0	96.0	213.0	114.0	0.0	265.0	0.0	0.0	0.0	0.0	0.0	7.0	0.0	0.0	604.0	0.0	0.0	140.0	0.0	33.0	0.0	52.0	3.0	0.0	0.0	20.0	0.0	0.0	0.0	0.0	864.0	0.0	0.0	0.0	0.0	0.0	0.0	0.0	0.0	0.0	0.0	3.0	0.0	3.0	0.0	0.0	2.0	0.0	0.0	0.0	0.0	0.0	6.0	0.0	0.0	0.0	0.0	0.0	0.0	95.0	0.0	0.0	0.0	0.0	0.0	0.0	0.0	3.0	325.0	13.0	0.0	0.0	3420.0	0.0	54.0	0.0	0.0	0.0	99.0	0.0	0.0	22.0	0.0	0.0	0.0	0.0	5.0	0.0	0.0	0.0	0.0	3.0	38.0	0.0	0.0	0.0	0.0	0.0	0.0	1388.0	0.0	0.0	12.0	0.0	0.0	0.0	0.0	0.0	0.0	0.0	0.0	0.0	0.0	0.0	0.0	0.0	0.0	0.0	0.0	0.0	0.0	619.0	0.0	0.0	0.0	0.0	0.0	0.0	0.0	0.0	0.0	0.0	0.0	0.0	0.0	0.0	0.0	0.0	0.0	0.0	13.0	0.0	0.0	0.0	0.0	0.0	0.0	0.0	0.0	0.0	0.0	0.0	0.0	0.0	0.0	0.0	0.0	3.0	0.0	0.0	0.0	0.0	0.0	0.0	0.0	0.0	0.0	0.0	0.0	0.0	0.0	0.0	0.0	0.0	0.0	0.0	0.0	0.0	0.0	0.0	0.0	0.0	0.0	0.0	0.0	0.0	0.0	0.0	0.0	0.0	0.0	0.0	0.0	0.0	0.0	0.0	0.0	0.0	0.0	0.0	0.0	0.0	0.0	0.0	0.0	0.0	0.0	0.0	0.0	0.0	0.0	0.0	0.0	0.0	0.0	0.0	0.0	0.0	0.0	0.0
SRR21723138	866.0	339.0	2614.0	0.0	60.0	0.0	2.0	0.0	43.0	576.0	95.0	561.0	0.0	23.0	49.0	1300.0	21.0	108.0	740.0	48.0	694.0	117.0	0.0	150.0	1612.0	351.0	73.0	181.0	3657.0	24.0	0.0	37.0	813.0	0.0	1105.0	24.0	0.0	164.0	2.0	687.0	4930.0	134.0	0.0	0.0	729.0	794.0	115.0	22.0	1618.0	0.0	385.0	0.0	41.0	14.0	345.0	0.0	1451.0	0.0	16.0	469.0	0.0	3.0	0.0	19.0	9.0	14.0	0.0	0.0	8.0	271.0	469.0	0.0	0.0	0.0	1111.0	0.0	0.0	2.0	0.0	15.0	0.0	28.0	0.0	0.0	41.0	16.0	1797.0	47.0	6.0	0.0	1476.0	146.0	0.0	155.0	16.0	0.0	0.0	0.0	0.0	0.0	0.0	16.0	62.0	112.0	197.0	8.0	367.0	105.0	3.0	0.0	0.0	0.0	0.0	10.0	27.0	1183.0	0.0	0.0	203.0	42.0	60.0	0.0	43.0	0.0	0.0	0.0	76.0	0.0	0.0	0.0	0.0	854.0	11.0	0.0	0.0	9.0	0.0	0.0	0.0	0.0	0.0	0.0	16.0	11.0	6.0	0.0	228.0	19.0	0.0	0.0	0.0	0.0	0.0	0.0	44.0	0.0	200.0	4.0	9.0	3.0	39.0	36.0	0.0	0.0	0.0	0.0	0.0	0.0	0.0	51.0	0.0	0.0	0.0	280.0	3.0	0.0	0.0	17.0	6.0	78.0	0.0	7.0	40.0	0.0	0.0	0.0	0.0	5.0	31.0	0.0	0.0	4.0	0.0	9.0	2.0	43.0	174.0	0.0	0.0	0.0	511.0	0.0	0.0	0.0	0.0	0.0	0.0	0.0	0.0	0.0	0.0	0.0	0.0	0.0	0.0	0.0	0.0	0.0	0.0	0.0	0.0	0.0	97.0	0.0	0.0	0.0	0.0	3.0	0.0	0.0	0.0	0.0	0.0	0.0	0.0	0.0	0.0	0.0	0.0	0.0	0.0	18.0	3.0	0.0	11.0	0.0	0.0	0.0	0.0	0.0	0.0	0.0	0.0	0.0	0.0	0.0	0.0	0.0	0.0	0.0	0.0	0.0	0.0	0.0	0.0	0.0	3.0	0.0	0.0	0.0	0.0	0.0	0.0	0.0	0.0	0.0	0.0	0.0	9.0	0.0	0.0	0.0	0.0	0.0	0.0	2.0	0.0	0.0	0.0	0.0	0.0	0.0	0.0	0.0	0.0	0.0	2.0	0.0	0.0	0.0	0.0	0.0	0.0	0.0	0.0	0.0	0.0	0.0	0.0	0.0	0.0	0.0	0.0	0.0	0.0	0.0	0.0	0.0	0.0	0.0	0.0
SRR21723139	1149.0	152.0	1429.0	0.0	211.0	0.0	0.0	0.0	91.0	777.0	217.0	521.0	0.0	41.0	67.0	2317.0	173.0	112.0	642.0	117.0	973.0	216.0	21.0	127.0	2456.0	530.0	85.0	518.0	2670.0	78.0	0.0	5.0	578.0	5.0	1675.0	0.0	5.0	0.0	0.0	945.0	4482.0	166.0	16.0	0.0	636.0	711.0	285.0	14.0	1354.0	0.0	1074.0	10.0	54.0	14.0	453.0	0.0	1346.0	0.0	0.0	762.0	0.0	0.0	0.0	8.0	30.0	0.0	127.0	0.0	10.0	390.0	451.0	6.0	0.0	0.0	711.0	0.0	0.0	0.0	0.0	14.0	0.0	5.0	0.0	2.0	0.0	23.0	495.0	69.0	7.0	0.0	897.0	205.0	29.0	298.0	16.0	0.0	0.0	0.0	0.0	0.0	0.0	0.0	108.0	277.0	95.0	43.0	152.0	29.0	4.0	0.0	0.0	0.0	0.0	16.0	33.0	604.0	0.0	4.0	101.0	92.0	26.0	0.0	80.0	3.0	0.0	0.0	134.0	4.0	5.0	0.0	0.0	1096.0	7.0	0.0	0.0	3.0	0.0	0.0	2.0	2.0	5.0	0.0	0.0	6.0	0.0	0.0	82.0	17.0	0.0	0.0	2.0	0.0	0.0	6.0	0.0	0.0	46.0	0.0	0.0	12.0	152.0	18.0	2.0	0.0	0.0	0.0	0.0	0.0	0.0	78.0	0.0	9.0	0.0	571.0	4.0	5.0	0.0	0.0	15.0	53.0	0.0	0.0	40.0	0.0	0.0	0.0	0.0	0.0	111.0	0.0	0.0	13.0	0.0	0.0	0.0	49.0	44.0	0.0	0.0	15.0	379.0	0.0	0.0	0.0	0.0	0.0	0.0	0.0	0.0	3.0	0.0	0.0	0.0	0.0	0.0	3.0	0.0	0.0	0.0	0.0	0.0	0.0	204.0	0.0	0.0	0.0	0.0	0.0	0.0	0.0	0.0	0.0	0.0	0.0	0.0	0.0	0.0	0.0	0.0	0.0	0.0	0.0	0.0	0.0	0.0	0.0	0.0	0.0	0.0	0.0	0.0	0.0	0.0	0.0	0.0	0.0	0.0	0.0	0.0	0.0	0.0	0.0	0.0	0.0	0.0	0.0	0.0	0.0	0.0	0.0	0.0	0.0	0.0	0.0	0.0	0.0	0.0	0.0	0.0	0.0	0.0	0.0	0.0	0.0	0.0	0.0	0.0	0.0	0.0	0.0	0.0	0.0	0.0	0.0	0.0	3.0	0.0	0.0	0.0	0.0	0.0	0.0	0.0	0.0	0.0	0.0	0.0	0.0	0.0	0.0	0.0	0.0	0.0	0.0	0.0	0.0	0.0	0.0	0.0	0.0	0.0
SRR21723140	2610.0	137.0	526.0	0.0	113.0	0.0	2.0	7.0	55.0	1676.0	338.0	230.0	18.0	25.0	135.0	3352.0	274.0	236.0	0.0	25.0	613.0	143.0	172.0	19.0	2390.0	174.0	76.0	633.0	1901.0	59.0	0.0	85.0	126.0	0.0	2631.0	0.0	3.0	10.0	0.0	217.0	1128.0	55.0	19.0	9.0	208.0	538.0	148.0	21.0	264.0	142.0	691.0	6.0	0.0	7.0	323.0	0.0	340.0	0.0	0.0	183.0	12.0	0.0	7.0	12.0	38.0	10.0	146.0	0.0	6.0	420.0	328.0	0.0	3.0	3.0	403.0	66.0	0.0	11.0	0.0	3.0	0.0	15.0	6.0	0.0	0.0	0.0	478.0	221.0	14.0	0.0	318.0	51.0	0.0	838.0	23.0	6.0	0.0	0.0	0.0	4.0	0.0	0.0	43.0	1053.0	63.0	2.0	107.0	0.0	0.0	0.0	0.0	0.0	13.0	0.0	42.0	158.0	0.0	3.0	239.0	3.0	0.0	0.0	160.0	0.0	0.0	0.0	84.0	0.0	0.0	0.0	0.0	410.0	0.0	0.0	0.0	0.0	0.0	29.0	0.0	0.0	93.0	0.0	42.0	0.0	30.0	3.0	14.0	36.0	5.0	3.0	0.0	0.0	9.0	0.0	3.0	0.0	0.0	0.0	0.0	0.0	79.0	0.0	0.0	0.0	0.0	0.0	0.0	3.0	0.0	84.0	33.0	0.0	0.0	86.0	0.0	3.0	5.0	0.0	3.0	0.0	0.0	0.0	0.0	0.0	0.0	0.0	0.0	0.0	178.0	0.0	0.0	0.0	0.0	0.0	0.0	0.0	43.0	0.0	0.0	0.0	178.0	0.0	0.0	0.0	0.0	0.0	0.0	2.0	0.0	0.0	0.0	10.0	0.0	0.0	0.0	0.0	0.0	0.0	0.0	0.0	0.0	0.0	114.0	0.0	0.0	0.0	0.0	0.0	0.0	0.0	0.0	0.0	0.0	0.0	0.0	0.0	0.0	0.0	0.0	0.0	0.0	0.0	0.0	0.0	0.0	0.0	0.0	0.0	0.0	0.0	0.0	0.0	0.0	0.0	0.0	0.0	0.0	0.0	0.0	0.0	0.0	0.0	0.0	0.0	0.0	0.0	0.0	0.0	0.0	0.0	0.0	0.0	0.0	0.0	0.0	0.0	0.0	0.0	0.0	0.0	0.0	0.0	0.0	0.0	0.0	0.0	0.0	0.0	0.0	0.0	0.0	0.0	0.0	0.0	0.0	0.0	0.0	0.0	0.0	0.0	0.0	0.0	0.0	0.0	0.0	0.0	10.0	0.0	0.0	0.0	0.0	0.0	0.0	0.0	0.0	0.0	0.0	0.0	0.0	0.0	0.0
SRR21723141	1734.0	82.0	554.0	16.0	186.0	0.0	5.0	0.0	39.0	2094.0	285.0	195.0	8.0	30.0	52.0	3213.0	271.0	142.0	74.0	38.0	639.0	160.0	50.0	24.0	2335.0	209.0	78.0	544.0	2115.0	8.0	0.0	33.0	186.0	0.0	2086.0	0.0	5.0	23.0	3.0	442.0	1411.0	41.0	0.0	0.0	94.0	559.0	183.0	3.0	434.0	90.0	784.0	0.0	26.0	8.0	369.0	0.0	551.0	0.0	0.0	357.0	0.0	3.0	4.0	7.0	37.0	3.0	243.0	0.0	5.0	254.0	207.0	3.0	0.0	0.0	489.0	16.0	0.0	0.0	0.0	0.0	0.0	0.0	0.0	0.0	15.0	0.0	307.0	166.0	0.0	0.0	263.0	119.0	16.0	844.0	24.0	0.0	7.0	0.0	0.0	6.0	0.0	0.0	108.0	548.0	67.0	7.0	136.0	5.0	0.0	2.0	0.0	0.0	8.0	3.0	0.0	212.0	0.0	0.0	281.0	0.0	0.0	0.0	35.0	0.0	0.0	0.0	67.0	0.0	0.0	9.0	0.0	489.0	0.0	0.0	0.0	0.0	0.0	16.0	0.0	0.0	40.0	0.0	7.0	0.0	6.0	0.0	0.0	22.0	0.0	0.0	0.0	0.0	4.0	0.0	0.0	0.0	0.0	0.0	0.0	0.0	67.0	0.0	0.0	2.0	0.0	6.0	0.0	0.0	0.0	64.0	23.0	0.0	0.0	118.0	0.0	52.0	0.0	0.0	6.0	24.0	6.0	0.0	26.0	0.0	0.0	0.0	0.0	4.0	158.0	0.0	0.0	3.0	0.0	45.0	0.0	0.0	87.0	0.0	0.0	0.0	154.0	0.0	0.0	0.0	0.0	0.0	0.0	0.0	0.0	0.0	0.0	0.0	0.0	0.0	0.0	0.0	0.0	0.0	0.0	0.0	0.0	0.0	207.0	0.0	0.0	0.0	0.0	0.0	0.0	0.0	0.0	0.0	0.0	3.0	0.0	0.0	0.0	0.0	0.0	0.0	0.0	0.0	0.0	0.0	0.0	0.0	0.0	0.0	0.0	0.0	0.0	0.0	0.0	0.0	0.0	0.0	0.0	0.0	0.0	2.0	0.0	0.0	0.0	0.0	0.0	0.0	0.0	0.0	0.0	0.0	0.0	0.0	0.0	0.0	0.0	0.0	0.0	0.0	0.0	0.0	0.0	0.0	0.0	0.0	0.0	0.0	0.0	0.0	0.0	0.0	0.0	0.0	0.0	0.0	0.0	0.0	0.0	0.0	0.0	0.0	0.0	0.0	0.0	0.0	0.0	0.0	0.0	0.0	0.0	0.0	0.0	0.0	0.0	0.0	0.0	0.0	0.0	0.0	0.0	0.0	0.0
SRR21723142	2129.0	82.0	760.0	0.0	219.0	0.0	10.0	0.0	35.0	1439.0	290.0	210.0	10.0	26.0	110.0	4776.0	214.0	103.0	33.0	19.0	531.0	261.0	50.0	17.0	2412.0	186.0	36.0	619.0	1232.0	11.0	0.0	0.0	177.0	0.0	2162.0	6.0	11.0	12.0	3.0	461.0	1502.0	42.0	0.0	0.0	0.0	206.0	240.0	0.0	288.0	88.0	1095.0	0.0	46.0	0.0	409.0	0.0	583.0	0.0	0.0	521.0	0.0	0.0	3.0	14.0	20.0	15.0	213.0	0.0	6.0	389.0	209.0	6.0	0.0	9.0	295.0	8.0	0.0	7.0	0.0	7.0	0.0	0.0	0.0	0.0	103.0	0.0	108.0	309.0	18.0	3.0	314.0	101.0	10.0	1033.0	71.0	0.0	0.0	0.0	0.0	2.0	0.0	0.0	162.0	747.0	112.0	2.0	132.0	0.0	5.0	0.0	0.0	0.0	10.0	18.0	23.0	195.0	0.0	0.0	461.0	3.0	0.0	0.0	124.0	0.0	0.0	0.0	157.0	0.0	0.0	6.0	0.0	510.0	0.0	0.0	0.0	2.0	0.0	20.0	0.0	0.0	114.0	15.0	20.0	0.0	45.0	0.0	0.0	0.0	2.0	0.0	0.0	0.0	7.0	0.0	0.0	0.0	0.0	0.0	2.0	2.0	35.0	0.0	0.0	0.0	0.0	0.0	0.0	25.0	0.0	39.0	28.0	12.0	0.0	157.0	0.0	37.0	0.0	0.0	8.0	8.0	0.0	0.0	37.0	0.0	0.0	6.0	0.0	0.0	202.0	0.0	0.0	0.0	0.0	24.0	0.0	0.0	41.0	0.0	0.0	0.0	120.0	0.0	0.0	21.0	0.0	0.0	0.0	0.0	0.0	0.0	0.0	2.0	0.0	0.0	0.0	0.0	0.0	0.0	0.0	0.0	0.0	0.0	261.0	0.0	0.0	0.0	0.0	0.0	0.0	0.0	11.0	0.0	0.0	0.0	0.0	0.0	0.0	0.0	0.0	0.0	0.0	0.0	0.0	2.0	0.0	0.0	0.0	0.0	0.0	0.0	0.0	0.0	0.0	0.0	0.0	4.0	0.0	0.0	0.0	0.0	0.0	0.0	0.0	0.0	0.0	0.0	0.0	0.0	0.0	0.0	0.0	0.0	0.0	0.0	0.0	0.0	0.0	0.0	0.0	0.0	0.0	2.0	0.0	0.0	0.0	0.0	0.0	0.0	0.0	0.0	0.0	0.0	0.0	0.0	0.0	0.0	0.0	0.0	0.0	0.0	0.0	0.0	0.0	0.0	0.0	0.0	0.0	0.0	0.0	0.0	0.0	0.0	3.0	0.0	0.0	0.0	0.0	0.0	0.0	0.0	0.0
SRR21723143	1362.0	85.0	698.0	0.0	115.0	0.0	8.0	4.0	25.0	1242.0	102.0	197.0	17.0	6.0	28.0	3042.0	111.0	128.0	50.0	8.0	390.0	162.0	50.0	18.0	1298.0	120.0	48.0	355.0	1211.0	0.0	19.0	13.0	55.0	0.0	1431.0	26.0	14.0	10.0	0.0	350.0	1229.0	41.0	0.0	0.0	22.0	167.0	88.0	0.0	269.0	139.0	600.0	0.0	27.0	0.0	238.0	0.0	294.0	0.0	0.0	217.0	0.0	0.0	3.0	23.0	36.0	8.0	148.0	0.0	3.0	260.0	74.0	6.0	0.0	5.0	590.0	0.0	0.0	5.0	0.0	2.0	0.0	3.0	0.0	0.0	73.0	2.0	121.0	280.0	5.0	0.0	179.0	31.0	11.0	896.0	26.0	0.0	0.0	0.0	0.0	0.0	0.0	0.0	103.0	587.0	76.0	4.0	63.0	0.0	0.0	2.0	0.0	0.0	0.0	0.0	17.0	106.0	0.0	0.0	329.0	2.0	0.0	0.0	81.0	0.0	0.0	5.0	76.0	0.0	0.0	0.0	0.0	314.0	3.0	0.0	0.0	0.0	0.0	0.0	0.0	4.0	63.0	5.0	17.0	0.0	41.0	0.0	16.0	9.0	6.0	0.0	0.0	0.0	10.0	5.0	0.0	0.0	0.0	0.0	9.0	0.0	28.0	0.0	0.0	0.0	0.0	0.0	0.0	16.0	0.0	49.0	23.0	9.0	0.0	66.0	0.0	25.0	0.0	0.0	0.0	0.0	3.0	0.0	0.0	0.0	0.0	0.0	0.0	0.0	94.0	0.0	0.0	0.0	0.0	31.0	0.0	0.0	76.0	0.0	0.0	0.0	60.0	0.0	0.0	34.0	0.0	0.0	0.0	0.0	0.0	4.0	0.0	0.0	0.0	0.0	0.0	0.0	0.0	0.0	0.0	0.0	0.0	0.0	138.0	0.0	0.0	0.0	0.0	0.0	0.0	0.0	0.0	0.0	0.0	0.0	0.0	0.0	0.0	0.0	0.0	0.0	0.0	0.0	0.0	0.0	0.0	0.0	0.0	0.0	0.0	0.0	0.0	0.0	0.0	0.0	0.0	0.0	0.0	0.0	0.0	0.0	0.0	0.0	0.0	0.0	0.0	0.0	0.0	0.0	0.0	0.0	0.0	0.0	0.0	0.0	0.0	0.0	0.0	0.0	0.0	0.0	0.0	0.0	0.0	0.0	0.0	0.0	0.0	0.0	0.0	0.0	0.0	0.0	0.0	0.0	0.0	0.0	0.0	0.0	0.0	0.0	0.0	0.0	0.0	0.0	0.0	0.0	0.0	0.0	0.0	0.0	0.0	0.0	0.0	0.0	0.0	0.0	0.0	0.0	0.0	0.0	0.0
SRR21723147	364.0	72.0	524.0	0.0	90.0	0.0	0.0	0.0	19.0	879.0	107.0	73.0	0.0	14.0	7.0	956.0	39.0	67.0	38.0	0.0	285.0	43.0	6.0	36.0	812.0	43.0	47.0	41.0	1393.0	41.0	0.0	30.0	100.0	0.0	513.0	4.0	0.0	19.0	2.0	159.0	850.0	4.0	0.0	0.0	20.0	274.0	100.0	0.0	266.0	0.0	369.0	0.0	11.0	0.0	171.0	0.0	307.0	0.0	0.0	356.0	0.0	0.0	0.0	0.0	3.0	7.0	39.0	0.0	3.0	106.0	133.0	3.0	3.0	0.0	424.0	0.0	0.0	3.0	0.0	6.0	0.0	0.0	0.0	0.0	0.0	0.0	204.0	81.0	0.0	0.0	541.0	70.0	0.0	259.0	4.0	0.0	0.0	0.0	0.0	3.0	0.0	0.0	40.0	85.0	125.0	3.0	134.0	0.0	0.0	0.0	0.0	0.0	0.0	0.0	0.0	126.0	0.0	0.0	167.0	0.0	0.0	0.0	5.0	0.0	0.0	0.0	3.0	0.0	0.0	8.0	0.0	145.0	7.0	0.0	0.0	0.0	0.0	0.0	0.0	0.0	0.0	0.0	0.0	0.0	8.0	2.0	0.0	0.0	0.0	0.0	0.0	0.0	0.0	0.0	0.0	0.0	0.0	0.0	0.0	0.0	26.0	0.0	0.0	0.0	0.0	5.0	0.0	0.0	0.0	29.0	0.0	0.0	0.0	133.0	0.0	12.0	0.0	0.0	0.0	0.0	0.0	0.0	3.0	0.0	0.0	0.0	0.0	0.0	0.0	0.0	0.0	0.0	0.0	8.0	0.0	0.0	59.0	0.0	0.0	0.0	154.0	0.0	0.0	2.0	0.0	0.0	0.0	0.0	0.0	0.0	0.0	0.0	0.0	0.0	0.0	0.0	0.0	0.0	0.0	0.0	0.0	0.0	249.0	0.0	0.0	0.0	0.0	0.0	0.0	0.0	0.0	0.0	0.0	0.0	0.0	0.0	0.0	0.0	3.0	0.0	0.0	0.0	0.0	0.0	0.0	0.0	0.0	0.0	0.0	0.0	0.0	0.0	0.0	0.0	0.0	0.0	0.0	0.0	0.0	0.0	0.0	0.0	0.0	0.0	0.0	0.0	0.0	0.0	0.0	0.0	0.0	0.0	0.0	0.0	0.0	0.0	0.0	0.0	0.0	0.0	0.0	0.0	0.0	0.0	0.0	0.0	0.0	0.0	0.0	0.0	0.0	0.0	0.0	0.0	0.0	0.0	0.0	0.0	0.0	0.0	0.0	0.0	0.0	0.0	0.0	0.0	0.0	0.0	0.0	0.0	0.0	0.0	0.0	0.0	0.0	0.0	0.0	0.0	0.0	0.0	0.0
SRR21723148	622.0	33.0	752.0	0.0	141.0	3.0	0.0	0.0	16.0	893.0	103.0	37.0	4.0	25.0	35.0	1333.0	77.0	101.0	77.0	0.0	410.0	162.0	62.0	18.0	1256.0	66.0	17.0	204.0	1700.0	140.0	0.0	15.0	238.0	0.0	1028.0	0.0	14.0	132.0	0.0	258.0	1027.0	22.0	0.0	0.0	231.0	231.0	159.0	0.0	227.0	0.0	541.0	0.0	3.0	0.0	240.0	0.0	382.0	0.0	0.0	384.0	0.0	0.0	0.0	0.0	6.0	6.0	32.0	0.0	0.0	133.0	221.0	4.0	3.0	0.0	331.0	0.0	0.0	0.0	0.0	0.0	0.0	0.0	0.0	0.0	31.0	0.0	179.0	201.0	0.0	0.0	1299.0	63.0	0.0	319.0	18.0	0.0	0.0	0.0	0.0	0.0	0.0	0.0	194.0	240.0	272.0	0.0	58.0	0.0	3.0	0.0	0.0	0.0	4.0	0.0	15.0	424.0	0.0	0.0	478.0	0.0	0.0	0.0	13.0	0.0	0.0	0.0	0.0	0.0	0.0	0.0	0.0	336.0	0.0	0.0	0.0	0.0	0.0	0.0	0.0	0.0	11.0	10.0	4.0	0.0	8.0	0.0	0.0	0.0	0.0	0.0	8.0	0.0	0.0	0.0	0.0	3.0	0.0	0.0	0.0	0.0	30.0	0.0	0.0	0.0	0.0	3.0	0.0	0.0	0.0	462.0	9.0	0.0	0.0	1051.0	0.0	30.0	0.0	0.0	0.0	8.0	3.0	0.0	31.0	0.0	0.0	0.0	0.0	0.0	60.0	0.0	0.0	0.0	3.0	0.0	0.0	0.0	57.0	0.0	0.0	0.0	228.0	0.0	0.0	16.0	0.0	0.0	0.0	0.0	0.0	0.0	0.0	0.0	0.0	0.0	0.0	0.0	0.0	0.0	0.0	0.0	0.0	0.0	348.0	0.0	0.0	0.0	0.0	0.0	0.0	0.0	0.0	0.0	0.0	0.0	0.0	0.0	0.0	0.0	0.0	0.0	0.0	25.0	0.0	0.0	0.0	0.0	0.0	0.0	0.0	0.0	0.0	0.0	0.0	0.0	0.0	0.0	0.0	0.0	0.0	0.0	0.0	0.0	0.0	0.0	0.0	0.0	0.0	0.0	0.0	0.0	0.0	0.0	0.0	0.0	0.0	0.0	0.0	0.0	0.0	0.0	0.0	0.0	0.0	0.0	0.0	0.0	0.0	0.0	0.0	0.0	0.0	0.0	0.0	0.0	0.0	0.0	0.0	0.0	0.0	0.0	0.0	0.0	0.0	0.0	0.0	0.0	0.0	0.0	0.0	0.0	0.0	0.0	0.0	0.0	0.0	0.0	0.0	0.0	0.0	0.0	0.0
SRR21723149	566.0	30.0	844.0	0.0	102.0	0.0	0.0	0.0	35.0	715.0	154.0	52.0	0.0	2.0	14.0	1469.0	45.0	60.0	86.0	0.0	496.0	85.0	0.0	49.0	1006.0	98.0	11.0	169.0	2289.0	38.0	0.0	0.0	254.0	0.0	950.0	2.0	0.0	138.0	0.0	356.0	1183.0	27.0	0.0	0.0	151.0	191.0	101.0	0.0	400.0	0.0	407.0	0.0	12.0	0.0	259.0	0.0	442.0	0.0	0.0	390.0	0.0	0.0	0.0	0.0	11.0	0.0	98.0	0.0	0.0	119.0	183.0	0.0	0.0	0.0	726.0	0.0	0.0	0.0	0.0	8.0	0.0	4.0	0.0	0.0	119.0	0.0	152.0	126.0	0.0	0.0	1165.0	84.0	10.0	360.0	43.0	0.0	0.0	0.0	0.0	5.0	0.0	0.0	132.0	132.0	355.0	0.0	129.0	0.0	0.0	0.0	0.0	0.0	0.0	0.0	0.0	558.0	0.0	0.0	285.0	0.0	0.0	0.0	5.0	0.0	0.0	0.0	0.0	0.0	0.0	0.0	0.0	460.0	0.0	0.0	0.0	0.0	0.0	0.0	0.0	0.0	6.0	0.0	0.0	0.0	5.0	0.0	0.0	0.0	0.0	0.0	9.0	0.0	0.0	0.0	0.0	0.0	0.0	0.0	0.0	0.0	46.0	9.0	0.0	0.0	0.0	9.0	0.0	0.0	0.0	251.0	0.0	0.0	0.0	937.0	0.0	65.0	0.0	0.0	8.0	6.0	5.0	0.0	30.0	0.0	0.0	0.0	0.0	0.0	44.0	0.0	0.0	0.0	5.0	0.0	0.0	0.0	121.0	0.0	0.0	0.0	344.0	0.0	0.0	0.0	0.0	0.0	0.0	0.0	0.0	2.0	0.0	0.0	0.0	0.0	0.0	0.0	0.0	0.0	0.0	0.0	0.0	0.0	450.0	0.0	0.0	0.0	0.0	0.0	0.0	0.0	0.0	0.0	0.0	0.0	0.0	0.0	0.0	0.0	0.0	0.0	0.0	0.0	0.0	0.0	0.0	0.0	3.0	0.0	0.0	0.0	0.0	0.0	0.0	0.0	0.0	0.0	0.0	0.0	0.0	0.0	0.0	0.0	0.0	0.0	0.0	0.0	0.0	0.0	0.0	0.0	0.0	0.0	0.0	0.0	0.0	0.0	0.0	0.0	0.0	0.0	0.0	0.0	0.0	0.0	0.0	0.0	0.0	0.0	0.0	0.0	0.0	0.0	0.0	0.0	0.0	0.0	0.0	0.0	0.0	0.0	0.0	0.0	0.0	0.0	0.0	0.0	0.0	0.0	0.0	0.0	0.0	0.0	0.0	0.0	0.0	0.0	0.0	0.0	0.0	0.0	0.0
SRR21723150	298.0	5.0	435.0	0.0	122.0	0.0	3.0	0.0	48.0	372.0	87.0	19.0	0.0	9.0	32.0	943.0	82.0	65.0	80.0	57.0	405.0	58.0	13.0	12.0	662.0	46.0	19.0	146.0	1230.0	0.0	3.0	9.0	129.0	0.0	380.0	0.0	0.0	0.0	2.0	320.0	1534.0	9.0	0.0	0.0	34.0	151.0	48.0	0.0	286.0	0.0	594.0	0.0	17.0	0.0	231.0	0.0	339.0	0.0	0.0	411.0	0.0	0.0	0.0	21.0	16.0	0.0	45.0	0.0	0.0	113.0	47.0	0.0	0.0	0.0	103.0	0.0	0.0	0.0	0.0	0.0	0.0	0.0	0.0	0.0	0.0	0.0	103.0	3.0	6.0	0.0	264.0	57.0	12.0	173.0	14.0	0.0	0.0	0.0	0.0	0.0	0.0	0.0	53.0	136.0	31.0	0.0	71.0	3.0	0.0	0.0	0.0	0.0	4.0	0.0	16.0	182.0	0.0	0.0	172.0	0.0	0.0	0.0	27.0	0.0	0.0	0.0	5.0	0.0	0.0	0.0	0.0	268.0	0.0	0.0	0.0	0.0	0.0	0.0	0.0	0.0	0.0	0.0	0.0	0.0	0.0	0.0	0.0	4.0	0.0	0.0	0.0	0.0	0.0	0.0	0.0	0.0	0.0	0.0	0.0	0.0	51.0	0.0	0.0	0.0	0.0	0.0	0.0	0.0	0.0	40.0	0.0	0.0	0.0	90.0	0.0	18.0	0.0	0.0	3.0	40.0	0.0	0.0	0.0	0.0	0.0	0.0	0.0	0.0	16.0	0.0	0.0	0.0	0.0	0.0	0.0	0.0	0.0	0.0	0.0	0.0	142.0	0.0	0.0	16.0	0.0	0.0	0.0	2.0	0.0	0.0	0.0	0.0	0.0	0.0	0.0	0.0	0.0	0.0	0.0	0.0	0.0	0.0	122.0	0.0	0.0	0.0	0.0	0.0	0.0	0.0	0.0	0.0	0.0	0.0	0.0	0.0	0.0	0.0	0.0	0.0	0.0	5.0	0.0	0.0	0.0	0.0	0.0	0.0	0.0	0.0	0.0	0.0	0.0	0.0	0.0	0.0	0.0	0.0	0.0	0.0	0.0	0.0	0.0	0.0	0.0	0.0	0.0	0.0	0.0	0.0	0.0	0.0	0.0	0.0	0.0	0.0	0.0	0.0	0.0	0.0	0.0	0.0	0.0	0.0	0.0	0.0	0.0	0.0	0.0	0.0	0.0	0.0	0.0	0.0	0.0	0.0	0.0	0.0	0.0	0.0	0.0	0.0	0.0	0.0	0.0	0.0	0.0	0.0	0.0	0.0	0.0	0.0	0.0	0.0	0.0	0.0	0.0	0.0	0.0	0.0	0.0
SRR21723151	444.0	73.0	1261.0	0.0	107.0	0.0	6.0	0.0	17.0	1578.0	45.0	98.0	0.0	11.0	24.0	1694.0	13.0	48.0	88.0	2.0	553.0	73.0	0.0	153.0	1008.0	116.0	24.0	86.0	2151.0	0.0	0.0	0.0	700.0	0.0	724.0	3.0	6.0	77.0	0.0	449.0	1866.0	13.0	0.0	0.0	73.0	888.0	99.0	8.0	286.0	11.0	375.0	0.0	11.0	0.0	316.0	0.0	755.0	3.0	0.0	806.0	0.0	0.0	0.0	15.0	0.0	0.0	42.0	0.0	0.0	52.0	415.0	0.0	0.0	0.0	616.0	0.0	0.0	0.0	0.0	2.0	0.0	12.0	0.0	0.0	493.0	0.0	121.0	152.0	0.0	0.0	1526.0	76.0	0.0	365.0	8.0	0.0	0.0	0.0	0.0	0.0	0.0	0.0	245.0	53.0	324.0	0.0	74.0	0.0	0.0	0.0	0.0	0.0	0.0	0.0	5.0	1182.0	0.0	0.0	449.0	0.0	0.0	0.0	9.0	0.0	0.0	0.0	7.0	0.0	0.0	44.0	0.0	442.0	0.0	0.0	0.0	3.0	0.0	0.0	0.0	0.0	0.0	0.0	0.0	0.0	11.0	0.0	0.0	0.0	0.0	0.0	0.0	0.0	0.0	0.0	0.0	0.0	0.0	0.0	5.0	0.0	24.0	0.0	0.0	0.0	0.0	0.0	0.0	0.0	0.0	105.0	0.0	0.0	0.0	293.0	0.0	131.0	0.0	0.0	0.0	22.0	2.0	0.0	0.0	0.0	0.0	0.0	0.0	0.0	61.0	0.0	0.0	0.0	0.0	24.0	0.0	0.0	164.0	0.0	0.0	24.0	294.0	0.0	0.0	0.0	0.0	0.0	0.0	0.0	0.0	0.0	0.0	0.0	0.0	0.0	0.0	0.0	0.0	0.0	0.0	0.0	0.0	0.0	479.0	0.0	0.0	0.0	0.0	0.0	0.0	0.0	0.0	0.0	0.0	0.0	2.0	0.0	0.0	0.0	0.0	0.0	0.0	0.0	0.0	0.0	0.0	0.0	0.0	0.0	0.0	0.0	0.0	0.0	0.0	0.0	0.0	0.0	21.0	0.0	0.0	0.0	0.0	0.0	0.0	0.0	0.0	0.0	0.0	0.0	0.0	0.0	0.0	0.0	0.0	0.0	0.0	0.0	0.0	0.0	0.0	0.0	0.0	0.0	0.0	0.0	0.0	0.0	0.0	0.0	0.0	0.0	0.0	0.0	0.0	0.0	0.0	0.0	0.0	0.0	0.0	0.0	0.0	0.0	0.0	0.0	0.0	0.0	0.0	0.0	0.0	0.0	0.0	0.0	0.0	0.0	0.0	0.0	0.0	0.0	0.0	0.0	0.0
SRR21723152	656.0	4.0	1110.0	0.0	74.0	2.0	0.0	0.0	71.0	1785.0	67.0	91.0	0.0	13.0	15.0	1347.0	40.0	4.0	45.0	15.0	477.0	55.0	108.0	111.0	852.0	180.0	40.0	55.0	3017.0	59.0	0.0	41.0	177.0	0.0	1392.0	0.0	0.0	456.0	0.0	214.0	1198.0	3.0	20.0	0.0	171.0	536.0	101.0	9.0	374.0	19.0	186.0	4.0	8.0	0.0	181.0	0.0	737.0	0.0	0.0	225.0	4.0	4.0	2.0	0.0	0.0	0.0	50.0	0.0	0.0	159.0	172.0	0.0	0.0	0.0	805.0	10.0	0.0	0.0	0.0	5.0	0.0	0.0	0.0	0.0	0.0	0.0	194.0	165.0	2.0	0.0	1272.0	68.0	0.0	314.0	11.0	0.0	0.0	0.0	0.0	0.0	0.0	0.0	58.0	202.0	622.0	0.0	172.0	0.0	0.0	2.0	0.0	0.0	0.0	0.0	0.0	145.0	0.0	0.0	362.0	0.0	0.0	0.0	5.0	0.0	0.0	0.0	16.0	0.0	0.0	0.0	0.0	571.0	0.0	0.0	0.0	0.0	0.0	0.0	0.0	0.0	8.0	0.0	11.0	0.0	20.0	0.0	5.0	16.0	0.0	0.0	0.0	0.0	0.0	6.0	0.0	0.0	0.0	0.0	7.0	2.0	50.0	0.0	2.0	0.0	0.0	0.0	0.0	3.0	0.0	321.0	0.0	0.0	0.0	64.0	0.0	0.0	0.0	0.0	0.0	0.0	6.0	0.0	0.0	0.0	0.0	0.0	0.0	0.0	134.0	0.0	4.0	7.0	0.0	0.0	0.0	0.0	110.0	0.0	0.0	0.0	354.0	0.0	0.0	13.0	0.0	0.0	0.0	0.0	0.0	0.0	0.0	0.0	0.0	0.0	0.0	0.0	0.0	0.0	0.0	0.0	0.0	0.0	170.0	0.0	0.0	0.0	0.0	0.0	0.0	0.0	0.0	0.0	0.0	0.0	0.0	0.0	0.0	0.0	0.0	0.0	0.0	0.0	0.0	0.0	0.0	0.0	0.0	0.0	0.0	0.0	0.0	0.0	0.0	0.0	0.0	0.0	0.0	0.0	0.0	0.0	0.0	0.0	0.0	0.0	0.0	0.0	0.0	0.0	0.0	0.0	0.0	0.0	0.0	0.0	0.0	0.0	0.0	0.0	0.0	0.0	0.0	0.0	0.0	0.0	0.0	0.0	0.0	0.0	0.0	0.0	0.0	0.0	0.0	0.0	0.0	0.0	0.0	0.0	0.0	0.0	0.0	0.0	0.0	0.0	0.0	0.0	0.0	0.0	0.0	0.0	0.0	0.0	0.0	0.0	0.0	0.0	0.0	0.0	0.0	0.0	0.0
SRR21723153	241.0	39.0	1291.0	0.0	101.0	0.0	0.0	0.0	0.0	846.0	97.0	46.0	0.0	0.0	7.0	1426.0	0.0	25.0	31.0	0.0	410.0	41.0	0.0	0.0	640.0	100.0	13.0	0.0	1352.0	0.0	0.0	11.0	527.0	0.0	725.0	3.0	5.0	312.0	0.0	300.0	1492.0	0.0	0.0	0.0	83.0	316.0	129.0	0.0	156.0	0.0	542.0	0.0	20.0	0.0	373.0	0.0	803.0	0.0	0.0	592.0	0.0	0.0	0.0	6.0	15.0	9.0	50.0	0.0	0.0	209.0	164.0	7.0	0.0	0.0	411.0	0.0	0.0	0.0	0.0	0.0	0.0	0.0	0.0	0.0	141.0	0.0	53.0	141.0	5.0	0.0	661.0	51.0	0.0	209.0	7.0	0.0	0.0	0.0	0.0	0.0	0.0	0.0	159.0	0.0	441.0	0.0	109.0	0.0	0.0	0.0	0.0	0.0	2.0	0.0	0.0	695.0	0.0	0.0	114.0	0.0	0.0	0.0	15.0	0.0	0.0	0.0	0.0	0.0	0.0	0.0	0.0	238.0	0.0	0.0	0.0	0.0	0.0	0.0	0.0	0.0	0.0	3.0	0.0	0.0	45.0	0.0	6.0	0.0	0.0	0.0	0.0	0.0	0.0	0.0	0.0	0.0	0.0	0.0	0.0	0.0	67.0	0.0	0.0	0.0	4.0	0.0	0.0	0.0	0.0	330.0	0.0	0.0	0.0	448.0	0.0	32.0	0.0	0.0	0.0	12.0	7.0	0.0	33.0	0.0	0.0	0.0	0.0	2.0	10.0	0.0	0.0	0.0	0.0	21.0	0.0	0.0	0.0	0.0	0.0	128.0	323.0	0.0	0.0	0.0	0.0	0.0	0.0	0.0	0.0	0.0	0.0	0.0	0.0	0.0	0.0	0.0	0.0	0.0	0.0	0.0	0.0	0.0	373.0	0.0	0.0	0.0	0.0	0.0	0.0	0.0	16.0	0.0	0.0	0.0	0.0	0.0	0.0	0.0	0.0	0.0	0.0	0.0	0.0	0.0	0.0	0.0	0.0	0.0	0.0	0.0	0.0	0.0	0.0	0.0	0.0	0.0	0.0	0.0	0.0	0.0	0.0	0.0	0.0	0.0	0.0	0.0	0.0	0.0	0.0	0.0	0.0	0.0	0.0	0.0	0.0	0.0	0.0	0.0	0.0	0.0	0.0	0.0	0.0	0.0	0.0	0.0	0.0	0.0	0.0	0.0	0.0	0.0	4.0	0.0	0.0	0.0	0.0	0.0	0.0	0.0	0.0	0.0	0.0	0.0	0.0	0.0	0.0	0.0	0.0	0.0	0.0	0.0	0.0	0.0	0.0	0.0	0.0	0.0	0.0	0.0	0.0
SRR21723154	427.0	56.0	560.0	0.0	85.0	0.0	3.0	0.0	13.0	789.0	22.0	41.0	0.0	3.0	16.0	1321.0	30.0	35.0	43.0	0.0	269.0	35.0	0.0	0.0	631.0	80.0	9.0	79.0	1885.0	21.0	0.0	8.0	291.0	0.0	533.0	0.0	0.0	54.0	0.0	248.0	1046.0	7.0	0.0	0.0	58.0	225.0	103.0	0.0	228.0	0.0	160.0	4.0	6.0	0.0	154.0	0.0	621.0	0.0	0.0	293.0	0.0	0.0	0.0	0.0	7.0	0.0	28.0	0.0	0.0	78.0	172.0	0.0	0.0	0.0	434.0	0.0	0.0	0.0	0.0	0.0	0.0	0.0	0.0	0.0	36.0	0.0	138.0	108.0	7.0	0.0	1122.0	63.0	0.0	181.0	9.0	0.0	0.0	0.0	0.0	0.0	0.0	0.0	94.0	80.0	28.0	0.0	144.0	4.0	0.0	0.0	0.0	0.0	0.0	0.0	0.0	422.0	0.0	0.0	174.0	0.0	0.0	0.0	0.0	0.0	0.0	0.0	0.0	0.0	0.0	0.0	0.0	239.0	0.0	0.0	0.0	0.0	0.0	0.0	0.0	0.0	0.0	0.0	0.0	0.0	0.0	0.0	2.0	0.0	0.0	0.0	0.0	0.0	0.0	0.0	0.0	0.0	0.0	0.0	0.0	0.0	24.0	0.0	0.0	0.0	0.0	0.0	0.0	0.0	0.0	26.0	0.0	0.0	0.0	426.0	0.0	27.0	0.0	0.0	0.0	0.0	3.0	0.0	0.0	0.0	0.0	0.0	0.0	0.0	0.0	0.0	0.0	3.0	0.0	16.0	0.0	0.0	43.0	0.0	0.0	0.0	412.0	0.0	0.0	0.0	0.0	0.0	0.0	0.0	0.0	0.0	0.0	0.0	0.0	0.0	3.0	0.0	0.0	0.0	0.0	0.0	0.0	0.0	344.0	0.0	0.0	0.0	0.0	0.0	0.0	0.0	0.0	0.0	0.0	0.0	0.0	0.0	0.0	0.0	0.0	0.0	0.0	0.0	0.0	0.0	0.0	0.0	0.0	0.0	0.0	0.0	0.0	0.0	0.0	0.0	0.0	0.0	0.0	0.0	0.0	0.0	0.0	0.0	0.0	0.0	0.0	0.0	0.0	0.0	0.0	0.0	0.0	0.0	0.0	0.0	0.0	0.0	0.0	0.0	0.0	0.0	0.0	0.0	0.0	0.0	0.0	0.0	0.0	0.0	0.0	0.0	0.0	0.0	0.0	0.0	0.0	0.0	0.0	0.0	0.0	0.0	0.0	0.0	0.0	0.0	0.0	0.0	0.0	0.0	0.0	0.0	0.0	0.0	0.0	0.0	0.0	0.0	0.0	0.0	0.0	0.0	0.0
SRR21723157	268.0	15.0	920.0	0.0	78.0	0.0	0.0	0.0	6.0	709.0	124.0	63.0	0.0	7.0	3.0	853.0	0.0	38.0	68.0	0.0	250.0	57.0	0.0	53.0	778.0	21.0	6.0	58.0	754.0	29.0	0.0	5.0	504.0	0.0	379.0	0.0	0.0	108.0	0.0	228.0	1111.0	19.0	0.0	0.0	152.0	404.0	101.0	0.0	202.0	0.0	360.0	0.0	7.0	0.0	220.0	0.0	432.0	0.0	0.0	502.0	0.0	0.0	0.0	0.0	0.0	0.0	13.0	0.0	0.0	96.0	178.0	0.0	0.0	0.0	223.0	0.0	0.0	0.0	0.0	11.0	0.0	0.0	0.0	0.0	166.0	0.0	33.0	42.0	0.0	0.0	934.0	0.0	0.0	0.0	0.0	0.0	0.0	0.0	0.0	0.0	0.0	0.0	164.0	0.0	192.0	0.0	61.0	0.0	0.0	0.0	0.0	0.0	0.0	0.0	9.0	1059.0	0.0	0.0	144.0	0.0	0.0	0.0	13.0	0.0	0.0	0.0	0.0	0.0	0.0	0.0	0.0	122.0	0.0	0.0	0.0	0.0	0.0	0.0	0.0	0.0	0.0	0.0	0.0	0.0	0.0	0.0	7.0	0.0	0.0	0.0	0.0	0.0	0.0	0.0	0.0	0.0	0.0	0.0	10.0	0.0	13.0	0.0	0.0	0.0	0.0	0.0	0.0	0.0	0.0	325.0	0.0	0.0	0.0	867.0	0.0	27.0	0.0	0.0	0.0	0.0	0.0	0.0	47.0	0.0	0.0	0.0	0.0	0.0	0.0	0.0	0.0	12.0	0.0	12.0	0.0	0.0	30.0	0.0	0.0	86.0	216.0	0.0	0.0	0.0	0.0	0.0	0.0	0.0	0.0	0.0	0.0	0.0	0.0	0.0	0.0	0.0	0.0	0.0	0.0	0.0	0.0	0.0	269.0	0.0	0.0	0.0	0.0	0.0	0.0	0.0	20.0	0.0	0.0	0.0	0.0	0.0	0.0	0.0	0.0	0.0	0.0	0.0	0.0	0.0	0.0	0.0	0.0	0.0	0.0	0.0	0.0	0.0	0.0	0.0	0.0	0.0	0.0	0.0	0.0	0.0	0.0	0.0	0.0	0.0	0.0	0.0	0.0	0.0	0.0	0.0	0.0	0.0	0.0	0.0	0.0	0.0	0.0	0.0	0.0	0.0	0.0	0.0	0.0	0.0	0.0	0.0	0.0	0.0	0.0	0.0	0.0	0.0	0.0	0.0	0.0	0.0	0.0	0.0	0.0	0.0	0.0	0.0	0.0	0.0	0.0	0.0	0.0	0.0	0.0	0.0	0.0	0.0	0.0	0.0	0.0	0.0	0.0	0.0	0.0	0.0	0.0
SRR21723168	494.0	64.0	823.0	0.0	35.0	0.0	0.0	0.0	43.0	1375.0	85.0	164.0	0.0	7.0	14.0	899.0	41.0	85.0	68.0	28.0	498.0	60.0	120.0	19.0	946.0	152.0	0.0	181.0	2115.0	39.0	0.0	44.0	40.0	0.0	1409.0	4.0	0.0	35.0	0.0	267.0	1118.0	32.0	0.0	0.0	71.0	466.0	90.0	4.0	411.0	0.0	147.0	0.0	3.0	0.0	115.0	0.0	528.0	0.0	0.0	112.0	0.0	0.0	0.0	3.0	15.0	0.0	14.0	0.0	3.0	199.0	127.0	0.0	4.0	0.0	596.0	0.0	0.0	0.0	0.0	14.0	0.0	0.0	0.0	0.0	0.0	0.0	356.0	81.0	0.0	0.0	1245.0	56.0	0.0	182.0	5.0	0.0	0.0	0.0	0.0	0.0	2.0	0.0	55.0	218.0	48.0	0.0	242.0	19.0	2.0	0.0	0.0	0.0	0.0	0.0	0.0	110.0	0.0	0.0	289.0	0.0	0.0	0.0	16.0	0.0	0.0	0.0	38.0	0.0	0.0	0.0	0.0	426.0	0.0	0.0	0.0	0.0	0.0	0.0	0.0	0.0	11.0	0.0	14.0	0.0	0.0	0.0	9.0	28.0	0.0	0.0	0.0	0.0	0.0	0.0	0.0	0.0	0.0	0.0	0.0	2.0	36.0	0.0	0.0	0.0	0.0	0.0	0.0	0.0	9.0	43.0	0.0	0.0	0.0	29.0	0.0	15.0	0.0	0.0	6.0	0.0	0.0	0.0	0.0	0.0	0.0	0.0	0.0	0.0	40.0	0.0	0.0	0.0	0.0	0.0	0.0	0.0	58.0	0.0	0.0	0.0	282.0	0.0	0.0	0.0	0.0	0.0	0.0	0.0	0.0	0.0	0.0	0.0	0.0	2.0	0.0	0.0	0.0	0.0	0.0	0.0	0.0	0.0	74.0	0.0	0.0	0.0	0.0	0.0	0.0	0.0	0.0	0.0	0.0	0.0	0.0	0.0	0.0	0.0	0.0	0.0	0.0	0.0	0.0	0.0	0.0	0.0	0.0	0.0	0.0	0.0	0.0	0.0	0.0	0.0	0.0	0.0	0.0	0.0	0.0	0.0	0.0	0.0	0.0	0.0	0.0	0.0	0.0	0.0	0.0	0.0	0.0	0.0	0.0	0.0	0.0	0.0	0.0	0.0	0.0	0.0	0.0	0.0	0.0	0.0	0.0	0.0	0.0	0.0	0.0	0.0	0.0	0.0	0.0	0.0	0.0	0.0	0.0	0.0	0.0	0.0	0.0	0.0	0.0	0.0	0.0	0.0	6.0	0.0	0.0	0.0	0.0	0.0	0.0	0.0	0.0	0.0	0.0	0.0	0.0	0.0	0.0
SRR21723171	967.0	259.0	1968.0	0.0	162.0	0.0	9.0	0.0	52.0	647.0	162.0	383.0	0.0	39.0	46.0	2051.0	24.0	173.0	476.0	0.0	551.0	167.0	10.0	114.0	2178.0	360.0	7.0	274.0	2269.0	43.0	0.0	32.0	725.0	0.0	949.0	12.0	0.0	70.0	0.0	808.0	5435.0	87.0	0.0	8.0	381.0	434.0	298.0	26.0	1416.0	0.0	779.0	6.0	13.0	3.0	515.0	0.0	1679.0	0.0	8.0	911.0	0.0	0.0	0.0	0.0	0.0	44.0	77.0	0.0	10.0	569.0	480.0	16.0	0.0	0.0	708.0	0.0	9.0	0.0	0.0	0.0	0.0	17.0	0.0	0.0	188.0	32.0	404.0	501.0	0.0	0.0	871.0	105.0	0.0	178.0	26.0	0.0	0.0	0.0	0.0	0.0	3.0	0.0	209.0	0.0	288.0	23.0	207.0	7.0	2.0	0.0	0.0	0.0	0.0	0.0	0.0	1217.0	0.0	0.0	226.0	16.0	29.0	0.0	21.0	3.0	0.0	0.0	61.0	0.0	0.0	0.0	0.0	758.0	2.0	0.0	0.0	7.0	0.0	0.0	0.0	0.0	0.0	4.0	8.0	3.0	3.0	0.0	97.0	0.0	0.0	0.0	0.0	0.0	0.0	19.0	0.0	0.0	72.0	0.0	0.0	5.0	0.0	19.0	6.0	0.0	0.0	0.0	0.0	0.0	0.0	102.0	0.0	0.0	0.0	1096.0	0.0	21.0	0.0	16.0	0.0	55.0	0.0	19.0	51.0	0.0	0.0	0.0	2.0	11.0	7.0	0.0	2.0	0.0	0.0	21.0	0.0	18.0	0.0	0.0	0.0	192.0	509.0	0.0	0.0	0.0	0.0	0.0	0.0	0.0	0.0	0.0	0.0	0.0	0.0	0.0	0.0	2.0	0.0	0.0	0.0	0.0	12.0	0.0	226.0	0.0	0.0	0.0	0.0	0.0	0.0	5.0	42.0	0.0	0.0	0.0	0.0	0.0	0.0	0.0	0.0	0.0	0.0	0.0	0.0	0.0	0.0	0.0	0.0	0.0	0.0	0.0	2.0	0.0	0.0	0.0	0.0	0.0	0.0	0.0	0.0	0.0	0.0	0.0	0.0	0.0	0.0	0.0	0.0	0.0	0.0	0.0	0.0	0.0	0.0	0.0	0.0	0.0	0.0	0.0	0.0	0.0	0.0	0.0	0.0	0.0	0.0	0.0	0.0	0.0	0.0	0.0	0.0	0.0	0.0	0.0	0.0	0.0	0.0	0.0	0.0	0.0	0.0	0.0	0.0	0.0	0.0	0.0	0.0	0.0	0.0	0.0	0.0	0.0	0.0	0.0	0.0	0.0	0.0	0.0	0.0	0.0	0.0
SRR21723172	315.0	41.0	465.0	0.0	103.0	0.0	0.0	0.0	10.0	294.0	75.0	170.0	0.0	7.0	9.0	613.0	33.0	158.0	84.0	0.0	465.0	17.0	0.0	20.0	603.0	238.0	0.0	134.0	1580.0	0.0	0.0	26.0	244.0	0.0	526.0	0.0	0.0	0.0	0.0	381.0	1571.0	50.0	0.0	0.0	175.0	144.0	93.0	3.0	630.0	0.0	547.0	0.0	4.0	2.0	222.0	0.0	841.0	0.0	0.0	474.0	0.0	0.0	0.0	11.0	27.0	17.0	22.0	0.0	0.0	187.0	141.0	0.0	0.0	0.0	467.0	0.0	0.0	0.0	0.0	9.0	0.0	0.0	0.0	0.0	31.0	0.0	896.0	7.0	0.0	0.0	456.0	72.0	0.0	0.0	0.0	0.0	0.0	0.0	0.0	0.0	0.0	0.0	72.0	86.0	93.0	0.0	196.0	0.0	0.0	0.0	0.0	0.0	0.0	0.0	0.0	313.0	0.0	0.0	0.0	14.0	19.0	0.0	0.0	0.0	0.0	0.0	21.0	0.0	0.0	0.0	0.0	387.0	0.0	0.0	0.0	0.0	0.0	0.0	0.0	0.0	0.0	0.0	0.0	0.0	0.0	0.0	19.0	0.0	0.0	0.0	0.0	0.0	0.0	0.0	0.0	0.0	0.0	0.0	0.0	2.0	53.0	7.0	0.0	0.0	0.0	0.0	0.0	0.0	0.0	0.0	0.0	5.0	0.0	143.0	0.0	0.0	0.0	0.0	0.0	0.0	3.0	0.0	51.0	0.0	0.0	0.0	0.0	0.0	0.0	0.0	0.0	11.0	0.0	14.0	0.0	0.0	0.0	0.0	0.0	0.0	280.0	0.0	0.0	0.0	0.0	0.0	0.0	0.0	0.0	0.0	0.0	0.0	0.0	0.0	0.0	0.0	0.0	0.0	0.0	0.0	0.0	0.0	305.0	0.0	0.0	0.0	0.0	0.0	0.0	0.0	0.0	0.0	0.0	0.0	0.0	0.0	0.0	0.0	0.0	0.0	0.0	0.0	0.0	0.0	0.0	0.0	0.0	0.0	0.0	0.0	0.0	0.0	0.0	0.0	0.0	0.0	0.0	0.0	0.0	0.0	0.0	0.0	0.0	0.0	0.0	0.0	0.0	0.0	0.0	0.0	0.0	0.0	0.0	0.0	0.0	0.0	0.0	0.0	0.0	0.0	0.0	0.0	0.0	0.0	0.0	0.0	0.0	0.0	0.0	0.0	0.0	0.0	0.0	0.0	0.0	0.0	0.0	0.0	0.0	0.0	0.0	0.0	0.0	0.0	0.0	0.0	0.0	0.0	0.0	0.0	0.0	0.0	0.0	0.0	0.0	0.0	0.0	0.0	0.0	0.0	0.0
SRR21723173	259.0	48.0	252.0	0.0	10.0	0.0	5.0	0.0	38.0	290.0	78.0	90.0	0.0	9.0	4.0	652.0	55.0	28.0	193.0	59.0	421.0	51.0	13.0	25.0	781.0	236.0	0.0	125.0	1702.0	0.0	0.0	4.0	188.0	0.0	523.0	0.0	0.0	0.0	0.0	211.0	1444.0	44.0	0.0	0.0	203.0	210.0	40.0	0.0	459.0	0.0	337.0	0.0	0.0	0.0	116.0	0.0	632.0	0.0	0.0	190.0	0.0	0.0	0.0	14.0	13.0	0.0	33.0	0.0	0.0	212.0	108.0	0.0	0.0	0.0	258.0	0.0	0.0	0.0	0.0	0.0	0.0	0.0	0.0	0.0	0.0	0.0	0.0	0.0	0.0	0.0	0.0	53.0	10.0	100.0	0.0	0.0	0.0	0.0	0.0	0.0	0.0	0.0	0.0	141.0	0.0	0.0	144.0	21.0	0.0	0.0	0.0	0.0	0.0	0.0	3.0	76.0	0.0	0.0	42.0	0.0	0.0	0.0	10.0	0.0	0.0	0.0	57.0	0.0	3.0	4.0	0.0	434.0	0.0	0.0	0.0	0.0	0.0	0.0	0.0	0.0	0.0	0.0	0.0	0.0	0.0	0.0	18.0	0.0	0.0	0.0	0.0	0.0	0.0	0.0	0.0	0.0	0.0	0.0	7.0	3.0	45.0	0.0	0.0	0.0	0.0	0.0	0.0	0.0	0.0	30.0	0.0	0.0	0.0	75.0	0.0	0.0	0.0	0.0	0.0	0.0	2.0	0.0	0.0	0.0	0.0	0.0	0.0	0.0	0.0	0.0	0.0	0.0	0.0	0.0	0.0	23.0	0.0	0.0	0.0	0.0	112.0	0.0	0.0	0.0	0.0	0.0	0.0	0.0	0.0	0.0	0.0	0.0	0.0	0.0	0.0	0.0	0.0	0.0	0.0	0.0	0.0	0.0	38.0	0.0	0.0	0.0	0.0	0.0	0.0	0.0	0.0	0.0	0.0	0.0	0.0	0.0	0.0	0.0	0.0	0.0	0.0	0.0	0.0	0.0	0.0	0.0	0.0	0.0	0.0	0.0	0.0	0.0	0.0	0.0	0.0	0.0	0.0	0.0	0.0	0.0	0.0	0.0	0.0	0.0	0.0	0.0	0.0	0.0	0.0	0.0	0.0	0.0	0.0	0.0	0.0	0.0	0.0	0.0	0.0	0.0	0.0	0.0	0.0	0.0	0.0	0.0	0.0	0.0	0.0	0.0	0.0	0.0	0.0	0.0	0.0	0.0	0.0	0.0	0.0	0.0	0.0	0.0	0.0	0.0	0.0	0.0	0.0	0.0	0.0	0.0	0.0	0.0	0.0	0.0	0.0	0.0	0.0	0.0	0.0	0.0	0.0
SRR21723174	491.0	53.0	325.0	0.0	56.0	0.0	0.0	0.0	47.0	406.0	95.0	125.0	2.0	8.0	13.0	755.0	107.0	53.0	266.0	73.0	492.0	54.0	11.0	20.0	844.0	270.0	0.0	194.0	1773.0	0.0	0.0	6.0	231.0	0.0	869.0	8.0	0.0	20.0	0.0	335.0	2001.0	0.0	0.0	0.0	231.0	278.0	72.0	3.0	555.0	0.0	571.0	10.0	39.0	8.0	111.0	0.0	577.0	0.0	2.0	349.0	0.0	0.0	0.0	0.0	9.0	0.0	62.0	0.0	0.0	238.0	126.0	0.0	0.0	0.0	403.0	0.0	0.0	0.0	0.0	3.0	0.0	0.0	0.0	0.0	0.0	12.0	93.0	0.0	0.0	0.0	347.0	73.0	0.0	109.0	13.0	0.0	0.0	0.0	0.0	0.0	0.0	0.0	40.0	148.0	59.0	13.0	99.0	0.0	0.0	0.0	0.0	0.0	0.0	0.0	0.0	161.0	0.0	0.0	80.0	28.0	0.0	0.0	57.0	0.0	0.0	0.0	20.0	0.0	0.0	6.0	0.0	378.0	2.0	0.0	0.0	0.0	0.0	0.0	0.0	0.0	0.0	0.0	0.0	0.0	0.0	0.0	5.0	0.0	0.0	0.0	0.0	0.0	0.0	0.0	0.0	0.0	10.0	0.0	0.0	0.0	108.0	0.0	0.0	0.0	0.0	0.0	0.0	0.0	0.0	16.0	0.0	0.0	0.0	151.0	0.0	0.0	0.0	0.0	0.0	52.0	0.0	0.0	36.0	0.0	0.0	0.0	0.0	0.0	0.0	0.0	0.0	0.0	0.0	0.0	0.0	33.0	0.0	0.0	0.0	0.0	438.0	0.0	0.0	0.0	0.0	0.0	0.0	0.0	0.0	0.0	0.0	0.0	0.0	0.0	0.0	0.0	0.0	0.0	0.0	0.0	0.0	0.0	113.0	0.0	0.0	0.0	0.0	0.0	0.0	0.0	0.0	0.0	0.0	0.0	0.0	0.0	0.0	0.0	0.0	0.0	0.0	0.0	0.0	0.0	0.0	0.0	0.0	0.0	0.0	0.0	0.0	0.0	0.0	0.0	0.0	0.0	0.0	0.0	0.0	0.0	0.0	0.0	0.0	0.0	0.0	0.0	0.0	0.0	0.0	0.0	0.0	0.0	0.0	0.0	0.0	0.0	0.0	0.0	0.0	0.0	0.0	0.0	0.0	0.0	0.0	0.0	0.0	0.0	0.0	0.0	0.0	0.0	0.0	0.0	0.0	0.0	0.0	0.0	0.0	0.0	0.0	0.0	0.0	0.0	0.0	0.0	0.0	0.0	0.0	0.0	0.0	0.0	0.0	0.0	0.0	0.0	0.0	0.0	0.0	0.0	0.0
SRR21723176	292.0	34.0	803.0	0.0	46.0	0.0	3.0	0.0	15.0	803.0	105.0	70.0	0.0	7.0	0.0	1186.0	0.0	41.0	37.0	0.0	179.0	5.0	0.0	38.0	508.0	74.0	23.0	70.0	1093.0	0.0	0.0	2.0	362.0	0.0	440.0	0.0	0.0	0.0	0.0	275.0	2862.0	0.0	0.0	0.0	66.0	21.0	125.0	0.0	231.0	0.0	385.0	0.0	0.0	0.0	295.0	0.0	385.0	0.0	0.0	504.0	0.0	0.0	0.0	0.0	0.0	0.0	24.0	0.0	0.0	160.0	158.0	0.0	0.0	0.0	347.0	0.0	0.0	0.0	0.0	0.0	0.0	0.0	0.0	0.0	111.0	0.0	726.0	0.0	6.0	0.0	577.0	43.0	7.0	157.0	5.0	0.0	0.0	0.0	0.0	0.0	0.0	0.0	116.0	0.0	50.0	0.0	0.0	0.0	0.0	0.0	0.0	0.0	0.0	0.0	4.0	160.0	0.0	0.0	110.0	0.0	0.0	0.0	0.0	0.0	0.0	0.0	0.0	0.0	0.0	0.0	0.0	106.0	0.0	0.0	0.0	0.0	0.0	0.0	0.0	0.0	0.0	3.0	0.0	0.0	0.0	0.0	0.0	0.0	0.0	0.0	0.0	0.0	0.0	3.0	0.0	0.0	0.0	0.0	0.0	0.0	0.0	0.0	0.0	0.0	0.0	0.0	0.0	0.0	0.0	56.0	0.0	0.0	0.0	350.0	0.0	0.0	0.0	0.0	0.0	0.0	0.0	0.0	30.0	0.0	0.0	0.0	0.0	0.0	0.0	0.0	0.0	0.0	0.0	0.0	0.0	0.0	33.0	0.0	0.0	51.0	339.0	0.0	0.0	0.0	0.0	0.0	0.0	0.0	0.0	0.0	0.0	0.0	0.0	0.0	0.0	0.0	0.0	0.0	0.0	0.0	0.0	0.0	279.0	0.0	0.0	0.0	0.0	0.0	0.0	0.0	25.0	0.0	0.0	0.0	0.0	0.0	0.0	0.0	0.0	0.0	0.0	0.0	0.0	0.0	0.0	0.0	0.0	0.0	0.0	0.0	0.0	0.0	0.0	0.0	0.0	0.0	0.0	0.0	0.0	0.0	0.0	0.0	0.0	0.0	0.0	0.0	0.0	0.0	0.0	0.0	0.0	0.0	0.0	0.0	0.0	0.0	0.0	0.0	0.0	0.0	0.0	0.0	0.0	0.0	0.0	0.0	0.0	0.0	0.0	0.0	0.0	0.0	0.0	0.0	0.0	0.0	0.0	0.0	0.0	0.0	0.0	0.0	0.0	0.0	0.0	0.0	0.0	0.0	0.0	0.0	0.0	0.0	0.0	0.0	0.0	0.0	0.0	0.0	0.0	0.0	0.0
SRR21723177	396.0	15.0	1462.0	0.0	60.0	0.0	0.0	0.0	0.0	310.0	29.0	203.0	0.0	14.0	3.0	705.0	0.0	46.0	93.0	0.0	212.0	8.0	0.0	131.0	468.0	126.0	34.0	0.0	1798.0	43.0	0.0	7.0	626.0	0.0	444.0	0.0	0.0	57.0	0.0	345.0	3393.0	11.0	0.0	0.0	357.0	493.0	74.0	0.0	835.0	5.0	81.0	0.0	9.0	0.0	169.0	0.0	859.0	0.0	0.0	332.0	0.0	0.0	0.0	5.0	0.0	20.0	0.0	0.0	0.0	136.0	159.0	4.0	0.0	0.0	775.0	0.0	0.0	0.0	0.0	2.0	0.0	13.0	0.0	0.0	58.0	19.0	1465.0	30.0	0.0	0.0	251.0	73.0	0.0	203.0	6.0	0.0	0.0	0.0	0.0	0.0	0.0	0.0	92.0	0.0	143.0	3.0	162.0	0.0	2.0	0.0	0.0	0.0	0.0	0.0	0.0	401.0	0.0	0.0	121.0	0.0	0.0	0.0	3.0	0.0	0.0	0.0	38.0	0.0	0.0	0.0	0.0	317.0	0.0	0.0	0.0	0.0	0.0	0.0	0.0	0.0	0.0	0.0	0.0	4.0	0.0	0.0	185.0	0.0	0.0	0.0	0.0	0.0	0.0	0.0	0.0	0.0	0.0	0.0	0.0	0.0	0.0	29.0	0.0	0.0	0.0	0.0	0.0	0.0	0.0	18.0	0.0	0.0	0.0	205.0	0.0	0.0	0.0	0.0	0.0	34.0	0.0	0.0	0.0	0.0	0.0	0.0	0.0	0.0	0.0	0.0	0.0	0.0	0.0	0.0	0.0	0.0	0.0	0.0	0.0	0.0	689.0	0.0	0.0	0.0	0.0	0.0	0.0	0.0	0.0	0.0	0.0	0.0	0.0	0.0	0.0	0.0	0.0	0.0	0.0	0.0	0.0	0.0	137.0	0.0	0.0	0.0	0.0	0.0	0.0	0.0	0.0	0.0	0.0	0.0	0.0	0.0	0.0	0.0	0.0	0.0	0.0	27.0	0.0	0.0	0.0	0.0	0.0	0.0	0.0	0.0	0.0	0.0	0.0	0.0	0.0	0.0	0.0	0.0	0.0	0.0	0.0	0.0	0.0	0.0	0.0	0.0	0.0	0.0	0.0	0.0	0.0	0.0	0.0	0.0	0.0	0.0	0.0	0.0	0.0	0.0	0.0	2.0	0.0	0.0	0.0	0.0	0.0	0.0	0.0	0.0	0.0	0.0	0.0	0.0	0.0	0.0	0.0	0.0	0.0	0.0	0.0	0.0	0.0	0.0	0.0	0.0	0.0	0.0	0.0	0.0	0.0	0.0	0.0	0.0	0.0	0.0	0.0	0.0	0.0	0.0	0.0
SRR21723178	479.0	43.0	594.0	0.0	33.0	0.0	0.0	0.0	21.0	960.0	59.0	119.0	0.0	5.0	23.0	1323.0	65.0	44.0	48.0	11.0	272.0	66.0	41.0	141.0	1327.0	113.0	6.0	141.0	1769.0	0.0	0.0	27.0	213.0	0.0	725.0	0.0	0.0	78.0	0.0	298.0	824.0	27.0	0.0	0.0	100.0	124.0	133.0	0.0	331.0	0.0	364.0	0.0	0.0	0.0	257.0	0.0	327.0	0.0	0.0	449.0	0.0	0.0	0.0	0.0	6.0	0.0	88.0	0.0	8.0	102.0	280.0	2.0	0.0	0.0	702.0	0.0	0.0	0.0	0.0	4.0	0.0	0.0	0.0	0.0	47.0	5.0	940.0	88.0	7.0	0.0	652.0	78.0	0.0	290.0	12.0	0.0	0.0	0.0	0.0	0.0	0.0	0.0	173.0	145.0	131.0	2.0	86.0	0.0	0.0	0.0	0.0	0.0	0.0	0.0	0.0	146.0	0.0	0.0	283.0	0.0	0.0	0.0	0.0	0.0	0.0	0.0	6.0	0.0	0.0	0.0	0.0	304.0	0.0	0.0	0.0	0.0	0.0	0.0	0.0	0.0	9.0	0.0	4.0	0.0	0.0	0.0	0.0	0.0	0.0	0.0	0.0	0.0	0.0	0.0	0.0	0.0	0.0	0.0	0.0	0.0	29.0	0.0	0.0	0.0	0.0	0.0	0.0	0.0	6.0	54.0	0.0	0.0	0.0	100.0	0.0	0.0	0.0	0.0	0.0	0.0	0.0	0.0	0.0	0.0	0.0	0.0	0.0	0.0	97.0	0.0	0.0	6.0	0.0	18.0	0.0	0.0	86.0	0.0	0.0	0.0	177.0	0.0	0.0	18.0	0.0	0.0	0.0	0.0	0.0	0.0	0.0	0.0	0.0	0.0	0.0	0.0	0.0	0.0	0.0	0.0	0.0	0.0	246.0	0.0	0.0	0.0	0.0	0.0	0.0	0.0	0.0	0.0	0.0	0.0	0.0	0.0	0.0	0.0	0.0	0.0	0.0	0.0	0.0	0.0	0.0	0.0	0.0	0.0	0.0	0.0	0.0	0.0	0.0	0.0	0.0	0.0	0.0	0.0	0.0	0.0	0.0	0.0	0.0	0.0	0.0	0.0	0.0	0.0	0.0	0.0	0.0	0.0	0.0	0.0	0.0	0.0	0.0	0.0	0.0	0.0	0.0	0.0	0.0	0.0	0.0	0.0	0.0	0.0	0.0	0.0	0.0	0.0	0.0	0.0	0.0	0.0	0.0	0.0	0.0	0.0	0.0	0.0	0.0	0.0	0.0	0.0	0.0	0.0	0.0	0.0	0.0	0.0	0.0	0.0	0.0	0.0	0.0	0.0	0.0	0.0	0.0
SRR21723180	525.0	19.0	1427.0	0.0	91.0	0.0	2.0	0.0	13.0	504.0	92.0	132.0	0.0	8.0	0.0	1230.0	0.0	64.0	120.0	0.0	367.0	39.0	6.0	0.0	1034.0	0.0	32.0	77.0	2142.0	87.0	0.0	8.0	487.0	0.0	569.0	9.0	0.0	0.0	0.0	356.0	4201.0	16.0	0.0	0.0	365.0	343.0	69.0	2.0	492.0	0.0	365.0	0.0	2.0	0.0	218.0	0.0	615.0	0.0	0.0	753.0	0.0	0.0	0.0	8.0	4.0	62.0	41.0	0.0	12.0	153.0	218.0	0.0	0.0	0.0	567.0	0.0	0.0	3.0	0.0	11.0	0.0	8.0	0.0	0.0	80.0	8.0	663.0	95.0	0.0	0.0	1105.0	88.0	0.0	304.0	3.0	0.0	0.0	0.0	0.0	0.0	0.0	0.0	71.0	27.0	106.0	0.0	224.0	0.0	0.0	0.0	0.0	0.0	0.0	0.0	0.0	508.0	0.0	0.0	129.0	0.0	0.0	0.0	0.0	0.0	0.0	0.0	19.0	0.0	0.0	0.0	0.0	416.0	5.0	0.0	0.0	2.0	0.0	0.0	0.0	0.0	0.0	0.0	0.0	0.0	0.0	0.0	16.0	0.0	0.0	0.0	0.0	0.0	0.0	0.0	0.0	0.0	0.0	0.0	22.0	0.0	14.0	0.0	0.0	0.0	0.0	0.0	0.0	0.0	0.0	96.0	0.0	0.0	0.0	485.0	0.0	0.0	0.0	0.0	0.0	0.0	0.0	0.0	0.0	0.0	0.0	0.0	0.0	0.0	0.0	0.0	0.0	0.0	0.0	13.0	0.0	0.0	73.0	0.0	0.0	0.0	335.0	0.0	0.0	0.0	0.0	0.0	0.0	0.0	0.0	0.0	0.0	0.0	0.0	0.0	0.0	0.0	0.0	0.0	0.0	0.0	0.0	0.0	338.0	0.0	0.0	0.0	0.0	0.0	0.0	0.0	0.0	0.0	0.0	0.0	0.0	0.0	0.0	0.0	0.0	0.0	0.0	0.0	0.0	0.0	0.0	0.0	0.0	0.0	0.0	0.0	0.0	0.0	0.0	0.0	0.0	0.0	0.0	0.0	0.0	0.0	0.0	0.0	0.0	0.0	0.0	0.0	0.0	0.0	0.0	0.0	0.0	0.0	0.0	0.0	0.0	0.0	0.0	0.0	0.0	0.0	0.0	0.0	0.0	0.0	0.0	0.0	0.0	0.0	0.0	0.0	0.0	0.0	0.0	0.0	0.0	0.0	0.0	0.0	0.0	0.0	0.0	0.0	0.0	0.0	0.0	0.0	0.0	0.0	0.0	0.0	0.0	0.0	0.0	0.0	0.0	0.0	0.0	0.0	0.0	0.0	0.0
SRR21723181	275.0	34.0	1214.0	0.0	72.0	0.0	0.0	0.0	22.0	996.0	70.0	129.0	0.0	6.0	27.0	1559.0	0.0	74.0	77.0	0.0	478.0	0.0	0.0	62.0	823.0	170.0	40.0	42.0	1715.0	0.0	0.0	61.0	550.0	0.0	507.0	0.0	0.0	0.0	2.0	369.0	1959.0	0.0	0.0	0.0	52.0	147.0	116.0	0.0	376.0	0.0	471.0	0.0	18.0	0.0	322.0	0.0	748.0	0.0	0.0	800.0	0.0	0.0	0.0	0.0	0.0	0.0	15.0	0.0	0.0	147.0	321.0	0.0	0.0	0.0	542.0	0.0	0.0	0.0	0.0	11.0	0.0	0.0	0.0	0.0	353.0	0.0	1757.0	97.0	0.0	0.0	973.0	72.0	10.0	313.0	0.0	0.0	0.0	0.0	0.0	0.0	0.0	0.0	338.0	68.0	73.0	2.0	123.0	0.0	0.0	0.0	0.0	0.0	0.0	0.0	0.0	422.0	0.0	0.0	572.0	0.0	0.0	0.0	0.0	0.0	0.0	0.0	0.0	0.0	0.0	0.0	0.0	367.0	0.0	0.0	0.0	0.0	0.0	0.0	0.0	0.0	0.0	0.0	0.0	0.0	0.0	0.0	9.0	0.0	0.0	0.0	3.0	0.0	0.0	0.0	0.0	0.0	46.0	0.0	0.0	0.0	14.0	0.0	0.0	0.0	0.0	0.0	0.0	0.0	0.0	17.0	0.0	0.0	0.0	198.0	0.0	56.0	0.0	0.0	0.0	30.0	0.0	0.0	56.0	0.0	0.0	0.0	0.0	0.0	0.0	0.0	0.0	0.0	0.0	16.0	0.0	0.0	24.0	0.0	0.0	61.0	578.0	0.0	0.0	0.0	0.0	0.0	0.0	0.0	0.0	0.0	0.0	0.0	0.0	0.0	0.0	0.0	0.0	0.0	0.0	0.0	0.0	0.0	339.0	0.0	0.0	0.0	0.0	0.0	0.0	0.0	32.0	0.0	0.0	0.0	0.0	0.0	0.0	0.0	0.0	0.0	0.0	0.0	0.0	0.0	0.0	0.0	0.0	0.0	0.0	0.0	0.0	0.0	0.0	0.0	0.0	0.0	17.0	0.0	0.0	0.0	0.0	0.0	0.0	0.0	8.0	0.0	0.0	0.0	0.0	0.0	0.0	0.0	0.0	0.0	0.0	0.0	0.0	0.0	0.0	0.0	0.0	0.0	0.0	0.0	0.0	0.0	0.0	0.0	0.0	0.0	0.0	0.0	0.0	0.0	0.0	0.0	0.0	0.0	0.0	0.0	0.0	0.0	0.0	0.0	0.0	0.0	0.0	0.0	0.0	0.0	0.0	0.0	0.0	0.0	0.0	0.0	0.0	0.0	0.0	0.0	0.0
SRR21723182	292.0	48.0	745.0	0.0	43.0	0.0	0.0	0.0	5.0	685.0	46.0	122.0	0.0	5.0	14.0	726.0	0.0	61.0	62.0	0.0	214.0	0.0	0.0	50.0	381.0	93.0	3.0	0.0	1536.0	44.0	0.0	0.0	199.0	0.0	202.0	0.0	0.0	0.0	0.0	249.0	2671.0	0.0	16.0	0.0	249.0	304.0	0.0	0.0	348.0	0.0	187.0	0.0	0.0	0.0	117.0	0.0	579.0	0.0	0.0	269.0	0.0	0.0	0.0	0.0	0.0	0.0	16.0	0.0	0.0	66.0	57.0	0.0	0.0	0.0	639.0	0.0	0.0	0.0	0.0	0.0	0.0	0.0	0.0	0.0	26.0	0.0	465.0	0.0	0.0	0.0	454.0	67.0	0.0	195.0	0.0	0.0	0.0	0.0	0.0	0.0	0.0	0.0	56.0	0.0	69.0	0.0	0.0	0.0	0.0	0.0	0.0	0.0	0.0	0.0	0.0	257.0	0.0	0.0	85.0	0.0	0.0	0.0	0.0	0.0	0.0	0.0	20.0	0.0	0.0	0.0	0.0	280.0	0.0	0.0	0.0	0.0	0.0	0.0	0.0	0.0	0.0	0.0	0.0	0.0	0.0	0.0	0.0	0.0	0.0	0.0	0.0	0.0	0.0	0.0	0.0	0.0	0.0	0.0	3.0	0.0	20.0	0.0	0.0	0.0	0.0	0.0	0.0	0.0	0.0	0.0	0.0	0.0	0.0	136.0	0.0	6.0	0.0	0.0	0.0	0.0	0.0	0.0	0.0	0.0	0.0	0.0	0.0	0.0	0.0	0.0	0.0	0.0	0.0	11.0	0.0	0.0	72.0	0.0	0.0	0.0	306.0	0.0	0.0	0.0	0.0	0.0	0.0	0.0	0.0	0.0	0.0	0.0	0.0	0.0	0.0	0.0	0.0	0.0	0.0	0.0	0.0	0.0	140.0	0.0	0.0	0.0	0.0	0.0	0.0	0.0	0.0	0.0	0.0	0.0	0.0	0.0	0.0	0.0	0.0	0.0	0.0	0.0	0.0	0.0	0.0	0.0	0.0	0.0	0.0	0.0	0.0	0.0	0.0	0.0	0.0	0.0	0.0	0.0	0.0	0.0	0.0	0.0	0.0	0.0	0.0	0.0	0.0	0.0	0.0	0.0	0.0	0.0	0.0	0.0	0.0	0.0	0.0	0.0	0.0	0.0	0.0	0.0	0.0	0.0	0.0	0.0	0.0	0.0	0.0	0.0	0.0	0.0	0.0	0.0	0.0	0.0	0.0	0.0	0.0	0.0	0.0	0.0	0.0	0.0	0.0	0.0	0.0	0.0	0.0	0.0	0.0	0.0	0.0	0.0	0.0	0.0	0.0	0.0	0.0	0.0	0.0
SRR21723183	663.0	79.0	1357.0	0.0	12.0	0.0	0.0	0.0	62.0	2119.0	78.0	315.0	0.0	0.0	16.0	1071.0	27.0	124.0	60.0	15.0	578.0	74.0	149.0	66.0	1138.0	170.0	0.0	216.0	3285.0	63.0	0.0	38.0	192.0	0.0	1576.0	0.0	0.0	28.0	0.0	285.0	1125.0	40.0	0.0	0.0	212.0	916.0	105.0	0.0	673.0	0.0	135.0	0.0	7.0	4.0	188.0	0.0	700.0	0.0	4.0	204.0	0.0	0.0	0.0	0.0	0.0	8.0	62.0	0.0	9.0	162.0	103.0	4.0	0.0	0.0	1047.0	0.0	0.0	0.0	0.0	0.0	0.0	0.0	0.0	0.0	0.0	0.0	1202.0	105.0	3.0	0.0	1706.0	73.0	0.0	425.0	0.0	0.0	0.0	0.0	0.0	0.0	0.0	0.0	103.0	201.0	256.0	0.0	204.0	35.0	0.0	0.0	0.0	0.0	0.0	0.0	0.0	63.0	0.0	0.0	294.0	0.0	0.0	0.0	15.0	0.0	0.0	0.0	0.0	0.0	0.0	0.0	0.0	407.0	2.0	0.0	0.0	0.0	0.0	15.0	0.0	0.0	0.0	0.0	0.0	0.0	0.0	0.0	0.0	57.0	0.0	0.0	0.0	0.0	0.0	12.0	0.0	0.0	0.0	0.0	0.0	0.0	0.0	0.0	0.0	0.0	0.0	0.0	0.0	0.0	0.0	110.0	7.0	0.0	0.0	43.0	0.0	34.0	0.0	0.0	0.0	0.0	0.0	0.0	7.0	0.0	0.0	0.0	0.0	0.0	113.0	0.0	0.0	0.0	0.0	0.0	0.0	0.0	213.0	0.0	0.0	0.0	392.0	0.0	0.0	0.0	0.0	0.0	0.0	0.0	0.0	5.0	0.0	0.0	0.0	0.0	0.0	0.0	0.0	0.0	0.0	0.0	0.0	0.0	167.0	0.0	0.0	0.0	0.0	0.0	0.0	0.0	0.0	0.0	0.0	0.0	0.0	0.0	0.0	0.0	0.0	0.0	0.0	6.0	0.0	0.0	0.0	0.0	0.0	0.0	0.0	0.0	0.0	0.0	0.0	0.0	0.0	0.0	0.0	0.0	0.0	0.0	0.0	0.0	0.0	0.0	0.0	0.0	0.0	0.0	0.0	0.0	0.0	0.0	0.0	0.0	0.0	5.0	0.0	0.0	0.0	0.0	0.0	0.0	0.0	0.0	0.0	0.0	0.0	0.0	0.0	0.0	0.0	0.0	0.0	0.0	0.0	0.0	0.0	0.0	0.0	0.0	0.0	0.0	0.0	0.0	0.0	0.0	0.0	0.0	0.0	0.0	0.0	0.0	0.0	0.0	0.0	0.0	0.0	0.0	0.0	0.0	0.0
SRR21723184	648.0	30.0	828.0	0.0	22.0	0.0	0.0	0.0	22.0	1401.0	145.0	79.0	0.0	0.0	16.0	1381.0	63.0	68.0	91.0	0.0	287.0	91.0	0.0	13.0	1456.0	99.0	0.0	204.0	1645.0	35.0	0.0	0.0	268.0	0.0	847.0	13.0	0.0	13.0	0.0	341.0	1152.0	53.0	0.0	0.0	118.0	323.0	142.0	17.0	436.0	0.0	293.0	0.0	0.0	0.0	217.0	0.0	398.0	0.0	0.0	567.0	0.0	0.0	0.0	10.0	7.0	0.0	97.0	0.0	0.0	208.0	177.0	0.0	0.0	0.0	577.0	0.0	0.0	0.0	0.0	0.0	0.0	0.0	0.0	0.0	95.0	0.0	716.0	105.0	0.0	0.0	1251.0	99.0	0.0	317.0	36.0	0.0	0.0	0.0	0.0	0.0	0.0	0.0	182.0	126.0	173.0	2.0	65.0	0.0	0.0	0.0	0.0	0.0	0.0	0.0	0.0	441.0	0.0	0.0	331.0	0.0	0.0	0.0	0.0	0.0	0.0	0.0	0.0	0.0	0.0	0.0	0.0	272.0	0.0	0.0	0.0	0.0	0.0	0.0	0.0	0.0	0.0	6.0	0.0	0.0	8.0	0.0	7.0	0.0	0.0	0.0	0.0	0.0	0.0	0.0	0.0	0.0	0.0	0.0	0.0	0.0	45.0	0.0	0.0	0.0	0.0	0.0	0.0	0.0	0.0	34.0	0.0	0.0	0.0	368.0	0.0	0.0	0.0	0.0	3.0	0.0	0.0	0.0	0.0	0.0	0.0	0.0	0.0	3.0	91.0	0.0	0.0	0.0	0.0	0.0	0.0	0.0	100.0	0.0	0.0	0.0	235.0	0.0	0.0	0.0	0.0	0.0	0.0	0.0	0.0	0.0	0.0	0.0	0.0	0.0	0.0	0.0	0.0	0.0	0.0	0.0	0.0	0.0	336.0	0.0	0.0	0.0	0.0	0.0	0.0	0.0	0.0	0.0	0.0	0.0	0.0	0.0	0.0	0.0	0.0	0.0	0.0	0.0	0.0	0.0	0.0	0.0	0.0	0.0	0.0	0.0	0.0	0.0	0.0	0.0	0.0	0.0	0.0	0.0	0.0	0.0	0.0	0.0	0.0	0.0	0.0	0.0	0.0	0.0	0.0	0.0	0.0	0.0	0.0	0.0	0.0	0.0	0.0	0.0	0.0	0.0	0.0	0.0	0.0	0.0	0.0	0.0	0.0	0.0	0.0	0.0	0.0	0.0	0.0	0.0	0.0	0.0	0.0	0.0	0.0	0.0	0.0	0.0	0.0	0.0	0.0	0.0	0.0	0.0	0.0	0.0	0.0	0.0	0.0	0.0	0.0	0.0	0.0	0.0	0.0	0.0	0.0
SRR21723185	145.0	34.0	439.0	0.0	0.0	0.0	0.0	0.0	13.0	1147.0	35.0	143.0	0.0	0.0	18.0	1419.0	39.0	26.0	50.0	0.0	214.0	14.0	55.0	0.0	663.0	75.0	0.0	15.0	1629.0	40.0	0.0	38.0	149.0	0.0	960.0	0.0	0.0	0.0	0.0	138.0	429.0	5.0	0.0	0.0	94.0	349.0	25.0	11.0	285.0	0.0	104.0	0.0	0.0	0.0	67.0	0.0	230.0	0.0	0.0	189.0	0.0	0.0	0.0	5.0	0.0	0.0	79.0	0.0	0.0	65.0	283.0	0.0	0.0	0.0	543.0	0.0	0.0	0.0	0.0	0.0	0.0	0.0	0.0	0.0	39.0	0.0	620.0	90.0	0.0	0.0	854.0	42.0	0.0	432.0	7.0	0.0	0.0	0.0	0.0	0.0	0.0	0.0	97.0	115.0	50.0	0.0	70.0	0.0	0.0	0.0	0.0	0.0	0.0	0.0	3.0	10.0	0.0	0.0	227.0	0.0	0.0	0.0	10.0	0.0	0.0	0.0	0.0	0.0	0.0	0.0	0.0	187.0	0.0	0.0	0.0	0.0	0.0	0.0	0.0	0.0	21.0	0.0	0.0	0.0	0.0	0.0	17.0	0.0	0.0	0.0	0.0	0.0	0.0	3.0	0.0	0.0	0.0	0.0	0.0	0.0	0.0	0.0	0.0	0.0	0.0	0.0	0.0	0.0	0.0	28.0	0.0	0.0	0.0	151.0	0.0	4.0	0.0	0.0	0.0	0.0	0.0	0.0	0.0	0.0	0.0	0.0	0.0	0.0	121.0	0.0	0.0	0.0	0.0	0.0	0.0	0.0	123.0	0.0	0.0	0.0	347.0	0.0	0.0	0.0	0.0	0.0	0.0	0.0	0.0	0.0	0.0	0.0	0.0	0.0	0.0	0.0	0.0	0.0	0.0	0.0	0.0	0.0	269.0	0.0	0.0	0.0	0.0	0.0	0.0	0.0	0.0	0.0	0.0	0.0	0.0	0.0	0.0	0.0	0.0	0.0	0.0	0.0	0.0	0.0	0.0	0.0	0.0	0.0	0.0	0.0	0.0	0.0	0.0	0.0	0.0	0.0	0.0	0.0	0.0	0.0	0.0	0.0	0.0	0.0	0.0	0.0	0.0	0.0	0.0	0.0	0.0	0.0	0.0	0.0	0.0	0.0	0.0	0.0	0.0	0.0	0.0	0.0	0.0	0.0	0.0	0.0	0.0	0.0	0.0	0.0	0.0	0.0	0.0	0.0	0.0	0.0	0.0	0.0	0.0	0.0	0.0	0.0	0.0	0.0	0.0	0.0	0.0	0.0	0.0	0.0	0.0	0.0	0.0	0.0	0.0	0.0	0.0	0.0	0.0	0.0	0.0
SRR21723186	471.0	70.0	1354.0	0.0	44.0	0.0	0.0	0.0	14.0	1127.0	53.0	104.0	0.0	9.0	0.0	1199.0	0.0	67.0	145.0	0.0	226.0	9.0	0.0	43.0	666.0	0.0	27.0	84.0	2013.0	43.0	0.0	7.0	474.0	0.0	279.0	0.0	0.0	0.0	0.0	259.0	3890.0	24.0	0.0	0.0	288.0	519.0	122.0	2.0	545.0	0.0	160.0	0.0	4.0	0.0	148.0	0.0	640.0	0.0	0.0	447.0	0.0	0.0	0.0	0.0	5.0	0.0	0.0	0.0	0.0	92.0	282.0	0.0	0.0	0.0	900.0	0.0	0.0	0.0	0.0	0.0	0.0	0.0	0.0	0.0	73.0	26.0	752.0	51.0	0.0	0.0	850.0	100.0	0.0	231.0	0.0	0.0	0.0	0.0	0.0	0.0	0.0	0.0	91.0	44.0	152.0	0.0	171.0	0.0	0.0	0.0	0.0	0.0	0.0	0.0	0.0	366.0	0.0	0.0	162.0	0.0	0.0	0.0	0.0	0.0	0.0	0.0	0.0	0.0	0.0	0.0	0.0	325.0	0.0	0.0	0.0	0.0	0.0	0.0	0.0	0.0	0.0	2.0	0.0	0.0	7.0	0.0	0.0	0.0	0.0	0.0	0.0	0.0	0.0	0.0	0.0	0.0	0.0	0.0	0.0	0.0	0.0	0.0	0.0	0.0	0.0	0.0	0.0	0.0	0.0	0.0	0.0	0.0	0.0	171.0	0.0	11.0	0.0	0.0	0.0	15.0	0.0	0.0	26.0	0.0	0.0	0.0	0.0	0.0	0.0	0.0	0.0	0.0	0.0	0.0	0.0	0.0	185.0	0.0	0.0	0.0	335.0	0.0	0.0	0.0	0.0	0.0	0.0	0.0	0.0	0.0	0.0	0.0	0.0	0.0	0.0	0.0	0.0	0.0	0.0	0.0	0.0	0.0	238.0	0.0	0.0	0.0	0.0	0.0	0.0	0.0	0.0	0.0	0.0	0.0	0.0	0.0	0.0	0.0	0.0	0.0	0.0	0.0	0.0	0.0	0.0	0.0	0.0	0.0	0.0	0.0	0.0	0.0	0.0	3.0	0.0	0.0	0.0	0.0	0.0	0.0	0.0	0.0	0.0	0.0	0.0	0.0	0.0	0.0	0.0	0.0	0.0	0.0	0.0	0.0	0.0	0.0	0.0	0.0	0.0	0.0	0.0	0.0	0.0	0.0	0.0	0.0	0.0	0.0	0.0	0.0	0.0	0.0	0.0	0.0	0.0	0.0	0.0	0.0	0.0	0.0	0.0	0.0	0.0	0.0	0.0	0.0	0.0	0.0	0.0	0.0	0.0	0.0	0.0	0.0	0.0	0.0	0.0	0.0	0.0	0.0	0.0
SRR21723187	673.0	59.0	919.0	0.0	83.0	0.0	0.0	0.0	19.0	1072.0	55.0	156.0	0.0	9.0	16.0	1242.0	10.0	26.0	91.0	0.0	264.0	43.0	0.0	26.0	1061.0	0.0	33.0	95.0	1363.0	0.0	0.0	0.0	208.0	0.0	397.0	0.0	0.0	0.0	2.0	295.0	2757.0	0.0	0.0	0.0	138.0	364.0	134.0	0.0	526.0	0.0	427.0	2.0	0.0	0.0	198.0	0.0	502.0	0.0	0.0	455.0	0.0	0.0	0.0	0.0	15.0	0.0	0.0	0.0	0.0	189.0	57.0	0.0	0.0	0.0	505.0	0.0	0.0	0.0	0.0	0.0	0.0	0.0	0.0	0.0	41.0	10.0	346.0	106.0	0.0	0.0	410.0	75.0	0.0	323.0	4.0	0.0	0.0	0.0	0.0	0.0	0.0	0.0	46.0	105.0	32.0	5.0	123.0	0.0	0.0	0.0	0.0	0.0	0.0	0.0	0.0	350.0	0.0	0.0	196.0	8.0	0.0	0.0	5.0	0.0	0.0	0.0	7.0	0.0	0.0	0.0	0.0	297.0	0.0	0.0	0.0	0.0	0.0	0.0	0.0	0.0	5.0	0.0	2.0	0.0	6.0	0.0	0.0	0.0	0.0	0.0	0.0	0.0	0.0	0.0	0.0	0.0	0.0	0.0	0.0	0.0	0.0	0.0	0.0	0.0	0.0	0.0	0.0	0.0	0.0	27.0	0.0	0.0	0.0	243.0	0.0	0.0	0.0	0.0	0.0	0.0	0.0	0.0	0.0	0.0	0.0	0.0	0.0	0.0	45.0	0.0	0.0	0.0	0.0	0.0	0.0	0.0	41.0	0.0	0.0	0.0	328.0	0.0	0.0	0.0	0.0	0.0	0.0	0.0	0.0	0.0	0.0	0.0	0.0	0.0	0.0	0.0	0.0	0.0	0.0	0.0	0.0	0.0	208.0	0.0	0.0	0.0	0.0	0.0	0.0	0.0	0.0	0.0	0.0	0.0	0.0	0.0	0.0	0.0	0.0	0.0	0.0	0.0	0.0	0.0	0.0	0.0	0.0	0.0	0.0	0.0	0.0	0.0	0.0	0.0	0.0	0.0	0.0	0.0	0.0	0.0	0.0	0.0	0.0	0.0	0.0	0.0	0.0	0.0	0.0	0.0	0.0	0.0	0.0	0.0	0.0	0.0	0.0	0.0	0.0	0.0	0.0	0.0	0.0	0.0	0.0	0.0	0.0	0.0	0.0	0.0	0.0	0.0	0.0	0.0	0.0	0.0	0.0	0.0	0.0	0.0	0.0	0.0	0.0	0.0	0.0	0.0	0.0	0.0	0.0	0.0	0.0	0.0	0.0	0.0	0.0	0.0	0.0	0.0	0.0	0.0	0.0
SRR21723188	484.0	99.0	1039.0	0.0	85.0	0.0	0.0	0.0	9.0	482.0	15.0	166.0	0.0	2.0	8.0	570.0	15.0	181.0	157.0	0.0	193.0	38.0	16.0	280.0	872.0	72.0	0.0	59.0	1761.0	69.0	0.0	5.0	250.0	0.0	485.0	0.0	0.0	40.0	0.0	217.0	3011.0	16.0	9.0	0.0	530.0	307.0	124.0	0.0	570.0	0.0	160.0	0.0	0.0	0.0	145.0	0.0	493.0	0.0	0.0	416.0	0.0	0.0	0.0	0.0	0.0	0.0	35.0	0.0	0.0	83.0	189.0	0.0	0.0	0.0	456.0	0.0	0.0	0.0	0.0	8.0	0.0	36.0	0.0	0.0	22.0	16.0	770.0	45.0	0.0	0.0	799.0	73.0	0.0	87.0	5.0	0.0	0.0	0.0	0.0	3.0	0.0	0.0	73.0	53.0	315.0	0.0	149.0	0.0	4.0	0.0	0.0	0.0	0.0	0.0	0.0	365.0	0.0	2.0	107.0	0.0	0.0	0.0	0.0	0.0	0.0	0.0	41.0	0.0	0.0	0.0	0.0	106.0	3.0	0.0	0.0	5.0	0.0	0.0	0.0	0.0	0.0	0.0	4.0	0.0	0.0	0.0	5.0	0.0	0.0	0.0	0.0	0.0	0.0	0.0	0.0	0.0	4.0	0.0	7.0	0.0	20.0	0.0	0.0	0.0	0.0	0.0	0.0	0.0	0.0	977.0	0.0	0.0	0.0	213.0	5.0	0.0	0.0	0.0	0.0	0.0	0.0	0.0	0.0	0.0	0.0	0.0	0.0	0.0	0.0	0.0	2.0	0.0	0.0	0.0	0.0	0.0	90.0	0.0	0.0	0.0	587.0	0.0	0.0	0.0	0.0	0.0	0.0	0.0	0.0	2.0	0.0	0.0	0.0	0.0	0.0	0.0	0.0	0.0	0.0	0.0	0.0	0.0	268.0	0.0	0.0	0.0	0.0	0.0	0.0	0.0	0.0	0.0	0.0	0.0	0.0	0.0	0.0	0.0	0.0	0.0	0.0	0.0	0.0	0.0	0.0	0.0	0.0	0.0	0.0	0.0	0.0	0.0	0.0	0.0	0.0	0.0	0.0	0.0	0.0	0.0	0.0	0.0	0.0	0.0	0.0	0.0	0.0	0.0	0.0	0.0	0.0	0.0	0.0	0.0	0.0	0.0	0.0	0.0	0.0	0.0	0.0	0.0	0.0	0.0	0.0	0.0	0.0	0.0	0.0	0.0	0.0	0.0	0.0	0.0	0.0	0.0	0.0	0.0	0.0	0.0	0.0	0.0	0.0	0.0	0.0	0.0	0.0	0.0	0.0	0.0	0.0	0.0	0.0	0.0	0.0	0.0	0.0	0.0	0.0	0.0	0.0
SRR21723189	103.0	11.0	724.0	0.0	22.0	0.0	0.0	0.0	8.0	563.0	22.0	92.0	0.0	4.0	0.0	285.0	0.0	6.0	47.0	0.0	109.0	0.0	0.0	56.0	461.0	16.0	4.0	42.0	1249.0	0.0	0.0	44.0	378.0	0.0	241.0	2.0	0.0	28.0	0.0	148.0	696.0	3.0	0.0	0.0	98.0	207.0	87.0	0.0	157.0	0.0	2.0	0.0	0.0	0.0	78.0	0.0	170.0	2.0	0.0	213.0	0.0	0.0	0.0	0.0	0.0	0.0	0.0	0.0	0.0	12.0	186.0	0.0	0.0	0.0	398.0	0.0	0.0	0.0	0.0	4.0	0.0	0.0	0.0	0.0	91.0	0.0	987.0	13.0	0.0	0.0	765.0	43.0	0.0	92.0	0.0	0.0	0.0	0.0	0.0	0.0	0.0	0.0	66.0	0.0	294.0	0.0	0.0	0.0	0.0	0.0	0.0	0.0	0.0	0.0	0.0	134.0	0.0	0.0	109.0	0.0	0.0	0.0	0.0	0.0	0.0	0.0	12.0	0.0	0.0	57.0	0.0	177.0	0.0	0.0	0.0	0.0	0.0	0.0	0.0	0.0	0.0	0.0	0.0	0.0	0.0	0.0	15.0	0.0	0.0	0.0	0.0	0.0	0.0	0.0	0.0	0.0	0.0	0.0	0.0	0.0	0.0	0.0	0.0	0.0	0.0	0.0	0.0	0.0	0.0	0.0	0.0	0.0	0.0	110.0	0.0	21.0	0.0	0.0	0.0	0.0	0.0	0.0	0.0	0.0	0.0	0.0	2.0	0.0	0.0	0.0	0.0	0.0	0.0	0.0	0.0	0.0	124.0	0.0	0.0	0.0	218.0	0.0	0.0	0.0	0.0	0.0	0.0	0.0	0.0	0.0	0.0	0.0	0.0	0.0	0.0	0.0	0.0	0.0	0.0	0.0	0.0	0.0	198.0	0.0	0.0	0.0	0.0	0.0	0.0	0.0	0.0	0.0	0.0	0.0	0.0	0.0	0.0	0.0	0.0	0.0	0.0	0.0	0.0	0.0	0.0	0.0	0.0	0.0	0.0	0.0	0.0	0.0	0.0	0.0	0.0	0.0	0.0	0.0	0.0	0.0	0.0	0.0	0.0	0.0	0.0	0.0	0.0	0.0	0.0	0.0	0.0	0.0	0.0	0.0	0.0	0.0	0.0	0.0	0.0	0.0	0.0	0.0	0.0	0.0	0.0	0.0	0.0	0.0	0.0	0.0	0.0	0.0	0.0	0.0	0.0	0.0	0.0	0.0	0.0	0.0	0.0	0.0	0.0	0.0	0.0	0.0	0.0	0.0	0.0	0.0	0.0	0.0	0.0	0.0	0.0	0.0	0.0	0.0	0.0	0.0	0.0
SRR21723193	139.0	28.0	840.0	0.0	82.0	0.0	0.0	0.0	0.0	576.0	191.0	164.0	0.0	0.0	14.0	1296.0	8.0	30.0	0.0	0.0	306.0	44.0	0.0	19.0	1074.0	0.0	13.0	64.0	674.0	14.0	0.0	57.0	639.0	0.0	560.0	0.0	0.0	8.0	0.0	357.0	1242.0	5.0	0.0	0.0	84.0	66.0	98.0	0.0	179.0	0.0	799.0	0.0	10.0	0.0	208.0	0.0	657.0	0.0	0.0	589.0	0.0	0.0	0.0	3.0	9.0	0.0	44.0	0.0	0.0	139.0	158.0	0.0	0.0	0.0	307.0	0.0	0.0	0.0	0.0	0.0	0.0	2.0	0.0	0.0	161.0	0.0	2323.0	74.0	0.0	0.0	728.0	35.0	0.0	107.0	7.0	0.0	0.0	0.0	0.0	0.0	0.0	0.0	201.0	0.0	35.0	0.0	83.0	0.0	0.0	0.0	0.0	0.0	0.0	0.0	0.0	385.0	0.0	0.0	70.0	0.0	0.0	0.0	15.0	0.0	0.0	0.0	0.0	0.0	0.0	0.0	0.0	201.0	0.0	0.0	0.0	0.0	0.0	0.0	0.0	0.0	0.0	7.0	0.0	0.0	5.0	0.0	0.0	0.0	0.0	0.0	0.0	0.0	0.0	0.0	0.0	0.0	0.0	0.0	0.0	0.0	53.0	0.0	0.0	0.0	0.0	0.0	0.0	0.0	0.0	121.0	0.0	0.0	0.0	391.0	0.0	25.0	0.0	0.0	0.0	0.0	0.0	0.0	66.0	0.0	0.0	0.0	0.0	0.0	0.0	0.0	0.0	0.0	0.0	0.0	0.0	0.0	0.0	0.0	0.0	50.0	545.0	0.0	0.0	0.0	0.0	0.0	0.0	0.0	0.0	0.0	0.0	0.0	0.0	0.0	0.0	0.0	0.0	0.0	0.0	0.0	0.0	0.0	388.0	0.0	0.0	0.0	0.0	0.0	0.0	0.0	28.0	0.0	0.0	0.0	0.0	0.0	0.0	0.0	0.0	0.0	0.0	0.0	0.0	0.0	0.0	0.0	0.0	0.0	0.0	0.0	0.0	0.0	0.0	0.0	0.0	0.0	0.0	0.0	0.0	0.0	0.0	0.0	0.0	0.0	0.0	0.0	0.0	0.0	0.0	0.0	0.0	0.0	0.0	0.0	0.0	0.0	0.0	0.0	0.0	0.0	0.0	0.0	0.0	0.0	0.0	0.0	0.0	0.0	0.0	0.0	0.0	0.0	0.0	0.0	0.0	0.0	0.0	0.0	0.0	0.0	0.0	0.0	0.0	0.0	0.0	0.0	0.0	0.0	0.0	0.0	0.0	0.0	0.0	0.0	0.0	0.0	0.0	0.0	0.0	0.0	0.0
SRR21723194	578.0	98.0	374.0	0.0	55.0	0.0	0.0	0.0	36.0	1568.0	23.0	76.0	0.0	8.0	0.0	2004.0	0.0	36.0	59.0	3.0	198.0	116.0	0.0	0.0	695.0	78.0	0.0	71.0	1371.0	38.0	0.0	2.0	44.0	0.0	1169.0	0.0	0.0	0.0	0.0	177.0	702.0	20.0	0.0	0.0	4.0	379.0	80.0	5.0	156.0	27.0	359.0	0.0	5.0	0.0	204.0	0.0	412.0	0.0	0.0	278.0	0.0	0.0	0.0	0.0	31.0	0.0	35.0	0.0	0.0	123.0	78.0	0.0	0.0	0.0	467.0	0.0	0.0	0.0	0.0	0.0	0.0	0.0	0.0	0.0	16.0	0.0	2.0	144.0	0.0	0.0	332.0	43.0	0.0	616.0	3.0	3.0	0.0	0.0	0.0	0.0	0.0	0.0	98.0	136.0	46.0	0.0	65.0	0.0	0.0	0.0	0.0	0.0	0.0	0.0	2.0	323.0	0.0	0.0	176.0	0.0	0.0	0.0	0.0	0.0	0.0	0.0	18.0	0.0	0.0	0.0	0.0	285.0	0.0	0.0	3.0	0.0	0.0	0.0	0.0	0.0	17.0	13.0	0.0	0.0	0.0	0.0	0.0	0.0	0.0	0.0	0.0	0.0	0.0	0.0	0.0	0.0	0.0	0.0	0.0	0.0	0.0	0.0	0.0	0.0	0.0	0.0	0.0	0.0	0.0	0.0	0.0	0.0	0.0	54.0	0.0	46.0	0.0	0.0	0.0	0.0	0.0	0.0	34.0	0.0	0.0	0.0	0.0	0.0	51.0	0.0	0.0	0.0	0.0	0.0	0.0	0.0	47.0	0.0	0.0	0.0	106.0	0.0	0.0	0.0	0.0	0.0	0.0	0.0	0.0	0.0	0.0	0.0	0.0	0.0	0.0	0.0	0.0	0.0	0.0	0.0	0.0	0.0	212.0	0.0	0.0	0.0	0.0	0.0	0.0	0.0	0.0	0.0	0.0	0.0	0.0	0.0	0.0	0.0	0.0	0.0	0.0	0.0	0.0	0.0	0.0	0.0	0.0	0.0	0.0	0.0	0.0	0.0	0.0	0.0	0.0	0.0	0.0	0.0	0.0	0.0	0.0	0.0	0.0	0.0	0.0	0.0	0.0	0.0	0.0	0.0	0.0	0.0	0.0	0.0	0.0	0.0	0.0	0.0	0.0	0.0	0.0	0.0	0.0	0.0	0.0	0.0	0.0	0.0	0.0	0.0	0.0	0.0	0.0	0.0	0.0	0.0	0.0	0.0	0.0	0.0	0.0	0.0	0.0	0.0	0.0	0.0	0.0	0.0	0.0	0.0	0.0	0.0	0.0	0.0	0.0	0.0	0.0	0.0	0.0	0.0	0.0
SRR21723196	495.0	22.0	394.0	0.0	105.0	0.0	0.0	0.0	11.0	335.0	92.0	67.0	0.0	6.0	14.0	559.0	53.0	38.0	38.0	31.0	429.0	75.0	11.0	0.0	803.0	170.0	8.0	187.0	957.0	59.0	0.0	0.0	244.0	0.0	487.0	4.0	0.0	0.0	0.0	354.0	894.0	32.0	0.0	0.0	52.0	148.0	92.0	0.0	196.0	11.0	705.0	0.0	0.0	3.0	178.0	0.0	355.0	0.0	0.0	300.0	0.0	2.0	0.0	5.0	12.0	0.0	15.0	0.0	0.0	121.0	98.0	0.0	0.0	0.0	174.0	0.0	0.0	0.0	0.0	2.0	0.0	0.0	0.0	0.0	0.0	0.0	93.0	23.0	9.0	0.0	494.0	66.0	12.0	154.0	6.0	0.0	0.0	0.0	0.0	0.0	0.0	0.0	58.0	180.0	55.0	6.0	115.0	0.0	0.0	0.0	0.0	0.0	7.0	0.0	0.0	161.0	0.0	0.0	61.0	0.0	0.0	0.0	45.0	0.0	0.0	0.0	20.0	0.0	0.0	0.0	0.0	283.0	0.0	0.0	0.0	0.0	0.0	0.0	0.0	0.0	0.0	0.0	0.0	0.0	0.0	0.0	0.0	0.0	0.0	0.0	0.0	0.0	0.0	0.0	0.0	0.0	0.0	0.0	0.0	0.0	30.0	0.0	0.0	0.0	0.0	4.0	0.0	0.0	0.0	21.0	4.0	0.0	0.0	1124.0	0.0	11.0	0.0	0.0	0.0	0.0	0.0	0.0	0.0	0.0	0.0	0.0	0.0	0.0	0.0	0.0	0.0	0.0	0.0	15.0	0.0	0.0	0.0	0.0	0.0	0.0	578.0	0.0	0.0	3.0	0.0	0.0	0.0	0.0	0.0	0.0	0.0	0.0	0.0	0.0	0.0	0.0	0.0	0.0	0.0	0.0	0.0	0.0	214.0	0.0	0.0	0.0	0.0	0.0	0.0	0.0	0.0	0.0	0.0	0.0	0.0	0.0	0.0	0.0	0.0	0.0	0.0	0.0	0.0	0.0	0.0	0.0	0.0	0.0	0.0	0.0	0.0	0.0	0.0	0.0	0.0	0.0	0.0	0.0	0.0	0.0	0.0	0.0	0.0	0.0	0.0	0.0	0.0	0.0	0.0	0.0	0.0	0.0	0.0	0.0	0.0	0.0	0.0	0.0	0.0	0.0	0.0	0.0	0.0	0.0	0.0	0.0	0.0	0.0	0.0	0.0	0.0	0.0	0.0	0.0	0.0	0.0	0.0	0.0	0.0	0.0	0.0	0.0	0.0	0.0	0.0	0.0	0.0	0.0	0.0	0.0	0.0	0.0	0.0	0.0	0.0	0.0	0.0	0.0	0.0	0.0	0.0
SRR21723197	272.0	51.0	95.0	0.0	44.0	0.0	4.0	0.0	14.0	380.0	22.0	9.0	3.0	0.0	12.0	1225.0	27.0	23.0	0.0	0.0	35.0	56.0	29.0	0.0	537.0	0.0	0.0	60.0	456.0	0.0	0.0	0.0	92.0	0.0	318.0	7.0	0.0	0.0	0.0	119.0	208.0	0.0	0.0	0.0	22.0	42.0	0.0	0.0	37.0	60.0	302.0	0.0	6.0	0.0	129.0	0.0	137.0	0.0	0.0	121.0	0.0	0.0	0.0	15.0	0.0	0.0	71.0	0.0	0.0	101.0	70.0	0.0	0.0	0.0	197.0	0.0	0.0	0.0	0.0	0.0	0.0	0.0	0.0	0.0	34.0	0.0	0.0	108.0	0.0	0.0	300.0	14.0	0.0	338.0	0.0	0.0	0.0	0.0	0.0	0.0	0.0	0.0	64.0	238.0	56.0	0.0	48.0	0.0	0.0	0.0	0.0	0.0	0.0	0.0	0.0	120.0	0.0	0.0	134.0	0.0	0.0	0.0	17.0	0.0	0.0	0.0	0.0	0.0	0.0	0.0	0.0	95.0	0.0	0.0	0.0	0.0	0.0	0.0	0.0	0.0	0.0	3.0	0.0	0.0	0.0	0.0	24.0	0.0	0.0	0.0	0.0	0.0	0.0	0.0	0.0	0.0	0.0	0.0	0.0	0.0	14.0	0.0	0.0	0.0	0.0	0.0	0.0	0.0	0.0	0.0	0.0	0.0	0.0	64.0	0.0	27.0	0.0	0.0	0.0	0.0	0.0	0.0	29.0	0.0	0.0	0.0	0.0	0.0	0.0	0.0	0.0	0.0	0.0	0.0	0.0	0.0	17.0	0.0	0.0	0.0	61.0	0.0	0.0	0.0	0.0	0.0	0.0	0.0	0.0	0.0	0.0	0.0	0.0	0.0	0.0	0.0	0.0	0.0	0.0	0.0	0.0	0.0	76.0	0.0	0.0	0.0	0.0	0.0	0.0	0.0	0.0	0.0	0.0	0.0	0.0	0.0	0.0	0.0	0.0	0.0	0.0	0.0	0.0	0.0	0.0	0.0	0.0	0.0	0.0	0.0	0.0	0.0	0.0	0.0	0.0	0.0	0.0	0.0	0.0	0.0	0.0	0.0	0.0	0.0	0.0	0.0	0.0	0.0	0.0	0.0	0.0	0.0	0.0	0.0	0.0	0.0	0.0	0.0	0.0	0.0	0.0	0.0	0.0	0.0	0.0	0.0	0.0	0.0	0.0	0.0	0.0	0.0	0.0	0.0	0.0	0.0	0.0	0.0	0.0	0.0	0.0	0.0	0.0	0.0	0.0	0.0	0.0	0.0	0.0	0.0	0.0	0.0	0.0	0.0	0.0	0.0	0.0	0.0	0.0	0.0	0.0
SRR21723199	474.0	32.0	74.0	0.0	64.0	0.0	6.0	0.0	4.0	816.0	155.0	0.0	0.0	0.0	18.0	2168.0	30.0	60.0	17.0	0.0	225.0	47.0	11.0	0.0	956.0	0.0	0.0	121.0	311.0	24.0	11.0	0.0	73.0	0.0	682.0	0.0	0.0	16.0	0.0	155.0	643.0	15.0	0.0	0.0	0.0	0.0	112.0	0.0	68.0	68.0	618.0	0.0	0.0	8.0	175.0	0.0	95.0	0.0	0.0	235.0	0.0	0.0	0.0	0.0	27.0	0.0	57.0	0.0	0.0	221.0	155.0	6.0	0.0	0.0	86.0	0.0	0.0	0.0	0.0	0.0	0.0	0.0	0.0	0.0	196.0	0.0	211.0	144.0	0.0	0.0	167.0	15.0	0.0	366.0	16.0	0.0	0.0	0.0	0.0	0.0	0.0	0.0	116.0	326.0	22.0	0.0	19.0	0.0	0.0	0.0	0.0	0.0	3.0	0.0	0.0	147.0	0.0	0.0	14.0	0.0	0.0	0.0	41.0	0.0	0.0	0.0	21.0	0.0	0.0	0.0	0.0	135.0	0.0	0.0	0.0	0.0	0.0	0.0	0.0	0.0	0.0	0.0	0.0	0.0	0.0	0.0	0.0	0.0	0.0	0.0	0.0	0.0	0.0	4.0	0.0	0.0	0.0	0.0	17.0	0.0	49.0	0.0	0.0	0.0	0.0	0.0	0.0	0.0	0.0	21.0	11.0	0.0	0.0	251.0	0.0	21.0	0.0	0.0	0.0	0.0	0.0	0.0	45.0	0.0	0.0	0.0	0.0	3.0	0.0	0.0	0.0	0.0	0.0	0.0	0.0	0.0	0.0	0.0	0.0	6.0	146.0	0.0	0.0	0.0	0.0	0.0	0.0	0.0	0.0	0.0	0.0	0.0	0.0	0.0	0.0	0.0	0.0	0.0	0.0	0.0	0.0	0.0	125.0	0.0	0.0	0.0	0.0	0.0	0.0	0.0	0.0	0.0	0.0	0.0	0.0	0.0	0.0	0.0	0.0	0.0	0.0	0.0	0.0	0.0	0.0	0.0	0.0	0.0	0.0	0.0	0.0	0.0	0.0	0.0	0.0	0.0	0.0	0.0	0.0	0.0	0.0	0.0	0.0	0.0	0.0	0.0	0.0	0.0	0.0	0.0	0.0	0.0	0.0	0.0	0.0	0.0	0.0	0.0	0.0	0.0	0.0	0.0	0.0	0.0	0.0	0.0	0.0	0.0	0.0	0.0	0.0	0.0	0.0	0.0	0.0	0.0	0.0	0.0	0.0	0.0	0.0	0.0	0.0	0.0	0.0	0.0	0.0	0.0	0.0	0.0	0.0	0.0	0.0	0.0	0.0	0.0	0.0	0.0	0.0	0.0	0.0
SRR21723200	843.0	68.0	432.0	0.0	216.0	0.0	0.0	0.0	25.0	881.0	158.0	51.0	0.0	0.0	21.0	2478.0	56.0	72.0	38.0	0.0	163.0	151.0	0.0	49.0	1135.0	48.0	0.0	102.0	548.0	0.0	0.0	5.0	57.0	0.0	598.0	0.0	0.0	105.0	0.0	234.0	523.0	23.0	0.0	5.0	0.0	97.0	173.0	0.0	81.0	44.0	717.0	0.0	4.0	0.0	242.0	0.0	198.0	0.0	0.0	361.0	0.0	0.0	0.0	0.0	0.0	7.0	0.0	0.0	0.0	224.0	106.0	0.0	0.0	0.0	170.0	9.0	0.0	0.0	0.0	0.0	0.0	0.0	0.0	0.0	71.0	0.0	31.0	70.0	10.0	0.0	91.0	0.0	0.0	711.0	0.0	0.0	4.0	0.0	0.0	0.0	0.0	0.0	185.0	258.0	50.0	0.0	0.0	0.0	0.0	0.0	0.0	0.0	5.0	0.0	0.0	226.0	0.0	0.0	99.0	0.0	0.0	0.0	23.0	0.0	0.0	0.0	16.0	0.0	0.0	8.0	0.0	201.0	0.0	0.0	0.0	0.0	0.0	0.0	0.0	0.0	38.0	11.0	10.0	0.0	0.0	0.0	5.0	0.0	0.0	0.0	0.0	0.0	0.0	0.0	0.0	4.0	0.0	0.0	0.0	0.0	62.0	0.0	0.0	0.0	0.0	0.0	0.0	0.0	0.0	46.0	11.0	0.0	0.0	159.0	0.0	106.0	0.0	0.0	0.0	0.0	0.0	0.0	70.0	0.0	0.0	0.0	0.0	0.0	0.0	0.0	0.0	0.0	0.0	28.0	0.0	0.0	0.0	0.0	0.0	19.0	332.0	0.0	0.0	15.0	0.0	0.0	0.0	0.0	0.0	0.0	0.0	0.0	0.0	0.0	0.0	0.0	0.0	0.0	0.0	0.0	0.0	0.0	134.0	0.0	0.0	0.0	0.0	0.0	0.0	0.0	18.0	0.0	0.0	0.0	0.0	0.0	0.0	0.0	0.0	0.0	0.0	0.0	0.0	0.0	0.0	0.0	0.0	0.0	0.0	0.0	0.0	0.0	0.0	0.0	0.0	0.0	0.0	0.0	0.0	0.0	0.0	0.0	0.0	0.0	0.0	0.0	0.0	2.0	0.0	0.0	0.0	0.0	0.0	0.0	0.0	0.0	0.0	0.0	0.0	0.0	0.0	0.0	0.0	0.0	0.0	0.0	0.0	0.0	0.0	0.0	0.0	0.0	0.0	0.0	0.0	0.0	0.0	0.0	0.0	0.0	0.0	0.0	0.0	0.0	0.0	0.0	0.0	0.0	0.0	0.0	0.0	0.0	0.0	0.0	0.0	0.0	0.0	0.0	0.0	0.0	0.0
SRR21723201	914.0	124.0	370.0	0.0	21.0	0.0	6.0	0.0	23.0	1020.0	82.0	85.0	0.0	0.0	30.0	2049.0	89.0	42.0	39.0	0.0	233.0	95.0	68.0	0.0	1062.0	115.0	0.0	240.0	1508.0	0.0	0.0	13.0	72.0	0.0	1454.0	0.0	0.0	71.0	0.0	257.0	710.0	29.0	0.0	0.0	58.0	301.0	89.0	0.0	185.0	108.0	540.0	0.0	0.0	0.0	172.0	0.0	332.0	0.0	0.0	234.0	0.0	0.0	2.0	0.0	10.0	3.0	7.0	0.0	9.0	206.0	208.0	0.0	0.0	0.0	394.0	0.0	0.0	0.0	0.0	4.0	0.0	0.0	14.0	0.0	41.0	0.0	156.0	99.0	0.0	0.0	491.0	47.0	8.0	164.0	7.0	0.0	0.0	0.0	0.0	0.0	0.0	0.0	82.0	629.0	73.0	2.0	128.0	0.0	0.0	0.0	0.0	0.0	0.0	0.0	0.0	182.0	0.0	0.0	86.0	0.0	0.0	0.0	16.0	3.0	0.0	0.0	52.0	0.0	0.0	0.0	0.0	343.0	0.0	0.0	0.0	0.0	0.0	0.0	0.0	0.0	58.0	4.0	12.0	3.0	13.0	2.0	0.0	0.0	0.0	0.0	0.0	0.0	0.0	0.0	0.0	0.0	0.0	0.0	0.0	0.0	0.0	0.0	0.0	0.0	0.0	0.0	0.0	8.0	0.0	41.0	11.0	0.0	0.0	8.0	0.0	43.0	0.0	0.0	18.0	0.0	5.0	0.0	0.0	0.0	0.0	0.0	2.0	0.0	52.0	0.0	0.0	0.0	0.0	22.0	0.0	0.0	38.0	0.0	0.0	0.0	124.0	0.0	0.0	0.0	0.0	0.0	0.0	0.0	0.0	0.0	0.0	0.0	0.0	0.0	0.0	0.0	0.0	0.0	0.0	0.0	0.0	0.0	45.0	0.0	0.0	0.0	0.0	0.0	0.0	0.0	0.0	0.0	0.0	0.0	0.0	0.0	0.0	0.0	0.0	0.0	0.0	0.0	0.0	0.0	0.0	0.0	0.0	0.0	0.0	0.0	0.0	0.0	0.0	0.0	0.0	7.0	0.0	0.0	0.0	0.0	0.0	0.0	0.0	0.0	0.0	0.0	0.0	0.0	0.0	0.0	0.0	0.0	0.0	0.0	0.0	0.0	0.0	0.0	0.0	0.0	0.0	0.0	0.0	0.0	0.0	0.0	0.0	0.0	0.0	0.0	0.0	0.0	0.0	0.0	0.0	0.0	0.0	0.0	0.0	0.0	0.0	0.0	0.0	0.0	0.0	0.0	0.0	0.0	0.0	0.0	0.0	0.0	0.0	0.0	0.0	0.0	0.0	0.0	0.0	0.0	0.0
SRR21723202	731.0	60.0	443.0	0.0	129.0	0.0	0.0	0.0	4.0	1097.0	173.0	53.0	0.0	3.0	23.0	2521.0	46.0	119.0	35.0	0.0	270.0	162.0	19.0	5.0	1648.0	62.0	6.0	249.0	668.0	24.0	0.0	0.0	56.0	0.0	1225.0	12.0	2.0	21.0	0.0	259.0	419.0	30.0	0.0	0.0	37.0	240.0	232.0	0.0	150.0	3.0	723.0	0.0	2.0	3.0	210.0	0.0	208.0	0.0	0.0	314.0	0.0	0.0	0.0	0.0	25.0	7.0	132.0	0.0	12.0	238.0	226.0	0.0	0.0	0.0	190.0	0.0	0.0	3.0	0.0	6.0	0.0	0.0	3.0	0.0	114.0	0.0	113.0	177.0	18.0	0.0	184.0	25.0	0.0	945.0	18.0	0.0	0.0	0.0	0.0	13.0	0.0	0.0	207.0	495.0	134.0	0.0	24.0	0.0	6.0	0.0	0.0	0.0	8.0	0.0	0.0	285.0	0.0	0.0	192.0	0.0	0.0	0.0	24.0	0.0	0.0	0.0	36.0	0.0	0.0	0.0	0.0	180.0	0.0	0.0	0.0	0.0	0.0	0.0	0.0	0.0	42.0	0.0	0.0	0.0	24.0	0.0	5.0	0.0	0.0	0.0	6.0	0.0	0.0	0.0	0.0	0.0	0.0	0.0	0.0	0.0	59.0	0.0	0.0	0.0	0.0	0.0	0.0	0.0	0.0	19.0	12.0	0.0	0.0	307.0	0.0	151.0	0.0	0.0	0.0	0.0	0.0	0.0	62.0	0.0	0.0	0.0	0.0	0.0	73.0	0.0	0.0	0.0	0.0	31.0	0.0	0.0	8.0	0.0	0.0	0.0	287.0	0.0	0.0	0.0	0.0	0.0	0.0	0.0	0.0	0.0	0.0	0.0	0.0	0.0	0.0	0.0	0.0	0.0	0.0	0.0	0.0	0.0	185.0	0.0	0.0	0.0	0.0	0.0	0.0	0.0	0.0	0.0	0.0	0.0	0.0	0.0	0.0	0.0	0.0	0.0	0.0	0.0	0.0	0.0	0.0	0.0	0.0	0.0	0.0	0.0	0.0	0.0	0.0	0.0	0.0	0.0	0.0	0.0	0.0	0.0	0.0	0.0	0.0	0.0	0.0	0.0	0.0	0.0	0.0	0.0	0.0	0.0	0.0	0.0	0.0	0.0	0.0	0.0	0.0	0.0	0.0	0.0	0.0	0.0	0.0	0.0	0.0	0.0	0.0	0.0	0.0	0.0	0.0	0.0	0.0	0.0	0.0	0.0	0.0	0.0	0.0	0.0	0.0	0.0	0.0	0.0	0.0	0.0	0.0	0.0	0.0	0.0	0.0	0.0	0.0	0.0	0.0	0.0	0.0	0.0	0.0
SRR21723217	333.0	26.0	429.0	0.0	32.0	0.0	0.0	0.0	16.0	1078.0	0.0	4.0	0.0	7.0	3.0	658.0	37.0	34.0	41.0	0.0	294.0	43.0	55.0	7.0	563.0	71.0	0.0	86.0	1640.0	49.0	0.0	5.0	69.0	0.0	860.0	4.0	3.0	10.0	0.0	161.0	813.0	15.0	0.0	0.0	68.0	115.0	23.0	3.0	135.0	0.0	143.0	0.0	0.0	2.0	74.0	0.0	313.0	0.0	0.0	119.0	0.0	0.0	0.0	6.0	9.0	0.0	0.0	0.0	0.0	90.0	24.0	0.0	0.0	0.0	348.0	0.0	0.0	0.0	0.0	0.0	0.0	0.0	0.0	0.0	0.0	0.0	168.0	48.0	3.0	0.0	1124.0	33.0	0.0	251.0	0.0	0.0	0.0	0.0	0.0	0.0	0.0	0.0	60.0	138.0	27.0	0.0	84.0	0.0	0.0	0.0	0.0	0.0	0.0	0.0	0.0	139.0	0.0	0.0	229.0	0.0	0.0	0.0	11.0	0.0	0.0	0.0	0.0	0.0	0.0	0.0	0.0	234.0	0.0	0.0	0.0	4.0	0.0	0.0	0.0	0.0	0.0	2.0	0.0	0.0	0.0	0.0	10.0	0.0	0.0	0.0	0.0	0.0	0.0	0.0	0.0	0.0	0.0	0.0	0.0	0.0	16.0	0.0	0.0	0.0	0.0	2.0	0.0	0.0	0.0	59.0	8.0	0.0	0.0	109.0	0.0	6.0	0.0	0.0	0.0	0.0	0.0	0.0	0.0	0.0	0.0	0.0	0.0	2.0	60.0	0.0	0.0	0.0	0.0	0.0	0.0	0.0	37.0	0.0	0.0	0.0	235.0	0.0	0.0	8.0	0.0	0.0	0.0	0.0	0.0	0.0	0.0	0.0	0.0	0.0	0.0	2.0	0.0	0.0	0.0	0.0	0.0	0.0	193.0	0.0	0.0	0.0	0.0	0.0	0.0	0.0	0.0	0.0	0.0	0.0	0.0	0.0	0.0	0.0	0.0	0.0	0.0	0.0	0.0	0.0	0.0	0.0	0.0	0.0	0.0	0.0	0.0	0.0	0.0	0.0	0.0	0.0	0.0	0.0	0.0	0.0	0.0	0.0	0.0	0.0	0.0	0.0	0.0	0.0	0.0	0.0	0.0	0.0	0.0	0.0	0.0	0.0	0.0	0.0	0.0	0.0	0.0	0.0	0.0	0.0	0.0	0.0	0.0	0.0	0.0	0.0	0.0	0.0	0.0	0.0	0.0	0.0	0.0	0.0	0.0	0.0	0.0	0.0	0.0	0.0	0.0	0.0	0.0	0.0	0.0	0.0	0.0	0.0	0.0	0.0	0.0	0.0	0.0	0.0	0.0	0.0	0.0
SRR21723219	601.0	73.0	536.0	0.0	98.0	0.0	4.0	0.0	8.0	968.0	68.0	66.0	0.0	5.0	13.0	1703.0	75.0	57.0	54.0	3.0	292.0	61.0	19.0	5.0	861.0	88.0	43.0	114.0	1321.0	30.0	0.0	0.0	136.0	0.0	716.0	6.0	7.0	0.0	0.0	272.0	1899.0	12.0	0.0	0.0	40.0	183.0	129.0	0.0	202.0	22.0	358.0	0.0	5.0	2.0	254.0	0.0	292.0	0.0	0.0	370.0	0.0	0.0	0.0	16.0	0.0	8.0	22.0	0.0	0.0	131.0	164.0	5.0	0.0	3.0	308.0	0.0	0.0	0.0	0.0	4.0	0.0	0.0	0.0	0.0	35.0	5.0	31.0	105.0	0.0	0.0	366.0	51.0	0.0	238.0	9.0	0.0	0.0	0.0	0.0	0.0	0.0	0.0	88.0	187.0	35.0	0.0	32.0	0.0	2.0	0.0	0.0	0.0	0.0	0.0	7.0	161.0	2.0	0.0	122.0	2.0	0.0	0.0	23.0	3.0	0.0	0.0	0.0	0.0	0.0	6.0	0.0	287.0	0.0	0.0	0.0	0.0	0.0	0.0	2.0	0.0	20.0	5.0	3.0	0.0	0.0	0.0	0.0	0.0	2.0	0.0	0.0	0.0	0.0	5.0	0.0	0.0	0.0	0.0	0.0	3.0	27.0	0.0	0.0	0.0	0.0	0.0	0.0	3.0	0.0	24.0	0.0	0.0	0.0	127.0	0.0	0.0	0.0	0.0	0.0	0.0	0.0	0.0	0.0	0.0	0.0	0.0	0.0	0.0	0.0	0.0	0.0	0.0	0.0	18.0	0.0	0.0	36.0	0.0	0.0	0.0	80.0	0.0	0.0	0.0	0.0	0.0	0.0	0.0	0.0	0.0	0.0	0.0	0.0	0.0	0.0	0.0	0.0	0.0	0.0	0.0	0.0	0.0	253.0	0.0	0.0	0.0	0.0	0.0	0.0	0.0	5.0	0.0	0.0	0.0	0.0	0.0	0.0	0.0	0.0	0.0	0.0	0.0	0.0	0.0	0.0	0.0	0.0	0.0	0.0	0.0	0.0	0.0	0.0	0.0	0.0	0.0	0.0	0.0	0.0	0.0	0.0	0.0	0.0	0.0	0.0	0.0	0.0	0.0	0.0	0.0	0.0	0.0	0.0	0.0	0.0	0.0	0.0	0.0	0.0	0.0	0.0	0.0	0.0	0.0	0.0	0.0	0.0	0.0	0.0	0.0	0.0	0.0	0.0	0.0	0.0	0.0	0.0	0.0	0.0	0.0	0.0	0.0	0.0	0.0	0.0	0.0	0.0	0.0	0.0	0.0	0.0	0.0	0.0	0.0	0.0	0.0	0.0	0.0	0.0	0.0	0.0
SRR21723220	965.0	64.0	757.0	0.0	182.0	0.0	0.0	0.0	0.0	1549.0	158.0	123.0	14.0	19.0	33.0	2237.0	103.0	49.0	35.0	3.0	444.0	87.0	15.0	0.0	1381.0	150.0	0.0	173.0	1444.0	0.0	0.0	5.0	147.0	0.0	1019.0	0.0	0.0	0.0	0.0	369.0	2226.0	56.0	0.0	0.0	17.0	192.0	155.0	4.0	247.0	34.0	702.0	0.0	3.0	3.0	358.0	0.0	494.0	0.0	0.0	477.0	0.0	0.0	0.0	8.0	0.0	35.0	60.0	0.0	7.0	261.0	228.0	4.0	0.0	0.0	369.0	14.0	0.0	0.0	0.0	3.0	0.0	2.0	0.0	0.0	78.0	7.0	45.0	150.0	19.0	0.0	467.0	66.0	28.0	616.0	19.0	2.0	2.0	0.0	0.0	0.0	0.0	0.0	95.0	284.0	46.0	0.0	3.0	0.0	0.0	3.0	0.0	0.0	8.0	4.0	5.0	247.0	0.0	0.0	186.0	0.0	14.0	0.0	13.0	5.0	0.0	0.0	50.0	0.0	0.0	0.0	0.0	337.0	0.0	0.0	0.0	0.0	0.0	9.0	0.0	2.0	0.0	0.0	0.0	0.0	12.0	0.0	0.0	7.0	0.0	0.0	4.0	0.0	0.0	5.0	0.0	0.0	0.0	0.0	0.0	0.0	71.0	0.0	0.0	0.0	0.0	0.0	0.0	7.0	0.0	45.0	12.0	0.0	0.0	186.0	0.0	0.0	0.0	0.0	0.0	0.0	0.0	0.0	37.0	0.0	0.0	0.0	0.0	0.0	38.0	0.0	3.0	0.0	0.0	24.0	0.0	0.0	20.0	0.0	0.0	0.0	159.0	0.0	0.0	0.0	0.0	0.0	0.0	0.0	0.0	0.0	0.0	0.0	0.0	2.0	0.0	0.0	0.0	0.0	0.0	0.0	0.0	0.0	272.0	0.0	0.0	0.0	0.0	0.0	0.0	0.0	0.0	0.0	0.0	0.0	0.0	0.0	0.0	0.0	0.0	0.0	0.0	0.0	0.0	0.0	0.0	0.0	0.0	0.0	0.0	0.0	0.0	0.0	0.0	0.0	0.0	0.0	0.0	0.0	0.0	0.0	0.0	0.0	0.0	0.0	0.0	0.0	0.0	0.0	0.0	0.0	0.0	0.0	0.0	0.0	0.0	0.0	0.0	0.0	0.0	0.0	0.0	0.0	0.0	0.0	0.0	0.0	0.0	0.0	0.0	0.0	0.0	0.0	0.0	0.0	0.0	0.0	0.0	0.0	0.0	0.0	0.0	0.0	0.0	0.0	0.0	0.0	0.0	0.0	0.0	0.0	0.0	0.0	0.0	0.0	0.0	0.0	0.0	0.0	0.0	0.0	0.0
SRR21723221	2179.0	47.0	735.0	0.0	77.0	0.0	3.0	7.0	43.0	917.0	233.0	142.0	0.0	27.0	29.0	1965.0	27.0	147.0	90.0	25.0	654.0	155.0	306.0	11.0	1638.0	138.0	6.0	290.0	1786.0	95.0	7.0	34.0	39.0	0.0	2209.0	23.0	0.0	0.0	0.0	232.0	1160.0	33.0	22.0	0.0	186.0	383.0	62.0	8.0	331.0	51.0	231.0	0.0	11.0	3.0	181.0	0.0	377.0	0.0	0.0	6.0	0.0	0.0	0.0	8.0	16.0	6.0	121.0	0.0	0.0	379.0	75.0	0.0	4.0	10.0	468.0	26.0	0.0	0.0	0.0	0.0	0.0	0.0	21.0	0.0	0.0	3.0	249.0	215.0	11.0	0.0	606.0	45.0	7.0	541.0	18.0	0.0	2.0	0.0	0.0	0.0	0.0	0.0	0.0	430.0	15.0	12.0	74.0	8.0	5.0	0.0	0.0	0.0	0.0	0.0	32.0	111.0	3.0	0.0	260.0	0.0	0.0	0.0	83.0	0.0	0.0	11.0	115.0	3.0	0.0	0.0	0.0	163.0	3.0	0.0	0.0	4.0	0.0	13.0	0.0	0.0	119.0	0.0	70.0	0.0	3.0	0.0	22.0	0.0	0.0	0.0	0.0	0.0	0.0	18.0	0.0	3.0	0.0	0.0	0.0	11.0	37.0	0.0	13.0	0.0	0.0	4.0	0.0	35.0	0.0	109.0	33.0	0.0	0.0	3.0	0.0	0.0	2.0	0.0	25.0	0.0	5.0	0.0	0.0	0.0	0.0	0.0	0.0	0.0	52.0	0.0	0.0	0.0	0.0	8.0	0.0	0.0	46.0	0.0	0.0	0.0	198.0	0.0	0.0	16.0	0.0	0.0	0.0	0.0	0.0	0.0	0.0	13.0	0.0	0.0	0.0	0.0	0.0	0.0	0.0	0.0	0.0	2.0	51.0	0.0	0.0	0.0	0.0	0.0	0.0	0.0	0.0	0.0	0.0	0.0	0.0	0.0	0.0	0.0	0.0	0.0	0.0	0.0	0.0	0.0	0.0	0.0	0.0	0.0	0.0	0.0	0.0	0.0	4.0	0.0	0.0	0.0	0.0	0.0	0.0	0.0	0.0	0.0	0.0	0.0	0.0	0.0	0.0	0.0	0.0	0.0	0.0	0.0	0.0	0.0	0.0	0.0	0.0	0.0	0.0	0.0	0.0	0.0	0.0	0.0	0.0	0.0	0.0	0.0	0.0	2.0	0.0	0.0	0.0	0.0	0.0	0.0	3.0	0.0	0.0	0.0	0.0	0.0	0.0	0.0	0.0	0.0	0.0	0.0	0.0	0.0	0.0	0.0	0.0	0.0	0.0	0.0	0.0	0.0	0.0	0.0	0.0
SRR21723222	856.0	128.0	1228.0	0.0	232.0	0.0	0.0	0.0	46.0	1150.0	290.0	94.0	8.0	19.0	49.0	2735.0	49.0	133.0	0.0	0.0	484.0	138.0	0.0	33.0	1946.0	161.0	94.0	212.0	1525.0	0.0	5.0	12.0	232.0	0.0	1068.0	2.0	15.0	18.0	5.0	533.0	3089.0	32.0	0.0	3.0	105.0	160.0	285.0	0.0	323.0	0.0	1338.0	0.0	23.0	3.0	362.0	0.0	625.0	0.0	0.0	860.0	0.0	0.0	0.0	8.0	15.0	42.0	122.0	0.0	5.0	374.0	211.0	7.0	0.0	0.0	579.0	0.0	0.0	6.0	0.0	26.0	0.0	0.0	0.0	2.0	119.0	7.0	150.0	212.0	9.0	0.0	500.0	64.0	0.0	432.0	16.0	0.0	3.0	0.0	0.0	0.0	0.0	0.0	225.0	215.0	158.0	2.0	142.0	0.0	7.0	5.0	0.0	0.0	0.0	0.0	0.0	334.0	0.0	0.0	231.0	0.0	0.0	0.0	28.0	0.0	0.0	3.0	0.0	0.0	0.0	9.0	0.0	394.0	4.0	0.0	0.0	0.0	0.0	0.0	0.0	0.0	27.0	3.0	0.0	0.0	0.0	0.0	0.0	0.0	0.0	0.0	3.0	0.0	0.0	0.0	0.0	0.0	0.0	0.0	0.0	0.0	56.0	4.0	0.0	0.0	0.0	0.0	0.0	0.0	0.0	71.0	17.0	0.0	0.0	312.0	0.0	11.0	0.0	0.0	0.0	0.0	2.0	3.0	60.0	0.0	0.0	0.0	0.0	0.0	42.0	0.0	0.0	0.0	0.0	26.0	0.0	0.0	23.0	0.0	0.0	42.0	317.0	0.0	0.0	28.0	0.0	0.0	0.0	0.0	0.0	0.0	0.0	5.0	0.0	0.0	0.0	0.0	0.0	0.0	0.0	0.0	0.0	0.0	277.0	0.0	0.0	0.0	0.0	0.0	0.0	0.0	19.0	0.0	0.0	0.0	0.0	0.0	0.0	0.0	0.0	0.0	0.0	0.0	0.0	0.0	0.0	0.0	0.0	0.0	0.0	0.0	0.0	0.0	0.0	2.0	0.0	0.0	0.0	0.0	0.0	0.0	0.0	0.0	0.0	0.0	0.0	0.0	0.0	0.0	0.0	0.0	0.0	0.0	0.0	0.0	0.0	0.0	0.0	0.0	0.0	0.0	0.0	0.0	0.0	0.0	0.0	0.0	0.0	0.0	0.0	0.0	0.0	0.0	0.0	0.0	0.0	0.0	0.0	0.0	0.0	0.0	0.0	0.0	0.0	0.0	0.0	0.0	0.0	0.0	0.0	0.0	0.0	0.0	0.0	0.0	0.0	0.0	0.0	0.0	0.0	0.0	0.0
SRR21723223	683.0	62.0	944.0	0.0	89.0	0.0	0.0	0.0	31.0	584.0	87.0	174.0	0.0	9.0	18.0	1434.0	5.0	50.0	51.0	0.0	353.0	51.0	3.0	0.0	966.0	131.0	47.0	138.0	1299.0	0.0	0.0	6.0	152.0	0.0	463.0	3.0	0.0	108.0	0.0	417.0	3023.0	0.0	0.0	0.0	27.0	209.0	136.0	0.0	338.0	0.0	713.0	0.0	3.0	5.0	184.0	0.0	632.0	0.0	0.0	375.0	0.0	0.0	0.0	7.0	0.0	0.0	46.0	0.0	0.0	223.0	167.0	0.0	0.0	0.0	355.0	0.0	0.0	0.0	0.0	0.0	0.0	5.0	0.0	0.0	43.0	7.0	199.0	42.0	6.0	0.0	150.0	60.0	0.0	279.0	0.0	0.0	0.0	0.0	0.0	0.0	0.0	0.0	147.0	86.0	133.0	3.0	143.0	17.0	0.0	0.0	0.0	0.0	0.0	0.0	0.0	231.0	0.0	0.0	136.0	0.0	16.0	0.0	0.0	0.0	0.0	0.0	0.0	0.0	0.0	0.0	0.0	254.0	0.0	0.0	0.0	3.0	0.0	0.0	0.0	0.0	6.0	2.0	0.0	0.0	0.0	0.0	9.0	0.0	0.0	0.0	0.0	0.0	0.0	0.0	0.0	0.0	0.0	0.0	0.0	0.0	47.0	0.0	0.0	0.0	0.0	0.0	0.0	0.0	3.0	0.0	0.0	0.0	0.0	499.0	0.0	0.0	0.0	0.0	0.0	0.0	0.0	0.0	38.0	0.0	0.0	0.0	0.0	0.0	0.0	0.0	0.0	0.0	0.0	20.0	0.0	0.0	12.0	0.0	0.0	0.0	272.0	0.0	0.0	0.0	0.0	0.0	0.0	0.0	0.0	0.0	0.0	0.0	0.0	0.0	0.0	0.0	0.0	0.0	0.0	0.0	0.0	0.0	119.0	0.0	0.0	0.0	0.0	0.0	0.0	0.0	0.0	0.0	0.0	0.0	0.0	0.0	0.0	0.0	0.0	0.0	0.0	0.0	0.0	0.0	0.0	0.0	0.0	0.0	0.0	0.0	0.0	0.0	0.0	0.0	0.0	0.0	0.0	0.0	0.0	0.0	0.0	0.0	0.0	0.0	0.0	0.0	0.0	0.0	0.0	0.0	3.0	0.0	0.0	0.0	0.0	0.0	0.0	0.0	0.0	0.0	0.0	0.0	0.0	0.0	0.0	0.0	0.0	0.0	0.0	0.0	0.0	0.0	0.0	0.0	0.0	0.0	0.0	0.0	0.0	0.0	0.0	0.0	0.0	0.0	0.0	0.0	0.0	0.0	0.0	0.0	0.0	0.0	0.0	0.0	0.0	0.0	0.0	0.0	0.0	0.0	0.0
SRR21723227	201.0	29.0	673.0	0.0	43.0	0.0	0.0	0.0	20.0	450.0	65.0	97.0	0.0	0.0	23.0	899.0	28.0	33.0	23.0	3.0	178.0	42.0	0.0	0.0	505.0	64.0	0.0	22.0	652.0	0.0	0.0	26.0	140.0	0.0	337.0	0.0	4.0	0.0	2.0	318.0	664.0	13.0	0.0	0.0	18.0	54.0	49.0	0.0	104.0	0.0	377.0	0.0	0.0	0.0	147.0	0.0	495.0	0.0	0.0	221.0	0.0	0.0	0.0	6.0	7.0	25.0	41.0	0.0	0.0	96.0	99.0	0.0	0.0	0.0	352.0	0.0	0.0	0.0	0.0	15.0	0.0	0.0	0.0	0.0	94.0	0.0	267.0	14.0	3.0	0.0	72.0	26.0	0.0	160.0	0.0	0.0	0.0	0.0	0.0	0.0	0.0	0.0	36.0	92.0	20.0	0.0	96.0	0.0	0.0	0.0	0.0	0.0	0.0	0.0	4.0	157.0	0.0	0.0	188.0	0.0	0.0	0.0	9.0	0.0	0.0	0.0	0.0	0.0	0.0	0.0	0.0	87.0	0.0	0.0	0.0	0.0	0.0	0.0	0.0	0.0	5.0	5.0	0.0	0.0	0.0	0.0	0.0	0.0	0.0	0.0	0.0	0.0	0.0	0.0	0.0	0.0	0.0	0.0	0.0	0.0	13.0	0.0	0.0	0.0	0.0	0.0	0.0	0.0	0.0	27.0	0.0	0.0	0.0	67.0	0.0	38.0	0.0	0.0	0.0	0.0	2.0	0.0	10.0	0.0	0.0	0.0	0.0	8.0	0.0	0.0	0.0	0.0	0.0	0.0	0.0	0.0	0.0	0.0	0.0	0.0	147.0	0.0	0.0	0.0	0.0	0.0	0.0	0.0	0.0	0.0	0.0	0.0	0.0	0.0	0.0	0.0	0.0	0.0	0.0	0.0	0.0	0.0	128.0	0.0	0.0	0.0	0.0	0.0	0.0	0.0	0.0	0.0	0.0	0.0	0.0	0.0	0.0	0.0	0.0	0.0	0.0	0.0	0.0	0.0	0.0	0.0	0.0	0.0	0.0	0.0	0.0	0.0	0.0	0.0	0.0	0.0	0.0	0.0	0.0	0.0	0.0	0.0	0.0	0.0	0.0	0.0	0.0	0.0	0.0	0.0	0.0	0.0	0.0	0.0	0.0	0.0	0.0	0.0	0.0	0.0	0.0	0.0	0.0	0.0	0.0	0.0	0.0	0.0	0.0	0.0	0.0	0.0	0.0	0.0	0.0	0.0	0.0	0.0	0.0	0.0	0.0	0.0	0.0	0.0	0.0	0.0	0.0	0.0	0.0	0.0	0.0	0.0	0.0	0.0	0.0	0.0	0.0	0.0	0.0	0.0	0.0
SRR21723229	406.0	46.0	1309.0	0.0	118.0	0.0	6.0	0.0	27.0	813.0	143.0	149.0	0.0	2.0	19.0	1395.0	17.0	40.0	24.0	0.0	498.0	43.0	0.0	11.0	902.0	86.0	34.0	49.0	937.0	0.0	0.0	42.0	207.0	0.0	865.0	3.0	0.0	0.0	2.0	557.0	1360.0	21.0	0.0	0.0	18.0	10.0	85.0	0.0	197.0	0.0	818.0	0.0	8.0	0.0	406.0	0.0	1005.0	0.0	0.0	614.0	0.0	0.0	0.0	0.0	3.0	10.0	28.0	0.0	0.0	176.0	201.0	8.0	0.0	0.0	471.0	0.0	0.0	2.0	0.0	17.0	0.0	0.0	0.0	0.0	278.0	0.0	585.0	109.0	0.0	0.0	369.0	60.0	0.0	320.0	12.0	0.0	0.0	0.0	0.0	0.0	2.0	0.0	265.0	0.0	6.0	0.0	243.0	0.0	0.0	0.0	0.0	0.0	0.0	6.0	0.0	233.0	0.0	0.0	275.0	0.0	14.0	0.0	3.0	0.0	0.0	0.0	19.0	0.0	0.0	0.0	0.0	185.0	0.0	0.0	0.0	2.0	0.0	0.0	0.0	0.0	6.0	4.0	0.0	0.0	10.0	0.0	0.0	0.0	0.0	2.0	0.0	0.0	0.0	0.0	0.0	0.0	0.0	0.0	0.0	0.0	39.0	0.0	0.0	0.0	0.0	2.0	0.0	0.0	0.0	0.0	0.0	0.0	0.0	106.0	0.0	26.0	0.0	0.0	0.0	0.0	7.0	0.0	57.0	0.0	0.0	0.0	0.0	3.0	0.0	0.0	0.0	0.0	0.0	17.0	0.0	0.0	0.0	0.0	0.0	45.0	179.0	0.0	0.0	0.0	0.0	0.0	0.0	0.0	0.0	0.0	0.0	0.0	0.0	0.0	0.0	0.0	0.0	0.0	0.0	0.0	18.0	0.0	212.0	0.0	0.0	0.0	0.0	0.0	0.0	0.0	30.0	0.0	0.0	0.0	0.0	0.0	0.0	0.0	0.0	0.0	0.0	0.0	0.0	0.0	0.0	0.0	0.0	0.0	0.0	0.0	0.0	0.0	0.0	0.0	0.0	0.0	0.0	0.0	0.0	0.0	0.0	0.0	0.0	0.0	0.0	0.0	0.0	0.0	0.0	0.0	0.0	0.0	0.0	0.0	0.0	0.0	0.0	0.0	0.0	0.0	0.0	0.0	0.0	0.0	0.0	0.0	0.0	0.0	0.0	0.0	0.0	0.0	0.0	0.0	0.0	0.0	0.0	0.0	0.0	0.0	0.0	0.0	0.0	0.0	0.0	0.0	0.0	0.0	0.0	0.0	0.0	0.0	0.0	0.0	0.0	0.0	0.0	0.0	0.0	0.0	0.0
SRR21723230	1326.0	66.0	1000.0	0.0	161.0	0.0	5.0	3.0	59.0	936.0	243.0	107.0	20.0	21.0	41.0	2436.0	153.0	131.0	108.0	13.0	482.0	241.0	12.0	33.0	1777.0	220.0	16.0	337.0	1847.0	13.0	0.0	13.0	221.0	0.0	1924.0	5.0	0.0	0.0	0.0	466.0	1305.0	40.0	0.0	3.0	43.0	208.0	203.0	19.0	312.0	65.0	1029.0	0.0	41.0	0.0	435.0	0.0	560.0	0.0	0.0	469.0	0.0	0.0	0.0	3.0	15.0	0.0	94.0	4.0	6.0	220.0	146.0	4.0	0.0	3.0	384.0	14.0	0.0	0.0	0.0	5.0	0.0	0.0	11.0	0.0	37.0	2.0	310.0	263.0	8.0	0.0	633.0	89.0	0.0	740.0	61.0	0.0	0.0	0.0	0.0	3.0	0.0	0.0	129.0	440.0	112.0	0.0	139.0	0.0	10.0	6.0	0.0	0.0	11.0	5.0	0.0	232.0	0.0	2.0	433.0	3.0	10.0	0.0	64.0	0.0	0.0	0.0	90.0	0.0	0.0	0.0	0.0	451.0	0.0	0.0	0.0	3.0	0.0	0.0	0.0	0.0	51.0	12.0	17.0	3.0	21.0	2.0	0.0	6.0	0.0	0.0	8.0	0.0	11.0	6.0	0.0	6.0	0.0	0.0	0.0	0.0	82.0	0.0	0.0	0.0	0.0	0.0	0.0	14.0	0.0	69.0	15.0	0.0	0.0	116.0	0.0	41.0	2.0	0.0	0.0	0.0	0.0	0.0	29.0	0.0	0.0	0.0	0.0	0.0	129.0	0.0	0.0	0.0	0.0	30.0	0.0	0.0	71.0	0.0	0.0	0.0	297.0	0.0	0.0	0.0	0.0	0.0	0.0	0.0	0.0	0.0	0.0	0.0	0.0	0.0	0.0	0.0	0.0	0.0	0.0	0.0	0.0	0.0	189.0	0.0	0.0	0.0	0.0	0.0	0.0	0.0	0.0	0.0	0.0	0.0	0.0	0.0	0.0	0.0	0.0	0.0	0.0	0.0	0.0	0.0	0.0	0.0	0.0	0.0	0.0	0.0	0.0	0.0	0.0	0.0	0.0	0.0	0.0	0.0	0.0	0.0	0.0	0.0	0.0	0.0	0.0	0.0	0.0	0.0	0.0	0.0	0.0	0.0	0.0	0.0	0.0	0.0	0.0	0.0	0.0	0.0	0.0	0.0	0.0	0.0	0.0	0.0	0.0	0.0	0.0	0.0	0.0	0.0	0.0	0.0	0.0	0.0	0.0	0.0	0.0	0.0	0.0	0.0	0.0	0.0	0.0	0.0	7.0	0.0	0.0	0.0	0.0	0.0	0.0	0.0	0.0	0.0	0.0	0.0	0.0	0.0	0.0
SRR21723231	1081.0	16.0	1329.0	0.0	64.0	0.0	0.0	0.0	24.0	716.0	212.0	192.0	2.0	13.0	21.0	1702.0	107.0	93.0	24.0	16.0	347.0	41.0	95.0	0.0	1245.0	112.0	39.0	172.0	1777.0	59.0	0.0	17.0	114.0	0.0	1347.0	0.0	0.0	0.0	5.0	394.0	960.0	10.0	0.0	0.0	38.0	117.0	85.0	0.0	261.0	63.0	441.0	0.0	13.0	0.0	278.0	0.0	600.0	0.0	0.0	277.0	0.0	0.0	0.0	11.0	12.0	11.0	54.0	2.0	0.0	178.0	184.0	0.0	0.0	0.0	381.0	0.0	0.0	0.0	0.0	3.0	0.0	0.0	8.0	0.0	13.0	4.0	238.0	160.0	0.0	0.0	389.0	64.0	13.0	605.0	17.0	0.0	0.0	0.0	0.0	0.0	0.0	0.0	64.0	394.0	18.0	0.0	172.0	0.0	2.0	0.0	0.0	0.0	3.0	14.0	13.0	161.0	0.0	0.0	281.0	0.0	0.0	0.0	40.0	0.0	0.0	0.0	60.0	0.0	0.0	0.0	0.0	380.0	3.0	0.0	0.0	4.0	0.0	10.0	0.0	0.0	48.0	0.0	21.0	0.0	0.0	0.0	3.0	11.0	2.0	0.0	0.0	0.0	3.0	0.0	0.0	0.0	0.0	0.0	0.0	0.0	27.0	0.0	0.0	0.0	0.0	0.0	0.0	9.0	0.0	44.0	0.0	0.0	0.0	113.0	0.0	0.0	0.0	0.0	9.0	0.0	0.0	0.0	0.0	0.0	0.0	0.0	0.0	0.0	76.0	0.0	0.0	0.0	2.0	13.0	0.0	0.0	27.0	0.0	0.0	0.0	190.0	0.0	0.0	0.0	0.0	0.0	0.0	0.0	0.0	0.0	0.0	0.0	0.0	0.0	0.0	0.0	0.0	0.0	0.0	0.0	0.0	0.0	176.0	0.0	0.0	0.0	0.0	0.0	0.0	0.0	0.0	0.0	0.0	0.0	0.0	0.0	0.0	0.0	0.0	0.0	0.0	0.0	0.0	0.0	0.0	0.0	0.0	0.0	0.0	0.0	0.0	0.0	0.0	0.0	0.0	0.0	0.0	0.0	0.0	0.0	0.0	0.0	0.0	0.0	0.0	0.0	0.0	0.0	0.0	0.0	0.0	0.0	0.0	0.0	0.0	0.0	0.0	0.0	0.0	0.0	0.0	0.0	0.0	0.0	0.0	0.0	0.0	0.0	0.0	0.0	0.0	0.0	0.0	0.0	0.0	0.0	0.0	0.0	0.0	0.0	0.0	0.0	0.0	0.0	0.0	0.0	0.0	0.0	0.0	0.0	0.0	0.0	0.0	0.0	0.0	0.0	0.0	0.0	0.0	0.0	0.0
SRR21723232	315.0	54.0	696.0	0.0	48.0	0.0	0.0	0.0	16.0	777.0	95.0	116.0	0.0	0.0	12.0	1383.0	26.0	49.0	52.0	0.0	279.0	54.0	0.0	66.0	571.0	0.0	30.0	108.0	995.0	0.0	0.0	0.0	145.0	0.0	736.0	8.0	0.0	16.0	0.0	256.0	752.0	8.0	0.0	0.0	36.0	108.0	108.0	3.0	145.0	22.0	392.0	0.0	0.0	0.0	145.0	0.0	470.0	0.0	0.0	293.0	0.0	7.0	0.0	0.0	18.0	6.0	57.0	0.0	0.0	139.0	108.0	0.0	0.0	0.0	311.0	0.0	0.0	4.0	0.0	10.0	0.0	0.0	0.0	0.0	119.0	0.0	133.0	97.0	5.0	0.0	238.0	30.0	0.0	178.0	10.0	0.0	0.0	0.0	0.0	2.0	0.0	0.0	124.0	218.0	52.0	0.0	141.0	5.0	3.0	0.0	0.0	0.0	0.0	0.0	0.0	278.0	0.0	0.0	222.0	0.0	0.0	0.0	12.0	0.0	0.0	0.0	20.0	0.0	0.0	0.0	0.0	179.0	2.0	0.0	0.0	2.0	0.0	0.0	0.0	0.0	22.0	0.0	0.0	0.0	0.0	0.0	0.0	0.0	0.0	0.0	2.0	0.0	0.0	3.0	0.0	0.0	0.0	0.0	0.0	0.0	0.0	0.0	0.0	0.0	0.0	0.0	0.0	3.0	0.0	123.0	0.0	0.0	0.0	58.0	0.0	55.0	0.0	0.0	0.0	0.0	0.0	0.0	35.0	0.0	0.0	0.0	0.0	0.0	0.0	0.0	0.0	0.0	0.0	0.0	0.0	0.0	37.0	0.0	0.0	0.0	181.0	0.0	0.0	0.0	0.0	0.0	0.0	0.0	0.0	5.0	0.0	0.0	0.0	0.0	0.0	0.0	0.0	0.0	0.0	0.0	0.0	0.0	150.0	0.0	0.0	0.0	0.0	0.0	0.0	0.0	0.0	0.0	0.0	2.0	0.0	0.0	0.0	0.0	0.0	0.0	0.0	0.0	0.0	0.0	0.0	0.0	0.0	0.0	0.0	0.0	0.0	0.0	0.0	0.0	0.0	0.0	0.0	0.0	0.0	0.0	0.0	0.0	0.0	0.0	0.0	0.0	0.0	0.0	0.0	0.0	0.0	0.0	0.0	0.0	0.0	0.0	0.0	0.0	0.0	0.0	0.0	0.0	0.0	0.0	0.0	0.0	0.0	0.0	0.0	0.0	0.0	0.0	0.0	0.0	0.0	0.0	0.0	0.0	0.0	0.0	0.0	0.0	0.0	0.0	0.0	0.0	0.0	0.0	0.0	0.0	0.0	0.0	0.0	0.0	0.0	0.0	0.0	0.0	0.0	0.0	0.0
SRR21723234	257.0	25.0	1078.0	0.0	46.0	0.0	0.0	0.0	17.0	423.0	54.0	98.0	0.0	12.0	12.0	869.0	40.0	28.0	19.0	4.0	334.0	17.0	0.0	0.0	504.0	25.0	0.0	0.0	1215.0	0.0	0.0	14.0	214.0	0.0	471.0	0.0	0.0	9.0	0.0	208.0	1187.0	3.0	0.0	0.0	17.0	91.0	68.0	0.0	137.0	3.0	353.0	0.0	18.0	0.0	219.0	0.0	702.0	4.0	0.0	313.0	0.0	0.0	0.0	0.0	6.0	0.0	30.0	0.0	0.0	73.0	155.0	0.0	0.0	0.0	302.0	0.0	0.0	0.0	0.0	4.0	0.0	0.0	0.0	0.0	104.0	0.0	154.0	83.0	2.0	0.0	375.0	28.0	0.0	261.0	9.0	0.0	0.0	0.0	0.0	0.0	0.0	0.0	120.0	77.0	34.0	0.0	61.0	0.0	0.0	0.0	0.0	0.0	0.0	0.0	5.0	270.0	0.0	0.0	457.0	0.0	4.0	0.0	21.0	0.0	0.0	0.0	0.0	0.0	0.0	0.0	0.0	65.0	0.0	0.0	0.0	2.0	0.0	0.0	0.0	0.0	0.0	0.0	0.0	0.0	5.0	0.0	0.0	0.0	0.0	0.0	0.0	0.0	0.0	2.0	0.0	0.0	0.0	0.0	32.0	0.0	23.0	0.0	0.0	0.0	0.0	0.0	0.0	0.0	0.0	184.0	0.0	2.0	0.0	78.0	0.0	32.0	0.0	0.0	0.0	0.0	0.0	0.0	29.0	0.0	0.0	0.0	0.0	0.0	0.0	0.0	0.0	0.0	5.0	0.0	0.0	0.0	27.0	0.0	0.0	35.0	193.0	0.0	0.0	0.0	0.0	0.0	0.0	0.0	0.0	0.0	0.0	0.0	0.0	0.0	0.0	0.0	0.0	0.0	0.0	0.0	0.0	0.0	145.0	0.0	0.0	0.0	0.0	0.0	0.0	0.0	0.0	0.0	0.0	0.0	0.0	0.0	0.0	0.0	0.0	0.0	0.0	0.0	0.0	0.0	0.0	0.0	0.0	0.0	0.0	0.0	0.0	0.0	0.0	0.0	0.0	0.0	0.0	0.0	0.0	0.0	0.0	0.0	0.0	0.0	0.0	0.0	0.0	0.0	0.0	0.0	0.0	0.0	0.0	0.0	0.0	0.0	0.0	0.0	0.0	0.0	0.0	0.0	0.0	0.0	0.0	0.0	0.0	0.0	0.0	0.0	0.0	0.0	0.0	0.0	0.0	0.0	0.0	0.0	0.0	0.0	0.0	0.0	0.0	0.0	0.0	0.0	0.0	0.0	0.0	0.0	0.0	0.0	0.0	0.0	0.0	0.0	0.0	0.0	0.0	0.0	0.0
SRR21723236	2.0	13.0	9.0	0.0	6.0	0.0	0.0	0.0	0.0	0.0	0.0	0.0	0.0	0.0	0.0	0.0	0.0	3.0	10.0	0.0	20.0	0.0	0.0	70.0	20.0	12.0	0.0	0.0	20.0	0.0	0.0	0.0	29.0	0.0	0.0	3.0	0.0	446.0	0.0	0.0	0.0	2.0	0.0	0.0	119.0	229.0	0.0	0.0	0.0	0.0	4.0	0.0	0.0	0.0	0.0	0.0	0.0	0.0	0.0	0.0	0.0	0.0	0.0	0.0	0.0	0.0	0.0	0.0	0.0	5.0	24.0	0.0	0.0	0.0	0.0	0.0	0.0	0.0	0.0	0.0	0.0	4.0	0.0	0.0	0.0	0.0	0.0	81.0	0.0	0.0	98.0	0.0	0.0	0.0	0.0	0.0	0.0	0.0	0.0	0.0	0.0	0.0	0.0	0.0	0.0	0.0	0.0	0.0	0.0	0.0	0.0	0.0	0.0	0.0	0.0	58.0	0.0	0.0	8.0	0.0	0.0	0.0	0.0	0.0	0.0	0.0	0.0	0.0	0.0	0.0	0.0	0.0	0.0	0.0	0.0	0.0	0.0	0.0	0.0	0.0	0.0	0.0	0.0	0.0	0.0	0.0	0.0	0.0	0.0	0.0	0.0	0.0	0.0	0.0	0.0	0.0	0.0	0.0	0.0	0.0	0.0	0.0	0.0	0.0	0.0	0.0	0.0	0.0	0.0	0.0	0.0	0.0	0.0	0.0	0.0	0.0	0.0	0.0	0.0	0.0	0.0	0.0	0.0	0.0	0.0	0.0	0.0	0.0	0.0	0.0	0.0	0.0	0.0	0.0	0.0	0.0	0.0	0.0	0.0	0.0	34.0	0.0	0.0	0.0	0.0	0.0	0.0	0.0	0.0	0.0	0.0	0.0	0.0	0.0	0.0	0.0	0.0	0.0	0.0	0.0	0.0	0.0	0.0	0.0	0.0	0.0	0.0	0.0	0.0	0.0	0.0	0.0	0.0	0.0	0.0	0.0	0.0	0.0	0.0	0.0	0.0	0.0	0.0	0.0	0.0	0.0	0.0	0.0	0.0	0.0	0.0	0.0	0.0	0.0	0.0	0.0	0.0	0.0	0.0	0.0	0.0	0.0	0.0	0.0	0.0	0.0	0.0	0.0	0.0	0.0	0.0	0.0	0.0	0.0	0.0	0.0	0.0	0.0	0.0	0.0	0.0	0.0	0.0	0.0	0.0	0.0	0.0	0.0	0.0	0.0	0.0	0.0	0.0	0.0	0.0	0.0	0.0	0.0	0.0	0.0	0.0	0.0	0.0	0.0	0.0	0.0	0.0	0.0	0.0	0.0	0.0	0.0	0.0	0.0	0.0	0.0	0.0	0.0	0.0	0.0	0.0
SRR21723237	106.0	19.0	215.0	0.0	173.0	0.0	0.0	0.0	3.0	137.0	18.0	85.0	0.0	0.0	4.0	86.0	0.0	30.0	135.0	0.0	618.0	7.0	0.0	202.0	551.0	0.0	0.0	13.0	826.0	59.0	0.0	0.0	1223.0	0.0	126.0	0.0	0.0	30.0	0.0	264.0	1717.0	9.0	8.0	0.0	1048.0	342.0	119.0	0.0	158.0	0.0	133.0	0.0	14.0	0.0	237.0	0.0	160.0	0.0	0.0	333.0	0.0	0.0	0.0	3.0	7.0	0.0	0.0	0.0	0.0	95.0	728.0	0.0	0.0	8.0	244.0	0.0	0.0	0.0	0.0	0.0	0.0	4.0	0.0	0.0	154.0	0.0	267.0	18.0	0.0	0.0	1512.0	22.0	0.0	45.0	6.0	0.0	0.0	0.0	0.0	0.0	0.0	0.0	0.0	0.0	92.0	0.0	58.0	0.0	0.0	0.0	0.0	0.0	0.0	0.0	5.0	1338.0	0.0	0.0	111.0	0.0	35.0	0.0	18.0	5.0	0.0	0.0	28.0	0.0	0.0	66.0	0.0	184.0	0.0	0.0	0.0	0.0	0.0	0.0	0.0	0.0	0.0	0.0	7.0	30.0	0.0	0.0	0.0	0.0	0.0	0.0	0.0	0.0	0.0	8.0	0.0	0.0	0.0	0.0	0.0	0.0	0.0	0.0	0.0	0.0	0.0	0.0	0.0	0.0	11.0	1147.0	0.0	8.0	0.0	4357.0	0.0	8.0	0.0	4.0	0.0	44.0	0.0	0.0	0.0	0.0	0.0	0.0	0.0	0.0	0.0	0.0	0.0	0.0	0.0	0.0	0.0	0.0	0.0	0.0	0.0	0.0	539.0	0.0	0.0	0.0	0.0	0.0	0.0	0.0	0.0	0.0	0.0	0.0	0.0	0.0	0.0	0.0	0.0	0.0	0.0	0.0	0.0	0.0	1569.0	0.0	0.0	0.0	0.0	0.0	0.0	0.0	0.0	0.0	0.0	0.0	0.0	0.0	0.0	0.0	0.0	0.0	0.0	0.0	0.0	0.0	0.0	0.0	0.0	0.0	0.0	0.0	0.0	0.0	0.0	0.0	0.0	0.0	0.0	0.0	0.0	0.0	0.0	0.0	0.0	0.0	0.0	0.0	0.0	0.0	0.0	0.0	0.0	0.0	0.0	0.0	0.0	0.0	0.0	0.0	0.0	0.0	0.0	0.0	0.0	0.0	0.0	0.0	0.0	0.0	0.0	0.0	0.0	0.0	0.0	0.0	0.0	0.0	0.0	0.0	0.0	0.0	0.0	0.0	0.0	0.0	0.0	0.0	0.0	0.0	0.0	0.0	0.0	0.0	0.0	0.0	0.0	0.0	0.0	10.0	0.0	0.0	0.0
SRR21723238	68.0	143.0	358.0	0.0	253.0	0.0	0.0	0.0	43.0	182.0	0.0	341.0	0.0	7.0	23.0	66.0	0.0	38.0	645.0	0.0	377.0	28.0	0.0	125.0	692.0	57.0	0.0	30.0	1245.0	50.0	5.0	25.0	1643.0	0.0	142.0	132.0	0.0	206.0	0.0	209.0	1748.0	0.0	0.0	0.0	1793.0	1522.0	141.0	0.0	280.0	0.0	324.0	0.0	19.0	0.0	100.0	0.0	118.0	0.0	0.0	219.0	0.0	18.0	0.0	0.0	0.0	0.0	10.0	0.0	0.0	27.0	582.0	0.0	0.0	0.0	214.0	0.0	0.0	0.0	0.0	0.0	0.0	22.0	0.0	0.0	93.0	0.0	377.0	95.0	0.0	0.0	1285.0	28.0	0.0	0.0	0.0	0.0	0.0	0.0	0.0	0.0	0.0	0.0	19.0	4.0	26.0	0.0	86.0	0.0	0.0	0.0	0.0	0.0	0.0	0.0	0.0	642.0	0.0	0.0	160.0	0.0	8.0	0.0	11.0	0.0	0.0	0.0	28.0	0.0	0.0	146.0	0.0	294.0	0.0	0.0	0.0	0.0	0.0	0.0	7.0	0.0	0.0	0.0	16.0	0.0	6.0	0.0	0.0	0.0	0.0	0.0	0.0	0.0	0.0	0.0	0.0	0.0	9.0	0.0	0.0	0.0	0.0	0.0	0.0	0.0	24.0	0.0	0.0	0.0	19.0	30.0	0.0	0.0	0.0	942.0	0.0	32.0	0.0	0.0	0.0	50.0	0.0	0.0	0.0	0.0	0.0	0.0	0.0	0.0	0.0	0.0	0.0	3.0	0.0	0.0	0.0	0.0	12.0	0.0	0.0	0.0	389.0	0.0	0.0	0.0	0.0	0.0	0.0	0.0	0.0	0.0	0.0	0.0	0.0	0.0	0.0	0.0	0.0	0.0	0.0	0.0	0.0	0.0	989.0	0.0	0.0	0.0	0.0	0.0	0.0	0.0	0.0	0.0	0.0	0.0	0.0	13.0	0.0	0.0	0.0	0.0	0.0	12.0	0.0	0.0	0.0	0.0	0.0	0.0	0.0	0.0	0.0	0.0	0.0	0.0	0.0	0.0	142.0	0.0	0.0	0.0	0.0	0.0	0.0	0.0	0.0	0.0	0.0	0.0	0.0	0.0	0.0	0.0	0.0	0.0	0.0	0.0	0.0	0.0	0.0	0.0	0.0	0.0	0.0	0.0	0.0	0.0	0.0	0.0	0.0	0.0	0.0	0.0	0.0	0.0	0.0	0.0	0.0	0.0	0.0	0.0	0.0	0.0	0.0	0.0	0.0	0.0	0.0	0.0	0.0	0.0	0.0	0.0	0.0	0.0	0.0	0.0	0.0	0.0	0.0	0.0	0.0
SRR21723239	207.0	42.0	514.0	0.0	287.0	0.0	0.0	0.0	10.0	335.0	27.0	121.0	0.0	0.0	0.0	206.0	0.0	61.0	155.0	0.0	980.0	36.0	5.0	107.0	748.0	106.0	0.0	66.0	1060.0	83.0	0.0	0.0	783.0	0.0	293.0	0.0	0.0	655.0	0.0	154.0	1000.0	38.0	0.0	0.0	1178.0	333.0	110.0	0.0	391.0	0.0	191.0	0.0	0.0	13.0	152.0	0.0	106.0	0.0	0.0	324.0	0.0	0.0	0.0	0.0	13.0	21.0	14.0	0.0	0.0	104.0	320.0	0.0	0.0	0.0	103.0	0.0	0.0	0.0	0.0	6.0	0.0	3.0	0.0	0.0	173.0	0.0	501.0	168.0	12.0	0.0	2193.0	47.0	0.0	86.0	11.0	0.0	0.0	0.0	0.0	0.0	0.0	0.0	0.0	45.0	85.0	0.0	139.0	0.0	0.0	0.0	0.0	0.0	0.0	0.0	14.0	1073.0	0.0	0.0	37.0	0.0	0.0	0.0	23.0	0.0	0.0	0.0	34.0	0.0	0.0	122.0	0.0	243.0	0.0	0.0	0.0	0.0	0.0	0.0	0.0	0.0	0.0	0.0	29.0	0.0	7.0	0.0	0.0	0.0	0.0	0.0	0.0	0.0	0.0	0.0	0.0	0.0	0.0	0.0	0.0	0.0	19.0	0.0	0.0	0.0	0.0	0.0	0.0	0.0	0.0	20.0	0.0	0.0	0.0	3245.0	0.0	14.0	0.0	0.0	0.0	0.0	0.0	0.0	0.0	0.0	0.0	0.0	0.0	0.0	0.0	0.0	0.0	0.0	0.0	0.0	0.0	0.0	0.0	0.0	0.0	0.0	680.0	0.0	0.0	0.0	0.0	0.0	0.0	0.0	0.0	0.0	0.0	0.0	0.0	0.0	0.0	0.0	0.0	0.0	0.0	0.0	0.0	0.0	2107.0	0.0	0.0	0.0	0.0	0.0	0.0	0.0	0.0	0.0	0.0	0.0	0.0	0.0	0.0	0.0	0.0	0.0	0.0	0.0	0.0	0.0	0.0	0.0	0.0	0.0	0.0	0.0	0.0	0.0	0.0	0.0	0.0	0.0	0.0	0.0	0.0	0.0	0.0	0.0	7.0	0.0	0.0	0.0	0.0	0.0	0.0	0.0	0.0	0.0	0.0	0.0	0.0	0.0	0.0	0.0	0.0	0.0	0.0	0.0	0.0	0.0	0.0	0.0	0.0	0.0	0.0	0.0	0.0	0.0	0.0	0.0	0.0	0.0	0.0	0.0	0.0	0.0	0.0	0.0	0.0	0.0	0.0	0.0	0.0	0.0	0.0	0.0	0.0	0.0	0.0	0.0	0.0	0.0	0.0	0.0	0.0	0.0	0.0
SRR21723240	27.0	85.0	297.0	0.0	78.0	0.0	0.0	0.0	10.0	63.0	0.0	186.0	0.0	10.0	16.0	22.0	5.0	41.0	224.0	4.0	668.0	0.0	0.0	501.0	269.0	55.0	0.0	0.0	1214.0	29.0	0.0	13.0	810.0	0.0	139.0	0.0	0.0	2748.0	0.0	104.0	1739.0	0.0	0.0	0.0	1668.0	365.0	24.0	2.0	684.0	0.0	15.0	0.0	0.0	0.0	38.0	0.0	52.0	0.0	0.0	84.0	0.0	0.0	0.0	0.0	8.0	0.0	0.0	0.0	9.0	0.0	720.0	0.0	0.0	0.0	128.0	0.0	0.0	0.0	0.0	0.0	0.0	100.0	0.0	0.0	26.0	0.0	537.0	245.0	0.0	0.0	1196.0	15.0	0.0	26.0	14.0	0.0	0.0	0.0	0.0	0.0	0.0	0.0	17.0	0.0	254.0	0.0	58.0	0.0	0.0	0.0	0.0	0.0	0.0	0.0	8.0	664.0	0.0	0.0	51.0	0.0	0.0	0.0	0.0	0.0	0.0	0.0	34.0	0.0	0.0	0.0	0.0	146.0	0.0	0.0	0.0	0.0	0.0	0.0	0.0	0.0	0.0	0.0	0.0	5.0	0.0	0.0	0.0	0.0	0.0	0.0	0.0	0.0	0.0	6.0	0.0	0.0	0.0	0.0	0.0	0.0	0.0	0.0	0.0	0.0	0.0	0.0	0.0	0.0	24.0	6.0	0.0	0.0	0.0	592.0	0.0	0.0	0.0	0.0	0.0	74.0	0.0	0.0	9.0	0.0	0.0	0.0	0.0	0.0	0.0	0.0	0.0	0.0	0.0	0.0	0.0	0.0	22.0	0.0	0.0	0.0	326.0	0.0	0.0	0.0	0.0	0.0	0.0	0.0	0.0	0.0	0.0	0.0	0.0	0.0	0.0	0.0	0.0	0.0	0.0	0.0	0.0	0.0	523.0	0.0	0.0	0.0	0.0	0.0	0.0	0.0	0.0	0.0	0.0	0.0	0.0	0.0	0.0	0.0	0.0	0.0	0.0	66.0	0.0	0.0	0.0	0.0	0.0	0.0	0.0	0.0	0.0	0.0	0.0	0.0	0.0	0.0	0.0	0.0	0.0	0.0	0.0	0.0	0.0	0.0	0.0	0.0	0.0	0.0	0.0	0.0	0.0	0.0	0.0	0.0	0.0	0.0	0.0	0.0	0.0	0.0	0.0	0.0	0.0	0.0	0.0	0.0	0.0	0.0	0.0	0.0	0.0	0.0	0.0	0.0	0.0	0.0	0.0	0.0	0.0	0.0	0.0	0.0	0.0	0.0	0.0	16.0	0.0	0.0	0.0	0.0	0.0	0.0	0.0	0.0	0.0	0.0	0.0	0.0	0.0	0.0	0.0
SRR21723241	0.0	0.0	0.0	0.0	6.0	0.0	0.0	0.0	0.0	0.0	0.0	9.0	0.0	0.0	0.0	0.0	0.0	3.0	15.0	0.0	62.0	0.0	0.0	23.0	93.0	0.0	0.0	0.0	61.0	0.0	0.0	0.0	151.0	0.0	6.0	0.0	0.0	10252.0	0.0	8.0	157.0	0.0	0.0	0.0	308.0	173.0	11.0	0.0	0.0	0.0	9.0	0.0	0.0	0.0	19.0	0.0	28.0	0.0	0.0	34.0	0.0	0.0	0.0	0.0	0.0	0.0	0.0	0.0	0.0	0.0	67.0	0.0	0.0	0.0	80.0	0.0	0.0	0.0	0.0	0.0	0.0	0.0	0.0	0.0	0.0	0.0	266.0	35.0	0.0	0.0	300.0	0.0	0.0	0.0	0.0	0.0	0.0	0.0	0.0	0.0	0.0	0.0	0.0	0.0	80.0	0.0	0.0	0.0	0.0	0.0	0.0	0.0	0.0	0.0	0.0	118.0	0.0	0.0	0.0	0.0	0.0	0.0	0.0	0.0	0.0	0.0	0.0	0.0	0.0	0.0	0.0	0.0	0.0	0.0	0.0	0.0	0.0	0.0	0.0	0.0	0.0	0.0	0.0	0.0	0.0	0.0	0.0	0.0	0.0	0.0	0.0	0.0	0.0	0.0	0.0	0.0	0.0	0.0	0.0	0.0	0.0	0.0	0.0	0.0	0.0	0.0	0.0	0.0	0.0	0.0	0.0	0.0	0.0	136.0	0.0	0.0	0.0	0.0	0.0	0.0	0.0	0.0	0.0	0.0	0.0	0.0	0.0	0.0	0.0	0.0	0.0	0.0	0.0	0.0	0.0	0.0	18.0	0.0	0.0	0.0	39.0	0.0	0.0	0.0	0.0	0.0	0.0	0.0	0.0	0.0	0.0	0.0	0.0	0.0	0.0	0.0	0.0	0.0	0.0	0.0	0.0	0.0	106.0	0.0	0.0	0.0	0.0	0.0	0.0	0.0	0.0	0.0	0.0	0.0	0.0	0.0	0.0	0.0	0.0	0.0	0.0	0.0	0.0	0.0	0.0	0.0	0.0	0.0	0.0	0.0	0.0	0.0	0.0	0.0	0.0	0.0	0.0	0.0	0.0	0.0	0.0	0.0	0.0	0.0	0.0	0.0	0.0	0.0	0.0	0.0	0.0	0.0	0.0	0.0	0.0	0.0	0.0	0.0	0.0	0.0	0.0	0.0	0.0	0.0	0.0	0.0	0.0	0.0	0.0	0.0	0.0	0.0	0.0	0.0	0.0	0.0	0.0	0.0	0.0	0.0	0.0	0.0	0.0	0.0	0.0	0.0	0.0	0.0	0.0	0.0	0.0	0.0	0.0	0.0	0.0	0.0	0.0	0.0	0.0	0.0	0.0
SRR21723242	143.0	108.0	1031.0	0.0	124.0	0.0	0.0	0.0	0.0	254.0	100.0	140.0	0.0	20.0	42.0	203.0	0.0	16.0	217.0	0.0	699.0	51.0	0.0	231.0	1173.0	113.0	5.0	0.0	1105.0	22.0	0.0	18.0	1451.0	0.0	119.0	0.0	0.0	324.0	0.0	143.0	1989.0	23.0	34.0	0.0	3897.0	1122.0	110.0	0.0	911.0	0.0	230.0	0.0	15.0	0.0	219.0	0.0	207.0	0.0	0.0	690.0	0.0	0.0	0.0	0.0	0.0	0.0	16.0	0.0	0.0	147.0	637.0	8.0	0.0	0.0	817.0	0.0	0.0	0.0	0.0	0.0	0.0	21.0	0.0	0.0	129.0	0.0	520.0	592.0	0.0	0.0	3169.0	42.0	0.0	53.0	24.0	0.0	0.0	0.0	0.0	0.0	0.0	0.0	22.0	0.0	281.0	0.0	100.0	0.0	21.0	0.0	0.0	0.0	0.0	0.0	0.0	2196.0	0.0	0.0	128.0	0.0	0.0	0.0	0.0	0.0	0.0	0.0	0.0	0.0	0.0	862.0	0.0	196.0	0.0	0.0	0.0	0.0	0.0	0.0	0.0	0.0	0.0	0.0	0.0	24.0	0.0	0.0	0.0	0.0	0.0	0.0	0.0	0.0	0.0	0.0	0.0	0.0	0.0	0.0	0.0	0.0	0.0	0.0	0.0	0.0	0.0	0.0	0.0	0.0	117.0	0.0	0.0	0.0	0.0	2571.0	0.0	0.0	0.0	0.0	0.0	0.0	0.0	0.0	0.0	0.0	0.0	0.0	0.0	0.0	0.0	0.0	0.0	0.0	0.0	0.0	0.0	0.0	149.0	0.0	0.0	40.0	613.0	0.0	0.0	0.0	0.0	0.0	0.0	0.0	0.0	0.0	0.0	0.0	0.0	0.0	0.0	0.0	0.0	0.0	0.0	0.0	0.0	0.0	1481.0	0.0	0.0	0.0	0.0	0.0	0.0	0.0	0.0	0.0	0.0	0.0	0.0	0.0	0.0	0.0	0.0	0.0	0.0	0.0	0.0	0.0	0.0	0.0	0.0	0.0	0.0	0.0	0.0	0.0	0.0	0.0	0.0	0.0	0.0	0.0	0.0	0.0	0.0	0.0	0.0	0.0	0.0	0.0	0.0	0.0	0.0	0.0	0.0	0.0	0.0	0.0	0.0	0.0	0.0	0.0	0.0	0.0	0.0	0.0	0.0	0.0	0.0	0.0	0.0	0.0	0.0	0.0	0.0	0.0	0.0	0.0	0.0	0.0	0.0	0.0	0.0	0.0	0.0	0.0	0.0	0.0	0.0	0.0	0.0	0.0	0.0	0.0	0.0	0.0	0.0	0.0	0.0	0.0	0.0	0.0	0.0	0.0	0.0
SRR21723244	4.0	164.0	79.0	0.0	23.0	0.0	0.0	0.0	0.0	0.0	29.0	188.0	0.0	0.0	0.0	17.0	0.0	9.0	89.0	0.0	119.0	0.0	0.0	505.0	143.0	0.0	0.0	0.0	244.0	0.0	0.0	12.0	413.0	0.0	28.0	0.0	0.0	18472.0	0.0	36.0	787.0	0.0	0.0	0.0	666.0	1320.0	21.0	0.0	285.0	0.0	0.0	0.0	0.0	0.0	25.0	0.0	58.0	0.0	0.0	45.0	0.0	0.0	0.0	0.0	0.0	5.0	0.0	0.0	0.0	19.0	229.0	0.0	0.0	0.0	134.0	0.0	0.0	0.0	0.0	0.0	0.0	3.0	0.0	0.0	0.0	0.0	754.0	808.0	0.0	0.0	197.0	5.0	0.0	9.0	0.0	0.0	0.0	0.0	0.0	0.0	0.0	0.0	0.0	0.0	12043.0	0.0	0.0	0.0	0.0	0.0	0.0	0.0	0.0	0.0	0.0	235.0	0.0	0.0	55.0	0.0	0.0	0.0	0.0	0.0	0.0	0.0	0.0	0.0	0.0	38.0	0.0	0.0	0.0	0.0	0.0	0.0	0.0	0.0	0.0	0.0	0.0	0.0	0.0	5.0	0.0	0.0	483.0	0.0	0.0	0.0	0.0	0.0	0.0	0.0	0.0	0.0	0.0	0.0	279.0	0.0	0.0	9.0	0.0	0.0	0.0	0.0	0.0	0.0	39.0	1243.0	0.0	0.0	0.0	127.0	0.0	0.0	0.0	0.0	0.0	51.0	0.0	0.0	0.0	0.0	0.0	0.0	0.0	0.0	0.0	0.0	0.0	0.0	0.0	0.0	0.0	0.0	15.0	0.0	0.0	0.0	145.0	0.0	0.0	0.0	0.0	0.0	0.0	0.0	0.0	0.0	0.0	0.0	0.0	0.0	0.0	0.0	0.0	0.0	0.0	0.0	0.0	0.0	152.0	4.0	0.0	0.0	0.0	0.0	0.0	0.0	0.0	0.0	0.0	0.0	0.0	0.0	0.0	0.0	0.0	0.0	0.0	43.0	0.0	0.0	0.0	0.0	0.0	0.0	0.0	0.0	0.0	0.0	0.0	0.0	0.0	0.0	50.0	0.0	0.0	0.0	0.0	0.0	0.0	0.0	0.0	0.0	0.0	0.0	0.0	0.0	0.0	0.0	0.0	0.0	0.0	0.0	0.0	0.0	0.0	0.0	0.0	0.0	0.0	0.0	0.0	0.0	0.0	0.0	0.0	0.0	7.0	0.0	0.0	0.0	0.0	0.0	0.0	0.0	0.0	0.0	0.0	0.0	0.0	0.0	0.0	23.0	0.0	0.0	0.0	0.0	0.0	0.0	0.0	0.0	0.0	0.0	0.0	0.0	0.0	0.0	0.0
SRR21723245	2.0	0.0	52.0	0.0	3.0	0.0	0.0	0.0	0.0	23.0	12.0	9.0	0.0	0.0	0.0	0.0	0.0	6.0	0.0	0.0	165.0	0.0	0.0	79.0	74.0	0.0	0.0	6.0	177.0	0.0	0.0	0.0	612.0	0.0	9.0	0.0	0.0	15019.0	0.0	25.0	217.0	0.0	0.0	0.0	171.0	33.0	0.0	0.0	77.0	0.0	0.0	0.0	0.0	0.0	23.0	0.0	9.0	0.0	0.0	68.0	0.0	0.0	0.0	0.0	0.0	0.0	0.0	0.0	0.0	0.0	142.0	0.0	0.0	0.0	63.0	0.0	0.0	0.0	0.0	5.0	0.0	0.0	0.0	0.0	0.0	0.0	24.0	268.0	0.0	0.0	424.0	0.0	0.0	0.0	0.0	0.0	0.0	0.0	0.0	0.0	0.0	0.0	0.0	0.0	261.0	0.0	39.0	3.0	0.0	0.0	0.0	0.0	0.0	0.0	0.0	225.0	0.0	0.0	5.0	0.0	0.0	0.0	0.0	0.0	0.0	0.0	10.0	0.0	0.0	42.0	0.0	41.0	0.0	0.0	0.0	0.0	0.0	0.0	0.0	0.0	0.0	0.0	0.0	0.0	0.0	0.0	0.0	0.0	0.0	0.0	0.0	0.0	0.0	0.0	0.0	0.0	0.0	0.0	0.0	0.0	0.0	0.0	0.0	0.0	0.0	0.0	0.0	0.0	54.0	44.0	0.0	0.0	0.0	182.0	0.0	0.0	0.0	0.0	0.0	33.0	0.0	0.0	0.0	0.0	0.0	0.0	0.0	0.0	0.0	0.0	0.0	0.0	0.0	0.0	0.0	0.0	12.0	0.0	0.0	21.0	110.0	0.0	0.0	0.0	0.0	0.0	0.0	0.0	0.0	0.0	0.0	0.0	0.0	0.0	0.0	0.0	0.0	0.0	0.0	0.0	0.0	0.0	599.0	0.0	0.0	0.0	0.0	0.0	0.0	0.0	0.0	0.0	0.0	0.0	0.0	22.0	0.0	0.0	0.0	0.0	0.0	0.0	0.0	0.0	0.0	0.0	0.0	0.0	0.0	0.0	0.0	0.0	0.0	0.0	0.0	0.0	0.0	0.0	0.0	0.0	0.0	0.0	0.0	0.0	0.0	0.0	0.0	0.0	0.0	0.0	0.0	0.0	0.0	0.0	0.0	0.0	0.0	0.0	0.0	0.0	0.0	0.0	0.0	0.0	0.0	0.0	0.0	0.0	0.0	0.0	0.0	0.0	0.0	0.0	0.0	0.0	0.0	0.0	0.0	0.0	0.0	0.0	0.0	0.0	0.0	0.0	0.0	0.0	0.0	0.0	0.0	0.0	0.0	0.0	0.0	0.0	0.0	0.0	0.0	0.0	0.0
SRR21723246	429.0	0.0	149.0	3.0	89.0	0.0	2.0	0.0	7.0	249.0	25.0	93.0	0.0	8.0	27.0	1081.0	84.0	52.0	53.0	0.0	184.0	14.0	11.0	0.0	562.0	17.0	5.0	153.0	502.0	0.0	0.0	2.0	61.0	0.0	488.0	4.0	0.0	7.0	0.0	212.0	784.0	3.0	0.0	0.0	21.0	4.0	85.0	0.0	200.0	48.0	313.0	0.0	29.0	0.0	96.0	0.0	95.0	0.0	3.0	192.0	0.0	0.0	0.0	0.0	13.0	0.0	38.0	0.0	0.0	201.0	46.0	0.0	0.0	0.0	18.0	0.0	0.0	0.0	0.0	0.0	0.0	0.0	0.0	0.0	19.0	0.0	35.0	64.0	0.0	0.0	0.0	2.0	6.0	421.0	12.0	0.0	2.0	0.0	0.0	0.0	0.0	0.0	7.0	205.0	37.0	3.0	28.0	2.0	8.0	0.0	0.0	0.0	0.0	0.0	0.0	75.0	0.0	0.0	36.0	0.0	0.0	0.0	12.0	0.0	0.0	0.0	41.0	0.0	0.0	0.0	0.0	182.0	0.0	3.0	0.0	0.0	0.0	0.0	0.0	0.0	0.0	2.0	0.0	0.0	0.0	0.0	0.0	0.0	0.0	0.0	0.0	0.0	0.0	0.0	0.0	0.0	0.0	0.0	2.0	0.0	12.0	0.0	0.0	0.0	0.0	0.0	0.0	0.0	0.0	25.0	7.0	0.0	0.0	232.0	0.0	0.0	0.0	0.0	0.0	0.0	0.0	0.0	24.0	0.0	0.0	0.0	0.0	0.0	0.0	0.0	0.0	0.0	0.0	0.0	0.0	0.0	0.0	0.0	0.0	7.0	95.0	0.0	0.0	11.0	0.0	0.0	0.0	0.0	0.0	0.0	0.0	0.0	0.0	0.0	0.0	0.0	0.0	0.0	0.0	0.0	0.0	0.0	32.0	0.0	0.0	0.0	0.0	0.0	0.0	0.0	0.0	0.0	0.0	0.0	0.0	0.0	0.0	0.0	0.0	0.0	0.0	0.0	0.0	0.0	0.0	0.0	0.0	0.0	0.0	0.0	0.0	0.0	0.0	0.0	0.0	0.0	0.0	0.0	0.0	0.0	0.0	0.0	0.0	0.0	0.0	0.0	0.0	0.0	0.0	0.0	0.0	0.0	0.0	0.0	0.0	0.0	0.0	0.0	0.0	0.0	0.0	0.0	0.0	0.0	0.0	0.0	0.0	0.0	0.0	0.0	0.0	0.0	0.0	0.0	0.0	0.0	0.0	0.0	0.0	0.0	0.0	0.0	0.0	0.0	0.0	0.0	0.0	0.0	0.0	0.0	0.0	0.0	0.0	0.0	0.0	0.0	0.0	0.0	0.0	0.0	0.0
SRR21723247	101.0	59.0	967.0	0.0	154.0	0.0	0.0	0.0	35.0	173.0	115.0	48.0	0.0	55.0	11.0	232.0	0.0	0.0	88.0	0.0	660.0	13.0	0.0	417.0	724.0	90.0	47.0	0.0	1090.0	82.0	0.0	54.0	3491.0	0.0	167.0	0.0	0.0	233.0	0.0	231.0	2007.0	4.0	0.0	0.0	1772.0	836.0	21.0	0.0	518.0	40.0	110.0	0.0	16.0	0.0	292.0	0.0	255.0	0.0	0.0	664.0	0.0	0.0	0.0	0.0	0.0	0.0	0.0	0.0	0.0	113.0	408.0	13.0	15.0	0.0	733.0	0.0	0.0	0.0	0.0	16.0	0.0	38.0	0.0	0.0	131.0	0.0	704.0	463.0	27.0	0.0	2119.0	0.0	0.0	171.0	19.0	0.0	0.0	0.0	0.0	0.0	0.0	0.0	32.0	0.0	147.0	0.0	35.0	77.0	0.0	0.0	0.0	0.0	0.0	0.0	0.0	1763.0	0.0	0.0	236.0	0.0	0.0	0.0	0.0	0.0	0.0	0.0	0.0	0.0	0.0	163.0	0.0	200.0	0.0	0.0	0.0	0.0	0.0	23.0	0.0	0.0	0.0	15.0	0.0	24.0	35.0	0.0	12.0	15.0	0.0	0.0	0.0	0.0	0.0	0.0	0.0	0.0	0.0	0.0	18.0	21.0	0.0	0.0	0.0	0.0	0.0	21.0	0.0	0.0	0.0	23.0	0.0	0.0	0.0	3769.0	0.0	0.0	0.0	0.0	0.0	38.0	0.0	0.0	0.0	0.0	0.0	12.0	0.0	0.0	27.0	0.0	0.0	0.0	0.0	38.0	0.0	0.0	187.0	0.0	0.0	155.0	766.0	0.0	0.0	0.0	0.0	0.0	0.0	0.0	0.0	0.0	0.0	0.0	0.0	0.0	0.0	0.0	0.0	0.0	0.0	0.0	0.0	0.0	4492.0	0.0	0.0	0.0	0.0	0.0	0.0	0.0	0.0	0.0	0.0	0.0	0.0	0.0	0.0	0.0	0.0	0.0	0.0	0.0	0.0	0.0	0.0	0.0	0.0	0.0	0.0	0.0	0.0	0.0	0.0	0.0	0.0	0.0	0.0	0.0	0.0	0.0	0.0	0.0	0.0	0.0	0.0	0.0	0.0	0.0	0.0	0.0	0.0	0.0	0.0	0.0	0.0	0.0	0.0	0.0	0.0	0.0	14.0	0.0	16.0	0.0	0.0	0.0	0.0	0.0	0.0	0.0	0.0	0.0	0.0	0.0	0.0	0.0	0.0	0.0	0.0	0.0	0.0	0.0	0.0	0.0	0.0	0.0	0.0	0.0	0.0	0.0	0.0	0.0	0.0	0.0	0.0	25.0	0.0	0.0	0.0	0.0	0.0
SRR21723248	44.0	17.0	1270.0	0.0	56.0	0.0	0.0	0.0	0.0	77.0	15.0	89.0	0.0	0.0	0.0	25.0	0.0	3.0	83.0	0.0	126.0	0.0	0.0	79.0	872.0	0.0	0.0	4.0	670.0	27.0	0.0	4.0	579.0	0.0	70.0	5.0	0.0	220.0	0.0	49.0	835.0	0.0	14.0	0.0	1876.0	460.0	20.0	6.0	550.0	0.0	18.0	0.0	0.0	0.0	65.0	0.0	13.0	0.0	0.0	94.0	0.0	0.0	0.0	0.0	0.0	0.0	0.0	0.0	0.0	17.0	621.0	0.0	4.0	0.0	361.0	0.0	0.0	0.0	0.0	0.0	0.0	0.0	0.0	0.0	15.0	0.0	397.0	1082.0	0.0	0.0	1868.0	3.0	0.0	61.0	0.0	0.0	0.0	0.0	0.0	0.0	0.0	0.0	24.0	0.0	181.0	0.0	0.0	0.0	0.0	0.0	0.0	0.0	0.0	0.0	0.0	405.0	0.0	0.0	73.0	0.0	0.0	0.0	3.0	0.0	0.0	0.0	0.0	0.0	0.0	32.0	0.0	99.0	0.0	0.0	0.0	0.0	0.0	0.0	0.0	0.0	0.0	0.0	18.0	0.0	0.0	0.0	0.0	0.0	0.0	0.0	0.0	0.0	0.0	0.0	0.0	0.0	0.0	0.0	7.0	0.0	0.0	0.0	0.0	0.0	0.0	0.0	0.0	0.0	0.0	51.0	0.0	0.0	0.0	1412.0	0.0	0.0	0.0	0.0	0.0	30.0	0.0	0.0	0.0	0.0	0.0	0.0	0.0	0.0	5.0	0.0	0.0	0.0	0.0	0.0	0.0	0.0	30.0	0.0	0.0	0.0	130.0	0.0	0.0	0.0	0.0	0.0	0.0	0.0	0.0	0.0	0.0	0.0	0.0	0.0	0.0	0.0	0.0	0.0	0.0	0.0	0.0	0.0	468.0	0.0	0.0	0.0	0.0	0.0	0.0	0.0	0.0	0.0	0.0	0.0	0.0	0.0	0.0	0.0	0.0	0.0	0.0	0.0	0.0	0.0	0.0	0.0	0.0	0.0	0.0	0.0	0.0	0.0	0.0	0.0	0.0	0.0	0.0	0.0	0.0	0.0	0.0	0.0	0.0	0.0	0.0	0.0	0.0	0.0	0.0	0.0	0.0	0.0	0.0	0.0	0.0	0.0	0.0	0.0	0.0	0.0	0.0	0.0	0.0	0.0	0.0	0.0	0.0	0.0	0.0	0.0	0.0	0.0	0.0	0.0	0.0	0.0	0.0	0.0	0.0	0.0	0.0	0.0	0.0	0.0	0.0	0.0	0.0	0.0	0.0	0.0	0.0	0.0	0.0	0.0	0.0	0.0	0.0	0.0	0.0	0.0	0.0
SRR21723250	12.0	23.0	123.0	0.0	26.0	0.0	0.0	0.0	0.0	24.0	13.0	0.0	0.0	0.0	7.0	60.0	0.0	0.0	0.0	0.0	179.0	0.0	0.0	131.0	245.0	6.0	0.0	0.0	221.0	12.0	0.0	0.0	814.0	0.0	34.0	0.0	0.0	1436.0	0.0	16.0	525.0	5.0	0.0	0.0	579.0	155.0	0.0	0.0	82.0	0.0	10.0	0.0	4.0	0.0	30.0	0.0	75.0	0.0	0.0	67.0	0.0	0.0	0.0	0.0	0.0	0.0	0.0	0.0	0.0	0.0	206.0	0.0	0.0	4.0	220.0	0.0	0.0	0.0	0.0	0.0	0.0	0.0	0.0	0.0	25.0	0.0	51.0	301.0	0.0	0.0	1072.0	0.0	0.0	47.0	0.0	0.0	0.0	0.0	0.0	0.0	0.0	0.0	0.0	0.0	5.0	0.0	57.0	0.0	0.0	0.0	0.0	0.0	0.0	0.0	0.0	346.0	0.0	0.0	0.0	0.0	0.0	0.0	0.0	0.0	0.0	0.0	0.0	0.0	0.0	41.0	0.0	0.0	0.0	0.0	0.0	0.0	0.0	0.0	0.0	0.0	0.0	0.0	0.0	34.0	0.0	0.0	0.0	0.0	0.0	0.0	0.0	0.0	0.0	0.0	0.0	0.0	0.0	0.0	0.0	0.0	0.0	0.0	0.0	0.0	0.0	0.0	0.0	0.0	0.0	0.0	0.0	0.0	0.0	447.0	0.0	17.0	0.0	0.0	0.0	0.0	0.0	0.0	0.0	6.0	0.0	0.0	0.0	0.0	0.0	0.0	0.0	0.0	0.0	0.0	0.0	0.0	28.0	0.0	0.0	0.0	244.0	0.0	0.0	0.0	0.0	0.0	0.0	0.0	0.0	0.0	0.0	0.0	0.0	0.0	0.0	0.0	0.0	0.0	0.0	0.0	0.0	0.0	610.0	0.0	0.0	0.0	0.0	0.0	0.0	0.0	0.0	0.0	0.0	0.0	0.0	0.0	0.0	0.0	0.0	0.0	0.0	0.0	0.0	0.0	0.0	0.0	0.0	0.0	0.0	0.0	0.0	0.0	0.0	0.0	0.0	0.0	0.0	0.0	0.0	0.0	0.0	0.0	0.0	0.0	0.0	0.0	0.0	0.0	0.0	0.0	0.0	0.0	0.0	0.0	0.0	0.0	0.0	0.0	0.0	0.0	0.0	0.0	0.0	0.0	0.0	0.0	0.0	0.0	0.0	0.0	0.0	0.0	0.0	0.0	0.0	0.0	0.0	0.0	0.0	0.0	0.0	0.0	0.0	0.0	0.0	0.0	0.0	0.0	0.0	0.0	0.0	0.0	0.0	0.0	0.0	0.0	0.0	0.0	0.0	0.0	0.0
SRR21723256	486.0	30.0	468.0	0.0	92.0	0.0	0.0	2.0	30.0	219.0	182.0	139.0	0.0	12.0	20.0	1192.0	113.0	63.0	41.0	43.0	437.0	92.0	8.0	0.0	917.0	134.0	91.0	130.0	1097.0	18.0	3.0	7.0	176.0	0.0	465.0	5.0	0.0	3.0	0.0	357.0	1112.0	36.0	0.0	0.0	35.0	61.0	164.0	0.0	351.0	0.0	1100.0	0.0	13.0	7.0	223.0	0.0	476.0	0.0	0.0	437.0	0.0	0.0	0.0	15.0	23.0	0.0	80.0	0.0	0.0	208.0	141.0	0.0	0.0	0.0	173.0	0.0	0.0	0.0	0.0	9.0	0.0	0.0	0.0	0.0	17.0	0.0	299.0	13.0	8.0	0.0	219.0	54.0	0.0	227.0	26.0	0.0	0.0	0.0	0.0	0.0	0.0	0.0	90.0	232.0	18.0	0.0	154.0	4.0	0.0	0.0	0.0	0.0	4.0	8.0	0.0	252.0	0.0	0.0	69.0	0.0	15.0	0.0	49.0	0.0	0.0	0.0	0.0	0.0	0.0	0.0	0.0	337.0	0.0	0.0	0.0	5.0	0.0	0.0	0.0	0.0	0.0	0.0	5.0	0.0	0.0	0.0	0.0	0.0	0.0	0.0	0.0	0.0	0.0	0.0	0.0	0.0	0.0	0.0	0.0	0.0	68.0	0.0	0.0	0.0	0.0	0.0	0.0	0.0	0.0	26.0	10.0	0.0	0.0	126.0	0.0	21.0	0.0	0.0	5.0	0.0	0.0	0.0	34.0	0.0	0.0	0.0	0.0	0.0	34.0	0.0	0.0	0.0	0.0	25.0	0.0	0.0	0.0	0.0	0.0	0.0	117.0	0.0	0.0	0.0	0.0	0.0	0.0	0.0	0.0	0.0	0.0	0.0	0.0	0.0	0.0	0.0	0.0	0.0	0.0	0.0	0.0	0.0	169.0	0.0	0.0	0.0	0.0	0.0	0.0	0.0	0.0	0.0	0.0	0.0	0.0	0.0	0.0	0.0	0.0	0.0	0.0	0.0	0.0	0.0	0.0	0.0	0.0	0.0	0.0	0.0	0.0	0.0	0.0	0.0	0.0	0.0	0.0	0.0	0.0	0.0	0.0	0.0	0.0	0.0	0.0	0.0	0.0	0.0	0.0	0.0	0.0	0.0	0.0	0.0	0.0	0.0	0.0	0.0	0.0	0.0	0.0	0.0	0.0	0.0	0.0	0.0	0.0	0.0	0.0	0.0	0.0	0.0	0.0	0.0	0.0	0.0	0.0	0.0	0.0	0.0	0.0	0.0	0.0	0.0	0.0	0.0	0.0	0.0	0.0	0.0	0.0	0.0	0.0	0.0	0.0	0.0	0.0	0.0	0.0	0.0	0.0
SRR21723272	905.0	66.0	2313.0	0.0	291.0	0.0	3.0	0.0	9.0	790.0	244.0	602.0	0.0	27.0	29.0	1684.0	64.0	201.0	156.0	35.0	1336.0	77.0	24.0	142.0	1848.0	388.0	69.0	314.0	3050.0	0.0	0.0	218.0	586.0	0.0	1003.0	0.0	0.0	20.0	0.0	933.0	3392.0	103.0	0.0	0.0	448.0	548.0	369.0	0.0	952.0	0.0	1777.0	0.0	54.0	0.0	485.0	2.0	1416.0	0.0	8.0	907.0	0.0	8.0	0.0	0.0	31.0	20.0	63.0	0.0	0.0	350.0	445.0	0.0	0.0	0.0	692.0	0.0	0.0	0.0	0.0	15.0	0.0	12.0	0.0	0.0	71.0	0.0	3706.0	50.0	0.0	0.0	1317.0	113.0	21.0	232.0	3.0	0.0	0.0	0.0	0.0	0.0	0.0	0.0	106.0	129.0	246.0	0.0	469.0	19.0	0.0	0.0	0.0	0.0	0.0	0.0	22.0	458.0	0.0	0.0	81.0	0.0	45.0	0.0	93.0	0.0	0.0	0.0	61.0	0.0	0.0	0.0	0.0	937.0	9.0	0.0	0.0	0.0	0.0	0.0	0.0	0.0	0.0	0.0	0.0	11.0	6.0	0.0	6.0	17.0	0.0	0.0	0.0	0.0	0.0	0.0	0.0	0.0	0.0	0.0	0.0	0.0	110.0	0.0	0.0	0.0	0.0	0.0	0.0	0.0	0.0	74.0	10.0	0.0	0.0	679.0	0.0	31.0	0.0	0.0	0.0	208.0	0.0	0.0	76.0	0.0	0.0	0.0	0.0	0.0	20.0	0.0	0.0	0.0	0.0	33.0	0.0	0.0	0.0	0.0	0.0	0.0	1033.0	0.0	0.0	0.0	0.0	0.0	0.0	0.0	0.0	4.0	0.0	0.0	0.0	0.0	0.0	0.0	0.0	0.0	0.0	0.0	0.0	0.0	512.0	0.0	0.0	0.0	90.0	0.0	0.0	0.0	12.0	0.0	0.0	0.0	0.0	0.0	0.0	0.0	0.0	0.0	0.0	0.0	0.0	0.0	0.0	0.0	0.0	0.0	0.0	0.0	0.0	0.0	0.0	0.0	0.0	0.0	0.0	0.0	0.0	0.0	0.0	0.0	0.0	0.0	0.0	0.0	0.0	0.0	0.0	0.0	0.0	0.0	0.0	0.0	0.0	0.0	0.0	0.0	0.0	31.0	0.0	0.0	0.0	5.0	0.0	0.0	0.0	0.0	0.0	0.0	0.0	0.0	0.0	0.0	0.0	0.0	0.0	0.0	0.0	0.0	0.0	0.0	0.0	0.0	0.0	0.0	0.0	0.0	0.0	0.0	0.0	0.0	0.0	0.0	0.0	0.0	0.0	0.0	0.0	0.0	0.0
SRR21723273	1495.0	134.0	1431.0	0.0	323.0	0.0	0.0	0.0	24.0	971.0	367.0	386.0	0.0	13.0	22.0	2221.0	267.0	196.0	187.0	132.0	1230.0	134.0	80.0	133.0	2210.0	277.0	169.0	558.0	3048.0	88.0	0.0	0.0	581.0	0.0	1958.0	13.0	0.0	29.0	0.0	839.0	2232.0	81.0	0.0	4.0	274.0	630.0	353.0	5.0	673.0	0.0	1128.0	0.0	11.0	0.0	583.0	2.0	927.0	0.0	0.0	652.0	0.0	13.0	6.0	19.0	18.0	37.0	178.0	0.0	2.0	395.0	475.0	0.0	0.0	5.0	391.0	14.0	0.0	5.0	0.0	0.0	0.0	8.0	0.0	0.0	56.0	2.0	494.0	122.0	28.0	0.0	1755.0	152.0	24.0	553.0	28.0	0.0	0.0	6.0	0.0	4.0	0.0	0.0	112.0	371.0	188.0	0.0	291.0	4.0	3.0	0.0	0.0	0.0	0.0	19.0	0.0	859.0	0.0	4.0	215.0	3.0	38.0	0.0	95.0	0.0	0.0	0.0	94.0	0.0	0.0	0.0	0.0	870.0	0.0	0.0	0.0	0.0	0.0	0.0	0.0	0.0	21.0	0.0	3.0	0.0	0.0	0.0	8.0	20.0	2.0	0.0	0.0	0.0	0.0	0.0	0.0	0.0	2.0	0.0	0.0	11.0	167.0	0.0	0.0	0.0	0.0	0.0	0.0	0.0	6.0	86.0	32.0	6.0	0.0	663.0	0.0	44.0	0.0	0.0	26.0	64.0	0.0	0.0	82.0	0.0	0.0	0.0	0.0	7.0	139.0	0.0	0.0	0.0	0.0	24.0	0.0	0.0	12.0	0.0	0.0	0.0	676.0	0.0	0.0	14.0	0.0	0.0	0.0	0.0	0.0	0.0	0.0	0.0	0.0	0.0	0.0	0.0	0.0	0.0	0.0	0.0	0.0	0.0	617.0	0.0	0.0	0.0	0.0	0.0	0.0	0.0	6.0	0.0	0.0	0.0	0.0	0.0	0.0	0.0	0.0	0.0	0.0	19.0	0.0	0.0	0.0	0.0	0.0	0.0	0.0	0.0	0.0	0.0	0.0	0.0	0.0	0.0	0.0	0.0	0.0	0.0	0.0	2.0	0.0	0.0	0.0	0.0	0.0	0.0	0.0	0.0	0.0	0.0	0.0	0.0	0.0	0.0	0.0	0.0	0.0	0.0	0.0	0.0	0.0	0.0	0.0	0.0	0.0	0.0	0.0	0.0	0.0	0.0	0.0	0.0	0.0	0.0	0.0	0.0	0.0	0.0	0.0	0.0	0.0	0.0	0.0	0.0	0.0	0.0	0.0	0.0	0.0	0.0	0.0	0.0	0.0	0.0	0.0	0.0	0.0	0.0	0.0
SRR21723274	819.0	124.0	1030.0	0.0	259.0	0.0	0.0	0.0	19.0	745.0	284.0	332.0	0.0	3.0	8.0	1779.0	43.0	232.0	180.0	34.0	995.0	128.0	9.0	64.0	1998.0	343.0	0.0	262.0	2379.0	52.0	0.0	55.0	614.0	0.0	1045.0	0.0	0.0	56.0	0.0	654.0	2700.0	54.0	0.0	0.0	466.0	451.0	372.0	0.0	1040.0	0.0	1340.0	0.0	10.0	8.0	305.0	0.0	1192.0	0.0	0.0	892.0	0.0	0.0	0.0	17.0	28.0	51.0	124.0	0.0	6.0	315.0	254.0	0.0	0.0	0.0	406.0	0.0	0.0	0.0	0.0	8.0	0.0	0.0	0.0	0.0	49.0	0.0	1021.0	10.0	13.0	0.0	667.0	86.0	0.0	137.0	19.0	0.0	0.0	2.0	0.0	0.0	0.0	0.0	171.0	127.0	329.0	3.0	367.0	0.0	0.0	0.0	0.0	0.0	0.0	9.0	23.0	546.0	0.0	0.0	63.0	11.0	0.0	0.0	95.0	0.0	0.0	6.0	39.0	0.0	0.0	0.0	0.0	1093.0	0.0	0.0	0.0	3.0	0.0	0.0	0.0	0.0	0.0	0.0	6.0	11.0	0.0	0.0	30.0	0.0	0.0	0.0	0.0	0.0	0.0	11.0	0.0	0.0	22.0	0.0	19.0	0.0	101.0	0.0	0.0	0.0	0.0	0.0	0.0	0.0	0.0	27.0	0.0	0.0	0.0	875.0	0.0	0.0	0.0	0.0	0.0	84.0	0.0	14.0	91.0	0.0	0.0	0.0	0.0	0.0	0.0	0.0	0.0	0.0	0.0	29.0	0.0	5.0	0.0	0.0	0.0	0.0	618.0	0.0	0.0	7.0	0.0	0.0	0.0	0.0	0.0	0.0	0.0	0.0	0.0	0.0	5.0	2.0	0.0	0.0	0.0	0.0	0.0	0.0	395.0	0.0	0.0	0.0	0.0	0.0	0.0	4.0	10.0	0.0	0.0	0.0	0.0	0.0	0.0	0.0	0.0	0.0	0.0	0.0	0.0	0.0	0.0	0.0	0.0	0.0	0.0	0.0	0.0	0.0	0.0	0.0	0.0	0.0	0.0	0.0	0.0	0.0	3.0	0.0	0.0	0.0	0.0	0.0	0.0	0.0	0.0	0.0	0.0	0.0	0.0	0.0	0.0	0.0	0.0	0.0	0.0	0.0	0.0	0.0	0.0	0.0	0.0	0.0	0.0	0.0	0.0	0.0	0.0	0.0	0.0	0.0	0.0	0.0	0.0	0.0	0.0	0.0	0.0	0.0	0.0	0.0	0.0	0.0	0.0	0.0	0.0	0.0	0.0	0.0	0.0	0.0	0.0	0.0	0.0	0.0	0.0	0.0	0.0
SRR21723275	796.0	24.0	1021.0	0.0	228.0	0.0	0.0	0.0	0.0	722.0	275.0	341.0	0.0	8.0	40.0	1454.0	70.0	180.0	128.0	28.0	1095.0	77.0	21.0	40.0	1865.0	270.0	37.0	395.0	2305.0	83.0	0.0	61.0	452.0	0.0	801.0	0.0	0.0	37.0	0.0	810.0	2265.0	55.0	0.0	0.0	242.0	384.0	330.0	6.0	674.0	0.0	1551.0	0.0	7.0	0.0	405.0	0.0	1102.0	0.0	4.0	885.0	0.0	5.0	0.0	0.0	21.0	27.0	93.0	0.0	0.0	242.0	266.0	5.0	0.0	2.0	403.0	0.0	0.0	0.0	0.0	22.0	0.0	0.0	0.0	0.0	85.0	0.0	2545.0	9.0	10.0	0.0	866.0	125.0	14.0	166.0	0.0	0.0	0.0	0.0	0.0	3.0	0.0	0.0	180.0	179.0	289.0	0.0	306.0	0.0	0.0	0.0	0.0	0.0	0.0	0.0	15.0	765.0	0.0	0.0	79.0	0.0	26.0	0.0	76.0	0.0	0.0	0.0	31.0	0.0	0.0	0.0	0.0	803.0	0.0	0.0	0.0	0.0	0.0	0.0	0.0	0.0	0.0	0.0	11.0	0.0	11.0	0.0	6.0	0.0	0.0	0.0	2.0	0.0	0.0	0.0	0.0	0.0	5.0	0.0	0.0	4.0	116.0	0.0	3.0	2.0	0.0	0.0	0.0	0.0	0.0	43.0	0.0	0.0	0.0	889.0	0.0	0.0	0.0	0.0	0.0	88.0	0.0	0.0	112.0	0.0	0.0	0.0	0.0	0.0	38.0	0.0	0.0	3.0	0.0	0.0	0.0	0.0	0.0	0.0	0.0	0.0	902.0	0.0	0.0	19.0	0.0	0.0	0.0	0.0	0.0	0.0	0.0	0.0	0.0	0.0	0.0	0.0	0.0	0.0	0.0	0.0	0.0	0.0	636.0	0.0	0.0	0.0	0.0	0.0	0.0	0.0	0.0	0.0	0.0	0.0	0.0	0.0	0.0	0.0	0.0	0.0	0.0	0.0	0.0	0.0	0.0	0.0	0.0	0.0	0.0	0.0	0.0	0.0	0.0	0.0	0.0	0.0	0.0	0.0	0.0	0.0	0.0	0.0	0.0	0.0	0.0	0.0	0.0	0.0	0.0	0.0	0.0	0.0	0.0	0.0	0.0	0.0	0.0	0.0	0.0	0.0	0.0	0.0	0.0	0.0	0.0	0.0	0.0	0.0	0.0	0.0	0.0	0.0	0.0	0.0	0.0	0.0	0.0	0.0	0.0	0.0	0.0	0.0	0.0	0.0	0.0	0.0	0.0	0.0	0.0	0.0	0.0	0.0	0.0	0.0	0.0	0.0	0.0	0.0	0.0	0.0	0.0
SRR21723276	689.0	82.0	1834.0	0.0	199.0	0.0	0.0	0.0	14.0	616.0	182.0	630.0	0.0	12.0	34.0	1002.0	55.0	76.0	180.0	45.0	1010.0	27.0	20.0	129.0	1664.0	292.0	47.0	219.0	2958.0	55.0	0.0	151.0	753.0	0.0	981.0	0.0	0.0	11.0	7.0	909.0	3660.0	82.0	12.0	0.0	409.0	565.0	133.0	5.0	1135.0	0.0	813.0	4.0	3.0	4.0	278.0	0.0	1340.0	0.0	0.0	687.0	0.0	7.0	0.0	0.0	14.0	33.0	57.0	0.0	0.0	201.0	413.0	0.0	0.0	0.0	686.0	0.0	0.0	0.0	0.0	9.0	0.0	11.0	0.0	0.0	39.0	3.0	3285.0	54.0	2.0	0.0	1530.0	105.0	24.0	206.0	7.0	0.0	0.0	0.0	0.0	0.0	0.0	0.0	102.0	136.0	558.0	2.0	432.0	0.0	0.0	0.0	0.0	0.0	0.0	17.0	10.0	500.0	0.0	2.0	62.0	0.0	52.0	0.0	35.0	0.0	0.0	0.0	86.0	0.0	0.0	0.0	0.0	909.0	5.0	0.0	0.0	0.0	0.0	0.0	0.0	0.0	5.0	0.0	2.0	0.0	0.0	0.0	14.0	15.0	4.0	0.0	0.0	0.0	0.0	0.0	0.0	0.0	18.0	0.0	0.0	0.0	78.0	0.0	13.0	0.0	0.0	0.0	0.0	3.0	0.0	80.0	7.0	35.0	0.0	778.0	0.0	0.0	0.0	0.0	2.0	135.0	0.0	0.0	41.0	0.0	0.0	0.0	0.0	0.0	45.0	0.0	0.0	0.0	0.0	13.0	0.0	0.0	0.0	0.0	0.0	0.0	1669.0	0.0	0.0	0.0	0.0	0.0	0.0	0.0	0.0	0.0	0.0	0.0	0.0	0.0	0.0	0.0	0.0	0.0	0.0	0.0	0.0	0.0	511.0	0.0	0.0	0.0	0.0	0.0	0.0	0.0	0.0	0.0	0.0	0.0	0.0	0.0	0.0	0.0	0.0	0.0	0.0	0.0	0.0	0.0	0.0	0.0	0.0	0.0	0.0	0.0	0.0	0.0	0.0	0.0	0.0	0.0	0.0	0.0	0.0	0.0	0.0	0.0	0.0	0.0	0.0	0.0	0.0	0.0	0.0	0.0	0.0	0.0	0.0	0.0	0.0	0.0	0.0	0.0	0.0	23.0	0.0	0.0	0.0	0.0	0.0	0.0	0.0	0.0	0.0	0.0	0.0	0.0	0.0	0.0	0.0	0.0	0.0	0.0	0.0	0.0	0.0	0.0	0.0	0.0	0.0	0.0	0.0	0.0	0.0	0.0	0.0	0.0	0.0	0.0	0.0	0.0	3.0	0.0	0.0	0.0	0.0
SRR21723277	894.0	301.0	2545.0	0.0	149.0	0.0	15.0	0.0	26.0	465.0	111.0	546.0	0.0	28.0	40.0	1704.0	12.0	376.0	913.0	65.0	907.0	215.0	0.0	134.0	1787.0	546.0	28.0	274.0	3394.0	21.0	0.0	45.0	1203.0	0.0	1699.0	11.0	0.0	0.0	0.0	859.0	4648.0	135.0	0.0	10.0	911.0	771.0	298.0	96.0	1821.0	0.0	570.0	4.0	85.0	13.0	390.0	0.0	2060.0	0.0	22.0	809.0	0.0	0.0	0.0	55.0	4.0	0.0	84.0	0.0	5.0	240.0	548.0	15.0	0.0	0.0	1107.0	0.0	0.0	5.0	0.0	8.0	0.0	43.0	0.0	2.0	72.0	34.0	553.0	84.0	0.0	0.0	1334.0	98.0	25.0	213.0	19.0	0.0	0.0	0.0	0.0	0.0	0.0	0.0	182.0	0.0	358.0	18.0	359.0	37.0	0.0	0.0	0.0	0.0	4.0	0.0	0.0	1213.0	0.0	3.0	281.0	23.0	46.0	0.0	34.0	0.0	0.0	0.0	83.0	0.0	0.0	0.0	0.0	767.0	0.0	0.0	0.0	13.0	0.0	0.0	0.0	0.0	0.0	3.0	8.0	5.0	7.0	0.0	96.0	0.0	4.0	0.0	0.0	0.0	0.0	12.0	0.0	0.0	78.0	0.0	0.0	15.0	36.0	22.0	6.0	0.0	0.0	0.0	0.0	0.0	0.0	52.0	0.0	0.0	0.0	708.0	9.0	0.0	0.0	43.0	0.0	126.0	0.0	19.0	37.0	0.0	0.0	0.0	0.0	0.0	16.0	0.0	0.0	0.0	2.0	21.0	0.0	37.0	74.0	0.0	0.0	140.0	616.0	0.0	0.0	0.0	0.0	0.0	0.0	0.0	0.0	0.0	0.0	0.0	0.0	0.0	0.0	0.0	0.0	0.0	0.0	0.0	0.0	0.0	213.0	0.0	0.0	0.0	0.0	0.0	0.0	0.0	0.0	0.0	0.0	0.0	0.0	5.0	0.0	0.0	0.0	2.0	0.0	19.0	0.0	0.0	0.0	0.0	0.0	0.0	0.0	0.0	0.0	2.0	0.0	0.0	0.0	0.0	12.0	0.0	0.0	0.0	0.0	0.0	0.0	0.0	0.0	0.0	0.0	2.0	0.0	0.0	0.0	0.0	0.0	0.0	0.0	0.0	0.0	0.0	0.0	0.0	0.0	0.0	0.0	0.0	0.0	0.0	0.0	0.0	0.0	0.0	0.0	0.0	0.0	0.0	0.0	0.0	0.0	0.0	0.0	0.0	0.0	0.0	0.0	0.0	0.0	0.0	0.0	0.0	0.0	0.0	0.0	0.0	0.0	0.0	0.0	0.0	0.0	0.0	0.0	0.0	0.0
SRR21723278	1338.0	159.0	1385.0	0.0	190.0	0.0	0.0	0.0	14.0	889.0	162.0	409.0	11.0	21.0	18.0	1642.0	156.0	48.0	131.0	88.0	1254.0	76.0	113.0	43.0	1763.0	151.0	72.0	248.0	3724.0	139.0	0.0	76.0	529.0	0.0	2000.0	3.0	0.0	19.0	2.0	620.0	2962.0	52.0	0.0	0.0	293.0	534.0	139.0	0.0	964.0	0.0	762.0	0.0	28.0	5.0	290.0	0.0	1323.0	0.0	9.0	598.0	0.0	0.0	0.0	9.0	0.0	0.0	93.0	0.0	0.0	248.0	310.0	4.0	4.0	3.0	616.0	0.0	0.0	0.0	0.0	27.0	0.0	0.0	0.0	0.0	36.0	0.0	4216.0	87.0	8.0	0.0	2364.0	107.0	0.0	460.0	16.0	0.0	0.0	0.0	0.0	0.0	0.0	0.0	76.0	347.0	196.0	0.0	427.0	10.0	6.0	0.0	0.0	0.0	0.0	0.0	0.0	739.0	0.0	0.0	208.0	0.0	26.0	0.0	28.0	4.0	0.0	0.0	88.0	0.0	0.0	0.0	0.0	1041.0	6.0	0.0	0.0	2.0	0.0	0.0	0.0	0.0	20.0	0.0	4.0	0.0	0.0	0.0	2.0	0.0	0.0	0.0	0.0	0.0	4.0	9.0	0.0	0.0	4.0	0.0	0.0	7.0	133.0	0.0	0.0	0.0	0.0	0.0	0.0	0.0	0.0	179.0	25.0	0.0	0.0	356.0	0.0	0.0	0.0	0.0	0.0	0.0	0.0	0.0	35.0	0.0	0.0	0.0	0.0	0.0	79.0	0.0	0.0	0.0	0.0	0.0	0.0	0.0	0.0	0.0	0.0	0.0	901.0	0.0	0.0	0.0	0.0	0.0	0.0	0.0	0.0	0.0	0.0	0.0	0.0	0.0	2.0	0.0	0.0	0.0	0.0	0.0	0.0	0.0	595.0	0.0	0.0	0.0	0.0	0.0	0.0	0.0	0.0	0.0	0.0	0.0	0.0	0.0	0.0	0.0	0.0	0.0	0.0	0.0	0.0	0.0	0.0	0.0	0.0	0.0	2.0	0.0	0.0	0.0	0.0	0.0	0.0	0.0	0.0	0.0	0.0	0.0	0.0	0.0	0.0	0.0	0.0	0.0	0.0	0.0	0.0	0.0	0.0	0.0	0.0	0.0	0.0	0.0	0.0	0.0	0.0	0.0	0.0	0.0	0.0	0.0	0.0	0.0	0.0	0.0	0.0	0.0	0.0	0.0	0.0	0.0	0.0	0.0	0.0	0.0	0.0	0.0	0.0	0.0	0.0	0.0	0.0	0.0	0.0	0.0	0.0	0.0	0.0	0.0	0.0	0.0	0.0	0.0	0.0	0.0	0.0	0.0	0.0
SRR21723279	1241.0	131.0	2451.0	0.0	179.0	0.0	0.0	0.0	37.0	925.0	247.0	259.0	0.0	38.0	57.0	1602.0	36.0	173.0	277.0	0.0	852.0	112.0	5.0	35.0	1644.0	292.0	72.0	280.0	2744.0	58.0	0.0	26.0	965.0	0.0	782.0	11.0	0.0	22.0	7.0	1161.0	4827.0	89.0	0.0	0.0	184.0	578.0	224.0	0.0	1094.0	0.0	874.0	0.0	13.0	3.0	518.0	0.0	1644.0	2.0	0.0	1068.0	0.0	6.0	0.0	36.0	25.0	4.0	48.0	0.0	11.0	335.0	354.0	18.0	0.0	0.0	622.0	0.0	0.0	0.0	0.0	22.0	0.0	7.0	0.0	0.0	240.0	10.0	1280.0	49.0	16.0	0.0	1368.0	174.0	27.0	205.0	29.0	0.0	0.0	0.0	0.0	4.0	0.0	0.0	125.0	95.0	290.0	5.0	379.0	0.0	7.0	0.0	0.0	0.0	0.0	0.0	0.0	1702.0	0.0	0.0	138.0	0.0	36.0	0.0	136.0	0.0	0.0	0.0	8.0	0.0	0.0	0.0	0.0	1077.0	16.0	0.0	0.0	0.0	0.0	0.0	0.0	0.0	0.0	0.0	0.0	11.0	7.0	0.0	55.0	0.0	0.0	0.0	0.0	0.0	0.0	9.0	0.0	0.0	21.0	0.0	0.0	6.0	58.0	0.0	3.0	0.0	0.0	0.0	0.0	0.0	0.0	41.0	0.0	0.0	0.0	735.0	3.0	14.0	0.0	0.0	0.0	84.0	0.0	20.0	87.0	0.0	0.0	0.0	0.0	0.0	79.0	0.0	0.0	0.0	0.0	18.0	0.0	22.0	0.0	0.0	0.0	31.0	572.0	0.0	0.0	0.0	0.0	0.0	0.0	0.0	0.0	0.0	0.0	0.0	0.0	0.0	0.0	0.0	0.0	0.0	0.0	0.0	0.0	0.0	578.0	0.0	0.0	0.0	0.0	0.0	0.0	9.0	0.0	0.0	0.0	0.0	0.0	16.0	0.0	2.0	0.0	0.0	0.0	0.0	0.0	3.0	0.0	0.0	0.0	0.0	0.0	0.0	0.0	0.0	0.0	4.0	0.0	3.0	0.0	0.0	0.0	0.0	0.0	0.0	0.0	0.0	0.0	0.0	0.0	0.0	0.0	0.0	0.0	0.0	0.0	0.0	0.0	0.0	0.0	0.0	0.0	0.0	0.0	0.0	0.0	0.0	0.0	0.0	0.0	0.0	0.0	0.0	0.0	0.0	0.0	0.0	0.0	0.0	0.0	0.0	0.0	0.0	0.0	0.0	0.0	0.0	0.0	0.0	0.0	0.0	0.0	0.0	0.0	0.0	0.0	0.0	0.0	0.0	0.0	0.0	0.0	0.0	0.0
SRR21723280	1848.0	177.0	1930.0	0.0	86.0	0.0	3.0	0.0	31.0	920.0	326.0	404.0	0.0	47.0	24.0	2305.0	45.0	487.0	487.0	57.0	1024.0	339.0	48.0	142.0	2220.0	504.0	134.0	364.0	3269.0	0.0	0.0	5.0	659.0	0.0	1907.0	0.0	0.0	72.0	3.0	1137.0	5313.0	94.0	20.0	66.0	622.0	673.0	285.0	24.0	1713.0	0.0	760.0	0.0	75.0	5.0	479.0	0.0	1396.0	0.0	9.0	919.0	0.0	7.0	0.0	0.0	40.0	26.0	125.0	0.0	26.0	557.0	479.0	13.0	17.0	0.0	770.0	0.0	0.0	0.0	0.0	28.0	3.0	2.0	0.0	0.0	46.0	20.0	670.0	102.0	10.0	0.0	989.0	187.0	36.0	320.0	18.0	0.0	0.0	0.0	0.0	0.0	0.0	0.0	168.0	166.0	258.0	12.0	304.0	37.0	26.0	0.0	0.0	0.0	6.0	20.0	24.0	628.0	4.0	0.0	428.0	58.0	44.0	0.0	101.0	2.0	0.0	0.0	136.0	0.0	0.0	21.0	0.0	1387.0	14.0	0.0	0.0	19.0	0.0	0.0	0.0	0.0	6.0	0.0	31.0	22.0	0.0	0.0	101.0	27.0	4.0	0.0	0.0	0.0	0.0	40.0	0.0	0.0	121.0	0.0	12.0	6.0	184.0	14.0	0.0	0.0	0.0	0.0	0.0	0.0	25.0	31.0	7.0	11.0	0.0	362.0	13.0	0.0	0.0	0.0	0.0	46.0	0.0	14.0	0.0	0.0	0.0	0.0	0.0	0.0	0.0	0.0	0.0	0.0	0.0	0.0	0.0	50.0	26.0	0.0	0.0	53.0	403.0	0.0	0.0	0.0	0.0	0.0	0.0	0.0	0.0	8.0	0.0	0.0	0.0	0.0	0.0	2.0	0.0	0.0	0.0	0.0	0.0	0.0	286.0	0.0	0.0	0.0	0.0	0.0	0.0	0.0	15.0	0.0	0.0	0.0	0.0	9.0	0.0	0.0	0.0	0.0	0.0	0.0	0.0	0.0	0.0	0.0	0.0	0.0	0.0	0.0	0.0	0.0	0.0	2.0	0.0	0.0	0.0	0.0	0.0	0.0	0.0	0.0	0.0	0.0	0.0	0.0	0.0	0.0	0.0	0.0	0.0	0.0	0.0	0.0	0.0	0.0	0.0	0.0	0.0	0.0	0.0	0.0	0.0	0.0	0.0	0.0	0.0	0.0	0.0	0.0	0.0	0.0	0.0	0.0	0.0	0.0	0.0	0.0	0.0	0.0	0.0	0.0	0.0	0.0	0.0	0.0	0.0	0.0	3.0	2.0	0.0	0.0	0.0	0.0	0.0	0.0	0.0	0.0	0.0	0.0	0.0
SRR21723281	758.0	149.0	1685.0	0.0	139.0	0.0	0.0	0.0	0.0	924.0	296.0	352.0	6.0	40.0	26.0	1339.0	140.0	57.0	116.0	48.0	786.0	74.0	43.0	49.0	1506.0	266.0	113.0	418.0	3698.0	103.0	0.0	140.0	518.0	0.0	1373.0	2.0	0.0	19.0	0.0	761.0	3135.0	83.0	27.0	0.0	462.0	549.0	102.0	0.0	711.0	0.0	1068.0	0.0	2.0	3.0	329.0	0.0	1197.0	0.0	0.0	494.0	0.0	0.0	0.0	11.0	18.0	0.0	66.0	0.0	0.0	252.0	405.0	0.0	0.0	0.0	745.0	0.0	0.0	0.0	0.0	11.0	0.0	9.0	0.0	0.0	38.0	7.0	3181.0	77.0	0.0	0.0	1586.0	90.0	0.0	380.0	16.0	0.0	0.0	0.0	0.0	3.0	0.0	4.0	79.0	240.0	429.0	0.0	331.0	21.0	3.0	0.0	0.0	0.0	3.0	0.0	0.0	439.0	0.0	0.0	198.0	0.0	46.0	0.0	65.0	0.0	0.0	0.0	55.0	0.0	0.0	0.0	0.0	688.0	0.0	0.0	0.0	3.0	0.0	0.0	0.0	0.0	27.0	0.0	10.0	0.0	0.0	0.0	13.0	0.0	0.0	0.0	0.0	0.0	0.0	0.0	0.0	0.0	0.0	0.0	7.0	13.0	137.0	0.0	0.0	0.0	0.0	0.0	0.0	0.0	0.0	52.0	11.0	0.0	0.0	502.0	3.0	6.0	0.0	0.0	0.0	46.0	0.0	0.0	46.0	0.0	0.0	0.0	0.0	0.0	80.0	0.0	0.0	0.0	0.0	0.0	0.0	0.0	0.0	0.0	0.0	0.0	1765.0	0.0	0.0	0.0	0.0	0.0	0.0	0.0	0.0	0.0	0.0	0.0	0.0	0.0	0.0	0.0	0.0	0.0	0.0	0.0	0.0	0.0	392.0	0.0	0.0	0.0	0.0	0.0	0.0	0.0	0.0	0.0	0.0	0.0	0.0	0.0	0.0	0.0	2.0	0.0	0.0	0.0	0.0	0.0	0.0	0.0	0.0	0.0	0.0	0.0	0.0	0.0	0.0	0.0	0.0	0.0	0.0	0.0	0.0	0.0	0.0	0.0	0.0	0.0	0.0	0.0	0.0	0.0	0.0	0.0	0.0	0.0	0.0	0.0	0.0	0.0	0.0	0.0	0.0	9.0	0.0	0.0	0.0	0.0	0.0	0.0	0.0	0.0	0.0	0.0	0.0	0.0	0.0	0.0	0.0	0.0	0.0	0.0	0.0	0.0	0.0	0.0	0.0	0.0	0.0	0.0	0.0	0.0	0.0	0.0	0.0	0.0	0.0	0.0	0.0	0.0	0.0	0.0	0.0	0.0	0.0
SRR21723282	704.0	46.0	376.0	0.0	32.0	0.0	0.0	0.0	6.0	162.0	143.0	44.0	0.0	3.0	6.0	1345.0	98.0	60.0	201.0	49.0	268.0	100.0	0.0	36.0	1076.0	143.0	3.0	95.0	1328.0	58.0	0.0	0.0	172.0	0.0	285.0	19.0	0.0	113.0	0.0	194.0	2056.0	39.0	0.0	5.0	291.0	214.0	187.0	0.0	334.0	0.0	559.0	2.0	4.0	0.0	241.0	0.0	292.0	0.0	0.0	482.0	0.0	0.0	0.0	0.0	14.0	23.0	41.0	0.0	0.0	197.0	180.0	0.0	0.0	0.0	306.0	0.0	0.0	0.0	0.0	13.0	0.0	0.0	0.0	0.0	38.0	0.0	428.0	0.0	0.0	0.0	455.0	0.0	0.0	222.0	12.0	0.0	0.0	0.0	0.0	0.0	0.0	0.0	40.0	308.0	231.0	0.0	36.0	0.0	0.0	0.0	0.0	0.0	0.0	0.0	0.0	353.0	0.0	0.0	61.0	38.0	0.0	0.0	28.0	0.0	0.0	0.0	44.0	0.0	0.0	0.0	0.0	223.0	0.0	0.0	0.0	5.0	0.0	0.0	0.0	0.0	7.0	0.0	0.0	0.0	0.0	0.0	0.0	0.0	0.0	0.0	0.0	0.0	0.0	0.0	0.0	0.0	0.0	0.0	0.0	0.0	0.0	0.0	0.0	0.0	0.0	0.0	0.0	0.0	0.0	0.0	0.0	0.0	0.0	200.0	0.0	0.0	0.0	0.0	0.0	0.0	0.0	0.0	0.0	0.0	0.0	0.0	0.0	0.0	0.0	0.0	0.0	0.0	0.0	24.0	0.0	0.0	0.0	0.0	0.0	0.0	238.0	0.0	0.0	0.0	0.0	0.0	0.0	0.0	0.0	0.0	0.0	0.0	0.0	0.0	0.0	0.0	0.0	0.0	0.0	0.0	0.0	0.0	163.0	0.0	0.0	0.0	0.0	0.0	0.0	0.0	0.0	0.0	0.0	0.0	0.0	0.0	0.0	0.0	0.0	0.0	0.0	0.0	0.0	0.0	0.0	0.0	0.0	0.0	0.0	0.0	0.0	0.0	0.0	0.0	0.0	0.0	0.0	0.0	0.0	0.0	0.0	0.0	0.0	0.0	0.0	0.0	0.0	0.0	0.0	0.0	0.0	0.0	0.0	0.0	0.0	0.0	0.0	0.0	0.0	0.0	0.0	0.0	0.0	0.0	0.0	0.0	0.0	0.0	0.0	0.0	0.0	0.0	0.0	0.0	0.0	0.0	0.0	0.0	0.0	0.0	0.0	0.0	0.0	0.0	0.0	0.0	0.0	0.0	0.0	0.0	0.0	0.0	0.0	0.0	0.0	0.0	0.0	0.0	0.0	0.0	0.0
SRR21723283	179.0	48.0	666.0	0.0	40.0	0.0	4.0	0.0	9.0	838.0	47.0	38.0	0.0	12.0	4.0	940.0	0.0	21.0	60.0	0.0	199.0	7.0	10.0	40.0	467.0	0.0	11.0	16.0	1124.0	33.0	0.0	3.0	193.0	0.0	336.0	0.0	0.0	33.0	0.0	190.0	837.0	23.0	0.0	0.0	30.0	124.0	26.0	0.0	79.0	0.0	157.0	0.0	5.0	0.0	87.0	0.0	315.0	2.0	0.0	358.0	0.0	0.0	0.0	0.0	5.0	22.0	3.0	0.0	0.0	46.0	85.0	0.0	0.0	0.0	416.0	0.0	0.0	4.0	0.0	0.0	0.0	3.0	0.0	0.0	170.0	0.0	51.0	105.0	4.0	0.0	711.0	29.0	0.0	126.0	6.0	0.0	0.0	0.0	0.0	0.0	0.0	0.0	123.0	34.0	76.0	0.0	0.0	0.0	0.0	0.0	0.0	0.0	0.0	0.0	0.0	263.0	0.0	0.0	335.0	0.0	0.0	0.0	9.0	0.0	0.0	0.0	0.0	0.0	0.0	0.0	0.0	197.0	0.0	0.0	0.0	0.0	0.0	0.0	0.0	0.0	0.0	2.0	0.0	0.0	0.0	2.0	0.0	0.0	0.0	0.0	0.0	0.0	0.0	0.0	0.0	0.0	2.0	0.0	0.0	0.0	0.0	0.0	0.0	3.0	0.0	0.0	0.0	0.0	0.0	0.0	0.0	0.0	0.0	185.0	0.0	41.0	0.0	0.0	0.0	0.0	0.0	0.0	12.0	0.0	0.0	0.0	0.0	0.0	42.0	0.0	0.0	6.0	0.0	0.0	0.0	0.0	125.0	0.0	0.0	0.0	165.0	0.0	0.0	0.0	0.0	0.0	0.0	0.0	0.0	0.0	0.0	0.0	0.0	0.0	0.0	0.0	0.0	0.0	0.0	0.0	0.0	0.0	170.0	0.0	0.0	0.0	0.0	0.0	0.0	0.0	0.0	0.0	0.0	0.0	0.0	0.0	0.0	0.0	0.0	0.0	0.0	0.0	0.0	0.0	0.0	0.0	0.0	0.0	0.0	0.0	0.0	0.0	0.0	0.0	0.0	0.0	0.0	0.0	0.0	0.0	0.0	0.0	0.0	0.0	0.0	0.0	0.0	0.0	0.0	0.0	0.0	0.0	0.0	0.0	0.0	0.0	0.0	0.0	0.0	0.0	0.0	0.0	0.0	0.0	0.0	0.0	0.0	0.0	0.0	0.0	0.0	0.0	0.0	0.0	0.0	0.0	0.0	0.0	0.0	0.0	0.0	0.0	0.0	0.0	0.0	0.0	0.0	0.0	0.0	0.0	0.0	0.0	0.0	0.0	0.0	0.0	0.0	0.0	0.0	0.0	0.0
SRR21723284	724.0	24.0	964.0	0.0	194.0	0.0	0.0	0.0	73.0	506.0	103.0	166.0	0.0	11.0	7.0	957.0	128.0	0.0	60.0	63.0	502.0	62.0	2.0	27.0	791.0	251.0	75.0	312.0	2214.0	0.0	4.0	47.0	274.0	0.0	998.0	0.0	0.0	0.0	0.0	452.0	1952.0	14.0	0.0	0.0	137.0	408.0	118.0	0.0	458.0	0.0	583.0	12.0	25.0	0.0	312.0	0.0	701.0	0.0	0.0	386.0	0.0	0.0	2.0	7.0	6.0	9.0	38.0	0.0	0.0	176.0	51.0	5.0	0.0	0.0	376.0	0.0	0.0	0.0	0.0	2.0	0.0	0.0	0.0	0.0	19.0	3.0	333.0	47.0	7.0	0.0	955.0	106.0	23.0	217.0	13.0	0.0	0.0	2.0	0.0	0.0	0.0	0.0	59.0	168.0	89.0	0.0	258.0	0.0	5.0	0.0	0.0	0.0	0.0	0.0	20.0	381.0	0.0	0.0	83.0	0.0	24.0	0.0	49.0	0.0	0.0	0.0	0.0	0.0	0.0	0.0	0.0	367.0	0.0	0.0	0.0	0.0	0.0	0.0	0.0	0.0	0.0	0.0	0.0	0.0	2.0	0.0	0.0	0.0	0.0	0.0	0.0	0.0	0.0	0.0	0.0	0.0	0.0	0.0	0.0	0.0	120.0	0.0	2.0	0.0	0.0	0.0	0.0	0.0	0.0	38.0	0.0	7.0	0.0	150.0	0.0	22.0	0.0	0.0	0.0	0.0	0.0	0.0	36.0	0.0	0.0	0.0	0.0	0.0	72.0	0.0	0.0	0.0	0.0	0.0	0.0	0.0	15.0	0.0	0.0	0.0	307.0	0.0	0.0	10.0	0.0	0.0	0.0	0.0	0.0	0.0	0.0	0.0	0.0	0.0	0.0	0.0	0.0	0.0	0.0	0.0	0.0	0.0	271.0	0.0	0.0	0.0	0.0	0.0	0.0	0.0	0.0	0.0	0.0	0.0	0.0	0.0	0.0	0.0	0.0	0.0	0.0	0.0	0.0	0.0	0.0	0.0	0.0	0.0	0.0	0.0	0.0	0.0	0.0	0.0	0.0	0.0	0.0	0.0	0.0	0.0	0.0	0.0	0.0	0.0	0.0	0.0	0.0	0.0	0.0	0.0	0.0	0.0	3.0	0.0	0.0	0.0	0.0	0.0	0.0	0.0	0.0	0.0	0.0	0.0	0.0	0.0	0.0	0.0	0.0	0.0	0.0	0.0	0.0	0.0	0.0	0.0	0.0	0.0	0.0	0.0	0.0	0.0	0.0	0.0	0.0	0.0	0.0	0.0	0.0	0.0	0.0	0.0	0.0	0.0	0.0	0.0	0.0	0.0	0.0	0.0	0.0
SRR21723285	283.0	65.0	670.0	0.0	65.0	0.0	0.0	0.0	14.0	999.0	17.0	69.0	0.0	2.0	13.0	1261.0	16.0	37.0	39.0	0.0	299.0	38.0	0.0	0.0	690.0	108.0	17.0	44.0	1621.0	0.0	0.0	7.0	175.0	0.0	492.0	0.0	0.0	28.0	0.0	326.0	1208.0	19.0	0.0	0.0	38.0	70.0	71.0	0.0	237.0	0.0	441.0	0.0	0.0	0.0	189.0	0.0	525.0	0.0	0.0	315.0	0.0	0.0	0.0	3.0	11.0	0.0	45.0	0.0	3.0	104.0	187.0	0.0	0.0	0.0	612.0	0.0	0.0	0.0	0.0	0.0	0.0	0.0	0.0	0.0	45.0	0.0	141.0	55.0	4.0	0.0	613.0	41.0	0.0	233.0	3.0	0.0	0.0	0.0	0.0	0.0	0.0	0.0	109.0	13.0	63.0	0.0	185.0	0.0	0.0	0.0	0.0	0.0	0.0	0.0	0.0	231.0	0.0	0.0	107.0	0.0	0.0	0.0	8.0	2.0	0.0	0.0	0.0	0.0	0.0	2.0	0.0	145.0	0.0	0.0	0.0	0.0	0.0	0.0	0.0	0.0	0.0	0.0	0.0	0.0	7.0	0.0	0.0	3.0	0.0	0.0	0.0	0.0	0.0	4.0	0.0	0.0	0.0	0.0	0.0	0.0	0.0	0.0	0.0	0.0	0.0	4.0	0.0	0.0	0.0	58.0	5.0	0.0	0.0	419.0	5.0	24.0	0.0	0.0	0.0	0.0	0.0	0.0	39.0	0.0	0.0	0.0	0.0	0.0	0.0	0.0	0.0	0.0	0.0	23.0	0.0	0.0	27.0	0.0	0.0	0.0	206.0	0.0	0.0	0.0	0.0	0.0	0.0	0.0	0.0	0.0	0.0	0.0	0.0	0.0	0.0	0.0	0.0	0.0	0.0	0.0	0.0	0.0	305.0	0.0	0.0	0.0	0.0	0.0	0.0	0.0	0.0	0.0	0.0	0.0	0.0	0.0	0.0	0.0	0.0	0.0	0.0	0.0	0.0	0.0	0.0	0.0	0.0	0.0	0.0	0.0	0.0	0.0	0.0	0.0	0.0	0.0	0.0	0.0	0.0	0.0	0.0	0.0	0.0	0.0	0.0	0.0	0.0	0.0	0.0	0.0	0.0	0.0	0.0	0.0	0.0	0.0	0.0	0.0	0.0	0.0	0.0	0.0	0.0	0.0	0.0	0.0	0.0	0.0	0.0	0.0	0.0	0.0	0.0	0.0	0.0	0.0	0.0	0.0	0.0	0.0	0.0	0.0	0.0	0.0	0.0	0.0	0.0	0.0	0.0	0.0	0.0	0.0	0.0	0.0	0.0	0.0	0.0	0.0	0.0	0.0	0.0
SRR21723315	857.0	112.0	2443.0	0.0	148.0	0.0	5.0	0.0	86.0	365.0	143.0	172.0	0.0	14.0	14.0	1695.0	62.0	90.0	128.0	28.0	768.0	55.0	7.0	0.0	1165.0	267.0	80.0	245.0	1898.0	20.0	0.0	7.0	746.0	3.0	806.0	4.0	0.0	0.0	0.0	854.0	3866.0	82.0	0.0	0.0	115.0	695.0	223.0	0.0	495.0	5.0	868.0	25.0	42.0	3.0	770.0	0.0	1303.0	0.0	2.0	1006.0	0.0	3.0	3.0	46.0	14.0	4.0	67.0	0.0	0.0	271.0	431.0	12.0	0.0	0.0	406.0	0.0	0.0	0.0	0.0	0.0	0.0	29.0	0.0	0.0	140.0	0.0	278.0	0.0	0.0	0.0	961.0	115.0	0.0	320.0	35.0	0.0	0.0	0.0	0.0	0.0	0.0	0.0	122.0	94.0	163.0	0.0	196.0	0.0	2.0	0.0	0.0	0.0	0.0	0.0	0.0	2403.0	0.0	0.0	188.0	0.0	36.0	0.0	47.0	0.0	0.0	0.0	26.0	0.0	0.0	0.0	0.0	686.0	0.0	0.0	0.0	3.0	0.0	0.0	0.0	0.0	0.0	0.0	0.0	0.0	11.0	0.0	2.0	0.0	0.0	5.0	0.0	0.0	0.0	0.0	0.0	0.0	0.0	0.0	0.0	0.0	26.0	0.0	0.0	0.0	0.0	0.0	0.0	0.0	0.0	48.0	0.0	0.0	0.0	506.0	0.0	67.0	0.0	0.0	0.0	115.0	0.0	0.0	0.0	0.0	0.0	0.0	0.0	0.0	0.0	0.0	0.0	0.0	0.0	0.0	0.0	0.0	0.0	0.0	0.0	128.0	497.0	0.0	0.0	0.0	0.0	0.0	0.0	0.0	0.0	0.0	0.0	0.0	0.0	0.0	0.0	0.0	0.0	0.0	0.0	0.0	0.0	0.0	325.0	0.0	0.0	0.0	0.0	0.0	0.0	0.0	39.0	0.0	0.0	0.0	0.0	0.0	0.0	0.0	0.0	0.0	0.0	0.0	0.0	0.0	0.0	0.0	0.0	0.0	0.0	0.0	0.0	0.0	0.0	0.0	0.0	0.0	0.0	0.0	0.0	0.0	0.0	0.0	0.0	0.0	0.0	0.0	0.0	0.0	0.0	0.0	0.0	0.0	0.0	0.0	0.0	0.0	0.0	0.0	0.0	0.0	0.0	0.0	0.0	0.0	0.0	0.0	0.0	0.0	0.0	0.0	0.0	0.0	0.0	0.0	0.0	0.0	0.0	0.0	0.0	0.0	0.0	0.0	0.0	0.0	0.0	0.0	0.0	0.0	0.0	0.0	0.0	0.0	0.0	0.0	0.0	0.0	0.0	0.0	0.0	0.0	0.0
SRR21723316	499.0	45.0	692.0	0.0	224.0	0.0	0.0	0.0	0.0	467.0	171.0	129.0	0.0	25.0	25.0	980.0	59.0	83.0	83.0	24.0	378.0	112.0	0.0	7.0	1124.0	147.0	67.0	267.0	1326.0	40.0	0.0	0.0	285.0	0.0	354.0	3.0	0.0	5.0	0.0	329.0	1360.0	8.0	0.0	0.0	138.0	514.0	121.0	2.0	366.0	0.0	934.0	0.0	0.0	3.0	339.0	0.0	437.0	0.0	6.0	394.0	0.0	0.0	0.0	0.0	3.0	4.0	53.0	0.0	0.0	145.0	59.0	5.0	4.0	0.0	309.0	0.0	0.0	0.0	0.0	2.0	0.0	0.0	0.0	0.0	26.0	0.0	317.0	10.0	3.0	0.0	420.0	47.0	0.0	212.0	10.0	0.0	0.0	0.0	0.0	4.0	0.0	0.0	96.0	154.0	93.0	2.0	148.0	0.0	0.0	0.0	0.0	0.0	0.0	5.0	13.0	157.0	0.0	0.0	80.0	0.0	23.0	0.0	37.0	0.0	0.0	0.0	30.0	0.0	0.0	0.0	3.0	329.0	0.0	0.0	0.0	0.0	0.0	0.0	0.0	0.0	0.0	0.0	3.0	0.0	0.0	0.0	0.0	3.0	0.0	0.0	0.0	0.0	0.0	5.0	0.0	0.0	5.0	0.0	0.0	0.0	38.0	0.0	0.0	0.0	0.0	0.0	0.0	0.0	0.0	30.0	0.0	5.0	0.0	797.0	0.0	14.0	0.0	0.0	10.0	16.0	0.0	0.0	41.0	0.0	0.0	0.0	0.0	3.0	0.0	0.0	0.0	0.0	0.0	0.0	0.0	0.0	0.0	0.0	0.0	0.0	202.0	0.0	0.0	14.0	0.0	0.0	0.0	0.0	0.0	0.0	0.0	0.0	0.0	0.0	0.0	0.0	0.0	0.0	0.0	0.0	0.0	0.0	225.0	0.0	0.0	0.0	0.0	0.0	0.0	0.0	0.0	0.0	0.0	0.0	2.0	0.0	0.0	0.0	0.0	0.0	0.0	0.0	0.0	0.0	0.0	0.0	0.0	0.0	0.0	0.0	2.0	0.0	0.0	0.0	0.0	0.0	0.0	0.0	0.0	0.0	0.0	0.0	0.0	0.0	0.0	0.0	0.0	0.0	0.0	0.0	0.0	0.0	0.0	0.0	0.0	0.0	0.0	0.0	0.0	0.0	0.0	0.0	0.0	0.0	0.0	0.0	0.0	0.0	0.0	0.0	0.0	0.0	0.0	0.0	0.0	0.0	0.0	0.0	0.0	0.0	0.0	0.0	0.0	0.0	0.0	0.0	0.0	0.0	0.0	0.0	0.0	0.0	0.0	0.0	0.0	0.0	0.0	0.0	0.0	0.0	0.0
SRR21723317	56.0	66.0	936.0	0.0	154.0	0.0	0.0	0.0	0.0	83.0	18.0	173.0	0.0	0.0	33.0	30.0	15.0	0.0	126.0	0.0	554.0	4.0	2.0	184.0	654.0	61.0	10.0	24.0	2014.0	64.0	0.0	230.0	2688.0	0.0	262.0	0.0	0.0	775.0	0.0	125.0	2742.0	0.0	0.0	0.0	2050.0	826.0	13.0	0.0	1140.0	0.0	17.0	0.0	6.0	8.0	160.0	0.0	163.0	0.0	8.0	474.0	0.0	20.0	0.0	0.0	2.0	11.0	4.0	0.0	0.0	27.0	419.0	3.0	0.0	0.0	327.0	0.0	0.0	0.0	0.0	12.0	0.0	109.0	0.0	0.0	90.0	0.0	16652.0	33.0	0.0	0.0	4921.0	27.0	0.0	0.0	0.0	0.0	0.0	0.0	0.0	0.0	0.0	0.0	15.0	3.0	483.0	0.0	198.0	11.0	0.0	0.0	0.0	0.0	0.0	0.0	5.0	2331.0	0.0	0.0	43.0	0.0	18.0	0.0	5.0	0.0	0.0	0.0	17.0	0.0	0.0	278.0	0.0	689.0	0.0	0.0	0.0	0.0	0.0	0.0	0.0	0.0	0.0	0.0	0.0	10.0	7.0	0.0	193.0	0.0	0.0	0.0	0.0	0.0	0.0	0.0	0.0	0.0	0.0	0.0	8.0	0.0	0.0	0.0	0.0	6.0	0.0	0.0	0.0	0.0	0.0	105.0	0.0	0.0	0.0	3651.0	0.0	0.0	0.0	0.0	11.0	36.0	0.0	0.0	0.0	0.0	0.0	0.0	0.0	0.0	15.0	0.0	0.0	0.0	0.0	0.0	0.0	25.0	102.0	0.0	0.0	0.0	1290.0	0.0	0.0	0.0	0.0	0.0	0.0	0.0	0.0	0.0	0.0	0.0	0.0	0.0	0.0	0.0	0.0	0.0	0.0	0.0	0.0	0.0	699.0	0.0	0.0	0.0	0.0	0.0	0.0	0.0	0.0	0.0	0.0	0.0	0.0	13.0	0.0	0.0	0.0	0.0	0.0	0.0	0.0	0.0	0.0	0.0	0.0	0.0	0.0	0.0	0.0	0.0	0.0	0.0	0.0	0.0	0.0	0.0	0.0	0.0	0.0	0.0	0.0	0.0	0.0	0.0	0.0	0.0	0.0	0.0	0.0	0.0	0.0	0.0	0.0	0.0	0.0	0.0	0.0	9.0	0.0	0.0	0.0	0.0	0.0	0.0	0.0	0.0	0.0	0.0	0.0	0.0	0.0	0.0	0.0	0.0	0.0	0.0	0.0	0.0	0.0	0.0	0.0	0.0	0.0	0.0	0.0	0.0	0.0	0.0	0.0	0.0	0.0	0.0	0.0	0.0	0.0	0.0	0.0	0.0	0.0
SRR21723318	15.0	254.0	1685.0	0.0	71.0	0.0	0.0	0.0	5.0	163.0	5.0	171.0	0.0	0.0	14.0	31.0	0.0	9.0	446.0	0.0	857.0	0.0	12.0	143.0	1348.0	56.0	0.0	4.0	2334.0	127.0	4.0	19.0	331.0	0.0	277.0	31.0	0.0	5719.0	0.0	33.0	2457.0	22.0	365.0	0.0	5885.0	2032.0	11.0	20.0	935.0	0.0	0.0	0.0	4.0	3.0	32.0	0.0	44.0	0.0	0.0	79.0	0.0	70.0	0.0	8.0	0.0	0.0	0.0	0.0	0.0	0.0	555.0	0.0	0.0	0.0	506.0	0.0	10.0	0.0	0.0	0.0	0.0	11.0	0.0	0.0	0.0	10.0	11461.0	554.0	0.0	0.0	5221.0	28.0	0.0	25.0	0.0	0.0	0.0	0.0	0.0	0.0	0.0	0.0	0.0	49.0	726.0	0.0	24.0	0.0	0.0	0.0	0.0	0.0	7.0	0.0	0.0	1462.0	0.0	0.0	0.0	0.0	0.0	0.0	0.0	0.0	0.0	8.0	22.0	0.0	0.0	24.0	0.0	155.0	0.0	0.0	0.0	0.0	0.0	0.0	0.0	0.0	0.0	0.0	54.0	0.0	27.0	0.0	28.0	6.0	0.0	0.0	0.0	0.0	0.0	0.0	0.0	0.0	19.0	0.0	30.0	0.0	0.0	0.0	0.0	0.0	0.0	0.0	0.0	0.0	288.0	174.0	0.0	0.0	0.0	1933.0	0.0	0.0	0.0	0.0	0.0	18.0	0.0	0.0	0.0	0.0	0.0	0.0	0.0	0.0	0.0	0.0	0.0	0.0	0.0	0.0	0.0	0.0	63.0	0.0	0.0	0.0	412.0	0.0	0.0	0.0	0.0	0.0	0.0	0.0	0.0	0.0	0.0	0.0	0.0	0.0	0.0	0.0	0.0	0.0	0.0	0.0	0.0	0.0	69.0	0.0	0.0	0.0	0.0	0.0	0.0	0.0	0.0	0.0	0.0	0.0	0.0	34.0	0.0	0.0	0.0	0.0	0.0	45.0	0.0	0.0	0.0	0.0	0.0	0.0	0.0	0.0	0.0	0.0	0.0	0.0	0.0	0.0	0.0	0.0	0.0	0.0	0.0	0.0	0.0	0.0	0.0	0.0	0.0	0.0	0.0	0.0	0.0	0.0	0.0	0.0	0.0	0.0	0.0	0.0	0.0	0.0	0.0	0.0	0.0	0.0	0.0	0.0	0.0	0.0	0.0	0.0	0.0	0.0	0.0	0.0	0.0	0.0	0.0	0.0	0.0	0.0	0.0	0.0	0.0	0.0	0.0	0.0	0.0	0.0	0.0	0.0	0.0	0.0	0.0	0.0	0.0	0.0	0.0	0.0	0.0	0.0	0.0
SRR21723319	646.0	0.0	352.0	0.0	160.0	0.0	0.0	0.0	5.0	523.0	160.0	91.0	0.0	9.0	3.0	1237.0	116.0	59.0	32.0	0.0	310.0	121.0	0.0	0.0	1230.0	160.0	14.0	127.0	913.0	3.0	0.0	4.0	103.0	0.0	632.0	5.0	0.0	0.0	0.0	292.0	636.0	20.0	0.0	0.0	38.0	84.0	152.0	0.0	141.0	44.0	1030.0	0.0	22.0	0.0	246.0	0.0	368.0	0.0	0.0	312.0	0.0	0.0	0.0	0.0	19.0	3.0	61.0	0.0	0.0	254.0	179.0	0.0	0.0	0.0	118.0	0.0	0.0	4.0	0.0	0.0	0.0	0.0	0.0	0.0	29.0	0.0	257.0	17.0	5.0	0.0	238.0	34.0	4.0	299.0	32.0	0.0	0.0	0.0	0.0	5.0	0.0	0.0	90.0	289.0	21.0	0.0	97.0	0.0	0.0	0.0	0.0	0.0	0.0	0.0	0.0	182.0	0.0	0.0	45.0	0.0	0.0	0.0	60.0	0.0	0.0	0.0	16.0	0.0	0.0	0.0	0.0	301.0	0.0	0.0	0.0	0.0	0.0	17.0	0.0	2.0	17.0	0.0	0.0	0.0	3.0	0.0	0.0	0.0	0.0	0.0	0.0	0.0	0.0	0.0	0.0	0.0	0.0	0.0	0.0	0.0	60.0	0.0	0.0	2.0	0.0	0.0	0.0	0.0	0.0	37.0	7.0	0.0	0.0	85.0	0.0	0.0	0.0	0.0	0.0	0.0	3.0	0.0	47.0	0.0	0.0	0.0	0.0	0.0	0.0	0.0	0.0	0.0	0.0	20.0	0.0	0.0	0.0	0.0	0.0	0.0	116.0	0.0	0.0	24.0	0.0	0.0	0.0	2.0	0.0	0.0	0.0	0.0	0.0	0.0	0.0	0.0	0.0	0.0	2.0	0.0	0.0	0.0	151.0	0.0	0.0	0.0	0.0	0.0	0.0	0.0	0.0	0.0	0.0	0.0	0.0	0.0	0.0	0.0	0.0	0.0	0.0	0.0	0.0	0.0	0.0	0.0	0.0	0.0	0.0	0.0	0.0	0.0	0.0	0.0	0.0	0.0	0.0	0.0	0.0	0.0	0.0	0.0	0.0	0.0	0.0	0.0	0.0	0.0	0.0	0.0	0.0	0.0	0.0	0.0	0.0	0.0	0.0	0.0	0.0	0.0	0.0	0.0	0.0	0.0	0.0	0.0	0.0	0.0	0.0	0.0	0.0	0.0	0.0	0.0	0.0	0.0	0.0	0.0	0.0	0.0	0.0	0.0	0.0	0.0	0.0	0.0	0.0	0.0	0.0	0.0	0.0	0.0	0.0	0.0	0.0	0.0	0.0	0.0	0.0	0.0	0.0
SRR21723320	58.0	60.0	619.0	0.0	279.0	0.0	0.0	0.0	8.0	87.0	17.0	107.0	0.0	0.0	11.0	57.0	5.0	30.0	77.0	4.0	1086.0	3.0	3.0	87.0	712.0	39.0	0.0	0.0	2175.0	106.0	0.0	47.0	965.0	0.0	197.0	2.0	0.0	55.0	0.0	115.0	2480.0	17.0	0.0	0.0	1863.0	239.0	44.0	0.0	1521.0	0.0	90.0	0.0	5.0	0.0	49.0	0.0	190.0	0.0	0.0	352.0	0.0	8.0	0.0	0.0	0.0	0.0	7.0	0.0	0.0	0.0	299.0	0.0	0.0	0.0	342.0	0.0	0.0	0.0	0.0	8.0	0.0	0.0	0.0	0.0	60.0	0.0	8715.0	22.0	0.0	0.0	2508.0	22.0	0.0	0.0	0.0	0.0	0.0	0.0	0.0	0.0	0.0	0.0	14.0	9.0	542.0	2.0	166.0	0.0	0.0	0.0	0.0	0.0	0.0	0.0	0.0	1401.0	0.0	0.0	25.0	0.0	29.0	0.0	0.0	0.0	0.0	0.0	32.0	0.0	0.0	28.0	0.0	545.0	4.0	0.0	0.0	0.0	0.0	0.0	0.0	0.0	0.0	0.0	0.0	0.0	0.0	0.0	0.0	0.0	0.0	0.0	0.0	0.0	0.0	0.0	0.0	0.0	0.0	0.0	3.0	0.0	10.0	0.0	0.0	0.0	0.0	0.0	0.0	0.0	0.0	65.0	0.0	0.0	0.0	4547.0	0.0	0.0	0.0	0.0	0.0	76.0	0.0	0.0	10.0	3.0	0.0	0.0	0.0	0.0	0.0	0.0	0.0	0.0	0.0	0.0	0.0	0.0	0.0	0.0	0.0	0.0	652.0	0.0	0.0	0.0	0.0	0.0	0.0	0.0	0.0	0.0	0.0	0.0	0.0	0.0	0.0	0.0	0.0	0.0	0.0	0.0	0.0	0.0	1279.0	0.0	0.0	0.0	0.0	0.0	0.0	0.0	0.0	0.0	0.0	0.0	0.0	0.0	0.0	0.0	0.0	0.0	0.0	0.0	0.0	0.0	0.0	0.0	0.0	0.0	0.0	0.0	0.0	0.0	0.0	0.0	0.0	0.0	0.0	0.0	0.0	0.0	0.0	0.0	0.0	0.0	3.0	0.0	0.0	0.0	0.0	0.0	0.0	0.0	0.0	0.0	0.0	0.0	0.0	0.0	0.0	0.0	0.0	0.0	0.0	0.0	0.0	0.0	0.0	0.0	0.0	0.0	0.0	0.0	0.0	0.0	0.0	0.0	0.0	0.0	0.0	0.0	0.0	0.0	0.0	0.0	0.0	0.0	0.0	0.0	0.0	0.0	0.0	0.0	0.0	0.0	0.0	0.0	0.0	0.0	0.0	0.0	0.0
SRR21723323	4.0	87.0	307.0	0.0	3.0	0.0	0.0	0.0	0.0	0.0	0.0	46.0	0.0	0.0	2.0	3.0	0.0	0.0	51.0	0.0	518.0	0.0	0.0	58.0	102.0	0.0	0.0	5.0	895.0	0.0	0.0	0.0	136.0	0.0	0.0	0.0	0.0	109.0	0.0	3.0	611.0	9.0	10.0	0.0	1907.0	410.0	0.0	0.0	308.0	0.0	0.0	0.0	0.0	0.0	0.0	0.0	37.0	0.0	0.0	8.0	0.0	22.0	0.0	0.0	0.0	0.0	0.0	0.0	0.0	0.0	389.0	0.0	0.0	0.0	205.0	0.0	3.0	0.0	0.0	0.0	0.0	0.0	0.0	0.0	0.0	4.0	2295.0	22.0	0.0	0.0	2145.0	0.0	0.0	0.0	0.0	0.0	0.0	0.0	0.0	0.0	0.0	0.0	0.0	0.0	548.0	0.0	0.0	0.0	0.0	0.0	0.0	0.0	0.0	0.0	0.0	0.0	0.0	0.0	0.0	0.0	0.0	0.0	0.0	0.0	0.0	0.0	0.0	0.0	0.0	0.0	0.0	52.0	0.0	0.0	0.0	0.0	0.0	0.0	0.0	0.0	0.0	0.0	0.0	0.0	0.0	0.0	6.0	0.0	0.0	0.0	0.0	0.0	0.0	0.0	0.0	0.0	0.0	0.0	19.0	0.0	0.0	0.0	0.0	0.0	0.0	0.0	0.0	0.0	16.0	42.0	0.0	0.0	0.0	222.0	0.0	0.0	0.0	0.0	0.0	0.0	0.0	0.0	0.0	0.0	0.0	0.0	0.0	0.0	0.0	0.0	0.0	0.0	0.0	0.0	0.0	0.0	0.0	0.0	0.0	0.0	123.0	0.0	0.0	0.0	0.0	0.0	0.0	0.0	0.0	0.0	0.0	0.0	0.0	0.0	0.0	0.0	0.0	0.0	0.0	0.0	0.0	0.0	0.0	0.0	0.0	0.0	0.0	0.0	0.0	0.0	0.0	0.0	0.0	0.0	0.0	0.0	0.0	0.0	0.0	0.0	0.0	0.0	0.0	0.0	0.0	0.0	0.0	0.0	0.0	0.0	0.0	0.0	0.0	0.0	0.0	0.0	0.0	0.0	0.0	0.0	0.0	0.0	0.0	0.0	0.0	0.0	0.0	0.0	0.0	0.0	0.0	0.0	0.0	0.0	0.0	0.0	0.0	0.0	0.0	0.0	0.0	0.0	0.0	0.0	0.0	0.0	0.0	0.0	0.0	0.0	0.0	0.0	0.0	0.0	0.0	0.0	0.0	0.0	0.0	0.0	0.0	0.0	0.0	0.0	0.0	0.0	0.0	0.0	0.0	0.0	0.0	0.0	0.0	0.0	0.0	0.0	0.0	0.0	0.0	0.0	0.0
SRR21723324	23.0	43.0	410.0	0.0	42.0	0.0	0.0	0.0	0.0	11.0	3.0	39.0	0.0	0.0	0.0	10.0	0.0	18.0	57.0	0.0	634.0	0.0	0.0	50.0	301.0	125.0	0.0	0.0	1357.0	32.0	0.0	143.0	381.0	0.0	23.0	4.0	0.0	108.0	0.0	19.0	1335.0	0.0	26.0	0.0	1876.0	319.0	0.0	0.0	435.0	0.0	27.0	0.0	0.0	0.0	27.0	0.0	41.0	0.0	0.0	81.0	0.0	0.0	0.0	0.0	3.0	0.0	0.0	0.0	0.0	0.0	304.0	0.0	0.0	0.0	42.0	0.0	0.0	0.0	0.0	0.0	0.0	0.0	0.0	0.0	17.0	0.0	3446.0	0.0	0.0	0.0	2218.0	22.0	0.0	0.0	0.0	0.0	0.0	0.0	0.0	0.0	0.0	0.0	0.0	0.0	412.0	0.0	64.0	3.0	0.0	0.0	0.0	0.0	0.0	0.0	0.0	447.0	0.0	0.0	0.0	0.0	0.0	0.0	0.0	0.0	0.0	0.0	23.0	0.0	0.0	0.0	0.0	179.0	0.0	0.0	0.0	0.0	0.0	0.0	0.0	0.0	0.0	0.0	6.0	0.0	0.0	0.0	0.0	0.0	0.0	0.0	0.0	0.0	0.0	0.0	0.0	0.0	0.0	0.0	23.0	0.0	0.0	0.0	0.0	0.0	0.0	0.0	0.0	0.0	0.0	58.0	0.0	0.0	0.0	928.0	0.0	0.0	0.0	0.0	0.0	0.0	0.0	0.0	0.0	0.0	0.0	0.0	0.0	0.0	0.0	0.0	0.0	0.0	0.0	0.0	0.0	0.0	0.0	0.0	0.0	0.0	229.0	0.0	0.0	0.0	0.0	0.0	0.0	0.0	0.0	0.0	0.0	0.0	0.0	0.0	0.0	0.0	0.0	0.0	0.0	0.0	0.0	0.0	299.0	0.0	0.0	0.0	0.0	0.0	0.0	0.0	0.0	0.0	0.0	0.0	0.0	0.0	0.0	0.0	0.0	0.0	0.0	0.0	0.0	0.0	0.0	0.0	0.0	0.0	0.0	0.0	0.0	0.0	0.0	0.0	0.0	0.0	0.0	0.0	0.0	0.0	0.0	0.0	0.0	0.0	0.0	0.0	0.0	0.0	0.0	0.0	0.0	0.0	0.0	0.0	0.0	0.0	0.0	0.0	0.0	0.0	0.0	0.0	0.0	0.0	0.0	0.0	0.0	0.0	0.0	0.0	0.0	0.0	0.0	0.0	0.0	0.0	0.0	0.0	0.0	0.0	0.0	0.0	0.0	0.0	0.0	0.0	0.0	0.0	0.0	0.0	0.0	0.0	0.0	0.0	0.0	0.0	0.0	0.0	0.0	0.0	0.0
SRR21723325	10.0	36.0	132.0	0.0	67.0	0.0	0.0	0.0	6.0	18.0	3.0	28.0	0.0	3.0	4.0	18.0	0.0	3.0	32.0	0.0	255.0	8.0	0.0	16.0	204.0	34.0	3.0	0.0	598.0	14.0	0.0	0.0	247.0	0.0	19.0	0.0	0.0	77.0	0.0	19.0	329.0	0.0	0.0	0.0	334.0	76.0	54.0	5.0	90.0	0.0	17.0	0.0	0.0	0.0	4.0	0.0	79.0	0.0	0.0	94.0	0.0	0.0	0.0	0.0	0.0	0.0	2.0	0.0	0.0	0.0	212.0	0.0	0.0	0.0	62.0	0.0	0.0	0.0	0.0	0.0	0.0	0.0	0.0	0.0	41.0	0.0	96.0	59.0	0.0	0.0	915.0	0.0	0.0	0.0	0.0	0.0	0.0	0.0	0.0	0.0	0.0	0.0	50.0	0.0	38.0	0.0	0.0	0.0	0.0	0.0	0.0	0.0	0.0	0.0	27.0	462.0	0.0	0.0	0.0	0.0	0.0	0.0	5.0	0.0	0.0	0.0	10.0	0.0	0.0	38.0	0.0	121.0	0.0	0.0	0.0	0.0	0.0	0.0	0.0	0.0	0.0	0.0	0.0	0.0	0.0	0.0	0.0	0.0	0.0	0.0	0.0	0.0	0.0	0.0	0.0	0.0	0.0	0.0	0.0	0.0	0.0	0.0	0.0	0.0	0.0	0.0	0.0	0.0	0.0	0.0	0.0	3.0	0.0	159.0	0.0	0.0	0.0	0.0	0.0	0.0	0.0	0.0	0.0	0.0	0.0	0.0	0.0	0.0	0.0	0.0	0.0	0.0	0.0	0.0	0.0	0.0	0.0	0.0	0.0	0.0	117.0	0.0	0.0	0.0	0.0	0.0	0.0	0.0	0.0	0.0	0.0	0.0	0.0	0.0	0.0	0.0	0.0	0.0	0.0	0.0	0.0	0.0	666.0	0.0	0.0	0.0	0.0	0.0	0.0	0.0	0.0	0.0	0.0	0.0	0.0	0.0	0.0	0.0	0.0	0.0	0.0	134.0	0.0	0.0	0.0	0.0	0.0	0.0	0.0	0.0	0.0	0.0	0.0	0.0	0.0	0.0	0.0	0.0	0.0	0.0	0.0	0.0	0.0	0.0	0.0	0.0	0.0	0.0	0.0	0.0	0.0	0.0	0.0	0.0	0.0	0.0	0.0	0.0	0.0	0.0	0.0	0.0	0.0	0.0	0.0	0.0	0.0	0.0	0.0	0.0	0.0	0.0	0.0	0.0	0.0	0.0	0.0	0.0	0.0	0.0	0.0	0.0	0.0	0.0	0.0	0.0	0.0	0.0	0.0	0.0	0.0	0.0	0.0	0.0	0.0	0.0	0.0	0.0	0.0	0.0	0.0
SRR21723326	7.0	112.0	297.0	0.0	37.0	0.0	0.0	0.0	0.0	67.0	0.0	149.0	0.0	5.0	5.0	31.0	3.0	54.0	584.0	0.0	316.0	0.0	0.0	157.0	265.0	58.0	0.0	0.0	1496.0	0.0	0.0	0.0	1412.0	0.0	97.0	0.0	0.0	5222.0	0.0	85.0	1868.0	0.0	0.0	0.0	1592.0	1586.0	0.0	6.0	220.0	0.0	15.0	4.0	0.0	0.0	6.0	0.0	156.0	0.0	0.0	62.0	0.0	0.0	0.0	0.0	0.0	0.0	0.0	0.0	0.0	21.0	563.0	0.0	0.0	0.0	172.0	0.0	4.0	0.0	0.0	0.0	0.0	264.0	0.0	0.0	60.0	0.0	654.0	299.0	0.0	0.0	1489.0	0.0	0.0	0.0	0.0	0.0	0.0	0.0	0.0	0.0	0.0	0.0	0.0	0.0	1827.0	0.0	0.0	58.0	0.0	0.0	0.0	0.0	0.0	0.0	0.0	1170.0	0.0	0.0	112.0	0.0	0.0	0.0	6.0	0.0	0.0	0.0	0.0	0.0	4.0	45.0	0.0	0.0	0.0	0.0	0.0	0.0	0.0	0.0	0.0	0.0	0.0	0.0	8.0	0.0	0.0	0.0	41.0	0.0	0.0	0.0	0.0	0.0	0.0	0.0	0.0	0.0	0.0	0.0	68.0	0.0	0.0	16.0	0.0	0.0	0.0	0.0	0.0	0.0	183.0	0.0	0.0	10.0	0.0	93.0	0.0	0.0	0.0	0.0	0.0	175.0	0.0	0.0	0.0	0.0	0.0	0.0	0.0	0.0	8.0	0.0	0.0	0.0	0.0	0.0	0.0	0.0	103.0	0.0	0.0	0.0	123.0	0.0	0.0	0.0	0.0	0.0	0.0	0.0	0.0	0.0	0.0	0.0	0.0	0.0	0.0	0.0	0.0	0.0	0.0	0.0	0.0	0.0	362.0	0.0	0.0	0.0	0.0	0.0	0.0	0.0	0.0	0.0	0.0	0.0	0.0	0.0	0.0	0.0	0.0	0.0	0.0	20.0	0.0	0.0	0.0	0.0	0.0	0.0	0.0	0.0	0.0	0.0	0.0	0.0	0.0	0.0	115.0	0.0	0.0	0.0	0.0	0.0	0.0	0.0	0.0	0.0	0.0	0.0	0.0	0.0	0.0	0.0	0.0	0.0	0.0	0.0	0.0	0.0	0.0	0.0	0.0	0.0	0.0	0.0	0.0	0.0	0.0	0.0	0.0	0.0	0.0	0.0	0.0	0.0	0.0	0.0	0.0	0.0	0.0	0.0	0.0	0.0	0.0	0.0	0.0	25.0	0.0	0.0	0.0	0.0	0.0	0.0	0.0	0.0	0.0	0.0	0.0	0.0	0.0	0.0	0.0
SRR21723327	23.0	310.0	305.0	0.0	171.0	0.0	0.0	0.0	15.0	153.0	0.0	492.0	0.0	0.0	8.0	174.0	0.0	25.0	991.0	0.0	588.0	12.0	0.0	374.0	694.0	54.0	12.0	0.0	976.0	0.0	0.0	0.0	2749.0	0.0	400.0	0.0	0.0	90.0	4.0	242.0	2773.0	4.0	0.0	0.0	2899.0	859.0	47.0	0.0	583.0	0.0	79.0	0.0	0.0	0.0	197.0	0.0	329.0	0.0	0.0	402.0	0.0	54.0	0.0	14.0	0.0	0.0	0.0	0.0	0.0	54.0	1865.0	3.0	0.0	0.0	219.0	0.0	0.0	0.0	0.0	9.0	0.0	5.0	0.0	0.0	357.0	0.0	666.0	55.0	0.0	0.0	1578.0	20.0	0.0	33.0	0.0	0.0	0.0	0.0	0.0	0.0	2.0	0.0	61.0	0.0	909.0	0.0	65.0	0.0	0.0	0.0	0.0	0.0	0.0	0.0	20.0	2832.0	0.0	0.0	423.0	0.0	0.0	0.0	0.0	0.0	0.0	0.0	0.0	0.0	15.0	69.0	0.0	649.0	0.0	0.0	0.0	0.0	0.0	0.0	3.0	0.0	0.0	0.0	0.0	0.0	0.0	0.0	0.0	10.0	0.0	0.0	0.0	0.0	0.0	0.0	0.0	0.0	0.0	0.0	0.0	0.0	4.0	0.0	0.0	0.0	0.0	0.0	0.0	0.0	193.0	64.0	0.0	0.0	0.0	2615.0	0.0	0.0	0.0	0.0	0.0	305.0	0.0	0.0	0.0	11.0	0.0	0.0	0.0	0.0	0.0	0.0	0.0	0.0	0.0	0.0	0.0	0.0	0.0	0.0	0.0	184.0	176.0	0.0	0.0	0.0	0.0	0.0	0.0	0.0	0.0	0.0	0.0	0.0	0.0	0.0	0.0	0.0	0.0	0.0	7.0	0.0	0.0	0.0	2213.0	0.0	0.0	0.0	0.0	0.0	0.0	0.0	9.0	0.0	0.0	0.0	0.0	11.0	0.0	0.0	0.0	0.0	0.0	86.0	0.0	0.0	0.0	0.0	0.0	17.0	0.0	0.0	0.0	0.0	0.0	0.0	0.0	0.0	30.0	0.0	0.0	0.0	0.0	0.0	11.0	0.0	0.0	0.0	0.0	0.0	0.0	0.0	0.0	0.0	0.0	0.0	0.0	0.0	0.0	0.0	0.0	0.0	0.0	0.0	0.0	0.0	0.0	0.0	0.0	0.0	0.0	0.0	0.0	0.0	0.0	0.0	0.0	0.0	0.0	0.0	0.0	0.0	0.0	0.0	0.0	0.0	0.0	0.0	0.0	0.0	0.0	0.0	0.0	0.0	0.0	0.0	0.0	0.0	0.0	0.0	0.0	0.0	0.0
SRR21723328	25.0	0.0	193.0	0.0	64.0	0.0	0.0	0.0	3.0	44.0	0.0	90.0	0.0	0.0	8.0	36.0	6.0	14.0	27.0	0.0	147.0	0.0	0.0	45.0	182.0	18.0	0.0	0.0	294.0	34.0	0.0	6.0	801.0	0.0	50.0	0.0	0.0	16139.0	0.0	41.0	414.0	0.0	0.0	0.0	343.0	66.0	0.0	0.0	84.0	0.0	29.0	0.0	4.0	0.0	8.0	0.0	80.0	0.0	0.0	215.0	0.0	0.0	0.0	0.0	0.0	0.0	12.0	0.0	0.0	12.0	159.0	0.0	0.0	0.0	0.0	0.0	0.0	0.0	0.0	0.0	0.0	0.0	0.0	0.0	109.0	0.0	99.0	23.0	0.0	0.0	1106.0	8.0	0.0	0.0	0.0	0.0	0.0	0.0	0.0	0.0	0.0	0.0	0.0	0.0	17.0	0.0	61.0	0.0	0.0	0.0	0.0	0.0	0.0	0.0	14.0	460.0	0.0	0.0	21.0	0.0	0.0	0.0	3.0	0.0	0.0	0.0	0.0	0.0	0.0	0.0	0.0	134.0	0.0	0.0	0.0	0.0	0.0	0.0	0.0	0.0	0.0	0.0	0.0	0.0	0.0	0.0	0.0	0.0	0.0	0.0	0.0	0.0	0.0	0.0	0.0	0.0	0.0	0.0	0.0	0.0	0.0	0.0	0.0	0.0	0.0	0.0	0.0	0.0	0.0	0.0	0.0	0.0	0.0	344.0	0.0	0.0	0.0	0.0	0.0	72.0	0.0	0.0	0.0	0.0	0.0	0.0	0.0	0.0	0.0	0.0	0.0	0.0	0.0	0.0	0.0	0.0	0.0	0.0	0.0	0.0	156.0	0.0	0.0	0.0	0.0	0.0	0.0	0.0	0.0	0.0	0.0	0.0	0.0	0.0	0.0	0.0	0.0	0.0	0.0	0.0	0.0	0.0	722.0	0.0	0.0	0.0	70.0	0.0	0.0	0.0	0.0	0.0	0.0	0.0	0.0	0.0	0.0	0.0	0.0	0.0	0.0	0.0	0.0	0.0	0.0	0.0	0.0	0.0	0.0	0.0	0.0	0.0	0.0	0.0	0.0	0.0	0.0	0.0	0.0	0.0	0.0	0.0	0.0	0.0	0.0	0.0	0.0	0.0	0.0	0.0	0.0	0.0	0.0	0.0	0.0	0.0	0.0	0.0	0.0	0.0	0.0	0.0	0.0	0.0	0.0	0.0	0.0	0.0	0.0	0.0	0.0	0.0	0.0	0.0	0.0	0.0	0.0	0.0	0.0	0.0	0.0	0.0	0.0	0.0	0.0	0.0	0.0	0.0	0.0	0.0	0.0	0.0	0.0	0.0	0.0	0.0	0.0	0.0	0.0	0.0	0.0
SRR21723329	155.0	156.0	514.0	0.0	440.0	0.0	0.0	0.0	8.0	205.0	47.0	272.0	0.0	4.0	22.0	329.0	0.0	87.0	614.0	19.0	878.0	18.0	0.0	257.0	1238.0	64.0	26.0	61.0	1130.0	186.0	0.0	5.0	1284.0	0.0	347.0	0.0	0.0	287.0	6.0	206.0	1427.0	10.0	15.0	0.0	1450.0	512.0	286.0	0.0	439.0	0.0	359.0	0.0	0.0	0.0	181.0	0.0	273.0	0.0	0.0	811.0	0.0	12.0	0.0	5.0	11.0	0.0	35.0	0.0	0.0	73.0	873.0	0.0	0.0	0.0	196.0	0.0	0.0	0.0	0.0	7.0	0.0	7.0	0.0	0.0	454.0	4.0	267.0	844.0	16.0	0.0	2786.0	36.0	0.0	175.0	0.0	0.0	0.0	0.0	0.0	0.0	0.0	0.0	94.0	0.0	119.0	2.0	63.0	64.0	0.0	0.0	0.0	0.0	0.0	0.0	48.0	3029.0	0.0	0.0	223.0	0.0	0.0	0.0	0.0	0.0	0.0	0.0	0.0	0.0	0.0	31.0	0.0	676.0	0.0	0.0	0.0	0.0	0.0	0.0	0.0	0.0	0.0	0.0	0.0	0.0	5.0	0.0	9.0	0.0	0.0	0.0	0.0	0.0	0.0	0.0	0.0	0.0	9.0	0.0	10.0	0.0	0.0	0.0	0.0	0.0	0.0	0.0	0.0	0.0	27.0	121.0	0.0	6.0	0.0	2080.0	0.0	37.0	2.0	0.0	0.0	141.0	0.0	0.0	10.0	0.0	7.0	0.0	0.0	0.0	0.0	0.0	0.0	0.0	0.0	29.0	0.0	0.0	17.0	0.0	0.0	42.0	232.0	0.0	0.0	0.0	0.0	0.0	0.0	0.0	0.0	0.0	0.0	0.0	0.0	0.0	0.0	0.0	0.0	0.0	0.0	0.0	0.0	0.0	4149.0	5.0	0.0	0.0	0.0	0.0	0.0	0.0	0.0	0.0	0.0	0.0	0.0	0.0	0.0	0.0	0.0	0.0	0.0	87.0	0.0	0.0	0.0	0.0	0.0	0.0	0.0	0.0	0.0	0.0	0.0	0.0	0.0	0.0	0.0	0.0	0.0	0.0	0.0	0.0	0.0	0.0	0.0	0.0	0.0	0.0	0.0	0.0	0.0	0.0	0.0	0.0	0.0	0.0	0.0	0.0	0.0	0.0	0.0	0.0	0.0	0.0	0.0	0.0	0.0	0.0	0.0	0.0	0.0	0.0	0.0	0.0	0.0	0.0	0.0	0.0	0.0	0.0	0.0	0.0	0.0	0.0	0.0	20.0	0.0	0.0	0.0	0.0	0.0	0.0	0.0	0.0	0.0	0.0	0.0	0.0	0.0	0.0	0.0
SRR21723331	0.0	306.0	231.0	0.0	72.0	0.0	0.0	0.0	0.0	16.0	0.0	157.0	0.0	3.0	3.0	33.0	0.0	0.0	529.0	5.0	304.0	11.0	0.0	393.0	221.0	50.0	3.0	14.0	842.0	28.0	0.0	48.0	2213.0	0.0	56.0	78.0	0.0	1229.0	0.0	40.0	1726.0	25.0	0.0	0.0	1863.0	8575.0	0.0	0.0	217.0	0.0	16.0	0.0	0.0	0.0	7.0	0.0	0.0	0.0	0.0	67.0	0.0	4.0	0.0	4.0	0.0	0.0	2.0	0.0	0.0	19.0	1082.0	0.0	0.0	0.0	63.0	0.0	0.0	0.0	0.0	0.0	0.0	16.0	0.0	0.0	64.0	0.0	200.0	175.0	0.0	0.0	1014.0	0.0	0.0	0.0	0.0	0.0	0.0	0.0	0.0	0.0	0.0	0.0	0.0	19.0	675.0	0.0	0.0	0.0	0.0	0.0	0.0	0.0	0.0	0.0	0.0	973.0	0.0	0.0	58.0	0.0	0.0	0.0	0.0	0.0	0.0	0.0	0.0	0.0	0.0	1677.0	0.0	75.0	0.0	0.0	0.0	0.0	0.0	0.0	0.0	0.0	0.0	0.0	0.0	0.0	0.0	0.0	9.0	0.0	0.0	0.0	0.0	0.0	0.0	0.0	0.0	0.0	0.0	0.0	0.0	0.0	0.0	0.0	0.0	0.0	0.0	0.0	0.0	0.0	334.0	0.0	0.0	0.0	0.0	217.0	0.0	0.0	0.0	0.0	0.0	90.0	0.0	0.0	0.0	0.0	0.0	0.0	0.0	0.0	0.0	0.0	0.0	0.0	0.0	0.0	0.0	0.0	33.0	0.0	0.0	12.0	50.0	0.0	0.0	0.0	0.0	0.0	0.0	0.0	0.0	0.0	0.0	0.0	0.0	0.0	0.0	0.0	0.0	0.0	0.0	0.0	0.0	0.0	312.0	0.0	0.0	0.0	0.0	0.0	0.0	0.0	0.0	0.0	0.0	0.0	0.0	0.0	0.0	0.0	0.0	0.0	0.0	105.0	0.0	0.0	0.0	0.0	0.0	0.0	0.0	0.0	0.0	0.0	0.0	0.0	0.0	0.0	34.0	0.0	0.0	0.0	0.0	0.0	0.0	0.0	0.0	0.0	0.0	0.0	0.0	0.0	0.0	0.0	0.0	0.0	0.0	0.0	0.0	0.0	0.0	0.0	0.0	0.0	0.0	0.0	0.0	0.0	0.0	0.0	0.0	0.0	0.0	0.0	0.0	0.0	0.0	0.0	0.0	0.0	0.0	0.0	0.0	0.0	0.0	0.0	0.0	0.0	0.0	0.0	0.0	0.0	0.0	0.0	0.0	0.0	0.0	0.0	0.0	0.0	0.0	0.0	0.0
SRR21723332	73.0	18.0	907.0	0.0	216.0	0.0	0.0	0.0	49.0	302.0	0.0	130.0	0.0	0.0	9.0	222.0	32.0	31.0	362.0	0.0	1061.0	4.0	14.0	102.0	1203.0	285.0	0.0	13.0	2911.0	81.0	0.0	0.0	1424.0	0.0	232.0	12.0	5.0	192.0	0.0	107.0	2975.0	0.0	19.0	0.0	2376.0	547.0	138.0	4.0	1522.0	0.0	119.0	0.0	11.0	0.0	94.0	0.0	276.0	0.0	0.0	359.0	0.0	0.0	0.0	7.0	0.0	0.0	9.0	0.0	0.0	38.0	514.0	0.0	0.0	0.0	502.0	0.0	0.0	0.0	0.0	6.0	0.0	8.0	0.0	0.0	172.0	0.0	1304.0	250.0	0.0	0.0	4336.0	0.0	0.0	26.0	16.0	0.0	0.0	0.0	0.0	0.0	0.0	0.0	110.0	52.0	317.0	0.0	155.0	0.0	0.0	0.0	0.0	0.0	0.0	0.0	21.0	1481.0	0.0	0.0	56.0	0.0	43.0	0.0	12.0	0.0	0.0	0.0	52.0	0.0	0.0	141.0	0.0	612.0	0.0	0.0	0.0	0.0	0.0	0.0	0.0	0.0	0.0	0.0	0.0	4.0	0.0	0.0	0.0	0.0	0.0	0.0	0.0	0.0	0.0	0.0	0.0	0.0	0.0	2.0	0.0	0.0	0.0	43.0	0.0	0.0	0.0	0.0	0.0	0.0	0.0	17.0	0.0	0.0	0.0	1540.0	0.0	0.0	0.0	0.0	0.0	248.0	9.0	0.0	21.0	0.0	0.0	0.0	0.0	0.0	0.0	0.0	0.0	0.0	0.0	0.0	0.0	0.0	38.0	0.0	0.0	0.0	338.0	0.0	0.0	0.0	0.0	0.0	0.0	0.0	0.0	0.0	0.0	0.0	0.0	0.0	0.0	0.0	0.0	0.0	0.0	0.0	0.0	0.0	2194.0	0.0	0.0	0.0	0.0	0.0	0.0	0.0	12.0	0.0	0.0	0.0	0.0	0.0	0.0	0.0	0.0	0.0	0.0	0.0	0.0	0.0	0.0	0.0	0.0	0.0	0.0	0.0	0.0	0.0	0.0	0.0	0.0	8.0	17.0	0.0	0.0	0.0	0.0	0.0	0.0	0.0	0.0	0.0	0.0	0.0	0.0	0.0	0.0	0.0	0.0	0.0	0.0	0.0	0.0	0.0	0.0	0.0	0.0	0.0	0.0	0.0	0.0	0.0	0.0	0.0	0.0	0.0	0.0	0.0	0.0	0.0	0.0	0.0	0.0	0.0	0.0	0.0	0.0	0.0	0.0	0.0	0.0	0.0	0.0	0.0	0.0	0.0	0.0	0.0	0.0	0.0	0.0	0.0	0.0	0.0	0.0	0.0	0.0
SRR21723352	5480.0	136.0	800.0	0.0	218.0	0.0	6.0	0.0	65.0	3134.0	909.0	335.0	62.0	27.0	214.0	7196.0	652.0	319.0	132.0	5.0	1047.0	480.0	308.0	9.0	4303.0	255.0	19.0	1282.0	2026.0	158.0	27.0	26.0	51.0	0.0	4345.0	36.0	42.0	65.0	0.0	453.0	1188.0	73.0	0.0	4.0	166.0	530.0	387.0	30.0	410.0	368.0	1282.0	0.0	11.0	14.0	407.0	0.0	340.0	3.0	0.0	454.0	0.0	4.0	0.0	0.0	163.0	75.0	441.0	0.0	15.0	791.0	582.0	5.0	4.0	29.0	511.0	42.0	20.0	6.0	0.0	22.0	0.0	0.0	0.0	0.0	27.0	0.0	368.0	630.0	23.0	0.0	620.0	59.0	22.0	2065.0	52.0	0.0	28.0	2.0	0.0	3.0	3.0	0.0	99.0	2211.0	100.0	13.0	93.0	19.0	0.0	5.0	0.0	0.0	7.0	45.0	91.0	158.0	0.0	0.0	722.0	2.0	0.0	0.0	297.0	0.0	0.0	0.0	377.0	0.0	0.0	7.0	6.0	441.0	0.0	0.0	0.0	0.0	0.0	73.0	2.0	0.0	197.0	19.0	55.0	0.0	88.0	0.0	42.0	33.0	6.0	0.0	9.0	0.0	26.0	13.0	0.0	13.0	0.0	3.0	0.0	0.0	68.0	0.0	0.0	8.0	0.0	0.0	0.0	69.0	0.0	220.0	54.0	40.0	0.0	152.0	0.0	26.0	0.0	0.0	51.0	0.0	4.0	0.0	10.0	0.0	0.0	0.0	0.0	0.0	299.0	0.0	0.0	0.0	0.0	27.0	0.0	0.0	43.0	0.0	0.0	0.0	137.0	0.0	0.0	24.0	0.0	0.0	0.0	0.0	0.0	0.0	0.0	0.0	0.0	0.0	0.0	0.0	0.0	0.0	0.0	0.0	0.0	5.0	286.0	0.0	0.0	0.0	0.0	4.0	0.0	0.0	0.0	0.0	0.0	10.0	0.0	0.0	0.0	0.0	0.0	0.0	0.0	0.0	0.0	0.0	0.0	0.0	0.0	0.0	0.0	0.0	0.0	0.0	0.0	0.0	0.0	0.0	0.0	0.0	7.0	3.0	0.0	0.0	0.0	0.0	0.0	0.0	0.0	0.0	0.0	0.0	0.0	0.0	0.0	0.0	0.0	0.0	0.0	4.0	0.0	0.0	0.0	0.0	0.0	0.0	0.0	0.0	0.0	0.0	0.0	0.0	0.0	0.0	0.0	0.0	0.0	0.0	0.0	0.0	0.0	0.0	0.0	0.0	0.0	0.0	0.0	0.0	0.0	0.0	0.0	0.0	0.0	0.0	0.0	0.0	0.0	0.0	0.0	0.0	0.0	0.0	0.0
SRR21723353	1214.0	48.0	231.0	0.0	28.0	0.0	0.0	0.0	18.0	924.0	146.0	73.0	0.0	15.0	25.0	1849.0	117.0	70.0	32.0	17.0	244.0	103.0	103.0	16.0	1177.0	75.0	0.0	290.0	699.0	21.0	4.0	11.0	3.0	2.0	1234.0	5.0	0.0	0.0	0.0	98.0	622.0	0.0	3.0	0.0	28.0	183.0	7.0	6.0	107.0	163.0	323.0	0.0	22.0	8.0	116.0	3.0	210.0	0.0	0.0	134.0	0.0	0.0	4.0	0.0	0.0	4.0	113.0	0.0	6.0	182.0	71.0	0.0	0.0	2.0	162.0	0.0	5.0	0.0	0.0	0.0	0.0	0.0	6.0	0.0	0.0	0.0	74.0	202.0	7.0	0.0	330.0	16.0	4.0	538.0	17.0	0.0	0.0	0.0	0.0	0.0	0.0	0.0	36.0	399.0	58.0	5.0	3.0	0.0	3.0	4.0	0.0	0.0	0.0	0.0	6.0	48.0	0.0	0.0	158.0	0.0	3.0	0.0	74.0	0.0	0.0	0.0	59.0	0.0	0.0	4.0	0.0	235.0	0.0	0.0	0.0	0.0	0.0	0.0	0.0	2.0	75.0	0.0	6.0	0.0	10.0	0.0	42.0	0.0	0.0	0.0	6.0	0.0	0.0	0.0	0.0	0.0	0.0	0.0	0.0	0.0	44.0	0.0	0.0	5.0	0.0	0.0	0.0	19.0	0.0	67.0	9.0	0.0	0.0	31.0	0.0	0.0	0.0	0.0	12.0	0.0	0.0	0.0	0.0	0.0	0.0	0.0	0.0	0.0	85.0	0.0	0.0	3.0	0.0	0.0	0.0	0.0	0.0	0.0	0.0	0.0	88.0	0.0	0.0	20.0	0.0	0.0	0.0	0.0	0.0	0.0	2.0	0.0	0.0	0.0	0.0	0.0	0.0	0.0	0.0	0.0	0.0	0.0	63.0	0.0	0.0	0.0	0.0	0.0	0.0	0.0	0.0	0.0	0.0	0.0	0.0	0.0	0.0	0.0	0.0	0.0	0.0	0.0	0.0	0.0	0.0	0.0	0.0	0.0	0.0	0.0	0.0	0.0	0.0	0.0	0.0	0.0	5.0	0.0	0.0	5.0	0.0	0.0	0.0	0.0	0.0	0.0	0.0	0.0	0.0	0.0	0.0	0.0	0.0	0.0	0.0	0.0	0.0	0.0	0.0	0.0	0.0	0.0	0.0	0.0	0.0	0.0	0.0	0.0	0.0	0.0	0.0	0.0	0.0	0.0	0.0	0.0	0.0	0.0	0.0	0.0	0.0	0.0	0.0	0.0	0.0	0.0	0.0	0.0	0.0	0.0	0.0	0.0	0.0	0.0	0.0	0.0	0.0	0.0	0.0	0.0	0.0
SRR21723355	936.0	56.0	333.0	0.0	232.0	0.0	2.0	2.0	76.0	509.0	228.0	141.0	13.0	20.0	39.0	1613.0	272.0	98.0	0.0	73.0	457.0	134.0	28.0	5.0	1275.0	110.0	15.0	314.0	1222.0	10.0	2.0	8.0	53.0	0.0	768.0	7.0	0.0	0.0	0.0	419.0	1069.0	10.0	0.0	0.0	62.0	135.0	135.0	0.0	256.0	8.0	955.0	4.0	2.0	8.0	244.0	0.0	332.0	0.0	11.0	261.0	0.0	3.0	0.0	7.0	22.0	5.0	126.0	0.0	5.0	258.0	151.0	3.0	0.0	5.0	218.0	0.0	0.0	0.0	0.0	7.0	0.0	10.0	0.0	0.0	10.0	0.0	182.0	29.0	0.0	0.0	148.0	54.0	14.0	310.0	60.0	0.0	2.0	0.0	0.0	0.0	0.0	0.0	75.0	429.0	42.0	3.0	189.0	0.0	3.0	3.0	0.0	0.0	6.0	0.0	0.0	92.0	0.0	0.0	112.0	0.0	0.0	0.0	48.0	0.0	0.0	0.0	49.0	3.0	0.0	4.0	0.0	397.0	0.0	0.0	0.0	0.0	0.0	0.0	0.0	0.0	20.0	0.0	6.0	0.0	0.0	0.0	0.0	0.0	0.0	0.0	0.0	0.0	7.0	6.0	0.0	0.0	0.0	0.0	0.0	0.0	106.0	0.0	0.0	0.0	0.0	0.0	0.0	4.0	0.0	59.0	17.0	0.0	0.0	30.0	0.0	9.0	0.0	0.0	18.0	13.0	0.0	0.0	25.0	0.0	0.0	0.0	0.0	0.0	0.0	0.0	0.0	0.0	0.0	25.0	0.0	0.0	0.0	0.0	0.0	0.0	107.0	0.0	0.0	28.0	0.0	0.0	0.0	0.0	0.0	0.0	0.0	0.0	0.0	0.0	0.0	0.0	0.0	0.0	0.0	0.0	0.0	0.0	62.0	0.0	0.0	0.0	0.0	0.0	0.0	7.0	0.0	0.0	0.0	0.0	3.0	0.0	0.0	0.0	0.0	0.0	0.0	0.0	0.0	0.0	0.0	0.0	0.0	0.0	0.0	0.0	0.0	0.0	0.0	0.0	0.0	0.0	0.0	0.0	0.0	3.0	0.0	0.0	0.0	0.0	0.0	0.0	0.0	0.0	0.0	0.0	0.0	0.0	0.0	0.0	0.0	0.0	0.0	0.0	0.0	0.0	0.0	0.0	0.0	0.0	0.0	0.0	0.0	0.0	0.0	0.0	0.0	0.0	0.0	0.0	0.0	0.0	0.0	0.0	0.0	0.0	0.0	0.0	0.0	0.0	0.0	8.0	0.0	0.0	0.0	0.0	0.0	0.0	0.0	0.0	0.0	0.0	0.0	0.0	0.0	0.0	0.0
SRR21723356	1043.0	57.0	153.0	0.0	62.0	0.0	6.0	2.0	7.0	614.0	62.0	37.0	0.0	11.0	13.0	1462.0	146.0	95.0	0.0	20.0	285.0	80.0	33.0	4.0	778.0	0.0	5.0	188.0	765.0	47.0	9.0	7.0	74.0	0.0	1315.0	2.0	0.0	0.0	0.0	96.0	413.0	10.0	0.0	4.0	44.0	98.0	47.0	4.0	157.0	11.0	424.0	0.0	4.0	3.0	122.0	0.0	214.0	0.0	3.0	152.0	0.0	0.0	0.0	0.0	8.0	3.0	13.0	0.0	0.0	160.0	0.0	0.0	0.0	0.0	108.0	0.0	0.0	0.0	0.0	3.0	0.0	7.0	0.0	0.0	0.0	0.0	142.0	48.0	0.0	0.0	55.0	24.0	15.0	658.0	22.0	0.0	10.0	0.0	0.0	0.0	0.0	0.0	0.0	339.0	15.0	0.0	7.0	0.0	0.0	2.0	0.0	0.0	10.0	23.0	8.0	29.0	0.0	3.0	154.0	0.0	0.0	0.0	10.0	0.0	0.0	0.0	39.0	0.0	0.0	3.0	0.0	340.0	0.0	0.0	0.0	0.0	0.0	4.0	0.0	4.0	0.0	0.0	0.0	0.0	15.0	0.0	0.0	0.0	5.0	0.0	0.0	0.0	3.0	2.0	0.0	0.0	0.0	0.0	0.0	0.0	59.0	0.0	0.0	0.0	0.0	0.0	0.0	0.0	0.0	44.0	15.0	21.0	0.0	3.0	0.0	0.0	0.0	0.0	0.0	21.0	0.0	0.0	0.0	0.0	0.0	0.0	0.0	0.0	89.0	0.0	0.0	0.0	0.0	23.0	0.0	0.0	0.0	0.0	0.0	0.0	54.0	0.0	0.0	0.0	0.0	0.0	0.0	0.0	0.0	0.0	0.0	0.0	0.0	0.0	2.0	0.0	0.0	0.0	0.0	0.0	0.0	0.0	43.0	0.0	0.0	0.0	0.0	0.0	0.0	0.0	0.0	0.0	0.0	0.0	0.0	0.0	0.0	0.0	0.0	0.0	0.0	0.0	0.0	0.0	0.0	0.0	0.0	0.0	0.0	0.0	0.0	0.0	0.0	0.0	0.0	0.0	0.0	0.0	0.0	0.0	0.0	0.0	0.0	0.0	0.0	0.0	0.0	0.0	0.0	0.0	0.0	0.0	0.0	2.0	0.0	0.0	0.0	0.0	0.0	0.0	0.0	0.0	0.0	0.0	0.0	0.0	0.0	0.0	0.0	0.0	0.0	0.0	0.0	0.0	0.0	0.0	0.0	0.0	0.0	0.0	0.0	0.0	0.0	0.0	0.0	0.0	0.0	0.0	0.0	0.0	0.0	0.0	0.0	0.0	0.0	0.0	0.0	0.0	0.0	0.0	0.0
SRR21723357	1826.0	44.0	503.0	0.0	290.0	0.0	7.0	3.0	19.0	809.0	253.0	164.0	13.0	10.0	66.0	2436.0	237.0	218.0	104.0	74.0	524.0	158.0	62.0	6.0	1589.0	183.0	135.0	435.0	1151.0	0.0	9.0	20.0	127.0	2.0	1346.0	0.0	0.0	3.0	0.0	504.0	1188.0	39.0	0.0	0.0	63.0	253.0	244.0	0.0	288.0	77.0	1370.0	0.0	10.0	0.0	406.0	0.0	301.0	0.0	7.0	351.0	0.0	0.0	2.0	0.0	35.0	6.0	107.0	0.0	10.0	376.0	276.0	6.0	0.0	8.0	207.0	0.0	0.0	0.0	0.0	8.0	0.0	4.0	0.0	0.0	0.0	0.0	222.0	133.0	27.0	0.0	163.0	46.0	30.0	845.0	31.0	0.0	0.0	0.0	0.0	3.0	0.0	0.0	76.0	539.0	23.0	4.0	113.0	2.0	0.0	0.0	0.0	0.0	15.0	0.0	20.0	164.0	0.0	0.0	174.0	0.0	0.0	0.0	42.0	0.0	0.0	0.0	75.0	0.0	0.0	2.0	0.0	379.0	0.0	0.0	0.0	0.0	0.0	0.0	0.0	0.0	0.0	0.0	4.0	0.0	2.0	0.0	0.0	0.0	0.0	0.0	2.0	0.0	0.0	0.0	0.0	0.0	0.0	0.0	0.0	7.0	76.0	0.0	0.0	0.0	0.0	0.0	0.0	7.0	0.0	41.0	23.0	0.0	0.0	62.0	0.0	0.0	0.0	3.0	7.0	30.0	0.0	0.0	43.0	0.0	0.0	0.0	0.0	0.0	66.0	0.0	0.0	0.0	0.0	23.0	0.0	0.0	0.0	0.0	0.0	0.0	72.0	0.0	0.0	37.0	0.0	0.0	0.0	0.0	0.0	0.0	0.0	0.0	0.0	0.0	0.0	0.0	0.0	0.0	0.0	0.0	0.0	0.0	107.0	0.0	0.0	0.0	0.0	0.0	0.0	0.0	0.0	0.0	0.0	6.0	0.0	0.0	0.0	0.0	0.0	0.0	0.0	0.0	0.0	0.0	0.0	0.0	0.0	0.0	0.0	0.0	0.0	0.0	0.0	0.0	0.0	0.0	0.0	0.0	0.0	0.0	0.0	0.0	0.0	0.0	0.0	0.0	0.0	0.0	0.0	0.0	0.0	0.0	0.0	0.0	0.0	0.0	0.0	0.0	0.0	0.0	0.0	0.0	0.0	0.0	0.0	0.0	0.0	0.0	0.0	0.0	0.0	0.0	0.0	0.0	0.0	0.0	0.0	0.0	0.0	0.0	0.0	0.0	0.0	0.0	0.0	0.0	0.0	0.0	0.0	0.0	0.0	0.0	0.0	0.0	0.0	0.0	0.0	0.0	0.0	0.0	0.0
SRR21723360	549.0	49.0	726.0	0.0	124.0	0.0	3.0	0.0	57.0	284.0	125.0	83.0	0.0	3.0	13.0	1476.0	43.0	55.0	63.0	6.0	431.0	81.0	0.0	9.0	1024.0	143.0	39.0	217.0	888.0	11.0	0.0	0.0	215.0	0.0	568.0	4.0	4.0	0.0	3.0	279.0	1798.0	27.0	0.0	0.0	34.0	252.0	142.0	0.0	171.0	4.0	871.0	2.0	5.0	0.0	360.0	0.0	488.0	0.0	0.0	466.0	0.0	0.0	0.0	39.0	6.0	0.0	30.0	0.0	0.0	200.0	73.0	3.0	0.0	0.0	141.0	0.0	0.0	0.0	0.0	0.0	0.0	4.0	0.0	0.0	27.0	0.0	32.0	52.0	3.0	0.0	117.0	60.0	0.0	269.0	15.0	0.0	0.0	0.0	0.0	0.0	0.0	0.0	0.0	107.0	109.0	0.0	76.0	0.0	0.0	0.0	0.0	0.0	3.0	0.0	3.0	549.0	0.0	0.0	101.0	0.0	0.0	0.0	26.0	0.0	0.0	0.0	11.0	0.0	0.0	0.0	0.0	328.0	0.0	0.0	0.0	0.0	0.0	0.0	0.0	0.0	0.0	0.0	0.0	0.0	7.0	0.0	4.0	0.0	0.0	0.0	0.0	0.0	0.0	3.0	0.0	0.0	0.0	0.0	0.0	4.0	33.0	0.0	0.0	0.0	0.0	0.0	0.0	0.0	0.0	39.0	0.0	0.0	0.0	455.0	0.0	14.0	0.0	0.0	4.0	0.0	0.0	0.0	12.0	0.0	0.0	0.0	0.0	0.0	27.0	0.0	0.0	2.0	0.0	0.0	0.0	0.0	0.0	0.0	0.0	0.0	170.0	0.0	0.0	0.0	0.0	0.0	0.0	0.0	0.0	0.0	0.0	0.0	0.0	0.0	0.0	0.0	0.0	0.0	0.0	0.0	0.0	0.0	202.0	0.0	0.0	0.0	0.0	0.0	0.0	0.0	40.0	0.0	0.0	0.0	0.0	0.0	0.0	0.0	0.0	0.0	0.0	0.0	0.0	0.0	0.0	0.0	0.0	0.0	0.0	0.0	0.0	0.0	0.0	0.0	0.0	0.0	0.0	0.0	0.0	0.0	0.0	0.0	0.0	0.0	0.0	0.0	0.0	0.0	0.0	0.0	0.0	0.0	0.0	0.0	0.0	0.0	0.0	0.0	0.0	0.0	0.0	0.0	0.0	0.0	0.0	0.0	0.0	0.0	0.0	0.0	0.0	0.0	0.0	0.0	0.0	0.0	0.0	0.0	0.0	0.0	0.0	0.0	0.0	0.0	0.0	0.0	0.0	0.0	0.0	0.0	0.0	0.0	0.0	0.0	0.0	0.0	0.0	0.0	0.0	0.0	0.0
SRR21723361	1510.0	16.0	255.0	0.0	41.0	0.0	0.0	0.0	11.0	554.0	111.0	0.0	0.0	7.0	48.0	1766.0	175.0	48.0	20.0	4.0	220.0	61.0	84.0	0.0	926.0	68.0	20.0	302.0	484.0	14.0	0.0	0.0	16.0	0.0	833.0	10.0	0.0	0.0	0.0	153.0	335.0	23.0	0.0	0.0	41.0	79.0	46.0	2.0	124.0	143.0	346.0	0.0	13.0	2.0	118.0	0.0	103.0	0.0	0.0	49.0	0.0	0.0	0.0	0.0	8.0	16.0	94.0	0.0	0.0	152.0	56.0	0.0	0.0	4.0	217.0	13.0	3.0	0.0	0.0	0.0	0.0	0.0	3.0	0.0	0.0	0.0	125.0	89.0	0.0	0.0	127.0	42.0	14.0	527.0	9.0	2.0	0.0	0.0	0.0	6.0	0.0	0.0	16.0	470.0	22.0	5.0	4.0	0.0	0.0	0.0	0.0	0.0	2.0	0.0	0.0	29.0	0.0	0.0	90.0	0.0	0.0	0.0	63.0	0.0	0.0	0.0	97.0	0.0	0.0	10.0	0.0	208.0	4.0	4.0	0.0	0.0	0.0	13.0	0.0	0.0	102.0	3.0	20.0	0.0	0.0	0.0	0.0	0.0	4.0	0.0	0.0	2.0	11.0	0.0	0.0	0.0	3.0	0.0	0.0	0.0	0.0	0.0	0.0	0.0	0.0	0.0	0.0	26.0	0.0	49.0	0.0	0.0	0.0	57.0	0.0	0.0	5.0	0.0	0.0	0.0	7.0	0.0	0.0	0.0	0.0	0.0	0.0	0.0	0.0	0.0	0.0	0.0	0.0	0.0	0.0	0.0	39.0	0.0	0.0	0.0	67.0	0.0	0.0	0.0	0.0	0.0	0.0	0.0	0.0	0.0	0.0	3.0	0.0	0.0	0.0	0.0	0.0	0.0	0.0	0.0	0.0	0.0	61.0	0.0	0.0	0.0	0.0	0.0	0.0	0.0	0.0	0.0	0.0	6.0	0.0	0.0	0.0	0.0	0.0	0.0	0.0	0.0	0.0	0.0	0.0	0.0	0.0	0.0	0.0	0.0	0.0	0.0	0.0	0.0	0.0	0.0	0.0	0.0	0.0	0.0	0.0	0.0	0.0	0.0	0.0	0.0	0.0	0.0	0.0	0.0	0.0	0.0	0.0	0.0	0.0	0.0	0.0	0.0	0.0	0.0	0.0	0.0	0.0	0.0	0.0	0.0	0.0	0.0	0.0	0.0	0.0	0.0	0.0	0.0	0.0	0.0	0.0	0.0	0.0	0.0	0.0	0.0	0.0	0.0	0.0	0.0	0.0	0.0	0.0	0.0	0.0	0.0	0.0	0.0	0.0	0.0	0.0	0.0	0.0	0.0	0.0
SRR21723362	855.0	39.0	412.0	0.0	55.0	0.0	0.0	0.0	33.0	612.0	95.0	53.0	7.0	5.0	30.0	1680.0	81.0	89.0	46.0	0.0	294.0	55.0	0.0	15.0	1133.0	48.0	30.0	276.0	668.0	19.0	7.0	0.0	25.0	0.0	406.0	0.0	0.0	0.0	0.0	65.0	656.0	12.0	0.0	0.0	35.0	175.0	107.0	0.0	150.0	0.0	344.0	2.0	17.0	0.0	203.0	0.0	182.0	0.0	0.0	203.0	0.0	0.0	0.0	0.0	0.0	6.0	60.0	0.0	0.0	184.0	54.0	0.0	0.0	0.0	194.0	15.0	0.0	0.0	0.0	7.0	0.0	0.0	3.0	0.0	16.0	0.0	49.0	89.0	0.0	0.0	264.0	30.0	6.0	337.0	13.0	0.0	0.0	0.0	0.0	0.0	0.0	0.0	76.0	321.0	69.0	3.0	0.0	0.0	0.0	0.0	0.0	0.0	0.0	0.0	14.0	132.0	0.0	0.0	274.0	0.0	0.0	0.0	30.0	0.0	0.0	0.0	41.0	0.0	0.0	0.0	0.0	190.0	2.0	0.0	0.0	0.0	0.0	0.0	0.0	0.0	29.0	6.0	0.0	0.0	7.0	0.0	0.0	0.0	0.0	0.0	2.0	0.0	0.0	0.0	0.0	0.0	0.0	0.0	0.0	0.0	14.0	0.0	0.0	3.0	0.0	9.0	0.0	0.0	0.0	35.0	7.0	0.0	0.0	55.0	0.0	34.0	0.0	0.0	3.0	0.0	0.0	0.0	0.0	0.0	0.0	0.0	0.0	0.0	21.0	0.0	0.0	0.0	0.0	24.0	0.0	0.0	77.0	0.0	0.0	0.0	98.0	0.0	0.0	0.0	0.0	0.0	0.0	0.0	0.0	0.0	0.0	0.0	0.0	0.0	0.0	0.0	0.0	0.0	0.0	0.0	0.0	0.0	116.0	0.0	0.0	0.0	0.0	0.0	0.0	0.0	0.0	0.0	0.0	0.0	0.0	0.0	0.0	0.0	0.0	0.0	0.0	0.0	0.0	0.0	0.0	0.0	0.0	0.0	0.0	0.0	0.0	0.0	0.0	0.0	0.0	0.0	0.0	0.0	0.0	0.0	0.0	0.0	0.0	0.0	0.0	0.0	0.0	0.0	0.0	0.0	0.0	0.0	0.0	0.0	0.0	0.0	0.0	0.0	0.0	0.0	0.0	0.0	0.0	0.0	0.0	0.0	0.0	0.0	0.0	0.0	0.0	0.0	0.0	0.0	0.0	0.0	0.0	0.0	0.0	0.0	0.0	0.0	0.0	0.0	0.0	0.0	0.0	0.0	0.0	0.0	0.0	0.0	0.0	0.0	0.0	0.0	0.0	0.0	0.0	0.0	0.0
SRR21723363	1331.0	44.0	435.0	0.0	94.0	0.0	4.0	0.0	16.0	565.0	128.0	87.0	12.0	16.0	41.0	1874.0	163.0	66.0	63.0	11.0	149.0	90.0	27.0	50.0	1344.0	65.0	3.0	318.0	763.0	0.0	0.0	23.0	129.0	0.0	791.0	0.0	0.0	37.0	0.0	163.0	831.0	5.0	0.0	0.0	0.0	179.0	104.0	0.0	144.0	0.0	403.0	0.0	13.0	9.0	117.0	3.0	113.0	0.0	0.0	114.0	0.0	0.0	0.0	0.0	14.0	32.0	61.0	0.0	0.0	189.0	207.0	2.0	0.0	7.0	294.0	12.0	0.0	0.0	0.0	0.0	0.0	0.0	0.0	0.0	0.0	0.0	187.0	146.0	3.0	0.0	264.0	21.0	6.0	771.0	31.0	0.0	10.0	0.0	0.0	4.0	0.0	3.0	58.0	256.0	59.0	3.0	9.0	0.0	0.0	0.0	0.0	0.0	0.0	0.0	0.0	110.0	0.0	0.0	238.0	0.0	0.0	0.0	3.0	0.0	0.0	0.0	100.0	0.0	0.0	0.0	0.0	169.0	0.0	0.0	3.0	2.0	0.0	5.0	0.0	4.0	56.0	0.0	0.0	0.0	0.0	0.0	16.0	0.0	0.0	0.0	0.0	0.0	0.0	7.0	0.0	0.0	0.0	0.0	0.0	0.0	0.0	0.0	0.0	4.0	0.0	0.0	0.0	0.0	0.0	70.0	9.0	0.0	0.0	150.0	0.0	19.0	0.0	0.0	10.0	0.0	3.0	0.0	0.0	0.0	0.0	0.0	3.0	2.0	41.0	0.0	0.0	0.0	7.0	0.0	0.0	0.0	52.0	0.0	0.0	0.0	93.0	0.0	0.0	0.0	0.0	0.0	0.0	0.0	0.0	0.0	0.0	0.0	0.0	0.0	0.0	0.0	0.0	0.0	0.0	0.0	0.0	0.0	90.0	0.0	0.0	0.0	0.0	0.0	0.0	0.0	0.0	0.0	0.0	0.0	0.0	0.0	0.0	0.0	0.0	0.0	0.0	0.0	0.0	0.0	0.0	0.0	0.0	0.0	0.0	0.0	0.0	0.0	0.0	0.0	0.0	0.0	0.0	0.0	0.0	0.0	0.0	0.0	0.0	0.0	0.0	0.0	0.0	0.0	0.0	0.0	0.0	0.0	0.0	0.0	0.0	0.0	0.0	0.0	0.0	0.0	0.0	0.0	0.0	0.0	0.0	0.0	0.0	0.0	0.0	0.0	0.0	0.0	0.0	0.0	0.0	0.0	0.0	0.0	0.0	0.0	0.0	0.0	0.0	0.0	0.0	0.0	0.0	0.0	0.0	0.0	0.0	0.0	0.0	0.0	0.0	0.0	0.0	0.0	0.0	0.0	0.0
SRR21723364	3428.0	312.0	1134.0	0.0	419.0	0.0	0.0	0.0	37.0	1677.0	540.0	247.0	14.0	55.0	95.0	3746.0	600.0	322.0	7.0	183.0	1303.0	291.0	192.0	9.0	2855.0	368.0	151.0	856.0	2511.0	70.0	0.0	69.0	269.0	0.0	2695.0	5.0	0.0	0.0	0.0	808.0	2402.0	79.0	29.0	5.0	254.0	411.0	350.0	2.0	712.0	112.0	1569.0	0.0	72.0	6.0	660.0	0.0	775.0	0.0	2.0	432.0	0.0	8.0	0.0	4.0	131.0	53.0	260.0	0.0	29.0	701.0	248.0	5.0	0.0	13.0	395.0	22.0	7.0	0.0	0.0	16.0	0.0	20.0	0.0	0.0	0.0	0.0	741.0	250.0	0.0	0.0	458.0	73.0	28.0	1105.0	63.0	0.0	3.0	0.0	0.0	5.0	0.0	0.0	85.0	806.0	16.0	3.0	273.0	8.0	8.0	0.0	0.0	0.0	15.0	28.0	49.0	166.0	0.0	0.0	300.0	0.0	22.0	0.0	76.0	0.0	0.0	0.0	281.0	0.0	0.0	15.0	0.0	842.0	8.0	0.0	0.0	8.0	0.0	51.0	0.0	0.0	71.0	3.0	48.0	0.0	21.0	0.0	0.0	7.0	6.0	0.0	5.0	0.0	0.0	7.0	0.0	7.0	0.0	0.0	0.0	16.0	242.0	0.0	0.0	0.0	0.0	19.0	0.0	37.0	0.0	118.0	51.0	6.0	0.0	43.0	0.0	8.0	18.0	0.0	8.0	62.0	3.0	0.0	0.0	0.0	0.0	0.0	0.0	0.0	0.0	0.0	0.0	0.0	0.0	41.0	0.0	0.0	0.0	0.0	0.0	0.0	276.0	0.0	0.0	0.0	0.0	0.0	0.0	0.0	0.0	0.0	0.0	0.0	0.0	0.0	0.0	0.0	0.0	0.0	0.0	0.0	0.0	0.0	194.0	0.0	0.0	0.0	0.0	0.0	0.0	0.0	0.0	2.0	0.0	0.0	0.0	0.0	0.0	0.0	0.0	0.0	0.0	0.0	0.0	3.0	0.0	0.0	0.0	0.0	0.0	0.0	0.0	0.0	0.0	0.0	0.0	0.0	0.0	0.0	0.0	0.0	0.0	0.0	0.0	0.0	0.0	3.0	0.0	0.0	0.0	0.0	0.0	0.0	0.0	0.0	0.0	0.0	3.0	0.0	0.0	0.0	0.0	0.0	0.0	0.0	0.0	0.0	0.0	0.0	0.0	0.0	0.0	0.0	0.0	0.0	0.0	0.0	0.0	0.0	0.0	0.0	0.0	0.0	0.0	0.0	0.0	0.0	12.0	0.0	0.0	0.0	0.0	0.0	0.0	0.0	0.0	0.0	0.0	0.0	0.0	0.0	0.0
SRR21723365	1208.0	100.0	404.0	0.0	109.0	0.0	3.0	3.0	24.0	816.0	196.0	105.0	0.0	10.0	3.0	1470.0	141.0	125.0	35.0	0.0	180.0	105.0	79.0	0.0	1156.0	70.0	3.0	344.0	957.0	0.0	10.0	25.0	0.0	0.0	955.0	0.0	0.0	5.0	0.0	146.0	377.0	3.0	16.0	0.0	71.0	267.0	31.0	0.0	169.0	45.0	301.0	0.0	18.0	0.0	140.0	0.0	80.0	0.0	0.0	41.0	0.0	0.0	0.0	0.0	7.0	0.0	8.0	0.0	2.0	156.0	50.0	0.0	0.0	0.0	218.0	0.0	0.0	0.0	0.0	0.0	0.0	5.0	0.0	0.0	0.0	0.0	68.0	88.0	0.0	0.0	109.0	18.0	0.0	418.0	37.0	3.0	5.0	0.0	0.0	0.0	0.0	0.0	17.0	331.0	0.0	0.0	75.0	0.0	3.0	0.0	0.0	0.0	4.0	0.0	0.0	0.0	0.0	0.0	137.0	0.0	0.0	0.0	36.0	0.0	0.0	0.0	87.0	0.0	0.0	0.0	0.0	210.0	0.0	0.0	8.0	0.0	0.0	10.0	0.0	3.0	84.0	5.0	26.0	0.0	13.0	0.0	0.0	0.0	0.0	0.0	0.0	0.0	4.0	0.0	0.0	0.0	0.0	0.0	0.0	0.0	57.0	0.0	3.0	3.0	0.0	5.0	0.0	2.0	0.0	34.0	13.0	0.0	0.0	4.0	0.0	0.0	0.0	0.0	2.0	0.0	4.0	0.0	0.0	0.0	0.0	0.0	0.0	0.0	50.0	0.0	0.0	0.0	0.0	0.0	0.0	0.0	49.0	0.0	0.0	0.0	71.0	0.0	0.0	0.0	0.0	0.0	0.0	0.0	0.0	0.0	0.0	0.0	0.0	0.0	0.0	0.0	0.0	0.0	0.0	0.0	0.0	0.0	58.0	0.0	0.0	0.0	0.0	0.0	0.0	0.0	0.0	0.0	0.0	0.0	0.0	0.0	0.0	0.0	0.0	0.0	0.0	0.0	0.0	0.0	0.0	0.0	0.0	0.0	0.0	0.0	0.0	0.0	0.0	0.0	0.0	0.0	0.0	0.0	0.0	0.0	0.0	0.0	0.0	0.0	0.0	0.0	0.0	0.0	0.0	0.0	0.0	0.0	0.0	0.0	0.0	0.0	0.0	0.0	0.0	0.0	0.0	0.0	0.0	0.0	0.0	0.0	0.0	0.0	0.0	0.0	0.0	0.0	0.0	0.0	0.0	0.0	0.0	0.0	0.0	0.0	0.0	0.0	0.0	0.0	0.0	0.0	0.0	0.0	0.0	0.0	0.0	0.0	0.0	0.0	0.0	0.0	0.0	0.0	0.0	0.0	0.0
SRR21723366	1435.0	13.0	1122.0	0.0	60.0	0.0	2.0	0.0	70.0	886.0	186.0	335.0	0.0	40.0	31.0	1079.0	57.0	166.0	67.0	25.0	655.0	105.0	273.0	12.0	1443.0	174.0	37.0	257.0	1655.0	0.0	0.0	74.0	57.0	2.0	1629.0	5.0	0.0	0.0	0.0	276.0	1132.0	32.0	23.0	0.0	129.0	541.0	57.0	0.0	526.0	38.0	215.0	0.0	14.0	0.0	140.0	0.0	419.0	0.0	0.0	82.0	0.0	0.0	0.0	8.0	10.0	49.0	78.0	0.0	7.0	230.0	63.0	0.0	3.0	5.0	537.0	22.0	0.0	3.0	0.0	3.0	0.0	23.0	0.0	0.0	0.0	0.0	419.0	89.0	4.0	0.0	196.0	0.0	21.0	467.0	4.0	3.0	0.0	0.0	0.0	5.0	0.0	0.0	5.0	276.0	21.0	6.0	116.0	21.0	2.0	0.0	0.0	0.0	0.0	0.0	0.0	27.0	0.0	2.0	302.0	6.0	0.0	0.0	91.0	0.0	0.0	0.0	71.0	0.0	0.0	0.0	0.0	258.0	5.0	0.0	0.0	3.0	0.0	16.0	0.0	0.0	55.0	3.0	53.0	0.0	7.0	0.0	6.0	67.0	0.0	0.0	0.0	0.0	0.0	0.0	0.0	0.0	0.0	0.0	0.0	0.0	89.0	0.0	3.0	3.0	0.0	0.0	0.0	16.0	0.0	70.0	22.0	0.0	0.0	2.0	0.0	0.0	0.0	0.0	0.0	27.0	0.0	0.0	0.0	0.0	0.0	0.0	0.0	0.0	0.0	0.0	4.0	3.0	0.0	0.0	0.0	0.0	91.0	0.0	0.0	0.0	266.0	0.0	0.0	8.0	0.0	0.0	0.0	0.0	0.0	0.0	0.0	0.0	0.0	0.0	0.0	0.0	0.0	0.0	0.0	0.0	0.0	0.0	46.0	0.0	0.0	0.0	0.0	0.0	0.0	0.0	0.0	0.0	0.0	2.0	0.0	0.0	0.0	0.0	0.0	0.0	0.0	0.0	0.0	0.0	0.0	0.0	0.0	0.0	0.0	0.0	0.0	0.0	0.0	0.0	0.0	0.0	15.0	0.0	0.0	5.0	0.0	0.0	0.0	0.0	0.0	0.0	0.0	0.0	0.0	0.0	0.0	0.0	0.0	0.0	0.0	0.0	0.0	0.0	0.0	0.0	0.0	0.0	0.0	0.0	0.0	0.0	0.0	0.0	0.0	0.0	0.0	0.0	0.0	0.0	0.0	0.0	0.0	0.0	0.0	0.0	0.0	0.0	0.0	0.0	0.0	0.0	0.0	0.0	0.0	0.0	0.0	0.0	0.0	0.0	0.0	0.0	0.0	0.0	0.0	0.0	0.0
SRR21723369	610.0	61.0	341.0	0.0	143.0	0.0	0.0	0.0	59.0	549.0	148.0	88.0	3.0	30.0	11.0	1283.0	175.0	65.0	150.0	51.0	413.0	71.0	16.0	22.0	1044.0	229.0	20.0	300.0	1454.0	40.0	0.0	0.0	122.0	0.0	1172.0	4.0	0.0	25.0	0.0	346.0	1673.0	38.0	0.0	4.0	125.0	184.0	127.0	2.0	304.0	0.0	422.0	0.0	58.0	4.0	88.0	0.0	529.0	0.0	0.0	95.0	0.0	0.0	0.0	0.0	4.0	0.0	99.0	0.0	0.0	195.0	120.0	0.0	7.0	3.0	281.0	0.0	3.0	0.0	0.0	4.0	0.0	0.0	0.0	0.0	26.0	0.0	82.0	17.0	2.0	0.0	127.0	42.0	0.0	150.0	32.0	0.0	0.0	0.0	0.0	0.0	0.0	0.0	61.0	293.0	35.0	8.0	0.0	63.0	7.0	4.0	0.0	0.0	6.0	0.0	9.0	120.0	0.0	0.0	103.0	3.0	15.0	0.0	56.0	0.0	0.0	7.0	82.0	0.0	0.0	0.0	0.0	513.0	0.0	0.0	0.0	3.0	0.0	0.0	0.0	0.0	18.0	2.0	0.0	3.0	5.0	2.0	5.0	0.0	0.0	0.0	0.0	0.0	2.0	0.0	0.0	0.0	2.0	0.0	2.0	0.0	26.0	4.0	0.0	0.0	3.0	0.0	0.0	3.0	0.0	29.0	19.0	0.0	0.0	155.0	0.0	0.0	0.0	0.0	9.0	0.0	0.0	0.0	22.0	0.0	0.0	0.0	0.0	0.0	31.0	0.0	0.0	0.0	0.0	0.0	0.0	24.0	0.0	0.0	0.0	0.0	177.0	0.0	0.0	0.0	0.0	0.0	0.0	0.0	0.0	0.0	0.0	0.0	0.0	0.0	0.0	0.0	0.0	0.0	0.0	0.0	0.0	0.0	86.0	0.0	0.0	0.0	0.0	0.0	0.0	0.0	0.0	0.0	3.0	0.0	0.0	0.0	0.0	0.0	0.0	0.0	0.0	0.0	0.0	0.0	0.0	0.0	0.0	0.0	0.0	0.0	0.0	0.0	0.0	0.0	0.0	0.0	0.0	0.0	0.0	0.0	0.0	0.0	0.0	0.0	0.0	0.0	0.0	0.0	0.0	0.0	0.0	0.0	0.0	0.0	0.0	0.0	0.0	0.0	0.0	0.0	0.0	0.0	0.0	0.0	0.0	0.0	0.0	0.0	0.0	0.0	0.0	0.0	0.0	0.0	0.0	0.0	0.0	0.0	0.0	0.0	0.0	0.0	0.0	0.0	0.0	0.0	0.0	0.0	0.0	0.0	0.0	0.0	0.0	0.0	0.0	0.0	0.0	0.0	0.0	0.0	0.0
SRR21723373	158.0	616.0	2393.0	0.0	244.0	0.0	0.0	0.0	5.0	183.0	3.0	209.0	0.0	22.0	57.0	104.0	17.0	287.0	2208.0	28.0	633.0	50.0	0.0	84.0	2372.0	266.0	13.0	16.0	1935.0	141.0	0.0	5.0	2879.0	0.0	380.0	16.0	0.0	913.0	0.0	106.0	5595.0	33.0	19.0	0.0	4254.0	1631.0	174.0	75.0	3024.0	0.0	62.0	0.0	37.0	0.0	96.0	0.0	335.0	0.0	6.0	731.0	0.0	31.0	2.0	0.0	0.0	27.0	10.0	0.0	37.0	88.0	487.0	0.0	4.0	2.0	412.0	6.0	0.0	0.0	0.0	60.0	0.0	17.0	0.0	0.0	73.0	12.0	1041.0	28.0	0.0	0.0	1024.0	51.0	0.0	8.0	0.0	0.0	0.0	0.0	0.0	0.0	0.0	0.0	0.0	20.0	2227.0	9.0	398.0	6.0	0.0	0.0	0.0	0.0	0.0	0.0	30.0	4947.0	0.0	0.0	63.0	73.0	10.0	0.0	6.0	0.0	0.0	5.0	72.0	0.0	5.0	38.0	0.0	1012.0	10.0	0.0	0.0	4.0	0.0	0.0	0.0	0.0	0.0	0.0	0.0	19.0	0.0	0.0	156.0	0.0	0.0	0.0	0.0	0.0	0.0	0.0	0.0	0.0	63.0	0.0	14.0	3.0	16.0	0.0	0.0	0.0	0.0	5.0	0.0	0.0	0.0	42.0	0.0	0.0	0.0	5916.0	0.0	0.0	0.0	0.0	0.0	106.0	0.0	15.0	0.0	0.0	0.0	0.0	0.0	0.0	0.0	0.0	0.0	0.0	0.0	0.0	0.0	5.0	52.0	0.0	0.0	50.0	761.0	0.0	0.0	0.0	0.0	0.0	0.0	0.0	0.0	0.0	0.0	0.0	0.0	0.0	0.0	0.0	0.0	0.0	0.0	0.0	0.0	0.0	659.0	0.0	0.0	0.0	0.0	0.0	0.0	0.0	0.0	0.0	0.0	0.0	0.0	0.0	0.0	0.0	0.0	0.0	0.0	8.0	0.0	0.0	0.0	0.0	0.0	0.0	0.0	0.0	0.0	0.0	0.0	0.0	0.0	0.0	0.0	0.0	0.0	0.0	0.0	0.0	0.0	0.0	0.0	0.0	0.0	0.0	0.0	0.0	0.0	0.0	0.0	0.0	0.0	0.0	0.0	0.0	0.0	0.0	0.0	0.0	0.0	0.0	0.0	0.0	0.0	0.0	0.0	0.0	0.0	0.0	0.0	0.0	0.0	0.0	0.0	0.0	0.0	0.0	0.0	0.0	0.0	0.0	0.0	0.0	0.0	0.0	0.0	0.0	0.0	0.0	0.0	0.0	0.0	0.0	0.0	0.0	0.0	0.0	0.0
SRR21723374	117.0	235.0	1350.0	0.0	178.0	0.0	0.0	0.0	0.0	248.0	87.0	361.0	0.0	20.0	27.0	348.0	7.0	94.0	1373.0	0.0	347.0	3.0	0.0	94.0	1908.0	238.0	9.0	6.0	1574.0	77.0	0.0	0.0	2927.0	0.0	540.0	10.0	3.0	72.0	0.0	168.0	5218.0	13.0	67.0	0.0	3137.0	1278.0	197.0	14.0	3148.0	0.0	139.0	0.0	6.0	0.0	88.0	0.0	282.0	0.0	0.0	834.0	0.0	65.0	0.0	0.0	0.0	0.0	10.0	0.0	0.0	118.0	654.0	0.0	0.0	0.0	188.0	0.0	0.0	0.0	0.0	38.0	0.0	25.0	0.0	0.0	117.0	0.0	1948.0	28.0	0.0	0.0	2714.0	25.0	0.0	33.0	8.0	0.0	0.0	0.0	0.0	0.0	0.0	0.0	88.0	0.0	1931.0	0.0	333.0	0.0	0.0	0.0	0.0	0.0	0.0	0.0	26.0	5044.0	0.0	0.0	75.0	31.0	26.0	0.0	0.0	0.0	0.0	0.0	21.0	0.0	0.0	23.0	0.0	1000.0	0.0	0.0	0.0	0.0	0.0	0.0	0.0	0.0	0.0	0.0	7.0	4.0	0.0	0.0	200.0	0.0	0.0	0.0	0.0	0.0	0.0	0.0	0.0	0.0	3.0	0.0	76.0	0.0	0.0	0.0	0.0	0.0	0.0	0.0	0.0	0.0	36.0	82.0	0.0	0.0	0.0	7109.0	0.0	4.0	0.0	0.0	3.0	45.0	0.0	0.0	25.0	0.0	0.0	0.0	0.0	9.0	0.0	0.0	0.0	0.0	2.0	5.0	0.0	0.0	0.0	0.0	0.0	86.0	214.0	0.0	0.0	0.0	0.0	0.0	0.0	0.0	0.0	0.0	0.0	0.0	0.0	0.0	0.0	0.0	42.0	0.0	0.0	0.0	0.0	0.0	765.0	0.0	0.0	0.0	0.0	0.0	0.0	0.0	0.0	0.0	0.0	0.0	0.0	0.0	0.0	0.0	0.0	0.0	0.0	112.0	0.0	0.0	0.0	0.0	0.0	0.0	0.0	0.0	0.0	0.0	0.0	2.0	0.0	0.0	0.0	0.0	0.0	0.0	0.0	0.0	3.0	0.0	0.0	0.0	0.0	0.0	0.0	0.0	0.0	0.0	0.0	0.0	0.0	0.0	0.0	0.0	0.0	0.0	0.0	0.0	0.0	3.0	0.0	0.0	0.0	0.0	0.0	0.0	0.0	0.0	0.0	0.0	0.0	0.0	0.0	0.0	0.0	0.0	0.0	0.0	0.0	0.0	0.0	0.0	0.0	0.0	0.0	0.0	0.0	0.0	0.0	0.0	0.0	0.0	0.0	0.0	0.0	0.0	0.0
SRR21723375	15.0	142.0	996.0	0.0	140.0	0.0	0.0	0.0	0.0	199.0	13.0	90.0	0.0	9.0	28.0	141.0	5.0	72.0	1202.0	0.0	247.0	2.0	0.0	123.0	1582.0	134.0	0.0	14.0	758.0	49.0	0.0	2.0	2950.0	0.0	373.0	0.0	0.0	336.0	0.0	136.0	4310.0	0.0	0.0	0.0	1924.0	575.0	94.0	4.0	3341.0	0.0	63.0	0.0	11.0	0.0	95.0	0.0	195.0	0.0	0.0	748.0	0.0	6.0	0.0	0.0	0.0	0.0	18.0	0.0	3.0	63.0	331.0	0.0	0.0	0.0	184.0	0.0	0.0	8.0	0.0	67.0	0.0	8.0	0.0	0.0	88.0	10.0	1588.0	44.0	0.0	0.0	578.0	24.0	0.0	0.0	0.0	0.0	0.0	0.0	0.0	0.0	0.0	0.0	20.0	0.0	845.0	3.0	452.0	0.0	0.0	0.0	0.0	0.0	0.0	0.0	0.0	6046.0	0.0	6.0	17.0	0.0	0.0	0.0	2.0	0.0	0.0	7.0	0.0	0.0	0.0	26.0	0.0	970.0	8.0	0.0	0.0	0.0	0.0	0.0	0.0	0.0	0.0	0.0	10.0	19.0	11.0	0.0	85.0	0.0	0.0	0.0	0.0	0.0	0.0	0.0	0.0	0.0	111.0	0.0	0.0	3.0	0.0	0.0	0.0	0.0	0.0	0.0	0.0	0.0	0.0	13.0	0.0	0.0	0.0	8696.0	0.0	0.0	0.0	0.0	0.0	59.0	0.0	0.0	0.0	0.0	0.0	0.0	0.0	0.0	0.0	0.0	0.0	0.0	3.0	0.0	0.0	14.0	22.0	0.0	0.0	43.0	334.0	0.0	0.0	0.0	0.0	0.0	0.0	0.0	0.0	0.0	0.0	0.0	0.0	0.0	0.0	0.0	0.0	0.0	0.0	0.0	0.0	0.0	1168.0	0.0	0.0	0.0	0.0	0.0	0.0	0.0	0.0	0.0	0.0	0.0	0.0	7.0	0.0	0.0	0.0	0.0	0.0	0.0	0.0	0.0	0.0	0.0	0.0	0.0	0.0	0.0	0.0	0.0	0.0	0.0	0.0	0.0	0.0	0.0	0.0	0.0	0.0	0.0	0.0	0.0	0.0	0.0	0.0	0.0	0.0	0.0	0.0	0.0	0.0	0.0	0.0	0.0	0.0	0.0	0.0	0.0	0.0	0.0	0.0	0.0	0.0	0.0	0.0	0.0	0.0	0.0	0.0	0.0	0.0	0.0	0.0	0.0	0.0	0.0	0.0	0.0	0.0	0.0	0.0	0.0	0.0	0.0	0.0	0.0	0.0	0.0	0.0	0.0	0.0	0.0	0.0	0.0	0.0	0.0	0.0	0.0	0.0
SRR21723376	65.0	581.0	2396.0	0.0	107.0	0.0	5.0	5.0	0.0	155.0	0.0	122.0	0.0	24.0	15.0	224.0	13.0	99.0	1965.0	7.0	326.0	14.0	0.0	67.0	2120.0	253.0	0.0	12.0	1417.0	56.0	0.0	0.0	2436.0	0.0	216.0	9.0	0.0	1063.0	3.0	116.0	4488.0	9.0	0.0	0.0	2526.0	1018.0	152.0	91.0	2478.0	0.0	33.0	0.0	10.0	0.0	32.0	0.0	264.0	0.0	2.0	597.0	0.0	11.0	0.0	3.0	0.0	0.0	9.0	0.0	12.0	51.0	224.0	0.0	0.0	0.0	360.0	0.0	0.0	0.0	0.0	29.0	0.0	60.0	0.0	0.0	39.0	0.0	1186.0	3.0	0.0	0.0	1432.0	93.0	0.0	0.0	3.0	0.0	0.0	0.0	0.0	0.0	0.0	0.0	0.0	0.0	1312.0	7.0	372.0	6.0	0.0	0.0	0.0	0.0	0.0	0.0	58.0	4792.0	0.0	4.0	29.0	37.0	3.0	0.0	7.0	0.0	0.0	15.0	53.0	0.0	41.0	26.0	0.0	655.0	0.0	0.0	0.0	6.0	3.0	0.0	0.0	0.0	0.0	0.0	0.0	0.0	2.0	0.0	303.0	5.0	0.0	0.0	0.0	0.0	0.0	0.0	0.0	0.0	98.0	0.0	23.0	0.0	0.0	79.0	0.0	0.0	0.0	0.0	0.0	0.0	0.0	66.0	0.0	0.0	0.0	2520.0	3.0	0.0	0.0	16.0	0.0	75.0	0.0	18.0	0.0	0.0	0.0	0.0	0.0	6.0	0.0	0.0	3.0	0.0	0.0	0.0	0.0	22.0	22.0	0.0	0.0	0.0	339.0	7.0	0.0	0.0	0.0	0.0	0.0	0.0	0.0	0.0	0.0	0.0	0.0	0.0	0.0	0.0	0.0	0.0	0.0	0.0	0.0	0.0	290.0	0.0	0.0	0.0	0.0	0.0	0.0	0.0	0.0	0.0	0.0	0.0	0.0	0.0	0.0	0.0	0.0	0.0	0.0	13.0	0.0	6.0	0.0	0.0	0.0	0.0	0.0	0.0	0.0	0.0	0.0	0.0	0.0	0.0	0.0	0.0	0.0	0.0	0.0	0.0	0.0	0.0	0.0	0.0	0.0	0.0	0.0	0.0	0.0	0.0	0.0	0.0	0.0	0.0	0.0	0.0	0.0	0.0	0.0	0.0	0.0	0.0	0.0	0.0	0.0	0.0	0.0	0.0	0.0	0.0	0.0	0.0	0.0	0.0	0.0	0.0	0.0	0.0	0.0	0.0	0.0	0.0	0.0	0.0	0.0	0.0	0.0	0.0	0.0	0.0	0.0	0.0	0.0	0.0	0.0	0.0	0.0	0.0	0.0
SRR21723377	179.0	189.0	852.0	0.0	232.0	0.0	0.0	0.0	7.0	203.0	30.0	302.0	0.0	29.0	33.0	136.0	0.0	27.0	536.0	0.0	2094.0	7.0	8.0	89.0	1198.0	261.0	0.0	88.0	4912.0	304.0	0.0	100.0	1629.0	0.0	584.0	24.0	3.0	619.0	0.0	245.0	4430.0	21.0	37.0	0.0	5600.0	3746.0	51.0	0.0	3697.0	0.0	75.0	0.0	5.0	0.0	98.0	0.0	415.0	0.0	8.0	212.0	0.0	57.0	0.0	7.0	0.0	0.0	29.0	0.0	3.0	52.0	1102.0	0.0	0.0	0.0	796.0	0.0	0.0	0.0	0.0	2.0	0.0	15.0	0.0	0.0	153.0	3.0	52591.0	44.0	0.0	0.0	8108.0	79.0	0.0	26.0	0.0	0.0	0.0	0.0	0.0	0.0	0.0	0.0	0.0	24.0	1097.0	25.0	244.0	8.0	0.0	0.0	0.0	0.0	0.0	0.0	0.0	2089.0	0.0	0.0	256.0	0.0	23.0	0.0	6.0	0.0	0.0	0.0	72.0	0.0	0.0	33.0	0.0	1183.0	5.0	0.0	0.0	0.0	0.0	0.0	0.0	0.0	0.0	0.0	13.0	6.0	0.0	0.0	67.0	10.0	0.0	0.0	0.0	0.0	0.0	3.0	0.0	0.0	0.0	0.0	29.0	0.0	0.0	0.0	0.0	0.0	0.0	0.0	0.0	0.0	2.0	93.0	0.0	0.0	0.0	5878.0	0.0	0.0	0.0	11.0	2.0	226.0	0.0	0.0	7.0	0.0	0.0	0.0	0.0	0.0	31.0	0.0	0.0	0.0	0.0	0.0	0.0	0.0	45.0	0.0	0.0	21.0	998.0	0.0	0.0	0.0	0.0	0.0	0.0	0.0	0.0	0.0	0.0	0.0	0.0	0.0	0.0	0.0	0.0	0.0	0.0	0.0	0.0	0.0	1652.0	0.0	0.0	0.0	0.0	0.0	0.0	0.0	0.0	0.0	0.0	0.0	0.0	0.0	0.0	0.0	0.0	0.0	0.0	16.0	0.0	0.0	0.0	0.0	0.0	0.0	0.0	0.0	0.0	0.0	0.0	0.0	0.0	0.0	11.0	0.0	0.0	0.0	0.0	0.0	0.0	0.0	0.0	0.0	0.0	0.0	0.0	0.0	0.0	0.0	0.0	0.0	0.0	29.0	0.0	0.0	0.0	34.0	0.0	0.0	0.0	0.0	0.0	0.0	0.0	0.0	0.0	0.0	0.0	0.0	0.0	0.0	0.0	0.0	0.0	0.0	0.0	0.0	0.0	0.0	0.0	0.0	0.0	0.0	0.0	0.0	0.0	0.0	0.0	0.0	0.0	0.0	0.0	0.0	0.0	0.0	0.0	0.0	0.0
SRR21723378	94.0	464.0	1805.0	0.0	175.0	0.0	0.0	0.0	13.0	182.0	45.0	188.0	0.0	18.0	24.0	314.0	35.0	230.0	1540.0	0.0	426.0	40.0	0.0	127.0	1532.0	823.0	0.0	44.0	1622.0	97.0	0.0	34.0	1887.0	0.0	300.0	16.0	0.0	2385.0	0.0	94.0	3706.0	7.0	10.0	0.0	3018.0	712.0	130.0	31.0	2957.0	0.0	107.0	5.0	34.0	0.0	21.0	0.0	293.0	0.0	13.0	481.0	0.0	0.0	0.0	0.0	8.0	0.0	0.0	0.0	21.0	120.0	145.0	0.0	0.0	0.0	357.0	0.0	0.0	0.0	0.0	42.0	0.0	12.0	0.0	0.0	0.0	5.0	2961.0	77.0	0.0	0.0	818.0	59.0	0.0	19.0	5.0	0.0	0.0	0.0	0.0	0.0	0.0	0.0	38.0	40.0	1622.0	13.0	257.0	0.0	0.0	0.0	0.0	0.0	0.0	0.0	71.0	3094.0	0.0	0.0	67.0	54.0	12.0	0.0	6.0	0.0	0.0	24.0	50.0	0.0	7.0	311.0	0.0	472.0	7.0	0.0	0.0	0.0	0.0	0.0	0.0	0.0	0.0	0.0	0.0	98.0	0.0	0.0	168.0	0.0	0.0	0.0	0.0	0.0	0.0	0.0	0.0	0.0	122.0	0.0	148.0	0.0	11.0	0.0	0.0	0.0	0.0	0.0	0.0	0.0	0.0	45.0	0.0	23.0	0.0	3199.0	0.0	0.0	0.0	0.0	0.0	103.0	0.0	5.0	0.0	0.0	0.0	0.0	0.0	0.0	26.0	0.0	0.0	0.0	0.0	0.0	0.0	188.0	36.0	0.0	0.0	0.0	564.0	0.0	0.0	0.0	0.0	0.0	0.0	0.0	8.0	0.0	0.0	0.0	0.0	0.0	0.0	0.0	0.0	0.0	0.0	0.0	0.0	0.0	321.0	0.0	0.0	0.0	0.0	0.0	0.0	0.0	0.0	0.0	0.0	0.0	0.0	0.0	0.0	0.0	0.0	0.0	0.0	0.0	0.0	0.0	0.0	0.0	0.0	0.0	0.0	0.0	0.0	0.0	0.0	0.0	0.0	0.0	112.0	0.0	0.0	0.0	0.0	0.0	0.0	0.0	0.0	0.0	0.0	0.0	0.0	0.0	0.0	0.0	0.0	0.0	0.0	0.0	0.0	0.0	0.0	29.0	0.0	0.0	0.0	0.0	0.0	0.0	0.0	0.0	0.0	0.0	0.0	0.0	0.0	0.0	0.0	0.0	0.0	0.0	0.0	0.0	0.0	0.0	0.0	0.0	0.0	8.0	0.0	0.0	0.0	0.0	0.0	0.0	0.0	0.0	0.0	0.0	0.0	0.0	0.0	0.0	0.0
SRR21723379	78.0	414.0	1640.0	0.0	222.0	0.0	0.0	0.0	0.0	29.0	18.0	115.0	0.0	48.0	29.0	354.0	0.0	211.0	1991.0	11.0	396.0	55.0	0.0	32.0	2029.0	349.0	0.0	15.0	1418.0	93.0	0.0	0.0	2638.0	0.0	260.0	12.0	0.0	945.0	0.0	123.0	3648.0	18.0	27.0	3.0	3379.0	841.0	163.0	59.0	3414.0	0.0	102.0	0.0	60.0	0.0	60.0	0.0	354.0	0.0	0.0	588.0	0.0	6.0	0.0	3.0	4.0	0.0	45.0	0.0	0.0	120.0	266.0	0.0	0.0	0.0	348.0	0.0	0.0	0.0	0.0	81.0	0.0	41.0	0.0	0.0	30.0	14.0	1067.0	20.0	0.0	0.0	458.0	67.0	0.0	53.0	11.0	0.0	0.0	0.0	0.0	0.0	0.0	0.0	20.0	27.0	2289.0	3.0	436.0	0.0	0.0	0.0	2.0	0.0	0.0	0.0	41.0	2742.0	0.0	0.0	6.0	52.0	0.0	0.0	0.0	0.0	0.0	10.0	84.0	0.0	20.0	520.0	0.0	541.0	13.0	0.0	0.0	9.0	0.0	0.0	0.0	0.0	0.0	0.0	0.0	66.0	2.0	0.0	73.0	0.0	0.0	0.0	0.0	0.0	0.0	0.0	0.0	0.0	54.0	0.0	87.0	0.0	14.0	37.0	0.0	0.0	0.0	0.0	0.0	0.0	11.0	0.0	0.0	0.0	0.0	6181.0	0.0	5.0	0.0	9.0	6.0	87.0	0.0	34.0	0.0	0.0	0.0	0.0	0.0	0.0	22.0	0.0	0.0	0.0	0.0	5.0	0.0	40.0	0.0	0.0	0.0	0.0	717.0	0.0	0.0	0.0	0.0	0.0	0.0	0.0	0.0	0.0	0.0	0.0	0.0	0.0	0.0	0.0	0.0	0.0	0.0	0.0	0.0	0.0	499.0	0.0	0.0	0.0	0.0	0.0	0.0	0.0	5.0	0.0	0.0	0.0	0.0	0.0	0.0	0.0	0.0	0.0	0.0	0.0	0.0	0.0	0.0	6.0	0.0	0.0	0.0	0.0	0.0	0.0	0.0	0.0	0.0	0.0	0.0	0.0	0.0	0.0	0.0	0.0	0.0	0.0	0.0	0.0	0.0	4.0	0.0	0.0	0.0	0.0	0.0	0.0	0.0	0.0	0.0	0.0	0.0	0.0	0.0	0.0	0.0	0.0	0.0	0.0	0.0	0.0	0.0	0.0	0.0	0.0	0.0	0.0	0.0	0.0	0.0	0.0	0.0	0.0	0.0	0.0	0.0	0.0	0.0	0.0	0.0	0.0	0.0	0.0	0.0	0.0	0.0	0.0	0.0	0.0	0.0	0.0	0.0	0.0	0.0
SRR21723380	555.0	62.0	554.0	0.0	84.0	0.0	0.0	0.0	32.0	147.0	123.0	124.0	0.0	22.0	9.0	1156.0	69.0	28.0	182.0	9.0	374.0	47.0	9.0	33.0	1036.0	162.0	0.0	151.0	1039.0	12.0	0.0	8.0	254.0	0.0	646.0	9.0	0.0	0.0	0.0	298.0	1457.0	60.0	0.0	0.0	171.0	428.0	114.0	15.0	616.0	0.0	484.0	4.0	10.0	0.0	148.0	0.0	483.0	0.0	2.0	196.0	0.0	0.0	0.0	0.0	14.0	0.0	9.0	0.0	8.0	167.0	227.0	0.0	0.0	0.0	235.0	0.0	0.0	2.0	0.0	2.0	0.0	29.0	0.0	0.0	0.0	0.0	126.0	50.0	0.0	0.0	317.0	36.0	0.0	186.0	30.0	0.0	0.0	0.0	0.0	0.0	0.0	0.0	65.0	237.0	238.0	4.0	58.0	26.0	0.0	0.0	0.0	0.0	0.0	0.0	13.0	491.0	0.0	0.0	88.0	0.0	0.0	0.0	42.0	0.0	0.0	0.0	10.0	2.0	0.0	0.0	0.0	293.0	3.0	0.0	0.0	5.0	0.0	6.0	0.0	0.0	7.0	0.0	0.0	19.0	0.0	0.0	40.0	0.0	0.0	0.0	2.0	0.0	0.0	0.0	0.0	0.0	13.0	0.0	13.0	0.0	11.0	0.0	13.0	0.0	0.0	0.0	0.0	0.0	6.0	34.0	4.0	0.0	0.0	307.0	0.0	3.0	0.0	0.0	0.0	0.0	0.0	0.0	22.0	0.0	0.0	0.0	0.0	0.0	0.0	0.0	0.0	0.0	6.0	16.0	0.0	0.0	0.0	0.0	0.0	0.0	149.0	0.0	0.0	0.0	0.0	0.0	0.0	0.0	0.0	0.0	0.0	0.0	0.0	0.0	0.0	0.0	0.0	0.0	0.0	0.0	0.0	0.0	31.0	0.0	0.0	0.0	0.0	8.0	0.0	0.0	8.0	0.0	0.0	0.0	0.0	0.0	0.0	0.0	0.0	0.0	0.0	281.0	0.0	3.0	0.0	0.0	0.0	0.0	0.0	0.0	0.0	0.0	0.0	0.0	0.0	0.0	0.0	0.0	0.0	0.0	0.0	0.0	0.0	0.0	0.0	0.0	0.0	0.0	0.0	0.0	0.0	0.0	0.0	0.0	0.0	0.0	0.0	0.0	0.0	0.0	0.0	0.0	0.0	0.0	0.0	0.0	0.0	0.0	0.0	0.0	0.0	0.0	0.0	0.0	0.0	0.0	0.0	0.0	0.0	0.0	0.0	0.0	0.0	0.0	0.0	0.0	0.0	0.0	0.0	0.0	0.0	0.0	0.0	0.0	0.0	0.0	0.0	0.0	0.0	0.0	0.0
SRR21723381	62.0	669.0	2456.0	0.0	301.0	0.0	6.0	0.0	0.0	114.0	48.0	207.0	0.0	27.0	62.0	492.0	7.0	112.0	2440.0	13.0	381.0	47.0	0.0	199.0	2458.0	268.0	3.0	15.0	1633.0	63.0	0.0	12.0	5978.0	0.0	690.0	5.0	0.0	932.0	0.0	186.0	6429.0	15.0	0.0	0.0	6040.0	1004.0	239.0	47.0	4084.0	0.0	178.0	0.0	23.0	3.0	135.0	0.0	284.0	0.0	2.0	1009.0	0.0	0.0	0.0	5.0	0.0	0.0	19.0	0.0	2.0	162.0	627.0	4.0	0.0	3.0	424.0	0.0	0.0	0.0	0.0	52.0	0.0	74.0	0.0	0.0	249.0	0.0	1373.0	60.0	0.0	0.0	1653.0	84.0	0.0	0.0	3.0	0.0	0.0	0.0	0.0	0.0	0.0	0.0	52.0	0.0	3317.0	0.0	418.0	0.0	0.0	0.0	0.0	0.0	8.0	0.0	0.0	9588.0	0.0	0.0	0.0	0.0	14.0	0.0	8.0	0.0	0.0	12.0	82.0	0.0	0.0	0.0	0.0	1258.0	0.0	0.0	0.0	0.0	0.0	0.0	0.0	0.0	0.0	0.0	6.0	20.0	9.0	0.0	729.0	0.0	0.0	0.0	0.0	0.0	0.0	0.0	0.0	0.0	25.0	0.0	50.0	0.0	0.0	0.0	3.0	0.0	0.0	0.0	0.0	0.0	30.0	5.0	0.0	0.0	0.0	11791.0	0.0	0.0	0.0	10.0	0.0	118.0	0.0	24.0	24.0	0.0	0.0	0.0	0.0	0.0	0.0	0.0	0.0	0.0	0.0	12.0	0.0	22.0	27.0	0.0	0.0	84.0	546.0	0.0	0.0	0.0	0.0	0.0	0.0	0.0	0.0	0.0	0.0	0.0	0.0	0.0	0.0	0.0	0.0	0.0	0.0	0.0	0.0	0.0	1200.0	0.0	0.0	0.0	0.0	0.0	0.0	0.0	12.0	0.0	0.0	0.0	0.0	28.0	0.0	0.0	0.0	0.0	0.0	17.0	0.0	0.0	0.0	0.0	0.0	0.0	0.0	0.0	0.0	0.0	0.0	0.0	0.0	0.0	0.0	0.0	0.0	0.0	0.0	0.0	0.0	0.0	0.0	0.0	0.0	0.0	0.0	0.0	0.0	0.0	0.0	0.0	0.0	0.0	0.0	0.0	0.0	0.0	0.0	0.0	0.0	0.0	0.0	0.0	0.0	0.0	0.0	0.0	17.0	0.0	0.0	0.0	0.0	0.0	0.0	0.0	0.0	0.0	0.0	0.0	0.0	0.0	0.0	0.0	0.0	0.0	0.0	0.0	0.0	0.0	0.0	0.0	0.0	0.0	0.0	0.0	0.0	0.0	0.0
SRR21723382	34.0	333.0	874.0	0.0	122.0	0.0	0.0	0.0	0.0	97.0	0.0	74.0	0.0	14.0	12.0	206.0	0.0	106.0	1667.0	26.0	416.0	9.0	0.0	139.0	1588.0	228.0	0.0	23.0	983.0	23.0	0.0	0.0	2498.0	0.0	316.0	0.0	0.0	142.0	4.0	140.0	3266.0	0.0	12.0	0.0	1814.0	590.0	110.0	39.0	1728.0	0.0	37.0	0.0	12.0	0.0	73.0	0.0	129.0	0.0	12.0	511.0	0.0	9.0	0.0	0.0	0.0	0.0	0.0	0.0	10.0	88.0	323.0	3.0	0.0	0.0	176.0	0.0	0.0	0.0	0.0	29.0	0.0	22.0	0.0	0.0	88.0	0.0	705.0	44.0	0.0	0.0	575.0	29.0	0.0	7.0	0.0	0.0	0.0	0.0	0.0	0.0	0.0	0.0	19.0	8.0	847.0	8.0	239.0	0.0	3.0	0.0	0.0	0.0	0.0	0.0	22.0	3073.0	0.0	0.0	51.0	16.0	0.0	0.0	0.0	0.0	0.0	0.0	23.0	0.0	0.0	91.0	0.0	667.0	3.0	0.0	0.0	0.0	0.0	0.0	0.0	0.0	0.0	0.0	13.0	0.0	0.0	0.0	108.0	0.0	0.0	0.0	0.0	0.0	0.0	0.0	0.0	0.0	31.0	0.0	4.0	5.0	0.0	0.0	0.0	0.0	0.0	0.0	0.0	0.0	0.0	0.0	9.0	10.0	0.0	5888.0	0.0	0.0	0.0	0.0	0.0	56.0	0.0	9.0	0.0	0.0	0.0	0.0	0.0	3.0	0.0	0.0	0.0	0.0	0.0	0.0	0.0	10.0	0.0	0.0	0.0	24.0	133.0	0.0	0.0	0.0	0.0	0.0	0.0	0.0	0.0	0.0	0.0	0.0	0.0	0.0	0.0	0.0	0.0	0.0	0.0	0.0	0.0	0.0	590.0	0.0	0.0	0.0	0.0	0.0	0.0	0.0	0.0	0.0	0.0	0.0	0.0	0.0	0.0	0.0	0.0	0.0	0.0	7.0	0.0	0.0	0.0	0.0	0.0	0.0	0.0	0.0	0.0	0.0	0.0	0.0	0.0	5.0	0.0	0.0	0.0	0.0	0.0	0.0	0.0	0.0	0.0	0.0	0.0	0.0	0.0	0.0	0.0	0.0	0.0	0.0	0.0	3.0	0.0	0.0	0.0	0.0	0.0	0.0	0.0	0.0	0.0	0.0	0.0	0.0	0.0	0.0	0.0	0.0	0.0	0.0	0.0	0.0	0.0	0.0	0.0	0.0	0.0	0.0	0.0	0.0	0.0	0.0	0.0	0.0	0.0	0.0	0.0	0.0	0.0	0.0	0.0	0.0	0.0	0.0	0.0	0.0	0.0
SRR21723383	105.0	670.0	2410.0	0.0	211.0	0.0	0.0	0.0	20.0	64.0	31.0	180.0	0.0	46.0	51.0	425.0	15.0	177.0	2227.0	0.0	677.0	44.0	0.0	81.0	2280.0	220.0	21.0	11.0	1583.0	103.0	0.0	0.0	2496.0	0.0	429.0	36.0	8.0	1227.0	0.0	245.0	4928.0	6.0	14.0	0.0	4559.0	1459.0	234.0	78.0	2467.0	0.0	124.0	0.0	29.0	0.0	106.0	0.0	304.0	0.0	0.0	662.0	0.0	0.0	0.0	0.0	5.0	4.0	53.0	0.0	17.0	166.0	298.0	0.0	0.0	0.0	436.0	0.0	0.0	0.0	0.0	49.0	0.0	30.0	0.0	0.0	195.0	6.0	1635.0	61.0	0.0	0.0	1626.0	78.0	0.0	41.0	20.0	0.0	0.0	0.0	0.0	0.0	0.0	0.0	41.0	0.0	1932.0	8.0	352.0	53.0	0.0	0.0	0.0	0.0	0.0	6.0	70.0	5834.0	0.0	3.0	55.0	13.0	0.0	0.0	13.0	0.0	0.0	0.0	51.0	0.0	22.0	169.0	0.0	827.0	24.0	0.0	0.0	0.0	0.0	0.0	0.0	0.0	12.0	0.0	17.0	333.0	8.0	0.0	389.0	0.0	0.0	0.0	0.0	0.0	0.0	0.0	0.0	0.0	40.0	0.0	68.0	0.0	0.0	69.0	0.0	0.0	0.0	0.0	0.0	0.0	0.0	17.0	0.0	0.0	0.0	6033.0	4.0	0.0	0.0	16.0	0.0	109.0	0.0	19.0	0.0	0.0	0.0	0.0	0.0	0.0	27.0	0.0	0.0	0.0	0.0	0.0	0.0	29.0	37.0	0.0	0.0	45.0	468.0	7.0	0.0	0.0	0.0	0.0	0.0	0.0	0.0	0.0	0.0	0.0	0.0	4.0	0.0	0.0	0.0	0.0	0.0	0.0	0.0	0.0	696.0	0.0	0.0	0.0	31.0	0.0	0.0	0.0	0.0	0.0	0.0	0.0	0.0	0.0	0.0	0.0	0.0	0.0	0.0	15.0	0.0	0.0	0.0	0.0	0.0	0.0	0.0	0.0	0.0	0.0	0.0	0.0	0.0	0.0	0.0	0.0	0.0	0.0	0.0	0.0	0.0	0.0	0.0	0.0	0.0	0.0	0.0	0.0	0.0	0.0	0.0	0.0	0.0	0.0	0.0	0.0	0.0	0.0	0.0	0.0	0.0	0.0	0.0	0.0	0.0	0.0	0.0	0.0	0.0	0.0	0.0	0.0	0.0	0.0	0.0	0.0	0.0	0.0	0.0	0.0	0.0	0.0	0.0	0.0	0.0	0.0	0.0	0.0	0.0	0.0	0.0	0.0	0.0	0.0	0.0	0.0	0.0	0.0	0.0
SRR21723384	317.0	27.0	761.0	0.0	0.0	0.0	0.0	0.0	9.0	705.0	41.0	193.0	0.0	19.0	2.0	555.0	27.0	0.0	82.0	0.0	132.0	4.0	12.0	44.0	456.0	0.0	0.0	42.0	1586.0	42.0	0.0	13.0	230.0	0.0	425.0	3.0	2.0	34.0	0.0	187.0	1883.0	2.0	0.0	0.0	298.0	343.0	0.0	0.0	329.0	0.0	135.0	0.0	11.0	0.0	114.0	0.0	419.0	0.0	0.0	172.0	0.0	0.0	0.0	0.0	0.0	0.0	24.0	0.0	0.0	48.0	37.0	2.0	0.0	0.0	613.0	0.0	0.0	0.0	0.0	0.0	0.0	0.0	0.0	0.0	0.0	0.0	521.0	43.0	0.0	0.0	382.0	59.0	0.0	123.0	0.0	0.0	0.0	0.0	0.0	0.0	0.0	0.0	24.0	130.0	81.0	0.0	183.0	0.0	0.0	0.0	0.0	0.0	0.0	0.0	0.0	174.0	0.0	0.0	89.0	0.0	0.0	0.0	0.0	0.0	0.0	0.0	36.0	0.0	0.0	0.0	0.0	244.0	0.0	0.0	0.0	0.0	0.0	0.0	0.0	0.0	0.0	0.0	0.0	0.0	0.0	0.0	0.0	6.0	0.0	0.0	0.0	0.0	0.0	0.0	0.0	0.0	0.0	0.0	0.0	0.0	0.0	0.0	0.0	0.0	0.0	0.0	0.0	0.0	7.0	238.0	0.0	0.0	0.0	211.0	4.0	0.0	0.0	0.0	0.0	0.0	0.0	7.0	0.0	0.0	0.0	0.0	0.0	0.0	34.0	0.0	0.0	0.0	0.0	0.0	0.0	0.0	82.0	0.0	0.0	0.0	499.0	0.0	0.0	0.0	0.0	0.0	0.0	0.0	0.0	0.0	0.0	0.0	0.0	0.0	0.0	0.0	0.0	0.0	0.0	0.0	0.0	0.0	81.0	0.0	0.0	0.0	0.0	0.0	0.0	0.0	0.0	0.0	0.0	0.0	0.0	0.0	0.0	0.0	0.0	0.0	0.0	0.0	0.0	0.0	0.0	0.0	0.0	0.0	0.0	0.0	0.0	0.0	0.0	0.0	0.0	0.0	0.0	0.0	0.0	0.0	0.0	0.0	0.0	0.0	0.0	0.0	0.0	0.0	0.0	0.0	0.0	0.0	0.0	0.0	0.0	0.0	0.0	0.0	0.0	0.0	0.0	0.0	0.0	0.0	0.0	0.0	0.0	0.0	0.0	0.0	0.0	0.0	0.0	0.0	0.0	0.0	0.0	0.0	0.0	0.0	0.0	0.0	0.0	0.0	0.0	0.0	0.0	0.0	0.0	0.0	0.0	0.0	0.0	0.0	0.0	0.0	0.0	0.0	0.0	0.0	0.0
SRR21723385	789.0	127.0	1076.0	0.0	49.0	0.0	0.0	0.0	16.0	929.0	39.0	92.0	0.0	22.0	4.0	788.0	23.0	81.0	149.0	0.0	352.0	28.0	61.0	26.0	1285.0	88.0	62.0	156.0	2042.0	0.0	0.0	13.0	101.0	0.0	863.0	22.0	0.0	86.0	0.0	316.0	2311.0	0.0	0.0	0.0	334.0	815.0	94.0	13.0	612.0	0.0	226.0	0.0	2.0	0.0	165.0	0.0	247.0	0.0	4.0	253.0	0.0	0.0	0.0	0.0	12.0	15.0	58.0	0.0	0.0	222.0	144.0	0.0	0.0	0.0	772.0	0.0	0.0	0.0	0.0	0.0	0.0	0.0	0.0	0.0	0.0	14.0	468.0	32.0	0.0	0.0	525.0	74.0	0.0	236.0	8.0	0.0	0.0	0.0	0.0	0.0	0.0	0.0	65.0	119.0	114.0	3.0	109.0	0.0	5.0	0.0	0.0	0.0	2.0	0.0	0.0	145.0	0.0	0.0	413.0	0.0	0.0	0.0	12.0	0.0	0.0	0.0	24.0	0.0	0.0	0.0	0.0	248.0	2.0	0.0	0.0	10.0	0.0	0.0	0.0	0.0	9.0	0.0	0.0	0.0	0.0	0.0	0.0	18.0	0.0	0.0	0.0	0.0	0.0	0.0	0.0	0.0	0.0	0.0	0.0	0.0	66.0	0.0	0.0	0.0	0.0	0.0	0.0	0.0	0.0	43.0	8.0	0.0	0.0	129.0	0.0	5.0	0.0	0.0	0.0	0.0	0.0	0.0	0.0	0.0	0.0	0.0	0.0	0.0	46.0	0.0	0.0	0.0	0.0	0.0	0.0	0.0	86.0	0.0	0.0	0.0	709.0	0.0	0.0	0.0	0.0	0.0	0.0	0.0	0.0	0.0	0.0	0.0	0.0	0.0	0.0	0.0	0.0	0.0	0.0	0.0	0.0	0.0	123.0	0.0	0.0	0.0	0.0	0.0	0.0	0.0	0.0	0.0	0.0	0.0	0.0	0.0	0.0	0.0	0.0	0.0	0.0	0.0	0.0	0.0	0.0	0.0	0.0	0.0	0.0	0.0	0.0	0.0	0.0	0.0	0.0	0.0	0.0	0.0	0.0	0.0	0.0	0.0	0.0	0.0	0.0	0.0	0.0	0.0	0.0	0.0	0.0	0.0	0.0	0.0	0.0	0.0	0.0	0.0	0.0	0.0	0.0	0.0	0.0	0.0	0.0	0.0	0.0	0.0	0.0	0.0	0.0	0.0	0.0	0.0	0.0	0.0	0.0	0.0	0.0	0.0	0.0	0.0	0.0	0.0	0.0	0.0	0.0	0.0	0.0	0.0	0.0	0.0	0.0	0.0	0.0	0.0	0.0	0.0	0.0	0.0	0.0
SRR21723386	613.0	34.0	1616.0	0.0	72.0	0.0	0.0	0.0	7.0	829.0	62.0	68.0	0.0	6.0	19.0	1329.0	0.0	54.0	73.0	0.0	392.0	10.0	0.0	91.0	907.0	122.0	30.0	16.0	1811.0	46.0	0.0	0.0	514.0	0.0	602.0	0.0	0.0	0.0	0.0	465.0	3856.0	14.0	0.0	0.0	86.0	320.0	85.0	0.0	447.0	0.0	305.0	0.0	9.0	0.0	347.0	0.0	696.0	2.0	0.0	759.0	0.0	0.0	0.0	6.0	0.0	0.0	0.0	0.0	0.0	206.0	252.0	0.0	0.0	0.0	628.0	0.0	0.0	0.0	0.0	0.0	0.0	0.0	0.0	0.0	94.0	0.0	898.0	0.0	0.0	0.0	612.0	83.0	9.0	296.0	0.0	0.0	0.0	0.0	0.0	0.0	0.0	0.0	149.0	0.0	55.0	0.0	101.0	0.0	0.0	0.0	0.0	0.0	0.0	0.0	0.0	433.0	0.0	0.0	196.0	0.0	17.0	0.0	11.0	0.0	0.0	0.0	0.0	0.0	0.0	0.0	0.0	236.0	4.0	0.0	0.0	0.0	0.0	0.0	0.0	0.0	0.0	0.0	0.0	0.0	7.0	0.0	0.0	0.0	0.0	0.0	0.0	0.0	0.0	0.0	0.0	0.0	0.0	0.0	0.0	2.0	0.0	0.0	0.0	0.0	0.0	0.0	0.0	0.0	0.0	18.0	0.0	0.0	0.0	306.0	0.0	0.0	0.0	0.0	0.0	0.0	0.0	0.0	0.0	0.0	0.0	0.0	0.0	0.0	0.0	0.0	0.0	0.0	0.0	0.0	0.0	0.0	47.0	0.0	0.0	77.0	544.0	0.0	0.0	0.0	0.0	0.0	0.0	0.0	0.0	0.0	0.0	0.0	0.0	0.0	0.0	0.0	0.0	0.0	0.0	0.0	0.0	0.0	199.0	0.0	0.0	0.0	0.0	0.0	0.0	0.0	18.0	0.0	0.0	0.0	0.0	0.0	0.0	0.0	0.0	0.0	0.0	0.0	0.0	0.0	0.0	0.0	0.0	0.0	0.0	0.0	0.0	0.0	0.0	0.0	0.0	0.0	0.0	0.0	0.0	0.0	0.0	0.0	0.0	0.0	0.0	0.0	0.0	0.0	0.0	0.0	0.0	0.0	0.0	0.0	0.0	0.0	0.0	0.0	0.0	0.0	0.0	0.0	0.0	0.0	0.0	0.0	0.0	0.0	0.0	0.0	0.0	0.0	0.0	0.0	0.0	0.0	0.0	0.0	0.0	0.0	0.0	0.0	0.0	0.0	0.0	0.0	0.0	0.0	0.0	0.0	0.0	0.0	0.0	0.0	0.0	0.0	0.0	0.0	0.0	0.0	0.0
SRR21723389	374.0	24.0	1290.0	0.0	76.0	0.0	0.0	0.0	31.0	462.0	52.0	210.0	0.0	5.0	13.0	1012.0	2.0	19.0	151.0	0.0	330.0	17.0	0.0	24.0	735.0	35.0	11.0	58.0	1881.0	0.0	0.0	15.0	585.0	0.0	395.0	0.0	0.0	21.0	0.0	338.0	3925.0	30.0	0.0	0.0	259.0	314.0	93.0	0.0	492.0	0.0	403.0	2.0	0.0	0.0	201.0	0.0	813.0	0.0	0.0	625.0	0.0	0.0	0.0	0.0	5.0	0.0	0.0	0.0	0.0	168.0	193.0	0.0	0.0	0.0	619.0	0.0	0.0	0.0	0.0	0.0	0.0	0.0	0.0	0.0	49.0	0.0	1305.0	102.0	0.0	0.0	450.0	118.0	0.0	154.0	0.0	0.0	0.0	0.0	0.0	0.0	0.0	0.0	0.0	38.0	208.0	3.0	224.0	0.0	0.0	0.0	0.0	0.0	0.0	0.0	0.0	455.0	0.0	0.0	127.0	0.0	0.0	0.0	0.0	0.0	0.0	0.0	0.0	0.0	0.0	0.0	0.0	343.0	0.0	0.0	0.0	2.0	0.0	0.0	0.0	0.0	0.0	0.0	0.0	0.0	0.0	0.0	0.0	0.0	0.0	0.0	0.0	0.0	0.0	4.0	0.0	0.0	0.0	0.0	5.0	0.0	0.0	0.0	0.0	0.0	0.0	0.0	0.0	0.0	0.0	0.0	0.0	0.0	0.0	365.0	0.0	0.0	0.0	0.0	0.0	43.0	0.0	0.0	23.0	0.0	0.0	0.0	0.0	0.0	31.0	0.0	0.0	0.0	0.0	0.0	0.0	60.0	60.0	0.0	0.0	60.0	464.0	0.0	0.0	0.0	0.0	0.0	0.0	0.0	0.0	0.0	0.0	0.0	0.0	0.0	0.0	0.0	0.0	0.0	0.0	0.0	0.0	0.0	221.0	0.0	0.0	0.0	0.0	0.0	0.0	0.0	0.0	2.0	0.0	0.0	0.0	0.0	0.0	0.0	0.0	0.0	0.0	0.0	0.0	0.0	0.0	0.0	0.0	0.0	0.0	0.0	0.0	0.0	0.0	0.0	0.0	0.0	0.0	0.0	0.0	0.0	0.0	0.0	0.0	0.0	0.0	0.0	0.0	0.0	0.0	0.0	0.0	0.0	0.0	0.0	0.0	0.0	0.0	0.0	0.0	0.0	0.0	0.0	0.0	0.0	0.0	0.0	0.0	0.0	0.0	0.0	0.0	0.0	0.0	0.0	0.0	0.0	0.0	0.0	0.0	0.0	0.0	0.0	0.0	0.0	0.0	0.0	0.0	0.0	0.0	0.0	0.0	0.0	0.0	0.0	0.0	0.0	0.0	0.0	0.0	0.0	0.0
SRR21723390	509.0	19.0	1272.0	0.0	87.0	0.0	0.0	0.0	11.0	900.0	128.0	90.0	0.0	4.0	0.0	1263.0	0.0	60.0	57.0	0.0	304.0	21.0	0.0	10.0	1006.0	6.0	37.0	63.0	1158.0	0.0	0.0	0.0	474.0	0.0	379.0	0.0	5.0	0.0	0.0	463.0	3704.0	22.0	0.0	0.0	96.0	219.0	63.0	0.0	309.0	0.0	312.0	0.0	11.0	0.0	347.0	0.0	635.0	0.0	0.0	541.0	0.0	0.0	0.0	0.0	0.0	0.0	57.0	0.0	4.0	173.0	151.0	0.0	0.0	0.0	425.0	0.0	0.0	0.0	0.0	0.0	0.0	0.0	0.0	0.0	115.0	0.0	312.0	0.0	0.0	0.0	379.0	70.0	0.0	258.0	7.0	0.0	0.0	0.0	0.0	0.0	0.0	0.0	82.0	0.0	102.0	0.0	100.0	0.0	0.0	0.0	0.0	0.0	0.0	0.0	0.0	294.0	0.0	0.0	164.0	0.0	14.0	0.0	7.0	0.0	0.0	0.0	0.0	0.0	0.0	0.0	0.0	218.0	4.0	0.0	0.0	0.0	0.0	0.0	0.0	0.0	0.0	0.0	0.0	0.0	0.0	0.0	3.0	0.0	0.0	0.0	0.0	0.0	0.0	4.0	0.0	0.0	0.0	0.0	3.0	0.0	37.0	0.0	0.0	0.0	0.0	0.0	0.0	0.0	0.0	15.0	0.0	0.0	0.0	284.0	0.0	0.0	0.0	0.0	0.0	0.0	0.0	0.0	0.0	0.0	0.0	0.0	0.0	0.0	0.0	0.0	0.0	0.0	0.0	0.0	0.0	0.0	3.0	0.0	0.0	65.0	650.0	0.0	0.0	0.0	0.0	0.0	0.0	0.0	0.0	0.0	0.0	0.0	0.0	0.0	0.0	0.0	0.0	0.0	0.0	0.0	0.0	0.0	157.0	0.0	0.0	0.0	0.0	0.0	0.0	0.0	22.0	0.0	0.0	0.0	0.0	0.0	0.0	0.0	0.0	0.0	0.0	0.0	0.0	0.0	0.0	0.0	0.0	0.0	0.0	0.0	0.0	0.0	0.0	2.0	0.0	0.0	0.0	0.0	0.0	0.0	0.0	0.0	0.0	0.0	0.0	0.0	0.0	0.0	0.0	0.0	0.0	0.0	0.0	0.0	0.0	0.0	0.0	0.0	0.0	0.0	0.0	0.0	0.0	0.0	0.0	0.0	0.0	0.0	0.0	0.0	0.0	0.0	0.0	0.0	0.0	0.0	0.0	0.0	0.0	0.0	0.0	0.0	0.0	0.0	0.0	0.0	0.0	0.0	0.0	0.0	0.0	0.0	0.0	0.0	0.0	0.0	0.0	0.0	0.0	0.0	0.0
SRR21723391	450.0	22.0	1007.0	0.0	51.0	0.0	0.0	0.0	22.0	502.0	9.0	177.0	0.0	3.0	16.0	1016.0	0.0	84.0	85.0	0.0	326.0	6.0	0.0	26.0	646.0	87.0	17.0	60.0	1381.0	0.0	0.0	0.0	446.0	0.0	238.0	0.0	0.0	0.0	0.0	221.0	3227.0	19.0	0.0	0.0	170.0	208.0	93.0	0.0	409.0	0.0	349.0	0.0	10.0	0.0	177.0	0.0	641.0	0.0	0.0	476.0	0.0	0.0	0.0	0.0	11.0	0.0	48.0	0.0	0.0	159.0	144.0	5.0	0.0	0.0	703.0	0.0	0.0	0.0	0.0	8.0	0.0	0.0	0.0	0.0	45.0	0.0	1053.0	22.0	8.0	0.0	394.0	78.0	0.0	242.0	0.0	0.0	0.0	0.0	0.0	0.0	0.0	0.0	56.0	39.0	109.0	0.0	128.0	0.0	0.0	0.0	0.0	0.0	0.0	0.0	0.0	290.0	0.0	0.0	59.0	4.0	0.0	0.0	0.0	0.0	0.0	0.0	15.0	0.0	0.0	0.0	0.0	349.0	2.0	0.0	0.0	2.0	0.0	0.0	0.0	0.0	0.0	0.0	0.0	0.0	0.0	0.0	11.0	0.0	0.0	0.0	0.0	0.0	0.0	0.0	0.0	0.0	0.0	0.0	0.0	0.0	30.0	13.0	0.0	0.0	0.0	0.0	0.0	0.0	0.0	0.0	0.0	0.0	0.0	371.0	0.0	0.0	0.0	0.0	0.0	23.0	0.0	0.0	27.0	0.0	0.0	0.0	0.0	0.0	0.0	0.0	0.0	0.0	0.0	13.0	0.0	0.0	59.0	0.0	0.0	0.0	431.0	0.0	0.0	0.0	0.0	0.0	0.0	0.0	0.0	0.0	0.0	0.0	0.0	0.0	0.0	0.0	0.0	0.0	0.0	0.0	0.0	0.0	200.0	0.0	0.0	0.0	0.0	0.0	0.0	0.0	0.0	0.0	0.0	0.0	0.0	0.0	0.0	0.0	0.0	0.0	0.0	0.0	0.0	0.0	0.0	0.0	0.0	0.0	0.0	0.0	0.0	0.0	0.0	2.0	0.0	0.0	0.0	0.0	0.0	0.0	0.0	0.0	0.0	0.0	0.0	0.0	0.0	0.0	0.0	0.0	0.0	0.0	0.0	0.0	0.0	0.0	0.0	0.0	0.0	0.0	0.0	0.0	0.0	0.0	0.0	0.0	0.0	0.0	0.0	0.0	0.0	0.0	0.0	0.0	0.0	0.0	0.0	0.0	0.0	0.0	0.0	0.0	0.0	0.0	0.0	0.0	0.0	0.0	0.0	0.0	0.0	0.0	0.0	0.0	0.0	0.0	0.0	0.0	0.0	0.0	0.0
SRR21723392	301.0	65.0	526.0	0.0	0.0	0.0	0.0	0.0	15.0	390.0	34.0	250.0	0.0	2.0	0.0	308.0	0.0	31.0	98.0	0.0	117.0	7.0	55.0	39.0	357.0	0.0	0.0	24.0	1683.0	0.0	0.0	36.0	163.0	0.0	429.0	25.0	0.0	0.0	0.0	100.0	1090.0	25.0	0.0	0.0	310.0	916.0	0.0	9.0	374.0	0.0	63.0	0.0	0.0	8.0	0.0	0.0	267.0	0.0	0.0	48.0	0.0	0.0	0.0	0.0	0.0	18.0	0.0	0.0	0.0	88.0	119.0	0.0	0.0	0.0	730.0	0.0	0.0	0.0	0.0	0.0	0.0	0.0	0.0	0.0	0.0	16.0	296.0	0.0	0.0	0.0	143.0	40.0	0.0	381.0	4.0	0.0	0.0	0.0	0.0	0.0	0.0	0.0	0.0	157.0	7.0	0.0	107.0	37.0	0.0	0.0	0.0	0.0	0.0	0.0	0.0	0.0	0.0	0.0	184.0	0.0	0.0	0.0	0.0	0.0	0.0	0.0	0.0	0.0	0.0	0.0	0.0	145.0	0.0	0.0	0.0	12.0	0.0	0.0	0.0	0.0	0.0	0.0	0.0	0.0	0.0	0.0	27.0	41.0	0.0	0.0	0.0	0.0	0.0	0.0	0.0	0.0	0.0	0.0	12.0	0.0	0.0	0.0	0.0	0.0	0.0	0.0	0.0	0.0	0.0	33.0	0.0	6.0	0.0	44.0	0.0	0.0	0.0	0.0	0.0	0.0	0.0	5.0	0.0	0.0	0.0	0.0	0.0	0.0	0.0	0.0	0.0	0.0	0.0	0.0	0.0	0.0	162.0	0.0	0.0	0.0	794.0	0.0	0.0	0.0	0.0	0.0	0.0	0.0	0.0	0.0	0.0	0.0	0.0	0.0	0.0	0.0	0.0	0.0	0.0	0.0	0.0	0.0	24.0	0.0	0.0	0.0	0.0	0.0	0.0	0.0	0.0	0.0	0.0	0.0	0.0	0.0	0.0	0.0	0.0	0.0	0.0	0.0	0.0	0.0	0.0	0.0	0.0	0.0	0.0	0.0	0.0	0.0	0.0	0.0	0.0	0.0	0.0	0.0	0.0	0.0	0.0	0.0	0.0	0.0	0.0	0.0	0.0	0.0	0.0	0.0	0.0	0.0	0.0	0.0	0.0	0.0	0.0	0.0	0.0	0.0	0.0	0.0	0.0	0.0	0.0	0.0	0.0	0.0	0.0	0.0	0.0	0.0	0.0	0.0	0.0	0.0	0.0	0.0	0.0	0.0	0.0	0.0	0.0	0.0	0.0	0.0	0.0	0.0	0.0	0.0	0.0	0.0	0.0	0.0	0.0	0.0	0.0	0.0	0.0	0.0	0.0
SRR21723393	135.0	12.0	433.0	0.0	102.0	0.0	0.0	0.0	24.0	1040.0	101.0	35.0	0.0	0.0	14.0	1420.0	0.0	52.0	48.0	0.0	207.0	0.0	0.0	0.0	1014.0	0.0	0.0	57.0	752.0	51.0	0.0	5.0	254.0	2.0	571.0	0.0	0.0	0.0	0.0	254.0	899.0	6.0	0.0	0.0	47.0	39.0	33.0	0.0	62.0	0.0	354.0	0.0	0.0	3.0	181.0	0.0	141.0	0.0	0.0	689.0	0.0	0.0	0.0	8.0	0.0	0.0	60.0	0.0	0.0	90.0	225.0	3.0	0.0	0.0	228.0	0.0	0.0	0.0	0.0	0.0	0.0	0.0	0.0	0.0	552.0	0.0	905.0	53.0	0.0	0.0	805.0	32.0	0.0	330.0	0.0	0.0	0.0	0.0	0.0	0.0	0.0	0.0	222.0	43.0	55.0	0.0	0.0	0.0	0.0	0.0	0.0	0.0	0.0	0.0	0.0	297.0	0.0	0.0	276.0	0.0	0.0	0.0	0.0	0.0	0.0	0.0	0.0	0.0	0.0	0.0	0.0	253.0	0.0	0.0	0.0	0.0	0.0	0.0	0.0	0.0	0.0	0.0	0.0	0.0	7.0	0.0	0.0	0.0	0.0	0.0	0.0	0.0	0.0	0.0	0.0	0.0	0.0	0.0	0.0	0.0	0.0	0.0	0.0	0.0	0.0	0.0	0.0	0.0	0.0	0.0	0.0	0.0	0.0	330.0	0.0	45.0	0.0	0.0	0.0	0.0	2.0	0.0	30.0	0.0	0.0	0.0	0.0	0.0	43.0	0.0	0.0	0.0	0.0	0.0	0.0	0.0	0.0	0.0	0.0	0.0	114.0	0.0	0.0	0.0	0.0	0.0	0.0	0.0	0.0	0.0	0.0	0.0	0.0	0.0	0.0	0.0	0.0	0.0	0.0	0.0	0.0	0.0	333.0	0.0	0.0	0.0	0.0	0.0	0.0	0.0	33.0	0.0	0.0	0.0	0.0	0.0	0.0	0.0	0.0	0.0	0.0	0.0	0.0	0.0	0.0	0.0	0.0	0.0	0.0	0.0	0.0	0.0	0.0	0.0	0.0	0.0	0.0	0.0	0.0	0.0	0.0	0.0	0.0	0.0	0.0	0.0	0.0	0.0	0.0	0.0	0.0	0.0	0.0	0.0	0.0	0.0	0.0	0.0	0.0	0.0	0.0	0.0	0.0	0.0	0.0	0.0	0.0	0.0	0.0	0.0	0.0	0.0	0.0	0.0	0.0	0.0	0.0	0.0	0.0	0.0	0.0	0.0	0.0	0.0	0.0	0.0	0.0	0.0	0.0	0.0	0.0	0.0	0.0	0.0	0.0	0.0	0.0	0.0	0.0	0.0	0.0
SRR21723395	392.0	83.0	1146.0	0.0	27.0	0.0	0.0	0.0	33.0	1212.0	81.0	347.0	0.0	0.0	3.0	435.0	22.0	17.0	77.0	0.0	385.0	17.0	129.0	70.0	816.0	133.0	27.0	178.0	3074.0	132.0	0.0	114.0	237.0	0.0	1438.0	0.0	0.0	0.0	0.0	158.0	874.0	22.0	0.0	0.0	214.0	1103.0	0.0	0.0	540.0	0.0	72.0	0.0	2.0	0.0	48.0	0.0	480.0	0.0	0.0	28.0	0.0	0.0	0.0	0.0	0.0	0.0	46.0	0.0	26.0	171.0	248.0	0.0	0.0	0.0	1013.0	0.0	0.0	0.0	0.0	0.0	0.0	0.0	0.0	0.0	0.0	23.0	532.0	0.0	0.0	0.0	1299.0	34.0	0.0	210.0	0.0	0.0	0.0	0.0	0.0	0.0	0.0	0.0	0.0	183.0	191.0	0.0	149.0	83.0	0.0	0.0	0.0	0.0	0.0	0.0	0.0	31.0	0.0	0.0	146.0	5.0	0.0	0.0	14.0	0.0	0.0	0.0	48.0	0.0	0.0	0.0	0.0	243.0	0.0	0.0	0.0	0.0	0.0	0.0	0.0	0.0	10.0	0.0	20.0	0.0	0.0	0.0	74.0	42.0	0.0	0.0	0.0	0.0	0.0	0.0	0.0	0.0	8.0	0.0	6.0	0.0	33.0	0.0	3.0	0.0	0.0	0.0	0.0	0.0	0.0	97.0	0.0	0.0	0.0	15.0	5.0	0.0	0.0	0.0	0.0	0.0	5.0	0.0	0.0	0.0	0.0	0.0	0.0	0.0	0.0	0.0	0.0	0.0	0.0	3.0	0.0	0.0	266.0	0.0	0.0	0.0	343.0	0.0	0.0	0.0	0.0	0.0	0.0	0.0	0.0	0.0	0.0	0.0	0.0	0.0	0.0	0.0	0.0	0.0	0.0	0.0	0.0	0.0	36.0	0.0	0.0	0.0	0.0	0.0	0.0	0.0	0.0	0.0	0.0	0.0	0.0	0.0	0.0	0.0	0.0	0.0	0.0	0.0	0.0	0.0	0.0	0.0	0.0	0.0	0.0	0.0	0.0	0.0	0.0	0.0	0.0	0.0	0.0	0.0	0.0	0.0	0.0	0.0	0.0	0.0	0.0	0.0	0.0	0.0	0.0	0.0	0.0	0.0	0.0	0.0	0.0	0.0	0.0	0.0	0.0	0.0	0.0	0.0	0.0	0.0	0.0	0.0	0.0	0.0	0.0	0.0	0.0	0.0	0.0	0.0	0.0	0.0	0.0	0.0	0.0	0.0	0.0	0.0	0.0	0.0	0.0	0.0	0.0	0.0	0.0	0.0	0.0	0.0	0.0	0.0	0.0	0.0	0.0	0.0	0.0	0.0	0.0
SRR21723396	476.0	41.0	843.0	0.0	0.0	0.0	0.0	0.0	49.0	1423.0	113.0	246.0	0.0	18.0	8.0	875.0	0.0	17.0	49.0	21.0	466.0	0.0	78.0	110.0	812.0	120.0	8.0	37.0	2095.0	41.0	0.0	144.0	70.0	0.0	793.0	2.0	0.0	79.0	0.0	321.0	1373.0	14.0	0.0	0.0	241.0	101.0	30.0	0.0	165.0	0.0	210.0	0.0	0.0	0.0	144.0	0.0	534.0	0.0	4.0	233.0	0.0	0.0	0.0	0.0	0.0	4.0	23.0	0.0	0.0	55.0	155.0	5.0	0.0	0.0	849.0	0.0	0.0	0.0	0.0	6.0	0.0	0.0	0.0	0.0	0.0	0.0	1710.0	105.0	0.0	0.0	1092.0	82.0	0.0	292.0	16.0	0.0	0.0	0.0	0.0	0.0	0.0	0.0	59.0	171.0	122.0	0.0	119.0	0.0	0.0	0.0	0.0	0.0	0.0	0.0	0.0	97.0	0.0	0.0	235.0	0.0	0.0	0.0	18.0	0.0	0.0	0.0	27.0	0.0	0.0	0.0	0.0	375.0	0.0	0.0	0.0	9.0	0.0	0.0	0.0	0.0	10.0	0.0	8.0	0.0	3.0	0.0	10.0	23.0	0.0	0.0	0.0	0.0	0.0	0.0	0.0	0.0	0.0	0.0	0.0	0.0	47.0	0.0	0.0	0.0	0.0	0.0	0.0	0.0	0.0	41.0	14.0	0.0	0.0	100.0	0.0	4.0	0.0	0.0	0.0	0.0	0.0	0.0	0.0	0.0	0.0	0.0	0.0	0.0	46.0	0.0	0.0	0.0	3.0	0.0	0.0	0.0	51.0	0.0	0.0	0.0	469.0	0.0	0.0	0.0	0.0	0.0	3.0	0.0	0.0	2.0	0.0	0.0	0.0	0.0	0.0	0.0	0.0	0.0	0.0	0.0	0.0	0.0	148.0	0.0	0.0	0.0	0.0	0.0	0.0	0.0	0.0	0.0	0.0	0.0	0.0	0.0	0.0	0.0	0.0	0.0	0.0	0.0	0.0	0.0	0.0	0.0	0.0	0.0	0.0	0.0	0.0	0.0	0.0	0.0	0.0	0.0	0.0	0.0	0.0	0.0	0.0	0.0	0.0	0.0	0.0	0.0	0.0	0.0	0.0	0.0	0.0	0.0	0.0	0.0	0.0	0.0	0.0	0.0	0.0	0.0	0.0	0.0	0.0	0.0	0.0	0.0	0.0	0.0	0.0	0.0	0.0	0.0	0.0	0.0	0.0	0.0	0.0	0.0	0.0	0.0	0.0	0.0	0.0	0.0	0.0	0.0	0.0	0.0	0.0	0.0	0.0	0.0	0.0	0.0	0.0	0.0	0.0	0.0	0.0	0.0	0.0
SRR21723398	348.0	0.0	318.0	0.0	87.0	0.0	4.0	0.0	33.0	164.0	198.0	28.0	0.0	0.0	40.0	972.0	58.0	31.0	58.0	46.0	168.0	50.0	0.0	0.0	698.0	90.0	4.0	150.0	616.0	0.0	0.0	8.0	251.0	0.0	355.0	0.0	0.0	0.0	0.0	283.0	1231.0	0.0	0.0	0.0	103.0	87.0	104.0	0.0	111.0	6.0	583.0	3.0	0.0	7.0	178.0	0.0	178.0	0.0	0.0	375.0	0.0	0.0	0.0	24.0	11.0	0.0	39.0	0.0	0.0	163.0	146.0	2.0	0.0	0.0	79.0	0.0	0.0	0.0	0.0	0.0	0.0	2.0	0.0	0.0	64.0	0.0	205.0	78.0	6.0	0.0	43.0	0.0	0.0	306.0	34.0	0.0	0.0	0.0	0.0	0.0	0.0	0.0	0.0	185.0	69.0	0.0	0.0	0.0	0.0	0.0	0.0	0.0	0.0	0.0	0.0	361.0	0.0	0.0	57.0	0.0	0.0	0.0	38.0	0.0	0.0	0.0	0.0	0.0	0.0	8.0	0.0	175.0	0.0	0.0	0.0	0.0	0.0	0.0	0.0	0.0	7.0	0.0	0.0	0.0	0.0	0.0	0.0	0.0	0.0	0.0	0.0	0.0	3.0	0.0	0.0	0.0	0.0	0.0	0.0	2.0	0.0	0.0	0.0	0.0	0.0	0.0	0.0	0.0	0.0	21.0	0.0	0.0	0.0	364.0	0.0	24.0	0.0	0.0	0.0	0.0	0.0	0.0	0.0	0.0	0.0	0.0	0.0	0.0	0.0	0.0	0.0	0.0	0.0	0.0	0.0	0.0	0.0	0.0	0.0	49.0	187.0	0.0	0.0	0.0	0.0	0.0	0.0	0.0	0.0	0.0	0.0	0.0	0.0	0.0	0.0	0.0	0.0	0.0	0.0	0.0	0.0	0.0	130.0	0.0	0.0	0.0	0.0	0.0	0.0	0.0	0.0	0.0	0.0	0.0	0.0	0.0	0.0	0.0	0.0	0.0	0.0	0.0	0.0	0.0	0.0	0.0	0.0	0.0	0.0	0.0	0.0	0.0	0.0	0.0	0.0	0.0	0.0	0.0	0.0	0.0	0.0	0.0	0.0	0.0	0.0	0.0	0.0	0.0	0.0	0.0	0.0	0.0	0.0	0.0	0.0	0.0	0.0	0.0	0.0	0.0	0.0	0.0	0.0	0.0	0.0	0.0	0.0	0.0	0.0	0.0	0.0	0.0	0.0	0.0	0.0	0.0	0.0	0.0	0.0	0.0	0.0	0.0	0.0	0.0	0.0	0.0	0.0	0.0	0.0	0.0	0.0	0.0	0.0	0.0	0.0	0.0	0.0	0.0	0.0	0.0	0.0
SRR21723399	277.0	72.0	817.0	0.0	71.0	0.0	0.0	0.0	9.0	1407.0	136.0	33.0	0.0	0.0	15.0	1065.0	6.0	45.0	51.0	2.0	289.0	52.0	0.0	46.0	950.0	0.0	3.0	0.0	907.0	0.0	0.0	62.0	325.0	0.0	543.0	0.0	0.0	17.0	0.0	296.0	1109.0	0.0	0.0	0.0	49.0	101.0	123.0	0.0	252.0	0.0	566.0	0.0	7.0	0.0	186.0	0.0	480.0	0.0	0.0	661.0	0.0	0.0	0.0	0.0	0.0	0.0	16.0	0.0	0.0	95.0	138.0	0.0	0.0	0.0	137.0	0.0	0.0	0.0	0.0	0.0	0.0	0.0	0.0	0.0	488.0	0.0	1624.0	0.0	0.0	0.0	421.0	20.0	0.0	78.0	5.0	0.0	0.0	0.0	0.0	0.0	0.0	0.0	440.0	0.0	70.0	0.0	0.0	0.0	0.0	0.0	0.0	0.0	0.0	0.0	0.0	241.0	0.0	0.0	63.0	0.0	0.0	0.0	10.0	0.0	0.0	0.0	0.0	0.0	0.0	0.0	0.0	151.0	0.0	0.0	0.0	0.0	0.0	0.0	0.0	0.0	0.0	0.0	0.0	0.0	3.0	0.0	0.0	0.0	0.0	0.0	0.0	0.0	0.0	0.0	0.0	0.0	0.0	0.0	0.0	0.0	0.0	0.0	0.0	0.0	0.0	0.0	0.0	0.0	0.0	73.0	0.0	0.0	0.0	438.0	0.0	91.0	0.0	0.0	0.0	0.0	4.0	0.0	0.0	0.0	0.0	0.0	0.0	0.0	0.0	0.0	0.0	0.0	0.0	30.0	0.0	0.0	0.0	0.0	0.0	71.0	309.0	0.0	0.0	0.0	0.0	0.0	0.0	0.0	0.0	0.0	0.0	0.0	0.0	0.0	0.0	0.0	0.0	0.0	0.0	0.0	0.0	0.0	430.0	0.0	0.0	0.0	0.0	0.0	0.0	0.0	54.0	0.0	0.0	0.0	0.0	0.0	0.0	0.0	0.0	0.0	0.0	0.0	0.0	0.0	0.0	0.0	0.0	0.0	0.0	0.0	0.0	0.0	0.0	0.0	0.0	0.0	0.0	0.0	0.0	0.0	0.0	0.0	0.0	0.0	0.0	0.0	0.0	0.0	0.0	0.0	0.0	0.0	0.0	0.0	0.0	0.0	0.0	0.0	0.0	0.0	0.0	0.0	0.0	0.0	0.0	0.0	0.0	0.0	0.0	0.0	0.0	0.0	0.0	0.0	0.0	0.0	0.0	0.0	0.0	0.0	0.0	0.0	0.0	0.0	0.0	0.0	0.0	0.0	0.0	0.0	0.0	0.0	0.0	0.0	0.0	0.0	0.0	0.0	0.0	0.0	0.0
SRR21723401	494.0	42.0	403.0	0.0	131.0	0.0	3.0	0.0	105.0	607.0	222.0	173.0	0.0	0.0	5.0	1253.0	169.0	71.0	0.0	85.0	575.0	82.0	23.0	0.0	890.0	237.0	16.0	182.0	1601.0	0.0	5.0	6.0	82.0	0.0	616.0	0.0	0.0	0.0	0.0	446.0	1064.0	0.0	0.0	0.0	28.0	139.0	77.0	0.0	335.0	0.0	848.0	22.0	0.0	0.0	254.0	0.0	650.0	0.0	0.0	434.0	0.0	3.0	0.0	28.0	16.0	0.0	66.0	0.0	0.0	192.0	161.0	0.0	0.0	0.0	229.0	0.0	0.0	0.0	0.0	0.0	0.0	0.0	0.0	0.0	24.0	4.0	151.0	0.0	14.0	0.0	171.0	58.0	0.0	157.0	13.0	0.0	0.0	0.0	0.0	2.0	0.0	0.0	58.0	325.0	2.0	0.0	139.0	5.0	0.0	0.0	0.0	0.0	0.0	0.0	0.0	124.0	0.0	0.0	142.0	0.0	0.0	0.0	40.0	0.0	0.0	0.0	49.0	0.0	0.0	0.0	0.0	407.0	0.0	0.0	0.0	0.0	0.0	18.0	0.0	0.0	3.0	0.0	0.0	0.0	4.0	0.0	0.0	0.0	0.0	0.0	3.0	0.0	5.0	0.0	0.0	0.0	0.0	0.0	0.0	0.0	153.0	0.0	0.0	0.0	0.0	0.0	0.0	0.0	0.0	35.0	0.0	0.0	0.0	44.0	0.0	0.0	0.0	0.0	0.0	0.0	0.0	0.0	0.0	0.0	0.0	0.0	0.0	0.0	0.0	0.0	0.0	0.0	0.0	0.0	0.0	0.0	0.0	0.0	0.0	0.0	98.0	0.0	0.0	0.0	0.0	0.0	0.0	0.0	0.0	0.0	0.0	0.0	0.0	0.0	0.0	0.0	0.0	0.0	0.0	0.0	0.0	0.0	126.0	0.0	0.0	0.0	0.0	0.0	0.0	0.0	0.0	0.0	0.0	0.0	0.0	0.0	0.0	0.0	0.0	0.0	0.0	0.0	0.0	0.0	0.0	2.0	0.0	0.0	0.0	0.0	0.0	0.0	0.0	0.0	0.0	0.0	0.0	0.0	0.0	0.0	0.0	0.0	0.0	0.0	0.0	0.0	0.0	0.0	0.0	0.0	0.0	0.0	0.0	0.0	0.0	0.0	0.0	0.0	0.0	0.0	0.0	0.0	0.0	0.0	0.0	0.0	0.0	0.0	0.0	0.0	0.0	0.0	0.0	0.0	0.0	0.0	0.0	0.0	0.0	0.0	0.0	0.0	0.0	0.0	0.0	0.0	0.0	0.0	0.0	0.0	0.0	0.0	0.0	0.0	0.0	0.0	0.0	0.0	0.0	0.0	0.0
SRR21723402	931.0	46.0	543.0	0.0	82.0	0.0	0.0	0.0	17.0	1422.0	20.0	103.0	7.0	10.0	4.0	2019.0	157.0	44.0	55.0	0.0	391.0	109.0	41.0	11.0	1085.0	116.0	68.0	183.0	1204.0	8.0	15.0	0.0	5.0	0.0	1083.0	15.0	0.0	8.0	0.0	283.0	966.0	32.0	0.0	0.0	0.0	231.0	134.0	0.0	138.0	104.0	716.0	0.0	38.0	0.0	240.0	0.0	366.0	0.0	0.0	298.0	0.0	4.0	0.0	5.0	31.0	0.0	51.0	0.0	0.0	247.0	117.0	3.0	0.0	0.0	471.0	0.0	25.0	0.0	0.0	0.0	0.0	0.0	0.0	0.0	0.0	0.0	106.0	84.0	0.0	0.0	538.0	76.0	0.0	568.0	18.0	0.0	0.0	0.0	0.0	0.0	0.0	0.0	42.0	480.0	0.0	3.0	139.0	0.0	5.0	0.0	0.0	0.0	0.0	0.0	0.0	180.0	0.0	0.0	182.0	0.0	6.0	0.0	26.0	0.0	0.0	0.0	75.0	0.0	0.0	9.0	0.0	330.0	0.0	0.0	0.0	0.0	0.0	0.0	0.0	0.0	69.0	0.0	10.0	0.0	17.0	0.0	0.0	0.0	0.0	0.0	0.0	0.0	0.0	4.0	0.0	0.0	0.0	0.0	0.0	0.0	90.0	0.0	0.0	0.0	0.0	0.0	0.0	12.0	0.0	21.0	0.0	0.0	0.0	92.0	0.0	32.0	0.0	0.0	11.0	0.0	0.0	0.0	0.0	0.0	0.0	0.0	0.0	0.0	40.0	0.0	0.0	0.0	6.0	36.0	0.0	0.0	32.0	0.0	0.0	0.0	138.0	0.0	0.0	0.0	0.0	0.0	0.0	0.0	0.0	0.0	0.0	0.0	0.0	0.0	0.0	0.0	0.0	0.0	0.0	0.0	0.0	0.0	187.0	0.0	0.0	0.0	0.0	0.0	0.0	0.0	0.0	0.0	0.0	0.0	0.0	0.0	0.0	0.0	0.0	0.0	0.0	0.0	0.0	0.0	0.0	0.0	0.0	0.0	0.0	0.0	0.0	0.0	0.0	0.0	0.0	0.0	0.0	0.0	0.0	0.0	0.0	0.0	0.0	0.0	0.0	0.0	0.0	0.0	0.0	0.0	0.0	0.0	0.0	0.0	0.0	0.0	0.0	0.0	0.0	0.0	0.0	0.0	0.0	0.0	0.0	0.0	0.0	0.0	0.0	0.0	0.0	0.0	0.0	0.0	0.0	0.0	0.0	0.0	0.0	0.0	0.0	0.0	0.0	0.0	0.0	0.0	0.0	0.0	0.0	0.0	0.0	0.0	0.0	0.0	0.0	0.0	0.0	0.0	0.0	0.0	0.0
SRR21723404	673.0	76.0	271.0	0.0	231.0	0.0	0.0	0.0	61.0	501.0	211.0	47.0	0.0	5.0	28.0	1936.0	98.0	89.0	65.0	22.0	654.0	98.0	0.0	0.0	1154.0	51.0	0.0	115.0	1003.0	47.0	0.0	2.0	199.0	0.0	916.0	0.0	0.0	0.0	0.0	495.0	956.0	13.0	0.0	0.0	56.0	119.0	172.0	0.0	199.0	0.0	1298.0	0.0	34.0	3.0	221.0	0.0	444.0	0.0	0.0	420.0	0.0	0.0	0.0	19.0	16.0	0.0	113.0	0.0	0.0	261.0	198.0	9.0	0.0	0.0	105.0	0.0	0.0	0.0	0.0	9.0	0.0	3.0	0.0	0.0	36.0	0.0	38.0	81.0	15.0	0.0	121.0	53.0	0.0	214.0	35.0	0.0	0.0	0.0	0.0	0.0	0.0	0.0	156.0	381.0	68.0	0.0	0.0	0.0	0.0	0.0	0.0	0.0	0.0	0.0	0.0	140.0	0.0	0.0	112.0	0.0	0.0	0.0	43.0	0.0	0.0	0.0	0.0	0.0	0.0	11.0	0.0	425.0	0.0	4.0	0.0	0.0	0.0	11.0	0.0	0.0	24.0	0.0	0.0	0.0	0.0	0.0	0.0	0.0	0.0	0.0	0.0	0.0	0.0	0.0	0.0	0.0	0.0	0.0	0.0	4.0	28.0	0.0	0.0	0.0	0.0	0.0	0.0	0.0	0.0	33.0	0.0	0.0	0.0	111.0	0.0	74.0	0.0	0.0	0.0	0.0	0.0	0.0	0.0	0.0	0.0	0.0	0.0	0.0	44.0	0.0	0.0	0.0	0.0	20.0	0.0	0.0	0.0	0.0	0.0	0.0	50.0	0.0	0.0	0.0	0.0	0.0	0.0	0.0	0.0	0.0	0.0	0.0	0.0	0.0	0.0	0.0	0.0	0.0	0.0	0.0	0.0	0.0	127.0	0.0	0.0	0.0	0.0	0.0	0.0	0.0	12.0	0.0	0.0	0.0	0.0	0.0	0.0	0.0	0.0	0.0	0.0	0.0	0.0	0.0	0.0	0.0	0.0	0.0	0.0	0.0	0.0	0.0	0.0	0.0	0.0	0.0	0.0	0.0	0.0	0.0	0.0	0.0	0.0	0.0	0.0	0.0	0.0	0.0	0.0	0.0	0.0	0.0	0.0	0.0	0.0	0.0	0.0	0.0	0.0	0.0	0.0	0.0	0.0	0.0	0.0	0.0	0.0	0.0	0.0	0.0	0.0	0.0	0.0	0.0	0.0	0.0	0.0	0.0	0.0	0.0	0.0	0.0	0.0	0.0	0.0	0.0	0.0	0.0	0.0	0.0	0.0	0.0	0.0	0.0	0.0	0.0	0.0	0.0	0.0	0.0	0.0
SRR21723405	824.0	83.0	330.0	0.0	130.0	0.0	0.0	0.0	54.0	614.0	210.0	46.0	14.0	5.0	32.0	2525.0	176.0	100.0	38.0	26.0	398.0	47.0	0.0	0.0	1022.0	84.0	58.0	224.0	1378.0	60.0	0.0	0.0	336.0	0.0	1766.0	0.0	0.0	0.0	4.0	257.0	821.0	0.0	0.0	0.0	51.0	19.0	108.0	0.0	311.0	9.0	749.0	0.0	0.0	4.0	383.0	0.0	993.0	0.0	0.0	264.0	0.0	0.0	0.0	23.0	16.0	68.0	87.0	0.0	0.0	232.0	218.0	12.0	0.0	0.0	293.0	0.0	0.0	0.0	0.0	0.0	0.0	0.0	0.0	0.0	55.0	0.0	28.0	5.0	14.0	0.0	248.0	24.0	5.0	213.0	45.0	0.0	11.0	0.0	0.0	0.0	0.0	0.0	89.0	451.0	33.0	0.0	196.0	0.0	0.0	0.0	0.0	0.0	0.0	0.0	12.0	656.0	0.0	0.0	58.0	0.0	0.0	0.0	20.0	0.0	0.0	0.0	19.0	0.0	0.0	0.0	0.0	459.0	0.0	0.0	0.0	0.0	0.0	0.0	0.0	0.0	42.0	0.0	3.0	0.0	15.0	0.0	0.0	0.0	0.0	0.0	0.0	0.0	0.0	0.0	0.0	0.0	0.0	0.0	0.0	0.0	0.0	0.0	4.0	3.0	0.0	0.0	0.0	0.0	0.0	37.0	10.0	0.0	0.0	150.0	0.0	47.0	0.0	0.0	0.0	4.0	0.0	0.0	40.0	0.0	0.0	0.0	0.0	0.0	109.0	0.0	0.0	0.0	0.0	37.0	0.0	0.0	0.0	0.0	0.0	49.0	324.0	0.0	0.0	0.0	0.0	0.0	0.0	0.0	0.0	0.0	0.0	0.0	0.0	0.0	0.0	0.0	0.0	0.0	0.0	0.0	0.0	0.0	167.0	0.0	0.0	0.0	0.0	0.0	0.0	0.0	0.0	0.0	0.0	0.0	0.0	0.0	0.0	0.0	0.0	0.0	0.0	0.0	0.0	0.0	0.0	0.0	0.0	0.0	0.0	0.0	0.0	0.0	0.0	3.0	0.0	0.0	0.0	0.0	0.0	0.0	0.0	0.0	0.0	0.0	0.0	0.0	0.0	0.0	0.0	0.0	0.0	0.0	0.0	0.0	0.0	0.0	0.0	0.0	0.0	0.0	0.0	0.0	0.0	0.0	0.0	0.0	0.0	0.0	0.0	0.0	0.0	0.0	0.0	0.0	0.0	0.0	0.0	0.0	0.0	0.0	0.0	0.0	0.0	0.0	0.0	0.0	0.0	0.0	0.0	0.0	0.0	0.0	0.0	0.0	0.0	0.0	0.0	0.0	0.0	0.0	0.0
SRR21723406	893.0	69.0	692.0	0.0	218.0	0.0	0.0	0.0	73.0	547.0	175.0	62.0	0.0	10.0	17.0	1938.0	230.0	47.0	74.0	27.0	519.0	70.0	34.0	0.0	1308.0	155.0	17.0	157.0	1333.0	0.0	0.0	15.0	336.0	0.0	1016.0	0.0	0.0	0.0	0.0	325.0	1407.0	35.0	0.0	0.0	88.0	297.0	126.0	0.0	241.0	71.0	1079.0	0.0	45.0	0.0	417.0	0.0	788.0	0.0	0.0	513.0	0.0	0.0	0.0	33.0	0.0	0.0	66.0	0.0	0.0	296.0	291.0	0.0	0.0	6.0	267.0	0.0	0.0	0.0	0.0	0.0	0.0	0.0	0.0	0.0	27.0	0.0	234.0	56.0	0.0	0.0	204.0	66.0	0.0	289.0	46.0	0.0	0.0	0.0	0.0	0.0	0.0	0.0	107.0	348.0	48.0	2.0	0.0	0.0	4.0	0.0	0.0	0.0	10.0	0.0	0.0	1008.0	0.0	0.0	210.0	0.0	0.0	0.0	71.0	0.0	0.0	0.0	0.0	0.0	0.0	0.0	0.0	327.0	0.0	0.0	0.0	0.0	0.0	0.0	0.0	0.0	32.0	4.0	0.0	0.0	0.0	0.0	0.0	0.0	0.0	0.0	0.0	0.0	0.0	4.0	0.0	0.0	0.0	0.0	0.0	0.0	72.0	0.0	0.0	0.0	0.0	0.0	0.0	0.0	0.0	36.0	14.0	0.0	0.0	138.0	0.0	79.0	0.0	0.0	0.0	21.0	0.0	0.0	42.0	0.0	0.0	0.0	0.0	0.0	0.0	0.0	0.0	0.0	0.0	0.0	0.0	0.0	0.0	0.0	0.0	90.0	419.0	0.0	0.0	0.0	0.0	0.0	0.0	0.0	0.0	0.0	0.0	0.0	0.0	0.0	0.0	0.0	0.0	0.0	0.0	0.0	0.0	0.0	104.0	0.0	0.0	0.0	0.0	0.0	0.0	0.0	0.0	0.0	0.0	0.0	0.0	0.0	0.0	0.0	0.0	0.0	0.0	0.0	0.0	0.0	0.0	0.0	0.0	0.0	2.0	0.0	0.0	0.0	0.0	0.0	0.0	0.0	0.0	0.0	0.0	0.0	0.0	0.0	0.0	0.0	0.0	0.0	0.0	0.0	0.0	0.0	0.0	0.0	0.0	0.0	0.0	0.0	0.0	0.0	0.0	0.0	0.0	0.0	0.0	0.0	0.0	0.0	0.0	0.0	0.0	0.0	0.0	0.0	0.0	0.0	0.0	0.0	0.0	0.0	0.0	0.0	0.0	0.0	0.0	0.0	0.0	0.0	0.0	0.0	0.0	0.0	0.0	0.0	0.0	0.0	0.0	0.0	0.0	0.0	0.0	0.0	0.0
SRR21723407	486.0	25.0	388.0	0.0	48.0	0.0	4.0	0.0	18.0	691.0	76.0	45.0	0.0	0.0	13.0	1614.0	54.0	22.0	0.0	0.0	159.0	89.0	8.0	0.0	948.0	69.0	12.0	38.0	442.0	0.0	0.0	0.0	85.0	0.0	717.0	0.0	0.0	18.0	0.0	215.0	556.0	0.0	0.0	0.0	25.0	28.0	41.0	0.0	56.0	0.0	651.0	0.0	0.0	0.0	168.0	0.0	337.0	0.0	0.0	246.0	0.0	0.0	0.0	4.0	16.0	0.0	35.0	0.0	0.0	175.0	153.0	0.0	0.0	0.0	50.0	0.0	0.0	0.0	0.0	0.0	0.0	0.0	0.0	0.0	127.0	0.0	0.0	0.0	0.0	0.0	128.0	13.0	6.0	310.0	4.0	0.0	0.0	0.0	0.0	0.0	0.0	0.0	157.0	149.0	60.0	0.0	0.0	0.0	0.0	0.0	0.0	0.0	0.0	0.0	0.0	246.0	0.0	0.0	264.0	0.0	0.0	0.0	57.0	0.0	0.0	0.0	10.0	0.0	0.0	0.0	0.0	66.0	0.0	0.0	0.0	0.0	0.0	0.0	0.0	3.0	0.0	4.0	0.0	0.0	0.0	0.0	5.0	0.0	0.0	0.0	0.0	0.0	0.0	0.0	0.0	3.0	0.0	0.0	0.0	0.0	31.0	0.0	0.0	0.0	0.0	0.0	0.0	0.0	0.0	62.0	15.0	0.0	0.0	143.0	0.0	77.0	0.0	0.0	0.0	0.0	0.0	0.0	60.0	0.0	0.0	0.0	0.0	0.0	0.0	0.0	0.0	0.0	0.0	0.0	0.0	0.0	0.0	0.0	0.0	55.0	164.0	0.0	0.0	0.0	0.0	0.0	0.0	0.0	0.0	0.0	0.0	0.0	0.0	0.0	0.0	0.0	0.0	0.0	0.0	0.0	0.0	0.0	103.0	0.0	0.0	0.0	0.0	0.0	0.0	0.0	22.0	0.0	0.0	0.0	0.0	0.0	0.0	0.0	0.0	0.0	0.0	0.0	0.0	0.0	0.0	0.0	0.0	0.0	0.0	0.0	0.0	0.0	0.0	0.0	0.0	0.0	0.0	0.0	0.0	0.0	0.0	0.0	0.0	0.0	0.0	0.0	0.0	0.0	0.0	0.0	0.0	0.0	0.0	0.0	0.0	0.0	0.0	0.0	0.0	0.0	0.0	0.0	0.0	0.0	0.0	0.0	0.0	0.0	0.0	0.0	0.0	0.0	0.0	0.0	0.0	0.0	0.0	0.0	0.0	0.0	0.0	0.0	0.0	0.0	0.0	0.0	0.0	0.0	0.0	0.0	0.0	0.0	0.0	0.0	0.0	0.0	0.0	0.0	0.0	0.0	0.0
SRR21723408	717.0	0.0	255.0	0.0	125.0	0.0	4.0	0.0	120.0	659.0	173.0	79.0	8.0	3.0	20.0	1382.0	155.0	38.0	63.0	73.0	365.0	57.0	24.0	13.0	734.0	65.0	85.0	193.0	1377.0	0.0	6.0	0.0	95.0	0.0	783.0	0.0	0.0	0.0	0.0	346.0	932.0	33.0	0.0	0.0	60.0	84.0	0.0	0.0	209.0	30.0	966.0	0.0	0.0	2.0	258.0	0.0	613.0	0.0	0.0	319.0	0.0	0.0	0.0	13.0	0.0	0.0	69.0	0.0	0.0	167.0	42.0	5.0	0.0	0.0	199.0	0.0	0.0	0.0	0.0	6.0	0.0	0.0	0.0	0.0	13.0	0.0	61.0	50.0	4.0	0.0	99.0	61.0	0.0	330.0	9.0	0.0	0.0	0.0	0.0	0.0	0.0	0.0	61.0	418.0	0.0	0.0	0.0	0.0	0.0	0.0	0.0	0.0	4.0	0.0	15.0	89.0	0.0	0.0	56.0	0.0	0.0	0.0	75.0	0.0	0.0	0.0	15.0	0.0	0.0	0.0	7.0	512.0	0.0	0.0	0.0	0.0	0.0	0.0	0.0	0.0	0.0	0.0	0.0	0.0	0.0	0.0	0.0	0.0	0.0	0.0	0.0	0.0	0.0	0.0	0.0	0.0	0.0	0.0	0.0	0.0	128.0	0.0	0.0	0.0	0.0	0.0	0.0	0.0	0.0	77.0	6.0	0.0	0.0	18.0	0.0	12.0	0.0	0.0	0.0	12.0	0.0	0.0	25.0	0.0	0.0	0.0	0.0	0.0	84.0	0.0	0.0	0.0	0.0	0.0	0.0	0.0	0.0	0.0	0.0	0.0	136.0	0.0	0.0	16.0	0.0	0.0	0.0	0.0	0.0	0.0	0.0	0.0	0.0	0.0	0.0	0.0	0.0	0.0	0.0	0.0	0.0	0.0	122.0	0.0	0.0	0.0	0.0	0.0	2.0	0.0	0.0	0.0	0.0	0.0	0.0	0.0	0.0	0.0	0.0	0.0	0.0	0.0	0.0	0.0	0.0	0.0	0.0	0.0	0.0	0.0	0.0	0.0	0.0	0.0	0.0	0.0	0.0	0.0	0.0	0.0	0.0	0.0	0.0	0.0	0.0	0.0	0.0	0.0	0.0	0.0	0.0	0.0	0.0	0.0	0.0	0.0	0.0	0.0	0.0	0.0	0.0	0.0	0.0	0.0	0.0	0.0	0.0	0.0	0.0	0.0	0.0	0.0	0.0	0.0	0.0	0.0	0.0	0.0	0.0	0.0	0.0	0.0	0.0	0.0	0.0	0.0	0.0	0.0	0.0	0.0	0.0	0.0	0.0	0.0	0.0	0.0	0.0	0.0	0.0	0.0	0.0
SRR21723410	507.0	52.0	703.0	0.0	46.0	0.0	0.0	0.0	12.0	367.0	100.0	172.0	0.0	8.0	3.0	662.0	84.0	37.0	0.0	58.0	565.0	26.0	42.0	0.0	645.0	137.0	39.0	218.0	1551.0	34.0	0.0	15.0	296.0	0.0	1171.0	6.0	0.0	0.0	0.0	349.0	1545.0	35.0	8.0	0.0	128.0	518.0	99.0	0.0	412.0	0.0	217.0	0.0	2.0	4.0	157.0	0.0	736.0	0.0	0.0	254.0	0.0	0.0	0.0	14.0	10.0	18.0	10.0	0.0	0.0	127.0	222.0	0.0	4.0	0.0	347.0	0.0	0.0	0.0	0.0	9.0	0.0	4.0	0.0	0.0	0.0	0.0	304.0	9.0	0.0	0.0	1256.0	61.0	0.0	52.0	0.0	0.0	0.0	0.0	0.0	0.0	0.0	3.0	50.0	182.0	123.0	0.0	159.0	0.0	0.0	0.0	0.0	0.0	0.0	0.0	0.0	617.0	0.0	0.0	46.0	0.0	0.0	0.0	12.0	0.0	0.0	0.0	42.0	0.0	0.0	0.0	0.0	338.0	0.0	0.0	0.0	4.0	0.0	0.0	0.0	0.0	0.0	0.0	0.0	0.0	0.0	0.0	10.0	14.0	4.0	0.0	0.0	0.0	2.0	0.0	0.0	0.0	2.0	0.0	0.0	0.0	20.0	0.0	0.0	0.0	0.0	0.0	0.0	0.0	0.0	134.0	0.0	0.0	0.0	121.0	0.0	9.0	0.0	0.0	9.0	58.0	0.0	0.0	28.0	0.0	0.0	0.0	0.0	0.0	0.0	0.0	0.0	0.0	0.0	0.0	0.0	0.0	17.0	0.0	0.0	0.0	261.0	0.0	0.0	7.0	0.0	0.0	0.0	0.0	0.0	0.0	0.0	0.0	0.0	0.0	0.0	0.0	0.0	0.0	0.0	0.0	0.0	0.0	161.0	0.0	0.0	0.0	0.0	0.0	0.0	0.0	0.0	0.0	0.0	0.0	0.0	0.0	0.0	0.0	0.0	0.0	0.0	0.0	0.0	0.0	0.0	0.0	0.0	0.0	0.0	0.0	0.0	0.0	0.0	0.0	0.0	0.0	0.0	0.0	0.0	0.0	0.0	0.0	0.0	0.0	0.0	0.0	0.0	0.0	0.0	0.0	0.0	0.0	0.0	0.0	0.0	0.0	0.0	0.0	0.0	0.0	0.0	0.0	0.0	0.0	0.0	0.0	0.0	0.0	0.0	0.0	0.0	0.0	0.0	0.0	0.0	0.0	0.0	0.0	0.0	0.0	0.0	0.0	0.0	0.0	0.0	0.0	0.0	0.0	0.0	0.0	0.0	0.0	0.0	0.0	0.0	0.0	0.0	0.0	0.0	0.0	0.0
SRR21723411	724.0	0.0	238.0	0.0	162.0	2.0	0.0	0.0	44.0	286.0	127.0	8.0	0.0	3.0	38.0	1524.0	184.0	71.0	9.0	35.0	343.0	0.0	0.0	0.0	859.0	169.0	16.0	210.0	897.0	0.0	0.0	4.0	88.0	0.0	617.0	0.0	0.0	0.0	0.0	267.0	658.0	6.0	3.0	0.0	57.0	97.0	89.0	0.0	192.0	0.0	1058.0	0.0	5.0	0.0	223.0	0.0	373.0	0.0	0.0	317.0	0.0	0.0	0.0	0.0	0.0	54.0	54.0	0.0	0.0	212.0	41.0	0.0	0.0	0.0	116.0	0.0	0.0	0.0	0.0	0.0	0.0	0.0	0.0	2.0	32.0	0.0	0.0	57.0	0.0	0.0	172.0	51.0	0.0	390.0	46.0	0.0	0.0	0.0	0.0	0.0	0.0	0.0	88.0	315.0	0.0	0.0	126.0	0.0	0.0	0.0	0.0	0.0	5.0	0.0	0.0	170.0	0.0	3.0	83.0	0.0	0.0	0.0	43.0	0.0	0.0	0.0	13.0	0.0	0.0	0.0	0.0	271.0	0.0	0.0	0.0	0.0	0.0	0.0	0.0	2.0	0.0	0.0	0.0	0.0	0.0	0.0	0.0	0.0	3.0	0.0	0.0	0.0	0.0	0.0	0.0	0.0	0.0	0.0	0.0	0.0	25.0	0.0	0.0	0.0	0.0	0.0	0.0	0.0	0.0	59.0	0.0	0.0	0.0	71.0	0.0	37.0	0.0	0.0	0.0	19.0	0.0	0.0	0.0	0.0	0.0	0.0	0.0	0.0	0.0	0.0	0.0	0.0	0.0	0.0	0.0	0.0	0.0	0.0	0.0	0.0	107.0	0.0	0.0	0.0	0.0	0.0	0.0	0.0	0.0	0.0	0.0	0.0	0.0	0.0	0.0	0.0	0.0	0.0	0.0	0.0	0.0	0.0	68.0	0.0	0.0	0.0	0.0	0.0	0.0	0.0	0.0	0.0	0.0	0.0	0.0	0.0	0.0	0.0	0.0	0.0	0.0	0.0	0.0	0.0	0.0	0.0	0.0	0.0	0.0	0.0	0.0	0.0	0.0	0.0	0.0	0.0	0.0	0.0	0.0	0.0	0.0	0.0	0.0	0.0	0.0	0.0	0.0	0.0	0.0	0.0	0.0	0.0	0.0	0.0	0.0	0.0	0.0	0.0	0.0	0.0	0.0	0.0	0.0	0.0	0.0	0.0	0.0	0.0	0.0	0.0	0.0	0.0	0.0	0.0	0.0	0.0	0.0	0.0	0.0	0.0	0.0	0.0	0.0	0.0	0.0	0.0	0.0	0.0	0.0	0.0	0.0	0.0	0.0	0.0	0.0	0.0	0.0	0.0	0.0	0.0	0.0
SRR21723413	539.0	33.0	191.0	0.0	97.0	0.0	0.0	0.0	20.0	458.0	166.0	60.0	0.0	6.0	36.0	1149.0	155.0	92.0	0.0	57.0	440.0	40.0	61.0	0.0	788.0	138.0	0.0	153.0	921.0	0.0	0.0	3.0	62.0	0.0	1140.0	0.0	5.0	0.0	0.0	305.0	433.0	40.0	0.0	0.0	76.0	131.0	37.0	0.0	202.0	0.0	649.0	0.0	0.0	9.0	145.0	0.0	314.0	0.0	0.0	145.0	0.0	0.0	0.0	11.0	0.0	0.0	50.0	0.0	0.0	168.0	19.0	0.0	0.0	0.0	131.0	0.0	0.0	0.0	0.0	0.0	0.0	0.0	3.0	0.0	0.0	0.0	180.0	46.0	0.0	0.0	103.0	40.0	0.0	414.0	10.0	0.0	0.0	0.0	0.0	0.0	0.0	0.0	34.0	237.0	14.0	0.0	117.0	0.0	0.0	0.0	0.0	0.0	0.0	0.0	0.0	12.0	0.0	0.0	115.0	0.0	0.0	0.0	7.0	0.0	0.0	0.0	25.0	0.0	0.0	0.0	0.0	369.0	0.0	0.0	0.0	0.0	0.0	17.0	0.0	0.0	30.0	0.0	0.0	0.0	7.0	0.0	0.0	0.0	0.0	0.0	0.0	0.0	9.0	0.0	0.0	0.0	0.0	0.0	0.0	0.0	56.0	0.0	0.0	0.0	0.0	0.0	0.0	0.0	0.0	38.0	17.0	5.0	0.0	59.0	0.0	18.0	0.0	0.0	0.0	0.0	0.0	0.0	0.0	0.0	0.0	0.0	0.0	0.0	76.0	0.0	0.0	0.0	0.0	0.0	0.0	0.0	0.0	0.0	0.0	0.0	94.0	0.0	0.0	0.0	0.0	0.0	0.0	0.0	0.0	0.0	0.0	0.0	0.0	0.0	0.0	0.0	0.0	0.0	0.0	0.0	0.0	0.0	57.0	0.0	0.0	0.0	0.0	0.0	0.0	0.0	0.0	0.0	0.0	0.0	0.0	0.0	0.0	0.0	0.0	0.0	0.0	0.0	0.0	0.0	0.0	0.0	0.0	0.0	0.0	0.0	0.0	0.0	0.0	0.0	0.0	0.0	0.0	0.0	0.0	0.0	0.0	0.0	0.0	0.0	0.0	0.0	0.0	0.0	0.0	0.0	0.0	0.0	0.0	0.0	0.0	0.0	0.0	0.0	0.0	0.0	0.0	0.0	0.0	0.0	0.0	0.0	0.0	0.0	0.0	0.0	0.0	0.0	0.0	0.0	0.0	0.0	0.0	0.0	0.0	0.0	0.0	0.0	0.0	0.0	0.0	0.0	0.0	0.0	0.0	0.0	0.0	0.0	0.0	0.0	0.0	0.0	0.0	0.0	0.0	0.0	0.0
SRR21723414	795.0	19.0	500.0	0.0	274.0	0.0	0.0	5.0	0.0	548.0	156.0	270.0	0.0	4.0	15.0	1540.0	132.0	76.0	95.0	75.0	570.0	142.0	64.0	0.0	1130.0	221.0	0.0	299.0	1699.0	10.0	0.0	0.0	122.0	0.0	1256.0	2.0	0.0	0.0	0.0	434.0	984.0	77.0	0.0	0.0	62.0	251.0	98.0	4.0	379.0	0.0	832.0	0.0	3.0	3.0	258.0	0.0	481.0	0.0	0.0	311.0	0.0	3.0	0.0	16.0	35.0	0.0	0.0	0.0	0.0	269.0	152.0	0.0	0.0	0.0	252.0	0.0	0.0	5.0	0.0	7.0	0.0	4.0	0.0	0.0	14.0	0.0	349.0	87.0	0.0	0.0	364.0	85.0	0.0	366.0	17.0	0.0	0.0	4.0	0.0	0.0	0.0	0.0	66.0	311.0	4.0	3.0	204.0	8.0	2.0	9.0	0.0	0.0	6.0	0.0	43.0	97.0	0.0	0.0	151.0	3.0	0.0	0.0	81.0	0.0	0.0	10.0	36.0	0.0	0.0	0.0	0.0	598.0	0.0	0.0	0.0	0.0	0.0	0.0	0.0	2.0	0.0	0.0	0.0	0.0	8.0	0.0	5.0	0.0	0.0	0.0	0.0	0.0	0.0	3.0	0.0	0.0	4.0	0.0	0.0	0.0	70.0	0.0	0.0	0.0	0.0	0.0	0.0	0.0	0.0	34.0	22.0	0.0	0.0	0.0	0.0	0.0	0.0	0.0	20.0	0.0	0.0	0.0	39.0	0.0	4.0	0.0	0.0	0.0	24.0	0.0	0.0	0.0	0.0	0.0	0.0	0.0	0.0	0.0	0.0	0.0	171.0	0.0	0.0	23.0	0.0	0.0	0.0	0.0	0.0	2.0	0.0	0.0	0.0	0.0	0.0	0.0	0.0	0.0	0.0	0.0	0.0	0.0	109.0	0.0	0.0	0.0	0.0	0.0	0.0	0.0	0.0	0.0	0.0	0.0	0.0	0.0	0.0	0.0	0.0	0.0	0.0	0.0	0.0	0.0	0.0	0.0	0.0	0.0	0.0	0.0	0.0	0.0	0.0	0.0	0.0	0.0	0.0	0.0	0.0	0.0	0.0	0.0	0.0	0.0	0.0	0.0	0.0	0.0	0.0	0.0	0.0	0.0	0.0	0.0	0.0	0.0	0.0	0.0	0.0	0.0	0.0	0.0	0.0	0.0	0.0	0.0	0.0	0.0	0.0	0.0	0.0	0.0	0.0	0.0	0.0	0.0	0.0	0.0	0.0	0.0	0.0	0.0	0.0	0.0	0.0	0.0	0.0	0.0	0.0	0.0	0.0	0.0	0.0	0.0	0.0	0.0	0.0	0.0	0.0	0.0	0.0
SRR21723415	772.0	25.0	326.0	0.0	160.0	0.0	0.0	0.0	5.0	440.0	151.0	117.0	0.0	4.0	32.0	1683.0	197.0	117.0	57.0	31.0	415.0	48.0	14.0	0.0	902.0	167.0	23.0	258.0	1074.0	0.0	0.0	0.0	101.0	0.0	586.0	12.0	0.0	0.0	0.0	252.0	714.0	0.0	0.0	0.0	0.0	26.0	146.0	0.0	239.0	4.0	1201.0	0.0	0.0	0.0	367.0	0.0	414.0	0.0	2.0	322.0	0.0	0.0	0.0	12.0	52.0	0.0	62.0	0.0	0.0	254.0	61.0	0.0	0.0	0.0	198.0	0.0	0.0	3.0	0.0	0.0	0.0	2.0	0.0	0.0	0.0	0.0	148.0	23.0	0.0	0.0	206.0	32.0	0.0	258.0	31.0	0.0	0.0	0.0	0.0	0.0	0.0	0.0	0.0	506.0	0.0	0.0	124.0	0.0	0.0	0.0	0.0	0.0	8.0	0.0	0.0	225.0	0.0	0.0	84.0	0.0	10.0	0.0	48.0	0.0	0.0	0.0	0.0	0.0	0.0	0.0	0.0	339.0	0.0	0.0	0.0	0.0	0.0	0.0	0.0	0.0	0.0	0.0	0.0	0.0	5.0	0.0	0.0	0.0	0.0	0.0	0.0	0.0	0.0	2.0	0.0	0.0	0.0	0.0	0.0	0.0	53.0	0.0	0.0	0.0	0.0	0.0	0.0	0.0	0.0	37.0	6.0	0.0	0.0	81.0	0.0	40.0	0.0	0.0	11.0	0.0	0.0	0.0	32.0	0.0	0.0	0.0	0.0	0.0	0.0	0.0	0.0	0.0	0.0	28.0	0.0	0.0	0.0	0.0	0.0	0.0	127.0	0.0	0.0	0.0	0.0	0.0	0.0	0.0	0.0	0.0	0.0	2.0	0.0	0.0	0.0	0.0	0.0	0.0	0.0	0.0	0.0	0.0	103.0	0.0	0.0	0.0	0.0	0.0	0.0	0.0	0.0	0.0	0.0	0.0	0.0	0.0	0.0	0.0	0.0	0.0	0.0	0.0	0.0	0.0	0.0	0.0	0.0	0.0	0.0	0.0	0.0	0.0	0.0	0.0	0.0	0.0	0.0	0.0	0.0	0.0	0.0	0.0	0.0	0.0	0.0	0.0	0.0	0.0	0.0	0.0	0.0	0.0	0.0	0.0	0.0	0.0	0.0	0.0	0.0	0.0	0.0	0.0	0.0	0.0	0.0	0.0	0.0	0.0	0.0	0.0	0.0	0.0	0.0	0.0	0.0	0.0	0.0	0.0	0.0	0.0	0.0	0.0	0.0	0.0	0.0	0.0	0.0	0.0	0.0	0.0	0.0	0.0	0.0	0.0	0.0	0.0	0.0	0.0	0.0	0.0	0.0
SRR21723416	724.0	47.0	292.0	0.0	110.0	0.0	0.0	0.0	4.0	431.0	29.0	101.0	0.0	0.0	34.0	1055.0	101.0	86.0	64.0	43.0	379.0	45.0	6.0	20.0	867.0	112.0	43.0	216.0	1113.0	22.0	0.0	12.0	0.0	0.0	643.0	3.0	0.0	18.0	0.0	238.0	642.0	6.0	21.0	0.0	117.0	190.0	116.0	5.0	349.0	6.0	525.0	0.0	0.0	0.0	176.0	0.0	266.0	0.0	0.0	241.0	0.0	0.0	0.0	7.0	0.0	0.0	34.0	0.0	4.0	203.0	102.0	0.0	0.0	0.0	173.0	0.0	0.0	0.0	0.0	0.0	0.0	0.0	0.0	0.0	0.0	4.0	277.0	35.0	0.0	0.0	263.0	57.0	0.0	226.0	15.0	0.0	0.0	0.0	0.0	0.0	0.0	0.0	43.0	285.0	85.0	2.0	129.0	0.0	0.0	0.0	0.0	0.0	0.0	0.0	23.0	81.0	0.0	0.0	106.0	4.0	0.0	0.0	52.0	0.0	0.0	3.0	0.0	0.0	0.0	0.0	0.0	294.0	0.0	0.0	0.0	0.0	0.0	0.0	0.0	0.0	6.0	0.0	8.0	0.0	0.0	0.0	4.0	5.0	0.0	0.0	0.0	0.0	0.0	5.0	0.0	0.0	0.0	0.0	0.0	8.0	50.0	0.0	0.0	0.0	0.0	0.0	0.0	2.0	0.0	65.0	14.0	0.0	0.0	367.0	0.0	13.0	5.0	0.0	0.0	13.0	0.0	0.0	24.0	0.0	0.0	0.0	0.0	0.0	0.0	0.0	0.0	0.0	0.0	0.0	0.0	0.0	0.0	0.0	0.0	0.0	422.0	0.0	0.0	0.0	0.0	0.0	0.0	0.0	0.0	0.0	0.0	0.0	0.0	0.0	0.0	0.0	0.0	0.0	0.0	0.0	0.0	0.0	169.0	0.0	0.0	0.0	0.0	0.0	0.0	0.0	0.0	0.0	0.0	0.0	0.0	0.0	0.0	0.0	0.0	0.0	0.0	0.0	0.0	0.0	0.0	0.0	0.0	0.0	0.0	0.0	0.0	0.0	0.0	0.0	0.0	0.0	0.0	0.0	0.0	0.0	0.0	0.0	0.0	0.0	0.0	0.0	0.0	0.0	0.0	0.0	0.0	0.0	0.0	0.0	0.0	0.0	0.0	0.0	0.0	0.0	0.0	0.0	0.0	0.0	0.0	0.0	0.0	0.0	0.0	0.0	0.0	0.0	0.0	0.0	0.0	0.0	0.0	0.0	0.0	0.0	0.0	0.0	0.0	0.0	0.0	0.0	7.0	0.0	0.0	0.0	0.0	0.0	0.0	0.0	0.0	0.0	0.0	0.0	0.0	0.0	0.0
SRR21723417	215.0	108.0	753.0	0.0	133.0	0.0	0.0	0.0	26.0	239.0	66.0	79.0	0.0	3.0	14.0	958.0	17.0	37.0	239.0	10.0	391.0	42.0	12.0	69.0	551.0	205.0	9.0	91.0	1292.0	0.0	0.0	3.0	570.0	0.0	567.0	2.0	5.0	0.0	0.0	273.0	1672.0	0.0	0.0	0.0	275.0	240.0	69.0	0.0	202.0	0.0	363.0	0.0	9.0	0.0	244.0	0.0	559.0	0.0	0.0	588.0	0.0	0.0	2.0	0.0	0.0	0.0	49.0	0.0	0.0	133.0	478.0	8.0	0.0	0.0	185.0	0.0	0.0	0.0	0.0	15.0	0.0	0.0	0.0	0.0	168.0	0.0	74.0	25.0	0.0	0.0	872.0	47.0	6.0	171.0	24.0	0.0	0.0	0.0	0.0	2.0	0.0	0.0	0.0	51.0	51.0	0.0	30.0	0.0	0.0	0.0	0.0	0.0	3.0	0.0	0.0	959.0	0.0	0.0	404.0	0.0	21.0	0.0	14.0	0.0	0.0	0.0	20.0	0.0	0.0	3.0	0.0	397.0	2.0	0.0	0.0	0.0	0.0	0.0	0.0	0.0	0.0	9.0	0.0	0.0	15.0	0.0	4.0	0.0	0.0	0.0	0.0	0.0	0.0	0.0	0.0	0.0	0.0	0.0	0.0	0.0	0.0	0.0	0.0	0.0	0.0	0.0	0.0	0.0	6.0	55.0	0.0	0.0	0.0	222.0	0.0	34.0	0.0	0.0	0.0	44.0	0.0	0.0	0.0	0.0	0.0	0.0	0.0	0.0	15.0	0.0	0.0	0.0	0.0	10.0	0.0	0.0	0.0	0.0	0.0	110.0	171.0	0.0	0.0	0.0	0.0	0.0	0.0	0.0	0.0	0.0	0.0	0.0	0.0	0.0	0.0	0.0	0.0	0.0	0.0	0.0	0.0	0.0	297.0	0.0	0.0	0.0	0.0	0.0	0.0	0.0	31.0	0.0	0.0	0.0	0.0	0.0	0.0	0.0	0.0	0.0	0.0	26.0	0.0	0.0	0.0	0.0	0.0	0.0	0.0	0.0	0.0	0.0	0.0	0.0	0.0	0.0	16.0	0.0	0.0	0.0	0.0	0.0	23.0	0.0	0.0	0.0	0.0	0.0	0.0	0.0	0.0	0.0	0.0	0.0	0.0	0.0	0.0	0.0	0.0	0.0	0.0	0.0	0.0	5.0	0.0	0.0	0.0	0.0	0.0	0.0	0.0	0.0	0.0	0.0	0.0	0.0	0.0	0.0	0.0	0.0	0.0	0.0	0.0	0.0	0.0	0.0	0.0	0.0	0.0	0.0	0.0	0.0	0.0	0.0	0.0	0.0	0.0	0.0	0.0	0.0	0.0
SRR21723418	885.0	20.0	379.0	0.0	66.0	0.0	0.0	5.0	60.0	951.0	69.0	88.0	0.0	0.0	24.0	835.0	0.0	90.0	52.0	12.0	450.0	59.0	245.0	0.0	967.0	154.0	0.0	191.0	1432.0	0.0	0.0	0.0	0.0	0.0	1536.0	8.0	0.0	135.0	0.0	200.0	693.0	37.0	0.0	0.0	120.0	341.0	55.0	7.0	110.0	0.0	183.0	0.0	0.0	0.0	150.0	0.0	458.0	0.0	0.0	72.0	0.0	0.0	0.0	0.0	13.0	0.0	43.0	0.0	3.0	178.0	143.0	0.0	0.0	0.0	516.0	7.0	0.0	0.0	0.0	0.0	0.0	4.0	0.0	0.0	0.0	0.0	182.0	36.0	0.0	0.0	515.0	26.0	0.0	473.0	0.0	0.0	0.0	0.0	0.0	0.0	0.0	0.0	0.0	359.0	25.0	0.0	0.0	0.0	0.0	0.0	0.0	0.0	0.0	0.0	0.0	37.0	0.0	3.0	168.0	0.0	0.0	0.0	53.0	0.0	0.0	0.0	27.0	0.0	0.0	0.0	0.0	293.0	0.0	0.0	0.0	0.0	0.0	0.0	0.0	0.0	29.0	0.0	51.0	0.0	0.0	0.0	0.0	51.0	0.0	0.0	0.0	0.0	0.0	0.0	0.0	0.0	0.0	0.0	0.0	0.0	0.0	0.0	0.0	7.0	0.0	0.0	0.0	0.0	0.0	64.0	0.0	5.0	0.0	0.0	0.0	0.0	0.0	0.0	0.0	0.0	0.0	0.0	0.0	0.0	0.0	0.0	0.0	0.0	0.0	0.0	0.0	0.0	0.0	0.0	0.0	0.0	62.0	0.0	0.0	0.0	230.0	0.0	0.0	0.0	0.0	0.0	0.0	0.0	0.0	0.0	0.0	0.0	0.0	0.0	0.0	0.0	0.0	0.0	0.0	0.0	0.0	0.0	0.0	0.0	0.0	0.0	0.0	0.0	0.0	0.0	0.0	0.0	0.0	0.0	0.0	0.0	0.0	0.0	0.0	0.0	0.0	0.0	0.0	0.0	0.0	0.0	0.0	0.0	0.0	0.0	0.0	0.0	0.0	0.0	0.0	0.0	0.0	0.0	0.0	0.0	0.0	0.0	0.0	0.0	0.0	0.0	0.0	0.0	0.0	0.0	0.0	0.0	0.0	0.0	0.0	0.0	0.0	0.0	0.0	0.0	0.0	0.0	0.0	0.0	0.0	0.0	0.0	0.0	0.0	0.0	0.0	0.0	0.0	0.0	0.0	0.0	0.0	0.0	0.0	0.0	0.0	0.0	0.0	0.0	0.0	0.0	0.0	0.0	0.0	0.0	0.0	0.0	0.0	0.0	0.0	0.0	0.0	0.0	0.0	0.0	0.0
SRR21723419	1035.0	26.0	134.0	0.0	124.0	0.0	0.0	0.0	11.0	608.0	91.0	83.0	15.0	0.0	27.0	2232.0	131.0	59.0	29.0	34.0	239.0	105.0	19.0	0.0	830.0	109.0	0.0	296.0	841.0	24.0	9.0	5.0	58.0	0.0	1020.0	0.0	0.0	0.0	0.0	166.0	448.0	6.0	0.0	0.0	0.0	66.0	163.0	0.0	117.0	80.0	1010.0	0.0	15.0	0.0	229.0	0.0	225.0	0.0	0.0	246.0	0.0	0.0	0.0	16.0	0.0	0.0	57.0	0.0	0.0	237.0	188.0	0.0	0.0	0.0	0.0	0.0	0.0	0.0	0.0	0.0	0.0	0.0	5.0	0.0	0.0	0.0	47.0	25.0	4.0	0.0	152.0	25.0	0.0	552.0	19.0	0.0	9.0	0.0	0.0	0.0	0.0	0.0	95.0	451.0	21.0	0.0	62.0	0.0	0.0	0.0	0.0	0.0	0.0	0.0	0.0	63.0	0.0	0.0	103.0	0.0	0.0	0.0	43.0	0.0	0.0	0.0	38.0	2.0	0.0	0.0	0.0	259.0	0.0	0.0	0.0	0.0	0.0	0.0	0.0	0.0	36.0	3.0	0.0	0.0	0.0	0.0	0.0	0.0	0.0	0.0	5.0	0.0	0.0	0.0	0.0	0.0	0.0	0.0	0.0	0.0	54.0	0.0	0.0	5.0	0.0	0.0	0.0	0.0	0.0	42.0	0.0	0.0	0.0	64.0	0.0	26.0	0.0	0.0	0.0	0.0	0.0	0.0	49.0	0.0	0.0	2.0	0.0	0.0	35.0	0.0	0.0	0.0	0.0	27.0	0.0	0.0	0.0	0.0	0.0	0.0	60.0	0.0	0.0	0.0	0.0	0.0	0.0	0.0	0.0	0.0	0.0	0.0	0.0	0.0	0.0	0.0	0.0	0.0	0.0	0.0	0.0	0.0	88.0	0.0	0.0	0.0	0.0	0.0	0.0	0.0	0.0	0.0	0.0	0.0	0.0	0.0	0.0	0.0	0.0	0.0	0.0	0.0	0.0	0.0	0.0	0.0	0.0	0.0	0.0	0.0	0.0	0.0	0.0	0.0	0.0	0.0	0.0	0.0	0.0	0.0	0.0	0.0	0.0	0.0	0.0	0.0	0.0	0.0	0.0	0.0	0.0	0.0	0.0	0.0	0.0	0.0	0.0	0.0	0.0	0.0	0.0	0.0	0.0	0.0	0.0	0.0	0.0	0.0	0.0	0.0	0.0	0.0	0.0	0.0	0.0	0.0	0.0	0.0	0.0	0.0	0.0	0.0	0.0	0.0	0.0	0.0	0.0	0.0	0.0	0.0	0.0	0.0	0.0	0.0	0.0	0.0	0.0	0.0	0.0	0.0	0.0
SRR21723420	855.0	56.0	821.0	0.0	40.0	0.0	0.0	0.0	56.0	1361.0	173.0	88.0	0.0	9.0	34.0	1533.0	147.0	52.0	50.0	30.0	487.0	60.0	131.0	0.0	1078.0	149.0	20.0	339.0	1802.0	31.0	0.0	16.0	0.0	0.0	1642.0	0.0	0.0	0.0	0.0	301.0	1084.0	28.0	0.0	0.0	74.0	417.0	66.0	9.0	215.0	0.0	459.0	0.0	0.0	7.0	271.0	0.0	638.0	0.0	0.0	152.0	0.0	0.0	0.0	0.0	13.0	36.0	84.0	0.0	0.0	223.0	26.0	0.0	0.0	4.0	480.0	0.0	0.0	0.0	0.0	0.0	0.0	0.0	0.0	0.0	0.0	0.0	198.0	134.0	0.0	0.0	515.0	66.0	0.0	475.0	23.0	0.0	0.0	0.0	0.0	0.0	0.0	0.0	79.0	325.0	44.0	0.0	150.0	0.0	4.0	0.0	0.0	0.0	0.0	0.0	0.0	179.0	0.0	2.0	398.0	0.0	0.0	0.0	45.0	0.0	0.0	0.0	63.0	0.0	0.0	6.0	0.0	377.0	4.0	0.0	0.0	0.0	0.0	10.0	0.0	0.0	30.0	0.0	0.0	0.0	7.0	0.0	0.0	33.0	0.0	0.0	0.0	0.0	0.0	0.0	0.0	0.0	0.0	0.0	0.0	0.0	88.0	0.0	0.0	4.0	0.0	0.0	0.0	4.0	0.0	20.0	16.0	0.0	0.0	13.0	0.0	0.0	0.0	0.0	0.0	0.0	0.0	0.0	0.0	0.0	0.0	0.0	0.0	0.0	100.0	0.0	0.0	0.0	0.0	16.0	0.0	0.0	67.0	0.0	0.0	0.0	138.0	0.0	0.0	11.0	0.0	0.0	0.0	2.0	0.0	0.0	0.0	0.0	0.0	0.0	0.0	0.0	0.0	0.0	0.0	0.0	0.0	0.0	97.0	0.0	0.0	0.0	0.0	0.0	0.0	0.0	0.0	0.0	0.0	0.0	0.0	0.0	0.0	0.0	0.0	0.0	0.0	0.0	0.0	0.0	0.0	0.0	0.0	0.0	0.0	0.0	0.0	0.0	0.0	0.0	0.0	0.0	0.0	0.0	0.0	0.0	0.0	0.0	0.0	0.0	0.0	0.0	0.0	0.0	0.0	0.0	0.0	0.0	0.0	0.0	0.0	0.0	0.0	0.0	0.0	0.0	0.0	0.0	0.0	0.0	0.0	0.0	0.0	0.0	0.0	0.0	0.0	0.0	0.0	0.0	0.0	0.0	0.0	0.0	0.0	0.0	0.0	0.0	0.0	0.0	0.0	0.0	4.0	0.0	0.0	0.0	0.0	0.0	0.0	0.0	0.0	0.0	0.0	0.0	0.0	0.0	0.0
SRR21723421	1035.0	48.0	868.0	0.0	131.0	0.0	0.0	0.0	15.0	1256.0	94.0	110.0	0.0	6.0	61.0	2142.0	209.0	76.0	48.0	0.0	212.0	79.0	55.0	0.0	1153.0	0.0	27.0	305.0	1231.0	0.0	0.0	16.0	113.0	0.0	972.0	0.0	0.0	0.0	0.0	253.0	820.0	0.0	0.0	0.0	44.0	144.0	109.0	0.0	172.0	125.0	627.0	0.0	4.0	3.0	358.0	0.0	304.0	0.0	0.0	345.0	0.0	0.0	0.0	0.0	13.0	0.0	114.0	0.0	0.0	219.0	75.0	0.0	0.0	0.0	333.0	12.0	0.0	0.0	0.0	3.0	0.0	8.0	0.0	0.0	37.0	0.0	293.0	175.0	5.0	0.0	241.0	40.0	10.0	936.0	39.0	0.0	11.0	0.0	0.0	0.0	0.0	0.0	87.0	546.0	2.0	0.0	0.0	0.0	0.0	0.0	0.0	0.0	8.0	0.0	0.0	157.0	0.0	0.0	350.0	0.0	0.0	0.0	87.0	0.0	0.0	0.0	104.0	0.0	0.0	0.0	0.0	336.0	0.0	0.0	0.0	0.0	0.0	0.0	0.0	0.0	54.0	0.0	5.0	0.0	0.0	0.0	0.0	0.0	0.0	0.0	4.0	0.0	0.0	0.0	0.0	0.0	0.0	0.0	0.0	0.0	52.0	0.0	0.0	0.0	0.0	0.0	0.0	0.0	0.0	52.0	26.0	0.0	0.0	27.0	0.0	43.0	0.0	0.0	21.0	0.0	0.0	0.0	0.0	0.0	0.0	0.0	0.0	0.0	0.0	0.0	0.0	0.0	0.0	29.0	0.0	0.0	52.0	0.0	0.0	0.0	108.0	0.0	0.0	15.0	0.0	0.0	0.0	0.0	0.0	0.0	0.0	0.0	0.0	0.0	0.0	0.0	0.0	0.0	0.0	0.0	0.0	0.0	108.0	0.0	0.0	0.0	0.0	0.0	0.0	0.0	0.0	0.0	0.0	0.0	0.0	0.0	0.0	0.0	0.0	0.0	0.0	0.0	0.0	0.0	0.0	0.0	0.0	0.0	0.0	0.0	0.0	0.0	0.0	0.0	0.0	0.0	0.0	0.0	0.0	0.0	0.0	0.0	0.0	0.0	0.0	0.0	0.0	0.0	0.0	0.0	0.0	0.0	0.0	0.0	0.0	0.0	0.0	0.0	0.0	0.0	0.0	0.0	0.0	0.0	0.0	0.0	0.0	0.0	0.0	0.0	0.0	0.0	0.0	0.0	0.0	0.0	0.0	0.0	0.0	0.0	0.0	0.0	0.0	0.0	0.0	0.0	0.0	0.0	0.0	0.0	0.0	0.0	0.0	0.0	0.0	0.0	0.0	0.0	0.0	0.0	0.0
SRR21723422	640.0	3.0	1216.0	0.0	117.0	0.0	0.0	0.0	0.0	1169.0	165.0	73.0	0.0	14.0	30.0	1918.0	82.0	96.0	115.0	0.0	273.0	112.0	20.0	166.0	897.0	105.0	0.0	173.0	1457.0	0.0	0.0	12.0	370.0	0.0	778.0	0.0	0.0	33.0	5.0	346.0	1455.0	31.0	0.0	0.0	66.0	217.0	240.0	0.0	177.0	0.0	704.0	0.0	25.0	0.0	347.0	0.0	617.0	0.0	0.0	573.0	0.0	0.0	0.0	19.0	0.0	48.0	26.0	0.0	10.0	176.0	159.0	3.0	0.0	0.0	588.0	0.0	0.0	0.0	0.0	0.0	0.0	0.0	0.0	0.0	210.0	0.0	161.0	74.0	6.0	0.0	435.0	56.0	0.0	340.0	36.0	0.0	0.0	0.0	0.0	0.0	0.0	0.0	219.0	285.0	166.0	0.0	0.0	0.0	0.0	0.0	0.0	0.0	0.0	0.0	0.0	423.0	0.0	0.0	717.0	0.0	0.0	0.0	17.0	0.0	0.0	0.0	14.0	0.0	0.0	0.0	0.0	265.0	0.0	0.0	0.0	0.0	0.0	0.0	0.0	0.0	0.0	0.0	0.0	0.0	9.0	0.0	0.0	0.0	0.0	0.0	3.0	0.0	0.0	0.0	0.0	0.0	0.0	0.0	0.0	2.0	0.0	0.0	0.0	0.0	0.0	0.0	0.0	0.0	35.0	48.0	12.0	0.0	0.0	115.0	0.0	196.0	0.0	0.0	0.0	18.0	0.0	0.0	47.0	0.0	0.0	0.0	0.0	0.0	83.0	0.0	0.0	0.0	0.0	0.0	0.0	0.0	57.0	0.0	0.0	31.0	619.0	0.0	0.0	0.0	0.0	0.0	0.0	0.0	0.0	0.0	0.0	0.0	0.0	0.0	0.0	0.0	0.0	0.0	0.0	0.0	0.0	0.0	187.0	0.0	0.0	0.0	0.0	0.0	2.0	0.0	18.0	0.0	0.0	0.0	0.0	0.0	0.0	0.0	0.0	0.0	0.0	0.0	0.0	0.0	0.0	0.0	0.0	0.0	0.0	0.0	0.0	0.0	0.0	0.0	0.0	0.0	14.0	0.0	0.0	0.0	0.0	0.0	0.0	0.0	0.0	0.0	0.0	0.0	0.0	0.0	0.0	0.0	0.0	0.0	0.0	0.0	0.0	0.0	0.0	0.0	0.0	0.0	0.0	0.0	0.0	0.0	0.0	0.0	0.0	0.0	0.0	0.0	0.0	0.0	0.0	0.0	0.0	0.0	0.0	0.0	0.0	0.0	0.0	0.0	0.0	0.0	0.0	0.0	0.0	0.0	0.0	0.0	0.0	0.0	0.0	0.0	0.0	0.0	0.0	0.0	0.0
SRR21723423	1279.0	9.0	539.0	0.0	130.0	0.0	0.0	0.0	25.0	1035.0	213.0	57.0	0.0	6.0	39.0	2702.0	217.0	159.0	32.0	0.0	381.0	143.0	114.0	0.0	1463.0	131.0	42.0	450.0	1177.0	32.0	0.0	0.0	40.0	0.0	1706.0	7.0	3.0	8.0	0.0	287.0	604.0	35.0	0.0	0.0	57.0	200.0	129.0	6.0	126.0	161.0	638.0	0.0	0.0	0.0	205.0	0.0	255.0	0.0	0.0	262.0	0.0	0.0	0.0	9.0	44.0	0.0	164.0	0.0	0.0	230.0	40.0	0.0	0.0	0.0	296.0	20.0	0.0	0.0	0.0	0.0	0.0	0.0	0.0	0.0	19.0	0.0	138.0	177.0	12.0	0.0	247.0	46.0	12.0	926.0	33.0	0.0	11.0	0.0	0.0	0.0	0.0	0.0	98.0	711.0	56.0	0.0	0.0	0.0	3.0	0.0	0.0	4.0	0.0	0.0	31.0	93.0	0.0	0.0	172.0	0.0	0.0	0.0	95.0	0.0	0.0	0.0	87.0	3.0	0.0	0.0	0.0	275.0	0.0	0.0	8.0	0.0	0.0	12.0	0.0	0.0	93.0	7.0	28.0	0.0	0.0	0.0	0.0	0.0	0.0	0.0	13.0	0.0	4.0	0.0	0.0	4.0	0.0	0.0	0.0	0.0	35.0	0.0	0.0	0.0	0.0	0.0	0.0	0.0	0.0	95.0	29.0	0.0	0.0	52.0	0.0	0.0	0.0	0.0	0.0	0.0	7.0	0.0	0.0	0.0	0.0	0.0	0.0	0.0	92.0	0.0	0.0	0.0	0.0	0.0	0.0	0.0	0.0	0.0	0.0	0.0	98.0	0.0	0.0	21.0	0.0	0.0	0.0	0.0	0.0	3.0	0.0	0.0	0.0	0.0	0.0	0.0	0.0	0.0	0.0	0.0	0.0	0.0	126.0	0.0	0.0	0.0	0.0	0.0	0.0	0.0	0.0	0.0	0.0	0.0	0.0	0.0	0.0	0.0	0.0	0.0	0.0	0.0	0.0	0.0	0.0	0.0	0.0	0.0	0.0	0.0	0.0	0.0	0.0	0.0	0.0	0.0	0.0	0.0	0.0	0.0	0.0	0.0	0.0	0.0	0.0	0.0	0.0	0.0	0.0	0.0	0.0	0.0	0.0	0.0	0.0	0.0	0.0	0.0	0.0	0.0	0.0	0.0	0.0	0.0	0.0	0.0	0.0	0.0	0.0	0.0	0.0	0.0	0.0	0.0	0.0	0.0	0.0	0.0	0.0	0.0	0.0	0.0	0.0	0.0	0.0	0.0	14.0	0.0	0.0	0.0	0.0	0.0	0.0	0.0	0.0	0.0	0.0	0.0	0.0	0.0	0.0
SRR21723424	959.0	80.0	831.0	0.0	117.0	0.0	0.0	0.0	36.0	766.0	101.0	125.0	14.0	0.0	9.0	2653.0	147.0	50.0	82.0	0.0	276.0	126.0	59.0	0.0	1200.0	104.0	0.0	277.0	1458.0	0.0	0.0	17.0	82.0	0.0	1299.0	0.0	0.0	0.0	0.0	272.0	1174.0	38.0	0.0	0.0	65.0	271.0	192.0	24.0	182.0	90.0	697.0	0.0	0.0	2.0	396.0	0.0	382.0	0.0	0.0	393.0	0.0	0.0	0.0	0.0	25.0	0.0	75.0	0.0	0.0	225.0	258.0	0.0	0.0	4.0	420.0	11.0	0.0	11.0	0.0	0.0	0.0	0.0	5.0	0.0	51.0	0.0	30.0	137.0	0.0	0.0	426.0	54.0	0.0	831.0	33.0	0.0	0.0	0.0	0.0	0.0	0.0	0.0	110.0	393.0	60.0	0.0	0.0	0.0	0.0	0.0	0.0	0.0	0.0	19.0	9.0	317.0	0.0	0.0	459.0	0.0	0.0	0.0	34.0	0.0	0.0	0.0	27.0	0.0	0.0	0.0	0.0	393.0	0.0	0.0	0.0	0.0	0.0	0.0	0.0	0.0	49.0	0.0	0.0	0.0	7.0	0.0	0.0	0.0	0.0	0.0	0.0	0.0	0.0	0.0	0.0	0.0	0.0	0.0	0.0	0.0	58.0	0.0	0.0	0.0	0.0	0.0	0.0	3.0	0.0	0.0	0.0	0.0	0.0	55.0	0.0	0.0	0.0	0.0	0.0	0.0	2.0	0.0	27.0	0.0	0.0	0.0	0.0	0.0	157.0	0.0	2.0	0.0	0.0	0.0	0.0	0.0	108.0	0.0	0.0	0.0	197.0	0.0	0.0	17.0	0.0	0.0	0.0	0.0	0.0	0.0	0.0	0.0	0.0	0.0	0.0	0.0	0.0	0.0	0.0	0.0	0.0	0.0	172.0	0.0	0.0	0.0	0.0	0.0	0.0	0.0	0.0	0.0	0.0	0.0	0.0	0.0	0.0	0.0	0.0	0.0	0.0	0.0	0.0	5.0	0.0	0.0	0.0	0.0	0.0	0.0	0.0	0.0	0.0	0.0	0.0	0.0	0.0	0.0	0.0	0.0	0.0	0.0	0.0	0.0	0.0	0.0	0.0	0.0	0.0	0.0	0.0	0.0	0.0	0.0	0.0	0.0	0.0	0.0	0.0	0.0	0.0	0.0	0.0	0.0	0.0	0.0	0.0	0.0	0.0	0.0	0.0	0.0	0.0	0.0	0.0	0.0	0.0	0.0	0.0	0.0	0.0	0.0	0.0	0.0	0.0	0.0	5.0	0.0	0.0	0.0	0.0	0.0	0.0	0.0	0.0	0.0	0.0	0.0	0.0	0.0	0.0
SRR21723425	474.0	33.0	315.0	0.0	65.0	0.0	0.0	0.0	34.0	600.0	96.0	84.0	0.0	4.0	8.0	556.0	54.0	53.0	33.0	18.0	263.0	46.0	133.0	18.0	864.0	86.0	4.0	265.0	751.0	0.0	0.0	4.0	29.0	3.0	1066.0	14.0	0.0	0.0	0.0	125.0	511.0	27.0	0.0	0.0	29.0	182.0	17.0	0.0	157.0	59.0	145.0	3.0	0.0	0.0	93.0	0.0	240.0	0.0	0.0	47.0	0.0	0.0	0.0	15.0	9.0	0.0	57.0	0.0	0.0	142.0	21.0	0.0	0.0	0.0	275.0	0.0	0.0	0.0	0.0	0.0	0.0	0.0	9.0	0.0	0.0	0.0	108.0	0.0	0.0	0.0	214.0	2.0	0.0	493.0	0.0	0.0	0.0	0.0	0.0	10.0	0.0	0.0	8.0	473.0	0.0	0.0	138.0	0.0	0.0	0.0	0.0	0.0	0.0	0.0	17.0	3.0	0.0	0.0	186.0	0.0	0.0	0.0	53.0	0.0	0.0	0.0	73.0	0.0	0.0	0.0	0.0	143.0	0.0	0.0	0.0	0.0	0.0	0.0	0.0	0.0	61.0	0.0	22.0	0.0	13.0	0.0	0.0	35.0	0.0	0.0	2.0	0.0	0.0	0.0	0.0	0.0	0.0	0.0	0.0	0.0	0.0	0.0	0.0	0.0	0.0	0.0	0.0	5.0	0.0	57.0	0.0	0.0	0.0	0.0	0.0	0.0	0.0	0.0	0.0	0.0	0.0	0.0	0.0	0.0	0.0	0.0	0.0	0.0	0.0	0.0	0.0	0.0	0.0	0.0	0.0	0.0	40.0	0.0	0.0	0.0	138.0	0.0	0.0	0.0	0.0	0.0	0.0	0.0	0.0	2.0	0.0	6.0	0.0	0.0	0.0	0.0	0.0	0.0	0.0	0.0	0.0	0.0	35.0	0.0	0.0	0.0	0.0	0.0	0.0	0.0	0.0	0.0	0.0	0.0	0.0	0.0	0.0	0.0	0.0	0.0	0.0	0.0	0.0	0.0	0.0	0.0	0.0	0.0	0.0	0.0	2.0	0.0	0.0	0.0	0.0	0.0	0.0	0.0	0.0	0.0	0.0	0.0	0.0	0.0	0.0	0.0	0.0	0.0	0.0	0.0	0.0	0.0	0.0	0.0	0.0	0.0	0.0	0.0	0.0	0.0	0.0	0.0	0.0	0.0	0.0	0.0	0.0	0.0	0.0	0.0	0.0	0.0	0.0	0.0	0.0	0.0	0.0	0.0	0.0	0.0	0.0	0.0	0.0	0.0	0.0	0.0	0.0	0.0	0.0	0.0	0.0	0.0	0.0	0.0	0.0	0.0	0.0	0.0	0.0	0.0	0.0
SRR21723426	746.0	27.0	383.0	0.0	87.0	0.0	5.0	0.0	7.0	650.0	143.0	41.0	14.0	10.0	12.0	1630.0	139.0	95.0	46.0	0.0	375.0	93.0	100.0	0.0	1263.0	119.0	0.0	278.0	821.0	32.0	9.0	0.0	40.0	0.0	1236.0	0.0	2.0	0.0	0.0	95.0	432.0	32.0	4.0	0.0	36.0	125.0	31.0	4.0	117.0	0.0	530.0	0.0	10.0	2.0	194.0	0.0	240.0	0.0	0.0	173.0	0.0	0.0	0.0	0.0	0.0	24.0	75.0	3.0	0.0	191.0	92.0	0.0	0.0	0.0	214.0	4.0	5.0	0.0	0.0	4.0	0.0	0.0	8.0	0.0	0.0	0.0	82.0	79.0	0.0	0.0	192.0	24.0	20.0	585.0	13.0	0.0	0.0	0.0	0.0	0.0	0.0	0.0	61.0	350.0	62.0	0.0	21.0	0.0	0.0	2.0	0.0	0.0	0.0	0.0	0.0	46.0	0.0	0.0	154.0	0.0	0.0	0.0	46.0	0.0	0.0	0.0	78.0	0.0	0.0	0.0	0.0	367.0	0.0	0.0	0.0	0.0	0.0	0.0	0.0	0.0	70.0	6.0	18.0	0.0	0.0	0.0	0.0	0.0	2.0	0.0	0.0	0.0	5.0	0.0	0.0	0.0	0.0	0.0	0.0	0.0	29.0	0.0	0.0	0.0	0.0	0.0	0.0	0.0	0.0	50.0	0.0	0.0	0.0	24.0	0.0	0.0	0.0	0.0	14.0	0.0	4.0	0.0	0.0	0.0	0.0	0.0	0.0	0.0	85.0	0.0	0.0	0.0	0.0	20.0	0.0	0.0	30.0	0.0	0.0	0.0	108.0	0.0	5.0	17.0	0.0	0.0	0.0	0.0	0.0	0.0	0.0	0.0	0.0	0.0	0.0	0.0	0.0	0.0	0.0	0.0	0.0	0.0	104.0	0.0	0.0	0.0	0.0	0.0	0.0	0.0	0.0	0.0	0.0	0.0	0.0	0.0	0.0	0.0	0.0	0.0	0.0	0.0	0.0	0.0	0.0	0.0	0.0	0.0	0.0	0.0	0.0	0.0	0.0	0.0	0.0	0.0	0.0	0.0	0.0	0.0	0.0	0.0	0.0	0.0	0.0	0.0	0.0	0.0	0.0	0.0	0.0	0.0	0.0	0.0	0.0	0.0	0.0	0.0	0.0	0.0	0.0	0.0	0.0	0.0	0.0	0.0	0.0	0.0	0.0	0.0	0.0	0.0	0.0	0.0	0.0	0.0	0.0	0.0	0.0	0.0	0.0	0.0	0.0	0.0	0.0	0.0	0.0	0.0	0.0	0.0	0.0	0.0	0.0	0.0	0.0	0.0	0.0	0.0	0.0	0.0	0.0
SRR21723429	692.0	64.0	747.0	0.0	57.0	3.0	0.0	0.0	27.0	1124.0	100.0	16.0	6.0	14.0	31.0	1768.0	61.0	28.0	47.0	5.0	401.0	72.0	0.0	51.0	1020.0	81.0	27.0	97.0	1334.0	20.0	0.0	12.0	147.0	0.0	896.0	3.0	7.0	11.0	0.0	299.0	830.0	31.0	0.0	0.0	26.0	155.0	67.0	4.0	149.0	93.0	331.0	0.0	4.0	0.0	186.0	0.0	347.0	2.0	2.0	311.0	0.0	0.0	0.0	0.0	17.0	9.0	81.0	0.0	2.0	123.0	281.0	0.0	0.0	7.0	375.0	0.0	0.0	0.0	0.0	4.0	0.0	0.0	2.0	0.0	123.0	0.0	197.0	147.0	8.0	0.0	386.0	29.0	3.0	420.0	10.0	0.0	0.0	0.0	0.0	3.0	0.0	0.0	128.0	305.0	90.0	0.0	25.0	0.0	2.0	0.0	0.0	0.0	0.0	8.0	4.0	199.0	0.0	0.0	305.0	0.0	0.0	0.0	22.0	2.0	0.0	0.0	32.0	0.0	0.0	5.0	0.0	307.0	0.0	0.0	0.0	0.0	0.0	19.0	0.0	5.0	25.0	0.0	0.0	0.0	14.0	0.0	6.0	3.0	0.0	3.0	5.0	0.0	0.0	2.0	0.0	0.0	0.0	0.0	0.0	0.0	13.0	0.0	0.0	3.0	0.0	0.0	0.0	8.0	0.0	47.0	9.0	0.0	0.0	47.0	0.0	121.0	0.0	0.0	0.0	0.0	0.0	0.0	0.0	0.0	0.0	0.0	0.0	0.0	65.0	0.0	0.0	0.0	0.0	0.0	0.0	0.0	107.0	0.0	0.0	0.0	105.0	0.0	0.0	0.0	0.0	0.0	0.0	0.0	0.0	0.0	0.0	0.0	0.0	0.0	0.0	0.0	0.0	0.0	0.0	0.0	0.0	0.0	140.0	0.0	0.0	0.0	0.0	0.0	3.0	0.0	0.0	0.0	0.0	0.0	0.0	0.0	0.0	0.0	0.0	0.0	0.0	0.0	0.0	0.0	0.0	0.0	0.0	0.0	0.0	0.0	0.0	0.0	0.0	0.0	0.0	0.0	13.0	0.0	0.0	0.0	0.0	0.0	0.0	0.0	0.0	0.0	0.0	0.0	0.0	0.0	0.0	0.0	0.0	0.0	0.0	0.0	0.0	0.0	0.0	0.0	0.0	0.0	0.0	0.0	0.0	0.0	0.0	0.0	0.0	0.0	0.0	0.0	0.0	0.0	0.0	0.0	0.0	0.0	0.0	2.0	0.0	0.0	0.0	0.0	0.0	0.0	0.0	0.0	0.0	0.0	0.0	0.0	0.0	0.0	0.0	0.0	0.0	0.0	0.0	0.0	0.0
SRR21723430	956.0	46.0	518.0	0.0	137.0	0.0	5.0	3.0	14.0	505.0	121.0	123.0	7.0	7.0	16.0	892.0	183.0	18.0	56.0	44.0	646.0	50.0	65.0	4.0	900.0	211.0	0.0	239.0	1562.0	0.0	0.0	6.0	138.0	2.0	1805.0	6.0	0.0	4.0	0.0	460.0	1229.0	22.0	0.0	5.0	72.0	177.0	85.0	7.0	388.0	3.0	680.0	0.0	8.0	0.0	330.0	0.0	562.0	0.0	7.0	239.0	0.0	0.0	0.0	13.0	22.0	20.0	45.0	0.0	0.0	226.0	157.0	0.0	0.0	0.0	211.0	12.0	0.0	0.0	0.0	0.0	0.0	14.0	0.0	2.0	0.0	0.0	196.0	26.0	14.0	0.0	420.0	71.0	4.0	412.0	19.0	0.0	0.0	0.0	0.0	2.0	0.0	0.0	45.0	256.0	54.0	3.0	120.0	23.0	3.0	0.0	0.0	0.0	0.0	0.0	0.0	230.0	0.0	3.0	144.0	0.0	0.0	0.0	38.0	0.0	0.0	0.0	34.0	0.0	0.0	0.0	0.0	456.0	0.0	0.0	0.0	0.0	0.0	9.0	0.0	0.0	30.0	0.0	15.0	0.0	4.0	0.0	0.0	19.0	0.0	0.0	0.0	0.0	0.0	6.0	0.0	0.0	0.0	0.0	0.0	12.0	81.0	0.0	0.0	0.0	0.0	0.0	0.0	0.0	0.0	74.0	15.0	0.0	0.0	30.0	0.0	4.0	0.0	9.0	0.0	14.0	0.0	0.0	0.0	0.0	0.0	0.0	0.0	0.0	93.0	0.0	0.0	0.0	0.0	7.0	0.0	0.0	0.0	0.0	0.0	0.0	168.0	0.0	0.0	0.0	0.0	0.0	0.0	0.0	0.0	0.0	0.0	0.0	0.0	0.0	0.0	0.0	0.0	0.0	0.0	0.0	0.0	0.0	109.0	0.0	0.0	0.0	0.0	0.0	0.0	0.0	0.0	0.0	0.0	0.0	0.0	0.0	0.0	0.0	0.0	0.0	0.0	0.0	5.0	0.0	0.0	0.0	0.0	0.0	0.0	0.0	0.0	0.0	0.0	0.0	0.0	0.0	0.0	0.0	0.0	0.0	0.0	0.0	0.0	0.0	0.0	0.0	0.0	0.0	0.0	0.0	0.0	0.0	0.0	0.0	0.0	0.0	0.0	0.0	0.0	0.0	0.0	0.0	0.0	0.0	0.0	0.0	0.0	0.0	0.0	0.0	0.0	0.0	0.0	0.0	0.0	0.0	0.0	0.0	0.0	0.0	0.0	0.0	0.0	0.0	0.0	0.0	0.0	0.0	0.0	0.0	0.0	0.0	0.0	0.0	0.0	0.0	0.0	0.0	0.0	0.0	0.0
SRR21723431	390.0	23.0	721.0	0.0	45.0	0.0	3.0	0.0	0.0	699.0	140.0	22.0	0.0	23.0	9.0	830.0	15.0	54.0	0.0	0.0	214.0	44.0	0.0	0.0	660.0	54.0	18.0	65.0	696.0	11.0	0.0	11.0	108.0	0.0	408.0	2.0	0.0	0.0	0.0	252.0	1732.0	14.0	0.0	0.0	0.0	40.0	69.0	0.0	161.0	0.0	463.0	0.0	3.0	0.0	161.0	0.0	397.0	0.0	0.0	327.0	0.0	0.0	0.0	3.0	6.0	31.0	5.0	0.0	4.0	185.0	159.0	0.0	0.0	0.0	173.0	0.0	0.0	0.0	0.0	8.0	0.0	0.0	0.0	0.0	42.0	15.0	69.0	19.0	0.0	0.0	90.0	31.0	0.0	202.0	0.0	0.0	0.0	0.0	0.0	0.0	0.0	0.0	100.0	47.0	43.0	4.0	81.0	0.0	4.0	0.0	0.0	0.0	3.0	0.0	5.0	157.0	0.0	0.0	119.0	0.0	11.0	0.0	0.0	0.0	0.0	0.0	0.0	0.0	0.0	4.0	0.0	105.0	3.0	0.0	0.0	9.0	0.0	0.0	0.0	0.0	0.0	3.0	0.0	5.0	0.0	0.0	0.0	0.0	0.0	0.0	0.0	0.0	0.0	4.0	0.0	0.0	0.0	0.0	0.0	0.0	24.0	0.0	0.0	0.0	0.0	7.0	0.0	0.0	0.0	11.0	0.0	0.0	0.0	172.0	0.0	0.0	0.0	0.0	0.0	0.0	3.0	0.0	11.0	0.0	0.0	0.0	0.0	0.0	0.0	0.0	0.0	0.0	0.0	30.0	0.0	0.0	0.0	0.0	0.0	0.0	203.0	0.0	0.0	0.0	0.0	0.0	0.0	0.0	0.0	0.0	0.0	0.0	0.0	0.0	0.0	0.0	0.0	0.0	0.0	0.0	0.0	0.0	105.0	0.0	0.0	0.0	0.0	0.0	0.0	0.0	8.0	0.0	0.0	0.0	0.0	0.0	0.0	0.0	0.0	0.0	0.0	0.0	0.0	0.0	0.0	0.0	0.0	0.0	0.0	0.0	0.0	0.0	0.0	0.0	0.0	0.0	0.0	0.0	0.0	0.0	0.0	0.0	0.0	0.0	0.0	0.0	0.0	0.0	0.0	0.0	0.0	0.0	0.0	0.0	0.0	0.0	0.0	0.0	0.0	0.0	0.0	0.0	0.0	0.0	0.0	0.0	0.0	0.0	0.0	0.0	0.0	0.0	0.0	0.0	0.0	0.0	0.0	0.0	0.0	0.0	0.0	0.0	0.0	0.0	0.0	0.0	0.0	0.0	0.0	0.0	0.0	0.0	0.0	0.0	0.0	0.0	0.0	0.0	0.0	0.0	0.0
SRR21723437	378.0	46.0	411.0	0.0	149.0	0.0	5.0	0.0	42.0	291.0	108.0	55.0	0.0	0.0	30.0	1557.0	53.0	92.0	93.0	0.0	364.0	73.0	0.0	6.0	641.0	205.0	42.0	51.0	1239.0	0.0	0.0	5.0	293.0	0.0	722.0	0.0	0.0	0.0	0.0	287.0	1363.0	13.0	0.0	0.0	29.0	11.0	159.0	0.0	261.0	0.0	742.0	0.0	4.0	2.0	268.0	0.0	609.0	0.0	0.0	525.0	0.0	0.0	0.0	44.0	0.0	4.0	41.0	0.0	0.0	170.0	185.0	0.0	0.0	0.0	135.0	0.0	0.0	0.0	0.0	11.0	0.0	0.0	0.0	0.0	101.0	0.0	51.0	25.0	0.0	0.0	204.0	44.0	0.0	126.0	9.0	0.0	0.0	0.0	0.0	0.0	0.0	0.0	133.0	130.0	73.0	0.0	154.0	0.0	4.0	0.0	0.0	0.0	3.0	0.0	0.0	611.0	0.0	0.0	63.0	0.0	0.0	0.0	7.0	0.0	0.0	0.0	0.0	0.0	0.0	0.0	0.0	592.0	0.0	0.0	0.0	0.0	0.0	0.0	0.0	0.0	0.0	2.0	0.0	0.0	6.0	0.0	0.0	0.0	0.0	0.0	0.0	0.0	0.0	2.0	0.0	0.0	0.0	0.0	0.0	3.0	22.0	0.0	0.0	0.0	0.0	7.0	0.0	0.0	0.0	39.0	0.0	0.0	0.0	283.0	0.0	86.0	0.0	0.0	0.0	0.0	0.0	0.0	41.0	0.0	0.0	0.0	0.0	0.0	0.0	0.0	0.0	0.0	0.0	0.0	0.0	0.0	0.0	0.0	0.0	0.0	216.0	0.0	0.0	0.0	0.0	0.0	0.0	0.0	0.0	0.0	0.0	0.0	0.0	0.0	0.0	0.0	0.0	0.0	0.0	0.0	0.0	0.0	386.0	0.0	0.0	0.0	0.0	0.0	0.0	0.0	0.0	0.0	0.0	0.0	0.0	0.0	0.0	0.0	0.0	0.0	0.0	0.0	0.0	0.0	0.0	0.0	0.0	0.0	0.0	0.0	0.0	0.0	0.0	0.0	0.0	0.0	0.0	3.0	0.0	0.0	0.0	0.0	0.0	0.0	0.0	0.0	0.0	0.0	0.0	0.0	0.0	0.0	0.0	0.0	0.0	0.0	0.0	0.0	0.0	0.0	0.0	0.0	0.0	0.0	0.0	0.0	0.0	0.0	0.0	0.0	0.0	0.0	0.0	0.0	0.0	0.0	0.0	0.0	0.0	0.0	0.0	0.0	0.0	0.0	0.0	0.0	0.0	0.0	0.0	0.0	0.0	0.0	0.0	0.0	0.0	0.0	0.0	0.0	0.0	0.0	0.0
SRR21723448	1506.0	51.0	394.0	0.0	143.0	0.0	5.0	0.0	11.0	423.0	181.0	126.0	0.0	9.0	38.0	1893.0	151.0	50.0	55.0	13.0	293.0	164.0	53.0	0.0	1388.0	133.0	46.0	302.0	609.0	41.0	5.0	23.0	95.0	0.0	1076.0	8.0	0.0	17.0	2.0	386.0	854.0	53.0	0.0	5.0	63.0	42.0	173.0	0.0	161.0	107.0	1006.0	0.0	42.0	2.0	313.0	0.0	252.0	2.0	0.0	207.0	0.0	0.0	6.0	12.0	46.0	13.0	78.0	0.0	5.0	267.0	116.0	11.0	0.0	0.0	113.0	11.0	0.0	0.0	0.0	0.0	0.0	0.0	0.0	0.0	0.0	0.0	30.0	130.0	12.0	0.0	58.0	16.0	10.0	802.0	73.0	2.0	0.0	0.0	0.0	0.0	0.0	0.0	117.0	352.0	41.0	0.0	0.0	0.0	4.0	7.0	0.0	0.0	8.0	3.0	37.0	94.0	0.0	0.0	208.0	0.0	0.0	0.0	72.0	0.0	0.0	0.0	39.0	0.0	0.0	0.0	0.0	336.0	0.0	0.0	0.0	0.0	0.0	0.0	0.0	2.0	37.0	0.0	5.0	0.0	27.0	0.0	0.0	0.0	2.0	0.0	0.0	0.0	0.0	0.0	0.0	0.0	0.0	0.0	0.0	0.0	43.0	0.0	2.0	0.0	0.0	8.0	0.0	0.0	2.0	46.0	13.0	0.0	0.0	42.0	0.0	15.0	0.0	0.0	0.0	0.0	0.0	0.0	16.0	0.0	0.0	0.0	0.0	0.0	53.0	0.0	0.0	0.0	0.0	31.0	0.0	0.0	0.0	0.0	0.0	20.0	80.0	0.0	0.0	3.0	0.0	0.0	0.0	0.0	0.0	0.0	0.0	0.0	0.0	0.0	0.0	0.0	0.0	0.0	3.0	0.0	0.0	0.0	73.0	0.0	0.0	0.0	0.0	0.0	0.0	0.0	31.0	0.0	0.0	0.0	0.0	0.0	0.0	0.0	3.0	0.0	0.0	0.0	0.0	0.0	0.0	0.0	0.0	0.0	0.0	0.0	3.0	0.0	0.0	0.0	0.0	0.0	0.0	0.0	0.0	0.0	0.0	0.0	0.0	0.0	0.0	0.0	0.0	0.0	0.0	0.0	0.0	0.0	0.0	0.0	0.0	0.0	0.0	0.0	0.0	0.0	0.0	0.0	0.0	0.0	0.0	0.0	0.0	0.0	0.0	0.0	0.0	0.0	0.0	0.0	0.0	0.0	0.0	0.0	0.0	0.0	0.0	0.0	0.0	0.0	0.0	0.0	0.0	0.0	0.0	0.0	0.0	0.0	0.0	0.0	0.0	0.0	0.0	0.0	0.0	0.0	0.0
SRR21723449	1157.0	16.0	915.0	0.0	89.0	0.0	0.0	0.0	88.0	308.0	121.0	180.0	3.0	4.0	34.0	1068.0	225.0	104.0	79.0	83.0	502.0	73.0	27.0	16.0	980.0	194.0	14.0	393.0	1527.0	0.0	0.0	196.0	143.0	0.0	825.0	2.0	6.0	0.0	2.0	349.0	1366.0	46.0	10.0	2.0	93.0	360.0	73.0	6.0	415.0	4.0	741.0	18.0	6.0	6.0	246.0	0.0	349.0	0.0	14.0	180.0	0.0	0.0	0.0	0.0	24.0	0.0	93.0	0.0	6.0	280.0	127.0	5.0	0.0	0.0	483.0	0.0	0.0	5.0	0.0	9.0	0.0	6.0	0.0	2.0	0.0	2.0	523.0	84.0	7.0	0.0	111.0	39.0	13.0	315.0	14.0	0.0	0.0	0.0	0.0	3.0	0.0	0.0	32.0	238.0	46.0	4.0	196.0	12.0	0.0	2.0	0.0	0.0	6.0	7.0	7.0	99.0	0.0	0.0	132.0	0.0	19.0	0.0	49.0	0.0	0.0	7.0	74.0	0.0	0.0	0.0	0.0	408.0	0.0	0.0	0.0	0.0	0.0	17.0	0.0	0.0	20.0	0.0	15.0	0.0	0.0	3.0	12.0	14.0	0.0	0.0	2.0	0.0	0.0	0.0	0.0	0.0	0.0	0.0	5.0	0.0	80.0	0.0	0.0	3.0	0.0	0.0	0.0	0.0	0.0	0.0	17.0	0.0	0.0	28.0	0.0	0.0	0.0	0.0	23.0	18.0	3.0	0.0	0.0	0.0	0.0	0.0	0.0	0.0	59.0	0.0	0.0	0.0	0.0	0.0	0.0	0.0	0.0	0.0	0.0	0.0	169.0	0.0	0.0	0.0	0.0	0.0	0.0	0.0	0.0	0.0	0.0	0.0	0.0	0.0	0.0	0.0	0.0	0.0	0.0	0.0	0.0	0.0	52.0	0.0	0.0	0.0	0.0	3.0	0.0	0.0	0.0	0.0	0.0	0.0	0.0	0.0	0.0	0.0	0.0	0.0	0.0	0.0	0.0	0.0	0.0	0.0	0.0	0.0	0.0	0.0	0.0	0.0	0.0	0.0	0.0	0.0	0.0	0.0	0.0	0.0	0.0	0.0	0.0	0.0	0.0	0.0	0.0	0.0	0.0	0.0	0.0	0.0	0.0	0.0	0.0	0.0	0.0	0.0	0.0	0.0	0.0	0.0	0.0	0.0	0.0	0.0	0.0	0.0	0.0	0.0	0.0	0.0	0.0	0.0	0.0	0.0	0.0	0.0	0.0	0.0	0.0	0.0	0.0	0.0	0.0	0.0	0.0	0.0	0.0	0.0	0.0	0.0	0.0	0.0	0.0	0.0	0.0	0.0	0.0	0.0	0.0
SRR21723450	1435.0	7.0	262.0	0.0	160.0	0.0	0.0	0.0	23.0	741.0	276.0	183.0	7.0	0.0	27.0	2346.0	155.0	88.0	77.0	51.0	447.0	152.0	63.0	29.0	1392.0	183.0	76.0	410.0	1169.0	0.0	3.0	0.0	199.0	0.0	1264.0	0.0	0.0	7.0	0.0	398.0	1094.0	59.0	0.0	0.0	79.0	202.0	258.0	0.0	331.0	0.0	1182.0	0.0	10.0	5.0	359.0	0.0	317.0	0.0	0.0	368.0	0.0	0.0	0.0	0.0	45.0	0.0	110.0	0.0	14.0	204.0	179.0	3.0	2.0	0.0	192.0	0.0	0.0	0.0	0.0	0.0	0.0	4.0	0.0	0.0	0.0	3.0	352.0	34.0	22.0	0.0	137.0	48.0	26.0	622.0	17.0	0.0	8.0	0.0	0.0	0.0	2.0	0.0	72.0	515.0	42.0	4.0	126.0	0.0	0.0	0.0	0.0	0.0	2.0	0.0	24.0	48.0	0.0	0.0	131.0	0.0	29.0	0.0	19.0	0.0	0.0	0.0	41.0	0.0	0.0	0.0	0.0	317.0	7.0	0.0	0.0	0.0	0.0	0.0	0.0	0.0	34.0	0.0	0.0	0.0	8.0	0.0	0.0	0.0	0.0	0.0	0.0	0.0	0.0	0.0	0.0	3.0	0.0	0.0	4.0	6.0	26.0	0.0	0.0	0.0	0.0	0.0	0.0	0.0	0.0	45.0	21.0	0.0	0.0	46.0	0.0	0.0	0.0	0.0	3.0	38.0	0.0	0.0	0.0	0.0	0.0	0.0	0.0	0.0	64.0	0.0	0.0	0.0	0.0	20.0	0.0	0.0	0.0	0.0	0.0	0.0	74.0	0.0	0.0	0.0	0.0	0.0	0.0	0.0	0.0	0.0	0.0	0.0	0.0	0.0	0.0	0.0	0.0	0.0	0.0	0.0	0.0	0.0	75.0	0.0	0.0	0.0	0.0	0.0	0.0	0.0	0.0	0.0	0.0	0.0	0.0	0.0	0.0	0.0	0.0	0.0	0.0	0.0	0.0	0.0	0.0	0.0	0.0	0.0	0.0	0.0	0.0	0.0	0.0	0.0	0.0	0.0	0.0	0.0	0.0	0.0	0.0	0.0	0.0	0.0	0.0	0.0	0.0	0.0	0.0	0.0	0.0	0.0	0.0	0.0	0.0	0.0	0.0	0.0	0.0	0.0	0.0	0.0	0.0	0.0	0.0	0.0	0.0	0.0	0.0	0.0	0.0	0.0	0.0	0.0	0.0	0.0	0.0	0.0	0.0	0.0	0.0	0.0	0.0	0.0	0.0	0.0	0.0	0.0	0.0	0.0	0.0	0.0	0.0	0.0	0.0	0.0	0.0	0.0	0.0	0.0	0.0
SRR21723451	1182.0	58.0	259.0	0.0	230.0	0.0	0.0	0.0	45.0	498.0	268.0	146.0	0.0	12.0	112.0	2017.0	215.0	111.0	91.0	38.0	607.0	175.0	3.0	5.0	1705.0	58.0	39.0	364.0	843.0	3.0	0.0	0.0	72.0	0.0	759.0	11.0	0.0	4.0	0.0	451.0	946.0	4.0	0.0	2.0	42.0	125.0	167.0	0.0	259.0	25.0	1555.0	0.0	25.0	0.0	349.0	0.0	291.0	0.0	0.0	413.0	0.0	0.0	0.0	0.0	23.0	0.0	16.0	0.0	7.0	281.0	191.0	0.0	0.0	0.0	108.0	8.0	0.0	10.0	0.0	5.0	0.0	0.0	0.0	0.0	0.0	3.0	45.0	36.0	0.0	0.0	183.0	4.0	0.0	186.0	41.0	0.0	0.0	0.0	0.0	4.0	0.0	0.0	147.0	429.0	30.0	2.0	97.0	5.0	5.0	0.0	0.0	0.0	0.0	0.0	29.0	123.0	0.0	0.0	126.0	0.0	0.0	0.0	49.0	0.0	0.0	0.0	43.0	0.0	0.0	0.0	0.0	344.0	0.0	0.0	0.0	6.0	0.0	12.0	0.0	0.0	26.0	0.0	7.0	0.0	10.0	0.0	0.0	0.0	0.0	0.0	3.0	0.0	0.0	10.0	0.0	0.0	0.0	0.0	0.0	0.0	121.0	0.0	0.0	0.0	0.0	0.0	0.0	0.0	0.0	59.0	8.0	8.0	0.0	84.0	0.0	28.0	0.0	0.0	19.0	0.0	0.0	0.0	12.0	0.0	0.0	0.0	0.0	0.0	0.0	0.0	0.0	0.0	0.0	9.0	0.0	0.0	0.0	0.0	0.0	0.0	53.0	0.0	0.0	0.0	0.0	0.0	0.0	0.0	0.0	0.0	0.0	0.0	0.0	0.0	0.0	0.0	0.0	0.0	0.0	0.0	0.0	0.0	100.0	0.0	0.0	0.0	0.0	0.0	0.0	0.0	14.0	0.0	0.0	0.0	0.0	0.0	0.0	0.0	0.0	0.0	0.0	0.0	0.0	0.0	0.0	0.0	0.0	0.0	0.0	0.0	0.0	0.0	0.0	0.0	0.0	0.0	0.0	0.0	0.0	0.0	0.0	0.0	0.0	0.0	0.0	0.0	0.0	0.0	0.0	0.0	0.0	0.0	0.0	0.0	0.0	0.0	0.0	0.0	0.0	0.0	0.0	0.0	0.0	0.0	0.0	0.0	0.0	0.0	0.0	0.0	0.0	0.0	0.0	0.0	0.0	0.0	0.0	0.0	0.0	0.0	0.0	0.0	0.0	0.0	0.0	0.0	0.0	0.0	0.0	0.0	0.0	0.0	0.0	0.0	0.0	0.0	0.0	0.0	0.0	0.0	0.0
SRR21723452	1025.0	87.0	694.0	0.0	115.0	0.0	2.0	0.0	11.0	945.0	197.0	125.0	16.0	3.0	55.0	2218.0	33.0	60.0	28.0	0.0	341.0	173.0	46.0	0.0	1306.0	0.0	44.0	281.0	520.0	0.0	4.0	20.0	94.0	0.0	850.0	0.0	10.0	0.0	0.0	256.0	1141.0	0.0	0.0	0.0	15.0	119.0	138.0	3.0	76.0	86.0	768.0	0.0	11.0	0.0	348.0	0.0	264.0	0.0	0.0	328.0	0.0	0.0	0.0	0.0	0.0	11.0	124.0	0.0	3.0	292.0	196.0	0.0	0.0	4.0	179.0	0.0	0.0	0.0	0.0	0.0	0.0	0.0	5.0	0.0	41.0	0.0	115.0	167.0	0.0	0.0	65.0	34.0	14.0	673.0	16.0	0.0	3.0	0.0	0.0	3.0	0.0	0.0	106.0	248.0	30.0	2.0	28.0	0.0	0.0	0.0	0.0	0.0	2.0	3.0	0.0	112.0	0.0	0.0	125.0	2.0	0.0	0.0	25.0	0.0	0.0	0.0	34.0	0.0	0.0	0.0	0.0	186.0	0.0	3.0	0.0	0.0	0.0	16.0	0.0	0.0	35.0	5.0	8.0	0.0	25.0	0.0	0.0	0.0	0.0	0.0	3.0	0.0	0.0	0.0	0.0	0.0	0.0	0.0	0.0	0.0	49.0	0.0	0.0	0.0	0.0	11.0	0.0	15.0	0.0	26.0	0.0	0.0	0.0	235.0	0.0	15.0	10.0	0.0	0.0	0.0	0.0	0.0	46.0	0.0	0.0	0.0	0.0	0.0	19.0	0.0	0.0	3.0	0.0	16.0	0.0	0.0	0.0	0.0	0.0	14.0	337.0	0.0	0.0	33.0	0.0	0.0	0.0	0.0	0.0	0.0	0.0	0.0	0.0	0.0	0.0	0.0	0.0	0.0	0.0	0.0	0.0	0.0	44.0	0.0	0.0	0.0	0.0	0.0	3.0	0.0	17.0	0.0	0.0	0.0	0.0	0.0	0.0	0.0	0.0	0.0	0.0	0.0	0.0	0.0	0.0	0.0	0.0	0.0	0.0	0.0	0.0	0.0	0.0	3.0	0.0	0.0	0.0	0.0	0.0	0.0	0.0	0.0	0.0	0.0	0.0	0.0	0.0	0.0	0.0	0.0	0.0	0.0	0.0	0.0	0.0	0.0	0.0	0.0	0.0	0.0	0.0	0.0	0.0	0.0	0.0	0.0	0.0	0.0	0.0	0.0	0.0	0.0	0.0	0.0	0.0	0.0	0.0	0.0	0.0	0.0	0.0	0.0	0.0	0.0	0.0	0.0	0.0	0.0	0.0	0.0	0.0	0.0	0.0	0.0	0.0	0.0	0.0	0.0	0.0	0.0	0.0
SRR21723453	1509.0	23.0	468.0	4.0	189.0	0.0	0.0	0.0	69.0	781.0	264.0	122.0	13.0	19.0	69.0	2317.0	413.0	166.0	51.0	49.0	398.0	240.0	28.0	5.0	1644.0	175.0	30.0	472.0	1231.0	53.0	0.0	19.0	62.0	0.0	1049.0	0.0	0.0	16.0	0.0	281.0	789.0	56.0	0.0	0.0	86.0	116.0	180.0	0.0	275.0	84.0	1223.0	5.0	34.0	11.0	303.0	0.0	239.0	0.0	0.0	174.0	0.0	0.0	3.0	11.0	10.0	0.0	189.0	0.0	0.0	406.0	56.0	14.0	0.0	9.0	131.0	0.0	0.0	8.0	0.0	0.0	0.0	2.0	0.0	0.0	0.0	2.0	114.0	74.0	13.0	0.0	184.0	47.0	10.0	413.0	57.0	2.0	0.0	0.0	0.0	21.0	0.0	0.0	0.0	780.0	7.0	2.0	73.0	0.0	4.0	4.0	0.0	0.0	5.0	0.0	27.0	82.0	0.0	0.0	121.0	0.0	0.0	0.0	74.0	0.0	0.0	0.0	28.0	0.0	0.0	6.0	0.0	343.0	0.0	0.0	5.0	2.0	3.0	23.0	0.0	0.0	62.0	5.0	0.0	0.0	6.0	8.0	0.0	0.0	4.0	0.0	0.0	0.0	8.0	0.0	0.0	0.0	0.0	0.0	0.0	0.0	99.0	0.0	0.0	2.0	0.0	3.0	0.0	0.0	0.0	76.0	36.0	29.0	0.0	45.0	0.0	3.0	0.0	0.0	22.0	0.0	2.0	0.0	0.0	0.0	0.0	3.0	0.0	0.0	0.0	0.0	0.0	0.0	0.0	14.0	0.0	0.0	0.0	0.0	0.0	0.0	142.0	0.0	0.0	25.0	0.0	0.0	0.0	0.0	0.0	0.0	0.0	0.0	0.0	0.0	0.0	0.0	0.0	0.0	0.0	0.0	0.0	0.0	96.0	0.0	0.0	0.0	0.0	0.0	0.0	0.0	0.0	0.0	0.0	0.0	0.0	0.0	0.0	0.0	0.0	0.0	0.0	0.0	0.0	0.0	0.0	0.0	0.0	0.0	0.0	0.0	0.0	0.0	0.0	0.0	0.0	4.0	0.0	0.0	0.0	0.0	0.0	0.0	0.0	0.0	0.0	0.0	0.0	0.0	0.0	0.0	0.0	0.0	0.0	0.0	0.0	0.0	0.0	0.0	0.0	0.0	0.0	0.0	0.0	0.0	0.0	0.0	0.0	0.0	0.0	0.0	0.0	0.0	0.0	0.0	0.0	0.0	0.0	0.0	0.0	0.0	0.0	0.0	0.0	0.0	0.0	0.0	0.0	0.0	0.0	0.0	0.0	0.0	0.0	0.0	0.0	0.0	0.0	0.0	0.0	0.0	0.0
SRR21723454	910.0	31.0	244.0	0.0	190.0	0.0	0.0	3.0	59.0	812.0	205.0	132.0	14.0	8.0	47.0	2052.0	244.0	107.0	44.0	103.0	553.0	137.0	14.0	0.0	831.0	209.0	110.0	392.0	1597.0	64.0	4.0	24.0	69.0	0.0	1788.0	4.0	0.0	0.0	3.0	324.0	981.0	27.0	0.0	0.0	30.0	108.0	85.0	0.0	294.0	54.0	820.0	0.0	30.0	0.0	234.0	0.0	469.0	0.0	0.0	129.0	0.0	0.0	2.0	15.0	30.0	10.0	71.0	0.0	0.0	240.0	45.0	0.0	0.0	0.0	173.0	6.0	0.0	0.0	0.0	0.0	0.0	4.0	0.0	0.0	0.0	0.0	35.0	51.0	13.0	0.0	73.0	52.0	12.0	211.0	20.0	0.0	0.0	0.0	0.0	0.0	0.0	0.0	52.0	426.0	0.0	0.0	143.0	0.0	0.0	0.0	0.0	0.0	11.0	6.0	0.0	105.0	0.0	0.0	118.0	0.0	8.0	0.0	55.0	0.0	0.0	0.0	24.0	0.0	0.0	0.0	0.0	423.0	0.0	0.0	0.0	0.0	0.0	19.0	0.0	4.0	11.0	0.0	22.0	0.0	0.0	0.0	0.0	0.0	0.0	0.0	0.0	0.0	7.0	6.0	0.0	4.0	0.0	0.0	0.0	0.0	43.0	0.0	0.0	4.0	0.0	0.0	0.0	0.0	0.0	61.0	0.0	22.0	0.0	27.0	0.0	7.0	0.0	0.0	20.0	13.0	6.0	0.0	23.0	0.0	0.0	0.0	0.0	0.0	118.0	0.0	0.0	3.0	0.0	34.0	0.0	0.0	21.0	0.0	0.0	0.0	102.0	0.0	0.0	13.0	0.0	0.0	0.0	0.0	0.0	0.0	0.0	0.0	0.0	0.0	0.0	0.0	0.0	0.0	0.0	0.0	0.0	0.0	67.0	0.0	0.0	0.0	0.0	0.0	0.0	0.0	0.0	0.0	0.0	0.0	0.0	0.0	0.0	0.0	0.0	0.0	0.0	0.0	0.0	0.0	0.0	0.0	0.0	0.0	0.0	0.0	0.0	0.0	0.0	0.0	0.0	0.0	0.0	0.0	0.0	0.0	0.0	0.0	0.0	0.0	0.0	0.0	0.0	0.0	0.0	0.0	0.0	4.0	0.0	0.0	0.0	0.0	0.0	0.0	0.0	0.0	0.0	0.0	0.0	0.0	0.0	0.0	0.0	0.0	0.0	0.0	0.0	0.0	0.0	0.0	0.0	0.0	0.0	0.0	0.0	0.0	0.0	0.0	0.0	0.0	0.0	0.0	0.0	0.0	0.0	0.0	0.0	0.0	0.0	0.0	0.0	0.0	0.0	0.0	0.0	0.0	0.0
SRR21723455	796.0	30.0	534.0	0.0	199.0	0.0	0.0	0.0	35.0	400.0	270.0	220.0	0.0	14.0	58.0	1617.0	116.0	100.0	66.0	33.0	559.0	118.0	19.0	21.0	1426.0	114.0	114.0	320.0	1005.0	0.0	0.0	15.0	136.0	0.0	799.0	20.0	2.0	0.0	0.0	547.0	1207.0	42.0	0.0	0.0	40.0	123.0	253.0	0.0	273.0	31.0	1095.0	0.0	45.0	6.0	455.0	0.0	494.0	0.0	0.0	481.0	0.0	0.0	2.0	40.0	40.0	0.0	82.0	0.0	0.0	275.0	184.0	0.0	0.0	3.0	251.0	0.0	0.0	0.0	0.0	18.0	0.0	5.0	0.0	0.0	0.0	0.0	70.0	26.0	13.0	0.0	84.0	48.0	4.0	335.0	36.0	0.0	0.0	0.0	0.0	2.0	0.0	0.0	148.0	324.0	64.0	0.0	103.0	2.0	0.0	0.0	0.0	0.0	0.0	0.0	0.0	224.0	0.0	2.0	131.0	0.0	13.0	0.0	30.0	0.0	0.0	0.0	32.0	0.0	0.0	5.0	0.0	376.0	2.0	0.0	0.0	0.0	0.0	0.0	0.0	0.0	23.0	0.0	0.0	0.0	13.0	0.0	0.0	0.0	0.0	0.0	3.0	0.0	5.0	0.0	0.0	0.0	0.0	0.0	0.0	3.0	117.0	0.0	0.0	0.0	0.0	0.0	0.0	0.0	0.0	50.0	0.0	0.0	0.0	98.0	0.0	17.0	0.0	0.0	0.0	43.0	0.0	0.0	28.0	0.0	0.0	0.0	0.0	0.0	0.0	0.0	0.0	29.0	0.0	0.0	0.0	0.0	0.0	0.0	0.0	0.0	127.0	0.0	0.0	14.0	0.0	0.0	0.0	0.0	0.0	0.0	0.0	0.0	0.0	0.0	4.0	0.0	0.0	0.0	0.0	0.0	0.0	0.0	99.0	0.0	0.0	0.0	0.0	0.0	0.0	0.0	18.0	0.0	0.0	0.0	0.0	0.0	0.0	0.0	0.0	0.0	0.0	0.0	0.0	0.0	0.0	0.0	0.0	0.0	0.0	0.0	0.0	0.0	0.0	0.0	0.0	0.0	0.0	0.0	0.0	0.0	0.0	0.0	0.0	0.0	0.0	0.0	0.0	3.0	0.0	0.0	0.0	0.0	0.0	0.0	0.0	0.0	0.0	0.0	0.0	0.0	0.0	0.0	0.0	0.0	0.0	0.0	0.0	0.0	0.0	0.0	0.0	0.0	0.0	0.0	0.0	0.0	0.0	0.0	0.0	0.0	0.0	3.0	0.0	0.0	0.0	0.0	0.0	0.0	0.0	0.0	0.0	0.0	0.0	0.0	0.0	0.0	0.0	0.0	0.0	0.0	0.0
SRR21723456	1663.0	25.0	950.0	0.0	150.0	0.0	4.0	0.0	96.0	981.0	314.0	253.0	28.0	19.0	97.0	2611.0	347.0	145.0	67.0	4.0	564.0	177.0	39.0	32.0	1735.0	281.0	47.0	477.0	1612.0	54.0	3.0	25.0	117.0	0.0	1611.0	16.0	0.0	0.0	0.0	481.0	1362.0	52.0	0.0	0.0	80.0	266.0	118.0	0.0	353.0	129.0	884.0	5.0	9.0	0.0	372.0	0.0	404.0	0.0	3.0	277.0	0.0	0.0	7.0	31.0	29.0	0.0	102.0	3.0	0.0	326.0	100.0	9.0	0.0	10.0	315.0	5.0	0.0	0.0	0.0	6.0	0.0	0.0	6.0	0.0	12.0	0.0	176.0	121.0	19.0	0.0	141.0	72.0	32.0	445.0	26.0	0.0	4.0	0.0	0.0	0.0	0.0	0.0	66.0	491.0	60.0	0.0	193.0	0.0	0.0	0.0	0.0	0.0	3.0	16.0	26.0	191.0	0.0	4.0	189.0	0.0	20.0	0.0	99.0	0.0	0.0	0.0	137.0	0.0	0.0	0.0	0.0	395.0	0.0	0.0	0.0	2.0	0.0	0.0	2.0	0.0	66.0	0.0	38.0	0.0	11.0	0.0	0.0	18.0	9.0	0.0	0.0	0.0	14.0	9.0	0.0	0.0	0.0	0.0	0.0	0.0	48.0	0.0	0.0	4.0	0.0	0.0	0.0	0.0	12.0	66.0	37.0	13.0	0.0	69.0	0.0	0.0	0.0	0.0	50.0	16.0	0.0	0.0	19.0	0.0	0.0	0.0	0.0	3.0	65.0	0.0	0.0	2.0	0.0	0.0	0.0	0.0	0.0	0.0	0.0	0.0	163.0	0.0	0.0	9.0	0.0	0.0	0.0	0.0	0.0	0.0	0.0	0.0	0.0	0.0	0.0	0.0	0.0	0.0	0.0	0.0	0.0	3.0	71.0	0.0	2.0	0.0	0.0	0.0	0.0	0.0	0.0	0.0	0.0	0.0	0.0	0.0	0.0	0.0	0.0	0.0	0.0	0.0	0.0	0.0	0.0	0.0	0.0	0.0	0.0	0.0	0.0	0.0	0.0	0.0	0.0	0.0	0.0	0.0	0.0	0.0	0.0	0.0	0.0	0.0	0.0	0.0	0.0	3.0	0.0	0.0	0.0	0.0	0.0	0.0	0.0	0.0	0.0	0.0	0.0	0.0	0.0	0.0	0.0	0.0	0.0	0.0	0.0	0.0	0.0	0.0	0.0	0.0	0.0	0.0	0.0	0.0	0.0	3.0	0.0	0.0	0.0	0.0	0.0	0.0	0.0	0.0	0.0	0.0	0.0	0.0	0.0	0.0	0.0	0.0	0.0	0.0	0.0	0.0	0.0	0.0	0.0
SRR21723458	563.0	28.0	167.0	0.0	146.0	0.0	0.0	0.0	25.0	431.0	208.0	104.0	8.0	6.0	58.0	1618.0	181.0	66.0	6.0	20.0	175.0	70.0	12.0	14.0	1129.0	165.0	43.0	246.0	820.0	0.0	0.0	0.0	124.0	2.0	844.0	6.0	0.0	265.0	0.0	332.0	797.0	35.0	6.0	0.0	47.0	104.0	75.0	0.0	147.0	0.0	1068.0	0.0	19.0	3.0	288.0	0.0	337.0	0.0	0.0	362.0	0.0	0.0	0.0	13.0	0.0	0.0	94.0	0.0	0.0	258.0	56.0	0.0	0.0	3.0	111.0	0.0	0.0	4.0	0.0	7.0	0.0	0.0	5.0	0.0	0.0	2.0	228.0	87.0	0.0	0.0	4.0	22.0	0.0	243.0	37.0	0.0	0.0	3.0	0.0	6.0	0.0	0.0	92.0	247.0	28.0	2.0	64.0	5.0	3.0	0.0	0.0	0.0	3.0	0.0	6.0	209.0	0.0	0.0	126.0	0.0	0.0	0.0	59.0	2.0	0.0	0.0	50.0	0.0	0.0	0.0	0.0	301.0	0.0	0.0	0.0	0.0	0.0	0.0	0.0	0.0	0.0	0.0	8.0	0.0	0.0	3.0	0.0	0.0	3.0	0.0	5.0	0.0	0.0	7.0	0.0	0.0	0.0	0.0	0.0	0.0	42.0	0.0	0.0	0.0	0.0	0.0	0.0	0.0	0.0	27.0	12.0	0.0	0.0	99.0	0.0	17.0	0.0	0.0	6.0	30.0	0.0	0.0	0.0	0.0	0.0	0.0	0.0	5.0	0.0	0.0	0.0	0.0	0.0	0.0	0.0	0.0	0.0	0.0	0.0	0.0	128.0	0.0	0.0	25.0	0.0	0.0	0.0	0.0	0.0	0.0	0.0	3.0	0.0	3.0	0.0	0.0	0.0	0.0	0.0	0.0	0.0	0.0	76.0	0.0	0.0	0.0	0.0	0.0	0.0	0.0	0.0	0.0	0.0	0.0	0.0	0.0	0.0	0.0	0.0	0.0	0.0	0.0	0.0	0.0	0.0	0.0	0.0	0.0	0.0	0.0	0.0	0.0	0.0	2.0	0.0	0.0	19.0	0.0	0.0	0.0	0.0	3.0	0.0	0.0	0.0	0.0	0.0	0.0	0.0	0.0	0.0	0.0	0.0	0.0	0.0	0.0	0.0	0.0	0.0	0.0	0.0	0.0	0.0	0.0	0.0	0.0	0.0	0.0	0.0	0.0	0.0	0.0	0.0	0.0	0.0	0.0	0.0	0.0	0.0	0.0	0.0	0.0	0.0	0.0	0.0	0.0	0.0	0.0	0.0	0.0	0.0	0.0	0.0	0.0	0.0	0.0	0.0	0.0	0.0	0.0	0.0
SRR21723459	582.0	27.0	344.0	0.0	163.0	0.0	0.0	0.0	28.0	328.0	152.0	134.0	0.0	5.0	53.0	1349.0	136.0	40.0	44.0	3.0	337.0	51.0	0.0	6.0	957.0	14.0	11.0	194.0	814.0	37.0	6.0	11.0	102.0	0.0	719.0	10.0	0.0	0.0	0.0	346.0	942.0	13.0	0.0	0.0	38.0	155.0	139.0	0.0	225.0	9.0	916.0	0.0	5.0	0.0	232.0	0.0	464.0	2.0	0.0	347.0	0.0	0.0	0.0	17.0	24.0	0.0	5.0	0.0	0.0	211.0	142.0	3.0	0.0	0.0	82.0	0.0	0.0	0.0	0.0	5.0	0.0	0.0	0.0	0.0	0.0	0.0	123.0	23.0	13.0	0.0	112.0	31.0	0.0	278.0	26.0	0.0	0.0	0.0	0.0	0.0	0.0	0.0	92.0	214.0	4.0	0.0	101.0	4.0	3.0	0.0	0.0	0.0	6.0	10.0	0.0	333.0	0.0	0.0	117.0	0.0	15.0	0.0	22.0	0.0	0.0	4.0	0.0	0.0	0.0	0.0	0.0	368.0	0.0	0.0	0.0	0.0	0.0	0.0	5.0	3.0	12.0	0.0	0.0	0.0	2.0	0.0	0.0	0.0	0.0	0.0	0.0	0.0	0.0	4.0	0.0	0.0	0.0	0.0	0.0	0.0	0.0	0.0	0.0	0.0	0.0	0.0	0.0	0.0	0.0	5.0	14.0	0.0	0.0	101.0	0.0	0.0	0.0	0.0	6.0	0.0	0.0	0.0	24.0	0.0	0.0	0.0	0.0	0.0	0.0	0.0	0.0	0.0	0.0	0.0	0.0	0.0	0.0	0.0	0.0	0.0	211.0	0.0	0.0	0.0	0.0	0.0	0.0	0.0	0.0	0.0	0.0	0.0	0.0	0.0	0.0	0.0	0.0	0.0	0.0	0.0	0.0	0.0	30.0	0.0	0.0	0.0	0.0	0.0	0.0	0.0	0.0	0.0	0.0	0.0	0.0	0.0	0.0	0.0	0.0	0.0	0.0	0.0	0.0	0.0	0.0	0.0	0.0	0.0	0.0	0.0	0.0	0.0	0.0	0.0	0.0	0.0	0.0	0.0	0.0	0.0	0.0	0.0	0.0	0.0	0.0	0.0	0.0	0.0	0.0	0.0	0.0	0.0	0.0	0.0	0.0	0.0	0.0	0.0	0.0	0.0	0.0	0.0	0.0	0.0	0.0	0.0	0.0	0.0	0.0	0.0	0.0	0.0	0.0	0.0	0.0	0.0	0.0	0.0	0.0	0.0	0.0	0.0	0.0	0.0	0.0	0.0	0.0	0.0	0.0	0.0	0.0	0.0	0.0	0.0	0.0	0.0	0.0	0.0	0.0	0.0	0.0
SRR21723460	1042.0	82.0	722.0	0.0	268.0	0.0	2.0	0.0	43.0	713.0	400.0	256.0	0.0	17.0	35.0	2882.0	142.0	127.0	110.0	67.0	678.0	148.0	33.0	33.0	1789.0	194.0	28.0	269.0	1404.0	33.0	0.0	14.0	212.0	3.0	1232.0	4.0	0.0	0.0	3.0	754.0	1859.0	48.0	0.0	7.0	96.0	149.0	273.0	0.0	500.0	37.0	1579.0	2.0	12.0	9.0	541.0	0.0	722.0	0.0	5.0	718.0	0.0	0.0	0.0	48.0	60.0	0.0	81.0	0.0	0.0	430.0	342.0	0.0	0.0	6.0	227.0	0.0	14.0	0.0	0.0	6.0	0.0	3.0	0.0	0.0	0.0	0.0	108.0	95.0	6.0	0.0	110.0	80.0	0.0	513.0	60.0	0.0	0.0	0.0	0.0	10.0	0.0	0.0	174.0	323.0	94.0	7.0	125.0	3.0	0.0	0.0	0.0	0.0	0.0	0.0	0.0	262.0	0.0	2.0	290.0	0.0	46.0	0.0	85.0	2.0	0.0	0.0	52.0	0.0	0.0	0.0	0.0	511.0	6.0	0.0	0.0	0.0	0.0	18.0	0.0	0.0	33.0	4.0	0.0	0.0	3.0	0.0	0.0	0.0	0.0	0.0	8.0	0.0	0.0	0.0	0.0	0.0	0.0	0.0	0.0	12.0	80.0	0.0	0.0	0.0	0.0	0.0	0.0	0.0	0.0	57.0	12.0	0.0	0.0	171.0	0.0	31.0	0.0	0.0	0.0	66.0	6.0	0.0	34.0	0.0	0.0	0.0	0.0	0.0	14.0	0.0	0.0	0.0	0.0	36.0	0.0	0.0	0.0	0.0	0.0	0.0	175.0	0.0	0.0	20.0	0.0	0.0	0.0	0.0	0.0	0.0	0.0	0.0	0.0	0.0	0.0	0.0	0.0	0.0	0.0	0.0	0.0	0.0	78.0	0.0	0.0	0.0	0.0	0.0	0.0	0.0	41.0	0.0	0.0	0.0	0.0	0.0	0.0	0.0	0.0	0.0	0.0	0.0	0.0	0.0	0.0	0.0	0.0	0.0	0.0	0.0	0.0	0.0	0.0	0.0	0.0	0.0	0.0	0.0	0.0	0.0	0.0	0.0	0.0	0.0	0.0	0.0	0.0	0.0	0.0	0.0	0.0	0.0	0.0	0.0	0.0	0.0	0.0	0.0	0.0	0.0	0.0	0.0	0.0	0.0	0.0	0.0	0.0	0.0	0.0	0.0	0.0	0.0	2.0	0.0	0.0	0.0	0.0	0.0	0.0	0.0	0.0	0.0	0.0	0.0	0.0	0.0	0.0	0.0	0.0	0.0	0.0	0.0	0.0	0.0	0.0	0.0	0.0	0.0	0.0	0.0	0.0
SRR21723461	706.0	25.0	59.0	0.0	144.0	0.0	3.0	0.0	24.0	293.0	206.0	46.0	0.0	6.0	24.0	1279.0	149.0	60.0	41.0	21.0	247.0	76.0	0.0	0.0	920.0	115.0	8.0	195.0	552.0	0.0	0.0	7.0	50.0	0.0	422.0	5.0	0.0	0.0	0.0	243.0	500.0	17.0	0.0	3.0	11.0	83.0	195.0	0.0	91.0	0.0	991.0	0.0	12.0	0.0	207.0	0.0	128.0	0.0	6.0	279.0	0.0	0.0	0.0	20.0	24.0	20.0	70.0	0.0	0.0	208.0	114.0	4.0	0.0	3.0	56.0	0.0	0.0	5.0	0.0	0.0	0.0	3.0	0.0	0.0	0.0	0.0	0.0	3.0	8.0	0.0	91.0	12.0	5.0	193.0	31.0	0.0	4.0	0.0	0.0	3.0	0.0	0.0	96.0	227.0	18.0	4.0	26.0	0.0	0.0	0.0	0.0	0.0	14.0	0.0	12.0	35.0	0.0	4.0	99.0	0.0	0.0	0.0	16.0	0.0	0.0	0.0	15.0	0.0	0.0	0.0	0.0	244.0	0.0	0.0	0.0	0.0	0.0	0.0	0.0	0.0	0.0	0.0	0.0	0.0	0.0	0.0	0.0	0.0	0.0	0.0	0.0	0.0	0.0	0.0	0.0	0.0	0.0	0.0	0.0	0.0	15.0	0.0	0.0	0.0	0.0	0.0	0.0	0.0	0.0	38.0	0.0	0.0	0.0	64.0	0.0	0.0	0.0	0.0	0.0	0.0	2.0	0.0	33.0	0.0	0.0	0.0	3.0	0.0	0.0	0.0	0.0	0.0	0.0	13.0	0.0	0.0	0.0	0.0	0.0	0.0	35.0	0.0	0.0	0.0	0.0	0.0	0.0	0.0	0.0	0.0	0.0	0.0	0.0	0.0	0.0	0.0	0.0	0.0	0.0	0.0	0.0	0.0	66.0	0.0	0.0	0.0	0.0	0.0	0.0	0.0	0.0	0.0	0.0	0.0	0.0	0.0	0.0	0.0	0.0	0.0	0.0	0.0	0.0	0.0	0.0	0.0	0.0	0.0	0.0	0.0	0.0	0.0	0.0	0.0	0.0	0.0	0.0	0.0	0.0	0.0	0.0	0.0	0.0	0.0	0.0	0.0	0.0	0.0	0.0	0.0	0.0	0.0	0.0	0.0	0.0	0.0	0.0	0.0	0.0	0.0	0.0	0.0	0.0	0.0	0.0	0.0	0.0	0.0	0.0	0.0	0.0	0.0	0.0	0.0	0.0	0.0	0.0	0.0	0.0	0.0	0.0	0.0	0.0	0.0	0.0	0.0	0.0	0.0	0.0	0.0	0.0	0.0	0.0	0.0	0.0	0.0	0.0	0.0	0.0	0.0	0.0
SRR21723462	1628.0	77.0	779.0	0.0	198.0	0.0	0.0	0.0	45.0	1377.0	352.0	142.0	0.0	10.0	55.0	3791.0	132.0	195.0	47.0	8.0	428.0	166.0	10.0	27.0	2241.0	71.0	72.0	475.0	1046.0	0.0	0.0	34.0	158.0	0.0	1266.0	22.0	0.0	0.0	6.0	505.0	1643.0	41.0	0.0	0.0	28.0	84.0	226.0	0.0	265.0	84.0	1353.0	0.0	55.0	3.0	486.0	0.0	456.0	0.0	0.0	683.0	0.0	0.0	0.0	22.0	26.0	9.0	194.0	4.0	2.0	395.0	213.0	8.0	0.0	0.0	271.0	11.0	0.0	0.0	0.0	17.0	0.0	0.0	0.0	0.0	22.0	0.0	138.0	246.0	11.0	0.0	258.0	37.0	23.0	863.0	19.0	0.0	0.0	0.0	0.0	0.0	0.0	0.0	143.0	503.0	97.0	3.0	120.0	0.0	0.0	5.0	0.0	0.0	0.0	10.0	0.0	171.0	0.0	2.0	207.0	0.0	0.0	0.0	72.0	0.0	0.0	0.0	64.0	0.0	0.0	0.0	0.0	436.0	0.0	0.0	0.0	0.0	0.0	16.0	0.0	0.0	75.0	8.0	15.0	0.0	28.0	4.0	0.0	0.0	0.0	0.0	3.0	0.0	5.0	0.0	0.0	5.0	0.0	0.0	0.0	0.0	71.0	0.0	0.0	0.0	0.0	0.0	0.0	0.0	0.0	52.0	31.0	0.0	0.0	361.0	3.0	18.0	0.0	0.0	0.0	0.0	10.0	0.0	0.0	0.0	0.0	0.0	0.0	0.0	80.0	0.0	0.0	0.0	34.0	23.0	0.0	0.0	7.0	0.0	0.0	17.0	315.0	0.0	0.0	0.0	0.0	0.0	0.0	0.0	0.0	0.0	0.0	0.0	0.0	0.0	0.0	0.0	0.0	0.0	0.0	0.0	0.0	0.0	203.0	0.0	0.0	0.0	0.0	0.0	0.0	0.0	6.0	0.0	0.0	0.0	0.0	0.0	0.0	0.0	0.0	0.0	0.0	0.0	0.0	0.0	0.0	0.0	0.0	0.0	0.0	0.0	0.0	0.0	0.0	0.0	0.0	0.0	0.0	0.0	0.0	0.0	0.0	0.0	0.0	0.0	0.0	0.0	0.0	0.0	0.0	0.0	0.0	0.0	0.0	0.0	0.0	0.0	0.0	0.0	0.0	0.0	0.0	0.0	0.0	0.0	0.0	0.0	0.0	0.0	0.0	0.0	0.0	0.0	0.0	0.0	0.0	0.0	0.0	0.0	0.0	0.0	0.0	0.0	0.0	0.0	0.0	0.0	0.0	0.0	0.0	0.0	0.0	0.0	0.0	0.0	0.0	0.0	0.0	0.0	0.0	0.0	0.0
SRR21723463	858.0	40.0	500.0	13.0	86.0	0.0	0.0	0.0	13.0	756.0	196.0	48.0	0.0	2.0	23.0	2635.0	35.0	37.0	0.0	0.0	246.0	102.0	4.0	0.0	1161.0	62.0	2.0	177.0	520.0	28.0	0.0	20.0	144.0	0.0	829.0	0.0	0.0	60.0	5.0	263.0	1071.0	24.0	0.0	3.0	10.0	98.0	157.0	0.0	74.0	0.0	650.0	0.0	4.0	11.0	185.0	0.0	214.0	2.0	0.0	324.0	0.0	0.0	0.0	0.0	18.0	0.0	64.0	0.0	0.0	295.0	100.0	4.0	0.0	4.0	118.0	0.0	0.0	0.0	0.0	9.0	0.0	0.0	0.0	0.0	0.0	0.0	147.0	108.0	8.0	0.0	84.0	19.0	4.0	629.0	18.0	0.0	0.0	3.0	0.0	0.0	0.0	0.0	94.0	415.0	84.0	2.0	30.0	0.0	6.0	0.0	0.0	0.0	3.0	0.0	0.0	110.0	0.0	0.0	157.0	0.0	0.0	0.0	29.0	0.0	0.0	0.0	50.0	0.0	0.0	2.0	0.0	86.0	0.0	3.0	0.0	0.0	0.0	14.0	0.0	0.0	29.0	5.0	0.0	0.0	0.0	0.0	0.0	0.0	0.0	3.0	0.0	0.0	0.0	0.0	0.0	0.0	4.0	0.0	0.0	0.0	22.0	0.0	0.0	5.0	0.0	6.0	0.0	0.0	0.0	28.0	14.0	0.0	0.0	123.0	0.0	11.0	0.0	0.0	0.0	0.0	0.0	0.0	34.0	0.0	0.0	0.0	0.0	0.0	57.0	0.0	0.0	0.0	0.0	0.0	0.0	0.0	0.0	0.0	0.0	0.0	160.0	0.0	0.0	25.0	0.0	0.0	0.0	0.0	0.0	0.0	0.0	0.0	0.0	0.0	0.0	0.0	0.0	0.0	0.0	0.0	0.0	0.0	73.0	0.0	0.0	0.0	0.0	0.0	0.0	0.0	20.0	0.0	0.0	0.0	0.0	0.0	0.0	0.0	0.0	0.0	0.0	0.0	0.0	0.0	0.0	0.0	0.0	0.0	0.0	0.0	0.0	0.0	0.0	0.0	0.0	0.0	0.0	0.0	0.0	0.0	0.0	0.0	0.0	0.0	0.0	0.0	0.0	0.0	0.0	0.0	0.0	0.0	0.0	0.0	0.0	0.0	0.0	0.0	0.0	0.0	0.0	0.0	0.0	0.0	0.0	0.0	0.0	0.0	0.0	0.0	0.0	0.0	0.0	0.0	0.0	0.0	0.0	0.0	0.0	0.0	0.0	0.0	0.0	0.0	0.0	0.0	0.0	0.0	0.0	0.0	0.0	0.0	0.0	0.0	0.0	0.0	0.0	0.0	0.0	0.0	0.0
SRR21723464	82.0	373.0	1317.0	0.0	103.0	0.0	0.0	0.0	3.0	186.0	0.0	190.0	0.0	16.0	10.0	186.0	0.0	46.0	1619.0	7.0	682.0	27.0	0.0	125.0	1841.0	160.0	0.0	25.0	1162.0	143.0	0.0	27.0	2460.0	0.0	486.0	25.0	0.0	246.0	0.0	145.0	3551.0	7.0	14.0	0.0	2459.0	873.0	121.0	50.0	2905.0	0.0	85.0	3.0	14.0	0.0	104.0	0.0	160.0	0.0	4.0	687.0	0.0	0.0	0.0	0.0	0.0	0.0	15.0	0.0	9.0	112.0	484.0	0.0	0.0	0.0	265.0	0.0	0.0	0.0	0.0	13.0	0.0	55.0	0.0	0.0	129.0	2.0	722.0	18.0	4.0	0.0	1313.0	41.0	13.0	0.0	0.0	0.0	0.0	0.0	0.0	0.0	0.0	0.0	0.0	0.0	1112.0	0.0	276.0	6.0	0.0	0.0	0.0	0.0	0.0	0.0	0.0	3758.0	0.0	0.0	186.0	3.0	0.0	0.0	0.0	2.0	0.0	8.0	26.0	0.0	0.0	26.0	0.0	729.0	0.0	0.0	0.0	0.0	0.0	0.0	0.0	0.0	0.0	0.0	15.0	0.0	0.0	0.0	104.0	5.0	0.0	0.0	0.0	0.0	0.0	0.0	0.0	0.0	65.0	0.0	28.0	0.0	0.0	32.0	0.0	0.0	0.0	0.0	0.0	0.0	0.0	0.0	0.0	0.0	0.0	6166.0	2.0	0.0	0.0	32.0	0.0	88.0	0.0	0.0	18.0	0.0	0.0	0.0	0.0	0.0	0.0	0.0	0.0	0.0	0.0	0.0	0.0	0.0	14.0	0.0	0.0	38.0	289.0	3.0	0.0	0.0	0.0	0.0	0.0	0.0	0.0	0.0	0.0	0.0	0.0	0.0	0.0	0.0	0.0	0.0	0.0	0.0	0.0	0.0	815.0	0.0	0.0	0.0	0.0	0.0	0.0	0.0	0.0	0.0	0.0	0.0	0.0	0.0	0.0	0.0	0.0	0.0	0.0	9.0	0.0	0.0	0.0	0.0	0.0	0.0	0.0	0.0	0.0	0.0	0.0	0.0	0.0	0.0	0.0	0.0	0.0	0.0	0.0	0.0	0.0	0.0	0.0	0.0	0.0	0.0	0.0	0.0	0.0	0.0	0.0	0.0	0.0	0.0	0.0	0.0	0.0	0.0	0.0	0.0	0.0	0.0	0.0	0.0	0.0	0.0	0.0	0.0	0.0	0.0	0.0	0.0	0.0	0.0	0.0	0.0	0.0	0.0	0.0	0.0	0.0	0.0	0.0	0.0	0.0	0.0	0.0	0.0	0.0	0.0	0.0	0.0	0.0	0.0	0.0	0.0	0.0	0.0	0.0
SRR21723465	205.0	647.0	2488.0	0.0	253.0	0.0	0.0	0.0	23.0	197.0	36.0	390.0	0.0	25.0	51.0	187.0	57.0	291.0	2901.0	82.0	1067.0	71.0	0.0	236.0	2740.0	988.0	4.0	49.0	2083.0	153.0	0.0	30.0	1830.0	0.0	347.0	14.0	0.0	3847.0	0.0	142.0	3452.0	55.0	0.0	0.0	4128.0	2182.0	93.0	85.0	4096.0	4.0	133.0	0.0	75.0	24.0	88.0	0.0	262.0	0.0	25.0	211.0	0.0	0.0	0.0	0.0	4.0	0.0	55.0	0.0	32.0	175.0	221.0	0.0	0.0	5.0	406.0	0.0	0.0	0.0	0.0	26.0	0.0	177.0	0.0	0.0	23.0	20.0	3183.0	73.0	0.0	0.0	959.0	123.0	11.0	9.0	0.0	0.0	0.0	0.0	0.0	5.0	0.0	0.0	16.0	25.0	1495.0	17.0	288.0	68.0	0.0	0.0	4.0	0.0	0.0	0.0	31.0	1111.0	0.0	5.0	35.0	108.0	0.0	0.0	0.0	0.0	0.0	0.0	165.0	5.0	57.0	715.0	0.0	350.0	0.0	0.0	0.0	9.0	0.0	0.0	0.0	0.0	0.0	2.0	40.0	362.0	0.0	0.0	429.0	0.0	0.0	0.0	0.0	0.0	0.0	0.0	0.0	0.0	125.0	0.0	60.0	0.0	10.0	43.0	13.0	0.0	0.0	0.0	0.0	0.0	15.0	0.0	0.0	11.0	0.0	2362.0	0.0	0.0	0.0	0.0	0.0	145.0	0.0	25.0	12.0	0.0	0.0	0.0	0.0	0.0	40.0	0.0	8.0	0.0	0.0	0.0	0.0	109.0	101.0	0.0	0.0	0.0	608.0	0.0	0.0	5.0	0.0	0.0	0.0	0.0	0.0	0.0	0.0	0.0	0.0	0.0	0.0	0.0	0.0	0.0	0.0	0.0	0.0	0.0	269.0	13.0	0.0	0.0	58.0	0.0	0.0	0.0	0.0	0.0	12.0	0.0	0.0	0.0	0.0	0.0	0.0	0.0	0.0	26.0	0.0	0.0	0.0	0.0	0.0	0.0	0.0	0.0	0.0	0.0	0.0	0.0	0.0	0.0	25.0	0.0	0.0	0.0	0.0	0.0	0.0	0.0	6.0	0.0	0.0	3.0	0.0	0.0	0.0	0.0	0.0	0.0	0.0	0.0	0.0	0.0	0.0	0.0	0.0	0.0	0.0	0.0	0.0	0.0	0.0	0.0	0.0	0.0	0.0	0.0	0.0	0.0	0.0	0.0	0.0	0.0	0.0	0.0	0.0	0.0	0.0	0.0	0.0	0.0	0.0	0.0	0.0	0.0	0.0	0.0	0.0	0.0	0.0	0.0	0.0	0.0	0.0	0.0	0.0
SRR21723466	570.0	2104.0	6314.0	0.0	452.0	0.0	0.0	0.0	26.0	655.0	79.0	727.0	0.0	85.0	180.0	861.0	88.0	356.0	5727.0	57.0	1151.0	99.0	8.0	948.0	5415.0	1249.0	14.0	76.0	4656.0	228.0	0.0	432.0	4640.0	0.0	1449.0	57.0	5.0	6018.0	7.0	402.0	12310.0	103.0	161.0	0.0	11925.0	3378.0	434.0	132.0	9081.0	31.0	339.0	0.0	133.0	21.0	172.0	0.0	828.0	0.0	59.0	1168.0	0.0	38.0	0.0	28.0	3.0	11.0	72.0	0.0	40.0	362.0	613.0	4.0	5.0	0.0	1085.0	0.0	0.0	0.0	0.0	198.0	0.0	422.0	0.0	14.0	49.0	60.0	13724.0	1100.0	12.0	0.0	2277.0	153.0	11.0	212.0	0.0	0.0	0.0	0.0	0.0	0.0	0.0	3.0	32.0	111.0	4828.0	37.0	720.0	675.0	0.0	0.0	0.0	0.0	0.0	14.0	122.0	6517.0	0.0	0.0	128.0	224.0	0.0	0.0	16.0	0.0	0.0	106.0	176.0	0.0	32.0	608.0	0.0	1153.0	74.0	0.0	0.0	19.0	0.0	0.0	0.0	0.0	0.0	0.0	10.0	214.0	0.0	0.0	1271.0	16.0	0.0	4.0	0.0	0.0	0.0	0.0	0.0	0.0	234.0	0.0	1263.0	14.0	59.0	120.0	32.0	0.0	0.0	0.0	0.0	0.0	114.0	198.0	0.0	0.0	0.0	7636.0	0.0	0.0	8.0	65.0	4.0	325.0	0.0	27.0	45.0	7.0	18.0	0.0	0.0	9.0	44.0	0.0	0.0	0.0	0.0	0.0	0.0	1134.0	75.0	9.0	0.0	0.0	930.0	0.0	0.0	0.0	0.0	0.0	0.0	0.0	0.0	0.0	0.0	0.0	0.0	0.0	0.0	0.0	0.0	0.0	0.0	0.0	0.0	0.0	699.0	204.0	0.0	0.0	0.0	0.0	0.0	0.0	0.0	0.0	5.0	0.0	0.0	0.0	0.0	0.0	0.0	0.0	2.0	13.0	20.0	0.0	0.0	0.0	0.0	0.0	0.0	0.0	0.0	0.0	0.0	0.0	0.0	0.0	406.0	0.0	0.0	0.0	0.0	0.0	0.0	0.0	0.0	0.0	0.0	0.0	0.0	0.0	0.0	0.0	0.0	0.0	0.0	0.0	0.0	0.0	0.0	92.0	0.0	0.0	0.0	0.0	0.0	0.0	0.0	0.0	0.0	0.0	29.0	0.0	0.0	0.0	0.0	0.0	0.0	0.0	0.0	0.0	0.0	0.0	0.0	0.0	0.0	136.0	0.0	0.0	0.0	0.0	0.0	0.0	0.0	0.0	0.0	0.0	0.0	0.0	0.0	0.0	0.0
SRR21723467	11.0	384.0	1256.0	0.0	144.0	0.0	0.0	0.0	11.0	121.0	22.0	136.0	0.0	3.0	43.0	346.0	28.0	93.0	1213.0	0.0	359.0	38.0	2.0	95.0	1718.0	154.0	15.0	27.0	1515.0	79.0	0.0	0.0	1994.0	0.0	257.0	24.0	0.0	255.0	0.0	130.0	3991.0	10.0	0.0	0.0	2536.0	762.0	52.0	6.0	1425.0	0.0	49.0	0.0	2.0	5.0	95.0	0.0	334.0	0.0	3.0	521.0	0.0	0.0	0.0	0.0	0.0	8.0	0.0	0.0	18.0	60.0	268.0	6.0	0.0	0.0	476.0	0.0	0.0	0.0	0.0	29.0	0.0	30.0	0.0	0.0	46.0	7.0	907.0	15.0	0.0	0.0	750.0	58.0	0.0	0.0	0.0	0.0	0.0	0.0	0.0	0.0	0.0	0.0	27.0	0.0	1312.0	0.0	335.0	0.0	0.0	0.0	0.0	0.0	0.0	0.0	33.0	1994.0	0.0	0.0	0.0	26.0	0.0	0.0	0.0	0.0	0.0	0.0	16.0	0.0	0.0	14.0	0.0	777.0	0.0	0.0	0.0	0.0	0.0	0.0	0.0	0.0	0.0	0.0	0.0	0.0	0.0	0.0	231.0	0.0	0.0	0.0	0.0	0.0	0.0	0.0	0.0	0.0	56.0	0.0	95.0	0.0	25.0	42.0	0.0	0.0	0.0	0.0	0.0	0.0	0.0	19.0	0.0	0.0	0.0	3397.0	0.0	0.0	0.0	0.0	0.0	49.0	0.0	13.0	21.0	0.0	0.0	0.0	0.0	0.0	0.0	0.0	0.0	0.0	0.0	0.0	0.0	0.0	22.0	0.0	0.0	33.0	437.0	0.0	0.0	0.0	0.0	0.0	0.0	0.0	0.0	0.0	0.0	0.0	0.0	0.0	0.0	0.0	0.0	0.0	0.0	0.0	0.0	0.0	369.0	0.0	0.0	0.0	0.0	0.0	0.0	0.0	0.0	0.0	0.0	0.0	0.0	0.0	0.0	0.0	0.0	0.0	0.0	0.0	0.0	0.0	0.0	0.0	0.0	0.0	0.0	0.0	0.0	0.0	0.0	0.0	0.0	0.0	0.0	0.0	0.0	0.0	0.0	0.0	0.0	0.0	0.0	0.0	0.0	0.0	0.0	0.0	0.0	0.0	0.0	0.0	0.0	0.0	0.0	0.0	0.0	0.0	0.0	0.0	0.0	0.0	0.0	0.0	0.0	0.0	0.0	0.0	0.0	0.0	0.0	0.0	0.0	0.0	0.0	0.0	0.0	0.0	0.0	0.0	0.0	0.0	0.0	0.0	0.0	0.0	0.0	0.0	0.0	0.0	0.0	0.0	0.0	0.0	0.0	0.0	0.0	0.0	0.0
SRR21723468	47.0	119.0	673.0	0.0	148.0	0.0	0.0	0.0	0.0	70.0	0.0	88.0	0.0	14.0	3.0	140.0	12.0	129.0	690.0	0.0	282.0	4.0	0.0	66.0	874.0	200.0	0.0	18.0	1045.0	69.0	0.0	0.0	1263.0	0.0	250.0	11.0	0.0	180.0	0.0	41.0	2257.0	2.0	10.0	0.0	1747.0	269.0	133.0	6.0	1284.0	2.0	49.0	0.0	16.0	0.0	69.0	0.0	54.0	0.0	0.0	520.0	0.0	27.0	0.0	0.0	0.0	0.0	0.0	0.0	0.0	83.0	470.0	3.0	0.0	0.0	133.0	0.0	0.0	0.0	0.0	24.0	0.0	7.0	0.0	0.0	83.0	0.0	772.0	29.0	0.0	0.0	913.0	0.0	6.0	0.0	5.0	0.0	0.0	0.0	0.0	0.0	0.0	0.0	0.0	0.0	707.0	0.0	198.0	0.0	0.0	0.0	0.0	0.0	0.0	0.0	14.0	3112.0	0.0	0.0	22.0	17.0	0.0	0.0	2.0	0.0	0.0	8.0	20.0	0.0	0.0	0.0	0.0	557.0	3.0	0.0	0.0	0.0	0.0	0.0	0.0	0.0	0.0	0.0	11.0	0.0	0.0	0.0	26.0	0.0	0.0	0.0	0.0	0.0	0.0	0.0	0.0	0.0	0.0	0.0	0.0	0.0	9.0	0.0	6.0	0.0	0.0	0.0	0.0	0.0	0.0	25.0	0.0	0.0	0.0	3473.0	13.0	0.0	0.0	0.0	0.0	24.0	0.0	0.0	0.0	5.0	0.0	0.0	0.0	0.0	0.0	0.0	0.0	0.0	0.0	0.0	0.0	0.0	0.0	0.0	0.0	0.0	206.0	0.0	0.0	0.0	0.0	0.0	0.0	0.0	0.0	0.0	0.0	0.0	0.0	0.0	0.0	0.0	0.0	0.0	0.0	0.0	0.0	0.0	818.0	0.0	0.0	0.0	0.0	0.0	0.0	0.0	15.0	0.0	0.0	0.0	0.0	0.0	0.0	0.0	0.0	0.0	0.0	5.0	0.0	0.0	0.0	0.0	0.0	0.0	0.0	0.0	0.0	0.0	0.0	0.0	0.0	0.0	0.0	0.0	0.0	0.0	0.0	0.0	0.0	0.0	0.0	0.0	0.0	0.0	0.0	0.0	0.0	0.0	0.0	0.0	0.0	0.0	0.0	0.0	0.0	0.0	0.0	0.0	0.0	0.0	0.0	0.0	0.0	0.0	0.0	0.0	0.0	0.0	0.0	0.0	0.0	0.0	0.0	0.0	0.0	0.0	0.0	0.0	0.0	0.0	0.0	0.0	0.0	0.0	0.0	0.0	0.0	0.0	0.0	0.0	0.0	0.0	0.0	0.0	0.0	0.0	0.0
SRR21723469	13.0	58.0	391.0	0.0	125.0	0.0	0.0	0.0	5.0	34.0	9.0	92.0	0.0	0.0	5.0	54.0	0.0	10.0	300.0	14.0	851.0	6.0	0.0	169.0	830.0	7.0	0.0	0.0	1404.0	297.0	0.0	6.0	1163.0	0.0	170.0	0.0	0.0	272.0	0.0	66.0	1665.0	6.0	17.0	0.0	2251.0	863.0	28.0	0.0	839.0	0.0	22.0	0.0	0.0	0.0	100.0	0.0	176.0	0.0	0.0	458.0	0.0	11.0	0.0	0.0	0.0	0.0	0.0	0.0	0.0	0.0	539.0	0.0	0.0	0.0	217.0	0.0	0.0	0.0	0.0	5.0	0.0	10.0	0.0	0.0	77.0	0.0	8006.0	21.0	0.0	0.0	3344.0	25.0	0.0	0.0	3.0	0.0	0.0	0.0	0.0	0.0	0.0	0.0	0.0	0.0	319.0	0.0	121.0	0.0	0.0	0.0	0.0	0.0	0.0	0.0	12.0	1386.0	0.0	0.0	0.0	0.0	10.0	0.0	5.0	0.0	0.0	0.0	0.0	0.0	0.0	189.0	0.0	491.0	0.0	0.0	0.0	0.0	0.0	0.0	0.0	0.0	0.0	0.0	0.0	3.0	0.0	0.0	11.0	0.0	0.0	0.0	0.0	0.0	0.0	0.0	0.0	0.0	0.0	0.0	0.0	0.0	0.0	0.0	0.0	0.0	0.0	0.0	0.0	0.0	19.0	165.0	0.0	0.0	0.0	3245.0	0.0	0.0	0.0	0.0	0.0	42.0	0.0	0.0	8.0	0.0	0.0	0.0	0.0	0.0	0.0	0.0	0.0	0.0	0.0	0.0	0.0	0.0	31.0	0.0	0.0	0.0	278.0	0.0	0.0	0.0	0.0	0.0	0.0	0.0	0.0	0.0	0.0	0.0	0.0	0.0	0.0	0.0	0.0	0.0	0.0	0.0	0.0	0.0	1189.0	0.0	0.0	0.0	0.0	0.0	0.0	0.0	0.0	0.0	0.0	0.0	0.0	0.0	0.0	0.0	0.0	0.0	0.0	88.0	0.0	0.0	0.0	0.0	0.0	0.0	0.0	0.0	0.0	0.0	0.0	0.0	0.0	0.0	0.0	0.0	0.0	0.0	0.0	0.0	0.0	0.0	0.0	0.0	0.0	0.0	0.0	0.0	0.0	0.0	0.0	0.0	0.0	0.0	0.0	0.0	0.0	0.0	0.0	0.0	0.0	0.0	0.0	0.0	0.0	0.0	0.0	0.0	0.0	0.0	0.0	0.0	0.0	0.0	0.0	0.0	0.0	0.0	0.0	0.0	0.0	0.0	0.0	0.0	0.0	0.0	0.0	0.0	0.0	0.0	0.0	0.0	0.0	0.0	0.0	0.0	0.0	0.0	0.0
SRR21723470	39.0	69.0	553.0	0.0	219.0	0.0	0.0	0.0	2.0	121.0	7.0	87.0	0.0	2.0	13.0	94.0	2.0	4.0	248.0	0.0	845.0	5.0	0.0	159.0	801.0	177.0	0.0	31.0	1092.0	87.0	0.0	57.0	1987.0	0.0	127.0	4.0	0.0	5094.0	0.0	75.0	1836.0	16.0	9.0	0.0	2264.0	641.0	0.0	0.0	1508.0	0.0	38.0	0.0	0.0	0.0	117.0	0.0	210.0	0.0	0.0	363.0	0.0	0.0	0.0	0.0	0.0	0.0	0.0	0.0	0.0	45.0	508.0	0.0	0.0	0.0	305.0	0.0	0.0	0.0	0.0	11.0	0.0	0.0	0.0	0.0	116.0	0.0	10204.0	40.0	0.0	0.0	1667.0	46.0	0.0	0.0	3.0	0.0	0.0	0.0	0.0	0.0	0.0	0.0	0.0	0.0	809.0	0.0	271.0	0.0	0.0	0.0	0.0	0.0	5.0	0.0	0.0	2054.0	0.0	0.0	9.0	3.0	12.0	0.0	10.0	0.0	0.0	5.0	0.0	0.0	0.0	194.0	0.0	715.0	11.0	0.0	0.0	0.0	0.0	0.0	0.0	0.0	0.0	0.0	16.0	2.0	0.0	0.0	161.0	0.0	0.0	0.0	0.0	0.0	0.0	0.0	0.0	0.0	3.0	0.0	121.0	0.0	0.0	0.0	0.0	0.0	0.0	0.0	0.0	0.0	21.0	0.0	0.0	0.0	0.0	5822.0	0.0	0.0	0.0	0.0	0.0	61.0	3.0	0.0	0.0	0.0	0.0	0.0	0.0	0.0	18.0	0.0	0.0	0.0	0.0	0.0	0.0	98.0	5.0	0.0	0.0	0.0	915.0	0.0	0.0	0.0	0.0	0.0	0.0	0.0	0.0	0.0	0.0	0.0	0.0	0.0	0.0	0.0	0.0	0.0	0.0	0.0	0.0	0.0	1060.0	0.0	0.0	0.0	0.0	0.0	0.0	0.0	0.0	0.0	0.0	0.0	0.0	0.0	0.0	0.0	0.0	0.0	0.0	0.0	0.0	0.0	0.0	0.0	0.0	0.0	0.0	0.0	0.0	0.0	0.0	0.0	0.0	0.0	0.0	0.0	0.0	0.0	0.0	0.0	0.0	0.0	0.0	0.0	0.0	0.0	0.0	0.0	0.0	0.0	0.0	0.0	0.0	0.0	0.0	0.0	0.0	0.0	0.0	0.0	0.0	0.0	0.0	0.0	0.0	0.0	0.0	0.0	0.0	0.0	0.0	0.0	0.0	0.0	0.0	0.0	0.0	0.0	0.0	0.0	0.0	0.0	0.0	0.0	0.0	0.0	0.0	0.0	0.0	0.0	0.0	0.0	0.0	0.0	0.0	0.0	0.0	0.0	0.0
SRR21723471	532.0	20.0	275.0	0.0	66.0	0.0	7.0	0.0	6.0	426.0	88.0	83.0	0.0	6.0	34.0	1335.0	49.0	23.0	57.0	16.0	335.0	53.0	14.0	23.0	708.0	91.0	24.0	121.0	736.0	0.0	0.0	5.0	113.0	0.0	474.0	3.0	0.0	58.0	0.0	205.0	1426.0	29.0	0.0	2.0	96.0	102.0	62.0	4.0	230.0	42.0	440.0	0.0	5.0	0.0	145.0	0.0	524.0	0.0	3.0	243.0	0.0	0.0	0.0	18.0	11.0	0.0	33.0	0.0	0.0	188.0	134.0	7.0	3.0	0.0	91.0	0.0	4.0	0.0	0.0	10.0	0.0	0.0	0.0	0.0	21.0	0.0	82.0	24.0	0.0	0.0	64.0	41.0	0.0	272.0	25.0	0.0	5.0	0.0	0.0	2.0	0.0	0.0	52.0	203.0	50.0	2.0	82.0	0.0	2.0	0.0	0.0	0.0	0.0	0.0	0.0	194.0	0.0	0.0	11.0	0.0	18.0	0.0	31.0	0.0	0.0	0.0	4.0	0.0	0.0	0.0	0.0	232.0	0.0	0.0	0.0	4.0	0.0	0.0	0.0	0.0	0.0	0.0	0.0	0.0	7.0	0.0	2.0	0.0	2.0	0.0	0.0	0.0	0.0	0.0	0.0	0.0	0.0	0.0	0.0	0.0	22.0	3.0	0.0	0.0	0.0	0.0	0.0	0.0	0.0	25.0	5.0	0.0	0.0	630.0	0.0	13.0	0.0	0.0	0.0	0.0	0.0	0.0	23.0	0.0	0.0	0.0	0.0	3.0	0.0	0.0	0.0	0.0	0.0	13.0	0.0	0.0	0.0	0.0	0.0	19.0	137.0	0.0	0.0	0.0	0.0	0.0	0.0	0.0	0.0	0.0	0.0	0.0	0.0	0.0	0.0	0.0	0.0	0.0	0.0	0.0	0.0	0.0	81.0	0.0	0.0	0.0	0.0	0.0	0.0	0.0	13.0	0.0	0.0	0.0	0.0	0.0	0.0	0.0	0.0	0.0	0.0	0.0	0.0	0.0	0.0	0.0	0.0	0.0	0.0	0.0	0.0	0.0	0.0	0.0	0.0	0.0	0.0	0.0	0.0	0.0	0.0	0.0	0.0	0.0	0.0	0.0	0.0	0.0	0.0	0.0	0.0	0.0	0.0	0.0	0.0	0.0	0.0	0.0	0.0	0.0	0.0	0.0	0.0	0.0	0.0	0.0	0.0	0.0	0.0	0.0	0.0	0.0	0.0	0.0	0.0	0.0	0.0	0.0	0.0	0.0	0.0	0.0	0.0	0.0	0.0	0.0	0.0	0.0	0.0	0.0	0.0	0.0	0.0	0.0	0.0	0.0	0.0	0.0	0.0	0.0	0.0
SRR21723472	260.0	537.0	2275.0	0.0	354.0	0.0	0.0	0.0	0.0	324.0	11.0	502.0	0.0	5.0	59.0	470.0	16.0	295.0	1958.0	33.0	1337.0	50.0	0.0	248.0	3048.0	475.0	14.0	25.0	3121.0	49.0	0.0	15.0	4508.0	0.0	941.0	3.0	0.0	1450.0	0.0	345.0	7269.0	31.0	11.0	0.0	5472.0	1730.0	205.0	34.0	4274.0	0.0	103.0	0.0	14.0	4.0	206.0	0.0	519.0	0.0	26.0	944.0	0.0	36.0	0.0	0.0	6.0	0.0	55.0	0.0	0.0	216.0	869.0	0.0	0.0	3.0	495.0	3.0	0.0	0.0	0.0	67.0	0.0	37.0	0.0	0.0	159.0	8.0	4826.0	814.0	0.0	0.0	1927.0	88.0	0.0	0.0	0.0	0.0	0.0	0.0	0.0	0.0	0.0	0.0	87.0	0.0	1966.0	0.0	601.0	21.0	0.0	0.0	0.0	0.0	7.0	0.0	25.0	5100.0	0.0	0.0	108.0	28.0	16.0	0.0	3.0	0.0	0.0	26.0	120.0	0.0	0.0	287.0	0.0	1691.0	0.0	0.0	0.0	0.0	0.0	0.0	0.0	0.0	0.0	3.0	36.0	151.0	0.0	0.0	387.0	0.0	0.0	0.0	0.0	0.0	0.0	6.0	0.0	0.0	0.0	0.0	29.0	0.0	26.0	0.0	10.0	0.0	0.0	0.0	0.0	0.0	16.0	93.0	0.0	0.0	0.0	6448.0	0.0	0.0	0.0	0.0	0.0	159.0	0.0	13.0	14.0	0.0	0.0	0.0	0.0	11.0	0.0	0.0	0.0	0.0	0.0	0.0	0.0	60.0	0.0	0.0	0.0	53.0	356.0	0.0	0.0	0.0	0.0	0.0	0.0	0.0	0.0	0.0	0.0	0.0	0.0	0.0	0.0	0.0	8.0	0.0	0.0	0.0	0.0	0.0	1146.0	0.0	0.0	0.0	0.0	0.0	0.0	0.0	0.0	0.0	0.0	0.0	0.0	0.0	0.0	0.0	0.0	0.0	0.0	0.0	0.0	0.0	0.0	0.0	0.0	0.0	0.0	0.0	0.0	0.0	0.0	0.0	0.0	0.0	0.0	0.0	0.0	0.0	0.0	0.0	0.0	0.0	0.0	0.0	0.0	0.0	0.0	0.0	0.0	0.0	0.0	0.0	0.0	0.0	0.0	0.0	0.0	0.0	37.0	0.0	0.0	0.0	0.0	0.0	0.0	0.0	0.0	0.0	0.0	0.0	0.0	0.0	0.0	0.0	0.0	0.0	0.0	0.0	0.0	0.0	0.0	0.0	0.0	0.0	0.0	0.0	0.0	0.0	0.0	0.0	0.0	0.0	0.0	0.0	0.0	0.0	0.0	0.0	0.0
SRR21723473	86.0	155.0	1234.0	0.0	162.0	0.0	0.0	0.0	0.0	201.0	18.0	232.0	0.0	2.0	23.0	68.0	0.0	152.0	643.0	24.0	1395.0	13.0	0.0	107.0	1146.0	145.0	0.0	0.0	2128.0	96.0	0.0	26.0	1147.0	0.0	250.0	0.0	0.0	228.0	0.0	161.0	3166.0	10.0	11.0	3.0	2642.0	1069.0	69.0	14.0	3244.0	0.0	47.0	0.0	0.0	0.0	129.0	0.0	331.0	0.0	44.0	473.0	0.0	12.0	0.0	0.0	0.0	12.0	0.0	0.0	0.0	81.0	443.0	0.0	0.0	0.0	695.0	0.0	0.0	0.0	0.0	38.0	0.0	18.0	0.0	0.0	25.0	12.0	6024.0	9.0	0.0	0.0	1740.0	119.0	3.0	0.0	6.0	0.0	0.0	0.0	0.0	0.0	0.0	0.0	24.0	0.0	1199.0	2.0	385.0	12.0	0.0	0.0	0.0	0.0	0.0	0.0	0.0	1747.0	0.0	0.0	0.0	55.0	16.0	0.0	0.0	0.0	0.0	0.0	97.0	0.0	0.0	19.0	0.0	807.0	0.0	0.0	0.0	0.0	0.0	0.0	0.0	0.0	0.0	0.0	15.0	6.0	0.0	0.0	99.0	0.0	0.0	0.0	0.0	0.0	0.0	0.0	0.0	0.0	21.0	0.0	62.0	2.0	30.0	0.0	0.0	0.0	0.0	0.0	0.0	0.0	0.0	0.0	0.0	0.0	0.0	2885.0	0.0	0.0	0.0	0.0	0.0	158.0	0.0	0.0	13.0	0.0	0.0	0.0	0.0	0.0	0.0	0.0	0.0	0.0	3.0	0.0	0.0	0.0	41.0	0.0	0.0	0.0	431.0	0.0	0.0	0.0	0.0	0.0	0.0	0.0	0.0	0.0	0.0	0.0	0.0	0.0	0.0	0.0	0.0	0.0	0.0	0.0	0.0	0.0	1106.0	0.0	0.0	0.0	0.0	0.0	0.0	0.0	0.0	0.0	0.0	0.0	0.0	0.0	0.0	0.0	0.0	0.0	0.0	4.0	0.0	0.0	0.0	0.0	0.0	0.0	0.0	0.0	0.0	0.0	0.0	0.0	0.0	0.0	0.0	0.0	0.0	0.0	0.0	0.0	0.0	0.0	0.0	0.0	0.0	0.0	0.0	0.0	0.0	0.0	0.0	0.0	0.0	0.0	0.0	0.0	0.0	0.0	0.0	0.0	0.0	0.0	0.0	0.0	0.0	0.0	0.0	0.0	0.0	0.0	0.0	0.0	0.0	0.0	0.0	0.0	0.0	0.0	0.0	0.0	0.0	0.0	0.0	0.0	0.0	0.0	0.0	0.0	0.0	0.0	0.0	0.0	0.0	0.0	0.0	0.0	0.0	0.0	0.0
SRR21723474	130.0	345.0	1926.0	0.0	280.0	0.0	0.0	0.0	6.0	143.0	5.0	98.0	0.0	22.0	4.0	67.0	0.0	42.0	583.0	3.0	783.0	11.0	0.0	41.0	1477.0	99.0	0.0	7.0	1589.0	28.0	0.0	25.0	1465.0	0.0	205.0	11.0	0.0	1378.0	0.0	108.0	3744.0	14.0	0.0	0.0	4545.0	1364.0	99.0	4.0	2955.0	0.0	65.0	0.0	8.0	8.0	129.0	0.0	199.0	0.0	0.0	506.0	0.0	16.0	0.0	0.0	0.0	0.0	7.0	0.0	26.0	32.0	470.0	0.0	0.0	0.0	417.0	0.0	0.0	20.0	0.0	24.0	0.0	20.0	0.0	2.0	35.0	3.0	3146.0	39.0	3.0	0.0	1575.0	42.0	0.0	0.0	0.0	0.0	0.0	0.0	0.0	0.0	0.0	0.0	20.0	16.0	1405.0	0.0	120.0	3.0	5.0	0.0	0.0	0.0	0.0	0.0	16.0	2310.0	0.0	0.0	6.0	12.0	11.0	0.0	3.0	0.0	0.0	7.0	49.0	0.0	0.0	43.0	0.0	655.0	9.0	0.0	0.0	0.0	7.0	0.0	0.0	0.0	0.0	0.0	8.0	0.0	0.0	0.0	670.0	0.0	0.0	0.0	0.0	0.0	0.0	0.0	2.0	0.0	49.0	0.0	4.0	7.0	20.0	9.0	0.0	0.0	0.0	0.0	0.0	0.0	28.0	33.0	0.0	0.0	0.0	5001.0	0.0	0.0	0.0	0.0	0.0	50.0	0.0	0.0	0.0	0.0	0.0	0.0	0.0	0.0	0.0	0.0	0.0	0.0	0.0	0.0	0.0	18.0	13.0	0.0	0.0	0.0	515.0	0.0	0.0	0.0	0.0	0.0	0.0	0.0	0.0	0.0	0.0	0.0	0.0	0.0	0.0	0.0	0.0	0.0	0.0	0.0	0.0	0.0	445.0	0.0	0.0	0.0	0.0	0.0	0.0	0.0	0.0	0.0	0.0	0.0	0.0	0.0	0.0	0.0	0.0	0.0	0.0	11.0	0.0	0.0	0.0	0.0	0.0	0.0	0.0	0.0	0.0	0.0	0.0	0.0	0.0	0.0	0.0	0.0	0.0	0.0	0.0	0.0	0.0	0.0	0.0	0.0	0.0	0.0	0.0	0.0	0.0	0.0	0.0	0.0	0.0	0.0	0.0	0.0	0.0	0.0	0.0	0.0	0.0	0.0	0.0	0.0	0.0	0.0	0.0	0.0	0.0	0.0	0.0	0.0	0.0	0.0	0.0	0.0	0.0	0.0	0.0	0.0	0.0	0.0	0.0	0.0	0.0	0.0	0.0	0.0	0.0	0.0	0.0	0.0	0.0	0.0	0.0	0.0	0.0	0.0	0.0
SRR21723475	30.0	142.0	1271.0	0.0	86.0	0.0	0.0	0.0	0.0	149.0	17.0	108.0	0.0	3.0	21.0	91.0	12.0	31.0	890.0	0.0	234.0	7.0	0.0	0.0	1109.0	84.0	0.0	13.0	1793.0	0.0	0.0	4.0	2319.0	0.0	278.0	9.0	0.0	349.0	6.0	147.0	4865.0	7.0	6.0	0.0	2969.0	4379.0	54.0	0.0	1716.0	0.0	78.0	0.0	6.0	0.0	114.0	0.0	275.0	0.0	0.0	804.0	0.0	11.0	0.0	3.0	0.0	0.0	0.0	0.0	0.0	111.0	474.0	6.0	0.0	0.0	674.0	0.0	0.0	0.0	0.0	12.0	0.0	0.0	0.0	0.0	182.0	0.0	1647.0	46.0	0.0	0.0	1537.0	79.0	0.0	0.0	0.0	0.0	0.0	0.0	0.0	0.0	0.0	0.0	0.0	0.0	1165.0	4.0	192.0	0.0	0.0	0.0	0.0	0.0	0.0	0.0	0.0	4900.0	0.0	0.0	13.0	4.0	0.0	0.0	7.0	0.0	0.0	0.0	25.0	0.0	0.0	20.0	0.0	726.0	6.0	0.0	0.0	4.0	0.0	0.0	0.0	0.0	0.0	0.0	11.0	2.0	0.0	0.0	265.0	0.0	0.0	0.0	0.0	0.0	0.0	0.0	0.0	0.0	18.0	0.0	0.0	6.0	0.0	0.0	0.0	0.0	0.0	0.0	0.0	0.0	27.0	26.0	0.0	0.0	0.0	3359.0	2.0	0.0	0.0	0.0	0.0	131.0	0.0	2.0	0.0	0.0	0.0	0.0	0.0	0.0	23.0	0.0	0.0	0.0	0.0	0.0	0.0	0.0	23.0	0.0	0.0	0.0	556.0	0.0	0.0	0.0	0.0	0.0	0.0	0.0	0.0	0.0	0.0	0.0	0.0	0.0	0.0	0.0	0.0	0.0	0.0	0.0	0.0	0.0	925.0	0.0	0.0	0.0	0.0	0.0	0.0	0.0	0.0	0.0	0.0	0.0	0.0	0.0	0.0	0.0	0.0	0.0	0.0	14.0	0.0	0.0	0.0	0.0	0.0	0.0	0.0	0.0	0.0	0.0	0.0	0.0	0.0	0.0	0.0	0.0	0.0	0.0	0.0	0.0	0.0	0.0	0.0	0.0	0.0	0.0	0.0	0.0	0.0	0.0	0.0	0.0	0.0	0.0	0.0	0.0	0.0	0.0	0.0	0.0	0.0	0.0	0.0	0.0	0.0	0.0	0.0	0.0	0.0	0.0	0.0	0.0	0.0	0.0	0.0	0.0	0.0	0.0	0.0	0.0	0.0	0.0	0.0	0.0	0.0	0.0	0.0	0.0	0.0	0.0	0.0	0.0	0.0	0.0	0.0	0.0	0.0	0.0	0.0
SRR21723476	4.0	24.0	361.0	0.0	38.0	0.0	0.0	0.0	9.0	74.0	0.0	43.0	0.0	2.0	19.0	68.0	0.0	26.0	311.0	0.0	56.0	0.0	0.0	18.0	416.0	24.0	0.0	0.0	76.0	0.0	0.0	0.0	803.0	0.0	122.0	0.0	0.0	150.0	0.0	42.0	1057.0	0.0	13.0	0.0	355.0	100.0	10.0	0.0	463.0	0.0	11.0	0.0	9.0	0.0	0.0	0.0	17.0	0.0	0.0	160.0	0.0	0.0	0.0	2.0	0.0	0.0	9.0	0.0	0.0	0.0	28.0	0.0	0.0	0.0	58.0	0.0	0.0	0.0	0.0	5.0	0.0	9.0	0.0	0.0	29.0	0.0	365.0	0.0	0.0	0.0	182.0	7.0	0.0	0.0	0.0	0.0	0.0	0.0	0.0	0.0	0.0	0.0	0.0	0.0	153.0	0.0	28.0	0.0	0.0	0.0	0.0	0.0	0.0	0.0	0.0	1658.0	0.0	0.0	0.0	0.0	0.0	0.0	0.0	0.0	0.0	5.0	0.0	0.0	0.0	0.0	0.0	161.0	0.0	0.0	0.0	0.0	0.0	0.0	0.0	0.0	0.0	0.0	2.0	0.0	0.0	0.0	30.0	0.0	0.0	0.0	0.0	0.0	0.0	0.0	0.0	0.0	6.0	0.0	0.0	0.0	0.0	0.0	0.0	0.0	0.0	0.0	0.0	0.0	0.0	0.0	0.0	0.0	0.0	2948.0	0.0	3.0	0.0	0.0	0.0	0.0	0.0	0.0	0.0	0.0	0.0	0.0	0.0	0.0	0.0	0.0	0.0	0.0	0.0	2.0	0.0	0.0	0.0	0.0	0.0	26.0	37.0	0.0	0.0	0.0	0.0	0.0	0.0	0.0	0.0	0.0	0.0	0.0	0.0	0.0	0.0	0.0	0.0	0.0	0.0	0.0	0.0	0.0	131.0	0.0	0.0	0.0	0.0	0.0	0.0	0.0	6.0	0.0	0.0	0.0	0.0	0.0	0.0	0.0	0.0	0.0	0.0	0.0	0.0	0.0	0.0	0.0	0.0	0.0	0.0	0.0	0.0	0.0	0.0	0.0	0.0	0.0	0.0	0.0	0.0	0.0	0.0	0.0	0.0	0.0	0.0	0.0	0.0	0.0	0.0	0.0	0.0	0.0	0.0	0.0	0.0	0.0	0.0	0.0	0.0	0.0	0.0	0.0	0.0	0.0	0.0	0.0	0.0	0.0	0.0	0.0	0.0	0.0	0.0	0.0	0.0	0.0	0.0	0.0	0.0	0.0	0.0	0.0	0.0	0.0	0.0	0.0	0.0	0.0	0.0	0.0	0.0	0.0	0.0	0.0	0.0	0.0	0.0	0.0	0.0	0.0	0.0
SRR21723477	109.0	167.0	541.0	0.0	244.0	0.0	0.0	0.0	0.0	168.0	36.0	343.0	0.0	5.0	5.0	179.0	20.0	33.0	319.0	2.0	1808.0	2.0	0.0	237.0	1052.0	199.0	0.0	52.0	4450.0	187.0	0.0	32.0	1203.0	0.0	351.0	10.0	0.0	249.0	0.0	241.0	3739.0	6.0	8.0	0.0	3806.0	796.0	39.0	0.0	1958.0	0.0	149.0	0.0	0.0	0.0	106.0	0.0	481.0	0.0	2.0	310.0	0.0	18.0	0.0	3.0	0.0	0.0	17.0	0.0	0.0	76.0	1026.0	3.0	0.0	0.0	760.0	0.0	3.0	0.0	0.0	4.0	0.0	28.0	0.0	0.0	41.0	0.0	10291.0	37.0	3.0	0.0	3836.0	59.0	0.0	0.0	0.0	0.0	0.0	0.0	0.0	0.0	0.0	0.0	10.0	39.0	840.0	0.0	154.0	0.0	3.0	0.0	0.0	0.0	0.0	0.0	0.0	1020.0	0.0	0.0	135.0	0.0	32.0	0.0	0.0	0.0	0.0	0.0	48.0	0.0	0.0	0.0	0.0	985.0	0.0	0.0	0.0	0.0	0.0	0.0	0.0	0.0	0.0	0.0	0.0	0.0	70.0	0.0	97.0	0.0	0.0	0.0	0.0	0.0	0.0	0.0	0.0	0.0	18.0	0.0	21.0	0.0	16.0	0.0	3.0	0.0	0.0	0.0	0.0	0.0	36.0	81.0	0.0	0.0	0.0	4456.0	0.0	0.0	0.0	0.0	0.0	206.0	0.0	0.0	18.0	0.0	0.0	0.0	0.0	0.0	0.0	0.0	0.0	0.0	0.0	0.0	0.0	0.0	20.0	0.0	0.0	0.0	1136.0	0.0	0.0	0.0	0.0	0.0	0.0	0.0	0.0	0.0	0.0	0.0	0.0	0.0	0.0	0.0	11.0	0.0	0.0	0.0	0.0	0.0	815.0	0.0	0.0	0.0	47.0	0.0	0.0	0.0	0.0	0.0	0.0	0.0	0.0	0.0	0.0	0.0	0.0	0.0	0.0	20.0	0.0	0.0	0.0	0.0	0.0	0.0	0.0	0.0	0.0	0.0	0.0	0.0	0.0	0.0	0.0	0.0	0.0	0.0	0.0	2.0	0.0	0.0	0.0	0.0	0.0	0.0	0.0	0.0	0.0	0.0	0.0	0.0	0.0	0.0	0.0	0.0	0.0	0.0	0.0	0.0	0.0	0.0	0.0	0.0	0.0	0.0	0.0	0.0	0.0	0.0	0.0	0.0	0.0	0.0	0.0	0.0	0.0	0.0	0.0	0.0	0.0	0.0	0.0	0.0	0.0	0.0	0.0	0.0	0.0	0.0	0.0	0.0	0.0	0.0	0.0	0.0	0.0	0.0	0.0
SRR21723478	54.0	330.0	738.0	0.0	17.0	0.0	0.0	0.0	2.0	145.0	0.0	176.0	0.0	3.0	5.0	18.0	0.0	18.0	639.0	0.0	1835.0	0.0	0.0	202.0	399.0	77.0	0.0	14.0	2641.0	45.0	0.0	31.0	342.0	0.0	253.0	32.0	0.0	1209.0	0.0	44.0	2245.0	0.0	0.0	0.0	5122.0	1764.0	0.0	37.0	717.0	0.0	0.0	0.0	0.0	0.0	7.0	0.0	167.0	0.0	4.0	0.0	0.0	14.0	0.0	0.0	0.0	0.0	0.0	0.0	0.0	7.0	648.0	0.0	0.0	0.0	617.0	0.0	0.0	0.0	0.0	0.0	0.0	84.0	0.0	0.0	0.0	37.0	7817.0	111.0	0.0	0.0	2473.0	7.0	0.0	6.0	0.0	0.0	0.0	0.0	0.0	0.0	0.0	4.0	0.0	13.0	469.0	0.0	0.0	20.0	0.0	0.0	0.0	0.0	0.0	0.0	0.0	216.0	0.0	0.0	22.0	0.0	0.0	0.0	0.0	0.0	0.0	0.0	35.0	0.0	0.0	0.0	0.0	85.0	5.0	0.0	0.0	0.0	0.0	0.0	0.0	0.0	0.0	0.0	0.0	0.0	57.0	0.0	129.0	3.0	0.0	0.0	0.0	0.0	0.0	2.0	0.0	0.0	0.0	0.0	82.0	0.0	0.0	0.0	0.0	0.0	0.0	0.0	0.0	0.0	10.0	83.0	0.0	37.0	0.0	220.0	0.0	0.0	0.0	0.0	0.0	28.0	0.0	0.0	0.0	0.0	0.0	0.0	0.0	0.0	0.0	0.0	0.0	0.0	0.0	0.0	0.0	16.0	117.0	0.0	0.0	0.0	290.0	0.0	0.0	0.0	0.0	0.0	0.0	0.0	0.0	0.0	0.0	0.0	0.0	0.0	0.0	0.0	0.0	0.0	0.0	0.0	0.0	0.0	30.0	0.0	0.0	0.0	0.0	0.0	0.0	0.0	0.0	0.0	0.0	0.0	0.0	0.0	0.0	0.0	0.0	0.0	0.0	14.0	0.0	0.0	0.0	0.0	0.0	0.0	0.0	0.0	0.0	0.0	0.0	0.0	0.0	0.0	0.0	0.0	0.0	3.0	0.0	0.0	0.0	0.0	0.0	0.0	0.0	0.0	0.0	0.0	0.0	0.0	0.0	0.0	0.0	25.0	0.0	0.0	0.0	0.0	0.0	0.0	0.0	0.0	0.0	0.0	0.0	0.0	0.0	0.0	0.0	0.0	0.0	0.0	0.0	0.0	0.0	0.0	0.0	0.0	0.0	0.0	0.0	0.0	0.0	0.0	0.0	0.0	0.0	0.0	0.0	0.0	0.0	0.0	0.0	0.0	0.0	0.0	0.0	0.0	0.0
SRR21723479	51.0	873.0	1311.0	0.0	61.0	0.0	0.0	0.0	0.0	95.0	0.0	192.0	0.0	0.0	4.0	60.0	0.0	4.0	656.0	3.0	1827.0	0.0	0.0	82.0	1044.0	61.0	0.0	15.0	2170.0	61.0	0.0	129.0	294.0	0.0	366.0	9.0	0.0	4098.0	0.0	5.0	4906.0	0.0	47.0	0.0	6012.0	3772.0	29.0	17.0	1456.0	0.0	23.0	0.0	2.0	2.0	32.0	0.0	61.0	0.0	0.0	47.0	0.0	43.0	0.0	5.0	2.0	3.0	8.0	0.0	0.0	28.0	319.0	0.0	0.0	0.0	789.0	0.0	0.0	0.0	0.0	8.0	0.0	20.0	0.0	0.0	0.0	7.0	11187.0	222.0	0.0	0.0	3438.0	0.0	0.0	0.0	0.0	0.0	0.0	0.0	0.0	0.0	0.0	0.0	0.0	41.0	1550.0	0.0	0.0	0.0	0.0	0.0	0.0	0.0	0.0	4.0	0.0	844.0	0.0	0.0	37.0	0.0	0.0	0.0	6.0	0.0	0.0	25.0	0.0	0.0	0.0	59.0	0.0	195.0	0.0	0.0	0.0	0.0	0.0	0.0	0.0	0.0	0.0	0.0	65.0	0.0	21.0	0.0	49.0	0.0	0.0	0.0	0.0	0.0	0.0	0.0	0.0	0.0	2.0	0.0	68.0	2.0	0.0	9.0	0.0	0.0	0.0	0.0	0.0	0.0	25.0	113.0	0.0	30.0	0.0	958.0	0.0	0.0	0.0	4.0	0.0	0.0	0.0	0.0	0.0	0.0	0.0	0.0	0.0	0.0	0.0	0.0	0.0	0.0	0.0	0.0	0.0	0.0	97.0	0.0	0.0	0.0	389.0	0.0	0.0	0.0	0.0	0.0	0.0	0.0	0.0	0.0	0.0	0.0	0.0	0.0	0.0	0.0	0.0	0.0	0.0	0.0	0.0	0.0	71.0	0.0	0.0	0.0	78.0	0.0	0.0	0.0	0.0	0.0	0.0	0.0	0.0	0.0	0.0	0.0	0.0	0.0	0.0	0.0	0.0	0.0	0.0	0.0	0.0	0.0	0.0	0.0	0.0	0.0	0.0	0.0	0.0	0.0	0.0	0.0	0.0	0.0	0.0	0.0	0.0	0.0	2.0	0.0	0.0	0.0	0.0	0.0	0.0	0.0	0.0	0.0	0.0	14.0	0.0	0.0	0.0	0.0	0.0	0.0	0.0	0.0	0.0	0.0	0.0	0.0	0.0	0.0	0.0	0.0	0.0	0.0	0.0	0.0	0.0	0.0	0.0	0.0	0.0	0.0	0.0	0.0	0.0	0.0	0.0	0.0	0.0	0.0	0.0	0.0	0.0	0.0	0.0	0.0	0.0	0.0	0.0	0.0	0.0
SRR21723480	7.0	14.0	674.0	0.0	47.0	0.0	0.0	0.0	0.0	137.0	0.0	36.0	0.0	5.0	6.0	51.0	0.0	4.0	341.0	0.0	850.0	0.0	5.0	330.0	940.0	40.0	5.0	0.0	1015.0	127.0	0.0	0.0	1515.0	0.0	135.0	0.0	0.0	214.0	3.0	52.0	2393.0	0.0	0.0	0.0	2043.0	1103.0	28.0	0.0	1420.0	0.0	0.0	0.0	0.0	0.0	155.0	0.0	118.0	0.0	0.0	236.0	0.0	5.0	0.0	0.0	0.0	0.0	0.0	0.0	0.0	51.0	201.0	0.0	0.0	0.0	392.0	0.0	0.0	0.0	0.0	9.0	0.0	11.0	0.0	0.0	55.0	0.0	1749.0	119.0	0.0	0.0	1800.0	40.0	0.0	0.0	0.0	0.0	0.0	0.0	0.0	0.0	0.0	0.0	27.0	0.0	509.0	0.0	219.0	0.0	0.0	0.0	0.0	0.0	0.0	0.0	0.0	1265.0	0.0	0.0	0.0	0.0	22.0	0.0	0.0	0.0	0.0	0.0	9.0	0.0	0.0	0.0	0.0	553.0	0.0	0.0	0.0	0.0	0.0	0.0	0.0	0.0	0.0	0.0	0.0	4.0	0.0	0.0	0.0	0.0	0.0	0.0	0.0	0.0	0.0	0.0	0.0	0.0	0.0	0.0	88.0	0.0	0.0	0.0	0.0	0.0	0.0	0.0	0.0	0.0	24.0	57.0	0.0	0.0	0.0	2256.0	0.0	0.0	0.0	0.0	0.0	35.0	0.0	0.0	0.0	0.0	0.0	0.0	0.0	0.0	0.0	0.0	0.0	0.0	0.0	0.0	0.0	0.0	113.0	0.0	0.0	36.0	401.0	0.0	0.0	0.0	0.0	0.0	0.0	0.0	0.0	0.0	0.0	0.0	0.0	0.0	0.0	0.0	0.0	0.0	0.0	0.0	0.0	0.0	1024.0	0.0	0.0	0.0	0.0	0.0	0.0	0.0	0.0	0.0	0.0	0.0	0.0	0.0	0.0	0.0	0.0	0.0	0.0	0.0	0.0	0.0	0.0	0.0	0.0	0.0	0.0	0.0	0.0	0.0	0.0	0.0	0.0	0.0	0.0	0.0	0.0	0.0	0.0	0.0	0.0	0.0	0.0	0.0	0.0	0.0	0.0	0.0	0.0	0.0	0.0	0.0	0.0	22.0	0.0	0.0	0.0	0.0	0.0	0.0	0.0	0.0	0.0	0.0	0.0	0.0	0.0	0.0	0.0	0.0	0.0	0.0	0.0	0.0	0.0	0.0	0.0	0.0	0.0	0.0	0.0	0.0	0.0	0.0	0.0	0.0	0.0	0.0	0.0	0.0	0.0	0.0	0.0	0.0	0.0	0.0	0.0	0.0	0.0
SRR21723482	10.0	33.0	457.0	0.0	35.0	0.0	0.0	0.0	0.0	70.0	0.0	0.0	0.0	0.0	0.0	21.0	0.0	4.0	105.0	0.0	489.0	4.0	0.0	23.0	433.0	0.0	3.0	0.0	975.0	72.0	0.0	16.0	172.0	0.0	94.0	0.0	0.0	0.0	0.0	0.0	596.0	2.0	0.0	0.0	2076.0	342.0	22.0	0.0	455.0	0.0	14.0	0.0	0.0	0.0	0.0	0.0	53.0	0.0	0.0	49.0	0.0	12.0	0.0	0.0	0.0	0.0	0.0	0.0	0.0	0.0	170.0	0.0	0.0	0.0	126.0	0.0	0.0	0.0	0.0	0.0	0.0	0.0	0.0	0.0	0.0	0.0	7592.0	83.0	0.0	0.0	2747.0	14.0	0.0	0.0	0.0	0.0	0.0	0.0	0.0	0.0	0.0	0.0	11.0	0.0	133.0	0.0	0.0	0.0	0.0	0.0	0.0	0.0	0.0	0.0	0.0	307.0	0.0	0.0	0.0	0.0	0.0	0.0	0.0	0.0	0.0	0.0	14.0	0.0	0.0	73.0	0.0	144.0	0.0	0.0	0.0	0.0	0.0	0.0	0.0	0.0	0.0	0.0	0.0	0.0	0.0	0.0	15.0	0.0	0.0	0.0	0.0	0.0	0.0	0.0	0.0	0.0	0.0	0.0	0.0	0.0	0.0	0.0	0.0	0.0	0.0	0.0	0.0	0.0	0.0	84.0	0.0	0.0	0.0	858.0	0.0	0.0	0.0	0.0	0.0	0.0	0.0	0.0	0.0	0.0	0.0	0.0	0.0	0.0	0.0	0.0	0.0	0.0	0.0	0.0	0.0	0.0	24.0	0.0	0.0	0.0	186.0	0.0	0.0	0.0	0.0	0.0	0.0	0.0	0.0	0.0	0.0	0.0	0.0	0.0	0.0	0.0	0.0	0.0	0.0	0.0	0.0	0.0	181.0	0.0	0.0	0.0	0.0	0.0	0.0	0.0	0.0	0.0	0.0	0.0	0.0	0.0	0.0	0.0	0.0	0.0	0.0	0.0	0.0	0.0	0.0	0.0	0.0	0.0	0.0	0.0	0.0	0.0	0.0	0.0	0.0	0.0	0.0	0.0	0.0	0.0	0.0	0.0	0.0	0.0	0.0	0.0	0.0	0.0	0.0	0.0	0.0	0.0	0.0	0.0	0.0	0.0	0.0	0.0	0.0	0.0	0.0	0.0	0.0	0.0	0.0	0.0	0.0	0.0	0.0	0.0	0.0	0.0	0.0	0.0	0.0	0.0	0.0	0.0	0.0	0.0	0.0	0.0	0.0	0.0	0.0	0.0	0.0	0.0	0.0	0.0	0.0	0.0	0.0	0.0	0.0	0.0	0.0	0.0	0.0	0.0	0.0
SRR21723483	1578.0	75.0	323.0	0.0	171.0	0.0	3.0	0.0	19.0	768.0	250.0	108.0	0.0	7.0	18.0	2341.0	270.0	39.0	90.0	0.0	498.0	145.0	3.0	12.0	1754.0	150.0	38.0	301.0	943.0	46.0	9.0	0.0	114.0	0.0	726.0	5.0	9.0	61.0	0.0	242.0	1468.0	33.0	0.0	0.0	42.0	97.0	152.0	3.0	389.0	120.0	1095.0	0.0	4.0	2.0	229.0	0.0	389.0	0.0	0.0	297.0	0.0	0.0	0.0	17.0	37.0	34.0	93.0	0.0	0.0	343.0	142.0	0.0	5.0	0.0	187.0	0.0	0.0	2.0	0.0	0.0	0.0	0.0	0.0	0.0	0.0	9.0	174.0	144.0	9.0	0.0	89.0	57.0	0.0	648.0	55.0	0.0	0.0	4.0	0.0	0.0	0.0	0.0	90.0	578.0	66.0	5.0	75.0	0.0	10.0	0.0	0.0	0.0	0.0	18.0	0.0	120.0	0.0	0.0	135.0	10.0	0.0	0.0	42.0	0.0	0.0	0.0	77.0	0.0	0.0	8.0	0.0	271.0	2.0	0.0	3.0	0.0	0.0	14.0	0.0	0.0	48.0	5.0	10.0	0.0	20.0	0.0	6.0	0.0	0.0	0.0	0.0	0.0	0.0	0.0	0.0	0.0	0.0	0.0	6.0	0.0	44.0	0.0	0.0	0.0	0.0	0.0	0.0	0.0	0.0	42.0	0.0	0.0	0.0	385.0	0.0	0.0	0.0	0.0	10.0	0.0	0.0	0.0	36.0	0.0	0.0	0.0	0.0	0.0	0.0	0.0	0.0	0.0	3.0	9.0	0.0	0.0	0.0	0.0	0.0	19.0	91.0	0.0	0.0	4.0	0.0	0.0	0.0	0.0	0.0	0.0	0.0	2.0	0.0	0.0	0.0	0.0	0.0	0.0	0.0	0.0	0.0	0.0	104.0	0.0	0.0	0.0	0.0	0.0	0.0	0.0	0.0	0.0	0.0	0.0	0.0	0.0	0.0	0.0	0.0	0.0	0.0	0.0	0.0	0.0	0.0	0.0	0.0	0.0	0.0	0.0	0.0	0.0	0.0	0.0	0.0	0.0	0.0	0.0	0.0	0.0	0.0	0.0	0.0	0.0	0.0	0.0	0.0	0.0	0.0	0.0	0.0	0.0	0.0	0.0	0.0	0.0	0.0	0.0	0.0	0.0	0.0	0.0	0.0	0.0	0.0	0.0	0.0	0.0	0.0	0.0	0.0	0.0	0.0	0.0	0.0	0.0	0.0	0.0	0.0	0.0	0.0	0.0	0.0	0.0	0.0	0.0	0.0	0.0	0.0	0.0	0.0	0.0	0.0	0.0	0.0	0.0	0.0	0.0	0.0	0.0	0.0
SRR21723484	580.0	61.0	916.0	0.0	70.0	0.0	3.0	0.0	75.0	420.0	69.0	146.0	0.0	4.0	27.0	999.0	63.0	27.0	18.0	33.0	497.0	104.0	2.0	19.0	661.0	226.0	2.0	193.0	1386.0	0.0	0.0	12.0	305.0	0.0	568.0	0.0	0.0	0.0	0.0	293.0	2283.0	2.0	9.0	0.0	20.0	434.0	72.0	5.0	365.0	0.0	272.0	0.0	5.0	0.0	293.0	0.0	644.0	0.0	0.0	378.0	0.0	7.0	0.0	13.0	22.0	0.0	25.0	0.0	0.0	173.0	178.0	4.0	0.0	3.0	359.0	0.0	0.0	3.0	0.0	0.0	0.0	3.0	0.0	3.0	63.0	0.0	106.0	47.0	0.0	0.0	474.0	72.0	0.0	170.0	12.0	0.0	0.0	0.0	0.0	2.0	0.0	0.0	5.0	121.0	71.0	0.0	76.0	0.0	2.0	0.0	0.0	0.0	0.0	0.0	12.0	586.0	0.0	0.0	90.0	0.0	0.0	0.0	45.0	0.0	0.0	0.0	22.0	0.0	0.0	2.0	0.0	439.0	0.0	0.0	0.0	0.0	0.0	0.0	0.0	0.0	5.0	0.0	0.0	0.0	3.0	0.0	0.0	0.0	0.0	0.0	0.0	0.0	0.0	0.0	0.0	0.0	0.0	0.0	0.0	0.0	37.0	0.0	0.0	0.0	0.0	0.0	0.0	0.0	0.0	38.0	0.0	4.0	0.0	69.0	0.0	0.0	0.0	0.0	0.0	49.0	0.0	0.0	0.0	0.0	0.0	0.0	0.0	0.0	9.0	0.0	0.0	0.0	0.0	0.0	0.0	0.0	0.0	0.0	0.0	0.0	203.0	0.0	0.0	0.0	0.0	0.0	0.0	0.0	0.0	0.0	0.0	0.0	0.0	0.0	0.0	0.0	0.0	0.0	0.0	0.0	0.0	0.0	153.0	0.0	0.0	0.0	0.0	0.0	0.0	0.0	8.0	0.0	0.0	0.0	2.0	0.0	0.0	0.0	0.0	0.0	0.0	0.0	0.0	0.0	0.0	0.0	0.0	0.0	0.0	0.0	0.0	0.0	0.0	0.0	0.0	0.0	0.0	0.0	0.0	0.0	0.0	0.0	0.0	0.0	0.0	0.0	0.0	0.0	0.0	0.0	0.0	0.0	0.0	0.0	0.0	0.0	0.0	0.0	0.0	0.0	0.0	0.0	0.0	0.0	0.0	0.0	3.0	0.0	0.0	0.0	0.0	0.0	0.0	0.0	0.0	0.0	0.0	0.0	0.0	0.0	0.0	0.0	0.0	0.0	0.0	0.0	0.0	0.0	2.0	0.0	0.0	0.0	0.0	0.0	0.0	0.0	0.0	0.0	0.0	0.0	0.0
SRR21723485	31.0	42.0	958.0	0.0	65.0	0.0	0.0	0.0	8.0	154.0	9.0	88.0	0.0	12.0	0.0	96.0	0.0	0.0	380.0	0.0	685.0	9.0	5.0	316.0	1310.0	67.0	0.0	0.0	1519.0	108.0	0.0	0.0	1483.0	0.0	299.0	0.0	0.0	195.0	0.0	61.0	3362.0	0.0	0.0	0.0	2918.0	1182.0	0.0	0.0	1666.0	0.0	41.0	0.0	0.0	0.0	129.0	0.0	202.0	0.0	0.0	219.0	0.0	3.0	0.0	0.0	0.0	21.0	18.0	0.0	0.0	46.0	302.0	2.0	0.0	0.0	646.0	0.0	0.0	0.0	0.0	0.0	0.0	10.0	0.0	0.0	0.0	0.0	2547.0	126.0	0.0	0.0	2559.0	33.0	0.0	8.0	0.0	0.0	0.0	0.0	0.0	0.0	0.0	0.0	0.0	0.0	604.0	0.0	257.0	0.0	0.0	0.0	0.0	0.0	0.0	0.0	11.0	1376.0	0.0	0.0	15.0	0.0	0.0	0.0	0.0	0.0	0.0	6.0	0.0	0.0	0.0	37.0	0.0	707.0	0.0	0.0	0.0	0.0	0.0	0.0	0.0	0.0	0.0	0.0	0.0	0.0	0.0	0.0	17.0	0.0	0.0	0.0	0.0	0.0	0.0	0.0	0.0	0.0	0.0	0.0	30.0	0.0	0.0	0.0	0.0	0.0	0.0	0.0	0.0	0.0	0.0	55.0	0.0	0.0	0.0	2878.0	0.0	0.0	0.0	0.0	0.0	0.0	0.0	0.0	0.0	0.0	0.0	0.0	0.0	0.0	23.0	0.0	0.0	0.0	0.0	9.0	0.0	0.0	137.0	0.0	0.0	27.0	466.0	0.0	0.0	0.0	0.0	0.0	0.0	0.0	0.0	0.0	0.0	0.0	0.0	0.0	0.0	0.0	0.0	0.0	0.0	0.0	0.0	0.0	807.0	0.0	0.0	0.0	0.0	0.0	0.0	0.0	0.0	0.0	0.0	0.0	0.0	0.0	0.0	0.0	0.0	0.0	0.0	20.0	0.0	0.0	0.0	0.0	0.0	0.0	0.0	0.0	0.0	0.0	0.0	0.0	0.0	0.0	0.0	0.0	0.0	0.0	0.0	0.0	0.0	0.0	0.0	0.0	0.0	0.0	0.0	0.0	0.0	0.0	0.0	0.0	0.0	219.0	0.0	0.0	0.0	0.0	0.0	0.0	0.0	0.0	0.0	0.0	0.0	0.0	0.0	0.0	0.0	0.0	0.0	0.0	0.0	0.0	0.0	0.0	0.0	0.0	0.0	0.0	0.0	0.0	0.0	0.0	0.0	0.0	0.0	0.0	0.0	0.0	0.0	0.0	0.0	0.0	0.0	0.0	0.0	0.0	0.0
SRR21723486	16.0	30.0	419.0	0.0	37.0	0.0	0.0	0.0	0.0	164.0	8.0	63.0	0.0	0.0	0.0	67.0	0.0	0.0	126.0	0.0	910.0	0.0	0.0	531.0	614.0	67.0	7.0	5.0	1409.0	256.0	0.0	5.0	1336.0	0.0	205.0	0.0	0.0	696.0	0.0	37.0	2147.0	0.0	0.0	0.0	2425.0	1160.0	14.0	0.0	592.0	0.0	62.0	0.0	0.0	0.0	181.0	0.0	196.0	0.0	0.0	202.0	0.0	0.0	0.0	0.0	0.0	0.0	2.0	0.0	0.0	0.0	296.0	3.0	0.0	0.0	359.0	0.0	0.0	0.0	0.0	0.0	0.0	11.0	0.0	0.0	62.0	0.0	2392.0	129.0	0.0	0.0	3257.0	14.0	0.0	0.0	0.0	0.0	0.0	0.0	0.0	0.0	0.0	0.0	30.0	0.0	250.0	0.0	125.0	0.0	0.0	0.0	0.0	0.0	0.0	0.0	0.0	824.0	0.0	0.0	17.0	0.0	0.0	0.0	0.0	0.0	0.0	0.0	0.0	0.0	0.0	23.0	0.0	519.0	4.0	0.0	0.0	0.0	0.0	0.0	0.0	0.0	0.0	0.0	0.0	0.0	0.0	0.0	47.0	0.0	0.0	0.0	0.0	0.0	0.0	0.0	0.0	0.0	0.0	0.0	106.0	0.0	0.0	0.0	0.0	0.0	0.0	0.0	0.0	0.0	18.0	161.0	0.0	0.0	0.0	1692.0	0.0	0.0	0.0	0.0	0.0	0.0	0.0	0.0	0.0	0.0	0.0	0.0	0.0	0.0	0.0	0.0	0.0	0.0	0.0	0.0	0.0	40.0	145.0	0.0	0.0	54.0	306.0	0.0	0.0	0.0	0.0	0.0	0.0	0.0	0.0	0.0	0.0	0.0	0.0	0.0	0.0	0.0	0.0	0.0	0.0	0.0	0.0	0.0	943.0	0.0	0.0	0.0	0.0	0.0	0.0	0.0	0.0	0.0	0.0	0.0	0.0	0.0	0.0	0.0	0.0	0.0	0.0	0.0	0.0	0.0	0.0	0.0	0.0	0.0	0.0	0.0	0.0	0.0	0.0	0.0	0.0	0.0	0.0	0.0	0.0	0.0	0.0	0.0	0.0	0.0	0.0	0.0	0.0	0.0	0.0	0.0	0.0	0.0	0.0	0.0	0.0	0.0	0.0	0.0	0.0	0.0	44.0	0.0	0.0	0.0	0.0	0.0	0.0	0.0	0.0	0.0	0.0	0.0	0.0	0.0	0.0	0.0	0.0	0.0	0.0	0.0	0.0	0.0	0.0	0.0	0.0	0.0	0.0	0.0	0.0	0.0	0.0	0.0	0.0	0.0	0.0	0.0	0.0	0.0	0.0	0.0	0.0
SRR21723487	27.0	52.0	1008.0	0.0	104.0	0.0	0.0	0.0	0.0	103.0	0.0	35.0	0.0	12.0	0.0	102.0	0.0	2.0	534.0	0.0	911.0	0.0	0.0	515.0	1275.0	94.0	0.0	0.0	1081.0	151.0	0.0	6.0	1475.0	0.0	144.0	10.0	0.0	329.0	0.0	92.0	3137.0	0.0	49.0	0.0	2079.0	1015.0	0.0	0.0	1430.0	0.0	37.0	0.0	0.0	0.0	314.0	0.0	235.0	0.0	0.0	533.0	0.0	0.0	0.0	0.0	0.0	0.0	0.0	0.0	0.0	33.0	322.0	0.0	0.0	0.0	347.0	0.0	0.0	0.0	0.0	11.0	0.0	0.0	0.0	0.0	86.0	0.0	2156.0	35.0	0.0	0.0	1291.0	42.0	0.0	0.0	3.0	0.0	0.0	0.0	0.0	0.0	0.0	0.0	0.0	0.0	529.0	0.0	438.0	0.0	0.0	0.0	0.0	0.0	0.0	0.0	0.0	1304.0	0.0	0.0	0.0	0.0	0.0	0.0	0.0	0.0	0.0	0.0	20.0	0.0	0.0	43.0	0.0	663.0	0.0	0.0	0.0	0.0	0.0	0.0	0.0	0.0	0.0	0.0	0.0	0.0	0.0	0.0	7.0	0.0	0.0	0.0	0.0	0.0	0.0	0.0	0.0	0.0	0.0	0.0	41.0	0.0	0.0	8.0	0.0	0.0	0.0	0.0	0.0	0.0	8.0	95.0	0.0	0.0	0.0	2537.0	0.0	0.0	0.0	0.0	0.0	0.0	0.0	0.0	0.0	0.0	0.0	0.0	0.0	0.0	0.0	0.0	0.0	0.0	0.0	0.0	0.0	0.0	52.0	0.0	0.0	58.0	315.0	0.0	0.0	0.0	0.0	0.0	0.0	0.0	0.0	0.0	0.0	0.0	0.0	0.0	0.0	0.0	0.0	0.0	0.0	0.0	0.0	0.0	1366.0	0.0	0.0	0.0	0.0	0.0	0.0	0.0	0.0	0.0	0.0	0.0	0.0	0.0	0.0	0.0	2.0	0.0	0.0	0.0	0.0	0.0	0.0	0.0	0.0	0.0	0.0	0.0	0.0	0.0	0.0	0.0	0.0	0.0	0.0	0.0	0.0	0.0	0.0	0.0	0.0	0.0	0.0	0.0	0.0	0.0	0.0	0.0	0.0	0.0	0.0	0.0	0.0	0.0	0.0	0.0	0.0	0.0	0.0	0.0	0.0	0.0	0.0	0.0	0.0	0.0	0.0	0.0	0.0	0.0	0.0	0.0	0.0	0.0	0.0	0.0	0.0	0.0	0.0	0.0	0.0	0.0	0.0	0.0	0.0	0.0	0.0	0.0	0.0	0.0	0.0	0.0	0.0	0.0	0.0	0.0	0.0	0.0	0.0
SRR21723489	0.0	0.0	283.0	0.0	51.0	0.0	0.0	0.0	8.0	11.0	0.0	26.0	0.0	0.0	0.0	7.0	0.0	0.0	105.0	0.0	185.0	0.0	0.0	453.0	198.0	88.0	0.0	0.0	566.0	35.0	0.0	8.0	1959.0	0.0	49.0	0.0	0.0	291.0	0.0	44.0	1008.0	4.0	0.0	0.0	664.0	1490.0	8.0	0.0	351.0	0.0	0.0	0.0	0.0	0.0	157.0	0.0	85.0	0.0	0.0	217.0	0.0	0.0	0.0	0.0	0.0	0.0	0.0	0.0	0.0	0.0	244.0	0.0	0.0	0.0	160.0	0.0	0.0	0.0	0.0	0.0	0.0	0.0	0.0	0.0	131.0	0.0	3674.0	83.0	0.0	0.0	1548.0	0.0	0.0	0.0	0.0	0.0	0.0	0.0	0.0	0.0	0.0	0.0	0.0	0.0	132.0	0.0	58.0	0.0	0.0	0.0	0.0	0.0	0.0	0.0	0.0	1671.0	0.0	0.0	24.0	0.0	0.0	0.0	0.0	0.0	0.0	0.0	0.0	0.0	0.0	27.0	0.0	145.0	0.0	0.0	0.0	0.0	0.0	0.0	0.0	0.0	0.0	0.0	0.0	0.0	0.0	0.0	0.0	0.0	0.0	0.0	0.0	0.0	0.0	0.0	0.0	0.0	0.0	0.0	0.0	0.0	0.0	0.0	0.0	0.0	0.0	0.0	0.0	0.0	19.0	111.0	0.0	0.0	0.0	1013.0	0.0	0.0	0.0	0.0	0.0	0.0	0.0	0.0	0.0	14.0	0.0	0.0	0.0	0.0	0.0	0.0	0.0	0.0	0.0	0.0	0.0	0.0	0.0	0.0	0.0	62.0	152.0	0.0	0.0	0.0	0.0	0.0	0.0	0.0	0.0	0.0	0.0	0.0	0.0	0.0	0.0	0.0	0.0	0.0	0.0	0.0	0.0	0.0	1064.0	0.0	0.0	0.0	0.0	0.0	0.0	0.0	0.0	0.0	0.0	0.0	0.0	0.0	0.0	0.0	0.0	0.0	0.0	0.0	0.0	0.0	0.0	0.0	0.0	0.0	0.0	0.0	0.0	0.0	0.0	0.0	0.0	0.0	0.0	0.0	0.0	0.0	0.0	0.0	0.0	0.0	0.0	0.0	0.0	0.0	0.0	0.0	0.0	0.0	0.0	0.0	0.0	0.0	0.0	0.0	0.0	0.0	0.0	0.0	0.0	0.0	0.0	0.0	0.0	0.0	0.0	0.0	0.0	0.0	0.0	0.0	0.0	0.0	0.0	0.0	0.0	0.0	0.0	0.0	0.0	0.0	0.0	0.0	0.0	0.0	0.0	0.0	0.0	0.0	0.0	0.0	0.0	0.0	0.0	0.0	0.0	0.0	0.0
SRR21723490	213.0	838.0	2205.0	0.0	129.0	0.0	0.0	0.0	0.0	342.0	0.0	273.0	2.0	21.0	15.0	125.0	0.0	109.0	1527.0	0.0	2780.0	10.0	14.0	280.0	1256.0	277.0	0.0	14.0	3435.0	151.0	0.0	22.0	779.0	0.0	515.0	76.0	0.0	738.0	0.0	26.0	5828.0	2.0	23.0	2.0	6234.0	3457.0	0.0	135.0	2191.0	0.0	37.0	0.0	27.0	0.0	53.0	0.0	145.0	0.0	0.0	80.0	0.0	23.0	0.0	0.0	0.0	0.0	3.0	0.0	11.0	183.0	444.0	0.0	0.0	0.0	915.0	0.0	0.0	0.0	0.0	5.0	0.0	103.0	0.0	0.0	0.0	0.0	1712.0	77.0	0.0	0.0	2560.0	50.0	0.0	33.0	0.0	0.0	0.0	0.0	0.0	0.0	0.0	0.0	0.0	72.0	2173.0	0.0	70.0	2.0	0.0	0.0	0.0	0.0	0.0	0.0	0.0	554.0	0.0	0.0	119.0	65.0	0.0	0.0	2.0	0.0	0.0	14.0	117.0	0.0	0.0	0.0	0.0	188.0	2.0	0.0	0.0	6.0	0.0	0.0	0.0	0.0	0.0	0.0	86.0	0.0	0.0	0.0	488.0	14.0	0.0	0.0	0.0	0.0	0.0	0.0	0.0	0.0	10.0	0.0	111.0	0.0	0.0	0.0	0.0	0.0	0.0	0.0	0.0	0.0	100.0	126.0	0.0	38.0	0.0	511.0	0.0	0.0	5.0	6.0	0.0	0.0	0.0	64.0	0.0	0.0	0.0	0.0	0.0	0.0	78.0	0.0	0.0	0.0	0.0	0.0	0.0	0.0	150.0	0.0	0.0	0.0	732.0	0.0	0.0	0.0	0.0	0.0	0.0	0.0	0.0	0.0	0.0	0.0	0.0	0.0	0.0	0.0	0.0	0.0	0.0	0.0	0.0	0.0	121.0	0.0	0.0	0.0	0.0	0.0	0.0	0.0	0.0	0.0	0.0	0.0	0.0	0.0	0.0	0.0	0.0	0.0	0.0	10.0	0.0	0.0	0.0	0.0	0.0	0.0	0.0	0.0	0.0	0.0	0.0	0.0	0.0	0.0	0.0	0.0	0.0	0.0	0.0	0.0	0.0	0.0	0.0	0.0	0.0	0.0	0.0	0.0	0.0	0.0	0.0	0.0	0.0	20.0	0.0	0.0	0.0	0.0	0.0	0.0	0.0	0.0	0.0	0.0	0.0	0.0	0.0	0.0	0.0	0.0	0.0	0.0	0.0	0.0	0.0	0.0	0.0	0.0	0.0	0.0	0.0	0.0	0.0	0.0	0.0	0.0	0.0	0.0	0.0	0.0	0.0	0.0	0.0	0.0	0.0	0.0	0.0	0.0	0.0
SRR21723493	17.0	116.0	1209.0	0.0	40.0	0.0	0.0	0.0	0.0	38.0	3.0	56.0	0.0	4.0	0.0	14.0	0.0	16.0	401.0	0.0	654.0	0.0	0.0	70.0	608.0	0.0	0.0	14.0	1341.0	87.0	0.0	7.0	325.0	0.0	195.0	8.0	2.0	762.0	0.0	3.0	2247.0	0.0	49.0	0.0	2407.0	1400.0	0.0	6.0	955.0	0.0	12.0	0.0	0.0	0.0	0.0	0.0	73.0	0.0	0.0	23.0	0.0	19.0	0.0	0.0	0.0	0.0	0.0	0.0	0.0	0.0	83.0	0.0	0.0	0.0	273.0	0.0	0.0	0.0	0.0	0.0	0.0	0.0	0.0	0.0	0.0	0.0	887.0	13.0	0.0	0.0	1474.0	23.0	0.0	0.0	0.0	0.0	0.0	0.0	0.0	0.0	0.0	0.0	0.0	0.0	782.0	0.0	104.0	0.0	0.0	0.0	0.0	0.0	0.0	0.0	0.0	404.0	0.0	0.0	0.0	6.0	0.0	0.0	0.0	0.0	0.0	0.0	48.0	0.0	0.0	48.0	0.0	0.0	0.0	0.0	0.0	0.0	0.0	0.0	0.0	0.0	0.0	0.0	0.0	0.0	0.0	0.0	87.0	0.0	0.0	0.0	0.0	0.0	0.0	0.0	0.0	0.0	0.0	0.0	128.0	0.0	0.0	7.0	0.0	0.0	0.0	0.0	0.0	0.0	13.0	37.0	0.0	0.0	0.0	835.0	0.0	0.0	0.0	0.0	0.0	0.0	0.0	3.0	0.0	0.0	0.0	0.0	0.0	0.0	0.0	0.0	0.0	0.0	0.0	0.0	0.0	0.0	70.0	0.0	0.0	0.0	362.0	0.0	0.0	0.0	0.0	0.0	0.0	0.0	0.0	0.0	0.0	0.0	0.0	0.0	0.0	0.0	0.0	0.0	0.0	0.0	0.0	0.0	85.0	0.0	0.0	0.0	0.0	0.0	0.0	0.0	0.0	0.0	0.0	0.0	0.0	0.0	0.0	0.0	0.0	0.0	0.0	0.0	0.0	0.0	0.0	0.0	0.0	0.0	0.0	0.0	0.0	0.0	0.0	0.0	0.0	0.0	0.0	0.0	0.0	0.0	0.0	0.0	0.0	0.0	0.0	0.0	0.0	0.0	0.0	0.0	0.0	0.0	0.0	0.0	0.0	0.0	0.0	0.0	0.0	0.0	0.0	0.0	0.0	0.0	0.0	0.0	0.0	0.0	0.0	0.0	0.0	0.0	0.0	0.0	0.0	0.0	0.0	0.0	0.0	0.0	0.0	0.0	0.0	0.0	0.0	0.0	0.0	0.0	0.0	0.0	0.0	0.0	0.0	0.0	0.0	0.0	0.0	0.0	0.0	0.0	0.0
SRR21723494	31.0	41.0	493.0	0.0	82.0	0.0	0.0	0.0	0.0	79.0	0.0	39.0	0.0	3.0	6.0	163.0	0.0	9.0	186.0	0.0	438.0	0.0	0.0	69.0	994.0	32.0	0.0	20.0	1103.0	113.0	0.0	10.0	1326.0	0.0	114.0	0.0	0.0	851.0	0.0	0.0	2358.0	0.0	0.0	0.0	2122.0	590.0	30.0	0.0	907.0	0.0	69.0	0.0	0.0	0.0	83.0	0.0	64.0	0.0	0.0	189.0	0.0	0.0	0.0	0.0	0.0	0.0	0.0	0.0	0.0	65.0	194.0	0.0	0.0	0.0	555.0	0.0	0.0	0.0	0.0	0.0	0.0	6.0	0.0	0.0	19.0	0.0	1790.0	209.0	0.0	0.0	2519.0	21.0	0.0	0.0	0.0	0.0	0.0	0.0	0.0	0.0	0.0	0.0	0.0	0.0	255.0	0.0	216.0	0.0	0.0	0.0	0.0	0.0	0.0	0.0	0.0	1053.0	0.0	0.0	12.0	0.0	0.0	0.0	0.0	0.0	0.0	0.0	23.0	0.0	0.0	0.0	0.0	318.0	0.0	0.0	0.0	0.0	0.0	0.0	0.0	0.0	0.0	0.0	0.0	12.0	0.0	0.0	0.0	0.0	0.0	0.0	0.0	0.0	0.0	0.0	0.0	0.0	0.0	0.0	36.0	0.0	0.0	0.0	0.0	0.0	0.0	0.0	0.0	0.0	0.0	0.0	0.0	0.0	0.0	2455.0	0.0	0.0	0.0	0.0	0.0	30.0	0.0	0.0	0.0	0.0	0.0	0.0	0.0	0.0	0.0	0.0	0.0	0.0	0.0	0.0	0.0	0.0	110.0	0.0	0.0	0.0	446.0	0.0	0.0	0.0	0.0	0.0	0.0	0.0	0.0	0.0	0.0	0.0	0.0	0.0	0.0	0.0	0.0	0.0	0.0	0.0	0.0	0.0	693.0	0.0	0.0	0.0	0.0	0.0	0.0	0.0	0.0	0.0	0.0	0.0	0.0	0.0	0.0	0.0	0.0	0.0	0.0	0.0	0.0	0.0	0.0	0.0	0.0	0.0	0.0	0.0	0.0	0.0	0.0	0.0	0.0	0.0	0.0	0.0	0.0	0.0	0.0	0.0	0.0	0.0	0.0	0.0	0.0	0.0	0.0	0.0	0.0	0.0	0.0	0.0	0.0	0.0	0.0	0.0	0.0	0.0	0.0	0.0	0.0	0.0	0.0	0.0	0.0	0.0	0.0	0.0	0.0	0.0	0.0	0.0	0.0	0.0	0.0	0.0	0.0	0.0	0.0	0.0	0.0	0.0	0.0	0.0	0.0	0.0	0.0	0.0	0.0	0.0	0.0	0.0	0.0	0.0	0.0	0.0	0.0	0.0	0.0
SRR21723496	71.0	13.0	892.0	0.0	139.0	0.0	0.0	0.0	0.0	115.0	0.0	103.0	0.0	17.0	42.0	31.0	0.0	25.0	62.0	24.0	340.0	41.0	0.0	194.0	723.0	39.0	0.0	24.0	964.0	36.0	0.0	106.0	368.0	0.0	44.0	26.0	0.0	78.0	0.0	80.0	2250.0	10.0	0.0	0.0	2103.0	519.0	23.0	6.0	531.0	0.0	0.0	0.0	21.0	0.0	7.0	0.0	60.0	0.0	0.0	112.0	0.0	31.0	0.0	0.0	0.0	0.0	0.0	0.0	0.0	0.0	409.0	0.0	0.0	0.0	91.0	0.0	0.0	0.0	0.0	0.0	0.0	188.0	0.0	0.0	0.0	0.0	1223.0	218.0	0.0	0.0	1744.0	0.0	26.0	0.0	0.0	0.0	0.0	0.0	0.0	0.0	0.0	0.0	0.0	0.0	332.0	30.0	0.0	0.0	0.0	0.0	0.0	0.0	0.0	0.0	24.0	395.0	0.0	0.0	82.0	0.0	0.0	0.0	0.0	0.0	0.0	0.0	0.0	0.0	0.0	187.0	0.0	54.0	0.0	0.0	0.0	0.0	0.0	0.0	0.0	0.0	0.0	0.0	0.0	42.0	0.0	0.0	0.0	0.0	0.0	0.0	0.0	0.0	0.0	0.0	0.0	0.0	0.0	0.0	11.0	0.0	28.0	0.0	0.0	0.0	0.0	0.0	0.0	0.0	42.0	11.0	0.0	0.0	0.0	1837.0	0.0	0.0	0.0	0.0	0.0	0.0	0.0	0.0	0.0	22.0	0.0	0.0	0.0	0.0	0.0	0.0	0.0	0.0	0.0	0.0	0.0	0.0	59.0	0.0	0.0	0.0	416.0	0.0	0.0	0.0	0.0	0.0	0.0	0.0	0.0	0.0	0.0	0.0	0.0	0.0	0.0	0.0	0.0	0.0	0.0	0.0	0.0	0.0	92.0	0.0	0.0	0.0	0.0	0.0	0.0	0.0	0.0	0.0	0.0	0.0	0.0	20.0	12.0	0.0	0.0	0.0	0.0	0.0	0.0	0.0	0.0	0.0	0.0	0.0	0.0	0.0	0.0	0.0	0.0	0.0	0.0	0.0	0.0	0.0	0.0	0.0	0.0	0.0	0.0	0.0	0.0	0.0	0.0	0.0	0.0	0.0	0.0	0.0	0.0	0.0	0.0	0.0	0.0	0.0	0.0	0.0	12.0	0.0	0.0	0.0	0.0	0.0	0.0	0.0	0.0	0.0	0.0	0.0	0.0	0.0	0.0	0.0	0.0	0.0	0.0	0.0	0.0	0.0	0.0	0.0	0.0	0.0	0.0	0.0	0.0	0.0	0.0	0.0	0.0	0.0	0.0	0.0	0.0	0.0	0.0	0.0	0.0
SRR21723497	41.0	86.0	878.0	0.0	62.0	0.0	0.0	0.0	12.0	107.0	0.0	117.0	0.0	0.0	2.0	21.0	0.0	22.0	154.0	6.0	1260.0	0.0	35.0	257.0	535.0	37.0	0.0	8.0	1103.0	0.0	0.0	17.0	261.0	0.0	82.0	0.0	0.0	333.0	0.0	7.0	949.0	0.0	31.0	0.0	2199.0	1482.0	29.0	7.0	563.0	0.0	0.0	0.0	0.0	0.0	14.0	0.0	61.0	0.0	0.0	0.0	0.0	7.0	0.0	0.0	0.0	0.0	11.0	0.0	0.0	38.0	212.0	0.0	0.0	0.0	250.0	0.0	0.0	0.0	0.0	6.0	0.0	37.0	0.0	0.0	0.0	0.0	767.0	198.0	0.0	0.0	1577.0	0.0	0.0	0.0	0.0	0.0	0.0	0.0	0.0	0.0	0.0	0.0	0.0	48.0	218.0	0.0	0.0	0.0	0.0	0.0	0.0	0.0	0.0	0.0	0.0	79.0	0.0	0.0	55.0	0.0	0.0	0.0	2.0	0.0	0.0	0.0	0.0	0.0	0.0	23.0	0.0	37.0	0.0	0.0	0.0	0.0	0.0	0.0	0.0	0.0	0.0	0.0	0.0	0.0	0.0	0.0	68.0	0.0	0.0	0.0	0.0	0.0	0.0	0.0	0.0	0.0	0.0	0.0	0.0	0.0	0.0	0.0	0.0	0.0	0.0	0.0	0.0	0.0	27.0	35.0	0.0	0.0	0.0	451.0	0.0	0.0	0.0	0.0	0.0	19.0	0.0	0.0	0.0	0.0	0.0	0.0	0.0	0.0	0.0	0.0	0.0	0.0	0.0	0.0	0.0	0.0	53.0	0.0	0.0	0.0	285.0	0.0	0.0	0.0	0.0	0.0	0.0	0.0	0.0	0.0	0.0	0.0	0.0	0.0	0.0	0.0	0.0	0.0	0.0	0.0	0.0	0.0	0.0	0.0	0.0	0.0	0.0	0.0	0.0	0.0	0.0	0.0	0.0	0.0	0.0	0.0	0.0	0.0	0.0	0.0	0.0	0.0	0.0	0.0	0.0	0.0	0.0	0.0	0.0	0.0	0.0	0.0	0.0	0.0	0.0	0.0	0.0	0.0	0.0	0.0	0.0	0.0	0.0	0.0	0.0	0.0	0.0	0.0	0.0	0.0	0.0	0.0	0.0	0.0	0.0	0.0	0.0	0.0	0.0	0.0	0.0	0.0	0.0	0.0	0.0	0.0	0.0	0.0	0.0	0.0	0.0	0.0	0.0	0.0	0.0	0.0	0.0	0.0	0.0	0.0	0.0	0.0	0.0	0.0	0.0	0.0	0.0	0.0	0.0	0.0	0.0	0.0	0.0	0.0	0.0	0.0	0.0	0.0	0.0	0.0	0.0
SRR21723498	4.0	4.0	359.0	0.0	60.0	0.0	0.0	0.0	6.0	24.0	0.0	24.0	0.0	0.0	0.0	0.0	0.0	0.0	45.0	0.0	42.0	0.0	0.0	81.0	160.0	0.0	0.0	0.0	73.0	0.0	0.0	12.0	988.0	0.0	44.0	0.0	0.0	0.0	0.0	13.0	470.0	0.0	0.0	0.0	263.0	39.0	16.0	0.0	27.0	0.0	28.0	0.0	0.0	0.0	157.0	0.0	34.0	0.0	0.0	347.0	0.0	0.0	0.0	0.0	0.0	0.0	0.0	0.0	0.0	0.0	178.0	0.0	0.0	0.0	76.0	0.0	0.0	0.0	0.0	0.0	0.0	5.0	0.0	0.0	100.0	0.0	72.0	47.0	0.0	0.0	965.0	4.0	0.0	0.0	0.0	0.0	0.0	0.0	0.0	0.0	0.0	0.0	0.0	0.0	22.0	0.0	29.0	0.0	0.0	0.0	0.0	0.0	0.0	0.0	0.0	1663.0	0.0	0.0	53.0	0.0	0.0	0.0	0.0	0.0	0.0	0.0	0.0	0.0	0.0	13.0	0.0	0.0	0.0	0.0	0.0	0.0	0.0	0.0	0.0	0.0	0.0	0.0	0.0	0.0	0.0	0.0	0.0	0.0	0.0	0.0	0.0	0.0	0.0	0.0	0.0	0.0	0.0	0.0	0.0	0.0	0.0	0.0	0.0	0.0	0.0	0.0	0.0	0.0	0.0	15.0	0.0	0.0	0.0	1298.0	0.0	0.0	0.0	0.0	0.0	0.0	0.0	0.0	0.0	0.0	0.0	0.0	0.0	0.0	0.0	0.0	0.0	0.0	0.0	0.0	0.0	0.0	0.0	0.0	0.0	29.0	114.0	0.0	0.0	0.0	0.0	0.0	0.0	0.0	0.0	0.0	0.0	0.0	0.0	0.0	0.0	0.0	0.0	0.0	0.0	0.0	0.0	0.0	1980.0	0.0	0.0	0.0	0.0	0.0	0.0	0.0	0.0	0.0	0.0	0.0	0.0	0.0	0.0	0.0	0.0	0.0	0.0	0.0	0.0	0.0	0.0	0.0	0.0	0.0	0.0	0.0	0.0	0.0	0.0	0.0	0.0	0.0	0.0	0.0	0.0	0.0	0.0	0.0	0.0	0.0	0.0	0.0	0.0	0.0	0.0	0.0	0.0	0.0	0.0	0.0	0.0	0.0	0.0	0.0	0.0	0.0	0.0	0.0	0.0	0.0	0.0	0.0	0.0	0.0	0.0	0.0	0.0	0.0	0.0	0.0	0.0	0.0	0.0	0.0	0.0	0.0	0.0	0.0	0.0	0.0	0.0	0.0	0.0	0.0	0.0	0.0	0.0	0.0	0.0	0.0	0.0	0.0	0.0	0.0	0.0	0.0	0.0
SRR21723499	44.0	41.0	559.0	0.0	67.0	0.0	0.0	0.0	11.0	156.0	18.0	45.0	0.0	6.0	9.0	18.0	9.0	12.0	100.0	0.0	464.0	5.0	15.0	42.0	280.0	3.0	0.0	0.0	401.0	12.0	0.0	5.0	110.0	0.0	77.0	0.0	0.0	267.0	0.0	31.0	580.0	0.0	20.0	0.0	1631.0	449.0	34.0	4.0	220.0	8.0	6.0	0.0	0.0	0.0	9.0	0.0	18.0	7.0	0.0	47.0	0.0	0.0	0.0	0.0	0.0	0.0	0.0	0.0	0.0	34.0	292.0	0.0	0.0	0.0	120.0	0.0	0.0	0.0	0.0	0.0	0.0	0.0	0.0	0.0	0.0	0.0	536.0	289.0	0.0	0.0	1062.0	0.0	0.0	27.0	0.0	0.0	0.0	0.0	0.0	0.0	0.0	0.0	0.0	0.0	27.0	0.0	0.0	0.0	0.0	0.0	0.0	0.0	0.0	0.0	0.0	146.0	0.0	0.0	6.0	0.0	0.0	0.0	0.0	0.0	0.0	0.0	0.0	0.0	0.0	21.0	0.0	23.0	0.0	0.0	3.0	0.0	0.0	0.0	0.0	0.0	0.0	0.0	48.0	0.0	9.0	0.0	0.0	0.0	0.0	0.0	0.0	0.0	0.0	0.0	0.0	0.0	0.0	0.0	0.0	0.0	0.0	0.0	0.0	0.0	13.0	0.0	0.0	0.0	0.0	13.0	0.0	0.0	0.0	429.0	0.0	0.0	0.0	0.0	0.0	0.0	0.0	0.0	0.0	0.0	0.0	0.0	0.0	0.0	0.0	0.0	0.0	0.0	0.0	0.0	0.0	0.0	0.0	0.0	0.0	0.0	96.0	0.0	0.0	0.0	0.0	0.0	0.0	0.0	0.0	0.0	0.0	0.0	0.0	0.0	0.0	0.0	0.0	5.0	0.0	0.0	0.0	0.0	23.0	0.0	0.0	0.0	0.0	0.0	0.0	0.0	0.0	0.0	0.0	0.0	0.0	0.0	0.0	0.0	0.0	0.0	0.0	0.0	0.0	0.0	0.0	0.0	0.0	0.0	0.0	0.0	0.0	0.0	0.0	0.0	0.0	0.0	0.0	0.0	0.0	0.0	0.0	0.0	0.0	0.0	0.0	0.0	0.0	0.0	0.0	0.0	0.0	0.0	0.0	0.0	0.0	0.0	0.0	0.0	0.0	0.0	0.0	0.0	0.0	0.0	0.0	0.0	0.0	0.0	0.0	0.0	0.0	0.0	0.0	0.0	0.0	0.0	0.0	0.0	0.0	0.0	0.0	0.0	0.0	0.0	0.0	0.0	0.0	0.0	0.0	0.0	0.0	0.0	0.0	0.0	0.0	0.0	0.0	0.0	0.0	0.0	0.0
SRR21723500	32.0	11.0	385.0	0.0	44.0	0.0	0.0	0.0	0.0	35.0	18.0	8.0	0.0	0.0	7.0	8.0	0.0	8.0	49.0	0.0	149.0	0.0	0.0	49.0	310.0	0.0	6.0	0.0	421.0	28.0	0.0	0.0	268.0	0.0	32.0	0.0	0.0	129.0	0.0	0.0	533.0	0.0	0.0	0.0	909.0	173.0	16.0	2.0	507.0	0.0	14.0	0.0	0.0	0.0	16.0	0.0	54.0	0.0	0.0	60.0	0.0	0.0	0.0	0.0	0.0	0.0	0.0	0.0	0.0	19.0	94.0	0.0	0.0	0.0	151.0	0.0	0.0	0.0	0.0	0.0	0.0	0.0	0.0	0.0	0.0	0.0	622.0	248.0	3.0	0.0	1083.0	0.0	0.0	49.0	14.0	0.0	0.0	0.0	0.0	0.0	0.0	0.0	0.0	0.0	314.0	0.0	0.0	0.0	0.0	0.0	0.0	0.0	0.0	0.0	9.0	547.0	0.0	0.0	15.0	0.0	0.0	0.0	0.0	0.0	0.0	0.0	0.0	0.0	0.0	21.0	0.0	0.0	0.0	0.0	0.0	0.0	0.0	0.0	0.0	0.0	0.0	0.0	0.0	0.0	0.0	0.0	5.0	4.0	0.0	0.0	0.0	0.0	0.0	0.0	0.0	0.0	0.0	0.0	0.0	0.0	0.0	0.0	0.0	0.0	0.0	0.0	0.0	0.0	0.0	86.0	0.0	0.0	0.0	1523.0	0.0	0.0	0.0	0.0	0.0	0.0	0.0	0.0	0.0	0.0	0.0	0.0	0.0	0.0	0.0	0.0	0.0	0.0	0.0	0.0	0.0	0.0	39.0	0.0	0.0	0.0	220.0	0.0	0.0	0.0	0.0	0.0	0.0	0.0	0.0	0.0	0.0	0.0	0.0	0.0	0.0	0.0	0.0	0.0	0.0	0.0	0.0	0.0	340.0	0.0	0.0	0.0	0.0	0.0	0.0	0.0	0.0	0.0	0.0	0.0	0.0	0.0	0.0	0.0	0.0	0.0	0.0	0.0	0.0	0.0	0.0	0.0	0.0	0.0	0.0	0.0	0.0	0.0	0.0	0.0	0.0	0.0	0.0	0.0	0.0	0.0	0.0	0.0	0.0	0.0	0.0	0.0	0.0	0.0	0.0	0.0	0.0	0.0	0.0	0.0	0.0	0.0	0.0	0.0	0.0	0.0	0.0	0.0	0.0	0.0	0.0	0.0	0.0	0.0	0.0	0.0	0.0	0.0	0.0	0.0	0.0	0.0	0.0	0.0	0.0	0.0	0.0	0.0	0.0	0.0	0.0	0.0	0.0	0.0	0.0	0.0	0.0	0.0	0.0	0.0	0.0	0.0	0.0	0.0	0.0	0.0	0.0
SRR21723501	1513.0	49.0	1145.0	0.0	441.0	0.0	4.0	0.0	69.0	1007.0	782.0	234.0	17.0	4.0	142.0	3213.0	286.0	107.0	99.0	40.0	984.0	221.0	52.0	0.0	2857.0	280.0	109.0	379.0	2042.0	63.0	0.0	28.0	241.0	0.0	1643.0	10.0	0.0	7.0	0.0	1319.0	1902.0	95.0	0.0	0.0	67.0	165.0	421.0	0.0	542.0	63.0	2443.0	0.0	22.0	7.0	926.0	0.0	1041.0	0.0	0.0	1075.0	0.0	0.0	4.0	11.0	40.0	24.0	179.0	0.0	0.0	619.0	154.0	0.0	0.0	0.0	284.0	0.0	0.0	0.0	0.0	0.0	0.0	0.0	0.0	0.0	54.0	2.0	732.0	171.0	7.0	0.0	416.0	99.0	0.0	707.0	53.0	0.0	0.0	0.0	0.0	0.0	0.0	0.0	284.0	630.0	43.0	0.0	225.0	0.0	0.0	4.0	0.0	0.0	9.0	0.0	25.0	167.0	0.0	0.0	279.0	3.0	28.0	0.0	215.0	0.0	0.0	0.0	53.0	0.0	0.0	0.0	0.0	773.0	0.0	0.0	0.0	0.0	0.0	19.0	0.0	0.0	31.0	0.0	0.0	0.0	16.0	0.0	0.0	0.0	0.0	0.0	0.0	0.0	0.0	0.0	0.0	4.0	0.0	0.0	0.0	0.0	192.0	0.0	0.0	0.0	0.0	0.0	0.0	6.0	0.0	253.0	29.0	0.0	0.0	527.0	0.0	18.0	3.0	0.0	24.0	47.0	0.0	0.0	157.0	0.0	0.0	0.0	0.0	0.0	0.0	0.0	0.0	3.0	0.0	34.0	0.0	0.0	0.0	0.0	0.0	0.0	255.0	0.0	0.0	22.0	0.0	0.0	0.0	0.0	0.0	0.0	0.0	0.0	0.0	0.0	0.0	0.0	0.0	0.0	0.0	0.0	0.0	0.0	384.0	0.0	0.0	0.0	0.0	0.0	0.0	0.0	0.0	0.0	0.0	3.0	0.0	0.0	0.0	0.0	0.0	0.0	0.0	0.0	0.0	0.0	0.0	0.0	0.0	0.0	0.0	0.0	0.0	0.0	0.0	0.0	0.0	0.0	0.0	0.0	0.0	0.0	0.0	0.0	0.0	0.0	0.0	0.0	0.0	0.0	0.0	0.0	0.0	0.0	0.0	0.0	0.0	0.0	0.0	0.0	0.0	0.0	0.0	0.0	0.0	0.0	0.0	0.0	0.0	0.0	0.0	0.0	0.0	0.0	0.0	0.0	0.0	0.0	0.0	0.0	0.0	0.0	0.0	0.0	0.0	0.0	0.0	0.0	0.0	0.0	0.0	0.0	0.0	0.0	0.0	0.0	0.0	0.0	0.0	0.0	0.0	0.0	14.0
SRR21723502	0.0	12.0	27.0	0.0	0.0	0.0	0.0	0.0	0.0	0.0	0.0	0.0	0.0	0.0	0.0	0.0	0.0	0.0	0.0	0.0	11.0	0.0	0.0	23.0	29.0	0.0	0.0	0.0	23.0	0.0	0.0	0.0	149.0	0.0	0.0	0.0	0.0	2547.0	0.0	0.0	57.0	0.0	0.0	0.0	99.0	21.0	4.0	0.0	0.0	0.0	0.0	0.0	0.0	0.0	4.0	0.0	0.0	0.0	0.0	25.0	0.0	0.0	0.0	0.0	0.0	0.0	0.0	0.0	0.0	9.0	0.0	0.0	0.0	0.0	0.0	0.0	0.0	0.0	0.0	0.0	0.0	0.0	0.0	0.0	0.0	0.0	52.0	13.0	0.0	0.0	40.0	0.0	0.0	0.0	0.0	0.0	0.0	0.0	0.0	0.0	0.0	0.0	0.0	0.0	0.0	0.0	0.0	0.0	0.0	0.0	0.0	0.0	0.0	0.0	0.0	125.0	0.0	0.0	0.0	0.0	0.0	0.0	0.0	0.0	0.0	0.0	0.0	0.0	0.0	0.0	0.0	0.0	0.0	0.0	0.0	0.0	0.0	0.0	0.0	0.0	0.0	0.0	0.0	5.0	0.0	0.0	0.0	0.0	0.0	0.0	0.0	0.0	0.0	0.0	0.0	0.0	0.0	0.0	0.0	0.0	0.0	0.0	0.0	0.0	0.0	0.0	0.0	0.0	0.0	0.0	0.0	0.0	0.0	62.0	0.0	0.0	0.0	0.0	0.0	14.0	0.0	0.0	0.0	0.0	0.0	0.0	0.0	0.0	0.0	3.0	0.0	0.0	0.0	0.0	0.0	0.0	0.0	0.0	0.0	0.0	0.0	0.0	0.0	0.0	0.0	0.0	0.0	0.0	0.0	0.0	0.0	0.0	0.0	0.0	0.0	0.0	0.0	0.0	0.0	0.0	0.0	0.0	18.0	0.0	0.0	0.0	0.0	0.0	0.0	0.0	0.0	0.0	0.0	0.0	0.0	0.0	0.0	0.0	0.0	0.0	0.0	0.0	0.0	0.0	0.0	0.0	0.0	0.0	0.0	0.0	0.0	0.0	0.0	0.0	0.0	0.0	19.0	0.0	0.0	0.0	0.0	0.0	0.0	0.0	0.0	0.0	0.0	0.0	0.0	0.0	0.0	0.0	0.0	0.0	0.0	0.0	0.0	0.0	0.0	0.0	0.0	0.0	0.0	0.0	0.0	0.0	0.0	0.0	0.0	0.0	0.0	0.0	0.0	0.0	0.0	0.0	0.0	0.0	0.0	0.0	0.0	0.0	0.0	0.0	0.0	0.0	0.0	0.0	0.0	0.0	0.0	0.0	0.0	0.0	0.0	0.0	0.0	0.0	0.0	0.0	0.0
SRR21723503	43.0	83.0	1931.0	0.0	129.0	0.0	0.0	0.0	0.0	132.0	0.0	100.0	0.0	0.0	0.0	12.0	17.0	10.0	188.0	0.0	206.0	12.0	0.0	35.0	1333.0	0.0	0.0	66.0	886.0	40.0	0.0	0.0	491.0	0.0	152.0	0.0	0.0	4867.0	0.0	85.0	1109.0	3.0	50.0	0.0	5962.0	844.0	46.0	7.0	864.0	0.0	13.0	0.0	0.0	0.0	44.0	0.0	0.0	0.0	0.0	172.0	0.0	35.0	0.0	0.0	8.0	0.0	0.0	0.0	0.0	28.0	555.0	0.0	0.0	0.0	352.0	0.0	0.0	0.0	0.0	0.0	0.0	8.0	0.0	0.0	20.0	0.0	1759.0	1393.0	0.0	0.0	3120.0	12.0	0.0	29.0	0.0	0.0	0.0	0.0	0.0	0.0	0.0	0.0	28.0	34.0	422.0	0.0	0.0	0.0	0.0	0.0	0.0	0.0	0.0	0.0	0.0	1038.0	0.0	0.0	82.0	0.0	0.0	0.0	6.0	0.0	0.0	6.0	17.0	0.0	0.0	92.0	0.0	49.0	0.0	0.0	0.0	0.0	0.0	0.0	0.0	0.0	0.0	0.0	17.0	0.0	0.0	0.0	19.0	0.0	0.0	0.0	0.0	0.0	0.0	0.0	0.0	0.0	0.0	0.0	0.0	0.0	0.0	0.0	0.0	0.0	0.0	0.0	0.0	0.0	8.0	34.0	0.0	0.0	0.0	1747.0	0.0	0.0	0.0	0.0	0.0	28.0	0.0	0.0	0.0	0.0	0.0	0.0	0.0	0.0	0.0	0.0	0.0	0.0	0.0	0.0	0.0	0.0	64.0	0.0	0.0	0.0	454.0	0.0	0.0	0.0	0.0	0.0	0.0	0.0	0.0	0.0	0.0	0.0	0.0	0.0	0.0	0.0	0.0	12.0	0.0	0.0	0.0	0.0	389.0	0.0	0.0	0.0	0.0	0.0	0.0	0.0	0.0	0.0	0.0	0.0	0.0	0.0	0.0	0.0	0.0	0.0	0.0	0.0	0.0	0.0	0.0	0.0	0.0	0.0	0.0	0.0	0.0	0.0	0.0	0.0	0.0	0.0	0.0	0.0	0.0	0.0	0.0	0.0	0.0	0.0	0.0	0.0	0.0	0.0	0.0	0.0	0.0	0.0	0.0	0.0	0.0	0.0	0.0	0.0	0.0	0.0	12.0	0.0	0.0	0.0	0.0	0.0	0.0	0.0	0.0	0.0	0.0	0.0	0.0	0.0	0.0	0.0	0.0	0.0	0.0	0.0	0.0	0.0	0.0	0.0	0.0	0.0	0.0	0.0	0.0	0.0	0.0	0.0	0.0	0.0	0.0	0.0	0.0	0.0	0.0	0.0	0.0
SRR21723504	65.0	87.0	227.0	0.0	52.0	0.0	0.0	0.0	5.0	48.0	15.0	276.0	0.0	9.0	0.0	0.0	0.0	15.0	133.0	0.0	274.0	12.0	0.0	96.0	284.0	146.0	0.0	0.0	1244.0	0.0	0.0	23.0	808.0	0.0	86.0	0.0	0.0	6288.0	3.0	46.0	2008.0	0.0	9.0	0.0	1123.0	113.0	45.0	0.0	95.0	0.0	0.0	0.0	6.0	0.0	0.0	0.0	111.0	0.0	9.0	33.0	0.0	0.0	0.0	0.0	5.0	0.0	4.0	0.0	0.0	0.0	544.0	0.0	0.0	0.0	226.0	0.0	0.0	0.0	0.0	0.0	0.0	16.0	0.0	0.0	0.0	0.0	341.0	10.0	0.0	0.0	1370.0	8.0	0.0	0.0	0.0	0.0	0.0	0.0	0.0	0.0	0.0	0.0	34.0	77.0	84.0	0.0	0.0	0.0	0.0	0.0	0.0	0.0	0.0	0.0	0.0	245.0	0.0	0.0	31.0	0.0	36.0	0.0	0.0	0.0	0.0	0.0	0.0	0.0	0.0	62.0	0.0	0.0	0.0	0.0	0.0	0.0	0.0	0.0	0.0	0.0	0.0	0.0	0.0	0.0	0.0	0.0	3.0	0.0	2.0	0.0	0.0	0.0	0.0	0.0	0.0	0.0	0.0	0.0	0.0	0.0	0.0	0.0	0.0	0.0	0.0	0.0	0.0	0.0	20.0	22.0	0.0	0.0	0.0	42.0	0.0	0.0	0.0	0.0	0.0	74.0	0.0	0.0	0.0	0.0	0.0	0.0	0.0	0.0	0.0	0.0	0.0	0.0	0.0	0.0	0.0	0.0	55.0	0.0	0.0	0.0	367.0	0.0	0.0	0.0	0.0	0.0	0.0	0.0	0.0	0.0	0.0	0.0	0.0	0.0	0.0	0.0	0.0	0.0	0.0	0.0	0.0	0.0	206.0	0.0	0.0	0.0	734.0	0.0	0.0	0.0	0.0	0.0	0.0	0.0	0.0	0.0	0.0	0.0	0.0	0.0	0.0	8.0	0.0	0.0	0.0	0.0	0.0	0.0	0.0	0.0	0.0	0.0	0.0	0.0	0.0	0.0	35.0	0.0	0.0	0.0	0.0	0.0	0.0	0.0	0.0	0.0	0.0	0.0	0.0	0.0	0.0	0.0	0.0	0.0	0.0	0.0	0.0	0.0	0.0	0.0	0.0	0.0	0.0	0.0	0.0	0.0	0.0	0.0	0.0	0.0	0.0	0.0	0.0	0.0	0.0	0.0	0.0	0.0	0.0	0.0	0.0	0.0	0.0	0.0	0.0	0.0	0.0	0.0	0.0	0.0	0.0	0.0	0.0	0.0	0.0	0.0	0.0	0.0	0.0	0.0	0.0
SRR21723505	19.0	0.0	194.0	0.0	0.0	0.0	0.0	0.0	0.0	34.0	3.0	10.0	0.0	0.0	0.0	65.0	0.0	0.0	139.0	0.0	330.0	0.0	0.0	50.0	302.0	16.0	0.0	10.0	695.0	0.0	0.0	0.0	444.0	0.0	63.0	0.0	0.0	595.0	0.0	35.0	1384.0	0.0	0.0	0.0	1566.0	91.0	0.0	0.0	199.0	0.0	34.0	0.0	0.0	0.0	0.0	0.0	63.0	0.0	0.0	70.0	0.0	0.0	0.0	0.0	0.0	0.0	0.0	0.0	0.0	0.0	39.0	0.0	0.0	0.0	259.0	0.0	0.0	0.0	0.0	0.0	0.0	10.0	0.0	0.0	0.0	0.0	547.0	42.0	0.0	0.0	1408.0	16.0	0.0	0.0	0.0	0.0	0.0	0.0	0.0	0.0	0.0	0.0	0.0	0.0	257.0	0.0	93.0	0.0	0.0	0.0	0.0	0.0	0.0	0.0	0.0	233.0	0.0	0.0	0.0	0.0	0.0	0.0	0.0	0.0	0.0	0.0	0.0	0.0	0.0	0.0	0.0	246.0	0.0	0.0	0.0	0.0	0.0	0.0	0.0	0.0	0.0	0.0	0.0	0.0	0.0	0.0	3.0	0.0	0.0	0.0	0.0	0.0	0.0	0.0	0.0	0.0	0.0	0.0	174.0	0.0	0.0	0.0	0.0	0.0	0.0	0.0	0.0	0.0	0.0	36.0	0.0	0.0	0.0	620.0	0.0	0.0	0.0	0.0	0.0	0.0	0.0	0.0	0.0	0.0	0.0	0.0	0.0	0.0	0.0	0.0	0.0	0.0	0.0	0.0	0.0	0.0	54.0	0.0	0.0	0.0	270.0	0.0	0.0	0.0	0.0	0.0	0.0	0.0	0.0	0.0	0.0	0.0	0.0	0.0	0.0	0.0	0.0	0.0	0.0	0.0	0.0	0.0	182.0	0.0	0.0	0.0	0.0	0.0	0.0	0.0	0.0	0.0	0.0	0.0	0.0	0.0	0.0	0.0	0.0	0.0	0.0	0.0	0.0	0.0	0.0	0.0	0.0	0.0	0.0	0.0	0.0	0.0	0.0	0.0	0.0	0.0	0.0	0.0	0.0	0.0	0.0	0.0	0.0	0.0	0.0	0.0	0.0	0.0	0.0	0.0	0.0	0.0	0.0	0.0	0.0	0.0	0.0	0.0	0.0	0.0	0.0	0.0	0.0	0.0	0.0	0.0	0.0	0.0	0.0	0.0	0.0	0.0	0.0	0.0	0.0	0.0	0.0	0.0	0.0	0.0	0.0	0.0	0.0	0.0	0.0	0.0	0.0	0.0	0.0	0.0	0.0	0.0	0.0	0.0	0.0	0.0	0.0	0.0	0.0	0.0	0.0
SRR21723507	11.0	0.0	222.0	0.0	43.0	0.0	0.0	0.0	0.0	59.0	11.0	22.0	0.0	0.0	3.0	0.0	0.0	0.0	58.0	0.0	323.0	4.0	0.0	349.0	328.0	17.0	0.0	0.0	520.0	106.0	0.0	17.0	1189.0	0.0	64.0	0.0	0.0	0.0	0.0	6.0	659.0	0.0	0.0	0.0	545.0	194.0	16.0	0.0	372.0	0.0	5.0	0.0	0.0	0.0	83.0	0.0	64.0	0.0	0.0	234.0	0.0	0.0	0.0	0.0	0.0	0.0	7.0	0.0	3.0	0.0	217.0	0.0	0.0	0.0	121.0	0.0	0.0	0.0	0.0	0.0	0.0	0.0	0.0	0.0	93.0	0.0	8763.0	30.0	0.0	0.0	854.0	0.0	0.0	0.0	0.0	0.0	0.0	0.0	0.0	0.0	0.0	0.0	0.0	0.0	72.0	0.0	54.0	0.0	0.0	0.0	0.0	0.0	0.0	0.0	0.0	735.0	0.0	0.0	0.0	0.0	0.0	0.0	0.0	0.0	0.0	0.0	0.0	0.0	0.0	25.0	0.0	182.0	0.0	0.0	0.0	0.0	0.0	0.0	0.0	0.0	0.0	0.0	0.0	0.0	0.0	0.0	0.0	0.0	0.0	0.0	0.0	0.0	0.0	0.0	0.0	0.0	0.0	0.0	11.0	0.0	0.0	0.0	0.0	0.0	0.0	0.0	0.0	0.0	28.0	92.0	0.0	0.0	0.0	1127.0	0.0	0.0	0.0	0.0	0.0	0.0	0.0	0.0	0.0	0.0	0.0	0.0	0.0	0.0	0.0	0.0	0.0	0.0	0.0	0.0	0.0	0.0	28.0	0.0	0.0	26.0	179.0	0.0	0.0	0.0	0.0	0.0	0.0	0.0	0.0	0.0	0.0	0.0	0.0	0.0	0.0	0.0	0.0	0.0	0.0	0.0	0.0	0.0	1085.0	0.0	0.0	0.0	0.0	0.0	0.0	0.0	0.0	0.0	0.0	0.0	0.0	0.0	0.0	0.0	0.0	0.0	0.0	0.0	0.0	0.0	0.0	0.0	0.0	0.0	0.0	0.0	0.0	0.0	0.0	0.0	0.0	0.0	0.0	0.0	0.0	0.0	0.0	0.0	0.0	0.0	0.0	0.0	0.0	0.0	0.0	0.0	0.0	0.0	0.0	0.0	0.0	0.0	0.0	0.0	0.0	0.0	0.0	0.0	0.0	0.0	0.0	0.0	0.0	0.0	0.0	0.0	0.0	0.0	0.0	0.0	0.0	0.0	0.0	0.0	0.0	0.0	0.0	0.0	0.0	0.0	0.0	0.0	0.0	0.0	0.0	0.0	0.0	0.0	0.0	0.0	0.0	0.0	0.0	0.0	0.0	0.0	0.0
SRR21723508	18.0	126.0	316.0	0.0	12.0	0.0	0.0	0.0	0.0	26.0	0.0	25.0	0.0	4.0	3.0	5.0	0.0	0.0	332.0	0.0	291.0	0.0	0.0	0.0	177.0	29.0	0.0	0.0	562.0	0.0	0.0	15.0	241.0	0.0	54.0	0.0	0.0	758.0	0.0	10.0	1217.0	0.0	0.0	0.0	1577.0	1107.0	0.0	5.0	269.0	0.0	0.0	0.0	0.0	0.0	0.0	0.0	22.0	0.0	3.0	7.0	0.0	11.0	0.0	0.0	0.0	0.0	0.0	0.0	0.0	0.0	125.0	0.0	0.0	0.0	102.0	0.0	0.0	0.0	0.0	0.0	0.0	0.0	0.0	0.0	0.0	0.0	367.0	28.0	0.0	0.0	1340.0	0.0	0.0	0.0	0.0	0.0	0.0	0.0	0.0	0.0	0.0	0.0	0.0	0.0	419.0	0.0	0.0	0.0	0.0	0.0	0.0	0.0	0.0	0.0	0.0	458.0	0.0	0.0	0.0	0.0	0.0	0.0	0.0	0.0	0.0	0.0	0.0	0.0	0.0	0.0	0.0	65.0	0.0	0.0	0.0	2.0	0.0	0.0	0.0	0.0	0.0	0.0	0.0	0.0	0.0	0.0	3.0	0.0	0.0	0.0	0.0	0.0	0.0	0.0	0.0	0.0	0.0	0.0	21.0	0.0	0.0	0.0	0.0	0.0	0.0	0.0	0.0	0.0	0.0	39.0	0.0	0.0	0.0	419.0	0.0	0.0	0.0	0.0	0.0	0.0	0.0	0.0	0.0	0.0	0.0	0.0	0.0	0.0	0.0	0.0	0.0	0.0	0.0	0.0	0.0	37.0	42.0	0.0	0.0	0.0	215.0	0.0	0.0	0.0	0.0	0.0	0.0	0.0	0.0	0.0	0.0	0.0	0.0	0.0	0.0	0.0	0.0	0.0	0.0	0.0	0.0	0.0	39.0	0.0	0.0	0.0	0.0	0.0	0.0	0.0	0.0	0.0	0.0	0.0	0.0	0.0	0.0	0.0	0.0	0.0	0.0	0.0	0.0	0.0	0.0	0.0	0.0	0.0	0.0	0.0	0.0	0.0	0.0	0.0	0.0	0.0	0.0	0.0	0.0	0.0	0.0	0.0	0.0	0.0	0.0	0.0	0.0	0.0	0.0	0.0	0.0	0.0	0.0	0.0	0.0	29.0	0.0	0.0	0.0	0.0	0.0	0.0	0.0	0.0	0.0	0.0	0.0	0.0	0.0	0.0	0.0	0.0	0.0	0.0	0.0	0.0	0.0	0.0	0.0	0.0	0.0	0.0	0.0	0.0	0.0	0.0	0.0	0.0	0.0	0.0	0.0	0.0	0.0	0.0	0.0	0.0	0.0	0.0	0.0	0.0	0.0
SRR21723510	21.0	130.0	577.0	0.0	40.0	0.0	0.0	0.0	0.0	84.0	0.0	140.0	0.0	4.0	0.0	20.0	0.0	8.0	464.0	0.0	531.0	0.0	0.0	14.0	724.0	0.0	0.0	0.0	1456.0	61.0	0.0	13.0	1186.0	0.0	157.0	13.0	0.0	798.0	0.0	15.0	2271.0	3.0	0.0	0.0	2497.0	2641.0	0.0	9.0	599.0	0.0	0.0	0.0	0.0	0.0	39.0	0.0	60.0	0.0	0.0	77.0	0.0	41.0	0.0	0.0	0.0	0.0	4.0	0.0	0.0	0.0	179.0	0.0	0.0	0.0	338.0	0.0	0.0	0.0	0.0	6.0	0.0	13.0	0.0	0.0	0.0	0.0	1450.0	82.0	0.0	0.0	1894.0	38.0	0.0	0.0	0.0	0.0	0.0	0.0	0.0	0.0	0.0	0.0	14.0	0.0	779.0	0.0	155.0	0.0	0.0	0.0	0.0	0.0	0.0	0.0	0.0	822.0	0.0	0.0	0.0	0.0	0.0	0.0	0.0	0.0	0.0	0.0	0.0	0.0	0.0	0.0	0.0	218.0	3.0	0.0	0.0	0.0	0.0	0.0	0.0	0.0	0.0	0.0	0.0	0.0	0.0	0.0	23.0	4.0	0.0	0.0	0.0	0.0	0.0	0.0	0.0	0.0	0.0	0.0	21.0	0.0	12.0	24.0	0.0	0.0	0.0	0.0	0.0	0.0	29.0	22.0	0.0	5.0	0.0	1367.0	0.0	0.0	0.0	0.0	0.0	29.0	0.0	0.0	0.0	0.0	0.0	0.0	0.0	0.0	0.0	0.0	0.0	0.0	0.0	0.0	0.0	0.0	114.0	0.0	0.0	0.0	351.0	0.0	0.0	0.0	0.0	0.0	0.0	0.0	0.0	0.0	0.0	0.0	0.0	0.0	0.0	0.0	0.0	0.0	0.0	0.0	0.0	0.0	236.0	0.0	0.0	0.0	0.0	0.0	0.0	0.0	0.0	0.0	0.0	0.0	0.0	0.0	0.0	0.0	0.0	0.0	0.0	0.0	0.0	0.0	0.0	0.0	0.0	0.0	0.0	0.0	0.0	0.0	0.0	0.0	0.0	0.0	0.0	0.0	0.0	0.0	0.0	0.0	0.0	0.0	0.0	0.0	0.0	0.0	0.0	0.0	0.0	0.0	0.0	0.0	0.0	0.0	0.0	0.0	0.0	0.0	0.0	0.0	0.0	0.0	0.0	0.0	0.0	0.0	0.0	0.0	0.0	0.0	0.0	0.0	0.0	0.0	0.0	0.0	0.0	0.0	0.0	0.0	0.0	0.0	0.0	0.0	0.0	0.0	0.0	0.0	0.0	0.0	0.0	0.0	0.0	0.0	0.0	0.0	0.0	0.0	0.0
SRR21723511	0.0	0.0	206.0	0.0	32.0	0.0	0.0	0.0	0.0	83.0	0.0	84.0	0.0	0.0	0.0	67.0	0.0	5.0	42.0	0.0	249.0	0.0	0.0	47.0	348.0	51.0	0.0	0.0	671.0	45.0	0.0	8.0	926.0	0.0	104.0	0.0	0.0	21.0	0.0	20.0	791.0	0.0	0.0	0.0	1025.0	136.0	0.0	0.0	499.0	0.0	10.0	0.0	0.0	0.0	53.0	0.0	141.0	0.0	0.0	149.0	0.0	10.0	0.0	0.0	0.0	0.0	0.0	0.0	0.0	0.0	205.0	0.0	0.0	0.0	259.0	0.0	0.0	0.0	0.0	0.0	0.0	5.0	0.0	0.0	51.0	0.0	10895.0	69.0	0.0	0.0	2130.0	0.0	0.0	8.0	0.0	0.0	0.0	0.0	0.0	0.0	0.0	0.0	0.0	0.0	131.0	0.0	152.0	0.0	0.0	0.0	0.0	0.0	0.0	0.0	0.0	677.0	0.0	0.0	52.0	0.0	6.0	0.0	0.0	0.0	0.0	0.0	0.0	0.0	0.0	0.0	0.0	187.0	0.0	0.0	0.0	0.0	0.0	0.0	0.0	0.0	0.0	0.0	0.0	0.0	0.0	0.0	0.0	0.0	0.0	0.0	0.0	0.0	0.0	0.0	0.0	0.0	0.0	0.0	21.0	0.0	0.0	0.0	0.0	0.0	0.0	0.0	0.0	0.0	0.0	48.0	0.0	0.0	0.0	952.0	0.0	0.0	0.0	0.0	0.0	0.0	0.0	0.0	7.0	0.0	0.0	0.0	0.0	0.0	0.0	0.0	0.0	0.0	0.0	0.0	0.0	0.0	35.0	0.0	0.0	0.0	206.0	0.0	0.0	0.0	0.0	0.0	0.0	0.0	0.0	0.0	0.0	0.0	0.0	0.0	0.0	0.0	0.0	0.0	0.0	0.0	0.0	0.0	601.0	0.0	0.0	0.0	0.0	0.0	0.0	0.0	0.0	0.0	0.0	0.0	0.0	0.0	0.0	0.0	0.0	0.0	0.0	14.0	0.0	0.0	0.0	0.0	0.0	0.0	0.0	0.0	0.0	0.0	0.0	0.0	0.0	0.0	0.0	0.0	0.0	0.0	0.0	0.0	0.0	0.0	0.0	0.0	0.0	0.0	0.0	0.0	0.0	0.0	0.0	0.0	0.0	0.0	0.0	0.0	0.0	0.0	0.0	0.0	0.0	0.0	0.0	0.0	0.0	0.0	0.0	0.0	0.0	0.0	0.0	0.0	0.0	0.0	0.0	0.0	0.0	0.0	0.0	0.0	0.0	0.0	0.0	0.0	0.0	0.0	0.0	0.0	0.0	0.0	0.0	0.0	0.0	0.0	0.0	0.0	0.0	0.0	0.0
SRR21723512	0.0	8.0	497.0	0.0	68.0	0.0	0.0	0.0	4.0	68.0	0.0	32.0	0.0	0.0	2.0	48.0	0.0	7.0	61.0	0.0	344.0	0.0	0.0	5318.0	428.0	65.0	6.0	0.0	547.0	0.0	0.0	39.0	1709.0	0.0	19.0	0.0	0.0	513.0	0.0	56.0	1115.0	0.0	0.0	0.0	968.0	629.0	13.0	0.0	1017.0	0.0	31.0	0.0	0.0	0.0	103.0	0.0	220.0	0.0	0.0	201.0	0.0	0.0	0.0	0.0	0.0	0.0	0.0	0.0	0.0	12.0	194.0	0.0	0.0	0.0	192.0	0.0	0.0	0.0	0.0	0.0	0.0	0.0	0.0	0.0	77.0	0.0	4181.0	103.0	0.0	0.0	1589.0	30.0	0.0	0.0	0.0	0.0	0.0	0.0	0.0	0.0	0.0	0.0	20.0	0.0	226.0	0.0	101.0	0.0	0.0	0.0	0.0	0.0	0.0	0.0	0.0	1841.0	0.0	0.0	0.0	0.0	25.0	0.0	0.0	0.0	0.0	0.0	0.0	0.0	0.0	0.0	0.0	311.0	0.0	0.0	0.0	0.0	0.0	0.0	0.0	0.0	0.0	0.0	0.0	4.0	0.0	0.0	0.0	0.0	0.0	0.0	0.0	0.0	0.0	0.0	0.0	0.0	0.0	0.0	0.0	0.0	0.0	0.0	0.0	0.0	0.0	0.0	0.0	0.0	0.0	65.0	0.0	0.0	0.0	1998.0	0.0	0.0	0.0	0.0	0.0	0.0	0.0	0.0	0.0	0.0	0.0	0.0	0.0	0.0	0.0	0.0	0.0	0.0	0.0	0.0	0.0	0.0	0.0	0.0	0.0	42.0	267.0	0.0	0.0	0.0	0.0	0.0	0.0	0.0	0.0	0.0	0.0	0.0	0.0	0.0	0.0	0.0	0.0	0.0	0.0	0.0	0.0	0.0	1772.0	0.0	0.0	0.0	37.0	0.0	0.0	0.0	0.0	0.0	0.0	0.0	0.0	0.0	0.0	0.0	0.0	0.0	0.0	0.0	0.0	0.0	0.0	0.0	0.0	0.0	0.0	0.0	0.0	0.0	0.0	0.0	0.0	0.0	0.0	0.0	0.0	0.0	0.0	0.0	0.0	0.0	0.0	0.0	0.0	0.0	0.0	0.0	0.0	0.0	0.0	0.0	0.0	0.0	0.0	0.0	0.0	0.0	112.0	0.0	0.0	0.0	0.0	0.0	0.0	0.0	0.0	0.0	0.0	0.0	0.0	0.0	0.0	0.0	0.0	0.0	0.0	0.0	0.0	0.0	0.0	0.0	0.0	0.0	0.0	0.0	0.0	0.0	0.0	0.0	0.0	0.0	0.0	0.0	0.0	0.0	0.0	0.0	0.0
SRR21723513	36.0	298.0	968.0	0.0	28.0	0.0	0.0	0.0	2.0	85.0	10.0	213.0	0.0	0.0	5.0	42.0	0.0	32.0	611.0	0.0	924.0	0.0	3.0	214.0	381.0	190.0	0.0	2.0	1466.0	69.0	0.0	244.0	738.0	0.0	287.0	0.0	0.0	651.0	0.0	17.0	2222.0	11.0	51.0	0.0	2799.0	1648.0	0.0	17.0	956.0	0.0	8.0	0.0	5.0	3.0	3.0	0.0	74.0	0.0	0.0	33.0	0.0	0.0	0.0	0.0	0.0	12.0	0.0	0.0	9.0	0.0	148.0	0.0	0.0	0.0	330.0	0.0	0.0	0.0	0.0	3.0	0.0	52.0	0.0	0.0	0.0	0.0	3593.0	26.0	0.0	0.0	1338.0	15.0	0.0	0.0	0.0	0.0	0.0	0.0	0.0	0.0	0.0	0.0	0.0	0.0	1040.0	0.0	101.0	33.0	0.0	0.0	0.0	0.0	0.0	0.0	0.0	204.0	0.0	0.0	44.0	0.0	0.0	0.0	0.0	0.0	0.0	8.0	53.0	0.0	0.0	0.0	0.0	137.0	10.0	0.0	0.0	0.0	0.0	0.0	0.0	0.0	0.0	0.0	20.0	4.0	0.0	0.0	430.0	3.0	0.0	0.0	0.0	0.0	0.0	0.0	0.0	0.0	65.0	0.0	62.0	0.0	0.0	63.0	0.0	0.0	0.0	0.0	0.0	0.0	23.0	41.0	0.0	0.0	0.0	211.0	0.0	0.0	0.0	0.0	0.0	0.0	0.0	13.0	0.0	0.0	0.0	0.0	0.0	0.0	0.0	0.0	0.0	0.0	0.0	0.0	0.0	75.0	124.0	0.0	0.0	0.0	487.0	0.0	0.0	0.0	0.0	0.0	0.0	0.0	0.0	0.0	0.0	0.0	0.0	0.0	0.0	0.0	0.0	0.0	0.0	0.0	0.0	0.0	66.0	0.0	0.0	0.0	0.0	0.0	0.0	0.0	0.0	0.0	0.0	0.0	0.0	0.0	0.0	0.0	0.0	0.0	0.0	13.0	0.0	0.0	0.0	0.0	0.0	0.0	0.0	0.0	0.0	0.0	0.0	0.0	0.0	0.0	41.0	0.0	0.0	0.0	0.0	0.0	0.0	0.0	0.0	0.0	0.0	0.0	0.0	0.0	0.0	0.0	0.0	0.0	0.0	0.0	0.0	0.0	0.0	0.0	0.0	0.0	0.0	0.0	0.0	0.0	0.0	0.0	0.0	0.0	0.0	0.0	0.0	0.0	0.0	0.0	0.0	0.0	0.0	0.0	0.0	0.0	0.0	0.0	0.0	0.0	0.0	0.0	0.0	0.0	0.0	0.0	0.0	0.0	0.0	0.0	0.0	0.0	0.0	0.0	0.0
SRR21723514	7.0	30.0	785.0	0.0	98.0	0.0	0.0	0.0	0.0	106.0	9.0	47.0	0.0	0.0	0.0	51.0	0.0	0.0	362.0	0.0	369.0	0.0	0.0	27.0	810.0	0.0	0.0	0.0	775.0	122.0	0.0	0.0	838.0	0.0	99.0	0.0	0.0	991.0	0.0	31.0	2743.0	0.0	0.0	0.0	2123.0	484.0	25.0	2.0	820.0	0.0	0.0	0.0	12.0	0.0	0.0	0.0	126.0	0.0	0.0	196.0	0.0	8.0	0.0	0.0	0.0	0.0	3.0	0.0	0.0	24.0	173.0	0.0	0.0	0.0	326.0	0.0	3.0	0.0	0.0	0.0	0.0	0.0	0.0	0.0	7.0	4.0	1337.0	105.0	0.0	0.0	2375.0	16.0	0.0	0.0	4.0	0.0	0.0	0.0	0.0	0.0	0.0	0.0	0.0	0.0	340.0	0.0	142.0	0.0	0.0	0.0	0.0	0.0	0.0	0.0	0.0	1268.0	0.0	0.0	0.0	0.0	0.0	0.0	0.0	0.0	0.0	0.0	18.0	0.0	0.0	0.0	0.0	238.0	0.0	0.0	0.0	0.0	0.0	0.0	0.0	0.0	0.0	0.0	0.0	0.0	0.0	0.0	46.0	0.0	0.0	0.0	0.0	0.0	0.0	0.0	0.0	0.0	0.0	0.0	89.0	0.0	0.0	0.0	0.0	0.0	0.0	0.0	0.0	0.0	0.0	52.0	0.0	0.0	0.0	1982.0	0.0	0.0	0.0	0.0	0.0	0.0	0.0	0.0	0.0	0.0	0.0	0.0	0.0	3.0	0.0	0.0	0.0	0.0	0.0	0.0	0.0	0.0	29.0	0.0	0.0	0.0	374.0	0.0	0.0	0.0	0.0	0.0	0.0	0.0	0.0	0.0	0.0	0.0	0.0	0.0	0.0	0.0	0.0	0.0	0.0	0.0	0.0	0.0	436.0	0.0	0.0	0.0	0.0	0.0	0.0	0.0	0.0	0.0	0.0	0.0	0.0	0.0	0.0	0.0	0.0	0.0	0.0	0.0	0.0	0.0	0.0	0.0	0.0	0.0	0.0	0.0	0.0	0.0	0.0	0.0	0.0	0.0	0.0	0.0	0.0	0.0	0.0	0.0	0.0	0.0	0.0	0.0	0.0	0.0	0.0	0.0	0.0	0.0	0.0	0.0	0.0	0.0	0.0	0.0	0.0	0.0	0.0	0.0	0.0	0.0	0.0	0.0	0.0	0.0	0.0	0.0	0.0	0.0	0.0	0.0	0.0	0.0	0.0	0.0	0.0	0.0	0.0	0.0	0.0	0.0	0.0	0.0	0.0	0.0	0.0	0.0	0.0	0.0	0.0	0.0	0.0	0.0	0.0	0.0	0.0	0.0	0.0
SRR21723515	657.0	45.0	635.0	0.0	146.0	0.0	42.0	0.0	57.0	331.0	60.0	161.0	0.0	0.0	27.0	1713.0	99.0	90.0	194.0	0.0	496.0	91.0	0.0	38.0	1090.0	143.0	11.0	216.0	1160.0	14.0	0.0	3.0	184.0	0.0	616.0	16.0	0.0	23.0	0.0	502.0	1760.0	51.0	7.0	8.0	118.0	171.0	236.0	3.0	475.0	15.0	685.0	4.0	88.0	0.0	335.0	0.0	668.0	0.0	2.0	475.0	0.0	0.0	0.0	52.0	18.0	19.0	37.0	0.0	0.0	326.0	167.0	11.0	2.0	0.0	186.0	0.0	0.0	0.0	0.0	0.0	0.0	8.0	0.0	3.0	0.0	0.0	164.0	89.0	0.0	0.0	228.0	50.0	11.0	163.0	52.0	0.0	0.0	0.0	0.0	2.0	0.0	0.0	106.0	203.0	259.0	8.0	28.0	9.0	0.0	0.0	0.0	0.0	6.0	0.0	3.0	351.0	0.0	0.0	192.0	6.0	14.0	0.0	58.0	0.0	0.0	0.0	0.0	0.0	0.0	0.0	0.0	425.0	0.0	0.0	0.0	3.0	0.0	0.0	0.0	2.0	12.0	5.0	0.0	0.0	0.0	0.0	0.0	0.0	0.0	0.0	0.0	0.0	0.0	0.0	0.0	0.0	0.0	0.0	5.0	0.0	54.0	0.0	0.0	0.0	0.0	0.0	0.0	0.0	0.0	32.0	0.0	0.0	0.0	552.0	0.0	26.0	0.0	0.0	9.0	0.0	0.0	0.0	40.0	0.0	0.0	0.0	0.0	2.0	0.0	0.0	0.0	0.0	0.0	0.0	0.0	26.0	3.0	0.0	0.0	23.0	261.0	0.0	0.0	23.0	0.0	0.0	0.0	0.0	0.0	0.0	0.0	0.0	0.0	0.0	0.0	0.0	0.0	0.0	0.0	0.0	0.0	0.0	120.0	0.0	0.0	0.0	0.0	0.0	0.0	0.0	31.0	0.0	0.0	0.0	0.0	0.0	0.0	0.0	0.0	0.0	0.0	0.0	0.0	0.0	0.0	0.0	0.0	0.0	0.0	0.0	0.0	0.0	0.0	0.0	0.0	0.0	0.0	0.0	0.0	0.0	0.0	0.0	0.0	0.0	0.0	0.0	0.0	0.0	0.0	0.0	0.0	0.0	0.0	0.0	3.0	0.0	0.0	0.0	0.0	0.0	0.0	0.0	0.0	0.0	0.0	0.0	0.0	0.0	0.0	0.0	0.0	0.0	0.0	0.0	0.0	0.0	0.0	0.0	0.0	0.0	0.0	0.0	0.0	0.0	0.0	0.0	0.0	0.0	0.0	0.0	0.0	0.0	0.0	0.0	0.0	0.0	0.0	0.0	0.0	0.0	0.0
SRR21723516	10.0	65.0	538.0	0.0	29.0	0.0	0.0	0.0	0.0	180.0	0.0	87.0	0.0	0.0	0.0	54.0	0.0	0.0	474.0	0.0	500.0	0.0	0.0	86.0	582.0	42.0	0.0	0.0	1035.0	0.0	0.0	10.0	1135.0	0.0	115.0	0.0	2.0	536.0	0.0	35.0	2279.0	0.0	0.0	0.0	2107.0	1023.0	38.0	0.0	637.0	0.0	0.0	0.0	0.0	0.0	33.0	0.0	69.0	0.0	0.0	120.0	0.0	24.0	0.0	0.0	0.0	7.0	0.0	0.0	0.0	36.0	320.0	0.0	0.0	0.0	349.0	0.0	0.0	0.0	0.0	2.0	0.0	17.0	0.0	0.0	29.0	0.0	1259.0	63.0	0.0	0.0	1550.0	32.0	0.0	0.0	0.0	0.0	0.0	0.0	0.0	0.0	0.0	0.0	8.0	0.0	406.0	0.0	0.0	0.0	0.0	0.0	0.0	0.0	0.0	0.0	0.0	1704.0	0.0	0.0	26.0	0.0	8.0	0.0	0.0	0.0	0.0	0.0	0.0	0.0	0.0	0.0	0.0	211.0	0.0	0.0	0.0	0.0	0.0	0.0	0.0	0.0	0.0	0.0	0.0	12.0	0.0	0.0	59.0	0.0	0.0	0.0	0.0	0.0	0.0	0.0	0.0	0.0	0.0	0.0	71.0	0.0	0.0	0.0	0.0	0.0	0.0	0.0	0.0	0.0	0.0	46.0	0.0	0.0	0.0	800.0	0.0	0.0	0.0	0.0	0.0	0.0	0.0	0.0	0.0	0.0	0.0	0.0	0.0	0.0	0.0	0.0	0.0	0.0	0.0	0.0	0.0	0.0	123.0	0.0	0.0	0.0	306.0	0.0	0.0	0.0	0.0	0.0	0.0	0.0	0.0	0.0	0.0	0.0	0.0	0.0	0.0	0.0	0.0	0.0	0.0	0.0	0.0	0.0	255.0	0.0	0.0	0.0	0.0	0.0	0.0	0.0	0.0	0.0	0.0	0.0	0.0	0.0	0.0	0.0	0.0	0.0	0.0	0.0	0.0	0.0	0.0	0.0	0.0	0.0	0.0	0.0	0.0	0.0	0.0	0.0	0.0	0.0	0.0	0.0	0.0	0.0	0.0	0.0	0.0	0.0	0.0	0.0	0.0	0.0	0.0	0.0	0.0	0.0	0.0	0.0	0.0	0.0	0.0	0.0	0.0	0.0	16.0	0.0	0.0	0.0	0.0	0.0	0.0	0.0	0.0	0.0	0.0	0.0	0.0	0.0	0.0	0.0	0.0	0.0	0.0	0.0	0.0	0.0	0.0	0.0	0.0	0.0	0.0	0.0	0.0	0.0	0.0	0.0	0.0	0.0	0.0	0.0	0.0	0.0	0.0	0.0	0.0
SRR21723517	9.0	75.0	412.0	0.0	22.0	0.0	0.0	0.0	0.0	139.0	3.0	41.0	0.0	0.0	0.0	46.0	0.0	0.0	339.0	0.0	374.0	0.0	0.0	69.0	652.0	32.0	0.0	15.0	1263.0	99.0	0.0	0.0	473.0	0.0	76.0	0.0	0.0	86.0	0.0	21.0	1924.0	0.0	51.0	0.0	1816.0	567.0	24.0	0.0	384.0	0.0	53.0	0.0	0.0	0.0	19.0	0.0	111.0	0.0	0.0	152.0	0.0	0.0	0.0	0.0	0.0	0.0	4.0	0.0	0.0	34.0	168.0	0.0	0.0	0.0	333.0	0.0	0.0	0.0	0.0	0.0	0.0	7.0	0.0	0.0	0.0	0.0	1301.0	29.0	0.0	0.0	1690.0	29.0	0.0	0.0	0.0	0.0	0.0	0.0	0.0	0.0	0.0	0.0	0.0	0.0	561.0	0.0	154.0	0.0	0.0	0.0	0.0	0.0	0.0	0.0	0.0	520.0	0.0	0.0	20.0	0.0	0.0	0.0	0.0	0.0	0.0	0.0	0.0	0.0	0.0	0.0	0.0	222.0	0.0	0.0	0.0	0.0	0.0	0.0	0.0	0.0	0.0	0.0	0.0	0.0	0.0	0.0	0.0	0.0	0.0	0.0	0.0	0.0	0.0	0.0	0.0	0.0	0.0	0.0	0.0	0.0	0.0	0.0	0.0	0.0	0.0	0.0	0.0	0.0	12.0	0.0	0.0	0.0	0.0	727.0	0.0	0.0	0.0	0.0	0.0	0.0	0.0	0.0	0.0	0.0	0.0	0.0	0.0	0.0	0.0	0.0	0.0	0.0	0.0	0.0	0.0	0.0	87.0	0.0	0.0	0.0	161.0	0.0	0.0	0.0	0.0	0.0	0.0	0.0	0.0	0.0	0.0	0.0	0.0	0.0	0.0	0.0	0.0	2.0	0.0	0.0	0.0	0.0	269.0	0.0	0.0	0.0	0.0	0.0	0.0	0.0	0.0	0.0	0.0	0.0	0.0	0.0	0.0	0.0	0.0	0.0	0.0	31.0	0.0	0.0	0.0	0.0	0.0	0.0	0.0	0.0	0.0	0.0	0.0	0.0	0.0	0.0	0.0	0.0	0.0	0.0	0.0	0.0	0.0	0.0	0.0	0.0	0.0	0.0	0.0	0.0	0.0	0.0	0.0	0.0	0.0	0.0	0.0	0.0	0.0	0.0	0.0	0.0	0.0	0.0	0.0	0.0	0.0	0.0	0.0	0.0	0.0	0.0	0.0	0.0	0.0	0.0	0.0	0.0	0.0	0.0	0.0	0.0	0.0	0.0	0.0	0.0	0.0	0.0	0.0	0.0	0.0	0.0	0.0	0.0	0.0	0.0	0.0	0.0	0.0	0.0	0.0
SRR21723518	4.0	34.0	217.0	0.0	36.0	0.0	0.0	0.0	6.0	54.0	0.0	43.0	0.0	0.0	0.0	0.0	0.0	9.0	87.0	0.0	200.0	0.0	0.0	165.0	327.0	0.0	0.0	0.0	731.0	62.0	0.0	0.0	729.0	0.0	48.0	0.0	0.0	46.0	0.0	0.0	828.0	0.0	0.0	0.0	1348.0	453.0	0.0	0.0	397.0	0.0	0.0	0.0	3.0	0.0	66.0	0.0	0.0	0.0	0.0	227.0	0.0	0.0	0.0	0.0	0.0	0.0	0.0	0.0	0.0	0.0	353.0	0.0	0.0	0.0	159.0	0.0	0.0	0.0	0.0	0.0	0.0	0.0	0.0	0.0	42.0	0.0	4907.0	45.0	0.0	0.0	1847.0	0.0	0.0	0.0	0.0	0.0	0.0	0.0	0.0	0.0	0.0	0.0	0.0	0.0	395.0	0.0	80.0	0.0	0.0	0.0	0.0	0.0	0.0	0.0	0.0	819.0	0.0	0.0	32.0	0.0	0.0	0.0	0.0	0.0	0.0	0.0	0.0	0.0	0.0	0.0	0.0	273.0	0.0	0.0	0.0	0.0	0.0	0.0	0.0	0.0	0.0	0.0	0.0	0.0	0.0	0.0	16.0	0.0	0.0	0.0	0.0	0.0	0.0	0.0	0.0	0.0	21.0	0.0	8.0	0.0	0.0	0.0	0.0	0.0	0.0	0.0	0.0	0.0	42.0	0.0	0.0	0.0	0.0	726.0	0.0	0.0	0.0	0.0	0.0	0.0	0.0	0.0	0.0	0.0	0.0	0.0	0.0	0.0	0.0	0.0	0.0	0.0	0.0	0.0	0.0	0.0	47.0	0.0	0.0	0.0	177.0	0.0	0.0	0.0	0.0	0.0	0.0	0.0	0.0	0.0	0.0	0.0	0.0	0.0	0.0	0.0	0.0	0.0	0.0	0.0	0.0	0.0	798.0	0.0	0.0	0.0	0.0	0.0	0.0	0.0	0.0	0.0	0.0	0.0	0.0	0.0	0.0	0.0	0.0	0.0	0.0	0.0	0.0	0.0	0.0	0.0	0.0	0.0	0.0	0.0	0.0	0.0	0.0	0.0	0.0	0.0	0.0	0.0	0.0	0.0	0.0	0.0	0.0	0.0	0.0	0.0	0.0	0.0	0.0	0.0	0.0	0.0	0.0	0.0	0.0	0.0	0.0	0.0	0.0	0.0	0.0	0.0	0.0	0.0	0.0	0.0	0.0	0.0	0.0	0.0	0.0	0.0	0.0	0.0	0.0	0.0	0.0	0.0	0.0	0.0	0.0	0.0	0.0	0.0	0.0	0.0	0.0	0.0	0.0	0.0	0.0	0.0	0.0	0.0	0.0	0.0	0.0	0.0	0.0	0.0	0.0
SRR21723519	51.0	95.0	680.0	0.0	47.0	0.0	0.0	0.0	0.0	47.0	0.0	137.0	0.0	0.0	26.0	47.0	0.0	26.0	220.0	0.0	1147.0	2.0	0.0	139.0	219.0	83.0	0.0	25.0	1151.0	65.0	0.0	8.0	801.0	0.0	33.0	18.0	0.0	3695.0	0.0	49.0	1482.0	5.0	28.0	0.0	1271.0	398.0	35.0	5.0	396.0	0.0	41.0	0.0	0.0	0.0	18.0	0.0	80.0	0.0	0.0	76.0	0.0	0.0	0.0	0.0	9.0	0.0	4.0	0.0	0.0	26.0	519.0	0.0	0.0	0.0	38.0	0.0	0.0	11.0	0.0	0.0	0.0	124.0	0.0	0.0	5.0	0.0	164.0	172.0	0.0	0.0	1418.0	12.0	0.0	48.0	10.0	0.0	0.0	0.0	0.0	0.0	0.0	0.0	0.0	0.0	344.0	0.0	50.0	5.0	0.0	0.0	0.0	0.0	0.0	0.0	4.0	357.0	0.0	0.0	105.0	0.0	20.0	0.0	0.0	0.0	0.0	0.0	18.0	0.0	0.0	53.0	0.0	0.0	0.0	0.0	0.0	0.0	0.0	0.0	0.0	0.0	0.0	0.0	0.0	8.0	0.0	0.0	4.0	0.0	0.0	0.0	0.0	0.0	0.0	0.0	0.0	0.0	0.0	0.0	24.0	0.0	0.0	0.0	0.0	0.0	0.0	0.0	0.0	0.0	16.0	41.0	0.0	0.0	0.0	205.0	0.0	0.0	0.0	0.0	0.0	37.0	0.0	0.0	0.0	0.0	0.0	0.0	0.0	0.0	0.0	0.0	0.0	0.0	0.0	0.0	0.0	0.0	0.0	0.0	0.0	0.0	367.0	0.0	0.0	0.0	0.0	0.0	0.0	0.0	0.0	0.0	0.0	0.0	0.0	0.0	0.0	0.0	43.0	8.0	0.0	0.0	0.0	0.0	210.0	0.0	0.0	0.0	0.0	0.0	0.0	0.0	0.0	0.0	0.0	0.0	0.0	36.0	0.0	0.0	0.0	0.0	0.0	0.0	0.0	0.0	0.0	0.0	0.0	0.0	0.0	0.0	0.0	0.0	0.0	0.0	0.0	0.0	0.0	0.0	0.0	0.0	0.0	4.0	0.0	0.0	0.0	0.0	0.0	0.0	0.0	0.0	0.0	0.0	0.0	0.0	0.0	0.0	0.0	0.0	0.0	0.0	0.0	0.0	0.0	0.0	0.0	0.0	0.0	0.0	0.0	0.0	0.0	0.0	0.0	0.0	0.0	0.0	0.0	0.0	0.0	0.0	0.0	0.0	0.0	0.0	0.0	0.0	0.0	0.0	0.0	0.0	0.0	0.0	0.0	0.0	0.0	0.0	0.0	0.0	0.0	0.0	0.0
SRR21723520	35.0	50.0	286.0	0.0	94.0	0.0	0.0	0.0	0.0	14.0	9.0	172.0	6.0	0.0	19.0	22.0	7.0	5.0	128.0	7.0	502.0	0.0	6.0	480.0	270.0	69.0	0.0	15.0	1065.0	71.0	0.0	11.0	619.0	0.0	74.0	10.0	0.0	2173.0	0.0	13.0	1492.0	0.0	0.0	0.0	1253.0	479.0	0.0	0.0	1283.0	0.0	0.0	0.0	3.0	0.0	45.0	0.0	42.0	0.0	9.0	54.0	0.0	11.0	0.0	0.0	0.0	0.0	0.0	0.0	0.0	0.0	443.0	0.0	0.0	0.0	26.0	0.0	0.0	0.0	0.0	0.0	0.0	13.0	0.0	0.0	0.0	0.0	522.0	44.0	0.0	0.0	1223.0	7.0	14.0	0.0	0.0	0.0	0.0	0.0	0.0	0.0	0.0	0.0	24.0	14.0	190.0	0.0	49.0	0.0	0.0	0.0	0.0	0.0	0.0	0.0	0.0	230.0	0.0	0.0	0.0	0.0	0.0	0.0	0.0	0.0	0.0	0.0	0.0	0.0	0.0	34.0	0.0	40.0	0.0	0.0	0.0	0.0	0.0	0.0	0.0	0.0	0.0	0.0	0.0	4.0	0.0	0.0	49.0	0.0	0.0	0.0	0.0	0.0	0.0	0.0	0.0	0.0	0.0	0.0	0.0	3.0	0.0	0.0	0.0	0.0	0.0	0.0	0.0	0.0	0.0	4.0	0.0	0.0	0.0	1510.0	0.0	0.0	0.0	0.0	0.0	32.0	0.0	0.0	0.0	0.0	0.0	0.0	0.0	0.0	0.0	0.0	0.0	0.0	0.0	0.0	0.0	0.0	0.0	0.0	0.0	0.0	353.0	0.0	0.0	0.0	0.0	0.0	0.0	0.0	0.0	0.0	0.0	0.0	0.0	0.0	0.0	0.0	0.0	0.0	0.0	0.0	0.0	0.0	566.0	0.0	0.0	0.0	0.0	0.0	0.0	0.0	0.0	0.0	0.0	0.0	0.0	0.0	0.0	0.0	0.0	0.0	0.0	17.0	0.0	0.0	0.0	0.0	0.0	0.0	0.0	0.0	0.0	0.0	0.0	0.0	0.0	0.0	0.0	0.0	0.0	0.0	0.0	0.0	0.0	0.0	0.0	0.0	0.0	0.0	0.0	0.0	0.0	0.0	0.0	0.0	0.0	0.0	0.0	0.0	0.0	0.0	0.0	0.0	0.0	0.0	0.0	0.0	0.0	0.0	0.0	0.0	0.0	0.0	0.0	0.0	0.0	0.0	0.0	0.0	0.0	0.0	0.0	0.0	0.0	0.0	0.0	0.0	0.0	0.0	0.0	0.0	0.0	0.0	0.0	0.0	0.0	0.0	0.0	0.0	0.0	0.0	0.0
SRR21723521	0.0	0.0	13.0	0.0	11.0	0.0	0.0	0.0	0.0	6.0	0.0	0.0	0.0	0.0	0.0	10.0	0.0	0.0	7.0	0.0	56.0	0.0	0.0	34.0	15.0	0.0	0.0	0.0	0.0	0.0	0.0	0.0	68.0	0.0	0.0	0.0	0.0	12644.0	0.0	0.0	55.0	0.0	0.0	0.0	138.0	16.0	8.0	0.0	36.0	0.0	2.0	0.0	0.0	0.0	0.0	0.0	0.0	0.0	0.0	10.0	0.0	0.0	0.0	0.0	0.0	0.0	0.0	0.0	0.0	0.0	93.0	0.0	0.0	0.0	32.0	0.0	0.0	0.0	0.0	0.0	0.0	0.0	0.0	0.0	0.0	0.0	32.0	16.0	0.0	0.0	242.0	0.0	0.0	0.0	0.0	0.0	0.0	0.0	0.0	0.0	0.0	0.0	0.0	0.0	26.0	0.0	0.0	0.0	0.0	0.0	0.0	0.0	0.0	0.0	0.0	91.0	0.0	0.0	0.0	0.0	0.0	0.0	0.0	0.0	0.0	0.0	0.0	0.0	0.0	0.0	0.0	0.0	0.0	0.0	0.0	0.0	0.0	0.0	0.0	0.0	0.0	0.0	0.0	5.0	0.0	0.0	0.0	0.0	0.0	0.0	0.0	0.0	0.0	0.0	0.0	0.0	0.0	0.0	25.0	0.0	0.0	0.0	0.0	0.0	0.0	0.0	0.0	0.0	0.0	0.0	0.0	0.0	0.0	77.0	0.0	0.0	0.0	0.0	0.0	0.0	0.0	0.0	0.0	0.0	0.0	0.0	0.0	0.0	0.0	0.0	0.0	0.0	0.0	0.0	0.0	0.0	0.0	0.0	0.0	0.0	59.0	0.0	0.0	0.0	0.0	0.0	0.0	0.0	0.0	0.0	0.0	0.0	0.0	0.0	0.0	0.0	0.0	0.0	0.0	0.0	0.0	0.0	46.0	0.0	0.0	0.0	0.0	0.0	0.0	0.0	0.0	0.0	0.0	0.0	0.0	0.0	0.0	0.0	0.0	0.0	0.0	0.0	0.0	0.0	0.0	0.0	0.0	0.0	0.0	0.0	0.0	0.0	0.0	0.0	0.0	0.0	0.0	0.0	0.0	0.0	0.0	0.0	0.0	0.0	0.0	0.0	0.0	0.0	0.0	0.0	0.0	0.0	0.0	0.0	0.0	0.0	0.0	0.0	0.0	0.0	0.0	0.0	0.0	0.0	0.0	0.0	0.0	0.0	0.0	0.0	0.0	0.0	0.0	0.0	0.0	0.0	0.0	0.0	0.0	0.0	0.0	0.0	0.0	0.0	0.0	0.0	0.0	0.0	0.0	0.0	0.0	0.0	0.0	0.0	0.0	0.0	0.0	0.0	0.0	0.0	0.0
SRR21723522	44.0	154.0	1021.0	0.0	17.0	0.0	4.0	0.0	0.0	100.0	6.0	113.0	0.0	26.0	7.0	34.0	0.0	7.0	247.0	0.0	1305.0	19.0	0.0	0.0	1005.0	57.0	23.0	0.0	1660.0	0.0	0.0	15.0	687.0	0.0	120.0	8.0	0.0	4205.0	0.0	139.0	1328.0	0.0	14.0	0.0	2315.0	1187.0	46.0	0.0	1038.0	0.0	60.0	0.0	8.0	0.0	114.0	0.0	124.0	0.0	0.0	225.0	0.0	0.0	0.0	0.0	0.0	12.0	0.0	0.0	0.0	0.0	310.0	0.0	0.0	0.0	361.0	0.0	0.0	0.0	0.0	0.0	0.0	15.0	0.0	0.0	9.0	0.0	910.0	366.0	3.0	0.0	1739.0	17.0	13.0	7.0	0.0	0.0	0.0	0.0	0.0	0.0	0.0	0.0	12.0	0.0	326.0	0.0	0.0	0.0	0.0	0.0	0.0	0.0	0.0	0.0	0.0	507.0	0.0	0.0	96.0	0.0	0.0	0.0	6.0	0.0	0.0	0.0	69.0	0.0	0.0	53.0	0.0	71.0	0.0	0.0	0.0	0.0	0.0	4.0	0.0	0.0	6.0	0.0	9.0	12.0	0.0	0.0	6.0	0.0	0.0	0.0	0.0	0.0	0.0	0.0	0.0	0.0	0.0	0.0	0.0	0.0	12.0	0.0	0.0	0.0	0.0	0.0	0.0	0.0	126.0	0.0	0.0	0.0	0.0	1764.0	0.0	0.0	0.0	16.0	0.0	31.0	0.0	0.0	0.0	0.0	0.0	0.0	0.0	0.0	0.0	0.0	0.0	0.0	0.0	0.0	0.0	0.0	87.0	0.0	0.0	0.0	287.0	0.0	2.0	0.0	0.0	0.0	0.0	0.0	0.0	0.0	0.0	0.0	0.0	0.0	0.0	0.0	0.0	0.0	0.0	0.0	0.0	0.0	582.0	0.0	0.0	0.0	0.0	0.0	0.0	0.0	0.0	0.0	0.0	0.0	0.0	0.0	0.0	0.0	0.0	0.0	0.0	54.0	0.0	0.0	0.0	0.0	0.0	0.0	0.0	0.0	0.0	0.0	0.0	0.0	0.0	0.0	0.0	0.0	0.0	0.0	0.0	0.0	0.0	0.0	0.0	0.0	0.0	0.0	0.0	0.0	0.0	0.0	0.0	0.0	0.0	0.0	0.0	0.0	0.0	0.0	0.0	0.0	0.0	0.0	0.0	0.0	0.0	0.0	0.0	0.0	0.0	0.0	0.0	0.0	0.0	0.0	0.0	0.0	0.0	0.0	0.0	0.0	0.0	0.0	0.0	0.0	0.0	0.0	0.0	0.0	0.0	0.0	0.0	0.0	0.0	0.0	0.0	0.0	0.0	0.0	0.0
SRR21723523	41.0	91.0	2548.0	0.0	115.0	0.0	0.0	0.0	3.0	59.0	8.0	22.0	0.0	7.0	0.0	85.0	0.0	0.0	133.0	0.0	969.0	11.0	0.0	48.0	607.0	0.0	9.0	0.0	1250.0	12.0	0.0	2.0	251.0	0.0	122.0	0.0	0.0	150.0	0.0	32.0	1710.0	0.0	53.0	0.0	3326.0	666.0	55.0	13.0	1382.0	0.0	22.0	0.0	0.0	0.0	63.0	0.0	31.0	0.0	0.0	46.0	0.0	30.0	0.0	0.0	0.0	0.0	0.0	0.0	0.0	50.0	337.0	0.0	3.0	0.0	367.0	0.0	0.0	4.0	0.0	0.0	0.0	0.0	0.0	0.0	0.0	0.0	1193.0	1094.0	0.0	0.0	1777.0	0.0	0.0	42.0	0.0	0.0	0.0	0.0	0.0	0.0	0.0	0.0	0.0	52.0	311.0	0.0	0.0	0.0	0.0	0.0	0.0	0.0	0.0	0.0	0.0	324.0	0.0	0.0	40.0	0.0	0.0	0.0	6.0	0.0	0.0	0.0	33.0	0.0	0.0	25.0	0.0	32.0	0.0	0.0	0.0	0.0	0.0	0.0	0.0	0.0	0.0	0.0	0.0	0.0	0.0	0.0	0.0	0.0	0.0	0.0	0.0	0.0	0.0	0.0	0.0	0.0	0.0	0.0	6.0	0.0	16.0	0.0	0.0	0.0	0.0	0.0	0.0	0.0	0.0	25.0	0.0	0.0	0.0	950.0	0.0	0.0	0.0	0.0	0.0	0.0	0.0	0.0	0.0	0.0	0.0	0.0	0.0	0.0	0.0	0.0	0.0	0.0	0.0	0.0	0.0	0.0	93.0	0.0	0.0	0.0	339.0	0.0	0.0	0.0	0.0	0.0	0.0	0.0	0.0	0.0	0.0	0.0	0.0	0.0	0.0	0.0	0.0	0.0	0.0	0.0	0.0	0.0	118.0	0.0	0.0	0.0	0.0	0.0	0.0	0.0	0.0	0.0	0.0	0.0	0.0	0.0	0.0	0.0	0.0	0.0	0.0	0.0	0.0	0.0	0.0	0.0	0.0	0.0	0.0	0.0	0.0	0.0	0.0	0.0	0.0	0.0	0.0	0.0	0.0	0.0	0.0	0.0	0.0	0.0	0.0	0.0	0.0	0.0	0.0	0.0	0.0	0.0	0.0	0.0	0.0	0.0	0.0	0.0	0.0	0.0	0.0	0.0	0.0	0.0	0.0	0.0	0.0	0.0	0.0	0.0	0.0	0.0	0.0	0.0	0.0	0.0	0.0	0.0	0.0	0.0	0.0	0.0	0.0	0.0	0.0	0.0	0.0	0.0	0.0	0.0	0.0	0.0	0.0	0.0	0.0	0.0	0.0	0.0	0.0	0.0	0.0
SRR21723524	5.0	36.0	548.0	0.0	111.0	0.0	0.0	0.0	4.0	82.0	22.0	7.0	0.0	0.0	8.0	35.0	0.0	3.0	65.0	0.0	45.0	9.0	0.0	9977.0	259.0	8.0	0.0	0.0	182.0	0.0	0.0	0.0	949.0	0.0	49.0	0.0	0.0	87.0	0.0	58.0	575.0	5.0	56.0	0.0	1946.0	170.0	30.0	0.0	629.0	7.0	27.0	0.0	0.0	0.0	120.0	0.0	48.0	0.0	0.0	278.0	0.0	0.0	0.0	0.0	0.0	0.0	0.0	0.0	0.0	0.0	204.0	0.0	0.0	0.0	169.0	0.0	0.0	0.0	0.0	0.0	0.0	6.0	0.0	0.0	97.0	0.0	96.0	343.0	0.0	0.0	427.0	6.0	0.0	26.0	0.0	0.0	0.0	0.0	0.0	0.0	0.0	0.0	18.0	0.0	61.0	0.0	44.0	0.0	0.0	0.0	0.0	0.0	0.0	0.0	18.0	1540.0	0.0	0.0	117.0	0.0	0.0	0.0	0.0	0.0	0.0	0.0	9.0	0.0	0.0	59.0	0.0	0.0	0.0	0.0	0.0	0.0	0.0	0.0	0.0	0.0	0.0	0.0	0.0	0.0	0.0	0.0	31.0	0.0	0.0	0.0	0.0	0.0	0.0	0.0	0.0	0.0	0.0	0.0	3.0	0.0	0.0	0.0	0.0	0.0	0.0	0.0	0.0	0.0	14.0	116.0	0.0	0.0	0.0	1386.0	0.0	3.0	0.0	0.0	0.0	0.0	0.0	0.0	0.0	0.0	0.0	0.0	0.0	0.0	0.0	0.0	0.0	3.0	0.0	0.0	0.0	0.0	23.0	0.0	0.0	45.0	50.0	0.0	0.0	0.0	0.0	0.0	0.0	0.0	0.0	0.0	0.0	0.0	0.0	0.0	0.0	0.0	0.0	0.0	0.0	0.0	0.0	0.0	1514.0	0.0	0.0	0.0	0.0	0.0	0.0	0.0	0.0	0.0	0.0	0.0	0.0	20.0	0.0	0.0	0.0	0.0	0.0	0.0	0.0	0.0	0.0	0.0	0.0	0.0	0.0	0.0	0.0	0.0	0.0	0.0	0.0	0.0	0.0	0.0	0.0	0.0	0.0	0.0	12.0	0.0	0.0	0.0	0.0	0.0	0.0	0.0	0.0	0.0	0.0	0.0	0.0	0.0	0.0	0.0	0.0	0.0	0.0	0.0	0.0	0.0	0.0	0.0	0.0	0.0	0.0	0.0	0.0	0.0	0.0	0.0	0.0	0.0	0.0	0.0	0.0	0.0	0.0	0.0	0.0	0.0	0.0	52.0	0.0	0.0	0.0	0.0	0.0	0.0	0.0	0.0	0.0	0.0	0.0	0.0	0.0	0.0	0.0
SRR21723525	9.0	7.0	1303.0	0.0	74.0	0.0	0.0	0.0	0.0	30.0	0.0	23.0	0.0	0.0	0.0	7.0	4.0	0.0	63.0	4.0	118.0	6.0	0.0	48.0	855.0	0.0	0.0	23.0	768.0	60.0	0.0	0.0	193.0	0.0	31.0	12.0	0.0	1881.0	0.0	0.0	822.0	2.0	0.0	0.0	2132.0	369.0	14.0	0.0	434.0	0.0	43.0	0.0	0.0	0.0	28.0	0.0	0.0	0.0	0.0	129.0	0.0	41.0	0.0	0.0	0.0	0.0	3.0	0.0	0.0	0.0	311.0	0.0	0.0	0.0	259.0	0.0	0.0	0.0	0.0	0.0	0.0	0.0	0.0	0.0	0.0	0.0	688.0	865.0	0.0	0.0	1424.0	9.0	0.0	17.0	16.0	0.0	0.0	0.0	0.0	0.0	0.0	0.0	0.0	0.0	193.0	0.0	0.0	0.0	0.0	0.0	0.0	0.0	0.0	0.0	0.0	398.0	0.0	0.0	0.0	0.0	0.0	0.0	0.0	0.0	0.0	2.0	0.0	0.0	0.0	31.0	0.0	40.0	0.0	0.0	0.0	0.0	0.0	0.0	0.0	0.0	0.0	0.0	0.0	0.0	8.0	0.0	12.0	6.0	0.0	0.0	0.0	0.0	0.0	0.0	0.0	0.0	0.0	0.0	0.0	0.0	0.0	0.0	0.0	0.0	0.0	0.0	0.0	0.0	0.0	13.0	0.0	0.0	0.0	1173.0	0.0	0.0	0.0	0.0	0.0	0.0	0.0	0.0	7.0	0.0	0.0	0.0	0.0	0.0	0.0	0.0	0.0	0.0	0.0	0.0	0.0	0.0	22.0	0.0	0.0	0.0	282.0	0.0	0.0	0.0	0.0	0.0	0.0	0.0	0.0	0.0	0.0	0.0	0.0	0.0	0.0	0.0	0.0	0.0	0.0	0.0	0.0	0.0	316.0	0.0	0.0	0.0	0.0	0.0	0.0	0.0	0.0	0.0	0.0	0.0	0.0	0.0	0.0	0.0	0.0	0.0	0.0	0.0	0.0	0.0	0.0	0.0	0.0	0.0	0.0	0.0	0.0	0.0	0.0	0.0	0.0	0.0	0.0	9.0	0.0	0.0	0.0	0.0	0.0	0.0	0.0	0.0	0.0	0.0	0.0	0.0	0.0	0.0	0.0	0.0	0.0	0.0	0.0	0.0	0.0	0.0	0.0	0.0	0.0	0.0	0.0	0.0	0.0	0.0	0.0	0.0	0.0	0.0	0.0	0.0	0.0	0.0	0.0	0.0	0.0	0.0	0.0	0.0	0.0	0.0	0.0	0.0	0.0	0.0	0.0	0.0	0.0	0.0	0.0	0.0	0.0	0.0	0.0	0.0	0.0	0.0	0.0
SRR21723526	63.0	55.0	383.0	0.0	301.0	0.0	0.0	0.0	0.0	137.0	9.0	25.0	0.0	0.0	14.0	80.0	0.0	28.0	111.0	0.0	144.0	23.0	0.0	305.0	388.0	32.0	17.0	25.0	222.0	32.0	0.0	198.0	2763.0	0.0	164.0	0.0	0.0	378.0	0.0	153.0	1537.0	0.0	12.0	0.0	1336.0	2003.0	28.0	0.0	223.0	0.0	127.0	0.0	10.0	0.0	263.0	0.0	86.0	0.0	0.0	853.0	0.0	0.0	0.0	0.0	0.0	0.0	11.0	0.0	0.0	27.0	303.0	12.0	0.0	4.0	135.0	0.0	0.0	0.0	0.0	0.0	0.0	0.0	0.0	0.0	279.0	0.0	34.0	171.0	0.0	0.0	1046.0	0.0	0.0	65.0	0.0	0.0	0.0	0.0	0.0	0.0	0.0	0.0	54.0	0.0	920.0	0.0	0.0	28.0	0.0	0.0	0.0	0.0	0.0	0.0	0.0	3603.0	0.0	0.0	160.0	0.0	0.0	0.0	0.0	0.0	0.0	0.0	0.0	0.0	0.0	157.0	0.0	140.0	0.0	0.0	0.0	0.0	0.0	0.0	0.0	0.0	0.0	0.0	0.0	21.0	0.0	0.0	0.0	0.0	0.0	0.0	0.0	0.0	0.0	0.0	0.0	0.0	0.0	0.0	224.0	0.0	0.0	0.0	0.0	0.0	0.0	0.0	0.0	0.0	21.0	0.0	0.0	0.0	0.0	4804.0	0.0	0.0	0.0	0.0	0.0	0.0	0.0	0.0	11.0	15.0	0.0	0.0	0.0	0.0	0.0	0.0	0.0	0.0	0.0	0.0	0.0	0.0	0.0	0.0	0.0	95.0	329.0	0.0	0.0	0.0	0.0	0.0	0.0	0.0	0.0	0.0	0.0	0.0	0.0	0.0	0.0	0.0	8.0	0.0	0.0	0.0	0.0	0.0	3592.0	0.0	0.0	0.0	0.0	0.0	0.0	0.0	0.0	0.0	0.0	0.0	0.0	0.0	0.0	0.0	0.0	0.0	0.0	0.0	0.0	0.0	0.0	0.0	0.0	0.0	0.0	0.0	0.0	0.0	0.0	0.0	0.0	0.0	0.0	0.0	0.0	0.0	0.0	0.0	0.0	0.0	0.0	0.0	0.0	0.0	0.0	0.0	0.0	0.0	0.0	0.0	0.0	0.0	0.0	0.0	0.0	0.0	0.0	0.0	0.0	0.0	0.0	0.0	0.0	0.0	0.0	0.0	0.0	0.0	0.0	0.0	0.0	0.0	0.0	0.0	0.0	0.0	0.0	0.0	0.0	0.0	0.0	0.0	0.0	0.0	0.0	0.0	0.0	0.0	0.0	0.0	0.0	0.0	0.0	0.0	0.0	0.0	0.0
SRR21723528	6.0	46.0	919.0	0.0	8.0	0.0	0.0	0.0	0.0	0.0	0.0	28.0	0.0	0.0	0.0	24.0	0.0	0.0	42.0	0.0	185.0	0.0	0.0	123.0	429.0	0.0	0.0	0.0	597.0	16.0	0.0	0.0	139.0	0.0	35.0	0.0	0.0	162.0	0.0	24.0	750.0	0.0	19.0	0.0	1956.0	2986.0	14.0	3.0	313.0	0.0	0.0	0.0	0.0	0.0	16.0	0.0	35.0	0.0	0.0	34.0	0.0	11.0	0.0	0.0	0.0	0.0	0.0	0.0	0.0	14.0	241.0	0.0	0.0	0.0	163.0	0.0	0.0	0.0	0.0	0.0	0.0	0.0	0.0	0.0	0.0	0.0	629.0	523.0	0.0	0.0	1273.0	0.0	0.0	0.0	0.0	0.0	0.0	0.0	0.0	0.0	0.0	0.0	0.0	0.0	195.0	0.0	0.0	0.0	0.0	0.0	0.0	0.0	0.0	0.0	0.0	73.0	0.0	0.0	78.0	0.0	0.0	0.0	0.0	0.0	0.0	0.0	14.0	0.0	0.0	23.0	0.0	0.0	0.0	0.0	0.0	0.0	0.0	0.0	0.0	0.0	0.0	0.0	7.0	0.0	0.0	0.0	11.0	0.0	0.0	0.0	0.0	0.0	0.0	0.0	0.0	0.0	0.0	0.0	0.0	0.0	0.0	0.0	0.0	0.0	0.0	0.0	0.0	0.0	42.0	0.0	0.0	0.0	0.0	712.0	0.0	0.0	0.0	8.0	0.0	0.0	0.0	0.0	0.0	0.0	0.0	0.0	0.0	0.0	0.0	0.0	0.0	0.0	0.0	0.0	0.0	0.0	43.0	0.0	0.0	0.0	174.0	0.0	0.0	0.0	0.0	0.0	0.0	0.0	0.0	0.0	0.0	0.0	0.0	0.0	0.0	0.0	0.0	0.0	0.0	0.0	0.0	0.0	77.0	0.0	0.0	0.0	0.0	0.0	0.0	0.0	0.0	0.0	0.0	0.0	0.0	0.0	0.0	0.0	0.0	0.0	0.0	0.0	0.0	0.0	0.0	0.0	0.0	0.0	0.0	0.0	0.0	0.0	0.0	0.0	0.0	0.0	0.0	0.0	0.0	0.0	0.0	0.0	0.0	0.0	0.0	0.0	0.0	0.0	0.0	0.0	0.0	0.0	0.0	0.0	0.0	0.0	0.0	0.0	0.0	0.0	0.0	0.0	0.0	0.0	0.0	0.0	0.0	0.0	0.0	0.0	0.0	0.0	0.0	0.0	0.0	0.0	0.0	0.0	0.0	0.0	0.0	0.0	0.0	0.0	0.0	0.0	0.0	0.0	0.0	0.0	0.0	0.0	0.0	0.0	0.0	0.0	0.0	0.0	0.0	0.0	0.0
SRR21723529	0.0	5.0	503.0	0.0	85.0	0.0	0.0	0.0	0.0	47.0	9.0	32.0	0.0	0.0	0.0	50.0	0.0	2.0	90.0	0.0	113.0	8.0	0.0	139.0	323.0	0.0	0.0	0.0	140.0	27.0	0.0	3.0	1381.0	0.0	80.0	6.0	0.0	9660.0	8.0	37.0	364.0	0.0	0.0	0.0	674.0	71.0	0.0	0.0	206.0	0.0	45.0	0.0	0.0	0.0	37.0	0.0	88.0	0.0	0.0	210.0	0.0	0.0	0.0	0.0	0.0	0.0	7.0	0.0	0.0	0.0	95.0	0.0	0.0	0.0	67.0	0.0	0.0	0.0	0.0	0.0	0.0	11.0	0.0	0.0	101.0	0.0	262.0	183.0	0.0	0.0	1274.0	0.0	0.0	0.0	2.0	0.0	0.0	0.0	0.0	0.0	0.0	0.0	29.0	0.0	55.0	0.0	0.0	0.0	0.0	0.0	0.0	0.0	0.0	0.0	0.0	1273.0	0.0	0.0	9.0	0.0	0.0	0.0	5.0	0.0	0.0	0.0	0.0	0.0	0.0	0.0	0.0	99.0	0.0	0.0	0.0	0.0	0.0	0.0	0.0	0.0	0.0	9.0	0.0	0.0	0.0	0.0	19.0	0.0	0.0	0.0	0.0	0.0	0.0	0.0	0.0	0.0	0.0	0.0	0.0	0.0	0.0	0.0	0.0	0.0	0.0	0.0	0.0	0.0	0.0	264.0	0.0	0.0	0.0	1484.0	0.0	0.0	0.0	0.0	0.0	0.0	0.0	0.0	24.0	0.0	0.0	0.0	0.0	0.0	0.0	0.0	0.0	0.0	0.0	0.0	0.0	0.0	33.0	0.0	0.0	12.0	117.0	0.0	0.0	0.0	0.0	0.0	0.0	0.0	0.0	0.0	0.0	0.0	0.0	0.0	0.0	0.0	0.0	0.0	0.0	0.0	0.0	0.0	2479.0	0.0	0.0	0.0	0.0	0.0	0.0	0.0	0.0	0.0	0.0	0.0	0.0	0.0	0.0	0.0	0.0	0.0	0.0	0.0	0.0	0.0	0.0	0.0	0.0	0.0	0.0	0.0	0.0	0.0	0.0	0.0	0.0	0.0	0.0	0.0	0.0	0.0	0.0	0.0	0.0	0.0	0.0	0.0	0.0	0.0	0.0	0.0	0.0	0.0	0.0	0.0	0.0	0.0	0.0	0.0	0.0	0.0	0.0	0.0	0.0	0.0	0.0	0.0	0.0	0.0	0.0	0.0	0.0	0.0	0.0	0.0	0.0	0.0	0.0	0.0	0.0	0.0	0.0	0.0	0.0	0.0	0.0	0.0	0.0	0.0	0.0	0.0	0.0	0.0	0.0	0.0	0.0	0.0	0.0	0.0	0.0	0.0	0.0
SRR21723530	86.0	103.0	3145.0	0.0	109.0	0.0	0.0	0.0	18.0	59.0	0.0	67.0	0.0	0.0	12.0	52.0	0.0	14.0	162.0	0.0	797.0	11.0	25.0	69.0	694.0	0.0	0.0	24.0	1143.0	120.0	0.0	7.0	198.0	0.0	91.0	0.0	2.0	314.0	0.0	19.0	1264.0	0.0	64.0	0.0	3160.0	1554.0	67.0	116.0	1602.0	0.0	47.0	0.0	0.0	0.0	12.0	0.0	21.0	0.0	10.0	12.0	0.0	20.0	0.0	0.0	0.0	4.0	16.0	0.0	0.0	56.0	400.0	0.0	0.0	0.0	236.0	0.0	0.0	0.0	0.0	0.0	0.0	59.0	0.0	0.0	0.0	0.0	1956.0	481.0	0.0	0.0	2287.0	0.0	0.0	0.0	0.0	0.0	0.0	0.0	0.0	0.0	0.0	0.0	0.0	0.0	614.0	0.0	0.0	0.0	0.0	0.0	0.0	0.0	0.0	0.0	0.0	83.0	0.0	0.0	25.0	0.0	0.0	0.0	18.0	0.0	0.0	0.0	8.0	0.0	0.0	26.0	0.0	30.0	0.0	0.0	0.0	0.0	0.0	0.0	0.0	0.0	0.0	0.0	43.0	0.0	0.0	0.0	0.0	4.0	0.0	0.0	0.0	0.0	0.0	0.0	0.0	0.0	0.0	0.0	17.0	0.0	0.0	0.0	0.0	0.0	0.0	0.0	0.0	0.0	38.0	58.0	0.0	0.0	0.0	386.0	0.0	0.0	0.0	0.0	0.0	0.0	0.0	0.0	0.0	0.0	0.0	0.0	0.0	0.0	0.0	0.0	0.0	0.0	0.0	0.0	0.0	0.0	36.0	0.0	0.0	0.0	353.0	0.0	0.0	0.0	0.0	0.0	0.0	0.0	0.0	0.0	0.0	0.0	0.0	0.0	0.0	0.0	0.0	0.0	0.0	0.0	0.0	0.0	83.0	0.0	0.0	0.0	0.0	0.0	0.0	0.0	0.0	0.0	0.0	0.0	0.0	0.0	0.0	0.0	0.0	0.0	0.0	0.0	0.0	0.0	0.0	0.0	0.0	0.0	0.0	0.0	0.0	0.0	0.0	0.0	0.0	0.0	0.0	0.0	0.0	0.0	0.0	0.0	0.0	0.0	0.0	0.0	0.0	0.0	0.0	0.0	0.0	0.0	0.0	0.0	0.0	0.0	0.0	0.0	0.0	0.0	0.0	0.0	0.0	0.0	0.0	0.0	0.0	0.0	0.0	0.0	0.0	0.0	0.0	0.0	0.0	0.0	0.0	0.0	0.0	0.0	0.0	0.0	0.0	0.0	0.0	0.0	0.0	0.0	0.0	0.0	0.0	0.0	0.0	0.0	0.0	0.0	0.0	0.0	0.0	0.0	0.0
SRR21723531	0.0	241.0	6.0	0.0	0.0	0.0	0.0	0.0	0.0	10.0	0.0	138.0	0.0	2.0	10.0	9.0	0.0	0.0	213.0	0.0	11.0	0.0	0.0	1003.0	42.0	32.0	0.0	0.0	585.0	0.0	0.0	162.0	1618.0	0.0	19.0	4.0	0.0	3310.0	0.0	45.0	9702.0	0.0	0.0	0.0	802.0	998.0	0.0	0.0	109.0	0.0	4.0	0.0	0.0	0.0	0.0	0.0	17.0	0.0	0.0	8.0	0.0	0.0	0.0	0.0	0.0	0.0	6.0	0.0	0.0	0.0	132.0	0.0	0.0	0.0	36.0	0.0	0.0	0.0	0.0	0.0	0.0	478.0	0.0	0.0	8.0	0.0	491.0	24.0	0.0	0.0	203.0	0.0	0.0	0.0	0.0	0.0	0.0	0.0	0.0	0.0	0.0	0.0	0.0	0.0	1458.0	0.0	0.0	0.0	0.0	0.0	0.0	0.0	0.0	0.0	0.0	152.0	0.0	0.0	15.0	0.0	0.0	0.0	0.0	0.0	0.0	0.0	0.0	0.0	0.0	0.0	0.0	0.0	0.0	0.0	0.0	0.0	0.0	0.0	0.0	0.0	0.0	0.0	0.0	0.0	0.0	0.0	132.0	0.0	0.0	0.0	0.0	0.0	0.0	0.0	0.0	0.0	0.0	0.0	478.0	3.0	0.0	0.0	0.0	0.0	0.0	0.0	0.0	0.0	247.0	0.0	0.0	0.0	0.0	132.0	0.0	0.0	0.0	0.0	0.0	88.0	0.0	0.0	0.0	0.0	0.0	0.0	0.0	0.0	0.0	0.0	0.0	0.0	0.0	0.0	0.0	0.0	24.0	0.0	0.0	0.0	54.0	0.0	0.0	0.0	0.0	0.0	0.0	0.0	0.0	0.0	0.0	0.0	0.0	0.0	0.0	0.0	0.0	0.0	0.0	0.0	0.0	0.0	35.0	0.0	0.0	0.0	0.0	0.0	0.0	0.0	0.0	0.0	0.0	0.0	0.0	0.0	0.0	0.0	0.0	0.0	0.0	17.0	0.0	0.0	0.0	0.0	0.0	0.0	0.0	0.0	0.0	0.0	0.0	0.0	0.0	0.0	258.0	0.0	0.0	0.0	0.0	0.0	0.0	0.0	0.0	0.0	0.0	0.0	0.0	0.0	0.0	0.0	0.0	0.0	0.0	0.0	0.0	0.0	0.0	0.0	0.0	0.0	0.0	0.0	0.0	0.0	0.0	0.0	0.0	0.0	50.0	0.0	0.0	0.0	0.0	0.0	0.0	0.0	0.0	0.0	0.0	0.0	0.0	0.0	0.0	34.0	0.0	0.0	0.0	0.0	0.0	0.0	0.0	0.0	0.0	0.0	0.0	0.0	0.0	0.0	0.0
SRR21723532	0.0	9.0	49.0	0.0	0.0	0.0	0.0	0.0	18.0	10.0	0.0	21.0	0.0	0.0	0.0	0.0	0.0	0.0	6.0	0.0	0.0	0.0	0.0	3455.0	35.0	0.0	0.0	0.0	17.0	0.0	0.0	9.0	366.0	0.0	0.0	0.0	0.0	19008.0	0.0	0.0	257.0	0.0	0.0	0.0	128.0	6350.0	0.0	0.0	19.0	0.0	0.0	0.0	0.0	0.0	0.0	0.0	0.0	0.0	0.0	0.0	0.0	0.0	0.0	0.0	0.0	0.0	0.0	0.0	0.0	0.0	59.0	0.0	0.0	0.0	15.0	0.0	0.0	0.0	0.0	0.0	0.0	0.0	0.0	0.0	22.0	0.0	134.0	19.0	0.0	0.0	117.0	0.0	0.0	0.0	6.0	0.0	0.0	0.0	0.0	0.0	0.0	0.0	0.0	0.0	1237.0	0.0	0.0	0.0	0.0	0.0	0.0	0.0	0.0	0.0	0.0	91.0	0.0	0.0	22.0	0.0	0.0	0.0	0.0	0.0	0.0	0.0	0.0	0.0	0.0	35.0	0.0	0.0	0.0	0.0	0.0	0.0	0.0	0.0	0.0	0.0	0.0	0.0	0.0	0.0	0.0	0.0	0.0	0.0	0.0	0.0	0.0	0.0	0.0	0.0	0.0	0.0	0.0	0.0	9.0	0.0	0.0	0.0	0.0	0.0	0.0	0.0	0.0	0.0	22.0	18.0	0.0	0.0	0.0	88.0	0.0	0.0	0.0	0.0	0.0	10.0	0.0	0.0	0.0	0.0	0.0	0.0	0.0	0.0	0.0	0.0	0.0	0.0	0.0	0.0	0.0	0.0	0.0	0.0	0.0	0.0	0.0	0.0	0.0	0.0	0.0	0.0	0.0	0.0	0.0	0.0	0.0	0.0	0.0	0.0	0.0	5.0	0.0	0.0	0.0	0.0	0.0	0.0	42.0	0.0	0.0	0.0	0.0	0.0	0.0	0.0	0.0	0.0	0.0	0.0	0.0	0.0	0.0	0.0	0.0	0.0	0.0	56.0	0.0	0.0	0.0	0.0	0.0	0.0	0.0	0.0	0.0	0.0	0.0	0.0	0.0	0.0	0.0	0.0	0.0	0.0	0.0	0.0	0.0	0.0	0.0	0.0	0.0	0.0	0.0	0.0	0.0	0.0	0.0	0.0	0.0	0.0	0.0	0.0	0.0	0.0	0.0	0.0	0.0	0.0	0.0	0.0	0.0	0.0	0.0	0.0	0.0	0.0	0.0	0.0	0.0	0.0	0.0	0.0	0.0	0.0	0.0	0.0	0.0	0.0	0.0	0.0	0.0	0.0	0.0	0.0	0.0	0.0	0.0	0.0	0.0	0.0	0.0	0.0	0.0	0.0	0.0
SRR21723533	53.0	132.0	973.0	0.0	80.0	0.0	0.0	0.0	8.0	139.0	27.0	293.0	0.0	27.0	8.0	77.0	10.0	27.0	594.0	0.0	614.0	21.0	2.0	346.0	857.0	128.0	11.0	38.0	1799.0	65.0	0.0	59.0	2089.0	0.0	174.0	0.0	0.0	306.0	0.0	197.0	2759.0	25.0	5.0	0.0	2121.0	1201.0	60.0	0.0	977.0	8.0	61.0	0.0	0.0	0.0	107.0	0.0	215.0	0.0	0.0	643.0	0.0	0.0	0.0	0.0	0.0	0.0	13.0	0.0	5.0	106.0	883.0	4.0	0.0	32.0	710.0	0.0	0.0	0.0	0.0	0.0	0.0	26.0	0.0	0.0	330.0	0.0	862.0	219.0	0.0	0.0	4119.0	15.0	0.0	55.0	0.0	0.0	0.0	0.0	0.0	0.0	0.0	12.0	0.0	0.0	685.0	0.0	43.0	0.0	0.0	0.0	0.0	0.0	0.0	0.0	18.0	3294.0	0.0	0.0	60.0	0.0	22.0	0.0	7.0	0.0	0.0	0.0	0.0	0.0	0.0	117.0	0.0	214.0	0.0	0.0	0.0	0.0	0.0	0.0	0.0	0.0	0.0	0.0	14.0	9.0	10.0	0.0	129.0	7.0	0.0	0.0	0.0	0.0	0.0	0.0	0.0	0.0	0.0	0.0	28.0	0.0	0.0	0.0	0.0	0.0	0.0	0.0	0.0	0.0	0.0	98.0	0.0	0.0	0.0	2322.0	0.0	0.0	0.0	0.0	0.0	204.0	0.0	0.0	15.0	30.0	0.0	0.0	0.0	9.0	10.0	0.0	0.0	0.0	0.0	0.0	0.0	81.0	202.0	0.0	0.0	0.0	577.0	0.0	0.0	0.0	0.0	0.0	0.0	0.0	0.0	6.0	0.0	0.0	0.0	0.0	0.0	0.0	0.0	0.0	0.0	0.0	0.0	0.0	1908.0	0.0	0.0	0.0	33.0	0.0	0.0	0.0	0.0	0.0	0.0	0.0	0.0	0.0	0.0	0.0	0.0	0.0	0.0	49.0	0.0	0.0	0.0	0.0	0.0	0.0	0.0	0.0	0.0	0.0	0.0	0.0	0.0	0.0	0.0	0.0	0.0	0.0	0.0	0.0	0.0	0.0	0.0	0.0	0.0	0.0	0.0	0.0	0.0	0.0	0.0	0.0	0.0	0.0	0.0	0.0	0.0	0.0	14.0	0.0	0.0	0.0	0.0	0.0	0.0	0.0	0.0	0.0	0.0	0.0	0.0	0.0	0.0	0.0	0.0	0.0	0.0	0.0	0.0	0.0	0.0	0.0	0.0	0.0	0.0	0.0	0.0	0.0	0.0	0.0	0.0	0.0	0.0	0.0	0.0	0.0	0.0	0.0	0.0
SRR21723534	184.0	133.0	5657.0	0.0	280.0	0.0	0.0	0.0	2.0	107.0	0.0	126.0	0.0	0.0	48.0	204.0	0.0	61.0	378.0	0.0	1163.0	9.0	11.0	128.0	982.0	12.0	27.0	126.0	1688.0	186.0	0.0	60.0	300.0	0.0	70.0	17.0	0.0	892.0	0.0	77.0	1986.0	18.0	0.0	0.0	5180.0	1727.0	52.0	41.0	3279.0	30.0	0.0	0.0	0.0	0.0	22.0	0.0	68.0	0.0	0.0	68.0	0.0	67.0	6.0	0.0	0.0	4.0	16.0	0.0	0.0	159.0	470.0	0.0	0.0	19.0	413.0	0.0	0.0	0.0	0.0	0.0	0.0	154.0	0.0	0.0	0.0	0.0	2075.0	1220.0	0.0	0.0	3281.0	0.0	0.0	29.0	0.0	0.0	0.0	0.0	0.0	0.0	0.0	0.0	0.0	73.0	1078.0	0.0	52.0	0.0	0.0	0.0	0.0	0.0	0.0	0.0	0.0	178.0	0.0	0.0	44.0	0.0	0.0	0.0	16.0	0.0	0.0	8.0	0.0	0.0	0.0	175.0	0.0	40.0	0.0	0.0	0.0	0.0	0.0	0.0	13.0	0.0	0.0	0.0	0.0	0.0	10.0	0.0	23.0	0.0	0.0	0.0	0.0	0.0	0.0	0.0	0.0	0.0	0.0	0.0	50.0	0.0	17.0	0.0	0.0	0.0	0.0	0.0	0.0	0.0	22.0	103.0	0.0	10.0	0.0	1668.0	0.0	0.0	0.0	8.0	14.0	25.0	12.0	0.0	0.0	0.0	0.0	0.0	0.0	0.0	0.0	8.0	0.0	0.0	0.0	0.0	0.0	0.0	83.0	0.0	0.0	0.0	614.0	0.0	0.0	0.0	0.0	0.0	0.0	0.0	0.0	0.0	0.0	0.0	0.0	0.0	0.0	0.0	0.0	0.0	0.0	0.0	0.0	0.0	79.0	0.0	0.0	0.0	0.0	0.0	0.0	0.0	0.0	0.0	0.0	0.0	0.0	0.0	0.0	0.0	0.0	0.0	0.0	0.0	0.0	0.0	0.0	0.0	0.0	0.0	0.0	0.0	0.0	0.0	0.0	0.0	0.0	0.0	0.0	18.0	0.0	0.0	0.0	0.0	0.0	0.0	0.0	0.0	0.0	0.0	0.0	0.0	0.0	0.0	0.0	0.0	0.0	0.0	0.0	0.0	0.0	0.0	0.0	0.0	0.0	0.0	0.0	0.0	0.0	0.0	0.0	0.0	0.0	0.0	0.0	0.0	0.0	0.0	0.0	0.0	0.0	0.0	0.0	0.0	0.0	0.0	0.0	0.0	0.0	0.0	0.0	0.0	0.0	0.0	0.0	0.0	0.0	0.0	0.0	0.0	0.0	0.0	0.0
SRR21723552	656.0	38.0	332.0	0.0	36.0	0.0	0.0	0.0	0.0	250.0	39.0	7.0	0.0	6.0	19.0	1174.0	85.0	54.0	40.0	2.0	201.0	29.0	34.0	0.0	693.0	22.0	26.0	49.0	360.0	0.0	0.0	7.0	62.0	0.0	442.0	0.0	0.0	3.0	0.0	146.0	929.0	44.0	0.0	0.0	30.0	59.0	121.0	0.0	210.0	0.0	440.0	0.0	0.0	2.0	152.0	0.0	191.0	0.0	5.0	210.0	0.0	0.0	0.0	24.0	12.0	0.0	14.0	0.0	0.0	106.0	112.0	0.0	0.0	0.0	65.0	0.0	0.0	0.0	0.0	0.0	0.0	0.0	0.0	0.0	17.0	4.0	54.0	95.0	4.0	0.0	0.0	21.0	0.0	300.0	23.0	0.0	0.0	0.0	0.0	0.0	0.0	0.0	0.0	178.0	76.0	2.0	0.0	0.0	7.0	0.0	0.0	0.0	0.0	11.0	4.0	112.0	0.0	3.0	119.0	0.0	0.0	0.0	33.0	0.0	0.0	0.0	6.0	0.0	0.0	0.0	0.0	163.0	0.0	0.0	0.0	9.0	0.0	0.0	0.0	0.0	13.0	0.0	0.0	0.0	5.0	0.0	0.0	0.0	0.0	0.0	0.0	0.0	0.0	0.0	0.0	0.0	0.0	0.0	0.0	0.0	7.0	0.0	0.0	0.0	0.0	0.0	0.0	0.0	0.0	30.0	0.0	0.0	0.0	1735.0	5.0	0.0	0.0	0.0	0.0	0.0	0.0	0.0	13.0	0.0	0.0	0.0	0.0	0.0	0.0	0.0	0.0	3.0	0.0	0.0	0.0	0.0	0.0	0.0	0.0	0.0	78.0	0.0	0.0	0.0	0.0	0.0	0.0	0.0	0.0	0.0	0.0	0.0	0.0	0.0	0.0	0.0	0.0	0.0	0.0	0.0	0.0	0.0	50.0	0.0	0.0	0.0	0.0	0.0	0.0	0.0	21.0	0.0	0.0	0.0	0.0	0.0	0.0	0.0	0.0	0.0	0.0	0.0	0.0	0.0	0.0	0.0	0.0	0.0	0.0	0.0	0.0	0.0	0.0	0.0	0.0	0.0	0.0	0.0	0.0	0.0	0.0	0.0	0.0	0.0	0.0	0.0	0.0	0.0	0.0	0.0	0.0	0.0	0.0	0.0	0.0	0.0	0.0	0.0	0.0	0.0	0.0	0.0	0.0	0.0	0.0	0.0	0.0	0.0	0.0	0.0	0.0	0.0	0.0	0.0	0.0	0.0	0.0	0.0	0.0	0.0	0.0	0.0	0.0	0.0	0.0	0.0	0.0	0.0	0.0	0.0	0.0	0.0	0.0	0.0	0.0	0.0	0.0	0.0	0.0	0.0	0.0
SRR21723563	1504.0	57.0	608.0	0.0	161.0	0.0	0.0	5.0	33.0	775.0	271.0	281.0	0.0	18.0	34.0	1795.0	247.0	96.0	69.0	30.0	725.0	136.0	76.0	0.0	1199.0	297.0	123.0	401.0	1612.0	23.0	0.0	17.0	81.0	0.0	2068.0	5.0	3.0	0.0	0.0	652.0	1244.0	55.0	10.0	0.0	55.0	152.0	79.0	0.0	421.0	64.0	862.0	0.0	39.0	6.0	379.0	0.0	679.0	0.0	0.0	323.0	0.0	0.0	3.0	19.0	32.0	14.0	94.0	0.0	4.0	298.0	237.0	0.0	12.0	6.0	196.0	12.0	0.0	0.0	0.0	8.0	0.0	3.0	0.0	0.0	8.0	0.0	460.0	73.0	9.0	0.0	476.0	55.0	12.0	758.0	24.0	3.0	8.0	0.0	0.0	3.0	0.0	0.0	64.0	499.0	28.0	6.0	118.0	0.0	5.0	0.0	0.0	0.0	3.0	27.0	33.0	197.0	0.0	3.0	154.0	0.0	0.0	0.0	64.0	0.0	0.0	0.0	108.0	0.0	0.0	0.0	0.0	595.0	0.0	0.0	0.0	8.0	0.0	24.0	0.0	0.0	55.0	0.0	0.0	0.0	3.0	0.0	0.0	6.0	0.0	0.0	4.0	0.0	0.0	0.0	0.0	0.0	0.0	0.0	0.0	0.0	78.0	0.0	0.0	0.0	0.0	3.0	0.0	16.0	0.0	101.0	4.0	0.0	0.0	88.0	0.0	0.0	0.0	0.0	0.0	0.0	0.0	0.0	25.0	0.0	0.0	0.0	0.0	4.0	117.0	0.0	0.0	0.0	0.0	31.0	0.0	0.0	0.0	0.0	0.0	0.0	158.0	0.0	0.0	21.0	0.0	0.0	0.0	0.0	0.0	0.0	0.0	0.0	0.0	0.0	0.0	0.0	0.0	0.0	0.0	0.0	0.0	0.0	178.0	0.0	0.0	0.0	0.0	0.0	0.0	5.0	0.0	0.0	0.0	0.0	0.0	0.0	0.0	0.0	0.0	0.0	0.0	0.0	0.0	0.0	0.0	0.0	0.0	0.0	0.0	0.0	0.0	0.0	0.0	0.0	0.0	0.0	0.0	0.0	0.0	0.0	0.0	0.0	0.0	0.0	0.0	0.0	0.0	0.0	0.0	0.0	0.0	0.0	0.0	0.0	0.0	0.0	0.0	0.0	0.0	0.0	0.0	0.0	0.0	0.0	0.0	0.0	0.0	0.0	0.0	0.0	0.0	0.0	0.0	0.0	0.0	0.0	0.0	0.0	0.0	0.0	0.0	0.0	0.0	0.0	0.0	0.0	0.0	0.0	0.0	0.0	0.0	0.0	0.0	0.0	0.0	0.0	0.0	0.0	0.0	0.0	0.0
SRR21723569	847.0	23.0	250.0	0.0	122.0	0.0	3.0	0.0	0.0	557.0	157.0	53.0	0.0	3.0	34.0	1532.0	83.0	63.0	37.0	28.0	389.0	39.0	11.0	0.0	920.0	110.0	15.0	131.0	735.0	0.0	0.0	0.0	55.0	0.0	560.0	3.0	3.0	0.0	0.0	234.0	590.0	17.0	0.0	0.0	26.0	84.0	123.0	0.0	153.0	35.0	800.0	0.0	0.0	4.0	175.0	0.0	221.0	0.0	2.0	219.0	0.0	0.0	0.0	0.0	23.0	0.0	93.0	0.0	0.0	188.0	142.0	5.0	0.0	0.0	99.0	0.0	0.0	3.0	0.0	0.0	0.0	0.0	0.0	0.0	0.0	0.0	214.0	66.0	14.0	0.0	216.0	16.0	4.0	449.0	30.0	3.0	0.0	0.0	0.0	0.0	0.0	0.0	125.0	408.0	0.0	0.0	0.0	0.0	4.0	0.0	0.0	0.0	0.0	0.0	9.0	64.0	0.0	0.0	222.0	0.0	0.0	0.0	62.0	0.0	0.0	0.0	49.0	0.0	0.0	0.0	0.0	203.0	0.0	0.0	0.0	0.0	2.0	0.0	0.0	0.0	42.0	0.0	0.0	0.0	17.0	0.0	0.0	0.0	0.0	0.0	0.0	0.0	0.0	6.0	0.0	0.0	0.0	0.0	0.0	0.0	11.0	0.0	0.0	0.0	0.0	4.0	0.0	4.0	0.0	47.0	10.0	6.0	0.0	64.0	0.0	22.0	0.0	0.0	0.0	0.0	0.0	0.0	27.0	0.0	0.0	0.0	0.0	0.0	0.0	0.0	4.0	0.0	0.0	26.0	0.0	0.0	0.0	0.0	0.0	0.0	60.0	0.0	0.0	18.0	0.0	0.0	0.0	0.0	0.0	0.0	0.0	0.0	0.0	0.0	0.0	0.0	0.0	0.0	0.0	0.0	0.0	0.0	109.0	0.0	0.0	0.0	0.0	0.0	0.0	0.0	0.0	0.0	0.0	0.0	0.0	0.0	0.0	0.0	0.0	0.0	0.0	0.0	0.0	0.0	0.0	0.0	0.0	0.0	0.0	0.0	0.0	0.0	0.0	0.0	0.0	0.0	0.0	0.0	0.0	0.0	0.0	0.0	0.0	0.0	0.0	0.0	0.0	0.0	0.0	0.0	0.0	0.0	0.0	0.0	0.0	0.0	0.0	0.0	0.0	0.0	0.0	0.0	0.0	0.0	0.0	0.0	0.0	0.0	0.0	0.0	0.0	0.0	0.0	0.0	0.0	0.0	0.0	0.0	0.0	0.0	0.0	0.0	0.0	0.0	0.0	0.0	0.0	0.0	0.0	0.0	0.0	0.0	0.0	0.0	0.0	0.0	0.0	0.0	0.0	0.0	0.0
SRR21723580	1178.0	22.0	289.0	0.0	123.0	0.0	0.0	0.0	20.0	468.0	190.0	96.0	16.0	20.0	13.0	1471.0	189.0	100.0	49.0	57.0	469.0	87.0	68.0	0.0	1240.0	117.0	76.0	348.0	979.0	21.0	4.0	8.0	93.0	0.0	1071.0	0.0	0.0	20.0	0.0	168.0	1046.0	18.0	0.0	0.0	59.0	92.0	90.0	0.0	206.0	4.0	691.0	0.0	15.0	7.0	261.0	0.0	338.0	0.0	0.0	208.0	0.0	0.0	0.0	17.0	29.0	35.0	55.0	0.0	0.0	224.0	111.0	0.0	0.0	0.0	160.0	0.0	0.0	0.0	0.0	0.0	0.0	2.0	0.0	0.0	11.0	0.0	342.0	81.0	11.0	0.0	344.0	41.0	12.0	824.0	45.0	0.0	8.0	0.0	0.0	0.0	0.0	0.0	52.0	378.0	38.0	7.0	121.0	0.0	0.0	12.0	0.0	0.0	0.0	0.0	26.0	105.0	0.0	0.0	147.0	2.0	6.0	0.0	47.0	0.0	0.0	0.0	14.0	0.0	0.0	0.0	0.0	317.0	3.0	0.0	0.0	7.0	0.0	13.0	0.0	0.0	49.0	0.0	0.0	0.0	13.0	0.0	3.0	7.0	0.0	0.0	2.0	0.0	0.0	3.0	0.0	0.0	0.0	0.0	4.0	4.0	25.0	0.0	0.0	2.0	0.0	0.0	0.0	20.0	0.0	33.0	22.0	0.0	0.0	169.0	0.0	0.0	0.0	0.0	0.0	0.0	0.0	0.0	0.0	0.0	0.0	0.0	0.0	0.0	64.0	0.0	3.0	0.0	0.0	24.0	0.0	0.0	0.0	0.0	0.0	0.0	141.0	0.0	0.0	0.0	0.0	0.0	0.0	0.0	0.0	0.0	0.0	0.0	0.0	2.0	0.0	0.0	0.0	0.0	0.0	0.0	0.0	0.0	166.0	0.0	0.0	0.0	0.0	0.0	0.0	0.0	0.0	0.0	0.0	0.0	0.0	0.0	0.0	0.0	0.0	0.0	0.0	0.0	0.0	0.0	0.0	0.0	0.0	0.0	0.0	0.0	0.0	0.0	0.0	0.0	0.0	0.0	0.0	0.0	0.0	0.0	0.0	0.0	0.0	0.0	0.0	0.0	0.0	0.0	0.0	0.0	0.0	0.0	0.0	0.0	0.0	0.0	0.0	0.0	0.0	0.0	0.0	0.0	0.0	0.0	0.0	0.0	0.0	0.0	0.0	0.0	0.0	0.0	0.0	0.0	0.0	0.0	0.0	0.0	0.0	0.0	0.0	0.0	0.0	0.0	0.0	0.0	0.0	0.0	0.0	0.0	0.0	0.0	0.0	0.0	0.0	0.0	0.0	0.0	0.0	0.0	0.0
SRR21723585	595.0	111.0	1283.0	0.0	176.0	0.0	0.0	0.0	33.0	1080.0	344.0	70.0	0.0	4.0	29.0	2418.0	0.0	79.0	79.0	0.0	427.0	124.0	22.0	8.0	1670.0	89.0	86.0	105.0	1780.0	0.0	0.0	4.0	398.0	0.0	1436.0	3.0	4.0	24.0	0.0	657.0	1687.0	28.0	0.0	0.0	67.0	318.0	223.0	0.0	319.0	0.0	999.0	7.0	12.0	4.0	479.0	0.0	851.0	0.0	0.0	849.0	0.0	0.0	0.0	12.0	14.0	0.0	157.0	0.0	0.0	287.0	307.0	15.0	0.0	0.0	527.0	3.0	0.0	4.0	2.0	10.0	0.0	0.0	0.0	0.0	120.0	0.0	98.0	227.0	8.0	0.0	686.0	69.0	0.0	777.0	0.0	0.0	0.0	0.0	0.0	2.0	0.0	0.0	238.0	94.0	136.0	3.0	104.0	0.0	0.0	0.0	0.0	0.0	0.0	0.0	0.0	669.0	0.0	0.0	410.0	0.0	0.0	0.0	19.0	0.0	0.0	0.0	0.0	0.0	0.0	0.0	0.0	448.0	0.0	0.0	0.0	3.0	0.0	0.0	0.0	0.0	7.0	29.0	0.0	0.0	13.0	0.0	3.0	0.0	0.0	0.0	3.0	0.0	0.0	0.0	0.0	0.0	0.0	0.0	2.0	0.0	97.0	0.0	0.0	0.0	0.0	0.0	0.0	0.0	0.0	25.0	0.0	0.0	0.0	589.0	0.0	75.0	0.0	0.0	0.0	0.0	0.0	0.0	83.0	0.0	0.0	0.0	0.0	0.0	51.0	0.0	0.0	0.0	4.0	38.0	0.0	0.0	39.0	0.0	0.0	78.0	312.0	0.0	0.0	23.0	0.0	0.0	0.0	0.0	0.0	0.0	0.0	0.0	0.0	0.0	0.0	0.0	0.0	0.0	0.0	0.0	0.0	0.0	554.0	0.0	0.0	0.0	0.0	0.0	0.0	0.0	29.0	0.0	0.0	0.0	0.0	0.0	0.0	0.0	0.0	0.0	0.0	0.0	0.0	0.0	0.0	0.0	0.0	0.0	0.0	0.0	0.0	0.0	0.0	0.0	0.0	0.0	0.0	0.0	0.0	0.0	0.0	0.0	0.0	0.0	0.0	0.0	0.0	0.0	0.0	0.0	0.0	0.0	0.0	0.0	0.0	0.0	0.0	0.0	0.0	0.0	0.0	0.0	0.0	0.0	0.0	0.0	0.0	0.0	4.0	0.0	0.0	0.0	0.0	0.0	0.0	0.0	0.0	0.0	0.0	0.0	0.0	0.0	0.0	0.0	0.0	0.0	0.0	0.0	0.0	0.0	0.0	0.0	0.0	0.0	0.0	0.0	0.0	0.0	0.0	0.0	0.0
SRR21723586	228.0	23.0	871.0	0.0	134.0	0.0	3.0	0.0	3.0	799.0	103.0	6.0	0.0	3.0	14.0	1002.0	0.0	26.0	38.0	2.0	315.0	33.0	0.0	77.0	901.0	0.0	28.0	0.0	745.0	0.0	0.0	0.0	377.0	0.0	395.0	0.0	0.0	176.0	0.0	302.0	1093.0	2.0	0.0	0.0	100.0	109.0	111.0	0.0	168.0	0.0	836.0	0.0	8.0	0.0	279.0	0.0	403.0	0.0	0.0	504.0	0.0	0.0	0.0	0.0	10.0	9.0	13.0	0.0	0.0	147.0	175.0	0.0	0.0	0.0	314.0	0.0	0.0	0.0	0.0	16.0	0.0	0.0	0.0	0.0	216.0	0.0	19.0	98.0	6.0	0.0	430.0	14.0	0.0	72.0	0.0	0.0	0.0	0.0	0.0	0.0	0.0	0.0	162.0	0.0	125.0	0.0	50.0	0.0	0.0	0.0	0.0	0.0	0.0	0.0	0.0	808.0	0.0	0.0	195.0	0.0	0.0	0.0	25.0	0.0	0.0	0.0	0.0	0.0	0.0	0.0	0.0	136.0	0.0	0.0	0.0	0.0	0.0	0.0	0.0	0.0	0.0	4.0	0.0	0.0	0.0	0.0	0.0	0.0	0.0	0.0	0.0	0.0	0.0	0.0	0.0	0.0	0.0	0.0	0.0	0.0	36.0	0.0	0.0	0.0	0.0	0.0	0.0	0.0	5.0	349.0	0.0	0.0	0.0	821.0	0.0	65.0	0.0	0.0	0.0	0.0	0.0	0.0	59.0	0.0	0.0	0.0	0.0	2.0	0.0	0.0	0.0	0.0	0.0	0.0	0.0	0.0	46.0	0.0	0.0	99.0	168.0	0.0	0.0	13.0	0.0	0.0	0.0	0.0	0.0	0.0	0.0	0.0	0.0	0.0	0.0	0.0	0.0	0.0	0.0	0.0	0.0	0.0	333.0	0.0	0.0	0.0	0.0	0.0	0.0	0.0	0.0	0.0	0.0	0.0	0.0	0.0	0.0	0.0	0.0	0.0	0.0	0.0	0.0	0.0	0.0	0.0	0.0	0.0	0.0	0.0	0.0	0.0	0.0	0.0	0.0	0.0	0.0	0.0	0.0	0.0	0.0	0.0	0.0	0.0	0.0	0.0	0.0	0.0	0.0	0.0	0.0	0.0	0.0	0.0	0.0	0.0	0.0	0.0	0.0	0.0	0.0	0.0	0.0	0.0	0.0	0.0	0.0	0.0	0.0	0.0	0.0	0.0	0.0	0.0	0.0	0.0	0.0	0.0	0.0	0.0	0.0	0.0	0.0	0.0	0.0	0.0	0.0	0.0	0.0	0.0	0.0	0.0	0.0	0.0	0.0	0.0	0.0	0.0	0.0	0.0	0.0
SRR21723587	447.0	29.0	387.0	0.0	81.0	2.0	0.0	0.0	12.0	1382.0	105.0	56.0	0.0	8.0	14.0	986.0	64.0	41.0	3.0	0.0	218.0	37.0	0.0	20.0	902.0	88.0	9.0	86.0	1246.0	0.0	0.0	0.0	14.0	0.0	420.0	0.0	0.0	38.0	0.0	242.0	629.0	0.0	0.0	0.0	20.0	182.0	67.0	0.0	117.0	0.0	327.0	0.0	0.0	3.0	163.0	0.0	286.0	0.0	0.0	234.0	0.0	0.0	0.0	0.0	6.0	0.0	20.0	0.0	0.0	97.0	50.0	0.0	6.0	0.0	337.0	8.0	0.0	0.0	0.0	2.0	0.0	0.0	0.0	0.0	0.0	0.0	140.0	83.0	3.0	0.0	561.0	64.0	6.0	563.0	19.0	0.0	0.0	0.0	0.0	0.0	0.0	0.0	72.0	165.0	78.0	0.0	88.0	0.0	0.0	2.0	0.0	0.0	7.0	0.0	0.0	182.0	0.0	0.0	104.0	0.0	0.0	0.0	14.0	0.0	0.0	0.0	9.0	0.0	0.0	0.0	0.0	278.0	0.0	0.0	0.0	0.0	0.0	0.0	0.0	3.0	8.0	2.0	0.0	0.0	6.0	0.0	0.0	0.0	0.0	0.0	0.0	0.0	0.0	0.0	0.0	0.0	0.0	0.0	0.0	0.0	43.0	0.0	0.0	0.0	0.0	0.0	0.0	0.0	0.0	236.0	0.0	5.0	0.0	400.0	0.0	11.0	0.0	0.0	0.0	0.0	0.0	0.0	18.0	0.0	2.0	0.0	0.0	0.0	0.0	0.0	0.0	4.0	0.0	0.0	0.0	0.0	28.0	0.0	0.0	0.0	217.0	0.0	0.0	4.0	0.0	0.0	2.0	0.0	0.0	0.0	0.0	0.0	0.0	0.0	0.0	0.0	0.0	0.0	0.0	0.0	0.0	0.0	128.0	0.0	0.0	0.0	0.0	0.0	0.0	0.0	0.0	0.0	0.0	0.0	0.0	0.0	0.0	0.0	0.0	0.0	0.0	0.0	0.0	0.0	0.0	0.0	0.0	0.0	0.0	0.0	0.0	0.0	0.0	0.0	0.0	0.0	0.0	0.0	0.0	0.0	0.0	0.0	0.0	0.0	0.0	0.0	0.0	0.0	0.0	0.0	0.0	0.0	0.0	0.0	0.0	0.0	0.0	0.0	0.0	0.0	0.0	0.0	0.0	0.0	0.0	0.0	0.0	0.0	0.0	0.0	0.0	0.0	0.0	0.0	0.0	0.0	0.0	0.0	0.0	0.0	0.0	0.0	0.0	0.0	0.0	0.0	0.0	0.0	0.0	0.0	0.0	0.0	0.0	0.0	0.0	0.0	0.0	0.0	0.0	0.0	0.0
SRR21723588	470.0	91.0	986.0	0.0	226.0	0.0	2.0	0.0	0.0	1313.0	351.0	93.0	0.0	4.0	5.0	2470.0	0.0	73.0	50.0	0.0	558.0	79.0	0.0	54.0	1569.0	8.0	35.0	112.0	1399.0	29.0	0.0	13.0	690.0	0.0	783.0	6.0	0.0	38.0	3.0	606.0	1608.0	38.0	0.0	0.0	154.0	149.0	207.0	0.0	266.0	0.0	1386.0	0.0	20.0	0.0	515.0	0.0	534.0	0.0	0.0	698.0	0.0	0.0	0.0	0.0	15.0	10.0	107.0	0.0	0.0	416.0	272.0	23.0	0.0	0.0	278.0	0.0	0.0	0.0	0.0	8.0	0.0	0.0	0.0	0.0	175.0	0.0	194.0	198.0	12.0	0.0	1963.0	49.0	0.0	422.0	0.0	0.0	0.0	0.0	0.0	0.0	0.0	0.0	328.0	104.0	325.0	0.0	267.0	0.0	0.0	0.0	0.0	0.0	0.0	0.0	0.0	868.0	0.0	0.0	272.0	0.0	0.0	0.0	37.0	0.0	0.0	0.0	16.0	0.0	0.0	0.0	0.0	253.0	0.0	0.0	0.0	0.0	0.0	0.0	0.0	3.0	3.0	4.0	0.0	0.0	10.0	0.0	2.0	0.0	0.0	0.0	0.0	0.0	0.0	0.0	0.0	0.0	0.0	0.0	0.0	0.0	104.0	0.0	0.0	0.0	0.0	0.0	0.0	0.0	0.0	101.0	0.0	0.0	0.0	679.0	0.0	44.0	0.0	0.0	0.0	0.0	0.0	0.0	149.0	0.0	0.0	0.0	0.0	0.0	0.0	0.0	0.0	3.0	4.0	33.0	0.0	0.0	50.0	0.0	0.0	40.0	649.0	0.0	0.0	0.0	0.0	0.0	0.0	0.0	0.0	0.0	0.0	0.0	0.0	0.0	0.0	0.0	0.0	0.0	0.0	0.0	0.0	0.0	371.0	0.0	0.0	0.0	0.0	0.0	0.0	0.0	12.0	0.0	0.0	0.0	0.0	0.0	0.0	0.0	0.0	0.0	0.0	0.0	0.0	0.0	0.0	0.0	0.0	0.0	0.0	0.0	0.0	0.0	0.0	0.0	0.0	0.0	0.0	0.0	0.0	0.0	0.0	0.0	0.0	0.0	0.0	0.0	0.0	0.0	0.0	0.0	0.0	0.0	0.0	0.0	0.0	0.0	0.0	0.0	0.0	0.0	0.0	0.0	0.0	0.0	0.0	0.0	0.0	0.0	0.0	0.0	0.0	0.0	0.0	0.0	0.0	0.0	0.0	0.0	0.0	0.0	0.0	0.0	0.0	0.0	0.0	0.0	0.0	0.0	0.0	0.0	0.0	0.0	0.0	0.0	0.0	0.0	0.0	0.0	0.0	0.0	0.0
SRR21723589	491.0	93.0	584.0	0.0	68.0	0.0	2.0	0.0	35.0	1428.0	112.0	67.0	0.0	0.0	26.0	1792.0	0.0	62.0	90.0	0.0	553.0	144.0	0.0	15.0	1054.0	87.0	0.0	143.0	1301.0	0.0	0.0	13.0	405.0	0.0	764.0	8.0	0.0	18.0	0.0	401.0	1267.0	3.0	0.0	0.0	64.0	70.0	152.0	0.0	161.0	0.0	848.0	0.0	13.0	0.0	279.0	0.0	588.0	0.0	0.0	771.0	0.0	6.0	0.0	18.0	0.0	6.0	31.0	0.0	0.0	181.0	272.0	0.0	0.0	0.0	311.0	0.0	0.0	0.0	0.0	7.0	0.0	10.0	0.0	0.0	750.0	0.0	153.0	130.0	0.0	0.0	1140.0	47.0	0.0	234.0	17.0	0.0	0.0	0.0	0.0	0.0	0.0	0.0	272.0	71.0	148.0	0.0	48.0	0.0	0.0	0.0	0.0	0.0	2.0	0.0	0.0	477.0	0.0	0.0	392.0	0.0	0.0	0.0	20.0	0.0	0.0	0.0	0.0	0.0	0.0	0.0	0.0	293.0	0.0	0.0	0.0	0.0	0.0	0.0	0.0	0.0	5.0	7.0	0.0	0.0	0.0	0.0	0.0	0.0	0.0	0.0	0.0	0.0	0.0	0.0	0.0	0.0	0.0	0.0	0.0	0.0	11.0	0.0	4.0	0.0	0.0	0.0	0.0	0.0	0.0	55.0	0.0	0.0	0.0	806.0	0.0	155.0	0.0	0.0	0.0	0.0	0.0	0.0	47.0	0.0	0.0	0.0	0.0	0.0	0.0	0.0	0.0	0.0	0.0	25.0	0.0	0.0	49.0	0.0	0.0	24.0	258.0	0.0	0.0	20.0	0.0	0.0	0.0	0.0	0.0	0.0	0.0	0.0	0.0	0.0	2.0	0.0	0.0	0.0	0.0	0.0	0.0	0.0	518.0	0.0	0.0	0.0	0.0	0.0	0.0	0.0	20.0	0.0	0.0	0.0	0.0	0.0	0.0	0.0	0.0	0.0	0.0	0.0	0.0	0.0	0.0	0.0	0.0	0.0	0.0	0.0	0.0	0.0	0.0	0.0	0.0	0.0	0.0	0.0	0.0	0.0	0.0	0.0	0.0	0.0	0.0	0.0	0.0	0.0	0.0	0.0	0.0	0.0	0.0	0.0	0.0	0.0	0.0	0.0	0.0	0.0	0.0	0.0	0.0	0.0	0.0	0.0	0.0	0.0	0.0	0.0	0.0	0.0	0.0	0.0	0.0	0.0	0.0	0.0	0.0	0.0	0.0	0.0	0.0	0.0	0.0	0.0	0.0	0.0	0.0	0.0	0.0	0.0	0.0	0.0	0.0	0.0	0.0	0.0	0.0	0.0	0.0
SRR21723590	1466.0	72.0	606.0	0.0	166.0	0.0	2.0	0.0	44.0	1131.0	125.0	82.0	3.0	15.0	16.0	1590.0	101.0	149.0	0.0	27.0	572.0	140.0	114.0	0.0	1649.0	24.0	0.0	398.0	2201.0	103.0	2.0	28.0	61.0	0.0	1720.0	0.0	5.0	73.0	0.0	273.0	1070.0	29.0	0.0	3.0	168.0	424.0	54.0	9.0	277.0	30.0	591.0	0.0	0.0	0.0	197.0	0.0	338.0	0.0	0.0	202.0	0.0	0.0	2.0	0.0	0.0	0.0	123.0	0.0	0.0	220.0	200.0	0.0	0.0	0.0	402.0	21.0	8.0	0.0	0.0	4.0	0.0	0.0	0.0	0.0	0.0	0.0	423.0	183.0	10.0	0.0	761.0	54.0	4.0	532.0	38.0	0.0	0.0	0.0	0.0	5.0	0.0	0.0	61.0	450.0	108.0	7.0	107.0	0.0	2.0	0.0	0.0	0.0	3.0	13.0	0.0	124.0	0.0	0.0	179.0	0.0	0.0	0.0	41.0	0.0	0.0	0.0	57.0	0.0	0.0	15.0	0.0	323.0	0.0	0.0	0.0	0.0	0.0	15.0	0.0	0.0	23.0	0.0	21.0	0.0	23.0	0.0	30.0	30.0	0.0	0.0	0.0	0.0	14.0	4.0	0.0	0.0	0.0	0.0	0.0	0.0	82.0	0.0	0.0	0.0	0.0	0.0	0.0	0.0	0.0	108.0	20.0	0.0	0.0	241.0	0.0	7.0	0.0	0.0	0.0	0.0	3.0	0.0	0.0	0.0	0.0	0.0	0.0	0.0	0.0	0.0	0.0	0.0	0.0	15.0	0.0	0.0	67.0	0.0	0.0	0.0	551.0	0.0	0.0	5.0	0.0	0.0	0.0	0.0	0.0	0.0	0.0	0.0	0.0	0.0	0.0	0.0	0.0	0.0	0.0	0.0	0.0	0.0	165.0	0.0	0.0	0.0	0.0	0.0	0.0	0.0	0.0	0.0	0.0	0.0	0.0	0.0	0.0	0.0	0.0	0.0	0.0	0.0	0.0	0.0	0.0	0.0	0.0	0.0	0.0	0.0	0.0	0.0	0.0	0.0	0.0	0.0	0.0	0.0	0.0	0.0	0.0	0.0	0.0	0.0	0.0	0.0	0.0	0.0	0.0	0.0	0.0	0.0	0.0	0.0	0.0	0.0	0.0	0.0	0.0	0.0	0.0	0.0	0.0	0.0	0.0	0.0	0.0	0.0	0.0	0.0	0.0	0.0	0.0	0.0	0.0	0.0	0.0	0.0	0.0	0.0	0.0	0.0	0.0	0.0	0.0	0.0	0.0	0.0	0.0	0.0	0.0	0.0	0.0	0.0	0.0	0.0	0.0	0.0	0.0	0.0	0.0
SRR21723591	485.0	19.0	639.0	0.0	141.0	0.0	0.0	0.0	67.0	366.0	154.0	119.0	0.0	11.0	16.0	930.0	118.0	64.0	81.0	20.0	406.0	110.0	13.0	14.0	854.0	147.0	20.0	202.0	1285.0	65.0	0.0	2.0	123.0	0.0	516.0	2.0	3.0	6.0	0.0	357.0	1649.0	14.0	0.0	0.0	140.0	129.0	127.0	0.0	408.0	8.0	877.0	0.0	3.0	0.0	217.0	0.0	372.0	0.0	0.0	461.0	0.0	0.0	0.0	23.0	23.0	0.0	23.0	0.0	2.0	160.0	220.0	3.0	0.0	0.0	220.0	9.0	0.0	2.0	0.0	8.0	0.0	10.0	0.0	2.0	4.0	0.0	194.0	29.0	3.0	0.0	201.0	37.0	0.0	171.0	7.0	0.0	0.0	0.0	0.0	0.0	0.0	0.0	54.0	169.0	83.0	0.0	120.0	0.0	3.0	0.0	0.0	0.0	3.0	0.0	19.0	199.0	0.0	0.0	72.0	0.0	0.0	0.0	60.0	0.0	0.0	0.0	0.0	0.0	0.0	0.0	0.0	293.0	0.0	0.0	0.0	0.0	0.0	0.0	0.0	0.0	7.0	0.0	0.0	0.0	3.0	0.0	0.0	0.0	0.0	0.0	0.0	0.0	0.0	0.0	0.0	0.0	0.0	0.0	0.0	3.0	88.0	0.0	0.0	0.0	0.0	0.0	0.0	0.0	0.0	0.0	0.0	4.0	0.0	231.0	0.0	27.0	0.0	0.0	10.0	18.0	0.0	0.0	17.0	0.0	0.0	0.0	0.0	0.0	0.0	0.0	0.0	0.0	0.0	0.0	0.0	0.0	0.0	0.0	0.0	0.0	185.0	0.0	0.0	0.0	0.0	0.0	0.0	0.0	0.0	0.0	0.0	0.0	0.0	0.0	0.0	0.0	0.0	0.0	0.0	0.0	0.0	0.0	208.0	0.0	0.0	0.0	0.0	0.0	0.0	0.0	11.0	0.0	0.0	0.0	0.0	0.0	0.0	0.0	0.0	0.0	0.0	0.0	0.0	0.0	0.0	0.0	0.0	0.0	0.0	0.0	0.0	0.0	0.0	0.0	0.0	0.0	0.0	0.0	0.0	0.0	0.0	0.0	0.0	0.0	0.0	0.0	0.0	0.0	0.0	0.0	0.0	0.0	0.0	0.0	0.0	0.0	0.0	0.0	0.0	0.0	0.0	0.0	0.0	0.0	0.0	0.0	0.0	0.0	0.0	0.0	0.0	0.0	0.0	0.0	0.0	0.0	0.0	0.0	0.0	0.0	0.0	0.0	0.0	0.0	0.0	0.0	0.0	0.0	0.0	0.0	0.0	0.0	0.0	0.0	0.0	0.0	0.0	0.0	0.0	0.0	0.0
SRR21723592	1149.0	188.0	1317.0	0.0	171.0	0.0	0.0	0.0	83.0	1920.0	200.0	193.0	0.0	31.0	32.0	2055.0	123.0	214.0	113.0	26.0	582.0	180.0	103.0	105.0	1860.0	196.0	27.0	412.0	4187.0	153.0	0.0	87.0	293.0	0.0	2153.0	14.0	0.0	431.0	2.0	560.0	1999.0	12.0	22.0	0.0	295.0	891.0	243.0	0.0	733.0	0.0	520.0	0.0	5.0	0.0	351.0	0.0	703.0	0.0	0.0	446.0	0.0	10.0	0.0	0.0	33.0	30.0	79.0	0.0	0.0	225.0	392.0	0.0	0.0	2.0	1021.0	15.0	0.0	0.0	0.0	5.0	0.0	0.0	0.0	0.0	0.0	0.0	616.0	192.0	11.0	0.0	2333.0	91.0	14.0	532.0	14.0	0.0	0.0	2.0	0.0	0.0	0.0	0.0	117.0	448.0	475.0	0.0	258.0	0.0	0.0	0.0	0.0	0.0	0.0	0.0	32.0	256.0	0.0	0.0	421.0	0.0	16.0	0.0	24.0	0.0	0.0	0.0	26.0	0.0	0.0	3.0	3.0	454.0	0.0	0.0	0.0	0.0	0.0	0.0	0.0	0.0	38.0	3.0	17.0	0.0	7.0	0.0	34.0	23.0	0.0	0.0	0.0	0.0	0.0	7.0	0.0	0.0	0.0	0.0	0.0	0.0	115.0	0.0	0.0	5.0	0.0	0.0	0.0	0.0	9.0	151.0	14.0	0.0	0.0	626.0	0.0	19.0	0.0	0.0	7.0	40.0	6.0	0.0	16.0	0.0	0.0	0.0	0.0	2.0	50.0	0.0	0.0	13.0	0.0	0.0	0.0	0.0	112.0	0.0	0.0	0.0	1447.0	0.0	0.0	0.0	0.0	0.0	0.0	0.0	0.0	0.0	0.0	0.0	0.0	0.0	0.0	0.0	0.0	0.0	0.0	0.0	0.0	0.0	317.0	0.0	0.0	0.0	0.0	0.0	0.0	0.0	0.0	0.0	0.0	0.0	0.0	0.0	0.0	0.0	0.0	0.0	0.0	23.0	0.0	0.0	0.0	0.0	0.0	0.0	0.0	0.0	0.0	0.0	0.0	0.0	0.0	0.0	24.0	0.0	0.0	6.0	0.0	0.0	0.0	0.0	0.0	0.0	0.0	0.0	0.0	0.0	0.0	0.0	0.0	0.0	0.0	0.0	0.0	0.0	0.0	0.0	0.0	0.0	0.0	0.0	0.0	0.0	0.0	0.0	0.0	0.0	0.0	0.0	0.0	0.0	0.0	0.0	0.0	0.0	0.0	0.0	3.0	0.0	0.0	0.0	0.0	0.0	0.0	0.0	0.0	0.0	0.0	0.0	0.0	0.0	0.0	0.0	0.0	0.0	0.0	0.0	0.0
SRR21723594	152.0	5.0	579.0	0.0	47.0	0.0	0.0	0.0	12.0	493.0	57.0	27.0	0.0	0.0	9.0	751.0	12.0	56.0	23.0	2.0	164.0	38.0	4.0	0.0	424.0	0.0	4.0	49.0	963.0	0.0	0.0	0.0	213.0	0.0	367.0	0.0	2.0	21.0	0.0	179.0	774.0	0.0	0.0	0.0	21.0	96.0	0.0	0.0	111.0	0.0	220.0	0.0	6.0	0.0	201.0	0.0	289.0	0.0	0.0	353.0	0.0	0.0	0.0	5.0	0.0	0.0	34.0	0.0	0.0	84.0	116.0	3.0	0.0	0.0	297.0	0.0	0.0	0.0	0.0	0.0	0.0	0.0	0.0	0.0	72.0	0.0	62.0	107.0	6.0	0.0	336.0	34.0	0.0	213.0	4.0	0.0	0.0	0.0	0.0	0.0	0.0	0.0	85.0	36.0	71.0	0.0	56.0	5.0	0.0	0.0	0.0	0.0	0.0	0.0	2.0	255.0	0.0	0.0	112.0	0.0	0.0	0.0	8.0	0.0	0.0	0.0	0.0	0.0	0.0	0.0	0.0	96.0	0.0	0.0	0.0	0.0	0.0	0.0	0.0	0.0	0.0	2.0	0.0	0.0	3.0	0.0	0.0	2.0	0.0	0.0	0.0	0.0	0.0	0.0	0.0	0.0	0.0	0.0	0.0	0.0	14.0	0.0	0.0	0.0	0.0	0.0	0.0	0.0	0.0	42.0	4.0	0.0	0.0	171.0	0.0	10.0	0.0	0.0	0.0	0.0	0.0	0.0	26.0	0.0	0.0	0.0	0.0	0.0	5.0	0.0	0.0	4.0	0.0	0.0	0.0	0.0	0.0	0.0	0.0	24.0	142.0	0.0	0.0	0.0	0.0	0.0	0.0	0.0	0.0	0.0	0.0	0.0	0.0	0.0	0.0	0.0	0.0	0.0	0.0	0.0	0.0	0.0	167.0	0.0	0.0	0.0	0.0	0.0	0.0	0.0	0.0	0.0	0.0	0.0	0.0	0.0	0.0	0.0	0.0	0.0	0.0	0.0	0.0	0.0	0.0	0.0	0.0	0.0	0.0	0.0	0.0	0.0	0.0	0.0	0.0	0.0	0.0	0.0	0.0	0.0	0.0	0.0	0.0	0.0	0.0	0.0	0.0	0.0	0.0	0.0	0.0	0.0	0.0	0.0	0.0	0.0	0.0	0.0	0.0	0.0	0.0	0.0	0.0	0.0	0.0	0.0	0.0	0.0	0.0	0.0	0.0	0.0	0.0	0.0	0.0	0.0	0.0	0.0	0.0	0.0	0.0	0.0	0.0	0.0	0.0	0.0	0.0	0.0	0.0	0.0	0.0	0.0	0.0	0.0	0.0	0.0	0.0	0.0	0.0	0.0	0.0
SRR21723595	435.0	40.0	505.0	0.0	24.0	0.0	0.0	0.0	15.0	517.0	88.0	90.0	0.0	8.0	2.0	465.0	33.0	46.0	44.0	13.0	322.0	21.0	128.0	10.0	421.0	79.0	3.0	50.0	1405.0	19.0	0.0	26.0	43.0	0.0	870.0	5.0	0.0	57.0	0.0	64.0	724.0	10.0	0.0	0.0	140.0	210.0	6.0	0.0	292.0	0.0	47.0	6.0	5.0	0.0	50.0	0.0	321.0	0.0	0.0	47.0	0.0	0.0	0.0	0.0	3.0	0.0	48.0	0.0	9.0	50.0	94.0	0.0	0.0	3.0	382.0	0.0	0.0	0.0	0.0	0.0	0.0	0.0	0.0	0.0	0.0	0.0	158.0	15.0	0.0	0.0	577.0	26.0	0.0	175.0	0.0	0.0	0.0	0.0	0.0	0.0	0.0	0.0	10.0	166.0	184.0	3.0	0.0	11.0	0.0	0.0	0.0	0.0	0.0	0.0	0.0	37.0	0.0	0.0	70.0	2.0	0.0	0.0	16.0	0.0	0.0	0.0	10.0	0.0	0.0	0.0	0.0	193.0	0.0	0.0	0.0	0.0	0.0	0.0	0.0	0.0	0.0	0.0	10.0	0.0	0.0	0.0	16.0	34.0	0.0	0.0	0.0	0.0	0.0	0.0	0.0	0.0	0.0	0.0	0.0	4.0	0.0	0.0	3.0	0.0	0.0	0.0	0.0	0.0	0.0	30.0	3.0	0.0	0.0	39.0	0.0	0.0	0.0	0.0	12.0	0.0	0.0	0.0	0.0	0.0	0.0	2.0	0.0	0.0	0.0	0.0	0.0	0.0	0.0	0.0	0.0	0.0	61.0	0.0	0.0	0.0	302.0	0.0	0.0	0.0	0.0	0.0	0.0	0.0	0.0	3.0	0.0	0.0	0.0	0.0	0.0	0.0	0.0	0.0	0.0	0.0	0.0	0.0	11.0	0.0	0.0	0.0	0.0	0.0	0.0	0.0	0.0	0.0	0.0	0.0	0.0	0.0	0.0	0.0	0.0	0.0	0.0	0.0	0.0	0.0	0.0	0.0	0.0	0.0	0.0	0.0	0.0	0.0	0.0	0.0	0.0	0.0	0.0	0.0	0.0	0.0	0.0	0.0	0.0	0.0	0.0	0.0	0.0	0.0	0.0	0.0	0.0	0.0	0.0	0.0	0.0	0.0	0.0	0.0	0.0	0.0	0.0	0.0	0.0	0.0	0.0	0.0	0.0	0.0	0.0	0.0	0.0	0.0	0.0	0.0	0.0	0.0	0.0	0.0	0.0	0.0	0.0	0.0	0.0	0.0	0.0	0.0	0.0	0.0	0.0	0.0	0.0	0.0	0.0	0.0	0.0	0.0	0.0	0.0	0.0	0.0	0.0
SRR21723596	405.0	38.0	770.0	0.0	40.0	0.0	0.0	0.0	21.0	1096.0	54.0	58.0	0.0	12.0	19.0	1004.0	0.0	65.0	64.0	0.0	215.0	54.0	8.0	0.0	1000.0	0.0	36.0	34.0	1111.0	0.0	0.0	16.0	245.0	0.0	435.0	0.0	0.0	0.0	2.0	263.0	995.0	15.0	0.0	0.0	81.0	345.0	125.0	0.0	273.0	0.0	303.0	0.0	0.0	0.0	195.0	0.0	381.0	0.0	0.0	268.0	0.0	0.0	0.0	3.0	16.0	7.0	69.0	0.0	2.0	106.0	72.0	4.0	0.0	0.0	470.0	0.0	0.0	2.0	0.0	0.0	0.0	0.0	0.0	0.0	35.0	0.0	112.0	82.0	0.0	0.0	512.0	56.0	0.0	123.0	0.0	0.0	0.0	0.0	0.0	0.0	0.0	0.0	79.0	46.0	20.0	3.0	36.0	0.0	0.0	0.0	0.0	0.0	0.0	0.0	0.0	354.0	0.0	0.0	142.0	2.0	0.0	0.0	3.0	0.0	0.0	0.0	4.0	0.0	0.0	0.0	0.0	177.0	0.0	0.0	0.0	0.0	0.0	0.0	0.0	0.0	3.0	0.0	0.0	0.0	0.0	0.0	0.0	0.0	0.0	0.0	3.0	0.0	0.0	0.0	0.0	0.0	0.0	0.0	0.0	0.0	0.0	0.0	0.0	0.0	0.0	0.0	0.0	0.0	2.0	51.0	0.0	0.0	0.0	601.0	0.0	66.0	0.0	0.0	0.0	6.0	0.0	0.0	0.0	0.0	0.0	0.0	0.0	0.0	0.0	0.0	0.0	0.0	0.0	0.0	0.0	0.0	0.0	0.0	0.0	0.0	234.0	0.0	0.0	0.0	0.0	0.0	0.0	0.0	0.0	0.0	0.0	0.0	0.0	0.0	0.0	0.0	0.0	0.0	0.0	0.0	0.0	0.0	332.0	0.0	0.0	0.0	0.0	0.0	0.0	0.0	0.0	0.0	0.0	0.0	0.0	0.0	0.0	0.0	0.0	0.0	0.0	0.0	0.0	0.0	0.0	0.0	0.0	0.0	0.0	3.0	0.0	0.0	0.0	0.0	0.0	0.0	0.0	0.0	0.0	0.0	0.0	0.0	0.0	0.0	0.0	0.0	0.0	0.0	0.0	0.0	0.0	0.0	0.0	0.0	0.0	0.0	0.0	0.0	0.0	0.0	0.0	0.0	0.0	0.0	0.0	0.0	0.0	0.0	0.0	0.0	0.0	0.0	0.0	0.0	0.0	0.0	0.0	0.0	0.0	0.0	0.0	0.0	0.0	0.0	0.0	0.0	0.0	0.0	0.0	0.0	0.0	0.0	0.0	0.0	0.0	0.0	0.0	0.0	0.0	0.0	0.0
SRR21723597	164.0	35.0	776.0	0.0	41.0	0.0	3.0	0.0	17.0	640.0	51.0	29.0	0.0	10.0	10.0	800.0	14.0	48.0	65.0	0.0	188.0	15.0	0.0	78.0	562.0	21.0	3.0	63.0	1282.0	35.0	0.0	7.0	490.0	0.0	383.0	0.0	0.0	32.0	0.0	147.0	942.0	19.0	0.0	0.0	109.0	175.0	104.0	5.0	171.0	13.0	216.0	0.0	0.0	0.0	102.0	0.0	327.0	0.0	0.0	353.0	0.0	0.0	0.0	0.0	0.0	8.0	31.0	0.0	3.0	110.0	97.0	0.0	0.0	0.0	190.0	0.0	0.0	0.0	0.0	4.0	0.0	5.0	0.0	0.0	232.0	0.0	111.0	25.0	5.0	0.0	1021.0	24.0	0.0	87.0	3.0	0.0	0.0	0.0	0.0	2.0	0.0	0.0	130.0	47.0	389.0	5.0	3.0	3.0	7.0	0.0	0.0	0.0	0.0	0.0	0.0	819.0	0.0	3.0	256.0	0.0	0.0	0.0	12.0	0.0	0.0	0.0	0.0	0.0	0.0	0.0	0.0	199.0	2.0	0.0	0.0	0.0	0.0	0.0	0.0	0.0	0.0	0.0	0.0	0.0	0.0	0.0	59.0	0.0	0.0	0.0	0.0	0.0	0.0	0.0	0.0	0.0	0.0	0.0	0.0	0.0	0.0	0.0	0.0	0.0	0.0	0.0	0.0	0.0	17.0	188.0	0.0	0.0	0.0	320.0	0.0	34.0	0.0	0.0	3.0	16.0	0.0	0.0	32.0	0.0	0.0	0.0	0.0	0.0	0.0	0.0	0.0	15.0	0.0	12.0	0.0	0.0	96.0	0.0	0.0	0.0	308.0	0.0	0.0	0.0	0.0	0.0	0.0	0.0	0.0	0.0	0.0	0.0	0.0	0.0	0.0	0.0	0.0	0.0	0.0	0.0	0.0	0.0	258.0	0.0	0.0	0.0	0.0	0.0	0.0	0.0	0.0	0.0	0.0	0.0	0.0	0.0	0.0	0.0	0.0	0.0	0.0	0.0	0.0	0.0	0.0	0.0	0.0	0.0	0.0	0.0	0.0	0.0	0.0	0.0	0.0	0.0	0.0	0.0	0.0	0.0	0.0	0.0	0.0	0.0	0.0	0.0	0.0	0.0	0.0	0.0	0.0	0.0	0.0	0.0	0.0	0.0	0.0	0.0	0.0	0.0	0.0	0.0	0.0	0.0	0.0	0.0	0.0	0.0	0.0	0.0	0.0	0.0	0.0	0.0	0.0	0.0	0.0	0.0	0.0	0.0	0.0	0.0	0.0	0.0	0.0	0.0	0.0	0.0	0.0	0.0	0.0	0.0	0.0	0.0	0.0	0.0	0.0	0.0	0.0	0.0	0.0
SRR21723598	316.0	95.0	388.0	0.0	80.0	0.0	0.0	0.0	16.0	1000.0	99.0	16.0	0.0	6.0	0.0	1150.0	24.0	57.0	37.0	4.0	254.0	21.0	0.0	0.0	841.0	13.0	0.0	82.0	1046.0	0.0	0.0	0.0	126.0	0.0	520.0	2.0	0.0	0.0	0.0	313.0	767.0	0.0	0.0	0.0	23.0	154.0	111.0	0.0	198.0	0.0	380.0	0.0	3.0	0.0	167.0	0.0	259.0	0.0	0.0	360.0	0.0	0.0	0.0	0.0	12.0	0.0	0.0	0.0	0.0	91.0	135.0	0.0	0.0	0.0	289.0	0.0	0.0	2.0	0.0	3.0	0.0	0.0	0.0	0.0	13.0	0.0	45.0	62.0	14.0	0.0	520.0	73.0	0.0	235.0	7.0	0.0	0.0	0.0	0.0	0.0	0.0	0.0	124.0	68.0	96.0	2.0	110.0	0.0	0.0	0.0	0.0	0.0	0.0	0.0	0.0	192.0	0.0	0.0	66.0	0.0	0.0	0.0	14.0	0.0	0.0	0.0	0.0	0.0	0.0	0.0	0.0	205.0	0.0	0.0	0.0	0.0	0.0	0.0	0.0	0.0	0.0	0.0	0.0	0.0	0.0	0.0	0.0	0.0	0.0	0.0	0.0	0.0	0.0	0.0	0.0	0.0	0.0	0.0	0.0	0.0	45.0	0.0	0.0	0.0	0.0	0.0	0.0	0.0	0.0	36.0	0.0	0.0	0.0	305.0	0.0	26.0	0.0	0.0	0.0	0.0	0.0	0.0	0.0	0.0	0.0	0.0	0.0	0.0	47.0	0.0	0.0	0.0	0.0	0.0	0.0	0.0	30.0	0.0	0.0	0.0	197.0	0.0	0.0	0.0	0.0	0.0	0.0	0.0	0.0	0.0	0.0	0.0	0.0	0.0	0.0	0.0	0.0	0.0	0.0	0.0	0.0	0.0	216.0	0.0	0.0	0.0	0.0	0.0	0.0	0.0	0.0	0.0	0.0	0.0	0.0	0.0	0.0	0.0	0.0	0.0	0.0	0.0	0.0	0.0	0.0	0.0	0.0	0.0	0.0	0.0	0.0	0.0	0.0	0.0	0.0	0.0	0.0	0.0	0.0	0.0	0.0	0.0	0.0	0.0	0.0	0.0	0.0	0.0	0.0	0.0	0.0	0.0	0.0	0.0	0.0	0.0	0.0	0.0	0.0	0.0	0.0	0.0	0.0	0.0	0.0	0.0	0.0	0.0	0.0	0.0	0.0	0.0	0.0	0.0	0.0	0.0	0.0	0.0	0.0	0.0	0.0	0.0	0.0	0.0	0.0	0.0	0.0	0.0	0.0	0.0	0.0	0.0	0.0	0.0	0.0	0.0	0.0	0.0	0.0	0.0	0.0
SRR21723599	1264.0	94.0	529.0	0.0	79.0	0.0	10.0	4.0	60.0	1064.0	223.0	119.0	16.0	16.0	45.0	1314.0	55.0	165.0	48.0	9.0	525.0	157.0	149.0	50.0	1274.0	124.0	17.0	295.0	1814.0	15.0	0.0	37.0	52.0	0.0	1584.0	0.0	0.0	154.0	0.0	287.0	982.0	31.0	14.0	6.0	190.0	640.0	78.0	8.0	297.0	0.0	343.0	0.0	23.0	5.0	229.0	0.0	218.0	0.0	0.0	138.0	0.0	0.0	0.0	10.0	0.0	0.0	98.0	0.0	0.0	307.0	80.0	0.0	0.0	7.0	337.0	25.0	14.0	0.0	0.0	7.0	0.0	0.0	0.0	0.0	0.0	0.0	250.0	86.0	17.0	0.0	649.0	32.0	4.0	476.0	24.0	0.0	3.0	0.0	0.0	0.0	0.0	0.0	17.0	504.0	94.0	0.0	136.0	0.0	5.0	0.0	0.0	0.0	0.0	7.0	0.0	102.0	0.0	2.0	150.0	0.0	0.0	0.0	127.0	0.0	0.0	0.0	6.0	0.0	0.0	0.0	0.0	265.0	0.0	0.0	0.0	3.0	0.0	15.0	0.0	0.0	29.0	0.0	11.0	0.0	4.0	0.0	7.0	0.0	0.0	0.0	0.0	0.0	5.0	0.0	0.0	0.0	0.0	0.0	17.0	0.0	97.0	7.0	0.0	0.0	0.0	0.0	3.0	0.0	14.0	86.0	18.0	0.0	0.0	13.0	0.0	0.0	0.0	0.0	0.0	0.0	6.0	0.0	0.0	0.0	0.0	0.0	0.0	0.0	92.0	0.0	0.0	7.0	0.0	0.0	0.0	0.0	0.0	0.0	0.0	0.0	170.0	0.0	0.0	0.0	0.0	0.0	3.0	0.0	0.0	0.0	0.0	0.0	0.0	0.0	0.0	0.0	0.0	0.0	0.0	0.0	0.0	0.0	0.0	0.0	0.0	0.0	0.0	0.0	0.0	0.0	0.0	0.0	0.0	0.0	0.0	0.0	0.0	0.0	0.0	0.0	0.0	0.0	0.0	0.0	0.0	0.0	0.0	0.0	0.0	0.0	0.0	0.0	0.0	0.0	0.0	0.0	0.0	0.0	0.0	0.0	0.0	0.0	0.0	0.0	0.0	0.0	0.0	0.0	0.0	0.0	0.0	0.0	0.0	0.0	0.0	0.0	0.0	0.0	0.0	0.0	0.0	0.0	0.0	0.0	0.0	0.0	0.0	0.0	0.0	0.0	0.0	0.0	0.0	0.0	0.0	0.0	0.0	0.0	0.0	0.0	0.0	0.0	0.0	0.0	0.0	0.0	0.0	0.0	0.0	0.0	0.0	0.0	0.0	0.0	0.0	0.0	0.0	0.0	0.0	0.0	0.0
SRR21723600	144.0	25.0	1006.0	0.0	26.0	0.0	0.0	0.0	5.0	506.0	38.0	26.0	0.0	0.0	12.0	457.0	0.0	5.0	29.0	0.0	181.0	21.0	0.0	29.0	387.0	37.0	18.0	0.0	755.0	34.0	0.0	0.0	355.0	0.0	363.0	3.0	2.0	0.0	0.0	201.0	934.0	7.0	0.0	0.0	21.0	119.0	0.0	0.0	143.0	0.0	134.0	0.0	2.0	0.0	158.0	0.0	552.0	0.0	0.0	366.0	0.0	0.0	0.0	2.0	0.0	0.0	11.0	0.0	3.0	80.0	158.0	3.0	0.0	0.0	239.0	0.0	0.0	0.0	0.0	0.0	0.0	0.0	0.0	0.0	190.0	0.0	53.0	71.0	0.0	0.0	503.0	29.0	0.0	101.0	0.0	0.0	0.0	0.0	0.0	0.0	0.0	0.0	114.0	0.0	41.0	0.0	0.0	0.0	0.0	0.0	0.0	0.0	0.0	0.0	0.0	863.0	0.0	0.0	146.0	0.0	0.0	0.0	0.0	0.0	0.0	0.0	0.0	0.0	0.0	0.0	0.0	158.0	0.0	0.0	0.0	0.0	0.0	0.0	0.0	0.0	0.0	0.0	0.0	0.0	0.0	0.0	0.0	0.0	0.0	0.0	0.0	0.0	0.0	0.0	0.0	0.0	0.0	0.0	0.0	4.0	0.0	0.0	0.0	0.0	0.0	0.0	0.0	0.0	0.0	47.0	0.0	0.0	0.0	270.0	0.0	45.0	0.0	0.0	0.0	0.0	2.0	0.0	20.0	0.0	0.0	0.0	0.0	0.0	0.0	0.0	0.0	0.0	0.0	0.0	0.0	0.0	30.0	0.0	0.0	78.0	191.0	0.0	0.0	14.0	0.0	0.0	0.0	0.0	0.0	0.0	0.0	0.0	0.0	0.0	0.0	0.0	0.0	0.0	0.0	0.0	0.0	0.0	148.0	0.0	0.0	0.0	0.0	0.0	0.0	0.0	20.0	0.0	0.0	0.0	0.0	0.0	0.0	0.0	0.0	0.0	0.0	0.0	0.0	0.0	0.0	0.0	0.0	0.0	0.0	0.0	0.0	0.0	0.0	0.0	0.0	0.0	0.0	0.0	0.0	0.0	0.0	0.0	0.0	0.0	0.0	0.0	0.0	0.0	0.0	0.0	0.0	0.0	0.0	0.0	0.0	0.0	0.0	0.0	0.0	0.0	0.0	0.0	0.0	0.0	0.0	0.0	0.0	0.0	0.0	0.0	0.0	0.0	0.0	0.0	0.0	0.0	0.0	0.0	0.0	0.0	0.0	0.0	0.0	0.0	0.0	0.0	0.0	0.0	0.0	0.0	0.0	0.0	0.0	0.0	0.0	0.0	0.0	0.0	0.0	0.0	0.0
SRR21723601	1803.0	139.0	428.0	5.0	93.0	0.0	0.0	0.0	43.0	2247.0	157.0	152.0	8.0	9.0	54.0	3946.0	147.0	161.0	55.0	40.0	407.0	110.0	208.0	0.0	2480.0	129.0	14.0	353.0	1604.0	20.0	0.0	4.0	85.0	0.0	3104.0	7.0	3.0	0.0	0.0	391.0	811.0	39.0	0.0	0.0	125.0	376.0	124.0	15.0	343.0	185.0	592.0	0.0	5.0	7.0	284.0	0.0	421.0	0.0	0.0	224.0	0.0	0.0	0.0	9.0	5.0	0.0	75.0	0.0	10.0	209.0	354.0	0.0	0.0	0.0	436.0	0.0	0.0	0.0	0.0	0.0	0.0	0.0	14.0	0.0	0.0	0.0	272.0	219.0	4.0	0.0	383.0	66.0	5.0	638.0	22.0	6.0	20.0	0.0	0.0	0.0	0.0	0.0	65.0	1259.0	0.0	0.0	116.0	0.0	9.0	0.0	0.0	0.0	0.0	64.0	33.0	187.0	0.0	2.0	228.0	0.0	0.0	0.0	77.0	0.0	0.0	0.0	145.0	0.0	0.0	0.0	0.0	416.0	0.0	0.0	0.0	0.0	0.0	23.0	0.0	0.0	129.0	5.0	51.0	0.0	0.0	0.0	50.0	20.0	0.0	0.0	0.0	0.0	0.0	0.0	0.0	0.0	0.0	0.0	0.0	0.0	89.0	0.0	0.0	12.0	0.0	0.0	0.0	0.0	0.0	61.0	13.0	0.0	0.0	61.0	4.0	0.0	0.0	10.0	33.0	0.0	0.0	0.0	0.0	0.0	0.0	0.0	0.0	0.0	118.0	0.0	3.0	0.0	0.0	0.0	0.0	0.0	30.0	0.0	0.0	0.0	354.0	0.0	0.0	0.0	0.0	0.0	0.0	0.0	0.0	0.0	0.0	0.0	0.0	0.0	0.0	0.0	0.0	0.0	0.0	0.0	0.0	3.0	180.0	0.0	0.0	0.0	0.0	3.0	0.0	0.0	0.0	0.0	0.0	0.0	0.0	0.0	0.0	0.0	0.0	0.0	0.0	0.0	0.0	0.0	0.0	0.0	0.0	0.0	0.0	0.0	0.0	0.0	0.0	0.0	0.0	0.0	0.0	0.0	0.0	0.0	0.0	0.0	0.0	0.0	0.0	0.0	0.0	0.0	0.0	0.0	0.0	0.0	0.0	0.0	0.0	0.0	0.0	0.0	0.0	0.0	0.0	0.0	0.0	0.0	0.0	0.0	0.0	0.0	0.0	0.0	0.0	0.0	0.0	0.0	0.0	0.0	0.0	0.0	0.0	0.0	0.0	0.0	0.0	0.0	0.0	0.0	0.0	0.0	0.0	0.0	2.0	0.0	0.0	0.0	0.0	0.0	0.0	0.0	0.0	0.0	0.0
SRR21723602	684.0	62.0	303.0	0.0	86.0	0.0	0.0	0.0	19.0	1270.0	115.0	65.0	0.0	4.0	19.0	1811.0	46.0	55.0	62.0	0.0	389.0	127.0	10.0	0.0	1282.0	105.0	0.0	115.0	900.0	28.0	0.0	0.0	193.0	0.0	848.0	15.0	0.0	104.0	0.0	144.0	794.0	30.0	0.0	0.0	109.0	86.0	166.0	36.0	210.0	0.0	759.0	0.0	22.0	10.0	203.0	0.0	248.0	0.0	0.0	395.0	0.0	0.0	0.0	2.0	0.0	0.0	100.0	0.0	0.0	104.0	203.0	0.0	0.0	3.0	230.0	0.0	0.0	0.0	0.0	0.0	0.0	9.0	0.0	0.0	34.0	0.0	52.0	122.0	4.0	0.0	338.0	51.0	0.0	611.0	17.0	0.0	0.0	0.0	0.0	0.0	0.0	0.0	133.0	226.0	87.0	2.0	101.0	0.0	0.0	0.0	0.0	0.0	0.0	6.0	0.0	157.0	0.0	0.0	239.0	0.0	0.0	0.0	15.0	0.0	0.0	0.0	16.0	0.0	0.0	0.0	0.0	279.0	0.0	0.0	0.0	0.0	0.0	0.0	0.0	0.0	31.0	0.0	0.0	0.0	0.0	0.0	0.0	0.0	0.0	0.0	0.0	0.0	0.0	0.0	0.0	0.0	0.0	0.0	0.0	0.0	10.0	0.0	0.0	0.0	0.0	0.0	0.0	0.0	0.0	41.0	0.0	0.0	0.0	74.0	0.0	48.0	0.0	0.0	0.0	24.0	0.0	0.0	43.0	0.0	0.0	0.0	0.0	0.0	0.0	0.0	0.0	0.0	0.0	42.0	0.0	0.0	0.0	0.0	0.0	0.0	87.0	0.0	0.0	0.0	0.0	0.0	0.0	0.0	0.0	0.0	0.0	0.0	0.0	0.0	0.0	0.0	0.0	0.0	0.0	0.0	0.0	0.0	123.0	0.0	0.0	0.0	0.0	0.0	0.0	0.0	0.0	0.0	0.0	0.0	0.0	0.0	0.0	0.0	0.0	0.0	0.0	0.0	0.0	0.0	0.0	0.0	0.0	0.0	0.0	0.0	0.0	0.0	0.0	0.0	0.0	0.0	0.0	0.0	0.0	0.0	0.0	0.0	0.0	0.0	0.0	0.0	0.0	0.0	0.0	0.0	0.0	0.0	0.0	0.0	0.0	0.0	0.0	0.0	0.0	0.0	0.0	0.0	0.0	0.0	0.0	0.0	0.0	0.0	0.0	0.0	0.0	0.0	0.0	0.0	0.0	0.0	0.0	0.0	0.0	0.0	0.0	0.0	0.0	0.0	0.0	0.0	0.0	0.0	0.0	0.0	0.0	0.0	0.0	0.0	0.0	0.0	0.0	0.0	0.0	0.0	0.0
SRR21723603	1189.0	91.0	342.0	0.0	93.0	0.0	0.0	0.0	25.0	893.0	156.0	115.0	0.0	0.0	23.0	1957.0	78.0	136.0	0.0	37.0	350.0	113.0	73.0	0.0	1374.0	73.0	0.0	343.0	1094.0	0.0	0.0	27.0	0.0	0.0	1336.0	8.0	0.0	0.0	0.0	169.0	300.0	10.0	11.0	0.0	113.0	342.0	29.0	0.0	178.0	0.0	317.0	0.0	4.0	0.0	164.0	0.0	157.0	0.0	0.0	129.0	0.0	0.0	0.0	10.0	0.0	0.0	122.0	0.0	0.0	258.0	59.0	0.0	5.0	0.0	233.0	0.0	0.0	0.0	0.0	0.0	0.0	4.0	0.0	0.0	3.0	0.0	71.0	46.0	0.0	0.0	239.0	23.0	0.0	80.0	13.0	0.0	5.0	0.0	0.0	0.0	0.0	4.0	41.0	597.0	30.0	0.0	65.0	0.0	4.0	0.0	0.0	0.0	6.0	0.0	0.0	16.0	0.0	0.0	90.0	5.0	0.0	0.0	73.0	0.0	0.0	7.0	31.0	0.0	0.0	0.0	0.0	247.0	0.0	0.0	0.0	0.0	0.0	11.0	0.0	0.0	93.0	0.0	21.0	0.0	3.0	0.0	34.0	0.0	7.0	0.0	4.0	0.0	0.0	0.0	0.0	0.0	0.0	0.0	0.0	0.0	63.0	0.0	0.0	0.0	0.0	0.0	0.0	14.0	0.0	0.0	0.0	0.0	2.0	0.0	0.0	7.0	0.0	0.0	0.0	0.0	0.0	0.0	0.0	0.0	0.0	0.0	0.0	0.0	0.0	0.0	0.0	0.0	0.0	0.0	0.0	0.0	48.0	0.0	0.0	0.0	162.0	0.0	0.0	13.0	0.0	0.0	0.0	0.0	0.0	0.0	0.0	0.0	0.0	2.0	0.0	0.0	0.0	0.0	0.0	0.0	0.0	0.0	82.0	0.0	0.0	0.0	0.0	0.0	0.0	0.0	0.0	0.0	0.0	0.0	0.0	0.0	0.0	0.0	0.0	0.0	0.0	0.0	0.0	0.0	0.0	0.0	0.0	0.0	0.0	0.0	0.0	0.0	0.0	0.0	0.0	0.0	0.0	0.0	0.0	0.0	0.0	0.0	0.0	0.0	0.0	0.0	0.0	0.0	0.0	0.0	0.0	0.0	0.0	0.0	0.0	0.0	0.0	0.0	0.0	0.0	0.0	0.0	0.0	0.0	0.0	0.0	0.0	0.0	0.0	0.0	0.0	0.0	0.0	0.0	0.0	0.0	0.0	0.0	0.0	0.0	0.0	0.0	0.0	0.0	0.0	0.0	0.0	0.0	0.0	0.0	0.0	0.0	0.0	0.0	0.0	0.0	0.0	0.0	0.0	0.0	0.0
SRR21723604	834.0	70.0	300.0	0.0	289.0	0.0	2.0	0.0	49.0	382.0	225.0	111.0	0.0	0.0	50.0	2274.0	175.0	34.0	66.0	13.0	517.0	137.0	0.0	0.0	1495.0	0.0	88.0	201.0	1073.0	0.0	0.0	2.0	117.0	0.0	865.0	0.0	0.0	0.0	0.0	410.0	1241.0	30.0	0.0	0.0	49.0	117.0	221.0	0.0	246.0	68.0	1183.0	0.0	0.0	2.0	504.0	0.0	443.0	0.0	0.0	560.0	0.0	0.0	0.0	46.0	25.0	77.0	40.0	0.0	0.0	339.0	123.0	7.0	0.0	0.0	115.0	0.0	0.0	0.0	0.0	0.0	0.0	0.0	0.0	0.0	23.0	0.0	74.0	28.0	6.0	0.0	212.0	56.0	0.0	435.0	59.0	0.0	0.0	0.0	0.0	0.0	0.0	0.0	127.0	488.0	48.0	0.0	0.0	0.0	0.0	0.0	0.0	0.0	0.0	0.0	0.0	200.0	0.0	0.0	93.0	0.0	0.0	0.0	19.0	0.0	0.0	0.0	44.0	0.0	0.0	17.0	0.0	389.0	0.0	0.0	0.0	0.0	0.0	0.0	3.0	0.0	47.0	0.0	0.0	2.0	0.0	0.0	0.0	0.0	0.0	0.0	0.0	0.0	0.0	6.0	0.0	0.0	0.0	0.0	0.0	0.0	57.0	0.0	0.0	0.0	0.0	0.0	0.0	0.0	0.0	58.0	13.0	0.0	0.0	121.0	0.0	63.0	0.0	0.0	11.0	0.0	0.0	0.0	22.0	0.0	0.0	0.0	0.0	0.0	0.0	0.0	0.0	0.0	0.0	22.0	0.0	0.0	0.0	0.0	0.0	0.0	37.0	0.0	0.0	0.0	0.0	0.0	0.0	0.0	0.0	0.0	0.0	0.0	0.0	0.0	0.0	0.0	0.0	0.0	0.0	0.0	0.0	0.0	146.0	0.0	0.0	0.0	0.0	0.0	0.0	0.0	0.0	0.0	0.0	0.0	0.0	0.0	0.0	0.0	0.0	0.0	0.0	0.0	0.0	0.0	0.0	0.0	0.0	0.0	0.0	0.0	0.0	0.0	0.0	0.0	0.0	0.0	0.0	0.0	0.0	0.0	0.0	0.0	0.0	0.0	0.0	0.0	0.0	0.0	0.0	0.0	0.0	0.0	0.0	0.0	0.0	0.0	0.0	0.0	0.0	0.0	0.0	0.0	0.0	0.0	0.0	0.0	0.0	0.0	0.0	0.0	0.0	0.0	0.0	0.0	0.0	0.0	0.0	0.0	0.0	0.0	0.0	0.0	0.0	0.0	0.0	0.0	0.0	0.0	0.0	0.0	0.0	0.0	0.0	0.0	0.0	0.0	0.0	0.0	0.0	0.0	0.0
SRR21723605	732.0	41.0	744.0	0.0	156.0	0.0	0.0	0.0	12.0	463.0	136.0	196.0	0.0	3.0	12.0	951.0	61.0	85.0	92.0	19.0	460.0	56.0	39.0	20.0	1197.0	167.0	115.0	176.0	1678.0	34.0	0.0	62.0	292.0	0.0	471.0	3.0	0.0	0.0	0.0	448.0	1466.0	8.0	12.0	0.0	138.0	413.0	68.0	0.0	407.0	7.0	778.0	0.0	3.0	0.0	317.0	0.0	520.0	0.0	0.0	381.0	0.0	0.0	0.0	4.0	0.0	0.0	56.0	0.0	4.0	279.0	166.0	4.0	0.0	0.0	314.0	0.0	0.0	0.0	0.0	5.0	0.0	0.0	0.0	0.0	29.0	0.0	722.0	13.0	11.0	0.0	401.0	88.0	18.0	257.0	12.0	0.0	0.0	0.0	0.0	4.0	0.0	0.0	78.0	199.0	111.0	0.0	275.0	11.0	0.0	0.0	0.0	0.0	0.0	17.0	0.0	265.0	0.0	0.0	99.0	0.0	34.0	0.0	81.0	0.0	0.0	0.0	20.0	0.0	0.0	0.0	0.0	472.0	0.0	0.0	0.0	0.0	0.0	0.0	0.0	0.0	2.0	0.0	0.0	0.0	0.0	2.0	2.0	0.0	0.0	0.0	0.0	0.0	0.0	0.0	0.0	0.0	0.0	0.0	0.0	0.0	92.0	0.0	0.0	0.0	0.0	0.0	0.0	0.0	0.0	45.0	0.0	8.0	0.0	400.0	0.0	0.0	0.0	0.0	0.0	59.0	0.0	0.0	47.0	0.0	0.0	0.0	0.0	0.0	44.0	0.0	0.0	0.0	0.0	0.0	0.0	0.0	0.0	0.0	0.0	0.0	296.0	0.0	0.0	0.0	0.0	0.0	0.0	0.0	0.0	0.0	0.0	0.0	0.0	2.0	0.0	0.0	0.0	0.0	0.0	0.0	0.0	0.0	189.0	0.0	0.0	0.0	0.0	0.0	0.0	0.0	0.0	0.0	0.0	0.0	0.0	0.0	0.0	0.0	0.0	0.0	0.0	0.0	0.0	0.0	0.0	0.0	0.0	0.0	0.0	0.0	2.0	0.0	0.0	0.0	0.0	0.0	0.0	0.0	0.0	0.0	0.0	2.0	0.0	0.0	0.0	0.0	0.0	0.0	0.0	0.0	0.0	0.0	0.0	0.0	0.0	0.0	0.0	0.0	0.0	0.0	0.0	0.0	0.0	0.0	0.0	0.0	0.0	0.0	0.0	0.0	0.0	0.0	0.0	0.0	0.0	0.0	0.0	0.0	0.0	0.0	0.0	0.0	0.0	0.0	0.0	0.0	0.0	0.0	0.0	0.0	0.0	0.0	0.0	0.0	0.0	0.0	0.0	0.0	0.0	0.0	0.0
SRR21723606	679.0	20.0	137.0	0.0	29.0	0.0	4.0	0.0	0.0	1008.0	128.0	52.0	0.0	0.0	16.0	1655.0	63.0	65.0	40.0	0.0	148.0	85.0	0.0	15.0	859.0	66.0	6.0	254.0	502.0	0.0	0.0	0.0	0.0	0.0	446.0	0.0	0.0	0.0	0.0	165.0	413.0	6.0	11.0	0.0	0.0	91.0	209.0	0.0	0.0	71.0	453.0	0.0	0.0	0.0	193.0	0.0	140.0	0.0	0.0	345.0	0.0	0.0	0.0	0.0	15.0	0.0	113.0	0.0	0.0	167.0	42.0	0.0	0.0	0.0	184.0	0.0	0.0	0.0	0.0	0.0	0.0	0.0	0.0	0.0	65.0	0.0	45.0	56.0	0.0	0.0	153.0	0.0	5.0	679.0	18.0	0.0	0.0	0.0	0.0	0.0	0.0	0.0	76.0	246.0	51.0	0.0	0.0	0.0	0.0	0.0	0.0	0.0	0.0	0.0	0.0	100.0	0.0	0.0	160.0	0.0	0.0	0.0	0.0	0.0	0.0	0.0	29.0	0.0	0.0	0.0	0.0	125.0	0.0	0.0	0.0	0.0	0.0	18.0	0.0	0.0	0.0	6.0	0.0	0.0	0.0	0.0	13.0	0.0	0.0	0.0	0.0	0.0	0.0	0.0	0.0	0.0	0.0	0.0	6.0	0.0	22.0	0.0	0.0	0.0	0.0	0.0	0.0	0.0	0.0	0.0	0.0	0.0	0.0	91.0	0.0	102.0	0.0	0.0	0.0	0.0	0.0	0.0	0.0	0.0	0.0	0.0	0.0	0.0	44.0	0.0	0.0	0.0	0.0	25.0	0.0	0.0	22.0	0.0	0.0	0.0	56.0	0.0	0.0	0.0	0.0	0.0	0.0	0.0	0.0	0.0	0.0	0.0	0.0	0.0	0.0	0.0	0.0	0.0	0.0	0.0	0.0	0.0	73.0	0.0	0.0	0.0	0.0	0.0	0.0	0.0	0.0	0.0	0.0	0.0	0.0	0.0	0.0	0.0	0.0	0.0	0.0	0.0	0.0	0.0	0.0	0.0	0.0	0.0	0.0	0.0	0.0	0.0	0.0	0.0	0.0	0.0	0.0	0.0	0.0	0.0	0.0	0.0	0.0	0.0	0.0	0.0	0.0	0.0	0.0	0.0	0.0	0.0	0.0	0.0	0.0	0.0	0.0	0.0	0.0	0.0	0.0	0.0	0.0	0.0	0.0	0.0	0.0	0.0	0.0	0.0	0.0	0.0	0.0	0.0	0.0	0.0	0.0	0.0	0.0	0.0	0.0	0.0	0.0	0.0	0.0	0.0	0.0	0.0	0.0	0.0	0.0	0.0	0.0	0.0	0.0	0.0	0.0	0.0	0.0	0.0	0.0
SRR21723607	443.0	9.0	169.0	0.0	42.0	0.0	0.0	3.0	13.0	902.0	52.0	0.0	0.0	0.0	2.0	1933.0	46.0	20.0	0.0	3.0	117.0	64.0	17.0	0.0	928.0	53.0	30.0	113.0	507.0	0.0	0.0	0.0	0.0	0.0	668.0	0.0	3.0	9.0	0.0	171.0	306.0	15.0	0.0	0.0	26.0	127.0	118.0	2.0	71.0	70.0	443.0	0.0	19.0	0.0	138.0	0.0	83.0	3.0	0.0	208.0	0.0	0.0	0.0	0.0	0.0	0.0	57.0	0.0	0.0	147.0	136.0	2.0	0.0	0.0	146.0	0.0	0.0	0.0	0.0	0.0	0.0	0.0	0.0	0.0	49.0	0.0	36.0	108.0	0.0	0.0	233.0	0.0	0.0	371.0	0.0	0.0	0.0	0.0	0.0	0.0	0.0	0.0	50.0	377.0	49.0	0.0	0.0	0.0	0.0	0.0	0.0	0.0	0.0	3.0	0.0	102.0	0.0	0.0	131.0	0.0	0.0	0.0	21.0	0.0	0.0	0.0	7.0	0.0	0.0	5.0	0.0	150.0	0.0	0.0	0.0	0.0	0.0	0.0	0.0	0.0	26.0	5.0	0.0	0.0	0.0	0.0	0.0	0.0	0.0	0.0	0.0	0.0	0.0	0.0	0.0	0.0	0.0	0.0	0.0	0.0	37.0	0.0	0.0	0.0	0.0	10.0	0.0	0.0	0.0	30.0	12.0	0.0	0.0	199.0	0.0	50.0	0.0	0.0	0.0	0.0	0.0	0.0	25.0	0.0	0.0	0.0	0.0	0.0	0.0	0.0	0.0	12.0	0.0	20.0	0.0	0.0	0.0	0.0	0.0	25.0	402.0	0.0	0.0	0.0	0.0	0.0	0.0	0.0	0.0	0.0	0.0	0.0	0.0	0.0	0.0	0.0	0.0	0.0	0.0	0.0	0.0	0.0	78.0	0.0	0.0	0.0	0.0	0.0	0.0	0.0	0.0	0.0	0.0	0.0	0.0	0.0	0.0	0.0	0.0	0.0	0.0	0.0	0.0	0.0	0.0	0.0	0.0	0.0	0.0	0.0	0.0	0.0	0.0	0.0	0.0	0.0	0.0	0.0	0.0	0.0	0.0	0.0	0.0	0.0	0.0	0.0	0.0	0.0	0.0	0.0	0.0	0.0	0.0	0.0	0.0	0.0	0.0	0.0	0.0	0.0	0.0	0.0	0.0	0.0	0.0	0.0	0.0	0.0	0.0	0.0	0.0	0.0	0.0	0.0	0.0	0.0	0.0	0.0	0.0	0.0	0.0	0.0	0.0	0.0	0.0	0.0	0.0	0.0	0.0	0.0	0.0	0.0	0.0	0.0	0.0	0.0	0.0	0.0	0.0	0.0	0.0
SRR21723608	477.0	30.0	245.0	0.0	57.0	0.0	0.0	0.0	11.0	1410.0	94.0	0.0	0.0	2.0	7.0	1335.0	52.0	81.0	58.0	0.0	219.0	105.0	0.0	18.0	758.0	74.0	18.0	167.0	728.0	32.0	0.0	0.0	140.0	0.0	384.0	0.0	9.0	81.0	0.0	155.0	411.0	0.0	0.0	0.0	32.0	148.0	69.0	0.0	100.0	0.0	380.0	0.0	6.0	0.0	118.0	0.0	149.0	0.0	0.0	301.0	0.0	0.0	0.0	11.0	9.0	6.0	101.0	0.0	6.0	105.0	78.0	0.0	0.0	0.0	209.0	0.0	0.0	3.0	0.0	0.0	0.0	0.0	0.0	0.0	91.0	0.0	0.0	15.0	5.0	0.0	266.0	0.0	0.0	208.0	12.0	0.0	0.0	0.0	0.0	0.0	0.0	0.0	81.0	224.0	76.0	0.0	0.0	0.0	0.0	0.0	0.0	0.0	0.0	0.0	0.0	162.0	0.0	0.0	245.0	0.0	0.0	0.0	0.0	0.0	0.0	0.0	0.0	0.0	0.0	0.0	0.0	111.0	0.0	0.0	0.0	0.0	0.0	0.0	0.0	0.0	18.0	5.0	0.0	0.0	0.0	0.0	0.0	0.0	0.0	0.0	0.0	0.0	0.0	0.0	0.0	0.0	0.0	0.0	0.0	0.0	33.0	0.0	0.0	0.0	0.0	0.0	0.0	0.0	0.0	22.0	0.0	0.0	0.0	35.0	0.0	264.0	0.0	0.0	0.0	0.0	0.0	0.0	20.0	0.0	0.0	0.0	0.0	0.0	42.0	0.0	0.0	2.0	0.0	20.0	0.0	0.0	59.0	0.0	0.0	0.0	42.0	0.0	0.0	0.0	0.0	0.0	0.0	0.0	0.0	0.0	0.0	0.0	0.0	0.0	5.0	0.0	0.0	0.0	0.0	0.0	0.0	0.0	115.0	0.0	0.0	0.0	0.0	0.0	0.0	0.0	0.0	0.0	0.0	0.0	0.0	0.0	0.0	0.0	0.0	0.0	0.0	0.0	0.0	0.0	0.0	0.0	0.0	0.0	0.0	0.0	0.0	0.0	0.0	0.0	0.0	0.0	0.0	0.0	0.0	0.0	0.0	0.0	0.0	0.0	0.0	0.0	0.0	0.0	0.0	0.0	0.0	0.0	0.0	0.0	0.0	0.0	0.0	0.0	0.0	0.0	0.0	0.0	0.0	0.0	0.0	0.0	0.0	0.0	0.0	0.0	0.0	0.0	0.0	0.0	0.0	0.0	0.0	0.0	0.0	0.0	0.0	0.0	0.0	0.0	0.0	0.0	0.0	0.0	0.0	0.0	0.0	0.0	0.0	2.0	0.0	0.0	0.0	0.0	0.0	0.0	0.0
SRR21723609	807.0	47.0	234.0	0.0	25.0	0.0	0.0	0.0	34.0	1092.0	52.0	53.0	0.0	6.0	17.0	1124.0	41.0	63.0	0.0	0.0	311.0	106.0	45.0	12.0	1176.0	69.0	6.0	214.0	717.0	0.0	2.0	0.0	30.0	0.0	1076.0	6.0	0.0	0.0	0.0	132.0	365.0	19.0	0.0	0.0	38.0	414.0	99.0	53.0	115.0	26.0	240.0	0.0	0.0	0.0	67.0	0.0	167.0	0.0	0.0	54.0	0.0	0.0	0.0	0.0	0.0	0.0	36.0	0.0	2.0	153.0	18.0	0.0	0.0	0.0	87.0	20.0	0.0	0.0	0.0	0.0	0.0	0.0	0.0	0.0	0.0	0.0	0.0	19.0	0.0	0.0	307.0	2.0	0.0	288.0	6.0	0.0	8.0	0.0	0.0	0.0	0.0	0.0	0.0	422.0	0.0	0.0	0.0	0.0	2.0	0.0	0.0	0.0	0.0	0.0	0.0	24.0	0.0	0.0	136.0	0.0	0.0	0.0	59.0	0.0	0.0	0.0	44.0	0.0	0.0	0.0	0.0	205.0	0.0	0.0	0.0	0.0	0.0	0.0	0.0	0.0	45.0	0.0	44.0	0.0	13.0	0.0	34.0	14.0	0.0	0.0	0.0	0.0	0.0	2.0	0.0	0.0	0.0	0.0	0.0	0.0	50.0	7.0	0.0	0.0	0.0	0.0	0.0	0.0	0.0	43.0	0.0	0.0	0.0	0.0	0.0	0.0	0.0	0.0	8.0	0.0	0.0	0.0	0.0	0.0	0.0	0.0	0.0	0.0	94.0	0.0	0.0	0.0	0.0	0.0	0.0	0.0	37.0	0.0	0.0	0.0	97.0	0.0	0.0	10.0	0.0	0.0	0.0	0.0	0.0	0.0	0.0	0.0	0.0	0.0	0.0	0.0	0.0	0.0	0.0	0.0	0.0	0.0	46.0	0.0	0.0	0.0	0.0	0.0	0.0	0.0	0.0	0.0	0.0	0.0	0.0	0.0	0.0	0.0	0.0	0.0	0.0	0.0	0.0	0.0	0.0	0.0	0.0	0.0	3.0	0.0	0.0	0.0	0.0	0.0	0.0	0.0	0.0	0.0	0.0	0.0	0.0	0.0	0.0	0.0	0.0	0.0	0.0	0.0	0.0	0.0	0.0	0.0	0.0	0.0	0.0	0.0	0.0	0.0	0.0	0.0	0.0	0.0	0.0	0.0	0.0	0.0	0.0	0.0	0.0	0.0	0.0	0.0	0.0	0.0	0.0	0.0	0.0	0.0	0.0	0.0	0.0	0.0	0.0	0.0	0.0	0.0	6.0	0.0	0.0	0.0	0.0	0.0	0.0	0.0	0.0	0.0	0.0	0.0	0.0	0.0	0.0
SRR21723610	1781.0	141.0	757.0	0.0	179.0	0.0	3.0	5.0	40.0	1599.0	285.0	179.0	28.0	26.0	41.0	4338.0	61.0	138.0	69.0	0.0	646.0	160.0	70.0	0.0	2298.0	124.0	65.0	412.0	1293.0	81.0	0.0	15.0	140.0	0.0	1543.0	0.0	4.0	73.0	0.0	756.0	1386.0	45.0	13.0	0.0	62.0	221.0	253.0	0.0	208.0	145.0	1426.0	0.0	44.0	0.0	542.0	0.0	484.0	0.0	0.0	687.0	0.0	0.0	5.0	13.0	45.0	3.0	75.0	0.0	5.0	414.0	307.0	8.0	0.0	0.0	583.0	19.0	0.0	0.0	0.0	14.0	0.0	0.0	0.0	0.0	294.0	0.0	171.0	199.0	19.0	0.0	363.0	72.0	13.0	1175.0	16.0	0.0	7.0	0.0	0.0	0.0	0.0	0.0	208.0	749.0	34.0	0.0	129.0	0.0	0.0	0.0	0.0	0.0	6.0	0.0	10.0	397.0	0.0	0.0	447.0	0.0	0.0	0.0	48.0	0.0	0.0	0.0	79.0	0.0	0.0	0.0	0.0	445.0	0.0	0.0	0.0	0.0	0.0	16.0	0.0	0.0	94.0	0.0	14.0	0.0	0.0	0.0	0.0	0.0	0.0	0.0	0.0	0.0	0.0	0.0	0.0	0.0	0.0	0.0	0.0	0.0	56.0	0.0	0.0	0.0	0.0	0.0	0.0	13.0	0.0	67.0	0.0	0.0	0.0	148.0	0.0	78.0	0.0	0.0	0.0	0.0	0.0	0.0	48.0	0.0	0.0	0.0	0.0	0.0	0.0	0.0	0.0	0.0	0.0	30.0	0.0	0.0	99.0	0.0	0.0	0.0	120.0	0.0	0.0	0.0	0.0	0.0	0.0	0.0	0.0	0.0	0.0	0.0	0.0	0.0	0.0	0.0	0.0	0.0	0.0	0.0	0.0	0.0	349.0	0.0	0.0	0.0	0.0	0.0	0.0	0.0	0.0	0.0	0.0	0.0	0.0	0.0	0.0	0.0	0.0	0.0	0.0	0.0	0.0	0.0	0.0	0.0	0.0	0.0	0.0	0.0	0.0	0.0	0.0	0.0	0.0	0.0	0.0	0.0	0.0	0.0	0.0	0.0	0.0	0.0	0.0	0.0	0.0	0.0	0.0	0.0	0.0	0.0	0.0	0.0	0.0	0.0	0.0	0.0	0.0	0.0	0.0	0.0	0.0	0.0	0.0	0.0	0.0	0.0	0.0	0.0	0.0	0.0	0.0	0.0	0.0	0.0	0.0	0.0	0.0	0.0	0.0	0.0	0.0	0.0	0.0	0.0	0.0	0.0	0.0	0.0	0.0	0.0	0.0	0.0	0.0	0.0	0.0	0.0	0.0	0.0	0.0
SRR21723611	766.0	62.0	338.0	0.0	179.0	0.0	0.0	0.0	39.0	822.0	190.0	49.0	0.0	0.0	42.0	2256.0	63.0	89.0	41.0	0.0	282.0	106.0	59.0	0.0	1204.0	81.0	6.0	208.0	494.0	54.0	0.0	0.0	52.0	0.0	720.0	4.0	0.0	22.0	0.0	227.0	758.0	40.0	0.0	5.0	29.0	178.0	230.0	0.0	65.0	0.0	765.0	0.0	25.0	0.0	244.0	0.0	143.0	0.0	0.0	413.0	0.0	0.0	0.0	0.0	19.0	0.0	88.0	0.0	0.0	245.0	77.0	9.0	0.0	0.0	193.0	0.0	0.0	0.0	0.0	0.0	0.0	0.0	0.0	0.0	11.0	0.0	41.0	212.0	8.0	0.0	170.0	27.0	0.0	572.0	17.0	0.0	0.0	0.0	0.0	5.0	0.0	0.0	74.0	442.0	86.0	0.0	0.0	0.0	0.0	0.0	0.0	0.0	0.0	0.0	0.0	224.0	0.0	3.0	81.0	2.0	0.0	0.0	19.0	0.0	0.0	0.0	0.0	0.0	0.0	0.0	0.0	242.0	0.0	0.0	0.0	0.0	0.0	0.0	0.0	0.0	37.0	5.0	0.0	0.0	0.0	2.0	0.0	0.0	0.0	0.0	0.0	0.0	0.0	0.0	0.0	0.0	0.0	0.0	0.0	0.0	28.0	0.0	0.0	0.0	0.0	0.0	0.0	0.0	0.0	24.0	21.0	4.0	0.0	108.0	0.0	132.0	0.0	0.0	0.0	0.0	0.0	0.0	39.0	0.0	0.0	0.0	0.0	0.0	0.0	0.0	0.0	0.0	0.0	43.0	0.0	0.0	16.0	0.0	0.0	0.0	42.0	0.0	0.0	0.0	0.0	0.0	2.0	0.0	0.0	0.0	0.0	0.0	0.0	0.0	0.0	0.0	0.0	0.0	0.0	0.0	0.0	0.0	126.0	0.0	0.0	0.0	0.0	0.0	0.0	0.0	0.0	0.0	0.0	0.0	0.0	0.0	0.0	0.0	0.0	0.0	0.0	0.0	0.0	0.0	0.0	0.0	0.0	0.0	0.0	0.0	0.0	0.0	0.0	0.0	0.0	0.0	0.0	0.0	0.0	0.0	0.0	0.0	0.0	0.0	0.0	0.0	0.0	0.0	0.0	0.0	0.0	0.0	0.0	0.0	0.0	0.0	0.0	0.0	0.0	0.0	0.0	0.0	0.0	0.0	0.0	0.0	0.0	0.0	0.0	0.0	0.0	0.0	0.0	0.0	0.0	0.0	0.0	0.0	0.0	0.0	0.0	0.0	0.0	0.0	0.0	0.0	0.0	0.0	0.0	0.0	0.0	0.0	0.0	0.0	0.0	0.0	0.0	0.0	0.0	0.0	0.0
SRR21723612	307.0	12.0	462.0	0.0	59.0	0.0	0.0	0.0	6.0	684.0	139.0	0.0	0.0	4.0	13.0	1318.0	61.0	24.0	30.0	8.0	238.0	79.0	0.0	0.0	892.0	0.0	58.0	153.0	534.0	14.0	0.0	0.0	92.0	0.0	594.0	0.0	0.0	6.0	0.0	252.0	805.0	12.0	0.0	0.0	0.0	34.0	159.0	0.0	92.0	0.0	766.0	0.0	13.0	0.0	338.0	0.0	265.0	0.0	0.0	367.0	0.0	0.0	0.0	0.0	8.0	0.0	34.0	0.0	0.0	211.0	163.0	13.0	0.0	0.0	244.0	0.0	0.0	0.0	0.0	2.0	0.0	0.0	0.0	0.0	142.0	0.0	0.0	55.0	3.0	0.0	146.0	31.0	0.0	258.0	0.0	0.0	0.0	0.0	0.0	0.0	0.0	0.0	175.0	175.0	68.0	0.0	37.0	0.0	0.0	0.0	0.0	0.0	0.0	0.0	0.0	133.0	0.0	0.0	282.0	0.0	0.0	0.0	36.0	0.0	0.0	0.0	0.0	0.0	0.0	0.0	0.0	177.0	0.0	5.0	0.0	0.0	0.0	0.0	0.0	0.0	11.0	0.0	0.0	0.0	5.0	0.0	0.0	0.0	0.0	0.0	0.0	0.0	3.0	0.0	0.0	0.0	0.0	0.0	0.0	0.0	48.0	0.0	0.0	0.0	0.0	0.0	0.0	0.0	0.0	31.0	0.0	0.0	0.0	100.0	0.0	112.0	0.0	0.0	0.0	0.0	0.0	0.0	70.0	7.0	0.0	0.0	0.0	0.0	0.0	0.0	0.0	0.0	0.0	17.0	0.0	0.0	0.0	0.0	0.0	40.0	94.0	0.0	0.0	0.0	0.0	0.0	0.0	0.0	0.0	0.0	0.0	0.0	0.0	0.0	0.0	0.0	0.0	0.0	0.0	0.0	0.0	0.0	87.0	0.0	0.0	0.0	0.0	0.0	0.0	0.0	29.0	0.0	0.0	0.0	0.0	0.0	0.0	0.0	0.0	0.0	0.0	0.0	0.0	0.0	0.0	0.0	0.0	0.0	0.0	0.0	0.0	0.0	0.0	0.0	0.0	0.0	0.0	0.0	0.0	0.0	0.0	0.0	0.0	0.0	0.0	0.0	0.0	0.0	0.0	0.0	0.0	0.0	0.0	0.0	0.0	0.0	0.0	0.0	0.0	0.0	0.0	0.0	0.0	0.0	0.0	0.0	0.0	0.0	0.0	0.0	0.0	0.0	0.0	0.0	0.0	0.0	0.0	0.0	0.0	0.0	0.0	0.0	0.0	0.0	0.0	0.0	0.0	0.0	0.0	0.0	0.0	0.0	0.0	0.0	0.0	0.0	0.0	0.0	0.0	0.0	0.0
SRR21723613	368.0	6.0	466.0	0.0	53.0	0.0	6.0	0.0	66.0	468.0	70.0	141.0	0.0	12.0	23.0	930.0	99.0	51.0	45.0	41.0	395.0	79.0	0.0	0.0	395.0	147.0	0.0	141.0	1229.0	0.0	0.0	2.0	122.0	0.0	333.0	0.0	0.0	0.0	0.0	364.0	1374.0	4.0	0.0	2.0	21.0	139.0	58.0	3.0	298.0	0.0	621.0	0.0	25.0	0.0	268.0	0.0	568.0	0.0	0.0	315.0	0.0	0.0	0.0	9.0	19.0	0.0	0.0	0.0	0.0	140.0	35.0	0.0	0.0	0.0	219.0	0.0	0.0	2.0	0.0	6.0	0.0	0.0	0.0	0.0	21.0	0.0	107.0	64.0	0.0	0.0	119.0	48.0	0.0	179.0	12.0	0.0	2.0	0.0	0.0	0.0	0.0	0.0	0.0	324.0	23.0	3.0	134.0	0.0	3.0	0.0	0.0	0.0	6.0	0.0	0.0	287.0	0.0	0.0	121.0	0.0	15.0	0.0	47.0	0.0	0.0	0.0	17.0	0.0	0.0	0.0	0.0	176.0	0.0	0.0	0.0	0.0	0.0	0.0	2.0	0.0	0.0	0.0	0.0	0.0	0.0	0.0	0.0	0.0	0.0	0.0	0.0	0.0	0.0	7.0	0.0	0.0	0.0	0.0	0.0	0.0	42.0	0.0	0.0	0.0	0.0	0.0	0.0	0.0	0.0	0.0	0.0	0.0	0.0	49.0	0.0	31.0	0.0	0.0	0.0	0.0	0.0	0.0	0.0	0.0	0.0	0.0	0.0	0.0	19.0	0.0	0.0	0.0	0.0	0.0	0.0	0.0	0.0	0.0	0.0	0.0	194.0	0.0	0.0	0.0	0.0	0.0	0.0	0.0	0.0	0.0	0.0	0.0	0.0	0.0	0.0	0.0	0.0	0.0	0.0	0.0	0.0	0.0	108.0	0.0	0.0	0.0	0.0	0.0	0.0	0.0	0.0	0.0	0.0	0.0	0.0	0.0	0.0	0.0	0.0	0.0	0.0	0.0	0.0	0.0	0.0	0.0	0.0	0.0	0.0	0.0	0.0	0.0	0.0	0.0	0.0	0.0	0.0	0.0	0.0	0.0	0.0	0.0	0.0	0.0	0.0	0.0	0.0	0.0	0.0	0.0	0.0	0.0	0.0	0.0	0.0	0.0	0.0	0.0	0.0	0.0	0.0	0.0	0.0	0.0	0.0	0.0	0.0	0.0	0.0	0.0	0.0	0.0	0.0	0.0	0.0	0.0	0.0	0.0	0.0	0.0	0.0	0.0	0.0	0.0	0.0	0.0	0.0	0.0	0.0	0.0	0.0	0.0	0.0	0.0	0.0	0.0	0.0	0.0	0.0	0.0	0.0
SRR21723614	804.0	18.0	585.0	0.0	190.0	0.0	0.0	0.0	70.0	442.0	201.0	157.0	0.0	11.0	39.0	2108.0	129.0	55.0	76.0	0.0	614.0	79.0	19.0	0.0	1189.0	46.0	53.0	200.0	1279.0	28.0	0.0	4.0	163.0	0.0	531.0	0.0	0.0	0.0	0.0	394.0	1564.0	11.0	0.0	0.0	49.0	107.0	201.0	0.0	323.0	0.0	1250.0	0.0	43.0	3.0	541.0	0.0	682.0	0.0	0.0	659.0	0.0	0.0	0.0	61.0	26.0	50.0	135.0	0.0	0.0	328.0	231.0	0.0	0.0	0.0	230.0	0.0	0.0	0.0	0.0	14.0	0.0	0.0	0.0	2.0	39.0	0.0	113.0	89.0	0.0	0.0	89.0	77.0	21.0	392.0	41.0	0.0	0.0	0.0	0.0	0.0	0.0	0.0	171.0	411.0	44.0	0.0	110.0	0.0	3.0	0.0	0.0	0.0	10.0	0.0	0.0	241.0	0.0	0.0	187.0	0.0	0.0	0.0	55.0	0.0	0.0	0.0	45.0	0.0	0.0	0.0	0.0	522.0	0.0	0.0	0.0	0.0	0.0	6.0	0.0	0.0	33.0	0.0	6.0	0.0	0.0	0.0	0.0	0.0	0.0	0.0	0.0	0.0	0.0	0.0	0.0	2.0	0.0	0.0	0.0	0.0	84.0	0.0	0.0	0.0	0.0	0.0	0.0	0.0	0.0	35.0	14.0	6.0	0.0	98.0	0.0	106.0	0.0	0.0	0.0	42.0	0.0	0.0	53.0	0.0	0.0	0.0	0.0	0.0	58.0	0.0	0.0	0.0	0.0	0.0	0.0	0.0	0.0	0.0	0.0	0.0	167.0	0.0	0.0	0.0	0.0	0.0	0.0	0.0	0.0	0.0	0.0	0.0	0.0	3.0	0.0	0.0	0.0	0.0	0.0	0.0	0.0	0.0	174.0	0.0	0.0	0.0	0.0	0.0	0.0	0.0	22.0	0.0	0.0	0.0	0.0	0.0	0.0	0.0	0.0	0.0	0.0	0.0	0.0	0.0	0.0	0.0	0.0	0.0	0.0	0.0	0.0	0.0	0.0	0.0	0.0	0.0	0.0	0.0	0.0	0.0	0.0	0.0	0.0	0.0	0.0	0.0	0.0	0.0	0.0	5.0	0.0	0.0	0.0	0.0	0.0	0.0	0.0	0.0	0.0	0.0	0.0	0.0	0.0	0.0	0.0	0.0	0.0	0.0	0.0	0.0	0.0	0.0	0.0	0.0	0.0	0.0	0.0	0.0	0.0	0.0	0.0	0.0	0.0	0.0	0.0	0.0	0.0	0.0	0.0	0.0	0.0	0.0	0.0	0.0	0.0	0.0	0.0	0.0	0.0	0.0	0.0
SRR21723615	3283.0	180.0	3239.0	0.0	583.0	0.0	15.0	7.0	377.0	2868.0	612.0	596.0	0.0	45.0	175.0	6791.0	481.0	326.0	218.0	242.0	1581.0	355.0	82.0	90.0	3273.0	746.0	101.0	890.0	5968.0	167.0	0.0	66.0	927.0	0.0	3770.0	19.0	0.0	0.0	0.0	1847.0	6383.0	127.0	0.0	0.0	236.0	1002.0	276.0	0.0	1270.0	209.0	2965.0	30.0	97.0	0.0	1145.0	3.0	2451.0	0.0	0.0	1231.0	0.0	0.0	0.0	116.0	71.0	29.0	422.0	0.0	15.0	584.0	804.0	10.0	0.0	7.0	1590.0	16.0	0.0	0.0	0.0	24.0	0.0	6.0	20.0	0.0	53.0	0.0	518.0	274.0	37.0	0.0	1323.0	277.0	43.0	1736.0	59.0	0.0	0.0	0.0	0.0	0.0	0.0	0.0	215.0	1243.0	127.0	0.0	690.0	18.0	0.0	0.0	0.0	0.0	14.0	0.0	73.0	1665.0	0.0	3.0	649.0	0.0	58.0	0.0	207.0	0.0	0.0	0.0	230.0	0.0	0.0	0.0	0.0	1711.0	2.0	0.0	0.0	7.0	0.0	37.0	0.0	0.0	82.0	0.0	28.0	0.0	31.0	0.0	0.0	23.0	9.0	0.0	10.0	0.0	0.0	0.0	0.0	0.0	5.0	0.0	0.0	0.0	345.0	0.0	0.0	9.0	0.0	0.0	0.0	0.0	0.0	200.0	21.0	12.0	0.0	205.0	0.0	182.0	2.0	0.0	56.0	173.0	0.0	0.0	91.0	0.0	0.0	0.0	0.0	6.0	170.0	0.0	0.0	0.0	0.0	64.0	0.0	0.0	67.0	0.0	0.0	0.0	732.0	0.0	0.0	0.0	0.0	0.0	0.0	0.0	0.0	0.0	0.0	0.0	0.0	0.0	0.0	0.0	0.0	0.0	0.0	0.0	0.0	0.0	439.0	0.0	0.0	0.0	0.0	0.0	0.0	0.0	36.0	0.0	0.0	0.0	0.0	0.0	0.0	0.0	0.0	0.0	0.0	0.0	0.0	0.0	0.0	0.0	0.0	0.0	0.0	0.0	0.0	0.0	0.0	0.0	0.0	0.0	0.0	0.0	0.0	0.0	0.0	0.0	0.0	0.0	0.0	0.0	0.0	0.0	0.0	0.0	0.0	0.0	0.0	0.0	0.0	0.0	0.0	0.0	0.0	0.0	0.0	0.0	0.0	0.0	0.0	0.0	0.0	0.0	0.0	0.0	0.0	0.0	0.0	0.0	0.0	0.0	0.0	0.0	0.0	0.0	0.0	0.0	0.0	0.0	0.0	15.0	0.0	0.0	0.0	0.0	0.0	0.0	0.0	0.0	0.0	0.0	0.0	0.0	0.0	0.0	0.0
SRR21723616	1994.0	52.0	1101.0	4.0	332.0	0.0	0.0	16.0	54.0	1335.0	535.0	283.0	9.0	5.0	23.0	2652.0	312.0	275.0	152.0	191.0	1325.0	241.0	108.0	0.0	2082.0	409.0	33.0	601.0	2772.0	134.0	0.0	31.0	155.0	0.0	2843.0	11.0	6.0	0.0	3.0	680.0	1710.0	64.0	32.0	4.0	319.0	310.0	244.0	0.0	704.0	0.0	1516.0	0.0	4.0	13.0	582.0	0.0	637.0	0.0	0.0	422.0	0.0	0.0	3.0	0.0	67.0	38.0	195.0	3.0	7.0	406.0	217.0	2.0	0.0	6.0	302.0	28.0	0.0	5.0	0.0	13.0	2.0	0.0	0.0	0.0	0.0	0.0	643.0	102.0	10.0	0.0	986.0	113.0	0.0	672.0	44.0	0.0	0.0	0.0	0.0	5.0	0.0	0.0	139.0	475.0	195.0	0.0	315.0	12.0	0.0	0.0	0.0	0.0	13.0	20.0	22.0	157.0	0.0	0.0	323.0	0.0	23.0	0.0	110.0	3.0	0.0	9.0	56.0	7.0	0.0	0.0	0.0	893.0	3.0	0.0	0.0	0.0	0.0	25.0	0.0	0.0	24.0	0.0	21.0	0.0	4.0	0.0	0.0	0.0	7.0	0.0	0.0	0.0	0.0	0.0	0.0	0.0	0.0	0.0	0.0	0.0	216.0	0.0	0.0	0.0	0.0	3.0	0.0	0.0	3.0	110.0	41.0	8.0	0.0	272.0	3.0	10.0	0.0	0.0	58.0	0.0	0.0	0.0	0.0	0.0	0.0	0.0	0.0	5.0	172.0	0.0	0.0	0.0	0.0	0.0	0.0	0.0	0.0	0.0	0.0	0.0	437.0	0.0	0.0	40.0	0.0	0.0	0.0	0.0	0.0	0.0	0.0	0.0	0.0	0.0	0.0	0.0	0.0	0.0	0.0	0.0	0.0	0.0	467.0	0.0	0.0	0.0	0.0	0.0	0.0	0.0	0.0	0.0	0.0	0.0	0.0	0.0	0.0	0.0	0.0	0.0	0.0	0.0	0.0	0.0	0.0	0.0	0.0	0.0	0.0	0.0	5.0	0.0	0.0	0.0	0.0	0.0	0.0	0.0	0.0	4.0	0.0	4.0	0.0	0.0	0.0	0.0	0.0	0.0	0.0	0.0	0.0	0.0	0.0	0.0	0.0	0.0	0.0	0.0	0.0	0.0	0.0	0.0	0.0	0.0	0.0	0.0	0.0	0.0	0.0	0.0	0.0	0.0	0.0	0.0	0.0	0.0	0.0	0.0	0.0	0.0	0.0	0.0	0.0	0.0	0.0	0.0	16.0	0.0	0.0	0.0	0.0	0.0	0.0	0.0	0.0	0.0	0.0	0.0	0.0	0.0	0.0
SRR21723619	1499.0	0.0	267.0	0.0	190.0	0.0	0.0	0.0	0.0	983.0	212.0	136.0	13.0	0.0	43.0	2993.0	162.0	28.0	61.0	53.0	434.0	167.0	47.0	0.0	1402.0	152.0	26.0	281.0	1071.0	0.0	0.0	2.0	100.0	0.0	1344.0	4.0	0.0	8.0	0.0	320.0	833.0	30.0	9.0	0.0	0.0	119.0	165.0	0.0	283.0	114.0	1350.0	0.0	29.0	4.0	387.0	0.0	456.0	0.0	10.0	329.0	0.0	0.0	0.0	10.0	72.0	0.0	124.0	0.0	0.0	281.0	63.0	0.0	0.0	0.0	210.0	0.0	0.0	0.0	0.0	0.0	0.0	0.0	0.0	0.0	0.0	0.0	205.0	47.0	0.0	0.0	201.0	58.0	0.0	641.0	26.0	0.0	0.0	2.0	0.0	0.0	0.0	0.0	102.0	717.0	25.0	4.0	146.0	0.0	2.0	0.0	0.0	0.0	4.0	0.0	0.0	199.0	0.0	0.0	116.0	0.0	0.0	0.0	65.0	0.0	0.0	8.0	83.0	0.0	0.0	0.0	0.0	344.0	0.0	0.0	0.0	0.0	0.0	20.0	0.0	0.0	64.0	0.0	0.0	0.0	0.0	0.0	0.0	0.0	0.0	0.0	0.0	0.0	0.0	0.0	0.0	0.0	0.0	0.0	0.0	3.0	102.0	0.0	0.0	0.0	0.0	0.0	0.0	15.0	0.0	12.0	17.0	0.0	0.0	84.0	0.0	0.0	0.0	0.0	5.0	0.0	0.0	0.0	53.0	0.0	0.0	0.0	0.0	0.0	0.0	0.0	0.0	0.0	0.0	31.0	0.0	0.0	0.0	0.0	0.0	0.0	148.0	0.0	0.0	0.0	0.0	0.0	0.0	0.0	0.0	0.0	0.0	0.0	0.0	0.0	2.0	0.0	0.0	0.0	0.0	0.0	0.0	0.0	74.0	0.0	0.0	0.0	0.0	0.0	0.0	0.0	0.0	0.0	0.0	0.0	0.0	0.0	0.0	0.0	0.0	0.0	0.0	0.0	0.0	0.0	0.0	0.0	0.0	0.0	0.0	0.0	0.0	0.0	0.0	0.0	0.0	0.0	0.0	0.0	0.0	0.0	0.0	0.0	0.0	0.0	0.0	0.0	0.0	0.0	0.0	0.0	0.0	0.0	0.0	0.0	0.0	0.0	0.0	0.0	0.0	0.0	0.0	0.0	0.0	0.0	0.0	0.0	0.0	0.0	0.0	0.0	0.0	0.0	0.0	0.0	0.0	0.0	0.0	0.0	0.0	0.0	0.0	0.0	0.0	0.0	0.0	0.0	0.0	0.0	0.0	0.0	0.0	0.0	0.0	0.0	0.0	0.0	0.0	0.0	0.0	0.0	0.0
SRR21723620	1160.0	0.0	137.0	0.0	221.0	0.0	0.0	0.0	47.0	573.0	127.0	44.0	0.0	8.0	13.0	1667.0	241.0	54.0	56.0	0.0	362.0	33.0	0.0	0.0	1125.0	170.0	14.0	75.0	1064.0	0.0	0.0	0.0	67.0	0.0	856.0	2.0	3.0	3.0	2.0	182.0	595.0	0.0	0.0	0.0	61.0	120.0	221.0	0.0	196.0	56.0	1396.0	0.0	0.0	3.0	343.0	0.0	264.0	0.0	0.0	294.0	0.0	0.0	0.0	0.0	23.0	26.0	121.0	0.0	0.0	319.0	39.0	0.0	0.0	6.0	117.0	0.0	0.0	0.0	0.0	0.0	0.0	0.0	0.0	0.0	0.0	0.0	33.0	20.0	17.0	0.0	110.0	48.0	0.0	291.0	35.0	0.0	0.0	0.0	0.0	5.0	0.0	0.0	107.0	421.0	18.0	0.0	83.0	0.0	5.0	0.0	0.0	0.0	0.0	0.0	0.0	111.0	0.0	0.0	139.0	0.0	0.0	0.0	41.0	0.0	0.0	0.0	44.0	0.0	0.0	0.0	0.0	372.0	0.0	0.0	0.0	3.0	0.0	0.0	0.0	0.0	49.0	3.0	0.0	0.0	0.0	0.0	0.0	0.0	0.0	0.0	0.0	0.0	0.0	0.0	0.0	0.0	0.0	0.0	0.0	0.0	40.0	0.0	0.0	0.0	0.0	0.0	0.0	2.0	0.0	61.0	0.0	0.0	0.0	51.0	0.0	26.0	0.0	0.0	0.0	0.0	0.0	0.0	26.0	0.0	0.0	0.0	0.0	0.0	0.0	0.0	0.0	0.0	0.0	21.0	0.0	0.0	0.0	0.0	0.0	0.0	82.0	0.0	0.0	26.0	0.0	0.0	0.0	0.0	0.0	0.0	0.0	0.0	0.0	0.0	0.0	0.0	0.0	0.0	0.0	0.0	0.0	0.0	71.0	0.0	0.0	0.0	0.0	0.0	0.0	0.0	0.0	0.0	0.0	0.0	0.0	0.0	0.0	0.0	0.0	0.0	0.0	0.0	0.0	0.0	0.0	0.0	0.0	0.0	0.0	0.0	0.0	0.0	0.0	0.0	0.0	0.0	0.0	0.0	0.0	0.0	0.0	0.0	0.0	0.0	0.0	0.0	0.0	0.0	0.0	0.0	0.0	0.0	0.0	0.0	0.0	0.0	0.0	0.0	0.0	0.0	0.0	0.0	0.0	0.0	0.0	0.0	0.0	0.0	0.0	0.0	0.0	0.0	0.0	0.0	0.0	0.0	0.0	0.0	0.0	0.0	0.0	0.0	0.0	0.0	0.0	0.0	0.0	0.0	0.0	0.0	0.0	0.0	0.0	0.0	0.0	0.0	0.0	0.0	0.0	0.0	0.0
SRR21723621	648.0	30.0	579.0	4.0	204.0	0.0	0.0	0.0	97.0	444.0	260.0	131.0	17.0	15.0	16.0	1488.0	312.0	133.0	68.0	69.0	670.0	183.0	0.0	0.0	1102.0	160.0	100.0	358.0	1540.0	0.0	0.0	0.0	138.0	0.0	1150.0	0.0	0.0	0.0	0.0	480.0	1128.0	63.0	14.0	0.0	54.0	219.0	57.0	0.0	354.0	63.0	1220.0	0.0	0.0	0.0	302.0	0.0	613.0	0.0	0.0	351.0	0.0	0.0	0.0	24.0	27.0	21.0	139.0	0.0	0.0	342.0	37.0	0.0	0.0	0.0	369.0	0.0	0.0	0.0	0.0	0.0	0.0	5.0	0.0	0.0	12.0	0.0	257.0	68.0	0.0	0.0	326.0	93.0	0.0	247.0	12.0	0.0	0.0	0.0	0.0	6.0	0.0	3.0	100.0	372.0	57.0	0.0	207.0	0.0	0.0	0.0	0.0	0.0	12.0	0.0	0.0	186.0	0.0	0.0	90.0	0.0	0.0	0.0	71.0	0.0	0.0	0.0	116.0	0.0	0.0	0.0	0.0	587.0	0.0	0.0	0.0	0.0	0.0	0.0	0.0	0.0	31.0	0.0	18.0	0.0	0.0	0.0	0.0	0.0	0.0	0.0	0.0	0.0	11.0	0.0	0.0	0.0	0.0	0.0	0.0	0.0	132.0	0.0	0.0	0.0	0.0	0.0	0.0	6.0	0.0	45.0	0.0	0.0	0.0	0.0	0.0	22.0	0.0	0.0	20.0	0.0	0.0	0.0	48.0	0.0	0.0	0.0	0.0	0.0	77.0	0.0	0.0	0.0	0.0	16.0	0.0	0.0	0.0	0.0	0.0	0.0	192.0	0.0	0.0	0.0	0.0	0.0	0.0	0.0	0.0	0.0	0.0	0.0	0.0	0.0	0.0	0.0	0.0	0.0	0.0	0.0	0.0	0.0	160.0	0.0	0.0	0.0	0.0	0.0	0.0	0.0	0.0	0.0	0.0	0.0	0.0	0.0	0.0	0.0	0.0	0.0	0.0	0.0	0.0	0.0	0.0	0.0	0.0	0.0	0.0	0.0	0.0	0.0	0.0	0.0	0.0	0.0	0.0	0.0	0.0	0.0	0.0	0.0	0.0	0.0	0.0	0.0	0.0	0.0	0.0	0.0	0.0	0.0	0.0	0.0	0.0	0.0	0.0	0.0	0.0	0.0	0.0	0.0	0.0	0.0	0.0	0.0	0.0	0.0	0.0	0.0	0.0	0.0	0.0	0.0	0.0	0.0	0.0	0.0	0.0	0.0	0.0	0.0	0.0	0.0	0.0	0.0	0.0	0.0	0.0	0.0	0.0	0.0	0.0	0.0	0.0	0.0	0.0	0.0	0.0	0.0	0.0
SRR21723622	438.0	20.0	399.0	0.0	94.0	0.0	2.0	0.0	15.0	280.0	112.0	105.0	0.0	10.0	10.0	765.0	27.0	48.0	30.0	14.0	400.0	68.0	0.0	0.0	693.0	155.0	35.0	131.0	753.0	0.0	0.0	13.0	156.0	0.0	479.0	0.0	0.0	8.0	0.0	377.0	869.0	31.0	0.0	0.0	51.0	126.0	128.0	0.0	251.0	6.0	886.0	0.0	14.0	0.0	221.0	0.0	531.0	0.0	0.0	320.0	0.0	0.0	0.0	6.0	0.0	0.0	0.0	0.0	0.0	130.0	104.0	0.0	0.0	0.0	94.0	0.0	0.0	0.0	0.0	0.0	0.0	0.0	0.0	0.0	0.0	0.0	226.0	10.0	4.0	0.0	181.0	32.0	0.0	107.0	11.0	0.0	0.0	0.0	0.0	0.0	0.0	0.0	81.0	79.0	114.0	0.0	117.0	0.0	0.0	0.0	0.0	0.0	0.0	0.0	9.0	262.0	0.0	0.0	26.0	0.0	0.0	0.0	16.0	4.0	0.0	0.0	0.0	0.0	0.0	0.0	0.0	356.0	0.0	0.0	0.0	0.0	0.0	0.0	0.0	0.0	0.0	3.0	0.0	0.0	0.0	0.0	0.0	0.0	0.0	0.0	0.0	0.0	0.0	0.0	0.0	0.0	0.0	0.0	0.0	0.0	35.0	0.0	0.0	0.0	0.0	0.0	0.0	0.0	0.0	33.0	0.0	0.0	0.0	520.0	0.0	9.0	0.0	0.0	0.0	44.0	0.0	0.0	39.0	0.0	0.0	0.0	0.0	0.0	0.0	0.0	0.0	0.0	0.0	18.0	0.0	0.0	0.0	0.0	0.0	0.0	233.0	0.0	0.0	0.0	0.0	0.0	0.0	0.0	0.0	0.0	0.0	0.0	0.0	0.0	0.0	0.0	0.0	0.0	0.0	0.0	0.0	0.0	188.0	0.0	0.0	0.0	0.0	0.0	0.0	0.0	0.0	0.0	0.0	0.0	0.0	0.0	0.0	0.0	0.0	0.0	0.0	0.0	0.0	0.0	0.0	0.0	0.0	0.0	0.0	0.0	0.0	0.0	0.0	0.0	0.0	0.0	0.0	0.0	0.0	0.0	0.0	0.0	0.0	0.0	0.0	0.0	0.0	0.0	0.0	0.0	0.0	0.0	0.0	0.0	0.0	0.0	0.0	0.0	0.0	0.0	0.0	0.0	0.0	0.0	0.0	0.0	0.0	0.0	0.0	0.0	0.0	0.0	0.0	0.0	0.0	0.0	0.0	0.0	0.0	0.0	0.0	0.0	0.0	0.0	0.0	0.0	0.0	0.0	0.0	0.0	0.0	0.0	0.0	0.0	0.0	0.0	0.0	0.0	0.0	0.0	0.0
SRR21723623	813.0	35.0	444.0	0.0	101.0	0.0	5.0	0.0	25.0	509.0	221.0	110.0	3.0	0.0	18.0	1459.0	232.0	16.0	71.0	44.0	457.0	52.0	37.0	10.0	1004.0	122.0	49.0	212.0	942.0	25.0	0.0	10.0	247.0	0.0	1032.0	0.0	0.0	0.0	0.0	265.0	950.0	30.0	0.0	0.0	46.0	101.0	102.0	0.0	204.0	42.0	633.0	0.0	5.0	0.0	415.0	0.0	360.0	0.0	0.0	409.0	0.0	0.0	0.0	46.0	8.0	29.0	37.0	2.0	0.0	254.0	80.0	0.0	0.0	4.0	128.0	0.0	0.0	0.0	0.0	0.0	0.0	0.0	0.0	0.0	49.0	0.0	0.0	58.0	2.0	0.0	228.0	42.0	0.0	467.0	46.0	0.0	0.0	0.0	0.0	5.0	0.0	0.0	106.0	259.0	41.0	0.0	90.0	0.0	0.0	0.0	0.0	0.0	6.0	0.0	0.0	192.0	0.0	0.0	323.0	0.0	0.0	0.0	43.0	0.0	0.0	0.0	21.0	0.0	0.0	0.0	0.0	319.0	0.0	0.0	0.0	0.0	0.0	0.0	0.0	0.0	15.0	0.0	0.0	0.0	0.0	0.0	0.0	0.0	0.0	0.0	0.0	0.0	0.0	5.0	0.0	0.0	0.0	0.0	0.0	0.0	86.0	0.0	0.0	0.0	0.0	0.0	0.0	0.0	0.0	41.0	0.0	0.0	0.0	124.0	0.0	35.0	0.0	0.0	0.0	0.0	0.0	0.0	77.0	0.0	0.0	0.0	0.0	0.0	0.0	0.0	0.0	16.0	0.0	22.0	0.0	0.0	0.0	0.0	0.0	31.0	241.0	0.0	0.0	0.0	0.0	0.0	0.0	0.0	0.0	0.0	0.0	0.0	0.0	0.0	0.0	0.0	0.0	0.0	0.0	0.0	0.0	0.0	143.0	0.0	0.0	0.0	0.0	0.0	0.0	0.0	0.0	0.0	0.0	0.0	0.0	0.0	0.0	0.0	0.0	0.0	0.0	0.0	0.0	0.0	0.0	0.0	0.0	0.0	0.0	0.0	0.0	0.0	0.0	0.0	0.0	0.0	0.0	0.0	0.0	0.0	0.0	0.0	0.0	0.0	0.0	0.0	0.0	0.0	0.0	0.0	0.0	0.0	0.0	0.0	0.0	0.0	0.0	0.0	0.0	0.0	0.0	0.0	0.0	0.0	0.0	0.0	0.0	0.0	0.0	0.0	0.0	0.0	0.0	0.0	0.0	0.0	0.0	0.0	0.0	0.0	0.0	0.0	0.0	0.0	0.0	0.0	0.0	0.0	0.0	0.0	0.0	0.0	0.0	0.0	0.0	0.0	0.0	0.0	0.0	0.0	0.0
SRR21723624	835.0	26.0	208.0	0.0	255.0	0.0	6.0	0.0	31.0	362.0	221.0	67.0	12.0	0.0	95.0	1853.0	235.0	113.0	0.0	45.0	480.0	112.0	10.0	0.0	1402.0	165.0	0.0	318.0	1049.0	47.0	11.0	0.0	119.0	0.0	947.0	0.0	0.0	6.0	0.0	295.0	641.0	27.0	0.0	0.0	43.0	132.0	166.0	0.0	258.0	61.0	1290.0	0.0	6.0	0.0	396.0	0.0	182.0	0.0	0.0	487.0	0.0	0.0	0.0	52.0	19.0	0.0	106.0	0.0	0.0	290.0	72.0	0.0	0.0	6.0	106.0	0.0	0.0	0.0	0.0	0.0	0.0	0.0	0.0	0.0	0.0	0.0	67.0	0.0	12.0	0.0	161.0	49.0	2.0	397.0	84.0	0.0	0.0	0.0	0.0	0.0	0.0	0.0	119.0	435.0	28.0	0.0	0.0	0.0	0.0	0.0	0.0	0.0	0.0	0.0	0.0	242.0	0.0	0.0	140.0	0.0	0.0	0.0	72.0	2.0	0.0	0.0	12.0	0.0	0.0	0.0	0.0	426.0	0.0	0.0	0.0	0.0	0.0	0.0	0.0	0.0	36.0	0.0	0.0	0.0	0.0	2.0	0.0	0.0	0.0	0.0	5.0	0.0	0.0	0.0	0.0	0.0	0.0	0.0	0.0	0.0	68.0	0.0	0.0	0.0	0.0	0.0	0.0	0.0	0.0	25.0	15.0	0.0	0.0	193.0	0.0	42.0	0.0	0.0	15.0	0.0	0.0	0.0	43.0	0.0	0.0	0.0	0.0	0.0	0.0	0.0	0.0	0.0	0.0	41.0	0.0	0.0	0.0	0.0	0.0	0.0	92.0	0.0	0.0	0.0	0.0	0.0	0.0	0.0	0.0	0.0	0.0	0.0	0.0	0.0	0.0	0.0	0.0	0.0	0.0	0.0	0.0	0.0	192.0	0.0	0.0	0.0	0.0	0.0	0.0	0.0	0.0	0.0	0.0	0.0	0.0	0.0	0.0	0.0	0.0	0.0	0.0	0.0	0.0	0.0	0.0	0.0	0.0	0.0	0.0	0.0	0.0	0.0	0.0	0.0	0.0	0.0	0.0	0.0	0.0	0.0	0.0	0.0	0.0	0.0	0.0	0.0	0.0	0.0	0.0	0.0	0.0	0.0	0.0	0.0	0.0	0.0	0.0	0.0	0.0	0.0	0.0	0.0	0.0	0.0	0.0	0.0	0.0	0.0	0.0	0.0	0.0	0.0	0.0	0.0	0.0	0.0	0.0	0.0	0.0	0.0	0.0	0.0	0.0	0.0	0.0	0.0	0.0	0.0	0.0	0.0	0.0	0.0	0.0	0.0	0.0	0.0	0.0	0.0	0.0	0.0	0.0
SRR21723625	603.0	22.0	393.0	0.0	109.0	0.0	5.0	0.0	11.0	490.0	0.0	65.0	0.0	5.0	17.0	1680.0	49.0	81.0	40.0	40.0	314.0	32.0	18.0	0.0	588.0	42.0	45.0	78.0	843.0	0.0	6.0	0.0	197.0	0.0	735.0	10.0	0.0	0.0	0.0	250.0	890.0	0.0	0.0	0.0	0.0	64.0	204.0	0.0	133.0	0.0	715.0	0.0	0.0	0.0	337.0	0.0	479.0	0.0	0.0	435.0	0.0	0.0	0.0	15.0	39.0	0.0	43.0	0.0	0.0	206.0	155.0	9.0	0.0	2.0	104.0	0.0	0.0	0.0	0.0	0.0	0.0	0.0	0.0	0.0	26.0	0.0	92.0	16.0	0.0	0.0	75.0	23.0	0.0	515.0	35.0	0.0	0.0	0.0	0.0	0.0	0.0	0.0	131.0	203.0	27.0	0.0	24.0	2.0	0.0	0.0	0.0	0.0	0.0	8.0	0.0	402.0	0.0	0.0	69.0	0.0	0.0	0.0	32.0	0.0	0.0	0.0	0.0	0.0	0.0	0.0	0.0	228.0	0.0	0.0	0.0	0.0	0.0	0.0	0.0	0.0	19.0	0.0	0.0	0.0	0.0	0.0	0.0	0.0	0.0	0.0	5.0	0.0	0.0	0.0	0.0	0.0	0.0	0.0	0.0	0.0	41.0	0.0	0.0	2.0	0.0	0.0	0.0	0.0	0.0	0.0	0.0	0.0	0.0	113.0	0.0	59.0	0.0	0.0	0.0	0.0	0.0	0.0	42.0	0.0	0.0	0.0	0.0	0.0	0.0	0.0	0.0	0.0	0.0	0.0	0.0	0.0	0.0	0.0	3.0	50.0	156.0	0.0	0.0	0.0	0.0	0.0	0.0	0.0	0.0	0.0	0.0	0.0	0.0	0.0	0.0	0.0	0.0	0.0	0.0	0.0	0.0	0.0	41.0	0.0	0.0	0.0	0.0	0.0	0.0	0.0	29.0	0.0	0.0	0.0	0.0	0.0	0.0	0.0	0.0	0.0	0.0	0.0	0.0	0.0	0.0	0.0	0.0	0.0	0.0	0.0	0.0	0.0	0.0	0.0	0.0	0.0	0.0	0.0	0.0	0.0	0.0	0.0	0.0	0.0	0.0	0.0	0.0	0.0	0.0	0.0	0.0	0.0	0.0	0.0	0.0	0.0	0.0	0.0	0.0	0.0	0.0	0.0	0.0	0.0	0.0	0.0	0.0	0.0	0.0	0.0	0.0	0.0	0.0	0.0	0.0	0.0	0.0	0.0	0.0	0.0	0.0	0.0	0.0	0.0	0.0	0.0	0.0	0.0	0.0	0.0	0.0	0.0	0.0	0.0	0.0	0.0	0.0	0.0	0.0	0.0	0.0
SRR21723626	689.0	0.0	155.0	0.0	47.0	0.0	0.0	0.0	8.0	591.0	60.0	46.0	9.0	2.0	4.0	1423.0	147.0	52.0	25.0	27.0	230.0	8.0	0.0	22.0	600.0	84.0	6.0	136.0	669.0	10.0	0.0	0.0	187.0	0.0	880.0	21.0	0.0	0.0	0.0	148.0	598.0	0.0	0.0	0.0	86.0	80.0	53.0	0.0	169.0	0.0	332.0	0.0	0.0	0.0	251.0	0.0	151.0	0.0	0.0	174.0	0.0	0.0	0.0	0.0	14.0	8.0	69.0	0.0	4.0	166.0	146.0	7.0	0.0	0.0	100.0	0.0	0.0	0.0	0.0	8.0	0.0	0.0	0.0	0.0	50.0	0.0	78.0	31.0	0.0	0.0	73.0	17.0	0.0	196.0	20.0	0.0	0.0	0.0	0.0	0.0	0.0	0.0	74.0	247.0	42.0	0.0	0.0	0.0	0.0	0.0	0.0	0.0	4.0	0.0	0.0	180.0	0.0	0.0	139.0	0.0	5.0	0.0	24.0	0.0	0.0	0.0	47.0	0.0	0.0	0.0	0.0	297.0	0.0	0.0	0.0	0.0	0.0	0.0	0.0	0.0	38.0	0.0	0.0	0.0	0.0	0.0	0.0	0.0	0.0	0.0	4.0	0.0	0.0	0.0	0.0	0.0	0.0	0.0	0.0	0.0	9.0	0.0	0.0	0.0	0.0	0.0	0.0	0.0	0.0	22.0	0.0	0.0	0.0	64.0	0.0	33.0	0.0	0.0	0.0	0.0	0.0	3.0	0.0	0.0	0.0	0.0	0.0	0.0	20.0	0.0	0.0	0.0	0.0	0.0	0.0	0.0	0.0	0.0	0.0	32.0	47.0	0.0	0.0	0.0	0.0	0.0	0.0	0.0	0.0	0.0	0.0	0.0	0.0	0.0	0.0	0.0	0.0	0.0	0.0	0.0	0.0	0.0	54.0	0.0	0.0	0.0	0.0	0.0	0.0	0.0	0.0	0.0	0.0	0.0	0.0	0.0	0.0	0.0	0.0	0.0	0.0	0.0	0.0	0.0	0.0	0.0	0.0	0.0	0.0	0.0	0.0	0.0	0.0	0.0	0.0	0.0	0.0	0.0	0.0	0.0	0.0	0.0	0.0	0.0	0.0	0.0	0.0	0.0	0.0	0.0	0.0	0.0	0.0	0.0	0.0	0.0	0.0	0.0	0.0	0.0	0.0	0.0	0.0	0.0	0.0	0.0	0.0	0.0	0.0	0.0	0.0	0.0	0.0	0.0	0.0	0.0	0.0	0.0	0.0	0.0	0.0	0.0	0.0	0.0	0.0	0.0	0.0	0.0	0.0	0.0	0.0	0.0	0.0	0.0	0.0	0.0	0.0	0.0	0.0	0.0	0.0
SRR21723627	599.0	31.0	127.0	0.0	144.0	0.0	2.0	0.0	64.0	210.0	76.0	76.0	0.0	2.0	2.0	1550.0	256.0	19.0	0.0	0.0	239.0	89.0	0.0	0.0	730.0	60.0	0.0	334.0	794.0	0.0	0.0	0.0	0.0	0.0	760.0	8.0	0.0	0.0	0.0	87.0	551.0	16.0	0.0	0.0	40.0	56.0	34.0	0.0	129.0	43.0	702.0	22.0	0.0	0.0	154.0	0.0	235.0	0.0	0.0	190.0	0.0	0.0	3.0	0.0	30.0	12.0	44.0	0.0	0.0	174.0	64.0	0.0	0.0	0.0	127.0	0.0	0.0	0.0	0.0	0.0	0.0	0.0	0.0	0.0	0.0	0.0	59.0	21.0	0.0	0.0	70.0	24.0	0.0	263.0	5.0	0.0	0.0	0.0	0.0	5.0	0.0	0.0	0.0	448.0	19.0	3.0	0.0	0.0	0.0	0.0	0.0	0.0	3.0	0.0	31.0	50.0	0.0	0.0	67.0	0.0	0.0	0.0	31.0	0.0	0.0	0.0	63.0	0.0	0.0	6.0	0.0	277.0	0.0	0.0	0.0	0.0	0.0	7.0	0.0	0.0	56.0	0.0	11.0	0.0	0.0	0.0	0.0	0.0	0.0	0.0	0.0	0.0	10.0	0.0	0.0	0.0	0.0	0.0	0.0	0.0	34.0	0.0	0.0	2.0	0.0	0.0	0.0	0.0	0.0	33.0	0.0	0.0	0.0	0.0	0.0	0.0	0.0	0.0	0.0	0.0	0.0	0.0	0.0	0.0	0.0	0.0	0.0	0.0	86.0	0.0	0.0	0.0	0.0	0.0	0.0	0.0	0.0	9.0	0.0	0.0	108.0	0.0	0.0	0.0	0.0	0.0	0.0	0.0	0.0	0.0	0.0	0.0	0.0	0.0	0.0	0.0	0.0	0.0	0.0	0.0	0.0	0.0	85.0	0.0	0.0	0.0	0.0	0.0	0.0	0.0	0.0	0.0	0.0	0.0	0.0	0.0	0.0	0.0	0.0	0.0	0.0	0.0	0.0	0.0	0.0	0.0	0.0	0.0	0.0	0.0	0.0	0.0	0.0	0.0	0.0	0.0	0.0	0.0	0.0	0.0	0.0	0.0	0.0	0.0	0.0	0.0	0.0	0.0	0.0	0.0	0.0	0.0	0.0	0.0	0.0	0.0	0.0	0.0	0.0	0.0	0.0	0.0	0.0	0.0	0.0	0.0	0.0	0.0	0.0	0.0	0.0	0.0	0.0	0.0	0.0	0.0	0.0	0.0	0.0	0.0	0.0	0.0	0.0	0.0	0.0	0.0	0.0	0.0	0.0	0.0	0.0	0.0	0.0	0.0	0.0	0.0	0.0	0.0	0.0	0.0	0.0
SRR21723628	729.0	15.0	245.0	0.0	114.0	0.0	8.0	0.0	6.0	599.0	160.0	42.0	0.0	0.0	35.0	1599.0	138.0	47.0	0.0	22.0	289.0	85.0	14.0	0.0	1230.0	77.0	7.0	224.0	818.0	0.0	0.0	0.0	0.0	0.0	558.0	0.0	0.0	0.0	0.0	169.0	541.0	14.0	8.0	2.0	0.0	38.0	175.0	0.0	212.0	68.0	1052.0	0.0	15.0	0.0	287.0	0.0	214.0	0.0	0.0	293.0	0.0	0.0	0.0	25.0	0.0	5.0	87.0	0.0	0.0	210.0	44.0	0.0	0.0	0.0	108.0	0.0	0.0	0.0	0.0	0.0	0.0	0.0	0.0	0.0	16.0	0.0	141.0	12.0	24.0	0.0	142.0	23.0	13.0	309.0	16.0	0.0	0.0	0.0	0.0	3.0	0.0	0.0	85.0	370.0	25.0	0.0	72.0	0.0	0.0	0.0	0.0	0.0	11.0	12.0	16.0	107.0	0.0	0.0	99.0	0.0	0.0	0.0	43.0	0.0	0.0	0.0	38.0	0.0	0.0	0.0	0.0	247.0	0.0	0.0	0.0	0.0	0.0	0.0	0.0	0.0	29.0	0.0	0.0	0.0	0.0	0.0	0.0	0.0	0.0	0.0	7.0	0.0	0.0	0.0	0.0	0.0	0.0	0.0	0.0	0.0	59.0	0.0	0.0	0.0	0.0	0.0	0.0	6.0	0.0	0.0	0.0	6.0	0.0	59.0	0.0	0.0	0.0	0.0	0.0	0.0	0.0	0.0	46.0	0.0	0.0	0.0	0.0	0.0	0.0	0.0	0.0	0.0	0.0	29.0	0.0	0.0	0.0	0.0	0.0	0.0	117.0	0.0	0.0	0.0	0.0	0.0	0.0	0.0	0.0	0.0	0.0	0.0	0.0	0.0	0.0	0.0	0.0	0.0	0.0	3.0	0.0	0.0	47.0	0.0	0.0	0.0	0.0	0.0	0.0	0.0	0.0	0.0	0.0	0.0	0.0	0.0	0.0	0.0	0.0	0.0	0.0	0.0	0.0	0.0	0.0	0.0	0.0	0.0	0.0	0.0	0.0	0.0	0.0	0.0	0.0	0.0	0.0	0.0	0.0	0.0	0.0	0.0	0.0	0.0	0.0	0.0	0.0	0.0	0.0	0.0	0.0	0.0	0.0	0.0	0.0	0.0	0.0	0.0	0.0	0.0	0.0	0.0	0.0	0.0	0.0	0.0	0.0	0.0	0.0	0.0	0.0	0.0	0.0	0.0	0.0	0.0	0.0	0.0	0.0	0.0	0.0	0.0	0.0	0.0	0.0	0.0	0.0	0.0	0.0	0.0	0.0	0.0	0.0	0.0	0.0	0.0	0.0	0.0	0.0	0.0	0.0
SRR21723629	444.0	20.0	538.0	0.0	110.0	0.0	0.0	0.0	32.0	202.0	116.0	163.0	0.0	18.0	7.0	906.0	158.0	32.0	0.0	0.0	221.0	35.0	17.0	0.0	660.0	93.0	0.0	138.0	964.0	0.0	0.0	11.0	156.0	0.0	540.0	4.0	0.0	0.0	0.0	309.0	712.0	31.0	7.0	0.0	7.0	130.0	100.0	0.0	200.0	36.0	426.0	0.0	0.0	3.0	251.0	0.0	509.0	0.0	0.0	246.0	0.0	0.0	0.0	27.0	22.0	0.0	0.0	0.0	0.0	181.0	166.0	0.0	0.0	0.0	210.0	0.0	0.0	0.0	0.0	5.0	0.0	0.0	0.0	0.0	29.0	0.0	242.0	113.0	12.0	0.0	172.0	23.0	0.0	380.0	22.0	0.0	0.0	0.0	0.0	0.0	0.0	0.0	63.0	211.0	0.0	0.0	80.0	7.0	3.0	2.0	0.0	0.0	0.0	0.0	0.0	355.0	0.0	0.0	143.0	0.0	0.0	0.0	23.0	0.0	0.0	0.0	19.0	0.0	0.0	0.0	0.0	315.0	0.0	0.0	0.0	0.0	0.0	0.0	0.0	0.0	0.0	0.0	0.0	0.0	0.0	0.0	0.0	0.0	0.0	0.0	0.0	0.0	0.0	0.0	0.0	0.0	0.0	0.0	0.0	0.0	30.0	0.0	0.0	0.0	0.0	0.0	0.0	0.0	0.0	18.0	0.0	0.0	0.0	75.0	0.0	21.0	0.0	0.0	5.0	0.0	0.0	0.0	40.0	0.0	0.0	0.0	0.0	0.0	0.0	0.0	0.0	0.0	0.0	0.0	0.0	0.0	0.0	0.0	0.0	43.0	193.0	0.0	0.0	0.0	0.0	0.0	0.0	0.0	0.0	0.0	0.0	0.0	0.0	0.0	0.0	0.0	0.0	0.0	0.0	0.0	0.0	0.0	97.0	0.0	0.0	0.0	0.0	0.0	0.0	0.0	0.0	0.0	0.0	0.0	0.0	0.0	0.0	0.0	0.0	0.0	0.0	0.0	0.0	0.0	0.0	0.0	0.0	0.0	0.0	0.0	0.0	0.0	0.0	0.0	0.0	0.0	0.0	0.0	0.0	0.0	0.0	0.0	0.0	0.0	0.0	0.0	0.0	0.0	0.0	0.0	0.0	0.0	0.0	0.0	0.0	0.0	0.0	0.0	0.0	0.0	0.0	0.0	0.0	0.0	0.0	0.0	0.0	0.0	0.0	0.0	0.0	0.0	0.0	0.0	0.0	0.0	0.0	0.0	0.0	0.0	0.0	0.0	0.0	0.0	0.0	0.0	0.0	0.0	0.0	0.0	0.0	0.0	0.0	0.0	0.0	0.0	0.0	0.0	0.0	0.0	0.0
SRR21723630	465.0	0.0	289.0	0.0	87.0	0.0	0.0	0.0	5.0	367.0	150.0	67.0	0.0	9.0	16.0	680.0	84.0	9.0	3.0	0.0	200.0	93.0	0.0	0.0	530.0	73.0	46.0	51.0	493.0	24.0	5.0	0.0	58.0	0.0	426.0	12.0	0.0	4.0	0.0	221.0	420.0	15.0	0.0	0.0	0.0	48.0	132.0	0.0	176.0	50.0	766.0	2.0	23.0	0.0	167.0	0.0	95.0	2.0	0.0	204.0	0.0	0.0	0.0	0.0	0.0	19.0	29.0	0.0	0.0	191.0	27.0	0.0	0.0	0.0	119.0	0.0	0.0	0.0	0.0	0.0	0.0	0.0	0.0	0.0	0.0	0.0	0.0	25.0	0.0	0.0	0.0	25.0	0.0	84.0	14.0	0.0	0.0	0.0	0.0	0.0	0.0	0.0	46.0	255.0	12.0	0.0	0.0	0.0	0.0	0.0	0.0	0.0	3.0	8.0	0.0	46.0	0.0	0.0	68.0	0.0	0.0	0.0	36.0	0.0	0.0	0.0	0.0	0.0	0.0	0.0	0.0	221.0	0.0	0.0	0.0	0.0	0.0	0.0	0.0	0.0	0.0	0.0	0.0	0.0	0.0	0.0	0.0	0.0	0.0	0.0	0.0	0.0	0.0	4.0	0.0	0.0	0.0	0.0	0.0	0.0	0.0	0.0	0.0	2.0	0.0	0.0	0.0	0.0	0.0	0.0	0.0	0.0	0.0	55.0	0.0	0.0	0.0	0.0	0.0	0.0	0.0	0.0	26.0	0.0	0.0	0.0	0.0	0.0	60.0	0.0	0.0	4.0	0.0	0.0	0.0	0.0	0.0	0.0	0.0	0.0	40.0	0.0	0.0	0.0	0.0	0.0	0.0	0.0	0.0	0.0	0.0	0.0	0.0	0.0	0.0	0.0	0.0	0.0	0.0	0.0	0.0	0.0	72.0	0.0	0.0	0.0	0.0	0.0	0.0	0.0	0.0	0.0	0.0	0.0	0.0	0.0	0.0	0.0	0.0	0.0	0.0	0.0	0.0	0.0	0.0	0.0	0.0	0.0	0.0	0.0	0.0	0.0	0.0	0.0	0.0	0.0	0.0	0.0	0.0	0.0	0.0	0.0	0.0	0.0	0.0	0.0	0.0	0.0	0.0	0.0	0.0	0.0	0.0	0.0	0.0	0.0	0.0	0.0	0.0	0.0	0.0	0.0	0.0	0.0	0.0	0.0	0.0	0.0	0.0	0.0	0.0	0.0	0.0	0.0	0.0	0.0	0.0	0.0	0.0	0.0	0.0	0.0	0.0	0.0	0.0	0.0	0.0	0.0	0.0	0.0	0.0	0.0	0.0	0.0	0.0	0.0	0.0	0.0	0.0	0.0	0.0
SRR21723631	474.0	42.0	382.0	0.0	149.0	0.0	0.0	0.0	20.0	178.0	111.0	95.0	4.0	0.0	10.0	1175.0	88.0	15.0	71.0	0.0	232.0	7.0	20.0	0.0	478.0	81.0	35.0	127.0	726.0	0.0	0.0	7.0	211.0	0.0	683.0	23.0	0.0	0.0	0.0	271.0	960.0	26.0	0.0	0.0	56.0	107.0	71.0	2.0	119.0	38.0	850.0	0.0	4.0	0.0	283.0	0.0	465.0	0.0	0.0	393.0	0.0	0.0	0.0	32.0	24.0	0.0	10.0	0.0	0.0	195.0	100.0	0.0	0.0	0.0	180.0	0.0	0.0	0.0	0.0	0.0	0.0	0.0	0.0	0.0	23.0	0.0	51.0	54.0	0.0	0.0	116.0	39.0	0.0	462.0	19.0	0.0	0.0	0.0	0.0	0.0	0.0	0.0	46.0	175.0	51.0	0.0	0.0	0.0	0.0	0.0	0.0	0.0	0.0	0.0	0.0	416.0	0.0	0.0	182.0	0.0	0.0	0.0	44.0	0.0	0.0	0.0	0.0	0.0	0.0	0.0	4.0	77.0	0.0	0.0	0.0	0.0	0.0	0.0	0.0	0.0	0.0	0.0	0.0	0.0	0.0	0.0	0.0	0.0	0.0	0.0	0.0	0.0	0.0	0.0	0.0	0.0	0.0	0.0	0.0	0.0	0.0	0.0	0.0	0.0	0.0	0.0	0.0	0.0	0.0	19.0	0.0	0.0	0.0	128.0	0.0	56.0	0.0	0.0	0.0	0.0	0.0	0.0	29.0	0.0	0.0	0.0	0.0	0.0	0.0	0.0	0.0	0.0	0.0	21.0	0.0	0.0	0.0	0.0	0.0	57.0	208.0	0.0	0.0	0.0	0.0	0.0	0.0	0.0	0.0	0.0	0.0	0.0	0.0	0.0	4.0	0.0	0.0	0.0	0.0	0.0	0.0	0.0	87.0	0.0	0.0	0.0	0.0	0.0	0.0	0.0	18.0	0.0	0.0	0.0	0.0	0.0	0.0	0.0	0.0	0.0	0.0	0.0	0.0	0.0	0.0	0.0	0.0	0.0	0.0	0.0	0.0	0.0	0.0	0.0	0.0	0.0	0.0	0.0	0.0	0.0	0.0	0.0	0.0	0.0	0.0	0.0	0.0	0.0	0.0	0.0	0.0	0.0	0.0	0.0	0.0	0.0	0.0	0.0	0.0	0.0	0.0	0.0	0.0	0.0	0.0	0.0	0.0	0.0	0.0	0.0	0.0	0.0	0.0	0.0	0.0	0.0	0.0	0.0	0.0	0.0	0.0	0.0	0.0	0.0	0.0	0.0	0.0	0.0	0.0	0.0	0.0	0.0	0.0	0.0	0.0	0.0	0.0	0.0	0.0	0.0	0.0
SRR21723632	916.0	0.0	315.0	0.0	86.0	0.0	4.0	0.0	11.0	387.0	146.0	5.0	11.0	0.0	29.0	1507.0	103.0	55.0	44.0	20.0	237.0	37.0	18.0	0.0	828.0	20.0	35.0	213.0	646.0	0.0	0.0	0.0	203.0	0.0	386.0	2.0	0.0	0.0	0.0	122.0	602.0	29.0	0.0	0.0	58.0	172.0	141.0	0.0	101.0	12.0	492.0	0.0	27.0	0.0	219.0	0.0	269.0	0.0	0.0	174.0	0.0	0.0	3.0	25.0	30.0	0.0	58.0	0.0	0.0	183.0	84.0	14.0	4.0	0.0	81.0	0.0	0.0	10.0	0.0	0.0	0.0	9.0	0.0	0.0	15.0	0.0	48.0	44.0	0.0	0.0	36.0	20.0	0.0	793.0	105.0	0.0	0.0	0.0	0.0	0.0	0.0	0.0	86.0	282.0	43.0	0.0	43.0	0.0	3.0	2.0	0.0	0.0	0.0	0.0	0.0	218.0	0.0	0.0	254.0	0.0	0.0	0.0	48.0	0.0	0.0	0.0	37.0	0.0	0.0	0.0	0.0	186.0	0.0	0.0	0.0	0.0	0.0	0.0	0.0	0.0	39.0	0.0	5.0	0.0	22.0	0.0	0.0	0.0	0.0	0.0	6.0	0.0	0.0	0.0	0.0	0.0	3.0	0.0	0.0	0.0	32.0	0.0	0.0	0.0	0.0	0.0	0.0	0.0	0.0	21.0	13.0	5.0	0.0	132.0	0.0	24.0	0.0	0.0	0.0	0.0	0.0	0.0	31.0	0.0	0.0	0.0	0.0	0.0	0.0	0.0	0.0	0.0	0.0	0.0	0.0	0.0	0.0	0.0	0.0	39.0	117.0	0.0	0.0	0.0	0.0	0.0	0.0	0.0	0.0	0.0	0.0	0.0	0.0	0.0	0.0	0.0	0.0	0.0	0.0	0.0	0.0	0.0	70.0	0.0	0.0	0.0	0.0	0.0	0.0	0.0	0.0	0.0	0.0	0.0	0.0	0.0	0.0	0.0	0.0	0.0	0.0	0.0	0.0	0.0	0.0	0.0	0.0	0.0	0.0	0.0	0.0	0.0	0.0	0.0	0.0	0.0	49.0	0.0	0.0	0.0	0.0	0.0	0.0	0.0	0.0	0.0	0.0	0.0	0.0	0.0	0.0	0.0	0.0	0.0	0.0	0.0	0.0	0.0	0.0	0.0	0.0	0.0	0.0	0.0	0.0	0.0	0.0	0.0	0.0	0.0	0.0	0.0	0.0	0.0	0.0	0.0	0.0	0.0	0.0	0.0	0.0	0.0	0.0	0.0	0.0	0.0	0.0	0.0	0.0	0.0	0.0	0.0	0.0	0.0	0.0	0.0	0.0	0.0	0.0	0.0	0.0
SRR21723633	768.0	78.0	1078.0	0.0	115.0	0.0	0.0	0.0	39.0	1294.0	199.0	173.0	0.0	25.0	38.0	1626.0	35.0	70.0	54.0	0.0	428.0	81.0	16.0	0.0	1245.0	119.0	27.0	127.0	1819.0	0.0	4.0	4.0	190.0	0.0	588.0	0.0	4.0	0.0	0.0	438.0	2870.0	49.0	0.0	0.0	27.0	194.0	146.0	0.0	284.0	0.0	542.0	0.0	20.0	0.0	296.0	0.0	504.0	0.0	0.0	648.0	0.0	0.0	0.0	10.0	12.0	15.0	57.0	0.0	4.0	137.0	148.0	3.0	0.0	0.0	391.0	0.0	0.0	0.0	0.0	8.0	0.0	0.0	0.0	0.0	82.0	0.0	164.0	123.0	0.0	0.0	854.0	65.0	0.0	345.0	15.0	0.0	0.0	0.0	0.0	0.0	0.0	0.0	71.0	136.0	15.0	0.0	108.0	8.0	3.0	0.0	0.0	0.0	0.0	0.0	20.0	413.0	0.0	0.0	105.0	0.0	5.0	0.0	19.0	0.0	0.0	0.0	0.0	0.0	0.0	0.0	0.0	430.0	0.0	0.0	0.0	0.0	0.0	0.0	0.0	0.0	0.0	2.0	2.0	0.0	3.0	0.0	13.0	0.0	0.0	0.0	0.0	0.0	0.0	7.0	0.0	0.0	0.0	0.0	0.0	0.0	80.0	0.0	0.0	0.0	0.0	3.0	0.0	0.0	0.0	39.0	0.0	0.0	0.0	85.0	0.0	15.0	0.0	0.0	4.0	0.0	0.0	0.0	40.0	0.0	0.0	0.0	0.0	0.0	48.0	0.0	0.0	0.0	0.0	25.0	0.0	0.0	37.0	0.0	0.0	0.0	229.0	0.0	0.0	0.0	0.0	0.0	0.0	0.0	0.0	0.0	0.0	0.0	0.0	0.0	0.0	0.0	0.0	0.0	0.0	0.0	0.0	0.0	297.0	0.0	0.0	0.0	0.0	0.0	2.0	0.0	0.0	0.0	0.0	0.0	0.0	0.0	0.0	0.0	0.0	0.0	0.0	0.0	0.0	0.0	0.0	0.0	0.0	0.0	0.0	0.0	0.0	0.0	0.0	0.0	0.0	0.0	0.0	0.0	0.0	0.0	0.0	0.0	0.0	0.0	0.0	0.0	0.0	0.0	0.0	0.0	0.0	0.0	0.0	0.0	0.0	0.0	0.0	0.0	0.0	0.0	0.0	0.0	0.0	0.0	0.0	0.0	0.0	0.0	0.0	0.0	0.0	0.0	0.0	0.0	0.0	0.0	0.0	0.0	0.0	0.0	0.0	0.0	0.0	0.0	0.0	0.0	6.0	0.0	0.0	0.0	0.0	0.0	0.0	0.0	3.0	0.0	0.0	0.0	0.0	0.0	0.0
SRR21723634	605.0	63.0	482.0	0.0	95.0	0.0	3.0	0.0	19.0	1081.0	87.0	91.0	0.0	5.0	7.0	2445.0	26.0	57.0	70.0	0.0	390.0	48.0	10.0	0.0	704.0	128.0	28.0	135.0	1434.0	0.0	0.0	3.0	197.0	2.0	1198.0	2.0	0.0	2.0	0.0	319.0	1571.0	4.0	0.0	4.0	0.0	69.0	140.0	0.0	221.0	0.0	633.0	0.0	22.0	4.0	188.0	0.0	566.0	0.0	0.0	379.0	0.0	0.0	0.0	9.0	8.0	0.0	115.0	0.0	8.0	162.0	98.0	5.0	0.0	0.0	188.0	0.0	0.0	0.0	0.0	0.0	0.0	0.0	0.0	0.0	29.0	0.0	37.0	43.0	11.0	0.0	267.0	41.0	0.0	179.0	19.0	0.0	0.0	0.0	0.0	0.0	0.0	0.0	139.0	100.0	59.0	0.0	171.0	0.0	7.0	0.0	0.0	0.0	0.0	0.0	0.0	124.0	0.0	0.0	74.0	4.0	0.0	0.0	0.0	0.0	0.0	0.0	0.0	0.0	0.0	0.0	0.0	341.0	4.0	0.0	0.0	0.0	0.0	0.0	2.0	3.0	12.0	0.0	0.0	0.0	0.0	0.0	5.0	0.0	0.0	0.0	5.0	0.0	0.0	0.0	0.0	0.0	0.0	0.0	0.0	0.0	78.0	0.0	0.0	0.0	0.0	0.0	0.0	3.0	0.0	36.0	0.0	0.0	0.0	98.0	0.0	18.0	0.0	0.0	0.0	0.0	0.0	0.0	40.0	0.0	0.0	0.0	0.0	0.0	0.0	0.0	0.0	5.0	0.0	46.0	0.0	0.0	0.0	0.0	0.0	0.0	74.0	0.0	0.0	19.0	0.0	0.0	0.0	0.0	0.0	0.0	0.0	0.0	0.0	0.0	0.0	0.0	0.0	0.0	0.0	0.0	0.0	0.0	141.0	0.0	0.0	0.0	0.0	0.0	0.0	0.0	0.0	0.0	0.0	0.0	0.0	0.0	0.0	0.0	0.0	0.0	0.0	0.0	0.0	0.0	0.0	0.0	0.0	0.0	0.0	0.0	0.0	0.0	0.0	0.0	0.0	0.0	0.0	0.0	0.0	0.0	0.0	0.0	0.0	0.0	0.0	0.0	0.0	0.0	0.0	0.0	0.0	0.0	0.0	0.0	0.0	0.0	0.0	0.0	0.0	0.0	0.0	2.0	0.0	0.0	0.0	0.0	0.0	0.0	0.0	0.0	0.0	0.0	0.0	0.0	0.0	0.0	0.0	0.0	0.0	0.0	0.0	0.0	0.0	0.0	0.0	0.0	0.0	0.0	0.0	0.0	0.0	0.0	0.0	0.0	0.0	0.0	0.0	0.0	0.0	0.0	0.0
SRR21723635	538.0	15.0	566.0	0.0	70.0	0.0	0.0	0.0	10.0	804.0	197.0	166.0	3.0	9.0	20.0	1337.0	93.0	22.0	64.0	26.0	559.0	23.0	8.0	0.0	854.0	124.0	35.0	227.0	1430.0	28.0	0.0	8.0	276.0	0.0	793.0	0.0	0.0	7.0	2.0	316.0	1528.0	0.0	0.0	0.0	55.0	170.0	74.0	3.0	337.0	0.0	548.0	0.0	8.0	4.0	326.0	0.0	359.0	0.0	9.0	458.0	0.0	0.0	0.0	0.0	14.0	19.0	69.0	0.0	2.0	287.0	212.0	0.0	0.0	3.0	257.0	0.0	0.0	0.0	0.0	0.0	0.0	0.0	0.0	0.0	55.0	3.0	210.0	82.0	0.0	0.0	230.0	58.0	2.0	202.0	29.0	0.0	0.0	0.0	0.0	0.0	0.0	0.0	81.0	156.0	45.0	0.0	29.0	0.0	6.0	2.0	0.0	0.0	9.0	0.0	15.0	150.0	0.0	0.0	189.0	0.0	0.0	0.0	57.0	0.0	0.0	0.0	0.0	0.0	0.0	0.0	0.0	357.0	0.0	0.0	0.0	0.0	0.0	0.0	0.0	0.0	12.0	0.0	12.0	0.0	0.0	0.0	0.0	0.0	0.0	0.0	0.0	0.0	0.0	4.0	0.0	0.0	0.0	0.0	0.0	4.0	44.0	0.0	0.0	0.0	0.0	0.0	0.0	0.0	0.0	0.0	0.0	0.0	0.0	294.0	0.0	29.0	0.0	0.0	0.0	0.0	0.0	0.0	0.0	0.0	0.0	0.0	0.0	0.0	32.0	0.0	0.0	0.0	0.0	33.0	0.0	0.0	0.0	0.0	0.0	13.0	171.0	0.0	0.0	0.0	0.0	0.0	0.0	0.0	0.0	0.0	0.0	0.0	0.0	0.0	0.0	0.0	0.0	0.0	0.0	0.0	0.0	0.0	225.0	0.0	0.0	0.0	0.0	0.0	0.0	0.0	0.0	0.0	0.0	0.0	0.0	0.0	0.0	0.0	0.0	0.0	0.0	0.0	0.0	0.0	0.0	0.0	0.0	0.0	0.0	0.0	0.0	0.0	0.0	0.0	0.0	0.0	0.0	0.0	0.0	0.0	0.0	0.0	0.0	0.0	0.0	0.0	0.0	0.0	0.0	0.0	0.0	0.0	0.0	0.0	0.0	0.0	0.0	0.0	0.0	0.0	0.0	0.0	0.0	0.0	0.0	0.0	0.0	0.0	0.0	0.0	0.0	0.0	0.0	0.0	0.0	0.0	0.0	0.0	0.0	0.0	0.0	0.0	0.0	0.0	0.0	0.0	0.0	0.0	0.0	0.0	0.0	0.0	0.0	0.0	0.0	0.0	0.0	0.0	0.0	0.0	0.0
SRR21723636	391.0	47.0	1026.0	0.0	173.0	3.0	0.0	0.0	6.0	649.0	286.0	64.0	0.0	14.0	22.0	1481.0	0.0	42.0	0.0	0.0	558.0	50.0	0.0	3.0	753.0	85.0	55.0	85.0	1197.0	17.0	0.0	50.0	352.0	0.0	792.0	2.0	0.0	37.0	0.0	500.0	1160.0	24.0	0.0	0.0	0.0	44.0	174.0	0.0	155.0	0.0	900.0	0.0	20.0	0.0	410.0	0.0	884.0	0.0	0.0	577.0	0.0	0.0	0.0	13.0	17.0	0.0	52.0	0.0	0.0	229.0	260.0	10.0	0.0	0.0	429.0	0.0	0.0	0.0	0.0	22.0	0.0	0.0	0.0	0.0	174.0	0.0	513.0	86.0	0.0	0.0	355.0	50.0	0.0	190.0	4.0	0.0	0.0	0.0	0.0	0.0	2.0	0.0	212.0	54.0	39.0	0.0	207.0	3.0	0.0	0.0	0.0	0.0	0.0	0.0	0.0	276.0	0.0	0.0	320.0	0.0	12.0	0.0	46.0	0.0	0.0	0.0	12.0	0.0	0.0	0.0	0.0	304.0	0.0	0.0	0.0	6.0	0.0	0.0	2.0	0.0	0.0	5.0	0.0	0.0	0.0	0.0	5.0	0.0	0.0	0.0	0.0	0.0	0.0	0.0	0.0	0.0	0.0	0.0	0.0	0.0	60.0	0.0	0.0	0.0	0.0	0.0	0.0	0.0	0.0	15.0	0.0	0.0	0.0	157.0	0.0	13.0	0.0	0.0	0.0	11.0	6.0	0.0	124.0	0.0	0.0	0.0	0.0	0.0	0.0	0.0	0.0	0.0	0.0	0.0	0.0	0.0	0.0	0.0	0.0	100.0	274.0	0.0	0.0	21.0	0.0	0.0	0.0	0.0	0.0	0.0	0.0	0.0	0.0	0.0	2.0	0.0	0.0	0.0	0.0	0.0	13.0	0.0	160.0	0.0	0.0	0.0	0.0	0.0	2.0	0.0	30.0	0.0	0.0	0.0	0.0	0.0	0.0	0.0	0.0	0.0	0.0	0.0	0.0	0.0	0.0	0.0	0.0	0.0	0.0	0.0	0.0	0.0	0.0	0.0	0.0	0.0	0.0	0.0	0.0	0.0	0.0	0.0	0.0	0.0	0.0	0.0	0.0	0.0	0.0	0.0	0.0	0.0	0.0	0.0	0.0	0.0	0.0	0.0	0.0	0.0	0.0	0.0	0.0	0.0	0.0	0.0	0.0	0.0	0.0	0.0	0.0	0.0	0.0	0.0	0.0	0.0	0.0	0.0	0.0	0.0	0.0	0.0	0.0	0.0	0.0	0.0	0.0	0.0	0.0	0.0	0.0	0.0	0.0	0.0	0.0	0.0	0.0	0.0	0.0	0.0	0.0
SRR21723637	1204.0	101.0	853.0	0.0	47.0	0.0	0.0	0.0	45.0	946.0	187.0	98.0	5.0	19.0	49.0	1379.0	68.0	69.0	65.0	19.0	464.0	109.0	147.0	0.0	1407.0	118.0	3.0	299.0	1719.0	32.0	0.0	12.0	47.0	0.0	1498.0	15.0	0.0	7.0	0.0	230.0	1297.0	48.0	0.0	3.0	188.0	382.0	76.0	6.0	342.0	101.0	363.0	0.0	7.0	2.0	96.0	0.0	399.0	0.0	0.0	122.0	0.0	0.0	0.0	0.0	10.0	0.0	128.0	0.0	0.0	218.0	132.0	0.0	0.0	4.0	529.0	17.0	0.0	3.0	0.0	0.0	0.0	2.0	0.0	0.0	0.0	0.0	346.0	110.0	5.0	0.0	450.0	43.0	12.0	492.0	16.0	0.0	0.0	0.0	0.0	0.0	0.0	0.0	30.0	586.0	30.0	3.0	93.0	4.0	0.0	0.0	0.0	2.0	0.0	7.0	6.0	50.0	0.0	0.0	173.0	0.0	0.0	0.0	91.0	0.0	0.0	0.0	60.0	0.0	0.0	0.0	0.0	257.0	3.0	0.0	3.0	3.0	0.0	12.0	0.0	0.0	54.0	0.0	38.0	0.0	0.0	0.0	16.0	35.0	0.0	0.0	4.0	0.0	12.0	8.0	0.0	0.0	0.0	0.0	0.0	3.0	76.0	0.0	3.0	9.0	0.0	0.0	0.0	0.0	0.0	82.0	32.0	6.0	0.0	19.0	0.0	0.0	0.0	0.0	13.0	0.0	0.0	0.0	0.0	0.0	0.0	0.0	0.0	0.0	82.0	0.0	0.0	0.0	0.0	5.0	0.0	0.0	31.0	0.0	0.0	0.0	166.0	0.0	0.0	0.0	0.0	0.0	4.0	0.0	0.0	0.0	0.0	0.0	0.0	0.0	0.0	0.0	0.0	0.0	0.0	0.0	0.0	0.0	0.0	0.0	2.0	0.0	6.0	0.0	0.0	0.0	0.0	0.0	0.0	0.0	0.0	0.0	0.0	0.0	0.0	0.0	0.0	0.0	0.0	0.0	0.0	0.0	0.0	0.0	0.0	0.0	0.0	0.0	0.0	0.0	0.0	0.0	0.0	0.0	0.0	0.0	0.0	0.0	0.0	0.0	0.0	0.0	0.0	0.0	0.0	0.0	0.0	0.0	0.0	0.0	0.0	0.0	0.0	0.0	0.0	0.0	0.0	0.0	0.0	0.0	0.0	0.0	0.0	0.0	0.0	0.0	0.0	0.0	0.0	0.0	0.0	0.0	0.0	2.0	0.0	0.0	0.0	0.0	0.0	0.0	0.0	0.0	0.0	0.0	0.0	0.0	0.0	0.0	0.0	0.0	0.0	0.0	0.0	0.0	0.0	0.0	0.0
SRR21723638	935.0	83.0	1136.0	0.0	144.0	0.0	4.0	0.0	68.0	1278.0	98.0	28.0	0.0	28.0	35.0	1658.0	41.0	53.0	114.0	0.0	329.0	95.0	12.0	2.0	1593.0	95.0	44.0	153.0	1608.0	0.0	0.0	0.0	167.0	0.0	747.0	2.0	0.0	4.0	0.0	357.0	3132.0	38.0	0.0	0.0	4.0	407.0	196.0	0.0	327.0	0.0	611.0	0.0	13.0	0.0	313.0	0.0	413.0	0.0	0.0	479.0	0.0	0.0	0.0	13.0	7.0	22.0	97.0	0.0	0.0	279.0	116.0	0.0	0.0	0.0	552.0	0.0	0.0	0.0	0.0	8.0	0.0	0.0	0.0	0.0	76.0	6.0	130.0	162.0	0.0	0.0	491.0	61.0	12.0	665.0	17.0	0.0	0.0	0.0	0.0	0.0	0.0	0.0	94.0	128.0	92.0	0.0	33.0	0.0	2.0	0.0	0.0	0.0	0.0	0.0	0.0	622.0	0.0	0.0	315.0	0.0	0.0	0.0	14.0	0.0	0.0	0.0	0.0	0.0	0.0	4.0	0.0	313.0	0.0	0.0	0.0	0.0	0.0	0.0	0.0	0.0	0.0	2.0	0.0	0.0	3.0	0.0	0.0	0.0	0.0	0.0	0.0	0.0	0.0	10.0	0.0	0.0	0.0	0.0	0.0	0.0	36.0	0.0	0.0	0.0	0.0	0.0	0.0	2.0	0.0	38.0	0.0	0.0	0.0	125.0	0.0	20.0	0.0	0.0	0.0	10.0	3.0	0.0	48.0	0.0	0.0	0.0	0.0	0.0	53.0	0.0	0.0	2.0	3.0	24.0	0.0	0.0	39.0	0.0	0.0	0.0	187.0	0.0	0.0	0.0	0.0	0.0	0.0	0.0	0.0	0.0	0.0	0.0	0.0	0.0	0.0	0.0	0.0	0.0	0.0	0.0	0.0	0.0	177.0	0.0	2.0	0.0	0.0	2.0	0.0	0.0	0.0	0.0	0.0	0.0	0.0	0.0	0.0	0.0	0.0	0.0	0.0	0.0	0.0	0.0	0.0	0.0	0.0	0.0	0.0	0.0	0.0	0.0	0.0	0.0	0.0	0.0	0.0	0.0	0.0	0.0	0.0	0.0	0.0	0.0	0.0	0.0	0.0	0.0	0.0	0.0	0.0	0.0	0.0	0.0	0.0	0.0	0.0	0.0	0.0	0.0	0.0	0.0	0.0	0.0	0.0	0.0	0.0	0.0	0.0	0.0	0.0	0.0	0.0	0.0	0.0	0.0	0.0	0.0	0.0	0.0	0.0	0.0	0.0	0.0	0.0	0.0	0.0	0.0	0.0	0.0	0.0	0.0	0.0	0.0	0.0	0.0	0.0	0.0	0.0	0.0	0.0
SRR21723639	865.0	49.0	530.0	0.0	25.0	0.0	0.0	0.0	19.0	1075.0	84.0	80.0	0.0	17.0	3.0	1321.0	105.0	33.0	6.0	10.0	305.0	37.0	35.0	0.0	966.0	67.0	7.0	220.0	1088.0	0.0	0.0	5.0	106.0	0.0	729.0	9.0	7.0	67.0	0.0	213.0	1528.0	9.0	0.0	0.0	69.0	416.0	36.0	0.0	173.0	4.0	305.0	0.0	5.0	0.0	117.0	0.0	312.0	0.0	0.0	193.0	0.0	0.0	0.0	7.0	0.0	0.0	70.0	0.0	0.0	123.0	160.0	3.0	0.0	0.0	292.0	0.0	5.0	0.0	0.0	0.0	0.0	0.0	0.0	0.0	4.0	0.0	81.0	123.0	3.0	0.0	205.0	30.0	4.0	152.0	0.0	0.0	0.0	0.0	0.0	0.0	3.0	0.0	38.0	195.0	20.0	0.0	67.0	0.0	4.0	0.0	0.0	0.0	0.0	0.0	3.0	131.0	0.0	0.0	104.0	0.0	0.0	0.0	36.0	0.0	0.0	0.0	19.0	0.0	0.0	0.0	0.0	253.0	0.0	0.0	0.0	2.0	0.0	0.0	0.0	0.0	41.0	0.0	0.0	0.0	5.0	0.0	9.0	0.0	0.0	0.0	0.0	0.0	0.0	6.0	0.0	0.0	0.0	0.0	3.0	0.0	26.0	0.0	0.0	0.0	0.0	0.0	0.0	0.0	0.0	0.0	0.0	0.0	0.0	47.0	0.0	2.0	0.0	0.0	0.0	0.0	0.0	0.0	0.0	0.0	0.0	0.0	0.0	0.0	62.0	0.0	0.0	0.0	0.0	12.0	0.0	0.0	32.0	0.0	0.0	0.0	297.0	0.0	0.0	0.0	0.0	0.0	0.0	0.0	0.0	0.0	0.0	2.0	0.0	0.0	0.0	0.0	0.0	0.0	0.0	0.0	0.0	0.0	110.0	0.0	0.0	0.0	0.0	0.0	0.0	0.0	0.0	0.0	0.0	0.0	0.0	0.0	0.0	0.0	0.0	0.0	0.0	0.0	0.0	0.0	0.0	0.0	0.0	0.0	0.0	0.0	0.0	0.0	0.0	0.0	0.0	0.0	3.0	0.0	0.0	0.0	0.0	0.0	0.0	0.0	0.0	0.0	0.0	0.0	0.0	0.0	0.0	0.0	0.0	0.0	0.0	0.0	0.0	0.0	0.0	0.0	0.0	0.0	0.0	0.0	0.0	0.0	0.0	0.0	0.0	0.0	0.0	0.0	0.0	0.0	0.0	0.0	0.0	0.0	0.0	0.0	0.0	0.0	0.0	0.0	0.0	0.0	0.0	0.0	0.0	0.0	0.0	0.0	0.0	0.0	0.0	0.0	0.0	0.0	0.0	0.0	0.0
SRR21723640	2843.0	166.0	1177.0	0.0	150.0	0.0	3.0	5.0	58.0	2094.0	339.0	211.0	37.0	18.0	61.0	3790.0	209.0	204.0	98.0	68.0	893.0	142.0	235.0	0.0	2357.0	185.0	105.0	631.0	2622.0	0.0	0.0	52.0	44.0	0.0	3026.0	0.0	0.0	11.0	0.0	576.0	2024.0	42.0	8.0	0.0	216.0	489.0	125.0	5.0	324.0	75.0	623.0	3.0	77.0	0.0	366.0	0.0	489.0	0.0	9.0	225.0	0.0	0.0	0.0	0.0	17.0	23.0	225.0	0.0	0.0	495.0	304.0	0.0	8.0	4.0	546.0	27.0	0.0	6.0	0.0	13.0	0.0	2.0	18.0	0.0	0.0	3.0	420.0	162.0	13.0	0.0	613.0	62.0	0.0	830.0	19.0	0.0	9.0	0.0	0.0	5.0	0.0	0.0	62.0	831.0	21.0	3.0	135.0	0.0	2.0	0.0	0.0	0.0	7.0	42.0	39.0	126.0	0.0	0.0	329.0	0.0	15.0	0.0	85.0	0.0	0.0	0.0	163.0	0.0	0.0	8.0	0.0	541.0	2.0	0.0	11.0	2.0	0.0	17.0	2.0	0.0	117.0	7.0	47.0	3.0	24.0	0.0	30.0	50.0	0.0	0.0	3.0	0.0	0.0	0.0	0.0	0.0	0.0	0.0	0.0	7.0	135.0	4.0	0.0	0.0	0.0	0.0	0.0	0.0	0.0	143.0	31.0	29.0	0.0	58.0	0.0	6.0	4.0	0.0	27.0	0.0	0.0	0.0	16.0	0.0	0.0	0.0	0.0	0.0	153.0	0.0	0.0	5.0	0.0	0.0	0.0	0.0	42.0	0.0	0.0	0.0	199.0	0.0	0.0	0.0	0.0	0.0	0.0	0.0	0.0	0.0	0.0	0.0	0.0	0.0	0.0	0.0	0.0	0.0	0.0	0.0	0.0	0.0	130.0	0.0	0.0	0.0	0.0	0.0	0.0	0.0	0.0	0.0	0.0	0.0	0.0	0.0	0.0	0.0	0.0	0.0	0.0	5.0	0.0	0.0	0.0	0.0	0.0	0.0	3.0	0.0	0.0	0.0	0.0	0.0	0.0	0.0	0.0	0.0	0.0	0.0	0.0	0.0	0.0	4.0	0.0	0.0	0.0	0.0	0.0	0.0	0.0	0.0	0.0	0.0	0.0	0.0	0.0	0.0	0.0	0.0	0.0	0.0	0.0	0.0	0.0	0.0	0.0	0.0	0.0	0.0	0.0	0.0	0.0	4.0	0.0	0.0	0.0	0.0	0.0	0.0	0.0	0.0	0.0	0.0	0.0	0.0	8.0	0.0	0.0	0.0	0.0	0.0	0.0	0.0	0.0	0.0	0.0	0.0	0.0	0.0	0.0
SRR21723641	666.0	51.0	489.0	0.0	51.0	0.0	0.0	0.0	27.0	745.0	126.0	108.0	3.0	0.0	24.0	1097.0	46.0	69.0	65.0	20.0	294.0	25.0	78.0	0.0	970.0	90.0	12.0	77.0	1149.0	0.0	0.0	0.0	86.0	0.0	1007.0	0.0	0.0	0.0	0.0	206.0	1319.0	0.0	4.0	4.0	50.0	238.0	65.0	0.0	132.0	0.0	234.0	0.0	0.0	2.0	129.0	0.0	265.0	0.0	0.0	151.0	0.0	0.0	4.0	0.0	15.0	0.0	37.0	2.0	5.0	168.0	36.0	2.0	0.0	3.0	389.0	17.0	0.0	3.0	0.0	0.0	0.0	0.0	0.0	0.0	0.0	11.0	102.0	90.0	0.0	0.0	416.0	69.0	7.0	296.0	8.0	0.0	0.0	0.0	0.0	0.0	0.0	0.0	42.0	240.0	5.0	0.0	88.0	0.0	0.0	3.0	0.0	0.0	0.0	0.0	0.0	77.0	0.0	0.0	76.0	0.0	4.0	0.0	37.0	4.0	0.0	0.0	14.0	0.0	0.0	0.0	0.0	282.0	0.0	0.0	0.0	3.0	0.0	0.0	0.0	0.0	26.0	0.0	0.0	0.0	3.0	0.0	5.0	0.0	0.0	0.0	0.0	0.0	7.0	0.0	0.0	0.0	0.0	0.0	2.0	0.0	29.0	0.0	0.0	0.0	0.0	0.0	0.0	0.0	0.0	49.0	0.0	0.0	0.0	60.0	0.0	0.0	0.0	0.0	0.0	0.0	2.0	0.0	0.0	0.0	0.0	0.0	0.0	0.0	62.0	0.0	0.0	0.0	0.0	0.0	0.0	0.0	26.0	0.0	0.0	0.0	209.0	0.0	0.0	4.0	0.0	0.0	0.0	0.0	0.0	0.0	0.0	0.0	0.0	0.0	0.0	0.0	0.0	0.0	0.0	0.0	0.0	0.0	119.0	0.0	0.0	0.0	0.0	0.0	0.0	0.0	0.0	0.0	0.0	0.0	0.0	0.0	0.0	0.0	0.0	0.0	0.0	0.0	0.0	0.0	0.0	3.0	0.0	0.0	3.0	0.0	0.0	0.0	0.0	0.0	0.0	0.0	0.0	0.0	0.0	0.0	0.0	0.0	0.0	0.0	0.0	0.0	0.0	0.0	0.0	0.0	0.0	0.0	0.0	0.0	0.0	0.0	0.0	0.0	0.0	0.0	0.0	0.0	0.0	0.0	0.0	0.0	0.0	0.0	0.0	0.0	0.0	0.0	0.0	0.0	0.0	0.0	0.0	0.0	0.0	0.0	0.0	0.0	0.0	0.0	0.0	0.0	0.0	0.0	0.0	0.0	0.0	0.0	0.0	0.0	0.0	0.0	0.0	0.0	0.0	0.0	0.0
SRR21723643	889.0	120.0	1326.0	0.0	207.0	0.0	0.0	0.0	42.0	1357.0	346.0	199.0	0.0	37.0	70.0	2751.0	62.0	107.0	80.0	0.0	405.0	137.0	0.0	0.0	2053.0	46.0	45.0	250.0	1541.0	13.0	0.0	7.0	374.0	0.0	791.0	12.0	0.0	75.0	0.0	591.0	3304.0	24.0	0.0	4.0	186.0	217.0	249.0	0.0	248.0	0.0	1329.0	0.0	11.0	0.0	466.0	3.0	641.0	0.0	0.0	776.0	0.0	19.0	0.0	0.0	14.0	0.0	139.0	0.0	0.0	312.0	336.0	13.0	0.0	0.0	308.0	0.0	0.0	0.0	0.0	22.0	0.0	0.0	0.0	0.0	177.0	0.0	165.0	235.0	0.0	0.0	450.0	74.0	16.0	594.0	15.0	0.0	0.0	0.0	0.0	0.0	6.0	0.0	192.0	283.0	157.0	2.0	187.0	0.0	0.0	0.0	0.0	0.0	13.0	0.0	3.0	538.0	0.0	0.0	453.0	0.0	0.0	0.0	23.0	3.0	0.0	0.0	0.0	0.0	0.0	8.0	0.0	387.0	0.0	0.0	0.0	0.0	0.0	0.0	0.0	0.0	19.0	11.0	0.0	0.0	9.0	0.0	0.0	0.0	0.0	0.0	0.0	0.0	0.0	0.0	0.0	0.0	0.0	0.0	0.0	0.0	126.0	0.0	0.0	0.0	0.0	0.0	0.0	2.0	0.0	78.0	15.0	0.0	0.0	333.0	0.0	49.0	0.0	0.0	0.0	0.0	0.0	0.0	104.0	0.0	0.0	0.0	0.0	0.0	48.0	0.0	0.0	3.0	0.0	35.0	0.0	0.0	11.0	0.0	0.0	38.0	402.0	0.0	0.0	31.0	0.0	0.0	0.0	0.0	0.0	0.0	0.0	0.0	0.0	2.0	0.0	0.0	0.0	0.0	0.0	0.0	0.0	0.0	230.0	0.0	0.0	0.0	0.0	0.0	0.0	0.0	22.0	0.0	0.0	0.0	0.0	0.0	0.0	0.0	0.0	0.0	0.0	0.0	0.0	0.0	0.0	0.0	0.0	0.0	0.0	0.0	0.0	0.0	0.0	0.0	0.0	0.0	0.0	0.0	0.0	0.0	0.0	0.0	0.0	0.0	0.0	0.0	0.0	0.0	0.0	0.0	0.0	0.0	0.0	0.0	0.0	0.0	0.0	0.0	0.0	0.0	0.0	0.0	0.0	0.0	0.0	0.0	0.0	0.0	0.0	0.0	0.0	0.0	0.0	0.0	0.0	0.0	0.0	0.0	0.0	0.0	0.0	0.0	0.0	0.0	0.0	0.0	0.0	0.0	0.0	0.0	0.0	0.0	0.0	0.0	0.0	0.0	0.0	0.0	2.0	0.0	0.0
SRR21723644	826.0	59.0	813.0	0.0	104.0	0.0	2.0	0.0	43.0	1011.0	80.0	100.0	0.0	16.0	57.0	2201.0	38.0	59.0	57.0	5.0	475.0	124.0	0.0	0.0	1536.0	128.0	8.0	185.0	1330.0	11.0	0.0	6.0	92.0	0.0	616.0	5.0	0.0	21.0	0.0	452.0	2382.0	24.0	6.0	0.0	18.0	190.0	115.0	0.0	262.0	11.0	919.0	0.0	20.0	3.0	280.0	0.0	577.0	0.0	0.0	518.0	0.0	0.0	0.0	12.0	7.0	0.0	119.0	0.0	0.0	214.0	179.0	4.0	0.0	0.0	429.0	0.0	0.0	0.0	0.0	12.0	0.0	0.0	0.0	0.0	41.0	4.0	51.0	193.0	2.0	0.0	233.0	99.0	0.0	515.0	3.0	0.0	0.0	0.0	0.0	2.0	0.0	0.0	123.0	168.0	62.0	0.0	100.0	0.0	7.0	0.0	0.0	0.0	0.0	0.0	0.0	221.0	0.0	0.0	228.0	0.0	0.0	0.0	12.0	0.0	0.0	0.0	14.0	0.0	0.0	0.0	0.0	298.0	0.0	0.0	0.0	2.0	0.0	0.0	0.0	0.0	0.0	6.0	2.0	0.0	8.0	0.0	2.0	0.0	0.0	0.0	0.0	0.0	0.0	0.0	0.0	0.0	0.0	0.0	0.0	0.0	56.0	0.0	0.0	0.0	0.0	0.0	0.0	0.0	0.0	19.0	7.0	0.0	0.0	141.0	0.0	0.0	0.0	0.0	5.0	0.0	0.0	0.0	34.0	0.0	0.0	0.0	0.0	0.0	63.0	0.0	0.0	4.0	0.0	38.0	0.0	0.0	0.0	0.0	0.0	0.0	180.0	0.0	0.0	10.0	0.0	0.0	0.0	0.0	0.0	0.0	0.0	0.0	0.0	0.0	0.0	0.0	0.0	0.0	0.0	0.0	0.0	0.0	210.0	0.0	0.0	0.0	0.0	0.0	0.0	0.0	0.0	0.0	0.0	0.0	0.0	0.0	0.0	0.0	0.0	0.0	0.0	0.0	0.0	0.0	0.0	0.0	0.0	0.0	0.0	0.0	0.0	0.0	0.0	0.0	0.0	0.0	0.0	0.0	0.0	0.0	0.0	0.0	0.0	0.0	0.0	0.0	0.0	0.0	0.0	0.0	0.0	0.0	0.0	0.0	0.0	0.0	0.0	0.0	0.0	0.0	0.0	0.0	0.0	0.0	0.0	0.0	0.0	0.0	0.0	0.0	0.0	0.0	0.0	0.0	0.0	0.0	0.0	0.0	0.0	0.0	0.0	0.0	0.0	0.0	0.0	0.0	0.0	0.0	0.0	0.0	0.0	0.0	0.0	0.0	0.0	0.0	0.0	0.0	0.0	0.0	0.0
SRR21723645	1689.0	56.0	297.0	4.0	54.0	0.0	3.0	0.0	10.0	1070.0	185.0	144.0	0.0	2.0	47.0	2399.0	150.0	44.0	0.0	25.0	411.0	126.0	113.0	6.0	1433.0	118.0	95.0	425.0	1153.0	58.0	11.0	0.0	54.0	3.0	1537.0	3.0	0.0	0.0	0.0	221.0	543.0	4.0	0.0	0.0	58.0	57.0	99.0	2.0	190.0	116.0	1062.0	3.0	32.0	3.0	257.0	0.0	247.0	0.0	0.0	215.0	0.0	0.0	6.0	11.0	38.0	6.0	140.0	2.0	2.0	282.0	186.0	3.0	0.0	7.0	160.0	19.0	0.0	2.0	0.0	0.0	0.0	0.0	0.0	0.0	19.0	0.0	372.0	112.0	4.0	0.0	347.0	43.0	27.0	1155.0	26.0	0.0	17.0	0.0	0.0	0.0	0.0	0.0	52.0	462.0	18.0	0.0	80.0	5.0	10.0	0.0	0.0	0.0	11.0	13.0	0.0	87.0	0.0	0.0	146.0	0.0	0.0	0.0	69.0	0.0	0.0	0.0	98.0	0.0	0.0	0.0	0.0	420.0	3.0	0.0	0.0	0.0	0.0	17.0	0.0	0.0	72.0	2.0	0.0	0.0	18.0	0.0	0.0	0.0	0.0	0.0	0.0	0.0	0.0	9.0	0.0	0.0	0.0	0.0	0.0	0.0	63.0	0.0	0.0	0.0	0.0	0.0	0.0	8.0	0.0	60.0	24.0	0.0	0.0	63.0	0.0	0.0	15.0	0.0	10.0	0.0	0.0	0.0	31.0	0.0	0.0	0.0	0.0	0.0	55.0	0.0	0.0	0.0	0.0	23.0	0.0	0.0	0.0	0.0	0.0	0.0	169.0	0.0	0.0	19.0	0.0	0.0	0.0	0.0	0.0	3.0	0.0	2.0	0.0	0.0	0.0	0.0	0.0	0.0	0.0	0.0	0.0	0.0	123.0	0.0	0.0	0.0	0.0	0.0	0.0	0.0	0.0	0.0	0.0	0.0	0.0	0.0	0.0	0.0	0.0	0.0	0.0	0.0	0.0	0.0	0.0	0.0	0.0	0.0	0.0	0.0	0.0	0.0	0.0	0.0	0.0	0.0	0.0	0.0	0.0	0.0	0.0	0.0	0.0	0.0	0.0	0.0	0.0	0.0	0.0	0.0	0.0	0.0	0.0	0.0	0.0	0.0	0.0	0.0	0.0	0.0	0.0	0.0	0.0	0.0	0.0	0.0	0.0	0.0	0.0	0.0	0.0	0.0	0.0	0.0	0.0	0.0	0.0	2.0	4.0	0.0	0.0	0.0	0.0	0.0	0.0	0.0	0.0	0.0	0.0	0.0	0.0	0.0	0.0	0.0	0.0	0.0	0.0	0.0	0.0	0.0	0.0
SRR21723646	520.0	0.0	673.0	0.0	208.0	0.0	0.0	0.0	26.0	254.0	123.0	51.0	0.0	3.0	28.0	1389.0	51.0	87.0	76.0	0.0	383.0	11.0	2.0	26.0	955.0	131.0	78.0	133.0	869.0	0.0	0.0	8.0	283.0	0.0	604.0	3.0	0.0	15.0	0.0	369.0	2032.0	21.0	18.0	0.0	77.0	167.0	139.0	6.0	255.0	0.0	720.0	4.0	0.0	0.0	336.0	0.0	309.0	0.0	0.0	879.0	0.0	0.0	0.0	35.0	0.0	3.0	4.0	0.0	0.0	304.0	109.0	10.0	0.0	0.0	135.0	0.0	0.0	0.0	0.0	11.0	0.0	3.0	0.0	0.0	54.0	0.0	234.0	84.0	4.0	0.0	314.0	52.0	0.0	325.0	19.0	0.0	0.0	0.0	0.0	0.0	0.0	0.0	121.0	115.0	99.0	0.0	34.0	0.0	0.0	0.0	0.0	0.0	2.0	0.0	0.0	232.0	0.0	0.0	232.0	0.0	0.0	0.0	43.0	0.0	0.0	0.0	14.0	0.0	0.0	8.0	0.0	242.0	0.0	0.0	0.0	0.0	0.0	0.0	0.0	0.0	8.0	0.0	0.0	0.0	0.0	0.0	2.0	0.0	0.0	3.0	0.0	0.0	0.0	0.0	0.0	0.0	0.0	0.0	6.0	0.0	23.0	0.0	0.0	0.0	0.0	0.0	0.0	0.0	0.0	57.0	0.0	0.0	0.0	406.0	0.0	19.0	0.0	0.0	0.0	34.0	0.0	2.0	34.0	0.0	0.0	0.0	0.0	0.0	0.0	0.0	0.0	0.0	0.0	0.0	0.0	0.0	0.0	0.0	0.0	31.0	184.0	0.0	0.0	22.0	0.0	0.0	0.0	0.0	0.0	0.0	0.0	0.0	0.0	0.0	0.0	0.0	0.0	0.0	0.0	0.0	0.0	0.0	248.0	0.0	0.0	0.0	0.0	0.0	0.0	0.0	48.0	0.0	0.0	0.0	0.0	0.0	0.0	0.0	0.0	0.0	0.0	0.0	0.0	0.0	0.0	0.0	0.0	0.0	0.0	0.0	0.0	0.0	0.0	0.0	0.0	0.0	0.0	0.0	0.0	0.0	0.0	0.0	0.0	0.0	0.0	0.0	0.0	0.0	0.0	0.0	0.0	0.0	0.0	0.0	0.0	0.0	0.0	0.0	0.0	0.0	0.0	0.0	0.0	0.0	0.0	0.0	0.0	0.0	0.0	0.0	0.0	0.0	0.0	0.0	0.0	0.0	0.0	0.0	0.0	0.0	0.0	0.0	0.0	0.0	0.0	0.0	0.0	0.0	0.0	0.0	0.0	0.0	0.0	0.0	0.0	0.0	0.0	0.0	0.0	0.0	0.0
SRR21723647	563.0	34.0	1957.0	0.0	132.0	0.0	0.0	0.0	9.0	738.0	165.0	169.0	3.0	14.0	6.0	1701.0	4.0	54.0	17.0	0.0	535.0	34.0	0.0	0.0	772.0	0.0	68.0	3.0	1271.0	4.0	0.0	54.0	503.0	0.0	833.0	0.0	0.0	5.0	0.0	806.0	1963.0	3.0	0.0	0.0	16.0	76.0	81.0	0.0	190.0	0.0	538.0	0.0	2.0	0.0	697.0	0.0	1536.0	0.0	0.0	643.0	0.0	0.0	0.0	5.0	0.0	0.0	48.0	0.0	0.0	206.0	288.0	0.0	0.0	0.0	547.0	0.0	0.0	3.0	0.0	0.0	0.0	0.0	0.0	0.0	179.0	0.0	513.0	144.0	0.0	0.0	369.0	27.0	0.0	311.0	0.0	0.0	0.0	0.0	0.0	0.0	5.0	0.0	261.0	46.0	0.0	0.0	229.0	0.0	0.0	0.0	0.0	0.0	0.0	0.0	9.0	546.0	0.0	0.0	480.0	0.0	16.0	0.0	14.0	0.0	0.0	0.0	0.0	0.0	0.0	9.0	0.0	293.0	0.0	0.0	0.0	5.0	0.0	0.0	0.0	0.0	0.0	7.0	0.0	0.0	3.0	0.0	0.0	0.0	0.0	0.0	0.0	0.0	0.0	0.0	0.0	0.0	0.0	0.0	0.0	0.0	58.0	0.0	0.0	0.0	0.0	0.0	0.0	0.0	0.0	37.0	3.0	0.0	0.0	233.0	0.0	14.0	0.0	0.0	0.0	0.0	0.0	0.0	41.0	0.0	0.0	0.0	0.0	0.0	0.0	0.0	0.0	5.0	0.0	9.0	0.0	0.0	24.0	0.0	0.0	152.0	506.0	0.0	0.0	15.0	0.0	0.0	0.0	0.0	0.0	0.0	0.0	0.0	0.0	0.0	0.0	0.0	0.0	0.0	0.0	0.0	0.0	0.0	242.0	0.0	0.0	0.0	0.0	0.0	0.0	0.0	23.0	0.0	0.0	0.0	0.0	0.0	0.0	0.0	0.0	0.0	0.0	0.0	0.0	0.0	0.0	0.0	0.0	0.0	0.0	0.0	0.0	0.0	0.0	2.0	0.0	0.0	0.0	0.0	0.0	0.0	0.0	0.0	0.0	0.0	0.0	0.0	0.0	0.0	0.0	0.0	0.0	0.0	0.0	0.0	0.0	0.0	0.0	0.0	0.0	0.0	0.0	0.0	0.0	0.0	0.0	0.0	0.0	0.0	0.0	0.0	0.0	0.0	0.0	0.0	0.0	0.0	0.0	0.0	0.0	0.0	0.0	0.0	0.0	0.0	0.0	0.0	0.0	0.0	0.0	0.0	0.0	0.0	0.0	0.0	0.0	0.0	0.0	0.0	0.0	0.0	0.0
SRR21723658	2122.0	78.0	453.0	0.0	87.0	0.0	20.0	0.0	55.0	1073.0	463.0	103.0	0.0	13.0	65.0	3938.0	278.0	39.0	108.0	14.0	495.0	99.0	30.0	0.0	1953.0	175.0	71.0	390.0	1194.0	0.0	8.0	0.0	152.0	0.0	1549.0	27.0	0.0	0.0	0.0	381.0	1543.0	40.0	0.0	2.0	103.0	140.0	138.0	0.0	245.0	216.0	1348.0	0.0	38.0	11.0	325.0	0.0	330.0	0.0	0.0	393.0	0.0	0.0	0.0	0.0	84.0	5.0	199.0	0.0	0.0	462.0	184.0	8.0	0.0	8.0	134.0	0.0	3.0	7.0	0.0	12.0	0.0	0.0	0.0	0.0	51.0	0.0	219.0	155.0	11.0	0.0	184.0	31.0	8.0	937.0	66.0	0.0	0.0	0.0	0.0	8.0	0.0	0.0	41.0	916.0	267.0	3.0	108.0	7.0	17.0	0.0	0.0	0.0	20.0	0.0	30.0	174.0	0.0	0.0	112.0	0.0	4.0	0.0	92.0	2.0	0.0	0.0	69.0	0.0	0.0	0.0	0.0	372.0	0.0	0.0	0.0	2.0	0.0	23.0	0.0	3.0	41.0	0.0	0.0	0.0	19.0	0.0	3.0	0.0	0.0	0.0	11.0	0.0	2.0	0.0	0.0	0.0	0.0	0.0	0.0	0.0	63.0	0.0	0.0	0.0	0.0	0.0	0.0	15.0	0.0	38.0	26.0	0.0	0.0	865.0	0.0	43.0	0.0	0.0	15.0	0.0	0.0	0.0	41.0	0.0	0.0	0.0	0.0	0.0	99.0	0.0	0.0	3.0	0.0	9.0	0.0	0.0	0.0	0.0	0.0	0.0	167.0	0.0	0.0	38.0	0.0	0.0	0.0	0.0	0.0	0.0	0.0	0.0	0.0	0.0	2.0	0.0	0.0	0.0	0.0	0.0	0.0	6.0	135.0	0.0	0.0	0.0	0.0	0.0	0.0	0.0	29.0	0.0	0.0	8.0	0.0	0.0	0.0	0.0	0.0	0.0	0.0	0.0	0.0	0.0	0.0	0.0	0.0	0.0	0.0	0.0	0.0	0.0	0.0	0.0	0.0	0.0	0.0	0.0	0.0	0.0	0.0	0.0	0.0	0.0	0.0	0.0	0.0	0.0	0.0	0.0	0.0	2.0	0.0	0.0	0.0	0.0	0.0	0.0	0.0	0.0	0.0	0.0	0.0	0.0	0.0	0.0	0.0	0.0	0.0	0.0	0.0	0.0	0.0	0.0	0.0	0.0	0.0	0.0	0.0	0.0	0.0	0.0	0.0	0.0	0.0	0.0	0.0	0.0	0.0	0.0	0.0	0.0	0.0	0.0	0.0	0.0	0.0	0.0	0.0	0.0	0.0
