#SampleID	d__Bacteria;p__Elusimicrobiota;c__Lineage_IIa	d__Bacteria;p__Actinobacteriota;c__Acidimicrobiia	d__Bacteria;p__Proteobacteria;c__Alphaproteobacteria	d__Bacteria;p__Myxococcota;c__Polyangia	d__Bacteria;p__Verrucomicrobiota;c__Verrucomicrobiae	d__Bacteria;p__Chloroflexi;c__Chloroflexia	d__Bacteria;p__Proteobacteria;c__Gammaproteobacteria	d__Bacteria;p__Acidobacteriota;c__Acidobacteriae	d__Bacteria;p__Bacteroidota;c__Bacteroidia	d__Bacteria;p__Actinobacteriota;c__Actinobacteria	d__Bacteria;p__Firmicutes;c__Bacilli	d__Bacteria;p__Actinobacteriota;c__Thermoleophilia	d__Bacteria;p__Verrucomicrobiota;c__Chlamydiae	d__Bacteria;p__Myxococcota;c__Myxococcia	d__Bacteria;p__Nitrospirota;c__Nitrospiria	d__Bacteria;p__Patescibacteria;c__Berkelbacteria	d__Bacteria;p__Chloroflexi;c__Anaerolineae	d__Bacteria;p__Bdellovibrionota;c__Oligoflexia	d__Bacteria;p__Bdellovibrionota;c__Bdellovibrionia	d__Bacteria;p__Chloroflexi;c__Ktedonobacteria	d__Bacteria;p__Patescibacteria;c__Saccharimonadia	d__Bacteria;p__Gemmatimonadota;c__Gemmatimonadetes	d__Bacteria;p__Fibrobacterota;c__Fibrobacteria	d__Bacteria;p__Elusimicrobiota;c__Lineage_IIb	d__Bacteria;p__Dependentiae;c__Babeliae	d__Bacteria;p__Armatimonadota;c__Fimbriimonadia	d__Bacteria;p__Patescibacteria;c__Parcubacteria	d__Bacteria;p__Gemmatimonadota;c__Longimicrobia	d__Bacteria;p__Planctomycetota;c__Phycisphaerae	d__Bacteria;p__Acidobacteriota;c__Blastocatellia	d__Bacteria;p__Acidobacteriota;c__Holophagae	d__Bacteria;p__Chloroflexi;c__Dehalococcoidia	d__Bacteria;p__Acidobacteriota;c__Vicinamibacteria	d__Bacteria;p__Acidobacteriota;c__Thermoanaerobaculia	d__Bacteria;p__Patescibacteria;c__Gracilibacteria	d__Bacteria;p__Desulfobacterota;c__Desulfuromonadia	d__Bacteria;p__Cyanobacteria;c__Vampirivibrionia	d__Bacteria;p__Firmicutes;c__Clostridia	d__Bacteria;p__Cyanobacteria;c__Cyanobacteriia	d__Bacteria;p__Chloroflexi;c__TK10	d__Bacteria;p__Bacteroidota;c__Kapabacteria	d__Bacteria;p__WPS-2;c__WPS-2	d__Bacteria;p__Planctomycetota;c__BD7-11	d__Bacteria;p__Spirochaetota;c__Spirochaetia	d__Bacteria;p__Entotheonellaeota;c__Entotheonellia	d__Bacteria;p__Chloroflexi;c__OLB14	d__Bacteria;p__Firmicutes;c__Negativicutes	d__Bacteria;p__Acidobacteriota;c__Subgroup_5	d__Bacteria;p__Gemmatimonadota;c__S0134_terrestrial_group	d__Bacteria;p__SAR324_clade(Marine_group_B);c__SAR324_clade(Marine_group_B)	d__Bacteria;p__Deinococcota;c__Deinococci	d__Bacteria;p__Planctomycetota;c__Planctomycetes	d__Bacteria;p__Abditibacteriota;c__Abditibacteria	d__Bacteria;p__Actinobacteriota;c__Rubrobacteria	d__Bacteria;p__Chloroflexi;c__KD4-96	d__Bacteria;p__Planctomycetota;c__vadinHA49	d__Bacteria;p__RCP2-54;c__RCP2-54	d__Bacteria;p__Elusimicrobiota;c__Elusimicrobia	d__Bacteria;p__Cyanobacteria;c__Sericytochromatia	d__Bacteria;p__Desulfobacterota;c__uncultured	d__Bacteria;p__Actinobacteriota;c__Coriobacteriia	d__Bacteria;p__Sumerlaeota;c__Sumerlaeia	d__Bacteria;p__Myxococcota;c__bacteriap25	d__Bacteria;p__Methylomirabilota;c__Methylomirabilia	d__Bacteria;p__Gemmatimonadota;c__AKAU4049	d__Bacteria;p__Actinobacteriota;c__MB-A2-108	d__Bacteria;p__Spirochaetota;c__Leptospirae	d__Bacteria;p__Firmicutes;c__BRH-c20a	d__Bacteria;p__Chloroflexi;c__Gitt-GS-136	d__Bacteria;p__Chloroflexi;c__AD3	d__Bacteria;p__Bacteroidota;c__Ignavibacteria	d__Bacteria;p__Gemmatimonadota;c__BD2-11_terrestrial_group	d__Bacteria;p__Firmicutes;c__Desulfitobacteriia	d__Bacteria;p__Patescibacteria;c__Microgenomatia	d__Bacteria;p__Bacteroidota;c__Rhodothermia	d__Bacteria;p__Planctomycetota;c__Pla4_lineage	d__Bacteria;p__Planctomycetota;c__OM190	d__Bacteria;p__Chloroflexi;c__JG30-KF-CM66	d__Bacteria;p__Elusimicrobiota;c__Lineage_IIc	d__Bacteria;p__Patescibacteria;c__Kazania	d__Bacteria;p__Desulfobacterota;c__Desulfovibrionia	d__Bacteria;p__Acidobacteriota;c__Subgroup_25	d__Bacteria;p__Patescibacteria;c__CPR2	d__Bacteria;p__Latescibacterota;c__Latescibacterota	d__Bacteria;p__Desulfobacterota;c__Desulfobulbia	d__Bacteria;p__Patescibacteria;c__ABY1	d__Bacteria;p__Verrucomicrobiota;c__Omnitrophia	d__Bacteria;p__Elusimicrobiota;c__Endomicrobia	d__Bacteria;p__Acidobacteriota;c__Subgroup_22
SRR5224546	15.0	0.0	2536.0	661.0	1712.0	24.0	1966.0	4084.0	2319.0	637.0	529.0	209.0	9.0	210.0	351.0	131.0	98.0	85.0	35.0	487.0	283.0	1152.0	18.0	85.0	33.0	132.0	488.0	0.0	140.0	567.0	104.0	15.0	278.0	192.0	9.0	0.0	17.0	149.0	0.0	0.0	128.0	0.0	0.0	0.0	0.0	0.0	0.0	0.0	0.0	0.0	0.0	0.0	0.0	0.0	0.0	0.0	0.0	0.0	0.0	0.0	0.0	0.0	0.0	0.0	0.0	0.0	0.0	0.0	0.0	0.0	0.0	0.0	0.0	0.0	0.0	0.0	0.0	0.0	0.0	0.0	0.0	0.0	0.0	0.0	0.0	0.0	0.0	0.0	0.0
SRR5224547	0.0	0.0	4391.0	1350.0	1666.0	94.0	3956.0	3991.0	4219.0	1645.0	155.0	310.0	49.0	312.0	349.0	40.0	58.0	10.0	8.0	455.0	462.0	927.0	139.0	26.0	5.0	172.0	87.0	0.0	178.0	512.0	94.0	0.0	274.0	135.0	0.0	102.0	26.0	35.0	0.0	32.0	90.0	0.0	0.0	106.0	0.0	0.0	0.0	78.0	0.0	0.0	0.0	0.0	0.0	0.0	73.0	0.0	0.0	0.0	0.0	8.0	0.0	0.0	18.0	0.0	0.0	0.0	0.0	0.0	0.0	0.0	0.0	0.0	0.0	0.0	0.0	5.0	0.0	0.0	0.0	0.0	0.0	0.0	0.0	0.0	0.0	0.0	0.0	0.0	0.0
SRR5224548	0.0	0.0	3114.0	567.0	603.0	0.0	2148.0	218.0	3997.0	360.0	0.0	0.0	0.0	103.0	0.0	0.0	23.0	0.0	17.0	45.0	34.0	0.0	102.0	0.0	0.0	0.0	0.0	0.0	0.0	0.0	12.0	0.0	0.0	0.0	0.0	0.0	16.0	0.0	0.0	0.0	0.0	0.0	0.0	148.0	0.0	0.0	0.0	0.0	0.0	0.0	0.0	0.0	0.0	0.0	0.0	0.0	0.0	0.0	0.0	0.0	0.0	0.0	0.0	0.0	0.0	0.0	0.0	0.0	0.0	0.0	0.0	0.0	0.0	0.0	0.0	0.0	0.0	0.0	0.0	0.0	0.0	0.0	0.0	0.0	0.0	0.0	0.0	0.0	0.0
SRR5224549	0.0	21.0	2143.0	316.0	723.0	27.0	1302.0	2516.0	782.0	1825.0	443.0	894.0	0.0	211.0	214.0	0.0	0.0	154.0	36.0	396.0	20.0	507.0	30.0	0.0	0.0	47.0	0.0	0.0	96.0	112.0	0.0	0.0	0.0	66.0	0.0	0.0	0.0	233.0	0.0	60.0	12.0	0.0	0.0	0.0	0.0	22.0	0.0	16.0	0.0	0.0	0.0	12.0	0.0	0.0	0.0	0.0	26.0	0.0	0.0	0.0	0.0	0.0	0.0	0.0	0.0	0.0	0.0	0.0	0.0	0.0	0.0	0.0	0.0	0.0	0.0	0.0	0.0	0.0	0.0	0.0	0.0	0.0	0.0	0.0	0.0	0.0	0.0	0.0	0.0
SRR5224550	0.0	20.0	2542.0	492.0	989.0	37.0	2825.0	2911.0	2805.0	3462.0	686.0	243.0	0.0	271.0	228.0	0.0	81.0	0.0	0.0	487.0	129.0	308.0	54.0	7.0	0.0	50.0	0.0	0.0	99.0	269.0	98.0	11.0	37.0	80.0	0.0	0.0	0.0	146.0	0.0	0.0	8.0	0.0	0.0	0.0	0.0	0.0	0.0	21.0	0.0	0.0	0.0	0.0	0.0	0.0	0.0	0.0	0.0	0.0	0.0	0.0	0.0	0.0	0.0	0.0	0.0	0.0	0.0	0.0	0.0	0.0	0.0	0.0	0.0	0.0	0.0	0.0	0.0	0.0	0.0	0.0	0.0	0.0	0.0	0.0	0.0	0.0	0.0	0.0	0.0
SRR5224551	0.0	0.0	1507.0	144.0	264.0	0.0	2272.0	825.0	2761.0	1619.0	98.0	55.0	0.0	0.0	0.0	0.0	8.0	0.0	0.0	602.0	0.0	0.0	64.0	0.0	0.0	0.0	0.0	0.0	0.0	130.0	0.0	0.0	0.0	29.0	0.0	0.0	0.0	0.0	0.0	0.0	0.0	0.0	0.0	0.0	0.0	0.0	0.0	0.0	0.0	0.0	0.0	0.0	0.0	0.0	0.0	0.0	0.0	0.0	4.0	0.0	0.0	0.0	0.0	0.0	0.0	0.0	0.0	0.0	0.0	0.0	0.0	0.0	0.0	0.0	0.0	0.0	0.0	0.0	0.0	0.0	0.0	0.0	0.0	0.0	0.0	0.0	0.0	0.0	0.0
SRR5224552	24.0	46.0	3635.0	1265.0	1669.0	111.0	3709.0	4756.0	2939.0	1838.0	212.0	427.0	0.0	681.0	353.0	38.0	228.0	311.0	85.0	549.0	648.0	1434.0	55.0	69.0	26.0	165.0	129.0	19.0	158.0	647.0	0.0	22.0	516.0	113.0	0.0	0.0	0.0	193.0	0.0	47.0	142.0	0.0	0.0	0.0	0.0	21.0	0.0	82.0	19.0	4.0	0.0	0.0	0.0	0.0	41.0	0.0	0.0	0.0	0.0	0.0	0.0	0.0	0.0	0.0	0.0	0.0	0.0	0.0	0.0	0.0	0.0	0.0	0.0	0.0	0.0	0.0	0.0	0.0	11.0	0.0	0.0	0.0	0.0	0.0	0.0	0.0	0.0	0.0	0.0
SRR5224553	0.0	0.0	4454.0	1509.0	1279.0	0.0	2904.0	3533.0	4424.0	740.0	384.0	0.0	0.0	336.0	254.0	0.0	48.0	16.0	102.0	120.0	226.0	929.0	19.0	0.0	0.0	30.0	81.0	0.0	127.0	613.0	91.0	0.0	238.0	141.0	0.0	0.0	0.0	26.0	0.0	0.0	76.0	0.0	0.0	92.0	0.0	0.0	0.0	43.0	0.0	0.0	0.0	7.0	0.0	0.0	0.0	11.0	0.0	0.0	0.0	20.0	0.0	0.0	0.0	0.0	0.0	0.0	0.0	0.0	0.0	0.0	0.0	0.0	0.0	0.0	0.0	0.0	0.0	0.0	0.0	0.0	0.0	0.0	0.0	0.0	0.0	0.0	0.0	0.0	0.0
SRR5224554	0.0	0.0	2287.0	689.0	445.0	0.0	1679.0	529.0	3867.0	321.0	10.0	0.0	0.0	31.0	0.0	0.0	0.0	0.0	64.0	13.0	19.0	0.0	18.0	0.0	0.0	0.0	0.0	0.0	0.0	45.0	0.0	0.0	0.0	0.0	0.0	0.0	10.0	0.0	0.0	0.0	0.0	0.0	0.0	172.0	0.0	0.0	0.0	0.0	0.0	0.0	0.0	0.0	0.0	0.0	0.0	0.0	0.0	0.0	0.0	0.0	0.0	0.0	0.0	0.0	0.0	0.0	0.0	0.0	0.0	0.0	0.0	0.0	0.0	0.0	0.0	0.0	0.0	0.0	0.0	0.0	0.0	0.0	0.0	0.0	0.0	0.0	0.0	0.0	0.0
SRR5224555	23.0	0.0	2510.0	576.0	588.0	0.0	1830.0	3744.0	1058.0	1731.0	210.0	531.0	0.0	313.0	224.0	0.0	7.0	8.0	0.0	672.0	181.0	444.0	72.0	0.0	0.0	31.0	0.0	0.0	71.0	238.0	165.0	0.0	0.0	71.0	0.0	131.0	0.0	282.0	0.0	52.0	10.0	0.0	0.0	0.0	0.0	12.0	0.0	0.0	0.0	10.0	0.0	0.0	0.0	0.0	0.0	0.0	0.0	0.0	0.0	0.0	0.0	0.0	0.0	0.0	0.0	0.0	0.0	0.0	0.0	0.0	0.0	0.0	0.0	0.0	0.0	0.0	0.0	0.0	0.0	0.0	0.0	0.0	0.0	0.0	0.0	0.0	0.0	0.0	0.0
SRR5224556	0.0	123.0	2758.0	463.0	568.0	0.0	2781.0	2934.0	3348.0	3759.0	855.0	428.0	4.0	0.0	145.0	0.0	29.0	0.0	11.0	399.0	58.0	374.0	37.0	0.0	0.0	24.0	0.0	0.0	49.0	239.0	110.0	0.0	124.0	122.0	0.0	19.0	0.0	26.0	0.0	0.0	24.0	0.0	0.0	0.0	0.0	0.0	0.0	19.0	0.0	0.0	0.0	0.0	0.0	0.0	0.0	0.0	0.0	0.0	0.0	0.0	0.0	0.0	0.0	0.0	0.0	0.0	0.0	0.0	0.0	0.0	0.0	0.0	0.0	0.0	0.0	0.0	0.0	0.0	0.0	0.0	0.0	0.0	0.0	0.0	0.0	0.0	0.0	0.0	0.0
SRR5224558	0.0	0.0	2174.0	657.0	1408.0	93.0	2728.0	2964.0	3463.0	672.0	406.0	0.0	0.0	153.0	256.0	115.0	88.0	26.0	57.0	392.0	52.0	666.0	44.0	0.0	0.0	21.0	10.0	0.0	69.0	527.0	56.0	0.0	443.0	75.0	0.0	0.0	14.0	20.0	0.0	0.0	56.0	0.0	0.0	77.0	0.0	0.0	0.0	0.0	0.0	0.0	0.0	0.0	0.0	0.0	48.0	0.0	0.0	0.0	0.0	0.0	0.0	0.0	0.0	0.0	0.0	0.0	23.0	0.0	0.0	0.0	0.0	0.0	0.0	0.0	0.0	0.0	0.0	0.0	0.0	0.0	0.0	0.0	0.0	0.0	0.0	0.0	0.0	0.0	0.0
SRR5224559	26.0	48.0	3302.0	1653.0	1554.0	101.0	4113.0	2955.0	6995.0	2050.0	862.0	162.0	0.0	617.0	300.0	16.0	71.0	0.0	0.0	294.0	351.0	547.0	83.0	0.0	0.0	57.0	62.0	0.0	200.0	622.0	41.0	29.0	302.0	95.0	0.0	212.0	0.0	162.0	0.0	0.0	43.0	0.0	0.0	66.0	0.0	0.0	0.0	81.0	16.0	0.0	11.0	0.0	0.0	0.0	42.0	0.0	0.0	11.0	0.0	0.0	0.0	0.0	0.0	0.0	0.0	0.0	0.0	0.0	0.0	0.0	0.0	0.0	0.0	0.0	0.0	21.0	0.0	0.0	0.0	0.0	0.0	0.0	0.0	0.0	0.0	0.0	0.0	0.0	0.0
SRR5224560	0.0	174.0	3646.0	1040.0	777.0	52.0	2830.0	248.0	3509.0	1538.0	79.0	22.0	0.0	155.0	0.0	0.0	113.0	0.0	50.0	51.0	138.0	0.0	42.0	0.0	0.0	126.0	0.0	0.0	11.0	162.0	0.0	0.0	0.0	0.0	0.0	0.0	0.0	0.0	0.0	0.0	0.0	0.0	0.0	21.0	0.0	0.0	0.0	0.0	0.0	0.0	0.0	0.0	0.0	0.0	0.0	0.0	0.0	0.0	0.0	0.0	0.0	0.0	0.0	0.0	0.0	0.0	0.0	0.0	0.0	0.0	0.0	0.0	0.0	0.0	0.0	0.0	0.0	0.0	0.0	0.0	0.0	0.0	0.0	0.0	0.0	0.0	0.0	0.0	0.0
SRR5224561	71.0	22.0	2114.0	555.0	1063.0	14.0	1661.0	2994.0	2601.0	821.0	349.0	98.0	0.0	87.0	260.0	209.0	42.0	0.0	0.0	516.0	133.0	579.0	32.0	75.0	0.0	94.0	245.0	0.0	103.0	446.0	107.0	0.0	145.0	96.0	0.0	0.0	32.0	25.0	0.0	0.0	67.0	0.0	0.0	26.0	0.0	0.0	0.0	0.0	0.0	0.0	0.0	0.0	0.0	0.0	0.0	0.0	0.0	0.0	0.0	0.0	0.0	0.0	0.0	0.0	0.0	0.0	0.0	0.0	0.0	0.0	0.0	0.0	0.0	0.0	0.0	0.0	0.0	0.0	0.0	0.0	0.0	0.0	0.0	0.0	0.0	0.0	0.0	0.0	0.0
SRR5224562	0.0	27.0	3233.0	451.0	703.0	49.0	2431.0	1791.0	2411.0	1927.0	250.0	367.0	0.0	33.0	208.0	0.0	59.0	13.0	10.0	202.0	384.0	548.0	0.0	0.0	0.0	80.0	0.0	0.0	195.0	331.0	46.0	0.0	100.0	123.0	0.0	50.0	0.0	0.0	0.0	0.0	39.0	0.0	0.0	0.0	0.0	0.0	0.0	0.0	0.0	0.0	0.0	0.0	0.0	0.0	28.0	0.0	0.0	13.0	0.0	0.0	0.0	0.0	0.0	0.0	0.0	0.0	0.0	0.0	0.0	0.0	0.0	0.0	0.0	0.0	0.0	0.0	0.0	0.0	0.0	0.0	0.0	0.0	0.0	0.0	0.0	0.0	0.0	0.0	0.0
SRR5224563	0.0	138.0	2507.0	1405.0	688.0	101.0	2849.0	1163.0	4107.0	2653.0	44.0	70.0	0.0	121.0	13.0	0.0	26.0	0.0	32.0	617.0	516.0	45.0	38.0	0.0	0.0	59.0	0.0	0.0	12.0	219.0	12.0	0.0	35.0	0.0	0.0	0.0	21.0	0.0	0.0	0.0	0.0	0.0	0.0	0.0	0.0	0.0	0.0	0.0	0.0	0.0	0.0	0.0	0.0	0.0	0.0	0.0	0.0	0.0	0.0	0.0	0.0	0.0	0.0	0.0	0.0	0.0	0.0	0.0	0.0	0.0	0.0	0.0	0.0	0.0	0.0	0.0	0.0	0.0	0.0	0.0	0.0	0.0	0.0	0.0	0.0	0.0	0.0	0.0	0.0
SRR5224564	0.0	0.0	2322.0	622.0	984.0	0.0	2250.0	2704.0	2369.0	2908.0	483.0	506.0	0.0	382.0	166.0	0.0	34.0	0.0	19.0	460.0	67.0	425.0	89.0	14.0	0.0	0.0	0.0	0.0	117.0	207.0	59.0	0.0	9.0	81.0	28.0	0.0	0.0	53.0	0.0	0.0	11.0	0.0	0.0	0.0	0.0	10.0	0.0	0.0	0.0	0.0	0.0	0.0	0.0	0.0	0.0	0.0	8.0	0.0	0.0	0.0	0.0	0.0	0.0	0.0	0.0	0.0	0.0	0.0	0.0	0.0	0.0	0.0	0.0	0.0	0.0	0.0	0.0	0.0	0.0	0.0	0.0	0.0	0.0	0.0	0.0	0.0	0.0	0.0	0.0
SRR5224565	20.0	27.0	3012.0	347.0	518.0	25.0	3057.0	2225.0	2297.0	2372.0	313.0	334.0	0.0	144.0	231.0	0.0	33.0	76.0	0.0	340.0	166.0	520.0	41.0	0.0	0.0	31.0	0.0	0.0	134.0	187.0	12.0	16.0	104.0	0.0	0.0	0.0	0.0	16.0	0.0	0.0	0.0	0.0	0.0	0.0	0.0	0.0	0.0	34.0	11.0	0.0	0.0	0.0	0.0	0.0	0.0	0.0	0.0	0.0	0.0	0.0	0.0	0.0	0.0	0.0	0.0	0.0	0.0	0.0	0.0	0.0	0.0	0.0	0.0	0.0	0.0	0.0	0.0	0.0	0.0	0.0	0.0	0.0	0.0	0.0	0.0	0.0	0.0	0.0	0.0
SRR5224567	0.0	0.0	2851.0	1511.0	1777.0	0.0	2943.0	4427.0	5300.0	1076.0	437.0	247.0	0.0	360.0	287.0	90.0	39.0	107.0	40.0	412.0	222.0	1789.0	178.0	66.0	0.0	64.0	364.0	10.0	248.0	775.0	70.0	0.0	485.0	165.0	0.0	86.0	123.0	45.0	0.0	22.0	88.0	0.0	0.0	22.0	0.0	45.0	0.0	46.0	90.0	0.0	0.0	0.0	0.0	0.0	0.0	0.0	0.0	0.0	0.0	0.0	0.0	0.0	0.0	0.0	0.0	0.0	0.0	0.0	0.0	0.0	0.0	9.0	0.0	0.0	0.0	0.0	0.0	0.0	8.0	0.0	0.0	0.0	0.0	0.0	0.0	0.0	0.0	0.0	0.0
SRR5224568	0.0	34.0	5340.0	1737.0	2107.0	133.0	5337.0	4131.0	6488.0	2015.0	476.0	271.0	0.0	469.0	251.0	0.0	136.0	20.0	14.0	614.0	248.0	617.0	126.0	0.0	23.0	48.0	53.0	0.0	182.0	171.0	84.0	0.0	317.0	207.0	0.0	191.0	34.0	326.0	0.0	38.0	127.0	0.0	17.0	168.0	0.0	0.0	51.0	0.0	14.0	0.0	0.0	0.0	6.0	0.0	0.0	0.0	0.0	0.0	0.0	18.0	0.0	0.0	79.0	0.0	0.0	0.0	12.0	0.0	0.0	0.0	0.0	0.0	0.0	0.0	0.0	0.0	8.0	0.0	0.0	0.0	0.0	0.0	0.0	0.0	0.0	0.0	0.0	0.0	0.0
SRR5224569	0.0	0.0	1980.0	321.0	692.0	0.0	2492.0	143.0	4534.0	443.0	0.0	0.0	0.0	46.0	0.0	0.0	0.0	0.0	59.0	36.0	27.0	0.0	40.0	0.0	0.0	0.0	0.0	0.0	0.0	0.0	0.0	0.0	0.0	0.0	0.0	55.0	0.0	0.0	0.0	0.0	0.0	0.0	0.0	211.0	0.0	0.0	0.0	0.0	0.0	0.0	0.0	0.0	35.0	0.0	0.0	0.0	0.0	0.0	0.0	0.0	0.0	0.0	0.0	0.0	0.0	0.0	0.0	0.0	0.0	0.0	0.0	0.0	0.0	0.0	0.0	0.0	0.0	0.0	0.0	0.0	0.0	0.0	0.0	0.0	0.0	0.0	0.0	0.0	0.0
SRR5224570	0.0	0.0	1341.0	101.0	605.0	0.0	1383.0	1858.0	1273.0	1148.0	385.0	665.0	0.0	323.0	51.0	0.0	0.0	0.0	0.0	259.0	81.0	224.0	70.0	17.0	0.0	0.0	0.0	0.0	52.0	176.0	44.0	0.0	58.0	0.0	0.0	0.0	0.0	128.0	0.0	5.0	0.0	0.0	0.0	0.0	0.0	13.0	0.0	0.0	14.0	0.0	0.0	0.0	0.0	0.0	0.0	0.0	0.0	0.0	0.0	0.0	0.0	0.0	0.0	0.0	0.0	0.0	0.0	0.0	0.0	0.0	0.0	0.0	18.0	0.0	0.0	0.0	0.0	0.0	0.0	0.0	0.0	0.0	0.0	0.0	0.0	0.0	0.0	0.0	0.0
SRR5224571	0.0	63.0	3424.0	788.0	1064.0	31.0	3064.0	3981.0	4286.0	6289.0	272.0	767.0	0.0	166.0	181.0	0.0	24.0	10.0	0.0	448.0	66.0	463.0	67.0	0.0	0.0	17.0	0.0	0.0	99.0	354.0	83.0	0.0	25.0	96.0	0.0	21.0	0.0	117.0	0.0	0.0	21.0	0.0	0.0	0.0	0.0	0.0	0.0	19.0	0.0	0.0	0.0	0.0	0.0	0.0	0.0	0.0	0.0	0.0	0.0	0.0	0.0	0.0	0.0	0.0	0.0	0.0	0.0	0.0	0.0	0.0	0.0	0.0	0.0	0.0	0.0	0.0	0.0	0.0	0.0	0.0	0.0	0.0	0.0	0.0	0.0	0.0	0.0	0.0	0.0
SRR5224573	87.0	46.0	3690.0	953.0	1564.0	35.0	3858.0	4541.0	2781.0	1063.0	229.0	386.0	66.0	334.0	250.0	208.0	171.0	205.0	43.0	541.0	681.0	1381.0	121.0	57.0	22.0	190.0	326.0	36.0	227.0	501.0	129.0	0.0	393.0	160.0	0.0	0.0	111.0	117.0	0.0	0.0	159.0	0.0	0.0	36.0	0.0	19.0	0.0	46.0	0.0	12.0	0.0	0.0	0.0	0.0	37.0	0.0	0.0	0.0	18.0	0.0	0.0	0.0	0.0	0.0	0.0	0.0	0.0	0.0	0.0	6.0	0.0	0.0	0.0	0.0	0.0	0.0	0.0	0.0	0.0	0.0	0.0	0.0	0.0	0.0	0.0	0.0	0.0	0.0	0.0
SRR5224574	0.0	0.0	3631.0	593.0	502.0	0.0	2874.0	2475.0	4806.0	2746.0	474.0	238.0	0.0	37.0	237.0	0.0	6.0	0.0	46.0	241.0	126.0	396.0	0.0	0.0	0.0	15.0	0.0	0.0	114.0	520.0	0.0	0.0	221.0	74.0	0.0	72.0	0.0	0.0	0.0	0.0	22.0	0.0	0.0	16.0	0.0	0.0	0.0	0.0	0.0	11.0	0.0	0.0	17.0	0.0	0.0	0.0	0.0	0.0	0.0	0.0	0.0	0.0	0.0	0.0	0.0	0.0	0.0	0.0	0.0	0.0	0.0	0.0	0.0	0.0	0.0	0.0	0.0	0.0	0.0	0.0	0.0	0.0	0.0	0.0	0.0	0.0	0.0	0.0	0.0
SRR5224575	0.0	0.0	3788.0	433.0	179.0	0.0	2422.0	94.0	3249.0	1202.0	28.0	0.0	0.0	128.0	0.0	0.0	0.0	0.0	102.0	16.0	66.0	0.0	0.0	0.0	0.0	11.0	0.0	0.0	0.0	0.0	0.0	0.0	0.0	0.0	0.0	0.0	0.0	0.0	0.0	0.0	0.0	0.0	0.0	118.0	0.0	0.0	0.0	0.0	0.0	0.0	0.0	0.0	47.0	0.0	0.0	0.0	0.0	0.0	0.0	0.0	0.0	0.0	0.0	0.0	0.0	0.0	0.0	0.0	0.0	0.0	0.0	0.0	0.0	0.0	0.0	0.0	0.0	0.0	0.0	0.0	0.0	0.0	0.0	0.0	0.0	0.0	0.0	0.0	0.0
SRR5224576	21.0	105.0	4974.0	1311.0	1444.0	178.0	3310.0	5822.0	2615.0	7220.0	1687.0	2807.0	0.0	334.0	515.0	0.0	28.0	232.0	36.0	1084.0	45.0	1664.0	111.0	14.0	16.0	27.0	0.0	0.0	542.0	226.0	84.0	0.0	56.0	46.0	0.0	122.0	7.0	826.0	0.0	101.0	31.0	31.0	0.0	0.0	0.0	26.0	0.0	0.0	0.0	0.0	0.0	13.0	0.0	0.0	119.0	0.0	31.0	0.0	0.0	0.0	0.0	0.0	0.0	0.0	0.0	16.0	0.0	0.0	0.0	0.0	0.0	0.0	0.0	0.0	0.0	0.0	0.0	10.0	0.0	0.0	0.0	0.0	0.0	0.0	0.0	0.0	0.0	0.0	0.0
SRR5224577	23.0	10.0	3635.0	591.0	1350.0	87.0	3173.0	4060.0	2817.0	2536.0	359.0	332.0	0.0	248.0	246.0	26.0	88.0	9.0	0.0	459.0	239.0	1039.0	0.0	0.0	0.0	115.0	0.0	0.0	119.0	385.0	0.0	0.0	393.0	64.0	0.0	119.0	15.0	0.0	0.0	39.0	95.0	0.0	0.0	0.0	0.0	11.0	0.0	86.0	0.0	0.0	0.0	0.0	0.0	0.0	0.0	0.0	9.0	0.0	0.0	0.0	0.0	0.0	0.0	0.0	0.0	0.0	0.0	0.0	0.0	0.0	0.0	0.0	0.0	0.0	0.0	0.0	0.0	0.0	0.0	0.0	0.0	0.0	0.0	0.0	0.0	0.0	0.0	0.0	0.0
SRR5224579	20.0	119.0	3804.0	1906.0	1710.0	227.0	3027.0	2249.0	4528.0	2917.0	399.0	357.0	0.0	333.0	64.0	0.0	190.0	82.0	204.0	543.0	345.0	1336.0	34.0	0.0	193.0	164.0	24.0	0.0	20.0	947.0	22.0	0.0	154.0	77.0	0.0	41.0	0.0	212.0	0.0	0.0	64.0	0.0	0.0	0.0	0.0	19.0	0.0	0.0	0.0	7.0	0.0	50.0	0.0	0.0	0.0	0.0	0.0	0.0	27.0	0.0	0.0	58.0	0.0	0.0	0.0	0.0	0.0	0.0	0.0	0.0	0.0	0.0	0.0	0.0	0.0	0.0	0.0	0.0	0.0	0.0	0.0	0.0	0.0	0.0	0.0	0.0	0.0	0.0	0.0
SRR5224580	0.0	130.0	3500.0	395.0	732.0	15.0	3692.0	4002.0	2632.0	2226.0	671.0	537.0	0.0	217.0	271.0	21.0	82.0	72.0	13.0	670.0	458.0	775.0	30.0	43.0	0.0	34.0	0.0	0.0	197.0	319.0	0.0	0.0	37.0	32.0	0.0	115.0	8.0	636.0	0.0	0.0	0.0	0.0	0.0	0.0	0.0	12.0	0.0	0.0	0.0	0.0	0.0	0.0	0.0	0.0	0.0	0.0	0.0	0.0	0.0	9.0	0.0	0.0	0.0	0.0	0.0	0.0	0.0	0.0	0.0	0.0	0.0	0.0	0.0	0.0	0.0	0.0	0.0	0.0	0.0	0.0	0.0	0.0	0.0	0.0	0.0	0.0	0.0	0.0	0.0
SRR5224581	0.0	33.0	3163.0	1019.0	1134.0	0.0	4814.0	306.0	5386.0	1145.0	37.0	0.0	0.0	173.0	0.0	0.0	70.0	0.0	0.0	149.0	42.0	0.0	0.0	0.0	0.0	0.0	0.0	0.0	0.0	79.0	0.0	0.0	0.0	0.0	0.0	0.0	25.0	23.0	0.0	0.0	0.0	0.0	0.0	39.0	0.0	0.0	0.0	0.0	0.0	0.0	0.0	0.0	0.0	0.0	0.0	0.0	0.0	0.0	0.0	0.0	0.0	0.0	0.0	0.0	0.0	0.0	0.0	0.0	0.0	0.0	0.0	0.0	0.0	0.0	0.0	0.0	0.0	0.0	0.0	0.0	0.0	0.0	0.0	0.0	0.0	0.0	0.0	0.0	0.0
SRR5224582	0.0	57.0	2449.0	739.0	705.0	37.0	1708.0	3126.0	1331.0	1153.0	340.0	335.0	0.0	229.0	327.0	0.0	24.0	7.0	0.0	612.0	22.0	376.0	56.0	0.0	0.0	54.0	0.0	0.0	111.0	259.0	110.0	16.0	43.0	37.0	0.0	0.0	0.0	125.0	0.0	0.0	0.0	0.0	0.0	0.0	0.0	0.0	0.0	31.0	0.0	0.0	0.0	0.0	0.0	0.0	0.0	0.0	0.0	0.0	0.0	0.0	0.0	0.0	0.0	0.0	0.0	0.0	0.0	0.0	0.0	0.0	0.0	0.0	0.0	0.0	0.0	0.0	0.0	0.0	0.0	0.0	0.0	0.0	0.0	0.0	0.0	0.0	0.0	0.0	0.0
SRR5224583	0.0	184.0	3088.0	251.0	737.0	13.0	2415.0	987.0	1871.0	2697.0	309.0	289.0	0.0	94.0	235.0	0.0	45.0	17.0	98.0	269.0	192.0	355.0	94.0	0.0	0.0	0.0	0.0	0.0	75.0	320.0	16.0	0.0	30.0	150.0	6.0	145.0	14.0	248.0	0.0	0.0	0.0	0.0	0.0	0.0	0.0	20.0	0.0	0.0	0.0	0.0	0.0	0.0	0.0	0.0	0.0	0.0	0.0	0.0	0.0	0.0	0.0	0.0	0.0	0.0	0.0	0.0	0.0	0.0	0.0	0.0	0.0	0.0	0.0	0.0	0.0	0.0	0.0	0.0	0.0	0.0	0.0	0.0	0.0	0.0	0.0	0.0	0.0	0.0	0.0
SRR5224585	0.0	59.0	3431.0	804.0	1398.0	27.0	2317.0	691.0	5354.0	1589.0	162.0	152.0	0.0	340.0	42.0	36.0	105.0	161.0	177.0	386.0	353.0	488.0	99.0	0.0	0.0	121.0	0.0	0.0	39.0	704.0	0.0	0.0	217.0	59.0	0.0	0.0	56.0	31.0	0.0	0.0	31.0	0.0	0.0	0.0	0.0	9.0	0.0	0.0	0.0	0.0	0.0	67.0	0.0	0.0	0.0	0.0	0.0	0.0	0.0	0.0	0.0	25.0	0.0	0.0	0.0	0.0	0.0	0.0	0.0	0.0	0.0	0.0	0.0	0.0	0.0	0.0	0.0	0.0	0.0	0.0	0.0	0.0	0.0	0.0	0.0	0.0	0.0	0.0	0.0
SRR5224586	0.0	67.0	2602.0	570.0	769.0	0.0	2884.0	3256.0	3520.0	1912.0	408.0	256.0	8.0	74.0	117.0	0.0	44.0	0.0	10.0	263.0	250.0	424.0	35.0	0.0	0.0	0.0	51.0	0.0	125.0	368.0	193.0	0.0	98.0	97.0	0.0	0.0	0.0	0.0	0.0	0.0	15.0	0.0	0.0	0.0	0.0	0.0	0.0	0.0	0.0	0.0	0.0	0.0	0.0	0.0	0.0	0.0	0.0	0.0	0.0	0.0	0.0	0.0	0.0	0.0	0.0	0.0	0.0	0.0	0.0	0.0	0.0	0.0	0.0	0.0	0.0	0.0	0.0	0.0	0.0	0.0	0.0	0.0	0.0	0.0	0.0	0.0	0.0	0.0	0.0
SRR5224587	0.0	0.0	2126.0	284.0	345.0	0.0	2670.0	721.0	5232.0	1430.0	53.0	123.0	0.0	76.0	0.0	0.0	44.0	18.0	20.0	102.0	4.0	0.0	0.0	0.0	0.0	20.0	27.0	0.0	0.0	72.0	59.0	0.0	0.0	35.0	0.0	0.0	0.0	0.0	0.0	0.0	0.0	0.0	0.0	0.0	0.0	0.0	0.0	0.0	0.0	0.0	0.0	0.0	0.0	0.0	0.0	0.0	0.0	0.0	0.0	0.0	0.0	0.0	0.0	0.0	0.0	0.0	0.0	0.0	0.0	0.0	0.0	0.0	0.0	0.0	0.0	0.0	0.0	0.0	0.0	0.0	0.0	0.0	0.0	0.0	0.0	0.0	0.0	0.0	0.0
SRR5224588	24.0	13.0	2975.0	624.0	1010.0	22.0	1811.0	4689.0	1574.0	1427.0	243.0	494.0	45.0	259.0	161.0	0.0	0.0	231.0	33.0	786.0	508.0	939.0	0.0	18.0	0.0	34.0	162.0	0.0	300.0	257.0	129.0	0.0	175.0	15.0	0.0	0.0	35.0	0.0	0.0	0.0	64.0	0.0	0.0	0.0	0.0	0.0	0.0	0.0	0.0	0.0	0.0	15.0	0.0	0.0	0.0	0.0	20.0	0.0	0.0	0.0	0.0	0.0	0.0	0.0	0.0	0.0	0.0	0.0	0.0	0.0	0.0	0.0	0.0	0.0	0.0	0.0	0.0	0.0	0.0	0.0	0.0	0.0	0.0	0.0	0.0	0.0	0.0	0.0	0.0
SRR5224589	24.0	153.0	5200.0	816.0	1093.0	75.0	2877.0	4339.0	4658.0	3676.0	567.0	884.0	0.0	254.0	215.0	0.0	83.0	0.0	0.0	554.0	918.0	885.0	0.0	0.0	0.0	150.0	0.0	0.0	259.0	737.0	0.0	50.0	352.0	34.0	0.0	229.0	0.0	261.0	0.0	115.0	75.0	0.0	0.0	0.0	0.0	12.0	0.0	0.0	68.0	0.0	0.0	0.0	69.0	0.0	62.0	0.0	23.0	0.0	0.0	0.0	0.0	12.0	0.0	0.0	0.0	0.0	0.0	0.0	0.0	0.0	0.0	0.0	0.0	0.0	0.0	0.0	0.0	0.0	0.0	0.0	0.0	0.0	0.0	0.0	0.0	0.0	0.0	0.0	0.0
SRR5224590	0.0	82.0	4450.0	727.0	798.0	0.0	2399.0	955.0	5366.0	1812.0	65.0	136.0	0.0	49.0	0.0	0.0	0.0	0.0	17.0	291.0	798.0	0.0	26.0	0.0	0.0	0.0	0.0	0.0	0.0	286.0	0.0	0.0	0.0	36.0	0.0	47.0	0.0	23.0	0.0	0.0	8.0	0.0	0.0	0.0	0.0	0.0	0.0	0.0	0.0	0.0	0.0	0.0	29.0	0.0	0.0	0.0	0.0	0.0	0.0	0.0	0.0	0.0	0.0	0.0	0.0	0.0	0.0	0.0	0.0	0.0	0.0	0.0	0.0	0.0	0.0	0.0	0.0	0.0	0.0	0.0	0.0	0.0	0.0	0.0	0.0	0.0	0.0	0.0	0.0
SRR5224591	25.0	135.0	3290.0	1249.0	1134.0	120.0	2452.0	3033.0	3581.0	4149.0	842.0	1202.0	0.0	272.0	266.0	0.0	10.0	0.0	48.0	646.0	27.0	701.0	111.0	24.0	0.0	0.0	0.0	11.0	147.0	161.0	120.0	0.0	64.0	30.0	0.0	126.0	0.0	556.0	0.0	84.0	0.0	10.0	0.0	0.0	0.0	0.0	33.0	0.0	0.0	6.0	0.0	17.0	0.0	0.0	89.0	0.0	0.0	8.0	0.0	0.0	0.0	0.0	0.0	0.0	0.0	0.0	0.0	0.0	0.0	0.0	0.0	0.0	0.0	0.0	0.0	0.0	0.0	0.0	0.0	0.0	0.0	0.0	0.0	0.0	0.0	0.0	0.0	0.0	0.0
SRR5224592	54.0	201.0	5529.0	1885.0	2251.0	116.0	4556.0	6017.0	3316.0	4701.0	1168.0	2124.0	0.0	221.0	366.0	0.0	179.0	45.0	40.0	931.0	530.0	2000.0	128.0	45.0	0.0	242.0	0.0	14.0	293.0	782.0	0.0	0.0	553.0	30.0	29.0	65.0	0.0	493.0	0.0	87.0	48.0	20.0	0.0	0.0	0.0	33.0	0.0	0.0	27.0	26.0	0.0	20.0	0.0	0.0	0.0	0.0	36.0	13.0	45.0	13.0	0.0	0.0	0.0	0.0	0.0	22.0	0.0	0.0	0.0	0.0	0.0	0.0	0.0	0.0	0.0	0.0	0.0	0.0	0.0	0.0	0.0	0.0	0.0	0.0	0.0	0.0	0.0	0.0	0.0
SRR5224593	0.0	0.0	2486.0	847.0	440.0	0.0	2911.0	550.0	3656.0	1509.0	22.0	0.0	0.0	0.0	0.0	0.0	0.0	0.0	0.0	106.0	124.0	0.0	126.0	0.0	0.0	0.0	0.0	0.0	0.0	172.0	0.0	0.0	29.0	50.0	29.0	0.0	0.0	0.0	0.0	0.0	0.0	0.0	0.0	0.0	0.0	0.0	0.0	0.0	0.0	0.0	0.0	0.0	0.0	0.0	0.0	0.0	0.0	0.0	27.0	0.0	0.0	0.0	0.0	0.0	0.0	0.0	0.0	0.0	0.0	0.0	0.0	0.0	0.0	0.0	0.0	0.0	0.0	0.0	0.0	0.0	0.0	0.0	0.0	0.0	0.0	0.0	0.0	0.0	0.0
SRR5224594	0.0	0.0	2508.0	476.0	936.0	0.0	2014.0	2991.0	1754.0	1689.0	844.0	579.0	0.0	131.0	0.0	0.0	25.0	0.0	0.0	298.0	37.0	892.0	51.0	28.0	0.0	10.0	78.0	0.0	69.0	197.0	46.0	0.0	94.0	70.0	0.0	0.0	0.0	41.0	0.0	59.0	0.0	0.0	0.0	0.0	0.0	17.0	0.0	0.0	0.0	0.0	0.0	0.0	0.0	0.0	0.0	0.0	21.0	0.0	0.0	0.0	0.0	0.0	0.0	0.0	0.0	0.0	0.0	0.0	0.0	0.0	0.0	0.0	0.0	0.0	0.0	0.0	0.0	0.0	0.0	0.0	0.0	0.0	0.0	0.0	0.0	0.0	0.0	0.0	0.0
SRR5224597	27.0	0.0	2317.0	121.0	309.0	50.0	2201.0	2577.0	985.0	2800.0	656.0	822.0	0.0	331.0	107.0	0.0	0.0	104.0	0.0	1306.0	8.0	234.0	15.0	0.0	0.0	0.0	0.0	0.0	0.0	57.0	0.0	0.0	41.0	26.0	0.0	0.0	0.0	60.0	0.0	0.0	0.0	44.0	0.0	0.0	0.0	29.0	0.0	0.0	0.0	0.0	0.0	0.0	0.0	0.0	0.0	0.0	18.0	0.0	0.0	0.0	0.0	0.0	0.0	0.0	0.0	0.0	0.0	0.0	0.0	0.0	0.0	0.0	0.0	0.0	0.0	0.0	0.0	0.0	0.0	0.0	0.0	0.0	0.0	0.0	0.0	0.0	0.0	0.0	0.0
SRR5224598	0.0	0.0	2362.0	481.0	907.0	0.0	2668.0	1983.0	4171.0	1458.0	428.0	85.0	0.0	0.0	125.0	0.0	0.0	0.0	51.0	341.0	33.0	337.0	41.0	0.0	0.0	20.0	0.0	0.0	55.0	161.0	30.0	0.0	19.0	24.0	0.0	0.0	0.0	39.0	0.0	0.0	0.0	0.0	0.0	0.0	0.0	0.0	0.0	0.0	0.0	0.0	0.0	0.0	0.0	0.0	0.0	0.0	0.0	0.0	0.0	0.0	0.0	0.0	0.0	0.0	0.0	0.0	0.0	0.0	0.0	0.0	0.0	0.0	0.0	0.0	0.0	0.0	0.0	0.0	0.0	0.0	0.0	0.0	0.0	0.0	0.0	0.0	0.0	0.0	0.0
SRR5224599	0.0	0.0	2690.0	213.0	109.0	0.0	2043.0	391.0	2951.0	1188.0	146.0	22.0	0.0	0.0	0.0	0.0	0.0	0.0	0.0	132.0	0.0	12.0	176.0	0.0	0.0	0.0	0.0	0.0	0.0	47.0	0.0	0.0	0.0	0.0	0.0	0.0	0.0	0.0	0.0	0.0	0.0	0.0	0.0	0.0	0.0	0.0	0.0	0.0	0.0	0.0	0.0	0.0	0.0	0.0	0.0	0.0	0.0	0.0	0.0	0.0	0.0	0.0	0.0	0.0	0.0	0.0	0.0	0.0	0.0	0.0	0.0	0.0	0.0	0.0	0.0	0.0	0.0	0.0	0.0	0.0	0.0	0.0	0.0	0.0	0.0	0.0	0.0	0.0	0.0
SRR5224600	0.0	0.0	3101.0	1244.0	1685.0	59.0	2569.0	5504.0	2811.0	1958.0	550.0	548.0	22.0	304.0	169.0	0.0	72.0	82.0	34.0	690.0	913.0	1149.0	108.0	64.0	72.0	81.0	271.0	0.0	270.0	216.0	24.0	0.0	169.0	115.0	0.0	0.0	0.0	41.0	0.0	16.0	20.0	0.0	0.0	0.0	0.0	0.0	0.0	32.0	0.0	12.0	0.0	7.0	0.0	0.0	0.0	0.0	76.0	0.0	0.0	0.0	0.0	0.0	0.0	0.0	0.0	0.0	0.0	0.0	0.0	0.0	0.0	0.0	0.0	7.0	0.0	0.0	0.0	15.0	0.0	0.0	0.0	0.0	0.0	0.0	0.0	0.0	0.0	0.0	0.0
SRR5224601	0.0	59.0	1509.0	729.0	676.0	42.0	1356.0	954.0	2210.0	788.0	166.0	139.0	11.0	36.0	0.0	36.0	60.0	0.0	0.0	9.0	241.0	207.0	54.0	31.0	16.0	58.0	0.0	0.0	104.0	391.0	59.0	0.0	123.0	0.0	0.0	61.0	0.0	0.0	0.0	0.0	36.0	0.0	0.0	16.0	0.0	0.0	0.0	44.0	0.0	8.0	0.0	0.0	0.0	0.0	0.0	0.0	0.0	0.0	0.0	0.0	0.0	0.0	0.0	0.0	0.0	0.0	0.0	0.0	0.0	0.0	0.0	0.0	0.0	0.0	0.0	0.0	0.0	0.0	0.0	0.0	0.0	0.0	0.0	0.0	0.0	0.0	0.0	0.0	0.0
SRR5224603	0.0	0.0	2229.0	330.0	425.0	0.0	1396.0	1888.0	2216.0	1827.0	601.0	269.0	0.0	132.0	0.0	0.0	0.0	0.0	0.0	409.0	22.0	139.0	0.0	0.0	0.0	0.0	0.0	0.0	41.0	108.0	31.0	0.0	83.0	109.0	0.0	0.0	0.0	0.0	0.0	0.0	0.0	0.0	0.0	0.0	0.0	0.0	0.0	0.0	0.0	0.0	0.0	0.0	0.0	0.0	0.0	0.0	0.0	0.0	0.0	0.0	0.0	0.0	0.0	0.0	0.0	0.0	0.0	0.0	0.0	0.0	0.0	0.0	0.0	0.0	0.0	0.0	0.0	0.0	0.0	0.0	0.0	0.0	0.0	0.0	0.0	0.0	0.0	0.0	0.0
SRR5224604	0.0	0.0	2769.0	461.0	219.0	0.0	2171.0	149.0	4031.0	1792.0	0.0	0.0	0.0	0.0	0.0	0.0	0.0	7.0	0.0	91.0	60.0	0.0	0.0	0.0	0.0	0.0	0.0	0.0	0.0	51.0	0.0	0.0	0.0	0.0	0.0	0.0	13.0	0.0	0.0	0.0	0.0	0.0	0.0	0.0	0.0	0.0	0.0	0.0	0.0	0.0	0.0	0.0	0.0	0.0	0.0	0.0	0.0	0.0	0.0	0.0	0.0	0.0	0.0	0.0	0.0	0.0	0.0	0.0	0.0	0.0	0.0	0.0	0.0	0.0	0.0	0.0	0.0	0.0	0.0	0.0	0.0	0.0	0.0	0.0	0.0	0.0	0.0	0.0	0.0
SRR5224605	14.0	24.0	3742.0	1439.0	2146.0	31.0	3601.0	3054.0	4234.0	3752.0	925.0	1124.0	0.0	412.0	297.0	0.0	0.0	353.0	417.0	693.0	334.0	761.0	166.0	0.0	0.0	45.0	24.0	0.0	313.0	560.0	0.0	0.0	139.0	80.0	0.0	0.0	0.0	348.0	0.0	0.0	45.0	0.0	0.0	34.0	0.0	0.0	45.0	0.0	0.0	0.0	0.0	0.0	0.0	0.0	39.0	0.0	11.0	0.0	0.0	0.0	0.0	36.0	0.0	0.0	0.0	0.0	0.0	0.0	0.0	0.0	0.0	0.0	0.0	0.0	0.0	0.0	0.0	0.0	0.0	0.0	0.0	0.0	0.0	0.0	0.0	0.0	0.0	0.0	0.0
SRR5224607	0.0	0.0	2504.0	692.0	247.0	0.0	3315.0	868.0	5108.0	1516.0	150.0	0.0	0.0	0.0	0.0	0.0	0.0	19.0	0.0	135.0	0.0	0.0	0.0	0.0	0.0	0.0	0.0	0.0	0.0	102.0	0.0	0.0	0.0	0.0	0.0	0.0	0.0	20.0	0.0	0.0	0.0	0.0	0.0	0.0	0.0	0.0	0.0	0.0	0.0	0.0	0.0	0.0	0.0	0.0	0.0	0.0	0.0	0.0	0.0	0.0	0.0	0.0	0.0	0.0	0.0	0.0	0.0	0.0	0.0	0.0	0.0	0.0	0.0	0.0	0.0	0.0	0.0	0.0	0.0	0.0	0.0	0.0	0.0	0.0	0.0	0.0	0.0	0.0	0.0
SRR5224608	25.0	0.0	2744.0	381.0	369.0	19.0	2293.0	3938.0	1657.0	3877.0	506.0	1131.0	0.0	118.0	307.0	0.0	0.0	61.0	0.0	920.0	18.0	706.0	163.0	0.0	0.0	0.0	0.0	0.0	145.0	125.0	39.0	0.0	64.0	114.0	0.0	124.0	0.0	288.0	0.0	0.0	9.0	27.0	0.0	0.0	0.0	22.0	31.0	0.0	0.0	0.0	0.0	0.0	0.0	0.0	0.0	0.0	34.0	0.0	0.0	0.0	0.0	0.0	0.0	0.0	0.0	0.0	0.0	0.0	0.0	0.0	0.0	0.0	0.0	0.0	0.0	0.0	0.0	8.0	0.0	0.0	0.0	0.0	0.0	0.0	0.0	0.0	0.0	0.0	0.0
SRR5224609	0.0	8.0	3162.0	335.0	655.0	21.0	3045.0	3341.0	2071.0	2715.0	715.0	618.0	0.0	164.0	199.0	7.0	58.0	94.0	0.0	396.0	179.0	570.0	0.0	0.0	0.0	64.0	0.0	0.0	87.0	390.0	0.0	26.0	256.0	69.0	0.0	101.0	0.0	51.0	0.0	0.0	0.0	0.0	0.0	0.0	0.0	0.0	0.0	28.0	10.0	0.0	0.0	0.0	0.0	0.0	43.0	0.0	0.0	12.0	0.0	0.0	0.0	0.0	0.0	0.0	0.0	0.0	0.0	0.0	0.0	0.0	0.0	0.0	0.0	0.0	0.0	0.0	0.0	0.0	0.0	0.0	0.0	0.0	0.0	0.0	0.0	0.0	0.0	0.0	0.0
SRR5224610	0.0	0.0	2428.0	202.0	114.0	0.0	2327.0	0.0	3324.0	1639.0	86.0	0.0	0.0	0.0	0.0	0.0	0.0	0.0	0.0	82.0	0.0	0.0	0.0	0.0	0.0	0.0	0.0	0.0	0.0	0.0	0.0	0.0	0.0	0.0	0.0	0.0	0.0	0.0	0.0	0.0	0.0	0.0	0.0	0.0	0.0	0.0	0.0	0.0	0.0	0.0	0.0	0.0	0.0	0.0	0.0	0.0	0.0	0.0	0.0	0.0	0.0	0.0	0.0	0.0	0.0	0.0	0.0	0.0	0.0	0.0	0.0	0.0	0.0	0.0	0.0	0.0	0.0	0.0	0.0	0.0	0.0	0.0	0.0	0.0	0.0	0.0	0.0	0.0	0.0
SRR5224611	50.0	0.0	3820.0	454.0	1457.0	19.0	2569.0	4541.0	3588.0	1318.0	484.0	208.0	0.0	68.0	225.0	34.0	48.0	88.0	19.0	500.0	303.0	734.0	67.0	70.0	36.0	38.0	206.0	0.0	0.0	277.0	28.0	0.0	236.0	67.0	0.0	25.0	5.0	76.0	0.0	0.0	111.0	34.0	0.0	0.0	0.0	0.0	0.0	0.0	0.0	0.0	0.0	7.0	0.0	0.0	0.0	0.0	0.0	5.0	0.0	0.0	0.0	0.0	0.0	0.0	0.0	0.0	0.0	0.0	0.0	0.0	0.0	0.0	0.0	0.0	0.0	0.0	0.0	0.0	0.0	0.0	0.0	0.0	0.0	0.0	0.0	0.0	0.0	0.0	0.0
SRR5224614	0.0	0.0	2115.0	237.0	851.0	0.0	1273.0	2998.0	1959.0	1237.0	335.0	195.0	0.0	48.0	246.0	0.0	15.0	15.0	7.0	703.0	96.0	539.0	74.0	11.0	0.0	84.0	13.0	0.0	27.0	152.0	11.0	0.0	0.0	171.0	0.0	0.0	0.0	128.0	0.0	13.0	16.0	0.0	0.0	0.0	0.0	6.0	0.0	0.0	0.0	0.0	0.0	0.0	0.0	0.0	0.0	0.0	0.0	0.0	0.0	0.0	0.0	0.0	0.0	0.0	0.0	0.0	0.0	0.0	0.0	0.0	0.0	0.0	0.0	0.0	0.0	0.0	0.0	0.0	0.0	0.0	0.0	0.0	0.0	0.0	0.0	0.0	0.0	0.0	0.0
SRR5224617	0.0	17.0	2079.0	809.0	1200.0	33.0	1995.0	3097.0	2626.0	1378.0	280.0	169.0	0.0	55.0	129.0	0.0	32.0	0.0	19.0	557.0	270.0	722.0	51.0	37.0	31.0	59.0	30.0	0.0	0.0	250.0	74.0	0.0	83.0	145.0	0.0	96.0	18.0	117.0	0.0	0.0	22.0	0.0	0.0	0.0	0.0	0.0	0.0	0.0	0.0	0.0	0.0	0.0	0.0	0.0	0.0	0.0	0.0	0.0	0.0	0.0	0.0	0.0	0.0	0.0	0.0	0.0	0.0	0.0	0.0	0.0	0.0	0.0	0.0	0.0	0.0	0.0	0.0	0.0	0.0	0.0	0.0	0.0	0.0	0.0	0.0	0.0	0.0	0.0	0.0
SRR5224618	23.0	0.0	3080.0	737.0	637.0	76.0	2690.0	2484.0	2800.0	1262.0	544.0	187.0	0.0	142.0	140.0	0.0	140.0	0.0	0.0	402.0	92.0	585.0	56.0	23.0	0.0	81.0	5.0	0.0	113.0	337.0	54.0	0.0	103.0	127.0	0.0	137.0	0.0	101.0	0.0	0.0	40.0	0.0	0.0	0.0	0.0	0.0	0.0	0.0	0.0	7.0	0.0	0.0	0.0	0.0	55.0	0.0	0.0	16.0	0.0	0.0	0.0	0.0	0.0	0.0	0.0	0.0	0.0	0.0	0.0	0.0	0.0	0.0	0.0	0.0	0.0	0.0	0.0	0.0	0.0	0.0	0.0	0.0	0.0	0.0	0.0	0.0	0.0	0.0	0.0
SRR5224619	0.0	21.0	2699.0	1080.0	751.0	3.0	2269.0	581.0	3925.0	2223.0	0.0	0.0	0.0	203.0	0.0	0.0	163.0	42.0	0.0	42.0	10.0	19.0	110.0	0.0	0.0	54.0	0.0	0.0	0.0	95.0	15.0	0.0	0.0	15.0	0.0	0.0	0.0	0.0	0.0	0.0	0.0	0.0	0.0	79.0	0.0	0.0	0.0	0.0	0.0	0.0	0.0	15.0	0.0	0.0	0.0	0.0	0.0	0.0	0.0	0.0	0.0	0.0	0.0	0.0	0.0	0.0	0.0	0.0	0.0	0.0	0.0	0.0	0.0	0.0	0.0	0.0	0.0	0.0	0.0	0.0	0.0	0.0	0.0	0.0	0.0	0.0	0.0	0.0	0.0
SRR5224620	29.0	0.0	2822.0	323.0	367.0	0.0	1439.0	2644.0	2252.0	1743.0	444.0	364.0	0.0	0.0	105.0	0.0	15.0	0.0	0.0	283.0	181.0	262.0	33.0	8.0	0.0	15.0	36.0	0.0	68.0	154.0	130.0	0.0	55.0	57.0	3.0	212.0	0.0	124.0	0.0	0.0	0.0	0.0	0.0	0.0	0.0	0.0	0.0	0.0	0.0	0.0	0.0	0.0	0.0	0.0	0.0	0.0	0.0	0.0	0.0	0.0	0.0	0.0	0.0	0.0	0.0	0.0	0.0	0.0	0.0	0.0	0.0	0.0	0.0	0.0	0.0	0.0	0.0	0.0	0.0	0.0	0.0	0.0	0.0	0.0	0.0	0.0	0.0	0.0	0.0
SRR5224622	85.0	0.0	3922.0	849.0	1668.0	80.0	2862.0	5462.0	2456.0	1926.0	656.0	406.0	23.0	631.0	236.0	10.0	56.0	239.0	43.0	469.0	259.0	1331.0	42.0	83.0	19.0	77.0	122.0	0.0	107.0	295.0	43.0	0.0	308.0	54.0	0.0	0.0	12.0	235.0	0.0	83.0	17.0	0.0	0.0	0.0	0.0	0.0	0.0	46.0	25.0	0.0	0.0	0.0	0.0	0.0	0.0	0.0	0.0	0.0	5.0	0.0	0.0	0.0	0.0	0.0	0.0	0.0	0.0	0.0	0.0	0.0	0.0	0.0	0.0	0.0	0.0	0.0	0.0	0.0	0.0	0.0	0.0	0.0	0.0	0.0	0.0	0.0	0.0	0.0	0.0
SRR5224623	0.0	0.0	4119.0	1393.0	1063.0	30.0	2796.0	3409.0	2902.0	1378.0	543.0	80.0	87.0	261.0	115.0	73.0	8.0	41.0	55.0	386.0	414.0	705.0	41.0	0.0	0.0	77.0	188.0	0.0	110.0	305.0	118.0	0.0	0.0	89.0	0.0	214.0	14.0	47.0	0.0	21.0	66.0	0.0	19.0	91.0	0.0	0.0	0.0	0.0	0.0	0.0	0.0	0.0	0.0	0.0	0.0	9.0	0.0	0.0	0.0	0.0	0.0	0.0	0.0	0.0	0.0	0.0	0.0	0.0	0.0	0.0	0.0	0.0	0.0	0.0	0.0	0.0	0.0	0.0	0.0	0.0	0.0	0.0	0.0	0.0	0.0	0.0	0.0	0.0	0.0
SRR5224624	0.0	0.0	3394.0	1431.0	1195.0	0.0	2152.0	1396.0	4710.0	1126.0	360.0	0.0	81.0	41.0	0.0	23.0	0.0	0.0	39.0	128.0	228.0	8.0	130.0	0.0	0.0	0.0	34.0	0.0	0.0	52.0	26.0	0.0	0.0	0.0	0.0	16.0	0.0	0.0	0.0	0.0	0.0	0.0	14.0	31.0	0.0	0.0	0.0	0.0	0.0	0.0	0.0	0.0	0.0	0.0	0.0	0.0	0.0	0.0	0.0	0.0	0.0	0.0	0.0	0.0	0.0	0.0	0.0	0.0	0.0	0.0	0.0	0.0	0.0	0.0	0.0	0.0	0.0	0.0	0.0	0.0	0.0	0.0	0.0	0.0	0.0	0.0	0.0	0.0	0.0
SRR5224625	136.0	87.0	4499.0	1977.0	2515.0	0.0	5139.0	5514.0	5778.0	3280.0	441.0	771.0	49.0	509.0	370.0	0.0	256.0	202.0	198.0	829.0	801.0	1763.0	233.0	40.0	0.0	79.0	58.0	0.0	524.0	442.0	43.0	0.0	180.0	160.0	0.0	0.0	36.0	162.0	0.0	57.0	146.0	0.0	0.0	0.0	0.0	35.0	0.0	29.0	0.0	0.0	0.0	0.0	0.0	0.0	0.0	0.0	28.0	0.0	0.0	0.0	0.0	0.0	0.0	0.0	0.0	0.0	0.0	0.0	0.0	0.0	0.0	0.0	0.0	0.0	0.0	0.0	0.0	0.0	0.0	0.0	0.0	0.0	0.0	0.0	0.0	0.0	0.0	0.0	0.0
SRR5224628	10.0	44.0	3786.0	973.0	1767.0	0.0	3458.0	3042.0	4128.0	2368.0	571.0	572.0	0.0	273.0	96.0	0.0	0.0	0.0	231.0	254.0	67.0	816.0	0.0	0.0	10.0	0.0	15.0	0.0	0.0	408.0	87.0	0.0	422.0	74.0	0.0	223.0	0.0	150.0	0.0	0.0	0.0	0.0	0.0	0.0	0.0	7.0	164.0	0.0	0.0	0.0	0.0	0.0	0.0	0.0	45.0	0.0	0.0	0.0	0.0	0.0	0.0	0.0	0.0	0.0	0.0	0.0	0.0	0.0	0.0	0.0	0.0	0.0	0.0	0.0	0.0	0.0	0.0	0.0	0.0	0.0	0.0	0.0	0.0	0.0	0.0	0.0	0.0	0.0	0.0
SRR5224629	0.0	0.0	2489.0	0.0	326.0	27.0	1634.0	1591.0	1194.0	1748.0	498.0	334.0	0.0	0.0	0.0	0.0	0.0	0.0	0.0	49.0	0.0	135.0	0.0	0.0	0.0	31.0	0.0	0.0	61.0	358.0	8.0	0.0	42.0	66.0	0.0	0.0	0.0	35.0	0.0	0.0	0.0	0.0	0.0	0.0	0.0	0.0	0.0	0.0	0.0	0.0	0.0	0.0	0.0	0.0	22.0	0.0	0.0	0.0	0.0	0.0	0.0	0.0	0.0	0.0	0.0	0.0	0.0	0.0	0.0	0.0	0.0	0.0	0.0	0.0	0.0	0.0	0.0	0.0	0.0	0.0	0.0	0.0	0.0	0.0	0.0	0.0	0.0	0.0	0.0
SRR5224630	0.0	132.0	4300.0	1314.0	1398.0	0.0	5843.0	922.0	6959.0	3014.0	0.0	299.0	0.0	0.0	0.0	0.0	0.0	22.0	30.0	237.0	165.0	0.0	0.0	0.0	0.0	106.0	0.0	0.0	40.0	430.0	0.0	0.0	38.0	65.0	0.0	0.0	0.0	0.0	0.0	0.0	0.0	0.0	0.0	0.0	0.0	0.0	0.0	0.0	0.0	8.0	0.0	0.0	0.0	0.0	0.0	0.0	0.0	0.0	0.0	0.0	0.0	0.0	0.0	0.0	0.0	0.0	0.0	0.0	0.0	0.0	0.0	0.0	0.0	0.0	0.0	0.0	0.0	0.0	0.0	0.0	0.0	0.0	0.0	0.0	0.0	0.0	0.0	0.0	0.0
SRR5224631	82.0	43.0	2266.0	480.0	800.0	0.0	1379.0	3722.0	1471.0	2048.0	157.0	925.0	0.0	238.0	175.0	0.0	9.0	74.0	15.0	587.0	101.0	655.0	83.0	19.0	0.0	0.0	0.0	0.0	0.0	206.0	76.0	0.0	17.0	98.0	0.0	49.0	0.0	131.0	0.0	13.0	26.0	19.0	0.0	0.0	0.0	20.0	0.0	0.0	0.0	0.0	0.0	0.0	0.0	0.0	0.0	0.0	0.0	4.0	0.0	0.0	0.0	0.0	0.0	0.0	0.0	0.0	0.0	0.0	0.0	0.0	0.0	0.0	0.0	0.0	0.0	0.0	0.0	0.0	0.0	0.0	0.0	0.0	0.0	0.0	0.0	0.0	0.0	0.0	0.0
SRR5224632	0.0	0.0	2083.0	268.0	537.0	33.0	1841.0	913.0	1664.0	1879.0	272.0	120.0	0.0	28.0	48.0	0.0	32.0	0.0	0.0	210.0	172.0	175.0	48.0	0.0	0.0	31.0	0.0	0.0	63.0	173.0	21.0	0.0	35.0	57.0	0.0	0.0	0.0	91.0	0.0	0.0	14.0	0.0	0.0	0.0	0.0	0.0	0.0	13.0	0.0	0.0	0.0	0.0	0.0	0.0	0.0	0.0	0.0	0.0	0.0	0.0	0.0	0.0	0.0	0.0	0.0	0.0	0.0	0.0	0.0	0.0	0.0	0.0	0.0	0.0	0.0	0.0	0.0	0.0	0.0	0.0	0.0	0.0	0.0	0.0	0.0	0.0	0.0	0.0	0.0
SRR5224633	0.0	69.0	3822.0	1309.0	1640.0	0.0	4322.0	787.0	5913.0	3042.0	389.0	437.0	0.0	35.0	0.0	23.0	0.0	42.0	26.0	302.0	234.0	0.0	186.0	0.0	0.0	100.0	0.0	0.0	18.0	201.0	0.0	0.0	0.0	86.0	35.0	0.0	0.0	0.0	0.0	0.0	0.0	0.0	0.0	0.0	0.0	0.0	0.0	0.0	0.0	0.0	0.0	0.0	0.0	0.0	0.0	0.0	0.0	0.0	39.0	0.0	0.0	0.0	0.0	0.0	0.0	0.0	0.0	0.0	0.0	0.0	0.0	0.0	0.0	0.0	0.0	0.0	0.0	0.0	0.0	0.0	0.0	0.0	0.0	0.0	0.0	0.0	0.0	0.0	0.0
SRR5224634	21.0	6.0	1667.0	116.0	309.0	0.0	877.0	2024.0	545.0	2296.0	272.0	497.0	0.0	153.0	152.0	0.0	0.0	0.0	0.0	691.0	0.0	354.0	0.0	6.0	0.0	0.0	0.0	0.0	0.0	89.0	47.0	0.0	0.0	139.0	0.0	27.0	0.0	107.0	0.0	26.0	0.0	0.0	0.0	0.0	0.0	0.0	0.0	0.0	0.0	0.0	0.0	0.0	0.0	0.0	0.0	0.0	25.0	0.0	0.0	0.0	0.0	0.0	0.0	0.0	0.0	0.0	0.0	0.0	0.0	0.0	0.0	0.0	0.0	0.0	0.0	0.0	0.0	0.0	0.0	0.0	0.0	0.0	0.0	0.0	0.0	0.0	0.0	0.0	0.0
SRR5224635	0.0	14.0	2419.0	795.0	718.0	0.0	1423.0	2858.0	2863.0	1669.0	248.0	157.0	11.0	101.0	189.0	0.0	46.0	3.0	7.0	436.0	71.0	664.0	46.0	0.0	0.0	0.0	0.0	0.0	95.0	324.0	42.0	0.0	127.0	53.0	0.0	0.0	0.0	133.0	0.0	0.0	9.0	0.0	0.0	0.0	0.0	0.0	0.0	0.0	0.0	0.0	0.0	0.0	0.0	0.0	0.0	0.0	0.0	0.0	0.0	0.0	0.0	0.0	0.0	0.0	0.0	0.0	0.0	0.0	0.0	0.0	0.0	0.0	0.0	0.0	0.0	0.0	0.0	0.0	0.0	0.0	0.0	0.0	0.0	0.0	0.0	0.0	0.0	0.0	0.0
SRR5224636	0.0	0.0	1756.0	304.0	324.0	0.0	1558.0	897.0	2855.0	1742.0	38.0	28.0	0.0	21.0	0.0	0.0	0.0	0.0	16.0	347.0	52.0	0.0	21.0	0.0	0.0	0.0	0.0	0.0	0.0	68.0	11.0	0.0	0.0	20.0	0.0	0.0	0.0	0.0	0.0	0.0	0.0	0.0	0.0	0.0	0.0	0.0	0.0	0.0	0.0	0.0	0.0	0.0	0.0	0.0	0.0	0.0	0.0	0.0	0.0	0.0	0.0	0.0	0.0	0.0	0.0	0.0	0.0	0.0	0.0	0.0	0.0	0.0	0.0	0.0	0.0	0.0	0.0	0.0	0.0	0.0	0.0	0.0	0.0	0.0	0.0	0.0	0.0	0.0	0.0
SRR5224637	0.0	17.0	2960.0	262.0	725.0	37.0	2003.0	2377.0	2421.0	1239.0	276.0	270.0	0.0	86.0	100.0	0.0	12.0	95.0	0.0	288.0	85.0	437.0	73.0	0.0	0.0	14.0	0.0	0.0	61.0	215.0	37.0	0.0	120.0	68.0	0.0	316.0	0.0	420.0	0.0	0.0	22.0	0.0	0.0	62.0	0.0	0.0	23.0	0.0	0.0	0.0	0.0	0.0	0.0	0.0	44.0	0.0	0.0	0.0	17.0	0.0	43.0	0.0	0.0	0.0	0.0	0.0	0.0	10.0	0.0	0.0	36.0	0.0	0.0	0.0	0.0	0.0	0.0	0.0	0.0	0.0	10.0	0.0	0.0	0.0	22.0	0.0	0.0	0.0	0.0
SRR5224638	0.0	48.0	2880.0	1504.0	515.0	0.0	2057.0	688.0	4108.0	775.0	16.0	0.0	0.0	182.0	0.0	0.0	0.0	0.0	24.0	75.0	0.0	0.0	175.0	0.0	0.0	25.0	0.0	0.0	0.0	55.0	0.0	0.0	0.0	0.0	0.0	21.0	0.0	0.0	0.0	0.0	0.0	0.0	0.0	37.0	0.0	0.0	0.0	0.0	0.0	0.0	0.0	0.0	0.0	0.0	0.0	0.0	0.0	0.0	0.0	0.0	0.0	0.0	0.0	0.0	0.0	0.0	0.0	0.0	0.0	0.0	0.0	0.0	0.0	0.0	0.0	0.0	0.0	0.0	0.0	0.0	0.0	0.0	0.0	0.0	0.0	0.0	0.0	0.0	0.0
SRR5224639	0.0	36.0	1664.0	344.0	61.0	13.0	1331.0	1070.0	1299.0	2967.0	701.0	573.0	0.0	174.0	170.0	0.0	0.0	0.0	32.0	563.0	24.0	446.0	157.0	0.0	0.0	28.0	0.0	0.0	71.0	225.0	35.0	0.0	28.0	0.0	0.0	0.0	0.0	522.0	0.0	26.0	0.0	0.0	0.0	0.0	0.0	0.0	17.0	0.0	0.0	0.0	0.0	0.0	0.0	0.0	0.0	0.0	0.0	0.0	0.0	0.0	0.0	0.0	0.0	0.0	0.0	0.0	0.0	0.0	0.0	0.0	0.0	0.0	0.0	0.0	0.0	0.0	0.0	0.0	0.0	0.0	0.0	0.0	0.0	0.0	0.0	0.0	0.0	0.0	0.0
SRR5224640	29.0	55.0	2495.0	538.0	1061.0	0.0	1576.0	4967.0	2512.0	1599.0	339.0	561.0	0.0	179.0	275.0	19.0	116.0	39.0	15.0	692.0	92.0	588.0	90.0	0.0	0.0	0.0	10.0	0.0	91.0	321.0	116.0	0.0	132.0	124.0	0.0	235.0	0.0	501.0	0.0	0.0	13.0	0.0	0.0	0.0	0.0	0.0	0.0	26.0	0.0	0.0	0.0	0.0	0.0	0.0	0.0	0.0	0.0	0.0	0.0	0.0	77.0	0.0	0.0	0.0	0.0	0.0	0.0	0.0	0.0	0.0	29.0	0.0	0.0	0.0	0.0	0.0	0.0	0.0	0.0	0.0	10.0	0.0	0.0	0.0	0.0	0.0	0.0	0.0	0.0
SRR5224641	0.0	0.0	2409.0	445.0	821.0	0.0	2021.0	804.0	4330.0	2139.0	71.0	54.0	0.0	0.0	0.0	0.0	87.0	18.0	0.0	386.0	46.0	59.0	46.0	0.0	0.0	17.0	0.0	0.0	0.0	0.0	16.0	0.0	0.0	0.0	8.0	0.0	0.0	26.0	0.0	0.0	0.0	0.0	0.0	0.0	0.0	0.0	0.0	0.0	0.0	0.0	0.0	0.0	0.0	0.0	0.0	0.0	0.0	0.0	0.0	0.0	0.0	0.0	0.0	0.0	0.0	0.0	0.0	0.0	0.0	0.0	0.0	0.0	0.0	0.0	0.0	0.0	0.0	0.0	0.0	0.0	0.0	0.0	0.0	0.0	0.0	0.0	0.0	0.0	0.0
SRR5224642	0.0	0.0	2781.0	964.0	848.0	0.0	2707.0	2138.0	2831.0	2248.0	286.0	266.0	0.0	234.0	0.0	10.0	63.0	29.0	33.0	263.0	143.0	753.0	77.0	0.0	9.0	0.0	0.0	0.0	127.0	548.0	29.0	0.0	379.0	30.0	0.0	265.0	0.0	397.0	0.0	0.0	0.0	0.0	0.0	0.0	0.0	0.0	0.0	0.0	0.0	0.0	0.0	0.0	0.0	0.0	30.0	0.0	0.0	0.0	0.0	0.0	0.0	0.0	0.0	0.0	0.0	0.0	0.0	0.0	0.0	0.0	0.0	10.0	0.0	0.0	0.0	0.0	0.0	0.0	0.0	0.0	0.0	0.0	0.0	0.0	0.0	0.0	0.0	0.0	0.0
SRR5224643	0.0	0.0	3179.0	909.0	1404.0	84.0	3168.0	3622.0	2401.0	1624.0	215.0	521.0	0.0	198.0	167.0	0.0	74.0	101.0	0.0	527.0	219.0	741.0	25.0	0.0	0.0	23.0	59.0	0.0	154.0	293.0	147.0	0.0	282.0	121.0	0.0	104.0	12.0	200.0	0.0	64.0	66.0	0.0	0.0	102.0	0.0	0.0	0.0	0.0	0.0	0.0	0.0	6.0	0.0	0.0	92.0	14.0	0.0	0.0	0.0	0.0	0.0	0.0	0.0	0.0	0.0	0.0	0.0	0.0	0.0	0.0	0.0	0.0	53.0	0.0	0.0	11.0	0.0	0.0	0.0	0.0	0.0	0.0	0.0	0.0	0.0	0.0	0.0	0.0	0.0
SRR5224644	0.0	0.0	3747.0	1540.0	1979.0	0.0	3103.0	1308.0	5277.0	1323.0	147.0	0.0	0.0	93.0	0.0	0.0	14.0	124.0	32.0	283.0	229.0	43.0	0.0	0.0	0.0	42.0	0.0	0.0	0.0	47.0	57.0	0.0	0.0	23.0	0.0	78.0	8.0	0.0	0.0	0.0	24.0	0.0	0.0	188.0	0.0	0.0	0.0	0.0	0.0	0.0	0.0	0.0	0.0	0.0	0.0	0.0	0.0	0.0	0.0	0.0	0.0	0.0	0.0	0.0	0.0	0.0	0.0	0.0	0.0	0.0	0.0	0.0	0.0	0.0	0.0	0.0	0.0	0.0	0.0	0.0	0.0	0.0	0.0	0.0	0.0	0.0	0.0	0.0	0.0
SRR5224645	0.0	32.0	1531.0	726.0	771.0	12.0	2028.0	1442.0	2698.0	978.0	404.0	174.0	0.0	197.0	103.0	0.0	44.0	155.0	19.0	264.0	0.0	106.0	73.0	0.0	0.0	0.0	0.0	0.0	0.0	212.0	32.0	0.0	48.0	65.0	0.0	0.0	0.0	66.0	0.0	0.0	14.0	0.0	0.0	0.0	0.0	0.0	0.0	0.0	0.0	5.0	0.0	0.0	0.0	0.0	0.0	0.0	0.0	0.0	0.0	0.0	0.0	0.0	0.0	0.0	0.0	0.0	0.0	0.0	0.0	0.0	0.0	0.0	0.0	0.0	0.0	0.0	0.0	0.0	0.0	0.0	0.0	0.0	0.0	0.0	0.0	0.0	0.0	0.0	0.0
SRR5224646	0.0	0.0	3058.0	1116.0	925.0	0.0	4139.0	3298.0	3521.0	3984.0	303.0	686.0	0.0	153.0	164.0	0.0	85.0	95.0	37.0	390.0	95.0	514.0	43.0	9.0	3.0	76.0	0.0	0.0	63.0	297.0	66.0	0.0	172.0	119.0	0.0	0.0	19.0	147.0	0.0	28.0	14.0	0.0	0.0	0.0	0.0	17.0	0.0	0.0	0.0	0.0	0.0	0.0	0.0	0.0	0.0	0.0	0.0	0.0	0.0	0.0	0.0	0.0	0.0	0.0	0.0	0.0	0.0	0.0	0.0	0.0	0.0	0.0	0.0	0.0	0.0	0.0	0.0	0.0	0.0	0.0	0.0	0.0	0.0	0.0	0.0	0.0	0.0	0.0	0.0
SRR5224648	0.0	299.0	3535.0	1292.0	950.0	267.0	2467.0	1691.0	3293.0	3217.0	2089.0	1396.0	24.0	265.0	238.0	13.0	93.0	273.0	34.0	386.0	173.0	1447.0	71.0	46.0	28.0	0.0	25.0	0.0	146.0	901.0	0.0	0.0	711.0	146.0	0.0	0.0	0.0	224.0	0.0	59.0	70.0	0.0	0.0	0.0	0.0	28.0	0.0	0.0	54.0	0.0	0.0	25.0	0.0	15.0	155.0	0.0	0.0	0.0	74.0	0.0	0.0	30.0	0.0	0.0	0.0	0.0	0.0	0.0	0.0	0.0	0.0	0.0	18.0	0.0	0.0	0.0	13.0	0.0	0.0	0.0	0.0	0.0	0.0	0.0	0.0	0.0	0.0	0.0	0.0
SRR5224660	0.0	209.0	1304.0	136.0	419.0	0.0	689.0	997.0	1542.0	1532.0	1487.0	925.0	0.0	7.0	148.0	0.0	40.0	40.0	144.0	413.0	298.0	410.0	0.0	0.0	5.0	0.0	0.0	0.0	299.0	473.0	68.0	0.0	138.0	103.0	14.0	106.0	0.0	261.0	0.0	27.0	38.0	0.0	0.0	0.0	0.0	12.0	31.0	16.0	0.0	0.0	39.0	0.0	0.0	0.0	58.0	0.0	0.0	0.0	9.0	0.0	0.0	57.0	0.0	0.0	0.0	0.0	0.0	0.0	0.0	0.0	0.0	0.0	9.0	0.0	0.0	0.0	0.0	0.0	0.0	0.0	0.0	0.0	0.0	0.0	0.0	0.0	0.0	0.0	0.0
SRR5224672	0.0	117.0	1603.0	0.0	614.0	59.0	735.0	1895.0	1276.0	1185.0	1329.0	1618.0	0.0	94.0	140.0	14.0	29.0	12.0	3.0	570.0	264.0	559.0	0.0	31.0	0.0	0.0	17.0	0.0	260.0	640.0	31.0	0.0	371.0	77.0	0.0	0.0	0.0	198.0	0.0	0.0	19.0	0.0	0.0	0.0	0.0	0.0	28.0	0.0	25.0	0.0	0.0	0.0	0.0	0.0	0.0	0.0	0.0	0.0	0.0	0.0	0.0	41.0	0.0	0.0	0.0	0.0	0.0	0.0	0.0	0.0	0.0	14.0	0.0	0.0	0.0	0.0	0.0	0.0	0.0	0.0	0.0	0.0	0.0	0.0	0.0	0.0	0.0	0.0	0.0
SRR5224682	0.0	110.0	2059.0	455.0	804.0	0.0	793.0	2303.0	1429.0	1833.0	1405.0	1692.0	9.0	0.0	227.0	13.0	23.0	163.0	0.0	388.0	68.0	605.0	0.0	0.0	8.0	0.0	41.0	0.0	137.0	765.0	47.0	48.0	424.0	64.0	0.0	0.0	0.0	281.0	0.0	0.0	10.0	0.0	0.0	0.0	0.0	15.0	28.0	131.0	13.0	8.0	0.0	0.0	0.0	0.0	147.0	0.0	0.0	0.0	0.0	0.0	0.0	0.0	0.0	0.0	0.0	21.0	0.0	0.0	0.0	0.0	0.0	0.0	0.0	0.0	0.0	0.0	0.0	0.0	0.0	27.0	0.0	0.0	0.0	0.0	0.0	0.0	6.0	0.0	0.0
SRR5224694	0.0	48.0	2001.0	299.0	559.0	0.0	1059.0	2343.0	1132.0	883.0	1166.0	1162.0	0.0	216.0	152.0	0.0	57.0	49.0	0.0	441.0	105.0	324.0	0.0	0.0	18.0	59.0	93.0	0.0	54.0	355.0	155.0	0.0	141.0	130.0	0.0	0.0	23.0	67.0	0.0	35.0	34.0	0.0	0.0	29.0	0.0	16.0	0.0	30.0	0.0	44.0	0.0	0.0	0.0	0.0	57.0	0.0	0.0	0.0	0.0	0.0	0.0	0.0	0.0	0.0	0.0	11.0	0.0	0.0	0.0	0.0	0.0	0.0	0.0	0.0	0.0	0.0	0.0	0.0	0.0	0.0	0.0	0.0	0.0	0.0	0.0	0.0	0.0	0.0	0.0
SRR5224697	0.0	19.0	1542.0	471.0	511.0	0.0	994.0	2179.0	1663.0	1711.0	611.0	448.0	0.0	183.0	114.0	0.0	21.0	162.0	25.0	486.0	203.0	180.0	47.0	0.0	0.0	26.0	0.0	0.0	58.0	306.0	0.0	0.0	60.0	65.0	0.0	209.0	0.0	460.0	0.0	0.0	0.0	0.0	0.0	0.0	0.0	0.0	0.0	0.0	0.0	6.0	0.0	0.0	0.0	0.0	0.0	0.0	0.0	0.0	13.0	0.0	0.0	0.0	0.0	0.0	0.0	0.0	0.0	0.0	0.0	0.0	0.0	0.0	24.0	0.0	0.0	0.0	0.0	0.0	0.0	0.0	0.0	0.0	0.0	0.0	0.0	0.0	0.0	0.0	0.0
SRR5224699	0.0	0.0	1961.0	299.0	448.0	0.0	2711.0	103.0	3482.0	2417.0	124.0	33.0	0.0	0.0	0.0	0.0	8.0	0.0	18.0	153.0	278.0	8.0	0.0	0.0	13.0	0.0	0.0	0.0	0.0	133.0	0.0	0.0	0.0	0.0	0.0	0.0	0.0	0.0	0.0	0.0	0.0	0.0	0.0	0.0	0.0	0.0	0.0	0.0	0.0	0.0	7.0	0.0	0.0	0.0	0.0	0.0	0.0	0.0	0.0	0.0	0.0	0.0	0.0	0.0	0.0	0.0	0.0	0.0	0.0	0.0	0.0	0.0	0.0	0.0	0.0	0.0	0.0	0.0	0.0	0.0	0.0	0.0	0.0	0.0	0.0	0.0	0.0	0.0	0.0
SRR5224710	0.0	0.0	2254.0	116.0	0.0	0.0	3966.0	0.0	2784.0	807.0	247.0	0.0	0.0	0.0	22.0	0.0	0.0	0.0	0.0	65.0	150.0	0.0	0.0	0.0	0.0	0.0	0.0	0.0	0.0	0.0	0.0	0.0	0.0	0.0	0.0	0.0	0.0	0.0	0.0	0.0	0.0	0.0	0.0	0.0	0.0	0.0	0.0	0.0	0.0	0.0	0.0	0.0	0.0	0.0	0.0	0.0	0.0	0.0	0.0	0.0	0.0	0.0	0.0	0.0	0.0	0.0	0.0	0.0	0.0	0.0	0.0	0.0	0.0	0.0	0.0	0.0	0.0	0.0	0.0	0.0	0.0	0.0	0.0	0.0	0.0	0.0	0.0	0.0	0.0
SRR5224718	0.0	143.0	3930.0	634.0	1039.0	102.0	2407.0	2993.0	2902.0	3150.0	680.0	1403.0	0.0	140.0	265.0	0.0	89.0	20.0	45.0	440.0	53.0	1082.0	19.0	0.0	0.0	0.0	35.0	0.0	159.0	243.0	46.0	0.0	367.0	132.0	0.0	48.0	7.0	98.0	0.0	11.0	0.0	0.0	0.0	147.0	0.0	31.0	0.0	66.0	0.0	0.0	0.0	34.0	0.0	0.0	57.0	0.0	0.0	0.0	0.0	0.0	0.0	0.0	0.0	0.0	0.0	0.0	0.0	0.0	0.0	0.0	0.0	0.0	0.0	0.0	0.0	0.0	0.0	0.0	0.0	0.0	0.0	0.0	0.0	0.0	0.0	0.0	0.0	0.0	0.0
SRR5224721	0.0	262.0	3460.0	1276.0	869.0	205.0	2432.0	2629.0	3047.0	5764.0	449.0	1834.0	9.0	466.0	298.0	14.0	0.0	0.0	10.0	869.0	34.0	694.0	86.0	0.0	0.0	0.0	0.0	0.0	240.0	206.0	37.0	0.0	83.0	190.0	0.0	0.0	0.0	281.0	0.0	57.0	0.0	0.0	0.0	0.0	0.0	0.0	0.0	0.0	0.0	8.0	0.0	0.0	0.0	0.0	0.0	0.0	24.0	0.0	0.0	0.0	0.0	0.0	0.0	0.0	0.0	27.0	0.0	0.0	0.0	0.0	0.0	0.0	0.0	0.0	0.0	0.0	0.0	20.0	0.0	0.0	0.0	0.0	0.0	0.0	0.0	0.0	0.0	0.0	0.0
SRR5224730	0.0	110.0	3228.0	387.0	909.0	127.0	1972.0	3225.0	1697.0	3276.0	1680.0	1019.0	10.0	72.0	251.0	0.0	14.0	0.0	58.0	532.0	218.0	896.0	0.0	32.0	52.0	0.0	42.0	0.0	121.0	393.0	136.0	0.0	155.0	52.0	0.0	222.0	0.0	202.0	0.0	0.0	50.0	0.0	0.0	0.0	0.0	31.0	31.0	0.0	18.0	9.0	0.0	0.0	0.0	0.0	0.0	0.0	0.0	0.0	0.0	0.0	0.0	33.0	0.0	0.0	0.0	0.0	0.0	0.0	0.0	0.0	0.0	0.0	0.0	0.0	0.0	0.0	0.0	0.0	0.0	0.0	0.0	0.0	0.0	0.0	0.0	0.0	0.0	0.0	0.0
SRR5224742	13.0	38.0	1867.0	121.0	621.0	76.0	995.0	2378.0	1399.0	2522.0	504.0	1577.0	0.0	57.0	162.0	0.0	8.0	0.0	0.0	610.0	330.0	852.0	27.0	0.0	0.0	0.0	0.0	0.0	43.0	357.0	55.0	0.0	270.0	85.0	0.0	235.0	0.0	260.0	0.0	0.0	0.0	0.0	0.0	0.0	0.0	0.0	0.0	0.0	38.0	0.0	0.0	53.0	0.0	0.0	0.0	0.0	0.0	0.0	0.0	0.0	0.0	26.0	0.0	0.0	0.0	0.0	0.0	0.0	0.0	0.0	0.0	0.0	0.0	0.0	0.0	0.0	0.0	0.0	0.0	0.0	0.0	0.0	0.0	0.0	0.0	0.0	0.0	0.0	0.0
SRR5224753	0.0	41.0	2235.0	159.0	385.0	0.0	3266.0	65.0	5811.0	1717.0	286.0	0.0	0.0	0.0	0.0	0.0	0.0	0.0	34.0	123.0	247.0	0.0	0.0	0.0	0.0	0.0	0.0	0.0	0.0	211.0	0.0	0.0	0.0	0.0	0.0	0.0	0.0	0.0	0.0	0.0	11.0	0.0	0.0	0.0	0.0	0.0	0.0	0.0	0.0	0.0	25.0	0.0	0.0	0.0	0.0	0.0	0.0	0.0	21.0	0.0	0.0	0.0	0.0	0.0	0.0	0.0	0.0	0.0	0.0	0.0	0.0	0.0	0.0	0.0	0.0	0.0	0.0	0.0	0.0	0.0	0.0	0.0	0.0	0.0	0.0	0.0	0.0	0.0	0.0
SRR5224772	0.0	0.0	1377.0	487.0	589.0	0.0	743.0	1980.0	2660.0	366.0	294.0	352.0	0.0	98.0	71.0	30.0	0.0	53.0	22.0	500.0	534.0	123.0	37.0	0.0	0.0	0.0	197.0	0.0	46.0	410.0	45.0	0.0	51.0	33.0	26.0	0.0	0.0	125.0	0.0	0.0	69.0	0.0	0.0	0.0	0.0	0.0	0.0	0.0	0.0	5.0	0.0	0.0	0.0	0.0	0.0	0.0	0.0	0.0	0.0	0.0	0.0	0.0	0.0	0.0	0.0	0.0	0.0	0.0	0.0	0.0	0.0	0.0	0.0	0.0	0.0	0.0	0.0	0.0	0.0	0.0	0.0	0.0	0.0	0.0	0.0	0.0	0.0	0.0	0.0
SRR5224789	0.0	0.0	2657.0	1310.0	736.0	0.0	1974.0	985.0	2821.0	698.0	79.0	0.0	0.0	54.0	30.0	0.0	69.0	92.0	16.0	135.0	16.0	138.0	55.0	0.0	0.0	0.0	0.0	19.0	0.0	234.0	0.0	0.0	0.0	66.0	0.0	0.0	0.0	0.0	0.0	0.0	0.0	0.0	0.0	0.0	0.0	0.0	0.0	0.0	0.0	0.0	0.0	0.0	0.0	0.0	0.0	0.0	0.0	0.0	9.0	0.0	0.0	0.0	0.0	0.0	0.0	0.0	0.0	0.0	0.0	0.0	0.0	0.0	0.0	0.0	0.0	0.0	0.0	0.0	0.0	0.0	0.0	0.0	0.0	0.0	0.0	0.0	0.0	0.0	0.0
SRR5224790	6.0	37.0	1163.0	398.0	746.0	0.0	1327.0	1316.0	2218.0	892.0	427.0	182.0	0.0	67.0	163.0	0.0	66.0	92.0	5.0	373.0	154.0	380.0	88.0	0.0	0.0	46.0	109.0	0.0	54.0	351.0	0.0	0.0	0.0	53.0	29.0	112.0	2.0	131.0	0.0	0.0	53.0	0.0	0.0	0.0	0.0	0.0	0.0	0.0	12.0	0.0	0.0	0.0	0.0	0.0	30.0	0.0	0.0	0.0	0.0	0.0	0.0	0.0	0.0	0.0	0.0	0.0	0.0	0.0	0.0	0.0	0.0	0.0	0.0	0.0	0.0	0.0	0.0	0.0	0.0	0.0	0.0	0.0	0.0	0.0	0.0	0.0	0.0	0.0	0.0
SRR5224796	0.0	0.0	1800.0	426.0	1196.0	30.0	2398.0	2417.0	2630.0	928.0	357.0	443.0	0.0	243.0	175.0	16.0	40.0	206.0	26.0	553.0	424.0	375.0	53.0	0.0	49.0	70.0	115.0	0.0	81.0	228.0	78.0	0.0	0.0	58.0	8.0	0.0	5.0	43.0	0.0	0.0	22.0	0.0	0.0	0.0	0.0	0.0	0.0	0.0	0.0	16.0	0.0	0.0	0.0	0.0	0.0	0.0	0.0	0.0	0.0	0.0	0.0	0.0	0.0	0.0	0.0	0.0	0.0	0.0	0.0	0.0	0.0	0.0	0.0	0.0	0.0	0.0	0.0	0.0	0.0	0.0	0.0	0.0	0.0	0.0	0.0	0.0	0.0	0.0	0.0
SRR5224801	0.0	0.0	1326.0	938.0	643.0	60.0	2473.0	912.0	2382.0	548.0	42.0	0.0	0.0	78.0	0.0	0.0	81.0	125.0	15.0	0.0	0.0	47.0	69.0	0.0	0.0	27.0	0.0	0.0	0.0	133.0	0.0	0.0	21.0	28.0	0.0	0.0	0.0	0.0	0.0	0.0	0.0	0.0	0.0	0.0	0.0	0.0	0.0	0.0	0.0	0.0	0.0	0.0	0.0	0.0	0.0	0.0	0.0	0.0	0.0	0.0	0.0	0.0	0.0	0.0	0.0	0.0	0.0	0.0	0.0	0.0	0.0	0.0	0.0	0.0	0.0	0.0	0.0	0.0	0.0	0.0	0.0	0.0	0.0	0.0	0.0	0.0	0.0	0.0	0.0
SRR5224804	0.0	0.0	1121.0	884.0	426.0	0.0	1816.0	613.0	2649.0	1519.0	120.0	0.0	0.0	22.0	0.0	3.0	107.0	63.0	0.0	273.0	0.0	23.0	68.0	0.0	0.0	0.0	0.0	0.0	0.0	150.0	0.0	0.0	0.0	0.0	11.0	0.0	0.0	0.0	0.0	0.0	0.0	0.0	0.0	0.0	0.0	0.0	0.0	0.0	0.0	0.0	0.0	0.0	0.0	0.0	0.0	0.0	0.0	0.0	0.0	0.0	0.0	0.0	0.0	0.0	0.0	0.0	0.0	0.0	0.0	0.0	0.0	0.0	0.0	0.0	0.0	0.0	0.0	0.0	0.0	0.0	0.0	0.0	0.0	0.0	0.0	0.0	0.0	0.0	0.0
SRR5224805	0.0	0.0	2353.0	337.0	850.0	0.0	1179.0	2398.0	1749.0	782.0	310.0	178.0	0.0	153.0	156.0	15.0	0.0	172.0	0.0	427.0	124.0	648.0	57.0	0.0	0.0	0.0	308.0	0.0	0.0	60.0	194.0	0.0	0.0	32.0	0.0	0.0	0.0	67.0	0.0	20.0	33.0	0.0	5.0	0.0	0.0	0.0	0.0	0.0	0.0	0.0	0.0	0.0	0.0	0.0	0.0	0.0	0.0	0.0	0.0	0.0	0.0	0.0	0.0	0.0	0.0	0.0	0.0	0.0	0.0	0.0	0.0	0.0	0.0	0.0	0.0	0.0	0.0	0.0	0.0	0.0	0.0	0.0	0.0	0.0	0.0	0.0	0.0	0.0	0.0
SRR5224808	8.0	0.0	2006.0	518.0	1212.0	0.0	1748.0	2605.0	2552.0	1147.0	265.0	239.0	0.0	101.0	197.0	15.0	73.0	24.0	0.0	659.0	243.0	542.0	113.0	0.0	0.0	61.0	38.0	0.0	14.0	347.0	44.0	0.0	0.0	129.0	0.0	0.0	0.0	146.0	0.0	0.0	23.0	0.0	0.0	0.0	0.0	0.0	0.0	0.0	0.0	0.0	0.0	0.0	0.0	0.0	0.0	0.0	0.0	0.0	0.0	0.0	0.0	0.0	0.0	0.0	0.0	0.0	0.0	0.0	0.0	0.0	0.0	0.0	0.0	0.0	0.0	0.0	0.0	0.0	0.0	0.0	0.0	0.0	0.0	0.0	0.0	0.0	0.0	0.0	0.0
SRR5224814	0.0	0.0	2090.0	408.0	780.0	0.0	1975.0	2891.0	2117.0	1301.0	339.0	272.0	0.0	277.0	426.0	12.0	13.0	5.0	46.0	764.0	73.0	620.0	81.0	0.0	14.0	61.0	0.0	0.0	169.0	238.0	100.0	0.0	110.0	56.0	0.0	13.0	0.0	0.0	0.0	0.0	0.0	0.0	0.0	0.0	0.0	0.0	0.0	0.0	0.0	0.0	0.0	0.0	0.0	0.0	0.0	0.0	0.0	0.0	5.0	0.0	0.0	6.0	0.0	0.0	0.0	0.0	0.0	0.0	0.0	0.0	0.0	0.0	0.0	0.0	0.0	0.0	0.0	0.0	0.0	0.0	0.0	0.0	0.0	0.0	0.0	0.0	0.0	0.0	0.0
SRR5224816	0.0	18.0	2071.0	359.0	559.0	25.0	1031.0	2363.0	1441.0	813.0	477.0	77.0	0.0	108.0	197.0	80.0	30.0	188.0	0.0	527.0	150.0	517.0	91.0	0.0	18.0	44.0	416.0	44.0	44.0	127.0	120.0	0.0	110.0	0.0	0.0	0.0	0.0	75.0	0.0	0.0	49.0	0.0	0.0	0.0	0.0	0.0	0.0	0.0	0.0	0.0	0.0	0.0	0.0	0.0	0.0	9.0	0.0	0.0	0.0	0.0	0.0	0.0	0.0	0.0	0.0	0.0	0.0	0.0	0.0	0.0	0.0	0.0	0.0	0.0	0.0	0.0	0.0	0.0	0.0	0.0	0.0	0.0	0.0	0.0	0.0	0.0	0.0	0.0	0.0
SRR5224822	17.0	0.0	1389.0	400.0	712.0	0.0	1233.0	2237.0	1729.0	332.0	445.0	261.0	0.0	76.0	366.0	40.0	62.0	513.0	100.0	515.0	331.0	777.0	45.0	51.0	0.0	51.0	306.0	18.0	67.0	185.0	194.0	0.0	56.0	0.0	38.0	0.0	0.0	33.0	0.0	15.0	79.0	0.0	0.0	0.0	0.0	0.0	0.0	0.0	0.0	0.0	0.0	0.0	0.0	0.0	0.0	0.0	0.0	0.0	0.0	0.0	0.0	0.0	0.0	0.0	0.0	0.0	0.0	0.0	0.0	0.0	0.0	0.0	0.0	0.0	0.0	0.0	0.0	0.0	0.0	0.0	0.0	0.0	0.0	0.0	0.0	0.0	0.0	0.0	0.0
SRR5224834	0.0	46.0	818.0	401.0	761.0	0.0	879.0	2547.0	1601.0	1229.0	227.0	170.0	0.0	50.0	106.0	9.0	0.0	45.0	0.0	680.0	89.0	637.0	87.0	0.0	0.0	0.0	12.0	0.0	176.0	85.0	25.0	0.0	35.0	55.0	0.0	0.0	0.0	80.0	0.0	0.0	33.0	0.0	0.0	0.0	0.0	0.0	0.0	0.0	0.0	0.0	0.0	0.0	0.0	0.0	0.0	0.0	0.0	0.0	0.0	0.0	0.0	0.0	0.0	0.0	0.0	0.0	0.0	0.0	0.0	0.0	0.0	0.0	0.0	0.0	0.0	0.0	0.0	0.0	0.0	0.0	0.0	0.0	0.0	0.0	0.0	0.0	0.0	0.0	0.0
SRR5224846	0.0	0.0	2079.0	435.0	903.0	0.0	1787.0	3704.0	1169.0	1163.0	519.0	469.0	0.0	193.0	197.0	51.0	0.0	333.0	24.0	608.0	998.0	1256.0	0.0	0.0	0.0	44.0	332.0	0.0	52.0	307.0	101.0	0.0	271.0	66.0	0.0	0.0	0.0	53.0	0.0	0.0	62.0	0.0	0.0	0.0	0.0	0.0	0.0	0.0	0.0	28.0	0.0	0.0	0.0	0.0	28.0	0.0	0.0	0.0	0.0	0.0	0.0	0.0	0.0	0.0	0.0	0.0	0.0	0.0	0.0	0.0	0.0	0.0	0.0	0.0	0.0	0.0	0.0	0.0	0.0	0.0	0.0	0.0	0.0	0.0	0.0	0.0	0.0	0.0	0.0
SRR5224858	0.0	0.0	1233.0	466.0	730.0	0.0	538.0	2662.0	1084.0	569.0	740.0	785.0	0.0	237.0	244.0	0.0	67.0	69.0	6.0	603.0	59.0	127.0	53.0	0.0	0.0	0.0	167.0	14.0	0.0	785.0	113.0	0.0	351.0	43.0	33.0	0.0	0.0	138.0	0.0	0.0	34.0	0.0	0.0	0.0	0.0	0.0	0.0	0.0	35.0	0.0	0.0	0.0	0.0	0.0	0.0	0.0	0.0	0.0	0.0	0.0	0.0	13.0	81.0	30.0	0.0	0.0	0.0	0.0	0.0	0.0	0.0	0.0	0.0	0.0	0.0	0.0	0.0	0.0	0.0	0.0	0.0	0.0	0.0	11.0	0.0	0.0	0.0	0.0	0.0
SRR5224863	266.0	0.0	5147.0	1128.0	1721.0	0.0	3041.0	5826.0	2823.0	1813.0	369.0	125.0	12.0	446.0	345.0	0.0	40.0	445.0	108.0	798.0	751.0	1111.0	92.0	202.0	16.0	26.0	253.0	0.0	66.0	246.0	151.0	23.0	183.0	146.0	0.0	97.0	57.0	241.0	0.0	75.0	64.0	0.0	0.0	0.0	0.0	0.0	0.0	0.0	0.0	7.0	0.0	0.0	0.0	0.0	0.0	0.0	46.0	11.0	10.0	0.0	0.0	0.0	0.0	0.0	0.0	0.0	0.0	0.0	0.0	0.0	0.0	0.0	0.0	0.0	0.0	0.0	0.0	0.0	0.0	0.0	0.0	0.0	0.0	0.0	0.0	0.0	0.0	0.0	0.0
SRR5224864	0.0	15.0	3985.0	1137.0	1774.0	31.0	3197.0	3943.0	6856.0	1518.0	203.0	60.0	0.0	240.0	347.0	0.0	281.0	76.0	36.0	480.0	812.0	360.0	41.0	16.0	0.0	91.0	0.0	0.0	199.0	797.0	55.0	0.0	58.0	94.0	0.0	148.0	0.0	203.0	0.0	0.0	73.0	0.0	0.0	0.0	0.0	0.0	0.0	0.0	0.0	0.0	0.0	0.0	0.0	0.0	0.0	0.0	0.0	6.0	20.0	0.0	0.0	0.0	0.0	0.0	0.0	0.0	0.0	0.0	0.0	0.0	0.0	0.0	0.0	0.0	0.0	0.0	0.0	0.0	0.0	0.0	0.0	0.0	0.0	0.0	0.0	0.0	0.0	0.0	0.0
SRR5224866	45.0	65.0	3212.0	573.0	702.0	0.0	1342.0	3212.0	2416.0	993.0	631.0	739.0	0.0	296.0	377.0	0.0	0.0	162.0	16.0	591.0	0.0	474.0	40.0	0.0	5.0	0.0	0.0	0.0	67.0	132.0	90.0	0.0	35.0	86.0	0.0	84.0	0.0	150.0	0.0	0.0	14.0	16.0	0.0	0.0	0.0	0.0	0.0	0.0	0.0	0.0	0.0	0.0	0.0	0.0	0.0	0.0	0.0	0.0	0.0	0.0	0.0	0.0	0.0	0.0	0.0	0.0	0.0	0.0	0.0	0.0	0.0	0.0	0.0	0.0	0.0	0.0	0.0	0.0	0.0	0.0	0.0	0.0	0.0	0.0	0.0	0.0	0.0	0.0	0.0
SRR5224867	0.0	0.0	2753.0	330.0	381.0	0.0	2740.0	1536.0	2699.0	2414.0	782.0	247.0	17.0	115.0	134.0	0.0	0.0	0.0	0.0	252.0	0.0	220.0	42.0	0.0	0.0	9.0	0.0	0.0	0.0	162.0	47.0	0.0	0.0	58.0	0.0	51.0	0.0	31.0	0.0	0.0	0.0	0.0	0.0	0.0	0.0	0.0	0.0	0.0	0.0	0.0	0.0	0.0	0.0	0.0	0.0	0.0	0.0	0.0	0.0	0.0	0.0	0.0	0.0	0.0	0.0	0.0	0.0	0.0	0.0	0.0	0.0	0.0	0.0	0.0	0.0	0.0	0.0	0.0	0.0	0.0	0.0	0.0	0.0	0.0	0.0	0.0	0.0	0.0	0.0
SRR5224868	0.0	0.0	3646.0	686.0	132.0	0.0	2674.0	198.0	3892.0	1467.0	209.0	21.0	0.0	0.0	0.0	0.0	0.0	0.0	0.0	108.0	0.0	0.0	87.0	0.0	0.0	0.0	0.0	0.0	0.0	38.0	0.0	0.0	0.0	0.0	0.0	0.0	0.0	0.0	0.0	0.0	0.0	0.0	0.0	0.0	0.0	0.0	0.0	0.0	0.0	0.0	0.0	0.0	0.0	0.0	0.0	0.0	0.0	0.0	0.0	0.0	0.0	0.0	0.0	0.0	0.0	0.0	0.0	0.0	0.0	0.0	0.0	0.0	0.0	0.0	0.0	0.0	0.0	0.0	0.0	0.0	0.0	0.0	0.0	0.0	0.0	0.0	0.0	0.0	0.0
SRR5224869	0.0	0.0	1140.0	341.0	532.0	19.0	1002.0	2599.0	1523.0	1692.0	503.0	411.0	0.0	115.0	101.0	0.0	0.0	0.0	0.0	838.0	46.0	255.0	84.0	0.0	0.0	0.0	0.0	0.0	167.0	51.0	94.0	0.0	51.0	65.0	0.0	113.0	0.0	255.0	0.0	17.0	0.0	0.0	0.0	0.0	0.0	0.0	0.0	0.0	0.0	0.0	0.0	0.0	0.0	0.0	0.0	0.0	0.0	0.0	0.0	0.0	0.0	0.0	0.0	0.0	0.0	0.0	0.0	0.0	0.0	0.0	0.0	0.0	0.0	0.0	0.0	0.0	0.0	0.0	0.0	0.0	0.0	0.0	0.0	0.0	0.0	0.0	0.0	0.0	0.0
SRR5224870	30.0	19.0	3529.0	325.0	924.0	0.0	2911.0	3904.0	2635.0	1533.0	712.0	148.0	8.0	47.0	103.0	0.0	25.0	0.0	0.0	306.0	32.0	307.0	34.0	16.0	13.0	53.0	8.0	0.0	241.0	52.0	116.0	0.0	18.0	49.0	0.0	55.0	0.0	33.0	0.0	0.0	0.0	0.0	0.0	0.0	0.0	0.0	0.0	0.0	0.0	0.0	0.0	0.0	0.0	0.0	0.0	0.0	0.0	0.0	0.0	0.0	0.0	0.0	0.0	0.0	0.0	0.0	0.0	0.0	0.0	0.0	0.0	0.0	0.0	0.0	0.0	0.0	0.0	0.0	0.0	0.0	0.0	0.0	0.0	0.0	0.0	0.0	0.0	0.0	0.0
SRR5224873	65.0	23.0	3997.0	815.0	1528.0	3.0	3397.0	4877.0	3944.0	2936.0	564.0	1016.0	0.0	189.0	304.0	7.0	76.0	147.0	0.0	343.0	530.0	853.0	90.0	0.0	10.0	207.0	11.0	0.0	172.0	611.0	82.0	0.0	279.0	120.0	0.0	160.0	0.0	197.0	0.0	27.0	55.0	0.0	0.0	0.0	0.0	8.0	0.0	0.0	0.0	49.0	20.0	0.0	0.0	0.0	0.0	0.0	0.0	0.0	22.0	0.0	0.0	0.0	0.0	0.0	0.0	0.0	0.0	0.0	0.0	0.0	0.0	0.0	0.0	0.0	0.0	0.0	0.0	0.0	0.0	0.0	0.0	0.0	0.0	0.0	0.0	0.0	0.0	0.0	0.0
SRR5224875	142.0	0.0	3398.0	778.0	1203.0	0.0	3525.0	4341.0	2619.0	1573.0	406.0	134.0	8.0	277.0	200.0	0.0	0.0	229.0	70.0	647.0	588.0	511.0	110.0	118.0	78.0	8.0	198.0	0.0	171.0	85.0	2.0	0.0	109.0	0.0	0.0	0.0	41.0	103.0	0.0	18.0	26.0	0.0	0.0	0.0	0.0	0.0	0.0	0.0	0.0	0.0	0.0	0.0	0.0	0.0	0.0	0.0	30.0	0.0	0.0	0.0	0.0	0.0	0.0	0.0	0.0	0.0	0.0	0.0	0.0	0.0	0.0	0.0	0.0	0.0	0.0	0.0	0.0	0.0	0.0	0.0	0.0	0.0	0.0	0.0	0.0	0.0	0.0	0.0	0.0
SRR5224876	61.0	18.0	3743.0	535.0	773.0	0.0	3474.0	4427.0	3598.0	3513.0	296.0	345.0	0.0	140.0	172.0	0.0	0.0	0.0	12.0	578.0	138.0	702.0	36.0	9.0	0.0	29.0	0.0	0.0	165.0	333.0	64.0	0.0	53.0	57.0	0.0	13.0	0.0	81.0	0.0	0.0	12.0	0.0	0.0	0.0	0.0	0.0	0.0	0.0	0.0	0.0	0.0	15.0	0.0	0.0	0.0	0.0	0.0	0.0	0.0	0.0	0.0	0.0	0.0	0.0	0.0	0.0	0.0	0.0	0.0	0.0	0.0	0.0	0.0	0.0	0.0	0.0	0.0	0.0	0.0	0.0	0.0	0.0	0.0	0.0	0.0	0.0	0.0	0.0	0.0
SRR5224878	33.0	0.0	3109.0	796.0	482.0	27.0	1842.0	5314.0	1464.0	3347.0	796.0	1753.0	0.0	182.0	189.0	0.0	0.0	0.0	0.0	1051.0	14.0	1062.0	78.0	0.0	0.0	0.0	0.0	0.0	146.0	159.0	69.0	0.0	95.0	33.0	0.0	167.0	30.0	605.0	0.0	76.0	18.0	79.0	0.0	0.0	0.0	28.0	0.0	0.0	0.0	0.0	0.0	49.0	0.0	0.0	0.0	0.0	0.0	0.0	0.0	0.0	0.0	0.0	0.0	0.0	0.0	0.0	0.0	0.0	0.0	0.0	0.0	0.0	0.0	0.0	0.0	0.0	0.0	0.0	0.0	0.0	0.0	0.0	0.0	0.0	0.0	0.0	0.0	0.0	0.0
SRR5224879	0.0	21.0	3283.0	421.0	682.0	9.0	2499.0	3026.0	3469.0	3146.0	462.0	245.0	0.0	98.0	297.0	0.0	19.0	74.0	0.0	471.0	56.0	429.0	33.0	13.0	0.0	41.0	0.0	0.0	85.0	184.0	69.0	0.0	61.0	49.0	0.0	0.0	0.0	37.0	0.0	0.0	11.0	0.0	0.0	0.0	0.0	0.0	0.0	46.0	0.0	0.0	0.0	0.0	0.0	0.0	25.0	0.0	0.0	0.0	0.0	0.0	0.0	0.0	0.0	0.0	0.0	0.0	0.0	0.0	0.0	0.0	0.0	0.0	0.0	0.0	0.0	0.0	0.0	0.0	0.0	0.0	0.0	0.0	0.0	0.0	0.0	0.0	0.0	0.0	0.0
SRR5224881	178.0	0.0	2743.0	761.0	845.0	0.0	2595.0	5276.0	2118.0	843.0	420.0	335.0	18.0	335.0	205.0	0.0	39.0	103.0	0.0	615.0	584.0	805.0	50.0	182.0	0.0	13.0	257.0	17.0	31.0	73.0	47.0	0.0	24.0	153.0	0.0	170.0	13.0	245.0	0.0	0.0	12.0	14.0	0.0	0.0	0.0	0.0	14.0	0.0	0.0	0.0	0.0	0.0	0.0	0.0	0.0	0.0	0.0	0.0	0.0	0.0	0.0	0.0	0.0	0.0	0.0	0.0	0.0	0.0	0.0	0.0	0.0	0.0	0.0	0.0	0.0	0.0	0.0	0.0	0.0	0.0	0.0	0.0	0.0	0.0	0.0	0.0	0.0	0.0	0.0
SRR5224882	42.0	0.0	4200.0	1545.0	1680.0	59.0	2554.0	4838.0	5679.0	1196.0	251.0	152.0	39.0	288.0	302.0	0.0	149.0	36.0	0.0	527.0	669.0	782.0	118.0	22.0	25.0	56.0	189.0	0.0	263.0	356.0	39.0	17.0	0.0	77.0	0.0	424.0	0.0	254.0	0.0	0.0	106.0	0.0	0.0	112.0	0.0	0.0	0.0	0.0	0.0	0.0	0.0	0.0	15.0	0.0	0.0	0.0	0.0	0.0	0.0	0.0	20.0	0.0	0.0	0.0	0.0	0.0	0.0	0.0	0.0	0.0	0.0	0.0	0.0	0.0	0.0	0.0	0.0	0.0	0.0	0.0	0.0	0.0	0.0	0.0	0.0	0.0	0.0	0.0	0.0
SRR5224883	0.0	117.0	3537.0	1448.0	1258.0	0.0	2950.0	997.0	6237.0	1230.0	0.0	0.0	0.0	41.0	0.0	0.0	94.0	109.0	0.0	358.0	152.0	0.0	334.0	0.0	0.0	0.0	0.0	0.0	0.0	76.0	18.0	0.0	0.0	0.0	0.0	0.0	0.0	0.0	0.0	0.0	0.0	0.0	0.0	178.0	0.0	0.0	0.0	0.0	0.0	0.0	0.0	0.0	0.0	0.0	0.0	0.0	0.0	0.0	0.0	0.0	0.0	0.0	0.0	0.0	0.0	0.0	0.0	0.0	0.0	0.0	0.0	0.0	0.0	0.0	0.0	0.0	0.0	0.0	0.0	0.0	0.0	0.0	0.0	0.0	0.0	0.0	0.0	0.0	0.0
SRR5224884	172.0	27.0	2394.0	306.0	920.0	14.0	2120.0	4192.0	1635.0	1321.0	314.0	390.0	0.0	81.0	264.0	0.0	0.0	102.0	0.0	746.0	112.0	467.0	47.0	187.0	0.0	6.0	32.0	0.0	68.0	185.0	111.0	0.0	98.0	146.0	0.0	49.0	17.0	170.0	0.0	0.0	67.0	0.0	0.0	0.0	0.0	0.0	0.0	14.0	0.0	0.0	0.0	0.0	0.0	0.0	0.0	0.0	18.0	0.0	0.0	0.0	0.0	0.0	0.0	0.0	0.0	0.0	0.0	0.0	0.0	0.0	0.0	0.0	0.0	0.0	0.0	0.0	0.0	0.0	0.0	0.0	0.0	0.0	0.0	0.0	0.0	0.0	0.0	0.0	0.0
SRR5224885	0.0	47.0	4091.0	912.0	1024.0	0.0	3255.0	3688.0	3346.0	2915.0	594.0	607.0	0.0	138.0	102.0	0.0	14.0	33.0	17.0	539.0	168.0	794.0	197.0	0.0	0.0	52.0	0.0	0.0	0.0	319.0	44.0	0.0	125.0	189.0	0.0	181.0	40.0	959.0	0.0	0.0	15.0	0.0	0.0	0.0	0.0	22.0	0.0	0.0	0.0	12.0	0.0	0.0	0.0	0.0	0.0	0.0	21.0	5.0	20.0	0.0	0.0	0.0	0.0	0.0	0.0	0.0	0.0	0.0	0.0	0.0	0.0	0.0	0.0	0.0	0.0	0.0	0.0	0.0	0.0	0.0	9.0	0.0	0.0	0.0	0.0	0.0	0.0	0.0	0.0
SRR5224887	0.0	71.0	2672.0	278.0	828.0	13.0	2354.0	2951.0	3124.0	2051.0	515.0	1242.0	0.0	199.0	180.0	0.0	0.0	4.0	0.0	782.0	31.0	795.0	88.0	58.0	0.0	19.0	13.0	30.0	0.0	134.0	65.0	0.0	15.0	69.0	0.0	0.0	0.0	80.0	0.0	0.0	2.0	14.0	0.0	0.0	0.0	0.0	0.0	0.0	0.0	0.0	0.0	4.0	0.0	0.0	0.0	0.0	0.0	0.0	0.0	0.0	0.0	0.0	0.0	0.0	0.0	0.0	0.0	0.0	0.0	0.0	0.0	0.0	5.0	0.0	0.0	0.0	0.0	0.0	0.0	0.0	0.0	0.0	0.0	0.0	0.0	0.0	0.0	0.0	0.0
SRR5224888	0.0	7.0	3646.0	289.0	694.0	18.0	3186.0	2499.0	3741.0	2570.0	462.0	314.0	0.0	126.0	43.0	0.0	0.0	0.0	161.0	463.0	0.0	246.0	0.0	17.0	0.0	0.0	0.0	0.0	39.0	165.0	69.0	0.0	26.0	64.0	0.0	0.0	0.0	41.0	0.0	0.0	0.0	0.0	0.0	0.0	0.0	0.0	0.0	0.0	0.0	0.0	0.0	0.0	0.0	0.0	0.0	0.0	0.0	0.0	0.0	0.0	0.0	0.0	0.0	0.0	0.0	0.0	0.0	0.0	0.0	0.0	0.0	0.0	0.0	0.0	0.0	0.0	0.0	0.0	0.0	0.0	0.0	0.0	0.0	0.0	0.0	0.0	0.0	0.0	0.0
SRR5224890	150.0	14.0	3903.0	499.0	571.0	20.0	2838.0	4711.0	3261.0	2751.0	760.0	757.0	0.0	157.0	142.0	0.0	0.0	138.0	150.0	1192.0	407.0	692.0	50.0	168.0	42.0	0.0	152.0	0.0	168.0	185.0	20.0	0.0	86.0	32.0	0.0	97.0	61.0	832.0	0.0	0.0	21.0	38.0	0.0	0.0	0.0	10.0	48.0	0.0	0.0	7.0	0.0	5.0	0.0	0.0	0.0	0.0	28.0	0.0	0.0	0.0	0.0	0.0	0.0	0.0	0.0	0.0	0.0	0.0	0.0	0.0	0.0	0.0	0.0	0.0	0.0	0.0	0.0	0.0	0.0	0.0	0.0	0.0	0.0	0.0	0.0	0.0	0.0	0.0	0.0
SRR5224891	85.0	0.0	5992.0	1825.0	2266.0	22.0	5311.0	7089.0	5984.0	1216.0	353.0	151.0	130.0	291.0	314.0	44.0	193.0	98.0	38.0	761.0	1169.0	965.0	82.0	21.0	29.0	109.0	412.0	0.0	384.0	440.0	43.0	0.0	103.0	103.0	0.0	73.0	59.0	106.0	0.0	86.0	105.0	14.0	24.0	15.0	0.0	17.0	0.0	0.0	0.0	0.0	0.0	21.0	0.0	0.0	39.0	0.0	25.0	0.0	24.0	0.0	0.0	0.0	0.0	0.0	0.0	0.0	0.0	0.0	0.0	0.0	0.0	0.0	0.0	0.0	0.0	0.0	0.0	0.0	0.0	0.0	0.0	0.0	0.0	0.0	0.0	0.0	0.0	0.0	0.0
SRR5224893	0.0	35.0	2149.0	193.0	288.0	0.0	704.0	3998.0	965.0	1265.0	425.0	899.0	0.0	0.0	137.0	0.0	0.0	53.0	0.0	780.0	19.0	460.0	24.0	27.0	0.0	12.0	0.0	0.0	0.0	139.0	182.0	0.0	67.0	144.0	0.0	127.0	0.0	159.0	0.0	0.0	0.0	27.0	0.0	0.0	0.0	0.0	0.0	6.0	0.0	0.0	0.0	19.0	0.0	0.0	0.0	0.0	26.0	0.0	0.0	0.0	0.0	0.0	0.0	0.0	0.0	0.0	0.0	0.0	0.0	0.0	0.0	0.0	0.0	0.0	0.0	0.0	0.0	0.0	0.0	0.0	0.0	0.0	0.0	0.0	0.0	0.0	0.0	0.0	0.0
SRR5224894	121.0	79.0	2688.0	355.0	937.0	12.0	1861.0	4887.0	2024.0	2116.0	2.0	447.0	0.0	75.0	197.0	0.0	8.0	15.0	39.0	440.0	291.0	570.0	28.0	38.0	5.0	22.0	28.0	0.0	58.0	158.0	110.0	0.0	126.0	50.0	0.0	113.0	14.0	77.0	0.0	0.0	33.0	68.0	0.0	0.0	0.0	0.0	0.0	0.0	0.0	11.0	0.0	0.0	0.0	0.0	0.0	0.0	0.0	0.0	0.0	0.0	0.0	0.0	0.0	0.0	0.0	0.0	0.0	0.0	0.0	0.0	0.0	0.0	0.0	0.0	0.0	0.0	0.0	0.0	0.0	0.0	0.0	0.0	0.0	0.0	0.0	0.0	0.0	0.0	0.0
SRR5224897	127.0	38.0	3731.0	515.0	1232.0	0.0	2296.0	3602.0	2688.0	2125.0	298.0	946.0	25.0	167.0	178.0	0.0	0.0	0.0	0.0	418.0	356.0	707.0	35.0	34.0	18.0	0.0	70.0	0.0	121.0	166.0	33.0	27.0	54.0	98.0	0.0	74.0	19.0	161.0	0.0	0.0	17.0	73.0	0.0	0.0	0.0	0.0	17.0	0.0	0.0	5.0	0.0	34.0	0.0	0.0	0.0	0.0	0.0	0.0	0.0	0.0	0.0	0.0	0.0	0.0	0.0	0.0	0.0	0.0	0.0	0.0	0.0	0.0	0.0	0.0	0.0	0.0	0.0	0.0	0.0	0.0	0.0	0.0	0.0	0.0	0.0	0.0	0.0	0.0	0.0
SRR5224899	64.0	16.0	2035.0	174.0	339.0	0.0	1448.0	3463.0	2091.0	1102.0	216.0	710.0	0.0	0.0	241.0	0.0	0.0	0.0	0.0	531.0	42.0	313.0	60.0	16.0	0.0	0.0	0.0	0.0	89.0	0.0	21.0	0.0	49.0	44.0	0.0	214.0	0.0	132.0	0.0	0.0	34.0	22.0	0.0	0.0	0.0	0.0	0.0	0.0	0.0	0.0	0.0	30.0	35.0	0.0	0.0	0.0	0.0	0.0	0.0	0.0	0.0	0.0	0.0	0.0	0.0	0.0	0.0	0.0	0.0	0.0	0.0	0.0	0.0	0.0	0.0	0.0	0.0	0.0	0.0	0.0	0.0	0.0	0.0	0.0	0.0	0.0	0.0	0.0	0.0
SRR5224900	24.0	0.0	3528.0	719.0	1230.0	38.0	3538.0	4014.0	3223.0	2924.0	758.0	1222.0	0.0	267.0	194.0	0.0	132.0	73.0	28.0	709.0	403.0	1188.0	33.0	15.0	0.0	140.0	0.0	0.0	193.0	318.0	35.0	0.0	290.0	33.0	8.0	314.0	0.0	695.0	0.0	88.0	17.0	0.0	0.0	0.0	0.0	28.0	75.0	0.0	0.0	23.0	0.0	0.0	0.0	0.0	0.0	0.0	0.0	23.0	54.0	0.0	0.0	0.0	0.0	0.0	0.0	14.0	0.0	0.0	0.0	0.0	25.0	0.0	0.0	0.0	0.0	0.0	0.0	0.0	0.0	0.0	0.0	0.0	0.0	0.0	0.0	0.0	0.0	0.0	0.0
SRR5224901	0.0	59.0	3825.0	834.0	568.0	0.0	3798.0	642.0	5194.0	2342.0	167.0	47.0	0.0	0.0	0.0	0.0	24.0	55.0	0.0	419.0	170.0	0.0	49.0	0.0	0.0	0.0	0.0	0.0	0.0	120.0	0.0	0.0	0.0	49.0	0.0	36.0	0.0	31.0	0.0	0.0	0.0	0.0	0.0	0.0	0.0	0.0	0.0	0.0	0.0	0.0	0.0	0.0	0.0	0.0	0.0	0.0	0.0	0.0	19.0	0.0	0.0	0.0	0.0	0.0	0.0	0.0	0.0	0.0	0.0	0.0	0.0	0.0	0.0	0.0	0.0	0.0	0.0	0.0	0.0	0.0	0.0	0.0	0.0	0.0	0.0	0.0	0.0	0.0	0.0
SRR5224902	344.0	77.0	3906.0	1413.0	1653.0	85.0	3302.0	5720.0	2686.0	4002.0	886.0	1594.0	0.0	203.0	305.0	0.0	0.0	101.0	12.0	1446.0	426.0	1873.0	108.0	170.0	0.0	29.0	0.0	0.0	531.0	215.0	41.0	0.0	67.0	87.0	0.0	149.0	0.0	484.0	0.0	26.0	70.0	95.0	0.0	0.0	0.0	61.0	0.0	0.0	0.0	0.0	0.0	0.0	0.0	0.0	0.0	0.0	37.0	23.0	0.0	0.0	0.0	0.0	0.0	0.0	0.0	0.0	0.0	0.0	0.0	0.0	0.0	0.0	0.0	0.0	0.0	0.0	0.0	0.0	0.0	0.0	0.0	0.0	0.0	0.0	0.0	0.0	0.0	0.0	0.0
SRR5224903	34.0	0.0	1785.0	316.0	342.0	0.0	1850.0	2977.0	2992.0	1288.0	28.0	22.0	0.0	58.0	41.0	0.0	0.0	0.0	0.0	208.0	20.0	276.0	31.0	0.0	0.0	0.0	0.0	0.0	0.0	79.0	11.0	0.0	0.0	0.0	0.0	61.0	0.0	0.0	0.0	0.0	16.0	0.0	0.0	39.0	0.0	0.0	0.0	0.0	0.0	0.0	0.0	0.0	7.0	0.0	0.0	0.0	0.0	0.0	0.0	0.0	0.0	0.0	0.0	0.0	0.0	0.0	0.0	0.0	0.0	0.0	0.0	0.0	0.0	0.0	0.0	0.0	0.0	0.0	0.0	0.0	0.0	0.0	0.0	0.0	0.0	0.0	0.0	0.0	0.0
SRR5224904	0.0	0.0	1997.0	0.0	282.0	0.0	1400.0	1878.0	3180.0	1202.0	208.0	34.0	0.0	0.0	0.0	0.0	0.0	0.0	0.0	420.0	0.0	0.0	25.0	0.0	0.0	0.0	0.0	0.0	0.0	0.0	0.0	0.0	0.0	0.0	0.0	0.0	0.0	0.0	0.0	0.0	0.0	0.0	0.0	0.0	0.0	0.0	0.0	0.0	0.0	0.0	0.0	0.0	0.0	0.0	0.0	0.0	0.0	0.0	0.0	0.0	0.0	0.0	0.0	0.0	0.0	0.0	0.0	0.0	0.0	0.0	0.0	0.0	0.0	0.0	0.0	0.0	0.0	0.0	0.0	0.0	0.0	0.0	0.0	0.0	0.0	0.0	0.0	0.0	0.0
SRR5224905	35.0	0.0	2410.0	329.0	451.0	0.0	1558.0	3001.0	2168.0	1759.0	652.0	830.0	0.0	172.0	116.0	0.0	0.0	81.0	0.0	566.0	37.0	341.0	136.0	0.0	10.0	20.0	0.0	0.0	59.0	122.0	22.0	0.0	83.0	98.0	0.0	61.0	0.0	334.0	0.0	0.0	0.0	0.0	0.0	0.0	0.0	7.0	0.0	0.0	0.0	0.0	0.0	0.0	0.0	0.0	26.0	0.0	0.0	0.0	0.0	0.0	0.0	0.0	0.0	0.0	0.0	0.0	0.0	0.0	0.0	0.0	0.0	0.0	0.0	0.0	0.0	0.0	0.0	0.0	0.0	0.0	0.0	0.0	0.0	0.0	0.0	0.0	0.0	0.0	0.0
SRR5224906	0.0	0.0	2143.0	134.0	116.0	0.0	1828.0	1716.0	2886.0	3279.0	508.0	235.0	0.0	0.0	54.0	0.0	0.0	0.0	0.0	301.0	20.0	107.0	54.0	0.0	0.0	0.0	0.0	0.0	35.0	68.0	0.0	0.0	0.0	34.0	0.0	0.0	0.0	50.0	0.0	0.0	17.0	0.0	0.0	0.0	0.0	0.0	0.0	0.0	0.0	0.0	0.0	0.0	0.0	0.0	0.0	0.0	0.0	0.0	0.0	0.0	0.0	0.0	0.0	0.0	0.0	0.0	0.0	0.0	0.0	0.0	0.0	0.0	0.0	0.0	0.0	0.0	0.0	0.0	0.0	0.0	0.0	0.0	0.0	0.0	0.0	0.0	0.0	0.0	0.0
SRR5224907	0.0	0.0	2071.0	68.0	28.0	0.0	1484.0	441.0	2894.0	2496.0	104.0	0.0	0.0	0.0	0.0	0.0	0.0	0.0	12.0	387.0	0.0	0.0	0.0	0.0	0.0	0.0	0.0	0.0	0.0	0.0	0.0	0.0	0.0	0.0	0.0	0.0	0.0	18.0	0.0	0.0	0.0	0.0	0.0	0.0	0.0	0.0	0.0	0.0	0.0	0.0	0.0	0.0	0.0	0.0	0.0	0.0	0.0	0.0	0.0	0.0	0.0	0.0	0.0	0.0	0.0	0.0	0.0	0.0	0.0	0.0	0.0	0.0	0.0	0.0	0.0	0.0	0.0	0.0	0.0	0.0	0.0	0.0	0.0	0.0	0.0	0.0	0.0	0.0	0.0
SRR5224909	0.0	9.0	2827.0	629.0	1219.0	0.0	2783.0	1995.0	5485.0	488.0	368.0	0.0	8.0	299.0	73.0	0.0	0.0	82.0	112.0	185.0	195.0	216.0	112.0	44.0	0.0	82.0	72.0	0.0	19.0	246.0	70.0	0.0	35.0	54.0	10.0	0.0	55.0	17.0	0.0	0.0	115.0	0.0	0.0	47.0	0.0	0.0	0.0	0.0	0.0	0.0	0.0	0.0	0.0	0.0	0.0	0.0	0.0	0.0	0.0	0.0	0.0	0.0	0.0	0.0	0.0	0.0	0.0	0.0	0.0	0.0	0.0	0.0	0.0	0.0	0.0	0.0	0.0	0.0	0.0	0.0	0.0	0.0	0.0	0.0	0.0	0.0	0.0	0.0	0.0
SRR5224910	0.0	0.0	2615.0	538.0	787.0	0.0	3645.0	449.0	3530.0	853.0	164.0	0.0	0.0	183.0	0.0	0.0	0.0	44.0	189.0	200.0	29.0	0.0	60.0	0.0	0.0	34.0	0.0	0.0	0.0	0.0	0.0	0.0	0.0	0.0	0.0	0.0	154.0	0.0	0.0	0.0	0.0	0.0	0.0	282.0	0.0	0.0	0.0	0.0	0.0	0.0	0.0	0.0	0.0	0.0	0.0	0.0	0.0	0.0	0.0	0.0	0.0	0.0	0.0	0.0	0.0	0.0	0.0	0.0	0.0	0.0	0.0	0.0	0.0	0.0	0.0	0.0	0.0	0.0	0.0	0.0	0.0	0.0	0.0	0.0	0.0	0.0	0.0	0.0	0.0
SRR5224912	47.0	0.0	2134.0	329.0	740.0	0.0	1837.0	1924.0	3362.0	1248.0	232.0	416.0	0.0	126.0	150.0	0.0	0.0	57.0	34.0	344.0	156.0	268.0	0.0	0.0	0.0	113.0	0.0	0.0	64.0	130.0	0.0	0.0	37.0	148.0	0.0	0.0	0.0	0.0	0.0	0.0	57.0	0.0	0.0	0.0	0.0	0.0	0.0	42.0	23.0	0.0	0.0	0.0	0.0	0.0	0.0	0.0	0.0	0.0	21.0	0.0	0.0	0.0	0.0	0.0	0.0	0.0	0.0	0.0	0.0	0.0	0.0	0.0	0.0	0.0	0.0	0.0	0.0	0.0	0.0	0.0	0.0	0.0	0.0	0.0	0.0	0.0	0.0	0.0	0.0
SRR5224914	85.0	0.0	2386.0	529.0	1280.0	0.0	1524.0	3177.0	2470.0	870.0	470.0	68.0	3.0	130.0	80.0	0.0	53.0	120.0	69.0	570.0	203.0	618.0	45.0	157.0	10.0	27.0	0.0	0.0	0.0	225.0	115.0	0.0	88.0	78.0	8.0	102.0	0.0	155.0	0.0	17.0	46.0	0.0	0.0	0.0	0.0	0.0	0.0	0.0	0.0	0.0	0.0	0.0	0.0	0.0	0.0	0.0	0.0	0.0	0.0	0.0	0.0	0.0	0.0	0.0	0.0	0.0	0.0	0.0	0.0	0.0	0.0	0.0	0.0	0.0	0.0	0.0	0.0	0.0	0.0	0.0	0.0	0.0	0.0	0.0	0.0	0.0	0.0	0.0	0.0
SRR5224915	0.0	0.0	2133.0	404.0	589.0	0.0	1085.0	1675.0	4011.0	418.0	136.0	0.0	46.0	195.0	186.0	0.0	0.0	25.0	60.0	57.0	141.0	191.0	45.0	25.0	0.0	0.0	29.0	0.0	0.0	333.0	25.0	0.0	83.0	21.0	0.0	0.0	2.0	19.0	0.0	0.0	57.0	0.0	0.0	23.0	0.0	0.0	0.0	0.0	0.0	5.0	0.0	0.0	11.0	0.0	0.0	0.0	0.0	0.0	0.0	0.0	0.0	0.0	0.0	0.0	0.0	0.0	0.0	0.0	0.0	0.0	0.0	6.0	0.0	0.0	0.0	0.0	0.0	0.0	0.0	0.0	0.0	0.0	0.0	0.0	0.0	0.0	0.0	0.0	0.0
SRR5224916	0.0	31.0	5136.0	251.0	672.0	0.0	2597.0	50.0	6676.0	2384.0	69.0	43.0	0.0	0.0	0.0	0.0	0.0	128.0	363.0	0.0	90.0	0.0	0.0	0.0	0.0	0.0	0.0	0.0	12.0	102.0	0.0	0.0	0.0	0.0	0.0	0.0	0.0	0.0	0.0	0.0	0.0	0.0	0.0	0.0	0.0	0.0	0.0	0.0	0.0	0.0	31.0	0.0	170.0	0.0	0.0	0.0	0.0	0.0	0.0	0.0	0.0	0.0	0.0	0.0	0.0	0.0	0.0	0.0	0.0	0.0	0.0	0.0	0.0	0.0	0.0	0.0	0.0	0.0	0.0	0.0	0.0	0.0	0.0	0.0	0.0	0.0	0.0	0.0	0.0
SRR5224917	35.0	0.0	2218.0	152.0	387.0	0.0	1537.0	2536.0	1590.0	1836.0	627.0	487.0	0.0	124.0	187.0	0.0	0.0	0.0	0.0	600.0	0.0	331.0	41.0	12.0	0.0	0.0	0.0	0.0	0.0	116.0	0.0	0.0	0.0	111.0	0.0	117.0	0.0	352.0	0.0	9.0	0.0	0.0	0.0	0.0	0.0	22.0	0.0	0.0	0.0	0.0	0.0	0.0	0.0	0.0	0.0	0.0	17.0	0.0	0.0	0.0	0.0	0.0	0.0	0.0	0.0	0.0	0.0	0.0	0.0	0.0	0.0	0.0	0.0	0.0	0.0	0.0	0.0	0.0	0.0	0.0	0.0	0.0	0.0	0.0	0.0	0.0	0.0	0.0	0.0
SRR5224919	0.0	0.0	2606.0	1107.0	1078.0	0.0	2360.0	2120.0	4527.0	395.0	334.0	60.0	78.0	223.0	127.0	0.0	0.0	21.0	0.0	232.0	231.0	304.0	149.0	46.0	12.0	144.0	207.0	0.0	66.0	364.0	111.0	0.0	44.0	69.0	52.0	45.0	0.0	0.0	0.0	0.0	104.0	0.0	0.0	65.0	0.0	0.0	0.0	0.0	0.0	0.0	0.0	0.0	0.0	0.0	0.0	14.0	0.0	0.0	0.0	0.0	0.0	0.0	0.0	0.0	0.0	0.0	0.0	0.0	0.0	0.0	0.0	0.0	0.0	0.0	0.0	0.0	0.0	0.0	0.0	0.0	0.0	0.0	0.0	0.0	0.0	0.0	0.0	0.0	0.0
SRR5224920	0.0	22.0	3927.0	815.0	1697.0	0.0	4581.0	687.0	6388.0	537.0	41.0	0.0	21.0	135.0	0.0	0.0	152.0	96.0	109.0	121.0	60.0	0.0	182.0	0.0	0.0	141.0	0.0	0.0	0.0	0.0	0.0	0.0	0.0	0.0	23.0	0.0	221.0	0.0	0.0	0.0	37.0	0.0	0.0	199.0	0.0	0.0	0.0	0.0	0.0	0.0	0.0	0.0	0.0	0.0	0.0	0.0	0.0	0.0	34.0	0.0	0.0	0.0	0.0	0.0	0.0	0.0	0.0	0.0	0.0	0.0	0.0	0.0	0.0	0.0	0.0	0.0	0.0	0.0	0.0	0.0	0.0	0.0	0.0	0.0	0.0	0.0	0.0	0.0	0.0
SRR5224921	0.0	32.0	1492.0	362.0	606.0	16.0	861.0	2467.0	626.0	1860.0	627.0	904.0	0.0	115.0	170.0	0.0	0.0	0.0	0.0	675.0	0.0	656.0	20.0	0.0	0.0	15.0	0.0	0.0	0.0	110.0	106.0	0.0	0.0	105.0	0.0	36.0	0.0	114.0	0.0	25.0	17.0	0.0	0.0	0.0	0.0	16.0	0.0	0.0	0.0	0.0	0.0	0.0	0.0	0.0	0.0	0.0	0.0	0.0	0.0	0.0	0.0	0.0	0.0	0.0	0.0	0.0	0.0	0.0	0.0	0.0	0.0	0.0	0.0	0.0	0.0	0.0	0.0	0.0	0.0	0.0	0.0	0.0	0.0	0.0	0.0	0.0	0.0	0.0	0.0
SRR5224922	46.0	20.0	2759.0	267.0	764.0	0.0	2193.0	2667.0	2785.0	1168.0	536.0	239.0	0.0	0.0	162.0	10.0	0.0	12.0	0.0	296.0	0.0	232.0	26.0	16.0	0.0	22.0	0.0	0.0	0.0	167.0	28.0	0.0	49.0	121.0	0.0	36.0	0.0	0.0	0.0	0.0	0.0	0.0	0.0	0.0	0.0	0.0	0.0	46.0	0.0	8.0	0.0	0.0	0.0	0.0	0.0	0.0	0.0	0.0	0.0	0.0	0.0	0.0	0.0	0.0	0.0	0.0	0.0	0.0	0.0	0.0	0.0	0.0	0.0	0.0	0.0	0.0	0.0	0.0	0.0	0.0	0.0	0.0	0.0	0.0	0.0	0.0	0.0	0.0	0.0
SRR5224923	0.0	0.0	3276.0	998.0	381.0	0.0	4067.0	285.0	5534.0	2334.0	56.0	55.0	0.0	0.0	0.0	0.0	0.0	0.0	19.0	141.0	31.0	0.0	46.0	0.0	0.0	42.0	0.0	0.0	0.0	69.0	0.0	0.0	0.0	33.0	0.0	0.0	0.0	0.0	0.0	0.0	0.0	0.0	0.0	0.0	0.0	0.0	0.0	0.0	0.0	0.0	0.0	0.0	0.0	0.0	0.0	0.0	0.0	0.0	0.0	0.0	0.0	0.0	0.0	0.0	0.0	0.0	0.0	0.0	0.0	0.0	0.0	0.0	0.0	0.0	0.0	0.0	0.0	0.0	0.0	0.0	0.0	0.0	0.0	0.0	0.0	0.0	0.0	0.0	0.0
SRR5224924	28.0	31.0	3304.0	1372.0	1851.0	102.0	3047.0	5223.0	2933.0	1473.0	540.0	702.0	0.0	442.0	237.0	0.0	77.0	151.0	7.0	759.0	294.0	1523.0	47.0	103.0	0.0	236.0	84.0	0.0	156.0	516.0	152.0	61.0	622.0	94.0	0.0	86.0	6.0	239.0	0.0	33.0	36.0	0.0	0.0	0.0	0.0	33.0	0.0	44.0	12.0	8.0	0.0	0.0	0.0	0.0	0.0	0.0	36.0	0.0	0.0	0.0	0.0	0.0	0.0	0.0	0.0	0.0	0.0	0.0	0.0	0.0	0.0	0.0	18.0	0.0	0.0	0.0	0.0	0.0	0.0	0.0	0.0	0.0	0.0	0.0	0.0	0.0	0.0	0.0	0.0
SRR5224925	79.0	0.0	2726.0	262.0	883.0	0.0	2422.0	2702.0	4128.0	1662.0	460.0	89.0	0.0	50.0	126.0	0.0	0.0	0.0	0.0	286.0	73.0	291.0	0.0	0.0	0.0	0.0	42.0	0.0	0.0	231.0	66.0	0.0	120.0	89.0	0.0	51.0	0.0	34.0	0.0	0.0	26.0	0.0	0.0	0.0	0.0	0.0	0.0	0.0	0.0	0.0	0.0	0.0	0.0	0.0	0.0	0.0	0.0	0.0	0.0	0.0	0.0	0.0	0.0	0.0	0.0	0.0	0.0	0.0	0.0	0.0	0.0	0.0	0.0	0.0	0.0	0.0	0.0	0.0	0.0	0.0	0.0	0.0	0.0	0.0	0.0	0.0	0.0	0.0	0.0
SRR5224926	0.0	0.0	3090.0	433.0	303.0	0.0	3919.0	642.0	6608.0	1853.0	333.0	65.0	0.0	0.0	0.0	0.0	0.0	0.0	0.0	94.0	160.0	0.0	0.0	0.0	0.0	22.0	0.0	0.0	18.0	0.0	0.0	0.0	0.0	78.0	0.0	0.0	16.0	0.0	0.0	0.0	0.0	0.0	0.0	0.0	0.0	0.0	0.0	0.0	0.0	0.0	0.0	0.0	0.0	0.0	0.0	0.0	0.0	0.0	0.0	0.0	0.0	0.0	0.0	0.0	0.0	0.0	0.0	0.0	0.0	0.0	0.0	0.0	0.0	0.0	0.0	0.0	0.0	0.0	0.0	0.0	0.0	0.0	0.0	0.0	0.0	0.0	0.0	0.0	0.0
SRR5224927	54.0	47.0	3157.0	1113.0	1021.0	0.0	2822.0	4677.0	1688.0	3462.0	1150.0	1163.0	0.0	512.0	206.0	0.0	0.0	190.0	25.0	755.0	17.0	672.0	66.0	11.0	0.0	0.0	0.0	0.0	0.0	163.0	50.0	0.0	0.0	32.0	0.0	136.0	0.0	771.0	0.0	0.0	21.0	0.0	0.0	0.0	0.0	20.0	41.0	0.0	0.0	0.0	0.0	0.0	0.0	0.0	0.0	0.0	0.0	0.0	0.0	0.0	0.0	0.0	0.0	0.0	0.0	0.0	0.0	0.0	0.0	0.0	0.0	0.0	0.0	0.0	0.0	0.0	0.0	0.0	0.0	0.0	0.0	0.0	0.0	0.0	0.0	0.0	0.0	0.0	0.0
SRR5224928	0.0	0.0	3273.0	552.0	853.0	0.0	2698.0	1911.0	3633.0	1147.0	296.0	170.0	0.0	203.0	109.0	0.0	0.0	0.0	16.0	654.0	53.0	150.0	31.0	0.0	0.0	0.0	0.0	0.0	0.0	164.0	22.0	0.0	61.0	72.0	0.0	0.0	0.0	0.0	0.0	0.0	0.0	9.0	0.0	0.0	0.0	0.0	0.0	0.0	0.0	0.0	0.0	0.0	0.0	0.0	0.0	0.0	13.0	0.0	0.0	0.0	0.0	0.0	0.0	0.0	0.0	0.0	0.0	0.0	0.0	0.0	0.0	0.0	0.0	0.0	0.0	0.0	0.0	0.0	0.0	0.0	0.0	0.0	0.0	0.0	0.0	0.0	0.0	0.0	0.0
SRR5224929	0.0	0.0	3039.0	165.0	619.0	0.0	3977.0	94.0	5826.0	2306.0	86.0	139.0	0.0	0.0	0.0	0.0	0.0	0.0	53.0	122.0	133.0	0.0	0.0	0.0	0.0	0.0	0.0	0.0	12.0	0.0	0.0	0.0	0.0	91.0	0.0	0.0	0.0	0.0	0.0	0.0	0.0	0.0	0.0	0.0	0.0	0.0	0.0	0.0	0.0	0.0	0.0	0.0	0.0	0.0	0.0	0.0	0.0	0.0	0.0	0.0	0.0	0.0	0.0	0.0	0.0	0.0	0.0	0.0	0.0	0.0	0.0	0.0	0.0	0.0	0.0	0.0	0.0	0.0	0.0	0.0	0.0	0.0	0.0	0.0	0.0	0.0	0.0	0.0	0.0
SRR5224931	22.0	19.0	3683.0	526.0	1101.0	0.0	2389.0	1537.0	3255.0	1178.0	383.0	252.0	0.0	127.0	114.0	0.0	0.0	0.0	0.0	256.0	184.0	379.0	62.0	10.0	21.0	65.0	0.0	0.0	0.0	174.0	0.0	0.0	64.0	95.0	0.0	76.0	0.0	45.0	0.0	0.0	71.0	0.0	0.0	0.0	0.0	0.0	0.0	0.0	0.0	4.0	0.0	0.0	21.0	0.0	0.0	0.0	0.0	0.0	0.0	0.0	0.0	0.0	0.0	0.0	0.0	0.0	0.0	0.0	0.0	0.0	0.0	0.0	0.0	0.0	0.0	0.0	0.0	0.0	0.0	0.0	0.0	0.0	0.0	0.0	0.0	0.0	0.0	0.0	0.0
SRR5224932	0.0	66.0	2315.0	968.0	454.0	0.0	2895.0	352.0	4384.0	1477.0	69.0	0.0	0.0	305.0	0.0	0.0	0.0	34.0	57.0	214.0	154.0	0.0	0.0	0.0	11.0	71.0	0.0	0.0	0.0	68.0	0.0	0.0	0.0	0.0	0.0	0.0	96.0	0.0	0.0	0.0	0.0	0.0	0.0	0.0	0.0	0.0	0.0	0.0	0.0	0.0	0.0	0.0	0.0	0.0	0.0	0.0	0.0	0.0	0.0	0.0	0.0	0.0	0.0	0.0	0.0	0.0	0.0	0.0	0.0	0.0	0.0	0.0	0.0	0.0	0.0	0.0	0.0	0.0	0.0	0.0	0.0	0.0	0.0	0.0	0.0	0.0	0.0	0.0	0.0
SRR5224934	19.0	0.0	2565.0	291.0	234.0	18.0	2158.0	2330.0	1940.0	1655.0	214.0	388.0	0.0	216.0	133.0	0.0	0.0	0.0	0.0	331.0	56.0	307.0	0.0	10.0	0.0	10.0	0.0	0.0	0.0	222.0	17.0	0.0	162.0	169.0	0.0	0.0	0.0	0.0	0.0	0.0	15.0	0.0	0.0	0.0	0.0	9.0	0.0	0.0	20.0	0.0	0.0	0.0	0.0	0.0	0.0	0.0	0.0	0.0	0.0	0.0	0.0	0.0	0.0	0.0	0.0	0.0	0.0	0.0	0.0	0.0	0.0	0.0	0.0	0.0	0.0	0.0	0.0	0.0	0.0	0.0	0.0	0.0	0.0	0.0	0.0	0.0	0.0	0.0	0.0
SRR5224935	0.0	0.0	2585.0	218.0	166.0	0.0	5195.0	180.0	2583.0	1500.0	91.0	0.0	0.0	0.0	0.0	0.0	0.0	0.0	0.0	121.0	0.0	0.0	24.0	0.0	0.0	0.0	0.0	0.0	0.0	73.0	0.0	0.0	0.0	26.0	0.0	0.0	0.0	0.0	0.0	0.0	0.0	0.0	0.0	0.0	0.0	0.0	0.0	0.0	0.0	0.0	0.0	0.0	0.0	0.0	0.0	0.0	0.0	0.0	0.0	0.0	0.0	0.0	0.0	0.0	0.0	0.0	0.0	0.0	0.0	0.0	0.0	0.0	0.0	0.0	0.0	0.0	0.0	0.0	0.0	0.0	0.0	0.0	0.0	0.0	0.0	0.0	0.0	0.0	0.0
SRR5224936	58.0	20.0	2261.0	1230.0	808.0	0.0	2261.0	4133.0	3560.0	1111.0	490.0	64.0	11.0	395.0	229.0	0.0	22.0	196.0	59.0	576.0	9.0	1196.0	112.0	15.0	0.0	37.0	0.0	0.0	153.0	270.0	142.0	0.0	190.0	62.0	0.0	89.0	7.0	33.0	0.0	22.0	6.0	0.0	0.0	46.0	0.0	0.0	0.0	0.0	0.0	0.0	0.0	0.0	0.0	0.0	0.0	0.0	0.0	0.0	0.0	0.0	0.0	0.0	0.0	0.0	0.0	0.0	0.0	0.0	0.0	0.0	0.0	0.0	0.0	0.0	0.0	0.0	0.0	0.0	0.0	0.0	0.0	0.0	0.0	0.0	0.0	0.0	0.0	0.0	0.0
SRR5224937	0.0	0.0	3008.0	1090.0	1098.0	0.0	2166.0	2674.0	4925.0	425.0	117.0	0.0	17.0	336.0	100.0	13.0	0.0	46.0	55.0	224.0	186.0	292.0	364.0	0.0	15.0	77.0	90.0	0.0	37.0	286.0	97.0	0.0	115.0	58.0	0.0	235.0	30.0	40.0	0.0	0.0	102.0	0.0	0.0	109.0	0.0	0.0	0.0	22.0	17.0	0.0	0.0	0.0	0.0	0.0	0.0	0.0	0.0	0.0	0.0	19.0	0.0	0.0	0.0	0.0	0.0	0.0	0.0	0.0	0.0	0.0	0.0	0.0	0.0	0.0	0.0	0.0	0.0	0.0	0.0	0.0	0.0	0.0	0.0	0.0	0.0	0.0	0.0	0.0	0.0
SRR5224938	0.0	0.0	1797.0	954.0	408.0	0.0	1567.0	161.0	4077.0	659.0	0.0	0.0	0.0	47.0	0.0	0.0	0.0	54.0	0.0	20.0	21.0	0.0	225.0	0.0	20.0	47.0	0.0	0.0	0.0	0.0	0.0	0.0	0.0	0.0	0.0	0.0	0.0	0.0	0.0	0.0	0.0	0.0	0.0	100.0	0.0	0.0	0.0	0.0	0.0	0.0	0.0	24.0	0.0	0.0	0.0	0.0	0.0	0.0	0.0	0.0	0.0	0.0	0.0	0.0	0.0	0.0	0.0	0.0	0.0	0.0	0.0	0.0	0.0	0.0	0.0	0.0	0.0	0.0	0.0	0.0	0.0	0.0	0.0	0.0	0.0	0.0	0.0	0.0	0.0
SRR5224939	16.0	20.0	4420.0	570.0	1011.0	0.0	2967.0	1168.0	3728.0	2131.0	454.0	413.0	0.0	401.0	126.0	0.0	36.0	125.0	177.0	453.0	33.0	91.0	100.0	8.0	0.0	26.0	0.0	0.0	30.0	169.0	0.0	0.0	0.0	80.0	0.0	17.0	0.0	62.0	0.0	0.0	11.0	0.0	0.0	0.0	0.0	0.0	0.0	0.0	0.0	0.0	0.0	0.0	0.0	0.0	0.0	0.0	0.0	0.0	0.0	0.0	0.0	0.0	0.0	0.0	0.0	0.0	0.0	0.0	0.0	0.0	0.0	0.0	0.0	0.0	0.0	0.0	0.0	0.0	0.0	0.0	0.0	0.0	0.0	0.0	0.0	0.0	0.0	0.0	0.0
SRR5224940	0.0	28.0	2178.0	670.0	795.0	0.0	2223.0	2495.0	2601.0	1752.0	436.0	587.0	0.0	210.0	91.0	2.0	23.0	0.0	0.0	231.0	118.0	439.0	87.0	12.0	0.0	140.0	0.0	0.0	55.0	272.0	0.0	0.0	100.0	106.0	32.0	204.0	0.0	0.0	0.0	0.0	16.0	0.0	0.0	0.0	0.0	0.0	0.0	37.0	0.0	9.0	0.0	0.0	0.0	0.0	0.0	0.0	0.0	0.0	36.0	0.0	0.0	0.0	0.0	0.0	0.0	0.0	0.0	0.0	0.0	0.0	0.0	0.0	0.0	0.0	0.0	0.0	0.0	0.0	0.0	0.0	0.0	0.0	0.0	0.0	0.0	0.0	0.0	0.0	0.0
SRR5224942	12.0	0.0	1556.0	300.0	876.0	0.0	895.0	2103.0	2395.0	615.0	702.0	361.0	0.0	18.0	76.0	0.0	0.0	72.0	35.0	661.0	144.0	41.0	49.0	0.0	0.0	0.0	15.0	0.0	0.0	280.0	107.0	17.0	0.0	74.0	0.0	98.0	0.0	376.0	0.0	0.0	23.0	0.0	0.0	0.0	0.0	0.0	20.0	0.0	0.0	0.0	0.0	0.0	0.0	0.0	0.0	0.0	0.0	0.0	0.0	0.0	0.0	0.0	0.0	0.0	0.0	0.0	0.0	0.0	0.0	0.0	0.0	0.0	0.0	0.0	0.0	0.0	0.0	0.0	0.0	0.0	0.0	0.0	0.0	0.0	0.0	0.0	0.0	0.0	0.0
SRR5224945	49.0	114.0	2191.0	576.0	718.0	33.0	1038.0	3990.0	827.0	1819.0	645.0	936.0	0.0	163.0	158.0	0.0	0.0	3.0	31.0	768.0	0.0	873.0	59.0	18.0	0.0	12.0	24.0	0.0	103.0	147.0	28.0	0.0	0.0	72.0	0.0	56.0	0.0	43.0	0.0	12.0	0.0	0.0	0.0	0.0	0.0	0.0	0.0	0.0	0.0	0.0	0.0	18.0	0.0	0.0	17.0	0.0	0.0	0.0	0.0	0.0	0.0	0.0	0.0	0.0	0.0	0.0	0.0	0.0	0.0	0.0	0.0	0.0	0.0	0.0	0.0	0.0	0.0	0.0	0.0	0.0	0.0	0.0	0.0	0.0	0.0	0.0	0.0	0.0	0.0
SRR5224948	0.0	0.0	4423.0	1286.0	1055.0	0.0	3541.0	2252.0	4233.0	2249.0	224.0	158.0	0.0	357.0	298.0	0.0	97.0	178.0	216.0	556.0	237.0	1141.0	125.0	0.0	0.0	21.0	0.0	0.0	51.0	368.0	0.0	0.0	121.0	90.0	0.0	0.0	0.0	295.0	0.0	51.0	108.0	5.0	0.0	0.0	0.0	0.0	0.0	0.0	16.0	0.0	0.0	0.0	0.0	0.0	0.0	0.0	0.0	17.0	6.0	0.0	0.0	0.0	0.0	0.0	0.0	0.0	0.0	0.0	0.0	0.0	0.0	0.0	0.0	0.0	0.0	0.0	0.0	0.0	0.0	0.0	0.0	0.0	0.0	0.0	0.0	0.0	0.0	0.0	0.0
SRR5224949	0.0	17.0	5201.0	1485.0	1398.0	216.0	4273.0	3913.0	4721.0	2023.0	711.0	277.0	27.0	460.0	271.0	55.0	380.0	64.0	31.0	403.0	468.0	1155.0	169.0	59.0	14.0	96.0	72.0	0.0	153.0	915.0	109.0	36.0	472.0	96.0	0.0	90.0	0.0	246.0	0.0	0.0	157.0	0.0	0.0	60.0	0.0	0.0	0.0	66.0	34.0	15.0	5.0	28.0	0.0	0.0	148.0	19.0	0.0	0.0	19.0	63.0	0.0	0.0	0.0	0.0	0.0	0.0	0.0	0.0	0.0	0.0	0.0	0.0	0.0	0.0	0.0	0.0	0.0	0.0	0.0	0.0	0.0	0.0	0.0	0.0	0.0	0.0	0.0	0.0	0.0
SRR5224950	0.0	0.0	4413.0	810.0	867.0	0.0	2498.0	838.0	5430.0	549.0	0.0	0.0	0.0	0.0	0.0	0.0	0.0	34.0	203.0	77.0	0.0	0.0	494.0	0.0	0.0	15.0	0.0	0.0	0.0	0.0	0.0	0.0	20.0	0.0	0.0	0.0	0.0	0.0	0.0	0.0	0.0	0.0	0.0	168.0	0.0	0.0	0.0	0.0	0.0	0.0	0.0	0.0	0.0	0.0	0.0	0.0	0.0	0.0	0.0	0.0	0.0	0.0	0.0	0.0	0.0	0.0	0.0	0.0	0.0	0.0	0.0	0.0	0.0	0.0	0.0	0.0	0.0	0.0	0.0	0.0	0.0	0.0	0.0	0.0	0.0	0.0	0.0	0.0	0.0
SRR5224951	52.0	58.0	4170.0	500.0	901.0	0.0	2672.0	3705.0	1796.0	3769.0	813.0	1658.0	0.0	296.0	242.0	0.0	0.0	38.0	60.0	926.0	160.0	932.0	97.0	51.0	0.0	32.0	0.0	19.0	0.0	53.0	127.0	0.0	0.0	188.0	0.0	241.0	4.0	309.0	0.0	0.0	0.0	31.0	0.0	0.0	0.0	13.0	0.0	0.0	0.0	0.0	0.0	0.0	0.0	0.0	0.0	0.0	0.0	0.0	0.0	0.0	0.0	0.0	0.0	0.0	0.0	0.0	0.0	0.0	0.0	0.0	0.0	0.0	0.0	0.0	0.0	0.0	0.0	0.0	0.0	0.0	0.0	0.0	0.0	0.0	0.0	0.0	0.0	0.0	0.0
SRR5224952	73.0	0.0	3447.0	573.0	1041.0	0.0	2967.0	4244.0	3066.0	1866.0	417.0	584.0	0.0	284.0	197.0	0.0	0.0	106.0	0.0	528.0	167.0	792.0	89.0	7.0	0.0	47.0	33.0	0.0	8.0	264.0	161.0	0.0	205.0	0.0	0.0	46.0	0.0	182.0	0.0	0.0	104.0	73.0	0.0	0.0	0.0	15.0	0.0	0.0	0.0	0.0	0.0	0.0	0.0	0.0	0.0	0.0	26.0	0.0	0.0	0.0	0.0	0.0	0.0	0.0	0.0	0.0	0.0	0.0	0.0	0.0	0.0	0.0	0.0	0.0	0.0	0.0	0.0	0.0	0.0	0.0	0.0	0.0	0.0	0.0	0.0	0.0	0.0	0.0	0.0
SRR5224953	0.0	0.0	3791.0	635.0	888.0	0.0	2567.0	705.0	5688.0	1822.0	251.0	0.0	0.0	24.0	0.0	0.0	0.0	0.0	32.0	424.0	17.0	0.0	127.0	0.0	0.0	0.0	0.0	0.0	0.0	87.0	0.0	0.0	0.0	34.0	0.0	0.0	0.0	0.0	0.0	0.0	0.0	0.0	0.0	38.0	0.0	0.0	0.0	0.0	0.0	0.0	0.0	0.0	0.0	0.0	0.0	0.0	0.0	0.0	0.0	0.0	0.0	0.0	0.0	0.0	0.0	0.0	0.0	0.0	0.0	0.0	0.0	0.0	0.0	0.0	0.0	0.0	0.0	0.0	0.0	0.0	0.0	0.0	0.0	0.0	0.0	0.0	0.0	0.0	0.0
SRR5224954	0.0	0.0	1078.0	149.0	781.0	0.0	720.0	2357.0	2352.0	507.0	343.0	260.0	0.0	86.0	39.0	29.0	0.0	13.0	0.0	657.0	353.0	160.0	19.0	26.0	0.0	0.0	30.0	0.0	47.0	98.0	132.0	0.0	62.0	0.0	0.0	159.0	0.0	71.0	0.0	0.0	0.0	0.0	0.0	0.0	0.0	0.0	0.0	0.0	0.0	0.0	0.0	0.0	0.0	0.0	0.0	0.0	0.0	0.0	0.0	0.0	0.0	0.0	0.0	0.0	0.0	0.0	0.0	0.0	0.0	0.0	0.0	0.0	10.0	0.0	0.0	0.0	0.0	0.0	0.0	0.0	0.0	0.0	0.0	0.0	0.0	0.0	0.0	0.0	0.0
SRR5224955	139.0	15.0	2465.0	333.0	916.0	0.0	2034.0	3955.0	3373.0	1304.0	361.0	232.0	0.0	42.0	80.0	0.0	8.0	0.0	39.0	395.0	198.0	311.0	48.0	35.0	0.0	0.0	17.0	0.0	334.0	192.0	31.0	11.0	0.0	28.0	0.0	23.0	0.0	0.0	0.0	0.0	29.0	26.0	0.0	0.0	0.0	0.0	0.0	0.0	0.0	0.0	0.0	0.0	0.0	0.0	0.0	0.0	0.0	0.0	0.0	0.0	0.0	0.0	11.0	0.0	0.0	0.0	0.0	0.0	0.0	0.0	0.0	0.0	0.0	0.0	0.0	0.0	0.0	0.0	0.0	0.0	0.0	0.0	0.0	0.0	0.0	0.0	0.0	0.0	0.0
SRR5224956	0.0	0.0	2905.0	336.0	477.0	0.0	2444.0	1220.0	4598.0	2808.0	0.0	0.0	0.0	0.0	0.0	0.0	0.0	0.0	0.0	532.0	84.0	28.0	56.0	4.0	0.0	0.0	0.0	0.0	0.0	0.0	0.0	0.0	0.0	17.0	0.0	0.0	0.0	0.0	0.0	0.0	0.0	0.0	0.0	0.0	0.0	0.0	0.0	0.0	0.0	0.0	0.0	0.0	0.0	0.0	0.0	0.0	0.0	0.0	0.0	0.0	0.0	0.0	0.0	0.0	0.0	0.0	0.0	0.0	0.0	0.0	0.0	0.0	0.0	0.0	0.0	0.0	0.0	0.0	0.0	0.0	0.0	0.0	0.0	0.0	0.0	0.0	0.0	0.0	0.0
SRR5224957	0.0	0.0	2095.0	334.0	294.0	18.0	1025.0	3347.0	1098.0	1302.0	438.0	1047.0	0.0	118.0	239.0	0.0	0.0	115.0	0.0	352.0	0.0	409.0	44.0	37.0	0.0	17.0	0.0	0.0	0.0	0.0	159.0	0.0	0.0	44.0	0.0	267.0	0.0	124.0	0.0	62.0	21.0	0.0	0.0	0.0	0.0	25.0	0.0	0.0	0.0	0.0	0.0	0.0	0.0	0.0	0.0	0.0	0.0	0.0	0.0	0.0	0.0	0.0	0.0	0.0	0.0	0.0	0.0	0.0	0.0	0.0	0.0	0.0	0.0	0.0	0.0	0.0	0.0	0.0	0.0	0.0	0.0	0.0	0.0	0.0	0.0	0.0	0.0	0.0	0.0
SRR5224958	0.0	64.0	2682.0	512.0	1125.0	0.0	2521.0	3515.0	2080.0	2206.0	192.0	475.0	0.0	89.0	278.0	0.0	13.0	10.0	42.0	636.0	246.0	365.0	74.0	0.0	14.0	56.0	18.0	0.0	81.0	281.0	142.0	12.0	19.0	99.0	2.0	37.0	8.0	95.0	0.0	0.0	17.0	22.0	0.0	0.0	0.0	11.0	0.0	0.0	0.0	0.0	0.0	0.0	0.0	0.0	0.0	0.0	0.0	0.0	0.0	0.0	0.0	0.0	0.0	0.0	0.0	0.0	0.0	0.0	0.0	0.0	0.0	0.0	0.0	0.0	0.0	0.0	0.0	0.0	0.0	0.0	0.0	0.0	0.0	0.0	0.0	0.0	0.0	0.0	0.0
SRR5224960	177.0	63.0	4320.0	1690.0	1819.0	19.0	2596.0	5426.0	4039.0	2776.0	1047.0	786.0	0.0	244.0	292.0	6.0	27.0	330.0	82.0	902.0	1171.0	1430.0	75.0	129.0	0.0	55.0	268.0	0.0	359.0	208.0	31.0	0.0	215.0	92.0	0.0	58.0	0.0	373.0	0.0	62.0	43.0	0.0	0.0	0.0	0.0	26.0	0.0	0.0	0.0	0.0	0.0	49.0	0.0	0.0	0.0	0.0	0.0	0.0	26.0	0.0	0.0	0.0	0.0	0.0	0.0	0.0	0.0	0.0	0.0	0.0	0.0	0.0	0.0	0.0	0.0	0.0	0.0	0.0	0.0	0.0	0.0	0.0	0.0	0.0	0.0	0.0	0.0	0.0	0.0
SRR5224961	133.0	69.0	4315.0	582.0	1302.0	22.0	3729.0	5344.0	3010.0	1298.0	273.0	281.0	58.0	76.0	170.0	0.0	14.0	33.0	18.0	695.0	902.0	868.0	60.0	71.0	108.0	30.0	256.0	0.0	258.0	203.0	69.0	0.0	104.0	17.0	0.0	0.0	0.0	48.0	0.0	40.0	48.0	184.0	14.0	69.0	0.0	0.0	0.0	0.0	0.0	0.0	0.0	27.0	0.0	0.0	0.0	0.0	36.0	0.0	0.0	0.0	0.0	0.0	8.0	0.0	0.0	0.0	0.0	0.0	0.0	0.0	0.0	0.0	0.0	0.0	0.0	0.0	0.0	0.0	0.0	0.0	0.0	0.0	0.0	0.0	0.0	0.0	0.0	0.0	0.0
SRR5224963	7.0	32.0	2416.0	1004.0	1409.0	0.0	2566.0	705.0	3578.0	2139.0	294.0	287.0	0.0	388.0	12.0	0.0	0.0	0.0	53.0	203.0	0.0	165.0	33.0	0.0	0.0	28.0	0.0	0.0	0.0	38.0	0.0	0.0	85.0	0.0	0.0	0.0	0.0	93.0	0.0	0.0	0.0	12.0	0.0	0.0	0.0	0.0	0.0	0.0	0.0	0.0	0.0	8.0	0.0	0.0	0.0	0.0	0.0	0.0	0.0	0.0	0.0	0.0	0.0	0.0	0.0	0.0	0.0	0.0	0.0	0.0	7.0	0.0	0.0	0.0	0.0	0.0	0.0	0.0	0.0	0.0	0.0	0.0	0.0	0.0	0.0	0.0	0.0	0.0	0.0
SRR5224964	31.0	49.0	3668.0	377.0	857.0	0.0	3073.0	4099.0	2422.0	2696.0	261.0	425.0	0.0	39.0	153.0	0.0	0.0	0.0	0.0	546.0	166.0	582.0	17.0	33.0	0.0	0.0	25.0	0.0	88.0	103.0	82.0	0.0	0.0	63.0	0.0	104.0	0.0	175.0	0.0	33.0	42.0	0.0	0.0	0.0	0.0	0.0	0.0	0.0	0.0	0.0	0.0	0.0	0.0	0.0	0.0	0.0	0.0	0.0	0.0	0.0	0.0	0.0	0.0	0.0	0.0	0.0	0.0	0.0	0.0	0.0	0.0	0.0	0.0	0.0	0.0	0.0	0.0	0.0	0.0	0.0	0.0	0.0	0.0	0.0	0.0	0.0	0.0	0.0	0.0
SRR5224966	76.0	0.0	3746.0	988.0	2295.0	0.0	3098.0	4897.0	3676.0	778.0	987.0	235.0	9.0	367.0	257.0	26.0	39.0	630.0	163.0	520.0	271.0	1570.0	79.0	119.0	0.0	234.0	242.0	0.0	137.0	231.0	20.0	0.0	247.0	146.0	31.0	0.0	61.0	183.0	0.0	44.0	126.0	0.0	9.0	0.0	0.0	0.0	0.0	0.0	16.0	20.0	0.0	0.0	0.0	0.0	0.0	0.0	0.0	0.0	13.0	0.0	0.0	0.0	0.0	0.0	0.0	0.0	0.0	0.0	0.0	0.0	0.0	0.0	0.0	0.0	0.0	0.0	0.0	0.0	0.0	0.0	0.0	0.0	0.0	0.0	0.0	0.0	0.0	0.0	0.0
SRR5224967	0.0	51.0	3810.0	1167.0	1152.0	50.0	2621.0	3821.0	2463.0	1525.0	434.0	417.0	5.0	421.0	231.0	47.0	121.0	61.0	27.0	353.0	295.0	1019.0	74.0	152.0	0.0	62.0	212.0	26.0	79.0	285.0	120.0	27.0	211.0	104.0	21.0	0.0	43.0	180.0	0.0	26.0	85.0	0.0	0.0	0.0	0.0	12.0	0.0	0.0	40.0	11.0	0.0	0.0	0.0	0.0	0.0	0.0	0.0	33.0	0.0	0.0	0.0	0.0	0.0	0.0	0.0	0.0	0.0	0.0	0.0	0.0	0.0	8.0	0.0	0.0	0.0	0.0	0.0	0.0	0.0	0.0	0.0	0.0	0.0	0.0	0.0	0.0	0.0	0.0	0.0
SRR5224968	0.0	0.0	1906.0	919.0	577.0	0.0	1830.0	1089.0	3313.0	166.0	56.0	0.0	0.0	45.0	0.0	0.0	0.0	0.0	0.0	200.0	0.0	0.0	205.0	0.0	0.0	0.0	0.0	0.0	0.0	118.0	38.0	0.0	0.0	23.0	0.0	0.0	0.0	0.0	0.0	0.0	15.0	0.0	0.0	0.0	0.0	0.0	0.0	0.0	0.0	0.0	0.0	0.0	0.0	0.0	0.0	0.0	0.0	0.0	0.0	0.0	0.0	0.0	0.0	0.0	0.0	0.0	0.0	0.0	0.0	0.0	0.0	0.0	0.0	0.0	0.0	0.0	0.0	0.0	0.0	0.0	0.0	0.0	0.0	0.0	0.0	0.0	0.0	0.0	0.0
SRR5224969	0.0	22.0	1849.0	196.0	597.0	0.0	1083.0	2670.0	901.0	1447.0	952.0	544.0	0.0	233.0	225.0	0.0	0.0	0.0	0.0	372.0	70.0	579.0	30.0	4.0	0.0	27.0	0.0	0.0	78.0	217.0	17.0	19.0	80.0	37.0	5.0	32.0	0.0	67.0	0.0	51.0	0.0	0.0	0.0	0.0	0.0	0.0	0.0	14.0	0.0	0.0	0.0	0.0	0.0	0.0	0.0	0.0	23.0	0.0	0.0	0.0	0.0	0.0	0.0	0.0	0.0	0.0	0.0	0.0	0.0	0.0	0.0	0.0	0.0	0.0	0.0	0.0	0.0	0.0	0.0	0.0	0.0	0.0	0.0	0.0	0.0	0.0	0.0	0.0	0.0
SRR5224970	79.0	0.0	2186.0	510.0	1264.0	0.0	1943.0	3443.0	1453.0	328.0	432.0	81.0	8.0	226.0	318.0	17.0	0.0	229.0	98.0	401.0	142.0	1262.0	117.0	92.0	16.0	127.0	144.0	45.0	121.0	100.0	105.0	0.0	100.0	133.0	0.0	0.0	13.0	75.0	0.0	0.0	57.0	0.0	0.0	0.0	0.0	0.0	0.0	33.0	0.0	23.0	0.0	0.0	0.0	0.0	0.0	0.0	0.0	0.0	4.0	0.0	0.0	0.0	0.0	0.0	0.0	0.0	0.0	0.0	0.0	0.0	0.0	0.0	0.0	0.0	0.0	0.0	0.0	0.0	0.0	0.0	0.0	0.0	0.0	0.0	0.0	0.0	0.0	0.0	0.0
SRR5224971	15.0	0.0	2794.0	1576.0	1459.0	48.0	3283.0	2740.0	4330.0	926.0	435.0	120.0	0.0	566.0	184.0	49.0	94.0	82.0	84.0	457.0	195.0	729.0	24.0	53.0	0.0	20.0	235.0	26.0	89.0	250.0	40.0	0.0	121.0	155.0	0.0	150.0	80.0	31.0	0.0	0.0	38.0	0.0	0.0	0.0	0.0	0.0	0.0	0.0	22.0	17.0	0.0	0.0	0.0	0.0	0.0	0.0	0.0	38.0	0.0	14.0	0.0	0.0	0.0	0.0	0.0	0.0	0.0	0.0	0.0	0.0	0.0	0.0	0.0	0.0	0.0	0.0	0.0	0.0	0.0	0.0	0.0	0.0	0.0	0.0	0.0	0.0	0.0	0.0	0.0
SRR5224973	0.0	0.0	1824.0	662.0	659.0	0.0	1933.0	2326.0	2431.0	530.0	582.0	188.0	20.0	381.0	47.0	0.0	5.0	29.0	15.0	452.0	124.0	815.0	121.0	35.0	31.0	25.0	0.0	0.0	72.0	162.0	80.0	0.0	0.0	91.0	0.0	0.0	0.0	37.0	0.0	0.0	33.0	0.0	0.0	0.0	0.0	0.0	0.0	13.0	0.0	0.0	0.0	0.0	0.0	0.0	0.0	0.0	0.0	0.0	0.0	0.0	0.0	0.0	0.0	0.0	0.0	0.0	0.0	0.0	0.0	0.0	0.0	0.0	0.0	0.0	0.0	0.0	0.0	0.0	0.0	0.0	0.0	0.0	0.0	0.0	0.0	0.0	0.0	0.0	0.0
SRR5224974	0.0	21.0	2741.0	502.0	633.0	13.0	1849.0	3279.0	1230.0	3079.0	713.0	969.0	0.0	198.0	186.0	0.0	20.0	239.0	0.0	251.0	84.0	240.0	181.0	0.0	0.0	29.0	0.0	0.0	6.0	48.0	0.0	0.0	38.0	49.0	0.0	48.0	0.0	198.0	0.0	0.0	0.0	0.0	0.0	0.0	0.0	36.0	0.0	0.0	0.0	0.0	0.0	0.0	0.0	0.0	0.0	0.0	0.0	0.0	4.0	0.0	0.0	0.0	0.0	0.0	0.0	0.0	0.0	0.0	0.0	0.0	0.0	0.0	0.0	0.0	0.0	0.0	0.0	0.0	0.0	0.0	0.0	0.0	0.0	0.0	0.0	0.0	0.0	0.0	0.0
SRR5224976	0.0	34.0	5071.0	2323.0	2675.0	41.0	4309.0	5111.0	5721.0	1879.0	706.0	286.0	32.0	717.0	276.0	87.0	245.0	463.0	599.0	443.0	483.0	1725.0	134.0	153.0	37.0	433.0	413.0	0.0	98.0	811.0	16.0	0.0	584.0	162.0	116.0	0.0	0.0	105.0	0.0	16.0	226.0	0.0	0.0	0.0	0.0	15.0	0.0	61.0	70.0	28.0	0.0	0.0	0.0	0.0	0.0	0.0	0.0	28.0	15.0	16.0	0.0	0.0	21.0	0.0	0.0	0.0	0.0	0.0	0.0	0.0	0.0	14.0	0.0	0.0	0.0	0.0	0.0	0.0	12.0	0.0	0.0	0.0	0.0	0.0	0.0	0.0	0.0	0.0	0.0
SRR5224977	18.0	0.0	2528.0	761.0	568.0	0.0	2615.0	1344.0	4019.0	1579.0	374.0	50.0	0.0	77.0	0.0	22.0	41.0	47.0	15.0	326.0	295.0	141.0	121.0	0.0	0.0	124.0	34.0	0.0	0.0	206.0	100.0	0.0	24.0	86.0	30.0	39.0	0.0	114.0	0.0	0.0	24.0	0.0	0.0	0.0	0.0	0.0	0.0	0.0	0.0	0.0	0.0	0.0	0.0	0.0	0.0	0.0	0.0	0.0	16.0	0.0	0.0	0.0	0.0	0.0	0.0	0.0	0.0	0.0	0.0	0.0	0.0	0.0	0.0	0.0	0.0	0.0	0.0	0.0	0.0	0.0	0.0	0.0	0.0	0.0	0.0	0.0	0.0	0.0	0.0
SRR5224979	0.0	0.0	1711.0	271.0	734.0	22.0	1225.0	2270.0	1008.0	1458.0	498.0	325.0	0.0	140.0	255.0	0.0	0.0	70.0	0.0	759.0	0.0	479.0	24.0	0.0	0.0	0.0	0.0	0.0	123.0	107.0	82.0	0.0	0.0	59.0	0.0	0.0	0.0	85.0	0.0	0.0	0.0	0.0	0.0	0.0	0.0	12.0	0.0	0.0	0.0	0.0	0.0	0.0	0.0	0.0	0.0	0.0	27.0	0.0	0.0	0.0	0.0	16.0	0.0	0.0	0.0	0.0	0.0	0.0	0.0	0.0	0.0	0.0	0.0	0.0	0.0	0.0	0.0	0.0	0.0	0.0	0.0	0.0	0.0	0.0	0.0	0.0	0.0	0.0	0.0
SRR5224980	0.0	0.0	2521.0	555.0	623.0	0.0	2119.0	1750.0	2083.0	1834.0	513.0	551.0	0.0	233.0	119.0	0.0	27.0	33.0	15.0	458.0	82.0	240.0	113.0	0.0	0.0	0.0	31.0	0.0	44.0	101.0	26.0	0.0	0.0	128.0	0.0	0.0	0.0	139.0	0.0	26.0	0.0	0.0	0.0	0.0	0.0	0.0	0.0	0.0	0.0	13.0	0.0	0.0	0.0	0.0	0.0	0.0	0.0	0.0	0.0	0.0	0.0	0.0	0.0	0.0	0.0	0.0	0.0	0.0	0.0	0.0	0.0	0.0	0.0	0.0	0.0	0.0	0.0	0.0	0.0	0.0	0.0	0.0	0.0	0.0	0.0	0.0	0.0	0.0	0.0
SRR5224983	33.0	26.0	4174.0	1361.0	1426.0	30.0	3534.0	4023.0	4601.0	1250.0	436.0	47.0	0.0	184.0	242.0	0.0	29.0	207.0	179.0	503.0	153.0	558.0	170.0	27.0	0.0	70.0	127.0	0.0	15.0	169.0	52.0	0.0	123.0	221.0	0.0	0.0	0.0	34.0	0.0	0.0	46.0	0.0	0.0	0.0	0.0	10.0	0.0	0.0	0.0	0.0	0.0	0.0	0.0	0.0	0.0	0.0	0.0	0.0	0.0	0.0	0.0	0.0	0.0	0.0	0.0	0.0	0.0	0.0	0.0	0.0	0.0	0.0	0.0	0.0	0.0	0.0	0.0	0.0	0.0	0.0	0.0	0.0	0.0	0.0	0.0	0.0	0.0	0.0	0.0
SRR5224984	0.0	0.0	3093.0	1715.0	957.0	0.0	3871.0	1067.0	6697.0	848.0	0.0	0.0	0.0	111.0	0.0	3.0	0.0	156.0	112.0	456.0	62.0	15.0	151.0	0.0	0.0	0.0	0.0	0.0	0.0	103.0	105.0	0.0	0.0	21.0	0.0	0.0	0.0	0.0	0.0	0.0	0.0	0.0	0.0	15.0	0.0	0.0	0.0	0.0	0.0	0.0	0.0	0.0	0.0	0.0	0.0	0.0	0.0	0.0	0.0	0.0	0.0	0.0	0.0	0.0	0.0	0.0	0.0	0.0	0.0	0.0	0.0	0.0	0.0	0.0	0.0	0.0	0.0	0.0	0.0	0.0	0.0	0.0	0.0	0.0	0.0	0.0	0.0	0.0	0.0
SRR5224985	28.0	0.0	2414.0	805.0	962.0	0.0	2830.0	1911.0	3342.0	1893.0	692.0	873.0	0.0	367.0	115.0	0.0	10.0	48.0	129.0	336.0	0.0	631.0	0.0	18.0	0.0	32.0	0.0	0.0	49.0	92.0	0.0	0.0	0.0	53.0	0.0	174.0	0.0	300.0	0.0	0.0	61.0	0.0	0.0	0.0	0.0	0.0	0.0	0.0	0.0	0.0	0.0	0.0	0.0	0.0	0.0	0.0	0.0	0.0	0.0	0.0	0.0	37.0	0.0	0.0	0.0	0.0	0.0	0.0	0.0	0.0	0.0	0.0	0.0	0.0	0.0	0.0	0.0	0.0	0.0	0.0	0.0	0.0	0.0	0.0	0.0	0.0	0.0	0.0	0.0
SRR5224986	32.0	0.0	4637.0	1679.0	1111.0	16.0	4732.0	3550.0	3469.0	4151.0	738.0	1196.0	0.0	537.0	175.0	0.0	78.0	176.0	97.0	461.0	108.0	736.0	72.0	0.0	0.0	0.0	0.0	0.0	97.0	154.0	53.0	24.0	140.0	73.0	21.0	0.0	0.0	83.0	0.0	46.0	0.0	12.0	0.0	0.0	0.0	0.0	0.0	0.0	0.0	6.0	0.0	7.0	0.0	0.0	0.0	0.0	0.0	0.0	0.0	0.0	0.0	0.0	0.0	0.0	0.0	0.0	0.0	0.0	0.0	0.0	0.0	0.0	0.0	0.0	0.0	0.0	0.0	0.0	0.0	0.0	0.0	0.0	0.0	0.0	0.0	0.0	0.0	0.0	0.0
SRR5224988	130.0	65.0	2766.0	1391.0	2109.0	29.0	3639.0	3629.0	3423.0	2003.0	471.0	458.0	12.0	403.0	285.0	0.0	50.0	195.0	7.0	523.0	716.0	1620.0	161.0	395.0	16.0	354.0	68.0	15.0	80.0	587.0	0.0	0.0	355.0	33.0	121.0	0.0	0.0	64.0	0.0	0.0	75.0	0.0	0.0	0.0	0.0	0.0	0.0	77.0	61.0	23.0	0.0	0.0	0.0	0.0	0.0	0.0	0.0	33.0	35.0	0.0	0.0	0.0	0.0	0.0	0.0	0.0	0.0	0.0	0.0	0.0	0.0	0.0	0.0	0.0	0.0	0.0	0.0	0.0	0.0	0.0	0.0	0.0	0.0	0.0	0.0	0.0	0.0	0.0	0.0
SRR5224989	0.0	0.0	2981.0	454.0	429.0	60.0	2394.0	2645.0	3071.0	1255.0	534.0	408.0	0.0	104.0	177.0	28.0	82.0	101.0	0.0	489.0	153.0	463.0	16.0	18.0	0.0	0.0	39.0	0.0	65.0	165.0	30.0	0.0	73.0	39.0	8.0	136.0	0.0	202.0	0.0	0.0	13.0	0.0	0.0	0.0	0.0	10.0	0.0	0.0	0.0	16.0	0.0	14.0	0.0	0.0	44.0	0.0	0.0	0.0	0.0	0.0	0.0	0.0	0.0	0.0	0.0	0.0	0.0	0.0	0.0	0.0	0.0	0.0	0.0	0.0	0.0	0.0	0.0	0.0	0.0	0.0	0.0	0.0	0.0	0.0	0.0	0.0	0.0	0.0	0.0
SRR5224990	0.0	0.0	2765.0	702.0	291.0	0.0	2681.0	310.0	4277.0	746.0	35.0	0.0	0.0	0.0	0.0	0.0	0.0	0.0	14.0	306.0	20.0	0.0	0.0	0.0	0.0	22.0	0.0	0.0	0.0	0.0	0.0	0.0	0.0	12.0	0.0	0.0	0.0	0.0	0.0	0.0	0.0	0.0	0.0	0.0	0.0	0.0	0.0	0.0	0.0	0.0	0.0	0.0	0.0	0.0	0.0	0.0	0.0	0.0	0.0	0.0	0.0	0.0	0.0	0.0	0.0	0.0	0.0	0.0	0.0	0.0	0.0	0.0	0.0	0.0	0.0	0.0	0.0	0.0	0.0	0.0	0.0	0.0	0.0	0.0	0.0	0.0	0.0	0.0	0.0
SRR5224991	149.0	24.0	2832.0	857.0	1267.0	0.0	2704.0	4446.0	3023.0	1863.0	742.0	443.0	0.0	161.0	203.0	0.0	0.0	0.0	0.0	834.0	245.0	789.0	84.0	59.0	16.0	0.0	0.0	0.0	0.0	245.0	80.0	0.0	62.0	127.0	0.0	80.0	0.0	317.0	0.0	0.0	95.0	0.0	0.0	0.0	0.0	0.0	0.0	0.0	0.0	0.0	0.0	0.0	0.0	0.0	0.0	0.0	0.0	0.0	0.0	0.0	0.0	0.0	0.0	0.0	0.0	0.0	0.0	0.0	0.0	0.0	0.0	0.0	0.0	0.0	0.0	0.0	0.0	0.0	0.0	0.0	0.0	0.0	0.0	0.0	0.0	0.0	0.0	0.0	0.0
SRR5224992	35.0	20.0	3553.0	624.0	857.0	33.0	2795.0	3072.0	2659.0	3853.0	959.0	1102.0	0.0	237.0	118.0	0.0	0.0	22.0	37.0	637.0	175.0	428.0	127.0	0.0	0.0	42.0	0.0	0.0	0.0	76.0	0.0	17.0	49.0	0.0	0.0	241.0	20.0	92.0	0.0	45.0	0.0	0.0	0.0	0.0	0.0	0.0	8.0	0.0	11.0	0.0	0.0	0.0	0.0	0.0	34.0	0.0	0.0	0.0	0.0	0.0	0.0	0.0	0.0	0.0	0.0	0.0	0.0	0.0	0.0	0.0	0.0	0.0	0.0	0.0	0.0	0.0	0.0	13.0	0.0	0.0	0.0	0.0	0.0	0.0	0.0	0.0	0.0	0.0	0.0
SRR5224995	13.0	62.0	4126.0	1135.0	1664.0	0.0	3915.0	2303.0	4489.0	1511.0	416.0	455.0	0.0	250.0	0.0	23.0	46.0	170.0	36.0	431.0	750.0	248.0	132.0	19.0	0.0	63.0	17.0	0.0	69.0	184.0	79.0	0.0	26.0	117.0	37.0	204.0	7.0	494.0	0.0	21.0	0.0	0.0	0.0	0.0	0.0	15.0	0.0	0.0	0.0	0.0	0.0	0.0	0.0	0.0	0.0	0.0	13.0	49.0	0.0	0.0	0.0	0.0	0.0	0.0	0.0	0.0	0.0	0.0	0.0	0.0	0.0	0.0	0.0	0.0	0.0	0.0	0.0	0.0	0.0	0.0	0.0	0.0	0.0	0.0	0.0	0.0	0.0	0.0	0.0
SRR5224996	0.0	0.0	3502.0	1445.0	758.0	0.0	8131.0	496.0	4750.0	875.0	64.0	0.0	0.0	46.0	0.0	0.0	0.0	133.0	0.0	334.0	0.0	0.0	60.0	0.0	0.0	55.0	0.0	0.0	0.0	0.0	0.0	0.0	0.0	0.0	0.0	30.0	0.0	19.0	0.0	0.0	0.0	0.0	0.0	0.0	0.0	0.0	0.0	0.0	0.0	0.0	0.0	0.0	0.0	0.0	0.0	0.0	0.0	0.0	0.0	0.0	0.0	0.0	0.0	0.0	0.0	0.0	0.0	0.0	0.0	0.0	0.0	0.0	0.0	0.0	0.0	0.0	0.0	0.0	0.0	0.0	0.0	0.0	0.0	0.0	0.0	0.0	0.0	0.0	0.0
SRR5224997	36.0	0.0	1604.0	437.0	1183.0	0.0	1016.0	3631.0	999.0	1171.0	556.0	367.0	0.0	81.0	154.0	0.0	0.0	0.0	27.0	605.0	85.0	409.0	130.0	45.0	0.0	0.0	0.0	0.0	43.0	47.0	57.0	0.0	0.0	78.0	0.0	216.0	0.0	406.0	0.0	0.0	64.0	0.0	0.0	0.0	0.0	13.0	12.0	23.0	0.0	0.0	0.0	0.0	0.0	0.0	0.0	0.0	0.0	0.0	27.0	0.0	0.0	0.0	0.0	0.0	0.0	0.0	0.0	0.0	0.0	0.0	0.0	0.0	0.0	0.0	0.0	0.0	0.0	0.0	0.0	0.0	0.0	0.0	0.0	0.0	0.0	0.0	0.0	0.0	0.0
SRR5224998	91.0	45.0	4214.0	860.0	1003.0	25.0	4249.0	3461.0	4116.0	4379.0	933.0	670.0	0.0	383.0	178.0	0.0	33.0	95.0	35.0	653.0	467.0	429.0	84.0	12.0	0.0	22.0	0.0	0.0	74.0	284.0	4.0	0.0	135.0	60.0	0.0	193.0	0.0	249.0	0.0	42.0	12.0	0.0	0.0	0.0	0.0	0.0	0.0	0.0	25.0	0.0	0.0	0.0	0.0	0.0	0.0	0.0	25.0	0.0	0.0	0.0	0.0	0.0	0.0	0.0	0.0	5.0	0.0	0.0	0.0	0.0	0.0	0.0	0.0	0.0	0.0	0.0	0.0	0.0	0.0	0.0	0.0	0.0	0.0	0.0	0.0	0.0	0.0	0.0	0.0
SRR5225000	241.0	93.0	4250.0	1170.0	1990.0	13.0	2817.0	4900.0	2849.0	1981.0	851.0	616.0	0.0	362.0	100.0	0.0	29.0	536.0	241.0	630.0	425.0	1478.0	0.0	236.0	29.0	355.0	680.0	0.0	228.0	138.0	13.0	0.0	144.0	102.0	58.0	0.0	88.0	198.0	0.0	31.0	81.0	50.0	0.0	0.0	0.0	0.0	0.0	0.0	16.0	42.0	0.0	0.0	0.0	0.0	0.0	0.0	0.0	12.0	0.0	0.0	0.0	0.0	18.0	0.0	0.0	0.0	0.0	0.0	0.0	0.0	0.0	0.0	0.0	0.0	0.0	0.0	0.0	0.0	0.0	0.0	0.0	0.0	0.0	0.0	0.0	0.0	0.0	0.0	0.0
SRR5225001	0.0	96.0	4153.0	1637.0	1537.0	31.0	3241.0	4894.0	3572.0	2765.0	378.0	115.0	0.0	514.0	219.0	0.0	165.0	93.0	112.0	653.0	175.0	957.0	183.0	68.0	34.0	27.0	96.0	21.0	113.0	274.0	129.0	0.0	205.0	106.0	0.0	0.0	17.0	154.0	0.0	0.0	53.0	0.0	0.0	0.0	0.0	15.0	0.0	0.0	40.0	0.0	0.0	0.0	0.0	0.0	0.0	0.0	0.0	0.0	0.0	0.0	0.0	0.0	0.0	0.0	0.0	0.0	0.0	0.0	0.0	0.0	0.0	0.0	0.0	0.0	0.0	0.0	0.0	0.0	0.0	0.0	0.0	0.0	0.0	0.0	0.0	0.0	0.0	0.0	0.0
SRR5225002	0.0	15.0	1910.0	1126.0	1229.0	2.0	2815.0	913.0	3820.0	1878.0	60.0	137.0	0.0	59.0	0.0	0.0	87.0	50.0	108.0	238.0	58.0	96.0	252.0	0.0	0.0	46.0	0.0	0.0	8.0	127.0	58.0	0.0	13.0	63.0	24.0	0.0	0.0	0.0	0.0	0.0	0.0	0.0	0.0	0.0	0.0	0.0	0.0	0.0	0.0	0.0	0.0	0.0	0.0	0.0	0.0	0.0	0.0	0.0	2.0	0.0	0.0	0.0	0.0	0.0	0.0	0.0	0.0	0.0	0.0	0.0	0.0	0.0	0.0	0.0	0.0	0.0	0.0	0.0	0.0	0.0	0.0	0.0	0.0	0.0	0.0	0.0	0.0	0.0	0.0
SRR5225003	49.0	0.0	1771.0	569.0	964.0	0.0	1458.0	2646.0	2198.0	465.0	270.0	108.0	0.0	138.0	51.0	51.0	0.0	302.0	107.0	449.0	278.0	898.0	105.0	51.0	8.0	81.0	295.0	46.0	83.0	143.0	45.0	0.0	96.0	71.0	0.0	0.0	0.0	88.0	0.0	0.0	132.0	0.0	0.0	0.0	0.0	9.0	0.0	0.0	37.0	0.0	0.0	0.0	0.0	0.0	0.0	0.0	0.0	0.0	0.0	0.0	0.0	0.0	0.0	0.0	0.0	0.0	0.0	0.0	0.0	0.0	0.0	0.0	0.0	0.0	0.0	0.0	0.0	0.0	0.0	0.0	0.0	0.0	0.0	0.0	0.0	0.0	0.0	0.0	0.0
SRR5225004	0.0	18.0	2407.0	830.0	1250.0	13.0	2346.0	2192.0	3551.0	788.0	308.0	134.0	0.0	106.0	86.0	7.0	23.0	63.0	0.0	325.0	226.0	641.0	143.0	59.0	0.0	179.0	30.0	0.0	0.0	308.0	41.0	0.0	100.0	101.0	114.0	172.0	0.0	0.0	0.0	30.0	57.0	0.0	0.0	0.0	0.0	0.0	0.0	0.0	15.0	0.0	0.0	0.0	0.0	0.0	0.0	0.0	0.0	11.0	21.0	0.0	0.0	0.0	0.0	0.0	0.0	0.0	0.0	0.0	0.0	0.0	0.0	0.0	0.0	0.0	0.0	0.0	0.0	0.0	0.0	0.0	0.0	0.0	0.0	0.0	0.0	0.0	0.0	0.0	0.0
SRR5225005	0.0	44.0	1937.0	762.0	582.0	0.0	2123.0	543.0	5353.0	553.0	0.0	0.0	0.0	0.0	0.0	0.0	48.0	60.0	0.0	196.0	96.0	0.0	235.0	0.0	0.0	68.0	0.0	0.0	0.0	0.0	19.0	0.0	0.0	19.0	36.0	0.0	0.0	0.0	0.0	0.0	0.0	0.0	0.0	0.0	0.0	0.0	0.0	0.0	0.0	0.0	0.0	0.0	0.0	0.0	0.0	0.0	0.0	0.0	0.0	0.0	0.0	0.0	0.0	0.0	0.0	0.0	0.0	0.0	0.0	0.0	0.0	0.0	0.0	0.0	0.0	0.0	0.0	0.0	0.0	0.0	0.0	0.0	0.0	0.0	0.0	0.0	0.0	0.0	0.0
SRR5225006	46.0	0.0	1756.0	648.0	727.0	0.0	1749.0	1459.0	1877.0	692.0	314.0	118.0	0.0	302.0	156.0	17.0	0.0	28.0	114.0	370.0	142.0	621.0	93.0	22.0	0.0	34.0	21.0	0.0	36.0	44.0	49.0	0.0	0.0	77.0	0.0	99.0	0.0	160.0	0.0	0.0	26.0	0.0	0.0	0.0	0.0	0.0	0.0	0.0	0.0	6.0	0.0	0.0	0.0	0.0	0.0	0.0	0.0	0.0	0.0	0.0	0.0	0.0	0.0	0.0	0.0	0.0	0.0	0.0	0.0	0.0	0.0	0.0	0.0	0.0	0.0	0.0	0.0	0.0	0.0	0.0	0.0	0.0	0.0	0.0	0.0	0.0	0.0	0.0	0.0
SRR5225007	0.0	10.0	1888.0	444.0	706.0	0.0	1606.0	2223.0	938.0	1486.0	509.0	481.0	0.0	255.0	0.0	0.0	0.0	86.0	45.0	335.0	144.0	179.0	160.0	0.0	0.0	0.0	0.0	0.0	32.0	88.0	0.0	0.0	0.0	78.0	0.0	421.0	12.0	643.0	0.0	11.0	0.0	0.0	0.0	0.0	0.0	0.0	53.0	0.0	0.0	0.0	0.0	0.0	0.0	0.0	0.0	0.0	0.0	0.0	28.0	0.0	173.0	0.0	0.0	0.0	0.0	0.0	0.0	0.0	0.0	0.0	157.0	0.0	0.0	0.0	0.0	0.0	0.0	0.0	0.0	0.0	0.0	0.0	0.0	0.0	0.0	0.0	0.0	0.0	0.0
SRR5225008	0.0	16.0	1685.0	738.0	543.0	127.0	1805.0	627.0	3022.0	1168.0	199.0	40.0	0.0	14.0	0.0	0.0	239.0	30.0	0.0	294.0	73.0	84.0	55.0	0.0	0.0	0.0	0.0	0.0	0.0	177.0	13.0	0.0	16.0	30.0	28.0	0.0	0.0	0.0	0.0	0.0	0.0	0.0	0.0	0.0	0.0	0.0	0.0	0.0	0.0	0.0	0.0	0.0	0.0	0.0	0.0	0.0	0.0	0.0	0.0	0.0	0.0	0.0	0.0	0.0	0.0	0.0	0.0	0.0	0.0	0.0	0.0	0.0	0.0	0.0	0.0	0.0	0.0	0.0	0.0	0.0	0.0	0.0	0.0	0.0	0.0	0.0	0.0	0.0	0.0
SRR5225010	0.0	80.0	4611.0	1423.0	1247.0	51.0	4047.0	3874.0	4139.0	2699.0	463.0	659.0	0.0	586.0	256.0	24.0	0.0	106.0	47.0	119.0	372.0	1024.0	174.0	17.0	37.0	0.0	31.0	85.0	22.0	2.0	138.0	0.0	64.0	142.0	0.0	0.0	7.0	39.0	0.0	0.0	17.0	0.0	0.0	0.0	0.0	0.0	0.0	0.0	32.0	15.0	0.0	0.0	0.0	0.0	0.0	0.0	0.0	0.0	0.0	0.0	0.0	0.0	8.0	0.0	0.0	0.0	0.0	0.0	0.0	0.0	0.0	0.0	0.0	0.0	0.0	0.0	0.0	0.0	0.0	0.0	0.0	0.0	0.0	0.0	0.0	0.0	0.0	0.0	0.0
SRR5225011	0.0	0.0	2355.0	201.0	593.0	0.0	2012.0	166.0	4417.0	675.0	62.0	0.0	0.0	61.0	0.0	0.0	0.0	0.0	41.0	389.0	139.0	0.0	52.0	0.0	0.0	0.0	0.0	21.0	12.0	48.0	15.0	0.0	0.0	0.0	0.0	0.0	0.0	0.0	0.0	0.0	0.0	0.0	0.0	0.0	0.0	0.0	0.0	0.0	0.0	0.0	0.0	0.0	0.0	0.0	0.0	0.0	0.0	0.0	0.0	0.0	0.0	0.0	0.0	0.0	0.0	0.0	0.0	0.0	0.0	0.0	0.0	0.0	0.0	0.0	0.0	0.0	0.0	0.0	0.0	0.0	0.0	0.0	0.0	0.0	0.0	0.0	0.0	0.0	0.0
SRR5225012	0.0	0.0	1570.0	386.0	506.0	0.0	1464.0	1841.0	2563.0	636.0	306.0	158.0	0.0	198.0	109.0	0.0	0.0	98.0	17.0	339.0	56.0	426.0	77.0	16.0	0.0	0.0	0.0	0.0	25.0	122.0	93.0	0.0	0.0	38.0	0.0	93.0	0.0	72.0	0.0	0.0	19.0	0.0	0.0	0.0	0.0	0.0	0.0	0.0	0.0	0.0	0.0	2.0	0.0	0.0	0.0	0.0	0.0	0.0	0.0	0.0	0.0	0.0	0.0	0.0	0.0	0.0	0.0	0.0	0.0	0.0	0.0	0.0	0.0	0.0	0.0	0.0	0.0	0.0	0.0	0.0	0.0	0.0	0.0	0.0	0.0	0.0	0.0	0.0	0.0
SRR5225013	45.0	48.0	5302.0	1749.0	1809.0	20.0	5902.0	3395.0	5552.0	4614.0	885.0	1038.0	0.0	690.0	64.0	8.0	10.0	40.0	134.0	967.0	378.0	756.0	0.0	0.0	11.0	53.0	8.0	37.0	101.0	199.0	110.0	0.0	23.0	126.0	0.0	119.0	0.0	207.0	0.0	0.0	0.0	0.0	0.0	0.0	0.0	29.0	0.0	0.0	0.0	7.0	0.0	0.0	0.0	0.0	0.0	0.0	0.0	0.0	0.0	0.0	0.0	0.0	0.0	0.0	0.0	0.0	0.0	0.0	0.0	0.0	0.0	0.0	0.0	0.0	0.0	0.0	0.0	0.0	0.0	0.0	0.0	0.0	0.0	0.0	0.0	0.0	0.0	0.0	0.0
SRR5225015	80.0	0.0	1595.0	254.0	654.0	0.0	1080.0	2715.0	861.0	502.0	130.0	324.0	14.0	42.0	118.0	0.0	0.0	0.0	20.0	669.0	211.0	136.0	48.0	44.0	0.0	41.0	36.0	0.0	0.0	91.0	45.0	5.0	0.0	44.0	0.0	0.0	0.0	196.0	0.0	0.0	86.0	0.0	0.0	0.0	0.0	0.0	0.0	0.0	0.0	0.0	0.0	0.0	0.0	0.0	0.0	0.0	0.0	0.0	3.0	0.0	0.0	0.0	0.0	0.0	0.0	0.0	0.0	0.0	0.0	0.0	0.0	0.0	0.0	0.0	0.0	0.0	0.0	0.0	0.0	0.0	0.0	0.0	0.0	0.0	0.0	0.0	0.0	0.0	0.0
SRR5225016	0.0	38.0	2235.0	490.0	727.0	9.0	1485.0	1897.0	2536.0	947.0	439.0	330.0	0.0	74.0	127.0	0.0	7.0	10.0	0.0	187.0	57.0	228.0	80.0	28.0	0.0	0.0	0.0	0.0	0.0	65.0	38.0	21.0	40.0	110.0	0.0	143.0	0.0	181.0	0.0	0.0	3.0	0.0	0.0	0.0	0.0	0.0	0.0	0.0	0.0	0.0	0.0	0.0	0.0	0.0	0.0	0.0	9.0	0.0	0.0	2.0	0.0	0.0	0.0	0.0	0.0	0.0	0.0	0.0	0.0	0.0	0.0	0.0	0.0	0.0	0.0	0.0	0.0	0.0	0.0	0.0	0.0	0.0	0.0	0.0	0.0	0.0	0.0	0.0	0.0
SRR5225019	0.0	7.0	2484.0	1082.0	493.0	0.0	1601.0	1712.0	3756.0	198.0	218.0	20.0	0.0	29.0	0.0	0.0	0.0	27.0	116.0	107.0	21.0	172.0	207.0	16.0	0.0	47.0	51.0	0.0	0.0	328.0	32.0	0.0	0.0	49.0	135.0	97.0	43.0	18.0	0.0	0.0	53.0	0.0	0.0	0.0	0.0	0.0	0.0	0.0	0.0	0.0	0.0	0.0	0.0	0.0	0.0	0.0	0.0	9.0	0.0	0.0	0.0	0.0	0.0	0.0	0.0	0.0	0.0	0.0	0.0	0.0	0.0	0.0	0.0	0.0	0.0	0.0	0.0	0.0	0.0	0.0	0.0	0.0	0.0	0.0	0.0	0.0	0.0	0.0	0.0
SRR5225020	0.0	0.0	3177.0	579.0	526.0	0.0	2527.0	320.0	5625.0	435.0	0.0	0.0	0.0	52.0	0.0	0.0	90.0	0.0	136.0	160.0	6.0	0.0	380.0	0.0	0.0	92.0	0.0	0.0	0.0	0.0	38.0	0.0	0.0	28.0	51.0	0.0	0.0	0.0	0.0	0.0	0.0	0.0	0.0	0.0	0.0	0.0	0.0	0.0	0.0	0.0	0.0	0.0	0.0	0.0	0.0	0.0	0.0	0.0	0.0	0.0	0.0	0.0	0.0	0.0	0.0	0.0	0.0	0.0	0.0	0.0	0.0	0.0	0.0	0.0	0.0	0.0	0.0	0.0	0.0	0.0	0.0	0.0	0.0	0.0	0.0	0.0	0.0	0.0	0.0
SRR5225022	0.0	0.0	1611.0	189.0	360.0	0.0	1402.0	1226.0	2291.0	1405.0	518.0	148.0	0.0	152.0	0.0	0.0	0.0	0.0	13.0	324.0	10.0	59.0	80.0	0.0	0.0	0.0	0.0	0.0	19.0	83.0	0.0	0.0	40.0	40.0	11.0	227.0	0.0	0.0	0.0	0.0	0.0	0.0	0.0	0.0	0.0	0.0	0.0	0.0	0.0	0.0	0.0	0.0	0.0	0.0	0.0	0.0	0.0	0.0	0.0	0.0	0.0	0.0	0.0	0.0	0.0	0.0	0.0	0.0	0.0	0.0	0.0	0.0	0.0	0.0	0.0	0.0	0.0	0.0	0.0	0.0	0.0	0.0	0.0	0.0	0.0	0.0	0.0	0.0	0.0
SRR5225025	0.0	0.0	3541.0	829.0	1486.0	0.0	2810.0	3093.0	3411.0	387.0	185.0	298.0	0.0	95.0	113.0	0.0	0.0	152.0	49.0	260.0	145.0	489.0	202.0	37.0	0.0	75.0	45.0	0.0	18.0	126.0	194.0	0.0	30.0	84.0	19.0	0.0	0.0	44.0	0.0	0.0	24.0	17.0	0.0	0.0	0.0	0.0	0.0	26.0	9.0	24.0	0.0	0.0	0.0	0.0	0.0	0.0	20.0	0.0	0.0	0.0	0.0	0.0	0.0	0.0	0.0	0.0	0.0	0.0	0.0	0.0	0.0	0.0	0.0	0.0	0.0	0.0	0.0	0.0	0.0	0.0	0.0	0.0	0.0	0.0	0.0	0.0	0.0	0.0	0.0
SRR5225026	0.0	0.0	3335.0	1043.0	1028.0	0.0	2751.0	590.0	5540.0	892.0	146.0	0.0	0.0	0.0	0.0	0.0	0.0	31.0	0.0	317.0	10.0	0.0	237.0	0.0	0.0	0.0	0.0	0.0	9.0	32.0	64.0	0.0	0.0	0.0	0.0	0.0	0.0	0.0	0.0	0.0	0.0	0.0	0.0	0.0	0.0	0.0	0.0	0.0	0.0	0.0	0.0	0.0	0.0	0.0	0.0	0.0	0.0	0.0	0.0	0.0	0.0	0.0	0.0	0.0	0.0	0.0	0.0	0.0	0.0	0.0	0.0	0.0	0.0	0.0	0.0	0.0	0.0	0.0	0.0	0.0	0.0	0.0	0.0	0.0	0.0	0.0	0.0	0.0	0.0
SRR5225027	151.0	0.0	4032.0	1220.0	2455.0	0.0	3239.0	4386.0	2727.0	1199.0	594.0	497.0	0.0	378.0	282.0	18.0	84.0	543.0	171.0	685.0	745.0	1215.0	76.0	68.0	15.0	520.0	578.0	21.0	180.0	265.0	53.0	0.0	288.0	92.0	0.0	0.0	125.0	134.0	0.0	25.0	227.0	0.0	0.0	0.0	0.0	0.0	0.0	46.0	49.0	13.0	0.0	0.0	0.0	0.0	0.0	12.0	0.0	13.0	0.0	0.0	0.0	0.0	0.0	0.0	0.0	0.0	0.0	0.0	0.0	0.0	0.0	0.0	0.0	0.0	0.0	0.0	0.0	0.0	0.0	0.0	0.0	0.0	0.0	0.0	0.0	0.0	0.0	0.0	0.0
SRR5225028	0.0	0.0	1675.0	378.0	842.0	2.0	1697.0	1851.0	2187.0	289.0	260.0	86.0	0.0	101.0	22.0	0.0	0.0	98.0	0.0	227.0	25.0	318.0	74.0	24.0	0.0	55.0	24.0	0.0	28.0	294.0	78.0	0.0	42.0	50.0	0.0	0.0	9.0	0.0	0.0	0.0	15.0	15.0	0.0	0.0	0.0	0.0	0.0	0.0	0.0	10.0	0.0	3.0	0.0	0.0	0.0	0.0	0.0	0.0	0.0	0.0	0.0	0.0	0.0	0.0	0.0	0.0	0.0	0.0	0.0	0.0	0.0	0.0	0.0	0.0	0.0	0.0	0.0	0.0	0.0	0.0	0.0	0.0	0.0	0.0	0.0	0.0	0.0	0.0	0.0
SRR5225029	0.0	0.0	2413.0	954.0	937.0	0.0	2955.0	1145.0	3635.0	270.0	49.0	0.0	0.0	44.0	0.0	0.0	0.0	70.0	82.0	545.0	0.0	0.0	340.0	0.0	0.0	0.0	0.0	0.0	0.0	68.0	98.0	0.0	0.0	25.0	0.0	0.0	0.0	0.0	0.0	0.0	0.0	0.0	0.0	0.0	0.0	0.0	0.0	0.0	0.0	0.0	0.0	0.0	0.0	0.0	0.0	0.0	0.0	0.0	0.0	0.0	0.0	0.0	0.0	0.0	0.0	0.0	0.0	0.0	0.0	0.0	0.0	0.0	0.0	0.0	0.0	0.0	0.0	0.0	0.0	0.0	0.0	0.0	0.0	0.0	0.0	0.0	0.0	0.0	0.0
SRR5225030	36.0	20.0	2787.0	471.0	838.0	0.0	3456.0	2297.0	2424.0	1205.0	159.0	123.0	0.0	63.0	113.0	0.0	0.0	15.0	0.0	331.0	219.0	585.0	80.0	13.0	0.0	18.0	0.0	0.0	53.0	183.0	69.0	0.0	63.0	92.0	0.0	68.0	0.0	24.0	0.0	0.0	12.0	0.0	0.0	0.0	0.0	0.0	0.0	0.0	0.0	13.0	0.0	0.0	0.0	0.0	0.0	0.0	0.0	0.0	19.0	0.0	0.0	0.0	0.0	0.0	0.0	0.0	0.0	0.0	0.0	0.0	0.0	0.0	0.0	0.0	0.0	0.0	0.0	0.0	0.0	0.0	0.0	0.0	0.0	0.0	0.0	0.0	0.0	0.0	0.0
SRR5225031	0.0	0.0	3261.0	1270.0	1312.0	0.0	4232.0	549.0	6217.0	1201.0	601.0	0.0	0.0	0.0	0.0	0.0	0.0	0.0	0.0	656.0	61.0	0.0	162.0	0.0	0.0	0.0	0.0	0.0	0.0	109.0	0.0	0.0	27.0	0.0	0.0	0.0	0.0	0.0	0.0	0.0	0.0	0.0	0.0	0.0	0.0	0.0	0.0	0.0	0.0	0.0	0.0	0.0	0.0	0.0	0.0	0.0	0.0	0.0	9.0	0.0	0.0	0.0	0.0	0.0	0.0	0.0	0.0	0.0	0.0	0.0	0.0	0.0	0.0	0.0	0.0	0.0	0.0	0.0	0.0	0.0	0.0	0.0	0.0	0.0	0.0	0.0	0.0	0.0	0.0
SRR5225032	54.0	8.0	1851.0	561.0	532.0	0.0	1127.0	3016.0	1344.0	1478.0	789.0	491.0	0.0	265.0	148.0	0.0	0.0	0.0	0.0	534.0	0.0	265.0	110.0	0.0	0.0	33.0	0.0	0.0	51.0	118.0	11.0	0.0	0.0	46.0	0.0	46.0	0.0	163.0	0.0	0.0	0.0	0.0	0.0	0.0	0.0	0.0	0.0	0.0	0.0	0.0	0.0	0.0	0.0	0.0	0.0	0.0	0.0	0.0	0.0	0.0	0.0	0.0	0.0	0.0	0.0	0.0	0.0	0.0	0.0	0.0	0.0	0.0	0.0	0.0	0.0	0.0	0.0	0.0	0.0	0.0	0.0	0.0	0.0	0.0	0.0	0.0	0.0	0.0	0.0
SRR5225033	89.0	29.0	3874.0	1128.0	1520.0	41.0	2291.0	3955.0	2402.0	3294.0	670.0	1228.0	0.0	164.0	51.0	28.0	0.0	5.0	10.0	1060.0	426.0	396.0	134.0	102.0	7.0	33.0	20.0	0.0	139.0	155.0	66.0	0.0	74.0	32.0	0.0	0.0	0.0	137.0	0.0	0.0	0.0	40.0	0.0	0.0	0.0	39.0	0.0	0.0	0.0	11.0	0.0	0.0	2.0	0.0	0.0	0.0	0.0	0.0	0.0	0.0	0.0	9.0	0.0	0.0	0.0	0.0	0.0	0.0	0.0	0.0	0.0	0.0	0.0	0.0	0.0	0.0	0.0	0.0	0.0	0.0	0.0	0.0	0.0	0.0	0.0	0.0	0.0	0.0	0.0
SRR5225035	34.0	5.0	3793.0	1431.0	1964.0	24.0	4258.0	4258.0	4609.0	1626.0	506.0	249.0	22.0	481.0	322.0	61.0	92.0	569.0	129.0	508.0	1585.0	1792.0	185.0	110.0	176.0	433.0	293.0	95.0	274.0	423.0	39.0	0.0	208.0	135.0	86.0	171.0	36.0	48.0	0.0	58.0	110.0	14.0	15.0	0.0	0.0	30.0	0.0	30.0	82.0	41.0	0.0	0.0	0.0	0.0	0.0	9.0	0.0	0.0	0.0	0.0	0.0	0.0	0.0	0.0	0.0	0.0	0.0	0.0	0.0	0.0	0.0	0.0	0.0	0.0	0.0	0.0	0.0	0.0	0.0	0.0	0.0	0.0	0.0	0.0	0.0	0.0	0.0	0.0	0.0
SRR5225036	0.0	23.0	3607.0	840.0	1775.0	0.0	3334.0	4208.0	4359.0	1068.0	292.0	192.0	0.0	347.0	265.0	13.0	18.0	164.0	33.0	389.0	192.0	1122.0	223.0	73.0	0.0	160.0	119.0	15.0	67.0	355.0	102.0	0.0	153.0	183.0	14.0	260.0	45.0	164.0	0.0	34.0	125.0	0.0	0.0	0.0	0.0	13.0	0.0	0.0	64.0	9.0	0.0	0.0	0.0	0.0	46.0	0.0	0.0	24.0	33.0	7.0	34.0	0.0	0.0	0.0	0.0	0.0	0.0	0.0	0.0	0.0	18.0	0.0	0.0	0.0	0.0	0.0	0.0	0.0	0.0	0.0	0.0	0.0	0.0	0.0	0.0	0.0	0.0	0.0	0.0
SRR5225037	0.0	26.0	2872.0	1398.0	1332.0	0.0	2556.0	766.0	5326.0	513.0	16.0	0.0	0.0	62.0	0.0	0.0	93.0	54.0	45.0	373.0	54.0	0.0	202.0	0.0	0.0	0.0	0.0	0.0	0.0	131.0	44.0	0.0	0.0	46.0	0.0	0.0	0.0	0.0	0.0	0.0	0.0	0.0	0.0	0.0	0.0	0.0	0.0	0.0	0.0	0.0	0.0	0.0	0.0	0.0	0.0	0.0	0.0	0.0	0.0	0.0	0.0	0.0	0.0	0.0	0.0	0.0	0.0	0.0	0.0	0.0	0.0	0.0	0.0	0.0	0.0	0.0	0.0	0.0	0.0	0.0	0.0	0.0	0.0	0.0	0.0	0.0	0.0	0.0	0.0
SRR5225042	58.0	6.0	3017.0	1143.0	904.0	0.0	2760.0	2329.0	2472.0	4277.0	896.0	1249.0	31.0	306.0	229.0	0.0	0.0	0.0	155.0	760.0	509.0	1023.0	173.0	31.0	0.0	0.0	35.0	0.0	787.0	87.0	0.0	0.0	0.0	88.0	0.0	0.0	0.0	248.0	0.0	87.0	8.0	35.0	0.0	0.0	0.0	14.0	0.0	0.0	0.0	0.0	0.0	108.0	0.0	0.0	0.0	0.0	29.0	10.0	0.0	0.0	0.0	0.0	0.0	0.0	0.0	0.0	0.0	0.0	0.0	0.0	0.0	0.0	0.0	0.0	0.0	0.0	0.0	0.0	0.0	0.0	0.0	0.0	0.0	0.0	0.0	0.0	0.0	0.0	0.0
SRR5225049	0.0	61.0	2099.0	281.0	565.0	0.0	2061.0	2479.0	2161.0	1868.0	361.0	565.0	0.0	189.0	77.0	0.0	0.0	0.0	20.0	718.0	47.0	289.0	144.0	0.0	0.0	52.0	8.0	0.0	37.0	198.0	0.0	0.0	0.0	94.0	0.0	227.0	0.0	237.0	0.0	0.0	40.0	0.0	0.0	0.0	0.0	0.0	0.0	0.0	7.0	0.0	0.0	0.0	0.0	0.0	0.0	0.0	0.0	0.0	0.0	0.0	96.0	0.0	0.0	0.0	0.0	0.0	0.0	0.0	0.0	0.0	48.0	0.0	0.0	0.0	0.0	0.0	0.0	6.0	0.0	0.0	15.0	0.0	0.0	0.0	0.0	0.0	0.0	0.0	0.0
SRR5225051	41.0	0.0	2532.0	397.0	734.0	17.0	1558.0	2696.0	2101.0	767.0	449.0	35.0	0.0	171.0	312.0	0.0	24.0	230.0	134.0	532.0	90.0	960.0	82.0	26.0	0.0	96.0	106.0	0.0	28.0	136.0	156.0	0.0	19.0	44.0	0.0	0.0	0.0	29.0	0.0	0.0	46.0	0.0	0.0	0.0	0.0	0.0	0.0	0.0	14.0	11.0	0.0	0.0	0.0	0.0	0.0	0.0	0.0	0.0	0.0	0.0	0.0	0.0	0.0	0.0	0.0	0.0	0.0	0.0	0.0	0.0	0.0	0.0	0.0	0.0	0.0	0.0	0.0	0.0	0.0	0.0	0.0	0.0	0.0	0.0	0.0	0.0	0.0	0.0	0.0
SRR5225052	27.0	0.0	2417.0	1016.0	1184.0	0.0	2304.0	3276.0	3582.0	409.0	320.0	258.0	0.0	281.0	30.0	0.0	31.0	13.0	10.0	304.0	329.0	735.0	203.0	0.0	0.0	154.0	26.0	0.0	52.0	226.0	45.0	0.0	114.0	103.0	18.0	170.0	55.0	104.0	0.0	19.0	70.0	0.0	0.0	0.0	0.0	11.0	0.0	31.0	9.0	0.0	0.0	0.0	0.0	0.0	0.0	0.0	0.0	39.0	19.0	9.0	0.0	0.0	0.0	0.0	0.0	0.0	0.0	0.0	0.0	0.0	0.0	0.0	0.0	0.0	0.0	0.0	0.0	0.0	0.0	0.0	0.0	0.0	0.0	0.0	0.0	0.0	0.0	0.0	0.0
SRR5225053	0.0	0.0	1685.0	845.0	466.0	0.0	1906.0	383.0	3949.0	758.0	0.0	0.0	0.0	0.0	0.0	0.0	39.0	0.0	0.0	145.0	0.0	0.0	265.0	0.0	0.0	26.0	0.0	0.0	0.0	54.0	0.0	0.0	0.0	0.0	0.0	0.0	0.0	0.0	0.0	0.0	0.0	0.0	0.0	0.0	0.0	0.0	0.0	0.0	0.0	0.0	0.0	0.0	0.0	0.0	0.0	0.0	0.0	0.0	0.0	0.0	0.0	0.0	0.0	0.0	0.0	0.0	0.0	0.0	0.0	0.0	0.0	0.0	0.0	0.0	0.0	0.0	0.0	0.0	0.0	0.0	0.0	0.0	0.0	0.0	0.0	0.0	0.0	0.0	0.0
SRR5225064	32.0	29.0	2885.0	751.0	518.0	26.0	1947.0	1913.0	1975.0	2581.0	1540.0	855.0	0.0	449.0	101.0	0.0	0.0	14.0	62.0	317.0	22.0	441.0	117.0	0.0	0.0	59.0	0.0	0.0	0.0	174.0	0.0	0.0	146.0	130.0	0.0	0.0	0.0	115.0	0.0	0.0	0.0	0.0	0.0	0.0	0.0	0.0	0.0	0.0	7.0	12.0	0.0	0.0	0.0	0.0	0.0	0.0	0.0	0.0	0.0	0.0	0.0	0.0	0.0	0.0	0.0	0.0	0.0	0.0	0.0	0.0	0.0	0.0	0.0	0.0	0.0	0.0	0.0	0.0	0.0	0.0	0.0	0.0	0.0	0.0	0.0	0.0	0.0	0.0	0.0
SRR5225067	90.0	30.0	3740.0	1100.0	2148.0	0.0	3122.0	5513.0	3181.0	1505.0	540.0	479.0	17.0	492.0	193.0	33.0	20.0	590.0	185.0	570.0	965.0	1982.0	43.0	168.0	0.0	325.0	459.0	34.0	288.0	341.0	28.0	0.0	288.0	152.0	0.0	0.0	63.0	83.0	0.0	55.0	142.0	0.0	0.0	0.0	0.0	0.0	0.0	0.0	22.0	56.0	0.0	6.0	0.0	0.0	0.0	16.0	15.0	51.0	13.0	0.0	0.0	11.0	0.0	0.0	0.0	0.0	0.0	0.0	0.0	0.0	0.0	0.0	0.0	0.0	0.0	0.0	0.0	0.0	0.0	0.0	0.0	0.0	0.0	0.0	0.0	0.0	0.0	0.0	0.0
SRR5225074	89.0	0.0	4658.0	962.0	2149.0	37.0	4617.0	5046.0	3777.0	1088.0	307.0	482.0	0.0	367.0	395.0	26.0	16.0	162.0	80.0	529.0	369.0	1236.0	158.0	0.0	0.0	230.0	284.0	0.0	97.0	264.0	145.0	0.0	190.0	160.0	0.0	0.0	30.0	130.0	0.0	0.0	151.0	108.0	8.0	0.0	0.0	24.0	0.0	118.0	16.0	28.0	0.0	0.0	3.0	0.0	0.0	38.0	13.0	0.0	0.0	20.0	0.0	0.0	27.0	0.0	0.0	0.0	0.0	0.0	0.0	0.0	0.0	0.0	0.0	0.0	0.0	0.0	0.0	0.0	0.0	0.0	0.0	0.0	0.0	0.0	0.0	0.0	0.0	0.0	0.0
SRR5225079	0.0	0.0	1919.0	696.0	385.0	0.0	2497.0	781.0	3044.0	587.0	106.0	151.0	0.0	67.0	0.0	0.0	0.0	216.0	0.0	585.0	38.0	0.0	114.0	0.0	25.0	11.0	2.0	0.0	0.0	53.0	79.0	0.0	0.0	33.0	0.0	0.0	0.0	0.0	0.0	0.0	0.0	0.0	0.0	0.0	0.0	0.0	0.0	0.0	0.0	0.0	0.0	0.0	0.0	0.0	0.0	0.0	0.0	0.0	0.0	0.0	0.0	0.0	0.0	0.0	0.0	0.0	0.0	0.0	0.0	0.0	0.0	0.0	0.0	0.0	0.0	0.0	0.0	0.0	0.0	0.0	0.0	0.0	0.0	0.0	0.0	0.0	0.0	0.0	0.0
SRR5225080	212.0	206.0	5673.0	2529.0	2978.0	92.0	4337.0	5839.0	6075.0	4977.0	1506.0	1611.0	0.0	599.0	372.0	0.0	210.0	338.0	470.0	1234.0	1050.0	1628.0	103.0	44.0	6.0	636.0	174.0	0.0	1248.0	322.0	110.0	36.0	166.0	27.0	65.0	77.0	0.0	311.0	0.0	101.0	150.0	0.0	50.0	0.0	0.0	44.0	0.0	42.0	0.0	87.0	0.0	171.0	36.0	0.0	0.0	28.0	55.0	13.0	13.0	0.0	0.0	16.0	0.0	0.0	0.0	0.0	0.0	0.0	0.0	0.0	0.0	0.0	0.0	0.0	0.0	0.0	0.0	0.0	0.0	0.0	0.0	0.0	0.0	0.0	0.0	0.0	0.0	0.0	0.0
SRR5225081	0.0	12.0	1552.0	858.0	735.0	0.0	2334.0	904.0	2939.0	1464.0	150.0	270.0	0.0	293.0	112.0	0.0	0.0	7.0	118.0	97.0	87.0	46.0	63.0	13.0	0.0	22.0	0.0	0.0	61.0	19.0	17.0	9.0	0.0	74.0	10.0	0.0	0.0	19.0	0.0	0.0	0.0	0.0	0.0	0.0	0.0	0.0	0.0	0.0	0.0	0.0	0.0	0.0	0.0	0.0	0.0	0.0	0.0	0.0	0.0	0.0	0.0	0.0	0.0	0.0	0.0	0.0	0.0	0.0	0.0	0.0	0.0	0.0	0.0	0.0	0.0	0.0	0.0	0.0	0.0	0.0	0.0	0.0	0.0	0.0	0.0	0.0	0.0	0.0	0.0
SRR5225083	95.0	194.0	5445.0	2263.0	2507.0	106.0	3440.0	5192.0	3863.0	4801.0	1375.0	1728.0	0.0	721.0	367.0	42.0	84.0	888.0	357.0	1358.0	1741.0	1600.0	36.0	149.0	0.0	210.0	475.0	0.0	221.0	253.0	48.0	40.0	28.0	58.0	0.0	139.0	24.0	324.0	0.0	151.0	0.0	0.0	0.0	0.0	0.0	39.0	33.0	0.0	18.0	89.0	0.0	32.0	0.0	0.0	0.0	13.0	0.0	0.0	83.0	0.0	0.0	12.0	0.0	0.0	0.0	0.0	0.0	0.0	0.0	0.0	0.0	0.0	0.0	0.0	0.0	0.0	0.0	0.0	0.0	0.0	0.0	0.0	0.0	0.0	0.0	0.0	0.0	0.0	0.0
SRR5225096	0.0	0.0	1468.0	598.0	500.0	0.0	2102.0	1091.0	2863.0	483.0	253.0	176.0	0.0	290.0	195.0	0.0	0.0	21.0	116.0	219.0	41.0	255.0	48.0	0.0	0.0	0.0	0.0	0.0	15.0	202.0	0.0	0.0	25.0	48.0	0.0	0.0	0.0	33.0	0.0	0.0	0.0	0.0	0.0	0.0	0.0	0.0	0.0	0.0	0.0	0.0	0.0	0.0	0.0	0.0	0.0	0.0	0.0	0.0	0.0	0.0	0.0	0.0	0.0	0.0	0.0	0.0	0.0	0.0	0.0	0.0	0.0	0.0	0.0	0.0	0.0	0.0	0.0	0.0	0.0	0.0	0.0	0.0	0.0	0.0	0.0	0.0	0.0	0.0	0.0
SRR5225107	40.0	0.0	3335.0	761.0	1459.0	0.0	2065.0	3448.0	3138.0	1035.0	293.0	188.0	8.0	383.0	280.0	62.0	12.0	289.0	44.0	205.0	78.0	1146.0	108.0	24.0	36.0	278.0	101.0	0.0	84.0	358.0	29.0	0.0	31.0	137.0	0.0	0.0	0.0	185.0	0.0	0.0	85.0	0.0	0.0	0.0	0.0	0.0	0.0	38.0	27.0	19.0	0.0	0.0	0.0	0.0	0.0	0.0	0.0	0.0	0.0	0.0	0.0	0.0	0.0	0.0	0.0	0.0	0.0	0.0	0.0	0.0	0.0	0.0	0.0	0.0	0.0	0.0	0.0	0.0	0.0	0.0	0.0	0.0	0.0	0.0	0.0	0.0	0.0	0.0	0.0
SRR5225110	10.0	26.0	4227.0	1573.0	1092.0	0.0	2917.0	4203.0	4692.0	1935.0	542.0	275.0	0.0	211.0	170.0	38.0	89.0	262.0	55.0	499.0	315.0	928.0	236.0	32.0	0.0	30.0	91.0	10.0	76.0	270.0	139.0	0.0	226.0	108.0	18.0	121.0	0.0	138.0	0.0	0.0	62.0	0.0	0.0	0.0	0.0	0.0	0.0	46.0	9.0	8.0	0.0	0.0	0.0	0.0	0.0	0.0	0.0	31.0	9.0	13.0	0.0	0.0	0.0	0.0	0.0	0.0	0.0	0.0	0.0	0.0	0.0	0.0	0.0	0.0	0.0	0.0	0.0	0.0	0.0	0.0	0.0	0.0	0.0	0.0	0.0	0.0	0.0	0.0	0.0
SRR5225112	91.0	0.0	1890.0	419.0	778.0	0.0	1659.0	2022.0	1233.0	943.0	392.0	97.0	0.0	315.0	128.0	0.0	0.0	11.0	0.0	452.0	0.0	265.0	98.0	0.0	0.0	34.0	0.0	0.0	32.0	211.0	23.0	0.0	0.0	105.0	0.0	0.0	0.0	133.0	0.0	0.0	24.0	0.0	0.0	0.0	0.0	0.0	0.0	0.0	0.0	6.0	0.0	0.0	0.0	0.0	0.0	0.0	0.0	0.0	29.0	0.0	0.0	0.0	0.0	0.0	0.0	0.0	0.0	0.0	0.0	0.0	0.0	0.0	0.0	0.0	0.0	0.0	0.0	0.0	0.0	0.0	0.0	0.0	0.0	0.0	0.0	0.0	0.0	0.0	0.0
SRR5225113	0.0	113.0	3929.0	855.0	1066.0	79.0	3461.0	3286.0	2764.0	5146.0	630.0	1414.0	0.0	349.0	236.0	0.0	42.0	4.0	34.0	254.0	294.0	354.0	151.0	33.0	0.0	54.0	0.0	0.0	116.0	0.0	0.0	0.0	0.0	84.0	6.0	150.0	0.0	760.0	0.0	0.0	19.0	0.0	0.0	0.0	0.0	12.0	178.0	29.0	9.0	0.0	0.0	0.0	0.0	0.0	0.0	0.0	0.0	0.0	0.0	0.0	0.0	0.0	0.0	0.0	0.0	0.0	0.0	0.0	0.0	0.0	0.0	0.0	0.0	0.0	0.0	0.0	0.0	0.0	0.0	0.0	0.0	0.0	0.0	0.0	0.0	0.0	0.0	0.0	0.0
SRR5225125	27.0	22.0	4203.0	1265.0	2038.0	0.0	3349.0	4933.0	2736.0	1567.0	248.0	363.0	9.0	205.0	312.0	102.0	61.0	274.0	217.0	487.0	559.0	1312.0	69.0	28.0	14.0	197.0	317.0	0.0	82.0	118.0	36.0	0.0	166.0	0.0	7.0	69.0	64.0	297.0	0.0	0.0	90.0	36.0	0.0	0.0	0.0	0.0	0.0	25.0	0.0	13.0	0.0	0.0	0.0	0.0	0.0	0.0	0.0	0.0	0.0	0.0	0.0	19.0	0.0	0.0	0.0	0.0	0.0	0.0	0.0	0.0	0.0	0.0	0.0	0.0	0.0	0.0	0.0	0.0	0.0	0.0	0.0	0.0	0.0	0.0	0.0	0.0	0.0	0.0	0.0
SRR5225126	0.0	0.0	1991.0	473.0	1414.0	0.0	1382.0	1812.0	2273.0	511.0	310.0	161.0	16.0	284.0	52.0	12.0	112.0	167.0	0.0	256.0	271.0	635.0	86.0	100.0	0.0	14.0	370.0	15.0	0.0	15.0	78.0	0.0	150.0	57.0	6.0	90.0	33.0	0.0	0.0	7.0	24.0	0.0	0.0	0.0	0.0	0.0	0.0	39.0	48.0	4.0	0.0	0.0	0.0	0.0	0.0	0.0	0.0	32.0	0.0	0.0	0.0	0.0	29.0	0.0	0.0	0.0	0.0	0.0	0.0	0.0	0.0	0.0	0.0	0.0	0.0	0.0	0.0	0.0	0.0	0.0	0.0	0.0	0.0	0.0	0.0	0.0	0.0	0.0	0.0
SRR5225127	0.0	16.0	2483.0	1698.0	1857.0	99.0	3312.0	1394.0	4662.0	883.0	206.0	0.0	0.0	170.0	31.0	0.0	240.0	163.0	181.0	498.0	175.0	136.0	290.0	0.0	0.0	14.0	0.0	0.0	0.0	329.0	60.0	0.0	34.0	29.0	9.0	0.0	0.0	0.0	0.0	0.0	0.0	0.0	0.0	0.0	0.0	0.0	0.0	0.0	4.0	7.0	0.0	0.0	0.0	0.0	0.0	0.0	0.0	0.0	0.0	0.0	0.0	0.0	0.0	0.0	0.0	0.0	0.0	0.0	0.0	0.0	0.0	0.0	0.0	0.0	0.0	0.0	0.0	0.0	0.0	0.0	0.0	0.0	0.0	0.0	0.0	0.0	0.0	0.0	0.0
SRR5225128	0.0	11.0	1959.0	177.0	941.0	0.0	1258.0	2219.0	729.0	1370.0	188.0	256.0	0.0	128.0	155.0	0.0	0.0	0.0	15.0	593.0	56.0	465.0	20.0	28.0	0.0	53.0	0.0	0.0	166.0	152.0	97.0	0.0	33.0	37.0	0.0	0.0	0.0	113.0	0.0	0.0	19.0	0.0	0.0	0.0	0.0	0.0	0.0	0.0	0.0	0.0	0.0	0.0	0.0	0.0	0.0	0.0	0.0	0.0	0.0	0.0	0.0	0.0	0.0	0.0	0.0	0.0	0.0	0.0	0.0	0.0	0.0	0.0	0.0	0.0	0.0	0.0	0.0	0.0	0.0	0.0	0.0	0.0	0.0	0.0	0.0	0.0	0.0	0.0	0.0
SRR5225129	0.0	0.0	2519.0	694.0	970.0	0.0	2557.0	3442.0	2690.0	2069.0	525.0	365.0	0.0	109.0	204.0	0.0	0.0	117.0	0.0	476.0	163.0	776.0	75.0	0.0	13.0	52.0	18.0	0.0	96.0	103.0	106.0	0.0	58.0	124.0	0.0	0.0	0.0	0.0	0.0	0.0	14.0	0.0	0.0	0.0	0.0	0.0	0.0	0.0	0.0	17.0	0.0	0.0	0.0	0.0	0.0	0.0	0.0	0.0	0.0	0.0	0.0	0.0	0.0	0.0	0.0	0.0	0.0	0.0	0.0	0.0	0.0	0.0	0.0	0.0	0.0	0.0	0.0	0.0	0.0	0.0	0.0	0.0	0.0	0.0	0.0	0.0	0.0	0.0	0.0
SRR5225140	0.0	0.0	1444.0	663.0	612.0	0.0	1821.0	1285.0	2594.0	1358.0	52.0	0.0	0.0	0.0	0.0	0.0	0.0	0.0	0.0	465.0	164.0	137.0	77.0	0.0	0.0	0.0	0.0	0.0	21.0	125.0	0.0	0.0	0.0	0.0	0.0	0.0	0.0	0.0	0.0	0.0	0.0	0.0	0.0	0.0	0.0	0.0	0.0	0.0	0.0	0.0	0.0	0.0	0.0	0.0	0.0	0.0	0.0	0.0	0.0	0.0	0.0	0.0	0.0	0.0	0.0	0.0	0.0	0.0	0.0	0.0	0.0	0.0	0.0	0.0	0.0	0.0	0.0	0.0	0.0	0.0	0.0	0.0	0.0	0.0	0.0	0.0	0.0	0.0	0.0
SRR5225141	0.0	23.0	2610.0	912.0	1412.0	15.0	2677.0	3432.0	2734.0	1272.0	217.0	48.0	0.0	159.0	256.0	0.0	10.0	72.0	93.0	432.0	91.0	1126.0	99.0	19.0	14.0	100.0	159.0	29.0	0.0	142.0	56.0	0.0	191.0	105.0	0.0	159.0	8.0	46.0	0.0	0.0	19.0	27.0	0.0	0.0	0.0	0.0	0.0	0.0	0.0	0.0	0.0	0.0	0.0	0.0	0.0	0.0	0.0	0.0	0.0	0.0	0.0	21.0	0.0	0.0	0.0	0.0	0.0	0.0	0.0	0.0	0.0	0.0	0.0	0.0	0.0	0.0	0.0	0.0	0.0	0.0	0.0	0.0	0.0	0.0	0.0	0.0	0.0	0.0	0.0
SRR5225142	0.0	0.0	4368.0	1381.0	2533.0	21.0	2258.0	4201.0	4526.0	1059.0	472.0	32.0	15.0	702.0	264.0	0.0	180.0	384.0	208.0	448.0	452.0	993.0	229.0	36.0	0.0	61.0	534.0	91.0	140.0	189.0	72.0	0.0	24.0	62.0	0.0	0.0	41.0	0.0	0.0	54.0	186.0	0.0	23.0	0.0	0.0	0.0	0.0	0.0	26.0	0.0	0.0	0.0	0.0	0.0	0.0	0.0	0.0	34.0	0.0	0.0	0.0	0.0	133.0	0.0	0.0	0.0	0.0	0.0	0.0	0.0	0.0	0.0	0.0	0.0	0.0	0.0	0.0	0.0	0.0	0.0	0.0	0.0	0.0	0.0	0.0	0.0	0.0	0.0	0.0
SRR5225147	0.0	0.0	1929.0	820.0	1477.0	50.0	2027.0	1418.0	4289.0	489.0	33.0	0.0	0.0	83.0	19.0	0.0	215.0	43.0	80.0	275.0	35.0	95.0	175.0	0.0	0.0	19.0	0.0	0.0	0.0	260.0	95.0	0.0	0.0	51.0	12.0	0.0	0.0	0.0	0.0	0.0	0.0	0.0	0.0	0.0	0.0	0.0	0.0	0.0	0.0	0.0	0.0	0.0	0.0	0.0	0.0	0.0	0.0	0.0	0.0	0.0	0.0	0.0	0.0	0.0	0.0	0.0	0.0	0.0	0.0	0.0	0.0	0.0	0.0	0.0	0.0	0.0	0.0	0.0	0.0	0.0	0.0	0.0	0.0	0.0	0.0	0.0	0.0	0.0	0.0
SRR5225154	14.0	0.0	1673.0	285.0	821.0	0.0	1104.0	3198.0	1116.0	740.0	285.0	0.0	0.0	148.0	0.0	0.0	0.0	22.0	134.0	425.0	218.0	720.0	67.0	11.0	0.0	66.0	186.0	0.0	13.0	124.0	86.0	0.0	0.0	32.0	0.0	0.0	12.0	110.0	0.0	0.0	23.0	83.0	16.0	0.0	0.0	0.0	0.0	0.0	0.0	0.0	0.0	0.0	0.0	0.0	0.0	0.0	20.0	0.0	6.0	0.0	0.0	0.0	0.0	0.0	0.0	0.0	0.0	0.0	0.0	0.0	0.0	0.0	0.0	0.0	0.0	0.0	0.0	0.0	0.0	0.0	0.0	0.0	0.0	0.0	0.0	0.0	0.0	0.0	0.0
SRR5225155	23.0	7.0	2771.0	1082.0	2164.0	48.0	2606.0	2577.0	4351.0	1571.0	470.0	174.0	19.0	394.0	132.0	60.0	76.0	357.0	80.0	307.0	549.0	890.0	173.0	241.0	0.0	46.0	386.0	36.0	137.0	187.0	66.0	0.0	90.0	74.0	20.0	220.0	34.0	50.0	0.0	23.0	44.0	0.0	0.0	0.0	0.0	10.0	0.0	45.0	28.0	0.0	0.0	0.0	0.0	0.0	0.0	0.0	0.0	29.0	0.0	0.0	0.0	0.0	0.0	0.0	0.0	0.0	0.0	0.0	0.0	0.0	0.0	0.0	0.0	0.0	0.0	0.0	0.0	0.0	0.0	0.0	0.0	0.0	0.0	0.0	0.0	0.0	0.0	0.0	0.0
SRR5225156	0.0	0.0	1773.0	624.0	718.0	0.0	2629.0	708.0	3533.0	692.0	67.0	0.0	0.0	42.0	21.0	0.0	64.0	20.0	32.0	151.0	17.0	78.0	98.0	0.0	0.0	5.0	0.0	0.0	0.0	187.0	0.0	0.0	0.0	50.0	0.0	0.0	0.0	0.0	0.0	0.0	0.0	0.0	0.0	0.0	0.0	0.0	0.0	0.0	0.0	8.0	0.0	0.0	0.0	0.0	0.0	0.0	0.0	0.0	0.0	0.0	0.0	0.0	0.0	0.0	0.0	0.0	0.0	0.0	0.0	0.0	0.0	0.0	0.0	0.0	0.0	0.0	0.0	0.0	0.0	0.0	0.0	0.0	0.0	0.0	0.0	0.0	0.0	0.0	0.0
SRR5225157	36.0	0.0	1653.0	401.0	834.0	9.0	873.0	3159.0	487.0	1418.0	427.0	611.0	0.0	0.0	151.0	0.0	0.0	0.0	25.0	582.0	484.0	446.0	17.0	0.0	8.0	25.0	104.0	0.0	219.0	101.0	0.0	0.0	0.0	0.0	0.0	0.0	0.0	102.0	0.0	0.0	88.0	0.0	0.0	0.0	0.0	0.0	0.0	0.0	0.0	0.0	0.0	0.0	0.0	0.0	0.0	0.0	26.0	0.0	0.0	0.0	0.0	0.0	0.0	0.0	0.0	0.0	0.0	0.0	0.0	0.0	0.0	0.0	0.0	0.0	0.0	0.0	0.0	0.0	0.0	0.0	0.0	0.0	0.0	0.0	0.0	0.0	0.0	0.0	0.0
SRR5225158	51.0	37.0	3677.0	1136.0	2023.0	28.0	2916.0	5572.0	2853.0	2679.0	539.0	989.0	0.0	193.0	209.0	0.0	11.0	108.0	54.0	1003.0	507.0	1311.0	111.0	79.0	0.0	247.0	81.0	0.0	231.0	241.0	150.0	0.0	131.0	61.0	0.0	0.0	0.0	48.0	0.0	25.0	133.0	39.0	0.0	0.0	0.0	21.0	0.0	0.0	0.0	0.0	0.0	0.0	0.0	0.0	0.0	0.0	42.0	17.0	0.0	0.0	0.0	0.0	0.0	0.0	0.0	0.0	0.0	0.0	0.0	0.0	0.0	0.0	0.0	0.0	0.0	0.0	0.0	0.0	0.0	0.0	0.0	0.0	0.0	0.0	0.0	0.0	0.0	0.0	0.0
SRR5225159	0.0	25.0	2762.0	759.0	537.0	0.0	2068.0	228.0	3312.0	1728.0	174.0	75.0	0.0	18.0	0.0	0.0	23.0	0.0	16.0	276.0	15.0	114.0	0.0	0.0	0.0	38.0	0.0	0.0	22.0	80.0	0.0	0.0	0.0	40.0	0.0	0.0	0.0	0.0	0.0	0.0	0.0	0.0	0.0	0.0	0.0	0.0	0.0	0.0	0.0	0.0	0.0	0.0	0.0	0.0	0.0	0.0	0.0	0.0	0.0	0.0	0.0	0.0	0.0	0.0	0.0	0.0	0.0	0.0	0.0	0.0	0.0	0.0	0.0	0.0	0.0	0.0	0.0	0.0	0.0	0.0	0.0	0.0	0.0	0.0	0.0	0.0	0.0	0.0	0.0
SRR5225160	39.0	8.0	2465.0	669.0	1333.0	16.0	1261.0	4124.0	1152.0	1359.0	507.0	110.0	0.0	228.0	224.0	24.0	27.0	318.0	0.0	615.0	28.0	1529.0	29.0	41.0	0.0	27.0	101.0	0.0	32.0	259.0	45.0	0.0	183.0	121.0	0.0	0.0	0.0	147.0	0.0	67.0	22.0	86.0	0.0	0.0	0.0	0.0	0.0	62.0	16.0	15.0	0.0	0.0	0.0	0.0	0.0	0.0	44.0	0.0	0.0	0.0	0.0	0.0	30.0	0.0	0.0	0.0	0.0	0.0	0.0	0.0	0.0	8.0	0.0	0.0	0.0	0.0	0.0	0.0	0.0	0.0	0.0	0.0	0.0	0.0	0.0	0.0	0.0	0.0	0.0
SRR5225168	30.0	35.0	3106.0	1016.0	959.0	8.0	2651.0	1870.0	3450.0	706.0	154.0	284.0	0.0	159.0	49.0	11.0	80.0	13.0	59.0	359.0	744.0	422.0	165.0	74.0	0.0	57.0	82.0	0.0	67.0	120.0	122.0	0.0	87.0	71.0	16.0	157.0	0.0	44.0	0.0	0.0	12.0	0.0	0.0	0.0	0.0	0.0	0.0	0.0	11.0	0.0	0.0	0.0	0.0	0.0	0.0	0.0	0.0	25.0	0.0	0.0	0.0	0.0	0.0	0.0	0.0	0.0	0.0	0.0	0.0	0.0	0.0	0.0	0.0	0.0	0.0	0.0	0.0	0.0	0.0	0.0	0.0	0.0	0.0	0.0	0.0	0.0	0.0	0.0	0.0
SRR5225169	0.0	20.0	2179.0	1426.0	222.0	0.0	2678.0	427.0	3805.0	937.0	54.0	0.0	0.0	0.0	0.0	0.0	0.0	59.0	0.0	143.0	23.0	0.0	86.0	0.0	0.0	32.0	0.0	0.0	0.0	110.0	10.0	0.0	0.0	0.0	0.0	0.0	0.0	0.0	0.0	0.0	0.0	0.0	0.0	0.0	0.0	0.0	0.0	0.0	0.0	0.0	0.0	0.0	0.0	0.0	0.0	0.0	0.0	0.0	0.0	0.0	0.0	0.0	0.0	0.0	0.0	0.0	0.0	0.0	0.0	0.0	0.0	0.0	0.0	0.0	0.0	0.0	0.0	0.0	0.0	0.0	0.0	0.0	0.0	0.0	0.0	0.0	0.0	0.0	0.0
SRR5225170	0.0	127.0	3697.0	965.0	895.0	280.0	3490.0	626.0	5043.0	3931.0	2393.0	219.0	0.0	280.0	269.0	0.0	201.0	43.0	0.0	0.0	112.0	749.0	21.0	19.0	0.0	34.0	0.0	127.0	161.0	868.0	89.0	75.0	775.0	0.0	0.0	0.0	0.0	12.0	0.0	47.0	74.0	0.0	0.0	0.0	107.0	19.0	0.0	0.0	78.0	0.0	0.0	0.0	0.0	202.0	152.0	0.0	0.0	0.0	25.0	0.0	0.0	46.0	76.0	23.0	0.0	42.0	0.0	0.0	109.0	0.0	0.0	0.0	0.0	0.0	6.0	0.0	0.0	0.0	0.0	0.0	0.0	0.0	0.0	0.0	0.0	0.0	0.0	0.0	0.0
SRR5225171	23.0	59.0	4098.0	1097.0	1394.0	49.0	3220.0	5658.0	2281.0	4019.0	743.0	969.0	0.0	411.0	357.0	0.0	77.0	295.0	34.0	834.0	294.0	1137.0	97.0	43.0	0.0	209.0	0.0	0.0	223.0	338.0	22.0	0.0	267.0	101.0	66.0	343.0	0.0	206.0	0.0	0.0	79.0	0.0	0.0	0.0	0.0	32.0	0.0	45.0	18.0	7.0	0.0	0.0	0.0	0.0	44.0	0.0	45.0	0.0	0.0	19.0	0.0	6.0	0.0	0.0	0.0	0.0	0.0	0.0	0.0	0.0	0.0	0.0	0.0	0.0	0.0	0.0	0.0	0.0	0.0	0.0	0.0	0.0	0.0	0.0	0.0	0.0	0.0	0.0	0.0
SRR5225172	0.0	0.0	1994.0	926.0	330.0	0.0	1239.0	197.0	4233.0	1046.0	231.0	0.0	0.0	0.0	0.0	0.0	0.0	0.0	10.0	40.0	0.0	0.0	187.0	0.0	0.0	0.0	0.0	0.0	0.0	0.0	0.0	0.0	0.0	0.0	10.0	0.0	0.0	0.0	0.0	0.0	0.0	0.0	0.0	0.0	0.0	0.0	0.0	0.0	0.0	0.0	0.0	0.0	0.0	0.0	0.0	0.0	0.0	0.0	0.0	0.0	0.0	0.0	0.0	0.0	0.0	0.0	0.0	0.0	0.0	0.0	0.0	0.0	0.0	0.0	0.0	0.0	0.0	0.0	0.0	0.0	0.0	0.0	0.0	0.0	0.0	0.0	0.0	0.0	0.0
SRR5225173	42.0	37.0	2499.0	561.0	1071.0	33.0	1157.0	4470.0	818.0	2291.0	826.0	964.0	0.0	0.0	176.0	8.0	0.0	230.0	12.0	827.0	228.0	963.0	148.0	0.0	8.0	26.0	73.0	0.0	0.0	187.0	44.0	0.0	121.0	58.0	0.0	126.0	0.0	110.0	0.0	127.0	8.0	11.0	16.0	0.0	0.0	0.0	0.0	0.0	0.0	0.0	0.0	8.0	0.0	0.0	0.0	0.0	0.0	8.0	0.0	0.0	0.0	0.0	0.0	0.0	0.0	0.0	0.0	0.0	0.0	0.0	0.0	0.0	0.0	0.0	0.0	0.0	0.0	0.0	0.0	0.0	0.0	0.0	0.0	0.0	0.0	0.0	0.0	0.0	0.0
SRR5225174	0.0	27.0	6114.0	1324.0	2483.0	25.0	3849.0	3307.0	5990.0	2802.0	45.0	798.0	27.0	290.0	112.0	27.0	55.0	389.0	266.0	543.0	887.0	874.0	392.0	30.0	0.0	85.0	429.0	10.0	189.0	105.0	21.0	0.0	32.0	62.0	13.0	59.0	0.0	39.0	0.0	52.0	0.0	0.0	0.0	0.0	0.0	0.0	0.0	0.0	0.0	0.0	0.0	0.0	0.0	0.0	0.0	0.0	0.0	25.0	11.0	0.0	0.0	0.0	11.0	0.0	0.0	0.0	0.0	0.0	0.0	0.0	0.0	0.0	0.0	0.0	0.0	0.0	0.0	0.0	0.0	0.0	0.0	0.0	0.0	0.0	0.0	0.0	0.0	0.0	0.0
SRR5225175	6.0	0.0	2775.0	1342.0	907.0	55.0	3446.0	1273.0	3619.0	1470.0	0.0	141.0	0.0	29.0	0.0	0.0	15.0	131.0	102.0	403.0	73.0	134.0	138.0	0.0	0.0	0.0	0.0	0.0	0.0	35.0	34.0	0.0	0.0	35.0	0.0	0.0	0.0	0.0	0.0	0.0	0.0	0.0	0.0	0.0	0.0	0.0	0.0	0.0	0.0	0.0	0.0	0.0	0.0	0.0	0.0	0.0	0.0	0.0	0.0	0.0	0.0	0.0	0.0	0.0	0.0	0.0	0.0	0.0	0.0	0.0	0.0	0.0	0.0	0.0	0.0	0.0	0.0	0.0	0.0	0.0	0.0	0.0	0.0	0.0	0.0	0.0	0.0	0.0	0.0
SRR5225176	0.0	10.0	2519.0	694.0	1211.0	0.0	2052.0	2726.0	1576.0	2406.0	457.0	397.0	0.0	142.0	278.0	0.0	0.0	124.0	114.0	785.0	162.0	676.0	143.0	17.0	0.0	31.0	0.0	0.0	73.0	144.0	0.0	0.0	0.0	131.0	6.0	176.0	18.0	95.0	0.0	16.0	0.0	33.0	0.0	0.0	0.0	0.0	0.0	0.0	0.0	0.0	0.0	5.0	0.0	0.0	0.0	0.0	0.0	0.0	32.0	0.0	0.0	0.0	20.0	0.0	0.0	0.0	0.0	0.0	0.0	0.0	0.0	0.0	0.0	0.0	0.0	0.0	0.0	0.0	0.0	0.0	0.0	0.0	0.0	0.0	0.0	0.0	0.0	0.0	0.0
SRR5225177	21.0	41.0	3021.0	736.0	1204.0	37.0	3048.0	3342.0	2249.0	3199.0	692.0	961.0	0.0	198.0	211.0	5.0	9.0	0.0	0.0	608.0	167.0	979.0	129.0	0.0	0.0	66.0	0.0	0.0	101.0	282.0	0.0	0.0	108.0	157.0	18.0	237.0	0.0	252.0	0.0	21.0	16.0	0.0	0.0	0.0	0.0	15.0	0.0	0.0	0.0	11.0	0.0	0.0	0.0	0.0	0.0	0.0	0.0	13.0	11.0	0.0	0.0	0.0	0.0	0.0	0.0	0.0	0.0	0.0	0.0	0.0	0.0	0.0	0.0	0.0	0.0	0.0	0.0	0.0	0.0	0.0	0.0	0.0	0.0	0.0	0.0	0.0	0.0	0.0	0.0
SRR5225178	0.0	0.0	1866.0	671.0	234.0	0.0	2266.0	382.0	3333.0	1002.0	82.0	72.0	0.0	71.0	0.0	0.0	0.0	0.0	0.0	180.0	0.0	0.0	108.0	0.0	0.0	0.0	0.0	0.0	0.0	76.0	0.0	0.0	0.0	0.0	0.0	0.0	0.0	31.0	0.0	0.0	0.0	0.0	0.0	0.0	0.0	0.0	0.0	0.0	0.0	0.0	0.0	0.0	0.0	0.0	0.0	0.0	0.0	0.0	0.0	0.0	0.0	0.0	0.0	0.0	0.0	0.0	0.0	0.0	0.0	0.0	0.0	0.0	0.0	0.0	0.0	0.0	0.0	0.0	0.0	0.0	0.0	0.0	0.0	0.0	0.0	0.0	0.0	0.0	0.0
SRR5225179	70.0	0.0	2526.0	669.0	1286.0	0.0	2111.0	4530.0	1598.0	1625.0	631.0	424.0	0.0	221.0	355.0	0.0	13.0	240.0	43.0	687.0	264.0	1100.0	49.0	69.0	0.0	126.0	178.0	0.0	146.0	43.0	50.0	0.0	0.0	87.0	0.0	0.0	10.0	106.0	0.0	47.0	0.0	47.0	9.0	0.0	0.0	0.0	0.0	0.0	0.0	0.0	0.0	0.0	0.0	0.0	0.0	0.0	28.0	0.0	0.0	0.0	0.0	0.0	0.0	0.0	0.0	0.0	0.0	0.0	0.0	0.0	0.0	0.0	0.0	0.0	0.0	0.0	0.0	0.0	0.0	0.0	0.0	0.0	0.0	0.0	0.0	0.0	0.0	0.0	0.0
SRR5225180	33.0	0.0	4149.0	2050.0	1890.0	22.0	3136.0	3138.0	4502.0	1916.0	85.0	421.0	0.0	328.0	103.0	49.0	100.0	537.0	159.0	335.0	664.0	990.0	282.0	128.0	0.0	66.0	421.0	0.0	110.0	221.0	69.0	34.0	213.0	124.0	20.0	200.0	0.0	78.0	0.0	30.0	17.0	0.0	0.0	0.0	0.0	0.0	0.0	29.0	20.0	0.0	0.0	0.0	0.0	0.0	0.0	0.0	0.0	27.0	0.0	0.0	0.0	0.0	0.0	0.0	0.0	0.0	0.0	0.0	0.0	0.0	0.0	0.0	0.0	0.0	0.0	0.0	0.0	0.0	0.0	0.0	0.0	0.0	0.0	0.0	0.0	0.0	0.0	0.0	0.0
SRR5225182	29.0	57.0	2452.0	419.0	591.0	0.0	2068.0	2868.0	2108.0	947.0	21.0	250.0	0.0	0.0	221.0	0.0	0.0	23.0	40.0	549.0	212.0	458.0	19.0	69.0	10.0	58.0	128.0	0.0	134.0	53.0	70.0	0.0	0.0	34.0	0.0	0.0	0.0	37.0	0.0	0.0	23.0	0.0	0.0	0.0	0.0	0.0	0.0	0.0	0.0	0.0	0.0	0.0	0.0	0.0	0.0	0.0	0.0	0.0	0.0	0.0	0.0	0.0	0.0	0.0	0.0	0.0	0.0	0.0	0.0	0.0	0.0	0.0	0.0	0.0	0.0	0.0	0.0	0.0	0.0	0.0	0.0	0.0	0.0	0.0	0.0	0.0	0.0	0.0	0.0
SRR5225183	0.0	71.0	3288.0	915.0	611.0	49.0	3058.0	3547.0	3176.0	2539.0	732.0	422.0	0.0	124.0	221.0	0.0	11.0	0.0	0.0	551.0	179.0	774.0	82.0	22.0	0.0	108.0	0.0	12.0	79.0	298.0	40.0	0.0	208.0	77.0	33.0	192.0	0.0	128.0	0.0	0.0	34.0	0.0	0.0	0.0	0.0	16.0	0.0	24.0	0.0	0.0	0.0	0.0	0.0	0.0	0.0	0.0	0.0	12.0	13.0	0.0	0.0	0.0	0.0	0.0	0.0	0.0	0.0	0.0	0.0	0.0	0.0	0.0	0.0	0.0	0.0	0.0	0.0	0.0	0.0	0.0	0.0	0.0	0.0	0.0	0.0	0.0	0.0	0.0	0.0
SRR5225185	69.0	51.0	3029.0	956.0	1637.0	25.0	2042.0	2999.0	2506.0	2714.0	645.0	1280.0	0.0	248.0	121.0	0.0	0.0	159.0	0.0	1088.0	66.0	816.0	118.0	0.0	0.0	78.0	12.0	0.0	395.0	120.0	49.0	0.0	96.0	98.0	0.0	57.0	27.0	239.0	0.0	0.0	29.0	0.0	0.0	0.0	0.0	14.0	0.0	0.0	0.0	0.0	0.0	24.0	0.0	0.0	0.0	0.0	46.0	0.0	31.0	0.0	0.0	0.0	0.0	0.0	0.0	0.0	0.0	0.0	0.0	0.0	0.0	0.0	0.0	0.0	0.0	0.0	0.0	0.0	0.0	0.0	0.0	0.0	0.0	0.0	0.0	0.0	0.0	0.0	0.0
SRR5225186	0.0	0.0	2436.0	319.0	895.0	0.0	1980.0	1487.0	2297.0	723.0	148.0	176.0	0.0	0.0	137.0	13.0	6.0	210.0	19.0	243.0	81.0	223.0	14.0	0.0	0.0	26.0	61.0	0.0	29.0	72.0	150.0	0.0	0.0	48.0	0.0	0.0	5.0	0.0	0.0	0.0	0.0	0.0	5.0	0.0	0.0	0.0	0.0	0.0	0.0	0.0	0.0	8.0	0.0	0.0	0.0	0.0	0.0	0.0	5.0	0.0	0.0	0.0	0.0	0.0	0.0	0.0	0.0	0.0	0.0	0.0	0.0	0.0	0.0	0.0	0.0	0.0	0.0	0.0	0.0	0.0	0.0	0.0	0.0	0.0	0.0	0.0	0.0	0.0	0.0
SRR5225187	0.0	0.0	2308.0	666.0	568.0	0.0	2751.0	583.0	4623.0	484.0	88.0	0.0	0.0	0.0	0.0	0.0	0.0	238.0	36.0	148.0	0.0	0.0	45.0	0.0	0.0	14.0	0.0	0.0	0.0	28.0	65.0	0.0	0.0	0.0	0.0	0.0	0.0	0.0	0.0	0.0	0.0	0.0	0.0	0.0	0.0	0.0	0.0	0.0	0.0	0.0	0.0	0.0	0.0	0.0	0.0	0.0	0.0	0.0	0.0	0.0	0.0	0.0	0.0	0.0	0.0	0.0	0.0	0.0	0.0	0.0	0.0	0.0	0.0	0.0	0.0	0.0	0.0	0.0	0.0	0.0	0.0	0.0	0.0	0.0	0.0	0.0	0.0	0.0	0.0
SRR5225188	0.0	30.0	2758.0	903.0	1168.0	0.0	2368.0	2524.0	2713.0	2204.0	373.0	329.0	0.0	196.0	175.0	0.0	0.0	209.0	46.0	347.0	98.0	662.0	75.0	29.0	0.0	127.0	11.0	0.0	152.0	132.0	62.0	0.0	0.0	103.0	0.0	0.0	0.0	50.0	0.0	0.0	19.0	0.0	0.0	0.0	0.0	0.0	0.0	0.0	0.0	0.0	0.0	0.0	0.0	0.0	0.0	0.0	0.0	0.0	5.0	0.0	0.0	0.0	0.0	0.0	0.0	0.0	0.0	0.0	0.0	0.0	0.0	0.0	0.0	0.0	0.0	0.0	0.0	0.0	0.0	0.0	0.0	0.0	0.0	0.0	0.0	0.0	0.0	0.0	0.0
SRR5225190	0.0	0.0	2262.0	1017.0	628.0	0.0	1047.0	373.0	3008.0	1211.0	80.0	95.0	0.0	63.0	0.0	0.0	0.0	14.0	41.0	383.0	0.0	0.0	92.0	0.0	10.0	16.0	0.0	0.0	0.0	87.0	0.0	0.0	0.0	0.0	0.0	0.0	0.0	0.0	0.0	0.0	0.0	0.0	0.0	0.0	0.0	0.0	0.0	0.0	0.0	0.0	0.0	0.0	0.0	0.0	0.0	0.0	0.0	0.0	0.0	0.0	0.0	0.0	0.0	0.0	0.0	0.0	0.0	0.0	0.0	0.0	0.0	0.0	0.0	0.0	0.0	0.0	0.0	0.0	0.0	0.0	0.0	0.0	0.0	0.0	0.0	0.0	0.0	0.0	0.0
SRR5225191	0.0	26.0	3863.0	1351.0	2321.0	0.0	3156.0	5824.0	4004.0	2901.0	616.0	881.0	43.0	124.0	276.0	20.0	49.0	354.0	76.0	867.0	720.0	1386.0	168.0	69.0	0.0	149.0	658.0	0.0	750.0	174.0	45.0	0.0	17.0	60.0	0.0	131.0	39.0	280.0	0.0	67.0	62.0	16.0	121.0	0.0	0.0	0.0	0.0	0.0	0.0	13.0	0.0	75.0	0.0	0.0	0.0	0.0	0.0	9.0	0.0	0.0	0.0	0.0	0.0	0.0	0.0	0.0	0.0	0.0	0.0	0.0	0.0	0.0	0.0	0.0	0.0	0.0	0.0	0.0	0.0	0.0	0.0	0.0	0.0	0.0	0.0	0.0	0.0	0.0	0.0
SRR5225192	0.0	21.0	3326.0	1016.0	1575.0	0.0	3754.0	2154.0	4032.0	1719.0	126.0	321.0	0.0	57.0	140.0	12.0	85.0	75.0	175.0	203.0	432.0	450.0	162.0	0.0	4.0	86.0	121.0	0.0	79.0	0.0	43.0	0.0	52.0	46.0	26.0	117.0	0.0	44.0	0.0	22.0	19.0	0.0	0.0	0.0	0.0	0.0	0.0	0.0	0.0	7.0	0.0	0.0	0.0	0.0	0.0	0.0	0.0	0.0	0.0	0.0	0.0	0.0	0.0	0.0	0.0	0.0	0.0	0.0	0.0	0.0	0.0	0.0	0.0	0.0	0.0	0.0	0.0	0.0	0.0	0.0	0.0	0.0	0.0	0.0	0.0	0.0	0.0	0.0	0.0
SRR5225194	94.0	20.0	2429.0	483.0	969.0	0.0	1339.0	4714.0	972.0	1264.0	260.0	438.0	0.0	19.0	162.0	0.0	0.0	14.0	28.0	881.0	294.0	589.0	32.0	94.0	0.0	0.0	131.0	0.0	225.0	100.0	136.0	0.0	61.0	56.0	0.0	0.0	0.0	74.0	0.0	12.0	21.0	39.0	0.0	0.0	0.0	0.0	0.0	0.0	0.0	0.0	0.0	9.0	0.0	0.0	0.0	0.0	0.0	0.0	0.0	0.0	0.0	0.0	0.0	0.0	0.0	0.0	0.0	0.0	0.0	0.0	0.0	0.0	0.0	0.0	0.0	0.0	0.0	0.0	0.0	0.0	0.0	0.0	0.0	0.0	0.0	0.0	0.0	0.0	0.0
SRR5225195	65.0	86.0	5068.0	1648.0	2508.0	16.0	5399.0	4346.0	4318.0	4192.0	717.0	1029.0	0.0	234.0	333.0	8.0	138.0	60.0	14.0	571.0	431.0	1378.0	138.0	72.0	0.0	364.0	9.0	0.0	124.0	374.0	58.0	0.0	116.0	73.0	73.0	119.0	14.0	69.0	0.0	15.0	113.0	17.0	0.0	0.0	0.0	15.0	0.0	63.0	17.0	15.0	0.0	4.0	0.0	0.0	55.0	0.0	25.0	15.0	0.0	15.0	0.0	0.0	0.0	0.0	0.0	0.0	0.0	0.0	0.0	0.0	0.0	0.0	0.0	0.0	0.0	0.0	0.0	0.0	0.0	0.0	0.0	0.0	0.0	0.0	0.0	0.0	0.0	0.0	0.0
SRR5225196	0.0	0.0	3256.0	1042.0	455.0	0.0	2966.0	440.0	4232.0	1780.0	91.0	0.0	0.0	0.0	0.0	0.0	0.0	0.0	0.0	507.0	0.0	22.0	105.0	0.0	0.0	16.0	0.0	0.0	0.0	21.0	0.0	0.0	0.0	29.0	0.0	0.0	0.0	0.0	0.0	0.0	0.0	0.0	0.0	0.0	0.0	0.0	0.0	0.0	0.0	0.0	0.0	0.0	0.0	0.0	0.0	0.0	0.0	0.0	0.0	0.0	0.0	0.0	0.0	0.0	0.0	0.0	0.0	0.0	0.0	0.0	0.0	0.0	0.0	0.0	0.0	0.0	0.0	0.0	0.0	0.0	0.0	0.0	0.0	0.0	0.0	0.0	0.0	0.0	0.0
SRR5225197	0.0	39.0	3538.0	1527.0	1642.0	0.0	3124.0	4549.0	3145.0	1854.0	506.0	387.0	0.0	475.0	191.0	6.0	14.0	307.0	149.0	605.0	21.0	1179.0	106.0	11.0	65.0	101.0	157.0	51.0	158.0	110.0	43.0	0.0	44.0	65.0	33.0	51.0	17.0	50.0	0.0	14.0	44.0	0.0	11.0	0.0	0.0	19.0	0.0	0.0	18.0	0.0	0.0	10.0	0.0	0.0	0.0	0.0	0.0	0.0	8.0	0.0	0.0	10.0	0.0	0.0	0.0	0.0	0.0	0.0	0.0	0.0	0.0	0.0	0.0	0.0	0.0	0.0	0.0	0.0	0.0	0.0	0.0	0.0	0.0	0.0	0.0	0.0	0.0	0.0	0.0
SRR5225198	0.0	0.0	2744.0	677.0	866.0	0.0	2343.0	2259.0	3226.0	762.0	571.0	56.0	0.0	96.0	0.0	0.0	33.0	12.0	32.0	278.0	53.0	285.0	82.0	0.0	12.0	84.0	55.0	0.0	38.0	214.0	144.0	0.0	26.0	62.0	0.0	87.0	0.0	35.0	0.0	0.0	50.0	0.0	0.0	0.0	0.0	0.0	0.0	0.0	0.0	0.0	0.0	0.0	0.0	0.0	0.0	0.0	0.0	0.0	0.0	0.0	0.0	0.0	0.0	0.0	0.0	0.0	0.0	0.0	0.0	0.0	0.0	0.0	0.0	0.0	0.0	0.0	0.0	0.0	0.0	0.0	0.0	0.0	0.0	0.0	0.0	0.0	0.0	0.0	0.0
SRR5225199	0.0	0.0	3007.0	2136.0	851.0	0.0	4783.0	821.0	4726.0	449.0	11.0	17.0	0.0	93.0	0.0	0.0	0.0	48.0	92.0	301.0	0.0	0.0	154.0	0.0	0.0	39.0	0.0	0.0	13.0	139.0	27.0	0.0	0.0	0.0	0.0	0.0	0.0	0.0	0.0	0.0	0.0	0.0	0.0	0.0	0.0	0.0	0.0	0.0	0.0	0.0	0.0	0.0	0.0	0.0	0.0	0.0	0.0	0.0	0.0	0.0	0.0	0.0	0.0	0.0	0.0	0.0	0.0	0.0	0.0	0.0	0.0	0.0	0.0	0.0	0.0	0.0	0.0	0.0	0.0	0.0	0.0	0.0	0.0	0.0	0.0	0.0	0.0	0.0	0.0
SRR5225200	0.0	52.0	1980.0	409.0	769.0	0.0	1154.0	2672.0	1066.0	1793.0	430.0	679.0	0.0	311.0	136.0	0.0	54.0	0.0	16.0	721.0	0.0	397.0	26.0	25.0	0.0	43.0	11.0	0.0	225.0	210.0	200.0	0.0	96.0	136.0	0.0	0.0	0.0	125.0	0.0	31.0	20.0	0.0	14.0	0.0	0.0	0.0	0.0	18.0	0.0	0.0	0.0	6.0	0.0	0.0	0.0	0.0	0.0	0.0	0.0	0.0	0.0	0.0	0.0	0.0	0.0	0.0	0.0	0.0	0.0	0.0	0.0	0.0	0.0	0.0	0.0	0.0	0.0	0.0	0.0	0.0	0.0	0.0	0.0	0.0	0.0	0.0	0.0	0.0	0.0
SRR5225201	0.0	0.0	1602.0	480.0	727.0	0.0	1975.0	3325.0	2395.0	1225.0	588.0	298.0	0.0	79.0	216.0	0.0	0.0	15.0	0.0	519.0	0.0	384.0	58.0	13.0	0.0	45.0	21.0	0.0	13.0	126.0	97.0	0.0	65.0	74.0	0.0	0.0	0.0	55.0	0.0	0.0	0.0	0.0	0.0	0.0	0.0	0.0	0.0	0.0	0.0	0.0	0.0	0.0	0.0	0.0	0.0	0.0	0.0	0.0	0.0	0.0	0.0	0.0	0.0	0.0	0.0	0.0	0.0	0.0	0.0	0.0	0.0	0.0	0.0	0.0	0.0	0.0	0.0	0.0	0.0	0.0	0.0	0.0	0.0	0.0	0.0	0.0	0.0	0.0	0.0
SRR5225202	0.0	0.0	1522.0	552.0	370.0	0.0	1490.0	522.0	3391.0	1105.0	238.0	0.0	0.0	83.0	0.0	0.0	0.0	0.0	0.0	566.0	10.0	0.0	71.0	0.0	0.0	0.0	0.0	0.0	13.0	50.0	0.0	0.0	0.0	26.0	0.0	0.0	0.0	0.0	0.0	0.0	0.0	0.0	0.0	0.0	0.0	0.0	0.0	0.0	0.0	0.0	0.0	0.0	0.0	0.0	0.0	0.0	0.0	0.0	0.0	0.0	0.0	0.0	0.0	0.0	0.0	0.0	0.0	0.0	0.0	0.0	0.0	0.0	0.0	0.0	0.0	0.0	0.0	0.0	0.0	0.0	0.0	0.0	0.0	0.0	0.0	0.0	0.0	0.0	0.0
SRR5225203	66.0	18.0	2057.0	671.0	855.0	0.0	1644.0	3339.0	967.0	752.0	438.0	556.0	0.0	159.0	194.0	16.0	0.0	24.0	69.0	477.0	178.0	911.0	24.0	123.0	0.0	54.0	103.0	46.0	173.0	135.0	39.0	0.0	0.0	130.0	0.0	0.0	28.0	77.0	0.0	0.0	74.0	0.0	0.0	0.0	0.0	0.0	0.0	0.0	0.0	0.0	0.0	0.0	0.0	0.0	0.0	8.0	0.0	0.0	0.0	0.0	0.0	13.0	0.0	0.0	0.0	0.0	0.0	0.0	0.0	0.0	0.0	0.0	0.0	0.0	0.0	0.0	0.0	0.0	0.0	0.0	0.0	0.0	0.0	0.0	0.0	0.0	0.0	0.0	0.0
SRR5225205	0.0	0.0	4715.0	1015.0	1464.0	51.0	3677.0	666.0	9384.0	679.0	377.0	180.0	59.0	96.0	0.0	0.0	123.0	49.0	57.0	345.0	288.0	0.0	41.0	0.0	12.0	0.0	0.0	0.0	80.0	166.0	174.0	0.0	0.0	82.0	0.0	0.0	0.0	0.0	0.0	0.0	0.0	0.0	0.0	0.0	0.0	0.0	0.0	0.0	0.0	0.0	0.0	0.0	19.0	0.0	0.0	0.0	0.0	0.0	0.0	0.0	0.0	0.0	0.0	0.0	0.0	0.0	0.0	0.0	0.0	0.0	0.0	0.0	0.0	0.0	0.0	0.0	0.0	0.0	0.0	0.0	0.0	0.0	0.0	0.0	0.0	0.0	0.0	0.0	0.0
SRR5225206	117.0	20.0	3156.0	764.0	1210.0	24.0	2511.0	3528.0	3080.0	3320.0	787.0	892.0	0.0	129.0	139.0	0.0	0.0	0.0	0.0	714.0	200.0	1056.0	73.0	18.0	10.0	68.0	0.0	0.0	193.0	95.0	72.0	0.0	0.0	52.0	0.0	0.0	0.0	82.0	0.0	29.0	33.0	20.0	0.0	0.0	0.0	0.0	0.0	0.0	8.0	0.0	0.0	0.0	0.0	0.0	0.0	0.0	0.0	12.0	0.0	0.0	0.0	0.0	0.0	0.0	0.0	0.0	0.0	0.0	0.0	0.0	0.0	0.0	0.0	0.0	0.0	0.0	0.0	0.0	0.0	0.0	0.0	0.0	0.0	0.0	0.0	0.0	0.0	0.0	0.0
SRR5225207	0.0	25.0	1699.0	319.0	470.0	5.0	1877.0	2010.0	2474.0	1352.0	271.0	161.0	0.0	0.0	99.0	0.0	0.0	68.0	0.0	273.0	122.0	289.0	44.0	0.0	0.0	18.0	0.0	0.0	45.0	142.0	70.0	0.0	0.0	78.0	0.0	0.0	0.0	0.0	0.0	0.0	20.0	0.0	0.0	0.0	0.0	0.0	0.0	0.0	0.0	0.0	0.0	0.0	0.0	0.0	0.0	0.0	0.0	0.0	0.0	0.0	0.0	0.0	0.0	0.0	0.0	0.0	0.0	0.0	0.0	0.0	0.0	0.0	0.0	0.0	0.0	0.0	0.0	0.0	0.0	0.0	0.0	0.0	0.0	0.0	0.0	0.0	0.0	0.0	0.0
SRR5225208	0.0	0.0	3196.0	239.0	762.0	0.0	3161.0	385.0	5425.0	2222.0	131.0	83.0	0.0	0.0	0.0	0.0	0.0	0.0	54.0	393.0	30.0	0.0	0.0	0.0	0.0	40.0	0.0	0.0	36.0	108.0	57.0	0.0	0.0	127.0	14.0	0.0	0.0	0.0	0.0	0.0	0.0	0.0	0.0	0.0	0.0	0.0	0.0	0.0	0.0	0.0	0.0	0.0	0.0	0.0	0.0	0.0	0.0	0.0	0.0	0.0	0.0	0.0	0.0	0.0	0.0	0.0	0.0	0.0	0.0	0.0	0.0	0.0	0.0	0.0	0.0	0.0	0.0	0.0	0.0	0.0	0.0	0.0	0.0	0.0	0.0	0.0	0.0	0.0	0.0
SRR5225209	28.0	33.0	3502.0	1308.0	1412.0	0.0	3193.0	3367.0	2784.0	2828.0	790.0	790.0	0.0	387.0	247.0	0.0	46.0	299.0	12.0	750.0	121.0	1192.0	182.0	61.0	64.0	120.0	166.0	0.0	121.0	131.0	31.0	0.0	211.0	77.0	0.0	86.0	0.0	411.0	0.0	0.0	36.0	0.0	0.0	0.0	0.0	22.0	0.0	0.0	22.0	13.0	0.0	0.0	0.0	0.0	0.0	0.0	23.0	0.0	0.0	0.0	0.0	0.0	0.0	0.0	0.0	0.0	0.0	0.0	0.0	0.0	0.0	0.0	0.0	0.0	0.0	0.0	0.0	0.0	0.0	0.0	0.0	0.0	0.0	0.0	0.0	0.0	0.0	0.0	0.0
SRR5225210	0.0	0.0	2347.0	724.0	1405.0	0.0	2229.0	2831.0	2293.0	425.0	615.0	116.0	0.0	99.0	108.0	0.0	0.0	180.0	0.0	302.0	134.0	465.0	79.0	20.0	0.0	60.0	140.0	0.0	39.0	299.0	47.0	0.0	28.0	72.0	11.0	0.0	11.0	33.0	0.0	0.0	32.0	0.0	0.0	0.0	0.0	0.0	0.0	16.0	0.0	0.0	0.0	0.0	0.0	0.0	0.0	0.0	0.0	0.0	0.0	0.0	0.0	0.0	0.0	0.0	0.0	0.0	0.0	0.0	0.0	0.0	0.0	0.0	0.0	0.0	0.0	0.0	0.0	0.0	0.0	0.0	0.0	0.0	0.0	0.0	0.0	0.0	0.0	0.0	0.0
SRR5225211	0.0	0.0	2815.0	1226.0	705.0	0.0	3016.0	1573.0	3728.0	585.0	92.0	0.0	0.0	0.0	0.0	0.0	0.0	160.0	15.0	465.0	68.0	0.0	226.0	0.0	0.0	0.0	5.0	0.0	0.0	100.0	123.0	0.0	0.0	43.0	16.0	0.0	0.0	0.0	0.0	0.0	0.0	0.0	0.0	0.0	0.0	0.0	0.0	0.0	0.0	0.0	0.0	0.0	0.0	0.0	0.0	0.0	0.0	0.0	0.0	0.0	0.0	0.0	0.0	0.0	0.0	0.0	0.0	0.0	0.0	0.0	0.0	0.0	0.0	0.0	0.0	0.0	0.0	0.0	0.0	0.0	0.0	0.0	0.0	0.0	0.0	0.0	0.0	0.0	0.0
SRR5225212	40.0	0.0	2128.0	212.0	455.0	0.0	1441.0	2593.0	1480.0	2244.0	400.0	508.0	0.0	72.0	136.0	0.0	0.0	117.0	7.0	423.0	0.0	524.0	31.0	10.0	0.0	51.0	0.0	0.0	77.0	56.0	31.0	0.0	47.0	42.0	0.0	12.0	0.0	54.0	0.0	14.0	32.0	0.0	0.0	0.0	0.0	4.0	0.0	0.0	0.0	6.0	0.0	0.0	0.0	0.0	0.0	0.0	0.0	0.0	0.0	0.0	0.0	0.0	0.0	0.0	0.0	0.0	0.0	0.0	0.0	0.0	0.0	0.0	0.0	0.0	0.0	0.0	0.0	0.0	0.0	0.0	0.0	0.0	0.0	0.0	0.0	0.0	0.0	0.0	0.0
SRR5225215	0.0	10.0	1961.0	528.0	993.0	0.0	2729.0	1412.0	2546.0	751.0	198.0	115.0	0.0	19.0	37.0	0.0	4.0	0.0	27.0	122.0	51.0	189.0	23.0	17.0	0.0	18.0	5.0	0.0	16.0	162.0	0.0	0.0	61.0	0.0	0.0	0.0	0.0	0.0	0.0	0.0	19.0	0.0	0.0	134.0	0.0	0.0	0.0	0.0	0.0	11.0	0.0	0.0	0.0	0.0	0.0	0.0	0.0	12.0	0.0	9.0	0.0	0.0	0.0	0.0	0.0	0.0	0.0	0.0	0.0	0.0	0.0	0.0	0.0	0.0	0.0	0.0	0.0	0.0	0.0	0.0	0.0	0.0	0.0	0.0	0.0	0.0	0.0	0.0	0.0
SRR5225216	0.0	0.0	2214.0	517.0	679.0	24.0	2144.0	2811.0	2341.0	423.0	381.0	101.0	0.0	320.0	153.0	0.0	50.0	17.0	0.0	285.0	117.0	737.0	63.0	16.0	0.0	54.0	27.0	0.0	0.0	279.0	26.0	0.0	30.0	107.0	6.0	134.0	31.0	443.0	0.0	16.0	29.0	0.0	0.0	0.0	0.0	0.0	0.0	0.0	0.0	0.0	0.0	0.0	0.0	0.0	25.0	0.0	0.0	0.0	21.0	0.0	0.0	0.0	0.0	0.0	0.0	0.0	0.0	0.0	0.0	0.0	0.0	0.0	0.0	0.0	0.0	0.0	0.0	0.0	0.0	0.0	0.0	0.0	0.0	0.0	0.0	0.0	0.0	0.0	0.0
SRR5225217	0.0	0.0	4609.0	1434.0	1171.0	0.0	5114.0	1226.0	9115.0	1154.0	100.0	102.0	0.0	77.0	0.0	0.0	85.0	26.0	13.0	413.0	30.0	0.0	113.0	0.0	0.0	0.0	0.0	0.0	0.0	109.0	26.0	0.0	0.0	53.0	0.0	61.0	0.0	201.0	0.0	0.0	0.0	0.0	0.0	0.0	0.0	0.0	0.0	0.0	0.0	7.0	0.0	0.0	35.0	0.0	0.0	0.0	0.0	0.0	0.0	0.0	0.0	0.0	0.0	0.0	0.0	0.0	0.0	0.0	0.0	0.0	0.0	0.0	0.0	0.0	0.0	0.0	0.0	0.0	0.0	0.0	0.0	0.0	0.0	0.0	0.0	0.0	0.0	0.0	0.0
SRR5225218	0.0	6.0	3909.0	1751.0	2386.0	0.0	3341.0	4193.0	3016.0	2188.0	396.0	127.0	0.0	370.0	292.0	19.0	52.0	363.0	130.0	436.0	339.0	1625.0	151.0	25.0	68.0	234.0	85.0	0.0	130.0	248.0	29.0	0.0	141.0	143.0	0.0	39.0	0.0	82.0	0.0	0.0	67.0	0.0	12.0	0.0	0.0	0.0	0.0	0.0	23.0	0.0	0.0	0.0	0.0	0.0	0.0	0.0	0.0	0.0	0.0	0.0	0.0	0.0	0.0	0.0	0.0	0.0	0.0	0.0	0.0	0.0	0.0	0.0	0.0	0.0	0.0	0.0	0.0	0.0	0.0	0.0	0.0	0.0	0.0	0.0	0.0	0.0	0.0	0.0	0.0
SRR5225219	0.0	7.0	3987.0	1160.0	751.0	41.0	3380.0	2564.0	3420.0	883.0	190.0	49.0	0.0	162.0	43.0	17.0	93.0	17.0	21.0	142.0	151.0	555.0	118.0	17.0	0.0	54.0	17.0	0.0	46.0	421.0	56.0	0.0	70.0	65.0	12.0	126.0	0.0	0.0	0.0	0.0	30.0	0.0	0.0	0.0	0.0	8.0	0.0	0.0	0.0	0.0	0.0	18.0	0.0	0.0	36.0	0.0	0.0	0.0	63.0	0.0	0.0	0.0	0.0	0.0	0.0	0.0	0.0	0.0	0.0	0.0	0.0	0.0	0.0	0.0	0.0	0.0	0.0	0.0	0.0	0.0	0.0	0.0	0.0	0.0	0.0	0.0	0.0	0.0	0.0
SRR5225220	0.0	0.0	2812.0	780.0	116.0	0.0	2680.0	13.0	4683.0	405.0	0.0	0.0	0.0	22.0	0.0	0.0	31.0	15.0	74.0	28.0	106.0	0.0	95.0	0.0	0.0	34.0	0.0	0.0	0.0	0.0	0.0	0.0	0.0	0.0	0.0	0.0	0.0	0.0	0.0	0.0	0.0	0.0	0.0	0.0	0.0	0.0	0.0	0.0	0.0	0.0	0.0	0.0	0.0	0.0	0.0	0.0	0.0	0.0	19.0	0.0	0.0	0.0	0.0	0.0	0.0	0.0	0.0	0.0	0.0	0.0	0.0	0.0	0.0	0.0	0.0	0.0	0.0	0.0	0.0	0.0	0.0	0.0	0.0	0.0	0.0	0.0	0.0	0.0	0.0
SRR5225221	160.0	22.0	2996.0	974.0	1875.0	13.0	2749.0	4404.0	2179.0	2184.0	420.0	448.0	12.0	345.0	280.0	0.0	0.0	64.0	81.0	643.0	283.0	695.0	129.0	100.0	11.0	308.0	72.0	0.0	211.0	196.0	112.0	0.0	131.0	0.0	0.0	0.0	0.0	168.0	0.0	0.0	94.0	0.0	0.0	0.0	0.0	0.0	0.0	0.0	0.0	0.0	0.0	0.0	0.0	0.0	0.0	0.0	40.0	0.0	7.0	0.0	0.0	0.0	0.0	0.0	0.0	0.0	0.0	0.0	0.0	0.0	0.0	0.0	0.0	0.0	0.0	0.0	0.0	0.0	0.0	0.0	0.0	0.0	0.0	0.0	0.0	0.0	0.0	0.0	0.0
SRR5225222	0.0	0.0	2281.0	335.0	267.0	0.0	1723.0	1732.0	2089.0	1342.0	253.0	29.0	0.0	0.0	109.0	0.0	0.0	52.0	0.0	270.0	22.0	104.0	71.0	0.0	0.0	25.0	0.0	0.0	28.0	167.0	27.0	0.0	0.0	59.0	0.0	63.0	0.0	46.0	0.0	0.0	0.0	0.0	0.0	0.0	0.0	0.0	0.0	0.0	0.0	0.0	0.0	0.0	0.0	0.0	0.0	0.0	0.0	0.0	0.0	0.0	0.0	0.0	0.0	0.0	0.0	0.0	0.0	0.0	0.0	0.0	0.0	0.0	0.0	0.0	0.0	0.0	0.0	0.0	0.0	0.0	0.0	0.0	0.0	0.0	0.0	0.0	0.0	0.0	0.0
SRR5225223	0.0	28.0	4599.0	1541.0	1233.0	0.0	3786.0	1341.0	6206.0	2869.0	147.0	0.0	0.0	0.0	0.0	0.0	9.0	0.0	57.0	561.0	39.0	0.0	74.0	0.0	0.0	57.0	0.0	0.0	23.0	134.0	0.0	0.0	0.0	61.0	18.0	0.0	0.0	88.0	0.0	0.0	0.0	0.0	0.0	0.0	0.0	0.0	0.0	0.0	0.0	0.0	0.0	0.0	0.0	0.0	0.0	0.0	0.0	0.0	0.0	0.0	0.0	0.0	0.0	0.0	0.0	0.0	0.0	0.0	0.0	0.0	0.0	0.0	0.0	0.0	0.0	0.0	0.0	0.0	0.0	0.0	0.0	0.0	0.0	0.0	0.0	0.0	0.0	0.0	0.0
SRR5225224	14.0	32.0	2633.0	479.0	663.0	0.0	1964.0	2882.0	2084.0	1595.0	322.0	278.0	0.0	315.0	178.0	0.0	0.0	67.0	0.0	334.0	92.0	1046.0	85.0	7.0	15.0	23.0	0.0	0.0	89.0	343.0	77.0	0.0	18.0	44.0	16.0	25.0	0.0	227.0	0.0	12.0	0.0	0.0	0.0	0.0	0.0	0.0	40.0	0.0	0.0	0.0	0.0	0.0	0.0	0.0	0.0	0.0	0.0	0.0	9.0	0.0	0.0	0.0	0.0	0.0	0.0	0.0	0.0	0.0	0.0	0.0	0.0	0.0	17.0	0.0	0.0	0.0	0.0	0.0	0.0	0.0	0.0	0.0	0.0	0.0	0.0	0.0	0.0	0.0	0.0
SRR5225225	0.0	11.0	3291.0	273.0	620.0	14.0	2572.0	2910.0	2293.0	1241.0	334.0	81.0	0.0	137.0	118.0	7.0	0.0	20.0	0.0	195.0	65.0	617.0	55.0	24.0	0.0	41.0	0.0	0.0	52.0	346.0	58.0	0.0	73.0	106.0	0.0	0.0	0.0	39.0	0.0	0.0	0.0	0.0	0.0	0.0	0.0	0.0	0.0	0.0	0.0	0.0	0.0	0.0	0.0	0.0	0.0	0.0	0.0	0.0	19.0	0.0	0.0	0.0	0.0	0.0	0.0	0.0	0.0	0.0	0.0	0.0	0.0	0.0	0.0	0.0	0.0	0.0	0.0	0.0	0.0	0.0	0.0	0.0	0.0	0.0	0.0	0.0	0.0	0.0	0.0
SRR5225226	0.0	0.0	1903.0	396.0	254.0	0.0	2492.0	410.0	3391.0	864.0	0.0	0.0	0.0	29.0	0.0	0.0	0.0	0.0	0.0	188.0	0.0	0.0	58.0	0.0	0.0	21.0	0.0	0.0	0.0	0.0	0.0	0.0	0.0	0.0	0.0	0.0	0.0	0.0	0.0	0.0	0.0	0.0	0.0	0.0	0.0	0.0	0.0	0.0	0.0	0.0	0.0	0.0	0.0	0.0	0.0	0.0	0.0	0.0	0.0	0.0	0.0	0.0	0.0	0.0	0.0	0.0	0.0	0.0	0.0	0.0	0.0	0.0	0.0	0.0	0.0	0.0	0.0	0.0	0.0	0.0	0.0	0.0	0.0	0.0	0.0	0.0	0.0	0.0	0.0
SRR5225227	0.0	0.0	2576.0	689.0	1179.0	0.0	2545.0	2435.0	2891.0	2018.0	714.0	311.0	0.0	245.0	384.0	0.0	0.0	193.0	72.0	471.0	36.0	617.0	65.0	0.0	0.0	32.0	12.0	14.0	51.0	157.0	28.0	0.0	27.0	52.0	0.0	12.0	15.0	98.0	0.0	0.0	25.0	0.0	0.0	0.0	0.0	0.0	0.0	0.0	0.0	7.0	0.0	0.0	0.0	0.0	0.0	0.0	10.0	0.0	0.0	0.0	0.0	0.0	0.0	0.0	0.0	0.0	0.0	0.0	0.0	0.0	0.0	0.0	0.0	0.0	0.0	0.0	0.0	0.0	0.0	0.0	0.0	0.0	0.0	0.0	0.0	0.0	0.0	0.0	0.0
SRR5225228	0.0	37.0	3202.0	872.0	1552.0	44.0	3368.0	3452.0	3131.0	2645.0	602.0	339.0	0.0	190.0	210.0	0.0	35.0	13.0	8.0	554.0	0.0	821.0	168.0	11.0	0.0	210.0	0.0	0.0	106.0	272.0	0.0	0.0	162.0	38.0	17.0	60.0	0.0	178.0	0.0	26.0	25.0	0.0	0.0	0.0	0.0	0.0	0.0	28.0	0.0	9.0	0.0	0.0	0.0	0.0	0.0	0.0	36.0	0.0	0.0	0.0	0.0	0.0	0.0	0.0	0.0	0.0	0.0	0.0	0.0	0.0	0.0	0.0	0.0	0.0	0.0	0.0	0.0	0.0	0.0	0.0	0.0	0.0	0.0	0.0	0.0	0.0	0.0	0.0	0.0
SRR5225229	0.0	0.0	3409.0	1209.0	712.0	0.0	2968.0	174.0	5945.0	1101.0	56.0	0.0	0.0	0.0	0.0	0.0	0.0	0.0	36.0	696.0	174.0	0.0	189.0	0.0	0.0	0.0	0.0	0.0	0.0	27.0	0.0	0.0	0.0	0.0	0.0	0.0	0.0	0.0	0.0	0.0	0.0	0.0	0.0	0.0	0.0	0.0	0.0	0.0	0.0	0.0	0.0	0.0	0.0	0.0	0.0	0.0	0.0	0.0	5.0	0.0	0.0	0.0	0.0	0.0	0.0	0.0	0.0	0.0	0.0	0.0	0.0	0.0	0.0	0.0	0.0	0.0	0.0	0.0	0.0	0.0	0.0	0.0	0.0	0.0	0.0	0.0	0.0	0.0	0.0
SRR5225230	50.0	48.0	4243.0	1173.0	2485.0	33.0	3517.0	5197.0	2513.0	1547.0	415.0	126.0	16.0	358.0	177.0	0.0	75.0	342.0	96.0	508.0	684.0	1596.0	147.0	187.0	24.0	220.0	635.0	19.0	91.0	218.0	44.0	0.0	241.0	137.0	0.0	39.0	34.0	123.0	0.0	23.0	197.0	0.0	0.0	0.0	0.0	21.0	50.0	0.0	46.0	16.0	0.0	0.0	0.0	0.0	0.0	0.0	0.0	0.0	0.0	0.0	0.0	0.0	25.0	0.0	0.0	0.0	0.0	0.0	0.0	0.0	0.0	12.0	0.0	0.0	0.0	0.0	0.0	0.0	0.0	0.0	0.0	0.0	0.0	0.0	0.0	0.0	0.0	0.0	0.0
SRR5225231	14.0	0.0	3237.0	886.0	1288.0	0.0	3236.0	3630.0	2536.0	712.0	227.0	87.0	0.0	177.0	181.0	0.0	15.0	153.0	12.0	389.0	44.0	856.0	78.0	10.0	0.0	122.0	73.0	0.0	0.0	167.0	32.0	0.0	72.0	71.0	0.0	153.0	0.0	38.0	0.0	20.0	35.0	0.0	7.0	0.0	0.0	15.0	0.0	0.0	0.0	12.0	0.0	0.0	0.0	0.0	0.0	0.0	0.0	0.0	0.0	0.0	0.0	0.0	0.0	0.0	0.0	0.0	0.0	0.0	0.0	0.0	0.0	0.0	0.0	0.0	0.0	0.0	0.0	0.0	0.0	0.0	0.0	0.0	0.0	0.0	0.0	0.0	0.0	0.0	0.0
SRR5225232	0.0	0.0	2516.0	1215.0	1301.0	0.0	3516.0	1635.0	3077.0	685.0	201.0	109.0	0.0	67.0	41.0	0.0	16.0	110.0	88.0	412.0	0.0	115.0	108.0	0.0	6.0	0.0	0.0	0.0	0.0	125.0	76.0	0.0	0.0	40.0	0.0	0.0	0.0	0.0	0.0	0.0	19.0	0.0	0.0	0.0	0.0	0.0	0.0	0.0	0.0	0.0	0.0	0.0	0.0	0.0	0.0	0.0	0.0	0.0	0.0	0.0	0.0	0.0	0.0	0.0	0.0	0.0	0.0	0.0	0.0	0.0	0.0	0.0	0.0	0.0	0.0	0.0	0.0	0.0	0.0	0.0	0.0	0.0	0.0	0.0	0.0	0.0	0.0	0.0	0.0
SRR5225233	76.0	31.0	2664.0	948.0	1668.0	45.0	2166.0	5137.0	2478.0	2495.0	769.0	625.0	0.0	136.0	263.0	9.0	0.0	163.0	48.0	966.0	207.0	941.0	92.0	76.0	15.0	169.0	31.0	0.0	96.0	104.0	62.0	0.0	44.0	133.0	0.0	0.0	0.0	177.0	0.0	43.0	128.0	0.0	0.0	0.0	0.0	14.0	0.0	0.0	0.0	0.0	0.0	0.0	0.0	0.0	0.0	0.0	34.0	11.0	4.0	0.0	0.0	12.0	0.0	0.0	0.0	0.0	0.0	0.0	0.0	0.0	0.0	0.0	0.0	0.0	0.0	0.0	0.0	0.0	0.0	0.0	0.0	0.0	0.0	0.0	0.0	0.0	0.0	0.0	0.0
SRR5225234	0.0	11.0	1916.0	712.0	828.0	0.0	1688.0	2522.0	1905.0	1474.0	252.0	265.0	0.0	99.0	206.0	0.0	0.0	34.0	8.0	337.0	137.0	385.0	49.0	0.0	0.0	41.0	0.0	0.0	0.0	86.0	68.0	0.0	22.0	93.0	0.0	0.0	0.0	33.0	0.0	0.0	0.0	0.0	0.0	0.0	0.0	0.0	0.0	0.0	0.0	0.0	0.0	0.0	0.0	0.0	10.0	0.0	0.0	0.0	0.0	0.0	0.0	0.0	0.0	0.0	0.0	0.0	0.0	0.0	0.0	0.0	0.0	0.0	0.0	0.0	0.0	0.0	0.0	0.0	0.0	0.0	0.0	0.0	0.0	0.0	0.0	0.0	0.0	0.0	0.0
SRR5225235	16.0	0.0	3224.0	1135.0	716.0	0.0	2448.0	1743.0	2614.0	1726.0	444.0	222.0	0.0	77.0	0.0	0.0	0.0	0.0	0.0	464.0	101.0	51.0	95.0	11.0	12.0	0.0	0.0	0.0	37.0	178.0	38.0	0.0	75.0	138.0	0.0	0.0	0.0	0.0	0.0	0.0	0.0	0.0	0.0	0.0	0.0	0.0	0.0	0.0	0.0	10.0	0.0	0.0	0.0	0.0	0.0	0.0	0.0	8.0	0.0	0.0	0.0	0.0	0.0	0.0	0.0	0.0	0.0	0.0	0.0	0.0	0.0	0.0	0.0	0.0	0.0	0.0	0.0	0.0	0.0	0.0	0.0	0.0	0.0	0.0	0.0	0.0	0.0	0.0	0.0
SRR5225236	0.0	0.0	2040.0	269.0	517.0	0.0	1792.0	2019.0	1504.0	778.0	228.0	86.0	0.0	109.0	193.0	0.0	0.0	0.0	12.0	478.0	88.0	386.0	48.0	24.0	9.0	63.0	4.0	0.0	54.0	105.0	75.0	0.0	57.0	57.0	0.0	0.0	0.0	21.0	0.0	13.0	0.0	0.0	0.0	0.0	0.0	0.0	0.0	0.0	0.0	0.0	0.0	0.0	0.0	0.0	0.0	0.0	0.0	0.0	6.0	0.0	0.0	0.0	0.0	0.0	0.0	0.0	0.0	0.0	0.0	0.0	0.0	0.0	0.0	0.0	0.0	0.0	0.0	0.0	0.0	0.0	0.0	0.0	0.0	0.0	0.0	0.0	0.0	0.0	0.0
SRR5225237	0.0	0.0	2283.0	167.0	998.0	37.0	1954.0	2941.0	2339.0	2106.0	506.0	439.0	0.0	242.0	208.0	2.0	23.0	104.0	45.0	263.0	0.0	550.0	98.0	0.0	0.0	55.0	0.0	0.0	36.0	77.0	0.0	0.0	29.0	0.0	15.0	650.0	9.0	1006.0	0.0	0.0	60.0	0.0	0.0	0.0	0.0	22.0	69.0	0.0	0.0	0.0	0.0	0.0	0.0	0.0	0.0	0.0	16.0	5.0	30.0	0.0	147.0	28.0	0.0	0.0	0.0	0.0	0.0	9.0	0.0	0.0	64.0	0.0	0.0	0.0	0.0	0.0	0.0	0.0	0.0	0.0	20.0	0.0	21.0	0.0	0.0	0.0	0.0	27.0	0.0
SRR5225239	0.0	27.0	3664.0	1018.0	1479.0	0.0	2677.0	2391.0	3501.0	1527.0	385.0	318.0	0.0	317.0	188.0	0.0	13.0	201.0	71.0	410.0	174.0	733.0	145.0	0.0	25.0	47.0	67.0	49.0	60.0	149.0	41.0	9.0	148.0	108.0	0.0	44.0	0.0	29.0	0.0	0.0	17.0	0.0	7.0	0.0	0.0	0.0	0.0	0.0	0.0	0.0	0.0	10.0	0.0	0.0	0.0	0.0	0.0	0.0	22.0	0.0	0.0	0.0	0.0	0.0	0.0	0.0	0.0	0.0	0.0	0.0	0.0	0.0	0.0	0.0	0.0	0.0	0.0	0.0	0.0	0.0	0.0	0.0	0.0	0.0	0.0	0.0	0.0	0.0	0.0
SRR5225240	0.0	0.0	2757.0	1358.0	1042.0	0.0	3240.0	2473.0	3966.0	1441.0	254.0	162.0	0.0	110.0	105.0	0.0	91.0	0.0	0.0	355.0	345.0	853.0	113.0	0.0	0.0	20.0	0.0	0.0	64.0	222.0	105.0	0.0	39.0	70.0	21.0	222.0	18.0	162.0	0.0	0.0	21.0	0.0	0.0	0.0	0.0	0.0	0.0	0.0	0.0	0.0	0.0	0.0	0.0	0.0	0.0	0.0	0.0	0.0	7.0	0.0	0.0	0.0	0.0	0.0	0.0	0.0	0.0	0.0	0.0	0.0	0.0	0.0	0.0	0.0	0.0	0.0	0.0	0.0	0.0	0.0	0.0	0.0	0.0	0.0	0.0	0.0	0.0	0.0	0.0
SRR5225241	0.0	0.0	1759.0	871.0	557.0	0.0	3141.0	468.0	4051.0	1134.0	36.0	0.0	0.0	0.0	0.0	0.0	130.0	0.0	0.0	266.0	0.0	26.0	104.0	0.0	0.0	28.0	0.0	0.0	0.0	62.0	21.0	0.0	0.0	24.0	0.0	0.0	0.0	0.0	0.0	0.0	0.0	0.0	0.0	0.0	0.0	0.0	0.0	0.0	0.0	0.0	0.0	0.0	0.0	0.0	0.0	0.0	0.0	0.0	0.0	0.0	0.0	0.0	0.0	0.0	0.0	0.0	0.0	0.0	0.0	0.0	0.0	0.0	0.0	0.0	0.0	0.0	0.0	0.0	0.0	0.0	0.0	0.0	0.0	0.0	0.0	0.0	0.0	0.0	0.0
SRR5225242	37.0	0.0	1728.0	366.0	558.0	0.0	1844.0	2737.0	2097.0	1838.0	361.0	232.0	0.0	131.0	218.0	0.0	0.0	76.0	65.0	456.0	123.0	418.0	28.0	7.0	0.0	68.0	8.0	0.0	102.0	230.0	69.0	0.0	0.0	44.0	0.0	0.0	0.0	50.0	0.0	0.0	0.0	0.0	0.0	0.0	0.0	0.0	0.0	0.0	0.0	0.0	0.0	0.0	0.0	0.0	0.0	0.0	0.0	0.0	0.0	0.0	0.0	0.0	0.0	0.0	0.0	0.0	0.0	0.0	0.0	0.0	0.0	0.0	0.0	0.0	0.0	0.0	0.0	0.0	0.0	0.0	0.0	0.0	0.0	0.0	0.0	0.0	0.0	0.0	0.0
SRR5225243	0.0	11.0	2436.0	465.0	526.0	0.0	1818.0	2410.0	2780.0	1951.0	826.0	543.0	0.0	140.0	121.0	0.0	0.0	0.0	0.0	256.0	68.0	596.0	76.0	0.0	0.0	0.0	0.0	0.0	67.0	209.0	42.0	0.0	68.0	40.0	0.0	150.0	0.0	234.0	0.0	0.0	19.0	0.0	0.0	0.0	0.0	12.0	0.0	0.0	0.0	0.0	0.0	0.0	0.0	0.0	0.0	0.0	0.0	0.0	19.0	0.0	0.0	0.0	0.0	0.0	0.0	0.0	0.0	0.0	0.0	0.0	0.0	0.0	0.0	0.0	0.0	0.0	0.0	0.0	0.0	0.0	0.0	0.0	0.0	0.0	0.0	0.0	0.0	0.0	0.0
SRR5225273	0.0	0.0	2125.0	520.0	749.0	38.0	1543.0	662.0	3761.0	1709.0	101.0	31.0	0.0	15.0	0.0	0.0	37.0	0.0	20.0	353.0	0.0	39.0	119.0	0.0	0.0	23.0	0.0	0.0	0.0	99.0	0.0	0.0	18.0	0.0	15.0	0.0	0.0	0.0	0.0	0.0	0.0	0.0	0.0	0.0	0.0	0.0	0.0	0.0	0.0	0.0	0.0	0.0	0.0	0.0	0.0	0.0	0.0	0.0	0.0	0.0	0.0	0.0	0.0	0.0	0.0	0.0	0.0	0.0	0.0	0.0	0.0	0.0	0.0	0.0	0.0	0.0	0.0	0.0	0.0	0.0	0.0	0.0	0.0	0.0	0.0	0.0	0.0	0.0	0.0
SRR5225276	34.0	0.0	3967.0	1262.0	1993.0	0.0	3220.0	4040.0	3092.0	1312.0	439.0	220.0	0.0	241.0	433.0	15.0	19.0	383.0	103.0	432.0	440.0	1140.0	138.0	62.0	41.0	274.0	365.0	36.0	131.0	143.0	45.0	0.0	185.0	123.0	15.0	56.0	39.0	42.0	0.0	19.0	31.0	0.0	31.0	0.0	0.0	0.0	0.0	0.0	0.0	16.0	0.0	0.0	0.0	0.0	0.0	20.0	0.0	0.0	0.0	0.0	0.0	17.0	0.0	0.0	0.0	0.0	0.0	0.0	0.0	0.0	0.0	0.0	0.0	9.0	0.0	0.0	0.0	0.0	0.0	0.0	0.0	0.0	0.0	0.0	0.0	0.0	0.0	0.0	0.0
SRR5225279	23.0	0.0	2163.0	717.0	579.0	0.0	1871.0	2232.0	2055.0	716.0	184.0	119.0	0.0	195.0	134.0	0.0	11.0	56.0	0.0	265.0	155.0	679.0	46.0	0.0	0.0	21.0	0.0	30.0	64.0	182.0	35.0	0.0	72.0	31.0	0.0	0.0	0.0	0.0	0.0	0.0	0.0	5.0	0.0	0.0	0.0	0.0	0.0	0.0	0.0	0.0	0.0	6.0	0.0	0.0	0.0	0.0	0.0	0.0	0.0	0.0	0.0	0.0	0.0	0.0	0.0	0.0	0.0	0.0	0.0	0.0	0.0	0.0	0.0	0.0	0.0	0.0	0.0	0.0	0.0	0.0	0.0	0.0	0.0	0.0	0.0	0.0	0.0	0.0	0.0
SRR5225280	0.0	14.0	3209.0	1251.0	1718.0	0.0	3503.0	1866.0	3602.0	843.0	270.0	0.0	8.0	128.0	101.0	0.0	12.0	142.0	121.0	392.0	118.0	459.0	156.0	0.0	0.0	26.0	238.0	0.0	21.0	0.0	85.0	0.0	94.0	0.0	16.0	45.0	0.0	24.0	0.0	0.0	22.0	0.0	0.0	0.0	0.0	0.0	0.0	0.0	0.0	0.0	0.0	0.0	0.0	0.0	0.0	0.0	0.0	0.0	0.0	0.0	0.0	0.0	0.0	0.0	0.0	0.0	0.0	0.0	0.0	0.0	0.0	0.0	0.0	0.0	0.0	0.0	0.0	0.0	0.0	0.0	0.0	0.0	0.0	0.0	0.0	0.0	0.0	0.0	0.0
SRR5225281	0.0	0.0	2109.0	467.0	279.0	0.0	2628.0	1075.0	3426.0	372.0	161.0	0.0	0.0	0.0	0.0	0.0	0.0	37.0	45.0	150.0	0.0	16.0	40.0	0.0	0.0	0.0	0.0	0.0	0.0	76.0	60.0	0.0	0.0	0.0	0.0	0.0	0.0	0.0	0.0	0.0	0.0	0.0	0.0	0.0	0.0	0.0	0.0	0.0	0.0	0.0	0.0	0.0	0.0	0.0	0.0	0.0	0.0	0.0	0.0	0.0	0.0	0.0	0.0	0.0	0.0	0.0	0.0	0.0	0.0	0.0	0.0	0.0	0.0	0.0	0.0	0.0	0.0	0.0	0.0	0.0	0.0	0.0	0.0	0.0	0.0	0.0	0.0	0.0	0.0
SRR5225282	70.0	0.0	2060.0	772.0	1612.0	0.0	1887.0	4321.0	2518.0	1721.0	815.0	761.0	0.0	29.0	220.0	0.0	10.0	51.0	41.0	1306.0	382.0	1011.0	82.0	54.0	0.0	144.0	73.0	0.0	305.0	199.0	46.0	0.0	53.0	102.0	0.0	43.0	0.0	141.0	0.0	41.0	141.0	20.0	0.0	0.0	0.0	0.0	0.0	0.0	0.0	15.0	0.0	0.0	0.0	0.0	0.0	0.0	35.0	0.0	0.0	0.0	0.0	0.0	0.0	0.0	0.0	0.0	0.0	0.0	0.0	0.0	0.0	0.0	0.0	0.0	0.0	0.0	0.0	0.0	0.0	0.0	0.0	0.0	0.0	0.0	0.0	0.0	0.0	0.0	0.0
SRR5225283	19.0	67.0	3433.0	1557.0	1118.0	14.0	4287.0	4531.0	3368.0	2996.0	523.0	551.0	0.0	199.0	325.0	5.0	13.0	10.0	37.0	540.0	277.0	1003.0	97.0	37.0	5.0	53.0	16.0	0.0	148.0	144.0	100.0	0.0	42.0	110.0	0.0	56.0	0.0	84.0	0.0	52.0	21.0	22.0	0.0	0.0	0.0	19.0	0.0	0.0	0.0	13.0	0.0	0.0	0.0	0.0	0.0	0.0	22.0	0.0	0.0	0.0	0.0	0.0	0.0	0.0	0.0	0.0	0.0	0.0	0.0	0.0	0.0	0.0	0.0	0.0	0.0	0.0	0.0	0.0	0.0	0.0	0.0	0.0	0.0	0.0	0.0	0.0	0.0	0.0	0.0
SRR5459436	0.0	35.0	1710.0	172.0	470.0	119.0	2062.0	365.0	1108.0	1271.0	654.0	104.0	0.0	203.0	59.0	0.0	0.0	0.0	0.0	0.0	11.0	309.0	0.0	0.0	0.0	0.0	0.0	23.0	0.0	263.0	0.0	89.0	715.0	0.0	0.0	0.0	0.0	0.0	0.0	0.0	0.0	0.0	0.0	0.0	0.0	21.0	0.0	0.0	43.0	0.0	0.0	0.0	0.0	0.0	112.0	0.0	0.0	0.0	0.0	0.0	0.0	0.0	0.0	70.0	13.0	0.0	0.0	0.0	120.0	0.0	0.0	0.0	0.0	0.0	0.0	0.0	0.0	0.0	0.0	0.0	0.0	0.0	0.0	0.0	0.0	0.0	0.0	0.0	0.0
SRR5459438	0.0	100.0	2921.0	134.0	89.0	244.0	510.0	282.0	384.0	5391.0	1740.0	340.0	0.0	455.0	0.0	0.0	0.0	0.0	0.0	60.0	0.0	93.0	38.0	0.0	0.0	0.0	0.0	0.0	0.0	242.0	0.0	0.0	0.0	0.0	0.0	0.0	0.0	42.0	0.0	0.0	0.0	0.0	0.0	0.0	23.0	0.0	0.0	0.0	0.0	0.0	0.0	0.0	0.0	0.0	279.0	0.0	0.0	0.0	32.0	0.0	0.0	0.0	0.0	0.0	0.0	0.0	0.0	0.0	273.0	0.0	0.0	0.0	0.0	0.0	0.0	0.0	0.0	0.0	0.0	0.0	0.0	0.0	0.0	0.0	0.0	0.0	0.0	0.0	0.0
SRR5459439	0.0	137.0	3106.0	557.0	447.0	158.0	2791.0	564.0	2092.0	3988.0	807.0	188.0	0.0	379.0	0.0	0.0	0.0	0.0	0.0	19.0	0.0	195.0	37.0	0.0	0.0	29.0	0.0	0.0	0.0	242.0	0.0	0.0	660.0	113.0	0.0	0.0	0.0	15.0	0.0	53.0	24.0	0.0	0.0	0.0	38.0	37.0	0.0	0.0	0.0	0.0	0.0	0.0	0.0	31.0	222.0	0.0	0.0	0.0	0.0	0.0	0.0	0.0	0.0	0.0	25.0	0.0	0.0	0.0	105.0	0.0	0.0	0.0	0.0	0.0	0.0	0.0	0.0	0.0	0.0	0.0	0.0	0.0	0.0	0.0	0.0	0.0	0.0	0.0	0.0
SRR5459441	0.0	75.0	2815.0	42.0	100.0	524.0	405.0	281.0	409.0	5740.0	859.0	659.0	0.0	560.0	17.0	0.0	50.0	0.0	0.0	107.0	36.0	48.0	0.0	0.0	0.0	16.0	0.0	0.0	0.0	519.0	166.0	0.0	123.0	103.0	0.0	0.0	0.0	184.0	34.0	43.0	0.0	0.0	0.0	0.0	0.0	32.0	0.0	0.0	28.0	0.0	0.0	0.0	0.0	141.0	357.0	0.0	0.0	0.0	0.0	0.0	0.0	0.0	0.0	0.0	7.0	35.0	0.0	0.0	216.0	0.0	0.0	0.0	0.0	0.0	0.0	0.0	0.0	0.0	0.0	0.0	0.0	0.0	0.0	0.0	0.0	0.0	0.0	0.0	0.0
SRR5459442	0.0	85.0	3272.0	733.0	308.0	22.0	2669.0	440.0	2324.0	1440.0	345.0	0.0	0.0	204.0	97.0	0.0	54.0	0.0	23.0	0.0	39.0	315.0	264.0	0.0	0.0	0.0	0.0	0.0	0.0	639.0	0.0	83.0	636.0	0.0	13.0	0.0	0.0	0.0	40.0	0.0	0.0	0.0	0.0	0.0	0.0	40.0	0.0	0.0	41.0	0.0	0.0	0.0	0.0	0.0	0.0	0.0	0.0	0.0	0.0	0.0	0.0	0.0	59.0	55.0	34.0	0.0	0.0	0.0	39.0	0.0	0.0	0.0	0.0	0.0	0.0	0.0	0.0	0.0	0.0	0.0	0.0	0.0	0.0	0.0	0.0	0.0	0.0	0.0	0.0
SRR5459444	0.0	125.0	2040.0	58.0	0.0	220.0	220.0	329.0	34.0	4426.0	1470.0	329.0	0.0	367.0	0.0	0.0	0.0	0.0	0.0	85.0	0.0	140.0	14.0	0.0	0.0	0.0	4.0	0.0	0.0	153.0	16.0	0.0	0.0	48.0	0.0	0.0	0.0	0.0	691.0	0.0	0.0	0.0	0.0	0.0	0.0	0.0	0.0	0.0	0.0	0.0	0.0	0.0	0.0	90.0	169.0	0.0	0.0	0.0	0.0	0.0	0.0	0.0	0.0	0.0	0.0	0.0	0.0	0.0	225.0	0.0	0.0	0.0	0.0	0.0	0.0	0.0	0.0	0.0	0.0	0.0	0.0	0.0	0.0	0.0	0.0	0.0	0.0	0.0	0.0
SRR5459445	0.0	127.0	2684.0	512.0	124.0	208.0	2449.0	363.0	1832.0	2473.0	943.0	736.0	0.0	212.0	47.0	0.0	162.0	0.0	25.0	23.0	209.0	232.0	139.0	0.0	0.0	0.0	0.0	0.0	0.0	160.0	38.0	0.0	560.0	39.0	0.0	0.0	0.0	0.0	25.0	0.0	28.0	0.0	0.0	0.0	14.0	0.0	0.0	0.0	0.0	0.0	0.0	11.0	0.0	0.0	238.0	0.0	0.0	8.0	0.0	0.0	0.0	0.0	0.0	52.0	0.0	0.0	0.0	0.0	0.0	0.0	0.0	0.0	0.0	0.0	0.0	0.0	0.0	0.0	0.0	0.0	0.0	0.0	0.0	0.0	0.0	0.0	0.0	0.0	0.0
SRR5459448	0.0	108.0	3585.0	233.0	305.0	76.0	2474.0	557.0	1560.0	1867.0	680.0	118.0	0.0	273.0	103.0	0.0	17.0	0.0	0.0	23.0	56.0	328.0	93.0	14.0	0.0	35.0	0.0	18.0	0.0	665.0	117.0	133.0	1126.0	0.0	0.0	0.0	0.0	0.0	0.0	69.0	33.0	0.0	0.0	0.0	0.0	119.0	0.0	0.0	110.0	0.0	0.0	0.0	0.0	0.0	268.0	0.0	0.0	0.0	43.0	15.0	0.0	0.0	96.0	89.0	59.0	0.0	0.0	0.0	108.0	0.0	0.0	0.0	0.0	0.0	0.0	0.0	0.0	0.0	0.0	0.0	0.0	0.0	0.0	0.0	0.0	0.0	0.0	0.0	0.0
SRR5459449	0.0	0.0	2022.0	1131.0	247.0	13.0	3143.0	105.0	2253.0	1605.0	0.0	0.0	0.0	0.0	0.0	0.0	96.0	0.0	0.0	0.0	90.0	97.0	113.0	0.0	0.0	12.0	0.0	0.0	0.0	57.0	0.0	0.0	124.0	0.0	0.0	0.0	0.0	0.0	0.0	0.0	9.0	0.0	0.0	0.0	0.0	0.0	0.0	0.0	0.0	0.0	0.0	0.0	0.0	0.0	0.0	0.0	0.0	0.0	35.0	0.0	0.0	0.0	0.0	0.0	0.0	0.0	0.0	0.0	38.0	0.0	0.0	0.0	0.0	0.0	0.0	0.0	0.0	0.0	0.0	0.0	0.0	0.0	0.0	0.0	0.0	0.0	0.0	0.0	0.0
SRR5459450	0.0	0.0	2264.0	229.0	0.0	323.0	542.0	335.0	115.0	5861.0	2630.0	208.0	0.0	395.0	32.0	0.0	0.0	0.0	0.0	0.0	0.0	0.0	55.0	0.0	0.0	0.0	0.0	0.0	0.0	83.0	0.0	0.0	84.0	0.0	0.0	0.0	0.0	29.0	0.0	0.0	0.0	0.0	0.0	0.0	0.0	0.0	0.0	0.0	0.0	0.0	0.0	0.0	0.0	0.0	0.0	0.0	0.0	0.0	0.0	0.0	0.0	0.0	0.0	0.0	0.0	0.0	0.0	0.0	179.0	0.0	0.0	0.0	0.0	0.0	0.0	0.0	0.0	0.0	0.0	0.0	0.0	0.0	0.0	0.0	0.0	0.0	0.0	0.0	0.0
SRR5459451	0.0	103.0	4170.0	292.0	310.0	111.0	2908.0	573.0	1443.0	2965.0	1061.0	230.0	0.0	329.0	123.0	0.0	10.0	0.0	10.0	34.0	0.0	168.0	119.0	0.0	0.0	0.0	0.0	0.0	0.0	313.0	46.0	0.0	470.0	56.0	0.0	0.0	0.0	0.0	0.0	57.0	0.0	0.0	0.0	0.0	0.0	36.0	0.0	0.0	0.0	0.0	0.0	0.0	0.0	0.0	167.0	0.0	0.0	0.0	0.0	0.0	0.0	0.0	48.0	42.0	0.0	0.0	0.0	0.0	287.0	0.0	0.0	0.0	0.0	0.0	0.0	0.0	0.0	0.0	0.0	0.0	0.0	0.0	0.0	0.0	0.0	0.0	0.0	0.0	0.0
SRR5459453	0.0	34.0	3726.0	631.0	620.0	307.0	1286.0	372.0	1553.0	1565.0	847.0	139.0	0.0	542.0	124.0	0.0	163.0	39.0	24.0	0.0	38.0	306.0	0.0	0.0	35.0	0.0	0.0	100.0	0.0	250.0	0.0	0.0	258.0	0.0	0.0	78.0	64.0	14.0	1155.0	0.0	59.0	0.0	0.0	0.0	0.0	0.0	0.0	0.0	40.0	0.0	8.0	0.0	0.0	0.0	140.0	0.0	0.0	0.0	0.0	0.0	0.0	0.0	0.0	0.0	0.0	0.0	0.0	0.0	93.0	0.0	0.0	0.0	0.0	0.0	0.0	0.0	0.0	0.0	0.0	0.0	0.0	0.0	0.0	0.0	0.0	51.0	0.0	0.0	0.0
SRR5459455	0.0	0.0	2319.0	563.0	451.0	58.0	3280.0	48.0	2213.0	366.0	165.0	0.0	0.0	47.0	0.0	0.0	155.0	0.0	0.0	0.0	74.0	20.0	372.0	0.0	12.0	58.0	0.0	0.0	0.0	0.0	0.0	0.0	0.0	0.0	0.0	0.0	0.0	0.0	0.0	0.0	0.0	0.0	0.0	0.0	0.0	0.0	0.0	0.0	0.0	0.0	0.0	0.0	0.0	0.0	0.0	0.0	0.0	0.0	0.0	0.0	0.0	0.0	0.0	0.0	0.0	0.0	0.0	0.0	0.0	0.0	0.0	0.0	0.0	0.0	0.0	0.0	0.0	0.0	0.0	0.0	0.0	0.0	0.0	0.0	0.0	0.0	0.0	0.0	0.0
SRR5459456	0.0	334.0	3873.0	105.0	114.0	829.0	1043.0	122.0	510.0	5607.0	1799.0	629.0	0.0	327.0	0.0	0.0	0.0	0.0	0.0	69.0	224.0	152.0	0.0	0.0	0.0	0.0	0.0	220.0	13.0	117.0	0.0	0.0	142.0	0.0	0.0	0.0	0.0	39.0	0.0	59.0	0.0	0.0	0.0	0.0	0.0	42.0	0.0	0.0	17.0	0.0	0.0	0.0	0.0	56.0	253.0	0.0	0.0	0.0	119.0	0.0	0.0	44.0	0.0	0.0	0.0	0.0	0.0	0.0	555.0	0.0	0.0	0.0	0.0	0.0	0.0	0.0	0.0	0.0	0.0	0.0	0.0	0.0	0.0	0.0	0.0	0.0	0.0	0.0	0.0
SRR5459457	0.0	22.0	3435.0	238.0	268.0	11.0	2260.0	0.0	1561.0	2677.0	1194.0	66.0	0.0	419.0	46.0	0.0	0.0	0.0	0.0	150.0	0.0	0.0	0.0	0.0	0.0	25.0	0.0	0.0	0.0	111.0	0.0	42.0	23.0	82.0	0.0	0.0	0.0	0.0	18.0	0.0	0.0	0.0	0.0	0.0	0.0	22.0	0.0	0.0	19.0	0.0	0.0	0.0	0.0	0.0	151.0	0.0	0.0	0.0	0.0	0.0	0.0	0.0	69.0	0.0	0.0	0.0	0.0	0.0	139.0	0.0	0.0	0.0	0.0	0.0	0.0	0.0	0.0	0.0	0.0	0.0	0.0	0.0	0.0	0.0	0.0	0.0	0.0	0.0	0.0
SRR5459459	0.0	187.0	5432.0	83.0	0.0	1157.0	289.0	522.0	750.0	7355.0	1015.0	716.0	0.0	181.0	0.0	0.0	0.0	0.0	0.0	121.0	223.0	581.0	0.0	0.0	0.0	59.0	0.0	317.0	0.0	817.0	0.0	0.0	0.0	0.0	0.0	0.0	0.0	38.0	2381.0	0.0	0.0	0.0	0.0	0.0	0.0	45.0	0.0	0.0	0.0	0.0	52.0	0.0	0.0	106.0	278.0	0.0	0.0	0.0	81.0	0.0	0.0	0.0	0.0	0.0	0.0	0.0	0.0	0.0	291.0	0.0	0.0	0.0	0.0	0.0	0.0	0.0	0.0	0.0	0.0	0.0	0.0	0.0	0.0	0.0	0.0	0.0	0.0	0.0	0.0
SRR5459460	0.0	215.0	2521.0	167.0	177.0	172.0	2306.0	879.0	1203.0	1607.0	627.0	155.0	0.0	286.0	124.0	18.0	38.0	0.0	0.0	37.0	80.0	547.0	71.0	0.0	0.0	0.0	0.0	90.0	28.0	370.0	122.0	0.0	1160.0	0.0	0.0	0.0	0.0	0.0	0.0	0.0	0.0	0.0	0.0	0.0	20.0	91.0	0.0	0.0	53.0	0.0	0.0	0.0	0.0	0.0	0.0	0.0	0.0	0.0	24.0	0.0	0.0	0.0	0.0	109.0	0.0	0.0	0.0	0.0	214.0	0.0	0.0	0.0	0.0	0.0	0.0	39.0	0.0	13.0	0.0	0.0	0.0	0.0	0.0	0.0	0.0	0.0	0.0	0.0	0.0
SRR5459462	0.0	45.0	3209.0	79.0	0.0	538.0	894.0	219.0	272.0	5217.0	1032.0	232.0	0.0	363.0	0.0	0.0	25.0	0.0	0.0	21.0	0.0	0.0	0.0	0.0	0.0	0.0	0.0	0.0	0.0	89.0	0.0	0.0	0.0	0.0	0.0	0.0	0.0	32.0	11.0	0.0	0.0	0.0	0.0	0.0	0.0	17.0	0.0	0.0	0.0	0.0	0.0	0.0	0.0	47.0	144.0	0.0	0.0	0.0	65.0	0.0	0.0	0.0	0.0	0.0	0.0	0.0	0.0	0.0	199.0	0.0	0.0	0.0	0.0	0.0	0.0	0.0	0.0	0.0	0.0	0.0	0.0	0.0	0.0	0.0	0.0	0.0	0.0	0.0	0.0
SRR5459463	0.0	225.0	4086.0	434.0	464.0	10.0	2982.0	389.0	2197.0	3573.0	875.0	97.0	0.0	268.0	61.0	0.0	0.0	0.0	0.0	60.0	217.0	575.0	0.0	0.0	0.0	26.0	0.0	0.0	27.0	364.0	0.0	62.0	674.0	0.0	0.0	0.0	0.0	0.0	0.0	0.0	0.0	0.0	0.0	0.0	26.0	0.0	0.0	0.0	32.0	0.0	0.0	0.0	0.0	0.0	268.0	0.0	0.0	0.0	39.0	0.0	0.0	0.0	0.0	28.0	0.0	0.0	0.0	0.0	224.0	0.0	0.0	0.0	0.0	0.0	0.0	0.0	0.0	0.0	0.0	0.0	0.0	0.0	0.0	0.0	0.0	0.0	0.0	0.0	0.0
SRR5459465	0.0	0.0	2797.0	97.0	0.0	171.0	488.0	527.0	62.0	5009.0	2061.0	137.0	0.0	423.0	0.0	0.0	8.0	0.0	0.0	45.0	0.0	40.0	48.0	0.0	0.0	0.0	0.0	0.0	0.0	333.0	0.0	0.0	154.0	0.0	0.0	0.0	0.0	59.0	0.0	54.0	0.0	0.0	0.0	0.0	0.0	27.0	0.0	0.0	0.0	0.0	0.0	0.0	0.0	74.0	256.0	0.0	0.0	0.0	0.0	0.0	0.0	0.0	0.0	0.0	0.0	0.0	0.0	0.0	328.0	0.0	0.0	0.0	0.0	0.0	0.0	0.0	0.0	0.0	0.0	0.0	0.0	0.0	0.0	0.0	0.0	0.0	0.0	0.0	0.0
SRR5459466	0.0	168.0	3324.0	141.0	315.0	116.0	1863.0	571.0	1239.0	2487.0	1064.0	158.0	0.0	306.0	35.0	4.0	0.0	0.0	0.0	35.0	45.0	178.0	54.0	0.0	0.0	13.0	0.0	10.0	22.0	125.0	0.0	0.0	808.0	38.0	0.0	0.0	0.0	0.0	0.0	68.0	0.0	0.0	0.0	0.0	26.0	16.0	0.0	0.0	0.0	0.0	0.0	0.0	0.0	0.0	126.0	0.0	0.0	0.0	0.0	0.0	0.0	0.0	0.0	61.0	0.0	0.0	0.0	0.0	160.0	0.0	0.0	0.0	0.0	0.0	0.0	0.0	0.0	0.0	0.0	0.0	0.0	0.0	0.0	0.0	0.0	0.0	0.0	0.0	0.0
SRR5459468	0.0	0.0	2898.0	289.0	204.0	217.0	712.0	75.0	1146.0	1632.0	740.0	87.0	0.0	186.0	0.0	0.0	0.0	0.0	0.0	0.0	13.0	44.0	22.0	0.0	0.0	0.0	8.0	281.0	0.0	23.0	0.0	0.0	34.0	0.0	0.0	0.0	53.0	0.0	2012.0	0.0	14.0	0.0	0.0	0.0	0.0	11.0	0.0	0.0	0.0	0.0	163.0	0.0	0.0	0.0	0.0	0.0	0.0	0.0	0.0	0.0	0.0	0.0	0.0	0.0	0.0	0.0	0.0	0.0	69.0	0.0	0.0	0.0	0.0	0.0	0.0	0.0	0.0	0.0	0.0	0.0	0.0	0.0	0.0	0.0	0.0	0.0	0.0	0.0	0.0
SRR5459469	0.0	0.0	3739.0	754.0	238.0	29.0	2179.0	616.0	1216.0	916.0	714.0	0.0	0.0	201.0	137.0	0.0	47.0	0.0	0.0	0.0	0.0	423.0	0.0	0.0	14.0	0.0	0.0	0.0	0.0	251.0	0.0	114.0	759.0	0.0	0.0	0.0	10.0	0.0	0.0	0.0	0.0	0.0	0.0	0.0	26.0	48.0	0.0	0.0	44.0	0.0	0.0	0.0	0.0	0.0	0.0	0.0	0.0	0.0	0.0	32.0	0.0	0.0	81.0	107.0	47.0	0.0	0.0	0.0	0.0	0.0	0.0	0.0	0.0	0.0	0.0	0.0	0.0	0.0	0.0	0.0	0.0	0.0	0.0	0.0	0.0	0.0	0.0	0.0	0.0
SRR5459471	0.0	0.0	1812.0	0.0	0.0	307.0	153.0	179.0	0.0	4993.0	1904.0	309.0	0.0	227.0	0.0	0.0	0.0	0.0	0.0	0.0	0.0	102.0	0.0	0.0	0.0	0.0	0.0	0.0	0.0	0.0	0.0	0.0	49.0	0.0	0.0	0.0	0.0	92.0	0.0	0.0	0.0	0.0	0.0	0.0	0.0	30.0	0.0	0.0	0.0	0.0	0.0	0.0	0.0	0.0	134.0	0.0	0.0	0.0	14.0	0.0	0.0	0.0	0.0	0.0	0.0	0.0	0.0	0.0	225.0	0.0	0.0	0.0	0.0	0.0	0.0	0.0	0.0	0.0	0.0	0.0	0.0	0.0	0.0	0.0	0.0	0.0	0.0	0.0	0.0
SRR5459472	19.0	161.0	3336.0	395.0	187.0	221.0	1581.0	333.0	2810.0	2718.0	714.0	545.0	0.0	240.0	19.0	0.0	23.0	0.0	0.0	19.0	24.0	258.0	33.0	0.0	0.0	0.0	0.0	0.0	0.0	58.0	0.0	0.0	258.0	0.0	0.0	0.0	0.0	0.0	0.0	0.0	0.0	0.0	0.0	0.0	0.0	0.0	0.0	0.0	22.0	0.0	0.0	0.0	0.0	0.0	209.0	0.0	0.0	0.0	0.0	0.0	0.0	0.0	0.0	0.0	0.0	0.0	0.0	0.0	252.0	0.0	0.0	0.0	0.0	0.0	0.0	0.0	0.0	15.0	0.0	0.0	0.0	0.0	0.0	0.0	0.0	0.0	0.0	0.0	0.0
SRR5459474	0.0	0.0	3706.0	81.0	289.0	508.0	454.0	136.0	1166.0	2514.0	775.0	0.0	0.0	142.0	0.0	0.0	28.0	0.0	0.0	0.0	112.0	38.0	0.0	0.0	0.0	0.0	0.0	0.0	0.0	0.0	0.0	0.0	78.0	0.0	0.0	0.0	0.0	0.0	1461.0	0.0	7.0	0.0	0.0	0.0	0.0	0.0	0.0	0.0	0.0	0.0	39.0	0.0	0.0	0.0	0.0	0.0	0.0	0.0	0.0	0.0	0.0	0.0	0.0	0.0	0.0	0.0	0.0	0.0	0.0	0.0	0.0	0.0	0.0	0.0	0.0	0.0	0.0	0.0	0.0	0.0	0.0	0.0	0.0	0.0	0.0	0.0	0.0	0.0	0.0
SRR5459475	0.0	162.0	4679.0	65.0	533.0	8.0	3173.0	363.0	2464.0	1681.0	783.0	148.0	0.0	197.0	114.0	0.0	57.0	0.0	0.0	23.0	15.0	449.0	0.0	0.0	0.0	30.0	0.0	19.0	0.0	714.0	111.0	94.0	1198.0	88.0	0.0	0.0	0.0	5.0	19.0	0.0	22.0	0.0	0.0	0.0	24.0	77.0	0.0	41.0	56.0	0.0	0.0	0.0	0.0	29.0	243.0	0.0	0.0	0.0	0.0	0.0	0.0	0.0	83.0	137.0	27.0	30.0	0.0	0.0	113.0	0.0	0.0	0.0	0.0	0.0	0.0	0.0	0.0	0.0	0.0	0.0	0.0	0.0	0.0	0.0	0.0	0.0	0.0	0.0	0.0
SRR5459476	0.0	0.0	2278.0	400.0	412.0	8.0	3027.0	0.0	1877.0	2828.0	0.0	53.0	0.0	0.0	0.0	0.0	0.0	0.0	0.0	0.0	54.0	0.0	57.0	0.0	0.0	0.0	0.0	0.0	0.0	32.0	0.0	0.0	123.0	0.0	0.0	0.0	0.0	0.0	0.0	0.0	0.0	0.0	0.0	0.0	0.0	0.0	0.0	0.0	0.0	0.0	0.0	0.0	0.0	0.0	0.0	0.0	0.0	0.0	0.0	0.0	0.0	0.0	0.0	0.0	0.0	0.0	0.0	0.0	0.0	0.0	0.0	0.0	0.0	0.0	0.0	0.0	0.0	0.0	0.0	0.0	0.0	0.0	0.0	0.0	0.0	0.0	0.0	0.0	0.0
SRR5459478	0.0	211.0	2678.0	419.0	659.0	70.0	3831.0	541.0	2923.0	1710.0	469.0	144.0	0.0	202.0	147.0	0.0	15.0	0.0	0.0	0.0	109.0	611.0	80.0	24.0	0.0	20.0	0.0	0.0	10.0	499.0	89.0	121.0	1343.0	154.0	0.0	0.0	0.0	0.0	42.0	92.0	83.0	0.0	0.0	0.0	0.0	141.0	0.0	0.0	44.0	0.0	0.0	0.0	0.0	0.0	159.0	0.0	0.0	0.0	24.0	29.0	0.0	0.0	84.0	172.0	75.0	0.0	0.0	0.0	54.0	0.0	0.0	0.0	0.0	0.0	0.0	0.0	0.0	0.0	0.0	0.0	0.0	29.0	0.0	23.0	0.0	0.0	0.0	0.0	0.0
SRR5459481	0.0	0.0	2027.0	89.0	0.0	348.0	519.0	213.0	97.0	4275.0	2424.0	305.0	0.0	159.0	0.0	0.0	0.0	0.0	0.0	0.0	0.0	0.0	10.0	0.0	0.0	0.0	0.0	0.0	0.0	0.0	0.0	0.0	0.0	0.0	0.0	0.0	0.0	90.0	0.0	0.0	0.0	0.0	0.0	0.0	0.0	0.0	0.0	0.0	0.0	0.0	0.0	0.0	0.0	0.0	0.0	0.0	0.0	0.0	0.0	0.0	0.0	0.0	0.0	0.0	0.0	0.0	0.0	0.0	242.0	0.0	0.0	0.0	0.0	0.0	0.0	0.0	0.0	0.0	0.0	0.0	0.0	0.0	0.0	0.0	0.0	0.0	0.0	0.0	0.0
SRR5459485	0.0	137.0	3697.0	94.0	192.0	358.0	189.0	327.0	390.0	6343.0	1776.0	602.0	0.0	140.0	0.0	0.0	0.0	9.0	0.0	24.0	0.0	46.0	0.0	0.0	0.0	0.0	0.0	0.0	0.0	258.0	32.0	0.0	70.0	83.0	0.0	0.0	0.0	46.0	111.0	0.0	0.0	0.0	0.0	0.0	0.0	50.0	0.0	0.0	16.0	0.0	0.0	0.0	0.0	187.0	565.0	0.0	0.0	0.0	14.0	0.0	0.0	0.0	0.0	0.0	0.0	0.0	0.0	0.0	252.0	0.0	0.0	0.0	0.0	0.0	0.0	0.0	0.0	0.0	0.0	0.0	0.0	0.0	0.0	0.0	0.0	0.0	0.0	0.0	0.0
SRR5459486	0.0	67.0	2287.0	74.0	311.0	24.0	2497.0	363.0	1328.0	1092.0	411.0	132.0	0.0	148.0	115.0	0.0	0.0	0.0	0.0	0.0	61.0	352.0	36.0	20.0	0.0	30.0	0.0	46.0	0.0	537.0	86.0	65.0	822.0	0.0	0.0	0.0	0.0	0.0	0.0	0.0	53.0	0.0	0.0	0.0	0.0	50.0	0.0	0.0	14.0	0.0	0.0	0.0	0.0	0.0	0.0	0.0	0.0	0.0	0.0	0.0	0.0	0.0	0.0	70.0	28.0	0.0	0.0	0.0	0.0	0.0	0.0	0.0	0.0	0.0	0.0	0.0	0.0	0.0	0.0	0.0	0.0	0.0	0.0	0.0	0.0	0.0	0.0	0.0	0.0
SRR5459487	0.0	0.0	2627.0	1178.0	334.0	124.0	2643.0	0.0	2735.0	1918.0	423.0	0.0	0.0	117.0	55.0	0.0	118.0	24.0	0.0	163.0	54.0	0.0	95.0	15.0	0.0	10.0	0.0	46.0	0.0	255.0	0.0	45.0	163.0	0.0	0.0	0.0	0.0	0.0	0.0	0.0	0.0	0.0	0.0	0.0	0.0	23.0	0.0	0.0	27.0	0.0	0.0	0.0	0.0	0.0	166.0	0.0	0.0	0.0	0.0	0.0	0.0	0.0	0.0	0.0	0.0	0.0	0.0	0.0	88.0	0.0	0.0	0.0	0.0	0.0	0.0	0.0	0.0	0.0	0.0	0.0	0.0	0.0	0.0	0.0	0.0	0.0	0.0	0.0	0.0
SRR5459488	0.0	0.0	2381.0	1244.0	383.0	0.0	3068.0	0.0	2773.0	1270.0	188.0	0.0	0.0	68.0	47.0	0.0	22.0	30.0	0.0	11.0	52.0	25.0	23.0	0.0	0.0	14.0	0.0	0.0	0.0	87.0	0.0	0.0	65.0	0.0	0.0	0.0	0.0	0.0	0.0	0.0	31.0	0.0	0.0	0.0	0.0	29.0	0.0	0.0	0.0	0.0	0.0	0.0	0.0	0.0	117.0	0.0	0.0	0.0	0.0	0.0	0.0	0.0	0.0	0.0	0.0	0.0	0.0	0.0	0.0	0.0	0.0	0.0	0.0	0.0	0.0	0.0	0.0	0.0	0.0	0.0	0.0	0.0	0.0	0.0	0.0	0.0	0.0	0.0	0.0
SRR5459490	0.0	278.0	2089.0	356.0	561.0	191.0	2312.0	435.0	1393.0	2273.0	649.0	249.0	0.0	190.0	0.0	10.0	28.0	0.0	0.0	25.0	56.0	352.0	23.0	0.0	0.0	16.0	10.0	0.0	0.0	524.0	0.0	0.0	835.0	34.0	0.0	0.0	0.0	0.0	0.0	41.0	0.0	0.0	0.0	0.0	0.0	0.0	0.0	0.0	0.0	0.0	0.0	0.0	0.0	0.0	159.0	0.0	0.0	0.0	0.0	0.0	0.0	0.0	0.0	88.0	0.0	0.0	0.0	0.0	247.0	0.0	0.0	0.0	0.0	0.0	0.0	0.0	0.0	0.0	0.0	0.0	0.0	0.0	0.0	0.0	0.0	0.0	0.0	0.0	0.0
SRR5459492	0.0	67.0	1723.0	592.0	144.0	78.0	1703.0	40.0	1770.0	3102.0	178.0	74.0	0.0	0.0	0.0	0.0	15.0	0.0	0.0	118.0	109.0	0.0	43.0	0.0	0.0	0.0	0.0	0.0	16.0	0.0	0.0	0.0	117.0	0.0	0.0	0.0	0.0	0.0	0.0	0.0	0.0	0.0	0.0	0.0	0.0	0.0	0.0	0.0	0.0	0.0	0.0	0.0	0.0	0.0	114.0	0.0	0.0	0.0	0.0	0.0	0.0	0.0	0.0	0.0	0.0	0.0	0.0	0.0	166.0	0.0	0.0	0.0	0.0	0.0	0.0	0.0	0.0	0.0	0.0	0.0	0.0	0.0	0.0	0.0	0.0	0.0	0.0	0.0	0.0
SRR5459493	0.0	0.0	2852.0	181.0	0.0	46.0	0.0	236.0	80.0	4808.0	1381.0	328.0	0.0	356.0	0.0	0.0	54.0	0.0	0.0	0.0	0.0	0.0	0.0	0.0	0.0	0.0	0.0	0.0	0.0	188.0	0.0	0.0	103.0	81.0	0.0	0.0	0.0	0.0	157.0	0.0	0.0	0.0	0.0	0.0	0.0	41.0	0.0	0.0	8.0	0.0	0.0	0.0	0.0	166.0	390.0	0.0	0.0	0.0	0.0	0.0	0.0	0.0	0.0	0.0	0.0	0.0	0.0	0.0	261.0	0.0	0.0	0.0	0.0	0.0	0.0	0.0	0.0	0.0	0.0	0.0	0.0	0.0	0.0	0.0	0.0	0.0	0.0	0.0	0.0
SRR5459494	0.0	78.0	4669.0	652.0	508.0	42.0	3849.0	523.0	3053.0	1259.0	627.0	44.0	0.0	501.0	152.0	0.0	116.0	15.0	0.0	37.0	73.0	1250.0	72.0	41.0	0.0	0.0	82.0	43.0	49.0	814.0	76.0	195.0	2433.0	59.0	0.0	0.0	0.0	22.0	0.0	0.0	0.0	0.0	0.0	0.0	88.0	100.0	0.0	0.0	285.0	0.0	0.0	0.0	0.0	36.0	302.0	0.0	0.0	25.0	0.0	0.0	0.0	0.0	161.0	264.0	174.0	0.0	0.0	0.0	165.0	0.0	0.0	0.0	0.0	0.0	0.0	32.0	0.0	26.0	0.0	0.0	0.0	68.0	0.0	0.0	0.0	0.0	0.0	0.0	21.0
SRR5459495	0.0	36.0	1498.0	803.0	0.0	219.0	3016.0	0.0	3365.0	2108.0	0.0	0.0	0.0	0.0	0.0	0.0	59.0	0.0	0.0	0.0	30.0	0.0	0.0	0.0	0.0	0.0	0.0	0.0	0.0	55.0	0.0	0.0	69.0	0.0	0.0	0.0	0.0	0.0	0.0	0.0	0.0	0.0	0.0	0.0	0.0	0.0	0.0	0.0	0.0	0.0	0.0	0.0	0.0	0.0	0.0	0.0	0.0	0.0	0.0	0.0	0.0	0.0	0.0	0.0	0.0	0.0	0.0	0.0	0.0	0.0	0.0	0.0	0.0	0.0	0.0	0.0	0.0	0.0	0.0	0.0	0.0	0.0	0.0	0.0	0.0	0.0	0.0	0.0	0.0
SRR5459497	0.0	93.0	2855.0	100.0	0.0	650.0	168.0	258.0	344.0	5340.0	1165.0	136.0	0.0	188.0	0.0	0.0	0.0	0.0	0.0	45.0	0.0	136.0	0.0	0.0	0.0	0.0	0.0	21.0	0.0	139.0	0.0	0.0	60.0	0.0	0.0	0.0	0.0	0.0	66.0	0.0	0.0	0.0	0.0	0.0	0.0	15.0	0.0	0.0	0.0	0.0	135.0	0.0	0.0	0.0	0.0	0.0	0.0	0.0	0.0	0.0	0.0	0.0	0.0	0.0	0.0	0.0	0.0	0.0	231.0	0.0	0.0	0.0	0.0	0.0	0.0	0.0	0.0	0.0	0.0	0.0	0.0	0.0	0.0	0.0	0.0	0.0	0.0	0.0	0.0
SRR5459498	0.0	0.0	2468.0	512.0	112.0	24.0	2453.0	286.0	1119.0	683.0	520.0	136.0	0.0	257.0	129.0	0.0	50.0	32.0	0.0	0.0	28.0	774.0	228.0	34.0	0.0	21.0	0.0	0.0	0.0	555.0	62.0	131.0	1064.0	0.0	0.0	0.0	21.0	0.0	0.0	0.0	49.0	0.0	0.0	0.0	27.0	47.0	0.0	0.0	137.0	0.0	0.0	0.0	0.0	0.0	208.0	0.0	0.0	0.0	14.0	42.0	0.0	0.0	122.0	126.0	65.0	0.0	0.0	0.0	0.0	0.0	0.0	0.0	0.0	0.0	0.0	0.0	0.0	49.0	0.0	0.0	0.0	0.0	0.0	0.0	0.0	0.0	0.0	0.0	0.0
SRR5459499	0.0	0.0	4556.0	1690.0	243.0	319.0	3855.0	99.0	3012.0	2082.0	360.0	0.0	0.0	154.0	28.0	0.0	148.0	17.0	69.0	0.0	177.0	25.0	353.0	0.0	0.0	0.0	0.0	0.0	0.0	213.0	26.0	26.0	426.0	0.0	0.0	0.0	0.0	0.0	58.0	0.0	0.0	0.0	0.0	0.0	0.0	0.0	0.0	0.0	0.0	0.0	0.0	0.0	0.0	0.0	92.0	0.0	0.0	0.0	0.0	14.0	0.0	0.0	0.0	27.0	0.0	0.0	40.0	0.0	0.0	0.0	0.0	0.0	0.0	0.0	0.0	0.0	0.0	0.0	0.0	0.0	0.0	0.0	0.0	0.0	0.0	0.0	0.0	0.0	0.0
SRR5459502	0.0	57.0	3002.0	257.0	62.0	115.0	1859.0	0.0	2401.0	2757.0	657.0	33.0	0.0	47.0	0.0	0.0	20.0	0.0	0.0	0.0	169.0	0.0	61.0	0.0	0.0	0.0	0.0	43.0	0.0	47.0	0.0	0.0	23.0	0.0	0.0	0.0	0.0	0.0	9.0	0.0	0.0	0.0	0.0	0.0	0.0	0.0	0.0	0.0	0.0	0.0	23.0	0.0	0.0	0.0	0.0	0.0	0.0	0.0	0.0	0.0	0.0	14.0	0.0	0.0	0.0	0.0	0.0	0.0	0.0	0.0	0.0	0.0	0.0	0.0	0.0	0.0	0.0	0.0	0.0	0.0	0.0	0.0	0.0	0.0	0.0	0.0	0.0	0.0	0.0
SRR5459505	0.0	0.0	3369.0	180.0	454.0	40.0	2942.0	209.0	2475.0	545.0	316.0	53.0	0.0	132.0	9.0	0.0	0.0	0.0	11.0	0.0	85.0	550.0	363.0	0.0	0.0	0.0	0.0	0.0	28.0	518.0	99.0	152.0	622.0	0.0	0.0	0.0	0.0	0.0	0.0	0.0	24.0	0.0	0.0	0.0	0.0	40.0	0.0	0.0	78.0	0.0	0.0	0.0	0.0	0.0	186.0	0.0	0.0	0.0	39.0	0.0	0.0	0.0	96.0	93.0	48.0	0.0	0.0	0.0	0.0	0.0	0.0	0.0	0.0	0.0	0.0	0.0	0.0	0.0	0.0	0.0	0.0	0.0	0.0	0.0	0.0	0.0	0.0	0.0	0.0
SRR5459506	0.0	0.0	3726.0	2202.0	575.0	532.0	3560.0	43.0	4005.0	1983.0	35.0	49.0	0.0	0.0	0.0	0.0	198.0	0.0	25.0	0.0	107.0	10.0	505.0	0.0	0.0	20.0	0.0	0.0	0.0	83.0	0.0	0.0	118.0	0.0	0.0	0.0	0.0	0.0	0.0	0.0	0.0	0.0	0.0	0.0	0.0	0.0	0.0	0.0	0.0	0.0	0.0	0.0	0.0	0.0	0.0	0.0	0.0	9.0	0.0	0.0	0.0	0.0	0.0	0.0	0.0	0.0	43.0	0.0	0.0	0.0	0.0	0.0	0.0	0.0	0.0	0.0	0.0	0.0	0.0	0.0	0.0	0.0	0.0	0.0	0.0	0.0	0.0	0.0	0.0
SRR5459508	0.0	42.0	2047.0	127.0	0.0	282.0	347.0	321.0	488.0	3651.0	1954.0	39.0	0.0	360.0	0.0	0.0	39.0	0.0	0.0	0.0	0.0	19.0	29.0	0.0	0.0	0.0	0.0	0.0	7.0	0.0	0.0	12.0	75.0	0.0	0.0	0.0	0.0	21.0	0.0	0.0	0.0	0.0	0.0	0.0	0.0	25.0	0.0	0.0	0.0	0.0	0.0	0.0	0.0	0.0	142.0	0.0	0.0	0.0	0.0	0.0	0.0	0.0	0.0	0.0	0.0	0.0	0.0	0.0	370.0	0.0	0.0	0.0	0.0	0.0	0.0	0.0	0.0	0.0	0.0	0.0	0.0	0.0	0.0	0.0	0.0	0.0	0.0	0.0	0.0
SRR5459509	0.0	56.0	2717.0	773.0	275.0	5.0	2109.0	210.0	1337.0	2669.0	464.0	0.0	0.0	220.0	30.0	0.0	0.0	0.0	0.0	0.0	66.0	169.0	0.0	0.0	0.0	17.0	0.0	0.0	0.0	135.0	40.0	49.0	252.0	0.0	0.0	0.0	0.0	0.0	0.0	0.0	0.0	0.0	0.0	0.0	0.0	0.0	0.0	0.0	0.0	0.0	0.0	0.0	0.0	0.0	0.0	0.0	0.0	0.0	0.0	0.0	0.0	0.0	40.0	0.0	0.0	0.0	0.0	0.0	120.0	0.0	0.0	0.0	0.0	0.0	0.0	0.0	0.0	0.0	0.0	0.0	0.0	0.0	0.0	0.0	0.0	0.0	0.0	0.0	0.0
SRR5459512	0.0	63.0	2500.0	320.0	79.0	39.0	429.0	416.0	611.0	4462.0	975.0	801.0	0.0	522.0	0.0	0.0	59.0	0.0	0.0	71.0	0.0	87.0	0.0	0.0	0.0	12.0	0.0	0.0	0.0	408.0	0.0	0.0	0.0	115.0	0.0	0.0	0.0	0.0	85.0	0.0	0.0	0.0	0.0	0.0	29.0	57.0	0.0	0.0	0.0	0.0	0.0	0.0	0.0	179.0	500.0	0.0	0.0	0.0	49.0	0.0	0.0	0.0	0.0	0.0	0.0	62.0	0.0	0.0	357.0	0.0	0.0	0.0	0.0	0.0	0.0	0.0	0.0	17.0	0.0	0.0	0.0	0.0	0.0	0.0	0.0	0.0	0.0	0.0	0.0
SRR5459513	0.0	194.0	2879.0	334.0	335.0	13.0	2537.0	382.0	1897.0	1040.0	414.0	0.0	0.0	155.0	67.0	0.0	25.0	0.0	0.0	0.0	144.0	355.0	111.0	0.0	0.0	0.0	0.0	25.0	0.0	769.0	19.0	80.0	1231.0	80.0	0.0	0.0	0.0	0.0	0.0	0.0	26.0	0.0	0.0	0.0	24.0	83.0	0.0	0.0	71.0	0.0	0.0	0.0	0.0	18.0	166.0	0.0	0.0	0.0	32.0	0.0	0.0	0.0	0.0	107.0	0.0	0.0	0.0	0.0	31.0	0.0	0.0	0.0	0.0	0.0	0.0	0.0	0.0	0.0	0.0	0.0	0.0	0.0	0.0	0.0	0.0	0.0	0.0	0.0	0.0
SRR5459514	0.0	0.0	3070.0	861.0	223.0	126.0	3825.0	0.0	2767.0	2452.0	15.0	135.0	0.0	48.0	0.0	0.0	39.0	65.0	0.0	0.0	78.0	0.0	109.0	0.0	0.0	0.0	0.0	45.0	0.0	30.0	0.0	21.0	128.0	0.0	0.0	0.0	0.0	0.0	0.0	0.0	0.0	0.0	0.0	0.0	0.0	0.0	0.0	0.0	0.0	0.0	0.0	0.0	0.0	0.0	88.0	0.0	0.0	0.0	0.0	0.0	0.0	0.0	0.0	0.0	0.0	0.0	0.0	0.0	53.0	0.0	0.0	0.0	0.0	0.0	0.0	0.0	0.0	0.0	0.0	0.0	0.0	0.0	0.0	0.0	0.0	0.0	0.0	0.0	0.0
SRR5459516	0.0	0.0	2618.0	223.0	0.0	84.0	888.0	258.0	500.0	4673.0	895.0	84.0	0.0	399.0	0.0	0.0	32.0	0.0	0.0	0.0	0.0	100.0	34.0	0.0	0.0	0.0	0.0	0.0	0.0	0.0	0.0	0.0	0.0	0.0	0.0	0.0	0.0	0.0	0.0	0.0	0.0	0.0	0.0	0.0	0.0	27.0	0.0	0.0	0.0	0.0	0.0	0.0	0.0	119.0	0.0	0.0	0.0	0.0	19.0	0.0	0.0	0.0	0.0	0.0	0.0	0.0	0.0	0.0	230.0	0.0	0.0	0.0	0.0	0.0	0.0	0.0	0.0	0.0	0.0	0.0	0.0	0.0	0.0	0.0	0.0	0.0	0.0	0.0	0.0
SRR5459521	0.0	0.0	4070.0	296.0	374.0	112.0	2662.0	643.0	1107.0	2924.0	1035.0	299.0	0.0	402.0	100.0	8.0	80.0	0.0	0.0	11.0	180.0	536.0	18.0	24.0	0.0	39.0	0.0	0.0	0.0	852.0	72.0	98.0	1580.0	0.0	0.0	0.0	0.0	15.0	27.0	0.0	14.0	0.0	0.0	0.0	25.0	168.0	0.0	0.0	79.0	0.0	0.0	0.0	0.0	0.0	401.0	0.0	0.0	0.0	32.0	21.0	0.0	0.0	0.0	0.0	31.0	0.0	0.0	0.0	217.0	0.0	0.0	0.0	0.0	0.0	0.0	0.0	0.0	0.0	0.0	0.0	0.0	0.0	0.0	0.0	0.0	0.0	0.0	0.0	0.0
SRR5459522	0.0	119.0	3740.0	961.0	175.0	81.0	4034.0	163.0	2273.0	4056.0	235.0	0.0	0.0	102.0	23.0	0.0	91.0	0.0	0.0	0.0	489.0	43.0	0.0	0.0	0.0	26.0	0.0	0.0	0.0	229.0	66.0	48.0	184.0	166.0	0.0	0.0	0.0	0.0	0.0	0.0	0.0	0.0	0.0	0.0	0.0	0.0	0.0	0.0	0.0	0.0	0.0	0.0	0.0	0.0	213.0	0.0	0.0	0.0	17.0	0.0	0.0	0.0	0.0	0.0	0.0	0.0	0.0	0.0	0.0	0.0	0.0	0.0	0.0	0.0	0.0	0.0	0.0	0.0	0.0	0.0	0.0	0.0	0.0	0.0	0.0	0.0	0.0	0.0	0.0
SRR5459523	0.0	92.0	2757.0	359.0	180.0	22.0	2520.0	132.0	1812.0	1401.0	105.0	0.0	0.0	0.0	0.0	0.0	0.0	0.0	0.0	0.0	274.0	0.0	21.0	0.0	0.0	0.0	0.0	0.0	0.0	309.0	0.0	0.0	278.0	79.0	0.0	0.0	0.0	0.0	0.0	0.0	0.0	0.0	0.0	0.0	0.0	0.0	0.0	0.0	0.0	0.0	14.0	0.0	0.0	0.0	0.0	0.0	0.0	0.0	0.0	0.0	0.0	0.0	0.0	0.0	0.0	0.0	0.0	0.0	0.0	0.0	0.0	0.0	0.0	0.0	0.0	0.0	0.0	0.0	0.0	0.0	0.0	0.0	0.0	0.0	0.0	0.0	0.0	0.0	0.0
SRR5459524	0.0	0.0	2641.0	96.0	173.0	475.0	508.0	359.0	16.0	5767.0	3588.0	38.0	0.0	168.0	0.0	0.0	0.0	0.0	0.0	0.0	0.0	79.0	0.0	0.0	0.0	0.0	0.0	0.0	0.0	89.0	0.0	0.0	80.0	32.0	0.0	0.0	0.0	166.0	10.0	0.0	0.0	0.0	0.0	0.0	0.0	24.0	0.0	0.0	0.0	0.0	0.0	0.0	0.0	0.0	142.0	0.0	0.0	0.0	0.0	0.0	0.0	0.0	0.0	0.0	0.0	0.0	0.0	0.0	250.0	0.0	0.0	0.0	0.0	0.0	0.0	0.0	0.0	0.0	0.0	0.0	0.0	0.0	0.0	0.0	0.0	0.0	0.0	0.0	0.0
SRR5459525	0.0	136.0	2624.0	129.0	249.0	0.0	2045.0	174.0	1708.0	3573.0	312.0	82.0	0.0	74.0	0.0	0.0	17.0	0.0	0.0	180.0	404.0	81.0	31.0	0.0	0.0	0.0	0.0	38.0	0.0	0.0	0.0	0.0	165.0	34.0	0.0	0.0	0.0	0.0	0.0	0.0	0.0	0.0	0.0	0.0	0.0	17.0	0.0	0.0	0.0	0.0	0.0	0.0	0.0	0.0	104.0	0.0	0.0	0.0	0.0	0.0	0.0	0.0	0.0	0.0	0.0	0.0	0.0	0.0	170.0	0.0	0.0	0.0	0.0	0.0	0.0	0.0	0.0	0.0	0.0	0.0	0.0	0.0	0.0	0.0	0.0	0.0	0.0	0.0	0.0
SRR5459526	0.0	66.0	1912.0	149.0	50.0	56.0	1962.0	0.0	1924.0	3437.0	300.0	0.0	0.0	71.0	0.0	0.0	0.0	0.0	0.0	80.0	290.0	0.0	44.0	0.0	0.0	0.0	0.0	18.0	0.0	0.0	0.0	0.0	0.0	0.0	0.0	0.0	0.0	0.0	0.0	0.0	0.0	0.0	0.0	0.0	0.0	12.0	0.0	0.0	0.0	0.0	0.0	0.0	0.0	0.0	0.0	0.0	0.0	0.0	0.0	0.0	0.0	0.0	0.0	0.0	0.0	0.0	0.0	0.0	219.0	0.0	0.0	0.0	0.0	0.0	0.0	0.0	0.0	0.0	0.0	0.0	0.0	0.0	0.0	0.0	0.0	0.0	0.0	0.0	0.0
SRR5459529	20.0	0.0	2888.0	604.0	252.0	146.0	2355.0	504.0	1743.0	1444.0	474.0	129.0	0.0	159.0	97.0	0.0	44.0	0.0	0.0	0.0	36.0	475.0	133.0	0.0	0.0	22.0	11.0	112.0	0.0	170.0	32.0	96.0	741.0	0.0	11.0	0.0	0.0	0.0	0.0	0.0	34.0	0.0	0.0	0.0	0.0	37.0	0.0	0.0	37.0	0.0	0.0	0.0	0.0	23.0	149.0	0.0	0.0	0.0	0.0	0.0	0.0	0.0	99.0	117.0	15.0	0.0	0.0	0.0	107.0	0.0	0.0	0.0	0.0	0.0	0.0	0.0	0.0	0.0	0.0	0.0	0.0	0.0	0.0	0.0	0.0	0.0	0.0	0.0	0.0
SRR5459530	0.0	0.0	2908.0	1131.0	178.0	66.0	2434.0	0.0	2674.0	1039.0	0.0	0.0	0.0	37.0	0.0	0.0	25.0	0.0	141.0	0.0	384.0	37.0	343.0	0.0	0.0	0.0	0.0	0.0	0.0	69.0	0.0	0.0	50.0	72.0	0.0	0.0	77.0	0.0	0.0	0.0	0.0	0.0	0.0	0.0	0.0	0.0	0.0	0.0	0.0	0.0	0.0	0.0	0.0	0.0	0.0	0.0	0.0	0.0	0.0	0.0	0.0	0.0	0.0	0.0	0.0	0.0	16.0	0.0	0.0	0.0	0.0	0.0	0.0	0.0	0.0	0.0	0.0	0.0	0.0	0.0	0.0	0.0	0.0	0.0	0.0	0.0	0.0	0.0	0.0
SRR5459532	0.0	0.0	4257.0	602.0	108.0	86.0	3286.0	467.0	4052.0	2371.0	706.0	64.0	0.0	157.0	11.0	0.0	51.0	0.0	0.0	0.0	0.0	353.0	26.0	0.0	0.0	0.0	0.0	57.0	7.0	535.0	47.0	65.0	907.0	0.0	0.0	0.0	0.0	0.0	0.0	0.0	0.0	0.0	0.0	0.0	0.0	0.0	0.0	0.0	35.0	0.0	0.0	0.0	0.0	0.0	130.0	0.0	0.0	0.0	0.0	0.0	0.0	0.0	0.0	0.0	16.0	0.0	0.0	0.0	168.0	0.0	0.0	0.0	0.0	0.0	0.0	0.0	0.0	0.0	0.0	0.0	0.0	0.0	0.0	0.0	0.0	0.0	0.0	0.0	0.0
SRR5459533	0.0	0.0	2152.0	817.0	47.0	36.0	2533.0	40.0	2562.0	1736.0	34.0	0.0	0.0	0.0	0.0	0.0	0.0	0.0	0.0	0.0	114.0	0.0	57.0	0.0	0.0	0.0	0.0	0.0	0.0	47.0	0.0	0.0	0.0	0.0	0.0	0.0	0.0	0.0	0.0	0.0	0.0	0.0	0.0	0.0	0.0	0.0	0.0	0.0	0.0	0.0	0.0	0.0	0.0	0.0	0.0	0.0	0.0	0.0	0.0	0.0	0.0	0.0	0.0	0.0	0.0	0.0	0.0	0.0	0.0	0.0	0.0	0.0	0.0	0.0	0.0	0.0	0.0	0.0	0.0	0.0	0.0	0.0	0.0	0.0	0.0	0.0	0.0	0.0	0.0
SRR5459534	0.0	29.0	1578.0	167.0	0.0	46.0	112.0	147.0	120.0	4603.0	2060.0	524.0	0.0	322.0	0.0	0.0	0.0	0.0	0.0	0.0	0.0	0.0	10.0	0.0	0.0	0.0	0.0	0.0	0.0	53.0	0.0	0.0	0.0	0.0	0.0	0.0	0.0	31.0	0.0	0.0	0.0	0.0	0.0	0.0	0.0	24.0	0.0	0.0	0.0	0.0	0.0	0.0	0.0	0.0	175.0	0.0	0.0	0.0	0.0	0.0	0.0	0.0	0.0	0.0	0.0	0.0	0.0	0.0	271.0	0.0	0.0	0.0	0.0	0.0	0.0	0.0	0.0	0.0	0.0	0.0	0.0	0.0	0.0	0.0	0.0	0.0	0.0	0.0	0.0
SRR5459537	0.0	80.0	3274.0	88.0	45.0	81.0	610.0	121.0	494.0	3539.0	1746.0	303.0	0.0	273.0	0.0	0.0	0.0	0.0	0.0	0.0	101.0	33.0	0.0	0.0	0.0	0.0	0.0	0.0	0.0	183.0	0.0	23.0	24.0	0.0	0.0	0.0	0.0	0.0	0.0	0.0	0.0	0.0	0.0	0.0	0.0	13.0	0.0	0.0	0.0	0.0	0.0	0.0	0.0	0.0	171.0	0.0	0.0	0.0	65.0	0.0	0.0	0.0	0.0	0.0	0.0	0.0	0.0	0.0	112.0	0.0	0.0	0.0	0.0	0.0	0.0	0.0	0.0	0.0	0.0	0.0	0.0	0.0	0.0	0.0	0.0	0.0	0.0	0.0	0.0
SRR5459538	0.0	0.0	2940.0	107.0	31.0	94.0	1723.0	301.0	779.0	2372.0	532.0	0.0	0.0	135.0	57.0	0.0	0.0	0.0	0.0	0.0	390.0	193.0	0.0	0.0	0.0	0.0	0.0	0.0	0.0	241.0	0.0	143.0	494.0	0.0	0.0	0.0	0.0	0.0	0.0	0.0	0.0	0.0	0.0	0.0	0.0	47.0	0.0	0.0	0.0	0.0	0.0	0.0	0.0	0.0	303.0	0.0	0.0	0.0	0.0	0.0	0.0	0.0	0.0	0.0	47.0	0.0	0.0	0.0	203.0	0.0	0.0	12.0	0.0	0.0	0.0	0.0	0.0	0.0	0.0	0.0	0.0	0.0	0.0	0.0	0.0	0.0	0.0	0.0	0.0
SRR5459540	0.0	0.0	3016.0	831.0	472.0	0.0	2949.0	0.0	3042.0	3168.0	0.0	0.0	0.0	0.0	0.0	0.0	15.0	0.0	0.0	0.0	774.0	0.0	72.0	0.0	0.0	0.0	0.0	0.0	0.0	85.0	81.0	26.0	204.0	0.0	0.0	0.0	0.0	0.0	0.0	0.0	0.0	0.0	0.0	0.0	0.0	0.0	0.0	0.0	0.0	0.0	0.0	0.0	0.0	0.0	0.0	0.0	0.0	0.0	0.0	0.0	0.0	0.0	0.0	0.0	0.0	0.0	0.0	0.0	0.0	0.0	0.0	0.0	0.0	0.0	0.0	0.0	0.0	0.0	0.0	0.0	0.0	0.0	0.0	0.0	0.0	0.0	0.0	0.0	0.0
SRR5459545	0.0	65.0	2490.0	72.0	0.0	123.0	1000.0	107.0	666.0	4042.0	1018.0	71.0	0.0	292.0	0.0	0.0	0.0	19.0	0.0	0.0	10.0	55.0	0.0	0.0	0.0	0.0	0.0	0.0	0.0	11.0	0.0	0.0	41.0	0.0	0.0	0.0	0.0	0.0	719.0	0.0	0.0	0.0	0.0	0.0	0.0	0.0	0.0	0.0	0.0	0.0	39.0	0.0	0.0	0.0	272.0	0.0	0.0	0.0	58.0	0.0	0.0	0.0	0.0	0.0	0.0	0.0	0.0	0.0	129.0	0.0	0.0	0.0	0.0	0.0	0.0	0.0	0.0	0.0	0.0	0.0	0.0	0.0	0.0	0.0	0.0	0.0	0.0	0.0	0.0
SRR5459546	0.0	40.0	3092.0	169.0	261.0	25.0	2522.0	52.0	1916.0	1895.0	508.0	0.0	0.0	137.0	68.0	0.0	0.0	0.0	0.0	0.0	63.0	357.0	36.0	14.0	0.0	29.0	0.0	0.0	0.0	342.0	0.0	81.0	864.0	0.0	0.0	0.0	0.0	0.0	0.0	0.0	0.0	0.0	0.0	0.0	0.0	0.0	0.0	0.0	0.0	0.0	0.0	0.0	0.0	0.0	0.0	0.0	0.0	0.0	25.0	29.0	0.0	0.0	0.0	68.0	21.0	0.0	0.0	0.0	71.0	0.0	0.0	0.0	0.0	0.0	0.0	0.0	0.0	0.0	0.0	0.0	0.0	0.0	0.0	0.0	0.0	0.0	0.0	0.0	0.0
SRR5459548	0.0	23.0	2723.0	632.0	191.0	25.0	2692.0	83.0	2488.0	2598.0	0.0	0.0	0.0	0.0	30.0	0.0	12.0	0.0	0.0	0.0	95.0	0.0	31.0	0.0	0.0	0.0	0.0	0.0	0.0	131.0	0.0	25.0	115.0	0.0	0.0	0.0	0.0	0.0	0.0	0.0	0.0	0.0	0.0	0.0	0.0	0.0	0.0	0.0	0.0	0.0	0.0	0.0	0.0	0.0	144.0	0.0	0.0	0.0	41.0	0.0	0.0	0.0	13.0	0.0	0.0	0.0	0.0	0.0	0.0	0.0	0.0	0.0	0.0	0.0	0.0	0.0	0.0	0.0	0.0	0.0	0.0	0.0	0.0	0.0	0.0	0.0	0.0	0.0	0.0
SRR5459550	0.0	130.0	2343.0	290.0	164.0	23.0	3281.0	292.0	2077.0	2864.0	288.0	130.0	0.0	202.0	23.0	0.0	0.0	0.0	0.0	30.0	158.0	228.0	52.0	0.0	0.0	28.0	0.0	0.0	31.0	415.0	0.0	33.0	629.0	77.0	0.0	0.0	0.0	0.0	0.0	0.0	21.0	0.0	0.0	0.0	0.0	31.0	0.0	0.0	17.0	0.0	0.0	0.0	0.0	19.0	0.0	0.0	0.0	0.0	36.0	0.0	0.0	0.0	0.0	43.0	0.0	0.0	0.0	0.0	147.0	0.0	0.0	0.0	0.0	0.0	0.0	0.0	0.0	0.0	0.0	0.0	0.0	0.0	0.0	0.0	0.0	0.0	0.0	0.0	0.0
SRR5459554	0.0	107.0	2876.0	124.0	367.0	21.0	1962.0	326.0	1717.0	885.0	485.0	92.0	0.0	158.0	102.0	0.0	0.0	0.0	0.0	0.0	0.0	123.0	34.0	0.0	0.0	0.0	0.0	0.0	0.0	263.0	0.0	60.0	726.0	0.0	0.0	0.0	0.0	0.0	338.0	0.0	0.0	0.0	0.0	0.0	0.0	23.0	0.0	0.0	58.0	0.0	0.0	0.0	0.0	0.0	222.0	0.0	0.0	0.0	16.0	0.0	0.0	0.0	0.0	0.0	0.0	0.0	0.0	0.0	0.0	0.0	0.0	0.0	0.0	0.0	0.0	0.0	0.0	0.0	0.0	0.0	0.0	0.0	0.0	0.0	0.0	0.0	0.0	0.0	0.0
SRR5459569	0.0	0.0	2315.0	743.0	86.0	129.0	2354.0	78.0	2054.0	2297.0	110.0	0.0	0.0	0.0	27.0	0.0	0.0	0.0	0.0	0.0	0.0	0.0	15.0	0.0	0.0	0.0	0.0	0.0	0.0	169.0	0.0	0.0	177.0	47.0	0.0	0.0	0.0	0.0	0.0	0.0	0.0	0.0	0.0	0.0	0.0	11.0	0.0	0.0	0.0	0.0	0.0	0.0	0.0	0.0	44.0	0.0	0.0	0.0	0.0	0.0	0.0	0.0	0.0	0.0	0.0	0.0	0.0	0.0	0.0	0.0	0.0	0.0	0.0	0.0	0.0	0.0	0.0	0.0	0.0	0.0	0.0	0.0	0.0	0.0	0.0	0.0	0.0	0.0	0.0
SRR5459571	0.0	222.0	3510.0	309.0	372.0	228.0	2844.0	299.0	1696.0	3374.0	434.0	195.0	0.0	284.0	72.0	0.0	38.0	0.0	0.0	86.0	0.0	226.0	28.0	0.0	0.0	0.0	0.0	0.0	0.0	220.0	48.0	20.0	599.0	129.0	0.0	0.0	0.0	0.0	0.0	0.0	0.0	0.0	0.0	0.0	35.0	33.0	0.0	0.0	0.0	0.0	0.0	0.0	0.0	0.0	210.0	0.0	0.0	0.0	0.0	0.0	0.0	0.0	0.0	114.0	0.0	0.0	0.0	0.0	155.0	0.0	0.0	0.0	0.0	0.0	0.0	0.0	0.0	0.0	0.0	0.0	0.0	0.0	0.0	9.0	0.0	0.0	0.0	0.0	0.0
SRR5459574	0.0	28.0	3110.0	615.0	215.0	318.0	889.0	99.0	1092.0	1537.0	541.0	0.0	0.0	482.0	54.0	0.0	72.0	0.0	0.0	0.0	125.0	94.0	0.0	0.0	0.0	0.0	0.0	423.0	0.0	265.0	0.0	28.0	194.0	116.0	0.0	0.0	38.0	0.0	2185.0	0.0	0.0	0.0	0.0	0.0	0.0	0.0	0.0	0.0	21.0	0.0	52.0	0.0	0.0	0.0	226.0	0.0	0.0	0.0	0.0	0.0	0.0	0.0	0.0	0.0	0.0	0.0	0.0	0.0	0.0	0.0	0.0	0.0	0.0	0.0	0.0	0.0	0.0	0.0	0.0	0.0	0.0	0.0	0.0	0.0	0.0	0.0	0.0	0.0	0.0
SRR5459575	0.0	42.0	3300.0	420.0	367.0	30.0	2302.0	419.0	1425.0	563.0	479.0	18.0	0.0	267.0	63.0	0.0	23.0	0.0	15.0	0.0	202.0	436.0	224.0	0.0	44.0	29.0	0.0	0.0	0.0	403.0	164.0	121.0	657.0	0.0	8.0	60.0	0.0	0.0	0.0	0.0	56.0	0.0	0.0	0.0	0.0	55.0	0.0	0.0	98.0	0.0	0.0	0.0	0.0	0.0	123.0	0.0	0.0	0.0	0.0	0.0	0.0	0.0	100.0	120.0	40.0	0.0	0.0	0.0	0.0	0.0	0.0	0.0	0.0	0.0	0.0	0.0	0.0	0.0	0.0	0.0	0.0	0.0	0.0	0.0	0.0	0.0	0.0	0.0	0.0
SRR5459577	0.0	0.0	3610.0	2073.0	697.0	359.0	3614.0	0.0	4160.0	1611.0	0.0	0.0	0.0	0.0	0.0	0.0	108.0	9.0	107.0	0.0	493.0	114.0	438.0	0.0	0.0	29.0	63.0	0.0	0.0	110.0	46.0	31.0	79.0	0.0	0.0	0.0	0.0	0.0	0.0	0.0	0.0	0.0	0.0	49.0	0.0	0.0	0.0	0.0	19.0	0.0	0.0	0.0	0.0	0.0	0.0	0.0	0.0	17.0	0.0	110.0	0.0	0.0	0.0	0.0	0.0	0.0	64.0	0.0	0.0	0.0	0.0	0.0	0.0	0.0	0.0	0.0	0.0	0.0	0.0	0.0	0.0	0.0	0.0	0.0	0.0	0.0	0.0	0.0	0.0
SRR5459579	0.0	126.0	2942.0	717.0	299.0	120.0	2120.0	292.0	2146.0	1839.0	454.0	0.0	0.0	287.0	87.0	0.0	57.0	0.0	0.0	22.0	17.0	124.0	40.0	0.0	0.0	0.0	0.0	0.0	11.0	679.0	40.0	59.0	806.0	82.0	0.0	34.0	0.0	53.0	0.0	37.0	29.0	0.0	0.0	0.0	30.0	26.0	0.0	0.0	0.0	0.0	0.0	0.0	0.0	0.0	137.0	0.0	0.0	0.0	23.0	23.0	0.0	0.0	96.0	130.0	41.0	0.0	0.0	0.0	0.0	0.0	0.0	0.0	0.0	0.0	0.0	0.0	0.0	0.0	0.0	0.0	0.0	0.0	0.0	0.0	0.0	0.0	0.0	0.0	0.0
SRR5459582	0.0	0.0	2904.0	962.0	301.0	168.0	1961.0	248.0	2077.0	3434.0	1066.0	0.0	0.0	255.0	0.0	0.0	37.0	0.0	17.0	22.0	46.0	154.0	37.0	0.0	0.0	0.0	0.0	0.0	19.0	270.0	0.0	26.0	97.0	0.0	0.0	0.0	0.0	0.0	21.0	0.0	0.0	0.0	0.0	0.0	0.0	24.0	0.0	0.0	0.0	0.0	0.0	0.0	0.0	0.0	141.0	0.0	0.0	0.0	0.0	0.0	0.0	0.0	0.0	0.0	17.0	0.0	0.0	0.0	113.0	0.0	0.0	0.0	0.0	0.0	0.0	0.0	0.0	0.0	0.0	0.0	0.0	0.0	0.0	0.0	0.0	0.0	0.0	0.0	0.0
SRR5459585	0.0	149.0	3882.0	351.0	216.0	400.0	338.0	149.0	447.0	2750.0	740.0	0.0	0.0	263.0	0.0	0.0	43.0	0.0	0.0	0.0	31.0	16.0	0.0	0.0	0.0	0.0	28.0	122.0	0.0	259.0	46.0	0.0	223.0	0.0	0.0	0.0	0.0	13.0	2079.0	0.0	0.0	0.0	0.0	0.0	0.0	0.0	0.0	0.0	0.0	0.0	29.0	0.0	0.0	42.0	0.0	0.0	0.0	0.0	52.0	0.0	0.0	0.0	0.0	0.0	0.0	0.0	0.0	0.0	0.0	0.0	0.0	0.0	0.0	0.0	0.0	0.0	0.0	0.0	0.0	0.0	0.0	0.0	0.0	0.0	0.0	0.0	0.0	0.0	0.0
SRR5459586	0.0	57.0	4261.0	388.0	410.0	111.0	3044.0	502.0	1999.0	1747.0	870.0	114.0	0.0	0.0	95.0	0.0	53.0	0.0	0.0	0.0	115.0	459.0	40.0	0.0	0.0	22.0	0.0	23.0	0.0	303.0	0.0	178.0	1098.0	106.0	0.0	0.0	0.0	9.0	18.0	0.0	56.0	0.0	0.0	0.0	0.0	150.0	0.0	0.0	33.0	0.0	0.0	0.0	0.0	0.0	0.0	0.0	0.0	0.0	0.0	0.0	0.0	0.0	109.0	143.0	0.0	0.0	0.0	0.0	99.0	0.0	0.0	25.0	0.0	0.0	0.0	0.0	0.0	0.0	0.0	0.0	0.0	38.0	0.0	0.0	0.0	0.0	0.0	0.0	0.0
SRR5459588	0.0	0.0	3389.0	1728.0	421.0	104.0	3322.0	129.0	4061.0	2075.0	42.0	0.0	0.0	0.0	28.0	0.0	53.0	0.0	16.0	64.0	95.0	0.0	56.0	0.0	0.0	0.0	0.0	0.0	0.0	94.0	39.0	43.0	371.0	0.0	0.0	0.0	0.0	0.0	0.0	0.0	0.0	0.0	0.0	191.0	0.0	25.0	0.0	0.0	0.0	0.0	0.0	0.0	0.0	0.0	0.0	0.0	0.0	0.0	0.0	0.0	0.0	0.0	0.0	0.0	0.0	0.0	92.0	0.0	40.0	0.0	0.0	0.0	0.0	0.0	0.0	0.0	0.0	0.0	0.0	0.0	0.0	0.0	0.0	0.0	0.0	0.0	0.0	0.0	0.0
SRR5459590	0.0	184.0	4242.0	402.0	289.0	87.0	2971.0	481.0	3052.0	3218.0	713.0	83.0	0.0	469.0	0.0	0.0	19.0	0.0	0.0	82.0	20.0	453.0	22.0	0.0	0.0	18.0	0.0	20.0	0.0	162.0	0.0	60.0	969.0	114.0	0.0	0.0	0.0	0.0	0.0	0.0	0.0	0.0	0.0	0.0	0.0	17.0	0.0	0.0	0.0	0.0	0.0	0.0	0.0	0.0	197.0	0.0	0.0	0.0	0.0	0.0	0.0	0.0	0.0	46.0	35.0	0.0	0.0	0.0	194.0	0.0	0.0	0.0	0.0	0.0	0.0	0.0	0.0	0.0	0.0	0.0	0.0	0.0	0.0	0.0	0.0	0.0	0.0	0.0	0.0
SRR5459592	0.0	81.0	1434.0	518.0	0.0	0.0	2026.0	77.0	2026.0	4186.0	162.0	0.0	0.0	48.0	0.0	0.0	0.0	0.0	0.0	0.0	0.0	37.0	0.0	0.0	0.0	0.0	0.0	0.0	0.0	181.0	0.0	0.0	147.0	0.0	0.0	0.0	0.0	0.0	0.0	0.0	0.0	0.0	0.0	0.0	0.0	0.0	0.0	0.0	0.0	0.0	0.0	0.0	0.0	0.0	0.0	0.0	0.0	0.0	0.0	0.0	0.0	0.0	0.0	0.0	0.0	0.0	0.0	0.0	53.0	0.0	0.0	0.0	0.0	0.0	0.0	0.0	0.0	0.0	0.0	0.0	0.0	0.0	0.0	0.0	0.0	0.0	0.0	0.0	0.0
