#SampleID	d__Bacteria;p__Acidobacteriota;c__Acidobacteriae;o__Acidobacteriales;f__Acidobacteriaceae_(Subgroup_1)	d__Bacteria;p__Actinobacteriota;c__Thermoleophilia;o__Gaiellales;f__uncultured	d__Bacteria;p__Proteobacteria;c__Gammaproteobacteria;o__Xanthomonadales;f__Xanthomonadaceae	d__Bacteria;p__Acidobacteriota;c__Vicinamibacteria;o__Vicinamibacterales;f__uncultured	d__Bacteria;p__Proteobacteria;c__Gammaproteobacteria;o__Burkholderiales;f__Oxalobacteraceae	d__Bacteria;p__Bacteroidota;c__Bacteroidia;o__Chitinophagales;f__Chitinophagaceae	d__Bacteria;p__Proteobacteria;c__Alphaproteobacteria;o__Micropepsales;f__Micropepsaceae	d__Bacteria;p__Proteobacteria;c__Gammaproteobacteria;o__Enterobacterales;f__Enterobacteriaceae	d__Bacteria;p__Proteobacteria;c__Alphaproteobacteria;o__Rhizobiales;f__Xanthobacteraceae	d__Bacteria;p__Cyanobacteria;c__Vampirivibrionia;o__Obscuribacterales;f__Obscuribacteraceae	d__Bacteria;p__Gemmatimonadota;c__Gemmatimonadetes;o__Gemmatimonadales;f__Gemmatimonadaceae	d__Bacteria;p__Proteobacteria;c__Gammaproteobacteria;o__Burkholderiales;f__Burkholderiaceae	d__Bacteria;p__Proteobacteria;c__Alphaproteobacteria;o__Sphingomonadales;f__Sphingomonadaceae	d__Bacteria;p__Planctomycetota;c__Phycisphaerae;o__Tepidisphaerales;f__WD2101_soil_group	d__Bacteria;p__Proteobacteria;c__Gammaproteobacteria;o__Burkholderiales;f__Comamonadaceae	d__Bacteria;p__Proteobacteria;c__Alphaproteobacteria;o__Rhizobiales;f__Beijerinckiaceae	d__Bacteria;p__Acidobacteriota;c__Thermoanaerobaculia;o__Thermoanaerobaculales;f__Thermoanaerobaculaceae	d__Bacteria;p__Myxococcota;c__Myxococcia;o__Myxococcales;f__Myxococcaceae	d__Bacteria;p__Verrucomicrobiota;c__Verrucomicrobiae;o__Chthoniobacterales;f__Chthoniobacteraceae	d__Bacteria;p__Verrucomicrobiota;c__Verrucomicrobiae;o__Verrucomicrobiales;f__Rubritaleaceae	d__Bacteria;p__Acidobacteriota;c__Acidobacteriae;o__Solibacterales;f__Solibacteraceae	d__Bacteria;p__Verrucomicrobiota;c__Verrucomicrobiae;o__Pedosphaerales;f__Pedosphaeraceae	d__Bacteria;p__Actinobacteriota;c__Actinobacteria;o__Frankiales;f__Acidothermaceae	d__Bacteria;p__Acidobacteriota;c__Acidobacteriae;o__Bryobacterales;f__Bryobacteraceae	d__Bacteria;p__Proteobacteria;c__Alphaproteobacteria;o__Rhizobiales;f__Devosiaceae	d__Bacteria;p__Patescibacteria;c__Saccharimonadia;o__Saccharimonadales;f__WWH38	d__Bacteria;p__Acidobacteriota;c__Acidobacteriae;o__Acidobacteriales;f__Koribacteraceae	d__Bacteria;p__Proteobacteria;c__Alphaproteobacteria;o__Acetobacterales;f__Acetobacteraceae	d__Bacteria;p__Acidobacteriota;c__Vicinamibacteria;o__Vicinamibacterales;f__Vicinamibacteraceae	d__Bacteria;p__Actinobacteriota;c__Acidimicrobiia;o__Microtrichales;f__Microtrichaceae	d__Bacteria;p__Firmicutes;c__Bacilli;o__Bacillales;f__Bacillaceae	d__Bacteria;p__Actinobacteriota;c__Thermoleophilia;o__Solirubrobacterales;f__67-14	d__Bacteria;p__Firmicutes;c__Bacilli;o__Paenibacillales;f__Paenibacillaceae	d__Bacteria;p__Chloroflexi;c__Ktedonobacteria;o__C0119;f__C0119	d__Bacteria;p__Chloroflexi;c__Ktedonobacteria;o__Ktedonobacterales;f__Ktedonobacteraceae	d__Bacteria;p__Patescibacteria;c__Parcubacteria;o__Parcubacteria;f__Parcubacteria	d__Bacteria;p__Actinobacteriota;c__Acidimicrobiia;o__IMCC26256;f__IMCC26256	d__Bacteria;p__Planctomycetota;c__Phycisphaerae;o__Tepidisphaerales;f__Tepidisphaeraceae	d__Bacteria;p__Acidobacteriota;c__Blastocatellia;o__Blastocatellales;f__Blastocatellaceae	d__Bacteria;p__Proteobacteria;c__Gammaproteobacteria;o__Burkholderiales;f__SC-I-84	d__Bacteria;p__Proteobacteria;c__Alphaproteobacteria;o__Elsterales;f__uncultured	d__Bacteria;p__Proteobacteria;c__Alphaproteobacteria;o__Caulobacterales;f__Caulobacteraceae	d__Bacteria;p__Verrucomicrobiota;c__Verrucomicrobiae;o__Verrucomicrobiales;f__Verrucomicrobiaceae	d__Bacteria;p__Bacteroidota;c__Bacteroidia;o__Sphingobacteriales;f__Sphingobacteriaceae	d__Bacteria;p__Proteobacteria;c__Gammaproteobacteria;o__Pseudomonadales;f__Moraxellaceae	d__Bacteria;p__Bacteroidota;c__Bacteroidia;o__Cytophagales;f__Spirosomaceae	d__Bacteria;p__Bacteroidota;c__Bacteroidia;o__Cytophagales;f__Microscillaceae	d__Bacteria;p__Actinobacteriota;c__Actinobacteria;o__Propionibacteriales;f__Nocardioidaceae	d__Bacteria;p__Chloroflexi;c__KD4-96;o__KD4-96;f__KD4-96	d__Bacteria;p__Myxococcota;c__Polyangia;o__Haliangiales;f__Haliangiaceae	d__Bacteria;p__Chloroflexi;c__OLB14;o__OLB14;f__OLB14	d__Bacteria;p__Chloroflexi;c__Anaerolineae;o__Caldilineales;f__Caldilineaceae	d__Bacteria;p__Chloroflexi;c__Chloroflexia;o__Thermomicrobiales;f__JG30-KF-CM45	d__Bacteria;p__Actinobacteriota;c__Actinobacteria;o__Frankiales;f__Geodermatophilaceae	d__Bacteria;p__Acidobacteriota;c__Acidobacteriae;o__Acidobacteriales;f__uncultured	d__Bacteria;p__Fibrobacterota;c__Fibrobacteria;o__Fibrobacterales;f__Fibrobacteraceae	d__Bacteria;p__Proteobacteria;c__Gammaproteobacteria;o__Xanthomonadales;f__Rhodanobacteraceae	d__Bacteria;p__Actinobacteriota;c__Actinobacteria;o__Micromonosporales;f__Micromonosporaceae	d__Bacteria;p__Actinobacteriota;c__Actinobacteria;o__Frankiales;f__Frankiaceae	d__Bacteria;p__Proteobacteria;c__Gammaproteobacteria;o__CCD24;f__CCD24	d__Bacteria;p__Patescibacteria;c__Saccharimonadia;o__Saccharimonadales;f__LWQ8	d__Bacteria;p__Bdellovibrionota;c__Bdellovibrionia;o__Bdellovibrionales;f__Bdellovibrionaceae	d__Bacteria;p__Proteobacteria;c__Alphaproteobacteria;o__Rhizobiales;f__Kaistiaceae	d__Bacteria;p__Proteobacteria;c__Alphaproteobacteria;o__Reyranellales;f__Reyranellaceae	d__Bacteria;p__Proteobacteria;c__Alphaproteobacteria;o__uncultured;f__uncultured	d__Bacteria;p__Actinobacteriota;c__Actinobacteria;o__Micrococcales;f__Micrococcaceae	d__Bacteria;p__Proteobacteria;c__Gammaproteobacteria;o__Burkholderiales;f__Nitrosomonadaceae	d__Bacteria;p__Nitrospirota;c__Nitrospiria;o__Nitrospirales;f__Nitrospiraceae	d__Bacteria;p__Actinobacteriota;c__Actinobacteria;o__Streptomycetales;f__Streptomycetaceae	d__Bacteria;p__Bacteroidota;c__Bacteroidia;o__Flavobacteriales;f__Crocinitomicaceae	d__Bacteria;p__Actinobacteriota;c__Actinobacteria;o__Pseudonocardiales;f__Pseudonocardiaceae	d__Bacteria;p__Bacteroidota;c__Bacteroidia;o__Sphingobacteriales;f__env.OPS_17	d__Bacteria;p__Proteobacteria;c__Gammaproteobacteria;o__Pseudomonadales;f__Cellvibrionaceae	d__Bacteria;p__Actinobacteriota;c__Actinobacteria;o__Streptosporangiales;f__Streptosporangiaceae	d__Bacteria;p__Bacteroidota;c__Kapabacteria;o__Kapabacteriales;f__Kapabacteriales	d__Bacteria;p__Proteobacteria;c__Gammaproteobacteria;o__Burkholderiales;f__Alcaligenaceae	d__Bacteria;p__Proteobacteria;c__Alphaproteobacteria;o__Rhizobiales;f__Rhizobiaceae	d__Bacteria;p__Patescibacteria;c__Berkelbacteria;o__Berkelbacteria;f__Berkelbacteria	d__Bacteria;p__Proteobacteria;c__Alphaproteobacteria;o__Dongiales;f__Dongiaceae	d__Bacteria;p__Proteobacteria;c__Gammaproteobacteria;o__Gammaproteobacteria_Incertae_Sedis;f__Unknown_Family	d__Bacteria;p__Actinobacteriota;c__Acidimicrobiia;o__Microtrichales;f__Ilumatobacteraceae	d__Bacteria;p__Cyanobacteria;c__Sericytochromatia;o__Sericytochromatia;f__Sericytochromatia	d__Bacteria;p__Verrucomicrobiota;c__Verrucomicrobiae;o__Opitutales;f__Opitutaceae	d__Bacteria;p__Chloroflexi;c__TK10;o__TK10;f__TK10	d__Bacteria;p__Firmicutes;c__Clostridia;o__Clostridiales;f__Clostridiaceae	d__Bacteria;p__Proteobacteria;c__Alphaproteobacteria;o__Rhizobiales;f__Rhizobiales_Incertae_Sedis	d__Bacteria;p__Actinobacteriota;c__Actinobacteria;o__Catenulisporales;f__Actinospicaceae	d__Bacteria;p__Chloroflexi;c__JG30-KF-CM66;o__JG30-KF-CM66;f__JG30-KF-CM66	d__Bacteria;p__Myxococcota;c__Polyangia;o__Polyangiales;f__Sandaracinaceae	d__Bacteria;p__Actinobacteriota;c__Actinobacteria;o__Catenulisporales;f__Catenulisporaceae	d__Bacteria;p__Actinobacteriota;c__Thermoleophilia;o__Solirubrobacterales;f__Solirubrobacteraceae	d__Bacteria;p__Planctomycetota;c__vadinHA49;o__vadinHA49;f__vadinHA49	d__Bacteria;p__Bacteroidota;c__Bacteroidia;o__Flavobacteriales;f__Flavobacteriaceae	d__Bacteria;p__Firmicutes;c__Desulfitobacteriia;o__Desulfitobacteriales;f__Heliobacteriaceae	d__Bacteria;p__Firmicutes;c__Bacilli;o__Thermoactinomycetales;f__Thermoactinomycetaceae	d__Bacteria;p__Chloroflexi;c__Ktedonobacteria;o__Ktedonobacterales;f__JG30-KF-AS9	d__Bacteria;p__Chloroflexi;c__Chloroflexia;o__Chloroflexales;f__Roseiflexaceae	d__Bacteria;p__Desulfobacterota;c__Desulfuromonadia;o__Geobacterales;f__Geobacteraceae	d__Bacteria;p__Bacteroidota;c__Bacteroidia;o__Cytophagales;f__Cytophagaceae	d__Bacteria;p__Acidobacteriota;c__Acidobacteriae;o__Subgroup_2;f__Subgroup_2	d__Bacteria;p__Actinobacteriota;c__Actinobacteria;o__Streptosporangiales;f__Thermomonosporaceae	d__Bacteria;p__Patescibacteria;c__Saccharimonadia;o__Saccharimonadales;f__Saccharimonadales	d__Bacteria;p__Bdellovibrionota;c__Oligoflexia;o__0319-6G20;f__0319-6G20	d__Bacteria;p__Chloroflexi;c__Anaerolineae;o__SBR1031;f__A4b	d__Bacteria;p__Armatimonadota;c__Fimbriimonadia;o__Fimbriimonadales;f__Fimbriimonadaceae	d__Bacteria;p__Proteobacteria;c__Gammaproteobacteria;o__Enterobacterales;f__Yersiniaceae	d__Bacteria;p__Myxococcota;c__Polyangia;o__Polyangiales;f__BIrii41	d__Bacteria;p__Proteobacteria;c__Gammaproteobacteria;o__Burkholderiales;f__Methylophilaceae	d__Bacteria;p__Firmicutes;c__Negativicutes;o__Veillonellales-Selenomonadales;f__Sporomusaceae	d__Bacteria;p__Myxococcota;c__Polyangia;o__Polyangiales;f__Polyangiaceae	d__Bacteria;p__Acidobacteriota;c__Holophagae;o__Holophagales;f__Holophagaceae	d__Bacteria;p__Proteobacteria;c__Alphaproteobacteria;o__Rhizobiales;f__Hyphomicrobiaceae	d__Bacteria;p__Acidobacteriota;c__Holophagae;o__Subgroup_7;f__Subgroup_7	d__Bacteria;p__Chloroflexi;c__Anaerolineae;o__SBR1031;f__SBR1031	d__Bacteria;p__Elusimicrobiota;c__Lineage_IIb;o__Lineage_IIb;f__Lineage_IIb	d__Bacteria;p__Proteobacteria;c__Alphaproteobacteria;o__Azospirillales;f__Azospirillaceae	d__Bacteria;p__Proteobacteria;c__Alphaproteobacteria;o__Rhodospirillales;f__Magnetospiraceae	d__Bacteria;p__Bdellovibrionota;c__Bdellovibrionia;o__Bacteriovoracales;f__Bacteriovoracaceae	d__Bacteria;p__SAR324_clade(Marine_group_B);c__SAR324_clade(Marine_group_B);o__SAR324_clade(Marine_group_B);f__SAR324_clade(Marine_group_B)	d__Bacteria;p__Firmicutes;c__Bacilli;o__Bacillales;f__Planococcaceae	d__Bacteria;p__Patescibacteria;c__Saccharimonadia;o__Saccharimonadales;f__YM_S32_TM7_50_20	d__Bacteria;p__Bacteroidota;c__Bacteroidia;o__Cytophagales;f__Hymenobacteraceae	d__Bacteria;p__Proteobacteria;c__Gammaproteobacteria;o__Diplorickettsiales;f__Diplorickettsiaceae	d__Bacteria;p__Proteobacteria;c__Alphaproteobacteria;o__Rhodospirillales;f__Rhodospirillaceae	d__Bacteria;p__Actinobacteriota;c__Actinobacteria;o__Micrococcales;f__Intrasporangiaceae	d__Bacteria;p__Proteobacteria;c__Gammaproteobacteria;o__Steroidobacterales;f__Steroidobacteraceae	d__Bacteria;p__Proteobacteria;c__Alphaproteobacteria;o__Azospirillales;f__uncultured	d__Bacteria;p__Proteobacteria;c__Alphaproteobacteria;o__Rhodospirillales;f__uncultured	d__Bacteria;p__Bacteroidota;c__Bacteroidia;o__Flavobacteriales;f__Weeksellaceae	d__Bacteria;p__Firmicutes;c__Limnochordia;o__Limnochordia;f__Limnochordia	d__Bacteria;p__Proteobacteria;c__Alphaproteobacteria;o__Paracaedibacterales;f__Paracaedibacteraceae	d__Bacteria;p__Proteobacteria;c__Gammaproteobacteria;o__Methylococcales;f__Methylomonadaceae	d__Bacteria;p__Proteobacteria;c__Gammaproteobacteria;o__Burkholderiales;f__Neisseriaceae	d__Bacteria;p__Deinococcota;c__Deinococci;o__Deinococcales;f__Deinococcaceae	d__Bacteria;p__Acidobacteriota;c__Blastocatellia;o__DS-100;f__DS-100	d__Bacteria;p__Proteobacteria;c__Alphaproteobacteria;o__Rhizobiales;f__Labraceae	d__Bacteria;p__Actinobacteriota;c__Thermoleophilia;o__Gaiellales;f__Gaiellaceae	d__Bacteria;p__Actinobacteriota;c__Actinobacteria;o__Corynebacteriales;f__Mycobacteriaceae	d__Bacteria;p__Actinobacteriota;c__Actinobacteria;o__Streptosporangiales;f__Streptosporangiales_Incertae_Sedis	d__Bacteria;p__Dependentiae;c__Babeliae;o__Babeliales;f__Vermiphilaceae	d__Bacteria;p__Bacteroidota;c__Bacteroidia;o__Chitinophagales;f__37-13	d__Bacteria;p__Proteobacteria;c__Gammaproteobacteria;o__Burkholderiales;f__Rhodocyclaceae	d__Bacteria;p__Acidobacteriota;c__Vicinamibacteria;o__Subgroup_17;f__Subgroup_17	d__Bacteria;p__Proteobacteria;c__Alphaproteobacteria;o__Rhizobiales;f__A0839	d__Bacteria;p__RCP2-54;c__RCP2-54;o__RCP2-54;f__RCP2-54	d__Bacteria;p__Myxococcota;c__Myxococcia;o__Myxococcales;f__Anaeromyxobacteraceae	d__Bacteria;p__Patescibacteria;c__Saccharimonadia;o__Saccharimonadales;f__Saccharimonadaceae	d__Bacteria;p__Proteobacteria;c__Gammaproteobacteria;o__Burkholderiales;f__TRA3-20	d__Bacteria;p__Proteobacteria;c__Alphaproteobacteria;o__Elsterales;f__URHD0088	d__Bacteria;p__Proteobacteria;c__Alphaproteobacteria;o__Rhodobacterales;f__Rhodobacteraceae	d__Bacteria;p__Planctomycetota;c__BD7-11;o__BD7-11;f__BD7-11	d__Bacteria;p__Proteobacteria;c__Gammaproteobacteria;o__Pseudomonadales;f__Pseudomonadaceae	d__Bacteria;p__Planctomycetota;c__Phycisphaerae;o__Tepidisphaerales;f__CPla-3_termite_group	d__Bacteria;p__Gemmatimonadota;c__Longimicrobia;o__Longimicrobiales;f__Longimicrobiaceae	d__Bacteria;p__Proteobacteria;c__Alphaproteobacteria;o__Rickettsiales;f__SM2D12	d__Bacteria;p__Desulfobacterota;c__uncultured;o__uncultured;f__uncultured	d__Bacteria;p__Firmicutes;c__Bacilli;o__Alicyclobacillales;f__Alicyclobacillaceae	d__Bacteria;p__WPS-2;c__WPS-2;o__WPS-2;f__WPS-2	d__Bacteria;p__Verrucomicrobiota;c__Chlamydiae;o__Chlamydiales;f__Simkaniaceae	d__Bacteria;p__Myxococcota;c__bacteriap25;o__bacteriap25;f__bacteriap25	d__Bacteria;p__Verrucomicrobiota;c__Verrucomicrobiae;o__Chthoniobacterales;f__Terrimicrobiaceae	d__Bacteria;p__Bacteroidota;c__Bacteroidia;o__Sphingobacteriales;f__AKYH767	d__Bacteria;p__Chloroflexi;c__Chloroflexia;o__Thermomicrobiales;f__Thermomicrobiaceae	d__Bacteria;p__Chloroflexi;c__Dehalococcoidia;o__S085;f__S085	d__Bacteria;p__Myxococcota;c__Polyangia;o__Blfdi19;f__Blfdi19	d__Bacteria;p__Latescibacterota;c__Latescibacterota;o__Latescibacterota;f__Latescibacterota	d__Bacteria;p__Verrucomicrobiota;c__Verrucomicrobiae;o__Methylacidiphilales;f__Methylacidiphilaceae	d__Bacteria;p__Proteobacteria;c__Gammaproteobacteria;o__Salinisphaerales;f__Solimonadaceae	d__Bacteria;p__Firmicutes;c__Clostridia;o__Peptostreptococcales-Tissierellales;f__Peptostreptococcaceae	d__Bacteria;p__Actinobacteriota;c__MB-A2-108;o__MB-A2-108;f__MB-A2-108	d__Bacteria;p__Gemmatimonadota;c__S0134_terrestrial_group;o__S0134_terrestrial_group;f__S0134_terrestrial_group	d__Bacteria;p__Proteobacteria;c__Gammaproteobacteria;o__KF-JG30-C25;f__KF-JG30-C25	d__Bacteria;p__Actinobacteriota;c__Actinobacteria;o__Micrococcales;f__Microbacteriaceae	d__Bacteria;p__Chloroflexi;c__Chloroflexia;o__Thermomicrobiales;f__AKYG1722	d__Bacteria;p__Firmicutes;c__Bacilli;o__Entomoplasmatales;f__Entomoplasmatales	d__Bacteria;p__Proteobacteria;c__Gammaproteobacteria;o__Enterobacterales;f__Erwiniaceae	d__Bacteria;p__Abditibacteriota;c__Abditibacteria;o__Abditibacteriales;f__Abditibacteriaceae	d__Bacteria;p__Actinobacteriota;c__Actinobacteria;o__Corynebacteriales;f__Nocardiaceae	d__Bacteria;p__Actinobacteriota;c__Actinobacteria;o__Micrococcales;f__Cellulomonadaceae	d__Bacteria;p__Actinobacteriota;c__Actinobacteria;o__Glycomycetales;f__Glycomycetaceae	d__Bacteria;p__Actinobacteriota;c__Acidimicrobiia;o__uncultured;f__uncultured	d__Bacteria;p__Proteobacteria;c__Alphaproteobacteria;o__Rhizobiales;f__Methyloligellaceae	d__Bacteria;p__Proteobacteria;c__Gammaproteobacteria;o__Legionellales;f__Legionellaceae	d__Bacteria;p__Dependentiae;c__Babeliae;o__Babeliales;f__Babeliales	d__Bacteria;p__Planctomycetota;c__Planctomycetes;o__Isosphaerales;f__Isosphaeraceae	d__Bacteria;p__Proteobacteria;c__Gammaproteobacteria;o__R7C24;f__R7C24	d__Bacteria;p__Acidobacteriota;c__Subgroup_5;o__Subgroup_5;f__Subgroup_5	d__Bacteria;p__Spirochaetota;c__Spirochaetia;o__Spirochaetales;f__Spirochaetaceae	d__Bacteria;p__Sumerlaeota;c__Sumerlaeia;o__Sumerlaeales;f__Sumerlaeaceae	d__Bacteria;p__Chloroflexi;c__Gitt-GS-136;o__Gitt-GS-136;f__Gitt-GS-136	d__Bacteria;p__Proteobacteria;c__Alphaproteobacteria;o__Azospirillales;f__Inquilinaceae	d__Bacteria;p__Verrucomicrobiota;c__Verrucomicrobiae;o__Opitutales;f__Puniceicoccaceae	d__Bacteria;p__Acidobacteriota;c__Acidobacteriae;o__Acidobacteriales;f__Acidobacteriales	d__Bacteria;p__Proteobacteria;c__Alphaproteobacteria;o__Tistrellales;f__Geminicoccaceae	d__Bacteria;p__Myxococcota;c__Polyangia;o__mle1-27;f__mle1-27	d__Bacteria;p__Firmicutes;c__Bacilli;o__Bacillales;f__Sporolactobacillaceae	d__Bacteria;p__Actinobacteriota;c__Actinobacteria;o__Kineosporiales;f__Kineosporiaceae	d__Bacteria;p__Elusimicrobiota;c__Elusimicrobia;o__Lineage_IV;f__Lineage_IV	d__Bacteria;p__Acidobacteriota;c__Blastocatellia;o__Pyrinomonadales;f__Pyrinomonadaceae	d__Bacteria;p__Bacteroidota;c__Bacteroidia;o__Sphingobacteriales;f__NS11-12_marine_group	d__Bacteria;p__Chloroflexi;c__Chloroflexia;o__Kallotenuales;f__AKIW781	d__Bacteria;p__Firmicutes;c__Bacilli;o__Staphylococcales;f__Staphylococcaceae	d__Bacteria;p__Proteobacteria;c__Gammaproteobacteria;o__Burkholderiales;f__Sutterellaceae	d__Bacteria;p__Proteobacteria;c__Alphaproteobacteria;o__Holosporales;f__Holosporaceae	d__Bacteria;p__Bacteroidota;c__Bacteroidia;o__Chitinophagales;f__Saprospiraceae	d__Bacteria;p__Proteobacteria;c__Alphaproteobacteria;o__Rickettsiales;f__Rickettsiales	d__Bacteria;p__Elusimicrobiota;c__Lineage_IIa;o__Lineage_IIa;f__Lineage_IIa	d__Bacteria;p__Proteobacteria;c__Gammaproteobacteria;o__Coxiellales;f__Coxiellaceae	d__Bacteria;p__Proteobacteria;c__Alphaproteobacteria;o__Elsterales;f__Elsteraceae	d__Bacteria;p__Chloroflexi;c__Chloroflexia;o__Chloroflexales;f__Herpetosiphonaceae	d__Bacteria;p__Bacteroidota;c__Bacteroidia;o__Chitinophagales;f__uncultured	d__Bacteria;p__Myxococcota;c__Polyangia;o__FFCH16767;f__FFCH16767	d__Bacteria;p__Bdellovibrionota;c__Oligoflexia;o__Oligoflexales;f__Oligoflexaceae	d__Bacteria;p__Cyanobacteria;c__Vampirivibrionia;o__Vampirovibrionales;f__Vampirovibrionales	d__Bacteria;p__Spirochaetota;c__Leptospirae;o__Leptospirales;f__Leptospiraceae	d__Bacteria;p__Firmicutes;c__Clostridia;o__Peptostreptococcales-Tissierellales;f__Family_XI	d__Bacteria;p__Patescibacteria;c__Parcubacteria;o__Candidatus_Kaiserbacteria;f__Candidatus_Kaiserbacteria	d__Bacteria;p__Proteobacteria;c__Alphaproteobacteria;o__Caedibacterales;f__Caedibacteraceae	d__Bacteria;p__Proteobacteria;c__Gammaproteobacteria;o__Enterobacterales;f__Morganellaceae	d__Bacteria;p__Planctomycetota;c__Planctomycetes;o__Pirellulales;f__Pirellulaceae	d__Bacteria;p__Bdellovibrionota;c__Oligoflexia;o__Silvanigrellales;f__Silvanigrellaceae	d__Bacteria;p__Proteobacteria;c__Alphaproteobacteria;o__Caulobacterales;f__Hyphomonadaceae	d__Bacteria;p__Myxococcota;c__Polyangia;o__Polyangiales;f__Phaselicystidaceae	d__Bacteria;p__Chloroflexi;c__Anaerolineae;o__Anaerolineales;f__Anaerolineaceae	d__Bacteria;p__Patescibacteria;c__Parcubacteria;o__Candidatus_Adlerbacteria;f__Candidatus_Adlerbacteria	d__Bacteria;p__Proteobacteria;c__Alphaproteobacteria;o__Rhodospirillales;f__Magnetospirillaceae	d__Bacteria;p__Firmicutes;c__Clostridia;o__Caldicoprobacterales;f__Caldicoprobacteraceae	d__Bacteria;p__Firmicutes;c__Bacilli;o__Entomoplasmatales;f__type_III	d__Bacteria;p__Bacteroidota;c__Bacteroidia;o__Cytophagales;f__uncultured	d__Bacteria;p__Proteobacteria;c__Alphaproteobacteria;o__Rickettsiales;f__Rickettsiaceae	d__Bacteria;p__Proteobacteria;c__Alphaproteobacteria;o__Rhizobiales;f__KF-JG30-B3	d__Bacteria;p__Actinobacteriota;c__Acidimicrobiia;o__Microtrichales;f__uncultured	d__Bacteria;p__Firmicutes;c__Clostridia;o__Clostridia;f__Gracilibacteraceae	d__Bacteria;p__TX1A-33;c__TX1A-33;o__TX1A-33;f__TX1A-33	d__Bacteria;p__Planctomycetota;c__Planctomycetes;o__Gemmatales;f__Gemmataceae	d__Bacteria;p__Patescibacteria;c__Parcubacteria;o__Candidatus_Azambacteria;f__Candidatus_Azambacteria	d__Bacteria;p__Patescibacteria;c__Gracilibacteria;o__Candidatus_Peregrinibacteria;f__Candidatus_Peregrinibacteria	d__Bacteria;p__Patescibacteria;c__Kazania;o__Kazania;f__Kazania	d__Bacteria;p__Bacteroidota;c__Bacteroidia;o__Flavobacteriales;f__NS9_marine_group	d__Bacteria;p__Actinobacteriota;c__Actinobacteria;o__Frankiales;f__uncultured	d__Bacteria;p__Proteobacteria;c__Gammaproteobacteria;o__BD72BR169;f__BD72BR169	d__Bacteria;p__Chloroflexi;c__Ktedonobacteria;o__B12-WMSP1;f__B12-WMSP1	d__Bacteria;p__Proteobacteria;c__Alphaproteobacteria;o__Rhizobiales;f__D05-2	d__Bacteria;p__Actinobacteriota;c__Actinobacteria;o__Micrococcales;f__Demequinaceae	d__Bacteria;p__Firmicutes;c__Symbiobacteriia;o__Symbiobacteriales;f__Symbiobacteraceae	d__Bacteria;p__Firmicutes;c__Limnochordia;o__Limnochordales;f__Limnochordaceae	d__Bacteria;p__Proteobacteria;c__Alphaproteobacteria;o__Ferrovibrionales;f__Ferrovibrionaceae	d__Bacteria;p__Patescibacteria;c__Parcubacteria;o__Candidatus_Zambryskibacteria;f__Candidatus_Zambryskibacteria	d__Bacteria;p__Actinobacteriota;c__Actinobacteria;o__Micrococcales;f__Brevibacteriaceae	d__Bacteria;p__Patescibacteria;c__Gracilibacteria;o__Gracilibacteria;f__Gracilibacteria	d__Bacteria;p__Chloroflexi;c__AD3;o__AD3;f__AD3	d__Bacteria;p__Bacteroidota;c__Bacteroidia;o__Cytophagales;f__Amoebophilaceae	d__Bacteria;p__Firmicutes;c__Bacilli;o__Caldalkalibacillales;f__Caldalkalibacillaceae	d__Bacteria;p__Proteobacteria;c__Gammaproteobacteria;o__Burkholderiales;f__B1-7BS	d__Bacteria;p__Firmicutes;c__Clostridia;o__Thermincolales;f__Thermincolaceae	d__Bacteria;p__Proteobacteria;c__Gammaproteobacteria;o__Burkholderiales;f__A21b	d__Bacteria;p__Bacteroidota;c__Bacteroidia;o__Sphingobacteriales;f__KD3-93	d__Bacteria;p__Proteobacteria;c__Alphaproteobacteria;o__Rhizobiales;f__uncultured	d__Bacteria;p__Acidobacteriota;c__Acidobacteriae;o__Subgroup_13;f__Subgroup_13	d__Bacteria;p__Firmicutes;c__Bacilli;o__Exiguobacterales;f__Exiguobacteraceae	d__Bacteria;p__Actinobacteriota;c__Actinobacteria;o__Micrococcales;f__Promicromonosporaceae	d__Bacteria;p__Actinobacteriota;c__Rubrobacteria;o__Rubrobacterales;f__Rubrobacteriaceae	d__Bacteria;p__Gemmatimonadota;c__BD2-11_terrestrial_group;o__BD2-11_terrestrial_group;f__BD2-11_terrestrial_group	d__Bacteria;p__Elusimicrobiota;c__Elusimicrobia;o__MVP-88;f__MVP-88	d__Bacteria;p__Dependentiae;c__Babeliae;o__Babeliales;f__UBA12411	d__Bacteria;p__FCPU426;c__FCPU426;o__FCPU426;f__FCPU426	d__Bacteria;p__Acidobacteriota;c__Subgroup_25;o__Subgroup_25;f__Subgroup_25	d__Bacteria;p__Proteobacteria;c__Alphaproteobacteria;o__Micavibrionales;f__Micavibrionaceae	d__Bacteria;p__Firmicutes;c__Bacilli;o__Brevibacillales;f__Brevibacillaceae	d__Bacteria;p__Planctomycetota;c__Phycisphaerae;o__Phycisphaerales;f__Phycisphaeraceae	d__Bacteria;p__Acidobacteriota;c__Blastocatellia;o__Elev-16S-573;f__Elev-16S-573	d__Bacteria;p__Acidobacteriota;c__Blastocatellia;o__11-24;f__11-24	d__Bacteria;p__Firmicutes;c__Clostridia;o__Clostridiales;f__Caloramatoraceae	d__Bacteria;p__Actinobacteriota;c__Acidimicrobiia;o__Microtrichales;f__Iamiaceae	d__Bacteria;p__Proteobacteria;c__Gammaproteobacteria;o__Acidiferrobacterales;f__Acidiferrobacteraceae	d__Bacteria;p__Patescibacteria;c__Gracilibacteria;o__Candidatus_Peribacteria;f__Candidatus_Peribacteria	d__Bacteria;p__Dependentiae;c__Babeliae;o__Babeliales;f__Babeliaceae	d__Bacteria;p__Bacteroidota;c__Bacteroidia;o__Cytophagales;f__Cyclobacteriaceae	d__Bacteria;p__Cyanobacteria;c__Cyanobacteriia;o__Cyanobacteriales;f__Nostocaceae	d__Bacteria;p__Planctomycetota;c__OM190;o__OM190;f__OM190	d__Bacteria;p__Halanaerobiaeota;c__Halanaerobiia;o__Halanaerobiales;f__Halanaerobiaceae	d__Bacteria;p__Proteobacteria;c__Gammaproteobacteria;o__EPR3968-O8a-Bc78;f__EPR3968-O8a-Bc78	d__Bacteria;p__Proteobacteria;c__Gammaproteobacteria;o__Burkholderiales;f__T34	d__Bacteria;p__Myxococcota;c__Polyangia;o__Nannocystales;f__Nannocystaceae	d__Bacteria;p__Firmicutes;c__Bacilli;o__Lactobacillales;f__Streptococcaceae	d__Bacteria;p__Firmicutes;c__Clostridia;o__Oscillospirales;f__Hungateiclostridiaceae	d__Bacteria;p__Desulfobacterota;c__Desulfuromonadia;o__PB19;f__PB19	d__Bacteria;p__Firmicutes;c__Desulfitobacteriia;o__Desulfitobacteriales;f__Desulfitobacteriaceae	d__Bacteria;p__Firmicutes;c__Clostridia;o__Lachnospirales;f__Lachnospiraceae	d__Bacteria;p__Bacteroidota;c__Bacteroidia;o__Bacteroidales;f__Prolixibacteraceae	d__Bacteria;p__MBNT15;c__MBNT15;o__MBNT15;f__MBNT15	d__Bacteria;p__Myxococcota;c__Myxococcia;o__Myxococcales;f__Vulgatibacteraceae	d__Bacteria;p__Firmicutes;c__Bacilli;o__Lactobacillales;f__Enterococcaceae	d__Bacteria;p__Patescibacteria;c__Parcubacteria;o__Candidatus_Nomurabacteria;f__Candidatus_Nomurabacteria	d__Bacteria;p__Methylomirabilota;c__Methylomirabilia;o__Rokubacteriales;f__Rokubacteriales	d__Bacteria;p__Cyanobacteria;c__Vampirivibrionia;o__Vampirovibrionales;f__Vampirovibrionaceae	d__Bacteria;p__Proteobacteria;c__Gammaproteobacteria;o__Nitrosococcales;f__Nitrosococcaceae	d__Bacteria;p__WS2;c__WS2;o__WS2;f__WS2	d__Bacteria;p__Patescibacteria;c__ABY1;o__Candidatus_Magasanikbacteria;f__Candidatus_Magasanikbacteria	d__Bacteria;p__Planctomycetota;c__Planctomycetes;o__Planctomycetales;f__uncultured	d__Bacteria;p__Myxococcota;c__Polyangia;o__Polyangiales;f__Amb-16S-1034	d__Bacteria;p__Chloroflexi;c__Anaerolineae;o__RBG-13-54-9;f__RBG-13-54-9	d__Bacteria;p__Proteobacteria;c__Alphaproteobacteria;o__Rickettsiales;f__AB1	d__Bacteria;p__Bacteroidota;c__Bacteroidia;o__Sphingobacteriales;f__CWT_CU03-E12	d__Bacteria;p__Verrucomicrobiota;c__Verrucomicrobiae;o__Chthoniobacterales;f__Xiphinematobacteraceae	d__Bacteria;p__Bacteroidota;c__Bacteroidia;o__Flavobacteriales;f__Blattabacteriaceae	d__Bacteria;p__Proteobacteria;c__Gammaproteobacteria;o__WD260;f__WD260	d__Bacteria;p__Patescibacteria;c__Parcubacteria;o__Candidatus_Yanofskybacteria;f__Candidatus_Yanofskybacteria	d__Bacteria;p__Deinococcota;c__Deinococci;o__Thermales;f__Thermaceae	d__Bacteria;p__Bacteroidota;c__Ignavibacteria;o__SJA-28;f__SJA-28
SRR11143339	663.0	441.0	121.0	330.0	130.0	1593.0	402.0	42.0	566.0	0.0	1109.0	269.0	714.0	724.0	453.0	0.0	87.0	0.0	392.0	21.0	1469.0	314.0	72.0	1746.0	155.0	69.0	381.0	390.0	108.0	0.0	474.0	107.0	402.0	39.0	492.0	0.0	53.0	24.0	699.0	356.0	119.0	254.0	18.0	155.0	129.0	49.0	49.0	0.0	0.0	199.0	46.0	26.0	42.0	0.0	279.0	23.0	228.0	293.0	0.0	0.0	171.0	74.0	0.0	58.0	0.0	0.0	501.0	207.0	296.0	0.0	59.0	65.0	0.0	0.0	26.0	0.0	304.0	15.0	0.0	129.0	0.0	0.0	35.0	49.0	362.0	83.0	0.0	0.0	0.0	0.0	0.0	0.0	164.0	0.0	42.0	0.0	113.0	141.0	60.0	0.0	0.0	51.0	210.0	0.0	97.0	0.0	0.0	37.0	42.0	228.0	0.0	0.0	0.0	0.0	0.0	184.0	0.0	83.0	55.0	0.0	0.0	0.0	103.0	0.0	103.0	0.0	0.0	0.0	42.0	0.0	23.0	0.0	0.0	0.0	0.0	0.0	0.0	0.0	0.0	0.0	0.0	0.0	0.0	0.0	14.0	0.0	0.0	132.0	0.0	0.0	0.0	0.0	0.0	0.0	32.0	0.0	103.0	0.0	0.0	19.0	0.0	60.0	0.0	0.0	0.0	0.0	0.0	0.0	0.0	0.0	0.0	0.0	0.0	0.0	39.0	0.0	0.0	89.0	0.0	0.0	0.0	0.0	0.0	0.0	47.0	0.0	0.0	0.0	0.0	0.0	0.0	0.0	0.0	0.0	0.0	0.0	0.0	0.0	0.0	0.0	0.0	0.0	0.0	0.0	0.0	20.0	0.0	0.0	0.0	0.0	78.0	0.0	0.0	0.0	0.0	0.0	0.0	0.0	0.0	0.0	0.0	0.0	0.0	0.0	0.0	0.0	0.0	0.0	0.0	0.0	0.0	0.0	0.0	0.0	0.0	0.0	0.0	0.0	0.0	0.0	0.0	0.0	0.0	0.0	0.0	0.0	0.0	0.0	0.0	0.0	0.0	0.0	0.0	0.0	0.0	35.0	0.0	0.0	0.0	0.0	0.0	0.0	0.0	0.0	0.0	0.0	0.0	0.0	0.0	0.0	0.0	0.0	0.0	0.0	0.0	0.0	0.0	0.0	0.0	0.0	0.0	0.0	0.0	5.0	0.0	0.0	0.0	0.0	0.0	0.0	0.0	0.0	0.0	0.0	0.0	0.0	0.0	0.0	0.0	0.0	0.0	0.0	0.0	0.0	0.0	0.0	0.0	0.0	0.0	0.0
SRR11143341	185.0	48.0	294.0	237.0	156.0	834.0	135.0	99.0	272.0	0.0	749.0	446.0	925.0	71.0	611.0	64.0	49.0	88.0	194.0	77.0	245.0	36.0	0.0	133.0	116.0	181.0	93.0	64.0	118.0	0.0	73.0	0.0	15.0	32.0	13.0	0.0	0.0	0.0	193.0	325.0	155.0	210.0	39.0	348.0	83.0	26.0	37.0	375.0	0.0	125.0	0.0	0.0	27.0	399.0	358.0	0.0	348.0	314.0	0.0	0.0	165.0	185.0	16.0	151.0	0.0	88.0	197.0	132.0	327.0	0.0	78.0	0.0	0.0	0.0	21.0	38.0	456.0	0.0	83.0	0.0	0.0	0.0	0.0	0.0	89.0	54.0	0.0	0.0	18.0	0.0	0.0	0.0	64.0	0.0	0.0	0.0	0.0	0.0	0.0	0.0	0.0	43.0	40.0	0.0	19.0	0.0	21.0	0.0	0.0	0.0	0.0	0.0	0.0	0.0	0.0	53.0	0.0	0.0	0.0	0.0	0.0	0.0	0.0	0.0	104.0	16.0	0.0	7.0	29.0	0.0	0.0	0.0	0.0	0.0	0.0	0.0	0.0	82.0	0.0	0.0	0.0	0.0	0.0	0.0	0.0	0.0	0.0	0.0	0.0	0.0	0.0	228.0	0.0	29.0	0.0	0.0	0.0	0.0	0.0	0.0	144.0	0.0	0.0	0.0	0.0	0.0	0.0	0.0	0.0	0.0	0.0	0.0	0.0	18.0	0.0	0.0	0.0	0.0	0.0	0.0	0.0	0.0	0.0	0.0	0.0	0.0	0.0	13.0	0.0	0.0	0.0	0.0	0.0	0.0	0.0	0.0	0.0	0.0	0.0	10.0	0.0	0.0	0.0	0.0	0.0	0.0	0.0	0.0	0.0	0.0	0.0	0.0	0.0	0.0	0.0	0.0	0.0	0.0	0.0	0.0	0.0	0.0	0.0	0.0	0.0	0.0	0.0	0.0	0.0	0.0	0.0	0.0	0.0	0.0	0.0	0.0	0.0	0.0	0.0	0.0	0.0	0.0	0.0	0.0	0.0	0.0	0.0	0.0	0.0	0.0	0.0	0.0	0.0	0.0	0.0	0.0	0.0	0.0	0.0	0.0	0.0	0.0	0.0	0.0	0.0	0.0	0.0	0.0	0.0	0.0	0.0	0.0	0.0	0.0	0.0	0.0	0.0	0.0	0.0	0.0	0.0	0.0	0.0	0.0	0.0	0.0	0.0	0.0	0.0	0.0	0.0	0.0	0.0	0.0	0.0	0.0	0.0	0.0	0.0	0.0	0.0	0.0	0.0	0.0	0.0	0.0	0.0	0.0	0.0	0.0
SRR11143342	337.0	210.0	87.0	699.0	198.0	485.0	329.0	123.0	353.0	0.0	483.0	446.0	365.0	416.0	210.0	0.0	0.0	93.0	71.0	33.0	261.0	62.0	0.0	121.0	78.0	0.0	133.0	114.0	113.0	0.0	77.0	0.0	0.0	0.0	64.0	0.0	0.0	0.0	55.0	303.0	144.0	236.0	24.0	199.0	103.0	0.0	77.0	208.0	2.0	138.0	0.0	0.0	18.0	0.0	166.0	0.0	241.0	223.0	0.0	0.0	225.0	0.0	0.0	243.0	0.0	84.0	111.0	0.0	0.0	0.0	64.0	0.0	0.0	0.0	11.0	22.0	227.0	0.0	70.0	100.0	0.0	0.0	0.0	33.0	0.0	32.0	0.0	0.0	0.0	25.0	0.0	0.0	56.0	0.0	5.0	45.0	0.0	0.0	0.0	0.0	0.0	50.0	0.0	0.0	12.0	132.0	0.0	28.0	0.0	16.0	0.0	0.0	0.0	0.0	0.0	54.0	0.0	0.0	0.0	0.0	38.0	0.0	0.0	0.0	56.0	0.0	0.0	0.0	81.0	0.0	0.0	0.0	0.0	0.0	0.0	56.0	0.0	64.0	0.0	0.0	0.0	0.0	0.0	0.0	0.0	0.0	0.0	33.0	0.0	0.0	0.0	0.0	0.0	0.0	0.0	0.0	0.0	0.0	0.0	0.0	23.0	0.0	0.0	0.0	0.0	0.0	0.0	0.0	0.0	0.0	0.0	20.0	0.0	0.0	0.0	59.0	0.0	0.0	0.0	0.0	0.0	0.0	0.0	0.0	0.0	0.0	0.0	16.0	0.0	0.0	0.0	0.0	0.0	0.0	0.0	0.0	0.0	0.0	0.0	0.0	0.0	0.0	10.0	2.0	0.0	0.0	0.0	0.0	0.0	0.0	0.0	0.0	0.0	0.0	0.0	0.0	0.0	0.0	0.0	0.0	0.0	0.0	0.0	0.0	0.0	0.0	0.0	0.0	0.0	0.0	0.0	0.0	0.0	0.0	0.0	0.0	0.0	0.0	0.0	0.0	0.0	0.0	0.0	0.0	0.0	0.0	0.0	0.0	0.0	0.0	0.0	0.0	0.0	0.0	0.0	0.0	0.0	0.0	0.0	0.0	0.0	0.0	0.0	0.0	0.0	0.0	0.0	0.0	0.0	0.0	0.0	0.0	7.0	0.0	0.0	0.0	0.0	0.0	0.0	0.0	0.0	0.0	0.0	0.0	0.0	0.0	0.0	0.0	0.0	0.0	0.0	0.0	0.0	0.0	0.0	0.0	0.0	0.0	0.0	0.0	0.0	0.0	0.0	0.0	0.0	0.0	0.0	0.0	0.0	0.0
SRR11143343	682.0	337.0	167.0	194.0	260.0	868.0	325.0	124.0	673.0	0.0	850.0	324.0	1017.0	38.0	353.0	24.0	62.0	76.0	30.0	112.0	272.0	150.0	0.0	91.0	157.0	26.0	217.0	200.0	150.0	0.0	96.0	60.0	0.0	29.0	66.0	0.0	0.0	0.0	260.0	359.0	40.0	207.0	35.0	511.0	109.0	40.0	24.0	209.0	0.0	170.0	0.0	0.0	32.0	92.0	279.0	0.0	419.0	312.0	0.0	0.0	108.0	25.0	0.0	85.0	31.0	211.0	117.0	0.0	255.0	0.0	40.0	0.0	0.0	0.0	11.0	208.0	524.0	0.0	157.0	94.0	11.0	0.0	0.0	4.0	0.0	0.0	0.0	0.0	0.0	77.0	54.0	0.0	124.0	0.0	0.0	88.0	0.0	0.0	39.0	8.0	0.0	0.0	22.0	4.0	0.0	0.0	24.0	0.0	0.0	81.0	0.0	0.0	24.0	0.0	0.0	42.0	0.0	0.0	0.0	0.0	62.0	0.0	0.0	0.0	138.0	0.0	0.0	0.0	171.0	0.0	0.0	0.0	0.0	0.0	10.0	0.0	0.0	81.0	0.0	0.0	0.0	0.0	13.0	9.0	0.0	0.0	0.0	13.0	61.0	100.0	0.0	231.0	0.0	0.0	0.0	0.0	0.0	0.0	0.0	0.0	87.0	12.0	0.0	0.0	0.0	0.0	0.0	0.0	0.0	0.0	0.0	15.0	0.0	0.0	0.0	38.0	0.0	0.0	0.0	0.0	0.0	0.0	0.0	0.0	0.0	0.0	0.0	11.0	0.0	0.0	0.0	0.0	0.0	0.0	0.0	19.0	0.0	0.0	0.0	0.0	0.0	0.0	0.0	0.0	0.0	0.0	0.0	0.0	0.0	0.0	0.0	0.0	0.0	0.0	0.0	0.0	0.0	0.0	0.0	0.0	0.0	0.0	0.0	0.0	0.0	0.0	0.0	0.0	0.0	0.0	0.0	0.0	0.0	0.0	0.0	0.0	0.0	0.0	0.0	0.0	0.0	0.0	0.0	0.0	0.0	0.0	0.0	0.0	0.0	0.0	0.0	0.0	0.0	0.0	0.0	0.0	0.0	0.0	0.0	0.0	0.0	0.0	0.0	0.0	0.0	0.0	0.0	0.0	0.0	0.0	0.0	0.0	0.0	0.0	0.0	0.0	0.0	0.0	0.0	0.0	0.0	0.0	0.0	0.0	0.0	0.0	0.0	0.0	0.0	0.0	0.0	0.0	0.0	0.0	0.0	0.0	0.0	0.0	0.0	0.0	0.0	0.0	0.0	0.0	0.0	0.0	0.0	0.0	0.0	0.0
SRR11143344	263.0	780.0	89.0	238.0	296.0	615.0	373.0	0.0	387.0	0.0	982.0	254.0	170.0	0.0	417.0	62.0	85.0	185.0	208.0	0.0	464.0	62.0	172.0	99.0	155.0	36.0	158.0	145.0	202.0	0.0	10.0	176.0	30.0	39.0	100.0	0.0	102.0	0.0	38.0	215.0	111.0	85.0	0.0	68.0	0.0	35.0	114.0	551.0	279.0	235.0	0.0	0.0	62.0	271.0	95.0	0.0	249.0	509.0	158.0	0.0	42.0	0.0	0.0	236.0	0.0	100.0	239.0	114.0	282.0	0.0	175.0	12.0	0.0	0.0	14.0	0.0	195.0	0.0	179.0	137.0	0.0	0.0	129.0	0.0	15.0	42.0	0.0	14.0	0.0	83.0	134.0	0.0	101.0	0.0	0.0	89.0	48.0	0.0	8.0	0.0	0.0	65.0	0.0	0.0	0.0	0.0	73.0	106.0	0.0	0.0	0.0	0.0	0.0	0.0	0.0	80.0	0.0	0.0	0.0	54.0	0.0	0.0	0.0	0.0	125.0	0.0	0.0	0.0	72.0	0.0	0.0	0.0	0.0	0.0	0.0	0.0	0.0	0.0	0.0	0.0	0.0	0.0	25.0	0.0	0.0	0.0	0.0	0.0	53.0	0.0	0.0	0.0	0.0	0.0	0.0	0.0	0.0	0.0	0.0	0.0	0.0	50.0	12.0	31.0	0.0	0.0	0.0	0.0	0.0	0.0	0.0	39.0	0.0	0.0	0.0	77.0	0.0	0.0	0.0	0.0	0.0	0.0	0.0	0.0	0.0	0.0	0.0	29.0	0.0	0.0	15.0	0.0	0.0	0.0	0.0	0.0	0.0	0.0	0.0	7.0	0.0	0.0	0.0	0.0	0.0	0.0	0.0	0.0	0.0	0.0	4.0	0.0	0.0	0.0	0.0	0.0	0.0	0.0	0.0	16.0	0.0	23.0	0.0	0.0	0.0	0.0	0.0	0.0	0.0	0.0	0.0	0.0	0.0	0.0	0.0	0.0	0.0	0.0	0.0	0.0	0.0	0.0	0.0	0.0	0.0	0.0	0.0	0.0	0.0	0.0	0.0	0.0	0.0	0.0	0.0	0.0	0.0	0.0	0.0	0.0	0.0	0.0	0.0	0.0	0.0	0.0	0.0	0.0	0.0	0.0	0.0	0.0	0.0	0.0	0.0	0.0	0.0	0.0	0.0	0.0	0.0	0.0	0.0	0.0	0.0	0.0	0.0	0.0	0.0	0.0	0.0	0.0	0.0	0.0	0.0	0.0	0.0	0.0	0.0	0.0	0.0	0.0	0.0	0.0	0.0	0.0	0.0	0.0	0.0	0.0
SRR11143345	311.0	260.0	80.0	117.0	148.0	467.0	113.0	132.0	204.0	0.0	267.0	337.0	929.0	19.0	571.0	38.0	32.0	0.0	5.0	101.0	0.0	22.0	0.0	0.0	196.0	0.0	66.0	0.0	0.0	0.0	162.0	0.0	8.0	10.0	230.0	0.0	0.0	0.0	0.0	122.0	35.0	129.0	67.0	277.0	93.0	107.0	37.0	222.0	0.0	93.0	0.0	0.0	67.0	75.0	231.0	0.0	430.0	167.0	0.0	0.0	37.0	17.0	25.0	0.0	0.0	251.0	57.0	27.0	314.0	10.0	97.0	0.0	0.0	0.0	0.0	180.0	451.0	0.0	45.0	74.0	0.0	0.0	0.0	0.0	0.0	31.0	0.0	15.0	0.0	334.0	142.0	0.0	10.0	0.0	27.0	0.0	0.0	0.0	0.0	0.0	88.0	0.0	0.0	0.0	0.0	0.0	23.0	0.0	0.0	0.0	0.0	0.0	14.0	0.0	0.0	0.0	0.0	0.0	0.0	31.0	0.0	0.0	0.0	0.0	0.0	26.0	0.0	0.0	111.0	0.0	0.0	0.0	0.0	0.0	0.0	0.0	0.0	187.0	0.0	7.0	0.0	0.0	0.0	0.0	0.0	0.0	20.0	0.0	0.0	0.0	0.0	239.0	0.0	0.0	0.0	0.0	0.0	0.0	0.0	0.0	0.0	0.0	6.0	0.0	0.0	0.0	0.0	17.0	0.0	20.0	0.0	27.0	0.0	0.0	0.0	55.0	0.0	104.0	0.0	0.0	0.0	0.0	0.0	0.0	0.0	0.0	0.0	0.0	0.0	10.0	0.0	0.0	0.0	0.0	0.0	0.0	0.0	0.0	0.0	0.0	0.0	0.0	0.0	0.0	0.0	0.0	0.0	3.0	0.0	0.0	0.0	0.0	0.0	0.0	0.0	0.0	0.0	0.0	0.0	0.0	0.0	0.0	0.0	0.0	0.0	0.0	0.0	0.0	0.0	0.0	0.0	0.0	0.0	0.0	0.0	0.0	0.0	0.0	0.0	0.0	0.0	0.0	0.0	0.0	0.0	0.0	0.0	0.0	0.0	0.0	0.0	0.0	0.0	0.0	0.0	0.0	0.0	0.0	0.0	0.0	0.0	0.0	0.0	0.0	0.0	0.0	0.0	0.0	0.0	0.0	0.0	0.0	0.0	0.0	0.0	0.0	0.0	0.0	0.0	0.0	12.0	0.0	0.0	0.0	0.0	0.0	0.0	0.0	0.0	0.0	0.0	0.0	0.0	0.0	0.0	0.0	0.0	0.0	0.0	0.0	0.0	0.0	0.0	0.0	0.0	0.0	0.0	0.0	13.0	0.0
SRR11143347	56.0	214.0	306.0	751.0	221.0	964.0	65.0	0.0	382.0	0.0	1189.0	75.0	683.0	233.0	275.0	96.0	79.0	410.0	238.0	0.0	767.0	41.0	104.0	342.0	69.0	51.0	80.0	341.0	246.0	0.0	201.0	145.0	0.0	114.0	90.0	0.0	28.0	0.0	378.0	264.0	104.0	349.0	19.0	179.0	51.0	15.0	65.0	277.0	153.0	166.0	16.0	13.0	182.0	222.0	158.0	0.0	327.0	212.0	0.0	14.0	32.0	0.0	0.0	0.0	0.0	163.0	244.0	273.0	442.0	0.0	285.0	26.0	0.0	0.0	84.0	82.0	98.0	0.0	32.0	59.0	0.0	0.0	0.0	50.0	30.0	43.0	0.0	0.0	29.0	0.0	0.0	0.0	72.0	0.0	29.0	112.0	137.0	0.0	0.0	13.0	57.0	25.0	49.0	0.0	34.0	0.0	0.0	0.0	0.0	86.0	0.0	0.0	16.0	0.0	0.0	141.0	0.0	0.0	7.0	90.0	0.0	18.0	0.0	0.0	116.0	10.0	0.0	0.0	53.0	18.0	0.0	0.0	0.0	0.0	0.0	0.0	36.0	0.0	0.0	0.0	0.0	61.0	0.0	0.0	0.0	0.0	0.0	41.0	42.0	0.0	0.0	111.0	0.0	23.0	12.0	0.0	131.0	0.0	0.0	0.0	0.0	0.0	0.0	0.0	0.0	0.0	0.0	0.0	0.0	0.0	0.0	0.0	0.0	35.0	0.0	0.0	0.0	0.0	79.0	0.0	0.0	0.0	0.0	0.0	0.0	0.0	24.0	0.0	10.0	0.0	0.0	0.0	0.0	0.0	0.0	0.0	0.0	0.0	0.0	0.0	0.0	0.0	0.0	0.0	0.0	0.0	0.0	0.0	0.0	20.0	0.0	0.0	0.0	18.0	0.0	0.0	0.0	0.0	0.0	0.0	0.0	0.0	0.0	0.0	0.0	0.0	0.0	0.0	0.0	0.0	27.0	47.0	0.0	0.0	0.0	0.0	0.0	0.0	0.0	0.0	0.0	0.0	0.0	0.0	0.0	0.0	0.0	0.0	0.0	0.0	0.0	0.0	0.0	0.0	0.0	0.0	0.0	0.0	0.0	0.0	0.0	0.0	0.0	0.0	0.0	0.0	0.0	0.0	0.0	0.0	0.0	0.0	0.0	0.0	0.0	0.0	0.0	0.0	0.0	0.0	0.0	0.0	0.0	23.0	0.0	0.0	0.0	0.0	0.0	0.0	0.0	0.0	0.0	0.0	0.0	0.0	0.0	0.0	0.0	0.0	0.0	0.0	0.0	0.0	0.0	0.0	0.0	0.0	0.0	0.0
SRR11143349	169.0	475.0	400.0	571.0	684.0	896.0	123.0	88.0	470.0	0.0	1677.0	101.0	909.0	322.0	638.0	53.0	270.0	306.0	51.0	22.0	923.0	26.0	187.0	384.0	176.0	42.0	48.0	264.0	357.0	22.0	327.0	88.0	0.0	74.0	157.0	0.0	61.0	0.0	681.0	414.0	427.0	472.0	0.0	223.0	179.0	0.0	47.0	413.0	296.0	192.0	48.0	26.0	175.0	473.0	322.0	0.0	355.0	1295.0	122.0	32.0	67.0	0.0	0.0	0.0	0.0	140.0	228.0	349.0	133.0	0.0	273.0	23.0	0.0	74.0	40.0	29.0	286.0	0.0	46.0	163.0	15.0	0.0	0.0	0.0	24.0	78.0	0.0	0.0	92.0	0.0	214.0	0.0	105.0	0.0	0.0	33.0	182.0	0.0	27.0	0.0	19.0	50.0	0.0	0.0	36.0	0.0	82.0	38.0	0.0	246.0	0.0	0.0	0.0	0.0	0.0	247.0	0.0	0.0	15.0	107.0	24.0	0.0	0.0	0.0	252.0	87.0	0.0	11.0	187.0	0.0	0.0	0.0	0.0	0.0	34.0	0.0	0.0	36.0	0.0	0.0	0.0	0.0	15.0	0.0	0.0	0.0	0.0	62.0	0.0	0.0	0.0	34.0	0.0	0.0	0.0	0.0	72.0	0.0	0.0	14.0	0.0	0.0	0.0	0.0	0.0	0.0	0.0	0.0	0.0	28.0	0.0	0.0	0.0	39.0	3.0	0.0	0.0	0.0	88.0	0.0	0.0	0.0	0.0	0.0	0.0	0.0	0.0	0.0	0.0	19.0	0.0	0.0	0.0	0.0	0.0	0.0	0.0	0.0	0.0	0.0	0.0	0.0	0.0	0.0	0.0	0.0	0.0	0.0	0.0	0.0	0.0	0.0	0.0	0.0	0.0	0.0	0.0	0.0	0.0	0.0	0.0	0.0	0.0	0.0	0.0	0.0	0.0	0.0	0.0	0.0	0.0	0.0	0.0	0.0	0.0	0.0	0.0	0.0	0.0	0.0	0.0	0.0	0.0	0.0	20.0	0.0	0.0	0.0	0.0	7.0	0.0	0.0	0.0	0.0	0.0	0.0	0.0	0.0	0.0	0.0	0.0	0.0	0.0	0.0	0.0	0.0	0.0	0.0	0.0	15.0	0.0	0.0	0.0	0.0	0.0	0.0	0.0	0.0	0.0	0.0	0.0	0.0	0.0	0.0	0.0	0.0	3.0	0.0	0.0	0.0	0.0	0.0	0.0	0.0	0.0	0.0	0.0	0.0	0.0	0.0	0.0	0.0	0.0	0.0	0.0	0.0	0.0	0.0	0.0	0.0
SRR11143350	112.0	201.0	0.0	580.0	199.0	379.0	119.0	139.0	291.0	0.0	815.0	42.0	542.0	0.0	237.0	0.0	46.0	323.0	155.0	0.0	124.0	0.0	104.0	173.0	99.0	0.0	43.0	306.0	194.0	0.0	231.0	0.0	0.0	28.0	79.0	0.0	0.0	8.0	177.0	270.0	191.0	221.0	14.0	54.0	0.0	0.0	71.0	208.0	52.0	218.0	0.0	0.0	79.0	161.0	294.0	0.0	90.0	67.0	0.0	0.0	0.0	0.0	0.0	103.0	0.0	178.0	78.0	0.0	292.0	7.0	228.0	0.0	0.0	0.0	0.0	0.0	0.0	0.0	0.0	4.0	0.0	0.0	0.0	41.0	0.0	65.0	0.0	15.0	20.0	0.0	119.0	0.0	90.0	0.0	0.0	40.0	99.0	0.0	0.0	0.0	0.0	20.0	0.0	0.0	0.0	0.0	0.0	0.0	0.0	279.0	0.0	0.0	0.0	0.0	0.0	141.0	0.0	0.0	0.0	62.0	0.0	0.0	7.0	0.0	122.0	14.0	0.0	0.0	102.0	0.0	0.0	0.0	0.0	0.0	0.0	0.0	67.0	58.0	0.0	0.0	0.0	0.0	0.0	0.0	0.0	0.0	0.0	0.0	0.0	0.0	0.0	35.0	0.0	0.0	0.0	0.0	0.0	0.0	0.0	0.0	0.0	31.0	0.0	0.0	0.0	0.0	0.0	0.0	0.0	0.0	0.0	0.0	0.0	0.0	0.0	0.0	0.0	0.0	0.0	0.0	0.0	0.0	0.0	0.0	0.0	0.0	0.0	0.0	0.0	0.0	0.0	0.0	0.0	0.0	0.0	0.0	0.0	0.0	0.0	0.0	0.0	0.0	0.0	0.0	0.0	0.0	0.0	0.0	0.0	0.0	0.0	0.0	0.0	0.0	0.0	0.0	0.0	0.0	0.0	0.0	0.0	0.0	0.0	0.0	0.0	0.0	0.0	0.0	0.0	0.0	35.0	0.0	0.0	0.0	5.0	0.0	0.0	12.0	0.0	0.0	0.0	0.0	0.0	0.0	0.0	0.0	0.0	0.0	0.0	10.0	0.0	0.0	0.0	0.0	0.0	0.0	0.0	0.0	0.0	0.0	0.0	0.0	0.0	0.0	0.0	0.0	0.0	0.0	0.0	0.0	0.0	0.0	0.0	0.0	0.0	0.0	0.0	0.0	0.0	0.0	0.0	0.0	0.0	0.0	0.0	0.0	0.0	0.0	0.0	0.0	0.0	0.0	0.0	0.0	0.0	0.0	0.0	0.0	0.0	0.0	0.0	0.0	0.0	0.0	0.0	0.0	0.0	0.0	0.0	0.0
SRR11143351	0.0	436.0	370.0	169.0	433.0	778.0	182.0	0.0	345.0	0.0	1551.0	58.0	1083.0	152.0	330.0	226.0	140.0	545.0	141.0	0.0	249.0	0.0	251.0	370.0	192.0	16.0	0.0	403.0	93.0	38.0	315.0	474.0	119.0	169.0	108.0	0.0	96.0	0.0	278.0	271.0	136.0	248.0	0.0	69.0	16.0	0.0	66.0	1370.0	56.0	63.0	22.0	18.0	290.0	703.0	98.0	16.0	797.0	143.0	133.0	0.0	424.0	14.0	52.0	0.0	0.0	56.0	230.0	154.0	406.0	0.0	584.0	52.0	0.0	0.0	0.0	49.0	240.0	0.0	0.0	88.0	35.0	166.0	42.0	0.0	92.0	170.0	0.0	0.0	0.0	0.0	275.0	0.0	0.0	0.0	24.0	85.0	189.0	0.0	28.0	0.0	174.0	39.0	0.0	0.0	0.0	79.0	0.0	0.0	0.0	151.0	0.0	0.0	0.0	0.0	0.0	189.0	0.0	11.0	0.0	163.0	0.0	36.0	7.0	0.0	516.0	40.0	0.0	0.0	55.0	0.0	0.0	0.0	0.0	0.0	0.0	0.0	63.0	83.0	77.0	0.0	0.0	0.0	0.0	0.0	0.0	6.0	156.0	0.0	63.0	14.0	0.0	103.0	0.0	0.0	0.0	0.0	110.0	25.0	0.0	0.0	0.0	0.0	18.0	0.0	0.0	0.0	0.0	0.0	14.0	31.0	10.0	0.0	84.0	61.0	0.0	0.0	0.0	54.0	324.0	0.0	0.0	0.0	0.0	0.0	0.0	0.0	0.0	0.0	0.0	0.0	0.0	0.0	0.0	30.0	0.0	0.0	36.0	0.0	0.0	22.0	0.0	0.0	0.0	0.0	0.0	0.0	0.0	0.0	0.0	0.0	0.0	0.0	67.0	0.0	0.0	0.0	4.0	0.0	0.0	0.0	0.0	0.0	0.0	0.0	0.0	0.0	0.0	0.0	0.0	0.0	0.0	50.0	0.0	0.0	0.0	0.0	0.0	0.0	0.0	0.0	0.0	0.0	0.0	0.0	18.0	0.0	0.0	0.0	0.0	0.0	0.0	0.0	0.0	0.0	0.0	0.0	0.0	0.0	0.0	0.0	0.0	0.0	0.0	0.0	0.0	0.0	0.0	0.0	0.0	0.0	0.0	0.0	0.0	35.0	0.0	0.0	0.0	0.0	0.0	0.0	0.0	0.0	0.0	20.0	0.0	0.0	0.0	0.0	0.0	0.0	0.0	0.0	0.0	0.0	0.0	0.0	0.0	0.0	0.0	0.0	0.0	0.0	0.0	0.0	0.0	0.0	0.0	0.0	0.0	0.0
SRR11143355	0.0	0.0	289.0	0.0	881.0	1510.0	0.0	75.0	167.0	0.0	76.0	370.0	81.0	0.0	597.0	0.0	20.0	43.0	12.0	0.0	0.0	0.0	0.0	0.0	270.0	0.0	0.0	0.0	0.0	0.0	0.0	0.0	0.0	0.0	98.0	0.0	0.0	0.0	31.0	34.0	0.0	479.0	10.0	286.0	152.0	15.0	671.0	0.0	0.0	34.0	0.0	0.0	0.0	0.0	0.0	0.0	232.0	246.0	0.0	0.0	42.0	13.0	0.0	0.0	0.0	0.0	0.0	0.0	518.0	171.0	42.0	91.0	40.0	0.0	0.0	44.0	609.0	0.0	11.0	95.0	0.0	0.0	48.0	0.0	0.0	0.0	0.0	0.0	0.0	0.0	22.0	0.0	105.0	0.0	0.0	0.0	115.0	0.0	62.0	0.0	0.0	0.0	43.0	0.0	0.0	0.0	127.0	59.0	0.0	37.0	0.0	0.0	0.0	0.0	0.0	39.0	0.0	0.0	0.0	0.0	0.0	0.0	0.0	0.0	0.0	22.0	0.0	155.0	172.0	0.0	0.0	0.0	0.0	0.0	0.0	0.0	0.0	0.0	0.0	0.0	0.0	0.0	0.0	0.0	0.0	0.0	0.0	0.0	0.0	0.0	0.0	0.0	0.0	0.0	0.0	0.0	0.0	0.0	0.0	0.0	14.0	0.0	0.0	0.0	0.0	0.0	0.0	0.0	0.0	0.0	0.0	0.0	0.0	0.0	0.0	0.0	0.0	0.0	0.0	0.0	0.0	0.0	0.0	0.0	0.0	0.0	0.0	198.0	0.0	0.0	0.0	0.0	0.0	0.0	0.0	0.0	0.0	0.0	0.0	0.0	0.0	0.0	0.0	0.0	0.0	0.0	0.0	0.0	20.0	150.0	0.0	0.0	0.0	10.0	84.0	0.0	0.0	0.0	0.0	0.0	36.0	0.0	0.0	0.0	0.0	0.0	0.0	0.0	25.0	0.0	0.0	0.0	0.0	0.0	0.0	0.0	0.0	0.0	0.0	0.0	0.0	0.0	0.0	0.0	0.0	0.0	0.0	0.0	0.0	0.0	0.0	0.0	0.0	0.0	0.0	0.0	0.0	0.0	0.0	0.0	0.0	0.0	0.0	0.0	0.0	0.0	0.0	0.0	0.0	0.0	0.0	0.0	0.0	0.0	0.0	0.0	0.0	29.0	0.0	0.0	0.0	0.0	0.0	0.0	0.0	0.0	0.0	0.0	0.0	0.0	0.0	0.0	0.0	0.0	0.0	0.0	0.0	0.0	0.0	0.0	0.0	0.0	0.0	0.0	0.0	0.0	0.0	0.0	0.0	0.0
SRR11143356	75.0	0.0	111.0	114.0	570.0	975.0	131.0	222.0	390.0	0.0	71.0	300.0	698.0	0.0	882.0	49.0	33.0	0.0	0.0	0.0	0.0	12.0	0.0	0.0	45.0	0.0	134.0	0.0	0.0	0.0	92.0	97.0	0.0	46.0	207.0	0.0	0.0	0.0	175.0	129.0	0.0	128.0	0.0	320.0	37.0	108.0	139.0	164.0	0.0	259.0	0.0	0.0	0.0	0.0	160.0	163.0	224.0	0.0	0.0	0.0	59.0	22.0	0.0	0.0	0.0	0.0	0.0	0.0	343.0	23.0	0.0	93.0	0.0	75.0	0.0	157.0	479.0	0.0	70.0	27.0	0.0	0.0	80.0	0.0	27.0	46.0	0.0	0.0	0.0	0.0	0.0	0.0	59.0	0.0	0.0	0.0	0.0	33.0	101.0	0.0	0.0	0.0	0.0	0.0	0.0	0.0	573.0	68.0	0.0	57.0	49.0	0.0	0.0	0.0	0.0	0.0	0.0	58.0	0.0	0.0	0.0	0.0	16.0	0.0	0.0	14.0	0.0	0.0	86.0	0.0	0.0	0.0	0.0	0.0	0.0	0.0	0.0	0.0	0.0	0.0	0.0	0.0	0.0	0.0	0.0	0.0	0.0	0.0	0.0	0.0	0.0	125.0	0.0	0.0	28.0	0.0	0.0	0.0	0.0	0.0	9.0	0.0	0.0	0.0	0.0	0.0	0.0	0.0	0.0	0.0	0.0	0.0	84.0	0.0	0.0	0.0	0.0	0.0	0.0	0.0	0.0	0.0	0.0	0.0	0.0	0.0	0.0	0.0	0.0	0.0	0.0	0.0	0.0	0.0	0.0	0.0	0.0	0.0	0.0	0.0	0.0	0.0	0.0	0.0	0.0	0.0	0.0	0.0	0.0	0.0	0.0	0.0	0.0	0.0	0.0	0.0	0.0	0.0	0.0	0.0	17.0	0.0	57.0	0.0	0.0	0.0	0.0	0.0	0.0	0.0	0.0	0.0	0.0	0.0	0.0	0.0	0.0	0.0	0.0	107.0	0.0	0.0	0.0	0.0	0.0	0.0	0.0	0.0	0.0	0.0	0.0	0.0	0.0	0.0	0.0	0.0	0.0	0.0	0.0	0.0	0.0	0.0	0.0	0.0	0.0	0.0	0.0	0.0	0.0	0.0	0.0	0.0	0.0	0.0	0.0	0.0	0.0	0.0	0.0	0.0	0.0	0.0	145.0	0.0	0.0	0.0	0.0	0.0	0.0	0.0	0.0	0.0	0.0	0.0	0.0	0.0	0.0	0.0	0.0	0.0	0.0	0.0	0.0	0.0	0.0	0.0	0.0	0.0	0.0	0.0
SRR11143359	242.0	0.0	249.0	90.0	651.0	1001.0	0.0	116.0	299.0	0.0	0.0	241.0	997.0	0.0	671.0	161.0	57.0	0.0	85.0	17.0	0.0	0.0	0.0	0.0	129.0	0.0	0.0	0.0	0.0	0.0	90.0	52.0	104.0	26.0	301.0	0.0	0.0	33.0	222.0	215.0	0.0	224.0	0.0	30.0	39.0	15.0	121.0	0.0	0.0	227.0	0.0	0.0	0.0	0.0	153.0	49.0	309.0	232.0	0.0	0.0	0.0	0.0	0.0	0.0	0.0	0.0	39.0	0.0	256.0	42.0	0.0	44.0	0.0	91.0	0.0	0.0	849.0	15.0	0.0	211.0	0.0	0.0	0.0	0.0	101.0	103.0	0.0	0.0	0.0	0.0	0.0	0.0	0.0	0.0	0.0	0.0	186.0	0.0	65.0	0.0	0.0	18.0	38.0	0.0	0.0	0.0	253.0	0.0	0.0	0.0	23.0	0.0	0.0	0.0	0.0	97.0	0.0	67.0	0.0	0.0	0.0	0.0	17.0	0.0	0.0	0.0	0.0	0.0	74.0	0.0	0.0	0.0	0.0	0.0	0.0	0.0	0.0	0.0	0.0	0.0	0.0	0.0	0.0	0.0	0.0	0.0	0.0	0.0	0.0	0.0	0.0	0.0	0.0	0.0	0.0	0.0	0.0	0.0	0.0	0.0	27.0	0.0	0.0	0.0	0.0	0.0	0.0	0.0	0.0	0.0	0.0	0.0	203.0	0.0	0.0	0.0	0.0	0.0	0.0	0.0	0.0	0.0	0.0	0.0	0.0	0.0	0.0	0.0	0.0	0.0	26.0	0.0	0.0	0.0	0.0	0.0	0.0	0.0	0.0	0.0	0.0	0.0	0.0	0.0	0.0	0.0	0.0	0.0	0.0	0.0	0.0	0.0	0.0	0.0	0.0	0.0	0.0	0.0	0.0	0.0	0.0	0.0	0.0	0.0	0.0	0.0	0.0	0.0	0.0	0.0	0.0	0.0	0.0	0.0	0.0	0.0	0.0	0.0	0.0	173.0	0.0	0.0	0.0	0.0	0.0	0.0	0.0	0.0	0.0	0.0	0.0	0.0	0.0	0.0	0.0	0.0	0.0	0.0	0.0	0.0	0.0	0.0	0.0	0.0	0.0	0.0	0.0	0.0	0.0	0.0	0.0	0.0	0.0	0.0	0.0	0.0	0.0	0.0	0.0	0.0	0.0	0.0	0.0	0.0	0.0	0.0	0.0	0.0	0.0	0.0	0.0	0.0	0.0	0.0	0.0	0.0	0.0	0.0	0.0	0.0	0.0	0.0	0.0	0.0	0.0	0.0	0.0	0.0	0.0	0.0
SRR11143363	414.0	151.0	159.0	102.0	792.0	1177.0	155.0	146.0	350.0	0.0	251.0	325.0	542.0	26.0	462.0	130.0	49.0	0.0	48.0	0.0	0.0	56.0	0.0	0.0	56.0	0.0	0.0	20.0	0.0	0.0	89.0	107.0	0.0	10.0	369.0	0.0	0.0	0.0	150.0	113.0	38.0	211.0	0.0	184.0	124.0	41.0	126.0	115.0	31.0	368.0	0.0	0.0	0.0	0.0	237.0	215.0	367.0	238.0	0.0	0.0	49.0	54.0	0.0	0.0	0.0	0.0	67.0	0.0	358.0	30.0	66.0	88.0	57.0	0.0	0.0	0.0	615.0	0.0	81.0	77.0	0.0	0.0	48.0	0.0	131.0	82.0	0.0	0.0	14.0	0.0	0.0	0.0	0.0	0.0	0.0	0.0	55.0	0.0	103.0	0.0	185.0	55.0	52.0	14.0	0.0	0.0	514.0	0.0	116.0	43.0	91.0	0.0	0.0	0.0	0.0	0.0	0.0	17.0	0.0	0.0	0.0	0.0	30.0	0.0	50.0	17.0	0.0	0.0	26.0	0.0	0.0	0.0	0.0	0.0	0.0	0.0	0.0	0.0	0.0	0.0	0.0	0.0	0.0	0.0	0.0	0.0	0.0	0.0	0.0	0.0	0.0	0.0	0.0	0.0	0.0	0.0	0.0	0.0	0.0	0.0	0.0	0.0	0.0	0.0	0.0	0.0	0.0	0.0	0.0	0.0	0.0	0.0	112.0	0.0	0.0	0.0	0.0	0.0	0.0	0.0	0.0	0.0	0.0	0.0	0.0	0.0	0.0	0.0	0.0	0.0	0.0	0.0	0.0	0.0	0.0	0.0	0.0	0.0	0.0	0.0	0.0	0.0	0.0	0.0	0.0	0.0	0.0	0.0	0.0	125.0	0.0	0.0	0.0	0.0	0.0	0.0	0.0	0.0	0.0	0.0	0.0	0.0	76.0	0.0	0.0	18.0	0.0	0.0	0.0	0.0	0.0	0.0	0.0	0.0	0.0	0.0	0.0	0.0	0.0	77.0	0.0	0.0	0.0	0.0	0.0	0.0	0.0	0.0	0.0	0.0	0.0	0.0	0.0	0.0	0.0	0.0	0.0	0.0	0.0	0.0	0.0	0.0	0.0	0.0	0.0	0.0	0.0	0.0	0.0	0.0	0.0	0.0	0.0	0.0	0.0	0.0	0.0	0.0	0.0	0.0	0.0	0.0	0.0	0.0	0.0	0.0	0.0	0.0	0.0	0.0	0.0	0.0	0.0	0.0	0.0	0.0	0.0	0.0	0.0	0.0	0.0	0.0	0.0	0.0	0.0	0.0	0.0	0.0	0.0	0.0
SRR11143365	0.0	284.0	127.0	215.0	878.0	685.0	143.0	173.0	367.0	0.0	134.0	451.0	667.0	0.0	863.0	66.0	94.0	0.0	57.0	0.0	0.0	0.0	0.0	77.0	167.0	0.0	104.0	0.0	0.0	0.0	267.0	226.0	0.0	0.0	279.0	0.0	0.0	0.0	193.0	0.0	0.0	93.0	0.0	131.0	44.0	109.0	55.0	250.0	65.0	33.0	0.0	0.0	0.0	93.0	204.0	34.0	63.0	242.0	0.0	0.0	55.0	27.0	0.0	0.0	0.0	0.0	75.0	37.0	275.0	0.0	0.0	18.0	0.0	80.0	0.0	0.0	294.0	0.0	0.0	22.0	0.0	0.0	141.0	0.0	106.0	66.0	0.0	0.0	19.0	0.0	0.0	0.0	0.0	0.0	0.0	0.0	64.0	0.0	64.0	0.0	137.0	0.0	60.0	0.0	0.0	0.0	175.0	0.0	0.0	0.0	0.0	0.0	0.0	0.0	0.0	0.0	0.0	21.0	0.0	0.0	0.0	0.0	21.0	0.0	101.0	0.0	0.0	0.0	171.0	0.0	0.0	0.0	0.0	0.0	0.0	0.0	0.0	0.0	0.0	0.0	0.0	0.0	0.0	0.0	0.0	0.0	0.0	0.0	0.0	0.0	0.0	0.0	0.0	0.0	0.0	0.0	0.0	0.0	0.0	0.0	0.0	0.0	0.0	0.0	0.0	0.0	0.0	0.0	0.0	0.0	0.0	0.0	95.0	0.0	0.0	0.0	0.0	0.0	0.0	0.0	0.0	0.0	0.0	0.0	0.0	0.0	0.0	0.0	0.0	0.0	0.0	0.0	0.0	0.0	0.0	0.0	49.0	0.0	0.0	0.0	0.0	0.0	0.0	0.0	0.0	0.0	0.0	0.0	0.0	0.0	0.0	0.0	0.0	0.0	0.0	0.0	0.0	0.0	0.0	0.0	0.0	0.0	0.0	0.0	0.0	0.0	0.0	0.0	0.0	0.0	0.0	0.0	0.0	0.0	0.0	0.0	0.0	0.0	0.0	0.0	0.0	0.0	0.0	0.0	0.0	0.0	0.0	0.0	0.0	0.0	0.0	0.0	0.0	0.0	0.0	0.0	0.0	0.0	0.0	0.0	0.0	0.0	0.0	0.0	0.0	0.0	0.0	0.0	0.0	0.0	0.0	0.0	0.0	0.0	0.0	0.0	0.0	0.0	0.0	0.0	0.0	0.0	0.0	0.0	0.0	0.0	0.0	0.0	0.0	0.0	0.0	0.0	0.0	0.0	0.0	0.0	0.0	0.0	0.0	0.0	0.0	0.0	0.0	0.0	0.0	0.0	0.0	0.0	0.0	0.0
SRR11143372	0.0	0.0	461.0	0.0	746.0	980.0	0.0	222.0	86.0	0.0	0.0	257.0	801.0	0.0	745.0	0.0	40.0	74.0	0.0	0.0	0.0	0.0	0.0	0.0	67.0	0.0	67.0	0.0	0.0	0.0	0.0	115.0	0.0	0.0	0.0	0.0	0.0	0.0	0.0	0.0	0.0	447.0	0.0	460.0	94.0	427.0	83.0	491.0	0.0	38.0	0.0	0.0	0.0	0.0	0.0	0.0	255.0	0.0	0.0	0.0	0.0	0.0	0.0	0.0	0.0	111.0	0.0	0.0	1010.0	0.0	130.0	139.0	182.0	55.0	0.0	22.0	814.0	0.0	57.0	31.0	0.0	0.0	40.0	0.0	0.0	0.0	0.0	0.0	9.0	0.0	73.0	0.0	0.0	0.0	0.0	0.0	0.0	0.0	176.0	0.0	0.0	298.0	0.0	0.0	0.0	144.0	0.0	22.0	0.0	170.0	38.0	0.0	0.0	0.0	0.0	94.0	0.0	58.0	0.0	0.0	0.0	0.0	0.0	0.0	217.0	0.0	0.0	0.0	118.0	0.0	0.0	0.0	0.0	0.0	0.0	25.0	0.0	0.0	0.0	0.0	0.0	0.0	0.0	0.0	0.0	0.0	38.0	0.0	0.0	0.0	0.0	89.0	0.0	0.0	0.0	0.0	0.0	0.0	0.0	0.0	0.0	0.0	0.0	0.0	0.0	0.0	0.0	0.0	0.0	0.0	0.0	0.0	0.0	0.0	0.0	0.0	0.0	89.0	0.0	0.0	0.0	0.0	0.0	0.0	0.0	0.0	0.0	0.0	0.0	0.0	30.0	0.0	0.0	0.0	0.0	0.0	0.0	0.0	0.0	0.0	0.0	0.0	0.0	0.0	0.0	0.0	0.0	0.0	0.0	0.0	0.0	0.0	0.0	0.0	0.0	0.0	0.0	0.0	0.0	0.0	0.0	0.0	0.0	0.0	0.0	0.0	0.0	0.0	0.0	0.0	0.0	0.0	0.0	0.0	0.0	0.0	0.0	0.0	0.0	0.0	0.0	0.0	0.0	0.0	0.0	0.0	0.0	0.0	0.0	0.0	0.0	0.0	0.0	0.0	0.0	0.0	0.0	0.0	0.0	0.0	0.0	0.0	0.0	0.0	0.0	0.0	0.0	0.0	0.0	0.0	0.0	0.0	0.0	0.0	0.0	0.0	0.0	0.0	0.0	0.0	0.0	0.0	0.0	0.0	0.0	0.0	0.0	0.0	0.0	0.0	0.0	0.0	0.0	0.0	0.0	0.0	0.0	0.0	0.0	0.0	0.0	0.0	0.0	0.0	0.0	0.0	0.0	0.0	0.0	0.0
SRR11143378	102.0	0.0	261.0	0.0	902.0	792.0	79.0	120.0	287.0	0.0	44.0	208.0	377.0	0.0	785.0	49.0	73.0	0.0	0.0	34.0	0.0	36.0	0.0	95.0	149.0	0.0	0.0	0.0	0.0	0.0	166.0	149.0	31.0	0.0	62.0	0.0	0.0	0.0	0.0	0.0	0.0	288.0	0.0	650.0	0.0	281.0	291.0	782.0	0.0	148.0	0.0	0.0	0.0	0.0	0.0	138.0	262.0	0.0	247.0	0.0	0.0	16.0	0.0	0.0	0.0	66.0	0.0	0.0	761.0	52.0	307.0	40.0	67.0	0.0	0.0	32.0	1018.0	0.0	45.0	79.0	0.0	0.0	50.0	0.0	0.0	71.0	0.0	0.0	10.0	69.0	105.0	0.0	72.0	0.0	0.0	0.0	0.0	0.0	0.0	0.0	150.0	71.0	0.0	0.0	0.0	0.0	318.0	70.0	0.0	141.0	52.0	0.0	0.0	0.0	0.0	84.0	0.0	39.0	0.0	0.0	0.0	0.0	0.0	0.0	0.0	0.0	0.0	0.0	92.0	0.0	0.0	0.0	0.0	43.0	0.0	0.0	0.0	0.0	0.0	0.0	0.0	0.0	0.0	0.0	0.0	0.0	58.0	0.0	0.0	0.0	0.0	96.0	0.0	0.0	0.0	0.0	0.0	0.0	0.0	0.0	0.0	0.0	0.0	0.0	0.0	0.0	0.0	0.0	0.0	0.0	0.0	0.0	0.0	0.0	0.0	0.0	0.0	0.0	0.0	0.0	0.0	0.0	0.0	0.0	0.0	0.0	0.0	0.0	0.0	0.0	0.0	0.0	0.0	0.0	0.0	0.0	0.0	0.0	0.0	0.0	0.0	0.0	0.0	0.0	0.0	0.0	0.0	0.0	0.0	21.0	0.0	0.0	0.0	0.0	0.0	0.0	0.0	0.0	0.0	0.0	0.0	0.0	0.0	0.0	0.0	0.0	0.0	0.0	0.0	0.0	0.0	0.0	0.0	0.0	0.0	0.0	0.0	0.0	0.0	0.0	0.0	0.0	0.0	0.0	0.0	0.0	0.0	0.0	0.0	0.0	0.0	0.0	0.0	0.0	0.0	0.0	0.0	0.0	0.0	0.0	0.0	0.0	0.0	0.0	0.0	0.0	0.0	0.0	0.0	0.0	0.0	0.0	0.0	0.0	0.0	0.0	0.0	0.0	0.0	0.0	0.0	0.0	0.0	0.0	0.0	0.0	0.0	0.0	0.0	0.0	0.0	0.0	0.0	0.0	0.0	0.0	0.0	0.0	0.0	0.0	0.0	0.0	0.0	0.0	0.0	0.0	0.0	0.0	0.0	0.0
SRR11143380	430.0	0.0	409.0	0.0	784.0	1305.0	365.0	170.0	344.0	0.0	82.0	267.0	692.0	0.0	833.0	175.0	61.0	25.0	114.0	0.0	0.0	146.0	0.0	41.0	106.0	0.0	224.0	0.0	12.0	0.0	46.0	146.0	0.0	0.0	352.0	0.0	0.0	0.0	141.0	0.0	0.0	291.0	0.0	181.0	0.0	85.0	420.0	222.0	0.0	281.0	0.0	0.0	0.0	0.0	116.0	125.0	495.0	0.0	0.0	0.0	72.0	24.0	0.0	0.0	0.0	0.0	52.0	0.0	421.0	49.0	147.0	161.0	87.0	60.0	0.0	0.0	782.0	0.0	55.0	143.0	0.0	0.0	127.0	0.0	165.0	220.0	0.0	0.0	0.0	0.0	0.0	0.0	113.0	0.0	0.0	0.0	225.0	31.0	28.0	0.0	148.0	0.0	54.0	0.0	0.0	0.0	244.0	68.0	0.0	67.0	65.0	0.0	0.0	0.0	0.0	38.0	0.0	52.0	0.0	0.0	0.0	0.0	0.0	0.0	135.0	13.0	0.0	0.0	0.0	0.0	0.0	0.0	0.0	89.0	15.0	0.0	0.0	0.0	0.0	0.0	0.0	55.0	0.0	0.0	0.0	0.0	0.0	0.0	0.0	0.0	0.0	0.0	0.0	0.0	191.0	0.0	0.0	0.0	0.0	0.0	0.0	0.0	0.0	0.0	0.0	0.0	0.0	0.0	0.0	0.0	0.0	0.0	132.0	0.0	0.0	0.0	0.0	0.0	0.0	0.0	0.0	0.0	0.0	0.0	0.0	0.0	0.0	0.0	0.0	0.0	0.0	0.0	0.0	0.0	0.0	0.0	0.0	0.0	0.0	0.0	0.0	0.0	0.0	0.0	0.0	0.0	0.0	0.0	0.0	0.0	0.0	0.0	0.0	0.0	0.0	0.0	0.0	0.0	0.0	0.0	26.0	0.0	18.0	0.0	0.0	0.0	0.0	0.0	14.0	70.0	0.0	0.0	0.0	0.0	0.0	0.0	0.0	0.0	0.0	0.0	0.0	0.0	0.0	0.0	0.0	0.0	0.0	0.0	0.0	0.0	0.0	0.0	0.0	0.0	0.0	0.0	0.0	0.0	0.0	0.0	0.0	0.0	0.0	0.0	0.0	0.0	0.0	0.0	0.0	0.0	0.0	0.0	0.0	0.0	0.0	0.0	0.0	0.0	0.0	0.0	0.0	0.0	0.0	0.0	0.0	0.0	0.0	0.0	0.0	0.0	0.0	0.0	0.0	0.0	0.0	0.0	0.0	0.0	0.0	0.0	0.0	0.0	0.0	0.0	0.0	0.0	0.0	0.0	0.0	0.0
SRR11143386	192.0	85.0	252.0	0.0	1722.0	425.0	77.0	217.0	262.0	0.0	22.0	238.0	686.0	0.0	457.0	118.0	41.0	0.0	56.0	0.0	0.0	24.0	0.0	0.0	115.0	0.0	132.0	0.0	0.0	0.0	326.0	114.0	141.0	0.0	63.0	0.0	0.0	0.0	92.0	47.0	0.0	260.0	0.0	651.0	0.0	52.0	11.0	387.0	0.0	0.0	0.0	0.0	0.0	0.0	0.0	26.0	108.0	135.0	198.0	0.0	32.0	0.0	0.0	0.0	0.0	251.0	0.0	0.0	539.0	23.0	121.0	13.0	28.0	0.0	0.0	0.0	718.0	0.0	0.0	36.0	0.0	0.0	56.0	0.0	173.0	94.0	0.0	0.0	0.0	0.0	0.0	0.0	27.0	0.0	0.0	0.0	0.0	0.0	0.0	0.0	201.0	115.0	0.0	0.0	0.0	0.0	0.0	0.0	0.0	0.0	0.0	0.0	0.0	0.0	0.0	71.0	0.0	26.0	0.0	0.0	0.0	0.0	0.0	0.0	254.0	0.0	0.0	0.0	114.0	0.0	0.0	0.0	0.0	142.0	0.0	0.0	0.0	0.0	0.0	0.0	0.0	35.0	0.0	0.0	0.0	0.0	79.0	0.0	0.0	0.0	0.0	0.0	0.0	0.0	0.0	0.0	0.0	0.0	0.0	0.0	0.0	0.0	0.0	0.0	0.0	0.0	0.0	0.0	0.0	0.0	0.0	0.0	0.0	0.0	0.0	0.0	0.0	0.0	0.0	0.0	0.0	0.0	0.0	0.0	0.0	0.0	0.0	0.0	0.0	0.0	0.0	0.0	0.0	0.0	0.0	0.0	0.0	0.0	0.0	0.0	0.0	0.0	0.0	0.0	0.0	0.0	0.0	0.0	0.0	0.0	0.0	0.0	0.0	0.0	0.0	0.0	0.0	0.0	0.0	0.0	0.0	0.0	0.0	0.0	0.0	0.0	0.0	0.0	0.0	0.0	0.0	0.0	0.0	0.0	0.0	0.0	0.0	0.0	0.0	0.0	0.0	0.0	0.0	0.0	0.0	0.0	0.0	0.0	0.0	0.0	0.0	0.0	0.0	0.0	0.0	0.0	0.0	0.0	0.0	0.0	0.0	0.0	0.0	0.0	0.0	0.0	0.0	0.0	0.0	0.0	0.0	0.0	0.0	0.0	0.0	0.0	0.0	0.0	0.0	0.0	0.0	0.0	0.0	0.0	0.0	0.0	0.0	0.0	0.0	0.0	0.0	0.0	0.0	0.0	0.0	0.0	0.0	0.0	0.0	0.0	0.0	0.0	0.0	0.0	0.0	0.0	0.0	0.0	0.0	0.0
SRR11143388	458.0	0.0	192.0	0.0	974.0	1642.0	103.0	254.0	340.0	0.0	218.0	135.0	961.0	36.0	1145.0	156.0	97.0	0.0	26.0	13.0	0.0	145.0	0.0	181.0	22.0	0.0	94.0	0.0	0.0	0.0	63.0	125.0	0.0	79.0	239.0	0.0	7.0	18.0	198.0	67.0	0.0	208.0	0.0	215.0	0.0	94.0	428.0	534.0	0.0	255.0	0.0	0.0	0.0	0.0	162.0	49.0	522.0	450.0	0.0	0.0	0.0	33.0	0.0	0.0	0.0	0.0	0.0	0.0	199.0	116.0	113.0	268.0	0.0	57.0	0.0	0.0	781.0	0.0	0.0	246.0	0.0	0.0	146.0	0.0	23.0	141.0	0.0	0.0	48.0	0.0	0.0	0.0	35.0	0.0	0.0	0.0	250.0	47.0	88.0	0.0	132.0	55.0	102.0	37.0	0.0	0.0	515.0	102.0	23.0	297.0	142.0	0.0	0.0	44.0	0.0	91.0	0.0	36.0	0.0	0.0	0.0	0.0	6.0	0.0	0.0	21.0	0.0	0.0	45.0	0.0	0.0	0.0	0.0	63.0	31.0	39.0	0.0	0.0	0.0	0.0	0.0	197.0	0.0	0.0	0.0	0.0	0.0	0.0	0.0	0.0	0.0	0.0	0.0	0.0	134.0	0.0	0.0	0.0	0.0	0.0	0.0	0.0	0.0	0.0	0.0	0.0	0.0	0.0	0.0	0.0	0.0	0.0	165.0	0.0	0.0	0.0	0.0	0.0	0.0	0.0	0.0	0.0	0.0	0.0	0.0	0.0	0.0	0.0	0.0	0.0	0.0	0.0	0.0	0.0	0.0	0.0	0.0	0.0	0.0	0.0	0.0	0.0	0.0	0.0	0.0	0.0	0.0	0.0	0.0	31.0	0.0	0.0	0.0	0.0	0.0	0.0	0.0	0.0	0.0	0.0	0.0	0.0	0.0	0.0	0.0	19.0	0.0	0.0	0.0	0.0	0.0	0.0	0.0	0.0	0.0	0.0	0.0	0.0	0.0	0.0	0.0	0.0	0.0	0.0	0.0	0.0	0.0	0.0	0.0	16.0	0.0	0.0	0.0	0.0	0.0	0.0	15.0	0.0	0.0	0.0	0.0	0.0	0.0	0.0	0.0	0.0	0.0	0.0	0.0	0.0	0.0	0.0	0.0	0.0	0.0	0.0	0.0	0.0	0.0	0.0	0.0	0.0	0.0	0.0	0.0	0.0	0.0	0.0	0.0	0.0	0.0	0.0	0.0	0.0	0.0	0.0	0.0	0.0	0.0	0.0	0.0	0.0	0.0	0.0	0.0	0.0	0.0	0.0	0.0	0.0
SRR11143389	75.0	0.0	203.0	0.0	525.0	1188.0	73.0	222.0	311.0	0.0	115.0	322.0	642.0	0.0	698.0	129.0	74.0	125.0	46.0	16.0	0.0	26.0	0.0	91.0	111.0	0.0	212.0	0.0	0.0	0.0	92.0	148.0	37.0	29.0	198.0	0.0	0.0	0.0	162.0	0.0	0.0	324.0	0.0	145.0	0.0	133.0	320.0	255.0	0.0	0.0	0.0	0.0	0.0	0.0	117.0	145.0	239.0	266.0	0.0	0.0	0.0	0.0	0.0	0.0	0.0	0.0	0.0	0.0	606.0	107.0	73.0	145.0	35.0	0.0	0.0	148.0	727.0	0.0	62.0	184.0	0.0	0.0	0.0	0.0	490.0	0.0	0.0	0.0	0.0	0.0	102.0	0.0	133.0	0.0	0.0	0.0	32.0	75.0	151.0	0.0	148.0	0.0	0.0	0.0	0.0	0.0	289.0	0.0	185.0	155.0	38.0	0.0	0.0	0.0	0.0	51.0	0.0	27.0	0.0	0.0	0.0	0.0	23.0	0.0	0.0	0.0	0.0	0.0	60.0	0.0	0.0	0.0	0.0	34.0	0.0	0.0	0.0	0.0	0.0	0.0	0.0	31.0	0.0	0.0	0.0	0.0	0.0	0.0	31.0	0.0	0.0	0.0	0.0	0.0	0.0	0.0	0.0	0.0	0.0	0.0	0.0	0.0	0.0	0.0	0.0	0.0	0.0	0.0	0.0	0.0	0.0	0.0	109.0	0.0	0.0	0.0	0.0	0.0	67.0	0.0	0.0	0.0	0.0	0.0	0.0	0.0	0.0	0.0	0.0	0.0	0.0	0.0	0.0	0.0	0.0	0.0	0.0	0.0	0.0	0.0	0.0	0.0	0.0	0.0	0.0	0.0	0.0	0.0	0.0	0.0	0.0	0.0	0.0	0.0	0.0	0.0	0.0	0.0	0.0	0.0	55.0	0.0	0.0	0.0	0.0	0.0	0.0	0.0	19.0	0.0	0.0	0.0	0.0	0.0	0.0	0.0	0.0	0.0	0.0	0.0	0.0	0.0	0.0	0.0	0.0	0.0	0.0	0.0	0.0	0.0	0.0	0.0	0.0	0.0	0.0	0.0	0.0	0.0	0.0	0.0	0.0	0.0	0.0	0.0	0.0	0.0	0.0	0.0	0.0	0.0	0.0	0.0	58.0	0.0	0.0	0.0	0.0	0.0	0.0	0.0	0.0	0.0	0.0	0.0	0.0	0.0	0.0	0.0	0.0	0.0	0.0	0.0	0.0	0.0	0.0	0.0	0.0	0.0	0.0	0.0	0.0	0.0	0.0	0.0	0.0	0.0	0.0	0.0	0.0	0.0
SRR11143392	0.0	0.0	450.0	0.0	1381.0	715.0	0.0	187.0	168.0	0.0	15.0	300.0	449.0	0.0	839.0	0.0	74.0	0.0	0.0	0.0	0.0	66.0	0.0	0.0	154.0	0.0	0.0	0.0	0.0	0.0	0.0	104.0	143.0	0.0	0.0	0.0	0.0	0.0	58.0	0.0	0.0	253.0	0.0	545.0	144.0	355.0	94.0	1214.0	0.0	30.0	0.0	0.0	0.0	0.0	40.0	87.0	124.0	0.0	0.0	0.0	0.0	0.0	0.0	0.0	0.0	108.0	0.0	0.0	1054.0	68.0	150.0	16.0	154.0	0.0	0.0	0.0	1102.0	0.0	0.0	65.0	0.0	0.0	91.0	0.0	0.0	0.0	0.0	0.0	0.0	0.0	0.0	0.0	6.0	0.0	0.0	0.0	0.0	0.0	0.0	0.0	61.0	188.0	0.0	0.0	0.0	0.0	243.0	156.0	0.0	186.0	0.0	0.0	0.0	0.0	0.0	0.0	0.0	37.0	0.0	0.0	0.0	74.0	0.0	0.0	474.0	0.0	0.0	0.0	146.0	0.0	20.0	0.0	0.0	179.0	0.0	0.0	0.0	0.0	0.0	0.0	0.0	0.0	0.0	0.0	0.0	0.0	0.0	0.0	0.0	0.0	0.0	92.0	0.0	0.0	126.0	0.0	0.0	0.0	0.0	0.0	0.0	0.0	0.0	0.0	0.0	0.0	0.0	0.0	0.0	0.0	0.0	0.0	0.0	0.0	0.0	0.0	0.0	0.0	0.0	0.0	0.0	0.0	0.0	0.0	0.0	0.0	0.0	0.0	0.0	0.0	0.0	0.0	0.0	0.0	0.0	0.0	0.0	0.0	0.0	0.0	0.0	0.0	0.0	0.0	0.0	0.0	0.0	0.0	0.0	0.0	0.0	0.0	0.0	0.0	0.0	0.0	0.0	0.0	0.0	0.0	0.0	0.0	0.0	0.0	0.0	0.0	0.0	0.0	0.0	6.0	0.0	0.0	0.0	0.0	0.0	0.0	0.0	0.0	0.0	0.0	0.0	0.0	0.0	0.0	0.0	0.0	0.0	0.0	0.0	0.0	0.0	0.0	0.0	0.0	0.0	0.0	0.0	0.0	0.0	78.0	0.0	0.0	0.0	0.0	0.0	0.0	0.0	0.0	0.0	0.0	0.0	0.0	0.0	0.0	0.0	0.0	0.0	0.0	0.0	0.0	0.0	0.0	0.0	0.0	0.0	0.0	0.0	0.0	0.0	0.0	0.0	0.0	0.0	0.0	0.0	0.0	0.0	0.0	0.0	0.0	0.0	0.0	0.0	0.0	0.0	0.0	0.0	0.0	0.0	0.0
SRR11143396	84.0	0.0	307.0	0.0	1338.0	966.0	76.0	304.0	271.0	0.0	43.0	434.0	584.0	0.0	284.0	22.0	0.0	69.0	0.0	26.0	0.0	0.0	0.0	0.0	250.0	0.0	0.0	0.0	0.0	0.0	69.0	75.0	0.0	0.0	0.0	0.0	0.0	12.0	85.0	0.0	0.0	196.0	0.0	307.0	0.0	242.0	241.0	962.0	0.0	48.0	0.0	0.0	0.0	0.0	17.0	112.0	131.0	205.0	0.0	0.0	29.0	33.0	0.0	0.0	0.0	164.0	0.0	0.0	427.0	209.0	62.0	134.0	95.0	0.0	0.0	0.0	1039.0	0.0	61.0	45.0	0.0	0.0	50.0	0.0	0.0	66.0	0.0	0.0	0.0	0.0	41.0	0.0	29.0	0.0	0.0	0.0	0.0	0.0	146.0	0.0	0.0	195.0	0.0	0.0	0.0	0.0	347.0	0.0	0.0	116.0	21.0	0.0	0.0	0.0	0.0	41.0	0.0	80.0	0.0	0.0	0.0	15.0	0.0	0.0	193.0	0.0	0.0	0.0	64.0	0.0	42.0	0.0	0.0	159.0	0.0	0.0	0.0	0.0	0.0	0.0	0.0	0.0	0.0	0.0	0.0	0.0	0.0	0.0	0.0	0.0	0.0	0.0	0.0	0.0	0.0	0.0	0.0	0.0	0.0	0.0	0.0	0.0	0.0	0.0	0.0	0.0	0.0	0.0	0.0	0.0	0.0	0.0	105.0	0.0	0.0	0.0	0.0	0.0	0.0	0.0	0.0	0.0	0.0	0.0	0.0	0.0	0.0	0.0	0.0	0.0	0.0	0.0	0.0	0.0	0.0	0.0	0.0	0.0	0.0	0.0	0.0	0.0	0.0	0.0	0.0	0.0	0.0	0.0	0.0	0.0	0.0	0.0	0.0	0.0	0.0	0.0	0.0	0.0	0.0	0.0	17.0	0.0	0.0	0.0	0.0	0.0	0.0	0.0	0.0	0.0	0.0	0.0	0.0	0.0	0.0	0.0	0.0	0.0	0.0	0.0	0.0	0.0	0.0	0.0	0.0	0.0	0.0	0.0	0.0	0.0	0.0	0.0	0.0	0.0	0.0	0.0	0.0	0.0	0.0	0.0	0.0	0.0	0.0	0.0	0.0	0.0	0.0	0.0	0.0	0.0	0.0	0.0	0.0	0.0	0.0	0.0	0.0	0.0	0.0	0.0	0.0	0.0	0.0	0.0	0.0	0.0	0.0	0.0	0.0	0.0	0.0	0.0	0.0	0.0	0.0	0.0	0.0	0.0	0.0	0.0	0.0	0.0	0.0	0.0	0.0	0.0	0.0	0.0	0.0	0.0
SRR11143398	756.0	269.0	106.0	349.0	86.0	1178.0	209.0	91.0	429.0	0.0	747.0	283.0	675.0	378.0	474.0	116.0	130.0	83.0	196.0	22.0	827.0	288.0	63.0	1381.0	212.0	0.0	307.0	300.0	0.0	0.0	524.0	317.0	401.0	185.0	354.0	0.0	0.0	0.0	519.0	421.0	31.0	187.0	23.0	375.0	23.0	0.0	30.0	47.0	94.0	82.0	39.0	27.0	0.0	102.0	303.0	0.0	144.0	0.0	0.0	0.0	0.0	103.0	0.0	0.0	0.0	215.0	259.0	158.0	0.0	0.0	36.0	35.0	0.0	26.0	0.0	0.0	256.0	39.0	0.0	42.0	0.0	0.0	0.0	0.0	377.0	109.0	0.0	0.0	26.0	0.0	106.0	0.0	0.0	0.0	66.0	26.0	28.0	73.0	18.0	0.0	0.0	41.0	144.0	0.0	0.0	0.0	0.0	36.0	0.0	160.0	0.0	93.0	0.0	0.0	0.0	207.0	0.0	65.0	0.0	63.0	0.0	0.0	23.0	0.0	250.0	29.0	0.0	0.0	244.0	0.0	34.0	0.0	0.0	0.0	0.0	0.0	0.0	155.0	0.0	0.0	0.0	0.0	0.0	0.0	0.0	0.0	0.0	47.0	0.0	0.0	0.0	17.0	0.0	0.0	0.0	0.0	103.0	0.0	0.0	0.0	0.0	15.0	0.0	0.0	0.0	0.0	0.0	0.0	0.0	0.0	0.0	0.0	0.0	0.0	18.0	0.0	0.0	141.0	0.0	0.0	0.0	0.0	0.0	0.0	41.0	0.0	0.0	0.0	0.0	0.0	0.0	0.0	0.0	0.0	0.0	0.0	0.0	0.0	0.0	0.0	0.0	0.0	0.0	0.0	0.0	0.0	0.0	0.0	0.0	0.0	0.0	0.0	0.0	0.0	0.0	0.0	0.0	0.0	0.0	5.0	0.0	0.0	0.0	0.0	0.0	0.0	0.0	0.0	0.0	0.0	0.0	0.0	0.0	0.0	0.0	0.0	0.0	0.0	0.0	0.0	0.0	0.0	0.0	0.0	0.0	0.0	0.0	0.0	0.0	0.0	0.0	0.0	0.0	0.0	0.0	0.0	0.0	0.0	0.0	0.0	0.0	0.0	0.0	0.0	0.0	0.0	0.0	0.0	0.0	0.0	0.0	0.0	0.0	0.0	0.0	0.0	0.0	0.0	0.0	0.0	0.0	0.0	0.0	0.0	0.0	0.0	0.0	0.0	0.0	0.0	0.0	0.0	0.0	0.0	0.0	0.0	0.0	0.0	0.0	0.0	0.0	0.0	0.0	0.0	0.0	0.0	0.0	0.0	0.0	0.0
SRR11143400	589.0	548.0	200.0	465.0	305.0	2486.0	489.0	116.0	732.0	0.0	1193.0	523.0	981.0	131.0	556.0	0.0	127.0	137.0	1063.0	59.0	1366.0	790.0	81.0	1834.0	291.0	107.0	406.0	317.0	130.0	0.0	367.0	123.0	325.0	140.0	560.0	0.0	41.0	0.0	1000.0	294.0	168.0	593.0	75.0	846.0	115.0	184.0	83.0	216.0	102.0	0.0	52.0	0.0	28.0	123.0	455.0	36.0	374.0	93.0	0.0	0.0	303.0	98.0	0.0	39.0	0.0	97.0	691.0	386.0	0.0	0.0	0.0	111.0	0.0	44.0	43.0	38.0	420.0	67.0	0.0	220.0	0.0	0.0	66.0	48.0	64.0	0.0	0.0	6.0	0.0	0.0	71.0	0.0	199.0	0.0	47.0	66.0	39.0	98.0	108.0	0.0	0.0	380.0	263.0	26.0	125.0	0.0	0.0	72.0	0.0	307.0	0.0	72.0	34.0	0.0	0.0	170.0	0.0	66.0	59.0	13.0	64.0	0.0	306.0	0.0	129.0	0.0	0.0	0.0	211.0	0.0	108.0	0.0	0.0	0.0	36.0	0.0	0.0	0.0	0.0	0.0	0.0	0.0	24.0	0.0	0.0	0.0	42.0	90.0	0.0	0.0	0.0	61.0	0.0	0.0	0.0	0.0	109.0	0.0	0.0	0.0	0.0	58.0	0.0	0.0	0.0	0.0	0.0	0.0	0.0	0.0	0.0	0.0	0.0	0.0	0.0	0.0	0.0	155.0	0.0	0.0	0.0	0.0	0.0	0.0	0.0	0.0	0.0	0.0	42.0	0.0	0.0	0.0	0.0	0.0	0.0	0.0	0.0	0.0	0.0	0.0	0.0	0.0	0.0	0.0	0.0	37.0	0.0	12.0	0.0	0.0	26.0	0.0	0.0	0.0	0.0	0.0	0.0	0.0	0.0	0.0	0.0	0.0	0.0	0.0	0.0	0.0	0.0	0.0	9.0	21.0	0.0	0.0	0.0	0.0	0.0	0.0	0.0	0.0	0.0	0.0	0.0	0.0	0.0	0.0	0.0	0.0	0.0	0.0	0.0	0.0	0.0	0.0	0.0	0.0	0.0	0.0	0.0	0.0	0.0	0.0	0.0	0.0	0.0	0.0	0.0	0.0	0.0	0.0	0.0	0.0	0.0	0.0	0.0	0.0	0.0	0.0	0.0	0.0	41.0	0.0	0.0	0.0	0.0	0.0	0.0	0.0	0.0	0.0	0.0	0.0	0.0	0.0	0.0	0.0	0.0	0.0	0.0	0.0	0.0	0.0	0.0	0.0	0.0	0.0	0.0	0.0	0.0	0.0	0.0	0.0
SRR11143402	766.0	778.0	176.0	595.0	254.0	2840.0	604.0	130.0	659.0	0.0	1361.0	345.0	823.0	179.0	768.0	65.0	37.0	0.0	895.0	0.0	1638.0	1045.0	151.0	1953.0	304.0	122.0	405.0	492.0	0.0	0.0	673.0	148.0	820.0	468.0	574.0	0.0	0.0	24.0	679.0	439.0	196.0	248.0	110.0	801.0	116.0	144.0	44.0	176.0	145.0	127.0	88.0	61.0	0.0	150.0	279.0	52.0	499.0	163.0	0.0	0.0	236.0	183.0	0.0	91.0	0.0	163.0	514.0	255.0	377.0	0.0	216.0	159.0	0.0	57.0	20.0	35.0	369.0	109.0	0.0	265.0	0.0	0.0	246.0	67.0	297.0	61.0	0.0	11.0	59.0	51.0	395.0	11.0	50.0	0.0	98.0	0.0	267.0	79.0	191.0	22.0	118.0	457.0	266.0	0.0	133.0	0.0	26.0	85.0	53.0	315.0	0.0	123.0	0.0	0.0	0.0	246.0	0.0	70.0	64.0	18.0	0.0	0.0	235.0	0.0	322.0	0.0	30.0	0.0	172.0	0.0	108.0	0.0	0.0	0.0	44.0	62.0	0.0	200.0	0.0	0.0	0.0	0.0	13.0	0.0	0.0	0.0	164.0	166.0	73.0	0.0	0.0	59.0	0.0	0.0	0.0	0.0	65.0	18.0	0.0	0.0	59.0	32.0	23.0	44.0	0.0	0.0	0.0	0.0	17.0	0.0	0.0	0.0	119.0	0.0	37.0	0.0	0.0	114.0	0.0	0.0	22.0	0.0	16.0	0.0	0.0	0.0	0.0	0.0	0.0	0.0	0.0	0.0	95.0	0.0	0.0	42.0	0.0	0.0	0.0	0.0	37.0	0.0	0.0	64.0	0.0	35.0	0.0	0.0	0.0	0.0	28.0	0.0	0.0	0.0	0.0	0.0	0.0	0.0	0.0	0.0	0.0	0.0	0.0	0.0	0.0	0.0	0.0	0.0	0.0	21.0	0.0	0.0	0.0	0.0	0.0	0.0	0.0	0.0	0.0	0.0	0.0	0.0	0.0	0.0	0.0	0.0	0.0	0.0	0.0	0.0	0.0	0.0	0.0	0.0	0.0	0.0	0.0	0.0	0.0	0.0	0.0	0.0	0.0	0.0	0.0	0.0	0.0	0.0	0.0	0.0	0.0	0.0	0.0	0.0	0.0	0.0	0.0	0.0	0.0	0.0	0.0	0.0	0.0	0.0	0.0	0.0	0.0	0.0	0.0	0.0	0.0	0.0	0.0	0.0	0.0	0.0	0.0	0.0	0.0	0.0	0.0	0.0	0.0	0.0	0.0	0.0	0.0	0.0	0.0	0.0
SRR11143405	499.0	247.0	128.0	327.0	223.0	772.0	282.0	68.0	394.0	0.0	560.0	292.0	327.0	92.0	350.0	0.0	177.0	98.0	232.0	0.0	829.0	174.0	84.0	1209.0	90.0	0.0	433.0	346.0	38.0	0.0	768.0	216.0	355.0	97.0	500.0	0.0	0.0	0.0	409.0	327.0	0.0	202.0	15.0	289.0	39.0	84.0	0.0	73.0	0.0	0.0	58.0	20.0	54.0	112.0	339.0	0.0	69.0	0.0	0.0	0.0	84.0	30.0	0.0	40.0	0.0	196.0	232.0	152.0	300.0	0.0	0.0	24.0	0.0	50.0	0.0	0.0	365.0	0.0	0.0	102.0	0.0	0.0	119.0	32.0	361.0	41.0	0.0	0.0	0.0	0.0	0.0	0.0	0.0	0.0	59.0	0.0	0.0	177.0	19.0	0.0	90.0	74.0	87.0	10.0	41.0	0.0	0.0	0.0	0.0	0.0	0.0	0.0	0.0	0.0	0.0	162.0	0.0	46.0	11.0	0.0	0.0	0.0	134.0	0.0	213.0	0.0	0.0	0.0	57.0	0.0	0.0	0.0	0.0	0.0	0.0	0.0	0.0	0.0	0.0	0.0	0.0	33.0	0.0	0.0	0.0	0.0	35.0	0.0	0.0	0.0	0.0	0.0	0.0	0.0	0.0	0.0	125.0	0.0	0.0	0.0	0.0	14.0	0.0	0.0	0.0	0.0	0.0	0.0	0.0	0.0	0.0	0.0	0.0	0.0	0.0	0.0	0.0	201.0	0.0	0.0	0.0	0.0	42.0	0.0	0.0	0.0	0.0	0.0	0.0	0.0	0.0	0.0	0.0	0.0	0.0	0.0	0.0	0.0	0.0	0.0	0.0	0.0	0.0	0.0	0.0	0.0	0.0	0.0	0.0	0.0	0.0	0.0	0.0	0.0	0.0	0.0	0.0	0.0	0.0	0.0	0.0	0.0	0.0	0.0	0.0	0.0	0.0	0.0	0.0	0.0	0.0	0.0	0.0	0.0	0.0	0.0	0.0	0.0	0.0	0.0	0.0	0.0	0.0	0.0	0.0	0.0	0.0	0.0	0.0	0.0	0.0	0.0	0.0	0.0	0.0	0.0	0.0	0.0	0.0	0.0	0.0	0.0	0.0	0.0	0.0	0.0	0.0	0.0	0.0	0.0	0.0	0.0	0.0	0.0	0.0	0.0	0.0	0.0	0.0	0.0	0.0	0.0	0.0	0.0	0.0	0.0	0.0	0.0	0.0	0.0	0.0	0.0	0.0	0.0	0.0	0.0	0.0	0.0	0.0	0.0	0.0	0.0	0.0	0.0	0.0	0.0	0.0	0.0	0.0	0.0
SRR11143407	832.0	989.0	206.0	572.0	562.0	1564.0	586.0	135.0	504.0	0.0	1183.0	209.0	750.0	400.0	584.0	72.0	56.0	0.0	234.0	18.0	1245.0	1439.0	77.0	1613.0	106.0	0.0	463.0	412.0	245.0	0.0	318.0	204.0	202.0	123.0	698.0	0.0	40.0	0.0	552.0	249.0	281.0	383.0	0.0	256.0	103.0	90.0	182.0	527.0	52.0	496.0	91.0	0.0	112.0	237.0	218.0	41.0	592.0	144.0	0.0	18.0	78.0	0.0	0.0	51.0	0.0	95.0	433.0	195.0	714.0	123.0	51.0	154.0	12.0	44.0	78.0	0.0	386.0	16.0	0.0	177.0	27.0	0.0	0.0	71.0	134.0	62.0	0.0	0.0	29.0	0.0	138.0	0.0	61.0	0.0	0.0	86.0	0.0	0.0	55.0	0.0	150.0	222.0	0.0	20.0	0.0	119.0	178.0	75.0	0.0	303.0	0.0	0.0	0.0	0.0	7.0	89.0	0.0	0.0	0.0	10.0	0.0	0.0	0.0	0.0	428.0	0.0	0.0	12.0	115.0	0.0	0.0	0.0	0.0	0.0	0.0	0.0	0.0	0.0	0.0	6.0	29.0	0.0	0.0	0.0	0.0	38.0	17.0	207.0	97.0	0.0	0.0	154.0	0.0	0.0	0.0	0.0	85.0	14.0	0.0	31.0	0.0	0.0	30.0	0.0	0.0	0.0	0.0	12.0	0.0	0.0	0.0	0.0	97.0	0.0	0.0	0.0	0.0	119.0	37.0	0.0	12.0	0.0	0.0	0.0	0.0	0.0	43.0	0.0	0.0	0.0	17.0	0.0	0.0	0.0	0.0	0.0	0.0	0.0	0.0	0.0	28.0	0.0	0.0	0.0	0.0	0.0	0.0	0.0	0.0	0.0	27.0	0.0	0.0	0.0	0.0	0.0	0.0	0.0	0.0	0.0	0.0	0.0	0.0	0.0	0.0	0.0	0.0	0.0	0.0	0.0	0.0	0.0	0.0	0.0	0.0	0.0	0.0	0.0	0.0	0.0	0.0	0.0	0.0	0.0	0.0	0.0	0.0	0.0	0.0	0.0	0.0	0.0	0.0	0.0	0.0	17.0	0.0	20.0	0.0	0.0	0.0	0.0	0.0	0.0	0.0	0.0	0.0	0.0	0.0	0.0	0.0	0.0	0.0	0.0	0.0	0.0	0.0	0.0	0.0	0.0	0.0	0.0	0.0	0.0	0.0	0.0	0.0	0.0	0.0	0.0	0.0	0.0	0.0	0.0	0.0	0.0	0.0	0.0	0.0	0.0	0.0	0.0	0.0	0.0	0.0	0.0	0.0	0.0	0.0	0.0
SRR11143409	831.0	326.0	268.0	203.0	555.0	1230.0	242.0	104.0	336.0	0.0	776.0	321.0	523.0	265.0	564.0	0.0	85.0	68.0	254.0	25.0	1174.0	1046.0	0.0	1507.0	83.0	0.0	353.0	421.0	135.0	0.0	291.0	103.0	99.0	197.0	601.0	0.0	0.0	0.0	366.0	304.0	87.0	125.0	27.0	549.0	41.0	191.0	159.0	566.0	45.0	166.0	56.0	21.0	52.0	0.0	414.0	63.0	253.0	95.0	0.0	0.0	75.0	9.0	0.0	77.0	0.0	93.0	244.0	221.0	701.0	92.0	33.0	197.0	0.0	0.0	104.0	120.0	332.0	13.0	0.0	87.0	0.0	0.0	152.0	0.0	172.0	0.0	0.0	0.0	0.0	57.0	95.0	0.0	26.0	0.0	41.0	28.0	0.0	0.0	42.0	0.0	138.0	155.0	0.0	0.0	0.0	154.0	0.0	38.0	0.0	55.0	0.0	0.0	24.0	0.0	0.0	123.0	0.0	48.0	0.0	0.0	0.0	0.0	9.0	0.0	154.0	0.0	0.0	0.0	84.0	0.0	0.0	0.0	0.0	0.0	0.0	17.0	0.0	0.0	0.0	0.0	0.0	0.0	0.0	0.0	0.0	0.0	82.0	55.0	0.0	0.0	0.0	0.0	0.0	0.0	0.0	0.0	24.0	0.0	0.0	0.0	0.0	0.0	0.0	0.0	0.0	0.0	0.0	13.0	0.0	0.0	0.0	0.0	0.0	0.0	11.0	0.0	0.0	109.0	0.0	0.0	0.0	0.0	0.0	0.0	0.0	0.0	0.0	0.0	28.0	0.0	21.0	0.0	0.0	0.0	0.0	0.0	0.0	0.0	0.0	0.0	15.0	0.0	0.0	0.0	0.0	0.0	31.0	0.0	0.0	0.0	27.0	0.0	0.0	0.0	0.0	0.0	0.0	0.0	0.0	0.0	0.0	0.0	0.0	0.0	0.0	0.0	0.0	0.0	0.0	0.0	0.0	0.0	0.0	0.0	0.0	0.0	0.0	0.0	0.0	0.0	0.0	0.0	0.0	0.0	0.0	0.0	0.0	0.0	0.0	0.0	0.0	0.0	0.0	0.0	0.0	0.0	0.0	0.0	0.0	0.0	0.0	0.0	0.0	0.0	0.0	0.0	0.0	0.0	0.0	0.0	0.0	0.0	0.0	0.0	0.0	0.0	0.0	0.0	0.0	0.0	0.0	0.0	0.0	0.0	0.0	0.0	0.0	0.0	0.0	0.0	0.0	0.0	0.0	0.0	0.0	0.0	0.0	0.0	0.0	0.0	0.0	0.0	0.0	0.0	0.0	0.0	0.0	0.0	0.0	0.0
SRR11143411	781.0	450.0	147.0	275.0	568.0	1320.0	493.0	97.0	404.0	0.0	901.0	166.0	637.0	380.0	436.0	63.0	38.0	0.0	144.0	19.0	1680.0	762.0	76.0	1343.0	92.0	0.0	476.0	322.0	201.0	0.0	306.0	141.0	167.0	50.0	547.0	0.0	0.0	0.0	437.0	253.0	180.0	300.0	32.0	528.0	50.0	90.0	0.0	485.0	0.0	220.0	41.0	20.0	57.0	210.0	342.0	65.0	350.0	113.0	0.0	0.0	71.0	0.0	0.0	48.0	0.0	301.0	360.0	227.0	734.0	0.0	0.0	229.0	47.0	0.0	133.0	44.0	510.0	0.0	44.0	132.0	0.0	0.0	127.0	21.0	70.0	0.0	0.0	0.0	27.0	128.0	389.0	0.0	0.0	0.0	37.0	0.0	0.0	0.0	24.0	0.0	181.0	197.0	0.0	0.0	42.0	132.0	39.0	46.0	0.0	0.0	0.0	0.0	29.0	0.0	0.0	82.0	0.0	25.0	12.0	0.0	22.0	0.0	0.0	49.0	203.0	0.0	0.0	0.0	173.0	0.0	0.0	0.0	0.0	0.0	0.0	0.0	0.0	109.0	0.0	0.0	0.0	0.0	0.0	0.0	0.0	0.0	60.0	121.0	0.0	0.0	0.0	69.0	0.0	0.0	0.0	0.0	182.0	0.0	0.0	0.0	0.0	0.0	0.0	0.0	0.0	0.0	0.0	0.0	0.0	0.0	0.0	0.0	82.0	0.0	13.0	0.0	0.0	47.0	0.0	0.0	20.0	0.0	0.0	0.0	0.0	0.0	0.0	0.0	0.0	0.0	0.0	0.0	0.0	0.0	0.0	0.0	0.0	0.0	0.0	0.0	0.0	0.0	0.0	0.0	0.0	0.0	27.0	0.0	0.0	0.0	26.0	0.0	0.0	0.0	0.0	0.0	0.0	0.0	0.0	0.0	0.0	0.0	0.0	0.0	0.0	0.0	0.0	0.0	0.0	7.0	0.0	0.0	0.0	0.0	0.0	0.0	0.0	0.0	0.0	0.0	0.0	0.0	0.0	0.0	0.0	0.0	0.0	0.0	0.0	0.0	0.0	0.0	0.0	0.0	0.0	0.0	0.0	0.0	0.0	0.0	0.0	0.0	0.0	0.0	0.0	0.0	0.0	0.0	0.0	0.0	0.0	0.0	0.0	0.0	0.0	0.0	0.0	0.0	0.0	0.0	0.0	0.0	0.0	0.0	0.0	0.0	0.0	0.0	0.0	0.0	0.0	0.0	0.0	0.0	0.0	0.0	0.0	0.0	0.0	0.0	0.0	0.0	0.0	0.0	0.0	0.0	0.0	0.0	0.0	0.0
SRR11143413	836.0	558.0	121.0	451.0	733.0	1323.0	675.0	108.0	289.0	0.0	845.0	252.0	685.0	248.0	549.0	0.0	55.0	0.0	92.0	0.0	1720.0	629.0	91.0	1315.0	93.0	0.0	361.0	0.0	156.0	0.0	175.0	116.0	48.0	38.0	557.0	0.0	0.0	0.0	497.0	311.0	89.0	279.0	32.0	182.0	52.0	107.0	25.0	419.0	0.0	358.0	45.0	8.0	0.0	107.0	219.0	0.0	374.0	121.0	42.0	0.0	80.0	13.0	0.0	91.0	0.0	240.0	254.0	239.0	347.0	26.0	0.0	163.0	33.0	0.0	81.0	45.0	423.0	0.0	0.0	201.0	0.0	0.0	30.0	0.0	171.0	0.0	0.0	0.0	0.0	79.0	157.0	0.0	0.0	0.0	24.0	0.0	0.0	0.0	80.0	0.0	106.0	40.0	14.0	0.0	35.0	121.0	79.0	0.0	0.0	111.0	0.0	0.0	0.0	0.0	0.0	110.0	0.0	24.0	0.0	0.0	0.0	12.0	0.0	59.0	248.0	44.0	0.0	0.0	103.0	0.0	0.0	0.0	0.0	0.0	0.0	0.0	0.0	0.0	0.0	0.0	0.0	0.0	0.0	0.0	0.0	0.0	52.0	73.0	0.0	0.0	0.0	104.0	0.0	0.0	0.0	0.0	0.0	0.0	0.0	0.0	0.0	0.0	0.0	0.0	0.0	0.0	0.0	0.0	0.0	0.0	6.0	17.0	59.0	0.0	0.0	0.0	0.0	60.0	0.0	0.0	17.0	0.0	8.0	0.0	0.0	0.0	0.0	0.0	0.0	0.0	15.0	0.0	0.0	0.0	9.0	0.0	0.0	0.0	0.0	0.0	0.0	0.0	0.0	0.0	0.0	0.0	0.0	0.0	0.0	0.0	20.0	0.0	0.0	0.0	0.0	0.0	0.0	0.0	0.0	0.0	0.0	0.0	0.0	0.0	0.0	0.0	0.0	0.0	0.0	0.0	0.0	0.0	0.0	0.0	0.0	0.0	0.0	0.0	0.0	0.0	0.0	0.0	0.0	0.0	0.0	0.0	0.0	0.0	0.0	0.0	0.0	0.0	0.0	0.0	0.0	0.0	0.0	0.0	0.0	0.0	0.0	0.0	0.0	0.0	0.0	0.0	0.0	0.0	0.0	0.0	0.0	0.0	0.0	0.0	0.0	0.0	0.0	0.0	0.0	0.0	0.0	0.0	0.0	0.0	0.0	0.0	0.0	0.0	0.0	0.0	0.0	0.0	0.0	0.0	0.0	0.0	0.0	0.0	0.0	0.0	0.0	0.0	0.0	0.0	0.0	0.0	0.0	0.0	0.0	0.0
SRR11143416	486.0	336.0	294.0	307.0	762.0	1407.0	431.0	190.0	439.0	0.0	777.0	144.0	641.0	257.0	552.0	0.0	101.0	95.0	72.0	0.0	1696.0	637.0	89.0	1321.0	0.0	0.0	194.0	260.0	135.0	0.0	366.0	177.0	258.0	115.0	593.0	0.0	0.0	0.0	417.0	291.0	0.0	132.0	0.0	257.0	71.0	71.0	30.0	306.0	0.0	265.0	22.0	0.0	0.0	94.0	473.0	0.0	190.0	0.0	0.0	0.0	44.0	9.0	0.0	76.0	0.0	186.0	275.0	365.0	454.0	33.0	88.0	67.0	31.0	66.0	0.0	0.0	348.0	0.0	0.0	0.0	0.0	0.0	93.0	28.0	237.0	0.0	0.0	0.0	0.0	0.0	142.0	0.0	0.0	4.0	49.0	0.0	0.0	0.0	48.0	0.0	112.0	195.0	0.0	0.0	44.0	93.0	0.0	43.0	0.0	83.0	0.0	0.0	39.0	0.0	0.0	0.0	6.0	27.0	0.0	1.0	0.0	0.0	0.0	0.0	244.0	0.0	0.0	0.0	52.0	0.0	0.0	0.0	0.0	0.0	0.0	0.0	0.0	0.0	0.0	0.0	0.0	0.0	0.0	0.0	0.0	27.0	0.0	69.0	0.0	0.0	0.0	48.0	0.0	0.0	0.0	0.0	69.0	0.0	0.0	0.0	0.0	15.0	0.0	0.0	0.0	0.0	0.0	0.0	15.0	0.0	0.0	15.0	0.0	0.0	0.0	0.0	0.0	90.0	0.0	0.0	0.0	0.0	0.0	0.0	0.0	0.0	0.0	0.0	45.0	0.0	0.0	0.0	0.0	0.0	0.0	0.0	0.0	0.0	0.0	0.0	0.0	0.0	0.0	0.0	0.0	0.0	0.0	0.0	0.0	0.0	30.0	0.0	0.0	0.0	0.0	0.0	0.0	0.0	0.0	0.0	0.0	0.0	0.0	0.0	0.0	0.0	0.0	0.0	0.0	0.0	0.0	0.0	0.0	0.0	16.0	0.0	0.0	0.0	0.0	0.0	0.0	0.0	0.0	0.0	0.0	0.0	0.0	0.0	0.0	0.0	0.0	0.0	0.0	0.0	0.0	0.0	0.0	0.0	0.0	0.0	0.0	0.0	0.0	0.0	0.0	0.0	0.0	0.0	0.0	0.0	0.0	0.0	0.0	0.0	0.0	0.0	0.0	0.0	0.0	0.0	0.0	0.0	0.0	0.0	0.0	0.0	0.0	0.0	0.0	0.0	0.0	0.0	0.0	0.0	0.0	0.0	0.0	0.0	0.0	0.0	0.0	0.0	0.0	0.0	0.0	0.0	0.0	0.0	0.0	0.0
SRR11143418	783.0	197.0	208.0	63.0	702.0	951.0	469.0	422.0	241.0	0.0	327.0	436.0	475.0	101.0	548.0	0.0	62.0	0.0	156.0	0.0	715.0	610.0	0.0	627.0	74.0	0.0	148.0	18.0	61.0	0.0	234.0	215.0	123.0	0.0	159.0	0.0	0.0	0.0	348.0	279.0	56.0	40.0	0.0	888.0	0.0	108.0	35.0	534.0	0.0	135.0	16.0	0.0	0.0	81.0	436.0	52.0	244.0	0.0	216.0	0.0	49.0	0.0	0.0	0.0	0.0	122.0	0.0	220.0	260.0	37.0	0.0	94.0	87.0	0.0	61.0	0.0	257.0	0.0	59.0	97.0	0.0	0.0	103.0	11.0	23.0	0.0	0.0	0.0	0.0	0.0	173.0	0.0	45.0	0.0	0.0	0.0	0.0	0.0	0.0	0.0	173.0	159.0	0.0	0.0	25.0	106.0	0.0	49.0	0.0	0.0	0.0	0.0	0.0	0.0	0.0	0.0	0.0	22.0	9.0	2.0	0.0	0.0	31.0	0.0	132.0	0.0	0.0	0.0	35.0	0.0	0.0	0.0	0.0	18.0	0.0	0.0	0.0	0.0	0.0	0.0	0.0	61.0	0.0	0.0	0.0	0.0	105.0	33.0	0.0	0.0	0.0	125.0	0.0	0.0	0.0	0.0	64.0	0.0	0.0	0.0	0.0	0.0	0.0	0.0	0.0	0.0	0.0	0.0	0.0	0.0	0.0	0.0	0.0	0.0	0.0	0.0	0.0	0.0	0.0	0.0	0.0	0.0	0.0	0.0	0.0	0.0	0.0	0.0	0.0	0.0	0.0	0.0	0.0	0.0	19.0	0.0	0.0	0.0	0.0	0.0	0.0	0.0	0.0	0.0	0.0	0.0	0.0	0.0	0.0	0.0	0.0	0.0	0.0	0.0	0.0	0.0	0.0	0.0	0.0	0.0	0.0	0.0	0.0	0.0	0.0	0.0	0.0	0.0	0.0	0.0	0.0	0.0	0.0	0.0	0.0	0.0	0.0	0.0	0.0	0.0	0.0	0.0	0.0	0.0	0.0	0.0	0.0	0.0	0.0	0.0	0.0	0.0	0.0	0.0	0.0	0.0	0.0	0.0	0.0	0.0	0.0	0.0	0.0	0.0	0.0	0.0	0.0	0.0	0.0	0.0	0.0	0.0	0.0	0.0	0.0	0.0	0.0	0.0	0.0	0.0	0.0	0.0	0.0	0.0	0.0	0.0	0.0	0.0	0.0	0.0	0.0	0.0	0.0	0.0	0.0	0.0	0.0	0.0	0.0	0.0	0.0	0.0	0.0	0.0	0.0	0.0	0.0	0.0	0.0	0.0
SRR11143419	415.0	157.0	103.0	88.0	814.0	1501.0	513.0	116.0	386.0	0.0	264.0	346.0	399.0	222.0	316.0	0.0	126.0	56.0	283.0	0.0	589.0	394.0	0.0	1251.0	83.0	53.0	193.0	63.0	0.0	0.0	78.0	223.0	215.0	22.0	144.0	0.0	0.0	74.0	417.0	390.0	63.0	130.0	12.0	942.0	19.0	167.0	59.0	992.0	0.0	0.0	0.0	0.0	0.0	121.0	263.0	36.0	177.0	0.0	0.0	0.0	392.0	26.0	0.0	78.0	0.0	42.0	213.0	342.0	368.0	36.0	0.0	103.0	19.0	0.0	53.0	39.0	315.0	0.0	0.0	87.0	0.0	0.0	82.0	34.0	193.0	0.0	0.0	0.0	0.0	0.0	209.0	0.0	0.0	0.0	0.0	0.0	0.0	101.0	0.0	0.0	146.0	355.0	0.0	0.0	0.0	0.0	0.0	20.0	0.0	0.0	0.0	0.0	0.0	0.0	0.0	236.0	0.0	0.0	9.0	16.0	11.0	0.0	66.0	0.0	482.0	41.0	0.0	0.0	54.0	0.0	0.0	0.0	0.0	124.0	0.0	0.0	0.0	0.0	0.0	0.0	0.0	0.0	0.0	0.0	0.0	0.0	187.0	42.0	0.0	0.0	0.0	38.0	0.0	0.0	0.0	0.0	91.0	0.0	0.0	0.0	0.0	0.0	0.0	0.0	0.0	0.0	0.0	0.0	0.0	0.0	0.0	0.0	0.0	0.0	11.0	0.0	0.0	0.0	0.0	0.0	0.0	0.0	0.0	0.0	0.0	0.0	0.0	0.0	0.0	0.0	0.0	0.0	0.0	0.0	0.0	0.0	0.0	0.0	0.0	0.0	0.0	0.0	0.0	0.0	0.0	0.0	24.0	0.0	0.0	0.0	0.0	0.0	0.0	0.0	0.0	0.0	0.0	0.0	0.0	0.0	0.0	0.0	0.0	0.0	0.0	46.0	0.0	0.0	0.0	0.0	0.0	0.0	0.0	0.0	0.0	0.0	0.0	0.0	0.0	0.0	0.0	0.0	0.0	0.0	0.0	0.0	0.0	0.0	0.0	0.0	0.0	0.0	0.0	0.0	0.0	0.0	0.0	0.0	0.0	0.0	0.0	0.0	0.0	0.0	0.0	0.0	0.0	0.0	0.0	0.0	0.0	0.0	0.0	0.0	0.0	0.0	0.0	0.0	0.0	0.0	0.0	0.0	0.0	0.0	0.0	0.0	0.0	0.0	0.0	0.0	0.0	0.0	0.0	0.0	0.0	0.0	0.0	0.0	0.0	0.0	0.0	0.0	0.0	0.0	0.0	0.0	0.0	0.0	0.0	0.0
SRR11143420	697.0	244.0	272.0	41.0	985.0	904.0	214.0	148.0	245.0	0.0	402.0	239.0	596.0	39.0	469.0	0.0	64.0	0.0	23.0	0.0	831.0	314.0	0.0	1130.0	44.0	0.0	251.0	66.0	81.0	0.0	254.0	264.0	19.0	30.0	243.0	0.0	0.0	0.0	264.0	263.0	0.0	141.0	0.0	635.0	55.0	98.0	8.0	599.0	0.0	119.0	23.0	0.0	11.0	129.0	223.0	39.0	146.0	26.0	0.0	0.0	53.0	0.0	0.0	0.0	0.0	231.0	138.0	230.0	329.0	72.0	102.0	46.0	38.0	0.0	120.0	0.0	174.0	0.0	0.0	0.0	0.0	0.0	57.0	0.0	0.0	0.0	0.0	0.0	0.0	58.0	175.0	0.0	101.0	0.0	0.0	0.0	0.0	0.0	27.0	0.0	152.0	71.0	0.0	0.0	33.0	0.0	0.0	0.0	0.0	0.0	0.0	0.0	0.0	0.0	0.0	0.0	0.0	0.0	0.0	0.0	0.0	0.0	0.0	0.0	214.0	0.0	0.0	0.0	63.0	0.0	0.0	0.0	0.0	0.0	0.0	0.0	0.0	0.0	0.0	0.0	0.0	25.0	0.0	0.0	0.0	0.0	109.0	0.0	76.0	0.0	0.0	86.0	0.0	0.0	0.0	0.0	20.0	4.0	0.0	0.0	0.0	0.0	0.0	0.0	0.0	0.0	0.0	0.0	0.0	0.0	0.0	0.0	0.0	0.0	0.0	0.0	0.0	0.0	36.0	0.0	0.0	0.0	0.0	0.0	0.0	0.0	0.0	0.0	0.0	0.0	14.0	0.0	0.0	0.0	17.0	0.0	0.0	0.0	0.0	0.0	0.0	0.0	0.0	0.0	0.0	0.0	0.0	0.0	0.0	0.0	0.0	0.0	0.0	0.0	0.0	0.0	0.0	0.0	0.0	0.0	0.0	0.0	0.0	0.0	0.0	0.0	0.0	0.0	0.0	0.0	0.0	0.0	0.0	0.0	0.0	0.0	0.0	0.0	0.0	0.0	0.0	0.0	0.0	0.0	0.0	0.0	0.0	0.0	0.0	0.0	0.0	0.0	0.0	0.0	0.0	0.0	0.0	0.0	0.0	0.0	0.0	0.0	0.0	0.0	0.0	0.0	0.0	0.0	0.0	0.0	0.0	0.0	0.0	0.0	0.0	0.0	0.0	0.0	0.0	0.0	0.0	0.0	0.0	0.0	0.0	0.0	0.0	0.0	0.0	0.0	0.0	0.0	0.0	0.0	0.0	0.0	0.0	0.0	0.0	0.0	0.0	0.0	0.0	0.0	0.0	0.0	0.0	0.0	0.0	0.0
SRR11143421	911.0	184.0	181.0	197.0	745.0	1277.0	463.0	376.0	220.0	0.0	584.0	162.0	710.0	0.0	558.0	56.0	26.0	0.0	114.0	0.0	1263.0	752.0	0.0	1185.0	143.0	42.0	350.0	229.0	78.0	0.0	281.0	339.0	170.0	6.0	401.0	0.0	38.0	0.0	484.0	306.0	101.0	219.0	0.0	1007.0	83.0	130.0	90.0	1001.0	0.0	134.0	28.0	15.0	0.0	0.0	299.0	73.0	209.0	45.0	0.0	0.0	45.0	0.0	0.0	0.0	0.0	137.0	224.0	259.0	606.0	26.0	100.0	52.0	43.0	0.0	102.0	0.0	380.0	0.0	52.0	151.0	0.0	0.0	63.0	0.0	66.0	57.0	0.0	0.0	20.0	75.0	0.0	0.0	108.0	0.0	0.0	0.0	0.0	84.0	0.0	0.0	139.0	81.0	0.0	0.0	37.0	0.0	39.0	0.0	0.0	0.0	0.0	0.0	0.0	0.0	0.0	83.0	0.0	26.0	11.0	0.0	0.0	15.0	108.0	0.0	223.0	47.0	0.0	0.0	97.0	0.0	15.0	0.0	0.0	186.0	0.0	0.0	0.0	0.0	0.0	0.0	0.0	19.0	0.0	0.0	0.0	0.0	131.0	0.0	121.0	0.0	0.0	37.0	0.0	0.0	0.0	0.0	0.0	0.0	0.0	0.0	0.0	0.0	0.0	27.0	0.0	0.0	0.0	0.0	0.0	0.0	0.0	0.0	122.0	0.0	0.0	0.0	0.0	0.0	0.0	0.0	0.0	0.0	0.0	0.0	0.0	0.0	0.0	0.0	0.0	0.0	0.0	0.0	0.0	0.0	0.0	0.0	0.0	7.0	0.0	0.0	0.0	0.0	0.0	0.0	0.0	0.0	19.0	0.0	0.0	0.0	0.0	0.0	0.0	0.0	0.0	0.0	0.0	0.0	0.0	0.0	0.0	0.0	0.0	0.0	0.0	0.0	0.0	0.0	0.0	0.0	0.0	0.0	0.0	0.0	0.0	0.0	0.0	0.0	0.0	0.0	0.0	0.0	0.0	0.0	0.0	0.0	0.0	0.0	0.0	0.0	0.0	0.0	0.0	0.0	0.0	0.0	0.0	0.0	0.0	0.0	0.0	0.0	0.0	0.0	0.0	0.0	0.0	0.0	0.0	0.0	0.0	0.0	0.0	0.0	0.0	0.0	0.0	0.0	0.0	0.0	0.0	0.0	0.0	0.0	0.0	0.0	0.0	0.0	0.0	0.0	0.0	0.0	0.0	0.0	0.0	0.0	0.0	0.0	0.0	0.0	0.0	0.0	0.0	0.0	0.0	0.0	0.0	0.0	0.0	0.0
SRR11143422	491.0	201.0	519.0	67.0	855.0	2937.0	366.0	279.0	381.0	0.0	529.0	337.0	581.0	258.0	868.0	172.0	207.0	267.0	212.0	0.0	495.0	672.0	44.0	1068.0	160.0	0.0	185.0	290.0	179.0	96.0	299.0	218.0	256.0	11.0	317.0	0.0	24.0	46.0	565.0	312.0	0.0	250.0	34.0	681.0	19.0	111.0	540.0	1113.0	77.0	145.0	24.0	0.0	108.0	114.0	330.0	103.0	150.0	524.0	0.0	0.0	65.0	81.0	90.0	0.0	0.0	140.0	299.0	101.0	651.0	61.0	102.0	73.0	53.0	0.0	71.0	136.0	323.0	0.0	38.0	55.0	48.0	0.0	221.0	12.0	156.0	79.0	0.0	0.0	145.0	0.0	0.0	0.0	31.0	0.0	0.0	0.0	29.0	39.0	22.0	0.0	182.0	240.0	162.0	0.0	0.0	53.0	236.0	68.0	0.0	243.0	0.0	0.0	0.0	0.0	0.0	201.0	0.0	22.0	0.0	13.0	0.0	106.0	27.0	68.0	486.0	169.0	0.0	0.0	134.0	0.0	0.0	0.0	0.0	0.0	0.0	0.0	0.0	0.0	0.0	0.0	0.0	0.0	0.0	0.0	0.0	0.0	137.0	83.0	0.0	0.0	0.0	352.0	0.0	0.0	33.0	0.0	0.0	0.0	0.0	0.0	0.0	116.0	0.0	0.0	0.0	0.0	0.0	0.0	0.0	0.0	0.0	0.0	718.0	0.0	0.0	0.0	0.0	0.0	156.0	0.0	0.0	0.0	0.0	0.0	0.0	0.0	10.0	0.0	0.0	0.0	0.0	0.0	0.0	0.0	0.0	0.0	0.0	0.0	0.0	12.0	0.0	0.0	0.0	0.0	0.0	0.0	0.0	0.0	0.0	0.0	0.0	0.0	0.0	0.0	0.0	0.0	0.0	0.0	0.0	0.0	0.0	0.0	0.0	0.0	0.0	0.0	0.0	0.0	0.0	0.0	0.0	0.0	0.0	0.0	0.0	0.0	0.0	0.0	0.0	0.0	0.0	0.0	0.0	109.0	0.0	0.0	0.0	0.0	0.0	0.0	0.0	0.0	0.0	0.0	0.0	0.0	0.0	0.0	0.0	0.0	0.0	0.0	0.0	0.0	0.0	0.0	0.0	0.0	0.0	0.0	0.0	0.0	0.0	82.0	0.0	0.0	0.0	65.0	0.0	0.0	0.0	0.0	0.0	0.0	0.0	0.0	0.0	0.0	0.0	0.0	0.0	0.0	0.0	0.0	0.0	20.0	0.0	0.0	0.0	0.0	0.0	0.0	0.0	0.0	0.0	0.0	0.0	0.0	0.0	0.0
SRR11143423	622.0	0.0	259.0	86.0	660.0	1202.0	226.0	105.0	436.0	0.0	390.0	367.0	582.0	222.0	372.0	0.0	137.0	0.0	44.0	60.0	818.0	488.0	0.0	598.0	76.0	0.0	164.0	147.0	0.0	0.0	221.0	103.0	134.0	0.0	151.0	0.0	0.0	35.0	427.0	360.0	65.0	234.0	0.0	843.0	0.0	41.0	0.0	626.0	0.0	43.0	0.0	17.0	15.0	0.0	250.0	0.0	0.0	0.0	188.0	0.0	41.0	0.0	0.0	0.0	0.0	175.0	130.0	203.0	344.0	11.0	0.0	39.0	18.0	0.0	72.0	0.0	287.0	14.0	0.0	0.0	0.0	0.0	60.0	0.0	97.0	0.0	0.0	0.0	0.0	0.0	0.0	0.0	32.0	0.0	0.0	0.0	0.0	0.0	0.0	0.0	68.0	126.0	154.0	0.0	61.0	0.0	0.0	0.0	0.0	0.0	0.0	0.0	0.0	0.0	0.0	151.0	0.0	0.0	0.0	0.0	0.0	0.0	60.0	0.0	173.0	0.0	0.0	0.0	0.0	0.0	0.0	0.0	0.0	126.0	0.0	0.0	0.0	0.0	0.0	0.0	0.0	0.0	0.0	0.0	0.0	0.0	108.0	0.0	0.0	0.0	0.0	0.0	0.0	0.0	0.0	0.0	47.0	0.0	0.0	0.0	0.0	0.0	0.0	0.0	0.0	0.0	0.0	0.0	0.0	0.0	0.0	0.0	0.0	0.0	0.0	0.0	0.0	0.0	0.0	0.0	0.0	0.0	0.0	0.0	0.0	0.0	0.0	0.0	0.0	0.0	0.0	0.0	0.0	0.0	0.0	0.0	0.0	0.0	0.0	0.0	0.0	0.0	0.0	0.0	0.0	0.0	0.0	0.0	0.0	0.0	0.0	0.0	0.0	0.0	0.0	0.0	0.0	0.0	0.0	0.0	0.0	0.0	0.0	0.0	0.0	0.0	0.0	0.0	0.0	0.0	0.0	0.0	0.0	0.0	0.0	0.0	0.0	0.0	0.0	0.0	0.0	0.0	0.0	0.0	0.0	0.0	0.0	0.0	0.0	0.0	0.0	0.0	0.0	0.0	0.0	0.0	0.0	0.0	0.0	0.0	0.0	0.0	0.0	0.0	0.0	0.0	0.0	0.0	0.0	0.0	0.0	0.0	0.0	0.0	0.0	0.0	0.0	0.0	0.0	0.0	0.0	0.0	0.0	0.0	0.0	0.0	0.0	0.0	0.0	0.0	0.0	0.0	0.0	0.0	0.0	0.0	0.0	0.0	0.0	0.0	0.0	0.0	0.0	0.0	0.0	0.0	0.0	0.0	0.0	0.0
SRR11143424	862.0	622.0	236.0	341.0	517.0	1611.0	497.0	88.0	636.0	0.0	1408.0	302.0	767.0	395.0	804.0	91.0	30.0	131.0	329.0	104.0	1642.0	725.0	0.0	1715.0	232.0	0.0	686.0	527.0	162.0	0.0	474.0	205.0	542.0	381.0	644.0	8.0	32.0	25.0	808.0	310.0	159.0	341.0	20.0	504.0	8.0	137.0	116.0	567.0	47.0	166.0	89.0	70.0	18.0	144.0	449.0	0.0	383.0	77.0	0.0	0.0	188.0	0.0	0.0	99.0	0.0	337.0	436.0	397.0	242.0	21.0	80.0	78.0	13.0	0.0	80.0	20.0	578.0	0.0	0.0	159.0	0.0	0.0	0.0	67.0	242.0	72.0	0.0	8.0	0.0	0.0	22.0	0.0	26.0	0.0	57.0	51.0	0.0	129.0	36.0	0.0	79.0	131.0	189.0	0.0	43.0	0.0	20.0	40.0	0.0	116.0	0.0	60.0	27.0	0.0	11.0	250.0	0.0	25.0	25.0	21.0	40.0	0.0	97.0	0.0	345.0	27.0	0.0	0.0	78.0	0.0	0.0	0.0	0.0	36.0	0.0	0.0	0.0	0.0	0.0	0.0	4.0	0.0	0.0	0.0	0.0	0.0	38.0	141.0	0.0	0.0	0.0	0.0	0.0	0.0	0.0	0.0	95.0	0.0	0.0	0.0	28.0	19.0	0.0	0.0	0.0	0.0	0.0	0.0	28.0	0.0	0.0	0.0	0.0	0.0	0.0	0.0	0.0	0.0	0.0	0.0	9.0	0.0	0.0	0.0	0.0	0.0	0.0	0.0	0.0	0.0	0.0	0.0	67.0	0.0	0.0	0.0	0.0	0.0	0.0	0.0	0.0	0.0	0.0	0.0	0.0	0.0	0.0	0.0	29.0	0.0	0.0	0.0	0.0	0.0	0.0	0.0	0.0	0.0	0.0	0.0	0.0	0.0	0.0	0.0	0.0	0.0	0.0	0.0	0.0	0.0	0.0	0.0	0.0	0.0	28.0	0.0	0.0	0.0	0.0	0.0	0.0	0.0	0.0	0.0	0.0	0.0	0.0	0.0	0.0	0.0	0.0	0.0	0.0	0.0	0.0	0.0	0.0	0.0	0.0	0.0	0.0	0.0	0.0	0.0	0.0	0.0	0.0	0.0	0.0	0.0	0.0	0.0	0.0	0.0	0.0	0.0	0.0	0.0	0.0	0.0	0.0	0.0	0.0	0.0	0.0	0.0	0.0	0.0	0.0	0.0	0.0	0.0	0.0	0.0	0.0	0.0	0.0	0.0	0.0	0.0	0.0	0.0	0.0	0.0	0.0	0.0	0.0	0.0	0.0	0.0
SRR11143426	455.0	382.0	76.0	60.0	431.0	444.0	336.0	163.0	129.0	0.0	563.0	247.0	357.0	78.0	100.0	0.0	35.0	43.0	208.0	20.0	865.0	362.0	0.0	663.0	89.0	31.0	421.0	74.0	0.0	0.0	128.0	100.0	127.0	64.0	329.0	0.0	0.0	0.0	350.0	287.0	0.0	202.0	0.0	307.0	18.0	18.0	0.0	159.0	41.0	0.0	30.0	0.0	17.0	84.0	331.0	0.0	115.0	0.0	0.0	0.0	201.0	4.0	0.0	0.0	0.0	72.0	91.0	170.0	220.0	0.0	0.0	53.0	0.0	0.0	20.0	0.0	112.0	0.0	0.0	74.0	0.0	0.0	0.0	0.0	183.0	0.0	0.0	0.0	0.0	0.0	54.0	0.0	0.0	0.0	0.0	0.0	59.0	0.0	0.0	0.0	34.0	58.0	0.0	0.0	0.0	0.0	0.0	0.0	0.0	0.0	0.0	0.0	0.0	0.0	0.0	84.0	0.0	0.0	22.0	0.0	0.0	0.0	142.0	0.0	72.0	0.0	0.0	0.0	119.0	0.0	19.0	0.0	0.0	77.0	15.0	0.0	0.0	0.0	0.0	0.0	0.0	0.0	0.0	0.0	0.0	0.0	15.0	33.0	0.0	0.0	0.0	0.0	0.0	0.0	15.0	0.0	0.0	8.0	0.0	0.0	0.0	0.0	0.0	0.0	0.0	0.0	0.0	0.0	0.0	0.0	0.0	0.0	0.0	0.0	0.0	0.0	0.0	0.0	0.0	0.0	0.0	0.0	0.0	0.0	0.0	0.0	0.0	0.0	0.0	0.0	0.0	0.0	0.0	0.0	0.0	0.0	0.0	0.0	0.0	0.0	0.0	0.0	0.0	0.0	0.0	0.0	0.0	0.0	0.0	0.0	10.0	0.0	0.0	0.0	0.0	0.0	0.0	0.0	0.0	0.0	0.0	0.0	0.0	0.0	0.0	0.0	0.0	0.0	0.0	0.0	0.0	0.0	0.0	0.0	0.0	0.0	0.0	0.0	0.0	0.0	0.0	0.0	0.0	0.0	0.0	0.0	0.0	0.0	0.0	0.0	0.0	0.0	0.0	0.0	0.0	0.0	0.0	0.0	0.0	0.0	0.0	0.0	0.0	0.0	0.0	0.0	0.0	0.0	0.0	0.0	0.0	0.0	0.0	0.0	0.0	0.0	0.0	0.0	0.0	0.0	0.0	0.0	0.0	0.0	0.0	0.0	0.0	0.0	0.0	0.0	0.0	0.0	0.0	0.0	0.0	0.0	0.0	0.0	0.0	0.0	0.0	0.0	0.0	0.0	0.0	0.0	0.0	0.0	0.0	0.0
SRR11143427	429.0	454.0	191.0	151.0	501.0	1171.0	303.0	114.0	490.0	0.0	673.0	327.0	627.0	300.0	349.0	0.0	165.0	0.0	289.0	32.0	824.0	339.0	0.0	857.0	101.0	0.0	564.0	60.0	98.0	0.0	206.0	167.0	141.0	27.0	320.0	0.0	0.0	0.0	878.0	374.0	75.0	174.0	27.0	297.0	0.0	37.0	67.0	135.0	71.0	0.0	40.0	0.0	0.0	0.0	389.0	0.0	171.0	0.0	0.0	0.0	250.0	0.0	0.0	64.0	0.0	78.0	208.0	366.0	262.0	17.0	0.0	97.0	0.0	0.0	67.0	0.0	230.0	0.0	0.0	0.0	0.0	0.0	0.0	0.0	215.0	0.0	0.0	0.0	0.0	0.0	0.0	0.0	0.0	0.0	0.0	0.0	0.0	243.0	0.0	0.0	37.0	107.0	93.0	0.0	0.0	0.0	33.0	29.0	0.0	0.0	0.0	0.0	0.0	0.0	0.0	119.0	0.0	20.0	0.0	0.0	0.0	0.0	127.0	0.0	82.0	27.0	0.0	6.0	93.0	0.0	0.0	0.0	0.0	45.0	23.0	0.0	0.0	0.0	0.0	0.0	0.0	0.0	0.0	0.0	10.0	0.0	0.0	60.0	0.0	0.0	0.0	0.0	39.0	0.0	0.0	0.0	0.0	0.0	0.0	0.0	0.0	0.0	0.0	0.0	0.0	0.0	0.0	0.0	0.0	0.0	0.0	0.0	0.0	0.0	12.0	0.0	0.0	0.0	0.0	0.0	0.0	0.0	0.0	0.0	0.0	0.0	0.0	0.0	0.0	0.0	0.0	0.0	0.0	0.0	0.0	0.0	0.0	0.0	0.0	0.0	0.0	0.0	0.0	10.0	0.0	10.0	0.0	0.0	0.0	0.0	0.0	0.0	0.0	0.0	0.0	0.0	0.0	0.0	0.0	0.0	0.0	0.0	0.0	0.0	0.0	0.0	0.0	0.0	0.0	0.0	0.0	0.0	0.0	0.0	0.0	0.0	0.0	0.0	0.0	0.0	0.0	0.0	0.0	0.0	0.0	0.0	0.0	0.0	0.0	0.0	0.0	0.0	0.0	0.0	0.0	0.0	0.0	0.0	0.0	0.0	0.0	0.0	0.0	0.0	0.0	0.0	0.0	0.0	0.0	0.0	0.0	0.0	40.0	0.0	0.0	0.0	0.0	0.0	0.0	0.0	0.0	0.0	0.0	0.0	0.0	0.0	0.0	0.0	0.0	15.0	0.0	0.0	0.0	0.0	0.0	0.0	0.0	0.0	0.0	0.0	0.0	0.0	0.0	0.0	0.0	0.0	0.0	0.0	0.0	0.0
SRR11143428	580.0	295.0	116.0	255.0	222.0	892.0	442.0	119.0	460.0	0.0	907.0	229.0	746.0	129.0	325.0	0.0	67.0	0.0	183.0	0.0	1296.0	716.0	0.0	843.0	157.0	0.0	438.0	127.0	121.0	0.0	324.0	84.0	91.0	12.0	461.0	0.0	0.0	0.0	621.0	445.0	86.0	292.0	0.0	303.0	0.0	51.0	120.0	146.0	0.0	68.0	47.0	0.0	9.0	0.0	338.0	39.0	79.0	126.0	0.0	0.0	170.0	23.0	0.0	53.0	0.0	87.0	219.0	300.0	220.0	0.0	0.0	41.0	0.0	0.0	30.0	0.0	193.0	0.0	0.0	97.0	0.0	0.0	0.0	0.0	172.0	0.0	0.0	0.0	0.0	0.0	0.0	0.0	0.0	0.0	18.0	12.0	0.0	113.0	0.0	0.0	0.0	94.0	75.0	0.0	0.0	0.0	0.0	0.0	0.0	0.0	0.0	0.0	0.0	0.0	0.0	52.0	0.0	0.0	21.0	0.0	0.0	0.0	44.0	0.0	0.0	0.0	0.0	0.0	104.0	0.0	0.0	0.0	0.0	23.0	34.0	0.0	0.0	0.0	0.0	0.0	7.0	43.0	0.0	0.0	0.0	0.0	38.0	66.0	0.0	0.0	0.0	0.0	0.0	0.0	0.0	0.0	74.0	0.0	0.0	0.0	23.0	0.0	0.0	0.0	0.0	0.0	0.0	0.0	0.0	0.0	0.0	0.0	0.0	0.0	0.0	0.0	0.0	0.0	0.0	0.0	0.0	0.0	0.0	0.0	0.0	0.0	0.0	0.0	0.0	0.0	0.0	0.0	0.0	0.0	0.0	0.0	0.0	0.0	0.0	0.0	0.0	0.0	0.0	0.0	0.0	14.0	0.0	0.0	0.0	0.0	23.0	0.0	0.0	0.0	0.0	0.0	0.0	0.0	0.0	0.0	0.0	0.0	0.0	0.0	0.0	0.0	0.0	0.0	0.0	0.0	0.0	0.0	0.0	0.0	0.0	0.0	0.0	0.0	0.0	0.0	0.0	0.0	0.0	0.0	0.0	0.0	0.0	0.0	0.0	0.0	0.0	0.0	0.0	0.0	0.0	0.0	0.0	0.0	0.0	0.0	0.0	0.0	0.0	0.0	0.0	0.0	0.0	0.0	0.0	0.0	0.0	0.0	0.0	0.0	0.0	0.0	0.0	0.0	0.0	0.0	0.0	0.0	0.0	0.0	0.0	0.0	0.0	0.0	0.0	0.0	0.0	0.0	0.0	0.0	0.0	0.0	0.0	0.0	0.0	0.0	0.0	0.0	0.0	0.0	0.0	0.0	0.0	0.0	0.0	0.0
SRR11143429	481.0	473.0	204.0	255.0	421.0	1186.0	419.0	244.0	252.0	0.0	677.0	199.0	314.0	150.0	255.0	0.0	164.0	66.0	311.0	0.0	1214.0	891.0	0.0	1036.0	111.0	0.0	530.0	137.0	0.0	0.0	249.0	111.0	162.0	137.0	444.0	0.0	0.0	0.0	721.0	315.0	94.0	294.0	9.0	411.0	16.0	80.0	0.0	129.0	0.0	125.0	20.0	0.0	19.0	0.0	34.0	31.0	146.0	0.0	0.0	0.0	174.0	0.0	0.0	0.0	0.0	114.0	309.0	333.0	251.0	0.0	23.0	99.0	0.0	0.0	23.0	23.0	118.0	0.0	0.0	0.0	0.0	0.0	0.0	27.0	157.0	0.0	0.0	0.0	0.0	0.0	0.0	0.0	87.0	0.0	28.0	0.0	42.0	0.0	50.0	0.0	44.0	52.0	139.0	0.0	77.0	0.0	0.0	35.0	46.0	0.0	0.0	0.0	26.0	0.0	15.0	42.0	0.0	27.0	36.0	0.0	0.0	14.0	252.0	0.0	91.0	0.0	0.0	0.0	87.0	0.0	75.0	0.0	0.0	65.0	0.0	0.0	0.0	0.0	0.0	0.0	0.0	39.0	0.0	0.0	0.0	0.0	12.0	69.0	0.0	0.0	0.0	41.0	10.0	0.0	0.0	0.0	78.0	0.0	0.0	0.0	0.0	22.0	13.0	0.0	0.0	0.0	0.0	0.0	0.0	0.0	0.0	0.0	0.0	0.0	0.0	0.0	0.0	15.0	0.0	0.0	0.0	0.0	0.0	0.0	0.0	0.0	0.0	0.0	41.0	0.0	0.0	0.0	0.0	0.0	0.0	0.0	0.0	0.0	13.0	0.0	0.0	0.0	0.0	0.0	0.0	0.0	0.0	0.0	0.0	0.0	0.0	0.0	0.0	0.0	0.0	0.0	0.0	0.0	0.0	0.0	0.0	0.0	0.0	0.0	0.0	0.0	0.0	0.0	0.0	0.0	0.0	0.0	0.0	0.0	0.0	0.0	0.0	0.0	0.0	0.0	0.0	0.0	0.0	0.0	0.0	0.0	0.0	0.0	0.0	0.0	0.0	0.0	0.0	0.0	0.0	22.0	0.0	0.0	0.0	0.0	0.0	0.0	0.0	0.0	0.0	0.0	0.0	0.0	0.0	0.0	0.0	0.0	0.0	0.0	0.0	0.0	0.0	0.0	0.0	0.0	0.0	0.0	0.0	0.0	0.0	0.0	0.0	0.0	0.0	0.0	0.0	0.0	0.0	0.0	0.0	0.0	0.0	0.0	0.0	0.0	0.0	0.0	0.0	0.0	0.0	0.0	0.0	0.0	0.0	0.0
SRR11143430	468.0	0.0	265.0	78.0	718.0	1070.0	375.0	155.0	135.0	0.0	842.0	140.0	754.0	178.0	663.0	75.0	38.0	0.0	163.0	19.0	1355.0	382.0	0.0	961.0	156.0	0.0	341.0	283.0	101.0	0.0	299.0	171.0	220.0	175.0	461.0	0.0	0.0	0.0	692.0	276.0	76.0	422.0	0.0	281.0	14.0	30.0	49.0	43.0	0.0	0.0	29.0	0.0	0.0	0.0	188.0	23.0	265.0	0.0	0.0	0.0	186.0	26.0	0.0	26.0	0.0	187.0	186.0	313.0	376.0	11.0	0.0	38.0	0.0	0.0	0.0	0.0	365.0	0.0	0.0	84.0	0.0	0.0	0.0	31.0	182.0	63.0	0.0	0.0	0.0	0.0	0.0	0.0	24.0	0.0	0.0	26.0	119.0	275.0	0.0	0.0	0.0	118.0	0.0	0.0	17.0	0.0	0.0	0.0	0.0	46.0	0.0	0.0	0.0	17.0	0.0	166.0	0.0	39.0	12.0	0.0	0.0	129.0	129.0	0.0	92.0	35.0	0.0	0.0	120.0	0.0	27.0	0.0	0.0	158.0	0.0	0.0	0.0	0.0	0.0	0.0	0.0	62.0	0.0	0.0	0.0	0.0	24.0	55.0	0.0	0.0	0.0	0.0	0.0	0.0	0.0	0.0	52.0	0.0	0.0	0.0	0.0	20.0	0.0	0.0	0.0	0.0	0.0	0.0	0.0	0.0	0.0	0.0	0.0	0.0	11.0	0.0	0.0	0.0	0.0	0.0	0.0	0.0	0.0	0.0	0.0	0.0	0.0	0.0	0.0	0.0	0.0	0.0	0.0	0.0	0.0	0.0	0.0	0.0	0.0	0.0	0.0	0.0	0.0	0.0	0.0	0.0	0.0	0.0	0.0	0.0	7.0	0.0	0.0	0.0	0.0	0.0	0.0	0.0	0.0	0.0	0.0	0.0	0.0	0.0	0.0	0.0	0.0	0.0	4.0	0.0	0.0	0.0	0.0	0.0	0.0	0.0	0.0	0.0	0.0	0.0	0.0	0.0	0.0	0.0	0.0	0.0	0.0	0.0	0.0	0.0	0.0	0.0	0.0	0.0	0.0	0.0	0.0	0.0	0.0	0.0	0.0	0.0	0.0	0.0	0.0	0.0	0.0	0.0	0.0	0.0	0.0	0.0	0.0	0.0	0.0	0.0	0.0	0.0	0.0	0.0	0.0	0.0	0.0	0.0	0.0	0.0	0.0	0.0	0.0	0.0	0.0	0.0	0.0	0.0	0.0	0.0	0.0	0.0	0.0	0.0	0.0	0.0	0.0	0.0	0.0	0.0	0.0	0.0	0.0	0.0
SRR11143431	906.0	1153.0	196.0	453.0	1223.0	1958.0	675.0	124.0	533.0	0.0	888.0	265.0	868.0	672.0	547.0	88.0	34.0	148.0	143.0	0.0	1731.0	544.0	151.0	1718.0	148.0	126.0	481.0	454.0	147.0	0.0	243.0	319.0	278.0	84.0	540.0	0.0	49.0	0.0	510.0	325.0	134.0	283.0	0.0	845.0	0.0	102.0	11.0	1462.0	0.0	404.0	49.0	33.0	80.0	230.0	319.0	52.0	401.0	357.0	0.0	27.0	235.0	76.0	0.0	115.0	71.0	51.0	284.0	409.0	708.0	121.0	234.0	86.0	95.0	0.0	60.0	28.0	609.0	0.0	111.0	217.0	29.0	17.0	104.0	63.0	143.0	0.0	0.0	0.0	50.0	0.0	287.0	0.0	0.0	0.0	43.0	0.0	0.0	0.0	53.0	0.0	56.0	389.0	0.0	18.0	33.0	93.0	98.0	72.0	0.0	0.0	0.0	0.0	0.0	0.0	16.0	0.0	0.0	26.0	36.0	0.0	0.0	42.0	0.0	75.0	409.0	102.0	0.0	0.0	240.0	0.0	20.0	0.0	33.0	195.0	0.0	0.0	0.0	40.0	0.0	0.0	0.0	138.0	0.0	0.0	0.0	0.0	50.0	124.0	155.0	0.0	0.0	131.0	0.0	0.0	30.0	0.0	165.0	0.0	0.0	0.0	0.0	0.0	24.0	0.0	0.0	0.0	0.0	0.0	0.0	0.0	0.0	0.0	63.0	40.0	0.0	0.0	18.0	64.0	0.0	0.0	22.0	0.0	0.0	0.0	0.0	0.0	0.0	0.0	57.0	0.0	0.0	0.0	0.0	0.0	0.0	0.0	38.0	23.0	0.0	0.0	0.0	0.0	0.0	0.0	0.0	0.0	60.0	0.0	47.0	0.0	13.0	0.0	0.0	0.0	0.0	0.0	0.0	0.0	0.0	0.0	0.0	0.0	0.0	0.0	0.0	0.0	0.0	0.0	0.0	0.0	0.0	0.0	0.0	0.0	0.0	0.0	0.0	0.0	0.0	0.0	0.0	0.0	0.0	0.0	0.0	0.0	0.0	0.0	0.0	0.0	0.0	0.0	0.0	0.0	0.0	0.0	0.0	0.0	0.0	0.0	0.0	0.0	0.0	0.0	0.0	0.0	0.0	0.0	0.0	0.0	0.0	0.0	0.0	0.0	0.0	0.0	0.0	0.0	0.0	0.0	0.0	0.0	0.0	0.0	0.0	0.0	0.0	0.0	0.0	0.0	0.0	0.0	0.0	0.0	0.0	0.0	0.0	0.0	0.0	0.0	0.0	0.0	0.0	0.0	0.0	0.0	0.0	0.0	0.0	0.0
SRR11143432	886.0	1759.0	128.0	658.0	1056.0	1344.0	421.0	87.0	560.0	0.0	681.0	204.0	579.0	153.0	382.0	95.0	68.0	155.0	73.0	33.0	1797.0	587.0	105.0	1727.0	104.0	0.0	390.0	652.0	141.0	0.0	462.0	383.0	325.0	201.0	463.0	0.0	33.0	33.0	323.0	344.0	39.0	367.0	0.0	456.0	19.0	100.0	79.0	911.0	0.0	257.0	51.0	0.0	62.0	200.0	157.0	43.0	277.0	146.0	92.0	0.0	0.0	35.0	0.0	0.0	0.0	120.0	341.0	235.0	553.0	77.0	174.0	42.0	29.0	0.0	115.0	18.0	150.0	0.0	58.0	148.0	0.0	0.0	130.0	0.0	153.0	0.0	0.0	19.0	31.0	71.0	666.0	0.0	22.0	0.0	72.0	0.0	0.0	0.0	49.0	0.0	161.0	70.0	0.0	0.0	24.0	0.0	0.0	61.0	0.0	0.0	0.0	0.0	29.0	0.0	0.0	102.0	0.0	34.0	0.0	12.0	0.0	0.0	29.0	0.0	526.0	0.0	0.0	0.0	48.0	0.0	0.0	0.0	13.0	18.0	0.0	0.0	0.0	0.0	0.0	0.0	0.0	0.0	0.0	0.0	0.0	0.0	87.0	53.0	121.0	0.0	0.0	0.0	0.0	0.0	0.0	0.0	150.0	0.0	0.0	0.0	0.0	11.0	24.0	0.0	0.0	0.0	0.0	0.0	0.0	0.0	0.0	0.0	102.0	0.0	0.0	0.0	0.0	0.0	0.0	0.0	0.0	0.0	0.0	0.0	0.0	0.0	0.0	0.0	40.0	0.0	13.0	0.0	0.0	0.0	39.0	0.0	0.0	22.0	0.0	0.0	0.0	0.0	0.0	0.0	0.0	0.0	0.0	0.0	0.0	0.0	0.0	0.0	0.0	0.0	0.0	0.0	0.0	0.0	0.0	0.0	0.0	0.0	0.0	0.0	0.0	0.0	0.0	0.0	0.0	0.0	0.0	0.0	0.0	0.0	0.0	0.0	0.0	0.0	0.0	0.0	0.0	0.0	0.0	0.0	0.0	0.0	0.0	0.0	0.0	0.0	0.0	0.0	0.0	0.0	0.0	0.0	0.0	0.0	0.0	0.0	0.0	0.0	0.0	0.0	0.0	0.0	0.0	0.0	0.0	0.0	0.0	0.0	0.0	0.0	0.0	0.0	0.0	0.0	0.0	0.0	0.0	0.0	0.0	0.0	0.0	0.0	0.0	0.0	0.0	0.0	0.0	0.0	0.0	0.0	0.0	0.0	0.0	0.0	0.0	0.0	0.0	0.0	0.0	0.0	0.0	0.0	0.0	0.0	0.0	0.0
SRR11143433	747.0	961.0	50.0	378.0	1204.0	1756.0	634.0	162.0	664.0	0.0	779.0	462.0	955.0	218.0	620.0	101.0	74.0	148.0	389.0	126.0	2086.0	620.0	103.0	1807.0	130.0	47.0	471.0	516.0	170.0	0.0	542.0	336.0	438.0	285.0	480.0	0.0	0.0	49.0	567.0	301.0	167.0	246.0	11.0	912.0	18.0	71.0	0.0	896.0	74.0	141.0	56.0	0.0	71.0	182.0	370.0	68.0	296.0	85.0	0.0	22.0	0.0	16.0	0.0	0.0	54.0	57.0	354.0	309.0	583.0	97.0	39.0	96.0	45.0	39.0	102.0	17.0	304.0	0.0	0.0	198.0	19.0	0.0	98.0	69.0	155.0	0.0	0.0	0.0	0.0	49.0	42.0	0.0	52.0	0.0	0.0	0.0	0.0	0.0	63.0	0.0	102.0	295.0	0.0	0.0	36.0	0.0	74.0	50.0	0.0	0.0	0.0	0.0	0.0	0.0	0.0	95.0	0.0	23.0	0.0	21.0	0.0	79.0	20.0	80.0	512.0	45.0	0.0	0.0	35.0	0.0	0.0	0.0	7.0	97.0	0.0	0.0	0.0	0.0	0.0	0.0	0.0	35.0	0.0	0.0	0.0	0.0	199.0	64.0	124.0	0.0	0.0	0.0	0.0	0.0	0.0	0.0	132.0	20.0	0.0	0.0	0.0	0.0	0.0	21.0	0.0	0.0	0.0	0.0	28.0	0.0	0.0	0.0	0.0	21.0	16.0	0.0	0.0	0.0	42.0	0.0	0.0	0.0	0.0	0.0	0.0	0.0	24.0	0.0	22.0	0.0	0.0	0.0	0.0	0.0	45.0	0.0	0.0	0.0	0.0	0.0	0.0	0.0	0.0	0.0	0.0	0.0	37.0	0.0	40.0	0.0	0.0	0.0	0.0	0.0	0.0	0.0	0.0	0.0	0.0	0.0	0.0	0.0	0.0	0.0	0.0	0.0	0.0	0.0	0.0	0.0	0.0	0.0	0.0	0.0	0.0	0.0	0.0	0.0	0.0	0.0	0.0	0.0	0.0	0.0	0.0	0.0	0.0	0.0	0.0	0.0	0.0	0.0	0.0	0.0	0.0	0.0	0.0	0.0	0.0	247.0	0.0	0.0	0.0	0.0	0.0	0.0	0.0	0.0	0.0	0.0	0.0	0.0	0.0	0.0	0.0	0.0	0.0	0.0	0.0	0.0	0.0	0.0	0.0	0.0	0.0	0.0	0.0	0.0	0.0	0.0	0.0	0.0	0.0	0.0	0.0	0.0	0.0	0.0	0.0	0.0	0.0	0.0	0.0	0.0	0.0	0.0	0.0	0.0	0.0	0.0
SRR11143434	1502.0	1151.0	230.0	726.0	1234.0	2017.0	610.0	251.0	534.0	0.0	1444.0	349.0	1093.0	454.0	998.0	182.0	61.0	185.0	260.0	21.0	2493.0	1222.0	61.0	2065.0	240.0	0.0	610.0	529.0	240.0	0.0	519.0	573.0	197.0	332.0	759.0	0.0	48.0	0.0	421.0	355.0	209.0	408.0	19.0	759.0	19.0	127.0	93.0	809.0	0.0	662.0	88.0	16.0	95.0	232.0	429.0	93.0	847.0	544.0	230.0	29.0	0.0	29.0	0.0	140.0	84.0	50.0	451.0	203.0	205.0	84.0	413.0	152.0	39.0	107.0	177.0	38.0	749.0	0.0	100.0	327.0	15.0	22.0	231.0	39.0	98.0	36.0	0.0	0.0	19.0	129.0	338.0	0.0	105.0	0.0	31.0	34.0	0.0	0.0	0.0	0.0	59.0	170.0	0.0	0.0	56.0	0.0	183.0	109.0	0.0	278.0	0.0	0.0	0.0	0.0	20.0	174.0	22.0	0.0	19.0	0.0	0.0	25.0	8.0	172.0	438.0	90.0	0.0	0.0	73.0	0.0	0.0	0.0	24.0	174.0	0.0	0.0	0.0	0.0	0.0	7.0	0.0	89.0	0.0	0.0	0.0	0.0	58.0	153.0	162.0	59.0	0.0	73.0	0.0	82.0	0.0	0.0	116.0	0.0	0.0	0.0	18.0	0.0	0.0	42.0	0.0	0.0	0.0	0.0	0.0	0.0	27.0	0.0	180.0	0.0	0.0	0.0	0.0	34.0	43.0	0.0	82.0	0.0	0.0	0.0	0.0	0.0	45.0	0.0	32.0	0.0	22.0	0.0	0.0	0.0	86.0	0.0	0.0	32.0	29.0	0.0	0.0	0.0	0.0	0.0	0.0	0.0	45.0	0.0	56.0	0.0	18.0	0.0	0.0	0.0	0.0	0.0	0.0	0.0	0.0	0.0	0.0	0.0	0.0	0.0	0.0	0.0	0.0	0.0	0.0	0.0	0.0	0.0	0.0	0.0	0.0	0.0	0.0	0.0	0.0	0.0	0.0	0.0	0.0	0.0	0.0	0.0	0.0	0.0	0.0	0.0	0.0	0.0	0.0	0.0	0.0	0.0	0.0	0.0	0.0	175.0	0.0	0.0	0.0	0.0	0.0	0.0	0.0	0.0	0.0	0.0	0.0	0.0	0.0	0.0	0.0	0.0	0.0	0.0	0.0	0.0	0.0	0.0	0.0	0.0	0.0	0.0	0.0	0.0	0.0	0.0	0.0	0.0	0.0	0.0	0.0	0.0	0.0	0.0	0.0	0.0	0.0	0.0	0.0	0.0	0.0	0.0	0.0	0.0	0.0	0.0
SRR11143435	335.0	70.0	120.0	228.0	555.0	862.0	302.0	120.0	239.0	0.0	304.0	365.0	323.0	131.0	300.0	0.0	82.0	0.0	82.0	28.0	722.0	369.0	0.0	457.0	55.0	0.0	118.0	163.0	66.0	0.0	174.0	87.0	0.0	107.0	168.0	0.0	0.0	25.0	272.0	303.0	94.0	225.0	0.0	338.0	0.0	62.0	0.0	421.0	0.0	109.0	25.0	0.0	0.0	96.0	355.0	43.0	46.0	0.0	0.0	0.0	159.0	24.0	0.0	58.0	0.0	92.0	95.0	104.0	356.0	32.0	0.0	65.0	20.0	0.0	72.0	0.0	93.0	0.0	0.0	0.0	0.0	0.0	126.0	0.0	22.0	0.0	0.0	0.0	0.0	0.0	137.0	0.0	58.0	0.0	0.0	0.0	0.0	0.0	20.0	0.0	118.0	150.0	0.0	0.0	26.0	67.0	0.0	0.0	0.0	0.0	0.0	0.0	0.0	0.0	0.0	0.0	0.0	26.0	0.0	0.0	0.0	13.0	0.0	0.0	163.0	19.0	0.0	0.0	26.0	0.0	15.0	0.0	0.0	191.0	0.0	0.0	0.0	0.0	0.0	0.0	0.0	0.0	0.0	0.0	0.0	0.0	81.0	39.0	0.0	0.0	0.0	0.0	0.0	0.0	0.0	0.0	0.0	0.0	0.0	0.0	0.0	0.0	0.0	0.0	0.0	0.0	0.0	0.0	0.0	0.0	6.0	0.0	69.0	0.0	0.0	0.0	0.0	66.0	0.0	0.0	0.0	0.0	0.0	0.0	0.0	0.0	0.0	0.0	0.0	0.0	0.0	0.0	0.0	0.0	0.0	0.0	0.0	0.0	0.0	0.0	0.0	0.0	0.0	0.0	0.0	0.0	0.0	0.0	0.0	0.0	0.0	0.0	0.0	0.0	0.0	0.0	0.0	0.0	0.0	0.0	0.0	0.0	0.0	0.0	0.0	0.0	0.0	0.0	0.0	0.0	0.0	0.0	0.0	0.0	0.0	0.0	0.0	0.0	0.0	0.0	0.0	0.0	0.0	0.0	0.0	0.0	0.0	0.0	0.0	0.0	0.0	0.0	0.0	0.0	0.0	0.0	0.0	0.0	0.0	0.0	0.0	0.0	0.0	0.0	0.0	0.0	0.0	0.0	0.0	0.0	0.0	0.0	0.0	0.0	0.0	0.0	0.0	0.0	0.0	0.0	0.0	0.0	0.0	0.0	0.0	0.0	0.0	0.0	0.0	0.0	0.0	0.0	0.0	0.0	0.0	0.0	0.0	0.0	0.0	0.0	0.0	0.0	0.0	0.0	0.0	0.0	0.0	0.0	0.0	0.0
SRR11143437	428.0	386.0	187.0	219.0	1099.0	1377.0	535.0	253.0	196.0	0.0	518.0	262.0	542.0	190.0	257.0	31.0	68.0	54.0	26.0	15.0	1530.0	831.0	0.0	1231.0	78.0	37.0	186.0	165.0	109.0	0.0	286.0	313.0	75.0	40.0	452.0	0.0	0.0	0.0	494.0	344.0	78.0	186.0	7.0	722.0	0.0	139.0	176.0	608.0	0.0	167.0	35.0	14.0	0.0	149.0	352.0	74.0	135.0	0.0	0.0	0.0	301.0	0.0	0.0	39.0	0.0	139.0	137.0	191.0	367.0	68.0	0.0	195.0	86.0	54.0	185.0	0.0	317.0	0.0	0.0	80.0	0.0	0.0	66.0	0.0	68.0	0.0	0.0	0.0	0.0	0.0	36.0	0.0	68.0	0.0	0.0	0.0	33.0	0.0	0.0	0.0	196.0	290.0	0.0	0.0	0.0	0.0	0.0	71.0	0.0	0.0	0.0	0.0	0.0	0.0	0.0	0.0	0.0	45.0	27.0	8.0	0.0	0.0	0.0	0.0	165.0	39.0	0.0	11.0	140.0	0.0	0.0	0.0	0.0	27.0	0.0	0.0	0.0	0.0	0.0	0.0	0.0	0.0	0.0	0.0	0.0	0.0	107.0	0.0	0.0	0.0	0.0	0.0	0.0	0.0	0.0	0.0	0.0	0.0	0.0	0.0	0.0	0.0	0.0	0.0	0.0	0.0	0.0	0.0	0.0	0.0	0.0	0.0	122.0	0.0	0.0	0.0	0.0	86.0	0.0	0.0	0.0	0.0	0.0	0.0	0.0	0.0	0.0	0.0	0.0	0.0	0.0	0.0	0.0	0.0	0.0	0.0	0.0	16.0	0.0	0.0	0.0	0.0	0.0	0.0	0.0	0.0	0.0	0.0	36.0	0.0	0.0	0.0	0.0	0.0	0.0	0.0	0.0	0.0	0.0	0.0	0.0	0.0	0.0	0.0	0.0	138.0	0.0	0.0	0.0	0.0	0.0	0.0	0.0	0.0	0.0	0.0	0.0	0.0	0.0	0.0	0.0	0.0	0.0	0.0	0.0	0.0	0.0	0.0	0.0	0.0	0.0	0.0	0.0	0.0	0.0	0.0	0.0	0.0	0.0	0.0	0.0	0.0	0.0	0.0	0.0	0.0	0.0	0.0	0.0	0.0	0.0	0.0	0.0	0.0	0.0	0.0	0.0	0.0	0.0	0.0	0.0	0.0	0.0	0.0	0.0	0.0	0.0	0.0	0.0	0.0	0.0	0.0	0.0	0.0	0.0	0.0	0.0	0.0	0.0	0.0	0.0	0.0	0.0	0.0	0.0	0.0	0.0	0.0	0.0	0.0
SRR11143438	0.0	0.0	224.0	180.0	54.0	2279.0	295.0	238.0	428.0	41.0	27.0	217.0	567.0	0.0	288.0	0.0	0.0	26.0	116.0	0.0	0.0	53.0	0.0	0.0	258.0	0.0	0.0	0.0	0.0	0.0	23.0	33.0	16.0	20.0	23.0	0.0	0.0	0.0	296.0	0.0	0.0	358.0	0.0	191.0	253.0	321.0	166.0	0.0	0.0	135.0	0.0	6.0	0.0	0.0	0.0	0.0	182.0	0.0	0.0	0.0	91.0	0.0	0.0	0.0	0.0	96.0	0.0	152.0	162.0	0.0	0.0	13.0	0.0	0.0	130.0	0.0	832.0	0.0	266.0	51.0	0.0	0.0	87.0	0.0	0.0	223.0	0.0	0.0	0.0	0.0	0.0	0.0	76.0	0.0	0.0	0.0	0.0	0.0	0.0	0.0	0.0	0.0	0.0	0.0	53.0	0.0	0.0	0.0	0.0	0.0	0.0	0.0	0.0	0.0	0.0	0.0	0.0	68.0	0.0	0.0	0.0	0.0	0.0	0.0	0.0	0.0	0.0	0.0	150.0	0.0	0.0	0.0	30.0	0.0	0.0	148.0	0.0	0.0	0.0	0.0	0.0	0.0	0.0	0.0	0.0	0.0	0.0	0.0	0.0	0.0	0.0	89.0	0.0	0.0	0.0	0.0	0.0	0.0	0.0	0.0	47.0	0.0	0.0	0.0	0.0	9.0	0.0	0.0	0.0	0.0	0.0	0.0	0.0	0.0	0.0	0.0	0.0	58.0	0.0	0.0	0.0	0.0	81.0	0.0	0.0	0.0	0.0	0.0	0.0	0.0	59.0	0.0	0.0	0.0	0.0	0.0	0.0	0.0	0.0	15.0	0.0	87.0	0.0	0.0	0.0	0.0	0.0	0.0	0.0	0.0	0.0	0.0	0.0	0.0	0.0	0.0	0.0	0.0	0.0	0.0	0.0	0.0	0.0	0.0	0.0	0.0	0.0	0.0	0.0	0.0	0.0	0.0	0.0	0.0	0.0	0.0	0.0	0.0	0.0	0.0	0.0	0.0	0.0	0.0	0.0	0.0	15.0	0.0	75.0	0.0	0.0	0.0	0.0	0.0	0.0	0.0	0.0	0.0	0.0	0.0	0.0	0.0	0.0	0.0	0.0	0.0	57.0	0.0	0.0	0.0	0.0	0.0	0.0	0.0	0.0	0.0	0.0	0.0	0.0	0.0	0.0	0.0	0.0	0.0	0.0	0.0	0.0	0.0	0.0	0.0	0.0	0.0	0.0	0.0	0.0	0.0	0.0	0.0	0.0	0.0	0.0	0.0	0.0	0.0	0.0	0.0	0.0	0.0	0.0	0.0
SRR11143441	0.0	673.0	129.0	133.0	0.0	297.0	0.0	0.0	398.0	0.0	289.0	0.0	278.0	85.0	393.0	394.0	56.0	214.0	208.0	26.0	100.0	0.0	0.0	165.0	126.0	0.0	17.0	35.0	410.0	30.0	47.0	534.0	0.0	14.0	0.0	0.0	72.0	0.0	314.0	135.0	122.0	90.0	0.0	59.0	8.0	0.0	120.0	574.0	430.0	0.0	0.0	27.0	238.0	372.0	0.0	0.0	0.0	185.0	0.0	0.0	0.0	0.0	0.0	0.0	0.0	225.0	134.0	23.0	217.0	0.0	315.0	0.0	0.0	0.0	0.0	0.0	45.0	0.0	0.0	0.0	53.0	0.0	0.0	0.0	0.0	0.0	0.0	0.0	0.0	0.0	203.0	0.0	53.0	0.0	0.0	0.0	93.0	12.0	0.0	0.0	105.0	0.0	0.0	10.0	0.0	0.0	91.0	0.0	0.0	41.0	0.0	0.0	0.0	0.0	0.0	0.0	0.0	0.0	0.0	0.0	0.0	32.0	0.0	0.0	213.0	59.0	0.0	0.0	0.0	0.0	0.0	0.0	0.0	0.0	0.0	0.0	96.0	92.0	0.0	0.0	0.0	0.0	0.0	0.0	0.0	12.0	0.0	65.0	0.0	0.0	0.0	0.0	0.0	0.0	0.0	13.0	0.0	0.0	0.0	0.0	0.0	25.0	0.0	0.0	0.0	30.0	0.0	0.0	0.0	68.0	0.0	0.0	283.0	26.0	0.0	0.0	0.0	0.0	182.0	0.0	0.0	0.0	0.0	0.0	0.0	0.0	0.0	0.0	0.0	17.0	0.0	0.0	0.0	0.0	0.0	0.0	142.0	0.0	0.0	0.0	0.0	0.0	0.0	0.0	0.0	0.0	0.0	0.0	0.0	17.0	0.0	0.0	0.0	0.0	0.0	0.0	0.0	0.0	0.0	2.0	0.0	0.0	0.0	0.0	0.0	0.0	0.0	0.0	0.0	0.0	0.0	0.0	0.0	0.0	0.0	0.0	0.0	0.0	3.0	0.0	0.0	0.0	0.0	0.0	0.0	0.0	0.0	0.0	0.0	0.0	0.0	0.0	0.0	0.0	0.0	0.0	0.0	0.0	0.0	0.0	0.0	91.0	0.0	0.0	0.0	0.0	0.0	0.0	0.0	0.0	0.0	0.0	0.0	44.0	0.0	0.0	0.0	12.0	0.0	0.0	0.0	0.0	0.0	0.0	0.0	0.0	0.0	0.0	0.0	0.0	0.0	0.0	0.0	0.0	0.0	0.0	0.0	0.0	0.0	0.0	0.0	4.0	0.0	0.0	0.0	0.0	0.0	0.0	0.0	0.0
SRR11143442	685.0	35.0	288.0	120.0	197.0	1966.0	341.0	0.0	486.0	0.0	1128.0	142.0	432.0	351.0	449.0	0.0	216.0	123.0	285.0	0.0	1429.0	1148.0	44.0	1162.0	91.0	41.0	538.0	260.0	189.0	0.0	203.0	173.0	271.0	45.0	478.0	61.0	0.0	0.0	688.0	426.0	176.0	173.0	0.0	438.0	0.0	7.0	619.0	56.0	0.0	749.0	34.0	0.0	27.0	0.0	485.0	127.0	402.0	119.0	0.0	0.0	196.0	107.0	0.0	47.0	0.0	121.0	396.0	341.0	512.0	38.0	0.0	637.0	81.0	0.0	105.0	0.0	113.0	27.0	0.0	186.0	0.0	0.0	411.0	34.0	60.0	0.0	0.0	0.0	49.0	0.0	0.0	0.0	0.0	0.0	0.0	0.0	0.0	0.0	359.0	0.0	88.0	20.0	282.0	19.0	44.0	0.0	289.0	118.0	0.0	548.0	62.0	0.0	80.0	0.0	124.0	176.0	16.0	53.0	5.0	0.0	54.0	0.0	164.0	71.0	76.0	63.0	0.0	45.0	0.0	0.0	93.0	0.0	0.0	0.0	0.0	0.0	0.0	0.0	0.0	0.0	80.0	77.0	0.0	0.0	0.0	0.0	0.0	0.0	0.0	0.0	0.0	0.0	0.0	0.0	21.0	0.0	0.0	0.0	0.0	0.0	0.0	47.0	0.0	0.0	0.0	0.0	0.0	75.0	0.0	0.0	82.0	66.0	0.0	0.0	46.0	14.0	0.0	0.0	0.0	0.0	0.0	0.0	44.0	0.0	0.0	0.0	0.0	0.0	50.0	0.0	0.0	0.0	0.0	0.0	0.0	0.0	0.0	0.0	95.0	52.0	0.0	0.0	0.0	28.0	0.0	55.0	0.0	11.0	0.0	0.0	23.0	0.0	21.0	0.0	0.0	0.0	8.0	0.0	0.0	0.0	0.0	0.0	0.0	0.0	0.0	0.0	0.0	27.0	0.0	32.0	0.0	0.0	0.0	0.0	0.0	0.0	0.0	0.0	0.0	0.0	0.0	0.0	0.0	0.0	0.0	0.0	0.0	0.0	0.0	0.0	0.0	0.0	0.0	0.0	0.0	0.0	0.0	0.0	0.0	0.0	0.0	0.0	0.0	0.0	0.0	0.0	0.0	12.0	0.0	0.0	0.0	0.0	0.0	0.0	0.0	0.0	0.0	0.0	0.0	0.0	0.0	0.0	0.0	0.0	0.0	0.0	0.0	0.0	0.0	0.0	0.0	0.0	0.0	0.0	0.0	0.0	0.0	0.0	0.0	0.0	0.0	0.0	0.0	0.0	0.0	0.0	0.0	0.0	0.0	0.0
SRR11143443	738.0	0.0	157.0	68.0	231.0	1542.0	494.0	0.0	290.0	0.0	1234.0	79.0	309.0	391.0	373.0	0.0	121.0	103.0	359.0	0.0	1188.0	1344.0	0.0	472.0	73.0	174.0	697.0	181.0	256.0	0.0	192.0	126.0	30.0	26.0	627.0	443.0	0.0	0.0	706.0	266.0	81.0	166.0	38.0	343.0	0.0	0.0	604.0	0.0	0.0	693.0	31.0	0.0	0.0	0.0	551.0	157.0	348.0	88.0	0.0	0.0	240.0	28.0	0.0	90.0	0.0	0.0	340.0	250.0	323.0	53.0	0.0	498.0	113.0	0.0	99.0	0.0	154.0	46.0	0.0	346.0	0.0	0.0	380.0	34.0	61.0	0.0	0.0	0.0	0.0	0.0	0.0	0.0	0.0	0.0	0.0	13.0	0.0	0.0	135.0	43.0	94.0	96.0	280.0	0.0	0.0	0.0	195.0	43.0	0.0	77.0	33.0	0.0	82.0	0.0	74.0	147.0	9.0	0.0	16.0	0.0	72.0	0.0	133.0	92.0	0.0	129.0	0.0	85.0	0.0	0.0	22.0	0.0	100.0	0.0	0.0	0.0	0.0	0.0	0.0	0.0	107.0	26.0	0.0	0.0	0.0	56.0	38.0	51.0	0.0	0.0	0.0	0.0	0.0	0.0	163.0	0.0	0.0	0.0	0.0	18.0	0.0	93.0	0.0	0.0	0.0	0.0	0.0	47.0	0.0	0.0	97.0	133.0	0.0	0.0	31.0	0.0	0.0	0.0	0.0	0.0	0.0	0.0	0.0	0.0	0.0	0.0	35.0	0.0	45.0	0.0	0.0	0.0	0.0	0.0	0.0	0.0	0.0	0.0	0.0	0.0	0.0	0.0	0.0	0.0	0.0	13.0	31.0	0.0	0.0	0.0	45.0	0.0	0.0	0.0	0.0	0.0	0.0	0.0	0.0	0.0	0.0	0.0	0.0	0.0	36.0	0.0	0.0	0.0	0.0	27.0	0.0	0.0	0.0	0.0	0.0	113.0	0.0	0.0	0.0	0.0	0.0	0.0	0.0	0.0	0.0	0.0	0.0	0.0	0.0	0.0	0.0	0.0	0.0	0.0	0.0	0.0	0.0	0.0	0.0	0.0	0.0	0.0	0.0	0.0	0.0	0.0	0.0	0.0	0.0	0.0	0.0	0.0	0.0	0.0	0.0	0.0	0.0	0.0	0.0	0.0	0.0	0.0	0.0	0.0	0.0	0.0	0.0	0.0	0.0	0.0	0.0	0.0	0.0	45.0	0.0	0.0	0.0	0.0	0.0	0.0	0.0	0.0	0.0	0.0	0.0	0.0	0.0	38.0	0.0	0.0
SRR11143444	381.0	134.0	253.0	96.0	167.0	1461.0	490.0	0.0	303.0	0.0	994.0	142.0	212.0	326.0	369.0	0.0	131.0	121.0	254.0	0.0	1102.0	926.0	0.0	746.0	44.0	12.0	570.0	86.0	205.0	0.0	0.0	124.0	321.0	68.0	608.0	15.0	0.0	0.0	623.0	384.0	81.0	227.0	55.0	455.0	24.0	89.0	480.0	0.0	0.0	561.0	26.0	0.0	26.0	59.0	415.0	0.0	280.0	111.0	0.0	0.0	92.0	23.0	0.0	65.0	0.0	72.0	228.0	208.0	324.0	94.0	0.0	433.0	12.0	0.0	71.0	0.0	0.0	0.0	0.0	217.0	0.0	9.0	171.0	0.0	0.0	0.0	0.0	0.0	17.0	104.0	0.0	0.0	0.0	0.0	0.0	22.0	0.0	0.0	253.0	20.0	102.0	21.0	190.0	63.0	0.0	0.0	151.0	0.0	56.0	266.0	18.0	0.0	66.0	0.0	28.0	99.0	0.0	0.0	0.0	0.0	35.0	0.0	0.0	60.0	49.0	62.0	0.0	0.0	0.0	0.0	39.0	0.0	0.0	0.0	0.0	0.0	0.0	0.0	0.0	0.0	0.0	0.0	0.0	0.0	0.0	0.0	0.0	0.0	0.0	0.0	0.0	45.0	0.0	0.0	58.0	0.0	0.0	0.0	0.0	0.0	0.0	0.0	0.0	0.0	0.0	0.0	0.0	52.0	0.0	0.0	21.0	21.0	0.0	0.0	0.0	0.0	0.0	0.0	0.0	0.0	0.0	0.0	0.0	0.0	0.0	0.0	19.0	0.0	34.0	0.0	0.0	0.0	0.0	0.0	0.0	0.0	0.0	0.0	40.0	16.0	0.0	0.0	0.0	19.0	0.0	0.0	35.0	0.0	0.0	0.0	28.0	0.0	0.0	0.0	0.0	0.0	0.0	0.0	0.0	0.0	0.0	0.0	0.0	0.0	0.0	0.0	0.0	0.0	0.0	0.0	0.0	0.0	0.0	0.0	0.0	0.0	0.0	0.0	0.0	0.0	0.0	0.0	0.0	0.0	0.0	0.0	0.0	0.0	0.0	0.0	0.0	0.0	0.0	0.0	0.0	0.0	0.0	0.0	0.0	0.0	0.0	0.0	0.0	0.0	0.0	0.0	0.0	0.0	0.0	0.0	0.0	0.0	0.0	0.0	0.0	0.0	0.0	0.0	0.0	0.0	0.0	0.0	0.0	0.0	0.0	0.0	0.0	0.0	0.0	0.0	0.0	0.0	0.0	0.0	0.0	0.0	0.0	0.0	0.0	0.0	0.0	0.0	0.0	0.0	0.0	0.0	0.0	0.0	0.0	0.0
SRR11143445	592.0	125.0	215.0	192.0	105.0	1653.0	653.0	0.0	499.0	0.0	1599.0	57.0	553.0	628.0	371.0	0.0	70.0	44.0	482.0	0.0	1309.0	690.0	55.0	1567.0	133.0	0.0	482.0	339.0	183.0	0.0	188.0	243.0	531.0	112.0	651.0	176.0	0.0	0.0	691.0	466.0	107.0	156.0	26.0	251.0	0.0	56.0	517.0	156.0	62.0	414.0	35.0	0.0	49.0	58.0	587.0	63.0	595.0	604.0	77.0	0.0	273.0	128.0	0.0	0.0	0.0	152.0	358.0	274.0	0.0	48.0	0.0	462.0	36.0	0.0	34.0	0.0	0.0	33.0	158.0	315.0	0.0	0.0	159.0	79.0	155.0	25.0	0.0	0.0	0.0	0.0	130.0	0.0	0.0	0.0	0.0	0.0	0.0	0.0	204.0	0.0	134.0	31.0	316.0	0.0	0.0	0.0	170.0	125.0	0.0	250.0	0.0	0.0	119.0	0.0	47.0	236.0	0.0	53.0	17.0	0.0	42.0	0.0	124.0	57.0	175.0	163.0	0.0	69.0	0.0	0.0	49.0	0.0	0.0	0.0	0.0	0.0	0.0	0.0	0.0	0.0	0.0	26.0	0.0	0.0	27.0	0.0	0.0	138.0	0.0	0.0	0.0	0.0	0.0	0.0	50.0	0.0	48.0	0.0	0.0	0.0	0.0	33.0	0.0	0.0	0.0	0.0	0.0	46.0	0.0	0.0	28.0	0.0	0.0	0.0	42.0	38.0	0.0	0.0	0.0	0.0	0.0	0.0	0.0	0.0	0.0	0.0	0.0	0.0	28.0	0.0	0.0	0.0	0.0	0.0	19.0	43.0	0.0	24.0	24.0	0.0	0.0	0.0	0.0	56.0	0.0	22.0	38.0	0.0	0.0	0.0	0.0	0.0	16.0	0.0	0.0	0.0	0.0	0.0	0.0	0.0	9.0	0.0	0.0	0.0	0.0	0.0	0.0	0.0	0.0	89.0	0.0	0.0	0.0	0.0	0.0	0.0	0.0	0.0	0.0	0.0	0.0	0.0	0.0	0.0	0.0	0.0	0.0	0.0	0.0	0.0	0.0	0.0	0.0	0.0	0.0	0.0	0.0	0.0	0.0	0.0	0.0	0.0	0.0	0.0	0.0	0.0	0.0	0.0	0.0	0.0	0.0	0.0	0.0	0.0	0.0	0.0	0.0	0.0	0.0	0.0	0.0	0.0	0.0	0.0	0.0	0.0	0.0	22.0	0.0	0.0	0.0	0.0	0.0	0.0	0.0	20.0	0.0	0.0	0.0	9.0	0.0	0.0	0.0	0.0	0.0	0.0	0.0	0.0	0.0	0.0
SRR11143447	675.0	274.0	185.0	125.0	465.0	990.0	676.0	89.0	477.0	0.0	1070.0	132.0	540.0	405.0	289.0	57.0	110.0	123.0	160.0	0.0	1194.0	570.0	38.0	978.0	0.0	45.0	489.0	431.0	150.0	0.0	192.0	213.0	95.0	208.0	520.0	30.0	0.0	0.0	481.0	265.0	0.0	163.0	0.0	248.0	0.0	21.0	377.0	221.0	0.0	568.0	43.0	0.0	44.0	0.0	405.0	161.0	363.0	151.0	0.0	0.0	66.0	60.0	0.0	78.0	0.0	211.0	246.0	301.0	533.0	115.0	72.0	163.0	103.0	138.0	82.0	18.0	154.0	0.0	86.0	249.0	0.0	0.0	323.0	40.0	92.0	0.0	0.0	0.0	12.0	0.0	0.0	0.0	0.0	0.0	30.0	24.0	0.0	15.0	36.0	0.0	162.0	74.0	113.0	38.0	19.0	0.0	266.0	0.0	0.0	204.0	0.0	0.0	120.0	0.0	52.0	103.0	0.0	16.0	0.0	12.0	0.0	0.0	45.0	0.0	216.0	0.0	0.0	27.0	159.0	0.0	0.0	0.0	0.0	0.0	0.0	0.0	0.0	0.0	0.0	0.0	0.0	0.0	0.0	0.0	0.0	0.0	29.0	0.0	0.0	0.0	0.0	68.0	0.0	0.0	16.0	0.0	0.0	0.0	0.0	0.0	0.0	12.0	0.0	0.0	0.0	0.0	0.0	47.0	0.0	0.0	15.0	90.0	0.0	0.0	0.0	0.0	0.0	0.0	0.0	0.0	0.0	0.0	0.0	0.0	0.0	0.0	0.0	0.0	0.0	0.0	0.0	0.0	0.0	0.0	0.0	0.0	0.0	0.0	0.0	0.0	0.0	0.0	0.0	0.0	0.0	0.0	0.0	0.0	0.0	0.0	19.0	0.0	17.0	0.0	0.0	0.0	0.0	0.0	0.0	0.0	0.0	0.0	0.0	0.0	0.0	0.0	0.0	0.0	0.0	0.0	0.0	0.0	0.0	0.0	0.0	0.0	0.0	0.0	0.0	0.0	0.0	0.0	0.0	0.0	0.0	0.0	0.0	0.0	0.0	0.0	0.0	0.0	0.0	0.0	0.0	0.0	0.0	0.0	0.0	0.0	0.0	0.0	0.0	0.0	0.0	0.0	0.0	0.0	0.0	0.0	0.0	0.0	0.0	0.0	0.0	0.0	0.0	0.0	0.0	0.0	0.0	0.0	0.0	0.0	0.0	0.0	0.0	0.0	0.0	0.0	0.0	0.0	0.0	0.0	0.0	0.0	0.0	0.0	0.0	0.0	0.0	0.0	0.0	0.0	0.0	0.0	0.0	0.0	0.0	0.0
SRR11143448	905.0	719.0	66.0	119.0	216.0	1258.0	274.0	0.0	407.0	0.0	835.0	166.0	547.0	72.0	0.0	38.0	49.0	0.0	197.0	0.0	906.0	494.0	186.0	1367.0	77.0	0.0	101.0	364.0	86.0	0.0	112.0	141.0	107.0	254.0	1231.0	0.0	0.0	0.0	320.0	229.0	87.0	225.0	0.0	109.0	0.0	0.0	0.0	675.0	96.0	87.0	47.0	0.0	88.0	133.0	355.0	0.0	393.0	227.0	104.0	0.0	0.0	0.0	0.0	54.0	0.0	187.0	211.0	326.0	159.0	81.0	55.0	0.0	0.0	0.0	0.0	40.0	100.0	0.0	0.0	62.0	0.0	0.0	0.0	53.0	257.0	0.0	0.0	0.0	0.0	0.0	252.0	0.0	0.0	0.0	28.0	0.0	0.0	173.0	0.0	0.0	70.0	0.0	93.0	31.0	19.0	0.0	0.0	27.0	0.0	0.0	0.0	96.0	0.0	0.0	0.0	133.0	0.0	0.0	0.0	0.0	0.0	0.0	0.0	0.0	307.0	0.0	0.0	0.0	139.0	0.0	0.0	0.0	0.0	0.0	11.0	0.0	0.0	0.0	0.0	0.0	0.0	0.0	0.0	0.0	0.0	0.0	0.0	0.0	0.0	0.0	0.0	51.0	0.0	0.0	0.0	0.0	0.0	0.0	0.0	0.0	0.0	0.0	24.0	0.0	0.0	0.0	0.0	0.0	0.0	0.0	0.0	0.0	0.0	0.0	31.0	0.0	0.0	78.0	0.0	0.0	0.0	0.0	0.0	0.0	0.0	0.0	0.0	0.0	0.0	0.0	0.0	0.0	0.0	0.0	0.0	0.0	0.0	0.0	0.0	0.0	26.0	0.0	0.0	0.0	0.0	0.0	0.0	7.0	0.0	0.0	0.0	0.0	0.0	0.0	0.0	0.0	0.0	0.0	0.0	0.0	0.0	0.0	0.0	0.0	0.0	0.0	0.0	0.0	0.0	0.0	0.0	0.0	0.0	0.0	0.0	0.0	0.0	0.0	0.0	0.0	0.0	0.0	0.0	0.0	0.0	0.0	0.0	0.0	0.0	0.0	0.0	0.0	0.0	0.0	0.0	0.0	0.0	0.0	0.0	0.0	0.0	0.0	0.0	0.0	0.0	0.0	0.0	0.0	0.0	0.0	0.0	0.0	0.0	0.0	0.0	0.0	0.0	0.0	0.0	0.0	0.0	0.0	0.0	0.0	0.0	0.0	0.0	12.0	0.0	0.0	0.0	0.0	0.0	0.0	0.0	0.0	0.0	0.0	0.0	0.0	0.0	0.0	0.0	0.0	0.0	0.0	0.0	0.0	0.0	0.0
SRR11143449	898.0	449.0	40.0	0.0	85.0	1098.0	522.0	0.0	337.0	0.0	572.0	331.0	456.0	228.0	232.0	52.0	97.0	0.0	321.0	0.0	829.0	582.0	107.0	1245.0	86.0	0.0	198.0	525.0	0.0	0.0	247.0	233.0	257.0	380.0	687.0	0.0	20.0	0.0	296.0	230.0	90.0	125.0	0.0	0.0	0.0	0.0	40.0	901.0	0.0	113.0	41.0	54.0	155.0	61.0	371.0	0.0	346.0	445.0	69.0	0.0	0.0	22.0	0.0	77.0	0.0	250.0	198.0	479.0	639.0	0.0	57.0	0.0	0.0	0.0	0.0	0.0	0.0	0.0	31.0	98.0	0.0	0.0	28.0	82.0	134.0	0.0	0.0	0.0	0.0	275.0	105.0	0.0	0.0	0.0	38.0	0.0	0.0	0.0	0.0	0.0	193.0	0.0	0.0	52.0	49.0	0.0	43.0	47.0	0.0	59.0	0.0	0.0	0.0	0.0	0.0	265.0	0.0	0.0	0.0	0.0	0.0	0.0	0.0	0.0	213.0	43.0	0.0	0.0	0.0	0.0	0.0	0.0	0.0	0.0	0.0	0.0	0.0	0.0	0.0	0.0	0.0	0.0	0.0	0.0	0.0	0.0	0.0	0.0	0.0	0.0	0.0	0.0	13.0	0.0	0.0	0.0	38.0	0.0	0.0	0.0	0.0	16.0	21.0	27.0	0.0	0.0	0.0	0.0	0.0	0.0	0.0	0.0	0.0	28.0	50.0	0.0	0.0	0.0	0.0	0.0	0.0	0.0	0.0	0.0	0.0	0.0	0.0	0.0	0.0	0.0	0.0	0.0	0.0	0.0	0.0	0.0	0.0	0.0	0.0	0.0	0.0	0.0	0.0	0.0	0.0	0.0	0.0	0.0	0.0	0.0	0.0	0.0	0.0	0.0	0.0	0.0	0.0	0.0	0.0	0.0	0.0	0.0	0.0	0.0	0.0	0.0	0.0	13.0	0.0	0.0	0.0	0.0	0.0	0.0	0.0	0.0	0.0	0.0	0.0	0.0	0.0	0.0	0.0	0.0	0.0	0.0	0.0	0.0	0.0	0.0	0.0	0.0	0.0	0.0	0.0	0.0	0.0	0.0	0.0	0.0	0.0	0.0	0.0	0.0	0.0	0.0	0.0	0.0	0.0	0.0	0.0	0.0	0.0	0.0	0.0	0.0	0.0	0.0	0.0	0.0	0.0	0.0	0.0	0.0	0.0	0.0	0.0	0.0	0.0	0.0	0.0	0.0	0.0	0.0	0.0	0.0	0.0	0.0	0.0	0.0	0.0	0.0	0.0	0.0	0.0	0.0	0.0	0.0	0.0	0.0
SRR11143450	475.0	337.0	50.0	0.0	43.0	776.0	211.0	0.0	563.0	0.0	774.0	196.0	697.0	112.0	176.0	187.0	46.0	123.0	206.0	0.0	906.0	123.0	60.0	891.0	134.0	0.0	117.0	316.0	91.0	0.0	367.0	209.0	68.0	337.0	494.0	0.0	0.0	0.0	147.0	178.0	86.0	177.0	0.0	236.0	0.0	0.0	12.0	337.0	0.0	118.0	42.0	0.0	117.0	179.0	208.0	15.0	388.0	247.0	0.0	22.0	69.0	0.0	0.0	0.0	0.0	265.0	177.0	167.0	256.0	21.0	31.0	0.0	0.0	22.0	0.0	0.0	96.0	0.0	58.0	58.0	0.0	25.0	241.0	59.0	286.0	0.0	0.0	0.0	0.0	58.0	0.0	0.0	0.0	0.0	0.0	22.0	149.0	25.0	0.0	0.0	119.0	79.0	186.0	0.0	0.0	0.0	164.0	241.0	0.0	0.0	0.0	72.0	31.0	0.0	0.0	131.0	0.0	0.0	0.0	9.0	16.0	0.0	11.0	0.0	326.0	0.0	0.0	0.0	0.0	0.0	0.0	0.0	0.0	0.0	0.0	0.0	0.0	34.0	0.0	0.0	45.0	0.0	0.0	0.0	0.0	12.0	22.0	0.0	55.0	0.0	0.0	0.0	0.0	0.0	0.0	0.0	162.0	0.0	0.0	0.0	0.0	20.0	0.0	58.0	0.0	0.0	0.0	0.0	0.0	0.0	23.0	0.0	134.0	0.0	0.0	16.0	0.0	0.0	0.0	0.0	0.0	0.0	0.0	0.0	0.0	0.0	0.0	0.0	0.0	0.0	0.0	0.0	0.0	0.0	0.0	0.0	20.0	0.0	0.0	0.0	0.0	0.0	0.0	0.0	0.0	0.0	67.0	0.0	0.0	0.0	10.0	0.0	0.0	0.0	0.0	0.0	0.0	0.0	0.0	0.0	0.0	0.0	0.0	0.0	0.0	0.0	0.0	0.0	0.0	0.0	0.0	0.0	0.0	0.0	0.0	0.0	0.0	0.0	0.0	0.0	0.0	5.0	0.0	0.0	0.0	0.0	0.0	0.0	0.0	0.0	0.0	0.0	0.0	0.0	0.0	0.0	0.0	0.0	0.0	0.0	0.0	0.0	0.0	0.0	0.0	0.0	0.0	0.0	0.0	0.0	0.0	0.0	0.0	0.0	0.0	0.0	0.0	0.0	0.0	0.0	0.0	0.0	0.0	0.0	0.0	0.0	0.0	0.0	0.0	0.0	0.0	0.0	0.0	0.0	0.0	0.0	0.0	0.0	0.0	0.0	0.0	0.0	0.0	0.0	0.0	0.0	0.0	0.0	0.0	0.0
SRR11143451	523.0	189.0	106.0	93.0	117.0	560.0	0.0	0.0	392.0	0.0	644.0	87.0	355.0	95.0	139.0	42.0	88.0	0.0	148.0	0.0	786.0	199.0	189.0	896.0	56.0	0.0	130.0	675.0	0.0	0.0	406.0	239.0	371.0	298.0	588.0	0.0	25.0	0.0	258.0	512.0	81.0	74.0	0.0	0.0	0.0	0.0	0.0	755.0	0.0	33.0	20.0	33.0	0.0	315.0	102.0	0.0	309.0	188.0	0.0	0.0	0.0	0.0	0.0	0.0	0.0	280.0	218.0	269.0	621.0	0.0	222.0	0.0	0.0	0.0	0.0	0.0	42.0	0.0	0.0	0.0	0.0	0.0	0.0	0.0	233.0	0.0	0.0	0.0	0.0	57.0	323.0	0.0	0.0	0.0	37.0	0.0	0.0	0.0	0.0	0.0	95.0	0.0	0.0	0.0	0.0	0.0	0.0	30.0	0.0	0.0	0.0	0.0	0.0	0.0	0.0	209.0	0.0	0.0	0.0	16.0	0.0	0.0	23.0	0.0	420.0	35.0	0.0	0.0	0.0	0.0	0.0	0.0	0.0	0.0	0.0	0.0	0.0	0.0	0.0	0.0	0.0	0.0	0.0	0.0	0.0	0.0	0.0	0.0	56.0	0.0	0.0	0.0	0.0	0.0	0.0	0.0	59.0	0.0	0.0	0.0	0.0	0.0	0.0	0.0	0.0	0.0	0.0	0.0	0.0	0.0	0.0	0.0	0.0	0.0	43.0	0.0	0.0	0.0	0.0	0.0	0.0	0.0	0.0	0.0	0.0	0.0	0.0	0.0	0.0	0.0	0.0	0.0	0.0	0.0	0.0	0.0	0.0	0.0	0.0	0.0	0.0	0.0	0.0	0.0	0.0	0.0	0.0	0.0	0.0	0.0	0.0	0.0	0.0	0.0	0.0	0.0	0.0	0.0	0.0	0.0	0.0	0.0	0.0	0.0	0.0	0.0	0.0	0.0	0.0	0.0	0.0	53.0	0.0	0.0	0.0	0.0	0.0	0.0	0.0	0.0	0.0	13.0	0.0	0.0	0.0	0.0	0.0	0.0	0.0	0.0	0.0	0.0	0.0	0.0	0.0	0.0	0.0	0.0	0.0	0.0	0.0	0.0	0.0	0.0	0.0	0.0	0.0	0.0	0.0	0.0	0.0	0.0	0.0	0.0	0.0	0.0	0.0	0.0	0.0	0.0	0.0	0.0	0.0	0.0	0.0	0.0	0.0	0.0	0.0	0.0	0.0	0.0	0.0	0.0	0.0	0.0	0.0	0.0	0.0	0.0	0.0	0.0	0.0	0.0	0.0	0.0	0.0	0.0	0.0	0.0
SRR11143452	1262.0	796.0	71.0	270.0	113.0	1823.0	432.0	0.0	751.0	0.0	1215.0	194.0	973.0	189.0	479.0	335.0	33.0	238.0	464.0	0.0	1992.0	541.0	78.0	1550.0	126.0	0.0	132.0	1152.0	105.0	0.0	906.0	205.0	636.0	772.0	730.0	0.0	42.0	0.0	362.0	424.0	297.0	271.0	12.0	132.0	0.0	72.0	33.0	440.0	94.0	304.0	39.0	115.0	326.0	521.0	284.0	0.0	486.0	514.0	0.0	0.0	79.0	0.0	0.0	0.0	0.0	132.0	221.0	423.0	633.0	113.0	275.0	0.0	0.0	38.0	28.0	0.0	288.0	0.0	67.0	146.0	30.0	0.0	0.0	0.0	403.0	60.0	0.0	22.0	49.0	0.0	48.0	0.0	0.0	11.0	118.0	0.0	0.0	55.0	267.0	15.0	224.0	21.0	325.0	0.0	0.0	123.0	0.0	59.0	0.0	226.0	0.0	0.0	0.0	0.0	0.0	344.0	0.0	0.0	0.0	77.0	0.0	0.0	13.0	0.0	527.0	0.0	0.0	0.0	41.0	0.0	0.0	0.0	0.0	0.0	0.0	70.0	0.0	172.0	0.0	0.0	0.0	45.0	0.0	0.0	0.0	22.0	65.0	102.0	103.0	0.0	0.0	0.0	0.0	0.0	0.0	0.0	79.0	0.0	0.0	0.0	0.0	0.0	0.0	0.0	0.0	0.0	0.0	0.0	0.0	0.0	0.0	0.0	107.0	0.0	0.0	0.0	0.0	56.0	64.0	0.0	0.0	0.0	0.0	0.0	0.0	0.0	0.0	0.0	0.0	0.0	0.0	0.0	0.0	12.0	0.0	40.0	46.0	0.0	0.0	0.0	47.0	0.0	0.0	0.0	0.0	0.0	13.0	0.0	0.0	0.0	0.0	0.0	0.0	0.0	0.0	0.0	0.0	0.0	0.0	0.0	0.0	0.0	0.0	0.0	0.0	0.0	0.0	0.0	0.0	0.0	0.0	40.0	0.0	0.0	0.0	0.0	0.0	0.0	0.0	0.0	0.0	7.0	0.0	0.0	0.0	0.0	0.0	0.0	0.0	0.0	0.0	0.0	0.0	0.0	0.0	0.0	0.0	0.0	0.0	0.0	0.0	0.0	0.0	0.0	0.0	0.0	0.0	0.0	0.0	0.0	0.0	0.0	0.0	0.0	0.0	0.0	0.0	0.0	0.0	0.0	0.0	0.0	0.0	0.0	0.0	0.0	0.0	0.0	0.0	0.0	0.0	0.0	0.0	0.0	0.0	0.0	0.0	0.0	0.0	0.0	0.0	0.0	0.0	0.0	0.0	0.0	0.0	0.0	0.0	0.0
SRR11143453	900.0	401.0	35.0	102.0	237.0	1439.0	437.0	0.0	393.0	0.0	645.0	195.0	560.0	134.0	172.0	200.0	64.0	132.0	244.0	0.0	381.0	534.0	0.0	1408.0	82.0	29.0	292.0	279.0	0.0	0.0	147.0	147.0	135.0	296.0	603.0	0.0	26.0	0.0	383.0	269.0	186.0	354.0	113.0	303.0	0.0	176.0	0.0	544.0	79.0	24.0	26.0	28.0	65.0	180.0	88.0	0.0	314.0	238.0	272.0	0.0	54.0	24.0	0.0	78.0	0.0	195.0	294.0	328.0	674.0	55.0	164.0	82.0	0.0	0.0	40.0	0.0	281.0	0.0	0.0	49.0	0.0	0.0	91.0	40.0	108.0	0.0	0.0	0.0	0.0	63.0	256.0	0.0	0.0	0.0	0.0	20.0	0.0	54.0	74.0	0.0	200.0	127.0	0.0	0.0	0.0	0.0	26.0	34.0	0.0	113.0	0.0	0.0	0.0	0.0	20.0	138.0	0.0	82.0	0.0	12.0	0.0	0.0	7.0	36.0	505.0	35.0	0.0	19.0	0.0	0.0	0.0	0.0	0.0	0.0	0.0	0.0	0.0	0.0	0.0	0.0	0.0	113.0	0.0	0.0	0.0	0.0	180.0	0.0	0.0	0.0	0.0	0.0	0.0	25.0	0.0	0.0	0.0	0.0	0.0	0.0	0.0	0.0	12.0	0.0	0.0	0.0	0.0	0.0	0.0	0.0	0.0	0.0	67.0	0.0	43.0	0.0	0.0	0.0	0.0	0.0	0.0	0.0	0.0	0.0	0.0	0.0	0.0	0.0	0.0	0.0	0.0	0.0	0.0	0.0	0.0	0.0	0.0	0.0	0.0	0.0	0.0	0.0	0.0	0.0	0.0	0.0	37.0	0.0	0.0	0.0	12.0	0.0	0.0	0.0	0.0	0.0	0.0	0.0	0.0	0.0	0.0	0.0	0.0	0.0	0.0	0.0	0.0	0.0	0.0	0.0	0.0	0.0	0.0	0.0	0.0	0.0	0.0	0.0	0.0	0.0	0.0	0.0	0.0	0.0	0.0	0.0	0.0	0.0	0.0	0.0	0.0	0.0	0.0	0.0	0.0	0.0	0.0	0.0	0.0	0.0	0.0	0.0	0.0	0.0	0.0	0.0	0.0	0.0	0.0	0.0	0.0	0.0	0.0	0.0	0.0	0.0	0.0	0.0	0.0	0.0	0.0	0.0	0.0	0.0	0.0	0.0	0.0	0.0	0.0	0.0	0.0	0.0	0.0	0.0	0.0	0.0	0.0	0.0	0.0	0.0	0.0	0.0	0.0	0.0	0.0	0.0	0.0	0.0	0.0	0.0
SRR11143454	680.0	762.0	42.0	213.0	203.0	1206.0	346.0	0.0	400.0	0.0	976.0	144.0	327.0	255.0	266.0	0.0	160.0	111.0	124.0	0.0	678.0	214.0	0.0	957.0	79.0	26.0	257.0	229.0	90.0	0.0	173.0	345.0	51.0	174.0	345.0	0.0	0.0	0.0	476.0	216.0	0.0	122.0	9.0	123.0	0.0	55.0	0.0	551.0	0.0	171.0	17.0	17.0	47.0	172.0	186.0	0.0	196.0	0.0	0.0	0.0	140.0	0.0	0.0	0.0	0.0	117.0	283.0	49.0	390.0	0.0	64.0	109.0	0.0	72.0	81.0	0.0	147.0	0.0	0.0	0.0	0.0	0.0	0.0	0.0	150.0	0.0	0.0	0.0	0.0	0.0	0.0	0.0	0.0	0.0	30.0	0.0	0.0	0.0	35.0	0.0	268.0	117.0	0.0	0.0	25.0	0.0	0.0	0.0	0.0	81.0	0.0	0.0	0.0	0.0	20.0	118.0	0.0	50.0	0.0	0.0	0.0	0.0	39.0	49.0	198.0	46.0	0.0	0.0	0.0	0.0	0.0	0.0	0.0	0.0	0.0	0.0	0.0	0.0	0.0	0.0	0.0	0.0	0.0	0.0	0.0	0.0	126.0	0.0	0.0	0.0	0.0	0.0	23.0	26.0	0.0	0.0	0.0	0.0	0.0	0.0	0.0	0.0	0.0	0.0	0.0	0.0	0.0	0.0	18.0	0.0	19.0	0.0	0.0	0.0	0.0	0.0	0.0	0.0	0.0	0.0	0.0	0.0	27.0	0.0	0.0	0.0	0.0	0.0	0.0	0.0	0.0	0.0	0.0	0.0	0.0	0.0	0.0	17.0	0.0	0.0	0.0	0.0	0.0	0.0	0.0	0.0	27.0	0.0	0.0	0.0	39.0	0.0	0.0	0.0	0.0	0.0	0.0	0.0	0.0	0.0	0.0	0.0	0.0	0.0	0.0	0.0	0.0	0.0	18.0	0.0	0.0	0.0	0.0	0.0	0.0	0.0	0.0	0.0	0.0	0.0	0.0	0.0	0.0	0.0	0.0	0.0	0.0	0.0	0.0	0.0	0.0	0.0	0.0	0.0	0.0	0.0	0.0	0.0	0.0	0.0	0.0	0.0	0.0	0.0	0.0	0.0	0.0	0.0	0.0	0.0	0.0	0.0	0.0	0.0	0.0	0.0	0.0	0.0	0.0	0.0	0.0	0.0	0.0	0.0	0.0	0.0	0.0	0.0	0.0	0.0	0.0	0.0	0.0	0.0	0.0	0.0	0.0	0.0	0.0	0.0	0.0	0.0	0.0	0.0	0.0	0.0	0.0	0.0	0.0	0.0
SRR11143462	0.0	1089.0	67.0	410.0	227.0	592.0	107.0	0.0	454.0	8.0	900.0	251.0	621.0	109.0	531.0	326.0	49.0	214.0	265.0	0.0	223.0	158.0	251.0	203.0	150.0	73.0	0.0	587.0	247.0	43.0	191.0	663.0	74.0	290.0	209.0	0.0	76.0	0.0	214.0	372.0	369.0	371.0	0.0	0.0	0.0	0.0	74.0	1330.0	217.0	458.0	0.0	29.0	529.0	361.0	118.0	0.0	347.0	1026.0	314.0	0.0	45.0	22.0	0.0	43.0	0.0	95.0	295.0	235.0	188.0	0.0	526.0	0.0	0.0	0.0	13.0	0.0	50.0	0.0	104.0	91.0	66.0	14.0	40.0	26.0	91.0	100.0	0.0	31.0	14.0	0.0	503.0	0.0	28.0	0.0	0.0	80.0	0.0	0.0	0.0	0.0	81.0	25.0	5.0	3.0	0.0	0.0	201.0	0.0	0.0	256.0	0.0	0.0	15.0	0.0	0.0	221.0	0.0	0.0	0.0	0.0	22.0	0.0	56.0	0.0	311.0	62.0	0.0	0.0	0.0	0.0	0.0	0.0	0.0	0.0	0.0	0.0	23.0	329.0	61.0	0.0	0.0	0.0	0.0	0.0	0.0	12.0	0.0	0.0	0.0	0.0	0.0	0.0	0.0	0.0	17.0	0.0	0.0	0.0	0.0	0.0	0.0	14.0	0.0	0.0	0.0	0.0	0.0	0.0	0.0	47.0	0.0	0.0	0.0	0.0	0.0	0.0	0.0	0.0	135.0	0.0	0.0	0.0	0.0	0.0	0.0	0.0	0.0	0.0	0.0	0.0	0.0	0.0	0.0	59.0	0.0	0.0	43.0	0.0	0.0	0.0	19.0	0.0	0.0	0.0	0.0	0.0	0.0	0.0	0.0	0.0	0.0	0.0	0.0	8.0	0.0	0.0	0.0	0.0	0.0	0.0	0.0	0.0	0.0	0.0	0.0	0.0	0.0	0.0	10.0	0.0	0.0	197.0	0.0	0.0	0.0	0.0	0.0	0.0	0.0	0.0	0.0	0.0	0.0	0.0	0.0	0.0	0.0	0.0	0.0	9.0	0.0	0.0	0.0	0.0	0.0	0.0	0.0	0.0	0.0	0.0	0.0	0.0	0.0	0.0	0.0	0.0	0.0	0.0	0.0	0.0	0.0	0.0	0.0	0.0	0.0	0.0	0.0	0.0	0.0	0.0	0.0	0.0	0.0	0.0	0.0	0.0	0.0	0.0	0.0	0.0	0.0	0.0	0.0	0.0	0.0	0.0	0.0	0.0	0.0	0.0	0.0	0.0	0.0	0.0	0.0	0.0	0.0	0.0	0.0	0.0
SRR11143464	319.0	471.0	0.0	273.0	0.0	726.0	500.0	113.0	564.0	0.0	508.0	57.0	249.0	104.0	96.0	94.0	93.0	155.0	69.0	0.0	0.0	175.0	162.0	65.0	107.0	0.0	154.0	37.0	177.0	0.0	59.0	214.0	12.0	0.0	265.0	0.0	96.0	0.0	0.0	53.0	80.0	162.0	0.0	74.0	114.0	0.0	317.0	431.0	146.0	263.0	0.0	0.0	59.0	0.0	237.0	0.0	381.0	926.0	167.0	0.0	0.0	0.0	0.0	370.0	77.0	97.0	133.0	0.0	464.0	0.0	292.0	0.0	0.0	0.0	0.0	10.0	308.0	0.0	678.0	627.0	0.0	0.0	37.0	0.0	0.0	0.0	53.0	0.0	0.0	127.0	177.0	0.0	0.0	0.0	22.0	8.0	0.0	0.0	0.0	0.0	395.0	0.0	0.0	0.0	0.0	132.0	117.0	71.0	0.0	128.0	0.0	193.0	0.0	0.0	0.0	105.0	0.0	0.0	0.0	0.0	50.0	0.0	11.0	0.0	127.0	83.0	0.0	0.0	0.0	0.0	0.0	0.0	13.0	0.0	0.0	0.0	55.0	144.0	0.0	0.0	0.0	0.0	0.0	0.0	0.0	0.0	0.0	0.0	0.0	0.0	0.0	13.0	0.0	0.0	0.0	0.0	21.0	0.0	3.0	0.0	0.0	0.0	0.0	0.0	0.0	0.0	0.0	0.0	0.0	21.0	0.0	23.0	23.0	16.0	0.0	0.0	0.0	0.0	0.0	0.0	0.0	0.0	0.0	0.0	0.0	0.0	0.0	0.0	0.0	0.0	50.0	0.0	0.0	27.0	0.0	0.0	0.0	0.0	0.0	0.0	0.0	0.0	0.0	0.0	0.0	0.0	0.0	0.0	0.0	0.0	0.0	0.0	0.0	0.0	0.0	0.0	0.0	0.0	0.0	0.0	0.0	0.0	0.0	0.0	0.0	0.0	0.0	0.0	0.0	22.0	0.0	0.0	0.0	0.0	0.0	0.0	0.0	0.0	0.0	0.0	0.0	0.0	0.0	0.0	0.0	0.0	0.0	0.0	0.0	0.0	0.0	0.0	0.0	0.0	0.0	0.0	0.0	0.0	0.0	0.0	0.0	0.0	0.0	0.0	0.0	0.0	0.0	0.0	0.0	0.0	0.0	0.0	0.0	0.0	0.0	0.0	0.0	0.0	0.0	0.0	0.0	0.0	0.0	0.0	0.0	0.0	0.0	0.0	0.0	0.0	3.0	0.0	0.0	0.0	0.0	0.0	0.0	0.0	0.0	0.0	0.0	0.0	0.0	0.0	0.0	0.0	0.0	0.0	0.0	0.0
SRR11143465	413.0	913.0	0.0	164.0	110.0	256.0	209.0	81.0	252.0	0.0	692.0	130.0	189.0	73.0	59.0	133.0	117.0	126.0	115.0	0.0	29.0	156.0	119.0	103.0	53.0	0.0	140.0	217.0	60.0	0.0	83.0	343.0	0.0	73.0	199.0	0.0	101.0	0.0	92.0	91.0	38.0	0.0	0.0	0.0	18.0	0.0	141.0	388.0	234.0	249.0	0.0	0.0	112.0	111.0	346.0	0.0	86.0	141.0	195.0	15.0	0.0	0.0	0.0	84.0	0.0	196.0	96.0	83.0	550.0	0.0	428.0	0.0	0.0	0.0	0.0	0.0	163.0	0.0	38.0	231.0	31.0	0.0	0.0	0.0	0.0	0.0	0.0	8.0	0.0	207.0	223.0	0.0	0.0	0.0	122.0	0.0	32.0	0.0	0.0	0.0	241.0	13.0	0.0	0.0	0.0	0.0	90.0	0.0	0.0	99.0	0.0	0.0	39.0	0.0	0.0	83.0	0.0	0.0	0.0	43.0	0.0	0.0	0.0	0.0	153.0	27.0	0.0	0.0	0.0	0.0	0.0	0.0	0.0	0.0	0.0	0.0	0.0	54.0	0.0	0.0	0.0	0.0	0.0	0.0	0.0	0.0	0.0	0.0	0.0	0.0	0.0	0.0	0.0	0.0	0.0	0.0	14.0	0.0	0.0	0.0	0.0	0.0	0.0	0.0	0.0	0.0	0.0	0.0	0.0	30.0	0.0	0.0	0.0	28.0	0.0	0.0	0.0	0.0	0.0	0.0	0.0	0.0	0.0	0.0	0.0	24.0	0.0	0.0	0.0	0.0	0.0	0.0	0.0	0.0	0.0	0.0	0.0	0.0	0.0	0.0	0.0	0.0	0.0	0.0	0.0	0.0	0.0	0.0	0.0	0.0	0.0	0.0	0.0	0.0	0.0	0.0	0.0	0.0	0.0	0.0	0.0	0.0	0.0	0.0	0.0	0.0	0.0	0.0	0.0	0.0	0.0	0.0	0.0	0.0	0.0	0.0	0.0	0.0	0.0	0.0	0.0	0.0	0.0	0.0	0.0	0.0	0.0	0.0	0.0	0.0	0.0	0.0	0.0	0.0	0.0	0.0	0.0	0.0	0.0	0.0	0.0	0.0	0.0	0.0	0.0	0.0	0.0	0.0	0.0	0.0	0.0	0.0	0.0	0.0	0.0	0.0	0.0	0.0	0.0	0.0	0.0	0.0	0.0	0.0	0.0	0.0	0.0	0.0	0.0	0.0	0.0	0.0	0.0	0.0	0.0	0.0	0.0	0.0	0.0	0.0	0.0	0.0	0.0	0.0	0.0	0.0	0.0	0.0	0.0	0.0
SRR11143466	100.0	1042.0	66.0	326.0	64.0	301.0	187.0	19.0	555.0	0.0	825.0	88.0	284.0	124.0	65.0	136.0	55.0	163.0	209.0	0.0	0.0	80.0	113.0	156.0	93.0	0.0	0.0	139.0	226.0	0.0	137.0	523.0	0.0	29.0	222.0	0.0	112.0	0.0	239.0	202.0	146.0	124.0	0.0	19.0	7.0	0.0	101.0	519.0	290.0	423.0	0.0	0.0	268.0	251.0	238.0	0.0	160.0	564.0	119.0	0.0	0.0	0.0	0.0	65.0	0.0	72.0	187.0	70.0	337.0	0.0	126.0	0.0	0.0	0.0	0.0	0.0	100.0	0.0	113.0	397.0	61.0	0.0	0.0	42.0	23.0	34.0	0.0	0.0	51.0	0.0	149.0	0.0	0.0	0.0	0.0	58.0	0.0	0.0	0.0	0.0	45.0	14.0	0.0	10.0	0.0	0.0	210.0	0.0	0.0	101.0	0.0	0.0	31.0	0.0	0.0	172.0	0.0	0.0	0.0	8.0	0.0	0.0	0.0	0.0	276.0	58.0	0.0	0.0	0.0	0.0	0.0	0.0	0.0	0.0	0.0	0.0	95.0	40.0	0.0	0.0	0.0	0.0	0.0	0.0	0.0	0.0	0.0	0.0	0.0	0.0	0.0	56.0	0.0	0.0	0.0	0.0	0.0	0.0	0.0	0.0	0.0	0.0	0.0	33.0	0.0	0.0	0.0	0.0	0.0	41.0	0.0	0.0	161.0	70.0	0.0	0.0	0.0	0.0	47.0	0.0	0.0	0.0	0.0	0.0	0.0	0.0	0.0	0.0	0.0	0.0	0.0	0.0	0.0	28.0	0.0	0.0	61.0	0.0	0.0	0.0	0.0	0.0	0.0	0.0	0.0	0.0	0.0	0.0	0.0	0.0	0.0	0.0	0.0	0.0	0.0	0.0	0.0	0.0	0.0	0.0	0.0	0.0	0.0	0.0	0.0	0.0	0.0	0.0	0.0	0.0	0.0	0.0	0.0	0.0	0.0	0.0	0.0	0.0	0.0	0.0	0.0	0.0	0.0	0.0	0.0	0.0	0.0	0.0	0.0	0.0	0.0	0.0	0.0	0.0	0.0	0.0	0.0	0.0	0.0	0.0	0.0	0.0	0.0	0.0	0.0	0.0	0.0	0.0	0.0	0.0	0.0	0.0	0.0	0.0	0.0	0.0	0.0	0.0	0.0	0.0	0.0	0.0	0.0	0.0	0.0	0.0	0.0	0.0	0.0	0.0	0.0	0.0	0.0	0.0	0.0	0.0	0.0	0.0	0.0	0.0	0.0	0.0	0.0	0.0	0.0	0.0	0.0	0.0	0.0	0.0
SRR11143467	185.0	1186.0	80.0	254.0	0.0	542.0	223.0	73.0	644.0	0.0	1066.0	107.0	366.0	310.0	212.0	169.0	96.0	127.0	162.0	0.0	391.0	138.0	112.0	222.0	91.0	10.0	137.0	193.0	240.0	0.0	115.0	556.0	0.0	83.0	175.0	0.0	200.0	0.0	61.0	320.0	100.0	141.0	0.0	110.0	0.0	0.0	112.0	714.0	329.0	566.0	18.0	14.0	231.0	223.0	231.0	0.0	104.0	418.0	351.0	19.0	0.0	13.0	0.0	99.0	0.0	219.0	303.0	221.0	446.0	0.0	406.0	0.0	0.0	0.0	5.0	0.0	106.0	0.0	101.0	237.0	0.0	0.0	0.0	24.0	0.0	0.0	0.0	13.0	0.0	241.0	140.0	0.0	0.0	0.0	20.0	82.0	0.0	0.0	0.0	0.0	0.0	126.0	0.0	0.0	0.0	0.0	138.0	0.0	0.0	81.0	0.0	0.0	41.0	0.0	0.0	126.0	0.0	0.0	0.0	0.0	20.0	0.0	0.0	0.0	332.0	75.0	0.0	0.0	0.0	0.0	0.0	0.0	0.0	0.0	0.0	0.0	102.0	41.0	0.0	0.0	0.0	0.0	0.0	0.0	0.0	0.0	0.0	0.0	0.0	0.0	0.0	24.0	0.0	0.0	16.0	0.0	0.0	0.0	0.0	0.0	0.0	0.0	0.0	0.0	0.0	0.0	0.0	0.0	0.0	40.0	0.0	0.0	0.0	44.0	0.0	0.0	0.0	0.0	0.0	0.0	0.0	0.0	0.0	0.0	0.0	0.0	0.0	0.0	0.0	22.0	0.0	0.0	0.0	19.0	0.0	0.0	0.0	0.0	0.0	0.0	0.0	0.0	0.0	0.0	0.0	0.0	0.0	0.0	0.0	0.0	0.0	0.0	0.0	0.0	0.0	0.0	0.0	0.0	0.0	0.0	0.0	0.0	0.0	0.0	0.0	0.0	0.0	0.0	0.0	0.0	0.0	0.0	0.0	0.0	0.0	0.0	0.0	0.0	0.0	0.0	0.0	0.0	0.0	0.0	0.0	0.0	0.0	0.0	0.0	0.0	0.0	0.0	0.0	0.0	0.0	0.0	0.0	0.0	0.0	0.0	0.0	0.0	0.0	0.0	0.0	0.0	0.0	0.0	0.0	0.0	0.0	0.0	0.0	67.0	0.0	0.0	0.0	0.0	0.0	0.0	0.0	0.0	0.0	0.0	0.0	0.0	0.0	0.0	0.0	0.0	0.0	0.0	0.0	0.0	0.0	0.0	0.0	0.0	0.0	0.0	0.0	0.0	0.0	0.0	0.0	0.0	0.0	0.0	0.0	0.0
SRR11143469	165.0	1236.0	0.0	286.0	64.0	801.0	138.0	0.0	678.0	0.0	1113.0	135.0	231.0	111.0	144.0	123.0	87.0	152.0	24.0	0.0	126.0	243.0	94.0	166.0	146.0	0.0	116.0	272.0	131.0	0.0	104.0	599.0	29.0	136.0	203.0	0.0	250.0	0.0	60.0	217.0	146.0	113.0	10.0	84.0	41.0	0.0	119.0	319.0	387.0	339.0	0.0	0.0	312.0	364.0	415.0	0.0	147.0	429.0	345.0	34.0	24.0	0.0	0.0	224.0	0.0	121.0	264.0	100.0	275.0	0.0	341.0	0.0	0.0	0.0	0.0	0.0	86.0	0.0	193.0	400.0	31.0	0.0	0.0	16.0	0.0	0.0	0.0	18.0	29.0	404.0	162.0	0.0	0.0	0.0	79.0	55.0	83.0	0.0	0.0	0.0	0.0	17.0	82.0	32.0	0.0	0.0	68.0	38.0	0.0	152.0	0.0	131.0	36.0	0.0	0.0	163.0	0.0	0.0	0.0	0.0	83.0	0.0	0.0	0.0	299.0	118.0	0.0	0.0	0.0	0.0	0.0	0.0	0.0	0.0	0.0	0.0	75.0	0.0	0.0	0.0	0.0	0.0	25.0	23.0	0.0	0.0	10.0	0.0	0.0	0.0	0.0	0.0	0.0	0.0	0.0	0.0	0.0	0.0	0.0	0.0	16.0	0.0	0.0	0.0	0.0	0.0	0.0	0.0	0.0	61.0	0.0	34.0	0.0	54.0	0.0	0.0	0.0	0.0	0.0	0.0	0.0	0.0	0.0	0.0	0.0	47.0	0.0	0.0	0.0	29.0	0.0	0.0	0.0	0.0	0.0	0.0	0.0	0.0	0.0	0.0	0.0	0.0	0.0	0.0	0.0	0.0	26.0	0.0	0.0	0.0	0.0	0.0	0.0	0.0	0.0	0.0	0.0	0.0	0.0	0.0	0.0	0.0	17.0	0.0	0.0	0.0	0.0	0.0	0.0	0.0	0.0	0.0	0.0	0.0	0.0	0.0	0.0	0.0	0.0	0.0	0.0	0.0	0.0	0.0	0.0	0.0	0.0	0.0	0.0	0.0	0.0	0.0	0.0	0.0	0.0	0.0	0.0	0.0	0.0	0.0	0.0	0.0	0.0	0.0	0.0	0.0	0.0	0.0	0.0	0.0	0.0	0.0	0.0	0.0	0.0	0.0	0.0	0.0	0.0	0.0	0.0	0.0	0.0	0.0	0.0	0.0	0.0	0.0	0.0	0.0	0.0	0.0	0.0	0.0	0.0	0.0	0.0	0.0	0.0	0.0	0.0	7.0	0.0	0.0	0.0	0.0	0.0	0.0	0.0	0.0
SRR11143471	88.0	718.0	78.0	119.0	0.0	210.0	101.0	0.0	400.0	0.0	455.0	145.0	213.0	0.0	100.0	157.0	91.0	103.0	121.0	0.0	187.0	30.0	0.0	131.0	91.0	0.0	65.0	242.0	103.0	0.0	0.0	543.0	0.0	0.0	308.0	0.0	100.0	0.0	39.0	135.0	153.0	0.0	0.0	0.0	0.0	0.0	34.0	841.0	190.0	223.0	0.0	0.0	148.0	498.0	38.0	0.0	97.0	711.0	267.0	0.0	0.0	0.0	0.0	71.0	0.0	128.0	149.0	0.0	442.0	0.0	484.0	0.0	0.0	149.0	0.0	0.0	97.0	0.0	80.0	351.0	0.0	0.0	31.0	39.0	20.0	0.0	0.0	0.0	0.0	105.0	298.0	0.0	0.0	0.0	0.0	9.0	0.0	0.0	0.0	0.0	357.0	0.0	0.0	0.0	0.0	0.0	79.0	0.0	0.0	19.0	0.0	0.0	0.0	0.0	0.0	98.0	0.0	0.0	0.0	0.0	0.0	0.0	0.0	0.0	337.0	0.0	0.0	0.0	0.0	0.0	0.0	0.0	0.0	0.0	0.0	0.0	47.0	0.0	0.0	0.0	0.0	0.0	0.0	0.0	0.0	0.0	0.0	0.0	0.0	0.0	0.0	0.0	0.0	0.0	0.0	0.0	0.0	0.0	0.0	0.0	0.0	0.0	0.0	0.0	0.0	0.0	0.0	0.0	0.0	35.0	0.0	0.0	41.0	32.0	0.0	0.0	0.0	217.0	49.0	34.0	0.0	0.0	0.0	0.0	0.0	0.0	0.0	0.0	0.0	17.0	0.0	0.0	0.0	32.0	0.0	0.0	71.0	0.0	0.0	0.0	0.0	37.0	0.0	0.0	0.0	0.0	0.0	0.0	0.0	0.0	0.0	0.0	0.0	0.0	0.0	0.0	0.0	0.0	0.0	0.0	0.0	0.0	0.0	0.0	0.0	0.0	0.0	0.0	0.0	0.0	0.0	0.0	0.0	0.0	0.0	0.0	0.0	0.0	0.0	0.0	0.0	0.0	0.0	0.0	0.0	0.0	0.0	0.0	0.0	0.0	0.0	0.0	0.0	0.0	0.0	0.0	0.0	0.0	0.0	0.0	0.0	0.0	0.0	0.0	0.0	0.0	0.0	0.0	0.0	0.0	0.0	0.0	0.0	0.0	0.0	0.0	0.0	0.0	0.0	0.0	0.0	0.0	0.0	0.0	0.0	0.0	0.0	0.0	0.0	0.0	0.0	0.0	0.0	0.0	0.0	0.0	0.0	0.0	0.0	0.0	0.0	0.0	0.0	0.0	0.0	0.0	0.0	0.0	0.0	0.0
SRR11143472	547.0	251.0	0.0	0.0	0.0	586.0	215.0	0.0	533.0	0.0	337.0	89.0	430.0	88.0	121.0	0.0	80.0	78.0	68.0	0.0	96.0	154.0	165.0	241.0	120.0	0.0	148.0	0.0	0.0	0.0	64.0	28.0	0.0	20.0	230.0	0.0	56.0	0.0	93.0	133.0	60.0	117.0	0.0	0.0	0.0	0.0	261.0	410.0	155.0	268.0	0.0	0.0	62.0	59.0	326.0	0.0	339.0	692.0	0.0	0.0	0.0	7.0	0.0	261.0	41.0	0.0	151.0	0.0	584.0	0.0	204.0	0.0	0.0	0.0	0.0	0.0	219.0	0.0	257.0	435.0	0.0	0.0	26.0	0.0	0.0	0.0	13.0	0.0	0.0	128.0	58.0	0.0	0.0	0.0	0.0	28.0	230.0	0.0	0.0	0.0	248.0	18.0	0.0	0.0	19.0	0.0	139.0	85.0	0.0	105.0	0.0	0.0	0.0	0.0	0.0	0.0	0.0	0.0	0.0	0.0	60.0	0.0	0.0	0.0	0.0	46.0	0.0	0.0	0.0	0.0	0.0	0.0	0.0	0.0	0.0	0.0	0.0	51.0	0.0	0.0	0.0	0.0	0.0	0.0	0.0	0.0	0.0	19.0	0.0	0.0	0.0	0.0	0.0	0.0	0.0	0.0	0.0	0.0	0.0	0.0	0.0	0.0	0.0	0.0	0.0	0.0	0.0	0.0	0.0	13.0	0.0	28.0	0.0	0.0	0.0	0.0	0.0	74.0	0.0	0.0	0.0	0.0	0.0	0.0	0.0	45.0	0.0	0.0	0.0	0.0	0.0	0.0	0.0	0.0	0.0	0.0	31.0	0.0	0.0	0.0	0.0	64.0	0.0	0.0	0.0	0.0	0.0	0.0	0.0	0.0	0.0	0.0	0.0	0.0	0.0	0.0	0.0	0.0	0.0	0.0	0.0	12.0	0.0	0.0	0.0	0.0	0.0	0.0	0.0	0.0	0.0	0.0	0.0	0.0	0.0	0.0	0.0	0.0	0.0	0.0	0.0	0.0	0.0	0.0	0.0	0.0	0.0	0.0	0.0	0.0	0.0	0.0	0.0	0.0	0.0	0.0	0.0	0.0	0.0	0.0	0.0	0.0	0.0	0.0	0.0	0.0	0.0	0.0	0.0	0.0	0.0	0.0	0.0	86.0	0.0	0.0	0.0	0.0	0.0	0.0	0.0	0.0	0.0	0.0	0.0	0.0	0.0	0.0	0.0	0.0	0.0	0.0	0.0	0.0	0.0	0.0	0.0	0.0	0.0	0.0	0.0	0.0	0.0	0.0	0.0	0.0	0.0	0.0	0.0	0.0
SRR11143473	68.0	705.0	0.0	258.0	0.0	153.0	0.0	126.0	508.0	0.0	637.0	86.0	97.0	67.0	117.0	0.0	107.0	89.0	0.0	0.0	294.0	200.0	68.0	132.0	51.0	0.0	94.0	152.0	0.0	0.0	0.0	147.0	0.0	35.0	81.0	0.0	67.0	0.0	178.0	96.0	0.0	135.0	0.0	0.0	99.0	0.0	122.0	510.0	137.0	337.0	0.0	0.0	70.0	77.0	210.0	0.0	49.0	204.0	172.0	0.0	0.0	0.0	0.0	163.0	0.0	139.0	74.0	36.0	956.0	0.0	201.0	0.0	0.0	18.0	0.0	0.0	161.0	0.0	86.0	161.0	34.0	0.0	0.0	0.0	15.0	0.0	0.0	0.0	32.0	182.0	39.0	0.0	0.0	0.0	0.0	0.0	111.0	0.0	0.0	0.0	0.0	0.0	0.0	0.0	0.0	108.0	235.0	0.0	0.0	0.0	0.0	0.0	26.0	0.0	0.0	62.0	0.0	0.0	0.0	0.0	0.0	0.0	20.0	0.0	289.0	0.0	0.0	0.0	95.0	0.0	0.0	0.0	0.0	0.0	0.0	0.0	0.0	0.0	0.0	0.0	0.0	0.0	0.0	0.0	0.0	0.0	0.0	0.0	0.0	0.0	0.0	85.0	0.0	0.0	0.0	0.0	0.0	0.0	0.0	0.0	0.0	0.0	0.0	0.0	0.0	0.0	0.0	0.0	0.0	20.0	7.0	0.0	0.0	39.0	0.0	0.0	0.0	0.0	0.0	153.0	0.0	0.0	0.0	0.0	0.0	0.0	0.0	0.0	0.0	0.0	26.0	0.0	0.0	0.0	0.0	0.0	54.0	0.0	0.0	0.0	0.0	0.0	0.0	0.0	0.0	0.0	0.0	0.0	0.0	0.0	0.0	0.0	0.0	0.0	0.0	0.0	0.0	0.0	0.0	0.0	0.0	0.0	0.0	0.0	0.0	0.0	0.0	0.0	0.0	0.0	0.0	0.0	0.0	0.0	22.0	0.0	0.0	0.0	0.0	0.0	0.0	0.0	0.0	0.0	0.0	0.0	0.0	0.0	0.0	0.0	0.0	0.0	0.0	0.0	0.0	0.0	0.0	0.0	0.0	0.0	0.0	0.0	0.0	0.0	0.0	0.0	0.0	0.0	0.0	0.0	0.0	0.0	0.0	0.0	0.0	0.0	0.0	0.0	0.0	0.0	0.0	0.0	0.0	0.0	0.0	0.0	0.0	0.0	0.0	0.0	0.0	0.0	0.0	0.0	0.0	0.0	0.0	0.0	0.0	0.0	0.0	0.0	0.0	0.0	0.0	0.0	0.0	0.0	0.0	0.0
SRR11143475	723.0	1308.0	54.0	524.0	0.0	366.0	305.0	122.0	545.0	0.0	917.0	301.0	261.0	139.0	249.0	132.0	101.0	0.0	176.0	0.0	367.0	198.0	179.0	386.0	89.0	70.0	248.0	0.0	92.0	0.0	34.0	266.0	0.0	56.0	118.0	0.0	93.0	0.0	167.0	208.0	134.0	99.0	0.0	302.0	11.0	0.0	158.0	495.0	407.0	208.0	24.0	0.0	123.0	58.0	429.0	0.0	260.0	399.0	250.0	22.0	0.0	0.0	0.0	135.0	0.0	173.0	299.0	0.0	1019.0	0.0	307.0	0.0	0.0	0.0	0.0	0.0	140.0	0.0	104.0	285.0	25.0	0.0	0.0	29.0	0.0	21.0	0.0	0.0	0.0	118.0	0.0	0.0	0.0	0.0	0.0	26.0	128.0	0.0	0.0	0.0	200.0	0.0	0.0	27.0	0.0	0.0	31.0	0.0	0.0	44.0	0.0	0.0	90.0	0.0	0.0	0.0	0.0	0.0	0.0	0.0	0.0	0.0	22.0	0.0	176.0	0.0	0.0	0.0	0.0	0.0	0.0	0.0	0.0	0.0	0.0	0.0	0.0	26.0	0.0	0.0	0.0	0.0	53.0	0.0	0.0	32.0	0.0	0.0	0.0	0.0	0.0	173.0	0.0	34.0	0.0	21.0	0.0	0.0	0.0	0.0	7.0	0.0	0.0	0.0	0.0	21.0	0.0	0.0	0.0	35.0	0.0	27.0	0.0	26.0	0.0	0.0	0.0	30.0	33.0	0.0	0.0	0.0	0.0	0.0	0.0	0.0	0.0	0.0	0.0	0.0	0.0	0.0	0.0	0.0	0.0	0.0	0.0	0.0	0.0	0.0	0.0	0.0	0.0	0.0	0.0	0.0	0.0	0.0	0.0	0.0	0.0	0.0	0.0	0.0	0.0	0.0	0.0	0.0	0.0	0.0	0.0	0.0	0.0	0.0	0.0	0.0	0.0	0.0	0.0	0.0	45.0	48.0	0.0	0.0	21.0	0.0	0.0	0.0	0.0	0.0	0.0	0.0	0.0	0.0	0.0	0.0	0.0	0.0	0.0	0.0	0.0	0.0	0.0	0.0	0.0	18.0	0.0	0.0	0.0	0.0	0.0	0.0	0.0	0.0	0.0	0.0	0.0	0.0	0.0	0.0	0.0	0.0	0.0	0.0	0.0	0.0	0.0	0.0	0.0	0.0	0.0	0.0	0.0	0.0	0.0	0.0	0.0	0.0	0.0	0.0	0.0	0.0	0.0	0.0	0.0	0.0	0.0	0.0	0.0	0.0	0.0	0.0	0.0	0.0	0.0	0.0	0.0	0.0	0.0	0.0
SRR11143477	370.0	918.0	159.0	47.0	135.0	459.0	136.0	0.0	407.0	0.0	526.0	63.0	392.0	243.0	117.0	190.0	223.0	318.0	75.0	12.0	203.0	81.0	205.0	319.0	97.0	0.0	69.0	350.0	0.0	0.0	106.0	352.0	0.0	263.0	549.0	0.0	54.0	0.0	215.0	469.0	210.0	0.0	38.0	0.0	0.0	0.0	98.0	617.0	0.0	102.0	0.0	0.0	193.0	447.0	167.0	0.0	545.0	346.0	203.0	0.0	37.0	0.0	0.0	54.0	2.0	204.0	228.0	92.0	436.0	0.0	284.0	14.0	61.0	0.0	0.0	0.0	0.0	0.0	0.0	108.0	24.0	0.0	0.0	50.0	51.0	0.0	0.0	32.0	27.0	117.0	223.0	0.0	38.0	0.0	0.0	71.0	0.0	0.0	0.0	0.0	142.0	24.0	0.0	0.0	0.0	0.0	54.0	30.0	0.0	0.0	0.0	0.0	27.0	0.0	5.0	123.0	0.0	0.0	0.0	0.0	0.0	0.0	6.0	0.0	295.0	0.0	0.0	0.0	0.0	0.0	0.0	0.0	0.0	0.0	0.0	0.0	0.0	78.0	96.0	0.0	0.0	67.0	0.0	0.0	0.0	0.0	0.0	0.0	0.0	0.0	0.0	0.0	0.0	0.0	0.0	0.0	0.0	53.0	0.0	0.0	0.0	0.0	0.0	0.0	0.0	0.0	0.0	0.0	0.0	0.0	0.0	0.0	0.0	0.0	0.0	0.0	0.0	0.0	0.0	0.0	0.0	0.0	0.0	0.0	0.0	0.0	0.0	0.0	0.0	0.0	0.0	0.0	0.0	0.0	0.0	0.0	0.0	0.0	0.0	0.0	0.0	0.0	0.0	0.0	0.0	0.0	0.0	0.0	0.0	0.0	0.0	0.0	0.0	0.0	0.0	0.0	0.0	0.0	0.0	0.0	0.0	0.0	0.0	0.0	0.0	0.0	0.0	0.0	0.0	0.0	0.0	0.0	0.0	0.0	0.0	0.0	0.0	0.0	0.0	0.0	0.0	0.0	0.0	0.0	0.0	0.0	0.0	0.0	0.0	0.0	0.0	0.0	0.0	0.0	0.0	0.0	0.0	0.0	0.0	0.0	0.0	0.0	0.0	0.0	0.0	0.0	0.0	0.0	0.0	0.0	0.0	0.0	0.0	0.0	0.0	0.0	0.0	0.0	0.0	0.0	0.0	0.0	0.0	0.0	0.0	0.0	0.0	0.0	0.0	0.0	0.0	0.0	0.0	0.0	0.0	0.0	0.0	0.0	0.0	0.0	0.0	0.0	0.0	0.0	0.0	0.0	0.0	0.0	0.0	0.0
SRR11143480	579.0	328.0	56.0	59.0	98.0	302.0	145.0	0.0	320.0	0.0	319.0	203.0	287.0	86.0	251.0	0.0	84.0	75.0	18.0	0.0	244.0	0.0	110.0	720.0	69.0	0.0	59.0	175.0	0.0	0.0	105.0	208.0	19.0	35.0	426.0	0.0	0.0	0.0	100.0	191.0	0.0	0.0	0.0	54.0	0.0	0.0	64.0	843.0	0.0	62.0	0.0	0.0	42.0	0.0	275.0	0.0	198.0	996.0	0.0	0.0	0.0	0.0	0.0	85.0	0.0	44.0	98.0	51.0	691.0	0.0	423.0	0.0	0.0	118.0	0.0	0.0	215.0	0.0	0.0	279.0	0.0	0.0	83.0	22.0	0.0	0.0	0.0	0.0	0.0	103.0	219.0	0.0	0.0	0.0	0.0	0.0	0.0	0.0	0.0	0.0	362.0	0.0	0.0	0.0	0.0	0.0	99.0	0.0	0.0	0.0	0.0	0.0	0.0	0.0	0.0	0.0	0.0	0.0	0.0	0.0	0.0	0.0	0.0	0.0	83.0	0.0	0.0	0.0	24.0	0.0	0.0	0.0	0.0	0.0	0.0	0.0	0.0	0.0	0.0	5.0	0.0	0.0	0.0	0.0	0.0	0.0	0.0	0.0	77.0	0.0	0.0	19.0	0.0	0.0	0.0	0.0	0.0	0.0	0.0	0.0	11.0	0.0	0.0	0.0	0.0	0.0	0.0	0.0	0.0	0.0	0.0	0.0	70.0	0.0	0.0	0.0	0.0	69.0	0.0	105.0	14.0	0.0	0.0	0.0	0.0	0.0	0.0	0.0	0.0	0.0	0.0	0.0	0.0	0.0	0.0	0.0	36.0	0.0	0.0	0.0	0.0	0.0	0.0	0.0	0.0	0.0	0.0	0.0	0.0	0.0	0.0	0.0	0.0	0.0	0.0	0.0	0.0	0.0	0.0	0.0	0.0	0.0	0.0	0.0	0.0	0.0	0.0	0.0	0.0	0.0	0.0	0.0	0.0	0.0	0.0	0.0	0.0	0.0	0.0	0.0	0.0	0.0	0.0	0.0	0.0	0.0	0.0	0.0	0.0	0.0	0.0	0.0	0.0	0.0	0.0	0.0	0.0	0.0	0.0	0.0	0.0	0.0	0.0	0.0	0.0	0.0	0.0	0.0	0.0	0.0	0.0	0.0	0.0	0.0	0.0	0.0	0.0	0.0	0.0	0.0	0.0	0.0	0.0	0.0	0.0	0.0	0.0	0.0	0.0	0.0	0.0	0.0	0.0	0.0	0.0	0.0	0.0	0.0	0.0	0.0	0.0	0.0	0.0	0.0	0.0	0.0	0.0	0.0	0.0	0.0
SRR11143481	698.0	265.0	68.0	0.0	291.0	1155.0	90.0	0.0	565.0	0.0	271.0	461.0	415.0	89.0	881.0	32.0	73.0	0.0	124.0	0.0	92.0	124.0	98.0	107.0	129.0	0.0	146.0	175.0	0.0	0.0	94.0	98.0	8.0	28.0	94.0	0.0	22.0	0.0	59.0	212.0	0.0	509.0	64.0	271.0	0.0	0.0	449.0	628.0	0.0	117.0	0.0	0.0	29.0	0.0	227.0	0.0	556.0	550.0	0.0	0.0	0.0	17.0	0.0	76.0	0.0	130.0	61.0	36.0	447.0	0.0	77.0	0.0	0.0	0.0	0.0	7.0	228.0	0.0	167.0	232.0	0.0	0.0	98.0	0.0	0.0	0.0	31.0	0.0	23.0	294.0	71.0	0.0	0.0	0.0	0.0	0.0	94.0	0.0	108.0	0.0	44.0	0.0	0.0	0.0	0.0	0.0	55.0	163.0	0.0	231.0	6.0	79.0	0.0	0.0	0.0	13.0	0.0	0.0	0.0	0.0	0.0	0.0	43.0	0.0	147.0	36.0	0.0	0.0	28.0	0.0	0.0	0.0	0.0	0.0	0.0	0.0	0.0	127.0	0.0	113.0	0.0	0.0	0.0	0.0	0.0	0.0	0.0	0.0	0.0	0.0	0.0	0.0	0.0	0.0	0.0	0.0	0.0	0.0	0.0	0.0	83.0	0.0	0.0	0.0	0.0	0.0	0.0	0.0	0.0	0.0	0.0	0.0	0.0	0.0	0.0	0.0	0.0	117.0	0.0	0.0	0.0	0.0	41.0	0.0	0.0	0.0	0.0	81.0	0.0	0.0	0.0	0.0	0.0	0.0	0.0	0.0	0.0	0.0	0.0	6.0	0.0	0.0	130.0	0.0	0.0	0.0	0.0	0.0	0.0	0.0	0.0	0.0	0.0	0.0	0.0	0.0	0.0	0.0	0.0	0.0	0.0	0.0	0.0	0.0	0.0	73.0	0.0	0.0	0.0	0.0	0.0	0.0	0.0	0.0	0.0	0.0	0.0	0.0	0.0	0.0	0.0	0.0	0.0	0.0	0.0	0.0	0.0	0.0	0.0	0.0	0.0	0.0	0.0	0.0	0.0	0.0	0.0	0.0	0.0	0.0	0.0	0.0	0.0	0.0	0.0	0.0	0.0	0.0	0.0	0.0	0.0	0.0	0.0	0.0	0.0	0.0	0.0	0.0	0.0	0.0	0.0	0.0	0.0	0.0	0.0	0.0	0.0	0.0	0.0	0.0	0.0	0.0	0.0	0.0	0.0	0.0	0.0	0.0	0.0	0.0	0.0	0.0	0.0	0.0	0.0	0.0	0.0	0.0	0.0	0.0
SRR11143482	210.0	1286.0	59.0	419.0	0.0	67.0	189.0	0.0	571.0	0.0	459.0	40.0	566.0	35.0	142.0	246.0	31.0	0.0	140.0	0.0	271.0	150.0	130.0	0.0	38.0	0.0	64.0	0.0	0.0	0.0	135.0	367.0	26.0	25.0	77.0	0.0	42.0	0.0	82.0	227.0	136.0	0.0	0.0	50.0	23.0	0.0	0.0	270.0	259.0	76.0	0.0	0.0	53.0	0.0	522.0	0.0	0.0	119.0	167.0	0.0	9.0	0.0	0.0	0.0	0.0	77.0	84.0	41.0	500.0	0.0	0.0	14.0	0.0	0.0	0.0	18.0	153.0	0.0	0.0	0.0	0.0	0.0	0.0	93.0	46.0	0.0	0.0	0.0	0.0	32.0	447.0	0.0	0.0	0.0	11.0	312.0	0.0	0.0	0.0	32.0	86.0	0.0	0.0	0.0	0.0	0.0	0.0	0.0	0.0	0.0	0.0	0.0	17.0	0.0	0.0	0.0	0.0	0.0	3.0	0.0	0.0	0.0	9.0	0.0	83.0	11.0	0.0	0.0	0.0	0.0	0.0	0.0	0.0	0.0	0.0	0.0	40.0	0.0	0.0	0.0	0.0	0.0	25.0	0.0	38.0	0.0	0.0	0.0	0.0	0.0	0.0	190.0	0.0	0.0	0.0	0.0	0.0	0.0	0.0	0.0	0.0	3.0	0.0	17.0	0.0	34.0	0.0	0.0	0.0	42.0	0.0	0.0	0.0	0.0	0.0	0.0	0.0	176.0	0.0	0.0	0.0	0.0	0.0	0.0	0.0	0.0	25.0	0.0	0.0	0.0	0.0	0.0	0.0	0.0	6.0	0.0	0.0	0.0	0.0	3.0	0.0	0.0	0.0	0.0	0.0	0.0	0.0	0.0	0.0	0.0	0.0	0.0	0.0	0.0	0.0	0.0	0.0	0.0	0.0	0.0	0.0	0.0	0.0	0.0	0.0	0.0	0.0	0.0	0.0	0.0	0.0	0.0	0.0	0.0	0.0	0.0	0.0	0.0	0.0	0.0	0.0	0.0	0.0	0.0	0.0	5.0	0.0	0.0	0.0	0.0	7.0	0.0	0.0	0.0	0.0	21.0	0.0	0.0	0.0	0.0	0.0	0.0	0.0	6.0	0.0	0.0	0.0	0.0	0.0	0.0	0.0	0.0	0.0	0.0	0.0	0.0	0.0	0.0	0.0	0.0	0.0	0.0	0.0	0.0	0.0	0.0	0.0	0.0	0.0	0.0	0.0	0.0	0.0	0.0	0.0	0.0	0.0	0.0	0.0	0.0	35.0	0.0	0.0	0.0	0.0	0.0	0.0	0.0	0.0	0.0
SRR11143483	611.0	929.0	118.0	129.0	235.0	1422.0	339.0	0.0	435.0	0.0	761.0	267.0	588.0	171.0	211.0	259.0	68.0	185.0	214.0	0.0	951.0	635.0	168.0	1360.0	76.0	72.0	357.0	577.0	106.0	0.0	289.0	337.0	192.0	513.0	510.0	0.0	0.0	0.0	304.0	431.0	253.0	291.0	0.0	221.0	0.0	33.0	27.0	984.0	28.0	332.0	39.0	21.0	116.0	386.0	389.0	0.0	99.0	101.0	0.0	0.0	0.0	49.0	0.0	0.0	0.0	163.0	182.0	422.0	540.0	64.0	211.0	128.0	103.0	0.0	45.0	0.0	0.0	0.0	0.0	114.0	0.0	0.0	0.0	116.0	176.0	0.0	0.0	0.0	0.0	99.0	230.0	0.0	0.0	0.0	70.0	0.0	0.0	0.0	64.0	0.0	80.0	0.0	168.0	17.0	60.0	0.0	0.0	13.0	0.0	122.0	0.0	0.0	0.0	0.0	19.0	246.0	0.0	41.0	0.0	14.0	0.0	0.0	9.0	67.0	432.0	47.0	0.0	0.0	0.0	0.0	0.0	0.0	0.0	0.0	0.0	0.0	0.0	44.0	0.0	0.0	0.0	46.0	0.0	0.0	21.0	0.0	92.0	62.0	0.0	0.0	0.0	0.0	0.0	0.0	0.0	0.0	196.0	0.0	0.0	0.0	0.0	0.0	18.0	31.0	0.0	0.0	0.0	0.0	16.0	0.0	0.0	0.0	0.0	29.0	25.0	0.0	0.0	0.0	0.0	0.0	70.0	0.0	23.0	0.0	0.0	0.0	0.0	0.0	0.0	0.0	0.0	0.0	0.0	0.0	0.0	0.0	14.0	18.0	0.0	0.0	57.0	0.0	0.0	0.0	0.0	0.0	69.0	0.0	0.0	0.0	18.0	0.0	0.0	0.0	0.0	0.0	0.0	0.0	0.0	0.0	0.0	0.0	0.0	0.0	0.0	0.0	0.0	0.0	0.0	0.0	0.0	0.0	0.0	0.0	0.0	0.0	0.0	0.0	0.0	0.0	0.0	0.0	0.0	0.0	0.0	0.0	0.0	0.0	0.0	0.0	0.0	0.0	0.0	0.0	0.0	0.0	0.0	0.0	0.0	0.0	0.0	0.0	0.0	0.0	0.0	0.0	0.0	0.0	0.0	0.0	0.0	0.0	0.0	0.0	0.0	0.0	0.0	0.0	0.0	0.0	0.0	0.0	0.0	0.0	0.0	0.0	0.0	0.0	0.0	0.0	0.0	0.0	0.0	0.0	0.0	0.0	0.0	0.0	0.0	0.0	0.0	0.0	0.0	0.0	0.0	0.0	0.0	0.0	0.0	0.0
SRR11143484	812.0	508.0	58.0	215.0	268.0	962.0	327.0	75.0	339.0	0.0	390.0	190.0	398.0	263.0	211.0	44.0	133.0	84.0	70.0	0.0	225.0	172.0	0.0	664.0	0.0	49.0	197.0	300.0	0.0	0.0	116.0	190.0	70.0	151.0	460.0	0.0	13.0	0.0	187.0	370.0	72.0	202.0	0.0	120.0	0.0	97.0	0.0	373.0	44.0	0.0	0.0	0.0	32.0	199.0	286.0	0.0	120.0	0.0	0.0	0.0	109.0	0.0	0.0	0.0	0.0	144.0	271.0	118.0	350.0	0.0	53.0	184.0	25.0	0.0	43.0	0.0	110.0	0.0	40.0	64.0	0.0	0.0	55.0	0.0	88.0	0.0	0.0	0.0	0.0	0.0	94.0	0.0	0.0	0.0	40.0	0.0	0.0	0.0	52.0	0.0	214.0	45.0	0.0	0.0	0.0	0.0	34.0	0.0	0.0	83.0	0.0	0.0	0.0	0.0	0.0	111.0	8.0	18.0	0.0	0.0	0.0	0.0	17.0	0.0	388.0	47.0	0.0	0.0	40.0	0.0	0.0	0.0	0.0	0.0	0.0	0.0	0.0	83.0	0.0	0.0	0.0	28.0	0.0	0.0	0.0	0.0	84.0	0.0	0.0	0.0	0.0	0.0	0.0	0.0	0.0	0.0	0.0	0.0	0.0	0.0	0.0	0.0	0.0	0.0	0.0	0.0	0.0	0.0	0.0	0.0	0.0	0.0	62.0	0.0	0.0	0.0	0.0	0.0	0.0	0.0	0.0	0.0	0.0	0.0	0.0	0.0	0.0	0.0	0.0	0.0	0.0	0.0	0.0	0.0	0.0	0.0	0.0	12.0	0.0	0.0	0.0	0.0	0.0	0.0	0.0	0.0	22.0	0.0	0.0	0.0	11.0	0.0	0.0	0.0	0.0	0.0	0.0	0.0	0.0	0.0	0.0	0.0	0.0	0.0	0.0	0.0	0.0	0.0	0.0	0.0	0.0	0.0	0.0	0.0	0.0	0.0	0.0	0.0	0.0	0.0	0.0	0.0	0.0	0.0	0.0	0.0	0.0	0.0	0.0	0.0	0.0	0.0	0.0	0.0	0.0	0.0	0.0	0.0	0.0	0.0	0.0	0.0	0.0	0.0	0.0	0.0	0.0	0.0	0.0	0.0	0.0	0.0	0.0	0.0	0.0	0.0	0.0	0.0	0.0	0.0	0.0	0.0	0.0	0.0	0.0	0.0	0.0	0.0	0.0	0.0	0.0	0.0	0.0	0.0	0.0	0.0	0.0	0.0	0.0	0.0	0.0	0.0	0.0	0.0	0.0	0.0	0.0	0.0	0.0	0.0
SRR11143486	702.0	1316.0	65.0	141.0	315.0	946.0	503.0	0.0	222.0	0.0	743.0	120.0	380.0	266.0	267.0	366.0	51.0	0.0	242.0	0.0	1218.0	414.0	330.0	1341.0	131.0	13.0	253.0	587.0	56.0	0.0	571.0	689.0	521.0	577.0	508.0	0.0	0.0	21.0	236.0	309.0	285.0	232.0	81.0	321.0	0.0	58.0	0.0	836.0	0.0	100.0	37.0	0.0	145.0	278.0	395.0	0.0	426.0	415.0	0.0	0.0	167.0	34.0	0.0	0.0	0.0	211.0	57.0	191.0	330.0	54.0	303.0	153.0	159.0	0.0	0.0	0.0	273.0	0.0	58.0	177.0	0.0	19.0	111.0	166.0	240.0	0.0	0.0	42.0	0.0	0.0	333.0	0.0	0.0	0.0	75.0	65.0	98.0	41.0	40.0	0.0	45.0	347.0	261.0	0.0	0.0	0.0	39.0	0.0	0.0	184.0	0.0	0.0	0.0	0.0	0.0	275.0	0.0	69.0	0.0	53.0	0.0	0.0	48.0	0.0	497.0	49.0	0.0	0.0	0.0	0.0	0.0	0.0	0.0	0.0	0.0	0.0	0.0	0.0	0.0	0.0	0.0	174.0	0.0	0.0	67.0	0.0	41.0	28.0	135.0	0.0	0.0	0.0	0.0	7.0	0.0	0.0	0.0	0.0	0.0	0.0	0.0	0.0	20.0	0.0	0.0	0.0	0.0	12.0	37.0	0.0	0.0	0.0	0.0	0.0	36.0	29.0	0.0	0.0	0.0	0.0	32.0	0.0	0.0	0.0	0.0	0.0	0.0	0.0	0.0	0.0	0.0	0.0	0.0	0.0	0.0	0.0	0.0	0.0	0.0	0.0	0.0	0.0	0.0	0.0	0.0	0.0	0.0	0.0	31.0	0.0	20.0	0.0	0.0	0.0	0.0	0.0	0.0	0.0	0.0	0.0	0.0	0.0	0.0	0.0	0.0	0.0	0.0	0.0	0.0	0.0	0.0	0.0	0.0	0.0	0.0	0.0	0.0	0.0	0.0	0.0	0.0	0.0	0.0	0.0	0.0	0.0	0.0	0.0	0.0	0.0	0.0	0.0	0.0	0.0	0.0	0.0	0.0	0.0	0.0	0.0	0.0	0.0	0.0	0.0	9.0	0.0	0.0	0.0	0.0	0.0	0.0	0.0	0.0	0.0	0.0	0.0	0.0	0.0	0.0	0.0	0.0	0.0	0.0	0.0	0.0	0.0	0.0	0.0	0.0	0.0	0.0	0.0	0.0	0.0	0.0	0.0	0.0	0.0	0.0	0.0	0.0	0.0	0.0	0.0	0.0	0.0	0.0	0.0	0.0	0.0
SRR11143487	744.0	791.0	79.0	87.0	256.0	1314.0	293.0	0.0	207.0	0.0	521.0	177.0	331.0	389.0	222.0	0.0	100.0	155.0	116.0	0.0	320.0	100.0	140.0	1263.0	80.0	0.0	73.0	569.0	0.0	0.0	310.0	305.0	177.0	114.0	407.0	0.0	0.0	0.0	264.0	188.0	0.0	245.0	0.0	168.0	0.0	88.0	37.0	591.0	56.0	0.0	15.0	20.0	76.0	70.0	260.0	0.0	351.0	238.0	0.0	0.0	188.0	0.0	0.0	0.0	0.0	197.0	289.0	130.0	390.0	43.0	70.0	230.0	57.0	0.0	58.0	20.0	0.0	0.0	0.0	128.0	11.0	0.0	58.0	0.0	167.0	0.0	0.0	0.0	22.0	0.0	255.0	0.0	0.0	0.0	0.0	0.0	0.0	0.0	59.0	0.0	146.0	96.0	0.0	0.0	0.0	0.0	0.0	0.0	0.0	70.0	0.0	0.0	0.0	0.0	0.0	156.0	0.0	69.0	0.0	0.0	0.0	0.0	0.0	0.0	482.0	48.0	0.0	0.0	0.0	0.0	0.0	0.0	0.0	0.0	0.0	0.0	0.0	0.0	0.0	0.0	0.0	21.0	0.0	0.0	0.0	0.0	230.0	0.0	0.0	0.0	0.0	0.0	0.0	0.0	0.0	0.0	109.0	0.0	0.0	0.0	0.0	0.0	0.0	0.0	0.0	0.0	0.0	0.0	0.0	0.0	19.0	0.0	0.0	0.0	78.0	0.0	0.0	0.0	76.0	0.0	0.0	0.0	0.0	0.0	0.0	0.0	0.0	0.0	0.0	0.0	0.0	0.0	0.0	0.0	0.0	0.0	0.0	0.0	0.0	0.0	0.0	0.0	0.0	0.0	0.0	0.0	0.0	0.0	0.0	0.0	0.0	0.0	0.0	0.0	0.0	0.0	0.0	0.0	0.0	0.0	0.0	0.0	0.0	0.0	0.0	0.0	0.0	0.0	0.0	0.0	0.0	0.0	0.0	0.0	0.0	0.0	0.0	0.0	0.0	0.0	0.0	0.0	0.0	0.0	0.0	0.0	0.0	0.0	0.0	0.0	0.0	0.0	0.0	0.0	0.0	0.0	0.0	0.0	0.0	0.0	0.0	0.0	0.0	0.0	0.0	0.0	0.0	0.0	0.0	0.0	0.0	0.0	0.0	0.0	0.0	0.0	0.0	0.0	0.0	0.0	0.0	0.0	0.0	0.0	0.0	0.0	0.0	0.0	0.0	0.0	0.0	0.0	0.0	0.0	0.0	0.0	0.0	0.0	0.0	0.0	0.0	0.0	0.0	0.0	0.0	0.0	0.0	0.0	0.0	0.0
SRR11143488	777.0	619.0	165.0	216.0	581.0	2563.0	697.0	79.0	471.0	0.0	1164.0	365.0	693.0	640.0	322.0	114.0	59.0	367.0	781.0	32.0	1792.0	1321.0	198.0	1610.0	143.0	176.0	174.0	388.0	178.0	0.0	396.0	386.0	334.0	573.0	862.0	0.0	34.0	22.0	540.0	299.0	217.0	121.0	49.0	735.0	0.0	165.0	412.0	577.0	101.0	628.0	57.0	116.0	0.0	443.0	163.0	138.0	488.0	127.0	0.0	0.0	746.0	169.0	0.0	43.0	49.0	125.0	412.0	91.0	641.0	145.0	261.0	464.0	44.0	49.0	211.0	0.0	357.0	21.0	0.0	306.0	0.0	0.0	494.0	87.0	517.0	0.0	0.0	22.0	31.0	116.0	60.0	0.0	0.0	0.0	48.0	38.0	0.0	0.0	183.0	0.0	160.0	686.0	115.0	0.0	0.0	0.0	230.0	71.0	0.0	132.0	0.0	86.0	0.0	24.0	53.0	297.0	0.0	184.0	82.0	9.0	125.0	0.0	24.0	124.0	426.0	159.0	0.0	92.0	50.0	0.0	16.0	0.0	0.0	0.0	0.0	0.0	0.0	0.0	0.0	0.0	38.0	63.0	0.0	0.0	35.0	0.0	144.0	0.0	0.0	0.0	0.0	18.0	31.0	18.0	44.0	0.0	0.0	0.0	0.0	0.0	27.0	85.0	0.0	0.0	0.0	0.0	0.0	0.0	0.0	20.0	59.0	46.0	120.0	0.0	78.0	60.0	0.0	32.0	39.0	0.0	0.0	0.0	0.0	0.0	0.0	0.0	0.0	0.0	32.0	0.0	0.0	0.0	0.0	0.0	0.0	0.0	37.0	60.0	123.0	18.0	47.0	0.0	0.0	0.0	0.0	0.0	0.0	0.0	0.0	0.0	51.0	0.0	0.0	0.0	0.0	0.0	0.0	0.0	0.0	0.0	0.0	0.0	0.0	0.0	0.0	0.0	0.0	0.0	0.0	27.0	0.0	0.0	0.0	0.0	0.0	0.0	0.0	0.0	0.0	0.0	0.0	0.0	0.0	0.0	0.0	0.0	0.0	0.0	0.0	0.0	0.0	0.0	0.0	0.0	0.0	0.0	0.0	0.0	0.0	0.0	0.0	0.0	0.0	0.0	0.0	0.0	0.0	28.0	0.0	0.0	0.0	0.0	0.0	0.0	0.0	0.0	0.0	0.0	0.0	0.0	0.0	0.0	0.0	0.0	0.0	0.0	0.0	0.0	0.0	0.0	0.0	0.0	0.0	0.0	0.0	0.0	0.0	0.0	0.0	0.0	0.0	0.0	0.0	0.0	0.0	73.0	0.0	0.0	0.0	0.0
SRR11143489	459.0	522.0	126.0	113.0	355.0	686.0	232.0	17.0	229.0	0.0	384.0	144.0	264.0	221.0	182.0	0.0	46.0	79.0	292.0	0.0	512.0	288.0	0.0	459.0	0.0	0.0	70.0	251.0	0.0	0.0	85.0	139.0	71.0	265.0	463.0	0.0	0.0	0.0	190.0	152.0	0.0	163.0	0.0	243.0	0.0	0.0	0.0	220.0	0.0	43.0	30.0	32.0	73.0	177.0	196.0	0.0	128.0	57.0	0.0	0.0	98.0	0.0	0.0	0.0	0.0	165.0	196.0	78.0	425.0	31.0	52.0	28.0	0.0	66.0	48.0	77.0	118.0	0.0	0.0	83.0	0.0	0.0	84.0	19.0	50.0	0.0	0.0	0.0	0.0	0.0	0.0	0.0	0.0	0.0	16.0	0.0	0.0	0.0	0.0	0.0	0.0	20.0	0.0	0.0	0.0	0.0	20.0	0.0	0.0	0.0	0.0	0.0	42.0	0.0	15.0	161.0	0.0	28.0	0.0	0.0	0.0	0.0	0.0	0.0	270.0	43.0	0.0	0.0	0.0	0.0	0.0	0.0	0.0	0.0	0.0	0.0	0.0	0.0	0.0	0.0	0.0	0.0	0.0	0.0	0.0	0.0	31.0	18.0	0.0	0.0	0.0	0.0	0.0	0.0	0.0	0.0	0.0	0.0	0.0	0.0	0.0	0.0	0.0	0.0	0.0	0.0	0.0	0.0	12.0	0.0	15.0	0.0	0.0	0.0	0.0	0.0	0.0	0.0	0.0	0.0	0.0	0.0	0.0	0.0	0.0	0.0	0.0	0.0	0.0	0.0	0.0	0.0	0.0	0.0	0.0	0.0	0.0	0.0	0.0	0.0	32.0	0.0	0.0	0.0	0.0	0.0	0.0	6.0	0.0	0.0	0.0	0.0	0.0	0.0	0.0	0.0	0.0	0.0	0.0	0.0	0.0	0.0	0.0	0.0	0.0	0.0	0.0	0.0	0.0	0.0	0.0	0.0	0.0	0.0	0.0	0.0	0.0	0.0	0.0	0.0	0.0	0.0	0.0	0.0	0.0	0.0	0.0	0.0	0.0	0.0	0.0	0.0	0.0	0.0	0.0	0.0	0.0	0.0	0.0	0.0	0.0	0.0	0.0	0.0	0.0	0.0	0.0	0.0	0.0	0.0	0.0	0.0	0.0	0.0	0.0	0.0	0.0	0.0	0.0	0.0	0.0	0.0	0.0	0.0	0.0	0.0	0.0	0.0	0.0	0.0	0.0	0.0	0.0	0.0	0.0	0.0	0.0	0.0	0.0	0.0	0.0	0.0	0.0	0.0	0.0	0.0	0.0	0.0	0.0	0.0
SRR11143490	884.0	1159.0	230.0	508.0	563.0	2811.0	483.0	46.0	670.0	0.0	1818.0	88.0	533.0	509.0	538.0	269.0	80.0	413.0	859.0	0.0	1993.0	2545.0	317.0	1778.0	139.0	233.0	589.0	952.0	331.0	0.0	775.0	296.0	495.0	580.0	918.0	85.0	158.0	0.0	480.0	323.0	344.0	272.0	94.0	280.0	0.0	114.0	542.0	759.0	23.0	1060.0	69.0	125.0	18.0	392.0	343.0	134.0	622.0	225.0	0.0	0.0	277.0	137.0	0.0	82.0	0.0	125.0	654.0	340.0	619.0	94.0	385.0	376.0	83.0	164.0	213.0	0.0	500.0	34.0	75.0	306.0	0.0	14.0	469.0	199.0	714.0	61.0	0.0	35.0	124.0	187.0	192.0	0.0	0.0	0.0	88.0	26.0	468.0	151.0	261.0	0.0	210.0	354.0	472.0	151.0	50.0	0.0	566.0	79.0	0.0	425.0	20.0	110.0	121.0	48.0	106.0	300.0	11.0	41.0	74.0	28.0	0.0	0.0	53.0	138.0	269.0	173.0	25.0	34.0	0.0	0.0	54.0	0.0	0.0	0.0	36.0	0.0	0.0	241.0	0.0	0.0	0.0	72.0	31.0	0.0	0.0	49.0	0.0	214.0	0.0	0.0	0.0	0.0	15.0	27.0	44.0	0.0	271.0	25.0	0.0	0.0	0.0	158.0	30.0	0.0	17.0	0.0	0.0	24.0	47.0	0.0	91.0	0.0	140.0	0.0	60.0	0.0	0.0	0.0	57.0	0.0	0.0	0.0	48.0	0.0	0.0	0.0	38.0	0.0	51.0	0.0	0.0	0.0	96.0	0.0	0.0	56.0	0.0	23.0	0.0	18.0	73.0	0.0	0.0	28.0	0.0	0.0	0.0	0.0	0.0	0.0	83.0	0.0	7.0	0.0	0.0	0.0	0.0	0.0	0.0	0.0	0.0	0.0	0.0	0.0	0.0	0.0	0.0	0.0	18.0	46.0	0.0	0.0	34.0	0.0	18.0	0.0	46.0	0.0	0.0	0.0	0.0	8.0	0.0	0.0	0.0	0.0	0.0	0.0	0.0	0.0	0.0	0.0	0.0	0.0	0.0	0.0	0.0	0.0	0.0	0.0	0.0	0.0	0.0	0.0	0.0	0.0	0.0	0.0	0.0	0.0	0.0	0.0	3.0	0.0	0.0	0.0	27.0	0.0	0.0	0.0	0.0	0.0	0.0	0.0	0.0	0.0	0.0	0.0	0.0	0.0	0.0	0.0	0.0	0.0	0.0	25.0	0.0	0.0	0.0	0.0	0.0	0.0	0.0	0.0	0.0	0.0	0.0	0.0	0.0	0.0
SRR11143491	478.0	638.0	154.0	200.0	234.0	732.0	80.0	0.0	79.0	0.0	444.0	86.0	400.0	111.0	204.0	155.0	194.0	0.0	494.0	0.0	1289.0	193.0	132.0	1293.0	0.0	0.0	329.0	302.0	64.0	0.0	560.0	208.0	418.0	105.0	670.0	0.0	0.0	0.0	312.0	364.0	197.0	78.0	0.0	110.0	0.0	36.0	0.0	510.0	49.0	40.0	0.0	49.0	125.0	183.0	205.0	0.0	149.0	49.0	0.0	0.0	416.0	44.0	0.0	0.0	0.0	222.0	269.0	152.0	330.0	59.0	332.0	210.0	0.0	0.0	55.0	0.0	230.0	0.0	0.0	64.0	0.0	22.0	0.0	122.0	239.0	0.0	0.0	0.0	0.0	49.0	64.0	0.0	0.0	10.0	43.0	0.0	94.0	0.0	37.0	0.0	0.0	0.0	181.0	0.0	0.0	0.0	0.0	0.0	0.0	26.0	0.0	52.0	0.0	0.0	0.0	333.0	0.0	178.0	0.0	21.0	0.0	0.0	0.0	0.0	440.0	0.0	36.0	0.0	0.0	0.0	0.0	0.0	0.0	0.0	0.0	0.0	0.0	0.0	0.0	0.0	0.0	0.0	0.0	0.0	28.0	0.0	0.0	46.0	0.0	0.0	0.0	0.0	13.0	0.0	0.0	0.0	99.0	0.0	0.0	0.0	0.0	0.0	0.0	0.0	0.0	0.0	0.0	0.0	52.0	54.0	62.0	0.0	0.0	0.0	0.0	0.0	0.0	0.0	0.0	0.0	0.0	0.0	0.0	0.0	0.0	0.0	0.0	0.0	0.0	0.0	0.0	0.0	0.0	0.0	0.0	0.0	0.0	0.0	0.0	0.0	0.0	0.0	0.0	0.0	0.0	0.0	0.0	0.0	0.0	13.0	4.0	0.0	0.0	0.0	0.0	0.0	0.0	0.0	0.0	0.0	0.0	0.0	0.0	0.0	0.0	0.0	0.0	0.0	0.0	0.0	0.0	0.0	0.0	0.0	0.0	0.0	0.0	0.0	0.0	0.0	0.0	0.0	0.0	0.0	0.0	0.0	0.0	0.0	0.0	0.0	0.0	0.0	0.0	0.0	0.0	0.0	0.0	0.0	0.0	0.0	0.0	33.0	0.0	0.0	0.0	0.0	0.0	0.0	0.0	0.0	0.0	0.0	0.0	0.0	0.0	0.0	0.0	0.0	0.0	0.0	0.0	0.0	0.0	0.0	0.0	0.0	0.0	0.0	0.0	0.0	0.0	0.0	0.0	0.0	0.0	0.0	0.0	0.0	0.0	0.0	0.0	0.0	0.0	0.0	0.0	0.0	0.0	0.0	0.0	0.0
SRR11143492	435.0	172.0	271.0	70.0	115.0	701.0	317.0	0.0	273.0	0.0	202.0	112.0	419.0	280.0	170.0	0.0	135.0	190.0	121.0	0.0	289.0	429.0	0.0	1051.0	54.0	0.0	260.0	384.0	52.0	0.0	243.0	77.0	267.0	171.0	421.0	0.0	0.0	0.0	214.0	245.0	54.0	0.0	31.0	76.0	0.0	188.0	68.0	532.0	0.0	53.0	0.0	0.0	67.0	209.0	233.0	26.0	201.0	105.0	0.0	0.0	111.0	26.0	0.0	0.0	0.0	150.0	199.0	115.0	423.0	43.0	0.0	158.0	0.0	0.0	0.0	0.0	633.0	0.0	50.0	0.0	0.0	0.0	65.0	22.0	115.0	0.0	0.0	0.0	6.0	59.0	162.0	0.0	0.0	0.0	0.0	0.0	0.0	0.0	54.0	0.0	84.0	38.0	16.0	10.0	0.0	0.0	0.0	32.0	11.0	111.0	0.0	36.0	0.0	0.0	18.0	169.0	0.0	54.0	5.0	10.0	0.0	0.0	47.0	33.0	395.0	37.0	0.0	21.0	0.0	0.0	0.0	0.0	0.0	11.0	0.0	0.0	0.0	0.0	0.0	0.0	0.0	0.0	0.0	0.0	0.0	0.0	177.0	0.0	0.0	103.0	0.0	0.0	0.0	0.0	0.0	0.0	67.0	0.0	0.0	0.0	0.0	0.0	0.0	0.0	0.0	0.0	0.0	0.0	0.0	0.0	0.0	0.0	0.0	0.0	0.0	0.0	0.0	0.0	46.0	0.0	0.0	0.0	18.0	0.0	0.0	0.0	0.0	0.0	0.0	0.0	0.0	0.0	0.0	0.0	0.0	0.0	0.0	0.0	0.0	0.0	0.0	0.0	0.0	0.0	0.0	0.0	0.0	0.0	0.0	0.0	0.0	0.0	0.0	0.0	0.0	0.0	0.0	0.0	0.0	0.0	0.0	0.0	0.0	0.0	0.0	0.0	0.0	0.0	0.0	32.0	0.0	0.0	0.0	0.0	0.0	0.0	0.0	0.0	0.0	0.0	0.0	0.0	0.0	0.0	0.0	0.0	0.0	0.0	0.0	0.0	0.0	0.0	0.0	0.0	0.0	0.0	0.0	0.0	0.0	0.0	0.0	0.0	0.0	0.0	0.0	0.0	0.0	0.0	0.0	0.0	0.0	0.0	0.0	0.0	0.0	0.0	0.0	0.0	29.0	0.0	0.0	0.0	0.0	0.0	0.0	0.0	0.0	0.0	0.0	0.0	0.0	0.0	0.0	0.0	0.0	0.0	0.0	0.0	0.0	0.0	0.0	0.0	0.0	0.0	0.0	0.0	0.0	0.0	0.0	0.0
SRR11143493	413.0	507.0	248.0	76.0	341.0	739.0	75.0	0.0	171.0	0.0	316.0	238.0	495.0	0.0	234.0	0.0	66.0	146.0	107.0	0.0	201.0	32.0	0.0	550.0	31.0	0.0	165.0	175.0	0.0	0.0	203.0	224.0	128.0	69.0	338.0	0.0	0.0	0.0	351.0	246.0	0.0	56.0	0.0	28.0	0.0	39.0	61.0	626.0	0.0	21.0	0.0	13.0	55.0	184.0	117.0	0.0	315.0	0.0	0.0	0.0	86.0	0.0	0.0	21.0	0.0	152.0	128.0	98.0	379.0	24.0	0.0	45.0	0.0	0.0	0.0	0.0	0.0	0.0	0.0	50.0	0.0	13.0	0.0	0.0	111.0	0.0	0.0	0.0	0.0	0.0	202.0	0.0	0.0	0.0	0.0	0.0	61.0	0.0	32.0	0.0	117.0	9.0	56.0	0.0	0.0	0.0	0.0	0.0	0.0	72.0	31.0	0.0	0.0	0.0	0.0	121.0	0.0	0.0	0.0	11.0	0.0	0.0	19.0	0.0	302.0	0.0	0.0	0.0	0.0	0.0	0.0	0.0	0.0	0.0	0.0	0.0	0.0	0.0	0.0	0.0	0.0	0.0	0.0	0.0	0.0	0.0	0.0	0.0	0.0	0.0	0.0	0.0	0.0	0.0	0.0	0.0	38.0	0.0	0.0	0.0	0.0	0.0	0.0	0.0	0.0	0.0	0.0	0.0	0.0	0.0	0.0	0.0	0.0	0.0	62.0	0.0	0.0	0.0	0.0	0.0	0.0	0.0	0.0	0.0	0.0	0.0	0.0	0.0	0.0	0.0	0.0	0.0	0.0	0.0	0.0	0.0	0.0	0.0	0.0	0.0	0.0	0.0	0.0	0.0	0.0	0.0	0.0	0.0	0.0	0.0	28.0	0.0	0.0	0.0	0.0	0.0	0.0	0.0	0.0	0.0	0.0	0.0	0.0	0.0	0.0	0.0	0.0	0.0	0.0	0.0	0.0	0.0	0.0	0.0	0.0	0.0	0.0	0.0	0.0	0.0	0.0	0.0	0.0	0.0	0.0	0.0	0.0	0.0	0.0	0.0	0.0	0.0	0.0	0.0	0.0	0.0	0.0	0.0	0.0	0.0	0.0	0.0	0.0	0.0	0.0	0.0	0.0	0.0	0.0	0.0	0.0	0.0	0.0	0.0	0.0	0.0	0.0	0.0	0.0	0.0	0.0	0.0	0.0	0.0	0.0	0.0	0.0	0.0	0.0	0.0	0.0	0.0	0.0	0.0	0.0	0.0	0.0	0.0	0.0	0.0	0.0	0.0	0.0	0.0	0.0	0.0	0.0	0.0	0.0	0.0
SRR11143494	640.0	959.0	90.0	179.0	143.0	1298.0	310.0	0.0	527.0	0.0	610.0	148.0	615.0	484.0	250.0	333.0	69.0	181.0	372.0	0.0	1114.0	333.0	370.0	1561.0	141.0	0.0	372.0	553.0	0.0	0.0	661.0	462.0	546.0	421.0	400.0	0.0	0.0	26.0	272.0	351.0	338.0	194.0	0.0	246.0	0.0	39.0	0.0	870.0	114.0	223.0	43.0	52.0	129.0	231.0	288.0	0.0	504.0	326.0	0.0	0.0	86.0	0.0	0.0	0.0	0.0	181.0	222.0	351.0	614.0	0.0	392.0	0.0	0.0	0.0	19.0	0.0	121.0	0.0	70.0	203.0	0.0	16.0	58.0	78.0	343.0	0.0	0.0	0.0	0.0	244.0	204.0	0.0	0.0	0.0	0.0	44.0	0.0	0.0	33.0	0.0	25.0	53.0	316.0	0.0	0.0	0.0	89.0	56.0	0.0	0.0	0.0	0.0	55.0	0.0	0.0	219.0	0.0	0.0	0.0	0.0	15.0	0.0	38.0	0.0	571.0	77.0	0.0	0.0	0.0	0.0	0.0	0.0	0.0	0.0	0.0	22.0	0.0	0.0	0.0	0.0	0.0	22.0	0.0	0.0	41.0	0.0	164.0	63.0	96.0	0.0	0.0	0.0	0.0	0.0	0.0	0.0	0.0	0.0	0.0	0.0	0.0	0.0	0.0	0.0	0.0	0.0	0.0	0.0	48.0	0.0	0.0	0.0	0.0	0.0	45.0	0.0	28.0	0.0	0.0	0.0	33.0	0.0	0.0	0.0	0.0	0.0	0.0	0.0	0.0	0.0	0.0	0.0	0.0	0.0	0.0	0.0	53.0	0.0	70.0	0.0	24.0	0.0	0.0	0.0	0.0	0.0	0.0	0.0	0.0	0.0	11.0	0.0	0.0	0.0	0.0	0.0	0.0	0.0	0.0	0.0	0.0	0.0	0.0	0.0	0.0	0.0	0.0	0.0	0.0	0.0	0.0	0.0	0.0	0.0	0.0	0.0	0.0	0.0	0.0	0.0	0.0	0.0	0.0	0.0	0.0	0.0	0.0	0.0	0.0	0.0	0.0	0.0	0.0	0.0	0.0	0.0	0.0	0.0	0.0	0.0	0.0	0.0	0.0	0.0	0.0	0.0	0.0	0.0	0.0	0.0	0.0	0.0	0.0	0.0	0.0	0.0	0.0	0.0	0.0	0.0	0.0	0.0	0.0	0.0	0.0	0.0	0.0	0.0	0.0	0.0	0.0	0.0	0.0	0.0	0.0	0.0	0.0	0.0	0.0	0.0	0.0	0.0	0.0	0.0	0.0	0.0	0.0	0.0	0.0	0.0
SRR11143495	636.0	644.0	58.0	77.0	130.0	1274.0	109.0	0.0	386.0	0.0	610.0	129.0	332.0	193.0	261.0	294.0	58.0	175.0	92.0	0.0	678.0	146.0	252.0	1123.0	81.0	0.0	186.0	838.0	0.0	0.0	469.0	441.0	387.0	427.0	527.0	0.0	80.0	0.0	293.0	422.0	200.0	75.0	0.0	130.0	0.0	0.0	0.0	776.0	0.0	81.0	38.0	17.0	113.0	397.0	283.0	0.0	201.0	464.0	0.0	13.0	0.0	0.0	0.0	0.0	0.0	72.0	128.0	364.0	435.0	0.0	223.0	0.0	0.0	33.0	0.0	0.0	93.0	0.0	34.0	61.0	0.0	0.0	0.0	117.0	283.0	0.0	0.0	14.0	17.0	0.0	563.0	0.0	0.0	0.0	75.0	0.0	0.0	33.0	13.0	0.0	55.0	0.0	0.0	0.0	0.0	0.0	0.0	35.0	0.0	0.0	0.0	0.0	0.0	0.0	0.0	262.0	0.0	0.0	0.0	13.0	0.0	0.0	37.0	0.0	420.0	51.0	0.0	0.0	0.0	0.0	0.0	0.0	0.0	0.0	0.0	0.0	0.0	203.0	0.0	0.0	0.0	0.0	0.0	0.0	0.0	0.0	83.0	0.0	69.0	0.0	0.0	0.0	0.0	0.0	0.0	0.0	0.0	0.0	0.0	0.0	0.0	0.0	0.0	0.0	0.0	0.0	0.0	0.0	36.0	14.0	0.0	0.0	149.0	0.0	35.0	0.0	0.0	0.0	56.0	0.0	0.0	0.0	22.0	0.0	0.0	0.0	0.0	0.0	0.0	0.0	0.0	0.0	0.0	0.0	0.0	57.0	91.0	0.0	0.0	0.0	19.0	0.0	0.0	0.0	0.0	0.0	0.0	0.0	0.0	0.0	0.0	0.0	0.0	0.0	0.0	0.0	0.0	0.0	0.0	0.0	0.0	0.0	0.0	0.0	0.0	0.0	0.0	0.0	0.0	0.0	0.0	0.0	0.0	0.0	0.0	0.0	0.0	0.0	0.0	0.0	0.0	0.0	0.0	0.0	0.0	0.0	0.0	0.0	0.0	0.0	0.0	0.0	0.0	0.0	0.0	0.0	0.0	0.0	0.0	0.0	0.0	0.0	0.0	0.0	0.0	0.0	0.0	0.0	0.0	0.0	0.0	0.0	0.0	0.0	0.0	0.0	0.0	0.0	0.0	0.0	0.0	0.0	0.0	0.0	0.0	0.0	0.0	0.0	0.0	0.0	0.0	0.0	0.0	0.0	0.0	0.0	0.0	0.0	0.0	0.0	0.0	0.0	0.0	0.0	0.0	0.0	0.0	0.0	0.0	0.0
SRR11143497	940.0	1044.0	65.0	137.0	161.0	1790.0	390.0	0.0	466.0	0.0	825.0	256.0	979.0	371.0	362.0	445.0	36.0	152.0	204.0	0.0	1492.0	292.0	188.0	1267.0	134.0	0.0	310.0	776.0	97.0	0.0	359.0	537.0	236.0	314.0	419.0	0.0	0.0	0.0	388.0	474.0	252.0	431.0	0.0	242.0	0.0	0.0	0.0	953.0	130.0	129.0	66.0	32.0	111.0	439.0	223.0	66.0	628.0	458.0	0.0	15.0	39.0	0.0	0.0	0.0	0.0	48.0	305.0	450.0	669.0	40.0	245.0	16.0	0.0	48.0	29.0	0.0	191.0	0.0	0.0	92.0	0.0	0.0	81.0	89.0	181.0	0.0	0.0	0.0	19.0	115.0	251.0	0.0	0.0	0.0	44.0	0.0	0.0	0.0	31.0	0.0	59.0	0.0	0.0	0.0	23.0	0.0	68.0	0.0	0.0	0.0	0.0	0.0	0.0	0.0	0.0	284.0	0.0	0.0	0.0	0.0	0.0	0.0	32.0	0.0	529.0	73.0	0.0	0.0	0.0	0.0	0.0	0.0	0.0	0.0	0.0	0.0	0.0	0.0	0.0	0.0	0.0	56.0	0.0	0.0	0.0	17.0	101.0	0.0	0.0	0.0	0.0	0.0	0.0	26.0	0.0	0.0	0.0	0.0	0.0	0.0	0.0	60.0	0.0	28.0	0.0	0.0	0.0	0.0	18.0	0.0	19.0	0.0	82.0	0.0	67.0	0.0	7.0	0.0	40.0	0.0	27.0	0.0	21.0	0.0	0.0	0.0	0.0	0.0	0.0	0.0	0.0	0.0	0.0	0.0	0.0	0.0	0.0	0.0	0.0	0.0	57.0	0.0	0.0	0.0	0.0	0.0	0.0	0.0	0.0	0.0	20.0	0.0	0.0	0.0	0.0	0.0	0.0	0.0	0.0	0.0	0.0	0.0	0.0	0.0	0.0	0.0	0.0	0.0	0.0	0.0	0.0	0.0	0.0	0.0	0.0	0.0	0.0	0.0	0.0	0.0	0.0	11.0	0.0	0.0	0.0	0.0	0.0	0.0	0.0	0.0	0.0	20.0	0.0	0.0	0.0	0.0	0.0	43.0	0.0	0.0	0.0	0.0	0.0	0.0	0.0	0.0	0.0	0.0	0.0	0.0	0.0	0.0	0.0	0.0	0.0	0.0	0.0	0.0	0.0	0.0	0.0	0.0	0.0	0.0	0.0	0.0	0.0	0.0	0.0	0.0	0.0	0.0	0.0	0.0	0.0	0.0	0.0	0.0	0.0	0.0	0.0	0.0	0.0	0.0	0.0	0.0	0.0	0.0	0.0	0.0
SRR11143498	520.0	561.0	201.0	52.0	83.0	854.0	166.0	0.0	518.0	0.0	190.0	171.0	425.0	303.0	129.0	76.0	47.0	81.0	350.0	0.0	561.0	111.0	162.0	1246.0	66.0	0.0	211.0	444.0	0.0	0.0	145.0	346.0	248.0	92.0	467.0	0.0	30.0	0.0	196.0	234.0	90.0	54.0	0.0	0.0	0.0	0.0	0.0	1378.0	0.0	0.0	0.0	36.0	154.0	164.0	261.0	0.0	64.0	205.0	57.0	0.0	17.0	0.0	0.0	0.0	0.0	294.0	133.0	147.0	696.0	33.0	182.0	0.0	0.0	0.0	0.0	0.0	107.0	0.0	0.0	39.0	0.0	0.0	0.0	51.0	64.0	51.0	0.0	0.0	0.0	105.0	160.0	0.0	0.0	0.0	35.0	0.0	0.0	0.0	0.0	0.0	86.0	0.0	106.0	0.0	0.0	0.0	0.0	0.0	0.0	0.0	0.0	0.0	0.0	0.0	0.0	150.0	0.0	0.0	0.0	0.0	0.0	9.0	5.0	0.0	555.0	41.0	0.0	0.0	0.0	0.0	0.0	0.0	0.0	0.0	0.0	0.0	61.0	0.0	0.0	0.0	0.0	9.0	0.0	0.0	0.0	0.0	167.0	0.0	0.0	0.0	0.0	0.0	0.0	0.0	0.0	0.0	36.0	0.0	0.0	0.0	0.0	0.0	0.0	0.0	0.0	0.0	0.0	0.0	0.0	0.0	0.0	0.0	0.0	0.0	41.0	35.0	0.0	0.0	0.0	0.0	0.0	0.0	0.0	0.0	0.0	0.0	0.0	0.0	0.0	0.0	0.0	0.0	0.0	0.0	0.0	0.0	0.0	0.0	0.0	0.0	0.0	0.0	0.0	0.0	0.0	0.0	27.0	0.0	0.0	0.0	0.0	0.0	0.0	0.0	0.0	0.0	0.0	0.0	0.0	0.0	0.0	0.0	0.0	0.0	0.0	0.0	0.0	0.0	0.0	0.0	0.0	0.0	0.0	0.0	5.0	0.0	0.0	0.0	0.0	0.0	0.0	0.0	0.0	0.0	0.0	0.0	0.0	0.0	0.0	0.0	0.0	0.0	0.0	0.0	0.0	0.0	0.0	0.0	0.0	0.0	0.0	0.0	0.0	0.0	0.0	0.0	0.0	0.0	0.0	0.0	0.0	0.0	0.0	0.0	0.0	0.0	0.0	0.0	0.0	0.0	0.0	0.0	0.0	0.0	0.0	0.0	0.0	0.0	0.0	0.0	0.0	0.0	0.0	0.0	0.0	0.0	0.0	0.0	0.0	0.0	0.0	0.0	0.0	0.0	0.0	0.0	0.0	0.0	0.0	0.0
SRR11143499	436.0	594.0	115.0	45.0	38.0	669.0	79.0	0.0	410.0	0.0	286.0	95.0	279.0	100.0	77.0	204.0	68.0	119.0	145.0	0.0	950.0	134.0	67.0	951.0	0.0	0.0	294.0	721.0	0.0	0.0	187.0	347.0	81.0	425.0	386.0	0.0	0.0	0.0	310.0	277.0	95.0	0.0	0.0	113.0	0.0	0.0	0.0	288.0	0.0	116.0	25.0	41.0	0.0	82.0	213.0	61.0	0.0	50.0	0.0	0.0	0.0	0.0	0.0	0.0	0.0	209.0	286.0	0.0	207.0	30.0	283.0	16.0	0.0	0.0	17.0	0.0	0.0	0.0	0.0	41.0	0.0	35.0	0.0	0.0	120.0	0.0	0.0	0.0	0.0	0.0	237.0	0.0	0.0	0.0	35.0	0.0	0.0	203.0	51.0	0.0	99.0	0.0	60.0	0.0	0.0	0.0	0.0	0.0	0.0	50.0	0.0	0.0	0.0	0.0	0.0	124.0	0.0	11.0	0.0	26.0	0.0	0.0	0.0	0.0	368.0	0.0	0.0	0.0	0.0	0.0	0.0	0.0	0.0	0.0	0.0	0.0	0.0	55.0	0.0	0.0	0.0	17.0	0.0	0.0	20.0	0.0	0.0	0.0	57.0	0.0	0.0	0.0	0.0	0.0	0.0	0.0	263.0	0.0	0.0	0.0	0.0	0.0	0.0	0.0	0.0	0.0	0.0	0.0	0.0	0.0	0.0	0.0	0.0	0.0	0.0	0.0	0.0	0.0	0.0	0.0	0.0	0.0	0.0	0.0	0.0	0.0	0.0	0.0	0.0	0.0	0.0	0.0	0.0	0.0	0.0	0.0	72.0	27.0	0.0	0.0	0.0	0.0	0.0	0.0	0.0	0.0	18.0	0.0	0.0	0.0	0.0	0.0	0.0	0.0	0.0	0.0	0.0	0.0	0.0	0.0	0.0	0.0	0.0	0.0	0.0	0.0	0.0	0.0	0.0	26.0	0.0	0.0	20.0	0.0	0.0	0.0	0.0	0.0	0.0	0.0	0.0	0.0	0.0	0.0	0.0	0.0	0.0	0.0	0.0	0.0	0.0	0.0	0.0	0.0	0.0	0.0	0.0	25.0	0.0	0.0	0.0	0.0	0.0	0.0	0.0	0.0	0.0	0.0	0.0	0.0	0.0	0.0	0.0	0.0	0.0	0.0	0.0	0.0	0.0	0.0	0.0	0.0	0.0	0.0	0.0	0.0	0.0	0.0	0.0	0.0	0.0	0.0	0.0	0.0	0.0	0.0	0.0	0.0	0.0	0.0	0.0	0.0	0.0	0.0	0.0	0.0	0.0	0.0	0.0	0.0
SRR11143500	314.0	287.0	175.0	0.0	0.0	225.0	92.0	0.0	250.0	0.0	230.0	189.0	374.0	110.0	82.0	112.0	159.0	0.0	0.0	0.0	153.0	39.0	156.0	703.0	43.0	0.0	69.0	354.0	0.0	0.0	63.0	384.0	0.0	304.0	517.0	0.0	31.0	0.0	137.0	264.0	0.0	90.0	0.0	30.0	0.0	0.0	0.0	791.0	0.0	0.0	0.0	0.0	29.0	232.0	204.0	0.0	283.0	267.0	0.0	0.0	70.0	0.0	0.0	0.0	0.0	241.0	131.0	175.0	454.0	29.0	67.0	0.0	119.0	82.0	0.0	0.0	123.0	0.0	17.0	0.0	0.0	0.0	0.0	0.0	48.0	0.0	0.0	0.0	0.0	0.0	334.0	0.0	0.0	0.0	0.0	18.0	0.0	0.0	0.0	0.0	186.0	0.0	0.0	0.0	0.0	0.0	0.0	0.0	0.0	0.0	0.0	0.0	0.0	0.0	0.0	48.0	0.0	0.0	0.0	0.0	0.0	0.0	28.0	0.0	569.0	21.0	0.0	0.0	0.0	0.0	0.0	0.0	0.0	0.0	0.0	0.0	0.0	136.0	0.0	0.0	0.0	0.0	0.0	0.0	0.0	0.0	0.0	0.0	0.0	0.0	0.0	28.0	0.0	0.0	0.0	0.0	0.0	0.0	0.0	0.0	0.0	0.0	0.0	0.0	0.0	0.0	0.0	0.0	0.0	0.0	0.0	0.0	91.0	0.0	18.0	0.0	0.0	0.0	0.0	0.0	0.0	0.0	0.0	0.0	0.0	0.0	0.0	0.0	0.0	0.0	0.0	0.0	0.0	0.0	0.0	0.0	49.0	0.0	0.0	0.0	0.0	0.0	0.0	0.0	0.0	0.0	0.0	0.0	0.0	0.0	0.0	0.0	0.0	0.0	0.0	0.0	0.0	0.0	0.0	0.0	0.0	0.0	0.0	0.0	0.0	0.0	0.0	0.0	0.0	0.0	0.0	0.0	0.0	0.0	0.0	0.0	0.0	0.0	0.0	0.0	0.0	0.0	0.0	0.0	0.0	0.0	0.0	0.0	0.0	0.0	0.0	0.0	0.0	0.0	0.0	0.0	0.0	0.0	0.0	0.0	0.0	0.0	0.0	0.0	0.0	0.0	0.0	0.0	0.0	0.0	0.0	0.0	0.0	0.0	0.0	0.0	0.0	0.0	0.0	0.0	0.0	0.0	0.0	0.0	0.0	0.0	0.0	0.0	0.0	0.0	0.0	0.0	0.0	0.0	0.0	0.0	0.0	0.0	0.0	0.0	0.0	0.0	0.0	0.0	0.0	0.0	0.0	0.0	0.0	0.0
SRR11143512	322.0	788.0	0.0	225.0	461.0	699.0	701.0	0.0	377.0	0.0	597.0	160.0	245.0	201.0	230.0	68.0	50.0	0.0	173.0	0.0	775.0	449.0	213.0	323.0	128.0	43.0	245.0	60.0	0.0	0.0	72.0	0.0	0.0	35.0	217.0	0.0	57.0	0.0	38.0	395.0	227.0	205.0	0.0	82.0	0.0	0.0	204.0	210.0	0.0	233.0	0.0	0.0	0.0	0.0	217.0	0.0	451.0	346.0	0.0	0.0	0.0	0.0	0.0	170.0	0.0	0.0	40.0	21.0	207.0	0.0	74.0	0.0	0.0	0.0	0.0	0.0	140.0	0.0	132.0	263.0	0.0	0.0	159.0	0.0	0.0	0.0	0.0	0.0	0.0	56.0	90.0	0.0	0.0	0.0	0.0	125.0	78.0	0.0	0.0	0.0	0.0	14.0	0.0	0.0	0.0	0.0	36.0	0.0	0.0	40.0	0.0	0.0	15.0	0.0	0.0	0.0	0.0	0.0	0.0	0.0	0.0	0.0	15.0	0.0	58.0	0.0	0.0	0.0	0.0	0.0	0.0	0.0	0.0	0.0	0.0	0.0	0.0	0.0	0.0	0.0	0.0	0.0	0.0	0.0	24.0	0.0	0.0	0.0	0.0	0.0	0.0	0.0	0.0	0.0	0.0	0.0	0.0	24.0	0.0	0.0	0.0	0.0	0.0	0.0	0.0	0.0	0.0	0.0	0.0	0.0	0.0	42.0	0.0	0.0	0.0	0.0	0.0	33.0	0.0	0.0	0.0	0.0	0.0	0.0	0.0	0.0	0.0	16.0	0.0	0.0	0.0	0.0	0.0	0.0	0.0	0.0	0.0	0.0	0.0	0.0	0.0	0.0	0.0	0.0	0.0	0.0	0.0	0.0	0.0	0.0	0.0	0.0	0.0	0.0	0.0	0.0	0.0	0.0	0.0	15.0	0.0	0.0	0.0	0.0	0.0	0.0	0.0	0.0	0.0	0.0	0.0	0.0	0.0	0.0	0.0	0.0	0.0	0.0	0.0	0.0	0.0	0.0	0.0	0.0	0.0	0.0	0.0	0.0	0.0	0.0	0.0	0.0	0.0	0.0	0.0	12.0	0.0	0.0	0.0	0.0	0.0	0.0	0.0	0.0	0.0	0.0	0.0	0.0	0.0	0.0	0.0	0.0	0.0	0.0	0.0	0.0	0.0	0.0	0.0	0.0	0.0	0.0	0.0	0.0	0.0	0.0	0.0	0.0	0.0	0.0	0.0	0.0	0.0	0.0	0.0	0.0	0.0	0.0	0.0	0.0	0.0	0.0	0.0	0.0	0.0	0.0	0.0	0.0	0.0	0.0
SRR11143513	440.0	740.0	110.0	107.0	0.0	346.0	374.0	214.0	357.0	0.0	491.0	271.0	251.0	88.0	108.0	0.0	0.0	53.0	114.0	0.0	248.0	118.0	70.0	0.0	47.0	0.0	88.0	0.0	204.0	0.0	107.0	143.0	32.0	0.0	100.0	0.0	11.0	0.0	0.0	34.0	0.0	134.0	0.0	97.0	38.0	0.0	111.0	481.0	125.0	316.0	0.0	0.0	45.0	187.0	202.0	0.0	242.0	202.0	0.0	0.0	22.0	0.0	0.0	147.0	0.0	126.0	85.0	107.0	350.0	0.0	168.0	0.0	0.0	0.0	0.0	122.0	177.0	0.0	138.0	156.0	0.0	0.0	58.0	0.0	0.0	0.0	0.0	0.0	0.0	273.0	0.0	0.0	0.0	0.0	29.0	2.0	0.0	0.0	0.0	0.0	82.0	47.0	0.0	0.0	0.0	239.0	118.0	0.0	0.0	0.0	0.0	0.0	0.0	0.0	0.0	46.0	0.0	0.0	0.0	0.0	0.0	0.0	0.0	0.0	129.0	33.0	0.0	0.0	14.0	0.0	0.0	0.0	0.0	0.0	0.0	0.0	0.0	0.0	0.0	0.0	0.0	0.0	0.0	0.0	0.0	0.0	0.0	0.0	0.0	0.0	0.0	64.0	0.0	0.0	0.0	0.0	0.0	0.0	0.0	0.0	0.0	17.0	0.0	0.0	0.0	0.0	0.0	0.0	0.0	20.0	0.0	0.0	0.0	0.0	0.0	0.0	0.0	0.0	0.0	0.0	0.0	0.0	0.0	0.0	0.0	0.0	0.0	0.0	0.0	0.0	123.0	0.0	0.0	0.0	0.0	0.0	0.0	0.0	9.0	0.0	0.0	0.0	0.0	0.0	0.0	0.0	10.0	0.0	0.0	0.0	0.0	0.0	0.0	0.0	0.0	0.0	0.0	0.0	0.0	0.0	0.0	0.0	0.0	0.0	0.0	0.0	0.0	0.0	0.0	0.0	0.0	0.0	0.0	0.0	0.0	0.0	0.0	0.0	0.0	0.0	0.0	0.0	0.0	0.0	0.0	0.0	0.0	0.0	0.0	0.0	0.0	0.0	0.0	0.0	0.0	0.0	0.0	0.0	0.0	0.0	0.0	0.0	0.0	0.0	0.0	0.0	0.0	0.0	0.0	0.0	0.0	0.0	0.0	0.0	0.0	0.0	0.0	0.0	0.0	0.0	0.0	0.0	0.0	0.0	0.0	0.0	0.0	0.0	0.0	0.0	0.0	0.0	28.0	0.0	0.0	0.0	0.0	0.0	0.0	0.0	0.0	0.0	0.0	0.0	0.0	0.0	0.0	0.0	0.0	0.0
SRR11143514	350.0	1697.0	237.0	588.0	137.0	785.0	527.0	155.0	602.0	0.0	1836.0	282.0	803.0	456.0	216.0	190.0	39.0	190.0	217.0	0.0	649.0	208.0	182.0	290.0	102.0	23.0	213.0	327.0	440.0	0.0	261.0	706.0	125.0	169.0	168.0	0.0	235.0	0.0	61.0	254.0	214.0	202.0	0.0	0.0	100.0	0.0	264.0	887.0	428.0	513.0	37.0	0.0	305.0	383.0	447.0	0.0	133.0	1105.0	260.0	38.0	109.0	0.0	0.0	236.0	9.0	31.0	203.0	292.0	752.0	0.0	510.0	18.0	0.0	0.0	20.0	0.0	161.0	0.0	196.0	283.0	31.0	0.0	0.0	80.0	29.0	32.0	0.0	46.0	0.0	84.0	267.0	0.0	53.0	0.0	26.0	91.0	151.0	0.0	0.0	0.0	107.0	238.0	0.0	0.0	6.0	0.0	315.0	0.0	0.0	167.0	0.0	0.0	86.0	0.0	24.0	160.0	28.0	0.0	0.0	0.0	109.0	0.0	0.0	0.0	374.0	49.0	0.0	0.0	0.0	0.0	0.0	0.0	0.0	0.0	0.0	0.0	210.0	76.0	0.0	0.0	0.0	0.0	34.0	0.0	0.0	0.0	0.0	0.0	0.0	0.0	0.0	0.0	0.0	36.0	0.0	0.0	0.0	0.0	0.0	0.0	0.0	29.0	0.0	0.0	18.0	11.0	0.0	0.0	0.0	95.0	0.0	0.0	0.0	46.0	0.0	0.0	0.0	0.0	0.0	0.0	0.0	0.0	0.0	0.0	0.0	0.0	0.0	0.0	0.0	27.0	36.0	0.0	0.0	40.0	0.0	0.0	33.0	0.0	0.0	0.0	0.0	0.0	0.0	0.0	0.0	0.0	51.0	0.0	0.0	0.0	0.0	0.0	0.0	0.0	0.0	0.0	0.0	0.0	0.0	0.0	0.0	0.0	0.0	0.0	0.0	0.0	0.0	0.0	0.0	0.0	0.0	0.0	0.0	0.0	0.0	0.0	0.0	0.0	0.0	0.0	0.0	0.0	0.0	0.0	0.0	0.0	0.0	0.0	0.0	0.0	0.0	0.0	0.0	0.0	0.0	0.0	0.0	0.0	0.0	0.0	0.0	0.0	0.0	18.0	0.0	0.0	0.0	0.0	0.0	0.0	0.0	0.0	0.0	0.0	0.0	0.0	0.0	0.0	0.0	0.0	0.0	0.0	0.0	0.0	0.0	0.0	0.0	0.0	0.0	0.0	0.0	0.0	0.0	0.0	0.0	0.0	0.0	0.0	0.0	0.0	0.0	0.0	0.0	0.0	0.0	0.0	0.0	0.0	0.0	0.0
SRR11143515	519.0	813.0	0.0	206.0	0.0	467.0	420.0	62.0	246.0	0.0	652.0	175.0	439.0	66.0	141.0	96.0	178.0	154.0	192.0	0.0	311.0	168.0	78.0	206.0	74.0	0.0	117.0	228.0	218.0	0.0	140.0	433.0	46.0	105.0	179.0	0.0	62.0	0.0	0.0	174.0	135.0	105.0	0.0	0.0	0.0	0.0	49.0	641.0	121.0	159.0	0.0	0.0	74.0	291.0	364.0	0.0	145.0	542.0	279.0	0.0	0.0	0.0	0.0	116.0	0.0	188.0	156.0	68.0	409.0	0.0	697.0	0.0	0.0	0.0	0.0	0.0	125.0	0.0	104.0	183.0	0.0	0.0	0.0	28.0	0.0	0.0	0.0	13.0	0.0	253.0	122.0	0.0	0.0	0.0	0.0	0.0	0.0	0.0	0.0	0.0	202.0	0.0	2.0	0.0	0.0	123.0	133.0	0.0	0.0	140.0	0.0	0.0	0.0	0.0	11.0	153.0	0.0	0.0	0.0	0.0	47.0	0.0	0.0	0.0	265.0	40.0	0.0	0.0	0.0	0.0	0.0	0.0	0.0	0.0	12.0	0.0	48.0	0.0	0.0	0.0	0.0	0.0	0.0	0.0	4.0	0.0	0.0	0.0	52.0	0.0	0.0	0.0	0.0	0.0	0.0	0.0	0.0	0.0	0.0	0.0	0.0	0.0	0.0	0.0	0.0	0.0	0.0	0.0	0.0	43.0	0.0	0.0	0.0	0.0	0.0	0.0	0.0	170.0	0.0	154.0	0.0	0.0	0.0	0.0	0.0	0.0	0.0	0.0	0.0	11.0	129.0	0.0	0.0	0.0	0.0	0.0	0.0	0.0	0.0	0.0	0.0	3003.0	0.0	0.0	0.0	0.0	0.0	0.0	0.0	0.0	0.0	0.0	0.0	0.0	0.0	0.0	0.0	0.0	0.0	0.0	0.0	0.0	0.0	0.0	0.0	0.0	0.0	0.0	0.0	0.0	0.0	0.0	0.0	0.0	0.0	0.0	0.0	0.0	0.0	0.0	0.0	0.0	0.0	0.0	0.0	0.0	0.0	0.0	0.0	0.0	0.0	0.0	0.0	0.0	0.0	0.0	0.0	0.0	0.0	0.0	0.0	0.0	0.0	0.0	0.0	0.0	0.0	0.0	0.0	0.0	0.0	0.0	0.0	0.0	0.0	0.0	0.0	0.0	0.0	0.0	0.0	0.0	0.0	0.0	0.0	0.0	0.0	0.0	0.0	0.0	0.0	0.0	0.0	0.0	0.0	0.0	0.0	0.0	0.0	0.0	0.0	0.0	0.0	0.0	0.0	0.0	0.0	0.0	0.0	0.0
SRR11143516	203.0	1140.0	0.0	553.0	113.0	230.0	311.0	129.0	105.0	0.0	1053.0	88.0	136.0	253.0	157.0	140.0	176.0	359.0	0.0	0.0	607.0	199.0	185.0	27.0	43.0	12.0	84.0	526.0	256.0	0.0	44.0	346.0	37.0	94.0	106.0	0.0	129.0	6.0	0.0	191.0	158.0	164.0	0.0	0.0	83.0	0.0	154.0	761.0	328.0	182.0	20.0	8.0	150.0	325.0	0.0	0.0	125.0	409.0	268.0	0.0	37.0	0.0	0.0	361.0	0.0	203.0	320.0	105.0	518.0	0.0	528.0	0.0	0.0	0.0	0.0	0.0	55.0	0.0	88.0	142.0	0.0	0.0	66.0	45.0	31.0	0.0	0.0	17.0	33.0	0.0	71.0	0.0	0.0	0.0	15.0	13.0	0.0	0.0	0.0	13.0	74.0	0.0	0.0	0.0	0.0	211.0	119.0	0.0	0.0	230.0	0.0	0.0	24.0	0.0	0.0	379.0	12.0	0.0	0.0	0.0	0.0	0.0	18.0	0.0	274.0	31.0	0.0	0.0	22.0	17.0	0.0	0.0	0.0	0.0	0.0	0.0	178.0	0.0	35.0	0.0	7.0	0.0	0.0	0.0	0.0	0.0	0.0	0.0	0.0	0.0	0.0	16.0	0.0	0.0	0.0	0.0	0.0	0.0	0.0	0.0	0.0	22.0	0.0	0.0	28.0	18.0	0.0	0.0	0.0	71.0	0.0	0.0	0.0	36.0	0.0	0.0	0.0	0.0	30.0	70.0	22.0	0.0	0.0	0.0	0.0	0.0	22.0	0.0	0.0	0.0	145.0	0.0	0.0	0.0	0.0	0.0	0.0	0.0	0.0	0.0	0.0	0.0	0.0	0.0	0.0	0.0	28.0	0.0	29.0	0.0	0.0	0.0	0.0	0.0	0.0	0.0	0.0	0.0	0.0	0.0	0.0	10.0	0.0	0.0	0.0	0.0	0.0	0.0	0.0	0.0	44.0	0.0	0.0	0.0	4.0	0.0	0.0	0.0	0.0	0.0	0.0	0.0	0.0	0.0	0.0	0.0	0.0	0.0	0.0	0.0	0.0	0.0	0.0	0.0	0.0	0.0	0.0	0.0	0.0	0.0	0.0	0.0	0.0	0.0	0.0	0.0	0.0	0.0	0.0	0.0	0.0	0.0	0.0	0.0	0.0	0.0	0.0	0.0	0.0	0.0	0.0	0.0	0.0	0.0	0.0	0.0	0.0	0.0	0.0	0.0	0.0	0.0	0.0	0.0	0.0	0.0	0.0	0.0	0.0	0.0	0.0	0.0	0.0	0.0	0.0	0.0	0.0	0.0	0.0	0.0
SRR11143519	360.0	406.0	0.0	489.0	0.0	147.0	109.0	132.0	426.0	0.0	704.0	320.0	324.0	119.0	175.0	77.0	41.0	143.0	86.0	0.0	547.0	209.0	96.0	75.0	48.0	23.0	209.0	227.0	113.0	0.0	149.0	146.0	0.0	10.0	145.0	0.0	39.0	0.0	101.0	163.0	125.0	96.0	0.0	44.0	40.0	0.0	65.0	246.0	122.0	146.0	0.0	0.0	31.0	104.0	607.0	0.0	172.0	372.0	0.0	0.0	0.0	2.0	0.0	139.0	0.0	97.0	280.0	0.0	299.0	0.0	131.0	0.0	0.0	0.0	0.0	0.0	0.0	0.0	62.0	151.0	0.0	0.0	85.0	0.0	31.0	0.0	0.0	0.0	0.0	72.0	0.0	0.0	0.0	0.0	0.0	64.0	0.0	19.0	0.0	0.0	49.0	0.0	0.0	0.0	0.0	0.0	46.0	0.0	0.0	0.0	0.0	0.0	0.0	0.0	13.0	81.0	0.0	0.0	0.0	0.0	30.0	0.0	8.0	0.0	195.0	20.0	0.0	0.0	0.0	34.0	0.0	0.0	0.0	0.0	0.0	0.0	0.0	0.0	0.0	0.0	6.0	0.0	0.0	0.0	0.0	0.0	0.0	0.0	58.0	0.0	0.0	182.0	0.0	0.0	0.0	0.0	0.0	0.0	0.0	0.0	0.0	0.0	0.0	0.0	0.0	22.0	0.0	0.0	0.0	0.0	0.0	0.0	0.0	0.0	0.0	0.0	0.0	0.0	0.0	0.0	0.0	0.0	0.0	0.0	0.0	0.0	0.0	0.0	0.0	0.0	0.0	0.0	0.0	20.0	0.0	0.0	0.0	0.0	0.0	0.0	0.0	0.0	0.0	0.0	0.0	0.0	0.0	0.0	27.0	0.0	0.0	0.0	0.0	0.0	0.0	0.0	0.0	0.0	0.0	0.0	0.0	0.0	0.0	0.0	0.0	0.0	0.0	0.0	0.0	0.0	32.0	0.0	0.0	0.0	0.0	0.0	0.0	0.0	0.0	0.0	0.0	0.0	0.0	0.0	0.0	0.0	0.0	0.0	0.0	0.0	0.0	0.0	0.0	0.0	0.0	0.0	0.0	0.0	0.0	0.0	0.0	0.0	0.0	0.0	0.0	0.0	0.0	0.0	0.0	0.0	0.0	0.0	0.0	0.0	0.0	0.0	0.0	0.0	0.0	0.0	0.0	0.0	0.0	0.0	0.0	0.0	0.0	0.0	0.0	0.0	0.0	0.0	0.0	0.0	0.0	0.0	0.0	0.0	0.0	0.0	0.0	0.0	0.0	0.0	0.0	0.0	0.0	0.0	0.0	0.0
SRR11143520	483.0	1731.0	165.0	568.0	0.0	1089.0	575.0	84.0	852.0	0.0	1371.0	400.0	424.0	275.0	239.0	198.0	136.0	233.0	260.0	0.0	1285.0	328.0	173.0	295.0	134.0	0.0	250.0	249.0	299.0	0.0	46.0	714.0	113.0	111.0	240.0	0.0	253.0	0.0	199.0	193.0	296.0	191.0	18.0	383.0	66.0	0.0	213.0	575.0	315.0	286.0	0.0	0.0	170.0	407.0	405.0	0.0	154.0	1078.0	270.0	0.0	53.0	0.0	0.0	248.0	0.0	26.0	431.0	214.0	627.0	0.0	519.0	0.0	0.0	51.0	8.0	80.0	319.0	0.0	238.0	331.0	26.0	0.0	0.0	140.0	0.0	37.0	0.0	30.0	50.0	106.0	218.0	0.0	23.0	0.0	0.0	59.0	0.0	18.0	0.0	0.0	99.0	69.0	43.0	0.0	23.0	219.0	217.0	0.0	0.0	34.0	0.0	0.0	0.0	9.0	0.0	231.0	0.0	0.0	0.0	0.0	93.0	0.0	0.0	32.0	319.0	31.0	0.0	0.0	104.0	0.0	0.0	0.0	0.0	0.0	0.0	0.0	130.0	61.0	0.0	0.0	0.0	9.0	41.0	16.0	0.0	0.0	0.0	0.0	0.0	0.0	0.0	254.0	0.0	0.0	0.0	0.0	0.0	0.0	0.0	0.0	0.0	36.0	0.0	83.0	40.0	28.0	0.0	19.0	0.0	75.0	7.0	63.0	0.0	34.0	0.0	0.0	0.0	0.0	0.0	83.0	0.0	36.0	0.0	0.0	0.0	45.0	0.0	0.0	0.0	21.0	91.0	0.0	0.0	0.0	0.0	0.0	0.0	0.0	0.0	0.0	0.0	0.0	0.0	0.0	0.0	0.0	0.0	0.0	0.0	0.0	0.0	0.0	0.0	0.0	0.0	0.0	0.0	0.0	0.0	0.0	0.0	27.0	26.0	0.0	0.0	0.0	0.0	0.0	0.0	0.0	0.0	0.0	0.0	0.0	0.0	0.0	0.0	0.0	0.0	0.0	0.0	0.0	0.0	0.0	0.0	0.0	0.0	0.0	0.0	0.0	0.0	0.0	0.0	0.0	0.0	0.0	0.0	0.0	0.0	0.0	0.0	0.0	0.0	24.0	0.0	0.0	0.0	0.0	0.0	0.0	0.0	0.0	0.0	0.0	0.0	0.0	0.0	0.0	0.0	0.0	0.0	0.0	0.0	0.0	0.0	0.0	0.0	0.0	0.0	0.0	0.0	0.0	0.0	0.0	0.0	0.0	0.0	0.0	0.0	0.0	0.0	0.0	0.0	0.0	0.0	0.0	0.0	0.0	0.0	0.0
SRR11143521	702.0	1564.0	0.0	710.0	540.0	725.0	615.0	62.0	536.0	0.0	1630.0	406.0	438.0	262.0	846.0	262.0	126.0	94.0	234.0	0.0	1789.0	1181.0	675.0	715.0	156.0	144.0	530.0	720.0	101.0	0.0	159.0	277.0	62.0	94.0	306.0	43.0	183.0	0.0	290.0	293.0	714.0	190.0	0.0	151.0	37.0	0.0	105.0	237.0	255.0	352.0	69.0	0.0	111.0	53.0	257.0	0.0	911.0	381.0	445.0	0.0	205.0	0.0	0.0	361.0	150.0	59.0	410.0	421.0	670.0	0.0	282.0	0.0	0.0	0.0	0.0	0.0	64.0	0.0	67.0	506.0	0.0	0.0	283.0	118.0	0.0	0.0	0.0	70.0	34.0	153.0	237.0	0.0	0.0	0.0	25.0	331.0	41.0	0.0	22.0	275.0	0.0	33.0	0.0	0.0	21.0	0.0	0.0	0.0	0.0	106.0	16.0	0.0	51.0	20.0	70.0	0.0	0.0	0.0	0.0	0.0	26.0	0.0	0.0	0.0	96.0	0.0	0.0	0.0	28.0	74.0	0.0	0.0	0.0	0.0	0.0	0.0	0.0	87.0	0.0	0.0	0.0	0.0	25.0	0.0	193.0	244.0	0.0	0.0	173.0	0.0	0.0	25.0	60.0	0.0	0.0	0.0	0.0	41.0	14.0	28.0	0.0	0.0	60.0	0.0	0.0	0.0	0.0	16.0	0.0	16.0	0.0	46.0	0.0	0.0	0.0	0.0	0.0	0.0	0.0	0.0	124.0	0.0	0.0	0.0	0.0	0.0	0.0	10.0	0.0	0.0	0.0	0.0	0.0	0.0	0.0	0.0	0.0	11.0	0.0	0.0	0.0	0.0	0.0	0.0	0.0	0.0	0.0	0.0	120.0	0.0	0.0	0.0	0.0	0.0	0.0	0.0	0.0	0.0	0.0	0.0	0.0	0.0	0.0	0.0	0.0	41.0	0.0	0.0	0.0	0.0	69.0	0.0	0.0	0.0	0.0	0.0	0.0	0.0	0.0	0.0	0.0	0.0	0.0	0.0	0.0	0.0	0.0	0.0	0.0	0.0	17.0	0.0	0.0	0.0	15.0	0.0	0.0	0.0	105.0	0.0	0.0	0.0	0.0	0.0	0.0	0.0	0.0	0.0	0.0	0.0	0.0	0.0	0.0	0.0	0.0	0.0	0.0	0.0	0.0	0.0	0.0	0.0	0.0	0.0	0.0	0.0	0.0	0.0	0.0	0.0	0.0	0.0	0.0	0.0	0.0	0.0	0.0	0.0	0.0	0.0	0.0	0.0	0.0	34.0	0.0	0.0	52.0	0.0	0.0	0.0
SRR11143522	886.0	1522.0	189.0	280.0	56.0	570.0	401.0	8.0	278.0	0.0	919.0	430.0	651.0	125.0	356.0	79.0	125.0	85.0	52.0	0.0	450.0	50.0	266.0	662.0	93.0	0.0	169.0	644.0	34.0	0.0	259.0	338.0	94.0	39.0	293.0	0.0	0.0	0.0	170.0	289.0	178.0	268.0	0.0	105.0	2.0	0.0	0.0	517.0	21.0	178.0	11.0	0.0	38.0	403.0	200.0	0.0	113.0	662.0	284.0	0.0	0.0	0.0	0.0	91.0	0.0	177.0	103.0	113.0	641.0	0.0	554.0	0.0	0.0	0.0	0.0	0.0	40.0	0.0	96.0	220.0	20.0	0.0	0.0	42.0	41.0	35.0	0.0	43.0	0.0	328.0	347.0	0.0	0.0	0.0	0.0	119.0	0.0	0.0	0.0	0.0	353.0	3.0	0.0	5.0	0.0	0.0	32.0	51.0	0.0	0.0	0.0	0.0	0.0	0.0	0.0	130.0	0.0	0.0	0.0	0.0	0.0	0.0	0.0	0.0	303.0	0.0	0.0	0.0	31.0	0.0	0.0	0.0	0.0	0.0	0.0	0.0	0.0	0.0	62.0	50.0	0.0	0.0	0.0	0.0	0.0	0.0	0.0	0.0	144.0	0.0	0.0	0.0	0.0	0.0	0.0	0.0	0.0	11.0	0.0	0.0	0.0	0.0	22.0	0.0	0.0	0.0	0.0	0.0	8.0	0.0	0.0	0.0	0.0	0.0	0.0	0.0	0.0	109.0	0.0	77.0	0.0	0.0	0.0	0.0	0.0	0.0	0.0	0.0	0.0	0.0	25.0	0.0	0.0	43.0	0.0	0.0	0.0	0.0	0.0	0.0	0.0	0.0	0.0	0.0	0.0	0.0	0.0	0.0	0.0	0.0	0.0	0.0	0.0	0.0	0.0	0.0	0.0	0.0	0.0	0.0	0.0	0.0	0.0	0.0	0.0	0.0	0.0	0.0	0.0	0.0	0.0	0.0	0.0	0.0	0.0	0.0	0.0	0.0	0.0	0.0	0.0	0.0	0.0	0.0	0.0	0.0	0.0	0.0	0.0	0.0	0.0	0.0	0.0	0.0	0.0	0.0	0.0	0.0	0.0	0.0	0.0	0.0	0.0	0.0	0.0	0.0	0.0	0.0	0.0	0.0	0.0	0.0	0.0	0.0	0.0	0.0	0.0	0.0	0.0	0.0	0.0	0.0	0.0	0.0	0.0	0.0	0.0	0.0	0.0	0.0	0.0	0.0	0.0	0.0	0.0	0.0	0.0	0.0	0.0	0.0	0.0	0.0	0.0	0.0	0.0	0.0	0.0	0.0	0.0	0.0
SRR11143523	799.0	1334.0	37.0	930.0	151.0	511.0	540.0	0.0	507.0	0.0	1150.0	150.0	247.0	312.0	469.0	176.0	187.0	206.0	352.0	0.0	1449.0	871.0	198.0	769.0	128.0	22.0	434.0	444.0	140.0	0.0	225.0	186.0	70.0	58.0	175.0	0.0	224.0	0.0	322.0	258.0	543.0	270.0	0.0	136.0	98.0	0.0	219.0	318.0	115.0	209.0	0.0	0.0	55.0	0.0	326.0	0.0	445.0	347.0	0.0	0.0	76.0	0.0	0.0	167.0	81.0	56.0	222.0	333.0	547.0	0.0	130.0	0.0	0.0	0.0	7.0	0.0	72.0	0.0	69.0	345.0	0.0	0.0	38.0	147.0	0.0	21.0	0.0	23.0	0.0	79.0	107.0	0.0	0.0	0.0	0.0	365.0	71.0	0.0	0.0	38.0	46.0	19.0	0.0	0.0	49.0	0.0	37.0	0.0	0.0	108.0	0.0	0.0	20.0	0.0	0.0	63.0	0.0	0.0	0.0	0.0	24.0	0.0	27.0	0.0	116.0	25.0	0.0	0.0	67.0	0.0	0.0	0.0	0.0	0.0	0.0	0.0	0.0	0.0	0.0	9.0	0.0	0.0	27.0	11.0	54.0	18.0	0.0	0.0	206.0	0.0	0.0	0.0	0.0	0.0	0.0	0.0	0.0	33.0	0.0	65.0	0.0	0.0	0.0	34.0	0.0	0.0	0.0	0.0	16.0	0.0	0.0	0.0	0.0	0.0	0.0	67.0	0.0	0.0	0.0	0.0	0.0	0.0	0.0	0.0	0.0	0.0	0.0	0.0	0.0	0.0	0.0	0.0	0.0	30.0	0.0	0.0	0.0	0.0	0.0	0.0	0.0	0.0	0.0	0.0	0.0	0.0	34.0	0.0	60.0	0.0	0.0	0.0	0.0	0.0	0.0	0.0	0.0	0.0	0.0	0.0	0.0	0.0	0.0	0.0	0.0	0.0	0.0	0.0	0.0	0.0	0.0	0.0	0.0	0.0	0.0	0.0	0.0	0.0	0.0	0.0	0.0	0.0	0.0	0.0	0.0	0.0	0.0	0.0	0.0	0.0	12.0	0.0	0.0	0.0	0.0	28.0	0.0	0.0	0.0	0.0	0.0	0.0	0.0	0.0	0.0	0.0	0.0	0.0	13.0	0.0	0.0	0.0	0.0	0.0	0.0	0.0	0.0	0.0	0.0	0.0	0.0	0.0	0.0	0.0	0.0	0.0	0.0	0.0	0.0	0.0	0.0	0.0	0.0	0.0	9.0	0.0	0.0	0.0	0.0	0.0	0.0	0.0	0.0	0.0	0.0	0.0	0.0	0.0	0.0	0.0
SRR11143524	743.0	323.0	0.0	359.0	209.0	962.0	333.0	31.0	467.0	0.0	589.0	687.0	603.0	123.0	402.0	0.0	43.0	77.0	176.0	0.0	222.0	483.0	82.0	154.0	109.0	0.0	281.0	156.0	0.0	0.0	211.0	82.0	0.0	99.0	150.0	0.0	0.0	0.0	225.0	397.0	31.0	254.0	0.0	253.0	0.0	0.0	60.0	185.0	0.0	158.0	10.0	0.0	10.0	0.0	364.0	0.0	779.0	200.0	11.0	0.0	0.0	0.0	0.0	0.0	42.0	0.0	43.0	43.0	137.0	0.0	0.0	0.0	0.0	0.0	0.0	0.0	205.0	0.0	83.0	235.0	0.0	0.0	84.0	8.0	19.0	0.0	0.0	18.0	0.0	136.0	58.0	0.0	0.0	0.0	0.0	34.0	36.0	12.0	0.0	0.0	51.0	0.0	0.0	0.0	0.0	0.0	75.0	0.0	0.0	36.0	0.0	0.0	0.0	8.0	0.0	0.0	0.0	0.0	0.0	12.0	0.0	0.0	0.0	0.0	72.0	0.0	0.0	0.0	0.0	0.0	0.0	0.0	0.0	0.0	0.0	188.0	0.0	69.0	0.0	9.0	0.0	0.0	0.0	0.0	0.0	8.0	0.0	0.0	0.0	0.0	0.0	0.0	0.0	0.0	0.0	0.0	0.0	0.0	0.0	0.0	0.0	0.0	0.0	0.0	0.0	0.0	0.0	0.0	0.0	0.0	0.0	17.0	0.0	0.0	0.0	0.0	0.0	0.0	0.0	0.0	10.0	0.0	0.0	0.0	0.0	0.0	0.0	0.0	0.0	0.0	0.0	0.0	0.0	11.0	0.0	0.0	0.0	0.0	0.0	0.0	0.0	0.0	0.0	16.0	0.0	0.0	0.0	0.0	28.0	0.0	0.0	0.0	0.0	0.0	0.0	0.0	0.0	0.0	0.0	0.0	0.0	0.0	0.0	0.0	0.0	105.0	0.0	0.0	0.0	0.0	0.0	0.0	0.0	0.0	0.0	0.0	0.0	0.0	0.0	0.0	0.0	0.0	0.0	0.0	0.0	0.0	0.0	0.0	0.0	0.0	0.0	0.0	0.0	0.0	0.0	0.0	12.0	0.0	0.0	0.0	0.0	0.0	0.0	0.0	0.0	0.0	0.0	0.0	0.0	0.0	0.0	0.0	0.0	0.0	0.0	0.0	0.0	0.0	0.0	0.0	0.0	0.0	0.0	0.0	0.0	0.0	0.0	0.0	0.0	0.0	0.0	0.0	0.0	0.0	0.0	0.0	0.0	0.0	0.0	0.0	0.0	0.0	0.0	0.0	0.0	0.0	0.0	0.0	0.0	0.0
SRR11143525	905.0	1139.0	0.0	605.0	526.0	679.0	538.0	0.0	476.0	0.0	782.0	376.0	460.0	497.0	854.0	115.0	96.0	176.0	262.0	0.0	740.0	901.0	213.0	955.0	134.0	0.0	486.0	578.0	0.0	0.0	130.0	0.0	73.0	76.0	220.0	0.0	236.0	0.0	235.0	328.0	648.0	487.0	41.0	79.0	63.0	0.0	241.0	261.0	0.0	378.0	0.0	0.0	57.0	123.0	396.0	0.0	511.0	279.0	0.0	0.0	26.0	0.0	0.0	74.0	164.0	50.0	86.0	297.0	9.0	0.0	283.0	0.0	0.0	0.0	0.0	0.0	281.0	0.0	207.0	436.0	0.0	0.0	0.0	128.0	0.0	0.0	0.0	0.0	0.0	223.0	78.0	0.0	0.0	0.0	0.0	153.0	176.0	9.0	0.0	38.0	0.0	0.0	0.0	0.0	117.0	0.0	252.0	65.0	0.0	280.0	35.0	0.0	11.0	8.0	0.0	156.0	0.0	0.0	11.0	0.0	0.0	0.0	18.0	0.0	150.0	14.0	0.0	0.0	78.0	0.0	0.0	0.0	0.0	0.0	0.0	0.0	0.0	0.0	54.0	15.0	0.0	0.0	0.0	0.0	48.0	53.0	0.0	0.0	0.0	0.0	0.0	0.0	70.0	0.0	0.0	0.0	0.0	68.0	0.0	0.0	0.0	0.0	15.0	0.0	0.0	0.0	0.0	0.0	0.0	0.0	0.0	44.0	0.0	0.0	0.0	0.0	0.0	0.0	0.0	0.0	49.0	0.0	0.0	0.0	0.0	0.0	29.0	39.0	0.0	0.0	0.0	0.0	0.0	0.0	0.0	0.0	0.0	0.0	0.0	0.0	0.0	0.0	0.0	0.0	0.0	0.0	0.0	0.0	55.0	0.0	0.0	0.0	0.0	0.0	5.0	0.0	0.0	0.0	0.0	0.0	0.0	0.0	0.0	0.0	0.0	64.0	0.0	0.0	0.0	0.0	0.0	0.0	0.0	0.0	0.0	0.0	0.0	0.0	0.0	0.0	0.0	0.0	0.0	0.0	0.0	0.0	0.0	0.0	0.0	0.0	0.0	24.0	0.0	0.0	0.0	76.0	0.0	0.0	0.0	0.0	0.0	0.0	0.0	0.0	0.0	0.0	0.0	0.0	0.0	0.0	0.0	0.0	0.0	0.0	0.0	0.0	0.0	0.0	0.0	0.0	0.0	0.0	0.0	0.0	0.0	0.0	0.0	0.0	0.0	0.0	0.0	0.0	0.0	0.0	0.0	0.0	0.0	0.0	0.0	0.0	0.0	0.0	0.0	0.0	0.0	0.0	0.0	0.0	0.0	0.0
SRR11143526	915.0	1496.0	0.0	695.0	305.0	476.0	514.0	0.0	436.0	0.0	860.0	355.0	528.0	419.0	502.0	101.0	78.0	234.0	135.0	0.0	1134.0	611.0	373.0	944.0	142.0	34.0	479.0	927.0	58.0	0.0	234.0	103.0	132.0	182.0	308.0	0.0	168.0	0.0	257.0	303.0	579.0	448.0	0.0	144.0	97.0	9.0	46.0	247.0	84.0	247.0	18.0	0.0	44.0	37.0	256.0	0.0	532.0	656.0	223.0	12.0	0.0	0.0	0.0	196.0	78.0	88.0	260.0	471.0	259.0	0.0	163.0	0.0	0.0	0.0	0.0	0.0	134.0	0.0	112.0	378.0	0.0	0.0	84.0	104.0	68.0	0.0	0.0	32.0	8.0	67.0	156.0	0.0	0.0	0.0	19.0	331.0	0.0	40.0	0.0	46.0	132.0	0.0	64.0	0.0	31.0	0.0	71.0	0.0	0.0	308.0	0.0	64.0	0.0	0.0	0.0	0.0	0.0	0.0	18.0	0.0	0.0	0.0	0.0	0.0	207.0	44.0	0.0	0.0	133.0	4.0	0.0	0.0	0.0	0.0	0.0	0.0	0.0	0.0	0.0	12.0	0.0	0.0	46.0	0.0	106.0	0.0	0.0	41.0	138.0	0.0	0.0	21.0	0.0	0.0	0.0	0.0	101.0	109.0	0.0	0.0	0.0	0.0	50.0	47.0	0.0	0.0	0.0	11.0	0.0	20.0	0.0	52.0	0.0	0.0	0.0	0.0	0.0	0.0	0.0	0.0	28.0	0.0	0.0	0.0	5.0	0.0	0.0	0.0	0.0	0.0	0.0	0.0	0.0	52.0	12.0	33.0	0.0	0.0	0.0	0.0	0.0	0.0	0.0	19.0	0.0	0.0	0.0	0.0	59.0	0.0	0.0	0.0	0.0	0.0	0.0	0.0	0.0	0.0	0.0	6.0	0.0	0.0	0.0	0.0	0.0	0.0	0.0	0.0	0.0	0.0	50.0	0.0	0.0	0.0	0.0	0.0	0.0	0.0	0.0	0.0	0.0	0.0	0.0	0.0	0.0	0.0	0.0	0.0	0.0	0.0	0.0	0.0	0.0	0.0	0.0	0.0	0.0	0.0	0.0	0.0	0.0	0.0	0.0	0.0	0.0	0.0	0.0	0.0	0.0	0.0	0.0	0.0	0.0	0.0	0.0	0.0	0.0	0.0	0.0	0.0	0.0	0.0	0.0	0.0	0.0	0.0	0.0	0.0	0.0	0.0	0.0	0.0	0.0	0.0	0.0	0.0	0.0	0.0	0.0	0.0	0.0	0.0	0.0	0.0	0.0	0.0	0.0	0.0	0.0	0.0
SRR11143527	643.0	1956.0	0.0	598.0	130.0	724.0	835.0	0.0	562.0	0.0	1863.0	209.0	205.0	668.0	220.0	105.0	149.0	151.0	231.0	0.0	1486.0	654.0	609.0	462.0	125.0	131.0	324.0	684.0	86.0	0.0	97.0	196.0	40.0	75.0	419.0	0.0	286.0	0.0	142.0	299.0	959.0	204.0	17.0	193.0	11.0	0.0	414.0	334.0	277.0	394.0	34.0	0.0	0.0	241.0	318.0	0.0	356.0	769.0	429.0	11.0	179.0	13.0	0.0	252.0	103.0	0.0	422.0	330.0	298.0	0.0	281.0	35.0	0.0	0.0	56.0	0.0	55.0	11.0	185.0	922.0	0.0	0.0	237.0	187.0	0.0	48.0	0.0	52.0	28.0	179.0	615.0	0.0	0.0	0.0	0.0	611.0	106.0	0.0	31.0	409.0	57.0	35.0	4.0	86.0	34.0	0.0	580.0	17.0	0.0	331.0	15.0	0.0	43.0	30.0	38.0	44.0	0.0	0.0	0.0	0.0	0.0	0.0	12.0	0.0	230.0	32.0	0.0	0.0	0.0	0.0	0.0	0.0	0.0	0.0	0.0	0.0	0.0	49.0	0.0	11.0	12.0	56.0	29.0	0.0	87.0	0.0	0.0	48.0	130.0	0.0	0.0	0.0	0.0	0.0	19.0	0.0	0.0	28.0	6.0	17.0	0.0	11.0	46.0	27.0	0.0	19.0	0.0	22.0	10.0	35.0	0.0	91.0	0.0	0.0	0.0	0.0	0.0	6.0	0.0	0.0	0.0	0.0	14.0	0.0	0.0	0.0	27.0	18.0	0.0	0.0	0.0	24.0	0.0	0.0	0.0	0.0	0.0	0.0	0.0	0.0	0.0	0.0	0.0	0.0	0.0	0.0	23.0	0.0	47.0	0.0	0.0	0.0	0.0	0.0	0.0	0.0	0.0	0.0	0.0	0.0	0.0	24.0	0.0	0.0	0.0	0.0	0.0	0.0	0.0	0.0	127.0	0.0	0.0	0.0	7.0	0.0	0.0	0.0	0.0	0.0	0.0	15.0	0.0	0.0	0.0	0.0	0.0	0.0	0.0	0.0	25.0	0.0	0.0	0.0	0.0	43.0	0.0	0.0	87.0	0.0	0.0	0.0	0.0	20.0	0.0	18.0	0.0	0.0	0.0	0.0	0.0	0.0	0.0	0.0	0.0	0.0	0.0	0.0	0.0	0.0	0.0	0.0	0.0	0.0	0.0	0.0	0.0	0.0	0.0	0.0	0.0	0.0	0.0	0.0	0.0	0.0	0.0	0.0	0.0	0.0	0.0	0.0	0.0	38.0	0.0	0.0	0.0	0.0	0.0	0.0
SRR11143533	459.0	1049.0	0.0	121.0	25.0	128.0	286.0	0.0	401.0	0.0	456.0	57.0	215.0	124.0	235.0	63.0	77.0	0.0	95.0	0.0	179.0	338.0	118.0	221.0	0.0	42.0	217.0	223.0	0.0	0.0	144.0	127.0	68.0	16.0	68.0	0.0	63.0	0.0	106.0	165.0	190.0	65.0	0.0	16.0	23.0	0.0	126.0	304.0	88.0	204.0	23.0	0.0	26.0	0.0	325.0	0.0	216.0	154.0	127.0	8.0	0.0	0.0	0.0	0.0	0.0	0.0	127.0	148.0	222.0	0.0	34.0	0.0	0.0	0.0	0.0	0.0	64.0	0.0	42.0	86.0	0.0	0.0	81.0	0.0	33.0	38.0	0.0	0.0	0.0	115.0	230.0	0.0	0.0	0.0	16.0	158.0	35.0	0.0	0.0	22.0	48.0	0.0	0.0	0.0	0.0	0.0	0.0	0.0	0.0	0.0	0.0	0.0	0.0	0.0	0.0	0.0	0.0	0.0	0.0	0.0	0.0	0.0	21.0	0.0	94.0	10.0	0.0	0.0	19.0	0.0	0.0	0.0	0.0	0.0	0.0	0.0	0.0	0.0	0.0	0.0	0.0	0.0	0.0	0.0	20.0	0.0	0.0	0.0	59.0	0.0	0.0	31.0	31.0	0.0	0.0	0.0	0.0	27.0	0.0	0.0	0.0	0.0	0.0	24.0	0.0	0.0	0.0	18.0	0.0	17.0	0.0	0.0	0.0	0.0	0.0	0.0	0.0	0.0	0.0	0.0	20.0	0.0	0.0	0.0	77.0	0.0	22.0	0.0	0.0	0.0	0.0	10.0	0.0	0.0	0.0	0.0	0.0	0.0	0.0	0.0	0.0	0.0	0.0	0.0	0.0	0.0	0.0	0.0	0.0	0.0	0.0	0.0	0.0	0.0	0.0	0.0	0.0	0.0	0.0	0.0	0.0	0.0	0.0	0.0	0.0	0.0	0.0	0.0	0.0	0.0	0.0	0.0	0.0	0.0	0.0	0.0	0.0	0.0	0.0	0.0	0.0	15.0	0.0	0.0	0.0	0.0	0.0	0.0	0.0	0.0	0.0	0.0	0.0	0.0	0.0	0.0	0.0	0.0	0.0	0.0	0.0	0.0	0.0	0.0	0.0	0.0	0.0	0.0	0.0	0.0	0.0	0.0	9.0	0.0	0.0	0.0	0.0	0.0	0.0	0.0	0.0	0.0	0.0	0.0	0.0	0.0	0.0	0.0	0.0	0.0	0.0	0.0	0.0	0.0	0.0	0.0	0.0	0.0	0.0	0.0	0.0	0.0	0.0	0.0	0.0	0.0	0.0	0.0	0.0	0.0
SRR11143536	80.0	761.0	0.0	335.0	231.0	456.0	177.0	0.0	630.0	0.0	751.0	90.0	170.0	0.0	163.0	62.0	177.0	201.0	101.0	0.0	770.0	101.0	225.0	594.0	60.0	73.0	54.0	454.0	205.0	0.0	189.0	255.0	0.0	73.0	102.0	13.0	54.0	28.0	251.0	352.0	260.0	229.0	0.0	16.0	0.0	0.0	32.0	365.0	124.0	179.0	22.0	0.0	71.0	349.0	426.0	0.0	0.0	312.0	169.0	0.0	59.0	0.0	0.0	66.0	0.0	190.0	135.0	174.0	220.0	0.0	238.0	0.0	0.0	0.0	16.0	0.0	0.0	9.0	0.0	0.0	0.0	0.0	0.0	86.0	18.0	0.0	0.0	23.0	0.0	0.0	112.0	0.0	0.0	0.0	0.0	110.0	0.0	0.0	0.0	0.0	0.0	62.0	26.0	0.0	0.0	0.0	17.0	0.0	0.0	137.0	0.0	0.0	0.0	0.0	0.0	114.0	0.0	0.0	0.0	0.0	13.0	0.0	0.0	0.0	270.0	0.0	0.0	0.0	42.0	24.0	0.0	0.0	0.0	0.0	0.0	0.0	0.0	0.0	46.0	0.0	0.0	0.0	0.0	0.0	0.0	0.0	0.0	0.0	61.0	0.0	0.0	0.0	0.0	0.0	0.0	0.0	166.0	0.0	0.0	0.0	0.0	0.0	0.0	0.0	0.0	0.0	0.0	0.0	0.0	34.0	0.0	0.0	0.0	21.0	0.0	0.0	0.0	0.0	43.0	0.0	0.0	0.0	0.0	0.0	0.0	0.0	0.0	0.0	0.0	0.0	0.0	0.0	0.0	0.0	0.0	0.0	0.0	0.0	0.0	0.0	0.0	0.0	0.0	0.0	0.0	0.0	25.0	0.0	0.0	0.0	0.0	0.0	0.0	0.0	0.0	0.0	0.0	0.0	0.0	13.0	0.0	0.0	0.0	0.0	0.0	0.0	0.0	0.0	0.0	0.0	0.0	0.0	0.0	0.0	0.0	0.0	0.0	0.0	0.0	0.0	0.0	0.0	0.0	0.0	0.0	0.0	0.0	0.0	0.0	0.0	0.0	0.0	0.0	0.0	0.0	0.0	0.0	0.0	0.0	0.0	0.0	0.0	0.0	0.0	0.0	0.0	0.0	0.0	0.0	0.0	0.0	0.0	0.0	0.0	0.0	0.0	0.0	0.0	0.0	0.0	0.0	0.0	0.0	0.0	0.0	0.0	0.0	0.0	0.0	0.0	0.0	0.0	0.0	0.0	0.0	0.0	0.0	0.0	0.0	0.0	0.0	0.0	0.0	0.0	0.0	0.0	0.0	0.0	0.0	0.0
SRR11143537	660.0	2418.0	80.0	1191.0	367.0	593.0	661.0	75.0	740.0	27.0	2536.0	243.0	921.0	808.0	393.0	264.0	29.0	320.0	411.0	0.0	1934.0	423.0	544.0	530.0	209.0	279.0	556.0	414.0	322.0	14.0	98.0	540.0	0.0	195.0	288.0	24.0	205.0	0.0	417.0	248.0	804.0	467.0	0.0	0.0	0.0	0.0	179.0	327.0	128.0	668.0	54.0	19.0	74.0	409.0	486.0	50.0	246.0	844.0	246.0	0.0	152.0	26.0	0.0	262.0	73.0	160.0	340.0	300.0	210.0	0.0	458.0	13.0	0.0	0.0	54.0	0.0	0.0	120.0	101.0	99.0	0.0	0.0	0.0	177.0	0.0	0.0	33.0	42.0	105.0	0.0	358.0	24.0	30.0	0.0	0.0	281.0	141.0	0.0	0.0	0.0	391.0	76.0	8.0	0.0	46.0	0.0	238.0	85.0	0.0	148.0	36.0	0.0	202.0	28.0	90.0	80.0	29.0	0.0	16.0	50.0	48.0	0.0	40.0	0.0	202.0	0.0	0.0	0.0	12.0	0.0	0.0	0.0	0.0	0.0	30.0	0.0	65.0	78.0	0.0	7.0	11.0	0.0	0.0	0.0	0.0	26.0	29.0	47.0	0.0	0.0	0.0	27.0	0.0	14.0	0.0	0.0	225.0	0.0	0.0	0.0	0.0	18.0	0.0	48.0	0.0	0.0	13.0	0.0	0.0	73.0	9.0	36.0	0.0	38.0	0.0	0.0	0.0	0.0	0.0	0.0	0.0	0.0	0.0	36.0	0.0	0.0	0.0	0.0	12.0	0.0	0.0	0.0	0.0	18.0	11.0	0.0	0.0	0.0	0.0	0.0	0.0	0.0	0.0	0.0	0.0	0.0	0.0	0.0	58.0	0.0	0.0	0.0	0.0	0.0	0.0	0.0	0.0	0.0	0.0	0.0	0.0	0.0	0.0	0.0	0.0	0.0	0.0	0.0	0.0	11.0	0.0	0.0	0.0	0.0	0.0	0.0	0.0	0.0	0.0	0.0	0.0	0.0	0.0	0.0	0.0	0.0	0.0	11.0	0.0	0.0	6.0	0.0	0.0	0.0	0.0	0.0	0.0	0.0	0.0	0.0	0.0	0.0	0.0	0.0	0.0	0.0	0.0	0.0	0.0	0.0	0.0	0.0	0.0	0.0	0.0	0.0	0.0	0.0	0.0	0.0	0.0	0.0	0.0	0.0	0.0	0.0	0.0	0.0	0.0	0.0	0.0	0.0	0.0	0.0	0.0	0.0	0.0	0.0	0.0	0.0	0.0	0.0	0.0	0.0	0.0	0.0	0.0	0.0	0.0	0.0
SRR11143538	438.0	1078.0	286.0	536.0	285.0	501.0	230.0	0.0	432.0	0.0	1213.0	163.0	425.0	219.0	382.0	166.0	41.0	243.0	178.0	0.0	1168.0	84.0	197.0	699.0	88.0	67.0	380.0	276.0	209.0	0.0	210.0	229.0	57.0	86.0	153.0	0.0	45.0	0.0	497.0	228.0	415.0	198.0	5.0	0.0	106.0	44.0	68.0	171.0	0.0	244.0	28.0	0.0	80.0	199.0	185.0	24.0	59.0	318.0	216.0	0.0	0.0	0.0	0.0	107.0	0.0	154.0	119.0	226.0	222.0	0.0	205.0	0.0	0.0	0.0	22.0	22.0	73.0	8.0	0.0	113.0	0.0	0.0	0.0	112.0	22.0	18.0	0.0	24.0	6.0	0.0	112.0	0.0	0.0	0.0	10.0	83.0	93.0	0.0	26.0	0.0	45.0	98.0	30.0	0.0	15.0	0.0	83.0	14.0	0.0	71.0	0.0	0.0	44.0	0.0	0.0	90.0	6.0	0.0	6.0	0.0	9.0	0.0	16.0	26.0	140.0	36.0	0.0	0.0	37.0	0.0	0.0	0.0	0.0	0.0	16.0	0.0	0.0	0.0	30.0	0.0	0.0	45.0	0.0	0.0	0.0	0.0	0.0	38.0	0.0	0.0	0.0	0.0	0.0	0.0	0.0	0.0	88.0	0.0	0.0	0.0	0.0	0.0	14.0	0.0	0.0	0.0	0.0	0.0	0.0	31.0	0.0	21.0	0.0	0.0	0.0	0.0	0.0	24.0	0.0	0.0	0.0	0.0	0.0	0.0	0.0	0.0	0.0	0.0	0.0	0.0	0.0	0.0	0.0	0.0	0.0	0.0	0.0	0.0	0.0	0.0	0.0	0.0	0.0	0.0	0.0	0.0	0.0	0.0	0.0	0.0	0.0	0.0	0.0	0.0	0.0	0.0	0.0	0.0	0.0	0.0	0.0	0.0	0.0	0.0	0.0	0.0	0.0	7.0	0.0	0.0	43.0	0.0	0.0	0.0	0.0	0.0	0.0	0.0	0.0	0.0	16.0	5.0	0.0	0.0	0.0	0.0	0.0	0.0	0.0	0.0	0.0	0.0	0.0	0.0	0.0	0.0	0.0	0.0	0.0	0.0	0.0	0.0	0.0	0.0	0.0	7.0	0.0	0.0	10.0	0.0	0.0	0.0	0.0	0.0	0.0	0.0	0.0	0.0	0.0	0.0	0.0	0.0	0.0	0.0	0.0	0.0	0.0	0.0	0.0	0.0	0.0	0.0	0.0	0.0	0.0	0.0	0.0	0.0	0.0	0.0	0.0	0.0	0.0	0.0	0.0	0.0	0.0	0.0	0.0	0.0
SRR11143556	23.0	0.0	105.0	59.0	0.0	2233.0	150.0	0.0	361.0	0.0	229.0	0.0	144.0	0.0	106.0	406.0	75.0	65.0	165.0	0.0	0.0	378.0	0.0	265.0	85.0	0.0	0.0	28.0	305.0	0.0	375.0	0.0	0.0	43.0	0.0	0.0	0.0	0.0	428.0	0.0	0.0	0.0	0.0	19.0	0.0	0.0	593.0	45.0	0.0	215.0	0.0	0.0	0.0	163.0	0.0	90.0	0.0	0.0	0.0	0.0	198.0	65.0	0.0	0.0	0.0	0.0	320.0	174.0	0.0	0.0	0.0	156.0	0.0	0.0	0.0	0.0	0.0	0.0	210.0	27.0	0.0	0.0	0.0	0.0	143.0	73.0	0.0	0.0	0.0	0.0	0.0	0.0	0.0	0.0	0.0	0.0	0.0	0.0	0.0	0.0	0.0	187.0	13.0	66.0	0.0	0.0	0.0	0.0	0.0	0.0	0.0	0.0	0.0	0.0	0.0	0.0	0.0	0.0	0.0	0.0	0.0	0.0	0.0	0.0	0.0	237.0	0.0	32.0	0.0	0.0	0.0	0.0	0.0	0.0	0.0	0.0	0.0	68.0	0.0	0.0	0.0	0.0	0.0	0.0	0.0	0.0	226.0	103.0	0.0	0.0	0.0	0.0	0.0	0.0	10.0	0.0	0.0	0.0	0.0	0.0	0.0	77.0	0.0	0.0	0.0	0.0	0.0	0.0	0.0	0.0	0.0	0.0	0.0	0.0	0.0	0.0	0.0	0.0	0.0	0.0	0.0	0.0	0.0	0.0	0.0	0.0	0.0	0.0	0.0	0.0	0.0	0.0	0.0	0.0	0.0	0.0	0.0	0.0	148.0	58.0	0.0	0.0	0.0	0.0	0.0	0.0	0.0	0.0	0.0	0.0	0.0	0.0	0.0	0.0	0.0	0.0	0.0	0.0	0.0	0.0	0.0	0.0	0.0	105.0	0.0	0.0	0.0	0.0	0.0	0.0	0.0	0.0	0.0	0.0	0.0	0.0	0.0	0.0	0.0	0.0	0.0	0.0	0.0	0.0	0.0	0.0	0.0	0.0	0.0	0.0	0.0	0.0	0.0	0.0	0.0	0.0	0.0	0.0	0.0	0.0	0.0	0.0	0.0	0.0	0.0	0.0	56.0	0.0	0.0	0.0	0.0	0.0	0.0	0.0	0.0	0.0	0.0	0.0	0.0	0.0	0.0	0.0	0.0	0.0	0.0	0.0	0.0	0.0	0.0	0.0	0.0	0.0	0.0	0.0	0.0	0.0	15.0	0.0	0.0	0.0	0.0	0.0	0.0	0.0	0.0	0.0	0.0	0.0	0.0	0.0
SRR11143567	589.0	1984.0	153.0	510.0	139.0	524.0	361.0	0.0	303.0	0.0	1587.0	95.0	1516.0	331.0	360.0	0.0	56.0	511.0	117.0	0.0	1182.0	176.0	432.0	395.0	191.0	76.0	480.0	282.0	222.0	0.0	246.0	431.0	214.0	98.0	222.0	0.0	147.0	0.0	473.0	362.0	483.0	261.0	0.0	38.0	0.0	0.0	112.0	312.0	318.0	511.0	0.0	0.0	95.0	240.0	221.0	81.0	101.0	908.0	253.0	27.0	70.0	6.0	0.0	87.0	59.0	128.0	337.0	346.0	314.0	0.0	281.0	34.0	0.0	0.0	22.0	0.0	0.0	23.0	59.0	162.0	0.0	0.0	22.0	85.0	0.0	0.0	0.0	22.0	58.0	0.0	96.0	0.0	0.0	0.0	12.0	176.0	136.0	0.0	0.0	0.0	331.0	188.0	26.0	0.0	0.0	0.0	155.0	0.0	0.0	186.0	0.0	0.0	0.0	0.0	0.0	0.0	0.0	0.0	28.0	0.0	30.0	0.0	0.0	0.0	101.0	48.0	0.0	12.0	0.0	0.0	0.0	0.0	0.0	0.0	0.0	0.0	0.0	33.0	34.0	0.0	0.0	0.0	15.0	0.0	0.0	39.0	0.0	0.0	99.0	0.0	0.0	9.0	18.0	0.0	0.0	0.0	138.0	0.0	0.0	0.0	0.0	0.0	11.0	0.0	0.0	0.0	0.0	0.0	0.0	32.0	0.0	45.0	0.0	0.0	0.0	0.0	0.0	0.0	0.0	0.0	45.0	0.0	0.0	0.0	0.0	0.0	0.0	0.0	0.0	0.0	0.0	0.0	0.0	0.0	0.0	0.0	0.0	0.0	0.0	0.0	0.0	0.0	0.0	0.0	0.0	0.0	0.0	0.0	0.0	0.0	0.0	0.0	0.0	0.0	0.0	0.0	7.0	0.0	0.0	7.0	0.0	0.0	0.0	0.0	0.0	0.0	0.0	0.0	0.0	0.0	58.0	0.0	0.0	0.0	0.0	0.0	0.0	0.0	0.0	0.0	0.0	9.0	0.0	0.0	0.0	0.0	0.0	8.0	0.0	0.0	0.0	0.0	0.0	0.0	0.0	0.0	0.0	0.0	0.0	0.0	0.0	0.0	0.0	0.0	0.0	11.0	0.0	0.0	0.0	0.0	0.0	0.0	0.0	0.0	0.0	0.0	0.0	0.0	0.0	0.0	0.0	0.0	0.0	0.0	0.0	0.0	0.0	0.0	0.0	0.0	0.0	0.0	0.0	19.0	0.0	0.0	0.0	0.0	0.0	0.0	0.0	0.0	0.0	0.0	0.0	0.0	0.0	0.0	0.0	0.0
SRR11143569	320.0	938.0	118.0	414.0	102.0	358.0	225.0	0.0	575.0	0.0	1422.0	214.0	733.0	224.0	204.0	99.0	155.0	319.0	181.0	0.0	771.0	122.0	229.0	90.0	114.0	78.0	455.0	0.0	209.0	0.0	176.0	287.0	42.0	22.0	126.0	0.0	97.0	0.0	270.0	306.0	393.0	296.0	0.0	0.0	0.0	0.0	120.0	218.0	173.0	208.0	0.0	0.0	64.0	66.0	347.0	0.0	153.0	290.0	166.0	0.0	44.0	0.0	0.0	151.0	45.0	112.0	238.0	108.0	333.0	0.0	191.0	0.0	0.0	0.0	18.0	0.0	0.0	16.0	0.0	138.0	0.0	0.0	0.0	61.0	19.0	0.0	0.0	0.0	24.0	0.0	0.0	0.0	0.0	0.0	0.0	70.0	137.0	0.0	0.0	0.0	75.0	47.0	27.0	0.0	0.0	0.0	184.0	13.0	0.0	35.0	0.0	0.0	0.0	0.0	0.0	0.0	0.0	0.0	12.0	0.0	0.0	11.0	0.0	0.0	156.0	37.0	0.0	0.0	0.0	0.0	0.0	0.0	0.0	0.0	25.0	0.0	0.0	0.0	0.0	0.0	0.0	0.0	0.0	0.0	16.0	0.0	0.0	0.0	0.0	0.0	0.0	84.0	0.0	0.0	0.0	0.0	150.0	0.0	0.0	0.0	0.0	0.0	0.0	0.0	0.0	0.0	0.0	0.0	0.0	36.0	0.0	0.0	0.0	0.0	0.0	0.0	0.0	0.0	0.0	0.0	32.0	0.0	0.0	0.0	2.0	0.0	0.0	6.0	0.0	0.0	0.0	0.0	0.0	13.0	0.0	0.0	0.0	0.0	0.0	0.0	0.0	0.0	0.0	0.0	0.0	0.0	0.0	0.0	33.0	0.0	0.0	0.0	0.0	0.0	0.0	0.0	0.0	0.0	0.0	0.0	0.0	0.0	0.0	0.0	0.0	0.0	0.0	0.0	0.0	0.0	44.0	0.0	0.0	0.0	0.0	0.0	0.0	0.0	0.0	0.0	0.0	0.0	0.0	0.0	0.0	0.0	0.0	0.0	0.0	0.0	0.0	0.0	0.0	0.0	0.0	0.0	0.0	0.0	0.0	0.0	0.0	0.0	0.0	0.0	0.0	0.0	0.0	0.0	0.0	0.0	0.0	0.0	0.0	0.0	0.0	0.0	0.0	0.0	0.0	0.0	0.0	0.0	0.0	0.0	0.0	0.0	0.0	0.0	0.0	0.0	0.0	0.0	0.0	0.0	0.0	0.0	0.0	0.0	0.0	0.0	0.0	0.0	0.0	0.0	0.0	0.0	0.0	0.0	0.0	0.0
SRR11143570	742.0	1951.0	179.0	1072.0	204.0	871.0	638.0	0.0	805.0	0.0	3148.0	308.0	839.0	1417.0	251.0	204.0	58.0	332.0	162.0	0.0	1389.0	286.0	257.0	1073.0	113.0	175.0	524.0	805.0	488.0	0.0	227.0	436.0	106.0	393.0	227.0	43.0	276.0	0.0	760.0	260.0	832.0	712.0	14.0	104.0	0.0	0.0	196.0	452.0	280.0	516.0	64.0	28.0	143.0	561.0	190.0	26.0	674.0	1918.0	0.0	36.0	85.0	0.0	0.0	331.0	0.0	112.0	394.0	513.0	199.0	0.0	535.0	62.0	0.0	0.0	58.0	0.0	0.0	16.0	92.0	294.0	33.0	0.0	0.0	224.0	148.0	0.0	0.0	76.0	59.0	0.0	290.0	0.0	0.0	0.0	0.0	133.0	224.0	0.0	14.0	31.0	120.0	68.0	9.0	0.0	86.0	0.0	411.0	0.0	0.0	374.0	0.0	0.0	128.0	0.0	50.0	152.0	0.0	0.0	57.0	90.0	0.0	0.0	22.0	55.0	147.0	23.0	0.0	20.0	0.0	0.0	6.0	0.0	0.0	0.0	0.0	0.0	0.0	67.0	71.0	0.0	0.0	0.0	41.0	0.0	0.0	20.0	0.0	18.0	129.0	0.0	7.0	0.0	17.0	91.0	0.0	33.0	81.0	0.0	0.0	0.0	26.0	0.0	0.0	0.0	0.0	0.0	0.0	0.0	0.0	54.0	74.0	35.0	0.0	85.0	0.0	0.0	0.0	0.0	0.0	0.0	97.0	0.0	0.0	44.0	0.0	0.0	0.0	0.0	20.0	0.0	0.0	0.0	0.0	59.0	0.0	0.0	42.0	0.0	0.0	0.0	0.0	0.0	0.0	0.0	0.0	0.0	0.0	0.0	49.0	0.0	0.0	0.0	0.0	0.0	0.0	0.0	0.0	0.0	0.0	0.0	0.0	0.0	0.0	0.0	0.0	0.0	0.0	0.0	0.0	0.0	82.0	0.0	0.0	0.0	0.0	0.0	0.0	0.0	0.0	0.0	0.0	0.0	0.0	0.0	0.0	0.0	0.0	0.0	0.0	0.0	0.0	0.0	0.0	0.0	0.0	0.0	0.0	0.0	0.0	0.0	0.0	0.0	0.0	0.0	0.0	11.0	0.0	0.0	0.0	0.0	0.0	0.0	0.0	0.0	0.0	0.0	0.0	0.0	0.0	0.0	4.0	0.0	0.0	0.0	0.0	0.0	0.0	0.0	0.0	0.0	0.0	0.0	0.0	0.0	0.0	0.0	0.0	0.0	0.0	0.0	0.0	0.0	0.0	0.0	0.0	0.0	0.0	0.0	0.0	0.0
SRR11143571	667.0	1966.0	125.0	554.0	363.0	1128.0	460.0	0.0	633.0	23.0	1626.0	184.0	1012.0	298.0	1096.0	117.0	142.0	265.0	256.0	0.0	1453.0	356.0	348.0	233.0	147.0	292.0	417.0	339.0	246.0	0.0	222.0	604.0	78.0	260.0	314.0	16.0	161.0	0.0	354.0	258.0	527.0	499.0	36.0	229.0	110.0	83.0	392.0	451.0	253.0	441.0	39.0	25.0	0.0	530.0	233.0	23.0	308.0	1045.0	178.0	0.0	94.0	0.0	0.0	68.0	34.0	216.0	487.0	88.0	160.0	0.0	380.0	0.0	0.0	0.0	27.0	35.0	91.0	44.0	52.0	211.0	0.0	0.0	0.0	174.0	33.0	50.0	0.0	30.0	0.0	0.0	90.0	0.0	26.0	0.0	0.0	87.0	180.0	17.0	102.0	0.0	176.0	274.0	0.0	0.0	0.0	0.0	298.0	125.0	0.0	169.0	15.0	0.0	0.0	17.0	35.0	80.0	16.0	0.0	0.0	0.0	0.0	0.0	31.0	0.0	333.0	21.0	0.0	27.0	113.0	0.0	0.0	0.0	0.0	0.0	19.0	0.0	49.0	105.0	0.0	13.0	0.0	0.0	12.0	0.0	0.0	41.0	0.0	0.0	0.0	0.0	0.0	0.0	0.0	0.0	11.0	0.0	128.0	0.0	0.0	0.0	0.0	0.0	0.0	0.0	0.0	0.0	0.0	0.0	0.0	48.0	0.0	57.0	0.0	67.0	2.0	0.0	0.0	35.0	29.0	0.0	0.0	0.0	0.0	27.0	0.0	0.0	0.0	24.0	0.0	0.0	0.0	0.0	0.0	27.0	0.0	0.0	0.0	0.0	0.0	0.0	0.0	0.0	0.0	0.0	0.0	0.0	0.0	0.0	31.0	0.0	0.0	0.0	0.0	0.0	0.0	0.0	0.0	0.0	0.0	0.0	0.0	0.0	0.0	0.0	0.0	0.0	0.0	0.0	0.0	0.0	56.0	0.0	0.0	0.0	0.0	0.0	0.0	0.0	0.0	0.0	0.0	0.0	0.0	0.0	0.0	0.0	0.0	0.0	0.0	0.0	0.0	0.0	0.0	12.0	0.0	0.0	0.0	0.0	0.0	0.0	0.0	0.0	0.0	0.0	0.0	0.0	0.0	0.0	0.0	0.0	0.0	0.0	0.0	0.0	0.0	0.0	0.0	0.0	0.0	0.0	0.0	0.0	0.0	0.0	0.0	0.0	0.0	0.0	0.0	0.0	0.0	0.0	0.0	13.0	0.0	0.0	0.0	0.0	0.0	0.0	0.0	0.0	0.0	0.0	0.0	0.0	0.0	0.0	0.0	0.0
SRR11143572	354.0	1120.0	83.0	317.0	115.0	374.0	432.0	0.0	62.0	185.0	2105.0	83.0	586.0	751.0	590.0	179.0	208.0	287.0	142.0	0.0	451.0	147.0	448.0	162.0	81.0	389.0	194.0	201.0	186.0	0.0	58.0	432.0	35.0	185.0	358.0	110.0	79.0	0.0	167.0	250.0	591.0	224.0	0.0	0.0	0.0	0.0	0.0	246.0	0.0	232.0	10.0	0.0	46.0	452.0	407.0	0.0	257.0	634.0	183.0	0.0	180.0	27.0	0.0	35.0	0.0	215.0	645.0	163.0	415.0	0.0	286.0	141.0	0.0	0.0	14.0	0.0	37.0	0.0	0.0	105.0	0.0	31.0	117.0	146.0	25.0	24.0	0.0	23.0	15.0	0.0	60.0	0.0	0.0	0.0	0.0	209.0	124.0	0.0	12.0	27.0	91.0	44.0	39.0	0.0	22.0	0.0	0.0	0.0	0.0	91.0	0.0	0.0	45.0	0.0	5.0	130.0	22.0	0.0	0.0	21.0	0.0	0.0	177.0	47.0	308.0	0.0	0.0	80.0	0.0	0.0	0.0	0.0	0.0	0.0	15.0	0.0	45.0	82.0	57.0	0.0	0.0	0.0	0.0	0.0	15.0	24.0	0.0	0.0	0.0	0.0	15.0	0.0	0.0	42.0	0.0	0.0	0.0	39.0	20.0	0.0	0.0	0.0	38.0	0.0	0.0	0.0	0.0	0.0	20.0	19.0	34.0	36.0	0.0	0.0	0.0	0.0	0.0	0.0	0.0	0.0	0.0	0.0	0.0	0.0	0.0	0.0	0.0	0.0	0.0	0.0	0.0	0.0	0.0	0.0	13.0	0.0	0.0	25.0	0.0	0.0	0.0	0.0	0.0	0.0	0.0	13.0	0.0	0.0	38.0	0.0	105.0	22.0	0.0	32.0	0.0	0.0	176.0	0.0	0.0	0.0	0.0	0.0	0.0	0.0	0.0	0.0	0.0	0.0	0.0	0.0	0.0	0.0	0.0	18.0	0.0	6.0	0.0	0.0	0.0	0.0	15.0	0.0	0.0	0.0	0.0	0.0	0.0	0.0	0.0	0.0	0.0	0.0	0.0	0.0	0.0	0.0	0.0	0.0	0.0	0.0	0.0	0.0	0.0	0.0	0.0	0.0	0.0	0.0	0.0	11.0	0.0	0.0	0.0	0.0	0.0	47.0	0.0	0.0	0.0	0.0	0.0	10.0	0.0	0.0	0.0	0.0	0.0	0.0	0.0	0.0	0.0	0.0	0.0	0.0	0.0	0.0	0.0	0.0	26.0	0.0	0.0	0.0	0.0	0.0	0.0	0.0	0.0	0.0	0.0	0.0
SRR11143574	330.0	1641.0	127.0	402.0	278.0	399.0	257.0	0.0	659.0	0.0	1414.0	70.0	612.0	251.0	418.0	162.0	188.0	240.0	153.0	0.0	795.0	0.0	305.0	285.0	67.0	130.0	209.0	439.0	256.0	0.0	127.0	840.0	63.0	202.0	164.0	11.0	250.0	7.0	46.0	418.0	158.0	0.0	0.0	46.0	0.0	0.0	113.0	679.0	276.0	357.0	0.0	31.0	241.0	417.0	335.0	0.0	185.0	1259.0	256.0	0.0	171.0	0.0	0.0	70.0	0.0	84.0	211.0	134.0	283.0	0.0	423.0	37.0	0.0	0.0	14.0	0.0	147.0	5.0	57.0	186.0	0.0	0.0	0.0	76.0	34.0	77.0	0.0	28.0	6.0	26.0	561.0	0.0	0.0	0.0	19.0	40.0	247.0	0.0	0.0	0.0	79.0	151.0	125.0	57.0	25.0	0.0	91.0	0.0	0.0	253.0	0.0	0.0	4.0	55.0	0.0	95.0	0.0	0.0	0.0	73.0	40.0	0.0	0.0	0.0	377.0	106.0	0.0	0.0	0.0	0.0	0.0	0.0	0.0	0.0	0.0	0.0	0.0	149.0	0.0	9.0	0.0	0.0	0.0	0.0	0.0	0.0	0.0	0.0	0.0	0.0	0.0	0.0	0.0	0.0	0.0	8.0	108.0	0.0	0.0	0.0	0.0	0.0	0.0	34.0	0.0	0.0	0.0	0.0	0.0	45.0	8.0	0.0	81.0	38.0	0.0	0.0	0.0	0.0	95.0	0.0	0.0	0.0	0.0	0.0	0.0	0.0	0.0	0.0	0.0	0.0	0.0	0.0	0.0	0.0	0.0	0.0	125.0	0.0	0.0	0.0	0.0	0.0	0.0	0.0	0.0	0.0	0.0	0.0	23.0	0.0	0.0	0.0	0.0	0.0	0.0	0.0	8.0	0.0	0.0	0.0	0.0	0.0	0.0	0.0	0.0	0.0	0.0	0.0	0.0	3.0	0.0	139.0	0.0	0.0	0.0	0.0	0.0	0.0	0.0	0.0	0.0	0.0	0.0	0.0	13.0	0.0	0.0	0.0	0.0	0.0	0.0	0.0	0.0	0.0	0.0	27.0	0.0	0.0	0.0	0.0	0.0	0.0	2.0	0.0	0.0	0.0	0.0	0.0	0.0	0.0	0.0	0.0	0.0	0.0	0.0	0.0	0.0	0.0	0.0	0.0	0.0	0.0	0.0	0.0	0.0	0.0	0.0	0.0	0.0	0.0	0.0	0.0	0.0	0.0	0.0	0.0	0.0	0.0	0.0	0.0	0.0	0.0	0.0	0.0	0.0	0.0	0.0	0.0	0.0	0.0
SRR11143576	227.0	601.0	0.0	112.0	338.0	953.0	257.0	21.0	474.0	0.0	446.0	611.0	325.0	0.0	440.0	0.0	127.0	75.0	206.0	0.0	249.0	193.0	119.0	109.0	117.0	0.0	139.0	109.0	0.0	0.0	0.0	115.0	0.0	24.0	344.0	7.0	54.0	0.0	171.0	209.0	133.0	111.0	0.0	125.0	0.0	26.0	659.0	270.0	149.0	222.0	0.0	0.0	30.0	0.0	377.0	22.0	441.0	108.0	120.0	0.0	28.0	0.0	0.0	35.0	0.0	0.0	141.0	0.0	665.0	0.0	91.0	13.0	0.0	0.0	0.0	0.0	115.0	0.0	0.0	0.0	0.0	0.0	81.0	14.0	20.0	0.0	0.0	0.0	0.0	217.0	34.0	0.0	0.0	0.0	0.0	0.0	61.0	0.0	29.0	16.0	222.0	33.0	0.0	0.0	0.0	0.0	72.0	78.0	0.0	124.0	162.0	0.0	7.0	0.0	0.0	0.0	0.0	0.0	0.0	0.0	42.0	0.0	23.0	0.0	110.0	0.0	0.0	0.0	0.0	0.0	0.0	0.0	0.0	0.0	0.0	0.0	0.0	0.0	0.0	0.0	0.0	20.0	0.0	0.0	0.0	0.0	0.0	17.0	0.0	0.0	0.0	0.0	15.0	0.0	0.0	0.0	89.0	0.0	0.0	0.0	0.0	0.0	0.0	0.0	0.0	0.0	0.0	0.0	0.0	0.0	0.0	30.0	49.0	0.0	0.0	0.0	0.0	0.0	0.0	0.0	0.0	0.0	0.0	0.0	0.0	0.0	0.0	156.0	0.0	0.0	10.0	0.0	0.0	0.0	3.0	0.0	0.0	0.0	0.0	0.0	0.0	0.0	0.0	0.0	0.0	0.0	13.0	0.0	0.0	0.0	0.0	0.0	0.0	0.0	0.0	0.0	0.0	0.0	0.0	0.0	0.0	0.0	0.0	0.0	0.0	0.0	0.0	0.0	0.0	0.0	0.0	0.0	0.0	0.0	0.0	0.0	0.0	0.0	0.0	0.0	0.0	0.0	0.0	0.0	0.0	0.0	0.0	0.0	0.0	0.0	0.0	0.0	0.0	0.0	0.0	0.0	0.0	0.0	0.0	0.0	0.0	0.0	0.0	0.0	0.0	0.0	0.0	0.0	0.0	0.0	0.0	0.0	0.0	0.0	0.0	0.0	0.0	0.0	0.0	0.0	0.0	0.0	0.0	0.0	0.0	0.0	0.0	0.0	0.0	0.0	0.0	0.0	0.0	0.0	0.0	0.0	0.0	0.0	0.0	0.0	0.0	0.0	0.0	0.0	0.0	0.0	0.0	0.0	0.0	0.0
SRR11143577	617.0	718.0	88.0	520.0	257.0	671.0	284.0	0.0	201.0	0.0	843.0	29.0	495.0	410.0	738.0	102.0	33.0	92.0	272.0	0.0	573.0	162.0	139.0	227.0	48.0	295.0	221.0	236.0	123.0	0.0	124.0	270.0	46.0	160.0	215.0	7.0	52.0	20.0	372.0	398.0	242.0	377.0	21.0	221.0	0.0	27.0	324.0	266.0	212.0	146.0	0.0	0.0	73.0	103.0	159.0	35.0	228.0	569.0	114.0	0.0	119.0	23.0	0.0	83.0	0.0	98.0	83.0	0.0	344.0	0.0	120.0	0.0	0.0	0.0	39.0	0.0	153.0	10.0	93.0	83.0	0.0	4.0	241.0	47.0	0.0	56.0	0.0	0.0	132.0	0.0	0.0	0.0	0.0	0.0	0.0	0.0	210.0	0.0	29.0	0.0	50.0	197.0	0.0	29.0	39.0	0.0	93.0	67.0	0.0	68.0	18.0	0.0	8.0	0.0	27.0	45.0	0.0	0.0	0.0	0.0	123.0	0.0	30.0	0.0	86.0	55.0	0.0	0.0	0.0	0.0	0.0	0.0	0.0	0.0	0.0	0.0	0.0	86.0	24.0	26.0	8.0	0.0	0.0	0.0	0.0	0.0	0.0	0.0	56.0	0.0	0.0	0.0	0.0	0.0	11.0	0.0	50.0	0.0	0.0	0.0	21.0	2.0	0.0	0.0	0.0	0.0	0.0	0.0	0.0	18.0	0.0	25.0	0.0	0.0	0.0	0.0	0.0	0.0	65.0	0.0	0.0	0.0	0.0	7.0	0.0	0.0	0.0	19.0	0.0	0.0	0.0	0.0	0.0	0.0	0.0	0.0	0.0	0.0	0.0	0.0	0.0	0.0	0.0	0.0	0.0	0.0	0.0	0.0	0.0	0.0	7.0	0.0	0.0	0.0	0.0	0.0	0.0	0.0	0.0	29.0	0.0	0.0	0.0	0.0	0.0	0.0	0.0	0.0	0.0	0.0	0.0	0.0	0.0	0.0	16.0	0.0	0.0	0.0	0.0	0.0	0.0	0.0	0.0	0.0	0.0	0.0	0.0	6.0	0.0	0.0	0.0	0.0	0.0	0.0	0.0	0.0	0.0	0.0	0.0	0.0	0.0	0.0	0.0	3.0	0.0	0.0	0.0	0.0	0.0	0.0	0.0	0.0	0.0	0.0	0.0	0.0	0.0	0.0	0.0	0.0	0.0	0.0	0.0	0.0	0.0	0.0	0.0	0.0	0.0	0.0	0.0	0.0	0.0	0.0	0.0	0.0	0.0	0.0	0.0	0.0	0.0	0.0	0.0	0.0	0.0	0.0	0.0	0.0	0.0	0.0
SRR11143578	454.0	1404.0	34.0	221.0	338.0	674.0	156.0	0.0	476.0	0.0	686.0	115.0	261.0	141.0	479.0	124.0	79.0	118.0	275.0	0.0	590.0	61.0	321.0	97.0	125.0	70.0	140.0	268.0	0.0	0.0	160.0	358.0	24.0	183.0	178.0	0.0	57.0	0.0	131.0	296.0	378.0	271.0	4.0	0.0	0.0	0.0	240.0	234.0	111.0	169.0	0.0	8.0	50.0	325.0	382.0	0.0	39.0	385.0	120.0	0.0	0.0	0.0	0.0	73.0	0.0	94.0	191.0	57.0	224.0	0.0	228.0	0.0	0.0	0.0	0.0	0.0	0.0	28.0	0.0	65.0	0.0	0.0	87.0	57.0	33.0	0.0	0.0	24.0	0.0	156.0	604.0	0.0	0.0	0.0	0.0	120.0	155.0	0.0	0.0	0.0	46.0	0.0	0.0	0.0	0.0	0.0	163.0	0.0	0.0	69.0	0.0	0.0	0.0	0.0	14.0	48.0	0.0	0.0	0.0	0.0	0.0	0.0	0.0	0.0	281.0	0.0	0.0	11.0	0.0	0.0	0.0	0.0	0.0	0.0	0.0	0.0	0.0	58.0	0.0	0.0	0.0	0.0	0.0	0.0	0.0	0.0	0.0	0.0	0.0	0.0	0.0	0.0	0.0	0.0	0.0	0.0	0.0	0.0	0.0	0.0	0.0	0.0	0.0	26.0	0.0	0.0	0.0	0.0	0.0	27.0	0.0	12.0	0.0	0.0	0.0	0.0	0.0	0.0	0.0	0.0	0.0	0.0	0.0	0.0	0.0	0.0	0.0	0.0	0.0	0.0	0.0	0.0	0.0	40.0	0.0	0.0	0.0	0.0	0.0	0.0	0.0	0.0	0.0	0.0	0.0	0.0	0.0	0.0	0.0	0.0	0.0	0.0	0.0	0.0	0.0	0.0	0.0	0.0	0.0	0.0	0.0	0.0	0.0	0.0	0.0	0.0	0.0	0.0	0.0	0.0	0.0	0.0	0.0	0.0	0.0	0.0	0.0	0.0	0.0	0.0	0.0	0.0	0.0	0.0	0.0	0.0	0.0	0.0	0.0	0.0	0.0	0.0	0.0	0.0	0.0	0.0	0.0	0.0	0.0	0.0	0.0	0.0	0.0	0.0	0.0	0.0	0.0	0.0	0.0	0.0	0.0	0.0	0.0	0.0	0.0	0.0	0.0	0.0	0.0	0.0	0.0	0.0	0.0	0.0	0.0	0.0	0.0	0.0	0.0	0.0	0.0	0.0	0.0	0.0	0.0	0.0	0.0	0.0	0.0	0.0	0.0	0.0	0.0	0.0	0.0	0.0	0.0	0.0	0.0	0.0
SRR11143583	296.0	1827.0	104.0	127.0	234.0	284.0	172.0	21.0	563.0	0.0	774.0	176.0	381.0	82.0	609.0	133.0	187.0	298.0	69.0	0.0	408.0	47.0	195.0	164.0	199.0	53.0	203.0	159.0	69.0	0.0	117.0	314.0	0.0	72.0	475.0	0.0	0.0	0.0	215.0	335.0	121.0	151.0	0.0	0.0	0.0	0.0	269.0	594.0	131.0	0.0	13.0	19.0	89.0	178.0	422.0	38.0	33.0	443.0	310.0	0.0	161.0	0.0	0.0	49.0	0.0	112.0	153.0	141.0	474.0	0.0	70.0	17.0	0.0	0.0	0.0	23.0	217.0	11.0	0.0	101.0	0.0	0.0	0.0	0.0	20.0	0.0	0.0	15.0	0.0	0.0	285.0	0.0	0.0	0.0	10.0	83.0	150.0	0.0	0.0	0.0	113.0	42.0	21.0	0.0	0.0	0.0	0.0	28.0	0.0	92.0	0.0	0.0	16.0	5.0	0.0	40.0	0.0	0.0	0.0	0.0	0.0	0.0	0.0	0.0	219.0	0.0	0.0	0.0	0.0	0.0	0.0	0.0	0.0	0.0	0.0	0.0	0.0	0.0	0.0	0.0	0.0	36.0	0.0	0.0	0.0	0.0	0.0	0.0	0.0	0.0	0.0	0.0	0.0	8.0	0.0	0.0	0.0	0.0	0.0	0.0	0.0	0.0	0.0	0.0	0.0	0.0	0.0	0.0	0.0	23.0	0.0	0.0	107.0	0.0	0.0	0.0	0.0	0.0	0.0	0.0	17.0	0.0	0.0	0.0	0.0	0.0	0.0	0.0	0.0	0.0	0.0	0.0	0.0	0.0	0.0	0.0	37.0	0.0	0.0	0.0	0.0	0.0	0.0	0.0	0.0	0.0	0.0	0.0	0.0	0.0	0.0	0.0	25.0	0.0	0.0	0.0	0.0	0.0	0.0	0.0	0.0	0.0	0.0	0.0	0.0	0.0	0.0	0.0	0.0	0.0	0.0	0.0	0.0	0.0	0.0	0.0	0.0	0.0	0.0	33.0	0.0	0.0	0.0	0.0	0.0	0.0	0.0	0.0	0.0	0.0	0.0	0.0	0.0	0.0	0.0	0.0	0.0	0.0	0.0	0.0	0.0	0.0	0.0	0.0	0.0	0.0	0.0	0.0	0.0	0.0	0.0	0.0	0.0	0.0	0.0	0.0	0.0	0.0	0.0	0.0	0.0	0.0	0.0	0.0	13.0	3.0	0.0	0.0	0.0	0.0	0.0	0.0	0.0	0.0	0.0	0.0	0.0	0.0	0.0	0.0	0.0	0.0	0.0	0.0	0.0	0.0	0.0	0.0	0.0	0.0
SRR11143584	231.0	1191.0	237.0	247.0	480.0	561.0	163.0	171.0	489.0	0.0	705.0	272.0	324.0	15.0	780.0	27.0	67.0	207.0	131.0	0.0	483.0	20.0	123.0	217.0	97.0	73.0	131.0	120.0	76.0	0.0	149.0	182.0	28.0	76.0	162.0	0.0	153.0	0.0	173.0	369.0	130.0	171.0	0.0	81.0	0.0	0.0	284.0	603.0	169.0	116.0	17.0	0.0	127.0	243.0	321.0	0.0	52.0	500.0	264.0	0.0	103.0	0.0	0.0	48.0	0.0	116.0	148.0	128.0	397.0	0.0	248.0	0.0	0.0	95.0	0.0	13.0	161.0	2.0	0.0	31.0	0.0	0.0	0.0	43.0	0.0	123.0	0.0	0.0	24.0	98.0	199.0	0.0	15.0	0.0	0.0	14.0	0.0	0.0	0.0	0.0	250.0	0.0	0.0	0.0	0.0	0.0	0.0	0.0	0.0	124.0	0.0	0.0	0.0	0.0	0.0	45.0	0.0	0.0	0.0	0.0	0.0	0.0	0.0	0.0	92.0	0.0	0.0	0.0	0.0	0.0	0.0	0.0	0.0	0.0	0.0	0.0	0.0	51.0	0.0	0.0	0.0	0.0	0.0	0.0	0.0	0.0	0.0	0.0	0.0	0.0	0.0	0.0	0.0	10.0	0.0	0.0	0.0	0.0	0.0	0.0	0.0	0.0	0.0	0.0	0.0	0.0	0.0	0.0	0.0	23.0	0.0	0.0	0.0	28.0	0.0	0.0	0.0	0.0	89.0	0.0	0.0	0.0	0.0	0.0	0.0	0.0	0.0	0.0	0.0	0.0	0.0	0.0	0.0	0.0	0.0	0.0	62.0	0.0	0.0	0.0	0.0	0.0	0.0	0.0	0.0	0.0	0.0	0.0	0.0	0.0	0.0	0.0	0.0	0.0	0.0	0.0	0.0	0.0	0.0	0.0	0.0	0.0	0.0	0.0	0.0	0.0	0.0	0.0	0.0	0.0	0.0	0.0	0.0	0.0	0.0	0.0	0.0	0.0	0.0	0.0	0.0	0.0	0.0	0.0	0.0	0.0	0.0	0.0	0.0	0.0	0.0	0.0	0.0	0.0	0.0	0.0	0.0	0.0	0.0	0.0	0.0	0.0	0.0	0.0	0.0	0.0	0.0	0.0	0.0	0.0	0.0	0.0	0.0	0.0	0.0	0.0	0.0	0.0	0.0	0.0	0.0	0.0	0.0	0.0	0.0	0.0	0.0	0.0	0.0	0.0	0.0	0.0	0.0	0.0	0.0	0.0	0.0	0.0	0.0	0.0	0.0	0.0	0.0	0.0	0.0	0.0	0.0	0.0	0.0	0.0
SRR11143585	357.0	1677.0	244.0	435.0	350.0	764.0	273.0	0.0	563.0	0.0	1382.0	266.0	728.0	77.0	482.0	152.0	28.0	218.0	226.0	0.0	843.0	44.0	225.0	246.0	309.0	99.0	265.0	197.0	171.0	0.0	59.0	385.0	228.0	220.0	326.0	0.0	132.0	0.0	603.0	293.0	128.0	177.0	0.0	0.0	17.0	0.0	264.0	488.0	145.0	225.0	36.0	10.0	147.0	235.0	163.0	0.0	174.0	505.0	231.0	16.0	54.0	0.0	0.0	0.0	0.0	61.0	178.0	191.0	536.0	0.0	160.0	0.0	0.0	0.0	25.0	0.0	128.0	4.0	51.0	81.0	22.0	0.0	101.0	78.0	38.0	108.0	0.0	0.0	0.0	0.0	143.0	0.0	0.0	0.0	0.0	25.0	0.0	0.0	0.0	9.0	99.0	95.0	0.0	0.0	74.0	0.0	132.0	0.0	0.0	171.0	0.0	0.0	57.0	11.0	21.0	0.0	0.0	0.0	0.0	0.0	42.0	0.0	24.0	0.0	305.0	43.0	0.0	18.0	0.0	0.0	0.0	0.0	0.0	0.0	33.0	0.0	0.0	0.0	54.0	0.0	0.0	0.0	13.0	0.0	0.0	0.0	0.0	0.0	0.0	0.0	0.0	10.0	0.0	70.0	0.0	0.0	114.0	0.0	0.0	0.0	0.0	0.0	0.0	0.0	0.0	0.0	0.0	0.0	0.0	28.0	9.0	14.0	90.0	62.0	0.0	0.0	0.0	0.0	0.0	0.0	0.0	0.0	0.0	0.0	0.0	0.0	0.0	0.0	26.0	0.0	0.0	0.0	0.0	0.0	0.0	0.0	54.0	0.0	0.0	0.0	18.0	0.0	0.0	0.0	0.0	0.0	0.0	0.0	13.0	0.0	0.0	0.0	0.0	0.0	0.0	0.0	0.0	0.0	0.0	30.0	0.0	0.0	0.0	0.0	0.0	0.0	0.0	0.0	0.0	0.0	0.0	0.0	0.0	0.0	0.0	0.0	0.0	0.0	0.0	0.0	0.0	0.0	0.0	0.0	0.0	0.0	0.0	0.0	0.0	0.0	0.0	0.0	0.0	0.0	0.0	0.0	0.0	24.0	0.0	0.0	0.0	0.0	0.0	0.0	0.0	0.0	0.0	0.0	0.0	0.0	0.0	0.0	0.0	0.0	0.0	0.0	0.0	0.0	0.0	0.0	0.0	0.0	0.0	0.0	0.0	0.0	0.0	0.0	0.0	0.0	0.0	0.0	0.0	0.0	0.0	0.0	0.0	0.0	0.0	0.0	0.0	0.0	0.0	0.0	0.0	0.0	0.0	0.0	0.0	0.0
SRR11143586	208.0	491.0	205.0	77.0	340.0	1064.0	0.0	0.0	435.0	0.0	292.0	196.0	597.0	38.0	508.0	0.0	102.0	0.0	100.0	73.0	98.0	18.0	66.0	0.0	146.0	0.0	0.0	0.0	0.0	0.0	71.0	96.0	0.0	49.0	158.0	0.0	0.0	0.0	44.0	137.0	0.0	358.0	75.0	203.0	30.0	111.0	366.0	190.0	0.0	0.0	0.0	0.0	0.0	95.0	193.0	9.0	353.0	141.0	48.0	0.0	0.0	63.0	0.0	0.0	0.0	0.0	29.0	0.0	497.0	0.0	36.0	0.0	0.0	0.0	0.0	46.0	590.0	6.0	0.0	132.0	0.0	0.0	24.0	20.0	0.0	0.0	0.0	0.0	36.0	79.0	0.0	0.0	0.0	0.0	23.0	0.0	83.0	0.0	167.0	0.0	0.0	20.0	13.0	0.0	0.0	0.0	127.0	27.0	0.0	103.0	0.0	0.0	0.0	0.0	0.0	0.0	0.0	0.0	0.0	0.0	0.0	0.0	0.0	0.0	0.0	0.0	0.0	0.0	43.0	0.0	0.0	0.0	0.0	0.0	0.0	26.0	0.0	0.0	0.0	0.0	0.0	0.0	0.0	0.0	0.0	0.0	11.0	0.0	0.0	0.0	0.0	0.0	0.0	0.0	0.0	0.0	26.0	0.0	0.0	0.0	109.0	0.0	0.0	0.0	0.0	0.0	0.0	0.0	0.0	0.0	0.0	0.0	63.0	0.0	0.0	0.0	0.0	0.0	0.0	0.0	0.0	0.0	10.0	0.0	0.0	0.0	0.0	77.0	0.0	0.0	0.0	0.0	0.0	0.0	0.0	0.0	0.0	0.0	0.0	0.0	0.0	0.0	0.0	0.0	0.0	0.0	0.0	0.0	0.0	0.0	0.0	0.0	0.0	0.0	0.0	0.0	0.0	0.0	0.0	3.0	36.0	0.0	0.0	0.0	0.0	13.0	0.0	0.0	0.0	0.0	0.0	0.0	0.0	0.0	0.0	0.0	0.0	0.0	0.0	0.0	0.0	0.0	0.0	0.0	0.0	0.0	0.0	0.0	0.0	31.0	0.0	0.0	0.0	0.0	0.0	0.0	0.0	0.0	0.0	0.0	0.0	0.0	0.0	0.0	0.0	0.0	0.0	0.0	0.0	0.0	0.0	0.0	0.0	0.0	0.0	0.0	0.0	0.0	0.0	0.0	0.0	0.0	0.0	0.0	0.0	0.0	0.0	0.0	0.0	0.0	0.0	0.0	0.0	0.0	0.0	0.0	0.0	0.0	0.0	0.0	0.0	0.0	0.0	0.0	0.0	0.0	0.0	0.0	0.0	0.0
SRR11143587	145.0	1003.0	118.0	442.0	245.0	523.0	75.0	0.0	406.0	18.0	1149.0	144.0	513.0	362.0	190.0	204.0	162.0	239.0	123.0	0.0	624.0	47.0	100.0	350.0	94.0	109.0	117.0	335.0	117.0	0.0	315.0	378.0	48.0	182.0	122.0	0.0	0.0	0.0	387.0	113.0	482.0	188.0	10.0	11.0	0.0	11.0	51.0	385.0	180.0	191.0	29.0	40.0	141.0	224.0	131.0	0.0	150.0	90.0	168.0	10.0	138.0	0.0	0.0	0.0	0.0	188.0	202.0	135.0	153.0	0.0	253.0	48.0	0.0	0.0	20.0	0.0	33.0	0.0	77.0	0.0	0.0	32.0	6.0	76.0	9.0	97.0	0.0	35.0	11.0	0.0	125.0	0.0	0.0	2.0	29.0	87.0	99.0	30.0	0.0	0.0	48.0	71.0	49.0	0.0	40.0	0.0	22.0	0.0	0.0	115.0	0.0	0.0	0.0	0.0	0.0	162.0	0.0	0.0	10.0	0.0	0.0	0.0	18.0	0.0	246.0	0.0	0.0	7.0	12.0	31.0	0.0	0.0	0.0	0.0	0.0	0.0	39.0	85.0	0.0	0.0	0.0	0.0	0.0	0.0	0.0	0.0	0.0	0.0	0.0	0.0	0.0	0.0	21.0	0.0	0.0	0.0	35.0	0.0	0.0	0.0	0.0	12.0	31.0	0.0	0.0	0.0	0.0	0.0	0.0	37.0	0.0	17.0	0.0	0.0	0.0	0.0	0.0	0.0	79.0	0.0	0.0	0.0	0.0	0.0	0.0	0.0	0.0	0.0	0.0	0.0	0.0	0.0	0.0	33.0	0.0	0.0	0.0	0.0	0.0	0.0	0.0	0.0	0.0	0.0	0.0	0.0	0.0	0.0	0.0	0.0	19.0	0.0	0.0	5.0	0.0	0.0	0.0	0.0	0.0	11.0	0.0	0.0	0.0	0.0	0.0	0.0	3.0	0.0	0.0	0.0	0.0	0.0	0.0	0.0	0.0	0.0	0.0	0.0	0.0	0.0	0.0	0.0	0.0	0.0	0.0	0.0	0.0	0.0	0.0	0.0	0.0	0.0	0.0	0.0	0.0	0.0	0.0	0.0	0.0	0.0	0.0	0.0	0.0	0.0	0.0	0.0	0.0	0.0	0.0	0.0	2.0	0.0	0.0	0.0	0.0	0.0	0.0	0.0	0.0	0.0	0.0	0.0	0.0	0.0	0.0	0.0	0.0	0.0	0.0	0.0	0.0	0.0	0.0	0.0	0.0	0.0	0.0	0.0	0.0	0.0	0.0	0.0	0.0	0.0	0.0	0.0	0.0	0.0	0.0	0.0
SRR11143589	164.0	1165.0	162.0	619.0	28.0	392.0	219.0	0.0	382.0	0.0	1092.0	107.0	481.0	184.0	141.0	197.0	114.0	69.0	293.0	0.0	673.0	92.0	200.0	292.0	91.0	51.0	265.0	320.0	167.0	0.0	303.0	460.0	0.0	96.0	126.0	0.0	40.0	0.0	354.0	202.0	412.0	129.0	0.0	0.0	0.0	7.0	0.0	413.0	354.0	115.0	29.0	39.0	132.0	283.0	246.0	0.0	156.0	190.0	100.0	0.0	0.0	11.0	0.0	60.0	28.0	99.0	192.0	229.0	574.0	0.0	352.0	12.0	0.0	46.0	31.0	0.0	0.0	0.0	0.0	0.0	0.0	0.0	80.0	16.0	84.0	32.0	0.0	43.0	32.0	0.0	45.0	0.0	0.0	0.0	34.0	59.0	0.0	29.0	0.0	0.0	101.0	22.0	3.0	0.0	0.0	0.0	0.0	0.0	0.0	44.0	0.0	33.0	59.0	0.0	0.0	106.0	0.0	0.0	8.0	37.0	0.0	0.0	0.0	0.0	128.0	31.0	0.0	0.0	0.0	0.0	0.0	0.0	0.0	0.0	34.0	0.0	83.0	165.0	0.0	0.0	0.0	0.0	21.0	0.0	0.0	0.0	0.0	0.0	52.0	0.0	0.0	0.0	0.0	5.0	0.0	0.0	110.0	0.0	0.0	0.0	0.0	0.0	36.0	35.0	0.0	0.0	0.0	0.0	0.0	52.0	11.0	0.0	0.0	0.0	0.0	0.0	0.0	0.0	0.0	0.0	0.0	0.0	0.0	0.0	0.0	0.0	0.0	0.0	0.0	35.0	0.0	0.0	0.0	0.0	0.0	0.0	0.0	0.0	0.0	0.0	0.0	0.0	0.0	0.0	0.0	0.0	0.0	0.0	0.0	0.0	0.0	0.0	0.0	0.0	0.0	0.0	0.0	0.0	0.0	0.0	0.0	0.0	0.0	0.0	0.0	0.0	14.0	0.0	0.0	0.0	0.0	0.0	0.0	0.0	0.0	0.0	0.0	0.0	0.0	0.0	0.0	0.0	0.0	0.0	0.0	18.0	0.0	0.0	0.0	0.0	0.0	0.0	0.0	0.0	0.0	0.0	0.0	0.0	0.0	0.0	0.0	0.0	0.0	0.0	0.0	2.0	0.0	0.0	0.0	0.0	0.0	0.0	0.0	0.0	0.0	0.0	0.0	0.0	0.0	0.0	11.0	0.0	0.0	0.0	0.0	0.0	0.0	0.0	0.0	0.0	0.0	15.0	0.0	0.0	0.0	0.0	0.0	0.0	0.0	0.0	0.0	0.0	0.0	0.0	0.0	0.0	0.0	0.0	0.0	0.0
SRR11143591	303.0	251.0	301.0	593.0	542.0	885.0	94.0	81.0	410.0	22.0	869.0	1404.0	803.0	336.0	537.0	39.0	182.0	223.0	88.0	0.0	596.0	140.0	74.0	595.0	244.0	47.0	183.0	140.0	133.0	0.0	215.0	0.0	7.0	118.0	84.0	3.0	0.0	0.0	510.0	233.0	239.0	402.0	185.0	44.0	83.0	38.0	137.0	233.0	0.0	145.0	0.0	8.0	51.0	67.0	214.0	0.0	388.0	224.0	101.0	0.0	204.0	0.0	0.0	100.0	0.0	89.0	190.0	200.0	432.0	0.0	156.0	45.0	0.0	0.0	11.0	26.0	243.0	17.0	124.0	42.0	15.0	9.0	0.0	66.0	38.0	0.0	0.0	0.0	61.0	0.0	26.0	0.0	0.0	0.0	0.0	23.0	224.0	0.0	18.0	0.0	50.0	0.0	41.0	0.0	53.0	0.0	23.0	0.0	0.0	242.0	0.0	0.0	20.0	0.0	0.0	86.0	0.0	0.0	50.0	56.0	0.0	0.0	0.0	0.0	91.0	0.0	0.0	0.0	93.0	0.0	0.0	0.0	0.0	0.0	33.0	0.0	0.0	0.0	31.0	0.0	0.0	0.0	0.0	0.0	0.0	0.0	0.0	78.0	0.0	0.0	0.0	0.0	0.0	31.0	0.0	0.0	93.0	0.0	0.0	0.0	20.0	0.0	0.0	0.0	0.0	0.0	0.0	0.0	0.0	0.0	0.0	22.0	0.0	23.0	0.0	0.0	6.0	0.0	0.0	0.0	0.0	0.0	0.0	0.0	0.0	0.0	0.0	44.0	0.0	0.0	0.0	0.0	0.0	24.0	18.0	0.0	0.0	0.0	0.0	0.0	0.0	0.0	0.0	0.0	0.0	0.0	0.0	0.0	0.0	0.0	14.0	0.0	0.0	0.0	0.0	0.0	0.0	0.0	0.0	0.0	20.0	0.0	0.0	0.0	0.0	0.0	0.0	0.0	0.0	0.0	0.0	0.0	0.0	0.0	5.0	0.0	0.0	0.0	0.0	0.0	0.0	0.0	0.0	0.0	0.0	18.0	0.0	0.0	0.0	0.0	0.0	0.0	2.0	0.0	0.0	0.0	0.0	0.0	0.0	0.0	0.0	0.0	0.0	0.0	0.0	0.0	0.0	0.0	0.0	0.0	0.0	0.0	0.0	0.0	0.0	17.0	0.0	0.0	0.0	0.0	0.0	0.0	0.0	0.0	0.0	0.0	0.0	0.0	0.0	0.0	0.0	0.0	0.0	0.0	0.0	0.0	0.0	0.0	0.0	0.0	0.0	0.0	0.0	0.0	0.0	0.0	0.0	0.0	0.0	0.0
SRR11143592	304.0	447.0	109.0	473.0	479.0	363.0	261.0	45.0	600.0	26.0	1255.0	246.0	697.0	164.0	219.0	138.0	117.0	193.0	135.0	0.0	546.0	54.0	0.0	248.0	101.0	13.0	221.0	126.0	195.0	0.0	124.0	128.0	7.0	32.0	90.0	12.0	0.0	0.0	353.0	336.0	319.0	229.0	0.0	81.0	0.0	117.0	167.0	50.0	147.0	215.0	0.0	0.0	45.0	230.0	256.0	0.0	94.0	136.0	0.0	0.0	111.0	0.0	0.0	0.0	37.0	124.0	107.0	179.0	57.0	0.0	198.0	33.0	0.0	0.0	33.0	0.0	46.0	0.0	118.0	0.0	0.0	0.0	34.0	0.0	0.0	0.0	0.0	16.0	28.0	0.0	0.0	0.0	0.0	0.0	0.0	27.0	0.0	0.0	0.0	0.0	53.0	5.0	15.0	0.0	42.0	0.0	0.0	0.0	0.0	192.0	0.0	0.0	53.0	0.0	0.0	154.0	0.0	0.0	7.0	17.0	0.0	0.0	11.0	0.0	132.0	0.0	0.0	4.0	64.0	0.0	0.0	0.0	0.0	0.0	0.0	0.0	0.0	0.0	0.0	4.0	0.0	0.0	0.0	0.0	0.0	0.0	0.0	0.0	0.0	0.0	0.0	0.0	0.0	50.0	0.0	0.0	98.0	0.0	0.0	0.0	54.0	0.0	13.0	0.0	0.0	0.0	0.0	0.0	0.0	27.0	0.0	27.0	0.0	0.0	0.0	0.0	0.0	0.0	0.0	0.0	0.0	0.0	0.0	0.0	0.0	0.0	0.0	0.0	0.0	0.0	0.0	0.0	0.0	0.0	0.0	0.0	24.0	0.0	0.0	0.0	0.0	0.0	0.0	0.0	0.0	0.0	0.0	0.0	0.0	0.0	16.0	0.0	0.0	0.0	0.0	0.0	0.0	0.0	0.0	0.0	0.0	0.0	0.0	0.0	0.0	0.0	0.0	0.0	0.0	0.0	0.0	0.0	0.0	0.0	0.0	0.0	0.0	0.0	0.0	0.0	0.0	0.0	0.0	0.0	0.0	0.0	0.0	0.0	0.0	0.0	0.0	0.0	0.0	0.0	0.0	0.0	0.0	0.0	0.0	0.0	0.0	0.0	0.0	0.0	0.0	0.0	0.0	0.0	0.0	0.0	0.0	0.0	0.0	0.0	0.0	0.0	0.0	0.0	0.0	0.0	0.0	0.0	0.0	0.0	0.0	0.0	0.0	0.0	0.0	0.0	0.0	0.0	0.0	0.0	0.0	0.0	0.0	0.0	0.0	0.0	0.0	0.0	0.0	0.0	0.0	0.0	0.0	0.0	0.0	0.0
SRR11143593	154.0	1111.0	347.0	527.0	342.0	414.0	125.0	18.0	596.0	22.0	1800.0	122.0	551.0	201.0	411.0	211.0	150.0	346.0	154.0	0.0	490.0	84.0	191.0	349.0	120.0	60.0	72.0	192.0	190.0	0.0	225.0	332.0	0.0	113.0	76.0	0.0	50.0	0.0	361.0	306.0	315.0	240.0	23.0	113.0	11.0	37.0	101.0	377.0	200.0	257.0	24.0	0.0	73.0	450.0	238.0	0.0	157.0	305.0	223.0	15.0	163.0	0.0	0.0	0.0	0.0	196.0	37.0	52.0	277.0	0.0	339.0	33.0	0.0	73.0	20.0	0.0	171.0	0.0	147.0	0.0	0.0	18.0	74.0	51.0	46.0	36.0	0.0	21.0	0.0	0.0	133.0	0.0	0.0	0.0	0.0	34.0	103.0	0.0	10.0	13.0	0.0	42.0	123.0	0.0	0.0	0.0	27.0	0.0	0.0	127.0	0.0	0.0	0.0	0.0	0.0	251.0	5.0	0.0	0.0	0.0	0.0	0.0	14.0	0.0	311.0	0.0	0.0	0.0	74.0	0.0	0.0	0.0	0.0	0.0	25.0	0.0	72.0	11.0	35.0	0.0	0.0	0.0	0.0	0.0	18.0	0.0	0.0	0.0	0.0	0.0	0.0	0.0	0.0	24.0	13.0	0.0	55.0	0.0	0.0	0.0	0.0	23.0	0.0	0.0	0.0	0.0	0.0	0.0	0.0	36.0	0.0	40.0	0.0	57.0	0.0	0.0	0.0	0.0	36.0	0.0	0.0	0.0	0.0	11.0	0.0	0.0	0.0	0.0	0.0	0.0	0.0	0.0	0.0	45.0	0.0	0.0	0.0	0.0	0.0	0.0	0.0	0.0	0.0	0.0	0.0	0.0	0.0	0.0	0.0	0.0	31.0	0.0	0.0	0.0	0.0	0.0	0.0	0.0	0.0	0.0	0.0	0.0	0.0	0.0	0.0	0.0	0.0	0.0	0.0	0.0	0.0	0.0	0.0	6.0	0.0	0.0	0.0	18.0	0.0	0.0	0.0	0.0	0.0	0.0	0.0	0.0	0.0	0.0	0.0	0.0	0.0	0.0	0.0	0.0	0.0	0.0	0.0	0.0	0.0	0.0	0.0	0.0	0.0	0.0	0.0	0.0	0.0	0.0	0.0	0.0	0.0	0.0	0.0	0.0	0.0	0.0	0.0	0.0	0.0	0.0	0.0	0.0	0.0	0.0	0.0	0.0	0.0	0.0	0.0	0.0	0.0	0.0	0.0	0.0	0.0	0.0	0.0	0.0	0.0	0.0	0.0	0.0	0.0	0.0	0.0	0.0	0.0	0.0	0.0	0.0
SRR11143594	416.0	1230.0	107.0	393.0	363.0	471.0	205.0	44.0	469.0	16.0	1330.0	162.0	505.0	331.0	456.0	132.0	153.0	242.0	126.0	0.0	419.0	101.0	246.0	153.0	182.0	156.0	123.0	312.0	197.0	0.0	264.0	632.0	18.0	178.0	285.0	0.0	203.0	0.0	297.0	389.0	400.0	258.0	18.0	149.0	82.0	44.0	110.0	351.0	319.0	257.0	35.0	16.0	167.0	467.0	204.0	5.0	247.0	994.0	119.0	0.0	173.0	0.0	0.0	0.0	0.0	173.0	196.0	115.0	216.0	0.0	574.0	65.0	0.0	0.0	16.0	0.0	148.0	33.0	87.0	72.0	29.0	17.0	0.0	82.0	11.0	0.0	0.0	22.0	40.0	0.0	251.0	0.0	38.0	0.0	11.0	80.0	188.0	0.0	0.0	0.0	203.0	57.0	0.0	19.0	0.0	0.0	106.0	0.0	0.0	218.0	6.0	0.0	0.0	0.0	9.0	138.0	0.0	0.0	23.0	85.0	49.0	0.0	28.0	0.0	294.0	66.0	0.0	0.0	68.0	0.0	0.0	0.0	0.0	0.0	30.0	0.0	73.0	52.0	38.0	0.0	0.0	0.0	0.0	0.0	0.0	0.0	0.0	19.0	0.0	0.0	0.0	0.0	0.0	0.0	0.0	0.0	0.0	0.0	0.0	0.0	0.0	0.0	22.0	44.0	0.0	0.0	0.0	0.0	0.0	42.0	17.0	38.0	0.0	52.0	0.0	0.0	0.0	0.0	93.0	0.0	0.0	0.0	0.0	0.0	0.0	0.0	0.0	22.0	0.0	25.0	0.0	0.0	0.0	0.0	13.0	0.0	88.0	0.0	0.0	0.0	0.0	0.0	0.0	0.0	0.0	0.0	0.0	0.0	0.0	0.0	11.0	0.0	0.0	0.0	0.0	9.0	0.0	0.0	0.0	0.0	0.0	0.0	0.0	0.0	0.0	0.0	0.0	0.0	0.0	0.0	0.0	0.0	0.0	0.0	0.0	0.0	0.0	0.0	0.0	0.0	0.0	0.0	0.0	0.0	0.0	0.0	0.0	0.0	0.0	0.0	3.0	0.0	0.0	0.0	0.0	0.0	0.0	0.0	0.0	0.0	0.0	0.0	0.0	0.0	0.0	12.0	0.0	0.0	0.0	0.0	0.0	0.0	0.0	0.0	0.0	0.0	0.0	0.0	0.0	0.0	0.0	0.0	0.0	0.0	0.0	0.0	0.0	0.0	0.0	0.0	0.0	0.0	0.0	0.0	0.0	0.0	0.0	0.0	0.0	0.0	0.0	0.0	0.0	0.0	0.0	0.0	0.0	0.0	0.0	0.0
SRR11143596	165.0	1152.0	0.0	132.0	158.0	852.0	104.0	0.0	476.0	76.0	1932.0	215.0	851.0	248.0	464.0	270.0	135.0	291.0	75.0	0.0	294.0	95.0	219.0	273.0	107.0	281.0	64.0	371.0	152.0	0.0	251.0	517.0	69.0	347.0	186.0	26.0	0.0	0.0	70.0	296.0	457.0	425.0	0.0	11.0	0.0	0.0	0.0	333.0	0.0	198.0	0.0	20.0	156.0	552.0	307.0	0.0	381.0	578.0	154.0	0.0	371.0	0.0	0.0	0.0	164.0	120.0	366.0	0.0	379.0	0.0	301.0	44.0	0.0	303.0	15.0	169.0	66.0	11.0	47.0	35.0	0.0	98.0	176.0	59.0	59.0	0.0	0.0	10.0	0.0	0.0	221.0	0.0	0.0	0.0	0.0	149.0	138.0	0.0	77.0	0.0	163.0	46.0	199.0	0.0	0.0	0.0	0.0	87.0	0.0	44.0	0.0	0.0	0.0	0.0	0.0	200.0	0.0	0.0	0.0	64.0	0.0	0.0	0.0	0.0	271.0	19.0	0.0	6.0	0.0	0.0	0.0	0.0	0.0	0.0	23.0	0.0	62.0	57.0	60.0	0.0	0.0	0.0	0.0	0.0	0.0	0.0	0.0	60.0	0.0	0.0	0.0	0.0	0.0	166.0	0.0	0.0	103.0	54.0	0.0	0.0	0.0	0.0	47.0	0.0	0.0	0.0	0.0	0.0	0.0	24.0	0.0	0.0	0.0	43.0	0.0	0.0	0.0	0.0	0.0	0.0	0.0	0.0	0.0	0.0	0.0	0.0	0.0	0.0	0.0	0.0	0.0	0.0	0.0	39.0	27.0	0.0	0.0	0.0	0.0	0.0	0.0	0.0	0.0	34.0	0.0	0.0	0.0	0.0	0.0	0.0	107.0	0.0	0.0	69.0	0.0	0.0	0.0	0.0	0.0	33.0	0.0	0.0	0.0	0.0	25.0	0.0	0.0	0.0	0.0	0.0	0.0	0.0	0.0	16.0	0.0	22.0	0.0	0.0	0.0	0.0	0.0	0.0	12.0	0.0	0.0	16.0	0.0	0.0	0.0	0.0	0.0	0.0	0.0	0.0	0.0	0.0	0.0	0.0	0.0	0.0	0.0	0.0	0.0	0.0	0.0	0.0	0.0	0.0	28.0	0.0	0.0	0.0	0.0	0.0	0.0	42.0	0.0	0.0	0.0	0.0	0.0	0.0	0.0	0.0	0.0	0.0	0.0	0.0	0.0	0.0	0.0	0.0	0.0	0.0	0.0	0.0	0.0	0.0	0.0	0.0	0.0	0.0	0.0	0.0	0.0	0.0	0.0	0.0	0.0	0.0
SRR11143625	42.0	520.0	258.0	235.0	441.0	534.0	98.0	32.0	73.0	0.0	669.0	131.0	446.0	52.0	581.0	33.0	98.0	208.0	149.0	0.0	314.0	112.0	83.0	136.0	143.0	57.0	57.0	173.0	99.0	46.0	170.0	159.0	0.0	67.0	207.0	0.0	78.0	0.0	59.0	338.0	186.0	172.0	0.0	0.0	0.0	4.0	185.0	444.0	258.0	143.0	17.0	0.0	199.0	290.0	220.0	0.0	278.0	165.0	97.0	0.0	33.0	15.0	0.0	0.0	0.0	138.0	220.0	43.0	380.0	0.0	166.0	25.0	0.0	0.0	0.0	31.0	183.0	0.0	68.0	0.0	86.0	24.0	0.0	48.0	12.0	218.0	0.0	14.0	0.0	0.0	132.0	0.0	0.0	0.0	0.0	25.0	141.0	41.0	19.0	0.0	118.0	25.0	54.0	10.0	0.0	0.0	104.0	0.0	0.0	86.0	0.0	0.0	42.0	0.0	0.0	0.0	0.0	0.0	10.0	0.0	0.0	0.0	22.0	0.0	274.0	31.0	0.0	0.0	0.0	0.0	0.0	0.0	0.0	0.0	0.0	0.0	55.0	0.0	34.0	0.0	13.0	0.0	0.0	0.0	0.0	0.0	2.0	42.0	0.0	0.0	0.0	0.0	21.0	0.0	0.0	0.0	0.0	0.0	0.0	0.0	0.0	16.0	0.0	0.0	0.0	0.0	0.0	0.0	0.0	0.0	0.0	30.0	0.0	27.0	0.0	0.0	0.0	0.0	137.0	0.0	0.0	0.0	0.0	0.0	0.0	60.0	0.0	0.0	11.0	0.0	0.0	0.0	0.0	0.0	0.0	0.0	116.0	0.0	0.0	0.0	0.0	0.0	0.0	0.0	0.0	0.0	0.0	0.0	0.0	0.0	0.0	0.0	0.0	0.0	0.0	0.0	0.0	0.0	0.0	0.0	0.0	0.0	0.0	0.0	0.0	0.0	0.0	0.0	12.0	0.0	0.0	43.0	0.0	0.0	0.0	0.0	0.0	0.0	0.0	0.0	0.0	0.0	0.0	61.0	0.0	0.0	0.0	0.0	0.0	0.0	0.0	0.0	0.0	0.0	0.0	0.0	0.0	0.0	0.0	0.0	0.0	0.0	0.0	0.0	0.0	0.0	0.0	0.0	0.0	2.0	0.0	0.0	0.0	13.0	0.0	0.0	0.0	39.0	0.0	0.0	0.0	0.0	0.0	15.0	0.0	0.0	0.0	0.0	0.0	0.0	0.0	0.0	0.0	0.0	0.0	0.0	0.0	0.0	0.0	0.0	0.0	0.0	0.0	0.0	0.0	0.0	0.0	0.0	0.0	0.0
SRR11143626	222.0	1141.0	195.0	420.0	252.0	662.0	0.0	0.0	439.0	13.0	953.0	133.0	825.0	55.0	418.0	198.0	109.0	165.0	130.0	0.0	506.0	0.0	133.0	182.0	135.0	83.0	252.0	94.0	112.0	0.0	169.0	288.0	0.0	136.0	200.0	0.0	67.0	0.0	229.0	246.0	431.0	182.0	0.0	0.0	0.0	0.0	28.0	472.0	30.0	122.0	0.0	25.0	83.0	347.0	269.0	0.0	399.0	467.0	0.0	21.0	124.0	0.0	0.0	43.0	56.0	136.0	188.0	189.0	415.0	0.0	223.0	35.0	0.0	0.0	0.0	0.0	118.0	0.0	0.0	0.0	11.0	32.0	128.0	77.0	50.0	116.0	142.0	0.0	9.0	0.0	180.0	0.0	0.0	0.0	0.0	0.0	0.0	0.0	0.0	0.0	0.0	94.0	0.0	0.0	0.0	0.0	0.0	0.0	0.0	122.0	0.0	42.0	0.0	0.0	0.0	0.0	0.0	0.0	22.0	96.0	0.0	0.0	33.0	0.0	111.0	0.0	0.0	0.0	0.0	0.0	0.0	0.0	0.0	0.0	18.0	0.0	0.0	29.0	0.0	0.0	0.0	0.0	0.0	0.0	0.0	0.0	0.0	67.0	0.0	0.0	0.0	0.0	0.0	26.0	0.0	0.0	0.0	0.0	0.0	0.0	0.0	0.0	28.0	0.0	0.0	0.0	0.0	0.0	0.0	25.0	0.0	20.0	0.0	46.0	0.0	0.0	0.0	0.0	0.0	0.0	0.0	0.0	0.0	0.0	0.0	0.0	0.0	0.0	0.0	0.0	0.0	0.0	0.0	0.0	10.0	0.0	20.0	0.0	0.0	0.0	0.0	0.0	0.0	15.0	0.0	0.0	0.0	0.0	0.0	0.0	0.0	0.0	0.0	14.0	5.0	0.0	0.0	0.0	0.0	11.0	0.0	0.0	0.0	0.0	0.0	0.0	0.0	0.0	0.0	0.0	0.0	0.0	0.0	0.0	0.0	0.0	0.0	0.0	0.0	0.0	0.0	0.0	0.0	0.0	0.0	0.0	0.0	0.0	0.0	0.0	0.0	0.0	0.0	0.0	0.0	0.0	0.0	0.0	0.0	0.0	0.0	0.0	0.0	0.0	0.0	0.0	0.0	0.0	0.0	0.0	0.0	0.0	0.0	0.0	0.0	0.0	0.0	0.0	0.0	0.0	0.0	0.0	0.0	0.0	0.0	0.0	0.0	0.0	0.0	0.0	0.0	0.0	0.0	0.0	0.0	0.0	0.0	0.0	5.0	0.0	0.0	0.0	0.0	0.0	0.0	0.0	0.0	0.0	0.0	0.0
SRR11143627	57.0	641.0	74.0	119.0	227.0	738.0	79.0	0.0	410.0	0.0	822.0	481.0	554.0	98.0	175.0	446.0	134.0	97.0	57.0	0.0	239.0	18.0	78.0	196.0	103.0	20.0	78.0	261.0	0.0	0.0	329.0	307.0	92.0	312.0	221.0	0.0	0.0	0.0	81.0	393.0	238.0	239.0	25.0	0.0	0.0	0.0	80.0	455.0	85.0	45.0	9.0	17.0	85.0	429.0	265.0	0.0	303.0	179.0	112.0	0.0	192.0	0.0	0.0	0.0	75.0	81.0	54.0	107.0	464.0	0.0	201.0	22.0	0.0	0.0	0.0	0.0	238.0	4.0	44.0	30.0	0.0	72.0	72.0	49.0	61.0	140.0	0.0	14.0	0.0	0.0	186.0	0.0	0.0	0.0	17.0	0.0	0.0	0.0	0.0	0.0	0.0	22.0	0.0	0.0	0.0	0.0	0.0	0.0	0.0	0.0	0.0	0.0	0.0	0.0	0.0	94.0	0.0	0.0	8.0	58.0	0.0	0.0	0.0	0.0	193.0	0.0	0.0	0.0	0.0	0.0	0.0	0.0	0.0	0.0	18.0	0.0	0.0	0.0	51.0	0.0	0.0	0.0	0.0	0.0	0.0	0.0	0.0	0.0	0.0	0.0	0.0	0.0	0.0	35.0	0.0	0.0	116.0	0.0	0.0	0.0	0.0	0.0	44.0	0.0	0.0	0.0	0.0	0.0	0.0	0.0	0.0	0.0	0.0	38.0	0.0	0.0	0.0	0.0	0.0	0.0	0.0	0.0	0.0	0.0	0.0	0.0	0.0	0.0	0.0	0.0	0.0	0.0	0.0	27.0	0.0	0.0	0.0	0.0	0.0	0.0	21.0	0.0	0.0	0.0	0.0	0.0	0.0	0.0	0.0	0.0	31.0	0.0	0.0	0.0	0.0	0.0	0.0	0.0	0.0	16.0	0.0	0.0	0.0	0.0	0.0	0.0	0.0	0.0	0.0	0.0	0.0	0.0	0.0	0.0	0.0	0.0	0.0	0.0	0.0	0.0	0.0	0.0	0.0	0.0	0.0	0.0	0.0	0.0	0.0	0.0	0.0	0.0	0.0	0.0	0.0	0.0	0.0	12.0	0.0	0.0	0.0	0.0	0.0	0.0	0.0	0.0	0.0	0.0	0.0	0.0	0.0	0.0	0.0	0.0	0.0	0.0	0.0	0.0	0.0	0.0	0.0	0.0	0.0	0.0	0.0	0.0	0.0	0.0	0.0	0.0	0.0	0.0	0.0	0.0	0.0	0.0	0.0	0.0	0.0	0.0	0.0	0.0	0.0	0.0	0.0	0.0	0.0	0.0	0.0	0.0
SRR11143629	222.0	504.0	215.0	273.0	80.0	456.0	58.0	0.0	316.0	0.0	792.0	73.0	326.0	63.0	214.0	90.0	90.0	42.0	156.0	0.0	307.0	62.0	70.0	268.0	60.0	23.0	212.0	163.0	191.0	0.0	67.0	173.0	11.0	87.0	148.0	0.0	90.0	0.0	375.0	323.0	102.0	128.0	0.0	0.0	0.0	0.0	15.0	294.0	124.0	216.0	30.0	17.0	118.0	93.0	239.0	13.0	101.0	227.0	0.0	18.0	14.0	0.0	0.0	76.0	0.0	72.0	104.0	0.0	90.0	0.0	71.0	0.0	0.0	0.0	0.0	0.0	0.0	0.0	39.0	129.0	25.0	0.0	0.0	31.0	9.0	0.0	0.0	0.0	50.0	0.0	54.0	0.0	0.0	0.0	0.0	0.0	186.0	0.0	0.0	0.0	98.0	14.0	0.0	22.0	0.0	0.0	27.0	0.0	0.0	112.0	4.0	0.0	0.0	0.0	0.0	42.0	0.0	0.0	0.0	0.0	0.0	0.0	0.0	0.0	0.0	76.0	0.0	0.0	0.0	0.0	0.0	0.0	0.0	0.0	0.0	0.0	0.0	0.0	0.0	0.0	0.0	0.0	0.0	0.0	0.0	0.0	0.0	19.0	35.0	0.0	0.0	0.0	0.0	0.0	0.0	0.0	0.0	0.0	0.0	0.0	0.0	19.0	0.0	0.0	0.0	13.0	0.0	0.0	0.0	24.0	0.0	0.0	0.0	65.0	0.0	0.0	0.0	0.0	0.0	0.0	0.0	0.0	0.0	0.0	0.0	0.0	0.0	0.0	0.0	27.0	0.0	0.0	0.0	0.0	0.0	0.0	76.0	0.0	0.0	0.0	0.0	0.0	0.0	0.0	0.0	0.0	0.0	0.0	0.0	0.0	0.0	0.0	0.0	0.0	0.0	0.0	0.0	0.0	0.0	0.0	0.0	0.0	0.0	0.0	0.0	0.0	0.0	0.0	0.0	0.0	0.0	0.0	0.0	0.0	0.0	0.0	0.0	0.0	0.0	0.0	0.0	0.0	0.0	0.0	0.0	0.0	0.0	0.0	0.0	0.0	0.0	0.0	0.0	0.0	0.0	0.0	0.0	0.0	0.0	0.0	0.0	0.0	0.0	0.0	0.0	0.0	0.0	0.0	0.0	0.0	0.0	0.0	0.0	0.0	0.0	0.0	0.0	0.0	0.0	0.0	0.0	0.0	0.0	0.0	0.0	0.0	0.0	0.0	5.0	0.0	0.0	0.0	0.0	0.0	0.0	0.0	0.0	0.0	0.0	0.0	0.0	0.0	0.0	0.0	0.0	0.0	0.0	0.0	0.0	0.0
SRR11143633	278.0	1037.0	224.0	445.0	149.0	245.0	108.0	0.0	483.0	0.0	948.0	204.0	424.0	142.0	276.0	94.0	129.0	21.0	185.0	0.0	552.0	68.0	309.0	360.0	113.0	47.0	174.0	364.0	127.0	0.0	243.0	599.0	0.0	97.0	145.0	0.0	61.0	0.0	452.0	154.0	249.0	148.0	0.0	0.0	0.0	0.0	0.0	359.0	214.0	126.0	0.0	8.0	123.0	179.0	0.0	0.0	213.0	657.0	178.0	0.0	12.0	0.0	0.0	50.0	0.0	100.0	187.0	199.0	528.0	0.0	216.0	13.0	0.0	0.0	0.0	0.0	0.0	0.0	50.0	27.0	0.0	20.0	105.0	35.0	14.0	81.0	0.0	19.0	30.0	0.0	321.0	0.0	0.0	0.0	0.0	23.0	75.0	0.0	0.0	0.0	0.0	18.0	6.0	0.0	0.0	0.0	39.0	0.0	0.0	0.0	0.0	0.0	91.0	0.0	0.0	42.0	0.0	0.0	0.0	0.0	46.0	0.0	16.0	0.0	155.0	45.0	0.0	0.0	0.0	6.0	0.0	0.0	0.0	0.0	33.0	0.0	134.0	47.0	0.0	0.0	0.0	0.0	0.0	0.0	0.0	0.0	0.0	38.0	0.0	0.0	0.0	0.0	26.0	0.0	0.0	0.0	91.0	0.0	0.0	0.0	0.0	10.0	0.0	0.0	0.0	0.0	0.0	0.0	0.0	23.0	0.0	9.0	42.0	26.0	0.0	0.0	0.0	0.0	0.0	0.0	0.0	0.0	0.0	0.0	0.0	0.0	0.0	0.0	0.0	0.0	0.0	0.0	0.0	52.0	13.0	0.0	122.0	0.0	16.0	0.0	0.0	0.0	0.0	0.0	0.0	0.0	0.0	0.0	0.0	0.0	0.0	0.0	0.0	0.0	0.0	0.0	0.0	0.0	0.0	0.0	0.0	0.0	0.0	0.0	0.0	0.0	0.0	0.0	0.0	0.0	0.0	0.0	0.0	0.0	0.0	0.0	0.0	0.0	0.0	0.0	0.0	0.0	0.0	0.0	11.0	0.0	0.0	0.0	0.0	0.0	0.0	0.0	0.0	0.0	0.0	0.0	0.0	0.0	0.0	0.0	0.0	0.0	0.0	0.0	0.0	0.0	0.0	0.0	0.0	0.0	0.0	0.0	0.0	0.0	0.0	0.0	0.0	0.0	0.0	0.0	0.0	0.0	0.0	0.0	0.0	0.0	0.0	0.0	2.0	0.0	0.0	0.0	0.0	0.0	0.0	0.0	0.0	0.0	0.0	0.0	0.0	0.0	0.0	0.0	0.0	0.0	0.0	0.0	0.0	0.0
SRR11143634	132.0	438.0	145.0	190.0	197.0	775.0	127.0	18.0	714.0	0.0	690.0	1543.0	607.0	122.0	403.0	110.0	166.0	124.0	39.0	0.0	478.0	73.0	165.0	291.0	199.0	0.0	0.0	211.0	96.0	0.0	136.0	293.0	85.0	99.0	275.0	0.0	48.0	0.0	103.0	404.0	272.0	248.0	0.0	34.0	77.0	42.0	170.0	473.0	84.0	198.0	0.0	0.0	58.0	201.0	192.0	0.0	588.0	1239.0	0.0	0.0	210.0	14.0	0.0	0.0	0.0	88.0	186.0	94.0	610.0	0.0	428.0	52.0	0.0	242.0	0.0	0.0	138.0	0.0	55.0	321.0	0.0	20.0	173.0	0.0	0.0	18.0	0.0	0.0	0.0	80.0	161.0	0.0	0.0	0.0	0.0	16.0	81.0	0.0	62.0	0.0	173.0	48.0	110.0	22.0	0.0	0.0	230.0	0.0	0.0	129.0	0.0	0.0	29.0	0.0	0.0	72.0	0.0	0.0	0.0	94.0	0.0	0.0	0.0	0.0	101.0	223.0	0.0	0.0	80.0	0.0	0.0	0.0	0.0	0.0	0.0	0.0	46.0	99.0	0.0	0.0	0.0	0.0	0.0	0.0	0.0	0.0	0.0	0.0	0.0	0.0	0.0	0.0	0.0	15.0	0.0	0.0	147.0	0.0	0.0	0.0	0.0	0.0	0.0	0.0	0.0	0.0	0.0	0.0	21.0	0.0	0.0	0.0	0.0	43.0	0.0	0.0	0.0	0.0	0.0	0.0	24.0	0.0	0.0	0.0	15.0	0.0	0.0	33.0	0.0	0.0	0.0	0.0	0.0	0.0	14.0	0.0	0.0	0.0	0.0	0.0	0.0	0.0	0.0	0.0	0.0	0.0	0.0	0.0	0.0	0.0	0.0	0.0	0.0	0.0	0.0	0.0	0.0	0.0	0.0	0.0	0.0	0.0	0.0	0.0	0.0	0.0	0.0	0.0	0.0	0.0	0.0	0.0	0.0	0.0	0.0	0.0	0.0	0.0	0.0	0.0	0.0	0.0	0.0	0.0	0.0	0.0	0.0	0.0	0.0	0.0	0.0	0.0	4.0	0.0	0.0	0.0	0.0	0.0	0.0	0.0	0.0	0.0	0.0	0.0	0.0	0.0	0.0	0.0	0.0	0.0	0.0	0.0	0.0	0.0	0.0	0.0	0.0	0.0	0.0	0.0	0.0	0.0	0.0	0.0	0.0	0.0	0.0	0.0	0.0	0.0	0.0	0.0	0.0	0.0	0.0	0.0	0.0	0.0	0.0	0.0	0.0	0.0	0.0	0.0	0.0	0.0	0.0	0.0	0.0	0.0
SRR11143636	69.0	144.0	74.0	161.0	833.0	577.0	90.0	153.0	466.0	0.0	350.0	497.0	436.0	0.0	863.0	139.0	65.0	30.0	63.0	0.0	0.0	14.0	0.0	105.0	151.0	45.0	0.0	0.0	31.0	0.0	40.0	29.0	0.0	46.0	286.0	0.0	7.0	0.0	40.0	228.0	38.0	396.0	0.0	173.0	22.0	127.0	402.0	243.0	0.0	56.0	0.0	0.0	26.0	85.0	159.0	0.0	184.0	187.0	0.0	0.0	32.0	0.0	0.0	0.0	0.0	0.0	23.0	0.0	340.0	0.0	73.0	79.0	0.0	0.0	0.0	0.0	423.0	18.0	30.0	35.0	0.0	17.0	80.0	0.0	0.0	0.0	0.0	0.0	38.0	0.0	0.0	0.0	0.0	0.0	0.0	0.0	115.0	0.0	100.0	0.0	46.0	53.0	68.0	0.0	0.0	0.0	76.0	38.0	0.0	74.0	0.0	0.0	0.0	0.0	0.0	0.0	0.0	0.0	0.0	0.0	30.0	0.0	9.0	0.0	65.0	0.0	0.0	0.0	89.0	0.0	0.0	0.0	0.0	0.0	0.0	0.0	0.0	0.0	0.0	8.0	0.0	0.0	0.0	0.0	0.0	8.0	0.0	0.0	0.0	0.0	0.0	0.0	0.0	0.0	0.0	0.0	0.0	0.0	0.0	0.0	0.0	0.0	6.0	0.0	0.0	0.0	0.0	0.0	0.0	0.0	0.0	0.0	0.0	0.0	0.0	0.0	0.0	0.0	0.0	0.0	0.0	0.0	0.0	17.0	0.0	0.0	0.0	59.0	0.0	0.0	0.0	0.0	0.0	0.0	0.0	0.0	0.0	0.0	0.0	0.0	0.0	0.0	0.0	0.0	0.0	0.0	0.0	0.0	0.0	0.0	5.0	0.0	0.0	0.0	27.0	0.0	0.0	0.0	0.0	0.0	80.0	0.0	0.0	0.0	0.0	0.0	0.0	0.0	0.0	0.0	0.0	0.0	0.0	0.0	0.0	0.0	0.0	0.0	0.0	0.0	0.0	0.0	0.0	0.0	0.0	0.0	0.0	0.0	0.0	0.0	0.0	0.0	0.0	0.0	0.0	0.0	0.0	0.0	0.0	0.0	0.0	0.0	0.0	0.0	0.0	0.0	0.0	0.0	0.0	0.0	0.0	0.0	0.0	0.0	0.0	0.0	0.0	0.0	0.0	0.0	0.0	0.0	0.0	0.0	0.0	0.0	0.0	0.0	0.0	0.0	0.0	0.0	0.0	0.0	0.0	0.0	0.0	0.0	0.0	0.0	0.0	0.0	0.0	0.0	0.0	0.0	0.0	0.0	0.0	0.0
SRR11143638	0.0	222.0	212.0	118.0	816.0	1362.0	234.0	75.0	739.0	0.0	383.0	383.0	450.0	30.0	568.0	50.0	54.0	48.0	151.0	0.0	44.0	28.0	0.0	123.0	127.0	0.0	0.0	171.0	85.0	0.0	70.0	0.0	0.0	74.0	121.0	0.0	18.0	0.0	96.0	186.0	38.0	489.0	30.0	296.0	28.0	97.0	213.0	97.0	85.0	53.0	0.0	0.0	24.0	67.0	118.0	0.0	443.0	490.0	0.0	0.0	40.0	19.0	0.0	152.0	70.0	39.0	0.0	0.0	417.0	10.0	74.0	89.0	0.0	126.0	0.0	39.0	404.0	18.0	131.0	363.0	21.0	0.0	0.0	0.0	0.0	34.0	0.0	0.0	21.0	115.0	0.0	0.0	0.0	0.0	0.0	0.0	254.0	0.0	64.0	0.0	99.0	8.0	14.0	0.0	16.0	0.0	289.0	0.0	0.0	158.0	0.0	141.0	0.0	0.0	0.0	0.0	0.0	0.0	0.0	0.0	0.0	0.0	203.0	0.0	0.0	0.0	0.0	0.0	63.0	0.0	25.0	0.0	0.0	0.0	0.0	0.0	0.0	62.0	0.0	0.0	0.0	42.0	0.0	0.0	0.0	0.0	0.0	0.0	0.0	0.0	0.0	38.0	26.0	0.0	0.0	0.0	0.0	0.0	0.0	0.0	162.0	0.0	0.0	0.0	0.0	0.0	0.0	0.0	0.0	0.0	0.0	25.0	41.0	0.0	0.0	0.0	0.0	0.0	0.0	0.0	0.0	0.0	0.0	34.0	0.0	0.0	0.0	106.0	0.0	0.0	88.0	0.0	0.0	0.0	0.0	0.0	0.0	0.0	0.0	0.0	0.0	0.0	0.0	0.0	0.0	0.0	0.0	0.0	33.0	0.0	0.0	0.0	0.0	0.0	14.0	0.0	0.0	36.0	0.0	0.0	78.0	23.0	0.0	0.0	0.0	0.0	0.0	0.0	0.0	0.0	0.0	0.0	0.0	0.0	0.0	0.0	0.0	0.0	0.0	0.0	0.0	0.0	0.0	0.0	0.0	0.0	0.0	0.0	0.0	0.0	0.0	0.0	0.0	0.0	0.0	0.0	0.0	0.0	0.0	0.0	0.0	0.0	0.0	0.0	0.0	0.0	0.0	0.0	0.0	0.0	0.0	0.0	0.0	0.0	0.0	0.0	0.0	0.0	0.0	0.0	0.0	0.0	0.0	17.0	0.0	0.0	0.0	0.0	0.0	0.0	0.0	0.0	0.0	0.0	0.0	0.0	0.0	0.0	0.0	0.0	0.0	0.0	54.0	0.0	8.0	0.0	0.0	0.0	0.0	7.0
SRR11143639	58.0	481.0	85.0	123.0	160.0	176.0	0.0	0.0	266.0	0.0	363.0	0.0	313.0	76.0	200.0	252.0	80.0	200.0	168.0	0.0	310.0	33.0	58.0	194.0	69.0	0.0	0.0	257.0	0.0	0.0	149.0	654.0	0.0	0.0	38.0	0.0	99.0	0.0	160.0	266.0	227.0	109.0	0.0	0.0	0.0	0.0	58.0	736.0	173.0	19.0	0.0	6.0	260.0	432.0	0.0	0.0	88.0	514.0	292.0	0.0	0.0	0.0	0.0	69.0	0.0	241.0	112.0	51.0	786.0	0.0	550.0	0.0	0.0	130.0	0.0	9.0	0.0	0.0	52.0	0.0	39.0	0.0	13.0	39.0	0.0	87.0	0.0	0.0	0.0	0.0	246.0	0.0	0.0	0.0	22.0	0.0	85.0	0.0	0.0	0.0	522.0	0.0	0.0	0.0	0.0	0.0	0.0	0.0	0.0	0.0	0.0	0.0	0.0	0.0	0.0	256.0	0.0	0.0	0.0	0.0	0.0	28.0	0.0	0.0	315.0	0.0	0.0	0.0	0.0	0.0	0.0	0.0	0.0	0.0	0.0	0.0	185.0	107.0	0.0	0.0	0.0	0.0	0.0	0.0	0.0	0.0	0.0	0.0	0.0	0.0	0.0	31.0	0.0	0.0	0.0	0.0	0.0	0.0	0.0	0.0	0.0	19.0	0.0	0.0	0.0	0.0	0.0	0.0	0.0	39.0	0.0	0.0	0.0	0.0	0.0	0.0	0.0	0.0	0.0	0.0	0.0	0.0	0.0	0.0	0.0	35.0	0.0	0.0	0.0	39.0	10.0	0.0	0.0	0.0	0.0	0.0	0.0	0.0	0.0	0.0	0.0	0.0	0.0	0.0	0.0	0.0	0.0	0.0	0.0	15.0	0.0	0.0	0.0	0.0	0.0	0.0	0.0	0.0	0.0	0.0	0.0	0.0	0.0	0.0	0.0	0.0	0.0	0.0	0.0	0.0	0.0	0.0	0.0	0.0	0.0	0.0	0.0	0.0	0.0	0.0	0.0	0.0	0.0	0.0	0.0	0.0	0.0	0.0	0.0	0.0	0.0	0.0	0.0	0.0	0.0	0.0	0.0	0.0	0.0	0.0	0.0	31.0	0.0	0.0	0.0	0.0	0.0	0.0	0.0	0.0	0.0	0.0	0.0	0.0	0.0	0.0	0.0	0.0	0.0	0.0	0.0	0.0	0.0	0.0	0.0	0.0	0.0	0.0	0.0	0.0	0.0	0.0	0.0	0.0	0.0	0.0	0.0	0.0	0.0	0.0	0.0	0.0	0.0	0.0	0.0	0.0	0.0	0.0	0.0	0.0
SRR11143642	411.0	489.0	26.0	61.0	288.0	919.0	380.0	0.0	410.0	0.0	487.0	126.0	242.0	0.0	311.0	20.0	31.0	0.0	133.0	0.0	174.0	0.0	127.0	113.0	99.0	0.0	0.0	53.0	64.0	0.0	132.0	172.0	12.0	16.0	153.0	0.0	0.0	0.0	80.0	125.0	166.0	198.0	0.0	166.0	0.0	0.0	66.0	627.0	95.0	119.0	0.0	0.0	22.0	52.0	269.0	0.0	181.0	835.0	222.0	0.0	0.0	0.0	0.0	300.0	86.0	45.0	43.0	25.0	423.0	0.0	123.0	0.0	0.0	144.0	0.0	0.0	54.0	0.0	200.0	217.0	16.0	0.0	63.0	0.0	0.0	78.0	0.0	0.0	0.0	175.0	272.0	0.0	0.0	0.0	63.0	0.0	147.0	0.0	0.0	0.0	157.0	0.0	0.0	0.0	0.0	0.0	17.0	104.0	0.0	0.0	0.0	77.0	0.0	0.0	0.0	89.0	0.0	0.0	0.0	0.0	0.0	0.0	0.0	0.0	0.0	0.0	0.0	0.0	0.0	0.0	0.0	0.0	0.0	0.0	0.0	0.0	0.0	449.0	0.0	0.0	0.0	0.0	0.0	0.0	0.0	0.0	0.0	0.0	0.0	0.0	0.0	0.0	0.0	0.0	0.0	0.0	0.0	0.0	0.0	0.0	0.0	0.0	0.0	0.0	0.0	0.0	0.0	0.0	0.0	0.0	0.0	0.0	0.0	0.0	0.0	0.0	0.0	42.0	0.0	0.0	0.0	0.0	0.0	0.0	0.0	0.0	0.0	0.0	0.0	0.0	50.0	0.0	0.0	0.0	0.0	0.0	27.0	0.0	0.0	0.0	0.0	0.0	0.0	0.0	0.0	0.0	0.0	0.0	85.0	28.0	0.0	0.0	0.0	0.0	0.0	0.0	0.0	0.0	0.0	7.0	0.0	0.0	0.0	0.0	0.0	0.0	0.0	0.0	0.0	0.0	0.0	0.0	0.0	0.0	0.0	0.0	0.0	0.0	0.0	0.0	0.0	0.0	0.0	0.0	0.0	0.0	0.0	0.0	0.0	0.0	0.0	0.0	0.0	0.0	0.0	0.0	0.0	0.0	0.0	0.0	0.0	0.0	0.0	0.0	0.0	0.0	0.0	0.0	0.0	0.0	0.0	0.0	0.0	0.0	0.0	0.0	0.0	0.0	0.0	0.0	0.0	0.0	0.0	0.0	0.0	0.0	0.0	0.0	0.0	0.0	0.0	0.0	0.0	0.0	0.0	0.0	0.0	0.0	0.0	0.0	0.0	0.0	0.0	0.0	0.0	0.0	0.0	0.0	0.0	0.0
SRR11143647	35.0	0.0	0.0	234.0	0.0	355.0	217.0	0.0	222.0	0.0	417.0	56.0	408.0	95.0	173.0	0.0	0.0	145.0	0.0	0.0	182.0	8.0	0.0	55.0	198.0	0.0	0.0	79.0	405.0	0.0	55.0	252.0	0.0	42.0	6.0	0.0	43.0	0.0	80.0	0.0	0.0	192.0	10.0	95.0	64.0	0.0	160.0	830.0	303.0	210.0	0.0	0.0	69.0	123.0	0.0	0.0	28.0	693.0	57.0	23.0	0.0	0.0	30.0	165.0	134.0	87.0	136.0	0.0	612.0	0.0	368.0	26.0	0.0	0.0	0.0	0.0	211.0	0.0	187.0	565.0	0.0	0.0	0.0	0.0	0.0	65.0	0.0	0.0	0.0	0.0	129.0	0.0	0.0	0.0	0.0	0.0	261.0	0.0	0.0	0.0	177.0	0.0	33.0	19.0	0.0	0.0	142.0	0.0	0.0	120.0	0.0	129.0	0.0	0.0	0.0	78.0	13.0	0.0	0.0	0.0	64.0	0.0	0.0	0.0	187.0	249.0	0.0	0.0	0.0	0.0	0.0	0.0	0.0	0.0	49.0	0.0	100.0	0.0	0.0	0.0	0.0	0.0	0.0	0.0	0.0	0.0	0.0	0.0	0.0	2.0	0.0	127.0	0.0	0.0	0.0	26.0	0.0	0.0	0.0	0.0	0.0	16.0	0.0	0.0	0.0	0.0	7.0	0.0	0.0	0.0	0.0	13.0	249.0	16.0	0.0	0.0	0.0	33.0	236.0	91.0	0.0	0.0	0.0	0.0	0.0	89.0	0.0	15.0	0.0	47.0	0.0	0.0	0.0	31.0	0.0	0.0	0.0	0.0	0.0	0.0	0.0	0.0	0.0	0.0	0.0	0.0	0.0	0.0	0.0	28.0	0.0	0.0	0.0	0.0	0.0	0.0	0.0	0.0	0.0	0.0	0.0	0.0	0.0	33.0	0.0	0.0	0.0	0.0	0.0	0.0	0.0	0.0	0.0	0.0	0.0	0.0	0.0	0.0	0.0	0.0	0.0	0.0	0.0	0.0	0.0	0.0	49.0	0.0	0.0	0.0	0.0	0.0	0.0	0.0	0.0	0.0	0.0	0.0	0.0	0.0	69.0	0.0	0.0	0.0	0.0	0.0	0.0	0.0	0.0	0.0	0.0	0.0	0.0	0.0	0.0	0.0	0.0	0.0	0.0	0.0	0.0	0.0	0.0	10.0	0.0	0.0	0.0	0.0	0.0	0.0	0.0	0.0	0.0	0.0	0.0	0.0	0.0	0.0	0.0	0.0	0.0	0.0	0.0	0.0	0.0	0.0	0.0	0.0	0.0	0.0
SRR11143648	70.0	0.0	0.0	0.0	74.0	268.0	145.0	126.0	388.0	0.0	271.0	47.0	254.0	0.0	187.0	19.0	0.0	0.0	68.0	0.0	146.0	21.0	0.0	0.0	167.0	0.0	0.0	0.0	198.0	0.0	195.0	158.0	0.0	34.0	184.0	0.0	93.0	0.0	0.0	0.0	0.0	159.0	0.0	40.0	56.0	0.0	116.0	653.0	201.0	85.0	0.0	0.0	0.0	75.0	85.0	0.0	0.0	835.0	146.0	0.0	0.0	0.0	0.0	132.0	78.0	30.0	155.0	0.0	447.0	0.0	379.0	10.0	0.0	129.0	0.0	29.0	370.0	0.0	505.0	559.0	15.0	0.0	43.0	33.0	0.0	108.0	0.0	0.0	0.0	168.0	366.0	0.0	0.0	0.0	40.0	0.0	148.0	0.0	0.0	0.0	217.0	0.0	0.0	0.0	0.0	0.0	0.0	0.0	0.0	65.0	0.0	0.0	0.0	0.0	0.0	140.0	0.0	0.0	0.0	0.0	0.0	0.0	0.0	0.0	0.0	130.0	0.0	0.0	0.0	0.0	0.0	0.0	0.0	0.0	0.0	32.0	79.0	243.0	0.0	0.0	0.0	0.0	0.0	0.0	0.0	0.0	0.0	0.0	0.0	0.0	0.0	0.0	0.0	0.0	0.0	0.0	145.0	0.0	0.0	0.0	0.0	0.0	0.0	12.0	0.0	0.0	0.0	0.0	0.0	0.0	0.0	0.0	80.0	0.0	0.0	0.0	0.0	0.0	0.0	169.0	0.0	0.0	0.0	0.0	0.0	0.0	0.0	13.0	0.0	0.0	189.0	0.0	0.0	0.0	0.0	0.0	0.0	0.0	0.0	0.0	0.0	0.0	0.0	0.0	0.0	0.0	0.0	0.0	49.0	7.0	0.0	0.0	0.0	0.0	0.0	0.0	0.0	0.0	0.0	0.0	0.0	0.0	0.0	0.0	0.0	0.0	0.0	0.0	0.0	0.0	0.0	0.0	0.0	0.0	0.0	0.0	0.0	0.0	0.0	0.0	0.0	0.0	0.0	0.0	0.0	0.0	0.0	0.0	0.0	0.0	0.0	0.0	0.0	0.0	0.0	0.0	0.0	0.0	0.0	0.0	76.0	0.0	0.0	0.0	0.0	0.0	0.0	0.0	0.0	0.0	0.0	0.0	0.0	0.0	0.0	0.0	0.0	0.0	0.0	0.0	0.0	0.0	0.0	32.0	0.0	0.0	0.0	0.0	0.0	0.0	0.0	0.0	0.0	0.0	0.0	0.0	0.0	0.0	0.0	0.0	0.0	0.0	0.0	0.0	0.0	0.0	0.0	0.0	0.0	0.0
SRR11143649	295.0	713.0	0.0	256.0	47.0	454.0	441.0	0.0	681.0	0.0	1390.0	0.0	567.0	213.0	253.0	0.0	125.0	115.0	109.0	0.0	786.0	247.0	106.0	246.0	132.0	117.0	237.0	68.0	271.0	0.0	125.0	281.0	0.0	25.0	94.0	53.0	28.0	0.0	388.0	396.0	199.0	168.0	0.0	42.0	0.0	0.0	394.0	217.0	219.0	381.0	28.0	0.0	124.0	130.0	180.0	61.0	319.0	426.0	0.0	0.0	99.0	0.0	0.0	119.0	0.0	87.0	352.0	177.0	319.0	0.0	221.0	10.0	0.0	0.0	59.0	0.0	0.0	0.0	90.0	66.0	0.0	10.0	0.0	15.0	0.0	0.0	0.0	13.0	12.0	0.0	61.0	0.0	0.0	0.0	0.0	44.0	0.0	0.0	0.0	0.0	98.0	212.0	0.0	17.0	0.0	0.0	77.0	0.0	0.0	20.0	15.0	0.0	89.0	0.0	0.0	101.0	0.0	0.0	0.0	0.0	198.0	0.0	0.0	0.0	120.0	114.0	0.0	0.0	0.0	0.0	0.0	0.0	0.0	0.0	15.0	0.0	0.0	0.0	0.0	0.0	0.0	0.0	29.0	0.0	0.0	9.0	0.0	45.0	0.0	0.0	0.0	0.0	0.0	41.0	0.0	0.0	0.0	0.0	0.0	0.0	0.0	0.0	0.0	35.0	0.0	0.0	0.0	0.0	0.0	22.0	0.0	57.0	0.0	45.0	0.0	0.0	0.0	0.0	0.0	0.0	0.0	0.0	0.0	0.0	0.0	0.0	0.0	50.0	0.0	0.0	0.0	0.0	0.0	0.0	0.0	0.0	0.0	0.0	0.0	23.0	0.0	0.0	0.0	0.0	0.0	0.0	0.0	0.0	0.0	0.0	0.0	0.0	0.0	0.0	0.0	0.0	0.0	0.0	0.0	0.0	0.0	0.0	0.0	0.0	0.0	0.0	0.0	0.0	0.0	0.0	0.0	0.0	0.0	0.0	0.0	0.0	0.0	0.0	0.0	0.0	0.0	0.0	0.0	0.0	0.0	0.0	0.0	0.0	0.0	0.0	0.0	0.0	0.0	0.0	0.0	15.0	0.0	0.0	0.0	0.0	0.0	0.0	0.0	0.0	0.0	34.0	0.0	0.0	0.0	0.0	0.0	0.0	0.0	0.0	0.0	0.0	0.0	0.0	0.0	0.0	0.0	0.0	0.0	0.0	0.0	0.0	0.0	0.0	0.0	0.0	0.0	0.0	0.0	0.0	0.0	0.0	0.0	0.0	0.0	0.0	0.0	0.0	0.0	0.0	0.0	0.0	0.0	0.0	0.0	0.0
SRR11143650	236.0	597.0	129.0	200.0	585.0	459.0	194.0	59.0	492.0	0.0	445.0	443.0	779.0	75.0	555.0	26.0	19.0	0.0	118.0	95.0	415.0	75.0	61.0	0.0	192.0	13.0	66.0	153.0	57.0	0.0	96.0	0.0	0.0	51.0	0.0	0.0	43.0	0.0	32.0	194.0	32.0	209.0	0.0	293.0	20.0	93.0	264.0	457.0	361.0	220.0	0.0	0.0	39.0	91.0	386.0	0.0	70.0	516.0	0.0	0.0	0.0	0.0	0.0	97.0	55.0	71.0	159.0	0.0	121.0	0.0	62.0	0.0	0.0	0.0	29.0	25.0	496.0	0.0	162.0	70.0	0.0	0.0	0.0	28.0	0.0	82.0	0.0	0.0	9.0	264.0	0.0	0.0	50.0	0.0	0.0	24.0	224.0	0.0	99.0	0.0	83.0	10.0	9.0	0.0	0.0	0.0	80.0	0.0	0.0	0.0	0.0	0.0	0.0	0.0	0.0	0.0	0.0	0.0	0.0	0.0	0.0	0.0	0.0	0.0	0.0	0.0	0.0	0.0	54.0	0.0	0.0	0.0	0.0	0.0	0.0	0.0	0.0	0.0	0.0	0.0	0.0	0.0	0.0	0.0	0.0	0.0	24.0	0.0	0.0	0.0	0.0	370.0	0.0	0.0	0.0	0.0	0.0	0.0	0.0	0.0	0.0	0.0	0.0	0.0	0.0	0.0	0.0	0.0	0.0	0.0	0.0	0.0	0.0	0.0	0.0	110.0	0.0	0.0	0.0	0.0	0.0	0.0	0.0	0.0	0.0	0.0	0.0	57.0	0.0	0.0	0.0	0.0	0.0	0.0	0.0	0.0	0.0	0.0	10.0	42.0	0.0	0.0	0.0	0.0	0.0	0.0	0.0	0.0	55.0	0.0	0.0	0.0	0.0	0.0	0.0	0.0	0.0	0.0	0.0	0.0	0.0	0.0	0.0	0.0	0.0	0.0	0.0	0.0	0.0	0.0	0.0	0.0	0.0	0.0	0.0	0.0	0.0	0.0	0.0	0.0	0.0	0.0	0.0	0.0	0.0	0.0	0.0	0.0	0.0	0.0	9.0	0.0	0.0	0.0	0.0	0.0	0.0	0.0	0.0	0.0	0.0	0.0	0.0	0.0	0.0	0.0	0.0	0.0	0.0	0.0	0.0	0.0	0.0	0.0	0.0	0.0	0.0	0.0	0.0	0.0	0.0	0.0	0.0	0.0	0.0	0.0	0.0	0.0	0.0	0.0	0.0	0.0	0.0	0.0	0.0	0.0	0.0	0.0	0.0	0.0	0.0	0.0	0.0	0.0	0.0	0.0	0.0	0.0	0.0	0.0
SRR11143651	309.0	405.0	0.0	415.0	222.0	1320.0	487.0	0.0	700.0	0.0	984.0	352.0	259.0	371.0	422.0	0.0	0.0	76.0	259.0	0.0	646.0	417.0	131.0	137.0	152.0	16.0	392.0	170.0	75.0	0.0	80.0	110.0	0.0	39.0	71.0	0.0	0.0	0.0	201.0	585.0	136.0	171.0	44.0	114.0	19.0	0.0	210.0	490.0	224.0	184.0	0.0	0.0	54.0	56.0	379.0	0.0	306.0	783.0	102.0	26.0	20.0	7.0	0.0	268.0	36.0	45.0	382.0	0.0	341.0	0.0	107.0	11.0	0.0	0.0	15.0	0.0	330.0	17.0	148.0	151.0	12.0	0.0	46.0	55.0	0.0	108.0	0.0	6.0	0.0	305.0	216.0	0.0	0.0	0.0	45.0	169.0	279.0	0.0	0.0	0.0	139.0	0.0	0.0	69.0	0.0	0.0	66.0	66.0	0.0	0.0	0.0	46.0	0.0	16.0	0.0	81.0	0.0	0.0	0.0	0.0	0.0	0.0	18.0	0.0	0.0	62.0	0.0	0.0	0.0	0.0	0.0	0.0	0.0	0.0	0.0	0.0	0.0	75.0	0.0	0.0	0.0	0.0	0.0	0.0	0.0	0.0	0.0	23.0	0.0	0.0	0.0	0.0	26.0	0.0	0.0	0.0	64.0	0.0	0.0	0.0	7.0	0.0	0.0	0.0	0.0	0.0	0.0	0.0	0.0	15.0	0.0	0.0	0.0	0.0	0.0	0.0	0.0	0.0	0.0	0.0	0.0	0.0	0.0	0.0	0.0	0.0	16.0	0.0	0.0	0.0	0.0	0.0	0.0	12.0	0.0	0.0	0.0	0.0	0.0	7.0	0.0	0.0	0.0	0.0	0.0	0.0	13.0	0.0	0.0	0.0	0.0	0.0	0.0	0.0	0.0	0.0	0.0	0.0	0.0	0.0	0.0	19.0	0.0	0.0	0.0	0.0	0.0	0.0	0.0	0.0	0.0	0.0	0.0	0.0	16.0	0.0	0.0	0.0	0.0	0.0	0.0	0.0	0.0	0.0	0.0	0.0	0.0	0.0	0.0	0.0	0.0	0.0	0.0	0.0	0.0	0.0	0.0	0.0	0.0	0.0	0.0	0.0	0.0	0.0	0.0	0.0	0.0	0.0	0.0	0.0	0.0	0.0	0.0	0.0	0.0	0.0	0.0	0.0	0.0	0.0	0.0	0.0	0.0	0.0	0.0	3.0	0.0	0.0	0.0	0.0	0.0	0.0	0.0	0.0	0.0	0.0	0.0	0.0	0.0	0.0	0.0	0.0	0.0	0.0	0.0	0.0	0.0	0.0	0.0	0.0
SRR11143654	580.0	599.0	67.0	346.0	150.0	1080.0	374.0	72.0	758.0	0.0	757.0	177.0	434.0	268.0	390.0	79.0	93.0	50.0	180.0	124.0	116.0	110.0	82.0	145.0	135.0	13.0	228.0	199.0	0.0	0.0	184.0	0.0	13.0	45.0	68.0	0.0	90.0	0.0	0.0	298.0	90.0	232.0	26.0	323.0	0.0	118.0	299.0	563.0	178.0	145.0	0.0	0.0	53.0	146.0	450.0	0.0	235.0	1170.0	229.0	0.0	0.0	0.0	0.0	86.0	131.0	141.0	166.0	26.0	322.0	0.0	61.0	0.0	0.0	0.0	21.0	43.0	433.0	0.0	216.0	64.0	0.0	0.0	0.0	0.0	0.0	189.0	0.0	5.0	6.0	253.0	262.0	0.0	204.0	0.0	0.0	97.0	160.0	0.0	0.0	0.0	0.0	41.0	0.0	0.0	0.0	0.0	113.0	35.0	0.0	0.0	0.0	0.0	0.0	0.0	0.0	0.0	0.0	0.0	0.0	30.0	36.0	0.0	0.0	0.0	169.0	0.0	0.0	0.0	112.0	0.0	0.0	0.0	0.0	0.0	0.0	0.0	0.0	45.0	0.0	0.0	0.0	0.0	0.0	0.0	0.0	0.0	89.0	0.0	0.0	0.0	0.0	187.0	0.0	0.0	0.0	0.0	0.0	0.0	0.0	0.0	0.0	0.0	0.0	0.0	0.0	0.0	0.0	0.0	0.0	11.0	0.0	0.0	0.0	0.0	0.0	72.0	0.0	0.0	0.0	11.0	0.0	0.0	0.0	0.0	0.0	0.0	0.0	46.0	0.0	0.0	0.0	0.0	0.0	0.0	0.0	0.0	54.0	0.0	0.0	41.0	0.0	0.0	0.0	0.0	0.0	0.0	11.0	0.0	44.0	0.0	0.0	0.0	0.0	0.0	0.0	0.0	0.0	0.0	0.0	0.0	0.0	0.0	0.0	0.0	0.0	0.0	0.0	0.0	0.0	0.0	0.0	0.0	0.0	0.0	0.0	0.0	0.0	0.0	0.0	0.0	0.0	0.0	0.0	0.0	0.0	0.0	0.0	0.0	0.0	0.0	0.0	0.0	0.0	0.0	0.0	0.0	0.0	0.0	0.0	0.0	0.0	0.0	0.0	0.0	0.0	0.0	0.0	0.0	0.0	0.0	0.0	0.0	0.0	0.0	0.0	0.0	0.0	0.0	0.0	0.0	0.0	0.0	0.0	0.0	0.0	0.0	0.0	0.0	0.0	0.0	0.0	0.0	0.0	0.0	0.0	0.0	0.0	0.0	0.0	0.0	0.0	0.0	0.0	0.0	0.0	0.0	0.0	0.0	0.0	0.0
SRR11143656	391.0	33.0	301.0	0.0	203.0	1094.0	26.0	131.0	381.0	0.0	141.0	352.0	1359.0	0.0	310.0	127.0	42.0	32.0	77.0	129.0	0.0	11.0	64.0	149.0	233.0	0.0	70.0	40.0	0.0	0.0	68.0	0.0	0.0	17.0	128.0	0.0	0.0	0.0	53.0	205.0	95.0	140.0	63.0	276.0	38.0	82.0	54.0	278.0	0.0	50.0	0.0	0.0	21.0	0.0	257.0	0.0	351.0	242.0	0.0	0.0	35.0	82.0	26.0	0.0	0.0	285.0	70.0	33.0	236.0	0.0	102.0	0.0	0.0	59.0	0.0	71.0	772.0	0.0	28.0	55.0	0.0	0.0	49.0	0.0	0.0	0.0	0.0	0.0	0.0	68.0	0.0	0.0	109.0	0.0	0.0	0.0	0.0	0.0	0.0	0.0	156.0	48.0	0.0	0.0	0.0	0.0	0.0	0.0	0.0	0.0	0.0	0.0	0.0	0.0	0.0	0.0	0.0	0.0	0.0	0.0	13.0	0.0	0.0	0.0	0.0	0.0	0.0	0.0	23.0	0.0	0.0	0.0	0.0	0.0	0.0	34.0	0.0	65.0	0.0	0.0	0.0	0.0	0.0	0.0	0.0	0.0	0.0	0.0	0.0	0.0	0.0	225.0	0.0	0.0	0.0	0.0	0.0	0.0	0.0	0.0	0.0	0.0	0.0	0.0	0.0	0.0	0.0	0.0	0.0	0.0	0.0	0.0	0.0	0.0	0.0	0.0	0.0	0.0	0.0	0.0	0.0	0.0	0.0	0.0	0.0	0.0	0.0	18.0	0.0	0.0	0.0	0.0	0.0	0.0	0.0	0.0	0.0	0.0	0.0	0.0	0.0	0.0	0.0	0.0	0.0	0.0	0.0	0.0	0.0	0.0	0.0	0.0	0.0	0.0	0.0	0.0	0.0	0.0	0.0	0.0	0.0	0.0	0.0	0.0	0.0	0.0	0.0	0.0	0.0	0.0	0.0	0.0	0.0	0.0	0.0	0.0	0.0	0.0	0.0	0.0	0.0	0.0	0.0	0.0	0.0	0.0	0.0	0.0	0.0	0.0	0.0	0.0	0.0	0.0	0.0	0.0	0.0	0.0	0.0	0.0	0.0	0.0	0.0	0.0	0.0	0.0	0.0	0.0	0.0	0.0	0.0	0.0	0.0	0.0	0.0	0.0	0.0	0.0	0.0	0.0	0.0	0.0	0.0	0.0	0.0	0.0	0.0	0.0	0.0	0.0	0.0	0.0	0.0	0.0	0.0	0.0	0.0	0.0	0.0	0.0	0.0	0.0	0.0	0.0	0.0	0.0	0.0	0.0	0.0	0.0
SRR11143658	372.0	1046.0	32.0	506.0	401.0	1168.0	419.0	0.0	587.0	0.0	1110.0	160.0	496.0	373.0	377.0	71.0	51.0	51.0	209.0	0.0	1116.0	362.0	235.0	268.0	131.0	0.0	181.0	545.0	34.0	0.0	357.0	145.0	92.0	64.0	182.0	0.0	137.0	0.0	51.0	479.0	444.0	127.0	40.0	224.0	0.0	0.0	367.0	453.0	133.0	187.0	0.0	0.0	119.0	98.0	439.0	0.0	274.0	1194.0	161.0	0.0	0.0	0.0	0.0	236.0	30.0	85.0	256.0	38.0	306.0	0.0	174.0	0.0	0.0	0.0	27.0	0.0	305.0	0.0	137.0	307.0	0.0	0.0	12.0	58.0	0.0	155.0	0.0	9.0	0.0	208.0	190.0	0.0	0.0	0.0	0.0	140.0	172.0	0.0	0.0	12.0	76.0	0.0	0.0	40.0	0.0	0.0	249.0	0.0	0.0	93.0	0.0	0.0	0.0	17.0	0.0	59.0	0.0	0.0	0.0	0.0	0.0	0.0	8.0	0.0	166.0	71.0	0.0	0.0	15.0	0.0	0.0	0.0	0.0	0.0	34.0	0.0	0.0	89.0	15.0	0.0	0.0	0.0	0.0	13.0	0.0	0.0	0.0	52.0	0.0	0.0	0.0	75.0	0.0	0.0	0.0	0.0	26.0	0.0	0.0	0.0	0.0	0.0	0.0	0.0	0.0	0.0	0.0	0.0	0.0	0.0	0.0	140.0	0.0	41.0	0.0	81.0	0.0	0.0	0.0	0.0	15.0	0.0	0.0	0.0	0.0	0.0	0.0	42.0	0.0	0.0	0.0	0.0	0.0	43.0	0.0	0.0	59.0	0.0	0.0	21.0	0.0	0.0	0.0	0.0	0.0	0.0	31.0	0.0	81.0	0.0	0.0	15.0	0.0	0.0	0.0	0.0	0.0	0.0	0.0	0.0	0.0	8.0	0.0	0.0	0.0	0.0	0.0	0.0	0.0	0.0	32.0	0.0	0.0	0.0	49.0	0.0	0.0	0.0	0.0	0.0	0.0	0.0	0.0	0.0	0.0	0.0	0.0	0.0	0.0	0.0	0.0	0.0	0.0	0.0	0.0	0.0	0.0	0.0	0.0	0.0	0.0	0.0	0.0	0.0	0.0	0.0	0.0	0.0	0.0	0.0	0.0	0.0	0.0	0.0	0.0	0.0	0.0	0.0	0.0	0.0	0.0	0.0	0.0	0.0	0.0	0.0	0.0	0.0	0.0	0.0	0.0	0.0	0.0	0.0	0.0	0.0	0.0	0.0	0.0	0.0	0.0	0.0	0.0	0.0	0.0	0.0	0.0	0.0	0.0	0.0
SRR11143662	719.0	1013.0	69.0	231.0	155.0	1068.0	332.0	94.0	156.0	0.0	613.0	125.0	769.0	182.0	323.0	0.0	98.0	57.0	126.0	132.0	0.0	111.0	101.0	70.0	100.0	47.0	196.0	206.0	68.0	0.0	137.0	110.0	0.0	98.0	26.0	0.0	106.0	0.0	124.0	294.0	139.0	48.0	73.0	340.0	26.0	129.0	237.0	583.0	224.0	139.0	0.0	0.0	145.0	108.0	252.0	0.0	476.0	362.0	393.0	0.0	123.0	0.0	0.0	99.0	0.0	102.0	226.0	0.0	613.0	10.0	261.0	0.0	0.0	0.0	0.0	40.0	564.0	0.0	126.0	225.0	0.0	0.0	0.0	32.0	0.0	0.0	0.0	0.0	0.0	96.0	119.0	0.0	48.0	0.0	5.0	39.0	0.0	0.0	0.0	0.0	0.0	40.0	0.0	0.0	0.0	0.0	35.0	0.0	0.0	0.0	0.0	0.0	0.0	0.0	0.0	0.0	0.0	0.0	0.0	0.0	37.0	0.0	0.0	0.0	70.0	0.0	0.0	11.0	0.0	0.0	0.0	0.0	0.0	0.0	0.0	0.0	0.0	75.0	0.0	0.0	0.0	0.0	0.0	0.0	0.0	0.0	0.0	0.0	0.0	76.0	0.0	99.0	0.0	0.0	0.0	0.0	0.0	0.0	0.0	0.0	0.0	0.0	0.0	0.0	0.0	0.0	0.0	0.0	0.0	16.0	0.0	0.0	0.0	0.0	0.0	0.0	0.0	0.0	0.0	0.0	0.0	0.0	0.0	0.0	0.0	0.0	0.0	21.0	0.0	0.0	0.0	0.0	0.0	19.0	0.0	0.0	0.0	0.0	0.0	0.0	0.0	0.0	0.0	0.0	0.0	0.0	0.0	0.0	0.0	0.0	0.0	0.0	0.0	0.0	0.0	0.0	0.0	0.0	0.0	0.0	0.0	0.0	0.0	0.0	0.0	0.0	0.0	0.0	0.0	0.0	0.0	0.0	0.0	0.0	8.0	0.0	0.0	0.0	0.0	0.0	0.0	0.0	0.0	0.0	0.0	0.0	0.0	0.0	0.0	0.0	0.0	0.0	0.0	0.0	0.0	0.0	0.0	0.0	0.0	0.0	0.0	0.0	0.0	0.0	0.0	0.0	0.0	0.0	0.0	0.0	0.0	0.0	0.0	0.0	0.0	0.0	0.0	0.0	0.0	0.0	0.0	0.0	0.0	0.0	0.0	0.0	0.0	0.0	0.0	0.0	0.0	0.0	0.0	0.0	0.0	0.0	0.0	9.0	0.0	0.0	0.0	0.0	0.0	0.0	0.0	0.0	0.0	0.0	0.0	0.0
SRR11143663	472.0	401.0	0.0	74.0	420.0	987.0	366.0	0.0	365.0	0.0	508.0	441.0	676.0	88.0	715.0	0.0	35.0	39.0	124.0	0.0	490.0	36.0	88.0	0.0	162.0	0.0	135.0	108.0	88.0	0.0	119.0	28.0	0.0	0.0	0.0	0.0	33.0	0.0	0.0	217.0	0.0	50.0	0.0	69.0	0.0	0.0	219.0	328.0	164.0	138.0	0.0	6.0	16.0	106.0	470.0	0.0	389.0	631.0	0.0	0.0	32.0	0.0	0.0	93.0	0.0	61.0	140.0	0.0	187.0	0.0	81.0	7.0	0.0	0.0	5.0	0.0	149.0	0.0	251.0	216.0	0.0	0.0	70.0	0.0	0.0	69.0	0.0	0.0	0.0	144.0	112.0	0.0	0.0	0.0	0.0	15.0	160.0	0.0	0.0	0.0	141.0	28.0	0.0	0.0	0.0	0.0	18.0	0.0	0.0	0.0	0.0	0.0	0.0	0.0	0.0	38.0	0.0	0.0	0.0	0.0	0.0	0.0	0.0	0.0	0.0	29.0	0.0	0.0	15.0	0.0	0.0	0.0	0.0	0.0	0.0	0.0	0.0	49.0	0.0	17.0	0.0	0.0	0.0	0.0	0.0	0.0	26.0	0.0	0.0	0.0	0.0	0.0	0.0	0.0	0.0	0.0	0.0	0.0	0.0	0.0	0.0	23.0	0.0	0.0	0.0	0.0	0.0	0.0	0.0	0.0	0.0	0.0	0.0	0.0	0.0	0.0	0.0	0.0	0.0	0.0	0.0	0.0	0.0	0.0	0.0	0.0	0.0	26.0	0.0	0.0	0.0	0.0	0.0	0.0	0.0	0.0	0.0	0.0	0.0	0.0	0.0	0.0	0.0	0.0	0.0	0.0	0.0	0.0	25.0	0.0	0.0	0.0	0.0	0.0	0.0	0.0	0.0	0.0	0.0	0.0	0.0	0.0	0.0	0.0	0.0	0.0	0.0	0.0	0.0	0.0	0.0	0.0	0.0	0.0	8.0	0.0	0.0	0.0	0.0	0.0	0.0	0.0	0.0	0.0	0.0	0.0	0.0	0.0	0.0	0.0	0.0	0.0	0.0	0.0	0.0	0.0	0.0	0.0	0.0	0.0	0.0	0.0	0.0	0.0	0.0	0.0	0.0	0.0	0.0	0.0	0.0	6.0	0.0	0.0	0.0	0.0	0.0	0.0	0.0	0.0	0.0	0.0	0.0	0.0	0.0	0.0	0.0	0.0	0.0	0.0	0.0	0.0	0.0	0.0	0.0	0.0	0.0	0.0	0.0	0.0	0.0	0.0	0.0	0.0	0.0	0.0	0.0	0.0	0.0	0.0
SRR11143666	431.0	223.0	42.0	562.0	95.0	673.0	186.0	399.0	240.0	0.0	768.0	69.0	585.0	127.0	354.0	90.0	51.0	80.0	119.0	0.0	348.0	147.0	0.0	138.0	77.0	0.0	143.0	264.0	143.0	0.0	276.0	98.0	50.0	24.0	63.0	0.0	128.0	0.0	94.0	407.0	201.0	165.0	0.0	44.0	142.0	0.0	151.0	462.0	0.0	87.0	0.0	0.0	99.0	139.0	403.0	0.0	106.0	274.0	0.0	0.0	0.0	0.0	0.0	87.0	63.0	132.0	273.0	27.0	812.0	0.0	300.0	0.0	0.0	141.0	0.0	0.0	585.0	0.0	54.0	114.0	0.0	0.0	51.0	32.0	158.0	0.0	0.0	0.0	0.0	57.0	0.0	0.0	9.0	0.0	69.0	0.0	66.0	0.0	0.0	0.0	279.0	0.0	0.0	0.0	0.0	88.0	27.0	0.0	0.0	105.0	0.0	0.0	46.0	0.0	0.0	210.0	0.0	0.0	0.0	0.0	0.0	0.0	0.0	0.0	181.0	0.0	21.0	0.0	0.0	0.0	0.0	62.0	0.0	0.0	0.0	123.0	54.0	154.0	0.0	0.0	0.0	0.0	21.0	0.0	0.0	0.0	0.0	17.0	0.0	0.0	0.0	0.0	0.0	26.0	0.0	0.0	134.0	0.0	104.0	0.0	0.0	0.0	0.0	0.0	0.0	12.0	0.0	0.0	0.0	28.0	0.0	13.0	0.0	13.0	0.0	0.0	0.0	0.0	0.0	0.0	0.0	0.0	0.0	0.0	0.0	0.0	0.0	0.0	0.0	35.0	152.0	0.0	0.0	0.0	0.0	0.0	0.0	0.0	47.0	5.0	0.0	0.0	0.0	0.0	0.0	0.0	0.0	33.0	0.0	0.0	0.0	0.0	0.0	0.0	0.0	0.0	0.0	0.0	100.0	0.0	0.0	0.0	0.0	0.0	0.0	0.0	0.0	0.0	0.0	0.0	0.0	0.0	0.0	0.0	0.0	0.0	0.0	0.0	0.0	0.0	0.0	0.0	0.0	0.0	0.0	0.0	0.0	0.0	0.0	0.0	0.0	0.0	0.0	0.0	0.0	0.0	0.0	0.0	0.0	0.0	133.0	0.0	0.0	0.0	0.0	0.0	0.0	0.0	0.0	0.0	0.0	0.0	0.0	0.0	0.0	0.0	0.0	0.0	0.0	0.0	0.0	0.0	0.0	0.0	0.0	0.0	0.0	0.0	0.0	0.0	0.0	0.0	0.0	0.0	0.0	0.0	0.0	0.0	0.0	0.0	0.0	0.0	0.0	0.0	0.0	0.0	0.0	0.0	0.0	0.0
SRR11143668	161.0	36.0	87.0	820.0	124.0	525.0	130.0	62.0	432.0	0.0	699.0	76.0	710.0	0.0	284.0	20.0	0.0	263.0	206.0	100.0	338.0	104.0	0.0	229.0	181.0	0.0	62.0	180.0	242.0	0.0	81.0	173.0	0.0	0.0	20.0	0.0	0.0	0.0	271.0	329.0	108.0	197.0	186.0	190.0	0.0	49.0	55.0	120.0	137.0	194.0	0.0	0.0	89.0	171.0	188.0	0.0	221.0	428.0	0.0	0.0	0.0	16.0	0.0	116.0	122.0	212.0	377.0	158.0	396.0	0.0	194.0	0.0	0.0	0.0	0.0	24.0	210.0	0.0	0.0	84.0	144.0	0.0	0.0	24.0	25.0	0.0	0.0	0.0	0.0	0.0	0.0	0.0	0.0	0.0	73.0	0.0	87.0	0.0	0.0	0.0	44.0	6.0	0.0	3.0	0.0	0.0	0.0	0.0	0.0	0.0	0.0	0.0	17.0	0.0	0.0	215.0	0.0	0.0	0.0	0.0	0.0	0.0	0.0	0.0	164.0	94.0	0.0	0.0	41.0	13.0	0.0	8.0	0.0	0.0	0.0	87.0	0.0	0.0	0.0	0.0	0.0	0.0	24.0	0.0	0.0	99.0	0.0	0.0	0.0	23.0	0.0	150.0	0.0	0.0	0.0	0.0	53.0	0.0	0.0	0.0	14.0	0.0	0.0	0.0	0.0	0.0	0.0	0.0	0.0	0.0	0.0	0.0	0.0	13.0	0.0	0.0	0.0	0.0	52.0	0.0	0.0	0.0	0.0	0.0	12.0	0.0	44.0	0.0	0.0	32.0	0.0	0.0	0.0	19.0	0.0	0.0	0.0	0.0	126.0	0.0	0.0	0.0	0.0	0.0	0.0	0.0	0.0	8.0	0.0	0.0	0.0	0.0	0.0	0.0	0.0	0.0	0.0	0.0	0.0	0.0	0.0	0.0	0.0	0.0	0.0	0.0	0.0	0.0	0.0	0.0	0.0	0.0	0.0	0.0	0.0	0.0	0.0	0.0	0.0	0.0	0.0	0.0	0.0	0.0	0.0	0.0	0.0	0.0	0.0	0.0	0.0	0.0	0.0	0.0	0.0	24.0	0.0	0.0	0.0	0.0	0.0	0.0	0.0	0.0	0.0	0.0	0.0	0.0	0.0	0.0	0.0	0.0	0.0	0.0	0.0	0.0	0.0	26.0	0.0	0.0	0.0	0.0	0.0	0.0	0.0	0.0	0.0	0.0	0.0	0.0	0.0	0.0	0.0	0.0	0.0	0.0	0.0	0.0	0.0	0.0	0.0	0.0	0.0	0.0	0.0	0.0	0.0	0.0	0.0	0.0
SRR11143669	52.0	221.0	35.0	552.0	0.0	475.0	245.0	79.0	377.0	0.0	767.0	75.0	238.0	285.0	164.0	0.0	24.0	200.0	73.0	0.0	540.0	218.0	0.0	114.0	152.0	0.0	0.0	180.0	721.0	0.0	134.0	172.0	0.0	23.0	0.0	0.0	0.0	0.0	241.0	87.0	0.0	133.0	0.0	105.0	52.0	0.0	216.0	372.0	163.0	126.0	0.0	0.0	30.0	261.0	118.0	0.0	97.0	643.0	0.0	28.0	0.0	0.0	0.0	342.0	42.0	110.0	148.0	196.0	253.0	0.0	122.0	0.0	0.0	0.0	0.0	0.0	80.0	0.0	207.0	344.0	47.0	0.0	80.0	0.0	24.0	50.0	0.0	0.0	0.0	0.0	0.0	0.0	0.0	0.0	0.0	0.0	168.0	0.0	0.0	0.0	103.0	0.0	0.0	0.0	0.0	0.0	104.0	0.0	0.0	252.0	0.0	0.0	0.0	0.0	0.0	178.0	0.0	0.0	0.0	0.0	29.0	0.0	0.0	0.0	117.0	208.0	0.0	0.0	0.0	0.0	0.0	0.0	0.0	0.0	0.0	0.0	64.0	38.0	0.0	0.0	0.0	0.0	0.0	0.0	0.0	0.0	0.0	0.0	0.0	0.0	0.0	107.0	0.0	0.0	0.0	25.0	0.0	0.0	0.0	0.0	0.0	0.0	0.0	0.0	0.0	0.0	0.0	0.0	0.0	0.0	0.0	9.0	0.0	14.0	0.0	0.0	0.0	32.0	73.0	75.0	0.0	0.0	0.0	0.0	0.0	0.0	0.0	0.0	0.0	43.0	142.0	0.0	0.0	14.0	0.0	0.0	0.0	0.0	59.0	0.0	0.0	0.0	0.0	0.0	8.0	0.0	0.0	0.0	62.0	0.0	0.0	0.0	0.0	0.0	0.0	0.0	0.0	0.0	0.0	0.0	0.0	37.0	0.0	21.0	0.0	0.0	0.0	0.0	0.0	0.0	63.0	0.0	0.0	0.0	0.0	0.0	0.0	0.0	0.0	0.0	0.0	0.0	0.0	0.0	0.0	0.0	0.0	0.0	0.0	0.0	0.0	0.0	0.0	0.0	0.0	0.0	0.0	0.0	0.0	0.0	35.0	0.0	0.0	0.0	0.0	0.0	0.0	0.0	0.0	0.0	0.0	0.0	0.0	0.0	0.0	0.0	0.0	0.0	0.0	0.0	0.0	0.0	0.0	0.0	0.0	0.0	0.0	0.0	0.0	0.0	0.0	0.0	0.0	0.0	0.0	0.0	0.0	0.0	0.0	0.0	0.0	0.0	0.0	0.0	0.0	0.0	0.0	0.0	0.0	0.0
SRR11143671	124.0	1266.0	0.0	338.0	239.0	664.0	373.0	59.0	615.0	0.0	1387.0	94.0	241.0	339.0	317.0	228.0	86.0	359.0	136.0	0.0	361.0	424.0	79.0	204.0	236.0	23.0	43.0	279.0	647.0	0.0	262.0	335.0	41.0	126.0	171.0	0.0	249.0	0.0	70.0	201.0	453.0	241.0	22.0	16.0	0.0	0.0	566.0	513.0	595.0	291.0	0.0	0.0	158.0	432.0	437.0	20.0	149.0	1386.0	205.0	42.0	0.0	0.0	0.0	113.0	153.0	100.0	318.0	181.0	244.0	0.0	424.0	49.0	0.0	0.0	0.0	0.0	170.0	0.0	347.0	297.0	0.0	0.0	270.0	69.0	148.0	97.0	0.0	0.0	29.0	0.0	369.0	0.0	0.0	0.0	17.0	0.0	285.0	0.0	0.0	0.0	100.0	16.0	0.0	24.0	0.0	0.0	482.0	0.0	0.0	31.0	0.0	0.0	47.0	0.0	0.0	228.0	0.0	0.0	0.0	0.0	69.0	0.0	0.0	0.0	266.0	177.0	0.0	0.0	0.0	0.0	0.0	7.0	0.0	0.0	61.0	0.0	205.0	211.0	0.0	0.0	0.0	0.0	16.0	0.0	0.0	0.0	0.0	0.0	0.0	0.0	0.0	58.0	0.0	21.0	0.0	0.0	39.0	0.0	0.0	0.0	0.0	33.0	0.0	61.0	0.0	0.0	0.0	0.0	0.0	71.0	0.0	99.0	97.0	23.0	0.0	0.0	0.0	0.0	0.0	50.0	0.0	69.0	0.0	0.0	0.0	58.0	0.0	45.0	0.0	96.0	113.0	0.0	0.0	45.0	0.0	0.0	75.0	0.0	72.0	20.0	0.0	0.0	0.0	0.0	0.0	0.0	0.0	0.0	0.0	0.0	0.0	0.0	0.0	0.0	0.0	0.0	0.0	0.0	0.0	0.0	0.0	29.0	0.0	33.0	0.0	0.0	0.0	0.0	0.0	0.0	53.0	0.0	0.0	0.0	0.0	0.0	0.0	0.0	0.0	0.0	0.0	0.0	0.0	0.0	0.0	0.0	0.0	0.0	0.0	0.0	0.0	0.0	0.0	0.0	0.0	0.0	0.0	0.0	0.0	0.0	18.0	0.0	0.0	0.0	0.0	0.0	0.0	0.0	0.0	0.0	0.0	0.0	0.0	0.0	0.0	0.0	0.0	0.0	0.0	0.0	0.0	0.0	0.0	21.0	0.0	0.0	0.0	0.0	0.0	0.0	0.0	0.0	0.0	0.0	0.0	0.0	0.0	0.0	0.0	0.0	0.0	0.0	0.0	0.0	0.0	0.0	0.0	0.0	0.0	0.0
SRR11143677	115.0	385.0	63.0	188.0	142.0	986.0	462.0	87.0	901.0	0.0	853.0	51.0	280.0	157.0	486.0	56.0	0.0	103.0	161.0	0.0	408.0	195.0	0.0	119.0	91.0	0.0	72.0	0.0	106.0	0.0	212.0	255.0	70.0	10.0	187.0	0.0	139.0	0.0	51.0	141.0	108.0	247.0	0.0	38.0	0.0	0.0	433.0	993.0	332.0	271.0	0.0	0.0	109.0	198.0	163.0	0.0	326.0	1431.0	91.0	22.0	0.0	5.0	0.0	169.0	159.0	102.0	211.0	57.0	787.0	0.0	406.0	42.0	0.0	120.0	0.0	115.0	242.0	0.0	493.0	745.0	42.0	0.0	196.0	58.0	260.0	96.0	0.0	0.0	13.0	314.0	214.0	0.0	0.0	0.0	13.0	0.0	264.0	0.0	0.0	0.0	191.0	18.0	18.0	85.0	0.0	0.0	523.0	21.0	0.0	21.0	0.0	67.0	0.0	0.0	0.0	206.0	0.0	0.0	0.0	0.0	34.0	0.0	8.0	0.0	209.0	193.0	0.0	0.0	13.0	0.0	0.0	0.0	0.0	0.0	100.0	0.0	261.0	207.0	0.0	0.0	0.0	0.0	0.0	0.0	0.0	0.0	0.0	0.0	0.0	0.0	0.0	186.0	0.0	0.0	0.0	11.0	0.0	0.0	0.0	0.0	0.0	17.0	0.0	0.0	0.0	0.0	0.0	0.0	0.0	48.0	0.0	0.0	101.0	0.0	0.0	0.0	0.0	109.0	0.0	71.0	0.0	0.0	0.0	0.0	148.0	142.0	0.0	29.0	0.0	44.0	88.0	0.0	0.0	0.0	0.0	0.0	127.0	0.0	0.0	0.0	0.0	0.0	0.0	0.0	0.0	0.0	0.0	0.0	87.0	0.0	0.0	0.0	0.0	0.0	0.0	0.0	0.0	0.0	0.0	0.0	0.0	29.0	0.0	44.0	0.0	0.0	0.0	0.0	0.0	0.0	23.0	48.0	0.0	0.0	0.0	0.0	0.0	0.0	0.0	0.0	0.0	0.0	0.0	0.0	0.0	0.0	73.0	0.0	0.0	0.0	0.0	0.0	0.0	0.0	0.0	0.0	0.0	0.0	0.0	0.0	145.0	0.0	0.0	0.0	0.0	0.0	0.0	0.0	0.0	0.0	0.0	0.0	0.0	0.0	17.0	0.0	0.0	0.0	0.0	7.0	0.0	0.0	0.0	0.0	0.0	0.0	0.0	0.0	0.0	0.0	0.0	0.0	0.0	0.0	0.0	0.0	0.0	0.0	0.0	0.0	0.0	0.0	0.0	0.0	0.0	0.0	0.0	0.0	0.0	0.0
SRR11143678	442.0	940.0	105.0	391.0	280.0	1246.0	834.0	80.0	680.0	0.0	1732.0	337.0	564.0	132.0	517.0	47.0	67.0	126.0	90.0	0.0	801.0	216.0	114.0	239.0	212.0	30.0	338.0	72.0	241.0	0.0	159.0	77.0	75.0	54.0	72.0	0.0	0.0	0.0	38.0	263.0	249.0	256.0	40.0	178.0	84.0	151.0	260.0	374.0	201.0	174.0	0.0	0.0	64.0	306.0	384.0	0.0	196.0	431.0	0.0	0.0	63.0	0.0	0.0	262.0	31.0	138.0	309.0	52.0	436.0	0.0	146.0	0.0	0.0	0.0	38.0	0.0	284.0	0.0	233.0	68.0	0.0	0.0	94.0	0.0	0.0	48.0	0.0	0.0	0.0	105.0	132.0	0.0	123.0	0.0	0.0	129.0	165.0	8.0	0.0	0.0	0.0	10.0	10.0	39.0	0.0	0.0	89.0	49.0	0.0	0.0	8.0	0.0	64.0	0.0	0.0	89.0	0.0	0.0	0.0	87.0	37.0	0.0	0.0	0.0	121.0	0.0	0.0	0.0	187.0	0.0	0.0	0.0	0.0	0.0	0.0	0.0	0.0	64.0	0.0	0.0	0.0	0.0	34.0	0.0	0.0	0.0	108.0	0.0	0.0	0.0	0.0	123.0	0.0	0.0	0.0	0.0	31.0	0.0	0.0	26.0	0.0	80.0	0.0	0.0	0.0	0.0	0.0	0.0	0.0	17.0	0.0	31.0	0.0	0.0	0.0	120.0	0.0	0.0	0.0	0.0	0.0	0.0	0.0	0.0	0.0	0.0	0.0	41.0	0.0	0.0	0.0	0.0	0.0	16.0	0.0	0.0	0.0	0.0	0.0	17.0	0.0	0.0	0.0	0.0	0.0	0.0	0.0	0.0	0.0	0.0	0.0	0.0	0.0	0.0	0.0	0.0	0.0	0.0	0.0	0.0	0.0	0.0	0.0	0.0	0.0	0.0	0.0	0.0	0.0	0.0	65.0	0.0	0.0	0.0	0.0	0.0	0.0	0.0	0.0	0.0	0.0	0.0	0.0	0.0	0.0	0.0	0.0	0.0	0.0	0.0	0.0	0.0	0.0	0.0	0.0	0.0	0.0	0.0	0.0	0.0	0.0	0.0	0.0	0.0	0.0	0.0	0.0	0.0	0.0	0.0	0.0	0.0	0.0	0.0	0.0	0.0	0.0	0.0	0.0	0.0	0.0	0.0	0.0	0.0	0.0	0.0	0.0	0.0	0.0	0.0	0.0	0.0	0.0	0.0	0.0	0.0	0.0	0.0	0.0	0.0	0.0	0.0	0.0	0.0	0.0	0.0	0.0	0.0	0.0	0.0
SRR11143679	613.0	157.0	114.0	172.0	305.0	824.0	75.0	130.0	568.0	0.0	428.0	330.0	1024.0	15.0	191.0	71.0	0.0	0.0	78.0	90.0	35.0	33.0	0.0	48.0	168.0	18.0	75.0	0.0	0.0	0.0	123.0	0.0	0.0	80.0	78.0	0.0	0.0	0.0	166.0	291.0	171.0	99.0	96.0	289.0	91.0	172.0	47.0	372.0	71.0	41.0	0.0	0.0	10.0	105.0	348.0	0.0	479.0	0.0	0.0	0.0	57.0	78.0	0.0	52.0	0.0	310.0	61.0	0.0	141.0	0.0	0.0	0.0	0.0	66.0	0.0	48.0	485.0	0.0	70.0	0.0	0.0	0.0	0.0	20.0	39.0	0.0	0.0	11.0	0.0	62.0	53.0	0.0	50.0	0.0	0.0	0.0	37.0	0.0	0.0	0.0	0.0	29.0	34.0	0.0	5.0	66.0	0.0	17.0	0.0	12.0	0.0	0.0	0.0	0.0	0.0	0.0	0.0	0.0	0.0	0.0	29.0	0.0	0.0	0.0	128.0	0.0	0.0	0.0	36.0	0.0	0.0	0.0	0.0	0.0	8.0	0.0	0.0	66.0	0.0	0.0	0.0	0.0	0.0	0.0	0.0	0.0	46.0	0.0	0.0	96.0	0.0	433.0	0.0	0.0	0.0	0.0	0.0	0.0	0.0	0.0	0.0	0.0	15.0	16.0	0.0	0.0	0.0	0.0	0.0	12.0	0.0	0.0	0.0	0.0	0.0	142.0	0.0	32.0	0.0	0.0	0.0	0.0	0.0	0.0	0.0	0.0	0.0	0.0	0.0	9.0	0.0	0.0	0.0	0.0	0.0	0.0	0.0	0.0	0.0	0.0	0.0	0.0	0.0	13.0	0.0	0.0	0.0	0.0	0.0	0.0	0.0	0.0	0.0	0.0	0.0	0.0	0.0	0.0	0.0	0.0	0.0	0.0	0.0	0.0	0.0	0.0	0.0	0.0	0.0	0.0	0.0	0.0	0.0	0.0	0.0	0.0	0.0	0.0	0.0	0.0	0.0	0.0	0.0	0.0	0.0	0.0	0.0	0.0	0.0	0.0	0.0	0.0	0.0	0.0	0.0	0.0	0.0	0.0	0.0	0.0	0.0	0.0	0.0	0.0	0.0	0.0	0.0	0.0	0.0	0.0	0.0	0.0	0.0	0.0	0.0	0.0	0.0	0.0	0.0	0.0	0.0	0.0	0.0	0.0	0.0	0.0	0.0	0.0	0.0	0.0	0.0	0.0	0.0	0.0	0.0	0.0	0.0	0.0	0.0	0.0	0.0	0.0	0.0	0.0	0.0	0.0	0.0	0.0	0.0	0.0
SRR11143680	313.0	197.0	198.0	313.0	0.0	516.0	314.0	217.0	471.0	0.0	642.0	204.0	802.0	141.0	156.0	0.0	42.0	123.0	60.0	57.0	72.0	109.0	87.0	112.0	130.0	28.0	216.0	167.0	151.0	0.0	130.0	0.0	23.0	26.0	83.0	0.0	0.0	0.0	206.0	292.0	74.0	46.0	0.0	617.0	42.0	34.0	90.0	348.0	0.0	96.0	0.0	0.0	34.0	64.0	295.0	0.0	297.0	415.0	0.0	0.0	0.0	2.0	0.0	64.0	4.0	80.0	114.0	0.0	498.0	0.0	0.0	0.0	0.0	0.0	31.0	57.0	295.0	0.0	120.0	170.0	0.0	0.0	0.0	29.0	22.0	0.0	0.0	9.0	0.0	61.0	0.0	0.0	123.0	0.0	0.0	26.0	0.0	0.0	0.0	0.0	0.0	40.0	0.0	0.0	0.0	66.0	43.0	0.0	0.0	0.0	0.0	0.0	0.0	0.0	0.0	0.0	0.0	0.0	0.0	12.0	48.0	0.0	0.0	0.0	95.0	29.0	0.0	0.0	129.0	0.0	0.0	0.0	0.0	0.0	0.0	0.0	0.0	0.0	0.0	0.0	0.0	0.0	22.0	0.0	0.0	0.0	0.0	24.0	93.0	36.0	0.0	303.0	0.0	0.0	0.0	0.0	0.0	0.0	0.0	0.0	0.0	13.0	0.0	0.0	0.0	0.0	0.0	0.0	0.0	21.0	0.0	0.0	0.0	0.0	0.0	220.0	0.0	0.0	0.0	0.0	0.0	0.0	0.0	0.0	0.0	0.0	0.0	14.0	0.0	0.0	25.0	0.0	0.0	0.0	0.0	0.0	0.0	0.0	0.0	0.0	0.0	0.0	0.0	0.0	0.0	0.0	0.0	0.0	15.0	0.0	0.0	0.0	0.0	0.0	0.0	0.0	0.0	0.0	0.0	0.0	0.0	0.0	0.0	0.0	0.0	0.0	0.0	0.0	0.0	0.0	0.0	0.0	0.0	0.0	0.0	0.0	0.0	0.0	0.0	0.0	0.0	0.0	0.0	0.0	0.0	0.0	0.0	0.0	0.0	0.0	0.0	0.0	0.0	0.0	0.0	0.0	0.0	0.0	0.0	0.0	0.0	0.0	0.0	0.0	0.0	0.0	0.0	0.0	0.0	0.0	0.0	0.0	0.0	0.0	0.0	0.0	0.0	0.0	0.0	0.0	0.0	0.0	0.0	0.0	0.0	0.0	0.0	0.0	0.0	0.0	0.0	0.0	0.0	0.0	0.0	0.0	0.0	0.0	0.0	0.0	0.0	0.0	0.0	0.0	0.0	0.0	0.0	0.0	0.0	0.0
