#SampleID	d__Bacteria;p__Proteobacteria;c__Gammaproteobacteria	d__Bacteria;p__Actinobacteriota;c__Actinobacteria	d__Bacteria;p__Chloroflexi;c__Chloroflexia	d__Bacteria;p__Bacteroidota;c__Bacteroidia	d__Bacteria;p__Gemmatimonadota;c__Gemmatimonadetes	d__Bacteria;p__Actinobacteriota;c__Thermoleophilia	d__Bacteria;p__Actinobacteriota;c__Acidimicrobiia	d__Bacteria;p__Acidobacteriota;c__Blastocatellia	d__Bacteria;p__Verrucomicrobiota;c__Omnitrophia	d__Bacteria;p__Acidobacteriota;c__Holophagae	d__Bacteria;p__Planctomycetota;c__Planctomycetes	d__Bacteria;p__Planctomycetota;c__Pla4_lineage	d__Bacteria;p__Proteobacteria;c__Alphaproteobacteria	d__Bacteria;p__Planctomycetota;c__Phycisphaerae	d__Bacteria;p__Patescibacteria;c__Microgenomatia	d__Bacteria;p__Myxococcota;c__Polyangia	d__Bacteria;p__Chloroflexi;c__Anaerolineae	d__Bacteria;p__Acidobacteriota;c__Vicinamibacteria	d__Bacteria;p__Acidobacteriota;c__Acidobacteriae	d__Bacteria;p__Chloroflexi;c__Dehalococcoidia	d__Bacteria;p__Armatimonadota;c__uncultured	d__Bacteria;p__Verrucomicrobiota;c__Verrucomicrobiae	d__Bacteria;p__Bdellovibrionota;c__Oligoflexia	d__Bacteria;p__Chloroflexi;c__Ktedonobacteria	d__Bacteria;p__MBNT15;c__MBNT15	d__Bacteria;p__Patescibacteria;c__Parcubacteria	d__Bacteria;p__Cyanobacteria;c__Sericytochromatia	d__Bacteria;p__Verrucomicrobiota;c__Chlamydiae	d__Bacteria;p__Elusimicrobiota;c__Elusimicrobia	d__Bacteria;p__Bacteroidota;c__Kryptonia	d__Bacteria;p__Myxococcota;c__Myxococcia	d__Bacteria;p__Latescibacterota;c__Latescibacterota	d__Bacteria;p__Planctomycetota;c__OM190	d__Bacteria;p__Elusimicrobiota;c__Lineage_IIc	d__Bacteria;p__Bdellovibrionota;c__Bdellovibrionia	d__Bacteria;p__Firmicutes;c__Clostridia	d__Bacteria;p__Acidobacteriota;c__Subgroup_22	d__Bacteria;p__Planctomycetota;c__BD7-11	d__Bacteria;p__Patescibacteria;c__ABY1	d__Bacteria;p__Chloroflexi;c__JG30-KF-CM66	d__Bacteria;p__Elusimicrobiota;c__Lineage_IIa	d__Bacteria;p__Nitrospirota;c__Nitrospiria	d__Bacteria;p__Dependentiae;c__Babeliae	d__Bacteria;p__Sumerlaeota;c__Sumerlaeia	d__Bacteria;p__Bacteroidota;c__Kapabacteria	d__Bacteria;p__Acidobacteriota;c__Subgroup_11	d__Bacteria;p__Acidobacteriota;c__Subgroup_5	d__Bacteria;p__Chloroflexi;c__KD4-96	d__Bacteria;p__Cyanobacteria;c__Cyanobacteriia	d__Bacteria;p__SAR324_clade(Marine_group_B);c__SAR324_clade(Marine_group_B)	d__Bacteria;p__Cyanobacteria;c__Vampirivibrionia	d__Bacteria;p__Spirochaetota;c__Spirochaetia	d__Bacteria;p__Patescibacteria;c__Gracilibacteria	d__Bacteria;p__Spirochaetota;c__Leptospirae	d__Bacteria;p__FCPU426;c__FCPU426	d__Bacteria;p__Patescibacteria;c__Saccharimonadia	d__Bacteria;p__Planctomycetota;c__vadinHA49	d__Bacteria;p__Firmicutes;c__Bacilli	d__Bacteria;p__Patescibacteria;c__Kazania	d__Bacteria;p__Chloroflexi;c__TK10	d__Bacteria;p__Elusimicrobiota;c__Lineage_IIb	d__Bacteria;p__Armatimonadota;c__Chthonomonadetes	d__Bacteria;p__Abditibacteriota;c__Abditibacteria	d__Bacteria;p__Patescibacteria;c__Berkelbacteria	d__Bacteria;p__Acidobacteriota;c__Thermoanaerobaculia	d__Bacteria;p__Gemmatimonadota;c__Longimicrobia	d__Bacteria;p__Methylomirabilota;c__Methylomirabilia	d__Bacteria;p__Verrucomicrobiota;c__Kiritimatiellae	d__Bacteria;p__Gemmatimonadota;c__BD2-11_terrestrial_group	d__Bacteria;p__Armatimonadota;c__Fimbriimonadia	d__Bacteria;p__Fibrobacterota;c__Fibrobacteria	d__Bacteria;p__Armatimonadota;c__Armatimonadia	d__Bacteria;p__Desulfobacterota;c__Desulfuromonadia	d__Bacteria;p__Chloroflexi;c__OLB14	d__Bacteria;p__Chloroflexi;c__P2-11E	d__Bacteria;p__Firmicutes;c__Limnochordia	d__Bacteria;p__Actinobacteriota;c__MB-A2-108	d__Bacteria;p__Acidobacteriota;c__Subgroup_25	d__Bacteria;p__Myxococcota;c__bacteriap25	d__Bacteria;p__Actinobacteriota;c__Coriobacteriia	d__Bacteria;p__Chloroflexi;c__AD3	d__Bacteria;p__Actinobacteriota;c__Rubrobacteria	d__Bacteria;p__Deinococcota;c__Deinococci	d__Bacteria;p__Firmicutes;c__Negativicutes	d__Bacteria;p__WS2;c__WS2	d__Bacteria;p__Hydrogenedentes;c__Hydrogenedentia	d__Bacteria;p__Bacteroidota;c__Ignavibacteria	d__Bacteria;p__Entotheonellaeota;c__Entotheonellia	d__Bacteria;p__Acidobacteriota;c__AT-s3-28	d__Bacteria;p__RCP2-54;c__RCP2-54	d__Bacteria;p__WPS-2;c__WPS-2	d__Bacteria;p__NB1-j;c__NB1-j	d__Bacteria;p__Gemmatimonadota;c__S0134_terrestrial_group	d__Bacteria;p__Firmicutes;c__Desulfitobacteriia	d__Bacteria;p__Elusimicrobiota;c__Endomicrobia	d__Bacteria;p__Nitrospirota;c__Thermodesulfovibrionia	d__Bacteria;p__Desulfobacterota;c__uncultured	d__Bacteria;p__Chloroflexi;c__SHA-26	d__Bacteria;p__Latescibacterota;c__Latescibacteria	d__Bacteria;p__Chloroflexi;c__Gitt-GS-136	d__Bacteria;p__Planctomycetota;c__Pla3_lineage	d__Bacteria;p__Desulfobacterota;c__Syntrophobacteria	d__Bacteria;p__Firmicutes;c__Symbiobacteriia	d__Bacteria;p__Fusobacteriota;c__Fusobacteriia	d__Bacteria;p__Acidobacteriota;c__Subgroup_18	d__Bacteria;p__Desulfobacterota;c__Desulfovibrionia	d__Bacteria;p__WS4;c__WS4	d__Bacteria;p__Deferrisomatota;c__Defferrisomatia	d__Bacteria;p__Patescibacteria;c__Dojkabacteria	d__Bacteria;p__Desulfobacterota;c__Syntrophia	d__Bacteria;p__Margulisbacteria;c__Margulisbacteria	d__Bacteria;p__Patescibacteria;c__WWE3	d__Bacteria;p__Spirochaetota;c__Spirochaetota	d__Bacteria;p__Firmicutes;c__Syntrophomonadia	d__Bacteria;p__Firmicutes;c__D8A-2	d__Bacteria;p__Campylobacterota;c__Campylobacteria	d__Bacteria;p__Desulfobacterota;c__Desulfobaccia	d__Bacteria;p__Deferribacterota;c__Deferribacteres	d__Bacteria;p__Planctomycetota;c__028H05-P-BN-P5	d__Bacteria;p__Zixibacteria;c__Zixibacteria	d__Bacteria;p__Desulfobacterota;c__Desulfobulbia	d__Bacteria;p__Patescibacteria;c__uncultured	d__Bacteria;p__GAL15;c__GAL15	d__Bacteria;p__Sva0485;c__Sva0485	d__Bacteria;p__Bacteroidota;c__Rhodothermia	d__Bacteria;p__Firmicutes;c__BRH-c20a	d__Bacteria;p__Firmicutes;c__Desulfotomaculia	d__Bacteria;p__Spirochaetota;c__Brevinematia	d__Bacteria;p__Verrucomicrobiota;c__Lentisphaeria	d__Bacteria;p__Nitrospirota;c__4-29-1	d__Bacteria;p__TX1A-33;c__TX1A-33	d__Bacteria;p__Dadabacteria;c__Dadabacteriia	d__Bacteria;p__Acidobacteriota;c__Subgroup_20	d__Bacteria;p__WS1;c__WS1	d__Bacteria;p__Cloacimonadota;c__Cloacimonadia	d__Bacteria;p__Spirochaetota;c__MVP-15	d__Bacteria;p__Firmicutes;c__Firmicutes	d__Bacteria;p__Firmicutes;c__Incertae_Sedis	d__Bacteria;p__PAUC34f;c__PAUC34f	d__Bacteria;p__Desulfobacterota;c__Desulfobacteria	d__Bacteria;p__TA06;c__TA06
SRR20680469	27605.0	21231.0	1058.0	12553.0	13518.0	12044.0	2406.0	2427.0	204.0	459.0	9105.0	734.0	39663.0	1773.0	41.0	16205.0	1772.0	8533.0	13857.0	436.0	337.0	10970.0	1130.0	1022.0	137.0	572.0	730.0	183.0	268.0	190.0	8888.0	1096.0	293.0	25.0	819.0	65.0	658.0	245.0	37.0	144.0	79.0	1211.0	58.0	277.0	764.0	42.0	1246.0	2378.0	2842.0	20.0	419.0	535.0	24.0	131.0	766.0	5.0	2758.0	2252.0	0.0	1861.0	69.0	357.0	120.0	9.0	1530.0	133.0	485.0	67.0	163.0	458.0	1057.0	177.0	392.0	130.0	48.0	0.0	312.0	71.0	763.0	0.0	63.0	0.0	13.0	2.0	16.0	115.0	245.0	55.0	33.0	131.0	14.0	46.0	115.0	0.0	0.0	0.0	220.0	0.0	93.0	383.0	5.0	0.0	0.0	0.0	0.0	0.0	0.0	0.0	0.0	0.0	2.0	5.0	0.0	0.0	0.0	0.0	0.0	0.0	0.0	0.0	0.0	0.0	0.0	0.0	0.0	0.0	0.0	0.0	0.0	0.0	0.0	0.0	0.0	0.0	0.0	0.0	0.0	0.0	0.0	0.0	0.0
SRR20680470	21811.0	11992.0	730.0	5448.0	3508.0	5347.0	1258.0	882.0	73.0	211.0	3823.0	256.0	50675.0	1012.0	6.0	6126.0	780.0	3052.0	6503.0	162.0	77.0	6965.0	385.0	795.0	63.0	141.0	204.0	26.0	207.0	44.0	2261.0	233.0	87.0	16.0	463.0	56.0	134.0	172.0	10.0	53.0	38.0	476.0	15.0	54.0	303.0	19.0	251.0	980.0	3670.0	7.0	217.0	139.0	2.0	21.0	185.0	2.0	677.0	836.0	0.0	974.0	0.0	186.0	34.0	3.0	138.0	33.0	130.0	15.0	35.0	183.0	203.0	84.0	69.0	89.0	13.0	0.0	108.0	27.0	264.0	0.0	16.0	0.0	29.0	0.0	0.0	32.0	82.0	30.0	0.0	108.0	3.0	0.0	31.0	0.0	0.0	0.0	69.0	0.0	19.0	158.0	3.0	0.0	0.0	0.0	0.0	0.0	0.0	0.0	0.0	0.0	0.0	3.0	0.0	0.0	0.0	0.0	0.0	0.0	0.0	0.0	0.0	0.0	0.0	0.0	0.0	0.0	0.0	0.0	0.0	0.0	0.0	0.0	0.0	0.0	0.0	0.0	0.0	0.0	0.0	0.0	0.0
SRR20680471	12829.0	11411.0	218.0	4936.0	5375.0	7513.0	1887.0	3480.0	59.0	1169.0	12178.0	1452.0	27104.0	2120.0	31.0	20784.0	2203.0	8688.0	10776.0	149.0	418.0	10206.0	187.0	1042.0	227.0	268.0	134.0	173.0	232.0	36.0	4059.0	3258.0	862.0	7.0	177.0	11.0	895.0	279.0	62.0	10.0	40.0	453.0	88.0	45.0	268.0	36.0	1904.0	1759.0	7599.0	0.0	3469.0	168.0	16.0	146.0	395.0	15.0	324.0	662.0	0.0	594.0	30.0	786.0	6.0	21.0	989.0	36.0	443.0	10.0	54.0	445.0	613.0	115.0	831.0	24.0	53.0	0.0	697.0	60.0	184.0	0.0	38.0	15.0	2.0	0.0	27.0	0.0	68.0	669.0	170.0	87.0	23.0	86.0	379.0	0.0	0.0	3.0	144.0	0.0	107.0	22.0	15.0	0.0	0.0	0.0	0.0	0.0	0.0	0.0	0.0	0.0	0.0	0.0	0.0	0.0	0.0	0.0	0.0	0.0	0.0	0.0	0.0	0.0	0.0	0.0	0.0	0.0	0.0	0.0	0.0	0.0	0.0	0.0	0.0	0.0	0.0	0.0	0.0	0.0	0.0	0.0	4.0
SRR20680473	27888.0	16423.0	623.0	7569.0	6766.0	8463.0	1942.0	1241.0	127.0	341.0	5586.0	306.0	35815.0	1188.0	27.0	7948.0	1451.0	6043.0	8415.0	204.0	131.0	9513.0	631.0	857.0	104.0	372.0	339.0	45.0	388.0	102.0	3670.0	495.0	177.0	19.0	568.0	83.0	254.0	144.0	18.0	95.0	86.0	719.0	76.0	109.0	595.0	19.0	376.0	2097.0	1863.0	0.0	332.0	301.0	6.0	99.0	589.0	11.0	903.0	1314.0	0.0	1290.0	17.0	282.0	58.0	4.0	391.0	67.0	189.0	21.0	74.0	327.0	283.0	85.0	151.0	88.0	34.0	0.0	189.0	5.0	477.0	0.0	70.0	0.0	11.0	0.0	12.0	26.0	54.0	7.0	27.0	152.0	8.0	22.0	93.0	0.0	0.0	0.0	134.0	0.0	56.0	304.0	0.0	0.0	0.0	0.0	0.0	0.0	0.0	0.0	0.0	0.0	0.0	0.0	0.0	0.0	0.0	0.0	0.0	0.0	0.0	0.0	0.0	0.0	0.0	0.0	0.0	0.0	0.0	0.0	0.0	0.0	0.0	0.0	0.0	0.0	0.0	0.0	0.0	0.0	0.0	0.0	0.0
SRR20680474	33181.0	21266.0	894.0	5916.0	4622.0	8018.0	1915.0	1046.0	101.0	326.0	5095.0	237.0	58826.0	944.0	15.0	6360.0	1270.0	3880.0	6732.0	200.0	120.0	6675.0	441.0	836.0	87.0	210.0	235.0	36.0	210.0	61.0	3017.0	260.0	91.0	7.0	543.0	88.0	130.0	246.0	14.0	129.0	41.0	588.0	19.0	68.0	323.0	0.0	302.0	1965.0	871.0	7.0	175.0	165.0	0.0	60.0	278.0	11.0	731.0	1493.0	0.0	1087.0	19.0	192.0	59.0	11.0	245.0	4.0	146.0	8.0	8.0	212.0	274.0	89.0	167.0	92.0	9.0	0.0	106.0	23.0	290.0	0.0	26.0	0.0	6.0	0.0	3.0	26.0	93.0	11.0	0.0	91.0	7.0	27.0	60.0	8.0	0.0	0.0	72.0	4.0	30.0	361.0	3.0	0.0	0.0	0.0	0.0	0.0	0.0	0.0	0.0	0.0	0.0	0.0	0.0	0.0	0.0	0.0	0.0	0.0	0.0	0.0	0.0	2.0	0.0	0.0	0.0	0.0	0.0	0.0	0.0	0.0	0.0	0.0	0.0	0.0	0.0	0.0	0.0	0.0	0.0	0.0	0.0
SRR20680475	35257.0	24937.0	1038.0	6442.0	5497.0	12865.0	2771.0	1313.0	74.0	349.0	6629.0	92.0	43123.0	1160.0	3.0	6656.0	1527.0	4678.0	8347.0	209.0	188.0	10382.0	567.0	1016.0	90.0	268.0	449.0	52.0	304.0	45.0	3295.0	485.0	70.0	12.0	649.0	64.0	133.0	127.0	11.0	100.0	101.0	783.0	7.0	74.0	234.0	0.0	281.0	3265.0	1395.0	0.0	162.0	68.0	0.0	25.0	194.0	8.0	641.0	2707.0	0.0	1544.0	6.0	235.0	91.0	13.0	200.0	30.0	180.0	19.0	44.0	204.0	379.0	100.0	92.0	105.0	26.0	0.0	271.0	36.0	345.0	0.0	46.0	0.0	130.0	0.0	7.0	49.0	58.0	47.0	4.0	166.0	13.0	12.0	16.0	6.0	0.0	0.0	107.0	0.0	22.0	469.0	0.0	0.0	0.0	0.0	0.0	0.0	0.0	0.0	0.0	0.0	0.0	0.0	0.0	0.0	0.0	0.0	0.0	0.0	0.0	0.0	0.0	0.0	0.0	0.0	0.0	0.0	0.0	0.0	0.0	0.0	0.0	0.0	0.0	0.0	0.0	0.0	0.0	0.0	0.0	0.0	0.0
SRR20680476	22808.0	18127.0	560.0	4549.0	3565.0	8581.0	1415.0	1026.0	66.0	225.0	5057.0	216.0	27939.0	918.0	8.0	7438.0	870.0	3258.0	7030.0	216.0	165.0	6287.0	457.0	792.0	55.0	58.0	411.0	12.0	120.0	57.0	2705.0	292.0	82.0	11.0	486.0	52.0	229.0	122.0	7.0	65.0	37.0	832.0	14.0	74.0	125.0	15.0	256.0	1644.0	2716.0	8.0	268.0	67.0	0.0	12.0	168.0	2.0	460.0	1560.0	0.0	1155.0	5.0	193.0	110.0	10.0	285.0	35.0	145.0	12.0	44.0	108.0	221.0	201.0	36.0	85.0	12.0	0.0	109.0	14.0	374.0	0.0	19.0	0.0	0.0	0.0	0.0	17.0	53.0	32.0	0.0	109.0	0.0	6.0	11.0	0.0	0.0	0.0	72.0	0.0	18.0	239.0	0.0	0.0	0.0	0.0	0.0	0.0	0.0	0.0	0.0	0.0	0.0	0.0	0.0	0.0	0.0	0.0	0.0	0.0	0.0	0.0	0.0	0.0	0.0	0.0	0.0	0.0	0.0	0.0	0.0	0.0	0.0	0.0	0.0	0.0	0.0	0.0	0.0	0.0	0.0	0.0	0.0
SRR20680477	26723.0	21144.0	1046.0	8555.0	10398.0	13961.0	3206.0	2253.0	437.0	599.0	11263.0	1553.0	34153.0	2173.0	54.0	16750.0	2679.0	9293.0	11211.0	355.0	245.0	11849.0	954.0	1291.0	75.0	916.0	601.0	193.0	707.0	259.0	6046.0	1046.0	340.0	18.0	951.0	111.0	883.0	243.0	74.0	230.0	145.0	974.0	46.0	236.0	567.0	53.0	1179.0	4303.0	3098.0	36.0	781.0	486.0	3.0	121.0	1144.0	13.0	2318.0	2391.0	0.0	1809.0	35.0	351.0	101.0	0.0	503.0	84.0	542.0	71.0	154.0	176.0	955.0	205.0	583.0	114.0	42.0	0.0	433.0	66.0	719.0	0.0	79.0	0.0	6.0	4.0	15.0	127.0	165.0	99.0	98.0	115.0	12.0	89.0	148.0	0.0	0.0	0.0	202.0	0.0	141.0	628.0	6.0	0.0	0.0	0.0	0.0	0.0	0.0	0.0	0.0	0.0	0.0	0.0	0.0	0.0	0.0	0.0	0.0	0.0	0.0	0.0	0.0	0.0	0.0	0.0	0.0	0.0	0.0	0.0	0.0	0.0	0.0	0.0	0.0	0.0	0.0	0.0	0.0	0.0	0.0	0.0	0.0
SRR20680478	23808.0	17167.0	845.0	9422.0	8756.0	9281.0	1799.0	2204.0	438.0	612.0	8064.0	1297.0	31170.0	1945.0	51.0	14131.0	2371.0	7868.0	10068.0	295.0	270.0	10424.0	993.0	998.0	91.0	556.0	488.0	119.0	408.0	237.0	4869.0	756.0	279.0	39.0	809.0	79.0	619.0	289.0	48.0	115.0	101.0	874.0	65.0	150.0	601.0	45.0	1002.0	2898.0	17800.0	38.0	582.0	709.0	9.0	140.0	874.0	7.0	1695.0	1857.0	0.0	1185.0	23.0	225.0	71.0	0.0	391.0	144.0	370.0	60.0	115.0	335.0	740.0	161.0	287.0	114.0	57.0	4.0	328.0	52.0	499.0	0.0	47.0	0.0	11.0	3.0	27.0	65.0	128.0	42.0	63.0	90.0	0.0	40.0	128.0	0.0	0.0	0.0	263.0	0.0	115.0	476.0	0.0	0.0	0.0	0.0	10.0	0.0	0.0	0.0	3.0	0.0	0.0	0.0	0.0	0.0	0.0	0.0	0.0	0.0	0.0	0.0	0.0	0.0	0.0	0.0	0.0	0.0	0.0	0.0	0.0	0.0	0.0	0.0	0.0	0.0	0.0	0.0	0.0	0.0	0.0	0.0	0.0
SRR20680479	18399.0	7664.0	217.0	11791.0	5403.0	5058.0	851.0	3202.0	90.0	1107.0	11322.0	905.0	31122.0	1668.0	0.0	19961.0	1001.0	7966.0	10519.0	182.0	303.0	11115.0	582.0	1134.0	168.0	281.0	159.0	157.0	177.0	40.0	4181.0	1881.0	483.0	0.0	251.0	17.0	919.0	226.0	54.0	24.0	153.0	117.0	73.0	50.0	396.0	81.0	2994.0	1326.0	18877.0	0.0	4255.0	597.0	163.0	268.0	836.0	0.0	516.0	951.0	0.0	437.0	116.0	638.0	165.0	22.0	1089.0	218.0	282.0	9.0	10.0	516.0	1130.0	133.0	1231.0	44.0	44.0	0.0	407.0	24.0	184.0	0.0	11.0	5.0	0.0	0.0	20.0	16.0	158.0	685.0	86.0	138.0	29.0	59.0	168.0	0.0	0.0	0.0	151.0	0.0	57.0	0.0	30.0	0.0	0.0	0.0	0.0	0.0	0.0	0.0	0.0	0.0	0.0	0.0	0.0	0.0	0.0	0.0	0.0	0.0	0.0	0.0	0.0	0.0	0.0	0.0	0.0	0.0	0.0	0.0	0.0	0.0	0.0	0.0	0.0	0.0	0.0	0.0	0.0	0.0	0.0	0.0	0.0
SRR20680480	20457.0	14254.0	856.0	7158.0	8892.0	10112.0	1739.0	1758.0	308.0	405.0	5502.0	936.0	30590.0	1422.0	26.0	11680.0	1394.0	7369.0	9999.0	325.0	205.0	7238.0	754.0	1103.0	167.0	340.0	391.0	69.0	261.0	183.0	3782.0	831.0	240.0	35.0	594.0	46.0	585.0	141.0	30.0	93.0	132.0	807.0	35.0	174.0	489.0	64.0	863.0	2522.0	3438.0	12.0	484.0	720.0	6.0	84.0	578.0	10.0	1399.0	1812.0	2.0	1277.0	52.0	210.0	92.0	9.0	467.0	110.0	314.0	29.0	129.0	299.0	561.0	93.0	491.0	101.0	96.0	0.0	381.0	37.0	556.0	0.0	62.0	0.0	0.0	0.0	3.0	90.0	292.0	16.0	74.0	101.0	7.0	17.0	128.0	0.0	0.0	0.0	267.0	0.0	113.0	511.0	6.0	0.0	5.0	0.0	0.0	0.0	0.0	0.0	0.0	0.0	0.0	0.0	0.0	0.0	0.0	0.0	0.0	0.0	0.0	0.0	0.0	0.0	0.0	0.0	0.0	0.0	0.0	0.0	0.0	0.0	0.0	0.0	0.0	0.0	0.0	0.0	0.0	0.0	0.0	0.0	0.0
SRR20680481	18125.0	17210.0	895.0	5398.0	7166.0	9403.0	1678.0	1079.0	282.0	334.0	7458.0	1169.0	26661.0	1323.0	7.0	15107.0	1559.0	5500.0	8815.0	270.0	221.0	7813.0	575.0	842.0	59.0	146.0	511.0	78.0	343.0	147.0	5790.0	711.0	254.0	16.0	616.0	38.0	456.0	258.0	6.0	114.0	96.0	678.0	23.0	189.0	346.0	45.0	932.0	2503.0	2983.0	20.0	548.0	376.0	5.0	61.0	879.0	15.0	1182.0	1840.0	0.0	1367.0	6.0	238.0	37.0	6.0	301.0	177.0	339.0	30.0	114.0	203.0	578.0	165.0	279.0	100.0	37.0	0.0	240.0	8.0	458.0	0.0	59.0	0.0	0.0	0.0	0.0	65.0	138.0	23.0	73.0	106.0	0.0	39.0	89.0	8.0	0.0	0.0	211.0	0.0	95.0	390.0	4.0	0.0	0.0	0.0	0.0	0.0	0.0	0.0	0.0	0.0	4.0	0.0	0.0	0.0	0.0	0.0	0.0	0.0	0.0	0.0	0.0	0.0	0.0	0.0	0.0	0.0	0.0	0.0	0.0	0.0	0.0	0.0	0.0	0.0	0.0	0.0	0.0	0.0	0.0	0.0	0.0
SRR20680482	20578.0	16175.0	680.0	9100.0	6407.0	6559.0	1097.0	1692.0	103.0	324.0	8003.0	701.0	29789.0	1312.0	21.0	14865.0	1331.0	6253.0	11060.0	254.0	281.0	8108.0	1018.0	788.0	117.0	70.0	594.0	33.0	221.0	158.0	7571.0	597.0	256.0	19.0	742.0	87.0	529.0	241.0	0.0	80.0	120.0	754.0	20.0	117.0	491.0	65.0	1014.0	1400.0	8507.0	0.0	446.0	529.0	0.0	145.0	794.0	9.0	1691.0	2314.0	0.0	947.0	64.0	371.0	104.0	14.0	660.0	55.0	385.0	37.0	86.0	402.0	662.0	168.0	204.0	69.0	19.0	0.0	108.0	20.0	588.0	0.0	23.0	0.0	14.0	0.0	16.0	101.0	204.0	20.0	49.0	121.0	12.0	10.0	13.0	0.0	0.0	0.0	171.0	0.0	83.0	158.0	7.0	0.0	0.0	0.0	0.0	0.0	0.0	0.0	0.0	0.0	9.0	0.0	0.0	0.0	0.0	0.0	0.0	0.0	0.0	0.0	0.0	0.0	0.0	0.0	3.0	0.0	0.0	0.0	0.0	0.0	0.0	0.0	0.0	0.0	0.0	0.0	0.0	0.0	0.0	0.0	0.0
SRR20680483	13193.0	11164.0	896.0	8747.0	5464.0	8779.0	2060.0	5084.0	135.0	872.0	12435.0	872.0	28938.0	2354.0	18.0	23540.0	1747.0	8004.0	9065.0	200.0	341.0	8668.0	320.0	2652.0	147.0	294.0	162.0	205.0	134.0	29.0	3746.0	2728.0	478.0	21.0	203.0	9.0	606.0	346.0	56.0	30.0	202.0	126.0	36.0	124.0	282.0	59.0	1848.0	1890.0	21624.0	5.0	2911.0	122.0	100.0	189.0	611.0	26.0	344.0	904.0	0.0	709.0	87.0	1043.0	108.0	18.0	847.0	69.0	304.0	0.0	59.0	638.0	1017.0	64.0	826.0	18.0	37.0	0.0	716.0	53.0	160.0	0.0	36.0	17.0	12.0	0.0	9.0	24.0	169.0	496.0	87.0	100.0	9.0	61.0	181.0	0.0	0.0	0.0	86.0	0.0	81.0	0.0	27.0	0.0	0.0	0.0	0.0	0.0	0.0	0.0	0.0	0.0	0.0	0.0	0.0	0.0	0.0	0.0	0.0	0.0	0.0	0.0	0.0	0.0	0.0	0.0	0.0	0.0	0.0	0.0	0.0	0.0	0.0	0.0	0.0	2.0	0.0	0.0	0.0	0.0	0.0	0.0	0.0
SRR20680484	14207.0	10593.0	407.0	4892.0	3798.0	4819.0	735.0	910.0	143.0	148.0	5114.0	424.0	18090.0	805.0	12.0	12817.0	713.0	3780.0	7189.0	239.0	169.0	5853.0	513.0	825.0	45.0	37.0	427.0	17.0	125.0	97.0	3345.0	453.0	179.0	23.0	488.0	53.0	461.0	154.0	0.0	83.0	31.0	446.0	15.0	58.0	443.0	24.0	868.0	888.0	2386.0	7.0	284.0	283.0	0.0	93.0	568.0	2.0	834.0	1085.0	0.0	1202.0	29.0	202.0	67.0	0.0	323.0	56.0	264.0	20.0	93.0	277.0	359.0	110.0	110.0	90.0	21.0	0.0	23.0	30.0	431.0	0.0	9.0	0.0	4.0	0.0	17.0	67.0	161.0	29.0	15.0	27.0	7.0	6.0	39.0	0.0	0.0	0.0	138.0	0.0	63.0	78.0	6.0	0.0	0.0	0.0	0.0	0.0	0.0	0.0	0.0	0.0	0.0	0.0	0.0	0.0	0.0	0.0	0.0	0.0	0.0	0.0	0.0	0.0	0.0	0.0	0.0	0.0	0.0	0.0	0.0	0.0	0.0	0.0	0.0	0.0	0.0	0.0	0.0	0.0	0.0	0.0	0.0
SRR20680485	16651.0	11613.0	416.0	7489.0	5104.0	6569.0	940.0	763.0	207.0	177.0	5891.0	227.0	20243.0	693.0	10.0	11249.0	826.0	3520.0	5520.0	422.0	166.0	6434.0	454.0	234.0	24.0	156.0	363.0	9.0	123.0	95.0	4173.0	531.0	29.0	8.0	363.0	61.0	407.0	87.0	5.0	142.0	10.0	439.0	28.0	107.0	495.0	0.0	764.0	1283.0	2199.0	8.0	257.0	352.0	6.0	67.0	490.0	0.0	724.0	1395.0	0.0	1118.0	0.0	212.0	26.0	0.0	233.0	64.0	319.0	16.0	144.0	132.0	382.0	24.0	117.0	72.0	0.0	0.0	118.0	0.0	465.0	0.0	0.0	0.0	14.0	0.0	0.0	115.0	178.0	39.0	16.0	66.0	3.0	27.0	47.0	0.0	0.0	0.0	166.0	0.0	70.0	124.0	0.0	0.0	0.0	0.0	0.0	0.0	0.0	0.0	0.0	0.0	0.0	0.0	0.0	0.0	0.0	0.0	0.0	0.0	0.0	0.0	0.0	0.0	0.0	0.0	0.0	0.0	0.0	0.0	0.0	0.0	0.0	0.0	0.0	0.0	0.0	0.0	0.0	0.0	0.0	0.0	0.0
SRR20680486	17772.0	10895.0	563.0	10848.0	6040.0	5693.0	898.0	1417.0	236.0	241.0	6206.0	356.0	26271.0	810.0	7.0	9232.0	1012.0	4931.0	7457.0	300.0	213.0	7388.0	706.0	531.0	23.0	210.0	454.0	59.0	194.0	127.0	4074.0	538.0	208.0	25.0	444.0	64.0	440.0	111.0	11.0	46.0	103.0	568.0	22.0	105.0	626.0	0.0	890.0	1430.0	6310.0	6.0	520.0	465.0	0.0	96.0	605.0	12.0	1219.0	1543.0	0.0	1053.0	0.0	215.0	44.0	5.0	361.0	20.0	179.0	26.0	118.0	160.0	548.0	108.0	82.0	93.0	0.0	0.0	97.0	23.0	454.0	0.0	0.0	0.0	43.0	0.0	0.0	62.0	307.0	18.0	27.0	49.0	0.0	10.0	21.0	0.0	0.0	0.0	120.0	0.0	68.0	105.0	0.0	0.0	0.0	0.0	0.0	0.0	0.0	0.0	0.0	0.0	0.0	0.0	0.0	0.0	0.0	0.0	0.0	0.0	0.0	0.0	0.0	0.0	0.0	0.0	0.0	0.0	0.0	0.0	0.0	0.0	0.0	0.0	0.0	0.0	0.0	0.0	0.0	0.0	0.0	0.0	0.0
SRR20680487	18472.0	11771.0	315.0	7073.0	5056.0	6562.0	683.0	1526.0	190.0	358.0	5767.0	270.0	26132.0	804.0	5.0	10568.0	1379.0	5718.0	6481.0	353.0	160.0	9211.0	717.0	531.0	120.0	54.0	339.0	11.0	156.0	75.0	4405.0	472.0	126.0	14.0	518.0	61.0	432.0	77.0	11.0	154.0	71.0	692.0	19.0	104.0	465.0	62.0	907.0	2079.0	2766.0	16.0	245.0	532.0	0.0	119.0	671.0	0.0	962.0	1740.0	0.0	905.0	63.0	156.0	54.0	16.0	474.0	64.0	284.0	24.0	13.0	186.0	924.0	91.0	158.0	121.0	45.0	0.0	54.0	41.0	598.0	0.0	45.0	0.0	0.0	0.0	0.0	54.0	70.0	49.0	92.0	61.0	0.0	15.0	70.0	0.0	0.0	0.0	198.0	0.0	32.0	210.0	15.0	0.0	0.0	0.0	0.0	0.0	0.0	0.0	0.0	0.0	0.0	0.0	0.0	0.0	0.0	0.0	0.0	0.0	0.0	0.0	0.0	0.0	0.0	0.0	0.0	0.0	0.0	0.0	0.0	0.0	0.0	0.0	0.0	0.0	0.0	0.0	0.0	0.0	0.0	0.0	0.0
SRR20680488	19611.0	10856.0	402.0	3250.0	1271.0	4427.0	941.0	598.0	27.0	137.0	2974.0	66.0	18972.0	557.0	2.0	3551.0	708.0	1617.0	4378.0	81.0	116.0	4702.0	296.0	494.0	28.0	80.0	205.0	7.0	47.0	14.0	1294.0	156.0	64.0	0.0	159.0	46.0	75.0	45.0	0.0	44.0	0.0	389.0	13.0	18.0	145.0	0.0	82.0	919.0	1509.0	5.0	150.0	29.0	0.0	14.0	82.0	0.0	166.0	1026.0	0.0	667.0	0.0	103.0	45.0	0.0	99.0	12.0	166.0	0.0	0.0	54.0	101.0	53.0	85.0	38.0	0.0	0.0	30.0	17.0	189.0	0.0	21.0	0.0	33.0	0.0	0.0	13.0	21.0	13.0	10.0	73.0	0.0	6.0	14.0	0.0	0.0	0.0	55.0	0.0	17.0	96.0	0.0	0.0	0.0	0.0	0.0	0.0	0.0	0.0	0.0	0.0	0.0	0.0	0.0	0.0	0.0	0.0	0.0	0.0	0.0	0.0	0.0	0.0	0.0	0.0	0.0	0.0	0.0	0.0	0.0	0.0	0.0	0.0	0.0	0.0	0.0	0.0	0.0	0.0	0.0	0.0	0.0
SRR20680489	16015.0	8892.0	313.0	4148.0	1512.0	3958.0	698.0	642.0	52.0	170.0	3614.0	195.0	17137.0	499.0	0.0	5824.0	642.0	1742.0	3906.0	74.0	101.0	5193.0	256.0	307.0	27.0	21.0	197.0	0.0	97.0	40.0	1882.0	118.0	55.0	11.0	237.0	48.0	63.0	138.0	0.0	54.0	0.0	524.0	2.0	17.0	101.0	0.0	213.0	776.0	394.0	0.0	232.0	82.0	0.0	30.0	145.0	3.0	172.0	947.0	0.0	763.0	17.0	151.0	42.0	0.0	80.0	8.0	85.0	5.0	4.0	99.0	304.0	60.0	82.0	48.0	0.0	0.0	25.0	11.0	250.0	0.0	13.0	0.0	2.0	0.0	2.0	7.0	14.0	21.0	19.0	85.0	0.0	0.0	0.0	0.0	0.0	0.0	23.0	0.0	0.0	82.0	4.0	0.0	0.0	0.0	0.0	0.0	0.0	0.0	0.0	0.0	0.0	0.0	0.0	0.0	0.0	0.0	0.0	0.0	0.0	0.0	0.0	0.0	0.0	0.0	0.0	0.0	0.0	0.0	0.0	0.0	0.0	0.0	0.0	0.0	0.0	0.0	0.0	0.0	0.0	3.0	0.0
SRR20680490	21737.0	15656.0	480.0	4618.0	2384.0	6946.0	1178.0	822.0	60.0	207.0	5160.0	165.0	28157.0	846.0	0.0	7943.0	780.0	1839.0	5113.0	140.0	167.0	4600.0	400.0	463.0	83.0	35.0	215.0	20.0	69.0	27.0	2074.0	162.0	55.0	15.0	279.0	44.0	61.0	91.0	2.0	83.0	45.0	454.0	5.0	25.0	132.0	8.0	144.0	1305.0	6679.0	0.0	276.0	85.0	3.0	33.0	202.0	3.0	135.0	1473.0	0.0	883.0	11.0	212.0	65.0	12.0	101.0	7.0	138.0	8.0	31.0	157.0	87.0	54.0	114.0	62.0	3.0	0.0	70.0	6.0	178.0	0.0	0.0	0.0	18.0	0.0	16.0	31.0	38.0	23.0	20.0	97.0	0.0	22.0	9.0	0.0	0.0	0.0	96.0	0.0	25.0	181.0	0.0	0.0	0.0	0.0	0.0	0.0	0.0	0.0	0.0	0.0	0.0	0.0	0.0	0.0	0.0	0.0	0.0	0.0	0.0	0.0	0.0	0.0	0.0	0.0	0.0	0.0	0.0	0.0	0.0	0.0	0.0	0.0	0.0	0.0	0.0	0.0	0.0	0.0	0.0	0.0	0.0
SRR20680491	11968.0	7949.0	124.0	8061.0	3925.0	5714.0	1212.0	3008.0	22.0	716.0	9489.0	1027.0	24376.0	1765.0	0.0	20768.0	912.0	7072.0	10704.0	183.0	184.0	8594.0	213.0	449.0	258.0	77.0	141.0	114.0	86.0	40.0	3506.0	2625.0	649.0	0.0	163.0	14.0	989.0	329.0	39.0	15.0	47.0	145.0	24.0	38.0	404.0	44.0	2032.0	1071.0	6104.0	0.0	5238.0	171.0	75.0	212.0	430.0	0.0	313.0	837.0	0.0	643.0	77.0	1191.0	46.0	9.0	536.0	36.0	381.0	5.0	29.0	762.0	634.0	57.0	1082.0	26.0	62.0	0.0	436.0	106.0	209.0	0.0	37.0	0.0	0.0	0.0	24.0	16.0	185.0	733.0	43.0	233.0	11.0	171.0	183.0	0.0	0.0	0.0	170.0	0.0	85.0	11.0	27.0	0.0	0.0	0.0	0.0	0.0	0.0	0.0	0.0	0.0	0.0	0.0	0.0	0.0	0.0	0.0	0.0	0.0	0.0	0.0	0.0	0.0	0.0	0.0	0.0	0.0	0.0	0.0	0.0	0.0	0.0	0.0	0.0	0.0	0.0	0.0	0.0	0.0	0.0	0.0	0.0
SRR20680492	29088.0	14215.0	506.0	6102.0	2544.0	6740.0	1004.0	899.0	62.0	280.0	5463.0	153.0	27845.0	796.0	0.0	6551.0	795.0	3216.0	5438.0	99.0	103.0	8480.0	318.0	421.0	70.0	86.0	412.0	6.0	128.0	41.0	3086.0	272.0	80.0	8.0	412.0	51.0	57.0	151.0	0.0	46.0	50.0	543.0	7.0	36.0	153.0	27.0	159.0	1508.0	506.0	10.0	132.0	85.0	0.0	43.0	196.0	2.0	225.0	1920.0	0.0	840.0	0.0	237.0	75.0	0.0	126.0	0.0	121.0	8.0	24.0	120.0	227.0	49.0	67.0	59.0	12.0	0.0	81.0	19.0	278.0	0.0	3.0	0.0	0.0	0.0	0.0	37.0	32.0	39.0	0.0	94.0	0.0	5.0	9.0	7.0	0.0	0.0	67.0	0.0	39.0	182.0	0.0	0.0	0.0	0.0	0.0	0.0	0.0	0.0	0.0	0.0	0.0	0.0	0.0	0.0	0.0	0.0	0.0	0.0	0.0	0.0	0.0	0.0	0.0	0.0	0.0	0.0	0.0	0.0	0.0	0.0	0.0	0.0	0.0	0.0	0.0	0.0	0.0	0.0	0.0	0.0	0.0
SRR20680493	23277.0	10280.0	540.0	8337.0	2775.0	4088.0	690.0	725.0	101.0	224.0	2680.0	189.0	27125.0	561.0	0.0	10928.0	1080.0	3392.0	6191.0	167.0	68.0	6104.0	505.0	1963.0	80.0	141.0	167.0	35.0	240.0	53.0	2438.0	231.0	67.0	20.0	341.0	46.0	93.0	107.0	0.0	68.0	76.0	282.0	28.0	21.0	312.0	0.0	237.0	1099.0	1542.0	0.0	358.0	582.0	0.0	39.0	259.0	16.0	356.0	1482.0	0.0	708.0	15.0	200.0	42.0	0.0	363.0	52.0	170.0	0.0	35.0	203.0	475.0	66.0	75.0	41.0	14.0	0.0	63.0	47.0	162.0	0.0	6.0	0.0	0.0	0.0	0.0	30.0	96.0	21.0	0.0	62.0	0.0	0.0	13.0	0.0	0.0	0.0	81.0	0.0	38.0	114.0	0.0	0.0	0.0	0.0	6.0	0.0	0.0	0.0	0.0	0.0	0.0	0.0	0.0	0.0	0.0	0.0	0.0	0.0	0.0	0.0	0.0	0.0	0.0	0.0	0.0	0.0	0.0	0.0	0.0	0.0	0.0	0.0	0.0	0.0	0.0	0.0	0.0	0.0	0.0	0.0	0.0
SRR20680494	11950.0	10933.0	418.0	5191.0	4055.0	4406.0	554.0	1311.0	160.0	273.0	4527.0	415.0	18288.0	620.0	0.0	8502.0	721.0	5414.0	7000.0	283.0	78.0	4612.0	580.0	442.0	47.0	102.0	499.0	18.0	153.0	81.0	3575.0	242.0	134.0	9.0	431.0	57.0	309.0	164.0	5.0	74.0	65.0	647.0	20.0	115.0	325.0	37.0	517.0	1126.0	1764.0	7.0	239.0	187.0	0.0	91.0	591.0	13.0	844.0	1204.0	0.0	939.0	29.0	98.0	6.0	4.0	136.0	48.0	221.0	7.0	91.0	156.0	340.0	79.0	95.0	57.0	22.0	0.0	53.0	39.0	540.0	0.0	12.0	0.0	0.0	0.0	0.0	18.0	121.0	28.0	36.0	82.0	5.0	0.0	20.0	0.0	0.0	0.0	97.0	0.0	78.0	148.0	11.0	0.0	0.0	0.0	0.0	0.0	0.0	0.0	0.0	0.0	0.0	3.0	0.0	0.0	0.0	0.0	0.0	0.0	0.0	0.0	0.0	0.0	0.0	0.0	0.0	0.0	0.0	0.0	0.0	0.0	0.0	0.0	0.0	0.0	0.0	0.0	0.0	0.0	0.0	0.0	0.0
SRR20680495	10526.0	7358.0	306.0	5986.0	4063.0	5730.0	1228.0	3637.0	56.0	960.0	8818.0	665.0	23446.0	1840.0	19.0	16138.0	1324.0	6829.0	8324.0	146.0	262.0	8087.0	161.0	1762.0	230.0	151.0	171.0	124.0	103.0	26.0	2660.0	1960.0	516.0	11.0	127.0	4.0	638.0	258.0	34.0	20.0	97.0	152.0	84.0	50.0	228.0	35.0	1566.0	1406.0	17074.0	0.0	3744.0	144.0	90.0	126.0	475.0	10.0	229.0	710.0	0.0	539.0	54.0	685.0	29.0	18.0	765.0	44.0	372.0	3.0	12.0	428.0	605.0	28.0	647.0	46.0	52.0	2.0	541.0	50.0	141.0	0.0	7.0	0.0	0.0	0.0	6.0	15.0	143.0	472.0	95.0	53.0	28.0	75.0	174.0	0.0	0.0	0.0	134.0	0.0	83.0	11.0	34.0	0.0	0.0	0.0	0.0	0.0	0.0	0.0	2.0	0.0	0.0	0.0	0.0	0.0	0.0	5.0	0.0	0.0	0.0	0.0	0.0	0.0	0.0	0.0	0.0	0.0	0.0	0.0	0.0	0.0	0.0	0.0	0.0	0.0	0.0	0.0	0.0	0.0	0.0	0.0	0.0
SRR20680496	22132.0	10741.0	493.0	20068.0	4630.0	3898.0	505.0	1197.0	194.0	257.0	5319.0	332.0	27416.0	1145.0	35.0	17620.0	3900.0	5043.0	7198.0	239.0	90.0	9102.0	709.0	431.0	57.0	151.0	406.0	22.0	226.0	126.0	5656.0	377.0	203.0	22.0	463.0	42.0	211.0	172.0	12.0	92.0	117.0	535.0	22.0	164.0	414.0	34.0	685.0	1086.0	2407.0	0.0	506.0	3445.0	0.0	244.0	440.0	0.0	907.0	1381.0	0.0	737.0	13.0	161.0	72.0	7.0	142.0	71.0	189.0	29.0	78.0	460.0	612.0	82.0	325.0	80.0	9.0	0.0	42.0	55.0	427.0	0.0	49.0	0.0	14.0	0.0	5.0	76.0	142.0	34.0	15.0	63.0	5.0	9.0	21.0	0.0	0.0	0.0	159.0	0.0	71.0	75.0	3.0	0.0	0.0	0.0	0.0	0.0	0.0	0.0	0.0	0.0	0.0	0.0	0.0	0.0	0.0	0.0	0.0	0.0	0.0	0.0	0.0	0.0	0.0	0.0	0.0	0.0	0.0	0.0	0.0	0.0	0.0	0.0	0.0	0.0	0.0	0.0	0.0	0.0	0.0	0.0	0.0
SRR20680497	25010.0	14293.0	769.0	13373.0	8589.0	6969.0	858.0	1891.0	248.0	394.0	8504.0	733.0	35498.0	1534.0	3.0	14792.0	1877.0	6693.0	12060.0	300.0	162.0	10728.0	1151.0	1108.0	82.0	116.0	461.0	12.0	281.0	151.0	5288.0	706.0	239.0	31.0	798.0	59.0	530.0	260.0	6.0	146.0	52.0	775.0	12.0	100.0	593.0	44.0	948.0	1641.0	5643.0	10.0	408.0	757.0	0.0	138.0	935.0	0.0	1868.0	1933.0	0.0	1412.0	2.0	181.0	56.0	0.0	676.0	36.0	372.0	43.0	114.0	442.0	979.0	114.0	224.0	165.0	16.0	0.0	153.0	52.0	670.0	0.0	0.0	0.0	21.0	0.0	9.0	69.0	339.0	97.0	63.0	87.0	0.0	33.0	34.0	0.0	0.0	0.0	138.0	0.0	110.0	191.0	9.0	0.0	0.0	0.0	0.0	0.0	0.0	0.0	0.0	0.0	0.0	0.0	0.0	0.0	0.0	0.0	0.0	0.0	0.0	0.0	0.0	0.0	0.0	0.0	0.0	0.0	0.0	0.0	0.0	0.0	0.0	0.0	0.0	0.0	0.0	0.0	0.0	0.0	0.0	0.0	0.0
SRR20680530	11692.0	5839.0	131.0	4475.0	3606.0	5301.0	682.0	2057.0	59.0	844.0	6885.0	1140.0	19196.0	1180.0	13.0	22151.0	1084.0	5282.0	10377.0	140.0	246.0	7102.0	240.0	518.0	135.0	54.0	165.0	68.0	188.0	31.0	3173.0	2466.0	765.0	28.0	112.0	17.0	874.0	251.0	17.0	13.0	124.0	685.0	155.0	40.0	289.0	0.0	1343.0	991.0	7540.0	23.0	3096.0	546.0	113.0	60.0	649.0	6.0	203.0	740.0	0.0	383.0	53.0	709.0	0.0	6.0	455.0	116.0	308.0	0.0	0.0	410.0	635.0	30.0	1012.0	38.0	66.0	0.0	349.0	41.0	284.0	0.0	6.0	0.0	0.0	0.0	0.0	10.0	121.0	477.0	49.0	114.0	14.0	56.0	87.0	0.0	0.0	0.0	122.0	0.0	60.0	15.0	34.0	0.0	0.0	0.0	0.0	0.0	0.0	0.0	0.0	0.0	0.0	0.0	0.0	0.0	0.0	0.0	0.0	0.0	5.0	0.0	0.0	0.0	0.0	0.0	0.0	0.0	0.0	0.0	0.0	0.0	0.0	0.0	0.0	0.0	0.0	0.0	0.0	0.0	0.0	0.0	0.0
SRR20680531	4298.0	6153.0	209.0	956.0	1517.0	5978.0	1132.0	564.0	9.0	145.0	7961.0	729.0	11820.0	423.0	0.0	13826.0	340.0	1933.0	6472.0	89.0	161.0	2434.0	17.0	268.0	120.0	4.0	50.0	24.0	48.0	12.0	1963.0	1402.0	185.0	0.0	72.0	6.0	447.0	82.0	0.0	0.0	56.0	181.0	0.0	5.0	106.0	27.0	990.0	433.0	10276.0	0.0	651.0	15.0	0.0	20.0	72.0	0.0	143.0	625.0	0.0	472.0	23.0	411.0	9.0	0.0	257.0	64.0	178.0	0.0	0.0	132.0	172.0	51.0	1062.0	11.0	0.0	0.0	319.0	0.0	126.0	2.0	12.0	0.0	4.0	0.0	2.0	0.0	18.0	431.0	38.0	33.0	5.0	52.0	23.0	0.0	0.0	0.0	111.0	0.0	41.0	5.0	0.0	0.0	0.0	0.0	0.0	0.0	0.0	0.0	0.0	0.0	0.0	0.0	0.0	0.0	0.0	0.0	0.0	0.0	0.0	0.0	0.0	0.0	0.0	0.0	0.0	0.0	0.0	0.0	0.0	0.0	0.0	0.0	0.0	0.0	0.0	0.0	0.0	0.0	0.0	0.0	0.0
SRR20680532	6891.0	4925.0	140.0	2753.0	2629.0	3583.0	632.0	2320.0	54.0	562.0	5759.0	546.0	16092.0	873.0	3.0	12487.0	1009.0	5156.0	5688.0	64.0	190.0	4712.0	152.0	565.0	199.0	51.0	76.0	96.0	133.0	9.0	1780.0	1135.0	271.0	9.0	173.0	11.0	493.0	141.0	18.0	3.0	16.0	286.0	13.0	72.0	227.0	40.0	1026.0	904.0	11148.0	7.0	2087.0	105.0	23.0	93.0	221.0	7.0	150.0	414.0	0.0	316.0	34.0	421.0	17.0	12.0	464.0	76.0	164.0	11.0	16.0	275.0	379.0	22.0	531.0	15.0	28.0	0.0	383.0	28.0	125.0	0.0	12.0	11.0	65.0	0.0	0.0	2.0	16.0	226.0	72.0	38.0	0.0	70.0	218.0	4.0	0.0	0.0	102.0	0.0	41.0	7.0	0.0	0.0	0.0	0.0	5.0	0.0	0.0	0.0	0.0	0.0	0.0	0.0	0.0	0.0	0.0	0.0	0.0	0.0	0.0	0.0	0.0	0.0	0.0	0.0	0.0	0.0	0.0	0.0	0.0	0.0	0.0	0.0	0.0	0.0	0.0	0.0	0.0	0.0	0.0	0.0	0.0
SRR20680533	13794.0	8244.0	235.0	4066.0	4787.0	6470.0	1039.0	4068.0	33.0	1010.0	7294.0	802.0	23587.0	1551.0	30.0	14050.0	1666.0	6745.0	10491.0	174.0	206.0	10274.0	417.0	442.0	288.0	263.0	187.0	199.0	142.0	36.0	4282.0	1828.0	237.0	27.0	205.0	185.0	710.0	305.0	17.0	15.0	129.0	444.0	56.0	84.0	243.0	46.0	1546.0	1628.0	2657.0	25.0	2482.0	229.0	13.0	92.0	603.0	5.0	666.0	671.0	0.0	661.0	111.0	757.0	57.0	9.0	515.0	515.0	294.0	15.0	49.0	497.0	975.0	271.0	2987.0	0.0	55.0	55.0	605.0	47.0	204.0	0.0	23.0	11.0	0.0	65.0	24.0	7.0	91.0	489.0	59.0	93.0	4.0	89.0	549.0	0.0	6.0	0.0	226.0	0.0	60.0	0.0	0.0	0.0	0.0	0.0	0.0	0.0	0.0	0.0	0.0	0.0	0.0	0.0	0.0	0.0	0.0	0.0	0.0	0.0	0.0	0.0	29.0	0.0	0.0	0.0	0.0	0.0	0.0	0.0	0.0	25.0	0.0	0.0	0.0	0.0	0.0	0.0	0.0	0.0	0.0	0.0	0.0
SRR20680534	19375.0	9591.0	460.0	7836.0	6974.0	7110.0	1546.0	4714.0	153.0	1528.0	11370.0	1550.0	32246.0	2251.0	21.0	26134.0	2521.0	7790.0	16900.0	264.0	347.0	12318.0	577.0	576.0	405.0	624.0	774.0	193.0	434.0	28.0	5603.0	2732.0	626.0	33.0	672.0	41.0	1132.0	787.0	59.0	41.0	188.0	1228.0	137.0	97.0	469.0	80.0	1993.0	1890.0	3394.0	23.0	4432.0	119.0	10.0	190.0	986.0	18.0	762.0	786.0	0.0	920.0	162.0	1430.0	272.0	59.0	734.0	82.0	848.0	23.0	102.0	808.0	1568.0	129.0	2907.0	34.0	55.0	37.0	1039.0	64.0	311.0	6.0	35.0	15.0	56.0	0.0	13.0	29.0	143.0	718.0	202.0	193.0	10.0	188.0	1290.0	0.0	6.0	0.0	188.0	0.0	92.0	0.0	51.0	8.0	0.0	0.0	4.0	11.0	0.0	10.0	0.0	0.0	0.0	0.0	0.0	0.0	0.0	0.0	0.0	0.0	0.0	0.0	6.0	0.0	0.0	0.0	0.0	0.0	0.0	0.0	0.0	22.0	0.0	0.0	0.0	0.0	0.0	0.0	0.0	0.0	0.0	0.0	0.0
SRR20680535	9185.0	7309.0	160.0	3926.0	3574.0	5767.0	1216.0	2662.0	34.0	705.0	9616.0	639.0	19145.0	1017.0	0.0	17030.0	1175.0	5502.0	8830.0	114.0	240.0	6542.0	105.0	822.0	76.0	38.0	105.0	37.0	112.0	0.0	3112.0	1801.0	440.0	9.0	117.0	22.0	513.0	230.0	13.0	17.0	86.0	107.0	8.0	47.0	196.0	50.0	1223.0	1027.0	6828.0	0.0	2578.0	136.0	28.0	107.0	235.0	0.0	155.0	836.0	0.0	567.0	40.0	705.0	30.0	0.0	559.0	17.0	427.0	4.0	0.0	391.0	309.0	134.0	989.0	20.0	17.0	0.0	399.0	52.0	159.0	0.0	27.0	0.0	0.0	0.0	0.0	0.0	70.0	545.0	87.0	101.0	10.0	45.0	39.0	0.0	0.0	0.0	126.0	0.0	51.0	10.0	39.0	0.0	0.0	0.0	0.0	0.0	0.0	0.0	0.0	0.0	0.0	0.0	0.0	0.0	0.0	0.0	0.0	0.0	0.0	0.0	0.0	0.0	0.0	0.0	0.0	0.0	0.0	0.0	0.0	0.0	0.0	0.0	0.0	0.0	0.0	0.0	0.0	0.0	0.0	0.0	0.0
SRR20680536	8453.0	6019.0	147.0	3347.0	3832.0	3906.0	806.0	2531.0	42.0	743.0	7358.0	590.0	20140.0	895.0	5.0	23141.0	1211.0	5952.0	9076.0	119.0	126.0	6298.0	206.0	530.0	203.0	62.0	77.0	60.0	72.0	15.0	3490.0	2112.0	529.0	14.0	134.0	13.0	610.0	284.0	19.0	18.0	66.0	186.0	46.0	59.0	131.0	59.0	1228.0	826.0	2069.0	0.0	3929.0	243.0	18.0	160.0	330.0	5.0	128.0	673.0	0.0	482.0	19.0	781.0	13.0	4.0	552.0	22.0	410.0	0.0	45.0	242.0	474.0	91.0	830.0	13.0	14.0	0.0	389.0	50.0	133.0	0.0	0.0	14.0	0.0	0.0	7.0	7.0	75.0	430.0	94.0	165.0	16.0	98.0	85.0	0.0	0.0	0.0	194.0	0.0	100.0	26.0	17.0	0.0	0.0	0.0	9.0	0.0	0.0	0.0	0.0	0.0	0.0	0.0	0.0	0.0	0.0	0.0	0.0	0.0	0.0	0.0	0.0	0.0	0.0	0.0	0.0	0.0	0.0	0.0	0.0	0.0	0.0	0.0	0.0	0.0	0.0	0.0	0.0	0.0	0.0	0.0	0.0
SRR20680537	4161.0	2943.0	15.0	1020.0	1499.0	2216.0	329.0	1029.0	78.0	401.0	3415.0	283.0	10294.0	362.0	5.0	13249.0	415.0	2726.0	3242.0	57.0	114.0	2628.0	253.0	449.0	164.0	34.0	79.0	69.0	33.0	10.0	1862.0	795.0	111.0	3.0	87.0	6.0	384.0	131.0	2.0	0.0	29.0	91.0	47.0	32.0	104.0	18.0	690.0	635.0	5412.0	0.0	2823.0	86.0	18.0	64.0	146.0	3.0	66.0	275.0	0.0	148.0	8.0	464.0	6.0	11.0	248.0	9.0	132.0	6.0	17.0	125.0	250.0	63.0	871.0	0.0	10.0	0.0	167.0	14.0	104.0	3.0	11.0	0.0	4.0	0.0	2.0	7.0	19.0	282.0	49.0	80.0	0.0	67.0	60.0	0.0	0.0	0.0	108.0	0.0	51.0	0.0	11.0	0.0	0.0	0.0	0.0	0.0	0.0	0.0	0.0	0.0	0.0	0.0	0.0	0.0	0.0	0.0	0.0	0.0	0.0	0.0	0.0	0.0	0.0	0.0	0.0	0.0	0.0	0.0	0.0	0.0	0.0	0.0	0.0	0.0	0.0	0.0	0.0	0.0	0.0	0.0	0.0
SRR20680539	12946.0	4381.0	1582.0	6329.0	2851.0	2745.0	516.0	2429.0	38.0	618.0	6012.0	303.0	20527.0	1677.0	18.0	15320.0	1166.0	3586.0	6818.0	42.0	184.0	5702.0	218.0	1363.0	93.0	201.0	148.0	246.0	83.0	12.0	4036.0	499.0	127.0	13.0	112.0	11.0	263.0	862.0	43.0	37.0	79.0	67.0	340.0	90.0	242.0	0.0	601.0	556.0	47302.0	3.0	1342.0	114.0	22.0	79.0	410.0	4.0	330.0	383.0	0.0	465.0	40.0	663.0	50.0	22.0	1007.0	131.0	163.0	13.0	27.0	768.0	352.0	338.0	1776.0	12.0	17.0	36.0	312.0	18.0	134.0	0.0	0.0	9.0	0.0	0.0	3.0	4.0	71.0	256.0	41.0	33.0	0.0	16.0	296.0	0.0	0.0	0.0	183.0	0.0	12.0	3.0	27.0	0.0	0.0	0.0	0.0	0.0	0.0	0.0	0.0	0.0	0.0	0.0	0.0	0.0	0.0	0.0	0.0	0.0	0.0	0.0	0.0	0.0	0.0	0.0	0.0	0.0	0.0	0.0	0.0	0.0	0.0	0.0	0.0	0.0	0.0	0.0	0.0	0.0	0.0	0.0	0.0
SRR20680542	14607.0	9464.0	119.0	6629.0	6952.0	6691.0	1752.0	3339.0	149.0	1203.0	11595.0	1494.0	31295.0	1522.0	23.0	25172.0	1267.0	7534.0	9051.0	247.0	434.0	7338.0	408.0	246.0	552.0	159.0	119.0	164.0	186.0	0.0	3482.0	3208.0	489.0	15.0	183.0	0.0	1167.0	256.0	44.0	38.0	162.0	179.0	235.0	55.0	365.0	51.0	2778.0	1805.0	1234.0	0.0	5206.0	197.0	114.0	278.0	596.0	3.0	859.0	730.0	0.0	829.0	92.0	1227.0	105.0	12.0	1397.0	97.0	811.0	10.0	40.0	480.0	623.0	148.0	736.0	20.0	13.0	0.0	579.0	102.0	182.0	0.0	51.0	0.0	4.0	0.0	20.0	45.0	186.0	755.0	72.0	93.0	20.0	82.0	186.0	0.0	0.0	0.0	308.0	0.0	25.0	0.0	0.0	0.0	0.0	0.0	0.0	0.0	0.0	0.0	0.0	0.0	0.0	0.0	0.0	0.0	0.0	0.0	0.0	0.0	0.0	0.0	0.0	0.0	0.0	0.0	0.0	0.0	0.0	0.0	0.0	0.0	0.0	0.0	0.0	0.0	0.0	0.0	0.0	0.0	0.0	0.0	0.0
SRR20680543	19305.0	10993.0	560.0	11248.0	7443.0	8362.0	2221.0	6203.0	201.0	1694.0	11814.0	943.0	41820.0	2601.0	41.0	26609.0	1846.0	10707.0	13994.0	175.0	350.0	14204.0	443.0	1486.0	451.0	269.0	193.0	352.0	187.0	62.0	3550.0	2216.0	653.0	83.0	333.0	0.0	1169.0	286.0	63.0	77.0	335.0	365.0	103.0	162.0	719.0	112.0	2957.0	1988.0	6339.0	4.0	3809.0	500.0	86.0	488.0	826.0	25.0	526.0	1134.0	0.0	845.0	159.0	897.0	94.0	43.0	1514.0	6.0	333.0	13.0	93.0	971.0	1055.0	230.0	1328.0	22.0	39.0	0.0	640.0	107.0	139.0	0.0	52.0	0.0	0.0	0.0	11.0	22.0	259.0	383.0	251.0	65.0	29.0	144.0	268.0	0.0	0.0	0.0	311.0	3.0	120.0	29.0	42.0	0.0	0.0	0.0	0.0	0.0	0.0	0.0	4.0	0.0	0.0	0.0	0.0	0.0	0.0	0.0	0.0	0.0	0.0	0.0	0.0	0.0	0.0	0.0	0.0	0.0	0.0	0.0	0.0	0.0	0.0	0.0	0.0	0.0	0.0	0.0	0.0	0.0	0.0	0.0	0.0
SRR20680545	17143.0	11843.0	660.0	7740.0	6155.0	7780.0	1696.0	3794.0	51.0	1073.0	9882.0	785.0	33471.0	1981.0	16.0	25846.0	2466.0	6913.0	13634.0	165.0	443.0	9852.0	318.0	2215.0	252.0	164.0	152.0	220.0	157.0	30.0	3893.0	2411.0	727.0	18.0	282.0	27.0	640.0	406.0	13.0	46.0	60.0	434.0	105.0	102.0	328.0	38.0	1166.0	1631.0	10764.0	0.0	2586.0	57.0	4.0	54.0	387.0	13.0	221.0	916.0	0.0	863.0	72.0	908.0	61.0	5.0	948.0	41.0	453.0	0.0	29.0	773.0	787.0	144.0	961.0	33.0	31.0	0.0	737.0	87.0	246.0	0.0	13.0	9.0	3.0	0.0	36.0	7.0	108.0	555.0	76.0	106.0	10.0	48.0	351.0	0.0	0.0	0.0	165.0	3.0	84.0	14.0	23.0	0.0	0.0	0.0	10.0	0.0	0.0	0.0	0.0	0.0	0.0	0.0	0.0	0.0	0.0	0.0	0.0	0.0	0.0	0.0	0.0	0.0	0.0	0.0	0.0	0.0	0.0	0.0	0.0	0.0	0.0	0.0	0.0	0.0	0.0	0.0	0.0	0.0	0.0	0.0	0.0
SRR20680546	15368.0	4904.0	822.0	8727.0	4988.0	3184.0	768.0	3581.0	50.0	525.0	6568.0	554.0	27465.0	1972.0	4.0	16407.0	1666.0	5624.0	9254.0	46.0	211.0	6898.0	420.0	1923.0	225.0	151.0	181.0	442.0	118.0	10.0	3018.0	750.0	287.0	30.0	282.0	17.0	480.0	707.0	60.0	15.0	37.0	260.0	211.0	156.0	393.0	0.0	934.0	792.0	72988.0	14.0	3106.0	150.0	28.0	165.0	612.0	6.0	452.0	567.0	0.0	451.0	88.0	312.0	85.0	13.0	1599.0	211.0	325.0	11.0	37.0	1317.0	858.0	338.0	490.0	9.0	26.0	0.0	400.0	44.0	193.0	0.0	0.0	5.0	21.0	0.0	5.0	0.0	602.0	295.0	109.0	45.0	0.0	28.0	550.0	0.0	0.0	0.0	205.0	0.0	33.0	10.0	40.0	0.0	0.0	0.0	0.0	0.0	0.0	0.0	0.0	0.0	6.0	0.0	0.0	0.0	0.0	0.0	0.0	0.0	0.0	0.0	10.0	0.0	0.0	0.0	0.0	0.0	0.0	0.0	0.0	0.0	0.0	0.0	0.0	0.0	0.0	0.0	0.0	0.0	0.0	0.0	0.0
SRR20680548	10653.0	9147.0	529.0	4020.0	4351.0	7176.0	1503.0	2442.0	51.0	850.0	7725.0	925.0	27161.0	1060.0	11.0	23448.0	1623.0	6773.0	9798.0	122.0	257.0	6725.0	244.0	1626.0	394.0	184.0	141.0	165.0	157.0	22.0	4104.0	2381.0	744.0	14.0	223.0	17.0	822.0	288.0	0.0	49.0	23.0	487.0	71.0	0.0	190.0	40.0	944.0	1678.0	24339.0	6.0	2478.0	71.0	26.0	27.0	331.0	9.0	146.0	719.0	0.0	510.0	73.0	642.0	168.0	9.0	955.0	104.0	393.0	5.0	0.0	569.0	519.0	134.0	1057.0	35.0	44.0	6.0	745.0	44.0	192.0	0.0	9.0	0.0	9.0	0.0	16.0	0.0	32.0	408.0	102.0	117.0	0.0	140.0	343.0	0.0	0.0	0.0	249.0	0.0	65.0	39.0	29.0	0.0	0.0	0.0	9.0	0.0	0.0	0.0	0.0	0.0	0.0	0.0	0.0	0.0	0.0	0.0	0.0	0.0	0.0	0.0	0.0	0.0	0.0	0.0	0.0	0.0	0.0	0.0	0.0	0.0	0.0	0.0	0.0	0.0	0.0	0.0	0.0	0.0	0.0	0.0	0.0
SRR20680549	7651.0	6249.0	1701.0	3402.0	2187.0	3729.0	592.0	1952.0	26.0	709.0	6490.0	519.0	17248.0	1238.0	4.0	16866.0	2263.0	4325.0	6376.0	27.0	199.0	5418.0	313.0	1695.0	79.0	110.0	147.0	62.0	151.0	11.0	4391.0	878.0	473.0	9.0	219.0	4.0	407.0	492.0	19.0	19.0	63.0	321.0	206.0	17.0	167.0	42.0	784.0	1063.0	44842.0	222.0	1754.0	134.0	13.0	98.0	348.0	3.0	124.0	500.0	0.0	377.0	27.0	651.0	44.0	4.0	441.0	188.0	263.0	0.0	0.0	449.0	419.0	59.0	1538.0	12.0	28.0	0.0	359.0	38.0	113.0	0.0	8.0	0.0	26.0	18.0	31.0	4.0	60.0	358.0	29.0	82.0	11.0	87.0	196.0	0.0	0.0	0.0	88.0	0.0	44.0	10.0	0.0	0.0	0.0	0.0	0.0	0.0	0.0	0.0	0.0	0.0	0.0	0.0	0.0	0.0	0.0	0.0	0.0	0.0	0.0	0.0	0.0	0.0	0.0	0.0	0.0	0.0	0.0	0.0	0.0	0.0	0.0	0.0	0.0	0.0	0.0	0.0	0.0	0.0	0.0	0.0	0.0
SRR20680551	12307.0	10230.0	271.0	4840.0	4943.0	6977.0	1796.0	3414.0	38.0	1102.0	10863.0	917.0	27419.0	1735.0	2.0	24093.0	1558.0	7514.0	9343.0	177.0	354.0	8111.0	263.0	668.0	349.0	202.0	218.0	151.0	298.0	22.0	3907.0	2781.0	780.0	19.0	255.0	9.0	902.0	313.0	17.0	35.0	159.0	532.0	62.0	68.0	250.0	35.0	1562.0	1733.0	3445.0	0.0	5242.0	122.0	14.0	112.0	460.0	8.0	230.0	495.0	0.0	634.0	57.0	1043.0	70.0	34.0	1070.0	52.0	407.0	0.0	36.0	671.0	951.0	79.0	962.0	36.0	64.0	0.0	911.0	92.0	173.0	0.0	18.0	9.0	26.0	0.0	22.0	17.0	126.0	569.0	113.0	87.0	10.0	123.0	396.0	0.0	0.0	0.0	230.0	0.0	101.0	42.0	25.0	0.0	0.0	0.0	4.0	0.0	0.0	0.0	0.0	0.0	0.0	0.0	0.0	0.0	0.0	0.0	0.0	0.0	0.0	0.0	0.0	0.0	0.0	0.0	0.0	0.0	0.0	0.0	0.0	0.0	0.0	0.0	0.0	0.0	0.0	0.0	0.0	0.0	0.0	0.0	0.0
SRR20680552	22529.0	24441.0	948.0	3638.0	4331.0	13863.0	3028.0	1276.0	33.0	243.0	8080.0	228.0	35583.0	1321.0	9.0	6667.0	1432.0	3611.0	6575.0	145.0	284.0	7292.0	412.0	879.0	164.0	22.0	353.0	10.0	71.0	56.0	7303.0	308.0	130.0	4.0	258.0	90.0	147.0	111.0	0.0	163.0	51.0	601.0	33.0	23.0	259.0	0.0	164.0	2608.0	1154.0	16.0	196.0	71.0	2.0	11.0	160.0	4.0	249.0	2038.0	0.0	1322.0	0.0	266.0	107.0	0.0	519.0	34.0	215.0	25.0	37.0	292.0	189.0	67.0	57.0	100.0	16.0	0.0	163.0	41.0	464.0	0.0	29.0	0.0	7.0	0.0	3.0	33.0	42.0	56.0	32.0	123.0	16.0	0.0	14.0	10.0	0.0	0.0	155.0	0.0	36.0	478.0	0.0	0.0	0.0	0.0	0.0	0.0	0.0	0.0	0.0	0.0	5.0	0.0	0.0	0.0	0.0	0.0	0.0	0.0	0.0	0.0	0.0	0.0	0.0	0.0	0.0	0.0	0.0	0.0	0.0	0.0	0.0	0.0	0.0	0.0	0.0	0.0	0.0	0.0	0.0	0.0	0.0
SRR20680553	36991.0	25687.0	1333.0	8702.0	8608.0	16133.0	4627.0	1867.0	154.0	617.0	12327.0	566.0	45680.0	2563.0	7.0	8235.0	1429.0	6602.0	8727.0	284.0	271.0	11912.0	796.0	1311.0	143.0	408.0	306.0	102.0	231.0	108.0	3796.0	726.0	138.0	19.0	649.0	69.0	300.0	214.0	57.0	168.0	114.0	1105.0	35.0	130.0	315.0	0.0	276.0	4801.0	990.0	7.0	271.0	144.0	8.0	42.0	405.0	37.0	739.0	2124.0	0.0	2030.0	5.0	525.0	137.0	19.0	468.0	36.0	420.0	24.0	39.0	370.0	298.0	91.0	164.0	205.0	8.0	0.0	449.0	41.0	481.0	0.0	89.0	0.0	12.0	0.0	9.0	52.0	96.0	73.0	27.0	175.0	11.0	22.0	51.0	0.0	0.0	0.0	176.0	0.0	74.0	868.0	0.0	0.0	0.0	0.0	0.0	0.0	0.0	0.0	0.0	0.0	7.0	0.0	0.0	0.0	0.0	0.0	0.0	0.0	0.0	0.0	0.0	0.0	0.0	0.0	0.0	0.0	0.0	0.0	0.0	0.0	0.0	0.0	0.0	0.0	0.0	0.0	0.0	0.0	0.0	0.0	0.0
SRR20680554	23663.0	20483.0	729.0	3934.0	3278.0	11449.0	2408.0	1112.0	9.0	224.0	7091.0	182.0	30287.0	935.0	0.0	6348.0	963.0	3005.0	6149.0	137.0	209.0	5436.0	581.0	789.0	10.0	70.0	286.0	42.0	99.0	27.0	3723.0	242.0	95.0	5.0	233.0	70.0	128.0	124.0	0.0	101.0	43.0	526.0	9.0	55.0	136.0	0.0	156.0	1899.0	3228.0	17.0	255.0	62.0	3.0	15.0	217.0	3.0	241.0	5612.0	0.0	944.0	11.0	282.0	58.0	6.0	216.0	19.0	221.0	20.0	29.0	227.0	177.0	120.0	137.0	82.0	8.0	2.0	136.0	30.0	345.0	0.0	9.0	0.0	4.0	0.0	4.0	30.0	71.0	61.0	28.0	177.0	9.0	6.0	20.0	0.0	0.0	0.0	138.0	0.0	9.0	325.0	0.0	0.0	0.0	0.0	0.0	0.0	0.0	0.0	0.0	0.0	0.0	0.0	0.0	0.0	0.0	0.0	0.0	0.0	0.0	0.0	0.0	0.0	0.0	0.0	0.0	0.0	0.0	0.0	0.0	0.0	0.0	0.0	0.0	0.0	0.0	0.0	0.0	0.0	0.0	0.0	0.0
SRR20680555	10305.0	9742.0	249.0	6130.0	4968.0	5251.0	1402.0	2550.0	25.0	669.0	11646.0	925.0	22858.0	2204.0	0.0	20542.0	798.0	5805.0	10109.0	133.0	330.0	6985.0	162.0	952.0	221.0	72.0	203.0	7.0	182.0	0.0	3405.0	2466.0	628.0	20.0	150.0	11.0	634.0	574.0	15.0	16.0	141.0	79.0	7.0	53.0	254.0	0.0	2295.0	961.0	10994.0	0.0	4502.0	5.0	0.0	175.0	543.0	0.0	488.0	827.0	0.0	724.0	47.0	1055.0	109.0	0.0	690.0	210.0	361.0	0.0	42.0	588.0	395.0	62.0	621.0	0.0	36.0	0.0	427.0	28.0	142.0	0.0	27.0	4.0	0.0	0.0	0.0	13.0	209.0	687.0	40.0	77.0	17.0	104.0	213.0	0.0	0.0	0.0	151.0	0.0	37.0	10.0	50.0	0.0	0.0	0.0	0.0	0.0	0.0	0.0	0.0	0.0	0.0	0.0	0.0	0.0	0.0	0.0	0.0	0.0	0.0	0.0	0.0	0.0	0.0	0.0	0.0	0.0	0.0	0.0	0.0	0.0	0.0	0.0	0.0	0.0	0.0	0.0	0.0	0.0	0.0	0.0	0.0
SRR20680556	20680.0	17130.0	538.0	5008.0	8575.0	12180.0	1985.0	1113.0	173.0	294.0	5804.0	687.0	30016.0	875.0	16.0	11701.0	1061.0	5684.0	7508.0	560.0	166.0	7205.0	688.0	547.0	128.0	195.0	214.0	90.0	236.0	120.0	4517.0	615.0	143.0	10.0	593.0	42.0	591.0	129.0	17.0	71.0	57.0	996.0	39.0	168.0	354.0	33.0	1146.0	2322.0	6480.0	23.0	360.0	339.0	5.0	58.0	321.0	3.0	1688.0	1956.0	0.0	1271.0	20.0	254.0	64.0	6.0	386.0	118.0	481.0	84.0	166.0	202.0	488.0	70.0	314.0	50.0	33.0	0.0	223.0	26.0	514.0	0.0	48.0	0.0	78.0	0.0	0.0	77.0	143.0	32.0	50.0	52.0	18.0	26.0	67.0	0.0	0.0	0.0	187.0	0.0	100.0	358.0	3.0	0.0	0.0	0.0	10.0	0.0	0.0	0.0	0.0	0.0	0.0	0.0	0.0	0.0	0.0	0.0	0.0	0.0	0.0	0.0	0.0	0.0	0.0	0.0	0.0	0.0	0.0	0.0	0.0	0.0	0.0	0.0	0.0	0.0	0.0	0.0	0.0	0.0	0.0	0.0	0.0
SRR20680557	26928.0	16911.0	772.0	9044.0	9396.0	9195.0	1796.0	2402.0	251.0	563.0	7654.0	808.0	38320.0	1796.0	18.0	15613.0	1640.0	8765.0	13065.0	273.0	169.0	10085.0	901.0	1004.0	87.0	544.0	480.0	147.0	382.0	154.0	4937.0	1044.0	188.0	29.0	798.0	100.0	1014.0	254.0	62.0	73.0	153.0	796.0	115.0	259.0	498.0	39.0	988.0	2711.0	3874.0	50.0	523.0	467.0	10.0	73.0	783.0	17.0	1443.0	1656.0	5.0	1014.0	65.0	280.0	129.0	8.0	587.0	79.0	459.0	13.0	96.0	356.0	652.0	155.0	277.0	135.0	25.0	8.0	181.0	62.0	543.0	5.0	15.0	0.0	34.0	0.0	29.0	146.0	242.0	26.0	78.0	123.0	0.0	39.0	86.0	0.0	0.0	0.0	189.0	0.0	148.0	347.0	10.0	0.0	0.0	0.0	0.0	0.0	0.0	0.0	0.0	0.0	0.0	0.0	0.0	0.0	0.0	0.0	0.0	0.0	0.0	0.0	0.0	0.0	0.0	0.0	0.0	0.0	0.0	0.0	0.0	0.0	0.0	0.0	0.0	0.0	0.0	0.0	0.0	0.0	0.0	0.0	0.0
SRR20680558	17775.0	13455.0	726.0	6795.0	6551.0	7279.0	1429.0	1537.0	148.0	358.0	5300.0	652.0	26082.0	1108.0	14.0	15514.0	1192.0	5473.0	9355.0	241.0	157.0	5814.0	594.0	1914.0	111.0	202.0	464.0	95.0	173.0	67.0	4870.0	655.0	256.0	16.0	625.0	54.0	467.0	180.0	45.0	81.0	76.0	647.0	33.0	152.0	424.0	75.0	804.0	1752.0	2111.0	33.0	301.0	497.0	0.0	73.0	581.0	3.0	1049.0	1408.0	0.0	1029.0	15.0	229.0	95.0	7.0	409.0	82.0	316.0	40.0	83.0	313.0	596.0	154.0	280.0	95.0	40.0	0.0	139.0	4.0	449.0	0.0	0.0	0.0	4.0	0.0	15.0	85.0	261.0	7.0	47.0	108.0	0.0	18.0	27.0	9.0	0.0	0.0	187.0	0.0	75.0	389.0	0.0	0.0	0.0	0.0	4.0	0.0	0.0	0.0	0.0	0.0	2.0	0.0	0.0	0.0	0.0	0.0	0.0	0.0	0.0	0.0	0.0	0.0	0.0	0.0	0.0	0.0	0.0	0.0	0.0	0.0	0.0	0.0	0.0	0.0	0.0	0.0	0.0	0.0	0.0	0.0	0.0
SRR20680559	14429.0	11669.0	413.0	8857.0	5716.0	8587.0	2048.0	5501.0	138.0	1132.0	15944.0	1001.0	30178.0	3076.0	32.0	21938.0	2255.0	8410.0	10964.0	269.0	404.0	11032.0	317.0	1500.0	291.0	399.0	171.0	148.0	130.0	17.0	3697.0	2600.0	688.0	21.0	263.0	19.0	923.0	505.0	56.0	64.0	236.0	203.0	174.0	144.0	396.0	21.0	2307.0	1945.0	10151.0	6.0	6961.0	77.0	125.0	151.0	702.0	50.0	326.0	725.0	0.0	938.0	57.0	1710.0	130.0	34.0	844.0	3.0	403.0	11.0	0.0	721.0	883.0	102.0	899.0	33.0	61.0	0.0	717.0	64.0	145.0	4.0	28.0	9.0	7.0	0.0	38.0	14.0	257.0	637.0	132.0	163.0	15.0	232.0	290.0	0.0	0.0	0.0	215.0	0.0	106.0	21.0	26.0	0.0	0.0	0.0	0.0	0.0	0.0	0.0	0.0	0.0	0.0	0.0	0.0	0.0	0.0	0.0	0.0	0.0	0.0	0.0	0.0	0.0	0.0	0.0	0.0	0.0	0.0	0.0	0.0	9.0	0.0	0.0	0.0	0.0	0.0	0.0	0.0	0.0	0.0	0.0	0.0
SRR20680560	26666.0	17531.0	866.0	14492.0	12875.0	9045.0	2099.0	3171.0	481.0	604.0	8450.0	937.0	36390.0	1931.0	31.0	16677.0	1772.0	8740.0	16148.0	283.0	201.0	12370.0	1198.0	1200.0	124.0	821.0	908.0	141.0	361.0	227.0	6349.0	1003.0	309.0	35.0	952.0	98.0	565.0	310.0	85.0	54.0	186.0	1008.0	37.0	134.0	726.0	58.0	1233.0	1975.0	4582.0	22.0	779.0	717.0	10.0	150.0	793.0	16.0	2564.0	2914.0	0.0	966.0	60.0	292.0	96.0	21.0	371.0	133.0	374.0	50.0	117.0	538.0	945.0	140.0	344.0	124.0	84.0	0.0	260.0	61.0	732.0	0.0	61.0	0.0	11.0	2.0	20.0	129.0	267.0	36.0	43.0	185.0	13.0	20.0	154.0	0.0	0.0	0.0	187.0	0.0	120.0	339.0	0.0	0.0	0.0	0.0	0.0	0.0	0.0	0.0	0.0	0.0	0.0	0.0	0.0	0.0	0.0	0.0	0.0	0.0	0.0	0.0	0.0	0.0	0.0	0.0	0.0	0.0	0.0	0.0	0.0	0.0	0.0	0.0	4.0	0.0	0.0	0.0	0.0	0.0	4.0	0.0	0.0
SRR20680561	14260.0	12485.0	373.0	3990.0	3973.0	5413.0	936.0	921.0	135.0	99.0	5624.0	537.0	16833.0	551.0	0.0	14038.0	763.0	2863.0	6041.0	216.0	174.0	5619.0	286.0	375.0	69.0	12.0	433.0	3.0	199.0	56.0	4368.0	568.0	171.0	8.0	399.0	20.0	431.0	102.0	0.0	70.0	28.0	559.0	8.0	118.0	288.0	17.0	779.0	983.0	1720.0	0.0	347.0	361.0	3.0	78.0	461.0	0.0	630.0	1142.0	0.0	977.0	0.0	139.0	70.0	2.0	195.0	110.0	255.0	20.0	77.0	160.0	447.0	81.0	140.0	61.0	0.0	0.0	103.0	0.0	386.0	0.0	0.0	0.0	15.0	0.0	6.0	86.0	33.0	24.0	14.0	58.0	4.0	35.0	33.0	0.0	0.0	0.0	169.0	0.0	115.0	62.0	10.0	0.0	0.0	0.0	0.0	0.0	0.0	0.0	0.0	0.0	2.0	0.0	0.0	0.0	0.0	0.0	0.0	0.0	0.0	0.0	0.0	0.0	0.0	0.0	0.0	0.0	0.0	0.0	0.0	0.0	0.0	0.0	0.0	0.0	0.0	0.0	0.0	0.0	0.0	0.0	0.0
SRR20680562	25500.0	16675.0	407.0	3640.0	2140.0	6207.0	1176.0	1396.0	20.0	129.0	3657.0	11.0	29359.0	630.0	5.0	2586.0	586.0	2213.0	4524.0	95.0	54.0	5226.0	31.0	423.0	35.0	24.0	287.0	0.0	0.0	0.0	1658.0	166.0	50.0	0.0	268.0	101.0	45.0	18.0	0.0	47.0	0.0	284.0	2.0	27.0	106.0	10.0	98.0	1428.0	669.0	0.0	45.0	19.0	0.0	0.0	36.0	10.0	35.0	2688.0	0.0	604.0	0.0	133.0	96.0	0.0	145.0	31.0	134.0	0.0	0.0	169.0	23.0	32.0	16.0	54.0	0.0	0.0	52.0	29.0	246.0	0.0	4.0	0.0	9.0	0.0	14.0	5.0	35.0	7.0	0.0	52.0	0.0	3.0	9.0	0.0	0.0	0.0	60.0	0.0	45.0	158.0	0.0	0.0	0.0	0.0	0.0	0.0	0.0	0.0	0.0	0.0	0.0	0.0	0.0	0.0	0.0	0.0	0.0	0.0	0.0	0.0	0.0	0.0	0.0	0.0	0.0	0.0	0.0	0.0	0.0	0.0	4.0	0.0	0.0	0.0	0.0	0.0	0.0	0.0	0.0	0.0	0.0
SRR20680563	30257.0	20794.0	874.0	5952.0	4459.0	11092.0	1948.0	1595.0	112.0	297.0	10535.0	212.0	39524.0	1610.0	10.0	7379.0	1502.0	5049.0	8791.0	147.0	219.0	10807.0	636.0	1017.0	0.0	130.0	350.0	3.0	175.0	61.0	3499.0	326.0	97.0	23.0	446.0	134.0	123.0	124.0	5.0	48.0	148.0	965.0	8.0	78.0	284.0	51.0	300.0	2363.0	2110.0	15.0	375.0	127.0	8.0	25.0	399.0	4.0	391.0	3266.0	0.0	1101.0	0.0	398.0	180.0	7.0	149.0	15.0	186.0	32.0	28.0	409.0	335.0	112.0	165.0	118.0	6.0	0.0	132.0	9.0	553.0	0.0	33.0	0.0	0.0	0.0	7.0	36.0	27.0	27.0	0.0	179.0	0.0	0.0	11.0	12.0	0.0	0.0	184.0	0.0	78.0	246.0	5.0	0.0	0.0	0.0	0.0	0.0	0.0	0.0	0.0	0.0	0.0	0.0	0.0	0.0	0.0	0.0	0.0	0.0	0.0	0.0	0.0	0.0	0.0	0.0	0.0	0.0	0.0	0.0	0.0	0.0	0.0	0.0	0.0	0.0	0.0	0.0	0.0	0.0	0.0	0.0	0.0
SRR20680564	26135.0	13219.0	368.0	7740.0	2770.0	5928.0	1022.0	622.0	77.0	123.0	4493.0	123.0	33144.0	1312.0	6.0	4724.0	1180.0	3033.0	5920.0	108.0	36.0	10290.0	522.0	572.0	0.0	164.0	204.0	12.0	71.0	79.0	2650.0	169.0	79.0	17.0	336.0	0.0	88.0	86.0	9.0	39.0	93.0	613.0	15.0	57.0	260.0	0.0	159.0	1482.0	722.0	16.0	203.0	162.0	0.0	36.0	399.0	44.0	433.0	2040.0	0.0	539.0	0.0	194.0	67.0	0.0	299.0	8.0	145.0	3.0	19.0	154.0	274.0	0.0	54.0	69.0	2.0	0.0	19.0	22.0	226.0	0.0	37.0	0.0	9.0	0.0	0.0	11.0	58.0	3.0	0.0	72.0	7.0	25.0	7.0	2.0	0.0	0.0	59.0	0.0	59.0	85.0	0.0	0.0	0.0	0.0	0.0	0.0	0.0	0.0	0.0	0.0	0.0	0.0	0.0	0.0	0.0	0.0	0.0	0.0	0.0	0.0	0.0	0.0	0.0	0.0	0.0	0.0	0.0	0.0	0.0	0.0	0.0	3.0	0.0	0.0	0.0	0.0	0.0	0.0	0.0	0.0	0.0
SRR20680565	9627.0	10023.0	533.0	1678.0	1187.0	4151.0	1030.0	371.0	31.0	13.0	3708.0	238.0	19947.0	495.0	5.0	5996.0	724.0	650.0	2863.0	177.0	118.0	1781.0	184.0	345.0	31.0	7.0	59.0	7.0	51.0	14.0	2076.0	152.0	24.0	0.0	181.0	0.0	66.0	98.0	0.0	99.0	26.0	437.0	3.0	14.0	178.0	25.0	99.0	947.0	569.0	2.0	139.0	51.0	0.0	11.0	41.0	4.0	149.0	713.0	0.0	756.0	0.0	221.0	21.0	0.0	217.0	0.0	94.0	0.0	0.0	200.0	33.0	69.0	63.0	35.0	10.0	0.0	79.0	5.0	145.0	0.0	13.0	0.0	7.0	0.0	0.0	36.0	14.0	18.0	20.0	47.0	0.0	4.0	14.0	0.0	0.0	0.0	67.0	0.0	12.0	120.0	0.0	0.0	0.0	0.0	0.0	0.0	0.0	0.0	0.0	0.0	0.0	0.0	0.0	0.0	0.0	8.0	0.0	0.0	0.0	0.0	0.0	0.0	0.0	0.0	0.0	0.0	0.0	0.0	0.0	0.0	0.0	0.0	0.0	0.0	0.0	0.0	0.0	0.0	0.0	0.0	0.0
SRR20680566	7016.0	6684.0	24.0	2024.0	3370.0	5205.0	661.0	1232.0	17.0	432.0	6465.0	844.0	15354.0	409.0	0.0	17910.0	567.0	2689.0	5608.0	157.0	156.0	4063.0	45.0	484.0	77.0	8.0	119.0	7.0	73.0	16.0	1725.0	1457.0	328.0	0.0	8.0	3.0	566.0	105.0	0.0	0.0	76.0	55.0	0.0	7.0	136.0	28.0	948.0	697.0	6455.0	0.0	1915.0	80.0	14.0	96.0	157.0	0.0	68.0	395.0	0.0	442.0	21.0	286.0	13.0	11.0	360.0	174.0	137.0	0.0	28.0	187.0	281.0	65.0	493.0	15.0	10.0	0.0	281.0	0.0	150.0	0.0	10.0	0.0	0.0	0.0	0.0	11.0	58.0	454.0	50.0	55.0	0.0	68.0	64.0	0.0	0.0	0.0	74.0	0.0	46.0	6.0	14.0	0.0	0.0	0.0	0.0	0.0	0.0	0.0	0.0	0.0	0.0	0.0	0.0	0.0	0.0	0.0	0.0	0.0	0.0	0.0	0.0	0.0	0.0	0.0	0.0	0.0	0.0	0.0	0.0	0.0	0.0	0.0	0.0	0.0	0.0	0.0	0.0	0.0	0.0	0.0	0.0
SRR20680567	15436.0	14709.0	511.0	2190.0	1605.0	6392.0	1362.0	813.0	36.0	76.0	5024.0	98.0	17773.0	635.0	0.0	5276.0	789.0	1664.0	3908.0	68.0	107.0	3149.0	229.0	446.0	71.0	6.0	249.0	21.0	46.0	21.0	2632.0	121.0	81.0	7.0	211.0	63.0	65.0	55.0	0.0	58.0	0.0	359.0	8.0	3.0	74.0	12.0	115.0	865.0	1889.0	0.0	41.0	59.0	0.0	12.0	84.0	0.0	148.0	1505.0	4.0	616.0	0.0	237.0	64.0	6.0	178.0	0.0	145.0	8.0	0.0	137.0	90.0	110.0	65.0	56.0	6.0	0.0	93.0	18.0	225.0	0.0	12.0	0.0	16.0	0.0	0.0	14.0	21.0	6.0	32.0	88.0	6.0	3.0	15.0	0.0	0.0	0.0	45.0	0.0	22.0	123.0	13.0	0.0	0.0	0.0	0.0	0.0	0.0	0.0	0.0	0.0	0.0	0.0	0.0	0.0	0.0	0.0	0.0	0.0	0.0	0.0	0.0	0.0	0.0	0.0	0.0	0.0	0.0	0.0	0.0	0.0	0.0	0.0	0.0	0.0	0.0	0.0	0.0	0.0	0.0	0.0	0.0
SRR20680568	15450.0	11202.0	422.0	5887.0	4617.0	4860.0	922.0	1073.0	118.0	240.0	5515.0	582.0	19117.0	1181.0	0.0	13363.0	1013.0	4502.0	9077.0	218.0	176.0	6296.0	837.0	569.0	90.0	25.0	495.0	23.0	254.0	95.0	5347.0	389.0	228.0	25.0	536.0	62.0	490.0	262.0	2.0	81.0	64.0	620.0	4.0	101.0	395.0	43.0	841.0	837.0	3788.0	3.0	262.0	217.0	0.0	125.0	611.0	0.0	990.0	1528.0	0.0	1179.0	24.0	207.0	92.0	0.0	296.0	45.0	265.0	23.0	100.0	119.0	548.0	127.0	77.0	75.0	0.0	0.0	62.0	0.0	562.0	0.0	25.0	0.0	6.0	0.0	9.0	53.0	92.0	42.0	65.0	106.0	0.0	0.0	16.0	0.0	0.0	0.0	202.0	0.0	51.0	123.0	5.0	0.0	0.0	0.0	0.0	0.0	0.0	0.0	0.0	0.0	0.0	0.0	0.0	0.0	0.0	0.0	0.0	0.0	0.0	0.0	0.0	0.0	0.0	0.0	0.0	0.0	0.0	0.0	0.0	0.0	0.0	0.0	0.0	0.0	0.0	0.0	0.0	0.0	0.0	0.0	0.0
SRR20680569	12164.0	10856.0	334.0	2190.0	3120.0	5465.0	1010.0	415.0	100.0	141.0	4444.0	344.0	11604.0	392.0	4.0	7786.0	603.0	1854.0	6502.0	213.0	214.0	4505.0	233.0	201.0	44.0	15.0	403.0	11.0	78.0	19.0	3000.0	265.0	132.0	9.0	247.0	30.0	369.0	105.0	2.0	31.0	46.0	478.0	9.0	107.0	174.0	0.0	780.0	696.0	4445.0	4.0	244.0	126.0	0.0	35.0	291.0	3.0	856.0	1009.0	0.0	671.0	0.0	246.0	55.0	10.0	130.0	13.0	311.0	27.0	55.0	31.0	853.0	16.0	287.0	53.0	0.0	0.0	14.0	0.0	358.0	0.0	0.0	0.0	18.0	3.0	3.0	94.0	90.0	34.0	17.0	75.0	7.0	10.0	20.0	0.0	0.0	0.0	59.0	0.0	80.0	50.0	8.0	0.0	0.0	0.0	12.0	0.0	0.0	0.0	0.0	0.0	0.0	0.0	0.0	0.0	0.0	0.0	0.0	0.0	0.0	0.0	0.0	0.0	0.0	0.0	0.0	0.0	0.0	0.0	0.0	0.0	0.0	0.0	0.0	0.0	0.0	0.0	0.0	0.0	0.0	0.0	0.0
SRR20680570	25325.0	11124.0	515.0	8499.0	2499.0	6132.0	1092.0	770.0	106.0	179.0	5400.0	232.0	28582.0	1354.0	0.0	8973.0	440.0	2704.0	7310.0	80.0	136.0	11252.0	497.0	445.0	39.0	175.0	612.0	138.0	125.0	54.0	2046.0	178.0	79.0	0.0	285.0	50.0	92.0	194.0	4.0	64.0	0.0	706.0	59.0	30.0	267.0	0.0	303.0	960.0	1016.0	6.0	267.0	99.0	0.0	63.0	276.0	3.0	471.0	1484.0	0.0	660.0	4.0	313.0	140.0	4.0	137.0	20.0	166.0	30.0	0.0	266.0	202.0	90.0	59.0	56.0	0.0	0.0	27.0	23.0	230.0	0.0	20.0	0.0	8.0	0.0	4.0	79.0	43.0	9.0	0.0	113.0	8.0	8.0	0.0	5.0	0.0	0.0	73.0	0.0	19.0	148.0	0.0	0.0	0.0	0.0	0.0	0.0	0.0	0.0	0.0	0.0	0.0	0.0	0.0	0.0	0.0	0.0	0.0	0.0	0.0	0.0	0.0	0.0	0.0	0.0	0.0	0.0	0.0	0.0	0.0	0.0	0.0	0.0	0.0	0.0	0.0	0.0	0.0	0.0	0.0	0.0	0.0
SRR20680571	17151.0	10764.0	532.0	4155.0	2930.0	6960.0	1035.0	684.0	108.0	226.0	3796.0	120.0	25504.0	736.0	5.0	5383.0	529.0	3192.0	5497.0	152.0	127.0	6067.0	652.0	450.0	146.0	104.0	342.0	92.0	181.0	65.0	1819.0	212.0	46.0	10.0	397.0	64.0	93.0	103.0	0.0	114.0	54.0	292.0	21.0	13.0	213.0	41.0	204.0	1231.0	3649.0	0.0	370.0	211.0	0.0	153.0	249.0	3.0	322.0	2311.0	0.0	771.0	85.0	207.0	0.0	0.0	254.0	0.0	105.0	0.0	37.0	185.0	214.0	79.0	138.0	32.0	0.0	0.0	64.0	0.0	268.0	0.0	29.0	0.0	0.0	0.0	0.0	83.0	63.0	26.0	0.0	110.0	0.0	18.0	0.0	0.0	0.0	0.0	74.0	0.0	28.0	104.0	0.0	0.0	0.0	0.0	12.0	0.0	0.0	0.0	0.0	0.0	0.0	0.0	0.0	0.0	0.0	0.0	0.0	0.0	0.0	0.0	0.0	0.0	0.0	0.0	0.0	0.0	0.0	0.0	0.0	0.0	0.0	0.0	0.0	0.0	0.0	0.0	0.0	0.0	0.0	0.0	0.0
SRR20680572	14674.0	7737.0	59.0	6307.0	5010.0	5483.0	1016.0	2475.0	215.0	1126.0	10713.0	1105.0	23196.0	1655.0	10.0	14063.0	1061.0	7302.0	9376.0	264.0	131.0	9528.0	606.0	270.0	431.0	1074.0	516.0	53.0	179.0	0.0	3701.0	1593.0	445.0	53.0	352.0	1222.0	1035.0	347.0	58.0	68.0	210.0	639.0	149.0	58.0	419.0	45.0	1792.0	1594.0	1620.0	5.0	3329.0	273.0	41.0	83.0	1649.0	4.0	1038.0	836.0	0.0	452.0	97.0	614.0	20.0	33.0	503.0	103.0	423.0	50.0	17.0	546.0	1221.0	231.0	4892.0	16.0	16.0	759.0	357.0	48.0	265.0	0.0	17.0	0.0	0.0	143.0	0.0	0.0	168.0	507.0	0.0	30.0	10.0	101.0	976.0	0.0	11.0	0.0	221.0	0.0	106.0	0.0	11.0	0.0	0.0	0.0	0.0	0.0	0.0	0.0	0.0	0.0	0.0	0.0	0.0	0.0	85.0	0.0	0.0	0.0	0.0	0.0	95.0	0.0	0.0	0.0	0.0	0.0	0.0	0.0	0.0	61.0	0.0	0.0	20.0	0.0	0.0	0.0	0.0	0.0	0.0	0.0	0.0
SRR20680573	29385.0	17624.0	790.0	5838.0	3845.0	9471.0	1915.0	1323.0	113.0	178.0	7888.0	179.0	35125.0	1308.0	14.0	7038.0	1628.0	4252.0	8157.0	132.0	152.0	8183.0	506.0	888.0	135.0	151.0	272.0	48.0	224.0	62.0	4092.0	337.0	145.0	15.0	545.0	98.0	130.0	107.0	5.0	50.0	231.0	690.0	4.0	72.0	254.0	23.0	276.0	2213.0	1158.0	22.0	173.0	149.0	0.0	40.0	374.0	17.0	288.0	2273.0	0.0	1205.0	19.0	253.0	56.0	7.0	345.0	10.0	179.0	21.0	20.0	345.0	386.0	125.0	123.0	94.0	9.0	0.0	132.0	45.0	506.0	0.0	0.0	0.0	5.0	0.0	0.0	30.0	173.0	23.0	11.0	132.0	0.0	19.0	0.0	0.0	0.0	0.0	87.0	0.0	75.0	235.0	3.0	0.0	0.0	0.0	0.0	0.0	0.0	0.0	0.0	0.0	0.0	0.0	0.0	0.0	0.0	0.0	0.0	0.0	0.0	0.0	0.0	0.0	0.0	0.0	0.0	0.0	0.0	0.0	0.0	0.0	0.0	0.0	0.0	0.0	0.0	0.0	0.0	0.0	0.0	0.0	0.0
SRR20680574	28259.0	18742.0	476.0	5657.0	2532.0	7542.0	1446.0	1339.0	54.0	185.0	5904.0	81.0	29718.0	1212.0	0.0	4318.0	989.0	2436.0	5200.0	95.0	100.0	7479.0	452.0	590.0	30.0	48.0	301.0	23.0	120.0	50.0	2051.0	226.0	54.0	20.0	406.0	82.0	98.0	49.0	0.0	40.0	69.0	491.0	13.0	13.0	262.0	21.0	163.0	1518.0	1093.0	0.0	151.0	64.0	3.0	13.0	76.0	13.0	163.0	1794.0	0.0	837.0	0.0	259.0	211.0	0.0	173.0	6.0	168.0	9.0	25.0	291.0	144.0	69.0	102.0	102.0	13.0	0.0	76.0	38.0	314.0	0.0	23.0	0.0	4.0	0.0	8.0	24.0	79.0	27.0	6.0	71.0	8.0	0.0	19.0	0.0	0.0	0.0	83.0	0.0	39.0	182.0	0.0	0.0	0.0	0.0	0.0	0.0	0.0	0.0	0.0	0.0	0.0	0.0	0.0	0.0	0.0	0.0	0.0	0.0	0.0	0.0	0.0	0.0	0.0	0.0	0.0	0.0	0.0	0.0	0.0	0.0	0.0	0.0	0.0	0.0	0.0	0.0	0.0	0.0	0.0	0.0	0.0
SRR20680575	14044.0	11380.0	167.0	7634.0	5560.0	7902.0	1886.0	4026.0	75.0	1055.0	12695.0	760.0	31742.0	1884.0	26.0	31234.0	1744.0	8916.0	11962.0	160.0	318.0	9346.0	349.0	1264.0	284.0	191.0	135.0	153.0	140.0	63.0	3758.0	2737.0	470.0	0.0	188.0	18.0	640.0	275.0	24.0	13.0	82.0	111.0	139.0	131.0	334.0	50.0	2343.0	1711.0	12874.0	0.0	4256.0	481.0	56.0	306.0	615.0	22.0	204.0	992.0	0.0	851.0	73.0	939.0	42.0	28.0	805.0	46.0	320.0	12.0	51.0	499.0	794.0	104.0	793.0	43.0	35.0	0.0	583.0	40.0	142.0	0.0	52.0	9.0	0.0	2.0	10.0	22.0	162.0	547.0	87.0	166.0	14.0	93.0	255.0	0.0	0.0	0.0	222.0	0.0	106.0	8.0	9.0	0.0	0.0	0.0	0.0	0.0	0.0	0.0	0.0	4.0	0.0	0.0	0.0	0.0	0.0	0.0	0.0	0.0	0.0	0.0	0.0	0.0	0.0	3.0	0.0	0.0	0.0	0.0	0.0	0.0	0.0	0.0	0.0	0.0	2.0	0.0	0.0	0.0	0.0	0.0	0.0
SRR20680576	22429.0	14956.0	460.0	4254.0	2399.0	7219.0	1368.0	871.0	24.0	171.0	6145.0	147.0	22647.0	894.0	4.0	6333.0	1030.0	2518.0	6043.0	99.0	181.0	5984.0	375.0	592.0	29.0	50.0	332.0	24.0	187.0	14.0	3061.0	248.0	86.0	0.0	290.0	92.0	151.0	137.0	6.0	111.0	17.0	488.0	0.0	40.0	186.0	9.0	206.0	1197.0	2907.0	4.0	209.0	83.0	0.0	16.0	143.0	0.0	294.0	1811.0	0.0	1049.0	0.0	256.0	116.0	0.0	186.0	18.0	140.0	10.0	35.0	215.0	290.0	59.0	114.0	38.0	0.0	0.0	55.0	4.0	365.0	0.0	7.0	0.0	8.0	0.0	4.0	20.0	50.0	17.0	0.0	100.0	7.0	0.0	13.0	0.0	0.0	0.0	65.0	0.0	24.0	250.0	2.0	0.0	0.0	0.0	0.0	0.0	0.0	0.0	0.0	0.0	0.0	0.0	0.0	0.0	0.0	0.0	0.0	0.0	0.0	0.0	0.0	0.0	0.0	0.0	0.0	0.0	0.0	0.0	0.0	0.0	0.0	0.0	0.0	0.0	0.0	0.0	0.0	0.0	0.0	0.0	0.0
SRR20680584	11462.0	10911.0	137.0	3800.0	4502.0	6324.0	1558.0	1664.0	55.0	592.0	12758.0	1765.0	23095.0	846.0	7.0	23399.0	1012.0	4536.0	7908.0	248.0	251.0	6702.0	176.0	308.0	407.0	44.0	152.0	123.0	311.0	30.0	3786.0	2412.0	369.0	9.0	267.0	10.0	1227.0	192.0	10.0	11.0	106.0	320.0	30.0	33.0	325.0	14.0	1675.0	928.0	3246.0	6.0	3490.0	233.0	0.0	90.0	297.0	2.0	611.0	552.0	0.0	890.0	47.0	717.0	6.0	14.0	470.0	40.0	356.0	7.0	50.0	223.0	902.0	46.0	647.0	0.0	74.0	0.0	463.0	41.0	136.0	0.0	15.0	0.0	0.0	0.0	27.0	9.0	117.0	1000.0	36.0	115.0	0.0	115.0	229.0	0.0	0.0	0.0	158.0	0.0	75.0	13.0	26.0	0.0	0.0	0.0	0.0	0.0	0.0	0.0	0.0	0.0	0.0	0.0	0.0	0.0	0.0	0.0	0.0	0.0	0.0	0.0	0.0	0.0	0.0	0.0	0.0	0.0	0.0	0.0	0.0	0.0	0.0	0.0	0.0	0.0	0.0	0.0	0.0	0.0	0.0	0.0	0.0
SRR20680585	9599.0	8007.0	907.0	4897.0	4518.0	4472.0	840.0	1651.0	43.0	750.0	9694.0	899.0	20350.0	1060.0	9.0	16366.0	866.0	3971.0	6359.0	139.0	241.0	5547.0	191.0	1562.0	215.0	38.0	114.0	78.0	176.0	17.0	3495.0	2117.0	385.0	9.0	89.0	6.0	648.0	226.0	0.0	7.0	110.0	109.0	22.0	12.0	251.0	25.0	1171.0	800.0	14616.0	4.0	2787.0	158.0	54.0	141.0	264.0	0.0	430.0	794.0	0.0	461.0	9.0	674.0	27.0	0.0	478.0	789.0	472.0	10.0	50.0	293.0	555.0	92.0	1203.0	0.0	30.0	0.0	335.0	28.0	147.0	0.0	19.0	0.0	6.0	0.0	0.0	11.0	108.0	658.0	68.0	112.0	20.0	89.0	78.0	0.0	0.0	0.0	169.0	0.0	67.0	3.0	26.0	0.0	0.0	0.0	0.0	0.0	0.0	0.0	0.0	0.0	0.0	0.0	0.0	0.0	0.0	0.0	0.0	0.0	0.0	0.0	0.0	0.0	0.0	0.0	0.0	0.0	0.0	0.0	0.0	0.0	0.0	0.0	0.0	0.0	0.0	0.0	0.0	0.0	0.0	0.0	0.0
SRR20680586	15780.0	7739.0	104.0	3682.0	3837.0	5337.0	744.0	1521.0	51.0	1432.0	8446.0	897.0	22387.0	699.0	16.0	17132.0	617.0	5088.0	9964.0	194.0	183.0	5422.0	206.0	389.0	155.0	135.0	251.0	126.0	168.0	10.0	4737.0	1334.0	211.0	19.0	125.0	205.0	1005.0	247.0	0.0	0.0	73.0	130.0	52.0	23.0	302.0	21.0	2171.0	1000.0	2080.0	0.0	2163.0	229.0	0.0	54.0	512.0	0.0	542.0	603.0	0.0	474.0	56.0	454.0	15.0	8.0	666.0	133.0	281.0	0.0	44.0	298.0	836.0	137.0	7155.0	16.0	31.0	24.0	431.0	9.0	33.0	9.0	23.0	15.0	8.0	0.0	13.0	0.0	40.0	575.0	98.0	58.0	9.0	121.0	303.0	0.0	0.0	0.0	301.0	0.0	97.0	0.0	0.0	0.0	0.0	0.0	0.0	9.0	0.0	0.0	0.0	0.0	0.0	0.0	0.0	0.0	0.0	0.0	0.0	0.0	0.0	0.0	15.0	0.0	0.0	0.0	0.0	0.0	0.0	0.0	0.0	52.0	0.0	0.0	0.0	0.0	0.0	0.0	0.0	0.0	0.0	0.0	0.0
SRR20680588	14053.0	10799.0	214.0	5144.0	4509.0	8149.0	1260.0	2265.0	78.0	802.0	11214.0	1184.0	28046.0	996.0	12.0	26814.0	662.0	5981.0	9840.0	270.0	287.0	6932.0	285.0	905.0	506.0	145.0	166.0	164.0	175.0	40.0	4842.0	2530.0	350.0	42.0	165.0	9.0	1341.0	270.0	38.0	36.0	121.0	208.0	34.0	29.0	337.0	0.0	2321.0	1191.0	4753.0	0.0	5104.0	313.0	59.0	187.0	499.0	9.0	350.0	866.0	0.0	720.0	65.0	895.0	33.0	7.0	995.0	28.0	457.0	13.0	47.0	318.0	535.0	155.0	1140.0	11.0	66.0	0.0	622.0	51.0	240.0	0.0	43.0	0.0	11.0	0.0	0.0	9.0	173.0	980.0	87.0	90.0	0.0	133.0	243.0	0.0	0.0	0.0	321.0	0.0	63.0	0.0	53.0	0.0	4.0	0.0	12.0	0.0	0.0	0.0	0.0	0.0	0.0	0.0	0.0	0.0	0.0	0.0	0.0	0.0	0.0	0.0	0.0	0.0	0.0	0.0	0.0	0.0	0.0	0.0	0.0	0.0	0.0	0.0	0.0	0.0	0.0	0.0	0.0	0.0	0.0	0.0	0.0
SRR20680589	25264.0	5506.0	92.0	20540.0	2523.0	4668.0	930.0	1853.0	54.0	674.0	5987.0	737.0	27418.0	1594.0	15.0	21473.0	647.0	4427.0	13957.0	140.0	180.0	12388.0	311.0	1465.0	217.0	62.0	165.0	83.0	150.0	14.0	5332.0	1391.0	452.0	0.0	147.0	110.0	1036.0	331.0	32.0	0.0	90.0	37.0	15.0	19.0	279.0	15.0	2660.0	809.0	3961.0	0.0	2667.0	1657.0	132.0	125.0	491.0	2.0	259.0	297.0	0.0	313.0	0.0	714.0	50.0	18.0	523.0	96.0	38.0	0.0	80.0	722.0	563.0	58.0	8181.0	8.0	80.0	0.0	296.0	25.0	36.0	0.0	9.0	0.0	26.0	243.0	0.0	11.0	302.0	318.0	28.0	120.0	34.0	91.0	116.0	0.0	0.0	0.0	239.0	0.0	43.0	0.0	21.0	0.0	0.0	0.0	0.0	0.0	0.0	0.0	0.0	0.0	0.0	0.0	0.0	0.0	0.0	0.0	0.0	0.0	0.0	0.0	0.0	0.0	0.0	0.0	0.0	0.0	0.0	0.0	0.0	0.0	0.0	0.0	0.0	0.0	0.0	0.0	0.0	0.0	0.0	0.0	0.0
SRR20680590	11349.0	9903.0	611.0	4618.0	4128.0	6903.0	1058.0	2363.0	50.0	798.0	10480.0	881.0	26305.0	1133.0	15.0	20985.0	395.0	5454.0	10032.0	197.0	308.0	6109.0	245.0	695.0	421.0	70.0	255.0	69.0	81.0	38.0	5571.0	2339.0	526.0	11.0	134.0	19.0	1107.0	338.0	54.0	28.0	111.0	257.0	36.0	8.0	195.0	42.0	1775.0	1197.0	14584.0	0.0	4539.0	116.0	58.0	131.0	416.0	0.0	265.0	866.0	0.0	555.0	60.0	1036.0	11.0	42.0	839.0	96.0	359.0	0.0	69.0	340.0	588.0	71.0	1263.0	8.0	49.0	0.0	420.0	23.0	108.0	0.0	4.0	11.0	26.0	0.0	40.0	11.0	103.0	702.0	58.0	183.0	40.0	130.0	177.0	0.0	0.0	0.0	262.0	0.0	58.0	14.0	21.0	0.0	0.0	0.0	9.0	0.0	0.0	0.0	0.0	0.0	0.0	0.0	0.0	0.0	0.0	0.0	0.0	0.0	0.0	0.0	0.0	0.0	0.0	0.0	0.0	0.0	0.0	0.0	0.0	0.0	0.0	0.0	0.0	0.0	0.0	0.0	0.0	0.0	0.0	0.0	0.0
SRR20680592	15766.0	12781.0	103.0	4694.0	6745.0	10004.0	1037.0	2149.0	50.0	1323.0	13727.0	1712.0	36324.0	968.0	3.0	30498.0	1255.0	5350.0	10476.0	320.0	254.0	7943.0	245.0	509.0	549.0	104.0	192.0	117.0	324.0	53.0	4724.0	2940.0	572.0	9.0	286.0	13.0	1290.0	273.0	44.0	64.0	153.0	629.0	47.0	13.0	320.0	0.0	2079.0	1345.0	5243.0	0.0	4520.0	269.0	29.0	69.0	734.0	0.0	506.0	1204.0	0.0	1028.0	111.0	763.0	100.0	40.0	970.0	142.0	527.0	10.0	77.0	508.0	688.0	137.0	921.0	0.0	36.0	0.0	536.0	58.0	326.0	0.0	29.0	0.0	0.0	0.0	13.0	15.0	99.0	962.0	61.0	193.0	5.0	129.0	342.0	0.0	0.0	0.0	288.0	0.0	117.0	14.0	40.0	0.0	0.0	0.0	6.0	0.0	0.0	0.0	0.0	0.0	0.0	0.0	0.0	0.0	0.0	0.0	0.0	0.0	0.0	0.0	0.0	0.0	0.0	0.0	0.0	0.0	0.0	0.0	0.0	0.0	0.0	0.0	0.0	0.0	0.0	0.0	0.0	0.0	0.0	0.0	0.0
SRR20680593	6614.0	6157.0	318.0	1926.0	3202.0	6269.0	975.0	1171.0	13.0	631.0	6646.0	737.0	15601.0	565.0	0.0	12478.0	453.0	2780.0	5129.0	94.0	88.0	3261.0	188.0	815.0	138.0	7.0	110.0	15.0	116.0	0.0	2199.0	1416.0	340.0	0.0	71.0	7.0	653.0	72.0	0.0	23.0	74.0	286.0	38.0	10.0	89.0	0.0	916.0	861.0	26872.0	2.0	1345.0	164.0	0.0	0.0	236.0	0.0	190.0	501.0	0.0	397.0	0.0	387.0	16.0	7.0	846.0	168.0	268.0	0.0	0.0	228.0	223.0	72.0	515.0	0.0	0.0	5.0	330.0	28.0	33.0	0.0	0.0	9.0	0.0	0.0	0.0	7.0	37.0	504.0	47.0	46.0	5.0	57.0	113.0	0.0	0.0	0.0	86.0	0.0	29.0	0.0	35.0	0.0	0.0	0.0	0.0	0.0	0.0	0.0	0.0	0.0	0.0	0.0	0.0	0.0	0.0	0.0	0.0	0.0	0.0	0.0	0.0	0.0	0.0	0.0	0.0	0.0	0.0	0.0	0.0	0.0	0.0	0.0	0.0	0.0	0.0	0.0	0.0	0.0	0.0	0.0	0.0
SRR20680594	12548.0	7813.0	125.0	5648.0	4489.0	6542.0	736.0	2502.0	81.0	1154.0	8291.0	1084.0	29366.0	743.0	18.0	29346.0	1224.0	5729.0	8767.0	195.0	250.0	6729.0	169.0	636.0	421.0	181.0	192.0	136.0	197.0	25.0	3832.0	1845.0	374.0	25.0	225.0	0.0	1237.0	201.0	35.0	25.0	8.0	615.0	87.0	0.0	401.0	0.0	1565.0	1443.0	25425.0	3.0	4969.0	63.0	79.0	114.0	724.0	0.0	463.0	787.0	0.0	612.0	34.0	721.0	53.0	19.0	996.0	410.0	237.0	8.0	58.0	534.0	1047.0	139.0	1179.0	0.0	55.0	0.0	485.0	32.0	228.0	0.0	22.0	0.0	0.0	0.0	0.0	14.0	130.0	493.0	98.0	182.0	0.0	114.0	357.0	0.0	0.0	0.0	188.0	0.0	94.0	0.0	25.0	0.0	0.0	0.0	0.0	0.0	0.0	0.0	0.0	0.0	0.0	0.0	0.0	0.0	0.0	0.0	0.0	0.0	0.0	0.0	0.0	0.0	0.0	0.0	0.0	0.0	0.0	0.0	0.0	0.0	0.0	0.0	0.0	0.0	0.0	0.0	0.0	0.0	0.0	0.0	0.0
SRR20680595	12720.0	14184.0	173.0	4258.0	3947.0	5800.0	791.0	2395.0	0.0	838.0	7805.0	664.0	27420.0	1017.0	8.0	26337.0	1006.0	4885.0	11475.0	161.0	338.0	5941.0	110.0	1163.0	275.0	52.0	348.0	85.0	129.0	40.0	4232.0	1783.0	359.0	7.0	100.0	25.0	490.0	315.0	5.0	0.0	139.0	258.0	19.0	21.0	418.0	34.0	1927.0	978.0	37162.0	0.0	3261.0	16.0	0.0	24.0	291.0	0.0	187.0	678.0	0.0	696.0	28.0	956.0	28.0	10.0	627.0	213.0	189.0	0.0	35.0	463.0	516.0	96.0	1049.0	9.0	14.0	0.0	406.0	36.0	204.0	0.0	0.0	0.0	19.0	0.0	11.0	6.0	114.0	598.0	36.0	124.0	0.0	104.0	198.0	0.0	0.0	0.0	300.0	0.0	52.0	8.0	0.0	0.0	0.0	0.0	0.0	0.0	0.0	0.0	0.0	0.0	0.0	0.0	0.0	0.0	0.0	0.0	0.0	0.0	0.0	0.0	0.0	0.0	0.0	0.0	0.0	0.0	0.0	0.0	0.0	0.0	0.0	0.0	0.0	0.0	0.0	0.0	0.0	0.0	0.0	0.0	0.0
SRR20680596	7876.0	3472.0	173.0	4096.0	1696.0	2346.0	267.0	1521.0	18.0	324.0	3838.0	343.0	14266.0	804.0	0.0	17089.0	1151.0	3379.0	5840.0	42.0	121.0	3391.0	36.0	1767.0	52.0	9.0	84.0	90.0	99.0	3.0	3490.0	537.0	137.0	7.0	171.0	0.0	204.0	243.0	0.0	10.0	25.0	136.0	15.0	28.0	136.0	0.0	1026.0	413.0	62766.0	0.0	1141.0	80.0	0.0	18.0	102.0	0.0	45.0	508.0	0.0	410.0	24.0	501.0	50.0	0.0	510.0	299.0	66.0	0.0	39.0	714.0	368.0	231.0	250.0	0.0	0.0	0.0	92.0	0.0	85.0	0.0	0.0	0.0	0.0	0.0	0.0	8.0	58.0	232.0	0.0	45.0	6.0	28.0	54.0	0.0	0.0	0.0	83.0	0.0	0.0	0.0	6.0	0.0	0.0	0.0	0.0	0.0	0.0	0.0	0.0	0.0	0.0	0.0	0.0	0.0	0.0	0.0	0.0	0.0	0.0	0.0	0.0	0.0	0.0	0.0	0.0	0.0	0.0	0.0	0.0	0.0	0.0	0.0	0.0	0.0	0.0	0.0	0.0	0.0	0.0	0.0	0.0
SRR20680597	19415.0	9217.0	115.0	9318.0	4597.0	7434.0	1080.0	3349.0	168.0	1129.0	9763.0	1032.0	34439.0	1883.0	14.0	20772.0	1377.0	8067.0	9663.0	238.0	306.0	9895.0	811.0	371.0	405.0	535.0	205.0	142.0	262.0	62.0	5066.0	2098.0	355.0	13.0	321.0	17.0	1079.0	381.0	54.0	64.0	132.0	165.0	116.0	54.0	451.0	0.0	2256.0	1555.0	4808.0	0.0	6589.0	467.0	116.0	235.0	873.0	6.0	731.0	785.0	0.0	861.0	158.0	967.0	119.0	56.0	937.0	36.0	537.0	6.0	45.0	611.0	1442.0	191.0	2492.0	30.0	70.0	5.0	525.0	25.0	60.0	0.0	0.0	0.0	12.0	0.0	0.0	0.0	234.0	764.0	72.0	115.0	8.0	263.0	447.0	0.0	0.0	0.0	352.0	0.0	53.0	0.0	0.0	0.0	0.0	0.0	0.0	0.0	0.0	0.0	0.0	0.0	0.0	0.0	0.0	0.0	0.0	0.0	0.0	0.0	0.0	0.0	0.0	0.0	0.0	0.0	0.0	0.0	0.0	0.0	0.0	0.0	0.0	0.0	9.0	0.0	0.0	0.0	0.0	0.0	0.0	0.0	0.0
SRR20680598	14542.0	7602.0	163.0	4369.0	3856.0	6021.0	1114.0	2958.0	49.0	961.0	8015.0	955.0	23989.0	1387.0	6.0	19460.0	1206.0	6252.0	12043.0	190.0	273.0	8572.0	293.0	565.0	299.0	243.0	300.0	122.0	232.0	29.0	5285.0	2081.0	428.0	31.0	136.0	10.0	976.0	450.0	32.0	30.0	68.0	191.0	80.0	70.0	368.0	13.0	2328.0	1114.0	1464.0	0.0	5273.0	180.0	34.0	124.0	480.0	3.0	495.0	577.0	0.0	778.0	26.0	1134.0	43.0	9.0	538.0	96.0	438.0	14.0	0.0	481.0	845.0	126.0	2723.0	0.0	62.0	0.0	488.0	43.0	187.0	0.0	16.0	0.0	0.0	0.0	26.0	0.0	148.0	684.0	81.0	202.0	0.0	142.0	233.0	0.0	0.0	0.0	271.0	2.0	88.0	12.0	38.0	0.0	0.0	0.0	0.0	0.0	0.0	0.0	0.0	0.0	0.0	0.0	0.0	0.0	0.0	0.0	0.0	0.0	0.0	0.0	0.0	0.0	0.0	0.0	0.0	0.0	0.0	0.0	0.0	0.0	0.0	0.0	0.0	0.0	0.0	0.0	0.0	0.0	0.0	0.0	0.0
SRR20680599	20335.0	10668.0	629.0	14978.0	9554.0	8166.0	1999.0	6408.0	75.0	1399.0	10888.0	982.0	42314.0	3229.0	86.0	23553.0	2466.0	12946.0	14540.0	269.0	318.0	15390.0	651.0	1733.0	284.0	506.0	171.0	200.0	133.0	34.0	4149.0	2551.0	799.0	30.0	213.0	24.0	818.0	247.0	97.0	38.0	260.0	347.0	73.0	191.0	467.0	105.0	2534.0	2236.0	5096.0	5.0	3876.0	1221.0	85.0	463.0	919.0	45.0	498.0	1306.0	0.0	676.0	85.0	1175.0	159.0	39.0	1127.0	70.0	431.0	6.0	37.0	958.0	1324.0	135.0	812.0	36.0	64.0	0.0	1271.0	80.0	257.0	0.0	32.0	20.0	5.0	6.0	46.0	8.0	247.0	498.0	153.0	158.0	12.0	97.0	211.0	0.0	0.0	0.0	141.0	0.0	69.0	0.0	32.0	0.0	0.0	0.0	0.0	0.0	0.0	0.0	0.0	0.0	0.0	0.0	0.0	0.0	0.0	0.0	0.0	0.0	0.0	0.0	0.0	0.0	0.0	0.0	0.0	2.0	0.0	0.0	0.0	0.0	0.0	0.0	0.0	0.0	0.0	0.0	0.0	0.0	0.0	0.0	0.0
SRR20680600	18291.0	12548.0	565.0	11142.0	8131.0	8649.0	1909.0	5820.0	40.0	1795.0	13844.0	1126.0	38559.0	3412.0	52.0	28936.0	1995.0	10699.0	19072.0	211.0	519.0	15548.0	393.0	1762.0	469.0	346.0	290.0	151.0	237.0	58.0	6366.0	3342.0	997.0	34.0	278.0	2.0	1129.0	612.0	88.0	49.0	316.0	342.0	118.0	135.0	491.0	63.0	3109.0	1985.0	7124.0	5.0	8067.0	91.0	87.0	370.0	708.0	32.0	441.0	979.0	0.0	927.0	136.0	2040.0	53.0	42.0	1345.0	143.0	521.0	14.0	77.0	1065.0	1392.0	141.0	1436.0	30.0	151.0	0.0	1198.0	88.0	206.0	0.0	41.0	0.0	7.0	0.0	49.0	6.0	322.0	646.0	103.0	192.0	37.0	135.0	436.0	0.0	0.0	0.0	211.0	0.0	129.0	15.0	46.0	0.0	0.0	0.0	0.0	0.0	0.0	0.0	0.0	0.0	0.0	0.0	0.0	0.0	0.0	0.0	0.0	0.0	0.0	0.0	0.0	0.0	0.0	0.0	0.0	0.0	0.0	0.0	0.0	0.0	0.0	0.0	0.0	0.0	0.0	0.0	0.0	0.0	0.0	0.0	0.0
SRR20680602	13934.0	12328.0	242.0	2968.0	5959.0	8447.0	1651.0	2465.0	67.0	1719.0	8308.0	1347.0	29154.0	1268.0	10.0	17349.0	1102.0	7507.0	10767.0	256.0	255.0	8509.0	355.0	737.0	367.0	255.0	299.0	131.0	276.0	34.0	3820.0	1711.0	427.0	17.0	191.0	0.0	1081.0	159.0	22.0	50.0	55.0	308.0	51.0	24.0	548.0	48.0	1683.0	1917.0	1298.0	8.0	3926.0	244.0	0.0	100.0	294.0	2.0	225.0	854.0	0.0	656.0	22.0	740.0	28.0	15.0	1356.0	95.0	367.0	22.0	34.0	364.0	731.0	124.0	1021.0	71.0	49.0	3.0	1105.0	27.0	135.0	0.0	37.0	35.0	0.0	0.0	29.0	0.0	34.0	723.0	170.0	163.0	2.0	65.0	411.0	3.0	0.0	0.0	220.0	0.0	75.0	0.0	28.0	0.0	0.0	0.0	0.0	0.0	0.0	0.0	0.0	0.0	0.0	0.0	0.0	0.0	0.0	0.0	0.0	0.0	0.0	0.0	0.0	0.0	0.0	0.0	0.0	0.0	0.0	0.0	0.0	0.0	0.0	0.0	0.0	0.0	0.0	0.0	0.0	0.0	0.0	4.0	0.0
SRR20680603	16581.0	15394.0	598.0	4525.0	5736.0	11507.0	2254.0	2647.0	70.0	1319.0	9510.0	995.0	33823.0	1671.0	19.0	18740.0	1935.0	5635.0	13464.0	232.0	273.0	9646.0	366.0	1160.0	209.0	374.0	259.0	181.0	284.0	31.0	4423.0	1758.0	448.0	7.0	178.0	23.0	760.0	282.0	27.0	49.0	0.0	409.0	25.0	22.0	318.0	27.0	1283.0	1893.0	14815.0	9.0	3456.0	107.0	13.0	90.0	758.0	10.0	699.0	1526.0	0.0	865.0	58.0	716.0	21.0	22.0	1110.0	134.0	275.0	4.0	38.0	416.0	1212.0	178.0	1007.0	32.0	86.0	0.0	1025.0	36.0	204.0	2.0	76.0	20.0	10.0	0.0	2.0	9.0	15.0	813.0	59.0	131.0	16.0	121.0	465.0	0.0	0.0	0.0	150.0	0.0	66.0	0.0	20.0	0.0	0.0	0.0	4.0	0.0	0.0	0.0	0.0	0.0	0.0	0.0	0.0	0.0	0.0	0.0	0.0	0.0	0.0	0.0	0.0	0.0	0.0	0.0	0.0	0.0	0.0	0.0	0.0	0.0	0.0	0.0	0.0	0.0	0.0	0.0	0.0	0.0	0.0	0.0	0.0
SRR20680605	30265.0	10234.0	598.0	6684.0	8003.0	10074.0	1825.0	4106.0	142.0	2726.0	10869.0	785.0	39260.0	2922.0	31.0	18602.0	2164.0	10621.0	21217.0	372.0	384.0	17583.0	790.0	1082.0	324.0	620.0	617.0	73.0	284.0	11.0	9146.0	1559.0	499.0	25.0	314.0	3433.0	952.0	388.0	48.0	39.0	215.0	747.0	71.0	182.0	652.0	86.0	2360.0	2461.0	9245.0	7.0	3897.0	285.0	38.0	256.0	818.0	23.0	1088.0	1171.0	0.0	780.0	125.0	804.0	79.0	54.0	1304.0	88.0	404.0	23.0	164.0	724.0	1118.0	126.0	9061.0	46.0	153.0	2325.0	1315.0	46.0	299.0	107.0	50.0	17.0	38.0	398.0	26.0	8.0	12.0	736.0	174.0	97.0	0.0	101.0	1205.0	0.0	47.0	0.0	197.0	0.0	55.0	24.0	20.0	35.0	0.0	0.0	12.0	22.0	0.0	9.0	0.0	0.0	0.0	0.0	0.0	5.0	186.0	0.0	0.0	0.0	0.0	0.0	80.0	0.0	0.0	0.0	0.0	0.0	0.0	0.0	0.0	55.0	0.0	0.0	0.0	0.0	0.0	0.0	28.0	9.0	0.0	0.0	0.0
SRR20680606	14902.0	12621.0	912.0	7300.0	6323.0	9825.0	2492.0	5370.0	78.0	1364.0	11363.0	791.0	33316.0	2546.0	44.0	19451.0	2317.0	9673.0	13784.0	234.0	417.0	12020.0	258.0	3365.0	226.0	494.0	111.0	221.0	134.0	38.0	3672.0	1962.0	613.0	26.0	122.0	9.0	737.0	293.0	58.0	43.0	160.0	546.0	170.0	126.0	348.0	62.0	1465.0	1773.0	36331.0	12.0	2961.0	61.0	86.0	85.0	580.0	29.0	387.0	1060.0	0.0	856.0	69.0	1218.0	98.0	21.0	1052.0	302.0	383.0	4.0	35.0	544.0	520.0	203.0	1342.0	69.0	44.0	0.0	1015.0	46.0	247.0	0.0	25.0	15.0	6.0	0.0	47.0	0.0	84.0	600.0	122.0	123.0	0.0	80.0	404.0	2.0	0.0	0.0	127.0	0.0	66.0	14.0	31.0	0.0	0.0	0.0	12.0	0.0	0.0	0.0	0.0	0.0	0.0	0.0	0.0	0.0	0.0	0.0	0.0	0.0	0.0	0.0	0.0	0.0	0.0	0.0	0.0	0.0	0.0	0.0	0.0	0.0	0.0	0.0	0.0	0.0	0.0	0.0	0.0	0.0	0.0	0.0	0.0
SRR20680608	9670.0	8796.0	89.0	2109.0	2841.0	4689.0	706.0	1726.0	13.0	444.0	4631.0	495.0	16305.0	762.0	0.0	12109.0	602.0	4028.0	6755.0	63.0	202.0	4205.0	73.0	469.0	119.0	56.0	99.0	24.0	78.0	0.0	2659.0	1354.0	385.0	6.0	69.0	0.0	367.0	170.0	11.0	3.0	84.0	111.0	31.0	50.0	87.0	0.0	902.0	769.0	1751.0	0.0	2825.0	155.0	8.0	62.0	153.0	0.0	144.0	239.0	0.0	253.0	27.0	504.0	18.0	0.0	442.0	14.0	229.0	0.0	32.0	210.0	202.0	86.0	449.0	6.0	0.0	0.0	409.0	7.0	129.0	0.0	9.0	0.0	0.0	0.0	2.0	0.0	64.0	406.0	18.0	102.0	9.0	59.0	73.0	0.0	0.0	0.0	97.0	0.0	30.0	11.0	29.0	0.0	0.0	0.0	0.0	0.0	0.0	0.0	0.0	0.0	0.0	0.0	0.0	0.0	0.0	0.0	0.0	0.0	0.0	0.0	0.0	0.0	0.0	0.0	0.0	0.0	0.0	0.0	0.0	0.0	0.0	0.0	0.0	0.0	0.0	0.0	0.0	0.0	0.0	0.0	0.0
SRR20680610	9192.0	7099.0	143.0	7024.0	3154.0	5222.0	1190.0	2655.0	46.0	667.0	9803.0	997.0	20928.0	1645.0	0.0	17193.0	977.0	5622.0	8172.0	139.0	215.0	6072.0	269.0	613.0	163.0	60.0	125.0	45.0	163.0	0.0	2581.0	2224.0	475.0	6.0	168.0	0.0	930.0	334.0	34.0	20.0	112.0	79.0	185.0	17.0	293.0	43.0	1610.0	994.0	3645.0	3.0	3798.0	42.0	61.0	287.0	593.0	0.0	383.0	749.0	0.0	569.0	68.0	755.0	23.0	0.0	489.0	11.0	219.0	11.0	0.0	600.0	580.0	26.0	756.0	48.0	68.0	0.0	474.0	50.0	43.0	0.0	0.0	0.0	0.0	0.0	0.0	0.0	208.0	471.0	84.0	78.0	13.0	94.0	171.0	0.0	0.0	0.0	154.0	0.0	75.0	6.0	20.0	0.0	0.0	0.0	0.0	0.0	0.0	0.0	0.0	0.0	0.0	0.0	0.0	0.0	0.0	0.0	0.0	0.0	0.0	0.0	0.0	0.0	0.0	0.0	0.0	0.0	0.0	0.0	0.0	0.0	0.0	0.0	0.0	0.0	0.0	0.0	0.0	0.0	0.0	0.0	0.0
SRR20680611	8187.0	6795.0	139.0	3052.0	2957.0	4165.0	859.0	2137.0	27.0	641.0	7674.0	576.0	17547.0	895.0	6.0	19693.0	680.0	4429.0	7794.0	127.0	210.0	5056.0	96.0	2563.0	155.0	64.0	153.0	48.0	54.0	25.0	3674.0	1868.0	403.0	0.0	180.0	10.0	604.0	388.0	20.0	23.0	45.0	56.0	25.0	39.0	180.0	24.0	1672.0	640.0	10685.0	0.0	4133.0	31.0	24.0	117.0	216.0	3.0	205.0	495.0	0.0	716.0	8.0	869.0	21.0	6.0	399.0	39.0	279.0	5.0	0.0	378.0	395.0	55.0	807.0	14.0	19.0	0.0	333.0	41.0	98.0	0.0	32.0	0.0	0.0	0.0	12.0	0.0	115.0	528.0	60.0	113.0	5.0	107.0	95.0	0.0	0.0	0.0	147.0	0.0	44.0	0.0	46.0	0.0	0.0	0.0	0.0	0.0	0.0	0.0	0.0	0.0	0.0	0.0	0.0	0.0	0.0	0.0	0.0	0.0	0.0	0.0	0.0	0.0	0.0	0.0	0.0	0.0	0.0	0.0	0.0	0.0	0.0	0.0	0.0	0.0	0.0	0.0	0.0	0.0	0.0	0.0	0.0
SRR20680613	15586.0	15972.0	744.0	6518.0	7842.0	11463.0	2414.0	4628.0	100.0	1417.0	13332.0	788.0	41809.0	2530.0	25.0	20771.0	1372.0	9797.0	11009.0	288.0	237.0	11064.0	574.0	2322.0	308.0	457.0	256.0	167.0	110.0	34.0	3628.0	1918.0	248.0	16.0	172.0	7.0	680.0	209.0	105.0	88.0	65.0	99.0	92.0	60.0	458.0	29.0	2197.0	1969.0	22538.0	4.0	4673.0	257.0	40.0	251.0	681.0	40.0	500.0	1176.0	0.0	1018.0	75.0	819.0	66.0	24.0	2200.0	143.0	257.0	2.0	40.0	642.0	837.0	84.0	727.0	62.0	77.0	0.0	1061.0	49.0	143.0	0.0	32.0	13.0	0.0	2.0	3.0	0.0	51.0	757.0	105.0	162.0	0.0	72.0	388.0	0.0	0.0	0.0	190.0	0.0	53.0	17.0	9.0	0.0	0.0	0.0	0.0	0.0	0.0	0.0	0.0	0.0	6.0	0.0	0.0	0.0	0.0	0.0	0.0	0.0	0.0	0.0	0.0	0.0	0.0	0.0	0.0	0.0	0.0	0.0	0.0	5.0	0.0	0.0	0.0	0.0	0.0	0.0	0.0	0.0	0.0	0.0	0.0
SRR20680614	6233.0	4741.0	32.0	2336.0	3475.0	3603.0	528.0	1635.0	35.0	313.0	4828.0	593.0	16373.0	511.0	13.0	18636.0	632.0	4323.0	6036.0	78.0	142.0	4281.0	109.0	302.0	94.0	66.0	83.0	7.0	52.0	21.0	2441.0	1652.0	324.0	10.0	59.0	9.0	573.0	119.0	11.0	17.0	74.0	77.0	36.0	41.0	116.0	26.0	1346.0	784.0	3593.0	0.0	2559.0	95.0	0.0	119.0	180.0	10.0	160.0	430.0	0.0	368.0	30.0	476.0	21.0	12.0	265.0	26.0	194.0	3.0	0.0	187.0	334.0	18.0	510.0	5.0	21.0	0.0	328.0	34.0	161.0	0.0	13.0	0.0	0.0	0.0	0.0	0.0	62.0	371.0	51.0	46.0	0.0	42.0	89.0	0.0	0.0	0.0	143.0	0.0	44.0	3.0	0.0	0.0	0.0	0.0	6.0	0.0	0.0	0.0	0.0	0.0	0.0	0.0	0.0	0.0	0.0	0.0	0.0	0.0	0.0	0.0	0.0	2.0	0.0	0.0	0.0	0.0	0.0	0.0	0.0	0.0	0.0	0.0	0.0	0.0	0.0	0.0	0.0	0.0	0.0	0.0	0.0
SRR20680616	21490.0	16481.0	686.0	6817.0	8869.0	11809.0	1551.0	1610.0	279.0	399.0	6522.0	870.0	31843.0	922.0	3.0	12895.0	1554.0	5218.0	7804.0	278.0	176.0	7373.0	552.0	782.0	104.0	223.0	348.0	84.0	379.0	146.0	5729.0	659.0	148.0	13.0	608.0	52.0	552.0	96.0	18.0	77.0	111.0	718.0	65.0	187.0	591.0	33.0	723.0	2331.0	2425.0	18.0	656.0	689.0	8.0	56.0	573.0	0.0	1720.0	1631.0	0.0	1213.0	67.0	176.0	78.0	0.0	439.0	80.0	363.0	43.0	134.0	241.0	707.0	140.0	256.0	101.0	60.0	0.0	233.0	43.0	474.0	0.0	70.0	0.0	0.0	0.0	14.0	102.0	178.0	15.0	52.0	91.0	16.0	21.0	90.0	5.0	0.0	0.0	243.0	0.0	60.0	349.0	0.0	0.0	0.0	0.0	0.0	0.0	0.0	0.0	0.0	0.0	3.0	0.0	0.0	0.0	0.0	0.0	0.0	0.0	0.0	0.0	0.0	0.0	0.0	0.0	0.0	0.0	0.0	0.0	0.0	0.0	0.0	0.0	0.0	0.0	0.0	0.0	0.0	0.0	0.0	0.0	0.0
SRR20680617	23726.0	19293.0	797.0	7715.0	10662.0	12937.0	1809.0	2124.0	351.0	517.0	7173.0	1153.0	35491.0	1208.0	21.0	12810.0	1057.0	7240.0	9692.0	393.0	229.0	7491.0	738.0	741.0	103.0	246.0	368.0	68.0	379.0	161.0	5349.0	1144.0	265.0	12.0	518.0	70.0	706.0	206.0	45.0	127.0	84.0	957.0	21.0	200.0	705.0	46.0	937.0	3091.0	1500.0	23.0	504.0	477.0	6.0	86.0	656.0	8.0	1610.0	1944.0	2.0	1376.0	63.0	276.0	86.0	5.0	707.0	202.0	402.0	61.0	166.0	252.0	627.0	118.0	1496.0	117.0	83.0	0.0	401.0	46.0	580.0	45.0	112.0	0.0	6.0	2.0	22.0	146.0	179.0	57.0	51.0	93.0	9.0	44.0	140.0	0.0	0.0	0.0	239.0	3.0	81.0	368.0	0.0	0.0	0.0	0.0	0.0	0.0	0.0	0.0	0.0	0.0	0.0	0.0	0.0	0.0	0.0	0.0	0.0	0.0	0.0	0.0	0.0	0.0	0.0	0.0	0.0	0.0	0.0	0.0	0.0	0.0	0.0	0.0	0.0	0.0	0.0	0.0	0.0	0.0	0.0	0.0	0.0
SRR20680619	20501.0	14286.0	1006.0	9393.0	11735.0	9148.0	1778.0	2380.0	390.0	636.0	8269.0	1238.0	29630.0	1771.0	16.0	12279.0	1634.0	7792.0	10547.0	395.0	195.0	8773.0	979.0	844.0	32.0	580.0	555.0	117.0	516.0	246.0	5008.0	859.0	253.0	30.0	797.0	38.0	687.0	177.0	59.0	120.0	81.0	758.0	48.0	164.0	646.0	42.0	1113.0	2228.0	1231.0	18.0	663.0	423.0	0.0	66.0	933.0	11.0	1950.0	1943.0	0.0	1465.0	37.0	262.0	75.0	6.0	482.0	107.0	474.0	57.0	159.0	228.0	792.0	99.0	283.0	110.0	43.0	0.0	366.0	69.0	494.0	0.0	28.0	0.0	7.0	0.0	25.0	106.0	293.0	70.0	84.0	141.0	15.0	9.0	98.0	0.0	0.0	0.0	229.0	0.0	72.0	381.0	13.0	0.0	0.0	0.0	6.0	0.0	0.0	0.0	0.0	0.0	0.0	0.0	0.0	0.0	0.0	0.0	0.0	0.0	0.0	0.0	0.0	0.0	0.0	0.0	0.0	0.0	0.0	0.0	0.0	0.0	0.0	0.0	0.0	0.0	0.0	0.0	0.0	0.0	0.0	0.0	0.0
SRR20680620	11369.0	8873.0	672.0	6279.0	5743.0	6576.0	1412.0	4063.0	59.0	796.0	10368.0	758.0	26115.0	1750.0	27.0	20020.0	1703.0	6829.0	10190.0	186.0	314.0	9393.0	111.0	1198.0	213.0	172.0	162.0	100.0	88.0	28.0	3527.0	2486.0	609.0	5.0	57.0	20.0	909.0	186.0	63.0	24.0	136.0	169.0	51.0	85.0	327.0	47.0	1551.0	1215.0	10591.0	2.0	3350.0	130.0	79.0	170.0	322.0	19.0	242.0	814.0	0.0	845.0	40.0	894.0	76.0	7.0	755.0	417.0	406.0	12.0	43.0	348.0	536.0	85.0	1281.0	11.0	34.0	0.0	472.0	64.0	164.0	0.0	60.0	12.0	14.0	0.0	22.0	0.0	142.0	605.0	66.0	182.0	23.0	131.0	235.0	0.0	0.0	0.0	111.0	0.0	96.0	12.0	27.0	0.0	0.0	0.0	0.0	0.0	0.0	0.0	0.0	0.0	0.0	0.0	0.0	0.0	0.0	0.0	4.0	0.0	0.0	0.0	0.0	0.0	0.0	0.0	0.0	0.0	0.0	0.0	0.0	0.0	0.0	0.0	0.0	0.0	0.0	0.0	0.0	0.0	0.0	0.0	0.0
SRR20680622	16518.0	13947.0	679.0	7389.0	8915.0	8098.0	1632.0	1560.0	295.0	386.0	7518.0	1218.0	25862.0	1126.0	19.0	10575.0	1253.0	6164.0	6682.0	373.0	100.0	7566.0	552.0	672.0	118.0	364.0	249.0	58.0	333.0	156.0	3237.0	794.0	209.0	27.0	437.0	44.0	902.0	109.0	23.0	118.0	87.0	601.0	29.0	161.0	358.0	32.0	1122.0	1982.0	1145.0	31.0	402.0	544.0	2.0	75.0	592.0	13.0	2226.0	1216.0	4.0	1180.0	27.0	165.0	67.0	14.0	415.0	97.0	476.0	43.0	154.0	164.0	753.0	167.0	113.0	54.0	21.0	0.0	265.0	38.0	527.0	0.0	37.0	0.0	5.0	0.0	20.0	129.0	142.0	39.0	108.0	72.0	0.0	24.0	90.0	5.0	0.0	0.0	209.0	0.0	110.0	266.0	0.0	0.0	0.0	0.0	7.0	0.0	0.0	0.0	0.0	0.0	7.0	0.0	0.0	0.0	0.0	0.0	0.0	0.0	0.0	0.0	0.0	0.0	0.0	0.0	0.0	0.0	0.0	0.0	0.0	0.0	0.0	0.0	0.0	0.0	0.0	0.0	0.0	0.0	0.0	0.0	0.0
SRR20680623	30570.0	22010.0	787.0	16821.0	12679.0	13153.0	3547.0	7461.0	90.0	1647.0	21843.0	2252.0	57597.0	4249.0	30.0	53765.0	2961.0	14028.0	29985.0	315.0	580.0	17963.0	750.0	4482.0	585.0	449.0	461.0	303.0	230.0	68.0	9486.0	4780.0	1477.0	42.0	498.0	31.0	1907.0	927.0	59.0	24.0	330.0	380.0	152.0	91.0	786.0	118.0	4933.0	2286.0	19627.0	0.0	8408.0	552.0	123.0	394.0	950.0	12.0	935.0	1933.0	0.0	1748.0	176.0	2138.0	123.0	47.0	1308.0	351.0	838.0	0.0	71.0	1367.0	1579.0	339.0	2244.0	76.0	88.0	6.0	1127.0	126.0	324.0	0.0	18.0	17.0	0.0	0.0	22.0	17.0	448.0	1349.0	151.0	399.0	8.0	347.0	373.0	0.0	0.0	0.0	320.0	0.0	122.0	16.0	111.0	0.0	0.0	0.0	10.0	0.0	0.0	0.0	0.0	0.0	0.0	0.0	0.0	0.0	0.0	0.0	0.0	0.0	0.0	0.0	0.0	0.0	0.0	0.0	0.0	0.0	0.0	0.0	0.0	0.0	0.0	0.0	5.0	0.0	0.0	0.0	0.0	0.0	0.0	0.0	0.0
SRR20680624	13409.0	8907.0	310.0	5323.0	5293.0	5922.0	1129.0	4067.0	25.0	823.0	7750.0	658.0	29922.0	1317.0	5.0	35010.0	1351.0	7159.0	14399.0	81.0	309.0	8232.0	258.0	1047.0	221.0	153.0	115.0	168.0	138.0	26.0	3702.0	1885.0	559.0	16.0	139.0	22.0	736.0	249.0	40.0	38.0	77.0	585.0	52.0	39.0	353.0	42.0	1600.0	1154.0	15234.0	0.0	3134.0	241.0	34.0	162.0	310.0	14.0	178.0	822.0	0.0	645.0	7.0	977.0	18.0	33.0	680.0	94.0	254.0	3.0	28.0	576.0	409.0	119.0	1135.0	13.0	29.0	0.0	597.0	26.0	206.0	10.0	18.0	21.0	6.0	0.0	20.0	0.0	58.0	382.0	57.0	173.0	14.0	68.0	319.0	0.0	0.0	0.0	138.0	0.0	64.0	0.0	29.0	0.0	0.0	0.0	6.0	0.0	0.0	0.0	0.0	0.0	0.0	0.0	0.0	0.0	0.0	0.0	0.0	0.0	0.0	0.0	0.0	0.0	0.0	0.0	0.0	0.0	0.0	0.0	0.0	0.0	0.0	0.0	0.0	0.0	0.0	0.0	0.0	0.0	0.0	0.0	0.0
SRR20680626	10834.0	9166.0	145.0	3295.0	2352.0	3847.0	529.0	1313.0	13.0	708.0	4891.0	315.0	17904.0	1441.0	18.0	8699.0	788.0	2669.0	10556.0	55.0	167.0	6335.0	68.0	309.0	129.0	362.0	92.0	22.0	30.0	0.0	5335.0	1076.0	205.0	0.0	115.0	6700.0	435.0	101.0	0.0	0.0	44.0	451.0	65.0	124.0	184.0	23.0	1089.0	690.0	8040.0	0.0	1256.0	237.0	0.0	15.0	205.0	0.0	260.0	1010.0	0.0	398.0	8.0	368.0	65.0	15.0	836.0	20.0	253.0	13.0	36.0	230.0	451.0	310.0	9948.0	6.0	14.0	6367.0	278.0	0.0	133.0	15.0	0.0	0.0	23.0	553.0	2.0	12.0	65.0	376.0	14.0	109.0	8.0	31.0	324.0	0.0	54.0	0.0	122.0	0.0	50.0	0.0	30.0	20.0	81.0	0.0	0.0	42.0	9.0	11.0	0.0	0.0	0.0	0.0	0.0	0.0	196.0	0.0	0.0	0.0	0.0	0.0	34.0	0.0	0.0	0.0	0.0	0.0	0.0	0.0	0.0	240.0	0.0	0.0	0.0	0.0	0.0	0.0	0.0	0.0	0.0	0.0	0.0
SRR20680627	11153.0	10107.0	194.0	4440.0	4207.0	6150.0	1317.0	1904.0	76.0	494.0	8065.0	831.0	24470.0	745.0	6.0	24894.0	581.0	5038.0	5965.0	263.0	484.0	4857.0	252.0	1726.0	343.0	157.0	83.0	95.0	224.0	39.0	3266.0	1404.0	485.0	0.0	217.0	4.0	714.0	148.0	26.0	10.0	72.0	364.0	158.0	42.0	437.0	33.0	1759.0	628.0	26110.0	0.0	3258.0	0.0	7.0	17.0	573.0	0.0	229.0	462.0	0.0	545.0	33.0	961.0	81.0	7.0	551.0	229.0	236.0	6.0	74.0	393.0	604.0	133.0	430.0	26.0	50.0	0.0	387.0	35.0	106.0	0.0	23.0	0.0	93.0	0.0	0.0	11.0	101.0	424.0	15.0	56.0	0.0	57.0	305.0	0.0	0.0	0.0	171.0	0.0	31.0	0.0	0.0	0.0	0.0	0.0	0.0	0.0	0.0	0.0	0.0	0.0	0.0	0.0	0.0	0.0	0.0	0.0	0.0	0.0	0.0	0.0	0.0	0.0	0.0	0.0	0.0	0.0	0.0	0.0	0.0	0.0	0.0	0.0	0.0	0.0	0.0	0.0	0.0	0.0	0.0	0.0	0.0
SRR20680628	12368.0	7824.0	197.0	3741.0	3548.0	5301.0	985.0	2784.0	45.0	772.0	7621.0	725.0	23037.0	1021.0	0.0	27231.0	1145.0	7064.0	11738.0	97.0	315.0	6388.0	238.0	616.0	315.0	84.0	242.0	58.0	113.0	15.0	4093.0	2124.0	519.0	14.0	323.0	3.0	893.0	233.0	14.0	0.0	73.0	469.0	75.0	27.0	330.0	16.0	1900.0	1008.0	4340.0	4.0	3478.0	137.0	0.0	144.0	236.0	7.0	155.0	596.0	0.0	586.0	39.0	1045.0	24.0	16.0	636.0	23.0	238.0	7.0	35.0	585.0	496.0	187.0	999.0	19.0	21.0	0.0	365.0	38.0	181.0	0.0	38.0	0.0	0.0	0.0	5.0	4.0	81.0	753.0	109.0	118.0	9.0	73.0	170.0	0.0	0.0	0.0	156.0	0.0	78.0	0.0	32.0	0.0	0.0	0.0	0.0	0.0	0.0	0.0	0.0	0.0	2.0	0.0	0.0	0.0	0.0	0.0	0.0	0.0	0.0	0.0	0.0	0.0	0.0	0.0	0.0	0.0	0.0	0.0	0.0	0.0	0.0	0.0	0.0	0.0	0.0	0.0	0.0	0.0	0.0	0.0	0.0
SRR20680629	19775.0	9592.0	224.0	5378.0	6628.0	7868.0	1546.0	4083.0	73.0	1939.0	13017.0	514.0	32107.0	2117.0	78.0	16603.0	1489.0	9555.0	15634.0	111.0	519.0	12833.0	456.0	437.0	293.0	596.0	223.0	137.0	492.0	40.0	6207.0	1632.0	243.0	95.0	571.0	3201.0	1113.0	675.0	85.0	150.0	194.0	682.0	90.0	62.0	320.0	9.0	3254.0	2021.0	1792.0	20.0	2487.0	97.0	26.0	80.0	792.0	9.0	621.0	2202.0	0.0	1098.0	42.0	1075.0	23.0	10.0	801.0	13.0	748.0	58.0	124.0	756.0	906.0	114.0	12773.0	11.0	135.0	1377.0	1034.0	34.0	220.0	75.0	34.0	0.0	0.0	492.0	16.0	0.0	27.0	591.0	99.0	118.0	39.0	100.0	1040.0	0.0	19.0	0.0	327.0	0.0	8.0	19.0	58.0	0.0	7.0	0.0	0.0	0.0	8.0	7.0	0.0	0.0	0.0	0.0	0.0	0.0	148.0	0.0	0.0	0.0	0.0	0.0	48.0	0.0	0.0	0.0	0.0	0.0	54.0	0.0	0.0	131.0	0.0	0.0	0.0	0.0	0.0	0.0	0.0	0.0	0.0	0.0	0.0
SRR20680630	9288.0	8884.0	288.0	2734.0	3358.0	7268.0	1279.0	2370.0	41.0	863.0	7118.0	975.0	21598.0	979.0	10.0	19344.0	752.0	5373.0	10682.0	70.0	287.0	5589.0	225.0	1057.0	215.0	118.0	231.0	94.0	118.0	12.0	4346.0	2069.0	574.0	13.0	250.0	13.0	942.0	363.0	24.0	30.0	100.0	393.0	11.0	41.0	205.0	40.0	1498.0	1239.0	13695.0	3.0	2999.0	37.0	10.0	66.0	224.0	5.0	260.0	546.0	0.0	431.0	65.0	837.0	32.0	14.0	726.0	68.0	329.0	0.0	0.0	490.0	491.0	137.0	1140.0	24.0	39.0	0.0	693.0	36.0	232.0	0.0	26.0	13.0	0.0	0.0	11.0	3.0	39.0	602.0	68.0	159.0	5.0	238.0	241.0	0.0	0.0	0.0	161.0	0.0	59.0	11.0	61.0	0.0	0.0	0.0	0.0	0.0	0.0	0.0	0.0	0.0	0.0	0.0	0.0	0.0	0.0	0.0	0.0	0.0	0.0	0.0	0.0	0.0	0.0	0.0	0.0	0.0	0.0	0.0	0.0	0.0	0.0	0.0	0.0	0.0	0.0	0.0	0.0	0.0	0.0	0.0	0.0
SRR20680631	14172.0	9668.0	206.0	5302.0	4599.0	5950.0	1169.0	3885.0	43.0	1038.0	10025.0	1279.0	29018.0	1655.0	10.0	27854.0	1376.0	7569.0	15280.0	151.0	322.0	10389.0	360.0	836.0	371.0	135.0	138.0	175.0	175.0	30.0	4719.0	3008.0	930.0	10.0	229.0	25.0	799.0	582.0	26.0	44.0	74.0	391.0	27.0	18.0	386.0	44.0	2417.0	1108.0	5483.0	0.0	4886.0	220.0	33.0	115.0	373.0	4.0	305.0	725.0	0.0	506.0	87.0	1315.0	35.0	9.0	837.0	31.0	478.0	0.0	20.0	648.0	713.0	133.0	1105.0	10.0	42.0	0.0	686.0	58.0	171.0	0.0	5.0	11.0	4.0	0.0	20.0	7.0	113.0	764.0	64.0	135.0	7.0	82.0	257.0	0.0	0.0	0.0	225.0	0.0	94.0	0.0	26.0	0.0	0.0	0.0	6.0	0.0	0.0	0.0	0.0	0.0	0.0	0.0	0.0	0.0	0.0	0.0	0.0	0.0	0.0	0.0	0.0	0.0	0.0	0.0	0.0	0.0	0.0	0.0	0.0	0.0	0.0	0.0	0.0	0.0	0.0	0.0	0.0	0.0	0.0	0.0	0.0
SRR20680632	14532.0	9897.0	270.0	6071.0	5129.0	6809.0	1237.0	2595.0	23.0	807.0	9747.0	797.0	33196.0	1232.0	0.0	25537.0	1207.0	5324.0	11796.0	242.0	344.0	7363.0	162.0	930.0	261.0	105.0	306.0	123.0	164.0	48.0	4029.0	2184.0	506.0	41.0	159.0	17.0	814.0	278.0	30.0	54.0	137.0	359.0	40.0	8.0	365.0	24.0	1467.0	1307.0	14004.0	0.0	3735.0	0.0	6.0	89.0	260.0	8.0	265.0	657.0	0.0	976.0	44.0	922.0	43.0	0.0	965.0	407.0	300.0	8.0	46.0	625.0	644.0	53.0	837.0	11.0	50.0	3.0	475.0	52.0	281.0	0.0	22.0	13.0	0.0	0.0	0.0	27.0	197.0	877.0	65.0	146.0	0.0	124.0	403.0	0.0	0.0	0.0	142.0	0.0	60.0	0.0	25.0	0.0	0.0	0.0	0.0	0.0	0.0	0.0	0.0	0.0	0.0	0.0	0.0	0.0	0.0	0.0	0.0	0.0	0.0	0.0	0.0	0.0	0.0	0.0	0.0	0.0	0.0	0.0	0.0	0.0	0.0	0.0	0.0	0.0	0.0	0.0	0.0	0.0	0.0	0.0	0.0
SRR20680633	18665.0	7338.0	488.0	7358.0	6758.0	5872.0	1199.0	4349.0	101.0	1377.0	8414.0	495.0	34177.0	2035.0	11.0	12987.0	1451.0	8402.0	9111.0	55.0	242.0	10371.0	543.0	951.0	272.0	475.0	249.0	176.0	141.0	57.0	3494.0	1775.0	313.0	19.0	291.0	204.0	697.0	247.0	46.0	70.0	68.0	155.0	68.0	111.0	584.0	43.0	1962.0	1660.0	8268.0	0.0	4752.0	278.0	91.0	257.0	842.0	7.0	603.0	804.0	0.0	451.0	64.0	785.0	185.0	33.0	618.0	232.0	448.0	30.0	62.0	827.0	993.0	88.0	3996.0	24.0	188.0	0.0	996.0	41.0	158.0	0.0	18.0	9.0	13.0	20.0	12.0	46.0	150.0	401.0	117.0	92.0	0.0	69.0	546.0	0.0	0.0	0.0	240.0	0.0	44.0	12.0	17.0	0.0	0.0	0.0	0.0	0.0	0.0	0.0	0.0	0.0	3.0	0.0	0.0	0.0	0.0	0.0	0.0	0.0	0.0	0.0	0.0	0.0	0.0	0.0	0.0	0.0	0.0	0.0	0.0	0.0	0.0	0.0	0.0	0.0	0.0	0.0	0.0	0.0	0.0	0.0	0.0
SRR20680634	21443.0	10628.0	307.0	4519.0	5972.0	7439.0	1517.0	3763.0	61.0	2080.0	12507.0	907.0	33573.0	1603.0	17.0	15015.0	1711.0	7283.0	11738.0	142.0	283.0	10162.0	281.0	811.0	402.0	613.0	249.0	90.0	154.0	37.0	7339.0	2404.0	373.0	49.0	272.0	1949.0	807.0	450.0	20.0	54.0	173.0	213.0	177.0	163.0	419.0	47.0	1912.0	1660.0	3117.0	11.0	3848.0	195.0	57.0	59.0	452.0	12.0	337.0	683.0	0.0	994.0	77.0	1173.0	61.0	30.0	532.0	0.0	673.0	11.0	21.0	489.0	698.0	117.0	12255.0	23.0	77.0	1365.0	849.0	28.0	243.0	77.0	25.0	0.0	0.0	345.0	18.0	16.0	68.0	680.0	51.0	158.0	21.0	115.0	689.0	0.0	54.0	0.0	298.0	2.0	55.0	25.0	33.0	0.0	0.0	0.0	0.0	19.0	6.0	0.0	0.0	0.0	0.0	0.0	0.0	0.0	185.0	0.0	0.0	0.0	0.0	0.0	20.0	0.0	0.0	0.0	0.0	0.0	0.0	0.0	0.0	101.0	0.0	0.0	0.0	0.0	0.0	0.0	0.0	0.0	0.0	0.0	0.0
SRR20680635	22459.0	22162.0	397.0	8802.0	6959.0	14708.0	3251.0	5728.0	74.0	1572.0	22261.0	1833.0	46105.0	2741.0	14.0	63503.0	2179.0	13141.0	25871.0	393.0	727.0	16307.0	424.0	2083.0	429.0	191.0	447.0	80.0	227.0	20.0	7977.0	4292.0	1367.0	13.0	228.0	37.0	1398.0	907.0	54.0	33.0	139.0	159.0	45.0	65.0	521.0	68.0	3942.0	2251.0	13806.0	3.0	7923.0	322.0	64.0	378.0	535.0	11.0	500.0	1573.0	0.0	1334.0	88.0	2386.0	56.0	3.0	1593.0	0.0	714.0	5.0	52.0	1101.0	664.0	265.0	2190.0	76.0	33.0	0.0	774.0	92.0	244.0	0.0	37.0	20.0	0.0	0.0	12.0	8.0	288.0	1604.0	124.0	313.0	8.0	172.0	140.0	0.0	0.0	0.0	251.0	0.0	116.0	2.0	69.0	0.0	0.0	0.0	0.0	0.0	0.0	0.0	0.0	0.0	0.0	0.0	0.0	0.0	0.0	0.0	0.0	0.0	0.0	0.0	0.0	0.0	0.0	0.0	0.0	0.0	0.0	0.0	0.0	0.0	0.0	0.0	0.0	0.0	0.0	0.0	0.0	0.0	0.0	0.0	0.0
SRR20680636	9436.0	9182.0	194.0	4006.0	3507.0	6721.0	1238.0	3474.0	26.0	751.0	11109.0	663.0	22065.0	1618.0	2.0	19326.0	1159.0	6885.0	9452.0	182.0	376.0	7005.0	188.0	932.0	237.0	70.0	124.0	56.0	99.0	26.0	3693.0	2700.0	586.0	0.0	96.0	15.0	682.0	349.0	5.0	27.0	0.0	83.0	13.0	63.0	217.0	48.0	1524.0	1537.0	17690.0	0.0	3952.0	32.0	37.0	146.0	371.0	4.0	134.0	1009.0	0.0	526.0	15.0	1172.0	20.0	5.0	493.0	30.0	393.0	9.0	33.0	511.0	416.0	75.0	1027.0	13.0	38.0	0.0	370.0	41.0	136.0	0.0	10.0	11.0	28.0	2.0	13.0	5.0	75.0	481.0	61.0	148.0	23.0	75.0	103.0	0.0	0.0	0.0	136.0	0.0	71.0	0.0	30.0	0.0	0.0	0.0	0.0	0.0	0.0	0.0	0.0	0.0	0.0	0.0	0.0	0.0	0.0	0.0	0.0	0.0	0.0	0.0	0.0	0.0	0.0	0.0	0.0	0.0	0.0	0.0	0.0	0.0	0.0	0.0	0.0	0.0	0.0	0.0	0.0	0.0	0.0	0.0	0.0
SRR20680638	10543.0	8085.0	208.0	9348.0	4971.0	7676.0	1023.0	2575.0	55.0	1119.0	8432.0	713.0	26582.0	1313.0	22.0	26469.0	995.0	6920.0	10727.0	168.0	199.0	7835.0	205.0	576.0	220.0	152.0	185.0	60.0	48.0	27.0	2959.0	2051.0	498.0	14.0	209.0	45.0	588.0	223.0	69.0	8.0	102.0	0.0	135.0	71.0	335.0	0.0	1334.0	2112.0	5238.0	6.0	3208.0	126.0	88.0	492.0	632.0	18.0	183.0	1066.0	0.0	435.0	37.0	567.0	33.0	0.0	602.0	27.0	230.0	0.0	15.0	467.0	639.0	167.0	942.0	9.0	71.0	0.0	702.0	32.0	309.0	0.0	0.0	0.0	0.0	0.0	12.0	31.0	114.0	353.0	56.0	90.0	0.0	48.0	451.0	0.0	0.0	0.0	292.0	0.0	158.0	0.0	0.0	0.0	0.0	0.0	0.0	0.0	0.0	0.0	0.0	0.0	0.0	0.0	0.0	0.0	0.0	0.0	0.0	0.0	0.0	0.0	0.0	0.0	0.0	0.0	0.0	0.0	0.0	0.0	0.0	0.0	0.0	0.0	0.0	0.0	0.0	0.0	0.0	0.0	0.0	0.0	0.0
SRR20680639	24075.0	7596.0	355.0	6676.0	6476.0	8195.0	1434.0	3975.0	141.0	3381.0	15331.0	649.0	34792.0	2073.0	41.0	17448.0	2717.0	7660.0	14487.0	337.0	472.0	13311.0	713.0	505.0	522.0	623.0	267.0	83.0	180.0	39.0	8254.0	2313.0	250.0	0.0	265.0	1979.0	1116.0	375.0	24.0	80.0	111.0	762.0	270.0	70.0	328.0	32.0	2641.0	2175.0	13252.0	4.0	2733.0	150.0	57.0	60.0	610.0	9.0	379.0	1107.0	0.0	752.0	109.0	681.0	110.0	30.0	807.0	128.0	529.0	36.0	44.0	448.0	915.0	348.0	6311.0	63.0	63.0	3912.0	688.0	60.0	155.0	123.0	17.0	9.0	70.0	500.0	16.0	50.0	111.0	827.0	168.0	107.0	12.0	84.0	693.0	0.0	122.0	0.0	311.0	0.0	60.0	17.0	21.0	117.0	462.0	0.0	0.0	68.0	28.0	24.0	0.0	0.0	0.0	0.0	0.0	0.0	131.0	0.0	0.0	0.0	0.0	0.0	82.0	0.0	0.0	0.0	0.0	0.0	4.0	0.0	0.0	39.0	0.0	0.0	0.0	0.0	0.0	0.0	13.0	0.0	0.0	0.0	0.0
SRR20680640	24441.0	17975.0	1000.0	11381.0	11400.0	11413.0	1800.0	2123.0	431.0	475.0	7856.0	1066.0	39228.0	1648.0	72.0	16220.0	2265.0	8456.0	11942.0	426.0	212.0	10623.0	1075.0	2203.0	85.0	466.0	493.0	106.0	317.0	291.0	5687.0	898.0	225.0	39.0	754.0	63.0	623.0	231.0	52.0	136.0	157.0	851.0	33.0	180.0	737.0	23.0	1184.0	2458.0	2747.0	8.0	525.0	1202.0	26.0	201.0	852.0	22.0	2089.0	1853.0	0.0	1537.0	29.0	199.0	110.0	9.0	494.0	100.0	314.0	26.0	157.0	303.0	2738.0	179.0	228.0	108.0	44.0	0.0	255.0	63.0	632.0	0.0	62.0	0.0	4.0	0.0	29.0	131.0	153.0	57.0	41.0	130.0	34.0	58.0	127.0	7.0	0.0	0.0	257.0	3.0	126.0	340.0	6.0	0.0	0.0	0.0	0.0	0.0	0.0	0.0	0.0	0.0	0.0	0.0	0.0	0.0	0.0	0.0	0.0	0.0	0.0	0.0	0.0	0.0	0.0	0.0	0.0	0.0	0.0	0.0	0.0	0.0	0.0	0.0	0.0	0.0	0.0	0.0	0.0	0.0	0.0	0.0	0.0
SRR20680641	27567.0	15724.0	746.0	15063.0	5869.0	7336.0	1450.0	1308.0	154.0	197.0	4183.0	418.0	38911.0	1878.0	9.0	8522.0	923.0	3709.0	7827.0	213.0	74.0	16850.0	544.0	637.0	68.0	456.0	369.0	86.0	358.0	98.0	4684.0	415.0	85.0	0.0	782.0	91.0	314.0	409.0	15.0	85.0	4.0	505.0	139.0	59.0	621.0	0.0	340.0	1271.0	864.0	12.0	732.0	179.0	2.0	57.0	274.0	28.0	359.0	780.0	0.0	637.0	37.0	171.0	138.0	18.0	357.0	59.0	150.0	16.0	81.0	456.0	251.0	138.0	186.0	59.0	10.0	0.0	195.0	23.0	274.0	0.0	35.0	0.0	159.0	0.0	0.0	13.0	107.0	17.0	32.0	99.0	5.0	11.0	122.0	0.0	0.0	0.0	173.0	0.0	25.0	237.0	0.0	0.0	0.0	0.0	7.0	0.0	0.0	0.0	0.0	0.0	7.0	0.0	0.0	0.0	0.0	0.0	0.0	0.0	0.0	0.0	0.0	0.0	0.0	0.0	0.0	0.0	0.0	0.0	0.0	0.0	0.0	0.0	0.0	0.0	0.0	0.0	0.0	0.0	0.0	0.0	0.0
SRR20680642	13166.0	10748.0	292.0	7647.0	5808.0	7359.0	1176.0	2348.0	40.0	812.0	9973.0	1009.0	32051.0	871.0	17.0	20884.0	1136.0	5722.0	10601.0	174.0	276.0	7278.0	358.0	1697.0	124.0	86.0	197.0	101.0	163.0	29.0	4203.0	1906.0	545.0	4.0	94.0	22.0	962.0	140.0	4.0	30.0	0.0	405.0	48.0	27.0	343.0	44.0	1598.0	1152.0	33766.0	2.0	2183.0	255.0	13.0	81.0	481.0	0.0	240.0	918.0	0.0	528.0	61.0	644.0	148.0	0.0	691.0	356.0	251.0	0.0	60.0	396.0	764.0	115.0	802.0	22.0	39.0	0.0	441.0	23.0	293.0	0.0	17.0	7.0	41.0	0.0	0.0	20.0	147.0	861.0	82.0	119.0	17.0	57.0	258.0	0.0	0.0	0.0	144.0	0.0	60.0	20.0	9.0	0.0	0.0	0.0	0.0	0.0	0.0	0.0	0.0	0.0	0.0	0.0	0.0	0.0	0.0	0.0	0.0	0.0	0.0	0.0	0.0	0.0	0.0	0.0	0.0	0.0	0.0	0.0	0.0	0.0	0.0	0.0	0.0	0.0	0.0	0.0	0.0	0.0	0.0	0.0	0.0
SRR20680644	32626.0	19372.0	1309.0	10361.0	6681.0	9545.0	2131.0	1455.0	3.0	462.0	6127.0	155.0	46340.0	1384.0	23.0	5672.0	1826.0	4452.0	9078.0	164.0	129.0	11815.0	757.0	1323.0	61.0	548.0	269.0	79.0	336.0	84.0	2553.0	342.0	101.0	17.0	733.0	81.0	116.0	62.0	39.0	72.0	69.0	655.0	15.0	38.0	320.0	18.0	207.0	2032.0	974.0	8.0	400.0	152.0	8.0	16.0	250.0	17.0	264.0	1956.0	0.0	1508.0	22.0	216.0	71.0	6.0	236.0	29.0	161.0	0.0	41.0	284.0	375.0	77.0	121.0	125.0	18.0	0.0	190.0	29.0	301.0	0.0	30.0	0.0	18.0	0.0	4.0	24.0	264.0	31.0	7.0	115.0	0.0	12.0	32.0	0.0	0.0	0.0	110.0	0.0	35.0	227.0	0.0	0.0	0.0	0.0	0.0	0.0	0.0	0.0	0.0	0.0	0.0	0.0	0.0	0.0	0.0	0.0	0.0	0.0	0.0	0.0	0.0	0.0	0.0	0.0	0.0	0.0	0.0	0.0	0.0	0.0	0.0	0.0	0.0	0.0	0.0	0.0	0.0	0.0	0.0	0.0	0.0
SRR20680645	14559.0	9451.0	277.0	3180.0	749.0	3279.0	618.0	261.0	0.0	89.0	2752.0	51.0	13927.0	439.0	0.0	2804.0	375.0	623.0	3642.0	78.0	77.0	2607.0	204.0	136.0	20.0	31.0	107.0	5.0	53.0	6.0	888.0	121.0	22.0	3.0	189.0	15.0	66.0	68.0	0.0	15.0	0.0	139.0	0.0	13.0	40.0	0.0	112.0	329.0	411.0	6.0	94.0	0.0	0.0	0.0	19.0	0.0	37.0	429.0	0.0	499.0	5.0	125.0	20.0	0.0	120.0	0.0	78.0	0.0	15.0	30.0	17.0	37.0	33.0	30.0	0.0	0.0	21.0	0.0	108.0	0.0	7.0	0.0	8.0	0.0	2.0	16.0	11.0	32.0	5.0	40.0	4.0	6.0	0.0	0.0	0.0	0.0	0.0	0.0	14.0	36.0	0.0	0.0	0.0	0.0	0.0	0.0	0.0	0.0	0.0	0.0	0.0	0.0	0.0	0.0	0.0	0.0	0.0	0.0	0.0	0.0	0.0	0.0	0.0	0.0	0.0	0.0	0.0	0.0	0.0	0.0	0.0	0.0	0.0	0.0	0.0	0.0	0.0	0.0	0.0	0.0	0.0
SRR20680647	34652.0	22090.0	996.0	6448.0	5113.0	11367.0	2235.0	1134.0	19.0	234.0	4998.0	113.0	37946.0	1206.0	23.0	5784.0	1176.0	3437.0	7937.0	162.0	99.0	7943.0	571.0	1188.0	62.0	175.0	213.0	37.0	116.0	64.0	2329.0	530.0	92.0	0.0	960.0	59.0	129.0	36.0	2.0	100.0	83.0	593.0	19.0	28.0	237.0	18.0	165.0	1916.0	575.0	4.0	108.0	80.0	0.0	3.0	57.0	11.0	210.0	1348.0	0.0	1277.0	4.0	209.0	83.0	10.0	197.0	18.0	129.0	0.0	9.0	247.0	265.0	168.0	12.0	104.0	28.0	0.0	172.0	27.0	210.0	0.0	20.0	0.0	12.0	0.0	3.0	23.0	115.0	29.0	0.0	110.0	10.0	24.0	14.0	5.0	0.0	0.0	92.0	4.0	50.0	290.0	0.0	0.0	0.0	0.0	0.0	0.0	0.0	0.0	0.0	0.0	0.0	0.0	0.0	0.0	0.0	0.0	0.0	0.0	0.0	0.0	0.0	0.0	0.0	0.0	0.0	0.0	0.0	0.0	0.0	0.0	0.0	0.0	0.0	0.0	0.0	0.0	0.0	0.0	0.0	0.0	0.0
SRR20680648	29265.0	17309.0	807.0	6706.0	5251.0	9405.0	1783.0	870.0	91.0	457.0	4236.0	349.0	36629.0	986.0	17.0	7854.0	1394.0	3790.0	7936.0	152.0	127.0	8164.0	569.0	748.0	66.0	134.0	288.0	33.0	264.0	106.0	2774.0	432.0	66.0	20.0	714.0	54.0	173.0	181.0	12.0	104.0	51.0	591.0	8.0	69.0	277.0	23.0	277.0	1814.0	1075.0	18.0	370.0	191.0	4.0	39.0	196.0	13.0	450.0	1578.0	0.0	1252.0	0.0	144.0	23.0	10.0	155.0	6.0	111.0	5.0	59.0	191.0	254.0	103.0	61.0	63.0	25.0	0.0	185.0	13.0	241.0	0.0	33.0	0.0	0.0	0.0	0.0	17.0	113.0	28.0	17.0	112.0	16.0	0.0	32.0	0.0	0.0	0.0	67.0	0.0	62.0	271.0	0.0	0.0	0.0	0.0	0.0	0.0	0.0	0.0	0.0	0.0	0.0	0.0	0.0	0.0	0.0	0.0	0.0	0.0	0.0	0.0	0.0	0.0	0.0	0.0	0.0	0.0	0.0	0.0	0.0	0.0	0.0	0.0	0.0	0.0	0.0	0.0	0.0	0.0	0.0	0.0	0.0
SRR20680650	22221.0	11639.0	940.0	8936.0	8915.0	7631.0	1267.0	1809.0	269.0	481.0	5741.0	886.0	28146.0	1170.0	29.0	12005.0	1240.0	5937.0	8689.0	318.0	174.0	8246.0	787.0	826.0	66.0	237.0	290.0	61.0	265.0	179.0	4447.0	663.0	181.0	20.0	545.0	55.0	482.0	185.0	19.0	66.0	38.0	640.0	30.0	117.0	669.0	0.0	818.0	1974.0	4712.0	28.0	368.0	615.0	0.0	110.0	557.0	9.0	1418.0	1355.0	0.0	1159.0	19.0	210.0	92.0	12.0	326.0	106.0	260.0	67.0	116.0	224.0	907.0	114.0	272.0	107.0	63.0	4.0	263.0	5.0	400.0	0.0	14.0	0.0	12.0	2.0	17.0	108.0	248.0	5.0	50.0	55.0	12.0	20.0	70.0	0.0	0.0	0.0	197.0	3.0	46.0	307.0	0.0	0.0	0.0	0.0	0.0	0.0	0.0	0.0	0.0	0.0	4.0	0.0	0.0	0.0	0.0	0.0	0.0	0.0	0.0	0.0	0.0	0.0	0.0	0.0	0.0	0.0	0.0	0.0	0.0	0.0	0.0	0.0	0.0	0.0	0.0	0.0	0.0	0.0	0.0	0.0	0.0
SRR20680651	26221.0	17403.0	784.0	9448.0	11495.0	11173.0	2191.0	1793.0	376.0	547.0	6478.0	924.0	33659.0	1279.0	42.0	12537.0	1500.0	7230.0	10935.0	367.0	211.0	10111.0	784.0	895.0	54.0	253.0	495.0	78.0	297.0	141.0	5161.0	987.0	193.0	0.0	681.0	81.0	558.0	130.0	22.0	88.0	47.0	903.0	44.0	144.0	675.0	47.0	1179.0	2273.0	3065.0	0.0	371.0	783.0	19.0	83.0	737.0	10.0	2049.0	1466.0	0.0	1367.0	39.0	257.0	65.0	0.0	424.0	127.0	461.0	41.0	120.0	454.0	854.0	164.0	518.0	84.0	55.0	0.0	272.0	31.0	609.0	0.0	58.0	0.0	22.0	2.0	22.0	115.0	179.0	50.0	65.0	103.0	0.0	7.0	118.0	0.0	0.0	0.0	137.0	0.0	79.0	454.0	4.0	0.0	0.0	0.0	0.0	5.0	0.0	0.0	0.0	0.0	0.0	2.0	0.0	0.0	0.0	0.0	0.0	0.0	0.0	0.0	0.0	2.0	0.0	0.0	0.0	0.0	0.0	0.0	0.0	0.0	0.0	0.0	0.0	0.0	0.0	0.0	0.0	0.0	0.0	0.0	0.0
SRR20680653	19095.0	14663.0	694.0	7722.0	9062.0	9000.0	1745.0	1666.0	215.0	443.0	5463.0	630.0	29941.0	915.0	33.0	12887.0	1354.0	6288.0	8209.0	295.0	152.0	6625.0	487.0	930.0	84.0	187.0	264.0	61.0	233.0	169.0	3927.0	877.0	250.0	16.0	449.0	31.0	420.0	104.0	38.0	133.0	53.0	757.0	25.0	146.0	495.0	31.0	835.0	2244.0	1218.0	16.0	757.0	510.0	5.0	110.0	435.0	4.0	1494.0	1272.0	0.0	974.0	45.0	212.0	42.0	8.0	505.0	177.0	334.0	41.0	87.0	318.0	743.0	65.0	297.0	70.0	61.0	0.0	214.0	38.0	448.0	0.0	38.0	0.0	5.0	0.0	9.0	94.0	160.0	59.0	44.0	96.0	6.0	47.0	112.0	0.0	0.0	0.0	224.0	0.0	99.0	386.0	0.0	0.0	0.0	0.0	0.0	0.0	0.0	0.0	0.0	0.0	5.0	0.0	0.0	0.0	0.0	0.0	0.0	0.0	0.0	0.0	0.0	0.0	0.0	0.0	0.0	0.0	0.0	0.0	0.0	0.0	0.0	0.0	0.0	0.0	0.0	0.0	0.0	0.0	0.0	0.0	0.0
SRR20680654	19952.0	15576.0	689.0	8463.0	9342.0	9558.0	1896.0	1669.0	222.0	513.0	5684.0	943.0	30272.0	1091.0	11.0	14490.0	1100.0	6474.0	9172.0	269.0	117.0	7575.0	507.0	908.0	85.0	231.0	255.0	141.0	270.0	187.0	4462.0	780.0	179.0	25.0	485.0	47.0	592.0	141.0	11.0	125.0	73.0	863.0	54.0	163.0	457.0	41.0	975.0	2308.0	1273.0	12.0	360.0	762.0	3.0	68.0	576.0	6.0	1779.0	1427.0	0.0	1316.0	61.0	261.0	33.0	3.0	352.0	112.0	309.0	29.0	95.0	252.0	744.0	15.0	307.0	97.0	46.0	0.0	188.0	39.0	409.0	0.0	38.0	0.0	0.0	3.0	0.0	117.0	196.0	30.0	63.0	64.0	6.0	21.0	102.0	0.0	0.0	0.0	203.0	0.0	79.0	445.0	0.0	0.0	0.0	0.0	0.0	0.0	0.0	0.0	0.0	0.0	3.0	0.0	0.0	0.0	0.0	0.0	0.0	0.0	0.0	0.0	0.0	0.0	0.0	0.0	0.0	0.0	0.0	0.0	0.0	0.0	0.0	0.0	0.0	0.0	0.0	0.0	0.0	0.0	0.0	0.0	0.0
SRR20680656	18625.0	15725.0	769.0	7913.0	9271.0	10627.0	1886.0	1844.0	205.0	533.0	6028.0	829.0	31629.0	1167.0	21.0	12062.0	1529.0	6733.0	8769.0	392.0	198.0	6859.0	629.0	990.0	76.0	199.0	416.0	79.0	209.0	136.0	4801.0	915.0	243.0	26.0	627.0	51.0	513.0	140.0	11.0	151.0	101.0	838.0	4.0	128.0	696.0	24.0	949.0	2615.0	1497.0	13.0	464.0	352.0	2.0	94.0	567.0	11.0	1300.0	1755.0	0.0	1009.0	0.0	154.0	59.0	4.0	477.0	126.0	284.0	35.0	122.0	288.0	528.0	63.0	290.0	67.0	62.0	0.0	271.0	45.0	372.0	0.0	50.0	0.0	3.0	0.0	16.0	96.0	233.0	44.0	29.0	75.0	14.0	33.0	96.0	0.0	0.0	0.0	246.0	0.0	74.0	467.0	0.0	0.0	0.0	0.0	0.0	0.0	0.0	0.0	0.0	0.0	0.0	0.0	0.0	0.0	0.0	0.0	0.0	0.0	0.0	0.0	0.0	0.0	0.0	0.0	0.0	0.0	0.0	0.0	0.0	0.0	0.0	0.0	0.0	0.0	0.0	0.0	0.0	0.0	0.0	0.0	0.0
SRR20680657	24019.0	14414.0	566.0	5030.0	3839.0	7164.0	1650.0	1051.0	20.0	191.0	4251.0	141.0	33590.0	789.0	6.0	5137.0	996.0	3228.0	7090.0	149.0	92.0	6297.0	399.0	552.0	30.0	106.0	106.0	50.0	147.0	58.0	1884.0	406.0	87.0	14.0	421.0	54.0	86.0	60.0	4.0	62.0	55.0	460.0	18.0	33.0	258.0	16.0	247.0	1558.0	943.0	3.0	336.0	105.0	0.0	0.0	196.0	8.0	169.0	1137.0	0.0	756.0	0.0	230.0	85.0	0.0	190.0	12.0	134.0	8.0	0.0	154.0	161.0	64.0	84.0	44.0	14.0	0.0	103.0	27.0	253.0	0.0	13.0	0.0	0.0	0.0	0.0	8.0	60.0	0.0	8.0	68.0	11.0	4.0	21.0	11.0	0.0	0.0	58.0	0.0	50.0	297.0	0.0	0.0	0.0	0.0	0.0	0.0	0.0	0.0	0.0	0.0	0.0	0.0	0.0	0.0	0.0	0.0	0.0	0.0	0.0	0.0	0.0	0.0	0.0	0.0	0.0	0.0	0.0	0.0	0.0	0.0	0.0	0.0	0.0	0.0	0.0	0.0	0.0	0.0	0.0	0.0	0.0
SRR20680658	10864.0	10556.0	384.0	4062.0	4254.0	7499.0	1217.0	2413.0	52.0	675.0	9347.0	941.0	26553.0	1141.0	9.0	20818.0	1412.0	5198.0	8085.0	124.0	412.0	6934.0	178.0	1420.0	253.0	188.0	131.0	92.0	257.0	37.0	4612.0	1747.0	574.0	23.0	200.0	15.0	763.0	179.0	16.0	8.0	129.0	381.0	94.0	41.0	247.0	28.0	1263.0	1215.0	43759.0	0.0	3512.0	295.0	17.0	77.0	521.0	4.0	268.0	933.0	0.0	545.0	64.0	1006.0	62.0	16.0	896.0	143.0	255.0	0.0	0.0	456.0	597.0	109.0	671.0	21.0	42.0	0.0	546.0	44.0	137.0	0.0	22.0	12.0	51.0	0.0	18.0	3.0	83.0	546.0	88.0	120.0	17.0	123.0	293.0	0.0	0.0	2.0	175.0	0.0	54.0	0.0	38.0	0.0	0.0	0.0	0.0	0.0	0.0	0.0	0.0	0.0	0.0	0.0	0.0	0.0	0.0	3.0	0.0	0.0	0.0	0.0	0.0	0.0	0.0	0.0	0.0	0.0	0.0	0.0	0.0	0.0	0.0	0.0	0.0	0.0	0.0	0.0	0.0	0.0	0.0	0.0	0.0
SRR20680659	8519.0	7783.0	94.0	4561.0	5024.0	6844.0	989.0	1407.0	108.0	839.0	9147.0	683.0	23490.0	836.0	0.0	22704.0	827.0	4616.0	6876.0	117.0	178.0	5379.0	258.0	934.0	523.0	226.0	63.0	128.0	276.0	0.0	2573.0	1745.0	352.0	10.0	307.0	0.0	954.0	160.0	11.0	0.0	239.0	380.0	47.0	23.0	303.0	35.0	1532.0	787.0	10305.0	5.0	2862.0	203.0	30.0	36.0	852.0	12.0	325.0	525.0	0.0	524.0	174.0	518.0	0.0	21.0	590.0	78.0	263.0	26.0	36.0	254.0	798.0	90.0	653.0	37.0	85.0	0.0	296.0	28.0	219.0	0.0	0.0	0.0	0.0	0.0	0.0	0.0	83.0	330.0	109.0	69.0	0.0	91.0	535.0	0.0	0.0	0.0	105.0	0.0	61.0	0.0	0.0	0.0	0.0	0.0	0.0	0.0	0.0	0.0	0.0	0.0	0.0	0.0	0.0	0.0	0.0	0.0	0.0	0.0	0.0	0.0	0.0	0.0	0.0	0.0	0.0	0.0	0.0	0.0	0.0	10.0	0.0	0.0	0.0	0.0	0.0	0.0	0.0	0.0	0.0	0.0	0.0
SRR20680660	27476.0	17174.0	464.0	5754.0	4063.0	8974.0	1777.0	841.0	0.0	305.0	5523.0	135.0	40133.0	894.0	13.0	6119.0	928.0	2881.0	7825.0	80.0	77.0	6489.0	429.0	622.0	49.0	143.0	228.0	43.0	178.0	32.0	2146.0	454.0	105.0	10.0	562.0	55.0	107.0	113.0	2.0	48.0	0.0	559.0	0.0	37.0	129.0	12.0	318.0	1610.0	920.0	0.0	210.0	58.0	0.0	24.0	153.0	5.0	210.0	1171.0	0.0	997.0	8.0	217.0	45.0	7.0	83.0	51.0	152.0	0.0	24.0	206.0	153.0	64.0	38.0	90.0	13.0	0.0	144.0	18.0	265.0	0.0	25.0	0.0	11.0	0.0	0.0	25.0	71.0	42.0	5.0	163.0	3.0	5.0	37.0	7.0	0.0	0.0	29.0	0.0	52.0	238.0	0.0	0.0	0.0	0.0	0.0	0.0	0.0	0.0	0.0	0.0	0.0	0.0	0.0	0.0	0.0	0.0	0.0	0.0	0.0	0.0	0.0	0.0	0.0	0.0	0.0	0.0	0.0	0.0	0.0	0.0	0.0	0.0	0.0	0.0	0.0	0.0	0.0	0.0	0.0	0.0	0.0
SRR20680662	42735.0	22880.0	1253.0	13733.0	6715.0	8889.0	1869.0	1331.0	131.0	626.0	5946.0	350.0	43930.0	1477.0	34.0	10065.0	1274.0	4830.0	8619.0	258.0	128.0	10556.0	704.0	1457.0	56.0	375.0	354.0	34.0	327.0	72.0	3245.0	538.0	137.0	25.0	792.0	183.0	265.0	209.0	21.0	109.0	132.0	1476.0	28.0	62.0	563.0	0.0	283.0	2409.0	917.0	20.0	320.0	243.0	19.0	92.0	212.0	7.0	640.0	1296.0	0.0	1005.0	18.0	254.0	135.0	36.0	244.0	31.0	196.0	8.0	80.0	364.0	412.0	74.0	83.0	63.0	30.0	0.0	239.0	34.0	339.0	0.0	49.0	0.0	15.0	100.0	0.0	36.0	116.0	17.0	26.0	129.0	9.0	6.0	118.0	0.0	0.0	0.0	131.0	0.0	18.0	369.0	5.0	0.0	0.0	0.0	4.0	0.0	0.0	0.0	0.0	0.0	0.0	0.0	0.0	0.0	0.0	0.0	0.0	0.0	0.0	0.0	0.0	0.0	0.0	0.0	0.0	0.0	0.0	0.0	0.0	0.0	0.0	0.0	0.0	0.0	0.0	0.0	0.0	0.0	0.0	0.0	0.0
SRR20680663	22574.0	20106.0	829.0	6971.0	9777.0	13108.0	2245.0	1632.0	310.0	436.0	10030.0	1175.0	33775.0	1363.0	53.0	14695.0	1599.0	6668.0	10434.0	503.0	223.0	9862.0	642.0	964.0	48.0	211.0	633.0	80.0	386.0	160.0	6277.0	1366.0	258.0	42.0	822.0	68.0	769.0	245.0	40.0	149.0	100.0	1103.0	21.0	197.0	517.0	69.0	1401.0	3752.0	1308.0	25.0	665.0	364.0	0.0	82.0	777.0	9.0	1855.0	2245.0	0.0	1768.0	9.0	244.0	76.0	6.0	299.0	182.0	470.0	62.0	198.0	226.0	836.0	155.0	432.0	102.0	47.0	0.0	360.0	22.0	566.0	0.0	67.0	0.0	12.0	0.0	14.0	141.0	181.0	40.0	63.0	114.0	0.0	74.0	122.0	0.0	0.0	0.0	266.0	0.0	126.0	527.0	16.0	0.0	0.0	0.0	0.0	0.0	0.0	0.0	0.0	0.0	0.0	0.0	0.0	0.0	0.0	0.0	0.0	0.0	0.0	0.0	0.0	0.0	0.0	0.0	0.0	0.0	0.0	0.0	0.0	0.0	0.0	0.0	0.0	0.0	0.0	0.0	0.0	0.0	0.0	0.0	0.0
SRR20680664	17726.0	14790.0	602.0	7942.0	6081.0	9914.0	1929.0	4862.0	61.0	1199.0	14008.0	1117.0	33706.0	2365.0	15.0	25275.0	3003.0	9552.0	11216.0	193.0	412.0	11192.0	389.0	2927.0	314.0	436.0	335.0	322.0	283.0	36.0	3543.0	2220.0	538.0	26.0	429.0	8.0	1077.0	247.0	55.0	31.0	106.0	596.0	38.0	123.0	595.0	63.0	2204.0	2173.0	49202.0	27.0	5173.0	214.0	43.0	89.0	745.0	27.0	316.0	999.0	0.0	814.0	88.0	1343.0	180.0	39.0	898.0	686.0	404.0	20.0	3.0	682.0	1012.0	159.0	974.0	28.0	76.0	0.0	786.0	48.0	203.0	0.0	28.0	10.0	22.0	0.0	44.0	10.0	128.0	750.0	141.0	77.0	5.0	117.0	441.0	0.0	0.0	0.0	191.0	0.0	103.0	16.0	21.0	0.0	0.0	0.0	4.0	0.0	0.0	0.0	0.0	0.0	0.0	0.0	0.0	0.0	0.0	0.0	0.0	0.0	0.0	0.0	0.0	0.0	0.0	0.0	0.0	0.0	0.0	0.0	2.0	0.0	0.0	0.0	0.0	0.0	0.0	0.0	0.0	0.0	0.0	0.0	0.0
SRR20680665	23530.0	26803.0	747.0	3812.0	3690.0	15735.0	2678.0	1466.0	51.0	304.0	5616.0	96.0	36075.0	1041.0	10.0	4287.0	825.0	3147.0	6787.0	156.0	145.0	6441.0	327.0	985.0	97.0	52.0	305.0	103.0	37.0	44.0	2955.0	278.0	88.0	0.0	210.0	92.0	119.0	99.0	4.0	115.0	39.0	698.0	28.0	22.0	202.0	17.0	78.0	2777.0	902.0	17.0	105.0	42.0	0.0	9.0	92.0	11.0	208.0	3431.0	0.0	1014.0	0.0	268.0	130.0	0.0	446.0	11.0	180.0	6.0	0.0	213.0	155.0	81.0	126.0	89.0	9.0	2.0	208.0	48.0	320.0	0.0	29.0	0.0	24.0	0.0	14.0	20.0	45.0	4.0	0.0	97.0	0.0	7.0	35.0	0.0	0.0	0.0	76.0	0.0	34.0	560.0	6.0	0.0	0.0	0.0	0.0	0.0	0.0	0.0	0.0	0.0	0.0	0.0	0.0	0.0	0.0	0.0	0.0	0.0	0.0	0.0	0.0	0.0	0.0	0.0	0.0	0.0	0.0	0.0	0.0	0.0	0.0	0.0	0.0	0.0	0.0	0.0	0.0	0.0	0.0	0.0	0.0
SRR20680666	26975.0	28376.0	1365.0	3940.0	5085.0	18846.0	3666.0	1784.0	29.0	357.0	9703.0	123.0	41359.0	1501.0	6.0	5843.0	1314.0	3813.0	7865.0	224.0	278.0	6215.0	328.0	1371.0	104.0	40.0	162.0	76.0	32.0	32.0	2929.0	340.0	66.0	7.0	264.0	73.0	78.0	91.0	10.0	117.0	22.0	720.0	28.0	26.0	253.0	25.0	199.0	3492.0	871.0	11.0	117.0	46.0	2.0	2.0	48.0	4.0	183.0	2239.0	0.0	1527.0	0.0	354.0	100.0	9.0	716.0	75.0	228.0	10.0	36.0	420.0	159.0	137.0	48.0	106.0	29.0	0.0	331.0	77.0	413.0	0.0	72.0	0.0	13.0	0.0	8.0	17.0	72.0	26.0	5.0	95.0	9.0	25.0	26.0	0.0	0.0	0.0	119.0	0.0	37.0	667.0	3.0	0.0	0.0	0.0	0.0	0.0	0.0	0.0	0.0	0.0	0.0	0.0	0.0	0.0	0.0	0.0	0.0	0.0	0.0	0.0	0.0	0.0	0.0	0.0	0.0	0.0	0.0	0.0	0.0	0.0	0.0	0.0	0.0	0.0	0.0	0.0	0.0	0.0	0.0	0.0	0.0
SRR20680667	31074.0	29119.0	970.0	4172.0	4605.0	16600.0	3493.0	1749.0	21.0	288.0	7958.0	52.0	39690.0	1249.0	16.0	6485.0	1207.0	4042.0	7520.0	184.0	213.0	6440.0	430.0	1331.0	110.0	57.0	333.0	50.0	61.0	31.0	3467.0	312.0	66.0	4.0	272.0	90.0	108.0	86.0	4.0	150.0	60.0	565.0	17.0	19.0	241.0	35.0	147.0	2575.0	952.0	6.0	223.0	44.0	0.0	10.0	58.0	10.0	96.0	2818.0	0.0	1272.0	0.0	374.0	134.0	3.0	467.0	46.0	218.0	20.0	0.0	410.0	195.0	88.0	139.0	118.0	36.0	0.0	253.0	61.0	306.0	0.0	37.0	0.0	9.0	0.0	0.0	8.0	66.0	46.0	27.0	91.0	20.0	14.0	42.0	0.0	0.0	0.0	94.0	0.0	13.0	553.0	0.0	0.0	0.0	0.0	6.0	0.0	0.0	0.0	0.0	0.0	0.0	0.0	0.0	0.0	0.0	0.0	0.0	0.0	0.0	0.0	0.0	0.0	0.0	0.0	0.0	0.0	0.0	0.0	0.0	0.0	0.0	0.0	0.0	0.0	0.0	0.0	0.0	0.0	0.0	0.0	0.0
SRR20680668	27051.0	23505.0	838.0	3630.0	4925.0	17184.0	4486.0	1400.0	13.0	337.0	6134.0	103.0	38293.0	1332.0	7.0	5228.0	1049.0	3817.0	7273.0	179.0	222.0	6940.0	241.0	1108.0	155.0	92.0	232.0	78.0	49.0	21.0	1985.0	404.0	55.0	0.0	246.0	60.0	125.0	85.0	0.0	123.0	72.0	729.0	32.0	30.0	160.0	17.0	191.0	2765.0	533.0	12.0	94.0	94.0	0.0	0.0	64.0	9.0	231.0	1908.0	0.0	1386.0	10.0	291.0	114.0	4.0	847.0	37.0	212.0	11.0	0.0	358.0	268.0	79.0	144.0	142.0	27.0	0.0	423.0	95.0	341.0	0.0	18.0	0.0	6.0	0.0	15.0	24.0	52.0	21.0	0.0	107.0	6.0	29.0	15.0	9.0	0.0	0.0	134.0	0.0	49.0	602.0	0.0	0.0	0.0	0.0	0.0	0.0	0.0	0.0	0.0	0.0	0.0	0.0	0.0	0.0	0.0	0.0	0.0	0.0	0.0	0.0	0.0	0.0	0.0	0.0	0.0	0.0	0.0	0.0	0.0	0.0	0.0	0.0	0.0	0.0	0.0	0.0	0.0	0.0	0.0	0.0	0.0
SRR20680669	32170.0	25109.0	1111.0	5348.0	6094.0	18261.0	4237.0	2325.0	70.0	363.0	10277.0	212.0	44600.0	1804.0	0.0	7250.0	1604.0	5805.0	8349.0	237.0	284.0	9533.0	473.0	1269.0	118.0	127.0	432.0	61.0	89.0	51.0	2701.0	427.0	129.0	9.0	400.0	99.0	210.0	106.0	0.0	159.0	111.0	733.0	25.0	99.0	269.0	36.0	301.0	3292.0	863.0	21.0	116.0	37.0	7.0	0.0	92.0	3.0	270.0	2433.0	0.0	1798.0	27.0	329.0	202.0	0.0	661.0	64.0	305.0	27.0	0.0	479.0	225.0	126.0	64.0	146.0	31.0	0.0	502.0	84.0	411.0	0.0	43.0	0.0	52.0	0.0	16.0	23.0	134.0	15.0	49.0	102.0	14.0	17.0	46.0	0.0	0.0	0.0	117.0	0.0	61.0	572.0	3.0	0.0	0.0	0.0	0.0	0.0	0.0	0.0	0.0	0.0	0.0	0.0	0.0	0.0	0.0	0.0	0.0	0.0	0.0	0.0	0.0	0.0	0.0	0.0	0.0	0.0	0.0	0.0	0.0	0.0	0.0	0.0	0.0	0.0	0.0	0.0	0.0	0.0	0.0	0.0	0.0
SRR20680670	20071.0	15773.0	731.0	8809.0	11420.0	10436.0	1451.0	2139.0	300.0	490.0	6508.0	710.0	33343.0	1172.0	34.0	11157.0	1699.0	7116.0	8544.0	356.0	145.0	9479.0	708.0	839.0	68.0	369.0	358.0	65.0	258.0	193.0	4554.0	965.0	245.0	30.0	597.0	50.0	700.0	161.0	24.0	89.0	33.0	753.0	45.0	206.0	557.0	36.0	938.0	2593.0	2160.0	30.0	355.0	607.0	0.0	150.0	629.0	8.0	1391.0	1593.0	0.0	1126.0	26.0	196.0	31.0	10.0	384.0	179.0	365.0	72.0	173.0	292.0	705.0	98.0	197.0	96.0	37.0	0.0	336.0	44.0	610.0	0.0	72.0	0.0	33.0	0.0	8.0	114.0	206.0	30.0	48.0	78.0	0.0	40.0	123.0	0.0	0.0	0.0	225.0	0.0	103.0	428.0	21.0	0.0	0.0	0.0	0.0	0.0	0.0	0.0	0.0	0.0	7.0	0.0	4.0	0.0	0.0	0.0	0.0	0.0	0.0	0.0	0.0	0.0	0.0	0.0	0.0	0.0	0.0	0.0	0.0	0.0	0.0	0.0	0.0	0.0	0.0	0.0	0.0	0.0	0.0	0.0	0.0
SRR20680671	11516.0	6584.0	176.0	6449.0	3526.0	3887.0	553.0	2367.0	63.0	581.0	5425.0	778.0	21864.0	1225.0	0.0	18989.0	765.0	5711.0	10277.0	153.0	63.0	6381.0	277.0	1133.0	72.0	81.0	117.0	27.0	160.0	0.0	2429.0	1741.0	514.0	21.0	157.0	14.0	636.0	373.0	31.0	28.0	29.0	81.0	62.0	37.0	289.0	37.0	1914.0	738.0	17081.0	0.0	2536.0	822.0	84.0	182.0	382.0	0.0	390.0	582.0	0.0	468.0	21.0	512.0	23.0	20.0	369.0	52.0	105.0	0.0	30.0	363.0	561.0	115.0	740.0	0.0	30.0	0.0	185.0	56.0	190.0	0.0	4.0	0.0	0.0	0.0	0.0	9.0	80.0	363.0	0.0	109.0	8.0	71.0	76.0	0.0	0.0	0.0	67.0	0.0	40.0	7.0	22.0	0.0	0.0	0.0	0.0	0.0	0.0	0.0	0.0	0.0	0.0	0.0	0.0	0.0	0.0	0.0	0.0	0.0	0.0	0.0	0.0	0.0	0.0	0.0	0.0	0.0	0.0	0.0	0.0	0.0	0.0	0.0	0.0	0.0	0.0	0.0	0.0	0.0	0.0	0.0	0.0
SRR20680672	18834.0	13238.0	471.0	8053.0	6725.0	7566.0	1447.0	1261.0	186.0	303.0	4808.0	626.0	32653.0	903.0	20.0	17342.0	1909.0	4984.0	7265.0	211.0	118.0	8705.0	428.0	883.0	97.0	238.0	291.0	44.0	192.0	114.0	3333.0	566.0	218.0	16.0	612.0	55.0	457.0	150.0	56.0	90.0	79.0	595.0	31.0	202.0	418.0	52.0	626.0	1919.0	828.0	5.0	325.0	1349.0	6.0	83.0	691.0	5.0	953.0	1225.0	0.0	930.0	5.0	217.0	68.0	3.0	451.0	74.0	218.0	23.0	118.0	384.0	801.0	59.0	99.0	63.0	7.0	0.0	204.0	25.0	401.0	0.0	54.0	0.0	16.0	3.0	0.0	141.0	67.0	18.0	59.0	82.0	9.0	21.0	88.0	4.0	0.0	0.0	246.0	0.0	93.0	356.0	0.0	0.0	0.0	0.0	2.0	0.0	0.0	0.0	0.0	0.0	0.0	0.0	0.0	0.0	0.0	0.0	0.0	0.0	0.0	0.0	0.0	0.0	0.0	0.0	0.0	0.0	0.0	0.0	0.0	0.0	0.0	0.0	0.0	0.0	0.0	0.0	0.0	0.0	0.0	0.0	0.0
SRR20680673	17498.0	18002.0	633.0	5325.0	8601.0	11843.0	2229.0	1372.0	288.0	427.0	6866.0	958.0	32082.0	1180.0	16.0	10470.0	1584.0	6225.0	7711.0	395.0	193.0	9011.0	560.0	796.0	88.0	312.0	293.0	101.0	344.0	172.0	5529.0	792.0	255.0	24.0	512.0	56.0	583.0	147.0	42.0	94.0	121.0	774.0	34.0	260.0	493.0	33.0	996.0	3559.0	1139.0	33.0	437.0	389.0	0.0	58.0	631.0	9.0	1854.0	1636.0	0.0	1304.0	21.0	237.0	57.0	3.0	335.0	175.0	387.0	35.0	112.0	197.0	484.0	43.0	232.0	58.0	50.0	0.0	313.0	32.0	541.0	0.0	34.0	0.0	0.0	0.0	10.0	102.0	112.0	24.0	39.0	99.0	4.0	42.0	104.0	0.0	0.0	0.0	250.0	0.0	107.0	647.0	8.0	0.0	0.0	0.0	0.0	0.0	0.0	0.0	0.0	0.0	0.0	0.0	0.0	0.0	0.0	0.0	0.0	0.0	0.0	0.0	0.0	0.0	0.0	0.0	0.0	0.0	0.0	0.0	0.0	0.0	0.0	0.0	0.0	0.0	0.0	0.0	0.0	0.0	0.0	0.0	0.0
SRR20680674	15711.0	16504.0	488.0	4190.0	6209.0	10146.0	1598.0	975.0	197.0	301.0	6831.0	717.0	26810.0	773.0	6.0	13326.0	1361.0	4806.0	6702.0	375.0	180.0	6978.0	328.0	774.0	117.0	164.0	361.0	78.0	239.0	112.0	4103.0	764.0	162.0	20.0	559.0	40.0	547.0	140.0	10.0	93.0	80.0	692.0	39.0	166.0	385.0	33.0	868.0	2368.0	1094.0	21.0	423.0	350.0	4.0	89.0	770.0	0.0	1080.0	1290.0	0.0	1345.0	12.0	221.0	21.0	6.0	358.0	92.0	314.0	71.0	82.0	132.0	1336.0	121.0	168.0	82.0	29.0	0.0	232.0	30.0	423.0	0.0	11.0	0.0	5.0	0.0	20.0	71.0	83.0	22.0	40.0	70.0	0.0	38.0	48.0	0.0	0.0	0.0	181.0	0.0	162.0	417.0	0.0	0.0	0.0	0.0	0.0	0.0	0.0	0.0	0.0	0.0	0.0	0.0	0.0	0.0	0.0	0.0	0.0	0.0	0.0	0.0	0.0	0.0	0.0	0.0	0.0	0.0	0.0	0.0	0.0	0.0	0.0	0.0	0.0	0.0	0.0	0.0	0.0	0.0	0.0	0.0	0.0
SRR20680675	26548.0	15215.0	832.0	9644.0	9809.0	9638.0	1686.0	2355.0	322.0	392.0	8912.0	733.0	39746.0	1471.0	20.0	15723.0	2270.0	7512.0	8902.0	327.0	133.0	11100.0	843.0	1158.0	67.0	534.0	448.0	113.0	349.0	201.0	5220.0	967.0	293.0	14.0	644.0	68.0	534.0	282.0	25.0	93.0	50.0	930.0	34.0	254.0	516.0	38.0	925.0	2864.0	3800.0	19.0	459.0	282.0	8.0	142.0	728.0	22.0	1500.0	1604.0	2.0	1477.0	12.0	282.0	12.0	12.0	255.0	87.0	371.0	54.0	126.0	314.0	1136.0	123.0	164.0	63.0	41.0	0.0	229.0	36.0	454.0	0.0	55.0	0.0	8.0	0.0	24.0	86.0	199.0	22.0	40.0	47.0	9.0	56.0	124.0	0.0	0.0	0.0	172.0	0.0	146.0	311.0	0.0	0.0	0.0	0.0	0.0	0.0	0.0	0.0	0.0	0.0	0.0	0.0	0.0	0.0	0.0	0.0	0.0	0.0	0.0	0.0	0.0	0.0	0.0	0.0	0.0	0.0	0.0	0.0	0.0	0.0	0.0	0.0	0.0	0.0	0.0	0.0	0.0	0.0	0.0	0.0	0.0
SRR20680676	23982.0	11282.0	515.0	11243.0	9307.0	8535.0	1454.0	6139.0	163.0	2423.0	16119.0	923.0	34865.0	3150.0	112.0	18372.0	3789.0	9207.0	15491.0	301.0	397.0	13964.0	622.0	759.0	572.0	1706.0	417.0	202.0	319.0	53.0	7156.0	2862.0	421.0	42.0	282.0	1326.0	1020.0	394.0	97.0	42.0	166.0	1029.0	112.0	271.0	561.0	27.0	2349.0	2455.0	9679.0	12.0	4574.0	506.0	66.0	102.0	1398.0	5.0	672.0	967.0	0.0	904.0	162.0	1309.0	118.0	73.0	573.0	309.0	655.0	31.0	134.0	1017.0	1185.0	164.0	8247.0	24.0	116.0	652.0	982.0	48.0	254.0	65.0	47.0	9.0	15.0	479.0	85.0	57.0	235.0	702.0	190.0	147.0	0.0	114.0	1275.0	0.0	13.0	0.0	280.0	0.0	110.0	18.0	23.0	0.0	3.0	0.0	13.0	0.0	0.0	0.0	0.0	0.0	0.0	0.0	0.0	0.0	0.0	0.0	0.0	0.0	0.0	0.0	84.0	0.0	0.0	0.0	0.0	0.0	0.0	0.0	0.0	162.0	0.0	0.0	0.0	0.0	0.0	3.0	0.0	0.0	0.0	0.0	0.0
SRR20680677	31858.0	19637.0	932.0	6771.0	5022.0	12534.0	2554.0	1843.0	62.0	392.0	5255.0	200.0	38197.0	1170.0	38.0	5910.0	1759.0	4107.0	6178.0	198.0	101.0	6792.0	335.0	4713.0	137.0	127.0	222.0	53.0	95.0	59.0	2366.0	396.0	124.0	12.0	335.0	59.0	179.0	102.0	11.0	89.0	112.0	551.0	41.0	43.0	322.0	22.0	209.0	2839.0	3123.0	23.0	101.0	90.0	2.0	19.0	105.0	4.0	272.0	1523.0	0.0	947.0	14.0	281.0	105.0	8.0	401.0	34.0	238.0	20.0	16.0	365.0	208.0	128.0	102.0	42.0	18.0	0.0	184.0	97.0	341.0	0.0	42.0	0.0	46.0	0.0	5.0	0.0	152.0	24.0	25.0	82.0	8.0	19.0	28.0	0.0	0.0	0.0	139.0	0.0	57.0	490.0	4.0	0.0	0.0	0.0	0.0	0.0	0.0	0.0	0.0	0.0	0.0	3.0	0.0	0.0	0.0	0.0	0.0	0.0	0.0	0.0	0.0	2.0	0.0	0.0	0.0	0.0	0.0	0.0	0.0	0.0	0.0	0.0	0.0	0.0	0.0	0.0	0.0	0.0	0.0	0.0	0.0
SRR20680678	33015.0	19948.0	564.0	6540.0	2942.0	9492.0	2083.0	1019.0	15.0	209.0	6333.0	71.0	39141.0	893.0	0.0	4006.0	736.0	2173.0	4894.0	121.0	156.0	5244.0	264.0	634.0	25.0	22.0	207.0	6.0	67.0	13.0	1541.0	175.0	51.0	0.0	563.0	47.0	69.0	50.0	7.0	48.0	9.0	446.0	12.0	14.0	122.0	10.0	60.0	1498.0	451.0	9.0	88.0	32.0	3.0	0.0	33.0	7.0	58.0	1407.0	0.0	967.0	0.0	207.0	72.0	0.0	541.0	24.0	171.0	9.0	0.0	266.0	87.0	88.0	59.0	63.0	0.0	0.0	122.0	23.0	211.0	0.0	3.0	0.0	3.0	0.0	4.0	0.0	47.0	6.0	9.0	70.0	6.0	0.0	27.0	0.0	0.0	0.0	29.0	0.0	16.0	301.0	0.0	0.0	0.0	0.0	0.0	0.0	0.0	0.0	0.0	0.0	0.0	0.0	0.0	0.0	0.0	0.0	0.0	0.0	0.0	0.0	0.0	0.0	0.0	0.0	0.0	0.0	0.0	0.0	0.0	0.0	0.0	0.0	0.0	0.0	0.0	0.0	0.0	0.0	0.0	0.0	0.0
SRR20680679	8137.0	8717.0	271.0	3176.0	3061.0	6898.0	1359.0	1824.0	26.0	429.0	9735.0	995.0	16440.0	877.0	4.0	20813.0	784.0	4284.0	8758.0	193.0	343.0	5194.0	111.0	1035.0	196.0	28.0	119.0	16.0	112.0	14.0	3864.0	2382.0	378.0	0.0	188.0	0.0	713.0	270.0	12.0	22.0	37.0	46.0	29.0	36.0	144.0	27.0	1749.0	855.0	11485.0	0.0	2045.0	139.0	4.0	106.0	206.0	3.0	290.0	551.0	0.0	901.0	44.0	455.0	57.0	2.0	488.0	51.0	311.0	0.0	23.0	289.0	362.0	86.0	723.0	21.0	6.0	0.0	265.0	16.0	136.0	0.0	17.0	10.0	0.0	0.0	8.0	0.0	33.0	503.0	65.0	83.0	0.0	95.0	51.0	0.0	0.0	0.0	116.0	0.0	115.0	0.0	34.0	0.0	0.0	0.0	0.0	0.0	0.0	0.0	0.0	0.0	0.0	0.0	0.0	0.0	0.0	2.0	0.0	4.0	0.0	0.0	0.0	0.0	0.0	0.0	0.0	0.0	0.0	0.0	0.0	0.0	0.0	0.0	0.0	0.0	0.0	0.0	0.0	0.0	0.0	0.0	0.0
SRR20680702	12300.0	2644.0	21.0	8548.0	1156.0	2348.0	240.0	2288.0	242.0	1759.0	3622.0	424.0	20555.0	1134.0	21.0	9067.0	459.0	5617.0	4940.0	81.0	78.0	7500.0	548.0	970.0	390.0	612.0	275.0	52.0	91.0	72.0	1234.0	494.0	143.0	93.0	167.0	392.0	786.0	0.0	0.0	46.0	151.0	462.0	208.0	96.0	279.0	0.0	1360.0	472.0	2761.0	40.0	3269.0	445.0	129.0	188.0	1568.0	3.0	193.0	291.0	0.0	87.0	50.0	268.0	0.0	76.0	576.0	0.0	120.0	46.0	28.0	725.0	1006.0	0.0	1797.0	0.0	0.0	84.0	54.0	102.0	10.0	0.0	23.0	0.0	0.0	0.0	0.0	0.0	128.0	205.0	169.0	118.0	0.0	14.0	837.0	0.0	0.0	0.0	262.0	0.0	16.0	40.0	0.0	0.0	0.0	0.0	0.0	13.0	0.0	0.0	0.0	0.0	0.0	0.0	0.0	0.0	0.0	0.0	0.0	0.0	0.0	0.0	16.0	0.0	0.0	0.0	0.0	0.0	0.0	0.0	0.0	0.0	0.0	0.0	0.0	0.0	0.0	0.0	0.0	0.0	0.0	0.0	0.0
SRR20680710	14831.0	8751.0	218.0	7112.0	4660.0	6385.0	1363.0	2295.0	50.0	972.0	10860.0	1306.0	30212.0	1724.0	15.0	29378.0	1164.0	6274.0	13654.0	195.0	301.0	7761.0	207.0	1142.0	361.0	183.0	264.0	217.0	350.0	0.0	4740.0	2257.0	562.0	22.0	308.0	15.0	753.0	401.0	19.0	4.0	112.0	547.0	62.0	11.0	451.0	0.0	1851.0	925.0	11317.0	0.0	3266.0	120.0	19.0	223.0	451.0	0.0	297.0	741.0	0.0	783.0	79.0	864.0	70.0	11.0	1084.0	18.0	238.0	0.0	60.0	670.0	1655.0	99.0	948.0	18.0	83.0	0.0	534.0	8.0	248.0	0.0	11.0	13.0	4.0	0.0	0.0	0.0	169.0	740.0	117.0	125.0	0.0	268.0	549.0	0.0	0.0	0.0	221.0	0.0	47.0	0.0	0.0	0.0	0.0	0.0	0.0	0.0	0.0	0.0	0.0	0.0	0.0	0.0	0.0	0.0	0.0	0.0	0.0	0.0	0.0	0.0	0.0	0.0	0.0	0.0	0.0	0.0	0.0	0.0	0.0	0.0	0.0	0.0	0.0	0.0	0.0	0.0	0.0	0.0	0.0	0.0	0.0
SRR20680712	10017.0	9452.0	130.0	3083.0	4703.0	6904.0	1007.0	1756.0	68.0	838.0	11188.0	1115.0	21348.0	879.0	0.0	22266.0	594.0	4477.0	6530.0	196.0	306.0	5625.0	142.0	271.0	385.0	156.0	75.0	112.0	229.0	32.0	3595.0	2277.0	399.0	0.0	120.0	10.0	1364.0	154.0	20.0	27.0	67.0	477.0	66.0	34.0	209.0	15.0	1493.0	1214.0	1112.0	0.0	4276.0	115.0	0.0	135.0	466.0	13.0	344.0	810.0	0.0	548.0	81.0	1046.0	16.0	6.0	702.0	47.0	581.0	0.0	76.0	428.0	775.0	137.0	1035.0	32.0	64.0	0.0	517.0	22.0	273.0	0.0	0.0	0.0	0.0	0.0	0.0	10.0	34.0	573.0	71.0	132.0	0.0	91.0	457.0	0.0	0.0	0.0	237.0	0.0	56.0	10.0	28.0	0.0	0.0	0.0	4.0	0.0	0.0	0.0	0.0	0.0	0.0	0.0	0.0	0.0	0.0	0.0	0.0	0.0	3.0	0.0	0.0	0.0	0.0	0.0	0.0	0.0	0.0	0.0	0.0	0.0	0.0	0.0	0.0	0.0	0.0	0.0	0.0	0.0	0.0	0.0	0.0
SRR20680713	13684.0	9872.0	200.0	5731.0	4240.0	8277.0	2141.0	2862.0	121.0	1285.0	10121.0	879.0	25176.0	1668.0	44.0	17043.0	1144.0	7207.0	9951.0	169.0	310.0	8321.0	224.0	630.0	195.0	330.0	158.0	204.0	130.0	2.0	4831.0	2172.0	561.0	16.0	129.0	20.0	894.0	448.0	19.0	12.0	87.0	315.0	147.0	67.0	243.0	37.0	1513.0	1994.0	7088.0	0.0	4666.0	255.0	23.0	127.0	486.0	55.0	337.0	843.0	0.0	659.0	121.0	1110.0	35.0	28.0	906.0	0.0	419.0	9.0	41.0	669.0	667.0	149.0	3221.0	0.0	66.0	0.0	795.0	31.0	198.0	36.0	21.0	7.0	0.0	4.0	27.0	11.0	127.0	566.0	88.0	136.0	0.0	89.0	262.0	0.0	0.0	0.0	191.0	0.0	87.0	23.0	36.0	0.0	0.0	0.0	0.0	0.0	0.0	0.0	0.0	0.0	0.0	0.0	0.0	0.0	0.0	0.0	0.0	0.0	0.0	0.0	0.0	0.0	0.0	0.0	0.0	0.0	0.0	0.0	0.0	21.0	0.0	0.0	0.0	0.0	0.0	0.0	0.0	0.0	0.0	0.0	0.0
SRR20680715	11911.0	10682.0	249.0	6486.0	4099.0	6106.0	1912.0	3525.0	41.0	938.0	10064.0	992.0	25438.0	1678.0	23.0	20726.0	1433.0	8286.0	11796.0	233.0	217.0	9948.0	223.0	743.0	193.0	116.0	139.0	177.0	97.0	23.0	3640.0	2244.0	504.0	16.0	129.0	16.0	718.0	369.0	67.0	26.0	143.0	132.0	49.0	68.0	269.0	41.0	2375.0	1337.0	6539.0	3.0	4212.0	503.0	40.0	170.0	361.0	6.0	411.0	847.0	0.0	791.0	0.0	1072.0	32.0	0.0	682.0	25.0	352.0	10.0	0.0	516.0	849.0	50.0	835.0	43.0	29.0	0.0	500.0	66.0	148.0	0.0	18.0	13.0	6.0	2.0	15.0	0.0	154.0	766.0	121.0	203.0	3.0	55.0	120.0	0.0	0.0	0.0	101.0	0.0	63.0	0.0	0.0	0.0	0.0	0.0	0.0	0.0	0.0	0.0	0.0	0.0	0.0	0.0	0.0	0.0	0.0	0.0	0.0	0.0	0.0	0.0	0.0	0.0	2.0	0.0	0.0	0.0	0.0	0.0	0.0	0.0	0.0	0.0	0.0	0.0	0.0	0.0	0.0	0.0	0.0	0.0	0.0
SRR20680716	7711.0	4998.0	139.0	5352.0	3199.0	2974.0	832.0	2854.0	48.0	690.0	5910.0	415.0	17082.0	1252.0	6.0	13765.0	835.0	6133.0	6133.0	87.0	225.0	6081.0	199.0	514.0	193.0	167.0	110.0	141.0	82.0	5.0	2819.0	1315.0	393.0	0.0	177.0	16.0	493.0	237.0	34.0	6.0	93.0	112.0	88.0	44.0	250.0	25.0	1029.0	892.0	3354.0	6.0	4280.0	248.0	97.0	134.0	372.0	5.0	151.0	443.0	0.0	290.0	23.0	644.0	32.0	28.0	530.0	70.0	207.0	5.0	14.0	361.0	567.0	74.0	654.0	31.0	42.0	0.0	363.0	26.0	118.0	0.0	20.0	4.0	0.0	0.0	7.0	13.0	161.0	285.0	96.0	105.0	0.0	65.0	107.0	0.0	0.0	0.0	153.0	0.0	33.0	0.0	12.0	0.0	0.0	0.0	0.0	0.0	0.0	0.0	0.0	0.0	0.0	0.0	0.0	0.0	0.0	0.0	0.0	0.0	0.0	0.0	0.0	0.0	0.0	0.0	0.0	0.0	0.0	0.0	0.0	0.0	0.0	0.0	0.0	0.0	0.0	0.0	0.0	0.0	0.0	0.0	0.0
SRR20680718	11541.0	9683.0	322.0	8596.0	5274.0	5551.0	1866.0	4939.0	69.0	1216.0	12223.0	1365.0	27307.0	2250.0	39.0	19791.0	1602.0	9608.0	11799.0	173.0	257.0	11484.0	396.0	792.0	395.0	190.0	236.0	227.0	203.0	43.0	4154.0	2614.0	496.0	22.0	186.0	10.0	925.0	420.0	38.0	41.0	169.0	184.0	123.0	122.0	414.0	64.0	2959.0	1577.0	15139.0	19.0	6084.0	529.0	168.0	255.0	587.0	14.0	889.0	658.0	0.0	834.0	37.0	1207.0	74.0	31.0	850.0	76.0	316.0	5.0	47.0	910.0	968.0	172.0	834.0	55.0	48.0	0.0	616.0	85.0	156.0	0.0	33.0	17.0	4.0	0.0	21.0	4.0	166.0	867.0	133.0	156.0	17.0	117.0	264.0	0.0	0.0	0.0	173.0	0.0	97.0	24.0	55.0	0.0	0.0	0.0	12.0	0.0	0.0	0.0	0.0	0.0	0.0	0.0	0.0	0.0	0.0	0.0	0.0	0.0	0.0	0.0	0.0	0.0	0.0	0.0	0.0	0.0	0.0	0.0	0.0	0.0	0.0	0.0	0.0	0.0	0.0	0.0	0.0	0.0	0.0	0.0	0.0
SRR20680719	9005.0	7514.0	110.0	5432.0	2797.0	5358.0	689.0	2343.0	62.0	949.0	6520.0	488.0	19921.0	788.0	2.0	15411.0	922.0	4664.0	6613.0	165.0	213.0	6278.0	291.0	1400.0	209.0	49.0	43.0	39.0	127.0	15.0	2622.0	1577.0	430.0	0.0	99.0	21.0	442.0	148.0	18.0	7.0	21.0	0.0	82.0	42.0	233.0	28.0	1131.0	1167.0	10586.0	0.0	2443.0	384.0	19.0	156.0	356.0	13.0	247.0	739.0	0.0	407.0	0.0	392.0	47.0	8.0	438.0	128.0	131.0	0.0	28.0	266.0	608.0	71.0	685.0	38.0	39.0	0.0	359.0	63.0	190.0	0.0	25.0	16.0	0.0	0.0	5.0	0.0	86.0	399.0	49.0	145.0	0.0	39.0	69.0	0.0	0.0	0.0	133.0	0.0	46.0	0.0	21.0	0.0	0.0	0.0	0.0	0.0	0.0	0.0	0.0	0.0	0.0	0.0	0.0	0.0	0.0	0.0	0.0	0.0	0.0	0.0	0.0	0.0	0.0	0.0	0.0	0.0	0.0	0.0	0.0	0.0	0.0	0.0	0.0	0.0	0.0	0.0	0.0	0.0	0.0	0.0	0.0
SRR20680722	12482.0	9199.0	279.0	9003.0	4859.0	6038.0	1642.0	4659.0	87.0	878.0	12589.0	1293.0	25719.0	2635.0	38.0	21021.0	1808.0	8438.0	12838.0	194.0	276.0	10975.0	288.0	1352.0	196.0	238.0	118.0	199.0	147.0	28.0	3987.0	2623.0	686.0	0.0	168.0	15.0	731.0	351.0	5.0	65.0	38.0	163.0	148.0	131.0	338.0	67.0	1998.0	1457.0	6482.0	5.0	2992.0	462.0	193.0	184.0	512.0	29.0	433.0	1318.0	0.0	713.0	37.0	897.0	28.0	21.0	924.0	144.0	453.0	4.0	16.0	690.0	636.0	55.0	1007.0	39.0	46.0	0.0	635.0	76.0	232.0	0.0	33.0	7.0	0.0	0.0	12.0	0.0	148.0	671.0	100.0	147.0	59.0	107.0	173.0	0.0	0.0	0.0	116.0	0.0	69.0	8.0	27.0	0.0	0.0	0.0	16.0	0.0	0.0	0.0	0.0	0.0	0.0	0.0	0.0	0.0	0.0	0.0	0.0	0.0	0.0	0.0	0.0	0.0	0.0	0.0	0.0	0.0	0.0	0.0	0.0	0.0	0.0	0.0	0.0	0.0	0.0	0.0	0.0	0.0	0.0	0.0	0.0
SRR20680724	9592.0	4982.0	216.0	4347.0	3060.0	3564.0	940.0	3616.0	78.0	1092.0	4777.0	274.0	19816.0	1239.0	35.0	6487.0	1414.0	6825.0	5114.0	138.0	191.0	7630.0	208.0	716.0	58.0	241.0	45.0	84.0	113.0	28.0	1157.0	894.0	248.0	18.0	223.0	8.0	272.0	39.0	49.0	4.0	122.0	406.0	133.0	138.0	168.0	0.0	592.0	1900.0	4739.0	12.0	2098.0	248.0	60.0	88.0	413.0	5.0	136.0	458.0	0.0	178.0	83.0	224.0	32.0	35.0	756.0	25.0	161.0	8.0	27.0	373.0	596.0	61.0	717.0	25.0	21.0	9.0	507.0	74.0	112.0	5.0	0.0	16.0	0.0	0.0	41.0	0.0	133.0	66.0	96.0	31.0	0.0	16.0	317.0	0.0	0.0	0.0	86.0	0.0	21.0	10.0	0.0	0.0	0.0	0.0	0.0	0.0	0.0	0.0	0.0	0.0	0.0	0.0	0.0	0.0	0.0	0.0	0.0	0.0	0.0	0.0	0.0	0.0	0.0	0.0	0.0	0.0	0.0	0.0	0.0	0.0	0.0	0.0	0.0	0.0	0.0	0.0	0.0	0.0	0.0	0.0	0.0
SRR20680725	12726.0	9516.0	258.0	5235.0	5894.0	6561.0	1609.0	4142.0	73.0	1035.0	11963.0	1031.0	27461.0	1652.0	19.0	21897.0	1804.0	7867.0	7285.0	208.0	361.0	9436.0	268.0	888.0	381.0	351.0	222.0	393.0	184.0	42.0	3500.0	3256.0	499.0	32.0	254.0	9.0	1224.0	224.0	23.0	27.0	134.0	623.0	153.0	124.0	328.0	41.0	1671.0	1863.0	3911.0	0.0	5685.0	243.0	24.0	203.0	411.0	6.0	455.0	655.0	0.0	676.0	90.0	719.0	98.0	20.0	819.0	43.0	605.0	11.0	35.0	393.0	632.0	222.0	1288.0	26.0	65.0	0.0	656.0	84.0	201.0	0.0	30.0	12.0	0.0	0.0	35.0	39.0	120.0	688.0	156.0	103.0	9.0	118.0	246.0	0.0	0.0	0.0	312.0	0.0	77.0	0.0	52.0	0.0	0.0	0.0	10.0	0.0	0.0	0.0	0.0	0.0	0.0	0.0	0.0	0.0	0.0	0.0	0.0	0.0	0.0	0.0	0.0	0.0	0.0	0.0	0.0	0.0	0.0	0.0	0.0	0.0	0.0	0.0	0.0	0.0	0.0	0.0	0.0	0.0	0.0	0.0	0.0
SRR20680726	9984.0	7868.0	464.0	6245.0	4496.0	6312.0	1222.0	5061.0	36.0	939.0	8745.0	611.0	24677.0	2188.0	16.0	14895.0	1626.0	8174.0	10019.0	72.0	324.0	8965.0	180.0	1638.0	158.0	162.0	165.0	143.0	84.0	24.0	2811.0	1973.0	430.0	8.0	105.0	0.0	481.0	315.0	31.0	38.0	157.0	133.0	27.0	47.0	237.0	53.0	1610.0	1597.0	11882.0	0.0	3318.0	89.0	8.0	185.0	515.0	29.0	241.0	875.0	0.0	442.0	47.0	936.0	45.0	0.0	618.0	19.0	190.0	3.0	18.0	707.0	581.0	86.0	771.0	17.0	35.0	0.0	568.0	81.0	153.0	0.0	6.0	0.0	11.0	0.0	18.0	0.0	102.0	307.0	91.0	94.0	0.0	39.0	123.0	0.0	0.0	0.0	76.0	0.0	67.0	11.0	21.0	0.0	0.0	0.0	0.0	0.0	0.0	0.0	0.0	0.0	0.0	0.0	0.0	0.0	0.0	0.0	0.0	0.0	0.0	0.0	0.0	0.0	0.0	0.0	0.0	0.0	0.0	0.0	0.0	0.0	0.0	0.0	0.0	0.0	0.0	0.0	0.0	0.0	0.0	0.0	0.0
SRR20680727	13773.0	9483.0	298.0	6975.0	5425.0	6100.0	1320.0	3663.0	84.0	1067.0	10775.0	1156.0	27185.0	2318.0	24.0	20985.0	1711.0	6803.0	10563.0	238.0	343.0	9788.0	185.0	1366.0	266.0	338.0	177.0	292.0	216.0	16.0	4110.0	2480.0	555.0	20.0	238.0	10.0	940.0	303.0	44.0	8.0	161.0	473.0	272.0	51.0	299.0	39.0	1682.0	1474.0	9956.0	4.0	6010.0	254.0	103.0	128.0	685.0	3.0	387.0	651.0	0.0	679.0	65.0	1125.0	52.0	43.0	631.0	75.0	349.0	9.0	45.0	525.0	947.0	171.0	954.0	33.0	49.0	0.0	664.0	56.0	186.0	0.0	23.0	10.0	14.0	0.0	27.0	31.0	202.0	636.0	108.0	197.0	6.0	133.0	420.0	0.0	0.0	0.0	220.0	0.0	60.0	33.0	22.0	0.0	0.0	0.0	0.0	0.0	0.0	0.0	0.0	0.0	0.0	0.0	0.0	0.0	0.0	0.0	0.0	0.0	0.0	0.0	0.0	0.0	0.0	0.0	0.0	0.0	0.0	0.0	0.0	0.0	0.0	0.0	0.0	0.0	0.0	0.0	0.0	0.0	0.0	0.0	0.0
SRR20680728	16987.0	11913.0	398.0	7617.0	7144.0	9169.0	1875.0	4789.0	165.0	1261.0	16091.0	1346.0	33349.0	2794.0	0.0	26650.0	2996.0	8841.0	13085.0	213.0	522.0	13537.0	375.0	1903.0	256.0	486.0	155.0	342.0	192.0	33.0	4926.0	3064.0	816.0	37.0	255.0	23.0	804.0	213.0	67.0	21.0	293.0	909.0	140.0	91.0	358.0	44.0	1890.0	2025.0	10842.0	0.0	3952.0	743.0	75.0	166.0	769.0	35.0	395.0	1049.0	0.0	808.0	80.0	1270.0	58.0	42.0	962.0	71.0	408.0	14.0	37.0	567.0	911.0	159.0	1020.0	56.0	78.0	0.0	1021.0	88.0	264.0	6.0	22.0	15.0	0.0	0.0	28.0	4.0	154.0	721.0	155.0	238.0	0.0	73.0	516.0	0.0	0.0	0.0	215.0	0.0	74.0	15.0	18.0	0.0	0.0	0.0	0.0	0.0	0.0	0.0	0.0	0.0	0.0	0.0	0.0	0.0	0.0	0.0	0.0	0.0	0.0	0.0	0.0	0.0	0.0	0.0	0.0	0.0	0.0	0.0	0.0	0.0	0.0	0.0	0.0	0.0	0.0	0.0	0.0	0.0	0.0	0.0	0.0
SRR20680730	15928.0	12829.0	334.0	5267.0	6685.0	10961.0	2360.0	3694.0	47.0	996.0	12797.0	1555.0	30541.0	1662.0	15.0	25672.0	2080.0	8045.0	13353.0	266.0	683.0	10700.0	282.0	886.0	266.0	241.0	179.0	174.0	233.0	31.0	4910.0	4443.0	1184.0	0.0	215.0	4.0	1367.0	148.0	73.0	0.0	208.0	780.0	107.0	106.0	312.0	22.0	2316.0	2207.0	11718.0	2.0	3415.0	485.0	85.0	73.0	416.0	24.0	316.0	1151.0	0.0	850.0	96.0	1513.0	25.0	14.0	871.0	76.0	554.0	7.0	34.0	445.0	517.0	152.0	1261.0	17.0	45.0	0.0	1015.0	50.0	327.0	0.0	66.0	12.0	0.0	0.0	8.0	5.0	47.0	887.0	59.0	134.0	0.0	162.0	227.0	0.0	0.0	0.0	149.0	0.0	98.0	16.0	68.0	0.0	0.0	0.0	0.0	0.0	0.0	0.0	0.0	0.0	0.0	0.0	0.0	0.0	0.0	0.0	0.0	0.0	0.0	0.0	0.0	0.0	0.0	0.0	0.0	0.0	0.0	0.0	0.0	0.0	0.0	0.0	0.0	0.0	0.0	0.0	0.0	0.0	0.0	0.0	0.0
SRR20680731	18931.0	10362.0	424.0	10036.0	5547.0	6897.0	1550.0	4952.0	175.0	1235.0	12562.0	1131.0	30103.0	2406.0	46.0	20644.0	2044.0	9174.0	11821.0	187.0	324.0	11340.0	478.0	1078.0	341.0	591.0	344.0	250.0	191.0	39.0	5342.0	2084.0	455.0	28.0	329.0	27.0	852.0	753.0	101.0	50.0	185.0	245.0	104.0	244.0	523.0	48.0	2128.0	1535.0	6623.0	7.0	4989.0	345.0	58.0	179.0	1079.0	19.0	1046.0	943.0	0.0	564.0	106.0	896.0	71.0	36.0	918.0	95.0	446.0	11.0	32.0	762.0	1183.0	123.0	3327.0	43.0	72.0	0.0	639.0	49.0	211.0	6.0	35.0	13.0	12.0	15.0	15.0	7.0	272.0	744.0	101.0	110.0	0.0	69.0	543.0	0.0	0.0	0.0	260.0	0.0	71.0	0.0	29.0	0.0	0.0	0.0	0.0	0.0	0.0	0.0	0.0	0.0	0.0	0.0	0.0	2.0	0.0	0.0	0.0	0.0	0.0	0.0	0.0	0.0	0.0	0.0	0.0	0.0	0.0	0.0	0.0	0.0	0.0	0.0	0.0	0.0	0.0	0.0	0.0	0.0	0.0	0.0	0.0
SRR20680733	6366.0	6452.0	61.0	2609.0	2243.0	5495.0	1072.0	1248.0	4.0	382.0	5863.0	431.0	13821.0	781.0	0.0	16991.0	306.0	2734.0	7811.0	163.0	222.0	4145.0	49.0	765.0	20.0	20.0	108.0	29.0	60.0	0.0	2377.0	1521.0	445.0	0.0	30.0	16.0	362.0	278.0	0.0	7.0	0.0	5.0	8.0	0.0	202.0	19.0	751.0	672.0	3148.0	0.0	1388.0	28.0	6.0	74.0	147.0	0.0	166.0	546.0	0.0	567.0	17.0	562.0	23.0	0.0	375.0	97.0	147.0	6.0	19.0	168.0	194.0	153.0	911.0	32.0	2.0	0.0	218.0	18.0	157.0	0.0	20.0	0.0	0.0	0.0	0.0	0.0	147.0	374.0	35.0	98.0	37.0	38.0	16.0	0.0	0.0	0.0	34.0	0.0	48.0	7.0	29.0	0.0	0.0	0.0	0.0	0.0	0.0	0.0	0.0	0.0	0.0	0.0	0.0	0.0	0.0	0.0	0.0	0.0	0.0	0.0	0.0	0.0	0.0	0.0	0.0	0.0	0.0	0.0	0.0	0.0	0.0	0.0	0.0	0.0	0.0	0.0	0.0	0.0	0.0	0.0	0.0
SRR20680734	19217.0	7542.0	400.0	6518.0	5955.0	6703.0	1506.0	4092.0	111.0	1423.0	9850.0	457.0	26009.0	2208.0	30.0	9920.0	2273.0	5533.0	13786.0	150.0	354.0	10518.0	447.0	450.0	180.0	1180.0	212.0	196.0	131.0	24.0	7159.0	1901.0	222.0	27.0	258.0	483.0	486.0	297.0	47.0	22.0	171.0	264.0	310.0	131.0	341.0	9.0	1301.0	2390.0	3225.0	0.0	1525.0	119.0	35.0	97.0	415.0	22.0	451.0	792.0	0.0	614.0	83.0	640.0	93.0	62.0	422.0	15.0	566.0	30.0	3.0	463.0	526.0	46.0	5743.0	36.0	40.0	341.0	727.0	36.0	244.0	272.0	25.0	10.0	14.0	224.0	0.0	10.0	88.0	395.0	56.0	110.0	26.0	54.0	684.0	0.0	59.0	0.0	226.0	0.0	30.0	0.0	0.0	11.0	0.0	0.0	0.0	36.0	33.0	15.0	0.0	0.0	2.0	0.0	0.0	0.0	24.0	0.0	0.0	0.0	0.0	0.0	52.0	0.0	0.0	0.0	0.0	0.0	0.0	0.0	0.0	43.0	0.0	0.0	0.0	0.0	0.0	0.0	0.0	0.0	0.0	0.0	0.0
SRR20680735	5027.0	4546.0	67.0	1195.0	2322.0	3151.0	564.0	1697.0	39.0	524.0	6410.0	317.0	13105.0	465.0	7.0	15681.0	431.0	3418.0	4934.0	42.0	227.0	3554.0	103.0	296.0	217.0	30.0	148.0	48.0	10.0	11.0	2906.0	1469.0	221.0	0.0	64.0	0.0	392.0	137.0	0.0	8.0	77.0	74.0	109.0	21.0	113.0	24.0	946.0	649.0	3578.0	3.0	4423.0	19.0	7.0	85.0	115.0	10.0	79.0	523.0	0.0	228.0	14.0	792.0	6.0	4.0	405.0	41.0	215.0	0.0	16.0	173.0	171.0	43.0	616.0	18.0	0.0	0.0	273.0	15.0	96.0	0.0	7.0	0.0	3.0	0.0	6.0	2.0	50.0	333.0	54.0	107.0	7.0	54.0	120.0	0.0	0.0	0.0	208.0	0.0	52.0	0.0	0.0	0.0	0.0	0.0	0.0	0.0	0.0	0.0	0.0	0.0	0.0	0.0	0.0	0.0	0.0	0.0	0.0	0.0	0.0	0.0	0.0	0.0	0.0	0.0	0.0	0.0	0.0	0.0	0.0	0.0	0.0	0.0	0.0	0.0	0.0	0.0	0.0	0.0	0.0	0.0	0.0
SRR20680736	19573.0	12708.0	524.0	5012.0	2803.0	6151.0	851.0	794.0	27.0	301.0	4528.0	221.0	23731.0	649.0	3.0	6149.0	937.0	2750.0	7636.0	103.0	97.0	5393.0	440.0	656.0	45.0	59.0	201.0	20.0	163.0	28.0	2842.0	373.0	66.0	11.0	413.0	59.0	108.0	107.0	0.0	8.0	54.0	565.0	4.0	48.0	234.0	22.0	213.0	1050.0	1114.0	4.0	307.0	76.0	0.0	12.0	122.0	0.0	182.0	1195.0	0.0	768.0	23.0	216.0	64.0	4.0	136.0	27.0	158.0	12.0	37.0	182.0	148.0	106.0	33.0	33.0	8.0	0.0	82.0	17.0	271.0	0.0	11.0	0.0	0.0	0.0	0.0	10.0	11.0	11.0	14.0	89.0	6.0	7.0	19.0	0.0	0.0	0.0	61.0	0.0	23.0	142.0	5.0	0.0	0.0	0.0	0.0	0.0	0.0	0.0	0.0	0.0	0.0	0.0	0.0	0.0	0.0	0.0	0.0	0.0	0.0	0.0	0.0	0.0	0.0	0.0	0.0	0.0	0.0	0.0	0.0	0.0	0.0	0.0	0.0	0.0	0.0	0.0	0.0	0.0	0.0	0.0	0.0
SRR20680737	36299.0	17825.0	1012.0	12744.0	8315.0	9253.0	1775.0	1965.0	76.0	601.0	7108.0	219.0	42765.0	1619.0	32.0	10467.0	1897.0	5953.0	10995.0	141.0	141.0	13500.0	969.0	1156.0	78.0	330.0	456.0	44.0	512.0	70.0	3533.0	589.0	177.0	21.0	1391.0	81.0	249.0	236.0	26.0	87.0	78.0	684.0	10.0	91.0	528.0	38.0	458.0	2484.0	1193.0	15.0	544.0	292.0	3.0	45.0	393.0	12.0	423.0	1689.0	0.0	1009.0	33.0	197.0	190.0	2.0	253.0	49.0	198.0	15.0	52.0	454.0	387.0	127.0	125.0	69.0	55.0	0.0	205.0	45.0	389.0	0.0	25.0	0.0	10.0	0.0	8.0	32.0	137.0	17.0	0.0	103.0	15.0	25.0	70.0	0.0	0.0	0.0	138.0	0.0	66.0	361.0	0.0	0.0	0.0	0.0	0.0	0.0	0.0	0.0	0.0	0.0	0.0	0.0	0.0	0.0	0.0	0.0	0.0	0.0	0.0	0.0	0.0	0.0	0.0	0.0	0.0	0.0	0.0	0.0	0.0	0.0	0.0	0.0	0.0	0.0	0.0	0.0	0.0	0.0	0.0	0.0	0.0
SRR20680738	23725.0	16824.0	845.0	10492.0	10448.0	9879.0	1852.0	2432.0	326.0	532.0	7843.0	1041.0	34564.0	1732.0	133.0	13902.0	2060.0	7950.0	10604.0	243.0	216.0	10404.0	909.0	1168.0	51.0	556.0	400.0	112.0	341.0	249.0	5421.0	942.0	294.0	23.0	651.0	77.0	557.0	199.0	47.0	124.0	134.0	872.0	63.0	177.0	716.0	30.0	1115.0	2866.0	8412.0	34.0	612.0	660.0	8.0	121.0	731.0	13.0	1890.0	1846.0	2.0	1240.0	23.0	331.0	130.0	3.0	550.0	184.0	284.0	9.0	130.0	331.0	764.0	145.0	319.0	90.0	38.0	0.0	214.0	47.0	496.0	0.0	0.0	0.0	13.0	3.0	22.0	111.0	183.0	56.0	79.0	59.0	0.0	52.0	137.0	0.0	0.0	0.0	222.0	0.0	110.0	549.0	6.0	0.0	0.0	0.0	0.0	0.0	0.0	0.0	0.0	0.0	0.0	0.0	0.0	0.0	0.0	0.0	0.0	0.0	0.0	0.0	0.0	0.0	0.0	0.0	0.0	0.0	0.0	0.0	0.0	0.0	0.0	0.0	0.0	0.0	0.0	0.0	0.0	0.0	0.0	0.0	0.0
SRR20680739	22052.0	14340.0	609.0	11895.0	9918.0	8812.0	1539.0	2611.0	295.0	526.0	7208.0	940.0	32581.0	1406.0	40.0	13479.0	2133.0	7898.0	11310.0	240.0	228.0	9747.0	781.0	964.0	100.0	524.0	511.0	135.0	253.0	210.0	4598.0	1098.0	234.0	35.0	551.0	82.0	547.0	288.0	39.0	89.0	66.0	678.0	77.0	187.0	690.0	45.0	995.0	2700.0	11419.0	10.0	468.0	424.0	9.0	121.0	850.0	26.0	1962.0	1639.0	0.0	1192.0	67.0	314.0	143.0	5.0	403.0	138.0	422.0	38.0	156.0	328.0	903.0	138.0	386.0	80.0	72.0	0.0	232.0	42.0	505.0	0.0	18.0	0.0	0.0	0.0	29.0	93.0	235.0	13.0	37.0	73.0	7.0	27.0	111.0	0.0	0.0	0.0	208.0	0.0	68.0	427.0	5.0	0.0	0.0	0.0	0.0	0.0	0.0	0.0	0.0	0.0	0.0	0.0	0.0	0.0	0.0	0.0	0.0	0.0	0.0	3.0	0.0	0.0	0.0	0.0	0.0	0.0	0.0	0.0	0.0	0.0	0.0	0.0	5.0	0.0	0.0	0.0	0.0	0.0	0.0	0.0	0.0
SRR20680740	29523.0	20670.0	1127.0	12608.0	13430.0	13635.0	2153.0	3150.0	472.0	661.0	10657.0	957.0	42921.0	1905.0	63.0	16658.0	2090.0	10777.0	13787.0	358.0	318.0	12832.0	1236.0	1190.0	108.0	602.0	616.0	84.0	424.0	245.0	6016.0	1501.0	349.0	36.0	890.0	74.0	798.0	281.0	55.0	119.0	199.0	1097.0	68.0	260.0	884.0	75.0	1335.0	3927.0	3659.0	43.0	585.0	577.0	22.0	143.0	818.0	21.0	2535.0	2407.0	0.0	1438.0	19.0	305.0	132.0	21.0	618.0	200.0	464.0	44.0	169.0	407.0	695.0	91.0	378.0	142.0	125.0	0.0	292.0	81.0	722.0	0.0	53.0	0.0	14.0	0.0	53.0	135.0	360.0	24.0	78.0	180.0	14.0	61.0	141.0	0.0	0.0	0.0	255.0	0.0	159.0	675.0	0.0	0.0	0.0	0.0	0.0	0.0	0.0	0.0	0.0	0.0	0.0	0.0	0.0	0.0	0.0	0.0	0.0	0.0	0.0	0.0	0.0	0.0	0.0	0.0	0.0	0.0	0.0	0.0	0.0	0.0	0.0	0.0	0.0	0.0	0.0	0.0	0.0	0.0	0.0	0.0	0.0
SRR20680741	16074.0	13622.0	561.0	7390.0	6681.0	6853.0	1497.0	1537.0	140.0	440.0	4950.0	681.0	26176.0	1065.0	45.0	13909.0	1094.0	6162.0	9215.0	270.0	86.0	7190.0	639.0	700.0	61.0	424.0	362.0	54.0	191.0	155.0	4034.0	668.0	227.0	13.0	507.0	33.0	468.0	174.0	27.0	90.0	117.0	622.0	14.0	140.0	430.0	45.0	803.0	1691.0	2613.0	14.0	292.0	712.0	11.0	99.0	739.0	9.0	974.0	1242.0	0.0	1168.0	26.0	146.0	61.0	4.0	316.0	45.0	280.0	22.0	102.0	466.0	459.0	72.0	240.0	81.0	56.0	0.0	162.0	32.0	400.0	0.0	39.0	0.0	3.0	0.0	8.0	76.0	171.0	27.0	21.0	90.0	0.0	6.0	61.0	3.0	0.0	0.0	140.0	0.0	40.0	333.0	0.0	0.0	0.0	0.0	7.0	0.0	0.0	0.0	0.0	0.0	6.0	0.0	0.0	0.0	0.0	0.0	0.0	0.0	0.0	0.0	0.0	0.0	0.0	0.0	0.0	0.0	0.0	0.0	0.0	0.0	0.0	0.0	0.0	0.0	0.0	0.0	0.0	0.0	0.0	0.0	0.0
SRR20680742	21759.0	15442.0	803.0	10436.0	11801.0	8835.0	1788.0	2174.0	383.0	582.0	8059.0	1258.0	30618.0	1765.0	53.0	13434.0	1649.0	7724.0	13100.0	310.0	133.0	10621.0	820.0	980.0	82.0	805.0	508.0	138.0	330.0	243.0	4550.0	1046.0	273.0	35.0	652.0	67.0	601.0	174.0	78.0	144.0	121.0	1163.0	38.0	188.0	673.0	48.0	1346.0	2427.0	3347.0	14.0	402.0	434.0	8.0	106.0	770.0	20.0	2371.0	1950.0	0.0	1285.0	17.0	335.0	110.0	9.0	313.0	99.0	473.0	45.0	171.0	363.0	885.0	140.0	378.0	101.0	71.0	0.0	267.0	46.0	572.0	0.0	34.0	0.0	0.0	0.0	19.0	157.0	174.0	23.0	7.0	115.0	4.0	41.0	59.0	0.0	0.0	0.0	205.0	0.0	109.0	437.0	4.0	0.0	0.0	0.0	0.0	0.0	0.0	0.0	0.0	0.0	0.0	0.0	0.0	0.0	0.0	0.0	0.0	0.0	0.0	0.0	0.0	0.0	0.0	0.0	5.0	0.0	0.0	0.0	0.0	0.0	0.0	0.0	0.0	0.0	0.0	0.0	0.0	0.0	0.0	0.0	0.0
SRR20680743	23982.0	13263.0	426.0	10105.0	3275.0	4727.0	940.0	909.0	76.0	187.0	4927.0	327.0	51819.0	1652.0	4.0	6998.0	857.0	2649.0	7180.0	78.0	103.0	11894.0	507.0	503.0	15.0	141.0	293.0	46.0	206.0	54.0	2117.0	244.0	44.0	17.0	410.0	36.0	139.0	261.0	10.0	38.0	38.0	436.0	28.0	46.0	204.0	23.0	327.0	1006.0	593.0	16.0	272.0	116.0	0.0	46.0	192.0	10.0	508.0	922.0	0.0	757.0	21.0	189.0	164.0	6.0	58.0	20.0	97.0	19.0	50.0	184.0	248.0	63.0	43.0	41.0	16.0	0.0	101.0	9.0	151.0	0.0	34.0	0.0	0.0	0.0	0.0	29.0	35.0	35.0	9.0	100.0	0.0	2.0	15.0	0.0	0.0	0.0	84.0	0.0	49.0	140.0	0.0	0.0	0.0	0.0	0.0	0.0	0.0	0.0	0.0	0.0	0.0	0.0	0.0	0.0	0.0	0.0	0.0	0.0	0.0	0.0	0.0	0.0	0.0	0.0	0.0	0.0	0.0	0.0	0.0	0.0	0.0	0.0	0.0	0.0	0.0	0.0	0.0	0.0	0.0	0.0	0.0
SRR20680744	9621.0	6983.0	58.0	3661.0	2898.0	5519.0	967.0	1980.0	0.0	773.0	6996.0	1173.0	21403.0	889.0	2.0	19050.0	684.0	4845.0	10858.0	196.0	200.0	5906.0	137.0	427.0	260.0	19.0	94.0	43.0	160.0	33.0	3435.0	1847.0	504.0	26.0	188.0	21.0	765.0	192.0	13.0	11.0	11.0	490.0	147.0	5.0	205.0	0.0	1634.0	856.0	4443.0	0.0	2574.0	69.0	10.0	85.0	338.0	0.0	311.0	593.0	0.0	538.0	0.0	717.0	10.0	3.0	863.0	70.0	141.0	0.0	38.0	222.0	583.0	85.0	871.0	25.0	25.0	0.0	448.0	22.0	233.0	0.0	40.0	0.0	0.0	0.0	0.0	0.0	81.0	457.0	90.0	102.0	0.0	152.0	161.0	0.0	0.0	0.0	140.0	0.0	50.0	8.0	0.0	0.0	0.0	0.0	0.0	0.0	0.0	0.0	0.0	0.0	0.0	0.0	0.0	0.0	0.0	0.0	0.0	0.0	0.0	0.0	0.0	0.0	0.0	0.0	0.0	0.0	0.0	0.0	0.0	0.0	0.0	0.0	0.0	0.0	0.0	0.0	0.0	0.0	0.0	0.0	0.0
SRR20680745	29382.0	19162.0	944.0	9195.0	7341.0	9074.0	1976.0	1554.0	105.0	468.0	6302.0	341.0	41075.0	1658.0	24.0	6772.0	2008.0	5575.0	9979.0	232.0	141.0	12922.0	479.0	1039.0	50.0	446.0	365.0	77.0	289.0	78.0	2662.0	467.0	129.0	12.0	572.0	46.0	159.0	171.0	32.0	87.0	117.0	733.0	20.0	120.0	361.0	0.0	355.0	2252.0	761.0	9.0	319.0	146.0	18.0	80.0	332.0	5.0	579.0	1684.0	0.0	1271.0	0.0	246.0	99.0	6.0	389.0	33.0	227.0	22.0	78.0	314.0	302.0	117.0	60.0	66.0	0.0	0.0	176.0	43.0	316.0	0.0	67.0	0.0	13.0	0.0	0.0	22.0	104.0	47.0	35.0	110.0	9.0	22.0	67.0	0.0	0.0	0.0	106.0	5.0	25.0	347.0	7.0	0.0	0.0	0.0	0.0	0.0	0.0	0.0	0.0	0.0	6.0	5.0	0.0	0.0	0.0	0.0	0.0	0.0	0.0	0.0	0.0	0.0	0.0	0.0	0.0	0.0	0.0	0.0	0.0	0.0	0.0	0.0	0.0	0.0	0.0	0.0	0.0	0.0	0.0	0.0	0.0
SRR20680746	24176.0	15931.0	821.0	7676.0	5695.0	9338.0	2047.0	1677.0	74.0	284.0	6953.0	207.0	35416.0	1526.0	23.0	6078.0	1520.0	4038.0	8807.0	232.0	122.0	12256.0	529.0	1071.0	48.0	298.0	132.0	28.0	319.0	77.0	2611.0	425.0	65.0	21.0	502.0	54.0	159.0	177.0	25.0	71.0	110.0	642.0	37.0	55.0	256.0	20.0	233.0	1855.0	1430.0	7.0	199.0	121.0	4.0	35.0	222.0	13.0	401.0	1297.0	0.0	1339.0	0.0	235.0	78.0	24.0	212.0	36.0	307.0	7.0	25.0	215.0	491.0	69.0	45.0	65.0	12.0	0.0	135.0	29.0	213.0	0.0	24.0	0.0	9.0	0.0	14.0	18.0	119.0	8.0	18.0	117.0	13.0	8.0	74.0	4.0	0.0	0.0	141.0	0.0	27.0	306.0	2.0	0.0	0.0	0.0	0.0	0.0	0.0	0.0	0.0	0.0	0.0	0.0	0.0	0.0	0.0	0.0	0.0	0.0	0.0	0.0	0.0	0.0	0.0	0.0	0.0	0.0	0.0	0.0	0.0	0.0	0.0	0.0	0.0	0.0	0.0	0.0	0.0	0.0	0.0	0.0	0.0
SRR20680747	51916.0	19826.0	885.0	16556.0	8423.0	7858.0	1739.0	1977.0	97.0	447.0	6314.0	567.0	45104.0	1548.0	30.0	10600.0	1161.0	5597.0	11231.0	126.0	201.0	10964.0	865.0	966.0	64.0	450.0	612.0	118.0	331.0	84.0	4044.0	522.0	197.0	22.0	1319.0	2661.0	304.0	361.0	33.0	81.0	60.0	879.0	17.0	150.0	783.0	21.0	524.0	1645.0	1599.0	0.0	369.0	276.0	14.0	167.0	348.0	5.0	1184.0	5358.0	6.0	1185.0	16.0	347.0	134.0	17.0	317.0	75.0	302.0	7.0	64.0	442.0	2906.0	24.0	639.0	56.0	26.0	0.0	112.0	24.0	398.0	0.0	37.0	0.0	11.0	17.0	11.0	95.0	227.0	30.0	0.0	95.0	21.0	24.0	89.0	7.0	0.0	0.0	186.0	0.0	22.0	301.0	0.0	0.0	0.0	4.0	0.0	0.0	0.0	0.0	0.0	0.0	0.0	0.0	0.0	0.0	0.0	0.0	0.0	0.0	0.0	0.0	0.0	0.0	0.0	0.0	0.0	0.0	0.0	0.0	0.0	0.0	0.0	0.0	0.0	0.0	0.0	0.0	0.0	0.0	0.0	0.0	0.0
SRR20680748	18812.0	15995.0	441.0	7968.0	6901.0	12833.0	3171.0	5650.0	76.0	1580.0	19843.0	1484.0	38271.0	2882.0	67.0	32795.0	3455.0	11755.0	18980.0	309.0	818.0	14075.0	454.0	1583.0	340.0	200.0	300.0	183.0	272.0	66.0	6201.0	3523.0	1200.0	6.0	363.0	12.0	1296.0	386.0	30.0	36.0	104.0	789.0	137.0	100.0	328.0	66.0	2690.0	2616.0	25373.0	2.0	4602.0	223.0	49.0	109.0	526.0	3.0	322.0	1376.0	0.0	1292.0	114.0	2097.0	123.0	15.0	1707.0	108.0	651.0	4.0	38.0	918.0	727.0	202.0	1936.0	28.0	29.0	5.0	914.0	48.0	311.0	0.0	52.0	13.0	13.0	0.0	34.0	2.0	136.0	1073.0	180.0	208.0	19.0	89.0	291.0	0.0	0.0	0.0	234.0	0.0	144.0	17.0	139.0	0.0	0.0	0.0	10.0	0.0	0.0	0.0	0.0	0.0	0.0	0.0	0.0	0.0	0.0	0.0	0.0	0.0	0.0	0.0	0.0	0.0	0.0	0.0	0.0	0.0	0.0	0.0	0.0	0.0	0.0	0.0	0.0	0.0	0.0	0.0	0.0	0.0	0.0	0.0	0.0
SRR20680749	37651.0	17950.0	1053.0	17845.0	5720.0	7200.0	1726.0	1683.0	135.0	359.0	7055.0	413.0	42386.0	1958.0	16.0	6889.0	1441.0	4215.0	8589.0	134.0	111.0	15978.0	570.0	1453.0	34.0	368.0	919.0	38.0	259.0	72.0	2646.0	374.0	115.0	17.0	1425.0	124.0	135.0	223.0	24.0	38.0	87.0	440.0	20.0	116.0	483.0	18.0	280.0	1443.0	1702.0	0.0	274.0	233.0	13.0	53.0	228.0	2.0	687.0	1356.0	0.0	985.0	33.0	186.0	99.0	17.0	268.0	28.0	168.0	24.0	43.0	200.0	377.0	123.0	96.0	69.0	17.0	0.0	131.0	26.0	341.0	0.0	14.0	0.0	6.0	0.0	5.0	35.0	46.0	24.0	21.0	72.0	0.0	0.0	63.0	0.0	0.0	0.0	77.0	0.0	58.0	259.0	0.0	0.0	0.0	0.0	0.0	0.0	0.0	0.0	0.0	0.0	0.0	4.0	0.0	0.0	0.0	0.0	0.0	0.0	0.0	0.0	0.0	0.0	0.0	0.0	0.0	0.0	0.0	0.0	0.0	0.0	0.0	0.0	0.0	0.0	0.0	0.0	0.0	0.0	0.0	0.0	0.0
SRR20680750	24655.0	16931.0	950.0	12702.0	11173.0	8969.0	1795.0	2767.0	270.0	569.0	9299.0	964.0	36538.0	1590.0	47.0	13606.0	2370.0	8354.0	12767.0	307.0	120.0	11960.0	1010.0	1277.0	24.0	495.0	527.0	91.0	367.0	138.0	4991.0	810.0	210.0	0.0	921.0	61.0	598.0	223.0	35.0	39.0	25.0	966.0	39.0	245.0	610.0	63.0	1176.0	2112.0	3326.0	15.0	472.0	643.0	18.0	156.0	664.0	3.0	2638.0	2280.0	9.0	1649.0	27.0	270.0	85.0	21.0	356.0	82.0	400.0	65.0	110.0	404.0	979.0	131.0	261.0	76.0	29.0	0.0	173.0	82.0	669.0	0.0	68.0	0.0	48.0	2.0	12.0	107.0	217.0	76.0	50.0	99.0	5.0	33.0	117.0	0.0	0.0	0.0	229.0	0.0	110.0	305.0	0.0	0.0	0.0	0.0	8.0	0.0	0.0	0.0	0.0	0.0	0.0	0.0	0.0	0.0	0.0	0.0	0.0	0.0	0.0	0.0	0.0	0.0	0.0	0.0	0.0	0.0	0.0	0.0	0.0	0.0	0.0	0.0	0.0	0.0	0.0	0.0	0.0	0.0	0.0	0.0	0.0
SRR20680751	20482.0	14391.0	834.0	10473.0	9575.0	7505.0	1076.0	2219.0	352.0	424.0	7282.0	788.0	30608.0	1532.0	41.0	13091.0	1558.0	6908.0	12051.0	272.0	238.0	11262.0	909.0	698.0	64.0	497.0	479.0	45.0	305.0	178.0	5755.0	866.0	281.0	26.0	695.0	67.0	529.0	184.0	53.0	73.0	200.0	882.0	27.0	188.0	675.0	47.0	895.0	2049.0	4743.0	20.0	369.0	463.0	15.0	168.0	668.0	8.0	2054.0	1574.0	0.0	1131.0	19.0	186.0	86.0	5.0	381.0	137.0	313.0	61.0	90.0	420.0	847.0	133.0	234.0	106.0	69.0	3.0	186.0	43.0	669.0	0.0	10.0	0.0	9.0	0.0	5.0	64.0	173.0	23.0	62.0	90.0	6.0	59.0	99.0	0.0	0.0	0.0	215.0	0.0	81.0	296.0	0.0	0.0	0.0	0.0	0.0	0.0	0.0	0.0	0.0	0.0	7.0	0.0	0.0	0.0	0.0	0.0	0.0	0.0	0.0	0.0	0.0	0.0	0.0	0.0	0.0	0.0	0.0	0.0	0.0	0.0	0.0	0.0	0.0	0.0	0.0	0.0	0.0	0.0	0.0	0.0	0.0
SRR20680752	15389.0	9968.0	391.0	6788.0	6359.0	4939.0	845.0	1481.0	214.0	341.0	4876.0	576.0	19674.0	927.0	9.0	12638.0	897.0	4493.0	8334.0	179.0	84.0	6388.0	500.0	524.0	65.0	253.0	412.0	15.0	260.0	116.0	4264.0	584.0	168.0	14.0	523.0	36.0	369.0	161.0	20.0	89.0	39.0	645.0	16.0	132.0	422.0	23.0	745.0	1119.0	1494.0	0.0	333.0	346.0	9.0	82.0	590.0	9.0	1247.0	1287.0	0.0	979.0	27.0	145.0	50.0	3.0	277.0	64.0	259.0	45.0	72.0	218.0	617.0	112.0	171.0	66.0	13.0	0.0	116.0	22.0	474.0	0.0	4.0	0.0	59.0	0.0	4.0	58.0	147.0	15.0	35.0	86.0	8.0	8.0	56.0	0.0	0.0	0.0	116.0	0.0	45.0	190.0	6.0	0.0	0.0	4.0	0.0	0.0	0.0	0.0	0.0	0.0	0.0	0.0	0.0	0.0	0.0	0.0	0.0	0.0	0.0	0.0	0.0	0.0	0.0	0.0	0.0	0.0	0.0	0.0	0.0	0.0	0.0	0.0	0.0	0.0	0.0	0.0	0.0	0.0	0.0	0.0	0.0
SRR20680753	15951.0	10225.0	290.0	7921.0	3822.0	9047.0	2434.0	3053.0	38.0	832.0	8885.0	887.0	23057.0	1672.0	21.0	27033.0	1690.0	7633.0	9406.0	309.0	309.0	11783.0	288.0	569.0	253.0	322.0	217.0	244.0	290.0	30.0	3246.0	1851.0	763.0	23.0	171.0	18.0	1241.0	197.0	4.0	14.0	15.0	563.0	114.0	30.0	364.0	23.0	1993.0	1774.0	11505.0	0.0	3388.0	209.0	68.0	177.0	546.0	11.0	180.0	797.0	0.0	255.0	46.0	585.0	79.0	7.0	1093.0	165.0	96.0	0.0	49.0	861.0	568.0	131.0	943.0	0.0	42.0	0.0	827.0	43.0	257.0	0.0	19.0	0.0	29.0	7.0	0.0	5.0	69.0	396.0	77.0	138.0	0.0	19.0	372.0	2.0	0.0	0.0	194.0	0.0	59.0	0.0	28.0	0.0	0.0	0.0	0.0	0.0	0.0	0.0	0.0	0.0	0.0	0.0	0.0	0.0	0.0	0.0	0.0	0.0	0.0	0.0	0.0	0.0	0.0	0.0	0.0	0.0	0.0	0.0	0.0	0.0	0.0	0.0	0.0	0.0	0.0	0.0	0.0	0.0	0.0	0.0	0.0
SRR20680754	32656.0	14379.0	432.0	11777.0	3956.0	2850.0	653.0	918.0	105.0	149.0	3078.0	314.0	25396.0	716.0	28.0	19496.0	1337.0	3207.0	6059.0	94.0	96.0	5948.0	341.0	363.0	11.0	122.0	209.0	19.0	81.0	40.0	5256.0	344.0	137.0	9.0	308.0	447.0	172.0	145.0	11.0	15.0	46.0	363.0	20.0	103.0	273.0	27.0	396.0	603.0	2408.0	12.0	159.0	3956.0	11.0	193.0	310.0	0.0	624.0	635.0	0.0	411.0	21.0	129.0	130.0	3.0	208.0	38.0	124.0	8.0	59.0	203.0	640.0	453.0	99.0	20.0	14.0	0.0	58.0	12.0	244.0	0.0	10.0	0.0	12.0	4.0	3.0	34.0	100.0	0.0	13.0	36.0	0.0	0.0	47.0	0.0	0.0	0.0	160.0	0.0	11.0	113.0	5.0	0.0	0.0	0.0	0.0	0.0	0.0	0.0	0.0	0.0	0.0	0.0	0.0	0.0	0.0	0.0	0.0	0.0	0.0	0.0	0.0	0.0	0.0	0.0	0.0	0.0	0.0	0.0	0.0	0.0	0.0	0.0	0.0	0.0	0.0	0.0	0.0	0.0	0.0	0.0	0.0
SRR20680755	27569.0	20702.0	762.0	10168.0	10392.0	9942.0	2174.0	2321.0	220.0	573.0	8349.0	892.0	34783.0	1655.0	42.0	22529.0	1264.0	8404.0	17751.0	361.0	317.0	9978.0	1142.0	1012.0	134.0	395.0	702.0	78.0	282.0	165.0	8928.0	1005.0	316.0	22.0	896.0	64.0	731.0	324.0	32.0	172.0	74.0	1110.0	37.0	167.0	632.0	60.0	1388.0	2345.0	4827.0	16.0	449.0	340.0	2.0	106.0	744.0	2.0	2133.0	2362.0	6.0	1607.0	96.0	261.0	113.0	6.0	564.0	97.0	464.0	45.0	137.0	419.0	797.0	118.0	442.0	84.0	70.0	0.0	150.0	39.0	701.0	0.0	36.0	0.0	4.0	0.0	4.0	133.0	172.0	64.0	67.0	108.0	18.0	47.0	112.0	5.0	0.0	0.0	232.0	0.0	120.0	362.0	14.0	0.0	0.0	0.0	0.0	0.0	0.0	0.0	0.0	0.0	0.0	0.0	0.0	0.0	0.0	0.0	0.0	0.0	0.0	0.0	0.0	0.0	0.0	0.0	4.0	0.0	0.0	0.0	0.0	0.0	4.0	0.0	0.0	0.0	0.0	0.0	0.0	0.0	0.0	0.0	0.0
SRR20680757	12205.0	9493.0	50.0	7288.0	3272.0	5804.0	834.0	2203.0	113.0	1018.0	8782.0	813.0	25080.0	1082.0	25.0	19897.0	1036.0	5800.0	8255.0	78.0	189.0	6401.0	337.0	987.0	278.0	373.0	100.0	233.0	238.0	59.0	3688.0	1472.0	515.0	0.0	138.0	0.0	768.0	277.0	0.0	37.0	64.0	372.0	220.0	0.0	363.0	0.0	1240.0	943.0	10170.0	4.0	4001.0	95.0	114.0	118.0	630.0	5.0	277.0	863.0	0.0	429.0	126.0	571.0	29.0	0.0	949.0	0.0	180.0	10.0	45.0	538.0	812.0	93.0	737.0	9.0	35.0	0.0	445.0	69.0	275.0	0.0	0.0	7.0	11.0	0.0	22.0	7.0	89.0	499.0	113.0	99.0	0.0	101.0	509.0	0.0	0.0	0.0	178.0	0.0	60.0	0.0	16.0	0.0	0.0	0.0	0.0	0.0	0.0	0.0	0.0	0.0	9.0	0.0	0.0	0.0	0.0	0.0	0.0	0.0	0.0	0.0	0.0	0.0	0.0	0.0	0.0	0.0	0.0	0.0	0.0	0.0	0.0	0.0	0.0	0.0	0.0	0.0	0.0	0.0	0.0	0.0	0.0
SRR20680758	32682.0	21406.0	1074.0	9380.0	7416.0	10706.0	2432.0	1391.0	140.0	459.0	7443.0	496.0	38141.0	1712.0	85.0	8319.0	1633.0	6120.0	10209.0	150.0	182.0	12795.0	794.0	1144.0	56.0	545.0	492.0	40.0	560.0	98.0	4170.0	545.0	148.0	27.0	666.0	88.0	251.0	209.0	20.0	79.0	52.0	633.0	10.0	100.0	330.0	24.0	390.0	2999.0	2266.0	22.0	438.0	171.0	8.0	54.0	360.0	19.0	700.0	1842.0	3.0	1384.0	23.0	270.0	96.0	23.0	328.0	43.0	183.0	6.0	40.0	378.0	482.0	75.0	112.0	120.0	25.0	0.0	247.0	36.0	410.0	0.0	8.0	0.0	12.0	0.0	5.0	40.0	95.0	36.0	30.0	119.0	6.0	0.0	8.0	8.0	0.0	0.0	109.0	0.0	108.0	431.0	0.0	0.0	0.0	0.0	0.0	0.0	0.0	0.0	0.0	0.0	0.0	0.0	0.0	0.0	0.0	0.0	0.0	0.0	0.0	0.0	0.0	0.0	0.0	0.0	0.0	0.0	0.0	0.0	0.0	0.0	0.0	0.0	0.0	0.0	0.0	0.0	0.0	0.0	0.0	0.0	0.0
SRR20680760	31044.0	23781.0	1053.0	8342.0	8220.0	12755.0	2193.0	1385.0	186.0	359.0	8021.0	354.0	42666.0	1734.0	26.0	10126.0	1528.0	5767.0	10846.0	178.0	200.0	13305.0	672.0	1147.0	108.0	476.0	440.0	59.0	462.0	85.0	4237.0	440.0	120.0	22.0	570.0	109.0	233.0	187.0	22.0	122.0	126.0	810.0	7.0	101.0	503.0	15.0	427.0	2527.0	1521.0	9.0	481.0	313.0	12.0	56.0	466.0	17.0	781.0	1990.0	0.0	1467.0	25.0	305.0	94.0	5.0	274.0	60.0	241.0	14.0	60.0	256.0	370.0	119.0	130.0	84.0	47.0	0.0	234.0	50.0	565.0	0.0	29.0	0.0	22.0	2.0	5.0	48.0	82.0	26.0	16.0	178.0	10.0	15.0	61.0	0.0	0.0	0.0	139.0	0.0	78.0	399.0	3.0	0.0	0.0	0.0	0.0	0.0	0.0	0.0	0.0	0.0	0.0	0.0	0.0	0.0	0.0	0.0	0.0	0.0	0.0	0.0	0.0	0.0	0.0	0.0	0.0	0.0	0.0	0.0	0.0	0.0	0.0	0.0	0.0	0.0	0.0	0.0	0.0	0.0	0.0	0.0	0.0
SRR20680761	32289.0	19782.0	1083.0	10218.0	6583.0	8822.0	1688.0	1342.0	86.0	482.0	5632.0	183.0	38881.0	1175.0	35.0	10211.0	1958.0	5235.0	8809.0	196.0	115.0	9902.0	606.0	1133.0	39.0	368.0	486.0	25.0	285.0	52.0	3500.0	429.0	98.0	24.0	571.0	60.0	131.0	160.0	38.0	75.0	53.0	635.0	42.0	55.0	313.0	14.0	346.0	2230.0	5603.0	0.0	303.0	824.0	5.0	48.0	311.0	23.0	561.0	1491.0	0.0	1183.0	36.0	234.0	92.0	14.0	196.0	36.0	114.0	12.0	54.0	351.0	463.0	81.0	106.0	92.0	32.0	0.0	200.0	12.0	312.0	0.0	30.0	0.0	3.0	3.0	4.0	7.0	95.0	34.0	6.0	94.0	11.0	10.0	79.0	0.0	0.0	0.0	125.0	0.0	81.0	388.0	3.0	0.0	0.0	0.0	0.0	0.0	0.0	0.0	0.0	0.0	0.0	0.0	0.0	0.0	0.0	0.0	0.0	0.0	0.0	0.0	0.0	0.0	0.0	0.0	0.0	0.0	0.0	0.0	0.0	0.0	0.0	0.0	0.0	0.0	0.0	0.0	0.0	0.0	0.0	0.0	0.0
SRR20680763	26380.0	15071.0	633.0	7986.0	4893.0	6778.0	1518.0	1104.0	111.0	187.0	5112.0	369.0	29812.0	828.0	32.0	7511.0	1264.0	4227.0	7067.0	164.0	66.0	8548.0	486.0	596.0	19.0	466.0	395.0	65.0	374.0	30.0	4879.0	388.0	113.0	33.0	594.0	61.0	178.0	132.0	45.0	67.0	25.0	734.0	10.0	44.0	317.0	32.0	398.0	1696.0	1159.0	10.0	226.0	168.0	9.0	49.0	286.0	3.0	586.0	1308.0	2.0	878.0	28.0	175.0	84.0	15.0	154.0	15.0	124.0	4.0	42.0	236.0	364.0	114.0	84.0	61.0	19.0	0.0	88.0	19.0	331.0	0.0	10.0	0.0	11.0	0.0	9.0	28.0	112.0	40.0	28.0	77.0	11.0	7.0	45.0	0.0	0.0	0.0	74.0	0.0	73.0	254.0	0.0	0.0	0.0	0.0	0.0	0.0	0.0	0.0	0.0	0.0	0.0	0.0	0.0	0.0	0.0	0.0	0.0	0.0	0.0	0.0	0.0	0.0	0.0	0.0	0.0	0.0	0.0	0.0	0.0	0.0	0.0	0.0	0.0	0.0	0.0	0.0	0.0	0.0	0.0	0.0	0.0
SRR20680764	9418.0	9164.0	147.0	2492.0	3191.0	7485.0	1510.0	2539.0	32.0	758.0	8458.0	775.0	19843.0	1002.0	5.0	18222.0	1137.0	5734.0	8486.0	217.0	343.0	6760.0	117.0	1056.0	87.0	78.0	125.0	47.0	43.0	17.0	4032.0	2067.0	528.0	8.0	131.0	11.0	875.0	58.0	12.0	9.0	81.0	385.0	26.0	105.0	130.0	38.0	1311.0	1480.0	18042.0	0.0	1887.0	24.0	8.0	5.0	106.0	3.0	131.0	985.0	0.0	422.0	41.0	896.0	25.0	0.0	687.0	106.0	320.0	0.0	16.0	334.0	232.0	113.0	907.0	23.0	16.0	0.0	466.0	36.0	173.0	0.0	9.0	0.0	0.0	0.0	17.0	0.0	57.0	627.0	80.0	93.0	0.0	70.0	80.0	0.0	0.0	0.0	73.0	0.0	63.0	0.0	0.0	0.0	0.0	0.0	5.0	0.0	0.0	0.0	0.0	0.0	0.0	0.0	0.0	0.0	0.0	0.0	0.0	0.0	0.0	0.0	0.0	0.0	0.0	0.0	0.0	0.0	0.0	3.0	0.0	0.0	0.0	0.0	0.0	0.0	0.0	0.0	0.0	0.0	0.0	0.0	0.0
SRR20680766	48122.0	23758.0	797.0	11330.0	6621.0	7789.0	1417.0	1634.0	141.0	233.0	5985.0	246.0	37033.0	1537.0	12.0	7473.0	1388.0	5019.0	8840.0	91.0	121.0	15389.0	695.0	1171.0	90.0	465.0	516.0	57.0	367.0	84.0	3496.0	416.0	130.0	7.0	1186.0	38.0	205.0	295.0	9.0	35.0	67.0	778.0	17.0	68.0	313.0	15.0	321.0	1789.0	3818.0	9.0	405.0	229.0	4.0	83.0	383.0	6.0	621.0	2719.0	0.0	1035.0	12.0	103.0	133.0	24.0	143.0	58.0	117.0	15.0	63.0	192.0	330.0	116.0	38.0	47.0	30.0	0.0	117.0	33.0	324.0	0.0	3.0	0.0	13.0	0.0	3.0	33.0	96.0	36.0	18.0	113.0	0.0	0.0	38.0	0.0	0.0	0.0	99.0	0.0	42.0	217.0	3.0	0.0	0.0	0.0	5.0	0.0	0.0	0.0	0.0	0.0	0.0	0.0	0.0	0.0	0.0	0.0	0.0	0.0	0.0	0.0	0.0	0.0	0.0	0.0	0.0	0.0	0.0	0.0	0.0	0.0	5.0	0.0	0.0	0.0	0.0	0.0	0.0	0.0	0.0	0.0	0.0
SRR20680767	15943.0	13798.0	575.0	4309.0	6124.0	7464.0	1262.0	1026.0	115.0	247.0	6188.0	583.0	23745.0	876.0	25.0	14034.0	1172.0	4588.0	8632.0	320.0	119.0	5620.0	510.0	583.0	67.0	130.0	412.0	28.0	286.0	88.0	5621.0	553.0	189.0	19.0	518.0	50.0	488.0	168.0	9.0	89.0	103.0	958.0	21.0	105.0	415.0	27.0	714.0	1417.0	1889.0	0.0	313.0	189.0	0.0	68.0	367.0	3.0	1254.0	1323.0	0.0	1247.0	30.0	152.0	78.0	9.0	349.0	83.0	314.0	29.0	102.0	199.0	627.0	91.0	196.0	72.0	7.0	2.0	152.0	25.0	545.0	0.0	29.0	0.0	15.0	0.0	15.0	65.0	86.0	31.0	46.0	89.0	0.0	11.0	70.0	0.0	0.0	0.0	188.0	0.0	92.0	241.0	3.0	0.0	0.0	0.0	0.0	0.0	0.0	0.0	0.0	0.0	0.0	0.0	0.0	0.0	0.0	0.0	0.0	0.0	0.0	0.0	0.0	0.0	0.0	0.0	2.0	0.0	0.0	0.0	0.0	0.0	0.0	0.0	0.0	0.0	0.0	0.0	0.0	0.0	0.0	0.0	0.0
SRR20680768	5839.0	5600.0	96.0	1101.0	1900.0	4114.0	689.0	1633.0	17.0	490.0	4484.0	318.0	11710.0	425.0	5.0	10930.0	447.0	3448.0	3897.0	46.0	158.0	3229.0	38.0	266.0	166.0	53.0	117.0	14.0	32.0	8.0	1853.0	1041.0	228.0	0.0	40.0	4.0	382.0	95.0	0.0	22.0	30.0	80.0	62.0	26.0	69.0	40.0	487.0	706.0	3619.0	2.0	2312.0	21.0	6.0	52.0	70.0	0.0	60.0	372.0	0.0	262.0	43.0	593.0	46.0	4.0	497.0	45.0	166.0	0.0	13.0	116.0	198.0	68.0	1076.0	0.0	0.0	0.0	268.0	21.0	54.0	0.0	17.0	5.0	9.0	0.0	4.0	3.0	14.0	279.0	52.0	82.0	15.0	47.0	70.0	0.0	0.0	0.0	119.0	0.0	28.0	4.0	21.0	0.0	0.0	0.0	0.0	0.0	0.0	0.0	0.0	0.0	0.0	0.0	0.0	0.0	0.0	0.0	0.0	0.0	0.0	0.0	0.0	0.0	0.0	0.0	0.0	0.0	0.0	0.0	0.0	0.0	0.0	0.0	0.0	0.0	0.0	0.0	0.0	0.0	0.0	0.0	0.0
SRR20680769	20285.0	20061.0	998.0	6195.0	10430.0	12026.0	2100.0	1724.0	245.0	366.0	9555.0	626.0	32130.0	1017.0	13.0	16704.0	1386.0	6901.0	10144.0	469.0	283.0	7578.0	609.0	822.0	139.0	219.0	521.0	64.0	347.0	122.0	5750.0	927.0	241.0	17.0	590.0	53.0	781.0	130.0	19.0	115.0	76.0	1048.0	25.0	130.0	615.0	47.0	1107.0	2536.0	2496.0	14.0	296.0	300.0	10.0	104.0	442.0	6.0	1725.0	1669.0	0.0	1997.0	22.0	359.0	53.0	9.0	486.0	121.0	634.0	59.0	185.0	234.0	815.0	163.0	399.0	96.0	31.0	0.0	258.0	32.0	726.0	0.0	22.0	0.0	5.0	3.0	15.0	112.0	184.0	40.0	60.0	130.0	0.0	56.0	112.0	4.0	0.0	0.0	238.0	0.0	49.0	403.0	3.0	0.0	0.0	0.0	0.0	0.0	0.0	0.0	0.0	0.0	0.0	0.0	0.0	0.0	0.0	0.0	0.0	0.0	0.0	0.0	0.0	0.0	0.0	0.0	3.0	0.0	0.0	0.0	0.0	0.0	0.0	0.0	0.0	0.0	0.0	0.0	0.0	0.0	0.0	0.0	0.0
SRR20680770	26094.0	22825.0	784.0	8175.0	10689.0	13340.0	2216.0	1524.0	263.0	396.0	8767.0	622.0	38024.0	980.0	23.0	16955.0	1750.0	7639.0	9900.0	641.0	229.0	9721.0	676.0	589.0	219.0	268.0	510.0	37.0	297.0	125.0	4823.0	1029.0	165.0	27.0	676.0	46.0	639.0	62.0	15.0	120.0	143.0	1102.0	41.0	200.0	706.0	51.0	941.0	2701.0	1526.0	16.0	282.0	655.0	3.0	139.0	495.0	7.0	2060.0	1868.0	0.0	1491.0	43.0	314.0	49.0	0.0	731.0	149.0	458.0	66.0	261.0	389.0	894.0	467.0	412.0	115.0	38.0	0.0	234.0	48.0	717.0	0.0	44.0	0.0	21.0	0.0	28.0	92.0	180.0	67.0	60.0	132.0	7.0	52.0	54.0	0.0	0.0	0.0	205.0	0.0	144.0	481.0	0.0	0.0	0.0	0.0	0.0	0.0	0.0	0.0	0.0	0.0	0.0	0.0	0.0	0.0	0.0	0.0	0.0	0.0	0.0	5.0	0.0	0.0	0.0	0.0	0.0	0.0	0.0	0.0	0.0	0.0	0.0	0.0	0.0	0.0	0.0	0.0	0.0	0.0	0.0	0.0	0.0
SRR20680771	22934.0	17633.0	780.0	6924.0	9249.0	10851.0	2124.0	1474.0	215.0	338.0	8459.0	654.0	35296.0	1224.0	28.0	16942.0	1627.0	7253.0	9439.0	522.0	230.0	8408.0	629.0	748.0	102.0	247.0	432.0	68.0	258.0	155.0	3994.0	806.0	196.0	20.0	634.0	54.0	541.0	138.0	14.0	150.0	69.0	1028.0	34.0	105.0	471.0	45.0	1039.0	2558.0	1887.0	0.0	291.0	650.0	9.0	105.0	518.0	6.0	1784.0	1654.0	0.0	1942.0	34.0	237.0	60.0	5.0	395.0	137.0	396.0	57.0	148.0	364.0	963.0	99.0	404.0	129.0	42.0	0.0	227.0	26.0	672.0	2.0	20.0	0.0	7.0	0.0	22.0	80.0	211.0	62.0	61.0	89.0	5.0	20.0	118.0	0.0	0.0	0.0	219.0	0.0	93.0	368.0	0.0	0.0	0.0	0.0	0.0	0.0	0.0	0.0	0.0	0.0	0.0	2.0	0.0	0.0	0.0	0.0	0.0	0.0	0.0	0.0	0.0	0.0	0.0	0.0	0.0	0.0	0.0	0.0	0.0	0.0	0.0	0.0	0.0	0.0	0.0	0.0	0.0	0.0	0.0	0.0	0.0
SRR20680772	8493.0	5073.0	106.0	3606.0	2574.0	3577.0	505.0	1560.0	15.0	454.0	5696.0	606.0	14825.0	888.0	0.0	16993.0	614.0	3379.0	6629.0	64.0	188.0	5071.0	195.0	446.0	153.0	32.0	103.0	34.0	172.0	17.0	3136.0	1119.0	328.0	11.0	121.0	0.0	431.0	289.0	11.0	9.0	0.0	238.0	3.0	14.0	252.0	0.0	1426.0	541.0	7010.0	0.0	2865.0	58.0	0.0	66.0	309.0	0.0	170.0	586.0	0.0	333.0	34.0	492.0	10.0	2.0	348.0	66.0	144.0	0.0	42.0	263.0	357.0	132.0	493.0	10.0	19.0	0.0	205.0	29.0	178.0	0.0	12.0	0.0	0.0	0.0	0.0	0.0	81.0	445.0	44.0	44.0	20.0	59.0	166.0	0.0	0.0	0.0	127.0	0.0	20.0	9.0	14.0	0.0	0.0	0.0	0.0	0.0	0.0	0.0	0.0	0.0	0.0	0.0	0.0	0.0	0.0	0.0	0.0	0.0	6.0	0.0	0.0	0.0	0.0	0.0	0.0	0.0	0.0	0.0	0.0	0.0	0.0	0.0	0.0	0.0	0.0	0.0	0.0	0.0	0.0	0.0	0.0
