#SampleID	d__Bacteria;p__Gemmatimonadota	d__Bacteria;p__Proteobacteria	d__Bacteria;p__Bacteroidota	d__Bacteria;p__Desulfobacterota	d__Bacteria;p__Acidobacteriota	d__Bacteria;p__Firmicutes	d__Bacteria;p__Actinobacteriota	d__Bacteria;p__Abditibacteriota	d__Bacteria;p__Myxococcota	d__Bacteria;p__Verrucomicrobiota	d__Bacteria;p__Chloroflexi	d__Bacteria;p__Bdellovibrionota	d__Bacteria;p__Planctomycetota	d__Bacteria;p__Dependentiae	d__Bacteria;p__Armatimonadota	d__Bacteria;p__Elusimicrobiota	d__Bacteria;p__Fibrobacterota	d__Bacteria;p__Nitrospirota	d__Bacteria;p__SAR324_clade(Marine_group_B)	d__Bacteria;p__Cyanobacteria	d__Bacteria;p__Patescibacteria	d__Bacteria;p__Spirochaetota	d__Bacteria;p__WS4	d__Bacteria;p__Hydrogenedentes	d__Bacteria;p__Methylomirabilota	d__Bacteria;p__Latescibacterota	d__Bacteria;p__FCPU426	d__Bacteria;p__Sumerlaeota	d__Bacteria;p__Zixibacteria	d__Bacteria;p__Margulisbacteria	d__Bacteria;p__Entotheonellaeota	d__Bacteria;p__Cloacimonadota	d__Bacteria;p__Deferrisomatota	d__Bacteria;p__WPS-2	d__Bacteria;p__Campylobacterota	d__Bacteria;p__MBNT15	d__Bacteria;p__WS2	d__Bacteria;p__Deinococcota	d__Bacteria;p__NB1-j	d__Bacteria;p__Modulibacteria	d__Bacteria;p__DTB120	d__Bacteria;p__RCP2-54	d__Bacteria;p__Halanaerobiaeota	d__Bacteria;p__Fusobacteriota	d__Bacteria;p__WS1	d__Bacteria;p__Dadabacteria
SRR21722989	64.0	12404.0	634.0	0.0	758.0	961.0	11622.0	5.0	42.0	18.0	36.0	0.0	0.0	5.0	20.0	10.0	0.0	8.0	0.0	0.0	0.0	0.0	0.0	0.0	0.0	0.0	0.0	0.0	0.0	0.0	0.0	0.0	0.0	0.0	0.0	0.0	0.0	0.0	0.0	0.0	0.0	0.0	0.0	0.0	0.0	0.0
SRR21722990	40.0	23982.0	1655.0	0.0	244.0	703.0	5998.0	0.0	45.0	0.0	0.0	0.0	0.0	0.0	0.0	0.0	0.0	0.0	0.0	0.0	0.0	0.0	0.0	0.0	0.0	0.0	0.0	0.0	0.0	0.0	0.0	0.0	0.0	0.0	0.0	0.0	0.0	0.0	0.0	0.0	0.0	0.0	0.0	0.0	0.0	0.0
SRR21722991	77.0	10840.0	1349.0	0.0	75.0	4737.0	6384.0	0.0	0.0	0.0	0.0	0.0	0.0	0.0	0.0	0.0	0.0	0.0	0.0	0.0	0.0	0.0	0.0	0.0	0.0	0.0	0.0	0.0	0.0	0.0	0.0	0.0	0.0	0.0	0.0	0.0	0.0	0.0	0.0	0.0	0.0	0.0	0.0	0.0	0.0	0.0
SRR21722992	7.0	7589.0	292.0	0.0	34.0	95.0	2871.0	0.0	20.0	0.0	0.0	4.0	0.0	0.0	0.0	0.0	0.0	0.0	0.0	0.0	0.0	0.0	0.0	0.0	0.0	0.0	0.0	0.0	0.0	0.0	0.0	0.0	0.0	0.0	0.0	0.0	0.0	0.0	0.0	0.0	0.0	0.0	0.0	0.0	0.0	0.0
SRR21722994	34.0	13038.0	855.0	0.0	736.0	284.0	10080.0	10.0	11.0	12.0	18.0	0.0	0.0	12.0	0.0	0.0	0.0	0.0	0.0	0.0	0.0	0.0	0.0	0.0	0.0	0.0	0.0	0.0	0.0	0.0	0.0	0.0	0.0	0.0	0.0	0.0	0.0	0.0	0.0	0.0	0.0	0.0	0.0	0.0	0.0	0.0
SRR21722995	3.0	22324.0	38.0	0.0	4.0	24.0	1173.0	3.0	13.0	0.0	0.0	0.0	0.0	0.0	0.0	0.0	0.0	0.0	0.0	0.0	0.0	0.0	0.0	0.0	0.0	0.0	0.0	0.0	0.0	0.0	0.0	0.0	0.0	0.0	0.0	0.0	0.0	0.0	0.0	0.0	0.0	0.0	0.0	0.0	0.0	0.0
SRR21723044	41.0	32306.0	494.0	0.0	157.0	116.0	4950.0	4.0	63.0	0.0	10.0	4.0	0.0	7.0	0.0	0.0	0.0	5.0	0.0	0.0	0.0	0.0	0.0	0.0	0.0	0.0	0.0	0.0	0.0	0.0	0.0	0.0	0.0	0.0	0.0	0.0	0.0	0.0	0.0	0.0	0.0	0.0	0.0	0.0	0.0	0.0
SRR21723045	229.0	5851.0	1182.0	28.0	459.0	631.0	7179.0	7.0	27.0	7.0	14.0	31.0	0.0	0.0	0.0	0.0	0.0	19.0	0.0	7.0	0.0	0.0	0.0	0.0	0.0	0.0	0.0	0.0	0.0	0.0	0.0	0.0	0.0	0.0	0.0	0.0	0.0	0.0	0.0	0.0	0.0	0.0	0.0	0.0	0.0	0.0
SRR21723046	34.0	10071.0	853.0	0.0	438.0	398.0	6257.0	0.0	30.0	32.0	2.0	16.0	0.0	10.0	0.0	0.0	0.0	0.0	10.0	0.0	0.0	0.0	0.0	0.0	0.0	0.0	0.0	0.0	0.0	0.0	0.0	0.0	0.0	0.0	0.0	0.0	0.0	0.0	0.0	0.0	0.0	0.0	0.0	0.0	0.0	0.0
SRR21723047	0.0	12492.0	403.0	0.0	47.0	859.0	4733.0	8.0	0.0	0.0	0.0	0.0	0.0	6.0	0.0	0.0	0.0	0.0	0.0	3.0	0.0	0.0	0.0	0.0	0.0	0.0	0.0	0.0	0.0	0.0	0.0	0.0	0.0	0.0	0.0	0.0	0.0	0.0	0.0	0.0	0.0	0.0	0.0	0.0	0.0	0.0
SRR21723048	22.0	26567.0	272.0	0.0	239.0	273.0	5205.0	0.0	0.0	36.0	22.0	0.0	0.0	6.0	0.0	0.0	0.0	0.0	0.0	0.0	0.0	0.0	0.0	0.0	0.0	0.0	0.0	0.0	0.0	0.0	0.0	0.0	0.0	0.0	0.0	0.0	0.0	0.0	0.0	0.0	0.0	0.0	0.0	0.0	0.0	0.0
SRR21723049	94.0	12190.0	826.0	0.0	980.0	5145.0	11181.0	0.0	38.0	19.0	44.0	9.0	0.0	13.0	0.0	3.0	0.0	0.0	0.0	0.0	7.0	0.0	0.0	0.0	0.0	0.0	0.0	0.0	0.0	0.0	0.0	0.0	0.0	0.0	0.0	0.0	0.0	0.0	0.0	0.0	0.0	0.0	0.0	0.0	0.0	0.0
SRR21723050	51.0	10077.0	461.0	0.0	1294.0	299.0	11107.0	0.0	71.0	28.0	26.0	0.0	0.0	12.0	0.0	0.0	0.0	12.0	0.0	0.0	0.0	0.0	0.0	0.0	0.0	0.0	0.0	0.0	0.0	0.0	0.0	0.0	0.0	0.0	0.0	0.0	0.0	0.0	0.0	0.0	0.0	0.0	0.0	0.0	0.0	0.0
SRR21723051	6.0	13601.0	1227.0	0.0	609.0	1291.0	7447.0	61.0	9.0	6.0	0.0	6.0	0.0	21.0	0.0	0.0	0.0	9.0	0.0	4.0	0.0	0.0	0.0	0.0	0.0	0.0	0.0	0.0	0.0	0.0	0.0	0.0	0.0	0.0	0.0	0.0	0.0	0.0	0.0	0.0	0.0	0.0	0.0	0.0	0.0	0.0
SRR21723053	148.0	15556.0	1767.0	0.0	469.0	258.0	10298.0	64.0	40.0	6.0	81.0	10.0	4.0	0.0	5.0	0.0	0.0	0.0	0.0	0.0	0.0	0.0	0.0	0.0	0.0	0.0	0.0	0.0	0.0	0.0	0.0	0.0	0.0	0.0	0.0	0.0	0.0	0.0	0.0	0.0	0.0	0.0	0.0	0.0	0.0	0.0
SRR21723054	38.0	9437.0	1217.0	2.0	199.0	143.0	7325.0	0.0	27.0	5.0	56.0	7.0	0.0	0.0	11.0	0.0	0.0	0.0	0.0	0.0	0.0	0.0	0.0	0.0	0.0	0.0	0.0	0.0	0.0	0.0	0.0	0.0	0.0	0.0	0.0	0.0	0.0	0.0	0.0	0.0	0.0	0.0	0.0	0.0	0.0	0.0
SRR21723055	54.0	10715.0	714.0	0.0	565.0	340.0	11094.0	0.0	66.0	7.0	58.0	3.0	0.0	0.0	3.0	2.0	0.0	0.0	0.0	0.0	0.0	0.0	0.0	0.0	0.0	0.0	0.0	0.0	0.0	0.0	0.0	0.0	0.0	0.0	0.0	0.0	0.0	0.0	0.0	0.0	0.0	0.0	0.0	0.0	0.0	0.0
SRR21723056	122.0	13523.0	1288.0	0.0	200.0	188.0	10174.0	3.0	128.0	6.0	57.0	14.0	0.0	0.0	9.0	0.0	0.0	5.0	0.0	0.0	3.0	0.0	0.0	0.0	0.0	0.0	0.0	0.0	0.0	0.0	0.0	0.0	0.0	0.0	0.0	0.0	0.0	0.0	0.0	0.0	0.0	0.0	0.0	0.0	0.0	0.0
SRR21723057	48.0	13864.0	1067.0	0.0	879.0	647.0	8536.0	0.0	20.0	2.0	10.0	0.0	0.0	0.0	0.0	0.0	0.0	0.0	0.0	0.0	32.0	0.0	0.0	0.0	0.0	0.0	0.0	0.0	0.0	0.0	0.0	0.0	0.0	0.0	0.0	0.0	0.0	0.0	0.0	0.0	0.0	0.0	0.0	0.0	0.0	0.0
SRR21723058	0.0	7565.0	168.0	0.0	46.0	54.0	3632.0	0.0	0.0	0.0	0.0	0.0	0.0	0.0	0.0	0.0	0.0	2.0	0.0	0.0	0.0	0.0	0.0	0.0	0.0	0.0	0.0	0.0	0.0	0.0	0.0	0.0	0.0	0.0	0.0	0.0	0.0	0.0	0.0	0.0	0.0	0.0	0.0	0.0	0.0	0.0
SRR21723059	7.0	15011.0	838.0	0.0	137.0	868.0	8813.0	0.0	4.0	0.0	0.0	10.0	0.0	0.0	0.0	0.0	0.0	0.0	0.0	0.0	0.0	0.0	0.0	0.0	0.0	0.0	0.0	0.0	0.0	0.0	0.0	0.0	0.0	0.0	0.0	0.0	0.0	0.0	0.0	0.0	0.0	0.0	0.0	0.0	0.0	0.0
SRR21723236	2.0	33400.0	13.0	0.0	4.0	104.0	307.0	0.0	5.0	0.0	0.0	0.0	0.0	0.0	0.0	0.0	0.0	0.0	0.0	0.0	0.0	0.0	0.0	0.0	0.0	0.0	0.0	0.0	0.0	0.0	0.0	0.0	0.0	0.0	0.0	0.0	0.0	0.0	0.0	0.0	0.0	0.0	0.0	0.0	0.0	0.0
SRR21723237	114.0	11189.0	311.0	0.0	727.0	471.0	9677.0	0.0	46.0	7.0	22.0	14.0	0.0	19.0	0.0	0.0	0.0	18.0	0.0	0.0	9.0	0.0	0.0	0.0	0.0	0.0	0.0	0.0	0.0	0.0	0.0	0.0	0.0	0.0	0.0	0.0	0.0	0.0	0.0	0.0	0.0	0.0	0.0	0.0	0.0	0.0
SRR21723238	68.0	22394.0	431.0	0.0	678.0	584.0	8218.0	7.0	38.0	35.0	28.0	19.0	0.0	0.0	0.0	0.0	0.0	11.0	0.0	0.0	4.0	0.0	0.0	0.0	0.0	0.0	0.0	0.0	0.0	0.0	0.0	0.0	0.0	0.0	0.0	0.0	0.0	0.0	0.0	0.0	0.0	0.0	0.0	0.0	0.0	0.0
SRR21723239	207.0	12669.0	602.0	0.0	826.0	749.0	10501.0	0.0	125.0	36.0	47.0	0.0	0.0	11.0	6.0	12.0	0.0	23.0	0.0	0.0	0.0	0.0	0.0	0.0	0.0	0.0	0.0	0.0	0.0	0.0	0.0	0.0	0.0	0.0	0.0	0.0	0.0	0.0	0.0	0.0	0.0	0.0	0.0	0.0	0.0	0.0
SRR21723240	33.0	12159.0	675.0	0.0	166.0	511.0	6848.0	10.0	61.0	0.0	15.0	0.0	0.0	14.0	0.0	0.0	0.0	0.0	0.0	0.0	0.0	0.0	0.0	0.0	0.0	0.0	0.0	0.0	0.0	0.0	0.0	0.0	0.0	0.0	0.0	0.0	0.0	0.0	0.0	0.0	0.0	0.0	0.0	0.0	0.0	0.0
SRR21723241	0.0	15340.0	80.0	0.0	62.0	81.0	943.0	0.0	3.0	0.0	0.0	0.0	0.0	0.0	0.0	0.0	0.0	0.0	0.0	0.0	0.0	0.0	0.0	0.0	0.0	0.0	0.0	0.0	0.0	0.0	0.0	0.0	0.0	0.0	0.0	0.0	0.0	0.0	0.0	0.0	0.0	0.0	0.0	0.0	0.0	0.0
SRR21723242	143.0	21697.0	1372.0	0.0	1217.0	1264.0	12074.0	20.0	39.0	51.0	50.0	15.0	0.0	24.0	0.0	0.0	0.0	0.0	0.0	0.0	0.0	0.0	0.0	0.0	0.0	0.0	0.0	0.0	0.0	0.0	0.0	0.0	0.0	0.0	0.0	0.0	0.0	0.0	0.0	0.0	0.0	0.0	0.0	0.0	0.0	0.0
SRR21723244	4.0	23688.0	12899.0	0.0	70.0	935.0	4248.0	0.0	9.0	0.0	5.0	0.0	0.0	0.0	0.0	0.0	0.0	0.0	0.0	0.0	0.0	0.0	0.0	0.0	0.0	0.0	0.0	0.0	0.0	0.0	0.0	0.0	0.0	0.0	0.0	0.0	0.0	0.0	0.0	0.0	0.0	0.0	0.0	0.0	0.0	0.0
SRR21723245	2.0	17352.0	313.0	0.0	91.0	442.0	2627.0	0.0	6.0	0.0	0.0	0.0	0.0	0.0	5.0	0.0	0.0	0.0	0.0	0.0	0.0	0.0	0.0	0.0	0.0	0.0	0.0	0.0	0.0	0.0	0.0	0.0	0.0	0.0	0.0	0.0	0.0	0.0	0.0	0.0	0.0	0.0	0.0	0.0	0.0	0.0
SRR21723247	122.0	13773.0	1236.0	0.0	1241.0	2070.0	16357.0	55.0	4.0	13.0	28.0	16.0	0.0	19.0	16.0	27.0	0.0	0.0	0.0	0.0	0.0	0.0	0.0	0.0	0.0	0.0	0.0	0.0	0.0	0.0	0.0	0.0	0.0	0.0	0.0	0.0	0.0	0.0	0.0	0.0	0.0	0.0	0.0	0.0	0.0	0.0
SRR21723248	44.0	7632.0	1468.0	0.0	185.0	1445.0	5372.0	0.0	3.0	0.0	3.0	0.0	0.0	0.0	0.0	0.0	0.0	3.0	0.0	0.0	0.0	0.0	0.0	0.0	0.0	0.0	0.0	0.0	0.0	0.0	0.0	0.0	0.0	0.0	0.0	0.0	0.0	0.0	0.0	0.0	0.0	0.0	0.0	0.0	0.0	0.0
SRR21723250	12.0	7997.0	128.0	0.0	120.0	562.0	4064.0	0.0	5.0	0.0	0.0	4.0	0.0	4.0	0.0	0.0	0.0	0.0	0.0	0.0	0.0	0.0	0.0	0.0	0.0	0.0	0.0	0.0	0.0	0.0	0.0	0.0	0.0	0.0	0.0	0.0	0.0	0.0	0.0	0.0	0.0	0.0	0.0	0.0	0.0	0.0
SRR21723317	56.0	35302.0	1973.0	0.0	710.0	259.0	15251.0	0.0	10.0	4.0	30.0	6.0	0.0	0.0	12.0	0.0	0.0	5.0	0.0	0.0	8.0	0.0	0.0	0.0	0.0	0.0	0.0	0.0	0.0	0.0	0.0	0.0	0.0	0.0	0.0	0.0	0.0	0.0	0.0	0.0	0.0	0.0	0.0	0.0	0.0	0.0
SRR21723318	15.0	41535.0	2523.0	0.0	164.0	729.0	11713.0	0.0	34.0	0.0	28.0	14.0	0.0	0.0	0.0	0.0	0.0	0.0	0.0	0.0	0.0	0.0	0.0	0.0	0.0	0.0	0.0	0.0	0.0	0.0	0.0	0.0	0.0	0.0	0.0	0.0	0.0	0.0	0.0	0.0	0.0	0.0	0.0	0.0	0.0	0.0
SRR21723320	58.0	22453.0	1211.0	0.0	530.0	175.0	11147.0	0.0	53.0	3.0	22.0	11.0	0.0	0.0	8.0	0.0	0.0	0.0	0.0	0.0	0.0	0.0	0.0	0.0	0.0	0.0	0.0	0.0	0.0	0.0	0.0	0.0	0.0	0.0	0.0	0.0	0.0	0.0	0.0	0.0	0.0	0.0	0.0	0.0	0.0	0.0
SRR21723323	4.0	6383.0	880.0	0.0	8.0	36.0	4671.0	0.0	9.0	0.0	0.0	4.0	0.0	0.0	0.0	0.0	0.0	0.0	0.0	0.0	0.0	0.0	0.0	0.0	0.0	0.0	0.0	0.0	0.0	0.0	0.0	0.0	0.0	0.0	0.0	0.0	0.0	0.0	0.0	0.0	0.0	0.0	0.0	0.0	0.0	0.0
SRR21723324	23.0	10065.0	988.0	0.0	135.0	71.0	6082.0	0.0	21.0	0.0	22.0	0.0	0.0	0.0	0.0	0.0	0.0	0.0	0.0	0.0	0.0	0.0	0.0	0.0	0.0	0.0	0.0	0.0	0.0	0.0	0.0	0.0	0.0	0.0	0.0	0.0	0.0	0.0	0.0	0.0	0.0	0.0	0.0	0.0	0.0	0.0
SRR21723325	10.0	10626.0	175.0	0.0	118.0	65.0	3487.0	3.0	3.0	8.0	0.0	0.0	0.0	0.0	0.0	0.0	0.0	5.0	0.0	0.0	5.0	0.0	0.0	0.0	0.0	0.0	0.0	0.0	0.0	0.0	0.0	0.0	0.0	0.0	0.0	0.0	0.0	0.0	0.0	0.0	0.0	0.0	0.0	0.0	0.0	0.0
SRR21723326	7.0	19315.0	2513.0	4.0	83.0	443.0	7103.0	5.0	54.0	0.0	0.0	0.0	0.0	0.0	0.0	0.0	0.0	6.0	0.0	0.0	0.0	0.0	0.0	0.0	0.0	0.0	0.0	0.0	0.0	0.0	0.0	0.0	0.0	0.0	0.0	0.0	0.0	0.0	0.0	0.0	0.0	0.0	0.0	0.0	0.0	0.0
SRR21723327	23.0	17180.0	1219.0	0.0	694.0	659.0	13692.0	0.0	29.0	15.0	25.0	4.0	0.0	0.0	9.0	0.0	0.0	0.0	0.0	0.0	0.0	0.0	0.0	0.0	0.0	0.0	0.0	0.0	0.0	0.0	0.0	0.0	0.0	0.0	0.0	0.0	0.0	0.0	0.0	0.0	0.0	0.0	0.0	0.0	0.0	0.0
SRR21723328	25.0	33899.0	216.0	0.0	269.0	94.0	4135.0	0.0	14.0	0.0	8.0	4.0	0.0	0.0	0.0	0.0	0.0	3.0	0.0	0.0	3.0	0.0	0.0	0.0	0.0	0.0	0.0	0.0	0.0	0.0	0.0	0.0	0.0	0.0	0.0	0.0	0.0	0.0	0.0	0.0	0.0	0.0	0.0	0.0	0.0	0.0
SRR21723329	155.0	14949.0	664.0	0.0	1473.0	1435.0	15200.0	4.0	110.0	18.0	36.0	12.0	0.0	0.0	7.0	16.0	0.0	0.0	0.0	0.0	6.0	0.0	0.0	0.0	0.0	0.0	0.0	0.0	0.0	0.0	0.0	0.0	0.0	0.0	0.0	0.0	0.0	0.0	0.0	0.0	0.0	0.0	0.0	0.0	0.0	0.0
SRR21723331	0.0	19262.0	979.0	0.0	125.0	268.0	6785.0	3.0	25.0	11.0	0.0	0.0	0.0	0.0	0.0	0.0	0.0	0.0	0.0	0.0	0.0	0.0	0.0	0.0	0.0	0.0	0.0	0.0	0.0	0.0	0.0	0.0	0.0	0.0	0.0	0.0	0.0	0.0	0.0	0.0	0.0	0.0	0.0	0.0	0.0	0.0
SRR21723332	73.0	15306.0	1236.0	0.0	661.0	575.0	16376.0	0.0	41.0	4.0	13.0	11.0	0.0	18.0	6.0	0.0	0.0	12.0	0.0	0.0	0.0	0.0	0.0	0.0	0.0	0.0	0.0	0.0	0.0	0.0	0.0	0.0	0.0	0.0	0.0	0.0	0.0	0.0	0.0	0.0	0.0	0.0	0.0	0.0	0.0	0.0
SRR21723373	161.0	34729.0	4968.0	0.0	1023.0	161.0	12409.0	22.0	335.0	55.0	51.0	68.0	0.0	2.0	60.0	0.0	73.0	6.0	0.0	4.0	4.0	0.0	0.0	0.0	0.0	0.0	0.0	0.0	0.0	0.0	0.0	0.0	0.0	0.0	0.0	0.0	0.0	0.0	0.0	0.0	0.0	0.0	0.0	0.0	0.0	0.0
SRR21723374	117.0	32309.0	3600.0	0.0	1131.0	290.0	13398.0	20.0	107.0	3.0	25.0	6.0	0.0	8.0	38.0	0.0	31.0	0.0	0.0	0.0	20.0	0.0	0.0	0.0	0.0	0.0	0.0	0.0	0.0	0.0	0.0	0.0	0.0	0.0	0.0	0.0	0.0	0.0	0.0	0.0	0.0	0.0	0.0	0.0	0.0	0.0
SRR21723375	18.0	30976.0	1953.0	0.0	926.0	141.0	9666.0	9.0	74.0	2.0	24.0	32.0	0.0	0.0	67.0	0.0	0.0	2.0	0.0	0.0	24.0	0.0	0.0	0.0	0.0	0.0	0.0	0.0	0.0	0.0	0.0	0.0	0.0	0.0	0.0	0.0	0.0	0.0	0.0	0.0	0.0	0.0	0.0	0.0	0.0	0.0
SRR21723376	65.0	26472.0	4249.0	0.0	682.0	111.0	9477.0	24.0	108.0	21.0	93.0	20.0	0.0	3.0	29.0	0.0	37.0	7.0	0.0	6.0	5.0	0.0	0.0	0.0	0.0	0.0	0.0	0.0	0.0	0.0	0.0	0.0	0.0	0.0	0.0	0.0	0.0	0.0	0.0	0.0	0.0	0.0	0.0	0.0	0.0	0.0
SRR21723377	182.0	82537.0	2171.0	0.0	475.0	588.0	25663.0	29.0	58.0	7.0	79.0	38.0	0.0	0.0	2.0	0.0	0.0	6.0	0.0	0.0	0.0	0.0	0.0	0.0	0.0	0.0	0.0	0.0	0.0	0.0	0.0	0.0	0.0	0.0	0.0	0.0	0.0	0.0	0.0	0.0	0.0	0.0	0.0	0.0	0.0	0.0
SRR21723378	94.0	29006.0	3871.0	5.0	730.0	463.0	9650.0	18.0	251.0	40.0	59.0	59.0	0.0	9.0	42.0	0.0	54.0	6.0	0.0	0.0	6.0	0.0	0.0	0.0	0.0	0.0	0.0	0.0	0.0	0.0	0.0	0.0	0.0	0.0	0.0	0.0	0.0	0.0	0.0	0.0	0.0	0.0	0.0	0.0	0.0	0.0
SRR21723379	78.0	28968.0	4239.0	0.0	813.0	203.0	9732.0	48.0	233.0	61.0	67.0	90.0	3.0	15.0	81.0	0.0	52.0	0.0	0.0	9.0	40.0	0.0	0.0	0.0	0.0	0.0	0.0	0.0	0.0	0.0	0.0	0.0	0.0	0.0	0.0	0.0	0.0	0.0	0.0	0.0	0.0	0.0	0.0	0.0	0.0	0.0
SRR21723381	62.0	48646.0	6748.0	0.0	1404.0	231.0	17283.0	27.0	142.0	47.0	88.0	23.0	0.0	6.0	52.0	0.0	0.0	8.0	0.0	0.0	5.0	0.0	0.0	0.0	0.0	0.0	0.0	0.0	0.0	0.0	0.0	0.0	0.0	0.0	0.0	0.0	0.0	0.0	0.0	0.0	0.0	0.0	0.0	0.0	0.0	0.0
SRR21723382	39.0	22044.0	1949.0	0.0	680.0	158.0	8078.0	14.0	106.0	9.0	32.0	27.0	0.0	5.0	29.0	0.0	16.0	0.0	0.0	0.0	4.0	0.0	0.0	0.0	0.0	0.0	0.0	0.0	0.0	0.0	0.0	0.0	0.0	0.0	0.0	0.0	0.0	0.0	0.0	0.0	0.0	0.0	0.0	0.0	0.0	0.0
SRR21723383	105.0	36031.0	4963.0	0.0	993.0	295.0	12007.0	46.0	200.0	51.0	78.0	67.0	0.0	23.0	49.0	0.0	13.0	13.0	0.0	0.0	28.0	0.0	0.0	0.0	0.0	0.0	0.0	0.0	0.0	0.0	0.0	0.0	0.0	0.0	0.0	0.0	0.0	0.0	0.0	0.0	0.0	0.0	0.0	0.0	0.0	0.0
SRR21723464	82.0	25755.0	2717.0	3.0	900.0	296.0	10430.0	16.0	58.0	30.0	41.0	16.0	0.0	2.0	13.0	4.0	3.0	0.0	0.0	0.0	15.0	0.0	0.0	0.0	0.0	0.0	0.0	0.0	0.0	0.0	0.0	0.0	0.0	0.0	0.0	0.0	0.0	0.0	0.0	0.0	0.0	0.0	0.0	0.0	0.0	0.0
SRR21723465	205.0	39514.0	4880.0	0.0	600.0	332.0	11228.0	25.0	402.0	71.0	137.0	112.0	0.0	8.0	26.0	5.0	108.0	0.0	5.0	9.0	26.0	0.0	0.0	0.0	0.0	0.0	0.0	0.0	0.0	0.0	0.0	0.0	0.0	0.0	0.0	0.0	0.0	0.0	0.0	0.0	0.0	0.0	0.0	0.0	0.0	0.0
SRR21723466	584.0	97260.0	14889.0	0.0	1939.0	2931.0	26516.0	85.0	552.0	99.0	162.0	311.0	2.0	0.0	198.0	12.0	224.0	16.0	0.0	19.0	56.0	0.0	0.0	0.0	0.0	0.0	0.0	0.0	0.0	0.0	0.0	0.0	0.0	0.0	0.0	0.0	0.0	0.0	0.0	0.0	0.0	0.0	0.0	0.0	0.0	0.0
SRR21723467	11.0	19931.0	2978.0	0.0	722.0	113.0	9186.0	3.0	108.0	38.0	64.0	9.0	0.0	0.0	29.0	0.0	26.0	0.0	0.0	0.0	0.0	0.0	0.0	0.0	0.0	0.0	0.0	0.0	0.0	0.0	0.0	0.0	0.0	0.0	0.0	0.0	0.0	0.0	0.0	0.0	0.0	0.0	0.0	0.0	0.0	0.0
SRR21723468	47.0	15553.0	1432.0	0.0	676.0	106.0	6957.0	14.0	137.0	4.0	11.0	19.0	0.0	7.0	24.0	0.0	17.0	2.0	0.0	0.0	20.0	0.0	0.0	0.0	0.0	0.0	0.0	0.0	0.0	0.0	0.0	0.0	0.0	0.0	0.0	0.0	0.0	0.0	0.0	0.0	0.0	0.0	0.0	0.0	0.0	0.0
SRR21723469	13.0	21288.0	737.0	0.0	643.0	109.0	10874.0	0.0	16.0	6.0	25.0	3.0	0.0	5.0	5.0	0.0	0.0	5.0	0.0	0.0	0.0	0.0	0.0	0.0	0.0	0.0	0.0	0.0	0.0	0.0	0.0	0.0	0.0	0.0	0.0	0.0	0.0	0.0	0.0	0.0	0.0	0.0	0.0	0.0	0.0	0.0
SRR21723470	39.0	35773.0	1715.0	0.0	544.0	219.0	10698.0	2.0	20.0	5.0	46.0	11.0	0.0	3.0	11.0	0.0	3.0	10.0	0.0	0.0	2.0	0.0	0.0	0.0	0.0	0.0	0.0	0.0	0.0	0.0	0.0	0.0	0.0	0.0	0.0	0.0	0.0	0.0	0.0	0.0	0.0	0.0	0.0	0.0	0.0	0.0
SRR21723472	266.0	46108.0	4793.0	0.0	1380.0	1116.0	20270.0	5.0	354.0	50.0	91.0	22.0	0.0	3.0	67.0	0.0	28.0	3.0	0.0	0.0	20.0	0.0	0.0	0.0	0.0	0.0	0.0	0.0	0.0	0.0	0.0	0.0	0.0	0.0	0.0	0.0	0.0	0.0	0.0	0.0	0.0	0.0	0.0	0.0	0.0	0.0
SRR21723473	88.0	24123.0	2700.0	0.0	707.0	52.0	11906.0	2.0	178.0	13.0	119.0	14.0	3.0	6.0	38.0	0.0	55.0	0.0	0.0	0.0	0.0	0.0	0.0	0.0	0.0	0.0	0.0	0.0	0.0	0.0	0.0	0.0	0.0	0.0	0.0	0.0	0.0	0.0	0.0	0.0	0.0	0.0	0.0	0.0	0.0	0.0
SRR21723474	137.0	28437.0	4097.0	0.0	755.0	110.0	9141.0	22.0	64.0	11.0	42.0	20.0	0.0	3.0	24.0	3.0	12.0	3.0	0.0	0.0	0.0	0.0	0.0	0.0	0.0	0.0	0.0	0.0	0.0	0.0	0.0	0.0	0.0	0.0	0.0	0.0	0.0	0.0	0.0	0.0	0.0	0.0	0.0	0.0	0.0	0.0
SRR21723475	36.0	27635.0	2721.0	0.0	1002.0	113.0	10925.0	3.0	38.0	7.0	85.0	22.0	0.0	0.0	12.0	0.0	4.0	7.0	0.0	4.0	0.0	0.0	0.0	0.0	0.0	0.0	0.0	0.0	0.0	0.0	0.0	0.0	0.0	0.0	0.0	0.0	0.0	0.0	0.0	0.0	0.0	0.0	0.0	0.0	0.0	0.0
SRR21723476	4.0	8198.0	553.0	0.0	171.0	41.0	1956.0	2.0	26.0	0.0	7.0	9.0	0.0	0.0	5.0	0.0	0.0	0.0	0.0	0.0	0.0	0.0	0.0	0.0	0.0	0.0	0.0	0.0	0.0	0.0	0.0	0.0	0.0	0.0	0.0	0.0	0.0	0.0	0.0	0.0	0.0	0.0	0.0	0.0	0.0	0.0
SRR21723477	109.0	29295.0	1564.0	0.0	672.0	414.0	18748.0	5.0	42.0	2.0	66.0	0.0	0.0	0.0	4.0	3.0	0.0	0.0	0.0	0.0	0.0	0.0	0.0	0.0	0.0	0.0	0.0	0.0	0.0	0.0	0.0	0.0	0.0	0.0	0.0	0.0	0.0	0.0	0.0	0.0	0.0	0.0	0.0	0.0	0.0	0.0
SRR21723478	56.0	21167.0	1577.0	0.0	7.0	296.0	10201.0	3.0	28.0	0.0	7.0	42.0	0.0	0.0	0.0	0.0	0.0	0.0	0.0	0.0	0.0	0.0	0.0	0.0	0.0	0.0	0.0	0.0	0.0	0.0	0.0	0.0	0.0	0.0	0.0	0.0	0.0	0.0	0.0	0.0	0.0	0.0	0.0	0.0	0.0	0.0
SRR21723479	53.0	36840.0	3153.0	0.0	112.0	379.0	10642.0	0.0	10.0	0.0	0.0	9.0	0.0	5.0	8.0	0.0	0.0	6.0	0.0	0.0	4.0	0.0	0.0	0.0	0.0	0.0	0.0	0.0	0.0	0.0	0.0	0.0	0.0	0.0	0.0	0.0	0.0	0.0	0.0	0.0	0.0	0.0	0.0	0.0	0.0	0.0
SRR21723480	7.0	14429.0	1282.0	0.0	396.0	168.0	9353.0	5.0	4.0	0.0	40.0	3.0	0.0	0.0	9.0	0.0	0.0	0.0	0.0	0.0	0.0	0.0	0.0	0.0	0.0	0.0	0.0	0.0	0.0	0.0	0.0	0.0	0.0	0.0	0.0	0.0	0.0	0.0	0.0	0.0	0.0	0.0	0.0	0.0	0.0	0.0
SRR21723482	10.0	13155.0	621.0	0.0	66.0	133.0	5658.0	0.0	6.0	4.0	14.0	0.0	0.0	0.0	0.0	0.0	0.0	0.0	0.0	0.0	0.0	0.0	0.0	0.0	0.0	0.0	0.0	0.0	0.0	0.0	0.0	0.0	0.0	0.0	0.0	0.0	0.0	0.0	0.0	0.0	0.0	0.0	0.0	0.0	0.0	0.0
SRR21723485	31.0	18455.0	1619.0	0.0	430.0	218.0	11181.0	12.0	0.0	9.0	35.0	0.0	0.0	0.0	0.0	0.0	0.0	0.0	0.0	0.0	0.0	0.0	0.0	0.0	0.0	0.0	0.0	0.0	0.0	0.0	0.0	0.0	0.0	0.0	0.0	0.0	0.0	0.0	0.0	0.0	0.0	0.0	0.0	0.0	0.0	0.0
SRR21723486	16.0	14193.0	838.0	0.0	507.0	364.0	12179.0	0.0	0.0	0.0	17.0	4.0	0.0	0.0	0.0	0.0	0.0	0.0	0.0	0.0	0.0	0.0	0.0	0.0	0.0	0.0	0.0	0.0	0.0	0.0	0.0	0.0	0.0	0.0	0.0	0.0	0.0	0.0	0.0	0.0	0.0	0.0	0.0	0.0	0.0	0.0
SRR21723487	27.0	16807.0	1593.0	0.0	884.0	109.0	9993.0	12.0	2.0	0.0	44.0	0.0	0.0	3.0	11.0	0.0	0.0	0.0	0.0	0.0	0.0	0.0	0.0	0.0	0.0	0.0	0.0	0.0	0.0	0.0	0.0	0.0	0.0	0.0	0.0	0.0	0.0	0.0	0.0	0.0	0.0	0.0	0.0	0.0	0.0	0.0
SRR21723489	0.0	10983.0	423.0	0.0	374.0	709.0	7370.0	0.0	4.0	0.0	0.0	0.0	0.0	0.0	0.0	0.0	0.0	0.0	0.0	0.0	0.0	0.0	0.0	0.0	0.0	0.0	0.0	0.0	0.0	0.0	0.0	0.0	0.0	0.0	0.0	0.0	0.0	0.0	0.0	0.0	0.0	0.0	0.0	0.0	0.0	0.0
SRR21723490	213.0	26292.0	5318.0	0.0	197.0	334.0	14536.0	21.0	116.0	10.0	50.0	29.0	2.0	0.0	5.0	0.0	65.0	2.0	0.0	6.0	0.0	0.0	0.0	0.0	0.0	0.0	0.0	0.0	0.0	0.0	0.0	0.0	0.0	0.0	0.0	0.0	0.0	0.0	0.0	0.0	0.0	0.0	0.0	0.0	0.0	0.0
SRR21723493	17.0	11796.0	2224.0	0.0	50.0	49.0	5368.0	4.0	16.0	0.0	23.0	0.0	0.0	0.0	0.0	0.0	6.0	0.0	0.0	0.0	0.0	0.0	0.0	0.0	0.0	0.0	0.0	0.0	0.0	0.0	0.0	0.0	0.0	0.0	0.0	0.0	0.0	0.0	0.0	0.0	0.0	0.0	0.0	0.0	0.0	0.0
SRR21723494	31.0	14141.0	803.0	0.0	380.0	305.0	8618.0	3.0	9.0	0.0	21.0	0.0	0.0	0.0	0.0	0.0	0.0	0.0	0.0	0.0	0.0	0.0	0.0	0.0	0.0	0.0	0.0	0.0	0.0	0.0	0.0	0.0	0.0	0.0	0.0	0.0	0.0	0.0	0.0	0.0	0.0	0.0	0.0	0.0	0.0	0.0
SRR21723496	71.0	18457.0	1535.0	0.0	184.0	442.0	5178.0	17.0	35.0	41.0	0.0	51.0	0.0	0.0	0.0	0.0	0.0	0.0	0.0	0.0	0.0	0.0	0.0	0.0	0.0	0.0	0.0	0.0	0.0	0.0	0.0	0.0	0.0	0.0	0.0	0.0	0.0	0.0	0.0	0.0	0.0	0.0	0.0	0.0	0.0	0.0
SRR21723497	41.0	8451.0	1231.0	0.0	20.0	413.0	5834.0	0.0	27.0	0.0	0.0	0.0	0.0	0.0	6.0	0.0	0.0	2.0	0.0	0.0	0.0	0.0	0.0	0.0	0.0	0.0	0.0	0.0	0.0	0.0	0.0	0.0	0.0	0.0	0.0	0.0	0.0	0.0	0.0	0.0	0.0	0.0	0.0	0.0	0.0	0.0
SRR21723498	4.0	4397.0	398.0	0.0	555.0	185.0	4853.0	0.0	0.0	0.0	4.0	0.0	0.0	0.0	0.0	0.0	0.0	0.0	0.0	0.0	0.0	0.0	0.0	0.0	0.0	0.0	0.0	0.0	0.0	0.0	0.0	0.0	0.0	0.0	0.0	0.0	0.0	0.0	0.0	0.0	0.0	0.0	0.0	0.0	0.0	0.0
SRR21723499	44.0	8256.0	595.0	0.0	65.0	477.0	3001.0	6.0	24.0	5.0	0.0	0.0	0.0	0.0	0.0	0.0	0.0	0.0	0.0	0.0	0.0	0.0	0.0	0.0	0.0	0.0	0.0	0.0	0.0	0.0	0.0	0.0	0.0	0.0	0.0	0.0	0.0	0.0	0.0	0.0	0.0	0.0	0.0	0.0	0.0	0.0
SRR21723500	32.0	5779.0	706.0	0.0	130.0	2053.0	3227.0	0.0	8.0	0.0	0.0	0.0	0.0	14.0	0.0	3.0	0.0	0.0	0.0	0.0	0.0	0.0	0.0	0.0	0.0	0.0	0.0	0.0	0.0	0.0	0.0	0.0	0.0	0.0	0.0	0.0	0.0	0.0	0.0	0.0	0.0	0.0	0.0	0.0	0.0	0.0
SRR21723502	0.0	23904.0	30.0	0.0	29.0	27.0	305.0	0.0	0.0	0.0	0.0	0.0	0.0	0.0	0.0	0.0	0.0	0.0	0.0	0.0	0.0	0.0	0.0	0.0	0.0	0.0	0.0	0.0	0.0	0.0	0.0	0.0	0.0	0.0	0.0	0.0	0.0	0.0	0.0	0.0	0.0	0.0	0.0	0.0	0.0	0.0
SRR21723503	43.0	30658.0	2387.0	0.0	248.0	1761.0	7125.0	0.0	21.0	12.0	12.0	0.0	0.0	0.0	0.0	0.0	0.0	6.0	0.0	0.0	0.0	0.0	0.0	0.0	0.0	0.0	0.0	0.0	0.0	0.0	0.0	0.0	0.0	0.0	0.0	0.0	0.0	0.0	0.0	0.0	0.0	0.0	0.0	0.0	0.0	0.0
SRR21723504	65.0	16883.0	367.0	0.0	33.0	85.0	5879.0	9.0	20.0	12.0	8.0	9.0	0.0	0.0	0.0	0.0	0.0	0.0	0.0	0.0	2.0	0.0	0.0	0.0	0.0	0.0	0.0	0.0	0.0	0.0	0.0	0.0	0.0	0.0	0.0	0.0	0.0	0.0	0.0	0.0	0.0	0.0	0.0	0.0	0.0	0.0
SRR21723505	19.0	5993.0	638.0	0.0	119.0	93.0	4408.0	0.0	0.0	0.0	16.0	0.0	0.0	0.0	0.0	0.0	0.0	0.0	0.0	0.0	0.0	0.0	0.0	0.0	0.0	0.0	0.0	0.0	0.0	0.0	0.0	0.0	0.0	0.0	0.0	0.0	0.0	0.0	0.0	0.0	0.0	0.0	0.0	0.0	0.0	0.0
SRR21723507	11.0	12998.0	325.0	0.0	322.0	100.0	5673.0	0.0	0.0	4.0	0.0	0.0	0.0	3.0	0.0	0.0	0.0	0.0	0.0	0.0	0.0	0.0	0.0	0.0	0.0	0.0	0.0	0.0	0.0	0.0	0.0	0.0	0.0	0.0	0.0	0.0	0.0	0.0	0.0	0.0	0.0	0.0	0.0	0.0	0.0	0.0
SRR21723508	18.0	7566.0	782.0	0.0	7.0	86.0	3228.0	4.0	0.0	0.0	0.0	0.0	0.0	0.0	0.0	0.0	0.0	0.0	0.0	2.0	0.0	0.0	0.0	0.0	0.0	0.0	0.0	0.0	0.0	0.0	0.0	0.0	0.0	0.0	0.0	0.0	0.0	0.0	0.0	0.0	0.0	0.0	0.0	0.0	0.0	0.0
SRR21723510	21.0	14444.0	1439.0	0.0	143.0	242.0	7184.0	4.0	11.0	0.0	38.0	3.0	0.0	0.0	6.0	0.0	0.0	0.0	0.0	0.0	0.0	0.0	0.0	0.0	0.0	0.0	0.0	0.0	0.0	0.0	0.0	0.0	0.0	0.0	0.0	0.0	0.0	0.0	0.0	0.0	0.0	0.0	0.0	0.0	0.0	0.0
SRR21723511	0.0	15765.0	371.0	0.0	233.0	165.0	6267.0	0.0	5.0	0.0	0.0	0.0	0.0	0.0	0.0	0.0	0.0	0.0	0.0	0.0	0.0	0.0	0.0	0.0	0.0	0.0	0.0	0.0	0.0	0.0	0.0	0.0	0.0	0.0	0.0	0.0	0.0	0.0	0.0	0.0	0.0	0.0	0.0	0.0	0.0	0.0
SRR21723512	0.0	13814.0	762.0	0.0	341.0	1129.0	13180.0	0.0	7.0	0.0	30.0	0.0	0.0	0.0	0.0	0.0	0.0	0.0	0.0	0.0	0.0	0.0	0.0	0.0	0.0	0.0	0.0	0.0	0.0	0.0	0.0	0.0	0.0	0.0	0.0	0.0	0.0	0.0	0.0	0.0	0.0	0.0	0.0	0.0	0.0	0.0
SRR21723513	36.0	14534.0	2835.0	0.0	55.0	182.0	6970.0	0.0	46.0	0.0	15.0	15.0	0.0	0.0	3.0	0.0	0.0	0.0	0.0	0.0	0.0	0.0	0.0	0.0	0.0	0.0	0.0	0.0	0.0	0.0	0.0	0.0	0.0	0.0	0.0	0.0	0.0	0.0	0.0	0.0	0.0	0.0	0.0	0.0	0.0	0.0
SRR21723514	7.0	13814.0	1262.0	0.0	223.0	169.0	6759.0	0.0	3.0	0.0	16.0	16.0	0.0	4.0	0.0	0.0	0.0	0.0	0.0	0.0	0.0	0.0	0.0	0.0	0.0	0.0	0.0	0.0	0.0	0.0	0.0	0.0	0.0	0.0	0.0	0.0	0.0	0.0	0.0	0.0	0.0	0.0	0.0	0.0	0.0	0.0
SRR21723516	10.0	12250.0	1101.0	0.0	176.0	168.0	6528.0	0.0	0.0	0.0	32.0	0.0	0.0	0.0	2.0	0.0	0.0	0.0	0.0	0.0	0.0	0.0	0.0	0.0	0.0	0.0	0.0	0.0	0.0	0.0	0.0	0.0	0.0	0.0	0.0	0.0	0.0	0.0	0.0	0.0	0.0	0.0	0.0	0.0	0.0	0.0
SRR21723517	9.0	9129.0	980.0	0.0	247.0	157.0	5792.0	0.0	0.0	0.0	29.0	0.0	0.0	0.0	0.0	0.0	0.0	0.0	0.0	0.0	0.0	0.0	0.0	0.0	0.0	0.0	0.0	0.0	0.0	0.0	0.0	0.0	0.0	0.0	0.0	0.0	0.0	0.0	0.0	0.0	0.0	0.0	0.0	0.0	0.0	0.0
SRR21723518	4.0	10269.0	636.0	0.0	302.0	117.0	5789.0	0.0	9.0	0.0	0.0	3.0	0.0	0.0	0.0	0.0	0.0	0.0	0.0	0.0	0.0	0.0	0.0	0.0	0.0	0.0	0.0	0.0	0.0	0.0	0.0	0.0	0.0	0.0	0.0	0.0	0.0	0.0	0.0	0.0	0.0	0.0	0.0	0.0	0.0	0.0
SRR21723519	51.0	10868.0	1189.0	0.0	167.0	562.0	6304.0	0.0	40.0	2.0	12.0	0.0	0.0	10.0	0.0	0.0	0.0	0.0	0.0	0.0	0.0	0.0	0.0	0.0	0.0	0.0	0.0	0.0	0.0	0.0	0.0	0.0	0.0	0.0	0.0	0.0	0.0	0.0	0.0	0.0	0.0	0.0	0.0	0.0	0.0	0.0
SRR21723520	38.0	10359.0	558.0	0.0	153.0	132.0	5772.0	0.0	5.0	0.0	7.0	3.0	0.0	0.0	0.0	0.0	0.0	0.0	0.0	0.0	0.0	0.0	0.0	0.0	0.0	0.0	0.0	0.0	0.0	0.0	0.0	0.0	0.0	0.0	0.0	0.0	0.0	0.0	0.0	0.0	0.0	0.0	0.0	0.0	0.0	0.0
SRR21723521	0.0	13157.0	64.0	0.0	12.0	38.0	712.0	0.0	0.0	0.0	0.0	0.0	0.0	0.0	0.0	0.0	0.0	0.0	0.0	0.0	0.0	0.0	0.0	0.0	0.0	0.0	0.0	0.0	0.0	0.0	0.0	0.0	0.0	0.0	0.0	0.0	0.0	0.0	0.0	0.0	0.0	0.0	0.0	0.0	0.0	0.0
SRR21723522	44.0	17437.0	1383.0	0.0	434.0	616.0	7606.0	26.0	13.0	19.0	17.0	8.0	0.0	0.0	0.0	3.0	0.0	6.0	0.0	0.0	0.0	0.0	0.0	0.0	0.0	0.0	0.0	0.0	0.0	0.0	0.0	0.0	0.0	0.0	0.0	0.0	0.0	0.0	0.0	0.0	0.0	0.0	0.0	0.0	0.0	0.0
SRR21723523	41.0	11017.0	2880.0	0.0	167.0	1371.0	6018.0	7.0	5.0	11.0	0.0	0.0	0.0	2.0	0.0	0.0	0.0	6.0	0.0	0.0	0.0	0.0	0.0	0.0	0.0	0.0	0.0	0.0	0.0	0.0	0.0	0.0	0.0	0.0	0.0	0.0	0.0	0.0	0.0	0.0	0.0	0.0	0.0	0.0	0.0	0.0
SRR21723524	5.0	7335.0	649.0	0.0	451.0	609.0	14549.0	0.0	8.0	9.0	6.0	0.0	0.0	0.0	0.0	0.0	0.0	0.0	0.0	0.0	0.0	0.0	0.0	0.0	0.0	0.0	0.0	0.0	0.0	0.0	0.0	0.0	0.0	0.0	0.0	0.0	0.0	0.0	0.0	0.0	0.0	0.0	0.0	0.0	0.0	0.0
SRR21723525	9.0	14813.0	1508.0	0.0	226.0	969.0	3983.0	0.0	2.0	6.0	9.0	0.0	0.0	16.0	0.0	0.0	0.0	0.0	0.0	0.0	0.0	0.0	0.0	0.0	0.0	0.0	0.0	0.0	0.0	0.0	0.0	0.0	0.0	0.0	0.0	0.0	0.0	0.0	0.0	0.0	0.0	0.0	0.0	0.0	0.0	0.0
SRR21723526	63.0	17079.0	1725.0	0.0	1341.0	551.0	10144.0	0.0	28.0	23.0	12.0	10.0	0.0	4.0	0.0	0.0	0.0	0.0	0.0	0.0	0.0	0.0	0.0	0.0	0.0	0.0	0.0	0.0	0.0	0.0	0.0	0.0	0.0	0.0	0.0	0.0	0.0	0.0	0.0	0.0	0.0	0.0	0.0	0.0	0.0	0.0
SRR21723528	6.0	9494.0	1128.0	0.0	50.0	683.0	3125.0	0.0	0.0	0.0	0.0	0.0	0.0	0.0	0.0	0.0	0.0	0.0	0.0	0.0	0.0	0.0	0.0	0.0	0.0	0.0	0.0	0.0	0.0	0.0	0.0	0.0	0.0	0.0	0.0	0.0	0.0	0.0	0.0	0.0	0.0	0.0	0.0	0.0	0.0	0.0
SRR21723529	0.0	27336.0	593.0	0.0	335.0	383.0	6710.0	0.0	2.0	8.0	9.0	8.0	0.0	2.0	0.0	0.0	0.0	5.0	0.0	0.0	0.0	0.0	0.0	0.0	0.0	0.0	0.0	0.0	0.0	0.0	0.0	0.0	0.0	0.0	0.0	0.0	0.0	0.0	0.0	0.0	0.0	0.0	0.0	0.0	0.0	0.0
SRR21723530	86.0	12619.0	3973.0	0.0	71.0	643.0	6113.0	0.0	14.0	11.0	0.0	0.0	0.0	0.0	0.0	0.0	0.0	18.0	0.0	0.0	0.0	0.0	0.0	0.0	0.0	0.0	0.0	0.0	0.0	0.0	0.0	0.0	0.0	0.0	0.0	0.0	0.0	0.0	0.0	0.0	0.0	0.0	0.0	0.0	0.0	0.0
SRR21723531	3.0	19381.0	2714.0	0.0	12.0	39.0	4235.0	2.0	0.0	0.0	0.0	0.0	0.0	0.0	0.0	0.0	0.0	0.0	0.0	0.0	0.0	0.0	0.0	0.0	0.0	0.0	0.0	0.0	0.0	0.0	0.0	0.0	0.0	0.0	0.0	0.0	0.0	0.0	0.0	0.0	0.0	0.0	0.0	0.0	0.0	0.0
SRR21723532	0.0	30397.0	1304.0	0.0	0.0	71.0	4131.0	0.0	0.0	0.0	0.0	0.0	0.0	6.0	0.0	0.0	0.0	0.0	0.0	0.0	0.0	0.0	0.0	0.0	0.0	0.0	0.0	0.0	0.0	0.0	0.0	0.0	0.0	0.0	0.0	0.0	0.0	0.0	0.0	0.0	0.0	0.0	0.0	0.0	0.0	0.0
SRR21723533	53.0	19128.0	1911.0	0.0	822.0	689.0	15248.0	27.0	72.0	21.0	19.0	0.0	0.0	32.0	0.0	0.0	0.0	7.0	0.0	0.0	0.0	0.0	0.0	0.0	0.0	0.0	0.0	0.0	0.0	0.0	0.0	0.0	0.0	0.0	0.0	0.0	0.0	0.0	0.0	0.0	0.0	0.0	0.0	0.0	0.0	0.0
SRR21723534	184.0	20499.0	7071.0	0.0	201.0	1763.0	9358.0	0.0	79.0	28.0	0.0	0.0	0.0	19.0	0.0	0.0	0.0	16.0	0.0	0.0	0.0	0.0	0.0	0.0	0.0	0.0	0.0	0.0	0.0	0.0	0.0	0.0	0.0	0.0	0.0	0.0	0.0	0.0	0.0	0.0	0.0	0.0	0.0	0.0	0.0	0.0
SRR9612328	3.0	4437.0	835.0	2606.0	337.0	299.0	1113.0	0.0	6938.0	72.0	1287.0	7.0	64.0	0.0	3.0	38.0	80.0	4.0	0.0	2.0	52.0	40.0	0.0	0.0	5.0	0.0	5.0	0.0	0.0	0.0	0.0	0.0	0.0	0.0	6.0	0.0	0.0	0.0	0.0	0.0	0.0	0.0	0.0	0.0	0.0	0.0
SRR9612329	22.0	7657.0	771.0	811.0	496.0	85.0	6722.0	0.0	5892.0	121.0	2775.0	16.0	38.0	0.0	5.0	22.0	625.0	0.0	0.0	2.0	20.0	72.0	0.0	0.0	3.0	3.0	0.0	0.0	0.0	0.0	0.0	0.0	0.0	0.0	0.0	0.0	0.0	0.0	0.0	0.0	0.0	0.0	0.0	0.0	0.0	0.0
SRR9612332	75.0	5366.0	986.0	106.0	368.0	208.0	683.0	0.0	839.0	307.0	2761.0	35.0	34.0	0.0	5.0	35.0	638.0	0.0	0.0	3.0	3.0	0.0	0.0	0.0	0.0	5.0	0.0	0.0	0.0	0.0	0.0	0.0	0.0	0.0	5.0	0.0	0.0	0.0	0.0	0.0	0.0	0.0	0.0	0.0	0.0	0.0
SRR9612333	9.0	6363.0	921.0	1165.0	519.0	348.0	1045.0	0.0	16619.0	140.0	1805.0	18.0	5.0	0.0	0.0	31.0	130.0	14.0	0.0	4.0	34.0	64.0	0.0	0.0	0.0	0.0	0.0	0.0	0.0	0.0	0.0	0.0	0.0	0.0	0.0	0.0	0.0	0.0	0.0	0.0	0.0	0.0	0.0	0.0	0.0	0.0
SRR9612343	17.0	10217.0	356.0	47.0	58.0	401.0	450.0	0.0	13920.0	47.0	1065.0	11.0	17.0	0.0	0.0	19.0	127.0	0.0	0.0	5.0	14.0	9.0	0.0	0.0	0.0	0.0	0.0	0.0	2.0	0.0	0.0	0.0	0.0	0.0	138.0	0.0	0.0	0.0	0.0	0.0	0.0	0.0	0.0	0.0	0.0	0.0
SRR9612344	67.0	2497.0	418.0	0.0	104.0	18.0	8209.0	0.0	774.0	161.0	1075.0	2.0	28.0	0.0	6.0	0.0	597.0	0.0	0.0	13.0	0.0	5.0	0.0	0.0	4.0	3.0	0.0	0.0	0.0	0.0	0.0	0.0	0.0	0.0	0.0	0.0	0.0	0.0	0.0	0.0	0.0	0.0	0.0	0.0	0.0	0.0
SRR9612346	33.0	6195.0	628.0	57.0	358.0	104.0	273.0	0.0	4361.0	130.0	2063.0	9.0	57.0	0.0	7.0	0.0	403.0	4.0	0.0	4.0	11.0	35.0	0.0	0.0	7.0	12.0	0.0	0.0	0.0	0.0	0.0	0.0	0.0	0.0	73.0	0.0	2.0	0.0	0.0	0.0	0.0	0.0	0.0	0.0	0.0	0.0
SRR9612347	0.0	6946.0	408.0	0.0	86.0	10.0	2523.0	0.0	562.0	128.0	1354.0	32.0	29.0	0.0	5.0	0.0	232.0	0.0	0.0	0.0	0.0	9.0	0.0	0.0	0.0	0.0	0.0	0.0	0.0	0.0	0.0	0.0	0.0	0.0	0.0	0.0	0.0	0.0	0.0	0.0	0.0	0.0	0.0	0.0	0.0	0.0
SRR9612348	30.0	7416.0	670.0	32.0	365.0	91.0	262.0	0.0	4567.0	217.0	1719.0	10.0	52.0	0.0	6.0	13.0	349.0	2.0	0.0	29.0	18.0	124.0	0.0	0.0	0.0	0.0	0.0	0.0	0.0	0.0	0.0	0.0	0.0	0.0	0.0	0.0	0.0	0.0	0.0	0.0	0.0	0.0	0.0	0.0	0.0	0.0
SRR9612350	0.0	7875.0	658.0	1191.0	239.0	1450.0	1330.0	0.0	4352.0	109.0	2025.0	9.0	37.0	0.0	0.0	0.0	10.0	19.0	0.0	0.0	17.0	99.0	0.0	5.0	0.0	0.0	0.0	0.0	0.0	0.0	0.0	0.0	0.0	0.0	23142.0	0.0	0.0	0.0	0.0	0.0	0.0	0.0	0.0	0.0	0.0	0.0
SRR9612352	5.0	9365.0	480.0	546.0	544.0	1008.0	3168.0	0.0	9987.0	221.0	2545.0	31.0	63.0	0.0	12.0	66.0	341.0	2.0	0.0	0.0	67.0	44.0	0.0	0.0	8.0	3.0	9.0	0.0	0.0	0.0	0.0	0.0	0.0	0.0	5255.0	0.0	0.0	0.0	0.0	4.0	0.0	0.0	0.0	0.0	0.0	0.0
SRR9612353	37.0	11416.0	526.0	1229.0	498.0	602.0	1908.0	0.0	10757.0	162.0	2455.0	53.0	46.0	0.0	12.0	22.0	172.0	13.0	0.0	3.0	32.0	75.0	0.0	2.0	8.0	18.0	0.0	0.0	6.0	0.0	0.0	0.0	0.0	0.0	875.0	0.0	0.0	0.0	0.0	0.0	0.0	0.0	0.0	0.0	0.0	0.0
SRR9612354	6.0	13778.0	834.0	499.0	516.0	1948.0	2852.0	0.0	8172.0	199.0	2217.0	16.0	25.0	0.0	0.0	9.0	110.0	2.0	0.0	0.0	3.0	24.0	0.0	0.0	0.0	0.0	31.0	0.0	0.0	0.0	0.0	0.0	0.0	0.0	0.0	0.0	0.0	0.0	0.0	0.0	0.0	0.0	0.0	0.0	0.0	0.0
SRR9612355	11.0	9114.0	514.0	1209.0	530.0	538.0	1387.0	0.0	13800.0	129.0	2793.0	12.0	35.0	0.0	0.0	29.0	79.0	32.0	0.0	2.0	36.0	59.0	0.0	0.0	4.0	0.0	0.0	0.0	5.0	0.0	0.0	0.0	0.0	0.0	1279.0	0.0	0.0	0.0	0.0	13.0	0.0	0.0	0.0	0.0	0.0	0.0
SRR9612372	85.0	17567.0	3597.0	305.0	580.0	751.0	2638.0	0.0	14780.0	400.0	2774.0	106.0	547.0	0.0	50.0	70.0	1122.0	0.0	0.0	37.0	23.0	33.0	0.0	0.0	0.0	5.0	2.0	0.0	0.0	0.0	0.0	3.0	0.0	0.0	61.0	0.0	0.0	0.0	0.0	0.0	0.0	0.0	0.0	0.0	0.0	0.0
SRR9612373	54.0	7024.0	1058.0	45.0	528.0	158.0	1913.0	0.0	8526.0	180.0	2404.0	31.0	21.0	0.0	7.0	25.0	326.0	0.0	0.0	0.0	5.0	35.0	0.0	0.0	6.0	6.0	0.0	0.0	0.0	0.0	0.0	0.0	0.0	0.0	30.0	0.0	0.0	0.0	0.0	0.0	0.0	0.0	0.0	0.0	0.0	0.0
SRR9612374	23.0	6922.0	925.0	10.0	301.0	0.0	14985.0	0.0	1752.0	27.0	1873.0	169.0	39.0	0.0	0.0	110.0	293.0	0.0	0.0	0.0	0.0	0.0	0.0	0.0	0.0	0.0	0.0	4.0	0.0	0.0	0.0	0.0	0.0	0.0	0.0	0.0	0.0	0.0	0.0	0.0	0.0	0.0	0.0	0.0	0.0	0.0
SRR9612375	127.0	16526.0	1664.0	1778.0	1415.0	408.0	2361.0	0.0	8921.0	307.0	2571.0	109.0	130.0	0.0	16.0	35.0	281.0	5.0	0.0	22.0	21.0	216.0	0.0	16.0	5.0	11.0	0.0	0.0	0.0	0.0	0.0	0.0	0.0	0.0	193.0	3.0	0.0	0.0	0.0	0.0	0.0	0.0	0.0	0.0	0.0	0.0
SRR9612376	17.0	7984.0	1195.0	1646.0	644.0	1227.0	1356.0	0.0	8625.0	246.0	2134.0	31.0	271.0	0.0	3.0	417.0	1135.0	3.0	0.0	25.0	30.0	72.0	0.0	0.0	0.0	0.0	4.0	0.0	0.0	0.0	0.0	0.0	0.0	0.0	224.0	0.0	0.0	0.0	0.0	0.0	0.0	0.0	0.0	0.0	0.0	0.0
SRR9612377	41.0	7658.0	690.0	51.0	895.0	185.0	3470.0	0.0	3049.0	277.0	2112.0	47.0	96.0	0.0	7.0	37.0	815.0	0.0	0.0	7.0	2.0	30.0	0.0	0.0	8.0	0.0	0.0	0.0	0.0	0.0	0.0	0.0	0.0	0.0	0.0	0.0	0.0	0.0	0.0	0.0	0.0	0.0	0.0	0.0	0.0	0.0
SRR9612378	79.0	7204.0	1525.0	30.0	1061.0	64.0	8768.0	0.0	3967.0	159.0	5802.0	35.0	186.0	0.0	21.0	181.0	639.0	0.0	0.0	0.0	0.0	44.0	0.0	0.0	8.0	0.0	0.0	3.0	0.0	0.0	0.0	0.0	0.0	0.0	0.0	0.0	2.0	0.0	0.0	0.0	0.0	0.0	0.0	0.0	0.0	0.0
SRR9612379	29.0	5808.0	769.0	79.0	387.0	117.0	1170.0	0.0	6595.0	238.0	2882.0	33.0	82.0	0.0	9.0	32.0	670.0	4.0	0.0	0.0	34.0	141.0	0.0	0.0	7.0	3.0	0.0	0.0	0.0	0.0	0.0	0.0	0.0	0.0	4.0	0.0	0.0	0.0	0.0	0.0	0.0	0.0	0.0	0.0	0.0	0.0
SRR9612381	27.0	9341.0	976.0	532.0	448.0	205.0	1351.0	0.0	7136.0	274.0	2482.0	19.0	95.0	0.0	2.0	40.0	455.0	4.0	0.0	2.0	6.0	86.0	0.0	7.0	3.0	9.0	2.0	0.0	0.0	0.0	0.0	0.0	0.0	0.0	0.0	0.0	0.0	0.0	6.0	0.0	0.0	0.0	0.0	0.0	0.0	0.0
SRR9612384	57.0	18444.0	1115.0	368.0	829.0	3048.0	799.0	0.0	19271.0	912.0	3207.0	20.0	108.0	2.0	5.0	24.0	113.0	17.0	0.0	126.0	11.0	45.0	0.0	7.0	27.0	11.0	0.0	0.0	0.0	0.0	0.0	0.0	0.0	0.0	155.0	0.0	0.0	0.0	0.0	0.0	0.0	0.0	0.0	0.0	0.0	0.0
SRR9612385	67.0	5906.0	1527.0	60.0	1549.0	67.0	8256.0	0.0	4749.0	629.0	7533.0	28.0	155.0	0.0	0.0	121.0	1141.0	0.0	0.0	10.0	19.0	74.0	0.0	0.0	0.0	10.0	0.0	0.0	0.0	0.0	0.0	0.0	0.0	0.0	17.0	0.0	0.0	0.0	0.0	2.0	0.0	0.0	0.0	0.0	0.0	0.0
SRR9612389	33.0	6886.0	509.0	223.0	537.0	211.0	1767.0	0.0	17212.0	110.0	1604.0	4.0	56.0	0.0	12.0	6.0	287.0	35.0	0.0	0.0	2.0	19.0	0.0	0.0	4.0	6.0	0.0	0.0	0.0	0.0	0.0	0.0	0.0	0.0	5.0	0.0	0.0	0.0	0.0	0.0	0.0	0.0	0.0	0.0	0.0	0.0
SRR9612394	30.0	6925.0	1046.0	137.0	354.0	23.0	665.0	0.0	1416.0	265.0	1823.0	61.0	89.0	0.0	0.0	41.0	1627.0	5.0	0.0	14.0	18.0	61.0	0.0	0.0	0.0	0.0	3.0	0.0	0.0	0.0	0.0	0.0	0.0	0.0	0.0	0.0	0.0	0.0	0.0	0.0	0.0	0.0	0.0	0.0	0.0	0.0
SRR9612395	31.0	4283.0	280.0	137.0	327.0	35.0	745.0	0.0	4028.0	244.0	996.0	14.0	35.0	0.0	6.0	76.0	338.0	11.0	0.0	3.0	4.0	16.0	0.0	0.0	0.0	0.0	0.0	0.0	0.0	0.0	0.0	0.0	0.0	0.0	8.0	0.0	0.0	0.0	0.0	0.0	0.0	0.0	0.0	0.0	0.0	0.0
SRR9612396	10.0	2707.0	414.0	409.0	147.0	231.0	1341.0	0.0	11066.0	66.0	750.0	6.0	16.0	0.0	0.0	2.0	69.0	3.0	0.0	0.0	6.0	19.0	0.0	0.0	4.0	0.0	0.0	0.0	0.0	0.0	0.0	0.0	0.0	0.0	13.0	0.0	0.0	0.0	0.0	0.0	0.0	0.0	0.0	0.0	0.0	0.0
SRR9612397	3.0	4041.0	575.0	104.0	225.0	13343.0	1708.0	0.0	4126.0	145.0	1598.0	0.0	70.0	0.0	7.0	27.0	778.0	2.0	0.0	0.0	7.0	41.0	0.0	0.0	0.0	0.0	4.0	0.0	0.0	0.0	0.0	0.0	0.0	0.0	4915.0	0.0	0.0	0.0	0.0	0.0	0.0	0.0	0.0	0.0	0.0	0.0
SRR9612401	43.0	5198.0	1657.0	0.0	180.0	4.0	1218.0	0.0	1788.0	181.0	2088.0	142.0	29.0	0.0	8.0	7.0	392.0	0.0	0.0	12.0	5.0	2.0	0.0	0.0	0.0	0.0	0.0	0.0	0.0	0.0	0.0	0.0	0.0	0.0	0.0	0.0	2.0	0.0	0.0	0.0	0.0	0.0	0.0	0.0	0.0	0.0
SRR9612406	0.0	12588.0	1463.0	542.0	218.0	1281.0	2516.0	0.0	3483.0	209.0	1035.0	113.0	71.0	0.0	3.0	135.0	277.0	5.0	0.0	0.0	14.0	63.0	0.0	0.0	0.0	5.0	8.0	0.0	0.0	0.0	0.0	0.0	0.0	0.0	0.0	0.0	0.0	0.0	0.0	0.0	0.0	0.0	0.0	0.0	0.0	0.0
SRR9612407	21.0	9422.0	748.0	998.0	389.0	288.0	1854.0	0.0	13211.0	30.0	2046.0	26.0	23.0	0.0	3.0	82.0	51.0	12.0	0.0	0.0	55.0	50.0	0.0	0.0	0.0	0.0	10.0	0.0	0.0	0.0	0.0	0.0	0.0	0.0	8.0	0.0	0.0	0.0	0.0	5.0	0.0	0.0	0.0	0.0	0.0	0.0
SRR9612408	28.0	18178.0	767.0	25.0	314.0	28.0	540.0	0.0	1170.0	360.0	2789.0	29.0	36.0	0.0	3.0	4.0	462.0	3.0	0.0	2.0	12.0	60.0	0.0	0.0	0.0	0.0	0.0	0.0	0.0	0.0	0.0	0.0	0.0	0.0	0.0	0.0	0.0	0.0	0.0	0.0	0.0	0.0	0.0	0.0	0.0	0.0
SRR9612410	12.0	13899.0	683.0	3397.0	853.0	1786.0	2166.0	0.0	7677.0	232.0	3355.0	31.0	57.0	0.0	2.0	98.0	428.0	15.0	0.0	12.0	124.0	155.0	0.0	0.0	5.0	11.0	20.0	0.0	0.0	0.0	0.0	0.0	0.0	0.0	318.0	0.0	0.0	0.0	0.0	0.0	0.0	0.0	0.0	0.0	0.0	0.0
SRR9612411	81.0	11821.0	1100.0	7.0	320.0	9.0	1967.0	0.0	1269.0	273.0	2621.0	64.0	32.0	0.0	15.0	9.0	1062.0	4.0	0.0	4.0	2.0	0.0	0.0	0.0	0.0	2.0	0.0	0.0	0.0	0.0	0.0	0.0	0.0	0.0	0.0	0.0	2.0	0.0	0.0	0.0	0.0	0.0	0.0	0.0	0.0	0.0
SRR9612412	16.0	7782.0	777.0	53.0	273.0	868.0	814.0	0.0	1466.0	110.0	630.0	3.0	29.0	0.0	0.0	33.0	286.0	0.0	0.0	4.0	3.0	33.0	0.0	0.0	0.0	0.0	0.0	0.0	0.0	0.0	0.0	0.0	0.0	0.0	0.0	0.0	0.0	0.0	0.0	0.0	0.0	0.0	0.0	0.0	0.0	0.0
SRR9612415	15.0	4042.0	912.0	126.0	522.0	535.0	1234.0	0.0	5706.0	179.0	2046.0	0.0	53.0	0.0	0.0	3.0	310.0	5.0	0.0	0.0	3.0	35.0	0.0	0.0	0.0	0.0	4.0	0.0	0.0	0.0	0.0	0.0	0.0	0.0	0.0	0.0	0.0	0.0	0.0	0.0	0.0	0.0	0.0	0.0	0.0	0.0
SRR9612421	10.0	11001.0	2405.0	746.0	1450.0	1110.0	5302.0	0.0	14600.0	305.0	2169.0	37.0	237.0	0.0	23.0	61.0	1313.0	8.0	0.0	23.0	18.0	107.0	0.0	0.0	3.0	0.0	0.0	0.0	0.0	0.0	0.0	0.0	0.0	0.0	933.0	0.0	0.0	0.0	0.0	0.0	0.0	0.0	0.0	0.0	0.0	0.0
SRR9612426	72.0	7096.0	851.0	126.0	693.0	124.0	694.0	0.0	1065.0	602.0	4964.0	6.0	58.0	0.0	14.0	27.0	1179.0	0.0	0.0	9.0	0.0	15.0	0.0	0.0	0.0	7.0	0.0	5.0	0.0	0.0	0.0	0.0	0.0	0.0	8.0	0.0	0.0	0.0	0.0	0.0	0.0	0.0	0.0	0.0	0.0	0.0
SRR9612428	26.0	15874.0	1183.0	185.0	425.0	3713.0	961.0	0.0	2332.0	115.0	397.0	5.0	9.0	0.0	0.0	13.0	0.0	0.0	0.0	8.0	0.0	5.0	2.0	0.0	0.0	0.0	0.0	0.0	0.0	0.0	0.0	0.0	0.0	0.0	432.0	0.0	0.0	0.0	0.0	0.0	0.0	0.0	0.0	0.0	0.0	0.0
SRR9612429	15.0	7821.0	492.0	6.0	141.0	2.0	289.0	0.0	869.0	109.0	768.0	67.0	14.0	0.0	0.0	23.0	233.0	0.0	0.0	2.0	0.0	18.0	0.0	0.0	0.0	0.0	0.0	0.0	0.0	0.0	0.0	0.0	0.0	0.0	0.0	0.0	0.0	0.0	0.0	0.0	0.0	0.0	0.0	0.0	0.0	0.0
SRR9612440	4.0	2951.0	261.0	17.0	190.0	614.0	868.0	0.0	7461.0	40.0	443.0	51.0	0.0	0.0	2.0	0.0	86.0	0.0	0.0	15.0	0.0	29.0	0.0	0.0	0.0	2.0	8.0	0.0	0.0	0.0	0.0	0.0	0.0	0.0	0.0	0.0	0.0	0.0	0.0	0.0	0.0	0.0	0.0	0.0	0.0	0.0
SRR9612444	0.0	1569.0	161.0	23.0	181.0	556.0	940.0	0.0	6491.0	75.0	401.0	45.0	7.0	0.0	5.0	0.0	37.0	3.0	0.0	14.0	0.0	0.0	0.0	0.0	0.0	0.0	0.0	0.0	0.0	0.0	0.0	0.0	0.0	0.0	0.0	0.0	0.0	0.0	0.0	0.0	0.0	0.0	0.0	0.0	0.0	0.0
SRR9612449	29.0	5673.0	958.0	0.0	81.0	0.0	414.0	0.0	678.0	255.0	3494.0	8.0	16.0	0.0	2.0	0.0	1313.0	0.0	0.0	5.0	0.0	0.0	0.0	0.0	4.0	0.0	0.0	0.0	0.0	0.0	0.0	0.0	0.0	0.0	0.0	0.0	0.0	0.0	0.0	0.0	0.0	0.0	0.0	0.0	0.0	0.0
SRR9612450	29.0	14205.0	759.0	9.0	149.0	44.0	1527.0	0.0	596.0	130.0	1519.0	4.0	27.0	0.0	6.0	0.0	273.0	0.0	0.0	80.0	0.0	0.0	0.0	0.0	0.0	5.0	0.0	0.0	0.0	0.0	0.0	0.0	0.0	0.0	0.0	0.0	0.0	0.0	0.0	0.0	0.0	0.0	0.0	0.0	0.0	0.0
SRR9612455	53.0	7808.0	914.0	18.0	455.0	11.0	527.0	0.0	1527.0	672.0	4365.0	29.0	85.0	0.0	5.0	39.0	2151.0	0.0	0.0	3.0	2.0	0.0	0.0	3.0	9.0	4.0	0.0	0.0	0.0	0.0	0.0	0.0	0.0	0.0	0.0	0.0	0.0	2.0	0.0	0.0	0.0	0.0	0.0	0.0	0.0	0.0
SRR9612456	32.0	22938.0	2376.0	30.0	248.0	21.0	456.0	0.0	962.0	190.0	2229.0	52.0	56.0	0.0	9.0	13.0	550.0	0.0	0.0	0.0	15.0	0.0	3.0	0.0	0.0	0.0	0.0	0.0	0.0	0.0	0.0	0.0	0.0	0.0	0.0	0.0	0.0	0.0	0.0	0.0	0.0	0.0	0.0	0.0	0.0	0.0
SRR9612462	23.0	5770.0	525.0	0.0	27.0	4.0	1411.0	0.0	906.0	183.0	1940.0	32.0	25.0	0.0	2.0	2.0	89.0	0.0	0.0	0.0	0.0	2.0	0.0	0.0	0.0	0.0	0.0	0.0	0.0	0.0	0.0	0.0	0.0	0.0	8.0	0.0	0.0	0.0	0.0	0.0	0.0	0.0	0.0	0.0	0.0	0.0
SRR9612470	4.0	5677.0	1027.0	215.0	638.0	234.0	2863.0	0.0	4146.0	168.0	1493.0	28.0	32.0	0.0	7.0	54.0	584.0	0.0	0.0	7.0	6.0	45.0	0.0	0.0	9.0	13.0	0.0	0.0	0.0	0.0	0.0	0.0	0.0	0.0	19.0	0.0	0.0	0.0	0.0	0.0	0.0	0.0	0.0	0.0	0.0	0.0
SRR9612471	10.0	4701.0	480.0	820.0	552.0	184.0	816.0	0.0	9121.0	244.0	2431.0	40.0	18.0	0.0	5.0	0.0	475.0	22.0	0.0	0.0	13.0	42.0	0.0	0.0	0.0	0.0	0.0	0.0	0.0	0.0	0.0	0.0	0.0	0.0	5.0	0.0	0.0	0.0	0.0	0.0	0.0	0.0	0.0	0.0	0.0	0.0
SRR9612472	24.0	7251.0	1345.0	15.0	385.0	18.0	1416.0	0.0	1947.0	150.0	1803.0	82.0	48.0	0.0	0.0	34.0	1066.0	0.0	0.0	6.0	0.0	25.0	0.0	0.0	0.0	4.0	0.0	2.0	0.0	0.0	0.0	0.0	0.0	0.0	0.0	0.0	0.0	0.0	0.0	0.0	0.0	0.0	0.0	0.0	0.0	0.0
SRR9612473	22.0	7121.0	448.0	276.0	366.0	159.0	1841.0	0.0	5690.0	130.0	1184.0	14.0	41.0	0.0	2.0	21.0	261.0	0.0	0.0	0.0	3.0	25.0	0.0	0.0	7.0	15.0	0.0	0.0	0.0	0.0	0.0	0.0	0.0	0.0	98.0	0.0	0.0	0.0	0.0	0.0	0.0	0.0	0.0	0.0	0.0	0.0
SRR9612474	12.0	9471.0	909.0	497.0	288.0	8565.0	880.0	0.0	3586.0	320.0	806.0	13.0	20.0	0.0	5.0	5.0	115.0	0.0	0.0	9.0	15.0	19.0	0.0	0.0	5.0	0.0	0.0	0.0	0.0	0.0	0.0	0.0	0.0	0.0	2207.0	0.0	0.0	0.0	0.0	0.0	0.0	0.0	0.0	0.0	0.0	0.0
SRR9612475	12.0	2843.0	550.0	462.0	311.0	100.0	2007.0	0.0	5332.0	146.0	1674.0	14.0	31.0	0.0	0.0	35.0	856.0	0.0	0.0	0.0	8.0	32.0	0.0	3.0	0.0	5.0	0.0	3.0	0.0	0.0	0.0	0.0	0.0	0.0	10.0	0.0	0.0	0.0	0.0	0.0	0.0	0.0	0.0	0.0	0.0	0.0
SRR9612476	49.0	3229.0	659.0	468.0	273.0	129.0	729.0	0.0	12383.0	114.0	2459.0	19.0	43.0	0.0	8.0	8.0	125.0	23.0	0.0	0.0	4.0	32.0	0.0	0.0	0.0	2.0	0.0	0.0	0.0	0.0	0.0	0.0	0.0	0.0	4.0	0.0	0.0	3.0	0.0	0.0	0.0	0.0	0.0	0.0	0.0	0.0
SRR9612480	35.0	6691.0	858.0	767.0	349.0	288.0	2292.0	0.0	11250.0	176.0	2648.0	23.0	187.0	0.0	4.0	163.0	501.0	12.0	2.0	7.0	19.0	38.0	0.0	0.0	0.0	8.0	0.0	0.0	0.0	0.0	0.0	0.0	0.0	0.0	0.0	0.0	35.0	0.0	0.0	0.0	0.0	0.0	0.0	0.0	0.0	0.0
SRR9612487	34.0	22179.0	1036.0	263.0	651.0	225.0	1578.0	0.0	4096.0	496.0	5025.0	31.0	64.0	0.0	5.0	9.0	573.0	2.0	0.0	14.0	18.0	289.0	0.0	3.0	0.0	0.0	0.0	2.0	0.0	0.0	0.0	0.0	0.0	0.0	7.0	0.0	0.0	2.0	0.0	0.0	0.0	0.0	0.0	0.0	0.0	0.0
SRR9612490	45.0	5474.0	762.0	14.0	556.0	18.0	780.0	0.0	1721.0	298.0	4458.0	13.0	70.0	0.0	25.0	0.0	4304.0	3.0	0.0	0.0	0.0	0.0	0.0	0.0	0.0	4.0	0.0	0.0	0.0	0.0	0.0	0.0	0.0	0.0	0.0	0.0	0.0	0.0	0.0	0.0	0.0	0.0	0.0	0.0	0.0	0.0
SRR9612491	68.0	4400.0	427.0	25.0	229.0	2576.0	3870.0	0.0	1195.0	80.0	1168.0	0.0	19.0	0.0	4.0	0.0	418.0	0.0	0.0	18.0	17.0	5.0	0.0	0.0	5.0	4.0	0.0	5.0	0.0	0.0	0.0	0.0	0.0	0.0	0.0	0.0	0.0	0.0	0.0	0.0	0.0	0.0	0.0	0.0	0.0	0.0
SRR9612500	37.0	1183.0	221.0	42.0	344.0	136.0	272.0	0.0	14087.0	68.0	548.0	20.0	37.0	0.0	7.0	7.0	48.0	4.0	0.0	11.0	0.0	5.0	0.0	0.0	0.0	2.0	0.0	0.0	0.0	0.0	0.0	0.0	0.0	0.0	12.0	0.0	3.0	0.0	0.0	0.0	0.0	0.0	0.0	0.0	0.0	0.0
SRR9612501	0.0	1048.0	260.0	50.0	290.0	150.0	143.0	0.0	17874.0	68.0	673.0	39.0	7.0	0.0	0.0	0.0	18.0	4.0	0.0	0.0	12.0	21.0	0.0	0.0	0.0	0.0	13.0	0.0	0.0	0.0	0.0	0.0	0.0	0.0	0.0	0.0	3.0	0.0	0.0	0.0	0.0	0.0	0.0	0.0	0.0	0.0
SRR9612505	19.0	643.0	102.0	0.0	84.0	15.0	10729.0	0.0	905.0	28.0	648.0	37.0	12.0	0.0	0.0	0.0	47.0	0.0	0.0	0.0	0.0	0.0	0.0	0.0	0.0	0.0	0.0	0.0	0.0	0.0	0.0	0.0	0.0	0.0	0.0	0.0	0.0	0.0	0.0	0.0	0.0	0.0	0.0	0.0	0.0	0.0
SRR9612506	0.0	1579.0	520.0	61.0	610.0	719.0	1035.0	0.0	14065.0	157.0	1705.0	33.0	41.0	0.0	33.0	19.0	73.0	0.0	0.0	7.0	0.0	68.0	0.0	0.0	0.0	0.0	0.0	15.0	0.0	0.0	0.0	2.0	0.0	0.0	0.0	0.0	3.0	0.0	0.0	28.0	0.0	0.0	0.0	0.0	0.0	0.0
SRR9612508	74.0	912.0	198.0	0.0	222.0	74.0	9069.0	0.0	1051.0	47.0	646.0	0.0	44.0	0.0	0.0	0.0	41.0	0.0	0.0	0.0	0.0	0.0	0.0	0.0	0.0	0.0	0.0	0.0	0.0	0.0	0.0	0.0	0.0	0.0	0.0	0.0	0.0	0.0	0.0	0.0	0.0	0.0	0.0	0.0	0.0	0.0
SRR9612509	36.0	1805.0	123.0	4.0	174.0	11.0	12585.0	0.0	1424.0	54.0	1784.0	14.0	0.0	0.0	2.0	0.0	139.0	0.0	0.0	0.0	5.0	0.0	0.0	0.0	0.0	0.0	0.0	0.0	2.0	0.0	0.0	0.0	0.0	0.0	0.0	0.0	0.0	0.0	0.0	0.0	0.0	0.0	0.0	0.0	0.0	0.0
SRR9612519	4.0	6895.0	506.0	22.0	60.0	140.0	445.0	0.0	1097.0	64.0	1062.0	135.0	6.0	0.0	0.0	8.0	243.0	0.0	0.0	4.0	0.0	7.0	0.0	3.0	0.0	0.0	0.0	0.0	0.0	0.0	0.0	0.0	0.0	0.0	0.0	0.0	0.0	0.0	0.0	0.0	0.0	0.0	0.0	0.0	0.0	0.0
SRR9612523	25.0	5283.0	1143.0	142.0	268.0	148.0	1278.0	0.0	3531.0	143.0	2317.0	16.0	10.0	0.0	6.0	9.0	253.0	3.0	0.0	4.0	0.0	66.0	0.0	0.0	0.0	0.0	0.0	0.0	0.0	0.0	0.0	0.0	0.0	0.0	0.0	0.0	0.0	2.0	0.0	0.0	0.0	0.0	0.0	0.0	0.0	0.0
SRR9612524	0.0	9914.0	840.0	824.0	796.0	1882.0	509.0	0.0	1177.0	227.0	1097.0	7.0	24.0	0.0	2.0	0.0	375.0	0.0	0.0	7.0	6.0	41.0	0.0	0.0	2.0	0.0	0.0	0.0	0.0	0.0	0.0	0.0	0.0	0.0	13.0	0.0	0.0	0.0	0.0	0.0	0.0	0.0	0.0	0.0	0.0	0.0
SRR9612525	74.0	4682.0	1193.0	17.0	305.0	172.0	2778.0	0.0	2424.0	333.0	3135.0	33.0	64.0	0.0	16.0	31.0	1115.0	0.0	0.0	19.0	6.0	0.0	0.0	0.0	0.0	0.0	0.0	0.0	0.0	0.0	0.0	0.0	0.0	0.0	0.0	0.0	0.0	0.0	0.0	0.0	0.0	0.0	0.0	0.0	0.0	0.0
SRR9612526	32.0	9667.0	706.0	1019.0	253.0	71.0	2265.0	0.0	3116.0	122.0	1042.0	140.0	46.0	0.0	10.0	39.0	436.0	7.0	0.0	0.0	3.0	29.0	0.0	0.0	7.0	3.0	0.0	0.0	0.0	0.0	0.0	0.0	0.0	0.0	8.0	0.0	0.0	0.0	0.0	0.0	0.0	0.0	0.0	0.0	0.0	0.0
SRR9612527	56.0	17399.0	1400.0	36.0	660.0	56.0	2605.0	0.0	754.0	1213.0	2231.0	25.0	72.0	0.0	10.0	12.0	299.0	0.0	0.0	0.0	0.0	27.0	0.0	0.0	2.0	3.0	0.0	0.0	0.0	0.0	0.0	0.0	0.0	0.0	0.0	0.0	0.0	0.0	0.0	0.0	0.0	0.0	0.0	0.0	0.0	0.0
SRR9612528	0.0	3537.0	364.0	291.0	324.0	85.0	366.0	0.0	4553.0	128.0	1649.0	12.0	31.0	0.0	2.0	20.0	170.0	0.0	0.0	0.0	28.0	29.0	0.0	0.0	5.0	2.0	0.0	0.0	0.0	0.0	0.0	0.0	0.0	0.0	0.0	0.0	0.0	0.0	0.0	0.0	0.0	0.0	0.0	0.0	0.0	0.0
SRR9612544	43.0	12258.0	3276.0	61.0	1245.0	12.0	15522.0	0.0	1858.0	398.0	4171.0	38.0	298.0	0.0	21.0	90.0	869.0	0.0	0.0	6.0	2.0	36.0	0.0	0.0	0.0	6.0	0.0	0.0	0.0	0.0	0.0	0.0	0.0	3.0	5.0	0.0	0.0	0.0	0.0	0.0	0.0	0.0	0.0	0.0	0.0	0.0
SRR9612546	47.0	4731.0	601.0	1144.0	763.0	173.0	1641.0	0.0	6505.0	348.0	4493.0	30.0	96.0	0.0	7.0	14.0	379.0	0.0	0.0	9.0	19.0	33.0	0.0	0.0	14.0	6.0	3.0	0.0	0.0	0.0	2.0	0.0	0.0	0.0	2.0	0.0	0.0	0.0	0.0	0.0	0.0	0.0	0.0	0.0	0.0	0.0
SRR9612547	15.0	6374.0	452.0	0.0	263.0	3.0	3506.0	0.0	1465.0	170.0	1723.0	61.0	88.0	0.0	3.0	56.0	891.0	0.0	0.0	0.0	8.0	2.0	0.0	0.0	0.0	5.0	0.0	0.0	0.0	0.0	0.0	0.0	0.0	0.0	0.0	0.0	0.0	0.0	0.0	0.0	0.0	0.0	0.0	0.0	0.0	0.0
SRR9612549	43.0	4692.0	1874.0	32.0	598.0	134.0	2226.0	0.0	3517.0	219.0	2670.0	65.0	144.0	0.0	10.0	406.0	681.0	0.0	0.0	14.0	11.0	50.0	0.0	0.0	0.0	6.0	0.0	0.0	0.0	0.0	0.0	0.0	0.0	0.0	14.0	0.0	0.0	0.0	0.0	0.0	0.0	0.0	0.0	0.0	0.0	0.0
SRR9612557	33.0	5707.0	679.0	13.0	1163.0	0.0	2295.0	0.0	1777.0	93.0	2123.0	49.0	62.0	0.0	15.0	108.0	1203.0	0.0	0.0	0.0	5.0	31.0	0.0	0.0	0.0	2.0	0.0	0.0	0.0	0.0	0.0	0.0	0.0	4.0	0.0	0.0	2.0	0.0	0.0	0.0	0.0	0.0	0.0	0.0	0.0	0.0
SRR9612562	12.0	6269.0	220.0	47.0	238.0	285.0	511.0	0.0	1161.0	87.0	980.0	23.0	30.0	0.0	0.0	6.0	841.0	0.0	0.0	0.0	0.0	5.0	0.0	0.0	4.0	0.0	0.0	10.0	0.0	0.0	0.0	0.0	0.0	0.0	33.0	0.0	0.0	0.0	0.0	0.0	0.0	0.0	0.0	0.0	0.0	0.0
SRR9612563	9.0	3841.0	675.0	203.0	278.0	4304.0	796.0	0.0	2888.0	71.0	375.0	0.0	18.0	0.0	7.0	0.0	170.0	0.0	0.0	0.0	0.0	44.0	0.0	0.0	0.0	0.0	0.0	0.0	0.0	0.0	0.0	0.0	0.0	0.0	113.0	0.0	0.0	0.0	0.0	0.0	0.0	0.0	0.0	0.0	0.0	0.0
SRR9612564	9.0	20442.0	833.0	14.0	213.0	5.0	10029.0	0.0	801.0	53.0	1046.0	52.0	25.0	0.0	2.0	0.0	667.0	0.0	0.0	6.0	0.0	0.0	0.0	0.0	0.0	0.0	0.0	0.0	0.0	0.0	0.0	0.0	0.0	0.0	0.0	0.0	0.0	0.0	0.0	0.0	0.0	0.0	0.0	0.0	0.0	0.0
SRR9612565	4.0	26270.0	1736.0	428.0	4056.0	859.0	3749.0	0.0	2328.0	37.0	697.0	0.0	12.0	0.0	0.0	9.0	26.0	0.0	0.0	0.0	0.0	25.0	0.0	0.0	0.0	0.0	0.0	0.0	0.0	0.0	0.0	0.0	0.0	0.0	205.0	0.0	0.0	0.0	0.0	0.0	0.0	0.0	0.0	0.0	0.0	0.0
SRR9612570	24.0	4437.0	774.0	0.0	164.0	103.0	457.0	0.0	2041.0	157.0	1827.0	0.0	13.0	0.0	0.0	0.0	789.0	0.0	0.0	3.0	0.0	21.0	0.0	0.0	0.0	5.0	0.0	0.0	0.0	0.0	0.0	0.0	0.0	0.0	0.0	0.0	0.0	0.0	0.0	0.0	0.0	0.0	0.0	0.0	0.0	0.0
SRR9612571	15.0	13745.0	469.0	0.0	286.0	0.0	783.0	0.0	513.0	78.0	1364.0	337.0	42.0	0.0	26.0	4.0	651.0	0.0	0.0	0.0	79.0	15.0	0.0	0.0	0.0	3.0	0.0	0.0	0.0	0.0	0.0	0.0	0.0	0.0	0.0	0.0	0.0	0.0	0.0	0.0	0.0	0.0	0.0	0.0	0.0	0.0
SRR9612572	24.0	9916.0	4165.0	99.0	484.0	3899.0	219.0	0.0	5078.0	210.0	1403.0	3.0	21.0	0.0	0.0	9.0	356.0	0.0	0.0	11.0	3.0	162.0	0.0	0.0	0.0	3.0	0.0	0.0	0.0	0.0	0.0	0.0	0.0	0.0	241.0	0.0	0.0	0.0	0.0	0.0	0.0	0.0	0.0	0.0	0.0	0.0
SRR9612575	8.0	10141.0	553.0	1195.0	905.0	3152.0	1579.0	0.0	7072.0	507.0	1781.0	26.0	245.0	0.0	9.0	23.0	73.0	8.0	0.0	8.0	138.0	16.0	0.0	46.0	3.0	2.0	0.0	3.0	3.0	0.0	0.0	4.0	0.0	0.0	30.0	0.0	0.0	0.0	0.0	334.0	0.0	0.0	0.0	0.0	0.0	0.0
SRR9612576	27.0	9191.0	994.0	1762.0	494.0	1371.0	4124.0	0.0	7323.0	114.0	2389.0	0.0	43.0	0.0	13.0	59.0	214.0	0.0	0.0	7.0	17.0	49.0	0.0	6.0	0.0	0.0	6.0	0.0	0.0	0.0	0.0	5.0	0.0	0.0	0.0	0.0	2.0	0.0	0.0	0.0	0.0	0.0	0.0	0.0	0.0	0.0
SRR9612582	68.0	8994.0	2067.0	410.0	251.0	3023.0	2149.0	0.0	2513.0	116.0	1899.0	7.0	60.0	0.0	12.0	54.0	218.0	5.0	0.0	8.0	8.0	8.0	0.0	3.0	7.0	4.0	4.0	102.0	0.0	0.0	0.0	0.0	0.0	0.0	0.0	0.0	0.0	0.0	0.0	0.0	0.0	0.0	0.0	0.0	0.0	0.0
SRR9612583	4.0	12923.0	1457.0	784.0	605.0	1004.0	1249.0	0.0	2148.0	342.0	1048.0	17.0	67.0	0.0	12.0	74.0	142.0	0.0	0.0	7.0	6.0	20.0	0.0	4.0	0.0	3.0	0.0	0.0	0.0	0.0	0.0	0.0	0.0	0.0	43.0	0.0	0.0	0.0	4.0	10.0	0.0	0.0	0.0	0.0	0.0	0.0
SRR9612584	6.0	5877.0	785.0	1906.0	224.0	145.0	2113.0	0.0	12407.0	92.0	1753.0	25.0	3.0	0.0	0.0	19.0	61.0	15.0	0.0	3.0	36.0	33.0	0.0	0.0	0.0	0.0	0.0	0.0	0.0	0.0	0.0	0.0	0.0	0.0	7.0	0.0	0.0	0.0	0.0	0.0	0.0	0.0	0.0	0.0	0.0	0.0
SRR9612585	13.0	5342.0	806.0	1042.0	211.0	95.0	1988.0	0.0	7032.0	37.0	1080.0	54.0	39.0	0.0	0.0	126.0	92.0	19.0	0.0	0.0	8.0	44.0	0.0	0.0	10.0	3.0	2.0	0.0	0.0	0.0	0.0	0.0	0.0	0.0	8.0	0.0	0.0	0.0	0.0	0.0	0.0	0.0	0.0	0.0	0.0	0.0
SRR9612586	16.0	12182.0	940.0	131.0	579.0	548.0	3369.0	0.0	2096.0	352.0	1454.0	81.0	309.0	0.0	18.0	364.0	293.0	0.0	0.0	322.0	18.0	7.0	0.0	0.0	0.0	0.0	0.0	0.0	0.0	0.0	0.0	0.0	0.0	0.0	35.0	0.0	0.0	0.0	0.0	0.0	0.0	0.0	0.0	0.0	0.0	0.0
SRR9612587	25.0	6123.0	699.0	459.0	276.0	797.0	1361.0	0.0	6828.0	384.0	2659.0	16.0	40.0	0.0	0.0	4.0	109.0	0.0	0.0	0.0	29.0	60.0	0.0	0.0	0.0	3.0	0.0	0.0	0.0	0.0	0.0	0.0	0.0	0.0	29.0	0.0	0.0	0.0	0.0	0.0	0.0	0.0	0.0	0.0	0.0	0.0
SRR9612599	18.0	13782.0	423.0	7.0	111.0	12.0	4648.0	0.0	1184.0	95.0	1218.0	46.0	21.0	0.0	3.0	9.0	389.0	0.0	0.0	31.0	0.0	9.0	0.0	0.0	2.0	0.0	0.0	0.0	0.0	0.0	0.0	0.0	0.0	0.0	0.0	0.0	0.0	0.0	0.0	0.0	0.0	0.0	0.0	0.0	0.0	0.0
SRR9612606	29.0	7185.0	500.0	152.0	525.0	852.0	486.0	0.0	1179.0	234.0	2748.0	23.0	89.0	3.0	17.0	125.0	462.0	0.0	0.0	110.0	15.0	118.0	0.0	0.0	0.0	0.0	0.0	3.0	0.0	0.0	0.0	0.0	0.0	0.0	0.0	0.0	0.0	0.0	0.0	0.0	0.0	0.0	0.0	0.0	0.0	0.0
SRR9612607	42.0	9706.0	253.0	0.0	222.0	11.0	363.0	0.0	720.0	71.0	1357.0	43.0	46.0	0.0	0.0	0.0	465.0	0.0	0.0	0.0	0.0	8.0	0.0	0.0	0.0	0.0	0.0	0.0	0.0	0.0	0.0	0.0	0.0	0.0	0.0	0.0	0.0	0.0	0.0	0.0	0.0	0.0	0.0	0.0	0.0	0.0
SRR9612609	24.0	8859.0	477.0	46.0	328.0	31.0	5808.0	0.0	511.0	172.0	1086.0	9.0	66.0	0.0	16.0	20.0	1740.0	0.0	0.0	3.0	0.0	0.0	0.0	0.0	0.0	0.0	0.0	0.0	0.0	0.0	0.0	0.0	0.0	0.0	0.0	0.0	0.0	0.0	0.0	0.0	0.0	0.0	0.0	0.0	0.0	0.0
SRR9612636	21.0	13553.0	2506.0	22.0	285.0	46.0	974.0	0.0	3334.0	364.0	1278.0	172.0	97.0	0.0	20.0	220.0	758.0	0.0	0.0	5.0	3.0	28.0	0.0	0.0	0.0	9.0	0.0	0.0	0.0	0.0	0.0	0.0	0.0	0.0	5.0	0.0	0.0	0.0	0.0	0.0	0.0	0.0	0.0	0.0	0.0	0.0
SRR9612637	27.0	8585.0	683.0	70.0	294.0	252.0	7646.0	0.0	1489.0	120.0	2569.0	58.0	57.0	3.0	10.0	0.0	494.0	0.0	0.0	12.0	24.0	0.0	0.0	0.0	0.0	0.0	0.0	0.0	0.0	0.0	0.0	0.0	0.0	0.0	0.0	0.0	0.0	0.0	0.0	0.0	0.0	0.0	0.0	0.0	0.0	0.0
SRR9612638	33.0	6275.0	477.0	589.0	282.0	176.0	3233.0	0.0	3177.0	93.0	1769.0	30.0	144.0	0.0	5.0	204.0	613.0	3.0	0.0	9.0	3.0	28.0	0.0	0.0	5.0	0.0	12.0	0.0	0.0	0.0	0.0	0.0	0.0	0.0	0.0	0.0	0.0	0.0	0.0	0.0	0.0	0.0	0.0	0.0	0.0	0.0
SRR9612640	48.0	18023.0	1567.0	415.0	1001.0	197.0	3787.0	0.0	2594.0	356.0	3008.0	44.0	492.0	0.0	17.0	105.0	527.0	0.0	0.0	30.0	16.0	14.0	0.0	0.0	0.0	5.0	0.0	0.0	0.0	0.0	0.0	0.0	0.0	0.0	4.0	0.0	0.0	0.0	0.0	0.0	0.0	0.0	0.0	0.0	0.0	0.0
SRR9612641	15.0	10897.0	884.0	638.0	763.0	680.0	1123.0	0.0	9752.0	123.0	1180.0	7.0	47.0	0.0	6.0	22.0	122.0	3.0	0.0	0.0	38.0	49.0	0.0	0.0	7.0	0.0	0.0	0.0	2.0	0.0	0.0	0.0	0.0	0.0	0.0	0.0	0.0	0.0	0.0	0.0	0.0	0.0	0.0	0.0	0.0	0.0
SRR9612646	26.0	17348.0	1368.0	417.0	655.0	16913.0	6772.0	0.0	4004.0	464.0	5038.0	151.0	196.0	0.0	7.0	68.0	1020.0	0.0	0.0	15.0	7.0	51.0	0.0	0.0	0.0	10.0	6.0	0.0	0.0	0.0	0.0	0.0	0.0	0.0	0.0	0.0	0.0	0.0	0.0	0.0	0.0	0.0	0.0	0.0	0.0	0.0
SRR9612647	11.0	5261.0	645.0	8.0	478.0	2637.0	521.0	0.0	316.0	87.0	485.0	5.0	0.0	0.0	0.0	6.0	95.0	0.0	0.0	41.0	5.0	0.0	0.0	0.0	0.0	0.0	0.0	0.0	0.0	0.0	0.0	0.0	0.0	0.0	0.0	0.0	0.0	0.0	0.0	0.0	0.0	0.0	0.0	0.0	0.0	0.0
SRR9612650	6.0	1791.0	298.0	19.0	124.0	358.0	1275.0	0.0	7149.0	68.0	445.0	39.0	4.0	0.0	0.0	0.0	160.0	0.0	0.0	2.0	0.0	22.0	0.0	0.0	3.0	0.0	0.0	0.0	0.0	0.0	0.0	0.0	0.0	0.0	0.0	0.0	0.0	0.0	0.0	0.0	0.0	0.0	0.0	0.0	0.0	0.0
SRR9612651	45.0	5649.0	219.0	0.0	169.0	582.0	796.0	0.0	7123.0	91.0	604.0	57.0	47.0	0.0	12.0	9.0	70.0	3.0	0.0	4.0	7.0	35.0	0.0	0.0	0.0	7.0	0.0	0.0	0.0	0.0	0.0	0.0	0.0	0.0	0.0	0.0	0.0	0.0	0.0	8.0	0.0	0.0	0.0	0.0	0.0	0.0
SRR9612653	15.0	2561.0	435.0	81.0	230.0	289.0	494.0	0.0	21924.0	60.0	784.0	6.0	24.0	0.0	9.0	0.0	39.0	12.0	0.0	0.0	10.0	24.0	0.0	0.0	9.0	0.0	7.0	0.0	5.0	0.0	0.0	0.0	0.0	0.0	0.0	0.0	0.0	0.0	0.0	0.0	0.0	0.0	0.0	0.0	0.0	0.0
SRR9612655	13.0	4069.0	567.0	24.0	208.0	315.0	333.0	0.0	13118.0	249.0	710.0	39.0	23.0	0.0	2.0	3.0	125.0	7.0	0.0	12.0	6.0	27.0	0.0	0.0	0.0	5.0	4.0	0.0	0.0	0.0	0.0	0.0	0.0	0.0	0.0	0.0	0.0	0.0	0.0	0.0	0.0	0.0	0.0	0.0	0.0	0.0
SRR9612656	0.0	2637.0	151.0	30.0	73.0	1544.0	4886.0	0.0	2019.0	48.0	693.0	5.0	20.0	0.0	0.0	0.0	57.0	0.0	0.0	2.0	0.0	0.0	0.0	0.0	0.0	0.0	0.0	0.0	0.0	0.0	0.0	0.0	0.0	0.0	0.0	0.0	0.0	0.0	0.0	0.0	0.0	0.0	0.0	0.0	0.0	0.0
SRR9612657	27.0	1149.0	360.0	20.0	177.0	1761.0	2657.0	0.0	5274.0	120.0	2503.0	19.0	14.0	0.0	8.0	2.0	102.0	0.0	0.0	0.0	9.0	13.0	0.0	0.0	0.0	0.0	0.0	0.0	0.0	0.0	0.0	0.0	0.0	0.0	8.0	0.0	0.0	0.0	0.0	0.0	0.0	0.0	0.0	0.0	0.0	0.0
SRR9612658	31.0	967.0	188.0	0.0	129.0	3.0	11613.0	0.0	1524.0	53.0	1009.0	71.0	7.0	0.0	0.0	0.0	187.0	0.0	0.0	4.0	0.0	0.0	0.0	0.0	0.0	0.0	0.0	0.0	0.0	0.0	0.0	0.0	0.0	0.0	0.0	0.0	0.0	0.0	0.0	0.0	0.0	0.0	0.0	0.0	0.0	0.0
SRR9612662	46.0	4741.0	936.0	60.0	425.0	118.0	6722.0	0.0	2818.0	185.0	1768.0	97.0	192.0	0.0	7.0	136.0	1144.0	0.0	0.0	178.0	2.0	13.0	0.0	0.0	0.0	0.0	0.0	0.0	0.0	0.0	0.0	0.0	0.0	0.0	0.0	0.0	0.0	0.0	0.0	0.0	0.0	0.0	0.0	0.0	0.0	0.0
SRR9612663	36.0	5252.0	909.0	83.0	183.0	148.0	461.0	0.0	12261.0	216.0	1582.0	3.0	50.0	0.0	5.0	27.0	318.0	15.0	0.0	21.0	3.0	68.0	0.0	0.0	0.0	0.0	0.0	0.0	0.0	0.0	0.0	0.0	0.0	0.0	28.0	0.0	0.0	0.0	0.0	0.0	0.0	0.0	0.0	0.0	0.0	0.0
SRR9612668	76.0	11500.0	975.0	0.0	323.0	15.0	6035.0	0.0	2495.0	99.0	1960.0	106.0	109.0	0.0	19.0	134.0	1346.0	0.0	0.0	0.0	3.0	0.0	0.0	0.0	0.0	0.0	0.0	0.0	0.0	0.0	0.0	0.0	0.0	0.0	0.0	0.0	0.0	0.0	0.0	0.0	0.0	0.0	0.0	0.0	0.0	0.0
SRR9612669	115.0	10077.0	1673.0	473.0	842.0	340.0	3670.0	0.0	6490.0	417.0	4241.0	64.0	293.0	0.0	68.0	496.0	807.0	14.0	0.0	21.0	35.0	36.0	0.0	0.0	10.0	0.0	6.0	0.0	3.0	0.0	0.0	0.0	0.0	0.0	0.0	0.0	0.0	0.0	0.0	0.0	0.0	0.0	0.0	0.0	0.0	0.0
SRR9612675	63.0	2845.0	1226.0	0.0	227.0	0.0	2756.0	0.0	1691.0	167.0	1633.0	1166.0	115.0	0.0	12.0	0.0	139.0	0.0	0.0	18.0	2.0	0.0	0.0	0.0	7.0	3.0	0.0	4.0	0.0	0.0	0.0	0.0	0.0	0.0	0.0	0.0	0.0	0.0	0.0	0.0	0.0	0.0	0.0	0.0	0.0	0.0
SRR9612677	92.0	7133.0	1067.0	41.0	136.0	0.0	330.0	0.0	1782.0	108.0	1485.0	328.0	61.0	0.0	3.0	0.0	255.0	0.0	0.0	74.0	2.0	0.0	0.0	0.0	6.0	0.0	0.0	0.0	0.0	0.0	0.0	0.0	0.0	0.0	0.0	0.0	0.0	0.0	0.0	0.0	0.0	0.0	0.0	0.0	0.0	0.0
SRR9612692	39.0	5921.0	359.0	13.0	130.0	13.0	6202.0	0.0	656.0	243.0	1046.0	16.0	47.0	0.0	0.0	0.0	1503.0	0.0	0.0	6.0	0.0	3.0	0.0	0.0	0.0	0.0	0.0	0.0	0.0	0.0	0.0	0.0	0.0	0.0	0.0	0.0	0.0	0.0	0.0	0.0	0.0	0.0	0.0	0.0	0.0	0.0
SRR9612694	27.0	2753.0	972.0	59.0	667.0	520.0	679.0	0.0	6673.0	311.0	2023.0	0.0	13.0	0.0	0.0	0.0	269.0	0.0	0.0	12.0	0.0	59.0	0.0	0.0	0.0	3.0	0.0	0.0	0.0	0.0	0.0	0.0	0.0	0.0	5.0	0.0	0.0	0.0	0.0	0.0	0.0	0.0	0.0	0.0	0.0	0.0
SRR9612712	0.0	6536.0	3012.0	7.0	158.0	31.0	4701.0	0.0	1068.0	80.0	2194.0	31.0	6.0	0.0	0.0	9.0	196.0	0.0	0.0	0.0	0.0	0.0	0.0	0.0	0.0	0.0	0.0	0.0	0.0	0.0	0.0	0.0	0.0	0.0	3.0	0.0	0.0	0.0	0.0	0.0	0.0	0.0	0.0	0.0	0.0	0.0
SRR9612713	7.0	9883.0	906.0	55.0	122.0	815.0	1248.0	0.0	888.0	75.0	728.0	34.0	3.0	0.0	0.0	46.0	562.0	0.0	0.0	2.0	0.0	15.0	0.0	0.0	0.0	0.0	0.0	0.0	0.0	0.0	0.0	0.0	0.0	0.0	44.0	0.0	0.0	0.0	0.0	0.0	0.0	0.0	0.0	0.0	0.0	0.0
SRR9612727	20.0	8924.0	1175.0	29.0	355.0	0.0	5188.0	0.0	1522.0	100.0	2843.0	47.0	62.0	0.0	0.0	222.0	682.0	0.0	0.0	0.0	0.0	4.0	0.0	0.0	0.0	3.0	0.0	0.0	0.0	0.0	0.0	0.0	0.0	0.0	2.0	0.0	0.0	0.0	0.0	0.0	0.0	0.0	0.0	0.0	0.0	0.0
SRR9612728	35.0	7544.0	426.0	1348.0	268.0	145.0	818.0	0.0	2514.0	62.0	1425.0	29.0	35.0	0.0	4.0	19.0	43.0	14.0	0.0	3.0	11.0	64.0	0.0	0.0	0.0	3.0	2.0	0.0	0.0	0.0	0.0	0.0	0.0	0.0	46.0	0.0	0.0	0.0	0.0	0.0	0.0	0.0	0.0	0.0	0.0	0.0
SRR9612729	27.0	16831.0	705.0	446.0	707.0	161.0	3326.0	0.0	3236.0	155.0	3870.0	87.0	185.0	0.0	19.0	290.0	604.0	0.0	0.0	4.0	2.0	30.0	0.0	2.0	0.0	9.0	0.0	0.0	0.0	0.0	0.0	0.0	0.0	0.0	0.0	0.0	0.0	0.0	0.0	0.0	0.0	0.0	0.0	0.0	0.0	0.0
SRR9612730	38.0	9961.0	1223.0	881.0	293.0	507.0	947.0	0.0	8233.0	276.0	1101.0	53.0	79.0	0.0	0.0	12.0	287.0	3.0	0.0	14.0	2.0	92.0	0.0	0.0	0.0	3.0	0.0	0.0	0.0	0.0	0.0	0.0	0.0	0.0	136.0	0.0	0.0	0.0	0.0	0.0	0.0	0.0	0.0	0.0	0.0	0.0
SRR9612745	26.0	7346.0	274.0	4.0	132.0	49.0	395.0	0.0	310.0	185.0	1819.0	16.0	26.0	0.0	10.0	0.0	417.0	0.0	0.0	6.0	4.0	0.0	0.0	0.0	0.0	0.0	0.0	0.0	0.0	0.0	0.0	0.0	0.0	0.0	5.0	0.0	0.0	0.0	0.0	0.0	0.0	0.0	0.0	0.0	0.0	0.0
SRR9612749	12.0	3122.0	606.0	39.0	799.0	2026.0	3042.0	0.0	11726.0	322.0	625.0	30.0	25.0	0.0	8.0	21.0	113.0	2.0	0.0	29.0	2.0	22.0	0.0	0.0	0.0	0.0	0.0	3.0	0.0	0.0	0.0	0.0	0.0	0.0	0.0	0.0	0.0	0.0	0.0	10.0	0.0	0.0	0.0	0.0	0.0	0.0
SRR9612750	10.0	1091.0	227.0	0.0	81.0	50.0	225.0	0.0	11052.0	20.0	307.0	40.0	14.0	0.0	0.0	0.0	6.0	0.0	0.0	9.0	6.0	0.0	0.0	0.0	0.0	0.0	0.0	0.0	0.0	0.0	0.0	0.0	0.0	0.0	0.0	0.0	0.0	0.0	0.0	0.0	0.0	0.0	0.0	0.0	0.0	0.0
SRR9612758	8.0	7858.0	594.0	2715.0	704.0	754.0	1688.0	0.0	6416.0	316.0	2655.0	29.0	24.0	0.0	8.0	78.0	163.0	28.0	0.0	0.0	26.0	73.0	0.0	0.0	0.0	2.0	8.0	0.0	0.0	0.0	0.0	0.0	0.0	0.0	576.0	0.0	0.0	0.0	0.0	0.0	0.0	0.0	0.0	0.0	0.0	0.0
SRR9612759	36.0	2961.0	487.0	356.0	160.0	87.0	1609.0	0.0	2136.0	147.0	1545.0	10.0	25.0	0.0	9.0	27.0	505.0	8.0	0.0	0.0	13.0	12.0	0.0	0.0	2.0	0.0	0.0	0.0	0.0	0.0	0.0	0.0	0.0	0.0	0.0	0.0	0.0	0.0	0.0	0.0	0.0	0.0	0.0	0.0	0.0	0.0
SRR9612760	19.0	4663.0	637.0	411.0	360.0	855.0	672.0	0.0	10057.0	193.0	2682.0	7.0	39.0	0.0	2.0	8.0	20.0	13.0	0.0	19.0	19.0	58.0	0.0	0.0	4.0	0.0	0.0	0.0	0.0	0.0	0.0	0.0	0.0	0.0	58.0	0.0	0.0	0.0	0.0	5.0	0.0	0.0	0.0	0.0	0.0	0.0
SRR9612761	31.0	3984.0	852.0	1598.0	373.0	238.0	1967.0	0.0	7588.0	207.0	1752.0	46.0	27.0	0.0	13.0	10.0	155.0	12.0	0.0	0.0	2.0	49.0	0.0	0.0	0.0	0.0	2.0	0.0	0.0	0.0	0.0	0.0	0.0	0.0	5.0	0.0	0.0	0.0	0.0	0.0	0.0	0.0	0.0	0.0	0.0	0.0
SRR9612762	10.0	5409.0	829.0	1284.0	371.0	391.0	2225.0	0.0	5171.0	272.0	2898.0	30.0	11.0	0.0	0.0	10.0	456.0	0.0	0.0	11.0	15.0	36.0	0.0	0.0	0.0	0.0	0.0	0.0	0.0	0.0	0.0	0.0	0.0	0.0	0.0	0.0	4.0	0.0	0.0	0.0	0.0	0.0	0.0	0.0	0.0	0.0
SRR9612763	13.0	5257.0	448.0	490.0	337.0	153.0	1191.0	0.0	3640.0	260.0	2305.0	12.0	108.0	0.0	16.0	39.0	379.0	5.0	0.0	2.0	16.0	30.0	0.0	0.0	0.0	10.0	0.0	0.0	0.0	0.0	0.0	0.0	0.0	0.0	0.0	0.0	0.0	0.0	0.0	5.0	0.0	0.0	0.0	0.0	0.0	0.0
SRR9612764	26.0	4889.0	737.0	1963.0	316.0	185.0	692.0	0.0	6431.0	520.0	1338.0	11.0	39.0	0.0	4.0	0.0	607.0	0.0	0.0	8.0	27.0	39.0	0.0	0.0	0.0	0.0	0.0	0.0	0.0	0.0	0.0	0.0	0.0	0.0	18.0	0.0	0.0	0.0	0.0	0.0	0.0	0.0	0.0	0.0	0.0	0.0
SRR9612770	26.0	5550.0	528.0	37.0	200.0	71.0	846.0	0.0	1177.0	240.0	3421.0	16.0	39.0	0.0	4.0	12.0	684.0	0.0	0.0	0.0	15.0	0.0	0.0	0.0	0.0	3.0	0.0	5.0	0.0	0.0	0.0	0.0	0.0	0.0	0.0	0.0	0.0	0.0	0.0	0.0	0.0	0.0	0.0	0.0	0.0	0.0
SRR9612772	42.0	7102.0	950.0	2.0	190.0	0.0	2903.0	0.0	1193.0	108.0	1001.0	414.0	89.0	0.0	0.0	22.0	313.0	5.0	2.0	12.0	4.0	0.0	0.0	0.0	16.0	0.0	0.0	0.0	0.0	0.0	0.0	0.0	0.0	0.0	0.0	0.0	0.0	0.0	0.0	0.0	0.0	0.0	0.0	0.0	0.0	0.0
SRR9612793	19.0	6117.0	1376.0	0.0	217.0	9.0	10492.0	0.0	1169.0	214.0	1062.0	36.0	108.0	0.0	23.0	13.0	460.0	0.0	0.0	14.0	0.0	0.0	0.0	0.0	10.0	5.0	0.0	0.0	0.0	0.0	0.0	0.0	0.0	0.0	0.0	0.0	0.0	0.0	0.0	0.0	0.0	0.0	0.0	0.0	0.0	0.0
SRR9612794	54.0	13598.0	2463.0	878.0	988.0	2018.0	2275.0	0.0	5447.0	566.0	4044.0	42.0	251.0	0.0	27.0	71.0	315.0	0.0	0.0	2.0	4.0	223.0	5.0	15.0	6.0	4.0	0.0	0.0	0.0	0.0	0.0	0.0	0.0	0.0	461.0	0.0	0.0	0.0	0.0	0.0	0.0	0.0	0.0	0.0	0.0	0.0
SRR9612795	45.0	9311.0	1517.0	60.0	618.0	270.0	6247.0	0.0	5246.0	182.0	2143.0	34.0	89.0	0.0	25.0	442.0	524.0	7.0	0.0	5.0	0.0	84.0	0.0	0.0	0.0	5.0	0.0	0.0	0.0	0.0	0.0	0.0	0.0	0.0	19.0	0.0	0.0	0.0	0.0	0.0	0.0	0.0	0.0	0.0	0.0	0.0
SRR9612796	44.0	17949.0	1650.0	757.0	977.0	651.0	1895.0	0.0	6801.0	207.0	3307.0	90.0	178.0	0.0	17.0	935.0	325.0	12.0	0.0	16.0	14.0	144.0	0.0	0.0	8.0	5.0	4.0	0.0	0.0	0.0	0.0	0.0	0.0	0.0	50.0	0.0	0.0	0.0	3.0	0.0	0.0	0.0	0.0	0.0	0.0	0.0
SRR9612803	34.0	10199.0	501.0	1777.0	289.0	257.0	2642.0	0.0	10835.0	40.0	966.0	18.0	21.0	0.0	0.0	36.0	189.0	15.0	0.0	24.0	19.0	71.0	0.0	0.0	0.0	12.0	7.0	0.0	0.0	0.0	0.0	0.0	0.0	0.0	7.0	0.0	0.0	0.0	0.0	0.0	0.0	0.0	0.0	0.0	0.0	0.0
SRR9612804	4.0	15622.0	625.0	545.0	540.0	513.0	1682.0	0.0	3348.0	157.0	1644.0	16.0	141.0	0.0	12.0	103.0	627.0	0.0	0.0	0.0	6.0	57.0	0.0	0.0	0.0	5.0	22.0	0.0	0.0	0.0	0.0	0.0	0.0	0.0	0.0	0.0	4.0	0.0	0.0	7.0	6.0	0.0	0.0	0.0	0.0	0.0
SRR9612813	29.0	11394.0	1205.0	1378.0	264.0	117.0	898.0	0.0	6057.0	322.0	970.0	17.0	91.0	0.0	7.0	174.0	546.0	6.0	0.0	0.0	13.0	74.0	0.0	0.0	0.0	0.0	0.0	0.0	4.0	0.0	0.0	0.0	0.0	0.0	7.0	0.0	0.0	0.0	0.0	6.0	0.0	0.0	0.0	0.0	0.0	0.0
SRR9612814	23.0	6739.0	864.0	1640.0	471.0	156.0	1970.0	0.0	5140.0	168.0	3720.0	63.0	87.0	0.0	5.0	64.0	938.0	13.0	0.0	17.0	26.0	89.0	0.0	4.0	7.0	6.0	6.0	0.0	0.0	0.0	0.0	0.0	0.0	0.0	12.0	0.0	0.0	0.0	0.0	0.0	3.0	0.0	0.0	0.0	0.0	0.0
SRR9612815	0.0	17082.0	707.0	71.0	468.0	68.0	5742.0	0.0	2859.0	106.0	1125.0	50.0	98.0	0.0	38.0	93.0	329.0	0.0	0.0	0.0	0.0	2.0	0.0	0.0	2.0	0.0	0.0	0.0	0.0	0.0	0.0	0.0	0.0	0.0	0.0	0.0	0.0	0.0	0.0	0.0	0.0	0.0	0.0	0.0	0.0	0.0
SRR9612816	28.0	1531.0	193.0	0.0	145.0	22.0	8363.0	0.0	693.0	57.0	1429.0	6.0	27.0	0.0	0.0	0.0	539.0	0.0	0.0	0.0	0.0	0.0	0.0	0.0	0.0	0.0	0.0	0.0	0.0	0.0	0.0	0.0	0.0	0.0	0.0	0.0	0.0	0.0	0.0	0.0	0.0	0.0	0.0	0.0	0.0	0.0
SRR9612817	12.0	8022.0	883.0	125.0	886.0	194.0	1453.0	0.0	8156.0	434.0	3246.0	28.0	10.0	0.0	11.0	11.0	347.0	3.0	0.0	3.0	12.0	23.0	0.0	0.0	5.0	6.0	0.0	0.0	3.0	0.0	0.0	0.0	0.0	0.0	0.0	0.0	0.0	0.0	0.0	0.0	0.0	0.0	0.0	0.0	0.0	0.0
SRR9612825	10.0	19333.0	592.0	2920.0	633.0	6109.0	800.0	0.0	4468.0	162.0	1153.0	17.0	13.0	0.0	0.0	0.0	31.0	0.0	0.0	0.0	8.0	108.0	0.0	0.0	0.0	0.0	14.0	25.0	0.0	0.0	0.0	2.0	0.0	0.0	1611.0	0.0	0.0	0.0	0.0	0.0	0.0	0.0	0.0	0.0	0.0	0.0
SRR9612826	10.0	4313.0	454.0	906.0	208.0	103.0	941.0	0.0	6646.0	39.0	740.0	6.0	88.0	0.0	5.0	65.0	220.0	0.0	0.0	0.0	9.0	21.0	0.0	0.0	11.0	8.0	2.0	0.0	0.0	0.0	0.0	0.0	0.0	0.0	17.0	0.0	0.0	0.0	0.0	0.0	0.0	0.0	0.0	0.0	0.0	0.0
SRR9612829	7.0	6890.0	1128.0	65.0	375.0	5000.0	740.0	0.0	1829.0	341.0	858.0	17.0	76.0	0.0	4.0	90.0	191.0	0.0	0.0	29.0	16.0	20.0	0.0	0.0	0.0	3.0	0.0	3.0	0.0	5.0	0.0	0.0	0.0	0.0	0.0	0.0	0.0	0.0	0.0	0.0	0.0	0.0	0.0	0.0	0.0	0.0
SRR9612830	19.0	6609.0	1044.0	8.0	141.0	23.0	307.0	0.0	548.0	201.0	1920.0	16.0	35.0	0.0	2.0	10.0	509.0	2.0	0.0	0.0	9.0	0.0	0.0	0.0	0.0	0.0	0.0	0.0	0.0	0.0	0.0	0.0	0.0	0.0	0.0	0.0	0.0	0.0	0.0	0.0	0.0	0.0	0.0	0.0	0.0	0.0
SRR9612831	70.0	6662.0	699.0	6.0	269.0	15.0	263.0	0.0	1115.0	235.0	1978.0	24.0	61.0	0.0	0.0	7.0	484.0	0.0	0.0	4.0	10.0	7.0	0.0	4.0	0.0	4.0	0.0	5.0	0.0	0.0	0.0	0.0	0.0	0.0	9.0	0.0	0.0	0.0	0.0	0.0	0.0	0.0	0.0	0.0	0.0	0.0
SRR9612832	6.0	8908.0	1000.0	66.0	226.0	380.0	899.0	0.0	1897.0	155.0	1837.0	31.0	60.0	0.0	19.0	68.0	392.0	2.0	0.0	15.0	2.0	0.0	0.0	0.0	4.0	0.0	0.0	0.0	0.0	0.0	0.0	0.0	0.0	0.0	0.0	0.0	0.0	0.0	0.0	0.0	0.0	0.0	0.0	0.0	0.0	0.0
SRR9612833	44.0	14585.0	1338.0	56.0	733.0	47.0	3745.0	0.0	3179.0	619.0	6299.0	93.0	116.0	0.0	10.0	11.0	1603.0	3.0	0.0	0.0	16.0	10.0	0.0	0.0	0.0	7.0	0.0	0.0	0.0	0.0	0.0	0.0	0.0	0.0	0.0	0.0	0.0	0.0	0.0	0.0	0.0	0.0	0.0	0.0	0.0	0.0
SRR9612834	10.0	12757.0	4389.0	18.0	287.0	38.0	2349.0	0.0	2164.0	35.0	909.0	72.0	31.0	0.0	2.0	41.0	957.0	0.0	0.0	0.0	4.0	0.0	0.0	0.0	0.0	2.0	0.0	0.0	0.0	0.0	0.0	0.0	0.0	0.0	0.0	0.0	0.0	0.0	0.0	0.0	0.0	0.0	0.0	0.0	0.0	0.0
SRR9612835	49.0	18542.0	1645.0	100.0	352.0	918.0	1430.0	0.0	3974.0	332.0	2437.0	17.0	80.0	0.0	3.0	13.0	915.0	0.0	0.0	15.0	10.0	82.0	0.0	0.0	0.0	0.0	0.0	0.0	0.0	0.0	0.0	0.0	3.0	0.0	448.0	0.0	0.0	0.0	0.0	0.0	0.0	0.0	0.0	0.0	0.0	0.0
SRR9612836	31.0	7347.0	1355.0	60.0	599.0	171.0	435.0	0.0	4623.0	407.0	3130.0	10.0	66.0	0.0	9.0	3.0	876.0	0.0	3.0	18.0	16.0	63.0	0.0	0.0	0.0	3.0	0.0	0.0	0.0	0.0	0.0	0.0	0.0	0.0	0.0	0.0	0.0	0.0	0.0	0.0	0.0	0.0	0.0	0.0	0.0	0.0
SRR9612840	23.0	8558.0	3562.0	37.0	365.0	11.0	5228.0	0.0	1275.0	82.0	2490.0	72.0	49.0	0.0	3.0	39.0	985.0	0.0	0.0	0.0	0.0	0.0	0.0	0.0	0.0	4.0	0.0	0.0	0.0	0.0	0.0	0.0	0.0	0.0	0.0	0.0	0.0	0.0	0.0	0.0	0.0	0.0	0.0	0.0	0.0	0.0
SRR9612845	24.0	6956.0	789.0	56.0	314.0	0.0	3166.0	0.0	1982.0	60.0	1085.0	46.0	206.0	0.0	9.0	350.0	531.0	0.0	0.0	0.0	6.0	125.0	0.0	2.0	10.0	7.0	0.0	0.0	0.0	0.0	0.0	0.0	0.0	0.0	5.0	0.0	0.0	0.0	0.0	0.0	0.0	0.0	0.0	0.0	0.0	0.0
SRR9612846	4.0	7546.0	369.0	0.0	152.0	239.0	1129.0	0.0	686.0	61.0	827.0	13.0	12.0	0.0	0.0	8.0	727.0	0.0	0.0	0.0	6.0	8.0	0.0	0.0	0.0	0.0	0.0	0.0	0.0	0.0	0.0	0.0	0.0	0.0	0.0	0.0	0.0	0.0	0.0	0.0	0.0	0.0	0.0	0.0	0.0	0.0
SRR9612847	6.0	4146.0	567.0	1258.0	301.0	344.0	2348.0	0.0	4747.0	47.0	2020.0	14.0	47.0	0.0	4.0	131.0	158.0	0.0	0.0	0.0	18.0	33.0	0.0	0.0	0.0	3.0	10.0	0.0	0.0	0.0	0.0	0.0	0.0	0.0	2.0	0.0	0.0	0.0	0.0	0.0	0.0	0.0	0.0	0.0	0.0	0.0
SRR9612856	21.0	5747.0	492.0	0.0	252.0	45.0	246.0	0.0	926.0	102.0	1652.0	25.0	43.0	0.0	5.0	0.0	1009.0	0.0	0.0	0.0	3.0	0.0	0.0	0.0	0.0	2.0	0.0	0.0	0.0	0.0	0.0	0.0	0.0	2.0	0.0	0.0	0.0	0.0	0.0	0.0	0.0	0.0	0.0	0.0	0.0	0.0
SRR9612857	31.0	2924.0	369.0	4.0	97.0	14.0	4870.0	0.0	612.0	88.0	1747.0	33.0	26.0	0.0	2.0	0.0	363.0	0.0	0.0	0.0	2.0	0.0	0.0	0.0	0.0	0.0	0.0	0.0	0.0	0.0	0.0	0.0	0.0	0.0	0.0	0.0	0.0	0.0	0.0	0.0	0.0	0.0	0.0	0.0	0.0	0.0
SRR9612858	67.0	5629.0	483.0	30.0	219.0	61.0	363.0	0.0	760.0	126.0	1919.0	21.0	42.0	0.0	7.0	2.0	584.0	0.0	0.0	4.0	8.0	31.0	0.0	0.0	8.0	0.0	0.0	0.0	0.0	0.0	0.0	0.0	0.0	0.0	0.0	0.0	0.0	0.0	0.0	0.0	0.0	0.0	0.0	0.0	0.0	0.0
SRR9612863	12.0	9734.0	1319.0	0.0	81.0	138.0	824.0	0.0	281.0	62.0	1256.0	9.0	2.0	0.0	3.0	4.0	467.0	2.0	0.0	7.0	0.0	0.0	0.0	0.0	0.0	0.0	0.0	0.0	0.0	0.0	0.0	0.0	0.0	0.0	0.0	0.0	0.0	0.0	0.0	0.0	0.0	0.0	0.0	0.0	0.0	0.0
SRR9612868	29.0	7188.0	522.0	0.0	127.0	7.0	314.0	0.0	492.0	129.0	1880.0	0.0	66.0	0.0	0.0	0.0	456.0	0.0	0.0	0.0	0.0	0.0	0.0	0.0	0.0	0.0	0.0	2.0	0.0	0.0	0.0	0.0	0.0	0.0	0.0	0.0	0.0	0.0	0.0	0.0	0.0	0.0	0.0	0.0	0.0	0.0
SRR9612870	11.0	18302.0	671.0	34.0	117.0	65.0	613.0	0.0	437.0	158.0	1332.0	17.0	21.0	0.0	4.0	0.0	307.0	0.0	0.0	3.0	2.0	0.0	0.0	0.0	2.0	0.0	0.0	0.0	0.0	0.0	0.0	0.0	0.0	0.0	0.0	0.0	0.0	0.0	0.0	0.0	0.0	0.0	0.0	0.0	0.0	0.0
SRR9612875	38.0	1715.0	407.0	63.0	291.0	371.0	610.0	0.0	9131.0	179.0	536.0	21.0	6.0	0.0	5.0	90.0	183.0	0.0	0.0	10.0	5.0	6.0	0.0	0.0	0.0	0.0	0.0	0.0	0.0	0.0	0.0	0.0	0.0	0.0	0.0	0.0	0.0	0.0	0.0	0.0	0.0	0.0	0.0	0.0	0.0	0.0
SRR9612876	22.0	1198.0	207.0	24.0	79.0	149.0	284.0	0.0	8701.0	53.0	256.0	21.0	8.0	0.0	4.0	5.0	87.0	0.0	0.0	10.0	8.0	27.0	0.0	3.0	0.0	0.0	6.0	3.0	0.0	0.0	0.0	0.0	4.0	0.0	0.0	0.0	0.0	0.0	0.0	5.0	0.0	0.0	0.0	0.0	0.0	0.0
SRR9612878	25.0	2783.0	377.0	31.0	148.0	568.0	821.0	0.0	3647.0	173.0	2134.0	14.0	21.0	0.0	4.0	5.0	190.0	0.0	0.0	0.0	0.0	10.0	0.0	0.0	0.0	0.0	0.0	0.0	0.0	0.0	0.0	0.0	0.0	0.0	0.0	0.0	0.0	0.0	0.0	0.0	0.0	0.0	0.0	0.0	0.0	0.0
SRR9612879	139.0	4360.0	593.0	20.0	202.0	1583.0	6548.0	0.0	1299.0	194.0	955.0	20.0	18.0	0.0	3.0	0.0	754.0	0.0	0.0	0.0	0.0	4.0	0.0	0.0	3.0	5.0	0.0	0.0	0.0	0.0	0.0	0.0	0.0	0.0	815.0	0.0	0.0	0.0	0.0	0.0	0.0	0.0	0.0	0.0	0.0	0.0
SRR9612880	25.0	1686.0	571.0	24.0	384.0	76.0	389.0	0.0	8927.0	197.0	1602.0	11.0	36.0	0.0	0.0	6.0	141.0	0.0	0.0	0.0	9.0	34.0	0.0	0.0	0.0	0.0	0.0	0.0	0.0	0.0	0.0	0.0	0.0	0.0	12.0	0.0	0.0	0.0	0.0	0.0	0.0	0.0	0.0	0.0	0.0	0.0
SRR9612882	29.0	6169.0	1180.0	106.0	501.0	92.0	1787.0	0.0	11533.0	202.0	3228.0	24.0	35.0	0.0	2.0	0.0	226.0	8.0	0.0	0.0	8.0	87.0	0.0	0.0	0.0	0.0	0.0	0.0	0.0	0.0	0.0	0.0	0.0	0.0	0.0	0.0	0.0	0.0	0.0	0.0	0.0	0.0	0.0	0.0	0.0	0.0
SRR9612884	68.0	2930.0	669.0	18.0	357.0	38.0	3003.0	0.0	2163.0	113.0	1096.0	20.0	74.0	0.0	8.0	11.0	761.0	5.0	0.0	2.0	0.0	22.0	0.0	3.0	0.0	3.0	0.0	0.0	0.0	0.0	0.0	0.0	0.0	0.0	34.0	0.0	0.0	0.0	0.0	0.0	0.0	0.0	0.0	0.0	0.0	0.0
SRR9612902	26.0	8465.0	802.0	0.0	182.0	10.0	5810.0	0.0	1263.0	256.0	2798.0	18.0	22.0	0.0	13.0	0.0	1121.0	0.0	0.0	4.0	0.0	0.0	0.0	0.0	0.0	0.0	0.0	2.0	0.0	0.0	0.0	0.0	0.0	0.0	0.0	0.0	3.0	0.0	0.0	0.0	0.0	0.0	0.0	0.0	0.0	0.0
SRR9612905	228.0	6165.0	1134.0	56.0	619.0	170.0	9297.0	2.0	1700.0	497.0	1920.0	48.0	146.0	0.0	10.0	11.0	505.0	8.0	0.0	18.0	0.0	27.0	0.0	0.0	0.0	8.0	0.0	0.0	0.0	0.0	0.0	0.0	0.0	0.0	4.0	0.0	0.0	0.0	0.0	0.0	0.0	0.0	0.0	0.0	0.0	0.0
SRR9612909	43.0	18347.0	2485.0	0.0	604.0	0.0	3405.0	0.0	2394.0	470.0	5578.0	41.0	107.0	0.0	5.0	16.0	1539.0	0.0	0.0	0.0	0.0	8.0	0.0	0.0	0.0	5.0	0.0	0.0	0.0	0.0	0.0	0.0	0.0	0.0	0.0	0.0	0.0	0.0	2.0	0.0	0.0	0.0	0.0	0.0	0.0	0.0
SRR9612916	17.0	5622.0	556.0	536.0	305.0	226.0	390.0	0.0	35443.0	52.0	1539.0	23.0	14.0	0.0	0.0	12.0	15.0	38.0	0.0	0.0	12.0	37.0	0.0	0.0	0.0	7.0	0.0	0.0	0.0	0.0	0.0	0.0	0.0	0.0	0.0	0.0	0.0	0.0	0.0	0.0	0.0	0.0	0.0	0.0	0.0	0.0
SRR9612926	31.0	6477.0	920.0	95.0	526.0	69.0	3757.0	0.0	2294.0	304.0	2370.0	32.0	218.0	0.0	29.0	223.0	2017.0	0.0	0.0	5.0	7.0	31.0	0.0	0.0	0.0	3.0	8.0	4.0	0.0	0.0	0.0	0.0	0.0	0.0	3.0	0.0	2.0	0.0	0.0	0.0	0.0	0.0	0.0	0.0	0.0	0.0
SRR9612929	15.0	8962.0	579.0	144.0	528.0	191.0	602.0	0.0	2564.0	296.0	2212.0	27.0	67.0	7.0	11.0	34.0	574.0	0.0	0.0	8.0	2.0	63.0	0.0	0.0	0.0	4.0	0.0	2.0	0.0	0.0	0.0	0.0	0.0	0.0	24.0	0.0	0.0	0.0	0.0	0.0	0.0	0.0	0.0	0.0	0.0	0.0
SRR9612930	10.0	24428.0	544.0	882.0	283.0	4256.0	799.0	0.0	3005.0	149.0	1304.0	18.0	11.0	0.0	3.0	26.0	104.0	0.0	0.0	0.0	23.0	62.0	0.0	0.0	0.0	2.0	0.0	0.0	0.0	0.0	0.0	0.0	0.0	0.0	2140.0	0.0	0.0	0.0	0.0	0.0	0.0	0.0	0.0	0.0	0.0	0.0
SRR9612931	10.0	5235.0	728.0	1237.0	407.0	717.0	494.0	0.0	32268.0	229.0	2997.0	32.0	34.0	2.0	0.0	38.0	109.0	22.0	0.0	0.0	32.0	84.0	0.0	0.0	0.0	3.0	0.0	0.0	6.0	0.0	0.0	0.0	0.0	0.0	1359.0	0.0	2.0	0.0	0.0	3.0	0.0	0.0	0.0	0.0	0.0	0.0
SRR9612932	19.0	24718.0	3199.0	919.0	1059.0	236.0	4937.0	0.0	4658.0	596.0	3962.0	88.0	788.0	2.0	117.0	744.0	1216.0	7.0	0.0	101.0	49.0	135.0	3.0	9.0	0.0	0.0	5.0	0.0	0.0	0.0	0.0	0.0	0.0	5.0	5.0	0.0	3.0	0.0	9.0	0.0	0.0	0.0	0.0	0.0	0.0	0.0
SRR9612933	42.0	18548.0	945.0	822.0	990.0	1281.0	5323.0	0.0	7328.0	441.0	5432.0	51.0	118.0	0.0	7.0	17.0	608.0	8.0	0.0	6.0	36.0	54.0	0.0	0.0	3.0	4.0	0.0	2.0	0.0	0.0	0.0	0.0	0.0	0.0	8237.0	0.0	0.0	0.0	8.0	0.0	0.0	0.0	0.0	0.0	0.0	0.0
SRR9612934	15.0	21026.0	1095.0	1158.0	2304.0	1715.0	2325.0	0.0	4045.0	462.0	1521.0	8.0	34.0	0.0	3.0	17.0	39.0	2.0	0.0	3.0	18.0	151.0	0.0	0.0	12.0	0.0	0.0	0.0	0.0	0.0	0.0	0.0	0.0	0.0	201.0	0.0	0.0	0.0	0.0	3.0	0.0	0.0	0.0	0.0	0.0	0.0
SRR9612935	9.0	10983.0	703.0	270.0	386.0	24.0	9758.0	0.0	3250.0	255.0	3512.0	82.0	150.0	0.0	8.0	140.0	345.0	0.0	0.0	28.0	0.0	15.0	0.0	0.0	0.0	0.0	9.0	2.0	0.0	0.0	0.0	0.0	0.0	0.0	0.0	0.0	0.0	0.0	0.0	0.0	0.0	0.0	0.0	0.0	0.0	0.0
SRR11143345	267.0	4787.0	1019.0	0.0	771.0	580.0	2261.0	0.0	116.0	195.0	338.0	17.0	19.0	7.0	0.0	0.0	0.0	27.0	0.0	0.0	57.0	0.0	0.0	0.0	0.0	0.0	0.0	0.0	0.0	0.0	0.0	0.0	0.0	0.0	0.0	0.0	0.0	13.0	0.0	0.0	0.0	0.0	12.0	0.0	0.0	0.0
SRR11143355	76.0	4721.0	3170.0	0.0	51.0	0.0	828.0	0.0	311.0	84.0	381.0	92.0	0.0	0.0	0.0	0.0	0.0	0.0	0.0	10.0	42.0	282.0	0.0	0.0	0.0	0.0	0.0	0.0	0.0	0.0	0.0	0.0	0.0	0.0	0.0	0.0	0.0	0.0	0.0	0.0	0.0	0.0	0.0	0.0	0.0	0.0
SRR11143356	71.0	5130.0	1904.0	33.0	740.0	565.0	870.0	0.0	946.0	101.0	253.0	97.0	0.0	0.0	0.0	0.0	163.0	0.0	0.0	0.0	59.0	0.0	0.0	0.0	0.0	0.0	0.0	0.0	0.0	0.0	0.0	0.0	0.0	0.0	0.0	0.0	0.0	0.0	0.0	0.0	0.0	0.0	0.0	0.0	0.0	0.0
SRR11143359	0.0	5741.0	1392.0	0.0	787.0	532.0	1007.0	0.0	480.0	129.0	513.0	105.0	33.0	0.0	0.0	0.0	49.0	0.0	0.0	0.0	33.0	0.0	0.0	0.0	0.0	0.0	0.0	0.0	0.0	0.0	0.0	0.0	0.0	0.0	0.0	0.0	0.0	0.0	0.0	0.0	0.0	0.0	0.0	0.0	0.0	0.0
SRR11143363	251.0	5091.0	1775.0	0.0	1043.0	407.0	1459.0	0.0	1051.0	152.0	604.0	123.0	26.0	0.0	0.0	0.0	215.0	0.0	0.0	0.0	130.0	0.0	0.0	0.0	0.0	0.0	0.0	0.0	0.0	0.0	0.0	0.0	0.0	0.0	0.0	0.0	0.0	0.0	0.0	0.0	0.0	0.0	0.0	0.0	0.0	0.0
SRR11143365	134.0	4627.0	1233.0	0.0	887.0	436.0	1832.0	0.0	227.0	198.0	408.0	108.0	0.0	0.0	0.0	0.0	34.0	37.0	0.0	0.0	55.0	0.0	0.0	0.0	0.0	0.0	0.0	0.0	0.0	0.0	0.0	0.0	0.0	0.0	0.0	0.0	0.0	0.0	0.0	0.0	0.0	0.0	0.0	0.0	0.0	0.0
SRR11143372	0.0	5698.0	2383.0	0.0	145.0	0.0	2291.0	0.0	291.0	40.0	0.0	58.0	0.0	0.0	0.0	0.0	0.0	0.0	0.0	0.0	336.0	0.0	0.0	0.0	0.0	0.0	0.0	0.0	0.0	0.0	0.0	0.0	0.0	0.0	0.0	0.0	0.0	0.0	0.0	0.0	0.0	0.0	0.0	0.0	0.0	0.0
SRR11143378	44.0	5336.0	2270.0	0.0	322.0	333.0	2636.0	0.0	697.0	120.0	83.0	55.0	0.0	0.0	0.0	0.0	138.0	0.0	0.0	0.0	129.0	0.0	0.0	0.0	0.0	0.0	0.0	0.0	0.0	0.0	0.0	0.0	0.0	0.0	0.0	0.0	0.0	43.0	0.0	0.0	0.0	0.0	0.0	0.0	0.0	0.0
SRR11143380	82.0	6705.0	2356.0	31.0	1105.0	498.0	1411.0	0.0	635.0	387.0	598.0	156.0	0.0	0.0	0.0	0.0	125.0	0.0	0.0	0.0	72.0	0.0	0.0	0.0	0.0	0.0	0.0	0.0	0.0	0.0	0.0	0.0	0.0	0.0	0.0	0.0	0.0	89.0	0.0	0.0	0.0	0.0	0.0	0.0	0.0	0.0
SRR11143386	22.0	5583.0	1316.0	0.0	457.0	914.0	2285.0	0.0	0.0	136.0	63.0	26.0	0.0	0.0	0.0	0.0	26.0	0.0	0.0	0.0	226.0	0.0	0.0	0.0	0.0	0.0	0.0	0.0	0.0	0.0	0.0	0.0	0.0	0.0	0.0	0.0	0.0	142.0	0.0	0.0	0.0	0.0	0.0	0.0	0.0	0.0
SRR11143388	218.0	6869.0	2964.0	47.0	1363.0	319.0	1943.0	0.0	1142.0	330.0	680.0	171.0	54.0	0.0	0.0	0.0	49.0	0.0	0.0	0.0	71.0	0.0	0.0	0.0	0.0	0.0	0.0	0.0	0.0	0.0	0.0	0.0	0.0	0.0	0.0	0.0	0.0	63.0	0.0	0.0	0.0	0.0	0.0	0.0	0.0	0.0
SRR11143389	115.0	5091.0	2427.0	75.0	769.0	1085.0	1774.0	0.0	621.0	88.0	259.0	82.0	0.0	0.0	0.0	0.0	145.0	0.0	0.0	0.0	77.0	0.0	0.0	0.0	0.0	0.0	0.0	0.0	0.0	0.0	0.0	0.0	0.0	0.0	0.0	0.0	0.0	34.0	0.0	0.0	0.0	0.0	0.0	0.0	0.0	0.0
SRR11143392	15.0	6170.0	2019.0	0.0	172.0	221.0	3165.0	0.0	459.0	157.0	0.0	37.0	0.0	0.0	0.0	0.0	87.0	0.0	0.0	0.0	188.0	0.0	0.0	0.0	0.0	0.0	0.0	0.0	0.0	0.0	0.0	0.0	0.0	0.0	0.0	0.0	0.0	179.0	0.0	0.0	0.0	0.0	0.0	0.0	0.0	0.0
SRR11143396	43.0	5586.0	2353.0	0.0	207.0	69.0	2234.0	0.0	580.0	76.0	0.0	130.0	12.0	0.0	0.0	0.0	112.0	0.0	0.0	0.0	224.0	0.0	0.0	0.0	0.0	0.0	0.0	0.0	0.0	0.0	0.0	0.0	0.0	0.0	0.0	0.0	0.0	159.0	0.0	0.0	0.0	0.0	0.0	0.0	0.0	0.0
SRR11143464	508.0	5553.0	1117.0	0.0	1387.0	342.0	4600.0	0.0	663.0	284.0	494.0	0.0	104.0	0.0	0.0	0.0	0.0	0.0	0.0	0.0	50.0	0.0	0.0	0.0	0.0	0.0	0.0	0.0	0.0	0.0	0.0	0.0	0.0	0.0	0.0	3.0	0.0	0.0	0.0	0.0	0.0	0.0	0.0	0.0	0.0	0.0
SRR11143465	692.0	2427.0	397.0	0.0	1532.0	324.0	4595.0	0.0	564.0	271.0	686.0	0.0	73.0	0.0	0.0	0.0	0.0	83.0	0.0	0.0	81.0	0.0	0.0	0.0	0.0	0.0	0.0	0.0	0.0	0.0	0.0	0.0	0.0	0.0	0.0	0.0	0.0	0.0	0.0	0.0	0.0	0.0	0.0	0.0	0.0	0.0
SRR11143466	825.0	3599.0	421.0	0.0	1371.0	250.0	5120.0	0.0	948.0	289.0	1022.0	0.0	124.0	0.0	0.0	0.0	0.0	70.0	0.0	0.0	229.0	0.0	0.0	0.0	0.0	0.0	0.0	0.0	0.0	0.0	0.0	0.0	0.0	0.0	0.0	0.0	0.0	0.0	0.0	0.0	0.0	0.0	0.0	0.0	0.0	0.0
SRR11143467	1066.0	3960.0	769.0	0.0	2046.0	231.0	6136.0	0.0	912.0	300.0	1035.0	13.0	310.0	0.0	0.0	0.0	0.0	221.0	0.0	0.0	258.0	0.0	0.0	0.0	0.0	0.0	0.0	0.0	0.0	0.0	0.0	0.0	0.0	0.0	0.0	0.0	0.0	0.0	0.0	0.0	0.0	0.0	0.0	0.0	0.0	0.0
SRR11143469	1113.0	4350.0	1004.0	0.0	1613.0	317.0	5621.0	0.0	769.0	293.0	1332.0	82.0	111.0	0.0	0.0	26.0	0.0	100.0	0.0	0.0	189.0	0.0	0.0	0.0	0.0	0.0	0.0	0.0	0.0	0.0	0.0	0.0	0.0	0.0	0.0	0.0	0.0	0.0	0.0	0.0	0.0	0.0	0.0	0.0	0.0	0.0
SRR11143471	455.0	2790.0	244.0	0.0	861.0	57.0	6795.0	0.0	424.0	182.0	743.0	0.0	0.0	0.0	0.0	0.0	0.0	0.0	0.0	0.0	35.0	0.0	0.0	0.0	0.0	0.0	0.0	0.0	0.0	0.0	0.0	0.0	0.0	0.0	0.0	0.0	0.0	0.0	0.0	0.0	0.0	0.0	0.0	0.0	0.0	0.0
SRR11143472	337.0	3793.0	847.0	0.0	1622.0	491.0	3251.0	0.0	590.0	248.0	725.0	7.0	88.0	0.0	19.0	0.0	0.0	0.0	0.0	0.0	78.0	0.0	0.0	0.0	0.0	0.0	0.0	0.0	0.0	0.0	0.0	0.0	0.0	0.0	0.0	0.0	0.0	0.0	0.0	0.0	0.0	0.0	0.0	0.0	0.0	0.0
SRR11143473	644.0	2462.0	370.0	0.0	1367.0	249.0	4162.0	0.0	693.0	200.0	473.0	0.0	89.0	0.0	0.0	0.0	0.0	36.0	0.0	0.0	51.0	0.0	0.0	0.0	0.0	0.0	0.0	0.0	0.0	0.0	0.0	0.0	0.0	0.0	0.0	0.0	0.0	0.0	0.0	0.0	0.0	0.0	0.0	0.0	0.0	0.0
SRR11143475	951.0	4061.0	826.0	21.0	3411.0	64.0	5473.0	0.0	315.0	381.0	964.0	0.0	160.0	0.0	0.0	0.0	0.0	0.0	0.0	0.0	97.0	0.0	0.0	0.0	0.0	21.0	0.0	0.0	0.0	0.0	0.0	0.0	0.0	0.0	0.0	0.0	0.0	0.0	0.0	0.0	0.0	0.0	0.0	0.0	0.0	0.0
SRR11143480	319.0	2766.0	444.0	0.0	2120.0	425.0	5124.0	0.0	236.0	112.0	525.0	0.0	86.0	5.0	0.0	0.0	0.0	51.0	0.0	0.0	0.0	0.0	0.0	0.0	0.0	0.0	0.0	0.0	0.0	0.0	0.0	0.0	0.0	0.0	0.0	0.0	0.0	0.0	0.0	0.0	0.0	0.0	0.0	0.0	0.0	0.0
SRR11143481	271.0	5733.0	2073.0	0.0	1478.0	295.0	3239.0	0.0	426.0	493.0	245.0	17.0	89.0	113.0	0.0	0.0	0.0	36.0	0.0	0.0	0.0	81.0	0.0	0.0	0.0	0.0	0.0	0.0	0.0	0.0	0.0	0.0	0.0	0.0	0.0	0.0	0.0	0.0	0.0	0.0	0.0	0.0	0.0	0.0	0.0	0.0
SRR11143482	459.0	2723.0	149.0	0.0	1698.0	293.0	4151.0	0.0	117.0	290.0	843.0	0.0	35.0	0.0	0.0	6.0	0.0	41.0	3.0	0.0	9.0	0.0	0.0	0.0	0.0	34.0	0.0	0.0	0.0	0.0	0.0	0.0	0.0	0.0	0.0	0.0	0.0	0.0	0.0	0.0	0.0	38.0	0.0	0.0	0.0	0.0
SRR11143512	597.0	4543.0	985.0	0.0	2488.0	188.0	2253.0	0.0	309.0	781.0	455.0	0.0	216.0	0.0	0.0	0.0	0.0	21.0	0.0	0.0	57.0	16.0	0.0	0.0	0.0	0.0	0.0	0.0	0.0	0.0	0.0	0.0	0.0	24.0	0.0	0.0	0.0	0.0	0.0	0.0	0.0	24.0	0.0	0.0	0.0	0.0
SRR11143533	456.0	2668.0	297.0	0.0	1895.0	286.0	2994.0	0.0	204.0	524.0	453.0	0.0	232.0	0.0	0.0	0.0	0.0	148.0	0.0	0.0	63.0	0.0	0.0	0.0	0.0	0.0	0.0	0.0	0.0	0.0	0.0	0.0	0.0	27.0	0.0	0.0	0.0	0.0	0.0	0.0	0.0	20.0	0.0	0.0	0.0	0.0
SRR11143574	1424.0	5037.0	609.0	8.0	2850.0	522.0	8502.0	0.0	947.0	153.0	1489.0	125.0	258.0	70.0	25.0	0.0	0.0	134.0	0.0	0.0	516.0	0.0	0.0	0.0	0.0	0.0	0.0	0.0	0.0	0.0	0.0	0.0	0.0	0.0	0.0	0.0	0.0	0.0	0.0	0.0	0.0	0.0	0.0	0.0	0.0	0.0
SRR11143576	446.0	4055.0	1805.0	0.0	1874.0	109.0	2956.0	0.0	496.0	480.0	622.0	0.0	15.0	0.0	0.0	13.0	22.0	0.0	0.0	0.0	110.0	156.0	0.0	0.0	0.0	0.0	0.0	0.0	0.0	0.0	0.0	0.0	0.0	0.0	0.0	0.0	0.0	0.0	0.0	0.0	0.0	0.0	0.0	0.0	0.0	0.0
SRR11143577	843.0	4563.0	1328.0	0.0	3061.0	341.0	3309.0	0.0	531.0	717.0	956.0	23.0	475.0	63.0	39.0	30.0	35.0	0.0	0.0	4.0	939.0	19.0	0.0	0.0	0.0	0.0	0.0	0.0	0.0	0.0	0.0	0.0	0.0	0.0	0.0	0.0	0.0	0.0	0.0	0.0	0.0	0.0	0.0	0.0	0.0	0.0
SRR11143578	686.0	3800.0	914.0	0.0	2094.0	263.0	5208.0	0.0	519.0	427.0	912.0	0.0	141.0	0.0	0.0	14.0	0.0	57.0	0.0	0.0	98.0	0.0	0.0	0.0	0.0	0.0	0.0	0.0	0.0	0.0	0.0	0.0	0.0	0.0	0.0	0.0	0.0	0.0	0.0	0.0	0.0	0.0	0.0	0.0	0.0	0.0
SRR11143583	782.0	4038.0	570.0	0.0	2254.0	330.0	5543.0	0.0	390.0	116.0	1052.0	46.0	82.0	13.0	0.0	0.0	38.0	141.0	0.0	0.0	300.0	0.0	0.0	0.0	0.0	0.0	0.0	0.0	0.0	0.0	0.0	0.0	0.0	0.0	0.0	0.0	0.0	0.0	0.0	0.0	0.0	0.0	0.0	0.0	0.0	0.0
SRR11143584	715.0	4505.0	941.0	0.0	1946.0	255.0	5292.0	0.0	471.0	151.0	636.0	0.0	15.0	0.0	0.0	0.0	0.0	128.0	0.0	0.0	178.0	0.0	0.0	0.0	0.0	0.0	0.0	0.0	0.0	0.0	0.0	0.0	0.0	0.0	0.0	0.0	0.0	0.0	0.0	0.0	0.0	0.0	0.0	0.0	0.0	0.0
SRR11143585	1461.0	5061.0	1053.0	0.0	3384.0	527.0	5870.0	0.0	746.0	371.0	1097.0	0.0	107.0	82.0	74.0	21.0	0.0	191.0	0.0	0.0	294.0	0.0	0.0	0.0	0.0	0.0	0.0	26.0	0.0	0.0	0.0	0.0	0.0	0.0	0.0	0.0	0.0	0.0	0.0	0.0	0.0	0.0	0.0	0.0	0.0	0.0
SRR11143586	292.0	4201.0	1966.0	0.0	771.0	374.0	1802.0	0.0	266.0	399.0	310.0	112.0	41.0	17.0	0.0	0.0	9.0	0.0	0.0	0.0	68.0	77.0	0.0	0.0	0.0	0.0	0.0	0.0	0.0	0.0	0.0	0.0	0.0	0.0	0.0	0.0	0.0	0.0	0.0	0.0	0.0	0.0	0.0	0.0	0.0	0.0
SRR11143625	669.0	4347.0	847.0	41.0	1302.0	273.0	3849.0	0.0	556.0	261.0	1028.0	69.0	75.0	12.0	0.0	0.0	0.0	43.0	10.0	24.0	142.0	0.0	0.0	0.0	0.0	0.0	0.0	11.0	0.0	0.0	0.0	0.0	0.0	0.0	0.0	0.0	0.0	0.0	0.0	0.0	0.0	0.0	0.0	0.0	0.0	0.0
SRR11143626	979.0	4673.0	725.0	0.0	2434.0	371.0	4393.0	0.0	428.0	258.0	625.0	0.0	66.0	0.0	0.0	0.0	0.0	189.0	22.0	59.0	395.0	5.0	0.0	0.0	0.0	0.0	0.0	0.0	0.0	0.0	0.0	0.0	0.0	0.0	0.0	0.0	0.0	0.0	0.0	0.0	0.0	0.0	0.0	0.0	0.0	0.0
SRR11143627	857.0	4837.0	871.0	0.0	1290.0	774.0	3628.0	0.0	142.0	172.0	895.0	0.0	114.0	0.0	0.0	0.0	0.0	107.0	8.0	72.0	238.0	0.0	0.0	0.0	0.0	0.0	0.0	0.0	0.0	0.0	0.0	0.0	0.0	0.0	0.0	0.0	0.0	0.0	0.0	0.0	0.0	0.0	0.0	0.0	0.0	0.0
SRR11143629	792.0	2787.0	490.0	0.0	2249.0	319.0	2123.0	0.0	447.0	218.0	858.0	0.0	63.0	0.0	0.0	0.0	13.0	0.0	0.0	0.0	51.0	0.0	0.0	0.0	0.0	13.0	0.0	0.0	0.0	0.0	0.0	0.0	0.0	0.0	0.0	0.0	0.0	0.0	0.0	0.0	0.0	0.0	0.0	0.0	0.0	0.0
SRR11143633	948.0	3833.0	268.0	0.0	2751.0	474.0	5223.0	0.0	229.0	358.0	765.0	6.0	168.0	4.0	0.0	0.0	0.0	199.0	0.0	20.0	123.0	0.0	0.0	0.0	0.0	0.0	0.0	0.0	0.0	0.0	0.0	0.0	0.0	0.0	0.0	0.0	0.0	0.0	0.0	0.0	0.0	0.0	0.0	0.0	0.0	0.0
SRR11143634	705.0	6984.0	1270.0	0.0	1723.0	487.0	5301.0	0.0	695.0	285.0	678.0	124.0	137.0	18.0	0.0	0.0	0.0	94.0	0.0	20.0	258.0	33.0	0.0	0.0	0.0	0.0	0.0	0.0	0.0	0.0	0.0	0.0	0.0	0.0	0.0	0.0	0.0	0.0	0.0	0.0	0.0	0.0	0.0	0.0	0.0	0.0
SRR11143636	350.0	5141.0	1552.0	0.0	630.0	203.0	1317.0	0.0	282.0	157.0	502.0	148.0	0.0	25.0	0.0	0.0	0.0	0.0	0.0	17.0	178.0	86.0	0.0	0.0	0.0	0.0	0.0	0.0	0.0	0.0	0.0	0.0	0.0	0.0	0.0	0.0	0.0	0.0	0.0	0.0	0.0	0.0	0.0	0.0	0.0	0.0
SRR11143638	383.0	6946.0	2251.0	0.0	689.0	247.0	2079.0	0.0	586.0	379.0	558.0	111.0	56.0	34.0	16.0	0.0	0.0	0.0	0.0	0.0	66.0	120.0	0.0	0.0	0.0	0.0	0.0	0.0	0.0	0.0	0.0	0.0	0.0	0.0	0.0	0.0	0.0	0.0	0.0	0.0	0.0	0.0	0.0	0.0	0.0	0.0
SRR11143642	487.0	4008.0	1151.0	0.0	1260.0	257.0	4596.0	0.0	136.0	196.0	461.0	0.0	7.0	0.0	0.0	0.0	0.0	25.0	0.0	0.0	0.0	0.0	0.0	0.0	0.0	0.0	0.0	0.0	0.0	0.0	0.0	0.0	0.0	0.0	0.0	0.0	0.0	0.0	0.0	0.0	0.0	0.0	0.0	0.0	0.0	0.0
SRR11143647	417.0	3933.0	652.0	26.0	1040.0	263.0	4574.0	0.0	627.0	25.0	824.0	33.0	95.0	0.0	0.0	0.0	0.0	0.0	0.0	0.0	64.0	15.0	0.0	0.0	0.0	0.0	0.0	0.0	0.0	0.0	0.0	0.0	0.0	0.0	0.0	0.0	0.0	0.0	0.0	0.0	0.0	0.0	0.0	0.0	0.0	0.0
SRR11143648	271.0	4098.0	434.0	0.0	499.0	480.0	4542.0	0.0	182.0	132.0	619.0	0.0	0.0	0.0	0.0	0.0	0.0	0.0	0.0	0.0	0.0	13.0	0.0	0.0	0.0	0.0	0.0	0.0	0.0	0.0	0.0	0.0	0.0	0.0	0.0	0.0	0.0	0.0	0.0	0.0	0.0	0.0	0.0	0.0	0.0	0.0
SRR11143650	445.0	5813.0	1383.0	0.0	1421.0	474.0	2553.0	0.0	309.0	288.0	736.0	9.0	75.0	0.0	0.0	0.0	0.0	0.0	0.0	0.0	63.0	57.0	0.0	0.0	0.0	0.0	0.0	0.0	0.0	0.0	0.0	0.0	0.0	0.0	0.0	0.0	0.0	0.0	0.0	0.0	0.0	0.0	0.0	0.0	0.0	0.0
SRR11143651	984.0	5766.0	1677.0	0.0	2570.0	288.0	3444.0	0.0	343.0	773.0	982.0	7.0	413.0	0.0	0.0	13.0	0.0	0.0	0.0	0.0	53.0	0.0	0.0	0.0	0.0	0.0	0.0	0.0	0.0	0.0	0.0	0.0	0.0	0.0	0.0	0.0	0.0	0.0	0.0	0.0	0.0	0.0	0.0	0.0	0.0	0.0
SRR11143654	757.0	5376.0	2198.0	0.0	2048.0	321.0	4433.0	0.0	314.0	440.0	606.0	0.0	268.0	0.0	0.0	11.0	0.0	26.0	0.0	0.0	204.0	46.0	0.0	0.0	0.0	0.0	0.0	0.0	0.0	0.0	0.0	0.0	0.0	0.0	0.0	0.0	0.0	0.0	0.0	0.0	0.0	0.0	0.0	0.0	0.0	0.0
SRR11143656	141.0	5573.0	1638.0	0.0	962.0	257.0	1677.0	0.0	82.0	329.0	166.0	82.0	0.0	0.0	0.0	0.0	0.0	33.0	0.0	0.0	96.0	18.0	0.0	0.0	0.0	0.0	0.0	0.0	0.0	0.0	0.0	0.0	0.0	0.0	0.0	0.0	0.0	0.0	0.0	0.0	0.0	0.0	0.0	0.0	0.0	0.0
SRR11143658	1110.0	6632.0	1822.0	0.0	3198.0	525.0	5129.0	0.0	595.0	623.0	975.0	0.0	422.0	0.0	0.0	31.0	0.0	38.0	0.0	0.0	0.0	42.0	0.0	0.0	0.0	0.0	0.0	0.0	0.0	0.0	0.0	0.0	0.0	0.0	0.0	0.0	0.0	0.0	0.0	0.0	0.0	0.0	0.0	0.0	0.0	0.0
SRR11143662	613.0	4797.0	1832.0	0.0	1799.0	142.0	4325.0	0.0	231.0	442.0	564.0	0.0	190.0	0.0	0.0	0.0	0.0	0.0	0.0	0.0	281.0	21.0	0.0	0.0	0.0	0.0	0.0	0.0	0.0	0.0	0.0	0.0	0.0	0.0	0.0	0.0	9.0	0.0	0.0	0.0	0.0	0.0	0.0	0.0	0.0	0.0
SRR11143663	508.0	4919.0	1325.0	0.0	1770.0	440.0	2656.0	0.0	195.0	230.0	361.0	0.0	96.0	17.0	0.0	0.0	0.0	0.0	0.0	0.0	86.0	26.0	0.0	0.0	0.0	0.0	0.0	0.0	0.0	0.0	0.0	0.0	0.0	0.0	0.0	0.0	0.0	0.0	0.0	0.0	0.0	0.0	0.0	0.0	0.0	0.0
SRR11143677	853.0	6833.0	1529.0	11.0	1322.0	555.0	7336.0	0.0	931.0	552.0	1169.0	23.0	312.0	0.0	0.0	0.0	0.0	57.0	0.0	0.0	52.0	29.0	0.0	0.0	0.0	0.0	0.0	0.0	0.0	0.0	0.0	0.0	0.0	0.0	0.0	0.0	0.0	0.0	0.0	0.0	0.0	0.0	0.0	0.0	0.0	0.0
SRR6439550	112.0	15975.0	2976.0	75.0	565.0	590.0	4978.0	0.0	1221.0	984.0	950.0	695.0	625.0	4.0	141.0	26.0	727.0	0.0	0.0	128.0	98.0	218.0	0.0	4.0	27.0	0.0	0.0	0.0	0.0	0.0	7.0	0.0	0.0	0.0	0.0	0.0	7.0	0.0	11.0	0.0	0.0	0.0	0.0	0.0	0.0	0.0
SRR6439551	34.0	11773.0	4858.0	0.0	506.0	128.0	1874.0	0.0	869.0	597.0	574.0	44.0	181.0	0.0	123.0	4.0	0.0	0.0	0.0	324.0	89.0	69.0	0.0	0.0	14.0	2.0	0.0	0.0	0.0	0.0	0.0	0.0	0.0	0.0	0.0	0.0	0.0	0.0	8.0	0.0	0.0	0.0	0.0	0.0	0.0	0.0
SRR6439552	15.0	7072.0	2510.0	50.0	265.0	31.0	1652.0	0.0	656.0	356.0	391.0	37.0	110.0	2.0	45.0	9.0	0.0	0.0	0.0	48.0	27.0	17.0	0.0	0.0	11.0	0.0	0.0	0.0	0.0	0.0	0.0	0.0	0.0	0.0	0.0	0.0	0.0	0.0	0.0	0.0	0.0	0.0	0.0	0.0	0.0	0.0
SRR6439553	35.0	20960.0	1537.0	7.0	119.0	506.0	391.0	0.0	451.0	348.0	139.0	42.0	66.0	5.0	69.0	9.0	3.0	0.0	3.0	36.0	51.0	87.0	0.0	0.0	9.0	4.0	0.0	0.0	0.0	0.0	0.0	0.0	0.0	0.0	0.0	0.0	0.0	0.0	0.0	0.0	0.0	0.0	0.0	0.0	0.0	0.0
SRR6439554	46.0	5081.0	2539.0	9.0	171.0	9.0	10917.0	0.0	1456.0	149.0	100.0	34.0	220.0	2.0	189.0	9.0	292.0	0.0	0.0	40.0	14.0	0.0	0.0	0.0	0.0	0.0	0.0	0.0	0.0	0.0	0.0	0.0	0.0	0.0	0.0	0.0	0.0	0.0	0.0	0.0	0.0	0.0	0.0	0.0	0.0	0.0
SRR6439555	26.0	5423.0	713.0	50.0	430.0	110.0	2181.0	0.0	1034.0	373.0	345.0	82.0	232.0	4.0	18.0	9.0	300.0	0.0	0.0	37.0	50.0	108.0	0.0	0.0	31.0	0.0	0.0	0.0	0.0	0.0	0.0	0.0	0.0	0.0	0.0	0.0	9.0	0.0	4.0	0.0	0.0	0.0	0.0	0.0	0.0	0.0
SRR6439556	27.0	10800.0	2248.0	0.0	261.0	89.0	6732.0	0.0	2311.0	318.0	380.0	30.0	209.0	0.0	53.0	25.0	1464.0	0.0	0.0	153.0	93.0	238.0	0.0	0.0	0.0	0.0	10.0	0.0	0.0	0.0	0.0	0.0	0.0	0.0	0.0	0.0	0.0	0.0	0.0	0.0	0.0	0.0	0.0	0.0	0.0	0.0
SRR6439558	0.0	14530.0	996.0	228.0	185.0	838.0	393.0	0.0	227.0	716.0	170.0	19.0	56.0	0.0	35.0	0.0	0.0	0.0	0.0	47.0	34.0	38.0	0.0	0.0	0.0	2.0	0.0	0.0	0.0	0.0	0.0	0.0	0.0	0.0	0.0	0.0	0.0	0.0	0.0	0.0	0.0	0.0	0.0	0.0	0.0	0.0
SRR6439570	38.0	8387.0	3298.0	10.0	136.0	120.0	10214.0	0.0	786.0	267.0	189.0	82.0	128.0	0.0	59.0	0.0	36.0	0.0	0.0	67.0	250.0	4.0	0.0	0.0	7.0	0.0	0.0	0.0	0.0	0.0	0.0	0.0	0.0	0.0	0.0	0.0	0.0	9.0	0.0	0.0	0.0	0.0	0.0	0.0	0.0	0.0
SRR6439571	53.0	8616.0	1041.0	28.0	316.0	109.0	9534.0	0.0	663.0	213.0	274.0	52.0	191.0	2.0	61.0	0.0	69.0	0.0	0.0	61.0	17.0	0.0	0.0	0.0	15.0	0.0	0.0	0.0	0.0	0.0	0.0	0.0	0.0	0.0	0.0	0.0	0.0	0.0	0.0	0.0	0.0	0.0	0.0	0.0	0.0	0.0
SRR6439573	44.0	7835.0	2411.0	80.0	155.0	483.0	3297.0	0.0	2222.0	1727.0	416.0	30.0	312.0	2.0	58.0	4.0	0.0	0.0	0.0	0.0	36.0	355.0	0.0	0.0	0.0	0.0	40.0	0.0	0.0	0.0	0.0	0.0	0.0	0.0	0.0	0.0	0.0	2.0	0.0	0.0	0.0	0.0	0.0	0.0	0.0	0.0
SRR6439575	28.0	8481.0	5420.0	0.0	100.0	0.0	10412.0	0.0	945.0	228.0	259.0	45.0	263.0	0.0	103.0	10.0	0.0	0.0	0.0	27.0	14.0	85.0	0.0	0.0	0.0	0.0	0.0	0.0	0.0	0.0	0.0	0.0	0.0	0.0	0.0	0.0	0.0	0.0	0.0	0.0	0.0	0.0	0.0	0.0	0.0	0.0
SRR6439582	6.0	37528.0	569.0	0.0	66.0	0.0	474.0	0.0	109.0	76.0	84.0	17.0	18.0	0.0	27.0	0.0	0.0	0.0	0.0	5.0	6.0	0.0	0.0	2.0	0.0	0.0	0.0	0.0	0.0	0.0	0.0	0.0	0.0	0.0	0.0	0.0	0.0	0.0	0.0	0.0	0.0	0.0	0.0	0.0	0.0	0.0
SRR6439583	22.0	31857.0	1559.0	15.0	141.0	28.0	1471.0	0.0	293.0	338.0	337.0	25.0	94.0	0.0	30.0	0.0	0.0	0.0	0.0	6.0	31.0	0.0	0.0	0.0	6.0	0.0	0.0	0.0	0.0	0.0	0.0	0.0	0.0	0.0	0.0	0.0	0.0	0.0	0.0	0.0	0.0	0.0	0.0	0.0	0.0	0.0
SRR6439594	19.0	6239.0	2750.0	0.0	329.0	397.0	2947.0	0.0	1057.0	614.0	628.0	33.0	252.0	2.0	45.0	0.0	3.0	3.0	0.0	369.0	16.0	166.0	0.0	0.0	0.0	3.0	0.0	0.0	0.0	0.0	0.0	0.0	0.0	0.0	0.0	0.0	3.0	0.0	0.0	0.0	0.0	0.0	0.0	0.0	0.0	0.0
SRR6439610	6.0	3237.0	951.0	42.0	36.0	122.0	10919.0	0.0	847.0	163.0	142.0	12.0	25.0	0.0	15.0	0.0	0.0	0.0	0.0	17.0	0.0	14.0	0.0	0.0	0.0	0.0	0.0	0.0	0.0	0.0	0.0	0.0	0.0	0.0	0.0	0.0	0.0	0.0	0.0	0.0	0.0	0.0	0.0	0.0	0.0	0.0
SRR6439612	11.0	5109.0	1938.0	0.0	62.0	6.0	9651.0	0.0	1953.0	281.0	324.0	10.0	94.0	0.0	14.0	9.0	0.0	0.0	0.0	73.0	2.0	85.0	0.0	0.0	0.0	0.0	0.0	0.0	0.0	0.0	0.0	0.0	0.0	0.0	0.0	0.0	0.0	0.0	0.0	0.0	0.0	0.0	0.0	0.0	0.0	0.0
SRR6439613	33.0	5525.0	1434.0	0.0	281.0	0.0	1379.0	0.0	1499.0	450.0	709.0	94.0	360.0	0.0	30.0	0.0	0.0	0.0	0.0	0.0	102.0	99.0	0.0	2.0	0.0	0.0	10.0	0.0	0.0	0.0	0.0	0.0	0.0	0.0	0.0	0.0	0.0	0.0	0.0	0.0	0.0	0.0	0.0	0.0	0.0	0.0
SRR6439615	10.0	7241.0	862.0	31.0	102.0	17.0	674.0	0.0	1109.0	679.0	206.0	161.0	280.0	3.0	0.0	0.0	0.0	0.0	0.0	4.0	57.0	42.0	0.0	5.0	0.0	0.0	0.0	0.0	0.0	0.0	0.0	0.0	0.0	0.0	0.0	0.0	0.0	0.0	0.0	0.0	0.0	0.0	0.0	0.0	0.0	0.0
SRR6439622	23.0	6266.0	1821.0	0.0	190.0	125.0	9189.0	0.0	1043.0	239.0	319.0	26.0	232.0	0.0	32.0	3.0	6.0	0.0	0.0	39.0	80.0	18.0	0.0	0.0	15.0	6.0	0.0	0.0	0.0	0.0	0.0	0.0	0.0	0.0	0.0	0.0	0.0	0.0	0.0	0.0	0.0	0.0	0.0	0.0	0.0	0.0
SRR6439625	4.0	10432.0	1608.0	0.0	63.0	89.0	791.0	0.0	996.0	905.0	222.0	131.0	330.0	2.0	79.0	10.0	0.0	0.0	0.0	5.0	62.0	388.0	0.0	0.0	0.0	0.0	5.0	0.0	0.0	0.0	0.0	0.0	0.0	0.0	0.0	0.0	0.0	0.0	6.0	0.0	0.0	0.0	0.0	0.0	0.0	0.0
SRR6439627	31.0	6013.0	3628.0	0.0	179.0	688.0	1994.0	0.0	1150.0	617.0	515.0	41.0	150.0	0.0	60.0	0.0	0.0	0.0	0.0	5.0	49.0	152.0	0.0	0.0	0.0	0.0	0.0	0.0	0.0	0.0	0.0	0.0	0.0	0.0	0.0	0.0	0.0	0.0	2.0	0.0	0.0	0.0	0.0	0.0	0.0	0.0
SRR6439643	62.0	12949.0	3893.0	0.0	494.0	9.0	4788.0	0.0	1853.0	737.0	352.0	145.0	289.0	0.0	98.0	0.0	310.0	0.0	0.0	8.0	76.0	36.0	0.0	0.0	32.0	2.0	0.0	0.0	0.0	0.0	2.0	0.0	0.0	0.0	0.0	0.0	4.0	0.0	0.0	0.0	0.0	0.0	0.0	0.0	0.0	0.0
SRR6439649	82.0	9680.0	2055.0	0.0	96.0	0.0	2267.0	0.0	932.0	153.0	134.0	43.0	78.0	0.0	27.0	2.0	0.0	0.0	0.0	31.0	0.0	0.0	0.0	0.0	0.0	0.0	0.0	0.0	0.0	0.0	0.0	0.0	0.0	0.0	0.0	0.0	0.0	30.0	0.0	0.0	0.0	0.0	0.0	0.0	0.0	0.0
SRR6439674	128.0	25190.0	6968.0	3.0	411.0	814.0	1755.0	0.0	1912.0	3764.0	1003.0	142.0	906.0	0.0	530.0	60.0	5.0	0.0	6.0	9.0	390.0	642.0	0.0	0.0	8.0	0.0	18.0	0.0	0.0	0.0	0.0	0.0	0.0	8.0	0.0	0.0	0.0	0.0	66.0	0.0	0.0	0.0	0.0	0.0	0.0	0.0
SRR6439675	14.0	6809.0	1726.0	0.0	228.0	222.0	918.0	0.0	764.0	1139.0	592.0	21.0	117.0	2.0	93.0	0.0	3.0	0.0	0.0	9.0	71.0	135.0	0.0	0.0	0.0	0.0	0.0	0.0	0.0	0.0	0.0	0.0	0.0	0.0	0.0	0.0	0.0	0.0	17.0	0.0	0.0	0.0	0.0	0.0	0.0	0.0
SRR6439676	2.0	7261.0	2422.0	0.0	52.0	206.0	1669.0	0.0	606.0	501.0	206.0	36.0	84.0	0.0	73.0	3.0	0.0	0.0	2.0	31.0	132.0	176.0	0.0	0.0	0.0	0.0	0.0	0.0	0.0	0.0	0.0	0.0	0.0	0.0	0.0	0.0	0.0	0.0	4.0	0.0	0.0	0.0	0.0	0.0	0.0	0.0
SRR6439677	17.0	6302.0	1990.0	28.0	157.0	165.0	1206.0	0.0	722.0	975.0	382.0	57.0	122.0	0.0	62.0	0.0	0.0	0.0	0.0	0.0	120.0	620.0	0.0	0.0	0.0	0.0	0.0	0.0	0.0	0.0	0.0	0.0	0.0	0.0	0.0	0.0	0.0	0.0	0.0	0.0	0.0	0.0	0.0	0.0	0.0	0.0
SRR6439680	12.0	16592.0	1078.0	0.0	149.0	85.0	896.0	0.0	182.0	676.0	169.0	38.0	153.0	2.0	39.0	15.0	0.0	0.0	0.0	0.0	59.0	0.0	0.0	0.0	10.0	0.0	0.0	0.0	0.0	0.0	0.0	0.0	0.0	0.0	0.0	0.0	0.0	0.0	0.0	0.0	0.0	0.0	0.0	0.0	0.0	0.0
SRR6439681	0.0	34060.0	862.0	0.0	60.0	71.0	711.0	0.0	132.0	225.0	195.0	5.0	27.0	2.0	32.0	4.0	0.0	0.0	0.0	0.0	10.0	0.0	0.0	0.0	0.0	0.0	0.0	0.0	0.0	0.0	0.0	0.0	0.0	0.0	0.0	0.0	0.0	0.0	0.0	0.0	0.0	0.0	0.0	0.0	0.0	0.0
SRR6439683	10.0	5577.0	1179.0	0.0	178.0	0.0	1895.0	0.0	1406.0	526.0	438.0	58.0	502.0	3.0	48.0	41.0	0.0	0.0	0.0	43.0	40.0	52.0	0.0	0.0	0.0	0.0	21.0	0.0	0.0	0.0	0.0	0.0	0.0	0.0	0.0	0.0	2.0	0.0	0.0	0.0	0.0	0.0	0.0	0.0	0.0	0.0
SRR6439685	17.0	3477.0	2278.0	10.0	63.0	9.0	3387.0	0.0	1026.0	218.0	190.0	34.0	76.0	0.0	11.0	29.0	0.0	0.0	0.0	0.0	14.0	29.0	0.0	0.0	0.0	0.0	0.0	0.0	0.0	0.0	0.0	0.0	0.0	0.0	0.0	0.0	0.0	0.0	0.0	0.0	0.0	0.0	0.0	0.0	0.0	0.0
SRR6439708	26.0	6230.0	1066.0	5.0	108.0	115.0	346.0	0.0	835.0	1661.0	200.0	26.0	250.0	0.0	38.0	0.0	5.0	0.0	0.0	13.0	41.0	382.0	0.0	0.0	0.0	0.0	11.0	0.0	0.0	0.0	0.0	0.0	0.0	0.0	0.0	0.0	0.0	0.0	0.0	0.0	0.0	0.0	0.0	0.0	0.0	0.0
SRR6439709	0.0	6038.0	1394.0	60.0	73.0	432.0	2451.0	0.0	717.0	993.0	136.0	86.0	215.0	0.0	0.0	13.0	0.0	0.0	3.0	90.0	170.0	298.0	0.0	0.0	0.0	0.0	17.0	0.0	0.0	0.0	0.0	0.0	0.0	0.0	0.0	0.0	0.0	0.0	0.0	0.0	0.0	0.0	0.0	0.0	0.0	0.0
SRR6439710	30.0	6513.0	4521.0	0.0	217.0	740.0	16714.0	0.0	1250.0	654.0	477.0	63.0	266.0	0.0	53.0	7.0	0.0	0.0	0.0	64.0	235.0	174.0	0.0	0.0	0.0	0.0	0.0	0.0	0.0	0.0	0.0	0.0	0.0	0.0	0.0	0.0	0.0	0.0	0.0	0.0	0.0	0.0	0.0	0.0	0.0	0.0
SRR6439718	7.0	34353.0	1126.0	47.0	117.0	32.0	120.0	0.0	831.0	498.0	95.0	6.0	141.0	0.0	8.0	0.0	0.0	0.0	0.0	22.0	203.0	235.0	0.0	0.0	0.0	0.0	0.0	0.0	0.0	0.0	0.0	0.0	0.0	0.0	0.0	0.0	0.0	0.0	0.0	0.0	0.0	0.0	0.0	0.0	0.0	0.0
SRR6439720	5.0	20509.0	1731.0	0.0	17.0	182.0	657.0	0.0	202.0	127.0	147.0	9.0	110.0	0.0	7.0	0.0	0.0	0.0	0.0	6.0	40.0	37.0	0.0	0.0	0.0	0.0	0.0	0.0	0.0	0.0	0.0	0.0	0.0	3.0	0.0	0.0	0.0	0.0	0.0	0.0	0.0	0.0	0.0	0.0	0.0	0.0
SRR6439721	7.0	9099.0	5298.0	0.0	159.0	671.0	3950.0	0.0	1234.0	202.0	585.0	6.0	106.0	0.0	31.0	0.0	0.0	0.0	0.0	4.0	6.0	25.0	0.0	0.0	3.0	0.0	0.0	0.0	0.0	0.0	0.0	0.0	0.0	0.0	0.0	0.0	0.0	0.0	0.0	0.0	0.0	0.0	0.0	0.0	0.0	0.0
SRR6440309	22.0	24572.0	5514.0	54.0	187.0	11.0	3227.0	0.0	7330.0	628.0	1109.0	128.0	467.0	0.0	95.0	99.0	3478.0	0.0	0.0	75.0	41.0	1419.0	0.0	0.0	0.0	0.0	11.0	0.0	0.0	2.0	0.0	0.0	0.0	0.0	0.0	0.0	0.0	0.0	42.0	0.0	0.0	0.0	0.0	0.0	0.0	0.0
SRR6440313	3.0	2671.0	2052.0	0.0	98.0	217.0	8566.0	0.0	529.0	161.0	228.0	5.0	63.0	5.0	8.0	0.0	0.0	0.0	0.0	8.0	83.0	16.0	0.0	0.0	5.0	6.0	0.0	0.0	0.0	0.0	0.0	0.0	0.0	0.0	0.0	0.0	0.0	6.0	0.0	0.0	0.0	0.0	0.0	0.0	0.0	0.0
SRR6440314	4.0	7059.0	2000.0	0.0	180.0	695.0	2660.0	0.0	1560.0	872.0	274.0	29.0	217.0	3.0	90.0	39.0	8.0	0.0	0.0	25.0	172.0	162.0	0.0	2.0	0.0	0.0	5.0	0.0	0.0	0.0	0.0	0.0	0.0	0.0	0.0	0.0	0.0	0.0	26.0	0.0	0.0	0.0	0.0	0.0	0.0	0.0
SRR6440315	8.0	9090.0	1773.0	6.0	350.0	4336.0	2811.0	0.0	1988.0	1043.0	379.0	32.0	311.0	3.0	61.0	19.0	0.0	0.0	0.0	90.0	453.0	349.0	0.0	0.0	4.0	0.0	22.0	0.0	0.0	0.0	0.0	0.0	0.0	0.0	0.0	0.0	0.0	0.0	0.0	0.0	0.0	0.0	0.0	0.0	0.0	0.0
SRR6440317	3.0	7095.0	2100.0	8.0	306.0	6008.0	3257.0	0.0	1560.0	740.0	459.0	43.0	230.0	2.0	68.0	45.0	5.0	0.0	0.0	249.0	621.0	408.0	0.0	0.0	0.0	0.0	17.0	0.0	0.0	0.0	0.0	0.0	0.0	4.0	0.0	0.0	0.0	0.0	0.0	0.0	0.0	0.0	0.0	0.0	0.0	0.0
SRR6440318	26.0	30522.0	4601.0	43.0	692.0	8281.0	6017.0	0.0	4099.0	4084.0	1374.0	112.0	1089.0	7.0	144.0	7.0	0.0	0.0	0.0	518.0	1919.0	912.0	0.0	0.0	0.0	0.0	7.0	0.0	0.0	0.0	0.0	0.0	0.0	0.0	0.0	0.0	0.0	0.0	28.0	0.0	0.0	0.0	0.0	3.0	0.0	0.0
SRR6440329	591.0	25024.0	4984.0	8.0	1024.0	125.0	64600.0	0.0	3559.0	1257.0	888.0	118.0	621.0	9.0	199.0	13.0	967.0	0.0	0.0	93.0	66.0	2.0	0.0	0.0	22.0	0.0	0.0	0.0	0.0	0.0	0.0	0.0	0.0	0.0	0.0	0.0	0.0	0.0	15.0	0.0	0.0	0.0	0.0	0.0	0.0	0.0
SRR6440330	4.0	7147.0	1040.0	0.0	98.0	29.0	4424.0	0.0	322.0	103.0	64.0	20.0	81.0	0.0	23.0	0.0	0.0	0.0	0.0	9.0	51.0	10.0	0.0	0.0	0.0	0.0	0.0	0.0	0.0	0.0	0.0	0.0	0.0	0.0	0.0	0.0	0.0	0.0	0.0	0.0	0.0	0.0	0.0	0.0	0.0	0.0
SRR6440332	27.0	12938.0	3011.0	0.0	231.0	20.0	4699.0	0.0	872.0	996.0	634.0	131.0	315.0	5.0	82.0	2.0	0.0	0.0	0.0	120.0	80.0	79.0	0.0	0.0	7.0	0.0	0.0	0.0	0.0	0.0	0.0	0.0	0.0	0.0	0.0	0.0	0.0	0.0	4.0	0.0	0.0	0.0	0.0	0.0	0.0	0.0
SRR6440333	9.0	4297.0	1420.0	0.0	119.0	514.0	6293.0	0.0	547.0	198.0	335.0	20.0	61.0	0.0	34.0	0.0	0.0	0.0	0.0	18.0	40.0	5.0	0.0	0.0	0.0	0.0	0.0	0.0	0.0	0.0	0.0	0.0	0.0	0.0	0.0	0.0	0.0	0.0	14.0	0.0	0.0	0.0	0.0	0.0	0.0	0.0
SRR6440334	78.0	34680.0	3925.0	4.0	252.0	878.0	55765.0	69.0	817.0	352.0	791.0	115.0	295.0	3.0	323.0	0.0	2.0	0.0	0.0	27.0	36.0	0.0	0.0	0.0	0.0	0.0	0.0	0.0	0.0	0.0	0.0	0.0	0.0	0.0	0.0	0.0	0.0	12.0	0.0	0.0	0.0	0.0	0.0	0.0	0.0	0.0
SRR6440335	51.0	24357.0	4210.0	15.0	174.0	2906.0	5209.0	0.0	2716.0	2574.0	397.0	292.0	930.0	8.0	85.0	9.0	0.0	0.0	0.0	60.0	317.0	1811.0	0.0	3.0	0.0	0.0	21.0	0.0	0.0	0.0	0.0	0.0	0.0	0.0	0.0	0.0	0.0	0.0	0.0	0.0	0.0	0.0	0.0	0.0	0.0	0.0
SRR6440336	19.0	11854.0	2208.0	131.0	725.0	6620.0	7050.0	5.0	815.0	1424.0	378.0	20.0	904.0	12.0	79.0	39.0	5.0	10.0	0.0	403.0	981.0	147.0	0.0	0.0	28.0	3.0	19.0	0.0	0.0	0.0	0.0	0.0	0.0	0.0	0.0	0.0	3.0	0.0	7.0	0.0	0.0	0.0	0.0	0.0	0.0	0.0
SRR6440337	43.0	23776.0	5713.0	12.0	789.0	13492.0	7001.0	0.0	1848.0	2706.0	1174.0	391.0	930.0	20.0	196.0	8.0	0.0	0.0	0.0	890.0	1081.0	190.0	0.0	0.0	18.0	14.0	31.0	0.0	0.0	0.0	0.0	0.0	0.0	0.0	0.0	0.0	2.0	24.0	44.0	0.0	0.0	0.0	0.0	0.0	0.0	0.0
SRR6440339	0.0	9397.0	764.0	715.0	8.0	39446.0	1777.0	0.0	445.0	724.0	151.0	3.0	168.0	0.0	23.0	27.0	0.0	0.0	0.0	697.0	29.0	971.0	0.0	0.0	6.0	0.0	6.0	0.0	0.0	0.0	0.0	0.0	0.0	0.0	0.0	0.0	0.0	0.0	0.0	0.0	0.0	0.0	0.0	0.0	0.0	0.0
SRR6440340	324.0	22518.0	3995.0	0.0	333.0	134.0	25673.0	6.0	1375.0	1002.0	547.0	176.0	674.0	0.0	90.0	18.0	112.0	0.0	0.0	136.0	43.0	31.0	0.0	5.0	0.0	0.0	0.0	0.0	0.0	0.0	0.0	0.0	0.0	0.0	0.0	0.0	6.0	0.0	9.0	0.0	0.0	0.0	0.0	0.0	0.0	0.0
SRR6440341	39.0	6308.0	2915.0	0.0	185.0	27.0	26333.0	0.0	1413.0	180.0	366.0	19.0	155.0	0.0	78.0	6.0	68.0	0.0	0.0	6.0	3.0	10.0	0.0	0.0	6.0	0.0	0.0	0.0	0.0	0.0	0.0	0.0	0.0	0.0	0.0	0.0	0.0	0.0	10.0	0.0	0.0	0.0	0.0	0.0	0.0	0.0
SRR6440342	17.0	7539.0	1670.0	26.0	127.0	76.0	199.0	0.0	1123.0	1076.0	366.0	27.0	397.0	7.0	51.0	10.0	0.0	0.0	0.0	285.0	67.0	60.0	0.0	0.0	0.0	0.0	13.0	0.0	0.0	0.0	0.0	0.0	0.0	4.0	0.0	0.0	7.0	0.0	0.0	0.0	0.0	0.0	0.0	0.0	0.0	0.0
SRR6440344	116.0	31168.0	13929.0	0.0	660.0	229.0	47244.0	7.0	4113.0	880.0	1472.0	291.0	1288.0	7.0	162.0	35.0	180.0	0.0	0.0	96.0	780.0	1051.0	0.0	8.0	46.0	0.0	0.0	0.0	0.0	0.0	0.0	0.0	0.0	0.0	0.0	0.0	3.0	0.0	24.0	0.0	0.0	0.0	0.0	0.0	0.0	0.0
SRR6440345	82.0	17005.0	3447.0	176.0	618.0	712.0	5776.0	0.0	3335.0	896.0	936.0	604.0	1248.0	5.0	76.0	37.0	2824.0	7.0	3.0	338.0	561.0	242.0	0.0	0.0	13.0	0.0	30.0	0.0	0.0	0.0	2.0	0.0	0.0	0.0	0.0	0.0	0.0	16.0	12.0	0.0	0.0	0.0	0.0	0.0	0.0	0.0
SRR6440347	15.0	5224.0	1718.0	0.0	121.0	11.0	10444.0	0.0	1490.0	106.0	199.0	15.0	47.0	0.0	26.0	0.0	15.0	0.0	0.0	29.0	44.0	10.0	0.0	0.0	0.0	0.0	0.0	0.0	0.0	0.0	0.0	0.0	0.0	0.0	0.0	0.0	0.0	0.0	7.0	0.0	0.0	0.0	0.0	0.0	0.0	0.0
SRR6440348	94.0	27865.0	16065.0	14.0	777.0	290.0	76289.0	0.0	5181.0	553.0	1337.0	174.0	437.0	0.0	121.0	12.0	470.0	4.0	0.0	125.0	359.0	51.0	0.0	0.0	23.0	0.0	0.0	0.0	0.0	0.0	0.0	0.0	0.0	0.0	0.0	0.0	0.0	0.0	23.0	0.0	0.0	0.0	0.0	0.0	0.0	0.0
SRR6440358	4.0	3295.0	489.0	0.0	118.0	140.0	7008.0	0.0	787.0	103.0	151.0	20.0	119.0	2.0	8.0	0.0	435.0	0.0	0.0	3.0	35.0	29.0	0.0	0.0	44.0	0.0	0.0	0.0	0.0	0.0	0.0	0.0	0.0	0.0	0.0	0.0	2.0	0.0	4.0	0.0	0.0	0.0	0.0	0.0	0.0	0.0
SRR6440359	11.0	54379.0	2499.0	150.0	86.0	745.0	974.0	0.0	1540.0	565.0	328.0	105.0	596.0	5.0	41.0	7.0	0.0	0.0	0.0	18.0	188.0	181.0	0.0	0.0	0.0	0.0	0.0	0.0	0.0	0.0	0.0	0.0	0.0	16.0	0.0	0.0	0.0	0.0	0.0	0.0	0.0	0.0	0.0	0.0	0.0	0.0
SRR6440364	24.0	5191.0	4243.0	0.0	154.0	39.0	10294.0	0.0	1829.0	220.0	271.0	62.0	193.0	4.0	34.0	6.0	127.0	0.0	0.0	31.0	48.0	31.0	0.0	0.0	0.0	0.0	0.0	0.0	0.0	0.0	0.0	0.0	0.0	0.0	0.0	0.0	0.0	0.0	0.0	0.0	0.0	0.0	0.0	0.0	0.0	0.0
SRR6440365	32.0	5276.0	668.0	0.0	90.0	62.0	10890.0	0.0	716.0	152.0	77.0	19.0	131.0	0.0	57.0	0.0	17.0	0.0	0.0	19.0	7.0	3.0	0.0	0.0	0.0	0.0	0.0	0.0	0.0	0.0	0.0	0.0	0.0	0.0	0.0	0.0	0.0	0.0	0.0	0.0	0.0	0.0	0.0	0.0	0.0	0.0
SRR6440369	95.0	11774.0	4111.0	0.0	202.0	552.0	1467.0	2.0	1991.0	352.0	140.0	119.0	258.0	13.0	8.0	2.0	0.0	0.0	0.0	3.0	166.0	188.0	0.0	0.0	0.0	0.0	0.0	0.0	0.0	0.0	5.0	0.0	0.0	0.0	0.0	0.0	0.0	0.0	0.0	0.0	0.0	0.0	0.0	0.0	0.0	0.0
SRR6440370	97.0	22851.0	4798.0	833.0	1176.0	352.0	14779.0	0.0	4258.0	1030.0	1765.0	255.0	1303.0	4.0	232.0	60.0	1828.0	0.0	0.0	289.0	97.0	555.0	0.0	9.0	41.0	15.0	7.0	0.0	0.0	0.0	0.0	0.0	0.0	0.0	0.0	0.0	11.0	0.0	0.0	0.0	0.0	0.0	0.0	0.0	0.0	0.0
SRR6440371	54.0	5219.0	1923.0	0.0	146.0	46.0	9988.0	0.0	990.0	262.0	300.0	32.0	155.0	0.0	17.0	0.0	0.0	0.0	0.0	15.0	29.0	30.0	0.0	3.0	0.0	0.0	0.0	0.0	0.0	0.0	0.0	0.0	0.0	0.0	0.0	0.0	0.0	0.0	0.0	0.0	0.0	0.0	0.0	0.0	0.0	0.0
SRR6440374	15.0	21046.0	1449.0	237.0	363.0	239.0	944.0	0.0	525.0	750.0	245.0	31.0	324.0	4.0	24.0	10.0	0.0	0.0	0.0	8.0	161.0	376.0	0.0	0.0	0.0	0.0	24.0	0.0	0.0	0.0	0.0	0.0	0.0	0.0	0.0	0.0	0.0	0.0	0.0	0.0	0.0	0.0	0.0	0.0	0.0	0.0
SRR6440375	219.0	50074.0	18117.0	73.0	1456.0	7751.0	11025.0	0.0	6995.0	5952.0	3077.0	1158.0	2095.0	11.0	282.0	68.0	36.0	0.0	8.0	435.0	1496.0	2365.0	0.0	0.0	28.0	37.0	148.0	0.0	0.0	0.0	4.0	0.0	0.0	8.0	0.0	0.0	0.0	32.0	19.0	0.0	0.0	0.0	0.0	0.0	0.0	0.0
SRR6440377	17.0	5347.0	2360.0	0.0	104.0	21.0	1354.0	0.0	677.0	567.0	248.0	41.0	127.0	0.0	63.0	0.0	0.0	0.0	0.0	9.0	32.0	74.0	0.0	0.0	4.0	0.0	0.0	0.0	0.0	0.0	0.0	0.0	0.0	0.0	0.0	0.0	0.0	0.0	0.0	0.0	0.0	0.0	0.0	0.0	0.0	0.0
SRR6440389	322.0	32969.0	15165.0	0.0	1043.0	2537.0	42532.0	3.0	9293.0	1472.0	2938.0	378.0	1408.0	66.0	602.0	12.0	1530.0	0.0	0.0	175.0	84.0	238.0	0.0	0.0	12.0	3.0	0.0	0.0	0.0	0.0	0.0	0.0	0.0	0.0	0.0	0.0	0.0	0.0	10.0	0.0	0.0	0.0	0.0	0.0	0.0	0.0
SRR6440392	10.0	35947.0	1172.0	0.0	103.0	3324.0	122.0	0.0	223.0	260.0	101.0	18.0	69.0	2.0	10.0	7.0	0.0	0.0	0.0	10.0	5.0	0.0	0.0	0.0	0.0	0.0	0.0	0.0	0.0	0.0	0.0	0.0	0.0	0.0	0.0	0.0	0.0	0.0	0.0	0.0	0.0	0.0	0.0	0.0	0.0	0.0
SRR6440393	60.0	38165.0	6653.0	52.0	483.0	436.0	1256.0	0.0	2307.0	2322.0	467.0	149.0	931.0	0.0	102.0	90.0	0.0	6.0	0.0	65.0	254.0	203.0	0.0	0.0	9.0	0.0	18.0	0.0	0.0	0.0	0.0	0.0	0.0	0.0	0.0	0.0	0.0	0.0	74.0	0.0	0.0	0.0	0.0	0.0	0.0	0.0
SRR6440395	3.0	13800.0	1701.0	770.0	489.0	432.0	1127.0	2.0	3569.0	217.0	288.0	102.0	108.0	0.0	20.0	43.0	1327.0	0.0	0.0	13.0	50.0	1255.0	0.0	0.0	0.0	0.0	8.0	0.0	0.0	0.0	0.0	0.0	0.0	0.0	0.0	0.0	0.0	0.0	0.0	0.0	0.0	0.0	0.0	0.0	0.0	0.0
SRR6440399	17.0	26163.0	8157.0	5.0	215.0	279.0	3838.0	0.0	1136.0	640.0	389.0	15.0	304.0	2.0	67.0	12.0	0.0	0.0	0.0	38.0	42.0	38.0	0.0	0.0	0.0	0.0	0.0	0.0	0.0	0.0	0.0	0.0	0.0	0.0	0.0	0.0	0.0	0.0	9.0	0.0	0.0	0.0	0.0	0.0	0.0	0.0
SRR6440400	36.0	16490.0	3224.0	5.0	328.0	439.0	629.0	0.0	577.0	2203.0	410.0	53.0	459.0	0.0	42.0	65.0	3.0	0.0	0.0	75.0	19.0	21.0	0.0	4.0	0.0	0.0	0.0	0.0	0.0	0.0	0.0	0.0	0.0	0.0	0.0	0.0	0.0	0.0	59.0	0.0	0.0	0.0	0.0	0.0	0.0	0.0
SRR6440401	13.0	16322.0	476.0	3.0	55.0	43.0	2008.0	0.0	98.0	20.0	52.0	0.0	3.0	3.0	14.0	0.0	0.0	0.0	0.0	0.0	0.0	0.0	0.0	0.0	0.0	2.0	0.0	0.0	0.0	0.0	0.0	0.0	0.0	0.0	0.0	0.0	0.0	0.0	0.0	0.0	0.0	0.0	0.0	0.0	0.0	0.0
SRR6440412	18.0	22994.0	1114.0	2406.0	967.0	1803.0	9419.0	0.0	2833.0	1666.0	877.0	80.0	780.0	4.0	63.0	21.0	7.0	571.0	0.0	1244.0	292.0	313.0	0.0	0.0	0.0	10.0	13.0	0.0	0.0	0.0	0.0	0.0	0.0	0.0	0.0	0.0	4.0	0.0	14.0	0.0	0.0	0.0	0.0	0.0	0.0	0.0
SRR6440413	18.0	112563.0	3198.0	61.0	341.0	383.0	987.0	0.0	1633.0	627.0	233.0	328.0	538.0	0.0	146.0	6.0	0.0	0.0	0.0	19.0	193.0	158.0	0.0	0.0	22.0	0.0	8.0	0.0	0.0	0.0	0.0	0.0	0.0	11.0	0.0	0.0	0.0	0.0	12.0	0.0	0.0	0.0	0.0	0.0	0.0	0.0
SRR6440414	118.0	45681.0	8629.0	579.0	1908.0	1626.0	1336.0	0.0	3912.0	2726.0	1001.0	338.0	1567.0	4.0	479.0	20.0	10.0	0.0	0.0	297.0	251.0	268.0	0.0	0.0	9.0	7.0	5.0	3.0	0.0	0.0	0.0	0.0	0.0	12.0	0.0	0.0	7.0	0.0	110.0	0.0	0.0	0.0	0.0	0.0	0.0	0.0
SRR6440422	30.0	17385.0	7461.0	0.0	539.0	3437.0	6029.0	0.0	1393.0	1234.0	1087.0	147.0	592.0	8.0	175.0	4.0	0.0	0.0	0.0	8.0	101.0	337.0	0.0	0.0	0.0	5.0	0.0	0.0	0.0	0.0	4.0	0.0	0.0	0.0	0.0	0.0	0.0	0.0	0.0	0.0	0.0	0.0	0.0	0.0	0.0	0.0
SRR6440426	57.0	22592.0	6389.0	39.0	1098.0	3784.0	3097.0	0.0	2805.0	5248.0	728.0	306.0	1439.0	4.0	81.0	68.0	0.0	0.0	0.0	51.0	511.0	1901.0	0.0	4.0	16.0	0.0	165.0	0.0	0.0	0.0	0.0	0.0	0.0	0.0	0.0	0.0	0.0	490.0	47.0	0.0	0.0	0.0	0.0	0.0	0.0	0.0
SRR6440427	16.0	8416.0	3182.0	23.0	216.0	324.0	4360.0	0.0	1439.0	777.0	516.0	27.0	313.0	4.0	85.0	0.0	2.0	0.0	0.0	64.0	148.0	211.0	0.0	0.0	9.0	0.0	0.0	0.0	0.0	0.0	0.0	0.0	0.0	0.0	0.0	0.0	0.0	6.0	0.0	0.0	0.0	0.0	0.0	0.0	0.0	0.0
SRR6440428	32.0	3999.0	2277.0	0.0	91.0	235.0	3327.0	0.0	715.0	415.0	273.0	22.0	131.0	4.0	48.0	7.0	0.0	0.0	0.0	78.0	188.0	50.0	0.0	4.0	0.0	9.0	0.0	0.0	2.0	0.0	0.0	0.0	0.0	0.0	0.0	0.0	0.0	0.0	5.0	0.0	0.0	0.0	0.0	0.0	0.0	0.0
SRR6440429	157.0	5027.0	2949.0	0.0	348.0	2430.0	5455.0	0.0	710.0	628.0	740.0	45.0	460.0	12.0	58.0	10.0	0.0	0.0	0.0	356.0	233.0	25.0	0.0	0.0	0.0	0.0	0.0	0.0	0.0	0.0	0.0	0.0	0.0	0.0	0.0	0.0	0.0	0.0	0.0	0.0	0.0	0.0	0.0	0.0	0.0	0.0
SRR6440430	363.0	41941.0	28989.0	59.0	2375.0	3451.0	53754.0	0.0	9254.0	4584.0	6360.0	338.0	1532.0	69.0	371.0	76.0	41.0	0.0	0.0	283.0	508.0	1203.0	0.0	0.0	0.0	12.0	26.0	0.0	0.0	0.0	0.0	0.0	0.0	0.0	0.0	0.0	4.0	0.0	82.0	0.0	0.0	0.0	0.0	0.0	0.0	0.0
SRR6440431	9.0	44633.0	1318.0	71.0	204.0	1974.0	1697.0	0.0	336.0	969.0	333.0	344.0	1736.0	184.0	151.0	16.0	6.0	30.0	0.0	24.0	45.0	17.0	0.0	7.0	6.0	0.0	0.0	0.0	0.0	0.0	0.0	0.0	0.0	12.0	0.0	0.0	0.0	0.0	68.0	0.0	0.0	0.0	0.0	0.0	0.0	0.0
SRR6440449	120.0	38958.0	12195.0	0.0	1080.0	115.0	4887.0	6.0	6542.0	3306.0	3897.0	419.0	1249.0	34.0	404.0	6.0	0.0	0.0	0.0	127.0	254.0	64.0	0.0	0.0	0.0	0.0	0.0	0.0	0.0	0.0	0.0	0.0	0.0	0.0	0.0	0.0	0.0	0.0	0.0	0.0	0.0	0.0	0.0	0.0	0.0	0.0
SRR6440450	33.0	13280.0	2983.0	33.0	397.0	98.0	7370.0	0.0	3872.0	505.0	864.0	199.0	388.0	5.0	79.0	14.0	979.0	0.0	0.0	282.0	32.0	538.0	0.0	0.0	0.0	0.0	0.0	0.0	0.0	0.0	0.0	0.0	0.0	0.0	0.0	0.0	3.0	0.0	0.0	0.0	0.0	0.0	0.0	0.0	0.0	0.0
SRR6440451	84.0	15862.0	4532.0	0.0	482.0	0.0	3001.0	6.0	4203.0	1810.0	1693.0	114.0	532.0	3.0	228.0	6.0	0.0	0.0	0.0	31.0	138.0	309.0	0.0	0.0	0.0	6.0	0.0	0.0	0.0	0.0	0.0	0.0	0.0	0.0	0.0	0.0	0.0	0.0	0.0	0.0	0.0	0.0	0.0	0.0	0.0	0.0
SRR6440452	146.0	16135.0	4278.0	0.0	716.0	39.0	21390.0	11.0	2869.0	752.0	945.0	142.0	953.0	28.0	220.0	38.0	0.0	0.0	0.0	66.0	63.0	27.0	0.0	0.0	3.0	0.0	0.0	0.0	0.0	0.0	0.0	0.0	0.0	0.0	0.0	0.0	2.0	0.0	24.0	0.0	0.0	0.0	0.0	0.0	0.0	0.0
SRR6440453	12.0	5227.0	1390.0	0.0	139.0	235.0	6635.0	0.0	944.0	178.0	380.0	20.0	295.0	0.0	30.0	12.0	0.0	0.0	0.0	11.0	75.0	36.0	0.0	0.0	0.0	4.0	0.0	0.0	0.0	0.0	0.0	0.0	0.0	0.0	0.0	0.0	2.0	0.0	0.0	0.0	0.0	0.0	0.0	0.0	0.0	0.0
SRR6440455	56.0	8365.0	2384.0	0.0	135.0	404.0	6108.0	0.0	1949.0	562.0	372.0	64.0	367.0	3.0	86.0	10.0	4.0	0.0	0.0	19.0	95.0	136.0	0.0	0.0	7.0	0.0	8.0	0.0	0.0	0.0	0.0	0.0	0.0	0.0	0.0	0.0	0.0	0.0	0.0	0.0	0.0	0.0	0.0	0.0	0.0	0.0
SRR6440456	365.0	126175.0	33088.0	16.0	1275.0	971.0	24342.0	0.0	5922.0	1360.0	4805.0	94.0	486.0	7.0	291.0	0.0	2.0	0.0	0.0	73.0	172.0	8.0	0.0	0.0	44.0	21.0	0.0	0.0	0.0	0.0	0.0	0.0	0.0	0.0	0.0	19.0	0.0	14.0	14.0	0.0	0.0	0.0	0.0	0.0	0.0	0.0
SRR6440458	11.0	14584.0	1191.0	0.0	34.0	115.0	5585.0	0.0	297.0	46.0	113.0	5.0	36.0	0.0	21.0	0.0	0.0	0.0	0.0	0.0	3.0	0.0	0.0	0.0	0.0	0.0	0.0	0.0	0.0	0.0	0.0	0.0	0.0	0.0	0.0	0.0	0.0	0.0	0.0	0.0	0.0	0.0	0.0	0.0	0.0	0.0
SRR6440459	12.0	15528.0	2093.0	29.0	78.0	29.0	1213.0	0.0	596.0	311.0	274.0	15.0	111.0	5.0	17.0	0.0	0.0	0.0	0.0	4.0	36.0	16.0	0.0	0.0	0.0	0.0	0.0	0.0	0.0	0.0	0.0	0.0	0.0	0.0	0.0	0.0	0.0	0.0	0.0	0.0	0.0	0.0	0.0	0.0	0.0	0.0
SRR6440653	95.0	118551.0	6316.0	18.0	506.0	569.0	10167.0	0.0	2487.0	1560.0	778.0	105.0	848.0	0.0	97.0	0.0	3.0	4.0	0.0	586.0	140.0	67.0	0.0	0.0	0.0	8.0	0.0	0.0	0.0	0.0	0.0	0.0	0.0	0.0	0.0	0.0	0.0	0.0	7.0	0.0	0.0	0.0	0.0	0.0	0.0	0.0
SRR6440717	15.0	139244.0	5999.0	0.0	311.0	187.0	3059.0	8.0	1789.0	934.0	636.0	166.0	879.0	4.0	163.0	13.0	0.0	0.0	0.0	88.0	234.0	39.0	0.0	0.0	6.0	0.0	0.0	0.0	0.0	0.0	0.0	0.0	0.0	0.0	0.0	0.0	0.0	0.0	9.0	0.0	0.0	0.0	0.0	0.0	0.0	0.0
SRR6440787	140.0	24589.0	10216.0	0.0	2090.0	2252.0	11410.0	0.0	4253.0	1474.0	2605.0	186.0	741.0	10.0	203.0	14.0	6.0	0.0	4.0	398.0	770.0	307.0	0.0	2.0	84.0	28.0	0.0	0.0	0.0	3.0	0.0	0.0	0.0	6.0	0.0	0.0	0.0	0.0	62.0	0.0	0.0	0.0	0.0	0.0	0.0	0.0
SRR6440789	6.0	7943.0	942.0	0.0	89.0	38.0	4487.0	0.0	1306.0	633.0	435.0	3.0	152.0	6.0	23.0	0.0	0.0	0.0	0.0	0.0	17.0	0.0	0.0	0.0	0.0	0.0	0.0	0.0	0.0	0.0	0.0	0.0	0.0	0.0	0.0	0.0	0.0	0.0	4.0	0.0	0.0	0.0	0.0	0.0	0.0	0.0
SRR6440791	20.0	16733.0	3266.0	7.0	205.0	104.0	3077.0	2.0	1549.0	446.0	431.0	478.0	363.0	2.0	85.0	7.0	0.0	0.0	0.0	15.0	70.0	421.0	0.0	0.0	0.0	0.0	0.0	0.0	0.0	0.0	0.0	0.0	0.0	0.0	0.0	0.0	0.0	0.0	0.0	0.0	0.0	0.0	0.0	0.0	0.0	0.0
SRR6440792	90.0	30303.0	7577.0	32.0	377.0	493.0	9366.0	0.0	3749.0	2591.0	588.0	142.0	723.0	17.0	180.0	12.0	3.0	0.0	0.0	99.0	69.0	114.0	0.0	0.0	0.0	0.0	0.0	2.0	0.0	0.0	0.0	0.0	0.0	0.0	0.0	0.0	0.0	0.0	0.0	0.0	0.0	0.0	0.0	0.0	0.0	0.0
SRR6440794	21.0	9497.0	2974.0	14.0	238.0	44.0	6321.0	0.0	1995.0	446.0	871.0	18.0	148.0	0.0	8.0	2.0	56.0	4.0	0.0	8.0	13.0	0.0	0.0	0.0	0.0	0.0	0.0	0.0	0.0	0.0	0.0	0.0	0.0	0.0	0.0	0.0	0.0	0.0	8.0	0.0	0.0	0.0	0.0	0.0	0.0	0.0
SRR6440795	26.0	17774.0	4165.0	44.0	291.0	118.0	6930.0	3.0	2499.0	912.0	933.0	52.0	274.0	15.0	118.0	6.0	0.0	0.0	0.0	9.0	3.0	49.0	0.0	0.0	13.0	0.0	0.0	0.0	0.0	0.0	0.0	0.0	0.0	0.0	0.0	0.0	3.0	0.0	0.0	0.0	0.0	0.0	0.0	0.0	0.0	0.0
SRR6440810	3.0	10910.0	1809.0	31.0	124.0	416.0	4259.0	0.0	762.0	759.0	226.0	396.0	421.0	0.0	27.0	0.0	0.0	0.0	0.0	0.0	60.0	745.0	0.0	0.0	0.0	0.0	0.0	0.0	0.0	9.0	0.0	0.0	0.0	0.0	0.0	0.0	0.0	2.0	0.0	0.0	0.0	0.0	0.0	0.0	0.0	0.0
SRR6440811	21.0	23243.0	4423.0	9.0	147.0	75.0	2381.0	0.0	2255.0	779.0	612.0	319.0	361.0	3.0	138.0	6.0	0.0	0.0	0.0	18.0	231.0	256.0	0.0	3.0	0.0	0.0	5.0	0.0	0.0	0.0	0.0	0.0	0.0	0.0	0.0	0.0	0.0	0.0	6.0	0.0	0.0	0.0	0.0	0.0	0.0	0.0
SRR6440816	291.0	55839.0	2567.0	7.0	190.0	46.0	947.0	0.0	2888.0	1925.0	314.0	375.0	347.0	2.0	50.0	3.0	0.0	3.0	0.0	32.0	102.0	246.0	0.0	0.0	0.0	2.0	0.0	2.0	0.0	0.0	0.0	0.0	0.0	0.0	0.0	0.0	0.0	3.0	0.0	0.0	0.0	0.0	0.0	0.0	0.0	0.0
SRR6440817	222.0	21429.0	9310.0	4.0	302.0	171.0	19728.0	0.0	3058.0	1237.0	1051.0	149.0	455.0	2.0	106.0	0.0	0.0	0.0	0.0	68.0	131.0	249.0	0.0	0.0	0.0	0.0	0.0	0.0	0.0	0.0	0.0	0.0	0.0	0.0	0.0	0.0	0.0	0.0	0.0	0.0	0.0	0.0	0.0	0.0	0.0	0.0
SRR6440828	37.0	37965.0	562.0	266.0	174.0	716.0	639.0	0.0	685.0	266.0	191.0	41.0	96.0	0.0	29.0	4.0	586.0	0.0	0.0	169.0	72.0	35.0	0.0	0.0	12.0	0.0	4.0	0.0	0.0	0.0	0.0	0.0	0.0	0.0	0.0	0.0	7.0	0.0	10.0	0.0	0.0	0.0	0.0	0.0	0.0	0.0
SRR6440829	128.0	9967.0	575.0	3.0	255.0	45.0	17462.0	0.0	1164.0	416.0	404.0	67.0	524.0	3.0	49.0	4.0	374.0	12.0	0.0	200.0	40.0	4.0	0.0	0.0	18.0	14.0	0.0	3.0	0.0	0.0	6.0	0.0	0.0	0.0	0.0	0.0	5.0	12.0	2.0	0.0	0.0	0.0	0.0	0.0	0.0	0.0
SRR6440831	320.0	27612.0	3357.0	349.0	1398.0	354.0	7915.0	0.0	2464.0	808.0	1426.0	182.0	817.0	10.0	73.0	44.0	580.0	16.0	0.0	148.0	406.0	320.0	0.0	4.0	158.0	38.0	0.0	0.0	0.0	0.0	10.0	0.0	0.0	0.0	0.0	11.0	6.0	14.0	33.0	0.0	0.0	0.0	0.0	0.0	0.0	0.0
SRR6440832	60.0	38937.0	5027.0	393.0	516.0	45.0	4822.0	4.0	3186.0	936.0	421.0	113.0	491.0	6.0	40.0	14.0	210.0	0.0	0.0	45.0	422.0	2252.0	0.0	11.0	15.0	6.0	4.0	3.0	0.0	0.0	0.0	0.0	0.0	0.0	0.0	0.0	0.0	0.0	0.0	0.0	0.0	0.0	0.0	0.0	0.0	0.0
SRR6440833	731.0	21104.0	6057.0	29.0	3115.0	762.0	18356.0	0.0	6989.0	1958.0	2784.0	254.0	1435.0	2.0	390.0	83.0	1087.0	23.0	0.0	258.0	183.0	231.0	0.0	6.0	245.0	97.0	0.0	3.0	0.0	0.0	9.0	0.0	0.0	0.0	0.0	0.0	7.0	0.0	92.0	0.0	0.0	0.0	0.0	0.0	0.0	0.0
SRR6440834	150.0	12324.0	4294.0	0.0	109.0	2748.0	3283.0	0.0	1660.0	1441.0	779.0	80.0	121.0	6.0	127.0	18.0	0.0	0.0	0.0	26.0	83.0	40.0	0.0	0.0	0.0	0.0	0.0	0.0	0.0	0.0	0.0	0.0	0.0	0.0	0.0	0.0	2.0	0.0	0.0	0.0	0.0	0.0	0.0	0.0	0.0	0.0
SRR6440836	29.0	21926.0	9465.0	12.0	429.0	343.0	36274.0	0.0	3140.0	359.0	521.0	208.0	505.0	0.0	84.0	17.0	135.0	0.0	0.0	99.0	556.0	207.0	0.0	0.0	24.0	0.0	0.0	0.0	0.0	0.0	0.0	0.0	0.0	0.0	0.0	0.0	3.0	0.0	0.0	0.0	0.0	0.0	0.0	0.0	0.0	0.0
SRR6440837	154.0	25201.0	3944.0	0.0	547.0	263.0	26919.0	0.0	4271.0	523.0	1395.0	93.0	363.0	3.0	123.0	8.0	782.0	0.0	0.0	47.0	265.0	167.0	0.0	0.0	20.0	20.0	0.0	0.0	0.0	0.0	0.0	0.0	0.0	0.0	0.0	0.0	0.0	50.0	24.0	0.0	0.0	0.0	0.0	0.0	0.0	0.0
SRR6440838	117.0	12529.0	4212.0	0.0	509.0	750.0	16073.0	0.0	1713.0	821.0	732.0	76.0	453.0	0.0	171.0	4.0	0.0	4.0	0.0	246.0	102.0	122.0	0.0	0.0	0.0	9.0	0.0	0.0	0.0	0.0	0.0	0.0	0.0	0.0	0.0	0.0	0.0	0.0	13.0	0.0	0.0	0.0	0.0	0.0	0.0	0.0
SRR6440839	71.0	28426.0	11147.0	55.0	729.0	6945.0	2799.0	2.0	5986.0	6761.0	1017.0	246.0	1767.0	12.0	152.0	85.0	27.0	5.0	0.0	105.0	546.0	3071.0	0.0	0.0	0.0	0.0	178.0	0.0	0.0	0.0	0.0	0.0	0.0	0.0	0.0	0.0	4.0	0.0	53.0	0.0	0.0	0.0	0.0	0.0	0.0	0.0
SRR6440840	342.0	13792.0	8293.0	47.0	678.0	502.0	10373.0	0.0	2813.0	2178.0	1491.0	193.0	665.0	14.0	118.0	18.0	3.0	0.0	0.0	75.0	202.0	845.0	0.0	0.0	11.0	4.0	0.0	8.0	0.0	0.0	0.0	0.0	0.0	4.0	0.0	4.0	0.0	0.0	25.0	0.0	0.0	0.0	0.0	0.0	0.0	0.0
SRR6440842	55.0	9499.0	8297.0	0.0	197.0	240.0	12545.0	0.0	2517.0	1444.0	846.0	89.0	254.0	7.0	60.0	0.0	13.0	0.0	0.0	65.0	277.0	298.0	0.0	0.0	0.0	0.0	0.0	11.0	0.0	0.0	0.0	0.0	0.0	0.0	0.0	0.0	0.0	0.0	3.0	0.0	0.0	0.0	0.0	0.0	0.0	0.0
SRR6440843	186.0	32486.0	6186.0	73.0	1870.0	876.0	16613.0	3.0	3846.0	3309.0	2442.0	263.0	1529.0	3.0	201.0	44.0	0.0	0.0	0.0	184.0	190.0	249.0	0.0	0.0	39.0	18.0	0.0	0.0	0.0	0.0	0.0	0.0	0.0	0.0	0.0	0.0	0.0	0.0	21.0	0.0	0.0	0.0	0.0	0.0	0.0	0.0
SRR6440857	24.0	5456.0	2074.0	0.0	178.0	162.0	5185.0	3.0	1017.0	591.0	436.0	27.0	110.0	2.0	39.0	0.0	0.0	0.0	0.0	3.0	38.0	30.0	0.0	0.0	0.0	0.0	0.0	0.0	0.0	0.0	0.0	0.0	0.0	0.0	0.0	0.0	0.0	0.0	0.0	0.0	0.0	0.0	0.0	0.0	0.0	0.0
SRR6440858	18.0	14952.0	5629.0	0.0	244.0	8.0	21891.0	0.0	2799.0	808.0	1190.0	116.0	178.0	2.0	105.0	5.0	0.0	0.0	0.0	1010.0	27.0	176.0	0.0	5.0	0.0	0.0	0.0	0.0	0.0	0.0	0.0	0.0	0.0	0.0	0.0	0.0	0.0	0.0	0.0	0.0	0.0	0.0	0.0	0.0	0.0	0.0
SRR6440859	118.0	20088.0	10855.0	0.0	497.0	262.0	28032.0	28.0	4048.0	845.0	800.0	321.0	1536.0	23.0	249.0	15.0	65.0	2.0	0.0	120.0	231.0	162.0	0.0	5.0	0.0	4.0	0.0	0.0	0.0	0.0	0.0	0.0	0.0	0.0	0.0	0.0	0.0	0.0	0.0	0.0	0.0	0.0	0.0	0.0	0.0	0.0
SRR6440862	53.0	10309.0	2390.0	8.0	340.0	3103.0	8406.0	0.0	1488.0	328.0	368.0	92.0	325.0	3.0	89.0	0.0	6.0	0.0	0.0	31.0	244.0	113.0	0.0	0.0	0.0	0.0	0.0	0.0	0.0	0.0	0.0	0.0	0.0	0.0	0.0	0.0	0.0	0.0	0.0	0.0	0.0	0.0	0.0	0.0	0.0	0.0
SRR6440863	13.0	14530.0	1299.0	28.0	124.0	882.0	1180.0	0.0	972.0	663.0	107.0	129.0	156.0	19.0	32.0	5.0	4.0	0.0	0.0	11.0	120.0	270.0	0.0	7.0	0.0	0.0	16.0	0.0	0.0	0.0	0.0	0.0	0.0	0.0	0.0	0.0	0.0	0.0	0.0	0.0	0.0	0.0	0.0	0.0	0.0	0.0
SRR6440880	20.0	6542.0	2220.0	13.0	365.0	915.0	2717.0	0.0	755.0	374.0	525.0	28.0	233.0	0.0	48.0	9.0	0.0	0.0	0.0	8.0	70.0	44.0	0.0	0.0	15.0	0.0	0.0	2.0	0.0	0.0	0.0	0.0	0.0	0.0	0.0	0.0	0.0	51.0	0.0	0.0	0.0	0.0	0.0	0.0	0.0	0.0
SRR6440893	36.0	11301.0	6479.0	0.0	139.0	59.0	21823.0	0.0	3544.0	469.0	403.0	89.0	265.0	3.0	79.0	0.0	0.0	0.0	0.0	15.0	56.0	62.0	0.0	0.0	3.0	0.0	0.0	0.0	0.0	0.0	0.0	0.0	0.0	0.0	0.0	0.0	0.0	0.0	0.0	0.0	0.0	0.0	0.0	0.0	0.0	0.0
SRR6440896	14.0	6743.0	899.0	0.0	71.0	300.0	81099.0	0.0	177.0	57.0	49.0	54.0	86.0	0.0	39.0	0.0	0.0	0.0	0.0	17.0	111.0	4.0	0.0	0.0	9.0	6.0	0.0	0.0	0.0	0.0	0.0	0.0	0.0	0.0	0.0	0.0	0.0	0.0	0.0	0.0	0.0	0.0	0.0	0.0	0.0	0.0
SRR6440897	50.0	42985.0	1607.0	168.0	1015.0	372.0	3464.0	0.0	2776.0	2092.0	376.0	365.0	655.0	69.0	40.0	30.0	4.0	4.0	0.0	7.0	258.0	221.0	0.0	0.0	0.0	0.0	55.0	0.0	0.0	0.0	0.0	0.0	0.0	0.0	0.0	0.0	2.0	0.0	23.0	0.0	0.0	0.0	0.0	0.0	0.0	0.0
SRR6440901	119.0	15072.0	3543.0	0.0	574.0	184.0	6306.0	0.0	2562.0	885.0	686.0	130.0	440.0	2.0	177.0	0.0	0.0	0.0	0.0	119.0	99.0	6.0	0.0	0.0	0.0	0.0	0.0	2.0	0.0	0.0	0.0	0.0	0.0	0.0	0.0	0.0	2.0	15.0	0.0	0.0	0.0	0.0	0.0	0.0	0.0	0.0
SRR6440917	7.0	8899.0	3874.0	0.0	288.0	2856.0	1522.0	0.0	1860.0	1322.0	530.0	50.0	594.0	6.0	108.0	12.0	0.0	0.0	0.0	255.0	313.0	657.0	0.0	0.0	0.0	0.0	0.0	0.0	0.0	0.0	0.0	0.0	0.0	0.0	0.0	0.0	0.0	0.0	0.0	0.0	0.0	0.0	0.0	0.0	0.0	0.0
SRR6440918	8.0	43944.0	1237.0	7.0	137.0	1692.0	536.0	0.0	515.0	741.0	277.0	35.0	223.0	15.0	9.0	29.0	0.0	4.0	0.0	131.0	18.0	10.0	0.0	0.0	0.0	0.0	11.0	0.0	0.0	0.0	0.0	0.0	0.0	0.0	0.0	0.0	0.0	0.0	32.0	0.0	0.0	0.0	0.0	0.0	0.0	0.0
SRR6440919	24.0	62323.0	4630.0	369.0	251.0	4483.0	299.0	0.0	1223.0	1171.0	257.0	60.0	240.0	0.0	5.0	4.0	19.0	0.0	0.0	158.0	606.0	84.0	0.0	0.0	10.0	0.0	0.0	0.0	0.0	0.0	0.0	0.0	0.0	0.0	0.0	0.0	4.0	12.0	0.0	0.0	0.0	0.0	0.0	0.0	0.0	0.0
SRR6440920	67.0	9789.0	1414.0	15.0	419.0	5247.0	1107.0	0.0	866.0	1376.0	830.0	71.0	627.0	8.0	96.0	27.0	0.0	0.0	0.0	641.0	326.0	97.0	0.0	0.0	0.0	3.0	24.0	0.0	0.0	0.0	0.0	0.0	0.0	0.0	0.0	0.0	0.0	0.0	57.0	0.0	0.0	0.0	0.0	0.0	0.0	0.0
SRR6440921	84.0	83121.0	12397.0	11.0	916.0	521.0	9928.0	0.0	2491.0	1414.0	1868.0	136.0	722.0	6.0	152.0	7.0	0.0	0.0	0.0	33.0	67.0	89.0	0.0	0.0	0.0	10.0	0.0	0.0	0.0	0.0	0.0	0.0	0.0	0.0	0.0	0.0	0.0	0.0	50.0	0.0	0.0	0.0	0.0	0.0	0.0	0.0
SRR6440936	25.0	54987.0	5294.0	773.0	4227.0	873.0	6323.0	6.0	5307.0	2874.0	295.0	272.0	573.0	7.0	29.0	30.0	5.0	0.0	0.0	24.0	1029.0	1580.0	0.0	11.0	0.0	0.0	0.0	3.0	0.0	0.0	0.0	0.0	0.0	0.0	0.0	0.0	0.0	0.0	8.0	0.0	0.0	0.0	0.0	0.0	0.0	0.0
SRR6440937	87.0	18562.0	7845.0	91.0	691.0	256.0	6480.0	0.0	2338.0	1046.0	995.0	77.0	347.0	5.0	225.0	0.0	0.0	0.0	0.0	522.0	83.0	71.0	0.0	0.0	9.0	5.0	0.0	0.0	0.0	0.0	0.0	0.0	0.0	0.0	0.0	0.0	0.0	0.0	9.0	0.0	0.0	0.0	0.0	0.0	0.0	0.0
SRR6440940	66.0	20264.0	7411.0	5.0	298.0	658.0	18021.0	0.0	3165.0	1460.0	1436.0	193.0	248.0	13.0	174.0	0.0	89.0	0.0	0.0	30.0	101.0	309.0	0.0	0.0	0.0	0.0	6.0	0.0	0.0	0.0	0.0	0.0	0.0	0.0	0.0	0.0	0.0	0.0	7.0	0.0	0.0	0.0	0.0	0.0	0.0	0.0
SRR6440941	148.0	28116.0	5226.0	15.0	808.0	429.0	9401.0	0.0	3979.0	833.0	624.0	1540.0	926.0	18.0	74.0	20.0	1279.0	0.0	0.0	57.0	384.0	309.0	0.0	4.0	103.0	18.0	0.0	3.0	0.0	0.0	0.0	0.0	0.0	0.0	0.0	7.0	7.0	0.0	0.0	0.0	0.0	0.0	0.0	0.0	0.0	0.0
SRR6440946	2.0	6021.0	1018.0	0.0	155.0	279.0	1123.0	0.0	503.0	470.0	388.0	49.0	461.0	4.0	128.0	19.0	3.0	0.0	0.0	2.0	90.0	264.0	0.0	2.0	0.0	5.0	0.0	0.0	0.0	0.0	0.0	0.0	0.0	0.0	0.0	0.0	3.0	0.0	20.0	0.0	0.0	0.0	0.0	0.0	0.0	0.0
SRR6440949	24.0	11286.0	1867.0	0.0	283.0	487.0	1384.0	0.0	762.0	1058.0	535.0	75.0	547.0	11.0	245.0	19.0	0.0	0.0	0.0	110.0	28.0	413.0	0.0	0.0	11.0	0.0	0.0	0.0	0.0	0.0	0.0	0.0	0.0	0.0	0.0	0.0	0.0	0.0	53.0	0.0	0.0	0.0	0.0	0.0	0.0	0.0
SRR6440951	40.0	135532.0	4245.0	2490.0	2692.0	10761.0	6031.0	0.0	4670.0	2082.0	1420.0	187.0	861.0	0.0	26.0	6.0	1982.0	0.0	0.0	59.0	338.0	1896.0	0.0	0.0	0.0	0.0	96.0	0.0	0.0	0.0	0.0	0.0	0.0	0.0	0.0	0.0	0.0	0.0	0.0	0.0	0.0	0.0	0.0	0.0	0.0	0.0
SRR6440953	305.0	19819.0	6586.0	24.0	1050.0	706.0	41645.0	0.0	3699.0	957.0	940.0	120.0	497.0	12.0	139.0	12.0	297.0	0.0	0.0	71.0	101.0	41.0	0.0	0.0	41.0	14.0	0.0	0.0	0.0	0.0	2.0	0.0	0.0	0.0	0.0	0.0	0.0	0.0	7.0	0.0	0.0	0.0	0.0	0.0	0.0	0.0
SRR6440955	21.0	40494.0	18896.0	0.0	473.0	3.0	8106.0	3.0	16115.0	1333.0	3120.0	743.0	1050.0	2.0	299.0	5.0	187.0	0.0	0.0	10.0	175.0	1845.0	0.0	3.0	0.0	0.0	0.0	0.0	0.0	0.0	0.0	0.0	0.0	0.0	0.0	0.0	0.0	0.0	0.0	0.0	0.0	0.0	0.0	0.0	0.0	0.0
SRR6440956	318.0	26288.0	5811.0	36.0	1594.0	558.0	23210.0	0.0	3542.0	1474.0	2011.0	200.0	860.0	9.0	193.0	11.0	325.0	21.0	0.0	34.0	100.0	31.0	0.0	0.0	169.0	63.0	0.0	0.0	0.0	0.0	8.0	0.0	0.0	0.0	0.0	8.0	0.0	0.0	45.0	0.0	0.0	0.0	0.0	0.0	0.0	0.0
SRR6440969	7.0	5809.0	4087.0	0.0	171.0	479.0	765.0	0.0	774.0	1061.0	223.0	40.0	185.0	0.0	60.0	13.0	3.0	0.0	0.0	12.0	181.0	157.0	0.0	0.0	8.0	0.0	32.0	0.0	0.0	0.0	0.0	0.0	0.0	0.0	0.0	0.0	0.0	0.0	41.0	0.0	0.0	0.0	0.0	0.0	0.0	0.0
SRR6440972	32.0	7040.0	3175.0	3.0	237.0	196.0	1593.0	0.0	1419.0	460.0	433.0	23.0	94.0	0.0	57.0	5.0	3.0	0.0	0.0	22.0	37.0	31.0	0.0	0.0	11.0	0.0	0.0	0.0	0.0	0.0	0.0	0.0	0.0	0.0	0.0	0.0	0.0	0.0	10.0	0.0	0.0	0.0	0.0	0.0	0.0	0.0
SRR5532638	12.0	6165.0	447.0	25.0	344.0	115.0	3490.0	0.0	342.0	43.0	1566.0	3.0	28.0	0.0	5.0	0.0	814.0	1.0	0.0	0.0	6.0	6.0	0.0	0.0	0.0	0.0	0.0	0.0	0.0	0.0	0.0	0.0	0.0	0.0	0.0	0.0	0.0	0.0	0.0	0.0	0.0	0.0	0.0	0.0	0.0	0.0
SRR5532639	49.0	3856.0	719.0	26.0	737.0	23.0	2939.0	0.0	509.0	147.0	3878.0	0.0	24.0	0.0	7.0	0.0	1005.0	0.0	0.0	3.0	6.0	0.0	0.0	0.0	0.0	0.0	0.0	0.0	0.0	0.0	0.0	0.0	0.0	0.0	0.0	0.0	0.0	0.0	0.0	0.0	0.0	0.0	0.0	0.0	0.0	0.0
SRR5532640	87.0	6707.0	1117.0	8.0	270.0	13.0	1359.0	0.0	743.0	143.0	1161.0	77.0	90.0	0.0	35.0	0.0	1185.0	0.0	0.0	6.0	3.0	0.0	0.0	0.0	0.0	0.0	0.0	0.0	0.0	0.0	0.0	0.0	0.0	0.0	0.0	0.0	0.0	0.0	0.0	0.0	0.0	0.0	0.0	0.0	0.0	0.0
SRR5532641	30.0	12471.0	1176.0	16.0	327.0	96.0	3395.0	0.0	436.0	156.0	1945.0	12.0	25.0	0.0	5.0	0.0	881.0	0.0	0.0	7.0	12.0	0.0	0.0	0.0	0.0	0.0	0.0	0.0	0.0	0.0	0.0	0.0	0.0	0.0	0.0	0.0	0.0	0.0	0.0	0.0	0.0	0.0	0.0	0.0	0.0	0.0
SRR5532642	51.0	4246.0	757.0	58.0	206.0	347.0	1937.0	0.0	2313.0	154.0	4033.0	11.0	120.0	0.0	82.0	0.0	150.0	0.0	0.0	23.0	9.0	17.0	0.0	0.0	0.0	0.0	0.0	0.0	0.0	0.0	0.0	0.0	0.0	0.0	0.0	0.0	0.0	0.0	0.0	0.0	0.0	0.0	0.0	0.0	0.0	0.0
SRR5532644	0.0	5393.0	428.0	23.0	111.0	133.0	3170.0	0.0	2371.0	100.0	3181.0	18.0	46.0	0.0	0.0	0.0	117.0	0.0	0.0	3.0	3.0	0.0	0.0	10.0	0.0	0.0	0.0	0.0	0.0	0.0	0.0	0.0	0.0	0.0	0.0	0.0	0.0	0.0	0.0	0.0	0.0	0.0	0.0	0.0	0.0	0.0
SRR5532645	186.0	6719.0	475.0	14.0	304.0	173.0	3202.0	0.0	2390.0	119.0	3151.0	18.0	72.0	0.0	0.0	0.0	183.0	0.0	0.0	5.0	7.0	7.0	0.0	10.0	0.0	0.0	0.0	0.0	0.0	0.0	0.0	0.0	0.0	0.0	0.0	0.0	0.0	0.0	0.0	0.0	0.0	0.0	0.0	0.0	0.0	0.0
SRR5532649	37.0	4213.0	848.0	11.0	381.0	238.0	3801.0	0.0	2600.0	171.0	2586.0	15.0	58.0	0.0	3.0	0.0	498.0	0.0	0.0	9.0	0.0	0.0	0.0	0.0	0.0	0.0	0.0	0.0	0.0	0.0	0.0	0.0	0.0	0.0	0.0	0.0	0.0	0.0	0.0	0.0	0.0	0.0	0.0	0.0	0.0	0.0
SRR5532650	17.0	5544.0	574.0	30.0	667.0	281.0	1396.0	0.0	1934.0	108.0	4936.0	17.0	98.0	0.0	12.0	0.0	1035.0	0.0	0.0	23.0	5.0	0.0	0.0	22.0	0.0	0.0	0.0	0.0	0.0	0.0	0.0	0.0	0.0	0.0	0.0	0.0	0.0	0.0	0.0	0.0	0.0	0.0	0.0	0.0	0.0	0.0
SRR5532651	35.0	6432.0	533.0	0.0	191.0	714.0	1495.0	0.0	1673.0	60.0	3281.0	0.0	32.0	0.0	0.0	0.0	13.0	0.0	0.0	0.0	0.0	0.0	0.0	0.0	0.0	0.0	0.0	0.0	0.0	0.0	0.0	0.0	0.0	0.0	0.0	0.0	0.0	8.0	0.0	0.0	0.0	0.0	0.0	0.0	0.0	0.0
SRR5532652	27.0	2783.0	542.0	36.0	255.0	667.0	5233.0	0.0	3014.0	200.0	6930.0	2.0	52.0	0.0	14.0	3.0	22.0	7.0	0.0	21.0	9.0	1.0	0.0	0.0	0.0	0.0	0.0	0.0	0.0	0.0	0.0	0.0	0.0	0.0	0.0	0.0	0.0	0.0	0.0	0.0	0.0	0.0	0.0	0.0	0.0	0.0
SRR5532653	61.0	3113.0	1236.0	16.0	439.0	85.0	2318.0	0.0	1271.0	100.0	1636.0	71.0	98.0	0.0	9.0	0.0	785.0	0.0	0.0	0.0	6.0	0.0	0.0	0.0	0.0	0.0	0.0	0.0	0.0	0.0	0.0	0.0	0.0	0.0	0.0	0.0	0.0	0.0	0.0	0.0	0.0	0.0	0.0	0.0	0.0	0.0
SRR5532654	57.0	17645.0	5214.0	465.0	311.0	185.0	5655.0	0.0	544.0	155.0	3051.0	26.0	28.0	0.0	5.0	1.0	1681.0	2.0	0.0	0.0	9.0	0.0	0.0	0.0	0.0	0.0	0.0	0.0	0.0	0.0	0.0	0.0	0.0	0.0	0.0	0.0	0.0	0.0	0.0	0.0	0.0	0.0	0.0	0.0	0.0	0.0
SRR5532655	52.0	8411.0	697.0	5.0	156.0	443.0	2127.0	0.0	1165.0	128.0	1927.0	9.0	65.0	0.0	0.0	3.0	706.0	0.0	0.0	11.0	2.0	0.0	0.0	3.0	0.0	0.0	0.0	1.0	0.0	0.0	0.0	0.0	0.0	0.0	0.0	0.0	0.0	0.0	0.0	0.0	0.0	0.0	0.0	0.0	0.0	0.0
SRR5532656	23.0	5433.0	550.0	53.0	351.0	177.0	2117.0	0.0	2286.0	104.0	2856.0	41.0	51.0	0.0	15.0	0.0	604.0	0.0	0.0	0.0	11.0	0.0	0.0	14.0	0.0	0.0	0.0	0.0	0.0	0.0	0.0	0.0	0.0	0.0	0.0	0.0	0.0	0.0	0.0	0.0	0.0	0.0	0.0	0.0	0.0	0.0
SRR5532664	11.0	2784.0	266.0	104.0	557.0	242.0	620.0	0.0	13893.0	88.0	961.0	0.0	27.0	0.0	12.0	0.0	2.0	15.0	0.0	9.0	24.0	8.0	0.0	0.0	3.0	2.0	0.0	9.0	0.0	0.0	0.0	0.0	4.0	0.0	0.0	0.0	0.0	0.0	0.0	12.0	0.0	0.0	0.0	0.0	0.0	0.0
SRR5532665	4.0	2618.0	299.0	28.0	731.0	148.0	1241.0	0.0	5457.0	124.0	758.0	3.0	80.0	0.0	18.0	3.0	15.0	0.0	0.0	15.0	18.0	5.0	0.0	0.0	0.0	2.0	0.0	0.0	0.0	0.0	0.0	0.0	0.0	0.0	0.0	0.0	0.0	0.0	0.0	0.0	0.0	0.0	0.0	0.0	0.0	0.0
SRR5532679	35.0	13142.0	1202.0	28.0	536.0	282.0	2497.0	0.0	834.0	286.0	1986.0	20.0	365.0	0.0	16.0	0.0	2107.0	4.0	0.0	7.0	5.0	5.0	0.0	0.0	0.0	0.0	0.0	2.0	0.0	0.0	0.0	0.0	0.0	0.0	0.0	6.0	0.0	0.0	0.0	0.0	0.0	0.0	0.0	0.0	0.0	0.0
SRR5532680	75.0	5638.0	866.0	0.0	303.0	57.0	1611.0	0.0	1038.0	141.0	2268.0	14.0	22.0	0.0	5.0	0.0	1007.0	0.0	0.0	0.0	4.0	0.0	0.0	0.0	0.0	0.0	0.0	0.0	0.0	0.0	0.0	0.0	0.0	0.0	0.0	0.0	0.0	0.0	0.0	0.0	0.0	0.0	0.0	0.0	0.0	0.0
SRR5532681	56.0	5475.0	1480.0	10.0	859.0	55.0	4513.0	0.0	542.0	124.0	2731.0	13.0	25.0	0.0	1.0	0.0	2592.0	0.0	0.0	2.0	2.0	0.0	0.0	0.0	0.0	0.0	0.0	0.0	0.0	0.0	0.0	0.0	0.0	0.0	15.0	0.0	0.0	0.0	0.0	0.0	0.0	0.0	0.0	0.0	0.0	0.0
SRR5532682	9.0	3057.0	665.0	23.0	137.0	133.0	7846.0	0.0	140.0	39.0	1288.0	0.0	0.0	0.0	0.0	0.0	828.0	0.0	0.0	0.0	4.0	0.0	0.0	0.0	0.0	0.0	0.0	0.0	0.0	0.0	0.0	0.0	0.0	0.0	0.0	0.0	0.0	4.0	0.0	0.0	0.0	0.0	0.0	0.0	0.0	0.0
SRR5532687	75.0	5184.0	526.0	306.0	2131.0	881.0	1177.0	0.0	14794.0	554.0	3826.0	0.0	211.0	0.0	57.0	3.0	28.0	6.0	0.0	45.0	25.0	60.0	5.0	4.0	4.0	52.0	13.0	17.0	0.0	0.0	0.0	2.0	0.0	0.0	0.0	0.0	0.0	0.0	0.0	25.0	0.0	0.0	0.0	0.0	0.0	0.0
SRR5532688	34.0	2132.0	220.0	242.0	1287.0	219.0	1478.0	0.0	9203.0	655.0	1819.0	6.0	143.0	4.0	77.0	0.0	34.0	4.0	0.0	58.0	47.0	5.0	0.0	0.0	2.0	6.0	0.0	4.0	0.0	0.0	0.0	0.0	0.0	1.0	0.0	0.0	0.0	0.0	0.0	4.0	0.0	0.0	0.0	0.0	0.0	0.0
SRR5532689	34.0	1774.0	186.0	90.0	1176.0	73.0	813.0	0.0	12840.0	205.0	1751.0	18.0	85.0	0.0	36.0	4.0	7.0	28.0	0.0	6.0	47.0	23.0	0.0	0.0	5.0	19.0	0.0	11.0	0.0	0.0	0.0	0.0	8.0	0.0	0.0	1.0	0.0	0.0	0.0	11.0	0.0	0.0	0.0	0.0	0.0	0.0
SRR5532690	9.0	8126.0	378.0	249.0	1152.0	545.0	1590.0	0.0	16244.0	131.0	1766.0	20.0	57.0	0.0	33.0	8.0	10.0	102.0	0.0	35.0	22.0	103.0	0.0	0.0	0.0	9.0	11.0	5.0	0.0	0.0	0.0	0.0	5.0	0.0	0.0	0.0	0.0	0.0	0.0	18.0	0.0	0.0	0.0	0.0	0.0	0.0
SRR5532698	8.0	22789.0	669.0	170.0	178.0	566.0	207.0	0.0	766.0	171.0	538.0	20.0	119.0	0.0	20.0	0.0	37.0	7.0	0.0	53.0	2.0	10.0	0.0	0.0	11.0	0.0	0.0	0.0	0.0	0.0	0.0	0.0	0.0	0.0	339.0	0.0	0.0	0.0	0.0	0.0	0.0	0.0	0.0	0.0	0.0	0.0
SRR5532699	15.0	28248.0	460.0	109.0	287.0	1333.0	241.0	0.0	2072.0	50.0	768.0	0.0	23.0	0.0	4.0	0.0	42.0	0.0	0.0	0.0	10.0	17.0	0.0	7.0	0.0	0.0	0.0	0.0	0.0	0.0	0.0	0.0	0.0	0.0	18355.0	0.0	0.0	0.0	0.0	0.0	0.0	0.0	0.0	0.0	0.0	0.0
SRR5532700	0.0	7639.0	971.0	45.0	324.0	120.0	306.0	0.0	1910.0	231.0	2523.0	3.0	19.0	0.0	2.0	16.0	1380.0	5.0	0.0	3.0	6.0	0.0	0.0	0.0	0.0	0.0	0.0	0.0	0.0	0.0	0.0	0.0	0.0	0.0	0.0	0.0	0.0	0.0	2.0	0.0	11.0	0.0	0.0	0.0	0.0	0.0
SRR5532701	87.0	15748.0	1790.0	254.0	660.0	650.0	707.0	0.0	12908.0	774.0	3489.0	165.0	166.0	0.0	25.0	11.0	307.0	91.0	0.0	13.0	29.0	44.0	0.0	0.0	1.0	0.0	0.0	0.0	1.0	0.0	0.0	0.0	0.0	0.0	0.0	0.0	0.0	4.0	0.0	4.0	0.0	0.0	0.0	0.0	0.0	0.0
SRR5532702	125.0	12903.0	746.0	81.0	639.0	1071.0	785.0	0.0	3346.0	170.0	1155.0	4.0	145.0	0.0	33.0	17.0	123.0	0.0	0.0	18.0	28.0	20.0	0.0	0.0	29.0	7.0	0.0	5.0	0.0	0.0	0.0	0.0	0.0	0.0	140.0	0.0	0.0	17.0	0.0	0.0	0.0	0.0	0.0	0.0	0.0	0.0
SRR5532703	41.0	11153.0	1736.0	247.0	503.0	1619.0	233.0	0.0	3331.0	213.0	2244.0	0.0	34.0	3.0	43.0	13.0	152.0	7.0	0.0	9.0	13.0	70.0	0.0	6.0	38.0	0.0	0.0	6.0	0.0	0.0	0.0	0.0	0.0	0.0	1422.0	0.0	0.0	0.0	0.0	12.0	0.0	0.0	0.0	0.0	0.0	0.0
SRR5532704	0.0	6431.0	804.0	28.0	319.0	381.0	550.0	0.0	17587.0	197.0	1994.0	26.0	14.0	0.0	1.0	16.0	95.0	2.0	0.0	23.0	2.0	43.0	0.0	0.0	0.0	0.0	7.0	0.0	2.0	0.0	0.0	0.0	0.0	0.0	0.0	0.0	0.0	0.0	0.0	8.0	0.0	0.0	0.0	0.0	0.0	0.0
SRR5532705	125.0	4554.0	585.0	132.0	615.0	1556.0	358.0	0.0	23644.0	167.0	1925.0	2.0	119.0	0.0	34.0	9.0	105.0	9.0	0.0	10.0	24.0	17.0	0.0	6.0	9.0	2.0	0.0	0.0	0.0	0.0	0.0	0.0	0.0	0.0	20.0	0.0	0.0	0.0	0.0	2.0	0.0	0.0	0.0	0.0	5.0	0.0
SRR5532712	24.0	12336.0	929.0	136.0	146.0	1237.0	415.0	0.0	680.0	106.0	748.0	7.0	18.0	0.0	7.0	0.0	120.0	2.0	0.0	6.0	15.0	43.0	1.0	0.0	0.0	0.0	0.0	2.0	0.0	0.0	0.0	0.0	0.0	0.0	39.0	0.0	0.0	0.0	0.0	0.0	0.0	0.0	0.0	0.0	0.0	0.0
SRR5532713	214.0	7250.0	1964.0	335.0	1019.0	1046.0	1028.0	3.0	6359.0	226.0	3071.0	25.0	177.0	0.0	27.0	6.0	248.0	38.0	0.0	0.0	76.0	116.0	11.0	5.0	15.0	0.0	0.0	2.0	0.0	0.0	0.0	0.0	5.0	0.0	388.0	0.0	0.0	27.0	0.0	10.0	0.0	0.0	0.0	0.0	3.0	0.0
SRR5532716	49.0	8318.0	1335.0	52.0	350.0	74.0	2290.0	0.0	1782.0	290.0	2073.0	169.0	170.0	5.0	11.0	16.0	1122.0	1.0	0.0	273.0	17.0	8.0	0.0	0.0	0.0	2.0	0.0	0.0	0.0	0.0	0.0	0.0	0.0	0.0	0.0	0.0	0.0	0.0	0.0	0.0	0.0	0.0	0.0	0.0	0.0	0.0
SRR5532717	33.0	7996.0	991.0	155.0	614.0	313.0	831.0	0.0	14100.0	193.0	2649.0	142.0	108.0	0.0	5.0	6.0	106.0	138.0	0.0	0.0	18.0	49.0	0.0	9.0	0.0	17.0	0.0	0.0	7.0	0.0	0.0	0.0	9.0	0.0	0.0	0.0	0.0	0.0	0.0	0.0	2.0	0.0	0.0	0.0	0.0	0.0
SRR5532721	17.0	11909.0	959.0	113.0	107.0	731.0	350.0	0.0	1131.0	41.0	539.0	0.0	16.0	0.0	4.0	0.0	39.0	0.0	0.0	6.0	14.0	17.0	0.0	0.0	0.0	0.0	0.0	0.0	0.0	0.0	0.0	0.0	0.0	0.0	400.0	0.0	0.0	6.0	0.0	0.0	0.0	0.0	0.0	0.0	0.0	0.0
SRR5532724	10.0	5595.0	418.0	33.0	277.0	14.0	448.0	0.0	3164.0	72.0	816.0	20.0	28.0	0.0	0.0	0.0	165.0	7.0	0.0	0.0	0.0	12.0	0.0	0.0	0.0	3.0	0.0	0.0	4.0	0.0	0.0	0.0	0.0	0.0	0.0	0.0	0.0	0.0	0.0	7.0	0.0	0.0	0.0	0.0	0.0	0.0
SRR5532725	106.0	3168.0	925.0	94.0	705.0	484.0	642.0	0.0	11891.0	246.0	1894.0	42.0	85.0	0.0	54.0	10.0	39.0	2.0	0.0	6.0	5.0	7.0	2.0	0.0	0.0	2.0	0.0	11.0	0.0	0.0	0.0	0.0	0.0	0.0	0.0	0.0	0.0	0.0	0.0	3.0	0.0	0.0	0.0	0.0	0.0	0.0
SRR5532727	12.0	17560.0	280.0	56.0	189.0	845.0	164.0	0.0	5236.0	226.0	592.0	11.0	15.0	0.0	8.0	0.0	26.0	0.0	0.0	0.0	2.0	17.0	0.0	1.0	0.0	0.0	0.0	0.0	0.0	0.0	0.0	0.0	0.0	0.0	0.0	0.0	0.0	0.0	0.0	14.0	0.0	0.0	0.0	0.0	0.0	0.0
SRR5532728	0.0	4437.0	583.0	7.0	194.0	106.0	110.0	0.0	14111.0	79.0	1068.0	19.0	13.0	0.0	3.0	3.0	44.0	0.0	0.0	11.0	0.0	9.0	0.0	0.0	0.0	0.0	0.0	1.0	0.0	0.0	0.0	0.0	0.0	0.0	0.0	0.0	0.0	0.0	0.0	13.0	0.0	0.0	0.0	0.0	0.0	0.0
SRR5532729	22.0	494.0	85.0	98.0	597.0	142.0	949.0	0.0	9862.0	60.0	888.0	0.0	50.0	0.0	47.0	0.0	7.0	0.0	0.0	8.0	2.0	0.0	0.0	0.0	0.0	18.0	0.0	8.0	0.0	0.0	0.0	0.0	0.0	0.0	0.0	0.0	0.0	0.0	0.0	6.0	0.0	0.0	0.0	0.0	0.0	0.0
SRR5532730	24.0	1073.0	188.0	57.0	597.0	123.0	868.0	0.0	9730.0	144.0	1135.0	0.0	26.0	0.0	25.0	0.0	11.0	2.0	0.0	0.0	21.0	0.0	0.0	0.0	0.0	6.0	0.0	8.0	0.0	0.0	0.0	0.0	0.0	0.0	0.0	0.0	0.0	0.0	0.0	0.0	0.0	0.0	0.0	0.0	0.0	0.0
SRR5532733	12.0	4660.0	892.0	33.0	193.0	510.0	3359.0	0.0	3460.0	186.0	2105.0	0.0	36.0	0.0	8.0	0.0	210.0	0.0	0.0	17.0	21.0	17.0	0.0	0.0	0.0	0.0	0.0	0.0	0.0	0.0	0.0	6.0	0.0	0.0	0.0	0.0	0.0	0.0	0.0	0.0	0.0	0.0	0.0	0.0	0.0	0.0
SRR5532744	13.0	6343.0	1711.0	87.0	212.0	455.0	1162.0	0.0	2986.0	120.0	1932.0	16.0	41.0	0.0	0.0	0.0	101.0	0.0	0.0	16.0	5.0	45.0	0.0	9.0	0.0	0.0	0.0	0.0	0.0	0.0	0.0	0.0	0.0	0.0	0.0	0.0	0.0	0.0	0.0	4.0	0.0	0.0	0.0	0.0	0.0	0.0
SRR5532749	51.0	1733.0	229.0	177.0	810.0	168.0	995.0	0.0	14065.0	297.0	1206.0	13.0	65.0	0.0	24.0	0.0	8.0	2.0	0.0	12.0	14.0	10.0	0.0	0.0	0.0	5.0	0.0	2.0	0.0	0.0	0.0	0.0	0.0	0.0	0.0	0.0	0.0	0.0	0.0	11.0	0.0	0.0	0.0	0.0	0.0	0.0
SRR5532750	21.0	4071.0	485.0	110.0	664.0	161.0	1228.0	0.0	10114.0	324.0	1424.0	10.0	38.0	0.0	20.0	0.0	57.0	14.0	0.0	23.0	29.0	34.0	1.0	0.0	0.0	6.0	6.0	5.0	0.0	0.0	0.0	0.0	0.0	0.0	0.0	0.0	0.0	0.0	0.0	20.0	0.0	0.0	0.0	0.0	0.0	0.0
SRR5532751	30.0	4880.0	651.0	88.0	808.0	265.0	639.0	0.0	10756.0	321.0	1131.0	0.0	74.0	0.0	44.0	0.0	27.0	0.0	0.0	0.0	9.0	42.0	0.0	0.0	0.0	13.0	6.0	11.0	0.0	0.0	0.0	0.0	0.0	0.0	0.0	0.0	0.0	0.0	0.0	16.0	0.0	0.0	0.0	0.0	0.0	0.0
SRR5532752	22.0	1898.0	249.0	118.0	1036.0	61.0	850.0	0.0	8018.0	943.0	1366.0	39.0	50.0	0.0	34.0	4.0	44.0	0.0	0.0	6.0	26.0	7.0	0.0	0.0	0.0	0.0	0.0	0.0	0.0	0.0	0.0	0.0	0.0	0.0	0.0	0.0	0.0	0.0	0.0	4.0	0.0	0.0	0.0	0.0	0.0	0.0
SRR5532753	14.0	3323.0	704.0	95.0	259.0	448.0	164.0	0.0	11901.0	135.0	1437.0	18.0	43.0	0.0	0.0	6.0	54.0	0.0	0.0	2.0	20.0	13.0	0.0	6.0	0.0	0.0	0.0	0.0	0.0	0.0	0.0	0.0	3.0	0.0	0.0	0.0	0.0	0.0	0.0	4.0	0.0	0.0	0.0	0.0	0.0	0.0
SRR5532754	0.0	6275.0	530.0	40.0	411.0	624.0	897.0	0.0	15471.0	95.0	1559.0	35.0	45.0	0.0	0.0	21.0	172.0	5.0	0.0	33.0	5.0	38.0	0.0	0.0	0.0	1.0	0.0	2.0	0.0	0.0	0.0	0.0	0.0	0.0	0.0	0.0	0.0	0.0	0.0	6.0	0.0	0.0	0.0	0.0	0.0	0.0
SRR5532755	19.0	8514.0	2205.0	254.0	142.0	1464.0	249.0	0.0	3131.0	960.0	1700.0	6.0	10.0	0.0	7.0	8.0	321.0	0.0	0.0	9.0	43.0	60.0	0.0	0.0	0.0	2.0	0.0	0.0	0.0	0.0	0.0	7.0	0.0	0.0	780.0	0.0	0.0	0.0	0.0	9.0	0.0	0.0	0.0	0.0	0.0	0.0
SRR5532756	20.0	9794.0	1419.0	87.0	197.0	415.0	355.0	0.0	12886.0	280.0	1270.0	5.0	90.0	0.0	0.0	22.0	301.0	0.0	0.0	0.0	7.0	54.0	0.0	0.0	0.0	0.0	0.0	0.0	0.0	0.0	0.0	0.0	3.0	0.0	7.0	0.0	0.0	0.0	0.0	0.0	0.0	0.0	0.0	0.0	0.0	0.0
SRR5532759	12.0	4639.0	821.0	181.0	1036.0	145.0	1527.0	0.0	11479.0	445.0	2722.0	18.0	164.0	2.0	28.0	0.0	2.0	17.0	0.0	1.0	27.0	17.0	0.0	0.0	0.0	12.0	5.0	0.0	0.0	0.0	0.0	0.0	8.0	0.0	0.0	0.0	0.0	0.0	0.0	8.0	0.0	0.0	0.0	0.0	0.0	0.0
SRR5532760	63.0	6040.0	807.0	182.0	1560.0	176.0	1674.0	0.0	6412.0	894.0	4125.0	55.0	192.0	0.0	76.0	1.0	85.0	30.0	0.0	129.0	36.0	26.0	0.0	0.0	0.0	1.0	0.0	0.0	0.0	0.0	0.0	0.0	0.0	0.0	0.0	0.0	0.0	0.0	0.0	0.0	0.0	0.0	0.0	0.0	0.0	0.0
SRR5532761	54.0	4223.0	624.0	549.0	1797.0	1362.0	1095.0	0.0	19381.0	663.0	3255.0	1.0	221.0	0.0	89.0	2.0	14.0	2.0	0.0	55.0	28.0	0.0	0.0	0.0	0.0	35.0	0.0	34.0	0.0	0.0	0.0	0.0	0.0	0.0	75.0	0.0	0.0	0.0	0.0	27.0	0.0	0.0	0.0	0.0	0.0	0.0
SRR5532762	0.0	13239.0	310.0	79.0	957.0	361.0	448.0	0.0	6732.0	122.0	1588.0	3.0	67.0	0.0	40.0	0.0	0.0	4.0	0.0	42.0	7.0	15.0	0.0	0.0	0.0	0.0	0.0	14.0	0.0	0.0	0.0	5.0	0.0	0.0	15.0	0.0	0.0	0.0	0.0	8.0	0.0	0.0	0.0	0.0	0.0	0.0
SRR5532763	41.0	15819.0	2327.0	340.0	609.0	3686.0	565.0	0.0	10948.0	426.0	2168.0	15.0	101.0	0.0	7.0	20.0	83.0	0.0	0.0	14.0	14.0	70.0	0.0	3.0	0.0	1.0	0.0	0.0	0.0	0.0	0.0	0.0	0.0	0.0	22.0	0.0	0.0	0.0	0.0	6.0	0.0	0.0	0.0	0.0	0.0	0.0
SRR5532764	3.0	5446.0	994.0	57.0	308.0	606.0	5024.0	0.0	10030.0	254.0	2245.0	9.0	51.0	0.0	0.0	60.0	446.0	6.0	0.0	29.0	0.0	0.0	0.0	0.0	0.0	0.0	0.0	0.0	0.0	0.0	0.0	0.0	0.0	0.0	0.0	0.0	0.0	0.0	0.0	8.0	0.0	0.0	0.0	0.0	0.0	0.0
SRR5532765	18.0	15586.0	3935.0	46.0	203.0	719.0	371.0	0.0	7427.0	289.0	1485.0	0.0	22.0	0.0	5.0	0.0	184.0	0.0	0.0	0.0	8.0	21.0	0.0	0.0	0.0	0.0	0.0	0.0	0.0	0.0	0.0	0.0	0.0	0.0	237.0	0.0	0.0	0.0	0.0	0.0	0.0	0.0	0.0	0.0	0.0	0.0
SRR5532766	42.0	7315.0	2915.0	152.0	301.0	1447.0	1012.0	0.0	10388.0	155.0	1059.0	0.0	38.0	0.0	5.0	16.0	36.0	2.0	0.0	10.0	6.0	43.0	0.0	0.0	0.0	0.0	0.0	0.0	0.0	0.0	0.0	0.0	0.0	0.0	0.0	0.0	0.0	0.0	0.0	0.0	0.0	0.0	0.0	0.0	0.0	0.0
SRR5532767	42.0	3973.0	476.0	21.0	372.0	36.0	3697.0	0.0	203.0	66.0	2115.0	3.0	20.0	0.0	0.0	0.0	328.0	0.0	0.0	0.0	2.0	5.0	0.0	0.0	0.0	0.0	0.0	0.0	0.0	0.0	0.0	0.0	0.0	0.0	0.0	0.0	0.0	5.0	0.0	0.0	0.0	0.0	0.0	0.0	0.0	0.0
SRR5532768	33.0	8491.0	930.0	54.0	273.0	150.0	1829.0	0.0	907.0	194.0	1670.0	0.0	29.0	0.0	3.0	9.0	504.0	0.0	0.0	2.0	6.0	18.0	0.0	0.0	0.0	0.0	0.0	3.0	0.0	0.0	0.0	0.0	0.0	0.0	0.0	0.0	0.0	0.0	0.0	0.0	0.0	0.0	0.0	0.0	0.0	0.0
SRR5532769	53.0	6886.0	1147.0	11.0	642.0	35.0	2588.0	0.0	581.0	263.0	2707.0	9.0	31.0	0.0	0.0	0.0	1730.0	0.0	1.0	0.0	5.0	0.0	0.0	0.0	0.0	0.0	0.0	0.0	0.0	0.0	0.0	0.0	0.0	0.0	0.0	0.0	0.0	0.0	0.0	0.0	0.0	0.0	0.0	0.0	0.0	0.0
SRR5532770	26.0	3574.0	572.0	15.0	532.0	73.0	1909.0	0.0	687.0	155.0	2663.0	0.0	32.0	0.0	3.0	0.0	2141.0	2.0	0.0	0.0	10.0	0.0	0.0	0.0	0.0	0.0	0.0	0.0	0.0	0.0	0.0	0.0	0.0	0.0	0.0	0.0	0.0	0.0	0.0	0.0	0.0	0.0	0.0	0.0	0.0	0.0
SRR5532771	9.0	8697.0	957.0	110.0	375.0	750.0	2402.0	0.0	5224.0	224.0	2066.0	4.0	46.0	3.0	9.0	5.0	218.0	2.0	0.0	9.0	20.0	22.0	0.0	0.0	0.0	0.0	0.0	0.0	0.0	0.0	0.0	4.0	0.0	0.0	0.0	0.0	0.0	0.0	0.0	0.0	0.0	0.0	0.0	0.0	0.0	0.0
SRR5532772	8.0	12729.0	1234.0	170.0	267.0	598.0	2606.0	0.0	3229.0	161.0	2875.0	20.0	51.0	0.0	15.0	4.0	56.0	0.0	0.0	11.0	7.0	16.0	0.0	16.0	0.0	0.0	0.0	1.0	0.0	0.0	0.0	0.0	0.0	0.0	0.0	0.0	0.0	0.0	0.0	11.0	0.0	0.0	0.0	0.0	0.0	0.0
SRR5532773	11.0	4469.0	426.0	55.0	184.0	397.0	2368.0	0.0	3658.0	119.0	3074.0	20.0	39.0	0.0	9.0	0.0	74.0	0.0	0.0	23.0	16.0	7.0	0.0	0.0	0.0	0.0	0.0	0.0	0.0	0.0	0.0	0.0	0.0	0.0	0.0	0.0	0.0	0.0	0.0	3.0	0.0	0.0	0.0	0.0	0.0	0.0
SRR5532777	25.0	6412.0	1088.0	52.0	211.0	56.0	568.0	0.0	2558.0	139.0	1857.0	88.0	23.0	0.0	11.0	2.0	1367.0	0.0	0.0	17.0	10.0	18.0	0.0	0.0	0.0	0.0	0.0	0.0	0.0	0.0	0.0	0.0	0.0	0.0	0.0	0.0	0.0	0.0	0.0	0.0	0.0	0.0	0.0	0.0	0.0	0.0
SRR5532778	13.0	15637.0	1152.0	105.0	553.0	1317.0	877.0	0.0	3790.0	284.0	2531.0	74.0	25.0	0.0	0.0	5.0	1258.0	20.0	0.0	0.0	23.0	33.0	0.0	0.0	0.0	0.0	0.0	0.0	1.0	0.0	0.0	0.0	6.0	0.0	0.0	0.0	0.0	0.0	0.0	0.0	0.0	0.0	0.0	0.0	0.0	0.0
SRR5532783	16.0	15511.0	1251.0	118.0	232.0	207.0	490.0	0.0	3315.0	168.0	784.0	7.0	32.0	0.0	2.0	0.0	263.0	0.0	0.0	0.0	6.0	9.0	0.0	0.0	0.0	0.0	0.0	0.0	0.0	0.0	0.0	4.0	0.0	0.0	0.0	0.0	0.0	0.0	0.0	0.0	0.0	0.0	0.0	0.0	0.0	0.0
SRR5532784	48.0	11209.0	818.0	158.0	289.0	258.0	962.0	0.0	4420.0	236.0	1172.0	0.0	22.0	0.0	2.0	5.0	258.0	0.0	0.0	0.0	12.0	32.0	0.0	0.0	0.0	0.0	0.0	0.0	1.0	0.0	0.0	0.0	0.0	0.0	359.0	0.0	0.0	5.0	0.0	0.0	0.0	0.0	0.0	0.0	0.0	0.0
SRR5532810	31.0	1924.0	208.0	62.0	311.0	11.0	3254.0	0.0	2430.0	202.0	1719.0	30.0	108.0	0.0	34.0	0.0	0.0	1.0	0.0	12.0	36.0	2.0	0.0	0.0	0.0	0.0	0.0	0.0	0.0	0.0	0.0	0.0	0.0	0.0	0.0	0.0	0.0	0.0	0.0	4.0	0.0	0.0	0.0	0.0	0.0	0.0
SRR5532811	13.0	1216.0	181.0	39.0	367.0	96.0	1587.0	0.0	5666.0	129.0	1543.0	0.0	131.0	0.0	35.0	0.0	14.0	0.0	0.0	21.0	9.0	3.0	0.0	0.0	0.0	0.0	0.0	0.0	0.0	0.0	0.0	3.0	0.0	0.0	0.0	0.0	0.0	0.0	0.0	16.0	0.0	0.0	0.0	0.0	0.0	0.0
SRR5532816	0.0	3085.0	184.0	120.0	705.0	167.0	1678.0	0.0	3689.0	269.0	1624.0	0.0	159.0	0.0	5.0	5.0	22.0	0.0	1.0	39.0	17.0	23.0	0.0	0.0	0.0	0.0	0.0	3.0	0.0	0.0	0.0	17.0	0.0	0.0	0.0	0.0	0.0	0.0	0.0	7.0	0.0	0.0	0.0	0.0	0.0	0.0
SRR5532818	10.0	1368.0	219.0	89.0	485.0	46.0	1689.0	0.0	6543.0	247.0	1688.0	72.0	58.0	0.0	25.0	0.0	0.0	0.0	0.0	5.0	30.0	0.0	0.0	0.0	0.0	0.0	0.0	1.0	0.0	0.0	0.0	0.0	0.0	0.0	0.0	0.0	0.0	0.0	0.0	0.0	0.0	0.0	0.0	0.0	4.0	0.0
SRR5532819	44.0	3866.0	291.0	124.0	826.0	25.0	2653.0	0.0	4961.0	242.0	1432.0	55.0	120.0	0.0	92.0	0.0	49.0	0.0	0.0	0.0	5.0	0.0	0.0	0.0	0.0	0.0	0.0	6.0	0.0	0.0	0.0	7.0	0.0	0.0	0.0	0.0	0.0	0.0	0.0	0.0	0.0	0.0	0.0	0.0	0.0	0.0
SRR5532822	73.0	3204.0	587.0	19.0	755.0	977.0	2878.0	0.0	303.0	48.0	4081.0	8.0	48.0	0.0	11.0	0.0	169.0	0.0	0.0	6.0	11.0	0.0	0.0	7.0	0.0	0.0	0.0	0.0	0.0	0.0	0.0	0.0	0.0	0.0	0.0	0.0	0.0	8.0	0.0	0.0	0.0	0.0	0.0	0.0	0.0	0.0
SRR5532823	70.0	10799.0	952.0	13.0	435.0	547.0	3162.0	0.0	229.0	111.0	3454.0	17.0	41.0	0.0	0.0	0.0	162.0	0.0	0.0	28.0	10.0	0.0	0.0	0.0	0.0	0.0	0.0	0.0	0.0	0.0	0.0	0.0	0.0	0.0	0.0	0.0	0.0	7.0	0.0	0.0	0.0	0.0	0.0	0.0	0.0	0.0
SRR8743444	656.0	6901.0	1038.0	4.0	2270.0	1887.0	7025.0	10.0	221.0	76.0	44.0	22.0	6.0	11.0	7.0	16.0	0.0	14.0	0.0	0.0	17.0	0.0	0.0	0.0	0.0	0.0	0.0	0.0	0.0	0.0	0.0	0.0	0.0	0.0	0.0	0.0	0.0	0.0	0.0	0.0	0.0	0.0	0.0	0.0	0.0	0.0
SRR8743446	269.0	6110.0	2171.0	0.0	250.0	540.0	6944.0	0.0	27.0	0.0	6.0	0.0	0.0	3.0	0.0	0.0	12.0	13.0	0.0	0.0	0.0	0.0	0.0	0.0	0.0	0.0	0.0	0.0	0.0	0.0	0.0	0.0	0.0	0.0	0.0	0.0	0.0	0.0	0.0	0.0	0.0	0.0	0.0	0.0	0.0	0.0
SRR8743457	111.0	4752.0	733.0	0.0	992.0	481.0	6621.0	0.0	130.0	10.0	16.0	10.0	0.0	0.0	0.0	0.0	0.0	0.0	0.0	0.0	0.0	0.0	0.0	0.0	0.0	0.0	0.0	0.0	0.0	0.0	0.0	0.0	0.0	0.0	0.0	0.0	0.0	0.0	0.0	0.0	0.0	0.0	0.0	0.0	0.0	0.0
SRR8743461	148.0	7779.0	3768.0	0.0	286.0	225.0	2729.0	4.0	312.0	50.0	10.0	8.0	0.0	0.0	6.0	2.0	353.0	12.0	0.0	0.0	6.0	0.0	0.0	0.0	0.0	0.0	0.0	0.0	0.0	0.0	0.0	0.0	0.0	0.0	0.0	0.0	0.0	0.0	0.0	0.0	0.0	0.0	0.0	0.0	0.0	0.0
SRR8743462	247.0	8702.0	3671.0	0.0	213.0	529.0	6130.0	0.0	76.0	17.0	0.0	14.0	0.0	2.0	0.0	4.0	0.0	0.0	0.0	0.0	0.0	0.0	0.0	0.0	0.0	0.0	0.0	0.0	0.0	0.0	0.0	0.0	0.0	0.0	0.0	0.0	0.0	0.0	0.0	0.0	0.0	0.0	0.0	0.0	0.0	0.0
SRR8743465	325.0	8318.0	3144.0	0.0	534.0	1141.0	9381.0	0.0	54.0	39.0	0.0	24.0	0.0	2.0	0.0	6.0	0.0	9.0	0.0	0.0	7.0	0.0	0.0	0.0	0.0	0.0	0.0	0.0	0.0	0.0	0.0	0.0	0.0	0.0	0.0	0.0	0.0	0.0	4.0	0.0	0.0	0.0	0.0	0.0	0.0	0.0
SRR8743466	996.0	6044.0	511.0	8.0	1339.0	1919.0	3831.0	8.0	353.0	259.0	19.0	65.0	31.0	0.0	7.0	13.0	18.0	103.0	5.0	3.0	20.0	0.0	0.0	0.0	0.0	0.0	0.0	0.0	0.0	0.0	0.0	0.0	0.0	0.0	0.0	0.0	0.0	0.0	6.0	0.0	0.0	0.0	0.0	0.0	0.0	0.0
SRR8743472	237.0	4390.0	1133.0	0.0	1416.0	821.0	7291.0	2.0	240.0	38.0	0.0	16.0	0.0	5.0	14.0	10.0	5.0	0.0	0.0	0.0	0.0	0.0	0.0	0.0	0.0	0.0	0.0	0.0	0.0	0.0	0.0	0.0	0.0	0.0	0.0	0.0	0.0	0.0	0.0	0.0	0.0	0.0	0.0	0.0	0.0	0.0
SRR8743488	306.0	7567.0	2424.0	0.0	1805.0	827.0	5959.0	15.0	291.0	134.0	42.0	53.0	7.0	8.0	28.0	21.0	11.0	16.0	0.0	6.0	5.0	0.0	0.0	0.0	0.0	0.0	0.0	0.0	0.0	0.0	0.0	0.0	0.0	0.0	0.0	0.0	0.0	0.0	0.0	0.0	0.0	0.0	0.0	0.0	0.0	0.0
SRR8743491	249.0	10684.0	2274.0	0.0	1451.0	705.0	12173.0	0.0	98.0	26.0	24.0	0.0	10.0	10.0	0.0	8.0	3.0	0.0	0.0	0.0	0.0	0.0	0.0	0.0	0.0	0.0	0.0	0.0	0.0	0.0	5.0	0.0	0.0	0.0	0.0	0.0	0.0	0.0	0.0	0.0	0.0	0.0	0.0	0.0	0.0	0.0
SRR8743493	159.0	4403.0	1229.0	0.0	719.0	403.0	6991.0	5.0	76.0	6.0	24.0	7.0	0.0	6.0	8.0	7.0	0.0	11.0	0.0	0.0	0.0	0.0	0.0	0.0	0.0	0.0	0.0	0.0	0.0	0.0	0.0	0.0	0.0	0.0	0.0	0.0	0.0	0.0	0.0	0.0	0.0	0.0	0.0	0.0	0.0	0.0
SRR8743494	644.0	11061.0	5352.0	8.0	664.0	1023.0	10647.0	0.0	204.0	65.0	21.0	12.0	0.0	12.0	0.0	16.0	0.0	21.0	0.0	6.0	3.0	0.0	0.0	0.0	0.0	0.0	0.0	0.0	0.0	0.0	0.0	0.0	0.0	0.0	0.0	0.0	0.0	0.0	0.0	0.0	0.0	0.0	0.0	0.0	0.0	0.0
SRR8743501	159.0	5787.0	2784.0	0.0	238.0	248.0	5855.0	0.0	126.0	4.0	4.0	7.0	0.0	3.0	0.0	0.0	0.0	5.0	0.0	0.0	0.0	0.0	0.0	0.0	0.0	0.0	0.0	0.0	0.0	0.0	0.0	0.0	0.0	0.0	0.0	0.0	0.0	0.0	0.0	0.0	0.0	0.0	0.0	0.0	0.0	0.0
SRR8743505	181.0	9097.0	2901.0	0.0	1422.0	704.0	7367.0	0.0	228.0	41.0	31.0	17.0	5.0	4.0	16.0	0.0	0.0	3.0	0.0	0.0	17.0	0.0	0.0	0.0	0.0	0.0	0.0	0.0	0.0	0.0	0.0	0.0	0.0	0.0	0.0	0.0	0.0	0.0	0.0	0.0	0.0	0.0	0.0	0.0	0.0	0.0
SRR8743506	310.0	5803.0	1531.0	0.0	636.0	811.0	5163.0	6.0	144.0	79.0	14.0	3.0	2.0	3.0	0.0	0.0	49.0	7.0	6.0	3.0	3.0	0.0	0.0	0.0	0.0	0.0	0.0	0.0	0.0	0.0	0.0	0.0	0.0	0.0	0.0	0.0	0.0	0.0	0.0	0.0	0.0	0.0	0.0	0.0	0.0	0.0
SRR8743508	86.0	12627.0	1525.0	0.0	1033.0	583.0	19975.0	3.0	78.0	25.0	18.0	8.0	0.0	3.0	0.0	0.0	0.0	6.0	0.0	5.0	8.0	0.0	0.0	0.0	0.0	0.0	0.0	0.0	0.0	0.0	0.0	0.0	0.0	0.0	0.0	0.0	0.0	0.0	0.0	0.0	0.0	0.0	0.0	0.0	0.0	0.0
SRR8743510	102.0	5511.0	411.0	0.0	1013.0	1478.0	5359.0	0.0	177.0	94.0	105.0	0.0	42.0	27.0	0.0	20.0	0.0	0.0	0.0	0.0	0.0	0.0	0.0	0.0	0.0	0.0	0.0	0.0	0.0	0.0	0.0	0.0	0.0	0.0	0.0	41.0	0.0	0.0	0.0	0.0	0.0	0.0	0.0	0.0	0.0	0.0
SRR8743512	391.0	10781.0	4275.0	0.0	723.0	902.0	4166.0	0.0	358.0	85.0	0.0	22.0	0.0	0.0	0.0	0.0	97.0	31.0	3.0	0.0	0.0	0.0	0.0	0.0	0.0	0.0	0.0	0.0	0.0	0.0	0.0	0.0	0.0	0.0	0.0	0.0	0.0	0.0	0.0	0.0	0.0	0.0	0.0	0.0	0.0	0.0
SRR8743516	25.0	4181.0	3952.0	0.0	62.0	192.0	3285.0	0.0	77.0	5.0	0.0	0.0	0.0	0.0	0.0	0.0	0.0	0.0	0.0	0.0	0.0	0.0	0.0	0.0	0.0	0.0	0.0	0.0	0.0	0.0	0.0	0.0	0.0	0.0	0.0	0.0	0.0	0.0	0.0	0.0	0.0	0.0	0.0	0.0	0.0	0.0
SRR8743517	268.0	9853.0	5003.0	0.0	511.0	957.0	8937.0	0.0	137.0	133.0	0.0	19.0	0.0	17.0	11.0	12.0	0.0	82.0	3.0	0.0	10.0	0.0	0.0	0.0	0.0	0.0	0.0	0.0	0.0	0.0	0.0	0.0	0.0	0.0	0.0	0.0	0.0	0.0	0.0	0.0	0.0	0.0	0.0	0.0	0.0	0.0
SRR8743518	0.0	5491.0	3703.0	0.0	62.0	181.0	2365.0	0.0	12.0	4.0	0.0	0.0	0.0	0.0	0.0	0.0	0.0	0.0	0.0	0.0	0.0	0.0	0.0	0.0	0.0	0.0	0.0	0.0	0.0	0.0	0.0	0.0	0.0	0.0	0.0	0.0	0.0	0.0	0.0	0.0	0.0	0.0	0.0	0.0	0.0	0.0
SRR8743519	285.0	7101.0	2135.0	0.0	1395.0	617.0	4463.0	0.0	306.0	152.0	0.0	26.0	10.0	2.0	20.0	6.0	0.0	12.0	0.0	0.0	10.0	0.0	0.0	0.0	0.0	0.0	0.0	0.0	0.0	0.0	0.0	0.0	0.0	0.0	0.0	0.0	0.0	0.0	0.0	0.0	0.0	0.0	0.0	0.0	0.0	0.0
SRR8743520	586.0	8678.0	2962.0	0.0	1006.0	981.0	5150.0	5.0	273.0	131.0	35.0	24.0	11.0	6.0	0.0	5.0	28.0	23.0	0.0	0.0	18.0	0.0	0.0	0.0	0.0	0.0	4.0	0.0	0.0	0.0	0.0	0.0	0.0	0.0	0.0	0.0	0.0	0.0	0.0	0.0	0.0	0.0	0.0	0.0	0.0	0.0
SRR8743524	0.0	11160.0	6169.0	0.0	9.0	72.0	3961.0	0.0	24.0	0.0	5.0	0.0	0.0	0.0	0.0	0.0	0.0	0.0	0.0	0.0	0.0	0.0	0.0	0.0	0.0	0.0	0.0	0.0	0.0	0.0	0.0	0.0	0.0	0.0	0.0	0.0	0.0	0.0	0.0	0.0	0.0	0.0	0.0	0.0	0.0	0.0
SRR8743527	711.0	8667.0	2436.0	0.0	1293.0	1173.0	5590.0	6.0	377.0	168.0	32.0	28.0	6.0	11.0	0.0	21.0	50.0	36.0	9.0	0.0	0.0	0.0	0.0	0.0	0.0	0.0	0.0	0.0	0.0	0.0	0.0	0.0	0.0	0.0	0.0	0.0	0.0	0.0	0.0	0.0	0.0	0.0	0.0	0.0	0.0	0.0
SRR8743528	329.0	14006.0	3919.0	0.0	1823.0	852.0	8296.0	4.0	253.0	10.0	35.0	9.0	5.0	9.0	22.0	13.0	11.0	13.0	0.0	0.0	7.0	0.0	0.0	0.0	0.0	0.0	0.0	0.0	0.0	0.0	0.0	0.0	0.0	0.0	0.0	0.0	0.0	0.0	0.0	0.0	0.0	0.0	0.0	0.0	0.0	0.0
SRR8743529	63.0	6739.0	3096.0	0.0	74.0	108.0	5548.0	0.0	24.0	3.0	4.0	0.0	0.0	0.0	0.0	0.0	0.0	0.0	0.0	0.0	0.0	0.0	0.0	0.0	0.0	0.0	0.0	0.0	0.0	0.0	0.0	0.0	0.0	0.0	0.0	0.0	0.0	0.0	0.0	0.0	0.0	0.0	0.0	0.0	0.0	0.0
SRR8743541	507.0	7643.0	1662.0	0.0	2413.0	1429.0	13605.0	8.0	384.0	116.0	59.0	50.0	16.0	25.0	20.0	10.0	0.0	0.0	0.0	0.0	15.0	0.0	0.0	0.0	0.0	0.0	0.0	0.0	0.0	0.0	0.0	0.0	0.0	0.0	0.0	0.0	0.0	0.0	11.0	0.0	0.0	0.0	0.0	0.0	0.0	8.0
SRR8743544	197.0	4760.0	1802.0	0.0	381.0	828.0	5989.0	6.0	139.0	15.0	6.0	0.0	4.0	13.0	3.0	4.0	0.0	13.0	0.0	0.0	0.0	0.0	0.0	0.0	0.0	0.0	0.0	0.0	0.0	0.0	0.0	0.0	0.0	0.0	0.0	0.0	0.0	0.0	0.0	0.0	0.0	0.0	0.0	0.0	0.0	0.0
SRR8743546	44.0	5859.0	1072.0	0.0	546.0	398.0	6394.0	0.0	48.0	23.0	8.0	0.0	0.0	0.0	0.0	0.0	0.0	6.0	0.0	0.0	0.0	0.0	0.0	0.0	0.0	0.0	0.0	0.0	0.0	0.0	0.0	0.0	0.0	0.0	0.0	0.0	0.0	0.0	0.0	0.0	0.0	0.0	0.0	0.0	0.0	0.0
SRR8743547	177.0	11811.0	5434.0	0.0	232.0	393.0	8441.0	0.0	168.0	9.0	24.0	6.0	0.0	0.0	0.0	0.0	11.0	6.0	0.0	0.0	0.0	0.0	0.0	0.0	0.0	0.0	0.0	0.0	0.0	0.0	0.0	0.0	0.0	0.0	0.0	0.0	0.0	0.0	0.0	0.0	0.0	0.0	0.0	0.0	0.0	0.0
SRR8743568	610.0	9608.0	2130.0	3.0	2822.0	1211.0	8708.0	0.0	419.0	91.0	52.0	15.0	0.0	28.0	0.0	26.0	4.0	42.0	0.0	0.0	10.0	0.0	0.0	0.0	0.0	0.0	0.0	0.0	0.0	0.0	0.0	0.0	0.0	0.0	0.0	0.0	0.0	0.0	0.0	0.0	0.0	0.0	0.0	0.0	0.0	0.0
SRR8743577	227.0	3505.0	701.0	0.0	895.0	761.0	6277.0	0.0	58.0	28.0	12.0	4.0	0.0	0.0	0.0	7.0	0.0	0.0	0.0	0.0	5.0	0.0	0.0	0.0	0.0	0.0	0.0	0.0	0.0	0.0	0.0	0.0	0.0	0.0	0.0	0.0	0.0	0.0	0.0	0.0	0.0	0.0	0.0	0.0	0.0	0.0
SRR8743580	280.0	10302.0	3130.0	0.0	1856.0	1042.0	7322.0	4.0	254.0	105.0	34.0	30.0	0.0	4.0	50.0	19.0	46.0	17.0	7.0	0.0	7.0	0.0	0.0	0.0	0.0	0.0	0.0	0.0	0.0	0.0	2.0	0.0	0.0	0.0	0.0	0.0	0.0	0.0	0.0	0.0	0.0	0.0	0.0	0.0	0.0	0.0
SRR8743590	254.0	17992.0	6795.0	0.0	473.0	610.0	7791.0	4.0	313.0	53.0	28.0	21.0	3.0	4.0	9.0	4.0	91.0	17.0	0.0	0.0	0.0	0.0	0.0	0.0	0.0	0.0	0.0	0.0	0.0	0.0	0.0	0.0	0.0	0.0	0.0	0.0	0.0	0.0	0.0	0.0	0.0	0.0	0.0	0.0	0.0	0.0
SRR8743593	264.0	7686.0	1941.0	0.0	1268.0	611.0	4219.0	0.0	226.0	29.0	12.0	11.0	0.0	0.0	14.0	0.0	30.0	6.0	0.0	0.0	8.0	0.0	0.0	0.0	0.0	0.0	0.0	0.0	0.0	0.0	0.0	0.0	0.0	0.0	0.0	0.0	0.0	0.0	0.0	0.0	0.0	0.0	0.0	0.0	0.0	0.0
SRR8743594	1086.0	4762.0	668.0	4.0	1735.0	1705.0	7379.0	0.0	477.0	226.0	35.0	46.0	0.0	5.0	0.0	8.0	3.0	59.0	0.0	0.0	10.0	0.0	0.0	0.0	0.0	0.0	0.0	0.0	0.0	0.0	0.0	0.0	0.0	0.0	0.0	0.0	0.0	0.0	0.0	0.0	0.0	0.0	0.0	0.0	0.0	0.0
SRR8743595	146.0	5216.0	993.0	0.0	1166.0	606.0	7544.0	4.0	84.0	35.0	18.0	4.0	0.0	5.0	0.0	11.0	0.0	0.0	0.0	0.0	0.0	0.0	0.0	0.0	0.0	0.0	0.0	0.0	0.0	0.0	0.0	0.0	0.0	0.0	0.0	0.0	0.0	0.0	0.0	0.0	0.0	0.0	0.0	0.0	0.0	0.0
SRR8743607	424.0	6565.0	1971.0	0.0	653.0	959.0	9525.0	0.0	169.0	63.0	35.0	29.0	0.0	31.0	8.0	0.0	4.0	10.0	0.0	0.0	0.0	0.0	0.0	0.0	0.0	0.0	0.0	0.0	0.0	0.0	0.0	0.0	0.0	0.0	0.0	0.0	0.0	0.0	0.0	0.0	0.0	0.0	0.0	0.0	0.0	0.0
SRR8743608	42.0	3156.0	492.0	0.0	468.0	135.0	6408.0	0.0	31.0	5.0	0.0	0.0	0.0	4.0	0.0	0.0	0.0	11.0	0.0	0.0	0.0	0.0	0.0	0.0	0.0	0.0	0.0	0.0	0.0	0.0	0.0	0.0	0.0	0.0	0.0	0.0	0.0	0.0	0.0	0.0	0.0	0.0	0.0	0.0	0.0	0.0
SRR8743626	316.0	6985.0	1339.0	0.0	2165.0	1361.0	4796.0	0.0	304.0	137.0	27.0	22.0	0.0	23.0	12.0	15.0	12.0	30.0	5.0	5.0	6.0	0.0	0.0	0.0	0.0	0.0	0.0	0.0	0.0	0.0	0.0	0.0	0.0	0.0	0.0	0.0	0.0	0.0	0.0	0.0	0.0	0.0	0.0	0.0	0.0	0.0
SRR8743627	763.0	13537.0	3890.0	0.0	3034.0	1493.0	12659.0	0.0	690.0	116.0	56.0	9.0	6.0	57.0	68.0	28.0	3.0	38.0	0.0	0.0	3.0	0.0	0.0	0.0	0.0	0.0	0.0	0.0	0.0	0.0	0.0	0.0	0.0	0.0	0.0	0.0	0.0	0.0	0.0	0.0	0.0	0.0	0.0	0.0	0.0	0.0
SRR8743630	13.0	4111.0	4158.0	0.0	304.0	75.0	2088.0	0.0	19.0	9.0	0.0	0.0	0.0	0.0	0.0	0.0	0.0	7.0	0.0	0.0	0.0	0.0	0.0	0.0	0.0	0.0	0.0	0.0	0.0	0.0	0.0	0.0	0.0	0.0	0.0	0.0	0.0	0.0	0.0	0.0	0.0	0.0	0.0	0.0	0.0	0.0
SRR8743671	1103.0	6466.0	653.0	0.0	2981.0	2008.0	11372.0	0.0	404.0	129.0	42.0	9.0	10.0	11.0	0.0	28.0	0.0	29.0	0.0	2.0	12.0	0.0	0.0	0.0	0.0	0.0	0.0	0.0	0.0	0.0	0.0	0.0	0.0	0.0	0.0	0.0	0.0	0.0	0.0	0.0	0.0	0.0	0.0	0.0	0.0	0.0
SRR8743672	196.0	10740.0	4395.0	0.0	1744.0	719.0	6283.0	0.0	307.0	84.0	0.0	23.0	28.0	8.0	176.0	0.0	23.0	17.0	3.0	0.0	6.0	0.0	0.0	0.0	0.0	0.0	0.0	0.0	0.0	0.0	0.0	0.0	0.0	0.0	0.0	0.0	0.0	0.0	0.0	0.0	0.0	0.0	0.0	0.0	0.0	0.0
SRR8743673	711.0	20319.0	11454.0	0.0	715.0	1749.0	6854.0	0.0	458.0	265.0	28.0	99.0	6.0	42.0	30.0	23.0	409.0	16.0	0.0	0.0	11.0	0.0	0.0	0.0	0.0	0.0	7.0	0.0	0.0	0.0	0.0	0.0	0.0	0.0	0.0	0.0	0.0	0.0	0.0	0.0	0.0	0.0	0.0	0.0	0.0	0.0
SRR8743690	113.0	6205.0	2074.0	0.0	810.0	290.0	6053.0	0.0	242.0	72.0	0.0	0.0	0.0	0.0	15.0	0.0	6.0	3.0	0.0	0.0	0.0	0.0	0.0	0.0	0.0	0.0	0.0	0.0	0.0	0.0	0.0	0.0	0.0	0.0	0.0	0.0	0.0	0.0	0.0	0.0	0.0	0.0	0.0	0.0	0.0	0.0
SRR8743692	376.0	8187.0	3072.0	0.0	644.0	774.0	5471.0	0.0	404.0	130.0	33.0	26.0	4.0	4.0	7.0	5.0	265.0	21.0	0.0	0.0	0.0	0.0	0.0	0.0	0.0	0.0	0.0	0.0	0.0	0.0	0.0	0.0	0.0	0.0	0.0	0.0	0.0	0.0	0.0	0.0	0.0	0.0	0.0	0.0	0.0	0.0
SRR8743693	439.0	10504.0	2825.0	0.0	1869.0	1206.0	9251.0	7.0	343.0	29.0	34.0	10.0	14.0	2.0	18.0	11.0	0.0	19.0	0.0	0.0	6.0	0.0	0.0	0.0	0.0	0.0	0.0	0.0	0.0	0.0	0.0	0.0	0.0	0.0	0.0	0.0	0.0	0.0	0.0	0.0	0.0	0.0	0.0	0.0	0.0	0.0
SRR8743696	487.0	4390.0	572.0	0.0	1966.0	1437.0	6018.0	20.0	272.0	80.0	37.0	63.0	18.0	15.0	11.0	41.0	0.0	25.0	0.0	0.0	0.0	0.0	0.0	0.0	0.0	0.0	0.0	0.0	0.0	0.0	0.0	0.0	0.0	0.0	0.0	0.0	0.0	0.0	0.0	0.0	0.0	0.0	0.0	0.0	0.0	0.0
SRR8743741	30.0	4966.0	2440.0	0.0	121.0	213.0	7053.0	0.0	68.0	7.0	7.0	6.0	0.0	0.0	0.0	6.0	0.0	0.0	0.0	0.0	0.0	0.0	0.0	0.0	0.0	0.0	0.0	0.0	0.0	0.0	5.0	0.0	0.0	0.0	0.0	0.0	0.0	0.0	0.0	0.0	0.0	0.0	0.0	0.0	0.0	0.0
SRR8743748	448.0	18851.0	12532.0	0.0	2203.0	1186.0	10700.0	0.0	209.0	96.0	48.0	9.0	4.0	3.0	32.0	13.0	7.0	21.0	0.0	2.0	6.0	0.0	0.0	0.0	0.0	0.0	0.0	0.0	0.0	0.0	0.0	0.0	0.0	0.0	0.0	0.0	0.0	0.0	0.0	0.0	0.0	0.0	0.0	0.0	0.0	0.0
SRR8743750	111.0	9876.0	4195.0	0.0	1116.0	414.0	3565.0	0.0	288.0	6.0	21.0	32.0	6.0	4.0	47.0	0.0	18.0	5.0	0.0	0.0	0.0	0.0	0.0	0.0	0.0	0.0	0.0	0.0	0.0	0.0	0.0	0.0	0.0	0.0	0.0	0.0	0.0	0.0	0.0	0.0	0.0	0.0	0.0	0.0	0.0	0.0
SRR8743751	207.0	7184.0	1255.0	0.0	930.0	631.0	10279.0	6.0	158.0	2.0	28.0	0.0	0.0	15.0	8.0	12.0	0.0	20.0	0.0	0.0	0.0	0.0	0.0	0.0	0.0	0.0	0.0	0.0	0.0	0.0	0.0	0.0	0.0	0.0	0.0	0.0	0.0	0.0	0.0	0.0	0.0	0.0	0.0	0.0	0.0	0.0
SRR8743762	455.0	9311.0	4079.0	5.0	648.0	834.0	3845.0	5.0	203.0	46.0	29.0	0.0	13.0	5.0	0.0	4.0	22.0	20.0	0.0	2.0	0.0	0.0	0.0	0.0	0.0	0.0	0.0	0.0	0.0	0.0	0.0	0.0	0.0	0.0	0.0	0.0	0.0	0.0	0.0	0.0	0.0	0.0	0.0	0.0	0.0	0.0
SRR8743763	173.0	9410.0	3628.0	0.0	1071.0	401.0	6731.0	3.0	240.0	79.0	25.0	4.0	4.0	0.0	38.0	17.0	3.0	0.0	0.0	0.0	0.0	0.0	0.0	0.0	0.0	0.0	0.0	0.0	0.0	0.0	0.0	0.0	0.0	0.0	0.0	0.0	0.0	0.0	0.0	0.0	0.0	0.0	0.0	0.0	0.0	0.0
SRR8743764	1530.0	14673.0	3572.0	12.0	2071.0	2232.0	9152.0	23.0	438.0	243.0	40.0	61.0	11.0	49.0	0.0	34.0	15.0	106.0	0.0	0.0	21.0	0.0	0.0	0.0	0.0	4.0	0.0	0.0	0.0	0.0	12.0	0.0	0.0	0.0	0.0	5.0	0.0	0.0	16.0	0.0	0.0	0.0	0.0	0.0	0.0	0.0
SRR8743765	383.0	6909.0	3348.0	5.0	728.0	789.0	10290.0	0.0	122.0	60.0	13.0	10.0	0.0	0.0	0.0	15.0	9.0	13.0	0.0	0.0	7.0	0.0	0.0	0.0	0.0	0.0	0.0	0.0	0.0	0.0	4.0	0.0	0.0	0.0	0.0	0.0	0.0	0.0	0.0	0.0	0.0	0.0	0.0	0.0	0.0	0.0
SRR8743768	527.0	12453.0	3821.0	0.0	1028.0	1101.0	7331.0	10.0	517.0	55.0	35.0	10.0	3.0	0.0	0.0	0.0	83.0	7.0	0.0	2.0	11.0	0.0	0.0	0.0	0.0	0.0	0.0	0.0	0.0	0.0	0.0	0.0	0.0	0.0	0.0	0.0	0.0	0.0	0.0	0.0	0.0	0.0	0.0	0.0	0.0	0.0
SRR8743770	676.0	8808.0	2029.0	0.0	2722.0	1309.0	5202.0	0.0	302.0	98.0	86.0	9.0	0.0	4.0	3.0	17.0	0.0	60.0	0.0	6.0	19.0	0.0	0.0	0.0	0.0	0.0	0.0	0.0	0.0	0.0	0.0	0.0	0.0	0.0	0.0	0.0	0.0	0.0	0.0	0.0	0.0	0.0	0.0	0.0	0.0	0.0
SRR8743784	327.0	13470.0	4250.0	0.0	1720.0	1029.0	23601.0	5.0	154.0	49.0	28.0	20.0	0.0	5.0	0.0	8.0	0.0	28.0	0.0	0.0	9.0	0.0	0.0	0.0	0.0	0.0	0.0	0.0	0.0	0.0	0.0	0.0	0.0	0.0	0.0	0.0	0.0	0.0	0.0	0.0	0.0	0.0	0.0	0.0	0.0	0.0
SRR8743785	48.0	6661.0	2733.0	0.0	647.0	241.0	8174.0	0.0	39.0	2.0	18.0	5.0	0.0	4.0	0.0	5.0	0.0	0.0	0.0	0.0	3.0	0.0	0.0	0.0	0.0	0.0	0.0	0.0	0.0	0.0	0.0	0.0	0.0	0.0	0.0	0.0	0.0	0.0	0.0	0.0	0.0	0.0	0.0	0.0	0.0	0.0
SRR8743793	394.0	11250.0	4094.0	0.0	596.0	1045.0	11002.0	14.0	121.0	58.0	25.0	19.0	0.0	6.0	5.0	17.0	0.0	17.0	5.0	0.0	0.0	0.0	0.0	0.0	0.0	0.0	0.0	0.0	0.0	0.0	0.0	0.0	0.0	0.0	0.0	0.0	0.0	0.0	0.0	0.0	0.0	0.0	0.0	0.0	0.0	0.0
SRR8743794	133.0	7671.0	1631.0	0.0	1404.0	603.0	10790.0	0.0	137.0	19.0	24.0	3.0	0.0	0.0	8.0	15.0	0.0	15.0	0.0	0.0	5.0	0.0	0.0	0.0	0.0	0.0	0.0	0.0	0.0	0.0	0.0	0.0	0.0	0.0	0.0	0.0	0.0	0.0	0.0	0.0	0.0	0.0	0.0	0.0	0.0	0.0
SRR8743798	55.0	7121.0	2776.0	0.0	137.0	321.0	6064.0	0.0	15.0	4.0	4.0	13.0	0.0	0.0	4.0	4.0	0.0	11.0	0.0	0.0	6.0	0.0	0.0	0.0	0.0	0.0	0.0	0.0	0.0	0.0	0.0	0.0	0.0	0.0	0.0	0.0	0.0	0.0	0.0	0.0	0.0	0.0	0.0	0.0	0.0	0.0
SRR8743811	257.0	7010.0	2203.0	0.0	2040.0	1088.0	6809.0	0.0	289.0	87.0	43.0	8.0	7.0	13.0	10.0	5.0	4.0	8.0	0.0	0.0	9.0	0.0	0.0	0.0	0.0	0.0	0.0	0.0	0.0	0.0	0.0	0.0	0.0	0.0	0.0	0.0	0.0	0.0	0.0	0.0	0.0	0.0	0.0	0.0	0.0	0.0
SRR8743812	249.0	10839.0	5060.0	0.0	695.0	849.0	4891.0	6.0	274.0	98.0	14.0	42.0	0.0	4.0	7.0	9.0	183.0	22.0	0.0	0.0	0.0	0.0	0.0	0.0	0.0	0.0	0.0	0.0	0.0	0.0	0.0	0.0	0.0	0.0	0.0	0.0	0.0	0.0	0.0	0.0	0.0	0.0	0.0	0.0	0.0	0.0
SRR8743813	49.0	3365.0	404.0	0.0	354.0	167.0	6293.0	0.0	43.0	5.0	10.0	0.0	0.0	0.0	0.0	0.0	0.0	0.0	0.0	0.0	0.0	0.0	0.0	0.0	0.0	0.0	0.0	0.0	0.0	0.0	0.0	0.0	0.0	0.0	0.0	0.0	0.0	0.0	0.0	0.0	0.0	0.0	0.0	0.0	0.0	0.0
SRR8743827	136.0	5904.0	1232.0	0.0	1099.0	532.0	4778.0	4.0	102.0	54.0	33.0	0.0	0.0	0.0	18.0	0.0	5.0	0.0	4.0	0.0	0.0	0.0	0.0	0.0	0.0	0.0	0.0	0.0	0.0	0.0	0.0	0.0	0.0	0.0	0.0	0.0	0.0	0.0	0.0	0.0	0.0	0.0	0.0	0.0	0.0	0.0
SRR8743839	329.0	14012.0	6540.0	0.0	351.0	973.0	6639.0	0.0	370.0	50.0	12.0	26.0	0.0	4.0	4.0	0.0	351.0	21.0	0.0	6.0	2.0	0.0	0.0	0.0	0.0	0.0	0.0	0.0	0.0	0.0	0.0	0.0	0.0	0.0	0.0	0.0	0.0	0.0	0.0	0.0	0.0	0.0	0.0	0.0	0.0	0.0
SRR8743847	226.0	12061.0	543.0	0.0	1006.0	1544.0	8040.0	0.0	81.0	85.0	3.0	218.0	33.0	0.0	65.0	153.0	0.0	0.0	0.0	0.0	32.0	0.0	0.0	0.0	0.0	0.0	0.0	0.0	0.0	0.0	0.0	0.0	0.0	0.0	0.0	0.0	0.0	0.0	0.0	0.0	0.0	0.0	0.0	0.0	0.0	0.0
SRR8743862	45.0	3972.0	546.0	0.0	676.0	431.0	8581.0	0.0	34.0	28.0	29.0	6.0	0.0	6.0	0.0	3.0	0.0	0.0	0.0	0.0	0.0	0.0	0.0	0.0	0.0	0.0	0.0	0.0	0.0	0.0	0.0	0.0	0.0	0.0	0.0	0.0	0.0	0.0	0.0	0.0	0.0	0.0	0.0	0.0	0.0	0.0
SRR8743863	499.0	6908.0	1501.0	0.0	817.0	987.0	10142.0	7.0	200.0	29.0	24.0	29.0	0.0	14.0	0.0	4.0	8.0	36.0	8.0	0.0	0.0	0.0	0.0	0.0	0.0	0.0	0.0	0.0	0.0	0.0	0.0	0.0	0.0	0.0	0.0	0.0	0.0	0.0	0.0	0.0	0.0	0.0	0.0	0.0	0.0	0.0
SRR8743868	165.0	8494.0	4522.0	0.0	380.0	300.0	3702.0	0.0	489.0	79.0	20.0	26.0	0.0	2.0	0.0	0.0	123.0	0.0	0.0	0.0	0.0	0.0	0.0	0.0	0.0	0.0	0.0	0.0	0.0	0.0	0.0	0.0	0.0	0.0	0.0	0.0	0.0	0.0	0.0	0.0	0.0	0.0	0.0	0.0	0.0	0.0
SRR8743869	403.0	10588.0	4552.0	3.0	547.0	522.0	5332.0	0.0	178.0	74.0	28.0	9.0	8.0	4.0	0.0	7.0	103.0	5.0	0.0	0.0	16.0	0.0	0.0	0.0	0.0	0.0	3.0	0.0	0.0	0.0	0.0	0.0	0.0	0.0	0.0	0.0	0.0	0.0	0.0	0.0	0.0	0.0	0.0	0.0	0.0	0.0
SRR8743880	50.0	6563.0	3802.0	0.0	208.0	294.0	6105.0	0.0	8.0	29.0	0.0	0.0	0.0	8.0	0.0	0.0	0.0	0.0	0.0	3.0	0.0	0.0	0.0	0.0	0.0	0.0	0.0	0.0	0.0	0.0	0.0	0.0	0.0	0.0	0.0	0.0	0.0	0.0	0.0	0.0	0.0	0.0	0.0	0.0	0.0	0.0
SRR8743893	108.0	7675.0	3395.0	0.0	252.0	253.0	3295.0	0.0	166.0	7.0	9.0	0.0	0.0	0.0	0.0	0.0	120.0	0.0	0.0	0.0	0.0	0.0	0.0	0.0	0.0	0.0	0.0	0.0	0.0	0.0	0.0	0.0	0.0	0.0	0.0	0.0	0.0	0.0	0.0	0.0	0.0	0.0	0.0	0.0	0.0	0.0
SRR8743902	266.0	10117.0	4238.0	0.0	1998.0	779.0	5824.0	0.0	347.0	135.0	50.0	54.0	4.0	0.0	10.0	12.0	81.0	15.0	0.0	5.0	5.0	0.0	0.0	0.0	0.0	0.0	0.0	0.0	0.0	0.0	0.0	0.0	0.0	0.0	0.0	0.0	0.0	0.0	0.0	0.0	0.0	0.0	0.0	0.0	0.0	0.0
SRR8743906	302.0	14245.0	7156.0	0.0	458.0	547.0	13815.0	0.0	174.0	18.0	31.0	0.0	0.0	11.0	0.0	14.0	0.0	19.0	0.0	10.0	0.0	0.0	0.0	0.0	0.0	0.0	0.0	0.0	0.0	0.0	0.0	0.0	0.0	0.0	0.0	0.0	0.0	0.0	0.0	0.0	0.0	0.0	0.0	0.0	0.0	0.0
SRR8743907	244.0	3874.0	774.0	0.0	1257.0	912.0	3473.0	0.0	225.0	62.0	17.0	13.0	0.0	0.0	0.0	13.0	0.0	34.0	0.0	0.0	0.0	0.0	0.0	0.0	0.0	0.0	0.0	0.0	0.0	0.0	0.0	0.0	0.0	0.0	0.0	0.0	0.0	0.0	0.0	0.0	0.0	0.0	0.0	0.0	0.0	0.0
SRR8743912	155.0	10335.0	4553.0	0.0	1329.0	474.0	5049.0	0.0	229.0	73.0	17.0	11.0	3.0	27.0	16.0	0.0	14.0	15.0	0.0	0.0	0.0	0.0	0.0	0.0	0.0	0.0	0.0	0.0	0.0	0.0	0.0	0.0	0.0	0.0	0.0	0.0	0.0	0.0	0.0	0.0	0.0	0.0	0.0	0.0	0.0	0.0
SRR8743913	158.0	6171.0	883.0	0.0	1036.0	754.0	8406.0	7.0	115.0	53.0	15.0	0.0	2.0	0.0	0.0	20.0	0.0	13.0	0.0	0.0	0.0	0.0	0.0	0.0	0.0	0.0	0.0	0.0	0.0	0.0	0.0	0.0	0.0	0.0	0.0	0.0	0.0	0.0	0.0	0.0	0.0	0.0	0.0	0.0	0.0	0.0
SRR8743914	542.0	7635.0	3768.0	0.0	806.0	832.0	3194.0	5.0	300.0	52.0	38.0	36.0	13.0	12.0	0.0	10.0	116.0	12.0	6.0	8.0	9.0	0.0	0.0	0.0	0.0	0.0	0.0	0.0	0.0	0.0	5.0	0.0	0.0	0.0	0.0	0.0	0.0	0.0	0.0	0.0	0.0	0.0	0.0	0.0	0.0	0.0
SRR8743916	60.0	8571.0	3693.0	0.0	727.0	343.0	10864.0	0.0	99.0	5.0	10.0	3.0	0.0	2.0	0.0	9.0	0.0	4.0	0.0	0.0	2.0	0.0	0.0	0.0	0.0	0.0	0.0	0.0	0.0	0.0	0.0	0.0	0.0	0.0	0.0	0.0	0.0	0.0	0.0	0.0	0.0	0.0	0.0	0.0	0.0	0.0
SRR8743922	78.0	7792.0	3326.0	0.0	233.0	252.0	8208.0	0.0	112.0	6.0	0.0	2.0	0.0	4.0	0.0	6.0	6.0	0.0	0.0	4.0	2.0	0.0	0.0	0.0	0.0	0.0	0.0	0.0	0.0	0.0	0.0	0.0	0.0	0.0	0.0	0.0	0.0	0.0	0.0	0.0	0.0	0.0	0.0	0.0	0.0	0.0
SRR8743923	20.0	16647.0	9242.0	0.0	114.0	138.0	8283.0	0.0	27.0	3.0	0.0	0.0	0.0	0.0	0.0	0.0	6.0	0.0	0.0	0.0	2.0	0.0	0.0	0.0	0.0	0.0	0.0	0.0	0.0	0.0	0.0	0.0	0.0	0.0	0.0	0.0	0.0	0.0	0.0	0.0	0.0	0.0	0.0	0.0	0.0	0.0
SRR8743927	542.0	8284.0	2584.0	0.0	811.0	1174.0	3764.0	4.0	195.0	81.0	4.0	18.0	7.0	17.0	0.0	5.0	17.0	38.0	2.0	0.0	6.0	0.0	0.0	0.0	0.0	0.0	0.0	0.0	0.0	0.0	0.0	0.0	0.0	0.0	0.0	3.0	0.0	0.0	0.0	0.0	0.0	0.0	0.0	0.0	0.0	0.0
SRR8743931	795.0	6261.0	1322.0	0.0	1132.0	1656.0	3149.0	4.0	129.0	105.0	26.0	31.0	5.0	14.0	0.0	6.0	0.0	11.0	0.0	0.0	16.0	0.0	0.0	0.0	0.0	0.0	0.0	0.0	0.0	0.0	2.0	0.0	0.0	0.0	0.0	0.0	0.0	0.0	0.0	0.0	0.0	0.0	0.0	0.0	0.0	0.0
SRR8743932	287.0	11703.0	3106.0	0.0	804.0	978.0	5454.0	3.0	186.0	74.0	34.0	22.0	0.0	0.0	12.0	7.0	60.0	16.0	0.0	0.0	15.0	0.0	0.0	0.0	0.0	0.0	0.0	0.0	0.0	0.0	3.0	0.0	0.0	0.0	0.0	0.0	0.0	0.0	0.0	0.0	0.0	0.0	0.0	0.0	0.0	0.0
SRR8743936	87.0	7920.0	3349.0	0.0	57.0	320.0	2907.0	0.0	171.0	20.0	11.0	0.0	0.0	0.0	4.0	0.0	72.0	0.0	0.0	0.0	0.0	0.0	0.0	0.0	0.0	0.0	0.0	0.0	0.0	0.0	0.0	0.0	0.0	0.0	0.0	0.0	0.0	0.0	0.0	0.0	0.0	0.0	0.0	0.0	0.0	0.0
SRR8743941	57.0	12626.0	6213.0	0.0	229.0	502.0	12113.0	0.0	198.0	37.0	16.0	3.0	0.0	0.0	0.0	0.0	0.0	0.0	0.0	0.0	8.0	0.0	0.0	0.0	0.0	0.0	0.0	0.0	0.0	0.0	3.0	0.0	0.0	0.0	0.0	0.0	0.0	0.0	0.0	0.0	0.0	0.0	0.0	0.0	0.0	0.0
SRR8743943	162.0	7156.0	1317.0	0.0	902.0	1328.0	3307.0	0.0	249.0	111.0	0.0	79.0	12.0	40.0	0.0	33.0	0.0	17.0	0.0	0.0	0.0	0.0	0.0	0.0	0.0	0.0	0.0	0.0	0.0	0.0	0.0	0.0	0.0	0.0	0.0	0.0	0.0	0.0	0.0	0.0	0.0	0.0	0.0	50.0	0.0	0.0
SRR8743986	269.0	8209.0	2779.0	0.0	1687.0	839.0	9021.0	0.0	179.0	78.0	37.0	28.0	2.0	7.0	0.0	18.0	0.0	6.0	0.0	0.0	0.0	0.0	0.0	0.0	0.0	0.0	0.0	0.0	0.0	0.0	0.0	0.0	0.0	0.0	0.0	0.0	0.0	0.0	0.0	0.0	0.0	0.0	0.0	0.0	0.0	0.0
SRR8743989	159.0	6816.0	2859.0	0.0	457.0	361.0	4782.0	0.0	210.0	43.0	11.0	0.0	2.0	5.0	0.0	0.0	59.0	5.0	0.0	0.0	0.0	0.0	0.0	0.0	0.0	0.0	0.0	0.0	0.0	0.0	5.0	0.0	0.0	0.0	0.0	0.0	0.0	0.0	0.0	0.0	0.0	0.0	0.0	0.0	0.0	0.0
SRR8744009	333.0	11702.0	6143.0	0.0	648.0	696.0	4799.0	8.0	219.0	86.0	26.0	11.0	3.0	15.0	0.0	0.0	47.0	47.0	6.0	4.0	0.0	0.0	0.0	0.0	0.0	0.0	0.0	0.0	0.0	0.0	0.0	0.0	0.0	0.0	0.0	0.0	0.0	0.0	0.0	0.0	0.0	0.0	0.0	0.0	0.0	0.0
SRR8744013	306.0	8188.0	2377.0	0.0	801.0	910.0	5283.0	0.0	276.0	88.0	0.0	0.0	0.0	0.0	6.0	2.0	354.0	19.0	0.0	0.0	0.0	0.0	0.0	0.0	0.0	0.0	0.0	0.0	0.0	0.0	0.0	0.0	0.0	0.0	0.0	0.0	0.0	0.0	0.0	0.0	0.0	0.0	0.0	0.0	0.0	0.0
SRR8744022	145.0	6673.0	3261.0	0.0	364.0	562.0	5996.0	0.0	186.0	19.0	17.0	0.0	0.0	3.0	0.0	7.0	0.0	12.0	0.0	0.0	0.0	0.0	0.0	0.0	0.0	0.0	0.0	0.0	0.0	0.0	6.0	0.0	0.0	0.0	0.0	3.0	0.0	0.0	0.0	0.0	0.0	0.0	0.0	0.0	0.0	0.0
SRR8744027	85.0	8466.0	6018.0	0.0	1113.0	385.0	4055.0	0.0	264.0	133.0	17.0	16.0	0.0	6.0	68.0	0.0	0.0	0.0	0.0	0.0	7.0	0.0	0.0	0.0	0.0	0.0	0.0	0.0	0.0	0.0	0.0	0.0	0.0	0.0	0.0	0.0	0.0	0.0	0.0	0.0	0.0	0.0	0.0	0.0	0.0	0.0
SRR8744037	216.0	7103.0	4335.0	0.0	458.0	469.0	2271.0	5.0	140.0	17.0	4.0	11.0	0.0	0.0	0.0	0.0	127.0	16.0	0.0	0.0	5.0	0.0	0.0	0.0	0.0	0.0	0.0	0.0	0.0	0.0	0.0	0.0	0.0	0.0	0.0	0.0	0.0	0.0	0.0	0.0	0.0	0.0	0.0	0.0	0.0	0.0
SRR8744038	67.0	4140.0	1106.0	0.0	558.0	281.0	6039.0	0.0	100.0	27.0	14.0	6.0	0.0	0.0	0.0	3.0	0.0	2.0	0.0	0.0	4.0	0.0	0.0	0.0	0.0	0.0	0.0	0.0	0.0	0.0	0.0	0.0	0.0	0.0	0.0	0.0	0.0	0.0	0.0	0.0	0.0	0.0	0.0	0.0	0.0	0.0
SRR8744049	406.0	11994.0	3271.0	0.0	2173.0	795.0	8107.0	13.0	381.0	78.0	40.0	7.0	10.0	28.0	32.0	0.0	13.0	17.0	8.0	0.0	4.0	0.0	0.0	0.0	0.0	0.0	0.0	0.0	0.0	0.0	7.0	0.0	0.0	0.0	0.0	0.0	0.0	0.0	0.0	0.0	0.0	0.0	0.0	0.0	0.0	0.0
SRR8744050	140.0	7262.0	3816.0	0.0	229.0	487.0	6394.0	3.0	46.0	31.0	23.0	0.0	0.0	0.0	0.0	4.0	0.0	0.0	0.0	0.0	0.0	0.0	0.0	0.0	0.0	0.0	0.0	0.0	0.0	0.0	0.0	0.0	0.0	0.0	0.0	0.0	0.0	0.0	0.0	0.0	0.0	0.0	0.0	0.0	0.0	0.0
SRR8744052	31.0	4134.0	476.0	0.0	491.0	392.0	10440.0	0.0	64.0	18.0	7.0	0.0	0.0	0.0	0.0	7.0	0.0	0.0	0.0	0.0	6.0	0.0	0.0	0.0	0.0	0.0	0.0	0.0	0.0	0.0	0.0	0.0	0.0	0.0	0.0	0.0	0.0	0.0	0.0	0.0	0.0	0.0	0.0	0.0	0.0	0.0
SRR8744054	393.0	5231.0	2159.0	0.0	640.0	719.0	5354.0	3.0	157.0	27.0	11.0	12.0	0.0	9.0	0.0	15.0	0.0	4.0	0.0	0.0	0.0	0.0	0.0	0.0	0.0	0.0	0.0	0.0	0.0	0.0	2.0	0.0	0.0	0.0	0.0	0.0	0.0	0.0	0.0	0.0	0.0	0.0	0.0	0.0	0.0	0.0
SRR8744055	266.0	10961.0	3668.0	0.0	534.0	635.0	4420.0	2.0	207.0	86.0	26.0	59.0	2.0	3.0	0.0	0.0	108.0	0.0	0.0	0.0	12.0	0.0	0.0	0.0	0.0	0.0	0.0	0.0	0.0	0.0	0.0	0.0	0.0	0.0	0.0	0.0	0.0	0.0	0.0	0.0	0.0	0.0	0.0	0.0	0.0	0.0
SRR8744056	45.0	4687.0	3696.0	0.0	55.0	132.0	2450.0	0.0	0.0	0.0	0.0	0.0	0.0	0.0	0.0	0.0	0.0	0.0	0.0	0.0	4.0	0.0	0.0	0.0	0.0	0.0	0.0	0.0	0.0	0.0	0.0	0.0	0.0	0.0	0.0	0.0	0.0	0.0	0.0	0.0	0.0	0.0	0.0	0.0	0.0	0.0
SRR8744058	413.0	9070.0	2032.0	0.0	2462.0	1231.0	8519.0	4.0	229.0	92.0	42.0	21.0	0.0	16.0	0.0	29.0	0.0	35.0	0.0	0.0	9.0	0.0	0.0	0.0	0.0	0.0	0.0	0.0	0.0	0.0	0.0	0.0	0.0	0.0	0.0	0.0	0.0	0.0	0.0	0.0	0.0	0.0	0.0	0.0	0.0	0.0
SRR8744071	268.0	9979.0	5008.0	0.0	1844.0	686.0	8109.0	5.0	280.0	32.0	25.0	16.0	7.0	7.0	37.0	22.0	8.0	0.0	0.0	0.0	0.0	0.0	0.0	0.0	0.0	0.0	0.0	0.0	0.0	0.0	0.0	0.0	0.0	0.0	0.0	0.0	0.0	0.0	0.0	0.0	0.0	0.0	0.0	0.0	0.0	0.0
SRR8744078	242.0	11932.0	4760.0	0.0	362.0	646.0	13340.0	2.0	119.0	66.0	13.0	0.0	0.0	8.0	0.0	4.0	3.0	24.0	0.0	0.0	11.0	0.0	0.0	0.0	0.0	0.0	0.0	0.0	0.0	0.0	0.0	0.0	0.0	0.0	0.0	0.0	0.0	0.0	0.0	0.0	0.0	0.0	0.0	0.0	0.0	0.0
SRR8744087	591.0	11915.0	1874.0	0.0	3574.0	1836.0	22108.0	7.0	397.0	141.0	119.0	47.0	0.0	43.0	0.0	9.0	0.0	44.0	0.0	0.0	7.0	0.0	0.0	0.0	0.0	0.0	0.0	0.0	0.0	0.0	0.0	0.0	0.0	0.0	0.0	0.0	0.0	0.0	0.0	0.0	0.0	0.0	0.0	0.0	0.0	0.0
SRR8744117	60.0	5133.0	1358.0	0.0	652.0	371.0	6623.0	0.0	116.0	20.0	16.0	0.0	0.0	0.0	15.0	0.0	0.0	0.0	0.0	0.0	0.0	0.0	0.0	0.0	0.0	0.0	0.0	0.0	0.0	0.0	0.0	0.0	0.0	0.0	0.0	0.0	0.0	0.0	0.0	0.0	0.0	0.0	0.0	0.0	0.0	0.0
SRR8744122	221.0	7938.0	3973.0	9.0	462.0	654.0	9286.0	0.0	153.0	35.0	10.0	0.0	0.0	0.0	2.0	0.0	0.0	18.0	0.0	0.0	0.0	0.0	0.0	0.0	0.0	0.0	0.0	0.0	0.0	0.0	0.0	0.0	0.0	0.0	0.0	0.0	0.0	0.0	0.0	0.0	0.0	0.0	0.0	0.0	0.0	0.0
SRR8744125	286.0	4229.0	633.0	0.0	1538.0	985.0	12354.0	0.0	61.0	147.0	47.0	16.0	0.0	6.0	0.0	0.0	0.0	22.0	0.0	0.0	0.0	0.0	0.0	0.0	0.0	0.0	0.0	0.0	0.0	0.0	0.0	0.0	0.0	0.0	0.0	0.0	0.0	0.0	0.0	0.0	0.0	0.0	0.0	0.0	0.0	0.0
SRR8744126	44.0	3789.0	1759.0	0.0	253.0	146.0	6489.0	0.0	16.0	0.0	0.0	0.0	0.0	0.0	0.0	0.0	0.0	0.0	0.0	0.0	0.0	0.0	0.0	0.0	0.0	0.0	0.0	0.0	0.0	0.0	0.0	0.0	0.0	0.0	0.0	0.0	0.0	0.0	0.0	0.0	0.0	0.0	0.0	0.0	0.0	0.0
SRR8744129	695.0	8393.0	2624.0	0.0	668.0	892.0	6617.0	2.0	354.0	111.0	28.0	14.0	7.0	3.0	0.0	0.0	18.0	18.0	3.0	0.0	0.0	0.0	0.0	0.0	0.0	4.0	0.0	0.0	0.0	0.0	0.0	0.0	0.0	0.0	0.0	0.0	0.0	0.0	0.0	0.0	0.0	0.0	0.0	0.0	0.0	0.0
SRR8744130	353.0	12637.0	7126.0	0.0	403.0	482.0	6887.0	0.0	316.0	59.0	12.0	18.0	0.0	0.0	8.0	10.0	139.0	0.0	0.0	5.0	5.0	0.0	0.0	0.0	0.0	0.0	0.0	0.0	0.0	0.0	0.0	0.0	0.0	0.0	0.0	0.0	0.0	0.0	0.0	0.0	0.0	0.0	0.0	0.0	0.0	0.0
SRR8744132	160.0	8614.0	2801.0	0.0	316.0	533.0	4791.0	0.0	294.0	50.0	6.0	23.0	11.0	0.0	0.0	4.0	243.0	0.0	0.0	0.0	8.0	0.0	0.0	0.0	0.0	0.0	0.0	0.0	0.0	0.0	0.0	0.0	0.0	0.0	0.0	0.0	0.0	0.0	0.0	0.0	0.0	0.0	0.0	0.0	0.0	0.0
SRR8744133	61.0	13047.0	5357.0	0.0	16.0	176.0	4013.0	0.0	124.0	10.0	0.0	3.0	0.0	0.0	0.0	0.0	0.0	0.0	0.0	0.0	0.0	0.0	0.0	0.0	0.0	0.0	0.0	0.0	0.0	0.0	0.0	0.0	0.0	0.0	0.0	0.0	0.0	0.0	0.0	0.0	0.0	0.0	0.0	0.0	0.0	0.0
SRR8744135	687.0	9130.0	3218.0	0.0	1395.0	1953.0	13432.0	4.0	160.0	129.0	23.0	27.0	7.0	22.0	0.0	14.0	0.0	55.0	0.0	6.0	16.0	0.0	0.0	0.0	0.0	0.0	0.0	0.0	0.0	0.0	15.0	0.0	0.0	0.0	0.0	0.0	0.0	0.0	3.0	0.0	0.0	0.0	0.0	0.0	0.0	0.0
SRR8744175	990.0	7440.0	1298.0	0.0	1545.0	2385.0	6883.0	0.0	232.0	137.0	38.0	19.0	7.0	0.0	13.0	33.0	9.0	51.0	0.0	0.0	11.0	0.0	0.0	0.0	0.0	0.0	0.0	0.0	0.0	0.0	0.0	0.0	0.0	0.0	0.0	0.0	0.0	0.0	0.0	0.0	0.0	0.0	0.0	0.0	0.0	0.0
SRR8744176	134.0	3868.0	683.0	0.0	803.0	579.0	5791.0	6.0	17.0	16.0	32.0	8.0	2.0	0.0	0.0	0.0	0.0	11.0	0.0	0.0	0.0	0.0	0.0	0.0	0.0	0.0	0.0	0.0	0.0	0.0	0.0	0.0	0.0	0.0	0.0	0.0	0.0	0.0	0.0	0.0	0.0	0.0	0.0	0.0	0.0	0.0
SRR8744177	588.0	8697.0	2028.0	0.0	2547.0	1555.0	11798.0	0.0	282.0	51.0	76.0	32.0	0.0	6.0	33.0	44.0	0.0	11.0	0.0	0.0	9.0	0.0	0.0	0.0	0.0	0.0	0.0	0.0	0.0	0.0	0.0	0.0	0.0	0.0	0.0	0.0	0.0	0.0	0.0	0.0	0.0	0.0	0.0	0.0	0.0	0.0
SRR8744179	154.0	4941.0	301.0	0.0	1108.0	883.0	18012.0	5.0	142.0	18.0	65.0	12.0	0.0	13.0	7.0	6.0	0.0	7.0	0.0	0.0	0.0	0.0	0.0	0.0	0.0	0.0	0.0	0.0	0.0	0.0	0.0	0.0	0.0	0.0	0.0	0.0	0.0	0.0	0.0	0.0	0.0	0.0	0.0	0.0	0.0	0.0
SRR8744190	249.0	6721.0	1270.0	0.0	1389.0	750.0	5513.0	2.0	150.0	53.0	13.0	12.0	0.0	0.0	19.0	6.0	0.0	0.0	0.0	0.0	4.0	0.0	0.0	0.0	0.0	0.0	0.0	0.0	0.0	0.0	0.0	0.0	0.0	0.0	0.0	0.0	0.0	0.0	0.0	0.0	0.0	0.0	0.0	0.0	0.0	0.0
SRR8744214	432.0	5640.0	1046.0	0.0	819.0	937.0	3020.0	0.0	207.0	111.0	34.0	15.0	18.0	8.0	0.0	11.0	33.0	33.0	0.0	0.0	4.0	0.0	0.0	0.0	0.0	0.0	0.0	0.0	0.0	0.0	0.0	0.0	0.0	0.0	0.0	0.0	0.0	0.0	0.0	0.0	0.0	0.0	0.0	0.0	0.0	0.0
SRR8744215	116.0	7403.0	4548.0	0.0	187.0	381.0	4806.0	0.0	130.0	10.0	0.0	0.0	0.0	3.0	0.0	0.0	11.0	0.0	0.0	0.0	0.0	0.0	0.0	0.0	0.0	0.0	0.0	0.0	0.0	0.0	0.0	0.0	0.0	0.0	0.0	0.0	0.0	0.0	0.0	0.0	0.0	0.0	0.0	0.0	0.0	0.0
SRR8744218	296.0	5818.0	2326.0	0.0	383.0	630.0	5840.0	7.0	194.0	39.0	18.0	2.0	0.0	0.0	0.0	12.0	0.0	12.0	0.0	0.0	0.0	0.0	0.0	0.0	0.0	0.0	0.0	0.0	0.0	0.0	0.0	0.0	0.0	0.0	0.0	0.0	0.0	0.0	0.0	0.0	0.0	0.0	0.0	0.0	0.0	0.0
SRR8744219	35.0	28637.0	2089.0	0.0	71.0	249.0	2020.0	0.0	468.0	26.0	11.0	21.0	0.0	0.0	0.0	0.0	310.0	0.0	0.0	0.0	0.0	0.0	0.0	0.0	0.0	0.0	0.0	0.0	0.0	0.0	0.0	0.0	0.0	0.0	0.0	0.0	0.0	0.0	0.0	0.0	0.0	0.0	0.0	0.0	0.0	0.0
SRR8744221	409.0	7935.0	1392.0	0.0	1767.0	1138.0	9823.0	4.0	155.0	43.0	24.0	21.0	0.0	4.0	0.0	0.0	0.0	10.0	0.0	0.0	0.0	0.0	0.0	0.0	0.0	0.0	0.0	0.0	0.0	0.0	0.0	0.0	0.0	0.0	0.0	0.0	0.0	0.0	0.0	0.0	0.0	0.0	0.0	0.0	0.0	0.0
SRR8744231	114.0	4497.0	516.0	0.0	1022.0	795.0	10111.0	0.0	63.0	7.0	15.0	0.0	0.0	0.0	0.0	9.0	0.0	15.0	0.0	0.0	0.0	0.0	0.0	0.0	0.0	0.0	0.0	0.0	0.0	0.0	3.0	0.0	0.0	0.0	0.0	0.0	0.0	0.0	0.0	0.0	0.0	0.0	0.0	0.0	0.0	0.0
SRR8744235	61.0	4013.0	904.0	0.0	600.0	400.0	7826.0	0.0	31.0	19.0	3.0	0.0	0.0	0.0	0.0	0.0	0.0	0.0	0.0	0.0	0.0	0.0	0.0	0.0	0.0	0.0	0.0	0.0	0.0	0.0	0.0	0.0	0.0	0.0	0.0	0.0	0.0	0.0	0.0	0.0	0.0	0.0	0.0	0.0	0.0	0.0
SRR8744237	228.0	7990.0	2356.0	0.0	1635.0	729.0	12569.0	0.0	243.0	25.0	42.0	8.0	0.0	4.0	0.0	30.0	0.0	0.0	0.0	7.0	9.0	0.0	0.0	0.0	0.0	0.0	0.0	0.0	0.0	0.0	0.0	0.0	0.0	0.0	0.0	0.0	0.0	0.0	0.0	0.0	0.0	0.0	0.0	0.0	0.0	0.0
SRR8744241	306.0	12760.0	6288.0	0.0	315.0	565.0	10255.0	0.0	284.0	40.0	17.0	15.0	0.0	2.0	0.0	0.0	0.0	2.0	0.0	0.0	0.0	0.0	0.0	0.0	0.0	0.0	0.0	0.0	0.0	0.0	0.0	0.0	0.0	0.0	0.0	0.0	0.0	0.0	0.0	0.0	0.0	0.0	0.0	0.0	0.0	0.0
SRR8744248	543.0	9674.0	3038.0	5.0	2484.0	1325.0	7895.0	0.0	391.0	62.0	38.0	32.0	10.0	13.0	33.0	7.0	6.0	16.0	0.0	7.0	0.0	0.0	0.0	0.0	0.0	0.0	0.0	0.0	0.0	0.0	0.0	0.0	0.0	0.0	0.0	0.0	0.0	0.0	0.0	0.0	0.0	0.0	0.0	0.0	0.0	0.0
SRR8744251	119.0	4265.0	499.0	0.0	798.0	305.0	6643.0	0.0	47.0	14.0	16.0	10.0	0.0	0.0	11.0	0.0	0.0	0.0	0.0	0.0	0.0	0.0	0.0	0.0	0.0	0.0	0.0	0.0	0.0	0.0	0.0	0.0	0.0	0.0	0.0	0.0	0.0	0.0	0.0	0.0	0.0	0.0	0.0	0.0	0.0	0.0
SRR8744253	102.0	4755.0	420.0	0.0	833.0	959.0	8653.0	0.0	53.0	7.0	23.0	3.0	0.0	0.0	0.0	0.0	0.0	0.0	0.0	0.0	0.0	0.0	0.0	0.0	0.0	0.0	0.0	0.0	0.0	0.0	0.0	0.0	0.0	0.0	0.0	0.0	0.0	0.0	0.0	0.0	0.0	0.0	0.0	0.0	0.0	0.0
SRR8744255	664.0	11999.0	4790.0	0.0	1190.0	1545.0	10552.0	0.0	338.0	105.0	19.0	46.0	0.0	11.0	0.0	12.0	0.0	23.0	0.0	0.0	10.0	0.0	0.0	0.0	0.0	0.0	0.0	0.0	0.0	0.0	0.0	0.0	0.0	0.0	0.0	0.0	0.0	0.0	0.0	0.0	0.0	0.0	0.0	0.0	0.0	0.0
SRR8744269	56.0	4608.0	909.0	0.0	326.0	259.0	7932.0	0.0	31.0	9.0	33.0	0.0	0.0	0.0	0.0	9.0	0.0	0.0	0.0	0.0	0.0	0.0	0.0	0.0	0.0	0.0	0.0	0.0	0.0	0.0	0.0	0.0	0.0	0.0	0.0	0.0	0.0	0.0	0.0	0.0	0.0	0.0	0.0	0.0	0.0	0.0
SRR8744270	301.0	7567.0	2796.0	0.0	1631.0	865.0	5410.0	0.0	203.0	89.0	41.0	4.0	0.0	5.0	46.0	0.0	8.0	8.0	0.0	0.0	4.0	0.0	0.0	0.0	0.0	0.0	0.0	0.0	0.0	0.0	0.0	0.0	0.0	0.0	0.0	0.0	0.0	0.0	0.0	0.0	0.0	0.0	0.0	0.0	0.0	0.0
SRR8744271	65.0	7792.0	7995.0	0.0	30.0	91.0	5138.0	0.0	45.0	0.0	0.0	4.0	0.0	0.0	0.0	0.0	0.0	0.0	0.0	0.0	0.0	0.0	0.0	0.0	0.0	0.0	0.0	0.0	0.0	0.0	0.0	0.0	0.0	0.0	0.0	0.0	0.0	0.0	0.0	0.0	0.0	0.0	0.0	0.0	0.0	0.0
SRR8744283	291.0	14542.0	6697.0	0.0	2371.0	821.0	8852.0	0.0	773.0	160.0	27.0	8.0	4.0	8.0	98.0	0.0	35.0	9.0	0.0	0.0	13.0	0.0	0.0	0.0	0.0	0.0	0.0	0.0	0.0	0.0	0.0	0.0	0.0	0.0	0.0	0.0	0.0	0.0	0.0	0.0	0.0	0.0	0.0	0.0	0.0	0.0
SRR8744296	37.0	9732.0	8623.0	0.0	455.0	242.0	3496.0	0.0	172.0	37.0	9.0	0.0	0.0	0.0	0.0	4.0	0.0	0.0	0.0	0.0	5.0	0.0	0.0	0.0	0.0	0.0	0.0	0.0	0.0	0.0	0.0	0.0	0.0	0.0	0.0	0.0	0.0	0.0	0.0	0.0	0.0	0.0	0.0	0.0	0.0	0.0
SRR8744327	488.0	7633.0	2906.0	0.0	770.0	1044.0	6088.0	4.0	164.0	43.0	8.0	0.0	3.0	4.0	0.0	20.0	21.0	28.0	5.0	0.0	2.0	0.0	0.0	0.0	0.0	0.0	0.0	0.0	0.0	0.0	0.0	0.0	0.0	0.0	0.0	0.0	0.0	0.0	0.0	0.0	0.0	0.0	0.0	0.0	0.0	0.0
SRR8744333	45.0	7327.0	4774.0	0.0	127.0	152.0	4515.0	0.0	102.0	0.0	0.0	0.0	0.0	0.0	0.0	4.0	0.0	0.0	0.0	0.0	0.0	0.0	0.0	0.0	0.0	0.0	0.0	0.0	0.0	0.0	0.0	0.0	0.0	0.0	0.0	0.0	0.0	0.0	0.0	0.0	0.0	0.0	0.0	0.0	0.0	0.0
SRR8744347	390.0	9502.0	2323.0	0.0	1158.0	1412.0	4427.0	5.0	525.0	188.0	66.0	17.0	0.0	12.0	0.0	11.0	146.0	14.0	0.0	6.0	12.0	12.0	0.0	0.0	0.0	0.0	0.0	0.0	0.0	0.0	8.0	0.0	0.0	0.0	0.0	0.0	0.0	0.0	6.0	0.0	0.0	0.0	0.0	0.0	0.0	0.0
SRR8744349	1236.0	6507.0	598.0	0.0	1735.0	1780.0	8679.0	0.0	539.0	152.0	27.0	0.0	0.0	10.0	0.0	4.0	0.0	0.0	0.0	0.0	0.0	0.0	0.0	0.0	0.0	0.0	4.0	0.0	0.0	0.0	0.0	0.0	0.0	0.0	0.0	0.0	0.0	0.0	0.0	0.0	0.0	0.0	0.0	0.0	0.0	0.0
SRR8744362	390.0	7224.0	1742.0	0.0	2159.0	1222.0	5225.0	0.0	183.0	72.0	68.0	32.0	5.0	13.0	8.0	6.0	13.0	12.0	0.0	0.0	0.0	0.0	0.0	0.0	0.0	0.0	0.0	0.0	0.0	0.0	0.0	0.0	0.0	0.0	0.0	0.0	0.0	0.0	0.0	0.0	0.0	0.0	0.0	0.0	0.0	0.0
SRR8744366	46.0	5725.0	4292.0	0.0	104.0	215.0	4257.0	0.0	33.0	8.0	7.0	0.0	0.0	0.0	0.0	0.0	2.0	0.0	0.0	0.0	0.0	0.0	0.0	0.0	0.0	0.0	0.0	0.0	0.0	0.0	0.0	0.0	0.0	0.0	0.0	0.0	0.0	0.0	0.0	0.0	0.0	0.0	0.0	0.0	0.0	0.0
SRR8744368	169.0	8354.0	3191.0	0.0	368.0	508.0	3243.0	0.0	127.0	56.0	8.0	31.0	0.0	0.0	0.0	0.0	62.0	0.0	7.0	0.0	5.0	0.0	0.0	0.0	0.0	0.0	0.0	0.0	0.0	0.0	0.0	0.0	0.0	0.0	0.0	0.0	0.0	0.0	3.0	0.0	0.0	0.0	0.0	0.0	0.0	0.0
SRR8744381	296.0	6227.0	1595.0	0.0	520.0	424.0	4372.0	0.0	242.0	53.0	27.0	6.0	6.0	2.0	0.0	0.0	17.0	22.0	0.0	0.0	0.0	0.0	0.0	0.0	0.0	0.0	3.0	0.0	0.0	0.0	0.0	0.0	0.0	0.0	0.0	0.0	0.0	0.0	0.0	0.0	0.0	0.0	0.0	0.0	0.0	0.0
SRR5224548	0.0	5262.0	3997.0	0.0	230.0	0.0	360.0	0.0	670.0	603.0	68.0	17.0	0.0	0.0	0.0	0.0	102.0	0.0	0.0	16.0	34.0	148.0	0.0	0.0	0.0	0.0	0.0	0.0	0.0	0.0	0.0	0.0	0.0	0.0	0.0	0.0	0.0	0.0	0.0	0.0	0.0	0.0	0.0	0.0	0.0	0.0
SRR5224551	0.0	3779.0	2761.0	0.0	984.0	98.0	1674.0	0.0	144.0	264.0	610.0	0.0	0.0	0.0	0.0	0.0	64.0	0.0	0.0	4.0	0.0	0.0	0.0	0.0	0.0	0.0	0.0	0.0	0.0	0.0	0.0	0.0	0.0	0.0	0.0	0.0	0.0	0.0	0.0	0.0	0.0	0.0	0.0	0.0	0.0	0.0
SRR5224554	0.0	3966.0	3867.0	0.0	574.0	10.0	321.0	0.0	720.0	445.0	55.0	64.0	0.0	0.0	0.0	0.0	18.0	0.0	0.0	10.0	102.0	172.0	0.0	0.0	0.0	0.0	0.0	0.0	0.0	0.0	0.0	0.0	0.0	0.0	0.0	0.0	0.0	0.0	0.0	0.0	0.0	0.0	0.0	0.0	0.0	0.0
SRR5224560	0.0	6476.0	3509.0	0.0	410.0	79.0	1734.0	0.0	1195.0	777.0	273.0	50.0	11.0	0.0	126.0	0.0	42.0	0.0	0.0	0.0	289.0	21.0	0.0	0.0	0.0	0.0	0.0	0.0	0.0	0.0	0.0	0.0	0.0	0.0	0.0	0.0	0.0	0.0	0.0	0.0	0.0	0.0	0.0	0.0	0.0	0.0
SRR5224563	45.0	5356.0	4107.0	0.0	1429.0	44.0	2861.0	0.0	1526.0	688.0	744.0	32.0	12.0	0.0	59.0	0.0	38.0	13.0	0.0	21.0	516.0	0.0	0.0	0.0	0.0	0.0	0.0	0.0	0.0	0.0	0.0	0.0	0.0	0.0	0.0	0.0	0.0	0.0	0.0	0.0	0.0	0.0	0.0	0.0	0.0	0.0
SRR5224569	0.0	4472.0	4534.0	55.0	143.0	0.0	443.0	35.0	367.0	692.0	36.0	59.0	0.0	0.0	0.0	0.0	40.0	0.0	0.0	0.0	27.0	211.0	0.0	0.0	0.0	0.0	0.0	0.0	0.0	0.0	0.0	0.0	0.0	0.0	0.0	0.0	0.0	0.0	0.0	0.0	0.0	0.0	0.0	0.0	0.0	0.0
SRR5224575	0.0	6210.0	3249.0	0.0	94.0	28.0	1202.0	47.0	561.0	179.0	16.0	102.0	0.0	0.0	11.0	0.0	0.0	0.0	0.0	0.0	66.0	118.0	0.0	0.0	0.0	0.0	0.0	0.0	0.0	0.0	0.0	0.0	0.0	0.0	0.0	0.0	0.0	0.0	0.0	0.0	0.0	0.0	0.0	0.0	0.0	0.0
SRR5224581	0.0	7977.0	5386.0	0.0	385.0	60.0	1178.0	0.0	1192.0	1134.0	219.0	0.0	0.0	0.0	0.0	0.0	0.0	0.0	0.0	25.0	42.0	39.0	0.0	0.0	0.0	0.0	0.0	0.0	0.0	0.0	0.0	0.0	0.0	0.0	0.0	0.0	0.0	0.0	0.0	0.0	0.0	0.0	0.0	0.0	0.0	0.0
SRR5224587	0.0	4796.0	5232.0	0.0	887.0	53.0	1553.0	0.0	360.0	345.0	146.0	38.0	0.0	0.0	20.0	0.0	0.0	0.0	0.0	0.0	90.0	0.0	0.0	0.0	0.0	0.0	0.0	0.0	0.0	0.0	0.0	0.0	0.0	0.0	0.0	0.0	0.0	0.0	0.0	0.0	0.0	0.0	0.0	0.0	0.0	0.0
SRR5224590	0.0	6849.0	5374.0	47.0	1277.0	88.0	2030.0	29.0	776.0	798.0	291.0	17.0	0.0	0.0	0.0	0.0	26.0	0.0	0.0	0.0	798.0	0.0	0.0	0.0	0.0	0.0	0.0	0.0	0.0	0.0	0.0	0.0	0.0	0.0	0.0	0.0	0.0	0.0	0.0	0.0	0.0	0.0	0.0	0.0	0.0	0.0
SRR5224593	0.0	5397.0	3656.0	0.0	801.0	22.0	1509.0	0.0	847.0	440.0	106.0	0.0	0.0	0.0	0.0	0.0	126.0	0.0	0.0	27.0	200.0	0.0	0.0	0.0	0.0	0.0	0.0	0.0	0.0	0.0	0.0	0.0	0.0	0.0	0.0	0.0	0.0	0.0	0.0	0.0	0.0	0.0	0.0	0.0	0.0	0.0
SRR5224599	12.0	4733.0	2951.0	0.0	438.0	146.0	1210.0	0.0	213.0	109.0	132.0	0.0	0.0	0.0	0.0	0.0	176.0	0.0	0.0	0.0	0.0	0.0	0.0	0.0	0.0	0.0	0.0	0.0	0.0	0.0	0.0	0.0	0.0	0.0	0.0	0.0	0.0	0.0	0.0	0.0	0.0	0.0	0.0	0.0	0.0	0.0
SRR5224604	0.0	4940.0	4031.0	0.0	200.0	0.0	1792.0	0.0	461.0	219.0	91.0	7.0	0.0	0.0	0.0	0.0	0.0	0.0	0.0	13.0	60.0	0.0	0.0	0.0	0.0	0.0	0.0	0.0	0.0	0.0	0.0	0.0	0.0	0.0	0.0	0.0	0.0	0.0	0.0	0.0	0.0	0.0	0.0	0.0	0.0	0.0
SRR5224607	0.0	5819.0	5108.0	0.0	970.0	170.0	1516.0	0.0	692.0	247.0	135.0	19.0	0.0	0.0	0.0	0.0	0.0	0.0	0.0	0.0	24.0	0.0	0.0	0.0	0.0	0.0	0.0	0.0	0.0	0.0	0.0	0.0	0.0	0.0	0.0	0.0	0.0	0.0	0.0	0.0	0.0	0.0	0.0	0.0	0.0	0.0
SRR5224610	0.0	4755.0	3324.0	0.0	0.0	86.0	1639.0	0.0	202.0	114.0	82.0	0.0	0.0	0.0	0.0	0.0	0.0	0.0	0.0	0.0	7.0	0.0	0.0	0.0	0.0	0.0	0.0	0.0	0.0	0.0	0.0	0.0	0.0	0.0	0.0	0.0	0.0	0.0	0.0	0.0	0.0	0.0	0.0	0.0	0.0	0.0
SRR5224619	19.0	4968.0	3925.0	0.0	706.0	0.0	2244.0	0.0	1283.0	751.0	208.0	42.0	15.0	0.0	54.0	0.0	110.0	0.0	0.0	0.0	10.0	79.0	0.0	0.0	0.0	0.0	0.0	0.0	0.0	0.0	0.0	0.0	0.0	0.0	0.0	0.0	0.0	0.0	0.0	0.0	0.0	0.0	0.0	0.0	0.0	0.0
SRR5224624	8.0	5546.0	4710.0	16.0	1474.0	360.0	1126.0	0.0	1472.0	1276.0	128.0	39.0	14.0	0.0	0.0	0.0	130.0	0.0	0.0	0.0	360.0	31.0	0.0	0.0	0.0	0.0	0.0	0.0	0.0	0.0	0.0	0.0	0.0	0.0	0.0	0.0	0.0	0.0	0.0	0.0	0.0	0.0	0.0	0.0	0.0	0.0
SRR5224630	0.0	10143.0	6959.0	0.0	1455.0	0.0	3445.0	0.0	1314.0	1398.0	237.0	52.0	40.0	0.0	106.0	0.0	0.0	0.0	8.0	0.0	241.0	0.0	0.0	0.0	0.0	0.0	0.0	0.0	0.0	0.0	0.0	0.0	0.0	0.0	0.0	0.0	0.0	0.0	0.0	0.0	0.0	0.0	0.0	0.0	0.0	0.0
SRR5224633	0.0	8144.0	5913.0	0.0	1074.0	389.0	3548.0	0.0	1344.0	1640.0	346.0	68.0	18.0	0.0	100.0	0.0	186.0	0.0	0.0	39.0	292.0	0.0	0.0	0.0	0.0	0.0	0.0	0.0	0.0	0.0	0.0	0.0	0.0	0.0	0.0	0.0	0.0	0.0	0.0	0.0	0.0	0.0	0.0	0.0	0.0	0.0
SRR5224636	0.0	3314.0	2855.0	0.0	996.0	38.0	1770.0	0.0	325.0	324.0	357.0	16.0	0.0	0.0	0.0	0.0	21.0	0.0	0.0	0.0	133.0	0.0	0.0	0.0	0.0	0.0	0.0	0.0	0.0	0.0	0.0	0.0	0.0	0.0	0.0	0.0	0.0	0.0	0.0	0.0	0.0	0.0	0.0	0.0	0.0	0.0
SRR5224638	0.0	4937.0	4108.0	21.0	743.0	16.0	823.0	0.0	1686.0	515.0	75.0	24.0	0.0	0.0	25.0	0.0	175.0	0.0	0.0	0.0	18.0	37.0	0.0	0.0	0.0	0.0	0.0	0.0	0.0	0.0	0.0	0.0	0.0	0.0	0.0	0.0	0.0	0.0	0.0	0.0	0.0	0.0	0.0	0.0	0.0	0.0
SRR5224641	59.0	4430.0	4330.0	0.0	820.0	97.0	2193.0	0.0	445.0	821.0	515.0	18.0	0.0	0.0	17.0	0.0	46.0	0.0	0.0	0.0	54.0	0.0	0.0	0.0	0.0	0.0	0.0	0.0	0.0	0.0	0.0	0.0	0.0	0.0	0.0	0.0	0.0	0.0	0.0	0.0	0.0	0.0	0.0	0.0	0.0	0.0
SRR5224644	43.0	6850.0	5301.0	78.0	1435.0	147.0	1323.0	0.0	1633.0	1979.0	297.0	156.0	0.0	0.0	42.0	0.0	0.0	0.0	0.0	8.0	358.0	188.0	0.0	0.0	0.0	0.0	0.0	0.0	0.0	0.0	0.0	0.0	0.0	0.0	0.0	0.0	0.0	0.0	0.0	0.0	0.0	0.0	0.0	0.0	0.0	0.0
SRR5224699	8.0	4672.0	3482.0	0.0	236.0	124.0	2450.0	0.0	299.0	448.0	161.0	18.0	0.0	13.0	0.0	0.0	0.0	0.0	0.0	0.0	278.0	0.0	0.0	0.0	0.0	0.0	0.0	0.0	0.0	0.0	0.0	0.0	0.0	0.0	0.0	0.0	0.0	7.0	0.0	0.0	0.0	0.0	0.0	0.0	0.0	0.0
SRR5224753	0.0	5501.0	5822.0	0.0	276.0	286.0	1758.0	0.0	159.0	385.0	123.0	34.0	0.0	0.0	0.0	0.0	0.0	0.0	0.0	21.0	247.0	0.0	0.0	0.0	0.0	0.0	0.0	0.0	0.0	0.0	0.0	0.0	0.0	0.0	0.0	0.0	0.0	25.0	0.0	0.0	0.0	0.0	0.0	0.0	0.0	0.0
SRR5224789	157.0	4631.0	2821.0	0.0	1285.0	79.0	698.0	0.0	1364.0	736.0	285.0	108.0	0.0	0.0	0.0	0.0	55.0	30.0	0.0	9.0	16.0	0.0	0.0	0.0	0.0	0.0	0.0	0.0	0.0	0.0	0.0	0.0	0.0	0.0	0.0	0.0	0.0	0.0	0.0	0.0	0.0	0.0	0.0	0.0	0.0	0.0
SRR5224801	47.0	3799.0	2382.0	0.0	1094.0	42.0	548.0	0.0	1016.0	643.0	226.0	140.0	0.0	0.0	27.0	0.0	69.0	0.0	0.0	0.0	215.0	0.0	0.0	0.0	0.0	0.0	0.0	0.0	0.0	0.0	0.0	0.0	0.0	0.0	0.0	0.0	0.0	0.0	0.0	0.0	0.0	0.0	0.0	0.0	0.0	0.0
SRR5224804	23.0	2937.0	2649.0	0.0	763.0	120.0	1519.0	0.0	906.0	426.0	430.0	63.0	0.0	0.0	0.0	0.0	68.0	0.0	0.0	0.0	139.0	0.0	0.0	0.0	0.0	0.0	0.0	0.0	0.0	0.0	0.0	0.0	0.0	0.0	0.0	0.0	0.0	0.0	0.0	0.0	0.0	0.0	0.0	0.0	0.0	0.0
SRR5224868	0.0	6320.0	3892.0	0.0	236.0	209.0	1488.0	0.0	686.0	132.0	108.0	0.0	0.0	0.0	0.0	0.0	87.0	0.0	0.0	0.0	0.0	0.0	0.0	0.0	0.0	0.0	0.0	0.0	0.0	0.0	0.0	0.0	0.0	0.0	0.0	0.0	0.0	0.0	0.0	0.0	0.0	0.0	0.0	0.0	0.0	0.0
SRR5224883	0.0	6487.0	6237.0	0.0	1091.0	0.0	1347.0	0.0	1489.0	1258.0	452.0	109.0	0.0	0.0	0.0	0.0	334.0	0.0	0.0	0.0	152.0	178.0	0.0	0.0	0.0	0.0	0.0	0.0	0.0	0.0	0.0	0.0	0.0	0.0	0.0	0.0	0.0	0.0	0.0	0.0	0.0	0.0	0.0	0.0	0.0	0.0
SRR5224901	0.0	7623.0	5194.0	36.0	811.0	198.0	2448.0	0.0	834.0	568.0	473.0	55.0	0.0	0.0	0.0	0.0	49.0	0.0	0.0	19.0	207.0	0.0	0.0	0.0	0.0	0.0	0.0	0.0	0.0	0.0	0.0	0.0	0.0	0.0	0.0	0.0	0.0	0.0	0.0	0.0	0.0	0.0	0.0	0.0	0.0	0.0
SRR5224904	0.0	3397.0	3180.0	0.0	1878.0	208.0	1236.0	0.0	0.0	282.0	420.0	0.0	0.0	0.0	0.0	0.0	25.0	0.0	0.0	0.0	0.0	0.0	0.0	0.0	0.0	0.0	0.0	0.0	0.0	0.0	0.0	0.0	0.0	0.0	0.0	0.0	0.0	0.0	0.0	0.0	0.0	0.0	0.0	0.0	0.0	0.0
SRR5224907	0.0	3555.0	2894.0	0.0	441.0	122.0	2496.0	0.0	68.0	28.0	387.0	12.0	0.0	0.0	0.0	0.0	0.0	0.0	0.0	0.0	0.0	0.0	0.0	0.0	0.0	0.0	0.0	0.0	0.0	0.0	0.0	0.0	0.0	0.0	0.0	0.0	0.0	0.0	0.0	0.0	0.0	0.0	0.0	0.0	0.0	0.0
SRR5224910	0.0	6260.0	3530.0	0.0	449.0	164.0	853.0	0.0	721.0	787.0	227.0	233.0	0.0	0.0	34.0	0.0	60.0	0.0	0.0	154.0	29.0	282.0	0.0	0.0	0.0	0.0	0.0	0.0	0.0	0.0	0.0	0.0	0.0	0.0	0.0	0.0	0.0	0.0	0.0	0.0	0.0	0.0	0.0	0.0	0.0	0.0
SRR5224916	0.0	7733.0	6676.0	0.0	152.0	69.0	2458.0	170.0	251.0	672.0	0.0	491.0	12.0	0.0	0.0	0.0	0.0	0.0	0.0	0.0	90.0	0.0	0.0	0.0	0.0	0.0	0.0	0.0	0.0	0.0	0.0	0.0	0.0	0.0	0.0	0.0	0.0	31.0	0.0	0.0	0.0	0.0	0.0	0.0	0.0	0.0
SRR5224920	0.0	8508.0	6425.0	0.0	687.0	41.0	559.0	0.0	950.0	1718.0	273.0	205.0	0.0	0.0	141.0	0.0	182.0	0.0	0.0	255.0	83.0	199.0	0.0	0.0	0.0	0.0	0.0	0.0	0.0	0.0	0.0	0.0	0.0	0.0	0.0	0.0	0.0	0.0	0.0	0.0	0.0	0.0	0.0	0.0	0.0	0.0
SRR5224923	0.0	7343.0	5534.0	0.0	387.0	56.0	2389.0	0.0	998.0	381.0	141.0	19.0	0.0	0.0	42.0	0.0	46.0	0.0	0.0	0.0	31.0	0.0	0.0	0.0	0.0	0.0	0.0	0.0	0.0	0.0	0.0	0.0	0.0	0.0	0.0	0.0	0.0	0.0	0.0	0.0	0.0	0.0	0.0	0.0	0.0	0.0
SRR5224926	0.0	7009.0	6608.0	0.0	720.0	333.0	1918.0	0.0	433.0	303.0	94.0	0.0	18.0	0.0	22.0	0.0	0.0	0.0	0.0	16.0	229.0	0.0	0.0	0.0	0.0	0.0	0.0	0.0	0.0	0.0	0.0	0.0	0.0	0.0	0.0	0.0	0.0	0.0	0.0	0.0	0.0	0.0	0.0	0.0	0.0	0.0
SRR5224929	0.0	7016.0	5826.0	0.0	185.0	86.0	2445.0	0.0	165.0	619.0	122.0	53.0	12.0	0.0	0.0	0.0	0.0	0.0	0.0	0.0	133.0	0.0	0.0	0.0	0.0	0.0	0.0	0.0	0.0	0.0	0.0	0.0	0.0	0.0	0.0	0.0	0.0	0.0	0.0	0.0	0.0	0.0	0.0	0.0	0.0	0.0
SRR5224932	0.0	5210.0	4384.0	0.0	420.0	69.0	1543.0	0.0	1273.0	454.0	214.0	91.0	0.0	11.0	71.0	0.0	0.0	0.0	0.0	96.0	154.0	0.0	0.0	0.0	0.0	0.0	0.0	0.0	0.0	0.0	0.0	0.0	0.0	0.0	0.0	0.0	0.0	0.0	0.0	0.0	0.0	0.0	0.0	0.0	0.0	0.0
SRR5224935	0.0	7780.0	2583.0	0.0	279.0	91.0	1500.0	0.0	218.0	166.0	121.0	0.0	0.0	0.0	0.0	0.0	24.0	0.0	0.0	0.0	20.0	0.0	0.0	0.0	0.0	0.0	0.0	0.0	0.0	0.0	0.0	0.0	0.0	0.0	0.0	0.0	0.0	0.0	0.0	0.0	0.0	0.0	0.0	0.0	0.0	0.0
SRR5224938	0.0	3364.0	4077.0	0.0	161.0	0.0	659.0	0.0	1001.0	408.0	20.0	54.0	24.0	20.0	47.0	0.0	225.0	0.0	0.0	0.0	21.0	100.0	0.0	0.0	0.0	0.0	0.0	0.0	0.0	0.0	0.0	0.0	0.0	0.0	0.0	0.0	0.0	0.0	0.0	0.0	0.0	0.0	0.0	0.0	0.0	0.0
SRR5224950	0.0	6911.0	5430.0	0.0	858.0	0.0	549.0	0.0	810.0	867.0	208.0	237.0	0.0	0.0	15.0	0.0	494.0	0.0	0.0	0.0	51.0	168.0	0.0	0.0	0.0	0.0	0.0	0.0	0.0	0.0	0.0	0.0	0.0	0.0	0.0	0.0	0.0	0.0	0.0	0.0	0.0	0.0	0.0	0.0	0.0	0.0
SRR5224953	0.0	6358.0	5688.0	0.0	826.0	251.0	1822.0	0.0	659.0	888.0	424.0	32.0	0.0	0.0	0.0	0.0	127.0	0.0	0.0	0.0	29.0	38.0	0.0	0.0	0.0	0.0	0.0	0.0	0.0	0.0	0.0	0.0	0.0	0.0	0.0	0.0	0.0	0.0	0.0	0.0	0.0	0.0	0.0	0.0	0.0	0.0
SRR5224956	28.0	5349.0	4598.0	0.0	1237.0	0.0	2808.0	0.0	336.0	477.0	532.0	0.0	0.0	0.0	0.0	4.0	56.0	0.0	0.0	0.0	84.0	0.0	0.0	0.0	0.0	0.0	0.0	0.0	0.0	0.0	0.0	0.0	0.0	0.0	0.0	0.0	0.0	0.0	0.0	0.0	0.0	0.0	0.0	0.0	0.0	0.0
SRR5224968	0.0	3736.0	3328.0	0.0	1268.0	56.0	166.0	0.0	964.0	577.0	200.0	0.0	0.0	0.0	0.0	0.0	205.0	0.0	0.0	0.0	81.0	0.0	0.0	0.0	0.0	0.0	0.0	0.0	0.0	0.0	0.0	0.0	0.0	0.0	0.0	0.0	0.0	0.0	0.0	0.0	0.0	0.0	0.0	0.0	0.0	0.0
SRR5224984	15.0	6964.0	6697.0	0.0	1296.0	0.0	848.0	0.0	1826.0	957.0	523.0	268.0	0.0	0.0	0.0	0.0	151.0	0.0	0.0	0.0	65.0	15.0	0.0	0.0	0.0	0.0	0.0	0.0	0.0	0.0	0.0	0.0	0.0	0.0	0.0	0.0	0.0	0.0	0.0	0.0	0.0	0.0	0.0	0.0	0.0	0.0
SRR5224990	0.0	5446.0	4277.0	0.0	322.0	35.0	746.0	0.0	702.0	291.0	306.0	14.0	0.0	0.0	22.0	0.0	0.0	0.0	0.0	0.0	20.0	0.0	0.0	0.0	0.0	0.0	0.0	0.0	0.0	0.0	0.0	0.0	0.0	0.0	0.0	0.0	0.0	0.0	0.0	0.0	0.0	0.0	0.0	0.0	0.0	0.0
SRR5224996	0.0	11633.0	4750.0	30.0	496.0	83.0	875.0	0.0	1491.0	758.0	334.0	133.0	0.0	0.0	55.0	0.0	60.0	0.0	0.0	0.0	0.0	0.0	0.0	0.0	0.0	0.0	0.0	0.0	0.0	0.0	0.0	0.0	0.0	0.0	0.0	0.0	0.0	0.0	0.0	0.0	0.0	0.0	0.0	0.0	0.0	0.0
SRR5225002	96.0	4725.0	3820.0	0.0	1174.0	60.0	2030.0	0.0	1185.0	1229.0	392.0	158.0	8.0	0.0	46.0	0.0	252.0	0.0	0.0	2.0	82.0	0.0	0.0	0.0	0.0	0.0	0.0	0.0	0.0	0.0	0.0	0.0	0.0	0.0	0.0	0.0	0.0	0.0	0.0	0.0	0.0	0.0	0.0	0.0	0.0	0.0
SRR5225005	0.0	4060.0	5353.0	0.0	581.0	0.0	597.0	0.0	762.0	582.0	244.0	60.0	0.0	0.0	68.0	0.0	235.0	0.0	0.0	0.0	132.0	0.0	0.0	0.0	0.0	0.0	0.0	0.0	0.0	0.0	0.0	0.0	0.0	0.0	0.0	0.0	0.0	0.0	0.0	0.0	0.0	0.0	0.0	0.0	0.0	0.0
SRR5225008	84.0	3490.0	3022.0	0.0	863.0	199.0	1224.0	0.0	752.0	543.0	731.0	30.0	0.0	0.0	0.0	0.0	55.0	0.0	0.0	0.0	101.0	0.0	0.0	0.0	0.0	0.0	0.0	0.0	0.0	0.0	0.0	0.0	0.0	0.0	0.0	0.0	0.0	0.0	0.0	0.0	0.0	0.0	0.0	0.0	0.0	0.0
SRR5225011	21.0	4367.0	4417.0	0.0	229.0	62.0	675.0	0.0	262.0	593.0	389.0	41.0	12.0	0.0	0.0	0.0	52.0	0.0	0.0	0.0	139.0	0.0	0.0	0.0	0.0	0.0	0.0	0.0	0.0	0.0	0.0	0.0	0.0	0.0	0.0	0.0	0.0	0.0	0.0	0.0	0.0	0.0	0.0	0.0	0.0	0.0
SRR5225020	0.0	5704.0	5625.0	0.0	386.0	0.0	435.0	0.0	631.0	526.0	250.0	136.0	0.0	0.0	92.0	0.0	380.0	0.0	0.0	0.0	57.0	0.0	0.0	0.0	0.0	0.0	0.0	0.0	0.0	0.0	0.0	0.0	0.0	0.0	0.0	0.0	0.0	0.0	0.0	0.0	0.0	0.0	0.0	0.0	0.0	0.0
SRR5225026	0.0	6086.0	5540.0	0.0	686.0	146.0	892.0	0.0	1043.0	1028.0	317.0	31.0	9.0	0.0	0.0	0.0	237.0	0.0	0.0	0.0	10.0	0.0	0.0	0.0	0.0	0.0	0.0	0.0	0.0	0.0	0.0	0.0	0.0	0.0	0.0	0.0	0.0	0.0	0.0	0.0	0.0	0.0	0.0	0.0	0.0	0.0
SRR5225029	0.0	5368.0	3635.0	0.0	1336.0	49.0	270.0	0.0	998.0	937.0	545.0	152.0	0.0	0.0	0.0	0.0	340.0	0.0	0.0	0.0	0.0	0.0	0.0	0.0	0.0	0.0	0.0	0.0	0.0	0.0	0.0	0.0	0.0	0.0	0.0	0.0	0.0	0.0	0.0	0.0	0.0	0.0	0.0	0.0	0.0	0.0
SRR5225031	0.0	7493.0	6217.0	0.0	685.0	601.0	1201.0	0.0	1270.0	1312.0	656.0	0.0	0.0	0.0	0.0	0.0	162.0	0.0	0.0	9.0	135.0	0.0	0.0	0.0	0.0	0.0	0.0	0.0	0.0	0.0	0.0	0.0	0.0	0.0	0.0	0.0	0.0	0.0	0.0	0.0	0.0	0.0	0.0	0.0	0.0	0.0
SRR5225037	0.0	5428.0	5326.0	0.0	987.0	16.0	539.0	0.0	1460.0	1332.0	466.0	99.0	0.0	0.0	0.0	0.0	202.0	0.0	0.0	0.0	54.0	0.0	0.0	0.0	0.0	0.0	0.0	0.0	0.0	0.0	0.0	0.0	0.0	0.0	0.0	0.0	0.0	0.0	0.0	0.0	0.0	0.0	0.0	0.0	0.0	0.0
SRR5225053	0.0	3591.0	3949.0	0.0	437.0	0.0	758.0	0.0	845.0	466.0	242.0	0.0	0.0	0.0	26.0	0.0	265.0	0.0	0.0	0.0	0.0	0.0	0.0	0.0	0.0	0.0	0.0	0.0	0.0	0.0	0.0	0.0	0.0	0.0	0.0	0.0	0.0	0.0	0.0	0.0	0.0	0.0	0.0	0.0	0.0	0.0
SRR5225079	0.0	4416.0	3044.0	0.0	946.0	106.0	738.0	0.0	763.0	385.0	585.0	216.0	0.0	25.0	11.0	0.0	114.0	0.0	0.0	0.0	40.0	0.0	0.0	0.0	0.0	0.0	0.0	0.0	0.0	0.0	0.0	0.0	0.0	0.0	0.0	0.0	0.0	0.0	0.0	0.0	0.0	0.0	0.0	0.0	0.0	0.0
SRR5225127	140.0	5795.0	4662.0	0.0	1846.0	206.0	899.0	0.0	1868.0	1857.0	837.0	344.0	0.0	0.0	14.0	0.0	290.0	31.0	7.0	0.0	335.0	0.0	0.0	0.0	0.0	0.0	0.0	0.0	0.0	0.0	0.0	0.0	0.0	0.0	0.0	0.0	0.0	0.0	0.0	0.0	0.0	0.0	0.0	0.0	0.0	0.0
SRR5225140	137.0	3265.0	2594.0	0.0	1410.0	52.0	1358.0	0.0	663.0	612.0	465.0	0.0	21.0	0.0	0.0	0.0	77.0	0.0	0.0	0.0	164.0	0.0	0.0	0.0	0.0	0.0	0.0	0.0	0.0	0.0	0.0	0.0	0.0	0.0	0.0	0.0	0.0	0.0	0.0	0.0	0.0	0.0	0.0	0.0	0.0	0.0
SRR5225147	95.0	3956.0	4289.0	0.0	1824.0	33.0	489.0	0.0	903.0	1477.0	653.0	123.0	0.0	0.0	19.0	0.0	175.0	19.0	0.0	0.0	47.0	0.0	0.0	0.0	0.0	0.0	0.0	0.0	0.0	0.0	0.0	0.0	0.0	0.0	0.0	0.0	0.0	0.0	0.0	0.0	0.0	0.0	0.0	0.0	0.0	0.0
SRR5225156	78.0	4402.0	3533.0	0.0	945.0	67.0	692.0	0.0	666.0	718.0	297.0	52.0	0.0	0.0	5.0	0.0	98.0	21.0	8.0	0.0	17.0	0.0	0.0	0.0	0.0	0.0	0.0	0.0	0.0	0.0	0.0	0.0	0.0	0.0	0.0	0.0	0.0	0.0	0.0	0.0	0.0	0.0	0.0	0.0	0.0	0.0
SRR5225159	114.0	4830.0	3312.0	0.0	348.0	174.0	1828.0	0.0	777.0	537.0	328.0	16.0	22.0	0.0	38.0	0.0	0.0	0.0	0.0	0.0	15.0	0.0	0.0	0.0	0.0	0.0	0.0	0.0	0.0	0.0	0.0	0.0	0.0	0.0	0.0	0.0	0.0	0.0	0.0	0.0	0.0	0.0	0.0	0.0	0.0	0.0
SRR5225169	0.0	4857.0	3805.0	0.0	547.0	54.0	957.0	0.0	1426.0	222.0	143.0	59.0	0.0	0.0	32.0	0.0	86.0	0.0	0.0	0.0	51.0	0.0	0.0	0.0	0.0	0.0	0.0	0.0	0.0	0.0	0.0	0.0	0.0	0.0	0.0	0.0	0.0	0.0	0.0	0.0	0.0	0.0	0.0	0.0	0.0	0.0
SRR5225172	0.0	3233.0	4233.0	0.0	197.0	231.0	1046.0	0.0	926.0	330.0	65.0	10.0	0.0	0.0	0.0	0.0	187.0	0.0	0.0	0.0	10.0	0.0	0.0	0.0	0.0	0.0	0.0	0.0	0.0	0.0	0.0	0.0	0.0	0.0	0.0	0.0	0.0	0.0	0.0	0.0	0.0	0.0	0.0	0.0	0.0	0.0
SRR5225175	134.0	6221.0	3619.0	0.0	1377.0	0.0	1611.0	0.0	1371.0	907.0	555.0	233.0	0.0	0.0	0.0	6.0	138.0	0.0	0.0	0.0	115.0	0.0	0.0	0.0	0.0	0.0	0.0	0.0	0.0	0.0	0.0	0.0	0.0	0.0	0.0	0.0	0.0	0.0	0.0	0.0	0.0	0.0	0.0	0.0	0.0	0.0
SRR5225178	0.0	4132.0	3333.0	0.0	458.0	113.0	1074.0	0.0	742.0	234.0	180.0	0.0	0.0	0.0	0.0	0.0	108.0	0.0	0.0	0.0	0.0	0.0	0.0	0.0	0.0	0.0	0.0	0.0	0.0	0.0	0.0	0.0	0.0	0.0	0.0	0.0	0.0	0.0	0.0	0.0	0.0	0.0	0.0	0.0	0.0	0.0
SRR5225187	0.0	5059.0	4623.0	0.0	676.0	88.0	484.0	0.0	666.0	568.0	148.0	274.0	0.0	0.0	14.0	0.0	45.0	0.0	0.0	0.0	0.0	0.0	0.0	0.0	0.0	0.0	0.0	0.0	0.0	0.0	0.0	0.0	0.0	0.0	0.0	0.0	0.0	0.0	0.0	0.0	0.0	0.0	0.0	0.0	0.0	0.0
SRR5225190	0.0	3309.0	3008.0	0.0	460.0	80.0	1306.0	0.0	1080.0	628.0	383.0	55.0	0.0	10.0	16.0	0.0	92.0	0.0	0.0	0.0	0.0	0.0	0.0	0.0	0.0	0.0	0.0	0.0	0.0	0.0	0.0	0.0	0.0	0.0	0.0	0.0	0.0	0.0	0.0	0.0	0.0	0.0	0.0	0.0	0.0	0.0
SRR5225196	22.0	6222.0	4232.0	0.0	490.0	91.0	1780.0	0.0	1042.0	455.0	507.0	0.0	0.0	0.0	16.0	0.0	105.0	0.0	0.0	0.0	0.0	0.0	0.0	0.0	0.0	0.0	0.0	0.0	0.0	0.0	0.0	0.0	0.0	0.0	0.0	0.0	0.0	0.0	0.0	0.0	0.0	0.0	0.0	0.0	0.0	0.0
SRR5225199	0.0	7790.0	4726.0	0.0	987.0	11.0	466.0	0.0	2229.0	851.0	359.0	140.0	13.0	0.0	39.0	0.0	154.0	0.0	0.0	0.0	44.0	0.0	0.0	0.0	0.0	0.0	0.0	0.0	0.0	0.0	0.0	0.0	0.0	0.0	0.0	0.0	0.0	0.0	0.0	0.0	0.0	0.0	0.0	0.0	0.0	0.0
SRR5225202	0.0	3012.0	3391.0	0.0	598.0	238.0	1105.0	0.0	635.0	370.0	566.0	0.0	13.0	0.0	0.0	0.0	71.0	0.0	0.0	0.0	10.0	0.0	0.0	0.0	0.0	0.0	0.0	0.0	0.0	0.0	0.0	0.0	0.0	0.0	0.0	0.0	0.0	0.0	0.0	0.0	0.0	0.0	0.0	0.0	0.0	0.0
SRR5225205	0.0	8392.0	9384.0	0.0	1088.0	377.0	859.0	19.0	1111.0	1523.0	545.0	106.0	80.0	12.0	0.0	0.0	41.0	0.0	0.0	0.0	288.0	0.0	0.0	0.0	0.0	0.0	0.0	0.0	0.0	0.0	0.0	0.0	0.0	0.0	0.0	0.0	0.0	0.0	0.0	0.0	0.0	0.0	0.0	0.0	0.0	0.0
SRR5225208	0.0	6357.0	5425.0	0.0	677.0	131.0	2305.0	0.0	239.0	762.0	393.0	54.0	36.0	0.0	40.0	0.0	0.0	0.0	0.0	0.0	44.0	0.0	0.0	0.0	0.0	0.0	0.0	0.0	0.0	0.0	0.0	0.0	0.0	0.0	0.0	0.0	0.0	0.0	0.0	0.0	0.0	0.0	0.0	0.0	0.0	0.0
SRR5225211	0.0	5831.0	3728.0	0.0	1839.0	92.0	585.0	0.0	1226.0	705.0	465.0	175.0	0.0	0.0	0.0	0.0	226.0	0.0	0.0	0.0	89.0	0.0	0.0	0.0	0.0	0.0	0.0	0.0	0.0	0.0	0.0	0.0	0.0	0.0	0.0	0.0	0.0	0.0	0.0	0.0	0.0	0.0	0.0	0.0	0.0	0.0
SRR5225217	0.0	9723.0	9115.0	61.0	1414.0	301.0	1256.0	35.0	1511.0	1171.0	498.0	39.0	0.0	0.0	0.0	0.0	113.0	0.0	7.0	0.0	30.0	0.0	0.0	0.0	0.0	0.0	0.0	0.0	0.0	0.0	0.0	0.0	0.0	0.0	0.0	0.0	0.0	0.0	0.0	0.0	0.0	0.0	0.0	0.0	0.0	0.0
SRR5225220	0.0	5492.0	4683.0	0.0	13.0	0.0	405.0	0.0	802.0	116.0	83.0	89.0	0.0	0.0	34.0	0.0	95.0	0.0	0.0	19.0	106.0	0.0	0.0	0.0	0.0	0.0	0.0	0.0	0.0	0.0	0.0	0.0	0.0	0.0	0.0	0.0	0.0	0.0	0.0	0.0	0.0	0.0	0.0	0.0	0.0	0.0
SRR5225223	0.0	8385.0	6206.0	0.0	1536.0	235.0	2897.0	0.0	1541.0	1233.0	621.0	57.0	23.0	0.0	57.0	0.0	74.0	0.0	0.0	0.0	57.0	0.0	0.0	0.0	0.0	0.0	0.0	0.0	0.0	0.0	0.0	0.0	0.0	0.0	0.0	0.0	0.0	0.0	0.0	0.0	0.0	0.0	0.0	0.0	0.0	0.0
SRR5225226	0.0	4395.0	3391.0	0.0	410.0	0.0	864.0	0.0	425.0	254.0	188.0	0.0	0.0	0.0	21.0	0.0	58.0	0.0	0.0	0.0	0.0	0.0	0.0	0.0	0.0	0.0	0.0	0.0	0.0	0.0	0.0	0.0	0.0	0.0	0.0	0.0	0.0	0.0	0.0	0.0	0.0	0.0	0.0	0.0	0.0	0.0
SRR5225229	0.0	6377.0	5945.0	0.0	201.0	56.0	1101.0	0.0	1209.0	712.0	696.0	36.0	0.0	0.0	0.0	0.0	189.0	0.0	0.0	5.0	174.0	0.0	0.0	0.0	0.0	0.0	0.0	0.0	0.0	0.0	0.0	0.0	0.0	0.0	0.0	0.0	0.0	0.0	0.0	0.0	0.0	0.0	0.0	0.0	0.0	0.0
SRR5225232	115.0	6032.0	3096.0	0.0	1876.0	201.0	794.0	0.0	1282.0	1301.0	441.0	198.0	0.0	6.0	0.0	0.0	108.0	41.0	0.0	0.0	0.0	0.0	0.0	0.0	0.0	0.0	0.0	0.0	0.0	0.0	0.0	0.0	0.0	0.0	0.0	0.0	0.0	0.0	0.0	0.0	0.0	0.0	0.0	0.0	0.0	0.0
SRR5225235	51.0	5672.0	2614.0	0.0	2172.0	444.0	1948.0	0.0	1212.0	716.0	464.0	0.0	37.0	12.0	0.0	35.0	95.0	0.0	10.0	0.0	101.0	0.0	0.0	0.0	0.0	0.0	0.0	0.0	0.0	0.0	0.0	0.0	0.0	0.0	0.0	0.0	0.0	0.0	0.0	0.0	0.0	0.0	0.0	0.0	0.0	0.0
SRR5225241	26.0	4900.0	4051.0	0.0	575.0	36.0	1134.0	0.0	871.0	557.0	437.0	0.0	0.0	0.0	28.0	0.0	104.0	0.0	0.0	0.0	0.0	0.0	0.0	0.0	0.0	0.0	0.0	0.0	0.0	0.0	0.0	0.0	0.0	0.0	0.0	0.0	0.0	0.0	0.0	0.0	0.0	0.0	0.0	0.0	0.0	0.0
SRR5225273	39.0	3668.0	3761.0	0.0	779.0	101.0	1740.0	0.0	535.0	749.0	428.0	20.0	0.0	0.0	23.0	0.0	119.0	0.0	0.0	0.0	15.0	0.0	0.0	0.0	0.0	0.0	0.0	0.0	0.0	0.0	0.0	0.0	0.0	0.0	0.0	0.0	0.0	0.0	0.0	0.0	0.0	0.0	0.0	0.0	0.0	0.0
SRR5225281	16.0	4737.0	3426.0	0.0	1211.0	161.0	372.0	0.0	467.0	279.0	150.0	82.0	0.0	0.0	0.0	0.0	40.0	0.0	0.0	0.0	0.0	0.0	0.0	0.0	0.0	0.0	0.0	0.0	0.0	0.0	0.0	0.0	0.0	0.0	0.0	0.0	0.0	0.0	0.0	0.0	0.0	0.0	0.0	0.0	0.0	0.0
SRR5459449	97.0	5165.0	2262.0	0.0	286.0	0.0	1605.0	0.0	1131.0	247.0	147.0	0.0	0.0	0.0	12.0	0.0	113.0	0.0	0.0	35.0	90.0	0.0	0.0	0.0	0.0	0.0	0.0	0.0	0.0	0.0	0.0	0.0	0.0	0.0	0.0	0.0	0.0	0.0	0.0	0.0	0.0	0.0	0.0	0.0	0.0	0.0
SRR5459455	20.0	5599.0	2213.0	0.0	48.0	165.0	366.0	0.0	610.0	462.0	213.0	0.0	0.0	12.0	58.0	0.0	372.0	0.0	0.0	0.0	74.0	0.0	0.0	0.0	0.0	0.0	0.0	0.0	0.0	0.0	0.0	0.0	0.0	0.0	0.0	0.0	0.0	0.0	0.0	0.0	0.0	0.0	0.0	0.0	0.0	0.0
SRR5459476	0.0	5305.0	1877.0	0.0	155.0	0.0	2881.0	0.0	400.0	412.0	8.0	0.0	0.0	0.0	0.0	0.0	57.0	0.0	0.0	0.0	54.0	0.0	0.0	0.0	0.0	0.0	0.0	0.0	0.0	0.0	0.0	0.0	0.0	0.0	0.0	0.0	0.0	0.0	0.0	0.0	0.0	0.0	0.0	0.0	0.0	0.0
SRR5459487	73.0	5270.0	2779.0	0.0	418.0	423.0	1918.0	0.0	1295.0	334.0	727.0	24.0	0.0	0.0	10.0	15.0	95.0	55.0	0.0	0.0	54.0	0.0	0.0	0.0	0.0	0.0	0.0	0.0	0.0	0.0	0.0	0.0	0.0	0.0	0.0	0.0	0.0	0.0	0.0	0.0	0.0	0.0	0.0	0.0	0.0	0.0
SRR5459488	25.0	5449.0	2804.0	0.0	152.0	188.0	1270.0	0.0	1312.0	383.0	179.0	30.0	0.0	0.0	14.0	0.0	23.0	47.0	0.0	0.0	52.0	0.0	0.0	0.0	0.0	0.0	0.0	0.0	0.0	0.0	0.0	0.0	0.0	0.0	0.0	0.0	0.0	0.0	0.0	0.0	0.0	0.0	0.0	0.0	0.0	0.0
SRR5459492	0.0	3426.0	1770.0	0.0	157.0	178.0	3243.0	0.0	592.0	144.0	491.0	0.0	16.0	0.0	0.0	0.0	43.0	0.0	0.0	0.0	109.0	0.0	0.0	0.0	0.0	0.0	0.0	0.0	0.0	0.0	0.0	0.0	0.0	0.0	0.0	0.0	0.0	0.0	0.0	0.0	0.0	0.0	0.0	0.0	0.0	0.0
SRR5459495	0.0	4514.0	3365.0	0.0	124.0	0.0	2144.0	0.0	803.0	0.0	278.0	0.0	0.0	0.0	0.0	0.0	0.0	0.0	0.0	0.0	30.0	0.0	0.0	0.0	0.0	0.0	0.0	0.0	0.0	0.0	0.0	0.0	0.0	0.0	0.0	0.0	0.0	0.0	0.0	0.0	0.0	0.0	0.0	0.0	0.0	0.0
SRR5459499	25.0	8411.0	3012.0	14.0	764.0	360.0	2082.0	0.0	1844.0	243.0	585.0	86.0	0.0	0.0	0.0	0.0	353.0	28.0	0.0	58.0	177.0	40.0	0.0	0.0	27.0	0.0	0.0	0.0	0.0	0.0	0.0	0.0	0.0	0.0	0.0	0.0	0.0	0.0	0.0	0.0	0.0	0.0	0.0	0.0	0.0	0.0
SRR5459506	10.0	7286.0	4005.0	0.0	244.0	35.0	2032.0	0.0	2202.0	575.0	730.0	25.0	0.0	0.0	20.0	9.0	505.0	0.0	0.0	0.0	107.0	43.0	0.0	0.0	0.0	0.0	0.0	0.0	0.0	0.0	0.0	0.0	0.0	0.0	0.0	0.0	0.0	0.0	0.0	0.0	0.0	0.0	0.0	0.0	0.0	0.0
SRR5459514	45.0	6895.0	2777.0	0.0	158.0	15.0	2587.0	0.0	909.0	223.0	327.0	65.0	0.0	0.0	0.0	0.0	109.0	0.0	0.0	0.0	78.0	0.0	0.0	0.0	0.0	0.0	0.0	0.0	0.0	0.0	0.0	0.0	0.0	0.0	0.0	0.0	0.0	0.0	0.0	0.0	0.0	0.0	0.0	0.0	0.0	0.0
SRR5459522	43.0	7774.0	2273.0	0.0	808.0	235.0	4175.0	0.0	1063.0	175.0	433.0	0.0	0.0	0.0	26.0	0.0	0.0	23.0	0.0	17.0	541.0	0.0	0.0	0.0	0.0	0.0	0.0	0.0	0.0	0.0	0.0	0.0	0.0	0.0	0.0	0.0	0.0	0.0	0.0	0.0	0.0	0.0	0.0	0.0	0.0	0.0
SRR5459523	0.0	5277.0	1812.0	0.0	798.0	105.0	1493.0	0.0	359.0	180.0	22.0	0.0	0.0	0.0	0.0	0.0	21.0	0.0	0.0	0.0	274.0	0.0	0.0	0.0	0.0	0.0	0.0	0.0	0.0	0.0	0.0	0.0	0.0	0.0	0.0	0.0	0.0	14.0	0.0	0.0	0.0	0.0	0.0	0.0	0.0	0.0
SRR5459526	18.0	3874.0	1924.0	0.0	0.0	300.0	3503.0	0.0	220.0	50.0	367.0	0.0	0.0	0.0	0.0	0.0	44.0	0.0	0.0	0.0	290.0	0.0	0.0	0.0	0.0	0.0	0.0	0.0	0.0	0.0	0.0	0.0	0.0	0.0	0.0	0.0	0.0	0.0	0.0	0.0	0.0	0.0	0.0	0.0	0.0	0.0
SRR5459530	37.0	5342.0	2674.0	0.0	191.0	0.0	1039.0	0.0	1168.0	178.0	91.0	141.0	0.0	0.0	0.0	0.0	343.0	0.0	0.0	77.0	384.0	16.0	0.0	0.0	0.0	0.0	0.0	0.0	0.0	0.0	0.0	0.0	0.0	0.0	0.0	0.0	0.0	0.0	0.0	0.0	0.0	0.0	0.0	0.0	0.0	0.0
SRR5459533	0.0	4685.0	2562.0	0.0	87.0	34.0	1736.0	0.0	817.0	47.0	36.0	0.0	0.0	0.0	0.0	0.0	57.0	0.0	0.0	0.0	114.0	0.0	0.0	0.0	0.0	0.0	0.0	0.0	0.0	0.0	0.0	0.0	0.0	0.0	0.0	0.0	0.0	0.0	0.0	0.0	0.0	0.0	0.0	0.0	0.0	0.0
SRR5459540	0.0	5965.0	3042.0	0.0	370.0	0.0	3168.0	0.0	831.0	472.0	41.0	0.0	0.0	0.0	0.0	0.0	72.0	0.0	0.0	0.0	774.0	0.0	0.0	0.0	0.0	0.0	0.0	0.0	0.0	0.0	0.0	0.0	0.0	0.0	0.0	0.0	0.0	0.0	0.0	0.0	0.0	0.0	0.0	0.0	0.0	0.0
SRR5459548	0.0	5415.0	2488.0	0.0	329.0	0.0	2621.0	0.0	645.0	191.0	206.0	0.0	0.0	0.0	0.0	0.0	31.0	30.0	0.0	41.0	95.0	0.0	0.0	0.0	0.0	0.0	0.0	0.0	0.0	0.0	0.0	0.0	0.0	0.0	0.0	0.0	0.0	0.0	0.0	0.0	0.0	0.0	0.0	0.0	0.0	0.0
SRR5459569	0.0	4669.0	2054.0	0.0	471.0	110.0	2297.0	0.0	743.0	86.0	184.0	0.0	0.0	0.0	0.0	0.0	15.0	27.0	0.0	0.0	0.0	0.0	0.0	0.0	0.0	0.0	0.0	0.0	0.0	0.0	0.0	0.0	0.0	0.0	0.0	0.0	0.0	0.0	0.0	0.0	0.0	0.0	0.0	0.0	0.0	0.0
SRR5459577	133.0	7224.0	4160.0	110.0	235.0	0.0	1611.0	0.0	2073.0	697.0	498.0	116.0	0.0	0.0	29.0	17.0	438.0	0.0	0.0	0.0	556.0	113.0	0.0	0.0	0.0	0.0	0.0	0.0	0.0	0.0	0.0	0.0	0.0	0.0	0.0	0.0	0.0	0.0	0.0	0.0	0.0	0.0	0.0	0.0	0.0	0.0
SRR5459588	0.0	6711.0	4061.0	0.0	633.0	42.0	2075.0	0.0	1728.0	421.0	329.0	16.0	0.0	0.0	0.0	0.0	56.0	28.0	0.0	0.0	95.0	283.0	0.0	0.0	0.0	0.0	0.0	0.0	0.0	0.0	0.0	0.0	0.0	0.0	0.0	0.0	0.0	0.0	0.0	0.0	0.0	0.0	0.0	0.0	0.0	0.0
SRR5459592	37.0	3460.0	2026.0	0.0	405.0	162.0	4267.0	0.0	566.0	0.0	53.0	0.0	0.0	0.0	0.0	0.0	0.0	0.0	0.0	0.0	0.0	0.0	0.0	0.0	0.0	0.0	0.0	0.0	0.0	0.0	0.0	0.0	0.0	0.0	0.0	0.0	0.0	0.0	0.0	0.0	0.0	0.0	0.0	0.0	0.0	0.0
SRR6764362	0.0	4943.0	3912.0	0.0	373.0	115.0	1742.0	0.0	1099.0	616.0	216.0	159.0	0.0	0.0	51.0	0.0	96.0	0.0	0.0	7.0	226.0	0.0	0.0	0.0	0.0	0.0	0.0	0.0	0.0	0.0	0.0	0.0	0.0	0.0	0.0	0.0	0.0	0.0	0.0	0.0	0.0	0.0	0.0	0.0	0.0	0.0
SRR6764367	18.0	4198.0	3875.0	0.0	312.0	111.0	1638.0	0.0	678.0	527.0	126.0	139.0	0.0	0.0	57.0	0.0	43.0	0.0	0.0	8.0	276.0	0.0	0.0	0.0	0.0	0.0	0.0	0.0	0.0	0.0	0.0	0.0	0.0	0.0	0.0	0.0	0.0	0.0	0.0	0.0	0.0	0.0	0.0	0.0	0.0	0.0
SRR6764379	9.0	3921.0	3471.0	0.0	168.0	172.0	819.0	0.0	458.0	330.0	36.0	83.0	0.0	0.0	30.0	0.0	49.0	0.0	0.0	0.0	484.0	0.0	0.0	0.0	0.0	0.0	0.0	0.0	0.0	0.0	0.0	0.0	0.0	0.0	0.0	0.0	0.0	0.0	0.0	0.0	0.0	0.0	0.0	0.0	0.0	0.0
SRR6764380	0.0	5283.0	3959.0	0.0	358.0	77.0	2379.0	0.0	422.0	347.0	79.0	200.0	0.0	0.0	0.0	0.0	0.0	11.0	0.0	0.0	398.0	0.0	0.0	0.0	0.0	0.0	0.0	0.0	0.0	0.0	0.0	0.0	0.0	0.0	0.0	0.0	0.0	0.0	0.0	0.0	0.0	0.0	0.0	0.0	0.0	0.0
SRR6764381	0.0	5774.0	4557.0	0.0	410.0	139.0	1313.0	0.0	735.0	596.0	53.0	141.0	0.0	0.0	63.0	0.0	228.0	0.0	0.0	0.0	168.0	0.0	0.0	0.0	0.0	0.0	0.0	0.0	0.0	0.0	0.0	0.0	0.0	0.0	0.0	0.0	0.0	0.0	0.0	0.0	0.0	0.0	0.0	0.0	0.0	0.0
SRR6764382	0.0	6582.0	3409.0	0.0	357.0	137.0	1865.0	0.0	719.0	419.0	233.0	155.0	0.0	0.0	0.0	0.0	186.0	0.0	0.0	0.0	348.0	0.0	0.0	0.0	0.0	0.0	0.0	0.0	0.0	0.0	0.0	0.0	0.0	0.0	0.0	0.0	0.0	0.0	0.0	0.0	0.0	0.0	0.0	0.0	0.0	0.0
SRR6764383	0.0	5451.0	3575.0	0.0	264.0	51.0	716.0	0.0	431.0	235.0	118.0	133.0	0.0	0.0	0.0	0.0	64.0	0.0	0.0	0.0	616.0	63.0	0.0	0.0	0.0	0.0	0.0	0.0	0.0	0.0	0.0	0.0	0.0	0.0	0.0	0.0	0.0	0.0	0.0	0.0	0.0	0.0	0.0	0.0	0.0	0.0
SRR6764384	29.0	5417.0	4628.0	0.0	331.0	27.0	1335.0	0.0	724.0	500.0	128.0	165.0	0.0	0.0	61.0	0.0	54.0	17.0	0.0	15.0	694.0	68.0	0.0	0.0	0.0	0.0	0.0	0.0	0.0	0.0	0.0	0.0	0.0	0.0	0.0	0.0	0.0	0.0	0.0	0.0	0.0	0.0	0.0	0.0	0.0	0.0
SRR6764405	0.0	5734.0	3113.0	0.0	504.0	74.0	3493.0	0.0	792.0	527.0	264.0	130.0	0.0	0.0	0.0	0.0	60.0	0.0	0.0	27.0	424.0	0.0	0.0	0.0	0.0	0.0	0.0	0.0	0.0	0.0	0.0	0.0	0.0	0.0	0.0	0.0	0.0	0.0	0.0	0.0	0.0	0.0	0.0	0.0	0.0	0.0
SRR6764409	0.0	5471.0	2591.0	0.0	140.0	0.0	3814.0	0.0	640.0	174.0	112.0	31.0	0.0	0.0	0.0	0.0	26.0	0.0	0.0	0.0	317.0	0.0	0.0	0.0	0.0	0.0	0.0	0.0	0.0	0.0	0.0	0.0	0.0	0.0	0.0	0.0	0.0	0.0	0.0	0.0	0.0	0.0	0.0	0.0	0.0	0.0
SRR6764410	81.0	6348.0	1978.0	0.0	124.0	164.0	5020.0	0.0	328.0	120.0	445.0	17.0	0.0	0.0	0.0	0.0	0.0	0.0	0.0	0.0	275.0	0.0	0.0	0.0	0.0	0.0	0.0	0.0	0.0	0.0	0.0	0.0	0.0	0.0	0.0	0.0	0.0	0.0	0.0	0.0	0.0	0.0	0.0	0.0	0.0	0.0
SRR6764412	14.0	7983.0	4053.0	0.0	288.0	222.0	3417.0	0.0	1298.0	435.0	344.0	135.0	0.0	0.0	0.0	0.0	10.0	0.0	0.0	0.0	386.0	0.0	0.0	0.0	0.0	0.0	0.0	0.0	0.0	0.0	0.0	0.0	0.0	0.0	0.0	0.0	0.0	0.0	0.0	0.0	0.0	0.0	0.0	0.0	0.0	0.0
SRR6764413	0.0	6519.0	3253.0	0.0	46.0	348.0	2932.0	0.0	827.0	394.0	296.0	60.0	0.0	0.0	0.0	0.0	0.0	0.0	0.0	7.0	375.0	0.0	0.0	0.0	0.0	0.0	0.0	23.0	0.0	0.0	0.0	0.0	0.0	0.0	0.0	0.0	0.0	0.0	0.0	0.0	0.0	0.0	0.0	0.0	0.0	0.0
SRR6764439	0.0	5357.0	3071.0	0.0	222.0	1089.0	2474.0	0.0	318.0	57.0	97.0	18.0	0.0	0.0	0.0	0.0	0.0	0.0	0.0	27.0	199.0	0.0	0.0	0.0	0.0	0.0	0.0	0.0	0.0	0.0	0.0	0.0	0.0	0.0	0.0	0.0	0.0	0.0	0.0	0.0	0.0	0.0	0.0	0.0	0.0	0.0
SRR6764462	9.0	5290.0	2030.0	0.0	390.0	277.0	3886.0	0.0	795.0	386.0	366.0	122.0	0.0	0.0	0.0	0.0	82.0	12.0	0.0	18.0	314.0	0.0	0.0	0.0	0.0	0.0	0.0	0.0	0.0	0.0	0.0	0.0	0.0	0.0	0.0	0.0	0.0	0.0	0.0	0.0	0.0	0.0	0.0	0.0	0.0	0.0
SRR6764466	0.0	6678.0	4136.0	0.0	110.0	247.0	1949.0	0.0	626.0	413.0	77.0	141.0	0.0	0.0	25.0	0.0	0.0	0.0	0.0	22.0	487.0	0.0	0.0	0.0	0.0	0.0	0.0	0.0	0.0	0.0	0.0	0.0	0.0	0.0	0.0	0.0	0.0	0.0	0.0	0.0	0.0	0.0	0.0	0.0	0.0	0.0
SRR6764467	0.0	4838.0	3891.0	0.0	118.0	113.0	1079.0	0.0	641.0	411.0	87.0	117.0	0.0	0.0	37.0	0.0	117.0	0.0	0.0	12.0	574.0	0.0	0.0	0.0	0.0	0.0	0.0	0.0	0.0	0.0	0.0	0.0	0.0	0.0	0.0	0.0	0.0	0.0	0.0	0.0	0.0	0.0	0.0	0.0	0.0	0.0
SRR6764469	13.0	4987.0	2681.0	0.0	76.0	112.0	1104.0	0.0	541.0	359.0	34.0	95.0	0.0	0.0	0.0	0.0	0.0	0.0	0.0	0.0	316.0	0.0	0.0	0.0	0.0	0.0	0.0	0.0	0.0	0.0	0.0	0.0	0.0	0.0	0.0	0.0	0.0	0.0	0.0	0.0	0.0	0.0	0.0	0.0	0.0	0.0
SRR6764470	0.0	5690.0	4478.0	0.0	320.0	179.0	1659.0	0.0	867.0	784.0	164.0	320.0	0.0	0.0	52.0	0.0	130.0	0.0	0.0	0.0	525.0	0.0	0.0	0.0	0.0	0.0	0.0	0.0	0.0	0.0	0.0	0.0	0.0	0.0	0.0	0.0	0.0	0.0	0.0	0.0	0.0	0.0	0.0	0.0	0.0	0.0
SRR6764483	0.0	3797.0	3674.0	0.0	155.0	0.0	1805.0	0.0	483.0	178.0	124.0	56.0	0.0	0.0	33.0	0.0	28.0	0.0	0.0	0.0	219.0	0.0	0.0	0.0	0.0	0.0	0.0	0.0	0.0	0.0	0.0	0.0	0.0	0.0	0.0	0.0	0.0	0.0	0.0	0.0	0.0	0.0	0.0	0.0	0.0	0.0
SRR6764486	25.0	3089.0	3202.0	0.0	356.0	25.0	2083.0	0.0	604.0	404.0	133.0	149.0	0.0	0.0	0.0	0.0	311.0	12.0	0.0	0.0	112.0	0.0	0.0	0.0	0.0	0.0	0.0	0.0	0.0	0.0	0.0	0.0	0.0	0.0	0.0	0.0	0.0	0.0	0.0	0.0	0.0	0.0	0.0	0.0	0.0	0.0
SRR6764487	0.0	4175.0	2492.0	0.0	196.0	332.0	1385.0	0.0	713.0	267.0	71.0	128.0	0.0	0.0	0.0	0.0	206.0	0.0	0.0	0.0	263.0	0.0	0.0	0.0	0.0	0.0	0.0	0.0	0.0	0.0	0.0	0.0	0.0	0.0	0.0	0.0	0.0	0.0	0.0	0.0	0.0	0.0	0.0	0.0	0.0	0.0
SRR6764489	32.0	5545.0	3508.0	0.0	395.0	195.0	2160.0	0.0	842.0	573.0	174.0	44.0	0.0	0.0	20.0	0.0	223.0	0.0	0.0	0.0	265.0	0.0	0.0	0.0	0.0	0.0	0.0	0.0	0.0	0.0	0.0	0.0	0.0	0.0	0.0	0.0	0.0	0.0	0.0	0.0	0.0	0.0	0.0	0.0	0.0	0.0
SRR6764490	24.0	4737.0	3384.0	0.0	719.0	113.0	2431.0	0.0	986.0	638.0	116.0	233.0	0.0	0.0	36.0	0.0	198.0	13.0	0.0	0.0	337.0	0.0	0.0	0.0	0.0	0.0	0.0	18.0	0.0	0.0	0.0	0.0	0.0	0.0	0.0	0.0	0.0	0.0	0.0	0.0	0.0	0.0	0.0	0.0	0.0	0.0
SRR6764492	0.0	4066.0	3052.0	0.0	277.0	183.0	1158.0	0.0	652.0	457.0	105.0	164.0	0.0	0.0	28.0	0.0	102.0	8.0	0.0	0.0	34.0	0.0	0.0	0.0	0.0	0.0	0.0	0.0	0.0	0.0	0.0	0.0	0.0	0.0	0.0	0.0	0.0	0.0	0.0	0.0	0.0	0.0	0.0	0.0	0.0	0.0
SRR6764497	38.0	4414.0	2911.0	0.0	261.0	228.0	1007.0	0.0	663.0	312.0	138.0	84.0	0.0	0.0	18.0	0.0	0.0	0.0	0.0	6.0	276.0	0.0	0.0	0.0	0.0	0.0	0.0	0.0	0.0	0.0	0.0	0.0	0.0	0.0	0.0	0.0	0.0	0.0	0.0	0.0	0.0	0.0	0.0	0.0	0.0	0.0
SRR6764498	0.0	5380.0	3897.0	0.0	175.0	460.0	2463.0	0.0	616.0	309.0	336.0	313.0	0.0	0.0	0.0	0.0	0.0	0.0	0.0	20.0	436.0	0.0	0.0	0.0	0.0	0.0	0.0	0.0	0.0	0.0	0.0	0.0	0.0	0.0	0.0	0.0	0.0	0.0	0.0	0.0	0.0	0.0	0.0	0.0	0.0	0.0
SRR6764500	35.0	8193.0	2949.0	0.0	98.0	247.0	6128.0	0.0	841.0	189.0	315.0	79.0	0.0	0.0	0.0	0.0	44.0	0.0	0.0	0.0	324.0	0.0	0.0	0.0	0.0	0.0	0.0	0.0	0.0	0.0	0.0	0.0	0.0	0.0	0.0	0.0	0.0	0.0	0.0	0.0	0.0	0.0	0.0	0.0	0.0	0.0
SRR6764502	0.0	4201.0	3511.0	0.0	175.0	66.0	1984.0	0.0	474.0	306.0	97.0	97.0	0.0	0.0	20.0	0.0	114.0	0.0	0.0	0.0	396.0	0.0	0.0	0.0	0.0	0.0	0.0	0.0	0.0	0.0	0.0	0.0	0.0	0.0	0.0	0.0	0.0	0.0	0.0	0.0	0.0	0.0	0.0	0.0	0.0	0.0
SRR6764504	0.0	4003.0	3603.0	0.0	0.0	263.0	1952.0	0.0	130.0	89.0	119.0	34.0	0.0	0.0	0.0	0.0	16.0	0.0	0.0	0.0	401.0	0.0	0.0	0.0	0.0	0.0	0.0	0.0	0.0	0.0	0.0	0.0	0.0	0.0	0.0	0.0	0.0	0.0	0.0	0.0	0.0	0.0	0.0	0.0	0.0	0.0
SRR6764505	0.0	4616.0	3314.0	0.0	156.0	106.0	1346.0	0.0	402.0	298.0	223.0	177.0	0.0	0.0	32.0	0.0	0.0	0.0	0.0	0.0	695.0	0.0	0.0	0.0	0.0	0.0	0.0	0.0	0.0	0.0	0.0	0.0	0.0	0.0	0.0	0.0	0.0	0.0	0.0	0.0	0.0	0.0	0.0	0.0	0.0	0.0
SRR6764507	0.0	4924.0	3473.0	0.0	161.0	549.0	2772.0	0.0	223.0	222.0	204.0	0.0	0.0	0.0	0.0	0.0	32.0	0.0	0.0	0.0	219.0	0.0	0.0	0.0	0.0	0.0	0.0	0.0	0.0	0.0	0.0	0.0	0.0	0.0	0.0	0.0	0.0	0.0	0.0	0.0	0.0	0.0	0.0	0.0	0.0	0.0
SRR6764508	27.0	4232.0	4044.0	0.0	245.0	138.0	3049.0	0.0	289.0	451.0	88.0	0.0	0.0	0.0	0.0	0.0	27.0	19.0	0.0	0.0	458.0	0.0	0.0	0.0	0.0	0.0	0.0	42.0	0.0	0.0	0.0	0.0	0.0	0.0	0.0	0.0	0.0	0.0	0.0	0.0	0.0	0.0	0.0	0.0	0.0	0.0
SRR6764509	0.0	4175.0	3687.0	0.0	170.0	0.0	978.0	0.0	690.0	327.0	0.0	158.0	0.0	0.0	30.0	0.0	0.0	0.0	0.0	0.0	303.0	0.0	0.0	0.0	0.0	0.0	0.0	0.0	0.0	0.0	0.0	0.0	0.0	0.0	0.0	0.0	0.0	0.0	0.0	0.0	0.0	0.0	0.0	0.0	0.0	0.0
SRR6764510	20.0	5348.0	4686.0	0.0	466.0	16.0	2223.0	0.0	684.0	478.0	153.0	148.0	0.0	0.0	0.0	0.0	79.0	0.0	0.0	0.0	618.0	0.0	0.0	0.0	0.0	0.0	0.0	0.0	0.0	0.0	0.0	0.0	0.0	0.0	0.0	0.0	0.0	0.0	0.0	0.0	0.0	0.0	0.0	0.0	0.0	0.0
SRR6764511	0.0	5960.0	4110.0	0.0	377.0	0.0	1777.0	0.0	915.0	932.0	114.0	300.0	0.0	0.0	30.0	0.0	126.0	0.0	0.0	15.0	533.0	0.0	0.0	0.0	0.0	0.0	0.0	0.0	0.0	0.0	0.0	0.0	0.0	0.0	0.0	0.0	0.0	0.0	0.0	0.0	0.0	0.0	0.0	0.0	0.0	0.0
SRR6764529	0.0	4942.0	4791.0	0.0	371.0	289.0	1189.0	0.0	526.0	371.0	127.0	130.0	0.0	0.0	52.0	0.0	0.0	0.0	0.0	36.0	455.0	0.0	0.0	0.0	0.0	0.0	0.0	0.0	0.0	0.0	0.0	0.0	0.0	0.0	0.0	0.0	0.0	0.0	0.0	0.0	0.0	0.0	0.0	0.0	0.0	0.0
SRR6764530	7.0	5327.0	5692.0	0.0	448.0	0.0	1488.0	0.0	842.0	710.0	108.0	235.0	0.0	0.0	79.0	8.0	126.0	17.0	0.0	56.0	676.0	0.0	0.0	0.0	0.0	0.0	0.0	0.0	0.0	0.0	0.0	0.0	0.0	0.0	0.0	0.0	0.0	0.0	0.0	0.0	0.0	0.0	0.0	0.0	0.0	0.0
SRR6764531	0.0	5692.0	4617.0	0.0	211.0	158.0	1773.0	0.0	266.0	319.0	70.0	150.0	0.0	0.0	0.0	0.0	32.0	0.0	0.0	0.0	222.0	0.0	0.0	0.0	0.0	0.0	0.0	0.0	0.0	0.0	0.0	0.0	0.0	0.0	0.0	0.0	0.0	0.0	0.0	0.0	0.0	0.0	0.0	0.0	0.0	0.0
SRR6764532	0.0	4971.0	2512.0	0.0	336.0	456.0	3262.0	0.0	194.0	196.0	245.0	0.0	0.0	0.0	0.0	0.0	0.0	20.0	0.0	0.0	367.0	0.0	0.0	0.0	0.0	0.0	0.0	0.0	0.0	0.0	0.0	0.0	0.0	0.0	0.0	0.0	0.0	0.0	0.0	0.0	0.0	0.0	0.0	0.0	0.0	0.0
SRR6764533	0.0	4300.0	2240.0	0.0	180.0	1177.0	2733.0	0.0	240.0	159.0	197.0	0.0	0.0	0.0	0.0	0.0	0.0	0.0	0.0	49.0	275.0	0.0	0.0	0.0	0.0	0.0	0.0	0.0	0.0	0.0	0.0	0.0	0.0	0.0	0.0	0.0	0.0	0.0	0.0	0.0	0.0	0.0	0.0	0.0	0.0	0.0
SRR6764538	0.0	5231.0	3619.0	0.0	639.0	26.0	2157.0	0.0	816.0	453.0	158.0	323.0	0.0	0.0	31.0	0.0	130.0	16.0	0.0	37.0	397.0	0.0	0.0	0.0	0.0	0.0	0.0	0.0	0.0	0.0	0.0	0.0	0.0	0.0	0.0	0.0	0.0	0.0	0.0	0.0	0.0	0.0	0.0	0.0	0.0	0.0
SRR6764539	0.0	5104.0	3985.0	0.0	403.0	147.0	1739.0	0.0	1026.0	726.0	156.0	189.0	0.0	0.0	44.0	0.0	98.0	0.0	0.0	0.0	534.0	0.0	0.0	0.0	0.0	0.0	0.0	0.0	0.0	0.0	0.0	0.0	0.0	0.0	0.0	0.0	0.0	0.0	0.0	0.0	0.0	0.0	0.0	0.0	0.0	0.0
SRR6764540	0.0	5617.0	4458.0	0.0	156.0	87.0	2008.0	0.0	807.0	354.0	87.0	157.0	0.0	0.0	0.0	0.0	0.0	0.0	0.0	0.0	469.0	0.0	0.0	0.0	0.0	0.0	0.0	0.0	0.0	0.0	0.0	0.0	0.0	0.0	0.0	0.0	0.0	0.0	0.0	0.0	0.0	0.0	0.0	0.0	0.0	0.0
SRR6764541	8.0	3493.0	3223.0	0.0	141.0	162.0	2378.0	0.0	64.0	377.0	54.0	98.0	0.0	0.0	0.0	0.0	0.0	0.0	0.0	0.0	282.0	0.0	0.0	0.0	0.0	0.0	0.0	0.0	0.0	0.0	0.0	0.0	0.0	0.0	0.0	0.0	0.0	0.0	0.0	0.0	0.0	0.0	0.0	0.0	0.0	0.0
SRR6764565	12.0	4565.0	1842.0	0.0	236.0	0.0	1992.0	0.0	694.0	246.0	268.0	89.0	0.0	0.0	19.0	0.0	13.0	0.0	0.0	0.0	210.0	0.0	0.0	0.0	0.0	0.0	0.0	0.0	0.0	0.0	0.0	0.0	0.0	0.0	0.0	0.0	0.0	0.0	0.0	0.0	0.0	0.0	0.0	0.0	0.0	0.0
SRR6764568	0.0	3926.0	1506.0	0.0	0.0	300.0	4155.0	0.0	467.0	53.0	233.0	0.0	0.0	0.0	0.0	0.0	0.0	0.0	0.0	38.0	233.0	0.0	0.0	0.0	0.0	0.0	0.0	0.0	0.0	0.0	0.0	0.0	0.0	0.0	0.0	0.0	0.0	0.0	0.0	0.0	0.0	0.0	0.0	0.0	0.0	0.0
SRR6764572	0.0	5127.0	4128.0	0.0	215.0	169.0	2467.0	0.0	505.0	378.0	209.0	193.0	0.0	0.0	50.0	0.0	62.0	0.0	0.0	24.0	284.0	0.0	0.0	0.0	0.0	0.0	0.0	0.0	0.0	0.0	0.0	0.0	0.0	0.0	0.0	0.0	0.0	0.0	0.0	0.0	0.0	0.0	0.0	0.0	0.0	0.0
SRR6764573	13.0	6541.0	4892.0	0.0	321.0	518.0	3361.0	0.0	672.0	647.0	183.0	169.0	0.0	0.0	0.0	0.0	0.0	18.0	0.0	8.0	655.0	0.0	0.0	0.0	0.0	0.0	0.0	0.0	0.0	0.0	0.0	0.0	0.0	0.0	0.0	0.0	0.0	0.0	0.0	0.0	0.0	0.0	0.0	0.0	0.0	0.0
SRR6764577	0.0	4154.0	3450.0	0.0	141.0	125.0	1920.0	0.0	681.0	353.0	186.0	221.0	0.0	0.0	38.0	0.0	0.0	0.0	0.0	0.0	249.0	0.0	0.0	0.0	0.0	0.0	0.0	0.0	0.0	0.0	0.0	0.0	0.0	0.0	0.0	0.0	0.0	0.0	0.0	0.0	0.0	0.0	0.0	0.0	0.0	0.0
SRR6764578	0.0	4348.0	3732.0	0.0	275.0	37.0	2520.0	0.0	841.0	647.0	220.0	223.0	0.0	0.0	68.0	0.0	0.0	0.0	0.0	0.0	260.0	0.0	0.0	0.0	0.0	0.0	0.0	0.0	0.0	0.0	0.0	0.0	0.0	0.0	0.0	0.0	0.0	0.0	0.0	0.0	0.0	0.0	0.0	0.0	0.0	0.0
SRR6764579	61.0	6336.0	4423.0	0.0	797.0	65.0	3395.0	0.0	1098.0	1203.0	602.0	315.0	0.0	0.0	97.0	0.0	109.0	28.0	0.0	32.0	647.0	0.0	0.0	0.0	0.0	0.0	0.0	0.0	0.0	0.0	0.0	0.0	0.0	0.0	0.0	0.0	0.0	0.0	0.0	0.0	0.0	0.0	0.0	0.0	0.0	0.0
SRR6764580	0.0	6034.0	3908.0	0.0	365.0	0.0	3507.0	0.0	521.0	532.0	179.0	347.0	0.0	0.0	60.0	0.0	0.0	16.0	0.0	20.0	371.0	0.0	0.0	0.0	0.0	0.0	0.0	0.0	0.0	0.0	0.0	0.0	0.0	0.0	0.0	0.0	0.0	0.0	0.0	0.0	0.0	0.0	0.0	0.0	0.0	0.0
SRR6764581	112.0	6454.0	4360.0	0.0	688.0	153.0	2188.0	0.0	1154.0	978.0	266.0	430.0	0.0	0.0	103.0	0.0	328.0	0.0	0.0	81.0	628.0	0.0	0.0	0.0	0.0	0.0	0.0	0.0	0.0	0.0	0.0	0.0	0.0	0.0	0.0	0.0	0.0	0.0	0.0	0.0	0.0	0.0	0.0	0.0	0.0	0.0
SRR6764582	25.0	5021.0	3499.0	0.0	594.0	50.0	1271.0	0.0	820.0	747.0	148.0	235.0	10.0	0.0	109.0	0.0	67.0	0.0	0.0	14.0	376.0	0.0	0.0	0.0	0.0	0.0	0.0	0.0	0.0	0.0	0.0	0.0	0.0	0.0	0.0	0.0	0.0	0.0	0.0	0.0	0.0	0.0	0.0	0.0	0.0	0.0
SRR6764590	0.0	4152.0	3876.0	0.0	98.0	318.0	1046.0	0.0	383.0	254.0	0.0	45.0	0.0	0.0	0.0	0.0	65.0	0.0	0.0	14.0	309.0	0.0	0.0	0.0	0.0	0.0	0.0	0.0	0.0	0.0	0.0	0.0	0.0	0.0	0.0	0.0	0.0	0.0	0.0	0.0	0.0	0.0	0.0	0.0	0.0	0.0
SRR6764591	10.0	5486.0	4380.0	0.0	591.0	253.0	1115.0	0.0	551.0	789.0	0.0	291.0	0.0	0.0	27.0	0.0	288.0	33.0	0.0	0.0	708.0	0.0	0.0	0.0	0.0	0.0	0.0	0.0	0.0	0.0	0.0	0.0	0.0	0.0	0.0	0.0	0.0	0.0	0.0	0.0	0.0	0.0	0.0	0.0	0.0	0.0
SRR6764594	61.0	6899.0	4139.0	0.0	467.0	265.0	1442.0	0.0	719.0	688.0	99.0	179.0	0.0	0.0	0.0	9.0	334.0	0.0	0.0	0.0	262.0	0.0	0.0	0.0	0.0	0.0	0.0	0.0	0.0	0.0	0.0	0.0	0.0	0.0	0.0	0.0	0.0	0.0	0.0	0.0	0.0	0.0	0.0	0.0	0.0	0.0
SRR6764604	29.0	5341.0	5143.0	0.0	330.0	121.0	1554.0	0.0	929.0	733.0	340.0	215.0	0.0	0.0	75.0	0.0	64.0	16.0	0.0	24.0	1122.0	37.0	0.0	0.0	0.0	0.0	0.0	0.0	0.0	0.0	0.0	0.0	0.0	0.0	0.0	0.0	0.0	0.0	0.0	0.0	0.0	0.0	0.0	0.0	0.0	0.0
SRR6764605	11.0	5315.0	4003.0	0.0	256.0	43.0	1913.0	0.0	1002.0	434.0	158.0	209.0	0.0	0.0	71.0	10.0	35.0	0.0	0.0	0.0	721.0	27.0	0.0	0.0	0.0	0.0	0.0	0.0	0.0	0.0	0.0	0.0	0.0	0.0	0.0	0.0	0.0	0.0	0.0	0.0	0.0	0.0	0.0	0.0	0.0	0.0
SRR6764658	0.0	3811.0	3760.0	0.0	351.0	1098.0	2193.0	0.0	133.0	52.0	385.0	0.0	0.0	0.0	0.0	0.0	0.0	9.0	0.0	0.0	403.0	0.0	0.0	0.0	0.0	0.0	0.0	0.0	0.0	0.0	0.0	0.0	0.0	0.0	0.0	0.0	0.0	0.0	0.0	0.0	0.0	0.0	0.0	0.0	0.0	0.0
SRR6764661	11.0	4137.0	3644.0	0.0	423.0	1023.0	3135.0	0.0	249.0	84.0	204.0	0.0	0.0	0.0	0.0	0.0	16.0	0.0	0.0	27.0	382.0	0.0	0.0	0.0	0.0	0.0	0.0	0.0	0.0	0.0	0.0	0.0	0.0	0.0	0.0	0.0	0.0	0.0	0.0	0.0	0.0	0.0	0.0	0.0	0.0	0.0
SRR6764663	37.0	1746.0	697.0	0.0	1080.0	1274.0	4227.0	0.0	418.0	0.0	589.0	0.0	0.0	0.0	0.0	0.0	0.0	66.0	0.0	0.0	83.0	0.0	0.0	0.0	0.0	0.0	0.0	0.0	0.0	0.0	16.0	0.0	0.0	0.0	0.0	0.0	0.0	0.0	0.0	0.0	0.0	0.0	0.0	0.0	0.0	0.0
SRR6764679	0.0	4942.0	3526.0	0.0	312.0	87.0	1524.0	0.0	565.0	494.0	67.0	107.0	0.0	0.0	0.0	0.0	0.0	0.0	0.0	0.0	515.0	0.0	0.0	0.0	0.0	0.0	0.0	13.0	0.0	0.0	0.0	0.0	0.0	0.0	0.0	0.0	0.0	0.0	0.0	0.0	0.0	0.0	0.0	0.0	0.0	0.0
SRR6764680	25.0	4344.0	3704.0	0.0	568.0	136.0	1799.0	0.0	955.0	632.0	244.0	181.0	0.0	0.0	74.0	0.0	69.0	0.0	0.0	14.0	323.0	0.0	0.0	0.0	0.0	0.0	0.0	0.0	0.0	0.0	0.0	0.0	0.0	0.0	0.0	0.0	0.0	0.0	0.0	0.0	0.0	0.0	0.0	0.0	0.0	0.0
SRR6764686	0.0	4563.0	2485.0	0.0	336.0	42.0	1463.0	0.0	804.0	296.0	178.0	57.0	0.0	0.0	0.0	0.0	28.0	0.0	0.0	10.0	256.0	0.0	0.0	0.0	0.0	0.0	0.0	0.0	0.0	0.0	0.0	0.0	0.0	0.0	0.0	0.0	0.0	0.0	0.0	0.0	0.0	0.0	0.0	0.0	0.0	0.0
SRR6764687	25.0	6064.0	3874.0	0.0	178.0	378.0	1817.0	0.0	357.0	251.0	105.0	83.0	0.0	0.0	37.0	0.0	0.0	0.0	0.0	9.0	296.0	0.0	0.0	0.0	0.0	0.0	0.0	0.0	0.0	0.0	0.0	0.0	0.0	0.0	0.0	0.0	0.0	0.0	0.0	0.0	0.0	0.0	0.0	0.0	0.0	0.0
SRR6764699	0.0	4436.0	3374.0	0.0	53.0	495.0	1514.0	0.0	205.0	98.0	62.0	64.0	0.0	0.0	0.0	0.0	79.0	0.0	0.0	0.0	126.0	0.0	0.0	0.0	0.0	0.0	0.0	0.0	0.0	0.0	0.0	0.0	0.0	0.0	0.0	0.0	0.0	0.0	0.0	0.0	0.0	0.0	0.0	0.0	0.0	0.0
SRR6764725	0.0	5221.0	4543.0	0.0	363.0	61.0	1432.0	0.0	793.0	605.0	190.0	223.0	7.0	0.0	70.0	0.0	72.0	0.0	0.0	21.0	733.0	142.0	0.0	0.0	0.0	0.0	0.0	0.0	0.0	0.0	0.0	0.0	0.0	0.0	0.0	0.0	0.0	0.0	0.0	0.0	0.0	0.0	0.0	0.0	0.0	0.0
SRR6764726	0.0	5632.0	4316.0	0.0	368.0	152.0	1304.0	0.0	961.0	457.0	57.0	179.0	0.0	0.0	0.0	0.0	65.0	15.0	0.0	20.0	227.0	0.0	0.0	0.0	0.0	0.0	0.0	18.0	0.0	0.0	0.0	0.0	0.0	0.0	0.0	0.0	0.0	0.0	0.0	0.0	0.0	0.0	0.0	0.0	0.0	0.0
SRR6764727	21.0	5731.0	5495.0	0.0	566.0	50.0	1543.0	0.0	1048.0	250.0	135.0	257.0	0.0	0.0	53.0	0.0	30.0	17.0	0.0	0.0	560.0	56.0	0.0	0.0	0.0	0.0	0.0	0.0	0.0	0.0	0.0	0.0	0.0	0.0	0.0	0.0	0.0	0.0	0.0	0.0	0.0	0.0	0.0	0.0	0.0	0.0
SRR6764731	0.0	5822.0	3720.0	0.0	28.0	52.0	1768.0	0.0	401.0	473.0	75.0	101.0	0.0	0.0	35.0	0.0	42.0	0.0	0.0	0.0	444.0	0.0	0.0	0.0	0.0	0.0	0.0	0.0	0.0	0.0	0.0	0.0	0.0	0.0	0.0	0.0	0.0	0.0	0.0	0.0	0.0	0.0	0.0	0.0	0.0	0.0
SRR6764732	0.0	4062.0	3307.0	0.0	406.0	147.0	1122.0	0.0	750.0	433.0	16.0	136.0	0.0	0.0	42.0	0.0	0.0	0.0	0.0	0.0	310.0	0.0	0.0	0.0	0.0	0.0	0.0	0.0	0.0	0.0	0.0	0.0	0.0	0.0	0.0	0.0	0.0	0.0	0.0	0.0	0.0	0.0	0.0	0.0	0.0	0.0
SRR6764733	26.0	4756.0	3076.0	0.0	260.0	0.0	1021.0	0.0	672.0	488.0	15.0	127.0	0.0	0.0	0.0	0.0	102.0	0.0	0.0	32.0	258.0	0.0	0.0	0.0	0.0	0.0	0.0	0.0	0.0	0.0	0.0	0.0	0.0	0.0	0.0	0.0	0.0	0.0	0.0	0.0	0.0	0.0	0.0	0.0	0.0	0.0
SRR6764764	28.0	6275.0	5103.0	0.0	210.0	45.0	2208.0	0.0	778.0	729.0	216.0	116.0	0.0	0.0	0.0	0.0	61.0	14.0	0.0	0.0	881.0	0.0	0.0	0.0	0.0	0.0	0.0	0.0	0.0	0.0	0.0	0.0	0.0	0.0	0.0	0.0	0.0	0.0	0.0	0.0	0.0	0.0	0.0	0.0	0.0	0.0
SRR6764765	0.0	5398.0	3528.0	0.0	425.0	71.0	1032.0	0.0	839.0	723.0	172.0	238.0	0.0	0.0	77.0	0.0	356.0	0.0	0.0	0.0	199.0	0.0	0.0	0.0	0.0	0.0	0.0	0.0	0.0	0.0	0.0	0.0	0.0	0.0	0.0	0.0	0.0	0.0	0.0	0.0	0.0	0.0	0.0	0.0	0.0	0.0
SRR6764766	40.0	4257.0	3517.0	0.0	352.0	85.0	1423.0	0.0	768.0	856.0	103.0	83.0	0.0	0.0	64.0	0.0	111.0	0.0	0.0	0.0	718.0	0.0	0.0	0.0	0.0	0.0	0.0	0.0	0.0	0.0	0.0	0.0	0.0	0.0	0.0	0.0	0.0	0.0	0.0	0.0	0.0	0.0	0.0	0.0	0.0	0.0
SRR6764767	24.0	5593.0	5038.0	0.0	390.0	34.0	1601.0	0.0	764.0	577.0	93.0	139.0	0.0	0.0	61.0	12.0	29.0	0.0	0.0	0.0	876.0	0.0	0.0	0.0	0.0	0.0	0.0	0.0	0.0	0.0	0.0	0.0	0.0	0.0	0.0	0.0	0.0	0.0	0.0	0.0	0.0	0.0	0.0	0.0	0.0	0.0
SRR6764774	11.0	3963.0	3179.0	0.0	243.0	20.0	1009.0	0.0	630.0	528.0	54.0	136.0	0.0	0.0	0.0	0.0	16.0	6.0	0.0	21.0	396.0	0.0	0.0	0.0	0.0	0.0	0.0	0.0	0.0	0.0	0.0	0.0	0.0	0.0	0.0	0.0	0.0	0.0	0.0	0.0	0.0	0.0	0.0	0.0	0.0	0.0
SRR6764788	0.0	5118.0	3979.0	0.0	112.0	18.0	1223.0	0.0	432.0	205.0	32.0	59.0	0.0	0.0	0.0	0.0	0.0	0.0	0.0	19.0	391.0	0.0	0.0	0.0	0.0	0.0	0.0	0.0	0.0	0.0	0.0	0.0	0.0	0.0	0.0	0.0	0.0	0.0	0.0	0.0	0.0	0.0	0.0	0.0	0.0	0.0
SRR6764792	0.0	4243.0	4320.0	0.0	349.0	0.0	781.0	0.0	798.0	399.0	43.0	74.0	0.0	0.0	61.0	0.0	75.0	0.0	0.0	40.0	314.0	0.0	0.0	0.0	0.0	0.0	0.0	0.0	0.0	0.0	0.0	0.0	0.0	0.0	0.0	0.0	0.0	0.0	0.0	0.0	0.0	0.0	0.0	0.0	0.0	0.0
SRR6764796	0.0	4548.0	3423.0	0.0	194.0	0.0	871.0	0.0	573.0	459.0	33.0	212.0	0.0	0.0	93.0	0.0	28.0	0.0	0.0	0.0	417.0	0.0	0.0	0.0	0.0	0.0	0.0	0.0	0.0	0.0	0.0	0.0	0.0	0.0	0.0	0.0	0.0	0.0	0.0	0.0	0.0	0.0	0.0	0.0	0.0	0.0
SRR6764809	159.0	4595.0	3180.0	0.0	1541.0	928.0	2764.0	0.0	654.0	505.0	346.0	20.0	0.0	0.0	15.0	0.0	0.0	72.0	0.0	0.0	162.0	0.0	0.0	0.0	0.0	0.0	0.0	0.0	0.0	0.0	0.0	0.0	0.0	0.0	0.0	0.0	0.0	0.0	0.0	0.0	0.0	0.0	0.0	0.0	0.0	0.0
SRR6764829	0.0	4602.0	3755.0	0.0	534.0	0.0	1337.0	0.0	893.0	596.0	209.0	111.0	8.0	0.0	68.0	0.0	133.0	0.0	0.0	38.0	612.0	14.0	0.0	0.0	0.0	0.0	0.0	0.0	0.0	0.0	0.0	0.0	0.0	0.0	0.0	0.0	0.0	0.0	0.0	0.0	0.0	0.0	0.0	0.0	0.0	0.0
SRR6764836	0.0	4093.0	2681.0	0.0	303.0	69.0	1337.0	0.0	949.0	206.0	193.0	71.0	12.0	0.0	40.0	0.0	42.0	12.0	0.0	25.0	280.0	20.0	0.0	0.0	0.0	0.0	0.0	0.0	0.0	0.0	0.0	0.0	0.0	0.0	0.0	0.0	0.0	0.0	0.0	0.0	0.0	0.0	0.0	0.0	0.0	0.0
SRR6764837	0.0	4370.0	2582.0	0.0	346.0	0.0	1749.0	0.0	1140.0	382.0	234.0	76.0	0.0	0.0	62.0	0.0	53.0	0.0	0.0	23.0	427.0	0.0	0.0	0.0	0.0	0.0	0.0	0.0	0.0	0.0	0.0	0.0	0.0	0.0	0.0	0.0	0.0	0.0	0.0	0.0	0.0	0.0	0.0	0.0	0.0	0.0
SRR6764850	0.0	4712.0	4057.0	0.0	298.0	118.0	1786.0	0.0	474.0	452.0	134.0	161.0	0.0	0.0	46.0	0.0	0.0	0.0	0.0	0.0	564.0	0.0	0.0	0.0	0.0	0.0	0.0	0.0	0.0	0.0	0.0	0.0	0.0	0.0	0.0	0.0	0.0	0.0	0.0	0.0	0.0	0.0	0.0	0.0	0.0	0.0
SRR6764852	22.0	4750.0	3789.0	0.0	470.0	0.0	1422.0	0.0	786.0	730.0	41.0	123.0	0.0	0.0	63.0	0.0	241.0	13.0	0.0	0.0	282.0	0.0	0.0	0.0	0.0	0.0	0.0	0.0	0.0	0.0	0.0	0.0	0.0	0.0	0.0	0.0	0.0	0.0	0.0	0.0	0.0	0.0	0.0	0.0	0.0	0.0
SRR6764853	0.0	3897.0	3364.0	0.0	451.0	70.0	1027.0	0.0	762.0	479.0	94.0	79.0	0.0	0.0	51.0	0.0	113.0	14.0	0.0	24.0	274.0	0.0	0.0	0.0	0.0	0.0	0.0	0.0	0.0	0.0	0.0	0.0	0.0	0.0	0.0	0.0	0.0	0.0	0.0	0.0	0.0	0.0	0.0	0.0	0.0	0.0
SRR6764854	0.0	4634.0	3529.0	0.0	228.0	44.0	1950.0	0.0	369.0	347.0	0.0	34.0	2.0	0.0	0.0	0.0	324.0	0.0	0.0	0.0	359.0	0.0	0.0	0.0	0.0	0.0	0.0	0.0	0.0	0.0	0.0	0.0	0.0	0.0	0.0	0.0	0.0	0.0	0.0	0.0	0.0	0.0	0.0	0.0	0.0	0.0
SRR6764856	16.0	4083.0	3379.0	0.0	482.0	30.0	2194.0	0.0	561.0	556.0	50.0	212.0	0.0	0.0	0.0	0.0	243.0	9.0	0.0	0.0	301.0	0.0	0.0	0.0	0.0	0.0	0.0	0.0	0.0	0.0	0.0	0.0	0.0	0.0	0.0	0.0	0.0	0.0	0.0	0.0	0.0	0.0	0.0	0.0	0.0	0.0
SRR6764857	30.0	7695.0	5622.0	0.0	426.0	159.0	1807.0	0.0	867.0	578.0	88.0	210.0	15.0	0.0	82.0	0.0	36.0	0.0	0.0	48.0	799.0	0.0	0.0	0.0	0.0	0.0	0.0	0.0	0.0	0.0	0.0	0.0	0.0	0.0	0.0	0.0	0.0	0.0	0.0	0.0	0.0	0.0	0.0	0.0	0.0	0.0
SRR6764858	0.0	4126.0	4158.0	0.0	203.0	87.0	1313.0	0.0	489.0	338.0	93.0	68.0	0.0	0.0	30.0	0.0	0.0	0.0	0.0	0.0	604.0	0.0	0.0	0.0	0.0	0.0	0.0	0.0	0.0	0.0	0.0	0.0	0.0	0.0	0.0	0.0	0.0	0.0	0.0	0.0	0.0	0.0	0.0	0.0	0.0	0.0
SRR6764859	20.0	5973.0	4965.0	16.0	489.0	99.0	1542.0	0.0	1382.0	1199.0	333.0	62.0	0.0	0.0	83.0	0.0	123.0	0.0	0.0	20.0	631.0	35.0	0.0	0.0	0.0	0.0	0.0	0.0	0.0	0.0	0.0	0.0	0.0	0.0	0.0	0.0	0.0	0.0	0.0	0.0	0.0	0.0	0.0	0.0	0.0	0.0
SRR6764861	0.0	4745.0	3233.0	0.0	42.0	256.0	1320.0	0.0	291.0	354.0	101.0	81.0	0.0	0.0	28.0	0.0	65.0	0.0	0.0	0.0	343.0	0.0	0.0	0.0	0.0	0.0	0.0	0.0	0.0	0.0	0.0	0.0	0.0	0.0	0.0	0.0	0.0	0.0	0.0	0.0	0.0	0.0	0.0	0.0	0.0	0.0
SRR6764863	0.0	5135.0	4424.0	0.0	44.0	80.0	1405.0	0.0	389.0	365.0	71.0	75.0	0.0	0.0	0.0	0.0	0.0	0.0	0.0	0.0	444.0	0.0	0.0	0.0	0.0	0.0	0.0	0.0	0.0	0.0	0.0	0.0	0.0	0.0	0.0	0.0	0.0	0.0	0.0	0.0	0.0	0.0	0.0	0.0	0.0	0.0
SRR6764873	0.0	4326.0	3740.0	0.0	317.0	42.0	1704.0	0.0	975.0	421.0	215.0	100.0	0.0	0.0	53.0	0.0	24.0	0.0	0.0	0.0	529.0	24.0	0.0	0.0	0.0	0.0	0.0	0.0	0.0	0.0	0.0	0.0	0.0	0.0	0.0	0.0	0.0	0.0	0.0	0.0	0.0	0.0	0.0	0.0	0.0	0.0
SRR6764874	0.0	4737.0	3803.0	0.0	422.0	0.0	1386.0	0.0	771.0	326.0	199.0	158.0	0.0	0.0	54.0	0.0	70.0	0.0	0.0	14.0	434.0	0.0	0.0	0.0	0.0	0.0	0.0	0.0	0.0	0.0	0.0	0.0	0.0	0.0	0.0	0.0	0.0	0.0	0.0	0.0	0.0	0.0	0.0	0.0	0.0	0.0
SRR6764880	158.0	8435.0	4722.0	0.0	875.0	102.0	1776.0	0.0	1545.0	1674.0	632.0	438.0	20.0	0.0	154.0	11.0	102.0	22.0	0.0	72.0	907.0	20.0	0.0	0.0	0.0	0.0	0.0	0.0	0.0	0.0	0.0	0.0	0.0	0.0	0.0	0.0	0.0	0.0	0.0	0.0	0.0	0.0	0.0	0.0	0.0	0.0
SRR6764882	60.0	5864.0	1694.0	0.0	167.0	303.0	4124.0	0.0	414.0	92.0	300.0	4.0	0.0	0.0	0.0	0.0	0.0	0.0	0.0	0.0	266.0	0.0	0.0	0.0	0.0	0.0	0.0	0.0	0.0	0.0	0.0	0.0	0.0	0.0	0.0	0.0	0.0	0.0	0.0	0.0	0.0	0.0	0.0	0.0	0.0	0.0
SRR6764883	0.0	5497.0	2104.0	0.0	432.0	25.0	2877.0	0.0	675.0	306.0	281.0	96.0	0.0	0.0	0.0	0.0	0.0	0.0	0.0	24.0	326.0	0.0	0.0	0.0	0.0	0.0	0.0	0.0	0.0	0.0	0.0	0.0	0.0	0.0	0.0	0.0	0.0	0.0	0.0	0.0	0.0	0.0	0.0	0.0	0.0	0.0
SRR6764884	17.0	5066.0	1997.0	0.0	366.0	122.0	2286.0	0.0	754.0	424.0	343.0	54.0	16.0	0.0	30.0	0.0	11.0	0.0	0.0	33.0	225.0	0.0	0.0	0.0	0.0	0.0	0.0	0.0	0.0	0.0	0.0	0.0	0.0	0.0	0.0	0.0	0.0	0.0	0.0	0.0	0.0	0.0	0.0	0.0	0.0	0.0
SRR6764885	23.0	4899.0	3407.0	0.0	674.0	113.0	1313.0	0.0	868.0	921.0	192.0	138.0	0.0	0.0	79.0	0.0	200.0	15.0	0.0	19.0	242.0	0.0	0.0	0.0	0.0	0.0	0.0	0.0	0.0	0.0	0.0	0.0	0.0	0.0	0.0	0.0	0.0	0.0	0.0	0.0	0.0	0.0	0.0	0.0	0.0	0.0
SRR6764887	0.0	6206.0	2731.0	0.0	401.0	191.0	3672.0	0.0	730.0	323.0	268.0	120.0	0.0	0.0	17.0	0.0	28.0	10.0	0.0	12.0	346.0	0.0	0.0	0.0	0.0	0.0	0.0	0.0	0.0	0.0	0.0	0.0	0.0	0.0	0.0	0.0	0.0	0.0	0.0	0.0	0.0	0.0	0.0	0.0	0.0	0.0
SRR6764888	0.0	5330.0	2390.0	0.0	157.0	229.0	2517.0	0.0	662.0	370.0	215.0	93.0	0.0	0.0	0.0	0.0	12.0	0.0	0.0	0.0	204.0	0.0	0.0	0.0	0.0	0.0	0.0	0.0	0.0	0.0	0.0	0.0	0.0	0.0	0.0	0.0	0.0	0.0	0.0	0.0	0.0	0.0	0.0	0.0	0.0	0.0
SRR6764891	0.0	6389.0	3521.0	0.0	94.0	104.0	1442.0	0.0	208.0	276.0	0.0	109.0	0.0	0.0	0.0	0.0	120.0	28.0	0.0	0.0	426.0	0.0	0.0	0.0	0.0	0.0	0.0	0.0	0.0	0.0	0.0	0.0	0.0	0.0	0.0	0.0	0.0	0.0	0.0	0.0	0.0	0.0	0.0	0.0	0.0	0.0
SRR6764901	0.0	5561.0	4055.0	0.0	383.0	52.0	1675.0	0.0	516.0	294.0	0.0	134.0	0.0	0.0	0.0	0.0	85.0	20.0	0.0	21.0	292.0	0.0	0.0	0.0	0.0	0.0	0.0	0.0	0.0	0.0	0.0	0.0	0.0	0.0	0.0	0.0	0.0	0.0	0.0	0.0	0.0	0.0	0.0	0.0	0.0	0.0
SRR6764926	0.0	4347.0	3062.0	0.0	221.0	79.0	868.0	0.0	543.0	333.0	0.0	139.0	0.0	0.0	46.0	0.0	0.0	0.0	0.0	0.0	381.0	0.0	0.0	0.0	0.0	0.0	0.0	0.0	0.0	0.0	0.0	0.0	0.0	0.0	0.0	0.0	0.0	0.0	0.0	0.0	0.0	0.0	0.0	0.0	0.0	0.0
SRR6764927	8.0	4252.0	3869.0	0.0	267.0	100.0	1012.0	0.0	921.0	484.0	188.0	155.0	14.0	0.0	75.0	0.0	0.0	0.0	0.0	18.0	189.0	0.0	0.0	0.0	0.0	0.0	0.0	0.0	0.0	0.0	0.0	0.0	0.0	0.0	0.0	0.0	0.0	0.0	0.0	0.0	0.0	0.0	0.0	0.0	0.0	0.0
SRR6764938	0.0	5123.0	3150.0	0.0	214.0	196.0	1753.0	0.0	211.0	402.0	47.0	13.0	0.0	0.0	0.0	0.0	88.0	0.0	0.0	0.0	242.0	0.0	0.0	0.0	0.0	0.0	0.0	0.0	0.0	0.0	0.0	0.0	0.0	0.0	0.0	0.0	0.0	0.0	0.0	0.0	0.0	0.0	0.0	0.0	0.0	0.0
SRR6764942	22.0	5867.0	4775.0	0.0	509.0	84.0	1320.0	0.0	1243.0	357.0	276.0	184.0	12.0	0.0	44.0	31.0	0.0	0.0	0.0	15.0	761.0	0.0	0.0	0.0	0.0	0.0	0.0	0.0	0.0	0.0	0.0	0.0	0.0	0.0	0.0	0.0	0.0	0.0	0.0	0.0	0.0	0.0	0.0	0.0	0.0	0.0
SRR6764944	51.0	6942.0	5148.0	0.0	695.0	65.0	1314.0	0.0	1492.0	675.0	243.0	219.0	0.0	0.0	76.0	0.0	382.0	0.0	0.0	22.0	293.0	0.0	0.0	0.0	0.0	0.0	0.0	0.0	0.0	0.0	0.0	0.0	0.0	0.0	0.0	0.0	0.0	0.0	0.0	0.0	0.0	0.0	0.0	0.0	0.0	0.0
SRR6764945	32.0	4939.0	4507.0	0.0	378.0	48.0	1273.0	0.0	830.0	467.0	284.0	170.0	0.0	0.0	64.0	0.0	47.0	0.0	0.0	0.0	777.0	128.0	0.0	0.0	0.0	0.0	0.0	0.0	0.0	0.0	0.0	0.0	0.0	0.0	0.0	0.0	0.0	0.0	0.0	0.0	0.0	0.0	0.0	0.0	0.0	0.0
SRR6764946	0.0	4856.0	4413.0	0.0	26.0	138.0	1966.0	0.0	166.0	211.0	0.0	49.0	0.0	0.0	21.0	0.0	0.0	0.0	0.0	0.0	419.0	0.0	0.0	0.0	0.0	0.0	0.0	0.0	0.0	0.0	0.0	0.0	0.0	0.0	0.0	0.0	0.0	0.0	0.0	0.0	0.0	0.0	0.0	0.0	0.0	0.0
SRR6764947	0.0	5783.0	4755.0	0.0	440.0	414.0	1603.0	8.0	936.0	333.0	168.0	271.0	0.0	0.0	43.0	0.0	386.0	0.0	0.0	21.0	190.0	0.0	0.0	0.0	0.0	0.0	0.0	0.0	0.0	0.0	0.0	0.0	0.0	0.0	0.0	0.0	0.0	0.0	0.0	0.0	0.0	0.0	0.0	0.0	0.0	0.0
SRR6764948	0.0	6019.0	4814.0	0.0	389.0	0.0	1065.0	0.0	493.0	289.0	47.0	173.0	0.0	0.0	72.0	0.0	260.0	0.0	0.0	0.0	202.0	0.0	0.0	0.0	0.0	0.0	0.0	0.0	0.0	0.0	0.0	0.0	0.0	0.0	0.0	0.0	0.0	0.0	0.0	0.0	0.0	0.0	0.0	0.0	0.0	0.0
SRR6764949	0.0	4835.0	3018.0	0.0	0.0	0.0	1996.0	0.0	523.0	270.0	86.0	146.0	0.0	0.0	0.0	0.0	0.0	0.0	0.0	16.0	266.0	0.0	0.0	0.0	0.0	0.0	0.0	0.0	0.0	0.0	0.0	0.0	0.0	0.0	0.0	0.0	0.0	0.0	0.0	0.0	0.0	0.0	0.0	0.0	0.0	0.0
SRR6764956	0.0	3064.0	2054.0	0.0	149.0	1044.0	2875.0	0.0	146.0	65.0	399.0	0.0	0.0	0.0	0.0	0.0	0.0	12.0	0.0	17.0	237.0	0.0	0.0	0.0	0.0	0.0	0.0	0.0	0.0	0.0	0.0	0.0	0.0	0.0	0.0	0.0	0.0	0.0	0.0	0.0	0.0	0.0	0.0	0.0	0.0	0.0
SRR6764957	0.0	3961.0	2846.0	0.0	381.0	162.0	1386.0	0.0	645.0	678.0	201.0	121.0	0.0	0.0	45.0	0.0	45.0	0.0	0.0	28.0	243.0	0.0	0.0	0.0	0.0	0.0	0.0	0.0	0.0	0.0	0.0	0.0	0.0	0.0	0.0	0.0	0.0	0.0	0.0	0.0	0.0	0.0	0.0	0.0	0.0	0.0
SRR6764958	22.0	6460.0	3677.0	0.0	640.0	174.0	1801.0	0.0	1231.0	1303.0	435.0	375.0	9.0	0.0	126.0	0.0	127.0	0.0	0.0	34.0	237.0	0.0	0.0	0.0	0.0	0.0	0.0	0.0	0.0	0.0	0.0	0.0	0.0	0.0	0.0	0.0	0.0	0.0	0.0	0.0	0.0	0.0	0.0	0.0	0.0	0.0
SRR6764959	0.0	3927.0	3488.0	0.0	275.0	608.0	2375.0	0.0	306.0	200.0	51.0	0.0	0.0	0.0	0.0	0.0	0.0	0.0	0.0	27.0	221.0	0.0	0.0	0.0	0.0	0.0	0.0	0.0	0.0	0.0	0.0	0.0	0.0	0.0	0.0	0.0	0.0	0.0	0.0	0.0	0.0	0.0	0.0	0.0	0.0	0.0
SRR6764960	0.0	3946.0	3738.0	0.0	408.0	110.0	1733.0	0.0	776.0	687.0	163.0	203.0	0.0	0.0	68.0	0.0	42.0	0.0	0.0	45.0	380.0	0.0	0.0	0.0	0.0	0.0	0.0	0.0	0.0	0.0	0.0	0.0	0.0	0.0	0.0	0.0	0.0	0.0	0.0	0.0	0.0	0.0	0.0	0.0	0.0	0.0
SRR6764961	0.0	3530.0	3384.0	0.0	301.0	104.0	1484.0	0.0	747.0	313.0	237.0	108.0	0.0	0.0	46.0	0.0	59.0	0.0	0.0	0.0	245.0	0.0	0.0	0.0	0.0	0.0	0.0	0.0	0.0	0.0	0.0	0.0	0.0	0.0	0.0	0.0	0.0	0.0	0.0	0.0	0.0	0.0	0.0	0.0	0.0	0.0
SRR6764963	103.0	1919.0	1035.0	0.0	721.0	1102.0	4731.0	0.0	289.0	69.0	783.0	0.0	0.0	0.0	0.0	0.0	0.0	149.0	0.0	11.0	100.0	0.0	0.0	0.0	0.0	0.0	0.0	0.0	0.0	0.0	0.0	0.0	0.0	0.0	0.0	0.0	0.0	0.0	0.0	0.0	0.0	0.0	0.0	0.0	0.0	0.0
SRR6764964	38.0	6813.0	4124.0	0.0	780.0	196.0	2901.0	0.0	1001.0	728.0	269.0	189.0	0.0	0.0	0.0	0.0	248.0	0.0	0.0	0.0	617.0	0.0	0.0	0.0	0.0	0.0	0.0	12.0	0.0	0.0	0.0	0.0	0.0	0.0	0.0	0.0	0.0	0.0	0.0	0.0	0.0	0.0	0.0	0.0	0.0	0.0
SRR6764965	16.0	4358.0	3201.0	0.0	247.0	89.0	1007.0	0.0	630.0	328.0	178.0	100.0	0.0	0.0	0.0	0.0	0.0	0.0	0.0	0.0	420.0	0.0	0.0	0.0	0.0	0.0	0.0	0.0	0.0	0.0	0.0	0.0	0.0	0.0	0.0	0.0	0.0	0.0	0.0	0.0	0.0	0.0	0.0	0.0	0.0	0.0
SRR6764966	0.0	4194.0	3826.0	0.0	119.0	120.0	1924.0	0.0	574.0	249.0	144.0	129.0	0.0	0.0	42.0	0.0	0.0	0.0	0.0	0.0	299.0	0.0	0.0	0.0	0.0	0.0	0.0	0.0	0.0	0.0	0.0	0.0	0.0	0.0	0.0	0.0	0.0	0.0	0.0	0.0	0.0	0.0	0.0	0.0	0.0	0.0
SRR6764967	0.0	4836.0	3803.0	0.0	185.0	163.0	2115.0	0.0	484.0	485.0	170.0	113.0	0.0	0.0	0.0	0.0	0.0	8.0	0.0	0.0	320.0	0.0	0.0	0.0	0.0	0.0	0.0	0.0	0.0	0.0	0.0	0.0	0.0	0.0	0.0	0.0	0.0	0.0	0.0	0.0	0.0	0.0	0.0	0.0	0.0	0.0
SRR6764968	33.0	5524.0	3842.0	0.0	617.0	100.0	1446.0	0.0	853.0	1013.0	54.0	355.0	0.0	0.0	68.0	0.0	243.0	18.0	0.0	27.0	446.0	0.0	0.0	0.0	0.0	0.0	0.0	0.0	0.0	0.0	0.0	0.0	0.0	0.0	0.0	0.0	0.0	0.0	0.0	0.0	0.0	0.0	0.0	0.0	0.0	0.0
SRR6764969	25.0	7019.0	5359.0	0.0	507.0	81.0	1972.0	0.0	1033.0	846.0	76.0	199.0	0.0	0.0	0.0	0.0	400.0	0.0	0.0	16.0	508.0	0.0	0.0	0.0	0.0	0.0	0.0	0.0	0.0	0.0	0.0	0.0	0.0	0.0	0.0	0.0	0.0	0.0	0.0	0.0	0.0	0.0	0.0	0.0	0.0	0.0
SRR6764978	0.0	5729.0	4736.0	0.0	24.0	127.0	1844.0	0.0	297.0	499.0	48.0	74.0	0.0	0.0	0.0	0.0	0.0	0.0	0.0	0.0	696.0	0.0	0.0	0.0	0.0	0.0	0.0	0.0	0.0	0.0	0.0	0.0	0.0	0.0	0.0	0.0	0.0	0.0	0.0	0.0	0.0	0.0	0.0	0.0	0.0	0.0
SRR6764979	18.0	5096.0	3970.0	0.0	254.0	116.0	1835.0	0.0	580.0	750.0	202.0	113.0	0.0	0.0	67.0	0.0	0.0	0.0	0.0	10.0	404.0	0.0	0.0	0.0	0.0	0.0	0.0	0.0	0.0	0.0	0.0	0.0	0.0	0.0	0.0	0.0	0.0	0.0	0.0	0.0	0.0	0.0	0.0	0.0	0.0	0.0
SRR6764980	0.0	4903.0	3778.0	0.0	493.0	0.0	913.0	0.0	778.0	851.0	90.0	382.0	0.0	0.0	110.0	0.0	345.0	11.0	0.0	24.0	284.0	0.0	0.0	0.0	0.0	0.0	0.0	0.0	0.0	0.0	0.0	0.0	0.0	0.0	0.0	0.0	0.0	0.0	0.0	0.0	0.0	0.0	0.0	0.0	0.0	0.0
SRR6764981	0.0	5689.0	4308.0	0.0	351.0	30.0	1122.0	0.0	789.0	637.0	226.0	386.0	15.0	0.0	33.0	0.0	76.0	11.0	0.0	32.0	647.0	24.0	0.0	0.0	0.0	0.0	0.0	0.0	0.0	0.0	0.0	0.0	0.0	0.0	0.0	0.0	0.0	0.0	0.0	0.0	0.0	0.0	0.0	0.0	0.0	0.0
SRR6764982	75.0	5437.0	3683.0	0.0	427.0	0.0	1774.0	0.0	1070.0	942.0	248.0	240.0	0.0	0.0	0.0	0.0	358.0	24.0	0.0	18.0	217.0	0.0	0.0	0.0	0.0	0.0	0.0	0.0	0.0	0.0	0.0	0.0	0.0	0.0	0.0	0.0	0.0	0.0	0.0	0.0	0.0	0.0	0.0	0.0	0.0	0.0
SRR6764983	0.0	6469.0	4371.0	0.0	319.0	0.0	1811.0	0.0	603.0	846.0	247.0	153.0	0.0	0.0	114.0	0.0	75.0	0.0	0.0	13.0	775.0	39.0	0.0	0.0	0.0	0.0	0.0	0.0	0.0	0.0	0.0	0.0	0.0	0.0	0.0	0.0	0.0	0.0	0.0	0.0	0.0	0.0	0.0	0.0	0.0	0.0
SRR6764984	0.0	4668.0	3838.0	0.0	193.0	50.0	1362.0	0.0	489.0	485.0	112.0	82.0	0.0	0.0	39.0	0.0	104.0	0.0	0.0	0.0	339.0	0.0	0.0	0.0	0.0	0.0	0.0	0.0	0.0	0.0	0.0	0.0	0.0	0.0	0.0	0.0	0.0	0.0	0.0	0.0	0.0	0.0	0.0	0.0	0.0	0.0
SRR6764985	0.0	4936.0	3496.0	0.0	170.0	0.0	2152.0	0.0	878.0	522.0	93.0	0.0	0.0	0.0	0.0	0.0	344.0	0.0	0.0	0.0	108.0	0.0	0.0	0.0	0.0	0.0	0.0	0.0	0.0	0.0	0.0	0.0	0.0	0.0	0.0	0.0	0.0	0.0	0.0	0.0	0.0	0.0	0.0	0.0	0.0	0.0
SRR6764986	30.0	4291.0	4155.0	0.0	164.0	26.0	967.0	0.0	616.0	602.0	156.0	148.0	0.0	0.0	0.0	0.0	78.0	0.0	0.0	0.0	759.0	0.0	0.0	0.0	0.0	0.0	0.0	0.0	0.0	0.0	0.0	0.0	0.0	0.0	0.0	0.0	0.0	0.0	0.0	0.0	0.0	0.0	0.0	0.0	0.0	0.0
SRR6764988	0.0	4860.0	4257.0	0.0	230.0	200.0	895.0	0.0	572.0	401.0	66.0	135.0	0.0	0.0	0.0	0.0	93.0	0.0	0.0	18.0	316.0	0.0	0.0	0.0	0.0	0.0	0.0	0.0	0.0	0.0	0.0	0.0	0.0	0.0	0.0	0.0	0.0	0.0	0.0	0.0	0.0	0.0	0.0	0.0	0.0	0.0
SRR6765001	0.0	4814.0	3650.0	0.0	418.0	197.0	839.0	0.0	1131.0	517.0	330.0	100.0	0.0	0.0	95.0	0.0	236.0	0.0	0.0	12.0	243.0	0.0	0.0	0.0	0.0	0.0	0.0	0.0	0.0	0.0	0.0	0.0	0.0	0.0	0.0	0.0	0.0	0.0	0.0	0.0	0.0	0.0	0.0	0.0	0.0	0.0
SRR6765030	0.0	5083.0	4224.0	0.0	247.0	42.0	1472.0	0.0	1060.0	367.0	129.0	155.0	0.0	0.0	62.0	12.0	102.0	0.0	0.0	55.0	453.0	73.0	0.0	0.0	0.0	0.0	0.0	0.0	0.0	0.0	0.0	0.0	0.0	0.0	0.0	0.0	0.0	0.0	0.0	0.0	0.0	0.0	0.0	0.0	0.0	0.0
SRR6765031	18.0	4982.0	3964.0	0.0	493.0	149.0	1657.0	0.0	573.0	563.0	111.0	350.0	0.0	0.0	40.0	0.0	191.0	25.0	0.0	9.0	546.0	0.0	0.0	0.0	0.0	0.0	0.0	0.0	0.0	0.0	0.0	0.0	0.0	0.0	0.0	0.0	0.0	0.0	0.0	0.0	0.0	0.0	0.0	0.0	0.0	0.0
SRR6765040	51.0	4573.0	3736.0	0.0	135.0	161.0	1494.0	0.0	639.0	508.0	182.0	87.0	0.0	0.0	0.0	0.0	197.0	0.0	0.0	0.0	161.0	0.0	0.0	0.0	0.0	0.0	0.0	0.0	0.0	0.0	0.0	0.0	0.0	0.0	0.0	0.0	0.0	0.0	0.0	0.0	0.0	0.0	0.0	0.0	0.0	0.0
SRR6765041	17.0	3859.0	2740.0	0.0	278.0	161.0	1806.0	0.0	532.0	438.0	114.0	110.0	6.0	0.0	0.0	0.0	26.0	12.0	0.0	0.0	238.0	0.0	0.0	0.0	0.0	0.0	0.0	0.0	0.0	0.0	0.0	0.0	0.0	0.0	0.0	0.0	0.0	0.0	0.0	0.0	0.0	0.0	0.0	0.0	0.0	0.0
SRR6765043	19.0	4585.0	3250.0	0.0	304.0	38.0	1639.0	0.0	359.0	567.0	75.0	102.0	0.0	0.0	0.0	0.0	181.0	0.0	0.0	24.0	214.0	0.0	0.0	0.0	0.0	0.0	0.0	0.0	0.0	0.0	0.0	0.0	0.0	0.0	0.0	0.0	0.0	0.0	0.0	0.0	0.0	0.0	0.0	0.0	0.0	0.0
SRR6765044	0.0	3603.0	3366.0	0.0	422.0	0.0	758.0	0.0	739.0	852.0	176.0	100.0	0.0	0.0	0.0	0.0	235.0	18.0	0.0	0.0	24.0	0.0	0.0	0.0	0.0	0.0	0.0	0.0	0.0	0.0	0.0	0.0	0.0	0.0	0.0	0.0	0.0	0.0	0.0	0.0	0.0	0.0	0.0	0.0	0.0	0.0
SRR6765045	0.0	4516.0	3552.0	0.0	353.0	100.0	1223.0	0.0	773.0	545.0	90.0	190.0	0.0	0.0	46.0	0.0	77.0	0.0	0.0	0.0	656.0	15.0	0.0	0.0	0.0	0.0	0.0	0.0	0.0	0.0	0.0	0.0	0.0	0.0	0.0	0.0	0.0	0.0	0.0	0.0	0.0	0.0	0.0	0.0	0.0	0.0
SRR6765050	0.0	4293.0	3262.0	0.0	29.0	466.0	1665.0	0.0	129.0	163.0	13.0	0.0	0.0	0.0	0.0	0.0	0.0	0.0	0.0	0.0	456.0	0.0	0.0	0.0	0.0	0.0	0.0	36.0	0.0	0.0	0.0	0.0	0.0	0.0	0.0	0.0	0.0	0.0	0.0	0.0	0.0	0.0	0.0	0.0	0.0	0.0
SRR6765051	0.0	4746.0	3087.0	0.0	228.0	101.0	2026.0	0.0	239.0	291.0	32.0	86.0	0.0	0.0	0.0	0.0	0.0	0.0	0.0	0.0	420.0	0.0	0.0	0.0	0.0	0.0	0.0	0.0	0.0	0.0	0.0	0.0	0.0	0.0	0.0	0.0	0.0	0.0	0.0	0.0	0.0	0.0	0.0	0.0	0.0	0.0
SRR6765052	0.0	4696.0	4925.0	0.0	184.0	90.0	1291.0	0.0	471.0	439.0	248.0	270.0	0.0	0.0	0.0	0.0	88.0	0.0	0.0	0.0	396.0	0.0	0.0	0.0	0.0	0.0	0.0	0.0	0.0	0.0	0.0	0.0	0.0	0.0	0.0	0.0	0.0	0.0	0.0	0.0	0.0	0.0	0.0	0.0	0.0	0.0
SRR6765054	0.0	5145.0	3704.0	0.0	308.0	131.0	1026.0	0.0	605.0	439.0	75.0	97.0	0.0	0.0	0.0	0.0	0.0	0.0	0.0	25.0	300.0	0.0	0.0	0.0	0.0	0.0	0.0	0.0	0.0	0.0	0.0	0.0	0.0	0.0	0.0	0.0	0.0	0.0	0.0	0.0	0.0	0.0	0.0	0.0	0.0	0.0
SRR6765055	0.0	5539.0	4332.0	0.0	227.0	117.0	789.0	0.0	499.0	531.0	64.0	117.0	0.0	0.0	0.0	0.0	0.0	16.0	0.0	7.0	345.0	0.0	0.0	0.0	0.0	0.0	0.0	0.0	0.0	0.0	0.0	0.0	0.0	0.0	0.0	0.0	0.0	0.0	0.0	0.0	0.0	0.0	0.0	0.0	0.0	0.0
SRR6765062	44.0	5833.0	1635.0	0.0	189.0	412.0	4447.0	0.0	626.0	123.0	432.0	0.0	2.0	0.0	0.0	0.0	0.0	0.0	0.0	0.0	283.0	0.0	0.0	0.0	0.0	0.0	0.0	0.0	0.0	0.0	0.0	0.0	0.0	0.0	0.0	0.0	0.0	0.0	0.0	0.0	0.0	0.0	0.0	0.0	0.0	0.0
SRR6765063	15.0	4724.0	4153.0	0.0	629.0	0.0	1135.0	0.0	957.0	559.0	49.0	287.0	0.0	0.0	0.0	0.0	208.0	0.0	0.0	34.0	199.0	0.0	0.0	0.0	0.0	0.0	0.0	0.0	0.0	0.0	0.0	0.0	0.0	0.0	0.0	0.0	0.0	0.0	0.0	0.0	0.0	0.0	0.0	0.0	0.0	0.0
SRR6765064	0.0	4556.0	3293.0	0.0	193.0	131.0	574.0	0.0	574.0	368.0	0.0	91.0	0.0	0.0	0.0	0.0	45.0	0.0	0.0	0.0	227.0	0.0	0.0	0.0	0.0	0.0	0.0	0.0	0.0	0.0	0.0	0.0	0.0	0.0	0.0	0.0	0.0	0.0	0.0	0.0	0.0	0.0	0.0	0.0	0.0	0.0
SRR6765067	0.0	5505.0	3441.0	0.0	538.0	128.0	1291.0	0.0	698.0	570.0	95.0	202.0	0.0	0.0	0.0	0.0	281.0	0.0	0.0	0.0	185.0	0.0	0.0	0.0	0.0	0.0	0.0	0.0	0.0	0.0	0.0	0.0	0.0	0.0	0.0	0.0	0.0	0.0	0.0	0.0	0.0	0.0	0.0	0.0	0.0	0.0
SRR6765072	0.0	8008.0	6045.0	0.0	664.0	296.0	2880.0	0.0	954.0	537.0	406.0	237.0	14.0	0.0	98.0	0.0	83.0	0.0	0.0	0.0	1028.0	0.0	0.0	0.0	0.0	0.0	0.0	20.0	0.0	0.0	0.0	0.0	0.0	0.0	0.0	0.0	0.0	0.0	0.0	0.0	0.0	0.0	0.0	0.0	0.0	0.0
SRR6765080	0.0	5040.0	3599.0	0.0	792.0	378.0	1574.0	0.0	811.0	490.0	132.0	33.0	0.0	21.0	0.0	0.0	0.0	0.0	0.0	0.0	27.0	0.0	0.0	0.0	0.0	0.0	0.0	0.0	0.0	0.0	0.0	0.0	0.0	0.0	0.0	0.0	0.0	0.0	0.0	0.0	0.0	0.0	0.0	0.0	0.0	0.0
SRR6765084	0.0	4302.0	3674.0	0.0	820.0	58.0	442.0	0.0	422.0	327.0	56.0	17.0	0.0	0.0	0.0	0.0	0.0	0.0	0.0	0.0	134.0	0.0	0.0	0.0	0.0	0.0	0.0	0.0	0.0	0.0	0.0	0.0	0.0	0.0	0.0	0.0	0.0	0.0	0.0	0.0	0.0	0.0	0.0	0.0	0.0	0.0
SRR6765092	62.0	5244.0	5995.0	0.0	1317.0	124.0	695.0	0.0	1620.0	1183.0	102.0	122.0	15.0	30.0	0.0	0.0	42.0	0.0	0.0	0.0	195.0	0.0	0.0	0.0	0.0	0.0	0.0	0.0	0.0	0.0	0.0	0.0	0.0	0.0	0.0	0.0	0.0	0.0	0.0	0.0	0.0	0.0	0.0	0.0	0.0	0.0
SRR6765094	0.0	6314.0	5257.0	0.0	1593.0	391.0	1226.0	0.0	2273.0	1811.0	579.0	152.0	24.0	0.0	75.0	19.0	0.0	46.0	0.0	0.0	200.0	73.0	0.0	0.0	0.0	0.0	0.0	0.0	0.0	0.0	0.0	0.0	0.0	0.0	0.0	0.0	0.0	0.0	0.0	0.0	0.0	0.0	0.0	0.0	0.0	0.0
SRR6765098	7.0	3802.0	3001.0	0.0	1699.0	379.0	1215.0	0.0	149.0	401.0	85.0	0.0	24.0	0.0	0.0	10.0	0.0	0.0	0.0	0.0	253.0	0.0	0.0	0.0	0.0	0.0	0.0	0.0	0.0	0.0	0.0	0.0	0.0	0.0	0.0	0.0	0.0	0.0	0.0	0.0	0.0	0.0	0.0	0.0	0.0	0.0
SRR6765103	0.0	3987.0	3721.0	0.0	580.0	72.0	882.0	0.0	542.0	97.0	98.0	20.0	0.0	0.0	19.0	0.0	0.0	0.0	0.0	0.0	9.0	0.0	0.0	0.0	0.0	0.0	0.0	0.0	0.0	0.0	0.0	0.0	0.0	0.0	0.0	0.0	0.0	0.0	0.0	0.0	0.0	0.0	0.0	0.0	0.0	0.0
SRR6765106	0.0	4954.0	3767.0	0.0	427.0	0.0	607.0	0.0	728.0	218.0	75.0	123.0	0.0	0.0	0.0	0.0	0.0	0.0	0.0	0.0	0.0	0.0	0.0	0.0	0.0	0.0	0.0	0.0	0.0	0.0	0.0	0.0	0.0	0.0	0.0	0.0	0.0	0.0	0.0	0.0	0.0	0.0	0.0	0.0	0.0	0.0
SRR6765108	0.0	3723.0	3910.0	0.0	1584.0	117.0	424.0	0.0	341.0	394.0	152.0	0.0	0.0	0.0	48.0	0.0	0.0	0.0	0.0	0.0	0.0	0.0	0.0	0.0	0.0	0.0	0.0	0.0	0.0	0.0	0.0	0.0	0.0	0.0	0.0	0.0	0.0	0.0	0.0	0.0	0.0	0.0	0.0	0.0	0.0	0.0
SRR6765112	0.0	5692.0	6784.0	0.0	1254.0	193.0	1290.0	0.0	1526.0	521.0	111.0	209.0	0.0	0.0	119.0	0.0	0.0	0.0	0.0	0.0	58.0	0.0	0.0	0.0	0.0	0.0	0.0	0.0	0.0	0.0	0.0	0.0	0.0	0.0	0.0	0.0	0.0	0.0	0.0	0.0	0.0	0.0	0.0	0.0	0.0	0.0
SRR6765119	0.0	3913.0	3626.0	0.0	1216.0	241.0	1005.0	0.0	860.0	222.0	132.0	77.0	0.0	0.0	0.0	0.0	79.0	0.0	0.0	0.0	0.0	0.0	0.0	0.0	0.0	0.0	0.0	0.0	0.0	0.0	0.0	0.0	0.0	0.0	0.0	0.0	0.0	0.0	0.0	0.0	0.0	0.0	0.0	0.0	0.0	0.0
SRR6765128	17.0	5543.0	4777.0	0.0	1651.0	373.0	1875.0	0.0	705.0	939.0	292.0	29.0	0.0	0.0	28.0	0.0	0.0	0.0	0.0	12.0	156.0	0.0	0.0	0.0	0.0	0.0	0.0	0.0	0.0	0.0	0.0	0.0	0.0	0.0	0.0	0.0	0.0	0.0	0.0	0.0	0.0	0.0	0.0	0.0	0.0	0.0
SRR6765130	69.0	6467.0	6946.0	0.0	1531.0	164.0	613.0	0.0	1490.0	747.0	444.0	259.0	0.0	0.0	41.0	0.0	71.0	0.0	8.0	0.0	52.0	0.0	0.0	0.0	0.0	0.0	0.0	0.0	0.0	0.0	0.0	0.0	0.0	0.0	0.0	0.0	0.0	0.0	0.0	0.0	0.0	0.0	0.0	0.0	0.0	0.0
SRR6765139	20.0	5052.0	5773.0	0.0	1138.0	144.0	627.0	0.0	801.0	430.0	218.0	344.0	0.0	0.0	26.0	0.0	50.0	13.0	11.0	0.0	91.0	0.0	0.0	0.0	0.0	0.0	0.0	0.0	0.0	0.0	0.0	0.0	0.0	0.0	0.0	0.0	0.0	0.0	0.0	0.0	0.0	0.0	0.0	0.0	0.0	0.0
SRR6765141	0.0	4387.0	4117.0	0.0	723.0	338.0	658.0	0.0	536.0	490.0	90.0	179.0	0.0	0.0	39.0	0.0	24.0	0.0	0.0	0.0	0.0	0.0	0.0	0.0	0.0	0.0	0.0	0.0	0.0	0.0	0.0	0.0	0.0	0.0	0.0	0.0	0.0	0.0	0.0	0.0	0.0	0.0	0.0	0.0	0.0	0.0
SRR6765142	21.0	5848.0	5366.0	0.0	1264.0	0.0	450.0	0.0	1108.0	773.0	416.0	178.0	0.0	0.0	0.0	0.0	109.0	0.0	0.0	0.0	283.0	0.0	0.0	0.0	0.0	0.0	0.0	0.0	0.0	0.0	0.0	0.0	0.0	0.0	0.0	0.0	0.0	0.0	0.0	0.0	0.0	0.0	0.0	0.0	0.0	0.0
SRR6765147	133.0	6365.0	6476.0	0.0	2765.0	333.0	671.0	0.0	1702.0	1539.0	639.0	181.0	35.0	0.0	0.0	0.0	0.0	123.0	0.0	0.0	71.0	0.0	0.0	0.0	0.0	0.0	0.0	0.0	0.0	0.0	0.0	0.0	0.0	0.0	0.0	0.0	0.0	0.0	0.0	0.0	0.0	0.0	0.0	0.0	0.0	0.0
SRR6765148	20.0	3750.0	4370.0	0.0	994.0	42.0	863.0	0.0	885.0	1144.0	484.0	53.0	0.0	0.0	0.0	0.0	0.0	0.0	0.0	0.0	73.0	58.0	0.0	0.0	0.0	0.0	0.0	0.0	0.0	0.0	0.0	0.0	0.0	0.0	0.0	0.0	0.0	0.0	0.0	0.0	0.0	0.0	0.0	0.0	0.0	0.0
SRR6765163	74.0	3969.0	3861.0	0.0	662.0	456.0	1437.0	0.0	463.0	867.0	102.0	128.0	0.0	44.0	0.0	0.0	0.0	29.0	0.0	0.0	17.0	0.0	0.0	0.0	0.0	0.0	0.0	0.0	0.0	0.0	0.0	0.0	0.0	0.0	0.0	0.0	0.0	0.0	0.0	0.0	0.0	0.0	0.0	0.0	0.0	0.0
SRR6765164	27.0	4513.0	4042.0	0.0	863.0	259.0	1396.0	0.0	826.0	554.0	496.0	56.0	0.0	0.0	34.0	0.0	0.0	0.0	0.0	0.0	21.0	0.0	0.0	0.0	0.0	0.0	0.0	0.0	0.0	0.0	0.0	0.0	0.0	0.0	0.0	0.0	0.0	0.0	0.0	0.0	0.0	0.0	0.0	0.0	0.0	0.0
SRR6765166	13.0	3541.0	2860.0	0.0	1471.0	626.0	1852.0	0.0	217.0	348.0	302.0	0.0	0.0	0.0	0.0	11.0	0.0	54.0	0.0	0.0	39.0	0.0	0.0	0.0	0.0	0.0	0.0	0.0	0.0	0.0	0.0	0.0	0.0	0.0	0.0	0.0	0.0	0.0	0.0	0.0	0.0	0.0	0.0	0.0	0.0	0.0
SRR6765170	0.0	5742.0	5250.0	0.0	1744.0	13.0	645.0	0.0	444.0	745.0	202.0	50.0	0.0	0.0	43.0	0.0	0.0	0.0	0.0	0.0	168.0	0.0	0.0	0.0	0.0	0.0	0.0	0.0	0.0	0.0	0.0	0.0	0.0	0.0	0.0	0.0	0.0	0.0	0.0	0.0	0.0	0.0	0.0	0.0	0.0	0.0
SRR6765173	0.0	5875.0	4390.0	0.0	1691.0	264.0	1510.0	0.0	783.0	814.0	319.0	0.0	0.0	0.0	0.0	0.0	0.0	0.0	0.0	0.0	0.0	0.0	0.0	0.0	0.0	0.0	0.0	0.0	0.0	0.0	0.0	0.0	0.0	0.0	0.0	0.0	0.0	0.0	0.0	0.0	0.0	0.0	0.0	0.0	0.0	0.0
SRR6765177	28.0	4876.0	3716.0	0.0	936.0	159.0	515.0	0.0	821.0	609.0	257.0	145.0	0.0	0.0	0.0	0.0	19.0	0.0	0.0	0.0	8.0	0.0	0.0	0.0	0.0	0.0	0.0	0.0	0.0	0.0	0.0	0.0	0.0	0.0	0.0	0.0	0.0	0.0	0.0	0.0	0.0	0.0	0.0	0.0	0.0	0.0
SRR6765179	14.0	4302.0	5543.0	0.0	1197.0	204.0	629.0	0.0	749.0	408.0	242.0	50.0	0.0	0.0	29.0	0.0	0.0	42.0	0.0	0.0	91.0	0.0	0.0	0.0	0.0	0.0	0.0	0.0	0.0	0.0	0.0	0.0	0.0	0.0	0.0	0.0	0.0	0.0	0.0	0.0	0.0	0.0	0.0	0.0	0.0	0.0
SRR6765182	39.0	4531.0	3401.0	0.0	845.0	176.0	1292.0	0.0	598.0	308.0	310.0	25.0	0.0	0.0	0.0	0.0	46.0	0.0	0.0	0.0	12.0	0.0	0.0	0.0	0.0	0.0	0.0	0.0	0.0	0.0	0.0	0.0	0.0	0.0	0.0	0.0	0.0	0.0	0.0	0.0	0.0	0.0	0.0	0.0	0.0	0.0
SRR6765185	48.0	4896.0	2818.0	0.0	1512.0	339.0	1474.0	0.0	230.0	310.0	277.0	6.0	0.0	0.0	0.0	0.0	0.0	26.0	0.0	0.0	22.0	0.0	0.0	0.0	0.0	0.0	0.0	0.0	0.0	0.0	0.0	0.0	0.0	0.0	0.0	0.0	0.0	0.0	0.0	0.0	0.0	0.0	0.0	0.0	0.0	0.0
SRR6765188	299.0	5283.0	3595.0	25.0	2016.0	538.0	2807.0	0.0	838.0	646.0	384.0	14.0	0.0	0.0	0.0	0.0	29.0	0.0	0.0	28.0	69.0	0.0	0.0	0.0	0.0	0.0	0.0	0.0	0.0	0.0	0.0	0.0	0.0	0.0	0.0	0.0	0.0	0.0	0.0	0.0	0.0	0.0	0.0	0.0	0.0	0.0
SRR6765192	20.0	4197.0	3086.0	0.0	1094.0	73.0	531.0	0.0	418.0	483.0	98.0	24.0	0.0	0.0	0.0	0.0	0.0	0.0	0.0	0.0	0.0	0.0	0.0	0.0	0.0	0.0	0.0	0.0	0.0	0.0	0.0	0.0	0.0	0.0	0.0	0.0	0.0	0.0	0.0	0.0	0.0	0.0	0.0	0.0	0.0	0.0
SRR6765194	0.0	4818.0	3868.0	0.0	930.0	94.0	511.0	0.0	351.0	428.0	22.0	0.0	0.0	0.0	0.0	0.0	19.0	0.0	0.0	0.0	61.0	0.0	0.0	0.0	0.0	0.0	0.0	0.0	0.0	0.0	0.0	0.0	0.0	0.0	0.0	0.0	0.0	0.0	0.0	0.0	0.0	0.0	0.0	0.0	0.0	0.0
SRR6765199	143.0	6819.0	5201.0	15.0	2473.0	377.0	431.0	0.0	503.0	1069.0	361.0	65.0	0.0	0.0	101.0	17.0	0.0	56.0	0.0	0.0	219.0	0.0	0.0	0.0	0.0	0.0	0.0	0.0	0.0	0.0	0.0	0.0	0.0	0.0	0.0	0.0	0.0	0.0	0.0	0.0	0.0	0.0	0.0	0.0	0.0	0.0
SRR22815539	0.0	26080.0	2357.0	0.0	0.0	181.0	17272.0	0.0	0.0	0.0	3.0	0.0	0.0	0.0	0.0	0.0	0.0	0.0	0.0	0.0	0.0	0.0	0.0	0.0	0.0	0.0	0.0	0.0	0.0	0.0	0.0	0.0	0.0	0.0	0.0	0.0	0.0	0.0	0.0	0.0	0.0	0.0	0.0	0.0	0.0	0.0
SRR22815560	0.0	20262.0	1890.0	0.0	370.0	107.0	14494.0	0.0	34.0	0.0	0.0	48.0	0.0	0.0	0.0	42.0	0.0	144.0	0.0	120.0	0.0	0.0	0.0	0.0	0.0	0.0	0.0	0.0	0.0	0.0	0.0	0.0	0.0	0.0	0.0	0.0	0.0	0.0	0.0	0.0	0.0	0.0	0.0	0.0	0.0	0.0
SRR22815561	0.0	51431.0	7691.0	0.0	1282.0	54.0	13515.0	0.0	0.0	5.0	33.0	0.0	7.0	463.0	0.0	21.0	0.0	0.0	0.0	0.0	0.0	0.0	0.0	0.0	0.0	0.0	0.0	0.0	0.0	0.0	0.0	0.0	0.0	0.0	0.0	0.0	0.0	0.0	0.0	0.0	0.0	0.0	0.0	4.0	0.0	0.0
SRR22815571	0.0	50696.0	9706.0	0.0	248.0	1163.0	14677.0	0.0	0.0	0.0	44.0	0.0	10.0	326.0	0.0	0.0	0.0	0.0	0.0	0.0	0.0	0.0	0.0	0.0	0.0	0.0	0.0	0.0	0.0	0.0	0.0	0.0	0.0	31.0	0.0	0.0	0.0	0.0	0.0	0.0	0.0	0.0	0.0	0.0	0.0	0.0
SRR22815574	56.0	18455.0	348.0	0.0	50.0	276.0	1444.0	0.0	48.0	0.0	119.0	0.0	20.0	0.0	0.0	0.0	0.0	20.0	0.0	0.0	0.0	0.0	0.0	0.0	0.0	0.0	0.0	0.0	0.0	0.0	0.0	0.0	0.0	0.0	0.0	0.0	0.0	0.0	0.0	0.0	0.0	0.0	0.0	0.0	0.0	0.0
SRR22815591	37.0	34515.0	2169.0	0.0	673.0	101.0	13309.0	0.0	0.0	0.0	0.0	0.0	0.0	11.0	9.0	0.0	0.0	0.0	0.0	16.0	0.0	0.0	0.0	0.0	0.0	0.0	0.0	0.0	0.0	0.0	0.0	0.0	0.0	0.0	0.0	0.0	0.0	3.0	0.0	0.0	0.0	0.0	0.0	0.0	0.0	0.0
SRR22815596	0.0	34860.0	2969.0	0.0	0.0	20.0	2734.0	0.0	0.0	66.0	0.0	0.0	0.0	0.0	0.0	0.0	0.0	0.0	0.0	0.0	0.0	0.0	0.0	0.0	0.0	0.0	0.0	0.0	0.0	0.0	0.0	0.0	0.0	0.0	0.0	0.0	0.0	0.0	0.0	0.0	0.0	0.0	0.0	0.0	0.0	0.0
SRR22815602	12.0	10060.0	165.0	0.0	2.0	34.0	34.0	0.0	8.0	5.0	38.0	0.0	27.0	0.0	0.0	0.0	0.0	0.0	0.0	0.0	0.0	0.0	0.0	0.0	0.0	0.0	0.0	0.0	0.0	0.0	0.0	0.0	0.0	0.0	0.0	0.0	0.0	0.0	0.0	0.0	0.0	0.0	0.0	0.0	0.0	0.0
SRR22815604	0.0	11415.0	694.0	0.0	0.0	4.0	5732.0	0.0	0.0	0.0	4.0	0.0	0.0	0.0	0.0	0.0	0.0	0.0	0.0	0.0	0.0	0.0	0.0	0.0	0.0	0.0	0.0	0.0	0.0	0.0	0.0	0.0	0.0	0.0	0.0	0.0	0.0	0.0	0.0	0.0	0.0	0.0	0.0	0.0	0.0	0.0
SRR22815614	8.0	23370.0	2741.0	0.0	45.0	0.0	5280.0	0.0	0.0	0.0	0.0	0.0	0.0	58.0	0.0	0.0	0.0	0.0	0.0	0.0	0.0	0.0	0.0	0.0	0.0	0.0	0.0	0.0	0.0	0.0	0.0	0.0	0.0	0.0	0.0	0.0	0.0	0.0	0.0	0.0	0.0	0.0	0.0	0.0	0.0	0.0
SRR22815616	69.0	29164.0	8582.0	0.0	540.0	978.0	5923.0	0.0	37.0	86.0	175.0	0.0	0.0	88.0	45.0	0.0	0.0	0.0	0.0	0.0	0.0	0.0	0.0	0.0	0.0	0.0	0.0	0.0	0.0	0.0	16.0	0.0	0.0	0.0	0.0	0.0	0.0	0.0	0.0	0.0	0.0	0.0	0.0	0.0	0.0	0.0
SRR22815617	0.0	27480.0	1846.0	0.0	6.0	4.0	7146.0	0.0	0.0	0.0	15.0	0.0	0.0	72.0	0.0	0.0	0.0	0.0	0.0	20.0	0.0	0.0	0.0	0.0	0.0	0.0	0.0	0.0	0.0	0.0	0.0	0.0	0.0	0.0	0.0	0.0	0.0	0.0	0.0	0.0	0.0	0.0	0.0	0.0	0.0	0.0
SRR22815624	0.0	12651.0	769.0	0.0	0.0	75.0	2016.0	0.0	0.0	0.0	0.0	0.0	10.0	50.0	0.0	0.0	0.0	0.0	0.0	0.0	0.0	0.0	0.0	0.0	0.0	0.0	0.0	0.0	0.0	0.0	0.0	0.0	0.0	0.0	0.0	0.0	0.0	0.0	0.0	0.0	0.0	0.0	0.0	0.0	0.0	0.0
SRR22815625	0.0	30663.0	6697.0	0.0	308.0	156.0	13464.0	0.0	0.0	30.0	96.0	67.0	0.0	74.0	0.0	0.0	0.0	0.0	0.0	41.0	0.0	0.0	0.0	0.0	0.0	0.0	0.0	0.0	0.0	0.0	0.0	0.0	0.0	0.0	0.0	0.0	0.0	0.0	0.0	0.0	0.0	0.0	0.0	0.0	0.0	0.0
SRR22815632	0.0	15167.0	2575.0	0.0	10.0	0.0	7807.0	0.0	0.0	0.0	0.0	0.0	0.0	0.0	0.0	0.0	0.0	0.0	0.0	0.0	0.0	0.0	0.0	0.0	0.0	0.0	0.0	0.0	0.0	0.0	0.0	0.0	0.0	0.0	0.0	0.0	0.0	0.0	0.0	0.0	0.0	0.0	0.0	0.0	0.0	0.0
SRR22815639	0.0	15204.0	2703.0	0.0	73.0	203.0	13413.0	0.0	0.0	0.0	0.0	0.0	0.0	133.0	0.0	0.0	0.0	0.0	0.0	0.0	0.0	0.0	0.0	0.0	0.0	0.0	0.0	0.0	0.0	0.0	0.0	0.0	0.0	0.0	0.0	0.0	0.0	0.0	0.0	0.0	0.0	0.0	0.0	0.0	0.0	0.0
SRR22815672	2.0	7978.0	66.0	3.0	65.0	35.0	1750.0	0.0	84.0	43.0	19.0	8.0	22.0	0.0	0.0	0.0	0.0	0.0	0.0	0.0	0.0	0.0	0.0	0.0	0.0	0.0	0.0	0.0	0.0	0.0	0.0	0.0	0.0	0.0	0.0	0.0	4.0	0.0	0.0	0.0	0.0	0.0	0.0	0.0	0.0	0.0
SRR22815676	45.0	15136.0	620.0	6.0	116.0	1201.0	6474.0	0.0	0.0	36.0	14.0	0.0	0.0	0.0	0.0	0.0	0.0	0.0	0.0	0.0	0.0	0.0	0.0	0.0	0.0	0.0	0.0	0.0	0.0	0.0	0.0	0.0	0.0	29.0	0.0	0.0	0.0	0.0	0.0	0.0	0.0	0.0	0.0	0.0	0.0	0.0
SRR22815677	3.0	10578.0	1874.0	0.0	52.0	0.0	1274.0	0.0	80.0	64.0	80.0	6.0	16.0	0.0	8.0	0.0	3.0	0.0	0.0	15.0	0.0	0.0	0.0	0.0	0.0	0.0	0.0	0.0	0.0	0.0	0.0	0.0	0.0	0.0	0.0	0.0	0.0	0.0	0.0	0.0	0.0	0.0	0.0	0.0	0.0	0.0
SRR22815693	394.0	11819.0	2984.0	27.0	582.0	0.0	504.0	0.0	574.0	1612.0	773.0	12.0	1092.0	7.0	160.0	0.0	28.0	12.0	0.0	1094.0	11.0	0.0	0.0	13.0	0.0	0.0	0.0	0.0	0.0	0.0	0.0	0.0	0.0	0.0	0.0	0.0	0.0	0.0	0.0	0.0	0.0	0.0	0.0	0.0	0.0	0.0
SRR22815694	51.0	10381.0	2782.0	0.0	67.0	71.0	1935.0	0.0	74.0	77.0	63.0	0.0	56.0	5.0	35.0	0.0	0.0	0.0	0.0	20.0	0.0	0.0	0.0	0.0	0.0	0.0	0.0	0.0	0.0	0.0	0.0	0.0	0.0	0.0	0.0	0.0	0.0	0.0	0.0	0.0	0.0	0.0	0.0	0.0	0.0	0.0
SRR22815696	15.0	41743.0	2195.0	0.0	960.0	3816.0	12668.0	0.0	106.0	35.0	113.0	0.0	0.0	0.0	0.0	49.0	0.0	15.0	0.0	0.0	0.0	0.0	0.0	0.0	0.0	0.0	0.0	0.0	0.0	0.0	0.0	0.0	0.0	33.0	0.0	0.0	0.0	0.0	0.0	0.0	0.0	0.0	0.0	0.0	0.0	0.0
SRR22815707	24.0	35941.0	3434.0	0.0	0.0	85.0	2437.0	0.0	4.0	0.0	0.0	0.0	0.0	120.0	47.0	0.0	0.0	0.0	0.0	0.0	0.0	0.0	0.0	0.0	0.0	39.0	0.0	0.0	0.0	0.0	0.0	0.0	0.0	0.0	0.0	0.0	0.0	0.0	0.0	0.0	0.0	0.0	0.0	0.0	0.0	0.0
SRR22815739	300.0	10914.0	2663.0	0.0	114.0	775.0	12139.0	20.0	431.0	472.0	297.0	189.0	400.0	10.0	115.0	0.0	0.0	0.0	0.0	176.0	22.0	0.0	0.0	0.0	11.0	6.0	0.0	4.0	0.0	0.0	0.0	0.0	0.0	0.0	0.0	0.0	0.0	17.0	0.0	0.0	0.0	0.0	0.0	0.0	0.0	0.0
SRR22815740	259.0	12829.0	1324.0	0.0	280.0	1383.0	8975.0	0.0	129.0	314.0	549.0	117.0	495.0	12.0	77.0	0.0	0.0	82.0	0.0	112.0	0.0	0.0	0.0	0.0	0.0	16.0	0.0	11.0	0.0	0.0	0.0	0.0	0.0	0.0	0.0	0.0	0.0	0.0	0.0	0.0	0.0	0.0	0.0	0.0	0.0	0.0
SRR22815741	58.0	9061.0	110.0	0.0	79.0	0.0	3350.0	0.0	119.0	66.0	52.0	8.0	23.0	0.0	18.0	0.0	0.0	0.0	0.0	2.0	3.0	0.0	0.0	0.0	0.0	0.0	0.0	0.0	0.0	0.0	0.0	0.0	0.0	0.0	0.0	0.0	0.0	0.0	0.0	0.0	0.0	0.0	0.0	0.0	0.0	0.0
SRR22815742	43.0	4211.0	220.0	0.0	28.0	68.0	5794.0	0.0	148.0	76.0	89.0	6.0	28.0	0.0	6.0	0.0	5.0	0.0	0.0	27.0	0.0	0.0	0.0	0.0	0.0	0.0	0.0	0.0	0.0	0.0	0.0	0.0	0.0	0.0	0.0	0.0	0.0	0.0	0.0	0.0	0.0	0.0	0.0	0.0	0.0	0.0
SRR22815772	0.0	7593.0	641.0	0.0	31.0	0.0	2538.0	0.0	0.0	0.0	0.0	0.0	0.0	0.0	0.0	0.0	0.0	0.0	0.0	0.0	0.0	0.0	0.0	0.0	0.0	0.0	0.0	0.0	0.0	0.0	0.0	0.0	0.0	0.0	0.0	0.0	0.0	0.0	0.0	0.0	0.0	0.0	0.0	0.0	0.0	0.0
SRR22815779	140.0	7729.0	306.0	14.0	162.0	459.0	6112.0	13.0	460.0	119.0	194.0	0.0	179.0	21.0	35.0	0.0	0.0	40.0	0.0	47.0	0.0	0.0	0.0	0.0	0.0	0.0	0.0	0.0	0.0	0.0	0.0	0.0	0.0	0.0	0.0	0.0	0.0	0.0	0.0	0.0	0.0	0.0	0.0	0.0	0.0	0.0
SRR22815781	116.0	4954.0	673.0	5.0	261.0	305.0	6563.0	22.0	203.0	28.0	166.0	0.0	117.0	0.0	0.0	0.0	0.0	34.0	0.0	34.0	0.0	0.0	0.0	0.0	0.0	0.0	0.0	0.0	0.0	0.0	0.0	0.0	0.0	0.0	0.0	0.0	0.0	0.0	0.0	0.0	0.0	8.0	0.0	0.0	0.0	0.0
SRR22815798	614.0	7980.0	2198.0	30.0	591.0	1625.0	4010.0	25.0	306.0	755.0	318.0	52.0	504.0	0.0	151.0	0.0	0.0	0.0	0.0	112.0	0.0	0.0	0.0	0.0	0.0	38.0	0.0	0.0	0.0	0.0	0.0	0.0	0.0	0.0	0.0	0.0	0.0	44.0	0.0	0.0	0.0	0.0	0.0	69.0	0.0	0.0
SRR22815802	0.0	8913.0	2.0	0.0	0.0	0.0	2908.0	0.0	0.0	0.0	0.0	0.0	0.0	0.0	0.0	0.0	0.0	0.0	0.0	0.0	0.0	0.0	0.0	0.0	0.0	0.0	0.0	0.0	0.0	0.0	0.0	0.0	0.0	0.0	0.0	0.0	0.0	0.0	0.0	0.0	0.0	0.0	0.0	0.0	0.0	0.0
SRR22815812	147.0	40882.0	6743.0	0.0	1417.0	690.0	11808.0	0.0	360.0	0.0	140.0	71.0	38.0	47.0	200.0	0.0	0.0	0.0	0.0	101.0	0.0	0.0	0.0	0.0	0.0	0.0	0.0	0.0	0.0	0.0	0.0	0.0	0.0	0.0	0.0	0.0	0.0	57.0	0.0	0.0	0.0	0.0	0.0	0.0	0.0	0.0
SRR22815827	0.0	22694.0	3584.0	0.0	0.0	59.0	2128.0	0.0	0.0	0.0	0.0	0.0	0.0	0.0	0.0	0.0	0.0	0.0	0.0	0.0	0.0	0.0	0.0	0.0	0.0	0.0	0.0	0.0	0.0	0.0	0.0	0.0	0.0	0.0	0.0	0.0	0.0	0.0	0.0	0.0	0.0	0.0	0.0	0.0	0.0	0.0
SRR22815831	0.0	29300.0	3321.0	22.0	305.0	261.0	2631.0	0.0	0.0	0.0	0.0	96.0	0.0	144.0	0.0	0.0	0.0	0.0	0.0	0.0	0.0	0.0	0.0	0.0	0.0	0.0	0.0	0.0	0.0	0.0	0.0	0.0	0.0	0.0	0.0	0.0	0.0	0.0	0.0	0.0	0.0	0.0	0.0	0.0	0.0	0.0
SRR22815840	0.0	10931.0	2020.0	0.0	0.0	3.0	2643.0	0.0	0.0	0.0	0.0	0.0	5.0	117.0	0.0	0.0	0.0	0.0	0.0	2.0	0.0	0.0	0.0	0.0	0.0	0.0	0.0	0.0	0.0	0.0	0.0	0.0	0.0	0.0	0.0	0.0	0.0	0.0	0.0	0.0	0.0	0.0	0.0	0.0	0.0	0.0
SRR22815861	66.0	15077.0	556.0	0.0	124.0	197.0	2549.0	0.0	3.0	17.0	176.0	0.0	70.0	0.0	23.0	0.0	0.0	11.0	0.0	18.0	6.0	0.0	0.0	0.0	0.0	0.0	0.0	0.0	0.0	0.0	0.0	0.0	0.0	0.0	0.0	0.0	0.0	0.0	0.0	0.0	0.0	0.0	0.0	0.0	0.0	0.0
SRR22815918	0.0	15752.0	289.0	0.0	0.0	1116.0	1278.0	0.0	0.0	0.0	0.0	0.0	0.0	0.0	0.0	0.0	0.0	0.0	0.0	0.0	0.0	0.0	0.0	0.0	0.0	0.0	0.0	0.0	0.0	0.0	0.0	0.0	0.0	0.0	0.0	0.0	0.0	0.0	0.0	0.0	0.0	0.0	0.0	0.0	0.0	0.0
SRR22815937	0.0	25051.0	913.0	0.0	60.0	26.0	4348.0	0.0	0.0	0.0	0.0	36.0	0.0	83.0	0.0	0.0	0.0	0.0	0.0	12.0	0.0	0.0	0.0	0.0	0.0	0.0	0.0	0.0	0.0	0.0	0.0	0.0	0.0	0.0	0.0	0.0	0.0	0.0	0.0	0.0	0.0	0.0	0.0	0.0	0.0	0.0
SRR22815940	257.0	52649.0	4411.0	0.0	1204.0	205.0	10376.0	22.0	117.0	0.0	60.0	57.0	14.0	99.0	161.0	42.0	0.0	170.0	0.0	0.0	0.0	0.0	0.0	0.0	0.0	0.0	0.0	0.0	0.0	0.0	2.0	0.0	0.0	0.0	0.0	0.0	0.0	0.0	0.0	0.0	0.0	0.0	29.0	0.0	0.0	0.0
SRR22815944	0.0	20706.0	7033.0	0.0	843.0	703.0	10678.0	0.0	14.0	20.0	608.0	58.0	96.0	0.0	276.0	0.0	0.0	0.0	0.0	191.0	0.0	0.0	0.0	0.0	0.0	0.0	0.0	0.0	0.0	0.0	0.0	0.0	0.0	0.0	0.0	0.0	0.0	0.0	0.0	0.0	0.0	0.0	0.0	0.0	0.0	0.0
SRR22815954	0.0	16131.0	3762.0	0.0	10.0	57.0	6601.0	0.0	0.0	0.0	0.0	0.0	0.0	0.0	0.0	0.0	0.0	0.0	0.0	0.0	0.0	0.0	0.0	0.0	0.0	0.0	0.0	0.0	0.0	0.0	0.0	0.0	0.0	0.0	0.0	0.0	0.0	0.0	0.0	0.0	0.0	0.0	0.0	0.0	0.0	0.0
SRR22815955	0.0	11937.0	348.0	0.0	66.0	30.0	2825.0	0.0	62.0	0.0	117.0	3.0	46.0	0.0	5.0	0.0	0.0	16.0	0.0	0.0	0.0	0.0	0.0	0.0	0.0	0.0	0.0	0.0	0.0	0.0	0.0	0.0	0.0	0.0	0.0	0.0	0.0	0.0	0.0	0.0	0.0	0.0	0.0	0.0	0.0	0.0
SRR22815957	0.0	21626.0	658.0	0.0	0.0	0.0	870.0	23.0	0.0	0.0	0.0	0.0	0.0	0.0	0.0	0.0	0.0	0.0	0.0	0.0	0.0	0.0	0.0	0.0	0.0	0.0	0.0	0.0	0.0	0.0	0.0	0.0	0.0	0.0	0.0	0.0	0.0	0.0	0.0	0.0	0.0	0.0	0.0	0.0	0.0	0.0
SRR22815962	0.0	13187.0	433.0	0.0	0.0	50.0	2871.0	0.0	0.0	0.0	0.0	0.0	0.0	0.0	0.0	0.0	0.0	0.0	0.0	0.0	0.0	0.0	0.0	0.0	0.0	0.0	0.0	0.0	0.0	0.0	0.0	0.0	0.0	0.0	0.0	0.0	0.0	0.0	0.0	0.0	0.0	0.0	0.0	0.0	0.0	0.0
SRR22815964	0.0	12972.0	17.0	0.0	0.0	0.0	9082.0	0.0	0.0	0.0	0.0	0.0	0.0	0.0	0.0	0.0	0.0	0.0	0.0	0.0	0.0	0.0	0.0	0.0	2.0	0.0	0.0	0.0	0.0	0.0	0.0	0.0	0.0	0.0	0.0	0.0	0.0	0.0	0.0	0.0	0.0	0.0	0.0	0.0	0.0	0.0
SRR22815979	4.0	14178.0	2064.0	0.0	39.0	79.0	2686.0	0.0	0.0	0.0	6.0	0.0	0.0	0.0	0.0	0.0	0.0	0.0	0.0	8.0	0.0	0.0	0.0	0.0	0.0	0.0	0.0	0.0	0.0	0.0	0.0	0.0	0.0	0.0	0.0	0.0	0.0	11.0	0.0	0.0	0.0	0.0	0.0	0.0	0.0	0.0
SRR22815981	5.0	30034.0	4928.0	0.0	20.0	0.0	14807.0	0.0	6.0	34.0	28.0	0.0	0.0	0.0	0.0	0.0	0.0	0.0	0.0	0.0	0.0	0.0	0.0	0.0	0.0	0.0	0.0	0.0	0.0	0.0	0.0	0.0	0.0	0.0	0.0	0.0	0.0	0.0	0.0	0.0	0.0	0.0	0.0	0.0	0.0	0.0
SRR22815988	0.0	5054.0	350.0	0.0	0.0	0.0	5625.0	0.0	0.0	0.0	0.0	0.0	0.0	0.0	0.0	0.0	0.0	0.0	0.0	0.0	0.0	0.0	0.0	0.0	0.0	0.0	0.0	0.0	0.0	0.0	0.0	0.0	0.0	0.0	0.0	0.0	0.0	0.0	0.0	0.0	0.0	0.0	0.0	0.0	0.0	0.0
SRR22816000	443.0	44334.0	5999.0	0.0	376.0	17087.0	6752.0	0.0	69.0	570.0	51.0	367.0	33.0	95.0	0.0	150.0	0.0	0.0	0.0	74.0	0.0	0.0	0.0	0.0	0.0	0.0	0.0	0.0	0.0	0.0	0.0	0.0	0.0	0.0	0.0	0.0	0.0	0.0	0.0	0.0	0.0	0.0	0.0	0.0	0.0	0.0
SRR22816003	0.0	36902.0	4058.0	0.0	174.0	75.0	9256.0	0.0	9.0	0.0	10.0	11.0	0.0	333.0	0.0	0.0	0.0	0.0	0.0	0.0	0.0	0.0	0.0	0.0	0.0	0.0	0.0	0.0	0.0	0.0	0.0	0.0	0.0	0.0	0.0	0.0	0.0	0.0	0.0	0.0	0.0	0.0	0.0	0.0	0.0	0.0
SRR22816015	0.0	16896.0	81.0	0.0	0.0	45.0	2016.0	0.0	0.0	0.0	0.0	0.0	0.0	0.0	0.0	0.0	0.0	0.0	0.0	0.0	0.0	0.0	0.0	0.0	0.0	0.0	0.0	0.0	0.0	0.0	0.0	0.0	0.0	0.0	0.0	0.0	0.0	0.0	0.0	0.0	0.0	0.0	0.0	0.0	0.0	0.0
SRR22816016	0.0	43812.0	2499.0	0.0	60.0	164.0	9964.0	0.0	14.0	0.0	17.0	0.0	0.0	0.0	0.0	0.0	0.0	0.0	0.0	37.0	0.0	0.0	0.0	0.0	0.0	0.0	0.0	0.0	0.0	0.0	0.0	0.0	0.0	0.0	0.0	0.0	0.0	20.0	0.0	0.0	0.0	0.0	0.0	0.0	0.0	0.0
SRR22816017	0.0	33562.0	3778.0	0.0	0.0	54.0	7891.0	0.0	0.0	0.0	33.0	0.0	0.0	43.0	0.0	0.0	0.0	0.0	0.0	0.0	0.0	0.0	0.0	0.0	12.0	0.0	0.0	0.0	0.0	0.0	0.0	0.0	0.0	0.0	0.0	0.0	0.0	0.0	0.0	0.0	0.0	0.0	0.0	0.0	0.0	0.0
SRR22816025	10.0	9998.0	1996.0	0.0	64.0	0.0	4710.0	0.0	0.0	0.0	0.0	0.0	0.0	0.0	0.0	0.0	0.0	0.0	0.0	0.0	0.0	0.0	0.0	0.0	0.0	0.0	0.0	0.0	0.0	0.0	0.0	0.0	0.0	0.0	0.0	0.0	0.0	0.0	0.0	0.0	0.0	0.0	0.0	0.0	0.0	0.0
SRR22816032	0.0	12093.0	401.0	0.0	0.0	0.0	267.0	0.0	0.0	0.0	0.0	0.0	0.0	0.0	0.0	0.0	0.0	0.0	0.0	0.0	0.0	0.0	0.0	0.0	0.0	0.0	0.0	0.0	0.0	0.0	0.0	0.0	0.0	0.0	0.0	0.0	0.0	0.0	0.0	0.0	0.0	0.0	0.0	0.0	0.0	0.0
SRR22816033	16.0	20107.0	4630.0	0.0	73.0	62.0	6654.0	0.0	30.0	0.0	0.0	0.0	33.0	55.0	0.0	0.0	0.0	0.0	0.0	0.0	0.0	0.0	0.0	0.0	0.0	0.0	0.0	0.0	0.0	0.0	0.0	0.0	0.0	0.0	0.0	0.0	0.0	79.0	0.0	0.0	0.0	0.0	0.0	0.0	0.0	0.0
SRR22816055	278.0	47911.0	1794.0	0.0	875.0	3966.0	16460.0	0.0	455.0	0.0	1782.0	111.0	1278.0	0.0	0.0	0.0	0.0	0.0	0.0	0.0	0.0	0.0	0.0	0.0	0.0	0.0	0.0	0.0	0.0	0.0	0.0	0.0	0.0	0.0	0.0	0.0	0.0	0.0	0.0	0.0	0.0	0.0	0.0	0.0	0.0	0.0
SRR22816058	0.0	11324.0	887.0	0.0	0.0	0.0	3556.0	0.0	0.0	15.0	0.0	0.0	0.0	15.0	0.0	0.0	0.0	0.0	0.0	0.0	0.0	0.0	0.0	0.0	0.0	0.0	0.0	0.0	0.0	0.0	0.0	0.0	0.0	0.0	0.0	0.0	0.0	0.0	0.0	0.0	0.0	0.0	0.0	0.0	0.0	0.0
SRR22816063	0.0	24071.0	4067.0	0.0	0.0	32.0	2514.0	0.0	0.0	0.0	0.0	0.0	0.0	0.0	0.0	0.0	0.0	0.0	0.0	0.0	0.0	0.0	0.0	0.0	0.0	0.0	0.0	0.0	0.0	0.0	0.0	0.0	0.0	0.0	0.0	0.0	0.0	0.0	0.0	0.0	0.0	0.0	0.0	0.0	0.0	0.0
