#SampleID	d__Bacteria;p__Firmicutes	d__Bacteria;p__Actinobacteriota	d__Bacteria;p__Planctomycetota	d__Bacteria;p__Armatimonadota	d__Bacteria;p__Gemmatimonadota	d__Bacteria;p__Acidobacteriota	d__Bacteria;p__Proteobacteria	d__Bacteria;p__Myxococcota	d__Bacteria;p__Bdellovibrionota	d__Bacteria;p__Chloroflexi	d__Bacteria;p__Bacteroidota	d__Bacteria;p__Verrucomicrobiota	d__Bacteria;p__Patescibacteria	d__Bacteria;p__Desulfobacterota	d__Bacteria;p__Spirochaetota	d__Bacteria;p__WS4	d__Bacteria;p__Cyanobacteria	d__Bacteria;p__Fibrobacterota	d__Bacteria;p__Hydrogenedentes	d__Bacteria;p__Methylomirabilota	d__Bacteria;p__Elusimicrobiota	d__Bacteria;p__Latescibacterota	d__Bacteria;p__Nitrospirota	d__Bacteria;p__FCPU426	d__Bacteria;p__SAR324_clade(Marine_group_B)	d__Bacteria;p__Abditibacteriota	d__Bacteria;p__Sumerlaeota	d__Bacteria;p__Zixibacteria	d__Bacteria;p__Margulisbacteria	d__Bacteria;p__Entotheonellaeota	d__Bacteria;p__Cloacimonadota	d__Bacteria;p__Deferrisomatota	d__Bacteria;p__LCP-89	d__Bacteria;p__WPS-2	d__Bacteria;p__Campylobacterota	d__Bacteria;p__MBNT15	d__Bacteria;p__GAL15	d__Bacteria;p__WOR-1	d__Bacteria;p__WS2	d__Bacteria;p__Deinococcota	d__Bacteria;p__NB1-j	d__Bacteria;p__Dependentiae	d__Bacteria;p__CK-2C2-2	d__Bacteria;p__TX1A-33	d__Bacteria;p__WS1	d__Bacteria;p__Modulibacteria	d__Bacteria;p__DTB120	d__Bacteria;p__Sva0485
SRR9612324	263.0	1065.0	1417.0	204.0	2140.0	6464.0	3530.0	1883.0	43.0	1963.0	376.0	553.0	59.0	273.0	13.0	0.0	14.0	49.0	21.0	512.0	3.0	295.0	151.0	0.0	0.0	0.0	0.0	0.0	0.0	0.0	0.0	0.0	0.0	0.0	24.0	0.0	0.0	0.0	12.0	0.0	0.0	0.0	0.0	0.0	0.0	4.0	0.0	0.0
SRR9612325	509.0	709.0	1155.0	216.0	2091.0	4974.0	4326.0	3724.0	31.0	2691.0	781.0	714.0	57.0	280.0	12.0	11.0	46.0	42.0	25.0	252.0	16.0	224.0	75.0	0.0	0.0	0.0	34.0	2.0	0.0	7.0	0.0	0.0	0.0	0.0	6.0	0.0	0.0	0.0	3.0	0.0	9.0	0.0	0.0	0.0	0.0	0.0	0.0	0.0
SRR9612326	480.0	5406.0	3148.0	509.0	4563.0	10375.0	17110.0	4839.0	260.0	8605.0	2257.0	1748.0	93.0	1011.0	177.0	0.0	170.0	381.0	76.0	543.0	191.0	470.0	186.0	5.0	0.0	0.0	15.0	9.0	0.0	6.0	3.0	0.0	0.0	0.0	35.0	0.0	3.0	0.0	43.0	0.0	18.0	4.0	0.0	0.0	0.0	0.0	0.0	0.0
SRR9612327	918.0	2953.0	5333.0	865.0	5944.0	14277.0	10989.0	8209.0	70.0	6307.0	1590.0	1905.0	135.0	1123.0	58.0	73.0	256.0	145.0	82.0	1253.0	56.0	930.0	413.0	0.0	0.0	0.0	43.0	0.0	4.0	0.0	7.0	16.0	0.0	0.0	32.0	0.0	0.0	0.0	11.0	0.0	7.0	0.0	0.0	0.0	0.0	0.0	0.0	0.0
SRR9612328	299.0	1113.0	64.0	3.0	3.0	337.0	4437.0	6938.0	7.0	1287.0	835.0	72.0	52.0	2606.0	40.0	0.0	2.0	80.0	0.0	5.0	38.0	0.0	4.0	5.0	0.0	0.0	0.0	0.0	0.0	0.0	0.0	0.0	0.0	0.0	6.0	0.0	0.0	0.0	0.0	0.0	0.0	0.0	0.0	0.0	0.0	0.0	0.0	0.0
SRR9612329	85.0	6722.0	38.0	5.0	22.0	496.0	7657.0	5892.0	16.0	2775.0	771.0	121.0	20.0	811.0	72.0	0.0	2.0	625.0	0.0	3.0	22.0	3.0	0.0	0.0	0.0	0.0	0.0	0.0	0.0	0.0	0.0	0.0	0.0	0.0	0.0	0.0	0.0	0.0	0.0	0.0	0.0	0.0	0.0	0.0	0.0	0.0	0.0	0.0
SRR9612330	141.0	1413.0	1408.0	230.0	2163.0	6539.0	3017.0	2393.0	22.0	2194.0	238.0	544.0	29.0	279.0	5.0	0.0	18.0	40.0	29.0	810.0	17.0	467.0	355.0	0.0	0.0	0.0	7.0	7.0	0.0	0.0	0.0	0.0	0.0	0.0	0.0	0.0	0.0	0.0	5.0	0.0	13.0	0.0	0.0	0.0	0.0	0.0	0.0	0.0
SRR9612331	104.0	779.0	1032.0	150.0	2236.0	4285.0	4206.0	1430.0	33.0	1347.0	445.0	490.0	24.0	178.0	12.0	0.0	283.0	70.0	13.0	285.0	28.0	314.0	88.0	0.0	0.0	0.0	0.0	0.0	0.0	0.0	0.0	0.0	0.0	0.0	12.0	0.0	0.0	0.0	4.0	0.0	5.0	0.0	0.0	0.0	0.0	0.0	0.0	0.0
SRR9612332	208.0	683.0	34.0	5.0	75.0	368.0	5366.0	839.0	35.0	2761.0	986.0	307.0	3.0	106.0	0.0	0.0	3.0	638.0	0.0	0.0	35.0	5.0	0.0	0.0	0.0	0.0	0.0	0.0	0.0	0.0	0.0	0.0	0.0	0.0	5.0	0.0	0.0	0.0	0.0	0.0	0.0	0.0	0.0	0.0	0.0	0.0	0.0	0.0
SRR9612333	348.0	1045.0	5.0	0.0	9.0	519.0	6363.0	16619.0	18.0	1805.0	921.0	140.0	34.0	1165.0	64.0	0.0	4.0	130.0	0.0	0.0	31.0	0.0	14.0	0.0	0.0	0.0	0.0	0.0	0.0	0.0	0.0	0.0	0.0	0.0	0.0	0.0	0.0	0.0	0.0	0.0	0.0	0.0	0.0	0.0	0.0	0.0	0.0	0.0
SRR9612334	96.0	1371.0	904.0	109.0	2853.0	4569.0	4805.0	2036.0	63.0	1702.0	671.0	593.0	45.0	359.0	27.0	0.0	39.0	129.0	26.0	282.0	74.0	206.0	184.0	6.0	0.0	0.0	15.0	0.0	3.0	0.0	0.0	0.0	0.0	0.0	0.0	0.0	0.0	0.0	0.0	0.0	0.0	0.0	0.0	0.0	0.0	0.0	0.0	0.0
SRR9612335	239.0	1319.0	1381.0	275.0	3108.0	6688.0	5555.0	2620.0	27.0	2718.0	539.0	761.0	74.0	1015.0	14.0	4.0	48.0	35.0	43.0	518.0	60.0	292.0	412.0	4.0	0.0	0.0	0.0	21.0	0.0	4.0	0.0	0.0	0.0	0.0	10.0	0.0	0.0	0.0	11.0	3.0	6.0	0.0	0.0	0.0	0.0	0.0	0.0	0.0
SRR9612336	129.0	867.0	821.0	81.0	1959.0	3871.0	3430.0	913.0	12.0	1045.0	355.0	393.0	9.0	143.0	5.0	3.0	208.0	58.0	13.0	357.0	20.0	214.0	84.0	4.0	0.0	0.0	3.0	0.0	0.0	0.0	0.0	0.0	0.0	0.0	0.0	0.0	0.0	0.0	16.0	0.0	0.0	0.0	0.0	0.0	0.0	0.0	0.0	0.0
SRR9612337	115.0	1459.0	2315.0	193.0	3331.0	6746.0	4430.0	1668.0	68.0	2150.0	422.0	565.0	8.0	350.0	6.0	13.0	158.0	31.0	50.0	717.0	64.0	362.0	162.0	0.0	0.0	0.0	18.0	4.0	0.0	6.0	0.0	0.0	0.0	0.0	0.0	0.0	0.0	0.0	9.0	0.0	16.0	0.0	0.0	0.0	0.0	0.0	0.0	0.0
SRR9612338	134.0	817.0	973.0	120.0	1860.0	3877.0	3703.0	1136.0	34.0	1028.0	391.0	442.0	20.0	351.0	9.0	0.0	80.0	14.0	78.0	366.0	30.0	215.0	149.0	0.0	0.0	0.0	8.0	0.0	0.0	0.0	0.0	0.0	0.0	0.0	30.0	0.0	0.0	0.0	12.0	0.0	15.0	0.0	0.0	0.0	0.0	0.0	0.0	0.0
SRR9612339	64.0	1100.0	1034.0	157.0	2640.0	4026.0	4054.0	1390.0	46.0	1337.0	570.0	424.0	12.0	442.0	14.0	0.0	48.0	69.0	22.0	319.0	79.0	278.0	125.0	0.0	0.0	0.0	0.0	0.0	0.0	3.0	2.0	0.0	0.0	0.0	0.0	0.0	0.0	0.0	5.0	0.0	5.0	0.0	0.0	0.0	0.0	0.0	0.0	0.0
SRR9612340	158.0	824.0	1023.0	46.0	2509.0	4657.0	3198.0	1431.0	29.0	1245.0	234.0	598.0	41.0	171.0	13.0	0.0	35.0	42.0	19.0	273.0	17.0	102.0	83.0	0.0	0.0	0.0	6.0	0.0	0.0	0.0	0.0	0.0	0.0	0.0	6.0	0.0	0.0	0.0	0.0	3.0	0.0	0.0	0.0	0.0	0.0	0.0	0.0	0.0
SRR9612341	134.0	1625.0	1745.0	142.0	3354.0	7064.0	4664.0	1570.0	4.0	1548.0	498.0	669.0	10.0	316.0	0.0	10.0	45.0	56.0	13.0	400.0	39.0	167.0	49.0	0.0	0.0	0.0	8.0	0.0	0.0	4.0	0.0	0.0	0.0	0.0	0.0	0.0	0.0	0.0	14.0	0.0	0.0	0.0	0.0	0.0	0.0	0.0	0.0	0.0
SRR9612342	125.0	1421.0	2313.0	164.0	3187.0	6347.0	4798.0	1518.0	54.0	2361.0	381.0	764.0	36.0	464.0	0.0	18.0	0.0	32.0	21.0	671.0	22.0	442.0	104.0	0.0	0.0	0.0	0.0	0.0	3.0	0.0	0.0	0.0	0.0	0.0	5.0	0.0	0.0	0.0	3.0	0.0	7.0	0.0	0.0	0.0	0.0	0.0	0.0	0.0
SRR9612343	401.0	450.0	17.0	0.0	17.0	58.0	10217.0	13920.0	11.0	1065.0	356.0	47.0	14.0	47.0	9.0	0.0	5.0	127.0	0.0	0.0	19.0	0.0	0.0	0.0	0.0	0.0	0.0	2.0	0.0	0.0	0.0	0.0	0.0	0.0	138.0	0.0	0.0	0.0	0.0	0.0	0.0	0.0	0.0	0.0	0.0	0.0	0.0	0.0
SRR9612344	18.0	8209.0	28.0	6.0	67.0	104.0	2497.0	774.0	2.0	1075.0	418.0	161.0	0.0	0.0	5.0	0.0	13.0	597.0	0.0	4.0	0.0	3.0	0.0	0.0	0.0	0.0	0.0	0.0	0.0	0.0	0.0	0.0	0.0	0.0	0.0	0.0	0.0	0.0	0.0	0.0	0.0	0.0	0.0	0.0	0.0	0.0	0.0	0.0
SRR9612346	104.0	273.0	57.0	7.0	33.0	358.0	6195.0	4361.0	9.0	2063.0	628.0	130.0	11.0	57.0	35.0	0.0	4.0	403.0	0.0	7.0	0.0	12.0	4.0	0.0	0.0	0.0	0.0	0.0	0.0	0.0	0.0	0.0	0.0	0.0	73.0	0.0	0.0	0.0	2.0	0.0	0.0	0.0	0.0	0.0	0.0	0.0	0.0	0.0
SRR9612347	10.0	2523.0	29.0	5.0	0.0	86.0	6946.0	562.0	32.0	1354.0	408.0	128.0	0.0	0.0	9.0	0.0	0.0	232.0	0.0	0.0	0.0	0.0	0.0	0.0	0.0	0.0	0.0	0.0	0.0	0.0	0.0	0.0	0.0	0.0	0.0	0.0	0.0	0.0	0.0	0.0	0.0	0.0	0.0	0.0	0.0	0.0	0.0	0.0
SRR9612348	91.0	262.0	52.0	6.0	30.0	365.0	7416.0	4567.0	10.0	1719.0	670.0	217.0	18.0	32.0	124.0	0.0	29.0	349.0	0.0	0.0	13.0	0.0	2.0	0.0	0.0	0.0	0.0	0.0	0.0	0.0	0.0	0.0	0.0	0.0	0.0	0.0	0.0	0.0	0.0	0.0	0.0	0.0	0.0	0.0	0.0	0.0	0.0	0.0
SRR9612350	1450.0	1330.0	37.0	0.0	0.0	239.0	7875.0	4352.0	9.0	2025.0	658.0	109.0	17.0	1191.0	99.0	0.0	0.0	10.0	5.0	0.0	0.0	0.0	19.0	0.0	0.0	0.0	0.0	0.0	0.0	0.0	0.0	0.0	0.0	0.0	23142.0	0.0	0.0	0.0	0.0	0.0	0.0	0.0	0.0	0.0	0.0	0.0	0.0	0.0
SRR9612351	231.0	588.0	1123.0	158.0	1744.0	3979.0	3036.0	1640.0	10.0	1716.0	331.0	437.0	43.0	148.0	2.0	33.0	9.0	17.0	20.0	407.0	4.0	249.0	59.0	0.0	0.0	0.0	21.0	0.0	0.0	4.0	0.0	0.0	0.0	0.0	3.0	0.0	0.0	0.0	6.0	0.0	11.0	2.0	0.0	0.0	0.0	5.0	0.0	0.0
SRR9612352	1008.0	3168.0	63.0	12.0	5.0	544.0	9365.0	9987.0	31.0	2545.0	480.0	221.0	67.0	546.0	44.0	0.0	0.0	341.0	0.0	8.0	66.0	3.0	2.0	9.0	0.0	0.0	0.0	0.0	0.0	0.0	0.0	0.0	0.0	0.0	5255.0	0.0	0.0	0.0	0.0	0.0	0.0	0.0	0.0	0.0	0.0	4.0	0.0	0.0
SRR9612353	602.0	1908.0	46.0	12.0	37.0	498.0	11416.0	10757.0	53.0	2455.0	526.0	162.0	32.0	1229.0	75.0	0.0	3.0	172.0	2.0	8.0	22.0	18.0	13.0	0.0	0.0	0.0	0.0	6.0	0.0	0.0	0.0	0.0	0.0	0.0	875.0	0.0	0.0	0.0	0.0	0.0	0.0	0.0	0.0	0.0	0.0	0.0	0.0	0.0
SRR9612354	1948.0	2852.0	25.0	0.0	6.0	516.0	13778.0	8172.0	16.0	2217.0	834.0	199.0	3.0	499.0	24.0	0.0	0.0	110.0	0.0	0.0	9.0	0.0	2.0	31.0	0.0	0.0	0.0	0.0	0.0	0.0	0.0	0.0	0.0	0.0	0.0	0.0	0.0	0.0	0.0	0.0	0.0	0.0	0.0	0.0	0.0	0.0	0.0	0.0
SRR9612355	538.0	1387.0	35.0	0.0	11.0	530.0	9114.0	13800.0	12.0	2793.0	514.0	129.0	36.0	1209.0	59.0	0.0	2.0	79.0	0.0	4.0	29.0	0.0	32.0	0.0	0.0	0.0	0.0	5.0	0.0	0.0	0.0	0.0	0.0	0.0	1279.0	0.0	0.0	0.0	0.0	0.0	0.0	0.0	0.0	0.0	0.0	13.0	0.0	0.0
SRR9612356	29.0	1297.0	1691.0	209.0	3636.0	5671.0	3651.0	975.0	24.0	1340.0	383.0	522.0	7.0	68.0	0.0	0.0	43.0	22.0	18.0	273.0	5.0	107.0	57.0	0.0	0.0	0.0	9.0	0.0	0.0	4.0	0.0	0.0	0.0	0.0	0.0	0.0	0.0	0.0	5.0	0.0	0.0	0.0	0.0	0.0	0.0	0.0	0.0	0.0
SRR9612357	39.0	1062.0	1088.0	164.0	2147.0	3201.0	3969.0	679.0	60.0	1317.0	655.0	614.0	27.0	108.0	0.0	0.0	26.0	126.0	17.0	179.0	57.0	83.0	57.0	0.0	0.0	0.0	17.0	0.0	0.0	0.0	0.0	0.0	0.0	0.0	0.0	5.0	0.0	0.0	12.0	0.0	10.0	0.0	0.0	0.0	0.0	0.0	0.0	0.0
SRR9612358	52.0	231.0	843.0	162.0	2170.0	3508.0	2893.0	632.0	39.0	581.0	454.0	694.0	8.0	69.0	2.0	0.0	198.0	0.0	22.0	238.0	20.0	90.0	92.0	0.0	4.0	0.0	11.0	0.0	0.0	3.0	0.0	0.0	0.0	0.0	0.0	0.0	0.0	0.0	0.0	2.0	5.0	0.0	0.0	0.0	0.0	0.0	0.0	0.0
SRR9612363	33.0	1250.0	2102.0	147.0	2376.0	5726.0	3673.0	806.0	47.0	1383.0	575.0	1174.0	23.0	22.0	0.0	0.0	580.0	29.0	0.0	278.0	20.0	141.0	61.0	0.0	0.0	0.0	3.0	0.0	3.0	0.0	0.0	0.0	0.0	0.0	0.0	0.0	0.0	0.0	7.0	0.0	7.0	0.0	0.0	0.0	0.0	0.0	0.0	0.0
SRR9612364	391.0	617.0	976.0	155.0	1904.0	3316.0	2990.0	582.0	8.0	1377.0	455.0	473.0	6.0	68.0	0.0	0.0	775.0	19.0	12.0	231.0	15.0	119.0	44.0	0.0	0.0	0.0	5.0	0.0	0.0	0.0	0.0	0.0	0.0	0.0	0.0	0.0	0.0	0.0	6.0	5.0	8.0	0.0	0.0	0.0	0.0	0.0	0.0	0.0
SRR9612365	65.0	1157.0	1295.0	73.0	2686.0	4509.0	2386.0	887.0	46.0	1168.0	215.0	561.0	7.0	204.0	0.0	0.0	46.0	37.0	0.0	238.0	0.0	80.0	63.0	0.0	0.0	0.0	5.0	0.0	0.0	0.0	0.0	0.0	0.0	0.0	0.0	0.0	0.0	0.0	6.0	0.0	7.0	0.0	0.0	0.0	0.0	0.0	0.0	0.0
SRR9612366	62.0	1022.0	1346.0	199.0	2689.0	5470.0	4564.0	1877.0	16.0	2102.0	631.0	584.0	24.0	356.0	13.0	0.0	290.0	176.0	48.0	398.0	27.0	326.0	160.0	0.0	0.0	0.0	7.0	0.0	0.0	0.0	0.0	0.0	0.0	0.0	3.0	0.0	0.0	0.0	6.0	3.0	0.0	4.0	0.0	0.0	0.0	0.0	0.0	0.0
SRR9612367	143.0	1469.0	1530.0	275.0	3965.0	6582.0	5125.0	2637.0	26.0	2747.0	602.0	828.0	65.0	588.0	5.0	0.0	50.0	36.0	35.0	361.0	59.0	149.0	219.0	0.0	3.0	0.0	33.0	12.0	0.0	0.0	0.0	9.0	7.0	0.0	0.0	8.0	0.0	0.0	0.0	6.0	4.0	0.0	0.0	0.0	0.0	0.0	0.0	0.0
SRR9612368	440.0	2407.0	2802.0	395.0	5405.0	9033.0	8772.0	3667.0	73.0	3434.0	815.0	1168.0	46.0	736.0	17.0	53.0	53.0	87.0	50.0	604.0	74.0	318.0	323.0	2.0	0.0	0.0	12.0	0.0	0.0	0.0	0.0	0.0	0.0	0.0	17.0	0.0	9.0	0.0	0.0	3.0	14.0	0.0	4.0	11.0	4.0	0.0	0.0	0.0
SRR9612369	598.0	3013.0	2944.0	578.0	6101.0	10385.0	10557.0	3799.0	123.0	5391.0	1682.0	1678.0	67.0	641.0	22.0	33.0	81.0	256.0	54.0	857.0	175.0	521.0	231.0	0.0	0.0	4.0	7.0	4.0	0.0	5.0	4.0	9.0	0.0	0.0	34.0	0.0	0.0	0.0	41.0	0.0	11.0	8.0	0.0	0.0	0.0	0.0	0.0	0.0
SRR9612370	204.0	1006.0	1445.0	146.0	2836.0	5170.0	4924.0	1225.0	29.0	1668.0	729.0	943.0	4.0	137.0	6.0	0.0	104.0	132.0	25.0	288.0	29.0	174.0	51.0	4.0	0.0	0.0	4.0	0.0	0.0	3.0	0.0	0.0	0.0	0.0	2.0	0.0	0.0	0.0	12.0	2.0	5.0	0.0	0.0	0.0	0.0	0.0	0.0	0.0
SRR9612371	568.0	2919.0	5109.0	690.0	5919.0	13615.0	7474.0	4227.0	36.0	5425.0	642.0	1441.0	91.0	1101.0	17.0	70.0	30.0	11.0	62.0	904.0	61.0	446.0	272.0	0.0	0.0	0.0	26.0	15.0	0.0	3.0	6.0	16.0	10.0	0.0	0.0	0.0	0.0	0.0	19.0	3.0	20.0	0.0	0.0	0.0	1.0	4.0	0.0	0.0
SRR9612372	751.0	2638.0	547.0	50.0	85.0	580.0	17567.0	14780.0	106.0	2774.0	3597.0	400.0	23.0	305.0	33.0	0.0	37.0	1122.0	0.0	0.0	70.0	5.0	0.0	2.0	0.0	0.0	0.0	0.0	0.0	0.0	3.0	0.0	0.0	0.0	61.0	0.0	0.0	0.0	0.0	0.0	0.0	0.0	0.0	0.0	0.0	0.0	0.0	0.0
SRR9612373	158.0	1913.0	21.0	7.0	54.0	528.0	7024.0	8526.0	31.0	2404.0	1058.0	180.0	5.0	45.0	35.0	0.0	0.0	326.0	0.0	6.0	25.0	6.0	0.0	0.0	0.0	0.0	0.0	0.0	0.0	0.0	0.0	0.0	0.0	0.0	30.0	0.0	0.0	0.0	0.0	0.0	0.0	0.0	0.0	0.0	0.0	0.0	0.0	0.0
SRR9612374	0.0	14985.0	39.0	0.0	23.0	301.0	6922.0	1752.0	169.0	1873.0	925.0	27.0	0.0	10.0	0.0	0.0	0.0	293.0	0.0	0.0	110.0	0.0	0.0	0.0	0.0	0.0	4.0	0.0	0.0	0.0	0.0	0.0	0.0	0.0	0.0	0.0	0.0	0.0	0.0	0.0	0.0	0.0	0.0	0.0	0.0	0.0	0.0	0.0
SRR9612375	408.0	2361.0	130.0	16.0	127.0	1415.0	16526.0	8921.0	109.0	2571.0	1664.0	307.0	21.0	1778.0	216.0	0.0	22.0	281.0	16.0	5.0	35.0	11.0	5.0	0.0	0.0	0.0	0.0	0.0	0.0	0.0	0.0	0.0	0.0	0.0	193.0	3.0	0.0	0.0	0.0	0.0	0.0	0.0	0.0	0.0	0.0	0.0	0.0	0.0
SRR9612376	1227.0	1356.0	271.0	3.0	17.0	644.0	7984.0	8625.0	31.0	2134.0	1195.0	246.0	30.0	1646.0	72.0	0.0	25.0	1135.0	0.0	0.0	417.0	0.0	3.0	4.0	0.0	0.0	0.0	0.0	0.0	0.0	0.0	0.0	0.0	0.0	224.0	0.0	0.0	0.0	0.0	0.0	0.0	0.0	0.0	0.0	0.0	0.0	0.0	0.0
SRR9612377	185.0	3470.0	96.0	7.0	41.0	895.0	7658.0	3049.0	47.0	2112.0	690.0	277.0	2.0	51.0	30.0	0.0	7.0	815.0	0.0	8.0	37.0	0.0	0.0	0.0	0.0	0.0	0.0	0.0	0.0	0.0	0.0	0.0	0.0	0.0	0.0	0.0	0.0	0.0	0.0	0.0	0.0	0.0	0.0	0.0	0.0	0.0	0.0	0.0
SRR9612378	64.0	8768.0	186.0	21.0	79.0	1061.0	7204.0	3967.0	35.0	5802.0	1525.0	159.0	0.0	30.0	44.0	0.0	0.0	639.0	0.0	8.0	181.0	0.0	0.0	0.0	0.0	0.0	3.0	0.0	0.0	0.0	0.0	0.0	0.0	0.0	0.0	0.0	0.0	0.0	2.0	0.0	0.0	0.0	0.0	0.0	0.0	0.0	0.0	0.0
SRR9612379	117.0	1170.0	82.0	9.0	29.0	387.0	5808.0	6595.0	33.0	2882.0	769.0	238.0	34.0	79.0	141.0	0.0	0.0	670.0	0.0	7.0	32.0	3.0	4.0	0.0	0.0	0.0	0.0	0.0	0.0	0.0	0.0	0.0	0.0	0.0	4.0	0.0	0.0	0.0	0.0	0.0	0.0	0.0	0.0	0.0	0.0	0.0	0.0	0.0
SRR9612380	164.0	914.0	1011.0	107.0	2190.0	4195.0	3466.0	1515.0	24.0	1132.0	394.0	352.0	21.0	360.0	2.0	0.0	17.0	26.0	6.0	392.0	26.0	167.0	112.0	0.0	0.0	0.0	19.0	0.0	0.0	0.0	0.0	0.0	0.0	0.0	11.0	0.0	0.0	0.0	0.0	0.0	0.0	0.0	0.0	0.0	0.0	0.0	0.0	0.0
SRR9612381	205.0	1351.0	95.0	2.0	27.0	448.0	9341.0	7136.0	19.0	2482.0	976.0	274.0	6.0	532.0	86.0	0.0	2.0	455.0	7.0	3.0	40.0	9.0	4.0	2.0	0.0	0.0	0.0	0.0	0.0	0.0	0.0	0.0	0.0	0.0	0.0	0.0	0.0	0.0	0.0	0.0	6.0	0.0	0.0	0.0	0.0	0.0	0.0	0.0
SRR9612382	108.0	1677.0	2642.0	313.0	3928.0	8761.0	4719.0	1634.0	26.0	3124.0	488.0	917.0	6.0	125.0	0.0	0.0	132.0	38.0	52.0	701.0	66.0	356.0	111.0	0.0	0.0	0.0	18.0	0.0	0.0	0.0	0.0	0.0	0.0	0.0	0.0	0.0	0.0	0.0	11.0	0.0	17.0	0.0	0.0	0.0	0.0	0.0	0.0	0.0
SRR9612384	3048.0	799.0	108.0	5.0	57.0	829.0	18444.0	19271.0	20.0	3207.0	1115.0	912.0	11.0	368.0	45.0	0.0	126.0	113.0	7.0	27.0	24.0	11.0	17.0	0.0	0.0	0.0	0.0	0.0	0.0	0.0	0.0	0.0	0.0	0.0	155.0	0.0	0.0	0.0	0.0	0.0	0.0	2.0	0.0	0.0	0.0	0.0	0.0	0.0
SRR9612385	67.0	8256.0	155.0	0.0	67.0	1549.0	5906.0	4749.0	28.0	7533.0	1527.0	629.0	19.0	60.0	74.0	0.0	10.0	1141.0	0.0	0.0	121.0	10.0	0.0	0.0	0.0	0.0	0.0	0.0	0.0	0.0	0.0	0.0	0.0	0.0	17.0	0.0	0.0	0.0	0.0	0.0	0.0	0.0	0.0	0.0	0.0	2.0	0.0	0.0
SRR9612386	101.0	1459.0	3070.0	230.0	3430.0	9457.0	4988.0	1380.0	39.0	2723.0	653.0	704.0	23.0	193.0	0.0	0.0	8.0	51.0	107.0	1203.0	126.0	463.0	119.0	7.0	0.0	0.0	11.0	9.0	0.0	0.0	0.0	0.0	0.0	0.0	0.0	0.0	0.0	0.0	10.0	0.0	9.0	0.0	0.0	0.0	2.0	0.0	0.0	0.0
SRR9612387	251.0	2279.0	1498.0	101.0	3974.0	3339.0	3289.0	587.0	6.0	2558.0	657.0	271.0	6.0	37.0	6.0	0.0	25.0	0.0	18.0	95.0	0.0	45.0	18.0	0.0	0.0	0.0	10.0	0.0	0.0	0.0	0.0	0.0	0.0	0.0	0.0	0.0	0.0	0.0	0.0	7.0	0.0	0.0	0.0	0.0	0.0	0.0	0.0	0.0
SRR9612388	47.0	2062.0	873.0	115.0	4013.0	3027.0	2835.0	370.0	9.0	1067.0	399.0	260.0	2.0	0.0	2.0	0.0	13.0	26.0	0.0	71.0	2.0	51.0	9.0	0.0	0.0	0.0	9.0	0.0	3.0	0.0	0.0	0.0	0.0	0.0	0.0	0.0	0.0	0.0	0.0	8.0	0.0	0.0	0.0	0.0	0.0	0.0	0.0	0.0
SRR9612389	211.0	1767.0	56.0	12.0	33.0	537.0	6886.0	17212.0	4.0	1604.0	509.0	110.0	2.0	223.0	19.0	0.0	0.0	287.0	0.0	4.0	6.0	6.0	35.0	0.0	0.0	0.0	0.0	0.0	0.0	0.0	0.0	0.0	0.0	0.0	5.0	0.0	0.0	0.0	0.0	0.0	0.0	0.0	0.0	0.0	0.0	0.0	0.0	0.0
SRR9612390	43.0	1753.0	1908.0	153.0	3142.0	7387.0	3511.0	1617.0	8.0	2231.0	325.0	492.0	13.0	197.0	2.0	10.0	32.0	37.0	20.0	487.0	14.0	475.0	147.0	6.0	0.0	0.0	16.0	0.0	0.0	0.0	0.0	0.0	0.0	0.0	0.0	0.0	0.0	0.0	9.0	0.0	0.0	0.0	0.0	0.0	0.0	0.0	0.0	0.0
SRR9612391	493.0	1391.0	2568.0	400.0	2982.0	8227.0	4567.0	2344.0	49.0	2736.0	293.0	620.0	78.0	420.0	10.0	47.0	41.0	48.0	44.0	532.0	50.0	282.0	149.0	0.0	0.0	0.0	58.0	22.0	2.0	0.0	0.0	16.0	0.0	0.0	0.0	0.0	0.0	0.0	10.0	0.0	8.0	0.0	0.0	0.0	5.0	0.0	0.0	0.0
SRR9612392	142.0	1844.0	3349.0	402.0	3619.0	8160.0	6027.0	2093.0	81.0	2333.0	1136.0	1001.0	38.0	350.0	21.0	0.0	24.0	88.0	121.0	924.0	74.0	602.0	112.0	0.0	0.0	0.0	18.0	0.0	0.0	3.0	0.0	0.0	0.0	0.0	0.0	0.0	0.0	0.0	6.0	0.0	0.0	3.0	0.0	0.0	0.0	0.0	0.0	0.0
SRR9612393	51.0	1012.0	1290.0	200.0	3534.0	5691.0	5387.0	1600.0	56.0	2031.0	590.0	660.0	17.0	173.0	19.0	0.0	40.0	162.0	18.0	201.0	26.0	159.0	109.0	0.0	0.0	0.0	11.0	0.0	0.0	0.0	0.0	0.0	0.0	0.0	4.0	0.0	0.0	0.0	8.0	0.0	10.0	0.0	0.0	0.0	0.0	0.0	0.0	0.0
SRR9612394	23.0	665.0	89.0	0.0	30.0	354.0	6925.0	1416.0	61.0	1823.0	1046.0	265.0	18.0	137.0	61.0	0.0	14.0	1627.0	0.0	0.0	41.0	0.0	5.0	3.0	0.0	0.0	0.0	0.0	0.0	0.0	0.0	0.0	0.0	0.0	0.0	0.0	0.0	0.0	0.0	0.0	0.0	0.0	0.0	0.0	0.0	0.0	0.0	0.0
SRR9612395	35.0	745.0	35.0	6.0	31.0	327.0	4283.0	4028.0	14.0	996.0	280.0	244.0	4.0	137.0	16.0	0.0	3.0	338.0	0.0	0.0	76.0	0.0	11.0	0.0	0.0	0.0	0.0	0.0	0.0	0.0	0.0	0.0	0.0	0.0	8.0	0.0	0.0	0.0	0.0	0.0	0.0	0.0	0.0	0.0	0.0	0.0	0.0	0.0
SRR9612396	231.0	1341.0	16.0	0.0	10.0	147.0	2707.0	11066.0	6.0	750.0	414.0	66.0	6.0	409.0	19.0	0.0	0.0	69.0	0.0	4.0	2.0	0.0	3.0	0.0	0.0	0.0	0.0	0.0	0.0	0.0	0.0	0.0	0.0	0.0	13.0	0.0	0.0	0.0	0.0	0.0	0.0	0.0	0.0	0.0	0.0	0.0	0.0	0.0
SRR9612397	13343.0	1708.0	70.0	7.0	3.0	225.0	4041.0	4126.0	0.0	1598.0	575.0	145.0	7.0	104.0	41.0	0.0	0.0	778.0	0.0	0.0	27.0	0.0	2.0	4.0	0.0	0.0	0.0	0.0	0.0	0.0	0.0	0.0	0.0	0.0	4915.0	0.0	0.0	0.0	0.0	0.0	0.0	0.0	0.0	0.0	0.0	0.0	0.0	0.0
SRR9612398	458.0	1079.0	1919.0	242.0	2463.0	6294.0	3680.0	2977.0	35.0	2274.0	490.0	790.0	48.0	557.0	29.0	0.0	55.0	65.0	21.0	568.0	18.0	448.0	161.0	0.0	0.0	0.0	16.0	0.0	0.0	5.0	0.0	0.0	0.0	0.0	0.0	0.0	0.0	0.0	0.0	0.0	7.0	0.0	0.0	0.0	0.0	0.0	0.0	0.0
SRR9612399	475.0	1135.0	2439.0	294.0	2631.0	6909.0	4273.0	3054.0	28.0	3719.0	577.0	955.0	134.0	327.0	28.0	74.0	164.0	32.0	42.0	595.0	22.0	243.0	139.0	0.0	0.0	2.0	23.0	16.0	0.0	3.0	0.0	0.0	0.0	0.0	0.0	0.0	3.0	3.0	15.0	2.0	7.0	0.0	0.0	0.0	0.0	0.0	0.0	0.0
SRR9612400	146.0	2510.0	4267.0	756.0	9282.0	10628.0	12220.0	2990.0	309.0	3337.0	1588.0	1820.0	66.0	388.0	24.0	0.0	86.0	159.0	55.0	717.0	145.0	361.0	222.0	0.0	0.0	0.0	27.0	0.0	2.0	6.0	0.0	7.0	0.0	0.0	3.0	0.0	0.0	0.0	20.0	4.0	14.0	0.0	0.0	16.0	0.0	0.0	0.0	0.0
SRR9612401	4.0	1218.0	29.0	8.0	43.0	180.0	5198.0	1788.0	142.0	2088.0	1657.0	181.0	5.0	0.0	2.0	0.0	12.0	392.0	0.0	0.0	7.0	0.0	0.0	0.0	0.0	0.0	0.0	0.0	0.0	0.0	0.0	0.0	0.0	0.0	0.0	0.0	0.0	0.0	2.0	0.0	0.0	0.0	0.0	0.0	0.0	0.0	0.0	0.0
SRR9612402	185.0	4223.0	4005.0	493.0	7184.0	9440.0	9305.0	2188.0	218.0	4098.0	1265.0	1288.0	47.0	69.0	8.0	0.0	391.0	33.0	45.0	499.0	66.0	227.0	165.0	0.0	0.0	0.0	42.0	0.0	5.0	0.0	0.0	0.0	0.0	0.0	5.0	0.0	0.0	0.0	25.0	0.0	42.0	3.0	0.0	0.0	0.0	0.0	0.0	0.0
SRR9612403	522.0	2596.0	4588.0	761.0	8391.0	10681.0	9719.0	3995.0	281.0	4377.0	1378.0	2158.0	70.0	520.0	13.0	57.0	128.0	167.0	88.0	572.0	70.0	143.0	192.0	0.0	0.0	0.0	35.0	0.0	0.0	0.0	0.0	0.0	0.0	8.0	7.0	0.0	0.0	0.0	4.0	36.0	19.0	5.0	0.0	0.0	0.0	0.0	0.0	0.0
SRR9612404	127.0	4934.0	6909.0	690.0	9622.0	14136.0	8757.0	2915.0	168.0	5013.0	1361.0	1764.0	64.0	69.0	0.0	43.0	91.0	62.0	30.0	935.0	72.0	283.0	171.0	0.0	0.0	0.0	93.0	0.0	0.0	0.0	0.0	0.0	0.0	0.0	0.0	0.0	0.0	0.0	20.0	3.0	27.0	0.0	0.0	0.0	0.0	0.0	0.0	0.0
SRR9612405	94.0	3282.0	3260.0	448.0	6063.0	7892.0	12747.0	1628.0	185.0	3544.0	1450.0	1732.0	8.0	35.0	5.0	11.0	459.0	44.0	19.0	402.0	74.0	145.0	140.0	0.0	4.0	5.0	27.0	0.0	3.0	4.0	0.0	0.0	0.0	0.0	0.0	0.0	0.0	0.0	18.0	0.0	10.0	18.0	0.0	0.0	0.0	0.0	0.0	0.0
SRR9612406	1281.0	2516.0	71.0	3.0	0.0	218.0	12588.0	3483.0	113.0	1035.0	1463.0	209.0	14.0	542.0	63.0	0.0	0.0	277.0	0.0	0.0	135.0	5.0	5.0	8.0	0.0	0.0	0.0	0.0	0.0	0.0	0.0	0.0	0.0	0.0	0.0	0.0	0.0	0.0	0.0	0.0	0.0	0.0	0.0	0.0	0.0	0.0	0.0	0.0
SRR9612407	288.0	1854.0	23.0	3.0	21.0	389.0	9422.0	13211.0	26.0	2046.0	748.0	30.0	55.0	998.0	50.0	0.0	0.0	51.0	0.0	0.0	82.0	0.0	12.0	10.0	0.0	0.0	0.0	0.0	0.0	0.0	0.0	0.0	0.0	0.0	8.0	0.0	0.0	0.0	0.0	0.0	0.0	0.0	0.0	0.0	0.0	5.0	0.0	0.0
SRR9612408	28.0	540.0	36.0	3.0	28.0	314.0	18178.0	1170.0	29.0	2789.0	767.0	360.0	12.0	25.0	60.0	0.0	2.0	462.0	0.0	0.0	4.0	0.0	3.0	0.0	0.0	0.0	0.0	0.0	0.0	0.0	0.0	0.0	0.0	0.0	0.0	0.0	0.0	0.0	0.0	0.0	0.0	0.0	0.0	0.0	0.0	0.0	0.0	0.0
SRR9612409	245.0	3681.0	2797.0	353.0	7052.0	9657.0	7044.0	2398.0	119.0	3110.0	1117.0	1188.0	37.0	321.0	0.0	10.0	787.0	92.0	33.0	432.0	87.0	318.0	204.0	0.0	0.0	0.0	16.0	0.0	0.0	4.0	0.0	0.0	0.0	0.0	94.0	0.0	0.0	0.0	18.0	0.0	6.0	2.0	0.0	0.0	0.0	0.0	0.0	0.0
SRR9612410	1786.0	2166.0	57.0	2.0	12.0	853.0	13899.0	7677.0	31.0	3355.0	683.0	232.0	124.0	3397.0	155.0	0.0	12.0	428.0	0.0	5.0	98.0	11.0	15.0	20.0	0.0	0.0	0.0	0.0	0.0	0.0	0.0	0.0	0.0	0.0	318.0	0.0	0.0	0.0	0.0	0.0	0.0	0.0	0.0	0.0	0.0	0.0	0.0	0.0
SRR9612411	9.0	1967.0	32.0	15.0	81.0	320.0	11821.0	1269.0	64.0	2621.0	1100.0	273.0	2.0	7.0	0.0	0.0	4.0	1062.0	0.0	0.0	9.0	2.0	4.0	0.0	0.0	0.0	0.0	0.0	0.0	0.0	0.0	0.0	0.0	0.0	0.0	0.0	0.0	0.0	2.0	0.0	0.0	0.0	0.0	0.0	0.0	0.0	0.0	0.0
SRR9612412	868.0	814.0	29.0	0.0	16.0	273.0	7782.0	1466.0	3.0	630.0	777.0	110.0	3.0	53.0	33.0	0.0	4.0	286.0	0.0	0.0	33.0	0.0	0.0	0.0	0.0	0.0	0.0	0.0	0.0	0.0	0.0	0.0	0.0	0.0	0.0	0.0	0.0	0.0	0.0	0.0	0.0	0.0	0.0	0.0	0.0	0.0	0.0	0.0
SRR9612413	138.0	4684.0	2359.0	297.0	6797.0	4756.0	4217.0	825.0	14.0	2255.0	666.0	825.0	2.0	73.0	0.0	0.0	6.0	37.0	17.0	373.0	5.0	74.0	18.0	0.0	0.0	0.0	0.0	0.0	0.0	0.0	0.0	0.0	0.0	0.0	0.0	0.0	0.0	0.0	4.0	0.0	10.0	0.0	0.0	0.0	0.0	0.0	0.0	0.0
SRR9612414	133.0	2088.0	2159.0	215.0	5175.0	8223.0	5103.0	2197.0	72.0	1895.0	557.0	646.0	39.0	211.0	6.0	0.0	141.0	35.0	32.0	547.0	34.0	326.0	95.0	0.0	0.0	0.0	11.0	0.0	0.0	2.0	0.0	0.0	0.0	0.0	0.0	0.0	0.0	0.0	7.0	0.0	6.0	0.0	0.0	0.0	0.0	0.0	0.0	0.0
SRR9612415	535.0	1234.0	53.0	0.0	15.0	522.0	4042.0	5706.0	0.0	2046.0	912.0	179.0	3.0	126.0	35.0	0.0	0.0	310.0	0.0	0.0	3.0	0.0	5.0	4.0	0.0	0.0	0.0	0.0	0.0	0.0	0.0	0.0	0.0	0.0	0.0	0.0	0.0	0.0	0.0	0.0	0.0	0.0	0.0	0.0	0.0	0.0	0.0	0.0
SRR9612417	93.0	1108.0	1372.0	87.0	2292.0	4352.0	2691.0	942.0	20.0	853.0	212.0	472.0	26.0	80.0	6.0	0.0	32.0	13.0	0.0	348.0	9.0	194.0	95.0	0.0	0.0	0.0	0.0	0.0	0.0	0.0	0.0	0.0	0.0	0.0	0.0	0.0	0.0	0.0	4.0	0.0	4.0	0.0	0.0	0.0	0.0	0.0	0.0	0.0
SRR9612418	47.0	1521.0	1529.0	130.0	3586.0	4533.0	3196.0	897.0	20.0	998.0	384.0	521.0	3.0	46.0	0.0	0.0	2.0	57.0	15.0	226.0	32.0	161.0	57.0	0.0	0.0	0.0	0.0	0.0	0.0	0.0	0.0	0.0	0.0	0.0	0.0	0.0	0.0	0.0	11.0	0.0	4.0	0.0	0.0	0.0	0.0	0.0	0.0	0.0
SRR9612419	180.0	1712.0	1826.0	154.0	4780.0	6790.0	4764.0	1844.0	38.0	1398.0	347.0	752.0	17.0	117.0	0.0	22.0	20.0	19.0	14.0	395.0	15.0	196.0	148.0	0.0	0.0	0.0	12.0	0.0	0.0	0.0	0.0	0.0	0.0	0.0	0.0	0.0	0.0	0.0	0.0	0.0	6.0	0.0	0.0	0.0	0.0	0.0	0.0	0.0
SRR9612420	129.0	1561.0	1336.0	165.0	3202.0	5526.0	3886.0	2075.0	17.0	1451.0	451.0	618.0	16.0	277.0	5.0	0.0	5.0	18.0	7.0	376.0	26.0	165.0	105.0	0.0	0.0	0.0	4.0	0.0	0.0	0.0	0.0	0.0	0.0	0.0	23.0	0.0	0.0	0.0	5.0	0.0	8.0	0.0	0.0	0.0	0.0	0.0	0.0	0.0
SRR9612421	1110.0	5302.0	237.0	23.0	10.0	1450.0	11001.0	14600.0	37.0	2169.0	2405.0	305.0	18.0	746.0	107.0	0.0	23.0	1313.0	0.0	3.0	61.0	0.0	8.0	0.0	0.0	0.0	0.0	0.0	0.0	0.0	0.0	0.0	0.0	0.0	933.0	0.0	0.0	0.0	0.0	0.0	0.0	0.0	0.0	0.0	0.0	0.0	0.0	0.0
SRR9612422	170.0	2038.0	4776.0	358.0	4300.0	12034.0	5820.0	2231.0	27.0	3755.0	566.0	1308.0	48.0	327.0	6.0	31.0	65.0	28.0	59.0	1158.0	39.0	410.0	202.0	0.0	0.0	0.0	35.0	0.0	0.0	5.0	2.0	0.0	0.0	0.0	0.0	0.0	0.0	0.0	13.0	0.0	19.0	0.0	0.0	0.0	0.0	0.0	0.0	0.0
SRR9612423	139.0	1886.0	2897.0	388.0	3522.0	9866.0	6562.0	1763.0	92.0	3010.0	878.0	1176.0	50.0	205.0	10.0	14.0	75.0	56.0	47.0	929.0	170.0	456.0	96.0	0.0	0.0	0.0	16.0	0.0	0.0	6.0	0.0	0.0	0.0	0.0	0.0	0.0	0.0	0.0	44.0	0.0	24.0	0.0	0.0	0.0	0.0	0.0	0.0	0.0
SRR9612426	124.0	694.0	58.0	14.0	72.0	693.0	7096.0	1065.0	6.0	4964.0	851.0	602.0	0.0	126.0	15.0	0.0	9.0	1179.0	0.0	0.0	27.0	7.0	0.0	0.0	0.0	0.0	5.0	0.0	0.0	0.0	0.0	0.0	0.0	0.0	8.0	0.0	0.0	0.0	0.0	0.0	0.0	0.0	0.0	0.0	0.0	0.0	0.0	0.0
SRR9612428	3713.0	961.0	9.0	0.0	26.0	425.0	15874.0	2332.0	5.0	397.0	1183.0	115.0	0.0	185.0	5.0	2.0	8.0	0.0	0.0	0.0	13.0	0.0	0.0	0.0	0.0	0.0	0.0	0.0	0.0	0.0	0.0	0.0	0.0	0.0	432.0	0.0	0.0	0.0	0.0	0.0	0.0	0.0	0.0	0.0	0.0	0.0	0.0	0.0
SRR9612429	2.0	289.0	14.0	0.0	15.0	141.0	7821.0	869.0	67.0	768.0	492.0	109.0	0.0	6.0	18.0	0.0	2.0	233.0	0.0	0.0	23.0	0.0	0.0	0.0	0.0	0.0	0.0	0.0	0.0	0.0	0.0	0.0	0.0	0.0	0.0	0.0	0.0	0.0	0.0	0.0	0.0	0.0	0.0	0.0	0.0	0.0	0.0	0.0
SRR9612433	22.0	1348.0	1548.0	156.0	3259.0	5021.0	3419.0	842.0	23.0	1322.0	273.0	515.0	7.0	24.0	5.0	0.0	23.0	25.0	23.0	301.0	43.0	112.0	63.0	0.0	0.0	0.0	0.0	0.0	0.0	0.0	0.0	0.0	0.0	0.0	0.0	2.0	0.0	0.0	14.0	0.0	0.0	4.0	0.0	0.0	0.0	0.0	0.0	0.0
SRR9612434	66.0	1304.0	1684.0	172.0	3243.0	6758.0	3846.0	1405.0	44.0	1902.0	304.0	426.0	18.0	147.0	6.0	30.0	20.0	42.0	14.0	359.0	10.0	73.0	136.0	0.0	0.0	0.0	16.0	2.0	0.0	0.0	5.0	0.0	0.0	0.0	0.0	0.0	0.0	0.0	3.0	0.0	4.0	0.0	0.0	0.0	0.0	0.0	0.0	0.0
SRR9612435	92.0	749.0	1448.0	71.0	2276.0	5452.0	3235.0	930.0	12.0	1354.0	224.0	563.0	14.0	230.0	3.0	11.0	21.0	34.0	24.0	269.0	27.0	88.0	109.0	0.0	0.0	0.0	0.0	0.0	0.0	7.0	5.0	0.0	0.0	0.0	0.0	0.0	0.0	0.0	7.0	0.0	0.0	0.0	0.0	0.0	0.0	0.0	0.0	0.0
SRR9612436	73.0	1007.0	1582.0	99.0	2432.0	5507.0	2731.0	807.0	20.0	1493.0	291.0	514.0	10.0	73.0	3.0	11.0	154.0	32.0	16.0	288.0	9.0	112.0	59.0	0.0	0.0	0.0	0.0	0.0	0.0	0.0	0.0	0.0	0.0	0.0	0.0	0.0	0.0	0.0	0.0	4.0	7.0	0.0	0.0	0.0	0.0	0.0	0.0	0.0
SRR9612440	614.0	868.0	0.0	2.0	4.0	190.0	2951.0	7461.0	51.0	443.0	261.0	40.0	0.0	17.0	29.0	0.0	15.0	86.0	0.0	0.0	0.0	2.0	0.0	8.0	0.0	0.0	0.0	0.0	0.0	0.0	0.0	0.0	0.0	0.0	0.0	0.0	0.0	0.0	0.0	0.0	0.0	0.0	0.0	0.0	0.0	0.0	0.0	0.0
SRR9612442	153.0	1579.0	1010.0	89.0	2392.0	2123.0	2563.0	476.0	0.0	1013.0	232.0	257.0	10.0	61.0	17.0	21.0	10.0	0.0	20.0	87.0	6.0	53.0	55.0	0.0	0.0	0.0	11.0	0.0	0.0	0.0	0.0	0.0	0.0	0.0	0.0	0.0	0.0	0.0	0.0	4.0	0.0	0.0	0.0	0.0	0.0	0.0	0.0	0.0
SRR9612444	556.0	940.0	7.0	5.0	0.0	181.0	1569.0	6491.0	45.0	401.0	161.0	75.0	0.0	23.0	0.0	0.0	14.0	37.0	0.0	0.0	0.0	0.0	3.0	0.0	0.0	0.0	0.0	0.0	0.0	0.0	0.0	0.0	0.0	0.0	0.0	0.0	0.0	0.0	0.0	0.0	0.0	0.0	0.0	0.0	0.0	0.0	0.0	0.0
SRR9612445	87.0	2097.0	2666.0	310.0	4920.0	9720.0	7354.0	1943.0	107.0	3031.0	924.0	898.0	60.0	258.0	9.0	0.0	3.0	53.0	60.0	565.0	51.0	346.0	113.0	0.0	0.0	0.0	22.0	0.0	0.0	4.0	0.0	0.0	0.0	0.0	25.0	7.0	0.0	0.0	18.0	0.0	15.0	0.0	0.0	0.0	0.0	0.0	0.0	0.0
SRR9612448	96.0	1994.0	4125.0	274.0	5025.0	11424.0	4451.0	1883.0	71.0	3278.0	452.0	1097.0	28.0	203.0	0.0	23.0	31.0	46.0	31.0	950.0	10.0	348.0	80.0	0.0	0.0	0.0	10.0	0.0	0.0	0.0	0.0	0.0	0.0	0.0	0.0	9.0	0.0	0.0	12.0	0.0	6.0	0.0	0.0	0.0	0.0	0.0	0.0	0.0
SRR9612449	0.0	414.0	16.0	2.0	29.0	81.0	5673.0	678.0	8.0	3494.0	958.0	255.0	0.0	0.0	0.0	0.0	5.0	1313.0	0.0	4.0	0.0	0.0	0.0	0.0	0.0	0.0	0.0	0.0	0.0	0.0	0.0	0.0	0.0	0.0	0.0	0.0	0.0	0.0	0.0	0.0	0.0	0.0	0.0	0.0	0.0	0.0	0.0	0.0
SRR9612450	44.0	1527.0	27.0	6.0	29.0	149.0	14205.0	596.0	4.0	1519.0	759.0	130.0	0.0	9.0	0.0	0.0	80.0	273.0	0.0	0.0	0.0	5.0	0.0	0.0	0.0	0.0	0.0	0.0	0.0	0.0	0.0	0.0	0.0	0.0	0.0	0.0	0.0	0.0	0.0	0.0	0.0	0.0	0.0	0.0	0.0	0.0	0.0	0.0
SRR9612451	41.0	1470.0	1321.0	134.0	2978.0	3149.0	4257.0	750.0	70.0	1284.0	387.0	492.0	23.0	25.0	0.0	5.0	41.0	63.0	6.0	286.0	0.0	105.0	31.0	0.0	0.0	0.0	0.0	0.0	0.0	0.0	0.0	0.0	0.0	0.0	0.0	0.0	8.0	0.0	0.0	0.0	0.0	0.0	0.0	0.0	0.0	0.0	0.0	0.0
SRR9612452	58.0	1731.0	1773.0	204.0	3544.0	2975.0	2434.0	650.0	16.0	1447.0	380.0	445.0	3.0	28.0	0.0	0.0	3.0	59.0	8.0	238.0	12.0	106.0	24.0	0.0	0.0	0.0	9.0	0.0	0.0	0.0	0.0	0.0	0.0	0.0	0.0	0.0	0.0	0.0	3.0	0.0	0.0	0.0	0.0	0.0	0.0	0.0	0.0	0.0
SRR9612455	11.0	527.0	85.0	5.0	53.0	455.0	7808.0	1527.0	29.0	4365.0	914.0	672.0	2.0	18.0	0.0	0.0	3.0	2151.0	3.0	9.0	39.0	4.0	0.0	0.0	0.0	0.0	0.0	0.0	0.0	0.0	0.0	0.0	0.0	0.0	0.0	0.0	0.0	0.0	0.0	2.0	0.0	0.0	0.0	0.0	0.0	0.0	0.0	0.0
SRR9612456	21.0	456.0	56.0	9.0	32.0	248.0	22938.0	962.0	52.0	2229.0	2376.0	190.0	15.0	30.0	0.0	3.0	0.0	550.0	0.0	0.0	13.0	0.0	0.0	0.0	0.0	0.0	0.0	0.0	0.0	0.0	0.0	0.0	0.0	0.0	0.0	0.0	0.0	0.0	0.0	0.0	0.0	0.0	0.0	0.0	0.0	0.0	0.0	0.0
SRR9612457	42.0	1668.0	1836.0	105.0	3368.0	3872.0	2428.0	466.0	0.0	1165.0	141.0	368.0	8.0	42.0	0.0	0.0	24.0	29.0	8.0	434.0	11.0	135.0	29.0	0.0	0.0	0.0	0.0	0.0	0.0	0.0	0.0	0.0	0.0	0.0	0.0	0.0	0.0	0.0	11.0	0.0	7.0	0.0	0.0	0.0	0.0	0.0	0.0	0.0
SRR9612458	67.0	2516.0	2523.0	236.0	3673.0	4126.0	2921.0	476.0	27.0	1526.0	464.0	449.0	22.0	68.0	0.0	6.0	12.0	70.0	8.0	271.0	19.0	119.0	22.0	0.0	0.0	0.0	0.0	0.0	0.0	0.0	0.0	0.0	0.0	0.0	0.0	0.0	0.0	0.0	4.0	0.0	0.0	0.0	0.0	0.0	0.0	0.0	0.0	0.0
SRR9612461	35.0	1272.0	1150.0	165.0	3307.0	3885.0	2698.0	902.0	72.0	1123.0	377.0	438.0	2.0	2.0	0.0	19.0	35.0	9.0	13.0	199.0	11.0	42.0	77.0	0.0	0.0	0.0	18.0	0.0	0.0	2.0	0.0	0.0	0.0	0.0	0.0	0.0	4.0	0.0	9.0	0.0	0.0	0.0	0.0	0.0	3.0	0.0	0.0	0.0
SRR9612462	4.0	1411.0	25.0	2.0	23.0	27.0	5770.0	906.0	32.0	1940.0	525.0	183.0	0.0	0.0	2.0	0.0	0.0	89.0	0.0	0.0	2.0	0.0	0.0	0.0	0.0	0.0	0.0	0.0	0.0	0.0	0.0	0.0	0.0	0.0	8.0	0.0	0.0	0.0	0.0	0.0	0.0	0.0	0.0	0.0	0.0	0.0	0.0	0.0
SRR9612463	25.0	1154.0	772.0	112.0	2521.0	2278.0	7429.0	825.0	99.0	1273.0	758.0	596.0	23.0	10.0	0.0	0.0	16.0	16.0	5.0	114.0	0.0	24.0	63.0	0.0	0.0	4.0	16.0	0.0	0.0	0.0	0.0	0.0	0.0	0.0	0.0	0.0	0.0	0.0	4.0	0.0	7.0	2.0	0.0	0.0	0.0	0.0	0.0	0.0
SRR9612464	68.0	1616.0	1533.0	184.0	4259.0	4037.0	4182.0	1059.0	60.0	1563.0	583.0	1012.0	5.0	48.0	0.0	5.0	575.0	0.0	0.0	490.0	11.0	118.0	79.0	0.0	0.0	0.0	24.0	4.0	0.0	6.0	0.0	0.0	0.0	0.0	0.0	0.0	0.0	0.0	0.0	0.0	16.0	0.0	0.0	0.0	0.0	0.0	0.0	0.0
SRR9612465	60.0	825.0	725.0	117.0	1577.0	2748.0	2456.0	522.0	71.0	964.0	706.0	423.0	16.0	71.0	0.0	0.0	562.0	38.0	8.0	89.0	26.0	41.0	48.0	0.0	0.0	4.0	6.0	0.0	0.0	8.0	0.0	0.0	0.0	0.0	0.0	0.0	0.0	0.0	0.0	0.0	4.0	0.0	0.0	0.0	0.0	0.0	0.0	0.0
SRR9612466	50.0	1711.0	1754.0	188.0	3716.0	4421.0	3553.0	914.0	36.0	1544.0	498.0	654.0	10.0	6.0	0.0	14.0	11.0	16.0	10.0	291.0	26.0	65.0	73.0	0.0	0.0	0.0	28.0	0.0	0.0	4.0	0.0	0.0	0.0	0.0	0.0	0.0	0.0	0.0	3.0	0.0	0.0	4.0	0.0	0.0	0.0	0.0	0.0	0.0
SRR9612467	66.0	2054.0	1775.0	271.0	4077.0	5991.0	3958.0	963.0	18.0	2282.0	744.0	857.0	25.0	16.0	0.0	0.0	18.0	36.0	17.0	301.0	30.0	217.0	36.0	0.0	3.0	0.0	16.0	0.0	0.0	0.0	0.0	0.0	0.0	0.0	0.0	0.0	0.0	0.0	0.0	0.0	0.0	0.0	0.0	0.0	0.0	0.0	0.0	0.0
SRR9612468	111.0	1392.0	1819.0	139.0	3278.0	5298.0	7861.0	937.0	60.0	1730.0	875.0	718.0	17.0	35.0	0.0	6.0	96.0	23.0	8.0	299.0	5.0	72.0	86.0	0.0	0.0	5.0	16.0	0.0	0.0	0.0	0.0	0.0	0.0	0.0	4.0	0.0	0.0	0.0	3.0	3.0	4.0	0.0	0.0	0.0	0.0	0.0	0.0	0.0
SRR9612470	234.0	2863.0	32.0	7.0	4.0	638.0	5677.0	4146.0	28.0	1493.0	1027.0	168.0	6.0	215.0	45.0	0.0	7.0	584.0	0.0	9.0	54.0	13.0	0.0	0.0	0.0	0.0	0.0	0.0	0.0	0.0	0.0	0.0	0.0	0.0	19.0	0.0	0.0	0.0	0.0	0.0	0.0	0.0	0.0	0.0	0.0	0.0	0.0	0.0
SRR9612471	184.0	816.0	18.0	5.0	10.0	552.0	4701.0	9121.0	40.0	2431.0	480.0	244.0	13.0	820.0	42.0	0.0	0.0	475.0	0.0	0.0	0.0	0.0	22.0	0.0	0.0	0.0	0.0	0.0	0.0	0.0	0.0	0.0	0.0	0.0	5.0	0.0	0.0	0.0	0.0	0.0	0.0	0.0	0.0	0.0	0.0	0.0	0.0	0.0
SRR9612472	18.0	1416.0	48.0	0.0	24.0	385.0	7251.0	1947.0	82.0	1803.0	1345.0	150.0	0.0	15.0	25.0	0.0	6.0	1066.0	0.0	0.0	34.0	4.0	0.0	0.0	0.0	0.0	2.0	0.0	0.0	0.0	0.0	0.0	0.0	0.0	0.0	0.0	0.0	0.0	0.0	0.0	0.0	0.0	0.0	0.0	0.0	0.0	0.0	0.0
SRR9612473	159.0	1841.0	41.0	2.0	22.0	366.0	7121.0	5690.0	14.0	1184.0	448.0	130.0	3.0	276.0	25.0	0.0	0.0	261.0	0.0	7.0	21.0	15.0	0.0	0.0	0.0	0.0	0.0	0.0	0.0	0.0	0.0	0.0	0.0	0.0	98.0	0.0	0.0	0.0	0.0	0.0	0.0	0.0	0.0	0.0	0.0	0.0	0.0	0.0
SRR9612474	8565.0	880.0	20.0	5.0	12.0	288.0	9471.0	3586.0	13.0	806.0	909.0	320.0	15.0	497.0	19.0	0.0	9.0	115.0	0.0	5.0	5.0	0.0	0.0	0.0	0.0	0.0	0.0	0.0	0.0	0.0	0.0	0.0	0.0	0.0	2207.0	0.0	0.0	0.0	0.0	0.0	0.0	0.0	0.0	0.0	0.0	0.0	0.0	0.0
SRR9612475	100.0	2007.0	31.0	0.0	12.0	311.0	2843.0	5332.0	14.0	1674.0	550.0	146.0	8.0	462.0	32.0	0.0	0.0	856.0	3.0	0.0	35.0	5.0	0.0	0.0	0.0	0.0	3.0	0.0	0.0	0.0	0.0	0.0	0.0	0.0	10.0	0.0	0.0	0.0	0.0	0.0	0.0	0.0	0.0	0.0	0.0	0.0	0.0	0.0
SRR9612476	129.0	729.0	43.0	8.0	49.0	273.0	3229.0	12383.0	19.0	2459.0	659.0	114.0	4.0	468.0	32.0	0.0	0.0	125.0	0.0	0.0	8.0	2.0	23.0	0.0	0.0	0.0	0.0	0.0	0.0	0.0	0.0	0.0	0.0	0.0	4.0	0.0	0.0	0.0	0.0	3.0	0.0	0.0	0.0	0.0	0.0	0.0	0.0	0.0
SRR9612477	301.0	1337.0	2361.0	215.0	2687.0	5823.0	5448.0	2169.0	73.0	1899.0	399.0	637.0	63.0	635.0	11.0	0.0	2.0	47.0	42.0	643.0	28.0	436.0	118.0	0.0	0.0	0.0	22.0	6.0	0.0	0.0	0.0	0.0	0.0	0.0	19.0	0.0	0.0	0.0	0.0	0.0	0.0	0.0	0.0	0.0	0.0	0.0	0.0	0.0
SRR9612478	257.0	1058.0	1551.0	144.0	2596.0	6132.0	4552.0	2165.0	24.0	1794.0	575.0	837.0	55.0	660.0	4.0	46.0	31.0	25.0	28.0	359.0	13.0	292.0	193.0	0.0	0.0	0.0	24.0	5.0	0.0	0.0	6.0	0.0	0.0	0.0	11.0	0.0	0.0	0.0	0.0	0.0	0.0	0.0	0.0	0.0	0.0	0.0	0.0	0.0
SRR9612479	99.0	5241.0	618.0	45.0	3517.0	1308.0	1922.0	524.0	3.0	1623.0	311.0	182.0	0.0	11.0	5.0	0.0	51.0	10.0	10.0	38.0	0.0	41.0	7.0	0.0	0.0	0.0	7.0	0.0	0.0	0.0	0.0	0.0	0.0	0.0	0.0	0.0	0.0	0.0	4.0	0.0	0.0	0.0	0.0	0.0	0.0	0.0	0.0	0.0
SRR9612480	288.0	2292.0	187.0	4.0	35.0	349.0	6691.0	11250.0	23.0	2648.0	858.0	176.0	19.0	767.0	38.0	0.0	7.0	501.0	0.0	0.0	163.0	8.0	12.0	0.0	2.0	0.0	0.0	0.0	0.0	0.0	0.0	0.0	0.0	0.0	0.0	0.0	0.0	0.0	35.0	0.0	0.0	0.0	0.0	0.0	0.0	0.0	0.0	0.0
SRR9612481	106.0	1982.0	702.0	83.0	3096.0	2525.0	1700.0	386.0	11.0	1000.0	215.0	137.0	0.0	37.0	9.0	0.0	41.0	9.0	16.0	45.0	0.0	44.0	18.0	0.0	0.0	0.0	8.0	0.0	0.0	0.0	0.0	0.0	0.0	0.0	0.0	0.0	0.0	0.0	0.0	9.0	0.0	0.0	0.0	0.0	0.0	0.0	0.0	0.0
SRR9612482	111.0	2295.0	867.0	58.0	4393.0	1526.0	2226.0	399.0	9.0	1195.0	295.0	167.0	7.0	21.0	5.0	0.0	72.0	13.0	10.0	31.0	3.0	25.0	9.0	0.0	0.0	0.0	0.0	0.0	0.0	0.0	0.0	0.0	0.0	0.0	0.0	0.0	0.0	0.0	2.0	13.0	0.0	0.0	0.0	0.0	0.0	0.0	0.0	0.0
SRR9612483	218.0	2806.0	3669.0	192.0	6031.0	14197.0	5919.0	2386.0	67.0	3465.0	345.0	1101.0	72.0	266.0	11.0	30.0	119.0	51.0	26.0	965.0	38.0	226.0	162.0	0.0	0.0	0.0	50.0	0.0	0.0	0.0	0.0	0.0	0.0	0.0	0.0	0.0	0.0	0.0	0.0	4.0	0.0	0.0	0.0	0.0	0.0	0.0	0.0	0.0
SRR9612484	112.0	4653.0	3390.0	468.0	8417.0	7628.0	3197.0	842.0	0.0	3368.0	417.0	618.0	8.0	121.0	3.0	25.0	13.0	46.0	14.0	403.0	7.0	118.0	74.0	0.0	0.0	3.0	12.0	0.0	0.0	10.0	0.0	0.0	0.0	0.0	0.0	0.0	0.0	0.0	0.0	0.0	20.0	0.0	0.0	0.0	0.0	0.0	0.0	0.0
SRR9612485	333.0	2643.0	2882.0	282.0	4145.0	11652.0	4670.0	2172.0	39.0	2355.0	367.0	771.0	26.0	628.0	0.0	26.0	17.0	23.0	40.0	397.0	50.0	336.0	146.0	0.0	0.0	0.0	11.0	0.0	4.0	6.0	0.0	0.0	0.0	0.0	0.0	0.0	0.0	0.0	0.0	0.0	5.0	2.0	0.0	0.0	0.0	0.0	0.0	0.0
SRR9612486	101.0	2302.0	1371.0	218.0	4383.0	3471.0	2488.0	417.0	21.0	1952.0	393.0	314.0	20.0	52.0	9.0	0.0	41.0	70.0	27.0	198.0	4.0	115.0	23.0	0.0	0.0	0.0	0.0	0.0	0.0	8.0	0.0	5.0	0.0	0.0	0.0	0.0	0.0	0.0	0.0	0.0	0.0	0.0	0.0	0.0	0.0	0.0	0.0	0.0
SRR9612487	225.0	1578.0	64.0	5.0	34.0	651.0	22179.0	4096.0	31.0	5025.0	1036.0	496.0	18.0	263.0	289.0	0.0	14.0	573.0	3.0	0.0	9.0	0.0	2.0	0.0	0.0	0.0	2.0	0.0	0.0	0.0	0.0	0.0	0.0	0.0	7.0	0.0	0.0	0.0	0.0	2.0	0.0	0.0	0.0	0.0	0.0	0.0	0.0	0.0
SRR9612488	654.0	709.0	1009.0	111.0	1930.0	4337.0	3324.0	1714.0	35.0	1631.0	619.0	636.0	66.0	281.0	19.0	23.0	194.0	14.0	37.0	252.0	30.0	161.0	27.0	0.0	0.0	0.0	56.0	7.0	0.0	0.0	0.0	0.0	0.0	0.0	0.0	0.0	0.0	2.0	23.0	0.0	0.0	0.0	0.0	0.0	0.0	5.0	0.0	0.0
SRR9612489	762.0	1709.0	1553.0	158.0	2370.0	6375.0	4139.0	3673.0	30.0	2944.0	880.0	741.0	76.0	460.0	11.0	70.0	39.0	39.0	51.0	434.0	27.0	242.0	68.0	0.0	0.0	0.0	76.0	17.0	0.0	0.0	0.0	33.0	0.0	0.0	0.0	8.0	0.0	0.0	44.0	0.0	0.0	2.0	0.0	0.0	10.0	0.0	0.0	0.0
SRR9612490	18.0	780.0	70.0	25.0	45.0	556.0	5474.0	1721.0	13.0	4458.0	762.0	298.0	0.0	14.0	0.0	0.0	0.0	4304.0	0.0	0.0	0.0	4.0	3.0	0.0	0.0	0.0	0.0	0.0	0.0	0.0	0.0	0.0	0.0	0.0	0.0	0.0	0.0	0.0	0.0	0.0	0.0	0.0	0.0	0.0	0.0	0.0	0.0	0.0
SRR9612491	2576.0	3870.0	19.0	4.0	68.0	229.0	4400.0	1195.0	0.0	1168.0	427.0	80.0	17.0	25.0	5.0	0.0	18.0	418.0	0.0	5.0	0.0	4.0	0.0	0.0	0.0	0.0	5.0	0.0	0.0	0.0	0.0	0.0	0.0	0.0	0.0	0.0	0.0	0.0	0.0	0.0	0.0	0.0	0.0	0.0	0.0	0.0	0.0	0.0
SRR9612492	264.0	1660.0	1782.0	154.0	3264.0	7976.0	4980.0	1987.0	36.0	2317.0	720.0	639.0	46.0	130.0	22.0	15.0	44.0	28.0	61.0	539.0	57.0	353.0	77.0	0.0	2.0	0.0	7.0	0.0	0.0	0.0	4.0	0.0	0.0	0.0	0.0	0.0	0.0	0.0	11.0	0.0	0.0	0.0	0.0	0.0	0.0	0.0	0.0	0.0
SRR9612493	41.0	3011.0	701.0	120.0	5090.0	5103.0	3359.0	1041.0	77.0	1326.0	527.0	296.0	5.0	40.0	11.0	0.0	26.0	13.0	12.0	145.0	0.0	18.0	32.0	0.0	0.0	0.0	5.0	0.0	0.0	0.0	0.0	0.0	0.0	0.0	0.0	0.0	0.0	0.0	4.0	0.0	0.0	0.0	0.0	0.0	0.0	0.0	0.0	0.0
SRR9612494	985.0	1805.0	1550.0	174.0	2884.0	7774.0	4558.0	3784.0	48.0	2950.0	1206.0	956.0	113.0	437.0	30.0	67.0	77.0	44.0	50.0	335.0	28.0	180.0	46.0	0.0	0.0	0.0	85.0	0.0	0.0	0.0	0.0	30.0	0.0	0.0	0.0	0.0	0.0	3.0	22.0	0.0	0.0	0.0	0.0	0.0	0.0	6.0	0.0	0.0
SRR9612495	668.0	1643.0	1495.0	247.0	3400.0	8413.0	6583.0	2655.0	104.0	2678.0	1187.0	817.0	93.0	359.0	50.0	25.0	104.0	25.0	53.0	264.0	80.0	324.0	98.0	0.0	0.0	0.0	38.0	38.0	0.0	0.0	9.0	35.0	17.0	0.0	0.0	0.0	2.0	3.0	20.0	0.0	0.0	0.0	0.0	15.0	0.0	0.0	0.0	0.0
SRR9612496	191.0	1506.0	2408.0	222.0	3903.0	9607.0	5758.0	1998.0	58.0	1988.0	652.0	1117.0	47.0	496.0	0.0	0.0	19.0	75.0	18.0	373.0	20.0	266.0	67.0	0.0	0.0	4.0	9.0	0.0	0.0	3.0	0.0	0.0	0.0	0.0	20.0	0.0	0.0	0.0	0.0	4.0	0.0	3.0	0.0	0.0	0.0	0.0	0.0	0.0
SRR9612497	41.0	2201.0	1421.0	160.0	4423.0	6282.0	3440.0	638.0	45.0	1465.0	377.0	370.0	8.0	43.0	0.0	0.0	19.0	23.0	23.0	197.0	6.0	41.0	73.0	0.0	0.0	0.0	0.0	0.0	0.0	0.0	0.0	0.0	0.0	0.0	2.0	0.0	0.0	0.0	0.0	0.0	0.0	0.0	0.0	0.0	0.0	0.0	0.0	0.0
SRR9612498	45.0	2247.0	1288.0	175.0	3391.0	6599.0	3227.0	780.0	31.0	1531.0	408.0	339.0	0.0	47.0	4.0	0.0	185.0	30.0	19.0	223.0	0.0	39.0	57.0	0.0	0.0	0.0	0.0	0.0	0.0	0.0	0.0	0.0	0.0	0.0	0.0	0.0	0.0	0.0	0.0	0.0	7.0	0.0	0.0	0.0	0.0	0.0	0.0	0.0
SRR9612499	285.0	2394.0	1463.0	168.0	3844.0	7298.0	5366.0	1933.0	54.0	1957.0	608.0	700.0	33.0	380.0	0.0	8.0	40.0	50.0	16.0	485.0	22.0	407.0	117.0	0.0	0.0	0.0	5.0	0.0	0.0	2.0	5.0	0.0	0.0	0.0	0.0	10.0	0.0	0.0	0.0	0.0	3.0	0.0	0.0	0.0	0.0	0.0	0.0	0.0
SRR9612500	136.0	272.0	37.0	7.0	37.0	344.0	1183.0	14087.0	20.0	548.0	221.0	68.0	0.0	42.0	5.0	0.0	11.0	48.0	0.0	0.0	7.0	2.0	4.0	0.0	0.0	0.0	0.0	0.0	0.0	0.0	0.0	0.0	0.0	0.0	12.0	0.0	0.0	0.0	3.0	0.0	0.0	0.0	0.0	0.0	0.0	0.0	0.0	0.0
SRR9612501	150.0	143.0	7.0	0.0	0.0	290.0	1048.0	17874.0	39.0	673.0	260.0	68.0	12.0	50.0	21.0	0.0	0.0	18.0	0.0	0.0	0.0	0.0	4.0	13.0	0.0	0.0	0.0	0.0	0.0	0.0	0.0	0.0	0.0	0.0	0.0	0.0	0.0	0.0	3.0	0.0	0.0	0.0	0.0	0.0	0.0	0.0	0.0	0.0
SRR9612502	52.0	2427.0	1274.0	170.0	3897.0	6092.0	3392.0	983.0	42.0	1850.0	462.0	418.0	3.0	0.0	0.0	0.0	22.0	40.0	9.0	249.0	9.0	80.0	61.0	0.0	0.0	0.0	7.0	0.0	0.0	0.0	0.0	0.0	0.0	0.0	0.0	0.0	0.0	0.0	0.0	0.0	0.0	0.0	0.0	0.0	0.0	0.0	0.0	0.0
SRR9612503	64.0	1221.0	676.0	197.0	2975.0	4433.0	2867.0	573.0	13.0	762.0	380.0	358.0	0.0	34.0	0.0	0.0	47.0	34.0	20.0	109.0	7.0	52.0	42.0	0.0	0.0	0.0	0.0	0.0	0.0	0.0	0.0	0.0	0.0	0.0	0.0	0.0	0.0	0.0	4.0	0.0	0.0	0.0	0.0	0.0	0.0	0.0	0.0	0.0
SRR9612505	15.0	10729.0	12.0	0.0	19.0	84.0	643.0	905.0	37.0	648.0	102.0	28.0	0.0	0.0	0.0	0.0	0.0	47.0	0.0	0.0	0.0	0.0	0.0	0.0	0.0	0.0	0.0	0.0	0.0	0.0	0.0	0.0	0.0	0.0	0.0	0.0	0.0	0.0	0.0	0.0	0.0	0.0	0.0	0.0	0.0	0.0	0.0	0.0
SRR9612506	719.0	1035.0	41.0	33.0	0.0	610.0	1579.0	14065.0	33.0	1705.0	520.0	157.0	0.0	61.0	68.0	0.0	7.0	73.0	0.0	0.0	19.0	0.0	0.0	0.0	0.0	0.0	15.0	0.0	0.0	0.0	2.0	0.0	0.0	0.0	0.0	0.0	0.0	0.0	3.0	0.0	0.0	0.0	0.0	0.0	0.0	28.0	0.0	0.0
SRR9612508	74.0	9069.0	44.0	0.0	74.0	222.0	912.0	1051.0	0.0	646.0	198.0	47.0	0.0	0.0	0.0	0.0	0.0	41.0	0.0	0.0	0.0	0.0	0.0	0.0	0.0	0.0	0.0	0.0	0.0	0.0	0.0	0.0	0.0	0.0	0.0	0.0	0.0	0.0	0.0	0.0	0.0	0.0	0.0	0.0	0.0	0.0	0.0	0.0
SRR9612509	11.0	12585.0	0.0	2.0	36.0	174.0	1805.0	1424.0	14.0	1784.0	123.0	54.0	5.0	4.0	0.0	0.0	0.0	139.0	0.0	0.0	0.0	0.0	0.0	0.0	0.0	0.0	0.0	2.0	0.0	0.0	0.0	0.0	0.0	0.0	0.0	0.0	0.0	0.0	0.0	0.0	0.0	0.0	0.0	0.0	0.0	0.0	0.0	0.0
SRR9612512	37.0	1265.0	1349.0	218.0	2206.0	3215.0	2411.0	522.0	87.0	1256.0	346.0	524.0	11.0	30.0	0.0	0.0	27.0	12.0	8.0	279.0	14.0	107.0	38.0	0.0	3.0	0.0	15.0	0.0	4.0	4.0	0.0	0.0	0.0	0.0	0.0	0.0	0.0	0.0	0.0	0.0	4.0	3.0	0.0	0.0	0.0	0.0	0.0	0.0
SRR9612515	109.0	1262.0	1618.0	228.0	3164.0	5114.0	3488.0	1020.0	74.0	1801.0	719.0	818.0	15.0	59.0	5.0	27.0	669.0	58.0	16.0	323.0	16.0	84.0	90.0	0.0	0.0	0.0	22.0	0.0	2.0	2.0	0.0	0.0	0.0	0.0	0.0	0.0	0.0	0.0	5.0	3.0	8.0	0.0	0.0	4.0	0.0	0.0	0.0	0.0
SRR9612516	170.0	1215.0	1159.0	90.0	2186.0	3181.0	3030.0	639.0	84.0	1081.0	403.0	502.0	11.0	22.0	0.0	4.0	291.0	14.0	0.0	167.0	0.0	90.0	51.0	0.0	0.0	0.0	22.0	0.0	0.0	0.0	0.0	0.0	0.0	0.0	0.0	0.0	0.0	0.0	0.0	0.0	0.0	0.0	0.0	0.0	0.0	0.0	0.0	0.0
SRR9612517	97.0	1097.0	1260.0	175.0	2933.0	5444.0	3132.0	1134.0	83.0	1508.0	571.0	653.0	7.0	72.0	0.0	0.0	34.0	48.0	10.0	254.0	23.0	100.0	88.0	0.0	0.0	0.0	7.0	0.0	0.0	0.0	0.0	0.0	0.0	0.0	0.0	0.0	0.0	0.0	0.0	0.0	0.0	0.0	0.0	0.0	0.0	0.0	0.0	0.0
SRR9612518	125.0	954.0	1164.0	146.0	2593.0	3745.0	3606.0	952.0	72.0	1251.0	517.0	398.0	12.0	44.0	0.0	16.0	309.0	52.0	11.0	282.0	19.0	60.0	54.0	0.0	0.0	0.0	8.0	0.0	0.0	0.0	0.0	0.0	0.0	0.0	0.0	0.0	0.0	0.0	0.0	3.0	0.0	0.0	0.0	0.0	0.0	0.0	0.0	0.0
SRR9612519	140.0	445.0	6.0	0.0	4.0	60.0	6895.0	1097.0	135.0	1062.0	506.0	64.0	0.0	22.0	7.0	0.0	4.0	243.0	3.0	0.0	8.0	0.0	0.0	0.0	0.0	0.0	0.0	0.0	0.0	0.0	0.0	0.0	0.0	0.0	0.0	0.0	0.0	0.0	0.0	0.0	0.0	0.0	0.0	0.0	0.0	0.0	0.0	0.0
SRR9612521	450.0	1418.0	1928.0	304.0	3532.0	6860.0	5074.0	3892.0	28.0	2560.0	507.0	659.0	111.0	319.0	6.0	0.0	12.0	66.0	26.0	583.0	12.0	335.0	217.0	5.0	0.0	0.0	16.0	7.0	0.0	0.0	0.0	0.0	0.0	0.0	20.0	0.0	0.0	0.0	0.0	0.0	9.0	0.0	0.0	0.0	0.0	4.0	0.0	0.0
SRR9612522	177.0	1100.0	1014.0	179.0	3107.0	5541.0	6026.0	2292.0	8.0	1566.0	596.0	594.0	68.0	324.0	5.0	0.0	47.0	41.0	15.0	325.0	19.0	195.0	114.0	8.0	0.0	3.0	10.0	0.0	0.0	0.0	0.0	0.0	0.0	0.0	2.0	0.0	0.0	0.0	3.0	0.0	0.0	0.0	0.0	0.0	0.0	0.0	0.0	0.0
SRR9612523	148.0	1278.0	10.0	6.0	25.0	268.0	5283.0	3531.0	16.0	2317.0	1143.0	143.0	0.0	142.0	66.0	0.0	4.0	253.0	0.0	0.0	9.0	0.0	3.0	0.0	0.0	0.0	0.0	0.0	0.0	0.0	0.0	0.0	0.0	0.0	0.0	0.0	0.0	0.0	0.0	2.0	0.0	0.0	0.0	0.0	0.0	0.0	0.0	0.0
SRR9612524	1882.0	509.0	24.0	2.0	0.0	796.0	9914.0	1177.0	7.0	1097.0	840.0	227.0	6.0	824.0	41.0	0.0	7.0	375.0	0.0	2.0	0.0	0.0	0.0	0.0	0.0	0.0	0.0	0.0	0.0	0.0	0.0	0.0	0.0	0.0	13.0	0.0	0.0	0.0	0.0	0.0	0.0	0.0	0.0	0.0	0.0	0.0	0.0	0.0
SRR9612525	172.0	2778.0	64.0	16.0	74.0	305.0	4682.0	2424.0	33.0	3135.0	1193.0	333.0	6.0	17.0	0.0	0.0	19.0	1115.0	0.0	0.0	31.0	0.0	0.0	0.0	0.0	0.0	0.0	0.0	0.0	0.0	0.0	0.0	0.0	0.0	0.0	0.0	0.0	0.0	0.0	0.0	0.0	0.0	0.0	0.0	0.0	0.0	0.0	0.0
SRR9612526	71.0	2265.0	46.0	10.0	32.0	253.0	9667.0	3116.0	140.0	1042.0	706.0	122.0	3.0	1019.0	29.0	0.0	0.0	436.0	0.0	7.0	39.0	3.0	7.0	0.0	0.0	0.0	0.0	0.0	0.0	0.0	0.0	0.0	0.0	0.0	8.0	0.0	0.0	0.0	0.0	0.0	0.0	0.0	0.0	0.0	0.0	0.0	0.0	0.0
SRR9612527	56.0	2605.0	72.0	10.0	56.0	660.0	17399.0	754.0	25.0	2231.0	1400.0	1213.0	0.0	36.0	27.0	0.0	0.0	299.0	0.0	2.0	12.0	3.0	0.0	0.0	0.0	0.0	0.0	0.0	0.0	0.0	0.0	0.0	0.0	0.0	0.0	0.0	0.0	0.0	0.0	0.0	0.0	0.0	0.0	0.0	0.0	0.0	0.0	0.0
SRR9612528	85.0	366.0	31.0	2.0	0.0	324.0	3537.0	4553.0	12.0	1649.0	364.0	128.0	28.0	291.0	29.0	0.0	0.0	170.0	0.0	5.0	20.0	2.0	0.0	0.0	0.0	0.0	0.0	0.0	0.0	0.0	0.0	0.0	0.0	0.0	0.0	0.0	0.0	0.0	0.0	0.0	0.0	0.0	0.0	0.0	0.0	0.0	0.0	0.0
SRR9612529	998.0	2010.0	1683.0	441.0	4995.0	6536.0	8679.0	2660.0	127.0	3355.0	1926.0	1420.0	12.0	354.0	0.0	6.0	709.0	276.0	37.0	529.0	116.0	384.0	122.0	0.0	0.0	0.0	21.0	0.0	2.0	0.0	0.0	0.0	0.0	0.0	0.0	0.0	0.0	0.0	19.0	0.0	10.0	0.0	0.0	0.0	0.0	0.0	0.0	0.0
SRR9612530	461.0	2767.0	3355.0	516.0	5666.0	9782.0	8348.0	3351.0	93.0	3997.0	1394.0	1280.0	45.0	796.0	34.0	24.0	149.0	96.0	83.0	981.0	55.0	737.0	195.0	0.0	0.0	0.0	22.0	7.0	0.0	10.0	0.0	0.0	0.0	0.0	83.0	5.0	0.0	0.0	15.0	0.0	16.0	6.0	0.0	0.0	0.0	0.0	0.0	0.0
SRR9612531	165.0	4160.0	3447.0	547.0	9548.0	8611.0	6420.0	3686.0	86.0	5713.0	1711.0	1108.0	33.0	305.0	51.0	27.0	91.0	163.0	21.0	321.0	169.0	413.0	108.0	0.0	0.0	0.0	13.0	4.0	0.0	0.0	0.0	8.0	0.0	0.0	0.0	0.0	0.0	0.0	0.0	5.0	9.0	2.0	4.0	0.0	0.0	0.0	0.0	0.0
SRR9612532	175.0	3478.0	3037.0	457.0	7191.0	9733.0	9968.0	3572.0	122.0	3407.0	1412.0	1061.0	48.0	320.0	7.0	0.0	16.0	53.0	63.0	954.0	167.0	644.0	262.0	3.0	0.0	0.0	0.0	0.0	0.0	11.0	0.0	0.0	0.0	0.0	17.0	9.0	0.0	0.0	22.0	0.0	16.0	0.0	0.0	0.0	0.0	0.0	0.0	0.0
SRR9612541	177.0	3408.0	5037.0	431.0	8330.0	10917.0	11332.0	2416.0	159.0	4021.0	1083.0	2275.0	33.0	161.0	2.0	0.0	580.0	52.0	67.0	1039.0	57.0	309.0	134.0	0.0	0.0	0.0	28.0	0.0	3.0	7.0	0.0	0.0	0.0	0.0	0.0	0.0	7.0	0.0	19.0	0.0	0.0	0.0	0.0	0.0	0.0	0.0	0.0	0.0
SRR9612542	248.0	3765.0	5484.0	540.0	10366.0	13347.0	13742.0	2792.0	219.0	4384.0	1201.0	2278.0	84.0	636.0	18.0	53.0	178.0	266.0	54.0	766.0	58.0	248.0	217.0	0.0	0.0	5.0	30.0	0.0	0.0	4.0	0.0	0.0	0.0	0.0	5.0	6.0	0.0	0.0	11.0	11.0	0.0	0.0	0.0	18.0	0.0	0.0	0.0	0.0
SRR9612543	52.0	1587.0	2380.0	224.0	3067.0	7392.0	5064.0	1868.0	35.0	2080.0	617.0	661.0	27.0	303.0	17.0	0.0	37.0	63.0	52.0	497.0	22.0	441.0	83.0	0.0	0.0	0.0	0.0	0.0	0.0	0.0	0.0	0.0	0.0	0.0	0.0	0.0	0.0	0.0	4.0	0.0	6.0	0.0	0.0	0.0	0.0	0.0	0.0	0.0
SRR9612544	12.0	15522.0	298.0	21.0	43.0	1245.0	12258.0	1858.0	38.0	4171.0	3276.0	398.0	2.0	61.0	36.0	0.0	6.0	869.0	0.0	0.0	90.0	6.0	0.0	0.0	0.0	0.0	0.0	0.0	0.0	0.0	0.0	0.0	0.0	3.0	5.0	0.0	0.0	0.0	0.0	0.0	0.0	0.0	0.0	0.0	0.0	0.0	0.0	0.0
SRR9612545	239.0	1165.0	2181.0	227.0	2867.0	8244.0	4907.0	2758.0	31.0	3396.0	620.0	1020.0	46.0	437.0	35.0	0.0	39.0	80.0	31.0	568.0	8.0	367.0	205.0	8.0	0.0	0.0	25.0	13.0	0.0	0.0	0.0	0.0	4.0	0.0	3.0	0.0	0.0	0.0	2.0	0.0	0.0	0.0	0.0	0.0	0.0	0.0	0.0	0.0
SRR9612546	173.0	1641.0	96.0	7.0	47.0	763.0	4731.0	6505.0	30.0	4493.0	601.0	348.0	19.0	1144.0	33.0	0.0	9.0	379.0	0.0	14.0	14.0	6.0	0.0	3.0	0.0	0.0	0.0	0.0	0.0	2.0	0.0	0.0	0.0	0.0	2.0	0.0	0.0	0.0	0.0	0.0	0.0	0.0	0.0	0.0	0.0	0.0	0.0	0.0
SRR9612547	3.0	3506.0	88.0	3.0	15.0	263.0	6374.0	1465.0	61.0	1723.0	452.0	170.0	8.0	0.0	2.0	0.0	0.0	891.0	0.0	0.0	56.0	5.0	0.0	0.0	0.0	0.0	0.0	0.0	0.0	0.0	0.0	0.0	0.0	0.0	0.0	0.0	0.0	0.0	0.0	0.0	0.0	0.0	0.0	0.0	0.0	0.0	0.0	0.0
SRR9612548	112.0	2359.0	2348.0	581.0	5088.0	9169.0	8249.0	1933.0	116.0	2925.0	1175.0	1087.0	24.0	192.0	24.0	0.0	184.0	191.0	10.0	883.0	62.0	428.0	80.0	0.0	0.0	0.0	12.0	0.0	0.0	0.0	0.0	0.0	0.0	0.0	0.0	15.0	0.0	0.0	21.0	4.0	8.0	0.0	0.0	0.0	0.0	0.0	0.0	0.0
SRR9612549	134.0	2226.0	144.0	10.0	43.0	598.0	4692.0	3517.0	65.0	2670.0	1874.0	219.0	11.0	32.0	50.0	0.0	14.0	681.0	0.0	0.0	406.0	6.0	0.0	0.0	0.0	0.0	0.0	0.0	0.0	0.0	0.0	0.0	0.0	0.0	14.0	0.0	0.0	0.0	0.0	0.0	0.0	0.0	0.0	0.0	0.0	0.0	0.0	0.0
SRR9612550	521.0	1427.0	1900.0	306.0	2954.0	7185.0	5818.0	1876.0	22.0	2096.0	752.0	1040.0	29.0	444.0	10.0	31.0	36.0	69.0	41.0	851.0	84.0	487.0	90.0	0.0	0.0	0.0	21.0	0.0	0.0	4.0	0.0	0.0	0.0	0.0	17.0	0.0	0.0	0.0	11.0	0.0	11.0	0.0	0.0	5.0	0.0	0.0	0.0	0.0
SRR9612551	207.0	1515.0	2261.0	287.0	4643.0	8807.0	6642.0	3382.0	84.0	3905.0	625.0	981.0	75.0	552.0	8.0	44.0	40.0	105.0	53.0	606.0	32.0	213.0	554.0	2.0	6.0	0.0	31.0	19.0	5.0	0.0	0.0	21.0	0.0	0.0	0.0	0.0	0.0	2.0	0.0	10.0	0.0	0.0	0.0	0.0	0.0	0.0	0.0	0.0
SRR9612552	414.0	1883.0	828.0	118.0	2204.0	2923.0	4255.0	2954.0	60.0	2362.0	734.0	439.0	86.0	312.0	48.0	0.0	59.0	38.0	14.0	214.0	32.0	100.0	48.0	0.0	3.0	0.0	32.0	7.0	0.0	0.0	0.0	0.0	0.0	0.0	0.0	0.0	0.0	2.0	0.0	0.0	0.0	0.0	0.0	0.0	0.0	0.0	0.0	0.0
SRR9612553	518.0	2655.0	640.0	42.0	2254.0	2729.0	3892.0	3278.0	78.0	1923.0	755.0	368.0	53.0	260.0	31.0	14.0	21.0	19.0	22.0	149.0	60.0	128.0	60.0	0.0	0.0	0.0	9.0	21.0	0.0	0.0	10.0	12.0	0.0	0.0	0.0	0.0	0.0	0.0	5.0	4.0	7.0	0.0	0.0	0.0	2.0	0.0	0.0	0.0
SRR9612554	146.0	2779.0	1068.0	42.0	2299.0	4003.0	4829.0	1908.0	120.0	2223.0	712.0	546.0	33.0	135.0	0.0	0.0	6.0	49.0	21.0	304.0	14.0	274.0	48.0	0.0	0.0	0.0	25.0	0.0	9.0	2.0	5.0	5.0	0.0	0.0	0.0	0.0	0.0	0.0	3.0	0.0	9.0	0.0	0.0	0.0	0.0	0.0	0.0	0.0
SRR9612555	383.0	6560.0	1099.0	104.0	4152.0	2098.0	3199.0	589.0	15.0	2182.0	393.0	428.0	3.0	26.0	0.0	0.0	30.0	29.0	19.0	64.0	3.0	26.0	12.0	0.0	0.0	0.0	4.0	0.0	0.0	5.0	0.0	0.0	0.0	0.0	0.0	0.0	0.0	0.0	3.0	0.0	0.0	0.0	0.0	0.0	0.0	0.0	0.0	0.0
SRR9612556	65.0	1885.0	1960.0	375.0	4286.0	7888.0	6975.0	1578.0	105.0	1878.0	1122.0	462.0	13.0	137.0	65.0	0.0	0.0	65.0	90.0	815.0	90.0	469.0	96.0	0.0	4.0	0.0	5.0	0.0	0.0	0.0	0.0	0.0	0.0	0.0	8.0	0.0	0.0	0.0	5.0	0.0	8.0	0.0	0.0	0.0	0.0	0.0	0.0	0.0
SRR9612557	0.0	2295.0	62.0	15.0	33.0	1163.0	5707.0	1777.0	49.0	2123.0	679.0	93.0	5.0	13.0	31.0	0.0	0.0	1203.0	0.0	0.0	108.0	2.0	0.0	0.0	0.0	0.0	0.0	0.0	0.0	0.0	0.0	0.0	0.0	4.0	0.0	0.0	0.0	0.0	2.0	0.0	0.0	0.0	0.0	0.0	0.0	0.0	0.0	0.0
SRR9612558	1044.0	3883.0	940.0	70.0	2695.0	3121.0	3877.0	2526.0	79.0	3086.0	786.0	286.0	59.0	109.0	98.0	19.0	167.0	46.0	21.0	177.0	32.0	111.0	51.0	8.0	0.0	0.0	0.0	0.0	0.0	0.0	11.0	0.0	0.0	0.0	0.0	0.0	0.0	0.0	13.0	0.0	0.0	0.0	0.0	0.0	0.0	0.0	0.0	0.0
SRR9612559	202.0	2630.0	578.0	57.0	2404.0	2668.0	2926.0	1691.0	58.0	2050.0	356.0	307.0	40.0	80.0	19.0	0.0	23.0	43.0	6.0	194.0	5.0	142.0	50.0	0.0	0.0	0.0	6.0	0.0	2.0	0.0	3.0	0.0	0.0	0.0	0.0	0.0	0.0	0.0	8.0	3.0	0.0	0.0	0.0	0.0	0.0	0.0	0.0	0.0
SRR9612560	388.0	2640.0	3310.0	307.0	5926.0	12515.0	6365.0	1876.0	90.0	3546.0	672.0	1295.0	39.0	212.0	0.0	17.0	94.0	108.0	27.0	480.0	14.0	224.0	47.0	0.0	0.0	2.0	35.0	0.0	0.0	4.0	0.0	0.0	0.0	0.0	0.0	0.0	0.0	0.0	19.0	5.0	0.0	0.0	0.0	0.0	0.0	0.0	0.0	0.0
SRR9612561	189.0	1740.0	2950.0	188.0	4414.0	8328.0	9943.0	2161.0	94.0	2944.0	695.0	758.0	8.0	429.0	19.0	0.0	125.0	34.0	71.0	704.0	69.0	405.0	173.0	0.0	0.0	0.0	6.0	0.0	0.0	0.0	0.0	0.0	0.0	0.0	39.0	0.0	0.0	0.0	19.0	3.0	17.0	0.0	0.0	6.0	0.0	0.0	0.0	0.0
SRR9612562	285.0	511.0	30.0	0.0	12.0	238.0	6269.0	1161.0	23.0	980.0	220.0	87.0	0.0	47.0	5.0	0.0	0.0	841.0	0.0	4.0	6.0	0.0	0.0	0.0	0.0	0.0	10.0	0.0	0.0	0.0	0.0	0.0	0.0	0.0	33.0	0.0	0.0	0.0	0.0	0.0	0.0	0.0	0.0	0.0	0.0	0.0	0.0	0.0
SRR9612563	4304.0	796.0	18.0	7.0	9.0	278.0	3841.0	2888.0	0.0	375.0	675.0	71.0	0.0	203.0	44.0	0.0	0.0	170.0	0.0	0.0	0.0	0.0	0.0	0.0	0.0	0.0	0.0	0.0	0.0	0.0	0.0	0.0	0.0	0.0	113.0	0.0	0.0	0.0	0.0	0.0	0.0	0.0	0.0	0.0	0.0	0.0	0.0	0.0
SRR9612564	5.0	10029.0	25.0	2.0	9.0	213.0	20442.0	801.0	52.0	1046.0	833.0	53.0	0.0	14.0	0.0	0.0	6.0	667.0	0.0	0.0	0.0	0.0	0.0	0.0	0.0	0.0	0.0	0.0	0.0	0.0	0.0	0.0	0.0	0.0	0.0	0.0	0.0	0.0	0.0	0.0	0.0	0.0	0.0	0.0	0.0	0.0	0.0	0.0
SRR9612565	859.0	3749.0	12.0	0.0	4.0	4056.0	26270.0	2328.0	0.0	697.0	1736.0	37.0	0.0	428.0	25.0	0.0	0.0	26.0	0.0	0.0	9.0	0.0	0.0	0.0	0.0	0.0	0.0	0.0	0.0	0.0	0.0	0.0	0.0	0.0	205.0	0.0	0.0	0.0	0.0	0.0	0.0	0.0	0.0	0.0	0.0	0.0	0.0	0.0
SRR9612566	250.0	1766.0	2393.0	173.0	4285.0	8257.0	4598.0	2164.0	71.0	2330.0	486.0	1045.0	24.0	255.0	8.0	0.0	36.0	97.0	18.0	367.0	22.0	170.0	114.0	0.0	0.0	0.0	5.0	0.0	0.0	0.0	0.0	12.0	0.0	0.0	15.0	0.0	0.0	0.0	6.0	6.0	0.0	0.0	0.0	0.0	0.0	0.0	0.0	0.0
SRR9612567	164.0	2265.0	3372.0	204.0	4821.0	10299.0	4565.0	1710.0	35.0	2527.0	339.0	736.0	12.0	173.0	0.0	0.0	48.0	36.0	31.0	501.0	24.0	267.0	60.0	0.0	0.0	0.0	10.0	0.0	0.0	0.0	0.0	0.0	0.0	0.0	13.0	14.0	0.0	0.0	11.0	0.0	14.0	0.0	0.0	0.0	0.0	0.0	0.0	0.0
SRR9612568	169.0	1565.0	1495.0	181.0	4071.0	6672.0	5160.0	2513.0	89.0	2153.0	498.0	869.0	45.0	418.0	15.0	18.0	28.0	61.0	32.0	243.0	33.0	125.0	209.0	0.0	0.0	0.0	22.0	0.0	0.0	0.0	0.0	0.0	0.0	0.0	0.0	0.0	0.0	0.0	0.0	5.0	0.0	0.0	0.0	0.0	0.0	0.0	0.0	0.0
SRR9612569	63.0	1803.0	1944.0	186.0	4926.0	6745.0	4332.0	1061.0	8.0	2214.0	384.0	551.0	11.0	47.0	0.0	0.0	17.0	97.0	12.0	328.0	9.0	87.0	35.0	0.0	0.0	7.0	8.0	2.0	0.0	0.0	0.0	0.0	0.0	0.0	0.0	0.0	0.0	0.0	7.0	5.0	0.0	0.0	0.0	0.0	0.0	0.0	0.0	0.0
SRR9612570	103.0	457.0	13.0	0.0	24.0	164.0	4437.0	2041.0	0.0	1827.0	774.0	157.0	0.0	0.0	21.0	0.0	3.0	789.0	0.0	0.0	0.0	5.0	0.0	0.0	0.0	0.0	0.0	0.0	0.0	0.0	0.0	0.0	0.0	0.0	0.0	0.0	0.0	0.0	0.0	0.0	0.0	0.0	0.0	0.0	0.0	0.0	0.0	0.0
SRR9612571	0.0	783.0	42.0	26.0	15.0	286.0	13745.0	513.0	337.0	1364.0	469.0	78.0	79.0	0.0	15.0	0.0	0.0	651.0	0.0	0.0	4.0	3.0	0.0	0.0	0.0	0.0	0.0	0.0	0.0	0.0	0.0	0.0	0.0	0.0	0.0	0.0	0.0	0.0	0.0	0.0	0.0	0.0	0.0	0.0	0.0	0.0	0.0	0.0
SRR9612572	3899.0	219.0	21.0	0.0	24.0	484.0	9916.0	5078.0	3.0	1403.0	4165.0	210.0	3.0	99.0	162.0	0.0	11.0	356.0	0.0	0.0	9.0	3.0	0.0	0.0	0.0	0.0	0.0	0.0	0.0	0.0	0.0	0.0	0.0	0.0	241.0	0.0	0.0	0.0	0.0	0.0	0.0	0.0	0.0	0.0	0.0	0.0	0.0	0.0
SRR9612575	3152.0	1579.0	245.0	9.0	8.0	905.0	10141.0	7072.0	26.0	1781.0	553.0	507.0	138.0	1195.0	16.0	0.0	8.0	73.0	46.0	3.0	23.0	2.0	8.0	0.0	0.0	0.0	3.0	3.0	0.0	0.0	4.0	0.0	0.0	0.0	30.0	0.0	0.0	0.0	0.0	0.0	0.0	0.0	0.0	0.0	0.0	334.0	0.0	0.0
SRR9612576	1371.0	4124.0	43.0	13.0	27.0	494.0	9191.0	7323.0	0.0	2389.0	994.0	114.0	17.0	1762.0	49.0	0.0	7.0	214.0	6.0	0.0	59.0	0.0	0.0	6.0	0.0	0.0	0.0	0.0	0.0	0.0	5.0	0.0	0.0	0.0	0.0	0.0	0.0	0.0	2.0	0.0	0.0	0.0	0.0	0.0	0.0	0.0	0.0	0.0
SRR9612578	59.0	968.0	839.0	137.0	3538.0	3759.0	4397.0	1474.0	21.0	1371.0	784.0	525.0	23.0	282.0	7.0	0.0	77.0	54.0	8.0	323.0	29.0	346.0	154.0	0.0	0.0	0.0	5.0	0.0	0.0	4.0	0.0	0.0	0.0	0.0	0.0	0.0	0.0	0.0	0.0	0.0	5.0	0.0	0.0	0.0	0.0	0.0	0.0	0.0
SRR9612579	422.0	898.0	1203.0	182.0	2129.0	5311.0	4797.0	2181.0	36.0	1354.0	593.0	519.0	28.0	428.0	2.0	18.0	10.0	14.0	29.0	434.0	27.0	365.0	99.0	0.0	0.0	0.0	22.0	0.0	0.0	0.0	0.0	0.0	0.0	0.0	17.0	0.0	0.0	0.0	6.0	0.0	6.0	0.0	0.0	0.0	0.0	0.0	0.0	0.0
SRR9612580	215.0	1119.0	1586.0	220.0	3479.0	6068.0	5254.0	2516.0	30.0	2137.0	505.0	807.0	60.0	490.0	35.0	0.0	103.0	45.0	30.0	391.0	6.0	235.0	212.0	8.0	0.0	0.0	0.0	0.0	0.0	0.0	0.0	0.0	0.0	0.0	33.0	0.0	0.0	0.0	4.0	0.0	10.0	0.0	0.0	0.0	0.0	0.0	0.0	0.0
SRR9612581	71.0	1292.0	1035.0	209.0	3000.0	5148.0	5527.0	2492.0	67.0	1847.0	622.0	541.0	70.0	597.0	9.0	0.0	44.0	28.0	25.0	428.0	50.0	272.0	402.0	0.0	0.0	0.0	0.0	12.0	0.0	0.0	0.0	0.0	0.0	0.0	44.0	0.0	0.0	0.0	6.0	0.0	11.0	0.0	0.0	0.0	0.0	0.0	0.0	0.0
SRR9612582	3023.0	2149.0	60.0	12.0	68.0	251.0	8994.0	2513.0	7.0	1899.0	2067.0	116.0	8.0	410.0	8.0	0.0	8.0	218.0	3.0	7.0	54.0	4.0	5.0	4.0	0.0	0.0	102.0	0.0	0.0	0.0	0.0	0.0	0.0	0.0	0.0	0.0	0.0	0.0	0.0	0.0	0.0	0.0	0.0	0.0	0.0	0.0	0.0	0.0
SRR9612583	1004.0	1249.0	67.0	12.0	4.0	605.0	12923.0	2148.0	17.0	1048.0	1457.0	342.0	6.0	784.0	20.0	0.0	7.0	142.0	4.0	0.0	74.0	3.0	0.0	0.0	0.0	0.0	0.0	0.0	0.0	0.0	0.0	0.0	0.0	0.0	43.0	0.0	0.0	0.0	0.0	0.0	4.0	0.0	0.0	0.0	0.0	10.0	0.0	0.0
SRR9612584	145.0	2113.0	3.0	0.0	6.0	224.0	5877.0	12407.0	25.0	1753.0	785.0	92.0	36.0	1906.0	33.0	0.0	3.0	61.0	0.0	0.0	19.0	0.0	15.0	0.0	0.0	0.0	0.0	0.0	0.0	0.0	0.0	0.0	0.0	0.0	7.0	0.0	0.0	0.0	0.0	0.0	0.0	0.0	0.0	0.0	0.0	0.0	0.0	0.0
SRR9612585	95.0	1988.0	39.0	0.0	13.0	211.0	5342.0	7032.0	54.0	1080.0	806.0	37.0	8.0	1042.0	44.0	0.0	0.0	92.0	0.0	10.0	126.0	3.0	19.0	2.0	0.0	0.0	0.0	0.0	0.0	0.0	0.0	0.0	0.0	0.0	8.0	0.0	0.0	0.0	0.0	0.0	0.0	0.0	0.0	0.0	0.0	0.0	0.0	0.0
SRR9612586	548.0	3369.0	309.0	18.0	16.0	579.0	12182.0	2096.0	81.0	1454.0	940.0	352.0	18.0	131.0	7.0	0.0	322.0	293.0	0.0	0.0	364.0	0.0	0.0	0.0	0.0	0.0	0.0	0.0	0.0	0.0	0.0	0.0	0.0	0.0	35.0	0.0	0.0	0.0	0.0	0.0	0.0	0.0	0.0	0.0	0.0	0.0	0.0	0.0
SRR9612587	797.0	1361.0	40.0	0.0	25.0	276.0	6123.0	6828.0	16.0	2659.0	699.0	384.0	29.0	459.0	60.0	0.0	0.0	109.0	0.0	0.0	4.0	3.0	0.0	0.0	0.0	0.0	0.0	0.0	0.0	0.0	0.0	0.0	0.0	0.0	29.0	0.0	0.0	0.0	0.0	0.0	0.0	0.0	0.0	0.0	0.0	0.0	0.0	0.0
SRR9612588	55.0	1364.0	1549.0	130.0	2625.0	4308.0	5595.0	1394.0	80.0	1680.0	1483.0	1875.0	17.0	220.0	17.0	11.0	1123.0	0.0	5.0	298.0	32.0	91.0	87.0	0.0	0.0	0.0	6.0	0.0	0.0	0.0	4.0	0.0	0.0	0.0	0.0	0.0	0.0	0.0	3.0	12.0	7.0	0.0	0.0	0.0	0.0	0.0	0.0	0.0
SRR9612589	63.0	1147.0	1331.0	126.0	1787.0	2348.0	4010.0	532.0	17.0	994.0	640.0	464.0	17.0	110.0	0.0	0.0	458.0	136.0	13.0	144.0	27.0	81.0	30.0	0.0	0.0	0.0	3.0	0.0	0.0	0.0	0.0	0.0	0.0	0.0	0.0	5.0	0.0	0.0	2.0	0.0	0.0	0.0	0.0	0.0	0.0	0.0	0.0	0.0
SRR9612590	101.0	951.0	1408.0	134.0	2895.0	4781.0	4992.0	1109.0	61.0	1289.0	531.0	1279.0	15.0	161.0	7.0	0.0	611.0	52.0	8.0	294.0	11.0	132.0	78.0	0.0	0.0	0.0	15.0	0.0	0.0	0.0	0.0	0.0	0.0	0.0	10.0	0.0	0.0	0.0	9.0	0.0	11.0	0.0	0.0	0.0	0.0	0.0	0.0	0.0
SRR9612591	58.0	885.0	866.0	90.0	2355.0	3048.0	3166.0	721.0	34.0	823.0	384.0	480.0	17.0	185.0	0.0	9.0	31.0	27.0	6.0	128.0	18.0	45.0	48.0	0.0	0.0	0.0	0.0	0.0	0.0	6.0	0.0	0.0	0.0	0.0	0.0	0.0	0.0	0.0	4.0	0.0	6.0	0.0	0.0	0.0	0.0	0.0	0.0	0.0
SRR9612594	71.0	1793.0	2519.0	187.0	3208.0	4291.0	4195.0	511.0	35.0	1505.0	416.0	556.0	7.0	57.0	0.0	0.0	27.0	88.0	12.0	414.0	2.0	186.0	40.0	0.0	2.0	0.0	13.0	0.0	0.0	8.0	0.0	0.0	0.0	0.0	0.0	0.0	0.0	0.0	0.0	2.0	0.0	0.0	0.0	0.0	0.0	0.0	0.0	0.0
SRR9612596	316.0	996.0	1830.0	106.0	1791.0	3575.0	5452.0	985.0	26.0	1496.0	380.0	735.0	16.0	262.0	2.0	5.0	84.0	0.0	14.0	294.0	21.0	143.0	46.0	0.0	0.0	0.0	6.0	0.0	0.0	0.0	0.0	0.0	0.0	0.0	0.0	0.0	0.0	0.0	10.0	0.0	0.0	0.0	0.0	0.0	0.0	0.0	0.0	0.0
SRR9612597	63.0	1967.0	3246.0	305.0	3285.0	5472.0	4557.0	1199.0	34.0	1719.0	997.0	610.0	12.0	49.0	0.0	0.0	22.0	129.0	8.0	394.0	33.0	203.0	46.0	2.0	0.0	2.0	0.0	0.0	0.0	0.0	0.0	0.0	0.0	0.0	0.0	0.0	0.0	0.0	7.0	0.0	0.0	0.0	0.0	0.0	0.0	0.0	0.0	0.0
SRR9612599	12.0	4648.0	21.0	3.0	18.0	111.0	13782.0	1184.0	46.0	1218.0	423.0	95.0	0.0	7.0	9.0	0.0	31.0	389.0	0.0	2.0	9.0	0.0	0.0	0.0	0.0	0.0	0.0	0.0	0.0	0.0	0.0	0.0	0.0	0.0	0.0	0.0	0.0	0.0	0.0	0.0	0.0	0.0	0.0	0.0	0.0	0.0	0.0	0.0
SRR9612600	306.0	3550.0	6897.0	496.0	11868.0	16217.0	10384.0	2656.0	163.0	4767.0	854.0	2001.0	83.0	293.0	11.0	71.0	217.0	153.0	109.0	908.0	77.0	237.0	244.0	0.0	0.0	0.0	10.0	3.0	0.0	9.0	7.0	0.0	0.0	0.0	0.0	14.0	4.0	0.0	12.0	0.0	0.0	0.0	0.0	0.0	0.0	0.0	0.0	0.0
SRR9612601	213.0	2579.0	5783.0	579.0	6898.0	12115.0	10896.0	2165.0	224.0	3188.0	1699.0	1761.0	82.0	166.0	0.0	0.0	245.0	27.0	58.0	857.0	101.0	391.0	149.0	0.0	0.0	18.0	27.0	0.0	0.0	0.0	0.0	0.0	0.0	0.0	0.0	0.0	0.0	0.0	22.0	4.0	5.0	0.0	0.0	0.0	0.0	0.0	0.0	0.0
SRR9612602	152.0	3137.0	4592.0	478.0	9380.0	11520.0	11047.0	2785.0	200.0	3799.0	1254.0	1892.0	33.0	212.0	2.0	51.0	855.0	130.0	52.0	606.0	75.0	229.0	193.0	0.0	0.0	4.0	43.0	4.0	8.0	6.0	0.0	16.0	0.0	0.0	0.0	7.0	4.0	0.0	15.0	16.0	20.0	0.0	0.0	0.0	0.0	0.0	0.0	0.0
SRR9612603	221.0	2459.0	5705.0	500.0	8721.0	9453.0	11590.0	2345.0	154.0	3675.0	1440.0	2057.0	39.0	450.0	0.0	67.0	733.0	71.0	64.0	832.0	58.0	274.0	190.0	0.0	0.0	0.0	13.0	0.0	0.0	0.0	0.0	13.0	0.0	0.0	0.0	0.0	0.0	0.0	22.0	9.0	0.0	0.0	0.0	0.0	0.0	0.0	0.0	0.0
SRR9612604	209.0	3435.0	5559.0	694.0	8859.0	14214.0	10305.0	2697.0	223.0	4130.0	950.0	2179.0	61.0	641.0	4.0	31.0	32.0	154.0	106.0	757.0	92.0	291.0	239.0	0.0	4.0	0.0	26.0	0.0	0.0	3.0	11.0	10.0	0.0	0.0	0.0	0.0	0.0	0.0	34.0	9.0	7.0	0.0	0.0	17.0	0.0	0.0	0.0	0.0
SRR9612605	178.0	2652.0	5929.0	616.0	7757.0	14098.0	16177.0	2696.0	284.0	3319.0	2719.0	6430.0	219.0	311.0	4.0	13.0	3030.0	77.0	58.0	1003.0	60.0	420.0	136.0	0.0	0.0	0.0	51.0	0.0	0.0	5.0	0.0	0.0	0.0	0.0	0.0	4.0	0.0	0.0	40.0	0.0	14.0	7.0	0.0	0.0	0.0	0.0	0.0	0.0
SRR9612606	852.0	486.0	89.0	17.0	29.0	525.0	7185.0	1179.0	23.0	2748.0	500.0	234.0	15.0	152.0	118.0	0.0	110.0	462.0	0.0	0.0	125.0	0.0	0.0	0.0	0.0	0.0	3.0	0.0	0.0	0.0	0.0	0.0	0.0	0.0	0.0	0.0	0.0	0.0	0.0	0.0	0.0	3.0	0.0	0.0	0.0	0.0	0.0	0.0
SRR9612607	11.0	363.0	46.0	0.0	42.0	222.0	9706.0	720.0	43.0	1357.0	253.0	71.0	0.0	0.0	8.0	0.0	0.0	465.0	0.0	0.0	0.0	0.0	0.0	0.0	0.0	0.0	0.0	0.0	0.0	0.0	0.0	0.0	0.0	0.0	0.0	0.0	0.0	0.0	0.0	0.0	0.0	0.0	0.0	0.0	0.0	0.0	0.0	0.0
SRR9612609	31.0	5808.0	66.0	16.0	24.0	328.0	8859.0	511.0	9.0	1086.0	477.0	172.0	0.0	46.0	0.0	0.0	3.0	1740.0	0.0	0.0	20.0	0.0	0.0	0.0	0.0	0.0	0.0	0.0	0.0	0.0	0.0	0.0	0.0	0.0	0.0	0.0	0.0	0.0	0.0	0.0	0.0	0.0	0.0	0.0	0.0	0.0	0.0	0.0
SRR9612610	126.0	1360.0	1983.0	186.0	3785.0	8058.0	4934.0	1409.0	35.0	2018.0	571.0	802.0	51.0	222.0	17.0	14.0	487.0	10.0	16.0	496.0	45.0	231.0	128.0	0.0	0.0	0.0	5.0	6.0	0.0	0.0	0.0	0.0	0.0	0.0	0.0	0.0	0.0	0.0	9.0	0.0	4.0	0.0	0.0	0.0	0.0	0.0	0.0	0.0
SRR9612611	82.0	3734.0	1492.0	275.0	5983.0	5101.0	2694.0	567.0	12.0	2182.0	369.0	453.0	0.0	94.0	9.0	8.0	43.0	20.0	22.0	241.0	11.0	100.0	15.0	0.0	0.0	0.0	9.0	0.0	0.0	0.0	0.0	0.0	0.0	0.0	0.0	0.0	0.0	0.0	0.0	0.0	0.0	0.0	0.0	0.0	0.0	0.0	0.0	0.0
SRR9612616	407.0	1448.0	1439.0	116.0	2905.0	6389.0	3230.0	1577.0	26.0	2428.0	359.0	480.0	16.0	79.0	26.0	47.0	33.0	0.0	26.0	338.0	13.0	162.0	76.0	0.0	0.0	0.0	58.0	4.0	0.0	0.0	8.0	0.0	0.0	0.0	0.0	0.0	0.0	0.0	17.0	21.0	0.0	0.0	0.0	0.0	0.0	0.0	0.0	0.0
SRR9612617	532.0	1200.0	765.0	79.0	1516.0	4319.0	2370.0	1346.0	25.0	1496.0	258.0	350.0	29.0	80.0	9.0	28.0	52.0	0.0	21.0	131.0	8.0	108.0	58.0	0.0	0.0	0.0	7.0	7.0	0.0	0.0	6.0	6.0	0.0	0.0	0.0	0.0	0.0	0.0	6.0	5.0	0.0	0.0	0.0	0.0	0.0	0.0	0.0	0.0
SRR9612618	862.0	1433.0	1529.0	95.0	2368.0	5679.0	3613.0	1265.0	14.0	2092.0	468.0	491.0	16.0	88.0	28.0	39.0	23.0	0.0	52.0	274.0	20.0	111.0	87.0	0.0	0.0	0.0	25.0	0.0	0.0	0.0	8.0	0.0	0.0	0.0	2.0	0.0	0.0	0.0	5.0	0.0	0.0	0.0	0.0	0.0	0.0	0.0	0.0	0.0
SRR9612619	1106.0	1177.0	1038.0	120.0	2094.0	4410.0	2920.0	1222.0	23.0	1493.0	295.0	467.0	36.0	98.0	0.0	30.0	2.0	11.0	30.0	200.0	0.0	85.0	52.0	0.0	0.0	0.0	26.0	4.0	0.0	3.0	9.0	0.0	6.0	0.0	0.0	0.0	0.0	0.0	4.0	0.0	0.0	0.0	0.0	0.0	0.0	0.0	0.0	0.0
SRR9612620	359.0	1335.0	1287.0	88.0	2205.0	5026.0	4025.0	1278.0	41.0	1485.0	406.0	634.0	38.0	43.0	7.0	21.0	9.0	25.0	37.0	220.0	18.0	200.0	20.0	0.0	0.0	0.0	5.0	0.0	0.0	0.0	11.0	0.0	0.0	0.0	0.0	0.0	0.0	0.0	6.0	5.0	0.0	0.0	0.0	0.0	0.0	0.0	0.0	0.0
SRR9612621	154.0	1984.0	1058.0	170.0	2980.0	2658.0	2924.0	512.0	8.0	1191.0	205.0	346.0	10.0	78.0	8.0	0.0	18.0	52.0	20.0	99.0	12.0	61.0	30.0	0.0	0.0	0.0	0.0	7.0	0.0	0.0	0.0	0.0	0.0	0.0	0.0	0.0	0.0	0.0	0.0	6.0	0.0	0.0	0.0	0.0	0.0	0.0	0.0	0.0
SRR9612622	144.0	1854.0	610.0	121.0	2347.0	2508.0	1963.0	389.0	14.0	1514.0	139.0	194.0	13.0	11.0	8.0	0.0	0.0	13.0	11.0	80.0	0.0	115.0	37.0	0.0	0.0	0.0	0.0	0.0	0.0	4.0	0.0	0.0	0.0	0.0	0.0	0.0	0.0	0.0	0.0	3.0	0.0	0.0	0.0	0.0	0.0	0.0	0.0	0.0
SRR9612624	154.0	636.0	923.0	114.0	1399.0	3116.0	3477.0	844.0	32.0	685.0	344.0	515.0	7.0	234.0	0.0	0.0	32.0	16.0	18.0	200.0	8.0	110.0	32.0	0.0	0.0	0.0	6.0	0.0	0.0	0.0	0.0	0.0	0.0	0.0	0.0	0.0	0.0	0.0	5.0	0.0	0.0	0.0	0.0	0.0	0.0	0.0	0.0	0.0
SRR9612625	64.0	790.0	1084.0	142.0	1567.0	3345.0	2936.0	561.0	33.0	820.0	271.0	492.0	20.0	80.0	0.0	0.0	50.0	0.0	12.0	167.0	11.0	49.0	19.0	0.0	2.0	3.0	5.0	0.0	0.0	0.0	0.0	0.0	0.0	0.0	0.0	0.0	0.0	0.0	12.0	0.0	0.0	0.0	0.0	0.0	0.0	0.0	0.0	0.0
SRR9612626	34.0	759.0	1166.0	74.0	1888.0	2543.0	2095.0	717.0	28.0	620.0	122.0	249.0	4.0	77.0	0.0	0.0	3.0	20.0	5.0	157.0	6.0	71.0	18.0	0.0	0.0	0.0	0.0	0.0	0.0	0.0	0.0	0.0	0.0	0.0	0.0	0.0	0.0	0.0	6.0	0.0	0.0	0.0	0.0	0.0	0.0	0.0	0.0	0.0
SRR9612627	48.0	267.0	1115.0	173.0	2639.0	3775.0	3279.0	471.0	37.0	627.0	372.0	904.0	19.0	44.0	0.0	14.0	360.0	17.0	11.0	255.0	19.0	95.0	30.0	0.0	0.0	2.0	0.0	0.0	0.0	0.0	0.0	0.0	0.0	0.0	0.0	0.0	0.0	0.0	0.0	0.0	0.0	0.0	0.0	0.0	0.0	0.0	0.0	0.0
SRR9612628	37.0	743.0	1104.0	133.0	2789.0	2715.0	4643.0	599.0	89.0	557.0	457.0	512.0	9.0	79.0	0.0	18.0	130.0	0.0	5.0	102.0	33.0	74.0	50.0	0.0	0.0	0.0	3.0	0.0	0.0	0.0	0.0	0.0	0.0	0.0	0.0	0.0	0.0	0.0	4.0	0.0	14.0	0.0	0.0	0.0	0.0	0.0	0.0	0.0
SRR9612629	36.0	644.0	1083.0	73.0	2317.0	2956.0	2024.0	499.0	34.0	733.0	149.0	512.0	3.0	47.0	0.0	0.0	156.0	0.0	10.0	136.0	21.0	38.0	36.0	0.0	0.0	0.0	5.0	0.0	0.0	0.0	0.0	0.0	2.0	0.0	0.0	0.0	0.0	0.0	5.0	0.0	0.0	0.0	0.0	0.0	0.0	0.0	0.0	0.0
SRR9612631	156.0	53.0	1177.0	184.0	2696.0	3706.0	2901.0	523.0	101.0	482.0	418.0	636.0	12.0	92.0	5.0	0.0	73.0	27.0	7.0	168.0	23.0	72.0	32.0	0.0	0.0	0.0	9.0	0.0	0.0	6.0	0.0	0.0	0.0	0.0	0.0	0.0	0.0	0.0	2.0	0.0	0.0	0.0	0.0	2.0	0.0	0.0	0.0	0.0
SRR9612632	54.0	1138.0	1709.0	176.0	3131.0	3441.0	2740.0	743.0	30.0	964.0	192.0	495.0	0.0	52.0	0.0	6.0	22.0	17.0	0.0	341.0	7.0	144.0	40.0	0.0	0.0	0.0	7.0	0.0	0.0	8.0	0.0	0.0	0.0	0.0	0.0	0.0	0.0	0.0	0.0	0.0	0.0	0.0	0.0	0.0	0.0	0.0	0.0	0.0
SRR9612634	199.0	961.0	1124.0	193.0	2282.0	4701.0	3771.0	2229.0	5.0	1669.0	423.0	372.0	6.0	398.0	10.0	25.0	140.0	13.0	23.0	371.0	4.0	246.0	112.0	7.0	0.0	0.0	14.0	7.0	0.0	0.0	0.0	0.0	0.0	0.0	4.0	0.0	0.0	0.0	4.0	0.0	0.0	0.0	0.0	0.0	0.0	0.0	0.0	0.0
SRR9612635	591.0	1364.0	1721.0	357.0	3444.0	7616.0	5677.0	3546.0	67.0	2932.0	500.0	944.0	122.0	386.0	18.0	0.0	2.0	65.0	36.0	441.0	13.0	306.0	100.0	2.0	0.0	0.0	9.0	24.0	0.0	0.0	0.0	0.0	12.0	0.0	28.0	0.0	0.0	0.0	3.0	0.0	0.0	0.0	0.0	0.0	0.0	4.0	0.0	0.0
SRR9612636	46.0	974.0	97.0	20.0	21.0	285.0	13553.0	3334.0	172.0	1278.0	2506.0	364.0	3.0	22.0	28.0	0.0	5.0	758.0	0.0	0.0	220.0	9.0	0.0	0.0	0.0	0.0	0.0	0.0	0.0	0.0	0.0	0.0	0.0	0.0	5.0	0.0	0.0	0.0	0.0	0.0	0.0	0.0	0.0	0.0	0.0	0.0	0.0	0.0
SRR9612637	252.0	7646.0	57.0	10.0	27.0	294.0	8585.0	1489.0	58.0	2569.0	683.0	120.0	24.0	70.0	0.0	0.0	12.0	494.0	0.0	0.0	0.0	0.0	0.0	0.0	0.0	0.0	0.0	0.0	0.0	0.0	0.0	0.0	0.0	0.0	0.0	0.0	0.0	0.0	0.0	0.0	0.0	3.0	0.0	0.0	0.0	0.0	0.0	0.0
SRR9612638	176.0	3233.0	144.0	5.0	33.0	282.0	6275.0	3177.0	30.0	1769.0	477.0	93.0	3.0	589.0	28.0	0.0	9.0	613.0	0.0	5.0	204.0	0.0	3.0	12.0	0.0	0.0	0.0	0.0	0.0	0.0	0.0	0.0	0.0	0.0	0.0	0.0	0.0	0.0	0.0	0.0	0.0	0.0	0.0	0.0	0.0	0.0	0.0	0.0
SRR9612639	74.0	1095.0	1215.0	170.0	2543.0	5199.0	4300.0	1628.0	50.0	1652.0	500.0	585.0	6.0	214.0	6.0	11.0	30.0	42.0	22.0	384.0	36.0	333.0	68.0	0.0	0.0	0.0	12.0	0.0	0.0	3.0	0.0	0.0	0.0	0.0	29.0	0.0	0.0	0.0	6.0	4.0	0.0	0.0	0.0	0.0	0.0	0.0	0.0	0.0
SRR9612640	197.0	3787.0	492.0	17.0	48.0	1001.0	18023.0	2594.0	44.0	3008.0	1567.0	356.0	16.0	415.0	14.0	0.0	30.0	527.0	0.0	0.0	105.0	5.0	0.0	0.0	0.0	0.0	0.0	0.0	0.0	0.0	0.0	0.0	0.0	0.0	4.0	0.0	0.0	0.0	0.0	0.0	0.0	0.0	0.0	0.0	0.0	0.0	0.0	0.0
SRR9612641	680.0	1123.0	47.0	6.0	15.0	763.0	10897.0	9752.0	7.0	1180.0	884.0	123.0	38.0	638.0	49.0	0.0	0.0	122.0	0.0	7.0	22.0	0.0	3.0	0.0	0.0	0.0	0.0	2.0	0.0	0.0	0.0	0.0	0.0	0.0	0.0	0.0	0.0	0.0	0.0	0.0	0.0	0.0	0.0	0.0	0.0	0.0	0.0	0.0
SRR9612642	307.0	543.0	911.0	136.0	1213.0	3281.0	4491.0	1502.0	25.0	1142.0	383.0	519.0	22.0	355.0	3.0	0.0	5.0	47.0	45.0	367.0	13.0	154.0	104.0	8.0	0.0	0.0	10.0	0.0	0.0	0.0	0.0	0.0	0.0	0.0	0.0	0.0	0.0	0.0	4.0	0.0	13.0	0.0	0.0	0.0	0.0	0.0	0.0	0.0
SRR9612643	348.0	1111.0	1029.0	150.0	2892.0	5278.0	3721.0	2632.0	30.0	1863.0	439.0	427.0	61.0	425.0	12.0	35.0	12.0	30.0	25.0	225.0	0.0	130.0	76.0	0.0	0.0	0.0	2.0	10.0	0.0	0.0	0.0	0.0	0.0	0.0	66.0	0.0	0.0	0.0	5.0	3.0	0.0	0.0	0.0	0.0	0.0	0.0	0.0	0.0
SRR9612644	244.0	901.0	1021.0	218.0	2193.0	4837.0	4253.0	2123.0	7.0	1394.0	503.0	581.0	12.0	429.0	16.0	19.0	42.0	15.0	29.0	341.0	9.0	254.0	85.0	0.0	0.0	0.0	0.0	0.0	0.0	3.0	0.0	0.0	0.0	0.0	5.0	0.0	0.0	0.0	0.0	0.0	9.0	0.0	0.0	0.0	0.0	0.0	0.0	0.0
SRR9612645	278.0	1079.0	1542.0	257.0	2081.0	7012.0	3809.0	1523.0	49.0	1743.0	385.0	490.0	52.0	306.0	16.0	0.0	9.0	34.0	106.0	757.0	13.0	490.0	217.0	0.0	0.0	3.0	4.0	15.0	0.0	0.0	0.0	0.0	0.0	0.0	0.0	0.0	0.0	0.0	0.0	0.0	0.0	0.0	0.0	0.0	0.0	0.0	0.0	0.0
SRR9612646	16913.0	6772.0	196.0	7.0	26.0	655.0	17348.0	4004.0	151.0	5038.0	1368.0	464.0	7.0	417.0	51.0	0.0	15.0	1020.0	0.0	0.0	68.0	10.0	0.0	6.0	0.0	0.0	0.0	0.0	0.0	0.0	0.0	0.0	0.0	0.0	0.0	0.0	0.0	0.0	0.0	0.0	0.0	0.0	0.0	0.0	0.0	0.0	0.0	0.0
SRR9612647	2637.0	521.0	0.0	0.0	11.0	478.0	5261.0	316.0	5.0	485.0	645.0	87.0	5.0	8.0	0.0	0.0	41.0	95.0	0.0	0.0	6.0	0.0	0.0	0.0	0.0	0.0	0.0	0.0	0.0	0.0	0.0	0.0	0.0	0.0	0.0	0.0	0.0	0.0	0.0	0.0	0.0	0.0	0.0	0.0	0.0	0.0	0.0	0.0
SRR9612648	110.0	6509.0	911.0	83.0	2794.0	1818.0	2295.0	670.0	11.0	3250.0	207.0	306.0	0.0	45.0	11.0	0.0	50.0	31.0	10.0	61.0	6.0	44.0	14.0	0.0	0.0	0.0	5.0	0.0	0.0	0.0	0.0	0.0	0.0	0.0	0.0	0.0	0.0	0.0	0.0	0.0	0.0	0.0	0.0	0.0	0.0	0.0	0.0	0.0
SRR9612649	214.0	6604.0	1005.0	78.0	3449.0	2222.0	2057.0	655.0	3.0	3231.0	316.0	172.0	2.0	21.0	4.0	0.0	50.0	0.0	0.0	63.0	2.0	16.0	8.0	0.0	0.0	0.0	15.0	0.0	0.0	0.0	0.0	0.0	0.0	0.0	0.0	0.0	0.0	0.0	3.0	7.0	0.0	0.0	0.0	0.0	0.0	0.0	0.0	0.0
SRR9612650	358.0	1275.0	4.0	0.0	6.0	124.0	1791.0	7149.0	39.0	445.0	298.0	68.0	0.0	19.0	22.0	0.0	2.0	160.0	0.0	3.0	0.0	0.0	0.0	0.0	0.0	0.0	0.0	0.0	0.0	0.0	0.0	0.0	0.0	0.0	0.0	0.0	0.0	0.0	0.0	0.0	0.0	0.0	0.0	0.0	0.0	0.0	0.0	0.0
SRR9612651	582.0	796.0	47.0	12.0	45.0	169.0	5649.0	7123.0	57.0	604.0	219.0	91.0	7.0	0.0	35.0	0.0	4.0	70.0	0.0	0.0	9.0	7.0	3.0	0.0	0.0	0.0	0.0	0.0	0.0	0.0	0.0	0.0	0.0	0.0	0.0	0.0	0.0	0.0	0.0	0.0	0.0	0.0	0.0	0.0	0.0	8.0	0.0	0.0
SRR9612653	289.0	494.0	24.0	9.0	15.0	230.0	2561.0	21924.0	6.0	784.0	435.0	60.0	10.0	81.0	24.0	0.0	0.0	39.0	0.0	9.0	0.0	0.0	12.0	7.0	0.0	0.0	0.0	5.0	0.0	0.0	0.0	0.0	0.0	0.0	0.0	0.0	0.0	0.0	0.0	0.0	0.0	0.0	0.0	0.0	0.0	0.0	0.0	0.0
SRR9612655	315.0	333.0	23.0	2.0	13.0	208.0	4069.0	13118.0	39.0	710.0	567.0	249.0	6.0	24.0	27.0	0.0	12.0	125.0	0.0	0.0	3.0	5.0	7.0	4.0	0.0	0.0	0.0	0.0	0.0	0.0	0.0	0.0	0.0	0.0	0.0	0.0	0.0	0.0	0.0	0.0	0.0	0.0	0.0	0.0	0.0	0.0	0.0	0.0
SRR9612656	1544.0	4886.0	20.0	0.0	0.0	73.0	2637.0	2019.0	5.0	693.0	151.0	48.0	0.0	30.0	0.0	0.0	2.0	57.0	0.0	0.0	0.0	0.0	0.0	0.0	0.0	0.0	0.0	0.0	0.0	0.0	0.0	0.0	0.0	0.0	0.0	0.0	0.0	0.0	0.0	0.0	0.0	0.0	0.0	0.0	0.0	0.0	0.0	0.0
SRR9612657	1761.0	2657.0	14.0	8.0	27.0	177.0	1149.0	5274.0	19.0	2503.0	360.0	120.0	9.0	20.0	13.0	0.0	0.0	102.0	0.0	0.0	2.0	0.0	0.0	0.0	0.0	0.0	0.0	0.0	0.0	0.0	0.0	0.0	0.0	0.0	8.0	0.0	0.0	0.0	0.0	0.0	0.0	0.0	0.0	0.0	0.0	0.0	0.0	0.0
SRR9612658	3.0	11613.0	7.0	0.0	31.0	129.0	967.0	1524.0	71.0	1009.0	188.0	53.0	0.0	0.0	0.0	0.0	4.0	187.0	0.0	0.0	0.0	0.0	0.0	0.0	0.0	0.0	0.0	0.0	0.0	0.0	0.0	0.0	0.0	0.0	0.0	0.0	0.0	0.0	0.0	0.0	0.0	0.0	0.0	0.0	0.0	0.0	0.0	0.0
SRR9612660	63.0	2639.0	2777.0	298.0	5184.0	7554.0	7463.0	2406.0	121.0	3088.0	1028.0	1097.0	15.0	355.0	9.0	13.0	21.0	226.0	44.0	486.0	62.0	440.0	81.0	0.0	0.0	0.0	6.0	0.0	0.0	0.0	0.0	0.0	0.0	0.0	5.0	0.0	0.0	0.0	17.0	0.0	0.0	4.0	0.0	0.0	0.0	0.0	0.0	0.0
SRR9612661	271.0	2184.0	3289.0	366.0	5501.0	8139.0	6143.0	2439.0	35.0	3698.0	917.0	1196.0	109.0	293.0	20.0	31.0	482.0	75.0	74.0	891.0	121.0	612.0	178.0	0.0	0.0	0.0	26.0	5.0	0.0	0.0	0.0	0.0	0.0	0.0	8.0	0.0	0.0	0.0	9.0	4.0	17.0	0.0	0.0	0.0	5.0	0.0	0.0	0.0
SRR9612662	118.0	6722.0	192.0	7.0	46.0	425.0	4741.0	2818.0	97.0	1768.0	936.0	185.0	2.0	60.0	13.0	0.0	178.0	1144.0	0.0	0.0	136.0	0.0	0.0	0.0	0.0	0.0	0.0	0.0	0.0	0.0	0.0	0.0	0.0	0.0	0.0	0.0	0.0	0.0	0.0	0.0	0.0	0.0	0.0	0.0	0.0	0.0	0.0	0.0
SRR9612663	148.0	461.0	50.0	5.0	36.0	183.0	5252.0	12261.0	3.0	1582.0	909.0	216.0	3.0	83.0	68.0	0.0	21.0	318.0	0.0	0.0	27.0	0.0	15.0	0.0	0.0	0.0	0.0	0.0	0.0	0.0	0.0	0.0	0.0	0.0	28.0	0.0	0.0	0.0	0.0	0.0	0.0	0.0	0.0	0.0	0.0	0.0	0.0	0.0
SRR9612664	164.0	3218.0	3926.0	602.0	5652.0	10237.0	12099.0	2267.0	102.0	5719.0	1161.0	1986.0	46.0	197.0	0.0	0.0	322.0	324.0	52.0	575.0	28.0	362.0	131.0	0.0	2.0	12.0	15.0	0.0	0.0	0.0	0.0	0.0	0.0	0.0	0.0	12.0	0.0	0.0	11.0	11.0	14.0	0.0	0.0	0.0	0.0	0.0	0.0	0.0
SRR9612665	57.0	2625.0	3342.0	486.0	7326.0	10321.0	8683.0	2124.0	57.0	4411.0	1379.0	1049.0	37.0	246.0	24.0	0.0	33.0	324.0	34.0	473.0	35.0	350.0	56.0	0.0	0.0	0.0	10.0	0.0	0.0	0.0	0.0	0.0	0.0	3.0	0.0	0.0	2.0	0.0	25.0	0.0	5.0	0.0	0.0	0.0	0.0	0.0	0.0	0.0
SRR9612666	249.0	2279.0	2146.0	287.0	5282.0	6888.0	5430.0	4013.0	72.0	3304.0	656.0	1197.0	66.0	443.0	29.0	5.0	39.0	82.0	14.0	356.0	76.0	215.0	264.0	0.0	0.0	0.0	6.0	6.0	0.0	0.0	4.0	22.0	8.0	0.0	8.0	0.0	0.0	0.0	9.0	4.0	0.0	0.0	0.0	0.0	0.0	0.0	0.0	0.0
SRR9612667	487.0	2779.0	3228.0	572.0	5496.0	9052.0	8489.0	3223.0	69.0	5175.0	928.0	1671.0	34.0	386.0	11.0	0.0	153.0	87.0	59.0	837.0	54.0	462.0	159.0	0.0	0.0	0.0	15.0	0.0	0.0	0.0	0.0	0.0	0.0	3.0	35.0	0.0	0.0	0.0	21.0	15.0	32.0	0.0	0.0	0.0	1.0	0.0	0.0	0.0
SRR9612668	15.0	6035.0	109.0	19.0	76.0	323.0	11500.0	2495.0	106.0	1960.0	975.0	99.0	3.0	0.0	0.0	0.0	0.0	1346.0	0.0	0.0	134.0	0.0	0.0	0.0	0.0	0.0	0.0	0.0	0.0	0.0	0.0	0.0	0.0	0.0	0.0	0.0	0.0	0.0	0.0	0.0	0.0	0.0	0.0	0.0	0.0	0.0	0.0	0.0
SRR9612669	340.0	3670.0	293.0	68.0	115.0	842.0	10077.0	6490.0	64.0	4241.0	1673.0	417.0	35.0	473.0	36.0	0.0	21.0	807.0	0.0	10.0	496.0	0.0	14.0	6.0	0.0	0.0	0.0	3.0	0.0	0.0	0.0	0.0	0.0	0.0	0.0	0.0	0.0	0.0	0.0	0.0	0.0	0.0	0.0	0.0	0.0	0.0	0.0	0.0
SRR9612670	62.0	2351.0	3616.0	182.0	3461.0	6719.0	4842.0	1245.0	66.0	2400.0	580.0	1008.0	33.0	11.0	7.0	0.0	69.0	29.0	9.0	542.0	41.0	192.0	89.0	0.0	0.0	0.0	31.0	0.0	0.0	3.0	0.0	0.0	0.0	0.0	0.0	0.0	0.0	0.0	13.0	0.0	21.0	0.0	0.0	0.0	0.0	0.0	0.0	0.0
SRR9612671	136.0	657.0	2043.0	184.0	2792.0	4846.0	8089.0	936.0	139.0	1312.0	1440.0	1113.0	30.0	66.0	0.0	8.0	290.0	46.0	15.0	214.0	45.0	85.0	60.0	0.0	0.0	5.0	21.0	0.0	0.0	4.0	0.0	0.0	0.0	0.0	0.0	0.0	0.0	0.0	6.0	8.0	21.0	0.0	0.0	0.0	0.0	0.0	0.0	0.0
SRR9612672	38.0	1830.0	3191.0	324.0	3668.0	7887.0	5089.0	1344.0	118.0	2778.0	907.0	1029.0	13.0	32.0	0.0	0.0	15.0	25.0	27.0	383.0	58.0	165.0	122.0	0.0	0.0	0.0	36.0	0.0	0.0	0.0	0.0	0.0	0.0	0.0	0.0	0.0	0.0	0.0	17.0	0.0	19.0	4.0	0.0	0.0	0.0	0.0	0.0	0.0
SRR9612673	74.0	1448.0	2633.0	404.0	3049.0	6201.0	6193.0	1415.0	103.0	2295.0	1310.0	1687.0	30.0	68.0	2.0	0.0	124.0	31.0	18.0	229.0	33.0	110.0	98.0	0.0	0.0	8.0	43.0	0.0	0.0	0.0	0.0	0.0	0.0	0.0	0.0	0.0	0.0	0.0	35.0	0.0	22.0	0.0	0.0	0.0	0.0	0.0	0.0	0.0
SRR9612675	0.0	2756.0	115.0	12.0	63.0	227.0	2845.0	1691.0	1166.0	1633.0	1226.0	167.0	2.0	0.0	0.0	0.0	18.0	139.0	0.0	7.0	0.0	3.0	0.0	0.0	0.0	0.0	4.0	0.0	0.0	0.0	0.0	0.0	0.0	0.0	0.0	0.0	0.0	0.0	0.0	0.0	0.0	0.0	0.0	0.0	0.0	0.0	0.0	0.0
SRR9612676	81.0	2027.0	2852.0	220.0	4214.0	5687.0	5346.0	1178.0	115.0	1919.0	703.0	949.0	15.0	35.0	0.0	0.0	9.0	30.0	15.0	283.0	41.0	120.0	126.0	0.0	0.0	0.0	35.0	0.0	2.0	6.0	0.0	0.0	0.0	0.0	0.0	0.0	0.0	0.0	12.0	0.0	23.0	0.0	0.0	4.0	0.0	0.0	0.0	0.0
SRR9612677	0.0	330.0	61.0	3.0	92.0	136.0	7133.0	1782.0	328.0	1485.0	1067.0	108.0	2.0	41.0	0.0	0.0	74.0	255.0	0.0	6.0	0.0	0.0	0.0	0.0	0.0	0.0	0.0	0.0	0.0	0.0	0.0	0.0	0.0	0.0	0.0	0.0	0.0	0.0	0.0	0.0	0.0	0.0	0.0	0.0	0.0	0.0	0.0	0.0
SRR9612678	86.0	4000.0	5109.0	826.0	7583.0	10971.0	8855.0	1996.0	114.0	5047.0	1167.0	1979.0	11.0	121.0	0.0	8.0	229.0	143.0	56.0	926.0	73.0	308.0	126.0	0.0	0.0	3.0	8.0	0.0	3.0	0.0	0.0	0.0	0.0	0.0	0.0	0.0	0.0	0.0	31.0	2.0	16.0	2.0	0.0	0.0	0.0	0.0	0.0	0.0
SRR9612679	192.0	2018.0	2246.0	312.0	4180.0	4626.0	8648.0	1298.0	219.0	2143.0	1675.0	1487.0	80.0	50.0	6.0	0.0	213.0	76.0	17.0	198.0	42.0	83.0	105.0	0.0	0.0	0.0	25.0	0.0	0.0	3.0	0.0	0.0	0.0	0.0	5.0	0.0	0.0	0.0	15.0	0.0	11.0	15.0	0.0	0.0	0.0	0.0	0.0	0.0
SRR9612680	47.0	1061.0	1863.0	220.0	3312.0	5540.0	5285.0	876.0	90.0	2288.0	1531.0	1126.0	25.0	50.0	0.0	0.0	289.0	34.0	6.0	250.0	19.0	131.0	44.0	0.0	0.0	3.0	26.0	0.0	5.0	0.0	0.0	0.0	0.0	0.0	0.0	0.0	0.0	0.0	4.0	0.0	5.0	0.0	0.0	0.0	0.0	0.0	0.0	0.0
SRR9612681	463.0	2359.0	3127.0	434.0	4045.0	9721.0	5224.0	3231.0	85.0	3445.0	770.0	1089.0	113.0	378.0	14.0	0.0	25.0	73.0	11.0	772.0	38.0	547.0	353.0	0.0	0.0	0.0	37.0	0.0	0.0	5.0	0.0	8.0	0.0	0.0	10.0	0.0	0.0	0.0	6.0	0.0	5.0	0.0	0.0	0.0	0.0	0.0	0.0	0.0
SRR9612682	84.0	1679.0	2210.0	163.0	3446.0	4763.0	5767.0	1287.0	67.0	1633.0	930.0	708.0	34.0	101.0	3.0	0.0	225.0	39.0	12.0	271.0	27.0	45.0	138.0	0.0	0.0	4.0	14.0	0.0	0.0	5.0	0.0	0.0	0.0	0.0	0.0	0.0	0.0	0.0	6.0	0.0	10.0	0.0	0.0	0.0	0.0	0.0	0.0	0.0
SRR9612683	33.0	1621.0	1734.0	148.0	2582.0	3126.0	3892.0	828.0	78.0	1499.0	782.0	661.0	28.0	32.0	0.0	0.0	82.0	16.0	14.0	178.0	42.0	28.0	55.0	0.0	0.0	0.0	24.0	0.0	4.0	0.0	0.0	0.0	0.0	0.0	0.0	0.0	0.0	0.0	5.0	0.0	4.0	0.0	0.0	0.0	0.0	0.0	0.0	0.0
SRR9612685	34.0	999.0	1592.0	151.0	2834.0	3989.0	3261.0	938.0	79.0	1011.0	363.0	498.0	10.0	75.0	0.0	0.0	58.0	20.0	15.0	187.0	8.0	54.0	32.0	0.0	0.0	0.0	13.0	0.0	0.0	0.0	0.0	0.0	0.0	0.0	0.0	0.0	0.0	0.0	0.0	0.0	0.0	0.0	0.0	0.0	0.0	0.0	0.0	0.0
SRR9612690	59.0	2342.0	1220.0	136.0	2439.0	3216.0	2969.0	883.0	60.0	1230.0	459.0	492.0	0.0	60.0	0.0	2.0	25.0	26.0	5.0	125.0	57.0	33.0	57.0	0.0	0.0	0.0	8.0	0.0	0.0	0.0	0.0	0.0	0.0	0.0	0.0	0.0	0.0	0.0	4.0	0.0	0.0	0.0	0.0	0.0	0.0	0.0	0.0	0.0
SRR9612691	88.0	1964.0	2041.0	165.0	4690.0	5496.0	4386.0	1296.0	65.0	2153.0	338.0	908.0	12.0	64.0	0.0	43.0	272.0	24.0	25.0	361.0	9.0	73.0	99.0	0.0	0.0	0.0	13.0	0.0	0.0	2.0	0.0	0.0	0.0	0.0	0.0	0.0	0.0	0.0	4.0	0.0	9.0	0.0	0.0	0.0	0.0	0.0	0.0	0.0
SRR9612692	13.0	6202.0	47.0	0.0	39.0	130.0	5921.0	656.0	16.0	1046.0	359.0	243.0	0.0	13.0	3.0	0.0	6.0	1503.0	0.0	0.0	0.0	0.0	0.0	0.0	0.0	0.0	0.0	0.0	0.0	0.0	0.0	0.0	0.0	0.0	0.0	0.0	0.0	0.0	0.0	0.0	0.0	0.0	0.0	0.0	0.0	0.0	0.0	0.0
SRR9612693	121.0	2328.0	2126.0	309.0	4076.0	7700.0	5756.0	1057.0	101.0	2001.0	1153.0	978.0	37.0	100.0	0.0	3.0	74.0	68.0	13.0	517.0	27.0	256.0	63.0	0.0	0.0	0.0	11.0	0.0	0.0	0.0	0.0	0.0	0.0	0.0	0.0	0.0	0.0	0.0	4.0	0.0	0.0	0.0	0.0	0.0	0.0	0.0	0.0	0.0
SRR9612694	520.0	679.0	13.0	0.0	27.0	667.0	2753.0	6673.0	0.0	2023.0	972.0	311.0	0.0	59.0	59.0	0.0	12.0	269.0	0.0	0.0	0.0	3.0	0.0	0.0	0.0	0.0	0.0	0.0	0.0	0.0	0.0	0.0	0.0	0.0	5.0	0.0	0.0	0.0	0.0	0.0	0.0	0.0	0.0	0.0	0.0	0.0	0.0	0.0
SRR9612697	29.0	783.0	1123.0	93.0	2185.0	2905.0	7574.0	614.0	19.0	946.0	512.0	476.0	18.0	111.0	0.0	0.0	0.0	67.0	15.0	133.0	0.0	65.0	27.0	0.0	0.0	0.0	11.0	0.0	0.0	0.0	0.0	0.0	0.0	0.0	0.0	5.0	0.0	0.0	16.0	0.0	21.0	0.0	0.0	0.0	0.0	0.0	0.0	0.0
SRR9612698	48.0	1830.0	2659.0	233.0	4867.0	4880.0	3701.0	1016.0	41.0	1480.0	301.0	418.0	11.0	63.0	0.0	9.0	6.0	14.0	14.0	405.0	6.0	123.0	51.0	0.0	0.0	0.0	0.0	0.0	0.0	5.0	0.0	0.0	0.0	0.0	0.0	0.0	0.0	0.0	8.0	5.0	0.0	0.0	0.0	0.0	0.0	0.0	0.0	0.0
SRR9612699	75.0	1157.0	1637.0	103.0	2551.0	4105.0	3391.0	804.0	12.0	1252.0	437.0	760.0	11.0	32.0	0.0	0.0	765.0	17.0	11.0	298.0	31.0	117.0	51.0	0.0	0.0	0.0	24.0	0.0	0.0	0.0	0.0	0.0	0.0	0.0	0.0	0.0	0.0	0.0	7.0	8.0	0.0	0.0	0.0	0.0	0.0	0.0	0.0	0.0
SRR9612700	47.0	1556.0	1760.0	112.0	3394.0	4371.0	2412.0	1042.0	29.0	1535.0	278.0	303.0	10.0	31.0	0.0	22.0	2.0	29.0	15.0	277.0	17.0	60.0	42.0	0.0	0.0	0.0	6.0	3.0	0.0	0.0	0.0	0.0	0.0	0.0	0.0	0.0	0.0	0.0	2.0	0.0	9.0	0.0	0.0	0.0	0.0	0.0	0.0	0.0
SRR9612701	127.0	1999.0	2140.0	185.0	3737.0	3883.0	4866.0	841.0	11.0	1645.0	455.0	593.0	14.0	59.0	2.0	15.0	9.0	51.0	26.0	229.0	0.0	90.0	31.0	0.0	0.0	0.0	14.0	0.0	0.0	3.0	0.0	4.0	0.0	0.0	0.0	0.0	0.0	0.0	0.0	0.0	0.0	0.0	0.0	0.0	0.0	0.0	0.0	0.0
SRR9612702	84.0	1523.0	2558.0	159.0	4171.0	7204.0	3815.0	1290.0	38.0	2244.0	275.0	645.0	14.0	118.0	2.0	10.0	33.0	20.0	18.0	541.0	35.0	215.0	93.0	0.0	0.0	0.0	0.0	0.0	0.0	3.0	0.0	0.0	0.0	0.0	0.0	0.0	0.0	0.0	14.0	3.0	15.0	0.0	0.0	0.0	0.0	0.0	0.0	0.0
SRR9612703	64.0	1626.0	2175.0	158.0	3492.0	4463.0	3503.0	853.0	29.0	1501.0	499.0	500.0	20.0	45.0	0.0	12.0	48.0	80.0	12.0	251.0	26.0	125.0	33.0	0.0	0.0	0.0	0.0	0.0	0.0	0.0	0.0	0.0	0.0	0.0	4.0	0.0	0.0	0.0	5.0	3.0	5.0	0.0	0.0	0.0	0.0	0.0	0.0	0.0
SRR9612704	69.0	2313.0	2457.0	168.0	5638.0	5904.0	5566.0	1537.0	31.0	1839.0	589.0	904.0	17.0	219.0	3.0	12.0	303.0	16.0	0.0	439.0	48.0	194.0	83.0	0.0	0.0	0.0	15.0	0.0	0.0	5.0	0.0	0.0	0.0	0.0	0.0	0.0	0.0	0.0	5.0	0.0	6.0	0.0	0.0	0.0	0.0	0.0	0.0	0.0
SRR9612708	212.0	1183.0	1242.0	64.0	2448.0	4150.0	3000.0	1021.0	32.0	1243.0	372.0	358.0	33.0	111.0	13.0	22.0	70.0	34.0	28.0	246.0	23.0	98.0	74.0	0.0	7.0	0.0	3.0	0.0	0.0	0.0	0.0	9.0	0.0	0.0	0.0	0.0	0.0	0.0	5.0	0.0	0.0	0.0	0.0	0.0	0.0	0.0	0.0	0.0
SRR9612709	314.0	805.0	521.0	45.0	1743.0	2949.0	2252.0	1146.0	26.0	859.0	300.0	330.0	11.0	86.0	0.0	14.0	154.0	8.0	6.0	153.0	0.0	121.0	43.0	0.0	0.0	0.0	0.0	0.0	0.0	4.0	0.0	0.0	0.0	0.0	0.0	7.0	0.0	0.0	8.0	6.0	0.0	0.0	0.0	0.0	0.0	0.0	0.0	0.0
SRR9612710	351.0	685.0	691.0	60.0	1737.0	2867.0	2554.0	963.0	22.0	1095.0	415.0	265.0	18.0	104.0	12.0	22.0	110.0	27.0	28.0	171.0	17.0	62.0	44.0	0.0	2.0	0.0	29.0	4.0	3.0	0.0	0.0	0.0	0.0	0.0	0.0	0.0	0.0	0.0	8.0	8.0	0.0	0.0	0.0	0.0	0.0	0.0	0.0	0.0
SRR9612711	130.0	1777.0	2995.0	210.0	3624.0	8654.0	5216.0	1707.0	42.0	2291.0	550.0	997.0	45.0	216.0	0.0	24.0	19.0	39.0	38.0	566.0	26.0	527.0	124.0	0.0	0.0	0.0	23.0	0.0	0.0	0.0	0.0	0.0	0.0	0.0	0.0	0.0	0.0	0.0	7.0	0.0	0.0	0.0	0.0	0.0	0.0	0.0	0.0	0.0
SRR9612712	31.0	4701.0	6.0	0.0	0.0	158.0	6536.0	1068.0	31.0	2194.0	3012.0	80.0	0.0	7.0	0.0	0.0	0.0	196.0	0.0	0.0	9.0	0.0	0.0	0.0	0.0	0.0	0.0	0.0	0.0	0.0	0.0	0.0	0.0	0.0	3.0	0.0	0.0	0.0	0.0	0.0	0.0	0.0	0.0	0.0	0.0	0.0	0.0	0.0
SRR9612713	815.0	1248.0	3.0	0.0	7.0	122.0	9883.0	888.0	34.0	728.0	906.0	75.0	0.0	55.0	15.0	0.0	2.0	562.0	0.0	0.0	46.0	0.0	0.0	0.0	0.0	0.0	0.0	0.0	0.0	0.0	0.0	0.0	0.0	0.0	44.0	0.0	0.0	0.0	0.0	0.0	0.0	0.0	0.0	0.0	0.0	0.0	0.0	0.0
SRR9612714	37.0	1305.0	1872.0	177.0	3507.0	7538.0	4056.0	1025.0	67.0	1890.0	490.0	763.0	20.0	137.0	0.0	0.0	4.0	116.0	25.0	335.0	42.0	227.0	40.0	0.0	0.0	0.0	0.0	0.0	0.0	0.0	0.0	0.0	0.0	0.0	0.0	7.0	0.0	0.0	5.0	2.0	0.0	0.0	0.0	0.0	0.0	0.0	0.0	0.0
SRR9612715	78.0	2426.0	2088.0	286.0	6251.0	4760.0	2226.0	604.0	18.0	2083.0	512.0	439.0	9.0	82.0	0.0	13.0	20.0	42.0	10.0	247.0	17.0	88.0	46.0	0.0	0.0	0.0	0.0	2.0	0.0	0.0	0.0	11.0	0.0	0.0	0.0	0.0	7.0	0.0	0.0	0.0	0.0	0.0	0.0	0.0	0.0	0.0	0.0	0.0
SRR9612716	54.0	1396.0	1963.0	173.0	4533.0	7995.0	4841.0	1206.0	50.0	1632.0	267.0	566.0	24.0	225.0	3.0	0.0	32.0	40.0	15.0	530.0	8.0	156.0	103.0	0.0	0.0	0.0	4.0	0.0	0.0	0.0	0.0	6.0	0.0	0.0	0.0	0.0	0.0	0.0	5.0	7.0	0.0	0.0	0.0	0.0	0.0	0.0	0.0	0.0
SRR9612717	106.0	3151.0	1212.0	293.0	6911.0	3466.0	2200.0	402.0	7.0	1755.0	485.0	366.0	2.0	49.0	0.0	13.0	30.0	11.0	5.0	111.0	0.0	56.0	39.0	0.0	2.0	0.0	6.0	0.0	0.0	9.0	0.0	0.0	0.0	0.0	0.0	0.0	0.0	0.0	0.0	8.0	8.0	0.0	0.0	0.0	0.0	0.0	0.0	0.0
SRR9612718	54.0	2234.0	1682.0	388.0	4748.0	4764.0	2350.0	449.0	16.0	1887.0	301.0	470.0	0.0	55.0	0.0	13.0	11.0	33.0	20.0	200.0	5.0	122.0	47.0	0.0	0.0	0.0	0.0	0.0	0.0	0.0	0.0	0.0	0.0	0.0	0.0	0.0	0.0	0.0	6.0	0.0	11.0	0.0	0.0	0.0	0.0	0.0	0.0	0.0
SRR9612719	42.0	1483.0	1555.0	109.0	3320.0	5042.0	2498.0	801.0	0.0	1352.0	201.0	374.0	14.0	104.0	10.0	13.0	48.0	16.0	4.0	372.0	12.0	145.0	43.0	5.0	0.0	0.0	4.0	0.0	0.0	0.0	0.0	0.0	0.0	0.0	0.0	0.0	0.0	0.0	0.0	0.0	4.0	0.0	0.0	0.0	0.0	0.0	0.0	0.0
SRR9612720	102.0	2168.0	2113.0	243.0	6298.0	8630.0	5048.0	2138.0	16.0	1894.0	476.0	628.0	20.0	229.0	0.0	21.0	30.0	38.0	8.0	347.0	26.0	167.0	77.0	0.0	0.0	0.0	0.0	0.0	0.0	3.0	0.0	0.0	0.0	0.0	5.0	0.0	0.0	0.0	9.0	0.0	0.0	0.0	0.0	0.0	0.0	0.0	0.0	0.0
SRR9612721	253.0	1980.0	2597.0	370.0	3971.0	9942.0	8363.0	2097.0	80.0	2308.0	1465.0	965.0	15.0	269.0	3.0	0.0	12.0	54.0	59.0	547.0	110.0	430.0	71.0	0.0	0.0	3.0	13.0	0.0	0.0	0.0	0.0	0.0	0.0	0.0	13.0	5.0	0.0	0.0	14.0	0.0	10.0	10.0	0.0	0.0	0.0	0.0	0.0	0.0
SRR9612723	310.0	1413.0	2031.0	130.0	2647.0	5779.0	6731.0	833.0	113.0	2015.0	1616.0	3154.0	13.0	94.0	4.0	0.0	4593.0	22.0	23.0	384.0	2.0	60.0	72.0	0.0	0.0	3.0	9.0	0.0	0.0	0.0	0.0	0.0	0.0	0.0	0.0	0.0	0.0	0.0	5.0	0.0	8.0	0.0	0.0	0.0	0.0	0.0	0.0	0.0
SRR9612724	312.0	1146.0	2943.0	267.0	3337.0	8555.0	5865.0	2376.0	61.0	2809.0	899.0	1387.0	10.0	386.0	24.0	0.0	12.0	84.0	45.0	512.0	73.0	217.0	172.0	0.0	0.0	0.0	25.0	0.0	0.0	0.0	2.0	0.0	0.0	0.0	8.0	7.0	0.0	0.0	9.0	0.0	0.0	0.0	0.0	0.0	0.0	0.0	0.0	0.0
SRR9612725	270.0	965.0	1110.0	112.0	2390.0	4287.0	3717.0	2888.0	39.0	1598.0	482.0	471.0	20.0	416.0	22.0	0.0	37.0	54.0	8.0	252.0	7.0	204.0	181.0	0.0	0.0	0.0	0.0	0.0	0.0	0.0	0.0	0.0	0.0	0.0	29.0	0.0	0.0	0.0	0.0	0.0	0.0	2.0	0.0	0.0	0.0	0.0	0.0	0.0
SRR9612726	379.0	1614.0	1442.0	336.0	2492.0	6191.0	5729.0	3597.0	72.0	2608.0	524.0	818.0	86.0	687.0	14.0	39.0	40.0	67.0	28.0	509.0	25.0	303.0	193.0	7.0	0.0	0.0	12.0	0.0	0.0	4.0	0.0	0.0	0.0	0.0	18.0	0.0	0.0	0.0	5.0	3.0	0.0	0.0	0.0	0.0	0.0	0.0	0.0	0.0
SRR9612727	0.0	5188.0	62.0	0.0	20.0	355.0	8924.0	1522.0	47.0	2843.0	1175.0	100.0	0.0	29.0	4.0	0.0	0.0	682.0	0.0	0.0	222.0	3.0	0.0	0.0	0.0	0.0	0.0	0.0	0.0	0.0	0.0	0.0	0.0	0.0	2.0	0.0	0.0	0.0	0.0	0.0	0.0	0.0	0.0	0.0	0.0	0.0	0.0	0.0
SRR9612728	145.0	818.0	35.0	4.0	35.0	268.0	7544.0	2514.0	29.0	1425.0	426.0	62.0	11.0	1348.0	64.0	0.0	3.0	43.0	0.0	0.0	19.0	3.0	14.0	2.0	0.0	0.0	0.0	0.0	0.0	0.0	0.0	0.0	0.0	0.0	46.0	0.0	0.0	0.0	0.0	0.0	0.0	0.0	0.0	0.0	0.0	0.0	0.0	0.0
SRR9612729	161.0	3326.0	185.0	19.0	27.0	707.0	16831.0	3236.0	87.0	3870.0	705.0	155.0	2.0	446.0	30.0	0.0	4.0	604.0	2.0	0.0	290.0	9.0	0.0	0.0	0.0	0.0	0.0	0.0	0.0	0.0	0.0	0.0	0.0	0.0	0.0	0.0	0.0	0.0	0.0	0.0	0.0	0.0	0.0	0.0	0.0	0.0	0.0	0.0
SRR9612730	507.0	947.0	79.0	0.0	38.0	293.0	9961.0	8233.0	53.0	1101.0	1223.0	276.0	2.0	881.0	92.0	0.0	14.0	287.0	0.0	0.0	12.0	3.0	3.0	0.0	0.0	0.0	0.0	0.0	0.0	0.0	0.0	0.0	0.0	0.0	136.0	0.0	0.0	0.0	0.0	0.0	0.0	0.0	0.0	0.0	0.0	0.0	0.0	0.0
SRR9612731	97.0	1164.0	1304.0	204.0	3036.0	5898.0	5247.0	1971.0	27.0	1763.0	451.0	612.0	14.0	285.0	11.0	24.0	115.0	77.0	26.0	311.0	20.0	149.0	119.0	22.0	0.0	0.0	0.0	5.0	0.0	0.0	0.0	0.0	0.0	0.0	0.0	0.0	0.0	0.0	9.0	6.0	0.0	0.0	0.0	0.0	0.0	0.0	0.0	0.0
SRR9612732	401.0	715.0	1114.0	182.0	2064.0	4825.0	6058.0	1645.0	17.0	1272.0	480.0	422.0	31.0	293.0	6.0	0.0	15.0	29.0	51.0	538.0	21.0	246.0	135.0	2.0	0.0	0.0	11.0	0.0	0.0	0.0	0.0	0.0	0.0	0.0	11.0	0.0	0.0	0.0	7.0	0.0	9.0	0.0	0.0	0.0	0.0	0.0	0.0	0.0
SRR9612733	30.0	833.0	693.0	83.0	1832.0	2962.0	2694.0	1643.0	9.0	969.0	339.0	354.0	17.0	179.0	4.0	0.0	10.0	51.0	13.0	210.0	13.0	190.0	127.0	0.0	0.0	0.0	0.0	0.0	0.0	0.0	0.0	0.0	0.0	0.0	0.0	0.0	0.0	0.0	5.0	0.0	5.0	2.0	0.0	0.0	0.0	0.0	0.0	0.0
SRR9612734	106.0	877.0	1123.0	211.0	2191.0	4972.0	3934.0	1661.0	37.0	1439.0	470.0	456.0	47.0	240.0	16.0	0.0	56.0	17.0	30.0	746.0	34.0	475.0	133.0	0.0	0.0	0.0	0.0	3.0	2.0	8.0	0.0	4.0	2.0	0.0	6.0	0.0	0.0	0.0	2.0	0.0	22.0	0.0	0.0	0.0	0.0	0.0	0.0	0.0
SRR9612735	62.0	2087.0	3171.0	278.0	4930.0	9026.0	5360.0	1640.0	44.0	2163.0	570.0	891.0	23.0	124.0	6.0	12.0	24.0	74.0	28.0	529.0	17.0	299.0	112.0	0.0	0.0	0.0	12.0	0.0	0.0	0.0	0.0	0.0	0.0	0.0	0.0	0.0	0.0	0.0	19.0	0.0	0.0	0.0	0.0	0.0	0.0	0.0	0.0	0.0
SRR9612738	190.0	1373.0	1401.0	68.0	2940.0	3952.0	4193.0	1379.0	33.0	1132.0	296.0	566.0	26.0	325.0	0.0	0.0	47.0	16.0	6.0	243.0	39.0	125.0	35.0	0.0	0.0	0.0	12.0	0.0	0.0	0.0	0.0	0.0	0.0	0.0	0.0	0.0	0.0	2.0	4.0	0.0	0.0	0.0	0.0	0.0	0.0	0.0	0.0	0.0
SRR9612740	42.0	1632.0	970.0	104.0	3474.0	2194.0	2932.0	645.0	20.0	992.0	328.0	307.0	25.0	57.0	5.0	13.0	8.0	53.0	16.0	169.0	12.0	45.0	35.0	0.0	0.0	0.0	6.0	0.0	0.0	0.0	0.0	0.0	0.0	0.0	0.0	0.0	0.0	0.0	4.0	0.0	5.0	0.0	0.0	0.0	0.0	0.0	0.0	0.0
SRR9612741	61.0	1428.0	1254.0	102.0	3423.0	3139.0	3918.0	873.0	25.0	1323.0	367.0	423.0	5.0	59.0	0.0	0.0	16.0	31.0	12.0	202.0	23.0	67.0	69.0	0.0	0.0	0.0	0.0	0.0	0.0	2.0	0.0	0.0	0.0	0.0	0.0	0.0	0.0	0.0	6.0	2.0	7.0	0.0	0.0	0.0	0.0	0.0	0.0	0.0
SRR9612742	143.0	2866.0	2201.0	250.0	6494.0	9259.0	6519.0	2259.0	78.0	3235.0	672.0	1020.0	37.0	213.0	6.0	8.0	499.0	126.0	17.0	596.0	21.0	218.0	85.0	0.0	0.0	0.0	22.0	0.0	0.0	0.0	0.0	0.0	0.0	0.0	0.0	0.0	0.0	0.0	10.0	2.0	26.0	0.0	0.0	0.0	0.0	0.0	0.0	0.0
SRR9612745	49.0	395.0	26.0	10.0	26.0	132.0	7346.0	310.0	16.0	1819.0	274.0	185.0	4.0	4.0	0.0	0.0	6.0	417.0	0.0	0.0	0.0	0.0	0.0	0.0	0.0	0.0	0.0	0.0	0.0	0.0	0.0	0.0	0.0	0.0	5.0	0.0	0.0	0.0	0.0	0.0	0.0	0.0	0.0	0.0	0.0	0.0	0.0	0.0
SRR9612746	91.0	2945.0	4013.0	676.0	6149.0	12176.0	10108.0	1987.0	143.0	4325.0	1560.0	2070.0	8.0	107.0	0.0	0.0	592.0	294.0	39.0	469.0	71.0	169.0	112.0	0.0	0.0	12.0	49.0	0.0	0.0	5.0	0.0	0.0	0.0	0.0	0.0	9.0	0.0	0.0	52.0	0.0	15.0	2.0	0.0	0.0	0.0	0.0	0.0	0.0
SRR9612749	2026.0	3042.0	25.0	8.0	12.0	799.0	3122.0	11726.0	30.0	625.0	606.0	322.0	2.0	39.0	22.0	0.0	29.0	113.0	0.0	0.0	21.0	0.0	2.0	0.0	0.0	0.0	3.0	0.0	0.0	0.0	0.0	0.0	0.0	0.0	0.0	0.0	0.0	0.0	0.0	0.0	0.0	0.0	0.0	0.0	0.0	10.0	0.0	0.0
SRR9612750	50.0	225.0	14.0	0.0	10.0	81.0	1091.0	11052.0	40.0	307.0	227.0	20.0	6.0	0.0	0.0	0.0	9.0	6.0	0.0	0.0	0.0	0.0	0.0	0.0	0.0	0.0	0.0	0.0	0.0	0.0	0.0	0.0	0.0	0.0	0.0	0.0	0.0	0.0	0.0	0.0	0.0	0.0	0.0	0.0	0.0	0.0	0.0	0.0
SRR9612751	415.0	1935.0	814.0	41.0	2811.0	3282.0	3298.0	1506.0	27.0	1406.0	349.0	375.0	17.0	114.0	23.0	0.0	24.0	33.0	22.0	92.0	9.0	30.0	45.0	0.0	0.0	0.0	0.0	0.0	0.0	4.0	0.0	0.0	0.0	0.0	0.0	0.0	0.0	0.0	13.0	6.0	4.0	0.0	0.0	0.0	0.0	0.0	0.0	0.0
SRR9612752	307.0	1602.0	1345.0	71.0	2568.0	5204.0	4555.0	1312.0	13.0	1812.0	435.0	616.0	15.0	140.0	17.0	0.0	32.0	25.0	24.0	252.0	20.0	116.0	49.0	0.0	0.0	0.0	16.0	4.0	0.0	0.0	2.0	0.0	0.0	0.0	0.0	0.0	0.0	0.0	0.0	0.0	0.0	0.0	0.0	0.0	0.0	0.0	0.0	0.0
SRR9612753	363.0	1417.0	762.0	78.0	2384.0	4104.0	4223.0	1707.0	23.0	1232.0	431.0	435.0	25.0	94.0	21.0	5.0	24.0	15.0	19.0	113.0	11.0	68.0	69.0	0.0	0.0	0.0	23.0	0.0	0.0	0.0	3.0	0.0	6.0	0.0	0.0	0.0	0.0	0.0	3.0	0.0	0.0	0.0	0.0	0.0	0.0	0.0	0.0	0.0
SRR9612754	199.0	1333.0	812.0	45.0	2351.0	3575.0	3686.0	1438.0	45.0	1598.0	335.0	617.0	2.0	61.0	12.0	19.0	130.0	17.0	19.0	210.0	13.0	100.0	34.0	0.0	0.0	0.0	42.0	0.0	0.0	0.0	0.0	0.0	0.0	0.0	0.0	0.0	0.0	0.0	0.0	4.0	0.0	0.0	0.0	0.0	0.0	0.0	0.0	0.0
SRR9612756	898.0	2544.0	1840.0	123.0	3610.0	7310.0	6132.0	2551.0	68.0	2575.0	716.0	746.0	94.0	215.0	26.0	51.0	37.0	13.0	38.0	370.0	32.0	92.0	78.0	6.0	3.0	0.0	8.0	6.0	0.0	6.0	0.0	0.0	12.0	0.0	0.0	0.0	0.0	0.0	10.0	16.0	0.0	0.0	0.0	0.0	0.0	0.0	0.0	0.0
SRR9612758	754.0	1688.0	24.0	8.0	8.0	704.0	7858.0	6416.0	29.0	2655.0	594.0	316.0	26.0	2715.0	73.0	0.0	0.0	163.0	0.0	0.0	78.0	2.0	28.0	8.0	0.0	0.0	0.0	0.0	0.0	0.0	0.0	0.0	0.0	0.0	576.0	0.0	0.0	0.0	0.0	0.0	0.0	0.0	0.0	0.0	0.0	0.0	0.0	0.0
SRR9612759	87.0	1609.0	25.0	9.0	36.0	160.0	2961.0	2136.0	10.0	1545.0	487.0	147.0	13.0	356.0	12.0	0.0	0.0	505.0	0.0	2.0	27.0	0.0	8.0	0.0	0.0	0.0	0.0	0.0	0.0	0.0	0.0	0.0	0.0	0.0	0.0	0.0	0.0	0.0	0.0	0.0	0.0	0.0	0.0	0.0	0.0	0.0	0.0	0.0
SRR9612760	855.0	672.0	39.0	2.0	19.0	360.0	4663.0	10057.0	7.0	2682.0	637.0	193.0	19.0	411.0	58.0	0.0	19.0	20.0	0.0	4.0	8.0	0.0	13.0	0.0	0.0	0.0	0.0	0.0	0.0	0.0	0.0	0.0	0.0	0.0	58.0	0.0	0.0	0.0	0.0	0.0	0.0	0.0	0.0	0.0	0.0	5.0	0.0	0.0
SRR9612761	238.0	1967.0	27.0	13.0	31.0	373.0	3984.0	7588.0	46.0	1752.0	852.0	207.0	2.0	1598.0	49.0	0.0	0.0	155.0	0.0	0.0	10.0	0.0	12.0	2.0	0.0	0.0	0.0	0.0	0.0	0.0	0.0	0.0	0.0	0.0	5.0	0.0	0.0	0.0	0.0	0.0	0.0	0.0	0.0	0.0	0.0	0.0	0.0	0.0
SRR9612762	391.0	2225.0	11.0	0.0	10.0	371.0	5409.0	5171.0	30.0	2898.0	829.0	272.0	15.0	1284.0	36.0	0.0	11.0	456.0	0.0	0.0	10.0	0.0	0.0	0.0	0.0	0.0	0.0	0.0	0.0	0.0	0.0	0.0	0.0	0.0	0.0	0.0	0.0	0.0	4.0	0.0	0.0	0.0	0.0	0.0	0.0	0.0	0.0	0.0
SRR9612763	153.0	1191.0	108.0	16.0	13.0	337.0	5257.0	3640.0	12.0	2305.0	448.0	260.0	16.0	490.0	30.0	0.0	2.0	379.0	0.0	0.0	39.0	10.0	5.0	0.0	0.0	0.0	0.0	0.0	0.0	0.0	0.0	0.0	0.0	0.0	0.0	0.0	0.0	0.0	0.0	0.0	0.0	0.0	0.0	0.0	0.0	5.0	0.0	0.0
SRR9612764	185.0	692.0	39.0	4.0	26.0	316.0	4889.0	6431.0	11.0	1338.0	737.0	520.0	27.0	1963.0	39.0	0.0	8.0	607.0	0.0	0.0	0.0	0.0	0.0	0.0	0.0	0.0	0.0	0.0	0.0	0.0	0.0	0.0	0.0	0.0	18.0	0.0	0.0	0.0	0.0	0.0	0.0	0.0	0.0	0.0	0.0	0.0	0.0	0.0
SRR9612765	42.0	869.0	1199.0	213.0	1760.0	4884.0	3807.0	1071.0	34.0	1386.0	544.0	392.0	25.0	339.0	0.0	0.0	39.0	86.0	19.0	350.0	49.0	305.0	106.0	0.0	0.0	0.0	6.0	0.0	0.0	2.0	0.0	0.0	0.0	0.0	0.0	0.0	0.0	0.0	13.0	0.0	0.0	2.0	0.0	0.0	0.0	0.0	0.0	0.0
SRR9612766	543.0	1359.0	2101.0	319.0	2866.0	7159.0	5383.0	2888.0	45.0	2734.0	667.0	857.0	65.0	874.0	28.0	0.0	110.0	42.0	37.0	690.0	71.0	325.0	189.0	0.0	0.0	0.0	30.0	18.0	0.0	5.0	0.0	0.0	0.0	0.0	28.0	0.0	0.0	0.0	0.0	2.0	0.0	2.0	0.0	0.0	2.0	0.0	0.0	0.0
SRR9612769	55.0	1259.0	1823.0	241.0	3171.0	5826.0	3567.0	1021.0	23.0	1940.0	481.0	592.0	14.0	46.0	4.0	0.0	92.0	43.0	15.0	324.0	22.0	163.0	63.0	0.0	0.0	0.0	10.0	0.0	0.0	0.0	0.0	0.0	0.0	0.0	0.0	0.0	0.0	0.0	12.0	0.0	9.0	0.0	0.0	0.0	0.0	0.0	0.0	0.0
SRR9612770	71.0	846.0	39.0	4.0	26.0	200.0	5550.0	1177.0	16.0	3421.0	528.0	240.0	15.0	37.0	0.0	0.0	0.0	684.0	0.0	0.0	12.0	3.0	0.0	0.0	0.0	0.0	5.0	0.0	0.0	0.0	0.0	0.0	0.0	0.0	0.0	0.0	0.0	0.0	0.0	0.0	0.0	0.0	0.0	0.0	0.0	0.0	0.0	0.0
SRR9612772	0.0	2903.0	89.0	0.0	42.0	190.0	7102.0	1193.0	414.0	1001.0	950.0	108.0	4.0	2.0	0.0	0.0	12.0	313.0	0.0	16.0	22.0	0.0	5.0	0.0	2.0	0.0	0.0	0.0	0.0	0.0	0.0	0.0	0.0	0.0	0.0	0.0	0.0	0.0	0.0	0.0	0.0	0.0	0.0	0.0	0.0	0.0	0.0	0.0
SRR9612775	234.0	2164.0	3862.0	625.0	4515.0	10345.0	8818.0	2610.0	104.0	4458.0	1083.0	1551.0	19.0	235.0	0.0	0.0	214.0	134.0	33.0	1063.0	59.0	614.0	104.0	0.0	0.0	0.0	13.0	0.0	0.0	4.0	0.0	0.0	0.0	0.0	0.0	9.0	0.0	0.0	18.0	3.0	32.0	0.0	0.0	0.0	0.0	0.0	0.0	0.0
SRR9612776	221.0	1348.0	1623.0	184.0	3964.0	6398.0	6391.0	1274.0	189.0	1510.0	1121.0	1023.0	36.0	168.0	35.0	14.0	146.0	74.0	38.0	238.0	53.0	104.0	112.0	0.0	0.0	6.0	7.0	0.0	0.0	8.0	0.0	0.0	0.0	0.0	0.0	8.0	5.0	0.0	0.0	0.0	0.0	0.0	0.0	3.0	0.0	0.0	0.0	0.0
SRR9612777	136.0	1536.0	1928.0	283.0	4221.0	8285.0	4833.0	1434.0	189.0	1682.0	1450.0	3513.0	26.0	58.0	0.0	0.0	2618.0	20.0	12.0	360.0	12.0	69.0	150.0	0.0	0.0	0.0	33.0	0.0	0.0	5.0	0.0	0.0	0.0	0.0	0.0	0.0	0.0	0.0	5.0	4.0	0.0	3.0	0.0	13.0	0.0	0.0	0.0	0.0
SRR9612778	141.0	2105.0	2280.0	291.0	3829.0	7523.0	5486.0	1164.0	100.0	2209.0	914.0	965.0	11.0	95.0	0.0	6.0	129.0	42.0	13.0	481.0	16.0	168.0	107.0	0.0	0.0	0.0	20.0	0.0	0.0	9.0	0.0	0.0	0.0	0.0	0.0	0.0	0.0	0.0	6.0	0.0	14.0	4.0	0.0	16.0	0.0	0.0	0.0	0.0
SRR9612779	68.0	670.0	1323.0	120.0	1641.0	4465.0	2727.0	683.0	41.0	1317.0	291.0	453.0	7.0	442.0	0.0	3.0	16.0	75.0	11.0	226.0	38.0	114.0	43.0	0.0	0.0	0.0	5.0	0.0	0.0	0.0	0.0	0.0	0.0	0.0	0.0	0.0	0.0	0.0	12.0	0.0	0.0	0.0	0.0	0.0	0.0	0.0	0.0	0.0
SRR9612780	40.0	1057.0	910.0	83.0	2423.0	3942.0	3606.0	711.0	49.0	1211.0	297.0	498.0	7.0	69.0	11.0	0.0	193.0	45.0	16.0	237.0	27.0	72.0	56.0	0.0	0.0	0.0	10.0	0.0	0.0	5.0	0.0	0.0	0.0	0.0	0.0	0.0	0.0	0.0	6.0	0.0	8.0	0.0	0.0	0.0	0.0	0.0	0.0	0.0
SRR9612781	338.0	3221.0	4999.0	508.0	7792.0	14940.0	8773.0	4224.0	76.0	5605.0	907.0	1597.0	79.0	579.0	32.0	41.0	105.0	59.0	91.0	1206.0	45.0	469.0	496.0	0.0	0.0	0.0	14.0	10.0	0.0	0.0	0.0	13.0	0.0	0.0	8.0	0.0	0.0	0.0	5.0	2.0	18.0	0.0	0.0	0.0	0.0	0.0	0.0	0.0
SRR9612782	1320.0	2825.0	5101.0	628.0	4723.0	14380.0	10352.0	2802.0	165.0	5490.0	1400.0	2351.0	109.0	571.0	13.0	30.0	189.0	128.0	120.0	1121.0	166.0	642.0	157.0	0.0	0.0	4.0	56.0	0.0	0.0	8.0	8.0	0.0	0.0	0.0	12.0	9.0	0.0	0.0	30.0	0.0	52.0	0.0	0.0	0.0	0.0	0.0	0.0	1.0
SRR9612783	118.0	613.0	1171.0	101.0	1792.0	3086.0	3623.0	581.0	53.0	947.0	528.0	786.0	15.0	54.0	0.0	16.0	609.0	14.0	0.0	297.0	8.0	90.0	60.0	0.0	0.0	0.0	15.0	0.0	0.0	0.0	0.0	0.0	0.0	0.0	0.0	6.0	0.0	0.0	5.0	0.0	0.0	0.0	0.0	0.0	0.0	0.0	0.0	0.0
SRR9612784	56.0	538.0	1874.0	235.0	2640.0	5540.0	4170.0	621.0	81.0	852.0	413.0	832.0	32.0	132.0	0.0	0.0	30.0	34.0	29.0	400.0	53.0	171.0	121.0	0.0	0.0	3.0	6.0	0.0	0.0	0.0	0.0	0.0	0.0	0.0	0.0	0.0	0.0	0.0	4.0	0.0	6.0	0.0	0.0	0.0	0.0	0.0	0.0	0.0
SRR9612792	40.0	883.0	764.0	55.0	2213.0	1932.0	2448.0	605.0	45.0	629.0	394.0	355.0	2.0	20.0	0.0	6.0	160.0	18.0	7.0	85.0	16.0	26.0	34.0	0.0	2.0	0.0	0.0	0.0	0.0	0.0	0.0	0.0	0.0	0.0	0.0	0.0	0.0	0.0	0.0	0.0	0.0	0.0	0.0	0.0	0.0	0.0	0.0	0.0
SRR9612793	9.0	10492.0	108.0	23.0	19.0	217.0	6117.0	1169.0	36.0	1062.0	1376.0	214.0	0.0	0.0	0.0	0.0	14.0	460.0	0.0	10.0	13.0	5.0	0.0	0.0	0.0	0.0	0.0	0.0	0.0	0.0	0.0	0.0	0.0	0.0	0.0	0.0	0.0	0.0	0.0	0.0	0.0	0.0	0.0	0.0	0.0	0.0	0.0	0.0
SRR9612794	2018.0	2275.0	251.0	27.0	54.0	988.0	13598.0	5447.0	42.0	4044.0	2463.0	566.0	4.0	878.0	223.0	5.0	2.0	315.0	15.0	6.0	71.0	4.0	0.0	0.0	0.0	0.0	0.0	0.0	0.0	0.0	0.0	0.0	0.0	0.0	461.0	0.0	0.0	0.0	0.0	0.0	0.0	0.0	0.0	0.0	0.0	0.0	0.0	0.0
SRR9612795	270.0	6247.0	89.0	25.0	45.0	618.0	9311.0	5246.0	34.0	2143.0	1517.0	182.0	0.0	60.0	84.0	0.0	5.0	524.0	0.0	0.0	442.0	5.0	7.0	0.0	0.0	0.0	0.0	0.0	0.0	0.0	0.0	0.0	0.0	0.0	19.0	0.0	0.0	0.0	0.0	0.0	0.0	0.0	0.0	0.0	0.0	0.0	0.0	0.0
SRR9612796	651.0	1895.0	178.0	17.0	44.0	977.0	17949.0	6801.0	90.0	3307.0	1650.0	207.0	14.0	757.0	144.0	0.0	16.0	325.0	0.0	8.0	935.0	5.0	12.0	4.0	0.0	0.0	0.0	0.0	0.0	0.0	0.0	0.0	0.0	0.0	50.0	0.0	0.0	0.0	0.0	0.0	3.0	0.0	0.0	0.0	0.0	0.0	0.0	0.0
SRR9612797	136.0	1237.0	2164.0	167.0	2866.0	6242.0	4826.0	1280.0	65.0	1535.0	646.0	574.0	2.0	283.0	0.0	0.0	2.0	38.0	71.0	601.0	34.0	308.0	106.0	0.0	0.0	0.0	0.0	0.0	0.0	0.0	0.0	5.0	3.0	0.0	28.0	0.0	0.0	0.0	4.0	0.0	0.0	0.0	0.0	0.0	0.0	0.0	0.0	0.0
SRR9612798	184.0	762.0	1478.0	113.0	2902.0	3619.0	3183.0	1355.0	16.0	2017.0	265.0	416.0	14.0	180.0	0.0	0.0	17.0	10.0	22.0	339.0	8.0	124.0	82.0	0.0	0.0	0.0	16.0	6.0	0.0	0.0	0.0	0.0	0.0	0.0	0.0	0.0	0.0	0.0	4.0	0.0	0.0	0.0	0.0	0.0	0.0	0.0	0.0	0.0
SRR9612799	67.0	1639.0	2416.0	298.0	4769.0	7653.0	3672.0	1182.0	18.0	1971.0	381.0	641.0	5.0	79.0	3.0	22.0	46.0	24.0	15.0	492.0	9.0	244.0	55.0	0.0	0.0	0.0	13.0	0.0	0.0	0.0	0.0	5.0	0.0	0.0	0.0	0.0	0.0	0.0	0.0	0.0	0.0	0.0	0.0	0.0	0.0	0.0	0.0	0.0
SRR9612800	151.0	1170.0	1808.0	231.0	3436.0	5995.0	4855.0	1639.0	13.0	1974.0	476.0	728.0	16.0	169.0	27.0	0.0	157.0	58.0	16.0	446.0	36.0	316.0	100.0	0.0	0.0	3.0	2.0	0.0	0.0	0.0	0.0	0.0	0.0	0.0	0.0	0.0	0.0	0.0	14.0	0.0	12.0	0.0	0.0	0.0	0.0	0.0	0.0	0.0
SRR9612801	132.0	2127.0	1972.0	254.0	5154.0	7043.0	7198.0	1636.0	8.0	2661.0	634.0	958.0	0.0	108.0	0.0	0.0	19.0	188.0	22.0	415.0	12.0	161.0	68.0	0.0	0.0	0.0	0.0	0.0	0.0	0.0	0.0	0.0	0.0	0.0	0.0	7.0	0.0	0.0	11.0	6.0	12.0	0.0	0.0	0.0	0.0	0.0	0.0	0.0
SRR9612802	173.0	1187.0	2293.0	256.0	3974.0	8350.0	6195.0	2354.0	30.0	2711.0	460.0	763.0	44.0	314.0	11.0	0.0	89.0	43.0	38.0	568.0	41.0	407.0	253.0	0.0	0.0	0.0	20.0	0.0	0.0	0.0	0.0	0.0	0.0	0.0	0.0	0.0	0.0	0.0	9.0	0.0	0.0	0.0	0.0	0.0	0.0	0.0	0.0	0.0
SRR9612803	257.0	2642.0	21.0	0.0	34.0	289.0	10199.0	10835.0	18.0	966.0	501.0	40.0	19.0	1777.0	71.0	0.0	24.0	189.0	0.0	0.0	36.0	12.0	15.0	7.0	0.0	0.0	0.0	0.0	0.0	0.0	0.0	0.0	0.0	0.0	7.0	0.0	0.0	0.0	0.0	0.0	0.0	0.0	0.0	0.0	0.0	0.0	0.0	0.0
SRR9612804	513.0	1682.0	141.0	12.0	4.0	540.0	15622.0	3348.0	16.0	1644.0	625.0	157.0	6.0	545.0	57.0	0.0	0.0	627.0	0.0	0.0	103.0	5.0	0.0	22.0	0.0	0.0	0.0	0.0	0.0	0.0	0.0	0.0	0.0	0.0	0.0	0.0	0.0	0.0	4.0	0.0	0.0	0.0	0.0	0.0	0.0	7.0	6.0	0.0
SRR9612805	469.0	1293.0	3212.0	379.0	2839.0	8395.0	5015.0	2442.0	8.0	3988.0	512.0	920.0	79.0	315.0	0.0	57.0	212.0	14.0	39.0	608.0	30.0	183.0	182.0	0.0	0.0	0.0	29.0	4.0	0.0	0.0	0.0	0.0	0.0	0.0	25.0	0.0	0.0	0.0	6.0	6.0	0.0	0.0	0.0	0.0	0.0	0.0	0.0	0.0
SRR9612806	41.0	780.0	1652.0	188.0	1944.0	4666.0	2377.0	653.0	13.0	1470.0	275.0	417.0	4.0	30.0	0.0	0.0	23.0	55.0	13.0	305.0	21.0	160.0	36.0	0.0	0.0	0.0	0.0	0.0	0.0	0.0	0.0	0.0	0.0	0.0	0.0	0.0	0.0	0.0	16.0	0.0	11.0	0.0	0.0	0.0	0.0	0.0	0.0	0.0
SRR9612807	133.0	898.0	1563.0	142.0	2034.0	4111.0	5305.0	1172.0	52.0	1427.0	684.0	790.0	25.0	272.0	12.0	0.0	41.0	80.0	44.0	329.0	102.0	333.0	70.0	0.0	0.0	0.0	13.0	0.0	0.0	5.0	0.0	0.0	0.0	0.0	0.0	14.0	0.0	0.0	4.0	0.0	8.0	0.0	0.0	0.0	0.0	0.0	0.0	0.0
SRR9612808	433.0	438.0	1036.0	120.0	1705.0	3484.0	3757.0	1136.0	4.0	986.0	587.0	509.0	19.0	318.0	6.0	29.0	140.0	36.0	4.0	291.0	27.0	214.0	121.0	0.0	0.0	0.0	41.0	0.0	0.0	0.0	0.0	0.0	0.0	0.0	12.0	0.0	0.0	0.0	4.0	0.0	0.0	0.0	0.0	0.0	0.0	0.0	0.0	0.0
SRR9612809	24.0	443.0	656.0	115.0	947.0	2309.0	2947.0	454.0	34.0	837.0	468.0	313.0	3.0	170.0	4.0	0.0	4.0	30.0	29.0	346.0	26.0	322.0	50.0	0.0	0.0	0.0	10.0	0.0	0.0	0.0	0.0	0.0	0.0	0.0	0.0	0.0	0.0	0.0	0.0	0.0	0.0	0.0	0.0	0.0	0.0	0.0	0.0	0.0
SRR9612810	69.0	1548.0	1463.0	175.0	2602.0	5116.0	3577.0	1251.0	23.0	1185.0	668.0	414.0	16.0	151.0	19.0	0.0	13.0	44.0	39.0	559.0	66.0	437.0	146.0	0.0	0.0	0.0	8.0	0.0	0.0	7.0	0.0	0.0	0.0	0.0	5.0	0.0	0.0	0.0	0.0	0.0	34.0	0.0	0.0	0.0	0.0	0.0	0.0	0.0
SRR9612811	109.0	736.0	1125.0	54.0	1628.0	2587.0	2004.0	1107.0	30.0	1248.0	135.0	276.0	41.0	330.0	16.0	0.0	3.0	23.0	17.0	332.0	2.0	199.0	99.0	4.0	0.0	0.0	3.0	17.0	0.0	0.0	0.0	0.0	0.0	0.0	0.0	0.0	0.0	0.0	0.0	0.0	0.0	0.0	0.0	0.0	0.0	0.0	0.0	0.0
SRR9612812	124.0	692.0	1270.0	203.0	1765.0	5340.0	3196.0	955.0	35.0	1300.0	399.0	457.0	5.0	186.0	3.0	22.0	50.0	54.0	39.0	534.0	30.0	293.0	158.0	10.0	0.0	0.0	5.0	0.0	0.0	0.0	0.0	0.0	0.0	0.0	0.0	0.0	0.0	0.0	6.0	0.0	0.0	0.0	0.0	0.0	0.0	0.0	0.0	0.0
SRR9612813	117.0	898.0	91.0	7.0	29.0	264.0	11394.0	6057.0	17.0	970.0	1205.0	322.0	13.0	1378.0	74.0	0.0	0.0	546.0	0.0	0.0	174.0	0.0	6.0	0.0	0.0	0.0	0.0	4.0	0.0	0.0	0.0	0.0	0.0	0.0	7.0	0.0	0.0	0.0	0.0	0.0	0.0	0.0	0.0	0.0	0.0	6.0	0.0	0.0
SRR9612814	156.0	1970.0	87.0	5.0	23.0	471.0	6739.0	5140.0	63.0	3720.0	864.0	168.0	26.0	1640.0	89.0	0.0	17.0	938.0	4.0	7.0	64.0	6.0	13.0	6.0	0.0	0.0	0.0	0.0	0.0	0.0	0.0	0.0	0.0	0.0	12.0	0.0	0.0	0.0	0.0	0.0	0.0	0.0	0.0	0.0	0.0	0.0	3.0	0.0
SRR9612815	68.0	5742.0	98.0	38.0	0.0	468.0	17082.0	2859.0	50.0	1125.0	707.0	106.0	0.0	71.0	2.0	0.0	0.0	329.0	0.0	2.0	93.0	0.0	0.0	0.0	0.0	0.0	0.0	0.0	0.0	0.0	0.0	0.0	0.0	0.0	0.0	0.0	0.0	0.0	0.0	0.0	0.0	0.0	0.0	0.0	0.0	0.0	0.0	0.0
SRR9612816	22.0	8363.0	27.0	0.0	28.0	145.0	1531.0	693.0	6.0	1429.0	193.0	57.0	0.0	0.0	0.0	0.0	0.0	539.0	0.0	0.0	0.0	0.0	0.0	0.0	0.0	0.0	0.0	0.0	0.0	0.0	0.0	0.0	0.0	0.0	0.0	0.0	0.0	0.0	0.0	0.0	0.0	0.0	0.0	0.0	0.0	0.0	0.0	0.0
SRR9612817	194.0	1453.0	10.0	11.0	12.0	886.0	8022.0	8156.0	28.0	3246.0	883.0	434.0	12.0	125.0	23.0	0.0	3.0	347.0	0.0	5.0	11.0	6.0	3.0	0.0	0.0	0.0	0.0	3.0	0.0	0.0	0.0	0.0	0.0	0.0	0.0	0.0	0.0	0.0	0.0	0.0	0.0	0.0	0.0	0.0	0.0	0.0	0.0	0.0
SRR9612818	107.0	7482.0	1036.0	86.0	6125.0	2210.0	2605.0	893.0	25.0	4079.0	482.0	217.0	6.0	84.0	8.0	0.0	34.0	16.0	5.0	81.0	0.0	32.0	12.0	0.0	0.0	2.0	6.0	0.0	0.0	2.0	0.0	0.0	0.0	0.0	0.0	0.0	0.0	0.0	4.0	4.0	4.0	0.0	0.0	0.0	0.0	0.0	0.0	0.0
SRR9612819	116.0	1900.0	2477.0	317.0	4781.0	9687.0	12024.0	1795.0	51.0	2985.0	951.0	898.0	16.0	174.0	5.0	0.0	56.0	239.0	19.0	535.0	36.0	380.0	108.0	0.0	0.0	0.0	8.0	0.0	0.0	4.0	0.0	0.0	0.0	0.0	0.0	0.0	0.0	0.0	24.0	4.0	0.0	0.0	0.0	0.0	0.0	0.0	0.0	0.0
SRR9612820	194.0	2239.0	3562.0	438.0	4965.0	11463.0	6531.0	2330.0	54.0	4026.0	580.0	821.0	39.0	250.0	19.0	29.0	35.0	28.0	54.0	1205.0	73.0	933.0	187.0	0.0	3.0	0.0	28.0	0.0	0.0	0.0	0.0	0.0	0.0	0.0	0.0	0.0	0.0	0.0	15.0	0.0	14.0	7.0	0.0	0.0	0.0	0.0	0.0	0.0
SRR9612822	299.0	735.0	1625.0	231.0	1962.0	6126.0	4255.0	1958.0	21.0	2048.0	382.0	664.0	44.0	679.0	16.0	25.0	21.0	30.0	50.0	579.0	21.0	326.0	142.0	9.0	0.0	0.0	15.0	16.0	0.0	0.0	0.0	0.0	0.0	0.0	27.0	6.0	0.0	0.0	12.0	0.0	24.0	0.0	0.0	0.0	0.0	0.0	0.0	0.0
SRR9612823	169.0	1809.0	2538.0	372.0	3886.0	10499.0	7191.0	2446.0	49.0	3123.0	708.0	859.0	47.0	506.0	13.0	28.0	8.0	52.0	75.0	1064.0	75.0	454.0	215.0	0.0	0.0	0.0	18.0	7.0	0.0	4.0	0.0	0.0	0.0	0.0	11.0	0.0	0.0	0.0	14.0	0.0	10.0	0.0	0.0	0.0	0.0	0.0	0.0	0.0
SRR9612824	160.0	1483.0	1529.0	188.0	3499.0	6312.0	5349.0	2692.0	37.0	2525.0	518.0	700.0	93.0	279.0	15.0	0.0	21.0	43.0	24.0	495.0	41.0	288.0	152.0	0.0	0.0	0.0	0.0	11.0	0.0	0.0	0.0	0.0	2.0	0.0	12.0	0.0	0.0	0.0	5.0	0.0	0.0	0.0	0.0	0.0	0.0	0.0	0.0	0.0
SRR9612825	6109.0	800.0	13.0	0.0	10.0	633.0	19333.0	4468.0	17.0	1153.0	592.0	162.0	8.0	2920.0	108.0	0.0	0.0	31.0	0.0	0.0	0.0	0.0	0.0	14.0	0.0	0.0	25.0	0.0	0.0	0.0	2.0	0.0	0.0	0.0	1611.0	0.0	0.0	0.0	0.0	0.0	0.0	0.0	0.0	0.0	0.0	0.0	0.0	0.0
SRR9612826	103.0	941.0	88.0	5.0	10.0	208.0	4313.0	6646.0	6.0	740.0	454.0	39.0	9.0	906.0	21.0	0.0	0.0	220.0	0.0	11.0	65.0	8.0	0.0	2.0	0.0	0.0	0.0	0.0	0.0	0.0	0.0	0.0	0.0	0.0	17.0	0.0	0.0	0.0	0.0	0.0	0.0	0.0	0.0	0.0	0.0	0.0	0.0	0.0
SRR9612827	73.0	1761.0	1562.0	190.0	3054.0	4621.0	3151.0	1109.0	86.0	1787.0	315.0	439.0	6.0	15.0	0.0	0.0	18.0	28.0	11.0	314.0	25.0	114.0	63.0	0.0	0.0	0.0	10.0	0.0	0.0	0.0	0.0	0.0	0.0	0.0	0.0	0.0	0.0	0.0	6.0	0.0	24.0	0.0	0.0	0.0	0.0	0.0	0.0	0.0
SRR9612828	53.0	1290.0	1483.0	203.0	2126.0	3798.0	3423.0	823.0	65.0	1819.0	577.0	634.0	4.0	32.0	0.0	0.0	44.0	20.0	4.0	141.0	36.0	49.0	44.0	0.0	3.0	0.0	18.0	0.0	0.0	0.0	0.0	0.0	0.0	0.0	0.0	0.0	0.0	0.0	12.0	0.0	10.0	3.0	0.0	0.0	0.0	0.0	0.0	0.0
SRR9612829	5000.0	740.0	76.0	4.0	7.0	375.0	6890.0	1829.0	17.0	858.0	1128.0	341.0	16.0	65.0	20.0	0.0	29.0	191.0	0.0	0.0	90.0	3.0	0.0	0.0	0.0	0.0	3.0	0.0	5.0	0.0	0.0	0.0	0.0	0.0	0.0	0.0	0.0	0.0	0.0	0.0	0.0	0.0	0.0	0.0	0.0	0.0	0.0	0.0
SRR9612830	23.0	307.0	35.0	2.0	19.0	141.0	6609.0	548.0	16.0	1920.0	1044.0	201.0	9.0	8.0	0.0	0.0	0.0	509.0	0.0	0.0	10.0	0.0	2.0	0.0	0.0	0.0	0.0	0.0	0.0	0.0	0.0	0.0	0.0	0.0	0.0	0.0	0.0	0.0	0.0	0.0	0.0	0.0	0.0	0.0	0.0	0.0	0.0	0.0
SRR9612831	15.0	263.0	61.0	0.0	70.0	269.0	6662.0	1115.0	24.0	1978.0	699.0	235.0	10.0	6.0	7.0	0.0	4.0	484.0	4.0	0.0	7.0	4.0	0.0	0.0	0.0	0.0	5.0	0.0	0.0	0.0	0.0	0.0	0.0	0.0	9.0	0.0	0.0	0.0	0.0	0.0	0.0	0.0	0.0	0.0	0.0	0.0	0.0	0.0
SRR9612832	380.0	899.0	60.0	19.0	6.0	226.0	8908.0	1897.0	31.0	1837.0	1000.0	155.0	2.0	66.0	0.0	0.0	15.0	392.0	0.0	4.0	68.0	0.0	2.0	0.0	0.0	0.0	0.0	0.0	0.0	0.0	0.0	0.0	0.0	0.0	0.0	0.0	0.0	0.0	0.0	0.0	0.0	0.0	0.0	0.0	0.0	0.0	0.0	0.0
SRR9612833	47.0	3745.0	116.0	10.0	44.0	733.0	14585.0	3179.0	93.0	6299.0	1338.0	619.0	16.0	56.0	10.0	0.0	0.0	1603.0	0.0	0.0	11.0	7.0	3.0	0.0	0.0	0.0	0.0	0.0	0.0	0.0	0.0	0.0	0.0	0.0	0.0	0.0	0.0	0.0	0.0	0.0	0.0	0.0	0.0	0.0	0.0	0.0	0.0	0.0
SRR9612834	38.0	2349.0	31.0	2.0	10.0	287.0	12757.0	2164.0	72.0	909.0	4389.0	35.0	4.0	18.0	0.0	0.0	0.0	957.0	0.0	0.0	41.0	2.0	0.0	0.0	0.0	0.0	0.0	0.0	0.0	0.0	0.0	0.0	0.0	0.0	0.0	0.0	0.0	0.0	0.0	0.0	0.0	0.0	0.0	0.0	0.0	0.0	0.0	0.0
SRR9612835	918.0	1430.0	80.0	3.0	49.0	352.0	18542.0	3974.0	17.0	2437.0	1645.0	332.0	10.0	100.0	82.0	0.0	15.0	915.0	0.0	0.0	13.0	0.0	0.0	0.0	0.0	0.0	0.0	0.0	0.0	0.0	0.0	3.0	0.0	0.0	448.0	0.0	0.0	0.0	0.0	0.0	0.0	0.0	0.0	0.0	0.0	0.0	0.0	0.0
SRR9612836	171.0	435.0	66.0	9.0	31.0	599.0	7347.0	4623.0	10.0	3130.0	1355.0	407.0	16.0	60.0	63.0	0.0	18.0	876.0	0.0	0.0	3.0	3.0	0.0	0.0	3.0	0.0	0.0	0.0	0.0	0.0	0.0	0.0	0.0	0.0	0.0	0.0	0.0	0.0	0.0	0.0	0.0	0.0	0.0	0.0	0.0	0.0	0.0	0.0
SRR9612837	140.0	977.0	1331.0	229.0	2677.0	4262.0	3645.0	827.0	140.0	1602.0	676.0	743.0	11.0	61.0	7.0	0.0	442.0	39.0	11.0	284.0	11.0	39.0	64.0	0.0	0.0	4.0	22.0	0.0	0.0	0.0	0.0	0.0	0.0	0.0	0.0	0.0	0.0	0.0	0.0	3.0	0.0	0.0	0.0	0.0	0.0	0.0	0.0	0.0
SRR9612838	163.0	2122.0	4522.0	398.0	4483.0	9695.0	5348.0	1659.0	31.0	3351.0	692.0	949.0	13.0	144.0	3.0	15.0	25.0	44.0	71.0	839.0	66.0	449.0	96.0	0.0	0.0	0.0	26.0	0.0	0.0	7.0	0.0	0.0	4.0	0.0	0.0	0.0	4.0	0.0	12.0	0.0	23.0	0.0	0.0	0.0	0.0	0.0	0.0	0.0
SRR9612839	44.0	1786.0	2780.0	240.0	4076.0	7226.0	5031.0	1520.0	31.0	2032.0	555.0	726.0	0.0	93.0	3.0	7.0	76.0	41.0	37.0	446.0	30.0	289.0	53.0	0.0	0.0	0.0	9.0	0.0	0.0	0.0	0.0	0.0	0.0	0.0	0.0	0.0	0.0	0.0	33.0	0.0	6.0	0.0	0.0	0.0	0.0	0.0	0.0	0.0
SRR9612840	11.0	5228.0	49.0	3.0	23.0	365.0	8558.0	1275.0	72.0	2490.0	3562.0	82.0	0.0	37.0	0.0	0.0	0.0	985.0	0.0	0.0	39.0	4.0	0.0	0.0	0.0	0.0	0.0	0.0	0.0	0.0	0.0	0.0	0.0	0.0	0.0	0.0	0.0	0.0	0.0	0.0	0.0	0.0	0.0	0.0	0.0	0.0	0.0	0.0
SRR9612841	47.0	2052.0	1509.0	231.0	4871.0	7246.0	5243.0	1836.0	49.0	2417.0	387.0	514.0	33.0	365.0	12.0	0.0	43.0	107.0	18.0	404.0	18.0	204.0	302.0	10.0	0.0	0.0	0.0	0.0	0.0	0.0	0.0	8.0	0.0	0.0	0.0	0.0	0.0	0.0	5.0	0.0	0.0	0.0	0.0	0.0	0.0	0.0	0.0	0.0
SRR9612842	205.0	1798.0	1383.0	265.0	3504.0	6702.0	5986.0	2352.0	0.0	2776.0	483.0	784.0	79.0	863.0	20.0	0.0	42.0	51.0	31.0	447.0	50.0	211.0	317.0	0.0	0.0	0.0	19.0	10.0	0.0	0.0	0.0	0.0	0.0	0.0	8.0	0.0	5.0	0.0	6.0	0.0	0.0	0.0	0.0	0.0	0.0	0.0	0.0	0.0
SRR9612843	217.0	1021.0	1401.0	162.0	1925.0	5323.0	2705.0	1178.0	40.0	1380.0	279.0	482.0	16.0	263.0	2.0	0.0	0.0	45.0	25.0	618.0	32.0	418.0	75.0	0.0	0.0	0.0	0.0	0.0	0.0	0.0	0.0	0.0	0.0	0.0	0.0	0.0	0.0	0.0	11.0	0.0	14.0	0.0	0.0	0.0	0.0	0.0	0.0	0.0
SRR9612844	203.0	1235.0	1387.0	237.0	3093.0	5873.0	4722.0	2881.0	37.0	2586.0	483.0	730.0	46.0	566.0	25.0	47.0	16.0	42.0	30.0	290.0	21.0	152.0	194.0	0.0	0.0	0.0	10.0	0.0	0.0	0.0	0.0	0.0	0.0	0.0	6.0	0.0	0.0	0.0	0.0	2.0	9.0	0.0	0.0	0.0	0.0	0.0	0.0	0.0
SRR9612845	0.0	3166.0	206.0	9.0	24.0	314.0	6956.0	1982.0	46.0	1085.0	789.0	60.0	6.0	56.0	125.0	0.0	0.0	531.0	2.0	10.0	350.0	7.0	0.0	0.0	0.0	0.0	0.0	0.0	0.0	0.0	0.0	0.0	0.0	0.0	5.0	0.0	0.0	0.0	0.0	0.0	0.0	0.0	0.0	0.0	0.0	0.0	0.0	0.0
SRR9612846	239.0	1129.0	12.0	0.0	4.0	152.0	7546.0	686.0	13.0	827.0	369.0	61.0	6.0	0.0	8.0	0.0	0.0	727.0	0.0	0.0	8.0	0.0	0.0	0.0	0.0	0.0	0.0	0.0	0.0	0.0	0.0	0.0	0.0	0.0	0.0	0.0	0.0	0.0	0.0	0.0	0.0	0.0	0.0	0.0	0.0	0.0	0.0	0.0
SRR9612847	344.0	2348.0	47.0	4.0	6.0	301.0	4146.0	4747.0	14.0	2020.0	567.0	47.0	18.0	1258.0	33.0	0.0	0.0	158.0	0.0	0.0	131.0	3.0	0.0	10.0	0.0	0.0	0.0	0.0	0.0	0.0	0.0	0.0	0.0	0.0	2.0	0.0	0.0	0.0	0.0	0.0	0.0	0.0	0.0	0.0	0.0	0.0	0.0	0.0
SRR9612849	318.0	1262.0	1679.0	159.0	2863.0	6081.0	6298.0	2253.0	36.0	2461.0	587.0	417.0	39.0	790.0	21.0	31.0	9.0	28.0	39.0	462.0	26.0	262.0	148.0	0.0	0.0	0.0	17.0	17.0	0.0	0.0	0.0	0.0	0.0	0.0	51.0	0.0	0.0	0.0	3.0	0.0	0.0	0.0	0.0	0.0	0.0	0.0	7.0	0.0
SRR9612850	99.0	1185.0	858.0	96.0	3165.0	4141.0	5876.0	1593.0	54.0	1647.0	639.0	431.0	12.0	177.0	0.0	0.0	37.0	255.0	24.0	201.0	28.0	120.0	81.0	2.0	0.0	0.0	0.0	0.0	0.0	0.0	0.0	0.0	0.0	0.0	0.0	0.0	0.0	0.0	11.0	0.0	0.0	0.0	0.0	0.0	0.0	0.0	0.0	0.0
SRR9612851	164.0	1514.0	1460.0	107.0	4770.0	5287.0	3707.0	1222.0	5.0	1565.0	310.0	535.0	5.0	249.0	0.0	0.0	37.0	37.0	13.0	269.0	5.0	88.0	56.0	0.0	0.0	0.0	0.0	0.0	0.0	0.0	0.0	0.0	0.0	0.0	0.0	0.0	0.0	0.0	0.0	0.0	8.0	0.0	0.0	0.0	0.0	0.0	0.0	0.0
SRR9612852	99.0	3244.0	2976.0	383.0	5174.0	5196.0	3421.0	794.0	20.0	1968.0	502.0	476.0	2.0	50.0	0.0	0.0	16.0	27.0	24.0	313.0	9.0	145.0	31.0	0.0	0.0	0.0	15.0	0.0	0.0	0.0	0.0	0.0	0.0	0.0	0.0	13.0	0.0	0.0	6.0	0.0	7.0	0.0	0.0	0.0	0.0	0.0	0.0	0.0
SRR9612853	149.0	1763.0	2259.0	115.0	3765.0	8716.0	4088.0	1599.0	32.0	1924.0	344.0	747.0	24.0	169.0	13.0	18.0	169.0	30.0	26.0	484.0	46.0	256.0	115.0	0.0	0.0	0.0	2.0	0.0	0.0	0.0	0.0	0.0	0.0	0.0	0.0	0.0	0.0	0.0	6.0	0.0	0.0	0.0	0.0	0.0	0.0	0.0	0.0	0.0
SRR9612854	81.0	3972.0	2053.0	314.0	7543.0	4423.0	2988.0	616.0	3.0	2546.0	370.0	449.0	9.0	40.0	0.0	0.0	96.0	16.0	16.0	270.0	11.0	105.0	10.0	0.0	0.0	0.0	2.0	0.0	0.0	3.0	0.0	0.0	0.0	0.0	0.0	9.0	0.0	0.0	3.0	0.0	10.0	0.0	0.0	0.0	0.0	0.0	0.0	0.0
SRR9612856	45.0	246.0	43.0	5.0	21.0	252.0	5747.0	926.0	25.0	1652.0	492.0	102.0	3.0	0.0	0.0	0.0	0.0	1009.0	0.0	0.0	0.0	2.0	0.0	0.0	0.0	0.0	0.0	0.0	0.0	0.0	0.0	0.0	0.0	2.0	0.0	0.0	0.0	0.0	0.0	0.0	0.0	0.0	0.0	0.0	0.0	0.0	0.0	0.0
SRR9612857	14.0	4870.0	26.0	2.0	31.0	97.0	2924.0	612.0	33.0	1747.0	369.0	88.0	2.0	4.0	0.0	0.0	0.0	363.0	0.0	0.0	0.0	0.0	0.0	0.0	0.0	0.0	0.0	0.0	0.0	0.0	0.0	0.0	0.0	0.0	0.0	0.0	0.0	0.0	0.0	0.0	0.0	0.0	0.0	0.0	0.0	0.0	0.0	0.0
SRR9612858	61.0	363.0	42.0	7.0	67.0	219.0	5629.0	760.0	21.0	1919.0	483.0	126.0	8.0	30.0	31.0	0.0	4.0	584.0	0.0	8.0	2.0	0.0	0.0	0.0	0.0	0.0	0.0	0.0	0.0	0.0	0.0	0.0	0.0	0.0	0.0	0.0	0.0	0.0	0.0	0.0	0.0	0.0	0.0	0.0	0.0	0.0	0.0	0.0
SRR9612859	28.0	3067.0	930.0	191.0	2996.0	2622.0	2511.0	416.0	13.0	1321.0	261.0	264.0	9.0	65.0	4.0	0.0	6.0	69.0	5.0	100.0	0.0	69.0	23.0	0.0	0.0	0.0	0.0	0.0	0.0	0.0	0.0	0.0	0.0	0.0	0.0	0.0	0.0	0.0	0.0	0.0	0.0	0.0	0.0	0.0	0.0	0.0	0.0	0.0
SRR9612860	165.0	1370.0	1841.0	178.0	2573.0	6080.0	5867.0	1052.0	47.0	1393.0	757.0	792.0	37.0	184.0	27.0	0.0	7.0	94.0	24.0	392.0	70.0	213.0	83.0	0.0	0.0	0.0	0.0	0.0	0.0	0.0	4.0	0.0	0.0	0.0	8.0	0.0	0.0	0.0	10.0	0.0	6.0	0.0	0.0	0.0	0.0	0.0	0.0	0.0
SRR9612861	154.0	1620.0	2328.0	200.0	4127.0	7972.0	3631.0	1237.0	40.0	1657.0	371.0	679.0	14.0	229.0	0.0	0.0	250.0	30.0	15.0	483.0	34.0	183.0	67.0	0.0	0.0	0.0	0.0	0.0	0.0	4.0	0.0	0.0	0.0	0.0	0.0	0.0	0.0	0.0	28.0	0.0	16.0	0.0	0.0	0.0	0.0	0.0	0.0	0.0
SRR9612862	56.0	2817.0	1504.0	282.0	5253.0	5023.0	2140.0	534.0	16.0	1553.0	244.0	318.0	0.0	29.0	4.0	11.0	0.0	23.0	13.0	365.0	10.0	155.0	47.0	0.0	0.0	0.0	14.0	0.0	0.0	0.0	0.0	0.0	0.0	0.0	0.0	0.0	6.0	0.0	0.0	2.0	6.0	0.0	0.0	0.0	0.0	0.0	0.0	0.0
SRR9612863	138.0	824.0	2.0	3.0	12.0	81.0	9734.0	281.0	9.0	1256.0	1319.0	62.0	0.0	0.0	0.0	0.0	7.0	467.0	0.0	0.0	4.0	0.0	2.0	0.0	0.0	0.0	0.0	0.0	0.0	0.0	0.0	0.0	0.0	0.0	0.0	0.0	0.0	0.0	0.0	0.0	0.0	0.0	0.0	0.0	0.0	0.0	0.0	0.0
SRR9612868	7.0	314.0	66.0	0.0	29.0	127.0	7188.0	492.0	0.0	1880.0	522.0	129.0	0.0	0.0	0.0	0.0	0.0	456.0	0.0	0.0	0.0	0.0	0.0	0.0	0.0	0.0	2.0	0.0	0.0	0.0	0.0	0.0	0.0	0.0	0.0	0.0	0.0	0.0	0.0	0.0	0.0	0.0	0.0	0.0	0.0	0.0	0.0	0.0
SRR9612870	65.0	613.0	21.0	4.0	11.0	117.0	18302.0	437.0	17.0	1332.0	671.0	158.0	2.0	34.0	0.0	0.0	3.0	307.0	0.0	2.0	0.0	0.0	0.0	0.0	0.0	0.0	0.0	0.0	0.0	0.0	0.0	0.0	0.0	0.0	0.0	0.0	0.0	0.0	0.0	0.0	0.0	0.0	0.0	0.0	0.0	0.0	0.0	0.0
SRR9612875	371.0	610.0	6.0	5.0	38.0	291.0	1715.0	9131.0	21.0	536.0	407.0	179.0	5.0	63.0	6.0	0.0	10.0	183.0	0.0	0.0	90.0	0.0	0.0	0.0	0.0	0.0	0.0	0.0	0.0	0.0	0.0	0.0	0.0	0.0	0.0	0.0	0.0	0.0	0.0	0.0	0.0	0.0	0.0	0.0	0.0	0.0	0.0	0.0
SRR9612876	149.0	284.0	8.0	4.0	22.0	79.0	1198.0	8701.0	21.0	256.0	207.0	53.0	8.0	24.0	27.0	0.0	10.0	87.0	3.0	0.0	5.0	0.0	0.0	6.0	0.0	0.0	3.0	0.0	0.0	0.0	0.0	4.0	0.0	0.0	0.0	0.0	0.0	0.0	0.0	0.0	0.0	0.0	0.0	0.0	0.0	5.0	0.0	0.0
SRR9612878	568.0	821.0	21.0	4.0	25.0	148.0	2783.0	3647.0	14.0	2134.0	377.0	173.0	0.0	31.0	10.0	0.0	0.0	190.0	0.0	0.0	5.0	0.0	0.0	0.0	0.0	0.0	0.0	0.0	0.0	0.0	0.0	0.0	0.0	0.0	0.0	0.0	0.0	0.0	0.0	0.0	0.0	0.0	0.0	0.0	0.0	0.0	0.0	0.0
SRR9612879	1583.0	6548.0	18.0	3.0	139.0	202.0	4360.0	1299.0	20.0	955.0	593.0	194.0	0.0	20.0	4.0	0.0	0.0	754.0	0.0	3.0	0.0	5.0	0.0	0.0	0.0	0.0	0.0	0.0	0.0	0.0	0.0	0.0	0.0	0.0	815.0	0.0	0.0	0.0	0.0	0.0	0.0	0.0	0.0	0.0	0.0	0.0	0.0	0.0
SRR9612880	76.0	389.0	36.0	0.0	25.0	384.0	1686.0	8927.0	11.0	1602.0	571.0	197.0	9.0	24.0	34.0	0.0	0.0	141.0	0.0	0.0	6.0	0.0	0.0	0.0	0.0	0.0	0.0	0.0	0.0	0.0	0.0	0.0	0.0	0.0	12.0	0.0	0.0	0.0	0.0	0.0	0.0	0.0	0.0	0.0	0.0	0.0	0.0	0.0
SRR9612882	92.0	1787.0	35.0	2.0	29.0	501.0	6169.0	11533.0	24.0	3228.0	1180.0	202.0	8.0	106.0	87.0	0.0	0.0	226.0	0.0	0.0	0.0	0.0	8.0	0.0	0.0	0.0	0.0	0.0	0.0	0.0	0.0	0.0	0.0	0.0	0.0	0.0	0.0	0.0	0.0	0.0	0.0	0.0	0.0	0.0	0.0	0.0	0.0	0.0
SRR9612883	132.0	2503.0	3157.0	154.0	5161.0	7897.0	6217.0	1987.0	86.0	2170.0	637.0	763.0	35.0	262.0	0.0	15.0	23.0	79.0	43.0	507.0	44.0	257.0	94.0	0.0	0.0	0.0	0.0	0.0	0.0	0.0	0.0	14.0	0.0	0.0	0.0	0.0	0.0	0.0	5.0	0.0	7.0	0.0	0.0	0.0	0.0	0.0	0.0	0.0
SRR9612884	38.0	3003.0	74.0	8.0	68.0	357.0	2930.0	2163.0	20.0	1096.0	669.0	113.0	0.0	18.0	22.0	0.0	2.0	761.0	3.0	0.0	11.0	3.0	5.0	0.0	0.0	0.0	0.0	0.0	0.0	0.0	0.0	0.0	0.0	0.0	34.0	0.0	0.0	0.0	0.0	0.0	0.0	0.0	0.0	0.0	0.0	0.0	0.0	0.0
SRR9612887	269.0	1465.0	1668.0	111.0	3971.0	6506.0	4810.0	2732.0	34.0	2220.0	555.0	944.0	64.0	519.0	12.0	12.0	85.0	53.0	35.0	304.0	36.0	136.0	97.0	0.0	0.0	0.0	23.0	9.0	2.0	0.0	0.0	0.0	0.0	0.0	5.0	0.0	0.0	0.0	11.0	0.0	9.0	2.0	0.0	0.0	0.0	0.0	0.0	0.0
SRR9612894	41.0	1003.0	1732.0	213.0	1933.0	4525.0	3011.0	634.0	64.0	1265.0	494.0	558.0	38.0	51.0	0.0	0.0	10.0	47.0	7.0	324.0	34.0	109.0	45.0	0.0	0.0	0.0	16.0	0.0	0.0	4.0	0.0	0.0	0.0	0.0	0.0	0.0	0.0	0.0	21.0	0.0	12.0	3.0	0.0	0.0	0.0	0.0	0.0	0.0
SRR9612895	56.0	1086.0	1496.0	116.0	2860.0	5390.0	3677.0	779.0	33.0	1354.0	336.0	513.0	0.0	83.0	3.0	0.0	15.0	29.0	24.0	291.0	8.0	104.0	24.0	0.0	0.0	0.0	12.0	0.0	0.0	0.0	0.0	0.0	0.0	0.0	0.0	10.0	0.0	0.0	6.0	0.0	8.0	0.0	0.0	0.0	0.0	0.0	0.0	0.0
SRR9612896	51.0	1129.0	1337.0	116.0	2578.0	4440.0	2789.0	1037.0	35.0	1491.0	200.0	385.0	0.0	98.0	12.0	15.0	0.0	34.0	20.0	245.0	4.0	70.0	65.0	0.0	0.0	0.0	7.0	0.0	0.0	0.0	0.0	0.0	0.0	0.0	0.0	0.0	0.0	0.0	5.0	5.0	0.0	0.0	0.0	0.0	0.0	0.0	0.0	0.0
SRR9612897	79.0	689.0	1348.0	80.0	2329.0	4467.0	2755.0	588.0	22.0	1245.0	395.0	537.0	7.0	28.0	0.0	0.0	1355.0	5.0	15.0	312.0	0.0	68.0	54.0	0.0	0.0	2.0	0.0	0.0	0.0	0.0	0.0	0.0	0.0	0.0	0.0	0.0	0.0	0.0	0.0	0.0	0.0	0.0	0.0	0.0	0.0	0.0	0.0	0.0
SRR9612898	172.0	807.0	617.0	120.0	2064.0	2796.0	2972.0	1351.0	59.0	870.0	459.0	332.0	22.0	95.0	17.0	16.0	766.0	18.0	30.0	135.0	10.0	46.0	44.0	0.0	2.0	0.0	17.0	5.0	0.0	5.0	0.0	0.0	0.0	2.0	0.0	0.0	0.0	0.0	0.0	0.0	0.0	0.0	0.0	0.0	0.0	0.0	0.0	0.0
SRR9612899	530.0	1220.0	623.0	50.0	2694.0	3309.0	3198.0	2347.0	0.0	1415.0	547.0	256.0	29.0	179.0	35.0	0.0	20.0	17.0	12.0	140.0	40.0	71.0	71.0	0.0	0.0	0.0	27.0	3.0	0.0	0.0	6.0	0.0	0.0	0.0	0.0	0.0	0.0	0.0	8.0	8.0	0.0	0.0	0.0	0.0	0.0	0.0	0.0	0.0
SRR9612900	52.0	2915.0	1821.0	202.0	6695.0	7658.0	5889.0	2689.0	98.0	2635.0	685.0	1047.0	43.0	112.0	13.0	25.0	28.0	161.0	20.0	231.0	40.0	97.0	126.0	0.0	0.0	0.0	0.0	0.0	0.0	2.0	0.0	0.0	0.0	0.0	0.0	8.0	0.0	0.0	7.0	0.0	0.0	0.0	0.0	0.0	0.0	0.0	0.0	0.0
SRR9612901	143.0	1997.0	3209.0	350.0	4594.0	9736.0	6198.0	2157.0	94.0	3224.0	1927.0	1393.0	27.0	294.0	22.0	0.0	464.0	62.0	51.0	964.0	64.0	459.0	162.0	0.0	0.0	0.0	17.0	0.0	0.0	0.0	0.0	0.0	0.0	0.0	5.0	0.0	0.0	0.0	4.0	0.0	9.0	3.0	0.0	0.0	0.0	0.0	0.0	0.0
SRR9612902	10.0	5810.0	22.0	13.0	26.0	182.0	8465.0	1263.0	18.0	2798.0	802.0	256.0	0.0	0.0	0.0	0.0	4.0	1121.0	0.0	0.0	0.0	0.0	0.0	0.0	0.0	0.0	2.0	0.0	0.0	0.0	0.0	0.0	0.0	0.0	0.0	0.0	0.0	0.0	3.0	0.0	0.0	0.0	0.0	0.0	0.0	0.0	0.0	0.0
SRR9612903	54.0	3141.0	1561.0	210.0	4251.0	2940.0	1983.0	334.0	5.0	1602.0	272.0	327.0	2.0	39.0	0.0	0.0	0.0	0.0	20.0	111.0	10.0	38.0	0.0	0.0	0.0	0.0	9.0	0.0	0.0	0.0	0.0	0.0	0.0	0.0	0.0	20.0	0.0	0.0	2.0	0.0	0.0	0.0	0.0	0.0	0.0	0.0	0.0	0.0
SRR9612904	71.0	1219.0	1666.0	142.0	2514.0	6194.0	2866.0	910.0	31.0	1354.0	382.0	476.0	26.0	144.0	0.0	0.0	157.0	15.0	33.0	450.0	35.0	268.0	75.0	0.0	0.0	0.0	0.0	0.0	0.0	0.0	0.0	0.0	0.0	0.0	6.0	0.0	0.0	0.0	9.0	0.0	0.0	0.0	0.0	0.0	0.0	0.0	0.0	0.0
SRR9612905	170.0	9297.0	146.0	10.0	228.0	619.0	6165.0	1700.0	48.0	1920.0	1134.0	497.0	0.0	56.0	27.0	0.0	18.0	505.0	0.0	0.0	11.0	8.0	8.0	0.0	0.0	2.0	0.0	0.0	0.0	0.0	0.0	0.0	0.0	0.0	4.0	0.0	0.0	0.0	0.0	0.0	0.0	0.0	0.0	0.0	0.0	0.0	0.0	0.0
SRR9612909	0.0	3405.0	107.0	5.0	43.0	604.0	18347.0	2394.0	41.0	5578.0	2485.0	470.0	0.0	0.0	8.0	0.0	0.0	1539.0	0.0	0.0	16.0	5.0	0.0	0.0	0.0	0.0	0.0	0.0	0.0	0.0	0.0	0.0	0.0	0.0	0.0	0.0	0.0	0.0	0.0	0.0	2.0	0.0	0.0	0.0	0.0	0.0	0.0	0.0
SRR9612912	240.0	2364.0	2155.0	162.0	4655.0	7475.0	5748.0	2486.0	65.0	1687.0	629.0	819.0	10.0	365.0	8.0	0.0	46.0	47.0	19.0	430.0	50.0	210.0	132.0	0.0	0.0	0.0	5.0	0.0	0.0	0.0	0.0	10.0	0.0	0.0	15.0	0.0	0.0	0.0	2.0	0.0	0.0	0.0	0.0	0.0	0.0	0.0	0.0	0.0
SRR9612913	55.0	2115.0	2113.0	201.0	5346.0	8541.0	3749.0	1359.0	42.0	1639.0	476.0	569.0	21.0	47.0	4.0	0.0	426.0	52.0	18.0	454.0	7.0	319.0	54.0	0.0	0.0	5.0	11.0	0.0	0.0	4.0	0.0	0.0	0.0	0.0	0.0	0.0	0.0	0.0	3.0	4.0	0.0	3.0	0.0	0.0	0.0	0.0	0.0	0.0
SRR9612914	102.0	1418.0	1760.0	95.0	2540.0	6444.0	3553.0	1991.0	21.0	1880.0	384.0	640.0	24.0	254.0	7.0	18.0	9.0	74.0	21.0	331.0	6.0	199.0	98.0	0.0	0.0	0.0	0.0	0.0	0.0	0.0	0.0	0.0	0.0	0.0	0.0	0.0	0.0	0.0	0.0	0.0	0.0	0.0	0.0	0.0	0.0	0.0	0.0	0.0
SRR9612915	356.0	1322.0	998.0	216.0	1929.0	6492.0	3886.0	1255.0	39.0	1152.0	445.0	653.0	17.0	230.0	0.0	0.0	63.0	28.0	13.0	349.0	22.0	179.0	25.0	0.0	0.0	0.0	0.0	0.0	0.0	0.0	0.0	0.0	0.0	0.0	32.0	0.0	0.0	0.0	0.0	0.0	0.0	0.0	0.0	0.0	0.0	0.0	0.0	0.0
SRR9612916	226.0	390.0	14.0	0.0	17.0	305.0	5622.0	35443.0	23.0	1539.0	556.0	52.0	12.0	536.0	37.0	0.0	0.0	15.0	0.0	0.0	12.0	7.0	38.0	0.0	0.0	0.0	0.0	0.0	0.0	0.0	0.0	0.0	0.0	0.0	0.0	0.0	0.0	0.0	0.0	0.0	0.0	0.0	0.0	0.0	0.0	0.0	0.0	0.0
SRR9612917	148.0	1436.0	2131.0	202.0	3483.0	7094.0	5387.0	3305.0	58.0	2102.0	660.0	697.0	107.0	514.0	0.0	0.0	45.0	83.0	46.0	720.0	77.0	387.0	225.0	0.0	0.0	0.0	21.0	22.0	0.0	0.0	0.0	0.0	0.0	0.0	6.0	0.0	6.0	0.0	7.0	0.0	0.0	0.0	0.0	0.0	0.0	0.0	0.0	0.0
SRR9612918	31.0	859.0	1028.0	98.0	2558.0	3446.0	2510.0	729.0	30.0	875.0	235.0	454.0	35.0	63.0	6.0	11.0	28.0	28.0	15.0	135.0	5.0	37.0	26.0	0.0	0.0	0.0	0.0	0.0	0.0	0.0	0.0	0.0	0.0	0.0	0.0	0.0	0.0	0.0	0.0	0.0	0.0	0.0	0.0	0.0	0.0	0.0	0.0	0.0
SRR9612920	59.0	1731.0	1062.0	65.0	3937.0	3482.0	3852.0	1013.0	88.0	1404.0	521.0	569.0	12.0	76.0	0.0	17.0	670.0	19.0	5.0	172.0	23.0	39.0	52.0	0.0	0.0	3.0	15.0	0.0	0.0	4.0	0.0	0.0	0.0	0.0	4.0	0.0	0.0	0.0	0.0	6.0	0.0	0.0	0.0	0.0	0.0	0.0	0.0	0.0
SRR9612921	199.0	391.0	1128.0	185.0	1909.0	3548.0	3392.0	684.0	77.0	1078.0	656.0	1034.0	8.0	99.0	0.0	0.0	187.0	33.0	20.0	159.0	14.0	67.0	36.0	0.0	0.0	0.0	0.0	0.0	0.0	0.0	0.0	0.0	0.0	0.0	0.0	0.0	0.0	0.0	6.0	0.0	5.0	0.0	0.0	5.0	0.0	0.0	0.0	0.0
SRR9612923	108.0	630.0	1100.0	140.0	2646.0	2959.0	7456.0	736.0	70.0	1064.0	585.0	746.0	8.0	83.0	27.0	14.0	370.0	56.0	21.0	157.0	4.0	67.0	32.0	0.0	2.0	0.0	15.0	0.0	0.0	0.0	0.0	4.0	0.0	0.0	3.0	0.0	0.0	0.0	9.0	2.0	0.0	0.0	0.0	0.0	0.0	0.0	0.0	0.0
SRR9612926	69.0	3757.0	218.0	29.0	31.0	526.0	6477.0	2294.0	32.0	2370.0	920.0	304.0	7.0	95.0	31.0	0.0	5.0	2017.0	0.0	0.0	223.0	3.0	0.0	8.0	0.0	0.0	4.0	0.0	0.0	0.0	0.0	0.0	0.0	0.0	3.0	0.0	0.0	0.0	2.0	0.0	0.0	0.0	0.0	0.0	0.0	0.0	0.0	0.0
SRR9612929	191.0	602.0	67.0	11.0	15.0	528.0	8962.0	2564.0	27.0	2212.0	579.0	296.0	2.0	144.0	63.0	0.0	8.0	574.0	0.0	0.0	34.0	4.0	0.0	0.0	0.0	0.0	2.0	0.0	0.0	0.0	0.0	0.0	0.0	0.0	24.0	0.0	0.0	0.0	0.0	0.0	0.0	7.0	0.0	0.0	0.0	0.0	0.0	0.0
SRR9612930	4256.0	799.0	11.0	3.0	10.0	283.0	24428.0	3005.0	18.0	1304.0	544.0	149.0	23.0	882.0	62.0	0.0	0.0	104.0	0.0	0.0	26.0	2.0	0.0	0.0	0.0	0.0	0.0	0.0	0.0	0.0	0.0	0.0	0.0	0.0	2140.0	0.0	0.0	0.0	0.0	0.0	0.0	0.0	0.0	0.0	0.0	0.0	0.0	0.0
SRR9612931	717.0	494.0	34.0	0.0	10.0	407.0	5235.0	32268.0	32.0	2997.0	728.0	229.0	32.0	1237.0	84.0	0.0	0.0	109.0	0.0	0.0	38.0	3.0	22.0	0.0	0.0	0.0	0.0	6.0	0.0	0.0	0.0	0.0	0.0	0.0	1359.0	0.0	0.0	0.0	2.0	0.0	0.0	2.0	0.0	0.0	0.0	3.0	0.0	0.0
SRR9612932	236.0	4937.0	788.0	117.0	19.0	1059.0	24718.0	4658.0	88.0	3962.0	3199.0	596.0	49.0	919.0	135.0	3.0	101.0	1216.0	9.0	0.0	744.0	0.0	7.0	5.0	0.0	0.0	0.0	0.0	0.0	0.0	0.0	0.0	0.0	5.0	5.0	0.0	0.0	0.0	3.0	0.0	9.0	2.0	0.0	0.0	0.0	0.0	0.0	0.0
SRR9612933	1281.0	5323.0	118.0	7.0	42.0	990.0	18548.0	7328.0	51.0	5432.0	945.0	441.0	36.0	822.0	54.0	0.0	6.0	608.0	0.0	3.0	17.0	4.0	8.0	0.0	0.0	0.0	2.0	0.0	0.0	0.0	0.0	0.0	0.0	0.0	8237.0	0.0	0.0	0.0	0.0	0.0	8.0	0.0	0.0	0.0	0.0	0.0	0.0	0.0
SRR9612934	1715.0	2325.0	34.0	3.0	15.0	2304.0	21026.0	4045.0	8.0	1521.0	1095.0	462.0	18.0	1158.0	151.0	0.0	3.0	39.0	0.0	12.0	17.0	0.0	2.0	0.0	0.0	0.0	0.0	0.0	0.0	0.0	0.0	0.0	0.0	0.0	201.0	0.0	0.0	0.0	0.0	0.0	0.0	0.0	0.0	0.0	0.0	3.0	0.0	0.0
SRR9612935	24.0	9758.0	150.0	8.0	9.0	386.0	10983.0	3250.0	82.0	3512.0	703.0	255.0	0.0	270.0	15.0	0.0	28.0	345.0	0.0	0.0	140.0	0.0	0.0	9.0	0.0	0.0	2.0	0.0	0.0	0.0	0.0	0.0	0.0	0.0	0.0	0.0	0.0	0.0	0.0	0.0	0.0	0.0	0.0	0.0	0.0	0.0	0.0	0.0
