#SampleID	d__Bacteria;p__Firmicutes;c__Bacilli;o__Thermoactinomycetales	d__Bacteria;p__Actinobacteriota;c__Actinobacteria;o__Micromonosporales	d__Bacteria;p__Planctomycetota;c__Phycisphaerae;o__Tepidisphaerales	d__Bacteria;p__Armatimonadota;c__Armatimonadia;o__Armatimonadales	d__Bacteria;p__Firmicutes;c__Negativicutes;o__Veillonellales-Selenomonadales	d__Bacteria;p__Gemmatimonadota;c__Gemmatimonadetes;o__Gemmatimonadales	d__Bacteria;p__Acidobacteriota;c__Acidobacteriae;o__Bryobacterales	d__Bacteria;p__Proteobacteria;c__Alphaproteobacteria;o__Reyranellales	d__Bacteria;p__Proteobacteria;c__Gammaproteobacteria;o__Burkholderiales	d__Bacteria;p__Myxococcota;c__Polyangia;o__Polyangiales	d__Bacteria;p__Firmicutes;c__Desulfitobacteriia;o__Desulfitobacteriales	d__Bacteria;p__Bdellovibrionota;c__Bdellovibrionia;o__Bdellovibrionales	d__Bacteria;p__Chloroflexi;c__Chloroflexia;o__Chloroflexales	d__Bacteria;p__Proteobacteria;c__Alphaproteobacteria;o__Rhizobiales	d__Bacteria;p__Bacteroidota;c__Kapabacteria;o__Kapabacteriales	d__Bacteria;p__Chloroflexi;c__Anaerolineae;o__SBR1031	d__Bacteria;p__Planctomycetota;c__Planctomycetes;o__Isosphaerales	d__Bacteria;p__Planctomycetota;c__Planctomycetes;o__Pirellulales	d__Bacteria;p__Verrucomicrobiota;c__Verrucomicrobiae;o__Chthoniobacterales	d__Bacteria;p__Myxococcota;c__Myxococcia;o__Myxococcales	d__Bacteria;p__Proteobacteria;c__Gammaproteobacteria;o__Xanthomonadales	d__Bacteria;p__Patescibacteria;c__Parcubacteria;o__Candidatus_Nomurabacteria	d__Bacteria;p__Planctomycetota;c__Planctomycetes;o__Gemmatales	d__Bacteria;p__Verrucomicrobiota;c__Verrucomicrobiae;o__Pedosphaerales	d__Bacteria;p__Acidobacteriota;c__Vicinamibacteria;o__Vicinamibacterales	d__Bacteria;p__Proteobacteria;c__Alphaproteobacteria;o__Paracaedibacterales	d__Bacteria;p__Myxococcota;c__Polyangia;o__Blfdi19	d__Bacteria;p__Bacteroidota;c__Bacteroidia;o__Bacteroidales	d__Bacteria;p__Desulfobacterota;c__Desulfobulbia;o__Desulfobulbales	d__Bacteria;p__Actinobacteriota;c__Actinobacteria;o__Corynebacteriales	d__Bacteria;p__Proteobacteria;c__Gammaproteobacteria;o__Salinisphaerales	d__Bacteria;p__Desulfobacterota;c__Desulfuromonadia;o__Geobacterales	d__Bacteria;p__Proteobacteria;c__Gammaproteobacteria;o__Enterobacterales	d__Bacteria;p__Spirochaetota;c__Spirochaetia;o__Spirochaetales	d__Bacteria;p__WS4;c__WS4;o__WS4	d__Bacteria;p__Bdellovibrionota;c__Bdellovibrionia;o__Bacteriovoracales	d__Bacteria;p__Firmicutes;c__Clostridia;o__Clostridiales	d__Bacteria;p__Chloroflexi;c__Anaerolineae;o__Anaerolineales	d__Bacteria;p__Bacteroidota;c__Bacteroidia;o__Flavobacteriales	d__Bacteria;p__Bdellovibrionota;c__Oligoflexia;o__0319-6G20	d__Bacteria;p__Actinobacteriota;c__Actinobacteria;o__Micrococcales	d__Bacteria;p__Proteobacteria;c__Alphaproteobacteria;o__Sphingomonadales	d__Bacteria;p__Firmicutes;c__Clostridia;o__Oscillospirales	d__Bacteria;p__Cyanobacteria;c__Cyanobacteriia;o__Cyanobacteriales	d__Bacteria;p__Planctomycetota;c__Phycisphaerae;o__Phycisphaerales	d__Bacteria;p__Fibrobacterota;c__Chitinivibrionia;o__uncultured	d__Bacteria;p__Patescibacteria;c__Berkelbacteria;o__Berkelbacteria	d__Bacteria;p__Planctomycetota;c__Phycisphaerae;o__MSBL9	d__Bacteria;p__Planctomycetota;c__vadinHA49;o__vadinHA49	d__Bacteria;p__Actinobacteriota;c__Thermoleophilia;o__uncultured	d__Bacteria;p__Hydrogenedentes;c__Hydrogenedentia;o__Hydrogenedentiales	d__Bacteria;p__Patescibacteria;c__Parcubacteria;o__Parcubacteria	d__Bacteria;p__Proteobacteria;c__Gammaproteobacteria;o__Coxiellales	d__Bacteria;p__Methylomirabilota;c__Methylomirabilia;o__Methylomirabilales	d__Bacteria;p__Cyanobacteria;c__Cyanobacteriia;o__Leptolyngbyales	d__Bacteria;p__Elusimicrobiota;c__Lineage_IIa;o__Lineage_IIa	d__Bacteria;p__Latescibacterota;c__Latescibacterota;o__Latescibacterota	d__Bacteria;p__Bacteroidota;c__Bacteroidia;o__Sphingobacteriales	d__Bacteria;p__Acidobacteriota;c__Subgroup_5;o__Subgroup_5	d__Bacteria;p__Gemmatimonadota;c__Longimicrobia;o__Longimicrobiales	d__Bacteria;p__Proteobacteria;c__Gammaproteobacteria;o__Pseudomonadales	d__Bacteria;p__Bacteroidota;c__Bacteroidia;o__Cytophagales	d__Bacteria;p__Methylomirabilota;c__Methylomirabilia;o__Rokubacteriales	d__Bacteria;p__Acidobacteriota;c__Acidobacteriae;o__Subgroup_12	d__Bacteria;p__Firmicutes;c__Clostridia;o__Thermincolales	d__Bacteria;p__Firmicutes;c__Clostridia;o__Christensenellales	d__Bacteria;p__Firmicutes;c__Limnochordia;o__Limnochordia	d__Bacteria;p__Proteobacteria;c__Alphaproteobacteria;o__Micropepsales	d__Bacteria;p__Verrucomicrobiota;c__Verrucomicrobiae;o__Opitutales	d__Bacteria;p__Bacteroidota;c__Ignavibacteria;o__Ignavibacteriales	d__Bacteria;p__Bacteroidota;c__Bacteroidia;o__Chitinophagales	d__Bacteria;p__Acidobacteriota;c__Holophagae;o__Subgroup_7	d__Bacteria;p__Armatimonadota;c__uncultured;o__uncultured	d__Bacteria;p__Planctomycetota;c__Planctomycetes;o__Planctomycetales	d__Bacteria;p__Acidobacteriota;c__Vicinamibacteria;o__Subgroup_17	d__Bacteria;p__Armatimonadota;c__Fimbriimonadia;o__Fimbriimonadales	d__Bacteria;p__Armatimonadota;c__Chthonomonadetes;o__Chthonomonadales	d__Bacteria;p__Firmicutes;c__Clostridia;o__Peptostreptococcales-Tissierellales	d__Bacteria;p__Chloroflexi;c__Anaerolineae;o__Ardenticatenales	d__Bacteria;p__Verrucomicrobiota;c__Verrucomicrobiae;o__Verrucomicrobiales	d__Bacteria;p__Acidobacteriota;c__Holophagae;o__Holophagales	d__Bacteria;p__Chloroflexi;c__TK10;o__TK10	d__Bacteria;p__Acidobacteriota;c__Acidobacteriae;o__Acidobacteriales	d__Bacteria;p__Verrucomicrobiota;c__Omnitrophia;o__Omnitrophales	d__Bacteria;p__Chloroflexi;c__Anaerolineae;o__RBG-13-54-9	d__Bacteria;p__Proteobacteria;c__Alphaproteobacteria;o__Tistrellales	d__Bacteria;p__Myxococcota;c__Polyangia;o__Haliangiales	d__Bacteria;p__Elusimicrobiota;c__Elusimicrobia;o__Lineage_IV	d__Bacteria;p__Actinobacteriota;c__Coriobacteriia;o__CG2-30-50-142	d__Bacteria;p__Actinobacteriota;c__Actinobacteria;o__Frankiales	d__Bacteria;p__Nitrospirota;c__4-29-1;o__4-29-1	d__Bacteria;p__Myxococcota;c__Polyangia;o__UASB-TL25	d__Bacteria;p__Verrucomicrobiota;c__Chlamydiae;o__Chlamydiales	d__Bacteria;p__Proteobacteria;c__Alphaproteobacteria;o__Caulobacterales	d__Bacteria;p__Planctomycetota;c__BD7-11;o__BD7-11	d__Bacteria;p__Proteobacteria;c__Alphaproteobacteria;o__uncultured	d__Bacteria;p__Patescibacteria;c__ABY1;o__Candidatus_Magasanikbacteria	d__Bacteria;p__Proteobacteria;c__Alphaproteobacteria;o__Rhodospirillales	d__Bacteria;p__Chloroflexi;c__KD4-96;o__KD4-96	d__Bacteria;p__Patescibacteria;c__CPR2;o__CPR2	d__Bacteria;p__Planctomycetota;c__Phycisphaerae;o__Pla1_lineage	d__Bacteria;p__Actinobacteriota;c__Actinobacteria;o__Streptomycetales	d__Bacteria;p__Proteobacteria;c__Gammaproteobacteria;o__Steroidobacterales	d__Bacteria;p__FCPU426;c__FCPU426;o__FCPU426	d__Bacteria;p__Verrucomicrobiota;c__Verrucomicrobiae;o__S-BQ2-57_soil_group	d__Bacteria;p__Gemmatimonadota;c__S0134_terrestrial_group;o__S0134_terrestrial_group	d__Bacteria;p__Proteobacteria;c__Gammaproteobacteria;o__Acidiferrobacterales	d__Bacteria;p__SAR324_clade(Marine_group_B);c__SAR324_clade(Marine_group_B);o__SAR324_clade(Marine_group_B)	d__Bacteria;p__Abditibacteriota;c__Abditibacteria;o__Abditibacteriales	d__Bacteria;p__Firmicutes;c__Syntrophomonadia;o__Syntrophomonadales	d__Bacteria;p__Actinobacteriota;c__MB-A2-108;o__MB-A2-108	d__Bacteria;p__Acidobacteriota;c__Acidobacteriae;o__Subgroup_2	d__Bacteria;p__Cyanobacteria;c__Sericytochromatia;o__Sericytochromatia	d__Bacteria;p__Acidobacteriota;c__Thermoanaerobaculia;o__Thermoanaerobaculales	d__Bacteria;p__Actinobacteriota;c__Acidimicrobiia;o__Microtrichales	d__Bacteria;p__Actinobacteriota;c__Coriobacteriia;o__OPB41	d__Bacteria;p__Cyanobacteria;c__Vampirivibrionia;o__Gastranaerophilales	d__Bacteria;p__Patescibacteria;c__Parcubacteria;o__Candidatus_Azambacteria	d__Bacteria;p__Planctomycetota;c__OM190;o__OM190	d__Bacteria;p__Myxococcota;c__Polyangia;o__mle1-27	d__Bacteria;p__Proteobacteria;c__Alphaproteobacteria;o__Acetobacterales	d__Bacteria;p__Chloroflexi;c__P2-11E;o__P2-11E	d__Bacteria;p__Firmicutes;c__Firmicutes;o__Firmicutes	d__Bacteria;p__Nitrospirota;c__Thermodesulfovibrionia;o__Thermodesulfovibrionales	d__Bacteria;p__Acidobacteriota;c__Acidobacteriae;o__Solibacterales	d__Bacteria;p__Acidobacteriota;c__Blastocatellia;o__Pyrinomonadales	d__Bacteria;p__Actinobacteriota;c__Acidimicrobiia;o__IMCC26256	d__Bacteria;p__Actinobacteriota;c__Thermoleophilia;o__Gaiellales	d__Bacteria;p__Acidobacteriota;c__Blastocatellia;o__Blastocatellales	d__Bacteria;p__Fibrobacterota;c__Fibrobacteria;o__Fibrobacterales	d__Bacteria;p__Proteobacteria;c__Gammaproteobacteria;o__Methylococcales	d__Bacteria;p__Proteobacteria;c__Alphaproteobacteria;o__Dongiales	d__Bacteria;p__Firmicutes;c__Negativicutes;o__uncultured	d__Bacteria;p__Latescibacterota;c__Latescibacteria;o__Latescibacterales	d__Bacteria;p__Cyanobacteria;c__Vampirivibrionia;o__Obscuribacterales	d__Bacteria;p__Bdellovibrionota;c__Oligoflexia;o__Oligoflexales	d__Bacteria;p__Proteobacteria;c__Gammaproteobacteria;o__Diplorickettsiales	d__Bacteria;p__Bdellovibrionota;c__Oligoflexia;o__Silvanigrellales	d__Bacteria;p__Myxococcota;c__Polyangia;o__MSB-4B10	d__Bacteria;p__Verrucomicrobiota;c__Kiritimatiellae;o__WCHB1-41	d__Bacteria;p__Desulfobacterota;c__Syntrophobacteria;o__Syntrophobacterales	d__Bacteria;p__Chloroflexi;c__Dehalococcoidia;o__S085	d__Bacteria;p__Bacteroidota;c__Rhodothermia;o__Rhodothermales	d__Bacteria;p__Patescibacteria;c__Gracilibacteria;o__Gracilibacteria	d__Bacteria;p__Acidobacteriota;c__Subgroup_25;o__Subgroup_25	d__Bacteria;p__Sumerlaeota;c__Sumerlaeia;o__Sumerlaeales	d__Bacteria;p__Actinobacteriota;c__Thermoleophilia;o__Solirubrobacterales	d__Bacteria;p__Proteobacteria;c__Alphaproteobacteria;o__Rickettsiales	d__Bacteria;p__Actinobacteriota;c__Actinobacteria;o__Propionibacteriales	d__Bacteria;p__Patescibacteria;c__Saccharimonadia;o__Saccharimonadales	d__Bacteria;p__Actinobacteriota;c__Actinobacteria;o__Pseudonocardiales	d__Bacteria;p__Planctomycetota;c__Pla4_lineage;o__Pla4_lineage	d__Bacteria;p__Patescibacteria;c__ABY1;o__Candidatus_Falkowbacteria	d__Bacteria;p__Zixibacteria;c__Zixibacteria;o__Zixibacteria	d__Bacteria;p__Chloroflexi;c__Chloroflexia;o__Kallotenuales	d__Bacteria;p__Proteobacteria;c__Gammaproteobacteria;o__Gammaproteobacteria_Incertae_Sedis	d__Bacteria;p__Acidobacteriota;c__Subgroup_21;o__Subgroup_21	d__Bacteria;p__Acidobacteriota;c__Blastocatellia;o__11-24	d__Bacteria;p__Chloroflexi;c__JG30-KF-CM66;o__JG30-KF-CM66	d__Bacteria;p__Actinobacteriota;c__Actinobacteria;o__PeM15	d__Bacteria;p__Chloroflexi;c__Chloroflexia;o__Thermomicrobiales	d__Bacteria;p__Margulisbacteria;c__Margulisbacteria;o__Margulisbacteria	d__Bacteria;p__Actinobacteriota;c__Actinobacteria;o__Kineosporiales	d__Bacteria;p__Gemmatimonadota;c__BD2-11_terrestrial_group;o__BD2-11_terrestrial_group	d__Bacteria;p__Bacteroidota;c__Kryptonia;o__Kryptoniales	d__Bacteria;p__Patescibacteria;c__Parcubacteria;o__Candidatus_Yanofskybacteria	d__Bacteria;p__Desulfobacterota;c__Syntrophorhabdia;o__Syntrophorhabdales	d__Bacteria;p__Entotheonellaeota;c__Entotheonellia;o__Entotheonellales	d__Bacteria;p__Chloroflexi;c__Anaerolineae;o__SJA-15	d__Bacteria;p__Actinobacteriota;c__Actinobacteria;o__Streptosporangiales	d__Bacteria;p__Actinobacteriota;c__Acidimicrobiia;o__uncultured	d__Bacteria;p__Planctomycetota;c__Phycisphaerae;o__mle1-8	d__Bacteria;p__Proteobacteria;c__Alphaproteobacteria;o__Rhodobacterales	d__Bacteria;p__Chloroflexi;c__Ktedonobacteria;o__C0119	d__Bacteria;p__Acidobacteriota;c__Subgroup_18;o__Subgroup_18	d__Bacteria;p__Firmicutes;c__Clostridia;o__Lachnospirales	d__Bacteria;p__Patescibacteria;c__Microgenomatia;o__Candidatus_Woesebacteria	d__Bacteria;p__Elusimicrobiota;c__Lineage_IIb;o__Lineage_IIb	d__Bacteria;p__Patescibacteria;c__ABY1;o__Candidatus_Uhrbacteria	d__Bacteria;p__Spirochaetota;c__Leptospirae;o__Leptospirales	d__Bacteria;p__Chloroflexi;c__Anaerolineae;o__Caldilineales	d__Bacteria;p__Cloacimonadota;c__Cloacimonadia;o__Cloacimonadales	d__Bacteria;p__Proteobacteria;c__Gammaproteobacteria;o__JG36-GS-52	d__Bacteria;p__Elusimicrobiota;c__Elusimicrobia;o__MVP-88	d__Bacteria;p__Deferrisomatota;c__Defferrisomatia;o__Defferrisomatales	d__Bacteria;p__Elusimicrobiota;c__Lineage_IIc;o__Lineage_IIc	d__Bacteria;p__Proteobacteria;c__Alphaproteobacteria;o__Azospirillales	d__Bacteria;p__Firmicutes;c__Bacilli;o__Paenibacillales	d__Bacteria;p__Firmicutes;c__Bacilli;o__Bacillales	d__Bacteria;p__Cyanobacteria;c__Vampirivibrionia;o__Vampirovibrionales	d__Bacteria;p__Chloroflexi;c__OLB14;o__OLB14	d__Bacteria;p__Firmicutes;c__Desulfotomaculia;o__Desulfotomaculales	d__Bacteria;p__Bacteroidota;c__Bacteroidia;o__SM1A07	d__Bacteria;p__Proteobacteria;c__Gammaproteobacteria;o__Legionellales	d__Bacteria;p__Proteobacteria;c__Alphaproteobacteria;o__Ferrovibrionales	d__Bacteria;p__LCP-89;c__LCP-89;o__LCP-89	d__Bacteria;p__Desulfobacterota;c__Desulfovibrionia;o__Desulfovibrionales	d__Bacteria;p__WPS-2;c__WPS-2;o__WPS-2	d__Bacteria;p__Firmicutes;c__Bacilli;o__Alicyclobacillales	d__Bacteria;p__Chloroflexi;c__Ktedonobacteria;o__Ktedonobacterales	d__Bacteria;p__Nitrospirota;c__Thermodesulfovibrionia;o__uncultured	d__Bacteria;p__Patescibacteria;c__Gracilibacteria;o__Candidatus_Peregrinibacteria	d__Bacteria;p__Proteobacteria;c__Gammaproteobacteria;o__R7C24	d__Bacteria;p__Patescibacteria;c__Microgenomatia;o__Candidatus_Woykebacteria	d__Bacteria;p__Myxococcota;c__Polyangia;o__Nannocystales	d__Bacteria;p__Desulfobacterota;c__uncultured;o__uncultured	d__Bacteria;p__Actinobacteriota;c__Rubrobacteria;o__Rubrobacterales	d__Bacteria;p__Proteobacteria;c__Alphaproteobacteria;o__Micavibrionales	d__Bacteria;p__Proteobacteria;c__Gammaproteobacteria;o__Ga0077536	d__Bacteria;p__Patescibacteria;c__Parcubacteria;o__Candidatus_Moranbacteria	d__Bacteria;p__Acidobacteriota;c__Acidobacteriae;o__Acidobacteriae	d__Bacteria;p__Firmicutes;c__Clostridia;o__Clostridia	d__Bacteria;p__Campylobacterota;c__Campylobacteria;o__Campylobacterales	d__Bacteria;p__Cyanobacteria;c__Cyanobacteriia;o__Limnotrichales	d__Bacteria;p__Proteobacteria;c__Gammaproteobacteria;o__PLTA13	d__Bacteria;p__Firmicutes;c__Symbiobacteriia;o__Symbiobacteriales	d__Bacteria;p__Acidobacteriota;c__Subgroup_22;o__Subgroup_22	d__Bacteria;p__MBNT15;c__MBNT15;o__MBNT15	d__Bacteria;p__Acidobacteriota;c__Blastocatellia;o__DS-100	d__Bacteria;p__Actinobacteriota;c__Actinobacteria;o__Glycomycetales	d__Bacteria;p__Cyanobacteria;c__Cyanobacteriia;o__Geitlerinematales	d__Bacteria;p__Patescibacteria;c__Gracilibacteria;o__Candidatus_Peribacteria	d__Bacteria;p__Desulfobacterota;c__Desulfuromonadia;o__Bradymonadales	d__Bacteria;p__GAL15;c__GAL15;o__GAL15	d__Bacteria;p__WOR-1;c__WOR-1;o__WOR-1	d__Bacteria;p__WS2;c__WS2;o__WS2	d__Bacteria;p__Deinococcota;c__Deinococci;o__Deinococcales	d__Bacteria;p__Patescibacteria;c__Gracilibacteria;o__Absconditabacteriales_(SR1)	d__Bacteria;p__Nitrospirota;c__Nitrospiria;o__Nitrospirales	d__Bacteria;p__Desulfobacterota;c__Desulfuromonadia;o__Desulfuromonadales	d__Bacteria;p__Proteobacteria;c__Alphaproteobacteria;o__Holosporales	d__Bacteria;p__Acidobacteriota;c__Acidobacteriae;o__Elev-16S-1166	d__Bacteria;p__Proteobacteria;c__Alphaproteobacteria;o__Elsterales	d__Bacteria;p__NB1-j;c__NB1-j;o__NB1-j	d__Bacteria;p__Chloroflexi;c__NLS2-31;o__NLS2-31	d__Bacteria;p__Spirochaetota;c__V2072-189E03;o__V2072-189E03	d__Bacteria;p__Planctomycetota;c__028H05-P-BN-P5;o__028H05-P-BN-P5	d__Bacteria;p__Proteobacteria;c__Gammaproteobacteria;o__Ectothiorhodospirales	d__Bacteria;p__Myxococcota;c__bacteriap25;o__bacteriap25	d__Bacteria;p__Firmicutes;c__Clostridia;o__Peptococcales	d__Bacteria;p__Myxococcota;c__Polyangia;o__VHS-B3-70	d__Bacteria;p__Acidobacteriota;c__Subgroup_11;o__Subgroup_11	d__Bacteria;p__Patescibacteria;c__Parcubacteria;o__Candidatus_Zambryskibacteria	d__Bacteria;p__Desulfobacterota;c__Desulfuromonadia;o__PB19	d__Bacteria;p__Planctomycetota;c__Planctomycetes;o__uncultured	d__Bacteria;p__Firmicutes;c__Bacilli;o__Entomoplasmatales	d__Bacteria;p__Planctomycetota;c__Phycisphaerae;o__CCM11a	d__Bacteria;p__Elusimicrobiota;c__Rs-M47;o__Rs-M47	d__Bacteria;p__Proteobacteria;c__Alphaproteobacteria;o__Defluviicoccales	d__Bacteria;p__Elusimicrobiota;c__Endomicrobia;o__Endomicrobiales	d__Bacteria;p__Dependentiae;c__Babeliae;o__Babeliales	d__Bacteria;p__Desulfobacterota;c__Desulfobacteria;o__Desulfatiglandales	d__Bacteria;p__Cyanobacteria;c__Cyanobacteriia;o__Phormidesmiales	d__Bacteria;p__Firmicutes;c__Bacilli;o__Brevibacillales	d__Bacteria;p__Acidobacteriota;c__Acidobacteriae;o__AKIW659	d__Bacteria;p__Armatimonadota;c__DG-56;o__DG-56	d__Bacteria;p__Proteobacteria;c__Gammaproteobacteria;o__CCD24	d__Bacteria;p__Chloroflexi;c__Anaerolineae;o__Anaerolineae	d__Bacteria;p__Firmicutes;c__D8A-2;o__D8A-2	d__Bacteria;p__Deinococcota;c__Deinococci;o__Thermales	d__Bacteria;p__Planctomycetota;c__Pla3_lineage;o__Pla3_lineage	d__Bacteria;p__Patescibacteria;c__Parcubacteria;o__Candidatus_Vogelbacteria	d__Bacteria;p__Desulfobacterota;c__Desulfobacteria;o__Desulfobacterales	d__Bacteria;p__Firmicutes;c__Bacilli;o__Exiguobacterales	d__Bacteria;p__Sumerlaeota;c__Sumerlaeia;o__uncultured	d__Bacteria;p__Chloroflexi;c__Dehalococcoidia;o__FW22	d__Bacteria;p__Patescibacteria;c__uncultured;o__uncultured	d__Bacteria;p__Cyanobacteria;c__Cyanobacteriia;o__SepB-3	d__Bacteria;p__Spirochaetota;c__Brevinematia;o__Brevinematales	d__Bacteria;p__Desulfobacterota;c__Syntrophia;o__Syntrophales	d__Bacteria;p__CK-2C2-2;c__CK-2C2-2;o__CK-2C2-2	d__Bacteria;p__Chloroflexi;c__Dehalococcoidia;o__vadinBA26	d__Bacteria;p__Firmicutes;c__Incertae_Sedis;o__DTU014	d__Bacteria;p__TX1A-33;c__TX1A-33;o__TX1A-33	d__Bacteria;p__Proteobacteria;c__Alphaproteobacteria;o__Thalassobaculales	d__Bacteria;p__Patescibacteria;c__Parcubacteria;o__Candidatus_Lloydbacteria	d__Bacteria;p__Patescibacteria;c__ABY1;o__Candidatus_Kuenenbacteria	d__Bacteria;p__Patescibacteria;c__Parcubacteria;o__Candidatus_Kaiserbacteria	d__Bacteria;p__Acidobacteriota;c__AT-s3-28;o__AT-s3-28	d__Bacteria;p__Patescibacteria;c__Microgenomatia;o__Candidatus_Amesbacteria	d__Bacteria;p__Bacteroidota;c__Ignavibacteria;o__SJA-28	d__Bacteria;p__Proteobacteria;c__Gammaproteobacteria;o__eub62A3	d__Bacteria;p__Proteobacteria;c__Gammaproteobacteria;o__CCM19a	d__Bacteria;p__Verrucomicrobiota;c__Chlamydiae;o__LD1-PA32	d__Bacteria;p__Chloroflexi;c__SHA-26;o__SHA-26	d__Bacteria;p__Patescibacteria;c__WWE3;o__WWE3	d__Bacteria;p__Planctomycetota;c__Phycisphaerae;o__S-70	d__Bacteria;p__Patescibacteria;c__ABY1;o__Candidatus_Kerfeldbacteria	d__Bacteria;p__Patescibacteria;c__Microgenomatia;o__Microgenomatia	d__Bacteria;p__Proteobacteria;c__Gammaproteobacteria;o__KF-JG30-C25	d__Bacteria;p__Firmicutes;c__uncultured;o__uncultured	d__Bacteria;p__Firmicutes;c__BRH-c20a;o__BRH-c20a	d__Bacteria;p__Verrucomicrobiota;c__Verrucomicrobiae;o__B29	d__Bacteria;p__Acidobacteriota;c__Subgroup_20;o__Subgroup_20	d__Bacteria;p__Chloroflexi;c__Gitt-GS-136;o__Gitt-GS-136	d__Bacteria;p__WS1;c__WS1;o__WS1	d__Bacteria;p__Cyanobacteria;c__Cyanobacteriia;o__Synechococcales	d__Bacteria;p__Modulibacteria;c__Moduliflexia;o__Moduliflexales	d__Bacteria;p__Patescibacteria;c__Gracilibacteria;o__Candidatus_Abawacabacteria	d__Bacteria;p__DTB120;c__DTB120;o__DTB120	d__Bacteria;p__Proteobacteria;c__Alphaproteobacteria;o__Parvibaculales	d__Bacteria;p__Acidobacteriota;c__Aminicenantia;o__Aminicenantales	d__Bacteria;p__Gemmatimonadota;c__AKAU4049;o__AKAU4049	d__Bacteria;p__Verrucomicrobiota;c__Verrucomicrobiae;o__Methylacidiphilales	d__Bacteria;p__Actinobacteriota;c__WCHB1-81;o__WCHB1-81	d__Bacteria;p__Desulfobacterota;c__Desulfomonilia;o__Desulfomonilales	d__Bacteria;p__Actinobacteriota;c__Actinobacteria;o__0319-7L14	d__Bacteria;p__Proteobacteria;c__Alphaproteobacteria;o__Caedibacterales	d__Bacteria;p__Verrucomicrobiota;c__Lentisphaeria;o__Oligosphaerales	d__Bacteria;p__Patescibacteria;c__ABY1;o__Candidatus_Buchananbacteria	d__Bacteria;p__Myxococcota;c__Polyangia;o__PS-B29	d__Bacteria;p__Chloroflexi;c__AD3;o__AD3	d__Bacteria;p__Actinobacteriota;c__RBG-16-55-12;o__RBG-16-55-12	d__Bacteria;p__Chloroflexi;c__Dehalococcoidia;o__SAR202_clade	d__Bacteria;p__Firmicutes;c__Bacilli;o__Lactobacillales	d__Bacteria;p__Elusimicrobiota;c__Elusimicrobia;o__FCPU453	d__Bacteria;p__Actinobacteriota;c__Actinobacteria;o__Catenulisporales	d__Bacteria;p__Cyanobacteria;c__Cyanobacteriia;o__Oxyphotobacteria_Incertae_Sedis	d__Bacteria;p__Firmicutes;c__Clostridia;o__Eubacteriales	d__Bacteria;p__Actinobacteriota;c__Actinobacteria;o__Euzebyales	d__Bacteria;p__Proteobacteria;c__Alphaproteobacteria;o__Sneathiellales	d__Bacteria;p__Chloroflexi;c__Dehalococcoidia;o__Dehalococcoidales	d__Bacteria;p__Sva0485;c__Sva0485;o__Sva0485	d__Bacteria;p__Verrucomicrobiota;c__Verrucomicrobiae;o__UA11	d__Bacteria;p__Acidobacteriota;c__Blastocatellia;o__Elev-16S-573	d__Bacteria;p__Acidobacteriota;c__Acidobacteriae;o__Subgroup_15
SRR9612324	0.0	224.0	1023.0	0.0	77.0	1816.0	95.0	16.0	2480.0	110.0	0.0	13.0	327.0	59.0	0.0	618.0	23.0	18.0	65.0	1579.0	65.0	0.0	27.0	360.0	2718.0	0.0	0.0	26.0	14.0	25.0	19.0	135.0	0.0	8.0	0.0	0.0	0.0	181.0	2.0	30.0	70.0	240.0	9.0	11.0	42.0	19.0	11.0	0.0	0.0	0.0	21.0	0.0	0.0	11.0	0.0	0.0	278.0	23.0	36.0	140.0	19.0	92.0	501.0	0.0	0.0	15.0	110.0	0.0	105.0	5.0	178.0	729.0	60.0	0.0	114.0	22.0	93.0	0.0	46.0	3.0	15.0	55.0	673.0	20.0	25.0	0.0	139.0	0.0	0.0	66.0	68.0	0.0	0.0	92.0	21.0	30.0	8.0	0.0	160.0	5.0	0.0	69.0	42.0	0.0	0.0	173.0	0.0	0.0	0.0	0.0	57.0	0.0	3.0	63.0	5.0	16.0	0.0	0.0	146.0	0.0	0.0	0.0	0.0	0.0	211.0	1024.0	0.0	133.0	187.0	30.0	27.0	65.0	23.0	17.0	0.0	0.0	0.0	0.0	0.0	0.0	30.0	0.0	0.0	5.0	0.0	0.0	295.0	20.0	21.0	2.0	12.0	105.0	0.0	0.0	2.0	83.0	183.0	172.0	12.0	0.0	101.0	0.0	25.0	11.0	12.0	0.0	8.0	0.0	12.0	23.0	11.0	0.0	0.0	148.0	21.0	0.0	0.0	0.0	0.0	5.0	18.0	0.0	0.0	0.0	0.0	3.0	101.0	0.0	26.0	0.0	0.0	0.0	0.0	0.0	0.0	0.0	30.0	0.0	0.0	0.0	43.0	3.0	20.0	0.0	9.0	42.0	0.0	3.0	0.0	2.0	22.0	0.0	24.0	0.0	0.0	0.0	89.0	0.0	74.0	0.0	0.0	0.0	0.0	0.0	0.0	12.0	0.0	0.0	40.0	14.0	0.0	0.0	12.0	0.0	0.0	0.0	0.0	0.0	0.0	0.0	0.0	0.0	0.0	0.0	0.0	0.0	0.0	0.0	0.0	0.0	0.0	0.0	0.0	0.0	0.0	29.0	19.0	0.0	0.0	0.0	0.0	0.0	0.0	0.0	0.0	0.0	0.0	0.0	0.0	0.0	0.0	0.0	0.0	0.0	0.0	0.0	0.0	0.0	0.0	2.0	0.0	0.0	0.0	0.0	0.0	0.0	0.0	0.0	0.0	0.0	0.0	0.0	0.0	0.0	35.0	0.0	0.0	4.0	0.0	0.0	0.0	0.0	0.0	0.0	0.0	0.0	0.0	0.0	0.0	0.0	5.0	0.0	0.0	0.0	0.0	0.0	0.0	0.0	0.0	0.0	0.0	0.0	0.0	0.0	0.0	0.0
SRR9612325	0.0	186.0	912.0	9.0	188.0	1800.0	151.0	14.0	3406.0	92.0	0.0	13.0	231.0	79.0	10.0	1267.0	20.0	30.0	132.0	3404.0	168.0	0.0	12.0	380.0	1742.0	0.0	0.0	183.0	21.0	12.0	0.0	119.0	1.0	10.0	11.0	0.0	9.0	362.0	3.0	9.0	95.0	133.0	26.0	39.0	33.0	21.0	3.0	8.0	0.0	0.0	25.0	13.0	0.0	6.0	0.0	0.0	213.0	38.0	0.0	95.0	22.0	108.0	246.0	0.0	0.0	14.0	101.0	1.0	167.0	17.0	406.0	677.0	55.0	8.0	103.0	55.0	88.0	0.0	63.0	28.0	0.0	36.0	703.0	7.0	35.0	0.0	154.0	0.0	0.0	74.0	27.0	0.0	0.0	59.0	0.0	0.0	0.0	0.0	112.0	0.0	0.0	36.0	54.0	0.0	0.0	196.0	0.0	0.0	0.0	0.0	26.0	0.0	7.0	7.0	0.0	0.0	0.0	5.0	88.0	23.0	7.0	0.0	14.0	0.0	280.0	616.0	0.0	56.0	213.0	21.0	6.0	24.0	83.0	11.0	0.0	9.0	3.0	0.0	0.0	0.0	38.0	5.0	2.0	28.0	7.0	34.0	139.0	5.0	31.0	0.0	0.0	36.0	0.0	2.0	3.0	54.0	272.0	85.0	0.0	0.0	73.0	0.0	33.0	0.0	9.0	0.0	7.0	7.0	10.0	0.0	10.0	0.0	0.0	92.0	17.0	3.0	0.0	0.0	0.0	2.0	9.0	0.0	0.0	8.0	0.0	8.0	180.0	6.0	17.0	0.0	0.0	18.0	0.0	0.0	0.0	0.0	64.0	0.0	4.0	0.0	10.0	0.0	18.0	0.0	0.0	20.0	11.0	0.0	0.0	0.0	22.0	0.0	6.0	0.0	0.0	0.0	26.0	0.0	25.0	0.0	0.0	0.0	0.0	0.0	0.0	3.0	0.0	3.0	38.0	0.0	0.0	10.0	0.0	9.0	0.0	0.0	0.0	0.0	0.0	4.0	0.0	0.0	0.0	0.0	0.0	0.0	0.0	0.0	0.0	0.0	0.0	0.0	0.0	0.0	2.0	9.0	0.0	5.0	7.0	0.0	0.0	0.0	0.0	0.0	0.0	0.0	0.0	0.0	0.0	11.0	0.0	0.0	0.0	0.0	0.0	0.0	0.0	0.0	0.0	0.0	0.0	0.0	0.0	0.0	0.0	0.0	0.0	0.0	0.0	0.0	0.0	0.0	0.0	0.0	16.0	0.0	0.0	0.0	0.0	0.0	0.0	0.0	0.0	0.0	0.0	0.0	0.0	0.0	0.0	0.0	0.0	0.0	0.0	0.0	0.0	0.0	0.0	0.0	0.0	0.0	0.0	3.0	0.0	0.0	0.0	0.0
SRR9612326	0.0	1070.0	2061.0	0.0	175.0	4066.0	205.0	67.0	9856.0	665.0	21.0	125.0	3026.0	2056.0	31.0	2844.0	64.0	94.0	299.0	2978.0	421.0	0.0	185.0	753.0	4534.0	0.0	40.0	238.0	162.0	47.0	57.0	178.0	39.0	22.0	0.0	21.0	0.0	732.0	109.0	109.0	130.0	1432.0	24.0	134.0	56.0	7.0	4.0	0.0	4.0	22.0	76.0	0.0	10.0	0.0	0.0	0.0	450.0	238.0	46.0	273.0	114.0	667.0	543.0	0.0	0.0	47.0	73.0	247.0	553.0	0.0	924.0	999.0	152.0	71.0	241.0	81.0	266.0	0.0	454.0	95.0	49.0	156.0	1000.0	37.0	46.0	26.0	699.0	11.0	0.0	187.0	83.0	0.0	0.0	416.0	91.0	55.0	0.0	27.0	455.0	0.0	0.0	1012.0	309.0	5.0	0.0	184.0	0.0	0.0	0.0	0.0	74.0	0.0	9.0	166.0	39.0	13.0	15.0	0.0	287.0	23.0	35.0	0.0	0.0	0.0	322.0	1473.0	27.0	196.0	514.0	374.0	17.0	392.0	12.0	20.0	10.0	5.0	18.0	0.0	0.0	2.0	85.0	22.0	0.0	6.0	8.0	15.0	524.0	110.0	131.0	5.0	200.0	158.0	0.0	9.0	0.0	324.0	81.0	208.0	57.0	0.0	127.0	0.0	727.0	22.0	11.0	5.0	0.0	6.0	13.0	73.0	65.0	4.0	6.0	166.0	55.0	0.0	2.0	0.0	0.0	155.0	21.0	3.0	7.0	167.0	0.0	11.0	538.0	0.0	81.0	0.0	41.0	0.0	0.0	0.0	58.0	0.0	522.0	0.0	0.0	0.0	51.0	0.0	93.0	0.0	86.0	0.0	11.0	0.0	0.0	5.0	54.0	18.0	35.0	0.0	5.0	0.0	98.0	0.0	246.0	0.0	0.0	0.0	0.0	3.0	0.0	43.0	0.0	0.0	49.0	0.0	0.0	0.0	26.0	18.0	0.0	0.0	0.0	0.0	3.0	0.0	5.0	0.0	0.0	4.0	4.0	3.0	4.0	0.0	0.0	0.0	4.0	0.0	0.0	0.0	32.0	0.0	54.0	5.0	0.0	0.0	10.0	0.0	0.0	0.0	0.0	0.0	0.0	0.0	0.0	0.0	0.0	0.0	0.0	0.0	0.0	0.0	0.0	0.0	0.0	3.0	0.0	0.0	0.0	0.0	0.0	0.0	0.0	0.0	0.0	0.0	0.0	0.0	0.0	0.0	64.0	0.0	0.0	0.0	0.0	0.0	0.0	0.0	0.0	0.0	0.0	6.0	0.0	0.0	0.0	0.0	0.0	0.0	0.0	0.0	0.0	2.0	0.0	2.0	0.0	0.0	0.0	0.0	0.0	0.0	0.0	0.0
SRR9612327	0.0	493.0	3997.0	6.0	326.0	4984.0	260.0	30.0	8225.0	404.0	0.0	21.0	830.0	315.0	25.0	2305.0	183.0	108.0	275.0	6988.0	312.0	0.0	160.0	1079.0	5885.0	0.0	17.0	325.0	82.0	46.0	17.0	468.0	0.0	48.0	73.0	0.0	0.0	727.0	17.0	45.0	105.0	213.0	85.0	195.0	122.0	10.0	33.0	47.0	9.0	0.0	82.0	6.0	27.0	48.0	0.0	8.0	914.0	229.0	20.0	221.0	45.0	307.0	1205.0	0.0	22.0	0.0	190.0	84.0	403.0	63.0	586.0	2538.0	276.0	35.0	329.0	97.0	448.0	13.0	156.0	52.0	13.0	196.0	1378.0	77.0	121.0	48.0	557.0	11.0	6.0	236.0	198.0	0.0	0.0	255.0	61.0	20.0	0.0	105.0	496.0	22.0	15.0	121.0	108.0	0.0	0.0	715.0	0.0	0.0	0.0	0.0	97.0	0.0	22.0	89.0	43.0	20.0	35.0	0.0	328.0	39.0	27.0	6.0	14.0	0.0	424.0	1517.0	20.0	358.0	501.0	135.0	20.0	71.0	69.0	16.0	4.0	4.0	6.0	0.0	0.0	3.0	146.0	0.0	3.0	5.0	37.0	43.0	1014.0	0.0	192.0	0.0	75.0	235.0	10.0	0.0	3.0	62.0	483.0	322.0	54.0	0.0	338.0	4.0	0.0	16.0	19.0	0.0	24.0	0.0	35.0	58.0	20.0	0.0	7.0	202.0	118.0	12.0	0.0	0.0	0.0	10.0	51.0	7.0	0.0	37.0	16.0	0.0	368.0	0.0	78.0	0.0	20.0	8.0	0.0	0.0	16.0	0.0	232.0	0.0	4.0	0.0	124.0	8.0	42.0	0.0	33.0	34.0	12.0	0.0	0.0	0.0	33.0	0.0	32.0	0.0	0.0	0.0	172.0	0.0	75.0	0.0	0.0	2.0	0.0	0.0	0.0	11.0	0.0	0.0	91.0	130.0	0.0	0.0	34.0	7.0	0.0	0.0	0.0	0.0	0.0	0.0	0.0	0.0	0.0	7.0	0.0	0.0	0.0	0.0	0.0	0.0	0.0	0.0	0.0	0.0	14.0	15.0	30.0	5.0	5.0	0.0	13.0	0.0	0.0	0.0	0.0	0.0	0.0	0.0	0.0	0.0	0.0	0.0	0.0	0.0	5.0	0.0	0.0	0.0	0.0	0.0	6.0	0.0	0.0	3.0	0.0	0.0	0.0	0.0	0.0	0.0	0.0	0.0	0.0	0.0	75.0	0.0	0.0	0.0	0.0	0.0	0.0	0.0	0.0	0.0	0.0	0.0	0.0	0.0	0.0	0.0	11.0	0.0	0.0	0.0	0.0	0.0	0.0	0.0	0.0	0.0	0.0	0.0	0.0	0.0	0.0	0.0
SRR9612328	0.0	66.0	0.0	3.0	125.0	0.0	0.0	0.0	2199.0	187.0	0.0	0.0	72.0	1198.0	0.0	1101.0	0.0	7.0	2.0	6489.0	8.0	0.0	2.0	0.0	89.0	0.0	4.0	593.0	116.0	0.0	0.0	86.0	0.0	30.0	0.0	0.0	0.0	56.0	49.0	7.0	16.0	14.0	37.0	0.0	0.0	2.0	0.0	0.0	0.0	0.0	0.0	0.0	0.0	0.0	0.0	0.0	0.0	7.0	0.0	0.0	10.0	102.0	5.0	0.0	0.0	0.0	41.0	28.0	68.0	0.0	80.0	7.0	0.0	14.0	104.0	0.0	0.0	6.0	45.0	0.0	110.0	0.0	0.0	2.0	3.0	0.0	219.0	0.0	0.0	0.0	4.0	1.0	0.0	16.0	0.0	15.0	0.0	82.0	0.0	0.0	0.0	24.0	191.0	5.0	0.0	3.0	0.0	0.0	0.0	0.0	0.0	0.0	0.0	11.0	0.0	0.0	2.0	0.0	38.0	0.0	0.0	0.0	0.0	0.0	11.0	0.0	0.0	0.0	0.0	78.0	0.0	57.0	78.0	0.0	0.0	0.0	2.0	0.0	0.0	0.0	0.0	0.0	0.0	8.0	0.0	0.0	0.0	0.0	0.0	0.0	0.0	0.0	0.0	0.0	0.0	124.0	0.0	5.0	0.0	0.0	0.0	0.0	952.0	0.0	4.0	0.0	0.0	0.0	0.0	0.0	2.0	0.0	9.0	0.0	0.0	7.0	0.0	0.0	0.0	10.0	0.0	0.0	0.0	36.0	0.0	0.0	48.0	0.0	5.0	0.0	0.0	0.0	0.0	0.0	5.0	0.0	2392.0	0.0	0.0	0.0	0.0	0.0	18.0	0.0	0.0	0.0	0.0	0.0	0.0	0.0	0.0	0.0	6.0	0.0	0.0	0.0	0.0	0.0	0.0	0.0	0.0	0.0	0.0	0.0	0.0	0.0	0.0	0.0	0.0	0.0	0.0	0.0	0.0	0.0	0.0	0.0	0.0	0.0	0.0	0.0	0.0	0.0	0.0	0.0	0.0	0.0	0.0	0.0	0.0	2.0	0.0	0.0	0.0	0.0	0.0	0.0	0.0	0.0	0.0	0.0	0.0	0.0	0.0	0.0	0.0	0.0	0.0	0.0	0.0	0.0	0.0	0.0	0.0	0.0	0.0	0.0	0.0	0.0	0.0	0.0	0.0	0.0	0.0	0.0	0.0	0.0	0.0	0.0	0.0	0.0	0.0	0.0	0.0	0.0	0.0	0.0	0.0	0.0	0.0	0.0	0.0	0.0	0.0	0.0	0.0	12.0	0.0	0.0	0.0	0.0	0.0	0.0	0.0	0.0	0.0	0.0	0.0	0.0	0.0	0.0	0.0	0.0	0.0	0.0	0.0	0.0
SRR9612329	0.0	561.0	10.0	0.0	13.0	22.0	0.0	0.0	6658.0	332.0	0.0	7.0	865.0	460.0	0.0	1748.0	2.0	5.0	9.0	4558.0	8.0	0.0	6.0	4.0	154.0	0.0	8.0	266.0	388.0	0.0	0.0	118.0	0.0	23.0	0.0	0.0	0.0	14.0	12.0	9.0	25.0	40.0	12.0	0.0	0.0	0.0	0.0	0.0	0.0	0.0	0.0	0.0	0.0	0.0	0.0	0.0	3.0	73.0	0.0	0.0	8.0	204.0	3.0	0.0	0.0	0.0	10.0	0.0	98.0	4.0	209.0	37.0	5.0	0.0	70.0	0.0	0.0	0.0	73.0	3.0	126.0	5.0	34.0	4.0	5.0	0.0	660.0	0.0	0.0	0.0	0.0	0.0	0.0	25.0	2.0	3.0	0.0	10.0	28.0	0.0	0.0	742.0	29.0	0.0	0.0	0.0	0.0	0.0	0.0	0.0	0.0	0.0	0.0	6.0	7.0	0.0	2.0	0.0	11.0	6.0	0.0	0.0	0.0	0.0	23.0	10.0	8.0	0.0	0.0	625.0	0.0	44.0	45.0	0.0	0.0	0.0	0.0	0.0	19.0	0.0	0.0	0.0	0.0	0.0	0.0	0.0	6.0	0.0	15.0	0.0	23.0	0.0	0.0	0.0	0.0	212.0	0.0	21.0	0.0	0.0	0.0	0.0	2081.0	0.0	0.0	0.0	0.0	0.0	0.0	0.0	0.0	0.0	0.0	0.0	0.0	0.0	0.0	0.0	0.0	49.0	0.0	0.0	0.0	22.0	0.0	0.0	0.0	0.0	3.0	0.0	0.0	0.0	0.0	0.0	0.0	0.0	305.0	0.0	0.0	0.0	0.0	0.0	33.0	0.0	13.0	0.0	0.0	3.0	0.0	2.0	0.0	0.0	0.0	0.0	0.0	0.0	0.0	0.0	15.0	0.0	0.0	0.0	0.0	0.0	0.0	0.0	0.0	0.0	0.0	0.0	0.0	0.0	0.0	0.0	0.0	0.0	0.0	0.0	0.0	0.0	0.0	0.0	0.0	0.0	0.0	0.0	0.0	0.0	0.0	0.0	0.0	0.0	0.0	0.0	0.0	0.0	4.0	0.0	0.0	0.0	0.0	0.0	0.0	0.0	0.0	0.0	0.0	0.0	0.0	0.0	0.0	0.0	0.0	0.0	0.0	0.0	0.0	0.0	0.0	0.0	0.0	0.0	0.0	0.0	0.0	0.0	0.0	0.0	0.0	0.0	0.0	0.0	0.0	0.0	0.0	0.0	0.0	0.0	0.0	0.0	0.0	0.0	0.0	3.0	0.0	0.0	0.0	0.0	0.0	0.0	0.0	0.0	0.0	0.0	2.0	0.0	0.0	0.0	0.0	0.0	0.0	0.0	0.0	0.0	0.0	0.0
SRR9612330	0.0	164.0	1147.0	0.0	44.0	1831.0	82.0	12.0	2294.0	76.0	7.0	11.0	388.0	89.0	1.0	436.0	25.0	27.0	72.0	2055.0	42.0	0.0	17.0	350.0	2664.0	0.0	14.0	34.0	23.0	27.0	13.0	128.0	0.0	5.0	0.0	0.0	0.0	230.0	0.0	11.0	45.0	158.0	11.0	11.0	22.0	10.0	0.0	0.0	0.0	8.0	29.0	2.0	0.0	14.0	0.0	0.0	456.0	8.0	9.0	46.0	40.0	59.0	796.0	8.0	0.0	8.0	8.0	0.0	99.0	6.0	110.0	1208.0	74.0	7.0	176.0	15.0	131.0	0.0	52.0	6.0	9.0	87.0	694.0	17.0	83.0	0.0	193.0	0.0	0.0	107.0	145.0	2.0	0.0	47.0	10.0	8.0	0.0	0.0	195.0	0.0	9.0	34.0	34.0	0.0	0.0	281.0	0.0	0.0	0.0	0.0	79.0	0.0	0.0	1.0	18.0	9.0	7.0	3.0	79.0	0.0	0.0	0.0	0.0	0.0	174.0	867.0	0.0	226.0	136.0	30.0	0.0	28.0	17.0	11.0	0.0	0.0	0.0	0.0	0.0	0.0	41.0	0.0	3.0	2.0	15.0	7.0	448.0	3.0	66.0	0.0	80.0	52.0	2.0	7.0	0.0	18.0	194.0	126.0	32.0	0.0	150.0	0.0	38.0	5.0	17.0	0.0	0.0	0.0	5.0	4.0	14.0	0.0	5.0	212.0	23.0	0.0	0.0	0.0	0.0	0.0	10.0	0.0	0.0	14.0	0.0	3.0	153.0	0.0	44.0	0.0	12.0	0.0	0.0	0.0	0.0	0.0	75.0	0.0	0.0	0.0	146.0	4.0	10.0	0.0	7.0	0.0	0.0	0.0	0.0	0.0	18.0	0.0	0.0	0.0	0.0	0.0	73.0	0.0	44.0	0.0	0.0	0.0	0.0	0.0	0.0	5.0	0.0	0.0	64.0	7.0	0.0	0.0	19.0	13.0	0.0	0.0	0.0	0.0	0.0	0.0	0.0	0.0	0.0	0.0	0.0	0.0	0.0	0.0	0.0	0.0	0.0	0.0	0.0	0.0	13.0	10.0	9.0	0.0	0.0	0.0	13.0	0.0	5.0	0.0	0.0	0.0	0.0	0.0	0.0	0.0	0.0	0.0	0.0	0.0	0.0	0.0	0.0	0.0	0.0	0.0	0.0	0.0	0.0	0.0	0.0	0.0	0.0	0.0	0.0	0.0	0.0	2.0	0.0	0.0	37.0	0.0	0.0	0.0	0.0	0.0	0.0	0.0	0.0	0.0	0.0	0.0	0.0	0.0	0.0	0.0	0.0	0.0	0.0	0.0	0.0	0.0	0.0	0.0	0.0	0.0	0.0	0.0	0.0	0.0	0.0	0.0
SRR9612331	0.0	56.0	551.0	0.0	34.0	1838.0	62.0	47.0	3094.0	123.0	0.0	13.0	134.0	125.0	5.0	502.0	16.0	5.0	61.0	995.0	49.0	0.0	67.0	263.0	1931.0	0.0	0.0	43.0	13.0	28.0	69.0	91.0	0.0	12.0	0.0	0.0	3.0	146.0	10.0	20.0	55.0	98.0	0.0	270.0	24.0	8.0	2.0	0.0	0.0	0.0	13.0	0.0	0.0	0.0	10.0	0.0	306.0	42.0	13.0	208.0	71.0	176.0	285.0	0.0	0.0	0.0	35.0	24.0	121.0	7.0	126.0	649.0	60.0	17.0	77.0	18.0	72.0	0.0	40.0	25.0	0.0	37.0	511.0	16.0	20.0	9.0	218.0	0.0	0.0	87.0	30.0	0.0	0.0	94.0	16.0	7.0	0.0	7.0	118.0	0.0	5.0	40.0	35.0	0.0	0.0	185.0	8.0	0.0	0.0	0.0	46.0	0.0	0.0	97.0	6.0	0.0	0.0	0.0	251.0	17.0	7.0	0.0	0.0	0.0	95.0	460.0	0.0	109.0	145.0	62.0	0.0	51.0	7.0	8.0	3.0	0.0	0.0	0.0	0.0	0.0	0.0	0.0	0.0	2.0	0.0	0.0	231.0	29.0	35.0	0.0	44.0	66.0	0.0	0.0	3.0	55.0	43.0	64.0	27.0	0.0	61.0	0.0	0.0	5.0	0.0	0.0	4.0	0.0	4.0	0.0	16.0	0.0	0.0	60.0	0.0	0.0	0.0	0.0	0.0	0.0	11.0	0.0	0.0	28.0	0.0	0.0	193.0	0.0	25.0	0.0	13.0	0.0	0.0	0.0	5.0	0.0	31.0	0.0	0.0	3.0	23.0	4.0	31.0	0.0	34.0	0.0	7.0	4.0	0.0	2.0	20.0	0.0	12.0	0.0	0.0	0.0	43.0	0.0	23.0	0.0	0.0	0.0	0.0	0.0	0.0	4.0	0.0	0.0	35.0	0.0	0.0	0.0	0.0	5.0	0.0	0.0	0.0	0.0	0.0	0.0	0.0	0.0	0.0	0.0	0.0	0.0	0.0	0.0	0.0	0.0	0.0	0.0	0.0	0.0	7.0	0.0	33.0	0.0	0.0	0.0	0.0	0.0	0.0	0.0	0.0	0.0	0.0	0.0	0.0	0.0	0.0	0.0	0.0	0.0	0.0	0.0	0.0	0.0	0.0	0.0	0.0	0.0	0.0	0.0	0.0	0.0	0.0	0.0	0.0	0.0	0.0	0.0	0.0	0.0	15.0	0.0	0.0	0.0	0.0	0.0	0.0	0.0	0.0	0.0	0.0	0.0	0.0	0.0	0.0	0.0	0.0	0.0	0.0	0.0	0.0	0.0	0.0	0.0	0.0	0.0	0.0	0.0	0.0	0.0	0.0	0.0
SRR9612332	0.0	103.0	18.0	0.0	160.0	75.0	0.0	0.0	4093.0	232.0	0.0	15.0	2010.0	713.0	0.0	515.0	0.0	0.0	44.0	196.0	53.0	0.0	0.0	31.0	176.0	0.0	0.0	105.0	15.0	0.0	0.0	0.0	98.0	0.0	0.0	0.0	17.0	35.0	50.0	4.0	23.0	75.0	13.0	3.0	0.0	0.0	0.0	0.0	5.0	0.0	0.0	0.0	0.0	0.0	0.0	0.0	5.0	36.0	0.0	0.0	5.0	701.0	0.0	0.0	0.0	0.0	10.0	19.0	220.0	0.0	91.0	3.0	0.0	6.0	24.0	5.0	0.0	0.0	31.0	10.0	28.0	7.0	100.0	0.0	4.0	0.0	193.0	3.0	0.0	0.0	0.0	0.0	0.0	72.0	0.0	0.0	0.0	14.0	51.0	0.0	0.0	79.0	6.0	0.0	0.0	0.0	0.0	0.0	0.0	0.0	10.0	0.0	0.0	0.0	5.0	0.0	0.0	0.0	5.0	4.0	0.0	0.0	0.0	0.0	11.0	9.0	0.0	0.0	0.0	638.0	0.0	43.0	0.0	0.0	0.0	11.0	0.0	5.0	28.0	0.0	0.0	5.0	0.0	0.0	0.0	0.0	15.0	0.0	29.0	0.0	9.0	0.0	0.0	0.0	0.0	51.0	0.0	4.0	0.0	0.0	8.0	0.0	76.0	0.0	0.0	0.0	0.0	0.0	0.0	0.0	0.0	0.0	9.0	25.0	0.0	8.0	0.0	2.0	0.0	0.0	0.0	0.0	0.0	30.0	0.0	0.0	79.0	0.0	0.0	0.0	0.0	0.0	0.0	0.0	12.0	0.0	91.0	0.0	0.0	0.0	0.0	0.0	9.0	0.0	0.0	0.0	0.0	0.0	0.0	0.0	0.0	0.0	5.0	0.0	0.0	0.0	0.0	0.0	13.0	0.0	0.0	0.0	0.0	0.0	0.0	0.0	0.0	0.0	0.0	0.0	0.0	0.0	0.0	0.0	0.0	0.0	0.0	0.0	0.0	0.0	0.0	0.0	0.0	0.0	0.0	0.0	0.0	0.0	0.0	0.0	0.0	0.0	0.0	0.0	0.0	0.0	0.0	0.0	0.0	0.0	0.0	0.0	0.0	0.0	0.0	0.0	0.0	0.0	0.0	0.0	0.0	0.0	0.0	0.0	0.0	0.0	0.0	0.0	0.0	0.0	0.0	0.0	0.0	0.0	0.0	0.0	0.0	0.0	0.0	0.0	0.0	0.0	0.0	0.0	3.0	0.0	0.0	0.0	0.0	0.0	0.0	0.0	0.0	0.0	0.0	0.0	0.0	0.0	0.0	0.0	0.0	0.0	0.0	0.0	0.0	0.0	0.0	0.0	0.0	0.0	0.0	0.0	0.0	0.0	0.0	0.0
SRR9612333	0.0	88.0	1.0	0.0	102.0	9.0	0.0	0.0	5767.0	316.0	0.0	0.0	317.0	216.0	0.0	1143.0	0.0	0.0	0.0	15513.0	33.0	0.0	0.0	26.0	113.0	0.0	0.0	697.0	42.0	0.0	0.0	70.0	0.0	58.0	0.0	0.0	0.0	116.0	14.0	18.0	10.0	4.0	38.0	0.0	0.0	0.0	0.0	0.0	0.0	0.0	0.0	0.0	0.0	0.0	0.0	0.0	0.0	0.0	0.0	0.0	0.0	76.0	0.0	0.0	0.0	46.0	23.0	9.0	114.0	4.0	102.0	13.0	0.0	0.0	90.0	0.0	0.0	0.0	45.0	0.0	221.0	0.0	43.0	0.0	9.0	0.0	745.0	0.0	16.0	0.0	9.0	0.0	0.0	0.0	0.0	0.0	9.0	0.0	78.0	0.0	0.0	22.0	0.0	0.0	0.0	0.0	0.0	0.0	0.0	0.0	0.0	0.0	0.0	0.0	0.0	11.0	4.0	0.0	4.0	0.0	0.0	0.0	0.0	0.0	17.0	0.0	0.0	7.0	0.0	130.0	0.0	19.0	127.0	0.0	0.0	0.0	0.0	0.0	0.0	0.0	0.0	0.0	0.0	0.0	0.0	0.0	9.0	6.0	0.0	0.0	0.0	0.0	0.0	0.0	0.0	27.0	12.0	3.0	0.0	0.0	7.0	0.0	804.0	0.0	7.0	0.0	0.0	0.0	0.0	0.0	0.0	0.0	0.0	4.0	0.0	0.0	0.0	0.0	0.0	6.0	0.0	0.0	0.0	31.0	0.0	0.0	30.0	0.0	5.0	0.0	0.0	3.0	0.0	0.0	0.0	0.0	1053.0	0.0	0.0	0.0	5.0	0.0	0.0	0.0	0.0	0.0	0.0	0.0	0.0	0.0	7.0	0.0	0.0	0.0	0.0	0.0	0.0	0.0	0.0	0.0	0.0	0.0	0.0	0.0	0.0	0.0	0.0	0.0	0.0	0.0	0.0	0.0	0.0	0.0	0.0	0.0	0.0	0.0	0.0	0.0	0.0	0.0	0.0	0.0	0.0	0.0	0.0	0.0	0.0	0.0	0.0	0.0	0.0	0.0	0.0	0.0	0.0	0.0	0.0	0.0	0.0	0.0	0.0	0.0	0.0	0.0	0.0	0.0	0.0	0.0	0.0	0.0	0.0	0.0	0.0	0.0	0.0	0.0	0.0	0.0	0.0	0.0	0.0	0.0	0.0	0.0	0.0	0.0	0.0	0.0	0.0	0.0	0.0	0.0	0.0	0.0	0.0	0.0	0.0	0.0	0.0	0.0	0.0	0.0	0.0	0.0	0.0	0.0	0.0	0.0	0.0	0.0	0.0	0.0	0.0	0.0	0.0	0.0	0.0	0.0	0.0	0.0	0.0	0.0	0.0	0.0
SRR9612334	0.0	201.0	613.0	0.0	24.0	2483.0	91.0	39.0	3491.0	212.0	0.0	24.0	359.0	145.0	13.0	539.0	12.0	8.0	42.0	1538.0	88.0	0.0	42.0	420.0	1792.0	0.0	0.0	49.0	42.0	20.0	29.0	140.0	0.0	16.0	0.0	0.0	0.0	143.0	40.0	37.0	90.0	230.0	0.0	29.0	8.0	9.0	4.0	10.0	7.0	0.0	26.0	6.0	0.0	0.0	0.0	0.0	203.0	89.0	0.0	141.0	26.0	230.0	282.0	0.0	0.0	0.0	36.0	46.0	72.0	0.0	215.0	665.0	54.0	24.0	19.0	17.0	38.0	0.0	35.0	45.0	17.0	76.0	618.0	14.0	17.0	6.0	186.0	0.0	0.0	116.0	77.0	0.0	0.0	128.0	14.0	6.0	0.0	0.0	85.0	0.0	8.0	50.0	36.0	6.0	0.0	229.0	0.0	0.0	0.0	0.0	51.0	0.0	2.0	131.0	0.0	0.0	8.0	2.0	96.0	18.0	15.0	0.0	0.0	0.0	186.0	535.0	4.0	181.0	108.0	120.0	0.0	66.0	23.0	3.0	0.0	2.0	0.0	0.0	0.0	0.0	27.0	0.0	0.0	4.0	5.0	15.0	420.0	7.0	32.0	0.0	87.0	54.0	2.0	0.0	0.0	62.0	154.0	95.0	14.0	0.0	89.0	3.0	63.0	0.0	17.0	0.0	0.0	0.0	0.0	0.0	25.0	0.0	0.0	67.0	0.0	0.0	0.0	17.0	0.0	11.0	16.0	0.0	0.0	57.0	0.0	0.0	190.0	0.0	13.0	0.0	7.0	0.0	0.0	0.0	0.0	0.0	116.0	0.0	0.0	0.0	54.0	0.0	34.0	0.0	9.0	34.0	5.0	0.0	0.0	4.0	26.0	0.0	0.0	0.0	0.0	0.0	61.0	0.0	37.0	0.0	0.0	0.0	0.0	0.0	0.0	0.0	0.0	0.0	53.0	0.0	0.0	0.0	24.0	0.0	0.0	0.0	0.0	0.0	0.0	0.0	0.0	0.0	0.0	0.0	0.0	0.0	0.0	0.0	0.0	0.0	0.0	0.0	0.0	0.0	0.0	0.0	21.0	0.0	0.0	0.0	0.0	0.0	0.0	0.0	0.0	0.0	0.0	0.0	0.0	0.0	0.0	0.0	0.0	0.0	0.0	0.0	0.0	0.0	0.0	0.0	0.0	0.0	0.0	0.0	0.0	0.0	0.0	0.0	0.0	0.0	0.0	0.0	0.0	0.0	25.0	0.0	0.0	0.0	0.0	0.0	0.0	0.0	0.0	0.0	0.0	0.0	0.0	0.0	0.0	0.0	0.0	0.0	0.0	0.0	0.0	0.0	0.0	0.0	0.0	0.0	0.0	0.0	0.0	0.0	0.0	0.0
SRR9612335	0.0	178.0	1071.0	5.0	52.0	2536.0	150.0	0.0	4480.0	126.0	0.0	12.0	392.0	148.0	0.0	857.0	42.0	7.0	86.0	2181.0	72.0	0.0	21.0	444.0	2480.0	0.0	0.0	121.0	40.0	30.0	8.0	531.0	0.0	14.0	4.0	0.0	0.0	324.0	2.0	15.0	64.0	144.0	0.0	40.0	23.0	6.0	9.0	4.0	10.0	0.0	43.0	17.0	0.0	24.0	0.0	12.0	283.0	72.0	23.0	155.0	12.0	98.0	494.0	18.0	12.0	14.0	34.0	9.0	189.0	16.0	174.0	1129.0	44.0	4.0	101.0	34.0	174.0	0.0	68.0	12.0	31.0	101.0	805.0	22.0	61.0	7.0	200.0	0.0	0.0	107.0	114.0	0.0	0.0	84.0	26.0	14.0	4.0	14.0	136.0	0.0	7.0	45.0	38.0	4.0	0.0	396.0	0.0	0.0	0.0	3.0	79.0	0.0	0.0	38.0	7.0	28.0	8.0	0.0	102.0	18.0	3.0	0.0	0.0	0.0	301.0	733.0	6.0	210.0	200.0	29.0	1.0	36.0	30.0	9.0	0.0	0.0	0.0	0.0	0.0	0.0	39.0	17.0	0.0	8.0	0.0	0.0	464.0	9.0	59.0	0.0	6.0	45.0	3.0	21.0	0.0	55.0	287.0	120.0	18.0	0.0	104.0	0.0	18.0	5.0	8.0	0.0	8.0	4.0	20.0	0.0	0.0	0.0	0.0	113.0	44.0	8.0	0.0	0.0	0.0	0.0	11.0	0.0	0.0	31.0	0.0	5.0	215.0	0.0	61.0	0.0	12.0	0.0	0.0	0.0	0.0	0.0	333.0	0.0	0.0	0.0	212.0	0.0	13.0	0.0	14.0	31.0	0.0	0.0	0.0	3.0	31.0	6.0	10.0	0.0	6.0	5.0	122.0	0.0	39.0	0.0	0.0	3.0	0.0	0.0	0.0	11.0	3.0	0.0	86.0	33.0	0.0	0.0	17.0	6.0	0.0	0.0	0.0	0.0	0.0	0.0	0.0	0.0	0.0	0.0	0.0	0.0	0.0	0.0	0.0	12.0	0.0	0.0	0.0	0.0	0.0	11.0	20.0	0.0	0.0	0.0	11.0	0.0	0.0	0.0	0.0	0.0	0.0	0.0	0.0	0.0	0.0	0.0	0.0	0.0	0.0	2.0	0.0	0.0	0.0	0.0	0.0	0.0	0.0	0.0	0.0	0.0	0.0	0.0	0.0	0.0	0.0	0.0	0.0	0.0	29.0	0.0	0.0	0.0	4.0	0.0	0.0	0.0	0.0	0.0	0.0	0.0	0.0	0.0	0.0	0.0	0.0	0.0	2.0	0.0	0.0	0.0	0.0	0.0	0.0	0.0	0.0	0.0	0.0	0.0	0.0	0.0
SRR9612336	0.0	103.0	532.0	0.0	0.0	1676.0	35.0	0.0	2184.0	99.0	0.0	0.0	244.0	84.0	3.0	291.0	0.0	24.0	65.0	616.0	142.0	0.0	33.0	197.0	1718.0	0.0	0.0	5.0	19.0	0.0	19.0	80.0	0.0	0.0	3.0	0.0	22.0	35.0	17.0	12.0	61.0	399.0	0.0	206.0	29.0	0.0	0.0	0.0	14.0	0.0	13.0	0.0	0.0	0.0	2.0	0.0	207.0	38.0	17.0	187.0	78.0	149.0	357.0	0.0	0.0	0.0	27.0	14.0	101.0	3.0	132.0	418.0	33.0	3.0	40.0	11.0	37.0	7.0	12.0	30.0	0.0	39.0	340.0	0.0	7.0	0.0	121.0	0.0	0.0	55.0	25.0	0.0	0.0	154.0	10.0	10.0	0.0	12.0	92.0	0.0	0.0	65.0	43.0	4.0	0.0	85.0	0.0	0.0	0.0	0.0	69.0	0.0	0.0	150.0	17.0	0.0	0.0	0.0	119.0	0.0	8.0	0.0	10.0	0.0	40.0	686.0	0.0	133.0	187.0	58.0	0.0	49.0	0.0	7.0	0.0	0.0	5.0	0.0	0.0	0.0	0.0	0.0	0.0	0.0	0.0	3.0	240.0	10.0	52.0	0.0	22.0	55.0	4.0	0.0	0.0	56.0	23.0	76.0	22.0	0.0	71.0	0.0	13.0	0.0	0.0	0.0	0.0	0.0	12.0	10.0	17.0	0.0	14.0	69.0	1.0	24.0	0.0	9.0	0.0	5.0	9.0	0.0	0.0	11.0	0.0	0.0	83.0	8.0	16.0	0.0	0.0	0.0	0.0	0.0	0.0	0.0	22.0	0.0	8.0	0.0	14.0	0.0	0.0	0.0	27.0	22.0	0.0	0.0	0.0	0.0	16.0	0.0	0.0	0.0	13.0	0.0	43.0	0.0	57.0	0.0	0.0	0.0	0.0	0.0	0.0	16.0	0.0	0.0	45.0	0.0	0.0	0.0	0.0	0.0	0.0	0.0	0.0	0.0	34.0	0.0	0.0	0.0	0.0	0.0	0.0	0.0	0.0	0.0	0.0	0.0	0.0	0.0	0.0	0.0	0.0	0.0	13.0	0.0	0.0	0.0	0.0	0.0	0.0	0.0	0.0	0.0	0.0	0.0	0.0	0.0	0.0	0.0	0.0	0.0	0.0	0.0	0.0	0.0	0.0	0.0	0.0	0.0	0.0	0.0	0.0	0.0	0.0	0.0	2.0	0.0	0.0	0.0	0.0	0.0	19.0	0.0	0.0	0.0	0.0	0.0	0.0	0.0	0.0	0.0	0.0	0.0	0.0	0.0	0.0	0.0	0.0	0.0	0.0	0.0	0.0	0.0	0.0	0.0	0.0	0.0	0.0	0.0	0.0	0.0	0.0	0.0
SRR9612337	0.0	230.0	1792.0	0.0	19.0	2971.0	141.0	44.0	2887.0	170.0	0.0	36.0	358.0	140.0	0.0	500.0	31.0	24.0	79.0	1214.0	117.0	0.0	28.0	291.0	2801.0	5.0	0.0	14.0	12.0	16.0	34.0	112.0	0.0	4.0	13.0	0.0	0.0	170.0	0.0	32.0	87.0	312.0	3.0	158.0	20.0	0.0	0.0	5.0	0.0	0.0	50.0	0.0	0.0	0.0	0.0	5.0	351.0	39.0	21.0	183.0	30.0	129.0	717.0	0.0	0.0	6.0	37.0	23.0	181.0	4.0	187.0	751.0	69.0	30.0	153.0	34.0	90.0	0.0	36.0	10.0	0.0	98.0	608.0	4.0	18.0	18.0	186.0	0.0	0.0	168.0	26.0	0.0	0.0	149.0	14.0	37.0	0.0	0.0	214.0	0.0	0.0	39.0	82.0	0.0	0.0	167.0	0.0	0.0	0.0	0.0	95.0	0.0	0.0	139.0	4.0	0.0	0.0	0.0	282.0	18.0	0.0	0.0	0.0	0.0	187.0	1120.0	0.0	186.0	276.0	31.0	0.0	102.0	12.0	11.0	0.0	0.0	2.0	0.0	0.0	0.0	0.0	0.0	0.0	4.0	3.0	18.0	431.0	25.0	37.0	0.0	94.0	63.0	0.0	4.0	3.0	59.0	70.0	178.0	32.0	0.0	159.0	0.0	0.0	10.0	24.0	0.0	0.0	6.0	4.0	33.0	16.0	0.0	5.0	228.0	8.0	0.0	0.0	25.0	0.0	2.0	10.0	0.0	0.0	34.0	0.0	0.0	160.0	0.0	38.0	0.0	16.0	0.0	0.0	0.0	0.0	0.0	172.0	0.0	0.0	0.0	61.0	0.0	22.0	0.0	6.0	54.0	7.0	0.0	0.0	0.0	24.0	0.0	0.0	0.0	12.0	0.0	123.0	0.0	72.0	0.0	0.0	0.0	0.0	0.0	0.0	9.0	0.0	0.0	75.0	0.0	0.0	8.0	19.0	16.0	0.0	0.0	0.0	0.0	0.0	0.0	0.0	0.0	0.0	0.0	0.0	0.0	0.0	0.0	0.0	0.0	0.0	0.0	0.0	0.0	0.0	0.0	51.0	0.0	0.0	0.0	7.0	0.0	0.0	0.0	0.0	0.0	0.0	0.0	0.0	0.0	0.0	0.0	0.0	0.0	0.0	0.0	0.0	0.0	0.0	0.0	0.0	0.0	0.0	0.0	0.0	0.0	0.0	0.0	0.0	0.0	0.0	0.0	0.0	0.0	34.0	0.0	0.0	0.0	0.0	0.0	0.0	0.0	0.0	0.0	0.0	0.0	0.0	0.0	0.0	0.0	0.0	0.0	0.0	0.0	0.0	0.0	0.0	0.0	0.0	0.0	0.0	0.0	0.0	0.0	0.0	0.0
SRR9612338	0.0	119.0	624.0	0.0	72.0	1666.0	94.0	29.0	2510.0	103.0	0.0	17.0	114.0	91.0	11.0	258.0	7.0	14.0	59.0	918.0	105.0	3.0	23.0	218.0	1706.0	0.0	0.0	25.0	8.0	12.0	63.0	158.0	0.0	4.0	0.0	0.0	0.0	95.0	0.0	17.0	47.0	146.0	0.0	75.0	30.0	0.0	4.0	3.0	0.0	8.0	78.0	7.0	0.0	5.0	5.0	0.0	211.0	33.0	0.0	91.0	80.0	119.0	361.0	0.0	5.0	0.0	29.0	25.0	124.0	0.0	168.0	265.0	30.0	7.0	56.0	21.0	59.0	6.0	28.0	22.0	38.0	31.0	506.0	19.0	18.0	0.0	107.0	0.0	0.0	83.0	59.0	0.0	0.0	112.0	20.0	11.0	0.0	0.0	110.0	0.0	0.0	46.0	52.0	0.0	0.0	92.0	0.0	0.0	0.0	0.0	37.0	5.0	0.0	118.0	0.0	11.0	0.0	0.0	137.0	0.0	0.0	0.0	0.0	0.0	118.0	421.0	0.0	124.0	128.0	14.0	7.0	93.0	10.0	4.0	0.0	0.0	0.0	0.0	0.0	0.0	4.0	0.0	0.0	0.0	3.0	8.0	185.0	41.0	30.0	0.0	44.0	84.0	0.0	0.0	4.0	70.0	94.0	86.0	18.0	0.0	65.0	0.0	0.0	11.0	8.0	0.0	5.0	0.0	0.0	19.0	15.0	0.0	7.0	67.0	19.0	0.0	0.0	6.0	0.0	5.0	7.0	0.0	0.0	24.0	0.0	0.0	100.0	0.0	12.0	0.0	10.0	0.0	2.0	0.0	0.0	0.0	121.0	0.0	0.0	0.0	33.0	0.0	14.0	0.0	8.0	40.0	10.0	0.0	0.0	0.0	16.0	0.0	30.0	0.0	12.0	0.0	66.0	0.0	39.0	0.0	0.0	0.0	0.0	0.0	0.0	12.0	0.0	0.0	57.0	15.0	0.0	6.0	0.0	15.0	0.0	0.0	0.0	0.0	0.0	0.0	0.0	0.0	0.0	0.0	0.0	0.0	0.0	0.0	0.0	0.0	0.0	0.0	0.0	0.0	3.0	10.0	24.0	0.0	0.0	0.0	0.0	0.0	0.0	0.0	0.0	0.0	0.0	0.0	0.0	0.0	0.0	0.0	0.0	0.0	0.0	0.0	0.0	0.0	0.0	0.0	0.0	0.0	0.0	0.0	0.0	0.0	0.0	0.0	0.0	0.0	0.0	0.0	0.0	0.0	13.0	0.0	0.0	0.0	0.0	0.0	0.0	0.0	0.0	0.0	0.0	0.0	0.0	0.0	0.0	0.0	0.0	0.0	0.0	0.0	0.0	0.0	0.0	0.0	0.0	0.0	0.0	0.0	0.0	0.0	0.0	0.0
SRR9612339	0.0	181.0	569.0	0.0	11.0	2229.0	106.0	58.0	2561.0	170.0	0.0	9.0	147.0	146.0	0.0	606.0	33.0	8.0	47.0	970.0	91.0	0.0	26.0	289.0	1695.0	0.0	0.0	14.0	11.0	0.0	80.0	112.0	0.0	9.0	0.0	0.0	0.0	44.0	7.0	37.0	106.0	204.0	0.0	46.0	28.0	0.0	0.0	0.0	0.0	0.0	22.0	0.0	0.0	0.0	0.0	0.0	262.0	59.0	37.0	284.0	49.0	252.0	319.0	0.0	0.0	0.0	22.0	17.0	67.0	8.0	211.0	394.0	34.0	7.0	48.0	52.0	71.0	0.0	7.0	7.0	22.0	63.0	494.0	14.0	12.0	6.0	136.0	0.0	0.0	115.0	44.0	0.0	0.0	147.0	0.0	36.0	0.0	5.0	44.0	0.0	0.0	138.0	52.0	0.0	0.0	121.0	6.0	0.0	0.0	0.0	53.0	0.0	2.0	161.0	0.0	0.0	0.0	0.0	250.0	28.0	23.0	0.0	0.0	0.0	172.0	384.0	14.0	122.0	142.0	69.0	0.0	57.0	0.0	16.0	0.0	0.0	7.0	0.0	0.0	0.0	23.0	1.0	0.0	6.0	0.0	0.0	246.0	67.0	51.0	0.0	68.0	92.0	0.0	0.0	3.0	113.0	87.0	108.0	39.0	0.0	78.0	0.0	0.0	6.0	7.0	0.0	0.0	3.0	0.0	6.0	0.0	0.0	0.0	44.0	0.0	0.0	0.0	6.0	0.0	5.0	2.0	2.0	0.0	70.0	0.0	0.0	146.0	0.0	31.0	0.0	20.0	0.0	0.0	0.0	0.0	0.0	220.0	0.0	0.0	0.0	55.0	0.0	25.0	0.0	26.0	60.0	0.0	0.0	0.0	0.0	17.0	0.0	0.0	0.0	0.0	0.0	80.0	0.0	33.0	0.0	0.0	0.0	0.0	0.0	0.0	5.0	0.0	0.0	26.0	16.0	0.0	0.0	7.0	5.0	0.0	0.0	0.0	0.0	0.0	0.0	0.0	0.0	0.0	0.0	0.0	0.0	0.0	0.0	0.0	0.0	0.0	0.0	0.0	0.0	0.0	0.0	48.0	0.0	0.0	0.0	9.0	0.0	0.0	0.0	0.0	0.0	0.0	0.0	0.0	0.0	0.0	0.0	0.0	0.0	0.0	0.0	0.0	0.0	0.0	0.0	0.0	0.0	0.0	0.0	0.0	0.0	0.0	0.0	0.0	0.0	0.0	0.0	0.0	0.0	14.0	0.0	0.0	0.0	0.0	0.0	0.0	0.0	0.0	0.0	0.0	0.0	0.0	0.0	0.0	0.0	0.0	0.0	0.0	0.0	0.0	3.0	0.0	0.0	0.0	0.0	0.0	0.0	0.0	0.0	0.0	0.0
SRR9612340	0.0	80.0	868.0	0.0	62.0	2234.0	105.0	0.0	2640.0	84.0	0.0	13.0	256.0	59.0	2.0	230.0	34.0	3.0	50.0	1166.0	73.0	0.0	31.0	347.0	2151.0	0.0	0.0	65.0	10.0	20.0	0.0	136.0	0.0	13.0	0.0	0.0	0.0	117.0	0.0	16.0	84.0	49.0	35.0	33.0	13.0	11.0	12.0	0.0	0.0	12.0	19.0	8.0	0.0	0.0	0.0	0.0	102.0	35.0	16.0	45.0	0.0	28.0	273.0	0.0	0.0	0.0	26.0	19.0	180.0	0.0	97.0	780.0	22.0	6.0	106.0	11.0	13.0	0.0	14.0	0.0	31.0	69.0	582.0	21.0	44.0	0.0	149.0	9.0	0.0	50.0	44.0	0.0	0.0	65.0	0.0	0.0	0.0	4.0	133.0	0.0	0.0	22.0	62.0	0.0	0.0	230.0	0.0	0.0	0.0	0.0	73.0	0.0	2.0	13.0	0.0	0.0	0.0	6.0	32.0	16.0	0.0	0.0	0.0	0.0	185.0	348.0	0.0	128.0	39.0	31.0	1.0	20.0	0.0	0.0	0.0	0.0	0.0	0.0	0.0	0.0	0.0	0.0	4.0	0.0	4.0	4.0	238.0	12.0	51.0	0.0	23.0	29.0	0.0	0.0	5.0	16.0	95.0	69.0	11.0	0.0	86.0	0.0	0.0	0.0	3.0	0.0	0.0	0.0	8.0	0.0	15.0	0.0	0.0	87.0	19.0	0.0	0.0	0.0	0.0	0.0	5.0	0.0	0.0	8.0	0.0	0.0	144.0	0.0	18.0	0.0	9.0	0.0	0.0	0.0	0.0	0.0	9.0	0.0	0.0	0.0	16.0	2.0	0.0	0.0	0.0	8.0	0.0	0.0	0.0	0.0	30.0	11.0	6.0	0.0	6.0	6.0	36.0	0.0	10.0	0.0	0.0	0.0	0.0	0.0	0.0	0.0	3.0	0.0	23.0	8.0	0.0	0.0	0.0	0.0	0.0	0.0	0.0	0.0	0.0	0.0	0.0	0.0	0.0	0.0	0.0	0.0	0.0	0.0	0.0	0.0	0.0	0.0	0.0	0.0	6.0	0.0	17.0	0.0	0.0	0.0	0.0	0.0	0.0	0.0	2.0	0.0	0.0	0.0	0.0	0.0	0.0	0.0	0.0	0.0	0.0	0.0	0.0	0.0	0.0	0.0	0.0	0.0	0.0	0.0	0.0	0.0	0.0	0.0	0.0	0.0	0.0	0.0	0.0	0.0	14.0	0.0	0.0	0.0	0.0	0.0	0.0	0.0	0.0	0.0	0.0	0.0	0.0	0.0	0.0	0.0	0.0	0.0	0.0	0.0	0.0	0.0	0.0	0.0	0.0	0.0	0.0	0.0	0.0	0.0	0.0	0.0
SRR9612341	0.0	322.0	1419.0	4.0	64.0	3054.0	162.0	25.0	3053.0	257.0	0.0	4.0	283.0	202.0	0.0	496.0	23.0	22.0	78.0	1074.0	161.0	0.0	37.0	348.0	3877.0	0.0	12.0	21.0	0.0	43.0	18.0	269.0	10.0	0.0	10.0	0.0	0.0	75.0	38.0	0.0	61.0	307.0	0.0	41.0	4.0	0.0	0.0	0.0	6.0	0.0	13.0	0.0	0.0	0.0	0.0	0.0	167.0	37.0	21.0	176.0	28.0	214.0	400.0	0.0	11.0	0.0	12.0	48.0	186.0	3.0	162.0	718.0	51.0	12.0	111.0	50.0	37.0	9.0	7.0	30.0	16.0	76.0	478.0	27.0	23.0	0.0	171.0	0.0	0.0	156.0	12.0	0.0	0.0	116.0	32.0	10.0	0.0	16.0	203.0	0.0	0.0	203.0	86.0	0.0	0.0	124.0	0.0	0.0	0.0	0.0	56.0	0.0	0.0	58.0	0.0	7.0	0.0	0.0	128.0	0.0	19.0	0.0	0.0	0.0	161.0	776.0	0.0	171.0	272.0	56.0	0.0	136.0	3.0	0.0	0.0	0.0	0.0	0.0	0.0	0.0	0.0	0.0	2.0	0.0	2.0	8.0	383.0	2.0	46.0	0.0	115.0	59.0	0.0	0.0	0.0	134.0	73.0	121.0	16.0	0.0	108.0	0.0	0.0	0.0	4.0	0.0	0.0	4.0	0.0	22.0	27.0	0.0	0.0	75.0	0.0	4.0	0.0	7.0	0.0	0.0	9.0	0.0	0.0	32.0	0.0	0.0	180.0	0.0	31.0	4.0	10.0	0.0	0.0	0.0	0.0	0.0	0.0	0.0	0.0	0.0	0.0	0.0	30.0	0.0	12.0	28.0	12.0	0.0	0.0	0.0	25.0	0.0	0.0	0.0	0.0	0.0	44.0	0.0	63.0	0.0	0.0	0.0	0.0	0.0	0.0	14.0	0.0	0.0	37.0	9.0	0.0	0.0	14.0	0.0	0.0	0.0	0.0	0.0	0.0	0.0	0.0	0.0	0.0	10.0	0.0	0.0	0.0	0.0	0.0	0.0	0.0	0.0	0.0	0.0	4.0	0.0	41.0	4.0	0.0	0.0	0.0	0.0	0.0	0.0	0.0	0.0	0.0	0.0	0.0	0.0	0.0	0.0	0.0	0.0	0.0	0.0	0.0	0.0	0.0	0.0	4.0	0.0	0.0	0.0	0.0	0.0	0.0	0.0	0.0	0.0	0.0	0.0	0.0	0.0	36.0	0.0	0.0	0.0	0.0	0.0	0.0	0.0	0.0	0.0	0.0	0.0	0.0	0.0	0.0	0.0	0.0	0.0	0.0	0.0	0.0	0.0	0.0	0.0	0.0	0.0	0.0	0.0	0.0	0.0	0.0	0.0
SRR9612342	0.0	269.0	1960.0	0.0	13.0	2871.0	153.0	21.0	3322.0	105.0	14.0	41.0	400.0	139.0	0.0	466.0	44.0	17.0	137.0	1181.0	176.0	0.0	43.0	472.0	3088.0	0.0	0.0	24.0	0.0	35.0	9.0	356.0	0.0	0.0	18.0	0.0	8.0	161.0	5.0	13.0	74.0	234.0	20.0	0.0	7.0	0.0	3.0	0.0	3.0	0.0	21.0	8.0	0.0	0.0	0.0	0.0	431.0	26.0	38.0	142.0	20.0	122.0	671.0	0.0	0.0	0.0	0.0	30.0	147.0	0.0	162.0	499.0	64.0	12.0	76.0	35.0	65.0	8.0	13.0	8.0	6.0	73.0	686.0	0.0	41.0	0.0	198.0	0.0	0.0	123.0	29.0	0.0	0.0	156.0	29.0	20.0	0.0	12.0	262.0	4.0	0.0	42.0	99.0	0.0	0.0	157.0	0.0	0.0	0.0	0.0	69.0	0.0	0.0	77.0	0.0	7.0	0.0	0.0	103.0	9.0	20.0	0.0	0.0	0.0	173.0	843.0	0.0	178.0	192.0	32.0	4.0	75.0	0.0	11.0	0.0	0.0	0.0	0.0	2.0	0.0	0.0	19.0	0.0	0.0	6.0	0.0	427.0	24.0	30.0	2.0	67.0	80.0	0.0	0.0	0.0	105.0	104.0	158.0	42.0	0.0	128.0	3.0	16.0	12.0	15.0	0.0	0.0	0.0	0.0	28.0	27.0	0.0	0.0	212.0	30.0	11.0	0.0	9.0	0.0	0.0	11.0	0.0	0.0	13.0	0.0	0.0	192.0	0.0	40.0	0.0	8.0	0.0	0.0	0.0	0.0	0.0	65.0	0.0	0.0	0.0	0.0	0.0	9.0	0.0	0.0	26.0	7.0	0.0	0.0	2.0	26.0	11.0	5.0	0.0	18.0	0.0	108.0	0.0	59.0	0.0	0.0	0.0	0.0	0.0	0.0	3.0	0.0	0.0	75.0	17.0	0.0	6.0	20.0	7.0	0.0	0.0	0.0	0.0	0.0	0.0	0.0	6.0	0.0	0.0	0.0	0.0	0.0	0.0	0.0	0.0	0.0	0.0	0.0	0.0	0.0	0.0	38.0	4.0	0.0	0.0	5.0	0.0	0.0	0.0	0.0	0.0	0.0	0.0	0.0	0.0	0.0	0.0	0.0	0.0	0.0	0.0	0.0	0.0	0.0	0.0	0.0	0.0	0.0	0.0	0.0	0.0	0.0	0.0	0.0	0.0	0.0	0.0	0.0	0.0	32.0	0.0	0.0	0.0	0.0	0.0	0.0	0.0	0.0	0.0	0.0	0.0	0.0	0.0	0.0	0.0	0.0	0.0	0.0	0.0	0.0	0.0	0.0	0.0	0.0	0.0	0.0	0.0	0.0	0.0	0.0	0.0
SRR9612343	0.0	46.0	0.0	0.0	124.0	17.0	4.0	0.0	9357.0	77.0	0.0	5.0	69.0	283.0	0.0	816.0	0.0	4.0	0.0	13666.0	22.0	0.0	0.0	7.0	13.0	0.0	0.0	210.0	0.0	0.0	0.0	12.0	0.0	9.0	0.0	0.0	0.0	49.0	24.0	6.0	14.0	31.0	0.0	5.0	0.0	0.0	0.0	0.0	0.0	0.0	0.0	0.0	0.0	0.0	0.0	0.0	0.0	0.0	0.0	0.0	0.0	41.0	0.0	0.0	0.0	0.0	125.0	0.0	40.0	0.0	78.0	5.0	0.0	3.0	27.0	0.0	0.0	0.0	56.0	0.0	7.0	0.0	0.0	0.0	0.0	0.0	154.0	0.0	10.0	0.0	0.0	0.0	0.0	27.0	0.0	8.0	0.0	0.0	14.0	3.0	0.0	110.0	5.0	0.0	0.0	0.0	0.0	0.0	0.0	0.0	0.0	0.0	0.0	0.0	0.0	11.0	0.0	0.0	10.0	0.0	0.0	0.0	83.0	0.0	0.0	0.0	0.0	5.0	0.0	127.0	0.0	9.0	52.0	0.0	0.0	0.0	0.0	0.0	0.0	0.0	0.0	0.0	0.0	5.0	0.0	0.0	0.0	0.0	0.0	0.0	0.0	0.0	0.0	2.0	0.0	76.0	0.0	0.0	0.0	0.0	0.0	0.0	245.0	0.0	0.0	0.0	0.0	0.0	0.0	0.0	0.0	0.0	0.0	2.0	0.0	8.0	0.0	0.0	0.0	0.0	0.0	0.0	0.0	19.0	0.0	0.0	0.0	0.0	0.0	0.0	0.0	0.0	0.0	0.0	0.0	0.0	35.0	0.0	0.0	0.0	0.0	0.0	5.0	0.0	0.0	0.0	0.0	0.0	0.0	0.0	0.0	0.0	138.0	0.0	0.0	7.0	0.0	0.0	2.0	0.0	0.0	0.0	0.0	0.0	0.0	0.0	0.0	0.0	0.0	0.0	0.0	0.0	0.0	0.0	0.0	0.0	0.0	0.0	0.0	0.0	0.0	0.0	0.0	0.0	0.0	0.0	0.0	0.0	0.0	0.0	0.0	0.0	0.0	0.0	0.0	0.0	0.0	0.0	2.0	0.0	0.0	0.0	0.0	0.0	0.0	0.0	0.0	0.0	0.0	0.0	0.0	0.0	0.0	0.0	0.0	0.0	0.0	0.0	0.0	0.0	0.0	0.0	0.0	0.0	0.0	0.0	0.0	0.0	0.0	0.0	0.0	0.0	0.0	0.0	0.0	0.0	0.0	0.0	0.0	0.0	0.0	0.0	0.0	0.0	0.0	0.0	0.0	0.0	0.0	0.0	0.0	0.0	0.0	0.0	0.0	0.0	0.0	0.0	0.0	0.0	0.0	0.0	0.0	0.0	0.0	0.0
SRR9612344	0.0	1475.0	22.0	0.0	4.0	46.0	0.0	0.0	2125.0	289.0	0.0	0.0	742.0	182.0	0.0	268.0	0.0	0.0	0.0	154.0	41.0	0.0	0.0	22.0	34.0	0.0	0.0	0.0	0.0	0.0	0.0	0.0	0.0	5.0	0.0	0.0	0.0	11.0	0.0	2.0	42.0	49.0	0.0	9.0	0.0	0.0	0.0	0.0	0.0	0.0	0.0	0.0	0.0	0.0	0.0	0.0	3.0	8.0	0.0	12.0	2.0	216.0	4.0	0.0	0.0	0.0	0.0	0.0	129.0	0.0	194.0	15.0	0.0	0.0	0.0	0.0	6.0	0.0	0.0	10.0	0.0	6.0	28.0	0.0	0.0	0.0	123.0	0.0	0.0	13.0	0.0	0.0	0.0	49.0	0.0	0.0	0.0	0.0	20.0	0.0	0.0	6188.0	11.0	0.0	0.0	9.0	0.0	0.0	0.0	0.0	0.0	0.0	0.0	0.0	0.0	0.0	0.0	0.0	0.0	0.0	0.0	0.0	0.0	0.0	0.0	0.0	0.0	0.0	7.0	597.0	0.0	5.0	0.0	0.0	0.0	0.0	0.0	0.0	43.0	0.0	0.0	0.0	0.0	0.0	0.0	0.0	46.0	0.0	120.0	0.0	54.0	0.0	0.0	0.0	0.0	20.0	0.0	11.0	0.0	0.0	11.0	0.0	25.0	0.0	0.0	0.0	0.0	0.0	0.0	40.0	0.0	0.0	0.0	0.0	0.0	0.0	0.0	0.0	0.0	0.0	0.0	0.0	0.0	0.0	0.0	0.0	0.0	0.0	14.0	4.0	0.0	0.0	0.0	0.0	0.0	0.0	0.0	0.0	0.0	0.0	0.0	0.0	0.0	0.0	0.0	0.0	0.0	13.0	0.0	0.0	0.0	0.0	0.0	0.0	0.0	0.0	0.0	0.0	9.0	6.0	0.0	0.0	0.0	0.0	0.0	0.0	0.0	0.0	0.0	0.0	0.0	0.0	0.0	0.0	0.0	0.0	0.0	0.0	3.0	0.0	0.0	0.0	0.0	0.0	0.0	0.0	0.0	0.0	0.0	0.0	0.0	0.0	0.0	0.0	0.0	0.0	0.0	0.0	0.0	0.0	0.0	0.0	0.0	0.0	0.0	0.0	0.0	0.0	0.0	0.0	0.0	0.0	0.0	0.0	0.0	0.0	0.0	0.0	0.0	0.0	0.0	0.0	0.0	0.0	0.0	0.0	0.0	0.0	0.0	0.0	0.0	0.0	0.0	0.0	4.0	0.0	0.0	0.0	0.0	0.0	0.0	0.0	0.0	0.0	0.0	0.0	0.0	0.0	0.0	0.0	0.0	0.0	0.0	0.0	0.0	0.0	0.0	0.0	0.0	0.0	0.0	0.0	0.0	0.0	0.0	0.0
SRR9612346	0.0	27.0	39.0	7.0	33.0	27.0	0.0	0.0	5752.0	142.0	0.0	6.0	908.0	87.0	0.0	1007.0	8.0	0.0	0.0	3754.0	13.0	0.0	6.0	27.0	163.0	0.0	0.0	216.0	20.0	0.0	0.0	14.0	0.0	35.0	0.0	0.0	0.0	13.0	5.0	3.0	30.0	0.0	11.0	0.0	0.0	0.0	0.0	0.0	0.0	0.0	0.0	0.0	0.0	0.0	0.0	0.0	12.0	0.0	0.0	0.0	0.0	124.0	7.0	0.0	0.0	0.0	31.0	0.0	82.0	0.0	262.0	15.0	0.0	0.0	26.0	0.0	0.0	0.0	6.0	18.0	89.0	3.0	34.0	0.0	4.0	0.0	385.0	0.0	6.0	0.0	4.0	0.0	0.0	8.0	2.0	0.0	0.0	9.0	38.0	0.0	0.0	15.0	0.0	0.0	0.0	6.0	0.0	0.0	0.0	0.0	0.0	0.0	0.0	0.0	0.0	25.0	4.0	0.0	0.0	0.0	0.0	0.0	0.0	0.0	21.0	0.0	0.0	0.0	0.0	403.0	0.0	10.0	11.0	0.0	0.0	0.0	0.0	0.0	0.0	0.0	0.0	0.0	0.0	5.0	0.0	0.0	37.0	0.0	0.0	0.0	0.0	0.0	0.0	0.0	0.0	13.0	0.0	0.0	0.0	0.0	21.0	0.0	111.0	0.0	0.0	0.0	0.0	0.0	0.0	0.0	0.0	0.0	3.0	27.0	6.0	0.0	0.0	0.0	0.0	0.0	6.0	0.0	0.0	0.0	0.0	0.0	21.0	0.0	14.0	0.0	0.0	0.0	0.0	0.0	0.0	0.0	23.0	0.0	0.0	0.0	0.0	0.0	0.0	0.0	0.0	0.0	0.0	4.0	0.0	0.0	0.0	0.0	73.0	0.0	0.0	0.0	0.0	0.0	4.0	0.0	0.0	0.0	0.0	0.0	0.0	2.0	0.0	0.0	0.0	0.0	0.0	0.0	0.0	0.0	0.0	0.0	0.0	0.0	0.0	0.0	0.0	0.0	0.0	0.0	0.0	4.0	0.0	0.0	0.0	0.0	0.0	0.0	0.0	0.0	0.0	0.0	0.0	0.0	0.0	0.0	2.0	0.0	0.0	0.0	0.0	0.0	0.0	0.0	0.0	0.0	0.0	0.0	0.0	0.0	0.0	0.0	0.0	0.0	0.0	0.0	0.0	0.0	0.0	0.0	0.0	0.0	0.0	0.0	0.0	0.0	0.0	0.0	0.0	0.0	0.0	0.0	0.0	0.0	0.0	0.0	0.0	0.0	0.0	0.0	0.0	0.0	0.0	0.0	0.0	0.0	0.0	0.0	0.0	0.0	0.0	0.0	0.0	0.0	0.0	0.0	0.0	0.0	0.0	0.0	0.0	0.0
SRR9612347	0.0	171.0	7.0	2.0	0.0	0.0	0.0	0.0	6334.0	366.0	0.0	11.0	922.0	267.0	0.0	381.0	0.0	0.0	0.0	0.0	44.0	0.0	14.0	0.0	63.0	0.0	0.0	0.0	0.0	0.0	0.0	0.0	0.0	9.0	0.0	21.0	2.0	7.0	0.0	0.0	29.0	0.0	0.0	0.0	0.0	0.0	0.0	0.0	0.0	0.0	0.0	0.0	0.0	0.0	0.0	0.0	0.0	97.0	0.0	0.0	21.0	263.0	0.0	0.0	0.0	0.0	0.0	0.0	128.0	0.0	48.0	0.0	3.0	6.0	0.0	0.0	0.0	0.0	0.0	0.0	11.0	3.0	0.0	0.0	0.0	0.0	58.0	0.0	0.0	0.0	0.0	0.0	0.0	181.0	0.0	0.0	0.0	0.0	21.0	0.0	0.0	1990.0	0.0	0.0	0.0	0.0	0.0	0.0	0.0	0.0	0.0	0.0	0.0	0.0	0.0	0.0	0.0	0.0	0.0	0.0	0.0	0.0	0.0	0.0	0.0	6.0	0.0	14.0	0.0	232.0	2.0	41.0	0.0	0.0	0.0	0.0	0.0	0.0	27.0	0.0	0.0	0.0	0.0	0.0	0.0	0.0	42.0	0.0	125.0	0.0	78.0	2.0	0.0	0.0	0.0	24.0	0.0	6.0	0.0	0.0	11.0	0.0	17.0	0.0	0.0	0.0	0.0	0.0	0.0	0.0	0.0	0.0	0.0	3.0	0.0	0.0	0.0	0.0	0.0	0.0	0.0	0.0	0.0	0.0	0.0	0.0	32.0	0.0	8.0	0.0	0.0	0.0	0.0	0.0	0.0	0.0	0.0	0.0	0.0	0.0	0.0	0.0	0.0	0.0	10.0	0.0	0.0	0.0	0.0	0.0	0.0	0.0	0.0	0.0	0.0	0.0	0.0	0.0	0.0	13.0	0.0	0.0	0.0	0.0	0.0	0.0	0.0	0.0	0.0	0.0	0.0	0.0	0.0	0.0	0.0	0.0	0.0	0.0	0.0	0.0	0.0	0.0	0.0	0.0	0.0	0.0	0.0	0.0	0.0	0.0	0.0	0.0	0.0	0.0	0.0	0.0	0.0	0.0	0.0	0.0	0.0	0.0	0.0	0.0	0.0	0.0	0.0	0.0	0.0	0.0	0.0	0.0	0.0	0.0	0.0	0.0	0.0	0.0	0.0	0.0	0.0	0.0	0.0	0.0	0.0	0.0	0.0	0.0	0.0	0.0	0.0	0.0	0.0	0.0	0.0	0.0	0.0	0.0	0.0	0.0	0.0	0.0	0.0	0.0	0.0	0.0	0.0	0.0	0.0	0.0	0.0	0.0	0.0	0.0	0.0	0.0	0.0	0.0	0.0	0.0	0.0	0.0	0.0	0.0	0.0	0.0
SRR9612348	0.0	37.0	33.0	0.0	23.0	8.0	0.0	0.0	6376.0	299.0	0.0	4.0	769.0	121.0	0.0	687.0	9.0	5.0	6.0	3517.0	0.0	0.0	0.0	28.0	132.0	0.0	0.0	432.0	0.0	3.0	0.0	20.0	0.0	124.0	0.0	0.0	0.0	19.0	15.0	2.0	27.0	14.0	6.0	24.0	0.0	0.0	0.0	0.0	0.0	0.0	0.0	7.0	0.0	0.0	0.0	0.0	0.0	1.0	0.0	22.0	0.0	107.0	0.0	0.0	0.0	0.0	24.0	0.0	164.0	0.0	115.0	30.0	2.0	0.0	88.0	0.0	4.0	0.0	37.0	11.0	45.0	0.0	34.0	8.0	0.0	0.0	683.0	2.0	0.0	0.0	0.0	0.0	0.0	0.0	3.0	0.0	0.0	7.0	47.0	0.0	0.0	29.0	0.0	0.0	0.0	0.0	0.0	0.0	0.0	0.0	0.0	0.0	0.0	0.0	0.0	0.0	0.0	0.0	2.0	0.0	0.0	0.0	0.0	0.0	18.0	0.0	0.0	0.0	10.0	349.0	5.0	12.0	0.0	0.0	0.0	4.0	0.0	0.0	0.0	0.0	0.0	0.0	0.0	0.0	0.0	0.0	6.0	20.0	0.0	0.0	0.0	0.0	0.0	0.0	0.0	31.0	4.0	0.0	0.0	0.0	16.0	0.0	109.0	0.0	0.0	0.0	0.0	0.0	0.0	5.0	0.0	0.0	0.0	0.0	0.0	0.0	0.0	0.0	0.0	0.0	0.0	0.0	0.0	11.0	0.0	0.0	18.0	0.0	13.0	0.0	0.0	0.0	0.0	0.0	0.0	0.0	12.0	0.0	0.0	0.0	0.0	0.0	0.0	0.0	3.0	0.0	0.0	0.0	0.0	0.0	0.0	0.0	0.0	5.0	0.0	0.0	0.0	0.0	4.0	0.0	0.0	0.0	0.0	0.0	0.0	0.0	0.0	0.0	2.0	0.0	0.0	0.0	0.0	0.0	0.0	0.0	0.0	0.0	0.0	0.0	0.0	0.0	0.0	0.0	0.0	22.0	0.0	0.0	0.0	0.0	0.0	0.0	0.0	0.0	0.0	0.0	0.0	0.0	0.0	0.0	0.0	0.0	0.0	0.0	0.0	0.0	0.0	0.0	0.0	0.0	0.0	0.0	0.0	0.0	0.0	0.0	0.0	0.0	0.0	0.0	0.0	0.0	0.0	0.0	0.0	0.0	0.0	0.0	0.0	0.0	0.0	0.0	0.0	0.0	6.0	0.0	0.0	0.0	0.0	0.0	0.0	0.0	0.0	0.0	0.0	0.0	0.0	0.0	0.0	0.0	0.0	0.0	0.0	0.0	0.0	0.0	0.0	0.0	0.0	0.0	0.0	0.0	0.0	0.0	0.0	0.0
SRR9612350	0.0	52.0	37.0	0.0	817.0	0.0	4.0	0.0	6339.0	35.0	0.0	0.0	121.0	761.0	0.0	1733.0	0.0	0.0	0.0	3962.0	0.0	0.0	0.0	0.0	43.0	0.0	0.0	592.0	46.0	0.0	0.0	33.0	0.0	89.0	0.0	0.0	0.0	47.0	0.0	9.0	20.0	13.0	251.0	0.0	0.0	0.0	0.0	0.0	0.0	0.0	5.0	2.0	0.0	0.0	0.0	0.0	0.0	3.0	0.0	0.0	0.0	10.0	0.0	0.0	0.0	18.0	78.0	624.0	109.0	14.0	39.0	8.0	0.0	0.0	113.0	0.0	0.0	23.0	57.0	0.0	66.0	2.0	0.0	0.0	0.0	0.0	308.0	0.0	0.0	0.0	6.0	0.0	0.0	4.0	0.0	0.0	0.0	44.0	8.0	0.0	0.0	38.0	12.0	0.0	0.0	0.0	0.0	0.0	0.0	0.0	0.0	0.0	0.0	0.0	0.0	0.0	0.0	0.0	0.0	0.0	0.0	0.0	11.0	0.0	0.0	0.0	0.0	0.0	0.0	10.0	0.0	0.0	147.0	0.0	0.0	0.0	0.0	0.0	0.0	0.0	0.0	0.0	0.0	6.0	0.0	0.0	6.0	10.0	0.0	0.0	0.0	0.0	0.0	0.0	0.0	0.0	5.0	0.0	0.0	0.0	0.0	0.0	998.0	0.0	0.0	0.0	18.0	0.0	0.0	0.0	0.0	0.0	0.0	4.0	0.0	48.0	0.0	0.0	0.0	10.0	0.0	0.0	0.0	0.0	0.0	0.0	0.0	0.0	0.0	0.0	0.0	6.0	0.0	0.0	0.0	0.0	1094.0	0.0	0.0	0.0	13.0	0.0	0.0	0.0	0.0	0.0	0.0	0.0	0.0	0.0	0.0	0.0	23142.0	0.0	0.0	0.0	0.0	0.0	0.0	0.0	0.0	0.0	0.0	0.0	0.0	0.0	0.0	0.0	0.0	0.0	0.0	0.0	0.0	0.0	0.0	0.0	0.0	0.0	0.0	0.0	0.0	0.0	0.0	0.0	0.0	0.0	0.0	0.0	0.0	0.0	0.0	0.0	0.0	0.0	0.0	0.0	0.0	0.0	0.0	0.0	0.0	0.0	0.0	0.0	0.0	0.0	0.0	0.0	0.0	0.0	0.0	0.0	0.0	0.0	0.0	0.0	0.0	0.0	0.0	0.0	0.0	0.0	0.0	0.0	0.0	0.0	0.0	0.0	0.0	0.0	0.0	0.0	0.0	0.0	0.0	0.0	0.0	0.0	0.0	0.0	0.0	0.0	0.0	0.0	0.0	0.0	0.0	0.0	0.0	0.0	0.0	0.0	0.0	0.0	0.0	0.0	0.0	0.0	0.0	0.0	0.0	0.0	0.0	0.0	0.0	0.0
SRR9612351	0.0	68.0	979.0	0.0	93.0	1454.0	117.0	0.0	2247.0	37.0	0.0	0.0	294.0	54.0	0.0	518.0	16.0	2.0	48.0	1480.0	159.0	0.0	21.0	348.0	1022.0	0.0	0.0	57.0	0.0	0.0	0.0	42.0	0.0	0.0	33.0	0.0	0.0	254.0	0.0	10.0	39.0	144.0	2.0	9.0	15.0	17.0	3.0	9.0	0.0	0.0	20.0	0.0	13.0	28.0	0.0	0.0	245.0	26.0	0.0	57.0	15.0	69.0	379.0	0.0	0.0	0.0	72.0	0.0	37.0	9.0	153.0	340.0	7.0	0.0	91.0	22.0	106.0	0.0	19.0	0.0	0.0	34.0	717.0	0.0	51.0	9.0	103.0	0.0	0.0	51.0	14.0	0.0	0.0	39.0	14.0	9.0	3.0	0.0	108.0	0.0	0.0	42.0	83.0	0.0	4.0	233.0	0.0	0.0	0.0	0.0	33.0	0.0	0.0	27.0	0.0	12.0	0.0	4.0	35.0	12.0	0.0	0.0	0.0	0.0	201.0	608.0	7.0	65.0	132.0	0.0	0.0	27.0	18.0	4.0	0.0	0.0	0.0	0.0	0.0	0.0	22.0	0.0	0.0	8.0	4.0	21.0	230.0	0.0	0.0	0.0	19.0	30.0	5.0	0.0	5.0	53.0	393.0	112.0	10.0	0.0	56.0	0.0	0.0	0.0	13.0	0.0	1.0	4.0	10.0	12.0	0.0	0.0	0.0	93.0	50.0	4.0	0.0	0.0	0.0	2.0	5.0	0.0	0.0	0.0	0.0	0.0	106.0	0.0	22.0	0.0	3.0	0.0	0.0	0.0	0.0	0.0	51.0	0.0	0.0	0.0	14.0	0.0	0.0	0.0	0.0	25.0	10.0	0.0	0.0	0.0	33.0	0.0	3.0	0.0	0.0	0.0	56.0	0.0	53.0	0.0	0.0	0.0	0.0	0.0	0.0	6.0	0.0	0.0	31.0	7.0	0.0	0.0	9.0	11.0	0.0	0.0	0.0	0.0	0.0	11.0	0.0	0.0	0.0	0.0	0.0	0.0	0.0	0.0	0.0	4.0	2.0	0.0	0.0	0.0	0.0	21.0	14.0	0.0	6.0	0.0	0.0	0.0	0.0	0.0	0.0	0.0	0.0	0.0	0.0	0.0	0.0	0.0	0.0	0.0	0.0	0.0	0.0	0.0	0.0	0.0	4.0	0.0	0.0	0.0	0.0	0.0	0.0	0.0	0.0	0.0	0.0	0.0	0.0	0.0	24.0	0.0	0.0	5.0	0.0	0.0	0.0	0.0	0.0	0.0	0.0	0.0	0.0	0.0	0.0	0.0	0.0	0.0	0.0	0.0	0.0	0.0	0.0	0.0	0.0	0.0	0.0	0.0	0.0	0.0	0.0	0.0
SRR9612352	0.0	609.0	22.0	7.0	653.0	5.0	12.0	0.0	3888.0	443.0	0.0	9.0	602.0	1164.0	0.0	1701.0	0.0	6.0	13.0	8797.0	33.0	0.0	3.0	50.0	223.0	0.0	0.0	219.0	55.0	0.0	0.0	57.0	0.0	44.0	0.0	0.0	0.0	47.0	0.0	17.0	13.0	58.0	0.0	0.0	0.0	0.0	0.0	0.0	0.0	0.0	0.0	0.0	5.0	0.0	0.0	0.0	3.0	19.0	0.0	0.0	0.0	119.0	8.0	0.0	0.0	0.0	214.0	84.0	158.0	0.0	118.0	4.0	5.0	13.0	121.0	0.0	0.0	0.0	82.0	0.0	98.0	0.0	23.0	0.0	0.0	0.0	601.0	0.0	4.0	0.0	0.0	0.0	0.0	19.0	0.0	0.0	3.0	7.0	58.0	0.0	0.0	735.0	58.0	9.0	0.0	0.0	0.0	0.0	0.0	0.0	0.0	0.0	0.0	0.0	8.0	8.0	0.0	0.0	19.0	0.0	0.0	0.0	0.0	0.0	0.0	5.0	0.0	15.0	10.0	341.0	10.0	38.0	109.0	0.0	0.0	5.0	0.0	0.0	0.0	0.0	0.0	0.0	0.0	0.0	2.0	0.0	22.0	3.0	30.0	0.0	44.0	0.0	0.0	0.0	0.0	195.0	0.0	19.0	2.0	0.0	5.0	0.0	1171.0	0.0	0.0	0.0	0.0	0.0	0.0	11.0	0.0	0.0	0.0	15.0	0.0	14.0	0.0	0.0	0.0	0.0	0.0	0.0	0.0	66.0	0.0	0.0	3176.0	0.0	0.0	0.0	0.0	5.0	0.0	0.0	0.0	0.0	434.0	0.0	0.0	0.0	2.0	0.0	31.0	0.0	10.0	0.0	0.0	0.0	0.0	0.0	0.0	0.0	5255.0	0.0	0.0	10.0	0.0	0.0	27.0	3.0	0.0	0.0	0.0	0.0	0.0	0.0	0.0	0.0	0.0	0.0	0.0	0.0	0.0	0.0	0.0	0.0	0.0	0.0	0.0	0.0	2.0	0.0	0.0	0.0	0.0	0.0	0.0	0.0	0.0	0.0	0.0	0.0	0.0	0.0	0.0	0.0	0.0	0.0	0.0	0.0	0.0	0.0	0.0	0.0	0.0	0.0	0.0	0.0	0.0	0.0	0.0	0.0	0.0	0.0	0.0	0.0	0.0	0.0	0.0	0.0	0.0	0.0	0.0	0.0	0.0	0.0	0.0	0.0	0.0	0.0	0.0	0.0	0.0	0.0	0.0	0.0	0.0	4.0	0.0	0.0	0.0	0.0	0.0	0.0	0.0	0.0	0.0	0.0	0.0	0.0	0.0	0.0	0.0	0.0	0.0	0.0	0.0	0.0	0.0	0.0	0.0	0.0	0.0	0.0	0.0	0.0
SRR9612353	0.0	238.0	16.0	6.0	292.0	27.0	0.0	0.0	9523.0	291.0	0.0	7.0	335.0	949.0	0.0	1600.0	0.0	13.0	0.0	9827.0	0.0	0.0	0.0	25.0	128.0	0.0	0.0	331.0	23.0	0.0	0.0	52.0	0.0	75.0	0.0	0.0	0.0	116.0	5.0	43.0	29.0	15.0	17.0	0.0	0.0	0.0	0.0	0.0	0.0	0.0	2.0	0.0	0.0	0.0	0.0	0.0	18.0	0.0	0.0	0.0	0.0	73.0	8.0	0.0	0.0	13.0	70.0	32.0	134.0	4.0	111.0	56.0	0.0	6.0	161.0	0.0	6.0	0.0	105.0	0.0	61.0	8.0	47.0	3.0	15.0	0.0	523.0	0.0	4.0	0.0	13.0	0.0	0.0	19.0	0.0	0.0	6.0	28.0	40.0	0.0	0.0	89.0	61.0	0.0	0.0	8.0	0.0	0.0	0.0	0.0	0.0	0.0	0.0	0.0	0.0	6.0	3.0	3.0	9.0	0.0	0.0	0.0	0.0	0.0	0.0	11.0	4.0	0.0	7.0	172.0	8.0	7.0	131.0	0.0	0.0	3.0	0.0	0.0	0.0	0.0	0.0	0.0	0.0	8.0	0.0	0.0	7.0	4.0	13.0	0.0	0.0	2.0	0.0	6.0	2.0	25.0	11.0	0.0	0.0	0.0	21.0	0.0	1253.0	2.0	2.0	0.0	0.0	0.0	0.0	0.0	0.0	0.0	0.0	5.0	0.0	9.0	0.0	0.0	0.0	0.0	0.0	0.0	0.0	22.0	0.0	0.0	36.0	0.0	10.0	0.0	0.0	12.0	0.0	0.0	0.0	0.0	1154.0	0.0	0.0	0.0	0.0	0.0	16.0	0.0	0.0	0.0	4.0	0.0	0.0	0.0	0.0	0.0	875.0	0.0	0.0	6.0	0.0	0.0	5.0	0.0	0.0	0.0	0.0	0.0	0.0	0.0	0.0	0.0	0.0	0.0	0.0	0.0	0.0	0.0	0.0	0.0	0.0	0.0	0.0	0.0	0.0	0.0	0.0	0.0	0.0	0.0	0.0	0.0	0.0	0.0	0.0	0.0	0.0	0.0	0.0	0.0	0.0	0.0	0.0	0.0	0.0	0.0	0.0	0.0	0.0	0.0	0.0	0.0	0.0	0.0	0.0	0.0	0.0	0.0	0.0	0.0	0.0	0.0	0.0	0.0	0.0	0.0	0.0	0.0	0.0	0.0	0.0	0.0	0.0	0.0	0.0	0.0	0.0	0.0	4.0	0.0	0.0	0.0	0.0	0.0	0.0	0.0	0.0	0.0	0.0	0.0	0.0	0.0	0.0	0.0	0.0	0.0	0.0	0.0	0.0	0.0	0.0	0.0	0.0	0.0	0.0	0.0	0.0	0.0	0.0	0.0
SRR9612354	0.0	719.0	10.0	0.0	1592.0	6.0	0.0	0.0	8917.0	282.0	0.0	4.0	698.0	2079.0	0.0	1331.0	0.0	3.0	0.0	7323.0	13.0	0.0	0.0	25.0	111.0	0.0	9.0	512.0	129.0	0.0	0.0	101.0	0.0	19.0	0.0	0.0	0.0	44.0	27.0	12.0	12.0	82.0	69.0	0.0	0.0	0.0	0.0	0.0	0.0	0.0	0.0	0.0	0.0	0.0	0.0	0.0	0.0	14.0	0.0	0.0	0.0	107.0	0.0	0.0	0.0	0.0	133.0	141.0	174.0	0.0	174.0	42.0	0.0	3.0	81.0	0.0	0.0	0.0	40.0	0.0	154.0	2.0	79.0	0.0	0.0	0.0	387.0	0.0	0.0	0.0	0.0	0.0	0.0	9.0	0.0	0.0	0.0	985.0	40.0	0.0	0.0	701.0	35.0	31.0	0.0	0.0	0.0	0.0	0.0	0.0	0.0	0.0	0.0	0.0	0.0	0.0	0.0	3.0	6.0	0.0	0.0	0.0	50.0	0.0	0.0	5.0	0.0	0.0	13.0	110.0	0.0	38.0	56.0	0.0	0.0	0.0	0.0	0.0	0.0	0.0	0.0	0.0	0.0	0.0	0.0	0.0	8.0	0.0	17.0	0.0	24.0	3.0	0.0	0.0	0.0	129.0	0.0	8.0	0.0	0.0	0.0	0.0	669.0	0.0	0.0	0.0	0.0	0.0	0.0	0.0	0.0	0.0	0.0	0.0	0.0	43.0	0.0	0.0	0.0	5.0	0.0	0.0	0.0	9.0	0.0	0.0	121.0	0.0	0.0	0.0	0.0	0.0	0.0	0.0	0.0	0.0	269.0	0.0	0.0	0.0	2.0	0.0	23.0	0.0	0.0	0.0	0.0	0.0	0.0	0.0	9.0	0.0	0.0	0.0	0.0	5.0	0.0	0.0	14.0	0.0	0.0	0.0	0.0	0.0	0.0	0.0	0.0	0.0	0.0	0.0	0.0	0.0	0.0	0.0	0.0	0.0	0.0	0.0	0.0	0.0	0.0	0.0	0.0	0.0	0.0	0.0	0.0	0.0	0.0	0.0	0.0	0.0	0.0	0.0	0.0	0.0	0.0	0.0	0.0	0.0	0.0	0.0	0.0	0.0	0.0	0.0	0.0	0.0	0.0	0.0	0.0	0.0	0.0	0.0	0.0	0.0	0.0	0.0	0.0	0.0	0.0	0.0	0.0	0.0	0.0	0.0	0.0	0.0	0.0	0.0	0.0	0.0	0.0	0.0	4.0	0.0	0.0	0.0	0.0	0.0	0.0	0.0	0.0	0.0	0.0	0.0	0.0	0.0	0.0	0.0	0.0	0.0	0.0	0.0	0.0	0.0	0.0	0.0	0.0	0.0	0.0	0.0	0.0	0.0	0.0	0.0
SRR9612355	0.0	128.0	20.0	0.0	229.0	5.0	0.0	0.0	6757.0	313.0	0.0	0.0	286.0	979.0	0.0	1932.0	0.0	0.0	14.0	12926.0	7.0	0.0	0.0	21.0	100.0	0.0	0.0	328.0	39.0	7.0	0.0	62.0	0.0	59.0	0.0	0.0	0.0	145.0	0.0	12.0	38.0	4.0	0.0	2.0	0.0	0.0	0.0	0.0	0.0	0.0	0.0	0.0	4.0	0.0	0.0	0.0	0.0	8.0	0.0	0.0	0.0	73.0	4.0	0.0	0.0	30.0	122.0	161.0	90.0	0.0	105.0	41.0	0.0	3.0	248.0	0.0	0.0	0.0	235.0	4.0	36.0	0.0	65.0	0.0	4.0	0.0	505.0	0.0	19.0	0.0	22.0	9.0	0.0	0.0	0.0	0.0	0.0	7.0	65.0	4.0	0.0	79.0	7.0	0.0	0.0	6.0	0.0	0.0	0.0	0.0	4.0	0.0	0.0	0.0	8.0	0.0	0.0	0.0	12.0	0.0	0.0	0.0	0.0	0.0	21.0	0.0	0.0	0.0	4.0	79.0	6.0	0.0	136.0	0.0	0.0	0.0	0.0	0.0	0.0	0.0	0.0	0.0	0.0	20.0	7.0	0.0	5.0	5.0	0.0	0.0	0.0	0.0	0.0	5.0	0.0	29.0	8.0	0.0	0.0	0.0	4.0	0.0	789.0	0.0	0.0	0.0	0.0	0.0	0.0	0.0	0.0	0.0	0.0	7.0	0.0	0.0	0.0	0.0	0.0	0.0	0.0	0.0	0.0	19.0	0.0	0.0	0.0	0.0	6.0	0.0	0.0	11.0	0.0	0.0	0.0	0.0	1108.0	0.0	0.0	0.0	8.0	0.0	0.0	0.0	0.0	0.0	0.0	0.0	0.0	0.0	0.0	0.0	1279.0	0.0	0.0	4.0	0.0	0.0	0.0	0.0	0.0	0.0	0.0	0.0	0.0	0.0	0.0	0.0	2.0	0.0	0.0	0.0	0.0	0.0	0.0	0.0	0.0	0.0	0.0	0.0	0.0	0.0	0.0	0.0	0.0	0.0	0.0	0.0	0.0	10.0	0.0	0.0	0.0	0.0	0.0	0.0	0.0	0.0	0.0	0.0	0.0	0.0	0.0	0.0	0.0	0.0	0.0	0.0	0.0	0.0	0.0	0.0	0.0	0.0	0.0	0.0	0.0	0.0	0.0	0.0	0.0	0.0	0.0	0.0	0.0	0.0	0.0	0.0	0.0	0.0	0.0	0.0	0.0	0.0	0.0	0.0	0.0	13.0	0.0	0.0	0.0	0.0	0.0	0.0	0.0	0.0	0.0	0.0	0.0	0.0	0.0	0.0	0.0	0.0	0.0	0.0	0.0	0.0	0.0	0.0	0.0	0.0	0.0	0.0	0.0	0.0
SRR9612356	0.0	220.0	1396.0	0.0	0.0	3172.0	134.0	0.0	2467.0	149.0	0.0	24.0	245.0	121.0	20.0	261.0	20.0	29.0	85.0	610.0	229.0	0.0	33.0	270.0	3032.0	5.0	3.0	0.0	0.0	29.0	0.0	49.0	0.0	0.0	0.0	0.0	0.0	70.0	6.0	0.0	59.0	269.0	0.0	40.0	19.0	0.0	4.0	0.0	24.0	20.0	18.0	0.0	0.0	0.0	0.0	0.0	107.0	82.0	14.0	192.0	24.0	103.0	273.0	0.0	0.0	0.0	0.0	0.0	127.0	5.0	167.0	651.0	56.0	16.0	122.0	40.0	113.0	0.0	0.0	40.0	0.0	105.0	506.0	0.0	6.0	12.0	204.0	5.0	0.0	118.0	17.0	0.0	0.0	132.0	39.0	17.0	0.0	5.0	214.0	0.0	4.0	87.0	58.0	0.0	0.0	264.0	0.0	0.0	0.0	0.0	44.0	5.0	3.0	2.0	0.0	0.0	0.0	0.0	65.0	0.0	0.0	0.0	0.0	0.0	181.0	527.0	0.0	161.0	244.0	22.0	0.0	41.0	0.0	0.0	0.0	0.0	0.0	0.0	0.0	0.0	0.0	7.0	0.0	0.0	6.0	9.0	399.0	7.0	68.0	0.0	41.0	46.0	0.0	0.0	9.0	51.0	26.0	59.0	30.0	0.0	131.0	0.0	0.0	8.0	0.0	0.0	0.0	4.0	0.0	11.0	16.0	0.0	0.0	95.0	0.0	0.0	0.0	0.0	0.0	0.0	1.0	0.0	0.0	0.0	0.0	0.0	150.0	0.0	26.0	0.0	11.0	0.0	0.0	0.0	0.0	0.0	0.0	0.0	3.0	3.0	0.0	0.0	15.0	0.0	9.0	19.0	0.0	0.0	0.0	0.0	27.0	0.0	0.0	0.0	0.0	0.0	7.0	0.0	57.0	0.0	0.0	0.0	0.0	0.0	0.0	5.0	0.0	0.0	40.0	0.0	2.0	0.0	16.0	0.0	0.0	0.0	0.0	0.0	0.0	0.0	0.0	0.0	0.0	0.0	0.0	0.0	0.0	0.0	0.0	0.0	0.0	0.0	0.0	0.0	0.0	0.0	16.0	0.0	0.0	0.0	0.0	0.0	0.0	0.0	0.0	0.0	0.0	0.0	0.0	0.0	0.0	0.0	0.0	0.0	0.0	0.0	0.0	0.0	0.0	0.0	0.0	0.0	0.0	0.0	0.0	0.0	0.0	0.0	0.0	0.0	0.0	0.0	0.0	0.0	34.0	0.0	0.0	0.0	0.0	0.0	0.0	0.0	0.0	0.0	0.0	0.0	0.0	0.0	0.0	0.0	0.0	0.0	0.0	0.0	0.0	0.0	0.0	0.0	0.0	0.0	0.0	0.0	0.0	0.0	0.0	0.0
SRR9612357	0.0	183.0	757.0	8.0	16.0	1798.0	91.0	19.0	2416.0	157.0	0.0	21.0	311.0	158.0	0.0	363.0	15.0	31.0	125.0	339.0	146.0	0.0	35.0	354.0	1567.0	25.0	13.0	0.0	0.0	14.0	19.0	48.0	0.0	0.0	0.0	0.0	5.0	46.0	35.0	35.0	79.0	453.0	2.0	13.0	9.0	0.0	0.0	0.0	27.0	0.0	17.0	2.0	0.0	0.0	0.0	0.0	77.0	110.0	38.0	254.0	46.0	230.0	179.0	0.0	0.0	0.0	0.0	35.0	110.0	0.0	252.0	255.0	59.0	28.0	22.0	38.0	59.0	0.0	0.0	23.0	2.0	90.0	299.0	0.0	8.0	0.0	97.0	8.0	0.0	110.0	0.0	0.0	0.0	162.0	24.0	29.0	0.0	1.0	168.0	0.0	0.0	67.0	51.0	0.0	0.0	95.0	0.0	0.0	0.0	0.0	32.0	0.0	2.0	57.0	0.0	0.0	0.0	0.0	92.0	0.0	11.0	0.0	0.0	0.0	80.0	383.0	10.0	128.0	160.0	126.0	0.0	61.0	0.0	6.0	11.0	4.0	0.0	0.0	0.0	0.0	4.0	17.0	0.0	2.0	0.0	17.0	242.0	57.0	47.0	0.0	72.0	70.0	0.0	0.0	0.0	91.0	9.0	55.0	45.0	0.0	90.0	0.0	14.0	0.0	0.0	0.0	0.0	0.0	0.0	11.0	32.0	0.0	0.0	60.0	0.0	5.0	0.0	12.0	0.0	0.0	4.0	0.0	0.0	35.0	0.0	2.0	114.0	0.0	11.0	0.0	12.0	0.0	0.0	0.0	0.0	0.0	0.0	0.0	0.0	0.0	0.0	0.0	10.0	0.0	33.0	56.0	0.0	0.0	0.0	0.0	8.0	0.0	0.0	0.0	2.0	0.0	74.0	5.0	76.0	0.0	0.0	0.0	0.0	0.0	0.0	12.0	0.0	0.0	57.0	0.0	0.0	0.0	12.0	10.0	0.0	0.0	0.0	0.0	0.0	0.0	0.0	0.0	2.0	0.0	0.0	0.0	0.0	0.0	0.0	0.0	0.0	0.0	0.0	0.0	0.0	0.0	7.0	4.0	0.0	0.0	0.0	0.0	0.0	0.0	0.0	0.0	0.0	0.0	0.0	0.0	0.0	0.0	0.0	0.0	0.0	0.0	0.0	0.0	0.0	0.0	0.0	0.0	0.0	0.0	0.0	0.0	0.0	0.0	0.0	0.0	0.0	0.0	0.0	0.0	14.0	0.0	0.0	0.0	0.0	0.0	0.0	0.0	0.0	0.0	0.0	0.0	0.0	0.0	0.0	0.0	0.0	0.0	0.0	0.0	0.0	0.0	0.0	0.0	0.0	0.0	0.0	0.0	0.0	0.0	0.0	0.0
SRR9612358	0.0	12.0	588.0	0.0	15.0	1887.0	73.0	4.0	1405.0	84.0	0.0	24.0	36.0	22.0	4.0	157.0	0.0	0.0	144.0	382.0	549.0	0.0	6.0	239.0	1519.0	0.0	36.0	0.0	0.0	7.0	14.0	38.0	0.0	2.0	0.0	0.0	0.0	0.0	5.0	15.0	31.0	353.0	5.0	198.0	29.0	0.0	0.0	0.0	39.0	0.0	22.0	0.0	0.0	0.0	0.0	0.0	90.0	70.0	17.0	151.0	20.0	210.0	238.0	0.0	0.0	0.0	0.0	30.0	76.0	0.0	148.0	397.0	40.0	0.0	51.0	46.0	67.0	0.0	0.0	235.0	0.0	40.0	414.0	0.0	6.0	5.0	58.0	8.0	0.0	14.0	23.0	0.0	0.0	131.0	29.0	18.0	0.0	21.0	117.0	0.0	0.0	0.0	42.0	0.0	0.0	132.0	0.0	4.0	0.0	0.0	20.0	0.0	0.0	20.0	0.0	0.0	0.0	4.0	86.0	24.0	3.0	0.0	0.0	0.0	110.0	566.0	0.0	8.0	197.0	0.0	0.0	18.0	0.0	0.0	0.0	0.0	0.0	0.0	0.0	0.0	6.0	13.0	0.0	0.0	0.0	11.0	45.0	34.0	26.0	0.0	9.0	66.0	0.0	0.0	2.0	9.0	46.0	38.0	14.0	0.0	57.0	0.0	0.0	0.0	5.0	0.0	0.0	3.0	0.0	53.0	6.0	0.0	35.0	66.0	0.0	0.0	0.0	6.0	0.0	0.0	0.0	0.0	0.0	6.0	0.0	0.0	96.0	0.0	32.0	0.0	14.0	0.0	0.0	0.0	0.0	0.0	0.0	0.0	0.0	0.0	5.0	0.0	0.0	0.0	15.0	13.0	0.0	0.0	0.0	0.0	21.0	0.0	0.0	0.0	0.0	0.0	0.0	0.0	9.0	0.0	0.0	0.0	0.0	0.0	0.0	0.0	2.0	2.0	64.0	6.0	0.0	0.0	13.0	5.0	0.0	0.0	0.0	0.0	0.0	0.0	0.0	0.0	0.0	6.0	0.0	0.0	0.0	0.0	7.0	0.0	0.0	0.0	0.0	0.0	0.0	0.0	13.0	0.0	0.0	0.0	0.0	0.0	0.0	0.0	0.0	0.0	0.0	0.0	0.0	0.0	0.0	0.0	0.0	0.0	0.0	0.0	0.0	0.0	0.0	0.0	0.0	0.0	0.0	0.0	0.0	0.0	0.0	0.0	0.0	0.0	0.0	0.0	0.0	0.0	13.0	0.0	0.0	0.0	0.0	0.0	0.0	0.0	0.0	0.0	0.0	0.0	0.0	0.0	0.0	0.0	0.0	0.0	0.0	0.0	0.0	0.0	0.0	0.0	0.0	0.0	0.0	0.0	0.0	0.0	0.0	0.0
SRR9612363	0.0	329.0	1743.0	0.0	0.0	2167.0	119.0	0.0	2148.0	172.0	0.0	12.0	263.0	120.0	8.0	322.0	19.0	38.0	215.0	386.0	348.0	0.0	87.0	284.0	2949.0	0.0	0.0	0.0	0.0	29.0	0.0	1.0	9.0	0.0	0.0	9.0	0.0	76.0	75.0	26.0	68.0	367.0	0.0	574.0	0.0	0.0	4.0	2.0	32.0	0.0	0.0	0.0	0.0	0.0	0.0	5.0	133.0	108.0	14.0	107.0	5.0	208.0	278.0	0.0	0.0	0.0	9.0	39.0	168.0	7.0	163.0	631.0	52.0	20.0	120.0	32.0	63.0	0.0	5.0	497.0	0.0	62.0	401.0	10.0	9.0	9.0	162.0	7.0	0.0	87.0	0.0	0.0	0.0	231.0	12.0	4.0	0.0	15.0	251.0	0.0	0.0	77.0	39.0	0.0	0.0	102.0	0.0	0.0	0.0	0.0	39.0	0.0	6.0	16.0	0.0	0.0	0.0	5.0	89.0	9.0	3.0	0.0	0.0	0.0	113.0	727.0	0.0	161.0	294.0	29.0	0.0	65.0	0.0	8.0	0.0	0.0	0.0	0.0	0.0	0.0	0.0	0.0	0.0	8.0	5.0	3.0	314.0	31.0	40.0	0.0	32.0	53.0	0.0	0.0	0.0	49.0	11.0	71.0	14.0	0.0	93.0	3.0	0.0	0.0	0.0	0.0	0.0	0.0	0.0	23.0	23.0	0.0	9.0	123.0	15.0	0.0	0.0	8.0	0.0	0.0	3.0	0.0	0.0	0.0	0.0	0.0	114.0	0.0	24.0	0.0	19.0	0.0	0.0	0.0	12.0	0.0	0.0	0.0	0.0	0.0	0.0	0.0	15.0	0.0	0.0	21.0	0.0	0.0	0.0	0.0	22.0	0.0	0.0	0.0	0.0	0.0	30.0	0.0	113.0	0.0	0.0	0.0	0.0	0.0	0.0	7.0	0.0	0.0	61.0	0.0	0.0	0.0	13.0	7.0	0.0	0.0	0.0	0.0	0.0	0.0	0.0	0.0	0.0	0.0	0.0	0.0	0.0	0.0	0.0	0.0	0.0	0.0	0.0	0.0	0.0	0.0	7.0	0.0	0.0	0.0	0.0	0.0	0.0	0.0	0.0	0.0	0.0	0.0	0.0	0.0	0.0	0.0	0.0	0.0	0.0	0.0	0.0	0.0	0.0	0.0	0.0	0.0	0.0	0.0	0.0	0.0	0.0	0.0	0.0	0.0	0.0	0.0	0.0	0.0	26.0	0.0	0.0	0.0	0.0	0.0	0.0	0.0	0.0	0.0	0.0	0.0	0.0	0.0	0.0	0.0	0.0	0.0	0.0	0.0	0.0	0.0	0.0	0.0	0.0	0.0	0.0	0.0	0.0	0.0	0.0	0.0
SRR9612364	0.0	71.0	681.0	34.0	110.0	1658.0	96.0	0.0	1920.0	112.0	0.0	8.0	345.0	66.0	14.0	268.0	18.0	31.0	150.0	327.0	294.0	0.0	29.0	175.0	1409.0	0.0	0.0	0.0	0.0	13.0	11.0	55.0	7.0	0.0	0.0	0.0	27.0	105.0	11.0	0.0	58.0	227.0	0.0	775.0	14.0	0.0	0.0	0.0	28.0	0.0	12.0	6.0	0.0	0.0	0.0	0.0	112.0	27.0	0.0	141.0	78.0	187.0	231.0	0.0	0.0	0.0	0.0	0.0	94.0	0.0	213.0	482.0	39.0	0.0	86.0	26.0	56.0	16.0	4.0	54.0	0.0	81.0	260.0	0.0	15.0	9.0	89.0	0.0	0.0	78.0	7.0	0.0	0.0	54.0	48.0	9.0	0.0	0.0	187.0	0.0	0.0	37.0	30.0	0.0	0.0	105.0	0.0	0.0	0.0	0.0	29.0	0.0	0.0	36.0	0.0	0.0	0.0	0.0	105.0	14.0	8.0	0.0	0.0	0.0	87.0	403.0	0.0	114.0	226.0	19.0	0.0	35.0	11.0	7.0	0.0	0.0	0.0	0.0	0.0	0.0	0.0	0.0	0.0	0.0	3.0	5.0	150.0	20.0	32.0	0.0	7.0	22.0	0.0	0.0	0.0	52.0	14.0	82.0	17.0	0.0	69.0	0.0	0.0	0.0	3.0	0.0	0.0	0.0	7.0	0.0	16.0	0.0	12.0	160.0	14.0	190.0	0.0	8.0	0.0	0.0	4.0	0.0	0.0	7.0	0.0	0.0	117.0	12.0	9.0	0.0	11.0	0.0	0.0	0.0	11.0	0.0	0.0	0.0	0.0	0.0	4.0	0.0	0.0	0.0	11.0	5.0	0.0	0.0	0.0	0.0	21.0	16.0	0.0	0.0	0.0	0.0	21.0	0.0	57.0	0.0	0.0	0.0	0.0	0.0	0.0	6.0	5.0	0.0	33.0	0.0	0.0	0.0	0.0	8.0	0.0	0.0	0.0	0.0	0.0	0.0	0.0	0.0	0.0	8.0	0.0	0.0	0.0	0.0	0.0	0.0	0.0	0.0	0.0	0.0	0.0	0.0	10.0	0.0	0.0	0.0	0.0	0.0	0.0	0.0	0.0	0.0	0.0	0.0	0.0	0.0	0.0	0.0	0.0	0.0	0.0	0.0	0.0	0.0	0.0	0.0	0.0	0.0	0.0	0.0	0.0	0.0	0.0	0.0	0.0	0.0	0.0	0.0	0.0	0.0	19.0	0.0	0.0	0.0	0.0	0.0	0.0	0.0	0.0	0.0	0.0	0.0	0.0	0.0	0.0	0.0	0.0	0.0	0.0	0.0	0.0	0.0	0.0	0.0	0.0	0.0	0.0	0.0	0.0	0.0	0.0	0.0
SRR9612365	0.0	226.0	1083.0	0.0	9.0	2434.0	98.0	14.0	1450.0	120.0	0.0	16.0	185.0	77.0	2.0	291.0	0.0	17.0	96.0	648.0	166.0	0.0	27.0	335.0	2502.0	0.0	0.0	0.0	10.0	17.0	0.0	175.0	0.0	0.0	0.0	0.0	0.0	45.0	0.0	30.0	81.0	272.0	11.0	46.0	12.0	0.0	3.0	0.0	3.0	0.0	0.0	4.0	0.0	0.0	0.0	0.0	80.0	32.0	16.0	151.0	14.0	104.0	238.0	0.0	0.0	0.0	10.0	31.0	121.0	0.0	69.0	393.0	11.0	11.0	77.0	9.0	53.0	0.0	0.0	8.0	0.0	101.0	351.0	1.0	0.0	6.0	119.0	0.0	0.0	91.0	6.0	0.0	0.0	110.0	23.0	11.0	0.0	6.0	156.0	0.0	0.0	114.0	55.0	0.0	0.0	101.0	0.0	0.0	0.0	0.0	45.0	0.0	0.0	62.0	11.0	0.0	0.0	0.0	67.0	0.0	0.0	0.0	0.0	0.0	87.0	494.0	0.0	145.0	149.0	37.0	0.0	10.0	0.0	0.0	0.0	0.0	0.0	0.0	0.0	0.0	0.0	0.0	0.0	0.0	0.0	5.0	252.0	6.0	43.0	0.0	60.0	52.0	0.0	0.0	0.0	53.0	15.0	89.0	10.0	0.0	83.0	0.0	21.0	0.0	0.0	0.0	0.0	0.0	7.0	51.0	0.0	0.0	0.0	156.0	0.0	5.0	0.0	0.0	0.0	0.0	10.0	0.0	0.0	0.0	0.0	0.0	75.0	0.0	30.0	0.0	11.0	0.0	0.0	0.0	0.0	0.0	0.0	0.0	0.0	0.0	3.0	0.0	0.0	0.0	0.0	19.0	0.0	0.0	0.0	0.0	14.0	0.0	0.0	0.0	0.0	0.0	58.0	0.0	79.0	0.0	0.0	0.0	0.0	0.0	0.0	6.0	0.0	0.0	54.0	0.0	0.0	0.0	0.0	7.0	0.0	0.0	0.0	0.0	0.0	0.0	0.0	0.0	0.0	0.0	0.0	0.0	0.0	0.0	0.0	0.0	0.0	0.0	0.0	0.0	0.0	0.0	21.0	5.0	0.0	0.0	0.0	0.0	0.0	0.0	0.0	0.0	0.0	0.0	0.0	0.0	0.0	0.0	0.0	0.0	0.0	0.0	0.0	0.0	0.0	0.0	0.0	0.0	0.0	0.0	0.0	0.0	0.0	0.0	0.0	0.0	0.0	0.0	0.0	0.0	10.0	0.0	0.0	0.0	0.0	0.0	0.0	0.0	0.0	0.0	0.0	0.0	0.0	0.0	0.0	0.0	0.0	0.0	0.0	0.0	0.0	0.0	0.0	0.0	0.0	0.0	0.0	0.0	0.0	0.0	0.0	0.0
SRR9612366	0.0	88.0	770.0	0.0	13.0	2192.0	99.0	42.0	3369.0	189.0	0.0	8.0	339.0	140.0	0.0	775.0	45.0	37.0	62.0	1423.0	132.0	0.0	9.0	313.0	2277.0	0.0	0.0	56.0	46.0	38.0	32.0	129.0	39.0	13.0	0.0	0.0	0.0	128.0	5.0	0.0	108.0	151.0	0.0	263.0	36.0	0.0	7.0	0.0	0.0	0.0	48.0	3.0	0.0	0.0	4.0	0.0	315.0	59.0	23.0	274.0	67.0	216.0	398.0	0.0	0.0	0.0	8.0	0.0	145.0	0.0	255.0	684.0	73.0	6.0	84.0	56.0	70.0	4.0	46.0	35.0	28.0	47.0	700.0	17.0	37.0	15.0	157.0	0.0	0.0	98.0	38.0	0.0	0.0	100.0	13.0	9.0	0.0	11.0	220.0	0.0	0.0	45.0	34.0	0.0	0.0	214.0	0.0	0.0	0.0	0.0	60.0	0.0	20.0	61.0	22.0	6.0	0.0	0.0	303.0	10.0	0.0	0.0	0.0	0.0	176.0	704.0	0.0	89.0	228.0	176.0	0.0	69.0	0.0	11.0	0.0	8.0	0.0	0.0	0.0	0.0	27.0	15.0	0.0	0.0	6.0	7.0	311.0	0.0	57.0	0.0	35.0	114.0	0.0	0.0	5.0	45.0	51.0	156.0	25.0	0.0	100.0	0.0	36.0	9.0	4.0	0.0	0.0	0.0	14.0	0.0	0.0	0.0	39.0	67.0	34.0	0.0	0.0	0.0	0.0	0.0	7.0	0.0	0.0	27.0	0.0	0.0	165.0	0.0	32.0	0.0	19.0	0.0	0.0	0.0	0.0	0.0	78.0	0.0	5.0	0.0	78.0	3.0	35.0	0.0	15.0	73.0	0.0	0.0	0.0	2.0	16.0	0.0	3.0	0.0	0.0	0.0	62.0	0.0	55.0	0.0	0.0	0.0	0.0	0.0	0.0	6.0	3.0	0.0	44.0	0.0	0.0	0.0	15.0	0.0	0.0	0.0	0.0	0.0	0.0	0.0	0.0	0.0	0.0	3.0	0.0	0.0	0.0	0.0	0.0	0.0	4.0	0.0	0.0	0.0	0.0	0.0	23.0	0.0	0.0	0.0	0.0	0.0	0.0	0.0	0.0	0.0	0.0	0.0	0.0	0.0	0.0	0.0	0.0	0.0	0.0	0.0	0.0	0.0	0.0	0.0	0.0	0.0	0.0	0.0	0.0	0.0	0.0	0.0	0.0	0.0	0.0	0.0	0.0	0.0	29.0	0.0	0.0	0.0	0.0	0.0	0.0	0.0	0.0	0.0	0.0	0.0	0.0	0.0	0.0	0.0	0.0	0.0	0.0	0.0	0.0	0.0	0.0	3.0	0.0	0.0	0.0	0.0	0.0	0.0	0.0	0.0
SRR9612367	0.0	201.0	1297.0	0.0	34.0	3343.0	173.0	19.0	4180.0	104.0	0.0	4.0	416.0	108.0	8.0	817.0	36.0	7.0	134.0	2276.0	73.0	0.0	31.0	482.0	2197.0	0.0	0.0	211.0	42.0	38.0	7.0	209.0	0.0	5.0	0.0	0.0	7.0	350.0	0.0	22.0	95.0	120.0	4.0	31.0	15.0	27.0	7.0	2.0	27.0	0.0	35.0	8.0	0.0	19.0	0.0	11.0	149.0	37.0	0.0	119.0	4.0	109.0	342.0	10.0	8.0	0.0	43.0	0.0	154.0	22.0	190.0	1248.0	125.0	4.0	189.0	30.0	120.0	0.0	65.0	20.0	13.0	63.0	933.0	34.0	44.0	14.0	166.0	0.0	0.0	116.0	44.0	0.0	0.0	82.0	0.0	11.0	0.0	19.0	293.0	5.0	0.0	62.0	70.0	0.0	0.0	495.0	1.0	3.0	0.0	0.0	78.0	0.0	14.0	45.0	29.0	0.0	5.0	6.0	47.0	14.0	17.0	0.0	0.0	0.0	351.0	598.0	0.0	163.0	151.0	9.0	0.0	32.0	9.0	0.0	0.0	0.0	0.0	0.0	0.0	0.0	87.0	0.0	6.0	7.0	0.0	33.0	430.0	12.0	75.0	2.0	98.0	48.0	4.0	12.0	3.0	42.0	243.0	125.0	38.0	0.0	132.0	0.0	23.0	8.0	19.0	0.0	9.0	0.0	11.0	30.0	20.0	0.0	0.0	138.0	75.0	0.0	0.0	12.0	0.0	0.0	18.0	0.0	0.0	23.0	9.0	2.0	192.0	0.0	22.0	0.0	0.0	0.0	0.0	0.0	0.0	7.0	186.0	0.0	0.0	0.0	149.0	0.0	11.0	0.0	14.0	32.0	0.0	0.0	0.0	0.0	20.0	0.0	0.0	0.0	0.0	0.0	97.0	8.0	36.0	0.0	0.0	0.0	0.0	0.0	0.0	0.0	6.0	0.0	26.0	19.0	0.0	0.0	0.0	4.0	0.0	0.0	0.0	0.0	0.0	0.0	0.0	0.0	0.0	0.0	0.0	0.0	0.0	0.0	0.0	11.0	0.0	0.0	0.0	0.0	19.0	0.0	30.0	0.0	0.0	0.0	14.0	0.0	4.0	0.0	0.0	0.0	0.0	0.0	0.0	0.0	0.0	0.0	0.0	0.0	0.0	0.0	0.0	0.0	0.0	0.0	0.0	0.0	0.0	0.0	0.0	0.0	2.0	0.0	0.0	0.0	0.0	0.0	0.0	0.0	31.0	0.0	0.0	0.0	0.0	0.0	0.0	0.0	0.0	0.0	0.0	0.0	0.0	0.0	0.0	0.0	0.0	0.0	0.0	0.0	0.0	0.0	0.0	0.0	0.0	0.0	0.0	0.0	0.0	0.0	0.0	0.0
SRR9612368	0.0	313.0	2248.0	7.0	128.0	4937.0	254.0	18.0	6567.0	216.0	0.0	27.0	834.0	156.0	16.0	766.0	65.0	25.0	116.0	3090.0	246.0	0.0	55.0	757.0	3097.0	0.0	0.0	100.0	54.0	41.0	40.0	325.0	12.0	11.0	53.0	0.0	16.0	316.0	18.0	46.0	141.0	391.0	43.0	28.0	25.0	0.0	4.0	13.0	6.0	30.0	50.0	11.0	0.0	14.0	0.0	0.0	301.0	102.0	24.0	221.0	50.0	194.0	590.0	0.0	23.0	19.0	100.0	107.0	233.0	11.0	328.0	1257.0	83.0	14.0	80.0	70.0	206.0	20.0	35.0	24.0	97.0	198.0	1253.0	28.0	55.0	45.0	280.0	11.0	0.0	197.0	99.0	0.0	0.0	205.0	30.0	25.0	7.0	0.0	224.0	4.0	0.0	81.0	102.0	2.0	0.0	231.0	0.0	0.0	0.0	6.0	120.0	0.0	4.0	97.0	30.0	0.0	21.0	3.0	178.0	0.0	27.0	0.0	0.0	0.0	271.0	1313.0	8.0	323.0	257.0	87.0	0.0	60.0	28.0	17.0	0.0	0.0	0.0	0.0	0.0	0.0	63.0	0.0	4.0	0.0	0.0	12.0	799.0	11.0	120.0	0.0	70.0	128.0	6.0	0.0	2.0	72.0	475.0	215.0	49.0	0.0	209.0	0.0	32.0	16.0	29.0	0.0	18.0	0.0	20.0	60.0	14.0	0.0	0.0	156.0	14.0	0.0	0.0	12.0	0.0	6.0	8.0	0.0	0.0	46.0	0.0	0.0	355.0	0.0	43.0	0.0	13.0	0.0	0.0	0.0	0.0	0.0	221.0	0.0	10.0	0.0	159.0	5.0	13.0	0.0	0.0	28.0	15.0	8.0	0.0	0.0	40.0	0.0	17.0	0.0	0.0	0.0	79.0	0.0	85.0	0.0	0.0	0.0	0.0	9.0	0.0	0.0	3.0	4.0	65.0	27.0	0.0	0.0	33.0	14.0	0.0	0.0	0.0	0.0	0.0	0.0	0.0	0.0	0.0	0.0	0.0	0.0	0.0	0.0	0.0	5.0	0.0	0.0	0.0	0.0	23.0	10.0	57.0	0.0	4.0	0.0	4.0	0.0	0.0	0.0	0.0	0.0	0.0	0.0	0.0	0.0	4.0	0.0	0.0	11.0	0.0	0.0	0.0	0.0	0.0	0.0	0.0	0.0	0.0	0.0	0.0	0.0	0.0	0.0	0.0	0.0	0.0	0.0	0.0	0.0	33.0	4.0	0.0	0.0	0.0	0.0	0.0	0.0	0.0	0.0	0.0	0.0	0.0	0.0	0.0	0.0	0.0	0.0	0.0	0.0	0.0	0.0	0.0	0.0	0.0	0.0	0.0	0.0	0.0	0.0	0.0	0.0
SRR9612369	0.0	340.0	1974.0	20.0	283.0	5042.0	242.0	76.0	7267.0	403.0	0.0	74.0	685.0	281.0	31.0	2411.0	69.0	44.0	295.0	2852.0	217.0	0.0	100.0	806.0	4251.0	5.0	25.0	194.0	41.0	58.0	90.0	265.0	18.0	22.0	33.0	14.0	8.0	482.0	87.0	25.0	105.0	606.0	10.0	45.0	70.0	35.0	4.0	0.0	4.0	29.0	54.0	12.0	0.0	0.0	8.0	16.0	515.0	205.0	19.0	508.0	148.0	500.0	857.0	0.0	15.0	0.0	119.0	97.0	385.0	29.0	578.0	1525.0	201.0	29.0	181.0	77.0	280.0	16.0	133.0	159.0	141.0	193.0	1138.0	25.0	49.0	21.0	351.0	8.0	0.0	214.0	58.0	0.0	0.0	328.0	63.0	17.0	7.0	58.0	391.0	4.0	0.0	762.0	162.0	0.0	4.0	534.0	11.0	0.0	4.0	10.0	103.0	0.0	6.0	126.0	25.0	0.0	22.0	0.0	385.0	24.0	13.0	10.0	20.0	0.0	291.0	1369.0	23.0	239.0	289.0	221.0	0.0	121.0	9.0	6.0	0.0	10.0	12.0	0.0	0.0	0.0	50.0	0.0	0.0	0.0	6.0	7.0	652.0	50.0	186.0	0.0	131.0	160.0	5.0	4.0	7.0	127.0	165.0	266.0	68.0	0.0	145.0	0.0	28.0	17.0	24.0	0.0	0.0	5.0	0.0	11.0	53.0	0.0	0.0	203.0	55.0	0.0	0.0	13.0	0.0	0.0	29.0	4.0	0.0	119.0	9.0	10.0	351.0	0.0	49.0	0.0	23.0	0.0	0.0	0.0	19.0	0.0	162.0	0.0	18.0	0.0	101.0	0.0	70.0	0.0	45.0	100.0	13.0	11.0	0.0	2.0	37.0	0.0	34.0	0.0	17.0	0.0	86.0	0.0	60.0	0.0	0.0	0.0	0.0	0.0	0.0	41.0	0.0	0.0	72.0	10.0	0.0	13.0	28.0	11.0	0.0	0.0	0.0	0.0	0.0	0.0	0.0	0.0	0.0	8.0	0.0	0.0	0.0	0.0	0.0	9.0	8.0	0.0	0.0	0.0	0.0	0.0	52.0	0.0	0.0	0.0	10.0	0.0	0.0	0.0	0.0	0.0	0.0	0.0	0.0	0.0	0.0	0.0	0.0	0.0	0.0	0.0	0.0	0.0	0.0	0.0	0.0	0.0	0.0	0.0	0.0	0.0	0.0	0.0	0.0	0.0	0.0	0.0	0.0	0.0	43.0	0.0	0.0	0.0	0.0	0.0	0.0	0.0	0.0	0.0	0.0	0.0	0.0	2.0	0.0	0.0	0.0	0.0	0.0	0.0	0.0	0.0	0.0	0.0	0.0	0.0	0.0	0.0	0.0	0.0	0.0	0.0
SRR9612370	0.0	107.0	1069.0	0.0	80.0	2445.0	115.0	19.0	3277.0	191.0	0.0	19.0	296.0	214.0	3.0	517.0	27.0	11.0	137.0	800.0	165.0	0.0	35.0	350.0	2253.0	0.0	7.0	55.0	18.0	18.0	0.0	57.0	9.0	6.0	0.0	10.0	0.0	129.0	24.0	0.0	99.0	407.0	23.0	95.0	34.0	0.0	0.0	0.0	14.0	0.0	25.0	0.0	0.0	0.0	3.0	0.0	168.0	49.0	23.0	180.0	57.0	241.0	288.0	0.0	15.0	18.0	30.0	37.0	380.0	15.0	319.0	663.0	24.0	16.0	73.0	24.0	98.0	0.0	24.0	61.0	21.0	84.0	419.0	5.0	15.0	6.0	155.0	4.0	0.0	67.0	10.0	0.0	0.0	135.0	41.0	0.0	0.0	14.0	196.0	0.0	0.0	90.0	75.0	4.0	4.0	191.0	0.0	0.0	0.0	0.0	30.0	0.0	0.0	48.0	0.0	0.0	6.0	0.0	114.0	0.0	0.0	0.0	0.0	0.0	85.0	903.0	0.0	145.0	272.0	132.0	0.0	71.0	0.0	6.0	0.0	0.0	1.0	0.0	0.0	0.0	35.0	0.0	0.0	0.0	0.0	4.0	263.0	0.0	43.0	0.0	45.0	83.0	0.0	0.0	2.0	64.0	26.0	107.0	12.0	0.0	108.0	0.0	28.0	0.0	10.0	0.0	0.0	3.0	0.0	0.0	5.0	0.0	12.0	81.0	0.0	0.0	0.0	0.0	0.0	0.0	21.0	0.0	0.0	25.0	0.0	0.0	190.0	0.0	38.0	0.0	0.0	0.0	0.0	0.0	14.0	0.0	24.0	0.0	0.0	0.0	0.0	0.0	12.0	0.0	18.0	0.0	10.0	0.0	0.0	0.0	16.0	0.0	2.0	0.0	0.0	0.0	55.0	0.0	54.0	0.0	0.0	0.0	0.0	0.0	0.0	12.0	2.0	0.0	41.0	0.0	0.0	0.0	25.0	5.0	0.0	0.0	0.0	0.0	0.0	0.0	0.0	0.0	0.0	0.0	0.0	0.0	0.0	0.0	0.0	0.0	0.0	0.0	0.0	0.0	10.0	0.0	22.0	0.0	0.0	0.0	0.0	0.0	3.0	0.0	0.0	0.0	0.0	0.0	0.0	0.0	0.0	0.0	0.0	0.0	0.0	0.0	0.0	0.0	0.0	0.0	0.0	0.0	0.0	0.0	0.0	0.0	0.0	0.0	0.0	0.0	0.0	0.0	0.0	0.0	27.0	0.0	0.0	0.0	0.0	0.0	0.0	0.0	0.0	0.0	0.0	0.0	0.0	0.0	0.0	0.0	0.0	0.0	0.0	0.0	0.0	0.0	0.0	0.0	0.0	0.0	0.0	0.0	0.0	0.0	0.0	0.0
SRR9612371	0.0	468.0	4462.0	0.0	171.0	5332.0	315.0	19.0	5678.0	184.0	0.0	8.0	705.0	206.0	8.0	1419.0	75.0	60.0	232.0	3771.0	235.0	0.0	136.0	902.0	5953.0	0.0	0.0	185.0	53.0	42.0	0.0	350.0	5.0	17.0	70.0	7.0	10.0	666.0	8.0	21.0	144.0	197.0	33.0	0.0	34.0	11.0	24.0	7.0	0.0	0.0	62.0	17.0	0.0	36.0	0.0	10.0	446.0	57.0	22.0	150.0	22.0	69.0	868.0	17.0	44.0	35.0	96.0	69.0	252.0	11.0	264.0	1981.0	168.0	22.0	364.0	49.0	410.0	0.0	112.0	11.0	52.0	149.0	1415.0	32.0	88.0	19.0	220.0	11.0	0.0	234.0	104.0	0.0	0.0	106.0	49.0	22.0	6.0	12.0	589.0	10.0	22.0	213.0	107.0	0.0	0.0	418.0	0.0	0.0	0.0	0.0	123.0	0.0	0.0	55.0	38.0	24.0	30.0	0.0	132.0	23.0	18.0	0.0	0.0	0.0	396.0	1254.0	14.0	393.0	465.0	0.0	0.0	61.0	54.0	0.0	0.0	0.0	0.0	0.0	0.0	3.0	140.0	0.0	7.0	4.0	10.0	26.0	792.0	7.0	163.0	0.0	84.0	93.0	0.0	15.0	2.0	79.0	560.0	224.0	0.0	0.0	321.0	0.0	31.0	19.0	33.0	0.0	30.0	3.0	21.0	43.0	27.0	0.0	0.0	414.0	150.0	0.0	0.0	0.0	0.0	0.0	50.0	6.0	0.0	22.0	16.0	8.0	335.0	0.0	62.0	0.0	13.0	15.0	0.0	0.0	0.0	10.0	457.0	0.0	3.0	2.0	104.0	0.0	15.0	0.0	0.0	17.0	22.0	0.0	0.0	0.0	58.0	0.0	0.0	0.0	0.0	0.0	68.0	0.0	124.0	0.0	0.0	2.0	0.0	0.0	0.0	19.0	3.0	8.0	64.0	54.0	0.0	0.0	45.0	20.0	0.0	0.0	0.0	0.0	0.0	0.0	0.0	0.0	0.0	0.0	0.0	0.0	0.0	0.0	0.0	10.0	0.0	0.0	0.0	0.0	25.0	32.0	39.0	4.0	14.0	0.0	0.0	3.0	0.0	0.0	0.0	0.0	0.0	0.0	0.0	0.0	0.0	0.0	0.0	0.0	0.0	0.0	0.0	0.0	0.0	0.0	0.0	6.0	0.0	0.0	0.0	0.0	0.0	0.0	0.0	0.0	0.0	0.0	0.0	0.0	69.0	1.0	0.0	4.0	0.0	0.0	0.0	0.0	0.0	0.0	0.0	0.0	0.0	0.0	0.0	0.0	0.0	0.0	0.0	0.0	0.0	0.0	0.0	0.0	0.0	0.0	0.0	0.0	0.0	0.0	0.0	0.0
SRR9612372	0.0	611.0	116.0	13.0	255.0	22.0	9.0	86.0	10866.0	484.0	0.0	18.0	462.0	2257.0	0.0	1822.0	9.0	194.0	35.0	12689.0	493.0	0.0	43.0	109.0	167.0	0.0	0.0	874.0	29.0	10.0	0.0	86.0	11.0	20.0	0.0	32.0	0.0	147.0	358.0	47.0	27.0	1396.0	49.0	0.0	0.0	0.0	2.0	0.0	0.0	0.0	0.0	0.0	0.0	0.0	5.0	0.0	5.0	47.0	0.0	63.0	99.0	1118.0	0.0	0.0	0.0	42.0	117.0	21.0	222.0	7.0	1178.0	15.0	2.0	165.0	161.0	35.0	0.0	0.0	138.0	26.0	88.0	0.0	37.0	5.0	0.0	0.0	1396.0	0.0	0.0	0.0	0.0	0.0	0.0	158.0	2.0	41.0	0.0	51.0	49.0	0.0	2.0	1575.0	565.0	2.0	0.0	0.0	0.0	0.0	0.0	0.0	0.0	0.0	9.0	52.0	10.0	12.0	0.0	0.0	16.0	4.0	7.0	0.0	0.0	0.0	23.0	0.0	0.0	0.0	10.0	1122.0	0.0	235.0	258.0	0.0	3.0	9.0	16.0	0.0	0.0	0.0	6.0	0.0	0.0	6.0	0.0	0.0	26.0	4.0	11.0	0.0	188.0	0.0	2.0	0.0	0.0	236.0	0.0	6.0	0.0	0.0	13.0	0.0	138.0	0.0	0.0	0.0	0.0	0.0	0.0	0.0	0.0	0.0	14.0	14.0	0.0	0.0	0.0	0.0	0.0	10.0	0.0	3.0	0.0	63.0	0.0	7.0	555.0	0.0	21.0	0.0	0.0	0.0	0.0	0.0	204.0	0.0	179.0	0.0	0.0	0.0	0.0	0.0	24.0	0.0	30.0	0.0	0.0	0.0	0.0	0.0	0.0	0.0	61.0	0.0	0.0	4.0	0.0	0.0	12.0	0.0	0.0	0.0	0.0	0.0	0.0	0.0	0.0	0.0	0.0	0.0	0.0	0.0	51.0	0.0	0.0	3.0	0.0	0.0	0.0	0.0	0.0	0.0	0.0	0.0	0.0	0.0	0.0	0.0	0.0	0.0	0.0	0.0	13.0	0.0	0.0	0.0	0.0	0.0	0.0	0.0	0.0	0.0	0.0	0.0	0.0	0.0	0.0	0.0	0.0	0.0	0.0	0.0	0.0	0.0	0.0	0.0	0.0	0.0	0.0	0.0	0.0	0.0	0.0	3.0	0.0	0.0	0.0	0.0	0.0	0.0	0.0	0.0	0.0	0.0	0.0	0.0	7.0	0.0	0.0	0.0	0.0	0.0	0.0	0.0	0.0	0.0	0.0	0.0	0.0	0.0	0.0	0.0	0.0	0.0	0.0	0.0	0.0	0.0	0.0	0.0	0.0	0.0	0.0	0.0	0.0	0.0
SRR9612373	0.0	385.0	7.0	0.0	16.0	43.0	0.0	0.0	5161.0	259.0	0.0	11.0	1449.0	745.0	5.0	785.0	0.0	0.0	22.0	7580.0	36.0	0.0	3.0	23.0	100.0	0.0	0.0	389.0	0.0	0.0	0.0	19.0	0.0	35.0	0.0	6.0	0.0	0.0	60.0	7.0	11.0	231.0	0.0	0.0	0.0	0.0	0.0	0.0	0.0	0.0	0.0	0.0	0.0	0.0	0.0	0.0	6.0	15.0	0.0	0.0	0.0	473.0	6.0	0.0	0.0	0.0	116.0	0.0	107.0	0.0	110.0	48.0	0.0	11.0	36.0	3.0	4.0	0.0	31.0	28.0	277.0	10.0	17.0	0.0	5.0	4.0	567.0	0.0	0.0	5.0	0.0	0.0	0.0	67.0	0.0	0.0	0.0	12.0	32.0	0.0	0.0	864.0	74.0	0.0	0.0	11.0	0.0	0.0	0.0	0.0	0.0	0.0	0.0	13.0	8.0	0.0	0.0	0.0	0.0	6.0	0.0	0.0	0.0	0.0	0.0	19.0	0.0	0.0	14.0	326.0	0.0	21.0	20.0	0.0	0.0	7.0	0.0	0.0	20.0	0.0	0.0	0.0	0.0	0.0	0.0	0.0	0.0	0.0	32.0	0.0	36.0	0.0	0.0	0.0	0.0	67.0	0.0	0.0	2.0	0.0	22.0	0.0	149.0	0.0	0.0	0.0	0.0	0.0	0.0	6.0	0.0	0.0	0.0	8.0	0.0	0.0	0.0	0.0	0.0	0.0	0.0	0.0	0.0	25.0	0.0	0.0	12.0	0.0	0.0	0.0	0.0	0.0	0.0	0.0	2.0	0.0	26.0	0.0	6.0	0.0	0.0	0.0	5.0	0.0	0.0	0.0	0.0	59.0	0.0	0.0	0.0	0.0	30.0	0.0	0.0	0.0	0.0	0.0	4.0	0.0	0.0	0.0	0.0	0.0	0.0	0.0	0.0	0.0	0.0	0.0	0.0	0.0	0.0	0.0	0.0	0.0	0.0	0.0	0.0	0.0	0.0	0.0	0.0	0.0	0.0	0.0	0.0	0.0	0.0	0.0	0.0	0.0	0.0	0.0	0.0	0.0	0.0	0.0	0.0	0.0	0.0	0.0	0.0	0.0	0.0	0.0	0.0	0.0	0.0	0.0	0.0	0.0	0.0	0.0	0.0	0.0	0.0	0.0	0.0	0.0	0.0	0.0	0.0	0.0	0.0	0.0	0.0	0.0	0.0	0.0	0.0	0.0	0.0	0.0	0.0	0.0	0.0	0.0	0.0	0.0	0.0	0.0	0.0	0.0	0.0	0.0	0.0	0.0	0.0	0.0	0.0	0.0	0.0	0.0	0.0	0.0	0.0	0.0	0.0	0.0	0.0	0.0	0.0	0.0	0.0	0.0
SRR9612374	0.0	2173.0	6.0	0.0	0.0	23.0	0.0	4.0	4703.0	471.0	0.0	12.0	994.0	600.0	0.0	838.0	0.0	4.0	3.0	98.0	42.0	0.0	2.0	10.0	180.0	0.0	0.0	32.0	0.0	0.0	0.0	10.0	0.0	0.0	0.0	0.0	0.0	12.0	31.0	0.0	0.0	225.0	0.0	0.0	0.0	0.0	0.0	0.0	0.0	0.0	0.0	0.0	0.0	0.0	0.0	0.0	0.0	30.0	0.0	0.0	32.0	260.0	0.0	0.0	0.0	0.0	0.0	0.0	14.0	0.0	557.0	0.0	0.0	17.0	0.0	0.0	0.0	0.0	0.0	0.0	0.0	11.0	15.0	0.0	0.0	0.0	643.0	0.0	0.0	0.0	0.0	0.0	0.0	47.0	0.0	0.0	0.0	7.0	12.0	0.0	0.0	9698.0	734.0	0.0	0.0	0.0	0.0	0.0	0.0	0.0	0.0	0.0	0.0	24.0	19.0	0.0	0.0	0.0	10.0	18.0	0.0	0.0	0.0	0.0	0.0	0.0	0.0	0.0	13.0	293.0	0.0	72.0	0.0	0.0	0.0	157.0	0.0	0.0	56.0	0.0	0.0	0.0	0.0	0.0	3.0	4.0	36.0	0.0	67.0	0.0	700.0	0.0	0.0	0.0	0.0	433.0	0.0	8.0	0.0	14.0	0.0	0.0	376.0	0.0	0.0	0.0	0.0	0.0	0.0	56.0	0.0	0.0	0.0	6.0	0.0	0.0	0.0	0.0	0.0	0.0	0.0	0.0	0.0	110.0	0.0	0.0	0.0	0.0	0.0	0.0	0.0	0.0	0.0	0.0	0.0	0.0	0.0	0.0	0.0	0.0	0.0	0.0	23.0	0.0	0.0	0.0	0.0	0.0	0.0	0.0	0.0	0.0	0.0	0.0	0.0	0.0	0.0	0.0	58.0	0.0	0.0	0.0	0.0	0.0	0.0	0.0	0.0	0.0	0.0	0.0	0.0	0.0	0.0	0.0	0.0	0.0	0.0	0.0	0.0	0.0	0.0	0.0	0.0	0.0	0.0	0.0	0.0	0.0	0.0	0.0	0.0	0.0	0.0	0.0	0.0	0.0	0.0	0.0	0.0	0.0	0.0	0.0	0.0	0.0	0.0	0.0	0.0	0.0	0.0	0.0	0.0	0.0	0.0	0.0	0.0	0.0	0.0	0.0	0.0	0.0	0.0	0.0	0.0	0.0	0.0	0.0	0.0	0.0	0.0	0.0	0.0	0.0	0.0	0.0	0.0	0.0	0.0	0.0	0.0	0.0	0.0	0.0	0.0	0.0	0.0	0.0	0.0	0.0	0.0	0.0	0.0	0.0	0.0	0.0	0.0	0.0	0.0	0.0	0.0	0.0	0.0	0.0	0.0	0.0	0.0	0.0
SRR9612375	0.0	288.0	79.0	3.0	80.0	94.0	0.0	0.0	15033.0	631.0	0.0	66.0	477.0	629.0	0.0	1746.0	5.0	0.0	12.0	7295.0	159.0	0.0	0.0	39.0	238.0	0.0	0.0	320.0	39.0	0.0	0.0	424.0	0.0	167.0	0.0	0.0	0.0	71.0	35.0	43.0	8.0	31.0	11.0	12.0	2.0	0.0	2.0	0.0	0.0	0.0	16.0	0.0	3.0	0.0	0.0	0.0	11.0	62.0	0.0	25.0	31.0	981.0	5.0	0.0	0.0	11.0	45.0	0.0	219.0	4.0	239.0	27.0	7.0	13.0	104.0	3.0	3.0	0.0	29.0	37.0	897.0	0.0	37.0	0.0	2.0	0.0	631.0	0.0	0.0	8.0	0.0	0.0	0.0	32.0	0.0	0.0	0.0	0.0	76.0	0.0	0.0	98.0	51.0	0.0	0.0	8.0	0.0	0.0	0.0	0.0	0.0	0.0	0.0	0.0	5.0	9.0	7.0	0.0	25.0	0.0	17.0	0.0	0.0	0.0	4.0	51.0	0.0	11.0	24.0	281.0	0.0	47.0	246.0	0.0	0.0	0.0	0.0	0.0	0.0	0.0	0.0	0.0	0.0	0.0	2.0	0.0	12.0	11.0	9.0	0.0	440.0	6.0	0.0	0.0	0.0	80.0	0.0	8.0	0.0	0.0	0.0	0.0	1159.0	0.0	0.0	0.0	0.0	0.0	0.0	0.0	0.0	0.0	0.0	18.0	0.0	0.0	0.0	0.0	0.0	49.0	0.0	0.0	0.0	35.0	0.0	0.0	28.0	0.0	12.0	0.0	0.0	0.0	0.0	0.0	0.0	0.0	1315.0	0.0	0.0	0.0	5.0	0.0	16.0	0.0	5.0	0.0	0.0	2.0	0.0	0.0	0.0	0.0	193.0	0.0	0.0	0.0	0.0	3.0	23.0	0.0	0.0	0.0	0.0	0.0	0.0	0.0	0.0	6.0	0.0	0.0	0.0	0.0	0.0	0.0	0.0	0.0	0.0	0.0	0.0	0.0	0.0	0.0	0.0	0.0	0.0	0.0	0.0	0.0	0.0	0.0	0.0	0.0	0.0	0.0	0.0	0.0	0.0	0.0	0.0	0.0	0.0	0.0	0.0	0.0	0.0	0.0	0.0	0.0	0.0	0.0	0.0	0.0	0.0	0.0	0.0	0.0	0.0	0.0	0.0	0.0	0.0	0.0	0.0	0.0	0.0	0.0	0.0	0.0	0.0	0.0	0.0	0.0	0.0	0.0	0.0	0.0	0.0	0.0	0.0	0.0	0.0	0.0	0.0	0.0	0.0	0.0	0.0	0.0	0.0	0.0	0.0	0.0	0.0	0.0	0.0	0.0	0.0	3.0	0.0	0.0	0.0	0.0	0.0	0.0	0.0	0.0
SRR9612376	0.0	402.0	22.0	0.0	194.0	8.0	14.0	15.0	5642.0	734.0	0.0	8.0	339.0	548.0	0.0	1577.0	0.0	54.0	9.0	6827.0	177.0	0.0	19.0	22.0	189.0	0.0	0.0	560.0	8.0	12.0	6.0	97.0	0.0	72.0	0.0	10.0	0.0	29.0	37.0	13.0	24.0	290.0	52.0	0.0	12.0	0.0	0.0	0.0	0.0	0.0	0.0	0.0	0.0	0.0	0.0	0.0	0.0	41.0	0.0	5.0	101.0	265.0	0.0	0.0	0.0	0.0	27.0	0.0	184.0	0.0	236.0	6.0	0.0	55.0	87.0	3.0	0.0	0.0	44.0	27.0	229.0	3.0	24.0	4.0	0.0	0.0	899.0	0.0	0.0	0.0	0.0	0.0	0.0	57.0	0.0	0.0	0.0	17.0	30.0	0.0	0.0	394.0	107.0	4.0	0.0	4.0	0.0	0.0	0.0	0.0	0.0	0.0	9.0	47.0	2.0	0.0	4.0	0.0	97.0	10.0	0.0	0.0	0.0	0.0	0.0	0.0	5.0	0.0	14.0	1135.0	0.0	86.0	905.0	0.0	12.0	0.0	0.0	0.0	0.0	0.0	0.0	0.0	0.0	2.0	0.0	0.0	15.0	10.0	0.0	0.0	26.0	3.0	0.0	0.0	0.0	511.0	0.0	23.0	3.0	0.0	5.0	0.0	371.0	0.0	0.0	0.0	0.0	0.0	0.0	0.0	0.0	0.0	0.0	9.0	0.0	5.0	0.0	0.0	2.0	0.0	0.0	0.0	0.0	408.0	0.0	4.0	25.0	0.0	5.0	0.0	0.0	0.0	0.0	0.0	13.0	0.0	1541.0	0.0	0.0	0.0	3.0	0.0	7.0	0.0	12.0	0.0	0.0	3.0	0.0	0.0	0.0	16.0	224.0	0.0	0.0	0.0	0.0	0.0	11.0	0.0	0.0	0.0	0.0	0.0	0.0	0.0	0.0	22.0	0.0	0.0	0.0	0.0	0.0	0.0	0.0	0.0	0.0	0.0	0.0	0.0	0.0	0.0	0.0	0.0	0.0	0.0	0.0	0.0	0.0	3.0	0.0	0.0	0.0	0.0	0.0	0.0	0.0	0.0	0.0	0.0	0.0	0.0	0.0	0.0	0.0	0.0	0.0	0.0	0.0	0.0	0.0	0.0	0.0	0.0	0.0	0.0	0.0	0.0	0.0	0.0	0.0	0.0	0.0	0.0	0.0	0.0	0.0	0.0	0.0	0.0	0.0	0.0	0.0	0.0	0.0	0.0	0.0	0.0	0.0	0.0	0.0	0.0	0.0	0.0	0.0	0.0	0.0	0.0	0.0	0.0	0.0	0.0	0.0	0.0	0.0	2.0	0.0	0.0	0.0	0.0	0.0	0.0	0.0	0.0	0.0	0.0
SRR9612377	0.0	1155.0	36.0	0.0	135.0	31.0	0.0	0.0	5905.0	641.0	0.0	33.0	882.0	532.0	0.0	1051.0	6.0	5.0	12.0	1363.0	46.0	0.0	2.0	13.0	327.0	0.0	0.0	155.0	10.0	0.0	0.0	34.0	0.0	30.0	0.0	5.0	0.0	35.0	80.0	9.0	26.0	138.0	21.0	4.0	0.0	0.0	0.0	0.0	0.0	0.0	0.0	0.0	0.0	0.0	0.0	0.0	0.0	26.0	0.0	10.0	25.0	190.0	8.0	0.0	0.0	0.0	13.0	0.0	224.0	0.0	239.0	8.0	0.0	31.0	58.0	0.0	7.0	0.0	17.0	28.0	301.0	8.0	27.0	0.0	4.0	0.0	628.0	0.0	0.0	0.0	0.0	0.0	0.0	109.0	0.0	0.0	0.0	0.0	43.0	0.0	0.0	776.0	136.0	0.0	0.0	0.0	0.0	0.0	0.0	0.0	0.0	0.0	0.0	11.0	31.0	0.0	3.0	0.0	16.0	0.0	0.0	0.0	0.0	0.0	0.0	0.0	4.0	0.0	40.0	815.0	0.0	84.0	12.0	0.0	0.0	0.0	7.0	0.0	28.0	0.0	0.0	3.0	0.0	0.0	0.0	0.0	34.0	0.0	38.0	0.0	64.0	0.0	0.0	0.0	0.0	281.0	0.0	20.0	0.0	0.0	6.0	0.0	410.0	0.0	0.0	0.0	0.0	0.0	0.0	28.0	0.0	0.0	0.0	9.0	0.0	0.0	0.0	0.0	0.0	0.0	0.0	0.0	0.0	37.0	0.0	0.0	332.0	0.0	0.0	0.0	0.0	0.0	0.0	0.0	0.0	0.0	0.0	0.0	0.0	0.0	0.0	0.0	33.0	0.0	12.0	7.0	0.0	0.0	0.0	0.0	0.0	4.0	0.0	0.0	0.0	0.0	0.0	0.0	87.0	0.0	0.0	0.0	0.0	0.0	0.0	0.0	0.0	2.0	0.0	0.0	0.0	0.0	0.0	0.0	0.0	0.0	0.0	0.0	0.0	0.0	0.0	0.0	0.0	0.0	0.0	0.0	0.0	0.0	0.0	0.0	0.0	0.0	0.0	0.0	0.0	0.0	0.0	0.0	0.0	0.0	0.0	0.0	0.0	0.0	0.0	0.0	0.0	0.0	0.0	0.0	0.0	0.0	0.0	0.0	0.0	0.0	0.0	0.0	0.0	0.0	0.0	0.0	0.0	0.0	0.0	0.0	0.0	0.0	0.0	0.0	0.0	0.0	0.0	0.0	0.0	0.0	0.0	0.0	0.0	0.0	0.0	0.0	0.0	0.0	0.0	0.0	0.0	0.0	0.0	0.0	0.0	0.0	0.0	0.0	0.0	0.0	0.0	0.0	0.0	0.0	0.0	0.0	0.0	0.0	0.0	0.0
SRR9612378	0.0	4017.0	31.0	6.0	45.0	79.0	5.0	0.0	4856.0	1175.0	6.0	8.0	2310.0	888.0	0.0	3273.0	6.0	19.0	28.0	1332.0	42.0	0.0	11.0	3.0	641.0	0.0	5.0	157.0	0.0	12.0	0.0	12.0	0.0	27.0	0.0	0.0	0.0	61.0	16.0	14.0	0.0	266.0	0.0	0.0	0.0	0.0	0.0	0.0	0.0	0.0	0.0	0.0	0.0	0.0	0.0	0.0	0.0	401.0	0.0	0.0	0.0	434.0	8.0	0.0	0.0	0.0	4.0	0.0	126.0	0.0	475.0	38.0	4.0	69.0	70.0	0.0	11.0	0.0	47.0	0.0	74.0	13.0	26.0	2.0	0.0	0.0	1138.0	0.0	0.0	0.0	0.0	0.0	0.0	57.0	0.0	15.0	0.0	0.0	47.0	0.0	0.0	1340.0	188.0	0.0	0.0	0.0	22.0	0.0	0.0	0.0	0.0	0.0	0.0	16.0	29.0	0.0	0.0	0.0	44.0	4.0	0.0	0.0	0.0	0.0	16.0	24.0	10.0	0.0	18.0	639.0	0.0	131.0	0.0	0.0	0.0	13.0	0.0	0.0	66.0	0.0	0.0	0.0	0.0	0.0	0.0	3.0	50.0	0.0	69.0	0.0	1462.0	0.0	0.0	0.0	0.0	626.0	0.0	20.0	0.0	0.0	12.0	0.0	403.0	0.0	0.0	0.0	0.0	0.0	0.0	111.0	0.0	0.0	0.0	9.0	0.0	0.0	0.0	0.0	0.0	17.0	7.0	0.0	0.0	181.0	0.0	0.0	14.0	0.0	9.0	0.0	0.0	0.0	0.0	0.0	13.0	0.0	18.0	0.0	0.0	0.0	0.0	0.0	30.0	0.0	0.0	0.0	0.0	0.0	0.0	0.0	26.0	0.0	0.0	0.0	0.0	0.0	0.0	0.0	82.0	0.0	0.0	0.0	0.0	0.0	0.0	2.0	0.0	0.0	0.0	0.0	2.0	0.0	0.0	0.0	0.0	0.0	0.0	0.0	0.0	0.0	0.0	0.0	0.0	0.0	0.0	0.0	0.0	0.0	0.0	0.0	0.0	0.0	0.0	0.0	0.0	0.0	0.0	0.0	0.0	0.0	0.0	0.0	0.0	0.0	0.0	0.0	0.0	0.0	0.0	0.0	0.0	0.0	0.0	0.0	0.0	0.0	0.0	0.0	0.0	0.0	0.0	0.0	0.0	0.0	0.0	0.0	0.0	0.0	0.0	0.0	0.0	0.0	0.0	0.0	5.0	0.0	0.0	0.0	0.0	0.0	0.0	0.0	0.0	0.0	0.0	0.0	0.0	0.0	0.0	0.0	0.0	0.0	0.0	0.0	0.0	0.0	0.0	0.0	0.0	0.0	0.0	0.0	0.0	0.0	0.0	0.0
SRR9612379	0.0	72.0	31.0	0.0	0.0	25.0	15.0	0.0	4504.0	428.0	0.0	27.0	1220.0	285.0	0.0	1300.0	0.0	8.0	31.0	5078.0	112.0	0.0	4.0	58.0	163.0	0.0	0.0	342.0	0.0	10.0	9.0	10.0	10.0	59.0	0.0	0.0	0.0	50.0	0.0	3.0	0.0	47.0	5.0	0.0	5.0	0.0	0.0	0.0	0.0	0.0	0.0	0.0	0.0	0.0	0.0	0.0	3.0	40.0	0.0	0.0	6.0	234.0	7.0	0.0	0.0	0.0	40.0	0.0	124.0	0.0	105.0	20.0	0.0	8.0	29.0	0.0	9.0	0.0	85.0	20.0	102.0	5.0	30.0	5.0	4.0	0.0	551.0	0.0	0.0	0.0	4.0	0.0	0.0	15.0	0.0	0.0	0.0	8.0	95.0	0.0	0.0	130.0	20.0	0.0	0.0	4.0	10.0	0.0	0.0	0.0	4.0	0.0	0.0	0.0	0.0	0.0	0.0	0.0	26.0	0.0	0.0	0.0	0.0	0.0	0.0	12.0	0.0	0.0	9.0	670.0	0.0	0.0	58.0	0.0	0.0	3.0	0.0	0.0	35.0	0.0	0.0	0.0	0.0	0.0	0.0	0.0	0.0	5.0	23.0	0.0	0.0	0.0	0.0	0.0	0.0	100.0	0.0	0.0	0.0	0.0	15.0	0.0	649.0	0.0	0.0	0.0	0.0	0.0	0.0	0.0	0.0	0.0	33.0	14.0	0.0	0.0	0.0	0.0	0.0	82.0	0.0	0.0	0.0	29.0	0.0	0.0	27.0	0.0	14.0	0.0	4.0	0.0	0.0	0.0	6.0	0.0	69.0	0.0	0.0	0.0	0.0	0.0	53.0	0.0	0.0	0.0	0.0	0.0	0.0	0.0	0.0	0.0	4.0	0.0	0.0	0.0	0.0	0.0	7.0	0.0	0.0	0.0	0.0	0.0	0.0	0.0	0.0	34.0	0.0	0.0	3.0	0.0	0.0	0.0	0.0	0.0	0.0	0.0	0.0	0.0	0.0	0.0	0.0	0.0	0.0	0.0	0.0	3.0	0.0	0.0	0.0	0.0	0.0	0.0	0.0	0.0	0.0	0.0	0.0	0.0	0.0	0.0	0.0	0.0	0.0	0.0	0.0	0.0	0.0	0.0	0.0	0.0	0.0	0.0	0.0	0.0	0.0	0.0	0.0	0.0	0.0	0.0	0.0	0.0	0.0	0.0	0.0	0.0	0.0	0.0	0.0	0.0	0.0	0.0	7.0	0.0	0.0	0.0	0.0	0.0	0.0	0.0	0.0	0.0	0.0	0.0	0.0	0.0	0.0	0.0	0.0	0.0	0.0	0.0	0.0	0.0	0.0	0.0	0.0	0.0	0.0	0.0	0.0	0.0	0.0	0.0
SRR9612380	0.0	113.0	754.0	0.0	14.0	1965.0	78.0	6.0	2429.0	171.0	0.0	0.0	185.0	80.0	3.0	308.0	27.0	18.0	24.0	1235.0	114.0	0.0	11.0	223.0	1948.0	0.0	0.0	26.0	16.0	0.0	13.0	180.0	0.0	2.0	0.0	0.0	13.0	113.0	0.0	24.0	59.0	144.0	4.0	8.0	11.0	0.0	7.0	0.0	0.0	0.0	6.0	0.0	0.0	4.0	0.0	0.0	155.0	18.0	0.0	113.0	29.0	135.0	388.0	0.0	17.0	0.0	57.0	51.0	87.0	9.0	192.0	364.0	32.0	10.0	66.0	19.0	49.0	10.0	23.0	2.0	15.0	55.0	546.0	14.0	10.0	18.0	78.0	0.0	0.0	88.0	55.0	0.0	0.0	105.0	15.0	5.0	0.0	14.0	124.0	0.0	0.0	52.0	56.0	0.0	0.0	112.0	0.0	0.0	0.0	0.0	61.0	0.0	0.0	68.0	0.0	0.0	9.0	0.0	88.0	0.0	0.0	0.0	28.0	0.0	168.0	349.0	0.0	126.0	117.0	26.0	0.0	65.0	0.0	12.0	0.0	0.0	0.0	0.0	0.0	2.0	0.0	8.0	0.0	2.0	0.0	19.0	335.0	32.0	25.0	0.0	0.0	74.0	0.0	0.0	0.0	43.0	175.0	90.0	8.0	0.0	103.0	0.0	23.0	0.0	11.0	0.0	0.0	0.0	0.0	0.0	12.0	0.0	0.0	25.0	0.0	0.0	0.0	0.0	0.0	0.0	0.0	0.0	0.0	26.0	0.0	0.0	149.0	0.0	21.0	0.0	0.0	0.0	0.0	0.0	0.0	0.0	116.0	0.0	0.0	0.0	32.0	6.0	0.0	0.0	17.0	24.0	0.0	0.0	0.0	0.0	18.0	0.0	11.0	0.0	16.0	0.0	22.0	0.0	9.0	0.0	0.0	0.0	0.0	0.0	0.0	0.0	0.0	0.0	25.0	24.0	0.0	0.0	23.0	0.0	0.0	0.0	0.0	0.0	0.0	0.0	0.0	0.0	0.0	0.0	0.0	0.0	0.0	0.0	0.0	0.0	0.0	0.0	0.0	0.0	2.0	0.0	17.0	0.0	0.0	0.0	0.0	0.0	0.0	0.0	0.0	0.0	0.0	0.0	0.0	0.0	0.0	0.0	0.0	0.0	0.0	0.0	0.0	0.0	0.0	0.0	0.0	0.0	0.0	0.0	0.0	0.0	0.0	0.0	0.0	0.0	0.0	0.0	0.0	0.0	14.0	0.0	0.0	0.0	0.0	0.0	0.0	0.0	0.0	0.0	0.0	0.0	0.0	0.0	0.0	0.0	0.0	0.0	0.0	0.0	0.0	0.0	0.0	0.0	0.0	0.0	0.0	0.0	0.0	0.0	0.0	0.0
SRR9612381	0.0	206.0	62.0	0.0	13.0	27.0	12.0	0.0	8505.0	377.0	0.0	13.0	694.0	339.0	4.0	1535.0	0.0	6.0	12.0	5836.0	51.0	0.0	3.0	4.0	142.0	0.0	0.0	453.0	17.0	0.0	0.0	34.0	0.0	42.0	0.0	0.0	2.0	38.0	147.0	6.0	5.0	35.0	17.0	2.0	0.0	0.0	0.0	0.0	0.0	0.0	7.0	0.0	0.0	0.0	0.0	0.0	9.0	29.0	0.0	0.0	6.0	193.0	3.0	0.0	0.0	0.0	30.0	0.0	246.0	0.0	133.0	40.0	0.0	8.0	48.0	2.0	0.0	0.0	38.0	12.0	162.0	13.0	21.0	0.0	4.0	0.0	740.0	0.0	2.0	7.0	0.0	0.0	0.0	6.0	0.0	0.0	0.0	0.0	68.0	0.0	0.0	208.0	24.0	2.0	0.0	0.0	0.0	0.0	0.0	0.0	0.0	0.0	0.0	0.0	6.0	0.0	0.0	0.0	11.0	5.0	0.0	0.0	0.0	0.0	0.0	0.0	0.0	0.0	9.0	455.0	0.0	10.0	134.0	0.0	0.0	0.0	0.0	0.0	0.0	0.0	0.0	0.0	0.0	2.0	2.0	0.0	0.0	20.0	6.0	0.0	0.0	2.0	0.0	0.0	0.0	45.0	0.0	4.0	0.0	0.0	10.0	0.0	645.0	0.0	0.0	0.0	0.0	0.0	8.0	0.0	0.0	0.0	10.0	3.0	0.0	0.0	0.0	0.0	0.0	44.0	3.0	0.0	0.0	37.0	0.0	0.0	16.0	0.0	9.0	0.0	0.0	0.0	0.0	0.0	0.0	0.0	481.0	0.0	0.0	0.0	4.0	4.0	13.0	0.0	0.0	0.0	0.0	0.0	0.0	0.0	0.0	0.0	0.0	0.0	0.0	0.0	0.0	0.0	8.0	0.0	0.0	0.0	0.0	0.0	0.0	0.0	0.0	0.0	0.0	0.0	2.0	0.0	0.0	6.0	0.0	0.0	0.0	0.0	0.0	0.0	0.0	0.0	0.0	0.0	0.0	0.0	0.0	0.0	0.0	3.0	0.0	0.0	0.0	0.0	0.0	0.0	0.0	0.0	0.0	0.0	0.0	0.0	0.0	0.0	0.0	0.0	0.0	0.0	0.0	0.0	0.0	0.0	0.0	0.0	0.0	0.0	0.0	0.0	0.0	0.0	0.0	0.0	0.0	0.0	0.0	0.0	0.0	0.0	0.0	0.0	0.0	0.0	0.0	0.0	0.0	0.0	0.0	0.0	0.0	0.0	0.0	0.0	0.0	0.0	0.0	0.0	0.0	0.0	0.0	0.0	0.0	0.0	0.0	0.0	0.0	0.0	0.0	0.0	0.0	0.0	0.0	0.0	0.0	0.0	0.0	0.0
SRR9612382	0.0	233.0	1921.0	27.0	7.0	3424.0	227.0	37.0	2940.0	232.0	0.0	14.0	455.0	162.0	6.0	867.0	43.0	44.0	216.0	1144.0	262.0	0.0	94.0	398.0	4261.0	0.0	0.0	4.0	0.0	47.0	29.0	47.0	0.0	0.0	0.0	0.0	6.0	223.0	27.0	12.0	130.0	441.0	0.0	109.0	18.0	0.0	0.0	0.0	17.0	0.0	52.0	0.0	0.0	0.0	0.0	0.0	343.0	42.0	39.0	245.0	41.0	193.0	701.0	0.0	18.0	0.0	13.0	0.0	199.0	0.0	203.0	1036.0	99.0	33.0	136.0	35.0	152.0	0.0	32.0	92.0	9.0	171.0	529.0	12.0	21.0	18.0	183.0	0.0	0.0	158.0	18.0	0.0	0.0	162.0	55.0	0.0	0.0	13.0	351.0	0.0	0.0	32.0	71.0	0.0	0.0	222.0	6.0	0.0	0.0	0.0	77.0	2.0	7.0	161.0	12.0	0.0	7.0	0.0	311.0	0.0	11.0	0.0	0.0	0.0	229.0	1138.0	0.0	240.0	369.0	38.0	0.0	53.0	10.0	13.0	9.0	0.0	9.0	0.0	0.0	0.0	0.0	15.0	0.0	0.0	5.0	18.0	551.0	15.0	29.0	0.0	50.0	104.0	0.0	0.0	0.0	94.0	86.0	220.0	54.0	0.0	274.0	0.0	0.0	12.0	8.0	0.0	0.0	0.0	0.0	0.0	44.0	0.0	0.0	312.0	18.0	5.0	3.0	18.0	0.0	0.0	9.0	0.0	0.0	38.0	0.0	5.0	214.0	0.0	49.0	0.0	16.0	0.0	0.0	0.0	7.0	0.0	21.0	0.0	0.0	0.0	14.0	0.0	14.0	0.0	35.0	50.0	15.0	0.0	0.0	0.0	25.0	0.0	0.0	0.0	6.0	0.0	79.0	0.0	143.0	0.0	0.0	0.0	0.0	0.0	0.0	11.0	0.0	0.0	79.0	7.0	0.0	0.0	24.0	17.0	0.0	0.0	0.0	0.0	0.0	0.0	0.0	0.0	0.0	0.0	0.0	0.0	0.0	0.0	0.0	5.0	0.0	0.0	0.0	0.0	0.0	0.0	41.0	0.0	0.0	0.0	0.0	0.0	0.0	0.0	0.0	0.0	0.0	0.0	0.0	0.0	0.0	0.0	0.0	0.0	0.0	0.0	0.0	0.0	0.0	0.0	0.0	0.0	7.0	0.0	0.0	0.0	0.0	0.0	0.0	0.0	0.0	0.0	0.0	0.0	61.0	0.0	0.0	0.0	0.0	0.0	0.0	0.0	0.0	0.0	0.0	0.0	0.0	0.0	0.0	0.0	0.0	0.0	0.0	0.0	0.0	0.0	0.0	0.0	0.0	0.0	0.0	0.0	0.0	0.0	0.0	0.0
SRR9612384	0.0	368.0	72.0	0.0	2603.0	57.0	13.0	0.0	9346.0	237.0	0.0	2.0	541.0	6245.0	3.0	1770.0	8.0	10.0	12.0	18585.0	11.0	0.0	8.0	84.0	319.0	0.0	13.0	812.0	33.0	6.0	0.0	59.0	80.0	45.0	0.0	0.0	0.0	340.0	46.0	16.0	23.0	28.0	170.0	3.0	0.0	0.0	0.0	0.0	5.0	0.0	7.0	2.0	0.0	0.0	0.0	0.0	11.0	17.0	0.0	0.0	33.0	28.0	27.0	0.0	0.0	7.0	121.0	404.0	811.0	40.0	121.0	70.0	5.0	2.0	204.0	0.0	0.0	48.0	93.0	2.0	79.0	21.0	70.0	0.0	8.0	0.0	313.0	0.0	13.0	0.0	0.0	0.0	0.0	16.0	0.0	0.0	7.0	1644.0	131.0	0.0	0.0	69.0	0.0	0.0	0.0	0.0	0.0	0.0	0.0	0.0	9.0	0.0	0.0	0.0	0.0	30.0	123.0	0.0	0.0	0.0	0.0	0.0	0.0	0.0	31.0	0.0	0.0	22.0	18.0	113.0	0.0	12.0	31.0	0.0	0.0	0.0	0.0	0.0	0.0	0.0	0.0	1.0	0.0	0.0	0.0	0.0	39.0	5.0	11.0	0.0	0.0	3.0	0.0	0.0	0.0	0.0	6.0	6.0	0.0	0.0	19.0	0.0	146.0	0.0	0.0	0.0	0.0	0.0	0.0	0.0	9.0	0.0	0.0	38.0	0.0	59.0	0.0	0.0	0.0	0.0	0.0	0.0	0.0	24.0	0.0	0.0	41.0	0.0	9.0	0.0	0.0	0.0	0.0	0.0	0.0	0.0	276.0	0.0	0.0	0.0	17.0	0.0	0.0	0.0	0.0	0.0	0.0	0.0	0.0	0.0	7.0	0.0	155.0	0.0	0.0	0.0	6.0	0.0	0.0	0.0	0.0	0.0	0.0	0.0	0.0	0.0	0.0	0.0	0.0	0.0	0.0	0.0	0.0	0.0	0.0	0.0	0.0	0.0	0.0	0.0	0.0	0.0	0.0	0.0	0.0	0.0	0.0	0.0	0.0	0.0	2.0	0.0	0.0	0.0	0.0	0.0	0.0	0.0	0.0	0.0	0.0	0.0	0.0	0.0	0.0	0.0	0.0	0.0	0.0	0.0	0.0	0.0	0.0	0.0	0.0	0.0	0.0	0.0	0.0	0.0	0.0	0.0	0.0	0.0	0.0	0.0	0.0	0.0	0.0	0.0	0.0	0.0	0.0	0.0	8.0	0.0	0.0	0.0	0.0	0.0	0.0	0.0	0.0	0.0	0.0	0.0	0.0	0.0	0.0	0.0	0.0	0.0	0.0	0.0	0.0	0.0	0.0	0.0	0.0	0.0	0.0	0.0	0.0	0.0	0.0	0.0
SRR9612385	0.0	1739.0	49.0	0.0	17.0	32.0	0.0	0.0	4513.0	1400.0	4.0	12.0	3955.0	486.0	0.0	3042.0	0.0	19.0	28.0	2115.0	33.0	0.0	10.0	35.0	1075.0	0.0	0.0	462.0	15.0	0.0	0.0	27.0	0.0	74.0	0.0	0.0	0.0	53.0	51.0	14.0	0.0	143.0	0.0	8.0	8.0	3.0	0.0	0.0	0.0	0.0	0.0	0.0	0.0	0.0	0.0	0.0	10.0	121.0	0.0	30.0	8.0	519.0	0.0	0.0	0.0	4.0	27.0	0.0	554.0	2.0	329.0	40.0	0.0	15.0	54.0	0.0	0.0	0.0	72.0	9.0	159.0	24.0	75.0	0.0	5.0	0.0	807.0	0.0	0.0	0.0	0.0	0.0	0.0	63.0	0.0	0.0	0.0	53.0	149.0	0.0	0.0	329.0	60.0	0.0	0.0	5.0	0.0	0.0	0.0	0.0	0.0	0.0	0.0	0.0	17.0	5.0	2.0	0.0	35.0	15.0	0.0	0.0	0.0	0.0	10.0	19.0	10.0	7.0	48.0	1138.0	0.0	103.0	15.0	0.0	0.0	2.0	6.0	0.0	15.0	0.0	0.0	0.0	0.0	0.0	0.0	0.0	25.0	0.0	74.0	0.0	275.0	15.0	0.0	0.0	0.0	259.0	0.0	28.0	6.0	0.0	18.0	0.0	701.0	0.0	0.0	0.0	0.0	0.0	0.0	36.0	0.0	0.0	0.0	22.0	0.0	0.0	0.0	0.0	0.0	0.0	2.0	0.0	0.0	121.0	0.0	0.0	33.0	0.0	0.0	0.0	0.0	0.0	0.0	3.0	8.0	0.0	18.0	0.0	0.0	0.0	0.0	4.0	13.0	0.0	0.0	0.0	0.0	65.0	0.0	0.0	0.0	0.0	17.0	0.0	0.0	0.0	0.0	0.0	41.0	0.0	0.0	0.0	0.0	0.0	0.0	0.0	0.0	3.0	0.0	0.0	0.0	0.0	0.0	0.0	0.0	0.0	0.0	0.0	0.0	0.0	2.0	0.0	0.0	0.0	0.0	0.0	0.0	0.0	0.0	0.0	0.0	0.0	0.0	0.0	0.0	0.0	0.0	0.0	0.0	0.0	0.0	0.0	0.0	0.0	0.0	0.0	0.0	0.0	0.0	0.0	0.0	0.0	0.0	0.0	0.0	0.0	0.0	0.0	0.0	0.0	0.0	0.0	0.0	0.0	0.0	0.0	0.0	0.0	0.0	0.0	0.0	0.0	0.0	0.0	0.0	0.0	0.0	2.0	0.0	0.0	0.0	0.0	0.0	0.0	0.0	0.0	0.0	0.0	0.0	0.0	0.0	0.0	0.0	0.0	0.0	0.0	0.0	0.0	0.0	0.0	0.0	0.0	0.0	0.0	0.0	0.0
SRR9612386	0.0	276.0	2064.0	0.0	38.0	2976.0	92.0	25.0	2841.0	176.0	0.0	6.0	320.0	162.0	9.0	795.0	35.0	58.0	104.0	1043.0	194.0	0.0	92.0	417.0	4514.0	10.0	0.0	15.0	10.0	16.0	53.0	50.0	0.0	0.0	0.0	0.0	0.0	149.0	0.0	33.0	93.0	392.0	4.0	0.0	38.0	0.0	4.0	0.0	0.0	0.0	107.0	3.0	0.0	0.0	0.0	0.0	445.0	48.0	62.0	282.0	93.0	254.0	1203.0	0.0	0.0	0.0	0.0	8.0	133.0	7.0	283.0	888.0	48.0	43.0	177.0	48.0	131.0	0.0	30.0	21.0	0.0	158.0	541.0	21.0	29.0	21.0	129.0	6.0	0.0	110.0	15.0	0.0	0.0	192.0	52.0	41.0	0.0	0.0	272.0	0.0	0.0	55.0	134.0	7.0	0.0	146.0	22.0	0.0	0.0	0.0	106.0	0.0	4.0	152.0	8.0	0.0	0.0	7.0	525.0	10.0	0.0	0.0	0.0	0.0	137.0	1704.0	0.0	193.0	400.0	51.0	0.0	119.0	0.0	18.0	4.0	0.0	14.0	0.0	0.0	0.0	0.0	0.0	0.0	0.0	11.0	11.0	464.0	72.0	18.0	0.0	55.0	123.0	0.0	9.0	16.0	106.0	94.0	235.0	58.0	0.0	382.0	0.0	0.0	12.0	16.0	0.0	0.0	0.0	0.0	17.0	21.0	0.0	0.0	178.0	41.0	0.0	0.0	28.0	0.0	0.0	10.0	0.0	0.0	92.0	0.0	0.0	230.0	0.0	50.0	0.0	19.0	0.0	0.0	0.0	6.0	0.0	66.0	0.0	0.0	0.0	26.0	0.0	18.0	0.0	0.0	51.0	7.0	0.0	0.0	0.0	22.0	0.0	0.0	0.0	58.0	0.0	117.0	0.0	151.0	0.0	0.0	0.0	0.0	0.0	0.0	10.0	0.0	5.0	78.0	16.0	0.0	0.0	18.0	9.0	0.0	0.0	0.0	0.0	0.0	0.0	0.0	0.0	0.0	0.0	0.0	0.0	0.0	0.0	0.0	0.0	0.0	0.0	0.0	0.0	0.0	0.0	62.0	0.0	0.0	0.0	6.0	0.0	0.0	0.0	0.0	0.0	0.0	0.0	0.0	0.0	0.0	0.0	0.0	0.0	0.0	0.0	0.0	0.0	0.0	0.0	0.0	0.0	0.0	0.0	0.0	0.0	0.0	0.0	0.0	0.0	0.0	0.0	0.0	0.0	31.0	2.0	0.0	0.0	0.0	0.0	0.0	0.0	0.0	0.0	0.0	0.0	0.0	0.0	0.0	0.0	0.0	0.0	0.0	0.0	0.0	0.0	0.0	0.0	0.0	0.0	0.0	0.0	0.0	0.0	0.0	0.0
SRR9612387	0.0	271.0	1265.0	0.0	6.0	3472.0	186.0	0.0	2015.0	53.0	0.0	3.0	682.0	234.0	12.0	217.0	92.0	29.0	79.0	480.0	83.0	0.0	50.0	113.0	1025.0	0.0	0.0	43.0	0.0	42.0	0.0	32.0	0.0	6.0	0.0	0.0	16.0	550.0	0.0	3.0	184.0	253.0	0.0	25.0	3.0	0.0	2.0	0.0	0.0	0.0	18.0	0.0	0.0	0.0	0.0	0.0	45.0	10.0	0.0	93.0	0.0	36.0	95.0	0.0	0.0	0.0	4.0	4.0	70.0	6.0	547.0	1151.0	18.0	13.0	71.0	14.0	69.0	0.0	14.0	9.0	0.0	132.0	77.0	0.0	23.0	16.0	32.0	0.0	0.0	141.0	12.0	0.0	0.0	60.0	11.0	0.0	0.0	0.0	173.0	0.0	12.0	122.0	45.0	0.0	0.0	409.0	0.0	0.0	0.0	0.0	93.0	0.0	0.0	20.0	14.0	0.0	0.0	0.0	9.0	0.0	16.0	0.0	0.0	0.0	152.0	414.0	0.0	309.0	120.0	0.0	0.0	30.0	0.0	0.0	0.0	0.0	0.0	0.0	0.0	0.0	0.0	0.0	0.0	0.0	0.0	10.0	621.0	0.0	209.0	2.0	57.0	8.0	0.0	0.0	0.0	32.0	20.0	34.0	16.0	0.0	228.0	0.0	49.0	0.0	0.0	0.0	0.0	0.0	42.0	24.0	14.0	0.0	0.0	149.0	0.0	0.0	0.0	0.0	0.0	0.0	36.0	0.0	0.0	0.0	0.0	0.0	469.0	0.0	225.0	0.0	0.0	0.0	0.0	0.0	0.0	0.0	0.0	0.0	0.0	0.0	2.0	0.0	0.0	0.0	7.0	0.0	0.0	0.0	0.0	0.0	32.0	0.0	0.0	0.0	0.0	0.0	0.0	0.0	26.0	0.0	0.0	0.0	0.0	0.0	0.0	0.0	7.0	0.0	4.0	0.0	0.0	0.0	32.0	0.0	0.0	0.0	0.0	0.0	4.0	0.0	0.0	0.0	0.0	0.0	3.0	0.0	0.0	0.0	0.0	0.0	0.0	0.0	0.0	0.0	0.0	0.0	0.0	0.0	0.0	0.0	0.0	0.0	0.0	0.0	0.0	0.0	0.0	0.0	0.0	0.0	0.0	0.0	0.0	0.0	0.0	0.0	0.0	0.0	0.0	0.0	0.0	0.0	0.0	0.0	0.0	0.0	0.0	0.0	0.0	0.0	0.0	0.0	0.0	0.0	27.0	0.0	0.0	0.0	0.0	0.0	0.0	3.0	0.0	0.0	0.0	0.0	0.0	0.0	0.0	0.0	0.0	0.0	0.0	0.0	0.0	0.0	0.0	0.0	0.0	0.0	0.0	0.0	0.0	0.0	0.0	0.0
SRR9612388	0.0	360.0	744.0	0.0	0.0	3648.0	90.0	6.0	1496.0	81.0	0.0	0.0	191.0	175.0	3.0	155.0	32.0	9.0	75.0	232.0	155.0	0.0	42.0	111.0	1205.0	0.0	0.0	11.0	0.0	37.0	6.0	0.0	7.0	2.0	0.0	0.0	0.0	188.0	0.0	9.0	119.0	586.0	0.0	2.0	4.0	13.0	2.0	0.0	2.0	0.0	0.0	0.0	0.0	0.0	0.0	0.0	51.0	12.0	0.0	163.0	12.0	69.0	71.0	0.0	0.0	0.0	0.0	0.0	28.0	14.0	284.0	738.0	15.0	6.0	57.0	29.0	68.0	0.0	15.0	43.0	0.0	56.0	66.0	3.0	11.0	19.0	57.0	0.0	0.0	182.0	0.0	0.0	0.0	54.0	9.0	0.0	0.0	0.0	108.0	0.0	4.0	153.0	37.0	0.0	0.0	192.0	0.0	0.0	0.0	0.0	46.0	0.0	11.0	31.0	33.0	6.0	0.0	0.0	10.0	0.0	0.0	0.0	0.0	0.0	73.0	307.0	0.0	170.0	304.0	13.0	0.0	32.0	0.0	0.0	0.0	0.0	0.0	0.0	0.0	0.0	0.0	0.0	0.0	0.0	5.0	9.0	441.0	0.0	270.0	0.0	67.0	11.0	0.0	0.0	5.0	39.0	9.0	68.0	0.0	0.0	128.0	3.0	39.0	10.0	6.0	0.0	0.0	0.0	27.0	34.0	22.0	0.0	0.0	64.0	24.0	0.0	0.0	0.0	0.0	0.0	20.0	0.0	0.0	0.0	0.0	0.0	171.0	0.0	41.0	0.0	0.0	0.0	0.0	0.0	0.0	0.0	0.0	0.0	6.0	0.0	0.0	0.0	11.0	0.0	0.0	0.0	0.0	0.0	0.0	0.0	0.0	0.0	0.0	0.0	0.0	0.0	2.0	0.0	41.0	0.0	0.0	0.0	0.0	0.0	0.0	0.0	8.0	0.0	7.0	0.0	0.0	0.0	23.0	0.0	0.0	0.0	0.0	0.0	0.0	0.0	0.0	0.0	0.0	0.0	0.0	0.0	0.0	0.0	0.0	2.0	0.0	0.0	0.0	0.0	0.0	3.0	0.0	0.0	0.0	0.0	0.0	0.0	0.0	0.0	0.0	0.0	0.0	0.0	0.0	0.0	0.0	0.0	0.0	0.0	0.0	0.0	0.0	0.0	0.0	0.0	0.0	0.0	0.0	0.0	0.0	0.0	0.0	0.0	0.0	0.0	0.0	0.0	0.0	0.0	22.0	0.0	0.0	0.0	0.0	0.0	0.0	0.0	0.0	0.0	0.0	0.0	0.0	0.0	0.0	0.0	0.0	0.0	0.0	0.0	0.0	0.0	0.0	0.0	0.0	0.0	0.0	0.0	0.0	0.0	0.0	0.0
SRR9612389	0.0	323.0	16.0	0.0	13.0	31.0	0.0	0.0	5691.0	263.0	0.0	4.0	175.0	412.0	0.0	1177.0	12.0	0.0	6.0	16408.0	0.0	0.0	4.0	11.0	152.0	0.0	0.0	279.0	16.0	0.0	0.0	14.0	0.0	19.0	0.0	0.0	0.0	71.0	5.0	0.0	9.0	27.0	5.0	0.0	0.0	0.0	0.0	0.0	0.0	0.0	0.0	0.0	3.0	0.0	0.0	0.0	6.0	13.0	0.0	0.0	3.0	64.0	4.0	0.0	0.0	11.0	137.0	0.0	90.0	7.0	141.0	55.0	3.0	0.0	233.0	0.0	9.0	0.0	25.0	0.0	17.0	0.0	12.0	3.0	6.0	0.0	388.0	0.0	11.0	0.0	25.0	0.0	0.0	13.0	0.0	0.0	0.0	0.0	28.0	0.0	0.0	144.0	11.0	0.0	0.0	2.0	0.0	0.0	0.0	0.0	0.0	0.0	0.0	0.0	9.0	6.0	0.0	0.0	17.0	13.0	0.0	0.0	0.0	0.0	17.0	33.0	0.0	10.0	0.0	287.0	0.0	8.0	37.0	0.0	0.0	0.0	2.0	0.0	0.0	0.0	0.0	0.0	0.0	0.0	0.0	0.0	0.0	0.0	5.0	0.0	0.0	4.0	0.0	0.0	0.0	67.0	0.0	0.0	0.0	0.0	25.0	0.0	714.0	0.0	0.0	0.0	0.0	0.0	0.0	74.0	0.0	0.0	0.0	15.0	0.0	0.0	0.0	0.0	0.0	0.0	3.0	0.0	0.0	6.0	0.0	0.0	0.0	0.0	8.0	0.0	0.0	0.0	0.0	0.0	0.0	0.0	193.0	0.0	0.0	0.0	8.0	0.0	15.0	0.0	0.0	0.0	0.0	0.0	0.0	0.0	0.0	0.0	5.0	0.0	0.0	0.0	0.0	0.0	18.0	0.0	0.0	0.0	0.0	0.0	0.0	0.0	0.0	0.0	2.0	0.0	0.0	0.0	0.0	0.0	0.0	0.0	0.0	0.0	0.0	0.0	0.0	0.0	0.0	0.0	0.0	0.0	0.0	0.0	0.0	0.0	0.0	0.0	0.0	0.0	0.0	0.0	0.0	0.0	0.0	0.0	0.0	0.0	0.0	0.0	0.0	0.0	0.0	0.0	0.0	0.0	0.0	0.0	0.0	0.0	0.0	0.0	0.0	0.0	0.0	0.0	0.0	0.0	0.0	0.0	0.0	0.0	0.0	0.0	0.0	0.0	0.0	0.0	0.0	0.0	0.0	0.0	0.0	0.0	0.0	0.0	0.0	0.0	0.0	0.0	0.0	0.0	0.0	0.0	0.0	0.0	0.0	0.0	0.0	0.0	0.0	0.0	0.0	0.0	0.0	0.0	0.0	0.0	0.0	0.0	0.0	0.0
SRR9612390	0.0	404.0	1494.0	0.0	8.0	2733.0	142.0	7.0	2549.0	98.0	0.0	8.0	356.0	140.0	4.0	715.0	19.0	35.0	50.0	1277.0	79.0	0.0	47.0	303.0	3031.0	0.0	0.0	0.0	18.0	26.0	0.0	95.0	0.0	0.0	10.0	0.0	0.0	131.0	4.0	0.0	82.0	260.0	0.0	28.0	0.0	6.0	0.0	0.0	0.0	0.0	20.0	4.0	0.0	0.0	0.0	0.0	470.0	30.0	14.0	209.0	7.0	109.0	487.0	0.0	0.0	0.0	0.0	0.0	123.0	0.0	169.0	1427.0	53.0	11.0	89.0	39.0	61.0	0.0	10.0	0.0	0.0	48.0	719.0	10.0	39.0	0.0	124.0	0.0	0.0	167.0	68.0	0.0	0.0	76.0	31.0	22.0	0.0	0.0	236.0	0.0	7.0	117.0	46.0	6.0	0.0	200.0	0.0	0.0	0.0	0.0	92.0	0.0	0.0	35.0	30.0	0.0	4.0	0.0	180.0	15.0	15.0	6.0	0.0	0.0	130.0	1145.0	0.0	157.0	257.0	31.0	0.0	49.0	0.0	5.0	0.0	0.0	0.0	0.0	0.0	0.0	26.0	0.0	0.0	0.0	3.0	16.0	464.0	7.0	75.0	0.0	62.0	78.0	0.0	0.0	0.0	69.0	58.0	118.0	26.0	0.0	197.0	0.0	33.0	0.0	3.0	4.0	0.0	0.0	10.0	37.0	0.0	0.0	0.0	109.0	36.0	0.0	0.0	0.0	0.0	2.0	13.0	0.0	0.0	14.0	0.0	0.0	131.0	0.0	32.0	0.0	12.0	0.0	0.0	0.0	0.0	0.0	21.0	0.0	0.0	0.0	54.0	0.0	10.0	0.0	11.0	24.0	6.0	0.0	0.0	0.0	29.0	0.0	0.0	0.0	0.0	3.0	70.0	0.0	59.0	0.0	0.0	0.0	0.0	0.0	0.0	9.0	0.0	0.0	25.0	13.0	0.0	0.0	30.0	0.0	0.0	0.0	0.0	0.0	10.0	0.0	0.0	0.0	0.0	0.0	0.0	0.0	0.0	0.0	0.0	0.0	0.0	0.0	0.0	0.0	10.0	0.0	11.0	0.0	0.0	0.0	3.0	0.0	0.0	0.0	0.0	0.0	0.0	0.0	0.0	0.0	0.0	0.0	0.0	0.0	0.0	0.0	0.0	0.0	0.0	0.0	0.0	0.0	0.0	0.0	0.0	0.0	0.0	0.0	0.0	0.0	0.0	0.0	0.0	0.0	46.0	0.0	0.0	0.0	0.0	0.0	0.0	0.0	0.0	0.0	0.0	0.0	0.0	0.0	0.0	0.0	0.0	0.0	0.0	0.0	0.0	0.0	0.0	0.0	0.0	0.0	0.0	0.0	0.0	0.0	0.0	0.0
SRR9612391	0.0	164.0	2193.0	0.0	165.0	2651.0	134.0	0.0	3515.0	85.0	0.0	18.0	403.0	127.0	0.0	597.0	56.0	29.0	85.0	2067.0	58.0	0.0	37.0	364.0	3225.0	0.0	0.0	43.0	24.0	0.0	0.0	182.0	6.0	8.0	47.0	0.0	0.0	398.0	3.0	31.0	49.0	124.0	0.0	10.0	30.0	13.0	25.0	35.0	0.0	0.0	44.0	13.0	0.0	41.0	4.0	0.0	277.0	24.0	0.0	72.0	0.0	37.0	491.0	0.0	23.0	11.0	181.0	34.0	107.0	7.0	146.0	1121.0	133.0	8.0	143.0	12.0	189.0	0.0	67.0	16.0	17.0	84.0	892.0	37.0	50.0	8.0	155.0	8.0	0.0	121.0	39.0	0.0	0.0	84.0	45.0	17.0	4.0	27.0	284.0	3.0	21.0	61.0	82.0	0.0	4.0	251.0	0.0	0.0	0.0	0.0	69.0	0.0	0.0	31.0	4.0	18.0	23.0	0.0	42.0	0.0	11.0	0.0	0.0	0.0	329.0	1160.0	0.0	226.0	266.0	35.0	0.0	32.0	39.0	5.0	4.0	0.0	3.0	0.0	0.0	0.0	3.0	0.0	3.0	11.0	5.0	58.0	482.0	6.0	27.0	0.0	104.0	55.0	4.0	22.0	0.0	25.0	460.0	180.0	17.0	0.0	139.0	2.0	0.0	8.0	30.0	0.0	20.0	0.0	29.0	10.0	25.0	0.0	0.0	185.0	64.0	0.0	0.0	0.0	0.0	0.0	19.0	0.0	0.0	23.0	16.0	8.0	201.0	0.0	18.0	0.0	9.0	14.0	0.0	0.0	0.0	0.0	150.0	0.0	0.0	0.0	37.0	0.0	12.0	0.0	8.0	16.0	14.0	0.0	0.0	0.0	20.0	0.0	0.0	0.0	0.0	0.0	87.0	0.0	67.0	0.0	0.0	0.0	0.0	0.0	0.0	10.0	0.0	0.0	73.0	25.0	0.0	0.0	19.0	8.0	0.0	0.0	0.0	0.0	0.0	0.0	0.0	0.0	0.0	0.0	0.0	0.0	0.0	0.0	0.0	11.0	0.0	0.0	0.0	0.0	15.0	46.0	38.0	0.0	27.0	0.0	0.0	0.0	0.0	0.0	0.0	0.0	0.0	0.0	2.0	0.0	0.0	0.0	0.0	0.0	0.0	0.0	0.0	0.0	0.0	0.0	0.0	0.0	0.0	0.0	0.0	0.0	0.0	0.0	0.0	0.0	0.0	0.0	0.0	0.0	38.0	5.0	0.0	0.0	0.0	0.0	0.0	0.0	0.0	0.0	0.0	0.0	0.0	0.0	0.0	0.0	0.0	0.0	0.0	0.0	0.0	0.0	0.0	0.0	0.0	0.0	0.0	0.0	0.0	0.0	0.0	0.0
SRR9612392	0.0	265.0	1970.0	9.0	4.0	3211.0	134.0	181.0	3563.0	316.0	0.0	69.0	382.0	208.0	21.0	855.0	39.0	52.0	66.0	1333.0	274.0	0.0	92.0	697.0	3744.0	11.0	15.0	6.0	15.0	28.0	105.0	97.0	0.0	9.0	0.0	5.0	0.0	112.0	0.0	7.0	104.0	259.0	0.0	17.0	40.0	6.0	4.0	9.0	7.0	0.0	121.0	2.0	0.0	0.0	0.0	0.0	573.0	122.0	45.0	224.0	148.0	429.0	924.0	0.0	10.0	12.0	37.0	27.0	136.0	0.0	490.0	1000.0	125.0	50.0	152.0	77.0	180.0	0.0	19.0	20.0	45.0	109.0	677.0	52.0	20.0	26.0	276.0	0.0	0.0	184.0	21.0	0.0	6.0	169.0	56.0	51.0	0.0	29.0	193.0	0.0	8.0	154.0	82.0	0.0	24.0	139.0	0.0	0.0	0.0	0.0	89.0	0.0	7.0	169.0	6.0	2.0	0.0	0.0	724.0	22.0	18.0	0.0	0.0	0.0	97.0	946.0	0.0	255.0	202.0	82.0	0.0	202.0	0.0	25.0	0.0	0.0	6.0	0.0	0.0	0.0	0.0	12.0	0.0	0.0	0.0	18.0	506.0	55.0	60.0	0.0	75.0	215.0	0.0	0.0	0.0	105.0	79.0	234.0	49.0	0.0	172.0	0.0	43.0	23.0	26.0	0.0	0.0	3.0	10.0	22.0	41.0	0.0	0.0	136.0	22.0	0.0	0.0	8.0	0.0	12.0	30.0	0.0	10.0	66.0	0.0	0.0	214.0	0.0	34.0	0.0	20.0	0.0	0.0	0.0	10.0	0.0	127.0	0.0	5.0	2.0	39.0	0.0	44.0	0.0	62.0	90.0	10.0	0.0	0.0	0.0	13.0	3.0	0.0	0.0	10.0	0.0	192.0	0.0	91.0	0.0	0.0	2.0	0.0	0.0	0.0	6.0	0.0	0.0	52.0	11.0	0.0	0.0	10.0	0.0	0.0	0.0	2.0	0.0	0.0	0.0	0.0	7.0	0.0	10.0	0.0	0.0	0.0	0.0	5.0	0.0	3.0	0.0	0.0	0.0	0.0	11.0	68.0	0.0	0.0	0.0	10.0	0.0	0.0	0.0	0.0	0.0	0.0	0.0	0.0	0.0	0.0	0.0	0.0	0.0	0.0	0.0	0.0	0.0	0.0	0.0	0.0	0.0	0.0	0.0	0.0	0.0	0.0	0.0	0.0	0.0	0.0	0.0	0.0	0.0	39.0	0.0	0.0	0.0	0.0	0.0	0.0	0.0	0.0	0.0	0.0	0.0	0.0	0.0	0.0	0.0	0.0	0.0	0.0	0.0	0.0	0.0	0.0	0.0	0.0	0.0	0.0	0.0	0.0	0.0	0.0	0.0
SRR9612393	0.0	161.0	951.0	0.0	12.0	2992.0	117.0	27.0	3848.0	191.0	0.0	33.0	395.0	187.0	7.0	690.0	5.0	24.0	63.0	951.0	87.0	0.0	48.0	413.0	2134.0	5.0	0.0	7.0	32.0	33.0	17.0	66.0	0.0	19.0	0.0	4.0	0.0	163.0	0.0	19.0	120.0	463.0	0.0	36.0	25.0	12.0	0.0	0.0	5.0	10.0	18.0	5.0	0.0	0.0	0.0	0.0	159.0	91.0	0.0	156.0	34.0	152.0	201.0	0.0	0.0	7.0	8.0	15.0	144.0	6.0	308.0	1106.0	90.0	23.0	85.0	26.0	84.0	0.0	46.0	23.0	1.0	83.0	644.0	9.0	26.0	0.0	315.0	0.0	0.0	81.0	46.0	0.0	0.0	105.0	27.0	0.0	0.0	0.0	207.0	0.0	7.0	60.0	42.0	0.0	0.0	379.0	8.0	0.0	0.0	0.0	42.0	0.0	4.0	52.0	21.0	0.0	0.0	0.0	88.0	39.0	0.0	0.0	0.0	0.0	146.0	793.0	15.0	152.0	251.0	150.0	0.0	84.0	0.0	0.0	0.0	0.0	14.0	0.0	0.0	0.0	14.0	0.0	2.0	0.0	2.0	11.0	205.0	0.0	5.0	0.0	26.0	62.0	0.0	0.0	3.0	85.0	21.0	148.0	8.0	0.0	113.0	0.0	0.0	7.0	3.0	0.0	0.0	0.0	20.0	13.0	8.0	0.0	8.0	94.0	13.0	0.0	0.0	0.0	0.0	0.0	22.0	0.0	0.0	26.0	0.0	0.0	157.0	0.0	21.0	0.0	48.0	0.0	0.0	0.0	4.0	0.0	37.0	0.0	0.0	0.0	37.0	0.0	56.0	0.0	45.0	24.0	13.0	0.0	0.0	0.0	26.0	3.0	4.0	0.0	0.0	0.0	67.0	0.0	48.0	0.0	0.0	0.0	0.0	0.0	0.0	8.0	0.0	0.0	26.0	0.0	0.0	0.0	29.0	10.0	0.0	0.0	0.0	0.0	0.0	0.0	0.0	0.0	0.0	0.0	0.0	0.0	0.0	0.0	0.0	0.0	0.0	0.0	0.0	0.0	0.0	0.0	25.0	0.0	0.0	0.0	3.0	0.0	0.0	0.0	0.0	0.0	0.0	0.0	0.0	0.0	0.0	0.0	0.0	0.0	0.0	0.0	0.0	0.0	0.0	0.0	0.0	0.0	0.0	0.0	0.0	0.0	0.0	0.0	0.0	0.0	0.0	0.0	0.0	0.0	19.0	0.0	0.0	0.0	0.0	0.0	0.0	0.0	0.0	0.0	0.0	0.0	0.0	0.0	0.0	0.0	0.0	0.0	0.0	0.0	0.0	0.0	0.0	0.0	0.0	0.0	0.0	0.0	0.0	0.0	0.0	0.0
SRR9612394	0.0	97.0	11.0	0.0	0.0	24.0	0.0	0.0	5584.0	334.0	8.0	12.0	731.0	468.0	0.0	964.0	4.0	35.0	40.0	344.0	141.0	0.0	4.0	29.0	93.0	0.0	0.0	34.0	71.0	0.0	5.0	35.0	19.0	23.0	0.0	6.0	0.0	19.0	162.0	40.0	23.0	152.0	0.0	4.0	0.0	0.0	0.0	0.0	0.0	0.0	0.0	0.0	0.0	0.0	0.0	0.0	0.0	13.0	0.0	6.0	69.0	631.0	0.0	0.0	0.0	0.0	0.0	0.0	178.0	0.0	206.0	29.0	0.0	17.0	0.0	0.0	0.0	0.0	36.0	18.0	126.0	0.0	13.0	0.0	2.0	0.0	510.0	0.0	0.0	0.0	0.0	0.0	0.0	39.0	0.0	0.0	0.0	8.0	13.0	0.0	0.0	90.0	46.0	3.0	0.0	0.0	0.0	0.0	0.0	0.0	0.0	0.0	2.0	56.0	0.0	0.0	3.0	0.0	12.0	0.0	0.0	0.0	0.0	0.0	0.0	17.0	0.0	5.0	0.0	1627.0	0.0	26.0	9.0	0.0	5.0	3.0	2.0	0.0	0.0	0.0	0.0	0.0	0.0	0.0	0.0	0.0	11.0	0.0	5.0	0.0	81.0	0.0	0.0	0.0	0.0	166.0	0.0	12.0	0.0	0.0	4.0	0.0	91.0	0.0	0.0	0.0	0.0	0.0	0.0	3.0	0.0	0.0	26.0	0.0	0.0	0.0	0.0	0.0	0.0	38.0	3.0	0.0	0.0	41.0	0.0	0.0	61.0	0.0	0.0	0.0	0.0	0.0	0.0	0.0	11.0	0.0	31.0	0.0	0.0	0.0	5.0	0.0	0.0	0.0	6.0	0.0	0.0	6.0	0.0	0.0	0.0	0.0	0.0	0.0	0.0	6.0	0.0	0.0	8.0	0.0	0.0	0.0	0.0	0.0	0.0	0.0	0.0	0.0	0.0	0.0	0.0	0.0	0.0	0.0	0.0	0.0	0.0	0.0	0.0	0.0	0.0	0.0	0.0	0.0	0.0	0.0	0.0	0.0	0.0	0.0	0.0	0.0	0.0	0.0	0.0	0.0	0.0	0.0	0.0	0.0	0.0	0.0	0.0	0.0	0.0	0.0	0.0	0.0	0.0	0.0	0.0	0.0	0.0	0.0	0.0	0.0	0.0	0.0	0.0	0.0	0.0	0.0	0.0	0.0	0.0	0.0	0.0	0.0	0.0	0.0	0.0	0.0	0.0	0.0	0.0	0.0	0.0	0.0	0.0	0.0	0.0	0.0	0.0	0.0	0.0	0.0	0.0	0.0	0.0	0.0	0.0	0.0	0.0	0.0	0.0	0.0	0.0	0.0	0.0	0.0	0.0	0.0	0.0	0.0	0.0	0.0
SRR9612395	0.0	200.0	16.0	0.0	0.0	31.0	0.0	8.0	3397.0	275.0	7.0	11.0	132.0	289.0	0.0	640.0	0.0	0.0	6.0	3248.0	3.0	0.0	3.0	3.0	172.0	0.0	0.0	96.0	6.0	0.0	0.0	23.0	0.0	13.0	0.0	0.0	0.0	12.0	4.0	3.0	18.0	17.0	0.0	3.0	0.0	2.0	0.0	0.0	0.0	0.0	0.0	0.0	0.0	0.0	0.0	0.0	0.0	0.0	0.0	0.0	0.0	95.0	0.0	0.0	0.0	0.0	14.0	0.0	223.0	0.0	59.0	0.0	6.0	0.0	46.0	0.0	0.0	0.0	54.0	10.0	57.0	2.0	0.0	0.0	5.0	0.0	306.0	0.0	0.0	0.0	7.0	0.0	2.0	0.0	2.0	0.0	0.0	0.0	30.0	0.0	0.0	15.0	0.0	0.0	0.0	0.0	0.0	0.0	0.0	0.0	0.0	0.0	0.0	18.0	13.0	0.0	0.0	0.0	10.0	0.0	0.0	0.0	0.0	0.0	0.0	6.0	0.0	8.0	9.0	336.0	0.0	12.0	0.0	0.0	0.0	0.0	0.0	0.0	0.0	0.0	0.0	0.0	0.0	2.0	0.0	0.0	4.0	0.0	0.0	0.0	0.0	0.0	0.0	0.0	0.0	68.0	6.0	6.0	0.0	0.0	12.0	0.0	403.0	0.0	0.0	0.0	0.0	0.0	0.0	0.0	0.0	0.0	0.0	5.0	4.0	0.0	0.0	0.0	0.0	3.0	0.0	0.0	0.0	76.0	0.0	0.0	0.0	0.0	0.0	0.0	2.0	0.0	0.0	0.0	0.0	0.0	105.0	0.0	0.0	0.0	4.0	0.0	35.0	0.0	0.0	3.0	0.0	0.0	0.0	0.0	0.0	0.0	8.0	0.0	0.0	0.0	0.0	0.0	0.0	0.0	0.0	0.0	0.0	0.0	0.0	0.0	0.0	0.0	0.0	0.0	0.0	0.0	0.0	0.0	0.0	0.0	0.0	0.0	0.0	0.0	0.0	0.0	0.0	0.0	0.0	5.0	0.0	0.0	0.0	0.0	0.0	0.0	0.0	0.0	0.0	0.0	0.0	0.0	0.0	0.0	0.0	0.0	0.0	0.0	0.0	0.0	0.0	0.0	0.0	0.0	0.0	0.0	0.0	0.0	0.0	0.0	0.0	0.0	0.0	0.0	0.0	0.0	0.0	0.0	0.0	0.0	0.0	0.0	0.0	0.0	0.0	0.0	0.0	0.0	5.0	0.0	0.0	0.0	0.0	0.0	0.0	0.0	0.0	0.0	0.0	0.0	0.0	0.0	0.0	0.0	0.0	0.0	0.0	0.0	0.0	0.0	0.0	0.0	0.0	0.0	0.0	0.0	0.0	0.0	0.0	0.0
SRR9612396	0.0	58.0	4.0	0.0	25.0	10.0	0.0	0.0	2384.0	85.0	0.0	2.0	159.0	134.0	0.0	403.0	0.0	0.0	0.0	10542.0	34.0	0.0	0.0	0.0	49.0	0.0	0.0	222.0	21.0	0.0	0.0	25.0	0.0	19.0	0.0	0.0	0.0	32.0	8.0	4.0	14.0	23.0	0.0	0.0	0.0	0.0	0.0	0.0	0.0	0.0	0.0	4.0	0.0	0.0	0.0	0.0	0.0	0.0	0.0	0.0	0.0	86.0	4.0	0.0	0.0	0.0	35.0	0.0	66.0	0.0	96.0	0.0	0.0	0.0	57.0	0.0	0.0	0.0	81.0	0.0	18.0	3.0	10.0	0.0	5.0	0.0	399.0	0.0	13.0	0.0	0.0	0.0	0.0	0.0	0.0	0.0	0.0	0.0	0.0	0.0	0.0	451.0	0.0	0.0	0.0	0.0	0.0	0.0	0.0	0.0	0.0	0.0	0.0	0.0	0.0	0.0	0.0	0.0	12.0	0.0	0.0	0.0	0.0	0.0	8.0	0.0	0.0	0.0	5.0	69.0	0.0	11.0	161.0	0.0	0.0	0.0	0.0	0.0	0.0	0.0	0.0	0.0	0.0	2.0	0.0	0.0	5.0	0.0	0.0	0.0	0.0	0.0	0.0	0.0	0.0	8.0	0.0	0.0	0.0	0.0	1.0	0.0	496.0	0.0	2.0	0.0	0.0	0.0	0.0	5.0	0.0	0.0	0.0	0.0	0.0	4.0	0.0	2.0	0.0	0.0	0.0	0.0	0.0	0.0	0.0	0.0	12.0	0.0	0.0	0.0	0.0	0.0	0.0	0.0	0.0	0.0	363.0	0.0	0.0	0.0	3.0	0.0	0.0	0.0	0.0	0.0	0.0	0.0	0.0	0.0	0.0	6.0	13.0	0.0	0.0	0.0	0.0	0.0	0.0	0.0	0.0	0.0	0.0	0.0	0.0	0.0	0.0	0.0	0.0	0.0	0.0	0.0	0.0	0.0	0.0	0.0	0.0	0.0	0.0	0.0	0.0	0.0	0.0	0.0	0.0	0.0	0.0	0.0	0.0	0.0	0.0	0.0	0.0	0.0	0.0	0.0	0.0	0.0	0.0	0.0	0.0	0.0	0.0	0.0	0.0	0.0	0.0	0.0	0.0	0.0	0.0	0.0	0.0	0.0	0.0	0.0	0.0	0.0	0.0	0.0	0.0	0.0	0.0	0.0	0.0	0.0	0.0	0.0	0.0	0.0	0.0	0.0	0.0	0.0	0.0	0.0	0.0	0.0	0.0	0.0	0.0	0.0	0.0	0.0	0.0	0.0	0.0	0.0	0.0	0.0	0.0	0.0	0.0	0.0	0.0	0.0	0.0	0.0	0.0	0.0	0.0	0.0	0.0	0.0	0.0	0.0
SRR9612397	0.0	148.0	13.0	0.0	12838.0	3.0	0.0	0.0	3288.0	278.0	0.0	0.0	357.0	325.0	3.0	846.0	0.0	9.0	5.0	3319.0	19.0	0.0	19.0	21.0	82.0	0.0	0.0	149.0	15.0	0.0	3.0	0.0	0.0	41.0	0.0	0.0	108.0	54.0	51.0	0.0	20.0	50.0	0.0	0.0	0.0	0.0	0.0	0.0	0.0	0.0	0.0	0.0	0.0	0.0	0.0	0.0	0.0	23.0	0.0	0.0	8.0	290.0	0.0	0.0	0.0	0.0	147.0	0.0	87.0	0.0	57.0	13.0	2.0	17.0	26.0	0.0	5.0	44.0	195.0	28.0	83.0	0.0	0.0	0.0	0.0	0.0	343.0	0.0	0.0	0.0	2.0	0.0	4.0	12.0	0.0	0.0	2.0	4.0	15.0	0.0	0.0	83.0	0.0	4.0	0.0	0.0	0.0	0.0	0.0	0.0	0.0	0.0	0.0	9.0	0.0	0.0	0.0	0.0	10.0	0.0	0.0	0.0	0.0	0.0	5.0	0.0	0.0	0.0	0.0	778.0	0.0	7.0	25.0	0.0	0.0	0.0	0.0	0.0	0.0	0.0	0.0	0.0	0.0	0.0	0.0	0.0	13.0	0.0	0.0	2.0	22.0	2.0	0.0	0.0	0.0	101.0	0.0	4.0	0.0	0.0	6.0	0.0	632.0	0.0	0.0	0.0	0.0	0.0	0.0	0.0	0.0	0.0	0.0	0.0	0.0	176.0	0.0	0.0	0.0	0.0	4.0	0.0	0.0	27.0	0.0	0.0	0.0	0.0	0.0	0.0	0.0	0.0	0.0	0.0	0.0	0.0	89.0	0.0	0.0	0.0	0.0	0.0	10.0	0.0	17.0	0.0	0.0	0.0	0.0	0.0	0.0	0.0	4915.0	0.0	0.0	0.0	0.0	0.0	3.0	0.0	0.0	0.0	0.0	0.0	0.0	0.0	0.0	0.0	0.0	0.0	0.0	0.0	0.0	0.0	0.0	0.0	0.0	0.0	0.0	0.0	0.0	0.0	0.0	0.0	0.0	0.0	0.0	0.0	0.0	0.0	0.0	0.0	0.0	0.0	0.0	0.0	0.0	0.0	0.0	0.0	0.0	0.0	0.0	0.0	0.0	0.0	0.0	0.0	0.0	0.0	0.0	0.0	0.0	0.0	0.0	0.0	0.0	0.0	0.0	0.0	0.0	0.0	0.0	0.0	0.0	0.0	0.0	0.0	0.0	0.0	0.0	0.0	0.0	0.0	0.0	0.0	0.0	0.0	0.0	0.0	0.0	0.0	0.0	0.0	0.0	0.0	0.0	0.0	0.0	0.0	0.0	0.0	0.0	0.0	0.0	0.0	0.0	0.0	0.0	0.0	0.0	0.0	0.0	0.0	0.0	0.0
SRR9612398	0.0	134.0	1511.0	0.0	198.0	2166.0	99.0	14.0	2366.0	135.0	0.0	7.0	320.0	117.0	8.0	889.0	30.0	30.0	79.0	2565.0	174.0	0.0	39.0	485.0	2591.0	0.0	0.0	66.0	28.0	17.0	14.0	126.0	108.0	26.0	0.0	7.0	0.0	319.0	15.0	21.0	87.0	195.0	9.0	26.0	26.0	18.0	0.0	0.0	3.0	0.0	21.0	5.0	0.0	22.0	8.0	0.0	435.0	52.0	26.0	78.0	31.0	90.0	546.0	0.0	0.0	0.0	150.0	48.0	187.0	13.0	226.0	939.0	71.0	15.0	117.0	37.0	134.0	0.0	42.0	24.0	12.0	18.0	793.0	10.0	43.0	0.0	191.0	8.0	0.0	100.0	72.0	0.0	0.0	92.0	25.0	12.0	0.0	0.0	173.0	4.0	4.0	53.0	86.0	0.0	0.0	212.0	0.0	0.0	0.0	0.0	45.0	0.0	0.0	35.0	6.0	0.0	21.0	0.0	155.0	15.0	0.0	0.0	0.0	0.0	304.0	655.0	0.0	150.0	215.0	47.0	0.0	69.0	40.0	13.0	0.0	0.0	0.0	0.0	12.0	5.0	65.0	0.0	0.0	0.0	0.0	16.0	393.0	12.0	41.0	0.0	30.0	69.0	0.0	0.0	4.0	48.0	218.0	125.0	10.0	0.0	72.0	0.0	0.0	7.0	16.0	0.0	13.0	5.0	0.0	0.0	10.0	0.0	0.0	42.0	45.0	7.0	0.0	0.0	0.0	3.0	1.0	0.0	0.0	10.0	0.0	0.0	159.0	0.0	40.0	0.0	0.0	0.0	0.0	0.0	3.0	0.0	274.0	0.0	0.0	0.0	52.0	2.0	14.0	0.0	18.0	18.0	8.0	0.0	0.0	0.0	17.0	0.0	0.0	0.0	0.0	0.0	49.0	0.0	24.0	0.0	0.0	0.0	0.0	0.0	0.0	0.0	0.0	0.0	37.0	28.0	0.0	0.0	13.0	7.0	0.0	0.0	0.0	0.0	0.0	7.0	0.0	0.0	0.0	0.0	0.0	0.0	0.0	0.0	0.0	0.0	0.0	4.0	0.0	0.0	0.0	0.0	26.0	0.0	0.0	0.0	5.0	0.0	0.0	0.0	0.0	0.0	0.0	0.0	0.0	0.0	0.0	0.0	0.0	0.0	0.0	0.0	0.0	0.0	0.0	0.0	0.0	0.0	0.0	0.0	0.0	0.0	0.0	0.0	0.0	0.0	0.0	0.0	0.0	0.0	31.0	0.0	0.0	0.0	0.0	0.0	0.0	0.0	0.0	0.0	0.0	0.0	0.0	0.0	0.0	0.0	0.0	0.0	0.0	0.0	0.0	0.0	0.0	0.0	0.0	0.0	0.0	0.0	0.0	0.0	0.0	0.0
SRR9612399	0.0	97.0	1993.0	0.0	194.0	2085.0	152.0	0.0	3239.0	113.0	0.0	11.0	223.0	112.0	9.0	1246.0	66.0	44.0	209.0	2755.0	129.0	0.0	60.0	463.0	2290.0	0.0	0.0	181.0	20.0	36.0	5.0	114.0	0.0	24.0	74.0	0.0	0.0	862.0	0.0	17.0	93.0	41.0	5.0	152.0	53.0	21.0	41.0	20.0	6.0	0.0	42.0	11.0	0.0	41.0	0.0	10.0	229.0	58.0	0.0	63.0	14.0	76.0	554.0	0.0	0.0	0.0	103.0	33.0	241.0	24.0	173.0	1140.0	97.0	5.0	147.0	32.0	162.0	0.0	114.0	4.0	2.0	71.0	1075.0	32.0	83.0	22.0	138.0	0.0	0.0	132.0	53.0	11.0	0.0	80.0	31.0	10.0	5.0	7.0	242.0	16.0	5.0	38.0	13.0	0.0	2.0	480.0	0.0	0.0	2.0	0.0	87.0	0.0	0.0	31.0	5.0	0.0	12.0	0.0	64.0	0.0	11.0	0.0	30.0	0.0	386.0	732.0	0.0	179.0	189.0	11.0	0.0	33.0	68.0	14.0	0.0	0.0	0.0	0.0	0.0	4.0	45.0	0.0	6.0	15.0	21.0	23.0	324.0	2.0	48.0	0.0	26.0	62.0	4.0	16.0	4.0	28.0	404.0	92.0	5.0	0.0	119.0	0.0	0.0	3.0	44.0	0.0	0.0	3.0	24.0	0.0	29.0	0.0	0.0	94.0	46.0	0.0	3.0	0.0	0.0	4.0	16.0	0.0	0.0	0.0	0.0	0.0	216.0	2.0	16.0	0.0	0.0	4.0	0.0	0.0	0.0	0.0	111.0	0.0	0.0	0.0	53.0	6.0	0.0	0.0	3.0	25.0	0.0	0.0	0.0	0.0	31.0	0.0	0.0	0.0	0.0	5.0	81.0	0.0	25.0	0.0	0.0	11.0	0.0	3.0	3.0	15.0	2.0	0.0	33.0	10.0	0.0	0.0	0.0	7.0	0.0	0.0	0.0	0.0	4.0	0.0	0.0	0.0	0.0	0.0	0.0	0.0	0.0	0.0	0.0	12.0	0.0	0.0	0.0	0.0	14.0	3.0	21.0	0.0	20.0	0.0	24.0	0.0	2.0	0.0	0.0	0.0	0.0	0.0	0.0	0.0	0.0	0.0	0.0	0.0	0.0	0.0	0.0	0.0	0.0	4.0	6.0	0.0	0.0	0.0	0.0	0.0	0.0	0.0	0.0	0.0	0.0	0.0	0.0	0.0	54.0	0.0	0.0	0.0	0.0	0.0	0.0	14.0	0.0	0.0	0.0	0.0	0.0	0.0	0.0	0.0	0.0	0.0	0.0	0.0	0.0	0.0	0.0	0.0	0.0	0.0	0.0	0.0	0.0	0.0	0.0	0.0
SRR9612400	0.0	428.0	2942.0	20.0	22.0	8167.0	145.0	37.0	7445.0	501.0	8.0	164.0	597.0	406.0	8.0	1147.0	73.0	57.0	392.0	1642.0	837.0	7.0	117.0	942.0	4060.0	0.0	60.0	11.0	0.0	40.0	43.0	315.0	55.0	24.0	0.0	20.0	11.0	128.0	33.0	86.0	102.0	1100.0	14.0	50.0	79.0	0.0	9.0	0.0	170.0	0.0	55.0	0.0	2.0	0.0	19.0	0.0	347.0	338.0	61.0	563.0	57.0	571.0	717.0	0.0	0.0	0.0	7.0	96.0	286.0	0.0	577.0	1381.0	267.0	53.0	147.0	242.0	227.0	0.0	11.0	135.0	0.0	234.0	1308.0	41.0	16.0	40.0	518.0	57.0	0.0	148.0	25.0	0.0	0.0	435.0	156.0	98.0	0.0	70.0	284.0	0.0	3.0	196.0	148.0	0.0	2.0	521.0	10.0	0.0	0.0	0.0	102.0	6.0	3.0	49.0	21.0	0.0	3.0	9.0	320.0	34.0	40.0	0.0	0.0	0.0	291.0	2005.0	4.0	332.0	516.0	159.0	0.0	90.0	0.0	14.0	11.0	39.0	7.0	0.0	27.0	14.0	18.0	31.0	0.0	2.0	9.0	27.0	713.0	216.0	124.0	4.0	81.0	277.0	0.0	0.0	3.0	121.0	41.0	202.0	117.0	0.0	279.0	2.0	28.0	19.0	0.0	0.0	0.0	6.0	0.0	49.0	82.0	0.0	16.0	153.0	15.0	0.0	0.0	40.0	0.0	0.0	7.0	0.0	0.0	48.0	7.0	0.0	424.0	0.0	74.0	0.0	18.0	0.0	3.0	0.0	0.0	0.0	9.0	0.0	0.0	2.0	9.0	3.0	33.0	0.0	70.0	36.0	14.0	26.0	0.0	0.0	36.0	0.0	3.0	0.0	25.0	10.0	130.0	0.0	109.0	0.0	0.0	0.0	0.0	0.0	0.0	20.0	4.0	0.0	188.0	10.0	0.0	0.0	91.0	14.0	0.0	0.0	0.0	0.0	18.0	0.0	0.0	0.0	0.0	0.0	6.0	0.0	0.0	0.0	10.0	0.0	0.0	0.0	0.0	0.0	7.0	0.0	45.0	0.0	0.0	0.0	0.0	2.0	0.0	0.0	0.0	0.0	0.0	0.0	0.0	0.0	0.0	0.0	0.0	16.0	0.0	0.0	0.0	0.0	0.0	0.0	0.0	0.0	0.0	0.0	0.0	0.0	0.0	0.0	0.0	0.0	0.0	0.0	0.0	0.0	47.0	0.0	0.0	0.0	0.0	0.0	0.0	0.0	0.0	0.0	0.0	0.0	0.0	0.0	0.0	0.0	0.0	0.0	0.0	0.0	0.0	0.0	0.0	0.0	0.0	0.0	10.0	0.0	0.0	0.0	0.0	0.0
SRR9612401	0.0	43.0	16.0	5.0	0.0	43.0	0.0	0.0	3904.0	732.0	0.0	8.0	1534.0	323.0	0.0	502.0	0.0	7.0	28.0	310.0	172.0	0.0	0.0	14.0	91.0	0.0	0.0	32.0	0.0	0.0	0.0	0.0	17.0	0.0	0.0	4.0	2.0	13.0	18.0	17.0	683.0	165.0	0.0	4.0	0.0	0.0	0.0	0.0	2.0	0.0	0.0	0.0	0.0	0.0	0.0	0.0	0.0	67.0	0.0	0.0	88.0	1122.0	0.0	0.0	0.0	0.0	0.0	0.0	103.0	0.0	403.0	0.0	0.0	0.0	5.0	3.0	0.0	0.0	0.0	36.0	0.0	5.0	9.0	0.0	3.0	0.0	458.0	0.0	0.0	0.0	0.0	0.0	0.0	35.0	0.0	0.0	0.0	67.0	12.0	0.0	0.0	134.0	71.0	0.0	0.0	0.0	0.0	0.0	0.0	0.0	0.0	0.0	8.0	13.0	0.0	0.0	0.0	0.0	4.0	0.0	0.0	0.0	0.0	0.0	0.0	0.0	6.0	0.0	31.0	392.0	2.0	66.0	0.0	0.0	0.0	113.0	2.0	0.0	61.0	0.0	0.0	0.0	0.0	0.0	0.0	0.0	18.0	0.0	39.0	0.0	36.0	0.0	0.0	0.0	0.0	191.0	0.0	0.0	0.0	0.0	0.0	0.0	0.0	0.0	0.0	0.0	0.0	0.0	0.0	0.0	5.0	0.0	26.0	8.0	0.0	0.0	0.0	0.0	0.0	2.0	0.0	0.0	0.0	7.0	0.0	0.0	0.0	0.0	0.0	0.0	0.0	0.0	0.0	0.0	16.0	0.0	0.0	0.0	2.0	4.0	0.0	0.0	20.0	0.0	0.0	0.0	0.0	0.0	0.0	0.0	0.0	0.0	0.0	0.0	0.0	0.0	0.0	0.0	31.0	0.0	0.0	0.0	0.0	0.0	0.0	2.0	0.0	0.0	0.0	0.0	0.0	0.0	0.0	0.0	0.0	0.0	0.0	0.0	0.0	0.0	0.0	0.0	0.0	0.0	0.0	0.0	0.0	0.0	0.0	0.0	0.0	0.0	0.0	0.0	0.0	0.0	0.0	0.0	0.0	0.0	0.0	0.0	0.0	0.0	0.0	0.0	0.0	0.0	0.0	0.0	0.0	0.0	0.0	0.0	0.0	0.0	0.0	0.0	0.0	0.0	0.0	0.0	0.0	0.0	0.0	0.0	0.0	0.0	0.0	0.0	0.0	0.0	0.0	0.0	0.0	0.0	0.0	0.0	0.0	0.0	0.0	0.0	0.0	0.0	0.0	0.0	0.0	0.0	0.0	0.0	0.0	0.0	0.0	0.0	0.0	0.0	0.0	0.0	0.0	0.0	0.0	0.0	0.0	0.0	0.0	0.0
SRR9612402	2.0	684.0	2966.0	29.0	0.0	6182.0	239.0	21.0	4048.0	434.0	0.0	90.0	838.0	377.0	26.0	866.0	95.0	119.0	391.0	1108.0	605.0	2.0	192.0	641.0	4158.0	16.0	16.0	0.0	8.0	58.0	33.0	5.0	1043.0	0.0	0.0	1.0	11.0	261.0	0.0	114.0	191.0	1111.0	10.0	360.0	27.0	0.0	6.0	0.0	124.0	0.0	45.0	0.0	0.0	0.0	0.0	0.0	227.0	311.0	58.0	588.0	160.0	464.0	499.0	0.0	0.0	0.0	9.0	53.0	129.0	0.0	426.0	1120.0	177.0	80.0	187.0	72.0	215.0	0.0	25.0	90.0	6.0	309.0	644.0	21.0	24.0	30.0	472.0	10.0	0.0	338.0	0.0	0.0	0.0	361.0	74.0	47.0	0.0	95.0	476.0	0.0	3.0	192.0	150.0	0.0	0.0	392.0	0.0	0.0	0.0	0.0	119.0	0.0	7.0	67.0	27.0	0.0	0.0	10.0	203.0	20.0	27.0	0.0	3.0	0.0	137.0	1571.0	26.0	576.0	511.0	33.0	0.0	135.0	6.0	0.0	7.0	13.0	0.0	0.0	0.0	0.0	9.0	20.0	3.0	0.0	0.0	42.0	1275.0	148.0	175.0	0.0	237.0	122.0	0.0	0.0	7.0	121.0	25.0	223.0	91.0	0.0	436.0	5.0	41.0	22.0	15.0	0.0	0.0	0.0	0.0	57.0	86.0	0.0	2.0	268.0	18.0	0.0	0.0	12.0	0.0	8.0	27.0	0.0	0.0	44.0	0.0	0.0	391.0	12.0	115.0	8.0	29.0	0.0	4.0	0.0	0.0	0.0	0.0	0.0	10.0	0.0	2.0	0.0	17.0	0.0	28.0	47.0	21.0	6.0	0.0	0.0	20.0	0.0	5.0	7.0	6.0	7.0	123.0	0.0	221.0	0.0	0.0	0.0	0.0	0.0	0.0	25.0	0.0	3.0	163.0	0.0	0.0	0.0	99.0	42.0	0.0	0.0	0.0	0.0	48.0	0.0	0.0	0.0	0.0	0.0	0.0	0.0	0.0	0.0	11.0	0.0	3.0	0.0	0.0	0.0	0.0	0.0	24.0	2.0	0.0	0.0	0.0	0.0	0.0	0.0	0.0	0.0	0.0	0.0	0.0	0.0	0.0	0.0	0.0	0.0	0.0	0.0	0.0	0.0	0.0	0.0	0.0	0.0	0.0	0.0	7.0	0.0	0.0	0.0	0.0	0.0	0.0	0.0	0.0	0.0	78.0	0.0	0.0	0.0	0.0	0.0	0.0	0.0	0.0	0.0	0.0	0.0	0.0	0.0	0.0	0.0	0.0	0.0	0.0	0.0	0.0	0.0	0.0	0.0	0.0	0.0	0.0	0.0	0.0	0.0	0.0	0.0
SRR9612403	0.0	258.0	3799.0	14.0	116.0	7288.0	437.0	29.0	7004.0	341.0	0.0	114.0	708.0	219.0	34.0	957.0	106.0	63.0	311.0	3070.0	371.0	0.0	107.0	828.0	3925.0	0.0	24.0	129.0	20.0	40.0	0.0	411.0	15.0	13.0	57.0	0.0	83.0	357.0	29.0	152.0	151.0	569.0	40.0	105.0	67.0	8.0	12.0	5.0	50.0	0.0	88.0	18.0	0.0	0.0	0.0	15.0	143.0	374.0	22.0	292.0	128.0	283.0	572.0	0.0	50.0	0.0	16.0	61.0	729.0	21.0	474.0	1731.0	325.0	35.0	187.0	85.0	314.0	38.0	44.0	268.0	91.0	276.0	1273.0	4.0	49.0	39.0	335.0	31.0	0.0	241.0	39.0	0.0	0.0	236.0	121.0	25.0	0.0	173.0	748.0	2.0	14.0	99.0	108.0	0.0	8.0	783.0	0.0	0.0	0.0	0.0	118.0	0.0	13.0	83.0	29.0	0.0	6.0	0.0	107.0	54.0	29.0	4.0	38.0	0.0	487.0	1324.0	20.0	416.0	519.0	159.0	0.0	53.0	0.0	0.0	4.0	15.0	17.0	0.0	0.0	0.0	15.0	0.0	0.0	2.0	0.0	35.0	870.0	0.0	136.0	0.0	85.0	96.0	0.0	0.0	9.0	41.0	105.0	175.0	47.0	0.0	267.0	0.0	27.0	17.0	26.0	0.0	0.0	0.0	25.0	0.0	49.0	0.0	30.0	386.0	32.0	0.0	0.0	0.0	0.0	0.0	31.0	0.0	0.0	24.0	0.0	0.0	405.0	8.0	63.0	0.0	40.0	0.0	3.0	0.0	12.0	0.0	0.0	8.0	16.0	5.0	16.0	9.0	8.0	0.0	60.0	58.0	17.0	0.0	0.0	0.0	44.0	5.0	7.0	0.0	0.0	24.0	23.0	0.0	77.0	0.0	0.0	0.0	0.0	0.0	0.0	4.0	36.0	4.0	137.0	9.0	0.0	0.0	33.0	19.0	0.0	0.0	0.0	0.0	0.0	10.0	7.0	0.0	0.0	5.0	0.0	0.0	0.0	0.0	0.0	0.0	5.0	0.0	0.0	0.0	16.0	7.0	30.0	0.0	0.0	0.0	0.0	0.0	2.0	0.0	0.0	0.0	0.0	0.0	0.0	0.0	0.0	0.0	3.0	0.0	0.0	0.0	0.0	0.0	0.0	0.0	0.0	0.0	0.0	0.0	0.0	0.0	0.0	0.0	0.0	0.0	0.0	0.0	0.0	0.0	94.0	0.0	0.0	0.0	0.0	0.0	0.0	0.0	0.0	0.0	0.0	0.0	0.0	0.0	0.0	0.0	0.0	0.0	0.0	0.0	0.0	0.0	0.0	0.0	0.0	0.0	0.0	0.0	0.0	0.0	0.0	0.0
SRR9612404	0.0	756.0	5542.0	5.0	7.0	8433.0	271.0	18.0	4896.0	554.0	0.0	63.0	976.0	365.0	35.0	836.0	144.0	103.0	622.0	1637.0	748.0	3.0	295.0	760.0	6909.0	6.0	24.0	0.0	0.0	50.0	27.0	30.0	1.0	0.0	43.0	2.0	0.0	285.0	17.0	89.0	205.0	836.0	0.0	65.0	90.0	0.0	8.0	0.0	128.0	0.0	30.0	0.0	0.0	8.0	2.0	7.0	283.0	339.0	35.0	611.0	51.0	396.0	927.0	0.0	0.0	0.0	0.0	54.0	275.0	0.0	539.0	1718.0	271.0	72.0	294.0	78.0	325.0	0.0	16.0	77.0	8.0	438.0	799.0	17.0	53.0	54.0	486.0	32.0	0.0	496.0	15.0	0.0	0.0	380.0	171.0	32.0	0.0	38.0	852.0	0.0	4.0	127.0	131.0	0.0	6.0	558.0	0.0	0.0	0.0	0.0	137.0	0.0	17.0	51.0	60.0	0.0	0.0	11.0	185.0	37.0	40.0	0.0	0.0	0.0	218.0	2257.0	0.0	692.0	817.0	62.0	0.0	77.0	0.0	0.0	0.0	14.0	6.0	0.0	0.0	0.0	0.0	21.0	0.0	0.0	16.0	89.0	1607.0	42.0	206.0	0.0	205.0	172.0	0.0	0.0	8.0	144.0	38.0	260.0	106.0	0.0	542.0	0.0	43.0	20.0	0.0	0.0	0.0	0.0	25.0	175.0	69.0	0.0	17.0	249.0	6.0	0.0	0.0	9.0	0.0	0.0	49.0	0.0	0.0	22.0	0.0	0.0	514.0	4.0	116.0	7.0	31.0	0.0	3.0	0.0	6.0	0.0	0.0	0.0	0.0	0.0	0.0	0.0	4.0	0.0	64.0	34.0	31.0	29.0	0.0	0.0	29.0	0.0	0.0	0.0	7.0	0.0	85.0	0.0	175.0	0.0	0.0	2.0	0.0	0.0	0.0	20.0	3.0	0.0	156.0	0.0	0.0	0.0	97.0	27.0	0.0	0.0	0.0	0.0	19.0	0.0	0.0	0.0	0.0	5.0	0.0	0.0	0.0	0.0	5.0	0.0	0.0	0.0	0.0	0.0	0.0	5.0	57.0	11.0	0.0	0.0	0.0	0.0	0.0	0.0	4.0	0.0	0.0	0.0	0.0	0.0	0.0	0.0	0.0	0.0	0.0	0.0	0.0	0.0	0.0	0.0	0.0	0.0	0.0	0.0	0.0	0.0	0.0	0.0	0.0	0.0	0.0	0.0	0.0	0.0	136.0	0.0	0.0	0.0	0.0	0.0	0.0	0.0	0.0	0.0	0.0	0.0	0.0	0.0	0.0	0.0	0.0	0.0	0.0	0.0	0.0	2.0	0.0	0.0	0.0	0.0	7.0	0.0	0.0	0.0	0.0	0.0
SRR9612405	0.0	629.0	2238.0	12.0	20.0	5374.0	163.0	13.0	3877.0	433.0	0.0	55.0	861.0	343.0	28.0	673.0	110.0	144.0	472.0	760.0	4963.0	0.0	170.0	467.0	3856.0	6.0	23.0	0.0	0.0	43.0	7.0	18.0	50.0	5.0	11.0	17.0	7.0	160.0	59.0	84.0	188.0	834.0	0.0	428.0	31.0	0.0	5.0	0.0	228.0	0.0	19.0	0.0	0.0	0.0	23.0	4.0	145.0	241.0	17.0	402.0	157.0	391.0	402.0	0.0	0.0	0.0	0.0	49.0	390.0	0.0	717.0	1091.0	142.0	72.0	120.0	94.0	200.0	0.0	7.0	376.0	10.0	243.0	398.0	11.0	24.0	29.0	313.0	33.0	0.0	357.0	0.0	0.0	4.0	873.0	107.0	26.0	0.0	95.0	687.0	0.0	0.0	127.0	104.0	0.0	4.0	274.0	5.0	4.0	5.0	0.0	98.0	0.0	0.0	28.0	26.0	0.0	0.0	0.0	117.0	39.0	41.0	0.0	0.0	0.0	106.0	1201.0	13.0	405.0	500.0	44.0	0.0	95.0	0.0	0.0	0.0	29.0	4.0	0.0	0.0	0.0	0.0	0.0	0.0	0.0	6.0	27.0	849.0	112.0	228.0	0.0	124.0	37.0	0.0	0.0	0.0	117.0	0.0	140.0	67.0	0.0	247.0	3.0	55.0	13.0	0.0	0.0	0.0	4.0	14.0	36.0	44.0	0.0	435.0	213.0	13.0	0.0	0.0	10.0	0.0	0.0	30.0	0.0	0.0	22.0	0.0	5.0	265.0	0.0	57.0	8.0	21.0	0.0	13.0	0.0	41.0	0.0	0.0	0.0	0.0	0.0	0.0	0.0	25.0	0.0	4.0	17.0	9.0	17.0	0.0	0.0	30.0	10.0	0.0	0.0	0.0	0.0	74.0	0.0	105.0	0.0	0.0	0.0	0.0	0.0	0.0	18.0	0.0	0.0	140.0	0.0	0.0	0.0	52.0	10.0	0.0	0.0	0.0	0.0	12.0	0.0	0.0	0.0	0.0	0.0	0.0	0.0	0.0	0.0	17.0	0.0	18.0	0.0	0.0	0.0	0.0	0.0	48.0	3.0	0.0	0.0	0.0	0.0	0.0	0.0	0.0	0.0	0.0	0.0	0.0	0.0	0.0	0.0	0.0	0.0	0.0	0.0	0.0	0.0	0.0	0.0	0.0	0.0	0.0	0.0	0.0	0.0	0.0	0.0	0.0	0.0	0.0	0.0	0.0	0.0	66.0	0.0	0.0	0.0	0.0	0.0	0.0	0.0	0.0	0.0	0.0	0.0	0.0	0.0	0.0	0.0	0.0	0.0	0.0	0.0	0.0	0.0	0.0	0.0	0.0	0.0	0.0	0.0	0.0	0.0	0.0	0.0
SRR9612406	0.0	489.0	12.0	0.0	1098.0	0.0	0.0	0.0	7107.0	304.0	0.0	64.0	204.0	1067.0	5.0	811.0	0.0	7.0	0.0	2566.0	369.0	0.0	0.0	14.0	99.0	0.0	0.0	438.0	171.0	0.0	0.0	25.0	0.0	63.0	0.0	4.0	6.0	0.0	288.0	35.0	8.0	348.0	24.0	0.0	5.0	0.0	0.0	0.0	0.0	0.0	0.0	0.0	0.0	0.0	0.0	0.0	0.0	27.0	0.0	0.0	149.0	170.0	0.0	0.0	0.0	15.0	58.0	32.0	173.0	0.0	518.0	0.0	0.0	13.0	13.0	0.0	3.0	0.0	5.0	14.0	72.0	0.0	23.0	6.0	0.0	0.0	499.0	4.0	0.0	0.0	5.0	0.0	0.0	170.0	0.0	8.0	3.0	1219.0	13.0	0.0	0.0	456.0	530.0	8.0	0.0	0.0	0.0	0.0	0.0	0.0	0.0	0.0	0.0	11.0	0.0	0.0	0.0	0.0	34.0	0.0	0.0	0.0	0.0	0.0	0.0	0.0	6.0	0.0	0.0	277.0	0.0	205.0	47.0	5.0	0.0	10.0	8.0	0.0	0.0	0.0	0.0	0.0	0.0	0.0	0.0	0.0	0.0	2.0	10.0	0.0	192.0	0.0	0.0	0.0	0.0	238.0	0.0	0.0	0.0	0.0	0.0	0.0	574.0	0.0	0.0	0.0	0.0	0.0	0.0	46.0	0.0	0.0	31.0	0.0	0.0	33.0	0.0	0.0	0.0	0.0	0.0	0.0	0.0	131.0	0.0	0.0	720.0	0.0	0.0	0.0	0.0	0.0	0.0	0.0	66.0	0.0	346.0	0.0	0.0	0.0	0.0	0.0	0.0	0.0	10.0	0.0	0.0	40.0	0.0	0.0	0.0	0.0	0.0	0.0	0.0	0.0	0.0	0.0	0.0	0.0	0.0	0.0	0.0	0.0	0.0	0.0	0.0	0.0	0.0	0.0	0.0	0.0	0.0	0.0	0.0	0.0	0.0	0.0	0.0	0.0	0.0	0.0	0.0	0.0	0.0	0.0	0.0	0.0	0.0	0.0	0.0	0.0	0.0	0.0	0.0	0.0	0.0	0.0	0.0	0.0	0.0	0.0	0.0	0.0	0.0	0.0	0.0	0.0	0.0	0.0	0.0	0.0	0.0	0.0	0.0	0.0	0.0	0.0	0.0	0.0	0.0	0.0	0.0	2.0	0.0	0.0	0.0	0.0	0.0	0.0	0.0	0.0	0.0	0.0	0.0	0.0	0.0	0.0	0.0	0.0	0.0	0.0	0.0	0.0	0.0	0.0	0.0	0.0	0.0	0.0	0.0	0.0	0.0	0.0	0.0	0.0	0.0	0.0	0.0	0.0	0.0	0.0	0.0	0.0	0.0	0.0
SRR9612407	0.0	354.0	6.0	0.0	130.0	21.0	11.0	0.0	7517.0	194.0	0.0	4.0	117.0	1190.0	0.0	1793.0	0.0	4.0	3.0	12313.0	8.0	0.0	0.0	0.0	72.0	0.0	12.0	352.0	101.0	0.0	0.0	148.0	0.0	50.0	0.0	0.0	0.0	37.0	0.0	22.0	19.0	13.0	7.0	0.0	0.0	0.0	0.0	0.0	0.0	0.0	0.0	0.0	0.0	0.0	0.0	0.0	0.0	0.0	0.0	0.0	9.0	67.0	0.0	0.0	0.0	0.0	47.0	0.0	27.0	0.0	321.0	0.0	0.0	0.0	183.0	3.0	0.0	0.0	35.0	0.0	91.0	0.0	16.0	0.0	0.0	0.0	600.0	0.0	0.0	0.0	0.0	0.0	0.0	5.0	0.0	0.0	7.0	0.0	17.0	0.0	0.0	39.0	205.0	10.0	0.0	0.0	0.0	0.0	0.0	0.0	0.0	0.0	0.0	0.0	0.0	0.0	0.0	0.0	13.0	0.0	3.0	0.0	0.0	0.0	0.0	11.0	0.0	0.0	0.0	51.0	38.0	56.0	90.0	0.0	0.0	0.0	0.0	0.0	0.0	0.0	14.0	0.0	0.0	15.0	0.0	0.0	15.0	0.0	0.0	3.0	0.0	0.0	0.0	0.0	0.0	78.0	0.0	5.0	0.0	0.0	3.0	0.0	1186.0	0.0	0.0	0.0	0.0	0.0	0.0	23.0	0.0	0.0	0.0	0.0	0.0	0.0	0.0	0.0	0.0	0.0	0.0	0.0	0.0	82.0	0.0	0.0	7.0	0.0	3.0	0.0	0.0	3.0	0.0	0.0	4.0	0.0	735.0	0.0	0.0	0.0	12.0	0.0	5.0	0.0	0.0	0.0	0.0	0.0	0.0	0.0	0.0	0.0	8.0	0.0	0.0	8.0	0.0	0.0	0.0	0.0	0.0	0.0	0.0	0.0	0.0	0.0	0.0	0.0	0.0	0.0	0.0	0.0	0.0	0.0	0.0	0.0	0.0	0.0	0.0	0.0	0.0	0.0	0.0	0.0	0.0	0.0	0.0	0.0	0.0	0.0	0.0	0.0	0.0	0.0	0.0	0.0	0.0	0.0	0.0	0.0	0.0	0.0	0.0	0.0	0.0	0.0	0.0	0.0	0.0	0.0	0.0	0.0	0.0	0.0	0.0	0.0	0.0	0.0	0.0	0.0	0.0	0.0	0.0	0.0	0.0	0.0	0.0	0.0	0.0	0.0	0.0	0.0	0.0	0.0	0.0	0.0	0.0	5.0	0.0	0.0	0.0	0.0	0.0	0.0	0.0	0.0	0.0	0.0	0.0	0.0	0.0	0.0	0.0	0.0	0.0	0.0	0.0	0.0	0.0	0.0	0.0	0.0	0.0	0.0	0.0	0.0
SRR9612408	0.0	132.0	24.0	0.0	8.0	28.0	0.0	0.0	17582.0	214.0	0.0	7.0	1790.0	236.0	0.0	738.0	0.0	0.0	0.0	611.0	0.0	0.0	0.0	18.0	88.0	0.0	0.0	77.0	25.0	0.0	0.0	0.0	0.0	60.0	0.0	7.0	7.0	112.0	199.0	0.0	0.0	11.0	3.0	0.0	2.0	0.0	0.0	0.0	0.0	0.0	0.0	0.0	0.0	0.0	0.0	0.0	0.0	23.0	0.0	0.0	13.0	367.0	0.0	0.0	0.0	0.0	0.0	5.0	334.0	0.0	99.0	21.0	0.0	3.0	0.0	0.0	3.0	0.0	34.0	8.0	145.0	4.0	22.0	0.0	0.0	0.0	145.0	0.0	0.0	0.0	0.0	0.0	0.0	103.0	0.0	0.0	0.0	0.0	40.0	0.0	0.0	263.0	0.0	0.0	0.0	0.0	0.0	0.0	0.0	0.0	0.0	0.0	0.0	0.0	0.0	0.0	2.0	0.0	7.0	0.0	0.0	0.0	0.0	0.0	19.0	5.0	0.0	0.0	0.0	462.0	146.0	14.0	0.0	0.0	0.0	3.0	0.0	12.0	48.0	0.0	0.0	0.0	0.0	12.0	0.0	0.0	14.0	0.0	23.0	0.0	7.0	0.0	0.0	0.0	0.0	49.0	0.0	6.0	0.0	0.0	4.0	0.0	48.0	0.0	2.0	0.0	0.0	0.0	0.0	0.0	0.0	0.0	0.0	7.0	0.0	0.0	0.0	0.0	0.0	0.0	0.0	0.0	0.0	4.0	0.0	0.0	11.0	0.0	5.0	0.0	2.0	0.0	0.0	0.0	0.0	0.0	0.0	0.0	0.0	0.0	0.0	0.0	0.0	0.0	0.0	0.0	0.0	0.0	0.0	0.0	0.0	0.0	0.0	0.0	0.0	0.0	0.0	0.0	8.0	0.0	0.0	0.0	0.0	0.0	0.0	0.0	0.0	0.0	3.0	0.0	0.0	0.0	0.0	0.0	0.0	0.0	0.0	0.0	0.0	0.0	0.0	0.0	0.0	0.0	0.0	0.0	0.0	0.0	0.0	0.0	0.0	0.0	0.0	0.0	0.0	0.0	0.0	0.0	0.0	0.0	0.0	0.0	0.0	0.0	0.0	0.0	0.0	0.0	0.0	0.0	0.0	0.0	0.0	0.0	0.0	0.0	0.0	0.0	0.0	0.0	0.0	0.0	0.0	0.0	0.0	0.0	0.0	0.0	0.0	0.0	0.0	0.0	0.0	0.0	0.0	0.0	0.0	0.0	0.0	0.0	0.0	0.0	0.0	0.0	0.0	0.0	0.0	0.0	0.0	0.0	0.0	0.0	0.0	0.0	0.0	0.0	0.0	0.0	0.0	0.0	0.0	0.0	0.0	0.0	0.0	0.0
SRR9612409	0.0	550.0	2008.0	12.0	47.0	6277.0	239.0	30.0	3880.0	461.0	0.0	50.0	680.0	330.0	10.0	891.0	85.0	40.0	188.0	1485.0	530.0	0.0	125.0	653.0	5112.0	10.0	19.0	19.0	3.0	41.0	13.0	254.0	3.0	0.0	10.0	0.0	24.0	167.0	101.0	57.0	181.0	549.0	26.0	765.0	22.0	0.0	16.0	0.0	73.0	20.0	33.0	4.0	0.0	0.0	0.0	0.0	309.0	149.0	21.0	475.0	47.0	418.0	432.0	0.0	11.0	0.0	19.0	50.0	218.0	0.0	364.0	967.0	57.0	48.0	137.0	110.0	174.0	0.0	8.0	127.0	11.0	216.0	861.0	2.0	30.0	43.0	326.0	18.0	0.0	299.0	18.0	0.0	0.0	393.0	79.0	42.0	0.0	85.0	297.0	0.0	0.0	420.0	102.0	0.0	0.0	268.0	0.0	0.0	0.0	0.0	80.0	7.0	2.0	74.0	0.0	0.0	0.0	0.0	162.0	9.0	42.0	0.0	0.0	0.0	262.0	932.0	21.0	470.0	491.0	92.0	0.0	135.0	0.0	9.0	6.0	12.0	0.0	0.0	0.0	0.0	0.0	17.0	0.0	0.0	4.0	16.0	989.0	51.0	222.0	2.0	169.0	148.0	2.0	0.0	7.0	139.0	47.0	159.0	45.0	0.0	191.0	0.0	51.0	31.0	7.0	0.0	0.0	4.0	14.0	70.0	36.0	0.0	4.0	133.0	0.0	9.0	0.0	19.0	0.0	0.0	17.0	0.0	0.0	50.0	0.0	0.0	279.0	16.0	71.0	0.0	28.0	0.0	5.0	0.0	33.0	0.0	11.0	0.0	0.0	0.0	4.0	0.0	70.0	0.0	37.0	43.0	9.0	4.0	0.0	0.0	58.0	22.0	94.0	0.0	10.0	0.0	79.0	0.0	80.0	0.0	10.0	0.0	0.0	0.0	0.0	18.0	0.0	0.0	182.0	10.0	0.0	0.0	25.0	6.0	0.0	0.0	0.0	0.0	0.0	0.0	0.0	0.0	0.0	0.0	0.0	0.0	0.0	0.0	4.0	0.0	2.0	0.0	0.0	0.0	0.0	0.0	54.0	0.0	0.0	0.0	0.0	0.0	0.0	0.0	0.0	0.0	0.0	0.0	0.0	0.0	0.0	0.0	0.0	0.0	0.0	0.0	0.0	0.0	0.0	0.0	0.0	0.0	0.0	0.0	0.0	0.0	0.0	0.0	0.0	0.0	0.0	0.0	0.0	0.0	50.0	0.0	0.0	0.0	0.0	0.0	0.0	0.0	0.0	0.0	0.0	0.0	0.0	0.0	0.0	0.0	0.0	0.0	0.0	0.0	0.0	0.0	0.0	0.0	0.0	0.0	0.0	0.0	0.0	0.0	0.0	0.0
SRR9612410	0.0	647.0	23.0	0.0	718.0	7.0	0.0	0.0	10296.0	427.0	0.0	11.0	466.0	1071.0	0.0	2608.0	0.0	5.0	6.0	6117.0	21.0	0.0	2.0	39.0	265.0	0.0	6.0	308.0	191.0	0.0	0.0	122.0	1303.0	134.0	0.0	5.0	0.0	76.0	22.0	15.0	12.0	98.0	24.0	0.0	3.0	0.0	0.0	0.0	0.0	0.0	0.0	0.0	0.0	0.0	0.0	0.0	11.0	9.0	0.0	5.0	5.0	129.0	5.0	0.0	0.0	13.0	385.0	65.0	179.0	0.0	215.0	33.0	2.0	0.0	211.0	0.0	0.0	0.0	93.0	0.0	251.0	4.0	37.0	8.0	0.0	0.0	920.0	0.0	4.0	0.0	15.0	0.0	0.0	12.0	0.0	0.0	5.0	230.0	43.0	0.0	0.0	182.0	148.0	20.0	0.0	0.0	0.0	0.0	0.0	0.0	6.0	0.0	0.0	17.0	0.0	0.0	12.0	0.0	22.0	0.0	0.0	0.0	0.0	0.0	0.0	0.0	3.0	9.0	7.0	428.0	0.0	85.0	460.0	0.0	0.0	0.0	0.0	0.0	23.0	0.0	0.0	0.0	0.0	7.0	0.0	0.0	27.0	5.0	11.0	0.0	15.0	2.0	0.0	0.0	0.0	151.0	0.0	12.0	0.0	0.0	20.0	0.0	791.0	0.0	0.0	0.0	0.0	0.0	0.0	0.0	0.0	0.0	4.0	17.0	0.0	155.0	0.0	0.0	0.0	21.0	0.0	0.0	0.0	93.0	0.0	0.0	158.0	0.0	4.0	0.0	0.0	11.0	0.0	0.0	13.0	0.0	3084.0	0.0	0.0	0.0	0.0	0.0	39.0	0.0	2.0	0.0	0.0	0.0	0.0	0.0	6.0	0.0	318.0	0.0	0.0	0.0	0.0	0.0	14.0	0.0	0.0	0.0	0.0	0.0	0.0	0.0	0.0	0.0	0.0	0.0	0.0	0.0	0.0	0.0	0.0	0.0	0.0	0.0	0.0	0.0	0.0	0.0	0.0	0.0	0.0	0.0	0.0	0.0	0.0	5.0	0.0	0.0	0.0	0.0	0.0	0.0	0.0	0.0	0.0	0.0	0.0	0.0	0.0	0.0	0.0	0.0	0.0	0.0	0.0	0.0	0.0	0.0	0.0	0.0	0.0	0.0	0.0	0.0	0.0	0.0	0.0	0.0	0.0	0.0	0.0	0.0	0.0	0.0	0.0	0.0	0.0	0.0	0.0	0.0	0.0	0.0	0.0	0.0	0.0	0.0	0.0	0.0	0.0	0.0	0.0	0.0	0.0	0.0	0.0	0.0	0.0	0.0	0.0	0.0	0.0	0.0	0.0	0.0	0.0	0.0	0.0	0.0	0.0	0.0	0.0	0.0
SRR9612411	0.0	128.0	5.0	0.0	0.0	51.0	9.0	0.0	10052.0	601.0	0.0	19.0	1177.0	616.0	0.0	1335.0	6.0	3.0	11.0	57.0	145.0	0.0	0.0	18.0	160.0	0.0	0.0	8.0	0.0	0.0	0.0	7.0	0.0	0.0	0.0	0.0	0.0	0.0	422.0	12.0	42.0	173.0	0.0	4.0	2.0	0.0	0.0	0.0	0.0	0.0	0.0	0.0	0.0	0.0	0.0	0.0	2.0	56.0	0.0	25.0	122.0	518.0	0.0	0.0	0.0	0.0	0.0	0.0	214.0	0.0	90.0	18.0	0.0	12.0	0.0	0.0	15.0	0.0	3.0	30.0	62.0	0.0	13.0	0.0	0.0	0.0	364.0	0.0	0.0	0.0	0.0	0.0	0.0	335.0	0.0	0.0	0.0	0.0	22.0	0.0	0.0	1368.0	13.0	0.0	0.0	5.0	0.0	0.0	0.0	0.0	0.0	0.0	0.0	11.0	13.0	0.0	0.0	0.0	4.0	0.0	0.0	0.0	0.0	0.0	0.0	0.0	0.0	0.0	21.0	1062.0	0.0	170.0	0.0	0.0	0.0	29.0	9.0	4.0	34.0	0.0	0.0	0.0	0.0	0.0	0.0	0.0	32.0	0.0	103.0	2.0	82.0	0.0	0.0	0.0	0.0	142.0	0.0	6.0	0.0	0.0	8.0	0.0	77.0	0.0	0.0	0.0	0.0	0.0	0.0	2.0	0.0	0.0	8.0	33.0	0.0	0.0	0.0	0.0	0.0	0.0	7.0	0.0	0.0	9.0	0.0	0.0	22.0	0.0	9.0	0.0	0.0	0.0	0.0	0.0	0.0	0.0	0.0	0.0	0.0	0.0	0.0	0.0	14.0	0.0	21.0	0.0	0.0	0.0	0.0	0.0	0.0	0.0	0.0	0.0	0.0	0.0	0.0	0.0	20.0	7.0	0.0	0.0	0.0	0.0	0.0	2.0	0.0	0.0	4.0	0.0	0.0	0.0	0.0	0.0	0.0	0.0	0.0	0.0	0.0	0.0	0.0	0.0	0.0	0.0	0.0	0.0	0.0	0.0	0.0	0.0	0.0	0.0	0.0	0.0	0.0	0.0	0.0	0.0	0.0	0.0	0.0	0.0	0.0	0.0	0.0	0.0	0.0	0.0	0.0	0.0	0.0	0.0	0.0	0.0	0.0	0.0	0.0	0.0	0.0	0.0	0.0	0.0	0.0	0.0	0.0	0.0	0.0	0.0	0.0	0.0	0.0	0.0	0.0	0.0	0.0	0.0	0.0	0.0	0.0	0.0	0.0	0.0	0.0	0.0	0.0	0.0	0.0	0.0	0.0	0.0	0.0	0.0	0.0	0.0	0.0	0.0	0.0	0.0	0.0	0.0	0.0	0.0	0.0	0.0	0.0	0.0
SRR9612412	0.0	206.0	17.0	0.0	573.0	9.0	0.0	0.0	6065.0	228.0	0.0	0.0	258.0	1402.0	0.0	281.0	0.0	0.0	10.0	686.0	20.0	0.0	4.0	5.0	63.0	0.0	0.0	184.0	10.0	0.0	0.0	0.0	6.0	33.0	0.0	0.0	117.0	18.0	104.0	0.0	24.0	13.0	0.0	4.0	0.0	0.0	0.0	0.0	0.0	0.0	0.0	0.0	0.0	0.0	0.0	0.0	0.0	46.0	0.0	7.0	12.0	143.0	0.0	0.0	0.0	0.0	15.0	0.0	95.0	0.0	300.0	0.0	0.0	5.0	0.0	0.0	0.0	0.0	0.0	0.0	200.0	17.0	0.0	0.0	0.0	0.0	357.0	0.0	0.0	13.0	0.0	0.0	0.0	0.0	0.0	0.0	0.0	120.0	18.0	0.0	0.0	273.0	29.0	0.0	0.0	0.0	0.0	0.0	0.0	0.0	0.0	0.0	0.0	4.0	0.0	0.0	0.0	0.0	0.0	5.0	4.0	0.0	0.0	0.0	0.0	0.0	0.0	0.0	0.0	286.0	0.0	10.0	17.0	0.0	0.0	3.0	0.0	0.0	0.0	0.0	0.0	0.0	0.0	0.0	0.0	0.0	36.0	0.0	0.0	0.0	15.0	3.0	0.0	0.0	0.0	84.0	0.0	0.0	2.0	0.0	24.0	0.0	90.0	0.0	0.0	0.0	0.0	0.0	0.0	6.0	0.0	0.0	0.0	0.0	0.0	98.0	0.0	0.0	0.0	0.0	0.0	0.0	0.0	33.0	0.0	0.0	0.0	8.0	0.0	0.0	0.0	0.0	0.0	0.0	0.0	0.0	43.0	0.0	0.0	0.0	0.0	0.0	5.0	0.0	0.0	0.0	0.0	0.0	0.0	0.0	0.0	0.0	0.0	0.0	0.0	0.0	0.0	0.0	6.0	0.0	0.0	0.0	0.0	0.0	0.0	0.0	0.0	0.0	0.0	0.0	0.0	0.0	0.0	0.0	0.0	0.0	0.0	0.0	0.0	0.0	0.0	0.0	0.0	0.0	0.0	0.0	0.0	0.0	0.0	0.0	0.0	0.0	0.0	0.0	0.0	0.0	0.0	0.0	0.0	0.0	0.0	0.0	0.0	0.0	0.0	0.0	0.0	0.0	0.0	0.0	0.0	0.0	0.0	0.0	0.0	0.0	0.0	0.0	0.0	0.0	0.0	0.0	0.0	0.0	0.0	0.0	0.0	0.0	0.0	0.0	0.0	0.0	0.0	0.0	0.0	0.0	0.0	0.0	0.0	0.0	0.0	0.0	0.0	0.0	0.0	0.0	0.0	0.0	0.0	0.0	0.0	0.0	0.0	0.0	0.0	0.0	0.0	0.0	0.0	0.0	0.0	0.0	0.0	0.0	0.0	0.0
SRR9612413	0.0	906.0	2033.0	7.0	0.0	6269.0	213.0	0.0	2502.0	285.0	0.0	0.0	650.0	315.0	12.0	441.0	40.0	32.0	330.0	314.0	284.0	0.0	86.0	415.0	2561.0	0.0	0.0	0.0	9.0	84.0	3.0	19.0	0.0	0.0	0.0	0.0	8.0	245.0	36.0	14.0	207.0	246.0	0.0	6.0	0.0	2.0	0.0	0.0	6.0	0.0	17.0	2.0	0.0	0.0	0.0	0.0	74.0	43.0	0.0	221.0	50.0	195.0	373.0	6.0	0.0	0.0	0.0	45.0	80.0	10.0	362.0	519.0	48.0	25.0	72.0	67.0	175.0	0.0	5.0	0.0	0.0	151.0	122.0	0.0	37.0	8.0	211.0	0.0	0.0	307.0	0.0	0.0	0.0	147.0	32.0	0.0	0.0	9.0	166.0	0.0	4.0	462.0	65.0	0.0	0.0	307.0	0.0	0.0	0.0	0.0	137.0	7.0	0.0	53.0	71.0	0.0	0.0	0.0	32.0	15.0	17.0	0.0	0.0	0.0	143.0	620.0	12.0	486.0	189.0	35.0	0.0	43.0	0.0	0.0	0.0	0.0	3.0	0.0	0.0	0.0	29.0	11.0	5.0	0.0	6.0	0.0	1139.0	7.0	295.0	0.0	147.0	69.0	0.0	0.0	0.0	65.0	0.0	87.0	20.0	0.0	169.0	0.0	67.0	0.0	3.0	0.0	0.0	0.0	0.0	179.0	60.0	0.0	0.0	127.0	0.0	0.0	0.0	0.0	0.0	0.0	10.0	0.0	0.0	5.0	0.0	0.0	289.0	0.0	122.0	0.0	11.0	0.0	0.0	0.0	0.0	0.0	0.0	0.0	5.0	0.0	0.0	0.0	13.0	0.0	0.0	16.0	28.0	0.0	0.0	0.0	30.0	0.0	0.0	0.0	7.0	0.0	35.0	0.0	50.0	15.0	0.0	0.0	0.0	0.0	0.0	4.0	0.0	0.0	18.0	0.0	0.0	0.0	38.0	10.0	0.0	0.0	0.0	0.0	0.0	0.0	0.0	0.0	0.0	0.0	0.0	3.0	0.0	0.0	0.0	0.0	0.0	0.0	0.0	0.0	0.0	0.0	31.0	7.0	0.0	0.0	0.0	0.0	0.0	0.0	0.0	0.0	0.0	0.0	0.0	0.0	0.0	0.0	0.0	0.0	0.0	0.0	0.0	0.0	0.0	0.0	0.0	0.0	0.0	0.0	0.0	0.0	0.0	0.0	0.0	0.0	0.0	0.0	0.0	0.0	46.0	0.0	0.0	0.0	0.0	0.0	0.0	0.0	0.0	0.0	0.0	0.0	0.0	0.0	0.0	0.0	0.0	0.0	0.0	0.0	0.0	0.0	0.0	0.0	0.0	0.0	0.0	0.0	0.0	0.0	0.0	0.0
SRR9612414	0.0	407.0	1790.0	0.0	66.0	4656.0	89.0	0.0	3477.0	146.0	0.0	23.0	383.0	132.0	0.0	521.0	16.0	41.0	72.0	1777.0	216.0	0.0	22.0	361.0	4112.0	0.0	2.0	32.0	8.0	33.0	24.0	164.0	0.0	6.0	0.0	5.0	0.0	95.0	49.0	39.0	59.0	323.0	0.0	138.0	13.0	0.0	0.0	0.0	11.0	18.0	32.0	7.0	0.0	6.0	0.0	7.0	326.0	52.0	18.0	127.0	12.0	151.0	541.0	0.0	17.0	0.0	24.0	42.0	128.0	0.0	250.0	1410.0	51.0	9.0	120.0	63.0	101.0	0.0	9.0	59.0	0.0	81.0	874.0	13.0	47.0	0.0	198.0	0.0	0.0	135.0	42.0	0.0	2.0	195.0	28.0	30.0	3.0	5.0	289.0	0.0	0.0	214.0	88.0	0.0	0.0	374.0	0.0	0.0	0.0	0.0	59.0	0.0	3.0	49.0	31.0	0.0	0.0	0.0	135.0	14.0	0.0	0.0	0.0	0.0	201.0	718.0	0.0	228.0	245.0	35.0	0.0	77.0	0.0	0.0	0.0	5.0	0.0	0.0	0.0	0.0	1.0	16.0	0.0	0.0	0.0	11.0	612.0	21.0	46.0	0.0	119.0	94.0	0.0	0.0	0.0	140.0	76.0	100.0	7.0	0.0	107.0	0.0	30.0	18.0	12.0	0.0	0.0	2.0	6.0	11.0	34.0	0.0	0.0	92.0	18.0	0.0	2.0	5.0	0.0	0.0	11.0	0.0	0.0	22.0	0.0	0.0	188.0	0.0	26.0	0.0	17.0	0.0	0.0	0.0	0.0	0.0	0.0	0.0	0.0	0.0	7.0	0.0	20.0	0.0	0.0	27.0	14.0	0.0	0.0	0.0	42.0	0.0	0.0	0.0	8.0	0.0	43.0	0.0	52.0	0.0	0.0	0.0	0.0	0.0	0.0	7.0	0.0	0.0	46.0	11.0	0.0	0.0	23.0	6.0	0.0	0.0	0.0	0.0	0.0	0.0	0.0	0.0	0.0	0.0	0.0	0.0	0.0	0.0	0.0	0.0	0.0	0.0	0.0	0.0	0.0	0.0	41.0	4.0	0.0	0.0	0.0	0.0	0.0	0.0	0.0	0.0	0.0	0.0	0.0	0.0	0.0	0.0	0.0	0.0	0.0	0.0	0.0	0.0	0.0	0.0	0.0	0.0	0.0	0.0	0.0	0.0	0.0	0.0	0.0	5.0	0.0	0.0	0.0	0.0	34.0	0.0	0.0	0.0	0.0	0.0	0.0	0.0	0.0	0.0	0.0	0.0	0.0	0.0	0.0	0.0	0.0	0.0	0.0	0.0	0.0	0.0	0.0	0.0	0.0	0.0	0.0	0.0	0.0	0.0	0.0	0.0
SRR9612415	0.0	224.0	29.0	0.0	296.0	9.0	0.0	0.0	3837.0	428.0	0.0	0.0	850.0	100.0	2.0	1008.0	12.0	2.0	11.0	4288.0	18.0	0.0	2.0	12.0	92.0	0.0	0.0	587.0	46.0	0.0	0.0	45.0	1.0	35.0	0.0	0.0	43.0	38.0	0.0	0.0	47.0	0.0	0.0	0.0	0.0	0.0	0.0	0.0	0.0	0.0	0.0	0.0	0.0	0.0	0.0	0.0	0.0	57.0	0.0	6.0	0.0	66.0	0.0	0.0	0.0	0.0	120.0	8.0	156.0	2.0	140.0	28.0	0.0	6.0	84.0	0.0	0.0	0.0	17.0	0.0	244.0	12.0	22.0	0.0	0.0	0.0	683.0	0.0	0.0	0.0	5.0	0.0	0.0	4.0	0.0	0.0	0.0	0.0	55.0	3.0	0.0	105.0	8.0	4.0	0.0	0.0	0.0	0.0	0.0	0.0	6.0	0.0	0.0	5.0	0.0	0.0	0.0	0.0	2.0	0.0	0.0	0.0	0.0	0.0	17.0	20.0	5.0	0.0	0.0	310.0	0.0	0.0	64.0	0.0	0.0	0.0	0.0	0.0	38.0	0.0	0.0	0.0	0.0	0.0	0.0	0.0	32.0	10.0	0.0	0.0	0.0	0.0	0.0	0.0	0.0	33.0	0.0	0.0	0.0	0.0	6.0	0.0	360.0	0.0	0.0	0.0	0.0	0.0	0.0	0.0	0.0	0.0	0.0	8.0	0.0	0.0	0.0	0.0	0.0	0.0	0.0	0.0	0.0	3.0	0.0	0.0	0.0	0.0	12.0	0.0	0.0	0.0	0.0	0.0	0.0	0.0	35.0	0.0	0.0	0.0	0.0	0.0	0.0	0.0	0.0	0.0	0.0	0.0	0.0	0.0	0.0	0.0	0.0	0.0	0.0	0.0	0.0	0.0	10.0	0.0	0.0	0.0	0.0	0.0	0.0	0.0	0.0	0.0	0.0	0.0	0.0	0.0	0.0	0.0	0.0	0.0	0.0	0.0	0.0	0.0	0.0	0.0	0.0	0.0	0.0	0.0	0.0	0.0	0.0	0.0	0.0	0.0	0.0	0.0	0.0	0.0	0.0	0.0	0.0	0.0	0.0	0.0	0.0	0.0	0.0	0.0	0.0	0.0	0.0	0.0	0.0	0.0	0.0	0.0	0.0	0.0	0.0	0.0	0.0	0.0	0.0	0.0	0.0	0.0	0.0	0.0	0.0	0.0	0.0	0.0	0.0	0.0	0.0	0.0	0.0	0.0	0.0	0.0	0.0	0.0	0.0	0.0	0.0	0.0	0.0	0.0	0.0	0.0	0.0	0.0	0.0	0.0	0.0	0.0	0.0	0.0	0.0	0.0	0.0	0.0	0.0	0.0	0.0	0.0	0.0	0.0
SRR9612417	0.0	254.0	1134.0	0.0	7.0	1966.0	83.0	0.0	1890.0	89.0	8.0	4.0	121.0	87.0	0.0	199.0	36.0	3.0	60.0	688.0	109.0	0.0	34.0	244.0	2091.0	0.0	2.0	14.0	8.0	26.0	9.0	40.0	0.0	0.0	0.0	0.0	9.0	79.0	12.0	16.0	64.0	62.0	5.0	20.0	25.0	6.0	6.0	4.0	0.0	0.0	0.0	5.0	0.0	0.0	0.0	2.0	188.0	13.0	18.0	164.0	0.0	61.0	348.0	2.0	0.0	0.0	29.0	22.0	140.0	0.0	103.0	606.0	33.0	0.0	107.0	8.0	33.0	0.0	0.0	8.0	43.0	39.0	498.0	20.0	17.0	7.0	130.0	4.0	0.0	115.0	24.0	0.0	0.0	102.0	24.0	16.0	0.0	6.0	115.0	0.0	8.0	108.0	79.0	0.0	0.0	136.0	0.0	0.0	0.0	0.0	45.0	0.0	0.0	0.0	0.0	0.0	12.0	0.0	61.0	0.0	0.0	0.0	0.0	0.0	140.0	423.0	0.0	95.0	104.0	7.0	0.0	58.0	8.0	6.0	0.0	0.0	0.0	0.0	0.0	0.0	0.0	0.0	0.0	0.0	0.0	0.0	303.0	0.0	21.0	3.0	25.0	43.0	0.0	0.0	0.0	50.0	85.0	62.0	2.0	0.0	62.0	0.0	0.0	10.0	6.0	0.0	0.0	0.0	6.0	11.0	16.0	0.0	0.0	63.0	22.0	10.0	0.0	0.0	0.0	6.0	10.0	0.0	0.0	3.0	0.0	0.0	107.0	0.0	17.0	0.0	0.0	0.0	0.0	0.0	0.0	0.0	10.0	0.0	0.0	0.0	35.0	5.0	0.0	0.0	5.0	15.0	0.0	0.0	0.0	0.0	23.0	0.0	0.0	0.0	0.0	0.0	0.0	0.0	19.0	0.0	0.0	2.0	0.0	0.0	0.0	4.0	0.0	0.0	36.0	7.0	0.0	0.0	25.0	4.0	0.0	0.0	0.0	0.0	0.0	0.0	0.0	0.0	0.0	0.0	0.0	0.0	0.0	0.0	0.0	0.0	0.0	0.0	0.0	0.0	0.0	0.0	24.0	0.0	0.0	0.0	0.0	0.0	0.0	0.0	0.0	0.0	0.0	0.0	0.0	0.0	0.0	0.0	0.0	0.0	0.0	0.0	0.0	0.0	0.0	0.0	3.0	0.0	0.0	0.0	0.0	0.0	0.0	0.0	0.0	0.0	0.0	0.0	0.0	0.0	28.0	0.0	0.0	0.0	0.0	0.0	0.0	0.0	0.0	0.0	0.0	0.0	0.0	0.0	0.0	0.0	0.0	0.0	0.0	0.0	0.0	0.0	0.0	0.0	0.0	0.0	0.0	0.0	0.0	0.0	0.0	0.0
SRR9612418	0.0	302.0	1248.0	0.0	14.0	3332.0	54.0	5.0	2007.0	171.0	0.0	7.0	209.0	172.0	0.0	264.0	14.0	16.0	103.0	503.0	118.0	0.0	14.0	330.0	2450.0	0.0	0.0	0.0	0.0	17.0	9.0	13.0	0.0	0.0	0.0	0.0	4.0	35.0	8.0	13.0	81.0	316.0	8.0	0.0	21.0	0.0	0.0	0.0	15.0	0.0	15.0	3.0	0.0	0.0	0.0	0.0	153.0	48.0	33.0	144.0	10.0	165.0	226.0	0.0	0.0	0.0	7.0	31.0	72.0	0.0	155.0	540.0	39.0	18.0	29.0	4.0	87.0	0.0	0.0	13.0	15.0	88.0	256.0	0.0	0.0	8.0	180.0	0.0	0.0	97.0	0.0	0.0	0.0	110.0	26.0	0.0	0.0	0.0	103.0	0.0	0.0	129.0	41.0	0.0	0.0	98.0	0.0	0.0	0.0	0.0	40.0	0.0	2.0	29.0	24.0	0.0	0.0	0.0	98.0	7.0	15.0	0.0	0.0	0.0	89.0	632.0	10.0	156.0	166.0	57.0	0.0	66.0	0.0	8.0	0.0	0.0	0.0	0.0	0.0	0.0	0.0	0.0	0.0	0.0	4.0	0.0	407.0	11.0	41.0	0.0	71.0	59.0	0.0	0.0	3.0	68.0	9.0	84.0	19.0	0.0	121.0	0.0	0.0	12.0	0.0	0.0	0.0	0.0	0.0	66.0	23.0	0.0	0.0	58.0	0.0	0.0	0.0	15.0	0.0	0.0	7.0	0.0	0.0	17.0	0.0	0.0	148.0	0.0	11.0	0.0	8.0	0.0	0.0	0.0	0.0	0.0	0.0	0.0	0.0	0.0	0.0	0.0	15.0	0.0	0.0	28.0	24.0	7.0	0.0	0.0	13.0	0.0	0.0	0.0	0.0	0.0	44.0	0.0	64.0	0.0	0.0	0.0	0.0	0.0	0.0	11.0	0.0	0.0	57.0	0.0	0.0	0.0	0.0	4.0	0.0	0.0	0.0	0.0	0.0	0.0	0.0	0.0	0.0	3.0	0.0	3.0	0.0	0.0	0.0	0.0	0.0	2.0	0.0	0.0	0.0	0.0	13.0	0.0	0.0	0.0	0.0	0.0	0.0	0.0	0.0	0.0	0.0	0.0	0.0	0.0	0.0	0.0	0.0	0.0	0.0	0.0	0.0	0.0	0.0	0.0	0.0	0.0	0.0	0.0	0.0	0.0	0.0	0.0	0.0	0.0	0.0	0.0	0.0	0.0	19.0	0.0	0.0	0.0	0.0	0.0	0.0	0.0	0.0	0.0	0.0	0.0	0.0	0.0	0.0	0.0	0.0	0.0	0.0	0.0	0.0	0.0	0.0	0.0	0.0	0.0	0.0	0.0	0.0	0.0	0.0	0.0
SRR9612419	0.0	361.0	1596.0	4.0	47.0	4262.0	237.0	0.0	3488.0	121.0	0.0	0.0	328.0	138.0	17.0	317.0	26.0	17.0	73.0	1456.0	249.0	0.0	45.0	448.0	2962.0	0.0	0.0	42.0	15.0	25.0	0.0	91.0	9.0	0.0	22.0	0.0	0.0	140.0	0.0	30.0	90.0	218.0	19.0	15.0	33.0	0.0	0.0	0.0	0.0	8.0	14.0	4.0	0.0	10.0	0.0	0.0	192.0	49.0	0.0	106.0	0.0	56.0	385.0	0.0	6.0	0.0	44.0	24.0	221.0	12.0	159.0	1089.0	41.0	0.0	138.0	37.0	72.0	8.0	8.0	4.0	13.0	59.0	834.0	6.0	24.0	13.0	214.0	0.0	0.0	156.0	55.0	0.0	0.0	170.0	23.0	13.0	3.0	2.0	140.0	0.0	0.0	233.0	48.0	0.0	0.0	400.0	0.0	0.0	0.0	0.0	61.0	0.0	0.0	8.0	0.0	0.0	3.0	0.0	38.0	21.0	14.0	0.0	0.0	0.0	306.0	534.0	0.0	180.0	198.0	19.0	0.0	54.0	0.0	4.0	0.0	8.0	0.0	0.0	0.0	0.0	0.0	0.0	3.0	0.0	4.0	12.0	415.0	0.0	48.0	0.0	89.0	48.0	0.0	0.0	0.0	59.0	128.0	125.0	15.0	0.0	83.0	0.0	0.0	12.0	7.0	0.0	0.0	0.0	13.0	6.0	18.0	0.0	0.0	72.0	53.0	7.0	0.0	0.0	0.0	0.0	9.0	0.0	0.0	15.0	0.0	0.0	175.0	0.0	49.0	2.0	17.0	0.0	2.0	0.0	0.0	0.0	0.0	0.0	0.0	3.0	41.0	0.0	11.0	0.0	10.0	11.0	0.0	0.0	0.0	0.0	25.0	0.0	0.0	0.0	10.0	0.0	27.0	0.0	45.0	0.0	0.0	0.0	0.0	0.0	0.0	0.0	0.0	0.0	52.0	0.0	0.0	0.0	20.0	6.0	0.0	0.0	0.0	0.0	0.0	0.0	0.0	0.0	0.0	0.0	0.0	0.0	0.0	0.0	0.0	0.0	0.0	0.0	0.0	0.0	10.0	0.0	22.0	0.0	0.0	0.0	0.0	0.0	0.0	0.0	0.0	0.0	0.0	0.0	0.0	0.0	0.0	0.0	0.0	0.0	0.0	0.0	0.0	0.0	0.0	0.0	0.0	0.0	0.0	0.0	0.0	0.0	0.0	0.0	0.0	0.0	0.0	0.0	0.0	0.0	19.0	0.0	0.0	0.0	0.0	0.0	0.0	0.0	0.0	0.0	0.0	0.0	0.0	0.0	0.0	0.0	0.0	0.0	0.0	0.0	0.0	0.0	0.0	0.0	0.0	0.0	0.0	0.0	0.0	0.0	0.0	0.0
SRR9612420	0.0	359.0	1010.0	0.0	59.0	2857.0	113.0	0.0	2544.0	196.0	12.0	8.0	277.0	133.0	6.0	447.0	0.0	8.0	29.0	1637.0	119.0	0.0	42.0	502.0	2555.0	6.0	0.0	4.0	11.0	20.0	22.0	199.0	0.0	5.0	0.0	0.0	10.0	93.0	18.0	9.0	58.0	212.0	0.0	5.0	25.0	0.0	2.0	0.0	16.0	19.0	7.0	2.0	0.0	0.0	0.0	0.0	165.0	41.0	19.0	128.0	29.0	174.0	376.0	0.0	9.0	0.0	8.0	35.0	72.0	0.0	195.0	601.0	65.0	5.0	50.0	39.0	61.0	0.0	3.0	15.0	18.0	135.0	841.0	0.0	18.0	15.0	214.0	5.0	0.0	127.0	54.0	0.0	0.0	190.0	18.0	28.0	2.0	38.0	117.0	0.0	5.0	47.0	69.0	0.0	0.0	206.0	16.0	0.0	0.0	0.0	58.0	0.0	0.0	31.0	26.0	10.0	0.0	0.0	96.0	4.0	0.0	0.0	15.0	0.0	203.0	533.0	0.0	142.0	151.0	18.0	0.0	61.0	0.0	0.0	0.0	0.0	0.0	0.0	0.0	0.0	0.0	0.0	0.0	0.0	7.0	4.0	484.0	19.0	52.0	0.0	109.0	111.0	0.0	0.0	0.0	94.0	113.0	83.0	11.0	0.0	96.0	0.0	0.0	11.0	8.0	0.0	0.0	0.0	9.0	27.0	12.0	0.0	0.0	66.0	10.0	0.0	0.0	0.0	0.0	0.0	0.0	0.0	0.0	21.0	0.0	0.0	144.0	0.0	16.0	0.0	7.0	0.0	0.0	0.0	0.0	0.0	9.0	0.0	0.0	0.0	14.0	0.0	20.0	0.0	14.0	34.0	0.0	0.0	0.0	0.0	21.0	0.0	23.0	0.0	8.0	0.0	57.0	0.0	51.0	0.0	0.0	0.0	0.0	0.0	0.0	5.0	0.0	0.0	37.0	24.0	0.0	0.0	12.0	8.0	0.0	0.0	0.0	0.0	0.0	0.0	0.0	0.0	0.0	0.0	0.0	0.0	0.0	0.0	0.0	0.0	0.0	0.0	0.0	0.0	0.0	0.0	28.0	0.0	0.0	0.0	0.0	0.0	0.0	0.0	0.0	0.0	0.0	0.0	0.0	0.0	0.0	0.0	0.0	0.0	0.0	0.0	0.0	0.0	0.0	0.0	0.0	0.0	0.0	0.0	0.0	0.0	0.0	0.0	0.0	0.0	0.0	0.0	0.0	0.0	13.0	0.0	0.0	0.0	0.0	0.0	0.0	0.0	0.0	0.0	0.0	0.0	0.0	0.0	0.0	0.0	0.0	0.0	0.0	0.0	0.0	0.0	0.0	0.0	0.0	0.0	6.0	0.0	0.0	0.0	0.0	0.0
SRR9612421	0.0	88.0	55.0	9.0	501.0	8.0	32.0	21.0	6538.0	433.0	0.0	25.0	242.0	2200.0	14.0	1470.0	14.0	60.0	17.0	13002.0	170.0	0.0	15.0	31.0	216.0	0.0	0.0	1271.0	73.0	14.0	0.0	55.0	0.0	102.0	0.0	0.0	0.0	136.0	61.0	12.0	29.0	429.0	171.0	0.0	0.0	7.0	0.0	0.0	0.0	0.0	0.0	0.0	0.0	0.0	0.0	0.0	0.0	87.0	0.0	0.0	99.0	403.0	3.0	0.0	0.0	15.0	95.0	19.0	213.0	10.0	191.0	46.0	14.0	85.0	163.0	0.0	0.0	19.0	106.0	44.0	748.0	12.0	58.0	0.0	0.0	0.0	777.0	0.0	5.0	0.0	8.0	0.0	0.0	95.0	0.0	28.0	0.0	22.0	36.0	0.0	0.0	731.0	186.0	0.0	0.0	2.0	0.0	0.0	0.0	0.0	0.0	0.0	3.0	104.0	14.0	7.0	0.0	0.0	6.0	0.0	0.0	0.0	0.0	0.0	23.0	4.0	0.0	0.0	32.0	1306.0	12.0	32.0	81.0	0.0	20.0	0.0	14.0	0.0	0.0	0.0	21.0	5.0	0.0	0.0	0.0	0.0	65.0	0.0	13.0	8.0	3080.0	2.0	0.0	0.0	0.0	177.0	0.0	0.0	0.0	0.0	24.0	0.0	792.0	0.0	0.0	0.0	5.0	0.0	5.0	0.0	0.0	0.0	16.0	0.0	7.0	154.0	0.0	0.0	0.0	5.0	0.0	0.0	0.0	57.0	0.0	4.0	28.0	0.0	7.0	0.0	0.0	0.0	0.0	0.0	89.0	0.0	582.0	0.0	0.0	0.0	0.0	0.0	82.0	0.0	25.0	10.0	0.0	9.0	0.0	0.0	0.0	4.0	933.0	0.0	0.0	0.0	0.0	0.0	17.0	0.0	0.0	0.0	0.0	0.0	0.0	0.0	0.0	0.0	0.0	0.0	0.0	0.0	0.0	0.0	0.0	0.0	0.0	0.0	0.0	0.0	0.0	0.0	0.0	0.0	0.0	3.0	0.0	0.0	0.0	0.0	0.0	0.0	0.0	0.0	0.0	0.0	19.0	0.0	0.0	0.0	0.0	0.0	0.0	0.0	0.0	0.0	2.0	0.0	0.0	0.0	0.0	0.0	0.0	0.0	0.0	0.0	0.0	0.0	0.0	0.0	9.0	0.0	0.0	0.0	0.0	0.0	0.0	0.0	0.0	0.0	0.0	0.0	0.0	0.0	0.0	0.0	0.0	0.0	0.0	0.0	0.0	0.0	0.0	0.0	0.0	0.0	0.0	0.0	0.0	0.0	0.0	0.0	0.0	0.0	0.0	0.0	0.0	0.0	0.0	0.0	0.0	0.0	0.0	0.0	0.0	0.0
SRR9612422	0.0	456.0	4070.0	16.0	74.0	3863.0	183.0	14.0	4087.0	170.0	3.0	8.0	509.0	185.0	10.0	960.0	57.0	59.0	203.0	1700.0	203.0	0.0	147.0	704.0	5716.0	0.0	8.0	40.0	37.0	48.0	14.0	179.0	0.0	6.0	31.0	0.0	0.0	350.0	0.0	19.0	94.0	316.0	0.0	42.0	61.0	9.0	13.0	5.0	14.0	0.0	59.0	12.0	0.0	0.0	0.0	0.0	403.0	87.0	28.0	168.0	45.0	102.0	1158.0	0.0	0.0	0.0	35.0	22.0	309.0	10.0	303.0	1767.0	135.0	33.0	269.0	55.0	152.0	0.0	55.0	58.0	17.0	149.0	810.0	34.0	45.0	18.0	269.0	0.0	0.0	114.0	81.0	0.0	0.0	159.0	50.0	20.0	0.0	8.0	473.0	0.0	13.0	61.0	140.0	0.0	0.0	241.0	0.0	0.0	0.0	0.0	136.0	0.0	16.0	73.0	0.0	0.0	4.0	0.0	129.0	21.0	24.0	0.0	0.0	0.0	299.0	1673.0	0.0	305.0	379.0	19.0	0.0	69.0	0.0	7.0	0.0	0.0	0.0	0.0	0.0	0.0	0.0	10.0	0.0	2.0	25.0	30.0	529.0	0.0	49.0	0.0	52.0	116.0	0.0	0.0	0.0	34.0	157.0	189.0	68.0	0.0	282.0	0.0	0.0	13.0	6.0	0.0	0.0	5.0	18.0	43.0	41.0	0.0	23.0	286.0	76.0	0.0	0.0	7.0	0.0	0.0	25.0	2.0	0.0	30.0	0.0	0.0	272.0	0.0	48.0	3.0	30.0	0.0	0.0	0.0	0.0	0.0	54.0	0.0	0.0	0.0	42.0	3.0	12.0	0.0	0.0	45.0	14.0	0.0	0.0	0.0	42.0	0.0	0.0	0.0	19.0	4.0	100.0	0.0	102.0	0.0	0.0	0.0	0.0	0.0	0.0	13.0	0.0	5.0	79.0	12.0	0.0	0.0	31.0	19.0	0.0	0.0	0.0	0.0	0.0	0.0	0.0	0.0	0.0	0.0	5.0	0.0	0.0	2.0	0.0	0.0	0.0	0.0	0.0	0.0	14.0	0.0	47.0	0.0	0.0	0.0	13.0	0.0	0.0	0.0	5.0	0.0	0.0	0.0	0.0	0.0	0.0	0.0	0.0	0.0	0.0	0.0	0.0	0.0	0.0	0.0	0.0	0.0	0.0	0.0	0.0	0.0	0.0	0.0	0.0	0.0	0.0	0.0	0.0	0.0	62.0	0.0	0.0	0.0	0.0	0.0	0.0	0.0	0.0	0.0	0.0	0.0	0.0	0.0	0.0	0.0	0.0	0.0	0.0	0.0	0.0	0.0	0.0	0.0	0.0	5.0	4.0	0.0	0.0	0.0	0.0	0.0
SRR9612423	0.0	327.0	1982.0	10.0	43.0	3148.0	128.0	56.0	3881.0	324.0	0.0	31.0	303.0	241.0	18.0	1055.0	34.0	77.0	264.0	999.0	366.0	0.0	92.0	447.0	5328.0	19.0	7.0	47.0	7.0	23.0	126.0	107.0	0.0	10.0	14.0	3.0	8.0	158.0	77.0	57.0	82.0	474.0	10.0	64.0	37.0	0.0	9.0	0.0	21.0	0.0	47.0	0.0	0.0	0.0	0.0	0.0	433.0	94.0	56.0	169.0	66.0	304.0	929.0	0.0	0.0	0.0	15.0	63.0	252.0	3.0	287.0	820.0	150.0	46.0	130.0	52.0	176.0	0.0	27.0	189.0	41.0	213.0	596.0	18.0	15.0	25.0	335.0	18.0	0.0	140.0	16.0	0.0	0.0	209.0	86.0	38.0	2.0	40.0	248.0	0.0	0.0	113.0	114.0	0.0	0.0	186.0	25.0	0.0	0.0	0.0	65.0	0.0	0.0	206.0	14.0	0.0	0.0	3.0	379.0	13.0	10.0	7.0	16.0	0.0	168.0	1254.0	6.0	255.0	392.0	56.0	0.0	121.0	0.0	23.0	9.0	1.0	17.0	0.0	0.0	0.0	0.0	2.0	0.0	0.0	0.0	16.0	559.0	46.0	55.0	0.0	73.0	130.0	0.0	0.0	0.0	144.0	45.0	230.0	85.0	0.0	206.0	0.0	19.0	16.0	8.0	0.0	0.0	6.0	2.0	53.0	38.0	0.0	16.0	248.0	0.0	0.0	0.0	27.0	0.0	0.0	19.0	0.0	0.0	125.0	0.0	0.0	252.0	0.0	47.0	2.0	17.0	0.0	4.0	0.0	7.0	0.0	17.0	0.0	0.0	0.0	0.0	0.0	25.0	0.0	21.0	49.0	0.0	0.0	0.0	0.0	22.0	0.0	0.0	0.0	16.0	0.0	165.0	0.0	143.0	0.0	0.0	0.0	0.0	0.0	0.0	44.0	0.0	2.0	80.0	11.0	0.0	0.0	38.0	24.0	0.0	0.0	0.0	0.0	4.0	0.0	0.0	0.0	6.0	14.0	0.0	0.0	0.0	0.0	0.0	0.0	0.0	0.0	0.0	0.0	0.0	0.0	37.0	2.0	0.0	0.0	0.0	0.0	0.0	0.0	0.0	0.0	0.0	0.0	0.0	0.0	0.0	0.0	0.0	0.0	0.0	0.0	0.0	0.0	0.0	0.0	5.0	0.0	0.0	0.0	0.0	0.0	0.0	0.0	0.0	0.0	0.0	0.0	0.0	0.0	26.0	0.0	0.0	0.0	0.0	0.0	0.0	0.0	0.0	0.0	0.0	0.0	0.0	0.0	0.0	0.0	0.0	0.0	0.0	0.0	0.0	0.0	0.0	0.0	0.0	0.0	0.0	0.0	0.0	0.0	0.0	0.0
SRR9612426	0.0	182.0	25.0	0.0	48.0	40.0	10.0	0.0	6169.0	426.0	18.0	0.0	2947.0	330.0	0.0	1723.0	7.0	4.0	26.0	172.0	109.0	0.0	0.0	41.0	348.0	0.0	0.0	110.0	79.0	0.0	0.0	38.0	5.0	15.0	0.0	6.0	21.0	11.0	135.0	0.0	3.0	135.0	23.0	7.0	4.0	0.0	0.0	0.0	0.0	0.0	0.0	0.0	0.0	0.0	0.0	0.0	7.0	43.0	0.0	21.0	17.0	396.0	0.0	0.0	0.0	0.0	0.0	6.0	521.0	0.0	164.0	23.0	0.0	8.0	34.0	3.0	11.0	0.0	36.0	14.0	132.0	29.0	19.0	0.0	0.0	0.0	241.0	0.0	0.0	9.0	0.0	0.0	0.0	61.0	0.0	0.0	0.0	5.0	94.0	0.0	0.0	185.0	26.0	0.0	0.0	11.0	0.0	0.0	0.0	0.0	0.0	0.0	0.0	0.0	12.0	0.0	0.0	0.0	8.0	0.0	0.0	0.0	0.0	0.0	24.0	0.0	0.0	15.0	32.0	1179.0	0.0	85.0	0.0	0.0	0.0	0.0	0.0	0.0	22.0	0.0	0.0	0.0	0.0	0.0	0.0	5.0	29.0	0.0	57.0	0.0	50.0	2.0	0.0	0.0	0.0	108.0	0.0	10.0	0.0	0.0	21.0	0.0	64.0	0.0	0.0	0.0	0.0	0.0	0.0	1.0	0.0	0.0	0.0	24.0	0.0	14.0	0.0	0.0	0.0	0.0	0.0	0.0	0.0	27.0	0.0	0.0	13.0	0.0	0.0	0.0	0.0	0.0	0.0	0.0	0.0	0.0	9.0	0.0	0.0	0.0	0.0	0.0	0.0	0.0	0.0	0.0	0.0	22.0	0.0	0.0	0.0	0.0	8.0	0.0	0.0	0.0	0.0	0.0	54.0	0.0	0.0	0.0	0.0	0.0	0.0	0.0	0.0	0.0	0.0	0.0	0.0	0.0	0.0	0.0	0.0	0.0	0.0	0.0	0.0	0.0	0.0	0.0	0.0	0.0	0.0	0.0	0.0	0.0	0.0	0.0	0.0	0.0	0.0	0.0	0.0	0.0	5.0	0.0	0.0	0.0	0.0	0.0	0.0	0.0	0.0	0.0	0.0	0.0	0.0	0.0	0.0	0.0	0.0	0.0	0.0	0.0	0.0	0.0	0.0	0.0	0.0	0.0	0.0	0.0	0.0	0.0	0.0	0.0	0.0	0.0	0.0	0.0	0.0	0.0	4.0	0.0	0.0	0.0	0.0	0.0	0.0	0.0	0.0	0.0	0.0	0.0	0.0	0.0	0.0	0.0	0.0	0.0	0.0	0.0	0.0	0.0	0.0	2.0	0.0	0.0	0.0	0.0	0.0	0.0	0.0	0.0
SRR9612428	0.0	237.0	5.0	0.0	3358.0	26.0	0.0	0.0	8387.0	64.0	0.0	0.0	98.0	7129.0	0.0	233.0	0.0	0.0	0.0	1898.0	9.0	0.0	4.0	0.0	38.0	0.0	0.0	1124.0	14.0	0.0	0.0	27.0	26.0	5.0	2.0	0.0	20.0	19.0	0.0	5.0	23.0	0.0	31.0	8.0	0.0	0.0	0.0	0.0	0.0	0.0	0.0	0.0	0.0	0.0	0.0	0.0	0.0	0.0	0.0	0.0	5.0	19.0	0.0	0.0	0.0	0.0	97.0	125.0	111.0	0.0	15.0	0.0	0.0	0.0	25.0	0.0	0.0	35.0	0.0	4.0	351.0	4.0	11.0	0.0	0.0	0.0	305.0	0.0	0.0	0.0	0.0	0.0	0.0	0.0	0.0	0.0	0.0	45.0	14.0	0.0	0.0	320.0	0.0	0.0	0.0	0.0	0.0	0.0	0.0	0.0	0.0	0.0	0.0	0.0	0.0	0.0	0.0	0.0	0.0	0.0	0.0	0.0	0.0	0.0	0.0	0.0	0.0	5.0	0.0	0.0	0.0	7.0	0.0	0.0	0.0	0.0	0.0	0.0	0.0	0.0	0.0	0.0	0.0	0.0	0.0	0.0	0.0	0.0	0.0	0.0	8.0	0.0	0.0	0.0	0.0	8.0	0.0	0.0	0.0	0.0	5.0	0.0	187.0	0.0	0.0	0.0	0.0	0.0	0.0	0.0	0.0	0.0	7.0	0.0	0.0	172.0	0.0	0.0	0.0	0.0	0.0	0.0	0.0	13.0	0.0	0.0	82.0	0.0	0.0	0.0	0.0	0.0	0.0	0.0	0.0	0.0	144.0	0.0	0.0	0.0	0.0	0.0	0.0	0.0	0.0	0.0	0.0	0.0	0.0	0.0	0.0	0.0	432.0	0.0	0.0	0.0	0.0	0.0	0.0	0.0	0.0	0.0	0.0	0.0	0.0	0.0	0.0	0.0	0.0	0.0	0.0	0.0	0.0	0.0	0.0	0.0	0.0	0.0	0.0	0.0	0.0	0.0	0.0	0.0	0.0	0.0	0.0	0.0	0.0	0.0	0.0	0.0	0.0	0.0	0.0	0.0	0.0	0.0	0.0	0.0	0.0	0.0	0.0	0.0	0.0	0.0	0.0	0.0	0.0	0.0	0.0	0.0	0.0	0.0	0.0	0.0	0.0	0.0	0.0	0.0	0.0	0.0	0.0	0.0	0.0	0.0	0.0	0.0	0.0	0.0	0.0	0.0	0.0	0.0	0.0	0.0	0.0	0.0	0.0	0.0	0.0	0.0	0.0	0.0	0.0	0.0	0.0	0.0	0.0	0.0	0.0	0.0	0.0	0.0	0.0	0.0	0.0	0.0	0.0	0.0	0.0	0.0	0.0	0.0	0.0	0.0
SRR9612429	0.0	125.0	5.0	0.0	0.0	15.0	0.0	0.0	2263.0	263.0	0.0	6.0	511.0	143.0	0.0	234.0	0.0	0.0	14.0	155.0	67.0	0.0	0.0	7.0	84.0	0.0	5.0	30.0	6.0	0.0	0.0	0.0	4860.0	18.0	0.0	0.0	0.0	6.0	46.0	0.0	16.0	111.0	0.0	0.0	0.0	0.0	0.0	0.0	0.0	0.0	0.0	0.0	0.0	0.0	0.0	0.0	0.0	4.0	0.0	0.0	38.0	298.0	0.0	0.0	0.0	0.0	0.0	0.0	79.0	0.0	114.0	0.0	0.0	6.0	0.0	0.0	0.0	2.0	7.0	9.0	27.0	3.0	5.0	0.0	0.0	0.0	169.0	0.0	0.0	0.0	0.0	0.0	0.0	32.0	3.0	0.0	0.0	7.0	0.0	0.0	0.0	52.0	93.0	0.0	0.0	0.0	6.0	0.0	0.0	0.0	0.0	0.0	2.0	0.0	5.0	0.0	0.0	0.0	0.0	0.0	0.0	0.0	0.0	0.0	0.0	0.0	0.0	0.0	10.0	233.0	6.0	62.0	0.0	0.0	0.0	61.0	6.0	0.0	26.0	0.0	0.0	0.0	0.0	0.0	0.0	0.0	10.0	0.0	14.0	0.0	0.0	0.0	0.0	0.0	0.0	110.0	0.0	7.0	0.0	0.0	0.0	0.0	10.0	0.0	0.0	0.0	0.0	0.0	0.0	28.0	0.0	0.0	0.0	0.0	0.0	0.0	0.0	3.0	0.0	0.0	0.0	0.0	0.0	20.0	0.0	0.0	0.0	0.0	0.0	0.0	0.0	0.0	0.0	0.0	0.0	0.0	0.0	0.0	0.0	0.0	0.0	0.0	7.0	0.0	0.0	0.0	0.0	0.0	0.0	0.0	0.0	0.0	0.0	0.0	0.0	0.0	0.0	0.0	8.0	0.0	0.0	0.0	0.0	0.0	0.0	0.0	0.0	0.0	0.0	0.0	0.0	0.0	10.0	0.0	0.0	0.0	0.0	0.0	0.0	0.0	0.0	0.0	0.0	0.0	0.0	0.0	0.0	0.0	0.0	0.0	0.0	0.0	0.0	0.0	0.0	0.0	0.0	0.0	0.0	0.0	0.0	0.0	0.0	0.0	0.0	0.0	0.0	0.0	0.0	0.0	0.0	0.0	0.0	0.0	0.0	0.0	0.0	0.0	0.0	0.0	0.0	0.0	0.0	0.0	0.0	0.0	0.0	0.0	0.0	0.0	0.0	0.0	0.0	0.0	0.0	0.0	0.0	0.0	0.0	0.0	0.0	0.0	0.0	0.0	0.0	0.0	0.0	0.0	0.0	0.0	0.0	0.0	0.0	0.0	0.0	0.0	0.0	0.0	0.0	0.0	0.0	0.0	0.0	0.0	0.0	0.0
SRR9612433	0.0	227.0	1281.0	0.0	0.0	2891.0	151.0	0.0	2002.0	189.0	0.0	0.0	280.0	166.0	0.0	263.0	13.0	37.0	148.0	489.0	233.0	0.0	70.0	276.0	2679.0	3.0	0.0	0.0	0.0	40.0	3.0	9.0	0.0	5.0	0.0	0.0	0.0	60.0	13.0	16.0	57.0	371.0	0.0	20.0	23.0	0.0	0.0	0.0	11.0	0.0	23.0	0.0	0.0	0.0	0.0	0.0	112.0	23.0	0.0	241.0	9.0	128.0	301.0	0.0	0.0	0.0	0.0	25.0	67.0	0.0	97.0	564.0	62.0	15.0	54.0	26.0	68.0	0.0	3.0	12.0	0.0	140.0	389.0	9.0	9.0	8.0	116.0	11.0	0.0	118.0	3.0	0.0	0.0	133.0	25.0	23.0	3.0	0.0	200.0	0.0	0.0	124.0	79.0	0.0	3.0	118.0	0.0	0.0	0.0	0.0	36.0	0.0	3.0	83.0	21.0	0.0	0.0	0.0	54.0	14.0	4.0	0.0	0.0	0.0	94.0	564.0	0.0	150.0	169.0	25.0	0.0	50.0	0.0	0.0	0.0	7.0	0.0	0.0	0.0	0.0	0.0	0.0	0.0	0.0	0.0	0.0	331.0	27.0	63.0	0.0	70.0	19.0	0.0	0.0	0.0	57.0	11.0	69.0	34.0	0.0	102.0	0.0	25.0	9.0	7.0	0.0	0.0	0.0	0.0	57.0	14.0	0.0	0.0	111.0	11.0	0.0	0.0	7.0	0.0	0.0	8.0	0.0	0.0	22.0	0.0	3.0	145.0	0.0	22.0	0.0	17.0	0.0	0.0	0.0	0.0	0.0	0.0	0.0	0.0	0.0	0.0	0.0	15.0	0.0	20.0	15.0	0.0	7.0	0.0	0.0	22.0	0.0	0.0	0.0	0.0	0.0	61.0	2.0	80.0	0.0	0.0	0.0	0.0	0.0	0.0	14.0	0.0	0.0	60.0	0.0	0.0	0.0	19.0	0.0	0.0	0.0	0.0	0.0	13.0	0.0	0.0	0.0	0.0	0.0	0.0	0.0	0.0	0.0	0.0	0.0	4.0	0.0	0.0	0.0	0.0	0.0	27.0	0.0	0.0	0.0	0.0	0.0	0.0	0.0	0.0	0.0	0.0	0.0	0.0	0.0	0.0	0.0	0.0	0.0	0.0	0.0	0.0	0.0	0.0	0.0	0.0	0.0	0.0	0.0	0.0	0.0	0.0	0.0	0.0	0.0	0.0	0.0	0.0	0.0	24.0	0.0	0.0	0.0	0.0	0.0	0.0	0.0	0.0	0.0	0.0	0.0	0.0	0.0	0.0	0.0	0.0	0.0	0.0	0.0	0.0	0.0	0.0	0.0	0.0	0.0	0.0	0.0	0.0	0.0	0.0	0.0
SRR9612434	0.0	295.0	1526.0	0.0	15.0	2849.0	233.0	3.0	2945.0	109.0	0.0	0.0	295.0	128.0	10.0	250.0	45.0	21.0	81.0	1131.0	137.0	0.0	31.0	253.0	3416.0	0.0	4.0	35.0	25.0	38.0	0.0	87.0	0.0	6.0	30.0	0.0	0.0	191.0	4.0	44.0	51.0	195.0	0.0	17.0	0.0	11.0	2.0	4.0	0.0	0.0	14.0	0.0	0.0	0.0	0.0	0.0	73.0	67.0	0.0	52.0	6.0	13.0	359.0	7.0	0.0	0.0	0.0	45.0	84.0	21.0	151.0	1023.0	70.0	0.0	150.0	14.0	71.0	0.0	5.0	0.0	0.0	145.0	749.0	8.0	34.0	0.0	119.0	0.0	0.0	85.0	44.0	0.0	0.0	93.0	29.0	11.0	0.0	18.0	272.0	0.0	0.0	89.0	35.0	0.0	0.0	335.0	0.0	0.0	0.0	0.0	63.0	0.0	3.0	24.0	0.0	4.0	0.0	12.0	8.0	14.0	14.0	0.0	0.0	0.0	271.0	366.0	0.0	176.0	113.0	31.0	0.0	0.0	0.0	0.0	0.0	0.0	0.0	0.0	0.0	0.0	35.0	0.0	0.0	0.0	6.0	16.0	310.0	0.0	38.0	0.0	39.0	15.0	0.0	2.0	0.0	33.0	105.0	97.0	23.0	0.0	155.0	0.0	0.0	7.0	0.0	0.0	0.0	0.0	19.0	43.0	42.0	0.0	0.0	228.0	31.0	0.0	0.0	0.0	0.0	0.0	8.0	5.0	0.0	10.0	0.0	0.0	123.0	0.0	45.0	0.0	27.0	0.0	3.0	0.0	0.0	0.0	0.0	0.0	0.0	0.0	29.0	0.0	9.0	0.0	6.0	0.0	13.0	0.0	0.0	0.0	36.0	0.0	0.0	0.0	0.0	6.0	32.0	0.0	59.0	0.0	0.0	0.0	0.0	0.0	0.0	3.0	0.0	0.0	63.0	0.0	0.0	0.0	20.0	4.0	0.0	0.0	0.0	0.0	0.0	0.0	0.0	0.0	0.0	0.0	0.0	0.0	0.0	0.0	0.0	0.0	0.0	0.0	0.0	0.0	1.0	7.0	10.0	0.0	0.0	0.0	5.0	0.0	0.0	0.0	0.0	0.0	0.0	0.0	0.0	0.0	0.0	0.0	0.0	0.0	0.0	2.0	0.0	0.0	0.0	0.0	0.0	0.0	0.0	0.0	0.0	0.0	0.0	0.0	0.0	0.0	0.0	0.0	0.0	0.0	35.0	0.0	0.0	0.0	0.0	0.0	0.0	0.0	0.0	0.0	0.0	0.0	0.0	0.0	0.0	0.0	0.0	0.0	0.0	0.0	0.0	0.0	0.0	0.0	0.0	0.0	0.0	0.0	0.0	0.0	0.0	0.0
SRR9612435	0.0	115.0	1144.0	0.0	41.0	1989.0	114.0	0.0	2353.0	123.0	0.0	10.0	209.0	64.0	7.0	330.0	38.0	23.0	68.0	691.0	128.0	0.0	43.0	269.0	3004.0	6.0	6.0	22.0	6.0	20.0	8.0	189.0	0.0	3.0	11.0	0.0	0.0	93.0	0.0	0.0	61.0	228.0	0.0	14.0	23.0	0.0	0.0	0.0	0.0	0.0	24.0	5.0	1.0	0.0	0.0	0.0	88.0	39.0	16.0	148.0	57.0	61.0	269.0	0.0	0.0	0.0	16.0	23.0	201.0	0.0	85.0	584.0	8.0	3.0	89.0	0.0	63.0	0.0	0.0	12.0	7.0	70.0	364.0	11.0	16.0	0.0	87.0	9.0	0.0	85.0	26.0	0.0	0.0	98.0	50.0	10.0	0.0	5.0	175.0	2.0	9.0	17.0	55.0	0.0	0.0	139.0	0.0	0.0	0.0	0.0	40.0	0.0	3.0	28.0	0.0	0.0	0.0	4.0	58.0	4.0	3.0	0.0	0.0	0.0	142.0	534.0	0.0	79.0	230.0	34.0	0.0	0.0	0.0	0.0	0.0	2.0	0.0	0.0	0.0	0.0	0.0	0.0	0.0	0.0	4.0	0.0	252.0	13.0	37.0	0.0	0.0	57.0	0.0	0.0	0.0	37.0	54.0	123.0	27.0	0.0	99.0	0.0	18.0	0.0	6.0	0.0	0.0	7.0	0.0	0.0	19.0	0.0	0.0	128.0	0.0	10.0	0.0	0.0	0.0	0.0	3.0	5.0	0.0	10.0	0.0	0.0	118.0	0.0	18.0	4.0	6.0	0.0	0.0	0.0	0.0	0.0	0.0	0.0	0.0	0.0	13.0	0.0	0.0	0.0	7.0	35.0	6.0	0.0	0.0	0.0	18.0	0.0	0.0	0.0	0.0	0.0	11.0	0.0	58.0	0.0	0.0	0.0	0.0	0.0	0.0	7.0	0.0	3.0	70.0	0.0	0.0	0.0	0.0	0.0	0.0	0.0	0.0	0.0	0.0	0.0	0.0	0.0	0.0	0.0	0.0	0.0	0.0	0.0	0.0	8.0	0.0	0.0	0.0	0.0	0.0	0.0	11.0	0.0	0.0	0.0	0.0	0.0	0.0	0.0	0.0	0.0	0.0	0.0	0.0	0.0	0.0	0.0	0.0	0.0	0.0	0.0	0.0	0.0	0.0	0.0	0.0	0.0	0.0	0.0	0.0	0.0	0.0	0.0	0.0	0.0	0.0	0.0	0.0	0.0	29.0	0.0	0.0	0.0	0.0	0.0	0.0	0.0	0.0	0.0	0.0	0.0	0.0	0.0	0.0	0.0	0.0	0.0	0.0	0.0	0.0	0.0	0.0	0.0	0.0	0.0	0.0	0.0	0.0	0.0	0.0	0.0
SRR9612436	0.0	169.0	1402.0	0.0	17.0	2236.0	128.0	0.0	1819.0	45.0	0.0	3.0	194.0	64.0	8.0	302.0	0.0	21.0	104.0	650.0	172.0	0.0	21.0	170.0	2814.0	0.0	0.0	14.0	6.0	19.0	0.0	43.0	0.0	0.0	11.0	0.0	6.0	174.0	27.0	10.0	51.0	247.0	0.0	154.0	3.0	7.0	4.0	0.0	5.0	0.0	16.0	0.0	0.0	0.0	0.0	0.0	106.0	54.0	0.0	74.0	5.0	39.0	288.0	0.0	0.0	0.0	18.0	38.0	108.0	0.0	149.0	668.0	38.0	7.0	103.0	15.0	46.0	0.0	5.0	120.0	0.0	65.0	459.0	7.0	40.0	11.0	85.0	0.0	0.0	89.0	0.0	0.0	0.0	80.0	28.0	6.0	0.0	4.0	190.0	0.0	0.0	108.0	36.0	0.0	0.0	122.0	0.0	0.0	0.0	0.0	58.0	0.0	0.0	4.0	0.0	0.0	0.0	3.0	40.0	0.0	0.0	0.0	0.0	0.0	156.0	618.0	0.0	131.0	264.0	25.0	0.0	20.0	0.0	6.0	0.0	7.0	5.0	0.0	0.0	0.0	0.0	0.0	0.0	0.0	0.0	0.0	221.0	5.0	61.0	0.0	28.0	55.0	0.0	0.0	4.0	40.0	35.0	67.0	4.0	0.0	131.0	0.0	0.0	0.0	0.0	0.0	0.0	0.0	0.0	0.0	38.0	0.0	18.0	197.0	15.0	0.0	0.0	0.0	0.0	3.0	2.0	0.0	0.0	7.0	0.0	0.0	121.0	0.0	32.0	0.0	0.0	0.0	0.0	0.0	16.0	0.0	0.0	0.0	0.0	0.0	0.0	3.0	0.0	0.0	0.0	21.0	9.0	0.0	0.0	0.0	27.0	0.0	0.0	0.0	0.0	0.0	45.0	0.0	59.0	0.0	0.0	0.0	0.0	0.0	0.0	0.0	4.0	0.0	59.0	0.0	0.0	0.0	13.0	7.0	0.0	0.0	0.0	0.0	0.0	0.0	0.0	0.0	0.0	3.0	0.0	0.0	0.0	0.0	0.0	2.0	0.0	0.0	0.0	0.0	11.0	0.0	7.0	0.0	0.0	0.0	0.0	0.0	0.0	0.0	0.0	0.0	0.0	0.0	0.0	0.0	0.0	0.0	0.0	0.0	0.0	0.0	0.0	0.0	0.0	0.0	0.0	0.0	0.0	0.0	0.0	0.0	0.0	0.0	0.0	0.0	0.0	0.0	0.0	0.0	26.0	0.0	0.0	0.0	0.0	0.0	0.0	0.0	0.0	5.0	0.0	0.0	0.0	0.0	0.0	0.0	0.0	0.0	0.0	0.0	0.0	0.0	0.0	0.0	0.0	0.0	0.0	0.0	0.0	0.0	0.0	0.0
SRR9612440	0.0	172.0	0.0	2.0	424.0	4.0	0.0	0.0	2205.0	190.0	0.0	0.0	76.0	398.0	0.0	203.0	0.0	0.0	0.0	6842.0	15.0	0.0	0.0	4.0	73.0	0.0	0.0	179.0	0.0	0.0	0.0	17.0	5.0	25.0	0.0	0.0	0.0	79.0	0.0	23.0	0.0	9.0	0.0	11.0	0.0	0.0	0.0	0.0	0.0	0.0	0.0	0.0	0.0	0.0	0.0	0.0	2.0	15.0	0.0	0.0	9.0	25.0	0.0	0.0	0.0	4.0	20.0	0.0	36.0	4.0	22.0	0.0	0.0	0.0	33.0	0.0	0.0	0.0	13.0	0.0	62.0	0.0	22.0	0.0	0.0	0.0	242.0	0.0	0.0	0.0	0.0	0.0	0.0	0.0	0.0	0.0	0.0	0.0	29.0	0.0	0.0	11.0	0.0	8.0	0.0	0.0	0.0	0.0	0.0	0.0	5.0	0.0	0.0	0.0	0.0	3.0	4.0	0.0	0.0	0.0	0.0	0.0	0.0	0.0	0.0	0.0	0.0	2.0	0.0	86.0	214.0	12.0	0.0	0.0	0.0	28.0	0.0	0.0	0.0	0.0	0.0	0.0	0.0	0.0	0.0	0.0	4.0	0.0	0.0	0.0	21.0	0.0	0.0	0.0	0.0	12.0	0.0	0.0	0.0	0.0	0.0	0.0	337.0	0.0	0.0	0.0	0.0	0.0	0.0	0.0	0.0	0.0	0.0	6.0	0.0	0.0	0.0	0.0	0.0	4.0	0.0	0.0	0.0	0.0	0.0	0.0	0.0	0.0	155.0	0.0	0.0	0.0	0.0	0.0	0.0	0.0	0.0	0.0	0.0	0.0	0.0	0.0	0.0	0.0	3.0	0.0	0.0	0.0	0.0	0.0	0.0	11.0	0.0	0.0	0.0	0.0	0.0	0.0	0.0	0.0	0.0	0.0	0.0	0.0	0.0	0.0	0.0	0.0	0.0	0.0	0.0	0.0	0.0	0.0	0.0	0.0	0.0	0.0	0.0	0.0	0.0	0.0	0.0	0.0	0.0	0.0	0.0	0.0	0.0	0.0	0.0	0.0	0.0	0.0	0.0	0.0	0.0	0.0	0.0	0.0	0.0	0.0	0.0	0.0	0.0	0.0	0.0	0.0	0.0	0.0	0.0	0.0	0.0	0.0	0.0	0.0	0.0	0.0	0.0	0.0	0.0	0.0	0.0	0.0	0.0	0.0	0.0	0.0	0.0	0.0	0.0	0.0	0.0	0.0	0.0	0.0	0.0	0.0	0.0	0.0	0.0	0.0	0.0	0.0	0.0	0.0	0.0	0.0	0.0	0.0	0.0	0.0	0.0	0.0	0.0	0.0	0.0	0.0	0.0	0.0	0.0	0.0	0.0	0.0	0.0	0.0
SRR9612442	0.0	218.0	885.0	0.0	35.0	2127.0	85.0	5.0	1628.0	88.0	0.0	0.0	113.0	170.0	10.0	150.0	49.0	13.0	57.0	285.0	71.0	0.0	27.0	134.0	843.0	0.0	0.0	38.0	0.0	0.0	0.0	38.0	17.0	17.0	21.0	0.0	0.0	174.0	7.0	0.0	114.0	144.0	0.0	0.0	4.0	0.0	6.0	0.0	0.0	0.0	20.0	0.0	0.0	0.0	0.0	4.0	53.0	0.0	0.0	81.0	9.0	37.0	87.0	0.0	3.0	0.0	14.0	24.0	47.0	0.0	137.0	175.0	41.0	0.0	43.0	18.0	30.0	0.0	8.0	15.0	1.0	89.0	193.0	0.0	12.0	0.0	79.0	0.0	0.0	163.0	22.0	0.0	0.0	78.0	8.0	9.0	2.0	0.0	95.0	0.0	0.0	79.0	34.0	0.0	4.0	179.0	0.0	0.0	0.0	0.0	41.0	0.0	10.0	18.0	6.0	0.0	0.0	0.0	9.0	0.0	13.0	0.0	0.0	0.0	145.0	260.0	0.0	153.0	216.0	0.0	21.0	24.0	0.0	0.0	0.0	0.0	5.0	0.0	0.0	0.0	0.0	0.0	0.0	0.0	0.0	11.0	483.0	0.0	165.0	0.0	68.0	12.0	0.0	0.0	3.0	0.0	27.0	40.0	9.0	0.0	167.0	0.0	0.0	5.0	3.0	0.0	11.0	0.0	0.0	30.0	14.0	0.0	0.0	69.0	41.0	4.0	0.0	0.0	0.0	0.0	0.0	0.0	0.0	0.0	0.0	0.0	276.0	6.0	80.0	0.0	8.0	0.0	0.0	0.0	0.0	0.0	0.0	0.0	0.0	0.0	3.0	0.0	0.0	0.0	0.0	12.0	0.0	0.0	0.0	0.0	16.0	0.0	0.0	0.0	0.0	11.0	0.0	0.0	20.0	0.0	0.0	0.0	0.0	0.0	0.0	0.0	4.0	0.0	30.0	0.0	0.0	0.0	26.0	0.0	0.0	0.0	0.0	0.0	0.0	0.0	0.0	0.0	0.0	0.0	0.0	0.0	0.0	0.0	0.0	2.0	0.0	0.0	0.0	0.0	0.0	0.0	0.0	0.0	0.0	0.0	0.0	0.0	0.0	0.0	0.0	0.0	0.0	0.0	0.0	0.0	0.0	0.0	0.0	0.0	0.0	0.0	0.0	0.0	0.0	0.0	0.0	0.0	0.0	0.0	0.0	0.0	0.0	0.0	0.0	0.0	0.0	0.0	0.0	0.0	29.0	0.0	0.0	0.0	0.0	0.0	0.0	0.0	0.0	0.0	0.0	0.0	0.0	0.0	0.0	0.0	0.0	0.0	0.0	0.0	0.0	0.0	0.0	0.0	0.0	0.0	0.0	0.0	0.0	0.0	0.0	0.0
SRR9612444	0.0	281.0	3.0	0.0	169.0	0.0	0.0	0.0	1142.0	89.0	0.0	8.0	69.0	103.0	0.0	136.0	0.0	2.0	0.0	6202.0	13.0	0.0	0.0	0.0	64.0	0.0	0.0	101.0	0.0	12.0	0.0	9.0	19.0	0.0	0.0	0.0	0.0	99.0	0.0	22.0	6.0	12.0	0.0	10.0	0.0	0.0	0.0	0.0	0.0	0.0	0.0	0.0	0.0	0.0	0.0	0.0	0.0	0.0	0.0	0.0	1.0	10.0	0.0	0.0	0.0	0.0	9.0	0.0	75.0	15.0	13.0	17.0	0.0	0.0	50.0	5.0	0.0	0.0	20.0	0.0	45.0	0.0	0.0	0.0	3.0	0.0	161.0	0.0	0.0	0.0	0.0	0.0	0.0	0.0	0.0	0.0	0.0	10.0	38.0	0.0	0.0	19.0	7.0	0.0	0.0	0.0	0.0	0.0	0.0	0.0	0.0	0.0	0.0	0.0	0.0	0.0	0.0	0.0	0.0	0.0	0.0	0.0	0.0	0.0	0.0	0.0	0.0	0.0	5.0	37.0	219.0	0.0	0.0	0.0	0.0	0.0	0.0	15.0	0.0	0.0	0.0	0.0	0.0	0.0	0.0	0.0	7.0	2.0	0.0	0.0	0.0	0.0	0.0	0.0	0.0	11.0	0.0	0.0	0.0	0.0	0.0	0.0	485.0	0.0	0.0	0.0	0.0	0.0	0.0	0.0	0.0	0.0	0.0	0.0	0.0	0.0	0.0	0.0	0.0	0.0	0.0	0.0	0.0	0.0	0.0	0.0	0.0	0.0	372.0	4.0	0.0	0.0	0.0	0.0	0.0	0.0	12.0	0.0	0.0	0.0	3.0	0.0	0.0	0.0	0.0	0.0	0.0	0.0	0.0	0.0	0.0	6.0	0.0	0.0	0.0	0.0	0.0	0.0	0.0	0.0	0.0	0.0	0.0	0.0	0.0	0.0	0.0	0.0	0.0	0.0	0.0	0.0	0.0	0.0	0.0	0.0	0.0	0.0	0.0	0.0	0.0	0.0	0.0	0.0	0.0	0.0	0.0	0.0	0.0	0.0	0.0	0.0	0.0	0.0	0.0	0.0	0.0	0.0	0.0	0.0	0.0	0.0	2.0	0.0	0.0	0.0	0.0	0.0	0.0	0.0	0.0	0.0	0.0	0.0	0.0	0.0	0.0	0.0	0.0	0.0	0.0	0.0	0.0	0.0	0.0	0.0	0.0	0.0	0.0	0.0	0.0	0.0	0.0	0.0	0.0	0.0	0.0	0.0	0.0	0.0	0.0	0.0	0.0	0.0	0.0	0.0	0.0	0.0	0.0	0.0	0.0	0.0	0.0	0.0	0.0	0.0	0.0	0.0	0.0	0.0	0.0	0.0	0.0	0.0	0.0	0.0
SRR9612445	0.0	369.0	2026.0	0.0	26.0	4439.0	290.0	29.0	4924.0	283.0	0.0	35.0	537.0	314.0	7.0	749.0	43.0	39.0	178.0	1282.0	247.0	0.0	72.0	501.0	4518.0	10.0	7.0	13.0	36.0	41.0	15.0	126.0	0.0	9.0	0.0	0.0	5.0	155.0	32.0	72.0	79.0	675.0	0.0	0.0	54.0	0.0	10.0	0.0	8.0	13.0	60.0	14.0	0.0	0.0	0.0	6.0	330.0	162.0	35.0	232.0	33.0	227.0	565.0	0.0	7.0	0.0	10.0	27.0	151.0	0.0	439.0	1011.0	105.0	39.0	204.0	60.0	145.0	0.0	26.0	34.0	13.0	254.0	1039.0	22.0	28.0	7.0	233.0	0.0	0.0	130.0	48.0	0.0	0.0	187.0	63.0	42.0	5.0	22.0	415.0	0.0	0.0	95.0	134.0	0.0	4.0	249.0	0.0	0.0	0.0	0.0	106.0	0.0	3.0	66.0	28.0	0.0	0.0	0.0	187.0	28.0	35.0	0.0	0.0	0.0	264.0	1171.0	14.0	301.0	381.0	53.0	0.0	106.0	7.0	16.0	0.0	0.0	2.0	0.0	0.0	0.0	9.0	0.0	2.0	4.0	8.0	22.0	636.0	9.0	112.0	4.0	52.0	106.0	0.0	0.0	5.0	119.0	40.0	169.0	75.0	0.0	172.0	0.0	0.0	0.0	6.0	3.0	0.0	4.0	16.0	35.0	42.0	0.0	6.0	157.0	24.0	0.0	0.0	17.0	0.0	0.0	18.0	0.0	0.0	25.0	0.0	3.0	199.0	0.0	32.0	0.0	39.0	0.0	2.0	0.0	0.0	0.0	26.0	0.0	0.0	0.0	11.0	0.0	0.0	0.0	22.0	53.0	11.0	0.0	0.0	0.0	46.0	0.0	25.0	0.0	10.0	0.0	105.0	7.0	223.0	0.0	0.0	3.0	0.0	0.0	0.0	18.0	0.0	0.0	54.0	4.0	0.0	0.0	28.0	15.0	0.0	0.0	0.0	0.0	0.0	0.0	0.0	0.0	0.0	4.0	0.0	0.0	0.0	0.0	0.0	0.0	0.0	0.0	0.0	0.0	0.0	0.0	50.0	7.0	0.0	0.0	7.0	0.0	0.0	0.0	0.0	0.0	0.0	0.0	0.0	0.0	0.0	0.0	0.0	0.0	0.0	0.0	0.0	0.0	0.0	0.0	0.0	6.0	0.0	0.0	0.0	0.0	0.0	0.0	0.0	0.0	0.0	0.0	0.0	0.0	44.0	0.0	0.0	0.0	0.0	0.0	0.0	0.0	0.0	0.0	0.0	0.0	0.0	0.0	0.0	0.0	0.0	0.0	0.0	0.0	0.0	0.0	0.0	0.0	0.0	0.0	0.0	0.0	0.0	0.0	0.0	0.0
SRR9612448	0.0	357.0	3493.0	0.0	0.0	4621.0	247.0	14.0	2937.0	85.0	0.0	37.0	533.0	139.0	10.0	723.0	58.0	48.0	164.0	1450.0	127.0	0.0	156.0	694.0	5454.0	0.0	18.0	6.0	0.0	31.0	23.0	169.0	0.0	0.0	23.0	5.0	0.0	303.0	0.0	29.0	91.0	372.0	0.0	18.0	29.0	0.0	0.0	0.0	0.0	0.0	31.0	20.0	0.0	0.0	0.0	6.0	342.0	81.0	24.0	137.0	23.0	105.0	950.0	0.0	0.0	0.0	24.0	8.0	205.0	0.0	245.0	1812.0	96.0	21.0	237.0	59.0	119.0	0.0	18.0	20.0	13.0	149.0	683.0	5.0	55.0	15.0	207.0	4.0	0.0	145.0	21.0	0.0	0.0	204.0	58.0	12.0	0.0	10.0	351.0	0.0	10.0	54.0	79.0	0.0	0.0	258.0	0.0	0.0	0.0	0.0	102.0	2.0	5.0	47.0	25.0	0.0	3.0	0.0	124.0	9.0	0.0	0.0	0.0	0.0	199.0	1777.0	15.0	320.0	304.0	46.0	0.0	44.0	0.0	6.0	0.0	0.0	0.0	0.0	0.0	0.0	0.0	0.0	0.0	0.0	16.0	10.0	586.0	9.0	47.0	0.0	81.0	105.0	0.0	0.0	4.0	54.0	86.0	173.0	45.0	0.0	317.0	0.0	19.0	9.0	5.0	0.0	0.0	0.0	29.0	18.0	45.0	0.0	3.0	295.0	16.0	0.0	4.0	0.0	0.0	0.0	19.0	0.0	0.0	0.0	0.0	0.0	294.0	0.0	59.0	5.0	0.0	0.0	0.0	0.0	0.0	0.0	0.0	0.0	13.0	0.0	7.0	2.0	10.0	0.0	0.0	31.0	17.0	0.0	0.0	0.0	40.0	0.0	0.0	0.0	13.0	0.0	79.0	9.0	105.0	0.0	0.0	0.0	0.0	0.0	0.0	12.0	0.0	0.0	52.0	0.0	0.0	0.0	19.0	6.0	0.0	0.0	0.0	2.0	14.0	0.0	0.0	0.0	0.0	3.0	0.0	0.0	0.0	0.0	0.0	0.0	0.0	0.0	0.0	0.0	0.0	0.0	17.0	0.0	0.0	0.0	0.0	0.0	0.0	0.0	0.0	0.0	0.0	0.0	0.0	0.0	0.0	0.0	0.0	0.0	0.0	0.0	0.0	0.0	0.0	0.0	0.0	0.0	0.0	0.0	0.0	0.0	0.0	0.0	0.0	0.0	0.0	0.0	0.0	0.0	43.0	0.0	0.0	0.0	0.0	0.0	0.0	0.0	0.0	0.0	0.0	0.0	0.0	0.0	0.0	0.0	0.0	0.0	0.0	0.0	0.0	0.0	0.0	0.0	0.0	0.0	0.0	0.0	0.0	0.0	3.0	0.0
SRR9612449	0.0	100.0	13.0	0.0	0.0	24.0	0.0	0.0	5491.0	257.0	0.0	6.0	2728.0	98.0	3.0	670.0	3.0	0.0	10.0	24.0	22.0	0.0	0.0	26.0	61.0	0.0	0.0	39.0	0.0	0.0	0.0	0.0	2.0	0.0	0.0	2.0	0.0	0.0	163.0	0.0	7.0	0.0	0.0	3.0	0.0	0.0	0.0	0.0	0.0	0.0	0.0	0.0	0.0	0.0	0.0	0.0	0.0	20.0	0.0	3.0	0.0	667.0	4.0	0.0	0.0	0.0	0.0	0.0	212.0	0.0	66.0	0.0	0.0	0.0	0.0	2.0	0.0	0.0	15.0	7.0	2.0	0.0	0.0	0.0	0.0	0.0	118.0	0.0	0.0	0.0	0.0	0.0	0.0	10.0	0.0	0.0	0.0	0.0	18.0	0.0	0.0	152.0	11.0	0.0	0.0	2.0	0.0	0.0	0.0	0.0	0.0	0.0	2.0	11.0	0.0	0.0	0.0	0.0	0.0	0.0	0.0	0.0	0.0	0.0	0.0	0.0	6.0	0.0	7.0	1313.0	0.0	11.0	0.0	0.0	0.0	0.0	0.0	0.0	81.0	0.0	0.0	0.0	0.0	0.0	0.0	0.0	8.0	2.0	25.0	0.0	0.0	0.0	0.0	0.0	0.0	23.0	0.0	0.0	0.0	0.0	6.0	0.0	15.0	0.0	0.0	0.0	0.0	0.0	0.0	0.0	0.0	0.0	0.0	16.0	0.0	0.0	0.0	0.0	0.0	0.0	0.0	0.0	0.0	0.0	0.0	0.0	0.0	0.0	0.0	0.0	0.0	0.0	0.0	0.0	0.0	0.0	0.0	0.0	0.0	0.0	0.0	0.0	0.0	0.0	0.0	0.0	0.0	0.0	0.0	0.0	0.0	0.0	0.0	0.0	0.0	0.0	0.0	0.0	0.0	0.0	0.0	0.0	0.0	0.0	0.0	0.0	0.0	0.0	0.0	0.0	0.0	0.0	0.0	0.0	0.0	0.0	0.0	0.0	0.0	0.0	0.0	0.0	0.0	0.0	0.0	0.0	0.0	0.0	0.0	0.0	0.0	0.0	0.0	0.0	0.0	0.0	0.0	0.0	0.0	0.0	0.0	0.0	0.0	0.0	0.0	0.0	0.0	0.0	0.0	0.0	0.0	0.0	0.0	0.0	0.0	0.0	0.0	0.0	0.0	0.0	0.0	0.0	0.0	0.0	0.0	0.0	0.0	0.0	0.0	0.0	0.0	0.0	0.0	0.0	0.0	0.0	0.0	0.0	0.0	0.0	0.0	0.0	0.0	0.0	0.0	0.0	0.0	0.0	0.0	0.0	0.0	0.0	0.0	0.0	0.0	0.0	0.0	0.0	0.0	0.0	0.0	0.0	0.0	0.0	0.0	0.0
SRR9612450	0.0	36.0	17.0	0.0	44.0	24.0	9.0	0.0	13535.0	140.0	0.0	0.0	1042.0	337.0	0.0	360.0	0.0	6.0	0.0	175.0	34.0	0.0	0.0	22.0	33.0	0.0	0.0	34.0	0.0	9.0	0.0	9.0	0.0	0.0	0.0	4.0	0.0	53.0	117.0	0.0	40.0	40.0	0.0	74.0	0.0	0.0	0.0	0.0	0.0	0.0	0.0	0.0	0.0	0.0	6.0	0.0	5.0	13.0	0.0	0.0	18.0	543.0	0.0	0.0	0.0	0.0	0.0	0.0	101.0	0.0	52.0	0.0	6.0	0.0	0.0	0.0	0.0	0.0	7.0	7.0	40.0	0.0	28.0	0.0	0.0	0.0	129.0	0.0	0.0	0.0	0.0	0.0	0.0	36.0	0.0	0.0	0.0	15.0	25.0	0.0	0.0	1066.0	13.0	0.0	0.0	5.0	0.0	0.0	0.0	0.0	6.0	0.0	0.0	0.0	4.0	0.0	0.0	0.0	4.0	6.0	0.0	0.0	0.0	0.0	20.0	4.0	0.0	10.0	9.0	273.0	2.0	14.0	0.0	0.0	0.0	0.0	0.0	0.0	0.0	0.0	0.0	0.0	0.0	0.0	0.0	0.0	0.0	0.0	27.0	0.0	221.0	0.0	0.0	0.0	0.0	115.0	0.0	0.0	0.0	0.0	8.0	0.0	0.0	0.0	0.0	0.0	0.0	0.0	0.0	42.0	0.0	0.0	0.0	9.0	0.0	0.0	0.0	0.0	0.0	0.0	0.0	0.0	0.0	0.0	0.0	0.0	42.0	0.0	0.0	0.0	0.0	0.0	0.0	0.0	0.0	0.0	0.0	0.0	0.0	0.0	0.0	0.0	3.0	0.0	2.0	0.0	0.0	0.0	0.0	0.0	0.0	0.0	0.0	0.0	0.0	0.0	0.0	0.0	0.0	0.0	0.0	0.0	0.0	0.0	0.0	0.0	0.0	0.0	0.0	0.0	0.0	0.0	0.0	0.0	0.0	0.0	0.0	0.0	0.0	0.0	0.0	0.0	0.0	0.0	0.0	0.0	0.0	0.0	0.0	0.0	0.0	0.0	0.0	0.0	0.0	0.0	0.0	0.0	0.0	0.0	0.0	0.0	0.0	0.0	0.0	0.0	0.0	0.0	0.0	0.0	0.0	0.0	0.0	0.0	0.0	0.0	0.0	0.0	0.0	0.0	0.0	0.0	0.0	0.0	0.0	0.0	0.0	0.0	0.0	0.0	0.0	0.0	0.0	0.0	0.0	0.0	0.0	0.0	0.0	0.0	0.0	0.0	0.0	0.0	0.0	0.0	0.0	0.0	0.0	0.0	0.0	0.0	0.0	0.0	0.0	0.0	0.0	0.0	0.0	0.0	0.0	0.0	0.0	0.0	0.0	0.0
SRR9612451	0.0	227.0	1073.0	0.0	7.0	2720.0	74.0	0.0	2894.0	125.0	0.0	50.0	282.0	193.0	3.0	427.0	15.0	14.0	35.0	473.0	135.0	0.0	37.0	304.0	1387.0	0.0	0.0	5.0	0.0	27.0	0.0	2.0	8.0	0.0	5.0	0.0	0.0	74.0	23.0	0.0	84.0	222.0	3.0	41.0	23.0	0.0	0.0	0.0	8.0	12.0	6.0	0.0	0.0	0.0	0.0	0.0	103.0	32.0	15.0	193.0	47.0	156.0	286.0	0.0	0.0	0.0	0.0	23.0	110.0	4.0	153.0	360.0	41.0	23.0	24.0	25.0	68.0	0.0	4.0	37.0	28.0	77.0	228.0	0.0	16.0	8.0	109.0	0.0	0.0	91.0	0.0	0.0	0.0	148.0	33.0	25.0	0.0	3.0	73.0	0.0	0.0	82.0	110.0	0.0	0.0	60.0	0.0	0.0	0.0	0.0	63.0	0.0	0.0	19.0	0.0	0.0	0.0	0.0	41.0	11.0	7.0	0.0	0.0	0.0	56.0	652.0	8.0	175.0	117.0	63.0	0.0	68.0	0.0	2.0	0.0	20.0	3.0	0.0	0.0	0.0	0.0	1.0	0.0	21.0	7.0	0.0	541.0	13.0	29.0	0.0	63.0	50.0	0.0	0.0	0.0	57.0	19.0	65.0	15.0	0.0	131.0	0.0	24.0	5.0	0.0	0.0	0.0	0.0	0.0	44.0	0.0	0.0	10.0	48.0	0.0	0.0	0.0	0.0	0.0	0.0	4.0	0.0	0.0	0.0	0.0	0.0	181.0	0.0	31.0	0.0	7.0	0.0	0.0	0.0	2.0	0.0	0.0	0.0	0.0	0.0	0.0	0.0	6.0	0.0	15.0	23.0	0.0	12.0	0.0	0.0	20.0	0.0	0.0	0.0	8.0	0.0	43.0	0.0	23.0	0.0	0.0	0.0	0.0	8.0	0.0	0.0	0.0	0.0	31.0	0.0	0.0	0.0	27.0	0.0	0.0	0.0	0.0	0.0	0.0	0.0	0.0	0.0	0.0	0.0	0.0	0.0	0.0	0.0	0.0	0.0	0.0	0.0	0.0	0.0	0.0	0.0	24.0	0.0	0.0	0.0	0.0	0.0	0.0	0.0	0.0	0.0	0.0	0.0	0.0	0.0	0.0	0.0	0.0	0.0	0.0	0.0	0.0	0.0	0.0	0.0	0.0	0.0	0.0	0.0	0.0	0.0	0.0	0.0	0.0	0.0	0.0	0.0	0.0	0.0	20.0	0.0	0.0	0.0	0.0	0.0	0.0	0.0	0.0	0.0	0.0	0.0	0.0	0.0	0.0	0.0	0.0	0.0	0.0	0.0	0.0	0.0	0.0	0.0	0.0	0.0	0.0	0.0	0.0	0.0	0.0	0.0
SRR9612452	0.0	329.0	1492.0	6.0	0.0	3205.0	79.0	9.0	1378.0	300.0	0.0	4.0	360.0	172.0	5.0	377.0	26.0	21.0	89.0	254.0	156.0	0.0	54.0	290.0	1324.0	0.0	0.0	12.0	0.0	40.0	7.0	0.0	0.0	0.0	0.0	0.0	0.0	123.0	5.0	8.0	103.0	97.0	0.0	0.0	21.0	0.0	0.0	0.0	8.0	12.0	8.0	0.0	0.0	0.0	0.0	0.0	103.0	48.0	15.0	186.0	12.0	117.0	238.0	0.0	0.0	0.0	7.0	22.0	48.0	0.0	185.0	338.0	39.0	4.0	32.0	30.0	129.0	0.0	0.0	10.0	0.0	104.0	163.0	8.0	21.0	0.0	65.0	0.0	0.0	145.0	0.0	0.0	0.0	124.0	33.0	12.0	0.0	17.0	62.0	0.0	0.0	67.0	37.0	0.0	0.0	153.0	0.0	0.0	0.0	0.0	50.0	0.0	0.0	33.0	0.0	0.0	0.0	0.0	48.0	6.0	8.0	0.0	0.0	0.0	70.0	527.0	0.0	194.0	174.0	59.0	0.0	46.0	0.0	3.0	0.0	4.0	7.0	0.0	0.0	0.0	10.0	0.0	0.0	0.0	0.0	9.0	546.0	12.0	101.0	0.0	36.0	62.0	0.0	0.0	0.0	58.0	6.0	87.0	15.0	0.0	192.0	0.0	0.0	0.0	0.0	0.0	0.0	0.0	0.0	63.0	13.0	0.0	0.0	54.0	0.0	0.0	0.0	0.0	0.0	0.0	7.0	0.0	0.0	12.0	0.0	0.0	193.0	0.0	34.0	3.0	6.0	0.0	0.0	0.0	0.0	0.0	0.0	0.0	0.0	0.0	0.0	0.0	12.0	0.0	0.0	18.0	8.0	0.0	0.0	0.0	20.0	17.0	0.0	0.0	0.0	0.0	62.0	0.0	34.0	0.0	0.0	0.0	0.0	0.0	0.0	3.0	0.0	0.0	20.0	0.0	0.0	0.0	26.0	0.0	0.0	0.0	0.0	0.0	0.0	0.0	0.0	0.0	0.0	0.0	4.0	0.0	0.0	0.0	0.0	0.0	0.0	0.0	0.0	0.0	0.0	0.0	17.0	0.0	0.0	0.0	0.0	0.0	0.0	0.0	0.0	0.0	0.0	0.0	0.0	0.0	0.0	0.0	0.0	0.0	0.0	0.0	0.0	0.0	0.0	0.0	0.0	0.0	0.0	0.0	0.0	0.0	0.0	0.0	0.0	0.0	0.0	0.0	0.0	0.0	20.0	0.0	0.0	0.0	0.0	0.0	0.0	0.0	0.0	0.0	0.0	0.0	0.0	0.0	0.0	0.0	0.0	0.0	0.0	0.0	0.0	0.0	0.0	0.0	0.0	0.0	0.0	0.0	0.0	0.0	0.0	0.0
SRR9612455	0.0	147.0	45.0	0.0	0.0	43.0	0.0	0.0	6590.0	436.0	0.0	12.0	2995.0	493.0	0.0	1087.0	0.0	3.0	0.0	187.0	47.0	0.0	0.0	57.0	299.0	0.0	0.0	139.0	10.0	5.0	0.0	8.0	0.0	0.0	0.0	0.0	0.0	61.0	54.0	8.0	30.0	54.0	0.0	0.0	6.0	0.0	0.0	0.0	12.0	0.0	3.0	0.0	0.0	0.0	0.0	0.0	4.0	81.0	0.0	7.0	28.0	451.0	9.0	0.0	0.0	0.0	0.0	0.0	606.0	4.0	183.0	16.0	5.0	0.0	0.0	0.0	0.0	0.0	27.0	9.0	33.0	0.0	38.0	0.0	0.0	0.0	379.0	0.0	0.0	0.0	0.0	0.0	0.0	213.0	0.0	0.0	0.0	15.0	93.0	0.0	0.0	44.0	8.0	0.0	0.0	3.0	0.0	0.0	0.0	0.0	9.0	0.0	3.0	0.0	0.0	0.0	0.0	0.0	11.0	0.0	0.0	0.0	0.0	0.0	0.0	16.0	0.0	0.0	0.0	2151.0	0.0	93.0	0.0	0.0	0.0	9.0	0.0	0.0	88.0	0.0	0.0	10.0	0.0	2.0	0.0	0.0	30.0	0.0	48.0	0.0	0.0	6.0	0.0	0.0	0.0	230.0	0.0	4.0	0.0	0.0	14.0	0.0	49.0	0.0	0.0	0.0	0.0	0.0	0.0	0.0	6.0	0.0	0.0	7.0	0.0	0.0	0.0	0.0	0.0	0.0	0.0	0.0	0.0	39.0	0.0	0.0	10.0	0.0	11.0	0.0	0.0	0.0	0.0	0.0	0.0	0.0	0.0	0.0	0.0	0.0	0.0	0.0	21.0	0.0	13.0	0.0	0.0	0.0	0.0	0.0	0.0	0.0	0.0	0.0	0.0	0.0	0.0	0.0	47.0	0.0	0.0	0.0	0.0	0.0	0.0	0.0	2.0	0.0	0.0	0.0	0.0	2.0	0.0	0.0	0.0	0.0	0.0	0.0	0.0	0.0	0.0	0.0	0.0	0.0	0.0	0.0	0.0	0.0	0.0	0.0	0.0	0.0	0.0	0.0	0.0	0.0	0.0	0.0	0.0	0.0	0.0	0.0	0.0	0.0	0.0	0.0	0.0	0.0	0.0	0.0	0.0	0.0	0.0	0.0	0.0	0.0	0.0	0.0	0.0	0.0	0.0	0.0	0.0	0.0	0.0	0.0	0.0	0.0	0.0	0.0	0.0	0.0	0.0	0.0	0.0	0.0	0.0	0.0	0.0	0.0	0.0	0.0	0.0	0.0	0.0	0.0	0.0	0.0	0.0	0.0	0.0	0.0	0.0	0.0	0.0	0.0	0.0	0.0	0.0	0.0	0.0	0.0	0.0	0.0	0.0	0.0
SRR9612456	0.0	103.0	21.0	0.0	0.0	18.0	11.0	0.0	20458.0	314.0	19.0	26.0	1859.0	1006.0	0.0	311.0	0.0	6.0	28.0	228.0	59.0	0.0	0.0	18.0	100.0	0.0	0.0	43.0	14.0	0.0	0.0	12.0	0.0	0.0	3.0	12.0	0.0	0.0	1469.0	0.0	5.0	127.0	0.0	0.0	0.0	0.0	0.0	0.0	23.0	0.0	0.0	0.0	0.0	0.0	0.0	0.0	0.0	90.0	0.0	14.0	912.0	426.0	0.0	0.0	0.0	0.0	2.0	0.0	121.0	0.0	346.0	0.0	3.0	3.0	12.0	3.0	3.0	0.0	5.0	23.0	62.0	1.0	14.0	0.0	0.0	0.0	205.0	0.0	0.0	9.0	0.0	0.0	0.0	151.0	0.0	0.0	0.0	3.0	24.0	0.0	0.0	178.0	18.0	0.0	0.0	0.0	0.0	0.0	0.0	0.0	0.0	0.0	0.0	8.0	0.0	0.0	0.0	0.0	3.0	0.0	0.0	0.0	0.0	0.0	0.0	9.0	3.0	0.0	12.0	550.0	0.0	40.0	0.0	0.0	0.0	14.0	0.0	0.0	21.0	0.0	0.0	0.0	0.0	15.0	0.0	0.0	0.0	0.0	10.0	0.0	14.0	0.0	0.0	0.0	0.0	87.0	0.0	9.0	0.0	0.0	7.0	0.0	87.0	0.0	2.0	0.0	0.0	0.0	0.0	0.0	0.0	0.0	40.0	8.0	0.0	0.0	0.0	0.0	0.0	0.0	0.0	0.0	0.0	13.0	0.0	0.0	35.0	0.0	0.0	0.0	0.0	0.0	0.0	0.0	2.0	0.0	4.0	0.0	0.0	0.0	0.0	0.0	0.0	0.0	15.0	0.0	0.0	0.0	0.0	0.0	0.0	0.0	0.0	0.0	0.0	0.0	0.0	0.0	11.0	0.0	0.0	0.0	0.0	0.0	0.0	0.0	0.0	0.0	0.0	0.0	0.0	0.0	0.0	0.0	0.0	0.0	0.0	0.0	0.0	0.0	0.0	0.0	0.0	0.0	0.0	0.0	0.0	0.0	0.0	0.0	0.0	0.0	0.0	0.0	0.0	0.0	0.0	0.0	0.0	0.0	0.0	0.0	0.0	0.0	0.0	0.0	0.0	0.0	0.0	0.0	0.0	0.0	0.0	0.0	0.0	0.0	0.0	0.0	0.0	0.0	0.0	0.0	0.0	0.0	0.0	0.0	0.0	0.0	0.0	0.0	0.0	0.0	0.0	0.0	0.0	0.0	0.0	0.0	0.0	0.0	0.0	0.0	0.0	0.0	0.0	0.0	0.0	0.0	0.0	0.0	0.0	0.0	0.0	0.0	0.0	0.0	0.0	0.0	0.0	0.0	0.0	0.0	0.0	0.0	0.0	0.0
SRR9612457	3.0	200.0	1605.0	0.0	9.0	3043.0	151.0	0.0	1332.0	108.0	0.0	0.0	267.0	108.0	0.0	183.0	24.0	20.0	68.0	249.0	183.0	0.0	58.0	231.0	1903.0	0.0	0.0	2.0	7.0	28.0	0.0	28.0	0.0	0.0	0.0	0.0	0.0	74.0	0.0	0.0	131.0	183.0	0.0	18.0	15.0	0.0	8.0	0.0	5.0	0.0	8.0	0.0	0.0	0.0	0.0	0.0	131.0	0.0	0.0	215.0	12.0	68.0	434.0	0.0	0.0	0.0	5.0	28.0	54.0	0.0	71.0	462.0	26.0	10.0	63.0	10.0	69.0	0.0	6.0	9.0	0.0	74.0	188.0	6.0	12.0	6.0	108.0	0.0	0.0	172.0	0.0	0.0	0.0	118.0	21.0	0.0	0.0	0.0	84.0	0.0	0.0	90.0	50.0	0.0	0.0	110.0	0.0	0.0	0.0	0.0	59.0	0.0	6.0	29.0	0.0	0.0	0.0	0.0	63.0	0.0	6.0	0.0	0.0	0.0	112.0	638.0	17.0	165.0	80.0	29.0	0.0	37.0	0.0	4.0	0.0	0.0	0.0	0.0	1.0	0.0	0.0	0.0	0.0	0.0	7.0	0.0	522.0	0.0	84.0	0.0	56.0	15.0	0.0	0.0	4.0	60.0	0.0	76.0	27.0	0.0	161.0	0.0	0.0	0.0	0.0	0.0	0.0	0.0	12.0	77.0	19.0	0.0	0.0	106.0	0.0	0.0	0.0	0.0	0.0	0.0	10.0	0.0	0.0	11.0	0.0	0.0	222.0	0.0	25.0	0.0	9.0	0.0	0.0	0.0	0.0	0.0	0.0	0.0	0.0	0.0	2.0	0.0	0.0	0.0	0.0	7.0	6.0	0.0	0.0	0.0	26.0	0.0	0.0	0.0	12.0	0.0	66.0	0.0	40.0	0.0	0.0	0.0	0.0	0.0	0.0	11.0	0.0	0.0	27.0	0.0	0.0	0.0	21.0	7.0	0.0	0.0	0.0	0.0	0.0	0.0	0.0	0.0	0.0	0.0	0.0	0.0	0.0	0.0	0.0	0.0	0.0	0.0	0.0	0.0	0.0	0.0	15.0	2.0	0.0	0.0	0.0	0.0	0.0	0.0	0.0	0.0	0.0	0.0	0.0	0.0	0.0	0.0	0.0	0.0	0.0	0.0	0.0	0.0	0.0	0.0	0.0	0.0	0.0	0.0	0.0	0.0	0.0	0.0	0.0	0.0	0.0	0.0	0.0	0.0	35.0	0.0	0.0	0.0	0.0	0.0	0.0	0.0	0.0	0.0	0.0	0.0	0.0	0.0	0.0	0.0	0.0	0.0	0.0	0.0	0.0	0.0	0.0	0.0	0.0	0.0	0.0	0.0	0.0	0.0	0.0	0.0
SRR9612458	0.0	546.0	2130.0	0.0	16.0	3385.0	151.0	10.0	1460.0	193.0	0.0	10.0	366.0	218.0	3.0	319.0	44.0	18.0	62.0	175.0	252.0	0.0	74.0	284.0	1995.0	0.0	0.0	0.0	0.0	54.0	8.0	27.0	0.0	0.0	6.0	0.0	0.0	84.0	8.0	17.0	146.0	195.0	0.0	9.0	18.0	0.0	7.0	0.0	0.0	0.0	8.0	0.0	0.0	0.0	0.0	0.0	119.0	39.0	18.0	182.0	6.0	190.0	271.0	0.0	0.0	0.0	0.0	63.0	83.0	0.0	215.0	444.0	48.0	29.0	95.0	32.0	156.0	0.0	6.0	20.0	0.0	72.0	105.0	0.0	12.0	15.0	108.0	0.0	0.0	161.0	10.0	0.0	0.0	112.0	21.0	14.0	0.0	0.0	132.0	0.0	6.0	243.0	71.0	0.0	0.0	100.0	0.0	0.0	0.0	0.0	43.0	0.0	0.0	24.0	36.0	0.0	0.0	4.0	88.0	0.0	17.0	0.0	0.0	0.0	78.0	653.0	0.0	158.0	253.0	70.0	0.0	54.0	0.0	0.0	3.0	0.0	0.0	0.0	0.0	0.0	18.0	0.0	0.0	0.0	4.0	0.0	703.0	7.0	151.0	0.0	170.0	95.0	0.0	0.0	0.0	79.0	17.0	123.0	19.0	0.0	206.0	0.0	30.0	6.0	5.0	0.0	0.0	0.0	8.0	49.0	11.0	0.0	0.0	95.0	0.0	0.0	11.0	0.0	0.0	0.0	0.0	0.0	0.0	19.0	0.0	0.0	236.0	0.0	51.0	0.0	0.0	0.0	0.0	0.0	0.0	0.0	6.0	0.0	0.0	2.0	0.0	0.0	25.0	0.0	0.0	17.0	0.0	0.0	0.0	0.0	8.0	0.0	0.0	0.0	0.0	0.0	44.0	0.0	50.0	0.0	0.0	0.0	0.0	0.0	0.0	4.0	0.0	0.0	12.0	0.0	0.0	0.0	25.0	0.0	0.0	0.0	0.0	0.0	0.0	0.0	0.0	0.0	0.0	0.0	0.0	0.0	0.0	0.0	0.0	0.0	0.0	0.0	0.0	0.0	0.0	0.0	18.0	0.0	0.0	0.0	0.0	0.0	0.0	0.0	0.0	0.0	0.0	0.0	0.0	0.0	0.0	0.0	0.0	0.0	0.0	0.0	0.0	0.0	0.0	0.0	0.0	0.0	0.0	0.0	0.0	0.0	0.0	0.0	0.0	0.0	0.0	0.0	0.0	0.0	36.0	0.0	0.0	0.0	0.0	0.0	0.0	0.0	0.0	0.0	0.0	0.0	0.0	0.0	0.0	0.0	0.0	0.0	0.0	0.0	0.0	0.0	0.0	0.0	0.0	0.0	0.0	0.0	0.0	0.0	0.0	0.0
SRR9612461	0.0	195.0	898.0	0.0	6.0	2932.0	136.0	9.0	1718.0	68.0	0.0	21.0	281.0	71.0	0.0	222.0	16.0	13.0	84.0	680.0	131.0	0.0	77.0	218.0	1669.0	0.0	0.0	0.0	0.0	21.0	20.0	0.0	9.0	0.0	19.0	0.0	0.0	77.0	22.0	40.0	70.0	205.0	0.0	27.0	11.0	0.0	2.0	0.0	25.0	0.0	13.0	0.0	0.0	0.0	0.0	0.0	42.0	74.0	0.0	192.0	32.0	76.0	199.0	0.0	0.0	0.0	0.0	37.0	62.0	0.0	200.0	594.0	67.0	21.0	41.0	24.0	74.0	2.0	4.0	74.0	0.0	58.0	479.0	0.0	25.0	0.0	120.0	7.0	0.0	123.0	27.0	0.0	0.0	138.0	40.0	3.0	0.0	18.0	159.0	0.0	0.0	66.0	17.0	0.0	0.0	183.0	0.0	0.0	0.0	0.0	32.0	0.0	6.0	22.0	0.0	4.0	2.0	0.0	36.0	0.0	11.0	0.0	0.0	0.0	149.0	398.0	2.0	131.0	180.0	9.0	0.0	47.0	0.0	0.0	0.0	11.0	0.0	0.0	0.0	0.0	0.0	0.0	0.0	0.0	0.0	18.0	357.0	22.0	75.0	0.0	120.0	13.0	0.0	0.0	2.0	20.0	47.0	69.0	8.0	0.0	81.0	0.0	22.0	0.0	5.0	0.0	0.0	2.0	0.0	9.0	12.0	0.0	0.0	63.0	0.0	0.0	0.0	0.0	0.0	0.0	12.0	0.0	0.0	0.0	0.0	4.0	135.0	0.0	20.0	0.0	4.0	0.0	0.0	0.0	0.0	0.0	2.0	0.0	7.0	0.0	6.0	0.0	0.0	0.0	0.0	0.0	0.0	5.0	0.0	0.0	24.0	0.0	0.0	0.0	0.0	0.0	25.0	0.0	36.0	0.0	0.0	0.0	0.0	4.0	0.0	9.0	0.0	0.0	44.0	0.0	0.0	0.0	0.0	0.0	0.0	0.0	0.0	0.0	0.0	0.0	0.0	0.0	0.0	0.0	0.0	0.0	0.0	0.0	0.0	0.0	0.0	0.0	0.0	0.0	0.0	0.0	15.0	0.0	0.0	0.0	0.0	0.0	0.0	0.0	0.0	0.0	0.0	0.0	0.0	0.0	0.0	0.0	0.0	0.0	0.0	0.0	0.0	0.0	0.0	0.0	0.0	0.0	0.0	0.0	0.0	0.0	0.0	0.0	0.0	0.0	0.0	0.0	0.0	0.0	21.0	3.0	0.0	0.0	0.0	0.0	0.0	0.0	0.0	0.0	0.0	0.0	0.0	0.0	0.0	0.0	0.0	0.0	0.0	0.0	0.0	0.0	0.0	0.0	0.0	0.0	0.0	0.0	0.0	0.0	0.0	0.0
SRR9612462	0.0	109.0	23.0	0.0	4.0	20.0	0.0	0.0	4964.0	408.0	0.0	0.0	1471.0	149.0	0.0	433.0	0.0	2.0	41.0	66.0	96.0	0.0	0.0	22.0	22.0	0.0	0.0	0.0	0.0	0.0	0.0	0.0	336.0	2.0	0.0	18.0	0.0	2.0	28.0	2.0	9.0	46.0	0.0	0.0	0.0	0.0	0.0	0.0	0.0	0.0	0.0	0.0	0.0	0.0	0.0	0.0	0.0	27.0	0.0	0.0	33.0	337.0	0.0	0.0	0.0	0.0	0.0	0.0	113.0	0.0	133.0	0.0	0.0	0.0	0.0	2.0	0.0	0.0	6.0	7.0	0.0	0.0	0.0	0.0	0.0	0.0	187.0	0.0	0.0	0.0	0.0	0.0	0.0	72.0	0.0	0.0	0.0	16.0	9.0	0.0	0.0	1207.0	9.0	0.0	0.0	3.0	0.0	0.0	0.0	0.0	0.0	0.0	0.0	0.0	0.0	0.0	0.0	0.0	0.0	0.0	0.0	0.0	0.0	0.0	0.0	0.0	0.0	0.0	0.0	89.0	0.0	10.0	0.0	0.0	0.0	12.0	0.0	0.0	63.0	0.0	0.0	0.0	0.0	0.0	0.0	0.0	0.0	0.0	9.0	0.0	37.0	0.0	0.0	0.0	0.0	39.0	0.0	5.0	0.0	0.0	0.0	0.0	17.0	0.0	0.0	0.0	0.0	0.0	0.0	0.0	4.0	0.0	0.0	8.0	0.0	0.0	0.0	0.0	0.0	0.0	0.0	0.0	0.0	2.0	0.0	0.0	0.0	0.0	0.0	0.0	0.0	0.0	0.0	0.0	0.0	0.0	0.0	0.0	0.0	0.0	0.0	0.0	0.0	0.0	0.0	0.0	0.0	0.0	0.0	0.0	0.0	0.0	8.0	0.0	0.0	0.0	0.0	0.0	0.0	0.0	0.0	0.0	0.0	0.0	0.0	0.0	0.0	0.0	0.0	0.0	0.0	0.0	0.0	0.0	0.0	0.0	0.0	0.0	0.0	0.0	0.0	0.0	0.0	0.0	0.0	0.0	0.0	0.0	0.0	0.0	0.0	0.0	0.0	0.0	0.0	0.0	0.0	0.0	0.0	0.0	0.0	0.0	0.0	0.0	0.0	0.0	0.0	0.0	0.0	0.0	0.0	0.0	0.0	0.0	0.0	0.0	0.0	0.0	0.0	0.0	0.0	0.0	0.0	0.0	0.0	0.0	0.0	0.0	0.0	0.0	0.0	0.0	0.0	0.0	0.0	0.0	0.0	0.0	0.0	0.0	0.0	0.0	0.0	0.0	0.0	0.0	0.0	0.0	0.0	0.0	0.0	0.0	0.0	0.0	0.0	0.0	0.0	0.0	0.0	0.0	0.0	0.0	0.0	0.0	0.0	0.0
SRR9612463	0.0	209.0	594.0	0.0	0.0	2139.0	132.0	15.0	4114.0	241.0	0.0	32.0	556.0	142.0	4.0	272.0	19.0	25.0	159.0	318.0	1828.0	2.0	42.0	238.0	1007.0	6.0	10.0	0.0	0.0	27.0	20.0	0.0	0.0	0.0	0.0	22.0	0.0	34.0	58.0	33.0	63.0	439.0	13.0	10.0	7.0	0.0	3.0	0.0	13.0	0.0	5.0	0.0	0.0	0.0	0.0	0.0	24.0	172.0	0.0	276.0	116.0	270.0	114.0	0.0	0.0	0.0	0.0	29.0	104.0	0.0	247.0	283.0	36.0	16.0	15.0	41.0	35.0	0.0	0.0	95.0	0.0	66.0	136.0	0.0	13.0	11.0	170.0	0.0	0.0	107.0	4.0	0.0	0.0	246.0	6.0	6.0	0.0	39.0	152.0	0.0	0.0	93.0	15.0	0.0	0.0	101.0	0.0	0.0	4.0	0.0	49.0	0.0	4.0	16.0	6.0	0.0	0.0	0.0	30.0	0.0	18.0	0.0	0.0	0.0	58.0	297.0	0.0	133.0	198.0	16.0	0.0	42.0	0.0	0.0	0.0	12.0	6.0	0.0	0.0	0.0	0.0	0.0	0.0	0.0	3.0	16.0	286.0	55.0	33.0	0.0	29.0	12.0	0.0	0.0	0.0	57.0	4.0	46.0	19.0	0.0	62.0	0.0	0.0	5.0	0.0	0.0	0.0	0.0	0.0	91.0	9.0	0.0	0.0	33.0	0.0	0.0	0.0	0.0	0.0	0.0	0.0	0.0	0.0	0.0	0.0	0.0	130.0	0.0	12.0	2.0	6.0	0.0	7.0	0.0	4.0	0.0	0.0	0.0	0.0	0.0	2.0	0.0	0.0	0.0	62.0	0.0	8.0	5.0	0.0	0.0	8.0	0.0	0.0	0.0	0.0	0.0	9.0	0.0	51.0	0.0	0.0	0.0	0.0	0.0	0.0	4.0	0.0	0.0	57.0	0.0	0.0	0.0	18.0	7.0	0.0	0.0	0.0	0.0	12.0	0.0	0.0	0.0	0.0	10.0	0.0	0.0	0.0	0.0	23.0	0.0	2.0	0.0	0.0	0.0	0.0	0.0	15.0	0.0	0.0	0.0	0.0	0.0	0.0	0.0	0.0	0.0	0.0	0.0	0.0	0.0	0.0	0.0	0.0	0.0	0.0	0.0	0.0	0.0	0.0	0.0	0.0	0.0	0.0	0.0	0.0	0.0	0.0	0.0	9.0	0.0	0.0	0.0	0.0	0.0	11.0	0.0	0.0	0.0	0.0	0.0	0.0	0.0	0.0	0.0	0.0	0.0	0.0	0.0	0.0	0.0	0.0	0.0	0.0	0.0	0.0	0.0	0.0	0.0	0.0	0.0	0.0	0.0	0.0	0.0	0.0	0.0
SRR9612464	3.0	287.0	1357.0	0.0	3.0	4005.0	130.0	5.0	1899.0	174.0	0.0	16.0	409.0	127.0	0.0	302.0	27.0	24.0	230.0	623.0	825.0	0.0	28.0	350.0	2000.0	0.0	0.0	0.0	0.0	34.0	0.0	34.0	9.0	0.0	5.0	0.0	0.0	91.0	31.0	37.0	73.0	544.0	4.0	564.0	3.0	0.0	0.0	0.0	17.0	0.0	0.0	0.0	0.0	0.0	0.0	0.0	118.0	80.0	15.0	136.0	16.0	237.0	490.0	0.0	0.0	0.0	0.0	23.0	48.0	0.0	228.0	421.0	57.0	12.0	70.0	31.0	96.0	0.0	0.0	381.0	0.0	145.0	252.0	3.0	20.0	13.0	215.0	0.0	0.0	147.0	0.0	0.0	0.0	147.0	24.0	22.0	0.0	0.0	163.0	0.0	0.0	58.0	68.0	0.0	0.0	101.0	0.0	0.0	0.0	0.0	60.0	0.0	2.0	22.0	15.0	0.0	0.0	0.0	26.0	16.0	12.0	0.0	0.0	0.0	84.0	676.0	10.0	189.0	169.0	0.0	0.0	36.0	0.0	0.0	0.0	7.0	0.0	0.0	0.0	0.0	0.0	0.0	0.0	0.0	0.0	24.0	519.0	20.0	47.0	0.0	60.0	15.0	0.0	4.0	0.0	42.0	18.0	64.0	57.0	0.0	106.0	0.0	18.0	17.0	3.0	0.0	0.0	6.0	0.0	33.0	34.0	0.0	29.0	102.0	0.0	0.0	0.0	5.0	0.0	0.0	0.0	0.0	0.0	6.0	0.0	0.0	235.0	0.0	55.0	9.0	12.0	0.0	4.0	0.0	11.0	0.0	0.0	0.0	0.0	0.0	0.0	0.0	0.0	0.0	8.0	14.0	16.0	7.0	0.0	0.0	13.0	0.0	0.0	0.0	15.0	0.0	24.0	0.0	68.0	0.0	0.0	0.0	0.0	0.0	0.0	0.0	0.0	0.0	79.0	0.0	0.0	0.0	28.0	16.0	0.0	0.0	0.0	0.0	0.0	0.0	0.0	0.0	0.0	0.0	0.0	0.0	0.0	0.0	0.0	0.0	0.0	0.0	0.0	0.0	0.0	0.0	27.0	5.0	0.0	0.0	0.0	0.0	0.0	0.0	0.0	0.0	0.0	0.0	0.0	0.0	0.0	0.0	0.0	0.0	0.0	0.0	0.0	0.0	0.0	0.0	0.0	0.0	0.0	0.0	0.0	0.0	0.0	0.0	0.0	0.0	0.0	0.0	0.0	0.0	26.0	0.0	0.0	0.0	0.0	0.0	0.0	0.0	0.0	0.0	0.0	0.0	0.0	0.0	0.0	0.0	0.0	0.0	0.0	0.0	3.0	0.0	0.0	0.0	0.0	0.0	0.0	0.0	0.0	0.0	0.0	0.0
SRR9612465	0.0	74.0	582.0	0.0	3.0	1289.0	74.0	0.0	815.0	144.0	0.0	26.0	214.0	68.0	0.0	297.0	12.0	12.0	82.0	214.0	535.0	0.0	38.0	218.0	1252.0	0.0	9.0	0.0	0.0	6.0	19.0	2.0	24.0	0.0	0.0	0.0	0.0	75.0	69.0	26.0	138.0	302.0	7.0	562.0	7.0	0.0	3.0	0.0	41.0	0.0	8.0	4.0	0.0	0.0	0.0	4.0	34.0	83.0	12.0	183.0	116.0	287.0	89.0	0.0	0.0	0.0	0.0	35.0	65.0	6.0	251.0	247.0	40.0	7.0	19.0	27.0	50.0	0.0	0.0	58.0	0.0	54.0	137.0	0.0	0.0	0.0	119.0	17.0	0.0	88.0	3.0	0.0	0.0	94.0	14.0	9.0	0.0	8.0	107.0	0.0	0.0	43.0	72.0	0.0	0.0	99.0	0.0	0.0	4.0	0.0	24.0	0.0	0.0	0.0	24.0	0.0	0.0	0.0	7.0	0.0	6.0	0.0	0.0	0.0	62.0	543.0	4.0	125.0	284.0	38.0	16.0	23.0	0.0	7.0	0.0	19.0	0.0	0.0	0.0	0.0	5.0	0.0	0.0	0.0	3.0	6.0	203.0	29.0	50.0	0.0	8.0	0.0	0.0	0.0	2.0	37.0	0.0	66.0	15.0	0.0	90.0	0.0	0.0	6.0	0.0	0.0	0.0	8.0	9.0	0.0	7.0	0.0	16.0	41.0	0.0	0.0	0.0	0.0	0.0	0.0	5.0	0.0	0.0	5.0	0.0	0.0	165.0	0.0	38.0	0.0	8.0	0.0	0.0	0.0	4.0	0.0	0.0	0.0	0.0	0.0	0.0	0.0	0.0	0.0	0.0	0.0	11.0	4.0	0.0	0.0	17.0	0.0	0.0	0.0	0.0	6.0	0.0	0.0	23.0	0.0	0.0	0.0	0.0	0.0	0.0	0.0	0.0	0.0	45.0	0.0	0.0	0.0	17.0	4.0	0.0	0.0	0.0	0.0	0.0	0.0	0.0	0.0	0.0	48.0	0.0	0.0	0.0	0.0	5.0	0.0	0.0	0.0	0.0	0.0	0.0	0.0	8.0	0.0	0.0	0.0	0.0	0.0	9.0	6.0	0.0	0.0	0.0	0.0	0.0	0.0	0.0	0.0	0.0	0.0	0.0	0.0	0.0	0.0	0.0	0.0	0.0	0.0	0.0	0.0	0.0	0.0	0.0	0.0	0.0	0.0	0.0	0.0	0.0	0.0	5.0	0.0	0.0	0.0	0.0	0.0	0.0	0.0	0.0	0.0	0.0	0.0	0.0	0.0	0.0	0.0	0.0	0.0	0.0	0.0	0.0	0.0	0.0	0.0	0.0	0.0	5.0	0.0	0.0	0.0	0.0	0.0
SRR9612466	0.0	371.0	1598.0	0.0	0.0	3344.0	171.0	12.0	1997.0	187.0	0.0	26.0	427.0	118.0	3.0	337.0	7.0	19.0	147.0	521.0	255.0	0.0	30.0	368.0	2267.0	0.0	0.0	0.0	0.0	22.0	2.0	6.0	0.0	0.0	14.0	0.0	0.0	82.0	25.0	10.0	96.0	437.0	0.0	0.0	31.0	0.0	0.0	0.0	4.0	0.0	10.0	0.0	0.0	0.0	0.0	0.0	65.0	101.0	22.0	218.0	24.0	142.0	291.0	0.0	0.0	0.0	0.0	53.0	119.0	5.0	211.0	368.0	51.0	0.0	73.0	34.0	103.0	0.0	6.0	20.0	0.0	93.0	341.0	0.0	14.0	19.0	154.0	20.0	0.0	194.0	0.0	0.0	0.0	170.0	35.0	18.0	0.0	5.0	235.0	0.0	3.0	81.0	46.0	0.0	0.0	143.0	0.0	0.0	0.0	0.0	50.0	2.0	5.0	20.0	7.0	0.0	0.0	0.0	5.0	6.0	16.0	0.0	0.0	0.0	120.0	588.0	0.0	154.0	242.0	16.0	0.0	34.0	0.0	0.0	0.0	0.0	0.0	0.0	0.0	0.0	0.0	0.0	0.0	0.0	0.0	28.0	410.0	10.0	86.0	2.0	133.0	22.0	0.0	0.0	0.0	63.0	25.0	45.0	17.0	0.0	83.0	0.0	0.0	11.0	6.0	0.0	0.0	4.0	0.0	50.0	38.0	0.0	0.0	128.0	0.0	0.0	3.0	6.0	0.0	0.0	0.0	0.0	0.0	0.0	0.0	0.0	182.0	9.0	36.0	6.0	10.0	0.0	0.0	0.0	0.0	0.0	0.0	0.0	0.0	0.0	0.0	0.0	11.0	0.0	7.0	0.0	0.0	0.0	0.0	0.0	17.0	0.0	0.0	0.0	0.0	3.0	9.0	0.0	61.0	0.0	0.0	0.0	0.0	0.0	0.0	3.0	0.0	0.0	73.0	0.0	0.0	0.0	35.0	0.0	0.0	0.0	0.0	0.0	0.0	2.0	0.0	0.0	0.0	0.0	0.0	0.0	0.0	0.0	0.0	0.0	4.0	0.0	0.0	0.0	0.0	0.0	22.0	4.0	0.0	0.0	0.0	0.0	0.0	0.0	0.0	0.0	0.0	0.0	0.0	0.0	0.0	0.0	0.0	0.0	0.0	0.0	0.0	0.0	0.0	0.0	0.0	0.0	0.0	0.0	0.0	0.0	0.0	0.0	0.0	0.0	0.0	0.0	0.0	0.0	41.0	0.0	0.0	0.0	0.0	0.0	0.0	0.0	0.0	0.0	0.0	0.0	0.0	0.0	0.0	0.0	0.0	0.0	0.0	0.0	0.0	0.0	0.0	0.0	0.0	0.0	0.0	0.0	0.0	0.0	0.0	0.0
SRR9612467	0.0	239.0	1413.0	6.0	5.0	3686.0	115.0	0.0	2053.0	303.0	0.0	14.0	620.0	178.0	6.0	476.0	38.0	47.0	254.0	431.0	455.0	0.0	99.0	217.0	2832.0	0.0	10.0	0.0	0.0	25.0	51.0	0.0	23.0	0.0	0.0	0.0	7.0	129.0	84.0	4.0	99.0	318.0	3.0	9.0	13.0	0.0	0.0	0.0	19.0	0.0	17.0	4.0	0.0	0.0	0.0	3.0	209.0	172.0	9.0	185.0	94.0	228.0	301.0	0.0	0.0	0.0	17.0	33.0	46.0	0.0	254.0	873.0	68.0	39.0	120.0	35.0	154.0	0.0	8.0	340.0	0.0	186.0	217.0	0.0	26.0	5.0	177.0	0.0	0.0	188.0	0.0	0.0	0.0	121.0	33.0	17.0	0.0	9.0	251.0	0.0	0.0	165.0	46.0	0.0	0.0	192.0	0.0	3.0	0.0	0.0	95.0	0.0	3.0	13.0	5.0	0.0	0.0	0.0	34.0	0.0	9.0	0.0	0.0	0.0	69.0	1180.0	0.0	299.0	301.0	36.0	0.0	54.0	0.0	8.0	4.0	0.0	6.0	0.0	0.0	0.0	0.0	1.0	0.0	2.0	12.0	16.0	617.0	33.0	81.0	0.0	113.0	40.0	0.0	0.0	0.0	54.0	7.0	122.0	29.0	0.0	194.0	0.0	31.0	14.0	0.0	0.0	0.0	0.0	21.0	32.0	25.0	0.0	23.0	80.0	8.0	0.0	0.0	9.0	0.0	0.0	13.0	0.0	0.0	18.0	0.0	0.0	238.0	0.0	34.0	2.0	10.0	0.0	0.0	0.0	0.0	0.0	0.0	0.0	0.0	0.0	0.0	0.0	0.0	0.0	6.0	16.0	16.0	9.0	0.0	0.0	11.0	0.0	0.0	0.0	12.0	0.0	31.0	0.0	52.0	0.0	0.0	0.0	0.0	0.0	0.0	0.0	0.0	0.0	36.0	0.0	0.0	0.0	45.0	0.0	0.0	0.0	0.0	0.0	0.0	0.0	0.0	0.0	0.0	0.0	0.0	0.0	0.0	0.0	11.0	0.0	0.0	0.0	0.0	0.0	0.0	0.0	24.0	7.0	0.0	0.0	0.0	0.0	0.0	0.0	0.0	0.0	0.0	0.0	0.0	0.0	0.0	0.0	0.0	0.0	0.0	0.0	0.0	0.0	0.0	0.0	0.0	0.0	0.0	0.0	0.0	0.0	0.0	0.0	0.0	0.0	0.0	0.0	0.0	0.0	27.0	0.0	0.0	0.0	0.0	0.0	0.0	0.0	0.0	0.0	0.0	0.0	0.0	0.0	0.0	0.0	0.0	0.0	0.0	0.0	0.0	0.0	0.0	0.0	0.0	0.0	0.0	0.0	0.0	0.0	0.0	5.0
SRR9612468	0.0	284.0	1573.0	0.0	18.0	2888.0	145.0	0.0	5388.0	167.0	0.0	35.0	451.0	157.0	8.0	481.0	32.0	31.0	193.0	587.0	961.0	3.0	39.0	288.0	2766.0	0.0	0.0	10.0	0.0	33.0	0.0	35.0	7.0	0.0	6.0	12.0	0.0	46.0	33.0	4.0	93.0	349.0	0.0	55.0	21.0	2.0	3.0	0.0	14.0	0.0	8.0	0.0	0.0	0.0	17.0	0.0	72.0	150.0	0.0	286.0	103.0	315.0	299.0	0.0	0.0	0.0	12.0	30.0	164.0	0.0	359.0	565.0	27.0	29.0	86.0	49.0	63.0	0.0	0.0	73.0	0.0	95.0	298.0	0.0	12.0	25.0	118.0	0.0	0.0	134.0	6.0	0.0	0.0	353.0	9.0	10.0	0.0	59.0	267.0	0.0	0.0	64.0	41.0	0.0	0.0	96.0	6.0	0.0	5.0	0.0	34.0	0.0	16.0	0.0	0.0	0.0	0.0	0.0	54.0	39.0	0.0	0.0	0.0	0.0	97.0	707.0	7.0	135.0	431.0	21.0	0.0	28.0	0.0	0.0	0.0	7.0	3.0	2.0	0.0	0.0	0.0	0.0	0.0	0.0	0.0	16.0	413.0	16.0	40.0	0.0	23.0	17.0	0.0	0.0	0.0	49.0	22.0	65.0	46.0	0.0	109.0	0.0	22.0	8.0	0.0	0.0	0.0	0.0	0.0	71.0	0.0	0.0	31.0	104.0	0.0	0.0	0.0	5.0	0.0	0.0	4.0	0.0	0.0	0.0	0.0	0.0	179.0	0.0	23.0	8.0	14.0	0.0	0.0	0.0	7.0	0.0	0.0	0.0	0.0	0.0	0.0	0.0	0.0	0.0	0.0	0.0	14.0	3.0	0.0	0.0	21.0	10.0	4.0	0.0	1.0	48.0	0.0	0.0	50.0	0.0	0.0	0.0	0.0	0.0	0.0	3.0	3.0	0.0	80.0	0.0	0.0	0.0	16.0	4.0	0.0	0.0	0.0	0.0	0.0	0.0	0.0	0.0	0.0	0.0	0.0	0.0	0.0	0.0	4.0	0.0	0.0	0.0	0.0	0.0	0.0	0.0	21.0	0.0	0.0	0.0	0.0	0.0	0.0	0.0	0.0	0.0	0.0	0.0	0.0	0.0	0.0	0.0	0.0	0.0	0.0	0.0	0.0	0.0	0.0	0.0	0.0	0.0	0.0	0.0	0.0	0.0	0.0	0.0	0.0	0.0	0.0	0.0	0.0	0.0	27.0	0.0	0.0	0.0	0.0	0.0	0.0	0.0	0.0	0.0	0.0	0.0	0.0	0.0	0.0	0.0	0.0	0.0	0.0	0.0	0.0	0.0	0.0	0.0	0.0	0.0	0.0	0.0	0.0	0.0	0.0	0.0
SRR9612470	0.0	198.0	2.0	7.0	25.0	0.0	10.0	0.0	4685.0	325.0	0.0	18.0	622.0	390.0	0.0	731.0	5.0	4.0	0.0	2768.0	144.0	0.0	0.0	16.0	204.0	0.0	0.0	191.0	24.0	0.0	0.0	27.0	0.0	41.0	0.0	0.0	0.0	24.0	260.0	10.0	18.0	29.0	7.0	3.0	0.0	0.0	0.0	0.0	0.0	0.0	0.0	0.0	0.0	0.0	0.0	0.0	7.0	7.0	0.0	4.0	2.0	302.0	9.0	0.0	0.0	0.0	43.0	0.0	127.0	0.0	231.0	7.0	0.0	6.0	33.0	0.0	0.0	0.0	23.0	22.0	324.0	8.0	18.0	3.0	0.0	0.0	735.0	0.0	0.0	0.0	0.0	0.0	0.0	50.0	0.0	3.0	0.0	4.0	24.0	0.0	0.0	328.0	65.0	0.0	0.0	0.0	0.0	0.0	0.0	0.0	0.0	0.0	2.0	0.0	5.0	0.0	2.0	0.0	15.0	6.0	0.0	0.0	0.0	0.0	0.0	26.0	0.0	12.0	0.0	584.0	0.0	33.0	146.0	6.0	0.0	0.0	0.0	0.0	0.0	0.0	0.0	0.0	0.0	0.0	0.0	0.0	41.0	0.0	23.0	0.0	352.0	0.0	0.0	0.0	0.0	94.0	0.0	0.0	0.0	0.0	5.0	0.0	1095.0	0.0	0.0	0.0	0.0	0.0	0.0	1.0	0.0	0.0	0.0	21.0	0.0	7.0	0.0	0.0	0.0	4.0	5.0	0.0	0.0	54.0	0.0	0.0	2.0	0.0	6.0	0.0	0.0	0.0	0.0	0.0	5.0	0.0	164.0	0.0	0.0	0.0	0.0	0.0	7.0	0.0	0.0	0.0	0.0	11.0	0.0	0.0	0.0	0.0	19.0	0.0	0.0	0.0	0.0	0.0	16.0	0.0	0.0	0.0	0.0	0.0	0.0	0.0	0.0	0.0	0.0	0.0	0.0	0.0	0.0	0.0	0.0	0.0	0.0	0.0	0.0	0.0	0.0	0.0	0.0	0.0	0.0	0.0	0.0	0.0	0.0	0.0	0.0	0.0	0.0	0.0	0.0	0.0	0.0	0.0	0.0	0.0	0.0	0.0	0.0	0.0	0.0	0.0	0.0	0.0	0.0	0.0	0.0	0.0	0.0	0.0	0.0	0.0	0.0	0.0	0.0	0.0	0.0	0.0	0.0	0.0	0.0	0.0	0.0	0.0	0.0	0.0	0.0	0.0	0.0	0.0	0.0	0.0	0.0	0.0	0.0	0.0	0.0	0.0	0.0	0.0	0.0	0.0	0.0	0.0	0.0	0.0	0.0	0.0	0.0	0.0	0.0	0.0	0.0	0.0	0.0	0.0	0.0	0.0	0.0	0.0	0.0	0.0
SRR9612471	0.0	79.0	14.0	0.0	6.0	10.0	5.0	0.0	4184.0	231.0	0.0	27.0	589.0	262.0	0.0	1286.0	4.0	0.0	7.0	8098.0	5.0	0.0	0.0	13.0	197.0	0.0	10.0	251.0	59.0	0.0	0.0	39.0	0.0	42.0	0.0	0.0	0.0	159.0	0.0	13.0	20.0	18.0	9.0	0.0	0.0	0.0	0.0	0.0	0.0	0.0	0.0	0.0	0.0	0.0	0.0	0.0	0.0	2.0	0.0	0.0	0.0	65.0	0.0	0.0	0.0	0.0	23.0	0.0	212.0	0.0	136.0	21.0	0.0	0.0	147.0	0.0	5.0	0.0	127.0	10.0	96.0	4.0	42.0	0.0	4.0	0.0	468.0	0.0	3.0	0.0	6.0	0.0	0.0	12.0	0.0	0.0	0.0	2.0	82.0	0.0	0.0	24.0	4.0	0.0	0.0	0.0	0.0	0.0	0.0	0.0	0.0	0.0	0.0	0.0	27.0	11.0	0.0	0.0	0.0	0.0	0.0	0.0	0.0	0.0	19.0	9.0	0.0	0.0	0.0	475.0	0.0	0.0	140.0	0.0	0.0	0.0	0.0	0.0	0.0	0.0	0.0	0.0	0.0	0.0	0.0	0.0	0.0	3.0	0.0	0.0	0.0	0.0	0.0	0.0	0.0	0.0	7.0	5.0	0.0	0.0	10.0	0.0	558.0	0.0	0.0	0.0	0.0	0.0	0.0	0.0	0.0	0.0	0.0	7.0	0.0	0.0	0.0	0.0	0.0	0.0	0.0	0.0	0.0	0.0	0.0	0.0	23.0	0.0	6.0	0.0	0.0	0.0	0.0	0.0	0.0	0.0	722.0	0.0	0.0	0.0	14.0	0.0	26.0	0.0	5.0	0.0	0.0	4.0	0.0	4.0	4.0	0.0	5.0	0.0	0.0	0.0	0.0	0.0	0.0	0.0	0.0	0.0	0.0	0.0	0.0	0.0	0.0	0.0	0.0	0.0	0.0	0.0	0.0	0.0	0.0	0.0	0.0	0.0	0.0	0.0	0.0	0.0	0.0	0.0	0.0	0.0	0.0	0.0	0.0	0.0	0.0	0.0	0.0	0.0	0.0	0.0	0.0	0.0	0.0	0.0	0.0	0.0	0.0	0.0	0.0	0.0	0.0	0.0	0.0	0.0	0.0	0.0	0.0	0.0	0.0	0.0	0.0	0.0	0.0	0.0	0.0	0.0	0.0	0.0	0.0	0.0	0.0	0.0	0.0	0.0	0.0	0.0	0.0	0.0	4.0	0.0	0.0	0.0	0.0	0.0	0.0	0.0	0.0	0.0	0.0	0.0	0.0	0.0	0.0	0.0	0.0	0.0	0.0	0.0	0.0	0.0	0.0	0.0	0.0	0.0	0.0	0.0	0.0	0.0	0.0	0.0
SRR9612472	0.0	152.0	14.0	0.0	5.0	21.0	0.0	0.0	6235.0	461.0	0.0	63.0	1166.0	429.0	0.0	555.0	0.0	5.0	25.0	254.0	97.0	0.0	6.0	6.0	114.0	0.0	0.0	26.0	7.0	0.0	0.0	0.0	0.0	25.0	0.0	0.0	0.0	13.0	737.0	19.0	11.0	45.0	0.0	6.0	0.0	0.0	0.0	0.0	14.0	0.0	0.0	0.0	0.0	0.0	0.0	0.0	4.0	20.0	0.0	0.0	0.0	437.0	0.0	0.0	0.0	0.0	13.0	0.0	76.0	0.0	125.0	13.0	0.0	5.0	15.0	0.0	0.0	0.0	18.0	41.0	200.0	0.0	0.0	0.0	2.0	0.0	507.0	0.0	0.0	0.0	0.0	0.0	2.0	127.0	0.0	0.0	0.0	0.0	26.0	0.0	0.0	232.0	15.0	0.0	0.0	0.0	0.0	0.0	0.0	0.0	0.0	0.0	0.0	9.0	0.0	0.0	0.0	0.0	4.0	0.0	0.0	0.0	0.0	0.0	0.0	0.0	0.0	0.0	17.0	1066.0	0.0	12.0	0.0	0.0	0.0	0.0	0.0	0.0	0.0	0.0	0.0	0.0	0.0	0.0	0.0	2.0	5.0	0.0	20.0	0.0	14.0	0.0	0.0	0.0	0.0	108.0	0.0	8.0	0.0	0.0	3.0	0.0	349.0	0.0	0.0	0.0	0.0	0.0	0.0	0.0	0.0	0.0	39.0	5.0	0.0	0.0	0.0	0.0	0.0	0.0	3.0	0.0	0.0	34.0	0.0	0.0	14.0	0.0	0.0	0.0	0.0	0.0	0.0	0.0	3.0	0.0	8.0	0.0	0.0	0.0	0.0	0.0	22.0	0.0	0.0	0.0	0.0	18.0	0.0	0.0	0.0	0.0	0.0	0.0	0.0	0.0	0.0	0.0	9.0	0.0	0.0	0.0	0.0	0.0	0.0	0.0	0.0	0.0	0.0	0.0	0.0	0.0	0.0	0.0	0.0	0.0	0.0	0.0	0.0	0.0	0.0	0.0	0.0	0.0	0.0	0.0	0.0	0.0	0.0	0.0	0.0	0.0	0.0	0.0	0.0	0.0	0.0	0.0	0.0	0.0	0.0	0.0	0.0	0.0	0.0	0.0	0.0	0.0	0.0	0.0	0.0	0.0	0.0	0.0	0.0	0.0	0.0	0.0	0.0	0.0	0.0	0.0	0.0	0.0	0.0	0.0	0.0	0.0	0.0	0.0	0.0	0.0	0.0	0.0	0.0	0.0	0.0	0.0	0.0	0.0	0.0	0.0	0.0	0.0	0.0	0.0	0.0	0.0	0.0	0.0	0.0	0.0	0.0	0.0	0.0	0.0	0.0	0.0	0.0	0.0	0.0	0.0	0.0	0.0	0.0	0.0
SRR9612473	0.0	540.0	0.0	0.0	78.0	17.0	0.0	0.0	5734.0	162.0	0.0	14.0	466.0	653.0	0.0	619.0	2.0	9.0	2.0	4925.0	13.0	0.0	0.0	0.0	178.0	0.0	0.0	184.0	10.0	0.0	0.0	0.0	0.0	14.0	0.0	0.0	0.0	24.0	10.0	0.0	25.0	15.0	17.0	0.0	0.0	0.0	0.0	0.0	0.0	0.0	0.0	3.0	0.0	0.0	0.0	0.0	15.0	3.0	0.0	0.0	11.0	118.0	7.0	0.0	0.0	0.0	0.0	77.0	128.0	0.0	114.0	0.0	2.0	7.0	41.0	0.0	0.0	0.0	18.0	0.0	70.0	6.0	17.0	0.0	4.0	0.0	467.0	0.0	12.0	0.0	0.0	0.0	0.0	8.0	0.0	0.0	0.0	0.0	31.0	0.0	0.0	88.0	14.0	0.0	0.0	5.0	0.0	0.0	0.0	0.0	0.0	0.0	0.0	24.0	0.0	0.0	0.0	0.0	15.0	0.0	0.0	0.0	0.0	0.0	0.0	12.0	0.0	2.0	0.0	261.0	0.0	24.0	55.0	0.0	0.0	0.0	0.0	0.0	35.0	0.0	0.0	0.0	0.0	0.0	0.0	0.0	16.0	5.0	12.0	0.0	0.0	2.0	0.0	0.0	2.0	71.0	5.0	0.0	0.0	0.0	7.0	0.0	1040.0	0.0	0.0	0.0	0.0	0.0	0.0	0.0	2.0	0.0	0.0	2.0	0.0	0.0	0.0	0.0	0.0	11.0	0.0	0.0	0.0	21.0	0.0	0.0	0.0	0.0	9.0	0.0	0.0	0.0	0.0	0.0	0.0	0.0	266.0	0.0	0.0	0.0	0.0	0.0	9.0	0.0	0.0	0.0	0.0	0.0	0.0	0.0	15.0	0.0	98.0	0.0	0.0	0.0	0.0	0.0	4.0	0.0	0.0	0.0	0.0	0.0	0.0	0.0	0.0	0.0	0.0	0.0	0.0	0.0	0.0	0.0	0.0	0.0	0.0	0.0	0.0	0.0	0.0	0.0	0.0	0.0	0.0	0.0	0.0	0.0	0.0	0.0	0.0	0.0	0.0	0.0	0.0	0.0	0.0	0.0	0.0	0.0	0.0	0.0	0.0	0.0	0.0	0.0	0.0	0.0	0.0	0.0	0.0	0.0	0.0	0.0	0.0	0.0	0.0	0.0	0.0	0.0	0.0	0.0	0.0	0.0	0.0	0.0	0.0	0.0	0.0	0.0	0.0	0.0	0.0	0.0	0.0	0.0	0.0	0.0	0.0	0.0	0.0	0.0	0.0	0.0	0.0	0.0	0.0	0.0	0.0	0.0	0.0	0.0	0.0	0.0	0.0	0.0	0.0	0.0	0.0	0.0	0.0	0.0	0.0	0.0	0.0	0.0
SRR9612474	0.0	62.0	20.0	5.0	7441.0	12.0	0.0	0.0	8398.0	157.0	0.0	0.0	192.0	732.0	0.0	451.0	0.0	0.0	2.0	2967.0	10.0	0.0	0.0	20.0	67.0	0.0	0.0	634.0	45.0	0.0	0.0	18.0	0.0	14.0	0.0	0.0	0.0	42.0	95.0	13.0	8.0	29.0	132.0	0.0	0.0	0.0	0.0	0.0	0.0	0.0	0.0	0.0	0.0	0.0	0.0	0.0	0.0	0.0	0.0	0.0	146.0	129.0	5.0	0.0	0.0	19.0	127.0	26.0	291.0	0.0	51.0	0.0	0.0	0.0	47.0	0.0	0.0	50.0	43.0	7.0	120.0	0.0	27.0	0.0	0.0	0.0	348.0	0.0	0.0	0.0	0.0	0.0	0.0	0.0	0.0	0.0	0.0	6.0	21.0	0.0	0.0	7.0	8.0	0.0	0.0	0.0	0.0	0.0	0.0	0.0	0.0	0.0	0.0	16.0	0.0	11.0	9.0	0.0	0.0	0.0	0.0	0.0	0.0	0.0	0.0	0.0	0.0	0.0	0.0	115.0	0.0	5.0	168.0	0.0	0.0	0.0	0.0	0.0	0.0	0.0	0.0	0.0	0.0	0.0	0.0	0.0	0.0	10.0	0.0	0.0	14.0	0.0	0.0	0.0	0.0	20.0	0.0	0.0	0.0	0.0	0.0	0.0	704.0	0.0	0.0	0.0	0.0	0.0	0.0	0.0	0.0	0.0	0.0	6.0	0.0	628.0	0.0	0.0	0.0	5.0	0.0	0.0	0.0	5.0	0.0	0.0	14.0	0.0	0.0	0.0	0.0	0.0	0.0	0.0	3.0	0.0	431.0	0.0	0.0	0.0	0.0	3.0	0.0	0.0	0.0	0.0	0.0	0.0	0.0	0.0	11.0	0.0	2207.0	0.0	0.0	0.0	0.0	0.0	0.0	0.0	0.0	0.0	0.0	0.0	0.0	0.0	0.0	2.0	0.0	0.0	0.0	0.0	0.0	0.0	0.0	0.0	0.0	0.0	0.0	0.0	0.0	0.0	0.0	0.0	0.0	0.0	0.0	0.0	0.0	0.0	0.0	0.0	0.0	0.0	0.0	0.0	0.0	0.0	0.0	0.0	0.0	0.0	3.0	0.0	0.0	0.0	0.0	0.0	0.0	0.0	0.0	0.0	0.0	0.0	0.0	0.0	0.0	0.0	0.0	0.0	0.0	0.0	0.0	0.0	0.0	0.0	0.0	0.0	0.0	0.0	0.0	0.0	0.0	0.0	0.0	0.0	0.0	0.0	0.0	0.0	0.0	0.0	0.0	0.0	0.0	0.0	0.0	0.0	0.0	0.0	0.0	0.0	0.0	0.0	0.0	0.0	0.0	0.0	0.0	0.0	0.0	0.0	0.0	0.0	0.0	0.0
SRR9612475	0.0	115.0	15.0	0.0	13.0	12.0	0.0	0.0	2489.0	396.0	0.0	5.0	599.0	112.0	0.0	839.0	0.0	2.0	5.0	4274.0	8.0	0.0	2.0	37.0	127.0	0.0	0.0	259.0	20.0	0.0	0.0	51.0	5.0	32.0	0.0	0.0	0.0	74.0	7.0	9.0	12.0	30.0	0.0	0.0	0.0	0.0	0.0	0.0	0.0	0.0	3.0	0.0	0.0	0.0	0.0	0.0	5.0	19.0	0.0	0.0	10.0	173.0	0.0	0.0	0.0	0.0	6.0	0.0	96.0	6.0	86.0	15.0	0.0	0.0	55.0	0.0	0.0	0.0	74.0	2.0	54.0	3.0	47.0	0.0	6.0	0.0	457.0	0.0	0.0	6.0	0.0	0.0	0.0	0.0	0.0	0.0	6.0	0.0	50.0	0.0	0.0	58.0	9.0	0.0	0.0	0.0	0.0	0.0	0.0	0.0	0.0	0.0	0.0	0.0	0.0	2.0	0.0	0.0	12.0	0.0	0.0	0.0	0.0	0.0	0.0	4.0	0.0	7.0	0.0	856.0	0.0	9.0	76.0	0.0	0.0	0.0	0.0	0.0	0.0	0.0	0.0	0.0	0.0	0.0	0.0	3.0	0.0	0.0	17.0	0.0	0.0	0.0	0.0	0.0	0.0	72.0	4.0	4.0	0.0	0.0	0.0	0.0	618.0	0.0	0.0	0.0	0.0	0.0	0.0	0.0	0.0	0.0	0.0	0.0	0.0	0.0	0.0	0.0	0.0	0.0	0.0	0.0	0.0	35.0	0.0	0.0	0.0	0.0	5.0	0.0	0.0	0.0	0.0	0.0	0.0	0.0	385.0	0.0	0.0	0.0	0.0	0.0	34.0	0.0	0.0	6.0	0.0	0.0	0.0	2.0	0.0	0.0	10.0	0.0	0.0	0.0	0.0	0.0	1.0	0.0	0.0	0.0	0.0	0.0	0.0	0.0	0.0	0.0	0.0	0.0	0.0	0.0	0.0	0.0	0.0	0.0	0.0	0.0	0.0	0.0	0.0	0.0	0.0	0.0	0.0	0.0	0.0	0.0	0.0	0.0	0.0	0.0	0.0	0.0	0.0	0.0	0.0	0.0	0.0	0.0	0.0	0.0	0.0	0.0	0.0	0.0	0.0	0.0	0.0	0.0	0.0	0.0	0.0	0.0	0.0	0.0	0.0	0.0	0.0	0.0	0.0	0.0	0.0	6.0	0.0	0.0	0.0	0.0	0.0	0.0	0.0	0.0	0.0	0.0	0.0	0.0	0.0	0.0	0.0	0.0	0.0	0.0	0.0	0.0	0.0	0.0	0.0	0.0	0.0	0.0	0.0	0.0	0.0	0.0	0.0	0.0	0.0	0.0	0.0	0.0	0.0	0.0	0.0	0.0	0.0	0.0
SRR9612476	0.0	18.0	2.0	4.0	0.0	41.0	0.0	0.0	2770.0	128.0	0.0	0.0	271.0	189.0	0.0	1531.0	4.0	0.0	14.0	11947.0	27.0	0.0	0.0	0.0	71.0	0.0	0.0	400.0	27.0	0.0	0.0	34.0	0.0	32.0	0.0	0.0	0.0	174.0	13.0	19.0	20.0	0.0	0.0	0.0	0.0	3.0	0.0	0.0	34.0	0.0	0.0	0.0	0.0	0.0	0.0	0.0	2.0	5.0	0.0	0.0	0.0	150.0	0.0	0.0	0.0	0.0	58.0	0.0	97.0	4.0	66.0	64.0	4.0	0.0	68.0	0.0	0.0	0.0	249.0	3.0	10.0	0.0	43.0	0.0	8.0	0.0	243.0	0.0	3.0	6.0	4.0	0.0	0.0	0.0	0.0	0.0	0.0	0.0	33.0	0.0	0.0	38.0	0.0	0.0	0.0	8.0	0.0	0.0	0.0	0.0	0.0	0.0	0.0	0.0	0.0	14.0	0.0	2.0	3.0	9.0	0.0	0.0	0.0	0.0	8.0	0.0	0.0	0.0	0.0	122.0	0.0	0.0	69.0	0.0	0.0	0.0	0.0	0.0	0.0	0.0	0.0	0.0	0.0	0.0	5.0	0.0	0.0	0.0	0.0	0.0	0.0	0.0	0.0	0.0	0.0	6.0	4.0	0.0	4.0	0.0	15.0	0.0	224.0	0.0	0.0	0.0	0.0	0.0	0.0	0.0	0.0	0.0	0.0	6.0	0.0	0.0	0.0	0.0	0.0	0.0	0.0	0.0	0.0	5.0	0.0	0.0	12.0	0.0	0.0	0.0	0.0	0.0	0.0	0.0	0.0	0.0	407.0	0.0	0.0	0.0	19.0	0.0	0.0	0.0	0.0	0.0	0.0	0.0	0.0	0.0	0.0	0.0	4.0	0.0	0.0	0.0	0.0	0.0	0.0	0.0	0.0	0.0	0.0	0.0	0.0	0.0	3.0	0.0	0.0	0.0	0.0	0.0	0.0	0.0	0.0	0.0	0.0	0.0	0.0	0.0	0.0	0.0	0.0	0.0	0.0	0.0	0.0	0.0	0.0	3.0	0.0	0.0	0.0	0.0	0.0	0.0	0.0	0.0	0.0	0.0	0.0	0.0	0.0	0.0	0.0	0.0	0.0	0.0	0.0	0.0	0.0	0.0	0.0	0.0	0.0	0.0	0.0	0.0	0.0	0.0	0.0	0.0	0.0	0.0	0.0	0.0	0.0	0.0	0.0	0.0	0.0	0.0	0.0	0.0	0.0	0.0	0.0	0.0	0.0	0.0	0.0	0.0	0.0	0.0	0.0	0.0	0.0	0.0	0.0	0.0	0.0	0.0	0.0	0.0	0.0	0.0	0.0	0.0	0.0	0.0	0.0	0.0	0.0	0.0	0.0	0.0
SRR9612477	0.0	215.0	2002.0	0.0	106.0	2460.0	123.0	6.0	4275.0	136.0	0.0	41.0	379.0	159.0	16.0	428.0	19.0	17.0	67.0	1866.0	98.0	3.0	28.0	437.0	1880.0	0.0	0.0	25.0	12.0	22.0	1.0	292.0	0.0	11.0	0.0	0.0	0.0	168.0	1.0	32.0	50.0	184.0	19.0	0.0	4.0	0.0	7.0	6.0	0.0	0.0	42.0	13.0	0.0	5.0	0.0	0.0	416.0	25.0	0.0	91.0	16.0	89.0	638.0	0.0	35.0	5.0	83.0	16.0	109.0	13.0	191.0	561.0	37.0	13.0	98.0	22.0	148.0	0.0	41.0	11.0	10.0	90.0	719.0	6.0	49.0	8.0	99.0	0.0	0.0	67.0	57.0	0.0	0.0	103.0	15.0	14.0	9.0	7.0	173.0	0.0	7.0	35.0	100.0	0.0	0.0	136.0	0.0	0.0	0.0	0.0	61.0	0.0	0.0	62.0	3.0	0.0	2.0	0.0	123.0	15.0	0.0	7.0	0.0	0.0	202.0	1269.0	0.0	148.0	193.0	47.0	0.0	36.0	26.0	20.0	0.0	0.0	0.0	0.0	0.0	0.0	9.0	0.0	3.0	3.0	14.0	19.0	414.0	0.0	24.0	0.0	215.0	89.0	3.0	6.0	0.0	86.0	235.0	163.0	25.0	0.0	127.0	0.0	27.0	0.0	24.0	0.0	15.0	0.0	11.0	0.0	13.0	0.0	0.0	71.0	40.0	0.0	0.0	18.0	0.0	0.0	16.0	0.0	0.0	0.0	0.0	0.0	154.0	0.0	26.0	0.0	4.0	0.0	0.0	0.0	0.0	0.0	187.0	0.0	0.0	8.0	37.0	0.0	16.0	0.0	2.0	25.0	13.0	0.0	0.0	0.0	16.0	0.0	19.0	0.0	7.0	0.0	118.0	0.0	70.0	0.0	0.0	2.0	0.0	0.0	0.0	0.0	0.0	4.0	24.0	95.0	0.0	0.0	21.0	0.0	0.0	0.0	0.0	0.0	0.0	0.0	5.0	0.0	0.0	0.0	0.0	0.0	0.0	0.0	0.0	6.0	0.0	0.0	0.0	0.0	16.0	8.0	30.0	2.0	0.0	0.0	13.0	0.0	0.0	0.0	3.0	0.0	0.0	0.0	0.0	0.0	0.0	0.0	0.0	0.0	0.0	0.0	0.0	0.0	0.0	0.0	0.0	0.0	0.0	0.0	0.0	0.0	0.0	0.0	0.0	0.0	0.0	0.0	0.0	0.0	34.0	0.0	0.0	0.0	0.0	0.0	0.0	0.0	0.0	4.0	0.0	0.0	0.0	0.0	0.0	0.0	0.0	0.0	0.0	0.0	0.0	4.0	0.0	0.0	0.0	0.0	0.0	0.0	0.0	0.0	0.0	0.0
SRR9612478	0.0	165.0	1225.0	0.0	78.0	2128.0	105.0	0.0	3265.0	100.0	0.0	7.0	322.0	139.0	12.0	475.0	34.0	22.0	99.0	1880.0	202.0	0.0	26.0	487.0	2220.0	0.0	0.0	77.0	10.0	38.0	4.0	200.0	0.0	4.0	46.0	0.0	0.0	192.0	21.0	11.0	70.0	168.0	0.0	17.0	17.0	0.0	8.0	0.0	0.0	0.0	28.0	12.0	0.0	18.0	0.0	0.0	282.0	72.0	0.0	201.0	10.0	122.0	341.0	0.0	0.0	34.0	39.0	119.0	220.0	27.0	213.0	1076.0	58.0	9.0	120.0	29.0	32.0	11.0	46.0	9.0	9.0	70.0	851.0	22.0	20.0	4.0	95.0	10.0	0.0	97.0	129.0	0.0	0.0	51.0	22.0	10.0	4.0	45.0	225.0	0.0	12.0	40.0	64.0	0.0	0.0	267.0	0.0	0.0	0.0	0.0	44.0	0.0	2.0	27.0	19.0	0.0	8.0	0.0	90.0	32.0	19.0	0.0	0.0	0.0	279.0	657.0	8.0	125.0	211.0	25.0	0.0	40.0	39.0	10.0	0.0	6.0	0.0	0.0	0.0	0.0	33.0	0.0	0.0	0.0	4.0	24.0	344.0	0.0	25.0	0.0	17.0	86.0	0.0	5.0	3.0	58.0	165.0	157.0	7.0	0.0	69.0	0.0	41.0	0.0	19.0	0.0	0.0	0.0	11.0	0.0	6.0	0.0	0.0	59.0	52.0	0.0	0.0	3.0	0.0	0.0	5.0	6.0	0.0	0.0	0.0	0.0	235.0	0.0	33.0	4.0	14.0	0.0	0.0	0.0	0.0	0.0	356.0	0.0	0.0	0.0	49.0	0.0	14.0	0.0	0.0	21.0	7.0	0.0	0.0	0.0	20.0	0.0	11.0	0.0	0.0	0.0	59.0	0.0	32.0	0.0	0.0	0.0	0.0	0.0	0.0	0.0	0.0	0.0	15.0	40.0	0.0	0.0	28.0	0.0	0.0	0.0	0.0	0.0	0.0	0.0	0.0	0.0	0.0	0.0	0.0	0.0	0.0	0.0	0.0	0.0	0.0	0.0	0.0	0.0	11.0	10.0	21.0	0.0	0.0	0.0	2.0	3.0	0.0	0.0	0.0	0.0	0.0	0.0	0.0	0.0	0.0	0.0	0.0	0.0	0.0	0.0	0.0	0.0	0.0	0.0	0.0	0.0	0.0	0.0	0.0	0.0	0.0	0.0	0.0	0.0	0.0	0.0	0.0	0.0	18.0	0.0	0.0	0.0	0.0	0.0	0.0	0.0	0.0	0.0	0.0	0.0	0.0	0.0	0.0	0.0	0.0	0.0	0.0	0.0	0.0	0.0	0.0	0.0	0.0	0.0	0.0	0.0	0.0	0.0	0.0	0.0
SRR9612479	0.0	585.0	464.0	0.0	9.0	3145.0	21.0	0.0	687.0	120.0	0.0	3.0	408.0	275.0	3.0	213.0	20.0	33.0	52.0	317.0	62.0	0.0	39.0	64.0	610.0	0.0	0.0	24.0	0.0	158.0	0.0	4.0	21.0	5.0	0.0	0.0	0.0	186.0	0.0	0.0	399.0	230.0	4.0	45.0	12.0	0.0	0.0	0.0	0.0	0.0	10.0	0.0	0.0	0.0	0.0	0.0	38.0	2.0	0.0	145.0	12.0	53.0	38.0	0.0	0.0	0.0	0.0	16.0	26.0	14.0	215.0	267.0	12.0	20.0	47.0	5.0	28.0	0.0	16.0	38.0	0.0	158.0	35.0	2.0	32.0	19.0	69.0	0.0	0.0	455.0	0.0	0.0	0.0	74.0	5.0	0.0	0.0	5.0	156.0	0.0	0.0	232.0	20.0	0.0	0.0	212.0	0.0	0.0	0.0	0.0	83.0	0.0	6.0	0.0	36.0	16.0	0.0	0.0	2.0	0.0	32.0	0.0	0.0	0.0	53.0	109.0	29.0	539.0	95.0	10.0	1.0	20.0	0.0	3.0	0.0	0.0	0.0	0.0	0.0	0.0	0.0	0.0	0.0	0.0	0.0	7.0	1662.0	2.0	589.0	0.0	165.0	23.0	0.0	0.0	0.0	24.0	20.0	36.0	16.0	0.0	194.0	0.0	56.0	15.0	0.0	0.0	0.0	0.0	9.0	24.0	26.0	0.0	0.0	83.0	0.0	0.0	0.0	0.0	0.0	0.0	19.0	0.0	0.0	0.0	0.0	0.0	382.0	0.0	86.0	0.0	18.0	0.0	0.0	0.0	0.0	0.0	0.0	0.0	0.0	0.0	0.0	0.0	0.0	0.0	0.0	0.0	13.0	0.0	0.0	0.0	0.0	0.0	0.0	0.0	0.0	0.0	0.0	0.0	15.0	0.0	0.0	0.0	0.0	0.0	0.0	4.0	0.0	0.0	7.0	0.0	0.0	0.0	27.0	0.0	0.0	0.0	0.0	0.0	13.0	0.0	0.0	0.0	0.0	0.0	0.0	0.0	0.0	0.0	0.0	0.0	0.0	0.0	0.0	0.0	0.0	0.0	12.0	0.0	0.0	0.0	0.0	0.0	0.0	0.0	0.0	0.0	0.0	0.0	0.0	0.0	0.0	0.0	0.0	0.0	0.0	0.0	0.0	0.0	0.0	0.0	0.0	0.0	0.0	0.0	0.0	0.0	0.0	0.0	0.0	0.0	0.0	0.0	0.0	0.0	31.0	0.0	0.0	0.0	0.0	0.0	0.0	0.0	0.0	0.0	0.0	0.0	0.0	0.0	0.0	0.0	0.0	0.0	0.0	0.0	0.0	0.0	0.0	0.0	0.0	0.0	0.0	0.0	0.0	0.0	0.0	0.0
SRR9612480	0.0	440.0	13.0	0.0	37.0	28.0	0.0	0.0	4440.0	371.0	0.0	23.0	520.0	618.0	2.0	1787.0	0.0	55.0	29.0	9648.0	95.0	0.0	4.0	13.0	182.0	0.0	0.0	299.0	23.0	0.0	0.0	42.0	0.0	30.0	0.0	0.0	0.0	37.0	0.0	0.0	50.0	36.0	0.0	2.0	0.0	0.0	2.0	0.0	0.0	0.0	0.0	0.0	4.0	0.0	0.0	0.0	8.0	15.0	0.0	7.0	20.0	381.0	0.0	0.0	0.0	0.0	93.0	0.0	119.0	0.0	158.0	7.0	0.0	29.0	40.0	4.0	0.0	0.0	121.0	11.0	31.0	2.0	17.0	4.0	0.0	0.0	1007.0	0.0	4.0	0.0	7.0	0.0	0.0	71.0	0.0	21.0	0.0	14.0	33.0	0.0	0.0	183.0	70.0	0.0	0.0	0.0	0.0	2.0	0.0	0.0	0.0	0.0	0.0	0.0	10.0	0.0	0.0	0.0	83.0	2.0	0.0	0.0	0.0	0.0	10.0	17.0	0.0	8.0	8.0	501.0	0.0	45.0	142.0	0.0	5.0	0.0	6.0	0.0	0.0	0.0	0.0	0.0	0.0	15.0	0.0	0.0	0.0	0.0	0.0	0.0	87.0	0.0	0.0	0.0	0.0	301.0	8.0	8.0	0.0	0.0	16.0	0.0	1094.0	0.0	0.0	0.0	0.0	0.0	0.0	68.0	0.0	0.0	35.0	18.0	0.0	0.0	0.0	0.0	0.0	8.0	0.0	0.0	0.0	163.0	0.0	0.0	18.0	0.0	5.0	0.0	0.0	0.0	0.0	0.0	19.0	0.0	690.0	0.0	0.0	0.0	5.0	0.0	55.0	0.0	0.0	12.0	0.0	9.0	0.0	0.0	0.0	0.0	0.0	0.0	0.0	0.0	0.0	0.0	21.0	0.0	0.0	0.0	0.0	0.0	0.0	35.0	0.0	0.0	0.0	0.0	0.0	0.0	0.0	0.0	0.0	0.0	0.0	0.0	0.0	0.0	0.0	0.0	0.0	0.0	0.0	0.0	0.0	0.0	0.0	0.0	0.0	0.0	0.0	0.0	0.0	0.0	0.0	0.0	0.0	0.0	0.0	0.0	0.0	0.0	0.0	0.0	0.0	0.0	0.0	0.0	0.0	0.0	0.0	0.0	0.0	0.0	0.0	0.0	0.0	0.0	0.0	0.0	0.0	0.0	0.0	0.0	0.0	0.0	0.0	0.0	0.0	0.0	0.0	0.0	0.0	0.0	0.0	0.0	0.0	0.0	0.0	0.0	0.0	0.0	0.0	0.0	0.0	0.0	0.0	0.0	0.0	0.0	0.0	0.0	0.0	0.0	0.0	0.0	0.0	0.0	0.0	0.0	0.0	0.0	0.0	0.0
SRR9612481	0.0	321.0	613.0	0.0	21.0	2779.0	51.0	14.0	942.0	38.0	0.0	0.0	143.0	132.0	6.0	124.0	15.0	6.0	42.0	314.0	55.0	0.0	35.0	22.0	1038.0	0.0	0.0	16.0	0.0	40.0	0.0	30.0	0.0	9.0	0.0	0.0	0.0	203.0	0.0	11.0	168.0	202.0	0.0	41.0	5.0	9.0	0.0	0.0	0.0	0.0	16.0	0.0	0.0	0.0	0.0	0.0	44.0	5.0	0.0	96.0	2.0	31.0	45.0	0.0	0.0	0.0	14.0	26.0	28.0	8.0	146.0	722.0	37.0	0.0	46.0	0.0	46.0	0.0	12.0	45.0	0.0	64.0	86.0	0.0	18.0	7.0	20.0	0.0	0.0	184.0	7.0	0.0	0.0	44.0	11.0	7.0	0.0	0.0	122.0	0.0	0.0	125.0	15.0	0.0	0.0	210.0	0.0	0.0	0.0	0.0	35.0	0.0	0.0	21.0	0.0	0.0	0.0	0.0	4.0	0.0	20.0	0.0	0.0	0.0	93.0	164.0	15.0	130.0	199.0	0.0	2.0	19.0	0.0	0.0	0.0	0.0	3.0	0.0	0.0	0.0	7.0	0.0	0.0	0.0	6.0	8.0	526.0	2.0	195.0	0.0	81.0	13.0	0.0	0.0	0.0	25.0	0.0	42.0	0.0	0.0	137.0	0.0	40.0	11.0	3.0	0.0	0.0	0.0	0.0	23.0	0.0	0.0	0.0	85.0	14.0	0.0	0.0	0.0	0.0	0.0	8.0	0.0	0.0	0.0	0.0	0.0	163.0	6.0	53.0	0.0	0.0	0.0	0.0	0.0	0.0	0.0	0.0	0.0	0.0	0.0	6.0	0.0	0.0	0.0	0.0	0.0	13.0	0.0	0.0	0.0	9.0	0.0	0.0	0.0	0.0	12.0	0.0	0.0	34.0	0.0	0.0	0.0	0.0	0.0	0.0	0.0	9.0	0.0	5.0	0.0	0.0	0.0	20.0	0.0	0.0	0.0	0.0	0.0	0.0	0.0	0.0	0.0	0.0	0.0	0.0	0.0	0.0	0.0	0.0	0.0	0.0	0.0	0.0	0.0	0.0	0.0	0.0	4.0	0.0	0.0	0.0	0.0	0.0	0.0	0.0	0.0	0.0	0.0	0.0	0.0	0.0	0.0	0.0	0.0	0.0	0.0	0.0	0.0	0.0	0.0	0.0	0.0	0.0	0.0	0.0	0.0	0.0	0.0	0.0	0.0	0.0	0.0	0.0	0.0	20.0	0.0	0.0	0.0	0.0	0.0	0.0	0.0	0.0	0.0	0.0	0.0	0.0	0.0	0.0	0.0	0.0	0.0	0.0	0.0	0.0	0.0	0.0	0.0	0.0	0.0	0.0	0.0	0.0	0.0	0.0	0.0
SRR9612482	0.0	359.0	756.0	0.0	22.0	3974.0	88.0	0.0	1289.0	43.0	0.0	6.0	214.0	218.0	13.0	171.0	32.0	7.0	17.0	311.0	96.0	0.0	30.0	96.0	509.0	0.0	0.0	18.0	0.0	59.0	0.0	21.0	4.0	5.0	0.0	0.0	7.0	241.0	0.0	0.0	191.0	200.0	0.0	32.0	8.0	0.0	0.0	0.0	0.0	0.0	10.0	0.0	0.0	0.0	0.0	0.0	25.0	22.0	0.0	184.0	3.0	41.0	31.0	0.0	0.0	0.0	14.0	18.0	41.0	0.0	192.0	421.0	20.0	13.0	0.0	9.0	29.0	0.0	5.0	9.0	0.0	45.0	18.0	4.0	17.0	1.0	45.0	3.0	0.0	295.0	4.0	0.0	0.0	62.0	0.0	0.0	0.0	1.0	98.0	0.0	0.0	137.0	12.0	0.0	0.0	235.0	0.0	0.0	0.0	0.0	38.0	0.0	12.0	0.0	19.0	0.0	0.0	0.0	8.0	0.0	8.0	0.0	0.0	0.0	97.0	131.0	9.0	223.0	156.0	13.0	0.0	22.0	0.0	0.0	0.0	3.0	0.0	0.0	0.0	0.0	0.0	0.0	0.0	0.0	0.0	0.0	455.0	0.0	258.0	0.0	124.0	11.0	0.0	0.0	0.0	19.0	9.0	31.0	6.0	0.0	161.0	0.0	37.0	0.0	5.0	0.0	0.0	0.0	0.0	22.0	11.0	0.0	10.0	73.0	20.0	0.0	0.0	0.0	0.0	0.0	0.0	0.0	0.0	0.0	0.0	0.0	238.0	0.0	68.0	4.0	0.0	0.0	0.0	0.0	0.0	0.0	0.0	0.0	0.0	0.0	0.0	0.0	0.0	0.0	0.0	0.0	14.0	0.0	0.0	0.0	11.0	0.0	0.0	0.0	0.0	0.0	0.0	0.0	20.0	0.0	0.0	0.0	0.0	0.0	0.0	2.0	13.0	0.0	5.0	0.0	0.0	0.0	15.0	0.0	0.0	0.0	0.0	0.0	0.0	0.0	0.0	0.0	0.0	0.0	0.0	0.0	0.0	0.0	0.0	0.0	0.0	0.0	0.0	0.0	0.0	0.0	7.0	0.0	0.0	0.0	0.0	0.0	0.0	0.0	0.0	0.0	0.0	0.0	0.0	0.0	0.0	0.0	0.0	0.0	0.0	0.0	0.0	0.0	0.0	0.0	0.0	0.0	0.0	0.0	0.0	0.0	0.0	0.0	0.0	0.0	0.0	0.0	0.0	0.0	23.0	0.0	0.0	0.0	0.0	0.0	0.0	0.0	0.0	0.0	0.0	0.0	0.0	0.0	0.0	0.0	0.0	0.0	0.0	0.0	0.0	0.0	0.0	0.0	0.0	0.0	0.0	0.0	0.0	0.0	0.0	0.0
SRR9612483	0.0	413.0	3093.0	6.0	28.0	5230.0	251.0	0.0	4583.0	179.0	0.0	5.0	520.0	192.0	14.0	594.0	73.0	80.0	137.0	1905.0	153.0	0.0	154.0	545.0	7617.0	0.0	0.0	24.0	25.0	42.0	2.0	207.0	2.0	9.0	30.0	5.0	12.0	404.0	6.0	57.0	129.0	136.0	10.0	106.0	35.0	18.0	17.0	0.0	5.0	13.0	26.0	8.0	3.0	0.0	0.0	0.0	219.0	95.0	22.0	134.0	6.0	31.0	965.0	0.0	15.0	0.0	60.0	37.0	387.0	6.0	157.0	2164.0	61.0	8.0	273.0	12.0	109.0	0.0	25.0	6.0	11.0	233.0	1236.0	23.0	92.0	32.0	215.0	8.0	0.0	168.0	60.0	0.0	0.0	200.0	75.0	11.0	4.0	0.0	377.0	2.0	17.0	95.0	52.0	0.0	0.0	656.0	0.0	0.0	0.0	0.0	120.0	0.0	0.0	22.0	25.0	7.0	11.0	0.0	44.0	23.0	10.0	0.0	0.0	0.0	372.0	1342.0	18.0	461.0	264.0	33.0	0.0	44.0	0.0	7.0	0.0	0.0	0.0	0.0	14.0	0.0	22.0	14.0	5.0	0.0	6.0	47.0	905.0	3.0	120.0	0.0	137.0	81.0	5.0	0.0	0.0	50.0	131.0	163.0	11.0	0.0	340.0	0.0	21.0	11.0	7.0	0.0	0.0	0.0	30.0	41.0	29.0	0.0	0.0	195.0	54.0	25.0	0.0	5.0	0.0	0.0	23.0	0.0	0.0	20.0	0.0	5.0	285.0	0.0	61.0	2.0	20.0	0.0	0.0	0.0	0.0	0.0	0.0	0.0	0.0	0.0	36.0	7.0	10.0	0.0	0.0	12.0	33.0	0.0	0.0	0.0	50.0	0.0	0.0	0.0	0.0	7.0	85.0	0.0	61.0	0.0	0.0	0.0	0.0	0.0	0.0	0.0	4.0	6.0	66.0	0.0	0.0	0.0	38.0	0.0	0.0	0.0	0.0	0.0	5.0	0.0	0.0	0.0	0.0	0.0	0.0	0.0	0.0	0.0	0.0	0.0	0.0	0.0	0.0	0.0	23.0	0.0	30.0	7.0	0.0	0.0	0.0	0.0	0.0	0.0	3.0	0.0	0.0	0.0	2.0	0.0	0.0	0.0	0.0	0.0	0.0	0.0	0.0	0.0	0.0	0.0	0.0	0.0	0.0	0.0	0.0	0.0	0.0	0.0	0.0	0.0	0.0	0.0	0.0	0.0	93.0	0.0	0.0	0.0	0.0	0.0	0.0	0.0	0.0	0.0	0.0	0.0	0.0	0.0	0.0	0.0	0.0	0.0	0.0	0.0	0.0	0.0	0.0	0.0	0.0	0.0	0.0	0.0	0.0	0.0	0.0	0.0
SRR9612484	0.0	951.0	2892.0	5.0	6.0	7743.0	190.0	17.0	1977.0	236.0	0.0	0.0	687.0	219.0	12.0	530.0	103.0	49.0	76.0	381.0	137.0	0.0	170.0	352.0	4227.0	0.0	0.0	0.0	17.0	55.0	0.0	52.0	2.0	3.0	25.0	0.0	0.0	375.0	26.0	0.0	185.0	107.0	0.0	5.0	28.0	18.0	2.0	0.0	4.0	35.0	14.0	0.0	0.0	0.0	0.0	7.0	118.0	63.0	8.0	265.0	4.0	57.0	403.0	0.0	0.0	0.0	29.0	20.0	183.0	7.0	245.0	993.0	158.0	13.0	141.0	24.0	281.0	0.0	26.0	3.0	0.0	226.0	210.0	0.0	51.0	22.0	181.0	0.0	0.0	390.0	22.0	0.0	0.0	143.0	18.0	6.0	0.0	22.0	292.0	0.0	0.0	190.0	25.0	0.0	0.0	390.0	0.0	0.0	3.0	0.0	85.0	0.0	8.0	29.0	52.0	0.0	0.0	0.0	17.0	9.0	30.0	0.0	0.0	0.0	170.0	969.0	41.0	462.0	355.0	28.0	0.0	26.0	0.0	0.0	0.0	0.0	0.0	0.0	0.0	0.0	32.0	0.0	0.0	0.0	6.0	12.0	1309.0	13.0	244.0	0.0	145.0	93.0	0.0	0.0	0.0	43.0	26.0	108.0	16.0	0.0	493.0	0.0	24.0	19.0	0.0	0.0	0.0	10.0	15.0	103.0	65.0	0.0	0.0	237.0	12.0	0.0	0.0	0.0	0.0	0.0	24.0	0.0	0.0	0.0	0.0	0.0	305.0	0.0	77.0	0.0	17.0	0.0	0.0	0.0	0.0	0.0	6.0	0.0	0.0	0.0	8.0	0.0	0.0	0.0	4.0	14.0	31.0	0.0	0.0	0.0	31.0	0.0	0.0	0.0	0.0	0.0	47.0	0.0	71.0	0.0	0.0	0.0	0.0	0.0	0.0	0.0	0.0	0.0	44.0	0.0	0.0	0.0	37.0	20.0	4.0	0.0	0.0	0.0	0.0	0.0	0.0	0.0	0.0	0.0	0.0	0.0	0.0	0.0	0.0	0.0	0.0	0.0	0.0	0.0	0.0	0.0	17.0	0.0	0.0	0.0	0.0	0.0	0.0	0.0	0.0	0.0	0.0	0.0	0.0	0.0	0.0	0.0	0.0	0.0	0.0	0.0	0.0	0.0	0.0	0.0	0.0	0.0	0.0	0.0	0.0	2.0	3.0	0.0	0.0	0.0	0.0	0.0	0.0	0.0	61.0	0.0	0.0	0.0	0.0	0.0	0.0	0.0	0.0	0.0	0.0	0.0	0.0	0.0	0.0	0.0	0.0	0.0	0.0	0.0	0.0	0.0	0.0	0.0	0.0	0.0	0.0	0.0	0.0	0.0	0.0	0.0
SRR9612485	0.0	507.0	2137.0	0.0	76.0	3590.0	212.0	29.0	3054.0	187.0	16.0	30.0	350.0	158.0	3.0	661.0	65.0	48.0	122.0	1630.0	125.0	0.0	129.0	406.0	6999.0	0.0	3.0	19.0	10.0	52.0	20.0	439.0	8.0	0.0	26.0	5.0	29.0	221.0	51.0	4.0	138.0	141.0	22.0	14.0	26.0	0.0	0.0	0.0	11.0	0.0	40.0	13.0	0.0	7.0	0.0	3.0	324.0	7.0	29.0	261.0	43.0	126.0	390.0	0.0	28.0	0.0	37.0	38.0	191.0	0.0	132.0	1297.0	110.0	37.0	151.0	61.0	111.0	10.0	10.0	10.0	53.0	119.0	853.0	42.0	32.0	28.0	261.0	12.0	0.0	204.0	49.0	0.0	0.0	171.0	40.0	22.0	0.0	64.0	286.0	0.0	0.0	199.0	104.0	0.0	0.0	284.0	0.0	0.0	0.0	0.0	78.0	0.0	0.0	34.0	8.0	0.0	3.0	0.0	231.0	12.0	13.0	0.0	0.0	0.0	259.0	771.0	22.0	267.0	335.0	23.0	0.0	107.0	13.0	12.0	0.0	0.0	0.0	0.0	0.0	0.0	0.0	0.0	0.0	4.0	0.0	11.0	745.0	11.0	92.0	0.0	177.0	137.0	0.0	0.0	0.0	113.0	135.0	187.0	19.0	0.0	212.0	4.0	21.0	10.0	12.0	0.0	0.0	6.0	18.0	61.0	18.0	0.0	0.0	115.0	10.0	33.0	0.0	7.0	0.0	0.0	9.0	0.0	0.0	28.0	0.0	0.0	273.0	0.0	55.0	0.0	4.0	0.0	0.0	0.0	0.0	0.0	129.0	0.0	0.0	3.0	21.0	0.0	48.0	0.0	0.0	28.0	11.0	0.0	0.0	0.0	47.0	10.0	0.0	0.0	0.0	0.0	105.0	0.0	59.0	0.0	0.0	0.0	0.0	0.0	0.0	0.0	0.0	0.0	76.0	22.0	0.0	0.0	25.0	5.0	0.0	0.0	0.0	0.0	0.0	0.0	0.0	0.0	0.0	0.0	0.0	0.0	0.0	0.0	0.0	0.0	2.0	0.0	0.0	0.0	3.0	0.0	31.0	0.0	0.0	0.0	7.0	0.0	0.0	0.0	0.0	0.0	0.0	0.0	0.0	0.0	0.0	0.0	0.0	0.0	0.0	0.0	0.0	0.0	0.0	0.0	0.0	0.0	0.0	0.0	0.0	0.0	0.0	0.0	0.0	0.0	0.0	0.0	0.0	0.0	60.0	0.0	0.0	0.0	0.0	0.0	0.0	0.0	0.0	0.0	0.0	0.0	0.0	0.0	0.0	0.0	0.0	0.0	0.0	0.0	0.0	0.0	0.0	0.0	0.0	0.0	0.0	0.0	0.0	0.0	0.0	0.0
SRR9612486	0.0	258.0	1077.0	0.0	0.0	3981.0	44.0	11.0	1339.0	69.0	0.0	8.0	331.0	214.0	0.0	419.0	55.0	38.0	34.0	195.0	75.0	0.0	63.0	221.0	1831.0	0.0	5.0	0.0	0.0	33.0	1.0	24.0	0.0	9.0	0.0	0.0	6.0	270.0	0.0	8.0	165.0	113.0	2.0	36.0	6.0	0.0	5.0	0.0	0.0	0.0	27.0	3.0	0.0	0.0	0.0	0.0	113.0	38.0	7.0	264.0	8.0	121.0	198.0	0.0	0.0	0.0	7.0	15.0	41.0	0.0	225.0	461.0	61.0	14.0	47.0	45.0	112.0	0.0	35.0	11.0	0.0	86.0	98.0	7.0	30.0	31.0	122.0	0.0	0.0	201.0	12.0	0.0	0.0	152.0	14.0	8.0	0.0	16.0	213.0	2.0	0.0	218.0	22.0	0.0	0.0	138.0	0.0	0.0	0.0	0.0	54.0	0.0	3.0	20.0	36.0	0.0	2.0	0.0	29.0	0.0	0.0	0.0	0.0	0.0	70.0	601.0	14.0	268.0	130.0	70.0	0.0	38.0	0.0	2.0	0.0	5.0	0.0	0.0	0.0	0.0	0.0	0.0	0.0	0.0	6.0	0.0	548.0	2.0	240.0	0.0	148.0	53.0	0.0	0.0	0.0	31.0	0.0	61.0	17.0	0.0	191.0	0.0	0.0	0.0	4.0	0.0	0.0	8.0	33.0	46.0	26.0	3.0	0.0	96.0	0.0	0.0	0.0	0.0	0.0	0.0	22.0	0.0	0.0	4.0	5.0	0.0	346.0	0.0	55.0	0.0	4.0	0.0	0.0	0.0	0.0	0.0	6.0	0.0	8.0	0.0	3.0	0.0	7.0	0.0	3.0	20.0	0.0	0.0	0.0	0.0	12.0	0.0	0.0	0.0	0.0	23.0	50.0	0.0	23.0	0.0	0.0	0.0	0.0	0.0	0.0	0.0	0.0	0.0	8.0	0.0	0.0	0.0	37.0	0.0	0.0	0.0	0.0	0.0	0.0	0.0	3.0	0.0	0.0	0.0	0.0	0.0	0.0	0.0	0.0	0.0	0.0	2.0	0.0	0.0	0.0	0.0	0.0	0.0	0.0	0.0	0.0	0.0	0.0	0.0	0.0	0.0	0.0	0.0	0.0	0.0	0.0	0.0	0.0	0.0	0.0	0.0	0.0	0.0	0.0	0.0	0.0	0.0	0.0	0.0	0.0	0.0	0.0	0.0	0.0	0.0	0.0	0.0	0.0	0.0	53.0	0.0	0.0	0.0	0.0	0.0	0.0	0.0	0.0	0.0	0.0	0.0	0.0	0.0	0.0	0.0	0.0	0.0	0.0	0.0	0.0	0.0	0.0	0.0	0.0	0.0	9.0	0.0	0.0	0.0	0.0	0.0
SRR9612487	0.0	606.0	49.0	0.0	104.0	9.0	15.0	0.0	21181.0	399.0	11.0	21.0	3426.0	595.0	0.0	1220.0	8.0	2.0	0.0	2789.0	14.0	0.0	0.0	49.0	194.0	0.0	0.0	256.0	135.0	5.0	0.0	27.0	22.0	289.0	0.0	10.0	36.0	96.0	31.0	0.0	53.0	35.0	12.0	0.0	2.0	22.0	4.0	0.0	0.0	0.0	3.0	0.0	0.0	0.0	2.0	0.0	0.0	32.0	0.0	0.0	28.0	351.0	0.0	0.0	0.0	0.0	4.0	60.0	447.0	21.0	302.0	8.0	5.0	3.0	23.0	0.0	0.0	13.0	66.0	0.0	135.0	5.0	185.0	0.0	3.0	0.0	310.0	0.0	0.0	0.0	0.0	0.0	0.0	30.0	0.0	0.0	7.0	0.0	98.0	0.0	0.0	335.0	21.0	0.0	0.0	25.0	0.0	0.0	0.0	0.0	0.0	0.0	0.0	9.0	0.0	0.0	12.0	0.0	0.0	21.0	0.0	0.0	0.0	0.0	43.0	6.0	0.0	7.0	0.0	551.0	0.0	32.0	0.0	0.0	0.0	0.0	0.0	0.0	17.0	0.0	69.0	0.0	0.0	0.0	0.0	2.0	14.0	10.0	43.0	0.0	0.0	0.0	0.0	0.0	0.0	53.0	0.0	7.0	0.0	0.0	7.0	0.0	408.0	0.0	0.0	0.0	0.0	0.0	0.0	0.0	3.0	0.0	0.0	11.0	10.0	19.0	0.0	0.0	0.0	0.0	0.0	0.0	0.0	5.0	0.0	0.0	68.0	4.0	0.0	0.0	0.0	0.0	0.0	0.0	0.0	0.0	32.0	0.0	9.0	0.0	2.0	0.0	0.0	0.0	0.0	0.0	0.0	11.0	0.0	2.0	0.0	10.0	7.0	0.0	0.0	0.0	0.0	0.0	16.0	0.0	0.0	0.0	0.0	0.0	0.0	0.0	2.0	0.0	0.0	0.0	0.0	0.0	0.0	0.0	0.0	0.0	0.0	0.0	0.0	0.0	0.0	0.0	0.0	0.0	0.0	0.0	0.0	0.0	0.0	4.0	0.0	0.0	0.0	0.0	0.0	0.0	0.0	0.0	0.0	0.0	0.0	0.0	0.0	0.0	0.0	0.0	0.0	0.0	0.0	0.0	0.0	0.0	0.0	0.0	0.0	0.0	0.0	0.0	0.0	0.0	0.0	0.0	0.0	0.0	0.0	0.0	0.0	0.0	0.0	0.0	0.0	0.0	0.0	0.0	0.0	0.0	0.0	0.0	0.0	0.0	0.0	0.0	0.0	0.0	0.0	0.0	0.0	0.0	0.0	0.0	0.0	0.0	0.0	0.0	0.0	0.0	0.0	0.0	0.0	0.0	0.0	0.0	0.0	0.0	0.0	0.0
SRR9612488	0.0	43.0	654.0	0.0	200.0	1551.0	106.0	19.0	2378.0	112.0	0.0	17.0	94.0	89.0	3.0	384.0	36.0	25.0	114.0	1522.0	77.0	0.0	22.0	215.0	1921.0	0.0	0.0	250.0	0.0	23.0	3.0	238.0	0.0	19.0	23.0	0.0	27.0	432.0	5.0	18.0	83.0	88.0	17.0	180.0	35.0	0.0	8.0	2.0	0.0	0.0	37.0	0.0	0.0	19.0	0.0	0.0	161.0	35.0	23.0	105.0	14.0	79.0	233.0	0.0	13.0	9.0	95.0	38.0	165.0	22.0	178.0	518.0	56.0	9.0	59.0	8.0	37.0	13.0	48.0	107.0	0.0	50.0	541.0	26.0	68.0	0.0	70.0	6.0	0.0	54.0	0.0	0.0	0.0	80.0	12.0	0.0	0.0	47.0	183.0	24.0	0.0	42.0	56.0	0.0	3.0	263.0	0.0	0.0	0.0	0.0	23.0	0.0	11.0	34.0	0.0	7.0	0.0	5.0	169.0	0.0	14.0	0.0	38.0	0.0	198.0	328.0	0.0	58.0	167.0	14.0	18.0	13.0	17.0	0.0	3.0	0.0	3.0	0.0	0.0	0.0	0.0	0.0	0.0	18.0	15.0	51.0	277.0	20.0	70.0	0.0	0.0	28.0	2.0	7.0	0.0	35.0	141.0	91.0	6.0	0.0	60.0	0.0	14.0	11.0	47.0	0.0	18.0	0.0	4.0	0.0	7.0	0.0	2.0	89.0	92.0	3.0	0.0	0.0	0.0	0.0	0.0	0.0	0.0	13.0	0.0	0.0	206.0	0.0	48.0	0.0	17.0	0.0	0.0	0.0	0.0	0.0	4.0	0.0	3.0	0.0	27.0	0.0	9.0	0.0	7.0	0.0	0.0	2.0	0.0	0.0	16.0	0.0	0.0	0.0	0.0	148.0	22.0	0.0	23.0	0.0	0.0	0.0	3.0	0.0	2.0	23.0	0.0	5.0	0.0	14.0	0.0	0.0	14.0	0.0	0.0	0.0	0.0	0.0	0.0	0.0	0.0	0.0	0.0	0.0	0.0	0.0	0.0	0.0	0.0	11.0	0.0	0.0	0.0	0.0	13.0	10.0	30.0	0.0	19.0	0.0	4.0	0.0	4.0	0.0	5.0	0.0	0.0	0.0	0.0	0.0	0.0	5.0	0.0	0.0	0.0	0.0	0.0	0.0	0.0	0.0	0.0	0.0	0.0	0.0	0.0	0.0	0.0	0.0	0.0	15.0	0.0	0.0	0.0	0.0	0.0	0.0	0.0	5.0	0.0	0.0	0.0	0.0	0.0	0.0	0.0	0.0	0.0	0.0	0.0	0.0	3.0	0.0	0.0	0.0	0.0	0.0	0.0	0.0	0.0	0.0	0.0	0.0	0.0	0.0	0.0	0.0
SRR9612489	0.0	268.0	1280.0	0.0	192.0	2008.0	185.0	0.0	3023.0	36.0	0.0	3.0	242.0	151.0	8.0	573.0	54.0	33.0	99.0	3473.0	112.0	0.0	43.0	356.0	2521.0	0.0	0.0	527.0	0.0	42.0	0.0	361.0	2.0	11.0	70.0	3.0	18.0	775.0	2.0	17.0	114.0	83.0	41.0	18.0	30.0	34.0	7.0	23.0	0.0	0.0	51.0	7.0	0.0	38.0	0.0	12.0	240.0	75.0	0.0	36.0	0.0	11.0	396.0	12.0	22.0	25.0	246.0	32.0	209.0	61.0	111.0	914.0	72.0	22.0	281.0	13.0	67.0	0.0	78.0	19.0	0.0	74.0	898.0	41.0	91.0	11.0	120.0	0.0	0.0	182.0	29.0	0.0	0.0	43.0	0.0	11.0	3.0	42.0	329.0	25.0	20.0	68.0	83.0	0.0	0.0	326.0	0.0	0.0	0.0	0.0	86.0	0.0	4.0	34.0	0.0	31.0	12.0	0.0	20.0	23.0	21.0	0.0	0.0	0.0	339.0	267.0	8.0	184.0	217.0	5.0	33.0	33.0	10.0	2.0	0.0	7.0	0.0	0.0	0.0	9.0	6.0	0.0	4.0	31.0	30.0	76.0	445.0	0.0	150.0	0.0	50.0	11.0	0.0	17.0	0.0	24.0	409.0	54.0	0.0	0.0	113.0	0.0	31.0	0.0	66.0	0.0	49.0	0.0	3.0	21.0	4.0	3.0	0.0	147.0	82.0	0.0	0.0	0.0	0.0	0.0	10.0	0.0	0.0	15.0	33.0	0.0	331.0	0.0	90.0	0.0	0.0	0.0	0.0	0.0	0.0	0.0	0.0	0.0	0.0	0.0	23.0	0.0	0.0	0.0	0.0	0.0	6.0	0.0	0.0	0.0	52.0	0.0	0.0	0.0	0.0	98.0	0.0	8.0	20.0	0.0	0.0	0.0	0.0	0.0	0.0	44.0	0.0	3.0	16.0	19.0	0.0	0.0	14.0	0.0	10.0	0.0	0.0	0.0	0.0	0.0	0.0	5.0	0.0	0.0	0.0	0.0	0.0	0.0	0.0	0.0	2.0	0.0	0.0	0.0	9.0	0.0	20.0	0.0	16.0	0.0	10.0	0.0	0.0	0.0	0.0	0.0	0.0	0.0	0.0	25.0	0.0	0.0	0.0	0.0	0.0	0.0	0.0	0.0	0.0	0.0	10.0	0.0	0.0	0.0	0.0	0.0	0.0	0.0	0.0	0.0	0.0	0.0	0.0	0.0	48.0	10.0	0.0	0.0	0.0	0.0	0.0	5.0	0.0	0.0	0.0	0.0	0.0	0.0	0.0	0.0	6.0	0.0	0.0	0.0	0.0	0.0	0.0	0.0	0.0	0.0	0.0	0.0	0.0	0.0	0.0	0.0
SRR9612490	0.0	165.0	16.0	0.0	0.0	35.0	7.0	0.0	4238.0	580.0	0.0	11.0	2694.0	467.0	3.0	1500.0	0.0	9.0	16.0	168.0	46.0	0.0	4.0	23.0	321.0	0.0	6.0	25.0	5.0	0.0	0.0	0.0	0.0	0.0	0.0	0.0	0.0	47.0	44.0	2.0	49.0	287.0	0.0	0.0	0.0	0.0	0.0	0.0	0.0	0.0	0.0	0.0	0.0	0.0	0.0	0.0	4.0	19.0	0.0	7.0	0.0	486.0	0.0	0.0	0.0	0.0	0.0	0.0	254.0	0.0	166.0	33.0	14.0	19.0	11.0	0.0	11.0	0.0	28.0	0.0	18.0	0.0	0.0	0.0	0.0	0.0	476.0	0.0	0.0	0.0	0.0	0.0	0.0	137.0	2.0	0.0	0.0	14.0	101.0	0.0	0.0	41.0	0.0	0.0	0.0	3.0	0.0	0.0	0.0	0.0	0.0	0.0	0.0	48.0	14.0	0.0	0.0	0.0	18.0	0.0	0.0	0.0	0.0	0.0	5.0	6.0	16.0	13.0	28.0	4304.0	0.0	61.0	0.0	0.0	0.0	0.0	0.0	0.0	65.0	0.0	0.0	0.0	0.0	0.0	0.0	0.0	37.0	0.0	62.0	0.0	6.0	0.0	0.0	0.0	0.0	157.0	0.0	15.0	2.0	0.0	8.0	0.0	207.0	0.0	0.0	0.0	0.0	0.0	0.0	0.0	5.0	0.0	21.0	31.0	0.0	0.0	0.0	0.0	0.0	0.0	0.0	0.0	0.0	0.0	0.0	0.0	13.0	0.0	18.0	0.0	0.0	0.0	0.0	0.0	0.0	0.0	0.0	0.0	0.0	0.0	0.0	0.0	24.0	0.0	0.0	9.0	0.0	0.0	0.0	0.0	0.0	0.0	0.0	0.0	0.0	0.0	0.0	0.0	64.0	0.0	0.0	0.0	0.0	0.0	0.0	0.0	0.0	0.0	3.0	0.0	0.0	0.0	0.0	0.0	0.0	0.0	0.0	0.0	0.0	0.0	0.0	0.0	0.0	0.0	0.0	0.0	0.0	0.0	0.0	0.0	0.0	0.0	0.0	0.0	0.0	0.0	0.0	0.0	0.0	0.0	0.0	0.0	0.0	0.0	0.0	0.0	0.0	0.0	0.0	0.0	0.0	0.0	0.0	0.0	0.0	0.0	0.0	0.0	0.0	0.0	0.0	0.0	0.0	0.0	0.0	0.0	0.0	0.0	0.0	0.0	0.0	0.0	0.0	0.0	2.0	0.0	0.0	0.0	0.0	0.0	0.0	0.0	0.0	0.0	0.0	0.0	0.0	0.0	0.0	0.0	0.0	0.0	0.0	0.0	0.0	0.0	0.0	0.0	0.0	0.0	0.0	0.0	0.0	0.0	0.0	0.0
SRR9612491	0.0	520.0	6.0	4.0	0.0	61.0	0.0	0.0	3561.0	86.0	0.0	0.0	486.0	312.0	0.0	241.0	0.0	4.0	16.0	1046.0	34.0	0.0	2.0	0.0	110.0	0.0	0.0	129.0	0.0	0.0	0.0	16.0	69.0	5.0	0.0	0.0	0.0	144.0	0.0	0.0	132.0	123.0	0.0	0.0	0.0	0.0	2.0	0.0	0.0	0.0	0.0	0.0	0.0	0.0	0.0	0.0	4.0	5.0	0.0	0.0	49.0	195.0	5.0	0.0	0.0	11.0	8.0	0.0	40.0	0.0	98.0	38.0	0.0	0.0	21.0	0.0	0.0	0.0	39.0	24.0	9.0	35.0	23.0	0.0	5.0	0.0	10.0	0.0	0.0	10.0	0.0	0.0	0.0	48.0	0.0	0.0	0.0	34.0	85.0	0.0	0.0	1286.0	12.0	0.0	0.0	7.0	0.0	0.0	0.0	0.0	0.0	0.0	18.0	0.0	0.0	0.0	0.0	0.0	7.0	0.0	0.0	0.0	0.0	0.0	0.0	10.0	0.0	21.0	0.0	418.0	22.0	31.0	0.0	0.0	0.0	0.0	0.0	0.0	0.0	0.0	0.0	0.0	0.0	0.0	0.0	5.0	45.0	0.0	190.0	15.0	62.0	0.0	0.0	0.0	0.0	66.0	0.0	0.0	0.0	0.0	28.0	0.0	786.0	0.0	0.0	0.0	0.0	0.0	0.0	72.0	10.0	0.0	0.0	9.0	0.0	0.0	0.0	0.0	0.0	0.0	4.0	0.0	0.0	0.0	0.0	0.0	28.0	25.0	1732.0	0.0	0.0	0.0	0.0	0.0	0.0	0.0	9.0	0.0	35.0	0.0	0.0	0.0	0.0	0.0	0.0	0.0	0.0	0.0	0.0	0.0	0.0	0.0	0.0	0.0	0.0	52.0	0.0	0.0	8.0	8.0	0.0	0.0	0.0	0.0	0.0	0.0	0.0	0.0	0.0	0.0	0.0	0.0	9.0	0.0	0.0	0.0	0.0	0.0	0.0	0.0	0.0	0.0	0.0	0.0	0.0	0.0	0.0	0.0	0.0	0.0	0.0	0.0	0.0	49.0	0.0	0.0	0.0	0.0	0.0	0.0	0.0	0.0	0.0	646.0	0.0	0.0	0.0	0.0	0.0	0.0	0.0	0.0	0.0	0.0	0.0	0.0	0.0	0.0	0.0	0.0	0.0	0.0	0.0	0.0	0.0	0.0	0.0	0.0	0.0	0.0	0.0	0.0	0.0	0.0	0.0	0.0	0.0	0.0	0.0	0.0	0.0	0.0	0.0	0.0	0.0	0.0	0.0	0.0	0.0	0.0	0.0	0.0	0.0	0.0	0.0	0.0	0.0	0.0	0.0	0.0	0.0	0.0	0.0	0.0	0.0	0.0
SRR9612492	0.0	303.0	1225.0	10.0	61.0	2687.0	117.0	21.0	3387.0	164.0	0.0	14.0	158.0	178.0	6.0	665.0	54.0	21.0	93.0	1680.0	95.0	0.0	76.0	354.0	4055.0	9.0	0.0	77.0	0.0	34.0	16.0	130.0	0.0	12.0	15.0	0.0	0.0	403.0	0.0	22.0	92.0	272.0	0.0	44.0	20.0	0.0	4.0	0.0	0.0	0.0	61.0	3.0	0.0	9.0	0.0	8.0	337.0	97.0	33.0	253.0	23.0	239.0	530.0	10.0	0.0	0.0	46.0	49.0	126.0	13.0	247.0	1081.0	46.0	5.0	136.0	30.0	60.0	6.0	47.0	41.0	20.0	62.0	593.0	17.0	74.0	9.0	120.0	8.0	0.0	148.0	10.0	0.0	5.0	99.0	49.0	25.0	0.0	21.0	308.0	6.0	4.0	66.0	109.0	0.0	3.0	314.0	0.0	2.0	0.0	0.0	74.0	0.0	0.0	57.0	0.0	0.0	0.0	0.0	242.0	0.0	10.0	0.0	0.0	0.0	160.0	718.0	13.0	184.0	414.0	28.0	44.0	77.0	0.0	16.0	0.0	0.0	0.0	0.0	0.0	0.0	0.0	0.0	0.0	14.0	14.0	7.0	494.0	16.0	110.0	0.0	39.0	86.0	4.0	0.0	0.0	72.0	88.0	142.0	41.0	0.0	94.0	0.0	42.0	10.0	41.0	0.0	0.0	0.0	17.0	20.0	9.0	0.0	0.0	100.0	39.0	0.0	0.0	14.0	0.0	10.0	9.0	4.0	0.0	25.0	0.0	0.0	219.0	0.0	78.0	0.0	20.0	0.0	0.0	0.0	0.0	0.0	0.0	0.0	0.0	2.0	20.0	0.0	36.0	0.0	0.0	0.0	0.0	23.0	5.0	0.0	19.0	0.0	0.0	0.0	0.0	71.0	95.0	0.0	63.0	0.0	0.0	0.0	0.0	0.0	0.0	11.0	0.0	0.0	47.0	0.0	0.0	0.0	17.0	0.0	0.0	0.0	0.0	0.0	0.0	0.0	0.0	0.0	0.0	0.0	0.0	0.0	0.0	0.0	0.0	2.0	0.0	0.0	0.0	0.0	7.0	0.0	29.0	0.0	0.0	0.0	0.0	0.0	0.0	0.0	0.0	0.0	0.0	0.0	0.0	0.0	0.0	0.0	0.0	0.0	0.0	0.0	0.0	0.0	0.0	0.0	0.0	0.0	0.0	0.0	0.0	0.0	0.0	0.0	0.0	37.0	0.0	0.0	0.0	0.0	51.0	0.0	0.0	0.0	0.0	0.0	0.0	0.0	0.0	0.0	0.0	0.0	0.0	0.0	0.0	5.0	0.0	0.0	0.0	0.0	0.0	0.0	0.0	0.0	0.0	0.0	8.0	0.0	0.0	0.0	0.0	0.0
SRR9612493	0.0	417.0	584.0	0.0	0.0	4357.0	168.0	7.0	2135.0	112.0	0.0	26.0	148.0	199.0	10.0	183.0	48.0	4.0	61.0	749.0	96.0	0.0	32.0	168.0	2001.0	0.0	0.0	20.0	0.0	74.0	0.0	31.0	0.0	11.0	0.0	0.0	0.0	262.0	41.0	49.0	164.0	271.0	0.0	18.0	0.0	0.0	0.0	0.0	0.0	0.0	12.0	0.0	0.0	0.0	0.0	0.0	18.0	49.0	0.0	193.0	0.0	45.0	145.0	0.0	0.0	0.0	7.0	16.0	51.0	14.0	341.0	1216.0	33.0	15.0	44.0	8.0	79.0	0.0	20.0	16.0	0.0	125.0	686.0	0.0	26.0	9.0	143.0	0.0	0.0	252.0	0.0	0.0	0.0	148.0	0.0	28.0	0.0	0.0	222.0	0.0	11.0	185.0	41.0	0.0	0.0	528.0	0.0	0.0	0.0	0.0	72.0	0.0	5.0	19.0	60.0	0.0	0.0	3.0	3.0	11.0	14.0	0.0	0.0	0.0	218.0	306.0	0.0	267.0	290.0	13.0	5.0	12.0	0.0	0.0	0.0	2.0	0.0	0.0	11.0	0.0	9.0	0.0	0.0	0.0	0.0	5.0	695.0	4.0	284.0	0.0	233.0	4.0	0.0	0.0	0.0	32.0	27.0	40.0	3.0	0.0	128.0	0.0	21.0	12.0	5.0	0.0	0.0	0.0	22.0	57.0	34.0	0.0	0.0	67.0	0.0	0.0	0.0	0.0	0.0	0.0	18.0	0.0	0.0	0.0	0.0	0.0	268.0	0.0	28.0	3.0	5.0	0.0	2.0	0.0	0.0	0.0	0.0	0.0	0.0	0.0	0.0	0.0	15.0	0.0	11.0	0.0	22.0	0.0	0.0	0.0	22.0	0.0	0.0	0.0	0.0	6.0	6.0	0.0	32.0	0.0	0.0	0.0	0.0	0.0	0.0	4.0	0.0	0.0	32.0	0.0	0.0	0.0	36.0	0.0	0.0	0.0	0.0	0.0	0.0	0.0	0.0	0.0	0.0	0.0	0.0	0.0	0.0	0.0	0.0	0.0	0.0	0.0	0.0	0.0	0.0	0.0	22.0	0.0	0.0	0.0	0.0	0.0	0.0	0.0	0.0	0.0	0.0	0.0	0.0	0.0	0.0	0.0	0.0	0.0	0.0	0.0	0.0	0.0	0.0	0.0	0.0	0.0	0.0	0.0	0.0	0.0	0.0	0.0	0.0	0.0	0.0	0.0	0.0	0.0	18.0	0.0	0.0	0.0	0.0	0.0	0.0	0.0	0.0	0.0	0.0	0.0	0.0	0.0	0.0	0.0	0.0	0.0	0.0	0.0	0.0	0.0	0.0	0.0	0.0	0.0	0.0	0.0	0.0	0.0	0.0	0.0
SRR9612494	0.0	210.0	1182.0	0.0	220.0	2289.0	184.0	0.0	3179.0	59.0	0.0	0.0	196.0	169.0	4.0	636.0	49.0	34.0	216.0	3520.0	160.0	0.0	25.0	407.0	3152.0	0.0	0.0	608.0	0.0	47.0	0.0	294.0	0.0	30.0	67.0	0.0	50.0	740.0	0.0	43.0	141.0	106.0	34.0	77.0	30.0	31.0	13.0	26.0	9.0	0.0	50.0	0.0	0.0	21.0	0.0	0.0	171.0	90.0	14.0	120.0	1.0	119.0	314.0	5.0	17.0	27.0	246.0	85.0	296.0	58.0	272.0	1315.0	88.0	11.0	326.0	8.0	60.0	24.0	82.0	23.0	14.0	75.0	943.0	10.0	115.0	14.0	176.0	4.0	0.0	198.0	10.0	0.0	0.0	77.0	21.0	0.0	0.0	43.0	309.0	55.0	15.0	44.0	72.0	0.0	0.0	466.0	0.0	0.0	0.0	9.0	67.0	0.0	0.0	44.0	27.0	18.0	0.0	0.0	110.0	0.0	20.0	2.0	55.0	0.0	351.0	330.0	5.0	219.0	353.0	13.0	21.0	59.0	35.0	9.0	0.0	0.0	3.0	0.0	0.0	0.0	11.0	0.0	0.0	24.0	21.0	81.0	498.0	0.0	139.0	2.0	25.0	29.0	7.0	0.0	0.0	39.0	333.0	119.0	0.0	0.0	144.0	0.0	87.0	9.0	54.0	0.0	63.0	0.0	27.0	30.0	12.0	0.0	0.0	86.0	110.0	16.0	0.0	3.0	0.0	0.0	26.0	0.0	0.0	11.0	30.0	10.0	369.0	0.0	63.0	0.0	8.0	26.0	0.0	0.0	0.0	0.0	5.0	0.0	0.0	0.0	4.0	2.0	15.0	0.0	0.0	25.0	0.0	0.0	0.0	0.0	35.0	9.0	0.0	0.0	0.0	101.0	27.0	0.0	48.0	0.0	0.0	0.0	0.0	0.0	3.0	22.0	0.0	5.0	32.0	15.0	0.0	0.0	23.0	0.0	0.0	0.0	0.0	0.0	0.0	0.0	0.0	0.0	0.0	0.0	0.0	0.0	0.0	0.0	0.0	0.0	0.0	0.0	0.0	0.0	0.0	18.0	31.0	0.0	24.0	0.0	0.0	0.0	0.0	0.0	4.0	0.0	0.0	0.0	0.0	24.0	0.0	4.0	0.0	0.0	0.0	0.0	0.0	0.0	0.0	0.0	0.0	0.0	0.0	0.0	0.0	0.0	0.0	2.0	0.0	0.0	0.0	0.0	0.0	0.0	50.0	0.0	0.0	6.0	0.0	0.0	0.0	9.0	0.0	0.0	0.0	0.0	0.0	0.0	4.0	0.0	0.0	0.0	0.0	0.0	0.0	0.0	0.0	0.0	0.0	0.0	9.0	0.0	0.0	0.0	0.0	0.0
SRR9612495	0.0	196.0	1056.0	0.0	179.0	2758.0	201.0	20.0	4760.0	225.0	0.0	46.0	112.0	206.0	35.0	716.0	27.0	31.0	94.0	2168.0	138.0	0.0	23.0	423.0	3827.0	0.0	0.0	429.0	0.0	46.0	14.0	273.0	35.0	38.0	25.0	0.0	18.0	570.0	7.0	58.0	88.0	248.0	29.0	91.0	49.0	0.0	13.0	7.0	0.0	0.0	53.0	0.0	0.0	15.0	0.0	12.0	296.0	89.0	18.0	217.0	60.0	207.0	249.0	0.0	0.0	10.0	150.0	84.0	212.0	28.0	332.0	1077.0	100.0	11.0	295.0	24.0	102.0	0.0	118.0	24.0	38.0	35.0	931.0	50.0	39.0	21.0	174.0	10.0	0.0	113.0	29.0	0.0	0.0	90.0	17.0	12.0	0.0	34.0	394.0	33.0	14.0	60.0	135.0	0.0	2.0	395.0	16.0	0.0	0.0	0.0	78.0	0.0	7.0	68.0	0.0	23.0	6.0	0.0	173.0	0.0	31.0	0.0	19.0	0.0	349.0	372.0	0.0	193.0	405.0	25.0	41.0	95.0	26.0	28.0	0.0	0.0	0.0	0.0	2.0	0.0	0.0	0.0	0.0	27.0	22.0	38.0	524.0	15.0	135.0	0.0	63.0	58.0	0.0	38.0	0.0	75.0	236.0	113.0	15.0	0.0	84.0	0.0	45.0	30.0	35.0	0.0	33.0	0.0	11.0	29.0	0.0	0.0	12.0	104.0	107.0	0.0	2.0	16.0	0.0	12.0	19.0	9.0	5.0	29.0	35.0	0.0	250.0	0.0	105.0	0.0	19.0	27.0	0.0	0.0	0.0	17.0	0.0	0.0	0.0	7.0	28.0	0.0	35.0	0.0	84.0	18.0	17.0	0.0	0.0	0.0	15.0	0.0	0.0	0.0	0.0	58.0	137.0	0.0	65.0	0.0	0.0	0.0	0.0	2.0	3.0	20.0	0.0	0.0	41.0	13.0	0.0	0.0	29.0	0.0	0.0	0.0	0.0	0.0	0.0	0.0	0.0	0.0	0.0	0.0	0.0	0.0	0.0	0.0	0.0	13.0	0.0	0.0	0.0	0.0	12.0	21.0	23.0	0.0	32.0	0.0	0.0	0.0	0.0	0.0	0.0	0.0	0.0	0.0	0.0	22.0	0.0	0.0	0.0	15.0	19.0	0.0	0.0	0.0	0.0	0.0	14.0	0.0	0.0	0.0	0.0	0.0	0.0	0.0	0.0	7.0	0.0	0.0	0.0	0.0	46.0	0.0	0.0	0.0	0.0	0.0	0.0	44.0	0.0	0.0	0.0	0.0	0.0	0.0	0.0	0.0	0.0	0.0	0.0	0.0	0.0	0.0	0.0	0.0	0.0	0.0	0.0	0.0	0.0	0.0	0.0	0.0
SRR9612496	0.0	291.0	2019.0	0.0	88.0	3555.0	137.0	0.0	4258.0	216.0	0.0	21.0	399.0	197.0	7.0	510.0	27.0	31.0	171.0	1507.0	182.0	5.0	78.0	459.0	5432.0	0.0	0.0	12.0	37.0	33.0	24.0	432.0	7.0	0.0	0.0	8.0	22.0	168.0	186.0	29.0	70.0	337.0	0.0	12.0	4.0	5.0	0.0	0.0	0.0	0.0	18.0	9.0	0.0	4.0	0.0	0.0	266.0	80.0	25.0	150.0	15.0	156.0	369.0	0.0	0.0	0.0	13.0	0.0	432.0	0.0	201.0	1159.0	70.0	11.0	186.0	24.0	128.0	19.0	0.0	35.0	35.0	61.0	570.0	13.0	24.0	18.0	196.0	3.0	0.0	109.0	22.0	0.0	0.0	191.0	34.0	13.0	0.0	5.0	294.0	0.0	7.0	104.0	80.0	0.0	0.0	167.0	0.0	0.0	4.0	0.0	85.0	0.0	2.0	30.0	0.0	7.0	0.0	0.0	101.0	29.0	11.0	0.0	0.0	0.0	169.0	961.0	12.0	193.0	391.0	70.0	0.0	64.0	0.0	0.0	0.0	0.0	0.0	0.0	15.0	0.0	0.0	0.0	0.0	4.0	4.0	9.0	365.0	13.0	38.0	3.0	130.0	93.0	0.0	0.0	2.0	57.0	72.0	176.0	27.0	0.0	186.0	0.0	0.0	9.0	3.0	0.0	0.0	3.0	8.0	26.0	29.0	0.0	0.0	88.0	0.0	19.0	0.0	0.0	0.0	0.0	13.0	0.0	0.0	17.0	0.0	0.0	182.0	3.0	27.0	5.0	8.0	0.0	0.0	0.0	0.0	0.0	8.0	0.0	0.0	0.0	10.0	0.0	16.0	0.0	0.0	12.0	4.0	11.0	0.0	0.0	32.0	0.0	20.0	0.0	8.0	0.0	43.0	0.0	113.0	0.0	0.0	0.0	0.0	0.0	0.0	0.0	4.0	4.0	35.0	6.0	0.0	0.0	27.0	0.0	3.0	0.0	0.0	0.0	0.0	0.0	0.0	0.0	0.0	0.0	0.0	0.0	0.0	0.0	0.0	0.0	3.0	0.0	0.0	0.0	0.0	0.0	18.0	0.0	0.0	0.0	3.0	0.0	0.0	0.0	0.0	0.0	0.0	0.0	0.0	0.0	0.0	0.0	0.0	0.0	0.0	0.0	0.0	0.0	0.0	0.0	0.0	0.0	0.0	0.0	0.0	0.0	0.0	0.0	0.0	0.0	0.0	0.0	0.0	0.0	38.0	0.0	0.0	0.0	0.0	0.0	0.0	0.0	0.0	0.0	0.0	0.0	0.0	0.0	0.0	0.0	0.0	0.0	0.0	0.0	0.0	0.0	0.0	0.0	0.0	0.0	0.0	0.0	0.0	0.0	0.0	0.0
SRR9612497	0.0	318.0	1289.0	0.0	0.0	3901.0	215.0	7.0	2048.0	101.0	0.0	0.0	184.0	198.0	0.0	122.0	46.0	24.0	98.0	431.0	64.0	0.0	26.0	152.0	3164.0	0.0	0.0	0.0	0.0	66.0	0.0	27.0	0.0	0.0	0.0	7.0	0.0	194.0	0.0	35.0	140.0	558.0	0.0	15.0	0.0	0.0	0.0	0.0	0.0	0.0	23.0	0.0	0.0	0.0	0.0	0.0	41.0	21.0	0.0	221.0	26.0	64.0	197.0	0.0	0.0	0.0	0.0	0.0	95.0	9.0	277.0	919.0	64.0	8.0	82.0	13.0	83.0	0.0	16.0	25.0	0.0	170.0	401.0	0.0	10.0	9.0	106.0	0.0	0.0	272.0	0.0	0.0	0.0	84.0	15.0	10.0	0.0	0.0	277.0	0.0	0.0	169.0	22.0	0.0	0.0	301.0	0.0	0.0	0.0	0.0	51.0	0.0	0.0	44.0	15.0	0.0	0.0	0.0	0.0	0.0	12.0	0.0	0.0	0.0	187.0	506.0	0.0	201.0	564.0	23.0	0.0	33.0	0.0	0.0	0.0	3.0	0.0	0.0	0.0	0.0	0.0	0.0	0.0	0.0	0.0	0.0	507.0	0.0	218.0	3.0	77.0	9.0	0.0	0.0	0.0	26.0	21.0	67.0	9.0	0.0	188.0	0.0	46.0	0.0	0.0	0.0	3.0	0.0	0.0	29.0	0.0	0.0	0.0	133.0	0.0	0.0	0.0	6.0	0.0	0.0	30.0	0.0	0.0	0.0	0.0	0.0	287.0	0.0	41.0	4.0	0.0	0.0	0.0	0.0	0.0	0.0	0.0	0.0	0.0	0.0	0.0	0.0	0.0	0.0	0.0	13.0	7.0	0.0	0.0	0.0	25.0	0.0	2.0	0.0	0.0	0.0	0.0	0.0	68.0	0.0	0.0	0.0	0.0	0.0	0.0	0.0	0.0	0.0	73.0	0.0	0.0	0.0	43.0	0.0	0.0	0.0	0.0	0.0	0.0	0.0	0.0	0.0	0.0	0.0	0.0	0.0	0.0	0.0	0.0	0.0	0.0	0.0	0.0	0.0	0.0	0.0	8.0	0.0	0.0	0.0	4.0	0.0	0.0	0.0	0.0	0.0	0.0	0.0	0.0	0.0	0.0	0.0	0.0	0.0	0.0	0.0	0.0	0.0	0.0	0.0	6.0	0.0	0.0	0.0	0.0	0.0	0.0	0.0	0.0	0.0	0.0	0.0	0.0	0.0	42.0	0.0	0.0	0.0	0.0	0.0	0.0	0.0	0.0	0.0	0.0	0.0	0.0	0.0	0.0	0.0	0.0	0.0	0.0	0.0	0.0	0.0	0.0	0.0	0.0	0.0	0.0	0.0	0.0	0.0	0.0	0.0
SRR9612498	0.0	311.0	1101.0	0.0	0.0	2917.0	185.0	7.0	1984.0	112.0	0.0	7.0	291.0	109.0	2.0	125.0	52.0	19.0	74.0	494.0	93.0	0.0	44.0	142.0	3208.0	0.0	0.0	0.0	0.0	40.0	0.0	36.0	0.0	4.0	0.0	0.0	0.0	139.0	0.0	24.0	117.0	398.0	0.0	181.0	0.0	0.0	0.0	0.0	12.0	0.0	19.0	0.0	0.0	0.0	0.0	0.0	39.0	8.0	0.0	230.0	7.0	84.0	223.0	8.0	0.0	0.0	0.0	0.0	91.0	0.0	306.0	1028.0	56.0	17.0	80.0	26.0	93.0	0.0	3.0	32.0	0.0	98.0	501.0	0.0	5.0	0.0	144.0	0.0	0.0	179.0	0.0	0.0	0.0	137.0	26.0	12.0	0.0	0.0	348.0	0.0	6.0	249.0	33.0	0.0	0.0	231.0	0.0	0.0	0.0	0.0	55.0	0.0	4.0	82.0	30.0	0.0	0.0	0.0	0.0	11.0	13.0	0.0	0.0	0.0	167.0	583.0	10.0	240.0	553.0	30.0	2.0	31.0	0.0	0.0	0.0	0.0	3.0	0.0	0.0	0.0	0.0	3.0	0.0	0.0	0.0	0.0	544.0	0.0	238.0	0.0	69.0	9.0	0.0	0.0	0.0	34.0	18.0	67.0	0.0	0.0	161.0	0.0	20.0	13.0	5.0	0.0	0.0	0.0	0.0	33.0	9.0	0.0	3.0	147.0	0.0	0.0	0.0	0.0	0.0	0.0	10.0	0.0	0.0	0.0	0.0	0.0	316.0	0.0	45.0	0.0	13.0	0.0	0.0	0.0	0.0	0.0	0.0	0.0	0.0	0.0	0.0	0.0	11.0	0.0	0.0	11.0	0.0	0.0	0.0	0.0	24.0	0.0	0.0	0.0	0.0	0.0	0.0	0.0	71.0	0.0	0.0	0.0	0.0	0.0	0.0	0.0	0.0	0.0	57.0	0.0	0.0	0.0	18.0	7.0	0.0	0.0	0.0	0.0	0.0	0.0	0.0	0.0	0.0	0.0	0.0	0.0	0.0	0.0	0.0	0.0	0.0	0.0	0.0	0.0	0.0	0.0	16.0	0.0	0.0	0.0	0.0	0.0	0.0	0.0	0.0	0.0	0.0	0.0	0.0	0.0	0.0	0.0	0.0	0.0	0.0	0.0	0.0	0.0	0.0	0.0	3.0	0.0	0.0	0.0	0.0	0.0	0.0	0.0	0.0	0.0	0.0	0.0	0.0	0.0	57.0	0.0	0.0	0.0	0.0	0.0	0.0	0.0	0.0	0.0	0.0	0.0	0.0	0.0	0.0	0.0	0.0	0.0	0.0	0.0	0.0	0.0	0.0	0.0	0.0	0.0	0.0	0.0	0.0	0.0	0.0	0.0
SRR9612499	0.0	395.0	1023.0	0.0	85.0	3406.0	131.0	16.0	3710.0	144.0	13.0	23.0	324.0	161.0	10.0	592.0	41.0	29.0	86.0	1535.0	225.0	0.0	47.0	363.0	3984.0	0.0	0.0	70.0	19.0	39.0	8.0	287.0	18.0	0.0	8.0	3.0	41.0	191.0	82.0	28.0	45.0	227.0	15.0	33.0	29.0	0.0	3.0	0.0	15.0	0.0	16.0	8.0	0.0	0.0	0.0	5.0	372.0	46.0	31.0	131.0	30.0	210.0	485.0	0.0	0.0	0.0	16.0	34.0	191.0	0.0	175.0	800.0	75.0	34.0	135.0	31.0	62.0	21.0	19.0	40.0	61.0	77.0	729.0	20.0	38.0	22.0	203.0	8.0	0.0	204.0	40.0	0.0	0.0	129.0	21.0	15.0	0.0	36.0	205.0	0.0	0.0	138.0	71.0	0.0	0.0	307.0	0.0	0.0	0.0	0.0	85.0	0.0	0.0	79.0	11.0	0.0	4.0	0.0	150.0	18.0	21.0	0.0	0.0	0.0	151.0	655.0	0.0	265.0	171.0	50.0	0.0	92.0	14.0	35.0	3.0	0.0	0.0	0.0	0.0	0.0	0.0	11.0	0.0	2.0	4.0	5.0	702.0	29.0	97.0	0.0	272.0	72.0	0.0	0.0	3.0	71.0	64.0	103.0	11.0	0.0	139.0	0.0	23.0	0.0	0.0	0.0	0.0	2.0	0.0	47.0	19.0	0.0	0.0	76.0	0.0	35.0	0.0	0.0	0.0	0.0	11.0	5.0	0.0	9.0	0.0	0.0	285.0	0.0	35.0	0.0	5.0	0.0	0.0	0.0	4.0	0.0	25.0	0.0	0.0	0.0	8.0	0.0	17.0	0.0	5.0	29.0	13.0	0.0	0.0	0.0	16.0	10.0	0.0	0.0	5.0	0.0	87.0	10.0	44.0	0.0	0.0	0.0	0.0	0.0	0.0	0.0	0.0	4.0	69.0	20.0	0.0	0.0	22.0	3.0	0.0	0.0	0.0	0.0	3.0	0.0	0.0	0.0	0.0	0.0	0.0	0.0	0.0	0.0	0.0	0.0	0.0	0.0	0.0	0.0	0.0	0.0	35.0	0.0	0.0	0.0	0.0	0.0	0.0	0.0	0.0	0.0	0.0	0.0	0.0	0.0	0.0	0.0	0.0	0.0	0.0	0.0	0.0	0.0	0.0	0.0	0.0	0.0	0.0	0.0	0.0	0.0	0.0	0.0	0.0	0.0	0.0	0.0	0.0	0.0	37.0	0.0	0.0	0.0	0.0	0.0	0.0	0.0	0.0	0.0	0.0	0.0	0.0	0.0	0.0	0.0	0.0	0.0	0.0	0.0	0.0	0.0	0.0	0.0	0.0	0.0	0.0	0.0	0.0	0.0	0.0	0.0
SRR9612500	0.0	20.0	25.0	0.0	44.0	37.0	0.0	0.0	696.0	69.0	0.0	0.0	0.0	16.0	0.0	209.0	0.0	4.0	0.0	13855.0	0.0	0.0	8.0	8.0	141.0	0.0	0.0	192.0	0.0	12.0	0.0	29.0	0.0	5.0	0.0	0.0	0.0	109.0	0.0	20.0	7.0	8.0	8.0	11.0	0.0	0.0	0.0	0.0	0.0	0.0	0.0	0.0	0.0	0.0	0.0	0.0	2.0	3.0	0.0	0.0	0.0	8.0	0.0	0.0	0.0	0.0	17.0	0.0	60.0	0.0	13.0	43.0	4.0	0.0	77.0	0.0	0.0	0.0	74.0	0.0	15.0	8.0	23.0	0.0	4.0	0.0	163.0	0.0	0.0	8.0	0.0	0.0	0.0	0.0	0.0	0.0	0.0	0.0	43.0	0.0	0.0	12.0	0.0	0.0	0.0	0.0	0.0	0.0	0.0	0.0	0.0	0.0	0.0	0.0	0.0	13.0	0.0	0.0	0.0	0.0	0.0	0.0	0.0	0.0	12.0	9.0	0.0	5.0	0.0	48.0	0.0	0.0	17.0	0.0	0.0	0.0	0.0	0.0	0.0	0.0	4.0	0.0	0.0	0.0	0.0	0.0	21.0	0.0	0.0	0.0	34.0	0.0	0.0	0.0	0.0	0.0	16.0	0.0	0.0	0.0	28.0	0.0	116.0	0.0	3.0	0.0	0.0	0.0	0.0	0.0	0.0	0.0	0.0	4.0	0.0	3.0	0.0	0.0	0.0	0.0	4.0	0.0	0.0	7.0	0.0	0.0	17.0	0.0	47.0	0.0	0.0	0.0	0.0	0.0	0.0	0.0	9.0	0.0	0.0	0.0	4.0	0.0	0.0	0.0	0.0	0.0	0.0	0.0	0.0	0.0	0.0	0.0	12.0	0.0	0.0	0.0	0.0	0.0	8.0	0.0	0.0	0.0	0.0	0.0	0.0	3.0	0.0	0.0	0.0	0.0	0.0	0.0	0.0	0.0	0.0	0.0	0.0	0.0	0.0	0.0	0.0	0.0	0.0	0.0	0.0	0.0	0.0	0.0	0.0	0.0	0.0	0.0	0.0	0.0	0.0	3.0	0.0	0.0	0.0	0.0	0.0	0.0	0.0	0.0	0.0	0.0	0.0	0.0	0.0	0.0	0.0	0.0	0.0	0.0	0.0	0.0	0.0	0.0	0.0	0.0	0.0	0.0	0.0	0.0	0.0	0.0	0.0	0.0	0.0	0.0	0.0	0.0	0.0	0.0	7.0	0.0	0.0	0.0	0.0	0.0	0.0	0.0	0.0	0.0	0.0	0.0	0.0	0.0	0.0	0.0	0.0	0.0	0.0	0.0	0.0	0.0	0.0	0.0	0.0	0.0	0.0	0.0	0.0	0.0	0.0	0.0
SRR9612501	0.0	38.0	3.0	0.0	63.0	0.0	0.0	0.0	720.0	75.0	0.0	0.0	34.0	50.0	0.0	275.0	0.0	0.0	0.0	17485.0	0.0	0.0	2.0	0.0	124.0	0.0	0.0	228.0	0.0	0.0	0.0	38.0	0.0	19.0	0.0	0.0	0.0	239.0	0.0	39.0	0.0	0.0	0.0	0.0	0.0	0.0	0.0	2.0	0.0	0.0	0.0	0.0	3.0	0.0	0.0	0.0	0.0	0.0	0.0	0.0	0.0	0.0	0.0	0.0	0.0	11.0	8.0	0.0	66.0	15.0	9.0	0.0	0.0	0.0	83.0	0.0	0.0	0.0	69.0	0.0	15.0	0.0	50.0	0.0	0.0	0.0	238.0	0.0	0.0	4.0	4.0	0.0	0.0	0.0	0.0	0.0	0.0	0.0	34.0	0.0	0.0	0.0	0.0	13.0	0.0	0.0	0.0	0.0	0.0	0.0	0.0	0.0	0.0	0.0	0.0	34.0	0.0	0.0	0.0	0.0	0.0	0.0	0.0	0.0	0.0	0.0	0.0	0.0	0.0	18.0	0.0	0.0	32.0	0.0	0.0	0.0	0.0	0.0	0.0	0.0	0.0	0.0	0.0	12.0	0.0	0.0	0.0	0.0	0.0	0.0	6.0	0.0	0.0	0.0	0.0	0.0	18.0	0.0	0.0	0.0	4.0	0.0	56.0	0.0	8.0	0.0	12.0	0.0	0.0	0.0	0.0	0.0	0.0	0.0	0.0	0.0	0.0	0.0	0.0	0.0	0.0	0.0	0.0	0.0	0.0	0.0	5.0	0.0	20.0	0.0	0.0	0.0	0.0	0.0	0.0	0.0	0.0	0.0	0.0	0.0	0.0	0.0	0.0	0.0	4.0	0.0	0.0	0.0	0.0	0.0	0.0	16.0	0.0	0.0	0.0	0.0	0.0	0.0	0.0	0.0	0.0	0.0	0.0	0.0	0.0	3.0	0.0	0.0	0.0	0.0	0.0	0.0	0.0	0.0	0.0	2.0	0.0	0.0	0.0	0.0	0.0	0.0	0.0	0.0	0.0	0.0	0.0	0.0	0.0	0.0	0.0	0.0	0.0	0.0	0.0	0.0	0.0	0.0	0.0	0.0	0.0	0.0	0.0	0.0	0.0	0.0	0.0	0.0	0.0	0.0	0.0	0.0	0.0	0.0	0.0	0.0	0.0	0.0	0.0	0.0	0.0	0.0	0.0	0.0	0.0	0.0	0.0	0.0	0.0	0.0	0.0	0.0	0.0	0.0	0.0	0.0	0.0	0.0	0.0	0.0	0.0	0.0	0.0	0.0	0.0	0.0	0.0	0.0	0.0	0.0	0.0	0.0	0.0	0.0	0.0	0.0	0.0	0.0	0.0	0.0	0.0	0.0	0.0	0.0	0.0	0.0
SRR9612502	0.0	267.0	1089.0	0.0	0.0	3472.0	171.0	0.0	2219.0	134.0	0.0	9.0	384.0	192.0	19.0	190.0	35.0	31.0	126.0	522.0	71.0	0.0	78.0	127.0	2957.0	0.0	0.0	13.0	0.0	55.0	0.0	0.0	0.0	0.0	0.0	3.0	0.0	235.0	0.0	30.0	136.0	277.0	0.0	17.0	6.0	0.0	0.0	0.0	0.0	0.0	9.0	0.0	0.0	0.0	0.0	0.0	80.0	51.0	0.0	188.0	18.0	62.0	249.0	0.0	0.0	0.0	11.0	0.0	116.0	0.0	309.0	1123.0	68.0	6.0	85.0	19.0	83.0	0.0	8.0	49.0	0.0	155.0	398.0	0.0	9.0	23.0	240.0	0.0	0.0	236.0	0.0	0.0	0.0	112.0	11.0	0.0	0.0	0.0	260.0	0.0	0.0	195.0	44.0	0.0	0.0	237.0	0.0	0.0	0.0	0.0	88.0	0.0	5.0	43.0	69.0	8.0	0.0	0.0	0.0	0.0	22.0	0.0	0.0	0.0	170.0	600.0	16.0	338.0	384.0	40.0	12.0	43.0	0.0	0.0	0.0	0.0	0.0	0.0	0.0	0.0	0.0	0.0	0.0	0.0	5.0	7.0	643.0	0.0	159.0	0.0	72.0	18.0	0.0	0.0	0.0	28.0	23.0	60.0	10.0	0.0	163.0	0.0	0.0	0.0	8.0	0.0	0.0	0.0	24.0	20.0	19.0	0.0	0.0	128.0	8.0	0.0	0.0	0.0	0.0	0.0	40.0	0.0	0.0	9.0	0.0	0.0	286.0	0.0	41.0	0.0	15.0	0.0	0.0	0.0	0.0	0.0	0.0	0.0	0.0	0.0	0.0	0.0	0.0	0.0	3.0	0.0	16.0	0.0	0.0	0.0	21.0	0.0	0.0	0.0	0.0	0.0	0.0	0.0	42.0	0.0	0.0	0.0	0.0	0.0	0.0	0.0	0.0	0.0	61.0	0.0	0.0	0.0	26.0	0.0	0.0	0.0	0.0	0.0	40.0	0.0	0.0	0.0	0.0	0.0	0.0	0.0	0.0	0.0	0.0	0.0	0.0	0.0	0.0	0.0	0.0	0.0	11.0	0.0	0.0	0.0	0.0	0.0	0.0	0.0	0.0	0.0	0.0	0.0	0.0	0.0	0.0	0.0	0.0	0.0	0.0	0.0	0.0	0.0	0.0	0.0	0.0	0.0	0.0	0.0	0.0	0.0	0.0	0.0	0.0	0.0	0.0	0.0	0.0	0.0	66.0	0.0	0.0	0.0	0.0	0.0	0.0	0.0	0.0	0.0	0.0	0.0	0.0	0.0	0.0	0.0	0.0	0.0	0.0	0.0	0.0	0.0	0.0	0.0	0.0	0.0	0.0	0.0	0.0	0.0	0.0	0.0
SRR9612503	0.0	76.0	575.0	0.0	0.0	2505.0	96.0	7.0	1733.0	104.0	0.0	8.0	117.0	99.0	0.0	131.0	27.0	16.0	80.0	344.0	122.0	0.0	16.0	167.0	2328.0	0.0	0.0	0.0	0.0	29.0	0.0	23.0	0.0	0.0	0.0	0.0	9.0	51.0	7.0	5.0	91.0	297.0	0.0	41.0	12.0	0.0	0.0	0.0	0.0	0.0	20.0	0.0	0.0	0.0	6.0	0.0	52.0	43.0	0.0	257.0	43.0	88.0	109.0	0.0	0.0	0.0	9.0	14.0	93.0	8.0	226.0	605.0	71.0	0.0	60.0	47.0	79.0	0.0	9.0	18.0	0.0	72.0	308.0	0.0	10.0	0.0	117.0	0.0	0.0	124.0	0.0	0.0	0.0	127.0	0.0	23.0	0.0	2.0	81.0	0.0	3.0	68.0	10.0	0.0	0.0	202.0	0.0	0.0	0.0	0.0	27.0	0.0	0.0	75.0	22.0	0.0	0.0	0.0	13.0	0.0	29.0	0.0	0.0	0.0	117.0	370.0	10.0	149.0	375.0	34.0	0.0	35.0	0.0	0.0	0.0	0.0	0.0	0.0	0.0	0.0	0.0	0.0	0.0	0.0	0.0	0.0	328.0	0.0	165.0	0.0	38.0	14.0	0.0	0.0	0.0	33.0	11.0	28.0	0.0	0.0	75.0	0.0	18.0	11.0	0.0	0.0	0.0	0.0	0.0	55.0	0.0	0.0	0.0	76.0	0.0	0.0	0.0	0.0	0.0	0.0	0.0	0.0	0.0	7.0	0.0	0.0	211.0	0.0	39.0	0.0	14.0	0.0	0.0	0.0	0.0	0.0	0.0	0.0	0.0	0.0	3.0	0.0	23.0	0.0	4.0	11.0	0.0	0.0	0.0	0.0	18.0	0.0	0.0	0.0	0.0	7.0	8.0	0.0	34.0	0.0	0.0	0.0	0.0	0.0	0.0	4.0	0.0	0.0	39.0	0.0	0.0	0.0	21.0	0.0	0.0	0.0	0.0	0.0	4.0	0.0	0.0	0.0	0.0	0.0	0.0	0.0	0.0	0.0	0.0	0.0	0.0	0.0	0.0	0.0	0.0	0.0	33.0	0.0	0.0	0.0	0.0	0.0	0.0	0.0	0.0	0.0	0.0	0.0	0.0	0.0	0.0	0.0	0.0	0.0	0.0	0.0	0.0	0.0	0.0	0.0	4.0	0.0	0.0	0.0	0.0	0.0	0.0	0.0	0.0	0.0	0.0	0.0	0.0	0.0	28.0	0.0	0.0	0.0	0.0	0.0	0.0	0.0	0.0	0.0	0.0	0.0	0.0	0.0	0.0	0.0	0.0	0.0	0.0	0.0	0.0	0.0	0.0	0.0	0.0	0.0	0.0	0.0	0.0	0.0	0.0	0.0
SRR9612505	0.0	1074.0	0.0	0.0	0.0	19.0	6.0	0.0	456.0	102.0	0.0	0.0	187.0	76.0	0.0	79.0	7.0	3.0	0.0	547.0	7.0	0.0	0.0	0.0	62.0	0.0	0.0	0.0	0.0	0.0	0.0	0.0	0.0	0.0	0.0	0.0	0.0	203.0	0.0	0.0	43.0	45.0	0.0	0.0	2.0	0.0	0.0	0.0	0.0	0.0	0.0	0.0	0.0	0.0	0.0	0.0	0.0	0.0	0.0	0.0	0.0	54.0	0.0	0.0	0.0	0.0	0.0	0.0	25.0	0.0	48.0	0.0	0.0	0.0	4.0	0.0	0.0	0.0	61.0	3.0	0.0	0.0	0.0	0.0	3.0	0.0	109.0	0.0	0.0	0.0	0.0	0.0	0.0	0.0	0.0	0.0	0.0	0.0	49.0	0.0	0.0	5338.0	18.0	0.0	0.0	0.0	0.0	0.0	0.0	0.0	0.0	0.0	0.0	0.0	0.0	0.0	0.0	0.0	0.0	0.0	0.0	0.0	0.0	0.0	0.0	0.0	0.0	6.0	0.0	47.0	16.0	5.0	0.0	0.0	0.0	37.0	0.0	0.0	65.0	0.0	0.0	0.0	0.0	0.0	0.0	0.0	66.0	0.0	114.0	0.0	235.0	0.0	0.0	0.0	0.0	13.0	0.0	4.0	0.0	0.0	0.0	0.0	215.0	0.0	0.0	0.0	0.0	0.0	0.0	312.0	0.0	0.0	0.0	7.0	0.0	0.0	0.0	0.0	0.0	0.0	0.0	0.0	0.0	0.0	0.0	0.0	0.0	0.0	11.0	0.0	0.0	0.0	0.0	0.0	0.0	0.0	0.0	0.0	0.0	0.0	0.0	0.0	7.0	0.0	0.0	0.0	0.0	0.0	0.0	0.0	0.0	0.0	0.0	0.0	0.0	0.0	0.0	0.0	8.0	8.0	0.0	0.0	0.0	0.0	0.0	0.0	0.0	0.0	0.0	0.0	0.0	0.0	0.0	0.0	0.0	0.0	0.0	0.0	0.0	0.0	0.0	0.0	0.0	0.0	0.0	0.0	0.0	0.0	0.0	0.0	0.0	0.0	0.0	0.0	0.0	0.0	0.0	0.0	0.0	0.0	0.0	0.0	0.0	0.0	0.0	0.0	0.0	0.0	0.0	0.0	0.0	0.0	0.0	0.0	0.0	0.0	0.0	0.0	0.0	0.0	0.0	0.0	0.0	0.0	0.0	0.0	0.0	0.0	0.0	0.0	0.0	0.0	0.0	0.0	5.0	0.0	0.0	0.0	0.0	0.0	0.0	0.0	0.0	0.0	0.0	0.0	0.0	0.0	0.0	0.0	0.0	0.0	0.0	0.0	0.0	0.0	0.0	0.0	0.0	0.0	0.0	0.0	0.0	0.0	0.0	0.0
SRR9612506	0.0	808.0	25.0	0.0	385.0	0.0	0.0	0.0	1144.0	640.0	0.0	0.0	34.0	104.0	0.0	1297.0	0.0	8.0	0.0	12888.0	0.0	0.0	0.0	21.0	66.0	0.0	0.0	468.0	0.0	0.0	0.0	39.0	1.0	68.0	0.0	0.0	0.0	175.0	0.0	33.0	33.0	0.0	137.0	0.0	0.0	0.0	0.0	0.0	0.0	0.0	0.0	0.0	0.0	0.0	0.0	0.0	0.0	0.0	0.0	0.0	0.0	0.0	0.0	0.0	0.0	10.0	93.0	185.0	131.0	30.0	14.0	7.0	33.0	0.0	162.0	0.0	0.0	16.0	91.0	0.0	86.0	0.0	203.0	0.0	5.0	0.0	169.0	0.0	5.0	0.0	0.0	0.0	0.0	0.0	0.0	0.0	0.0	0.0	20.0	0.0	0.0	0.0	0.0	0.0	0.0	0.0	0.0	0.0	0.0	0.0	0.0	0.0	0.0	0.0	0.0	33.0	7.0	0.0	3.0	20.0	0.0	0.0	0.0	0.0	31.0	0.0	0.0	3.0	0.0	73.0	15.0	0.0	70.0	0.0	0.0	0.0	0.0	0.0	0.0	0.0	0.0	0.0	0.0	0.0	0.0	13.0	0.0	0.0	0.0	0.0	0.0	0.0	0.0	0.0	0.0	14.0	6.0	0.0	0.0	0.0	0.0	0.0	94.0	0.0	8.0	0.0	9.0	0.0	0.0	0.0	0.0	5.0	0.0	2.0	18.0	0.0	0.0	0.0	0.0	0.0	0.0	2.0	0.0	19.0	0.0	0.0	0.0	0.0	8.0	0.0	0.0	0.0	0.0	0.0	0.0	0.0	0.0	0.0	0.0	0.0	0.0	0.0	0.0	0.0	0.0	0.0	0.0	0.0	0.0	0.0	0.0	0.0	0.0	0.0	0.0	0.0	0.0	0.0	0.0	0.0	0.0	0.0	0.0	0.0	0.0	3.0	0.0	0.0	0.0	0.0	0.0	0.0	0.0	0.0	0.0	0.0	0.0	0.0	0.0	0.0	0.0	0.0	0.0	0.0	0.0	0.0	0.0	0.0	0.0	0.0	0.0	0.0	0.0	0.0	0.0	0.0	0.0	0.0	0.0	0.0	0.0	0.0	0.0	0.0	2.0	0.0	0.0	0.0	0.0	13.0	0.0	0.0	0.0	0.0	0.0	0.0	0.0	0.0	0.0	0.0	0.0	0.0	0.0	0.0	0.0	0.0	0.0	0.0	0.0	0.0	0.0	0.0	0.0	0.0	0.0	0.0	0.0	28.0	0.0	0.0	0.0	0.0	0.0	0.0	0.0	0.0	0.0	0.0	0.0	0.0	0.0	0.0	0.0	0.0	0.0	0.0	0.0	0.0	0.0	0.0	0.0	0.0	0.0	0.0	0.0	0.0
SRR9612508	0.0	1150.0	30.0	0.0	0.0	52.0	9.0	0.0	750.0	405.0	0.0	0.0	231.0	78.0	0.0	74.0	0.0	4.0	12.0	589.0	12.0	0.0	8.0	16.0	163.0	0.0	0.0	14.0	0.0	0.0	0.0	0.0	1.0	0.0	0.0	0.0	0.0	121.0	0.0	0.0	8.0	24.0	0.0	0.0	0.0	0.0	0.0	0.0	0.0	0.0	0.0	0.0	0.0	0.0	0.0	0.0	0.0	13.0	0.0	11.0	0.0	126.0	0.0	0.0	0.0	0.0	0.0	0.0	10.0	0.0	45.0	13.0	0.0	0.0	0.0	0.0	0.0	0.0	36.0	9.0	0.0	0.0	0.0	0.0	9.0	0.0	25.0	0.0	0.0	9.0	0.0	0.0	0.0	13.0	0.0	0.0	0.0	0.0	83.0	0.0	0.0	4741.0	4.0	0.0	0.0	11.0	0.0	0.0	0.0	0.0	0.0	0.0	0.0	0.0	0.0	10.0	0.0	0.0	2.0	0.0	0.0	0.0	0.0	0.0	23.0	0.0	0.0	0.0	0.0	41.0	0.0	0.0	0.0	0.0	0.0	0.0	0.0	0.0	32.0	0.0	0.0	0.0	0.0	0.0	2.0	0.0	108.0	0.0	113.0	0.0	373.0	0.0	0.0	0.0	0.0	4.0	0.0	3.0	0.0	0.0	20.0	0.0	301.0	0.0	0.0	0.0	0.0	0.0	0.0	460.0	0.0	0.0	0.0	11.0	0.0	0.0	0.0	0.0	0.0	0.0	0.0	0.0	0.0	0.0	0.0	0.0	26.0	0.0	74.0	0.0	0.0	0.0	0.0	0.0	0.0	0.0	0.0	0.0	0.0	0.0	0.0	0.0	0.0	0.0	0.0	0.0	0.0	0.0	0.0	0.0	0.0	0.0	0.0	0.0	0.0	0.0	0.0	0.0	9.0	18.0	0.0	0.0	0.0	0.0	0.0	0.0	0.0	0.0	0.0	0.0	0.0	0.0	0.0	0.0	0.0	0.0	0.0	0.0	0.0	0.0	0.0	0.0	0.0	0.0	0.0	0.0	0.0	0.0	0.0	0.0	0.0	0.0	0.0	0.0	0.0	0.0	0.0	0.0	0.0	0.0	0.0	0.0	0.0	0.0	0.0	0.0	0.0	0.0	0.0	0.0	0.0	0.0	0.0	0.0	0.0	0.0	0.0	0.0	0.0	0.0	0.0	0.0	0.0	0.0	0.0	0.0	0.0	0.0	0.0	0.0	0.0	0.0	0.0	0.0	11.0	0.0	0.0	0.0	0.0	0.0	0.0	0.0	0.0	0.0	0.0	0.0	0.0	0.0	0.0	0.0	0.0	0.0	0.0	0.0	0.0	0.0	0.0	0.0	0.0	0.0	0.0	0.0	0.0	0.0	0.0	0.0
SRR9612509	0.0	1502.0	0.0	0.0	0.0	36.0	0.0	0.0	1033.0	164.0	0.0	4.0	506.0	236.0	0.0	424.0	0.0	0.0	0.0	1119.0	5.0	0.0	0.0	0.0	114.0	0.0	0.0	15.0	0.0	0.0	0.0	0.0	0.0	0.0	0.0	0.0	0.0	545.0	0.0	0.0	86.0	72.0	0.0	0.0	0.0	0.0	2.0	0.0	0.0	0.0	0.0	0.0	0.0	0.0	0.0	0.0	0.0	0.0	0.0	0.0	0.0	34.0	0.0	0.0	0.0	0.0	0.0	0.0	45.0	0.0	74.0	4.0	2.0	0.0	10.0	0.0	0.0	0.0	106.0	9.0	0.0	0.0	26.0	0.0	4.0	0.0	76.0	0.0	0.0	0.0	0.0	0.0	0.0	375.0	0.0	0.0	0.0	8.0	87.0	0.0	0.0	2767.0	18.0	0.0	0.0	0.0	0.0	0.0	0.0	0.0	0.0	0.0	0.0	0.0	0.0	10.0	0.0	0.0	0.0	0.0	0.0	0.0	0.0	0.0	0.0	0.0	11.0	0.0	8.0	139.0	0.0	0.0	0.0	0.0	0.0	10.0	0.0	0.0	0.0	0.0	0.0	0.0	0.0	0.0	0.0	0.0	51.0	0.0	191.0	3.0	340.0	0.0	0.0	2.0	0.0	11.0	0.0	0.0	0.0	0.0	8.0	0.0	894.0	0.0	0.0	0.0	0.0	0.0	0.0	749.0	0.0	0.0	0.0	4.0	0.0	0.0	0.0	0.0	0.0	0.0	0.0	0.0	0.0	0.0	0.0	0.0	47.0	0.0	11.0	0.0	0.0	0.0	0.0	0.0	0.0	0.0	4.0	0.0	0.0	0.0	0.0	0.0	0.0	0.0	0.0	0.0	0.0	0.0	0.0	0.0	0.0	0.0	0.0	0.0	0.0	0.0	0.0	0.0	12.0	0.0	0.0	0.0	0.0	0.0	0.0	0.0	0.0	0.0	0.0	0.0	0.0	0.0	0.0	0.0	0.0	0.0	0.0	0.0	0.0	0.0	0.0	0.0	0.0	0.0	0.0	0.0	0.0	0.0	0.0	0.0	0.0	0.0	0.0	0.0	0.0	0.0	0.0	0.0	0.0	0.0	0.0	0.0	0.0	0.0	0.0	0.0	0.0	0.0	0.0	0.0	0.0	0.0	0.0	0.0	0.0	0.0	0.0	0.0	0.0	0.0	0.0	0.0	0.0	0.0	0.0	0.0	0.0	0.0	0.0	0.0	0.0	0.0	0.0	0.0	0.0	0.0	0.0	0.0	0.0	0.0	0.0	0.0	0.0	0.0	0.0	0.0	0.0	0.0	0.0	0.0	0.0	0.0	0.0	0.0	0.0	0.0	0.0	0.0	0.0	0.0	0.0	0.0	0.0	0.0	0.0	0.0
SRR9612512	0.0	134.0	1033.0	14.0	0.0	1997.0	83.0	10.0	1181.0	96.0	0.0	21.0	220.0	67.0	10.0	309.0	20.0	48.0	110.0	243.0	195.0	0.0	71.0	276.0	1544.0	0.0	0.0	0.0	0.0	19.0	16.0	0.0	0.0	0.0	0.0	0.0	0.0	88.0	7.0	51.0	60.0	287.0	0.0	19.0	0.0	0.0	0.0	0.0	14.0	0.0	8.0	0.0	0.0	0.0	0.0	0.0	107.0	73.0	15.0	122.0	64.0	115.0	279.0	0.0	0.0	0.0	6.0	0.0	34.0	0.0	141.0	190.0	108.0	27.0	25.0	12.0	84.0	0.0	3.0	85.0	0.0	104.0	239.0	8.0	14.0	0.0	142.0	14.0	0.0	94.0	0.0	0.0	2.0	110.0	62.0	16.0	0.0	9.0	215.0	0.0	0.0	99.0	77.0	0.0	0.0	75.0	0.0	3.0	0.0	0.0	51.0	0.0	0.0	30.0	31.0	0.0	0.0	0.0	47.0	0.0	12.0	0.0	0.0	0.0	42.0	676.0	0.0	187.0	164.0	12.0	0.0	47.0	0.0	0.0	0.0	15.0	7.0	0.0	0.0	0.0	0.0	0.0	0.0	0.0	0.0	15.0	310.0	24.0	75.0	2.0	63.0	24.0	0.0	0.0	5.0	59.0	9.0	78.0	19.0	0.0	100.0	4.0	23.0	12.0	0.0	0.0	0.0	4.0	0.0	80.0	20.0	0.0	6.0	78.0	0.0	0.0	0.0	0.0	0.0	0.0	0.0	0.0	0.0	0.0	0.0	0.0	139.0	0.0	31.0	8.0	0.0	0.0	0.0	0.0	0.0	0.0	0.0	0.0	0.0	0.0	0.0	0.0	0.0	0.0	0.0	30.0	0.0	10.0	0.0	0.0	8.0	0.0	0.0	0.0	4.0	0.0	30.0	0.0	82.0	0.0	0.0	0.0	0.0	0.0	0.0	0.0	0.0	0.0	38.0	0.0	0.0	0.0	25.0	4.0	0.0	0.0	0.0	0.0	22.0	0.0	0.0	0.0	0.0	0.0	0.0	0.0	0.0	0.0	0.0	0.0	3.0	0.0	0.0	0.0	0.0	0.0	20.0	0.0	0.0	0.0	0.0	0.0	0.0	0.0	0.0	0.0	0.0	0.0	0.0	0.0	0.0	0.0	0.0	0.0	0.0	0.0	0.0	0.0	0.0	0.0	0.0	0.0	0.0	0.0	0.0	0.0	0.0	0.0	0.0	0.0	0.0	0.0	0.0	0.0	35.0	0.0	0.0	0.0	0.0	0.0	0.0	0.0	0.0	0.0	0.0	0.0	0.0	0.0	0.0	0.0	0.0	0.0	0.0	0.0	0.0	0.0	0.0	0.0	0.0	0.0	0.0	0.0	0.0	0.0	0.0	0.0
SRR9612515	0.0	114.0	1271.0	0.0	0.0	2827.0	160.0	11.0	1868.0	128.0	0.0	41.0	431.0	115.0	16.0	325.0	16.0	35.0	195.0	647.0	344.0	0.0	67.0	367.0	2317.0	0.0	26.0	7.0	5.0	26.0	7.0	32.0	0.0	5.0	27.0	0.0	0.0	110.0	40.0	0.0	127.0	345.0	6.0	649.0	34.0	3.0	2.0	0.0	60.0	0.0	16.0	9.0	0.0	0.0	0.0	0.0	79.0	115.0	19.0	165.0	47.0	287.0	323.0	0.0	0.0	0.0	0.0	33.0	98.0	0.0	248.0	729.0	84.0	22.0	59.0	20.0	98.0	0.0	9.0	153.0	0.0	161.0	521.0	0.0	20.0	15.0	145.0	6.0	0.0	131.0	19.0	0.0	0.0	134.0	36.0	11.0	0.0	24.0	201.0	0.0	0.0	73.0	40.0	0.0	0.0	160.0	0.0	0.0	0.0	0.0	54.0	0.0	15.0	9.0	0.0	4.0	0.0	0.0	51.0	18.0	14.0	0.0	0.0	0.0	148.0	603.0	0.0	178.0	216.0	55.0	0.0	38.0	0.0	5.0	0.0	33.0	8.0	0.0	0.0	0.0	7.0	27.0	0.0	0.0	7.0	22.0	376.0	19.0	64.0	0.0	66.0	26.0	0.0	0.0	9.0	41.0	61.0	68.0	44.0	5.0	134.0	2.0	0.0	12.0	6.0	0.0	0.0	2.0	10.0	15.0	14.0	0.0	16.0	135.0	28.0	0.0	0.0	6.0	0.0	0.0	4.0	0.0	0.0	4.0	0.0	0.0	232.0	45.0	31.0	5.0	16.0	0.0	0.0	0.0	16.0	0.0	0.0	0.0	0.0	0.0	8.0	0.0	4.0	0.0	0.0	15.0	0.0	0.0	0.0	0.0	29.0	0.0	0.0	0.0	0.0	27.0	0.0	0.0	76.0	0.0	0.0	0.0	0.0	0.0	0.0	5.0	3.0	0.0	63.0	0.0	0.0	0.0	27.0	8.0	0.0	0.0	0.0	0.0	18.0	0.0	0.0	0.0	0.0	0.0	0.0	0.0	0.0	0.0	0.0	0.0	0.0	0.0	0.0	0.0	0.0	0.0	20.0	2.0	0.0	0.0	0.0	0.0	0.0	0.0	0.0	0.0	0.0	0.0	0.0	0.0	0.0	0.0	0.0	4.0	0.0	0.0	0.0	0.0	0.0	0.0	0.0	0.0	0.0	0.0	0.0	0.0	0.0	0.0	0.0	0.0	0.0	0.0	0.0	0.0	25.0	0.0	0.0	0.0	0.0	0.0	0.0	0.0	0.0	0.0	0.0	0.0	0.0	0.0	0.0	0.0	0.0	0.0	0.0	0.0	0.0	0.0	0.0	0.0	0.0	0.0	4.0	0.0	0.0	0.0	0.0	0.0
SRR9612516	4.0	234.0	969.0	5.0	0.0	1958.0	78.0	0.0	1195.0	217.0	0.0	11.0	311.0	111.0	0.0	196.0	17.0	37.0	174.0	302.0	934.0	0.0	14.0	143.0	1573.0	5.0	0.0	0.0	0.0	24.0	12.0	13.0	11.0	0.0	4.0	8.0	0.0	28.0	23.0	43.0	77.0	162.0	0.0	283.0	0.0	0.0	0.0	0.0	61.0	0.0	0.0	0.0	0.0	0.0	5.0	0.0	90.0	61.0	0.0	139.0	91.0	219.0	167.0	0.0	0.0	0.0	20.0	24.0	48.0	0.0	95.0	432.0	39.0	16.0	55.0	14.0	32.0	0.0	1.0	137.0	0.0	102.0	261.0	0.0	3.0	12.0	108.0	0.0	0.0	106.0	0.0	0.0	0.0	94.0	0.0	9.0	0.0	6.0	164.0	0.0	4.0	70.0	34.0	0.0	0.0	66.0	0.0	0.0	0.0	0.0	44.0	0.0	0.0	25.0	5.0	0.0	0.0	0.0	29.0	0.0	10.0	0.0	0.0	0.0	47.0	392.0	5.0	123.0	190.0	14.0	0.0	49.0	0.0	0.0	3.0	22.0	0.0	0.0	0.0	0.0	0.0	0.0	0.0	0.0	4.0	22.0	351.0	28.0	51.0	0.0	76.0	9.0	0.0	0.0	0.0	40.0	10.0	57.0	15.0	0.0	119.0	0.0	0.0	5.0	3.0	0.0	0.0	0.0	0.0	25.0	9.0	0.0	31.0	81.0	0.0	0.0	0.0	0.0	0.0	0.0	4.0	0.0	0.0	0.0	0.0	0.0	117.0	115.0	25.0	0.0	0.0	0.0	2.0	0.0	5.0	0.0	0.0	0.0	0.0	0.0	0.0	0.0	0.0	0.0	0.0	9.0	15.0	3.0	0.0	0.0	0.0	0.0	0.0	0.0	0.0	6.0	0.0	0.0	46.0	0.0	0.0	0.0	0.0	0.0	0.0	0.0	0.0	0.0	51.0	0.0	0.0	0.0	15.0	0.0	0.0	0.0	0.0	0.0	0.0	0.0	0.0	0.0	0.0	0.0	0.0	0.0	0.0	0.0	7.0	0.0	0.0	0.0	0.0	0.0	0.0	0.0	15.0	0.0	0.0	0.0	0.0	0.0	0.0	0.0	0.0	0.0	0.0	0.0	0.0	0.0	0.0	0.0	0.0	0.0	0.0	0.0	0.0	0.0	0.0	0.0	0.0	0.0	0.0	0.0	0.0	0.0	0.0	0.0	0.0	0.0	0.0	0.0	0.0	0.0	7.0	0.0	0.0	0.0	0.0	0.0	0.0	0.0	0.0	0.0	0.0	0.0	0.0	0.0	0.0	0.0	0.0	0.0	0.0	0.0	0.0	0.0	0.0	0.0	0.0	0.0	0.0	0.0	0.0	0.0	0.0	0.0
SRR9612517	0.0	63.0	1038.0	11.0	0.0	2446.0	152.0	0.0	1977.0	173.0	0.0	28.0	315.0	128.0	9.0	410.0	29.0	8.0	158.0	679.0	231.0	3.0	70.0	311.0	2421.0	0.0	3.0	16.0	0.0	32.0	8.0	45.0	0.0	0.0	0.0	0.0	0.0	118.0	16.0	31.0	73.0	214.0	42.0	13.0	8.0	0.0	4.0	0.0	15.0	0.0	10.0	0.0	0.0	0.0	0.0	0.0	100.0	70.0	9.0	250.0	40.0	190.0	254.0	0.0	0.0	0.0	5.0	27.0	102.0	0.0	253.0	875.0	69.0	12.0	88.0	3.0	87.0	0.0	0.0	78.0	0.0	82.0	568.0	0.0	33.0	7.0	222.0	23.0	0.0	108.0	23.0	0.0	0.0	98.0	24.0	0.0	0.0	42.0	242.0	0.0	11.0	255.0	0.0	0.0	0.0	230.0	0.0	0.0	0.0	0.0	38.0	0.0	5.0	27.0	0.0	0.0	0.0	0.0	29.0	24.0	24.0	0.0	0.0	0.0	149.0	564.0	3.0	165.0	280.0	48.0	0.0	32.0	0.0	0.0	0.0	24.0	0.0	0.0	0.0	0.0	0.0	0.0	0.0	0.0	0.0	7.0	229.0	41.0	34.0	0.0	97.0	16.0	0.0	0.0	2.0	50.0	29.0	99.0	12.0	0.0	94.0	0.0	0.0	7.0	0.0	0.0	0.0	0.0	18.0	0.0	0.0	0.0	15.0	85.0	16.0	0.0	0.0	0.0	0.0	0.0	12.0	0.0	0.0	0.0	0.0	0.0	125.0	14.0	36.0	16.0	7.0	0.0	3.0	0.0	3.0	0.0	0.0	0.0	0.0	0.0	8.0	0.0	0.0	0.0	0.0	21.0	0.0	10.0	0.0	0.0	39.0	0.0	0.0	0.0	0.0	0.0	0.0	0.0	95.0	0.0	0.0	0.0	0.0	0.0	0.0	0.0	0.0	0.0	57.0	0.0	0.0	0.0	15.0	0.0	0.0	0.0	0.0	0.0	0.0	0.0	0.0	0.0	0.0	6.0	0.0	0.0	0.0	0.0	0.0	0.0	0.0	0.0	0.0	0.0	0.0	0.0	18.0	0.0	0.0	0.0	0.0	0.0	0.0	0.0	0.0	0.0	0.0	0.0	0.0	0.0	0.0	0.0	0.0	0.0	0.0	0.0	0.0	0.0	0.0	0.0	0.0	0.0	0.0	0.0	0.0	0.0	0.0	0.0	0.0	0.0	0.0	0.0	0.0	0.0	26.0	0.0	0.0	0.0	0.0	0.0	0.0	0.0	0.0	0.0	0.0	0.0	0.0	0.0	0.0	0.0	0.0	0.0	0.0	0.0	0.0	0.0	0.0	0.0	0.0	0.0	0.0	0.0	0.0	0.0	0.0	0.0
SRR9612518	0.0	109.0	921.0	0.0	3.0	2296.0	121.0	0.0	1664.0	188.0	0.0	10.0	272.0	129.0	0.0	348.0	36.0	24.0	110.0	513.0	535.0	0.0	39.0	173.0	1791.0	0.0	19.0	4.0	0.0	31.0	4.0	26.0	400.0	0.0	16.0	0.0	0.0	71.0	42.0	33.0	93.0	194.0	0.0	295.0	18.0	0.0	2.0	0.0	14.0	0.0	11.0	6.0	2.0	0.0	0.0	0.0	60.0	74.0	0.0	137.0	64.0	238.0	282.0	0.0	0.0	0.0	4.0	24.0	86.0	0.0	154.0	508.0	51.0	4.0	48.0	28.0	58.0	0.0	0.0	26.0	0.0	93.0	295.0	3.0	11.0	18.0	146.0	13.0	0.0	99.0	14.0	0.0	0.0	115.0	26.0	15.0	0.0	16.0	153.0	0.0	6.0	47.0	34.0	0.0	0.0	152.0	0.0	0.0	0.0	0.0	49.0	0.0	0.0	0.0	0.0	0.0	0.0	0.0	39.0	28.0	0.0	0.0	0.0	0.0	93.0	520.0	0.0	124.0	173.0	52.0	0.0	35.0	0.0	0.0	0.0	29.0	0.0	0.0	0.0	0.0	8.0	0.0	0.0	0.0	0.0	8.0	219.0	15.0	52.0	2.0	48.0	37.0	0.0	0.0	0.0	44.0	31.0	63.0	7.0	0.0	87.0	0.0	32.0	8.0	0.0	0.0	0.0	0.0	8.0	10.0	8.0	0.0	16.0	83.0	0.0	0.0	0.0	0.0	0.0	0.0	2.0	0.0	0.0	6.0	0.0	0.0	195.0	84.0	23.0	4.0	15.0	0.0	0.0	0.0	8.0	0.0	0.0	0.0	0.0	0.0	2.0	0.0	8.0	0.0	5.0	10.0	10.0	0.0	0.0	0.0	12.0	0.0	0.0	10.0	0.0	11.0	25.0	0.0	39.0	0.0	0.0	0.0	0.0	0.0	0.0	0.0	3.0	0.0	38.0	0.0	0.0	0.0	19.0	0.0	0.0	0.0	0.0	0.0	0.0	0.0	0.0	0.0	0.0	0.0	0.0	0.0	0.0	0.0	0.0	0.0	0.0	0.0	0.0	0.0	0.0	0.0	18.0	0.0	0.0	0.0	0.0	0.0	0.0	0.0	0.0	0.0	0.0	0.0	0.0	0.0	0.0	0.0	0.0	0.0	0.0	0.0	0.0	0.0	0.0	0.0	0.0	0.0	0.0	0.0	0.0	0.0	0.0	0.0	0.0	0.0	0.0	0.0	0.0	0.0	19.0	0.0	0.0	0.0	0.0	0.0	0.0	0.0	0.0	0.0	0.0	0.0	0.0	0.0	0.0	0.0	0.0	0.0	0.0	0.0	0.0	0.0	0.0	0.0	0.0	0.0	0.0	0.0	0.0	0.0	0.0	0.0
SRR9612519	0.0	30.0	3.0	0.0	132.0	0.0	0.0	0.0	6350.0	456.0	0.0	0.0	803.0	210.0	0.0	228.0	0.0	3.0	8.0	94.0	23.0	0.0	0.0	0.0	51.0	0.0	0.0	27.0	22.0	0.0	0.0	0.0	24.0	7.0	0.0	0.0	0.0	0.0	30.0	5.0	19.0	110.0	0.0	0.0	0.0	0.0	0.0	0.0	0.0	0.0	3.0	0.0	0.0	0.0	0.0	0.0	0.0	8.0	0.0	4.0	20.0	405.0	0.0	0.0	0.0	0.0	0.0	0.0	48.0	0.0	36.0	0.0	0.0	0.0	0.0	0.0	0.0	0.0	12.0	8.0	1.0	0.0	5.0	0.0	0.0	0.0	320.0	0.0	0.0	0.0	0.0	0.0	0.0	21.0	0.0	0.0	0.0	3.0	0.0	0.0	0.0	347.0	18.0	0.0	0.0	0.0	0.0	0.0	0.0	0.0	0.0	0.0	4.0	0.0	0.0	0.0	0.0	0.0	0.0	0.0	0.0	0.0	0.0	0.0	0.0	0.0	0.0	0.0	0.0	243.0	0.0	30.0	0.0	0.0	0.0	130.0	2.0	0.0	51.0	0.0	0.0	0.0	0.0	0.0	0.0	0.0	0.0	0.0	7.0	0.0	8.0	0.0	0.0	0.0	0.0	63.0	3.0	0.0	0.0	0.0	0.0	0.0	0.0	0.0	0.0	0.0	0.0	0.0	0.0	0.0	0.0	0.0	14.0	3.0	0.0	0.0	0.0	0.0	0.0	0.0	0.0	0.0	0.0	8.0	0.0	0.0	0.0	0.0	0.0	0.0	0.0	0.0	0.0	0.0	4.0	0.0	0.0	0.0	0.0	0.0	0.0	0.0	0.0	0.0	0.0	0.0	0.0	0.0	0.0	0.0	0.0	8.0	0.0	0.0	0.0	0.0	0.0	0.0	0.0	0.0	0.0	0.0	0.0	0.0	0.0	0.0	0.0	0.0	0.0	0.0	0.0	0.0	0.0	0.0	0.0	0.0	0.0	0.0	0.0	0.0	0.0	0.0	0.0	0.0	0.0	0.0	0.0	0.0	0.0	0.0	0.0	0.0	0.0	0.0	0.0	0.0	0.0	0.0	0.0	0.0	0.0	0.0	0.0	0.0	0.0	0.0	0.0	0.0	0.0	0.0	0.0	0.0	0.0	0.0	0.0	0.0	0.0	0.0	0.0	0.0	0.0	0.0	0.0	0.0	0.0	0.0	0.0	0.0	0.0	0.0	0.0	0.0	0.0	0.0	0.0	0.0	0.0	0.0	0.0	0.0	0.0	0.0	0.0	0.0	0.0	0.0	0.0	0.0	0.0	0.0	0.0	0.0	0.0	0.0	0.0	0.0	0.0	0.0	0.0	0.0	0.0	0.0	0.0	0.0	0.0	0.0
SRR9612521	0.0	201.0	1576.0	0.0	138.0	3005.0	177.0	0.0	4218.0	122.0	0.0	3.0	439.0	121.0	7.0	668.0	41.0	39.0	82.0	3578.0	97.0	0.0	31.0	443.0	2649.0	0.0	0.0	133.0	23.0	30.0	0.0	99.0	0.0	6.0	0.0	0.0	0.0	376.0	0.0	18.0	60.0	69.0	28.0	6.0	47.0	31.0	23.0	17.0	0.0	0.0	26.0	15.0	0.0	40.0	0.0	0.0	317.0	21.0	17.0	80.0	0.0	99.0	543.0	0.0	8.0	18.0	83.0	16.0	104.0	10.0	206.0	962.0	35.0	9.0	173.0	18.0	211.0	0.0	89.0	0.0	0.0	98.0	1011.0	30.0	56.0	0.0	158.0	0.0	0.0	129.0	69.0	0.0	0.0	41.0	16.0	9.0	9.0	12.0	199.0	19.0	9.0	35.0	53.0	5.0	0.0	442.0	0.0	0.0	0.0	0.0	47.0	0.0	0.0	6.0	0.0	23.0	6.0	7.0	38.0	13.0	0.0	0.0	0.0	0.0	290.0	670.0	4.0	197.0	120.0	35.0	0.0	34.0	55.0	18.0	0.0	7.0	0.0	0.0	0.0	0.0	64.0	0.0	2.0	13.0	14.0	16.0	480.0	0.0	45.0	0.0	60.0	75.0	2.0	7.0	0.0	49.0	386.0	127.0	14.0	0.0	132.0	0.0	29.0	5.0	25.0	0.0	13.0	0.0	15.0	0.0	17.0	0.0	0.0	106.0	82.0	0.0	0.0	12.0	0.0	0.0	3.0	0.0	0.0	0.0	0.0	0.0	226.0	0.0	52.0	0.0	9.0	17.0	0.0	0.0	0.0	0.0	76.0	0.0	5.0	0.0	88.0	0.0	13.0	0.0	0.0	22.0	16.0	0.0	0.0	0.0	25.0	0.0	20.0	0.0	0.0	0.0	63.0	0.0	14.0	0.0	0.0	0.0	0.0	0.0	0.0	0.0	0.0	0.0	60.0	22.0	0.0	0.0	24.0	9.0	0.0	0.0	0.0	0.0	0.0	0.0	0.0	0.0	0.0	0.0	0.0	0.0	0.0	0.0	0.0	0.0	0.0	0.0	0.0	0.0	17.0	14.0	17.0	0.0	12.0	0.0	13.0	0.0	0.0	0.0	0.0	0.0	0.0	0.0	0.0	0.0	0.0	0.0	0.0	0.0	0.0	0.0	0.0	0.0	0.0	0.0	4.0	0.0	0.0	0.0	0.0	0.0	0.0	0.0	0.0	0.0	0.0	0.0	0.0	0.0	29.0	0.0	0.0	4.0	0.0	0.0	0.0	0.0	0.0	0.0	0.0	0.0	0.0	0.0	0.0	0.0	4.0	0.0	0.0	0.0	0.0	0.0	0.0	0.0	0.0	0.0	0.0	0.0	0.0	0.0	0.0	0.0
SRR9612522	0.0	134.0	827.0	0.0	47.0	2568.0	122.0	4.0	4972.0	95.0	0.0	4.0	353.0	79.0	5.0	396.0	28.0	8.0	39.0	2014.0	154.0	0.0	4.0	375.0	1869.0	6.0	0.0	53.0	29.0	24.0	0.0	161.0	0.0	5.0	0.0	0.0	0.0	141.0	3.0	4.0	79.0	216.0	29.0	40.0	33.0	11.0	4.0	5.0	5.0	0.0	15.0	6.0	0.0	12.0	0.0	10.0	185.0	55.0	0.0	187.0	0.0	129.0	313.0	0.0	7.0	2.0	30.0	37.0	163.0	8.0	323.0	906.0	74.0	10.0	94.0	39.0	66.0	7.0	39.0	8.0	14.0	57.0	844.0	9.0	41.0	14.0	118.0	0.0	0.0	94.0	45.0	0.0	0.0	85.0	12.0	0.0	4.0	5.0	143.0	5.0	3.0	43.0	45.0	8.0	0.0	345.0	0.0	0.0	3.0	0.0	40.0	0.0	3.0	29.0	28.0	0.0	0.0	8.0	45.0	19.0	0.0	0.0	0.0	0.0	212.0	794.0	0.0	151.0	170.0	30.0	0.0	27.0	24.0	10.0	4.0	0.0	0.0	0.0	0.0	0.0	0.0	0.0	0.0	0.0	8.0	10.0	307.0	0.0	100.0	0.0	42.0	34.0	7.0	0.0	0.0	46.0	183.0	101.0	0.0	0.0	72.0	0.0	20.0	7.0	20.0	0.0	4.0	0.0	16.0	5.0	11.0	0.0	0.0	70.0	35.0	0.0	0.0	7.0	0.0	0.0	6.0	0.0	0.0	0.0	0.0	2.0	185.0	0.0	16.0	0.0	12.0	0.0	0.0	0.0	0.0	0.0	60.0	0.0	0.0	0.0	51.0	2.0	16.0	0.0	8.0	22.0	5.0	3.0	0.0	5.0	21.0	0.0	2.0	0.0	0.0	0.0	57.0	0.0	65.0	0.0	0.0	0.0	0.0	0.0	0.0	3.0	0.0	0.0	18.0	39.0	0.0	0.0	16.0	0.0	0.0	0.0	0.0	0.0	0.0	0.0	0.0	0.0	0.0	0.0	0.0	0.0	0.0	0.0	0.0	0.0	0.0	0.0	0.0	0.0	0.0	0.0	10.0	2.0	0.0	0.0	0.0	0.0	9.0	0.0	0.0	0.0	0.0	0.0	0.0	0.0	0.0	0.0	0.0	0.0	0.0	0.0	0.0	0.0	0.0	0.0	0.0	0.0	0.0	0.0	0.0	0.0	0.0	0.0	0.0	0.0	0.0	0.0	0.0	0.0	15.0	0.0	0.0	0.0	0.0	0.0	0.0	0.0	0.0	0.0	0.0	0.0	0.0	0.0	0.0	0.0	0.0	0.0	0.0	0.0	0.0	0.0	0.0	0.0	0.0	0.0	0.0	3.0	0.0	0.0	0.0	0.0
SRR9612523	0.0	226.0	7.0	0.0	8.0	25.0	0.0	0.0	4548.0	174.0	4.0	16.0	993.0	321.0	0.0	895.0	0.0	0.0	5.0	2672.0	20.0	0.0	0.0	18.0	77.0	0.0	0.0	143.0	12.0	0.0	0.0	0.0	0.0	66.0	0.0	0.0	30.0	122.0	133.0	0.0	21.0	68.0	0.0	0.0	0.0	0.0	0.0	0.0	0.0	0.0	0.0	0.0	0.0	0.0	0.0	0.0	0.0	12.0	0.0	0.0	40.0	702.0	0.0	0.0	0.0	0.0	79.0	0.0	106.0	5.0	114.0	15.0	3.0	3.0	49.0	0.0	0.0	0.0	155.0	14.0	99.0	8.0	21.0	0.0	0.0	0.0	487.0	0.0	0.0	0.0	3.0	0.0	0.0	44.0	0.0	0.0	0.0	22.0	46.0	0.0	0.0	216.0	32.0	0.0	0.0	0.0	0.0	0.0	0.0	0.0	0.0	0.0	0.0	0.0	0.0	0.0	4.0	0.0	0.0	0.0	0.0	0.0	0.0	0.0	0.0	0.0	0.0	13.0	0.0	253.0	0.0	16.0	23.0	0.0	0.0	0.0	2.0	0.0	0.0	0.0	3.0	0.0	0.0	0.0	0.0	0.0	0.0	0.0	17.0	0.0	12.0	0.0	0.0	0.0	0.0	45.0	0.0	7.0	0.0	0.0	4.0	0.0	336.0	0.0	0.0	0.0	0.0	0.0	0.0	0.0	0.0	0.0	0.0	8.0	0.0	0.0	0.0	0.0	0.0	0.0	0.0	0.0	0.0	9.0	0.0	0.0	0.0	0.0	0.0	0.0	0.0	4.0	0.0	0.0	0.0	0.0	127.0	0.0	0.0	0.0	0.0	0.0	0.0	0.0	0.0	0.0	0.0	0.0	0.0	0.0	0.0	0.0	0.0	0.0	0.0	0.0	0.0	0.0	0.0	0.0	0.0	0.0	0.0	0.0	0.0	0.0	2.0	0.0	0.0	0.0	0.0	0.0	0.0	0.0	0.0	0.0	0.0	0.0	0.0	0.0	0.0	0.0	0.0	0.0	0.0	0.0	0.0	0.0	0.0	0.0	0.0	0.0	0.0	0.0	0.0	0.0	0.0	0.0	0.0	0.0	0.0	0.0	0.0	0.0	0.0	0.0	0.0	0.0	0.0	0.0	0.0	0.0	0.0	0.0	0.0	0.0	0.0	0.0	0.0	0.0	0.0	0.0	0.0	0.0	0.0	0.0	0.0	0.0	0.0	0.0	0.0	0.0	0.0	0.0	0.0	0.0	0.0	0.0	0.0	0.0	0.0	0.0	0.0	0.0	0.0	0.0	0.0	0.0	0.0	0.0	0.0	0.0	0.0	0.0	0.0	0.0	0.0	0.0	0.0	0.0	0.0	0.0	0.0	0.0	0.0	0.0
SRR9612524	0.0	14.0	12.0	0.0	1526.0	0.0	13.0	0.0	5620.0	130.0	0.0	7.0	700.0	3121.0	3.0	273.0	0.0	12.0	9.0	467.0	18.0	0.0	0.0	12.0	24.0	0.0	0.0	277.0	16.0	0.0	0.0	11.0	0.0	41.0	0.0	0.0	0.0	23.0	84.0	0.0	7.0	37.0	163.0	0.0	0.0	0.0	2.0	0.0	0.0	0.0	0.0	4.0	0.0	0.0	0.0	0.0	0.0	32.0	0.0	0.0	16.0	247.0	2.0	0.0	0.0	0.0	85.0	695.0	206.0	112.0	76.0	32.0	0.0	0.0	12.0	2.0	0.0	35.0	35.0	0.0	277.0	0.0	407.0	0.0	0.0	0.0	355.0	0.0	0.0	0.0	0.0	0.0	0.0	25.0	0.0	0.0	0.0	5.0	14.0	0.0	0.0	257.0	77.0	0.0	0.0	0.0	0.0	0.0	0.0	0.0	0.0	0.0	0.0	0.0	0.0	0.0	7.0	0.0	0.0	7.0	0.0	0.0	0.0	0.0	30.0	0.0	3.0	9.0	0.0	375.0	0.0	4.0	37.0	0.0	0.0	0.0	4.0	0.0	27.0	0.0	88.0	0.0	0.0	0.0	0.0	0.0	15.0	5.0	0.0	0.0	0.0	0.0	0.0	0.0	0.0	14.0	0.0	0.0	0.0	0.0	2.0	0.0	166.0	0.0	3.0	0.0	0.0	0.0	0.0	0.0	0.0	0.0	0.0	0.0	0.0	32.0	0.0	0.0	0.0	0.0	0.0	0.0	0.0	0.0	0.0	0.0	0.0	0.0	0.0	0.0	0.0	0.0	0.0	0.0	0.0	0.0	709.0	0.0	0.0	0.0	0.0	0.0	0.0	0.0	0.0	0.0	0.0	0.0	0.0	0.0	0.0	4.0	13.0	0.0	0.0	0.0	0.0	0.0	1.0	0.0	0.0	0.0	0.0	0.0	0.0	0.0	0.0	0.0	0.0	0.0	0.0	0.0	0.0	0.0	0.0	0.0	0.0	0.0	0.0	0.0	0.0	0.0	0.0	0.0	0.0	0.0	0.0	0.0	0.0	0.0	0.0	0.0	0.0	0.0	0.0	0.0	0.0	0.0	0.0	0.0	0.0	0.0	0.0	0.0	0.0	0.0	0.0	0.0	0.0	0.0	0.0	0.0	0.0	0.0	0.0	0.0	0.0	0.0	0.0	0.0	0.0	0.0	0.0	0.0	0.0	0.0	0.0	0.0	0.0	0.0	0.0	0.0	0.0	0.0	0.0	0.0	0.0	0.0	0.0	0.0	0.0	0.0	0.0	0.0	0.0	0.0	0.0	0.0	0.0	0.0	0.0	0.0	0.0	0.0	0.0	0.0	0.0	0.0	0.0	0.0	0.0	0.0	0.0	0.0	0.0	0.0
SRR9612525	0.0	118.0	28.0	10.0	10.0	57.0	0.0	0.0	3906.0	419.0	0.0	26.0	1478.0	249.0	0.0	1393.0	5.0	5.0	37.0	1285.0	114.0	0.0	0.0	26.0	157.0	0.0	0.0	129.0	11.0	6.0	0.0	0.0	0.0	0.0	0.0	0.0	0.0	50.0	343.0	7.0	31.0	84.0	22.0	17.0	0.0	0.0	0.0	0.0	0.0	0.0	0.0	0.0	0.0	0.0	0.0	0.0	0.0	52.0	0.0	8.0	42.0	445.0	0.0	0.0	0.0	0.0	130.0	0.0	257.0	7.0	206.0	36.0	0.0	4.0	29.0	0.0	6.0	0.0	31.0	13.0	18.0	0.0	19.0	0.0	4.0	0.0	538.0	0.0	0.0	0.0	0.0	0.0	0.0	7.0	3.0	0.0	0.0	28.0	41.0	0.0	0.0	160.0	33.0	0.0	0.0	9.0	0.0	0.0	0.0	0.0	0.0	0.0	2.0	18.0	0.0	0.0	0.0	0.0	19.0	0.0	0.0	0.0	0.0	0.0	0.0	0.0	0.0	0.0	10.0	1115.0	0.0	10.0	7.0	0.0	0.0	0.0	0.0	0.0	0.0	0.0	0.0	0.0	0.0	0.0	0.0	0.0	0.0	0.0	0.0	6.0	28.0	0.0	0.0	0.0	0.0	96.0	0.0	0.0	0.0	0.0	14.0	0.0	263.0	0.0	0.0	0.0	0.0	0.0	0.0	16.0	0.0	0.0	28.0	39.0	0.0	0.0	0.0	0.0	0.0	0.0	0.0	0.0	0.0	31.0	0.0	0.0	69.0	0.0	0.0	0.0	0.0	0.0	0.0	0.0	7.0	0.0	6.0	0.0	0.0	0.0	0.0	0.0	0.0	0.0	0.0	0.0	0.0	3.0	0.0	0.0	0.0	0.0	0.0	0.0	0.0	3.0	0.0	0.0	18.0	0.0	0.0	0.0	0.0	0.0	0.0	0.0	0.0	0.0	0.0	0.0	0.0	0.0	0.0	0.0	0.0	0.0	0.0	0.0	0.0	0.0	0.0	0.0	0.0	0.0	0.0	0.0	0.0	0.0	0.0	0.0	0.0	0.0	0.0	0.0	0.0	0.0	0.0	0.0	0.0	0.0	0.0	0.0	0.0	0.0	0.0	0.0	0.0	0.0	0.0	0.0	0.0	0.0	0.0	0.0	0.0	0.0	0.0	0.0	0.0	0.0	2.0	0.0	0.0	0.0	0.0	0.0	0.0	0.0	0.0	0.0	0.0	0.0	0.0	0.0	0.0	0.0	0.0	0.0	0.0	0.0	0.0	0.0	0.0	0.0	0.0	0.0	0.0	0.0	0.0	0.0	0.0	0.0	0.0	0.0	0.0	0.0	0.0	0.0	0.0	0.0	0.0	0.0	0.0	0.0	0.0	0.0
SRR9612526	0.0	519.0	14.0	6.0	5.0	27.0	0.0	0.0	8835.0	366.0	0.0	79.0	451.0	278.0	0.0	488.0	0.0	3.0	15.0	2101.0	82.0	0.0	2.0	0.0	136.0	0.0	0.0	86.0	0.0	0.0	0.0	14.0	0.0	19.0	0.0	0.0	0.0	4.0	50.0	61.0	26.0	55.0	0.0	0.0	12.0	0.0	0.0	0.0	0.0	0.0	0.0	0.0	0.0	0.0	0.0	0.0	3.0	44.0	0.0	5.0	5.0	337.0	7.0	0.0	0.0	0.0	20.0	0.0	105.0	0.0	176.0	0.0	0.0	0.0	29.0	4.0	0.0	0.0	7.0	2.0	69.0	8.0	3.0	0.0	0.0	0.0	504.0	0.0	4.0	0.0	0.0	0.0	0.0	9.0	0.0	7.0	0.0	7.0	9.0	0.0	0.0	790.0	29.0	0.0	0.0	0.0	0.0	0.0	0.0	0.0	5.0	0.0	0.0	0.0	0.0	4.0	0.0	0.0	15.0	4.0	0.0	0.0	0.0	0.0	0.0	0.0	0.0	0.0	6.0	436.0	0.0	50.0	34.0	0.0	0.0	0.0	0.0	0.0	31.0	0.0	0.0	0.0	0.0	0.0	0.0	0.0	23.0	2.0	0.0	0.0	40.0	0.0	0.0	0.0	0.0	209.0	0.0	10.0	0.0	0.0	10.0	0.0	619.0	0.0	0.0	0.0	0.0	0.0	0.0	0.0	0.0	0.0	5.0	8.0	0.0	0.0	0.0	0.0	0.0	10.0	0.0	0.0	0.0	39.0	0.0	0.0	16.0	0.0	7.0	0.0	0.0	0.0	0.0	0.0	0.0	0.0	1005.0	0.0	0.0	0.0	7.0	0.0	12.0	0.0	1.0	0.0	0.0	10.0	0.0	0.0	0.0	0.0	8.0	0.0	0.0	5.0	0.0	0.0	0.0	0.0	0.0	0.0	0.0	0.0	0.0	0.0	0.0	0.0	0.0	0.0	0.0	0.0	0.0	0.0	0.0	0.0	0.0	0.0	0.0	0.0	0.0	0.0	0.0	0.0	0.0	0.0	0.0	0.0	0.0	0.0	0.0	0.0	0.0	0.0	0.0	0.0	0.0	0.0	0.0	0.0	0.0	0.0	0.0	0.0	0.0	0.0	0.0	0.0	0.0	0.0	0.0	0.0	0.0	0.0	0.0	0.0	0.0	0.0	0.0	0.0	0.0	0.0	0.0	0.0	0.0	0.0	0.0	0.0	0.0	0.0	0.0	0.0	0.0	0.0	0.0	0.0	0.0	0.0	0.0	0.0	0.0	0.0	0.0	0.0	0.0	0.0	0.0	0.0	0.0	0.0	0.0	0.0	0.0	0.0	0.0	0.0	0.0	0.0	0.0	0.0	0.0	0.0	0.0	0.0	0.0	0.0
SRR9612527	0.0	440.0	33.0	0.0	51.0	45.0	32.0	5.0	6494.0	320.0	0.0	14.0	712.0	6595.0	7.0	1322.0	7.0	4.0	2.0	113.0	23.0	0.0	0.0	110.0	280.0	0.0	0.0	93.0	10.0	153.0	0.0	9.0	0.0	8.0	0.0	0.0	3.0	16.0	330.0	11.0	23.0	1789.0	0.0	0.0	0.0	0.0	0.0	0.0	0.0	0.0	0.0	0.0	0.0	2.0	0.0	0.0	3.0	129.0	0.0	0.0	73.0	246.0	0.0	0.0	0.0	0.0	0.0	518.0	142.0	0.0	589.0	34.0	0.0	18.0	21.0	0.0	10.0	0.0	25.0	954.0	187.0	10.0	35.0	0.0	0.0	0.0	204.0	0.0	0.0	0.0	0.0	0.0	0.0	543.0	0.0	0.0	0.0	11.0	40.0	0.0	0.0	1352.0	354.0	0.0	0.0	11.0	0.0	0.0	0.0	0.0	8.0	0.0	0.0	11.0	9.0	0.0	0.0	0.0	10.0	8.0	0.0	0.0	0.0	0.0	20.0	13.0	7.0	12.0	0.0	299.0	0.0	354.0	0.0	0.0	0.0	0.0	204.0	0.0	17.0	0.0	0.0	0.0	0.0	0.0	0.0	0.0	17.0	0.0	8.0	0.0	177.0	0.0	0.0	0.0	0.0	302.0	0.0	8.0	3.0	0.0	23.0	0.0	125.0	0.0	0.0	0.0	0.0	0.0	0.0	92.0	4.0	0.0	0.0	23.0	0.0	0.0	0.0	0.0	0.0	19.0	6.0	0.0	0.0	12.0	0.0	0.0	52.0	0.0	0.0	0.0	0.0	0.0	0.0	0.0	0.0	0.0	17.0	0.0	0.0	0.0	0.0	0.0	18.0	0.0	8.0	0.0	0.0	0.0	0.0	0.0	0.0	0.0	0.0	0.0	0.0	0.0	0.0	0.0	19.0	0.0	0.0	0.0	0.0	0.0	0.0	0.0	0.0	0.0	0.0	0.0	0.0	0.0	0.0	0.0	0.0	0.0	0.0	0.0	0.0	0.0	0.0	0.0	0.0	0.0	0.0	0.0	0.0	0.0	0.0	0.0	0.0	0.0	0.0	2.0	0.0	0.0	0.0	0.0	0.0	0.0	0.0	0.0	0.0	0.0	0.0	0.0	0.0	0.0	0.0	0.0	0.0	0.0	0.0	0.0	0.0	0.0	0.0	0.0	0.0	0.0	0.0	0.0	0.0	0.0	0.0	0.0	0.0	0.0	0.0	0.0	0.0	0.0	0.0	0.0	0.0	0.0	0.0	0.0	0.0	0.0	0.0	0.0	0.0	5.0	0.0	0.0	0.0	46.0	0.0	0.0	0.0	0.0	0.0	0.0	0.0	0.0	4.0	0.0	0.0	0.0	0.0	0.0	0.0	0.0	0.0	0.0
SRR9612528	0.0	72.0	22.0	0.0	0.0	0.0	0.0	0.0	3211.0	163.0	0.0	0.0	876.0	177.0	0.0	544.0	3.0	0.0	0.0	3844.0	27.0	0.0	6.0	10.0	93.0	0.0	0.0	131.0	15.0	0.0	0.0	26.0	0.0	24.0	0.0	0.0	0.0	59.0	3.0	5.0	12.0	0.0	0.0	0.0	0.0	0.0	0.0	0.0	0.0	0.0	0.0	0.0	0.0	0.0	0.0	0.0	2.0	7.0	0.0	0.0	8.0	135.0	5.0	0.0	0.0	0.0	3.0	0.0	118.0	0.0	76.0	13.0	2.0	0.0	65.0	0.0	0.0	0.0	64.0	0.0	110.0	10.0	19.0	0.0	0.0	0.0	221.0	0.0	0.0	0.0	0.0	0.0	0.0	12.0	0.0	0.0	0.0	5.0	48.0	2.0	0.0	9.0	0.0	0.0	0.0	0.0	0.0	0.0	0.0	0.0	4.0	0.0	0.0	4.0	4.0	0.0	0.0	0.0	0.0	0.0	0.0	0.0	0.0	0.0	0.0	11.0	0.0	5.0	4.0	170.0	0.0	0.0	76.0	0.0	0.0	7.0	0.0	0.0	0.0	0.0	0.0	0.0	0.0	0.0	0.0	0.0	29.0	0.0	0.0	0.0	0.0	0.0	0.0	0.0	0.0	24.0	0.0	5.0	0.0	0.0	9.0	0.0	177.0	0.0	0.0	0.0	0.0	0.0	8.0	0.0	0.0	0.0	0.0	0.0	0.0	0.0	0.0	0.0	0.0	5.0	0.0	0.0	0.0	18.0	0.0	0.0	20.0	0.0	0.0	0.0	0.0	0.0	0.0	0.0	0.0	0.0	250.0	0.0	0.0	0.0	0.0	0.0	0.0	0.0	0.0	0.0	0.0	0.0	0.0	0.0	0.0	0.0	0.0	0.0	0.0	0.0	0.0	0.0	0.0	0.0	0.0	0.0	0.0	0.0	0.0	0.0	0.0	0.0	0.0	0.0	0.0	0.0	0.0	0.0	0.0	0.0	0.0	0.0	0.0	0.0	0.0	0.0	0.0	0.0	0.0	0.0	0.0	0.0	0.0	2.0	0.0	0.0	0.0	0.0	0.0	0.0	0.0	0.0	0.0	0.0	0.0	0.0	0.0	0.0	0.0	0.0	0.0	0.0	0.0	0.0	0.0	0.0	0.0	0.0	0.0	0.0	0.0	0.0	0.0	0.0	0.0	0.0	0.0	0.0	0.0	0.0	0.0	0.0	0.0	0.0	0.0	0.0	0.0	0.0	4.0	0.0	0.0	0.0	0.0	0.0	0.0	0.0	0.0	0.0	0.0	0.0	0.0	0.0	0.0	0.0	0.0	0.0	0.0	0.0	0.0	0.0	0.0	0.0	0.0	0.0	0.0	0.0	0.0	0.0	0.0	0.0
SRR9612529	0.0	170.0	896.0	0.0	309.0	3784.0	202.0	80.0	5332.0	381.0	5.0	87.0	503.0	265.0	35.0	1488.0	34.0	44.0	139.0	1747.0	411.0	0.0	57.0	709.0	2306.0	5.0	0.0	149.0	26.0	24.0	30.0	160.0	12.0	0.0	6.0	5.0	0.0	167.0	240.0	26.0	201.0	583.0	108.0	676.0	76.0	5.0	0.0	0.0	37.0	0.0	37.0	0.0	0.0	0.0	6.0	0.0	375.0	138.0	50.0	783.0	251.0	670.0	529.0	0.0	0.0	21.0	125.0	26.0	331.0	4.0	648.0	812.0	140.0	17.0	99.0	139.0	158.0	20.0	14.0	188.0	21.0	203.0	947.0	39.0	48.0	14.0	388.0	8.0	0.0	168.0	28.0	0.0	3.0	272.0	43.0	51.0	0.0	269.0	262.0	0.0	0.0	295.0	116.0	0.0	5.0	372.0	16.0	0.0	0.0	0.0	59.0	0.0	10.0	264.0	12.0	0.0	11.0	0.0	319.0	20.0	0.0	0.0	0.0	0.0	120.0	891.0	12.0	202.0	408.0	271.0	0.0	106.0	0.0	9.0	6.0	9.0	13.0	0.0	0.0	0.0	44.0	12.0	0.0	0.0	4.0	21.0	598.0	32.0	63.0	0.0	35.0	146.0	0.0	0.0	3.0	172.0	49.0	147.0	42.0	0.0	123.0	2.0	72.0	29.0	0.0	0.0	0.0	0.0	4.0	8.0	43.0	0.0	20.0	80.0	0.0	45.0	0.0	17.0	0.0	0.0	9.0	0.0	1.0	91.0	0.0	0.0	339.0	0.0	355.0	0.0	32.0	0.0	0.0	0.0	13.0	0.0	24.0	0.0	0.0	0.0	16.0	0.0	47.0	0.0	71.0	92.0	11.0	4.0	0.0	0.0	22.0	10.0	0.0	0.0	0.0	0.0	79.0	0.0	63.0	0.0	0.0	0.0	0.0	0.0	0.0	19.0	0.0	0.0	78.0	0.0	0.0	0.0	19.0	10.0	0.0	0.0	0.0	0.0	0.0	0.0	0.0	0.0	0.0	8.0	0.0	0.0	0.0	0.0	6.0	0.0	0.0	0.0	0.0	0.0	15.0	0.0	54.0	0.0	0.0	0.0	0.0	0.0	0.0	0.0	0.0	0.0	0.0	0.0	0.0	0.0	0.0	0.0	0.0	0.0	0.0	0.0	0.0	0.0	0.0	0.0	0.0	0.0	0.0	0.0	0.0	0.0	0.0	0.0	0.0	0.0	0.0	0.0	0.0	0.0	43.0	0.0	0.0	0.0	0.0	0.0	0.0	0.0	0.0	0.0	0.0	0.0	0.0	0.0	0.0	0.0	0.0	0.0	0.0	0.0	0.0	0.0	0.0	0.0	0.0	0.0	0.0	0.0	0.0	0.0	0.0	0.0
SRR9612530	0.0	452.0	1877.0	8.0	159.0	4919.0	243.0	23.0	5541.0	302.0	0.0	54.0	599.0	256.0	10.0	1591.0	72.0	56.0	147.0	2464.0	313.0	0.0	118.0	761.0	3806.0	11.0	8.0	76.0	15.0	42.0	86.0	123.0	0.0	21.0	24.0	0.0	10.0	308.0	18.0	39.0	140.0	343.0	66.0	131.0	54.0	0.0	11.0	0.0	23.0	16.0	83.0	9.0	0.0	15.0	5.0	0.0	709.0	129.0	46.0	317.0	57.0	507.0	966.0	0.0	14.0	13.0	76.0	67.0	256.0	0.0	558.0	1280.0	128.0	53.0	180.0	98.0	278.0	0.0	52.0	81.0	20.0	207.0	1032.0	27.0	55.0	36.0	425.0	5.0	0.0	247.0	58.0	0.0	3.0	322.0	70.0	87.0	2.0	33.0	298.0	0.0	7.0	136.0	198.0	0.0	2.0	402.0	11.0	0.0	0.0	0.0	124.0	6.0	3.0	91.0	19.0	19.0	0.0	0.0	804.0	39.0	31.0	0.0	0.0	0.0	314.0	1459.0	18.0	348.0	328.0	96.0	0.0	119.0	35.0	28.0	6.0	0.0	6.0	0.0	0.0	0.0	38.0	18.0	0.0	0.0	10.0	20.0	824.0	28.0	112.0	0.0	103.0	204.0	2.0	7.0	2.0	121.0	266.0	284.0	25.0	0.0	161.0	0.0	41.0	8.0	24.0	0.0	11.0	10.0	12.0	9.0	32.0	0.0	0.0	127.0	41.0	0.0	0.0	14.0	0.0	13.0	34.0	0.0	0.0	36.0	0.0	0.0	303.0	12.0	70.0	4.0	4.0	0.0	0.0	0.0	7.0	0.0	541.0	0.0	2.0	0.0	61.0	0.0	23.0	0.0	53.0	45.0	14.0	13.0	0.0	0.0	30.0	0.0	83.0	0.0	36.0	0.0	131.0	5.0	105.0	0.0	0.0	0.0	0.0	0.0	0.0	15.0	0.0	0.0	76.0	19.0	0.0	16.0	43.0	16.0	0.0	0.0	0.0	0.0	0.0	0.0	0.0	0.0	0.0	0.0	0.0	0.0	0.0	0.0	0.0	0.0	6.0	0.0	0.0	0.0	9.0	4.0	62.0	4.0	0.0	0.0	0.0	0.0	4.0	0.0	2.0	0.0	0.0	0.0	0.0	0.0	0.0	0.0	0.0	0.0	0.0	0.0	0.0	0.0	0.0	0.0	7.0	0.0	0.0	0.0	0.0	0.0	0.0	0.0	0.0	0.0	0.0	0.0	0.0	0.0	49.0	0.0	0.0	0.0	0.0	0.0	0.0	0.0	0.0	0.0	0.0	0.0	0.0	0.0	0.0	0.0	0.0	0.0	0.0	0.0	0.0	0.0	0.0	0.0	0.0	0.0	0.0	0.0	0.0	0.0	0.0	0.0
SRR9612531	0.0	658.0	1949.0	0.0	7.0	8495.0	274.0	42.0	2939.0	1032.0	3.0	42.0	1247.0	475.0	3.0	2109.0	105.0	58.0	168.0	1393.0	322.0	0.0	143.0	671.0	3677.0	17.0	37.0	19.0	46.0	81.0	191.0	214.0	0.0	14.0	27.0	4.0	0.0	398.0	9.0	40.0	155.0	567.0	7.0	62.0	60.0	0.0	0.0	7.0	8.0	0.0	21.0	9.0	0.0	0.0	9.0	0.0	397.0	171.0	36.0	328.0	85.0	609.0	321.0	0.0	0.0	11.0	6.0	49.0	182.0	0.0	838.0	1130.0	129.0	55.0	183.0	86.0	332.0	0.0	84.0	25.0	24.0	301.0	647.0	38.0	37.0	42.0	930.0	7.0	0.0	269.0	65.0	0.0	0.0	291.0	66.0	25.0	0.0	39.0	375.0	0.0	0.0	297.0	169.0	0.0	5.0	693.0	25.0	0.0	0.0	0.0	105.0	0.0	14.0	43.0	75.0	0.0	4.0	9.0	469.0	51.0	34.0	3.0	0.0	0.0	158.0	1272.0	62.0	492.0	432.0	163.0	0.0	185.0	0.0	16.0	2.0	0.0	0.0	0.0	0.0	0.0	0.0	26.0	0.0	0.0	5.0	13.0	1126.0	18.0	255.0	0.0	310.0	485.0	0.0	4.0	12.0	191.0	35.0	209.0	22.0	0.0	362.0	0.0	44.0	12.0	0.0	0.0	0.0	0.0	37.0	71.0	78.0	0.0	0.0	236.0	16.0	0.0	0.0	0.0	0.0	37.0	36.0	0.0	0.0	162.0	8.0	0.0	407.0	66.0	65.0	0.0	29.0	0.0	0.0	0.0	0.0	0.0	14.0	0.0	0.0	0.0	16.0	0.0	60.0	0.0	109.0	31.0	10.0	7.0	0.0	0.0	17.0	0.0	0.0	0.0	0.0	0.0	197.0	0.0	147.0	0.0	0.0	0.0	0.0	0.0	0.0	0.0	5.0	0.0	27.0	0.0	0.0	0.0	61.0	9.0	0.0	0.0	11.0	0.0	0.0	0.0	0.0	0.0	0.0	0.0	5.0	0.0	0.0	0.0	0.0	0.0	2.0	0.0	0.0	0.0	0.0	0.0	66.0	0.0	0.0	0.0	0.0	0.0	0.0	0.0	0.0	0.0	0.0	0.0	0.0	0.0	4.0	0.0	0.0	0.0	7.0	0.0	0.0	0.0	0.0	0.0	0.0	0.0	0.0	0.0	0.0	0.0	0.0	0.0	0.0	0.0	0.0	0.0	0.0	0.0	63.0	0.0	0.0	0.0	0.0	0.0	0.0	0.0	0.0	0.0	0.0	0.0	0.0	0.0	0.0	0.0	0.0	0.0	0.0	0.0	0.0	0.0	0.0	0.0	0.0	0.0	0.0	0.0	0.0	0.0	0.0	0.0
SRR9612532	0.0	626.0	1696.0	0.0	58.0	6042.0	195.0	109.0	6426.0	421.0	0.0	63.0	612.0	319.0	11.0	892.0	38.0	30.0	103.0	2393.0	292.0	0.0	123.0	738.0	3647.0	15.0	20.0	0.0	23.0	47.0	90.0	139.0	6.0	7.0	0.0	0.0	7.0	270.0	0.0	59.0	158.0	540.0	0.0	0.0	40.0	11.0	0.0	4.0	30.0	38.0	63.0	26.0	0.0	6.0	0.0	0.0	611.0	140.0	83.0	634.0	69.0	642.0	948.0	0.0	0.0	0.0	13.0	39.0	184.0	9.0	505.0	1087.0	130.0	14.0	180.0	89.0	229.0	0.0	48.0	16.0	51.0	245.0	1107.0	20.0	49.0	62.0	511.0	8.0	0.0	333.0	79.0	0.0	0.0	398.0	35.0	96.0	0.0	13.0	238.0	0.0	0.0	128.0	195.0	3.0	0.0	498.0	35.0	0.0	0.0	0.0	169.0	0.0	0.0	203.0	18.0	7.0	8.0	6.0	640.0	9.0	24.0	0.0	0.0	0.0	265.0	1535.0	0.0	422.0	301.0	42.0	0.0	154.0	12.0	33.0	8.0	0.0	0.0	0.0	0.0	0.0	3.0	21.0	7.0	0.0	10.0	0.0	1080.0	123.0	140.0	0.0	104.0	367.0	0.0	0.0	5.0	124.0	88.0	266.0	78.0	0.0	204.0	0.0	23.0	17.0	30.0	0.0	0.0	11.0	37.0	12.0	10.0	0.0	16.0	140.0	18.0	0.0	0.0	20.0	0.0	0.0	22.0	0.0	7.0	133.0	0.0	6.0	438.0	0.0	74.0	0.0	37.0	0.0	3.0	0.0	7.0	0.0	94.0	0.0	11.0	2.0	71.0	0.0	35.0	0.0	79.0	46.0	30.0	15.0	0.0	0.0	29.0	0.0	17.0	0.0	22.0	0.0	301.0	9.0	97.0	0.0	0.0	0.0	0.0	0.0	0.0	22.0	0.0	0.0	112.0	15.0	0.0	0.0	22.0	16.0	0.0	0.0	0.0	0.0	16.0	0.0	0.0	0.0	0.0	0.0	0.0	0.0	6.0	0.0	0.0	0.0	0.0	0.0	0.0	0.0	0.0	9.0	77.0	0.0	0.0	0.0	0.0	0.0	0.0	0.0	0.0	0.0	0.0	0.0	0.0	0.0	0.0	0.0	0.0	0.0	0.0	0.0	0.0	0.0	4.0	0.0	6.0	0.0	0.0	0.0	0.0	0.0	0.0	0.0	0.0	0.0	0.0	0.0	0.0	0.0	34.0	0.0	0.0	0.0	0.0	0.0	0.0	0.0	0.0	0.0	0.0	0.0	0.0	0.0	0.0	0.0	0.0	0.0	0.0	5.0	0.0	0.0	0.0	0.0	0.0	0.0	0.0	0.0	0.0	0.0	0.0	0.0
SRR9612541	0.0	530.0	3861.0	11.0	50.0	7417.0	146.0	12.0	7242.0	357.0	0.0	86.0	751.0	349.0	0.0	726.0	108.0	144.0	641.0	1499.0	906.0	2.0	223.0	713.0	4846.0	18.0	16.0	8.0	0.0	56.0	22.0	120.0	0.0	2.0	0.0	0.0	0.0	297.0	12.0	56.0	213.0	796.0	32.0	536.0	69.0	0.0	0.0	2.0	104.0	0.0	67.0	9.0	0.0	0.0	13.0	0.0	302.0	172.0	61.0	453.0	54.0	399.0	1039.0	0.0	0.0	0.0	29.0	57.0	338.0	6.0	420.0	1453.0	125.0	42.0	257.0	81.0	214.0	5.0	40.0	558.0	21.0	351.0	727.0	3.0	43.0	45.0	345.0	15.0	0.0	203.0	15.0	0.0	8.0	402.0	89.0	23.0	0.0	43.0	400.0	0.0	10.0	316.0	229.0	0.0	0.0	444.0	0.0	0.0	0.0	0.0	122.0	0.0	7.0	69.0	30.0	3.0	0.0	6.0	266.0	60.0	34.0	7.0	0.0	0.0	176.0	2004.0	17.0	478.0	485.0	52.0	0.0	132.0	0.0	7.0	16.0	17.0	0.0	0.0	0.0	0.0	0.0	21.0	0.0	0.0	26.0	28.0	993.0	59.0	153.0	0.0	138.0	106.0	0.0	0.0	19.0	122.0	41.0	247.0	61.0	0.0	424.0	3.0	17.0	16.0	13.0	0.0	0.0	7.0	16.0	42.0	26.0	0.0	52.0	288.0	13.0	0.0	0.0	14.0	0.0	0.0	16.0	0.0	0.0	28.0	0.0	0.0	421.0	5.0	48.0	8.0	18.0	0.0	7.0	0.0	46.0	0.0	0.0	0.0	0.0	0.0	5.0	0.0	30.0	0.0	54.0	35.0	15.0	12.0	0.0	0.0	22.0	0.0	0.0	0.0	27.0	8.0	93.0	0.0	128.0	0.0	0.0	0.0	0.0	7.0	0.0	19.0	0.0	0.0	114.0	6.0	0.0	0.0	39.0	0.0	0.0	0.0	0.0	0.0	0.0	0.0	0.0	7.0	0.0	0.0	0.0	0.0	8.0	0.0	0.0	0.0	0.0	0.0	0.0	0.0	0.0	0.0	58.0	13.0	0.0	0.0	0.0	0.0	0.0	0.0	0.0	0.0	0.0	0.0	0.0	0.0	0.0	0.0	0.0	0.0	0.0	0.0	0.0	0.0	0.0	0.0	0.0	0.0	0.0	0.0	0.0	0.0	0.0	0.0	0.0	0.0	0.0	0.0	0.0	0.0	69.0	0.0	0.0	0.0	0.0	0.0	0.0	0.0	0.0	0.0	0.0	0.0	0.0	0.0	0.0	0.0	0.0	0.0	0.0	0.0	0.0	0.0	0.0	0.0	0.0	0.0	0.0	0.0	0.0	0.0	0.0	0.0
SRR9612542	0.0	512.0	4634.0	15.0	42.0	9242.0	382.0	10.0	10576.0	294.0	0.0	69.0	1020.0	250.0	20.0	715.0	81.0	80.0	468.0	1968.0	672.0	0.0	210.0	943.0	5495.0	10.0	43.0	28.0	19.0	66.0	9.0	549.0	4.0	16.0	53.0	7.0	39.0	253.0	41.0	136.0	176.0	581.0	8.0	133.0	92.0	10.0	0.0	1.0	62.0	0.0	54.0	21.0	0.0	0.0	12.0	0.0	245.0	318.0	20.0	503.0	76.0	336.0	766.0	8.0	11.0	0.0	14.0	68.0	695.0	21.0	410.0	2362.0	156.0	19.0	279.0	99.0	256.0	0.0	14.0	145.0	45.0	371.0	1306.0	7.0	53.0	30.0	318.0	20.0	0.0	270.0	44.0	0.0	0.0	346.0	89.0	44.0	4.0	64.0	523.0	0.0	0.0	132.0	103.0	0.0	5.0	601.0	0.0	0.0	5.0	0.0	144.0	0.0	13.0	66.0	30.0	0.0	0.0	14.0	96.0	42.0	50.0	0.0	0.0	0.0	406.0	1783.0	16.0	563.0	487.0	256.0	18.0	60.0	0.0	3.0	14.0	7.0	7.0	0.0	16.0	0.0	28.0	0.0	0.0	0.0	5.0	30.0	1110.0	37.0	292.0	0.0	246.0	116.0	0.0	0.0	5.0	59.0	67.0	264.0	101.0	0.0	469.0	0.0	0.0	20.0	0.0	0.0	0.0	4.0	13.0	55.0	64.0	0.0	25.0	355.0	27.0	19.0	0.0	0.0	0.0	0.0	30.0	0.0	0.0	33.0	0.0	5.0	392.0	7.0	73.0	6.0	18.0	0.0	0.0	0.0	12.0	0.0	6.0	0.0	19.0	0.0	30.0	0.0	0.0	0.0	15.0	34.0	37.0	17.0	0.0	0.0	66.0	16.0	5.0	0.0	0.0	0.0	87.0	6.0	85.0	0.0	0.0	0.0	0.0	0.0	0.0	11.0	11.0	0.0	143.0	0.0	0.0	0.0	55.0	0.0	0.0	0.0	0.0	0.0	0.0	0.0	0.0	0.0	3.0	0.0	0.0	0.0	0.0	0.0	7.0	0.0	0.0	0.0	0.0	0.0	0.0	0.0	39.0	4.0	0.0	0.0	4.0	0.0	0.0	0.0	0.0	0.0	0.0	0.0	2.0	0.0	0.0	0.0	0.0	18.0	0.0	0.0	0.0	0.0	0.0	0.0	0.0	0.0	0.0	0.0	0.0	0.0	0.0	0.0	0.0	0.0	0.0	0.0	0.0	0.0	78.0	0.0	0.0	0.0	0.0	0.0	0.0	0.0	0.0	0.0	0.0	0.0	0.0	0.0	0.0	0.0	0.0	0.0	0.0	0.0	0.0	0.0	0.0	0.0	0.0	0.0	0.0	0.0	0.0	0.0	0.0	0.0
SRR9612543	0.0	348.0	1598.0	0.0	7.0	2739.0	108.0	29.0	3308.0	228.0	6.0	30.0	386.0	175.0	0.0	747.0	44.0	48.0	69.0	1252.0	139.0	0.0	63.0	456.0	3736.0	5.0	8.0	3.0	41.0	28.0	51.0	209.0	0.0	10.0	0.0	0.0	0.0	133.0	26.0	5.0	292.0	328.0	0.0	37.0	17.0	0.0	2.0	0.0	0.0	15.0	52.0	10.0	0.0	0.0	0.0	0.0	441.0	36.0	19.0	240.0	52.0	220.0	497.0	3.0	0.0	0.0	0.0	26.0	84.0	3.0	298.0	705.0	78.0	39.0	89.0	51.0	93.0	0.0	16.0	34.0	24.0	82.0	436.0	15.0	28.0	19.0	270.0	3.0	0.0	99.0	42.0	0.0	0.0	190.0	41.0	15.0	0.0	3.0	129.0	0.0	0.0	44.0	79.0	0.0	0.0	88.0	16.0	0.0	0.0	0.0	56.0	0.0	0.0	72.0	25.0	0.0	0.0	0.0	377.0	18.0	26.0	0.0	0.0	0.0	131.0	1282.0	0.0	167.0	343.0	63.0	0.0	100.0	0.0	0.0	0.0	0.0	5.0	0.0	0.0	0.0	8.0	0.0	0.0	0.0	3.0	0.0	344.0	65.0	34.0	0.0	71.0	112.0	0.0	0.0	0.0	106.0	51.0	172.0	26.0	0.0	134.0	0.0	28.0	0.0	12.0	0.0	0.0	0.0	12.0	0.0	16.0	0.0	0.0	115.0	0.0	0.0	0.0	0.0	0.0	7.0	20.0	0.0	0.0	19.0	0.0	0.0	200.0	0.0	35.0	0.0	8.0	0.0	4.0	0.0	0.0	0.0	9.0	0.0	0.0	0.0	10.0	9.0	24.0	0.0	41.0	36.0	9.0	0.0	0.0	0.0	19.0	0.0	0.0	0.0	21.0	0.0	69.0	0.0	61.0	0.0	0.0	0.0	0.0	0.0	0.0	4.0	0.0	0.0	31.0	0.0	0.0	0.0	14.0	6.0	0.0	0.0	0.0	0.0	3.0	0.0	0.0	0.0	0.0	0.0	0.0	4.0	0.0	0.0	0.0	0.0	0.0	0.0	0.0	0.0	0.0	0.0	21.0	2.0	0.0	0.0	4.0	0.0	0.0	0.0	0.0	0.0	0.0	0.0	0.0	0.0	0.0	0.0	0.0	0.0	0.0	0.0	0.0	2.0	0.0	0.0	0.0	2.0	0.0	0.0	0.0	0.0	0.0	0.0	0.0	0.0	0.0	0.0	0.0	0.0	23.0	0.0	0.0	0.0	0.0	0.0	0.0	0.0	0.0	0.0	0.0	0.0	0.0	3.0	0.0	0.0	0.0	0.0	0.0	0.0	0.0	0.0	0.0	0.0	0.0	0.0	0.0	0.0	0.0	0.0	0.0	0.0
SRR9612544	0.0	1543.0	19.0	21.0	7.0	37.0	5.0	0.0	8103.0	804.0	0.0	26.0	1333.0	1057.0	0.0	2619.0	10.0	21.0	19.0	65.0	243.0	0.0	18.0	41.0	909.0	0.0	0.0	95.0	22.0	0.0	23.0	21.0	7.0	25.0	0.0	0.0	0.0	38.0	358.0	12.0	128.0	419.0	0.0	0.0	9.0	0.0	0.0	0.0	0.0	0.0	0.0	0.0	0.0	0.0	0.0	0.0	6.0	390.0	0.0	6.0	180.0	1322.0	0.0	0.0	0.0	0.0	5.0	2.0	287.0	0.0	1083.0	0.0	0.0	70.0	37.0	0.0	0.0	0.0	26.0	51.0	73.0	2.0	15.0	0.0	3.0	0.0	711.0	0.0	0.0	17.0	0.0	0.0	0.0	120.0	7.0	19.0	0.0	0.0	83.0	0.0	0.0	10311.0	835.0	0.0	0.0	0.0	0.0	0.0	0.0	0.0	0.0	0.0	6.0	70.0	32.0	0.0	0.0	0.0	144.0	3.0	0.0	0.0	0.0	0.0	0.0	17.0	6.0	0.0	45.0	869.0	0.0	338.0	0.0	0.0	0.0	0.0	0.0	0.0	26.0	0.0	0.0	0.0	0.0	0.0	0.0	0.0	39.0	6.0	112.0	0.0	913.0	0.0	0.0	0.0	0.0	693.0	0.0	14.0	0.0	0.0	6.0	0.0	1176.0	0.0	0.0	0.0	0.0	0.0	0.0	310.0	0.0	0.0	7.0	3.0	0.0	0.0	0.0	0.0	0.0	11.0	0.0	0.0	0.0	90.0	0.0	0.0	38.0	0.0	0.0	0.0	0.0	0.0	0.0	0.0	52.0	0.0	13.0	3.0	0.0	0.0	0.0	0.0	79.0	0.0	23.0	5.0	0.0	0.0	0.0	0.0	0.0	0.0	5.0	0.0	0.0	0.0	0.0	0.0	60.0	185.0	0.0	0.0	0.0	0.0	0.0	0.0	0.0	0.0	0.0	0.0	0.0	0.0	0.0	0.0	0.0	0.0	0.0	0.0	0.0	0.0	0.0	0.0	0.0	0.0	0.0	0.0	0.0	0.0	0.0	0.0	0.0	0.0	0.0	0.0	0.0	0.0	6.0	0.0	0.0	0.0	0.0	0.0	0.0	0.0	0.0	0.0	0.0	0.0	0.0	0.0	0.0	0.0	0.0	0.0	0.0	0.0	0.0	0.0	0.0	0.0	0.0	0.0	0.0	0.0	0.0	0.0	0.0	0.0	0.0	0.0	0.0	0.0	0.0	0.0	0.0	0.0	0.0	0.0	0.0	0.0	0.0	0.0	0.0	0.0	0.0	0.0	0.0	0.0	0.0	0.0	0.0	0.0	0.0	0.0	0.0	0.0	0.0	0.0	0.0	0.0	0.0	0.0	0.0	0.0	0.0	0.0
SRR9612545	0.0	302.0	1769.0	0.0	53.0	2535.0	129.0	15.0	3714.0	92.0	0.0	19.0	623.0	145.0	10.0	1029.0	29.0	39.0	101.0	2363.0	107.0	0.0	57.0	606.0	2921.0	0.0	0.0	90.0	49.0	25.0	0.0	235.0	0.0	23.0	0.0	0.0	0.0	424.0	4.0	12.0	67.0	147.0	9.0	29.0	16.0	9.0	9.0	0.0	18.0	0.0	31.0	7.0	0.0	14.0	0.0	0.0	357.0	75.0	20.0	123.0	6.0	128.0	554.0	0.0	5.0	12.0	82.0	28.0	264.0	9.0	280.0	1528.0	86.0	13.0	185.0	26.0	109.0	6.0	67.0	19.0	113.0	44.0	1041.0	18.0	58.0	18.0	221.0	0.0	0.0	85.0	87.0	0.0	0.0	82.0	31.0	0.0	2.0	0.0	247.0	0.0	6.0	39.0	68.0	8.0	0.0	209.0	0.0	0.0	0.0	0.0	60.0	0.0	6.0	28.0	13.0	6.0	4.0	0.0	90.0	28.0	17.0	0.0	0.0	2.0	298.0	1090.0	0.0	128.0	243.0	71.0	0.0	31.0	39.0	10.0	0.0	0.0	5.0	0.0	17.0	8.0	41.0	0.0	3.0	3.0	0.0	25.0	295.0	0.0	46.0	0.0	35.0	100.0	0.0	13.0	3.0	48.0	262.0	152.0	6.0	0.0	146.0	0.0	28.0	0.0	21.0	0.0	0.0	0.0	12.0	0.0	11.0	0.0	5.0	173.0	25.0	0.0	2.0	0.0	0.0	12.0	27.0	0.0	0.0	6.0	0.0	0.0	234.0	0.0	29.0	0.0	7.0	1.0	0.0	0.0	0.0	4.0	83.0	0.0	0.0	0.0	64.0	0.0	14.0	0.0	2.0	17.0	9.0	0.0	6.0	0.0	27.0	0.0	3.0	0.0	8.0	0.0	65.0	0.0	34.0	0.0	0.0	4.0	0.0	0.0	0.0	2.0	0.0	7.0	52.0	11.0	0.0	0.0	20.0	0.0	0.0	0.0	5.0	0.0	0.0	0.0	0.0	0.0	0.0	0.0	0.0	0.0	0.0	2.0	0.0	0.0	0.0	0.0	0.0	0.0	0.0	0.0	17.0	5.0	3.0	0.0	0.0	0.0	1.0	0.0	0.0	0.0	0.0	0.0	0.0	0.0	0.0	0.0	0.0	0.0	0.0	0.0	0.0	0.0	0.0	0.0	0.0	0.0	0.0	0.0	0.0	0.0	0.0	0.0	0.0	0.0	0.0	0.0	0.0	0.0	10.0	0.0	0.0	0.0	0.0	0.0	0.0	0.0	0.0	0.0	0.0	0.0	0.0	0.0	0.0	0.0	0.0	0.0	0.0	0.0	0.0	0.0	0.0	0.0	0.0	0.0	0.0	0.0	0.0	0.0	0.0	0.0
SRR9612546	0.0	174.0	51.0	0.0	7.0	39.0	7.0	0.0	3367.0	245.0	0.0	11.0	877.0	523.0	0.0	2878.0	14.0	7.0	56.0	5698.0	21.0	0.0	0.0	14.0	459.0	0.0	0.0	311.0	58.0	6.0	0.0	62.0	0.0	29.0	0.0	0.0	0.0	208.0	26.0	19.0	20.0	37.0	19.0	9.0	0.0	0.0	0.0	0.0	0.0	0.0	0.0	0.0	0.0	0.0	0.0	0.0	6.0	0.0	0.0	4.0	0.0	125.0	14.0	0.0	0.0	0.0	14.0	0.0	270.0	4.0	135.0	58.0	0.0	2.0	113.0	0.0	7.0	0.0	179.0	6.0	27.0	14.0	47.0	2.0	6.0	5.0	372.0	0.0	0.0	0.0	0.0	0.0	0.0	10.0	3.0	0.0	3.0	6.0	145.0	0.0	0.0	126.0	243.0	3.0	0.0	4.0	0.0	0.0	0.0	0.0	13.0	0.0	0.0	0.0	0.0	0.0	0.0	0.0	19.0	11.0	0.0	0.0	0.0	0.0	0.0	27.0	6.0	39.0	5.0	379.0	0.0	19.0	133.0	0.0	0.0	0.0	0.0	0.0	0.0	0.0	0.0	0.0	0.0	0.0	0.0	0.0	28.0	0.0	42.0	0.0	0.0	0.0	0.0	0.0	0.0	53.0	0.0	9.0	0.0	0.0	32.0	0.0	602.0	0.0	0.0	0.0	0.0	2.0	0.0	58.0	0.0	0.0	13.0	26.0	0.0	0.0	0.0	0.0	0.0	4.0	3.0	0.0	0.0	12.0	0.0	0.0	56.0	0.0	0.0	0.0	4.0	0.0	0.0	0.0	13.0	0.0	1019.0	0.0	0.0	0.0	0.0	0.0	13.0	0.0	2.0	0.0	7.0	0.0	0.0	0.0	0.0	0.0	2.0	0.0	0.0	0.0	5.0	0.0	6.0	0.0	0.0	0.0	0.0	0.0	0.0	0.0	0.0	7.0	0.0	0.0	0.0	0.0	5.0	0.0	0.0	0.0	0.0	0.0	0.0	0.0	0.0	0.0	0.0	5.0	0.0	0.0	0.0	0.0	0.0	2.0	0.0	0.0	0.0	0.0	0.0	0.0	0.0	0.0	0.0	0.0	0.0	0.0	0.0	0.0	0.0	0.0	0.0	0.0	0.0	0.0	0.0	0.0	0.0	0.0	0.0	0.0	0.0	0.0	0.0	0.0	0.0	0.0	0.0	0.0	0.0	0.0	0.0	0.0	0.0	0.0	0.0	0.0	0.0	0.0	0.0	0.0	0.0	0.0	0.0	0.0	0.0	0.0	0.0	0.0	0.0	0.0	0.0	0.0	0.0	0.0	0.0	0.0	0.0	0.0	0.0	0.0	0.0	0.0	0.0	0.0	0.0	0.0	0.0	0.0	0.0	0.0
SRR9612547	0.0	743.0	0.0	0.0	3.0	15.0	0.0	0.0	5358.0	409.0	0.0	0.0	1006.0	344.0	0.0	677.0	7.0	31.0	17.0	151.0	63.0	0.0	8.0	4.0	185.0	0.0	0.0	24.0	0.0	0.0	0.0	0.0	0.0	2.0	0.0	3.0	0.0	6.0	41.0	9.0	19.0	122.0	0.0	0.0	2.0	0.0	0.0	0.0	2.0	0.0	0.0	3.0	0.0	0.0	0.0	0.0	5.0	23.0	0.0	0.0	54.0	241.0	0.0	0.0	0.0	0.0	0.0	0.0	59.0	0.0	120.0	0.0	3.0	14.0	10.0	0.0	0.0	0.0	6.0	90.0	25.0	2.0	0.0	0.0	0.0	0.0	485.0	0.0	0.0	0.0	0.0	0.0	0.0	136.0	0.0	0.0	0.0	0.0	17.0	0.0	0.0	787.0	36.0	0.0	0.0	0.0	0.0	0.0	0.0	0.0	0.0	0.0	0.0	2.0	13.0	0.0	0.0	0.0	24.0	0.0	0.0	0.0	0.0	0.0	0.0	12.0	0.0	0.0	7.0	891.0	0.0	22.0	0.0	0.0	0.0	49.0	0.0	0.0	0.0	0.0	0.0	0.0	0.0	0.0	0.0	0.0	9.0	5.0	18.0	0.0	73.0	0.0	0.0	0.0	0.0	200.0	0.0	4.0	0.0	0.0	0.0	0.0	292.0	0.0	0.0	0.0	0.0	0.0	0.0	30.0	0.0	0.0	0.0	7.0	0.0	0.0	0.0	0.0	0.0	0.0	0.0	0.0	0.0	56.0	0.0	0.0	24.0	0.0	0.0	0.0	0.0	0.0	0.0	0.0	0.0	0.0	0.0	0.0	0.0	0.0	0.0	0.0	0.0	0.0	10.0	0.0	0.0	0.0	0.0	3.0	0.0	0.0	0.0	0.0	0.0	0.0	0.0	0.0	18.0	0.0	0.0	0.0	0.0	0.0	0.0	0.0	0.0	0.0	0.0	0.0	0.0	0.0	0.0	0.0	0.0	0.0	0.0	0.0	0.0	0.0	0.0	0.0	0.0	0.0	0.0	0.0	0.0	0.0	0.0	0.0	0.0	0.0	0.0	0.0	0.0	0.0	0.0	0.0	0.0	0.0	0.0	0.0	0.0	0.0	0.0	0.0	0.0	0.0	0.0	0.0	0.0	0.0	0.0	0.0	0.0	0.0	0.0	0.0	0.0	0.0	0.0	0.0	0.0	0.0	0.0	0.0	0.0	0.0	0.0	0.0	0.0	0.0	0.0	0.0	0.0	0.0	0.0	0.0	0.0	0.0	0.0	0.0	0.0	0.0	0.0	0.0	0.0	0.0	0.0	0.0	0.0	0.0	0.0	0.0	0.0	0.0	0.0	0.0	0.0	0.0	0.0	0.0	0.0	0.0	0.0	0.0
SRR9612548	0.0	272.0	1784.0	13.0	24.0	4394.0	173.0	16.0	5888.0	242.0	9.0	47.0	593.0	303.0	15.0	864.0	25.0	43.0	193.0	1185.0	295.0	0.0	71.0	532.0	3762.0	0.0	2.0	44.0	8.0	38.0	12.0	97.0	3.0	24.0	0.0	6.0	0.0	133.0	52.0	51.0	198.0	435.0	9.0	177.0	20.0	0.0	3.0	2.0	51.0	23.0	10.0	2.0	0.0	0.0	0.0	0.0	428.0	123.0	48.0	271.0	63.0	374.0	883.0	11.0	0.0	0.0	25.0	18.0	274.0	0.0	509.0	1342.0	234.0	23.0	158.0	102.0	232.0	0.0	21.0	75.0	34.0	216.0	807.0	8.0	29.0	18.0	409.0	9.0	0.0	189.0	15.0	0.0	0.0	363.0	44.0	14.0	0.0	0.0	248.0	0.0	10.0	66.0	69.0	0.0	0.0	393.0	0.0	0.0	0.0	0.0	124.0	6.0	5.0	152.0	10.0	0.0	2.0	0.0	178.0	19.0	14.0	0.0	0.0	0.0	137.0	1692.0	15.0	328.0	376.0	191.0	0.0	56.0	0.0	0.0	0.0	12.0	4.0	0.0	4.0	0.0	0.0	17.0	0.0	0.0	3.0	12.0	759.0	6.0	113.0	3.0	78.0	88.0	3.0	0.0	6.0	101.0	38.0	190.0	67.0	0.0	228.0	0.0	31.0	30.0	9.0	0.0	0.0	0.0	34.0	7.0	22.0	0.0	14.0	129.0	0.0	0.0	0.0	21.0	0.0	0.0	21.0	0.0	0.0	32.0	0.0	0.0	366.0	0.0	41.0	0.0	28.0	0.0	0.0	0.0	11.0	0.0	35.0	0.0	0.0	8.0	6.0	0.0	8.0	0.0	48.0	41.0	14.0	20.0	0.0	0.0	25.0	0.0	0.0	0.0	5.0	0.0	84.0	15.0	91.0	0.0	0.0	0.0	0.0	0.0	0.0	21.0	4.0	0.0	59.0	11.0	0.0	0.0	20.0	8.0	0.0	0.0	0.0	0.0	0.0	0.0	0.0	0.0	0.0	0.0	0.0	0.0	0.0	0.0	0.0	0.0	0.0	0.0	0.0	0.0	0.0	0.0	23.0	0.0	0.0	0.0	0.0	0.0	0.0	0.0	0.0	0.0	0.0	0.0	0.0	0.0	0.0	0.0	0.0	0.0	0.0	0.0	0.0	0.0	0.0	0.0	0.0	0.0	0.0	0.0	0.0	0.0	0.0	0.0	0.0	0.0	0.0	0.0	0.0	0.0	59.0	0.0	0.0	0.0	0.0	0.0	0.0	0.0	0.0	0.0	0.0	0.0	0.0	0.0	0.0	0.0	0.0	0.0	0.0	0.0	0.0	0.0	0.0	0.0	0.0	0.0	0.0	0.0	0.0	0.0	0.0	0.0
SRR9612549	0.0	836.0	26.0	10.0	12.0	37.0	0.0	0.0	2779.0	718.0	0.0	8.0	614.0	503.0	2.0	1891.0	0.0	11.0	27.0	1146.0	113.0	0.0	8.0	43.0	228.0	0.0	0.0	353.0	10.0	0.0	7.0	6.0	0.0	48.0	0.0	4.0	0.0	20.0	90.0	47.0	11.0	148.0	0.0	8.0	13.0	0.0	0.0	0.0	2.0	0.0	0.0	0.0	0.0	0.0	0.0	0.0	6.0	38.0	0.0	6.0	36.0	817.0	0.0	0.0	0.0	0.0	25.0	32.0	146.0	4.0	534.0	0.0	0.0	13.0	55.0	0.0	0.0	0.0	44.0	0.0	198.0	11.0	0.0	3.0	2.0	0.0	1281.0	0.0	0.0	0.0	0.0	0.0	0.0	47.0	0.0	0.0	0.0	11.0	21.0	0.0	0.0	345.0	218.0	0.0	0.0	0.0	11.0	0.0	0.0	0.0	17.0	0.0	0.0	38.0	31.0	0.0	6.0	0.0	65.0	5.0	0.0	0.0	0.0	0.0	11.0	0.0	0.0	0.0	25.0	681.0	6.0	112.0	16.0	0.0	0.0	6.0	3.0	0.0	24.0	0.0	0.0	0.0	0.0	0.0	0.0	0.0	12.0	13.0	7.0	0.0	107.0	2.0	0.0	0.0	0.0	519.0	0.0	23.0	0.0	0.0	17.0	0.0	336.0	0.0	5.0	0.0	0.0	0.0	0.0	71.0	0.0	0.0	30.0	9.0	0.0	0.0	0.0	0.0	0.0	0.0	0.0	0.0	0.0	404.0	0.0	0.0	6.0	3.0	45.0	0.0	0.0	0.0	0.0	0.0	10.0	0.0	9.0	0.0	0.0	0.0	0.0	0.0	51.0	0.0	7.0	7.0	0.0	12.0	0.0	0.0	0.0	0.0	14.0	0.0	0.0	0.0	0.0	0.0	20.0	0.0	0.0	0.0	0.0	0.0	0.0	0.0	0.0	0.0	0.0	0.0	0.0	0.0	0.0	0.0	0.0	2.0	0.0	0.0	0.0	0.0	0.0	0.0	0.0	0.0	0.0	33.0	0.0	0.0	0.0	2.0	0.0	0.0	0.0	0.0	0.0	0.0	7.0	0.0	0.0	0.0	0.0	0.0	0.0	0.0	0.0	0.0	0.0	0.0	0.0	0.0	0.0	0.0	0.0	0.0	0.0	0.0	0.0	0.0	0.0	0.0	0.0	0.0	0.0	0.0	0.0	0.0	0.0	0.0	0.0	0.0	0.0	0.0	0.0	0.0	9.0	0.0	0.0	0.0	0.0	0.0	0.0	0.0	0.0	0.0	0.0	0.0	0.0	0.0	0.0	0.0	0.0	0.0	0.0	0.0	0.0	0.0	0.0	0.0	0.0	0.0	0.0	0.0	0.0	0.0	0.0	0.0
SRR9612550	0.0	371.0	1143.0	5.0	143.0	2194.0	85.0	33.0	3547.0	330.0	0.0	7.0	318.0	307.0	14.0	871.0	24.0	70.0	106.0	1270.0	188.0	0.0	73.0	544.0	2827.0	3.0	0.0	34.0	41.0	17.0	41.0	127.0	0.0	10.0	31.0	0.0	10.0	85.0	34.0	15.0	100.0	277.0	8.0	25.0	39.0	0.0	3.0	0.0	0.0	0.0	41.0	0.0	0.0	0.0	0.0	0.0	467.0	52.0	55.0	605.0	105.0	300.0	851.0	0.0	15.0	0.0	229.0	31.0	274.0	0.0	268.0	960.0	131.0	38.0	154.0	46.0	118.0	0.0	27.0	93.0	65.0	48.0	616.0	19.0	22.0	7.0	186.0	0.0	0.0	65.0	43.0	0.0	0.0	204.0	53.0	28.0	0.0	17.0	175.0	2.0	9.0	95.0	180.0	0.0	0.0	118.0	15.0	0.0	0.0	0.0	62.0	3.0	2.0	94.0	0.0	10.0	9.0	3.0	305.0	0.0	1.0	0.0	0.0	0.0	162.0	1300.0	0.0	159.0	324.0	69.0	0.0	299.0	53.0	20.0	0.0	0.0	0.0	0.0	1.0	0.0	32.0	18.0	0.0	0.0	13.0	21.0	368.0	21.0	68.0	0.0	29.0	137.0	0.0	0.0	6.0	153.0	123.0	179.0	9.0	0.0	110.0	0.0	33.0	10.0	13.0	0.0	0.0	4.0	8.0	7.0	12.0	0.0	1.0	102.0	0.0	11.0	0.0	15.0	0.0	0.0	35.0	0.0	0.0	57.0	0.0	0.0	159.0	0.0	27.0	0.0	0.0	9.0	0.0	0.0	6.0	0.0	142.0	0.0	0.0	0.0	16.0	0.0	73.0	0.0	20.0	24.0	3.0	7.0	0.0	0.0	9.0	0.0	17.0	0.0	19.0	0.0	68.0	0.0	107.0	0.0	0.0	0.0	0.0	0.0	0.0	11.0	0.0	2.0	31.0	23.0	0.0	0.0	13.0	11.0	0.0	0.0	0.0	0.0	0.0	0.0	0.0	0.0	0.0	8.0	0.0	0.0	0.0	0.0	0.0	12.0	0.0	0.0	0.0	0.0	0.0	6.0	35.0	3.0	0.0	0.0	0.0	0.0	0.0	0.0	0.0	0.0	0.0	0.0	0.0	0.0	0.0	0.0	0.0	5.0	0.0	0.0	0.0	0.0	0.0	0.0	5.0	0.0	0.0	0.0	0.0	0.0	0.0	0.0	0.0	0.0	0.0	0.0	4.0	0.0	28.0	0.0	0.0	0.0	0.0	0.0	0.0	0.0	0.0	0.0	0.0	0.0	0.0	0.0	0.0	0.0	0.0	0.0	0.0	0.0	0.0	0.0	0.0	0.0	0.0	0.0	0.0	0.0	0.0	0.0	0.0	0.0
SRR9612551	3.0	132.0	1866.0	0.0	18.0	3912.0	216.0	5.0	5574.0	187.0	0.0	27.0	583.0	172.0	12.0	1260.0	73.0	29.0	95.0	2896.0	109.0	0.0	65.0	557.0	3476.0	0.0	16.0	134.0	53.0	38.0	9.0	246.0	0.0	0.0	44.0	0.0	0.0	532.0	0.0	53.0	139.0	117.0	16.0	15.0	54.0	35.0	14.0	10.0	0.0	18.0	53.0	7.0	0.0	26.0	0.0	12.0	213.0	81.0	0.0	88.0	0.0	96.0	580.0	19.0	6.0	0.0	31.0	31.0	288.0	37.0	229.0	1375.0	130.0	2.0	206.0	21.0	128.0	0.0	119.0	6.0	20.0	92.0	1443.0	24.0	71.0	0.0	185.0	0.0	4.0	157.0	101.0	4.0	0.0	55.0	24.0	11.0	7.0	0.0	312.0	0.0	13.0	39.0	27.0	2.0	5.0	637.0	0.0	6.0	0.0	0.0	58.0	0.0	8.0	33.0	8.0	0.0	10.0	10.0	50.0	62.0	2.0	0.0	0.0	0.0	467.0	602.0	0.0	167.0	178.0	70.0	0.0	41.0	52.0	0.0	0.0	4.0	0.0	0.0	0.0	0.0	48.0	0.0	4.0	10.0	18.0	31.0	504.0	0.0	96.0	0.0	33.0	60.0	3.0	19.0	3.0	20.0	217.0	132.0	22.0	0.0	221.0	5.0	30.0	6.0	28.0	0.0	0.0	0.0	26.0	5.0	11.0	0.0	0.0	120.0	133.0	0.0	0.0	0.0	0.0	8.0	20.0	0.0	0.0	20.0	21.0	0.0	275.0	0.0	61.0	7.0	1.0	0.0	0.0	0.0	4.0	0.0	157.0	0.0	0.0	0.0	408.0	0.0	14.0	0.0	5.0	31.0	13.0	0.0	0.0	0.0	20.0	0.0	0.0	0.0	0.0	0.0	139.0	0.0	37.0	0.0	0.0	0.0	0.0	0.0	2.0	0.0	10.0	0.0	45.0	7.0	0.0	0.0	28.0	0.0	0.0	0.0	0.0	0.0	0.0	0.0	0.0	0.0	0.0	4.0	0.0	0.0	0.0	0.0	0.0	0.0	0.0	0.0	0.0	0.0	2.0	8.0	23.0	5.0	0.0	0.0	0.0	5.0	6.0	0.0	0.0	0.0	0.0	0.0	0.0	0.0	0.0	0.0	0.0	0.0	0.0	0.0	0.0	0.0	0.0	0.0	0.0	0.0	0.0	6.0	0.0	0.0	0.0	0.0	0.0	0.0	0.0	0.0	0.0	0.0	31.0	0.0	0.0	0.0	0.0	0.0	0.0	0.0	0.0	0.0	0.0	0.0	0.0	0.0	0.0	0.0	0.0	0.0	0.0	0.0	0.0	0.0	0.0	0.0	0.0	0.0	0.0	0.0	0.0	0.0	0.0	0.0
SRR9612552	0.0	159.0	676.0	6.0	80.0	1822.0	81.0	13.0	3073.0	163.0	0.0	7.0	304.0	175.0	6.0	569.0	33.0	10.0	45.0	2578.0	71.0	0.0	0.0	214.0	1124.0	0.0	0.0	291.0	0.0	50.0	0.0	265.0	7.0	38.0	0.0	0.0	97.0	533.0	0.0	53.0	113.0	166.0	16.0	48.0	9.0	18.0	0.0	0.0	0.0	0.0	14.0	4.0	0.0	0.0	0.0	9.0	100.0	72.0	15.0	27.0	38.0	97.0	214.0	0.0	0.0	0.0	45.0	31.0	143.0	61.0	170.0	353.0	45.0	14.0	130.0	15.0	44.0	0.0	93.0	29.0	25.0	75.0	489.0	6.0	43.0	0.0	157.0	2.0	0.0	173.0	12.0	5.0	2.0	113.0	17.0	9.0	8.0	49.0	205.0	29.0	9.0	113.0	51.0	0.0	0.0	347.0	0.0	3.0	0.0	0.0	66.0	0.0	4.0	25.0	2.0	0.0	7.0	0.0	18.0	0.0	20.0	0.0	0.0	0.0	177.0	112.0	0.0	240.0	95.0	20.0	13.0	38.0	21.0	0.0	0.0	0.0	0.0	0.0	0.0	0.0	12.0	0.0	3.0	32.0	10.0	29.0	655.0	0.0	142.0	0.0	52.0	26.0	0.0	7.0	0.0	31.0	124.0	29.0	21.0	0.0	79.0	0.0	38.0	8.0	25.0	0.0	35.0	0.0	15.0	23.0	21.0	0.0	0.0	116.0	56.0	0.0	0.0	0.0	0.0	10.0	23.0	0.0	0.0	12.0	0.0	0.0	221.0	0.0	85.0	0.0	10.0	14.0	0.0	0.0	0.0	0.0	0.0	0.0	0.0	0.0	20.0	0.0	12.0	0.0	19.0	0.0	12.0	4.0	0.0	0.0	17.0	0.0	0.0	0.0	0.0	42.0	4.0	0.0	13.0	0.0	0.0	0.0	0.0	0.0	2.0	0.0	0.0	0.0	16.0	0.0	7.0	0.0	24.0	0.0	0.0	0.0	0.0	0.0	0.0	0.0	0.0	0.0	0.0	0.0	0.0	0.0	0.0	3.0	0.0	6.0	0.0	0.0	0.0	0.0	23.0	8.0	28.0	0.0	0.0	0.0	10.0	0.0	0.0	0.0	3.0	0.0	0.0	0.0	0.0	0.0	0.0	0.0	0.0	0.0	0.0	0.0	0.0	0.0	0.0	0.0	0.0	0.0	0.0	0.0	4.0	0.0	0.0	0.0	0.0	0.0	0.0	0.0	0.0	0.0	29.0	0.0	0.0	0.0	0.0	0.0	0.0	0.0	0.0	0.0	0.0	0.0	0.0	0.0	0.0	0.0	0.0	0.0	0.0	0.0	0.0	0.0	0.0	0.0	0.0	0.0	0.0	0.0	0.0	0.0	0.0	0.0
SRR9612553	0.0	294.0	450.0	0.0	118.0	1861.0	40.0	0.0	2686.0	103.0	0.0	6.0	289.0	194.0	0.0	446.0	33.0	32.0	46.0	3042.0	102.0	0.0	17.0	221.0	1029.0	0.0	0.0	357.0	0.0	74.0	0.0	200.0	2.0	31.0	14.0	4.0	90.0	434.0	0.0	64.0	191.0	116.0	33.0	16.0	13.0	0.0	3.0	0.0	0.0	0.0	22.0	9.0	0.0	12.0	0.0	0.0	111.0	63.0	0.0	81.0	2.0	69.0	137.0	0.0	0.0	7.0	84.0	54.0	63.0	68.0	156.0	288.0	29.0	11.0	94.0	13.0	0.0	0.0	44.0	10.0	13.0	72.0	462.0	28.0	7.0	19.0	105.0	0.0	0.0	267.0	28.0	0.0	0.0	62.0	11.0	2.0	7.0	45.0	152.0	0.0	9.0	78.0	38.0	0.0	0.0	312.0	0.0	0.0	0.0	0.0	74.0	0.0	5.0	38.0	24.0	27.0	0.0	0.0	32.0	10.0	0.0	0.0	0.0	0.0	248.0	134.0	0.0	366.0	64.0	19.0	14.0	32.0	8.0	17.0	0.0	4.0	0.0	0.0	0.0	0.0	0.0	17.0	0.0	11.0	0.0	9.0	797.0	12.0	262.0	0.0	69.0	32.0	0.0	21.0	5.0	45.0	134.0	40.0	1.0	0.0	117.0	0.0	46.0	0.0	32.0	0.0	21.0	0.0	1.0	0.0	20.0	0.0	0.0	74.0	46.0	0.0	0.0	17.0	0.0	0.0	8.0	10.0	0.0	31.0	12.0	0.0	390.0	5.0	109.0	0.0	9.0	0.0	0.0	0.0	0.0	0.0	0.0	0.0	0.0	0.0	0.0	0.0	9.0	0.0	0.0	0.0	19.0	0.0	0.0	0.0	0.0	6.0	0.0	0.0	0.0	31.0	33.0	0.0	4.0	0.0	0.0	0.0	0.0	0.0	0.0	5.0	4.0	10.0	32.0	9.0	0.0	0.0	6.0	7.0	0.0	0.0	0.0	0.0	0.0	0.0	0.0	0.0	0.0	0.0	0.0	0.0	0.0	0.0	0.0	12.0	0.0	0.0	0.0	0.0	16.0	0.0	16.0	5.0	0.0	0.0	0.0	0.0	1.0	0.0	0.0	0.0	0.0	0.0	0.0	13.0	0.0	2.0	0.0	0.0	0.0	0.0	0.0	0.0	0.0	0.0	10.0	0.0	0.0	0.0	0.0	0.0	0.0	0.0	0.0	5.0	0.0	0.0	0.0	0.0	25.0	2.0	0.0	0.0	0.0	0.0	0.0	20.0	0.0	0.0	0.0	0.0	0.0	0.0	0.0	0.0	0.0	0.0	0.0	0.0	0.0	0.0	0.0	0.0	0.0	0.0	0.0	0.0	0.0	0.0	0.0	0.0
SRR9612554	0.0	329.0	634.0	0.0	24.0	1934.0	34.0	0.0	2758.0	271.0	0.0	45.0	184.0	336.0	0.0	1002.0	52.0	21.0	50.0	1162.0	95.0	0.0	30.0	372.0	2015.0	3.0	9.0	72.0	0.0	185.0	10.0	64.0	0.0	0.0	0.0	0.0	5.0	131.0	3.0	75.0	200.0	208.0	26.0	6.0	18.0	7.0	3.0	0.0	0.0	0.0	21.0	0.0	0.0	0.0	0.0	0.0	202.0	109.0	46.0	198.0	82.0	259.0	304.0	0.0	0.0	0.0	38.0	0.0	59.0	0.0	239.0	308.0	17.0	23.0	201.0	19.0	6.0	3.0	49.0	42.0	9.0	112.0	338.0	23.0	31.0	25.0	429.0	0.0	0.0	245.0	0.0	0.0	0.0	112.0	36.0	29.0	7.0	0.0	204.0	0.0	0.0	100.0	222.0	0.0	0.0	135.0	9.0	0.0	0.0	0.0	119.0	0.0	0.0	141.0	78.0	0.0	0.0	0.0	156.0	0.0	0.0	0.0	0.0	0.0	141.0	267.0	37.0	294.0	168.0	42.0	2.0	162.0	0.0	72.0	0.0	0.0	0.0	0.0	0.0	0.0	0.0	0.0	0.0	14.0	0.0	25.0	815.0	48.0	201.0	0.0	53.0	82.0	2.0	0.0	0.0	121.0	67.0	49.0	15.0	0.0	100.0	9.0	44.0	23.0	21.0	0.0	0.0	2.0	0.0	19.0	7.0	0.0	0.0	67.0	25.0	0.0	0.0	0.0	0.0	0.0	8.0	5.0	12.0	12.0	5.0	0.0	393.0	0.0	31.0	0.0	23.0	4.0	0.0	0.0	0.0	0.0	0.0	0.0	0.0	0.0	3.0	0.0	7.0	0.0	21.0	16.0	0.0	5.0	6.0	0.0	0.0	0.0	0.0	0.0	12.0	11.0	99.0	0.0	53.0	0.0	0.0	0.0	0.0	0.0	0.0	3.0	0.0	5.0	45.0	14.0	0.0	0.0	33.0	9.0	0.0	0.0	0.0	0.0	0.0	0.0	2.0	9.0	0.0	0.0	0.0	4.0	5.0	0.0	0.0	0.0	0.0	0.0	0.0	0.0	0.0	0.0	85.0	0.0	0.0	0.0	0.0	0.0	0.0	0.0	0.0	2.0	0.0	0.0	0.0	0.0	0.0	0.0	0.0	0.0	0.0	0.0	0.0	0.0	0.0	0.0	5.0	0.0	0.0	0.0	0.0	0.0	0.0	0.0	0.0	0.0	0.0	0.0	0.0	0.0	32.0	0.0	0.0	0.0	0.0	0.0	0.0	0.0	0.0	0.0	0.0	0.0	4.0	0.0	0.0	0.0	0.0	0.0	0.0	0.0	0.0	2.0	0.0	0.0	0.0	0.0	0.0	0.0	0.0	0.0	0.0	0.0
SRR9612555	0.0	1053.0	847.0	0.0	0.0	3660.0	30.0	16.0	916.0	163.0	0.0	7.0	476.0	494.0	15.0	371.0	57.0	29.0	108.0	300.0	308.0	0.0	96.0	118.0	936.0	0.0	0.0	0.0	0.0	270.0	0.0	16.0	15.0	0.0	0.0	5.0	0.0	278.0	3.0	0.0	471.0	545.0	0.0	12.0	15.0	0.0	3.0	0.0	0.0	0.0	19.0	0.0	0.0	0.0	0.0	0.0	26.0	10.0	0.0	207.0	25.0	86.0	64.0	0.0	0.0	0.0	0.0	30.0	29.0	0.0	277.0	427.0	34.0	15.0	55.0	17.0	53.0	0.0	25.0	170.0	0.0	127.0	44.0	0.0	46.0	25.0	115.0	0.0	0.0	437.0	0.0	0.0	0.0	89.0	18.0	0.0	0.0	0.0	233.0	0.0	3.0	677.0	54.0	0.0	0.0	277.0	0.0	0.0	0.0	0.0	99.0	0.0	13.0	38.0	80.0	0.0	2.0	0.0	7.0	0.0	23.0	0.0	0.0	0.0	58.0	241.0	31.0	463.0	155.0	29.0	0.0	45.0	0.0	0.0	0.0	3.0	4.0	0.0	0.0	0.0	0.0	0.0	0.0	0.0	0.0	4.0	1483.0	0.0	659.0	0.0	326.0	12.0	0.0	0.0	0.0	63.0	17.0	35.0	14.0	0.0	250.0	0.0	168.0	8.0	2.0	0.0	0.0	5.0	2.0	61.0	50.0	0.0	0.0	138.0	0.0	0.0	0.0	0.0	0.0	0.0	24.0	0.0	0.0	3.0	0.0	0.0	494.0	32.0	324.0	3.0	13.0	0.0	0.0	0.0	0.0	0.0	0.0	0.0	7.0	5.0	0.0	0.0	7.0	0.0	0.0	10.0	0.0	4.0	0.0	0.0	0.0	0.0	0.0	0.0	0.0	12.0	0.0	0.0	46.0	24.0	0.0	0.0	0.0	0.0	0.0	3.0	0.0	0.0	12.0	0.0	0.0	0.0	29.0	0.0	0.0	0.0	0.0	0.0	0.0	0.0	0.0	0.0	0.0	0.0	0.0	0.0	0.0	0.0	0.0	0.0	0.0	0.0	0.0	0.0	0.0	0.0	11.0	0.0	0.0	0.0	0.0	0.0	0.0	0.0	0.0	0.0	0.0	0.0	0.0	0.0	0.0	0.0	0.0	0.0	0.0	0.0	0.0	0.0	0.0	0.0	0.0	0.0	0.0	0.0	0.0	0.0	0.0	0.0	0.0	0.0	0.0	0.0	0.0	0.0	55.0	0.0	0.0	0.0	0.0	0.0	0.0	0.0	0.0	0.0	0.0	0.0	0.0	0.0	0.0	0.0	0.0	0.0	0.0	0.0	0.0	0.0	0.0	0.0	0.0	0.0	0.0	0.0	0.0	0.0	0.0	0.0
SRR9612556	0.0	249.0	1196.0	0.0	17.0	3881.0	116.0	32.0	3970.0	231.0	0.0	58.0	368.0	239.0	6.0	407.0	22.0	51.0	39.0	962.0	300.0	0.0	64.0	291.0	3950.0	12.0	7.0	6.0	5.0	27.0	200.0	61.0	48.0	22.0	0.0	0.0	6.0	133.0	14.0	33.0	100.0	340.0	0.0	0.0	41.0	3.0	2.0	0.0	0.0	23.0	90.0	0.0	0.0	0.0	0.0	0.0	446.0	134.0	27.0	165.0	145.0	590.0	815.0	0.0	0.0	0.0	17.0	29.0	70.0	0.0	295.0	799.0	127.0	26.0	128.0	86.0	162.0	0.0	41.0	27.0	9.0	176.0	561.0	21.0	14.0	12.0	272.0	6.0	0.0	136.0	33.0	0.0	4.0	304.0	32.0	88.0	2.0	18.0	190.0	0.0	0.0	89.0	153.0	0.0	0.0	226.0	20.0	4.0	0.0	0.0	120.0	0.0	0.0	124.0	30.0	0.0	0.0	0.0	409.0	0.0	27.0	0.0	0.0	0.0	124.0	1150.0	8.0	254.0	290.0	62.0	0.0	180.0	0.0	23.0	0.0	14.0	0.0	0.0	0.0	0.0	0.0	23.0	0.0	0.0	11.0	5.0	590.0	172.0	92.0	3.0	69.0	88.0	0.0	0.0	3.0	152.0	0.0	115.0	35.0	0.0	153.0	0.0	29.0	14.0	23.0	0.0	0.0	0.0	14.0	10.0	18.0	0.0	0.0	85.0	16.0	7.0	0.0	19.0	0.0	43.0	26.0	0.0	5.0	65.0	0.0	0.0	213.0	0.0	18.0	0.0	14.0	0.0	0.0	0.0	7.0	0.0	15.0	0.0	0.0	0.0	12.0	0.0	49.0	0.0	16.0	45.0	0.0	3.0	0.0	0.0	17.0	0.0	8.0	0.0	27.0	0.0	130.0	0.0	100.0	0.0	0.0	0.0	0.0	0.0	0.0	5.0	0.0	0.0	51.0	1.0	0.0	0.0	21.0	8.0	0.0	0.0	5.0	0.0	0.0	0.0	0.0	0.0	0.0	10.0	0.0	0.0	0.0	0.0	0.0	0.0	0.0	0.0	0.0	0.0	0.0	0.0	71.0	0.0	0.0	0.0	0.0	0.0	0.0	0.0	0.0	0.0	0.0	0.0	0.0	0.0	0.0	0.0	0.0	0.0	0.0	0.0	0.0	0.0	0.0	2.0	0.0	0.0	0.0	0.0	0.0	0.0	0.0	0.0	0.0	0.0	0.0	0.0	0.0	0.0	42.0	0.0	0.0	0.0	0.0	0.0	0.0	0.0	0.0	0.0	0.0	0.0	0.0	0.0	0.0	0.0	0.0	0.0	0.0	0.0	0.0	0.0	0.0	0.0	0.0	3.0	0.0	0.0	0.0	0.0	0.0	0.0
SRR9612557	0.0	547.0	18.0	11.0	0.0	33.0	0.0	0.0	4525.0	675.0	0.0	18.0	783.0	339.0	0.0	1226.0	0.0	8.0	5.0	225.0	65.0	0.0	4.0	2.0	323.0	2.0	3.0	57.0	0.0	0.0	0.0	13.0	0.0	26.0	0.0	2.0	0.0	19.0	125.0	18.0	44.0	75.0	0.0	0.0	10.0	0.0	0.0	0.0	0.0	0.0	0.0	0.0	0.0	0.0	0.0	0.0	2.0	53.0	0.0	0.0	48.0	226.0	0.0	0.0	0.0	0.0	0.0	2.0	72.0	0.0	203.0	0.0	0.0	13.0	23.0	4.0	0.0	0.0	26.0	14.0	747.0	9.0	0.0	0.0	0.0	0.0	662.0	0.0	0.0	0.0	0.0	0.0	0.0	52.0	0.0	0.0	0.0	13.0	25.0	0.0	0.0	260.0	119.0	0.0	0.0	0.0	0.0	0.0	0.0	0.0	0.0	0.0	0.0	15.0	0.0	0.0	0.0	0.0	6.0	0.0	0.0	0.0	0.0	0.0	0.0	7.0	6.0	0.0	10.0	1203.0	0.0	50.0	0.0	0.0	0.0	11.0	3.0	0.0	0.0	0.0	0.0	0.0	0.0	0.0	0.0	0.0	5.0	0.0	10.0	0.0	212.0	3.0	0.0	0.0	0.0	326.0	0.0	9.0	0.0	0.0	5.0	0.0	182.0	0.0	0.0	0.0	0.0	0.0	0.0	104.0	0.0	0.0	0.0	0.0	0.0	0.0	0.0	0.0	0.0	5.0	0.0	0.0	0.0	106.0	0.0	2.0	12.0	0.0	0.0	0.0	0.0	0.0	0.0	0.0	5.0	0.0	0.0	4.0	0.0	0.0	0.0	0.0	54.0	0.0	3.0	0.0	0.0	0.0	0.0	0.0	0.0	0.0	0.0	0.0	0.0	0.0	0.0	0.0	25.0	0.0	0.0	0.0	0.0	0.0	0.0	2.0	0.0	0.0	0.0	0.0	0.0	0.0	0.0	0.0	0.0	0.0	0.0	0.0	0.0	0.0	3.0	0.0	0.0	0.0	0.0	0.0	0.0	0.0	0.0	0.0	0.0	0.0	0.0	0.0	0.0	0.0	0.0	0.0	0.0	0.0	0.0	0.0	0.0	0.0	0.0	0.0	0.0	0.0	0.0	0.0	0.0	0.0	0.0	0.0	0.0	0.0	0.0	0.0	0.0	0.0	0.0	0.0	0.0	0.0	0.0	0.0	0.0	0.0	0.0	0.0	0.0	0.0	0.0	0.0	0.0	0.0	0.0	0.0	0.0	0.0	0.0	0.0	0.0	0.0	0.0	0.0	0.0	0.0	0.0	0.0	0.0	0.0	0.0	0.0	0.0	0.0	0.0	0.0	0.0	0.0	0.0	0.0	0.0	0.0	0.0	0.0
SRR9612558	0.0	564.0	679.0	0.0	14.0	2187.0	79.0	0.0	2436.0	187.0	0.0	5.0	302.0	283.0	22.0	714.0	44.0	44.0	48.0	1968.0	63.0	0.0	48.0	135.0	1485.0	0.0	0.0	302.0	0.0	88.0	0.0	64.0	0.0	84.0	19.0	10.0	335.0	459.0	9.0	58.0	243.0	143.0	18.0	150.0	28.0	30.0	4.0	5.0	6.0	0.0	21.0	0.0	0.0	0.0	6.0	0.0	102.0	55.0	13.0	38.0	27.0	184.0	177.0	7.0	0.0	16.0	220.0	18.0	70.0	29.0	150.0	286.0	23.0	15.0	197.0	0.0	32.0	48.0	139.0	10.0	18.0	88.0	305.0	8.0	55.0	15.0	293.0	0.0	0.0	355.0	17.0	0.0	0.0	55.0	0.0	11.0	0.0	13.0	377.0	9.0	9.0	134.0	33.0	8.0	6.0	458.0	0.0	0.0	0.0	0.0	115.0	0.0	7.0	39.0	8.0	18.0	4.0	6.0	44.0	11.0	21.0	0.0	18.0	0.0	166.0	161.0	21.0	486.0	107.0	16.0	60.0	26.0	7.0	9.0	0.0	6.0	10.0	0.0	0.0	0.0	0.0	0.0	0.0	22.0	0.0	0.0	1145.0	23.0	373.0	0.0	155.0	18.0	0.0	0.0	6.0	53.0	73.0	65.0	38.0	0.0	283.0	0.0	50.0	12.0	30.0	0.0	17.0	0.0	31.0	70.0	12.0	0.0	12.0	148.0	44.0	0.0	0.0	0.0	0.0	14.0	41.0	11.0	0.0	22.0	0.0	0.0	400.0	4.0	221.0	0.0	13.0	9.0	0.0	0.0	0.0	0.0	0.0	0.0	17.0	7.0	14.0	0.0	0.0	0.0	20.0	8.0	11.0	0.0	0.0	0.0	15.0	6.0	0.0	0.0	0.0	91.0	38.0	0.0	22.0	0.0	0.0	0.0	0.0	0.0	0.0	13.0	0.0	0.0	20.0	0.0	0.0	0.0	40.0	0.0	0.0	0.0	0.0	0.0	0.0	0.0	0.0	0.0	0.0	0.0	0.0	0.0	0.0	0.0	0.0	10.0	0.0	0.0	0.0	0.0	0.0	15.0	24.0	0.0	6.0	0.0	0.0	0.0	4.0	0.0	0.0	0.0	0.0	0.0	0.0	13.0	0.0	0.0	0.0	0.0	0.0	0.0	0.0	0.0	0.0	0.0	0.0	0.0	0.0	0.0	0.0	0.0	0.0	2.0	0.0	18.0	0.0	0.0	0.0	0.0	64.0	0.0	0.0	0.0	0.0	0.0	0.0	0.0	0.0	0.0	0.0	0.0	0.0	0.0	0.0	0.0	0.0	0.0	0.0	0.0	0.0	0.0	0.0	0.0	0.0	0.0	0.0	0.0	0.0	0.0	0.0	0.0
SRR9612559	0.0	227.0	402.0	0.0	0.0	1997.0	40.0	11.0	1872.0	115.0	0.0	7.0	362.0	148.0	2.0	431.0	20.0	20.0	45.0	1436.0	78.0	0.0	43.0	183.0	1207.0	0.0	0.0	82.0	4.0	64.0	9.0	55.0	0.0	15.0	0.0	0.0	35.0	272.0	5.0	49.0	162.0	89.0	0.0	12.0	13.0	17.0	5.0	0.0	9.0	0.0	6.0	6.0	0.0	0.0	0.0	0.0	131.0	51.0	0.0	88.0	20.0	77.0	194.0	0.0	0.0	0.0	40.0	15.0	66.0	0.0	127.0	386.0	21.0	5.0	93.0	10.0	21.0	0.0	131.0	0.0	0.0	111.0	323.0	10.0	18.0	20.0	104.0	0.0	0.0	227.0	28.0	6.0	0.0	41.0	0.0	6.0	0.0	5.0	155.0	0.0	0.0	60.0	26.0	0.0	3.0	299.0	2.0	0.0	0.0	0.0	137.0	0.0	9.0	28.0	0.0	20.0	0.0	0.0	29.0	18.0	17.0	0.0	0.0	0.0	111.0	141.0	0.0	427.0	87.0	26.0	3.0	42.0	7.0	11.0	0.0	2.0	0.0	0.0	0.0	0.0	6.0	0.0	0.0	9.0	6.0	6.0	899.0	17.0	194.0	0.0	78.0	24.0	0.0	0.0	4.0	48.0	60.0	52.0	10.0	0.0	129.0	2.0	37.0	20.0	8.0	0.0	8.0	0.0	23.0	33.0	13.0	5.0	0.0	107.0	36.0	0.0	0.0	0.0	0.0	4.0	6.0	3.0	0.0	0.0	0.0	0.0	359.0	0.0	59.0	2.0	10.0	12.0	0.0	0.0	0.0	0.0	3.0	0.0	0.0	0.0	0.0	0.0	18.0	0.0	5.0	0.0	11.0	0.0	0.0	0.0	19.0	0.0	0.0	0.0	0.0	46.0	46.0	0.0	18.0	0.0	0.0	0.0	0.0	0.0	0.0	8.0	3.0	2.0	22.0	4.0	0.0	0.0	36.0	0.0	0.0	0.0	0.0	0.0	0.0	0.0	0.0	0.0	0.0	0.0	0.0	0.0	0.0	0.0	0.0	5.0	0.0	0.0	0.0	0.0	0.0	5.0	14.0	5.0	0.0	0.0	8.0	2.0	0.0	0.0	0.0	0.0	0.0	0.0	0.0	0.0	0.0	0.0	0.0	0.0	0.0	0.0	0.0	0.0	0.0	0.0	4.0	0.0	0.0	0.0	0.0	0.0	0.0	5.0	0.0	0.0	3.0	0.0	0.0	0.0	30.0	0.0	0.0	0.0	0.0	0.0	0.0	6.0	0.0	0.0	0.0	0.0	0.0	0.0	0.0	0.0	0.0	0.0	0.0	0.0	0.0	0.0	0.0	0.0	0.0	0.0	0.0	0.0	0.0	0.0	0.0	0.0
SRR9612560	0.0	399.0	2872.0	0.0	165.0	5184.0	261.0	0.0	4269.0	146.0	0.0	20.0	546.0	246.0	16.0	777.0	35.0	65.0	371.0	1439.0	280.0	0.0	161.0	477.0	6554.0	0.0	4.0	14.0	8.0	61.0	8.0	172.0	0.0	0.0	17.0	11.0	37.0	320.0	22.0	37.0	128.0	726.0	9.0	71.0	18.0	0.0	4.0	6.0	7.0	19.0	27.0	5.0	0.0	7.0	0.0	0.0	219.0	116.0	0.0	344.0	7.0	153.0	473.0	0.0	0.0	3.0	16.0	28.0	396.0	0.0	343.0	2197.0	97.0	13.0	204.0	38.0	156.0	0.0	13.0	29.0	14.0	165.0	754.0	10.0	35.0	20.0	194.0	8.0	0.0	295.0	10.0	0.0	0.0	187.0	29.0	0.0	3.0	10.0	624.0	2.0	7.0	196.0	42.0	0.0	0.0	376.0	0.0	0.0	2.0	0.0	92.0	0.0	9.0	61.0	5.0	0.0	4.0	0.0	56.0	20.0	21.0	0.0	0.0	0.0	252.0	1029.0	10.0	281.0	612.0	108.0	0.0	61.0	8.0	5.0	0.0	22.0	0.0	0.0	0.0	0.0	0.0	0.0	0.0	0.0	14.0	35.0	769.0	8.0	184.0	9.0	77.0	41.0	0.0	0.0	0.0	71.0	92.0	173.0	17.0	0.0	358.0	0.0	0.0	14.0	8.0	0.0	0.0	4.0	28.0	25.0	38.0	0.0	0.0	256.0	41.0	42.0	0.0	6.0	0.0	0.0	14.0	0.0	0.0	0.0	0.0	0.0	312.0	0.0	73.0	10.0	19.0	0.0	0.0	0.0	0.0	0.0	0.0	0.0	0.0	15.0	4.0	0.0	14.0	0.0	9.0	24.0	10.0	0.0	0.0	0.0	47.0	23.0	0.0	0.0	0.0	8.0	28.0	0.0	155.0	0.0	0.0	0.0	0.0	0.0	0.0	19.0	5.0	7.0	31.0	8.0	0.0	0.0	29.0	0.0	0.0	0.0	0.0	0.0	0.0	4.0	0.0	0.0	0.0	0.0	0.0	0.0	0.0	0.0	0.0	0.0	0.0	0.0	0.0	0.0	2.0	4.0	10.0	6.0	0.0	0.0	0.0	0.0	0.0	0.0	0.0	0.0	0.0	0.0	0.0	0.0	0.0	0.0	0.0	0.0	0.0	0.0	0.0	0.0	0.0	0.0	0.0	0.0	0.0	0.0	0.0	0.0	0.0	0.0	0.0	0.0	0.0	0.0	0.0	0.0	63.0	0.0	0.0	0.0	0.0	0.0	0.0	0.0	0.0	0.0	0.0	0.0	0.0	0.0	0.0	0.0	0.0	0.0	0.0	0.0	0.0	0.0	0.0	0.0	0.0	0.0	0.0	0.0	0.0	0.0	0.0	0.0
SRR9612561	0.0	365.0	2294.0	10.0	45.0	3976.0	209.0	48.0	7435.0	242.0	0.0	19.0	369.0	194.0	0.0	825.0	39.0	20.0	144.0	1643.0	340.0	0.0	86.0	356.0	3523.0	3.0	0.0	42.0	18.0	35.0	50.0	166.0	1.0	6.0	0.0	0.0	0.0	251.0	19.0	75.0	75.0	512.0	0.0	114.0	57.0	0.0	0.0	9.0	17.0	14.0	71.0	0.0	0.0	13.0	0.0	0.0	391.0	71.0	28.0	210.0	73.0	214.0	691.0	0.0	16.0	0.0	46.0	42.0	119.0	4.0	274.0	999.0	59.0	18.0	137.0	27.0	83.0	0.0	22.0	110.0	67.0	123.0	911.0	29.0	17.0	9.0	177.0	0.0	0.0	134.0	49.0	0.0	0.0	209.0	42.0	53.0	0.0	11.0	212.0	0.0	0.0	117.0	112.0	0.0	0.0	215.0	0.0	0.0	0.0	0.0	106.0	0.0	7.0	98.0	14.0	0.0	0.0	0.0	267.0	0.0	9.0	0.0	0.0	0.0	199.0	1011.0	0.0	155.0	338.0	34.0	0.0	193.0	0.0	14.0	4.0	0.0	0.0	0.0	0.0	0.0	0.0	0.0	0.0	0.0	5.0	6.0	541.0	28.0	55.0	0.0	39.0	92.0	0.0	0.0	0.0	138.0	175.0	128.0	63.0	0.0	282.0	0.0	0.0	13.0	29.0	0.0	0.0	0.0	8.0	28.0	45.0	0.0	15.0	295.0	18.0	0.0	0.0	0.0	0.0	13.0	12.0	0.0	0.0	63.0	0.0	6.0	223.0	0.0	82.0	0.0	30.0	0.0	0.0	0.0	15.0	0.0	162.0	0.0	0.0	0.0	37.0	8.0	44.0	0.0	23.0	48.0	17.0	8.0	5.0	0.0	35.0	0.0	39.0	0.0	0.0	0.0	90.0	0.0	137.0	0.0	0.0	0.0	0.0	0.0	0.0	19.0	3.0	0.0	87.0	19.0	0.0	0.0	21.0	17.0	0.0	0.0	0.0	0.0	0.0	0.0	0.0	6.0	0.0	16.0	0.0	0.0	0.0	0.0	1.0	0.0	0.0	0.0	0.0	0.0	0.0	9.0	48.0	5.0	0.0	0.0	9.0	0.0	0.0	0.0	0.0	0.0	0.0	0.0	0.0	0.0	0.0	0.0	0.0	6.0	0.0	0.0	0.0	0.0	0.0	0.0	0.0	0.0	0.0	0.0	0.0	0.0	0.0	0.0	0.0	0.0	0.0	0.0	0.0	0.0	39.0	0.0	0.0	0.0	0.0	0.0	0.0	0.0	0.0	0.0	0.0	0.0	0.0	0.0	0.0	0.0	0.0	0.0	0.0	0.0	0.0	0.0	0.0	0.0	0.0	0.0	0.0	0.0	0.0	0.0	0.0	0.0
SRR9612562	0.0	161.0	19.0	0.0	271.0	12.0	0.0	0.0	5019.0	235.0	0.0	23.0	621.0	653.0	0.0	281.0	0.0	0.0	7.0	400.0	14.0	0.0	0.0	22.0	105.0	0.0	0.0	14.0	0.0	0.0	0.0	34.0	0.0	5.0	0.0	0.0	14.0	4.0	7.0	0.0	13.0	33.0	0.0	0.0	0.0	0.0	0.0	0.0	0.0	0.0	0.0	0.0	0.0	0.0	0.0	0.0	0.0	0.0	0.0	0.0	0.0	125.0	4.0	0.0	0.0	0.0	0.0	281.0	58.0	0.0	74.0	4.0	0.0	11.0	0.0	0.0	0.0	0.0	0.0	0.0	105.0	4.0	0.0	0.0	0.0	0.0	360.0	0.0	0.0	0.0	0.0	0.0	0.0	26.0	0.0	0.0	0.0	17.0	33.0	0.0	0.0	39.0	0.0	0.0	0.0	0.0	0.0	0.0	0.0	0.0	0.0	0.0	0.0	0.0	0.0	0.0	0.0	0.0	0.0	8.0	0.0	0.0	0.0	0.0	5.0	0.0	0.0	0.0	0.0	841.0	0.0	22.0	0.0	0.0	0.0	0.0	0.0	0.0	32.0	0.0	0.0	0.0	0.0	0.0	0.0	10.0	10.0	0.0	16.0	0.0	0.0	0.0	0.0	0.0	0.0	164.0	0.0	0.0	0.0	0.0	0.0	0.0	141.0	0.0	0.0	0.0	0.0	0.0	0.0	0.0	0.0	0.0	0.0	4.0	0.0	0.0	0.0	0.0	0.0	0.0	0.0	0.0	0.0	6.0	0.0	0.0	21.0	0.0	0.0	0.0	0.0	0.0	0.0	0.0	0.0	0.0	13.0	0.0	0.0	0.0	0.0	0.0	15.0	0.0	0.0	0.0	0.0	4.0	0.0	0.0	0.0	0.0	33.0	0.0	0.0	0.0	0.0	0.0	19.0	0.0	0.0	0.0	0.0	0.0	0.0	0.0	0.0	0.0	0.0	0.0	0.0	0.0	0.0	0.0	0.0	0.0	0.0	0.0	0.0	0.0	0.0	0.0	0.0	0.0	0.0	0.0	0.0	0.0	0.0	0.0	0.0	0.0	0.0	0.0	0.0	0.0	0.0	0.0	0.0	0.0	0.0	0.0	0.0	0.0	0.0	0.0	0.0	0.0	0.0	0.0	0.0	0.0	0.0	0.0	0.0	0.0	0.0	0.0	0.0	0.0	0.0	0.0	0.0	0.0	0.0	0.0	0.0	0.0	0.0	0.0	0.0	0.0	0.0	0.0	4.0	0.0	0.0	0.0	0.0	0.0	0.0	0.0	0.0	0.0	0.0	0.0	0.0	0.0	0.0	0.0	0.0	0.0	0.0	0.0	0.0	0.0	0.0	0.0	0.0	0.0	0.0	0.0	0.0	0.0	0.0	0.0
SRR9612563	0.0	129.0	0.0	7.0	3458.0	9.0	13.0	0.0	2657.0	100.0	0.0	0.0	31.0	724.0	0.0	217.0	2.0	0.0	0.0	2464.0	98.0	0.0	0.0	0.0	44.0	0.0	0.0	419.0	33.0	0.0	0.0	17.0	140.0	44.0	0.0	0.0	23.0	15.0	127.0	0.0	5.0	16.0	0.0	0.0	0.0	2.0	0.0	0.0	0.0	0.0	0.0	0.0	2.0	0.0	0.0	0.0	0.0	7.0	0.0	0.0	17.0	32.0	0.0	0.0	0.0	0.0	16.0	18.0	56.0	3.0	48.0	0.0	0.0	14.0	22.0	0.0	0.0	0.0	23.0	15.0	177.0	0.0	22.0	0.0	0.0	0.0	284.0	0.0	0.0	0.0	0.0	0.0	0.0	16.0	0.0	0.0	0.0	3.0	22.0	0.0	0.0	269.0	27.0	0.0	0.0	0.0	0.0	0.0	0.0	0.0	0.0	0.0	0.0	0.0	0.0	12.0	0.0	0.0	2.0	0.0	0.0	0.0	0.0	0.0	0.0	0.0	0.0	0.0	0.0	168.0	0.0	0.0	41.0	0.0	0.0	0.0	0.0	0.0	0.0	0.0	15.0	0.0	0.0	0.0	0.0	0.0	0.0	5.0	0.0	0.0	55.0	0.0	0.0	0.0	0.0	28.0	0.0	0.0	0.0	0.0	7.0	0.0	271.0	0.0	0.0	0.0	0.0	0.0	0.0	0.0	0.0	0.0	0.0	0.0	0.0	758.0	0.0	0.0	0.0	0.0	0.0	0.0	0.0	0.0	0.0	0.0	0.0	0.0	0.0	0.0	0.0	0.0	0.0	0.0	0.0	0.0	138.0	0.0	0.0	0.0	0.0	0.0	7.0	0.0	0.0	0.0	0.0	0.0	0.0	0.0	0.0	0.0	113.0	0.0	0.0	0.0	0.0	0.0	0.0	0.0	0.0	0.0	0.0	0.0	0.0	0.0	0.0	0.0	0.0	0.0	0.0	0.0	0.0	0.0	0.0	0.0	0.0	0.0	0.0	0.0	0.0	0.0	0.0	0.0	0.0	0.0	0.0	0.0	0.0	0.0	0.0	0.0	0.0	0.0	0.0	0.0	0.0	0.0	0.0	0.0	0.0	0.0	0.0	0.0	0.0	0.0	0.0	0.0	0.0	0.0	0.0	0.0	0.0	0.0	0.0	0.0	0.0	0.0	0.0	0.0	0.0	0.0	0.0	0.0	0.0	0.0	0.0	0.0	0.0	0.0	0.0	0.0	0.0	0.0	0.0	0.0	0.0	0.0	0.0	0.0	0.0	0.0	0.0	0.0	0.0	0.0	0.0	0.0	0.0	0.0	0.0	0.0	0.0	0.0	0.0	0.0	0.0	0.0	0.0	0.0	0.0	0.0	0.0	0.0	0.0	0.0
SRR9612564	0.0	1089.0	9.0	0.0	0.0	4.0	0.0	0.0	8955.0	276.0	0.0	15.0	749.0	1013.0	0.0	276.0	0.0	0.0	10.0	25.0	115.0	0.0	5.0	0.0	154.0	0.0	13.0	3.0	14.0	9.0	0.0	0.0	92.0	0.0	0.0	0.0	0.0	0.0	32.0	0.0	5.0	266.0	0.0	0.0	0.0	0.0	0.0	0.0	0.0	0.0	0.0	0.0	0.0	0.0	0.0	0.0	0.0	17.0	0.0	5.0	9157.0	557.0	0.0	0.0	0.0	0.0	0.0	0.0	39.0	0.0	224.0	0.0	0.0	8.0	0.0	0.0	2.0	0.0	0.0	4.0	0.0	0.0	0.0	0.0	0.0	0.0	214.0	0.0	0.0	0.0	0.0	0.0	0.0	542.0	0.0	0.0	0.0	0.0	17.0	0.0	0.0	6962.0	65.0	0.0	0.0	0.0	0.0	0.0	0.0	0.0	0.0	0.0	0.0	13.0	23.0	0.0	0.0	0.0	3.0	0.0	0.0	0.0	0.0	0.0	0.0	6.0	0.0	0.0	15.0	667.0	0.0	49.0	0.0	0.0	0.0	37.0	0.0	0.0	27.0	0.0	0.0	0.0	0.0	0.0	0.0	0.0	0.0	0.0	131.0	0.0	1209.0	0.0	0.0	0.0	0.0	128.0	0.0	0.0	0.0	0.0	2.0	0.0	49.0	0.0	0.0	0.0	0.0	0.0	0.0	212.0	0.0	0.0	13.0	0.0	0.0	0.0	0.0	0.0	0.0	0.0	0.0	0.0	0.0	0.0	0.0	0.0	14.0	0.0	5.0	6.0	0.0	0.0	0.0	0.0	0.0	0.0	0.0	0.0	0.0	0.0	0.0	0.0	16.0	0.0	3.0	0.0	0.0	0.0	0.0	0.0	0.0	0.0	0.0	0.0	0.0	0.0	0.0	0.0	25.0	189.0	0.0	0.0	0.0	0.0	0.0	0.0	0.0	0.0	0.0	0.0	0.0	0.0	0.0	0.0	0.0	0.0	0.0	0.0	0.0	0.0	0.0	0.0	0.0	0.0	0.0	0.0	0.0	0.0	0.0	0.0	0.0	0.0	0.0	0.0	0.0	0.0	0.0	0.0	0.0	0.0	0.0	0.0	0.0	0.0	0.0	0.0	0.0	0.0	0.0	0.0	0.0	0.0	0.0	0.0	0.0	0.0	0.0	0.0	0.0	0.0	0.0	0.0	0.0	0.0	0.0	0.0	0.0	0.0	0.0	0.0	0.0	0.0	0.0	0.0	0.0	0.0	0.0	0.0	0.0	0.0	0.0	0.0	0.0	0.0	0.0	0.0	0.0	0.0	0.0	0.0	0.0	0.0	0.0	0.0	0.0	0.0	0.0	0.0	0.0	0.0	0.0	0.0	0.0	0.0	0.0	0.0
SRR9612565	0.0	147.0	12.0	0.0	497.0	4.0	0.0	0.0	25196.0	172.0	3.0	0.0	180.0	298.0	0.0	373.0	0.0	0.0	4.0	1776.0	0.0	0.0	0.0	0.0	62.0	0.0	0.0	1584.0	64.0	0.0	0.0	16.0	0.0	25.0	0.0	0.0	0.0	55.0	40.0	0.0	0.0	24.0	220.0	0.0	0.0	0.0	0.0	0.0	0.0	0.0	0.0	0.0	0.0	0.0	0.0	0.0	0.0	38.0	0.0	0.0	0.0	46.0	0.0	0.0	0.0	0.0	12.0	463.0	33.0	0.0	28.0	31.0	0.0	0.0	54.0	0.0	0.0	28.0	22.0	0.0	3892.0	0.0	17.0	0.0	0.0	0.0	240.0	0.0	0.0	0.0	0.0	0.0	0.0	0.0	0.0	0.0	0.0	0.0	25.0	0.0	0.0	2913.0	10.0	0.0	0.0	0.0	0.0	0.0	0.0	0.0	0.0	0.0	0.0	0.0	0.0	0.0	0.0	0.0	0.0	0.0	0.0	0.0	0.0	0.0	0.0	0.0	0.0	8.0	0.0	26.0	0.0	13.0	28.0	0.0	0.0	0.0	6.0	0.0	0.0	0.0	0.0	0.0	0.0	0.0	0.0	0.0	0.0	8.0	0.0	0.0	20.0	0.0	0.0	0.0	0.0	26.0	0.0	0.0	0.0	0.0	0.0	0.0	185.0	0.0	0.0	0.0	0.0	0.0	0.0	0.0	0.0	0.0	0.0	4.0	0.0	42.0	0.0	0.0	0.0	0.0	0.0	0.0	0.0	9.0	0.0	0.0	33.0	0.0	0.0	0.0	0.0	0.0	0.0	0.0	0.0	0.0	348.0	0.0	0.0	0.0	0.0	0.0	11.0	0.0	9.0	0.0	0.0	0.0	0.0	0.0	0.0	0.0	205.0	0.0	0.0	0.0	0.0	0.0	0.0	0.0	0.0	0.0	0.0	0.0	0.0	0.0	0.0	0.0	0.0	0.0	0.0	0.0	0.0	0.0	0.0	0.0	0.0	0.0	0.0	0.0	0.0	0.0	0.0	0.0	0.0	0.0	0.0	0.0	0.0	0.0	0.0	0.0	0.0	0.0	0.0	0.0	0.0	0.0	0.0	0.0	0.0	0.0	0.0	0.0	0.0	0.0	0.0	0.0	0.0	0.0	0.0	0.0	0.0	0.0	0.0	0.0	0.0	0.0	0.0	0.0	0.0	0.0	0.0	0.0	0.0	0.0	0.0	0.0	0.0	0.0	0.0	0.0	0.0	0.0	0.0	0.0	0.0	0.0	0.0	0.0	0.0	0.0	0.0	0.0	0.0	0.0	0.0	0.0	0.0	0.0	0.0	0.0	0.0	0.0	0.0	0.0	0.0	0.0	0.0	0.0	0.0	0.0	0.0	0.0	0.0	0.0
SRR9612566	0.0	266.0	2041.0	7.0	102.0	3783.0	227.0	0.0	3542.0	106.0	0.0	29.0	463.0	144.0	0.0	526.0	60.0	38.0	119.0	1739.0	165.0	0.0	63.0	540.0	3925.0	0.0	0.0	68.0	0.0	42.0	6.0	215.0	7.0	8.0	0.0	0.0	12.0	255.0	7.0	42.0	100.0	225.0	8.0	29.0	28.0	0.0	7.0	0.0	0.0	0.0	18.0	11.0	0.0	0.0	0.0	11.0	170.0	79.0	0.0	182.0	2.0	88.0	367.0	0.0	17.0	0.0	56.0	57.0	344.0	6.0	214.0	1218.0	56.0	12.0	159.0	27.0	83.0	4.0	34.0	0.0	40.0	79.0	767.0	24.0	50.0	12.0	220.0	4.0	0.0	151.0	41.0	0.0	0.0	20.0	28.0	11.0	0.0	0.0	229.0	3.0	0.0	62.0	46.0	0.0	8.0	320.0	0.0	0.0	0.0	0.0	58.0	0.0	7.0	26.0	25.0	16.0	0.0	0.0	42.0	28.0	17.0	0.0	0.0	0.0	235.0	934.0	11.0	211.0	256.0	97.0	2.0	37.0	0.0	0.0	0.0	0.0	0.0	0.0	0.0	0.0	0.0	0.0	7.0	0.0	0.0	5.0	562.0	0.0	76.0	0.0	55.0	75.0	0.0	0.0	3.0	35.0	121.0	109.0	5.0	0.0	165.0	0.0	27.0	0.0	9.0	0.0	0.0	0.0	10.0	24.0	21.0	0.0	0.0	170.0	40.0	0.0	0.0	0.0	0.0	0.0	10.0	0.0	0.0	7.0	12.0	0.0	173.0	0.0	51.0	0.0	24.0	0.0	0.0	0.0	0.0	0.0	0.0	0.0	0.0	2.0	20.0	0.0	14.0	0.0	0.0	23.0	12.0	1.0	0.0	0.0	35.0	0.0	15.0	0.0	0.0	0.0	33.0	0.0	39.0	0.0	0.0	0.0	0.0	0.0	0.0	6.0	6.0	0.0	53.0	17.0	0.0	0.0	16.0	0.0	0.0	0.0	0.0	0.0	0.0	0.0	0.0	0.0	0.0	0.0	0.0	0.0	0.0	0.0	0.0	0.0	0.0	0.0	0.0	0.0	1.0	0.0	23.0	0.0	0.0	0.0	6.0	0.0	0.0	0.0	0.0	0.0	0.0	0.0	0.0	0.0	0.0	0.0	0.0	0.0	0.0	0.0	0.0	0.0	0.0	0.0	0.0	0.0	0.0	0.0	0.0	0.0	0.0	0.0	0.0	0.0	0.0	0.0	0.0	0.0	40.0	0.0	0.0	0.0	0.0	0.0	0.0	0.0	0.0	0.0	0.0	0.0	0.0	0.0	0.0	0.0	0.0	0.0	0.0	0.0	0.0	0.0	0.0	0.0	0.0	0.0	0.0	0.0	0.0	0.0	0.0	0.0
SRR9612567	0.0	502.0	2903.0	3.0	78.0	4407.0	235.0	0.0	2947.0	107.0	0.0	6.0	407.0	218.0	0.0	491.0	52.0	52.0	167.0	1321.0	164.0	0.0	106.0	412.0	5737.0	0.0	0.0	0.0	0.0	37.0	0.0	144.0	0.0	0.0	0.0	0.0	15.0	159.0	5.0	29.0	121.0	395.0	5.0	43.0	17.0	0.0	0.0	4.0	14.0	0.0	31.0	5.0	0.0	0.0	0.0	0.0	267.0	52.0	19.0	160.0	24.0	103.0	501.0	0.0	0.0	0.0	12.0	0.0	149.0	6.0	168.0	1448.0	70.0	32.0	208.0	21.0	110.0	0.0	16.0	0.0	0.0	139.0	604.0	0.0	33.0	8.0	205.0	0.0	0.0	171.0	9.0	0.0	0.0	163.0	43.0	14.0	0.0	0.0	399.0	0.0	9.0	148.0	83.0	0.0	0.0	222.0	0.0	0.0	0.0	0.0	63.0	0.0	5.0	60.0	12.0	0.0	0.0	0.0	90.0	18.0	39.0	4.0	0.0	0.0	214.0	813.0	16.0	259.0	426.0	36.0	0.0	66.0	0.0	0.0	0.0	0.0	0.0	0.0	0.0	0.0	0.0	0.0	0.0	0.0	10.0	10.0	563.0	5.0	125.0	0.0	156.0	48.0	0.0	0.0	0.0	80.0	61.0	148.0	15.0	0.0	241.0	0.0	0.0	17.0	0.0	0.0	0.0	0.0	17.0	46.0	13.0	0.0	0.0	271.0	19.0	8.0	0.0	6.0	0.0	0.0	16.0	0.0	0.0	18.0	0.0	0.0	243.0	0.0	46.0	0.0	18.0	0.0	0.0	0.0	0.0	0.0	0.0	0.0	0.0	0.0	0.0	0.0	13.0	0.0	6.0	23.0	19.0	2.0	0.0	0.0	30.0	0.0	13.0	0.0	0.0	0.0	79.0	14.0	162.0	0.0	0.0	0.0	0.0	0.0	0.0	11.0	0.0	0.0	51.0	6.0	0.0	0.0	20.0	14.0	0.0	0.0	0.0	0.0	0.0	0.0	0.0	0.0	0.0	0.0	0.0	0.0	0.0	0.0	0.0	0.0	0.0	0.0	0.0	0.0	0.0	0.0	42.0	0.0	0.0	0.0	0.0	0.0	0.0	0.0	0.0	0.0	0.0	0.0	0.0	0.0	0.0	0.0	0.0	0.0	0.0	0.0	0.0	0.0	0.0	0.0	0.0	2.0	0.0	0.0	0.0	0.0	0.0	0.0	0.0	0.0	0.0	0.0	0.0	0.0	41.0	0.0	0.0	0.0	0.0	0.0	0.0	0.0	0.0	0.0	0.0	0.0	0.0	0.0	0.0	0.0	0.0	0.0	0.0	0.0	0.0	0.0	0.0	0.0	0.0	0.0	0.0	0.0	0.0	0.0	0.0	0.0
SRR9612568	0.0	218.0	1261.0	0.0	31.0	3651.0	287.0	0.0	4156.0	160.0	0.0	4.0	455.0	149.0	11.0	483.0	29.0	20.0	50.0	2086.0	81.0	0.0	9.0	546.0	2757.0	0.0	0.0	157.0	12.0	40.0	8.0	318.0	0.0	15.0	18.0	0.0	0.0	351.0	5.0	85.0	98.0	125.0	7.0	28.0	61.0	24.0	8.0	0.0	0.0	0.0	32.0	18.0	0.0	0.0	0.0	0.0	125.0	48.0	10.0	62.0	0.0	37.0	243.0	0.0	0.0	0.0	0.0	49.0	245.0	18.0	211.0	845.0	53.0	11.0	111.0	13.0	97.0	0.0	41.0	0.0	9.0	93.0	1154.0	28.0	28.0	13.0	209.0	14.0	0.0	148.0	69.0	0.0	0.0	110.0	20.0	0.0	7.0	7.0	140.0	0.0	0.0	70.0	66.0	0.0	0.0	340.0	0.0	0.0	0.0	0.0	66.0	0.0	0.0	20.0	0.0	0.0	0.0	0.0	11.0	20.0	11.0	0.0	0.0	0.0	435.0	324.0	7.0	184.0	133.0	37.0	29.0	36.0	10.0	0.0	0.0	0.0	0.0	0.0	0.0	0.0	21.0	0.0	0.0	0.0	7.0	22.0	479.0	0.0	42.0	0.0	82.0	61.0	0.0	0.0	0.0	23.0	195.0	99.0	8.0	0.0	129.0	0.0	39.0	18.0	11.0	0.0	8.0	0.0	13.0	9.0	24.0	0.0	0.0	82.0	66.0	0.0	0.0	0.0	0.0	0.0	6.0	0.0	0.0	13.0	0.0	6.0	240.0	0.0	66.0	0.0	17.0	0.0	0.0	0.0	0.0	0.0	28.0	0.0	0.0	0.0	92.0	0.0	0.0	0.0	0.0	25.0	11.0	0.0	0.0	0.0	40.0	43.0	0.0	0.0	0.0	0.0	87.0	0.0	34.0	0.0	0.0	0.0	0.0	0.0	0.0	0.0	5.0	0.0	48.0	0.0	0.0	0.0	22.0	0.0	0.0	0.0	0.0	0.0	0.0	0.0	0.0	0.0	0.0	0.0	0.0	0.0	0.0	0.0	0.0	0.0	0.0	0.0	0.0	0.0	3.0	6.0	0.0	3.0	0.0	0.0	7.0	0.0	0.0	0.0	0.0	0.0	0.0	0.0	0.0	6.0	0.0	0.0	0.0	0.0	0.0	2.0	0.0	0.0	0.0	0.0	0.0	0.0	0.0	0.0	0.0	0.0	0.0	0.0	0.0	0.0	0.0	0.0	0.0	0.0	25.0	0.0	0.0	0.0	0.0	0.0	0.0	0.0	0.0	0.0	0.0	0.0	0.0	0.0	0.0	0.0	0.0	0.0	0.0	0.0	0.0	0.0	0.0	0.0	0.0	0.0	0.0	0.0	0.0	0.0	0.0	0.0
SRR9612569	0.0	323.0	1815.0	0.0	0.0	4419.0	290.0	0.0	2935.0	90.0	0.0	8.0	494.0	170.0	8.0	476.0	23.0	5.0	135.0	808.0	133.0	0.0	23.0	319.0	3274.0	0.0	8.0	0.0	0.0	47.0	25.0	24.0	0.0	0.0	0.0	0.0	0.0	204.0	63.0	0.0	104.0	472.0	0.0	10.0	6.0	0.0	0.0	0.0	0.0	13.0	12.0	6.0	0.0	0.0	0.0	0.0	87.0	67.0	18.0	181.0	14.0	51.0	328.0	0.0	0.0	0.0	0.0	11.0	93.0	13.0	172.0	907.0	66.0	0.0	87.0	7.0	113.0	0.0	6.0	4.0	0.0	119.0	569.0	0.0	19.0	12.0	110.0	0.0	0.0	166.0	0.0	0.0	0.0	126.0	18.0	8.0	0.0	0.0	196.0	0.0	0.0	72.0	40.0	0.0	0.0	316.0	0.0	0.0	7.0	0.0	72.0	0.0	7.0	30.0	34.0	0.0	0.0	5.0	16.0	9.0	13.0	0.0	0.0	0.0	213.0	667.0	7.0	201.0	294.0	97.0	0.0	29.0	0.0	0.0	0.0	0.0	2.0	0.0	0.0	0.0	0.0	15.0	4.0	0.0	6.0	8.0	432.0	0.0	130.0	0.0	47.0	38.0	0.0	2.0	4.0	32.0	66.0	118.0	35.0	0.0	172.0	0.0	0.0	10.0	6.0	0.0	0.0	0.0	0.0	21.0	38.0	0.0	0.0	238.0	18.0	0.0	0.0	0.0	0.0	0.0	9.0	0.0	0.0	9.0	0.0	0.0	249.0	3.0	47.0	0.0	18.0	0.0	0.0	0.0	0.0	0.0	0.0	0.0	0.0	0.0	9.0	0.0	0.0	0.0	13.0	23.0	20.0	0.0	0.0	0.0	27.0	0.0	0.0	0.0	0.0	13.0	27.0	0.0	90.0	0.0	0.0	0.0	0.0	0.0	0.0	7.0	5.0	0.0	26.0	0.0	0.0	0.0	30.0	0.0	0.0	0.0	0.0	0.0	0.0	0.0	0.0	0.0	0.0	0.0	0.0	0.0	0.0	0.0	0.0	0.0	0.0	0.0	0.0	0.0	0.0	0.0	17.0	0.0	0.0	0.0	0.0	0.0	0.0	0.0	0.0	0.0	0.0	0.0	0.0	0.0	0.0	0.0	0.0	0.0	0.0	0.0	0.0	0.0	0.0	0.0	0.0	0.0	0.0	0.0	0.0	0.0	0.0	0.0	0.0	0.0	0.0	0.0	0.0	0.0	28.0	0.0	0.0	0.0	0.0	0.0	0.0	0.0	0.0	0.0	0.0	0.0	0.0	0.0	0.0	0.0	0.0	0.0	0.0	0.0	0.0	0.0	0.0	0.0	0.0	0.0	0.0	0.0	0.0	0.0	0.0	0.0
SRR9612570	0.0	51.0	11.0	0.0	12.0	17.0	3.0	0.0	4216.0	250.0	0.0	0.0	1006.0	115.0	0.0	725.0	0.0	0.0	8.0	1295.0	29.0	0.0	0.0	19.0	96.0	0.0	0.0	213.0	0.0	8.0	0.0	0.0	0.0	21.0	0.0	0.0	0.0	17.0	31.0	0.0	28.0	13.0	0.0	0.0	0.0	0.0	0.0	0.0	0.0	0.0	0.0	0.0	0.0	0.0	0.0	0.0	5.0	9.0	0.0	3.0	0.0	294.0	0.0	0.0	0.0	0.0	73.0	0.0	130.0	0.0	227.0	0.0	0.0	0.0	25.0	0.0	0.0	0.0	4.0	0.0	23.0	8.0	9.0	0.0	0.0	0.0	430.0	0.0	0.0	0.0	0.0	0.0	0.0	11.0	0.0	0.0	0.0	0.0	27.0	0.0	0.0	152.0	0.0	0.0	0.0	4.0	0.0	0.0	0.0	0.0	0.0	0.0	3.0	2.0	0.0	0.0	0.0	0.0	0.0	0.0	0.0	0.0	0.0	0.0	0.0	0.0	0.0	0.0	0.0	789.0	0.0	8.0	10.0	0.0	0.0	0.0	0.0	0.0	0.0	0.0	0.0	0.0	0.0	0.0	0.0	0.0	0.0	0.0	16.0	0.0	0.0	2.0	0.0	0.0	0.0	33.0	0.0	0.0	0.0	0.0	13.0	0.0	88.0	0.0	0.0	0.0	0.0	0.0	0.0	0.0	7.0	0.0	0.0	0.0	0.0	0.0	0.0	0.0	0.0	0.0	0.0	0.0	0.0	0.0	0.0	0.0	0.0	0.0	8.0	0.0	0.0	0.0	0.0	0.0	0.0	0.0	0.0	0.0	0.0	0.0	0.0	0.0	6.0	0.0	0.0	0.0	0.0	6.0	0.0	0.0	0.0	0.0	0.0	0.0	0.0	0.0	0.0	0.0	6.0	0.0	0.0	0.0	0.0	0.0	0.0	0.0	0.0	0.0	0.0	0.0	0.0	0.0	0.0	0.0	0.0	0.0	0.0	0.0	0.0	0.0	0.0	0.0	0.0	0.0	0.0	0.0	0.0	0.0	0.0	0.0	0.0	0.0	0.0	0.0	0.0	0.0	0.0	0.0	0.0	0.0	0.0	0.0	0.0	0.0	0.0	0.0	0.0	0.0	0.0	0.0	0.0	0.0	0.0	0.0	0.0	0.0	0.0	0.0	0.0	0.0	0.0	0.0	0.0	0.0	0.0	0.0	0.0	0.0	0.0	0.0	0.0	0.0	0.0	0.0	0.0	0.0	0.0	0.0	0.0	0.0	0.0	0.0	0.0	0.0	0.0	0.0	0.0	0.0	0.0	0.0	0.0	0.0	0.0	0.0	0.0	0.0	0.0	0.0	0.0	0.0	0.0	0.0	0.0	0.0	0.0	0.0
SRR9612571	0.0	143.0	22.0	26.0	0.0	8.0	0.0	0.0	12947.0	195.0	0.0	105.0	955.0	315.0	0.0	352.0	0.0	3.0	11.0	13.0	48.0	0.0	4.0	12.0	32.0	0.0	6.0	0.0	0.0	0.0	0.0	0.0	0.0	15.0	0.0	48.0	0.0	10.0	114.0	0.0	33.0	25.0	0.0	0.0	0.0	0.0	0.0	0.0	0.0	0.0	0.0	0.0	0.0	0.0	0.0	0.0	3.0	37.0	0.0	0.0	163.0	268.0	0.0	0.0	0.0	0.0	0.0	0.0	43.0	0.0	47.0	15.0	0.0	3.0	0.0	0.0	0.0	0.0	0.0	12.0	208.0	8.0	0.0	0.0	0.0	0.0	145.0	0.0	0.0	0.0	0.0	0.0	0.0	88.0	0.0	0.0	0.0	5.0	0.0	0.0	0.0	472.0	24.0	0.0	0.0	7.0	0.0	0.0	0.0	0.0	0.0	0.0	0.0	0.0	0.0	0.0	0.0	0.0	4.0	0.0	0.0	0.0	0.0	0.0	0.0	0.0	0.0	0.0	24.0	651.0	0.0	30.0	0.0	0.0	0.0	184.0	5.0	0.0	0.0	0.0	0.0	0.0	0.0	71.0	0.0	0.0	30.0	0.0	0.0	0.0	0.0	3.0	0.0	0.0	0.0	64.0	0.0	0.0	0.0	0.0	12.0	0.0	65.0	0.0	0.0	0.0	0.0	0.0	0.0	0.0	0.0	0.0	0.0	14.0	0.0	0.0	0.0	0.0	0.0	0.0	0.0	0.0	0.0	4.0	0.0	0.0	12.0	0.0	0.0	0.0	0.0	0.0	0.0	0.0	0.0	0.0	0.0	0.0	0.0	0.0	0.0	0.0	5.0	0.0	0.0	0.0	0.0	8.0	0.0	0.0	0.0	0.0	0.0	0.0	0.0	0.0	0.0	0.0	7.0	0.0	0.0	0.0	0.0	0.0	0.0	0.0	0.0	0.0	0.0	0.0	0.0	0.0	0.0	0.0	0.0	0.0	0.0	0.0	0.0	0.0	0.0	0.0	0.0	0.0	0.0	0.0	0.0	0.0	0.0	0.0	0.0	0.0	0.0	0.0	0.0	0.0	0.0	0.0	0.0	0.0	0.0	0.0	0.0	0.0	0.0	0.0	0.0	0.0	0.0	0.0	0.0	0.0	0.0	0.0	0.0	0.0	0.0	0.0	0.0	0.0	0.0	0.0	0.0	0.0	0.0	0.0	0.0	0.0	0.0	0.0	0.0	0.0	0.0	0.0	4.0	0.0	0.0	0.0	0.0	0.0	0.0	0.0	0.0	0.0	0.0	0.0	0.0	0.0	0.0	0.0	0.0	0.0	0.0	0.0	0.0	0.0	0.0	0.0	0.0	0.0	0.0	0.0	0.0	0.0	0.0	0.0
SRR9612572	0.0	0.0	15.0	0.0	3208.0	20.0	0.0	0.0	8576.0	442.0	0.0	0.0	406.0	786.0	0.0	744.0	0.0	0.0	0.0	4153.0	0.0	0.0	3.0	0.0	61.0	0.0	0.0	3963.0	40.0	0.0	0.0	23.0	0.0	162.0	0.0	0.0	107.0	39.0	0.0	3.0	52.0	0.0	64.0	0.0	0.0	0.0	0.0	0.0	0.0	0.0	0.0	0.0	5.0	0.0	0.0	0.0	3.0	0.0	0.0	0.0	0.0	8.0	0.0	0.0	0.0	24.0	333.0	39.0	206.0	0.0	95.0	23.0	0.0	0.0	40.0	0.0	0.0	27.0	13.0	0.0	327.0	0.0	28.0	4.0	9.0	0.0	473.0	0.0	0.0	0.0	0.0	0.0	0.0	0.0	0.0	0.0	0.0	0.0	34.0	0.0	0.0	27.0	0.0	0.0	0.0	4.0	0.0	0.0	0.0	0.0	0.0	0.0	0.0	0.0	0.0	22.0	11.0	0.0	0.0	0.0	0.0	0.0	0.0	0.0	0.0	5.0	0.0	0.0	0.0	356.0	0.0	0.0	0.0	0.0	0.0	0.0	0.0	0.0	0.0	0.0	0.0	0.0	0.0	0.0	0.0	0.0	0.0	16.0	0.0	0.0	0.0	0.0	0.0	0.0	0.0	0.0	0.0	0.0	0.0	0.0	0.0	0.0	78.0	0.0	0.0	0.0	0.0	0.0	0.0	0.0	0.0	0.0	0.0	0.0	0.0	132.0	0.0	0.0	0.0	0.0	0.0	0.0	0.0	9.0	0.0	0.0	16.0	0.0	4.0	0.0	0.0	0.0	0.0	0.0	0.0	0.0	36.0	0.0	0.0	0.0	0.0	0.0	0.0	0.0	0.0	0.0	0.0	0.0	0.0	0.0	0.0	0.0	241.0	0.0	0.0	0.0	0.0	0.0	0.0	0.0	0.0	0.0	0.0	0.0	0.0	0.0	0.0	3.0	0.0	0.0	0.0	0.0	0.0	0.0	0.0	0.0	0.0	0.0	0.0	0.0	0.0	0.0	0.0	0.0	0.0	0.0	0.0	0.0	0.0	0.0	0.0	0.0	0.0	0.0	0.0	0.0	0.0	0.0	0.0	0.0	0.0	0.0	0.0	0.0	0.0	0.0	0.0	0.0	0.0	0.0	0.0	0.0	0.0	0.0	0.0	0.0	0.0	0.0	0.0	0.0	0.0	0.0	0.0	0.0	0.0	0.0	0.0	0.0	0.0	0.0	0.0	0.0	0.0	0.0	0.0	0.0	0.0	0.0	0.0	0.0	0.0	0.0	0.0	0.0	0.0	0.0	0.0	0.0	0.0	0.0	0.0	0.0	0.0	0.0	0.0	0.0	0.0	0.0	0.0	0.0	0.0	0.0	0.0	0.0	0.0	0.0
SRR9612575	0.0	88.0	119.0	3.0	1529.0	6.0	7.0	6.0	7001.0	268.0	0.0	0.0	206.0	1365.0	0.0	1405.0	4.0	97.0	4.0	6231.0	44.0	0.0	0.0	81.0	101.0	0.0	0.0	367.0	53.0	0.0	0.0	144.0	98.0	10.0	0.0	0.0	0.0	67.0	7.0	26.0	18.0	61.0	106.0	0.0	0.0	6.0	0.0	0.0	0.0	0.0	46.0	0.0	5.0	0.0	0.0	0.0	2.0	13.0	0.0	0.0	9.0	76.0	3.0	0.0	0.0	21.0	927.0	867.0	380.0	0.0	73.0	0.0	6.0	10.0	213.0	0.0	0.0	38.0	25.0	32.0	115.0	0.0	314.0	0.0	11.0	0.0	509.0	0.0	0.0	0.0	8.0	5.0	2.0	11.0	0.0	4.0	0.0	0.0	34.0	0.0	0.0	116.0	64.0	0.0	0.0	2.0	0.0	0.0	0.0	10.0	0.0	0.0	0.0	13.0	4.0	0.0	8.0	0.0	15.0	0.0	0.0	0.0	174.0	0.0	105.0	0.0	0.0	6.0	0.0	67.0	4.0	39.0	274.0	0.0	0.0	0.0	0.0	0.0	0.0	0.0	25.0	0.0	0.0	9.0	0.0	3.0	0.0	0.0	10.0	0.0	45.0	0.0	0.0	3.0	0.0	84.0	5.0	4.0	0.0	0.0	0.0	0.0	1137.0	0.0	0.0	0.0	98.0	0.0	0.0	0.0	0.0	0.0	20.0	6.0	12.0	29.0	0.0	0.0	0.0	6.0	0.0	4.0	0.0	23.0	0.0	0.0	207.0	0.0	9.0	0.0	0.0	7.0	0.0	0.0	14.0	0.0	875.0	0.0	0.0	0.0	0.0	0.0	0.0	0.0	0.0	0.0	0.0	0.0	0.0	0.0	0.0	0.0	30.0	0.0	0.0	5.0	0.0	0.0	14.0	0.0	0.0	0.0	0.0	0.0	0.0	0.0	0.0	0.0	0.0	0.0	0.0	0.0	0.0	0.0	0.0	0.0	0.0	0.0	0.0	0.0	0.0	0.0	0.0	0.0	0.0	0.0	0.0	0.0	0.0	0.0	0.0	0.0	0.0	0.0	0.0	0.0	13.0	0.0	0.0	0.0	0.0	0.0	0.0	0.0	0.0	0.0	0.0	0.0	0.0	0.0	0.0	0.0	0.0	0.0	0.0	0.0	0.0	0.0	0.0	0.0	0.0	0.0	0.0	0.0	0.0	0.0	0.0	0.0	0.0	0.0	0.0	0.0	8.0	0.0	0.0	0.0	0.0	334.0	0.0	0.0	0.0	0.0	0.0	0.0	0.0	0.0	0.0	0.0	0.0	0.0	0.0	0.0	0.0	0.0	0.0	0.0	0.0	0.0	0.0	0.0	0.0	0.0	0.0	0.0	0.0	0.0
SRR9612576	0.0	245.0	19.0	0.0	1036.0	27.0	86.0	0.0	4016.0	287.0	0.0	0.0	596.0	1748.0	4.0	1604.0	0.0	0.0	3.0	6452.0	0.0	0.0	0.0	42.0	124.0	0.0	0.0	457.0	151.0	0.0	0.0	85.0	1972.0	44.0	0.0	0.0	0.0	41.0	7.0	0.0	7.0	79.0	92.0	0.0	9.0	4.0	0.0	0.0	0.0	0.0	6.0	3.0	0.0	0.0	0.0	0.0	0.0	17.0	0.0	0.0	57.0	195.0	0.0	0.0	0.0	26.0	118.0	264.0	51.0	35.0	263.0	33.0	13.0	8.0	74.0	0.0	0.0	14.0	53.0	18.0	74.0	0.0	77.0	0.0	0.0	0.0	390.0	0.0	0.0	0.0	0.0	0.0	0.0	70.0	0.0	0.0	0.0	340.0	33.0	0.0	0.0	980.0	55.0	6.0	0.0	0.0	0.0	0.0	0.0	0.0	0.0	0.0	0.0	14.0	0.0	0.0	7.0	0.0	5.0	0.0	0.0	0.0	0.0	0.0	3.0	0.0	0.0	0.0	0.0	210.0	0.0	72.0	74.0	0.0	0.0	0.0	0.0	0.0	0.0	0.0	43.0	0.0	0.0	0.0	0.0	0.0	21.0	0.0	18.0	0.0	35.0	2.0	0.0	0.0	0.0	85.0	0.0	0.0	0.0	0.0	0.0	0.0	1948.0	0.0	0.0	0.0	0.0	0.0	0.0	19.0	0.0	0.0	0.0	0.0	0.0	0.0	0.0	0.0	0.0	5.0	0.0	5.0	0.0	59.0	0.0	0.0	104.0	0.0	0.0	0.0	0.0	0.0	0.0	0.0	0.0	0.0	1483.0	0.0	0.0	0.0	0.0	0.0	23.0	0.0	0.0	0.0	0.0	0.0	0.0	0.0	0.0	0.0	0.0	0.0	0.0	0.0	0.0	0.0	9.0	0.0	0.0	0.0	0.0	0.0	0.0	2.0	0.0	0.0	0.0	0.0	0.0	0.0	0.0	0.0	0.0	0.0	0.0	0.0	0.0	0.0	0.0	0.0	0.0	0.0	0.0	0.0	0.0	0.0	0.0	0.0	0.0	0.0	0.0	0.0	0.0	0.0	0.0	0.0	0.0	0.0	0.0	0.0	0.0	0.0	0.0	0.0	0.0	0.0	0.0	0.0	0.0	0.0	0.0	0.0	0.0	0.0	0.0	0.0	0.0	0.0	0.0	0.0	0.0	0.0	0.0	0.0	0.0	0.0	0.0	0.0	0.0	0.0	0.0	0.0	0.0	0.0	0.0	0.0	0.0	0.0	0.0	0.0	0.0	0.0	0.0	0.0	0.0	0.0	0.0	0.0	0.0	0.0	0.0	0.0	0.0	0.0	0.0	0.0	0.0	0.0	0.0	0.0	0.0	0.0	0.0	0.0
SRR9612578	0.0	139.0	408.0	6.0	15.0	1868.0	38.0	45.0	2541.0	169.0	0.0	14.0	228.0	138.0	25.0	587.0	4.0	17.0	18.0	992.0	126.0	0.0	32.0	397.0	1566.0	0.0	0.0	61.0	8.0	21.0	39.0	81.0	0.0	0.0	0.0	0.0	0.0	113.0	32.0	7.0	67.0	286.0	4.0	62.0	35.0	7.0	2.0	0.0	0.0	0.0	8.0	0.0	0.0	0.0	12.0	0.0	323.0	37.0	53.0	1541.0	82.0	224.0	323.0	0.0	0.0	0.0	9.0	18.0	68.0	0.0	380.0	394.0	62.0	15.0	40.0	27.0	42.0	0.0	22.0	34.0	10.0	60.0	545.0	8.0	10.0	6.0	257.0	0.0	0.0	48.0	29.0	0.0	0.0	169.0	19.0	31.0	0.0	14.0	34.0	0.0	0.0	65.0	115.0	0.0	0.0	122.0	4.0	0.0	0.0	0.0	32.0	0.0	3.0	133.0	0.0	2.0	0.0	0.0	227.0	3.0	0.0	0.0	0.0	0.0	148.0	353.0	0.0	71.0	233.0	47.0	0.0	128.0	14.0	23.0	0.0	0.0	11.0	0.0	0.0	0.0	33.0	0.0	0.0	12.0	0.0	5.0	262.0	33.0	41.0	0.0	126.0	63.0	0.0	0.0	0.0	90.0	57.0	56.0	43.0	0.0	32.0	0.0	18.0	7.0	11.0	0.0	0.0	4.0	12.0	0.0	52.0	0.0	0.0	61.0	0.0	0.0	0.0	0.0	0.0	7.0	0.0	0.0	7.0	29.0	0.0	0.0	196.0	0.0	14.0	0.0	23.0	0.0	0.0	0.0	31.0	0.0	86.0	0.0	0.0	0.0	25.0	0.0	34.0	0.0	10.0	0.0	0.0	0.0	0.0	0.0	15.0	0.0	0.0	0.0	34.0	0.0	45.0	0.0	12.0	0.0	0.0	0.0	0.0	0.0	0.0	0.0	0.0	0.0	100.0	0.0	0.0	8.0	0.0	5.0	0.0	0.0	0.0	0.0	0.0	0.0	0.0	6.0	0.0	5.0	0.0	0.0	0.0	0.0	0.0	0.0	0.0	0.0	0.0	0.0	4.0	0.0	43.0	0.0	0.0	0.0	0.0	0.0	0.0	0.0	0.0	0.0	0.0	0.0	0.0	0.0	0.0	0.0	0.0	0.0	0.0	0.0	0.0	0.0	0.0	0.0	0.0	0.0	0.0	0.0	0.0	0.0	0.0	0.0	0.0	0.0	0.0	0.0	0.0	0.0	0.0	0.0	0.0	0.0	0.0	0.0	0.0	0.0	0.0	0.0	0.0	0.0	0.0	0.0	0.0	0.0	0.0	0.0	0.0	0.0	0.0	0.0	0.0	0.0	0.0	0.0	0.0	0.0	0.0	0.0	0.0	0.0
SRR9612579	0.0	220.0	675.0	9.0	174.0	1888.0	95.0	31.0	3022.0	104.0	0.0	30.0	175.0	162.0	10.0	502.0	22.0	25.0	45.0	1788.0	84.0	0.0	32.0	386.0	2055.0	7.0	0.0	136.0	13.0	0.0	53.0	173.0	6.0	2.0	18.0	6.0	5.0	116.0	6.0	0.0	42.0	307.0	27.0	0.0	43.0	0.0	6.0	0.0	4.0	0.0	29.0	12.0	10.0	23.0	0.0	3.0	338.0	16.0	17.0	87.0	64.0	141.0	411.0	0.0	0.0	0.0	116.0	12.0	48.0	21.0	203.0	383.0	76.0	24.0	67.0	24.0	53.0	12.0	34.0	20.0	40.0	52.0	713.0	20.0	9.0	6.0	210.0	9.0	0.0	53.0	32.0	0.0	0.0	172.0	19.0	26.0	0.0	45.0	114.0	0.0	9.0	41.0	121.0	0.0	0.0	133.0	0.0	0.0	0.0	0.0	49.0	0.0	0.0	96.0	7.0	7.0	10.0	0.0	229.0	0.0	0.0	0.0	11.0	0.0	194.0	801.0	11.0	137.0	185.0	14.0	41.0	123.0	11.0	27.0	0.0	0.0	0.0	0.0	0.0	0.0	52.0	0.0	0.0	4.0	4.0	22.0	246.0	19.0	23.0	0.0	17.0	103.0	3.0	0.0	3.0	106.0	268.0	130.0	16.0	0.0	65.0	0.0	0.0	0.0	22.0	0.0	15.0	0.0	0.0	13.0	14.0	0.0	0.0	61.0	42.0	0.0	0.0	0.0	0.0	0.0	0.0	0.0	0.0	13.0	0.0	0.0	108.0	0.0	28.0	0.0	9.0	7.0	0.0	0.0	0.0	0.0	121.0	0.0	0.0	3.0	32.0	0.0	34.0	0.0	22.0	42.0	6.0	3.0	0.0	0.0	27.0	7.0	17.0	0.0	24.0	0.0	77.0	0.0	68.0	0.0	0.0	0.0	0.0	0.0	0.0	6.0	0.0	0.0	35.0	0.0	0.0	0.0	8.0	6.0	0.0	0.0	0.0	0.0	0.0	0.0	0.0	6.0	0.0	0.0	0.0	0.0	0.0	0.0	0.0	0.0	0.0	0.0	0.0	0.0	0.0	17.0	27.0	0.0	10.0	0.0	5.0	0.0	0.0	0.0	0.0	0.0	0.0	0.0	0.0	12.0	0.0	0.0	0.0	0.0	0.0	0.0	0.0	0.0	0.0	0.0	0.0	0.0	0.0	0.0	0.0	0.0	0.0	0.0	0.0	0.0	0.0	0.0	0.0	0.0	13.0	0.0	0.0	0.0	0.0	0.0	0.0	0.0	0.0	0.0	0.0	0.0	0.0	0.0	0.0	0.0	0.0	0.0	0.0	0.0	0.0	2.0	0.0	0.0	0.0	0.0	0.0	0.0	0.0	0.0	0.0	0.0
SRR9612580	2.0	180.0	1286.0	0.0	49.0	3029.0	137.0	0.0	3954.0	90.0	5.0	5.0	323.0	86.0	7.0	579.0	14.0	19.0	78.0	2216.0	198.0	0.0	27.0	551.0	2100.0	0.0	0.0	88.0	83.0	14.0	18.0	133.0	7.0	27.0	0.0	0.0	0.0	368.0	0.0	25.0	79.0	174.0	6.0	75.0	49.0	21.0	7.0	5.0	0.0	0.0	30.0	10.0	0.0	0.0	7.0	0.0	226.0	57.0	30.0	100.0	14.0	90.0	391.0	0.0	0.0	0.0	72.0	36.0	136.0	11.0	219.0	918.0	64.0	4.0	144.0	21.0	126.0	0.0	48.0	6.0	10.0	80.0	803.0	36.0	32.0	12.0	146.0	0.0	0.0	77.0	80.0	0.0	0.0	95.0	0.0	8.0	2.0	35.0	133.0	0.0	10.0	50.0	88.0	8.0	0.0	342.0	0.0	0.0	0.0	0.0	47.0	0.0	6.0	15.0	0.0	15.0	15.0	13.0	116.0	25.0	18.0	0.0	0.0	0.0	309.0	747.0	0.0	187.0	176.0	24.0	0.0	24.0	26.0	9.0	0.0	0.0	0.0	0.0	0.0	0.0	69.0	0.0	0.0	0.0	7.0	0.0	313.0	6.0	72.0	2.0	27.0	43.0	7.0	0.0	2.0	30.0	335.0	135.0	17.0	0.0	92.0	0.0	17.0	8.0	17.0	0.0	0.0	0.0	20.0	0.0	21.0	0.0	0.0	120.0	44.0	0.0	0.0	0.0	0.0	8.0	4.0	0.0	0.0	6.0	0.0	0.0	159.0	0.0	32.0	0.0	9.0	0.0	0.0	0.0	8.0	0.0	153.0	0.0	0.0	0.0	79.0	3.0	22.0	0.0	0.0	33.0	9.0	0.0	0.0	0.0	25.0	0.0	33.0	0.0	9.0	0.0	66.0	0.0	36.0	0.0	0.0	2.0	0.0	0.0	0.0	4.0	0.0	0.0	53.0	14.0	0.0	5.0	13.0	10.0	0.0	0.0	0.0	0.0	0.0	0.0	0.0	0.0	0.0	0.0	0.0	0.0	0.0	0.0	0.0	0.0	0.0	0.0	0.0	0.0	0.0	9.0	31.0	0.0	0.0	0.0	8.0	0.0	4.0	0.0	0.0	0.0	0.0	0.0	0.0	0.0	0.0	0.0	0.0	0.0	0.0	0.0	0.0	0.0	0.0	0.0	0.0	0.0	0.0	0.0	0.0	0.0	0.0	0.0	0.0	0.0	0.0	0.0	0.0	0.0	15.0	0.0	0.0	0.0	0.0	0.0	0.0	0.0	0.0	0.0	0.0	0.0	0.0	0.0	0.0	0.0	0.0	0.0	0.0	0.0	0.0	0.0	0.0	0.0	0.0	0.0	0.0	0.0	0.0	0.0	0.0	0.0
SRR9612581	0.0	197.0	672.0	0.0	18.0	2552.0	129.0	28.0	4019.0	117.0	0.0	30.0	376.0	109.0	19.0	535.0	5.0	4.0	34.0	2111.0	86.0	0.0	19.0	404.0	1722.0	0.0	0.0	65.0	0.0	21.0	32.0	182.0	0.0	9.0	0.0	0.0	3.0	223.0	3.0	37.0	84.0	217.0	0.0	39.0	0.0	0.0	11.0	6.0	0.0	0.0	25.0	6.0	11.0	0.0	0.0	12.0	256.0	50.0	28.0	79.0	26.0	164.0	428.0	11.0	0.0	0.0	22.0	7.0	67.0	13.0	275.0	670.0	65.0	16.0	96.0	38.0	106.0	4.0	30.0	5.0	13.0	82.0	935.0	21.0	25.0	11.0	205.0	0.0	0.0	111.0	109.0	0.0	0.0	128.0	17.0	29.0	7.0	15.0	57.0	0.0	0.0	29.0	60.0	0.0	5.0	360.0	0.0	0.0	0.0	0.0	85.0	0.0	3.0	73.0	7.0	19.0	2.0	0.0	144.0	4.0	9.0	0.0	0.0	0.0	213.0	531.0	0.0	208.0	162.0	28.0	3.0	59.0	4.0	16.0	0.0	0.0	0.0	0.0	0.0	0.0	49.0	0.0	2.0	4.0	4.0	0.0	405.0	64.0	42.0	2.0	25.0	105.0	4.0	12.0	0.0	44.0	171.0	93.0	60.0	0.0	83.0	0.0	27.0	9.0	26.0	0.0	0.0	0.0	19.0	0.0	11.0	0.0	0.0	65.0	32.0	0.0	0.0	0.0	0.0	0.0	6.0	0.0	0.0	27.0	0.0	7.0	208.0	0.0	20.0	0.0	12.0	0.0	0.0	0.0	0.0	0.0	289.0	0.0	0.0	0.0	251.0	2.0	22.0	0.0	15.0	0.0	8.0	0.0	0.0	0.0	21.0	0.0	44.0	0.0	17.0	0.0	117.0	0.0	46.0	0.0	0.0	2.0	0.0	0.0	0.0	6.0	0.0	0.0	42.0	35.0	0.0	0.0	24.0	11.0	0.0	0.0	0.0	0.0	0.0	0.0	0.0	0.0	0.0	0.0	0.0	0.0	0.0	0.0	0.0	0.0	0.0	0.0	0.0	0.0	0.0	0.0	24.0	0.0	0.0	0.0	10.0	0.0	2.0	0.0	0.0	0.0	0.0	0.0	0.0	0.0	0.0	0.0	0.0	0.0	0.0	0.0	0.0	0.0	0.0	2.0	0.0	0.0	0.0	0.0	0.0	0.0	0.0	0.0	0.0	0.0	0.0	0.0	0.0	0.0	22.0	0.0	0.0	0.0	0.0	0.0	0.0	0.0	0.0	0.0	0.0	0.0	0.0	0.0	0.0	0.0	0.0	0.0	0.0	0.0	0.0	4.0	0.0	0.0	0.0	0.0	0.0	0.0	0.0	0.0	0.0	0.0
SRR9612582	0.0	175.0	12.0	0.0	2662.0	39.0	7.0	0.0	2669.0	210.0	0.0	0.0	632.0	2504.0	0.0	972.0	0.0	15.0	14.0	1852.0	12.0	0.0	7.0	11.0	114.0	0.0	0.0	132.0	36.0	24.0	0.0	80.0	1270.0	8.0	0.0	2.0	71.0	16.0	81.0	5.0	11.0	105.0	9.0	0.0	0.0	0.0	0.0	0.0	0.0	0.0	3.0	0.0	0.0	0.0	0.0	0.0	4.0	22.0	0.0	24.0	58.0	121.0	7.0	0.0	0.0	0.0	74.0	178.0	72.0	0.0	1711.0	25.0	6.0	6.0	32.0	0.0	6.0	0.0	128.0	11.0	21.0	0.0	26.0	2.0	0.0	0.0	309.0	0.0	6.0	0.0	0.0	0.0	0.0	13.0	0.0	0.0	2.0	1046.0	31.0	0.0	0.0	380.0	416.0	4.0	0.0	5.0	0.0	0.0	0.0	0.0	0.0	0.0	0.0	0.0	0.0	0.0	0.0	0.0	17.0	9.0	0.0	0.0	0.0	0.0	0.0	21.0	0.0	0.0	0.0	218.0	0.0	44.0	35.0	0.0	8.0	0.0	6.0	0.0	0.0	0.0	0.0	0.0	0.0	0.0	0.0	102.0	26.0	0.0	17.0	6.0	71.0	3.0	0.0	0.0	0.0	422.0	0.0	0.0	0.0	9.0	5.0	0.0	624.0	0.0	0.0	0.0	0.0	0.0	0.0	2.0	0.0	0.0	0.0	10.0	0.0	124.0	0.0	0.0	0.0	0.0	0.0	0.0	0.0	54.0	0.0	0.0	21.0	0.0	0.0	0.0	0.0	0.0	0.0	0.0	0.0	0.0	284.0	0.0	0.0	0.0	3.0	0.0	13.0	0.0	5.0	0.0	0.0	0.0	0.0	0.0	0.0	0.0	0.0	0.0	0.0	10.0	0.0	0.0	5.0	0.0	0.0	0.0	0.0	0.0	0.0	0.0	0.0	0.0	2.0	0.0	0.0	0.0	0.0	0.0	0.0	0.0	0.0	0.0	0.0	0.0	0.0	0.0	0.0	10.0	0.0	0.0	0.0	0.0	0.0	0.0	0.0	0.0	0.0	0.0	0.0	0.0	0.0	0.0	0.0	0.0	0.0	0.0	0.0	0.0	0.0	0.0	0.0	0.0	0.0	0.0	0.0	0.0	0.0	0.0	0.0	0.0	0.0	0.0	0.0	0.0	0.0	0.0	0.0	6.0	0.0	0.0	0.0	0.0	0.0	0.0	0.0	0.0	0.0	0.0	0.0	0.0	0.0	0.0	0.0	0.0	0.0	0.0	0.0	0.0	0.0	0.0	0.0	0.0	0.0	0.0	0.0	0.0	0.0	0.0	0.0	0.0	0.0	0.0	0.0	0.0	0.0	0.0	0.0	0.0	0.0	0.0
SRR9612583	0.0	283.0	7.0	0.0	804.0	4.0	81.0	0.0	6545.0	275.0	0.0	3.0	29.0	3301.0	0.0	968.0	2.0	5.0	5.0	1447.0	104.0	0.0	2.0	36.0	104.0	0.0	0.0	635.0	66.0	17.0	0.0	187.0	53.0	20.0	0.0	5.0	0.0	16.0	106.0	9.0	0.0	202.0	13.0	0.0	17.0	5.0	0.0	0.0	0.0	0.0	4.0	0.0	0.0	0.0	0.0	0.0	0.0	33.0	0.0	0.0	138.0	71.0	0.0	0.0	0.0	33.0	95.0	83.0	266.0	18.0	583.0	10.0	5.0	8.0	37.0	7.0	0.0	8.0	30.0	35.0	318.0	0.0	29.0	0.0	0.0	0.0	359.0	0.0	0.0	0.0	0.0	0.0	0.0	253.0	0.0	11.0	0.0	758.0	0.0	0.0	0.0	177.0	563.0	0.0	0.0	0.0	0.0	0.0	0.0	0.0	0.0	0.0	0.0	0.0	0.0	0.0	7.0	0.0	24.0	4.0	0.0	0.0	0.0	0.0	13.0	0.0	3.0	0.0	0.0	137.0	34.0	87.0	23.0	3.0	0.0	0.0	6.0	0.0	0.0	0.0	0.0	0.0	0.0	0.0	0.0	0.0	4.0	0.0	0.0	0.0	57.0	0.0	0.0	0.0	0.0	215.0	0.0	3.0	0.0	0.0	3.0	0.0	539.0	0.0	0.0	0.0	6.0	0.0	0.0	0.0	0.0	0.0	0.0	0.0	0.0	21.0	0.0	0.0	0.0	0.0	0.0	0.0	0.0	74.0	0.0	0.0	196.0	0.0	0.0	0.0	0.0	7.0	0.0	0.0	11.0	0.0	518.0	0.0	0.0	0.0	0.0	0.0	78.0	0.0	0.0	7.0	0.0	0.0	0.0	0.0	7.0	0.0	43.0	0.0	0.0	0.0	0.0	0.0	3.0	0.0	0.0	0.0	0.0	0.0	0.0	0.0	0.0	0.0	0.0	0.0	0.0	0.0	0.0	4.0	0.0	0.0	0.0	0.0	0.0	0.0	0.0	0.0	0.0	0.0	0.0	0.0	0.0	0.0	0.0	0.0	0.0	0.0	0.0	0.0	0.0	0.0	0.0	0.0	0.0	0.0	0.0	0.0	0.0	0.0	0.0	0.0	0.0	0.0	0.0	0.0	0.0	0.0	0.0	0.0	0.0	0.0	0.0	0.0	0.0	0.0	0.0	0.0	0.0	0.0	0.0	0.0	0.0	0.0	0.0	0.0	0.0	0.0	0.0	0.0	0.0	0.0	0.0	10.0	0.0	0.0	0.0	0.0	0.0	0.0	0.0	0.0	0.0	0.0	0.0	0.0	0.0	0.0	0.0	0.0	0.0	0.0	0.0	0.0	0.0	0.0	0.0	0.0	0.0	0.0	0.0	0.0
SRR9612584	0.0	129.0	0.0	0.0	0.0	6.0	0.0	0.0	4295.0	167.0	0.0	12.0	259.0	246.0	0.0	1074.0	0.0	0.0	18.0	11863.0	5.0	0.0	3.0	11.0	83.0	0.0	0.0	630.0	30.0	11.0	0.0	44.0	0.0	23.0	0.0	3.0	0.0	47.0	3.0	10.0	18.0	31.0	0.0	0.0	0.0	0.0	0.0	0.0	0.0	0.0	0.0	0.0	0.0	0.0	0.0	0.0	0.0	7.0	0.0	0.0	0.0	30.0	0.0	0.0	0.0	0.0	65.0	0.0	57.0	0.0	79.0	11.0	0.0	0.0	91.0	0.0	0.0	0.0	222.0	0.0	32.0	10.0	0.0	0.0	2.0	0.0	290.0	0.0	2.0	0.0	15.0	0.0	2.0	13.0	0.0	0.0	5.0	0.0	21.0	0.0	0.0	153.0	18.0	0.0	0.0	0.0	0.0	0.0	0.0	0.0	0.0	0.0	0.0	0.0	0.0	0.0	0.0	0.0	0.0	0.0	0.0	0.0	0.0	0.0	0.0	4.0	2.0	0.0	0.0	61.0	0.0	11.0	77.0	0.0	3.0	0.0	0.0	0.0	0.0	0.0	0.0	0.0	0.0	0.0	0.0	0.0	0.0	6.0	0.0	0.0	0.0	0.0	0.0	0.0	0.0	6.0	0.0	3.0	0.0	0.0	9.0	0.0	1462.0	0.0	0.0	0.0	0.0	0.0	0.0	0.0	0.0	0.0	0.0	15.0	0.0	0.0	0.0	0.0	0.0	10.0	0.0	0.0	0.0	19.0	0.0	0.0	0.0	0.0	3.0	0.0	0.0	0.0	0.0	0.0	0.0	0.0	1832.0	0.0	0.0	0.0	0.0	0.0	7.0	0.0	0.0	0.0	0.0	0.0	0.0	0.0	0.0	0.0	7.0	0.0	0.0	0.0	0.0	0.0	0.0	0.0	0.0	0.0	0.0	0.0	0.0	0.0	0.0	0.0	0.0	0.0	0.0	0.0	0.0	0.0	0.0	0.0	0.0	0.0	0.0	0.0	0.0	0.0	0.0	0.0	0.0	0.0	0.0	0.0	0.0	0.0	0.0	0.0	0.0	0.0	0.0	0.0	0.0	0.0	0.0	0.0	0.0	0.0	0.0	0.0	0.0	0.0	0.0	0.0	0.0	0.0	0.0	0.0	0.0	0.0	0.0	0.0	0.0	0.0	0.0	0.0	0.0	0.0	0.0	0.0	0.0	0.0	0.0	0.0	0.0	0.0	0.0	0.0	0.0	0.0	0.0	0.0	0.0	0.0	0.0	0.0	0.0	0.0	0.0	0.0	0.0	0.0	0.0	0.0	0.0	0.0	0.0	0.0	0.0	0.0	0.0	0.0	0.0	0.0	0.0	0.0	0.0	0.0	0.0	0.0	0.0	0.0
SRR9612585	0.0	281.0	5.0	0.0	21.0	3.0	0.0	0.0	2374.0	1291.0	0.0	45.0	128.0	1217.0	0.0	882.0	0.0	2.0	0.0	5038.0	17.0	0.0	0.0	13.0	101.0	0.0	0.0	138.0	43.0	0.0	0.0	27.0	0.0	44.0	0.0	0.0	0.0	0.0	9.0	9.0	24.0	0.0	4.0	0.0	0.0	2.0	0.0	0.0	2.0	0.0	0.0	0.0	0.0	0.0	0.0	0.0	3.0	166.0	0.0	3.0	8.0	373.0	10.0	0.0	0.0	2.0	10.0	0.0	24.0	0.0	118.0	16.0	0.0	4.0	51.0	0.0	0.0	0.0	19.0	0.0	27.0	2.0	0.0	0.0	0.0	0.0	503.0	0.0	0.0	0.0	6.0	0.0	0.0	0.0	0.0	0.0	0.0	0.0	8.0	0.0	0.0	131.0	132.0	2.0	0.0	2.0	0.0	0.0	0.0	0.0	0.0	0.0	0.0	10.0	0.0	0.0	0.0	0.0	18.0	8.0	0.0	0.0	0.0	0.0	0.0	6.0	0.0	6.0	0.0	90.0	0.0	106.0	48.0	0.0	0.0	0.0	0.0	0.0	0.0	0.0	4.0	0.0	0.0	3.0	0.0	0.0	0.0	0.0	0.0	0.0	18.0	0.0	0.0	0.0	0.0	111.0	0.0	0.0	0.0	0.0	0.0	0.0	1013.0	0.0	0.0	0.0	0.0	0.0	0.0	26.0	0.0	0.0	3.0	0.0	0.0	0.0	0.0	0.0	0.0	0.0	0.0	0.0	0.0	126.0	0.0	0.0	0.0	0.0	0.0	0.0	0.0	0.0	0.0	0.0	199.0	0.0	955.0	0.0	0.0	0.0	13.0	0.0	12.0	0.0	0.0	0.0	0.0	0.0	0.0	0.0	0.0	0.0	8.0	0.0	0.0	10.0	0.0	0.0	0.0	0.0	0.0	0.0	0.0	0.0	0.0	0.0	0.0	0.0	0.0	0.0	3.0	0.0	0.0	0.0	0.0	0.0	0.0	0.0	0.0	0.0	0.0	0.0	0.0	0.0	0.0	0.0	0.0	0.0	0.0	0.0	0.0	0.0	0.0	0.0	0.0	0.0	0.0	0.0	0.0	0.0	0.0	0.0	0.0	0.0	0.0	0.0	0.0	0.0	0.0	0.0	0.0	0.0	0.0	0.0	0.0	0.0	0.0	0.0	0.0	3.0	0.0	0.0	0.0	0.0	0.0	0.0	0.0	0.0	0.0	0.0	0.0	0.0	0.0	0.0	0.0	0.0	0.0	0.0	0.0	0.0	0.0	0.0	0.0	0.0	0.0	13.0	0.0	0.0	0.0	0.0	0.0	0.0	0.0	0.0	0.0	0.0	0.0	0.0	0.0	0.0	0.0	0.0	0.0	0.0	0.0	0.0
SRR9612586	0.0	1197.0	10.0	10.0	333.0	16.0	16.0	97.0	3967.0	999.0	0.0	26.0	356.0	2513.0	0.0	1041.0	6.0	56.0	4.0	273.0	225.0	0.0	41.0	39.0	311.0	0.0	0.0	19.0	0.0	101.0	9.0	35.0	0.0	7.0	0.0	0.0	205.0	11.0	146.0	27.0	30.0	1210.0	0.0	10.0	5.0	0.0	0.0	0.0	7.0	0.0	0.0	8.0	0.0	0.0	11.0	0.0	0.0	47.0	0.0	0.0	125.0	414.0	0.0	0.0	0.0	0.0	0.0	65.0	202.0	0.0	291.0	22.0	0.0	57.0	18.0	8.0	0.0	0.0	10.0	99.0	36.0	2.0	18.0	3.0	0.0	0.0	691.0	0.0	0.0	0.0	0.0	0.0	5.0	677.0	0.0	22.0	0.0	305.0	0.0	0.0	0.0	618.0	387.0	0.0	0.0	0.0	0.0	0.0	0.0	0.0	0.0	0.0	3.0	117.0	51.0	0.0	0.0	0.0	127.0	9.0	0.0	0.0	0.0	0.0	0.0	0.0	10.0	2.0	0.0	293.0	0.0	379.0	0.0	0.0	298.0	28.0	8.0	0.0	27.0	0.0	0.0	0.0	0.0	0.0	0.0	0.0	18.0	8.0	26.0	0.0	156.0	0.0	0.0	0.0	0.0	840.0	0.0	11.0	0.0	0.0	6.0	0.0	314.0	0.0	0.0	0.0	0.0	0.0	0.0	17.0	0.0	0.0	8.0	4.0	0.0	0.0	0.0	0.0	0.0	0.0	0.0	0.0	0.0	364.0	0.0	0.0	930.0	0.0	0.0	0.0	0.0	0.0	0.0	0.0	199.0	0.0	78.0	0.0	0.0	0.0	0.0	0.0	65.0	0.0	28.0	18.0	0.0	127.0	0.0	0.0	0.0	0.0	35.0	0.0	0.0	10.0	0.0	0.0	30.0	0.0	0.0	0.0	0.0	0.0	0.0	0.0	0.0	0.0	0.0	0.0	0.0	0.0	0.0	0.0	0.0	0.0	0.0	0.0	0.0	0.0	0.0	0.0	0.0	0.0	0.0	0.0	0.0	0.0	0.0	0.0	0.0	0.0	0.0	0.0	0.0	0.0	0.0	0.0	0.0	0.0	0.0	0.0	0.0	0.0	0.0	0.0	0.0	0.0	0.0	0.0	0.0	0.0	0.0	0.0	0.0	0.0	0.0	0.0	0.0	0.0	0.0	0.0	0.0	0.0	0.0	0.0	0.0	0.0	0.0	0.0	0.0	0.0	0.0	0.0	0.0	0.0	0.0	0.0	0.0	0.0	0.0	0.0	0.0	0.0	0.0	0.0	0.0	0.0	0.0	0.0	0.0	0.0	0.0	0.0	0.0	0.0	0.0	0.0	0.0	0.0	0.0	0.0	0.0	0.0	0.0	0.0
SRR9612587	0.0	238.0	7.0	0.0	346.0	25.0	0.0	0.0	4530.0	180.0	6.0	12.0	1112.0	770.0	0.0	980.0	5.0	0.0	10.0	6133.0	22.0	0.0	0.0	41.0	80.0	0.0	0.0	312.0	30.0	0.0	0.0	20.0	0.0	48.0	0.0	0.0	8.0	97.0	20.0	4.0	16.0	19.0	164.0	0.0	21.0	0.0	0.0	0.0	0.0	0.0	0.0	0.0	0.0	0.0	0.0	0.0	3.0	0.0	0.0	0.0	6.0	205.0	0.0	0.0	0.0	0.0	205.0	0.0	332.0	4.0	70.0	14.0	0.0	0.0	15.0	0.0	0.0	25.0	336.0	1.0	68.0	3.0	55.0	0.0	6.0	0.0	316.0	0.0	0.0	0.0	0.0	0.0	0.0	14.0	0.0	0.0	5.0	0.0	16.0	2.0	0.0	82.0	11.0	0.0	0.0	0.0	0.0	0.0	0.0	0.0	0.0	0.0	0.0	0.0	0.0	0.0	0.0	0.0	7.0	0.0	0.0	0.0	0.0	0.0	14.0	19.0	0.0	0.0	0.0	109.0	0.0	27.0	14.0	0.0	0.0	0.0	0.0	0.0	0.0	0.0	0.0	0.0	0.0	0.0	0.0	0.0	10.0	0.0	0.0	3.0	59.0	0.0	0.0	0.0	0.0	29.0	5.0	6.0	2.0	0.0	4.0	0.0	903.0	0.0	0.0	0.0	0.0	0.0	0.0	0.0	0.0	0.0	0.0	0.0	0.0	8.0	0.0	0.0	0.0	12.0	0.0	0.0	0.0	4.0	0.0	0.0	7.0	0.0	0.0	0.0	0.0	0.0	0.0	0.0	0.0	0.0	409.0	0.0	0.0	0.0	0.0	0.0	3.0	0.0	8.0	0.0	0.0	0.0	0.0	0.0	0.0	18.0	29.0	0.0	0.0	3.0	0.0	0.0	0.0	0.0	0.0	0.0	0.0	0.0	0.0	0.0	0.0	0.0	0.0	0.0	0.0	0.0	0.0	0.0	0.0	0.0	0.0	0.0	0.0	0.0	0.0	0.0	0.0	0.0	0.0	0.0	0.0	0.0	0.0	0.0	0.0	0.0	0.0	0.0	0.0	0.0	0.0	0.0	0.0	0.0	0.0	0.0	0.0	0.0	0.0	0.0	0.0	0.0	0.0	0.0	0.0	0.0	0.0	0.0	0.0	0.0	0.0	0.0	0.0	0.0	0.0	0.0	0.0	0.0	0.0	0.0	0.0	0.0	0.0	0.0	0.0	0.0	0.0	0.0	0.0	0.0	0.0	0.0	0.0	0.0	0.0	0.0	0.0	0.0	0.0	0.0	0.0	0.0	0.0	0.0	0.0	0.0	0.0	0.0	0.0	0.0	0.0	0.0	0.0	0.0	0.0	0.0	0.0	0.0	0.0	0.0
SRR9612588	0.0	181.0	1171.0	4.0	0.0	2317.0	150.0	7.0	3099.0	171.0	0.0	29.0	208.0	194.0	0.0	490.0	14.0	73.0	151.0	985.0	336.0	0.0	44.0	319.0	1486.0	7.0	0.0	14.0	0.0	36.0	17.0	163.0	91.0	17.0	11.0	6.0	0.0	147.0	175.0	30.0	96.0	585.0	0.0	1116.0	4.0	0.0	3.0	0.0	46.0	0.0	5.0	3.0	0.0	0.0	0.0	0.0	91.0	243.0	19.0	101.0	33.0	492.0	298.0	0.0	0.0	0.0	10.0	66.0	321.0	9.0	535.0	713.0	49.0	11.0	85.0	19.0	58.0	0.0	8.0	1076.0	16.0	132.0	546.0	8.0	24.0	19.0	108.0	0.0	0.0	98.0	31.0	0.0	0.0	306.0	30.0	12.0	3.0	33.0	190.0	0.0	0.0	66.0	51.0	0.0	0.0	201.0	0.0	0.0	0.0	0.0	73.0	0.0	7.0	48.0	31.0	0.0	0.0	6.0	97.0	16.0	0.0	0.0	0.0	0.0	143.0	450.0	4.0	142.0	305.0	0.0	0.0	201.0	0.0	0.0	0.0	15.0	3.0	0.0	0.0	0.0	0.0	13.0	0.0	0.0	0.0	6.0	461.0	35.0	60.0	0.0	57.0	55.0	0.0	0.0	6.0	50.0	45.0	107.0	27.0	0.0	115.0	0.0	0.0	6.0	2.0	0.0	0.0	0.0	12.0	22.0	0.0	0.0	12.0	94.0	0.0	0.0	0.0	12.0	0.0	0.0	10.0	4.0	0.0	18.0	0.0	0.0	294.0	18.0	27.0	0.0	11.0	0.0	0.0	0.0	40.0	0.0	13.0	0.0	0.0	0.0	15.0	2.0	12.0	0.0	88.0	24.0	16.0	7.0	0.0	0.0	19.0	0.0	0.0	0.0	0.0	0.0	82.0	0.0	42.0	0.0	0.0	0.0	0.0	0.0	0.0	3.0	12.0	0.0	41.0	4.0	0.0	0.0	27.0	7.0	0.0	0.0	0.0	0.0	0.0	0.0	0.0	0.0	0.0	16.0	0.0	0.0	0.0	0.0	0.0	2.0	0.0	0.0	0.0	0.0	0.0	0.0	18.0	2.0	0.0	0.0	0.0	0.0	0.0	0.0	0.0	0.0	0.0	0.0	0.0	0.0	0.0	0.0	0.0	0.0	0.0	0.0	0.0	0.0	0.0	0.0	0.0	0.0	0.0	0.0	0.0	0.0	0.0	0.0	0.0	0.0	0.0	0.0	0.0	0.0	30.0	0.0	0.0	0.0	0.0	0.0	0.0	0.0	0.0	0.0	0.0	0.0	0.0	0.0	0.0	0.0	0.0	0.0	0.0	0.0	0.0	0.0	0.0	0.0	0.0	0.0	0.0	0.0	0.0	0.0	0.0	0.0
SRR9612589	0.0	168.0	1100.0	7.0	9.0	1512.0	84.0	5.0	2550.0	173.0	0.0	3.0	203.0	184.0	0.0	344.0	14.0	16.0	71.0	241.0	147.0	0.0	32.0	202.0	1042.0	0.0	0.0	0.0	0.0	37.0	3.0	64.0	11.0	0.0	0.0	0.0	0.0	35.0	109.0	14.0	114.0	322.0	0.0	443.0	5.0	0.0	0.0	0.0	10.0	0.0	13.0	5.0	0.0	0.0	0.0	0.0	78.0	53.0	0.0	157.0	50.0	256.0	144.0	0.0	0.0	0.0	0.0	34.0	87.0	0.0	196.0	150.0	41.0	33.0	26.0	22.0	56.0	0.0	0.0	90.0	0.0	48.0	164.0	11.0	8.0	15.0	93.0	0.0	0.0	111.0	3.0	0.0	0.0	142.0	22.0	12.0	0.0	12.0	53.0	0.0	0.0	54.0	55.0	0.0	0.0	111.0	0.0	0.0	0.0	0.0	31.0	0.0	0.0	37.0	0.0	0.0	0.0	0.0	51.0	0.0	0.0	0.0	0.0	0.0	63.0	516.0	0.0	141.0	124.0	136.0	0.0	80.0	0.0	3.0	5.0	0.0	0.0	0.0	0.0	0.0	0.0	0.0	0.0	4.0	0.0	3.0	345.0	23.0	43.0	0.0	22.0	43.0	0.0	0.0	0.0	49.0	0.0	48.0	17.0	0.0	124.0	0.0	0.0	7.0	0.0	0.0	0.0	0.0	0.0	37.0	23.0	0.0	0.0	79.0	0.0	0.0	0.0	11.0	0.0	0.0	2.0	0.0	0.0	16.0	0.0	0.0	195.0	0.0	34.0	4.0	0.0	0.0	0.0	0.0	15.0	0.0	4.0	0.0	20.0	0.0	0.0	0.0	6.0	0.0	0.0	0.0	12.0	0.0	0.0	0.0	8.0	0.0	0.0	0.0	0.0	0.0	52.0	5.0	23.0	0.0	0.0	0.0	0.0	0.0	0.0	2.0	0.0	0.0	27.0	0.0	0.0	0.0	29.0	0.0	0.0	0.0	0.0	0.0	0.0	0.0	0.0	0.0	0.0	0.0	0.0	0.0	0.0	0.0	0.0	0.0	0.0	0.0	0.0	0.0	0.0	0.0	24.0	0.0	0.0	0.0	0.0	0.0	0.0	0.0	0.0	0.0	0.0	6.0	0.0	0.0	0.0	0.0	0.0	0.0	0.0	0.0	0.0	0.0	0.0	0.0	0.0	0.0	0.0	0.0	0.0	0.0	0.0	0.0	0.0	0.0	0.0	0.0	0.0	0.0	18.0	0.0	0.0	0.0	0.0	0.0	0.0	0.0	0.0	3.0	0.0	0.0	0.0	0.0	0.0	0.0	0.0	0.0	0.0	0.0	0.0	0.0	0.0	0.0	0.0	0.0	0.0	0.0	0.0	0.0	0.0	0.0
SRR9612590	0.0	147.0	1085.0	5.0	13.0	2602.0	153.0	0.0	3310.0	122.0	12.0	16.0	241.0	127.0	0.0	242.0	27.0	13.0	128.0	865.0	273.0	0.0	56.0	237.0	2335.0	4.0	0.0	22.0	7.0	16.0	18.0	123.0	22.0	7.0	0.0	0.0	11.0	49.0	82.0	45.0	64.0	496.0	0.0	606.0	0.0	5.0	0.0	0.0	44.0	0.0	8.0	0.0	0.0	3.0	0.0	0.0	132.0	33.0	13.0	178.0	58.0	254.0	291.0	0.0	0.0	0.0	0.0	30.0	94.0	2.0	133.0	517.0	42.0	20.0	73.0	31.0	56.0	0.0	16.0	820.0	22.0	65.0	474.0	0.0	11.0	7.0	89.0	0.0	0.0	57.0	10.0	0.0	0.0	154.0	31.0	16.0	0.0	7.0	190.0	0.0	0.0	72.0	70.0	0.0	0.0	107.0	0.0	0.0	0.0	0.0	31.0	0.0	2.0	43.0	0.0	0.0	0.0	0.0	107.0	0.0	12.0	0.0	0.0	0.0	104.0	511.0	0.0	134.0	251.0	47.0	0.0	47.0	16.0	0.0	0.0	0.0	4.0	0.0	0.0	0.0	0.0	2.0	0.0	2.0	0.0	15.0	287.0	40.0	43.0	0.0	29.0	17.0	0.0	0.0	4.0	43.0	30.0	82.0	11.0	0.0	128.0	0.0	28.0	8.0	0.0	0.0	0.0	0.0	0.0	13.0	11.0	0.0	22.0	145.0	0.0	0.0	0.0	0.0	0.0	0.0	5.0	0.0	0.0	11.0	0.0	0.0	126.0	14.0	29.0	3.0	10.0	0.0	0.0	0.0	20.0	0.0	11.0	0.0	6.0	0.0	7.0	0.0	9.0	0.0	0.0	10.0	6.0	0.0	0.0	0.0	19.0	0.0	10.0	0.0	0.0	0.0	45.0	0.0	78.0	0.0	0.0	0.0	0.0	0.0	0.0	9.0	0.0	0.0	61.0	0.0	0.0	0.0	15.0	11.0	0.0	0.0	0.0	0.0	0.0	0.0	0.0	0.0	0.0	10.0	0.0	0.0	0.0	0.0	0.0	0.0	0.0	0.0	0.0	0.0	0.0	0.0	17.0	3.0	0.0	0.0	0.0	0.0	0.0	0.0	0.0	0.0	0.0	0.0	0.0	0.0	0.0	0.0	0.0	0.0	0.0	0.0	0.0	0.0	0.0	0.0	0.0	0.0	0.0	0.0	0.0	0.0	0.0	0.0	0.0	0.0	0.0	0.0	0.0	0.0	14.0	0.0	0.0	0.0	0.0	0.0	0.0	0.0	0.0	0.0	0.0	0.0	0.0	0.0	0.0	0.0	0.0	0.0	0.0	0.0	0.0	0.0	0.0	0.0	0.0	0.0	0.0	0.0	0.0	0.0	0.0	0.0
SRR9612591	0.0	111.0	715.0	0.0	16.0	2038.0	82.0	0.0	2159.0	155.0	0.0	8.0	196.0	51.0	2.0	202.0	0.0	12.0	84.0	438.0	222.0	0.0	19.0	289.0	1597.0	0.0	0.0	4.0	8.0	20.0	0.0	159.0	0.0	0.0	9.0	7.0	9.0	45.0	102.0	17.0	85.0	211.0	0.0	22.0	2.0	0.0	0.0	0.0	24.0	0.0	6.0	4.0	0.0	0.0	0.0	0.0	45.0	53.0	9.0	219.0	53.0	103.0	128.0	0.0	0.0	0.0	2.0	14.0	77.0	0.0	112.0	290.0	21.0	9.0	34.0	19.0	50.0	0.0	9.0	30.0	0.0	44.0	242.0	0.0	8.0	10.0	88.0	0.0	0.0	104.0	0.0	0.0	0.0	107.0	19.0	10.0	0.0	8.0	110.0	0.0	4.0	51.0	35.0	0.0	0.0	84.0	0.0	0.0	0.0	0.0	35.0	0.0	0.0	28.0	0.0	0.0	3.0	0.0	43.0	0.0	0.0	0.0	0.0	0.0	90.0	318.0	0.0	140.0	170.0	27.0	0.0	36.0	0.0	0.0	4.0	2.0	12.0	0.0	0.0	0.0	0.0	0.0	0.0	4.0	0.0	0.0	241.0	14.0	35.0	2.0	15.0	19.0	0.0	0.0	0.0	31.0	24.0	38.0	4.0	0.0	72.0	0.0	0.0	4.0	0.0	0.0	0.0	6.0	0.0	7.0	38.0	0.0	0.0	58.0	0.0	14.0	0.0	11.0	0.0	0.0	6.0	0.0	0.0	7.0	0.0	0.0	158.0	0.0	17.0	0.0	0.0	0.0	3.0	0.0	0.0	0.0	0.0	0.0	0.0	5.0	0.0	0.0	8.0	0.0	0.0	18.0	0.0	7.0	0.0	0.0	20.0	0.0	0.0	0.0	0.0	0.0	38.0	0.0	51.0	0.0	0.0	0.0	0.0	0.0	0.0	4.0	0.0	2.0	48.0	0.0	0.0	0.0	0.0	6.0	0.0	0.0	0.0	0.0	0.0	0.0	0.0	0.0	0.0	0.0	0.0	0.0	0.0	0.0	0.0	0.0	0.0	0.0	0.0	0.0	0.0	0.0	0.0	0.0	0.0	0.0	0.0	0.0	0.0	0.0	0.0	0.0	0.0	0.0	0.0	0.0	0.0	0.0	0.0	0.0	0.0	0.0	0.0	0.0	0.0	0.0	0.0	0.0	0.0	0.0	0.0	0.0	0.0	0.0	0.0	0.0	0.0	0.0	0.0	0.0	9.0	0.0	0.0	0.0	0.0	0.0	0.0	0.0	0.0	0.0	0.0	0.0	0.0	0.0	0.0	0.0	0.0	0.0	0.0	0.0	0.0	0.0	0.0	0.0	0.0	0.0	0.0	0.0	0.0	0.0	0.0	0.0
SRR9612594	0.0	387.0	2217.0	9.0	0.0	2942.0	141.0	5.0	2733.0	188.0	0.0	0.0	379.0	154.0	13.0	303.0	41.0	11.0	167.0	188.0	185.0	0.0	72.0	298.0	1932.0	0.0	0.0	0.0	0.0	41.0	0.0	20.0	0.0	0.0	0.0	5.0	2.0	89.0	10.0	28.0	109.0	378.0	0.0	14.0	14.0	0.0	2.0	0.0	11.0	0.0	12.0	0.0	0.0	0.0	0.0	0.0	186.0	52.0	19.0	116.0	2.0	181.0	414.0	0.0	0.0	0.0	5.0	23.0	62.0	0.0	160.0	444.0	80.0	7.0	71.0	20.0	78.0	0.0	7.0	23.0	0.0	64.0	174.0	0.0	23.0	9.0	97.0	0.0	0.0	100.0	9.0	0.0	0.0	121.0	42.0	27.0	0.0	7.0	144.0	0.0	0.0	105.0	59.0	0.0	0.0	121.0	0.0	2.0	0.0	0.0	58.0	3.0	6.0	43.0	21.0	0.0	0.0	0.0	63.0	8.0	4.0	0.0	0.0	0.0	105.0	836.0	0.0	183.0	187.0	88.0	0.0	48.0	0.0	0.0	2.0	0.0	5.0	0.0	0.0	0.0	0.0	0.0	0.0	0.0	6.0	13.0	536.0	7.0	84.0	0.0	73.0	41.0	0.0	0.0	2.0	76.0	11.0	106.0	9.0	0.0	194.0	0.0	0.0	8.0	0.0	0.0	0.0	8.0	0.0	24.0	14.0	0.0	8.0	120.0	0.0	0.0	0.0	0.0	0.0	0.0	14.0	0.0	0.0	0.0	0.0	0.0	250.0	0.0	64.0	5.0	5.0	0.0	0.0	0.0	0.0	0.0	0.0	0.0	0.0	0.0	0.0	0.0	9.0	0.0	0.0	37.0	11.0	4.0	0.0	0.0	18.0	0.0	0.0	0.0	10.0	0.0	84.0	0.0	86.0	0.0	0.0	0.0	0.0	0.0	0.0	0.0	2.0	0.0	31.0	0.0	0.0	0.0	14.0	0.0	0.0	0.0	0.0	0.0	0.0	0.0	0.0	0.0	0.0	0.0	0.0	0.0	0.0	0.0	0.0	0.0	0.0	0.0	0.0	0.0	0.0	0.0	24.0	0.0	0.0	0.0	0.0	0.0	0.0	0.0	0.0	0.0	0.0	0.0	0.0	0.0	0.0	0.0	0.0	0.0	0.0	0.0	0.0	0.0	0.0	0.0	0.0	0.0	0.0	0.0	0.0	0.0	0.0	0.0	0.0	0.0	0.0	0.0	0.0	0.0	36.0	0.0	0.0	0.0	0.0	0.0	0.0	0.0	0.0	0.0	0.0	0.0	0.0	0.0	0.0	0.0	0.0	0.0	0.0	0.0	0.0	2.0	0.0	0.0	0.0	0.0	0.0	0.0	0.0	0.0	0.0	0.0
SRR9612596	0.0	196.0	1568.0	0.0	124.0	1581.0	82.0	10.0	4218.0	127.0	18.0	7.0	336.0	163.0	3.0	368.0	25.0	27.0	168.0	698.0	120.0	0.0	57.0	217.0	1616.0	0.0	6.0	38.0	14.0	0.0	3.0	196.0	0.0	2.0	5.0	0.0	48.0	82.0	70.0	19.0	58.0	318.0	30.0	69.0	25.0	0.0	2.0	0.0	9.0	0.0	14.0	0.0	0.0	0.0	5.0	4.0	136.0	25.0	0.0	107.0	6.0	108.0	294.0	0.0	0.0	0.0	0.0	22.0	285.0	0.0	134.0	513.0	30.0	16.0	35.0	25.0	51.0	5.0	5.0	53.0	37.0	47.0	216.0	12.0	15.0	0.0	125.0	0.0	0.0	64.0	11.0	0.0	0.0	113.0	34.0	22.0	0.0	31.0	190.0	2.0	2.0	55.0	48.0	0.0	0.0	92.0	0.0	0.0	0.0	0.0	39.0	3.0	0.0	43.0	14.0	0.0	3.0	4.0	57.0	0.0	7.0	0.0	0.0	0.0	94.0	492.0	0.0	147.0	136.0	0.0	0.0	49.0	0.0	7.0	7.0	0.0	0.0	0.0	0.0	0.0	0.0	0.0	0.0	3.0	7.0	6.0	294.0	13.0	25.0	2.0	65.0	10.0	0.0	0.0	0.0	86.0	34.0	109.0	14.0	0.0	124.0	0.0	0.0	11.0	0.0	0.0	0.0	0.0	0.0	22.0	17.0	0.0	0.0	152.0	0.0	41.0	0.0	0.0	0.0	0.0	0.0	0.0	0.0	17.0	0.0	0.0	139.0	0.0	35.0	0.0	0.0	0.0	0.0	0.0	0.0	0.0	31.0	0.0	0.0	2.0	0.0	0.0	8.0	0.0	6.0	21.0	0.0	0.0	0.0	0.0	21.0	0.0	0.0	0.0	4.0	7.0	62.0	0.0	65.0	0.0	0.0	0.0	0.0	0.0	0.0	10.0	0.0	3.0	35.0	0.0	0.0	0.0	31.0	0.0	0.0	0.0	0.0	0.0	0.0	0.0	0.0	0.0	0.0	0.0	0.0	0.0	0.0	0.0	0.0	0.0	0.0	0.0	0.0	0.0	0.0	0.0	19.0	0.0	0.0	0.0	0.0	0.0	0.0	0.0	0.0	0.0	0.0	0.0	0.0	0.0	0.0	0.0	0.0	0.0	0.0	0.0	0.0	0.0	0.0	0.0	0.0	0.0	0.0	0.0	0.0	0.0	0.0	0.0	0.0	0.0	0.0	0.0	0.0	0.0	18.0	0.0	0.0	0.0	0.0	0.0	0.0	0.0	0.0	0.0	0.0	0.0	0.0	0.0	0.0	0.0	0.0	0.0	0.0	0.0	0.0	0.0	0.0	0.0	0.0	0.0	0.0	0.0	0.0	0.0	0.0	0.0
SRR9612597	0.0	297.0	2788.0	0.0	8.0	2852.0	85.0	0.0	2666.0	305.0	0.0	30.0	382.0	211.0	3.0	368.0	57.0	43.0	87.0	594.0	189.0	0.0	47.0	401.0	2552.0	4.0	0.0	0.0	0.0	38.0	19.0	49.0	0.0	0.0	0.0	0.0	0.0	83.0	244.0	4.0	130.0	514.0	0.0	14.0	24.0	0.0	0.0	0.0	41.0	0.0	8.0	0.0	0.0	0.0	0.0	0.0	203.0	116.0	0.0	232.0	16.0	272.0	394.0	0.0	0.0	0.0	0.0	39.0	87.0	0.0	351.0	563.0	107.0	17.0	50.0	50.0	148.0	0.0	11.0	22.0	10.0	140.0	407.0	5.0	8.0	9.0	256.0	5.0	0.0	207.0	0.0	0.0	0.0	211.0	28.0	40.0	0.0	25.0	165.0	0.0	0.0	93.0	63.0	2.0	0.0	201.0	17.0	0.0	2.0	0.0	70.0	0.0	4.0	41.0	0.0	0.0	0.0	0.0	90.0	0.0	8.0	0.0	0.0	0.0	75.0	1002.0	7.0	238.0	309.0	129.0	0.0	52.0	0.0	0.0	4.0	0.0	0.0	0.0	0.0	0.0	0.0	0.0	0.0	0.0	5.0	0.0	676.0	34.0	74.0	0.0	41.0	106.0	0.0	0.0	5.0	70.0	5.0	127.0	25.0	0.0	255.0	0.0	0.0	0.0	6.0	0.0	0.0	0.0	1.0	30.0	20.0	0.0	0.0	75.0	0.0	0.0	3.0	0.0	0.0	0.0	7.0	0.0	0.0	23.0	0.0	0.0	238.0	0.0	55.0	0.0	7.0	0.0	0.0	0.0	6.0	0.0	0.0	0.0	0.0	5.0	0.0	0.0	10.0	0.0	0.0	0.0	19.0	9.0	0.0	0.0	7.0	0.0	0.0	0.0	0.0	0.0	61.0	0.0	94.0	0.0	0.0	0.0	0.0	0.0	0.0	7.0	0.0	0.0	46.0	0.0	0.0	0.0	31.0	0.0	0.0	0.0	0.0	0.0	0.0	0.0	0.0	0.0	0.0	0.0	0.0	0.0	0.0	0.0	0.0	0.0	0.0	0.0	0.0	0.0	0.0	0.0	24.0	5.0	0.0	0.0	0.0	0.0	0.0	0.0	0.0	0.0	0.0	0.0	0.0	0.0	0.0	0.0	0.0	0.0	0.0	0.0	0.0	0.0	0.0	0.0	0.0	0.0	0.0	0.0	0.0	0.0	0.0	0.0	0.0	7.0	0.0	0.0	3.0	0.0	50.0	0.0	0.0	0.0	0.0	0.0	0.0	0.0	0.0	0.0	0.0	0.0	0.0	0.0	0.0	0.0	0.0	0.0	0.0	0.0	0.0	5.0	0.0	0.0	0.0	0.0	0.0	0.0	0.0	0.0	0.0	0.0
SRR9612599	0.0	396.0	4.0	0.0	5.0	18.0	0.0	0.0	13093.0	186.0	0.0	16.0	905.0	335.0	0.0	290.0	2.0	4.0	0.0	356.0	53.0	0.0	0.0	3.0	73.0	0.0	0.0	54.0	0.0	0.0	0.0	0.0	1.0	9.0	0.0	0.0	0.0	0.0	4.0	3.0	18.0	44.0	7.0	29.0	0.0	0.0	0.0	0.0	0.0	0.0	0.0	0.0	0.0	0.0	0.0	0.0	0.0	17.0	0.0	0.0	12.0	206.0	2.0	0.0	0.0	0.0	0.0	0.0	92.0	0.0	134.0	0.0	0.0	4.0	9.0	3.0	0.0	0.0	4.0	0.0	5.0	3.0	0.0	0.0	0.0	0.0	214.0	0.0	0.0	0.0	0.0	0.0	0.0	14.0	2.0	2.0	0.0	0.0	9.0	0.0	0.0	3740.0	24.0	0.0	0.0	0.0	0.0	0.0	0.0	0.0	0.0	0.0	2.0	0.0	4.0	0.0	0.0	0.0	5.0	0.0	0.0	0.0	0.0	0.0	6.0	0.0	0.0	3.0	5.0	389.0	0.0	63.0	0.0	0.0	0.0	25.0	0.0	2.0	58.0	0.0	0.0	0.0	0.0	0.0	0.0	0.0	5.0	0.0	26.0	0.0	10.0	0.0	0.0	0.0	0.0	97.0	0.0	3.0	0.0	0.0	0.0	0.0	222.0	0.0	0.0	0.0	0.0	0.0	0.0	0.0	0.0	0.0	21.0	2.0	0.0	0.0	0.0	0.0	0.0	0.0	0.0	0.0	0.0	9.0	0.0	0.0	9.0	0.0	0.0	0.0	0.0	0.0	0.0	0.0	0.0	0.0	4.0	0.0	0.0	0.0	0.0	0.0	0.0	0.0	0.0	3.0	0.0	0.0	0.0	0.0	0.0	0.0	0.0	0.0	0.0	0.0	0.0	0.0	10.0	0.0	0.0	0.0	0.0	0.0	0.0	0.0	0.0	0.0	0.0	0.0	0.0	0.0	0.0	0.0	0.0	0.0	0.0	0.0	0.0	0.0	0.0	0.0	0.0	0.0	0.0	0.0	0.0	0.0	0.0	0.0	0.0	0.0	0.0	0.0	0.0	0.0	0.0	0.0	0.0	0.0	0.0	0.0	0.0	0.0	0.0	0.0	0.0	0.0	0.0	0.0	0.0	0.0	0.0	0.0	0.0	0.0	0.0	0.0	0.0	0.0	0.0	0.0	0.0	0.0	0.0	0.0	0.0	0.0	0.0	0.0	0.0	0.0	0.0	0.0	0.0	0.0	0.0	0.0	0.0	0.0	0.0	0.0	0.0	0.0	0.0	0.0	0.0	0.0	0.0	0.0	0.0	0.0	0.0	0.0	0.0	0.0	0.0	0.0	0.0	0.0	0.0	0.0	0.0	0.0	0.0	0.0
SRR9612600	0.0	477.0	5938.0	0.0	19.0	10450.0	331.0	0.0	7303.0	285.0	0.0	34.0	832.0	244.0	8.0	860.0	139.0	73.0	404.0	1971.0	592.0	3.0	216.0	775.0	8005.0	0.0	22.0	25.0	11.0	63.0	0.0	222.0	2.0	11.0	71.0	0.0	17.0	368.0	8.0	105.0	163.0	522.0	15.0	178.0	76.0	8.0	26.0	0.0	52.0	25.0	109.0	17.0	0.0	0.0	0.0	0.0	237.0	179.0	0.0	664.0	9.0	235.0	908.0	7.0	0.0	0.0	26.0	51.0	652.0	8.0	370.0	2452.0	162.0	46.0	328.0	69.0	240.0	0.0	7.0	144.0	27.0	234.0	1269.0	18.0	56.0	56.0	230.0	21.0	0.0	401.0	40.0	0.0	0.0	298.0	97.0	5.0	4.0	54.0	680.0	3.0	15.0	138.0	107.0	0.0	0.0	734.0	0.0	0.0	0.0	0.0	101.0	0.0	19.0	44.0	31.0	15.0	4.0	0.0	119.0	40.0	59.0	5.0	0.0	0.0	390.0	1855.0	0.0	448.0	565.0	145.0	33.0	63.0	0.0	0.0	11.0	24.0	6.0	0.0	0.0	0.0	0.0	26.0	0.0	3.0	29.0	10.0	1154.0	17.0	251.0	0.0	107.0	119.0	3.0	3.0	8.0	82.0	117.0	202.0	60.0	0.0	558.0	0.0	44.0	20.0	13.0	0.0	0.0	9.0	38.0	5.0	31.0	0.0	0.0	444.0	48.0	4.0	0.0	14.0	0.0	0.0	14.0	7.0	0.0	42.0	0.0	0.0	633.0	0.0	97.0	5.0	17.0	0.0	0.0	4.0	7.0	0.0	8.0	0.0	0.0	2.0	63.0	2.0	28.0	0.0	0.0	51.0	26.0	0.0	0.0	0.0	80.0	0.0	0.0	0.0	8.0	90.0	119.0	14.0	163.0	0.0	0.0	0.0	0.0	4.0	0.0	12.0	0.0	0.0	141.0	0.0	0.0	0.0	38.0	0.0	0.0	0.0	0.0	0.0	0.0	0.0	0.0	0.0	0.0	0.0	0.0	0.0	0.0	0.0	0.0	0.0	0.0	0.0	0.0	0.0	20.0	0.0	37.0	0.0	0.0	0.0	5.0	0.0	1.0	0.0	0.0	0.0	0.0	0.0	0.0	0.0	0.0	0.0	0.0	0.0	0.0	0.0	0.0	0.0	0.0	0.0	0.0	0.0	0.0	0.0	0.0	0.0	0.0	0.0	0.0	0.0	0.0	0.0	0.0	0.0	75.0	0.0	0.0	0.0	0.0	0.0	0.0	0.0	0.0	0.0	0.0	0.0	0.0	0.0	0.0	0.0	0.0	0.0	0.0	0.0	0.0	0.0	0.0	0.0	0.0	0.0	0.0	0.0	0.0	0.0	0.0	0.0
SRR9612601	0.0	384.0	4354.0	0.0	8.0	5808.0	197.0	8.0	4996.0	454.0	0.0	53.0	422.0	267.0	34.0	976.0	75.0	133.0	343.0	1148.0	3084.0	8.0	175.0	849.0	5799.0	0.0	33.0	0.0	0.0	18.0	18.0	98.0	0.0	0.0	0.0	7.0	3.0	156.0	30.0	105.0	120.0	583.0	20.0	203.0	83.0	0.0	29.0	3.0	131.0	0.0	58.0	3.0	0.0	0.0	20.0	0.0	382.0	333.0	39.0	620.0	52.0	629.0	857.0	6.0	0.0	0.0	0.0	41.0	271.0	0.0	660.0	1751.0	245.0	61.0	219.0	111.0	223.0	0.0	16.0	261.0	0.0	246.0	1055.0	19.0	37.0	47.0	321.0	42.0	0.0	205.0	29.0	0.0	0.0	364.0	109.0	37.0	0.0	56.0	417.0	0.0	0.0	195.0	134.0	0.0	0.0	449.0	1.0	0.0	18.0	0.0	74.0	5.0	8.0	90.0	16.0	5.0	0.0	14.0	448.0	72.0	19.0	0.0	0.0	0.0	195.0	1435.0	0.0	242.0	632.0	27.0	0.0	77.0	0.0	9.0	7.0	59.0	4.0	0.0	0.0	0.0	11.0	5.0	0.0	0.0	0.0	27.0	635.0	186.0	97.0	0.0	416.0	204.0	0.0	0.0	25.0	88.0	45.0	267.0	59.0	0.0	320.0	0.0	38.0	17.0	5.0	0.0	0.0	0.0	10.0	46.0	21.0	0.0	125.0	150.0	15.0	6.0	0.0	31.0	4.0	0.0	25.0	0.0	0.0	26.0	0.0	2.0	407.0	5.0	164.0	7.0	13.0	0.0	0.0	0.0	24.0	0.0	0.0	0.0	0.0	0.0	0.0	0.0	31.0	0.0	49.0	28.0	24.0	33.0	0.0	0.0	21.0	0.0	0.0	0.0	0.0	7.0	126.0	0.0	82.0	0.0	0.0	0.0	0.0	0.0	0.0	22.0	4.0	2.0	120.0	11.0	0.0	0.0	32.0	5.0	0.0	0.0	0.0	0.0	0.0	0.0	6.0	0.0	0.0	18.0	0.0	0.0	0.0	0.0	8.0	0.0	0.0	0.0	0.0	0.0	0.0	0.0	30.0	0.0	0.0	0.0	0.0	0.0	0.0	0.0	0.0	0.0	0.0	0.0	0.0	0.0	0.0	0.0	0.0	0.0	0.0	0.0	0.0	0.0	0.0	0.0	0.0	0.0	0.0	0.0	0.0	0.0	0.0	0.0	0.0	0.0	0.0	0.0	0.0	0.0	65.0	0.0	0.0	0.0	0.0	0.0	0.0	0.0	0.0	0.0	0.0	0.0	0.0	0.0	0.0	0.0	0.0	0.0	0.0	0.0	0.0	0.0	0.0	0.0	0.0	0.0	9.0	0.0	0.0	0.0	0.0	0.0
SRR9612602	4.0	602.0	3928.0	16.0	9.0	8244.0	343.0	0.0	7640.0	260.0	8.0	49.0	656.0	344.0	16.0	726.0	60.0	44.0	412.0	1963.0	588.0	0.0	116.0	831.0	4963.0	0.0	19.0	41.0	0.0	50.0	7.0	147.0	10.0	2.0	51.0	35.0	8.0	268.0	33.0	105.0	161.0	748.0	25.0	817.0	60.0	0.0	4.0	0.0	48.0	0.0	52.0	0.0	8.0	0.0	4.0	16.0	229.0	293.0	34.0	385.0	39.0	328.0	606.0	0.0	0.0	0.0	27.0	79.0	490.0	7.0	498.0	1908.0	145.0	30.0	239.0	61.0	249.0	0.0	23.0	140.0	0.0	328.0	1172.0	0.0	41.0	25.0	301.0	27.0	0.0	304.0	31.0	0.0	3.0	487.0	78.0	37.0	4.0	18.0	494.0	2.0	5.0	73.0	78.0	0.0	0.0	738.0	0.0	0.0	4.0	0.0	94.0	0.0	22.0	73.0	30.0	0.0	5.0	0.0	124.0	60.0	79.0	0.0	0.0	0.0	314.0	1267.0	13.0	354.0	429.0	130.0	0.0	62.0	0.0	0.0	7.0	11.0	0.0	0.0	0.0	0.0	0.0	34.0	4.0	0.0	24.0	43.0	847.0	29.0	246.0	0.0	124.0	80.0	0.0	4.0	10.0	94.0	48.0	238.0	72.0	0.0	283.0	8.0	40.0	13.0	0.0	0.0	0.0	6.0	29.0	36.0	41.0	0.0	8.0	374.0	43.0	0.0	0.0	0.0	0.0	0.0	17.0	0.0	0.0	32.0	16.0	0.0	332.0	4.0	67.0	0.0	39.0	0.0	0.0	0.0	36.0	0.0	8.0	0.0	0.0	6.0	31.0	0.0	18.0	0.0	35.0	51.0	16.0	0.0	0.0	0.0	42.0	0.0	0.0	0.0	6.0	0.0	124.0	7.0	142.0	0.0	0.0	0.0	0.0	4.0	0.0	15.0	16.0	0.0	128.0	0.0	0.0	0.0	70.0	20.0	0.0	0.0	0.0	0.0	5.0	0.0	0.0	0.0	0.0	6.0	0.0	0.0	0.0	0.0	11.0	0.0	0.0	0.0	0.0	0.0	0.0	7.0	49.0	10.0	0.0	0.0	6.0	0.0	0.0	0.0	0.0	0.0	0.0	0.0	0.0	0.0	0.0	0.0	0.0	0.0	0.0	0.0	0.0	0.0	0.0	0.0	5.0	0.0	0.0	0.0	0.0	0.0	0.0	0.0	0.0	0.0	0.0	0.0	0.0	0.0	57.0	0.0	0.0	0.0	0.0	0.0	0.0	0.0	0.0	0.0	0.0	0.0	0.0	0.0	0.0	0.0	0.0	0.0	0.0	0.0	0.0	0.0	0.0	0.0	0.0	0.0	0.0	0.0	0.0	0.0	0.0	0.0
SRR9612603	0.0	329.0	4800.0	0.0	14.0	7845.0	280.0	16.0	8674.0	176.0	0.0	42.0	574.0	197.0	25.0	689.0	89.0	45.0	292.0	1645.0	810.0	0.0	133.0	812.0	3901.0	6.0	16.0	15.0	26.0	43.0	9.0	370.0	24.0	0.0	67.0	0.0	8.0	308.0	44.0	85.0	159.0	569.0	30.0	700.0	67.0	9.0	8.0	0.0	40.0	0.0	64.0	17.0	0.0	0.0	0.0	0.0	272.0	296.0	51.0	294.0	17.0	546.0	832.0	0.0	0.0	0.0	25.0	62.0	332.0	11.0	475.0	1200.0	191.0	55.0	151.0	59.0	250.0	0.0	10.0	584.0	0.0	278.0	909.0	18.0	18.0	31.0	321.0	25.0	0.0	241.0	61.0	0.0	0.0	315.0	146.0	20.0	0.0	24.0	562.0	0.0	0.0	94.0	76.0	0.0	7.0	565.0	6.0	0.0	0.0	0.0	92.0	0.0	22.0	61.0	21.0	5.0	4.0	0.0	147.0	60.0	13.0	0.0	0.0	0.0	416.0	1348.0	0.0	373.0	381.0	62.0	0.0	23.0	0.0	2.0	3.0	27.0	9.0	0.0	0.0	0.0	0.0	23.0	9.0	0.0	20.0	13.0	684.0	28.0	173.0	0.0	68.0	168.0	0.0	0.0	6.0	49.0	99.0	180.0	35.0	0.0	382.0	0.0	19.0	17.0	12.0	0.0	0.0	0.0	28.0	26.0	22.0	0.0	48.0	264.0	33.0	0.0	0.0	22.0	0.0	0.0	17.0	0.0	0.0	11.0	13.0	0.0	323.0	25.0	64.0	4.0	33.0	0.0	0.0	11.0	29.0	0.0	7.0	0.0	12.0	5.0	15.0	0.0	7.0	0.0	9.0	42.0	20.0	5.0	0.0	0.0	39.0	0.0	0.0	0.0	5.0	43.0	109.0	0.0	124.0	0.0	0.0	0.0	0.0	0.0	0.0	22.0	9.0	0.0	114.0	0.0	0.0	0.0	26.0	0.0	0.0	0.0	0.0	6.0	0.0	0.0	7.0	0.0	0.0	5.0	0.0	0.0	0.0	0.0	9.0	0.0	0.0	0.0	0.0	0.0	0.0	0.0	47.0	0.0	0.0	0.0	4.0	0.0	0.0	0.0	0.0	0.0	0.0	0.0	0.0	0.0	0.0	0.0	0.0	0.0	0.0	0.0	0.0	0.0	0.0	0.0	0.0	0.0	0.0	0.0	0.0	0.0	0.0	0.0	2.0	0.0	0.0	0.0	0.0	0.0	52.0	0.0	0.0	0.0	0.0	0.0	0.0	0.0	0.0	0.0	0.0	0.0	0.0	0.0	0.0	0.0	0.0	0.0	0.0	0.0	0.0	0.0	0.0	0.0	0.0	0.0	0.0	0.0	0.0	0.0	0.0	0.0
SRR9612604	0.0	579.0	4341.0	28.0	62.0	7654.0	279.0	19.0	6664.0	370.0	0.0	103.0	601.0	361.0	9.0	961.0	105.0	60.0	447.0	1861.0	678.0	0.0	155.0	828.0	6478.0	4.0	14.0	39.0	27.0	70.0	20.0	535.0	0.0	4.0	31.0	5.0	0.0	173.0	11.0	106.0	190.0	759.0	28.0	15.0	106.0	0.0	4.0	5.0	60.0	22.0	106.0	35.0	0.0	0.0	0.0	0.0	284.0	143.0	38.0	608.0	41.0	313.0	757.0	6.0	0.0	3.0	0.0	106.0	815.0	0.0	388.0	2135.0	202.0	50.0	237.0	80.0	380.0	0.0	26.0	26.0	23.0	335.0	1187.0	36.0	68.0	17.0	283.0	24.0	0.0	226.0	58.0	0.0	0.0	484.0	167.0	53.0	0.0	72.0	519.0	0.0	6.0	407.0	134.0	0.0	0.0	573.0	0.0	4.0	0.0	0.0	128.0	7.0	0.0	69.0	26.0	5.0	0.0	9.0	251.0	36.0	54.0	0.0	0.0	0.0	282.0	1995.0	13.0	421.0	640.0	154.0	0.0	111.0	0.0	7.0	5.0	9.0	4.0	0.0	0.0	0.0	13.0	15.0	0.0	2.0	7.0	26.0	829.0	35.0	158.0	0.0	144.0	228.0	0.0	0.0	11.0	110.0	36.0	269.0	78.0	0.0	434.0	0.0	0.0	17.0	17.0	0.0	0.0	3.0	10.0	143.0	39.0	0.0	0.0	326.0	54.0	0.0	0.0	25.0	0.0	0.0	25.0	11.0	0.0	40.0	10.0	0.0	294.0	3.0	60.0	12.0	48.0	0.0	8.0	0.0	0.0	0.0	13.0	0.0	7.0	0.0	51.0	0.0	41.0	0.0	10.0	53.0	14.0	11.0	0.0	0.0	49.0	0.0	0.0	0.0	0.0	46.0	126.0	0.0	139.0	0.0	0.0	0.0	0.0	0.0	0.0	34.0	9.0	0.0	130.0	0.0	0.0	0.0	24.0	7.0	0.0	0.0	0.0	0.0	0.0	0.0	0.0	0.0	0.0	0.0	0.0	0.0	0.0	0.0	0.0	0.0	0.0	0.0	0.0	0.0	0.0	0.0	72.0	0.0	0.0	0.0	0.0	0.0	0.0	0.0	0.0	0.0	0.0	0.0	0.0	0.0	0.0	0.0	0.0	17.0	0.0	0.0	0.0	0.0	0.0	0.0	0.0	0.0	0.0	0.0	0.0	0.0	0.0	0.0	0.0	0.0	0.0	0.0	0.0	0.0	66.0	0.0	0.0	0.0	0.0	0.0	0.0	0.0	0.0	0.0	0.0	0.0	0.0	0.0	0.0	0.0	0.0	0.0	0.0	0.0	0.0	3.0	0.0	0.0	0.0	0.0	9.0	0.0	0.0	0.0	0.0	0.0
SRR9612605	0.0	446.0	4285.0	87.0	26.0	6462.0	270.0	51.0	9441.0	488.0	0.0	109.0	528.0	239.0	43.0	551.0	106.0	96.0	691.0	1545.0	2467.0	6.0	204.0	879.0	5852.0	0.0	45.0	6.0	15.0	24.0	38.0	238.0	11.0	0.0	13.0	16.0	5.0	200.0	118.0	134.0	125.0	1553.0	8.0	2977.0	63.0	0.0	31.0	0.0	209.0	20.0	58.0	7.0	0.0	0.0	15.0	0.0	400.0	418.0	49.0	681.0	64.0	1215.0	1003.0	0.0	7.0	0.0	15.0	71.0	392.0	0.0	870.0	2208.0	173.0	65.0	300.0	126.0	230.0	2.0	6.0	4445.0	0.0	247.0	1104.0	0.0	35.0	30.0	459.0	0.0	0.0	198.0	27.0	0.0	0.0	544.0	164.0	17.0	2.0	55.0	473.0	0.0	11.0	166.0	176.0	0.0	0.0	595.0	12.0	0.0	0.0	0.0	119.0	0.0	17.0	105.0	10.0	7.0	7.0	0.0	468.0	39.0	39.0	0.0	0.0	0.0	258.0	2279.0	16.0	384.0	880.0	77.0	0.0	83.0	0.0	20.0	10.0	25.0	0.0	0.0	15.0	0.0	0.0	24.0	0.0	6.0	13.0	51.0	787.0	250.0	85.0	2.0	156.0	227.0	0.0	0.0	6.0	80.0	0.0	245.0	128.0	0.0	358.0	0.0	0.0	19.0	9.0	0.0	0.0	5.0	13.0	34.0	28.0	0.0	123.0	250.0	20.0	3.0	0.0	31.0	7.0	4.0	38.0	0.0	0.0	29.0	0.0	0.0	475.0	40.0	58.0	4.0	49.0	0.0	0.0	0.0	41.0	0.0	0.0	0.0	0.0	0.0	6.0	0.0	17.0	0.0	42.0	29.0	0.0	46.0	0.0	0.0	46.0	0.0	0.0	0.0	13.0	14.0	142.0	4.0	158.0	0.0	0.0	0.0	0.0	0.0	0.0	40.0	0.0	0.0	103.0	0.0	0.0	0.0	49.0	14.0	0.0	0.0	0.0	0.0	19.0	0.0	0.0	0.0	0.0	29.0	7.0	0.0	0.0	0.0	12.0	0.0	7.0	0.0	0.0	0.0	0.0	0.0	41.0	6.0	0.0	0.0	0.0	0.0	0.0	0.0	0.0	0.0	0.0	0.0	0.0	0.0	0.0	0.0	0.0	0.0	0.0	0.0	0.0	0.0	0.0	0.0	0.0	0.0	0.0	0.0	0.0	0.0	0.0	0.0	7.0	0.0	0.0	0.0	0.0	0.0	69.0	0.0	0.0	0.0	0.0	0.0	0.0	0.0	0.0	0.0	0.0	0.0	0.0	0.0	0.0	0.0	0.0	7.0	0.0	0.0	0.0	0.0	0.0	0.0	0.0	0.0	0.0	0.0	0.0	0.0	0.0	0.0
SRR9612606	0.0	185.0	22.0	7.0	571.0	20.0	0.0	5.0	6340.0	265.0	31.0	6.0	1530.0	309.0	0.0	946.0	0.0	31.0	5.0	542.0	138.0	0.0	14.0	17.0	234.0	0.0	0.0	140.0	60.0	11.0	0.0	32.0	0.0	118.0	0.0	0.0	84.0	46.0	12.0	0.0	17.0	44.0	38.0	91.0	0.0	0.0	0.0	0.0	0.0	0.0	0.0	3.0	0.0	0.0	19.0	0.0	0.0	10.0	0.0	0.0	0.0	217.0	0.0	0.0	0.0	0.0	21.0	8.0	208.0	0.0	103.0	54.0	7.0	9.0	0.0	3.0	0.0	0.0	32.0	0.0	96.0	5.0	47.0	4.0	2.0	0.0	278.0	0.0	0.0	0.0	0.0	0.0	0.0	17.0	0.0	4.0	4.0	12.0	41.0	0.0	0.0	58.0	23.0	0.0	0.0	9.0	0.0	0.0	0.0	0.0	0.0	0.0	0.0	7.0	0.0	0.0	0.0	0.0	13.0	8.0	0.0	0.0	0.0	0.0	21.0	10.0	0.0	10.0	26.0	462.0	0.0	57.0	22.0	0.0	0.0	17.0	4.0	0.0	17.0	0.0	0.0	4.0	0.0	0.0	0.0	3.0	0.0	7.0	21.0	0.0	66.0	0.0	0.0	0.0	0.0	130.0	0.0	8.0	0.0	0.0	16.0	0.0	28.0	0.0	0.0	0.0	0.0	0.0	0.0	31.0	0.0	0.0	27.0	13.0	0.0	67.0	0.0	0.0	0.0	0.0	0.0	0.0	0.0	125.0	0.0	0.0	36.0	0.0	0.0	0.0	0.0	0.0	0.0	0.0	9.0	0.0	60.0	0.0	0.0	0.0	0.0	0.0	0.0	0.0	0.0	0.0	0.0	3.0	0.0	0.0	0.0	5.0	0.0	0.0	0.0	0.0	0.0	0.0	22.0	0.0	0.0	0.0	0.0	0.0	0.0	0.0	0.0	0.0	0.0	0.0	0.0	0.0	0.0	0.0	0.0	0.0	0.0	0.0	0.0	0.0	0.0	0.0	0.0	0.0	0.0	0.0	0.0	0.0	0.0	0.0	3.0	0.0	0.0	0.0	0.0	0.0	0.0	0.0	0.0	0.0	0.0	0.0	0.0	0.0	0.0	0.0	0.0	0.0	0.0	0.0	0.0	0.0	0.0	0.0	0.0	0.0	0.0	0.0	0.0	0.0	0.0	0.0	0.0	0.0	0.0	0.0	0.0	0.0	0.0	0.0	0.0	0.0	0.0	0.0	0.0	0.0	0.0	0.0	0.0	0.0	0.0	0.0	0.0	0.0	0.0	0.0	0.0	0.0	0.0	0.0	0.0	0.0	0.0	0.0	0.0	0.0	0.0	0.0	0.0	0.0	0.0	0.0	0.0	0.0	0.0	0.0
SRR9612607	0.0	74.0	16.0	0.0	0.0	20.0	0.0	0.0	9090.0	522.0	0.0	12.0	770.0	253.0	0.0	564.0	0.0	7.0	15.0	0.0	64.0	0.0	3.0	0.0	135.0	0.0	0.0	0.0	0.0	0.0	0.0	0.0	0.0	8.0	0.0	21.0	0.0	0.0	65.0	0.0	27.0	76.0	0.0	0.0	0.0	0.0	0.0	0.0	0.0	0.0	0.0	0.0	0.0	0.0	0.0	0.0	0.0	15.0	0.0	20.0	1.0	116.0	0.0	0.0	0.0	0.0	0.0	0.0	51.0	0.0	54.0	5.0	0.0	9.0	0.0	0.0	0.0	0.0	0.0	5.0	18.0	0.0	0.0	0.0	0.0	0.0	110.0	0.0	0.0	0.0	0.0	0.0	0.0	78.0	2.0	0.0	0.0	0.0	0.0	0.0	0.0	198.0	0.0	0.0	0.0	2.0	0.0	0.0	0.0	0.0	0.0	0.0	0.0	23.0	10.0	0.0	0.0	0.0	9.0	0.0	0.0	0.0	0.0	0.0	0.0	0.0	0.0	0.0	4.0	465.0	0.0	49.0	0.0	0.0	0.0	10.0	0.0	0.0	26.0	0.0	0.0	0.0	0.0	0.0	0.0	0.0	12.0	0.0	37.0	0.0	0.0	0.0	0.0	0.0	0.0	70.0	0.0	0.0	0.0	0.0	0.0	0.0	0.0	0.0	0.0	0.0	0.0	0.0	0.0	5.0	0.0	0.0	0.0	16.0	0.0	0.0	0.0	0.0	0.0	0.0	0.0	0.0	0.0	0.0	0.0	0.0	25.0	0.0	11.0	0.0	0.0	0.0	0.0	0.0	0.0	0.0	0.0	0.0	0.0	0.0	0.0	0.0	0.0	0.0	0.0	0.0	0.0	0.0	0.0	0.0	0.0	0.0	0.0	0.0	0.0	0.0	0.0	0.0	37.0	0.0	0.0	0.0	0.0	0.0	0.0	0.0	0.0	0.0	0.0	0.0	0.0	0.0	0.0	0.0	0.0	0.0	0.0	0.0	0.0	0.0	0.0	0.0	0.0	0.0	0.0	0.0	0.0	0.0	0.0	0.0	0.0	0.0	0.0	0.0	0.0	0.0	0.0	0.0	0.0	0.0	0.0	0.0	0.0	0.0	0.0	0.0	0.0	0.0	0.0	0.0	0.0	0.0	0.0	0.0	0.0	0.0	0.0	0.0	0.0	0.0	0.0	0.0	0.0	0.0	0.0	0.0	0.0	0.0	0.0	0.0	0.0	0.0	0.0	0.0	0.0	0.0	0.0	0.0	0.0	0.0	0.0	0.0	0.0	0.0	0.0	0.0	0.0	0.0	0.0	0.0	0.0	0.0	0.0	0.0	0.0	0.0	0.0	0.0	0.0	0.0	0.0	0.0	0.0	0.0	0.0	0.0
SRR9612609	0.0	572.0	12.0	8.0	29.0	5.0	0.0	0.0	6554.0	231.0	0.0	9.0	391.0	924.0	0.0	660.0	2.0	5.0	9.0	18.0	50.0	0.0	6.0	13.0	194.0	0.0	0.0	6.0	0.0	8.0	0.0	9.0	0.0	0.0	0.0	0.0	2.0	3.0	17.0	0.0	46.0	687.0	0.0	0.0	0.0	0.0	0.0	0.0	0.0	0.0	0.0	0.0	0.0	0.0	3.0	0.0	0.0	59.0	0.0	19.0	45.0	274.0	0.0	0.0	0.0	0.0	0.0	43.0	142.0	0.0	113.0	16.0	0.0	23.0	14.0	0.0	8.0	0.0	0.0	8.0	6.0	6.0	4.0	0.0	0.0	0.0	132.0	0.0	0.0	0.0	0.0	0.0	0.0	179.0	6.0	0.0	0.0	3.0	17.0	0.0	0.0	4581.0	38.0	0.0	0.0	0.0	0.0	0.0	0.0	0.0	0.0	0.0	0.0	27.0	23.0	0.0	0.0	0.0	12.0	0.0	0.0	0.0	0.0	0.0	0.0	0.0	0.0	0.0	13.0	1740.0	0.0	136.0	0.0	0.0	0.0	0.0	0.0	0.0	0.0	0.0	0.0	0.0	0.0	0.0	0.0	0.0	5.0	0.0	40.0	0.0	382.0	0.0	0.0	0.0	0.0	156.0	0.0	0.0	0.0	0.0	9.0	0.0	22.0	0.0	0.0	0.0	0.0	0.0	0.0	63.0	0.0	0.0	0.0	0.0	0.0	0.0	0.0	0.0	0.0	0.0	0.0	0.0	0.0	20.0	0.0	0.0	19.0	0.0	0.0	0.0	0.0	0.0	0.0	0.0	0.0	0.0	28.0	0.0	0.0	0.0	0.0	0.0	20.0	0.0	0.0	9.0	0.0	0.0	0.0	0.0	0.0	0.0	0.0	0.0	0.0	0.0	0.0	0.0	41.0	27.0	0.0	0.0	0.0	0.0	0.0	0.0	0.0	0.0	0.0	0.0	0.0	0.0	0.0	0.0	0.0	0.0	0.0	0.0	0.0	0.0	0.0	0.0	0.0	0.0	0.0	0.0	0.0	0.0	0.0	0.0	0.0	0.0	0.0	0.0	0.0	0.0	0.0	0.0	0.0	0.0	0.0	0.0	0.0	0.0	0.0	0.0	0.0	0.0	0.0	0.0	0.0	0.0	0.0	0.0	0.0	0.0	0.0	0.0	0.0	0.0	0.0	0.0	0.0	0.0	0.0	0.0	0.0	0.0	0.0	0.0	0.0	0.0	0.0	0.0	0.0	0.0	0.0	0.0	0.0	0.0	0.0	0.0	0.0	0.0	0.0	0.0	0.0	0.0	0.0	0.0	0.0	0.0	0.0	0.0	0.0	0.0	0.0	0.0	0.0	0.0	0.0	0.0	0.0	0.0	0.0	0.0
SRR9612610	0.0	249.0	1550.0	29.0	30.0	3204.0	177.0	35.0	3582.0	156.0	0.0	0.0	321.0	138.0	12.0	452.0	30.0	34.0	108.0	1060.0	275.0	0.0	36.0	434.0	4083.0	0.0	0.0	46.0	9.0	42.0	16.0	168.0	0.0	13.0	14.0	0.0	0.0	251.0	6.0	35.0	62.0	252.0	0.0	474.0	33.0	10.0	11.0	6.0	22.0	0.0	16.0	5.0	0.0	0.0	0.0	0.0	220.0	21.0	0.0	275.0	15.0	163.0	496.0	6.0	0.0	0.0	59.0	36.0	158.0	0.0	302.0	1268.0	75.0	23.0	156.0	24.0	54.0	0.0	21.0	84.0	0.0	75.0	858.0	18.0	33.0	11.0	133.0	10.0	0.0	108.0	39.0	0.0	0.0	121.0	33.0	24.0	2.0	0.0	203.0	2.0	9.0	59.0	67.0	0.0	0.0	296.0	0.0	0.0	0.0	0.0	41.0	0.0	6.0	43.0	0.0	3.0	0.0	7.0	115.0	16.0	0.0	0.0	0.0	0.0	277.0	467.0	0.0	183.0	227.0	0.0	0.0	58.0	7.0	11.0	7.0	0.0	3.0	0.0	0.0	0.0	2.0	0.0	0.0	0.0	0.0	5.0	456.0	19.0	40.0	0.0	33.0	83.0	0.0	6.0	0.0	0.0	60.0	129.0	26.0	0.0	135.0	0.0	16.0	10.0	3.0	0.0	0.0	0.0	7.0	16.0	24.0	0.0	17.0	215.0	43.0	0.0	0.0	9.0	0.0	4.0	32.0	0.0	0.0	21.0	0.0	5.0	150.0	0.0	30.0	0.0	18.0	0.0	0.0	0.0	0.0	0.0	14.0	0.0	0.0	0.0	37.0	6.0	13.0	0.0	0.0	21.0	12.0	3.0	0.0	0.0	29.0	0.0	0.0	0.0	0.0	0.0	76.0	0.0	67.0	0.0	0.0	0.0	0.0	0.0	0.0	9.0	0.0	0.0	52.0	0.0	0.0	0.0	26.0	4.0	0.0	0.0	0.0	0.0	0.0	0.0	0.0	0.0	0.0	8.0	0.0	0.0	0.0	0.0	0.0	0.0	0.0	0.0	0.0	0.0	0.0	4.0	22.0	2.0	0.0	0.0	0.0	0.0	0.0	0.0	0.0	0.0	0.0	0.0	0.0	0.0	0.0	0.0	0.0	0.0	0.0	0.0	0.0	0.0	0.0	0.0	0.0	0.0	0.0	0.0	0.0	0.0	0.0	0.0	0.0	0.0	0.0	0.0	0.0	0.0	30.0	0.0	0.0	0.0	0.0	0.0	0.0	0.0	0.0	0.0	0.0	0.0	0.0	0.0	0.0	0.0	0.0	0.0	3.0	0.0	0.0	0.0	0.0	0.0	0.0	0.0	0.0	0.0	0.0	0.0	0.0	0.0
SRR9612611	0.0	571.0	1276.0	10.0	7.0	5293.0	222.0	0.0	1599.0	97.0	0.0	7.0	523.0	229.0	19.0	281.0	61.0	26.0	31.0	297.0	110.0	0.0	61.0	337.0	2680.0	0.0	0.0	0.0	0.0	61.0	5.0	40.0	0.0	9.0	8.0	0.0	0.0	266.0	0.0	5.0	180.0	137.0	0.0	37.0	20.0	0.0	0.0	0.0	3.0	0.0	22.0	0.0	0.0	0.0	0.0	0.0	100.0	25.0	8.0	175.0	0.0	28.0	241.0	0.0	0.0	0.0	7.0	36.0	71.0	4.0	293.0	837.0	60.0	3.0	90.0	20.0	180.0	0.0	24.0	6.0	0.0	172.0	191.0	8.0	35.0	14.0	89.0	3.0	0.0	265.0	0.0	0.0	0.0	107.0	13.0	0.0	0.0	10.0	164.0	0.0	0.0	363.0	34.0	0.0	0.0	481.0	0.0	0.0	0.0	0.0	101.0	0.0	6.0	24.0	41.0	0.0	0.0	0.0	11.0	0.0	22.0	0.0	0.0	0.0	124.0	584.0	10.0	418.0	137.0	20.0	0.0	25.0	0.0	0.0	0.0	0.0	0.0	0.0	0.0	0.0	26.0	0.0	0.0	0.0	14.0	9.0	920.0	0.0	260.0	0.0	152.0	18.0	0.0	0.0	3.0	38.0	21.0	74.0	22.0	0.0	212.0	0.0	41.0	19.0	0.0	0.0	0.0	0.0	34.0	38.0	72.0	0.0	0.0	166.0	0.0	0.0	0.0	0.0	0.0	0.0	21.0	0.0	0.0	8.0	0.0	0.0	271.0	0.0	59.0	0.0	0.0	0.0	0.0	0.0	0.0	0.0	11.0	0.0	5.0	0.0	8.0	0.0	0.0	0.0	0.0	17.0	29.0	0.0	0.0	0.0	18.0	0.0	0.0	0.0	2.0	4.0	17.0	0.0	22.0	7.0	0.0	0.0	0.0	0.0	0.0	0.0	0.0	0.0	7.0	0.0	0.0	0.0	46.0	0.0	0.0	0.0	0.0	0.0	46.0	0.0	0.0	0.0	0.0	0.0	0.0	0.0	0.0	0.0	0.0	0.0	0.0	0.0	0.0	0.0	0.0	0.0	0.0	0.0	0.0	0.0	0.0	0.0	0.0	0.0	0.0	0.0	0.0	0.0	0.0	0.0	0.0	0.0	0.0	0.0	0.0	0.0	0.0	0.0	0.0	0.0	0.0	0.0	0.0	0.0	0.0	0.0	0.0	0.0	0.0	0.0	0.0	0.0	0.0	0.0	55.0	0.0	0.0	0.0	0.0	0.0	0.0	0.0	3.0	0.0	0.0	0.0	0.0	0.0	0.0	0.0	0.0	0.0	0.0	0.0	0.0	0.0	0.0	0.0	0.0	0.0	0.0	0.0	0.0	0.0	0.0	0.0
SRR9612616	0.0	128.0	1228.0	0.0	36.0	2602.0	145.0	0.0	2248.0	66.0	0.0	0.0	209.0	187.0	24.0	389.0	38.0	13.0	83.0	1384.0	125.0	0.0	57.0	248.0	2995.0	0.0	0.0	106.0	0.0	31.0	0.0	37.0	5.0	26.0	47.0	0.0	10.0	483.0	0.0	23.0	86.0	186.0	32.0	29.0	2.0	0.0	0.0	8.0	0.0	18.0	26.0	5.0	0.0	21.0	0.0	0.0	157.0	21.0	11.0	49.0	15.0	24.0	317.0	0.0	0.0	6.0	95.0	40.0	83.0	34.0	126.0	1039.0	41.0	13.0	191.0	9.0	43.0	10.0	31.0	32.0	14.0	93.0	689.0	28.0	72.0	11.0	113.0	0.0	0.0	136.0	24.0	0.0	0.0	45.0	21.0	7.0	0.0	0.0	319.0	0.0	0.0	100.0	67.0	0.0	6.0	254.0	0.0	0.0	0.0	0.0	57.0	0.0	0.0	21.0	30.0	0.0	4.0	0.0	22.0	14.0	3.0	0.0	15.0	0.0	242.0	429.0	0.0	217.0	316.0	0.0	0.0	23.0	0.0	5.0	0.0	0.0	0.0	3.0	0.0	0.0	0.0	0.0	0.0	0.0	0.0	58.0	437.0	0.0	119.0	0.0	42.0	19.0	0.0	4.0	0.0	24.0	101.0	66.0	8.0	0.0	262.0	0.0	0.0	0.0	22.0	0.0	12.0	0.0	21.0	6.0	19.0	0.0	0.0	212.0	0.0	0.0	0.0	4.0	0.0	0.0	20.0	8.0	0.0	9.0	0.0	0.0	196.0	0.0	56.0	0.0	12.0	0.0	2.0	0.0	0.0	0.0	4.0	0.0	0.0	0.0	10.0	0.0	8.0	0.0	0.0	21.0	16.0	0.0	0.0	0.0	28.0	0.0	0.0	0.0	0.0	119.0	20.0	0.0	60.0	0.0	0.0	0.0	0.0	0.0	0.0	17.0	21.0	0.0	39.0	0.0	0.0	0.0	22.0	0.0	7.0	0.0	0.0	0.0	0.0	0.0	0.0	0.0	0.0	0.0	0.0	0.0	0.0	0.0	0.0	0.0	0.0	0.0	0.0	0.0	0.0	13.0	13.0	0.0	0.0	0.0	6.0	0.0	0.0	0.0	0.0	0.0	0.0	0.0	0.0	5.0	0.0	0.0	0.0	0.0	0.0	0.0	0.0	0.0	0.0	0.0	0.0	0.0	0.0	0.0	0.0	0.0	3.0	0.0	0.0	0.0	0.0	0.0	0.0	0.0	43.0	0.0	0.0	0.0	0.0	0.0	0.0	0.0	0.0	0.0	0.0	0.0	0.0	0.0	0.0	0.0	0.0	0.0	0.0	0.0	0.0	0.0	0.0	0.0	0.0	0.0	0.0	0.0	0.0	0.0	0.0	0.0
SRR9612617	0.0	245.0	679.0	0.0	31.0	1311.0	98.0	0.0	1724.0	59.0	0.0	3.0	138.0	116.0	6.0	242.0	0.0	15.0	86.0	1221.0	54.0	0.0	28.0	185.0	1658.0	0.0	0.0	130.0	0.0	35.0	0.0	70.0	28.0	9.0	28.0	0.0	27.0	299.0	3.0	22.0	142.0	58.0	6.0	35.0	7.0	0.0	11.0	0.0	0.0	0.0	21.0	9.0	0.0	0.0	0.0	0.0	108.0	18.0	0.0	30.0	0.0	0.0	131.0	6.0	14.0	3.0	184.0	19.0	53.0	16.0	62.0	875.0	10.0	6.0	116.0	0.0	47.0	6.0	15.0	7.0	0.0	42.0	686.0	16.0	42.0	0.0	63.0	0.0	0.0	84.0	18.0	0.0	0.0	72.0	16.0	0.0	0.0	0.0	197.0	5.0	9.0	58.0	26.0	0.0	3.0	175.0	0.0	0.0	0.0	0.0	38.0	0.0	3.0	2.0	0.0	10.0	14.0	0.0	5.0	0.0	0.0	0.0	0.0	0.0	203.0	283.0	0.0	136.0	201.0	0.0	1.0	16.0	0.0	0.0	0.0	0.0	0.0	0.0	0.0	0.0	0.0	0.0	0.0	2.0	0.0	7.0	316.0	0.0	53.0	0.0	30.0	0.0	0.0	7.0	0.0	23.0	74.0	47.0	5.0	0.0	104.0	0.0	21.0	0.0	23.0	0.0	10.0	0.0	4.0	9.0	12.0	0.0	0.0	143.0	18.0	0.0	0.0	6.0	0.0	0.0	19.0	6.0	0.0	0.0	6.0	2.0	194.0	0.0	201.0	0.0	11.0	0.0	0.0	0.0	0.0	0.0	0.0	0.0	0.0	0.0	13.0	0.0	0.0	0.0	3.0	0.0	11.0	0.0	0.0	0.0	17.0	0.0	0.0	0.0	0.0	60.0	0.0	0.0	25.0	0.0	0.0	0.0	0.0	0.0	0.0	6.0	5.0	0.0	27.0	0.0	0.0	0.0	21.0	0.0	0.0	0.0	0.0	0.0	0.0	0.0	0.0	0.0	0.0	0.0	0.0	0.0	0.0	0.0	0.0	0.0	0.0	0.0	0.0	0.0	0.0	10.0	10.0	0.0	0.0	0.0	0.0	0.0	0.0	0.0	0.0	0.0	0.0	0.0	0.0	0.0	0.0	0.0	0.0	0.0	0.0	0.0	0.0	0.0	0.0	0.0	0.0	0.0	0.0	0.0	0.0	0.0	0.0	0.0	0.0	0.0	0.0	0.0	0.0	0.0	20.0	0.0	0.0	0.0	0.0	0.0	0.0	0.0	0.0	0.0	0.0	0.0	0.0	0.0	0.0	0.0	0.0	0.0	0.0	0.0	0.0	0.0	0.0	0.0	0.0	0.0	0.0	0.0	0.0	0.0	0.0	0.0
SRR9612618	0.0	229.0	1257.0	0.0	109.0	2045.0	152.0	0.0	2440.0	71.0	0.0	4.0	126.0	145.0	0.0	448.0	46.0	43.0	93.0	1126.0	114.0	0.0	27.0	159.0	2754.0	0.0	0.0	157.0	0.0	24.0	0.0	51.0	8.0	24.0	39.0	3.0	33.0	430.0	15.0	7.0	117.0	236.0	29.0	10.0	22.0	0.0	0.0	3.0	10.0	0.0	52.0	0.0	0.0	22.0	0.0	0.0	102.0	34.0	10.0	127.0	34.0	74.0	252.0	0.0	15.0	21.0	145.0	40.0	113.0	27.0	143.0	774.0	30.0	6.0	102.0	0.0	65.0	16.0	23.0	85.0	13.0	44.0	448.0	27.0	31.0	4.0	51.0	0.0	0.0	145.0	20.0	0.0	0.0	100.0	21.0	0.0	0.0	11.0	295.0	7.0	7.0	49.0	44.0	0.0	0.0	191.0	0.0	0.0	0.0	0.0	57.0	0.0	0.0	47.0	0.0	25.0	8.0	4.0	54.0	0.0	19.0	0.0	0.0	0.0	171.0	523.0	15.0	179.0	355.0	0.0	11.0	44.0	4.0	9.0	0.0	0.0	0.0	0.0	0.0	8.0	0.0	15.0	2.0	0.0	16.0	25.0	374.0	9.0	100.0	0.0	52.0	16.0	0.0	0.0	0.0	50.0	71.0	111.0	10.0	0.0	175.0	0.0	27.0	5.0	14.0	0.0	12.0	0.0	15.0	13.0	19.0	0.0	0.0	153.0	13.0	4.0	0.0	0.0	0.0	4.0	28.0	8.0	0.0	8.0	0.0	0.0	207.0	0.0	274.0	5.0	14.0	0.0	0.0	0.0	0.0	0.0	0.0	0.0	0.0	0.0	9.0	0.0	12.0	0.0	17.0	13.0	0.0	6.0	0.0	0.0	23.0	6.0	2.0	0.0	0.0	194.0	0.0	0.0	55.0	0.0	0.0	0.0	0.0	0.0	0.0	5.0	0.0	0.0	58.0	0.0	0.0	0.0	18.0	0.0	0.0	0.0	0.0	0.0	0.0	0.0	0.0	0.0	0.0	0.0	0.0	0.0	0.0	2.0	0.0	10.0	0.0	0.0	0.0	0.0	0.0	0.0	37.0	0.0	7.0	0.0	11.0	0.0	0.0	0.0	0.0	0.0	0.0	0.0	0.0	12.0	0.0	0.0	0.0	0.0	0.0	0.0	0.0	0.0	0.0	0.0	0.0	0.0	0.0	0.0	7.0	0.0	0.0	0.0	0.0	0.0	0.0	0.0	0.0	0.0	38.0	0.0	0.0	0.0	0.0	0.0	0.0	0.0	0.0	0.0	0.0	0.0	0.0	0.0	0.0	0.0	0.0	0.0	0.0	0.0	0.0	0.0	0.0	0.0	0.0	0.0	0.0	0.0	0.0	0.0	0.0	0.0
SRR9612619	0.0	97.0	916.0	0.0	41.0	1823.0	138.0	0.0	2270.0	13.0	0.0	2.0	126.0	115.0	14.0	185.0	23.0	15.0	150.0	1114.0	61.0	0.0	31.0	169.0	1995.0	0.0	0.0	109.0	0.0	41.0	0.0	92.0	12.0	0.0	30.0	0.0	16.0	276.0	0.0	21.0	110.0	87.0	9.0	0.0	6.0	0.0	7.0	0.0	0.0	0.0	30.0	16.0	6.0	6.0	0.0	0.0	85.0	5.0	0.0	52.0	1.0	19.0	194.0	0.0	12.0	5.0	80.0	24.0	124.0	23.0	106.0	643.0	40.0	0.0	102.0	13.0	57.0	0.0	0.0	7.0	15.0	69.0	513.0	15.0	65.0	14.0	76.0	0.0	0.0	102.0	21.0	0.0	0.0	38.0	11.0	7.0	5.0	0.0	171.0	0.0	10.0	52.0	30.0	0.0	0.0	219.0	0.0	0.0	0.0	0.0	42.0	0.0	0.0	8.0	8.0	28.0	0.0	0.0	5.0	3.0	0.0	0.0	0.0	0.0	255.0	253.0	0.0	131.0	273.0	11.0	18.0	25.0	0.0	0.0	0.0	0.0	6.0	0.0	0.0	0.0	0.0	0.0	0.0	3.0	0.0	26.0	400.0	0.0	71.0	2.0	27.0	14.0	0.0	4.0	7.0	23.0	86.0	44.0	3.0	0.0	140.0	0.0	27.0	0.0	14.0	0.0	0.0	3.0	0.0	21.0	20.0	0.0	0.0	144.0	37.0	8.0	0.0	0.0	0.0	0.0	13.0	9.0	0.0	0.0	0.0	0.0	140.0	0.0	867.0	2.0	15.0	0.0	0.0	0.0	0.0	6.0	6.0	0.0	11.0	0.0	8.0	0.0	0.0	0.0	0.0	0.0	0.0	0.0	0.0	0.0	21.0	0.0	0.0	0.0	0.0	57.0	0.0	0.0	18.0	0.0	0.0	0.0	0.0	0.0	0.0	4.0	0.0	0.0	23.0	0.0	0.0	0.0	13.0	0.0	0.0	0.0	0.0	0.0	0.0	0.0	0.0	0.0	0.0	0.0	0.0	0.0	0.0	0.0	0.0	0.0	0.0	0.0	0.0	0.0	0.0	4.0	15.0	0.0	0.0	0.0	0.0	0.0	0.0	0.0	0.0	0.0	0.0	0.0	0.0	0.0	0.0	0.0	0.0	0.0	0.0	0.0	0.0	0.0	0.0	0.0	3.0	0.0	0.0	2.0	0.0	0.0	0.0	0.0	0.0	0.0	0.0	0.0	0.0	0.0	43.0	0.0	0.0	0.0	0.0	0.0	0.0	0.0	0.0	0.0	0.0	0.0	0.0	0.0	0.0	0.0	0.0	0.0	0.0	0.0	0.0	0.0	0.0	0.0	0.0	0.0	0.0	0.0	0.0	0.0	0.0	0.0
SRR9612620	0.0	218.0	1034.0	0.0	111.0	1938.0	100.0	4.0	2787.0	108.0	0.0	4.0	101.0	161.0	0.0	337.0	24.0	21.0	108.0	1038.0	126.0	0.0	68.0	281.0	2556.0	0.0	0.0	69.0	0.0	36.0	0.0	18.0	15.0	7.0	21.0	0.0	40.0	298.0	5.0	37.0	74.0	186.0	4.0	0.0	4.0	9.0	2.0	0.0	0.0	0.0	37.0	0.0	0.0	0.0	0.0	0.0	192.0	47.0	0.0	80.0	24.0	101.0	220.0	0.0	3.0	4.0	42.0	33.0	163.0	0.0	171.0	580.0	18.0	14.0	94.0	32.0	38.0	0.0	19.0	45.0	38.0	45.0	361.0	26.0	16.0	12.0	115.0	5.0	0.0	106.0	0.0	0.0	0.0	85.0	25.0	0.0	6.0	15.0	197.0	7.0	8.0	72.0	78.0	0.0	0.0	179.0	0.0	0.0	0.0	13.0	36.0	0.0	6.0	30.0	0.0	0.0	3.0	0.0	51.0	0.0	8.0	0.0	0.0	0.0	136.0	468.0	11.0	148.0	377.0	16.0	48.0	42.0	0.0	8.0	0.0	0.0	0.0	0.0	0.0	0.0	0.0	0.0	3.0	8.0	0.0	5.0	382.0	0.0	87.0	0.0	75.0	27.0	0.0	0.0	0.0	86.0	60.0	67.0	0.0	0.0	113.0	0.0	17.0	8.0	8.0	0.0	8.0	0.0	0.0	51.0	17.0	0.0	0.0	77.0	35.0	0.0	0.0	7.0	0.0	0.0	7.0	11.0	0.0	6.0	0.0	0.0	204.0	0.0	90.0	0.0	16.0	0.0	2.0	0.0	0.0	0.0	0.0	0.0	0.0	0.0	0.0	0.0	18.0	0.0	5.0	15.0	0.0	0.0	0.0	0.0	14.0	0.0	0.0	0.0	0.0	22.0	0.0	0.0	43.0	0.0	0.0	0.0	0.0	0.0	0.0	6.0	5.0	0.0	20.0	0.0	0.0	0.0	27.0	0.0	0.0	0.0	0.0	0.0	0.0	0.0	0.0	0.0	0.0	0.0	0.0	0.0	0.0	0.0	0.0	0.0	0.0	2.0	0.0	0.0	0.0	0.0	23.0	0.0	0.0	0.0	2.0	0.0	0.0	0.0	0.0	0.0	0.0	0.0	0.0	0.0	0.0	0.0	0.0	0.0	0.0	0.0	0.0	0.0	0.0	0.0	0.0	0.0	0.0	0.0	0.0	0.0	0.0	0.0	0.0	0.0	0.0	0.0	0.0	0.0	43.0	0.0	0.0	0.0	0.0	0.0	0.0	0.0	0.0	0.0	0.0	0.0	0.0	0.0	0.0	0.0	0.0	0.0	0.0	0.0	0.0	0.0	0.0	0.0	0.0	0.0	0.0	0.0	0.0	0.0	0.0	0.0
SRR9612621	0.0	328.0	900.0	0.0	20.0	2673.0	98.0	11.0	1708.0	87.0	0.0	3.0	172.0	195.0	0.0	259.0	11.0	19.0	31.0	287.0	122.0	0.0	27.0	231.0	1407.0	0.0	0.0	20.0	0.0	33.0	0.0	24.0	44.0	8.0	0.0	0.0	0.0	237.0	0.0	5.0	176.0	143.0	5.0	18.0	12.0	22.0	6.0	0.0	0.0	15.0	20.0	0.0	0.0	0.0	0.0	5.0	61.0	21.0	14.0	108.0	25.0	56.0	99.0	0.0	0.0	0.0	8.0	49.0	45.0	0.0	106.0	89.0	11.0	9.0	43.0	40.0	119.0	0.0	0.0	27.0	6.0	38.0	180.0	12.0	8.0	11.0	132.0	3.0	0.0	203.0	5.0	0.0	0.0	93.0	14.0	5.0	2.0	0.0	69.0	0.0	0.0	96.0	35.0	0.0	0.0	199.0	0.0	0.0	0.0	2.0	68.0	0.0	0.0	28.0	7.0	0.0	0.0	0.0	34.0	0.0	27.0	0.0	0.0	0.0	152.0	288.0	0.0	248.0	160.0	30.0	6.0	46.0	0.0	0.0	0.0	0.0	0.0	0.0	0.0	0.0	12.0	0.0	0.0	0.0	8.0	0.0	494.0	0.0	124.0	0.0	69.0	23.0	0.0	7.0	0.0	45.0	0.0	54.0	0.0	0.0	167.0	0.0	0.0	0.0	0.0	0.0	11.0	0.0	4.0	23.0	7.0	2.0	0.0	80.0	31.0	0.0	0.0	4.0	0.0	0.0	8.0	0.0	0.0	0.0	0.0	0.0	309.0	0.0	111.0	0.0	8.0	0.0	0.0	0.0	0.0	0.0	19.0	0.0	0.0	6.0	10.0	0.0	0.0	0.0	0.0	8.0	9.0	0.0	0.0	0.0	24.0	0.0	0.0	0.0	0.0	8.0	0.0	0.0	28.0	0.0	0.0	0.0	0.0	0.0	0.0	0.0	6.0	0.0	15.0	0.0	0.0	0.0	20.0	0.0	0.0	0.0	0.0	0.0	0.0	0.0	0.0	0.0	0.0	0.0	0.0	0.0	0.0	0.0	0.0	0.0	0.0	0.0	0.0	0.0	0.0	0.0	15.0	3.0	0.0	0.0	0.0	0.0	4.0	0.0	0.0	0.0	0.0	0.0	0.0	0.0	0.0	0.0	0.0	0.0	0.0	0.0	0.0	0.0	0.0	0.0	0.0	0.0	0.0	0.0	0.0	0.0	0.0	2.0	0.0	0.0	0.0	0.0	0.0	0.0	27.0	0.0	0.0	0.0	0.0	0.0	0.0	0.0	0.0	0.0	0.0	0.0	0.0	0.0	0.0	0.0	0.0	0.0	0.0	0.0	0.0	0.0	0.0	0.0	0.0	0.0	0.0	0.0	0.0	0.0	0.0	0.0
SRR9612622	0.0	223.0	489.0	0.0	14.0	2115.0	41.0	6.0	1311.0	81.0	0.0	0.0	269.0	150.0	11.0	291.0	30.0	19.0	20.0	223.0	35.0	0.0	32.0	138.0	1308.0	0.0	0.0	37.0	0.0	60.0	0.0	0.0	7.0	8.0	0.0	0.0	14.0	274.0	0.0	14.0	95.0	63.0	0.0	0.0	14.0	13.0	3.0	0.0	0.0	0.0	11.0	0.0	0.0	0.0	0.0	0.0	115.0	10.0	0.0	24.0	8.0	15.0	80.0	0.0	0.0	0.0	12.0	14.0	22.0	0.0	66.0	468.0	35.0	4.0	76.0	0.0	78.0	0.0	30.0	7.0	0.0	56.0	115.0	4.0	31.0	0.0	62.0	0.0	0.0	106.0	21.0	0.0	0.0	31.0	15.0	0.0	2.0	0.0	112.0	0.0	0.0	59.0	13.0	0.0	0.0	208.0	0.0	0.0	0.0	0.0	65.0	0.0	0.0	2.0	35.0	0.0	0.0	0.0	0.0	5.0	14.0	0.0	0.0	0.0	102.0	167.0	14.0	243.0	93.0	0.0	0.0	13.0	0.0	0.0	0.0	0.0	0.0	0.0	0.0	0.0	0.0	0.0	0.0	0.0	14.0	0.0	520.0	0.0	142.0	0.0	98.0	5.0	0.0	0.0	2.0	0.0	30.0	47.0	0.0	0.0	183.0	0.0	46.0	0.0	0.0	0.0	0.0	4.0	18.0	0.0	28.0	0.0	0.0	53.0	20.0	6.0	0.0	0.0	0.0	0.0	17.0	0.0	0.0	0.0	0.0	0.0	246.0	0.0	98.0	0.0	18.0	0.0	0.0	0.0	0.0	0.0	0.0	0.0	0.0	0.0	4.0	0.0	11.0	0.0	0.0	11.0	17.0	0.0	0.0	0.0	14.0	0.0	0.0	0.0	0.0	0.0	0.0	0.0	10.0	0.0	0.0	0.0	0.0	0.0	0.0	0.0	3.0	0.0	12.0	0.0	0.0	0.0	37.0	0.0	5.0	0.0	0.0	0.0	0.0	0.0	0.0	0.0	0.0	0.0	0.0	0.0	0.0	0.0	0.0	0.0	0.0	0.0	0.0	0.0	0.0	8.0	0.0	0.0	0.0	0.0	0.0	0.0	0.0	0.0	0.0	0.0	0.0	0.0	0.0	0.0	0.0	0.0	0.0	0.0	0.0	0.0	0.0	0.0	0.0	0.0	0.0	0.0	0.0	0.0	0.0	0.0	0.0	0.0	0.0	0.0	0.0	0.0	0.0	0.0	11.0	0.0	0.0	0.0	0.0	0.0	0.0	0.0	0.0	0.0	0.0	0.0	0.0	0.0	0.0	0.0	0.0	0.0	0.0	0.0	0.0	0.0	0.0	0.0	0.0	0.0	0.0	0.0	0.0	0.0	0.0	0.0
SRR9612624	0.0	41.0	747.0	0.0	65.0	1200.0	53.0	0.0	2622.0	88.0	0.0	10.0	103.0	57.0	5.0	170.0	7.0	12.0	187.0	622.0	216.0	0.0	14.0	208.0	1244.0	8.0	0.0	0.0	0.0	18.0	2.0	218.0	5.0	0.0	0.0	6.0	37.0	36.0	25.0	7.0	47.0	159.0	4.0	28.0	7.0	0.0	2.0	0.0	0.0	0.0	18.0	2.0	0.0	0.0	0.0	0.0	105.0	54.0	0.0	98.0	46.0	126.0	200.0	0.0	0.0	0.0	0.0	21.0	76.0	0.0	134.0	395.0	38.0	17.0	27.0	23.0	53.0	0.0	0.0	42.0	0.0	84.0	305.0	0.0	11.0	6.0	72.0	0.0	0.0	80.0	7.0	0.0	0.0	63.0	19.0	7.0	0.0	0.0	76.0	0.0	4.0	32.0	41.0	0.0	0.0	101.0	0.0	0.0	0.0	0.0	26.0	0.0	4.0	26.0	0.0	0.0	0.0	0.0	47.0	18.0	0.0	0.0	12.0	0.0	109.0	625.0	0.0	72.0	157.0	16.0	0.0	22.0	0.0	5.0	0.0	9.0	0.0	0.0	0.0	0.0	0.0	0.0	0.0	3.0	8.0	6.0	164.0	43.0	0.0	0.0	123.0	49.0	0.0	0.0	0.0	41.0	19.0	63.0	0.0	0.0	78.0	0.0	0.0	0.0	0.0	0.0	0.0	0.0	9.0	6.0	14.0	0.0	0.0	55.0	0.0	19.0	0.0	0.0	0.0	0.0	0.0	0.0	0.0	8.0	0.0	0.0	82.0	0.0	17.0	0.0	10.0	0.0	0.0	0.0	7.0	0.0	0.0	0.0	0.0	0.0	0.0	0.0	6.0	0.0	29.0	16.0	0.0	0.0	0.0	0.0	12.0	0.0	0.0	0.0	0.0	0.0	31.0	0.0	33.0	0.0	0.0	0.0	0.0	0.0	0.0	5.0	0.0	0.0	25.0	0.0	0.0	0.0	13.0	0.0	0.0	0.0	0.0	0.0	0.0	0.0	0.0	0.0	0.0	0.0	0.0	0.0	0.0	0.0	0.0	0.0	0.0	0.0	0.0	0.0	0.0	0.0	0.0	0.0	0.0	0.0	0.0	0.0	0.0	0.0	0.0	0.0	0.0	0.0	0.0	0.0	0.0	0.0	0.0	0.0	0.0	0.0	0.0	0.0	0.0	0.0	0.0	0.0	0.0	0.0	0.0	0.0	0.0	0.0	0.0	0.0	0.0	0.0	0.0	0.0	15.0	0.0	0.0	0.0	0.0	0.0	0.0	0.0	0.0	0.0	0.0	0.0	0.0	0.0	0.0	0.0	0.0	0.0	0.0	0.0	0.0	0.0	0.0	0.0	0.0	0.0	0.0	0.0	0.0	0.0	0.0	0.0
SRR9612625	0.0	237.0	939.0	0.0	0.0	1364.0	67.0	0.0	1916.0	98.0	0.0	6.0	147.0	81.0	7.0	225.0	0.0	5.0	122.0	355.0	197.0	0.0	7.0	201.0	1411.0	9.0	0.0	0.0	0.0	6.0	0.0	72.0	0.0	0.0	0.0	0.0	0.0	77.0	22.0	27.0	61.0	162.0	16.0	50.0	16.0	0.0	0.0	0.0	20.0	0.0	12.0	14.0	0.0	0.0	0.0	0.0	49.0	48.0	0.0	113.0	11.0	98.0	167.0	0.0	0.0	0.0	23.0	24.0	101.0	0.0	96.0	547.0	38.0	0.0	25.0	38.0	66.0	4.0	0.0	61.0	0.0	41.0	288.0	0.0	16.0	4.0	84.0	0.0	0.0	47.0	5.0	0.0	0.0	79.0	26.0	11.0	0.0	10.0	88.0	0.0	0.0	42.0	68.0	0.0	0.0	90.0	6.0	2.0	3.0	0.0	29.0	0.0	0.0	27.0	0.0	0.0	0.0	0.0	48.0	24.0	0.0	0.0	0.0	0.0	84.0	549.0	0.0	31.0	187.0	0.0	0.0	31.0	0.0	0.0	0.0	0.0	0.0	0.0	0.0	0.0	0.0	0.0	0.0	0.0	0.0	5.0	207.0	20.0	19.0	0.0	50.0	23.0	0.0	0.0	0.0	76.0	0.0	89.0	0.0	0.0	97.0	0.0	20.0	0.0	0.0	0.0	0.0	0.0	0.0	41.0	0.0	0.0	13.0	62.0	0.0	0.0	0.0	0.0	0.0	0.0	5.0	0.0	0.0	11.0	0.0	0.0	163.0	0.0	21.0	0.0	8.0	0.0	0.0	0.0	0.0	0.0	0.0	0.0	0.0	0.0	0.0	0.0	2.0	0.0	0.0	8.0	0.0	6.0	0.0	0.0	13.0	0.0	0.0	0.0	0.0	0.0	0.0	0.0	27.0	0.0	0.0	0.0	0.0	0.0	0.0	12.0	0.0	0.0	14.0	0.0	0.0	0.0	13.0	0.0	0.0	0.0	0.0	0.0	0.0	0.0	0.0	0.0	0.0	0.0	0.0	0.0	0.0	0.0	0.0	0.0	0.0	0.0	0.0	0.0	0.0	0.0	21.0	0.0	0.0	0.0	0.0	0.0	0.0	0.0	0.0	0.0	0.0	0.0	0.0	0.0	0.0	0.0	0.0	0.0	0.0	0.0	0.0	0.0	0.0	0.0	0.0	0.0	0.0	0.0	0.0	0.0	0.0	0.0	0.0	0.0	0.0	0.0	0.0	0.0	14.0	0.0	0.0	0.0	0.0	0.0	0.0	0.0	0.0	0.0	0.0	0.0	0.0	0.0	0.0	0.0	0.0	0.0	0.0	0.0	0.0	0.0	0.0	0.0	0.0	0.0	0.0	0.0	0.0	0.0	0.0	0.0
SRR9612626	0.0	28.0	978.0	0.0	23.0	1713.0	49.0	0.0	1324.0	105.0	0.0	0.0	103.0	48.0	0.0	100.0	32.0	15.0	76.0	495.0	98.0	0.0	31.0	148.0	1296.0	0.0	0.0	0.0	0.0	0.0	13.0	60.0	0.0	0.0	0.0	0.0	0.0	47.0	0.0	28.0	45.0	199.0	5.0	3.0	0.0	0.0	0.0	0.0	10.0	0.0	5.0	2.0	0.0	3.0	0.0	0.0	71.0	9.0	0.0	97.0	0.0	60.0	154.0	0.0	0.0	0.0	0.0	35.0	25.0	0.0	53.0	305.0	26.0	8.0	39.0	21.0	27.0	0.0	0.0	0.0	0.0	30.0	174.0	0.0	0.0	11.0	116.0	0.0	0.0	90.0	5.0	0.0	0.0	68.0	32.0	0.0	0.0	0.0	88.0	0.0	0.0	122.0	48.0	0.0	0.0	78.0	0.0	0.0	0.0	0.0	23.0	0.0	0.0	20.0	0.0	0.0	0.0	0.0	30.0	0.0	6.0	0.0	0.0	0.0	66.0	353.0	0.0	98.0	100.0	20.0	0.0	29.0	0.0	0.0	0.0	0.0	2.0	0.0	0.0	0.0	0.0	0.0	0.0	0.0	0.0	0.0	204.0	7.0	32.0	0.0	87.0	30.0	0.0	0.0	3.0	34.0	13.0	62.0	11.0	0.0	112.0	0.0	0.0	0.0	0.0	0.0	0.0	0.0	9.0	22.0	0.0	0.0	0.0	70.0	0.0	0.0	0.0	6.0	0.0	0.0	0.0	0.0	0.0	0.0	0.0	0.0	124.0	6.0	0.0	0.0	0.0	0.0	0.0	0.0	0.0	0.0	0.0	0.0	0.0	0.0	0.0	0.0	8.0	0.0	0.0	17.0	0.0	0.0	0.0	0.0	0.0	0.0	0.0	0.0	0.0	0.0	27.0	0.0	39.0	0.0	0.0	0.0	0.0	0.0	0.0	6.0	0.0	0.0	13.0	0.0	0.0	0.0	20.0	0.0	0.0	0.0	0.0	0.0	0.0	0.0	0.0	0.0	0.0	0.0	0.0	0.0	0.0	0.0	0.0	0.0	0.0	0.0	0.0	0.0	0.0	0.0	12.0	0.0	0.0	0.0	0.0	0.0	0.0	0.0	0.0	0.0	0.0	0.0	0.0	0.0	0.0	0.0	0.0	0.0	0.0	0.0	0.0	0.0	0.0	0.0	0.0	0.0	0.0	0.0	0.0	0.0	0.0	0.0	0.0	0.0	0.0	0.0	0.0	0.0	14.0	0.0	0.0	0.0	0.0	0.0	0.0	0.0	0.0	0.0	0.0	0.0	0.0	0.0	0.0	0.0	0.0	0.0	0.0	0.0	0.0	0.0	0.0	0.0	0.0	0.0	0.0	0.0	0.0	0.0	0.0	0.0
SRR9612627	0.0	0.0	943.0	0.0	0.0	2286.0	54.0	0.0	2156.0	46.0	0.0	2.0	55.0	44.0	16.0	61.0	22.0	15.0	241.0	265.0	285.0	0.0	20.0	201.0	1646.0	10.0	0.0	0.0	0.0	0.0	0.0	26.0	0.0	0.0	14.0	0.0	0.0	24.0	9.0	35.0	36.0	303.0	0.0	356.0	15.0	0.0	8.0	0.0	29.0	0.0	11.0	4.0	0.0	0.0	0.0	0.0	95.0	62.0	19.0	99.0	17.0	127.0	255.0	0.0	0.0	0.0	0.0	13.0	135.0	0.0	145.0	681.0	56.0	6.0	73.0	28.0	89.0	0.0	0.0	324.0	0.0	56.0	257.0	0.0	8.0	18.0	104.0	11.0	0.0	14.0	0.0	0.0	0.0	105.0	10.0	0.0	0.0	17.0	105.0	0.0	0.0	18.0	29.0	0.0	3.0	245.0	0.0	0.0	2.0	0.0	12.0	3.0	4.0	16.0	7.0	0.0	0.0	0.0	28.0	10.0	14.0	0.0	0.0	0.0	70.0	542.0	0.0	60.0	212.0	17.0	0.0	0.0	0.0	0.0	0.0	0.0	7.0	0.0	0.0	0.0	0.0	11.0	0.0	0.0	0.0	0.0	40.0	23.0	24.0	0.0	32.0	27.0	0.0	0.0	5.0	0.0	14.0	62.0	16.0	0.0	117.0	0.0	0.0	9.0	0.0	0.0	0.0	0.0	0.0	0.0	13.0	0.0	30.0	63.0	0.0	0.0	0.0	0.0	0.0	0.0	8.0	0.0	0.0	5.0	0.0	3.0	143.0	15.0	28.0	0.0	16.0	0.0	0.0	0.0	4.0	0.0	0.0	0.0	5.0	0.0	0.0	4.0	0.0	0.0	0.0	16.0	11.0	3.0	0.0	0.0	0.0	0.0	0.0	0.0	0.0	0.0	80.0	0.0	34.0	0.0	0.0	0.0	0.0	0.0	0.0	0.0	0.0	0.0	30.0	0.0	0.0	0.0	17.0	0.0	0.0	0.0	0.0	0.0	0.0	0.0	0.0	0.0	0.0	0.0	0.0	0.0	0.0	0.0	0.0	0.0	0.0	2.0	0.0	0.0	0.0	0.0	8.0	0.0	0.0	0.0	0.0	0.0	0.0	0.0	0.0	0.0	0.0	0.0	0.0	0.0	0.0	0.0	0.0	0.0	0.0	0.0	0.0	0.0	0.0	0.0	0.0	0.0	0.0	0.0	0.0	0.0	0.0	0.0	0.0	0.0	0.0	0.0	0.0	0.0	10.0	0.0	0.0	0.0	0.0	0.0	0.0	0.0	0.0	0.0	0.0	0.0	0.0	0.0	0.0	0.0	0.0	0.0	0.0	0.0	0.0	0.0	0.0	0.0	0.0	0.0	0.0	0.0	0.0	0.0	0.0	0.0
SRR9612628	0.0	110.0	890.0	0.0	9.0	2381.0	55.0	0.0	3120.0	130.0	0.0	31.0	48.0	69.0	10.0	121.0	18.0	8.0	96.0	312.0	451.0	0.0	12.0	271.0	1135.0	0.0	0.0	0.0	0.0	34.0	0.0	57.0	0.0	0.0	18.0	0.0	0.0	17.0	10.0	58.0	90.0	393.0	0.0	119.0	36.0	0.0	2.0	0.0	31.0	0.0	5.0	7.0	0.0	0.0	0.0	0.0	69.0	93.0	18.0	296.0	25.0	202.0	102.0	0.0	0.0	0.0	0.0	30.0	90.0	2.0	136.0	366.0	14.0	9.0	47.0	38.0	81.0	0.0	0.0	50.0	0.0	38.0	330.0	5.0	4.0	8.0	100.0	5.0	0.0	65.0	12.0	0.0	0.0	162.0	31.0	0.0	0.0	20.0	104.0	0.0	0.0	26.0	33.0	0.0	0.0	101.0	0.0	0.0	0.0	0.0	26.0	0.0	6.0	0.0	0.0	0.0	0.0	0.0	32.0	13.0	15.0	0.0	0.0	0.0	109.0	322.0	0.0	42.0	201.0	0.0	0.0	34.0	0.0	5.0	0.0	0.0	0.0	0.0	0.0	0.0	0.0	0.0	0.0	0.0	0.0	3.0	178.0	23.0	52.0	0.0	91.0	37.0	0.0	0.0	0.0	48.0	24.0	42.0	11.0	0.0	99.0	0.0	24.0	11.0	4.0	0.0	0.0	0.0	0.0	5.0	0.0	0.0	15.0	39.0	0.0	0.0	0.0	12.0	0.0	0.0	0.0	0.0	0.0	14.0	0.0	2.0	108.0	13.0	15.0	5.0	9.0	0.0	0.0	0.0	17.0	0.0	0.0	0.0	0.0	0.0	0.0	0.0	0.0	0.0	16.0	22.0	0.0	0.0	0.0	0.0	7.0	0.0	0.0	0.0	0.0	0.0	0.0	0.0	27.0	0.0	0.0	0.0	0.0	0.0	0.0	4.0	0.0	0.0	38.0	0.0	0.0	0.0	14.0	14.0	0.0	0.0	0.0	0.0	0.0	0.0	0.0	0.0	0.0	0.0	0.0	0.0	0.0	0.0	0.0	0.0	0.0	0.0	0.0	0.0	0.0	0.0	10.0	0.0	0.0	0.0	0.0	0.0	0.0	0.0	0.0	0.0	0.0	0.0	0.0	0.0	0.0	0.0	0.0	0.0	0.0	0.0	0.0	0.0	0.0	0.0	0.0	0.0	0.0	0.0	0.0	0.0	0.0	0.0	0.0	0.0	0.0	0.0	0.0	0.0	5.0	0.0	0.0	0.0	0.0	0.0	0.0	0.0	0.0	0.0	0.0	0.0	0.0	0.0	0.0	0.0	0.0	0.0	0.0	0.0	0.0	0.0	0.0	0.0	0.0	0.0	0.0	0.0	0.0	0.0	0.0	0.0
SRR9612629	0.0	78.0	900.0	0.0	9.0	2010.0	30.0	0.0	1217.0	107.0	0.0	10.0	86.0	78.0	0.0	164.0	24.0	0.0	268.0	301.0	147.0	0.0	19.0	165.0	1528.0	0.0	0.0	0.0	0.0	30.0	6.0	31.0	0.0	0.0	0.0	0.0	0.0	29.0	6.0	24.0	44.0	194.0	4.0	150.0	27.0	0.0	0.0	0.0	15.0	0.0	10.0	0.0	0.0	0.0	0.0	0.0	38.0	0.0	9.0	191.0	1.0	67.0	136.0	0.0	0.0	0.0	0.0	33.0	43.0	0.0	69.0	452.0	10.0	22.0	39.0	14.0	49.0	0.0	3.0	33.0	8.0	47.0	200.0	3.0	6.0	6.0	72.0	15.0	0.0	41.0	0.0	0.0	0.0	78.0	29.0	0.0	0.0	2.0	97.0	0.0	0.0	39.0	29.0	0.0	0.0	104.0	0.0	0.0	0.0	0.0	20.0	0.0	4.0	0.0	0.0	0.0	0.0	3.0	10.0	0.0	19.0	0.0	0.0	0.0	50.0	379.0	0.0	94.0	145.0	0.0	0.0	22.0	0.0	0.0	0.0	0.0	0.0	0.0	0.0	0.0	0.0	7.0	0.0	0.0	0.0	5.0	182.0	16.0	35.0	0.0	38.0	37.0	0.0	0.0	0.0	27.0	6.0	41.0	3.0	0.0	109.0	0.0	0.0	7.0	3.0	0.0	0.0	0.0	5.0	16.0	0.0	0.0	0.0	92.0	0.0	0.0	0.0	6.0	0.0	0.0	0.0	0.0	0.0	0.0	0.0	0.0	124.0	11.0	12.0	2.0	9.0	0.0	0.0	0.0	7.0	2.0	0.0	0.0	0.0	0.0	0.0	0.0	0.0	0.0	4.0	16.0	11.0	0.0	0.0	0.0	0.0	0.0	0.0	0.0	0.0	0.0	0.0	0.0	33.0	0.0	0.0	0.0	0.0	0.0	0.0	5.0	0.0	0.0	36.0	0.0	0.0	0.0	0.0	0.0	0.0	0.0	0.0	0.0	0.0	0.0	0.0	0.0	0.0	0.0	0.0	0.0	0.0	0.0	0.0	0.0	0.0	0.0	0.0	0.0	0.0	0.0	0.0	0.0	0.0	0.0	0.0	0.0	0.0	0.0	0.0	0.0	0.0	0.0	0.0	0.0	0.0	0.0	0.0	0.0	0.0	0.0	0.0	0.0	0.0	0.0	0.0	0.0	0.0	0.0	0.0	0.0	0.0	0.0	0.0	0.0	0.0	0.0	0.0	0.0	29.0	0.0	0.0	0.0	0.0	0.0	0.0	0.0	0.0	0.0	0.0	0.0	0.0	0.0	0.0	0.0	0.0	0.0	0.0	0.0	0.0	0.0	0.0	0.0	0.0	0.0	0.0	0.0	0.0	0.0	0.0	0.0
SRR9612631	0.0	0.0	922.0	0.0	68.0	2306.0	44.0	0.0	2202.0	83.0	0.0	30.0	64.0	47.0	4.0	157.0	0.0	15.0	150.0	320.0	155.0	0.0	17.0	262.0	1588.0	3.0	0.0	0.0	0.0	0.0	0.0	65.0	0.0	5.0	0.0	0.0	0.0	31.0	4.0	71.0	26.0	154.0	16.0	73.0	20.0	0.0	5.0	0.0	65.0	0.0	7.0	0.0	0.0	0.0	0.0	0.0	72.0	78.0	37.0	204.0	26.0	192.0	168.0	0.0	6.0	0.0	0.0	15.0	88.0	0.0	136.0	552.0	64.0	8.0	22.0	18.0	102.0	0.0	0.0	132.0	0.0	50.0	253.0	0.0	7.0	10.0	77.0	5.0	0.0	0.0	0.0	0.0	0.0	32.0	20.0	6.0	0.0	15.0	40.0	0.0	0.0	0.0	17.0	0.0	0.0	186.0	0.0	0.0	0.0	0.0	10.0	0.0	0.0	0.0	0.0	0.0	0.0	0.0	64.0	0.0	13.0	0.0	0.0	0.0	60.0	812.0	0.0	0.0	147.0	27.0	0.0	12.0	0.0	0.0	0.0	0.0	0.0	0.0	0.0	0.0	0.0	0.0	0.0	0.0	0.0	9.0	17.0	15.0	0.0	0.0	0.0	46.0	0.0	0.0	3.0	20.0	8.0	18.0	17.0	0.0	50.0	0.0	0.0	0.0	0.0	0.0	0.0	6.0	0.0	0.0	0.0	0.0	0.0	28.0	0.0	26.0	0.0	0.0	0.0	0.0	2.0	0.0	0.0	18.0	0.0	0.0	59.0	8.0	32.0	0.0	6.0	0.0	0.0	0.0	5.0	0.0	0.0	0.0	0.0	0.0	0.0	0.0	0.0	0.0	8.0	23.0	0.0	8.0	0.0	0.0	12.0	0.0	0.0	0.0	0.0	0.0	77.0	0.0	21.0	0.0	0.0	0.0	0.0	0.0	0.0	2.0	0.0	0.0	32.0	0.0	0.0	0.0	22.0	0.0	0.0	0.0	0.0	0.0	0.0	0.0	0.0	0.0	0.0	4.0	0.0	0.0	0.0	0.0	0.0	0.0	0.0	0.0	0.0	0.0	0.0	0.0	18.0	0.0	0.0	0.0	0.0	0.0	0.0	0.0	0.0	0.0	0.0	0.0	0.0	0.0	0.0	0.0	0.0	2.0	0.0	0.0	0.0	0.0	0.0	0.0	0.0	0.0	0.0	0.0	0.0	0.0	0.0	0.0	0.0	0.0	0.0	0.0	0.0	0.0	0.0	0.0	0.0	0.0	0.0	0.0	0.0	0.0	0.0	0.0	0.0	0.0	0.0	0.0	0.0	0.0	0.0	0.0	0.0	0.0	0.0	0.0	0.0	0.0	0.0	0.0	0.0	0.0	0.0	0.0	0.0	0.0
SRR9612632	0.0	134.0	1488.0	0.0	0.0	2762.0	43.0	0.0	1853.0	85.0	0.0	8.0	128.0	73.0	0.0	185.0	12.0	0.0	152.0	521.0	142.0	0.0	26.0	192.0	1637.0	0.0	7.0	0.0	0.0	25.0	12.0	52.0	0.0	0.0	6.0	0.0	9.0	51.0	0.0	22.0	31.0	234.0	0.0	22.0	4.0	0.0	0.0	0.0	13.0	0.0	0.0	0.0	0.0	0.0	0.0	0.0	144.0	24.0	0.0	220.0	0.0	67.0	341.0	0.0	0.0	0.0	0.0	17.0	47.0	0.0	95.0	367.0	59.0	10.0	28.0	29.0	88.0	0.0	4.0	96.0	0.0	102.0	320.0	0.0	20.0	4.0	93.0	0.0	0.0	74.0	0.0	0.0	0.0	94.0	50.0	11.0	0.0	15.0	164.0	0.0	3.0	55.0	32.0	0.0	0.0	135.0	0.0	0.0	0.0	0.0	51.0	0.0	0.0	15.0	0.0	0.0	0.0	0.0	36.0	0.0	0.0	0.0	0.0	0.0	85.0	491.0	0.0	156.0	249.0	17.0	0.0	16.0	0.0	0.0	0.0	0.0	0.0	0.0	9.0	0.0	0.0	0.0	0.0	0.0	0.0	7.0	358.0	4.0	50.0	0.0	137.0	67.0	0.0	0.0	0.0	24.0	9.0	92.0	14.0	0.0	133.0	0.0	23.0	14.0	0.0	0.0	0.0	8.0	0.0	19.0	17.0	0.0	0.0	75.0	0.0	0.0	0.0	7.0	0.0	0.0	3.0	0.0	0.0	0.0	0.0	0.0	148.0	0.0	45.0	0.0	11.0	0.0	0.0	0.0	0.0	0.0	0.0	0.0	0.0	0.0	3.0	0.0	0.0	0.0	0.0	0.0	8.0	4.0	0.0	0.0	15.0	0.0	0.0	0.0	6.0	0.0	40.0	0.0	47.0	0.0	0.0	0.0	0.0	0.0	0.0	0.0	0.0	0.0	37.0	0.0	0.0	0.0	26.0	0.0	0.0	0.0	0.0	0.0	0.0	0.0	0.0	0.0	0.0	0.0	0.0	0.0	0.0	0.0	0.0	0.0	0.0	0.0	0.0	0.0	0.0	0.0	15.0	0.0	0.0	0.0	0.0	0.0	0.0	0.0	0.0	0.0	0.0	0.0	0.0	0.0	0.0	0.0	0.0	0.0	0.0	0.0	0.0	0.0	0.0	0.0	0.0	0.0	0.0	0.0	0.0	0.0	0.0	0.0	0.0	0.0	0.0	0.0	0.0	0.0	11.0	0.0	0.0	0.0	0.0	0.0	0.0	0.0	0.0	0.0	0.0	0.0	0.0	0.0	0.0	0.0	0.0	0.0	0.0	0.0	0.0	0.0	0.0	0.0	0.0	0.0	0.0	0.0	0.0	0.0	0.0	0.0
SRR9612634	0.0	144.0	914.0	0.0	64.0	1912.0	128.0	7.0	2821.0	57.0	0.0	0.0	343.0	129.0	9.0	558.0	25.0	13.0	40.0	2010.0	73.0	0.0	16.0	271.0	1809.0	0.0	0.0	52.0	38.0	35.0	10.0	115.0	0.0	10.0	25.0	0.0	0.0	137.0	7.0	5.0	32.0	231.0	12.0	134.0	8.0	0.0	0.0	0.0	0.0	0.0	23.0	0.0	0.0	12.0	0.0	0.0	234.0	51.0	11.0	119.0	13.0	83.0	359.0	0.0	0.0	0.0	30.0	34.0	56.0	12.0	201.0	749.0	50.0	0.0	76.0	27.0	102.0	0.0	64.0	5.0	0.0	35.0	551.0	0.0	14.0	0.0	98.0	0.0	0.0	108.0	37.0	0.0	0.0	104.0	22.0	1.0	0.0	6.0	130.0	0.0	0.0	52.0	59.0	7.0	0.0	240.0	0.0	0.0	0.0	0.0	50.0	0.0	0.0	23.0	9.0	14.0	6.0	0.0	81.0	11.0	3.0	0.0	0.0	0.0	184.0	555.0	0.0	142.0	123.0	13.0	0.0	52.0	21.0	12.0	0.0	0.0	0.0	0.0	9.0	0.0	43.0	0.0	0.0	2.0	0.0	14.0	211.0	0.0	38.0	0.0	44.0	39.0	0.0	7.0	0.0	63.0	191.0	125.0	6.0	0.0	76.0	0.0	34.0	11.0	8.0	0.0	0.0	0.0	4.0	0.0	11.0	0.0	0.0	68.0	27.0	0.0	0.0	0.0	0.0	0.0	18.0	0.0	0.0	0.0	0.0	4.0	119.0	0.0	42.0	0.0	7.0	0.0	0.0	0.0	0.0	0.0	180.0	0.0	6.0	0.0	48.0	0.0	0.0	0.0	9.0	22.0	18.0	0.0	0.0	0.0	26.0	0.0	4.0	0.0	0.0	0.0	65.0	0.0	36.0	0.0	0.0	2.0	0.0	0.0	0.0	4.0	0.0	0.0	27.0	0.0	0.0	0.0	15.0	0.0	0.0	0.0	0.0	0.0	0.0	0.0	0.0	0.0	0.0	0.0	0.0	0.0	0.0	0.0	0.0	0.0	0.0	0.0	0.0	0.0	0.0	0.0	1.0	0.0	0.0	0.0	0.0	0.0	0.0	0.0	0.0	0.0	0.0	0.0	0.0	0.0	0.0	0.0	0.0	0.0	0.0	0.0	0.0	0.0	0.0	0.0	0.0	0.0	0.0	0.0	0.0	0.0	0.0	0.0	0.0	0.0	0.0	0.0	0.0	0.0	24.0	0.0	0.0	0.0	0.0	0.0	0.0	0.0	0.0	0.0	0.0	0.0	0.0	0.0	0.0	0.0	0.0	0.0	0.0	0.0	0.0	0.0	0.0	0.0	0.0	0.0	0.0	0.0	0.0	0.0	0.0	0.0
SRR9612635	0.0	117.0	1437.0	0.0	241.0	2921.0	220.0	8.0	4456.0	134.0	6.0	13.0	475.0	111.0	10.0	999.0	40.0	17.0	133.0	3212.0	110.0	0.0	18.0	508.0	2601.0	0.0	0.0	99.0	24.0	24.0	0.0	153.0	13.0	18.0	0.0	0.0	13.0	392.0	0.0	50.0	127.0	196.0	25.0	0.0	47.0	34.0	0.0	11.0	0.0	0.0	36.0	29.0	0.0	21.0	0.0	0.0	296.0	55.0	18.0	119.0	5.0	98.0	420.0	5.0	11.0	0.0	108.0	113.0	279.0	40.0	170.0	854.0	104.0	12.0	193.0	21.0	211.0	10.0	106.0	7.0	18.0	74.0	1209.0	13.0	80.0	12.0	149.0	0.0	0.0	123.0	33.0	0.0	0.0	97.0	16.0	15.0	0.0	14.0	212.0	13.0	14.0	117.0	63.0	2.0	0.0	404.0	0.0	0.0	0.0	0.0	42.0	0.0	2.0	40.0	0.0	14.0	0.0	0.0	67.0	16.0	12.0	0.0	0.0	0.0	430.0	850.0	0.0	189.0	284.0	31.0	0.0	48.0	54.0	10.0	0.0	4.0	0.0	0.0	0.0	0.0	79.0	0.0	6.0	20.0	4.0	9.0	426.0	0.0	59.0	0.0	37.0	34.0	5.0	24.0	0.0	49.0	390.0	177.0	8.0	0.0	103.0	0.0	23.0	0.0	17.0	0.0	4.0	0.0	24.0	23.0	10.0	0.0	0.0	131.0	98.0	7.0	3.0	5.0	0.0	0.0	0.0	0.0	0.0	6.0	0.0	2.0	216.0	0.0	43.0	0.0	11.0	11.0	0.0	0.0	0.0	12.0	74.0	0.0	0.0	4.0	34.0	3.0	21.0	0.0	0.0	31.0	0.0	0.0	0.0	0.0	35.0	0.0	28.0	0.0	0.0	0.0	86.0	0.0	46.0	0.0	0.0	5.0	0.0	0.0	0.0	3.0	0.0	3.0	33.0	13.0	0.0	0.0	27.0	0.0	0.0	0.0	0.0	0.0	0.0	16.0	0.0	0.0	0.0	0.0	0.0	0.0	0.0	0.0	0.0	0.0	0.0	0.0	0.0	0.0	20.0	21.0	33.0	0.0	0.0	0.0	8.0	0.0	0.0	0.0	0.0	0.0	0.0	0.0	0.0	8.0	0.0	0.0	0.0	0.0	0.0	0.0	0.0	0.0	0.0	4.0	5.0	0.0	0.0	0.0	0.0	0.0	0.0	0.0	0.0	0.0	0.0	0.0	4.0	0.0	26.0	0.0	0.0	4.0	0.0	0.0	0.0	0.0	0.0	0.0	0.0	0.0	0.0	0.0	0.0	0.0	0.0	0.0	0.0	0.0	0.0	0.0	0.0	0.0	0.0	0.0	0.0	0.0	0.0	0.0	0.0	0.0
SRR9612636	0.0	101.0	14.0	13.0	30.0	11.0	9.0	0.0	8670.0	361.0	0.0	46.0	198.0	1307.0	6.0	944.0	3.0	26.0	240.0	2091.0	531.0	0.0	18.0	7.0	188.0	8.0	0.0	122.0	9.0	0.0	0.0	0.0	0.0	28.0	0.0	53.0	4.0	42.0	577.0	73.0	13.0	97.0	0.0	0.0	0.0	0.0	0.0	0.0	7.0	0.0	0.0	0.0	0.0	0.0	0.0	0.0	9.0	122.0	0.0	7.0	519.0	910.0	0.0	0.0	0.0	0.0	0.0	0.0	59.0	0.0	744.0	0.0	5.0	10.0	29.0	2.0	0.0	0.0	5.0	58.0	34.0	6.0	0.0	0.0	0.0	0.0	696.0	0.0	0.0	0.0	0.0	0.0	0.0	107.0	3.0	0.0	0.0	24.0	29.0	0.0	0.0	541.0	927.0	0.0	0.0	3.0	0.0	0.0	0.0	0.0	0.0	0.0	2.0	12.0	0.0	4.0	0.0	0.0	16.0	4.0	0.0	0.0	0.0	0.0	0.0	0.0	0.0	0.0	0.0	758.0	0.0	212.0	12.0	0.0	0.0	0.0	38.0	0.0	0.0	0.0	0.0	0.0	0.0	0.0	0.0	0.0	0.0	5.0	6.0	0.0	98.0	0.0	0.0	0.0	0.0	299.0	0.0	13.0	0.0	0.0	10.0	0.0	137.0	0.0	0.0	0.0	0.0	0.0	0.0	0.0	0.0	0.0	262.0	5.0	0.0	0.0	0.0	0.0	0.0	0.0	0.0	0.0	0.0	220.0	0.0	0.0	0.0	0.0	0.0	3.0	0.0	0.0	0.0	0.0	275.0	0.0	13.0	0.0	0.0	0.0	0.0	0.0	18.0	0.0	0.0	0.0	0.0	19.0	0.0	0.0	0.0	0.0	5.0	0.0	0.0	0.0	0.0	0.0	0.0	0.0	0.0	0.0	0.0	0.0	0.0	0.0	0.0	0.0	0.0	0.0	0.0	0.0	110.0	0.0	0.0	0.0	0.0	0.0	0.0	0.0	0.0	0.0	0.0	0.0	0.0	0.0	0.0	0.0	0.0	0.0	0.0	0.0	0.0	0.0	0.0	0.0	0.0	0.0	0.0	0.0	0.0	0.0	0.0	0.0	0.0	0.0	0.0	0.0	0.0	0.0	0.0	0.0	0.0	0.0	0.0	0.0	0.0	0.0	0.0	0.0	0.0	0.0	0.0	0.0	0.0	0.0	0.0	0.0	0.0	0.0	0.0	0.0	0.0	0.0	0.0	0.0	0.0	0.0	0.0	0.0	0.0	0.0	0.0	0.0	0.0	0.0	0.0	0.0	0.0	0.0	0.0	0.0	0.0	0.0	0.0	0.0	0.0	0.0	0.0	0.0	0.0	0.0	0.0	0.0	0.0	0.0
SRR9612637	0.0	1100.0	31.0	0.0	108.0	20.0	23.0	0.0	7800.0	509.0	45.0	5.0	1951.0	285.0	0.0	532.0	4.0	0.0	21.0	184.0	70.0	0.0	5.0	12.0	135.0	0.0	0.0	83.0	33.0	9.0	0.0	29.0	2.0	0.0	0.0	3.0	16.0	33.0	38.0	0.0	28.0	85.0	56.0	0.0	0.0	0.0	0.0	0.0	0.0	0.0	0.0	0.0	0.0	0.0	0.0	0.0	0.0	9.0	0.0	7.0	12.0	164.0	0.0	0.0	0.0	0.0	0.0	0.0	82.0	0.0	389.0	0.0	0.0	10.0	11.0	10.0	0.0	0.0	11.0	5.0	68.0	0.0	16.0	0.0	0.0	0.0	277.0	0.0	0.0	0.0	0.0	0.0	0.0	102.0	4.0	0.0	0.0	0.0	28.0	0.0	0.0	5277.0	70.0	0.0	0.0	0.0	0.0	0.0	0.0	0.0	0.0	0.0	0.0	0.0	0.0	0.0	0.0	0.0	3.0	0.0	0.0	0.0	0.0	0.0	0.0	8.0	7.0	0.0	8.0	494.0	0.0	49.0	0.0	0.0	0.0	50.0	0.0	0.0	61.0	0.0	0.0	0.0	0.0	0.0	0.0	0.0	31.0	0.0	59.0	19.0	291.0	0.0	0.0	0.0	0.0	97.0	0.0	5.0	0.0	0.0	0.0	0.0	124.0	0.0	0.0	0.0	0.0	0.0	0.0	121.0	0.0	0.0	0.0	0.0	0.0	7.0	0.0	0.0	0.0	0.0	0.0	0.0	0.0	0.0	0.0	0.0	13.0	0.0	4.0	12.0	0.0	0.0	0.0	0.0	0.0	0.0	8.0	0.0	0.0	0.0	0.0	0.0	0.0	0.0	0.0	0.0	0.0	0.0	0.0	0.0	0.0	16.0	0.0	0.0	0.0	0.0	0.0	0.0	20.0	7.0	0.0	0.0	0.0	0.0	0.0	0.0	0.0	0.0	0.0	0.0	0.0	0.0	0.0	0.0	0.0	0.0	0.0	0.0	0.0	0.0	0.0	0.0	0.0	0.0	0.0	0.0	0.0	0.0	0.0	0.0	3.0	0.0	0.0	0.0	0.0	0.0	0.0	0.0	0.0	0.0	0.0	0.0	0.0	0.0	0.0	0.0	0.0	0.0	0.0	0.0	0.0	0.0	0.0	0.0	0.0	0.0	0.0	0.0	0.0	0.0	0.0	0.0	0.0	0.0	0.0	0.0	0.0	0.0	0.0	0.0	0.0	0.0	0.0	0.0	0.0	0.0	0.0	0.0	0.0	0.0	0.0	0.0	0.0	0.0	0.0	0.0	0.0	0.0	0.0	0.0	0.0	0.0	0.0	0.0	0.0	0.0	0.0	0.0	0.0	0.0	0.0	0.0	0.0	0.0	0.0	0.0
SRR9612638	0.0	802.0	25.0	5.0	89.0	18.0	0.0	3.0	3227.0	466.0	6.0	6.0	469.0	662.0	0.0	1227.0	0.0	9.0	36.0	1746.0	176.0	0.0	17.0	15.0	131.0	0.0	0.0	62.0	242.0	9.0	0.0	70.0	16.0	12.0	0.0	0.0	5.0	0.0	40.0	11.0	34.0	258.0	8.0	4.0	0.0	0.0	0.0	0.0	0.0	0.0	0.0	0.0	0.0	0.0	0.0	0.0	0.0	34.0	0.0	15.0	130.0	134.0	5.0	0.0	0.0	0.0	19.0	11.0	33.0	0.0	201.0	27.0	0.0	46.0	3.0	0.0	0.0	0.0	25.0	4.0	51.0	3.0	0.0	5.0	4.0	0.0	675.0	0.0	0.0	0.0	0.0	0.0	0.0	147.0	0.0	0.0	0.0	12.0	0.0	0.0	0.0	1538.0	579.0	12.0	0.0	0.0	0.0	0.0	0.0	0.0	0.0	0.0	0.0	6.0	0.0	0.0	0.0	0.0	40.0	0.0	0.0	0.0	0.0	0.0	6.0	12.0	0.0	0.0	14.0	613.0	0.0	276.0	46.0	0.0	0.0	13.0	0.0	0.0	29.0	0.0	0.0	0.0	0.0	0.0	0.0	0.0	0.0	0.0	0.0	0.0	109.0	3.0	0.0	0.0	0.0	559.0	0.0	8.0	0.0	0.0	0.0	0.0	260.0	0.0	0.0	0.0	0.0	0.0	0.0	57.0	0.0	0.0	0.0	3.0	0.0	0.0	0.0	0.0	0.0	13.0	0.0	0.0	0.0	204.0	0.0	0.0	85.0	0.0	0.0	5.0	0.0	0.0	0.0	7.0	13.0	0.0	272.0	0.0	0.0	0.0	0.0	0.0	36.0	0.0	0.0	0.0	0.0	22.0	0.0	0.0	0.0	0.0	0.0	0.0	0.0	0.0	0.0	0.0	24.0	0.0	0.0	0.0	0.0	0.0	0.0	0.0	0.0	0.0	3.0	0.0	0.0	0.0	0.0	0.0	0.0	0.0	0.0	0.0	0.0	0.0	0.0	0.0	0.0	0.0	0.0	3.0	0.0	0.0	0.0	0.0	0.0	0.0	0.0	0.0	0.0	0.0	13.0	0.0	0.0	0.0	0.0	0.0	5.0	0.0	0.0	0.0	0.0	0.0	3.0	0.0	0.0	0.0	0.0	0.0	0.0	0.0	0.0	0.0	0.0	0.0	0.0	0.0	0.0	0.0	0.0	0.0	0.0	0.0	0.0	0.0	0.0	0.0	0.0	0.0	0.0	0.0	0.0	0.0	0.0	0.0	0.0	0.0	0.0	0.0	0.0	0.0	0.0	0.0	0.0	0.0	0.0	0.0	0.0	0.0	0.0	0.0	0.0	0.0	0.0	0.0	0.0	0.0	0.0	0.0	0.0	0.0
SRR9612639	0.0	149.0	701.0	0.0	19.0	2145.0	91.0	25.0	2766.0	125.0	0.0	9.0	223.0	153.0	0.0	601.0	36.0	24.0	45.0	1252.0	84.0	0.0	46.0	364.0	2498.0	0.0	0.0	6.0	13.0	20.0	64.0	131.0	0.0	6.0	11.0	9.0	10.0	115.0	0.0	32.0	101.0	297.0	0.0	24.0	12.0	0.0	0.0	0.0	4.0	18.0	22.0	0.0	0.0	0.0	0.0	0.0	320.0	41.0	16.0	185.0	109.0	186.0	384.0	0.0	0.0	0.0	8.0	0.0	103.0	0.0	248.0	667.0	49.0	8.0	63.0	21.0	100.0	0.0	10.0	50.0	6.0	87.0	455.0	5.0	28.0	14.0	156.0	0.0	0.0	72.0	40.0	0.0	0.0	178.0	4.0	15.0	0.0	19.0	139.0	0.0	3.0	68.0	64.0	0.0	9.0	172.0	0.0	0.0	0.0	0.0	49.0	0.0	6.0	137.0	7.0	9.0	0.0	0.0	261.0	15.0	0.0	0.0	0.0	0.0	138.0	625.0	0.0	104.0	161.0	42.0	0.0	105.0	0.0	13.0	0.0	0.0	6.0	0.0	0.0	0.0	0.0	13.0	0.0	0.0	0.0	12.0	295.0	40.0	65.0	3.0	41.0	98.0	0.0	0.0	4.0	79.0	55.0	113.0	18.0	0.0	112.0	0.0	21.0	11.0	10.0	0.0	0.0	3.0	0.0	17.0	17.0	0.0	0.0	71.0	23.0	17.0	0.0	0.0	0.0	0.0	13.0	0.0	10.0	36.0	0.0	0.0	125.0	0.0	20.0	0.0	15.0	0.0	0.0	0.0	14.0	0.0	19.0	0.0	0.0	0.0	6.0	0.0	18.0	0.0	34.0	51.0	0.0	0.0	0.0	0.0	23.0	0.0	29.0	0.0	0.0	0.0	67.0	0.0	39.0	0.0	0.0	0.0	0.0	0.0	0.0	6.0	4.0	0.0	22.0	0.0	0.0	0.0	5.0	0.0	0.0	0.0	0.0	3.0	0.0	0.0	0.0	0.0	0.0	0.0	0.0	0.0	0.0	0.0	0.0	0.0	0.0	0.0	0.0	0.0	0.0	0.0	39.0	0.0	0.0	0.0	0.0	0.0	0.0	0.0	0.0	0.0	0.0	0.0	0.0	0.0	0.0	0.0	0.0	0.0	0.0	0.0	0.0	0.0	0.0	0.0	0.0	0.0	0.0	0.0	2.0	0.0	0.0	0.0	0.0	0.0	0.0	0.0	0.0	0.0	19.0	0.0	0.0	0.0	0.0	0.0	0.0	0.0	0.0	0.0	0.0	0.0	0.0	0.0	0.0	0.0	0.0	0.0	0.0	0.0	0.0	0.0	0.0	0.0	0.0	0.0	0.0	0.0	0.0	0.0	0.0	0.0
SRR9612640	0.0	1034.0	183.0	13.0	185.0	15.0	0.0	0.0	7022.0	924.0	0.0	31.0	1394.0	4705.0	12.0	1394.0	0.0	53.0	2.0	732.0	55.0	0.0	23.0	21.0	426.0	0.0	0.0	51.0	97.0	0.0	1.0	35.0	0.0	14.0	0.0	0.0	0.0	65.0	24.0	13.0	0.0	748.0	5.0	6.0	2.0	0.0	0.0	0.0	0.0	0.0	0.0	0.0	0.0	0.0	0.0	0.0	5.0	580.0	0.0	30.0	141.0	173.0	0.0	0.0	0.0	0.0	7.0	82.0	324.0	0.0	708.0	43.0	0.0	146.0	47.0	4.0	0.0	0.0	98.0	9.0	291.0	0.0	41.0	0.0	0.0	0.0	718.0	0.0	0.0	0.0	0.0	0.0	0.0	280.0	0.0	0.0	0.0	269.0	46.0	0.0	0.0	782.0	1341.0	0.0	0.0	3.0	0.0	0.0	0.0	0.0	0.0	0.0	0.0	45.0	38.0	0.0	2.0	0.0	66.0	14.0	0.0	0.0	0.0	0.0	0.0	0.0	13.0	7.0	0.0	527.0	0.0	205.0	0.0	0.0	22.0	0.0	31.0	0.0	27.0	0.0	0.0	0.0	0.0	0.0	3.0	0.0	49.0	0.0	60.0	0.0	93.0	0.0	0.0	0.0	0.0	724.0	0.0	33.0	0.0	0.0	0.0	0.0	411.0	0.0	0.0	0.0	0.0	0.0	0.0	4.0	8.0	0.0	22.0	0.0	0.0	0.0	0.0	0.0	0.0	0.0	0.0	0.0	0.0	105.0	0.0	0.0	2143.0	0.0	0.0	0.0	0.0	0.0	0.0	0.0	33.0	0.0	274.0	0.0	0.0	0.0	0.0	0.0	138.0	0.0	17.0	0.0	0.0	5.0	0.0	0.0	0.0	0.0	4.0	0.0	0.0	0.0	0.0	0.0	64.0	0.0	0.0	0.0	0.0	0.0	0.0	0.0	0.0	0.0	0.0	0.0	0.0	0.0	0.0	0.0	0.0	0.0	0.0	0.0	0.0	0.0	0.0	0.0	0.0	0.0	0.0	0.0	0.0	0.0	0.0	0.0	0.0	0.0	0.0	0.0	0.0	0.0	0.0	0.0	0.0	0.0	0.0	0.0	0.0	0.0	0.0	0.0	0.0	0.0	0.0	0.0	0.0	0.0	0.0	0.0	0.0	0.0	0.0	0.0	0.0	0.0	0.0	0.0	0.0	0.0	0.0	0.0	0.0	0.0	0.0	0.0	0.0	0.0	0.0	0.0	0.0	0.0	0.0	0.0	0.0	0.0	0.0	0.0	0.0	0.0	0.0	0.0	0.0	0.0	0.0	0.0	0.0	0.0	0.0	0.0	0.0	0.0	0.0	0.0	0.0	0.0	0.0	0.0	0.0	0.0	0.0	0.0
SRR9612641	0.0	176.0	14.0	0.0	263.0	15.0	0.0	0.0	8149.0	133.0	0.0	7.0	129.0	845.0	0.0	805.0	0.0	15.0	0.0	9143.0	21.0	0.0	0.0	26.0	231.0	0.0	0.0	481.0	54.0	0.0	0.0	70.0	0.0	19.0	0.0	0.0	0.0	52.0	42.0	0.0	0.0	23.0	23.0	0.0	2.0	0.0	0.0	0.0	0.0	0.0	0.0	0.0	0.0	0.0	0.0	0.0	0.0	38.0	0.0	0.0	5.0	168.0	7.0	0.0	0.0	23.0	235.0	0.0	97.0	0.0	155.0	17.0	0.0	7.0	145.0	6.0	0.0	0.0	68.0	0.0	335.0	0.0	0.0	0.0	11.0	0.0	410.0	0.0	25.0	0.0	3.0	0.0	0.0	11.0	0.0	0.0	0.0	0.0	27.0	0.0	0.0	58.0	136.0	0.0	0.0	0.0	0.0	0.0	0.0	0.0	0.0	0.0	0.0	0.0	0.0	0.0	0.0	0.0	9.0	0.0	0.0	0.0	0.0	0.0	0.0	0.0	0.0	0.0	0.0	122.0	0.0	33.0	136.0	0.0	0.0	0.0	0.0	0.0	0.0	0.0	10.0	0.0	0.0	0.0	0.0	0.0	8.0	25.0	0.0	0.0	0.0	0.0	0.0	2.0	0.0	78.0	7.0	10.0	0.0	0.0	10.0	0.0	730.0	0.0	0.0	0.0	9.0	0.0	0.0	0.0	0.0	0.0	0.0	0.0	0.0	0.0	0.0	0.0	0.0	0.0	0.0	0.0	0.0	22.0	0.0	0.0	18.0	0.0	0.0	0.0	0.0	0.0	0.0	0.0	0.0	0.0	495.0	0.0	0.0	0.0	0.0	0.0	28.0	0.0	0.0	0.0	0.0	2.0	0.0	0.0	0.0	0.0	0.0	0.0	0.0	0.0	0.0	0.0	18.0	0.0	0.0	0.0	0.0	0.0	0.0	0.0	0.0	0.0	0.0	0.0	0.0	0.0	0.0	0.0	0.0	30.0	0.0	0.0	0.0	0.0	0.0	0.0	0.0	0.0	0.0	0.0	0.0	0.0	0.0	0.0	0.0	0.0	0.0	0.0	0.0	0.0	0.0	0.0	0.0	0.0	0.0	0.0	0.0	0.0	0.0	0.0	0.0	0.0	0.0	0.0	0.0	0.0	0.0	0.0	0.0	0.0	0.0	0.0	0.0	0.0	0.0	0.0	0.0	0.0	0.0	0.0	0.0	0.0	0.0	0.0	0.0	0.0	0.0	0.0	0.0	0.0	0.0	0.0	0.0	0.0	0.0	0.0	0.0	0.0	0.0	0.0	0.0	0.0	0.0	0.0	0.0	0.0	0.0	0.0	0.0	0.0	0.0	0.0	0.0	0.0	0.0	0.0	0.0	0.0	0.0	0.0
SRR9612642	0.0	119.0	612.0	3.0	131.0	1013.0	66.0	54.0	2943.0	104.0	0.0	13.0	178.0	98.0	3.0	417.0	19.0	16.0	71.0	1170.0	185.0	0.0	27.0	300.0	1201.0	0.0	0.0	59.0	50.0	5.0	36.0	117.0	11.0	3.0	0.0	4.0	0.0	72.0	13.0	8.0	30.0	358.0	0.0	0.0	11.0	6.0	0.0	0.0	0.0	0.0	45.0	0.0	0.0	0.0	0.0	0.0	136.0	42.0	12.0	121.0	82.0	92.0	367.0	0.0	21.0	7.0	98.0	64.0	108.0	0.0	167.0	337.0	65.0	6.0	36.0	25.0	43.0	0.0	18.0	17.0	20.0	28.0	412.0	23.0	12.0	0.0	173.0	0.0	0.0	40.0	40.0	0.0	0.0	121.0	29.0	6.0	6.0	0.0	114.0	0.0	0.0	32.0	66.0	8.0	0.0	79.0	0.0	0.0	0.0	0.0	40.0	0.0	0.0	81.0	0.0	8.0	5.0	0.0	121.0	0.0	0.0	0.0	0.0	0.0	98.0	526.0	0.0	55.0	164.0	41.0	0.0	100.0	27.0	18.0	0.0	0.0	3.0	0.0	0.0	0.0	27.0	0.0	0.0	0.0	0.0	10.0	96.0	22.0	15.0	0.0	71.0	56.0	0.0	0.0	3.0	61.0	84.0	101.0	18.0	0.0	60.0	0.0	18.0	0.0	7.0	0.0	7.0	0.0	0.0	0.0	8.0	0.0	0.0	62.0	9.0	7.0	0.0	0.0	2.0	0.0	7.0	0.0	0.0	13.0	0.0	0.0	113.0	0.0	16.0	0.0	8.0	0.0	0.0	0.0	0.0	0.0	95.0	0.0	0.0	0.0	24.0	0.0	0.0	0.0	15.0	38.0	0.0	4.0	0.0	0.0	10.0	0.0	0.0	0.0	16.0	0.0	45.0	0.0	58.0	0.0	0.0	0.0	0.0	0.0	0.0	4.0	0.0	0.0	40.0	21.0	0.0	0.0	0.0	13.0	0.0	0.0	0.0	0.0	0.0	0.0	0.0	0.0	0.0	0.0	0.0	0.0	0.0	0.0	0.0	0.0	0.0	0.0	0.0	0.0	0.0	0.0	29.0	0.0	0.0	0.0	0.0	0.0	0.0	0.0	0.0	0.0	0.0	0.0	0.0	0.0	0.0	0.0	0.0	0.0	0.0	0.0	0.0	0.0	0.0	0.0	0.0	0.0	0.0	0.0	0.0	0.0	0.0	0.0	0.0	0.0	0.0	0.0	0.0	0.0	18.0	0.0	0.0	0.0	0.0	0.0	0.0	0.0	0.0	0.0	0.0	0.0	0.0	0.0	0.0	0.0	0.0	0.0	0.0	0.0	0.0	0.0	0.0	0.0	0.0	0.0	0.0	0.0	0.0	0.0	0.0	0.0
SRR9612643	0.0	174.0	904.0	0.0	117.0	2479.0	163.0	0.0	3018.0	39.0	0.0	0.0	271.0	69.0	0.0	535.0	0.0	4.0	87.0	2472.0	56.0	0.0	12.0	242.0	1888.0	0.0	0.0	157.0	32.0	26.0	0.0	154.0	0.0	12.0	35.0	0.0	8.0	296.0	0.0	30.0	69.0	84.0	3.0	6.0	28.0	20.0	16.0	13.0	0.0	11.0	25.0	3.0	0.0	20.0	0.0	0.0	130.0	38.0	0.0	51.0	0.0	51.0	205.0	0.0	0.0	0.0	98.0	11.0	86.0	17.0	139.0	499.0	55.0	0.0	116.0	0.0	79.0	0.0	62.0	0.0	11.0	67.0	975.0	12.0	49.0	13.0	98.0	0.0	0.0	79.0	35.0	0.0	0.0	20.0	16.0	5.0	0.0	29.0	134.0	9.0	0.0	31.0	51.0	0.0	0.0	362.0	0.0	0.0	0.0	0.0	59.0	0.0	0.0	7.0	19.0	5.0	6.0	0.0	14.0	0.0	12.0	0.0	11.0	0.0	420.0	375.0	0.0	154.0	89.0	10.0	8.0	24.0	49.0	0.0	0.0	0.0	0.0	0.0	0.0	0.0	81.0	0.0	5.0	14.0	11.0	2.0	346.0	0.0	61.0	0.0	19.0	25.0	0.0	10.0	0.0	36.0	396.0	109.0	0.0	0.0	72.0	0.0	28.0	0.0	32.0	0.0	8.0	0.0	17.0	11.0	10.0	0.0	0.0	76.0	26.0	0.0	0.0	0.0	0.0	0.0	12.0	0.0	0.0	0.0	0.0	0.0	196.0	0.0	18.0	0.0	0.0	14.0	0.0	0.0	0.0	0.0	107.0	0.0	6.0	0.0	19.0	0.0	0.0	0.0	8.0	19.0	0.0	0.0	0.0	0.0	44.0	0.0	66.0	0.0	0.0	0.0	11.0	0.0	24.0	0.0	0.0	4.0	0.0	0.0	0.0	5.0	3.0	0.0	22.0	16.0	0.0	0.0	19.0	0.0	0.0	0.0	0.0	0.0	0.0	0.0	0.0	0.0	0.0	0.0	0.0	0.0	0.0	0.0	0.0	0.0	0.0	0.0	0.0	0.0	25.0	9.0	11.0	3.0	8.0	0.0	6.0	0.0	0.0	0.0	0.0	0.0	0.0	0.0	0.0	8.0	0.0	0.0	0.0	0.0	0.0	0.0	0.0	0.0	0.0	0.0	0.0	0.0	0.0	0.0	0.0	0.0	0.0	0.0	0.0	0.0	0.0	0.0	0.0	0.0	16.0	0.0	0.0	0.0	0.0	0.0	0.0	0.0	0.0	0.0	0.0	0.0	0.0	0.0	0.0	0.0	0.0	0.0	0.0	0.0	0.0	0.0	0.0	0.0	0.0	0.0	0.0	5.0	0.0	0.0	0.0	0.0
SRR9612644	0.0	187.0	801.0	0.0	90.0	1907.0	190.0	20.0	2968.0	99.0	0.0	7.0	261.0	79.0	16.0	336.0	26.0	12.0	73.0	1856.0	203.0	0.0	43.0	428.0	1594.0	0.0	0.0	89.0	18.0	22.0	24.0	91.0	0.0	16.0	19.0	0.0	0.0	152.0	4.0	0.0	84.0	163.0	0.0	39.0	7.0	0.0	0.0	0.0	0.0	0.0	29.0	0.0	0.0	12.0	0.0	0.0	239.0	27.0	20.0	149.0	55.0	86.0	329.0	0.0	0.0	0.0	67.0	24.0	62.0	13.0	247.0	581.0	75.0	13.0	54.0	38.0	100.0	0.0	44.0	15.0	12.0	33.0	827.0	3.0	17.0	10.0	113.0	4.0	0.0	114.0	41.0	0.0	0.0	75.0	8.0	26.0	0.0	0.0	83.0	0.0	4.0	46.0	77.0	0.0	0.0	118.0	0.0	0.0	0.0	0.0	47.0	0.0	0.0	55.0	0.0	0.0	3.0	0.0	64.0	11.0	8.0	0.0	0.0	0.0	262.0	575.0	0.0	102.0	147.0	15.0	8.0	48.0	25.0	15.0	0.0	0.0	0.0	0.0	0.0	0.0	56.0	0.0	0.0	5.0	3.0	0.0	196.0	8.0	30.0	0.0	32.0	43.0	0.0	0.0	0.0	51.0	304.0	65.0	24.0	0.0	67.0	0.0	0.0	0.0	6.0	0.0	0.0	3.0	0.0	31.0	0.0	0.0	0.0	84.0	12.0	0.0	0.0	5.0	0.0	0.0	11.0	0.0	0.0	0.0	0.0	0.0	225.0	0.0	58.0	0.0	16.0	0.0	0.0	0.0	0.0	0.0	214.0	0.0	0.0	0.0	20.0	0.0	0.0	0.0	10.0	24.0	0.0	0.0	0.0	0.0	31.0	0.0	5.0	0.0	12.0	0.0	51.0	0.0	32.0	0.0	0.0	2.0	0.0	0.0	0.0	0.0	0.0	0.0	24.0	21.0	0.0	0.0	25.0	9.0	0.0	0.0	0.0	0.0	0.0	0.0	0.0	0.0	0.0	0.0	0.0	0.0	0.0	0.0	0.0	0.0	0.0	0.0	0.0	0.0	9.0	5.0	32.0	0.0	0.0	0.0	0.0	0.0	5.0	0.0	0.0	0.0	0.0	0.0	0.0	0.0	0.0	0.0	0.0	0.0	0.0	0.0	0.0	0.0	0.0	0.0	15.0	0.0	0.0	0.0	6.0	0.0	0.0	0.0	0.0	0.0	0.0	0.0	0.0	0.0	13.0	0.0	0.0	0.0	0.0	0.0	0.0	0.0	0.0	0.0	0.0	0.0	0.0	0.0	0.0	0.0	0.0	0.0	0.0	0.0	0.0	0.0	0.0	0.0	0.0	0.0	0.0	0.0	0.0	0.0	0.0	0.0
SRR9612645	0.0	145.0	1051.0	5.0	81.0	1764.0	86.0	21.0	2636.0	126.0	0.0	37.0	205.0	116.0	8.0	554.0	0.0	9.0	31.0	1197.0	59.0	0.0	20.0	356.0	3198.0	7.0	0.0	20.0	8.0	9.0	28.0	137.0	0.0	16.0	0.0	0.0	0.0	156.0	0.0	12.0	62.0	193.0	30.0	3.0	38.0	6.0	15.0	29.0	0.0	0.0	106.0	5.0	0.0	18.0	0.0	0.0	490.0	43.0	28.0	117.0	25.0	97.0	739.0	7.0	16.0	0.0	63.0	0.0	68.0	7.0	169.0	619.0	88.0	16.0	157.0	26.0	116.0	0.0	61.0	2.0	0.0	71.0	742.0	20.0	40.0	11.0	145.0	4.0	0.0	89.0	62.0	4.0	0.0	97.0	16.0	18.0	0.0	7.0	88.0	0.0	0.0	67.0	68.0	0.0	2.0	180.0	0.0	0.0	3.0	0.0	69.0	0.0	0.0	66.0	0.0	0.0	6.0	0.0	277.0	0.0	0.0	0.0	0.0	0.0	226.0	885.0	10.0	186.0	183.0	28.0	112.0	57.0	28.0	0.0	0.0	0.0	0.0	0.0	0.0	2.0	9.0	0.0	0.0	7.0	26.0	4.0	299.0	54.0	50.0	2.0	59.0	72.0	0.0	15.0	3.0	53.0	271.0	169.0	29.0	0.0	93.0	0.0	0.0	0.0	26.0	0.0	0.0	0.0	14.0	13.0	11.0	0.0	0.0	82.0	72.0	0.0	0.0	0.0	0.0	0.0	10.0	0.0	0.0	9.0	0.0	0.0	124.0	0.0	30.0	0.0	19.0	0.0	0.0	0.0	0.0	0.0	73.0	0.0	0.0	0.0	89.0	0.0	13.0	0.0	16.0	24.0	0.0	0.0	0.0	0.0	21.0	5.0	0.0	0.0	0.0	0.0	125.0	0.0	73.0	0.0	0.0	3.0	0.0	0.0	0.0	0.0	0.0	0.0	63.0	55.0	0.0	0.0	25.0	0.0	6.0	0.0	0.0	0.0	0.0	0.0	0.0	0.0	4.0	0.0	0.0	0.0	0.0	0.0	0.0	0.0	0.0	0.0	0.0	0.0	0.0	17.0	35.0	0.0	10.0	0.0	2.0	0.0	0.0	0.0	0.0	0.0	0.0	0.0	0.0	0.0	0.0	0.0	0.0	0.0	0.0	0.0	0.0	0.0	0.0	0.0	4.0	0.0	0.0	0.0	0.0	0.0	0.0	0.0	0.0	0.0	0.0	0.0	0.0	0.0	49.0	0.0	0.0	0.0	0.0	0.0	0.0	0.0	0.0	0.0	0.0	0.0	0.0	0.0	0.0	0.0	0.0	0.0	0.0	0.0	0.0	0.0	0.0	0.0	0.0	0.0	0.0	0.0	0.0	0.0	0.0	0.0
SRR9612646	0.0	1414.0	33.0	0.0	16671.0	26.0	11.0	0.0	13070.0	812.0	16.0	92.0	2615.0	2592.0	0.0	1930.0	10.0	72.0	158.0	1838.0	237.0	0.0	6.0	23.0	227.0	0.0	0.0	194.0	335.0	0.0	0.0	0.0	0.0	51.0	0.0	11.0	10.0	150.0	276.0	15.0	50.0	208.0	43.0	5.0	8.0	0.0	0.0	0.0	6.0	0.0	0.0	3.0	0.0	0.0	0.0	0.0	10.0	86.0	0.0	0.0	85.0	352.0	0.0	0.0	0.0	0.0	91.0	307.0	227.0	0.0	455.0	0.0	0.0	38.0	107.0	7.0	0.0	18.0	48.0	56.0	106.0	3.0	36.0	0.0	0.0	0.0	893.0	0.0	0.0	0.0	0.0	3.0	0.0	267.0	0.0	0.0	0.0	9.0	48.0	0.0	0.0	3477.0	129.0	6.0	0.0	0.0	0.0	0.0	0.0	0.0	0.0	0.0	5.0	21.0	23.0	8.0	5.0	0.0	23.0	8.0	0.0	0.0	0.0	0.0	14.0	19.0	8.0	11.0	36.0	1020.0	0.0	71.0	31.0	0.0	0.0	25.0	0.0	8.0	33.0	0.0	12.0	0.0	0.0	0.0	0.0	0.0	55.0	0.0	95.0	0.0	243.0	0.0	0.0	0.0	0.0	168.0	0.0	9.0	0.0	0.0	6.0	0.0	563.0	0.0	0.0	0.0	0.0	0.0	0.0	232.0	0.0	0.0	0.0	40.0	0.0	12.0	0.0	0.0	0.0	0.0	9.0	0.0	0.0	68.0	0.0	0.0	43.0	0.0	0.0	0.0	0.0	0.0	0.0	0.0	3.0	0.0	70.0	0.0	0.0	0.0	0.0	0.0	20.0	0.0	11.0	0.0	0.0	0.0	0.0	0.0	2.0	0.0	0.0	0.0	0.0	0.0	0.0	0.0	67.0	0.0	0.0	0.0	0.0	0.0	0.0	0.0	0.0	4.0	0.0	0.0	0.0	0.0	0.0	0.0	0.0	0.0	0.0	0.0	0.0	0.0	0.0	0.0	0.0	0.0	0.0	0.0	0.0	0.0	0.0	0.0	0.0	0.0	0.0	0.0	0.0	0.0	6.0	2.0	0.0	0.0	0.0	0.0	0.0	0.0	0.0	0.0	0.0	0.0	0.0	0.0	0.0	0.0	0.0	0.0	0.0	0.0	0.0	0.0	0.0	0.0	0.0	0.0	0.0	0.0	0.0	0.0	0.0	0.0	0.0	0.0	0.0	0.0	0.0	0.0	0.0	0.0	0.0	0.0	0.0	0.0	0.0	0.0	0.0	0.0	0.0	0.0	0.0	0.0	0.0	0.0	0.0	0.0	0.0	0.0	0.0	0.0	0.0	0.0	0.0	0.0	0.0	0.0	0.0	0.0	0.0	0.0
SRR9612647	0.0	50.0	0.0	0.0	1471.0	11.0	3.0	0.0	3787.0	44.0	84.0	0.0	272.0	74.0	0.0	193.0	0.0	0.0	0.0	136.0	44.0	0.0	0.0	22.0	37.0	0.0	0.0	189.0	8.0	0.0	0.0	0.0	0.0	0.0	0.0	0.0	489.0	0.0	147.0	0.0	10.0	3.0	70.0	0.0	0.0	0.0	0.0	0.0	0.0	0.0	0.0	0.0	0.0	0.0	0.0	0.0	0.0	7.0	0.0	0.0	1203.0	87.0	0.0	0.0	0.0	0.0	0.0	0.0	55.0	3.0	212.0	0.0	0.0	0.0	0.0	0.0	0.0	9.0	0.0	10.0	429.0	0.0	5.0	0.0	0.0	0.0	76.0	0.0	0.0	0.0	0.0	0.0	0.0	0.0	0.0	0.0	0.0	89.0	12.0	0.0	0.0	216.0	20.0	0.0	0.0	0.0	0.0	0.0	0.0	0.0	0.0	0.0	8.0	0.0	0.0	0.0	33.0	0.0	0.0	0.0	0.0	0.0	0.0	0.0	0.0	0.0	0.0	0.0	0.0	95.0	0.0	10.0	0.0	0.0	0.0	5.0	0.0	0.0	0.0	0.0	0.0	0.0	0.0	2.0	0.0	0.0	0.0	2.0	0.0	0.0	175.0	0.0	0.0	0.0	0.0	19.0	0.0	0.0	0.0	0.0	4.0	0.0	21.0	0.0	0.0	0.0	0.0	0.0	0.0	0.0	0.0	0.0	0.0	4.0	0.0	499.0	0.0	0.0	0.0	0.0	0.0	0.0	0.0	6.0	0.0	0.0	10.0	0.0	0.0	0.0	0.0	0.0	0.0	0.0	0.0	0.0	0.0	0.0	0.0	0.0	0.0	0.0	0.0	0.0	0.0	0.0	0.0	0.0	0.0	0.0	0.0	15.0	0.0	0.0	0.0	0.0	0.0	0.0	4.0	0.0	0.0	0.0	0.0	0.0	0.0	0.0	0.0	0.0	0.0	0.0	0.0	0.0	0.0	0.0	0.0	0.0	0.0	0.0	0.0	0.0	0.0	0.0	0.0	0.0	0.0	0.0	0.0	0.0	0.0	0.0	0.0	0.0	0.0	0.0	0.0	0.0	0.0	0.0	0.0	0.0	0.0	0.0	0.0	0.0	0.0	0.0	0.0	0.0	0.0	0.0	0.0	0.0	0.0	0.0	0.0	0.0	0.0	0.0	0.0	0.0	0.0	0.0	0.0	0.0	0.0	0.0	0.0	0.0	0.0	0.0	0.0	0.0	0.0	0.0	0.0	0.0	0.0	0.0	0.0	0.0	0.0	0.0	0.0	0.0	0.0	0.0	0.0	0.0	0.0	0.0	0.0	0.0	0.0	0.0	0.0	0.0	0.0	0.0	0.0	0.0	0.0	0.0	0.0	0.0	0.0	0.0
SRR9612648	0.0	813.0	646.0	0.0	0.0	2464.0	53.0	0.0	917.0	90.0	0.0	6.0	749.0	332.0	13.0	356.0	99.0	22.0	98.0	530.0	66.0	0.0	90.0	149.0	882.0	0.0	0.0	13.0	0.0	189.0	0.0	35.0	0.0	11.0	0.0	0.0	0.0	393.0	0.0	5.0	364.0	246.0	9.0	50.0	7.0	2.0	0.0	0.0	0.0	0.0	10.0	0.0	0.0	0.0	0.0	0.0	44.0	7.0	0.0	129.0	0.0	42.0	61.0	0.0	0.0	0.0	0.0	14.0	32.0	0.0	132.0	308.0	56.0	17.0	99.0	7.0	15.0	0.0	30.0	27.0	0.0	307.0	51.0	0.0	39.0	25.0	50.0	0.0	0.0	489.0	7.0	0.0	0.0	47.0	0.0	0.0	0.0	0.0	315.0	0.0	11.0	445.0	28.0	0.0	0.0	191.0	0.0	0.0	0.0	0.0	169.0	0.0	0.0	18.0	25.0	6.0	0.0	0.0	7.0	0.0	12.0	0.0	0.0	0.0	58.0	143.0	19.0	731.0	62.0	29.0	3.0	37.0	0.0	0.0	0.0	0.0	0.0	0.0	0.0	0.0	0.0	20.0	0.0	0.0	6.0	5.0	1790.0	0.0	716.0	0.0	304.0	12.0	0.0	0.0	4.0	42.0	27.0	41.0	27.0	0.0	381.0	0.0	90.0	10.0	0.0	0.0	3.0	0.0	40.0	44.0	75.0	0.0	0.0	174.0	10.0	0.0	0.0	0.0	0.0	0.0	57.0	0.0	0.0	6.0	0.0	0.0	481.0	0.0	91.0	0.0	5.0	0.0	0.0	0.0	0.0	0.0	5.0	0.0	0.0	2.0	0.0	0.0	0.0	0.0	0.0	2.0	23.0	0.0	0.0	0.0	5.0	0.0	0.0	0.0	0.0	7.0	0.0	0.0	55.0	0.0	0.0	0.0	0.0	0.0	0.0	0.0	0.0	0.0	7.0	0.0	0.0	0.0	45.0	0.0	0.0	0.0	0.0	0.0	0.0	0.0	0.0	0.0	0.0	0.0	0.0	0.0	0.0	0.0	0.0	0.0	0.0	0.0	0.0	0.0	0.0	0.0	0.0	0.0	0.0	0.0	0.0	0.0	0.0	0.0	0.0	0.0	0.0	0.0	0.0	0.0	0.0	0.0	0.0	0.0	0.0	0.0	0.0	0.0	0.0	0.0	0.0	0.0	0.0	0.0	0.0	0.0	0.0	0.0	0.0	0.0	0.0	0.0	0.0	0.0	78.0	0.0	0.0	0.0	0.0	0.0	0.0	0.0	0.0	0.0	0.0	0.0	0.0	0.0	0.0	0.0	0.0	0.0	0.0	0.0	0.0	0.0	0.0	0.0	0.0	0.0	0.0	0.0	0.0	0.0	0.0	0.0
SRR9612649	0.0	956.0	705.0	9.0	3.0	3067.0	50.0	0.0	636.0	123.0	0.0	0.0	711.0	393.0	0.0	419.0	114.0	46.0	90.0	468.0	64.0	0.0	84.0	41.0	968.0	0.0	0.0	29.0	0.0	169.0	0.0	0.0	0.0	4.0	0.0	0.0	24.0	497.0	0.0	0.0	450.0	164.0	0.0	35.0	0.0	0.0	2.0	0.0	0.0	30.0	0.0	0.0	0.0	0.0	0.0	0.0	14.0	4.0	0.0	143.0	10.0	33.0	63.0	0.0	0.0	0.0	4.0	10.0	16.0	8.0	239.0	546.0	29.0	26.0	88.0	6.0	26.0	0.0	50.0	25.0	34.0	219.0	18.0	0.0	60.0	32.0	55.0	0.0	0.0	481.0	0.0	0.0	0.0	49.0	11.0	4.0	0.0	1.0	279.0	0.0	0.0	668.0	33.0	0.0	0.0	232.0	0.0	0.0	0.0	0.0	103.0	0.0	13.0	45.0	73.0	0.0	0.0	0.0	7.0	0.0	43.0	0.0	0.0	0.0	75.0	138.0	27.0	577.0	102.0	0.0	2.0	30.0	0.0	2.0	2.0	3.0	0.0	0.0	0.0	0.0	15.0	0.0	0.0	0.0	0.0	15.0	1315.0	0.0	660.0	0.0	385.0	10.0	0.0	0.0	0.0	63.0	29.0	42.0	24.0	0.0	383.0	0.0	105.0	7.0	0.0	0.0	0.0	0.0	12.0	245.0	30.0	0.0	10.0	219.0	0.0	0.0	0.0	0.0	0.0	0.0	66.0	0.0	0.0	2.0	0.0	0.0	442.0	5.0	160.0	0.0	5.0	0.0	0.0	0.0	0.0	0.0	6.0	0.0	10.0	7.0	0.0	0.0	6.0	0.0	0.0	0.0	0.0	0.0	0.0	0.0	0.0	0.0	0.0	0.0	0.0	8.0	0.0	0.0	70.0	0.0	0.0	0.0	0.0	0.0	0.0	3.0	7.0	0.0	8.0	0.0	0.0	0.0	58.0	0.0	0.0	0.0	0.0	0.0	0.0	0.0	0.0	0.0	0.0	0.0	0.0	0.0	0.0	0.0	0.0	0.0	0.0	0.0	0.0	0.0	0.0	0.0	7.0	0.0	0.0	0.0	0.0	0.0	0.0	0.0	0.0	0.0	0.0	0.0	0.0	0.0	0.0	0.0	0.0	0.0	0.0	0.0	0.0	0.0	0.0	0.0	3.0	0.0	0.0	0.0	0.0	0.0	0.0	0.0	0.0	0.0	0.0	0.0	0.0	0.0	79.0	0.0	0.0	0.0	0.0	0.0	0.0	0.0	0.0	0.0	0.0	0.0	0.0	0.0	0.0	0.0	0.0	0.0	0.0	0.0	0.0	0.0	0.0	0.0	0.0	0.0	0.0	0.0	0.0	0.0	0.0	0.0
SRR9612650	0.0	37.0	0.0	0.0	0.0	6.0	0.0	0.0	1402.0	58.0	0.0	5.0	100.0	73.0	0.0	153.0	0.0	4.0	13.0	6950.0	11.0	0.0	0.0	13.0	43.0	0.0	0.0	158.0	0.0	0.0	0.0	19.0	168.0	4.0	0.0	0.0	0.0	82.0	0.0	29.0	22.0	0.0	0.0	0.0	0.0	0.0	0.0	0.0	0.0	0.0	0.0	0.0	0.0	0.0	0.0	0.0	0.0	4.0	0.0	0.0	3.0	103.0	3.0	0.0	0.0	0.0	38.0	0.0	34.0	0.0	33.0	8.0	0.0	0.0	35.0	0.0	0.0	0.0	55.0	8.0	22.0	4.0	0.0	0.0	0.0	0.0	108.0	0.0	0.0	0.0	0.0	0.0	0.0	0.0	0.0	0.0	0.0	0.0	20.0	0.0	0.0	281.0	0.0	0.0	0.0	0.0	0.0	0.0	0.0	0.0	0.0	0.0	0.0	4.0	0.0	11.0	0.0	0.0	0.0	0.0	3.0	0.0	0.0	0.0	0.0	0.0	0.0	0.0	5.0	160.0	5.0	0.0	0.0	0.0	0.0	5.0	0.0	0.0	0.0	0.0	0.0	0.0	0.0	0.0	0.0	0.0	0.0	0.0	11.0	0.0	6.0	0.0	0.0	0.0	0.0	10.0	0.0	3.0	0.0	0.0	5.0	0.0	321.0	0.0	0.0	0.0	0.0	0.0	0.0	0.0	0.0	0.0	0.0	6.0	4.0	0.0	0.0	0.0	0.0	18.0	0.0	0.0	0.0	0.0	0.0	0.0	7.0	0.0	320.0	0.0	0.0	0.0	0.0	2.0	0.0	0.0	0.0	0.0	0.0	0.0	0.0	0.0	11.0	0.0	0.0	0.0	0.0	0.0	0.0	0.0	0.0	0.0	0.0	0.0	0.0	0.0	0.0	0.0	0.0	0.0	0.0	0.0	0.0	0.0	0.0	0.0	0.0	0.0	0.0	0.0	0.0	0.0	0.0	0.0	0.0	0.0	0.0	0.0	0.0	0.0	0.0	0.0	0.0	0.0	0.0	0.0	0.0	0.0	0.0	0.0	0.0	0.0	2.0	0.0	0.0	0.0	0.0	0.0	0.0	0.0	0.0	0.0	0.0	0.0	0.0	0.0	0.0	0.0	0.0	0.0	0.0	0.0	0.0	0.0	0.0	0.0	0.0	0.0	0.0	0.0	0.0	0.0	0.0	0.0	0.0	0.0	0.0	0.0	0.0	0.0	0.0	0.0	0.0	0.0	0.0	0.0	0.0	0.0	0.0	0.0	0.0	0.0	0.0	0.0	0.0	0.0	0.0	0.0	0.0	0.0	0.0	0.0	0.0	0.0	0.0	0.0	0.0	0.0	0.0	0.0	0.0	0.0	0.0	0.0	0.0	0.0
SRR9612651	0.0	119.0	16.0	0.0	28.0	45.0	7.0	0.0	3736.0	169.0	0.0	41.0	66.0	762.0	0.0	192.0	18.0	2.0	0.0	6763.0	41.0	0.0	2.0	0.0	113.0	0.0	0.0	101.0	0.0	0.0	0.0	0.0	156.0	9.0	0.0	0.0	0.0	142.0	0.0	11.0	20.0	52.0	8.0	0.0	0.0	0.0	0.0	0.0	0.0	0.0	0.0	0.0	0.0	0.0	0.0	0.0	7.0	3.0	0.0	0.0	0.0	85.0	0.0	0.0	0.0	0.0	24.0	0.0	89.0	0.0	30.0	0.0	5.0	3.0	35.0	0.0	7.0	0.0	71.0	0.0	0.0	3.0	0.0	0.0	9.0	0.0	145.0	0.0	0.0	10.0	0.0	0.0	0.0	0.0	0.0	0.0	0.0	9.0	39.0	0.0	0.0	76.0	4.0	0.0	0.0	0.0	0.0	0.0	0.0	0.0	0.0	0.0	2.0	0.0	0.0	0.0	2.0	0.0	4.0	0.0	0.0	0.0	0.0	0.0	0.0	0.0	0.0	31.0	0.0	70.0	667.0	13.0	5.0	0.0	0.0	5.0	0.0	0.0	0.0	2.0	0.0	0.0	0.0	7.0	0.0	0.0	25.0	6.0	21.0	0.0	16.0	0.0	0.0	0.0	0.0	26.0	8.0	0.0	0.0	0.0	28.0	0.0	245.0	0.0	0.0	0.0	0.0	0.0	0.0	0.0	0.0	0.0	20.0	22.0	0.0	0.0	0.0	0.0	0.0	26.0	0.0	0.0	0.0	7.0	0.0	0.0	16.0	0.0	513.0	0.0	0.0	0.0	0.0	0.0	3.0	0.0	0.0	0.0	0.0	0.0	0.0	0.0	0.0	0.0	0.0	0.0	0.0	0.0	4.0	0.0	0.0	4.0	0.0	0.0	0.0	0.0	0.0	0.0	6.0	0.0	0.0	0.0	0.0	0.0	0.0	0.0	0.0	0.0	3.0	0.0	0.0	0.0	0.0	0.0	0.0	0.0	0.0	0.0	0.0	0.0	0.0	0.0	0.0	0.0	0.0	0.0	0.0	0.0	0.0	2.0	0.0	0.0	0.0	0.0	0.0	0.0	0.0	0.0	0.0	0.0	0.0	0.0	0.0	0.0	0.0	0.0	0.0	0.0	0.0	0.0	0.0	0.0	0.0	0.0	0.0	0.0	0.0	0.0	0.0	0.0	0.0	0.0	0.0	0.0	0.0	0.0	0.0	0.0	0.0	0.0	0.0	0.0	0.0	0.0	0.0	0.0	0.0	8.0	0.0	0.0	0.0	0.0	0.0	0.0	0.0	0.0	0.0	0.0	0.0	0.0	0.0	0.0	0.0	0.0	0.0	0.0	0.0	0.0	0.0	0.0	0.0	0.0	0.0	0.0	0.0	0.0
SRR9612653	0.0	17.0	15.0	0.0	142.0	7.0	0.0	3.0	1900.0	111.0	0.0	0.0	55.0	203.0	0.0	300.0	0.0	3.0	0.0	21643.0	0.0	0.0	0.0	16.0	66.0	0.0	0.0	353.0	0.0	0.0	0.0	81.0	169.0	24.0	0.0	0.0	0.0	232.0	0.0	6.0	10.0	0.0	12.0	0.0	0.0	0.0	0.0	0.0	0.0	0.0	0.0	0.0	0.0	0.0	0.0	0.0	0.0	0.0	0.0	0.0	6.0	23.0	9.0	0.0	0.0	4.0	31.0	0.0	44.0	17.0	30.0	10.0	0.0	0.0	106.0	0.0	9.0	0.0	67.0	0.0	27.0	0.0	21.0	0.0	19.0	0.0	147.0	0.0	0.0	0.0	12.0	0.0	0.0	0.0	0.0	0.0	0.0	0.0	20.0	0.0	0.0	10.0	8.0	7.0	0.0	8.0	0.0	0.0	0.0	0.0	0.0	0.0	0.0	0.0	0.0	39.0	0.0	0.0	0.0	8.0	0.0	0.0	0.0	0.0	0.0	0.0	0.0	0.0	0.0	39.0	0.0	0.0	0.0	0.0	0.0	0.0	0.0	0.0	0.0	0.0	0.0	0.0	0.0	10.0	0.0	0.0	8.0	0.0	13.0	0.0	0.0	0.0	0.0	5.0	0.0	13.0	0.0	0.0	0.0	0.0	2.0	0.0	283.0	0.0	12.0	0.0	0.0	0.0	0.0	0.0	0.0	0.0	0.0	0.0	0.0	0.0	0.0	0.0	0.0	0.0	0.0	0.0	0.0	0.0	0.0	0.0	13.0	0.0	100.0	0.0	0.0	0.0	0.0	0.0	0.0	0.0	0.0	0.0	0.0	0.0	0.0	0.0	0.0	0.0	0.0	0.0	0.0	0.0	0.0	0.0	0.0	0.0	0.0	0.0	0.0	0.0	0.0	0.0	0.0	0.0	0.0	0.0	0.0	0.0	0.0	0.0	0.0	0.0	0.0	0.0	0.0	0.0	0.0	0.0	0.0	0.0	0.0	0.0	0.0	0.0	0.0	0.0	0.0	0.0	0.0	0.0	0.0	0.0	0.0	0.0	0.0	0.0	0.0	0.0	0.0	0.0	0.0	0.0	0.0	0.0	0.0	0.0	0.0	0.0	0.0	0.0	0.0	0.0	0.0	0.0	0.0	0.0	0.0	0.0	0.0	0.0	0.0	0.0	0.0	0.0	0.0	0.0	0.0	0.0	0.0	0.0	0.0	0.0	0.0	0.0	0.0	0.0	0.0	0.0	0.0	0.0	0.0	0.0	0.0	0.0	0.0	0.0	0.0	0.0	0.0	0.0	0.0	0.0	0.0	0.0	0.0	0.0	0.0	0.0	0.0	0.0	0.0	0.0	0.0	0.0	0.0	0.0	0.0	0.0	0.0	0.0
SRR9612655	0.0	60.0	0.0	0.0	49.0	9.0	0.0	0.0	3248.0	133.0	0.0	10.0	81.0	317.0	0.0	194.0	3.0	2.0	6.0	12609.0	0.0	0.0	4.0	3.0	60.0	0.0	0.0	257.0	0.0	0.0	0.0	24.0	1.0	27.0	0.0	0.0	0.0	147.0	0.0	29.0	22.0	11.0	12.0	4.0	0.0	0.0	0.0	0.0	0.0	0.0	0.0	0.0	0.0	0.0	0.0	0.0	0.0	0.0	0.0	0.0	6.0	282.0	0.0	0.0	0.0	0.0	31.0	0.0	228.0	14.0	14.0	0.0	0.0	5.0	47.0	2.0	0.0	0.0	136.0	12.0	24.0	4.0	31.0	0.0	0.0	0.0	353.0	0.0	0.0	0.0	0.0	0.0	0.0	124.0	0.0	0.0	0.0	13.0	42.0	0.0	0.0	22.0	12.0	4.0	0.0	4.0	0.0	0.0	0.0	0.0	0.0	0.0	0.0	0.0	0.0	19.0	8.0	0.0	5.0	0.0	0.0	0.0	0.0	0.0	10.0	8.0	0.0	0.0	8.0	125.0	9.0	8.0	0.0	5.0	0.0	0.0	0.0	0.0	0.0	0.0	0.0	0.0	0.0	6.0	4.0	0.0	22.0	0.0	0.0	0.0	0.0	0.0	0.0	0.0	0.0	21.0	5.0	0.0	0.0	0.0	11.0	0.0	173.0	0.0	0.0	0.0	0.0	0.0	0.0	0.0	0.0	0.0	34.0	5.0	0.0	6.0	0.0	0.0	0.0	0.0	3.0	0.0	0.0	0.0	0.0	0.0	22.0	0.0	209.0	0.0	0.0	0.0	0.0	0.0	0.0	0.0	0.0	0.0	0.0	0.0	0.0	0.0	0.0	0.0	0.0	0.0	0.0	0.0	0.0	0.0	0.0	3.0	0.0	0.0	0.0	5.0	3.0	0.0	8.0	0.0	0.0	0.0	0.0	0.0	0.0	0.0	0.0	0.0	7.0	0.0	0.0	0.0	0.0	0.0	0.0	0.0	0.0	0.0	0.0	0.0	0.0	0.0	0.0	0.0	0.0	0.0	0.0	3.0	0.0	0.0	0.0	0.0	0.0	0.0	0.0	0.0	0.0	0.0	0.0	0.0	0.0	0.0	0.0	0.0	0.0	0.0	0.0	0.0	0.0	0.0	0.0	0.0	0.0	0.0	0.0	0.0	0.0	0.0	0.0	0.0	0.0	0.0	0.0	0.0	0.0	0.0	0.0	0.0	0.0	0.0	0.0	0.0	0.0	0.0	0.0	0.0	0.0	0.0	0.0	0.0	0.0	0.0	0.0	0.0	0.0	0.0	0.0	0.0	0.0	0.0	0.0	0.0	0.0	0.0	0.0	0.0	0.0	0.0	0.0	0.0	0.0	0.0	0.0	0.0	0.0	0.0
SRR9612656	0.0	292.0	12.0	0.0	16.0	0.0	0.0	0.0	1044.0	20.0	0.0	2.0	200.0	315.0	0.0	152.0	0.0	5.0	0.0	1916.0	7.0	0.0	3.0	13.0	40.0	0.0	0.0	40.0	0.0	0.0	0.0	19.0	1043.0	0.0	0.0	3.0	0.0	181.0	8.0	0.0	61.0	26.0	8.0	2.0	0.0	0.0	0.0	0.0	0.0	0.0	0.0	0.0	0.0	0.0	0.0	0.0	0.0	0.0	0.0	0.0	56.0	38.0	0.0	0.0	0.0	4.0	3.0	0.0	24.0	11.0	43.0	4.0	0.0	0.0	15.0	0.0	0.0	0.0	50.0	11.0	7.0	7.0	0.0	0.0	0.0	0.0	63.0	0.0	0.0	41.0	0.0	0.0	0.0	1.0	0.0	0.0	0.0	0.0	32.0	0.0	0.0	3009.0	3.0	0.0	0.0	0.0	0.0	0.0	0.0	0.0	0.0	0.0	0.0	0.0	8.0	22.0	0.0	0.0	0.0	0.0	0.0	0.0	0.0	0.0	0.0	0.0	0.0	19.0	7.0	57.0	19.0	0.0	0.0	0.0	0.0	0.0	0.0	0.0	0.0	0.0	0.0	0.0	0.0	0.0	0.0	0.0	29.0	0.0	150.0	0.0	104.0	0.0	0.0	0.0	0.0	77.0	0.0	0.0	0.0	0.0	13.0	0.0	433.0	0.0	11.0	0.0	0.0	0.0	0.0	91.0	0.0	0.0	0.0	3.0	0.0	0.0	0.0	0.0	0.0	0.0	3.0	0.0	0.0	0.0	0.0	0.0	30.0	4.0	1351.0	0.0	0.0	0.0	0.0	0.0	0.0	0.0	11.0	0.0	0.0	0.0	0.0	0.0	0.0	0.0	0.0	0.0	0.0	0.0	0.0	0.0	0.0	0.0	0.0	0.0	0.0	2.0	0.0	0.0	0.0	14.0	0.0	0.0	0.0	0.0	0.0	0.0	0.0	0.0	0.0	0.0	0.0	0.0	0.0	0.0	0.0	0.0	0.0	0.0	0.0	0.0	0.0	0.0	0.0	0.0	0.0	0.0	0.0	0.0	0.0	0.0	0.0	0.0	0.0	0.0	0.0	0.0	0.0	0.0	0.0	0.0	0.0	0.0	0.0	156.0	0.0	0.0	0.0	0.0	0.0	0.0	0.0	0.0	0.0	0.0	0.0	0.0	0.0	0.0	0.0	0.0	0.0	0.0	0.0	0.0	0.0	0.0	0.0	0.0	0.0	0.0	0.0	0.0	0.0	0.0	0.0	0.0	0.0	0.0	0.0	0.0	0.0	0.0	0.0	0.0	0.0	0.0	0.0	0.0	0.0	0.0	0.0	0.0	0.0	0.0	0.0	0.0	0.0	0.0	0.0	0.0	0.0	0.0	0.0	0.0	0.0	0.0
SRR9612657	0.0	148.0	9.0	0.0	28.0	25.0	0.0	0.0	964.0	69.0	0.0	3.0	533.0	126.0	0.0	421.0	0.0	3.0	10.0	5121.0	0.0	0.0	2.0	0.0	85.0	0.0	0.0	205.0	0.0	12.0	0.0	20.0	9.0	13.0	0.0	0.0	0.0	863.0	0.0	16.0	41.0	0.0	11.0	0.0	0.0	0.0	0.0	0.0	0.0	0.0	0.0	0.0	0.0	0.0	0.0	0.0	0.0	22.0	0.0	2.0	0.0	13.0	0.0	0.0	0.0	20.0	6.0	10.0	110.0	22.0	54.0	23.0	0.0	0.0	20.0	0.0	8.0	0.0	227.0	0.0	0.0	13.0	14.0	0.0	11.0	0.0	84.0	0.0	0.0	15.0	0.0	0.0	0.0	0.0	0.0	0.0	3.0	10.0	152.0	0.0	0.0	556.0	0.0	0.0	0.0	0.0	0.0	0.0	0.0	0.0	0.0	0.0	0.0	10.0	17.0	46.0	0.0	0.0	0.0	0.0	0.0	0.0	0.0	0.0	0.0	0.0	0.0	0.0	7.0	102.0	0.0	0.0	0.0	0.0	0.0	0.0	0.0	0.0	0.0	0.0	0.0	0.0	0.0	0.0	0.0	0.0	36.0	0.0	245.0	2.0	0.0	0.0	4.0	0.0	0.0	0.0	0.0	3.0	0.0	0.0	20.0	0.0	155.0	0.0	14.0	0.0	0.0	0.0	0.0	207.0	0.0	0.0	0.0	7.0	0.0	0.0	0.0	0.0	0.0	0.0	0.0	0.0	0.0	2.0	0.0	0.0	20.0	0.0	1696.0	0.0	0.0	0.0	0.0	0.0	0.0	0.0	0.0	0.0	0.0	0.0	0.0	0.0	0.0	0.0	0.0	0.0	0.0	0.0	5.0	0.0	0.0	0.0	8.0	0.0	0.0	0.0	0.0	0.0	10.0	0.0	0.0	0.0	0.0	0.0	0.0	0.0	0.0	0.0	0.0	0.0	0.0	0.0	5.0	0.0	0.0	0.0	0.0	0.0	0.0	0.0	0.0	5.0	0.0	0.0	0.0	0.0	0.0	0.0	0.0	0.0	0.0	0.0	0.0	0.0	0.0	0.0	0.0	2.0	0.0	0.0	0.0	0.0	0.0	0.0	0.0	0.0	0.0	0.0	0.0	0.0	0.0	0.0	0.0	0.0	0.0	0.0	0.0	0.0	0.0	0.0	0.0	0.0	0.0	0.0	0.0	0.0	0.0	0.0	0.0	0.0	0.0	0.0	0.0	0.0	0.0	0.0	0.0	0.0	0.0	0.0	0.0	0.0	0.0	0.0	0.0	0.0	0.0	0.0	0.0	0.0	0.0	0.0	0.0	0.0	0.0	0.0	0.0	0.0	0.0	0.0	0.0	0.0	0.0	0.0	0.0	0.0
SRR9612658	0.0	1212.0	0.0	0.0	3.0	31.0	7.0	0.0	459.0	278.0	0.0	0.0	387.0	139.0	0.0	187.0	0.0	2.0	5.0	947.0	0.0	0.0	2.0	0.0	73.0	0.0	0.0	8.0	0.0	0.0	0.0	0.0	0.0	0.0	0.0	6.0	0.0	193.0	0.0	0.0	15.0	158.0	0.0	0.0	0.0	0.0	0.0	0.0	0.0	0.0	0.0	0.0	0.0	0.0	0.0	0.0	0.0	6.0	0.0	0.0	7.0	51.0	0.0	0.0	0.0	0.0	0.0	0.0	48.0	0.0	107.0	8.0	0.0	3.0	0.0	0.0	0.0	0.0	95.0	0.0	0.0	0.0	31.0	0.0	0.0	0.0	130.0	0.0	0.0	0.0	0.0	0.0	0.0	0.0	0.0	0.0	0.0	0.0	89.0	0.0	0.0	3122.0	29.0	0.0	0.0	0.0	0.0	0.0	0.0	0.0	0.0	0.0	0.0	0.0	0.0	3.0	0.0	0.0	0.0	0.0	0.0	0.0	0.0	0.0	0.0	0.0	5.0	3.0	3.0	187.0	132.0	9.0	0.0	0.0	0.0	65.0	0.0	0.0	43.0	0.0	0.0	0.0	0.0	0.0	0.0	0.0	80.0	0.0	220.0	0.0	317.0	0.0	0.0	0.0	0.0	34.0	0.0	0.0	0.0	0.0	0.0	0.0	650.0	0.0	0.0	0.0	0.0	0.0	0.0	547.0	0.0	0.0	0.0	0.0	0.0	0.0	0.0	0.0	0.0	0.0	0.0	0.0	0.0	0.0	0.0	0.0	0.0	0.0	0.0	4.0	0.0	0.0	0.0	0.0	0.0	0.0	0.0	0.0	0.0	0.0	0.0	0.0	0.0	0.0	0.0	0.0	0.0	0.0	0.0	0.0	0.0	0.0	0.0	0.0	0.0	0.0	0.0	0.0	7.0	0.0	0.0	0.0	0.0	0.0	0.0	0.0	0.0	0.0	0.0	0.0	0.0	0.0	0.0	0.0	0.0	0.0	0.0	0.0	0.0	0.0	0.0	0.0	0.0	0.0	0.0	0.0	0.0	0.0	0.0	0.0	0.0	0.0	0.0	0.0	0.0	0.0	0.0	0.0	0.0	0.0	0.0	0.0	0.0	0.0	0.0	0.0	0.0	0.0	0.0	0.0	0.0	0.0	0.0	0.0	0.0	0.0	0.0	0.0	0.0	0.0	0.0	0.0	0.0	0.0	0.0	0.0	0.0	0.0	0.0	0.0	0.0	0.0	0.0	0.0	0.0	0.0	0.0	0.0	0.0	0.0	0.0	0.0	0.0	0.0	0.0	0.0	0.0	0.0	0.0	0.0	0.0	0.0	0.0	0.0	0.0	0.0	0.0	0.0	0.0	0.0	0.0	0.0	0.0	0.0	0.0	0.0
SRR9612660	0.0	546.0	1898.0	8.0	2.0	4602.0	148.0	51.0	4877.0	317.0	6.0	55.0	632.0	303.0	35.0	1093.0	69.0	40.0	117.0	1530.0	202.0	0.0	58.0	664.0	3340.0	0.0	44.0	3.0	43.0	53.0	111.0	224.0	2.0	9.0	13.0	8.0	0.0	149.0	26.0	58.0	132.0	397.0	0.0	3.0	37.0	0.0	0.0	0.0	0.0	0.0	44.0	0.0	0.0	0.0	0.0	0.0	420.0	139.0	42.0	362.0	102.0	394.0	486.0	0.0	0.0	0.0	0.0	1.0	215.0	0.0	369.0	974.0	89.0	21.0	117.0	48.0	153.0	0.0	18.0	61.0	99.0	155.0	514.0	22.0	9.0	29.0	327.0	0.0	0.0	232.0	29.0	0.0	0.0	217.0	75.0	53.0	0.0	31.0	328.0	0.0	7.0	169.0	96.0	0.0	7.0	201.0	7.0	0.0	0.0	0.0	80.0	0.0	8.0	185.0	30.0	0.0	0.0	0.0	390.0	30.0	14.0	0.0	0.0	0.0	159.0	1140.0	22.0	219.0	330.0	226.0	0.0	123.0	0.0	20.0	10.0	0.0	8.0	0.0	0.0	0.0	0.0	12.0	0.0	0.0	0.0	6.0	740.0	66.0	106.0	0.0	152.0	133.0	0.0	0.0	4.0	170.0	30.0	148.0	28.0	0.0	198.0	0.0	44.0	5.0	24.0	0.0	0.0	0.0	16.0	61.0	13.0	2.0	0.0	105.0	16.0	10.0	0.0	0.0	0.0	0.0	31.0	0.0	0.0	62.0	0.0	0.0	315.0	0.0	45.0	0.0	9.0	0.0	0.0	0.0	0.0	0.0	0.0	0.0	0.0	0.0	3.0	0.0	57.0	0.0	66.0	11.0	0.0	4.0	0.0	0.0	44.0	0.0	5.0	0.0	42.0	0.0	85.0	0.0	76.0	0.0	0.0	0.0	0.0	0.0	0.0	17.0	0.0	0.0	49.0	0.0	0.0	8.0	38.0	0.0	0.0	0.0	0.0	0.0	0.0	0.0	3.0	0.0	0.0	0.0	0.0	0.0	0.0	0.0	0.0	0.0	4.0	0.0	0.0	0.0	0.0	0.0	52.0	0.0	0.0	0.0	0.0	0.0	0.0	0.0	0.0	0.0	0.0	0.0	0.0	0.0	0.0	0.0	0.0	0.0	0.0	0.0	0.0	0.0	0.0	0.0	0.0	0.0	0.0	0.0	0.0	0.0	0.0	0.0	0.0	0.0	0.0	0.0	0.0	4.0	39.0	0.0	0.0	0.0	0.0	0.0	0.0	0.0	0.0	0.0	0.0	0.0	0.0	0.0	0.0	0.0	0.0	0.0	0.0	0.0	0.0	0.0	0.0	0.0	0.0	0.0	0.0	0.0	0.0	0.0	0.0	0.0
SRR9612661	0.0	434.0	2366.0	8.0	16.0	4483.0	206.0	21.0	4035.0	217.0	0.0	20.0	457.0	209.0	15.0	1068.0	70.0	66.0	143.0	1878.0	283.0	0.0	71.0	676.0	2500.0	0.0	0.0	93.0	21.0	36.0	89.0	110.0	0.0	16.0	31.0	0.0	10.0	372.0	24.0	15.0	137.0	287.0	0.0	446.0	45.0	32.0	45.0	0.0	0.0	0.0	74.0	13.0	6.0	0.0	0.0	0.0	584.0	59.0	21.0	460.0	43.0	301.0	891.0	0.0	0.0	0.0	124.0	48.0	249.0	0.0	355.0	1402.0	89.0	22.0	254.0	45.0	187.0	0.0	119.0	102.0	0.0	145.0	1060.0	26.0	80.0	15.0	250.0	10.0	0.0	255.0	63.0	0.0	0.0	173.0	33.0	20.0	0.0	5.0	518.0	7.0	7.0	104.0	146.0	0.0	0.0	541.0	0.0	0.0	0.0	0.0	65.0	0.0	20.0	48.0	18.0	8.0	7.0	0.0	416.0	19.0	34.0	0.0	26.0	0.0	281.0	1113.0	0.0	234.0	419.0	43.0	0.0	105.0	37.0	28.0	5.0	0.0	0.0	0.0	0.0	0.0	51.0	23.0	3.0	12.0	0.0	26.0	602.0	2.0	121.0	0.0	81.0	154.0	0.0	5.0	0.0	98.0	234.0	203.0	65.0	0.0	180.0	0.0	43.0	11.0	37.0	0.0	13.0	0.0	0.0	0.0	23.0	0.0	0.0	158.0	71.0	0.0	0.0	23.0	0.0	4.0	22.0	0.0	0.0	78.0	0.0	10.0	305.0	0.0	49.0	4.0	9.0	0.0	3.0	0.0	0.0	0.0	74.0	0.0	0.0	4.0	41.0	3.0	21.0	0.0	35.0	24.0	18.0	6.0	0.0	0.0	21.0	6.0	8.0	0.0	13.0	3.0	138.0	0.0	70.0	0.0	0.0	0.0	0.0	0.0	0.0	9.0	4.0	5.0	74.0	0.0	0.0	0.0	22.0	17.0	0.0	0.0	0.0	0.0	0.0	0.0	0.0	0.0	0.0	0.0	0.0	0.0	5.0	0.0	5.0	0.0	0.0	0.0	0.0	0.0	17.0	22.0	39.0	0.0	0.0	0.0	17.0	2.0	0.0	0.0	0.0	0.0	0.0	0.0	0.0	0.0	0.0	0.0	0.0	0.0	0.0	0.0	0.0	2.0	0.0	0.0	8.0	0.0	0.0	0.0	0.0	0.0	0.0	0.0	0.0	0.0	0.0	0.0	0.0	0.0	40.0	5.0	0.0	0.0	0.0	0.0	0.0	0.0	0.0	0.0	0.0	0.0	0.0	0.0	0.0	0.0	0.0	0.0	5.0	0.0	0.0	0.0	0.0	0.0	0.0	0.0	0.0	0.0	0.0	0.0	0.0	0.0
SRR9612662	0.0	2905.0	23.0	0.0	33.0	21.0	7.0	17.0	2481.0	714.0	0.0	32.0	588.0	448.0	0.0	1098.0	6.0	60.0	13.0	945.0	272.0	0.0	12.0	8.0	255.0	0.0	0.0	128.0	0.0	6.0	0.0	15.0	0.0	7.0	0.0	12.0	3.0	23.0	88.0	33.0	10.0	267.0	0.0	22.0	6.0	0.0	0.0	0.0	6.0	0.0	0.0	0.0	0.0	0.0	156.0	0.0	0.0	30.0	0.0	18.0	109.0	438.0	0.0	0.0	0.0	0.0	0.0	0.0	118.0	0.0	230.0	5.0	0.0	41.0	30.0	7.0	0.0	0.0	11.0	41.0	18.0	8.0	11.0	5.0	0.0	3.0	918.0	0.0	0.0	0.0	0.0	0.0	0.0	77.0	0.0	6.0	0.0	13.0	16.0	0.0	0.0	1744.0	152.0	0.0	0.0	7.0	0.0	0.0	0.0	0.0	0.0	0.0	0.0	32.0	12.0	0.0	0.0	0.0	35.0	3.0	0.0	0.0	0.0	0.0	0.0	13.0	6.0	0.0	22.0	1144.0	0.0	117.0	39.0	0.0	0.0	20.0	0.0	0.0	0.0	0.0	0.0	3.0	0.0	0.0	0.0	0.0	8.0	6.0	28.0	2.0	280.0	3.0	0.0	0.0	0.0	518.0	0.0	18.0	0.0	0.0	4.0	0.0	300.0	0.0	0.0	0.0	0.0	0.0	0.0	40.0	0.0	0.0	15.0	10.0	0.0	0.0	0.0	0.0	0.0	6.0	0.0	0.0	0.0	134.0	0.0	2.0	8.0	0.0	41.0	0.0	0.0	0.0	0.0	0.0	147.0	0.0	45.0	0.0	0.0	0.0	0.0	0.0	28.0	0.0	32.0	0.0	0.0	2.0	0.0	0.0	0.0	0.0	0.0	0.0	0.0	0.0	0.0	0.0	14.0	18.0	0.0	0.0	0.0	0.0	0.0	0.0	0.0	0.0	0.0	0.0	0.0	0.0	20.0	0.0	0.0	0.0	0.0	0.0	0.0	0.0	0.0	0.0	0.0	0.0	0.0	0.0	0.0	0.0	0.0	0.0	0.0	0.0	0.0	0.0	0.0	0.0	0.0	0.0	0.0	0.0	0.0	0.0	0.0	0.0	0.0	0.0	0.0	0.0	0.0	0.0	0.0	0.0	0.0	0.0	0.0	0.0	0.0	0.0	0.0	0.0	0.0	0.0	0.0	0.0	0.0	0.0	0.0	0.0	0.0	0.0	0.0	0.0	0.0	0.0	0.0	0.0	0.0	0.0	0.0	0.0	0.0	0.0	0.0	0.0	0.0	0.0	0.0	0.0	0.0	0.0	0.0	0.0	0.0	0.0	0.0	0.0	0.0	0.0	0.0	0.0	0.0	0.0	0.0	0.0	0.0	0.0
SRR9612663	0.0	46.0	19.0	0.0	22.0	23.0	0.0	4.0	4012.0	98.0	0.0	3.0	215.0	324.0	0.0	880.0	10.0	0.0	0.0	11834.0	0.0	0.0	0.0	19.0	66.0	0.0	0.0	518.0	12.0	0.0	0.0	35.0	8.0	68.0	0.0	0.0	0.0	163.0	63.0	0.0	11.0	12.0	7.0	14.0	4.0	0.0	0.0	0.0	6.0	0.0	0.0	0.0	7.0	0.0	0.0	0.0	0.0	14.0	0.0	6.0	24.0	137.0	0.0	0.0	0.0	3.0	38.0	0.0	193.0	0.0	82.0	29.0	3.0	9.0	36.0	0.0	2.0	0.0	88.0	4.0	17.0	8.0	0.0	0.0	2.0	0.0	298.0	0.0	4.0	0.0	0.0	0.0	0.0	0.0	2.0	0.0	0.0	0.0	47.0	0.0	0.0	81.0	19.0	0.0	0.0	7.0	0.0	0.0	0.0	0.0	0.0	0.0	0.0	12.0	7.0	24.0	7.0	0.0	0.0	0.0	0.0	0.0	0.0	0.0	12.0	11.0	0.0	8.0	0.0	318.0	0.0	10.0	54.0	0.0	0.0	0.0	0.0	0.0	0.0	0.0	0.0	0.0	0.0	0.0	0.0	0.0	0.0	3.0	0.0	0.0	44.0	0.0	0.0	0.0	0.0	17.0	0.0	0.0	2.0	0.0	4.0	0.0	211.0	0.0	0.0	0.0	0.0	0.0	0.0	0.0	0.0	0.0	9.0	11.0	0.0	0.0	0.0	0.0	0.0	0.0	3.0	0.0	0.0	25.0	0.0	0.0	29.0	0.0	24.0	0.0	0.0	0.0	0.0	0.0	3.0	0.0	36.0	0.0	0.0	0.0	8.0	0.0	0.0	0.0	0.0	0.0	0.0	0.0	0.0	0.0	0.0	0.0	28.0	0.0	0.0	0.0	0.0	0.0	0.0	0.0	0.0	0.0	0.0	0.0	0.0	0.0	0.0	0.0	7.0	0.0	0.0	0.0	7.0	0.0	0.0	0.0	0.0	0.0	0.0	0.0	0.0	0.0	0.0	0.0	0.0	0.0	0.0	0.0	0.0	2.0	0.0	0.0	0.0	0.0	0.0	0.0	0.0	0.0	0.0	0.0	0.0	0.0	0.0	0.0	0.0	0.0	0.0	0.0	0.0	0.0	0.0	0.0	0.0	0.0	0.0	0.0	0.0	0.0	0.0	0.0	0.0	0.0	0.0	0.0	0.0	0.0	0.0	0.0	0.0	0.0	0.0	0.0	0.0	0.0	0.0	0.0	0.0	0.0	0.0	0.0	0.0	0.0	0.0	0.0	0.0	0.0	0.0	0.0	0.0	0.0	0.0	0.0	0.0	0.0	0.0	0.0	0.0	0.0	0.0	0.0	0.0	0.0	0.0	0.0	0.0	0.0
SRR9612664	0.0	598.0	3127.0	18.0	20.0	4709.0	241.0	13.0	8529.0	371.0	0.0	45.0	1263.0	524.0	13.0	1904.0	126.0	53.0	517.0	1446.0	512.0	0.0	134.0	627.0	3548.0	4.0	2.0	48.0	11.0	40.0	11.0	117.0	0.0	0.0	0.0	14.0	12.0	240.0	28.0	36.0	172.0	999.0	0.0	250.0	59.0	6.0	0.0	0.0	11.0	0.0	52.0	15.0	0.0	0.0	0.0	0.0	351.0	89.0	21.0	540.0	106.0	385.0	575.0	0.0	0.0	0.0	0.0	45.0	553.0	0.0	538.0	1894.0	206.0	53.0	284.0	68.0	310.0	5.0	51.0	266.0	12.0	220.0	766.0	5.0	74.0	45.0	262.0	0.0	0.0	340.0	21.0	0.0	0.0	293.0	70.0	8.0	0.0	67.0	677.0	0.0	0.0	168.0	47.0	0.0	0.0	368.0	7.0	2.0	12.0	0.0	78.0	0.0	48.0	107.0	37.0	0.0	0.0	0.0	174.0	31.0	46.0	0.0	15.0	0.0	223.0	1834.0	19.0	361.0	598.0	318.0	0.0	123.0	0.0	11.0	18.0	7.0	0.0	0.0	0.0	0.0	15.0	0.0	3.0	5.0	13.0	15.0	760.0	11.0	219.0	0.0	175.0	117.0	0.0	0.0	5.0	149.0	48.0	242.0	85.0	0.0	312.0	0.0	60.0	10.0	6.0	0.0	0.0	0.0	17.0	53.0	48.0	0.0	9.0	313.0	0.0	0.0	0.0	5.0	0.0	0.0	57.0	0.0	0.0	23.0	0.0	0.0	366.0	0.0	71.0	6.0	56.0	0.0	3.0	0.0	0.0	0.0	6.0	0.0	32.0	0.0	0.0	4.0	33.0	0.0	25.0	39.0	20.0	0.0	0.0	0.0	22.0	0.0	0.0	0.0	7.0	9.0	75.0	12.0	230.0	0.0	0.0	0.0	0.0	0.0	0.0	11.0	11.0	0.0	110.0	0.0	0.0	0.0	45.0	14.0	0.0	0.0	0.0	0.0	15.0	0.0	0.0	0.0	0.0	9.0	0.0	0.0	0.0	0.0	0.0	0.0	0.0	0.0	0.0	0.0	0.0	0.0	40.0	0.0	0.0	0.0	0.0	0.0	0.0	0.0	0.0	0.0	0.0	0.0	0.0	0.0	0.0	0.0	0.0	0.0	0.0	0.0	0.0	0.0	0.0	0.0	0.0	0.0	0.0	0.0	0.0	0.0	0.0	0.0	0.0	0.0	0.0	0.0	0.0	0.0	61.0	0.0	0.0	0.0	0.0	0.0	0.0	0.0	0.0	0.0	0.0	0.0	0.0	0.0	0.0	0.0	0.0	0.0	0.0	0.0	0.0	0.0	0.0	0.0	0.0	0.0	0.0	0.0	0.0	0.0	0.0	0.0
SRR9612665	0.0	473.0	2244.0	12.0	8.0	6641.0	143.0	39.0	5087.0	528.0	0.0	33.0	1046.0	385.0	19.0	1575.0	71.0	64.0	142.0	857.0	313.0	0.0	180.0	501.0	5140.0	0.0	19.0	13.0	19.0	57.0	99.0	172.0	0.0	15.0	0.0	14.0	0.0	128.0	51.0	4.0	108.0	945.0	0.0	3.0	29.0	0.0	5.0	3.0	0.0	20.0	34.0	9.0	0.0	0.0	0.0	0.0	337.0	146.0	13.0	261.0	61.0	418.0	473.0	0.0	0.0	0.0	0.0	34.0	296.0	0.0	693.0	1429.0	153.0	64.0	182.0	23.0	298.0	0.0	36.0	76.0	32.0	172.0	533.0	0.0	34.0	6.0	467.0	0.0	0.0	258.0	27.0	0.0	2.0	345.0	73.0	20.0	4.0	63.0	478.0	0.0	0.0	90.0	151.0	0.0	8.0	412.0	0.0	0.0	0.0	0.0	80.0	0.0	16.0	78.0	39.0	0.0	0.0	0.0	355.0	0.0	17.0	0.0	0.0	0.0	128.0	1640.0	33.0	294.0	432.0	324.0	0.0	245.0	0.0	13.0	5.0	6.0	0.0	0.0	0.0	0.0	7.0	19.0	0.0	0.0	0.0	10.0	726.0	16.0	124.0	0.0	112.0	216.0	0.0	0.0	0.0	250.0	14.0	192.0	48.0	0.0	264.0	0.0	60.0	12.0	3.0	0.0	0.0	0.0	18.0	21.0	29.0	3.0	0.0	178.0	0.0	0.0	4.0	12.0	0.0	9.0	30.0	0.0	0.0	23.0	0.0	0.0	344.0	0.0	49.0	3.0	34.0	0.0	0.0	0.0	0.0	0.0	6.0	3.0	0.0	9.0	4.0	0.0	96.0	0.0	156.0	42.0	16.0	6.0	0.0	0.0	22.0	0.0	0.0	0.0	8.0	0.0	116.0	0.0	106.0	4.0	0.0	0.0	0.0	2.0	0.0	25.0	0.0	0.0	25.0	0.0	0.0	8.0	37.0	5.0	0.0	0.0	2.0	0.0	0.0	0.0	0.0	0.0	0.0	0.0	0.0	0.0	0.0	0.0	0.0	0.0	0.0	0.0	0.0	0.0	0.0	0.0	73.0	0.0	0.0	0.0	0.0	0.0	0.0	0.0	0.0	0.0	0.0	6.0	0.0	0.0	0.0	0.0	0.0	0.0	0.0	0.0	0.0	0.0	0.0	0.0	0.0	0.0	0.0	0.0	0.0	0.0	0.0	0.0	0.0	0.0	0.0	0.0	0.0	0.0	55.0	0.0	0.0	0.0	0.0	0.0	0.0	0.0	0.0	0.0	0.0	0.0	0.0	0.0	0.0	0.0	0.0	0.0	0.0	0.0	0.0	0.0	0.0	0.0	0.0	0.0	0.0	0.0	0.0	0.0	0.0	0.0
SRR9612666	0.0	403.0	1760.0	0.0	31.0	4545.0	229.0	8.0	4211.0	203.0	0.0	28.0	499.0	193.0	5.0	998.0	54.0	28.0	129.0	3500.0	118.0	0.0	50.0	678.0	2434.0	0.0	0.0	146.0	23.0	41.0	0.0	191.0	15.0	29.0	5.0	0.0	16.0	432.0	0.0	42.0	115.0	191.0	10.0	19.0	48.0	29.0	0.0	0.0	3.0	0.0	14.0	15.0	0.0	10.0	0.0	0.0	201.0	100.0	17.0	163.0	20.0	29.0	346.0	8.0	10.0	14.0	28.0	37.0	341.0	46.0	309.0	1243.0	82.0	11.0	135.0	39.0	149.0	0.0	66.0	12.0	48.0	128.0	1112.0	23.0	76.0	0.0	178.0	18.0	0.0	207.0	98.0	0.0	0.0	76.0	21.0	10.0	0.0	9.0	318.0	7.0	11.0	92.0	58.0	0.0	3.0	563.0	0.0	0.0	0.0	0.0	84.0	0.0	8.0	31.0	30.0	23.0	12.0	0.0	30.0	47.0	18.0	0.0	0.0	0.0	393.0	430.0	10.0	251.0	190.0	53.0	0.0	9.0	35.0	14.0	0.0	2.0	0.0	0.0	0.0	9.0	33.0	0.0	0.0	14.0	12.0	6.0	650.0	0.0	144.0	0.0	70.0	112.0	2.0	6.0	0.0	34.0	236.0	107.0	22.0	0.0	213.0	0.0	42.0	11.0	21.0	0.0	15.0	0.0	20.0	38.0	28.0	0.0	0.0	157.0	69.0	0.0	3.0	13.0	0.0	0.0	19.0	4.0	0.0	38.0	22.0	7.0	280.0	0.0	76.0	0.0	24.0	0.0	0.0	0.0	0.0	8.0	150.0	0.0	8.0	0.0	121.0	0.0	9.0	0.0	7.0	31.0	0.0	3.0	0.0	0.0	30.0	0.0	8.0	0.0	12.0	9.0	58.0	0.0	29.0	0.0	0.0	0.0	0.0	0.0	0.0	9.0	4.0	0.0	45.0	0.0	0.0	0.0	34.0	0.0	0.0	0.0	0.0	0.0	0.0	0.0	0.0	0.0	0.0	0.0	0.0	0.0	0.0	0.0	0.0	0.0	0.0	0.0	0.0	0.0	26.0	0.0	32.0	5.0	0.0	0.0	6.0	0.0	0.0	0.0	0.0	0.0	0.0	0.0	0.0	0.0	0.0	0.0	0.0	0.0	0.0	0.0	0.0	0.0	0.0	0.0	0.0	0.0	0.0	0.0	0.0	0.0	0.0	0.0	0.0	0.0	0.0	0.0	0.0	0.0	26.0	0.0	0.0	0.0	0.0	0.0	0.0	0.0	0.0	0.0	0.0	0.0	0.0	0.0	0.0	0.0	3.0	0.0	0.0	0.0	0.0	0.0	0.0	0.0	0.0	0.0	0.0	0.0	0.0	0.0	0.0	0.0
SRR9612667	0.0	538.0	2240.0	10.0	227.0	4581.0	324.0	28.0	5605.0	250.0	0.0	23.0	1028.0	287.0	23.0	1232.0	107.0	89.0	449.0	2605.0	188.0	0.0	173.0	644.0	3082.0	0.0	11.0	107.0	13.0	30.0	37.0	212.0	13.0	11.0	0.0	0.0	0.0	448.0	49.0	43.0	185.0	674.0	23.0	143.0	52.0	0.0	10.0	0.0	5.0	0.0	59.0	5.0	0.0	0.0	0.0	10.0	456.0	86.0	24.0	432.0	277.0	220.0	837.0	8.0	15.0	0.0	78.0	70.0	370.0	0.0	411.0	1565.0	212.0	50.0	188.0	33.0	304.0	14.0	57.0	164.0	45.0	226.0	947.0	28.0	103.0	46.0	233.0	0.0	0.0	261.0	53.0	0.0	0.0	225.0	56.0	28.0	0.0	37.0	541.0	0.0	33.0	141.0	90.0	0.0	6.0	471.0	0.0	0.0	0.0	0.0	97.0	0.0	4.0	126.0	10.0	7.0	3.0	0.0	254.0	26.0	32.0	0.0	13.0	0.0	286.0	1277.0	0.0	358.0	408.0	87.0	8.0	60.0	0.0	6.0	0.0	3.0	6.0	0.0	0.0	4.0	41.0	17.0	2.0	3.0	22.0	12.0	741.0	22.0	139.0	2.0	104.0	156.0	0.0	0.0	14.0	99.0	158.0	215.0	37.0	0.0	338.0	0.0	0.0	12.0	13.0	0.0	0.0	0.0	31.0	57.0	22.0	0.0	19.0	523.0	39.0	5.0	0.0	0.0	0.0	0.0	51.0	0.0	0.0	44.0	0.0	0.0	391.0	16.0	85.0	3.0	25.0	0.0	8.0	0.0	6.0	0.0	56.0	3.0	0.0	0.0	33.0	2.0	26.0	0.0	22.0	29.0	15.0	6.0	0.0	0.0	20.0	0.0	35.0	0.0	0.0	0.0	93.0	0.0	150.0	0.0	0.0	0.0	0.0	0.0	0.0	21.0	15.0	0.0	73.0	23.0	0.0	0.0	38.0	32.0	0.0	0.0	0.0	0.0	12.0	0.0	0.0	0.0	0.0	12.0	0.0	0.0	0.0	0.0	0.0	0.0	0.0	0.0	0.0	0.0	0.0	0.0	47.0	4.0	0.0	0.0	6.0	0.0	0.0	0.0	3.0	0.0	0.0	0.0	0.0	0.0	0.0	0.0	0.0	0.0	0.0	0.0	0.0	0.0	0.0	2.0	0.0	0.0	0.0	0.0	0.0	0.0	0.0	0.0	0.0	0.0	0.0	0.0	0.0	0.0	42.0	1.0	0.0	0.0	0.0	0.0	0.0	0.0	0.0	0.0	0.0	0.0	0.0	0.0	0.0	0.0	0.0	0.0	0.0	0.0	0.0	0.0	0.0	0.0	0.0	0.0	6.0	0.0	0.0	0.0	0.0	0.0
SRR9612668	0.0	797.0	30.0	10.0	0.0	42.0	0.0	0.0	9027.0	983.0	0.0	7.0	1135.0	777.0	0.0	783.0	0.0	4.0	9.0	53.0	66.0	0.0	8.0	0.0	205.0	0.0	0.0	14.0	0.0	0.0	0.0	0.0	0.0	0.0	0.0	6.0	0.0	0.0	95.0	20.0	6.0	266.0	0.0	0.0	0.0	0.0	0.0	0.0	2.0	0.0	0.0	0.0	0.0	0.0	0.0	0.0	0.0	31.0	0.0	34.0	49.0	323.0	0.0	0.0	0.0	0.0	0.0	0.0	30.0	0.0	493.0	18.0	0.0	30.0	0.0	0.0	9.0	0.0	6.0	60.0	0.0	10.0	14.0	0.0	4.0	0.0	996.0	0.0	0.0	0.0	0.0	0.0	0.0	65.0	2.0	0.0	0.0	0.0	0.0	0.0	0.0	4074.0	322.0	0.0	0.0	0.0	15.0	0.0	0.0	0.0	0.0	0.0	0.0	29.0	8.0	0.0	0.0	0.0	33.0	7.0	0.0	0.0	0.0	0.0	0.0	21.0	12.0	9.0	0.0	1346.0	0.0	123.0	0.0	0.0	0.0	73.0	0.0	0.0	48.0	0.0	0.0	7.0	0.0	0.0	0.0	0.0	56.0	2.0	75.0	0.0	244.0	0.0	0.0	0.0	0.0	717.0	0.0	4.0	0.0	0.0	7.0	0.0	144.0	0.0	0.0	0.0	0.0	0.0	0.0	41.0	0.0	0.0	0.0	0.0	0.0	8.0	0.0	0.0	0.0	0.0	0.0	0.0	0.0	134.0	0.0	0.0	16.0	0.0	7.0	0.0	0.0	0.0	0.0	0.0	0.0	0.0	0.0	0.0	0.0	0.0	0.0	0.0	41.0	0.0	15.0	0.0	0.0	9.0	0.0	0.0	0.0	0.0	0.0	0.0	0.0	0.0	0.0	0.0	32.0	0.0	0.0	0.0	0.0	0.0	0.0	0.0	0.0	0.0	0.0	0.0	0.0	0.0	0.0	0.0	0.0	0.0	0.0	0.0	0.0	0.0	0.0	0.0	0.0	0.0	0.0	0.0	0.0	0.0	0.0	0.0	0.0	0.0	0.0	0.0	0.0	0.0	0.0	0.0	0.0	0.0	0.0	0.0	0.0	0.0	0.0	0.0	0.0	0.0	0.0	0.0	0.0	0.0	0.0	0.0	0.0	0.0	0.0	0.0	0.0	0.0	0.0	0.0	0.0	0.0	0.0	0.0	0.0	0.0	0.0	0.0	0.0	0.0	0.0	0.0	0.0	0.0	0.0	0.0	0.0	0.0	0.0	0.0	0.0	0.0	0.0	0.0	0.0	0.0	0.0	0.0	0.0	0.0	0.0	0.0	0.0	0.0	0.0	0.0	0.0	0.0	0.0	0.0	0.0	0.0	0.0	0.0
SRR9612669	0.0	2021.0	72.0	33.0	60.0	62.0	8.0	0.0	7544.0	1231.0	10.0	17.0	759.0	907.0	0.0	3155.0	0.0	39.0	6.0	3427.0	60.0	0.0	50.0	26.0	248.0	0.0	0.0	456.0	76.0	13.0	0.0	21.0	0.0	23.0	0.0	3.0	0.0	49.0	211.0	35.0	22.0	154.0	18.0	0.0	20.0	0.0	2.0	0.0	0.0	0.0	0.0	0.0	0.0	0.0	0.0	0.0	0.0	55.0	0.0	53.0	168.0	445.0	10.0	0.0	0.0	22.0	30.0	0.0	364.0	0.0	490.0	0.0	15.0	58.0	113.0	11.0	9.0	0.0	81.0	17.0	294.0	3.0	28.0	4.0	0.0	0.0	1303.0	0.0	6.0	0.0	6.0	0.0	0.0	147.0	4.0	23.0	0.0	21.0	73.0	0.0	0.0	283.0	72.0	6.0	0.0	0.0	0.0	0.0	0.0	0.0	6.0	0.0	0.0	52.0	3.0	0.0	3.0	0.0	37.0	7.0	0.0	0.0	0.0	0.0	0.0	30.0	0.0	19.0	26.0	807.0	0.0	144.0	171.0	0.0	13.0	9.0	0.0	0.0	0.0	0.0	0.0	0.0	0.0	4.0	0.0	0.0	39.0	24.0	14.0	0.0	16.0	5.0	0.0	3.0	0.0	462.0	0.0	10.0	0.0	0.0	18.0	0.0	754.0	0.0	0.0	0.0	0.0	0.0	0.0	7.0	0.0	0.0	0.0	5.0	0.0	9.0	0.0	0.0	0.0	13.0	0.0	0.0	0.0	490.0	0.0	6.0	107.0	0.0	20.0	0.0	0.0	0.0	0.0	0.0	50.0	0.0	364.0	0.0	0.0	0.0	8.0	2.0	36.0	0.0	98.0	5.0	0.0	14.0	0.0	0.0	0.0	0.0	0.0	0.0	0.0	0.0	0.0	0.0	33.0	0.0	0.0	0.0	0.0	0.0	0.0	0.0	0.0	6.0	0.0	0.0	0.0	0.0	0.0	0.0	0.0	0.0	0.0	0.0	0.0	0.0	0.0	0.0	0.0	0.0	0.0	0.0	0.0	0.0	0.0	0.0	0.0	0.0	0.0	0.0	0.0	0.0	0.0	0.0	0.0	0.0	0.0	0.0	0.0	0.0	0.0	0.0	0.0	0.0	0.0	0.0	0.0	0.0	0.0	0.0	0.0	0.0	0.0	0.0	0.0	0.0	0.0	0.0	0.0	0.0	0.0	0.0	0.0	0.0	0.0	0.0	0.0	0.0	0.0	0.0	0.0	0.0	0.0	0.0	0.0	0.0	0.0	0.0	0.0	0.0	0.0	0.0	0.0	0.0	0.0	0.0	0.0	0.0	0.0	0.0	0.0	0.0	0.0	0.0	0.0	0.0	0.0	0.0	0.0	0.0	0.0	0.0
SRR9612670	0.0	353.0	2986.0	0.0	0.0	3204.0	77.0	10.0	2532.0	86.0	3.0	32.0	457.0	151.0	4.0	523.0	29.0	104.0	441.0	785.0	406.0	0.0	127.0	383.0	3215.0	0.0	9.0	0.0	0.0	23.0	24.0	0.0	0.0	7.0	0.0	0.0	0.0	134.0	34.0	29.0	81.0	659.0	0.0	54.0	19.0	0.0	3.0	0.0	46.0	12.0	9.0	3.0	0.0	0.0	0.0	0.0	192.0	138.0	19.0	169.0	90.0	146.0	542.0	0.0	0.0	0.0	6.0	53.0	91.0	0.0	258.0	622.0	64.0	34.0	166.0	32.0	86.0	0.0	11.0	79.0	1.0	190.0	317.0	0.0	14.0	7.0	269.0	14.0	0.0	147.0	0.0	0.0	0.0	205.0	66.0	0.0	0.0	0.0	316.0	0.0	7.0	654.0	187.0	0.0	0.0	88.0	0.0	0.0	0.0	0.0	67.0	0.0	3.0	0.0	23.0	0.0	0.0	0.0	136.0	12.0	5.0	0.0	0.0	0.0	82.0	1473.0	8.0	232.0	349.0	29.0	0.0	55.0	0.0	0.0	7.0	5.0	0.0	0.0	0.0	0.0	0.0	12.0	0.0	0.0	13.0	31.0	485.0	26.0	50.0	0.0	96.0	59.0	0.0	0.0	3.0	80.0	8.0	159.0	39.0	0.0	231.0	0.0	29.0	0.0	0.0	0.0	0.0	3.0	0.0	29.0	50.0	0.0	25.0	192.0	0.0	0.0	0.0	0.0	0.0	0.0	13.0	0.0	0.0	24.0	0.0	3.0	214.0	0.0	50.0	5.0	6.0	0.0	0.0	0.0	0.0	0.0	0.0	0.0	0.0	6.0	0.0	2.0	11.0	0.0	34.0	11.0	5.0	8.0	0.0	0.0	9.0	0.0	0.0	0.0	0.0	3.0	18.0	0.0	120.0	0.0	0.0	0.0	0.0	0.0	0.0	13.0	0.0	0.0	89.0	0.0	0.0	0.0	58.0	21.0	0.0	0.0	0.0	0.0	21.0	0.0	5.0	0.0	0.0	0.0	0.0	0.0	0.0	0.0	6.0	0.0	0.0	0.0	0.0	0.0	0.0	0.0	12.0	3.0	0.0	0.0	0.0	0.0	0.0	0.0	0.0	0.0	0.0	0.0	0.0	0.0	0.0	0.0	0.0	0.0	0.0	0.0	0.0	0.0	0.0	0.0	0.0	0.0	0.0	0.0	4.0	0.0	0.0	0.0	0.0	0.0	0.0	0.0	0.0	0.0	44.0	0.0	0.0	0.0	0.0	0.0	0.0	0.0	0.0	0.0	0.0	0.0	0.0	0.0	0.0	0.0	0.0	0.0	0.0	0.0	0.0	0.0	0.0	0.0	0.0	0.0	0.0	0.0	0.0	0.0	0.0	0.0
SRR9612671	3.0	30.0	1656.0	5.0	9.0	2507.0	107.0	0.0	3441.0	198.0	0.0	38.0	274.0	163.0	11.0	337.0	17.0	34.0	221.0	444.0	1999.0	2.0	46.0	427.0	2194.0	20.0	17.0	8.0	0.0	16.0	7.0	33.0	41.0	0.0	8.0	16.0	0.0	50.0	70.0	74.0	56.0	734.0	0.0	283.0	31.0	0.0	8.0	0.0	106.0	0.0	15.0	4.0	0.0	0.0	0.0	6.0	85.0	202.0	18.0	189.0	59.0	621.0	214.0	0.0	0.0	0.0	0.0	23.0	255.0	0.0	511.0	535.0	43.0	21.0	54.0	38.0	98.0	0.0	8.0	210.0	0.0	71.0	286.0	0.0	6.0	7.0	174.0	11.0	0.0	52.0	0.0	0.0	0.0	408.0	35.0	10.0	0.0	15.0	242.0	0.0	5.0	28.0	49.0	0.0	0.0	96.0	0.0	0.0	5.0	0.0	44.0	0.0	7.0	11.0	15.0	0.0	0.0	8.0	63.0	11.0	14.0	0.0	0.0	0.0	103.0	981.0	7.0	124.0	304.0	46.0	0.0	43.0	0.0	0.0	0.0	11.0	0.0	0.0	0.0	0.0	8.0	0.0	0.0	0.0	0.0	21.0	215.0	366.0	22.0	0.0	12.0	27.0	0.0	0.0	5.0	42.0	21.0	63.0	19.0	0.0	75.0	0.0	0.0	0.0	5.0	0.0	0.0	4.0	7.0	0.0	12.0	0.0	135.0	58.0	15.0	0.0	0.0	7.0	0.0	0.0	23.0	0.0	0.0	21.0	0.0	0.0	231.0	80.0	27.0	0.0	19.0	0.0	10.0	0.0	71.0	0.0	0.0	0.0	0.0	0.0	0.0	0.0	13.0	0.0	27.0	25.0	0.0	31.0	0.0	0.0	34.0	10.0	0.0	0.0	0.0	7.0	57.0	0.0	45.0	0.0	0.0	0.0	0.0	0.0	0.0	6.0	8.0	0.0	60.0	0.0	0.0	0.0	17.0	21.0	0.0	0.0	0.0	0.0	0.0	0.0	0.0	0.0	0.0	0.0	0.0	0.0	0.0	0.0	14.0	0.0	0.0	0.0	0.0	0.0	0.0	0.0	12.0	0.0	0.0	0.0	0.0	0.0	0.0	0.0	0.0	0.0	0.0	0.0	0.0	0.0	0.0	0.0	0.0	0.0	0.0	0.0	0.0	0.0	0.0	0.0	0.0	0.0	6.0	0.0	0.0	0.0	0.0	0.0	0.0	0.0	0.0	0.0	0.0	0.0	28.0	0.0	0.0	0.0	0.0	0.0	0.0	0.0	0.0	0.0	0.0	0.0	0.0	0.0	0.0	0.0	0.0	0.0	0.0	0.0	0.0	0.0	0.0	0.0	0.0	0.0	0.0	0.0	0.0	0.0	0.0	0.0
SRR9612672	0.0	296.0	2441.0	20.0	0.0	3287.0	156.0	19.0	2618.0	274.0	0.0	54.0	407.0	233.0	13.0	987.0	46.0	71.0	362.0	744.0	403.0	8.0	108.0	324.0	3437.0	33.0	15.0	0.0	0.0	28.0	9.0	0.0	0.0	0.0	0.0	6.0	0.0	151.0	5.0	54.0	66.0	618.0	0.0	4.0	38.0	0.0	0.0	0.0	121.0	0.0	27.0	2.0	4.0	0.0	0.0	0.0	162.0	173.0	40.0	265.0	102.0	278.0	383.0	0.0	0.0	0.0	0.0	22.0	302.0	4.0	422.0	729.0	145.0	50.0	146.0	40.0	119.0	0.0	16.0	37.0	0.0	175.0	501.0	4.0	19.0	6.0	239.0	18.0	0.0	157.0	0.0	0.0	0.0	231.0	55.0	22.0	0.0	18.0	348.0	0.0	5.0	102.0	100.0	0.0	0.0	103.0	8.0	0.0	0.0	0.0	82.0	0.0	8.0	26.0	4.0	0.0	0.0	0.0	153.0	15.0	12.0	0.0	0.0	0.0	123.0	1619.0	0.0	241.0	644.0	25.0	0.0	89.0	0.0	3.0	0.0	4.0	11.0	0.0	0.0	0.0	0.0	0.0	0.0	0.0	0.0	36.0	595.0	44.0	58.0	0.0	61.0	94.0	0.0	0.0	0.0	114.0	9.0	150.0	44.0	0.0	202.0	0.0	26.0	10.0	0.0	0.0	0.0	0.0	0.0	29.0	28.0	0.0	3.0	160.0	8.0	0.0	0.0	5.0	0.0	0.0	5.0	0.0	0.0	33.0	0.0	2.0	184.0	0.0	38.0	3.0	35.0	0.0	0.0	0.0	0.0	0.0	0.0	0.0	0.0	0.0	0.0	0.0	13.0	0.0	25.0	32.0	35.0	13.0	0.0	0.0	11.0	0.0	0.0	0.0	0.0	0.0	58.0	0.0	158.0	0.0	0.0	0.0	0.0	0.0	0.0	17.0	0.0	0.0	122.0	0.0	0.0	0.0	65.0	19.0	0.0	0.0	0.0	0.0	0.0	0.0	0.0	0.0	0.0	0.0	0.0	0.0	0.0	0.0	0.0	0.0	4.0	0.0	0.0	0.0	0.0	0.0	30.0	0.0	0.0	0.0	0.0	0.0	0.0	0.0	0.0	0.0	0.0	0.0	0.0	0.0	0.0	0.0	0.0	0.0	0.0	0.0	0.0	0.0	0.0	0.0	0.0	0.0	0.0	0.0	0.0	0.0	0.0	0.0	0.0	0.0	0.0	0.0	0.0	0.0	45.0	0.0	0.0	0.0	0.0	0.0	0.0	0.0	0.0	0.0	0.0	0.0	0.0	0.0	0.0	0.0	0.0	0.0	0.0	0.0	0.0	0.0	0.0	0.0	0.0	0.0	0.0	0.0	0.0	0.0	0.0	0.0
SRR9612673	0.0	276.0	1911.0	17.0	31.0	2584.0	125.0	14.0	2644.0	487.0	0.0	54.0	374.0	245.0	10.0	925.0	73.0	77.0	691.0	515.0	1338.0	5.0	156.0	379.0	2985.0	0.0	4.0	0.0	0.0	36.0	12.0	30.0	13.0	2.0	0.0	0.0	15.0	77.0	219.0	27.0	102.0	688.0	0.0	99.0	38.0	0.0	3.0	4.0	83.0	0.0	18.0	5.0	0.0	0.0	0.0	0.0	106.0	228.0	16.0	334.0	135.0	384.0	229.0	0.0	0.0	0.0	0.0	35.0	229.0	0.0	457.0	645.0	153.0	79.0	76.0	57.0	177.0	0.0	4.0	374.0	0.0	90.0	204.0	8.0	20.0	5.0	348.0	12.0	0.0	158.0	0.0	0.0	0.0	260.0	83.0	25.0	0.0	40.0	362.0	0.0	0.0	53.0	64.0	0.0	0.0	123.0	0.0	0.0	8.0	0.0	45.0	0.0	23.0	51.0	31.0	0.0	0.0	5.0	93.0	18.0	11.0	0.0	0.0	0.0	66.0	1074.0	0.0	133.0	627.0	31.0	0.0	58.0	0.0	4.0	0.0	22.0	0.0	0.0	0.0	0.0	0.0	12.0	0.0	0.0	4.0	43.0	391.0	73.0	80.0	0.0	59.0	36.0	0.0	0.0	0.0	101.0	7.0	118.0	20.0	0.0	136.0	0.0	13.0	8.0	0.0	0.0	0.0	0.0	0.0	17.0	19.0	0.0	84.0	100.0	0.0	0.0	0.0	8.0	0.0	0.0	20.0	0.0	0.0	13.0	0.0	0.0	232.0	0.0	18.0	0.0	18.0	0.0	0.0	0.0	13.0	0.0	0.0	0.0	0.0	5.0	0.0	0.0	10.0	2.0	15.0	27.0	0.0	0.0	0.0	0.0	15.0	8.0	0.0	0.0	0.0	0.0	41.0	0.0	130.0	0.0	0.0	0.0	0.0	0.0	0.0	35.0	0.0	0.0	98.0	0.0	0.0	0.0	35.0	22.0	0.0	0.0	0.0	0.0	0.0	0.0	0.0	0.0	0.0	11.0	0.0	2.0	0.0	0.0	14.0	0.0	0.0	0.0	0.0	0.0	0.0	0.0	16.0	0.0	0.0	0.0	0.0	0.0	0.0	0.0	0.0	0.0	0.0	0.0	0.0	0.0	0.0	0.0	0.0	0.0	0.0	0.0	0.0	0.0	0.0	0.0	0.0	0.0	0.0	0.0	0.0	0.0	0.0	0.0	0.0	0.0	0.0	0.0	0.0	0.0	22.0	0.0	0.0	0.0	0.0	0.0	0.0	0.0	0.0	0.0	0.0	0.0	0.0	0.0	0.0	0.0	0.0	0.0	0.0	0.0	0.0	0.0	0.0	2.0	0.0	0.0	0.0	0.0	0.0	0.0	0.0	0.0
SRR9612675	0.0	625.0	50.0	3.0	0.0	52.0	5.0	0.0	1430.0	888.0	0.0	4.0	1091.0	302.0	0.0	498.0	16.0	19.0	71.0	16.0	302.0	0.0	2.0	13.0	100.0	0.0	0.0	3.0	0.0	0.0	0.0	0.0	185.0	0.0	0.0	9.0	0.0	5.0	31.0	11.0	30.0	91.0	0.0	4.0	5.0	3.0	0.0	0.0	0.0	0.0	0.0	0.0	0.0	0.0	14.0	0.0	3.0	72.0	0.0	11.0	101.0	994.0	7.0	0.0	0.0	0.0	0.0	0.0	47.0	0.0	117.0	29.0	0.0	17.0	0.0	0.0	9.0	0.0	0.0	36.0	5.0	0.0	9.0	0.0	0.0	0.0	460.0	0.0	0.0	15.0	0.0	0.0	0.0	83.0	4.0	0.0	0.0	3.0	0.0	0.0	0.0	1969.0	129.0	0.0	0.0	0.0	0.0	0.0	0.0	0.0	6.0	0.0	0.0	0.0	0.0	0.0	0.0	0.0	0.0	0.0	0.0	0.0	0.0	0.0	0.0	37.0	0.0	5.0	9.0	136.0	0.0	16.0	0.0	0.0	0.0	1142.0	0.0	0.0	64.0	0.0	0.0	0.0	0.0	0.0	3.0	4.0	13.0	0.0	0.0	0.0	84.0	2.0	0.0	0.0	0.0	129.0	0.0	0.0	2.0	0.0	12.0	0.0	0.0	0.0	0.0	0.0	0.0	0.0	0.0	9.0	0.0	0.0	61.0	11.0	4.0	0.0	0.0	0.0	0.0	0.0	0.0	0.0	0.0	0.0	0.0	0.0	13.0	0.0	0.0	0.0	0.0	0.0	0.0	0.0	0.0	0.0	0.0	0.0	0.0	0.0	0.0	0.0	0.0	0.0	0.0	0.0	0.0	0.0	0.0	0.0	0.0	0.0	0.0	0.0	0.0	0.0	4.0	0.0	22.0	0.0	0.0	0.0	0.0	0.0	0.0	0.0	0.0	0.0	0.0	0.0	0.0	0.0	0.0	0.0	0.0	0.0	0.0	0.0	0.0	0.0	0.0	0.0	0.0	0.0	0.0	0.0	0.0	0.0	0.0	0.0	0.0	0.0	0.0	0.0	0.0	0.0	0.0	0.0	0.0	0.0	0.0	0.0	0.0	0.0	0.0	0.0	0.0	0.0	0.0	0.0	0.0	0.0	0.0	0.0	0.0	0.0	0.0	0.0	0.0	0.0	0.0	0.0	0.0	0.0	0.0	0.0	0.0	0.0	0.0	0.0	0.0	0.0	0.0	0.0	0.0	0.0	0.0	0.0	0.0	0.0	0.0	0.0	0.0	0.0	0.0	0.0	0.0	0.0	0.0	0.0	0.0	0.0	0.0	0.0	0.0	0.0	0.0	0.0	0.0	0.0	0.0	0.0	0.0	0.0	0.0	0.0
SRR9612676	0.0	613.0	2324.0	7.0	20.0	3783.0	117.0	0.0	2790.0	226.0	0.0	35.0	465.0	219.0	5.0	442.0	55.0	62.0	363.0	623.0	460.0	0.0	87.0	353.0	2586.0	7.0	0.0	0.0	0.0	28.0	29.0	13.0	18.0	0.0	0.0	9.0	5.0	77.0	29.0	56.0	87.0	680.0	0.0	4.0	16.0	0.0	3.0	3.0	111.0	0.0	15.0	2.0	0.0	0.0	0.0	0.0	120.0	159.0	18.0	206.0	97.0	241.0	283.0	0.0	0.0	0.0	6.0	63.0	75.0	0.0	267.0	687.0	80.0	29.0	101.0	43.0	90.0	0.0	5.0	144.0	7.0	212.0	358.0	7.0	14.0	15.0	207.0	14.0	0.0	108.0	0.0	0.0	0.0	263.0	53.0	20.0	0.0	24.0	263.0	0.0	0.0	76.0	78.0	0.0	0.0	202.0	0.0	0.0	0.0	0.0	58.0	2.0	3.0	48.0	14.0	0.0	0.0	0.0	60.0	7.0	17.0	0.0	0.0	0.0	92.0	965.0	6.0	279.0	355.0	30.0	5.0	59.0	0.0	0.0	0.0	15.0	0.0	0.0	0.0	0.0	0.0	29.0	0.0	0.0	4.0	35.0	571.0	86.0	82.0	0.0	23.0	52.0	0.0	0.0	0.0	84.0	23.0	112.0	30.0	0.0	137.0	2.0	0.0	7.0	2.0	0.0	0.0	6.0	0.0	36.0	25.0	0.0	12.0	116.0	0.0	0.0	0.0	11.0	0.0	0.0	0.0	0.0	0.0	16.0	0.0	0.0	164.0	0.0	50.0	0.0	6.0	0.0	0.0	0.0	0.0	0.0	0.0	0.0	0.0	0.0	0.0	0.0	23.0	0.0	14.0	22.0	0.0	5.0	0.0	0.0	27.0	0.0	0.0	0.0	7.0	0.0	56.0	0.0	115.0	0.0	0.0	0.0	0.0	0.0	0.0	12.0	0.0	0.0	126.0	0.0	0.0	0.0	52.0	23.0	0.0	0.0	0.0	0.0	17.0	0.0	0.0	0.0	0.0	0.0	0.0	0.0	0.0	0.0	10.0	0.0	0.0	0.0	0.0	0.0	0.0	0.0	16.0	3.0	0.0	0.0	0.0	0.0	0.0	0.0	0.0	0.0	0.0	0.0	0.0	0.0	0.0	0.0	0.0	4.0	0.0	0.0	0.0	0.0	0.0	0.0	0.0	0.0	0.0	0.0	0.0	0.0	0.0	0.0	0.0	0.0	0.0	0.0	0.0	0.0	24.0	0.0	0.0	0.0	0.0	0.0	0.0	0.0	0.0	0.0	0.0	0.0	0.0	0.0	0.0	0.0	0.0	0.0	0.0	3.0	0.0	0.0	0.0	2.0	0.0	0.0	0.0	0.0	0.0	0.0	0.0	0.0
SRR9612677	0.0	54.0	18.0	0.0	0.0	89.0	0.0	0.0	3481.0	851.0	0.0	31.0	961.0	439.0	0.0	487.0	0.0	5.0	30.0	20.0	300.0	0.0	6.0	0.0	70.0	3.0	0.0	0.0	0.0	0.0	0.0	0.0	2388.0	0.0	0.0	8.0	0.0	0.0	142.0	15.0	9.0	135.0	0.0	74.0	0.0	0.0	0.0	0.0	8.0	0.0	0.0	0.0	0.0	0.0	0.0	0.0	0.0	62.0	0.0	3.0	157.0	760.0	6.0	0.0	0.0	0.0	0.0	4.0	8.0	0.0	103.0	20.0	0.0	19.0	0.0	0.0	3.0	0.0	0.0	67.0	0.0	0.0	8.0	3.0	0.0	0.0	497.0	0.0	0.0	0.0	0.0	0.0	0.0	41.0	3.0	0.0	0.0	3.0	0.0	0.0	0.0	241.0	24.0	0.0	0.0	0.0	0.0	0.0	0.0	0.0	0.0	0.0	0.0	0.0	0.0	0.0	0.0	0.0	2.0	0.0	0.0	0.0	0.0	0.0	0.0	17.0	0.0	0.0	8.0	255.0	0.0	40.0	0.0	0.0	0.0	274.0	0.0	0.0	98.0	0.0	0.0	0.0	0.0	0.0	0.0	0.0	20.0	4.0	6.0	0.0	0.0	0.0	0.0	0.0	0.0	93.0	0.0	0.0	0.0	0.0	13.0	0.0	0.0	0.0	0.0	0.0	0.0	0.0	0.0	0.0	0.0	0.0	12.0	4.0	0.0	0.0	0.0	0.0	0.0	0.0	2.0	0.0	0.0	0.0	0.0	0.0	0.0	0.0	0.0	0.0	0.0	0.0	0.0	0.0	6.0	0.0	2.0	0.0	0.0	0.0	0.0	0.0	1.0	0.0	0.0	0.0	0.0	0.0	0.0	0.0	0.0	0.0	0.0	0.0	0.0	0.0	0.0	0.0	13.0	0.0	0.0	0.0	0.0	0.0	0.0	0.0	0.0	2.0	0.0	0.0	0.0	0.0	0.0	0.0	0.0	0.0	0.0	0.0	0.0	0.0	0.0	0.0	0.0	39.0	0.0	0.0	0.0	0.0	0.0	0.0	0.0	0.0	0.0	0.0	0.0	0.0	0.0	0.0	0.0	0.0	0.0	0.0	0.0	0.0	0.0	0.0	0.0	0.0	0.0	0.0	0.0	0.0	0.0	0.0	0.0	0.0	0.0	0.0	0.0	0.0	0.0	0.0	0.0	0.0	0.0	0.0	0.0	0.0	0.0	0.0	0.0	0.0	0.0	0.0	0.0	0.0	0.0	0.0	0.0	0.0	0.0	0.0	0.0	0.0	0.0	0.0	0.0	0.0	0.0	0.0	0.0	0.0	0.0	0.0	0.0	0.0	0.0	0.0	0.0	0.0	0.0	0.0	0.0	0.0	0.0	0.0
SRR9612678	0.0	717.0	3976.0	18.0	5.0	6652.0	312.0	60.0	5196.0	469.0	0.0	61.0	1044.0	419.0	29.0	1236.0	75.0	81.0	776.0	980.0	527.0	0.0	299.0	535.0	4790.0	0.0	0.0	0.0	0.0	73.0	25.0	32.0	0.0	0.0	8.0	14.0	0.0	194.0	68.0	27.0	165.0	1214.0	0.0	202.0	46.0	0.0	0.0	8.0	89.0	0.0	56.0	0.0	0.0	0.0	8.0	0.0	308.0	108.0	48.0	592.0	83.0	443.0	926.0	0.0	0.0	0.0	8.0	45.0	236.0	0.0	493.0	1295.0	341.0	70.0	178.0	70.0	397.0	0.0	24.0	399.0	0.0	308.0	654.0	23.0	26.0	47.0	352.0	0.0	0.0	338.0	10.0	0.0	0.0	304.0	86.0	12.0	2.0	15.0	596.0	0.0	9.0	269.0	77.0	0.0	5.0	315.0	0.0	0.0	3.0	0.0	121.0	0.0	8.0	147.0	54.0	0.0	0.0	0.0	255.0	38.0	33.0	0.0	0.0	0.0	128.0	2039.0	33.0	486.0	680.0	143.0	0.0	72.0	0.0	0.0	6.0	12.0	0.0	0.0	0.0	0.0	16.0	16.0	0.0	2.0	6.0	8.0	990.0	12.0	209.0	0.0	270.0	100.0	0.0	0.0	14.0	163.0	35.0	246.0	89.0	0.0	589.0	3.0	52.0	6.0	8.0	0.0	0.0	0.0	6.0	59.0	77.0	0.0	18.0	394.0	0.0	0.0	0.0	0.0	0.0	0.0	52.0	0.0	0.0	73.0	0.0	0.0	317.0	0.0	73.0	0.0	18.0	0.0	0.0	0.0	7.0	0.0	13.0	0.0	0.0	0.0	0.0	0.0	38.0	0.0	54.0	60.0	28.0	0.0	0.0	0.0	32.0	0.0	0.0	0.0	5.0	0.0	99.0	0.0	233.0	0.0	0.0	0.0	0.0	0.0	0.0	31.0	2.0	0.0	116.0	0.0	0.0	0.0	59.0	16.0	0.0	0.0	0.0	0.0	14.0	0.0	0.0	0.0	0.0	0.0	0.0	0.0	0.0	0.0	0.0	0.0	2.0	0.0	0.0	0.0	0.0	0.0	28.0	6.0	0.0	0.0	0.0	0.0	0.0	0.0	0.0	0.0	0.0	0.0	0.0	0.0	0.0	0.0	0.0	0.0	0.0	0.0	0.0	0.0	0.0	0.0	0.0	0.0	0.0	0.0	0.0	0.0	0.0	0.0	0.0	0.0	0.0	0.0	0.0	0.0	104.0	0.0	0.0	0.0	0.0	0.0	0.0	0.0	0.0	0.0	0.0	0.0	0.0	0.0	0.0	0.0	0.0	0.0	0.0	0.0	0.0	0.0	0.0	5.0	0.0	0.0	0.0	0.0	0.0	0.0	0.0	0.0
SRR9612679	0.0	278.0	1453.0	9.0	4.0	3453.0	104.0	29.0	4382.0	350.0	0.0	97.0	418.0	363.0	27.0	726.0	49.0	95.0	364.0	518.0	1175.0	10.0	122.0	505.0	2135.0	26.0	17.0	0.0	0.0	25.0	20.0	13.0	0.0	6.0	0.0	28.0	72.0	118.0	184.0	69.0	147.0	784.0	0.0	181.0	23.0	0.0	2.0	0.0	201.0	16.0	17.0	0.0	0.0	0.0	10.0	0.0	83.0	369.0	6.0	562.0	193.0	555.0	198.0	0.0	0.0	0.0	0.0	53.0	152.0	0.0	511.0	479.0	141.0	90.0	61.0	79.0	83.0	0.0	16.0	466.0	0.0	143.0	299.0	0.0	34.0	29.0	303.0	11.0	0.0	191.0	3.0	0.0	0.0	307.0	37.0	55.0	0.0	83.0	238.0	0.0	2.0	69.0	86.0	0.0	0.0	165.0	0.0	0.0	0.0	0.0	44.0	0.0	5.0	59.0	21.0	0.0	0.0	0.0	109.0	18.0	39.0	0.0	0.0	0.0	74.0	806.0	6.0	241.0	366.0	76.0	0.0	146.0	0.0	0.0	0.0	25.0	12.0	0.0	0.0	0.0	0.0	0.0	0.0	3.0	0.0	25.0	634.0	191.0	142.0	26.0	71.0	65.0	0.0	0.0	0.0	72.0	8.0	79.0	19.0	0.0	155.0	0.0	26.0	0.0	2.0	0.0	0.0	3.0	7.0	30.0	23.0	0.0	0.0	99.0	0.0	0.0	0.0	18.0	0.0	0.0	2.0	0.0	0.0	13.0	0.0	0.0	351.0	43.0	73.0	17.0	11.0	0.0	2.0	0.0	19.0	0.0	7.0	0.0	0.0	0.0	0.0	0.0	11.0	0.0	62.0	0.0	0.0	18.0	0.0	0.0	14.0	0.0	5.0	0.0	0.0	0.0	53.0	0.0	67.0	0.0	0.0	0.0	0.0	0.0	0.0	15.0	0.0	4.0	102.0	0.0	0.0	0.0	36.0	11.0	0.0	0.0	0.0	0.0	0.0	0.0	0.0	0.0	0.0	0.0	0.0	0.0	0.0	0.0	20.0	0.0	15.0	0.0	0.0	0.0	0.0	0.0	18.0	3.0	0.0	0.0	0.0	0.0	0.0	0.0	0.0	0.0	0.0	0.0	0.0	0.0	0.0	0.0	0.0	0.0	0.0	0.0	0.0	0.0	0.0	0.0	0.0	0.0	0.0	0.0	0.0	0.0	0.0	0.0	5.0	0.0	0.0	0.0	0.0	0.0	26.0	0.0	0.0	0.0	0.0	0.0	0.0	0.0	0.0	0.0	0.0	0.0	0.0	0.0	0.0	0.0	0.0	0.0	0.0	0.0	0.0	0.0	0.0	0.0	0.0	0.0	0.0	0.0	0.0	0.0	0.0	0.0
SRR9612680	0.0	169.0	1334.0	6.0	0.0	3007.0	72.0	0.0	2202.0	215.0	0.0	54.0	436.0	141.0	13.0	928.0	51.0	80.0	191.0	372.0	1433.0	16.0	125.0	329.0	2714.0	0.0	15.0	0.0	0.0	17.0	34.0	21.0	0.0	0.0	0.0	9.0	0.0	102.0	107.0	23.0	56.0	431.0	0.0	258.0	0.0	0.0	0.0	0.0	58.0	0.0	6.0	0.0	0.0	0.0	18.0	0.0	121.0	212.0	9.0	149.0	116.0	476.0	250.0	0.0	0.0	0.0	0.0	30.0	125.0	0.0	720.0	814.0	106.0	37.0	92.0	19.0	84.0	0.0	4.0	481.0	0.0	87.0	261.0	0.0	13.0	19.0	183.0	4.0	0.0	91.0	0.0	0.0	0.0	155.0	20.0	5.0	0.0	16.0	263.0	0.0	0.0	37.0	67.0	0.0	0.0	156.0	0.0	0.0	3.0	0.0	38.0	0.0	4.0	15.0	14.0	0.0	0.0	0.0	128.0	9.0	0.0	0.0	0.0	0.0	81.0	832.0	0.0	166.0	473.0	34.0	0.0	35.0	0.0	10.0	0.0	4.0	10.0	0.0	0.0	0.0	10.0	0.0	0.0	0.0	16.0	26.0	348.0	106.0	38.0	0.0	42.0	27.0	0.0	0.0	5.0	48.0	21.0	79.0	30.0	0.0	99.0	5.0	0.0	0.0	3.0	0.0	0.0	0.0	19.0	0.0	16.0	0.0	16.0	100.0	0.0	0.0	0.0	7.0	4.0	0.0	7.0	0.0	0.0	8.0	0.0	0.0	283.0	17.0	30.0	9.0	20.0	0.0	0.0	0.0	14.0	0.0	0.0	0.0	0.0	0.0	0.0	0.0	9.0	0.0	50.0	19.0	0.0	3.0	0.0	0.0	5.0	0.0	0.0	0.0	0.0	0.0	0.0	0.0	38.0	0.0	0.0	0.0	0.0	0.0	0.0	4.0	0.0	0.0	44.0	0.0	0.0	0.0	23.0	5.0	0.0	0.0	0.0	0.0	0.0	0.0	4.0	0.0	0.0	0.0	0.0	0.0	0.0	0.0	13.0	0.0	0.0	0.0	0.0	0.0	0.0	0.0	37.0	0.0	0.0	0.0	0.0	0.0	0.0	0.0	0.0	0.0	0.0	0.0	0.0	0.0	0.0	0.0	0.0	0.0	0.0	0.0	0.0	0.0	0.0	0.0	0.0	0.0	0.0	0.0	0.0	0.0	0.0	0.0	0.0	0.0	0.0	0.0	0.0	0.0	39.0	0.0	0.0	0.0	0.0	0.0	0.0	0.0	0.0	0.0	0.0	0.0	0.0	0.0	0.0	0.0	0.0	0.0	0.0	0.0	0.0	0.0	0.0	0.0	0.0	0.0	0.0	0.0	0.0	0.0	0.0	0.0
SRR9612681	0.0	572.0	2354.0	0.0	98.0	3350.0	226.0	8.0	3743.0	158.0	7.0	25.0	626.0	207.0	6.0	828.0	57.0	58.0	157.0	2693.0	147.0	0.0	68.0	614.0	3709.0	0.0	0.0	71.0	24.0	25.0	0.0	237.0	0.0	14.0	0.0	0.0	12.0	336.0	6.0	60.0	119.0	196.0	15.0	10.0	49.0	35.0	21.0	18.0	7.0	17.0	11.0	15.0	5.0	20.0	0.0	0.0	534.0	101.0	22.0	162.0	6.0	246.0	752.0	11.0	12.0	17.0	168.0	84.0	263.0	25.0	295.0	1606.0	111.0	5.0	254.0	74.0	233.0	9.0	65.0	4.0	0.0	204.0	1238.0	40.0	29.0	15.0	226.0	0.0	0.0	181.0	131.0	0.0	0.0	103.0	63.0	12.0	0.0	0.0	435.0	5.0	24.0	66.0	84.0	0.0	0.0	520.0	0.0	0.0	0.0	0.0	93.0	0.0	12.0	35.0	24.0	0.0	0.0	0.0	226.0	42.0	22.0	0.0	28.0	0.0	350.0	1046.0	0.0	277.0	251.0	38.0	0.0	67.0	25.0	13.0	3.0	0.0	9.0	0.0	0.0	0.0	36.0	0.0	0.0	10.0	15.0	37.0	713.0	6.0	97.0	0.0	54.0	180.0	5.0	0.0	2.0	90.0	338.0	160.0	35.0	0.0	231.0	0.0	36.0	13.0	20.0	0.0	1.0	5.0	0.0	19.0	17.0	0.0	0.0	139.0	89.0	0.0	0.0	12.0	2.0	0.0	22.0	0.0	0.0	26.0	8.0	0.0	243.0	0.0	72.0	0.0	31.0	0.0	0.0	0.0	0.0	0.0	27.0	0.0	0.0	0.0	146.0	5.0	18.0	0.0	4.0	20.0	14.0	0.0	0.0	0.0	30.0	0.0	10.0	0.0	0.0	0.0	134.0	0.0	70.0	0.0	0.0	0.0	0.0	0.0	0.0	6.0	0.0	0.0	76.0	33.0	0.0	0.0	45.0	5.0	0.0	0.0	0.0	0.0	13.0	0.0	0.0	0.0	0.0	0.0	4.0	0.0	0.0	0.0	0.0	0.0	0.0	0.0	0.0	0.0	11.0	12.0	34.0	0.0	0.0	0.0	14.0	0.0	0.0	0.0	0.0	0.0	0.0	0.0	0.0	0.0	0.0	0.0	0.0	0.0	0.0	0.0	0.0	0.0	0.0	2.0	0.0	0.0	0.0	0.0	0.0	0.0	0.0	0.0	0.0	0.0	0.0	0.0	0.0	0.0	48.0	0.0	0.0	0.0	2.0	0.0	0.0	0.0	0.0	0.0	0.0	0.0	0.0	0.0	0.0	0.0	0.0	0.0	0.0	0.0	0.0	0.0	0.0	0.0	0.0	0.0	0.0	0.0	0.0	0.0	0.0	0.0
SRR9612682	0.0	261.0	1853.0	0.0	0.0	2946.0	195.0	0.0	3696.0	376.0	0.0	61.0	263.0	213.0	0.0	382.0	39.0	54.0	170.0	654.0	433.0	4.0	78.0	305.0	2247.0	0.0	20.0	0.0	0.0	39.0	0.0	51.0	6.0	3.0	0.0	0.0	13.0	114.0	73.0	1.0	112.0	420.0	5.0	207.0	8.0	0.0	0.0	0.0	82.0	0.0	12.0	12.0	0.0	0.0	0.0	0.0	45.0	143.0	0.0	248.0	34.0	334.0	271.0	0.0	0.0	0.0	4.0	28.0	127.0	0.0	369.0	588.0	66.0	8.0	139.0	28.0	69.0	0.0	7.0	106.0	0.0	127.0	306.0	0.0	0.0	8.0	197.0	12.0	0.0	129.0	5.0	0.0	0.0	193.0	23.0	13.0	0.0	24.0	246.0	0.0	3.0	87.0	61.0	0.0	0.0	252.0	6.0	0.0	4.0	0.0	48.0	0.0	18.0	34.0	35.0	5.0	0.0	7.0	42.0	0.0	29.0	0.0	0.0	0.0	118.0	500.0	4.0	190.0	338.0	39.0	0.0	51.0	0.0	0.0	0.0	5.0	0.0	0.0	16.0	0.0	14.0	0.0	0.0	0.0	5.0	14.0	447.0	43.0	90.0	0.0	33.0	20.0	0.0	0.0	0.0	50.0	17.0	114.0	28.0	0.0	146.0	0.0	28.0	0.0	0.0	0.0	0.0	5.0	0.0	35.0	19.0	0.0	11.0	122.0	0.0	0.0	0.0	0.0	0.0	0.0	12.0	0.0	0.0	12.0	0.0	3.0	313.0	20.0	42.0	0.0	14.0	0.0	2.0	0.0	18.0	0.0	6.0	0.0	0.0	0.0	0.0	0.0	14.0	0.0	23.0	25.0	16.0	5.0	0.0	0.0	0.0	0.0	0.0	0.0	0.0	0.0	49.0	0.0	81.0	0.0	0.0	0.0	0.0	0.0	0.0	6.0	0.0	0.0	133.0	0.0	0.0	0.0	21.0	10.0	0.0	0.0	0.0	0.0	0.0	0.0	0.0	0.0	0.0	5.0	0.0	0.0	0.0	0.0	8.0	0.0	0.0	0.0	0.0	0.0	0.0	0.0	15.0	0.0	0.0	0.0	0.0	0.0	0.0	0.0	0.0	0.0	0.0	0.0	0.0	0.0	0.0	0.0	0.0	0.0	0.0	0.0	0.0	0.0	0.0	0.0	0.0	0.0	0.0	0.0	0.0	0.0	0.0	0.0	0.0	0.0	0.0	0.0	0.0	0.0	20.0	0.0	0.0	0.0	0.0	0.0	0.0	0.0	0.0	0.0	0.0	0.0	0.0	0.0	0.0	0.0	0.0	0.0	0.0	0.0	0.0	0.0	0.0	0.0	0.0	0.0	0.0	0.0	0.0	0.0	0.0	0.0
SRR9612683	0.0	229.0	1362.0	7.0	0.0	2342.0	59.0	21.0	1864.0	185.0	0.0	20.0	236.0	162.0	0.0	381.0	19.0	37.0	108.0	403.0	483.0	9.0	50.0	257.0	1331.0	0.0	9.0	0.0	0.0	20.0	8.0	11.0	0.0	0.0	0.0	0.0	0.0	77.0	22.0	37.0	102.0	397.0	0.0	69.0	10.0	0.0	9.0	0.0	66.0	0.0	14.0	0.0	0.0	0.0	0.0	0.0	23.0	127.0	0.0	132.0	70.0	214.0	178.0	0.0	0.0	0.0	8.0	38.0	120.0	0.0	394.0	346.0	55.0	40.0	36.0	9.0	77.0	0.0	0.0	174.0	0.0	150.0	191.0	0.0	20.0	7.0	147.0	14.0	0.0	131.0	0.0	0.0	0.0	163.0	28.0	28.0	0.0	23.0	243.0	0.0	0.0	128.0	63.0	0.0	0.0	108.0	0.0	0.0	0.0	0.0	59.0	0.0	13.0	32.0	0.0	0.0	0.0	0.0	69.0	11.0	16.0	0.0	0.0	0.0	43.0	618.0	17.0	181.0	236.0	16.0	0.0	76.0	0.0	5.0	0.0	21.0	0.0	0.0	0.0	0.0	0.0	0.0	0.0	0.0	0.0	24.0	423.0	72.0	90.0	0.0	173.0	51.0	0.0	0.0	0.0	70.0	4.0	72.0	33.0	0.0	165.0	4.0	0.0	0.0	0.0	0.0	0.0	0.0	0.0	32.0	27.0	0.0	42.0	86.0	0.0	0.0	0.0	0.0	0.0	0.0	0.0	0.0	0.0	28.0	0.0	0.0	160.0	0.0	25.0	0.0	0.0	0.0	3.0	0.0	0.0	0.0	0.0	0.0	0.0	3.0	0.0	0.0	13.0	0.0	45.0	15.0	9.0	11.0	0.0	0.0	20.0	0.0	0.0	0.0	0.0	0.0	0.0	0.0	87.0	0.0	0.0	0.0	0.0	0.0	0.0	5.0	0.0	0.0	55.0	0.0	0.0	0.0	23.0	4.0	0.0	0.0	0.0	0.0	0.0	0.0	0.0	0.0	0.0	6.0	0.0	0.0	0.0	0.0	0.0	0.0	0.0	0.0	0.0	0.0	0.0	0.0	21.0	0.0	0.0	0.0	0.0	0.0	0.0	0.0	0.0	0.0	0.0	0.0	0.0	0.0	0.0	0.0	0.0	0.0	0.0	0.0	0.0	0.0	0.0	0.0	0.0	0.0	0.0	0.0	0.0	0.0	0.0	0.0	0.0	0.0	0.0	0.0	0.0	0.0	24.0	0.0	0.0	0.0	0.0	0.0	7.0	0.0	0.0	0.0	0.0	0.0	0.0	0.0	0.0	0.0	0.0	0.0	0.0	0.0	0.0	0.0	0.0	0.0	0.0	0.0	0.0	0.0	0.0	0.0	0.0	0.0
SRR9612685	0.0	257.0	1359.0	0.0	5.0	2396.0	74.0	0.0	2131.0	165.0	0.0	14.0	181.0	111.0	7.0	270.0	21.0	10.0	109.0	617.0	332.0	0.0	10.0	244.0	1779.0	0.0	0.0	0.0	0.0	25.0	0.0	55.0	0.0	0.0	0.0	0.0	4.0	36.0	0.0	52.0	49.0	186.0	4.0	52.0	34.0	0.0	0.0	0.0	34.0	0.0	15.0	0.0	0.0	0.0	0.0	0.0	54.0	51.0	10.0	261.0	8.0	139.0	187.0	0.0	0.0	0.0	0.0	31.0	124.0	0.0	165.0	517.0	56.0	18.0	41.0	15.0	75.0	3.0	4.0	19.0	4.0	59.0	374.0	0.0	24.0	6.0	127.0	0.0	0.0	53.0	0.0	0.0	2.0	114.0	40.0	5.0	0.0	11.0	131.0	0.0	0.0	49.0	43.0	0.0	0.0	177.0	0.0	0.0	0.0	0.0	37.0	0.0	0.0	14.0	16.0	0.0	0.0	4.0	43.0	0.0	0.0	0.0	0.0	0.0	114.0	662.0	7.0	118.0	178.0	20.0	0.0	37.0	0.0	0.0	0.0	13.0	3.0	0.0	0.0	0.0	0.0	0.0	0.0	0.0	0.0	13.0	259.0	16.0	45.0	0.0	44.0	23.0	0.0	0.0	0.0	39.0	10.0	51.0	9.0	0.0	103.0	0.0	0.0	0.0	0.0	0.0	0.0	0.0	0.0	21.0	10.0	0.0	0.0	77.0	0.0	0.0	0.0	8.0	0.0	0.0	9.0	0.0	0.0	0.0	0.0	0.0	144.0	0.0	18.0	6.0	1.0	0.0	0.0	0.0	0.0	0.0	0.0	0.0	0.0	5.0	2.0	2.0	12.0	0.0	18.0	20.0	9.0	6.0	0.0	0.0	13.0	0.0	0.0	0.0	0.0	0.0	21.0	0.0	70.0	0.0	0.0	0.0	0.0	0.0	0.0	0.0	0.0	0.0	30.0	0.0	0.0	0.0	19.0	0.0	0.0	0.0	0.0	0.0	0.0	0.0	0.0	0.0	0.0	0.0	0.0	0.0	0.0	0.0	0.0	0.0	0.0	0.0	0.0	0.0	0.0	5.0	0.0	0.0	0.0	0.0	0.0	0.0	0.0	0.0	0.0	0.0	0.0	0.0	0.0	0.0	0.0	0.0	0.0	0.0	0.0	0.0	0.0	0.0	0.0	0.0	0.0	0.0	0.0	0.0	0.0	0.0	0.0	0.0	0.0	0.0	0.0	0.0	0.0	0.0	23.0	0.0	0.0	0.0	0.0	0.0	0.0	0.0	0.0	0.0	0.0	0.0	0.0	0.0	0.0	0.0	0.0	0.0	0.0	0.0	0.0	0.0	0.0	0.0	0.0	0.0	0.0	0.0	0.0	0.0	0.0	0.0
SRR9612690	0.0	600.0	869.0	0.0	0.0	2144.0	86.0	0.0	1160.0	270.0	0.0	2.0	247.0	155.0	0.0	419.0	25.0	36.0	133.0	380.0	290.0	0.0	63.0	267.0	1576.0	0.0	0.0	0.0	0.0	53.0	13.0	0.0	3.0	0.0	2.0	5.0	0.0	49.0	8.0	53.0	102.0	411.0	7.0	17.0	0.0	0.0	0.0	0.0	52.0	0.0	5.0	0.0	0.0	0.0	0.0	0.0	29.0	44.0	7.0	221.0	44.0	238.0	125.0	0.0	0.0	0.0	10.0	4.0	62.0	0.0	158.0	252.0	48.0	17.0	48.0	17.0	71.0	0.0	5.0	17.0	0.0	76.0	191.0	9.0	6.0	11.0	185.0	9.0	0.0	167.0	5.0	0.0	0.0	168.0	48.0	19.0	0.0	19.0	153.0	0.0	0.0	303.0	131.0	0.0	0.0	74.0	5.0	0.0	0.0	0.0	51.0	0.0	0.0	39.0	30.0	0.0	0.0	0.0	83.0	0.0	12.0	0.0	0.0	0.0	55.0	503.0	14.0	147.0	205.0	26.0	0.0	121.0	0.0	4.0	0.0	0.0	0.0	0.0	0.0	0.0	6.0	0.0	0.0	0.0	4.0	8.0	464.0	31.0	112.0	0.0	147.0	24.0	0.0	0.0	0.0	119.0	0.0	83.0	24.0	0.0	101.0	0.0	9.0	0.0	0.0	0.0	0.0	0.0	10.0	128.0	1.0	0.0	0.0	59.0	0.0	2.0	0.0	10.0	0.0	0.0	0.0	0.0	0.0	38.0	0.0	0.0	142.0	0.0	37.0	3.0	0.0	0.0	0.0	0.0	4.0	0.0	0.0	0.0	0.0	0.0	0.0	0.0	23.0	0.0	29.0	37.0	0.0	0.0	0.0	0.0	17.0	0.0	0.0	0.0	8.0	3.0	47.0	0.0	86.0	0.0	0.0	0.0	0.0	0.0	0.0	4.0	0.0	0.0	52.0	0.0	0.0	0.0	0.0	0.0	0.0	0.0	0.0	0.0	0.0	0.0	0.0	0.0	0.0	17.0	0.0	0.0	0.0	0.0	0.0	0.0	0.0	0.0	0.0	0.0	0.0	0.0	29.0	5.0	0.0	0.0	0.0	0.0	0.0	0.0	0.0	0.0	0.0	5.0	0.0	0.0	0.0	0.0	0.0	0.0	0.0	0.0	0.0	0.0	0.0	0.0	0.0	0.0	0.0	0.0	0.0	0.0	0.0	0.0	0.0	0.0	0.0	0.0	0.0	0.0	18.0	0.0	0.0	0.0	0.0	0.0	0.0	0.0	0.0	0.0	0.0	0.0	0.0	0.0	0.0	0.0	0.0	0.0	0.0	0.0	0.0	0.0	0.0	0.0	0.0	0.0	0.0	0.0	0.0	0.0	0.0	0.0
SRR9612691	0.0	220.0	1780.0	0.0	0.0	4266.0	184.0	7.0	2976.0	128.0	0.0	16.0	423.0	210.0	6.0	387.0	36.0	13.0	150.0	980.0	199.0	0.0	52.0	292.0	2509.0	0.0	0.0	23.0	0.0	43.0	0.0	53.0	2.0	0.0	43.0	0.0	0.0	151.0	8.0	43.0	129.0	311.0	0.0	243.0	21.0	0.0	4.0	7.0	5.0	0.0	25.0	0.0	4.0	0.0	0.0	0.0	66.0	61.0	15.0	176.0	6.0	88.0	361.0	0.0	0.0	0.0	14.0	23.0	192.0	0.0	152.0	731.0	40.0	10.0	94.0	17.0	108.0	0.0	5.0	274.0	12.0	192.0	587.0	0.0	35.0	26.0	166.0	7.0	0.0	159.0	27.0	0.0	0.0	119.0	21.0	16.0	0.0	0.0	276.0	0.0	8.0	77.0	64.0	0.0	0.0	237.0	0.0	0.0	0.0	0.0	97.0	3.0	11.0	16.0	11.0	0.0	0.0	3.0	35.0	13.0	15.0	0.0	0.0	0.0	158.0	650.0	14.0	286.0	177.0	24.0	0.0	39.0	0.0	7.0	0.0	6.0	0.0	0.0	0.0	0.0	0.0	5.0	0.0	0.0	5.0	13.0	654.0	15.0	83.0	2.0	58.0	53.0	0.0	0.0	5.0	65.0	61.0	126.0	20.0	0.0	197.0	0.0	21.0	11.0	0.0	0.0	0.0	2.0	0.0	27.0	43.0	0.0	0.0	184.0	0.0	0.0	0.0	2.0	0.0	0.0	6.0	0.0	0.0	0.0	0.0	0.0	217.0	14.0	54.0	0.0	13.0	0.0	0.0	0.0	0.0	0.0	0.0	0.0	0.0	2.0	7.0	0.0	0.0	0.0	9.0	11.0	15.0	0.0	0.0	0.0	23.0	0.0	0.0	18.0	6.0	6.0	47.0	0.0	53.0	0.0	0.0	0.0	0.0	0.0	0.0	4.0	0.0	0.0	65.0	0.0	0.0	0.0	22.0	9.0	0.0	0.0	0.0	0.0	0.0	0.0	0.0	0.0	0.0	0.0	0.0	0.0	0.0	0.0	0.0	0.0	0.0	0.0	0.0	0.0	2.0	0.0	19.0	0.0	0.0	0.0	0.0	0.0	0.0	0.0	0.0	0.0	0.0	0.0	0.0	0.0	0.0	0.0	0.0	0.0	0.0	0.0	0.0	0.0	0.0	0.0	0.0	0.0	0.0	0.0	0.0	0.0	0.0	0.0	0.0	0.0	0.0	0.0	0.0	0.0	42.0	0.0	0.0	0.0	0.0	0.0	0.0	0.0	0.0	0.0	0.0	0.0	0.0	0.0	0.0	0.0	0.0	0.0	0.0	0.0	0.0	0.0	0.0	0.0	0.0	0.0	0.0	0.0	0.0	0.0	0.0	0.0
SRR9612692	0.0	854.0	31.0	0.0	0.0	19.0	0.0	0.0	5016.0	284.0	0.0	16.0	813.0	438.0	0.0	205.0	0.0	0.0	42.0	19.0	112.0	0.0	6.0	27.0	42.0	0.0	0.0	0.0	13.0	23.0	0.0	0.0	0.0	3.0	0.0	0.0	0.0	2.0	54.0	0.0	136.0	135.0	0.0	0.0	0.0	0.0	0.0	0.0	0.0	0.0	0.0	0.0	0.0	0.0	0.0	0.0	0.0	15.0	0.0	20.0	42.0	162.0	0.0	0.0	0.0	0.0	0.0	0.0	145.0	0.0	128.0	2.0	0.0	4.0	0.0	0.0	0.0	0.0	0.0	29.0	39.0	0.0	12.0	0.0	0.0	0.0	157.0	0.0	0.0	8.0	0.0	0.0	0.0	92.0	0.0	0.0	0.0	0.0	0.0	0.0	0.0	4138.0	0.0	0.0	0.0	0.0	0.0	0.0	0.0	0.0	0.0	0.0	0.0	0.0	0.0	0.0	0.0	0.0	6.0	0.0	0.0	0.0	0.0	0.0	0.0	0.0	9.0	8.0	12.0	1503.0	0.0	14.0	0.0	0.0	0.0	0.0	0.0	0.0	41.0	0.0	0.0	0.0	0.0	0.0	0.0	0.0	56.0	0.0	174.0	0.0	106.0	0.0	0.0	0.0	0.0	55.0	0.0	0.0	0.0	0.0	12.0	0.0	72.0	0.0	0.0	0.0	0.0	0.0	0.0	5.0	0.0	0.0	0.0	0.0	0.0	0.0	0.0	0.0	0.0	0.0	0.0	0.0	0.0	0.0	0.0	0.0	14.0	0.0	7.0	6.0	0.0	0.0	0.0	0.0	0.0	0.0	0.0	0.0	2.0	0.0	0.0	0.0	2.0	0.0	0.0	0.0	0.0	0.0	0.0	0.0	0.0	4.0	0.0	0.0	0.0	0.0	0.0	0.0	23.0	280.0	0.0	0.0	0.0	0.0	0.0	0.0	0.0	0.0	0.0	0.0	0.0	0.0	0.0	0.0	0.0	0.0	0.0	0.0	0.0	0.0	0.0	0.0	0.0	0.0	0.0	0.0	0.0	0.0	0.0	0.0	0.0	0.0	0.0	0.0	0.0	0.0	0.0	0.0	0.0	0.0	0.0	0.0	0.0	0.0	0.0	0.0	0.0	0.0	0.0	0.0	0.0	0.0	0.0	0.0	0.0	0.0	0.0	0.0	0.0	0.0	0.0	0.0	0.0	0.0	0.0	0.0	0.0	0.0	0.0	0.0	0.0	0.0	0.0	0.0	0.0	0.0	0.0	0.0	0.0	0.0	0.0	0.0	0.0	0.0	0.0	0.0	0.0	0.0	0.0	0.0	0.0	0.0	0.0	0.0	0.0	0.0	0.0	0.0	0.0	0.0	0.0	0.0	0.0	0.0	0.0	0.0
SRR9612693	0.0	412.0	1706.0	0.0	24.0	3557.0	110.0	21.0	3566.0	162.0	0.0	38.0	352.0	253.0	13.0	486.0	44.0	40.0	185.0	634.0	254.0	0.0	86.0	541.0	3798.0	3.0	6.0	3.0	10.0	30.0	14.0	50.0	21.0	0.0	3.0	14.0	18.0	108.0	435.0	30.0	187.0	489.0	6.0	60.0	16.0	0.0	0.0	0.0	0.0	0.0	13.0	5.0	0.0	0.0	0.0	0.0	245.0	78.0	15.0	294.0	99.0	306.0	517.0	6.0	0.0	0.0	0.0	0.0	190.0	4.0	306.0	887.0	153.0	22.0	134.0	48.0	108.0	0.0	12.0	48.0	11.0	178.0	376.0	9.0	25.0	15.0	180.0	0.0	0.0	116.0	6.0	0.0	0.0	309.0	49.0	8.0	0.0	14.0	253.0	0.0	0.0	274.0	78.0	0.0	0.0	200.0	0.0	0.0	0.0	0.0	106.0	0.0	4.0	44.0	0.0	0.0	0.0	0.0	104.0	13.0	17.0	0.0	0.0	0.0	102.0	1474.0	17.0	274.0	422.0	68.0	0.0	57.0	0.0	11.0	8.0	19.0	8.0	0.0	0.0	0.0	0.0	34.0	0.0	0.0	10.0	11.0	611.0	12.0	92.0	0.0	68.0	59.0	0.0	0.0	4.0	80.0	17.0	161.0	32.0	0.0	226.0	0.0	12.0	25.0	4.0	0.0	0.0	0.0	12.0	92.0	11.0	0.0	0.0	80.0	0.0	11.0	0.0	8.0	0.0	0.0	4.0	0.0	0.0	15.0	0.0	4.0	331.0	0.0	40.0	2.0	26.0	0.0	0.0	0.0	0.0	0.0	0.0	0.0	10.0	6.0	0.0	0.0	0.0	0.0	31.0	40.0	4.0	3.0	0.0	0.0	6.0	0.0	0.0	0.0	12.0	12.0	16.0	0.0	61.0	0.0	0.0	0.0	0.0	0.0	0.0	4.0	0.0	0.0	57.0	0.0	0.0	0.0	20.0	0.0	0.0	0.0	0.0	0.0	0.0	0.0	0.0	0.0	0.0	0.0	0.0	0.0	0.0	0.0	0.0	0.0	0.0	0.0	0.0	0.0	0.0	0.0	33.0	4.0	0.0	0.0	0.0	0.0	0.0	0.0	0.0	0.0	0.0	0.0	0.0	0.0	0.0	0.0	0.0	0.0	0.0	0.0	0.0	0.0	0.0	0.0	0.0	0.0	0.0	0.0	0.0	0.0	0.0	0.0	0.0	0.0	0.0	0.0	0.0	0.0	42.0	0.0	0.0	0.0	0.0	0.0	0.0	0.0	0.0	0.0	0.0	0.0	0.0	0.0	0.0	0.0	0.0	0.0	0.0	0.0	0.0	0.0	0.0	0.0	0.0	0.0	0.0	0.0	0.0	0.0	0.0	0.0
SRR9612694	0.0	236.0	10.0	0.0	277.0	17.0	0.0	0.0	2419.0	276.0	0.0	0.0	917.0	153.0	0.0	821.0	0.0	0.0	8.0	5534.0	0.0	0.0	0.0	23.0	148.0	0.0	0.0	661.0	9.0	18.0	0.0	44.0	0.0	59.0	0.0	0.0	0.0	131.0	15.0	0.0	15.0	26.0	0.0	8.0	3.0	0.0	0.0	0.0	0.0	0.0	0.0	0.0	0.0	0.0	0.0	0.0	3.0	0.0	0.0	0.0	0.0	44.0	0.0	0.0	0.0	0.0	243.0	0.0	273.0	3.0	222.0	8.0	0.0	0.0	113.0	0.0	0.0	0.0	53.0	7.0	325.0	0.0	52.0	0.0	0.0	0.0	809.0	0.0	0.0	0.0	0.0	0.0	0.0	0.0	0.0	0.0	0.0	0.0	82.0	0.0	0.0	124.0	15.0	0.0	0.0	10.0	0.0	0.0	0.0	0.0	0.0	0.0	0.0	0.0	0.0	19.0	4.0	0.0	0.0	0.0	0.0	0.0	0.0	0.0	21.0	0.0	0.0	11.0	0.0	269.0	0.0	0.0	0.0	0.0	0.0	0.0	0.0	0.0	0.0	0.0	0.0	0.0	0.0	0.0	0.0	0.0	0.0	8.0	0.0	0.0	28.0	0.0	0.0	0.0	0.0	8.0	0.0	0.0	0.0	0.0	0.0	0.0	152.0	0.0	0.0	0.0	0.0	0.0	0.0	0.0	0.0	0.0	0.0	9.0	0.0	0.0	0.0	0.0	0.0	0.0	0.0	0.0	0.0	0.0	0.0	0.0	0.0	0.0	0.0	0.0	0.0	0.0	0.0	0.0	0.0	0.0	6.0	0.0	0.0	0.0	0.0	0.0	0.0	0.0	0.0	0.0	0.0	0.0	0.0	0.0	0.0	0.0	5.0	0.0	0.0	0.0	0.0	0.0	0.0	0.0	0.0	0.0	0.0	0.0	0.0	0.0	0.0	0.0	0.0	0.0	0.0	0.0	0.0	0.0	0.0	0.0	0.0	0.0	0.0	0.0	0.0	0.0	0.0	0.0	0.0	0.0	0.0	0.0	0.0	0.0	0.0	0.0	0.0	0.0	0.0	0.0	0.0	0.0	0.0	0.0	0.0	0.0	0.0	0.0	0.0	0.0	0.0	0.0	0.0	0.0	0.0	0.0	0.0	0.0	0.0	0.0	0.0	0.0	0.0	0.0	0.0	0.0	0.0	0.0	0.0	0.0	0.0	0.0	0.0	0.0	0.0	0.0	0.0	0.0	0.0	0.0	0.0	0.0	0.0	0.0	0.0	0.0	0.0	0.0	0.0	0.0	0.0	0.0	0.0	0.0	0.0	0.0	0.0	0.0	0.0	0.0	0.0	0.0	0.0	0.0	0.0	0.0	0.0	0.0	0.0	0.0
SRR9612697	0.0	124.0	857.0	0.0	0.0	1885.0	87.0	0.0	6370.0	83.0	0.0	9.0	189.0	122.0	10.0	235.0	2.0	23.0	150.0	350.0	150.0	0.0	53.0	186.0	1316.0	13.0	0.0	0.0	0.0	13.0	11.0	97.0	0.0	0.0	0.0	10.0	0.0	42.0	78.0	0.0	44.0	360.0	0.0	0.0	16.0	0.0	3.0	0.0	29.0	0.0	15.0	5.0	0.0	0.0	0.0	0.0	61.0	123.0	0.0	175.0	110.0	152.0	133.0	0.0	0.0	0.0	9.0	24.0	119.0	0.0	135.0	368.0	34.0	28.0	26.0	11.0	48.0	0.0	9.0	18.0	0.0	92.0	235.0	0.0	3.0	5.0	138.0	0.0	0.0	81.0	4.0	0.0	0.0	70.0	27.0	10.0	0.0	12.0	104.0	0.0	0.0	32.0	32.0	0.0	3.0	121.0	0.0	0.0	0.0	0.0	30.0	0.0	0.0	29.0	10.0	0.0	0.0	0.0	27.0	11.0	19.0	0.0	0.0	0.0	66.0	334.0	3.0	82.0	190.0	67.0	0.0	31.0	0.0	0.0	0.0	0.0	4.0	0.0	0.0	0.0	0.0	0.0	0.0	5.0	4.0	11.0	280.0	20.0	36.0	0.0	0.0	57.0	0.0	0.0	0.0	45.0	0.0	64.0	11.0	0.0	111.0	0.0	0.0	4.0	2.0	0.0	0.0	0.0	7.0	7.0	18.0	0.0	14.0	65.0	0.0	0.0	0.0	0.0	0.0	0.0	0.0	0.0	0.0	0.0	0.0	0.0	106.0	4.0	16.0	0.0	10.0	0.0	0.0	0.0	3.0	0.0	0.0	0.0	0.0	0.0	0.0	0.0	0.0	0.0	9.0	14.0	0.0	0.0	0.0	0.0	9.0	0.0	0.0	0.0	0.0	0.0	65.0	5.0	87.0	0.0	0.0	0.0	0.0	0.0	0.0	16.0	0.0	0.0	23.0	0.0	0.0	0.0	24.0	21.0	0.0	0.0	0.0	0.0	0.0	0.0	0.0	0.0	0.0	0.0	0.0	0.0	0.0	0.0	0.0	0.0	0.0	0.0	0.0	0.0	0.0	0.0	3.0	3.0	0.0	0.0	0.0	0.0	0.0	0.0	0.0	0.0	0.0	0.0	0.0	0.0	0.0	0.0	0.0	0.0	0.0	0.0	0.0	0.0	0.0	0.0	0.0	0.0	0.0	0.0	0.0	0.0	0.0	0.0	0.0	0.0	0.0	0.0	0.0	0.0	16.0	0.0	0.0	0.0	0.0	0.0	0.0	0.0	0.0	0.0	0.0	0.0	0.0	0.0	0.0	0.0	0.0	0.0	0.0	0.0	0.0	0.0	0.0	0.0	0.0	0.0	0.0	0.0	0.0	0.0	0.0	0.0
SRR9612698	0.0	377.0	2376.0	0.0	6.0	4475.0	163.0	0.0	2308.0	148.0	0.0	14.0	302.0	181.0	0.0	365.0	44.0	25.0	79.0	632.0	174.0	0.0	32.0	251.0	2372.0	0.0	0.0	0.0	8.0	31.0	4.0	32.0	3.0	0.0	9.0	0.0	4.0	83.0	0.0	27.0	97.0	310.0	0.0	0.0	11.0	0.0	0.0	0.0	3.0	0.0	14.0	5.0	0.0	3.0	0.0	0.0	123.0	77.0	0.0	167.0	9.0	85.0	402.0	0.0	0.0	0.0	6.0	26.0	60.0	0.0	139.0	575.0	85.0	20.0	69.0	21.0	127.0	0.0	0.0	22.0	0.0	120.0	390.0	6.0	18.0	9.0	211.0	4.0	0.0	172.0	11.0	0.0	0.0	154.0	54.0	17.0	0.0	0.0	141.0	0.0	0.0	88.0	48.0	0.0	0.0	225.0	0.0	0.0	0.0	0.0	42.0	0.0	4.0	23.0	0.0	3.0	0.0	0.0	47.0	6.0	22.0	4.0	0.0	0.0	118.0	635.0	8.0	214.0	201.0	14.0	0.0	37.0	0.0	0.0	2.0	0.0	0.0	0.0	0.0	0.0	0.0	0.0	0.0	0.0	0.0	0.0	428.0	16.0	73.0	0.0	143.0	42.0	0.0	0.0	0.0	67.0	20.0	109.0	19.0	0.0	233.0	0.0	37.0	0.0	0.0	0.0	0.0	5.0	0.0	41.0	25.0	0.0	0.0	77.0	0.0	0.0	0.0	2.0	0.0	0.0	8.0	0.0	0.0	0.0	0.0	0.0	214.0	0.0	32.0	0.0	15.0	0.0	0.0	0.0	0.0	0.0	4.0	0.0	0.0	3.0	4.0	0.0	11.0	0.0	6.0	19.0	20.0	0.0	0.0	0.0	12.0	0.0	0.0	0.0	0.0	0.0	90.0	0.0	79.0	0.0	0.0	0.0	0.0	0.0	0.0	8.0	5.0	0.0	36.0	0.0	0.0	0.0	35.0	0.0	0.0	0.0	0.0	0.0	0.0	0.0	0.0	0.0	0.0	0.0	0.0	0.0	0.0	0.0	0.0	0.0	0.0	0.0	0.0	0.0	0.0	0.0	20.0	0.0	0.0	0.0	0.0	0.0	0.0	0.0	0.0	0.0	0.0	0.0	0.0	0.0	0.0	0.0	0.0	0.0	0.0	0.0	0.0	0.0	0.0	0.0	0.0	0.0	0.0	0.0	0.0	0.0	3.0	0.0	0.0	0.0	0.0	0.0	0.0	0.0	35.0	0.0	0.0	0.0	0.0	0.0	0.0	0.0	0.0	0.0	0.0	0.0	0.0	0.0	0.0	0.0	0.0	0.0	0.0	0.0	0.0	0.0	0.0	0.0	0.0	0.0	0.0	0.0	0.0	0.0	0.0	0.0
SRR9612699	0.0	156.0	1332.0	3.0	4.0	2315.0	130.0	9.0	1999.0	57.0	0.0	4.0	204.0	92.0	6.0	249.0	26.0	32.0	54.0	616.0	330.0	0.0	39.0	230.0	1797.0	0.0	0.0	22.0	5.0	20.0	0.0	8.0	8.0	0.0	0.0	0.0	4.0	108.0	36.0	8.0	65.0	300.0	0.0	756.0	5.0	0.0	3.0	0.0	46.0	0.0	11.0	0.0	0.0	0.0	9.0	3.0	117.0	23.0	0.0	89.0	12.0	250.0	298.0	0.0	0.0	0.0	7.0	28.0	96.0	6.0	89.0	572.0	35.0	9.0	75.0	14.0	51.0	0.0	13.0	377.0	5.0	77.0	448.0	0.0	12.0	6.0	109.0	0.0	0.0	97.0	13.0	0.0	0.0	120.0	17.0	10.0	0.0	35.0	221.0	0.0	0.0	62.0	32.0	0.0	0.0	147.0	0.0	0.0	0.0	0.0	60.0	0.0	0.0	22.0	8.0	0.0	0.0	0.0	87.0	8.0	0.0	0.0	13.0	0.0	124.0	468.0	7.0	140.0	213.0	17.0	0.0	38.0	0.0	0.0	0.0	0.0	0.0	0.0	0.0	0.0	0.0	0.0	0.0	0.0	0.0	24.0	394.0	31.0	31.0	0.0	64.0	39.0	0.0	0.0	0.0	29.0	35.0	68.0	12.0	0.0	113.0	0.0	22.0	0.0	5.0	0.0	3.0	0.0	7.0	11.0	8.0	0.0	11.0	83.0	13.0	0.0	0.0	8.0	0.0	0.0	7.0	0.0	0.0	20.0	0.0	0.0	168.0	0.0	47.0	0.0	7.0	0.0	0.0	0.0	10.0	0.0	0.0	0.0	0.0	0.0	0.0	0.0	10.0	0.0	0.0	8.0	0.0	9.0	0.0	0.0	16.0	0.0	0.0	0.0	0.0	0.0	40.0	0.0	54.0	0.0	0.0	0.0	0.0	0.0	0.0	7.0	8.0	0.0	38.0	0.0	0.0	0.0	16.0	0.0	0.0	0.0	0.0	0.0	0.0	0.0	0.0	0.0	0.0	8.0	0.0	0.0	0.0	0.0	0.0	0.0	0.0	0.0	0.0	0.0	0.0	0.0	12.0	0.0	0.0	0.0	3.0	0.0	0.0	0.0	0.0	0.0	0.0	0.0	0.0	0.0	0.0	0.0	0.0	0.0	0.0	0.0	0.0	0.0	0.0	0.0	0.0	0.0	0.0	0.0	0.0	0.0	0.0	0.0	0.0	0.0	0.0	0.0	0.0	0.0	23.0	0.0	0.0	0.0	0.0	0.0	0.0	0.0	0.0	0.0	0.0	0.0	0.0	0.0	0.0	0.0	0.0	0.0	0.0	0.0	0.0	0.0	0.0	0.0	0.0	0.0	0.0	0.0	0.0	0.0	0.0	0.0
SRR9612700	0.0	298.0	1563.0	3.0	0.0	3085.0	109.0	0.0	1558.0	104.0	0.0	0.0	369.0	95.0	13.0	367.0	52.0	32.0	42.0	755.0	113.0	0.0	47.0	197.0	1830.0	0.0	1.0	0.0	12.0	49.0	0.0	11.0	0.0	0.0	22.0	3.0	0.0	120.0	4.0	26.0	113.0	127.0	0.0	0.0	3.0	0.0	6.0	2.0	0.0	0.0	15.0	4.0	0.0	0.0	0.0	0.0	60.0	66.0	0.0	110.0	0.0	48.0	277.0	0.0	0.0	0.0	9.0	11.0	62.0	4.0	143.0	687.0	47.0	0.0	56.0	27.0	35.0	0.0	4.0	2.0	0.0	57.0	347.0	0.0	24.0	9.0	149.0	5.0	0.0	170.0	10.0	0.0	0.0	110.0	31.0	6.0	0.0	3.0	163.0	0.0	0.0	63.0	28.0	0.0	0.0	199.0	0.0	0.0	0.0	0.0	56.0	0.0	2.0	13.0	18.0	0.0	0.0	0.0	0.0	0.0	9.0	0.0	0.0	0.0	155.0	622.0	4.0	164.0	347.0	29.0	0.0	12.0	0.0	0.0	0.0	0.0	0.0	0.0	21.0	0.0	0.0	0.0	0.0	0.0	5.0	6.0	337.0	3.0	103.0	0.0	76.0	28.0	0.0	3.0	0.0	35.0	23.0	76.0	21.0	0.0	139.0	0.0	0.0	0.0	0.0	0.0	0.0	0.0	24.0	28.0	10.0	0.0	0.0	72.0	0.0	0.0	0.0	0.0	0.0	0.0	18.0	0.0	0.0	10.0	0.0	2.0	240.0	0.0	36.0	0.0	0.0	2.0	0.0	0.0	0.0	0.0	0.0	0.0	0.0	5.0	3.0	0.0	9.0	0.0	3.0	8.0	11.0	0.0	0.0	0.0	17.0	0.0	0.0	0.0	0.0	0.0	0.0	0.0	30.0	0.0	0.0	0.0	0.0	0.0	0.0	2.0	0.0	0.0	29.0	0.0	0.0	0.0	28.0	9.0	0.0	0.0	0.0	0.0	0.0	0.0	0.0	0.0	0.0	0.0	0.0	0.0	0.0	0.0	0.0	0.0	0.0	0.0	0.0	0.0	0.0	0.0	11.0	0.0	0.0	0.0	0.0	0.0	0.0	0.0	0.0	0.0	0.0	0.0	0.0	0.0	0.0	0.0	0.0	0.0	0.0	0.0	0.0	0.0	0.0	0.0	0.0	0.0	0.0	0.0	0.0	0.0	0.0	0.0	0.0	0.0	0.0	0.0	0.0	0.0	14.0	0.0	0.0	0.0	0.0	0.0	0.0	0.0	0.0	0.0	0.0	0.0	0.0	0.0	0.0	0.0	0.0	0.0	0.0	0.0	0.0	0.0	0.0	0.0	0.0	0.0	0.0	0.0	0.0	0.0	0.0	0.0
SRR9612701	0.0	359.0	1896.0	0.0	12.0	3382.0	107.0	13.0	3382.0	161.0	0.0	3.0	291.0	188.0	0.0	459.0	57.0	10.0	71.0	474.0	323.0	0.0	40.0	296.0	1588.0	0.0	9.0	0.0	8.0	28.0	0.0	36.0	16.0	2.0	15.0	0.0	6.0	142.0	27.0	8.0	133.0	235.0	5.0	7.0	23.0	0.0	2.0	0.0	0.0	0.0	26.0	0.0	0.0	0.0	0.0	0.0	90.0	77.0	0.0	141.0	10.0	81.0	229.0	0.0	0.0	0.0	18.0	32.0	210.0	5.0	265.0	684.0	41.0	17.0	65.0	39.0	101.0	0.0	0.0	7.0	0.0	103.0	232.0	9.0	22.0	14.0	138.0	0.0	0.0	197.0	21.0	0.0	0.0	143.0	32.0	0.0	0.0	0.0	197.0	0.0	0.0	133.0	32.0	0.0	0.0	214.0	0.0	0.0	0.0	0.0	48.0	0.0	2.0	0.0	41.0	9.0	0.0	0.0	15.0	9.0	20.0	0.0	0.0	0.0	152.0	498.0	14.0	166.0	333.0	51.0	0.0	62.0	0.0	0.0	0.0	0.0	0.0	0.0	0.0	0.0	0.0	0.0	0.0	0.0	6.0	14.0	513.0	0.0	91.0	0.0	111.0	43.0	0.0	0.0	4.0	23.0	12.0	74.0	2.0	0.0	163.0	0.0	17.0	0.0	0.0	0.0	0.0	3.0	0.0	76.0	21.0	0.0	0.0	89.0	14.0	0.0	0.0	0.0	0.0	0.0	4.0	0.0	0.0	0.0	4.0	0.0	318.0	28.0	58.0	0.0	8.0	0.0	0.0	0.0	0.0	0.0	4.0	0.0	0.0	0.0	4.0	3.0	14.0	0.0	0.0	11.0	8.0	0.0	0.0	0.0	14.0	0.0	0.0	0.0	0.0	0.0	0.0	0.0	54.0	0.0	0.0	0.0	0.0	0.0	0.0	0.0	0.0	0.0	6.0	0.0	0.0	0.0	12.0	0.0	0.0	0.0	0.0	0.0	0.0	0.0	0.0	0.0	0.0	0.0	0.0	0.0	0.0	0.0	0.0	0.0	0.0	0.0	0.0	0.0	0.0	0.0	20.0	0.0	0.0	0.0	0.0	0.0	0.0	0.0	0.0	0.0	0.0	0.0	0.0	0.0	0.0	0.0	0.0	0.0	0.0	0.0	0.0	0.0	0.0	0.0	0.0	0.0	0.0	0.0	0.0	0.0	0.0	0.0	0.0	0.0	0.0	0.0	0.0	0.0	36.0	0.0	0.0	0.0	0.0	0.0	0.0	0.0	0.0	0.0	0.0	0.0	0.0	0.0	0.0	0.0	0.0	0.0	0.0	0.0	0.0	0.0	0.0	0.0	0.0	0.0	0.0	0.0	0.0	0.0	0.0	0.0
SRR9612702	0.0	219.0	2229.0	5.0	0.0	3710.0	183.0	0.0	2630.0	188.0	0.0	3.0	405.0	100.0	0.0	449.0	50.0	55.0	150.0	939.0	156.0	0.0	39.0	308.0	3536.0	4.0	0.0	19.0	16.0	21.0	10.0	90.0	0.0	2.0	10.0	0.0	0.0	211.0	0.0	35.0	76.0	319.0	0.0	25.0	6.0	0.0	6.0	0.0	5.0	22.0	18.0	5.0	0.0	0.0	0.0	0.0	215.0	51.0	13.0	177.0	13.0	90.0	541.0	3.0	0.0	0.0	19.0	12.0	164.0	12.0	93.0	984.0	46.0	11.0	154.0	14.0	94.0	0.0	9.0	23.0	10.0	147.0	523.0	0.0	19.0	8.0	144.0	4.0	0.0	100.0	26.0	0.0	0.0	118.0	27.0	9.0	0.0	0.0	301.0	0.0	0.0	63.0	56.0	0.0	0.0	284.0	0.0	0.0	0.0	0.0	74.0	0.0	5.0	9.0	8.0	0.0	0.0	0.0	60.0	0.0	4.0	0.0	0.0	0.0	212.0	825.0	0.0	239.0	280.0	20.0	0.0	37.0	0.0	0.0	0.0	0.0	5.0	0.0	0.0	0.0	0.0	0.0	0.0	0.0	4.0	0.0	491.0	0.0	26.0	0.0	58.0	74.0	0.0	0.0	3.0	38.0	27.0	152.0	33.0	0.0	212.0	0.0	0.0	0.0	4.0	0.0	0.0	3.0	0.0	10.0	28.0	0.0	0.0	159.0	26.0	0.0	0.0	10.0	0.0	0.0	27.0	0.0	0.0	21.0	0.0	0.0	194.0	0.0	56.0	0.0	11.0	0.0	0.0	0.0	0.0	0.0	0.0	0.0	0.0	0.0	5.0	3.0	8.0	0.0	0.0	12.0	15.0	0.0	0.0	0.0	23.0	0.0	0.0	0.0	0.0	0.0	88.0	0.0	85.0	0.0	0.0	0.0	0.0	0.0	0.0	14.0	3.0	0.0	62.0	0.0	0.0	0.0	35.0	15.0	0.0	0.0	0.0	0.0	0.0	0.0	0.0	0.0	0.0	0.0	0.0	0.0	0.0	0.0	0.0	0.0	0.0	0.0	0.0	0.0	0.0	0.0	15.0	0.0	0.0	0.0	0.0	0.0	0.0	0.0	0.0	0.0	0.0	0.0	0.0	0.0	0.0	0.0	0.0	0.0	0.0	0.0	0.0	0.0	0.0	0.0	6.0	0.0	0.0	0.0	0.0	0.0	0.0	0.0	0.0	0.0	0.0	0.0	0.0	0.0	26.0	0.0	0.0	0.0	0.0	0.0	0.0	0.0	0.0	0.0	0.0	0.0	0.0	0.0	0.0	0.0	0.0	0.0	0.0	0.0	0.0	0.0	0.0	0.0	0.0	0.0	0.0	0.0	0.0	0.0	0.0	0.0
SRR9612703	0.0	240.0	1881.0	0.0	0.0	3128.0	101.0	8.0	2393.0	134.0	0.0	6.0	283.0	110.0	12.0	387.0	31.0	26.0	64.0	489.0	160.0	0.0	67.0	250.0	2140.0	0.0	11.0	16.0	12.0	34.0	0.0	8.0	0.0	0.0	12.0	0.0	0.0	133.0	18.0	23.0	84.0	216.0	0.0	48.0	26.0	0.0	2.0	5.0	8.0	0.0	12.0	5.0	0.0	0.0	0.0	0.0	122.0	82.0	0.0	167.0	10.0	127.0	251.0	0.0	0.0	0.0	11.0	11.0	169.0	0.0	237.0	560.0	41.0	15.0	50.0	12.0	105.0	0.0	3.0	12.0	8.0	76.0	392.0	5.0	31.0	9.0	149.0	7.0	0.0	121.0	10.0	0.0	0.0	123.0	53.0	15.0	0.0	8.0	213.0	0.0	0.0	161.0	47.0	0.0	0.0	197.0	0.0	0.0	0.0	0.0	27.0	0.0	0.0	7.0	4.0	0.0	0.0	0.0	19.0	7.0	21.0	0.0	0.0	0.0	123.0	558.0	0.0	160.0	273.0	80.0	0.0	36.0	0.0	3.0	0.0	0.0	0.0	0.0	0.0	0.0	0.0	0.0	0.0	0.0	7.0	0.0	565.0	17.0	49.0	0.0	88.0	40.0	0.0	0.0	0.0	46.0	7.0	71.0	10.0	0.0	130.0	0.0	22.0	0.0	2.0	0.0	0.0	0.0	0.0	33.0	18.0	0.0	0.0	40.0	0.0	0.0	0.0	0.0	0.0	0.0	7.0	0.0	0.0	19.0	0.0	0.0	210.0	0.0	45.0	0.0	12.0	0.0	0.0	0.0	0.0	0.0	0.0	0.0	8.0	0.0	0.0	0.0	8.0	0.0	4.0	19.0	0.0	0.0	0.0	0.0	16.0	0.0	4.0	0.0	0.0	0.0	53.0	0.0	44.0	0.0	0.0	0.0	0.0	0.0	0.0	5.0	3.0	0.0	23.0	0.0	0.0	0.0	16.0	5.0	0.0	0.0	0.0	0.0	0.0	0.0	0.0	0.0	0.0	0.0	0.0	0.0	0.0	0.0	5.0	0.0	0.0	0.0	0.0	0.0	0.0	0.0	12.0	0.0	0.0	0.0	0.0	0.0	6.0	0.0	0.0	0.0	0.0	0.0	0.0	0.0	0.0	0.0	0.0	0.0	0.0	0.0	0.0	0.0	0.0	0.0	0.0	3.0	0.0	0.0	0.0	0.0	0.0	0.0	0.0	0.0	0.0	0.0	0.0	0.0	41.0	0.0	0.0	0.0	0.0	0.0	0.0	0.0	0.0	0.0	0.0	0.0	0.0	0.0	0.0	0.0	0.0	0.0	0.0	0.0	0.0	0.0	0.0	0.0	0.0	0.0	0.0	0.0	0.0	0.0	0.0	0.0
SRR9612704	0.0	450.0	2041.0	0.0	0.0	5117.0	162.0	0.0	3481.0	148.0	0.0	25.0	340.0	185.0	7.0	394.0	45.0	17.0	80.0	1079.0	422.0	0.0	63.0	459.0	2541.0	0.0	0.0	7.0	17.0	36.0	11.0	178.0	0.0	3.0	12.0	6.0	0.0	154.0	42.0	0.0	160.0	388.0	19.0	298.0	24.0	0.0	5.0	6.0	34.0	0.0	0.0	3.0	0.0	0.0	0.0	0.0	189.0	110.0	12.0	256.0	26.0	135.0	439.0	0.0	0.0	0.0	20.0	59.0	108.0	8.0	274.0	916.0	67.0	40.0	100.0	32.0	69.0	0.0	0.0	257.0	11.0	169.0	679.0	0.0	15.0	10.0	228.0	12.0	0.0	217.0	11.0	0.0	0.0	231.0	38.0	13.0	0.0	17.0	211.0	0.0	0.0	93.0	87.0	0.0	0.0	242.0	0.0	0.0	0.0	0.0	78.0	3.0	0.0	42.0	19.0	2.0	0.0	0.0	85.0	27.0	22.0	0.0	0.0	0.0	215.0	696.0	8.0	228.0	221.0	16.0	0.0	69.0	0.0	5.0	5.0	0.0	0.0	0.0	0.0	0.0	0.0	0.0	0.0	0.0	5.0	15.0	753.0	27.0	93.0	0.0	38.0	59.0	0.0	0.0	3.0	73.0	38.0	96.0	6.0	0.0	199.0	0.0	0.0	14.0	0.0	0.0	0.0	5.0	10.0	60.0	28.0	0.0	21.0	85.0	0.0	6.0	0.0	14.0	0.0	0.0	8.0	0.0	0.0	22.0	0.0	0.0	303.0	0.0	24.0	0.0	0.0	0.0	0.0	0.0	11.0	0.0	0.0	0.0	0.0	0.0	10.0	0.0	25.0	0.0	12.0	19.0	9.0	0.0	0.0	0.0	40.0	0.0	0.0	0.0	4.0	0.0	87.0	0.0	32.0	0.0	0.0	0.0	0.0	0.0	0.0	5.0	0.0	0.0	62.0	0.0	0.0	0.0	28.0	6.0	0.0	0.0	0.0	0.0	17.0	0.0	0.0	0.0	0.0	5.0	0.0	0.0	0.0	0.0	0.0	0.0	0.0	0.0	0.0	0.0	0.0	0.0	19.0	3.0	0.0	0.0	0.0	0.0	0.0	0.0	0.0	0.0	0.0	0.0	0.0	0.0	0.0	0.0	0.0	0.0	0.0	0.0	0.0	0.0	0.0	0.0	0.0	0.0	0.0	0.0	0.0	0.0	0.0	0.0	0.0	0.0	0.0	0.0	0.0	0.0	46.0	0.0	0.0	0.0	0.0	0.0	0.0	0.0	0.0	0.0	0.0	0.0	0.0	0.0	0.0	0.0	0.0	0.0	0.0	0.0	0.0	0.0	0.0	0.0	0.0	0.0	0.0	0.0	0.0	0.0	0.0	0.0
SRR9612708	0.0	207.0	1005.0	0.0	65.0	2151.0	102.0	24.0	1964.0	128.0	0.0	14.0	83.0	124.0	5.0	227.0	14.0	29.0	49.0	787.0	124.0	0.0	35.0	220.0	1896.0	0.0	0.0	73.0	0.0	28.0	0.0	111.0	0.0	4.0	22.0	4.0	19.0	197.0	4.0	14.0	76.0	229.0	21.0	55.0	10.0	0.0	4.0	0.0	12.0	0.0	28.0	5.0	0.0	0.0	0.0	0.0	86.0	13.0	0.0	108.0	24.0	100.0	246.0	0.0	0.0	0.0	42.0	0.0	60.0	12.0	134.0	681.0	0.0	25.0	106.0	11.0	46.0	4.0	14.0	20.0	0.0	46.0	500.0	9.0	23.0	0.0	89.0	5.0	0.0	104.0	11.0	0.0	0.0	48.0	37.0	12.0	0.0	1.0	188.0	4.0	0.0	60.0	54.0	0.0	0.0	175.0	0.0	7.0	0.0	0.0	46.0	0.0	8.0	36.0	0.0	9.0	7.0	7.0	34.0	17.0	0.0	0.0	0.0	0.0	149.0	190.0	0.0	146.0	255.0	34.0	15.0	61.0	0.0	12.0	0.0	0.0	0.0	0.0	0.0	0.0	0.0	0.0	0.0	2.0	0.0	3.0	279.0	8.0	116.0	0.0	38.0	26.0	0.0	0.0	0.0	70.0	57.0	40.0	14.0	0.0	115.0	0.0	15.0	14.0	18.0	0.0	0.0	0.0	12.0	16.0	19.0	0.0	23.0	82.0	10.0	5.0	0.0	0.0	0.0	9.0	12.0	0.0	0.0	18.0	9.0	0.0	159.0	0.0	26.0	0.0	11.0	0.0	0.0	0.0	0.0	0.0	0.0	0.0	0.0	0.0	14.0	0.0	11.0	0.0	0.0	0.0	5.0	0.0	0.0	0.0	12.0	0.0	0.0	0.0	0.0	30.0	0.0	0.0	36.0	0.0	0.0	0.0	0.0	0.0	0.0	5.0	0.0	5.0	49.0	0.0	0.0	0.0	0.0	0.0	0.0	0.0	0.0	0.0	0.0	0.0	0.0	0.0	0.0	0.0	0.0	0.0	0.0	0.0	0.0	0.0	0.0	0.0	0.0	0.0	0.0	7.0	27.0	4.0	0.0	0.0	0.0	0.0	0.0	0.0	0.0	0.0	0.0	0.0	0.0	0.0	0.0	0.0	0.0	0.0	0.0	0.0	0.0	0.0	0.0	0.0	0.0	0.0	0.0	0.0	0.0	0.0	0.0	0.0	0.0	0.0	0.0	0.0	0.0	0.0	56.0	0.0	0.0	0.0	0.0	0.0	0.0	0.0	0.0	0.0	0.0	0.0	0.0	0.0	0.0	0.0	0.0	0.0	0.0	0.0	0.0	0.0	0.0	0.0	0.0	0.0	0.0	0.0	0.0	0.0	0.0	0.0
SRR9612709	0.0	104.0	310.0	5.0	32.0	1601.0	100.0	7.0	1497.0	56.0	0.0	4.0	100.0	77.0	2.0	141.0	14.0	11.0	34.0	1010.0	88.0	0.0	12.0	165.0	977.0	0.0	0.0	97.0	0.0	0.0	0.0	66.0	4.0	0.0	14.0	0.0	51.0	145.0	7.0	22.0	42.0	134.0	8.0	115.0	30.0	8.0	0.0	0.0	84.0	0.0	6.0	0.0	0.0	4.0	31.0	0.0	110.0	29.0	11.0	52.0	13.0	47.0	149.0	0.0	6.0	9.0	27.0	20.0	115.0	20.0	79.0	647.0	6.0	0.0	60.0	10.0	24.0	0.0	16.0	0.0	0.0	33.0	532.0	11.0	22.0	0.0	69.0	0.0	0.0	85.0	11.0	0.0	0.0	59.0	11.0	0.0	0.0	16.0	36.0	3.0	3.0	38.0	42.0	0.0	0.0	90.0	0.0	0.0	0.0	0.0	50.0	0.0	4.0	24.0	0.0	11.0	0.0	0.0	44.0	0.0	0.0	0.0	0.0	0.0	149.0	136.0	0.0	109.0	83.0	0.0	57.0	19.0	0.0	11.0	0.0	0.0	0.0	0.0	0.0	5.0	0.0	0.0	0.0	0.0	0.0	0.0	261.0	9.0	48.0	0.0	11.0	0.0	0.0	0.0	0.0	25.0	112.0	26.0	7.0	0.0	86.0	0.0	27.0	0.0	12.0	0.0	6.0	4.0	0.0	7.0	12.0	0.0	17.0	65.0	49.0	0.0	0.0	0.0	0.0	0.0	3.0	0.0	0.0	0.0	0.0	0.0	111.0	0.0	41.0	4.0	6.0	0.0	5.0	0.0	0.0	0.0	0.0	0.0	0.0	0.0	6.0	0.0	0.0	0.0	0.0	14.0	0.0	0.0	0.0	0.0	11.0	3.0	0.0	0.0	0.0	131.0	4.0	7.0	15.0	0.0	0.0	0.0	0.0	0.0	0.0	8.0	6.0	0.0	26.0	0.0	0.0	0.0	11.0	0.0	0.0	0.0	0.0	0.0	0.0	0.0	0.0	0.0	0.0	0.0	0.0	0.0	0.0	0.0	0.0	0.0	0.0	0.0	0.0	0.0	0.0	0.0	29.0	0.0	0.0	0.0	0.0	0.0	0.0	0.0	0.0	0.0	0.0	0.0	0.0	0.0	0.0	0.0	0.0	0.0	0.0	0.0	0.0	0.0	0.0	0.0	2.0	0.0	0.0	0.0	0.0	0.0	0.0	0.0	0.0	0.0	0.0	0.0	0.0	0.0	16.0	0.0	0.0	0.0	0.0	0.0	0.0	0.0	0.0	0.0	0.0	0.0	0.0	0.0	0.0	0.0	0.0	0.0	0.0	0.0	0.0	0.0	0.0	0.0	0.0	0.0	0.0	0.0	0.0	0.0	0.0	0.0
SRR9612710	0.0	78.0	572.0	0.0	52.0	1492.0	75.0	8.0	1913.0	65.0	0.0	5.0	89.0	73.0	0.0	205.0	10.0	17.0	50.0	832.0	65.0	0.0	9.0	103.0	1247.0	0.0	0.0	171.0	0.0	32.0	0.0	80.0	0.0	12.0	22.0	5.0	26.0	274.0	4.0	12.0	73.0	76.0	9.0	104.0	8.0	3.0	3.0	0.0	7.0	0.0	28.0	0.0	5.0	0.0	0.0	0.0	51.0	36.0	0.0	41.0	5.0	55.0	171.0	0.0	0.0	11.0	90.0	40.0	60.0	18.0	109.0	398.0	14.0	3.0	39.0	13.0	33.0	0.0	8.0	48.0	0.0	36.0	428.0	4.0	17.0	0.0	66.0	0.0	0.0	66.0	9.0	0.0	0.0	48.0	20.0	14.0	5.0	2.0	97.0	5.0	0.0	0.0	30.0	0.0	0.0	204.0	0.0	2.0	0.0	0.0	46.0	0.0	4.0	30.0	0.0	13.0	0.0	0.0	25.0	0.0	4.0	0.0	0.0	0.0	131.0	158.0	0.0	83.0	135.0	24.0	4.0	21.0	0.0	11.0	0.0	0.0	0.0	0.0	0.0	0.0	0.0	7.0	5.0	0.0	11.0	29.0	188.0	0.0	39.0	0.0	12.0	17.0	0.0	4.0	0.0	32.0	80.0	41.0	0.0	0.0	82.0	3.0	10.0	0.0	12.0	0.0	14.0	0.0	12.0	0.0	17.0	0.0	9.0	89.0	14.0	0.0	0.0	0.0	0.0	0.0	8.0	0.0	0.0	17.0	0.0	0.0	157.0	0.0	36.0	2.0	11.0	0.0	0.0	0.0	0.0	0.0	0.0	0.0	0.0	0.0	21.0	0.0	0.0	0.0	0.0	0.0	0.0	0.0	0.0	0.0	13.0	0.0	0.0	0.0	0.0	121.0	19.0	0.0	17.0	0.0	0.0	0.0	0.0	0.0	0.0	8.0	8.0	0.0	14.0	0.0	0.0	0.0	16.0	0.0	0.0	0.0	0.0	0.0	0.0	0.0	0.0	0.0	0.0	0.0	0.0	0.0	0.0	0.0	0.0	0.0	0.0	0.0	0.0	0.0	13.0	0.0	17.0	0.0	4.0	0.0	0.0	0.0	0.0	0.0	0.0	0.0	0.0	0.0	0.0	10.0	0.0	0.0	0.0	0.0	0.0	0.0	0.0	0.0	0.0	0.0	0.0	0.0	0.0	0.0	0.0	0.0	0.0	0.0	0.0	0.0	0.0	0.0	0.0	0.0	22.0	0.0	0.0	0.0	0.0	0.0	0.0	0.0	0.0	0.0	0.0	0.0	0.0	0.0	0.0	0.0	0.0	0.0	0.0	0.0	0.0	0.0	0.0	0.0	0.0	0.0	0.0	0.0	0.0	0.0	0.0	0.0
SRR9612711	0.0	313.0	2399.0	4.0	30.0	3242.0	133.0	7.0	3524.0	234.0	0.0	9.0	334.0	178.0	5.0	575.0	48.0	57.0	95.0	1183.0	138.0	0.0	38.0	618.0	3968.0	0.0	0.0	80.0	10.0	31.0	20.0	115.0	0.0	0.0	24.0	0.0	0.0	133.0	5.0	33.0	91.0	281.0	19.0	9.0	30.0	0.0	5.0	0.0	0.0	0.0	38.0	0.0	0.0	0.0	0.0	0.0	502.0	64.0	35.0	186.0	13.0	145.0	566.0	0.0	7.0	0.0	31.0	50.0	209.0	0.0	229.0	891.0	95.0	21.0	195.0	30.0	79.0	0.0	22.0	33.0	40.0	103.0	937.0	32.0	19.0	4.0	196.0	0.0	0.0	94.0	12.0	0.0	0.0	170.0	39.0	39.0	4.0	1.0	240.0	0.0	5.0	122.0	126.0	0.0	10.0	165.0	0.0	0.0	0.0	0.0	85.0	9.0	2.0	65.0	19.0	8.0	0.0	6.0	220.0	14.0	0.0	0.0	0.0	0.0	257.0	1153.0	12.0	192.0	361.0	39.0	0.0	112.0	8.0	25.0	3.0	0.0	0.0	0.0	0.0	0.0	0.0	18.0	0.0	0.0	4.0	23.0	579.0	12.0	66.0	0.0	97.0	112.0	0.0	0.0	3.0	150.0	94.0	152.0	26.0	0.0	152.0	0.0	22.0	13.0	7.0	0.0	0.0	0.0	0.0	31.0	9.0	0.0	0.0	133.0	45.0	0.0	0.0	0.0	0.0	0.0	6.0	0.0	0.0	26.0	0.0	0.0	214.0	0.0	35.0	5.0	12.0	0.0	0.0	0.0	0.0	0.0	48.0	0.0	0.0	0.0	22.0	3.0	47.0	0.0	9.0	43.0	0.0	0.0	0.0	0.0	31.0	0.0	0.0	0.0	6.0	0.0	105.0	0.0	61.0	0.0	0.0	0.0	0.0	0.0	0.0	7.0	0.0	2.0	90.0	0.0	0.0	0.0	25.0	0.0	0.0	0.0	0.0	0.0	0.0	0.0	0.0	0.0	5.0	0.0	0.0	0.0	0.0	0.0	0.0	0.0	0.0	0.0	0.0	0.0	0.0	0.0	45.0	5.0	0.0	0.0	0.0	0.0	0.0	0.0	0.0	0.0	0.0	0.0	0.0	0.0	0.0	0.0	0.0	0.0	0.0	0.0	0.0	0.0	0.0	0.0	0.0	0.0	0.0	0.0	0.0	0.0	0.0	0.0	0.0	0.0	0.0	0.0	0.0	0.0	28.0	0.0	0.0	0.0	0.0	0.0	0.0	0.0	0.0	0.0	0.0	0.0	0.0	0.0	0.0	0.0	0.0	0.0	0.0	0.0	0.0	0.0	0.0	0.0	0.0	0.0	0.0	0.0	0.0	0.0	0.0	0.0
SRR9612712	0.0	452.0	0.0	0.0	7.0	0.0	0.0	0.0	5379.0	424.0	0.0	8.0	1436.0	446.0	0.0	661.0	3.0	0.0	0.0	48.0	0.0	0.0	0.0	12.0	63.0	0.0	0.0	48.0	7.0	0.0	0.0	0.0	411.0	0.0	0.0	0.0	0.0	0.0	991.0	0.0	29.0	15.0	0.0	0.0	0.0	0.0	0.0	0.0	0.0	0.0	0.0	0.0	0.0	0.0	0.0	0.0	0.0	93.0	0.0	0.0	19.0	1073.0	0.0	0.0	0.0	0.0	0.0	0.0	68.0	0.0	803.0	0.0	0.0	0.0	6.0	0.0	0.0	0.0	26.0	0.0	58.0	6.0	12.0	0.0	2.0	0.0	255.0	0.0	0.0	0.0	0.0	0.0	0.0	78.0	0.0	0.0	0.0	8.0	17.0	0.0	0.0	3618.0	17.0	0.0	0.0	0.0	0.0	0.0	0.0	0.0	0.0	0.0	0.0	0.0	0.0	0.0	0.0	0.0	3.0	0.0	0.0	0.0	0.0	0.0	0.0	4.0	0.0	0.0	8.0	196.0	0.0	15.0	0.0	0.0	0.0	23.0	0.0	0.0	64.0	0.0	0.0	0.0	0.0	0.0	0.0	0.0	17.0	0.0	29.0	0.0	91.0	0.0	0.0	0.0	0.0	74.0	0.0	0.0	0.0	0.0	8.0	0.0	82.0	0.0	0.0	0.0	0.0	0.0	0.0	25.0	0.0	0.0	0.0	3.0	0.0	0.0	0.0	0.0	0.0	0.0	0.0	0.0	0.0	9.0	0.0	0.0	74.0	24.0	0.0	0.0	0.0	0.0	0.0	0.0	0.0	0.0	0.0	0.0	0.0	0.0	0.0	0.0	0.0	0.0	0.0	0.0	0.0	0.0	0.0	0.0	0.0	0.0	3.0	0.0	0.0	0.0	0.0	0.0	7.0	0.0	0.0	0.0	0.0	0.0	0.0	0.0	0.0	0.0	0.0	0.0	0.0	0.0	0.0	0.0	0.0	0.0	0.0	0.0	0.0	0.0	0.0	0.0	0.0	0.0	0.0	0.0	0.0	0.0	0.0	0.0	0.0	0.0	0.0	0.0	0.0	0.0	0.0	0.0	0.0	0.0	0.0	0.0	0.0	0.0	0.0	0.0	0.0	0.0	0.0	0.0	0.0	0.0	0.0	0.0	0.0	0.0	0.0	0.0	0.0	0.0	0.0	0.0	0.0	0.0	0.0	0.0	0.0	0.0	0.0	0.0	0.0	0.0	0.0	0.0	0.0	0.0	0.0	0.0	0.0	0.0	0.0	0.0	0.0	0.0	0.0	0.0	0.0	0.0	0.0	0.0	0.0	0.0	0.0	0.0	0.0	0.0	0.0	0.0	0.0	0.0	0.0	0.0	0.0	0.0	0.0	0.0
SRR9612713	0.0	61.0	0.0	0.0	710.0	5.0	0.0	0.0	7692.0	328.0	18.0	0.0	329.0	1572.0	0.0	389.0	0.0	0.0	0.0	63.0	30.0	0.0	0.0	10.0	46.0	0.0	0.0	30.0	0.0	0.0	0.0	36.0	0.0	15.0	0.0	5.0	10.0	0.0	376.0	29.0	23.0	137.0	28.0	0.0	0.0	0.0	0.0	0.0	0.0	0.0	0.0	0.0	0.0	0.0	0.0	0.0	0.0	56.0	0.0	0.0	34.0	324.0	0.0	0.0	0.0	0.0	0.0	76.0	61.0	0.0	110.0	0.0	0.0	0.0	0.0	0.0	0.0	0.0	4.0	4.0	70.0	0.0	0.0	0.0	0.0	0.0	301.0	0.0	0.0	0.0	0.0	0.0	0.0	35.0	0.0	0.0	0.0	15.0	0.0	0.0	0.0	993.0	42.0	0.0	0.0	2.0	0.0	0.0	0.0	0.0	0.0	0.0	0.0	0.0	9.0	0.0	2.0	0.0	3.0	5.0	0.0	0.0	0.0	0.0	0.0	0.0	0.0	0.0	6.0	562.0	0.0	43.0	0.0	0.0	0.0	0.0	0.0	0.0	0.0	0.0	0.0	0.0	0.0	0.0	0.0	0.0	0.0	0.0	17.0	0.0	87.0	0.0	0.0	0.0	0.0	185.0	0.0	0.0	0.0	0.0	0.0	0.0	0.0	0.0	0.0	0.0	0.0	0.0	0.0	58.0	0.0	0.0	0.0	0.0	0.0	49.0	0.0	0.0	0.0	0.0	0.0	0.0	0.0	46.0	0.0	0.0	22.0	0.0	0.0	0.0	0.0	0.0	0.0	0.0	0.0	0.0	19.0	0.0	0.0	0.0	0.0	0.0	0.0	0.0	0.0	0.0	0.0	0.0	0.0	0.0	0.0	0.0	44.0	0.0	0.0	0.0	0.0	0.0	0.0	0.0	0.0	0.0	0.0	0.0	0.0	0.0	0.0	0.0	0.0	0.0	0.0	0.0	0.0	0.0	0.0	0.0	0.0	0.0	0.0	0.0	0.0	0.0	0.0	0.0	0.0	0.0	0.0	0.0	0.0	0.0	0.0	0.0	0.0	0.0	0.0	0.0	0.0	0.0	0.0	0.0	0.0	0.0	0.0	0.0	0.0	0.0	0.0	0.0	0.0	0.0	0.0	0.0	0.0	0.0	0.0	0.0	0.0	0.0	0.0	0.0	0.0	0.0	0.0	0.0	0.0	0.0	0.0	0.0	0.0	0.0	0.0	0.0	0.0	0.0	0.0	0.0	0.0	0.0	0.0	0.0	0.0	0.0	0.0	0.0	0.0	0.0	0.0	0.0	0.0	0.0	0.0	0.0	0.0	0.0	0.0	0.0	0.0	0.0	0.0	0.0	0.0	0.0	0.0	0.0	0.0	0.0
SRR9612714	0.0	168.0	1411.0	0.0	0.0	3109.0	155.0	8.0	3018.0	167.0	0.0	33.0	349.0	115.0	7.0	543.0	30.0	49.0	80.0	696.0	97.0	0.0	101.0	348.0	4355.0	0.0	0.0	8.0	0.0	33.0	13.0	98.0	13.0	0.0	0.0	0.0	0.0	108.0	14.0	34.0	115.0	109.0	6.0	0.0	17.0	5.0	0.0	0.0	17.0	0.0	25.0	10.0	0.0	5.0	0.0	0.0	227.0	36.0	0.0	215.0	17.0	163.0	330.0	0.0	0.0	0.0	0.0	25.0	304.0	0.0	227.0	1046.0	55.0	23.0	118.0	23.0	99.0	0.0	12.0	21.0	32.0	158.0	478.0	0.0	22.0	4.0	120.0	10.0	0.0	122.0	0.0	0.0	0.0	120.0	27.0	25.0	0.0	16.0	191.0	0.0	0.0	62.0	28.0	0.0	0.0	183.0	0.0	0.0	0.0	0.0	38.0	5.0	0.0	34.0	31.0	5.0	0.0	0.0	80.0	7.0	14.0	0.0	0.0	0.0	179.0	594.0	0.0	187.0	204.0	111.0	0.0	72.0	0.0	0.0	4.0	0.0	8.0	0.0	0.0	0.0	0.0	0.0	3.0	0.0	0.0	0.0	414.0	13.0	50.0	0.0	55.0	107.0	0.0	0.0	4.0	55.0	38.0	113.0	8.0	0.0	190.0	0.0	0.0	0.0	5.0	0.0	0.0	0.0	0.0	0.0	14.0	0.0	0.0	71.0	28.0	8.0	0.0	5.0	0.0	0.0	12.0	0.0	0.0	27.0	0.0	0.0	189.0	0.0	23.0	0.0	7.0	0.0	0.0	0.0	0.0	0.0	0.0	0.0	0.0	0.0	6.0	0.0	20.0	0.0	5.0	39.0	11.0	0.0	0.0	0.0	27.0	0.0	0.0	0.0	0.0	0.0	57.0	7.0	53.0	0.0	0.0	0.0	0.0	0.0	0.0	5.0	2.0	0.0	34.0	0.0	0.0	0.0	30.0	0.0	0.0	0.0	0.0	0.0	0.0	0.0	0.0	0.0	0.0	0.0	0.0	0.0	0.0	0.0	0.0	0.0	0.0	0.0	0.0	0.0	0.0	0.0	17.0	0.0	0.0	0.0	4.0	0.0	0.0	0.0	0.0	0.0	0.0	0.0	0.0	0.0	0.0	0.0	0.0	0.0	0.0	0.0	0.0	3.0	0.0	0.0	0.0	0.0	0.0	0.0	0.0	0.0	0.0	0.0	0.0	0.0	0.0	0.0	0.0	0.0	42.0	0.0	0.0	0.0	0.0	0.0	0.0	0.0	0.0	0.0	0.0	0.0	0.0	0.0	0.0	0.0	0.0	0.0	0.0	0.0	0.0	0.0	0.0	0.0	0.0	0.0	0.0	0.0	0.0	0.0	0.0	0.0
SRR9612715	0.0	276.0	1714.0	0.0	5.0	5716.0	75.0	0.0	1173.0	177.0	0.0	13.0	506.0	183.0	0.0	329.0	32.0	25.0	73.0	202.0	97.0	0.0	77.0	275.0	2644.0	0.0	0.0	0.0	11.0	65.0	0.0	40.0	0.0	0.0	13.0	0.0	0.0	118.0	43.0	5.0	169.0	69.0	0.0	5.0	10.0	8.0	3.0	3.0	5.0	0.0	10.0	0.0	0.0	0.0	2.0	12.0	88.0	41.0	32.0	300.0	0.0	141.0	247.0	0.0	0.0	0.0	0.0	41.0	78.0	0.0	287.0	633.0	103.0	13.0	69.0	29.0	154.0	0.0	8.0	10.0	0.0	171.0	93.0	0.0	24.0	20.0	134.0	0.0	0.0	233.0	16.0	0.0	0.0	99.0	26.0	15.0	0.0	10.0	187.0	0.0	0.0	110.0	34.0	0.0	0.0	219.0	0.0	0.0	0.0	0.0	79.0	0.0	9.0	27.0	12.0	0.0	4.0	6.0	58.0	0.0	28.0	0.0	0.0	0.0	96.0	643.0	12.0	339.0	200.0	34.0	0.0	47.0	0.0	0.0	0.0	0.0	0.0	0.0	0.0	0.0	13.0	0.0	0.0	0.0	11.0	0.0	717.0	9.0	176.0	0.0	61.0	120.0	0.0	2.0	4.0	45.0	14.0	83.0	18.0	0.0	315.0	0.0	0.0	16.0	0.0	0.0	0.0	0.0	24.0	23.0	30.0	0.0	0.0	139.0	0.0	0.0	0.0	0.0	0.0	0.0	20.0	0.0	0.0	5.0	11.0	0.0	264.0	0.0	63.0	0.0	4.0	0.0	0.0	0.0	0.0	0.0	3.0	0.0	10.0	0.0	5.0	0.0	11.0	0.0	7.0	15.0	12.0	0.0	0.0	0.0	13.0	0.0	0.0	0.0	0.0	0.0	77.0	0.0	32.0	0.0	0.0	0.0	0.0	7.0	0.0	0.0	0.0	0.0	25.0	0.0	0.0	0.0	36.0	0.0	0.0	0.0	0.0	0.0	0.0	0.0	0.0	0.0	0.0	0.0	0.0	0.0	0.0	0.0	0.0	0.0	0.0	0.0	0.0	0.0	0.0	0.0	15.0	3.0	0.0	0.0	0.0	0.0	0.0	0.0	0.0	0.0	0.0	0.0	0.0	0.0	0.0	0.0	0.0	0.0	0.0	0.0	0.0	0.0	0.0	0.0	0.0	6.0	0.0	0.0	0.0	0.0	0.0	0.0	0.0	0.0	0.0	0.0	0.0	0.0	55.0	0.0	0.0	0.0	0.0	0.0	0.0	0.0	0.0	0.0	0.0	0.0	0.0	0.0	0.0	0.0	0.0	0.0	0.0	0.0	0.0	0.0	0.0	0.0	0.0	0.0	0.0	0.0	0.0	0.0	0.0	0.0
SRR9612716	0.0	226.0	1688.0	8.0	0.0	4149.0	104.0	6.0	3626.0	47.0	14.0	18.0	242.0	93.0	0.0	396.0	45.0	30.0	45.0	965.0	202.0	0.0	54.0	368.0	4396.0	0.0	0.0	10.0	24.0	19.0	0.0	171.0	0.0	3.0	0.0	0.0	6.0	137.0	19.0	25.0	72.0	200.0	0.0	29.0	4.0	0.0	0.0	0.0	8.0	0.0	15.0	0.0	0.0	0.0	0.0	0.0	147.0	31.0	0.0	99.0	11.0	55.0	530.0	0.0	0.0	0.0	0.0	44.0	132.0	6.0	142.0	927.0	83.0	11.0	122.0	18.0	56.0	0.0	0.0	12.0	0.0	87.0	739.0	9.0	18.0	7.0	162.0	0.0	0.0	117.0	15.0	0.0	0.0	145.0	36.0	16.0	0.0	13.0	186.0	0.0	6.0	75.0	77.0	0.0	0.0	276.0	0.0	0.0	0.0	0.0	34.0	0.0	0.0	36.0	0.0	0.0	3.0	5.0	47.0	0.0	36.0	0.0	0.0	0.0	156.0	794.0	0.0	212.0	337.0	40.0	0.0	24.0	0.0	9.0	0.0	7.0	0.0	0.0	0.0	0.0	5.0	0.0	0.0	12.0	5.0	4.0	408.0	7.0	52.0	0.0	84.0	34.0	3.0	0.0	0.0	62.0	87.0	133.0	38.0	0.0	153.0	0.0	21.0	9.0	4.0	0.0	0.0	0.0	0.0	19.0	14.0	0.0	5.0	96.0	8.0	0.0	0.0	0.0	0.0	0.0	7.0	0.0	0.0	4.0	6.0	4.0	185.0	0.0	34.0	0.0	7.0	0.0	0.0	0.0	3.0	0.0	0.0	0.0	0.0	0.0	12.0	4.0	7.0	0.0	0.0	25.0	0.0	0.0	0.0	0.0	33.0	0.0	0.0	0.0	0.0	0.0	45.0	0.0	51.0	0.0	0.0	0.0	0.0	0.0	0.0	5.0	7.0	0.0	76.0	0.0	0.0	0.0	27.0	0.0	0.0	0.0	0.0	0.0	0.0	0.0	0.0	0.0	0.0	0.0	0.0	0.0	0.0	0.0	0.0	0.0	0.0	0.0	0.0	0.0	0.0	0.0	14.0	3.0	0.0	0.0	0.0	0.0	0.0	0.0	0.0	0.0	0.0	0.0	0.0	0.0	0.0	0.0	0.0	0.0	0.0	0.0	0.0	0.0	0.0	0.0	0.0	0.0	0.0	0.0	0.0	0.0	0.0	0.0	0.0	0.0	0.0	0.0	0.0	0.0	61.0	0.0	0.0	0.0	0.0	0.0	0.0	0.0	0.0	0.0	0.0	0.0	0.0	0.0	0.0	0.0	0.0	0.0	0.0	0.0	0.0	0.0	0.0	0.0	0.0	0.0	0.0	0.0	0.0	0.0	0.0	0.0
SRR9612717	0.0	442.0	937.0	0.0	0.0	6266.0	152.0	0.0	1008.0	46.0	0.0	3.0	438.0	173.0	9.0	175.0	63.0	28.0	31.0	231.0	152.0	0.0	92.0	296.0	1754.0	0.0	0.0	0.0	12.0	78.0	24.0	14.0	14.0	0.0	13.0	0.0	0.0	178.0	0.0	0.0	285.0	131.0	15.0	14.0	17.0	0.0	0.0	0.0	0.0	0.0	5.0	0.0	0.0	0.0	0.0	0.0	54.0	33.0	14.0	408.0	9.0	85.0	111.0	0.0	0.0	0.0	0.0	6.0	39.0	0.0	352.0	575.0	83.0	7.0	19.0	27.0	183.0	0.0	0.0	0.0	0.0	154.0	42.0	0.0	17.0	21.0	62.0	0.0	0.0	378.0	9.0	0.0	0.0	99.0	11.0	10.0	2.0	15.0	128.0	0.0	0.0	136.0	11.0	0.0	0.0	223.0	0.0	2.0	0.0	0.0	67.0	0.0	16.0	21.0	6.0	0.0	0.0	0.0	15.0	0.0	30.0	3.0	0.0	0.0	107.0	431.0	0.0	317.0	116.0	11.0	0.0	0.0	0.0	2.0	0.0	4.0	0.0	0.0	0.0	0.0	1.0	0.0	0.0	0.0	0.0	6.0	887.0	0.0	254.0	0.0	171.0	42.0	0.0	0.0	0.0	32.0	0.0	83.0	32.0	0.0	253.0	0.0	43.0	14.0	0.0	0.0	0.0	9.0	32.0	21.0	19.0	0.0	11.0	124.0	0.0	0.0	0.0	0.0	0.0	0.0	28.0	0.0	0.0	0.0	0.0	0.0	380.0	3.0	88.0	0.0	12.0	0.0	0.0	0.0	0.0	0.0	0.0	0.0	0.0	2.0	0.0	0.0	0.0	0.0	0.0	22.0	13.0	0.0	0.0	0.0	24.0	0.0	0.0	0.0	0.0	0.0	74.0	0.0	27.0	0.0	0.0	0.0	0.0	0.0	0.0	0.0	8.0	0.0	30.0	0.0	0.0	0.0	45.0	8.0	0.0	0.0	0.0	0.0	0.0	0.0	4.0	0.0	0.0	0.0	0.0	0.0	0.0	0.0	0.0	0.0	0.0	0.0	0.0	0.0	0.0	0.0	1.0	0.0	0.0	0.0	0.0	0.0	0.0	0.0	0.0	0.0	0.0	0.0	0.0	0.0	0.0	0.0	0.0	0.0	0.0	0.0	0.0	0.0	0.0	0.0	0.0	0.0	0.0	0.0	0.0	0.0	0.0	0.0	0.0	0.0	0.0	0.0	0.0	0.0	38.0	0.0	0.0	0.0	0.0	0.0	0.0	0.0	0.0	0.0	0.0	0.0	0.0	0.0	0.0	0.0	0.0	0.0	0.0	0.0	0.0	0.0	0.0	0.0	0.0	0.0	0.0	0.0	0.0	0.0	0.0	0.0
SRR9612718	0.0	319.0	1327.0	0.0	0.0	4304.0	95.0	12.0	1325.0	153.0	0.0	5.0	414.0	185.0	9.0	301.0	56.0	30.0	86.0	138.0	160.0	0.0	72.0	248.0	2617.0	0.0	0.0	0.0	13.0	54.0	0.0	39.0	0.0	0.0	13.0	0.0	0.0	135.0	0.0	11.0	150.0	114.0	3.0	11.0	16.0	0.0	0.0	2.0	2.0	0.0	20.0	0.0	0.0	0.0	0.0	0.0	122.0	35.0	0.0	158.0	0.0	77.0	200.0	0.0	0.0	0.0	0.0	21.0	106.0	0.0	180.0	675.0	120.0	14.0	86.0	36.0	232.0	0.0	0.0	28.0	0.0	130.0	164.0	0.0	22.0	21.0	125.0	0.0	0.0	234.0	22.0	0.0	0.0	108.0	19.0	18.0	0.0	11.0	224.0	0.0	0.0	144.0	23.0	0.0	2.0	272.0	0.0	0.0	0.0	0.0	65.0	0.0	0.0	2.0	45.0	0.0	0.0	0.0	52.0	0.0	11.0	0.0	0.0	0.0	93.0	561.0	5.0	304.0	224.0	33.0	0.0	36.0	0.0	0.0	0.0	0.0	4.0	0.0	0.0	0.0	0.0	0.0	0.0	0.0	0.0	0.0	614.0	0.0	125.0	0.0	48.0	92.0	0.0	0.0	5.0	34.0	17.0	71.0	15.0	0.0	279.0	0.0	0.0	14.0	0.0	0.0	0.0	0.0	13.0	48.0	18.0	0.0	0.0	108.0	14.0	2.0	0.0	0.0	0.0	0.0	23.0	0.0	0.0	5.0	0.0	0.0	219.0	0.0	49.0	0.0	11.0	0.0	0.0	0.0	0.0	0.0	3.0	0.0	0.0	0.0	7.0	0.0	0.0	0.0	0.0	0.0	18.0	0.0	0.0	0.0	21.0	0.0	0.0	0.0	0.0	0.0	0.0	0.0	54.0	0.0	0.0	0.0	0.0	0.0	0.0	6.0	0.0	0.0	18.0	0.0	0.0	0.0	25.0	11.0	0.0	0.0	0.0	0.0	0.0	0.0	0.0	0.0	0.0	0.0	0.0	0.0	0.0	0.0	0.0	0.0	0.0	0.0	0.0	0.0	0.0	0.0	11.0	0.0	0.0	0.0	0.0	0.0	0.0	0.0	0.0	0.0	0.0	0.0	0.0	0.0	0.0	0.0	0.0	0.0	0.0	0.0	0.0	0.0	0.0	0.0	0.0	0.0	0.0	0.0	0.0	0.0	0.0	0.0	0.0	0.0	0.0	0.0	0.0	0.0	46.0	0.0	0.0	0.0	0.0	0.0	0.0	0.0	0.0	0.0	0.0	0.0	0.0	0.0	0.0	0.0	0.0	0.0	0.0	0.0	0.0	0.0	0.0	0.0	0.0	0.0	0.0	0.0	0.0	0.0	0.0	0.0
SRR9612719	0.0	165.0	1359.0	5.0	9.0	2967.0	96.0	0.0	1603.0	41.0	0.0	0.0	313.0	89.0	14.0	178.0	6.0	6.0	45.0	633.0	157.0	0.0	19.0	249.0	2633.0	0.0	0.0	0.0	14.0	19.0	0.0	51.0	0.0	10.0	13.0	0.0	6.0	102.0	18.0	0.0	71.0	173.0	0.0	43.0	11.0	0.0	0.0	0.0	13.0	20.0	4.0	9.0	0.0	0.0	0.0	0.0	145.0	9.0	0.0	134.0	4.0	65.0	372.0	0.0	0.0	0.0	0.0	18.0	65.0	6.0	89.0	508.0	51.0	5.0	73.0	0.0	45.0	0.0	0.0	11.0	8.0	64.0	490.0	0.0	14.0	17.0	107.0	0.0	0.0	154.0	0.0	0.0	0.0	134.0	32.0	6.0	0.0	0.0	182.0	0.0	0.0	69.0	43.0	5.0	0.0	219.0	0.0	0.0	0.0	0.0	38.0	0.0	2.0	22.0	25.0	0.0	3.0	0.0	33.0	7.0	10.0	0.0	0.0	0.0	102.0	657.0	0.0	186.0	155.0	16.0	0.0	21.0	0.0	0.0	0.0	0.0	0.0	0.0	0.0	0.0	14.0	3.0	0.0	0.0	0.0	4.0	366.0	9.0	61.0	0.0	254.0	71.0	0.0	0.0	0.0	41.0	57.0	85.0	12.0	0.0	147.0	0.0	0.0	0.0	0.0	0.0	0.0	0.0	0.0	15.0	6.0	0.0	0.0	108.0	18.0	0.0	0.0	0.0	0.0	0.0	10.0	0.0	0.0	12.0	0.0	0.0	112.0	0.0	22.0	0.0	5.0	0.0	0.0	0.0	0.0	0.0	10.0	0.0	5.0	0.0	5.0	0.0	0.0	0.0	0.0	15.0	16.0	3.0	0.0	0.0	18.0	0.0	0.0	0.0	0.0	0.0	51.0	0.0	51.0	0.0	0.0	0.0	0.0	0.0	0.0	0.0	0.0	0.0	38.0	0.0	0.0	0.0	27.0	4.0	0.0	0.0	0.0	0.0	0.0	0.0	0.0	0.0	0.0	0.0	0.0	0.0	0.0	0.0	0.0	0.0	0.0	0.0	0.0	0.0	0.0	0.0	10.0	0.0	0.0	0.0	0.0	0.0	0.0	0.0	0.0	0.0	0.0	0.0	0.0	0.0	0.0	0.0	0.0	0.0	0.0	0.0	0.0	0.0	0.0	0.0	0.0	0.0	0.0	0.0	0.0	0.0	0.0	0.0	0.0	0.0	0.0	0.0	0.0	0.0	34.0	0.0	0.0	0.0	0.0	0.0	0.0	0.0	0.0	0.0	0.0	0.0	0.0	0.0	0.0	0.0	0.0	0.0	0.0	0.0	0.0	0.0	0.0	0.0	0.0	0.0	0.0	0.0	0.0	0.0	0.0	0.0
SRR9612720	0.0	330.0	1760.0	4.0	8.0	5792.0	191.0	0.0	3707.0	155.0	0.0	16.0	399.0	171.0	10.0	414.0	56.0	40.0	66.0	1687.0	183.0	0.0	55.0	407.0	4538.0	0.0	0.0	10.0	19.0	35.0	20.0	186.0	1.0	0.0	21.0	0.0	18.0	90.0	59.0	0.0	101.0	236.0	7.0	26.0	4.0	11.0	3.0	0.0	0.0	0.0	8.0	6.0	0.0	0.0	0.0	0.0	167.0	80.0	21.0	165.0	0.0	92.0	347.0	0.0	6.0	0.0	13.0	43.0	149.0	9.0	208.0	1238.0	85.0	16.0	159.0	46.0	104.0	0.0	17.0	3.0	14.0	174.0	888.0	0.0	7.0	25.0	234.0	0.0	0.0	244.0	35.0	0.0	0.0	156.0	48.0	17.0	0.0	14.0	281.0	0.0	0.0	112.0	50.0	0.0	3.0	341.0	0.0	0.0	0.0	0.0	71.0	0.0	4.0	19.0	37.0	0.0	0.0	0.0	52.0	22.0	16.0	0.0	0.0	0.0	229.0	625.0	12.0	200.0	312.0	27.0	0.0	35.0	0.0	0.0	0.0	0.0	0.0	0.0	0.0	0.0	0.0	0.0	4.0	0.0	5.0	0.0	633.0	5.0	86.0	0.0	170.0	82.0	0.0	0.0	4.0	62.0	55.0	115.0	6.0	0.0	176.0	0.0	33.0	0.0	0.0	0.0	0.0	3.0	13.0	27.0	27.0	0.0	0.0	74.0	21.0	12.0	0.0	16.0	0.0	0.0	11.0	0.0	0.0	10.0	0.0	0.0	221.0	0.0	32.0	0.0	23.0	0.0	0.0	0.0	0.0	0.0	0.0	0.0	0.0	2.0	15.0	0.0	14.0	0.0	0.0	24.0	18.0	0.0	0.0	0.0	27.0	6.0	5.0	0.0	0.0	0.0	69.0	0.0	67.0	0.0	0.0	0.0	0.0	0.0	0.0	9.0	0.0	0.0	24.0	0.0	0.0	0.0	27.0	0.0	0.0	0.0	0.0	0.0	0.0	0.0	0.0	0.0	0.0	0.0	0.0	0.0	0.0	0.0	0.0	0.0	0.0	0.0	0.0	0.0	0.0	0.0	19.0	0.0	0.0	0.0	0.0	0.0	0.0	0.0	0.0	0.0	0.0	0.0	0.0	0.0	0.0	0.0	0.0	0.0	0.0	0.0	0.0	0.0	0.0	0.0	0.0	0.0	0.0	0.0	0.0	0.0	0.0	0.0	0.0	0.0	0.0	0.0	0.0	0.0	29.0	0.0	0.0	0.0	0.0	0.0	0.0	0.0	0.0	0.0	0.0	0.0	0.0	0.0	0.0	0.0	0.0	0.0	0.0	0.0	0.0	0.0	0.0	0.0	0.0	0.0	0.0	0.0	0.0	0.0	0.0	0.0
SRR9612721	0.0	478.0	1522.0	5.0	97.0	3417.0	119.0	24.0	5160.0	393.0	14.0	42.0	405.0	282.0	0.0	752.0	52.0	42.0	219.0	1129.0	370.0	0.0	119.0	508.0	5342.0	29.0	0.0	16.0	6.0	28.0	57.0	188.0	0.0	3.0	0.0	9.0	47.0	133.0	133.0	11.0	79.0	762.0	0.0	9.0	43.0	0.0	0.0	0.0	34.0	0.0	59.0	3.0	0.0	0.0	0.0	0.0	419.0	174.0	23.0	355.0	74.0	485.0	547.0	0.0	9.0	0.0	12.0	68.0	193.0	0.0	483.0	688.0	144.0	32.0	139.0	110.0	111.0	13.0	6.0	14.0	22.0	145.0	789.0	27.0	18.0	13.0	437.0	0.0	0.0	193.0	0.0	0.0	0.0	380.0	69.0	56.0	0.0	32.0	217.0	0.0	3.0	187.0	127.0	0.0	0.0	183.0	0.0	0.0	3.0	0.0	71.0	0.0	3.0	100.0	0.0	0.0	0.0	0.0	470.0	16.0	14.0	0.0	0.0	0.0	117.0	1439.0	8.0	234.0	574.0	54.0	0.0	153.0	0.0	11.0	0.0	18.0	13.0	0.0	0.0	0.0	5.0	8.0	0.0	4.0	15.0	13.0	478.0	74.0	65.0	0.0	66.0	205.0	0.0	0.0	3.0	184.0	29.0	180.0	44.0	0.0	213.0	0.0	20.0	10.0	0.0	0.0	0.0	0.0	9.0	11.0	29.0	0.0	0.0	141.0	0.0	34.0	0.0	31.0	0.0	0.0	5.0	0.0	0.0	79.0	0.0	0.0	262.0	0.0	27.0	0.0	18.0	0.0	0.0	0.0	0.0	0.0	7.0	0.0	0.0	0.0	0.0	0.0	50.0	0.0	64.0	55.0	0.0	6.0	0.0	0.0	25.0	0.0	13.0	0.0	0.0	0.0	79.0	5.0	200.0	0.0	0.0	0.0	0.0	0.0	0.0	14.0	0.0	0.0	71.0	8.0	0.0	0.0	33.0	10.0	0.0	0.0	0.0	0.0	0.0	0.0	0.0	0.0	0.0	0.0	0.0	0.0	0.0	0.0	0.0	0.0	10.0	0.0	0.0	0.0	0.0	0.0	42.0	0.0	0.0	0.0	3.0	0.0	0.0	0.0	0.0	0.0	0.0	0.0	0.0	0.0	0.0	0.0	0.0	0.0	0.0	0.0	0.0	0.0	0.0	0.0	0.0	0.0	0.0	0.0	0.0	0.0	0.0	0.0	0.0	0.0	0.0	0.0	0.0	0.0	43.0	0.0	0.0	0.0	0.0	0.0	0.0	0.0	0.0	0.0	0.0	0.0	0.0	0.0	0.0	0.0	0.0	0.0	0.0	0.0	0.0	0.0	0.0	0.0	0.0	0.0	0.0	0.0	0.0	4.0	0.0	0.0
SRR9612723	0.0	314.0	1535.0	0.0	19.0	2340.0	150.0	15.0	3570.0	157.0	0.0	24.0	338.0	126.0	6.0	771.0	53.0	60.0	215.0	534.0	1158.0	0.0	78.0	277.0	2856.0	0.0	0.0	15.0	10.0	10.0	7.0	48.0	59.0	4.0	0.0	18.0	5.0	91.0	130.0	38.0	83.0	639.0	5.0	4580.0	35.0	0.0	0.0	0.0	53.0	0.0	23.0	5.0	0.0	0.0	3.0	0.0	60.0	174.0	0.0	228.0	93.0	778.0	384.0	0.0	7.0	0.0	52.0	37.0	335.0	5.0	478.0	621.0	67.0	24.0	84.0	19.0	44.0	6.0	2.0	2320.0	0.0	74.0	360.0	7.0	19.0	10.0	97.0	0.0	0.0	90.0	8.0	0.0	0.0	222.0	36.0	4.0	0.0	34.0	220.0	0.0	0.0	117.0	94.0	0.0	0.0	79.0	0.0	0.0	3.0	0.0	61.0	0.0	5.0	45.0	0.0	0.0	0.0	4.0	115.0	4.0	24.0	0.0	9.0	0.0	125.0	862.0	0.0	162.0	401.0	22.0	0.0	38.0	0.0	0.0	5.0	33.0	3.0	0.0	0.0	0.0	5.0	0.0	0.0	0.0	0.0	9.0	356.0	46.0	42.0	0.0	24.0	37.0	0.0	0.0	3.0	45.0	36.0	116.0	23.0	0.0	107.0	0.0	34.0	0.0	0.0	0.0	0.0	0.0	4.0	57.0	10.0	0.0	152.0	179.0	0.0	0.0	0.0	0.0	0.0	0.0	0.0	0.0	0.0	2.0	0.0	0.0	178.0	140.0	28.0	0.0	6.0	0.0	0.0	0.0	74.0	0.0	0.0	0.0	0.0	0.0	0.0	0.0	11.0	0.0	26.0	13.0	15.0	12.0	0.0	0.0	19.0	9.0	0.0	0.0	0.0	27.0	20.0	0.0	71.0	4.0	0.0	2.0	0.0	0.0	0.0	5.0	0.0	0.0	64.0	0.0	0.0	0.0	20.0	8.0	0.0	0.0	0.0	0.0	0.0	0.0	0.0	0.0	0.0	18.0	0.0	0.0	0.0	0.0	8.0	0.0	0.0	0.0	0.0	0.0	0.0	0.0	11.0	8.0	0.0	0.0	2.0	0.0	0.0	0.0	0.0	0.0	0.0	0.0	0.0	0.0	0.0	0.0	0.0	0.0	0.0	0.0	0.0	0.0	0.0	0.0	0.0	0.0	0.0	0.0	0.0	0.0	0.0	0.0	0.0	0.0	0.0	0.0	0.0	0.0	19.0	0.0	0.0	0.0	0.0	0.0	0.0	0.0	0.0	0.0	0.0	0.0	0.0	0.0	0.0	0.0	0.0	0.0	0.0	0.0	0.0	0.0	0.0	0.0	0.0	0.0	0.0	0.0	0.0	0.0	0.0	0.0
SRR9612724	0.0	206.0	2417.0	0.0	162.0	2850.0	216.0	29.0	3917.0	435.0	0.0	22.0	471.0	189.0	13.0	927.0	25.0	49.0	282.0	1617.0	176.0	0.0	54.0	536.0	4102.0	0.0	0.0	136.0	27.0	29.0	7.0	233.0	0.0	24.0	0.0	0.0	13.0	245.0	21.0	39.0	55.0	440.0	0.0	0.0	55.0	17.0	0.0	0.0	0.0	0.0	45.0	0.0	0.0	11.0	0.0	11.0	217.0	154.0	0.0	215.0	38.0	183.0	501.0	0.0	9.0	15.0	44.0	64.0	456.0	16.0	304.0	1141.0	99.0	27.0	143.0	18.0	141.0	15.0	25.0	44.0	61.0	104.0	824.0	56.0	15.0	14.0	241.0	0.0	0.0	100.0	65.0	0.0	0.0	190.0	60.0	0.0	0.0	33.0	209.0	3.0	0.0	35.0	56.0	0.0	4.0	265.0	0.0	0.0	0.0	0.0	50.0	0.0	0.0	51.0	0.0	0.0	8.0	0.0	159.0	16.0	11.0	0.0	0.0	0.0	246.0	806.0	0.0	133.0	308.0	67.0	0.0	160.0	8.0	0.0	4.0	0.0	0.0	0.0	0.0	0.0	26.0	0.0	3.0	0.0	7.0	25.0	356.0	0.0	39.0	0.0	34.0	79.0	0.0	0.0	0.0	137.0	135.0	186.0	17.0	0.0	187.0	0.0	21.0	7.0	12.0	0.0	0.0	0.0	12.0	68.0	9.0	0.0	0.0	260.0	31.0	5.0	0.0	7.0	0.0	0.0	0.0	2.0	0.0	46.0	0.0	9.0	202.0	0.0	41.0	0.0	12.0	0.0	0.0	5.0	0.0	0.0	41.0	0.0	0.0	0.0	27.0	4.0	121.0	0.0	8.0	44.0	0.0	0.0	0.0	0.0	28.0	0.0	8.0	0.0	4.0	0.0	93.0	7.0	83.0	0.0	0.0	0.0	0.0	0.0	0.0	9.0	0.0	0.0	80.0	15.0	0.0	0.0	16.0	0.0	0.0	0.0	0.0	0.0	0.0	0.0	0.0	0.0	0.0	0.0	0.0	0.0	0.0	0.0	0.0	0.0	0.0	0.0	0.0	0.0	12.0	0.0	30.0	0.0	0.0	0.0	7.0	0.0	0.0	0.0	0.0	0.0	0.0	0.0	0.0	0.0	0.0	0.0	0.0	0.0	0.0	0.0	0.0	0.0	0.0	0.0	0.0	0.0	0.0	0.0	0.0	0.0	0.0	0.0	0.0	0.0	0.0	0.0	0.0	0.0	25.0	0.0	0.0	0.0	0.0	0.0	0.0	0.0	0.0	0.0	0.0	0.0	0.0	0.0	0.0	0.0	0.0	0.0	0.0	0.0	0.0	0.0	0.0	0.0	0.0	0.0	0.0	0.0	0.0	0.0	0.0	0.0
SRR9612725	0.0	124.0	849.0	5.0	64.0	1978.0	69.0	0.0	2728.0	140.0	0.0	9.0	235.0	97.0	2.0	490.0	0.0	12.0	50.0	2321.0	99.0	0.0	11.0	336.0	1658.0	0.0	0.0	79.0	21.0	20.0	0.0	265.0	0.0	17.0	0.0	0.0	0.0	217.0	0.0	26.0	60.0	152.0	21.0	32.0	25.0	17.0	0.0	0.0	7.0	0.0	8.0	2.0	0.0	20.0	0.0	0.0	199.0	63.0	17.0	123.0	17.0	73.0	232.0	0.0	0.0	10.0	69.0	21.0	82.0	13.0	226.0	567.0	36.0	8.0	95.0	15.0	56.0	9.0	21.0	3.0	18.0	92.0	732.0	0.0	44.0	14.0	360.0	0.0	0.0	70.0	95.0	0.0	0.0	71.0	7.0	5.0	0.0	0.0	124.0	4.0	7.0	38.0	53.0	0.0	0.0	289.0	0.0	0.0	0.0	0.0	54.0	0.0	0.0	0.0	0.0	12.0	5.0	0.0	89.0	24.0	0.0	0.0	11.0	0.0	243.0	306.0	10.0	151.0	110.0	37.0	10.0	19.0	30.0	5.0	0.0	4.0	0.0	0.0	0.0	0.0	52.0	0.0	0.0	9.0	0.0	0.0	333.0	8.0	29.0	0.0	42.0	85.0	2.0	0.0	0.0	34.0	196.0	82.0	4.0	0.0	68.0	0.0	0.0	0.0	16.0	0.0	0.0	0.0	13.0	8.0	5.0	0.0	0.0	43.0	10.0	0.0	0.0	0.0	0.0	5.0	0.0	0.0	0.0	7.0	0.0	0.0	187.0	0.0	23.0	0.0	9.0	0.0	0.0	0.0	7.0	0.0	38.0	0.0	0.0	0.0	58.0	0.0	4.0	0.0	26.0	22.0	0.0	0.0	0.0	0.0	23.0	0.0	29.0	0.0	0.0	0.0	103.0	0.0	25.0	0.0	0.0	0.0	0.0	0.0	0.0	0.0	0.0	0.0	28.0	18.0	0.0	0.0	6.0	0.0	0.0	0.0	0.0	0.0	0.0	0.0	0.0	0.0	0.0	0.0	0.0	0.0	0.0	0.0	0.0	0.0	2.0	0.0	0.0	0.0	13.0	0.0	0.0	0.0	0.0	0.0	0.0	0.0	0.0	0.0	0.0	2.0	0.0	0.0	0.0	0.0	0.0	0.0	0.0	0.0	0.0	0.0	0.0	0.0	0.0	0.0	0.0	0.0	0.0	0.0	0.0	0.0	0.0	0.0	0.0	0.0	0.0	0.0	0.0	0.0	15.0	0.0	0.0	0.0	0.0	0.0	0.0	0.0	0.0	0.0	0.0	0.0	0.0	0.0	0.0	0.0	0.0	0.0	0.0	0.0	0.0	0.0	0.0	0.0	0.0	0.0	0.0	0.0	0.0	0.0	0.0	0.0
SRR9612726	0.0	237.0	1122.0	0.0	135.0	2089.0	64.0	0.0	4612.0	159.0	0.0	38.0	519.0	159.0	0.0	821.0	30.0	24.0	79.0	3118.0	78.0	0.0	57.0	514.0	1962.0	0.0	0.0	73.0	28.0	18.0	0.0	376.0	0.0	12.0	39.0	0.0	0.0	279.0	10.0	34.0	105.0	204.0	0.0	22.0	23.0	0.0	12.0	2.0	0.0	10.0	28.0	16.0	0.0	22.0	0.0	6.0	292.0	71.0	0.0	55.0	7.0	116.0	487.0	0.0	11.0	26.0	58.0	23.0	188.0	6.0	205.0	1149.0	85.0	3.0	117.0	57.0	163.0	0.0	44.0	4.0	39.0	71.0	811.0	15.0	75.0	22.0	184.0	0.0	0.0	114.0	100.0	0.0	0.0	79.0	26.0	6.0	8.0	17.0	207.0	26.0	5.0	43.0	48.0	7.0	0.0	333.0	0.0	0.0	0.0	0.0	79.0	7.0	6.0	36.0	0.0	43.0	12.0	0.0	58.0	27.0	10.0	0.0	0.0	0.0	163.0	940.0	6.0	213.0	216.0	67.0	0.0	36.0	61.0	11.0	0.0	0.0	8.0	0.0	0.0	0.0	62.0	0.0	4.0	0.0	6.0	12.0	465.0	0.0	60.0	3.0	97.0	71.0	2.0	0.0	0.0	38.0	281.0	162.0	20.0	0.0	132.0	0.0	41.0	15.0	22.0	0.0	7.0	4.0	0.0	20.0	18.0	0.0	0.0	102.0	57.0	0.0	2.0	6.0	0.0	2.0	0.0	0.0	0.0	0.0	0.0	0.0	193.0	0.0	32.0	0.0	5.0	20.0	4.0	0.0	0.0	0.0	71.0	0.0	0.0	0.0	80.0	0.0	11.0	0.0	17.0	21.0	6.0	3.0	0.0	2.0	11.0	0.0	18.0	0.0	5.0	0.0	77.0	0.0	53.0	0.0	0.0	0.0	0.0	0.0	0.0	5.0	3.0	4.0	13.0	122.0	0.0	0.0	20.0	0.0	0.0	0.0	0.0	0.0	0.0	0.0	0.0	0.0	0.0	0.0	0.0	0.0	0.0	0.0	0.0	13.0	0.0	0.0	0.0	0.0	14.0	18.0	15.0	5.0	0.0	0.0	9.0	0.0	0.0	0.0	0.0	0.0	0.0	0.0	0.0	0.0	0.0	0.0	0.0	0.0	0.0	0.0	0.0	0.0	0.0	0.0	0.0	0.0	0.0	0.0	0.0	0.0	0.0	0.0	0.0	0.0	0.0	0.0	0.0	0.0	41.0	0.0	0.0	0.0	0.0	0.0	0.0	0.0	0.0	0.0	0.0	0.0	0.0	0.0	0.0	0.0	0.0	0.0	0.0	0.0	0.0	0.0	0.0	0.0	0.0	0.0	0.0	0.0	0.0	0.0	0.0	0.0
SRR9612727	0.0	1163.0	15.0	0.0	0.0	20.0	10.0	0.0	6270.0	616.0	0.0	40.0	373.0	926.0	0.0	2425.0	3.0	13.0	10.0	237.0	30.0	0.0	3.0	33.0	130.0	0.0	6.0	33.0	20.0	19.0	0.0	1.0	0.0	0.0	0.0	0.0	0.0	20.0	37.0	7.0	5.0	139.0	0.0	0.0	7.0	0.0	0.0	0.0	0.0	0.0	0.0	0.0	0.0	0.0	0.0	0.0	3.0	183.0	0.0	0.0	119.0	490.0	0.0	0.0	0.0	0.0	0.0	7.0	45.0	0.0	426.0	7.0	0.0	7.0	17.0	0.0	0.0	0.0	3.0	12.0	52.0	0.0	47.0	0.0	0.0	0.0	361.0	0.0	0.0	0.0	0.0	0.0	0.0	93.0	0.0	0.0	0.0	7.0	11.0	0.0	0.0	1419.0	479.0	0.0	0.0	0.0	0.0	0.0	0.0	0.0	0.0	0.0	0.0	10.0	0.0	0.0	0.0	0.0	14.0	3.0	0.0	0.0	0.0	0.0	26.0	0.0	9.0	9.0	10.0	682.0	0.0	325.0	0.0	0.0	0.0	0.0	0.0	0.0	0.0	0.0	0.0	0.0	0.0	0.0	0.0	0.0	21.0	0.0	50.0	0.0	990.0	0.0	0.0	0.0	0.0	339.0	0.0	11.0	0.0	0.0	5.0	0.0	258.0	0.0	0.0	0.0	0.0	0.0	0.0	29.0	0.0	0.0	0.0	2.0	0.0	0.0	0.0	0.0	0.0	4.0	0.0	0.0	0.0	222.0	0.0	0.0	0.0	0.0	0.0	0.0	0.0	0.0	0.0	0.0	3.0	0.0	8.0	0.0	0.0	0.0	0.0	0.0	164.0	0.0	13.0	0.0	0.0	0.0	0.0	0.0	0.0	0.0	2.0	0.0	0.0	0.0	0.0	0.0	35.0	0.0	0.0	0.0	0.0	0.0	0.0	0.0	0.0	0.0	0.0	0.0	0.0	0.0	0.0	0.0	0.0	0.0	0.0	0.0	0.0	0.0	0.0	0.0	0.0	0.0	0.0	0.0	0.0	0.0	0.0	0.0	0.0	0.0	0.0	0.0	0.0	0.0	0.0	0.0	0.0	0.0	0.0	0.0	0.0	0.0	0.0	0.0	0.0	0.0	0.0	0.0	0.0	0.0	0.0	0.0	0.0	0.0	0.0	0.0	0.0	0.0	0.0	0.0	0.0	0.0	0.0	0.0	0.0	0.0	0.0	0.0	0.0	0.0	0.0	0.0	0.0	0.0	0.0	0.0	0.0	0.0	0.0	0.0	0.0	0.0	0.0	0.0	0.0	0.0	0.0	0.0	0.0	0.0	0.0	0.0	0.0	0.0	0.0	0.0	0.0	0.0	0.0	0.0	0.0	0.0	0.0	0.0
SRR9612728	0.0	18.0	17.0	0.0	45.0	29.0	0.0	25.0	6427.0	238.0	0.0	23.0	172.0	343.0	0.0	1001.0	0.0	4.0	0.0	1979.0	31.0	0.0	0.0	18.0	64.0	0.0	0.0	190.0	37.0	0.0	0.0	18.0	0.0	27.0	0.0	0.0	10.0	82.0	21.0	6.0	20.0	107.0	4.0	3.0	0.0	0.0	0.0	0.0	0.0	0.0	0.0	0.0	0.0	0.0	0.0	0.0	3.0	5.0	0.0	6.0	35.0	146.0	0.0	0.0	0.0	0.0	5.0	0.0	44.0	0.0	53.0	24.0	4.0	0.0	50.0	0.0	0.0	0.0	37.0	0.0	24.0	4.0	23.0	0.0	4.0	0.0	217.0	0.0	0.0	9.0	0.0	0.0	0.0	4.0	0.0	0.0	0.0	8.0	39.0	0.0	0.0	310.0	120.0	2.0	0.0	0.0	0.0	0.0	0.0	0.0	4.0	0.0	0.0	29.0	0.0	0.0	0.0	0.0	14.0	5.0	0.0	0.0	0.0	0.0	0.0	15.0	0.0	0.0	9.0	43.0	0.0	7.0	61.0	0.0	0.0	0.0	0.0	0.0	18.0	0.0	0.0	5.0	0.0	0.0	0.0	0.0	16.0	5.0	18.0	0.0	41.0	0.0	0.0	0.0	0.0	28.0	7.0	3.0	0.0	0.0	16.0	0.0	195.0	0.0	0.0	0.0	0.0	0.0	0.0	0.0	0.0	0.0	0.0	0.0	0.0	0.0	0.0	0.0	0.0	37.0	4.0	0.0	0.0	19.0	0.0	0.0	44.0	3.0	17.0	0.0	0.0	0.0	0.0	0.0	6.0	0.0	1293.0	0.0	0.0	0.0	7.0	0.0	10.0	0.0	0.0	0.0	3.0	0.0	0.0	0.0	11.0	0.0	46.0	0.0	0.0	0.0	0.0	0.0	5.0	0.0	0.0	0.0	0.0	0.0	0.0	0.0	0.0	0.0	7.0	0.0	0.0	0.0	0.0	0.0	0.0	0.0	0.0	0.0	0.0	0.0	0.0	0.0	0.0	0.0	0.0	0.0	0.0	0.0	0.0	0.0	0.0	0.0	0.0	0.0	0.0	0.0	0.0	0.0	0.0	0.0	0.0	0.0	0.0	0.0	0.0	0.0	0.0	0.0	0.0	0.0	0.0	0.0	0.0	0.0	0.0	0.0	0.0	0.0	0.0	0.0	0.0	0.0	0.0	0.0	0.0	0.0	0.0	0.0	0.0	0.0	0.0	0.0	0.0	0.0	0.0	0.0	0.0	0.0	0.0	0.0	0.0	0.0	0.0	0.0	0.0	0.0	0.0	0.0	0.0	0.0	0.0	0.0	0.0	0.0	0.0	0.0	0.0	0.0	0.0	0.0	0.0	0.0	0.0	0.0	0.0	0.0
SRR9612729	0.0	934.0	0.0	11.0	74.0	4.0	7.0	12.0	12600.0	593.0	4.0	31.0	926.0	1024.0	0.0	2801.0	2.0	15.0	14.0	1885.0	57.0	0.0	3.0	15.0	315.0	0.0	11.0	75.0	295.0	10.0	8.0	95.0	0.0	22.0	0.0	6.0	0.0	42.0	23.0	36.0	10.0	1272.0	63.0	0.0	0.0	0.0	0.0	0.0	0.0	0.0	2.0	0.0	0.0	0.0	0.0	0.0	9.0	71.0	0.0	23.0	91.0	268.0	0.0	0.0	0.0	0.0	0.0	0.0	113.0	0.0	237.0	23.0	3.0	47.0	23.0	5.0	0.0	0.0	29.0	13.0	138.0	5.0	13.0	0.0	0.0	0.0	558.0	0.0	0.0	0.0	0.0	0.0	0.0	74.0	0.0	18.0	0.0	17.0	25.0	0.0	0.0	797.0	241.0	0.0	0.0	0.0	13.0	0.0	0.0	0.0	0.0	0.0	0.0	34.0	16.0	0.0	0.0	0.0	96.0	32.0	0.0	0.0	0.0	0.0	0.0	7.0	0.0	0.0	45.0	604.0	0.0	448.0	14.0	0.0	4.0	14.0	8.0	0.0	0.0	0.0	0.0	0.0	0.0	0.0	2.0	0.0	0.0	11.0	24.0	0.0	61.0	0.0	0.0	0.0	0.0	699.0	0.0	26.0	0.0	0.0	0.0	0.0	595.0	0.0	0.0	0.0	0.0	0.0	0.0	31.0	0.0	0.0	30.0	6.0	0.0	0.0	0.0	0.0	0.0	8.0	2.0	0.0	0.0	290.0	0.0	0.0	89.0	0.0	0.0	0.0	0.0	0.0	0.0	0.0	22.0	0.0	33.0	0.0	0.0	0.0	0.0	0.0	64.0	0.0	13.0	0.0	0.0	29.0	0.0	0.0	0.0	6.0	0.0	0.0	0.0	0.0	0.0	0.0	74.0	0.0	0.0	0.0	0.0	0.0	0.0	0.0	0.0	0.0	0.0	0.0	0.0	0.0	0.0	0.0	0.0	0.0	0.0	0.0	0.0	0.0	0.0	0.0	0.0	9.0	0.0	0.0	0.0	0.0	0.0	0.0	0.0	0.0	0.0	0.0	0.0	0.0	0.0	0.0	0.0	0.0	0.0	0.0	0.0	0.0	0.0	0.0	0.0	0.0	0.0	0.0	0.0	0.0	0.0	0.0	0.0	0.0	0.0	0.0	0.0	0.0	0.0	0.0	0.0	0.0	0.0	0.0	0.0	0.0	0.0	0.0	0.0	0.0	0.0	0.0	0.0	0.0	0.0	0.0	0.0	0.0	0.0	0.0	0.0	0.0	0.0	0.0	0.0	0.0	0.0	0.0	0.0	0.0	0.0	0.0	0.0	0.0	0.0	0.0	0.0	0.0	0.0	0.0	0.0	0.0	0.0	0.0
SRR9612730	0.0	223.0	0.0	0.0	124.0	38.0	5.0	5.0	6813.0	427.0	0.0	19.0	97.0	1004.0	3.0	773.0	3.0	19.0	4.0	7279.0	176.0	0.0	35.0	17.0	65.0	0.0	0.0	616.0	45.0	0.0	10.0	126.0	19.0	73.0	0.0	0.0	0.0	99.0	152.0	34.0	19.0	189.0	0.0	0.0	0.0	0.0	2.0	0.0	0.0	0.0	0.0	0.0	0.0	0.0	0.0	0.0	3.0	20.0	0.0	0.0	59.0	233.0	0.0	0.0	0.0	0.0	212.0	4.0	164.0	0.0	169.0	0.0	0.0	0.0	65.0	0.0	0.0	12.0	40.0	91.0	108.0	0.0	18.0	0.0	0.0	0.0	481.0	0.0	0.0	0.0	0.0	0.0	0.0	64.0	0.0	0.0	0.0	45.0	9.0	0.0	0.0	91.0	211.0	0.0	0.0	0.0	5.0	0.0	0.0	0.0	0.0	0.0	7.0	20.0	6.0	0.0	0.0	0.0	22.0	0.0	0.0	0.0	0.0	0.0	0.0	0.0	0.0	0.0	0.0	287.0	10.0	113.0	137.0	0.0	7.0	0.0	0.0	0.0	0.0	0.0	0.0	0.0	0.0	0.0	0.0	0.0	6.0	3.0	5.0	0.0	11.0	0.0	0.0	0.0	0.0	545.0	6.0	0.0	0.0	0.0	0.0	0.0	499.0	0.0	8.0	0.0	5.0	0.0	0.0	0.0	0.0	0.0	23.0	5.0	0.0	0.0	0.0	0.0	0.0	19.0	0.0	0.0	0.0	12.0	0.0	0.0	15.0	0.0	0.0	0.0	0.0	0.0	0.0	0.0	60.0	0.0	700.0	0.0	0.0	0.0	0.0	0.0	0.0	0.0	25.0	0.0	0.0	11.0	0.0	0.0	6.0	7.0	136.0	0.0	0.0	0.0	0.0	0.0	0.0	0.0	0.0	0.0	0.0	0.0	0.0	0.0	0.0	0.0	3.0	0.0	0.0	0.0	0.0	0.0	0.0	0.0	0.0	0.0	0.0	0.0	0.0	0.0	0.0	5.0	0.0	0.0	0.0	0.0	0.0	0.0	0.0	0.0	0.0	0.0	0.0	0.0	0.0	0.0	0.0	0.0	0.0	0.0	0.0	0.0	0.0	0.0	0.0	0.0	0.0	0.0	0.0	0.0	0.0	0.0	0.0	0.0	0.0	0.0	0.0	0.0	0.0	0.0	0.0	0.0	0.0	0.0	0.0	0.0	0.0	0.0	0.0	0.0	0.0	0.0	0.0	0.0	0.0	0.0	0.0	0.0	0.0	0.0	0.0	0.0	0.0	0.0	0.0	0.0	0.0	0.0	0.0	0.0	0.0	0.0	0.0	0.0	0.0	0.0	0.0	0.0	0.0	0.0	0.0	0.0	0.0	0.0
SRR9612731	0.0	171.0	1060.0	12.0	8.0	2496.0	129.0	0.0	4081.0	117.0	10.0	14.0	326.0	140.0	0.0	513.0	15.0	25.0	37.0	1640.0	91.0	0.0	51.0	303.0	2424.0	0.0	0.0	36.0	114.0	44.0	0.0	90.0	0.0	7.0	24.0	0.0	0.0	158.0	6.0	13.0	79.0	306.0	2.0	111.0	7.0	10.0	0.0	0.0	0.0	0.0	26.0	5.0	0.0	0.0	0.0	0.0	149.0	35.0	0.0	204.0	19.0	96.0	311.0	0.0	0.0	0.0	11.0	22.0	231.0	16.0	242.0	1018.0	87.0	0.0	128.0	18.0	87.0	0.0	13.0	14.0	22.0	46.0	676.0	12.0	25.0	15.0	111.0	0.0	0.0	99.0	39.0	0.0	4.0	112.0	10.0	10.0	0.0	26.0	250.0	0.0	0.0	60.0	37.0	22.0	2.0	336.0	0.0	0.0	0.0	0.0	51.0	0.0	0.0	49.0	28.0	0.0	4.0	0.0	76.0	19.0	13.0	0.0	0.0	0.0	186.0	634.0	0.0	112.0	220.0	67.0	0.0	61.0	19.0	0.0	0.0	0.0	0.0	0.0	0.0	0.0	0.0	0.0	0.0	0.0	0.0	0.0	304.0	0.0	56.0	0.0	25.0	52.0	0.0	5.0	0.0	34.0	86.0	102.0	5.0	0.0	78.0	0.0	33.0	0.0	11.0	0.0	0.0	0.0	6.0	35.0	26.0	0.0	0.0	124.0	51.0	0.0	0.0	0.0	0.0	4.0	5.0	0.0	0.0	20.0	0.0	0.0	185.0	5.0	36.0	0.0	6.0	0.0	3.0	0.0	0.0	0.0	31.0	0.0	0.0	3.0	52.0	0.0	23.0	0.0	0.0	26.0	0.0	0.0	0.0	0.0	21.0	0.0	0.0	0.0	3.0	6.0	45.0	0.0	76.0	0.0	0.0	0.0	0.0	0.0	0.0	9.0	6.0	0.0	28.0	8.0	0.0	0.0	18.0	0.0	0.0	0.0	0.0	0.0	0.0	0.0	0.0	0.0	0.0	0.0	0.0	0.0	0.0	0.0	0.0	0.0	0.0	0.0	0.0	0.0	0.0	0.0	14.0	0.0	0.0	0.0	6.0	0.0	7.0	0.0	0.0	0.0	0.0	0.0	0.0	9.0	0.0	0.0	0.0	0.0	0.0	0.0	0.0	0.0	0.0	0.0	0.0	0.0	0.0	0.0	0.0	0.0	0.0	0.0	0.0	0.0	0.0	0.0	0.0	0.0	29.0	0.0	0.0	0.0	0.0	0.0	0.0	0.0	0.0	0.0	0.0	0.0	0.0	0.0	0.0	0.0	0.0	0.0	0.0	0.0	0.0	0.0	0.0	0.0	0.0	0.0	0.0	0.0	0.0	0.0	0.0	0.0
SRR9612732	0.0	97.0	668.0	0.0	207.0	1701.0	71.0	32.0	4512.0	143.0	0.0	8.0	135.0	129.0	6.0	414.0	28.0	18.0	68.0	1351.0	73.0	0.0	13.0	248.0	1813.0	0.0	0.0	73.0	16.0	9.0	60.0	121.0	0.0	3.0	0.0	2.0	0.0	153.0	0.0	7.0	45.0	277.0	11.0	5.0	18.0	12.0	0.0	17.0	6.0	0.0	51.0	0.0	6.0	0.0	0.0	8.0	239.0	45.0	12.0	191.0	58.0	158.0	538.0	0.0	18.0	23.0	62.0	10.0	69.0	19.0	146.0	394.0	55.0	5.0	106.0	26.0	101.0	0.0	36.0	9.0	9.0	25.0	582.0	20.0	22.0	12.0	101.0	0.0	0.0	55.0	38.0	0.0	2.0	132.0	23.0	23.0	0.0	9.0	90.0	0.0	0.0	37.0	109.0	2.0	3.0	161.0	12.0	0.0	0.0	0.0	50.0	0.0	0.0	136.0	19.0	11.0	3.0	0.0	228.0	0.0	0.0	0.0	0.0	0.0	178.0	741.0	4.0	59.0	181.0	17.0	29.0	97.0	13.0	7.0	7.0	0.0	0.0	0.0	0.0	0.0	21.0	10.0	0.0	15.0	0.0	11.0	261.0	34.0	7.0	0.0	32.0	63.0	0.0	0.0	0.0	125.0	252.0	133.0	32.0	0.0	76.0	0.0	20.0	11.0	12.0	0.0	0.0	0.0	8.0	0.0	0.0	0.0	3.0	119.0	6.0	0.0	0.0	0.0	0.0	3.0	0.0	0.0	1.0	13.0	0.0	0.0	109.0	0.0	30.0	0.0	0.0	0.0	0.0	0.0	0.0	0.0	75.0	0.0	0.0	0.0	39.0	0.0	8.0	0.0	23.0	37.0	9.0	0.0	0.0	0.0	20.0	4.0	11.0	0.0	20.0	0.0	95.0	0.0	49.0	0.0	0.0	3.0	0.0	0.0	0.0	7.0	0.0	0.0	58.0	23.0	0.0	0.0	14.0	9.0	0.0	0.0	0.0	0.0	0.0	0.0	0.0	0.0	0.0	0.0	0.0	0.0	0.0	0.0	5.0	0.0	0.0	0.0	0.0	0.0	17.0	0.0	37.0	0.0	13.0	0.0	0.0	0.0	0.0	0.0	0.0	0.0	0.0	0.0	0.0	0.0	0.0	0.0	0.0	0.0	0.0	0.0	0.0	0.0	0.0	0.0	0.0	0.0	0.0	0.0	0.0	0.0	0.0	0.0	0.0	0.0	0.0	0.0	0.0	0.0	13.0	0.0	0.0	0.0	0.0	0.0	0.0	0.0	0.0	0.0	0.0	0.0	0.0	0.0	0.0	0.0	0.0	0.0	0.0	0.0	0.0	0.0	0.0	0.0	0.0	0.0	0.0	0.0	0.0	0.0	0.0	0.0
SRR9612733	0.0	155.0	506.0	0.0	16.0	1652.0	39.0	0.0	1872.0	86.0	0.0	0.0	161.0	73.0	0.0	462.0	30.0	9.0	20.0	1446.0	67.0	0.0	0.0	206.0	1256.0	0.0	0.0	0.0	58.0	22.0	23.0	59.0	0.0	0.0	0.0	0.0	0.0	42.0	0.0	9.0	67.0	133.0	0.0	7.0	22.0	5.0	0.0	7.0	0.0	0.0	13.0	0.0	6.0	0.0	3.0	7.0	183.0	64.0	12.0	105.0	17.0	95.0	210.0	0.0	0.0	0.0	0.0	0.0	113.0	0.0	165.0	378.0	4.0	6.0	78.0	20.0	59.0	0.0	11.0	0.0	0.0	27.0	386.0	8.0	18.0	9.0	88.0	0.0	0.0	105.0	69.0	0.0	0.0	35.0	17.0	0.0	2.0	16.0	85.0	0.0	0.0	26.0	38.0	0.0	7.0	75.0	0.0	0.0	0.0	0.0	24.0	0.0	0.0	27.0	8.0	0.0	0.0	7.0	47.0	20.0	5.0	0.0	0.0	0.0	134.0	360.0	6.0	72.0	78.0	46.0	2.0	118.0	0.0	7.0	0.0	0.0	0.0	0.0	0.0	0.0	23.0	0.0	0.0	0.0	0.0	0.0	196.0	10.0	43.0	0.0	21.0	46.0	0.0	0.0	0.0	61.0	58.0	81.0	14.0	0.0	35.0	0.0	34.0	0.0	7.0	0.0	0.0	0.0	0.0	17.0	11.0	0.0	0.0	33.0	12.0	0.0	0.0	0.0	0.0	4.0	0.0	0.0	0.0	6.0	0.0	0.0	122.0	0.0	14.0	0.0	6.0	0.0	0.0	0.0	0.0	0.0	28.0	0.0	0.0	0.0	34.0	0.0	27.0	0.0	0.0	0.0	6.0	0.0	0.0	0.0	9.0	0.0	0.0	0.0	0.0	0.0	32.0	0.0	9.0	0.0	0.0	0.0	0.0	0.0	0.0	5.0	0.0	0.0	24.0	0.0	0.0	0.0	12.0	5.0	0.0	0.0	0.0	0.0	0.0	0.0	0.0	0.0	0.0	0.0	0.0	0.0	0.0	0.0	0.0	0.0	2.0	0.0	0.0	0.0	0.0	0.0	19.0	0.0	0.0	0.0	3.0	0.0	0.0	0.0	0.0	0.0	0.0	0.0	0.0	0.0	0.0	0.0	0.0	0.0	0.0	0.0	0.0	0.0	0.0	0.0	0.0	0.0	0.0	0.0	0.0	0.0	0.0	0.0	0.0	0.0	0.0	0.0	0.0	0.0	11.0	0.0	0.0	0.0	0.0	0.0	0.0	0.0	0.0	0.0	0.0	0.0	0.0	0.0	0.0	0.0	0.0	0.0	0.0	0.0	0.0	0.0	0.0	0.0	0.0	0.0	0.0	0.0	0.0	0.0	0.0	0.0
SRR9612734	0.0	116.0	594.0	0.0	21.0	1859.0	43.0	32.0	2366.0	232.0	0.0	15.0	186.0	109.0	10.0	399.0	30.0	19.0	58.0	1249.0	85.0	0.0	26.0	274.0	1731.0	0.0	0.0	34.0	8.0	12.0	73.0	54.0	0.0	16.0	0.0	0.0	0.0	139.0	0.0	22.0	63.0	244.0	0.0	54.0	17.0	0.0	2.0	3.0	0.0	0.0	30.0	11.0	0.0	6.0	0.0	5.0	463.0	34.0	22.0	146.0	75.0	180.0	740.0	0.0	0.0	0.0	37.0	18.0	87.0	0.0	194.0	510.0	97.0	9.0	96.0	23.0	91.0	0.0	38.0	30.0	7.0	38.0	631.0	7.0	12.0	0.0	140.0	0.0	0.0	88.0	52.0	0.0	0.0	137.0	8.0	13.0	2.0	19.0	149.0	2.0	0.0	38.0	129.0	0.0	0.0	138.0	21.0	0.0	0.0	0.0	50.0	0.0	2.0	141.0	0.0	0.0	0.0	0.0	297.0	7.0	7.0	6.0	0.0	0.0	140.0	994.0	0.0	153.0	136.0	17.0	0.0	111.0	13.0	12.0	0.0	0.0	0.0	0.0	0.0	0.0	10.0	0.0	0.0	10.0	9.0	0.0	237.0	87.0	31.0	0.0	70.0	96.0	2.0	3.0	5.0	70.0	132.0	123.0	64.0	0.0	73.0	2.0	0.0	39.0	0.0	0.0	0.0	8.0	0.0	0.0	6.0	0.0	8.0	89.0	16.0	0.0	0.0	10.0	0.0	0.0	9.0	0.0	0.0	19.0	4.0	0.0	132.0	0.0	31.0	0.0	18.0	0.0	0.0	0.0	0.0	2.0	125.0	0.0	0.0	0.0	17.0	0.0	6.0	0.0	16.0	8.0	0.0	0.0	0.0	0.0	13.0	0.0	6.0	0.0	12.0	4.0	86.0	0.0	45.0	0.0	0.0	5.0	0.0	0.0	0.0	2.0	0.0	0.0	64.0	19.0	0.0	0.0	15.0	22.0	0.0	0.0	0.0	0.0	0.0	0.0	0.0	0.0	3.0	0.0	0.0	0.0	4.0	0.0	0.0	0.0	0.0	0.0	0.0	0.0	0.0	0.0	36.0	0.0	0.0	0.0	5.0	0.0	0.0	0.0	0.0	0.0	0.0	0.0	0.0	0.0	0.0	0.0	0.0	0.0	0.0	0.0	0.0	0.0	0.0	0.0	0.0	0.0	0.0	0.0	0.0	0.0	0.0	0.0	0.0	0.0	0.0	0.0	0.0	0.0	37.0	0.0	0.0	0.0	0.0	0.0	0.0	0.0	0.0	0.0	0.0	0.0	0.0	0.0	0.0	0.0	0.0	0.0	0.0	0.0	0.0	0.0	0.0	0.0	0.0	0.0	0.0	0.0	0.0	0.0	0.0	0.0
SRR9612735	0.0	460.0	2748.0	5.0	30.0	4457.0	219.0	5.0	3971.0	165.0	0.0	30.0	418.0	204.0	12.0	514.0	55.0	30.0	140.0	1180.0	158.0	0.0	89.0	443.0	4536.0	0.0	0.0	24.0	0.0	35.0	20.0	83.0	7.0	6.0	12.0	5.0	0.0	172.0	6.0	9.0	116.0	271.0	6.0	19.0	0.0	0.0	3.0	0.0	8.0	0.0	28.0	9.0	0.0	0.0	0.0	0.0	299.0	78.0	13.0	153.0	18.0	161.0	529.0	0.0	4.0	0.0	0.0	40.0	283.0	0.0	272.0	1276.0	86.0	20.0	195.0	39.0	148.0	0.0	20.0	14.0	19.0	154.0	699.0	0.0	40.0	13.0	230.0	0.0	0.0	166.0	32.0	0.0	0.0	110.0	36.0	13.0	0.0	0.0	211.0	0.0	7.0	52.0	71.0	0.0	0.0	283.0	0.0	0.0	0.0	0.0	81.0	0.0	0.0	43.0	5.0	0.0	5.0	0.0	59.0	4.0	3.0	0.0	0.0	0.0	237.0	974.0	9.0	248.0	350.0	74.0	0.0	41.0	0.0	0.0	0.0	0.0	0.0	0.0	0.0	0.0	5.0	0.0	0.0	0.0	0.0	12.0	610.0	0.0	64.0	0.0	98.0	119.0	0.0	0.0	7.0	89.0	58.0	198.0	13.0	0.0	235.0	0.0	25.0	15.0	6.0	0.0	0.0	0.0	4.0	70.0	18.0	0.0	0.0	122.0	17.0	0.0	0.0	8.0	0.0	0.0	3.0	0.0	0.0	9.0	0.0	0.0	242.0	4.0	18.0	0.0	8.0	0.0	0.0	0.0	0.0	0.0	0.0	0.0	0.0	2.0	10.0	0.0	7.0	0.0	0.0	26.0	14.0	0.0	0.0	0.0	29.0	0.0	0.0	0.0	0.0	0.0	27.0	0.0	60.0	0.0	0.0	0.0	0.0	0.0	0.0	19.0	0.0	0.0	70.0	10.0	0.0	0.0	33.0	0.0	0.0	0.0	0.0	0.0	2.0	0.0	0.0	0.0	0.0	0.0	0.0	0.0	0.0	0.0	0.0	0.0	0.0	0.0	0.0	0.0	0.0	0.0	21.0	0.0	0.0	0.0	0.0	0.0	0.0	0.0	0.0	0.0	0.0	0.0	0.0	0.0	0.0	0.0	0.0	0.0	0.0	0.0	0.0	0.0	0.0	0.0	6.0	0.0	0.0	0.0	0.0	0.0	0.0	0.0	0.0	0.0	0.0	0.0	0.0	0.0	22.0	0.0	0.0	0.0	0.0	0.0	0.0	0.0	0.0	0.0	0.0	0.0	0.0	0.0	0.0	0.0	0.0	0.0	0.0	0.0	0.0	0.0	0.0	0.0	0.0	0.0	4.0	0.0	0.0	0.0	0.0	0.0
SRR9612738	0.0	244.0	1170.0	0.0	59.0	2687.0	131.0	0.0	3126.0	118.0	0.0	3.0	202.0	123.0	5.0	275.0	0.0	14.0	37.0	1111.0	122.0	0.0	37.0	300.0	1744.0	2.0	0.0	16.0	0.0	31.0	0.0	280.0	0.0	0.0	0.0	0.0	41.0	62.0	9.0	30.0	79.0	158.0	0.0	47.0	12.0	0.0	0.0	0.0	9.0	0.0	6.0	10.0	0.0	0.0	0.0	0.0	125.0	28.0	18.0	75.0	27.0	109.0	243.0	0.0	9.0	0.0	13.0	28.0	148.0	0.0	117.0	522.0	11.0	12.0	96.0	18.0	39.0	0.0	10.0	76.0	10.0	87.0	475.0	0.0	5.0	12.0	119.0	2.0	0.0	96.0	0.0	0.0	0.0	116.0	19.0	10.0	0.0	14.0	198.0	0.0	0.0	59.0	75.0	0.0	0.0	172.0	3.0	0.0	0.0	0.0	50.0	0.0	0.0	43.0	0.0	0.0	0.0	0.0	75.0	6.0	19.0	0.0	0.0	0.0	100.0	415.0	0.0	120.0	155.0	16.0	0.0	39.0	0.0	0.0	0.0	0.0	0.0	0.0	0.0	0.0	0.0	0.0	0.0	3.0	0.0	12.0	403.0	16.0	69.0	2.0	94.0	53.0	2.0	0.0	0.0	67.0	20.0	81.0	4.0	0.0	91.0	0.0	27.0	6.0	3.0	0.0	0.0	0.0	0.0	67.0	10.0	0.0	0.0	63.0	0.0	30.0	0.0	12.0	0.0	0.0	0.0	0.0	0.0	25.0	0.0	0.0	145.0	0.0	28.0	0.0	6.0	0.0	0.0	0.0	7.0	0.0	4.0	0.0	0.0	0.0	0.0	0.0	8.0	0.0	0.0	21.0	5.0	0.0	0.0	0.0	16.0	7.0	0.0	0.0	5.0	0.0	46.0	0.0	32.0	0.0	0.0	0.0	0.0	0.0	2.0	4.0	0.0	0.0	35.0	20.0	0.0	0.0	14.0	0.0	0.0	0.0	0.0	0.0	0.0	0.0	0.0	0.0	0.0	0.0	0.0	0.0	0.0	0.0	0.0	0.0	0.0	0.0	0.0	0.0	0.0	0.0	15.0	3.0	0.0	0.0	0.0	0.0	0.0	0.0	0.0	0.0	0.0	0.0	0.0	0.0	0.0	0.0	0.0	0.0	0.0	0.0	0.0	0.0	0.0	0.0	0.0	0.0	0.0	0.0	0.0	0.0	0.0	0.0	0.0	0.0	0.0	0.0	0.0	0.0	23.0	0.0	0.0	0.0	0.0	0.0	0.0	0.0	0.0	0.0	0.0	0.0	0.0	0.0	0.0	0.0	0.0	0.0	0.0	0.0	0.0	0.0	0.0	0.0	0.0	0.0	0.0	0.0	0.0	0.0	0.0	0.0
SRR9612740	0.0	289.0	868.0	7.0	0.0	3121.0	101.0	0.0	1702.0	197.0	0.0	6.0	250.0	171.0	0.0	154.0	0.0	8.0	25.0	277.0	146.0	0.0	20.0	253.0	916.0	0.0	11.0	0.0	0.0	36.0	4.0	30.0	14.0	5.0	13.0	0.0	5.0	103.0	10.0	11.0	74.0	236.0	2.0	8.0	15.0	0.0	5.0	0.0	0.0	0.0	16.0	11.0	0.0	0.0	0.0	0.0	43.0	37.0	11.0	120.0	29.0	111.0	169.0	0.0	0.0	0.0	6.0	27.0	24.0	0.0	156.0	247.0	27.0	6.0	29.0	12.0	58.0	0.0	0.0	3.0	0.0	103.0	222.0	2.0	11.0	12.0	119.0	0.0	0.0	151.0	14.0	0.0	0.0	109.0	12.0	17.0	0.0	0.0	83.0	0.0	0.0	78.0	53.0	0.0	0.0	229.0	0.0	0.0	0.0	0.0	39.0	0.0	0.0	13.0	8.0	0.0	0.0	5.0	15.0	0.0	0.0	0.0	3.0	0.0	113.0	248.0	10.0	208.0	114.0	53.0	0.0	70.0	0.0	2.0	0.0	3.0	13.0	0.0	0.0	0.0	14.0	0.0	0.0	0.0	2.0	6.0	451.0	11.0	101.0	0.0	94.0	23.0	0.0	0.0	3.0	63.0	17.0	46.0	10.0	0.0	105.0	0.0	23.0	4.0	0.0	0.0	0.0	0.0	12.0	22.0	21.0	0.0	0.0	44.0	0.0	0.0	0.0	0.0	0.0	0.0	4.0	0.0	0.0	12.0	0.0	0.0	183.0	0.0	26.0	0.0	7.0	0.0	0.0	0.0	0.0	0.0	0.0	0.0	0.0	0.0	0.0	0.0	15.0	0.0	11.0	13.0	0.0	0.0	0.0	0.0	13.0	0.0	0.0	0.0	10.0	0.0	43.0	0.0	28.0	0.0	0.0	0.0	0.0	0.0	0.0	4.0	0.0	0.0	21.0	0.0	0.0	0.0	13.0	5.0	0.0	0.0	0.0	0.0	5.0	0.0	0.0	0.0	0.0	0.0	0.0	0.0	0.0	0.0	0.0	0.0	0.0	0.0	0.0	0.0	0.0	0.0	13.0	0.0	0.0	0.0	0.0	0.0	0.0	0.0	0.0	0.0	0.0	0.0	0.0	0.0	0.0	0.0	0.0	0.0	0.0	0.0	2.0	0.0	0.0	0.0	0.0	0.0	0.0	0.0	0.0	0.0	0.0	0.0	0.0	0.0	0.0	0.0	0.0	0.0	21.0	0.0	0.0	0.0	0.0	0.0	0.0	0.0	0.0	0.0	0.0	0.0	0.0	0.0	0.0	0.0	0.0	0.0	0.0	0.0	0.0	0.0	0.0	0.0	0.0	0.0	0.0	0.0	0.0	0.0	0.0	0.0
SRR9612741	0.0	267.0	1132.0	0.0	7.0	3101.0	195.0	4.0	2362.0	126.0	0.0	7.0	279.0	174.0	0.0	349.0	22.0	8.0	104.0	587.0	182.0	0.0	8.0	242.0	1292.0	0.0	0.0	7.0	0.0	24.0	7.0	41.0	0.0	0.0	0.0	0.0	0.0	67.0	28.0	15.0	101.0	495.0	3.0	16.0	12.0	0.0	3.0	3.0	7.0	0.0	12.0	0.0	0.0	0.0	0.0	0.0	67.0	66.0	0.0	146.0	27.0	100.0	202.0	0.0	0.0	0.0	0.0	21.0	56.0	0.0	161.0	327.0	27.0	3.0	52.0	6.0	69.0	0.0	0.0	21.0	0.0	118.0	424.0	0.0	10.0	13.0	143.0	0.0	0.0	160.0	11.0	0.0	0.0	144.0	19.0	14.0	0.0	0.0	131.0	0.0	0.0	69.0	70.0	0.0	0.0	176.0	0.0	0.0	0.0	0.0	36.0	0.0	0.0	42.0	34.0	0.0	0.0	0.0	20.0	7.0	8.0	0.0	0.0	0.0	127.0	303.0	10.0	102.0	159.0	31.0	0.0	31.0	0.0	0.0	0.0	3.0	0.0	0.0	0.0	0.0	0.0	0.0	0.0	0.0	0.0	0.0	438.0	14.0	61.0	0.0	41.0	20.0	0.0	0.0	0.0	59.0	19.0	53.0	27.0	0.0	112.0	0.0	0.0	0.0	0.0	0.0	0.0	2.0	10.0	33.0	30.0	0.0	13.0	62.0	1.0	0.0	0.0	5.0	0.0	0.0	9.0	0.0	0.0	18.0	0.0	0.0	209.0	0.0	51.0	0.0	19.0	0.0	0.0	0.0	0.0	0.0	0.0	0.0	0.0	0.0	3.0	0.0	14.0	0.0	1.0	18.0	0.0	0.0	0.0	0.0	12.0	0.0	0.0	0.0	5.0	0.0	48.0	0.0	57.0	0.0	0.0	0.0	0.0	0.0	0.0	6.0	2.0	2.0	55.0	0.0	0.0	0.0	25.0	7.0	0.0	0.0	0.0	0.0	0.0	0.0	0.0	0.0	0.0	0.0	0.0	0.0	0.0	0.0	0.0	0.0	0.0	0.0	0.0	0.0	0.0	0.0	21.0	0.0	0.0	0.0	0.0	0.0	0.0	0.0	0.0	0.0	0.0	0.0	0.0	0.0	0.0	0.0	0.0	0.0	0.0	0.0	0.0	0.0	0.0	0.0	0.0	0.0	0.0	0.0	0.0	0.0	0.0	0.0	0.0	0.0	0.0	0.0	0.0	0.0	14.0	0.0	0.0	0.0	0.0	0.0	0.0	0.0	0.0	0.0	0.0	0.0	0.0	0.0	0.0	0.0	0.0	0.0	0.0	0.0	0.0	0.0	0.0	0.0	0.0	0.0	0.0	0.0	0.0	0.0	0.0	0.0
SRR9612742	0.0	445.0	1863.0	0.0	25.0	5853.0	326.0	12.0	4381.0	170.0	0.0	23.0	915.0	259.0	25.0	703.0	52.0	46.0	206.0	1693.0	219.0	0.0	76.0	467.0	4160.0	0.0	0.0	11.0	6.0	54.0	0.0	162.0	21.0	6.0	8.0	0.0	20.0	188.0	24.0	40.0	149.0	564.0	0.0	465.0	21.0	0.0	0.0	0.0	14.0	0.0	17.0	20.0	0.0	8.0	17.0	7.0	216.0	91.0	0.0	195.0	31.0	160.0	588.0	0.0	0.0	0.0	19.0	0.0	297.0	0.0	352.0	1577.0	90.0	11.0	137.0	37.0	118.0	5.0	16.0	44.0	0.0	211.0	825.0	0.0	74.0	8.0	291.0	0.0	0.0	283.0	16.0	0.0	0.0	336.0	19.0	10.0	0.0	18.0	317.0	0.0	6.0	73.0	72.0	0.0	0.0	429.0	7.0	0.0	0.0	0.0	102.0	0.0	15.0	76.0	35.0	0.0	2.0	6.0	34.0	37.0	33.0	0.0	0.0	0.0	310.0	1006.0	10.0	400.0	290.0	126.0	5.0	63.0	0.0	2.0	0.0	15.0	0.0	0.0	0.0	0.0	19.0	15.0	4.0	0.0	0.0	18.0	913.0	15.0	159.0	0.0	67.0	43.0	0.0	0.0	7.0	52.0	76.0	181.0	15.0	0.0	163.0	0.0	48.0	17.0	5.0	0.0	0.0	0.0	8.0	0.0	43.0	0.0	0.0	230.0	36.0	5.0	0.0	5.0	0.0	0.0	7.0	0.0	0.0	9.0	0.0	0.0	303.0	0.0	64.0	0.0	17.0	0.0	0.0	0.0	16.0	0.0	0.0	0.0	5.0	3.0	3.0	0.0	5.0	0.0	14.0	26.0	27.0	7.0	0.0	0.0	40.0	0.0	0.0	0.0	0.0	0.0	54.0	0.0	99.0	0.0	0.0	0.0	0.0	0.0	0.0	10.0	2.0	0.0	66.0	0.0	0.0	0.0	35.0	26.0	0.0	0.0	0.0	0.0	0.0	0.0	0.0	0.0	0.0	0.0	0.0	0.0	0.0	0.0	0.0	0.0	0.0	0.0	0.0	0.0	0.0	0.0	16.0	7.0	0.0	0.0	0.0	0.0	0.0	0.0	4.0	0.0	0.0	0.0	0.0	0.0	0.0	0.0	0.0	0.0	0.0	0.0	0.0	0.0	0.0	0.0	0.0	3.0	0.0	0.0	0.0	0.0	0.0	0.0	0.0	0.0	0.0	0.0	0.0	0.0	46.0	0.0	0.0	0.0	0.0	0.0	0.0	0.0	0.0	0.0	0.0	0.0	0.0	0.0	0.0	0.0	0.0	0.0	0.0	0.0	0.0	0.0	0.0	0.0	0.0	0.0	0.0	0.0	0.0	0.0	0.0	0.0
SRR9612745	0.0	52.0	17.0	0.0	46.0	26.0	0.0	0.0	7095.0	144.0	0.0	7.0	1125.0	125.0	0.0	552.0	3.0	0.0	6.0	32.0	11.0	0.0	0.0	0.0	73.0	0.0	0.0	16.0	0.0	0.0	0.0	4.0	0.0	0.0	0.0	0.0	0.0	29.0	14.0	0.0	7.0	23.0	0.0	6.0	3.0	0.0	0.0	0.0	0.0	0.0	0.0	0.0	0.0	0.0	0.0	0.0	0.0	38.0	0.0	0.0	18.0	140.0	0.0	0.0	0.0	0.0	0.0	0.0	179.0	0.0	62.0	20.0	4.0	0.0	0.0	0.0	6.0	0.0	5.0	0.0	18.0	14.0	0.0	0.0	2.0	0.0	64.0	0.0	0.0	0.0	0.0	0.0	0.0	16.0	0.0	0.0	0.0	8.0	38.0	0.0	0.0	186.0	0.0	0.0	0.0	0.0	0.0	0.0	0.0	0.0	0.0	0.0	0.0	0.0	0.0	0.0	0.0	0.0	3.0	0.0	0.0	0.0	0.0	0.0	0.0	0.0	0.0	7.0	0.0	417.0	0.0	18.0	0.0	0.0	0.0	9.0	0.0	0.0	18.0	0.0	0.0	0.0	0.0	4.0	0.0	0.0	18.0	0.0	16.0	0.0	0.0	0.0	0.0	0.0	0.0	25.0	0.0	0.0	0.0	0.0	8.0	0.0	60.0	0.0	0.0	0.0	0.0	0.0	0.0	0.0	0.0	0.0	0.0	9.0	0.0	0.0	0.0	0.0	0.0	0.0	0.0	0.0	0.0	0.0	0.0	0.0	0.0	0.0	0.0	0.0	0.0	0.0	0.0	0.0	0.0	0.0	0.0	0.0	3.0	0.0	0.0	0.0	7.0	0.0	0.0	0.0	0.0	0.0	0.0	0.0	0.0	0.0	5.0	0.0	0.0	0.0	0.0	0.0	21.0	0.0	0.0	0.0	0.0	0.0	0.0	0.0	0.0	0.0	0.0	0.0	0.0	0.0	0.0	0.0	0.0	0.0	0.0	0.0	0.0	0.0	0.0	0.0	0.0	0.0	0.0	0.0	0.0	0.0	0.0	0.0	0.0	0.0	0.0	0.0	0.0	0.0	0.0	0.0	0.0	0.0	0.0	0.0	0.0	0.0	0.0	0.0	0.0	0.0	0.0	0.0	0.0	0.0	0.0	0.0	0.0	0.0	0.0	0.0	0.0	0.0	0.0	0.0	0.0	0.0	0.0	0.0	0.0	0.0	0.0	0.0	0.0	0.0	0.0	0.0	0.0	0.0	0.0	0.0	0.0	0.0	0.0	0.0	0.0	0.0	0.0	0.0	0.0	0.0	0.0	0.0	0.0	0.0	0.0	0.0	0.0	0.0	0.0	0.0	0.0	0.0	0.0	0.0	0.0	0.0	0.0	0.0
SRR9612746	0.0	393.0	3057.0	21.0	10.0	5114.0	291.0	24.0	5570.0	456.0	0.0	99.0	763.0	421.0	14.0	927.0	92.0	121.0	705.0	953.0	721.0	0.0	232.0	613.0	5806.0	71.0	24.0	0.0	8.0	49.0	23.0	41.0	0.0	0.0	0.0	1.0	7.0	132.0	197.0	5.0	110.0	1773.0	6.0	527.0	33.0	0.0	2.0	0.0	0.0	0.0	39.0	0.0	0.0	0.0	0.0	2.0	165.0	183.0	32.0	697.0	190.0	591.0	469.0	0.0	0.0	0.0	9.0	33.0	272.0	0.0	565.0	1722.0	241.0	75.0	199.0	88.0	326.0	0.0	22.0	462.0	0.0	376.0	575.0	9.0	27.0	17.0	368.0	27.0	0.0	290.0	6.0	0.0	0.0	371.0	75.0	20.0	0.0	14.0	758.0	0.0	7.0	171.0	39.0	0.0	0.0	312.0	10.0	0.0	12.0	0.0	91.0	0.0	48.0	293.0	37.0	0.0	0.0	0.0	236.0	36.0	24.0	0.0	0.0	0.0	247.0	1700.0	5.0	466.0	686.0	294.0	0.0	104.0	0.0	4.0	6.0	38.0	7.0	0.0	0.0	0.0	16.0	29.0	0.0	0.0	0.0	49.0	781.0	23.0	159.0	0.0	131.0	85.0	0.0	0.0	10.0	104.0	0.0	211.0	63.0	0.0	440.0	0.0	20.0	22.0	0.0	0.0	0.0	5.0	4.0	67.0	83.0	0.0	48.0	300.0	13.0	0.0	0.0	22.0	0.0	0.0	18.0	0.0	0.0	20.0	0.0	0.0	287.0	0.0	44.0	11.0	46.0	0.0	0.0	0.0	11.0	0.0	0.0	0.0	0.0	0.0	0.0	4.0	25.0	0.0	41.0	29.0	27.0	9.0	0.0	0.0	36.0	0.0	0.0	0.0	0.0	8.0	57.0	9.0	279.0	7.0	0.0	0.0	0.0	0.0	0.0	52.0	0.0	0.0	106.0	0.0	0.0	0.0	75.0	15.0	0.0	0.0	0.0	0.0	16.0	0.0	0.0	0.0	0.0	13.0	0.0	0.0	0.0	0.0	7.0	0.0	2.0	0.0	0.0	0.0	0.0	0.0	28.0	7.0	0.0	0.0	0.0	0.0	0.0	0.0	0.0	0.0	0.0	0.0	0.0	0.0	0.0	0.0	0.0	0.0	0.0	0.0	0.0	0.0	0.0	0.0	0.0	4.0	0.0	0.0	0.0	0.0	0.0	0.0	0.0	0.0	2.0	0.0	0.0	0.0	64.0	0.0	0.0	0.0	0.0	0.0	0.0	0.0	0.0	0.0	0.0	0.0	0.0	0.0	0.0	0.0	0.0	0.0	0.0	0.0	5.0	0.0	0.0	0.0	0.0	0.0	0.0	0.0	0.0	0.0	0.0	0.0
SRR9612749	0.0	2361.0	7.0	0.0	1069.0	9.0	62.0	0.0	1924.0	245.0	0.0	4.0	74.0	199.0	5.0	262.0	3.0	8.0	6.0	9535.0	8.0	0.0	0.0	2.0	53.0	0.0	0.0	361.0	0.0	0.0	0.0	0.0	75.0	15.0	0.0	0.0	0.0	196.0	0.0	18.0	52.0	0.0	348.0	0.0	0.0	0.0	0.0	0.0	0.0	0.0	0.0	0.0	8.0	0.0	0.0	0.0	0.0	16.0	0.0	0.0	7.0	51.0	0.0	0.0	0.0	114.0	290.0	648.0	314.0	43.0	45.0	0.0	0.0	0.0	64.0	8.0	0.0	49.0	40.0	0.0	70.0	5.0	328.0	0.0	0.0	0.0	525.0	0.0	0.0	0.0	0.0	0.0	0.0	0.0	0.0	0.0	0.0	19.0	15.0	0.0	0.0	44.0	5.0	0.0	0.0	3.0	0.0	0.0	0.0	0.0	0.0	0.0	0.0	0.0	0.0	0.0	29.0	0.0	0.0	0.0	0.0	0.0	63.0	0.0	68.0	0.0	0.0	0.0	0.0	113.0	107.0	18.0	0.0	0.0	0.0	8.0	0.0	0.0	0.0	0.0	0.0	0.0	0.0	0.0	0.0	3.0	0.0	0.0	0.0	0.0	80.0	0.0	0.0	0.0	0.0	44.0	0.0	0.0	0.0	0.0	0.0	0.0	221.0	0.0	10.0	0.0	6.0	0.0	0.0	58.0	5.0	0.0	0.0	0.0	37.0	84.0	0.0	0.0	0.0	7.0	0.0	0.0	0.0	8.0	0.0	0.0	0.0	0.0	0.0	0.0	0.0	0.0	0.0	0.0	0.0	0.0	33.0	0.0	0.0	0.0	2.0	0.0	9.0	0.0	0.0	0.0	0.0	0.0	0.0	0.0	0.0	9.0	0.0	0.0	0.0	0.0	0.0	0.0	0.0	0.0	0.0	0.0	0.0	0.0	0.0	0.0	0.0	0.0	0.0	0.0	0.0	0.0	0.0	0.0	0.0	0.0	0.0	0.0	0.0	0.0	0.0	0.0	0.0	0.0	0.0	0.0	0.0	0.0	0.0	13.0	0.0	0.0	0.0	0.0	0.0	0.0	0.0	0.0	0.0	0.0	0.0	0.0	0.0	0.0	0.0	0.0	0.0	0.0	0.0	0.0	0.0	0.0	0.0	0.0	0.0	0.0	0.0	0.0	0.0	0.0	0.0	0.0	0.0	0.0	0.0	0.0	0.0	0.0	0.0	0.0	0.0	0.0	0.0	0.0	0.0	0.0	0.0	10.0	0.0	0.0	0.0	0.0	0.0	0.0	0.0	0.0	0.0	0.0	0.0	0.0	0.0	0.0	0.0	0.0	0.0	0.0	0.0	0.0	0.0	0.0	0.0	0.0	0.0	0.0	0.0	0.0
SRR9612750	0.0	20.0	11.0	0.0	0.0	7.0	0.0	0.0	910.0	55.0	0.0	2.0	31.0	13.0	0.0	85.0	0.0	0.0	0.0	10765.0	0.0	0.0	3.0	0.0	41.0	0.0	0.0	171.0	0.0	0.0	0.0	0.0	0.0	0.0	0.0	0.0	0.0	111.0	0.0	33.0	0.0	13.0	9.0	0.0	0.0	0.0	0.0	0.0	0.0	0.0	0.0	0.0	0.0	0.0	3.0	0.0	0.0	0.0	0.0	0.0	0.0	23.0	0.0	0.0	0.0	10.0	15.0	0.0	20.0	5.0	22.0	0.0	0.0	0.0	5.0	0.0	0.0	0.0	36.0	0.0	9.0	0.0	23.0	0.0	0.0	0.0	202.0	0.0	0.0	0.0	0.0	0.0	0.0	0.0	0.0	0.0	6.0	0.0	10.0	0.0	0.0	0.0	0.0	0.0	0.0	3.0	0.0	0.0	0.0	0.0	0.0	0.0	0.0	0.0	0.0	0.0	6.0	0.0	0.0	0.0	0.0	0.0	0.0	0.0	0.0	0.0	0.0	0.0	3.0	6.0	54.0	0.0	0.0	0.0	0.0	3.0	0.0	2.0	0.0	0.0	0.0	0.0	0.0	0.0	0.0	0.0	0.0	0.0	0.0	0.0	0.0	0.0	0.0	0.0	0.0	0.0	0.0	0.0	0.0	0.0	0.0	0.0	73.0	0.0	5.0	0.0	0.0	0.0	0.0	7.0	0.0	0.0	0.0	0.0	0.0	0.0	0.0	0.0	0.0	0.0	0.0	0.0	0.0	0.0	0.0	0.0	20.0	0.0	11.0	0.0	0.0	0.0	0.0	0.0	0.0	0.0	0.0	0.0	0.0	0.0	0.0	0.0	0.0	0.0	0.0	0.0	0.0	0.0	0.0	0.0	0.0	5.0	0.0	0.0	0.0	0.0	0.0	0.0	0.0	0.0	0.0	0.0	0.0	0.0	0.0	0.0	0.0	0.0	0.0	0.0	0.0	0.0	0.0	0.0	0.0	0.0	0.0	0.0	0.0	0.0	0.0	0.0	0.0	0.0	0.0	0.0	0.0	0.0	0.0	0.0	0.0	0.0	0.0	0.0	0.0	0.0	0.0	0.0	0.0	0.0	0.0	0.0	0.0	0.0	0.0	0.0	0.0	0.0	0.0	0.0	0.0	0.0	0.0	0.0	0.0	0.0	0.0	0.0	0.0	0.0	0.0	0.0	0.0	0.0	0.0	0.0	0.0	0.0	0.0	0.0	0.0	0.0	0.0	0.0	0.0	0.0	0.0	0.0	0.0	0.0	0.0	0.0	0.0	0.0	0.0	0.0	0.0	0.0	0.0	0.0	0.0	0.0	0.0	0.0	0.0	0.0	0.0	0.0	0.0	0.0	0.0	0.0	0.0	0.0	0.0	0.0
SRR9612751	0.0	336.0	687.0	0.0	41.0	2467.0	86.0	10.0	2109.0	122.0	0.0	2.0	274.0	206.0	10.0	211.0	16.0	17.0	65.0	1316.0	93.0	0.0	33.0	239.0	1268.0	0.0	0.0	69.0	0.0	45.0	0.0	95.0	0.0	21.0	0.0	0.0	0.0	248.0	0.0	25.0	103.0	243.0	22.0	12.0	15.0	14.0	4.0	0.0	10.0	0.0	22.0	0.0	0.0	6.0	0.0	0.0	30.0	21.0	0.0	95.0	24.0	40.0	86.0	9.0	0.0	12.0	94.0	20.0	69.0	39.0	154.0	537.0	13.0	6.0	69.0	0.0	28.0	0.0	9.0	0.0	0.0	64.0	509.0	0.0	16.0	14.0	62.0	7.0	0.0	186.0	15.0	0.0	0.0	75.0	9.0	6.0	6.0	0.0	164.0	0.0	3.0	124.0	38.0	0.0	0.0	243.0	0.0	0.0	0.0	0.0	63.0	0.0	6.0	46.0	18.0	13.0	0.0	0.0	7.0	0.0	21.0	0.0	0.0	0.0	224.0	165.0	5.0	268.0	150.0	19.0	36.0	43.0	0.0	0.0	0.0	0.0	0.0	0.0	0.0	0.0	0.0	10.0	0.0	7.0	0.0	0.0	549.0	13.0	134.0	0.0	34.0	8.0	0.0	0.0	3.0	46.0	64.0	38.0	0.0	0.0	98.0	0.0	0.0	6.0	14.0	0.0	10.0	4.0	0.0	9.0	18.0	0.0	0.0	91.0	48.0	0.0	0.0	0.0	0.0	0.0	7.0	0.0	0.0	0.0	0.0	2.0	239.0	0.0	83.0	6.0	19.0	0.0	0.0	0.0	0.0	0.0	0.0	0.0	0.0	0.0	5.0	0.0	0.0	0.0	6.0	0.0	10.0	0.0	0.0	0.0	17.0	8.0	0.0	0.0	0.0	151.0	0.0	0.0	26.0	0.0	0.0	0.0	0.0	0.0	0.0	13.0	6.0	0.0	25.0	9.0	0.0	0.0	26.0	4.0	0.0	0.0	0.0	0.0	0.0	0.0	0.0	0.0	0.0	0.0	0.0	0.0	0.0	0.0	0.0	0.0	0.0	0.0	0.0	0.0	0.0	0.0	32.0	2.0	0.0	0.0	3.0	0.0	0.0	0.0	0.0	0.0	0.0	0.0	2.0	0.0	0.0	0.0	0.0	0.0	0.0	0.0	0.0	0.0	0.0	0.0	0.0	0.0	0.0	0.0	0.0	0.0	0.0	0.0	0.0	0.0	0.0	0.0	0.0	0.0	15.0	0.0	0.0	0.0	0.0	0.0	0.0	0.0	0.0	0.0	0.0	0.0	0.0	0.0	0.0	0.0	0.0	0.0	0.0	0.0	0.0	0.0	0.0	0.0	0.0	0.0	0.0	0.0	0.0	0.0	0.0	0.0
SRR9612752	0.0	330.0	1131.0	0.0	46.0	2346.0	110.0	10.0	3207.0	91.0	0.0	9.0	261.0	156.0	5.0	329.0	46.0	2.0	92.0	1060.0	145.0	0.0	86.0	314.0	2267.0	0.0	0.0	127.0	9.0	20.0	10.0	91.0	0.0	17.0	0.0	0.0	4.0	221.0	10.0	0.0	57.0	235.0	12.0	17.0	6.0	0.0	0.0	0.0	0.0	0.0	24.0	0.0	0.0	0.0	0.0	0.0	108.0	51.0	29.0	54.0	0.0	12.0	252.0	0.0	0.0	4.0	58.0	22.0	142.0	12.0	200.0	684.0	29.0	7.0	159.0	16.0	26.0	0.0	12.0	42.0	12.0	112.0	582.0	26.0	30.0	12.0	161.0	11.0	0.0	74.0	0.0	0.0	0.0	84.0	24.0	10.0	4.0	13.0	244.0	0.0	10.0	122.0	129.0	0.0	0.0	168.0	0.0	0.0	0.0	0.0	69.0	3.0	2.0	29.0	0.0	0.0	5.0	0.0	14.0	0.0	14.0	0.0	0.0	0.0	232.0	533.0	0.0	236.0	291.0	25.0	37.0	49.0	0.0	8.0	2.0	4.0	0.0	0.0	0.0	0.0	24.0	0.0	0.0	0.0	0.0	14.0	398.0	11.0	98.0	0.0	80.0	16.0	0.0	4.0	0.0	69.0	67.0	49.0	17.0	0.0	126.0	0.0	0.0	0.0	5.0	0.0	0.0	0.0	18.0	72.0	0.0	0.0	0.0	167.0	47.0	0.0	0.0	9.0	0.0	0.0	19.0	2.0	0.0	0.0	0.0	0.0	258.0	0.0	68.0	6.0	17.0	0.0	0.0	0.0	0.0	0.0	0.0	0.0	0.0	0.0	5.0	0.0	0.0	0.0	0.0	16.0	14.0	0.0	0.0	0.0	16.0	0.0	0.0	0.0	14.0	115.0	24.0	0.0	55.0	0.0	0.0	0.0	0.0	0.0	0.0	0.0	0.0	0.0	44.0	0.0	0.0	0.0	27.0	0.0	0.0	0.0	0.0	0.0	0.0	0.0	0.0	0.0	0.0	0.0	0.0	0.0	0.0	0.0	0.0	0.0	0.0	0.0	0.0	0.0	0.0	0.0	23.0	0.0	0.0	0.0	3.0	0.0	0.0	0.0	2.0	0.0	0.0	0.0	0.0	0.0	0.0	0.0	0.0	0.0	0.0	4.0	0.0	2.0	0.0	0.0	0.0	0.0	0.0	0.0	0.0	0.0	0.0	0.0	0.0	0.0	0.0	0.0	0.0	0.0	30.0	0.0	0.0	0.0	0.0	0.0	0.0	0.0	0.0	0.0	0.0	0.0	0.0	0.0	0.0	0.0	0.0	0.0	0.0	0.0	0.0	0.0	0.0	0.0	0.0	0.0	0.0	0.0	0.0	0.0	0.0	0.0
SRR9612753	0.0	141.0	657.0	0.0	61.0	2086.0	152.0	9.0	3190.0	34.0	0.0	2.0	186.0	132.0	2.0	191.0	46.0	11.0	67.0	1592.0	135.0	0.0	27.0	212.0	1553.0	0.0	0.0	165.0	0.0	44.0	0.0	92.0	13.0	21.0	5.0	0.0	0.0	254.0	0.0	17.0	130.0	129.0	40.0	10.0	12.0	15.0	14.0	3.0	0.0	0.0	19.0	0.0	0.0	0.0	0.0	0.0	65.0	24.0	0.0	39.0	0.0	21.0	113.0	0.0	0.0	5.0	79.0	48.0	121.0	38.0	151.0	658.0	50.0	0.0	152.0	11.0	17.0	12.0	0.0	1.0	12.0	32.0	603.0	30.0	32.0	5.0	64.0	0.0	0.0	97.0	32.0	0.0	0.0	48.0	0.0	0.0	0.0	1.0	165.0	0.0	6.0	78.0	66.0	0.0	4.0	246.0	0.0	0.0	0.0	0.0	49.0	0.0	0.0	11.0	2.0	15.0	8.0	4.0	0.0	0.0	6.0	0.0	14.0	0.0	291.0	168.0	0.0	206.0	236.0	0.0	115.0	21.0	0.0	3.0	0.0	4.0	0.0	0.0	0.0	0.0	0.0	0.0	0.0	0.0	2.0	23.0	431.0	0.0	96.0	0.0	48.0	0.0	0.0	0.0	3.0	28.0	80.0	34.0	0.0	0.0	90.0	0.0	38.0	5.0	30.0	0.0	0.0	0.0	11.0	0.0	0.0	0.0	0.0	76.0	71.0	0.0	0.0	0.0	0.0	0.0	8.0	3.0	0.0	11.0	0.0	0.0	213.0	0.0	100.0	6.0	10.0	0.0	0.0	0.0	0.0	6.0	2.0	0.0	0.0	0.0	13.0	0.0	0.0	0.0	0.0	0.0	0.0	0.0	0.0	0.0	28.0	0.0	0.0	0.0	0.0	52.0	0.0	0.0	17.0	0.0	0.0	0.0	0.0	0.0	0.0	3.0	0.0	0.0	24.0	0.0	0.0	0.0	20.0	0.0	0.0	0.0	0.0	0.0	0.0	0.0	0.0	0.0	0.0	0.0	0.0	0.0	0.0	0.0	0.0	0.0	0.0	0.0	0.0	0.0	13.0	0.0	14.0	0.0	0.0	0.0	0.0	0.0	0.0	0.0	0.0	0.0	0.0	0.0	0.0	0.0	0.0	0.0	0.0	0.0	0.0	0.0	0.0	0.0	0.0	0.0	0.0	0.0	0.0	0.0	0.0	0.0	0.0	0.0	0.0	0.0	0.0	0.0	0.0	0.0	18.0	0.0	0.0	0.0	0.0	0.0	0.0	0.0	0.0	0.0	0.0	0.0	0.0	0.0	0.0	0.0	0.0	0.0	0.0	0.0	0.0	0.0	0.0	0.0	0.0	0.0	0.0	0.0	0.0	0.0	0.0	0.0
SRR9612754	2.0	167.0	698.0	0.0	31.0	2038.0	88.0	0.0	2905.0	16.0	0.0	1.0	209.0	118.0	4.0	228.0	24.0	15.0	51.0	1320.0	48.0	0.0	18.0	304.0	1311.0	0.0	0.0	56.0	0.0	36.0	0.0	61.0	0.0	12.0	19.0	0.0	0.0	275.0	7.0	44.0	71.0	124.0	0.0	117.0	16.0	17.0	0.0	4.0	0.0	0.0	19.0	0.0	0.0	0.0	0.0	4.0	100.0	53.0	0.0	34.0	0.0	28.0	210.0	5.0	0.0	5.0	35.0	18.0	201.0	17.0	147.0	740.0	10.0	5.0	121.0	6.0	25.0	0.0	13.0	28.0	50.0	76.0	538.0	22.0	10.0	6.0	92.0	9.0	0.0	114.0	18.0	0.0	0.0	57.0	0.0	0.0	0.0	23.0	333.0	0.0	7.0	45.0	43.0	0.0	6.0	270.0	0.0	0.0	0.0	0.0	70.0	0.0	13.0	4.0	0.0	3.0	0.0	0.0	14.0	0.0	13.0	0.0	0.0	0.0	199.0	234.0	0.0	183.0	106.0	0.0	13.0	15.0	0.0	0.0	0.0	0.0	3.0	0.0	0.0	0.0	0.0	9.0	0.0	0.0	0.0	42.0	437.0	3.0	93.0	0.0	22.0	11.0	0.0	0.0	0.0	42.0	71.0	28.0	0.0	0.0	127.0	0.0	37.0	9.0	23.0	0.0	0.0	0.0	0.0	18.0	20.0	0.0	0.0	74.0	10.0	0.0	0.0	0.0	0.0	0.0	10.0	0.0	0.0	0.0	0.0	0.0	205.0	0.0	47.0	0.0	8.0	0.0	0.0	0.0	0.0	0.0	0.0	0.0	0.0	0.0	5.0	0.0	0.0	0.0	0.0	0.0	17.0	0.0	0.0	0.0	20.0	0.0	0.0	0.0	0.0	79.0	33.0	0.0	16.0	0.0	0.0	0.0	0.0	0.0	0.0	0.0	4.0	0.0	11.0	0.0	0.0	0.0	21.0	0.0	0.0	0.0	0.0	0.0	0.0	0.0	0.0	0.0	0.0	0.0	0.0	0.0	0.0	0.0	0.0	0.0	0.0	0.0	0.0	0.0	0.0	4.0	14.0	0.0	0.0	0.0	0.0	0.0	0.0	0.0	0.0	0.0	0.0	0.0	0.0	0.0	0.0	0.0	0.0	0.0	0.0	0.0	0.0	0.0	0.0	0.0	0.0	0.0	0.0	0.0	0.0	0.0	0.0	0.0	0.0	0.0	0.0	0.0	0.0	0.0	40.0	0.0	0.0	0.0	0.0	0.0	0.0	0.0	0.0	0.0	0.0	0.0	0.0	0.0	0.0	0.0	0.0	0.0	0.0	0.0	0.0	0.0	0.0	0.0	0.0	0.0	0.0	0.0	0.0	0.0	0.0	0.0
SRR9612756	0.0	429.0	1578.0	5.0	82.0	3172.0	206.0	29.0	4199.0	67.0	0.0	0.0	252.0	313.0	4.0	348.0	51.0	33.0	146.0	2361.0	137.0	0.0	46.0	343.0	3089.0	0.0	0.0	276.0	0.0	77.0	0.0	167.0	137.0	23.0	51.0	0.0	0.0	554.0	19.0	67.0	203.0	297.0	16.0	23.0	21.0	13.0	22.0	8.0	6.0	2.0	38.0	0.0	0.0	0.0	0.0	0.0	92.0	39.0	0.0	37.0	51.0	82.0	370.0	0.0	0.0	23.0	298.0	75.0	178.0	43.0	211.0	1157.0	37.0	9.0	207.0	0.0	38.0	0.0	29.0	16.0	19.0	124.0	1053.0	43.0	20.0	17.0	117.0	6.0	0.0	225.0	22.0	0.0	0.0	99.0	0.0	10.0	0.0	0.0	354.0	38.0	26.0	81.0	65.0	6.0	5.0	397.0	0.0	3.0	0.0	0.0	106.0	0.0	7.0	28.0	15.0	26.0	7.0	0.0	33.0	0.0	20.0	0.0	21.0	0.0	390.0	425.0	0.0	274.0	309.0	0.0	62.0	47.0	0.0	0.0	0.0	1.0	0.0	0.0	0.0	0.0	13.0	0.0	0.0	6.0	13.0	5.0	646.0	16.0	204.0	0.0	86.0	19.0	0.0	6.0	0.0	36.0	140.0	52.0	10.0	0.0	184.0	0.0	46.0	4.0	35.0	0.0	28.0	6.0	39.0	44.0	40.0	0.0	0.0	221.0	42.0	0.0	0.0	0.0	2.0	3.0	13.0	0.0	0.0	12.0	0.0	3.0	444.0	0.0	140.0	0.0	34.0	0.0	0.0	0.0	0.0	12.0	5.0	0.0	0.0	2.0	5.0	0.0	13.0	0.0	0.0	0.0	25.0	0.0	0.0	0.0	34.0	0.0	0.0	0.0	0.0	307.0	29.0	0.0	42.0	0.0	0.0	0.0	0.0	0.0	0.0	10.0	16.0	4.0	51.0	0.0	0.0	0.0	30.0	0.0	0.0	0.0	0.0	0.0	0.0	0.0	0.0	0.0	0.0	0.0	0.0	0.0	0.0	0.0	0.0	11.0	0.0	0.0	0.0	0.0	0.0	9.0	25.0	5.0	0.0	0.0	4.0	0.0	2.0	0.0	3.0	0.0	0.0	0.0	0.0	0.0	0.0	0.0	0.0	0.0	0.0	0.0	0.0	0.0	0.0	0.0	5.0	0.0	0.0	0.0	0.0	0.0	0.0	0.0	0.0	0.0	0.0	0.0	0.0	0.0	40.0	0.0	0.0	0.0	0.0	0.0	0.0	11.0	0.0	0.0	0.0	0.0	0.0	0.0	0.0	0.0	0.0	0.0	0.0	0.0	0.0	0.0	0.0	0.0	0.0	0.0	0.0	0.0	0.0	0.0	0.0	0.0
SRR9612758	0.0	426.0	0.0	0.0	474.0	0.0	13.0	0.0	5660.0	235.0	0.0	2.0	513.0	1174.0	0.0	1889.0	0.0	0.0	0.0	5472.0	8.0	0.0	0.0	18.0	144.0	0.0	0.0	334.0	167.0	0.0	0.0	88.0	36.0	67.0	0.0	0.0	13.0	76.0	9.0	27.0	16.0	50.0	0.0	0.0	0.0	0.0	0.0	0.0	0.0	0.0	0.0	0.0	0.0	0.0	0.0	3.0	2.0	8.0	0.0	3.0	0.0	58.0	0.0	0.0	0.0	7.0	18.0	500.0	298.0	0.0	179.0	67.0	4.0	7.0	58.0	0.0	4.0	0.0	65.0	0.0	64.0	0.0	335.0	0.0	0.0	0.0	537.0	0.0	0.0	0.0	18.0	4.0	0.0	0.0	0.0	0.0	3.0	42.0	31.0	0.0	0.0	126.0	49.0	8.0	0.0	5.0	0.0	0.0	0.0	0.0	4.0	0.0	0.0	13.0	0.0	0.0	0.0	0.0	14.0	0.0	0.0	0.0	0.0	0.0	0.0	0.0	4.0	3.0	0.0	163.0	0.0	51.0	98.0	0.0	0.0	0.0	0.0	0.0	0.0	0.0	0.0	0.0	0.0	3.0	0.0	0.0	16.0	5.0	10.0	0.0	9.0	0.0	0.0	0.0	0.0	63.0	0.0	0.0	0.0	0.0	10.0	0.0	665.0	0.0	0.0	0.0	0.0	0.0	0.0	0.0	0.0	0.0	0.0	4.0	0.0	136.0	0.0	0.0	0.0	6.0	0.0	0.0	0.0	72.0	0.0	0.0	13.0	0.0	0.0	0.0	0.0	2.0	0.0	0.0	0.0	0.0	2460.0	0.0	0.0	0.0	10.0	2.0	14.0	0.0	0.0	0.0	0.0	0.0	0.0	0.0	0.0	0.0	576.0	0.0	0.0	0.0	0.0	0.0	10.0	0.0	0.0	0.0	0.0	0.0	0.0	0.0	0.0	0.0	0.0	0.0	0.0	0.0	0.0	0.0	0.0	0.0	0.0	0.0	0.0	0.0	0.0	0.0	0.0	0.0	0.0	0.0	0.0	0.0	0.0	3.0	0.0	0.0	0.0	0.0	0.0	0.0	0.0	0.0	0.0	0.0	0.0	0.0	0.0	0.0	0.0	0.0	0.0	0.0	0.0	0.0	0.0	0.0	0.0	0.0	0.0	0.0	0.0	0.0	0.0	0.0	0.0	0.0	0.0	0.0	0.0	0.0	0.0	0.0	0.0	0.0	0.0	0.0	0.0	0.0	5.0	0.0	0.0	0.0	0.0	0.0	0.0	0.0	0.0	0.0	0.0	0.0	0.0	0.0	0.0	0.0	0.0	0.0	0.0	0.0	0.0	0.0	0.0	0.0	0.0	0.0	0.0	0.0	0.0	0.0	0.0	0.0
SRR9612759	0.0	177.0	5.0	0.0	11.0	30.0	8.0	0.0	2361.0	163.0	0.0	0.0	520.0	208.0	0.0	909.0	0.0	0.0	4.0	1654.0	17.0	0.0	0.0	15.0	60.0	0.0	0.0	131.0	42.0	0.0	1.0	51.0	0.0	12.0	0.0	2.0	3.0	6.0	44.0	8.0	29.0	53.0	0.0	0.0	0.0	0.0	0.0	0.0	2.0	0.0	0.0	0.0	0.0	0.0	0.0	0.0	0.0	10.0	0.0	6.0	6.0	208.0	2.0	0.0	0.0	0.0	4.0	0.0	128.0	0.0	94.0	0.0	0.0	0.0	19.0	9.0	0.0	0.0	36.0	0.0	45.0	0.0	22.0	0.0	0.0	0.0	211.0	0.0	0.0	0.0	0.0	0.0	0.0	6.0	0.0	0.0	0.0	5.0	13.0	0.0	0.0	96.0	17.0	0.0	0.0	0.0	5.0	0.0	0.0	0.0	0.0	0.0	0.0	0.0	0.0	0.0	0.0	0.0	14.0	2.0	0.0	0.0	0.0	0.0	0.0	0.0	0.0	0.0	6.0	505.0	0.0	9.0	36.0	0.0	0.0	0.0	4.0	0.0	0.0	0.0	0.0	0.0	0.0	0.0	0.0	0.0	13.0	2.0	0.0	0.0	0.0	4.0	0.0	0.0	0.0	91.0	0.0	0.0	4.0	0.0	4.0	0.0	389.0	0.0	0.0	0.0	0.0	0.0	0.0	0.0	0.0	0.0	0.0	2.0	0.0	23.0	0.0	0.0	0.0	0.0	0.0	0.0	0.0	27.0	0.0	0.0	12.0	0.0	3.0	0.0	0.0	0.0	0.0	0.0	0.0	0.0	263.0	0.0	0.0	0.0	8.0	0.0	14.0	0.0	0.0	0.0	0.0	2.0	0.0	0.0	0.0	0.0	0.0	0.0	0.0	0.0	0.0	0.0	0.0	0.0	0.0	0.0	0.0	0.0	0.0	0.0	0.0	4.0	0.0	0.0	0.0	0.0	0.0	0.0	0.0	0.0	0.0	0.0	0.0	0.0	0.0	0.0	0.0	0.0	0.0	0.0	0.0	0.0	0.0	0.0	0.0	0.0	0.0	0.0	0.0	0.0	0.0	0.0	0.0	0.0	0.0	0.0	0.0	0.0	0.0	0.0	0.0	0.0	0.0	0.0	0.0	0.0	0.0	0.0	0.0	0.0	0.0	0.0	0.0	0.0	0.0	0.0	0.0	0.0	0.0	0.0	0.0	0.0	0.0	0.0	0.0	0.0	0.0	0.0	0.0	0.0	0.0	0.0	0.0	0.0	0.0	0.0	0.0	0.0	0.0	0.0	0.0	0.0	0.0	0.0	0.0	0.0	0.0	0.0	0.0	0.0	0.0	0.0	0.0	0.0	0.0	0.0	0.0	0.0	0.0	0.0
SRR9612760	0.0	32.0	33.0	0.0	495.0	19.0	0.0	0.0	3852.0	137.0	0.0	0.0	333.0	390.0	0.0	1517.0	0.0	0.0	10.0	9597.0	0.0	0.0	4.0	38.0	124.0	0.0	0.0	516.0	34.0	0.0	0.0	31.0	0.0	52.0	0.0	2.0	0.0	264.0	0.0	0.0	0.0	24.0	51.0	0.0	0.0	0.0	0.0	0.0	0.0	0.0	0.0	0.0	4.0	0.0	0.0	0.0	0.0	0.0	0.0	0.0	0.0	12.0	4.0	0.0	0.0	10.0	200.0	51.0	142.0	6.0	81.0	48.0	0.0	2.0	65.0	2.0	0.0	13.0	323.0	3.0	56.0	5.0	25.0	0.0	0.0	0.0	298.0	0.0	0.0	0.0	9.0	0.0	0.0	0.0	0.0	0.0	0.0	7.0	35.0	0.0	0.0	284.0	12.0	0.0	0.0	0.0	0.0	0.0	0.0	0.0	0.0	0.0	0.0	0.0	0.0	0.0	19.0	0.0	0.0	7.0	0.0	0.0	0.0	0.0	22.0	0.0	0.0	0.0	0.0	20.0	0.0	16.0	54.0	0.0	0.0	5.0	0.0	0.0	0.0	0.0	9.0	0.0	0.0	9.0	0.0	0.0	0.0	0.0	0.0	0.0	0.0	0.0	0.0	0.0	0.0	21.0	0.0	0.0	0.0	0.0	0.0	0.0	280.0	0.0	0.0	0.0	0.0	0.0	0.0	0.0	0.0	0.0	0.0	5.0	0.0	27.0	0.0	0.0	0.0	6.0	0.0	0.0	0.0	0.0	0.0	0.0	10.0	0.0	0.0	0.0	0.0	0.0	0.0	0.0	0.0	0.0	337.0	0.0	0.0	0.0	4.0	0.0	0.0	0.0	0.0	0.0	0.0	0.0	0.0	0.0	18.0	0.0	58.0	0.0	0.0	0.0	2.0	0.0	0.0	0.0	0.0	0.0	0.0	0.0	0.0	0.0	0.0	0.0	0.0	0.0	0.0	0.0	0.0	0.0	0.0	0.0	0.0	0.0	0.0	0.0	0.0	0.0	0.0	0.0	0.0	0.0	0.0	0.0	0.0	8.0	0.0	0.0	0.0	0.0	0.0	0.0	0.0	0.0	0.0	0.0	0.0	0.0	0.0	0.0	0.0	0.0	0.0	0.0	0.0	0.0	0.0	0.0	0.0	0.0	0.0	0.0	0.0	0.0	0.0	0.0	0.0	0.0	0.0	0.0	0.0	0.0	0.0	0.0	0.0	0.0	0.0	0.0	0.0	0.0	0.0	0.0	0.0	5.0	0.0	0.0	0.0	0.0	0.0	0.0	0.0	0.0	0.0	0.0	0.0	0.0	0.0	0.0	0.0	0.0	0.0	0.0	0.0	0.0	5.0	0.0	0.0	0.0	0.0	0.0	0.0	0.0
SRR9612761	0.0	111.0	14.0	5.0	13.0	23.0	8.0	0.0	3147.0	182.0	0.0	34.0	398.0	212.0	0.0	966.0	0.0	2.0	9.0	6807.0	25.0	0.0	0.0	23.0	181.0	0.0	0.0	408.0	45.0	0.0	0.0	56.0	0.0	45.0	0.0	4.0	0.0	94.0	6.0	8.0	15.0	16.0	18.0	0.0	0.0	4.0	0.0	0.0	7.0	0.0	0.0	0.0	0.0	0.0	0.0	0.0	0.0	7.0	0.0	3.0	0.0	202.0	0.0	0.0	0.0	0.0	60.0	5.0	170.0	0.0	112.0	14.0	0.0	0.0	68.0	4.0	4.0	0.0	123.0	0.0	46.0	6.0	22.0	0.0	6.0	0.0	393.0	0.0	0.0	0.0	6.0	0.0	0.0	12.0	0.0	0.0	2.0	7.0	44.0	0.0	0.0	32.0	5.0	2.0	0.0	5.0	0.0	0.0	0.0	0.0	0.0	0.0	0.0	0.0	0.0	7.0	0.0	0.0	0.0	0.0	0.0	0.0	0.0	0.0	0.0	13.0	0.0	0.0	0.0	151.0	0.0	0.0	130.0	0.0	0.0	0.0	0.0	0.0	0.0	0.0	0.0	0.0	0.0	0.0	0.0	0.0	0.0	6.0	0.0	0.0	0.0	0.0	0.0	0.0	0.0	28.0	7.0	7.0	0.0	0.0	8.0	0.0	1242.0	0.0	0.0	0.0	0.0	0.0	0.0	59.0	0.0	0.0	0.0	0.0	0.0	0.0	0.0	0.0	0.0	4.0	0.0	0.0	0.0	5.0	0.0	0.0	13.0	0.0	11.0	0.0	4.0	0.0	0.0	0.0	0.0	0.0	1497.0	0.0	0.0	0.0	0.0	0.0	9.0	0.0	0.0	0.0	0.0	0.0	0.0	0.0	0.0	0.0	5.0	0.0	0.0	2.0	0.0	0.0	7.0	0.0	0.0	0.0	0.0	0.0	0.0	0.0	0.0	0.0	6.0	0.0	0.0	0.0	0.0	0.0	0.0	0.0	0.0	0.0	0.0	0.0	2.0	0.0	0.0	0.0	0.0	0.0	0.0	0.0	0.0	5.0	0.0	0.0	0.0	0.0	0.0	0.0	0.0	0.0	0.0	0.0	0.0	0.0	0.0	0.0	0.0	0.0	0.0	0.0	0.0	0.0	0.0	0.0	0.0	0.0	0.0	0.0	0.0	0.0	0.0	0.0	0.0	0.0	0.0	0.0	0.0	0.0	0.0	0.0	0.0	0.0	0.0	0.0	0.0	0.0	0.0	0.0	0.0	0.0	0.0	0.0	0.0	0.0	0.0	0.0	0.0	0.0	0.0	0.0	0.0	0.0	0.0	0.0	0.0	0.0	0.0	0.0	0.0	0.0	0.0	0.0	0.0	0.0	0.0	0.0	0.0	0.0
SRR9612762	0.0	49.0	8.0	0.0	47.0	10.0	0.0	0.0	4602.0	342.0	0.0	10.0	1028.0	229.0	0.0	1290.0	0.0	0.0	6.0	3852.0	2.0	0.0	0.0	56.0	128.0	0.0	0.0	337.0	91.0	0.0	0.0	101.0	0.0	34.0	0.0	0.0	0.0	61.0	99.0	15.0	18.0	19.0	25.0	0.0	0.0	0.0	2.0	0.0	0.0	0.0	0.0	5.0	0.0	0.0	0.0	0.0	0.0	8.0	0.0	0.0	0.0	173.0	0.0	0.0	0.0	25.0	150.0	0.0	175.0	4.0	206.0	6.0	0.0	0.0	73.0	0.0	0.0	0.0	329.0	30.0	142.0	0.0	0.0	5.0	10.0	0.0	796.0	0.0	0.0	0.0	0.0	0.0	0.0	12.0	3.0	0.0	0.0	0.0	43.0	0.0	0.0	22.0	0.0	0.0	0.0	0.0	0.0	0.0	0.0	0.0	0.0	0.0	0.0	4.0	0.0	0.0	11.0	0.0	0.0	0.0	0.0	0.0	0.0	0.0	0.0	0.0	0.0	0.0	0.0	456.0	0.0	0.0	127.0	0.0	0.0	3.0	0.0	2.0	0.0	0.0	0.0	0.0	0.0	0.0	2.0	0.0	0.0	9.0	0.0	0.0	14.0	0.0	0.0	0.0	0.0	25.0	3.0	4.0	0.0	0.0	0.0	0.0	1590.0	0.0	2.0	0.0	0.0	0.0	0.0	0.0	0.0	0.0	0.0	3.0	0.0	0.0	0.0	0.0	0.0	2.0	0.0	0.0	0.0	10.0	0.0	0.0	11.0	0.0	0.0	0.0	0.0	9.0	0.0	0.0	0.0	0.0	1092.0	0.0	0.0	0.0	0.0	0.0	12.0	0.0	0.0	0.0	0.0	0.0	0.0	0.0	0.0	0.0	0.0	0.0	0.0	0.0	0.0	0.0	9.0	0.0	0.0	0.0	0.0	0.0	0.0	4.0	0.0	0.0	0.0	0.0	0.0	0.0	0.0	0.0	0.0	0.0	0.0	0.0	0.0	0.0	0.0	0.0	0.0	0.0	0.0	0.0	0.0	0.0	0.0	0.0	0.0	0.0	0.0	0.0	0.0	0.0	0.0	0.0	0.0	0.0	0.0	0.0	0.0	0.0	0.0	0.0	0.0	0.0	0.0	0.0	0.0	0.0	0.0	0.0	0.0	0.0	0.0	0.0	0.0	0.0	0.0	0.0	0.0	0.0	0.0	0.0	0.0	0.0	0.0	0.0	0.0	0.0	0.0	0.0	0.0	0.0	0.0	0.0	0.0	0.0	0.0	0.0	0.0	0.0	0.0	0.0	0.0	0.0	0.0	0.0	0.0	0.0	0.0	0.0	0.0	0.0	0.0	0.0	0.0	0.0	0.0	0.0	0.0	0.0	0.0	0.0
SRR9612763	0.0	247.0	41.0	5.0	34.0	13.0	14.0	0.0	4327.0	323.0	0.0	5.0	345.0	383.0	0.0	1731.0	0.0	21.0	9.0	2430.0	11.0	0.0	0.0	42.0	93.0	0.0	0.0	117.0	27.0	3.0	0.0	27.0	0.0	7.0	0.0	0.0	0.0	15.0	7.0	7.0	34.0	13.0	0.0	0.0	4.0	4.0	0.0	0.0	0.0	0.0	0.0	0.0	0.0	0.0	0.0	0.0	10.0	14.0	0.0	0.0	0.0	211.0	0.0	0.0	0.0	23.0	53.0	41.0	206.0	0.0	89.0	12.0	2.0	7.0	96.0	0.0	9.0	0.0	121.0	0.0	25.0	0.0	27.0	3.0	0.0	0.0	782.0	0.0	0.0	0.0	5.0	0.0	0.0	11.0	2.0	0.0	0.0	10.0	17.0	0.0	0.0	311.0	35.0	0.0	0.0	0.0	0.0	0.0	0.0	0.0	0.0	0.0	0.0	0.0	10.0	0.0	2.0	0.0	31.0	5.0	0.0	0.0	0.0	0.0	27.0	11.0	0.0	4.0	0.0	375.0	0.0	53.0	43.0	0.0	0.0	0.0	0.0	0.0	0.0	0.0	0.0	0.0	0.0	10.0	0.0	0.0	12.0	0.0	0.0	0.0	39.0	0.0	0.0	0.0	0.0	175.0	0.0	11.0	0.0	0.0	11.0	0.0	421.0	0.0	0.0	0.0	8.0	0.0	0.0	17.0	0.0	0.0	0.0	19.0	0.0	0.0	0.0	0.0	0.0	23.0	0.0	0.0	0.0	39.0	0.0	0.0	0.0	0.0	0.0	0.0	0.0	0.0	0.0	0.0	0.0	0.0	428.0	0.0	0.0	0.0	0.0	0.0	11.0	0.0	0.0	0.0	0.0	0.0	0.0	0.0	0.0	0.0	0.0	0.0	0.0	0.0	0.0	0.0	12.0	0.0	0.0	0.0	0.0	0.0	0.0	0.0	0.0	0.0	0.0	0.0	0.0	0.0	0.0	0.0	0.0	0.0	0.0	0.0	0.0	0.0	0.0	9.0	0.0	0.0	0.0	0.0	0.0	0.0	0.0	0.0	0.0	0.0	0.0	0.0	0.0	0.0	0.0	0.0	0.0	0.0	0.0	0.0	0.0	0.0	0.0	0.0	0.0	0.0	0.0	0.0	0.0	0.0	0.0	0.0	0.0	0.0	0.0	0.0	0.0	0.0	0.0	0.0	0.0	0.0	0.0	0.0	0.0	0.0	0.0	0.0	0.0	0.0	0.0	0.0	0.0	0.0	0.0	5.0	0.0	0.0	0.0	0.0	0.0	0.0	0.0	0.0	0.0	0.0	0.0	0.0	0.0	0.0	0.0	0.0	0.0	0.0	0.0	0.0	0.0	0.0	0.0	0.0	0.0	0.0	0.0	0.0
SRR9612764	0.0	82.0	15.0	4.0	37.0	26.0	0.0	5.0	3846.0	321.0	0.0	3.0	262.0	234.0	0.0	837.0	3.0	8.0	0.0	5521.0	27.0	0.0	6.0	52.0	90.0	0.0	0.0	323.0	24.0	15.0	8.0	91.0	0.0	27.0	0.0	2.0	0.0	32.0	54.0	6.0	16.0	40.0	9.0	0.0	5.0	0.0	2.0	0.0	0.0	0.0	0.0	0.0	5.0	0.0	0.0	0.0	0.0	2.0	0.0	0.0	9.0	161.0	0.0	0.0	0.0	21.0	32.0	0.0	459.0	0.0	135.0	8.0	0.0	0.0	44.0	0.0	0.0	0.0	67.0	9.0	134.0	3.0	20.0	0.0	0.0	0.0	584.0	0.0	4.0	0.0	0.0	0.0	0.0	44.0	0.0	0.0	0.0	6.0	29.0	0.0	0.0	53.0	10.0	0.0	0.0	0.0	0.0	0.0	0.0	0.0	6.0	0.0	0.0	0.0	0.0	0.0	8.0	0.0	0.0	0.0	0.0	0.0	0.0	0.0	0.0	0.0	0.0	0.0	0.0	607.0	7.0	22.0	86.0	0.0	0.0	0.0	0.0	0.0	0.0	0.0	0.0	0.0	0.0	6.0	0.0	0.0	16.0	6.0	0.0	0.0	0.0	2.0	2.0	0.0	0.0	55.0	5.0	7.0	0.0	0.0	29.0	0.0	427.0	0.0	8.0	0.0	0.0	0.0	0.0	46.0	0.0	0.0	37.0	4.0	0.0	0.0	0.0	0.0	0.0	12.0	0.0	0.0	0.0	0.0	0.0	0.0	0.0	0.0	0.0	0.0	0.0	0.0	0.0	0.0	5.0	0.0	1848.0	0.0	0.0	0.0	0.0	0.0	0.0	0.0	0.0	0.0	0.0	4.0	0.0	0.0	0.0	0.0	18.0	0.0	0.0	0.0	0.0	0.0	0.0	0.0	0.0	0.0	0.0	0.0	0.0	0.0	0.0	15.0	0.0	0.0	0.0	0.0	0.0	0.0	0.0	0.0	0.0	0.0	0.0	0.0	0.0	0.0	0.0	0.0	0.0	0.0	0.0	0.0	0.0	0.0	0.0	0.0	0.0	0.0	0.0	0.0	0.0	0.0	0.0	0.0	0.0	0.0	0.0	0.0	0.0	0.0	0.0	0.0	0.0	0.0	0.0	0.0	0.0	0.0	0.0	0.0	0.0	0.0	0.0	0.0	0.0	0.0	0.0	0.0	0.0	0.0	0.0	0.0	0.0	0.0	0.0	0.0	0.0	0.0	4.0	0.0	0.0	0.0	0.0	0.0	0.0	0.0	0.0	0.0	0.0	0.0	0.0	0.0	0.0	0.0	0.0	0.0	0.0	0.0	0.0	0.0	0.0	0.0	0.0	0.0	0.0	0.0	0.0	0.0	0.0	0.0
SRR9612765	0.0	175.0	825.0	15.0	9.0	1549.0	60.0	15.0	2816.0	145.0	0.0	15.0	218.0	107.0	10.0	506.0	11.0	28.0	59.0	727.0	84.0	0.0	13.0	215.0	1978.0	0.0	6.0	13.0	5.0	28.0	11.0	176.0	0.0	0.0	0.0	0.0	8.0	110.0	0.0	19.0	47.0	211.0	0.0	23.0	20.0	0.0	0.0	4.0	24.0	0.0	19.0	0.0	0.0	0.0	0.0	0.0	289.0	34.0	22.0	85.0	41.0	254.0	350.0	0.0	0.0	0.0	2.0	0.0	84.0	0.0	226.0	667.0	66.0	2.0	48.0	60.0	72.0	0.0	8.0	11.0	9.0	46.0	548.0	15.0	11.0	0.0	118.0	0.0	0.0	50.0	62.0	0.0	4.0	65.0	37.0	4.0	2.0	11.0	173.0	0.0	4.0	79.0	66.0	0.0	0.0	126.0	0.0	0.0	0.0	0.0	40.0	0.0	0.0	72.0	10.0	3.0	16.0	0.0	134.0	17.0	0.0	0.0	0.0	0.0	104.0	822.0	0.0	68.0	180.0	86.0	0.0	50.0	15.0	16.0	0.0	0.0	0.0	0.0	0.0	0.0	0.0	0.0	0.0	0.0	0.0	6.0	246.0	11.0	43.0	0.0	22.0	97.0	0.0	0.0	2.0	63.0	42.0	122.0	12.0	0.0	93.0	0.0	0.0	0.0	3.0	0.0	0.0	2.0	0.0	38.0	10.0	0.0	9.0	67.0	29.0	0.0	0.0	10.0	0.0	0.0	9.0	0.0	0.0	39.0	0.0	0.0	141.0	0.0	8.0	0.0	15.0	0.0	0.0	0.0	0.0	0.0	80.0	0.0	0.0	4.0	23.0	0.0	8.0	0.0	13.0	31.0	0.0	0.0	0.0	2.0	19.0	0.0	0.0	0.0	0.0	0.0	50.0	0.0	84.0	0.0	0.0	0.0	0.0	0.0	0.0	13.0	0.0	0.0	21.0	43.0	0.0	0.0	19.0	0.0	0.0	0.0	0.0	0.0	0.0	0.0	0.0	0.0	0.0	4.0	0.0	0.0	0.0	0.0	0.0	0.0	2.0	0.0	0.0	0.0	0.0	0.0	20.0	0.0	0.0	0.0	0.0	0.0	0.0	0.0	0.0	0.0	0.0	0.0	0.0	0.0	0.0	0.0	0.0	0.0	0.0	0.0	0.0	0.0	0.0	0.0	0.0	0.0	0.0	0.0	0.0	0.0	0.0	0.0	0.0	0.0	0.0	0.0	0.0	0.0	23.0	0.0	0.0	0.0	0.0	0.0	0.0	0.0	0.0	0.0	0.0	0.0	0.0	0.0	0.0	0.0	0.0	0.0	0.0	0.0	0.0	0.0	0.0	0.0	0.0	0.0	0.0	0.0	0.0	0.0	0.0	0.0
SRR9612766	0.0	172.0	1635.0	0.0	209.0	2209.0	171.0	10.0	4179.0	176.0	0.0	12.0	288.0	138.0	0.0	850.0	42.0	63.0	85.0	2475.0	49.0	0.0	44.0	542.0	2596.0	0.0	0.0	198.0	19.0	40.0	0.0	489.0	0.0	20.0	0.0	0.0	0.0	494.0	0.0	33.0	90.0	142.0	35.0	80.0	32.0	13.0	20.0	1.0	0.0	0.0	37.0	4.0	3.0	36.0	0.0	4.0	325.0	82.0	0.0	83.0	19.0	131.0	654.0	0.0	18.0	18.0	95.0	16.0	164.0	40.0	190.0	839.0	93.0	12.0	178.0	18.0	198.0	0.0	127.0	14.0	27.0	69.0	1101.0	48.0	54.0	17.0	189.0	0.0	0.0	127.0	87.0	9.0	0.0	79.0	29.0	20.0	0.0	25.0	172.0	5.0	14.0	24.0	76.0	0.0	0.0	562.0	0.0	0.0	0.0	0.0	91.0	0.0	7.0	24.0	6.0	0.0	20.0	0.0	123.0	19.0	6.0	0.0	0.0	0.0	386.0	768.0	7.0	185.0	167.0	29.0	87.0	48.0	62.0	0.0	0.0	0.0	0.0	0.0	0.0	0.0	107.0	0.0	0.0	4.0	5.0	30.0	455.0	0.0	62.0	0.0	34.0	75.0	7.0	18.0	4.0	41.0	430.0	162.0	9.0	0.0	119.0	0.0	17.0	12.0	22.0	0.0	0.0	5.0	12.0	0.0	14.0	0.0	7.0	115.0	73.0	0.0	2.0	13.0	0.0	8.0	13.0	0.0	0.0	23.0	0.0	17.0	215.0	0.0	39.0	3.0	0.0	22.0	0.0	0.0	4.0	0.0	108.0	0.0	0.0	0.0	60.0	5.0	0.0	0.0	19.0	25.0	7.0	0.0	0.0	5.0	27.0	0.0	28.0	0.0	6.0	0.0	114.0	0.0	39.0	0.0	0.0	0.0	0.0	0.0	0.0	0.0	2.0	0.0	42.0	126.0	0.0	0.0	20.0	0.0	3.0	0.0	0.0	0.0	0.0	0.0	0.0	0.0	0.0	0.0	0.0	0.0	0.0	0.0	3.0	14.0	2.0	0.0	0.0	0.0	20.0	10.0	33.0	0.0	0.0	0.0	12.0	0.0	0.0	0.0	0.0	0.0	0.0	0.0	0.0	0.0	0.0	0.0	0.0	0.0	0.0	0.0	0.0	0.0	0.0	0.0	4.0	0.0	0.0	0.0	0.0	0.0	0.0	0.0	0.0	0.0	0.0	0.0	0.0	0.0	37.0	2.0	0.0	0.0	0.0	0.0	0.0	0.0	0.0	0.0	0.0	0.0	0.0	0.0	0.0	0.0	0.0	0.0	0.0	0.0	0.0	0.0	0.0	0.0	0.0	0.0	0.0	0.0	0.0	0.0	0.0	0.0
SRR9612769	0.0	203.0	1421.0	4.0	0.0	2733.0	144.0	18.0	2233.0	183.0	0.0	17.0	316.0	138.0	7.0	510.0	34.0	24.0	163.0	610.0	90.0	0.0	67.0	313.0	2965.0	37.0	0.0	0.0	0.0	15.0	18.0	0.0	0.0	4.0	0.0	0.0	0.0	132.0	0.0	4.0	68.0	374.0	0.0	92.0	28.0	0.0	0.0	0.0	36.0	0.0	15.0	8.0	0.0	0.0	0.0	4.0	159.0	101.0	6.0	258.0	19.0	182.0	324.0	0.0	0.0	0.0	9.0	0.0	57.0	9.0	168.0	582.0	97.0	46.0	90.0	3.0	137.0	0.0	7.0	59.0	0.0	159.0	482.0	0.0	17.0	0.0	158.0	8.0	0.0	111.0	10.0	0.0	0.0	86.0	29.0	19.0	0.0	21.0	205.0	0.0	6.0	52.0	68.0	0.0	0.0	180.0	0.0	0.0	0.0	0.0	57.0	0.0	0.0	94.0	25.0	0.0	0.0	0.0	94.0	0.0	0.0	0.0	0.0	0.0	107.0	708.0	0.0	218.0	239.0	43.0	0.0	62.0	0.0	4.0	0.0	2.0	0.0	0.0	0.0	0.0	8.0	1.0	0.0	0.0	0.0	10.0	373.0	35.0	16.0	0.0	51.0	38.0	0.0	0.0	0.0	93.0	18.0	86.0	43.0	0.0	181.0	0.0	0.0	0.0	0.0	0.0	0.0	0.0	13.0	19.0	45.0	0.0	0.0	137.0	3.0	0.0	0.0	0.0	0.0	0.0	5.0	0.0	0.0	10.0	0.0	0.0	166.0	0.0	46.0	0.0	12.0	0.0	0.0	0.0	5.0	0.0	0.0	0.0	0.0	0.0	0.0	0.0	0.0	0.0	15.0	38.0	6.0	0.0	0.0	0.0	29.0	0.0	0.0	0.0	4.0	0.0	96.0	0.0	156.0	0.0	0.0	0.0	0.0	0.0	0.0	12.0	0.0	0.0	53.0	0.0	3.0	0.0	26.0	9.0	0.0	0.0	0.0	0.0	0.0	0.0	0.0	0.0	0.0	0.0	0.0	0.0	0.0	0.0	0.0	0.0	0.0	0.0	0.0	0.0	0.0	0.0	16.0	4.0	0.0	0.0	0.0	0.0	0.0	0.0	0.0	0.0	0.0	0.0	0.0	0.0	0.0	0.0	0.0	0.0	0.0	0.0	0.0	0.0	0.0	0.0	0.0	0.0	0.0	0.0	0.0	0.0	0.0	0.0	0.0	0.0	0.0	0.0	0.0	0.0	29.0	0.0	0.0	0.0	0.0	0.0	0.0	0.0	0.0	0.0	0.0	0.0	0.0	0.0	0.0	0.0	0.0	0.0	0.0	0.0	0.0	0.0	0.0	0.0	0.0	0.0	0.0	0.0	0.0	0.0	0.0	0.0
SRR9612770	0.0	103.0	25.0	0.0	24.0	26.0	0.0	0.0	5036.0	136.0	7.0	5.0	2797.0	251.0	0.0	524.0	0.0	3.0	11.0	695.0	0.0	0.0	0.0	27.0	125.0	0.0	0.0	114.0	12.0	0.0	0.0	16.0	0.0	0.0	0.0	0.0	2.0	22.0	27.0	0.0	8.0	35.0	13.0	0.0	0.0	0.0	0.0	0.0	2.0	0.0	0.0	0.0	0.0	0.0	0.0	0.0	3.0	12.0	0.0	0.0	5.0	309.0	0.0	0.0	0.0	0.0	0.0	2.0	197.0	0.0	66.0	0.0	0.0	9.0	0.0	0.0	4.0	6.0	8.0	5.0	40.0	0.0	13.0	0.0	3.0	0.0	111.0	0.0	0.0	0.0	0.0	0.0	0.0	66.0	0.0	0.0	0.0	11.0	38.0	0.0	0.0	54.0	15.0	0.0	0.0	0.0	0.0	0.0	0.0	0.0	0.0	0.0	0.0	0.0	0.0	0.0	0.0	0.0	0.0	0.0	0.0	0.0	0.0	0.0	0.0	0.0	7.0	10.0	10.0	684.0	0.0	27.0	0.0	0.0	0.0	11.0	0.0	0.0	30.0	0.0	0.0	0.0	0.0	10.0	0.0	5.0	14.0	0.0	59.0	5.0	489.0	0.0	0.0	0.0	0.0	67.0	0.0	5.0	0.0	0.0	9.0	0.0	63.0	0.0	0.0	0.0	0.0	0.0	0.0	0.0	0.0	0.0	0.0	6.0	0.0	17.0	0.0	0.0	0.0	0.0	0.0	0.0	0.0	12.0	0.0	0.0	6.0	0.0	0.0	0.0	0.0	0.0	0.0	0.0	0.0	0.0	9.0	0.0	0.0	0.0	0.0	0.0	12.0	0.0	3.0	0.0	0.0	0.0	0.0	0.0	0.0	0.0	0.0	0.0	0.0	2.0	0.0	0.0	7.0	0.0	0.0	0.0	0.0	0.0	0.0	0.0	0.0	0.0	0.0	0.0	0.0	0.0	0.0	0.0	0.0	0.0	0.0	0.0	0.0	0.0	0.0	0.0	0.0	0.0	0.0	0.0	0.0	0.0	0.0	0.0	0.0	0.0	0.0	0.0	0.0	0.0	0.0	0.0	0.0	0.0	0.0	0.0	0.0	0.0	0.0	0.0	0.0	0.0	0.0	0.0	0.0	0.0	0.0	0.0	0.0	0.0	0.0	0.0	0.0	0.0	0.0	0.0	0.0	0.0	0.0	0.0	0.0	0.0	0.0	0.0	0.0	0.0	0.0	0.0	0.0	0.0	0.0	0.0	0.0	0.0	0.0	0.0	0.0	0.0	0.0	0.0	0.0	0.0	0.0	0.0	0.0	0.0	0.0	0.0	0.0	0.0	0.0	0.0	0.0	0.0	0.0	0.0	0.0	0.0	0.0	0.0
SRR9612772	0.0	380.0	40.0	0.0	0.0	33.0	0.0	0.0	5422.0	665.0	0.0	12.0	843.0	355.0	0.0	123.0	4.0	18.0	30.0	26.0	212.0	0.0	2.0	8.0	134.0	0.0	10.0	0.0	0.0	0.0	0.0	0.0	35.0	0.0	0.0	14.0	0.0	8.0	121.0	13.0	0.0	259.0	0.0	3.0	0.0	0.0	0.0	0.0	0.0	0.0	0.0	0.0	0.0	0.0	0.0	0.0	0.0	34.0	0.0	9.0	444.0	632.0	16.0	0.0	0.0	0.0	0.0	0.0	42.0	0.0	163.0	2.0	0.0	17.0	0.0	0.0	0.0	0.0	0.0	28.0	0.0	0.0	14.0	0.0	0.0	0.0	227.0	0.0	0.0	7.0	0.0	0.0	0.0	215.0	8.0	0.0	0.0	7.0	17.0	0.0	0.0	2419.0	31.0	0.0	0.0	0.0	0.0	2.0	0.0	0.0	0.0	0.0	0.0	3.0	3.0	0.0	0.0	0.0	0.0	0.0	0.0	0.0	0.0	0.0	0.0	18.0	0.0	3.0	9.0	313.0	0.0	19.0	0.0	0.0	0.0	375.0	0.0	0.0	76.0	0.0	0.0	0.0	0.0	0.0	2.0	0.0	15.0	0.0	0.0	0.0	46.0	0.0	0.0	0.0	0.0	62.0	0.0	0.0	0.0	0.0	0.0	0.0	22.0	0.0	0.0	0.0	0.0	0.0	0.0	4.0	0.0	0.0	12.0	7.0	0.0	0.0	0.0	0.0	0.0	0.0	0.0	0.0	0.0	22.0	0.0	0.0	17.0	0.0	0.0	9.0	0.0	0.0	0.0	0.0	0.0	0.0	0.0	0.0	0.0	0.0	0.0	0.0	9.0	0.0	2.0	2.0	0.0	0.0	0.0	0.0	0.0	0.0	0.0	0.0	0.0	0.0	0.0	0.0	8.0	0.0	0.0	0.0	0.0	0.0	0.0	0.0	0.0	0.0	5.0	0.0	0.0	0.0	0.0	0.0	0.0	0.0	0.0	0.0	0.0	0.0	0.0	0.0	0.0	0.0	0.0	0.0	0.0	0.0	0.0	0.0	0.0	0.0	0.0	0.0	0.0	0.0	0.0	0.0	0.0	0.0	0.0	0.0	0.0	0.0	0.0	0.0	0.0	0.0	0.0	0.0	0.0	0.0	0.0	0.0	0.0	0.0	0.0	0.0	0.0	0.0	0.0	0.0	0.0	0.0	0.0	0.0	0.0	0.0	0.0	0.0	0.0	0.0	0.0	0.0	0.0	0.0	0.0	0.0	0.0	0.0	0.0	0.0	0.0	0.0	0.0	0.0	0.0	0.0	0.0	0.0	0.0	0.0	0.0	0.0	0.0	0.0	0.0	0.0	0.0	0.0	0.0	0.0	0.0	0.0	0.0	0.0
SRR9612775	0.0	284.0	2946.0	9.0	120.0	3828.0	270.0	46.0	5562.0	330.0	0.0	31.0	949.0	291.0	25.0	1006.0	65.0	31.0	532.0	1821.0	466.0	0.0	207.0	644.0	4442.0	0.0	1.0	21.0	69.0	43.0	20.0	90.0	9.0	0.0	0.0	15.0	0.0	348.0	34.0	46.0	129.0	1147.0	0.0	176.0	46.0	7.0	0.0	0.0	11.0	15.0	33.0	6.0	0.0	0.0	10.0	0.0	601.0	144.0	55.0	331.0	83.0	347.0	1063.0	0.0	0.0	0.0	13.0	30.0	324.0	6.0	489.0	1117.0	199.0	47.0	158.0	85.0	323.0	10.0	31.0	47.0	16.0	162.0	903.0	0.0	48.0	14.0	279.0	9.0	0.0	189.0	30.0	0.0	0.0	277.0	66.0	25.0	0.0	22.0	646.0	0.0	0.0	75.0	100.0	0.0	4.0	302.0	0.0	0.0	0.0	0.0	66.0	3.0	19.0	126.0	28.0	0.0	0.0	0.0	293.0	40.0	27.0	0.0	0.0	0.0	272.0	1711.0	0.0	282.0	555.0	127.0	0.0	101.0	0.0	13.0	9.0	12.0	8.0	0.0	0.0	0.0	0.0	0.0	0.0	3.0	11.0	13.0	658.0	42.0	100.0	0.0	47.0	122.0	0.0	0.0	0.0	74.0	72.0	177.0	62.0	0.0	322.0	0.0	38.0	26.0	4.0	0.0	0.0	4.0	0.0	41.0	71.0	0.0	4.0	380.0	45.0	0.0	0.0	13.0	0.0	0.0	21.0	0.0	0.0	37.0	0.0	0.0	268.0	0.0	78.0	0.0	29.0	0.0	0.0	0.0	3.0	0.0	16.0	0.0	0.0	0.0	11.0	0.0	13.0	0.0	13.0	57.0	22.0	0.0	5.0	0.0	54.0	13.0	0.0	0.0	13.0	0.0	82.0	9.0	221.0	0.0	0.0	0.0	0.0	0.0	0.0	18.0	3.0	3.0	63.0	0.0	0.0	0.0	29.0	32.0	0.0	0.0	0.0	0.0	18.0	0.0	0.0	0.0	0.0	0.0	0.0	0.0	0.0	0.0	5.0	0.0	0.0	0.0	0.0	0.0	0.0	0.0	34.0	5.0	0.0	0.0	0.0	0.0	3.0	0.0	0.0	0.0	0.0	0.0	0.0	0.0	0.0	0.0	0.0	0.0	0.0	0.0	0.0	0.0	0.0	0.0	0.0	0.0	0.0	0.0	0.0	0.0	0.0	0.0	0.0	0.0	0.0	0.0	0.0	0.0	49.0	0.0	0.0	0.0	0.0	0.0	0.0	0.0	0.0	0.0	0.0	0.0	0.0	0.0	0.0	0.0	0.0	0.0	0.0	0.0	0.0	0.0	0.0	0.0	0.0	0.0	0.0	0.0	0.0	0.0	0.0	0.0
SRR9612776	2.0	169.0	1185.0	10.0	48.0	3403.0	184.0	13.0	4046.0	221.0	3.0	77.0	355.0	190.0	13.0	302.0	26.0	44.0	230.0	758.0	423.0	3.0	36.0	408.0	2984.0	16.0	13.0	13.0	9.0	19.0	2.0	133.0	16.0	35.0	14.0	0.0	14.0	76.0	30.0	100.0	62.0	446.0	23.0	113.0	39.0	3.0	5.0	2.0	85.0	10.0	38.0	4.0	0.0	0.0	9.0	0.0	104.0	205.0	18.0	345.0	35.0	399.0	238.0	0.0	0.0	0.0	7.0	45.0	282.0	11.0	432.0	696.0	64.0	16.0	58.0	17.0	93.0	0.0	6.0	103.0	0.0	105.0	581.0	0.0	11.0	16.0	214.0	33.0	0.0	103.0	10.0	0.0	0.0	234.0	103.0	32.0	0.0	56.0	281.0	0.0	0.0	91.0	77.0	0.0	0.0	196.0	0.0	0.0	6.0	0.0	57.0	0.0	12.0	29.0	19.0	0.0	0.0	0.0	53.0	11.0	10.0	0.0	0.0	0.0	184.0	838.0	0.0	202.0	424.0	71.0	0.0	91.0	0.0	0.0	6.0	12.0	6.0	0.0	0.0	0.0	0.0	29.0	0.0	0.0	0.0	7.0	462.0	29.0	53.0	2.0	40.0	34.0	0.0	0.0	2.0	67.0	27.0	69.0	15.0	0.0	92.0	0.0	0.0	14.0	7.0	0.0	0.0	8.0	0.0	9.0	18.0	0.0	7.0	56.0	12.0	0.0	0.0	8.0	0.0	0.0	15.0	0.0	0.0	12.0	0.0	0.0	296.0	24.0	36.0	6.0	16.0	0.0	5.0	4.0	16.0	0.0	0.0	0.0	0.0	0.0	3.0	0.0	26.0	0.0	12.0	21.0	19.0	24.0	0.0	0.0	36.0	41.0	0.0	0.0	13.0	23.0	43.0	8.0	127.0	0.0	0.0	0.0	0.0	5.0	0.0	0.0	0.0	0.0	99.0	5.0	0.0	0.0	34.0	0.0	0.0	0.0	0.0	0.0	0.0	0.0	0.0	0.0	0.0	0.0	0.0	0.0	0.0	0.0	0.0	0.0	0.0	0.0	0.0	0.0	0.0	0.0	30.0	5.0	0.0	0.0	0.0	0.0	0.0	0.0	0.0	0.0	0.0	0.0	0.0	0.0	0.0	0.0	0.0	3.0	0.0	0.0	0.0	0.0	0.0	0.0	0.0	0.0	0.0	0.0	0.0	0.0	0.0	0.0	0.0	0.0	0.0	0.0	0.0	0.0	28.0	0.0	0.0	0.0	0.0	0.0	0.0	0.0	6.0	0.0	0.0	0.0	0.0	0.0	0.0	0.0	0.0	0.0	0.0	0.0	0.0	0.0	0.0	0.0	0.0	0.0	0.0	0.0	0.0	0.0	0.0	0.0
SRR9612777	0.0	200.0	1455.0	0.0	0.0	3591.0	210.0	8.0	2178.0	315.0	0.0	92.0	286.0	175.0	23.0	271.0	0.0	75.0	383.0	826.0	924.0	0.0	89.0	386.0	3785.0	5.0	18.0	5.0	0.0	38.0	13.0	32.0	10.0	0.0	0.0	0.0	0.0	129.0	34.0	77.0	75.0	262.0	4.0	2572.0	27.0	0.0	5.0	0.0	80.0	0.0	12.0	3.0	0.0	0.0	11.0	0.0	69.0	249.0	15.0	336.0	78.0	559.0	360.0	0.0	0.0	0.0	10.0	62.0	196.0	4.0	558.0	842.0	121.0	38.0	72.0	0.0	155.0	0.0	0.0	2534.0	0.0	188.0	605.0	7.0	24.0	18.0	210.0	0.0	0.0	129.0	11.0	0.0	2.0	241.0	48.0	28.0	4.0	39.0	270.0	0.0	0.0	78.0	73.0	0.0	0.0	282.0	0.0	0.0	0.0	0.0	62.0	0.0	16.0	1142.0	27.0	0.0	0.0	5.0	99.0	0.0	30.0	0.0	0.0	0.0	136.0	778.0	4.0	214.0	339.0	20.0	0.0	80.0	0.0	0.0	3.0	20.0	5.0	0.0	0.0	0.0	0.0	0.0	0.0	0.0	8.0	33.0	537.0	88.0	46.0	0.0	80.0	14.0	0.0	0.0	7.0	63.0	19.0	86.0	35.0	0.0	148.0	0.0	0.0	12.0	4.0	0.0	0.0	5.0	21.0	10.0	18.0	0.0	35.0	112.0	0.0	0.0	0.0	6.0	0.0	0.0	21.0	0.0	0.0	6.0	0.0	0.0	203.0	77.0	45.0	16.0	18.0	0.0	6.0	0.0	46.0	0.0	0.0	0.0	0.0	0.0	4.0	0.0	12.0	0.0	48.0	19.0	18.0	15.0	0.0	0.0	37.0	0.0	0.0	0.0	0.0	0.0	41.0	0.0	104.0	0.0	0.0	0.0	0.0	0.0	0.0	5.0	4.0	0.0	135.0	0.0	0.0	0.0	28.0	0.0	0.0	0.0	0.0	0.0	0.0	0.0	3.0	0.0	0.0	7.0	0.0	0.0	0.0	0.0	0.0	0.0	3.0	0.0	0.0	0.0	0.0	0.0	32.0	0.0	0.0	0.0	0.0	0.0	0.0	0.0	0.0	0.0	0.0	0.0	0.0	0.0	0.0	0.0	0.0	13.0	0.0	0.0	0.0	0.0	0.0	0.0	0.0	0.0	0.0	0.0	0.0	0.0	0.0	0.0	0.0	0.0	0.0	0.0	0.0	0.0	37.0	0.0	0.0	0.0	0.0	0.0	0.0	0.0	0.0	0.0	0.0	0.0	0.0	0.0	0.0	0.0	0.0	0.0	0.0	0.0	0.0	0.0	0.0	0.0	0.0	0.0	0.0	0.0	0.0	0.0	0.0	0.0
SRR9612778	0.0	565.0	1792.0	4.0	7.0	3445.0	151.0	0.0	3220.0	215.0	0.0	48.0	411.0	205.0	10.0	552.0	35.0	72.0	295.0	674.0	732.0	0.0	101.0	399.0	3846.0	4.0	15.0	0.0	5.0	23.0	4.0	66.0	6.0	0.0	6.0	0.0	7.0	98.0	51.0	52.0	111.0	345.0	14.0	109.0	31.0	0.0	5.0	0.0	12.0	0.0	13.0	4.0	0.0	0.0	8.0	0.0	160.0	221.0	25.0	210.0	62.0	324.0	481.0	0.0	0.0	0.0	9.0	16.0	129.0	0.0	299.0	908.0	163.0	38.0	136.0	27.0	97.0	0.0	16.0	142.0	0.0	181.0	374.0	0.0	20.0	14.0	169.0	14.0	0.0	138.0	0.0	0.0	0.0	195.0	55.0	15.0	0.0	48.0	285.0	0.0	6.0	150.0	94.0	0.0	0.0	171.0	0.0	0.0	0.0	0.0	82.0	2.0	6.0	23.0	17.0	0.0	0.0	2.0	94.0	13.0	21.0	0.0	0.0	0.0	172.0	1227.0	16.0	211.0	365.0	42.0	0.0	72.0	0.0	8.0	0.0	0.0	2.0	0.0	0.0	0.0	9.0	0.0	4.0	0.0	0.0	20.0	498.0	23.0	123.0	0.0	82.0	34.0	0.0	0.0	4.0	44.0	0.0	113.0	48.0	0.0	157.0	0.0	26.0	0.0	0.0	0.0	0.0	9.0	13.0	36.0	18.0	0.0	42.0	205.0	0.0	0.0	0.0	0.0	0.0	0.0	23.0	0.0	0.0	0.0	0.0	2.0	183.0	13.0	34.0	6.0	13.0	0.0	0.0	0.0	8.0	0.0	0.0	0.0	0.0	0.0	0.0	0.0	9.0	0.0	21.0	15.0	0.0	6.0	0.0	0.0	9.0	38.0	0.0	0.0	3.0	6.0	41.0	0.0	111.0	0.0	0.0	0.0	0.0	0.0	0.0	6.0	0.0	0.0	107.0	0.0	5.0	0.0	30.0	14.0	0.0	0.0	0.0	0.0	0.0	0.0	0.0	0.0	0.0	0.0	0.0	0.0	0.0	0.0	6.0	0.0	4.0	0.0	0.0	0.0	0.0	0.0	25.0	2.0	0.0	0.0	2.0	0.0	0.0	0.0	0.0	0.0	0.0	0.0	0.0	0.0	0.0	0.0	0.0	16.0	0.0	0.0	0.0	0.0	0.0	0.0	0.0	0.0	0.0	0.0	0.0	0.0	0.0	0.0	0.0	0.0	0.0	0.0	0.0	0.0	46.0	0.0	0.0	0.0	0.0	0.0	0.0	0.0	0.0	0.0	0.0	0.0	0.0	0.0	0.0	0.0	0.0	0.0	0.0	0.0	0.0	0.0	0.0	0.0	0.0	0.0	0.0	0.0	0.0	0.0	0.0	0.0
SRR9612779	0.0	140.0	1037.0	0.0	20.0	1444.0	113.0	7.0	1796.0	114.0	0.0	10.0	215.0	106.0	0.0	394.0	34.0	28.0	125.0	471.0	121.0	0.0	25.0	234.0	2596.0	0.0	0.0	0.0	0.0	17.0	8.0	418.0	0.0	0.0	3.0	3.0	0.0	44.0	36.0	21.0	30.0	231.0	0.0	9.0	8.0	0.0	0.0	0.0	0.0	0.0	11.0	0.0	0.0	0.0	0.0	5.0	114.0	25.0	12.0	128.0	27.0	96.0	226.0	0.0	0.0	0.0	0.0	18.0	53.0	0.0	103.0	431.0	29.0	16.0	49.0	16.0	75.0	0.0	0.0	22.0	0.0	67.0	230.0	14.0	6.0	0.0	81.0	9.0	0.0	71.0	0.0	0.0	0.0	84.0	34.0	13.0	0.0	5.0	172.0	0.0	0.0	64.0	43.0	0.0	0.0	69.0	0.0	0.0	0.0	0.0	37.0	2.0	2.0	59.0	0.0	0.0	0.0	0.0	78.0	0.0	0.0	0.0	0.0	0.0	77.0	434.0	0.0	103.0	168.0	75.0	0.0	54.0	5.0	0.0	5.0	7.0	0.0	0.0	0.0	0.0	0.0	0.0	0.0	7.0	0.0	5.0	113.0	8.0	35.0	0.0	12.0	58.0	0.0	0.0	0.0	43.0	16.0	73.0	14.0	0.0	81.0	0.0	15.0	0.0	7.0	0.0	0.0	0.0	0.0	21.0	12.0	0.0	12.0	156.0	2.0	14.0	0.0	5.0	0.0	0.0	8.0	0.0	0.0	19.0	0.0	0.0	81.0	0.0	17.0	0.0	10.0	0.0	0.0	0.0	3.0	0.0	0.0	0.0	0.0	0.0	6.0	0.0	0.0	0.0	10.0	18.0	0.0	6.0	0.0	0.0	27.0	0.0	0.0	0.0	0.0	0.0	63.0	0.0	83.0	0.0	0.0	0.0	0.0	0.0	0.0	12.0	0.0	0.0	37.0	6.0	0.0	0.0	9.0	0.0	0.0	0.0	0.0	0.0	0.0	7.0	0.0	0.0	0.0	0.0	0.0	0.0	0.0	0.0	0.0	0.0	0.0	0.0	0.0	0.0	0.0	0.0	17.0	0.0	0.0	0.0	0.0	0.0	0.0	0.0	0.0	0.0	0.0	0.0	0.0	0.0	0.0	0.0	0.0	0.0	0.0	0.0	0.0	0.0	0.0	0.0	0.0	0.0	0.0	0.0	0.0	0.0	0.0	0.0	0.0	0.0	0.0	0.0	0.0	0.0	23.0	0.0	0.0	0.0	0.0	0.0	0.0	0.0	0.0	0.0	0.0	0.0	0.0	0.0	0.0	0.0	0.0	0.0	0.0	0.0	0.0	0.0	0.0	0.0	0.0	0.0	0.0	0.0	0.0	0.0	0.0	0.0
SRR9612780	0.0	152.0	717.0	0.0	0.0	2157.0	130.0	0.0	2444.0	84.0	0.0	11.0	234.0	107.0	12.0	230.0	18.0	12.0	100.0	440.0	157.0	0.0	21.0	223.0	1969.0	0.0	0.0	0.0	0.0	12.0	0.0	55.0	3.0	11.0	0.0	0.0	4.0	50.0	26.0	27.0	79.0	310.0	0.0	193.0	17.0	0.0	0.0	2.0	17.0	11.0	16.0	0.0	0.0	0.0	0.0	0.0	70.0	26.0	19.0	119.0	15.0	94.0	237.0	0.0	0.0	0.0	0.0	22.0	105.0	8.0	125.0	414.0	11.0	21.0	41.0	17.0	55.0	0.0	7.0	63.0	0.0	130.0	394.0	0.0	19.0	0.0	115.0	7.0	0.0	96.0	10.0	0.0	0.0	162.0	28.0	5.0	0.0	1.0	135.0	0.0	0.0	105.0	57.0	0.0	0.0	137.0	0.0	0.0	0.0	0.0	75.0	0.0	0.0	14.0	6.0	0.0	0.0	4.0	26.0	24.0	14.0	0.0	0.0	0.0	154.0	435.0	0.0	137.0	137.0	45.0	0.0	46.0	0.0	2.0	0.0	11.0	0.0	0.0	0.0	0.0	0.0	14.0	0.0	0.0	7.0	10.0	215.0	0.0	29.0	0.0	57.0	31.0	0.0	0.0	0.0	76.0	27.0	61.0	30.0	0.0	86.0	0.0	0.0	10.0	3.0	0.0	0.0	5.0	0.0	56.0	16.0	0.0	0.0	102.0	17.0	0.0	0.0	12.0	0.0	0.0	0.0	0.0	0.0	8.0	0.0	0.0	130.0	0.0	29.0	0.0	15.0	0.0	0.0	0.0	0.0	0.0	0.0	0.0	0.0	0.0	7.0	0.0	0.0	0.0	0.0	14.0	11.0	0.0	0.0	0.0	16.0	0.0	0.0	0.0	8.0	7.0	35.0	0.0	50.0	0.0	0.0	0.0	0.0	0.0	0.0	6.0	0.0	0.0	39.0	0.0	0.0	0.0	24.0	8.0	0.0	0.0	0.0	0.0	40.0	0.0	0.0	0.0	0.0	0.0	0.0	0.0	0.0	0.0	8.0	0.0	0.0	0.0	0.0	0.0	0.0	0.0	7.0	0.0	0.0	0.0	0.0	0.0	0.0	0.0	0.0	0.0	0.0	0.0	0.0	0.0	0.0	0.0	0.0	0.0	0.0	0.0	0.0	0.0	0.0	0.0	0.0	0.0	0.0	0.0	0.0	0.0	0.0	0.0	0.0	0.0	0.0	0.0	0.0	0.0	21.0	0.0	0.0	0.0	0.0	0.0	0.0	0.0	0.0	0.0	0.0	0.0	0.0	0.0	0.0	0.0	0.0	0.0	0.0	0.0	0.0	0.0	0.0	0.0	0.0	0.0	0.0	0.0	0.0	0.0	0.0	0.0
SRR9612781	0.0	562.0	4305.0	2.0	82.0	6856.0	426.0	0.0	6451.0	173.0	15.0	35.0	885.0	321.0	3.0	1194.0	89.0	59.0	251.0	3558.0	289.0	0.0	159.0	872.0	6681.0	0.0	0.0	187.0	32.0	62.0	0.0	322.0	8.0	28.0	41.0	0.0	7.0	698.0	40.0	34.0	187.0	319.0	26.0	64.0	14.0	19.0	13.0	13.0	0.0	0.0	91.0	18.0	0.0	21.0	0.0	0.0	456.0	122.0	0.0	284.0	3.0	111.0	1185.0	0.0	10.0	0.0	75.0	96.0	301.0	25.0	407.0	2579.0	165.0	49.0	467.0	54.0	268.0	0.0	105.0	76.0	74.0	245.0	1151.0	56.0	103.0	31.0	360.0	7.0	0.0	357.0	172.0	0.0	0.0	268.0	48.0	16.0	5.0	41.0	535.0	5.0	20.0	100.0	102.0	0.0	9.0	629.0	0.0	0.0	0.0	0.0	100.0	0.0	19.0	60.0	36.0	0.0	19.0	0.0	103.0	22.0	41.0	0.0	0.0	0.0	472.0	1273.0	7.0	428.0	591.0	40.0	0.0	61.0	38.0	13.0	0.0	7.0	0.0	0.0	20.0	0.0	21.0	1.0	0.0	0.0	7.0	14.0	895.0	0.0	179.0	0.0	166.0	114.0	4.0	10.0	7.0	83.0	276.0	238.0	45.0	0.0	506.0	0.0	40.0	23.0	12.0	0.0	0.0	0.0	28.0	19.0	44.0	0.0	28.0	342.0	132.0	0.0	0.0	7.0	0.0	4.0	27.0	0.0	0.0	29.0	13.0	2.0	392.0	0.0	53.0	0.0	33.0	0.0	0.0	0.0	0.0	0.0	164.0	0.0	0.0	4.0	203.0	3.0	32.0	0.0	0.0	31.0	0.0	0.0	0.0	0.0	47.0	0.0	8.0	0.0	0.0	0.0	125.0	0.0	174.0	0.0	0.0	0.0	0.0	0.0	0.0	5.0	2.0	7.0	121.0	9.0	0.0	0.0	47.0	18.0	0.0	0.0	0.0	0.0	0.0	0.0	0.0	0.0	0.0	0.0	0.0	0.0	0.0	0.0	0.0	0.0	0.0	0.0	0.0	0.0	19.0	0.0	33.0	3.0	0.0	0.0	10.0	0.0	0.0	0.0	0.0	0.0	0.0	3.0	0.0	0.0	0.0	0.0	0.0	0.0	0.0	0.0	0.0	0.0	0.0	0.0	0.0	0.0	0.0	0.0	0.0	0.0	0.0	0.0	0.0	0.0	0.0	0.0	0.0	0.0	100.0	0.0	0.0	0.0	0.0	0.0	0.0	0.0	0.0	0.0	0.0	0.0	0.0	0.0	0.0	0.0	0.0	0.0	0.0	0.0	0.0	0.0	0.0	0.0	0.0	0.0	0.0	0.0	0.0	0.0	0.0	0.0
SRR9612782	0.0	594.0	3602.0	18.0	648.0	4202.0	227.0	39.0	6517.0	396.0	0.0	73.0	830.0	410.0	12.0	2021.0	109.0	98.0	501.0	1905.0	403.0	4.0	185.0	950.0	7214.0	9.0	16.0	131.0	17.0	46.0	52.0	372.0	29.0	13.0	30.0	9.0	48.0	284.0	49.0	74.0	129.0	847.0	168.0	98.0	41.0	7.0	2.0	0.0	15.0	0.0	120.0	16.0	0.0	0.0	3.0	18.0	617.0	202.0	33.0	330.0	126.0	462.0	1121.0	0.0	32.0	0.0	121.0	44.0	669.0	8.0	439.0	1506.0	281.0	76.0	259.0	70.0	259.0	21.0	60.0	158.0	115.0	194.0	967.0	40.0	45.0	17.0	326.0	11.0	0.0	137.0	58.0	0.0	0.0	365.0	98.0	136.0	0.0	91.0	524.0	0.0	0.0	191.0	123.0	0.0	10.0	160.0	0.0	0.0	4.0	5.0	81.0	11.0	8.0	184.0	38.0	0.0	66.0	0.0	574.0	29.0	14.0	0.0	79.0	0.0	246.0	1795.0	0.0	311.0	622.0	121.0	0.0	215.0	19.0	25.0	14.0	9.0	0.0	0.0	0.0	0.0	8.0	32.0	0.0	5.0	17.0	56.0	563.0	36.0	172.0	0.0	142.0	233.0	0.0	0.0	7.0	175.0	142.0	299.0	98.0	0.0	324.0	0.0	0.0	23.0	24.0	0.0	0.0	8.0	10.0	324.0	26.0	0.0	0.0	492.0	45.0	49.0	0.0	11.0	3.0	0.0	12.0	8.0	0.0	126.0	0.0	0.0	356.0	0.0	95.0	0.0	28.0	0.0	0.0	0.0	0.0	0.0	58.0	0.0	0.0	0.0	14.0	0.0	44.0	0.0	41.0	107.0	17.0	0.0	0.0	0.0	25.0	20.0	12.0	0.0	14.0	0.0	174.0	9.0	317.0	0.0	0.0	0.0	0.0	0.0	0.0	30.0	0.0	32.0	85.0	9.0	0.0	4.0	53.0	52.0	0.0	0.0	0.0	0.0	52.0	0.0	0.0	0.0	0.0	0.0	0.0	0.0	6.0	0.0	0.0	0.0	0.0	0.0	0.0	0.0	2.0	0.0	74.0	7.0	0.0	0.0	5.0	0.0	0.0	0.0	0.0	0.0	0.0	0.0	0.0	0.0	0.0	0.0	0.0	0.0	0.0	0.0	0.0	0.0	0.0	0.0	0.0	0.0	0.0	0.0	0.0	0.0	0.0	0.0	0.0	11.0	0.0	0.0	0.0	0.0	56.0	0.0	0.0	0.0	0.0	0.0	0.0	0.0	0.0	0.0	2.0	0.0	0.0	0.0	0.0	0.0	0.0	0.0	0.0	0.0	0.0	0.0	0.0	0.0	0.0	0.0	0.0	0.0	1.0	0.0	0.0	0.0
SRR9612783	0.0	45.0	934.0	10.0	27.0	1510.0	62.0	4.0	2428.0	76.0	0.0	13.0	172.0	53.0	0.0	193.0	30.0	19.0	128.0	390.0	249.0	0.0	14.0	216.0	1046.0	9.0	0.0	0.0	0.0	19.0	2.0	39.0	1.0	0.0	16.0	0.0	0.0	65.0	23.0	26.0	65.0	325.0	18.0	601.0	8.0	2.0	4.0	4.0	35.0	0.0	0.0	0.0	0.0	0.0	0.0	0.0	90.0	48.0	0.0	158.0	16.0	257.0	297.0	0.0	7.0	0.0	4.0	13.0	113.0	9.0	189.0	496.0	24.0	5.0	68.0	18.0	49.0	0.0	0.0	327.0	9.0	46.0	304.0	0.0	10.0	0.0	79.0	0.0	0.0	71.0	34.0	0.0	0.0	141.0	13.0	0.0	0.0	8.0	119.0	0.0	0.0	26.0	24.0	0.0	0.0	117.0	0.0	0.0	0.0	0.0	23.0	5.0	5.0	1.0	0.0	0.0	0.0	5.0	65.0	17.0	6.0	0.0	0.0	0.0	99.0	645.0	0.0	81.0	124.0	12.0	0.0	27.0	0.0	0.0	3.0	14.0	3.0	0.0	0.0	0.0	0.0	0.0	0.0	0.0	6.0	15.0	202.0	32.0	25.0	0.0	0.0	39.0	0.0	0.0	0.0	27.0	24.0	100.0	12.0	0.0	94.0	0.0	0.0	7.0	2.0	0.0	0.0	0.0	0.0	20.0	7.0	0.0	39.0	94.0	0.0	0.0	0.0	8.0	0.0	0.0	5.0	0.0	0.0	0.0	0.0	0.0	144.0	0.0	29.0	0.0	7.0	0.0	0.0	0.0	11.0	0.0	0.0	0.0	0.0	0.0	0.0	0.0	0.0	2.0	0.0	15.0	10.0	0.0	0.0	0.0	10.0	12.0	0.0	0.0	9.0	21.0	38.0	6.0	31.0	0.0	0.0	0.0	0.0	0.0	0.0	5.0	0.0	0.0	26.0	0.0	0.0	0.0	14.0	0.0	0.0	0.0	0.0	0.0	0.0	0.0	0.0	0.0	0.0	0.0	0.0	0.0	0.0	0.0	0.0	0.0	0.0	0.0	0.0	0.0	0.0	0.0	0.0	0.0	0.0	0.0	0.0	0.0	0.0	0.0	0.0	0.0	0.0	0.0	0.0	0.0	0.0	0.0	0.0	0.0	0.0	0.0	0.0	0.0	0.0	0.0	0.0	0.0	0.0	0.0	0.0	0.0	0.0	0.0	0.0	0.0	0.0	0.0	0.0	0.0	18.0	0.0	0.0	0.0	0.0	0.0	0.0	0.0	0.0	0.0	0.0	0.0	0.0	0.0	0.0	0.0	0.0	0.0	0.0	0.0	0.0	0.0	0.0	0.0	0.0	0.0	0.0	0.0	0.0	0.0	0.0	0.0
SRR9612784	0.0	35.0	1545.0	0.0	0.0	2191.0	71.0	0.0	2760.0	78.0	0.0	30.0	75.0	88.0	0.0	155.0	21.0	5.0	159.0	384.0	269.0	0.0	15.0	377.0	2271.0	4.0	0.0	3.0	6.0	13.0	0.0	95.0	0.0	0.0	0.0	0.0	8.0	59.0	0.0	43.0	75.0	465.0	0.0	18.0	54.0	0.0	14.0	0.0	35.0	0.0	29.0	7.0	0.0	0.0	0.0	0.0	168.0	79.0	28.0	215.0	3.0	160.0	400.0	0.0	0.0	0.0	12.0	30.0	142.0	0.0	154.0	779.0	63.0	8.0	81.0	55.0	117.0	0.0	0.0	145.0	6.0	28.0	532.0	1.0	7.0	19.0	110.0	32.0	0.0	41.0	10.0	0.0	0.0	138.0	65.0	33.0	0.0	20.0	165.0	0.0	0.0	36.0	33.0	0.0	0.0	215.0	0.0	0.0	3.0	0.0	39.0	0.0	3.0	19.0	0.0	0.0	0.0	0.0	47.0	5.0	20.0	0.0	0.0	0.0	155.0	1010.0	0.0	87.0	234.0	34.0	0.0	25.0	0.0	3.0	9.0	8.0	0.0	0.0	0.0	0.0	0.0	9.0	0.0	0.0	3.0	6.0	166.0	10.0	20.0	4.0	4.0	75.0	0.0	0.0	0.0	29.0	25.0	104.0	44.0	0.0	104.0	0.0	0.0	19.0	9.0	0.0	0.0	0.0	0.0	0.0	9.0	0.0	11.0	127.0	15.0	0.0	0.0	11.0	0.0	0.0	0.0	0.0	0.0	10.0	0.0	0.0	120.0	0.0	34.0	0.0	9.0	0.0	0.0	0.0	4.0	0.0	0.0	0.0	0.0	0.0	14.0	0.0	0.0	0.0	14.0	28.0	13.0	7.0	0.0	0.0	15.0	0.0	0.0	0.0	2.0	0.0	96.0	0.0	38.0	0.0	0.0	0.0	0.0	0.0	0.0	4.0	0.0	0.0	97.0	0.0	0.0	0.0	24.0	6.0	0.0	0.0	0.0	0.0	0.0	2.0	0.0	0.0	5.0	3.0	0.0	0.0	0.0	0.0	0.0	0.0	0.0	0.0	0.0	0.0	0.0	0.0	14.0	0.0	0.0	0.0	0.0	2.0	0.0	0.0	0.0	0.0	0.0	0.0	0.0	0.0	0.0	0.0	0.0	0.0	0.0	0.0	0.0	0.0	0.0	0.0	0.0	0.0	0.0	0.0	0.0	0.0	0.0	0.0	0.0	0.0	0.0	0.0	0.0	0.0	23.0	0.0	0.0	0.0	0.0	0.0	0.0	0.0	0.0	0.0	0.0	0.0	0.0	0.0	0.0	0.0	0.0	0.0	0.0	0.0	0.0	0.0	0.0	0.0	0.0	0.0	0.0	0.0	0.0	0.0	0.0	0.0
SRR9612792	0.0	131.0	593.0	4.0	10.0	1935.0	94.0	6.0	1258.0	109.0	0.0	8.0	67.0	100.0	0.0	179.0	13.0	10.0	80.0	382.0	235.0	0.0	22.0	185.0	896.0	0.0	0.0	6.0	0.0	18.0	0.0	14.0	0.0	0.0	6.0	0.0	0.0	44.0	0.0	37.0	64.0	289.0	0.0	160.0	0.0	0.0	0.0	0.0	23.0	0.0	7.0	0.0	0.0	0.0	0.0	3.0	26.0	40.0	0.0	217.0	6.0	210.0	85.0	0.0	0.0	0.0	0.0	33.0	30.0	0.0	130.0	100.0	7.0	5.0	28.0	6.0	38.0	0.0	0.0	60.0	0.0	30.0	189.0	0.0	6.0	0.0	83.0	13.0	0.0	65.0	0.0	0.0	0.0	135.0	33.0	12.0	0.0	0.0	131.0	0.0	0.0	110.0	68.0	0.0	0.0	61.0	0.0	2.0	0.0	0.0	20.0	0.0	0.0	22.0	0.0	0.0	0.0	0.0	29.0	0.0	8.0	0.0	0.0	0.0	108.0	235.0	0.0	78.0	117.0	18.0	0.0	30.0	0.0	0.0	0.0	0.0	0.0	0.0	0.0	0.0	0.0	0.0	0.0	0.0	0.0	0.0	220.0	30.0	33.0	0.0	31.0	33.0	0.0	0.0	0.0	63.0	10.0	30.0	19.0	0.0	35.0	0.0	41.0	0.0	0.0	0.0	0.0	0.0	0.0	51.0	0.0	0.0	12.0	39.0	6.0	0.0	0.0	0.0	0.0	0.0	0.0	0.0	0.0	0.0	0.0	0.0	118.0	9.0	21.0	0.0	7.0	0.0	8.0	2.0	3.0	0.0	0.0	0.0	0.0	0.0	0.0	0.0	10.0	0.0	0.0	6.0	0.0	0.0	0.0	0.0	15.0	0.0	0.0	0.0	0.0	0.0	20.0	0.0	39.0	0.0	0.0	0.0	0.0	0.0	0.0	0.0	0.0	0.0	34.0	0.0	0.0	0.0	0.0	0.0	0.0	0.0	0.0	0.0	0.0	0.0	0.0	0.0	0.0	0.0	0.0	0.0	0.0	0.0	0.0	0.0	0.0	0.0	0.0	0.0	0.0	0.0	11.0	0.0	0.0	0.0	0.0	0.0	0.0	0.0	0.0	0.0	0.0	0.0	0.0	0.0	0.0	0.0	0.0	0.0	0.0	0.0	0.0	0.0	0.0	0.0	0.0	0.0	0.0	0.0	0.0	0.0	0.0	0.0	0.0	0.0	0.0	0.0	0.0	0.0	22.0	0.0	0.0	0.0	0.0	0.0	0.0	0.0	0.0	0.0	0.0	0.0	0.0	0.0	0.0	0.0	0.0	0.0	0.0	0.0	0.0	0.0	0.0	0.0	0.0	0.0	0.0	0.0	0.0	0.0	0.0	0.0
SRR9612793	0.0	1532.0	26.0	2.0	0.0	7.0	0.0	0.0	4417.0	815.0	0.0	3.0	623.0	894.0	0.0	404.0	6.0	7.0	23.0	54.0	87.0	0.0	21.0	8.0	147.0	0.0	0.0	6.0	0.0	0.0	0.0	0.0	3.0	0.0	0.0	20.0	0.0	0.0	487.0	5.0	0.0	56.0	0.0	14.0	3.0	0.0	0.0	0.0	3.0	0.0	0.0	0.0	0.0	0.0	0.0	0.0	5.0	47.0	0.0	8.0	86.0	518.0	10.0	0.0	0.0	0.0	0.0	0.0	61.0	0.0	314.0	13.0	0.0	12.0	0.0	21.0	0.0	0.0	0.0	122.0	4.0	4.0	15.0	0.0	0.0	0.0	163.0	0.0	0.0	0.0	0.0	0.0	0.0	159.0	0.0	0.0	0.0	4.0	16.0	0.0	0.0	2840.0	84.0	0.0	0.0	4.0	0.0	0.0	0.0	0.0	11.0	0.0	0.0	0.0	0.0	0.0	0.0	0.0	30.0	0.0	0.0	0.0	0.0	0.0	13.0	0.0	0.0	10.0	18.0	460.0	0.0	21.0	0.0	0.0	0.0	8.0	0.0	0.0	0.0	0.0	0.0	0.0	0.0	0.0	0.0	0.0	23.0	0.0	57.0	0.0	5366.0	0.0	0.0	0.0	0.0	257.0	0.0	0.0	0.0	0.0	0.0	0.0	82.0	0.0	0.0	0.0	0.0	0.0	0.0	110.0	0.0	0.0	12.0	10.0	0.0	0.0	0.0	0.0	0.0	0.0	0.0	0.0	0.0	13.0	0.0	0.0	14.0	0.0	9.0	0.0	0.0	0.0	0.0	0.0	0.0	0.0	0.0	0.0	0.0	0.0	0.0	0.0	20.0	0.0	0.0	0.0	0.0	0.0	0.0	0.0	0.0	0.0	0.0	0.0	0.0	0.0	0.0	0.0	7.0	7.0	0.0	0.0	0.0	0.0	0.0	0.0	0.0	0.0	0.0	0.0	0.0	0.0	0.0	0.0	0.0	0.0	0.0	0.0	0.0	0.0	0.0	0.0	0.0	0.0	0.0	0.0	0.0	0.0	0.0	0.0	0.0	0.0	0.0	0.0	0.0	0.0	0.0	0.0	0.0	0.0	0.0	0.0	0.0	0.0	0.0	0.0	0.0	0.0	0.0	0.0	0.0	0.0	0.0	0.0	0.0	0.0	0.0	0.0	0.0	0.0	0.0	0.0	0.0	0.0	0.0	0.0	0.0	0.0	0.0	0.0	0.0	0.0	0.0	0.0	0.0	0.0	0.0	0.0	0.0	0.0	0.0	0.0	0.0	0.0	0.0	0.0	0.0	0.0	0.0	0.0	0.0	0.0	0.0	0.0	0.0	0.0	0.0	0.0	0.0	0.0	0.0	0.0	0.0	0.0	0.0	0.0
SRR9612794	0.0	445.0	47.0	5.0	1048.0	37.0	35.0	0.0	8651.0	696.0	0.0	12.0	1161.0	2622.0	28.0	2570.0	0.0	74.0	29.0	3004.0	24.0	0.0	4.0	62.0	253.0	0.0	0.0	1168.0	169.0	9.0	0.0	50.0	0.0	223.0	5.0	0.0	0.0	65.0	61.0	30.0	0.0	325.0	258.0	0.0	15.0	0.0	0.0	0.0	0.0	0.0	15.0	4.0	0.0	0.0	2.0	0.0	4.0	303.0	0.0	7.0	57.0	597.0	6.0	0.0	0.0	0.0	113.0	420.0	452.0	0.0	277.0	27.0	0.0	67.0	96.0	17.0	5.0	23.0	75.0	5.0	402.0	11.0	25.0	12.0	5.0	0.0	1468.0	0.0	0.0	0.0	0.0	0.0	3.0	134.0	5.0	0.0	0.0	19.0	52.0	0.0	0.0	306.0	470.0	0.0	0.0	10.0	8.0	0.0	0.0	0.0	10.0	0.0	0.0	44.0	0.0	0.0	0.0	0.0	32.0	0.0	0.0	0.0	243.0	0.0	22.0	0.0	0.0	3.0	22.0	315.0	0.0	183.0	172.0	0.0	0.0	0.0	12.0	0.0	36.0	0.0	9.0	0.0	0.0	0.0	0.0	0.0	29.0	14.0	11.0	0.0	81.0	7.0	0.0	0.0	6.0	145.0	0.0	12.0	0.0	0.0	9.0	0.0	538.0	0.0	4.0	0.0	12.0	0.0	0.0	0.0	0.0	0.0	18.0	7.0	0.0	152.0	0.0	0.0	0.0	0.0	0.0	0.0	0.0	71.0	0.0	0.0	10.0	0.0	0.0	0.0	0.0	0.0	0.0	0.0	42.0	0.0	630.0	0.0	0.0	0.0	0.0	0.0	71.0	0.0	2.0	8.0	0.0	0.0	0.0	0.0	0.0	6.0	461.0	0.0	0.0	0.0	0.0	0.0	50.0	0.0	0.0	0.0	0.0	0.0	0.0	0.0	0.0	0.0	0.0	0.0	0.0	0.0	0.0	0.0	0.0	0.0	0.0	0.0	0.0	0.0	0.0	0.0	0.0	0.0	0.0	0.0	0.0	0.0	0.0	0.0	0.0	0.0	0.0	0.0	0.0	0.0	0.0	0.0	0.0	0.0	0.0	0.0	0.0	0.0	0.0	0.0	0.0	0.0	0.0	0.0	0.0	0.0	0.0	0.0	0.0	0.0	0.0	0.0	0.0	0.0	0.0	0.0	0.0	0.0	0.0	0.0	0.0	0.0	0.0	0.0	0.0	0.0	0.0	0.0	0.0	0.0	0.0	0.0	0.0	0.0	0.0	0.0	0.0	0.0	0.0	0.0	0.0	0.0	0.0	0.0	0.0	0.0	0.0	0.0	0.0	0.0	0.0	0.0	0.0	0.0	0.0	0.0	0.0	0.0	0.0	0.0
SRR9612795	0.0	1146.0	33.0	8.0	163.0	40.0	20.0	0.0	3858.0	640.0	0.0	10.0	769.0	995.0	3.0	1179.0	13.0	3.0	7.0	2850.0	41.0	0.0	7.0	13.0	201.0	5.0	0.0	244.0	0.0	0.0	0.0	28.0	0.0	78.0	0.0	0.0	0.0	30.0	125.0	24.0	0.0	60.0	0.0	0.0	0.0	0.0	0.0	0.0	0.0	0.0	0.0	0.0	0.0	0.0	0.0	0.0	5.0	86.0	0.0	5.0	5.0	316.0	0.0	0.0	0.0	12.0	47.0	12.0	150.0	4.0	705.0	24.0	0.0	4.0	51.0	17.0	0.0	0.0	31.0	12.0	162.0	12.0	81.0	0.0	2.0	0.0	1405.0	0.0	0.0	10.0	4.0	0.0	0.0	558.0	0.0	0.0	0.0	89.0	48.0	0.0	0.0	2706.0	173.0	0.0	0.0	0.0	11.0	0.0	0.0	0.0	0.0	0.0	0.0	15.0	29.0	0.0	5.0	0.0	26.0	10.0	0.0	0.0	0.0	0.0	31.0	9.0	0.0	0.0	13.0	524.0	0.0	191.0	42.0	0.0	0.0	0.0	0.0	0.0	63.0	0.0	0.0	0.0	0.0	0.0	0.0	0.0	17.0	10.0	33.0	0.0	546.0	3.0	0.0	0.0	0.0	336.0	0.0	4.0	0.0	0.0	16.0	0.0	682.0	0.0	0.0	0.0	0.0	0.0	0.0	301.0	0.0	0.0	0.0	11.0	0.0	0.0	0.0	0.0	0.0	6.0	4.0	0.0	0.0	431.0	0.0	6.0	2835.0	0.0	6.0	0.0	0.0	0.0	0.0	5.0	22.0	0.0	32.0	0.0	0.0	0.0	0.0	0.0	17.0	0.0	0.0	0.0	0.0	0.0	0.0	0.0	0.0	0.0	19.0	0.0	0.0	0.0	0.0	0.0	7.0	0.0	0.0	0.0	0.0	0.0	0.0	0.0	0.0	0.0	3.0	0.0	0.0	0.0	0.0	0.0	0.0	0.0	0.0	0.0	0.0	0.0	0.0	0.0	0.0	0.0	0.0	0.0	0.0	0.0	0.0	5.0	0.0	0.0	0.0	0.0	0.0	0.0	0.0	0.0	0.0	0.0	0.0	0.0	0.0	0.0	0.0	0.0	0.0	0.0	0.0	0.0	0.0	0.0	0.0	0.0	0.0	0.0	0.0	0.0	0.0	0.0	0.0	0.0	0.0	0.0	0.0	0.0	0.0	0.0	0.0	0.0	0.0	0.0	0.0	0.0	0.0	0.0	0.0	0.0	0.0	0.0	0.0	0.0	0.0	0.0	0.0	0.0	0.0	0.0	0.0	0.0	0.0	0.0	0.0	0.0	0.0	0.0	0.0	0.0	0.0	0.0	0.0	0.0	0.0	0.0	0.0	0.0
SRR9612796	0.0	754.0	21.0	10.0	285.0	41.0	8.0	0.0	13409.0	1015.0	13.0	26.0	553.0	1430.0	0.0	2572.0	0.0	4.0	35.0	3729.0	447.0	0.0	9.0	30.0	455.0	0.0	0.0	454.0	191.0	0.0	0.0	202.0	6.0	106.0	0.0	0.0	0.0	50.0	39.0	57.0	22.0	447.0	30.0	0.0	0.0	0.0	0.0	5.0	0.0	0.0	0.0	0.0	6.0	3.0	0.0	0.0	2.0	26.0	0.0	0.0	71.0	614.0	5.0	0.0	0.0	0.0	72.0	16.0	115.0	0.0	454.0	0.0	0.0	73.0	56.0	0.0	7.0	0.0	14.0	27.0	221.0	4.0	10.0	0.0	0.0	0.0	1557.0	0.0	10.0	0.0	9.0	0.0	0.0	71.0	0.0	10.0	0.0	55.0	29.0	0.0	0.0	188.0	203.0	4.0	0.0	3.0	14.0	0.0	0.0	0.0	5.0	0.0	0.0	96.0	28.0	0.0	16.0	0.0	54.0	4.0	0.0	0.0	0.0	0.0	0.0	34.0	0.0	13.0	25.0	325.0	0.0	152.0	213.0	3.0	0.0	7.0	6.0	0.0	25.0	0.0	0.0	0.0	0.0	0.0	0.0	0.0	25.0	21.0	14.0	5.0	118.0	3.0	0.0	0.0	0.0	568.0	0.0	17.0	2.0	0.0	6.0	0.0	580.0	0.0	0.0	0.0	0.0	0.0	0.0	0.0	0.0	0.0	33.0	12.0	0.0	0.0	0.0	0.0	0.0	35.0	6.0	0.0	0.0	935.0	0.0	0.0	5.0	5.0	20.0	0.0	0.0	0.0	0.0	0.0	15.0	0.0	364.0	0.0	0.0	0.0	3.0	0.0	29.0	0.0	12.0	0.0	0.0	0.0	0.0	0.0	0.0	0.0	50.0	0.0	0.0	0.0	0.0	0.0	55.0	0.0	0.0	0.0	0.0	0.0	0.0	0.0	0.0	0.0	0.0	0.0	0.0	0.0	0.0	3.0	0.0	3.0	0.0	0.0	0.0	0.0	0.0	0.0	0.0	0.0	0.0	0.0	0.0	0.0	0.0	0.0	0.0	0.0	0.0	0.0	0.0	0.0	0.0	0.0	0.0	0.0	0.0	0.0	0.0	0.0	0.0	0.0	0.0	0.0	0.0	0.0	0.0	0.0	0.0	0.0	0.0	0.0	0.0	0.0	0.0	0.0	0.0	0.0	0.0	0.0	0.0	0.0	0.0	0.0	0.0	0.0	0.0	0.0	0.0	0.0	0.0	0.0	0.0	0.0	0.0	0.0	0.0	0.0	0.0	0.0	0.0	0.0	0.0	0.0	0.0	0.0	0.0	0.0	0.0	0.0	5.0	0.0	0.0	0.0	0.0	0.0	0.0	0.0	0.0	0.0	0.0	0.0
SRR9612797	0.0	143.0	1394.0	0.0	80.0	2497.0	90.0	35.0	3248.0	208.0	0.0	20.0	205.0	141.0	3.0	373.0	0.0	40.0	69.0	939.0	112.0	0.0	29.0	293.0	2938.0	3.0	0.0	51.0	9.0	29.0	67.0	58.0	0.0	0.0	0.0	0.0	0.0	99.0	27.0	45.0	100.0	247.0	0.0	0.0	43.0	3.0	2.0	0.0	3.0	0.0	71.0	0.0	0.0	15.0	0.0	0.0	291.0	94.0	28.0	222.0	67.0	218.0	586.0	0.0	20.0	0.0	0.0	0.0	146.0	0.0	189.0	606.0	62.0	28.0	69.0	25.0	80.0	0.0	13.0	33.0	21.0	90.0	558.0	25.0	18.0	9.0	78.0	0.0	0.0	131.0	27.0	0.0	0.0	196.0	29.0	50.0	0.0	6.0	140.0	0.0	6.0	76.0	65.0	0.0	0.0	132.0	0.0	0.0	0.0	0.0	70.0	0.0	0.0	50.0	0.0	0.0	0.0	0.0	425.0	0.0	0.0	0.0	0.0	0.0	113.0	1005.0	6.0	135.0	248.0	35.0	0.0	75.0	11.0	17.0	2.0	0.0	0.0	0.0	0.0	0.0	0.0	2.0	0.0	0.0	0.0	0.0	431.0	32.0	48.0	0.0	42.0	139.0	0.0	0.0	0.0	88.0	105.0	134.0	21.0	0.0	185.0	0.0	0.0	15.0	9.0	0.0	0.0	0.0	3.0	17.0	0.0	0.0	0.0	79.0	0.0	0.0	0.0	9.0	0.0	0.0	3.0	0.0	0.0	25.0	5.0	0.0	184.0	0.0	25.0	0.0	15.0	0.0	0.0	0.0	0.0	3.0	146.0	0.0	0.0	0.0	24.0	0.0	5.0	0.0	8.0	37.0	0.0	0.0	0.0	0.0	18.0	0.0	28.0	0.0	12.0	0.0	158.0	0.0	56.0	0.0	0.0	0.0	0.0	0.0	0.0	4.0	0.0	0.0	55.0	33.0	0.0	0.0	0.0	0.0	0.0	0.0	0.0	0.0	0.0	0.0	0.0	0.0	0.0	0.0	0.0	0.0	0.0	0.0	0.0	0.0	0.0	0.0	0.0	0.0	0.0	0.0	31.0	0.0	0.0	0.0	0.0	0.0	0.0	0.0	0.0	0.0	0.0	0.0	0.0	0.0	0.0	0.0	0.0	0.0	0.0	0.0	0.0	0.0	0.0	0.0	0.0	0.0	0.0	0.0	0.0	0.0	0.0	0.0	0.0	0.0	0.0	0.0	0.0	0.0	37.0	0.0	0.0	0.0	0.0	0.0	0.0	0.0	0.0	0.0	0.0	0.0	0.0	0.0	0.0	0.0	0.0	0.0	0.0	0.0	0.0	0.0	0.0	0.0	0.0	0.0	0.0	0.0	0.0	0.0	0.0	0.0
SRR9612798	0.0	41.0	1388.0	0.0	92.0	2715.0	178.0	0.0	2521.0	32.0	0.0	0.0	266.0	84.0	0.0	366.0	0.0	17.0	78.0	1257.0	116.0	0.0	38.0	315.0	1549.0	0.0	0.0	55.0	17.0	21.0	0.0	93.0	6.0	0.0	0.0	0.0	0.0	377.0	0.0	16.0	63.0	110.0	0.0	17.0	5.0	0.0	0.0	0.0	0.0	0.0	22.0	7.0	0.0	17.0	0.0	0.0	124.0	41.0	0.0	14.0	7.0	52.0	322.0	0.0	17.0	0.0	39.0	23.0	14.0	13.0	99.0	398.0	10.0	0.0	49.0	0.0	87.0	2.0	35.0	0.0	0.0	105.0	380.0	9.0	18.0	8.0	37.0	0.0	0.0	114.0	32.0	0.0	0.0	77.0	0.0	0.0	0.0	17.0	137.0	4.0	0.0	31.0	0.0	0.0	0.0	173.0	0.0	0.0	0.0	0.0	66.0	0.0	0.0	31.0	0.0	0.0	0.0	0.0	12.0	13.0	6.0	0.0	0.0	0.0	144.0	388.0	0.0	94.0	109.0	10.0	0.0	0.0	0.0	0.0	0.0	0.0	0.0	0.0	0.0	0.0	0.0	0.0	0.0	3.0	0.0	16.0	241.0	0.0	17.0	0.0	26.0	15.0	0.0	6.0	0.0	26.0	129.0	91.0	0.0	0.0	110.0	0.0	0.0	0.0	0.0	0.0	0.0	0.0	0.0	22.0	26.0	0.0	0.0	249.0	50.0	0.0	0.0	0.0	0.0	0.0	22.0	0.0	0.0	8.0	0.0	0.0	117.0	0.0	30.0	0.0	0.0	0.0	0.0	0.0	0.0	0.0	42.0	0.0	0.0	0.0	10.0	0.0	0.0	0.0	0.0	15.0	0.0	0.0	0.0	0.0	27.0	0.0	0.0	0.0	0.0	0.0	23.0	0.0	43.0	0.0	0.0	0.0	0.0	0.0	0.0	4.0	0.0	0.0	40.0	13.0	0.0	0.0	0.0	0.0	0.0	0.0	0.0	0.0	0.0	0.0	0.0	0.0	0.0	0.0	0.0	0.0	0.0	0.0	0.0	0.0	0.0	0.0	0.0	0.0	0.0	0.0	0.0	0.0	4.0	0.0	0.0	0.0	0.0	0.0	0.0	0.0	0.0	0.0	0.0	0.0	0.0	0.0	0.0	0.0	0.0	0.0	0.0	0.0	0.0	0.0	0.0	0.0	0.0	0.0	0.0	0.0	0.0	0.0	0.0	0.0	0.0	0.0	0.0	0.0	28.0	0.0	0.0	0.0	0.0	0.0	0.0	0.0	0.0	0.0	0.0	0.0	0.0	0.0	0.0	0.0	0.0	0.0	0.0	0.0	0.0	0.0	0.0	0.0	0.0	0.0	0.0	0.0	0.0	0.0	0.0	0.0
SRR9612799	0.0	332.0	1967.0	0.0	0.0	4344.0	197.0	9.0	2575.0	133.0	0.0	10.0	430.0	86.0	0.0	474.0	45.0	10.0	146.0	790.0	122.0	0.0	100.0	385.0	3487.0	0.0	0.0	0.0	0.0	37.0	11.0	56.0	0.0	3.0	22.0	0.0	0.0	100.0	0.0	4.0	102.0	253.0	0.0	41.0	31.0	0.0	5.0	0.0	0.0	0.0	15.0	0.0	0.0	9.0	0.0	0.0	239.0	44.0	32.0	233.0	5.0	103.0	483.0	7.0	0.0	0.0	9.0	25.0	104.0	7.0	227.0	1012.0	95.0	8.0	132.0	18.0	185.0	0.0	20.0	6.0	0.0	150.0	577.0	0.0	11.0	10.0	152.0	0.0	0.0	132.0	24.0	0.0	0.0	147.0	41.0	0.0	0.0	0.0	175.0	0.0	0.0	67.0	53.0	0.0	0.0	192.0	0.0	0.0	0.0	0.0	53.0	0.0	5.0	36.0	32.0	0.0	0.0	0.0	115.0	25.0	0.0	0.0	0.0	0.0	174.0	1165.0	11.0	172.0	341.0	24.0	0.0	41.0	0.0	5.0	0.0	4.0	0.0	0.0	0.0	0.0	0.0	0.0	0.0	0.0	8.0	13.0	511.0	0.0	50.0	0.0	58.0	99.0	0.0	0.0	0.0	53.0	22.0	164.0	16.0	0.0	268.0	0.0	11.0	0.0	0.0	0.0	0.0	0.0	17.0	21.0	19.0	0.0	0.0	117.0	24.0	0.0	0.0	0.0	0.0	0.0	13.0	0.0	0.0	9.0	5.0	0.0	225.0	0.0	45.0	0.0	5.0	0.0	0.0	0.0	0.0	0.0	4.0	0.0	13.0	0.0	0.0	0.0	0.0	0.0	0.0	19.0	11.0	0.0	0.0	0.0	25.0	0.0	0.0	0.0	0.0	0.0	124.0	0.0	75.0	0.0	0.0	0.0	0.0	0.0	0.0	0.0	0.0	0.0	31.0	0.0	0.0	0.0	31.0	0.0	0.0	0.0	0.0	0.0	0.0	0.0	0.0	0.0	0.0	0.0	0.0	0.0	0.0	0.0	0.0	0.0	0.0	0.0	0.0	0.0	0.0	0.0	26.0	4.0	0.0	0.0	0.0	0.0	0.0	0.0	0.0	0.0	0.0	0.0	0.0	0.0	0.0	0.0	0.0	0.0	0.0	0.0	0.0	0.0	0.0	0.0	0.0	0.0	0.0	0.0	0.0	0.0	0.0	0.0	0.0	0.0	0.0	0.0	0.0	0.0	26.0	0.0	0.0	0.0	0.0	0.0	0.0	0.0	0.0	0.0	0.0	0.0	0.0	0.0	0.0	0.0	0.0	0.0	0.0	0.0	0.0	0.0	0.0	0.0	0.0	0.0	0.0	0.0	0.0	0.0	0.0	0.0
SRR9612800	0.0	241.0	1504.0	0.0	35.0	3026.0	179.0	0.0	3260.0	130.0	0.0	0.0	410.0	101.0	0.0	443.0	39.0	20.0	165.0	1239.0	311.0	0.0	43.0	415.0	2574.0	0.0	0.0	73.0	23.0	32.0	35.0	69.0	10.0	17.0	0.0	0.0	0.0	123.0	3.0	13.0	123.0	320.0	0.0	152.0	26.0	10.0	0.0	0.0	0.0	0.0	16.0	13.0	0.0	0.0	0.0	0.0	311.0	24.0	35.0	226.0	31.0	156.0	446.0	0.0	8.0	0.0	56.0	84.0	78.0	5.0	200.0	871.0	42.0	3.0	88.0	32.0	157.0	3.0	31.0	57.0	38.0	93.0	547.0	10.0	23.0	0.0	188.0	0.0	0.0	110.0	46.0	0.0	0.0	178.0	8.0	10.0	0.0	8.0	178.0	0.0	0.0	73.0	71.0	0.0	3.0	184.0	0.0	0.0	3.0	0.0	42.0	0.0	3.0	33.0	0.0	0.0	0.0	0.0	101.0	28.0	0.0	3.0	0.0	0.0	250.0	635.0	0.0	129.0	298.0	48.0	0.0	35.0	7.0	5.0	2.0	0.0	0.0	0.0	0.0	0.0	25.0	0.0	4.0	0.0	0.0	2.0	261.0	7.0	31.0	0.0	23.0	64.0	0.0	0.0	0.0	35.0	82.0	129.0	26.0	0.0	174.0	0.0	23.0	0.0	11.0	0.0	0.0	0.0	0.0	38.0	0.0	0.0	12.0	194.0	38.0	0.0	0.0	0.0	0.0	10.0	11.0	0.0	0.0	32.0	0.0	0.0	196.0	0.0	42.0	0.0	28.0	0.0	0.0	0.0	0.0	0.0	21.0	0.0	0.0	0.0	12.0	0.0	18.0	0.0	7.0	19.0	12.0	0.0	0.0	0.0	26.0	0.0	0.0	0.0	0.0	0.0	0.0	0.0	58.0	0.0	0.0	0.0	0.0	0.0	0.0	14.0	0.0	0.0	42.0	12.0	0.0	0.0	20.0	12.0	0.0	0.0	0.0	0.0	0.0	0.0	0.0	0.0	0.0	0.0	0.0	0.0	0.0	0.0	0.0	0.0	0.0	0.0	0.0	0.0	17.0	0.0	24.0	2.0	0.0	0.0	0.0	0.0	0.0	0.0	0.0	0.0	0.0	0.0	0.0	0.0	0.0	0.0	0.0	0.0	0.0	0.0	0.0	0.0	0.0	0.0	0.0	0.0	0.0	0.0	0.0	0.0	0.0	0.0	0.0	0.0	0.0	0.0	0.0	0.0	13.0	0.0	0.0	0.0	0.0	0.0	0.0	0.0	0.0	0.0	0.0	0.0	0.0	0.0	0.0	0.0	0.0	0.0	0.0	0.0	0.0	4.0	0.0	0.0	0.0	0.0	0.0	0.0	0.0	0.0	0.0	0.0
SRR9612801	0.0	290.0	1726.0	0.0	35.0	4714.0	268.0	15.0	5011.0	156.0	0.0	8.0	570.0	282.0	14.0	596.0	8.0	19.0	254.0	1200.0	256.0	0.0	63.0	500.0	2985.0	0.0	7.0	12.0	0.0	41.0	10.0	48.0	0.0	0.0	0.0	0.0	0.0	138.0	27.0	0.0	139.0	884.0	0.0	8.0	7.0	0.0	0.0	0.0	0.0	0.0	22.0	0.0	0.0	0.0	0.0	0.0	161.0	52.0	16.0	244.0	21.0	213.0	415.0	5.0	0.0	0.0	36.0	30.0	167.0	11.0	305.0	1252.0	86.0	27.0	103.0	57.0	111.0	0.0	7.0	30.0	0.0	227.0	632.0	3.0	26.0	19.0	215.0	0.0	0.0	213.0	0.0	0.0	0.0	180.0	40.0	12.0	0.0	0.0	324.0	0.0	0.0	87.0	40.0	0.0	0.0	168.0	0.0	0.0	0.0	0.0	87.0	0.0	0.0	55.0	0.0	0.0	0.0	0.0	49.0	27.0	34.0	0.0	0.0	0.0	139.0	859.0	3.0	210.0	315.0	188.0	0.0	60.0	0.0	0.0	7.0	0.0	0.0	0.0	0.0	0.0	36.0	0.0	0.0	0.0	0.0	0.0	651.0	0.0	106.0	0.0	102.0	33.0	0.0	0.0	5.0	91.0	41.0	118.0	21.0	0.0	238.0	0.0	0.0	8.0	0.0	0.0	0.0	0.0	3.0	130.0	41.0	0.0	0.0	232.0	0.0	0.0	0.0	0.0	0.0	0.0	24.0	0.0	0.0	12.0	0.0	0.0	202.0	0.0	61.0	4.0	28.0	0.0	0.0	0.0	0.0	0.0	0.0	0.0	0.0	0.0	0.0	0.0	0.0	0.0	0.0	24.0	16.0	0.0	0.0	0.0	32.0	0.0	0.0	0.0	3.0	0.0	60.0	7.0	141.0	0.0	0.0	0.0	0.0	0.0	0.0	11.0	6.0	0.0	68.0	0.0	0.0	0.0	32.0	12.0	0.0	0.0	0.0	0.0	0.0	0.0	0.0	0.0	0.0	0.0	0.0	0.0	0.0	0.0	0.0	0.0	0.0	0.0	0.0	0.0	2.0	0.0	16.0	10.0	0.0	0.0	0.0	0.0	0.0	0.0	0.0	0.0	0.0	0.0	0.0	0.0	0.0	0.0	0.0	0.0	0.0	0.0	0.0	0.0	0.0	0.0	0.0	0.0	0.0	0.0	0.0	0.0	0.0	0.0	0.0	0.0	0.0	0.0	0.0	0.0	34.0	0.0	0.0	0.0	0.0	0.0	0.0	0.0	0.0	0.0	0.0	0.0	0.0	0.0	0.0	0.0	0.0	0.0	0.0	0.0	0.0	0.0	0.0	0.0	0.0	0.0	0.0	0.0	0.0	0.0	0.0	0.0
SRR9612802	0.0	158.0	1926.0	5.0	25.0	3571.0	147.0	10.0	5035.0	131.0	0.0	15.0	373.0	134.0	0.0	693.0	41.0	31.0	134.0	2005.0	146.0	0.0	54.0	399.0	3611.0	0.0	0.0	56.0	25.0	32.0	14.0	182.0	0.0	7.0	0.0	0.0	0.0	347.0	18.0	15.0	61.0	150.0	9.0	79.0	17.0	0.0	7.0	0.0	6.0	0.0	38.0	6.0	0.0	16.0	0.0	0.0	386.0	50.0	7.0	84.0	8.0	79.0	552.0	0.0	0.0	0.0	36.0	0.0	187.0	0.0	245.0	1381.0	67.0	10.0	234.0	41.0	138.0	0.0	62.0	19.0	17.0	125.0	1011.0	24.0	30.0	11.0	191.0	4.0	0.0	138.0	78.0	0.0	0.0	107.0	29.0	0.0	2.0	0.0	275.0	0.0	0.0	67.0	87.0	0.0	0.0	319.0	0.0	0.0	0.0	0.0	52.0	0.0	3.0	19.0	7.0	11.0	7.0	0.0	106.0	0.0	3.0	0.0	0.0	0.0	344.0	565.0	12.0	174.0	245.0	43.0	0.0	43.0	43.0	21.0	0.0	0.0	0.0	0.0	0.0	0.0	27.0	0.0	0.0	8.0	20.0	20.0	349.0	0.0	43.0	0.0	53.0	65.0	3.0	0.0	0.0	40.0	266.0	127.0	17.0	0.0	180.0	0.0	0.0	0.0	12.0	0.0	0.0	0.0	0.0	0.0	14.0	0.0	0.0	106.0	87.0	0.0	0.0	0.0	0.0	4.0	16.0	0.0	0.0	32.0	0.0	5.0	265.0	0.0	50.0	0.0	11.0	0.0	0.0	0.0	0.0	0.0	44.0	0.0	0.0	0.0	139.0	5.0	0.0	0.0	0.0	16.0	8.0	0.0	0.0	0.0	35.0	0.0	0.0	0.0	7.0	0.0	93.0	0.0	37.0	0.0	0.0	0.0	0.0	0.0	0.0	9.0	0.0	0.0	36.0	20.0	0.0	0.0	28.0	0.0	0.0	0.0	0.0	0.0	0.0	0.0	0.0	0.0	0.0	0.0	0.0	0.0	0.0	0.0	0.0	0.0	0.0	0.0	0.0	0.0	0.0	0.0	0.0	0.0	0.0	0.0	0.0	0.0	0.0	0.0	0.0	0.0	0.0	0.0	0.0	0.0	0.0	0.0	0.0	0.0	0.0	0.0	0.0	0.0	0.0	0.0	0.0	0.0	0.0	0.0	0.0	0.0	0.0	0.0	0.0	0.0	0.0	0.0	0.0	0.0	46.0	0.0	0.0	0.0	0.0	0.0	0.0	0.0	0.0	0.0	0.0	0.0	0.0	0.0	0.0	0.0	0.0	0.0	0.0	0.0	0.0	0.0	0.0	0.0	0.0	0.0	0.0	0.0	0.0	0.0	0.0	0.0
SRR9612803	0.0	417.0	11.0	0.0	50.0	30.0	0.0	0.0	4557.0	353.0	0.0	5.0	243.0	1251.0	0.0	584.0	0.0	5.0	0.0	9863.0	67.0	0.0	0.0	0.0	57.0	0.0	0.0	232.0	55.0	0.0	4.0	12.0	0.0	57.0	0.0	5.0	0.0	13.0	44.0	8.0	26.0	17.0	10.0	4.0	5.0	0.0	0.0	0.0	0.0	0.0	0.0	0.0	0.0	0.0	9.0	0.0	12.0	0.0	0.0	0.0	423.0	78.0	0.0	0.0	0.0	15.0	37.0	0.0	36.0	0.0	147.0	32.0	0.0	0.0	36.0	0.0	0.0	0.0	29.0	4.0	111.0	0.0	29.0	0.0	0.0	0.0	365.0	0.0	9.0	0.0	15.0	0.0	0.0	18.0	0.0	0.0	0.0	11.0	39.0	2.0	0.0	146.0	164.0	7.0	0.0	4.0	0.0	0.0	0.0	0.0	0.0	0.0	0.0	0.0	9.0	7.0	0.0	0.0	0.0	0.0	0.0	0.0	0.0	0.0	0.0	0.0	0.0	0.0	5.0	189.0	0.0	46.0	145.0	0.0	0.0	0.0	0.0	0.0	0.0	0.0	5.0	0.0	0.0	11.0	0.0	0.0	27.0	0.0	11.0	0.0	0.0	0.0	0.0	0.0	0.0	68.0	0.0	5.0	0.0	0.0	8.0	0.0	1639.0	0.0	0.0	0.0	0.0	0.0	0.0	0.0	0.0	0.0	0.0	7.0	0.0	0.0	0.0	0.0	0.0	14.0	0.0	0.0	0.0	36.0	0.0	0.0	108.0	0.0	0.0	0.0	0.0	0.0	0.0	0.0	11.0	0.0	1705.0	0.0	0.0	0.0	0.0	0.0	13.0	0.0	0.0	0.0	0.0	0.0	0.0	0.0	0.0	0.0	7.0	0.0	0.0	0.0	0.0	0.0	5.0	0.0	0.0	0.0	0.0	0.0	0.0	0.0	0.0	0.0	0.0	0.0	0.0	0.0	0.0	0.0	0.0	0.0	0.0	0.0	0.0	0.0	0.0	0.0	0.0	0.0	0.0	0.0	0.0	0.0	0.0	0.0	0.0	0.0	11.0	0.0	0.0	0.0	0.0	0.0	0.0	0.0	0.0	0.0	0.0	0.0	0.0	0.0	0.0	0.0	0.0	0.0	0.0	0.0	0.0	0.0	0.0	0.0	0.0	0.0	0.0	0.0	0.0	0.0	0.0	0.0	0.0	0.0	0.0	0.0	0.0	0.0	0.0	0.0	0.0	0.0	0.0	0.0	0.0	0.0	0.0	0.0	0.0	0.0	0.0	0.0	0.0	0.0	0.0	0.0	0.0	0.0	0.0	0.0	0.0	0.0	0.0	0.0	0.0	0.0	0.0	0.0	0.0	0.0	0.0	0.0	0.0	0.0
SRR9612804	0.0	423.0	18.0	12.0	139.0	0.0	14.0	9.0	4819.0	535.0	16.0	8.0	437.0	1464.0	0.0	1097.0	0.0	5.0	6.0	2084.0	82.0	0.0	9.0	10.0	253.0	0.0	0.0	163.0	219.0	0.0	11.0	95.0	5669.0	57.0	0.0	2.0	0.0	7.0	31.0	6.0	0.0	321.0	17.0	0.0	38.0	0.0	0.0	0.0	0.0	0.0	0.0	0.0	0.0	0.0	0.0	0.0	5.0	18.0	0.0	4.0	1425.0	146.0	0.0	0.0	0.0	0.0	251.0	116.0	131.0	0.0	264.0	25.0	0.0	23.0	60.0	0.0	0.0	0.0	40.0	5.0	68.0	0.0	15.0	5.0	0.0	0.0	599.0	0.0	0.0	0.0	0.0	0.0	0.0	97.0	0.0	0.0	0.0	71.0	21.0	0.0	0.0	279.0	192.0	22.0	0.0	0.0	0.0	0.0	0.0	0.0	0.0	0.0	0.0	41.0	15.0	0.0	0.0	0.0	48.0	15.0	0.0	0.0	0.0	0.0	0.0	0.0	0.0	0.0	12.0	627.0	0.0	134.0	77.0	0.0	0.0	0.0	5.0	0.0	0.0	0.0	0.0	0.0	0.0	0.0	3.0	0.0	0.0	0.0	9.0	0.0	65.0	0.0	0.0	0.0	0.0	390.0	0.0	7.0	0.0	0.0	0.0	0.0	601.0	0.0	0.0	0.0	0.0	0.0	0.0	0.0	0.0	0.0	28.0	0.0	0.0	0.0	0.0	0.0	0.0	0.0	3.0	0.0	0.0	103.0	0.0	0.0	132.0	0.0	0.0	0.0	0.0	0.0	0.0	0.0	0.0	0.0	231.0	0.0	0.0	0.0	0.0	0.0	38.0	0.0	2.0	0.0	0.0	53.0	0.0	0.0	0.0	13.0	0.0	0.0	0.0	0.0	0.0	0.0	42.0	0.0	0.0	0.0	0.0	0.0	0.0	4.0	0.0	0.0	0.0	0.0	0.0	0.0	0.0	0.0	0.0	0.0	0.0	0.0	0.0	0.0	0.0	0.0	0.0	0.0	0.0	0.0	0.0	0.0	0.0	0.0	0.0	0.0	0.0	0.0	0.0	0.0	0.0	0.0	0.0	0.0	0.0	0.0	0.0	0.0	0.0	0.0	0.0	0.0	0.0	0.0	0.0	0.0	0.0	0.0	0.0	0.0	0.0	0.0	0.0	0.0	0.0	0.0	0.0	0.0	0.0	0.0	0.0	0.0	0.0	0.0	0.0	0.0	0.0	0.0	4.0	0.0	0.0	7.0	0.0	6.0	0.0	0.0	0.0	0.0	0.0	0.0	0.0	0.0	0.0	0.0	0.0	0.0	0.0	0.0	0.0	0.0	0.0	0.0	0.0	0.0	0.0	0.0	0.0	0.0	0.0	0.0
SRR9612805	0.0	191.0	2845.0	0.0	227.0	2457.0	178.0	25.0	3716.0	121.0	0.0	8.0	403.0	118.0	6.0	1034.0	34.0	38.0	244.0	2102.0	160.0	0.0	49.0	433.0	3366.0	0.0	6.0	159.0	27.0	0.0	12.0	158.0	10.0	0.0	57.0	0.0	5.0	782.0	18.0	0.0	66.0	205.0	0.0	178.0	18.0	14.0	16.0	0.0	7.0	0.0	39.0	10.0	9.0	24.0	0.0	0.0	178.0	58.0	0.0	56.0	24.0	63.0	584.0	0.0	0.0	16.0	56.0	33.0	163.0	0.0	187.0	1148.0	111.0	18.0	154.0	59.0	195.0	0.0	73.0	58.0	17.0	108.0	866.0	22.0	80.0	15.0	151.0	0.0	0.0	117.0	51.0	5.0	0.0	121.0	45.0	17.0	7.0	0.0	310.0	18.0	0.0	46.0	56.0	0.0	0.0	321.0	0.0	0.0	0.0	0.0	57.0	0.0	12.0	57.0	5.0	0.0	9.0	9.0	106.0	19.0	11.0	0.0	25.0	0.0	366.0	1119.0	0.0	271.0	263.0	0.0	0.0	23.0	41.0	5.0	13.0	0.0	1.0	0.0	0.0	0.0	41.0	6.0	3.0	4.0	7.0	29.0	439.0	0.0	31.0	0.0	18.0	52.0	0.0	4.0	0.0	37.0	369.0	208.0	7.0	0.0	277.0	0.0	0.0	5.0	18.0	0.0	0.0	0.0	23.0	27.0	14.0	0.0	3.0	240.0	68.0	0.0	0.0	0.0	0.0	0.0	32.0	0.0	0.0	30.0	0.0	0.0	206.0	0.0	93.0	0.0	14.0	0.0	0.0	0.0	7.0	0.0	62.0	0.0	0.0	0.0	62.0	4.0	10.0	0.0	13.0	9.0	11.0	0.0	0.0	0.0	29.0	0.0	25.0	0.0	0.0	0.0	85.0	0.0	62.0	0.0	0.0	4.0	0.0	0.0	0.0	6.0	6.0	0.0	69.0	18.0	0.0	0.0	19.0	0.0	6.0	0.0	0.0	0.0	0.0	0.0	0.0	0.0	0.0	0.0	0.0	0.0	0.0	0.0	0.0	0.0	0.0	0.0	0.0	0.0	0.0	14.0	21.0	2.0	6.0	0.0	0.0	0.0	0.0	0.0	0.0	0.0	0.0	0.0	0.0	0.0	0.0	0.0	0.0	0.0	0.0	0.0	0.0	0.0	0.0	0.0	0.0	0.0	0.0	0.0	0.0	0.0	0.0	0.0	0.0	0.0	0.0	0.0	0.0	0.0	54.0	0.0	0.0	0.0	0.0	0.0	0.0	0.0	0.0	0.0	0.0	0.0	0.0	0.0	0.0	0.0	0.0	0.0	0.0	0.0	0.0	0.0	0.0	0.0	0.0	0.0	0.0	0.0	0.0	0.0	0.0	0.0
SRR9612806	0.0	151.0	1339.0	12.0	0.0	1754.0	75.0	5.0	1257.0	74.0	0.0	13.0	155.0	98.0	8.0	521.0	14.0	16.0	114.0	477.0	119.0	0.0	37.0	190.0	2116.0	0.0	0.0	0.0	0.0	0.0	2.0	0.0	0.0	0.0	0.0	0.0	0.0	62.0	0.0	0.0	30.0	449.0	0.0	15.0	0.0	0.0	0.0	0.0	0.0	0.0	13.0	0.0	0.0	0.0	0.0	0.0	155.0	2.0	18.0	150.0	43.0	134.0	305.0	0.0	0.0	0.0	7.0	0.0	38.0	0.0	131.0	510.0	77.0	13.0	32.0	35.0	64.0	0.0	7.0	75.0	0.0	89.0	227.0	0.0	10.0	16.0	79.0	0.0	0.0	81.0	0.0	0.0	0.0	79.0	35.0	15.0	0.0	6.0	157.0	0.0	2.0	52.0	36.0	0.0	0.0	40.0	0.0	0.0	0.0	0.0	42.0	0.0	4.0	50.0	5.0	0.0	0.0	0.0	147.0	0.0	0.0	0.0	0.0	0.0	58.0	980.0	0.0	94.0	316.0	55.0	0.0	16.0	0.0	5.0	4.0	0.0	0.0	0.0	0.0	0.0	0.0	0.0	0.0	0.0	4.0	0.0	229.0	0.0	26.0	0.0	26.0	49.0	0.0	0.0	0.0	74.0	0.0	104.0	17.0	0.0	201.0	0.0	17.0	0.0	0.0	0.0	0.0	0.0	0.0	16.0	0.0	0.0	0.0	102.0	0.0	0.0	0.0	7.0	0.0	0.0	0.0	0.0	0.0	14.0	0.0	0.0	125.0	0.0	24.0	0.0	8.0	0.0	0.0	0.0	0.0	0.0	0.0	0.0	10.0	0.0	0.0	0.0	19.0	0.0	0.0	30.0	0.0	0.0	0.0	0.0	20.0	0.0	0.0	0.0	0.0	0.0	32.0	0.0	104.0	0.0	0.0	0.0	0.0	0.0	0.0	16.0	0.0	0.0	36.0	0.0	0.0	0.0	0.0	11.0	0.0	0.0	0.0	0.0	0.0	0.0	0.0	0.0	0.0	0.0	0.0	0.0	0.0	0.0	0.0	0.0	0.0	0.0	0.0	0.0	0.0	0.0	0.0	0.0	0.0	0.0	0.0	0.0	0.0	0.0	0.0	0.0	0.0	0.0	0.0	0.0	0.0	0.0	0.0	0.0	0.0	0.0	0.0	0.0	0.0	0.0	0.0	0.0	0.0	0.0	0.0	0.0	0.0	0.0	0.0	0.0	0.0	0.0	0.0	0.0	24.0	0.0	0.0	0.0	0.0	0.0	0.0	0.0	0.0	0.0	0.0	0.0	0.0	0.0	0.0	0.0	0.0	0.0	0.0	0.0	0.0	0.0	0.0	0.0	0.0	0.0	0.0	0.0	0.0	0.0	0.0	0.0
SRR9612807	0.0	128.0	717.0	0.0	62.0	1736.0	87.0	123.0	3062.0	165.0	0.0	34.0	155.0	105.0	12.0	732.0	9.0	42.0	113.0	740.0	217.0	0.0	48.0	468.0	1789.0	3.0	0.0	7.0	52.0	13.0	98.0	97.0	0.0	0.0	0.0	10.0	0.0	71.0	14.0	0.0	75.0	330.0	21.0	33.0	36.0	0.0	0.0	0.0	4.0	0.0	44.0	0.0	0.0	6.0	0.0	0.0	315.0	84.0	30.0	209.0	94.0	246.0	323.0	0.0	0.0	0.0	6.0	28.0	121.0	0.0	293.0	481.0	45.0	27.0	70.0	23.0	74.0	8.0	23.0	37.0	31.0	67.0	310.0	38.0	14.0	14.0	180.0	8.0	0.0	123.0	29.0	0.0	0.0	232.0	44.0	13.0	0.0	10.0	96.0	0.0	0.0	79.0	110.0	0.0	0.0	83.0	10.0	0.0	0.0	0.0	22.0	0.0	0.0	124.0	0.0	0.0	0.0	0.0	496.0	0.0	12.0	0.0	0.0	0.0	106.0	513.0	0.0	98.0	263.0	80.0	0.0	164.0	11.0	18.0	8.0	8.0	3.0	0.0	0.0	13.0	17.0	12.0	0.0	0.0	0.0	13.0	223.0	110.0	37.0	3.0	33.0	98.0	0.0	0.0	0.0	137.0	32.0	101.0	23.0	0.0	74.0	0.0	28.0	6.0	9.0	0.0	0.0	5.0	0.0	0.0	24.0	0.0	0.0	40.0	13.0	0.0	0.0	14.0	0.0	12.0	7.0	0.0	10.0	80.0	0.0	0.0	152.0	0.0	18.0	0.0	10.0	0.0	0.0	3.0	18.0	0.0	19.0	0.0	0.0	3.0	12.0	0.0	65.0	0.0	30.0	7.0	0.0	17.0	0.0	0.0	0.0	7.0	0.0	0.0	18.0	0.0	47.0	14.0	48.0	0.0	0.0	0.0	0.0	0.0	0.0	4.0	0.0	0.0	29.0	9.0	0.0	7.0	0.0	8.0	0.0	0.0	0.0	0.0	0.0	0.0	0.0	0.0	0.0	0.0	0.0	0.0	0.0	0.0	0.0	0.0	0.0	0.0	0.0	0.0	0.0	0.0	64.0	0.0	0.0	0.0	0.0	0.0	0.0	0.0	0.0	0.0	0.0	0.0	0.0	0.0	0.0	0.0	0.0	0.0	0.0	0.0	0.0	0.0	0.0	0.0	0.0	0.0	0.0	0.0	0.0	0.0	0.0	0.0	0.0	0.0	0.0	0.0	0.0	0.0	22.0	0.0	0.0	0.0	0.0	0.0	0.0	0.0	0.0	0.0	0.0	0.0	0.0	0.0	0.0	0.0	0.0	0.0	0.0	0.0	0.0	0.0	0.0	0.0	0.0	0.0	0.0	0.0	0.0	0.0	0.0	0.0
SRR9612808	0.0	83.0	539.0	0.0	150.0	1469.0	48.0	15.0	2256.0	81.0	0.0	4.0	72.0	75.0	10.0	324.0	14.0	26.0	47.0	833.0	83.0	0.0	40.0	225.0	1614.0	5.0	0.0	68.0	9.0	0.0	182.0	98.0	0.0	0.0	29.0	0.0	0.0	102.0	42.0	0.0	31.0	220.0	29.0	128.0	58.0	0.0	3.0	12.0	9.0	0.0	4.0	6.0	0.0	11.0	0.0	0.0	214.0	69.0	10.0	134.0	56.0	142.0	280.0	4.0	9.0	18.0	139.0	22.0	141.0	0.0	215.0	233.0	49.0	9.0	63.0	16.0	49.0	10.0	29.0	73.0	9.0	10.0	363.0	23.0	15.0	11.0	181.0	7.0	0.0	32.0	21.0	0.0	0.0	89.0	32.0	28.0	0.0	14.0	63.0	0.0	0.0	26.0	107.0	0.0	0.0	74.0	10.0	0.0	0.0	0.0	22.0	0.0	4.0	33.0	0.0	0.0	0.0	0.0	227.0	0.0	0.0	0.0	25.0	0.0	140.0	405.0	0.0	67.0	162.0	36.0	25.0	86.0	18.0	0.0	5.0	0.0	0.0	0.0	0.0	0.0	30.0	14.0	0.0	4.0	5.0	41.0	119.0	72.0	10.0	0.0	5.0	57.0	0.0	0.0	0.0	59.0	164.0	64.0	13.0	0.0	72.0	0.0	18.0	28.0	22.0	0.0	0.0	0.0	0.0	0.0	5.0	0.0	24.0	56.0	0.0	0.0	0.0	12.0	0.0	6.0	0.0	0.0	0.0	8.0	0.0	0.0	86.0	0.0	8.0	3.0	0.0	0.0	0.0	0.0	18.0	0.0	150.0	0.0	0.0	0.0	9.0	0.0	24.0	0.0	33.0	11.0	0.0	0.0	0.0	0.0	10.0	0.0	12.0	0.0	16.0	0.0	89.0	0.0	11.0	0.0	0.0	0.0	0.0	0.0	0.0	4.0	0.0	0.0	91.0	5.0	0.0	0.0	0.0	0.0	0.0	0.0	0.0	0.0	0.0	0.0	0.0	0.0	0.0	0.0	0.0	0.0	0.0	0.0	0.0	0.0	0.0	0.0	0.0	0.0	3.0	6.0	24.0	0.0	15.0	0.0	0.0	0.0	0.0	0.0	0.0	0.0	0.0	0.0	0.0	0.0	0.0	0.0	0.0	0.0	0.0	0.0	0.0	0.0	0.0	0.0	0.0	0.0	0.0	0.0	0.0	0.0	0.0	0.0	0.0	0.0	0.0	0.0	0.0	0.0	12.0	0.0	0.0	0.0	0.0	0.0	0.0	0.0	0.0	0.0	0.0	0.0	0.0	0.0	0.0	0.0	0.0	0.0	0.0	0.0	0.0	0.0	0.0	0.0	0.0	0.0	0.0	0.0	0.0	0.0	0.0	0.0
SRR9612809	4.0	62.0	208.0	10.0	0.0	767.0	27.0	23.0	1499.0	75.0	0.0	13.0	71.0	95.0	0.0	429.0	5.0	21.0	26.0	313.0	127.0	0.0	22.0	174.0	908.0	0.0	0.0	0.0	0.0	9.0	124.0	26.0	0.0	4.0	0.0	0.0	0.0	32.0	5.0	18.0	43.0	238.0	15.0	2.0	30.0	0.0	0.0	0.0	0.0	12.0	29.0	0.0	0.0	0.0	0.0	0.0	310.0	43.0	34.0	105.0	91.0	208.0	346.0	0.0	0.0	0.0	0.0	0.0	66.0	0.0	206.0	222.0	35.0	0.0	29.0	23.0	47.0	0.0	10.0	40.0	0.0	35.0	160.0	7.0	3.0	7.0	60.0	0.0	0.0	28.0	5.0	0.0	0.0	150.0	26.0	49.0	0.0	5.0	64.0	0.0	0.0	19.0	78.0	0.0	0.0	61.0	26.0	0.0	0.0	0.0	11.0	0.0	0.0	58.0	0.0	0.0	2.0	0.0	264.0	6.0	0.0	0.0	0.0	0.0	34.0	501.0	0.0	38.0	125.0	30.0	0.0	70.0	0.0	12.0	0.0	3.0	8.0	0.0	0.0	0.0	0.0	8.0	0.0	0.0	0.0	10.0	136.0	75.0	27.0	0.0	23.0	60.0	0.0	0.0	0.0	80.0	22.0	82.0	29.0	0.0	36.0	0.0	0.0	14.0	3.0	0.0	0.0	0.0	0.0	7.0	15.0	0.0	0.0	24.0	0.0	0.0	0.0	0.0	0.0	0.0	7.0	0.0	0.0	23.0	0.0	3.0	67.0	0.0	0.0	0.0	14.0	0.0	0.0	4.0	0.0	0.0	107.0	0.0	5.0	0.0	0.0	0.0	21.0	0.0	0.0	29.0	4.0	0.0	0.0	0.0	0.0	0.0	0.0	0.0	28.0	0.0	60.0	0.0	12.0	0.0	0.0	0.0	0.0	0.0	0.0	0.0	0.0	0.0	45.0	0.0	0.0	0.0	0.0	0.0	0.0	0.0	0.0	0.0	0.0	0.0	0.0	0.0	0.0	8.0	0.0	0.0	0.0	0.0	0.0	0.0	0.0	0.0	0.0	0.0	0.0	0.0	45.0	0.0	0.0	0.0	0.0	0.0	0.0	0.0	0.0	0.0	0.0	0.0	0.0	0.0	0.0	0.0	0.0	0.0	0.0	0.0	0.0	0.0	0.0	0.0	0.0	0.0	0.0	0.0	0.0	0.0	0.0	0.0	0.0	0.0	0.0	0.0	0.0	0.0	13.0	0.0	0.0	0.0	0.0	0.0	0.0	0.0	0.0	0.0	0.0	0.0	0.0	0.0	0.0	0.0	0.0	0.0	0.0	0.0	0.0	0.0	0.0	0.0	0.0	0.0	0.0	0.0	0.0	0.0	0.0	0.0
SRR9612810	0.0	466.0	770.0	0.0	5.0	2193.0	21.0	29.0	1799.0	232.0	0.0	23.0	102.0	158.0	4.0	464.0	30.0	28.0	31.0	663.0	120.0	0.0	66.0	259.0	2350.0	0.0	0.0	0.0	15.0	33.0	134.0	58.0	0.0	3.0	0.0	0.0	0.0	72.0	9.0	0.0	62.0	135.0	11.0	6.0	17.0	0.0	2.0	0.0	0.0	0.0	39.0	2.0	0.0	0.0	0.0	0.0	420.0	61.0	27.0	236.0	120.0	346.0	559.0	0.0	3.0	0.0	33.0	32.0	78.0	0.0	214.0	459.0	47.0	18.0	113.0	41.0	87.0	0.0	43.0	11.0	0.0	45.0	685.0	35.0	17.0	0.0	269.0	0.0	0.0	65.0	36.0	0.0	0.0	189.0	13.0	30.0	6.0	4.0	113.0	0.0	0.0	71.0	157.0	0.0	0.0	135.0	39.0	0.0	0.0	0.0	69.0	0.0	0.0	83.0	5.0	0.0	7.0	4.0	368.0	0.0	0.0	0.0	0.0	0.0	136.0	589.0	0.0	154.0	233.0	44.0	0.0	120.0	0.0	17.0	0.0	0.0	0.0	0.0	0.0	0.0	27.0	0.0	0.0	0.0	5.0	8.0	387.0	59.0	46.0	0.0	130.0	131.0	0.0	0.0	0.0	135.0	51.0	115.0	41.0	0.0	86.0	0.0	0.0	8.0	9.0	0.0	0.0	7.0	0.0	43.0	7.0	0.0	0.0	44.0	0.0	0.0	0.0	9.0	0.0	16.0	5.0	0.0	0.0	52.0	0.0	0.0	142.0	0.0	17.0	0.0	10.0	0.0	0.0	0.0	0.0	0.0	23.0	0.0	0.0	0.0	32.0	0.0	47.0	0.0	56.0	15.0	0.0	0.0	0.0	0.0	0.0	0.0	5.0	0.0	19.0	0.0	126.0	0.0	34.0	0.0	0.0	0.0	0.0	0.0	0.0	0.0	0.0	0.0	78.0	13.0	0.0	0.0	15.0	34.0	0.0	0.0	0.0	0.0	0.0	0.0	0.0	0.0	0.0	0.0	0.0	0.0	0.0	0.0	0.0	3.0	0.0	0.0	0.0	0.0	0.0	0.0	51.0	0.0	0.0	0.0	4.0	0.0	0.0	0.0	0.0	0.0	0.0	0.0	0.0	0.0	0.0	0.0	0.0	0.0	0.0	0.0	0.0	0.0	0.0	0.0	0.0	0.0	0.0	0.0	0.0	0.0	0.0	0.0	0.0	0.0	0.0	0.0	0.0	0.0	13.0	0.0	0.0	0.0	0.0	0.0	0.0	0.0	0.0	0.0	0.0	0.0	0.0	0.0	0.0	0.0	0.0	0.0	0.0	0.0	0.0	2.0	0.0	0.0	0.0	0.0	0.0	0.0	0.0	0.0	0.0	0.0
SRR9612811	0.0	80.0	997.0	0.0	22.0	1452.0	53.0	0.0	1498.0	69.0	0.0	0.0	158.0	45.0	0.0	347.0	20.0	5.0	49.0	941.0	58.0	0.0	19.0	191.0	987.0	0.0	0.0	7.0	0.0	10.0	7.0	57.0	0.0	16.0	0.0	0.0	0.0	141.0	0.0	30.0	38.0	61.0	0.0	0.0	9.0	12.0	16.0	21.0	0.0	0.0	17.0	6.0	0.0	17.0	0.0	0.0	187.0	4.0	0.0	36.0	0.0	35.0	315.0	0.0	0.0	10.0	43.0	7.0	22.0	4.0	82.0	230.0	8.0	7.0	74.0	0.0	40.0	0.0	20.0	6.0	0.0	85.0	345.0	8.0	17.0	9.0	95.0	0.0	0.0	92.0	50.0	0.0	0.0	45.0	13.0	6.0	3.0	0.0	121.0	0.0	0.0	31.0	32.0	4.0	0.0	140.0	0.0	0.0	0.0	0.0	40.0	0.0	0.0	21.0	0.0	0.0	3.0	0.0	6.0	0.0	0.0	0.0	0.0	0.0	152.0	327.0	0.0	84.0	68.0	11.0	0.0	34.0	12.0	12.0	0.0	0.0	0.0	0.0	0.0	0.0	44.0	0.0	0.0	4.0	0.0	3.0	234.0	0.0	31.0	0.0	39.0	28.0	0.0	17.0	2.0	40.0	144.0	70.0	0.0	0.0	82.0	0.0	12.0	0.0	3.0	0.0	0.0	0.0	13.0	22.0	23.0	0.0	0.0	55.0	31.0	0.0	0.0	0.0	0.0	0.0	0.0	0.0	0.0	0.0	0.0	0.0	84.0	0.0	18.0	0.0	5.0	0.0	0.0	0.0	0.0	0.0	204.0	0.0	0.0	0.0	32.0	0.0	0.0	0.0	0.0	12.0	0.0	0.0	0.0	0.0	7.0	0.0	0.0	0.0	0.0	0.0	0.0	0.0	21.0	0.0	0.0	0.0	0.0	0.0	0.0	0.0	0.0	0.0	17.0	13.0	0.0	0.0	0.0	0.0	0.0	0.0	0.0	0.0	0.0	0.0	0.0	0.0	0.0	0.0	0.0	0.0	0.0	0.0	0.0	2.0	0.0	0.0	0.0	0.0	0.0	6.0	6.0	0.0	4.0	0.0	0.0	0.0	0.0	0.0	0.0	0.0	0.0	0.0	0.0	0.0	0.0	0.0	0.0	0.0	0.0	0.0	0.0	0.0	0.0	0.0	0.0	0.0	0.0	0.0	0.0	0.0	0.0	0.0	0.0	0.0	0.0	0.0	0.0	0.0	23.0	0.0	0.0	0.0	0.0	0.0	0.0	0.0	0.0	0.0	0.0	0.0	0.0	0.0	0.0	0.0	0.0	0.0	0.0	0.0	0.0	0.0	0.0	0.0	0.0	0.0	0.0	0.0	0.0	0.0	0.0	0.0
SRR9612812	0.0	83.0	916.0	8.0	52.0	1587.0	58.0	38.0	1915.0	79.0	0.0	22.0	136.0	151.0	6.0	473.0	22.0	11.0	32.0	721.0	153.0	0.0	45.0	260.0	2407.0	0.0	8.0	18.0	31.0	15.0	31.0	68.0	0.0	3.0	22.0	0.0	0.0	79.0	0.0	12.0	57.0	251.0	21.0	36.0	16.0	0.0	0.0	0.0	0.0	0.0	39.0	0.0	0.0	0.0	0.0	0.0	293.0	52.0	24.0	109.0	52.0	134.0	534.0	0.0	8.0	0.0	9.0	22.0	151.0	0.0	174.0	613.0	65.0	0.0	119.0	25.0	105.0	0.0	13.0	14.0	11.0	65.0	442.0	0.0	14.0	5.0	111.0	6.0	0.0	90.0	49.0	0.0	0.0	125.0	27.0	13.0	0.0	21.0	131.0	3.0	0.0	22.0	49.0	10.0	0.0	69.0	0.0	0.0	0.0	0.0	34.0	0.0	0.0	78.0	0.0	0.0	8.0	0.0	159.0	0.0	0.0	0.0	0.0	0.0	116.0	810.0	0.0	121.0	271.0	54.0	0.0	36.0	10.0	0.0	6.0	1.0	4.0	0.0	0.0	0.0	28.0	3.0	0.0	0.0	12.0	5.0	208.0	45.0	19.0	0.0	28.0	62.0	0.0	0.0	0.0	53.0	90.0	117.0	26.0	0.0	86.0	0.0	0.0	0.0	9.0	0.0	0.0	0.0	0.0	0.0	0.0	0.0	0.0	87.0	30.0	0.0	0.0	0.0	0.0	0.0	7.0	0.0	0.0	24.0	0.0	0.0	119.0	8.0	13.0	0.0	0.0	0.0	0.0	0.0	8.0	0.0	17.0	0.0	0.0	0.0	73.0	2.0	13.0	0.0	16.0	34.0	0.0	0.0	0.0	0.0	17.0	3.0	0.0	0.0	11.0	0.0	19.0	0.0	51.0	0.0	0.0	0.0	0.0	0.0	0.0	6.0	0.0	0.0	36.0	8.0	0.0	8.0	13.0	0.0	0.0	0.0	0.0	0.0	0.0	0.0	0.0	0.0	0.0	0.0	0.0	0.0	0.0	0.0	0.0	0.0	0.0	0.0	0.0	0.0	0.0	0.0	21.0	0.0	0.0	0.0	8.0	0.0	0.0	0.0	0.0	0.0	0.0	0.0	0.0	0.0	0.0	0.0	0.0	0.0	0.0	0.0	0.0	0.0	0.0	0.0	0.0	0.0	0.0	0.0	0.0	0.0	0.0	0.0	0.0	0.0	0.0	0.0	0.0	0.0	25.0	0.0	0.0	0.0	0.0	0.0	0.0	0.0	0.0	0.0	0.0	0.0	0.0	0.0	0.0	0.0	0.0	0.0	0.0	0.0	0.0	0.0	0.0	0.0	0.0	0.0	0.0	0.0	0.0	0.0	0.0	0.0
SRR9612813	0.0	19.0	4.0	2.0	28.0	18.0	8.0	0.0	8627.0	355.0	0.0	8.0	225.0	1079.0	0.0	539.0	0.0	19.0	0.0	4980.0	210.0	0.0	10.0	4.0	93.0	0.0	0.0	193.0	21.0	0.0	21.0	102.0	0.0	63.0	0.0	0.0	0.0	41.0	491.0	9.0	44.0	222.0	4.0	0.0	3.0	0.0	0.0	0.0	11.0	0.0	0.0	0.0	4.0	0.0	0.0	0.0	0.0	26.0	0.0	11.0	45.0	133.0	0.0	0.0	0.0	0.0	34.0	0.0	300.0	0.0	287.0	6.0	2.0	25.0	25.0	3.0	0.0	0.0	59.0	18.0	85.0	0.0	0.0	0.0	8.0	0.0	655.0	0.0	0.0	0.0	0.0	0.0	0.0	66.0	0.0	22.0	0.0	17.0	24.0	0.0	0.0	230.0	197.0	0.0	0.0	0.0	0.0	0.0	0.0	0.0	0.0	0.0	0.0	33.0	10.0	0.0	0.0	0.0	19.0	10.0	0.0	0.0	0.0	0.0	0.0	0.0	0.0	0.0	5.0	546.0	0.0	28.0	44.0	0.0	0.0	0.0	4.0	0.0	0.0	0.0	0.0	0.0	0.0	0.0	0.0	0.0	0.0	15.0	0.0	0.0	166.0	0.0	0.0	4.0	0.0	255.0	0.0	6.0	0.0	0.0	0.0	0.0	403.0	0.0	4.0	0.0	0.0	0.0	0.0	0.0	0.0	0.0	37.0	0.0	0.0	0.0	3.0	0.0	0.0	8.0	0.0	0.0	0.0	167.0	0.0	3.0	0.0	0.0	0.0	0.0	0.0	0.0	0.0	0.0	34.0	0.0	1240.0	0.0	0.0	0.0	0.0	2.0	22.0	0.0	0.0	0.0	0.0	0.0	0.0	3.0	0.0	0.0	7.0	0.0	0.0	0.0	0.0	0.0	3.0	0.0	0.0	0.0	0.0	0.0	0.0	0.0	0.0	0.0	6.0	0.0	0.0	0.0	0.0	0.0	0.0	3.0	0.0	0.0	0.0	0.0	0.0	0.0	0.0	15.0	0.0	0.0	0.0	0.0	0.0	4.0	0.0	0.0	0.0	0.0	0.0	0.0	0.0	0.0	0.0	0.0	0.0	0.0	0.0	0.0	0.0	0.0	0.0	0.0	0.0	0.0	0.0	0.0	0.0	0.0	0.0	0.0	0.0	0.0	0.0	0.0	3.0	0.0	0.0	0.0	0.0	0.0	0.0	0.0	0.0	0.0	0.0	0.0	0.0	0.0	0.0	0.0	0.0	6.0	0.0	0.0	0.0	0.0	0.0	0.0	0.0	0.0	0.0	0.0	0.0	0.0	0.0	0.0	0.0	0.0	0.0	0.0	0.0	0.0	0.0	0.0	0.0	0.0	0.0	0.0	0.0	0.0
SRR9612814	0.0	151.0	0.0	2.0	41.0	4.0	0.0	5.0	4722.0	316.0	0.0	26.0	1182.0	695.0	0.0	1972.0	0.0	12.0	17.0	3772.0	27.0	0.0	0.0	0.0	204.0	0.0	0.0	257.0	121.0	99.0	0.0	59.0	0.0	45.0	0.0	8.0	0.0	243.0	92.0	27.0	18.0	201.0	21.0	0.0	7.0	0.0	0.0	0.0	0.0	0.0	4.0	0.0	0.0	0.0	0.0	0.0	6.0	26.0	0.0	16.0	18.0	299.0	7.0	0.0	0.0	0.0	12.0	0.0	138.0	0.0	172.0	23.0	3.0	18.0	70.0	0.0	0.0	0.0	180.0	11.0	93.0	0.0	36.0	0.0	14.0	0.0	794.0	0.0	0.0	0.0	0.0	0.0	2.0	68.0	0.0	0.0	0.0	31.0	40.0	0.0	0.0	460.0	107.0	6.0	0.0	3.0	0.0	0.0	0.0	0.0	0.0	0.0	0.0	8.0	10.0	0.0	7.0	0.0	43.0	10.0	0.0	0.0	0.0	0.0	13.0	16.0	0.0	0.0	0.0	938.0	0.0	70.0	76.0	0.0	10.0	2.0	0.0	0.0	0.0	0.0	0.0	0.0	0.0	0.0	0.0	0.0	0.0	0.0	0.0	0.0	29.0	3.0	0.0	0.0	0.0	227.0	0.0	8.0	0.0	0.0	4.0	0.0	978.0	0.0	0.0	0.0	0.0	0.0	0.0	0.0	0.0	0.0	0.0	14.0	0.0	6.0	0.0	0.0	0.0	44.0	0.0	0.0	0.0	64.0	0.0	0.0	19.0	0.0	0.0	0.0	2.0	0.0	0.0	0.0	31.0	0.0	1454.0	0.0	0.0	0.0	13.0	0.0	28.0	0.0	0.0	6.0	0.0	14.0	0.0	0.0	0.0	0.0	12.0	0.0	0.0	0.0	0.0	0.0	0.0	0.0	0.0	0.0	0.0	0.0	0.0	0.0	0.0	0.0	0.0	0.0	0.0	0.0	0.0	0.0	0.0	0.0	0.0	0.0	0.0	0.0	0.0	0.0	0.0	0.0	0.0	0.0	0.0	0.0	0.0	0.0	0.0	0.0	0.0	0.0	0.0	0.0	0.0	0.0	0.0	0.0	0.0	0.0	0.0	0.0	0.0	0.0	0.0	0.0	0.0	0.0	0.0	0.0	0.0	0.0	0.0	0.0	0.0	0.0	0.0	0.0	0.0	0.0	0.0	0.0	0.0	0.0	0.0	0.0	0.0	0.0	0.0	0.0	0.0	0.0	0.0	0.0	0.0	0.0	0.0	3.0	0.0	0.0	0.0	0.0	0.0	0.0	0.0	0.0	0.0	0.0	0.0	0.0	0.0	0.0	0.0	0.0	0.0	0.0	0.0	0.0	0.0	0.0	0.0	0.0	0.0	0.0
SRR9612815	0.0	1770.0	15.0	27.0	12.0	0.0	3.0	0.0	12481.0	588.0	0.0	3.0	427.0	1683.0	0.0	624.0	0.0	5.0	12.0	1543.0	46.0	0.0	8.0	0.0	253.0	0.0	0.0	67.0	56.0	17.0	0.0	0.0	0.0	2.0	0.0	16.0	0.0	0.0	34.0	12.0	0.0	462.0	0.0	0.0	8.0	0.0	0.0	0.0	0.0	0.0	0.0	0.0	0.0	0.0	0.0	0.0	0.0	55.0	0.0	0.0	93.0	113.0	2.0	0.0	0.0	0.0	35.0	35.0	74.0	0.0	438.0	16.0	2.0	42.0	52.0	6.0	3.0	0.0	10.0	20.0	59.0	3.0	12.0	0.0	0.0	0.0	528.0	0.0	0.0	0.0	0.0	0.0	0.0	200.0	0.0	0.0	0.0	147.0	29.0	0.0	0.0	1982.0	853.0	0.0	0.0	0.0	0.0	0.0	0.0	0.0	0.0	0.0	0.0	17.0	0.0	0.0	0.0	0.0	20.0	11.0	0.0	0.0	0.0	0.0	0.0	9.0	18.0	4.0	13.0	329.0	0.0	396.0	18.0	0.0	0.0	19.0	0.0	0.0	0.0	0.0	0.0	2.0	0.0	0.0	0.0	0.0	3.0	0.0	11.0	0.0	371.0	0.0	0.0	0.0	0.0	466.0	0.0	19.0	0.0	0.0	4.0	0.0	518.0	0.0	0.0	0.0	0.0	0.0	0.0	30.0	0.0	0.0	7.0	0.0	0.0	0.0	0.0	0.0	0.0	0.0	0.0	0.0	0.0	93.0	0.0	0.0	121.0	0.0	0.0	0.0	0.0	0.0	0.0	0.0	14.0	0.0	15.0	0.0	0.0	0.0	0.0	0.0	41.0	0.0	7.0	0.0	0.0	14.0	0.0	0.0	0.0	3.0	0.0	0.0	0.0	0.0	0.0	0.0	15.0	0.0	0.0	0.0	0.0	0.0	0.0	0.0	0.0	0.0	0.0	0.0	0.0	0.0	1.0	0.0	0.0	0.0	0.0	0.0	0.0	0.0	0.0	0.0	0.0	0.0	0.0	0.0	0.0	0.0	0.0	0.0	0.0	0.0	0.0	0.0	0.0	0.0	0.0	0.0	0.0	0.0	0.0	0.0	0.0	0.0	0.0	0.0	0.0	0.0	0.0	0.0	0.0	0.0	0.0	0.0	0.0	0.0	0.0	0.0	0.0	0.0	0.0	0.0	0.0	0.0	0.0	0.0	0.0	0.0	0.0	0.0	0.0	0.0	0.0	0.0	0.0	0.0	0.0	0.0	0.0	0.0	0.0	0.0	0.0	0.0	0.0	0.0	0.0	0.0	0.0	0.0	0.0	0.0	0.0	0.0	0.0	0.0	0.0	0.0	0.0	0.0	0.0	0.0	0.0	0.0	0.0	0.0
SRR9612816	0.0	721.0	19.0	0.0	0.0	28.0	0.0	0.0	1180.0	271.0	0.0	2.0	1037.0	163.0	0.0	272.0	3.0	0.0	0.0	0.0	9.0	0.0	2.0	0.0	119.0	0.0	0.0	0.0	0.0	81.0	0.0	0.0	0.0	0.0	0.0	0.0	3.0	15.0	0.0	4.0	70.0	17.0	0.0	0.0	0.0	0.0	0.0	0.0	0.0	0.0	0.0	0.0	0.0	0.0	0.0	0.0	0.0	9.0	0.0	0.0	0.0	109.0	0.0	0.0	0.0	0.0	0.0	10.0	57.0	0.0	75.0	10.0	0.0	0.0	0.0	0.0	0.0	0.0	0.0	0.0	0.0	19.0	0.0	0.0	2.0	0.0	101.0	0.0	0.0	13.0	0.0	0.0	0.0	0.0	0.0	0.0	0.0	0.0	39.0	0.0	0.0	6205.0	8.0	0.0	0.0	0.0	0.0	0.0	0.0	0.0	0.0	0.0	0.0	0.0	0.0	0.0	0.0	0.0	3.0	4.0	0.0	0.0	0.0	0.0	0.0	9.0	0.0	17.0	0.0	539.0	0.0	34.0	0.0	0.0	0.0	0.0	0.0	0.0	93.0	0.0	0.0	0.0	0.0	0.0	0.0	0.0	51.0	0.0	145.0	0.0	440.0	0.0	0.0	0.0	0.0	82.0	0.0	0.0	0.0	0.0	21.0	0.0	55.0	0.0	0.0	0.0	0.0	0.0	0.0	334.0	5.0	0.0	0.0	8.0	0.0	0.0	0.0	0.0	0.0	0.0	0.0	0.0	0.0	0.0	0.0	0.0	21.0	0.0	17.0	0.0	0.0	0.0	0.0	0.0	0.0	0.0	0.0	0.0	2.0	0.0	0.0	0.0	0.0	0.0	0.0	0.0	0.0	0.0	0.0	0.0	0.0	0.0	0.0	0.0	0.0	0.0	0.0	0.0	7.0	9.0	0.0	0.0	0.0	0.0	0.0	0.0	0.0	0.0	0.0	0.0	0.0	0.0	0.0	0.0	0.0	0.0	0.0	0.0	0.0	0.0	0.0	0.0	0.0	0.0	0.0	0.0	0.0	0.0	0.0	0.0	0.0	0.0	0.0	0.0	0.0	0.0	0.0	0.0	0.0	0.0	0.0	0.0	0.0	0.0	0.0	0.0	0.0	0.0	0.0	0.0	0.0	0.0	0.0	0.0	0.0	0.0	0.0	0.0	0.0	0.0	0.0	0.0	0.0	0.0	0.0	0.0	0.0	0.0	0.0	0.0	0.0	0.0	0.0	0.0	0.0	0.0	0.0	0.0	0.0	0.0	0.0	0.0	0.0	0.0	0.0	0.0	0.0	0.0	0.0	0.0	0.0	0.0	0.0	0.0	0.0	0.0	0.0	0.0	0.0	0.0	0.0	0.0	0.0	0.0	0.0	0.0
SRR9612817	0.0	230.0	0.0	0.0	118.0	12.0	0.0	0.0	7211.0	375.0	0.0	0.0	517.0	339.0	0.0	2404.0	0.0	0.0	4.0	6503.0	19.0	0.0	2.0	32.0	308.0	0.0	0.0	536.0	41.0	0.0	0.0	22.0	0.0	23.0	0.0	0.0	0.0	50.0	4.0	25.0	27.0	15.0	5.0	0.0	0.0	0.0	0.0	0.0	0.0	0.0	0.0	6.0	0.0	0.0	0.0	0.0	6.0	4.0	0.0	0.0	0.0	116.0	5.0	0.0	0.0	9.0	34.0	0.0	383.0	0.0	223.0	26.0	2.0	8.0	79.0	0.0	9.0	0.0	37.0	15.0	406.0	6.0	24.0	0.0	0.0	0.0	1082.0	0.0	4.0	0.0	0.0	0.0	0.0	30.0	0.0	0.0	0.0	0.0	129.0	0.0	0.0	240.0	12.0	0.0	0.0	0.0	0.0	0.0	0.0	0.0	0.0	0.0	0.0	0.0	0.0	9.0	3.0	0.0	0.0	0.0	0.0	0.0	0.0	0.0	8.0	0.0	0.0	9.0	9.0	347.0	4.0	57.0	22.0	0.0	0.0	3.0	0.0	0.0	30.0	0.0	0.0	0.0	0.0	0.0	0.0	0.0	9.0	28.0	16.0	0.0	0.0	0.0	0.0	3.0	0.0	38.0	0.0	7.0	0.0	0.0	19.0	0.0	549.0	0.0	0.0	0.0	0.0	0.0	0.0	0.0	0.0	0.0	0.0	0.0	0.0	6.0	0.0	0.0	0.0	0.0	7.0	0.0	0.0	11.0	0.0	0.0	40.0	0.0	0.0	0.0	0.0	0.0	0.0	0.0	0.0	0.0	62.0	0.0	0.0	0.0	3.0	3.0	19.0	0.0	0.0	0.0	0.0	0.0	0.0	0.0	0.0	0.0	0.0	0.0	0.0	0.0	0.0	0.0	12.0	0.0	0.0	0.0	0.0	0.0	0.0	0.0	0.0	0.0	0.0	0.0	0.0	0.0	0.0	0.0	0.0	0.0	0.0	0.0	0.0	0.0	0.0	0.0	0.0	0.0	0.0	0.0	0.0	0.0	0.0	0.0	0.0	0.0	0.0	0.0	0.0	0.0	0.0	0.0	0.0	0.0	0.0	0.0	0.0	0.0	0.0	0.0	0.0	0.0	0.0	0.0	0.0	0.0	0.0	0.0	0.0	3.0	0.0	0.0	0.0	0.0	0.0	0.0	0.0	0.0	0.0	0.0	0.0	0.0	0.0	0.0	0.0	0.0	0.0	0.0	8.0	0.0	0.0	0.0	0.0	0.0	0.0	0.0	0.0	0.0	0.0	0.0	0.0	0.0	0.0	0.0	0.0	0.0	0.0	0.0	0.0	0.0	0.0	0.0	0.0	0.0	0.0	0.0	0.0	0.0	0.0	0.0
SRR9612818	0.0	812.0	765.0	0.0	0.0	5405.0	52.0	0.0	842.0	98.0	0.0	9.0	866.0	374.0	0.0	579.0	89.0	44.0	105.0	700.0	79.0	0.0	107.0	72.0	878.0	0.0	0.0	24.0	0.0	413.0	0.0	55.0	7.0	8.0	0.0	0.0	0.0	722.0	0.0	16.0	459.0	225.0	12.0	24.0	0.0	0.0	0.0	0.0	0.0	0.0	5.0	0.0	0.0	0.0	0.0	0.0	32.0	19.0	0.0	183.0	5.0	50.0	81.0	0.0	0.0	0.0	0.0	20.0	16.0	12.0	361.0	603.0	34.0	16.0	70.0	11.0	36.0	0.0	14.0	24.0	0.0	324.0	24.0	0.0	60.0	32.0	59.0	0.0	2.0	627.0	4.0	0.0	0.0	87.0	0.0	0.0	0.0	66.0	328.0	3.0	4.0	465.0	29.0	0.0	0.0	526.0	0.0	0.0	2.0	0.0	143.0	0.0	10.0	41.0	78.0	0.0	0.0	0.0	5.0	0.0	55.0	0.0	14.0	0.0	67.0	166.0	29.0	783.0	143.0	16.0	2.0	33.0	0.0	0.0	0.0	0.0	0.0	0.0	0.0	0.0	16.0	14.0	0.0	0.0	3.0	6.0	2012.0	0.0	924.0	0.0	244.0	3.0	0.0	0.0	8.0	58.0	32.0	54.0	51.0	0.0	417.0	0.0	52.0	11.0	8.0	0.0	0.0	2.0	36.0	59.0	34.0	0.0	0.0	156.0	16.0	2.0	0.0	0.0	0.0	0.0	37.0	0.0	0.0	0.0	0.0	0.0	621.0	6.0	73.0	0.0	7.0	0.0	0.0	0.0	0.0	0.0	7.0	0.0	0.0	3.0	0.0	0.0	0.0	0.0	5.0	6.0	40.0	0.0	0.0	0.0	20.0	0.0	0.0	0.0	0.0	0.0	0.0	0.0	41.0	6.0	0.0	0.0	0.0	0.0	0.0	4.0	4.0	0.0	8.0	0.0	0.0	0.0	54.0	4.0	0.0	0.0	0.0	0.0	0.0	0.0	0.0	0.0	0.0	0.0	0.0	0.0	0.0	0.0	0.0	0.0	0.0	0.0	0.0	0.0	0.0	0.0	0.0	9.0	0.0	0.0	0.0	0.0	0.0	0.0	0.0	0.0	0.0	0.0	0.0	0.0	0.0	0.0	0.0	0.0	0.0	0.0	0.0	0.0	0.0	0.0	0.0	0.0	0.0	0.0	0.0	0.0	0.0	0.0	0.0	0.0	0.0	0.0	0.0	0.0	61.0	0.0	0.0	0.0	0.0	0.0	0.0	0.0	0.0	0.0	0.0	0.0	0.0	0.0	0.0	0.0	0.0	0.0	0.0	0.0	0.0	0.0	0.0	0.0	0.0	0.0	0.0	0.0	0.0	0.0	0.0	0.0
SRR9612819	0.0	294.0	1981.0	8.0	33.0	4176.0	186.0	23.0	9949.0	212.0	0.0	26.0	563.0	210.0	15.0	872.0	84.0	27.0	219.0	1230.0	309.0	0.0	107.0	413.0	4975.0	5.0	0.0	34.0	19.0	38.0	8.0	108.0	0.0	0.0	0.0	19.0	0.0	142.0	15.0	6.0	138.0	591.0	15.0	37.0	33.0	12.0	0.0	0.0	0.0	0.0	19.0	0.0	0.0	0.0	0.0	0.0	371.0	125.0	13.0	303.0	55.0	341.0	535.0	0.0	0.0	0.0	10.0	26.0	197.0	0.0	392.0	1295.0	98.0	12.0	142.0	58.0	153.0	0.0	11.0	44.0	57.0	130.0	730.0	19.0	28.0	16.0	180.0	7.0	0.0	152.0	11.0	0.0	0.0	153.0	15.0	14.0	0.0	9.0	259.0	3.0	0.0	103.0	65.0	0.0	6.0	279.0	0.0	0.0	0.0	0.0	54.0	0.0	16.0	104.0	10.0	0.0	0.0	0.0	111.0	12.0	15.0	0.0	0.0	0.0	155.0	1201.0	0.0	250.0	404.0	227.0	0.0	105.0	0.0	9.0	0.0	0.0	0.0	0.0	0.0	0.0	0.0	0.0	5.0	0.0	5.0	8.0	516.0	4.0	70.0	0.0	61.0	96.0	0.0	0.0	6.0	106.0	35.0	168.0	56.0	0.0	229.0	0.0	17.0	17.0	8.0	0.0	0.0	4.0	12.0	38.0	23.0	0.0	10.0	278.0	0.0	10.0	0.0	9.0	0.0	5.0	25.0	0.0	0.0	16.0	0.0	4.0	257.0	0.0	48.0	0.0	27.0	0.0	0.0	0.0	3.0	0.0	0.0	0.0	0.0	10.0	4.0	3.0	25.0	0.0	14.0	47.0	22.0	0.0	0.0	0.0	23.0	0.0	0.0	0.0	6.0	0.0	0.0	0.0	106.0	0.0	0.0	0.0	0.0	0.0	0.0	24.0	0.0	0.0	93.0	0.0	0.0	0.0	19.0	0.0	0.0	0.0	0.0	0.0	51.0	0.0	0.0	0.0	0.0	0.0	0.0	0.0	0.0	0.0	0.0	0.0	0.0	0.0	0.0	0.0	0.0	0.0	27.0	4.0	0.0	4.0	0.0	0.0	0.0	0.0	0.0	0.0	0.0	0.0	0.0	0.0	0.0	0.0	0.0	0.0	0.0	0.0	0.0	0.0	0.0	0.0	0.0	0.0	0.0	0.0	0.0	0.0	0.0	0.0	0.0	0.0	0.0	0.0	0.0	0.0	37.0	0.0	0.0	0.0	0.0	0.0	0.0	0.0	0.0	0.0	0.0	0.0	0.0	0.0	0.0	0.0	0.0	0.0	0.0	0.0	0.0	0.0	0.0	3.0	0.0	0.0	0.0	0.0	0.0	0.0	0.0	0.0
SRR9612820	0.0	423.0	2807.0	13.0	62.0	4421.0	190.0	13.0	4171.0	220.0	0.0	32.0	560.0	215.0	7.0	1389.0	58.0	34.0	134.0	1791.0	408.0	0.0	93.0	511.0	5221.0	0.0	0.0	39.0	10.0	25.0	41.0	121.0	0.0	16.0	29.0	0.0	0.0	260.0	5.0	22.0	99.0	332.0	2.0	32.0	31.0	0.0	0.0	0.0	2.0	0.0	54.0	2.0	0.0	14.0	0.0	0.0	897.0	41.0	63.0	177.0	37.0	187.0	1191.0	0.0	0.0	0.0	56.0	31.0	158.0	12.0	277.0	1346.0	141.0	33.0	316.0	62.0	210.0	0.0	34.0	6.0	0.0	167.0	1095.0	12.0	64.0	28.0	233.0	0.0	0.0	137.0	65.0	0.0	0.0	196.0	39.0	57.0	0.0	6.0	390.0	2.0	0.0	149.0	141.0	0.0	0.0	361.0	0.0	3.0	0.0	0.0	123.0	0.0	0.0	102.0	0.0	0.0	0.0	7.0	306.0	30.0	17.0	0.0	0.0	0.0	247.0	1582.0	11.0	262.0	393.0	28.0	0.0	149.0	12.0	36.0	0.0	0.0	0.0	0.0	0.0	0.0	22.0	0.0	0.0	0.0	6.0	28.0	581.0	18.0	95.0	0.0	177.0	129.0	0.0	0.0	5.0	106.0	225.0	219.0	75.0	0.0	246.0	0.0	19.0	0.0	12.0	0.0	0.0	0.0	9.0	44.0	19.0	0.0	0.0	286.0	59.0	0.0	0.0	8.0	0.0	3.0	28.0	0.0	0.0	61.0	0.0	0.0	306.0	0.0	62.0	3.0	34.0	0.0	0.0	0.0	5.0	0.0	53.0	0.0	0.0	0.0	38.0	4.0	20.0	0.0	0.0	23.0	17.0	0.0	0.0	0.0	45.0	0.0	0.0	0.0	18.0	0.0	164.0	0.0	121.0	0.0	0.0	3.0	0.0	0.0	0.0	15.0	0.0	2.0	84.0	21.0	0.0	0.0	28.0	14.0	0.0	0.0	0.0	0.0	0.0	0.0	0.0	0.0	0.0	0.0	2.0	0.0	0.0	0.0	8.0	4.0	7.0	0.0	0.0	0.0	4.0	12.0	46.0	9.0	0.0	0.0	12.0	0.0	0.0	0.0	0.0	0.0	0.0	0.0	0.0	0.0	0.0	0.0	0.0	0.0	0.0	0.0	0.0	0.0	0.0	0.0	0.0	0.0	0.0	0.0	0.0	0.0	0.0	0.0	0.0	0.0	0.0	0.0	0.0	0.0	28.0	0.0	0.0	0.0	0.0	0.0	0.0	0.0	0.0	0.0	0.0	0.0	0.0	0.0	0.0	0.0	0.0	0.0	0.0	0.0	0.0	0.0	0.0	0.0	0.0	0.0	0.0	0.0	0.0	0.0	0.0	0.0
SRR9612822	0.0	91.0	1219.0	0.0	137.0	1622.0	102.0	24.0	2994.0	93.0	0.0	5.0	219.0	148.0	4.0	649.0	50.0	13.0	122.0	1615.0	101.0	0.0	70.0	332.0	2739.0	0.0	0.0	46.0	43.0	7.0	18.0	138.0	21.0	12.0	25.0	0.0	0.0	309.0	0.0	16.0	61.0	221.0	3.0	21.0	46.0	13.0	18.0	0.0	0.0	0.0	50.0	2.0	0.0	19.0	0.0	0.0	320.0	59.0	0.0	130.0	14.0	71.0	560.0	0.0	0.0	0.0	72.0	88.0	130.0	12.0	169.0	757.0	54.0	3.0	114.0	38.0	122.0	0.0	34.0	39.0	12.0	65.0	616.0	34.0	19.0	15.0	190.0	3.0	0.0	57.0	63.0	0.0	4.0	89.0	44.0	0.0	2.0	13.0	109.0	0.0	5.0	48.0	45.0	9.0	0.0	203.0	0.0	0.0	0.0	0.0	51.0	0.0	0.0	30.0	10.0	7.0	0.0	0.0	84.0	5.0	0.0	0.0	0.0	0.0	225.0	714.0	0.0	112.0	219.0	17.0	7.0	46.0	36.0	6.0	0.0	0.0	7.0	0.0	0.0	3.0	76.0	0.0	0.0	4.0	7.0	15.0	175.0	16.0	38.0	0.0	13.0	72.0	4.0	16.0	0.0	46.0	227.0	129.0	6.0	0.0	85.0	0.0	0.0	7.0	9.0	2.0	21.0	0.0	16.0	15.0	9.0	0.0	11.0	123.0	23.0	0.0	3.0	0.0	2.0	4.0	21.0	0.0	0.0	18.0	0.0	0.0	173.0	0.0	21.0	0.0	11.0	7.0	0.0	0.0	0.0	0.0	320.0	0.0	6.0	3.0	40.0	0.0	0.0	0.0	9.0	62.0	12.0	0.0	0.0	0.0	14.0	0.0	27.0	0.0	4.0	0.0	73.0	6.0	60.0	0.0	0.0	0.0	0.0	0.0	0.0	12.0	0.0	0.0	39.0	8.0	0.0	0.0	11.0	24.0	0.0	0.0	0.0	0.0	0.0	0.0	0.0	0.0	0.0	0.0	0.0	0.0	0.0	0.0	0.0	0.0	0.0	0.0	0.0	0.0	0.0	15.0	20.0	0.0	17.0	0.0	7.0	0.0	0.0	0.0	0.0	0.0	0.0	0.0	0.0	11.0	0.0	0.0	0.0	0.0	0.0	0.0	0.0	0.0	0.0	2.0	0.0	0.0	0.0	0.0	0.0	0.0	0.0	0.0	0.0	0.0	0.0	0.0	0.0	0.0	29.0	0.0	0.0	0.0	0.0	0.0	0.0	0.0	0.0	0.0	0.0	0.0	0.0	0.0	0.0	0.0	0.0	0.0	0.0	0.0	0.0	0.0	0.0	0.0	0.0	0.0	0.0	0.0	0.0	0.0	0.0	0.0
SRR9612823	0.0	397.0	1599.0	12.0	34.0	3343.0	197.0	56.0	4744.0	313.0	0.0	23.0	268.0	258.0	21.0	1288.0	61.0	47.0	84.0	1765.0	122.0	0.0	76.0	432.0	5057.0	0.0	10.0	126.0	45.0	23.0	55.0	186.0	0.0	13.0	28.0	0.0	16.0	375.0	4.0	26.0	85.0	317.0	18.0	5.0	42.0	0.0	3.0	8.0	13.0	0.0	75.0	0.0	0.0	18.0	3.0	0.0	438.0	68.0	23.0	248.0	124.0	236.0	1046.0	0.0	0.0	0.0	41.0	20.0	200.0	8.0	206.0	846.0	138.0	32.0	158.0	34.0	186.0	0.0	76.0	110.0	0.0	139.0	912.0	21.0	22.0	7.0	197.0	6.0	0.0	122.0	61.0	0.0	0.0	244.0	39.0	55.0	0.0	10.0	151.0	0.0	0.0	153.0	132.0	0.0	7.0	253.0	12.0	0.0	0.0	0.0	108.0	0.0	0.0	185.0	31.0	0.0	0.0	0.0	428.0	0.0	17.0	4.0	0.0	0.0	245.0	1480.0	4.0	239.0	350.0	52.0	0.0	164.0	0.0	16.0	0.0	0.0	0.0	0.0	0.0	0.0	56.0	0.0	3.0	2.0	8.0	18.0	420.0	87.0	55.0	0.0	59.0	128.0	4.0	7.0	0.0	188.0	176.0	222.0	44.0	0.0	161.0	0.0	23.0	40.0	23.0	0.0	0.0	4.0	0.0	36.0	23.0	0.0	16.0	171.0	47.0	0.0	0.0	18.0	0.0	0.0	14.0	0.0	0.0	39.0	0.0	0.0	224.0	0.0	49.0	0.0	19.0	0.0	0.0	0.0	8.0	0.0	130.0	0.0	0.0	2.0	50.0	0.0	56.0	0.0	31.0	0.0	0.0	6.0	0.0	0.0	34.0	0.0	11.0	0.0	8.0	0.0	160.0	0.0	94.0	0.0	0.0	0.0	0.0	0.0	0.0	14.0	0.0	0.0	104.0	25.0	0.0	0.0	26.0	10.0	0.0	0.0	0.0	0.0	66.0	0.0	0.0	0.0	0.0	0.0	4.0	0.0	0.0	0.0	0.0	12.0	0.0	0.0	0.0	0.0	0.0	0.0	59.0	0.0	5.0	0.0	3.0	0.0	0.0	0.0	0.0	0.0	0.0	0.0	0.0	0.0	0.0	0.0	0.0	0.0	0.0	0.0	0.0	0.0	7.0	0.0	0.0	0.0	0.0	0.0	0.0	0.0	0.0	0.0	0.0	0.0	0.0	0.0	0.0	0.0	31.0	0.0	0.0	0.0	0.0	0.0	0.0	0.0	0.0	0.0	0.0	0.0	0.0	0.0	0.0	0.0	0.0	0.0	0.0	0.0	0.0	0.0	0.0	0.0	0.0	0.0	0.0	0.0	0.0	0.0	0.0	0.0
SRR9612824	0.0	190.0	1281.0	5.0	24.0	3131.0	165.0	15.0	3927.0	148.0	0.0	20.0	360.0	159.0	3.0	756.0	26.0	14.0	83.0	2295.0	229.0	0.0	26.0	467.0	2422.0	0.0	0.0	29.0	19.0	39.0	1.0	120.0	11.0	15.0	0.0	3.0	0.0	348.0	2.0	14.0	126.0	215.0	7.0	14.0	14.0	13.0	9.0	0.0	5.0	0.0	24.0	16.0	0.0	9.0	0.0	0.0	271.0	72.0	0.0	60.0	10.0	100.0	486.0	0.0	0.0	9.0	59.0	35.0	130.0	7.0	245.0	866.0	38.0	10.0	157.0	43.0	102.0	0.0	35.0	0.0	0.0	113.0	972.0	16.0	47.0	9.0	137.0	0.0	0.0	109.0	79.0	4.0	2.0	160.0	14.0	15.0	11.0	0.0	172.0	10.0	9.0	84.0	66.0	0.0	0.0	302.0	0.0	0.0	0.0	0.0	75.0	0.0	7.0	33.0	0.0	20.0	0.0	0.0	70.0	25.0	4.0	0.0	0.0	0.0	273.0	650.0	0.0	234.0	139.0	30.0	9.0	36.0	30.0	17.0	0.0	0.0	0.0	0.0	0.0	2.0	59.0	0.0	3.0	4.0	9.0	0.0	411.0	7.0	44.0	0.0	90.0	52.0	4.0	11.0	0.0	43.0	306.0	126.0	36.0	0.0	112.0	0.0	17.0	6.0	23.0	0.0	0.0	0.0	0.0	22.0	14.0	0.0	0.0	123.0	0.0	0.0	5.0	12.0	0.0	0.0	5.0	0.0	0.0	22.0	0.0	7.0	249.0	0.0	23.0	0.0	9.0	0.0	0.0	0.0	0.0	2.0	50.0	0.0	0.0	2.0	30.0	0.0	4.0	0.0	9.0	0.0	6.0	7.0	0.0	3.0	35.0	0.0	12.0	0.0	0.0	0.0	32.0	0.0	42.0	0.0	0.0	0.0	0.0	0.0	0.0	5.0	0.0	0.0	43.0	28.0	0.0	0.0	8.0	0.0	0.0	0.0	0.0	0.0	17.0	0.0	0.0	0.0	0.0	0.0	0.0	0.0	0.0	0.0	0.0	0.0	0.0	0.0	0.0	0.0	12.0	0.0	22.0	4.0	8.0	0.0	8.0	0.0	3.0	0.0	0.0	0.0	0.0	0.0	0.0	0.0	0.0	0.0	0.0	0.0	0.0	3.0	0.0	0.0	0.0	0.0	4.0	0.0	0.0	0.0	0.0	0.0	0.0	0.0	0.0	0.0	0.0	0.0	0.0	0.0	18.0	0.0	0.0	0.0	0.0	0.0	0.0	0.0	0.0	0.0	0.0	0.0	0.0	0.0	0.0	0.0	0.0	0.0	0.0	0.0	0.0	0.0	0.0	0.0	0.0	0.0	0.0	0.0	0.0	0.0	0.0	0.0
SRR9612825	0.0	103.0	6.0	0.0	5441.0	10.0	33.0	0.0	10803.0	69.0	0.0	0.0	150.0	3148.0	2.0	877.0	0.0	0.0	4.0	3793.0	121.0	0.0	0.0	0.0	14.0	0.0	0.0	439.0	300.0	0.0	0.0	531.0	4202.0	86.0	0.0	0.0	8.0	50.0	3.0	17.0	13.0	200.0	42.0	0.0	0.0	0.0	0.0	0.0	0.0	0.0	0.0	0.0	0.0	0.0	0.0	0.0	0.0	16.0	0.0	0.0	42.0	27.0	0.0	0.0	0.0	0.0	359.0	416.0	156.0	0.0	105.0	4.0	0.0	5.0	167.0	0.0	0.0	0.0	37.0	2.0	234.0	0.0	173.0	0.0	4.0	0.0	490.0	0.0	0.0	0.0	0.0	3.0	0.0	50.0	0.0	0.0	0.0	60.0	13.0	0.0	0.0	278.0	63.0	14.0	0.0	0.0	0.0	0.0	0.0	0.0	0.0	0.0	0.0	2.0	0.0	0.0	0.0	0.0	0.0	0.0	0.0	0.0	0.0	0.0	0.0	0.0	0.0	0.0	0.0	31.0	0.0	60.0	203.0	0.0	0.0	0.0	0.0	0.0	25.0	0.0	22.0	0.0	0.0	3.0	0.0	25.0	0.0	0.0	0.0	0.0	0.0	0.0	0.0	0.0	0.0	18.0	0.0	0.0	0.0	0.0	0.0	0.0	185.0	0.0	0.0	0.0	6.0	0.0	0.0	0.0	0.0	0.0	0.0	0.0	0.0	34.0	0.0	0.0	0.0	22.0	0.0	2.0	0.0	0.0	0.0	0.0	38.0	0.0	0.0	0.0	0.0	13.0	0.0	0.0	17.0	0.0	2061.0	0.0	0.0	0.0	0.0	0.0	0.0	0.0	0.0	0.0	0.0	0.0	0.0	0.0	0.0	0.0	1611.0	0.0	0.0	0.0	0.0	0.0	6.0	0.0	0.0	0.0	0.0	0.0	0.0	0.0	0.0	0.0	0.0	0.0	0.0	0.0	0.0	0.0	0.0	0.0	0.0	0.0	0.0	0.0	0.0	0.0	0.0	0.0	0.0	0.0	0.0	0.0	0.0	0.0	0.0	0.0	0.0	0.0	0.0	0.0	0.0	0.0	0.0	0.0	0.0	0.0	0.0	0.0	0.0	0.0	0.0	0.0	0.0	0.0	0.0	0.0	0.0	0.0	0.0	0.0	0.0	0.0	0.0	0.0	0.0	0.0	0.0	0.0	0.0	0.0	0.0	0.0	0.0	0.0	0.0	0.0	0.0	0.0	0.0	0.0	0.0	0.0	0.0	0.0	0.0	0.0	0.0	0.0	0.0	0.0	0.0	0.0	0.0	0.0	0.0	0.0	0.0	0.0	0.0	0.0	0.0	0.0	0.0	0.0	0.0	0.0	0.0	0.0	0.0	0.0
SRR9612826	0.0	200.0	6.0	0.0	18.0	10.0	10.0	0.0	2880.0	233.0	0.0	6.0	42.0	399.0	0.0	603.0	5.0	35.0	0.0	5839.0	45.0	0.0	0.0	0.0	122.0	0.0	0.0	156.0	21.0	0.0	0.0	0.0	0.0	16.0	0.0	0.0	0.0	22.0	8.0	0.0	13.0	36.0	8.0	0.0	0.0	0.0	0.0	0.0	0.0	0.0	0.0	0.0	0.0	0.0	0.0	0.0	4.0	0.0	0.0	0.0	53.0	121.0	11.0	0.0	0.0	0.0	7.0	0.0	22.0	0.0	164.0	0.0	2.0	12.0	31.0	3.0	0.0	0.0	27.0	13.0	14.0	5.0	0.0	2.0	0.0	0.0	521.0	0.0	10.0	6.0	0.0	0.0	2.0	8.0	0.0	0.0	2.0	4.0	15.0	0.0	0.0	118.0	204.0	2.0	0.0	0.0	0.0	0.0	0.0	0.0	0.0	0.0	0.0	13.0	2.0	0.0	0.0	0.0	27.0	0.0	0.0	0.0	0.0	0.0	0.0	15.0	0.0	0.0	0.0	220.0	0.0	26.0	65.0	4.0	0.0	0.0	5.0	0.0	0.0	0.0	0.0	0.0	0.0	0.0	0.0	0.0	0.0	0.0	0.0	0.0	11.0	3.0	0.0	0.0	0.0	224.0	0.0	3.0	0.0	0.0	11.0	0.0	402.0	0.0	0.0	0.0	0.0	0.0	0.0	0.0	0.0	0.0	0.0	5.0	0.0	0.0	0.0	0.0	0.0	5.0	0.0	0.0	0.0	65.0	0.0	0.0	0.0	0.0	5.0	0.0	0.0	0.0	0.0	0.0	0.0	0.0	880.0	0.0	0.0	0.0	0.0	0.0	9.0	0.0	5.0	0.0	3.0	0.0	0.0	0.0	0.0	0.0	17.0	0.0	0.0	0.0	0.0	0.0	0.0	0.0	0.0	0.0	0.0	0.0	0.0	0.0	0.0	3.0	0.0	0.0	0.0	0.0	0.0	0.0	0.0	0.0	0.0	0.0	0.0	0.0	0.0	0.0	0.0	5.0	0.0	0.0	0.0	0.0	0.0	0.0	0.0	0.0	0.0	0.0	0.0	0.0	0.0	0.0	0.0	0.0	0.0	0.0	0.0	0.0	0.0	0.0	0.0	0.0	0.0	0.0	0.0	0.0	0.0	0.0	0.0	0.0	0.0	0.0	0.0	0.0	0.0	0.0	0.0	0.0	0.0	0.0	0.0	0.0	0.0	0.0	0.0	0.0	0.0	0.0	0.0	0.0	0.0	0.0	0.0	0.0	0.0	0.0	0.0	0.0	0.0	0.0	0.0	0.0	0.0	0.0	0.0	0.0	0.0	0.0	0.0	0.0	0.0	0.0	0.0	0.0	0.0	0.0	0.0	0.0	0.0	0.0
SRR9612827	0.0	369.0	1273.0	0.0	6.0	2796.0	117.0	8.0	1440.0	290.0	0.0	14.0	462.0	145.0	3.0	309.0	27.0	35.0	135.0	487.0	296.0	0.0	94.0	254.0	2370.0	4.0	0.0	0.0	0.0	20.0	25.0	0.0	0.0	0.0	0.0	0.0	0.0	109.0	23.0	46.0	99.0	399.0	0.0	6.0	19.0	0.0	3.0	0.0	9.0	0.0	11.0	0.0	1.0	0.0	0.0	0.0	114.0	31.0	25.0	187.0	23.0	126.0	314.0	0.0	0.0	0.0	6.0	31.0	30.0	0.0	121.0	427.0	58.0	28.0	36.0	17.0	115.0	0.0	7.0	20.0	5.0	154.0	308.0	0.0	15.0	14.0	223.0	25.0	0.0	102.0	3.0	0.0	0.0	203.0	38.0	10.0	0.0	17.0	154.0	0.0	0.0	44.0	89.0	0.0	0.0	52.0	0.0	0.0	0.0	0.0	110.0	0.0	6.0	30.0	0.0	0.0	0.0	0.0	31.0	0.0	11.0	0.0	0.0	0.0	94.0	781.0	0.0	242.0	203.0	28.0	0.0	46.0	0.0	0.0	3.0	26.0	0.0	0.0	0.0	0.0	0.0	11.0	0.0	0.0	3.0	10.0	557.0	19.0	67.0	3.0	30.0	6.0	0.0	0.0	5.0	57.0	8.0	94.0	83.0	0.0	176.0	0.0	0.0	19.0	0.0	0.0	0.0	0.0	8.0	23.0	31.0	0.0	0.0	99.0	0.0	0.0	0.0	0.0	0.0	0.0	10.0	0.0	0.0	0.0	0.0	0.0	206.0	0.0	54.0	3.0	17.0	0.0	0.0	0.0	0.0	0.0	0.0	0.0	7.0	6.0	0.0	0.0	7.0	0.0	31.0	15.0	22.0	0.0	0.0	0.0	14.0	0.0	0.0	0.0	0.0	0.0	9.0	0.0	97.0	0.0	0.0	0.0	0.0	0.0	0.0	6.0	0.0	0.0	60.0	0.0	0.0	0.0	52.0	24.0	0.0	0.0	0.0	0.0	30.0	0.0	0.0	0.0	0.0	0.0	0.0	0.0	0.0	0.0	0.0	0.0	0.0	0.0	0.0	0.0	0.0	0.0	12.0	0.0	0.0	0.0	0.0	0.0	0.0	0.0	0.0	0.0	0.0	0.0	0.0	0.0	0.0	0.0	0.0	0.0	0.0	0.0	0.0	0.0	0.0	0.0	0.0	0.0	0.0	0.0	0.0	0.0	0.0	0.0	0.0	0.0	0.0	0.0	0.0	0.0	11.0	0.0	0.0	0.0	0.0	0.0	0.0	0.0	0.0	0.0	0.0	0.0	0.0	0.0	0.0	0.0	0.0	0.0	0.0	0.0	0.0	0.0	0.0	0.0	0.0	0.0	0.0	0.0	0.0	0.0	0.0	0.0
SRR9612828	0.0	290.0	1031.0	34.0	0.0	1925.0	109.0	18.0	965.0	402.0	0.0	5.0	201.0	138.0	0.0	957.0	56.0	77.0	238.0	245.0	1038.0	2.0	98.0	158.0	2103.0	0.0	0.0	0.0	0.0	26.0	22.0	11.0	9.0	0.0	0.0	6.0	0.0	49.0	44.0	38.0	65.0	253.0	0.0	25.0	0.0	0.0	0.0	0.0	62.0	0.0	4.0	0.0	0.0	0.0	4.0	0.0	49.0	71.0	14.0	134.0	132.0	207.0	141.0	0.0	0.0	0.0	16.0	49.0	53.0	0.0	246.0	289.0	92.0	46.0	51.0	0.0	77.0	0.0	3.0	182.0	0.0	57.0	159.0	0.0	20.0	7.0	80.0	5.0	0.0	110.0	0.0	0.0	0.0	155.0	24.0	20.0	0.0	11.0	210.0	0.0	0.0	147.0	98.0	0.0	3.0	67.0	8.0	3.0	0.0	0.0	39.0	0.0	7.0	29.0	0.0	0.0	0.0	0.0	77.0	20.0	9.0	0.0	0.0	0.0	51.0	454.0	0.0	131.0	395.0	20.0	0.0	51.0	0.0	0.0	0.0	16.0	2.0	0.0	0.0	0.0	0.0	0.0	0.0	0.0	0.0	18.0	333.0	43.0	38.0	0.0	53.0	12.0	0.0	0.0	0.0	91.0	7.0	31.0	19.0	0.0	92.0	0.0	18.0	0.0	3.0	0.0	0.0	0.0	0.0	4.0	6.0	0.0	114.0	105.0	0.0	0.0	0.0	10.0	0.0	0.0	7.0	0.0	0.0	21.0	0.0	0.0	124.0	0.0	37.0	0.0	0.0	0.0	0.0	0.0	0.0	0.0	0.0	0.0	0.0	0.0	0.0	0.0	15.0	0.0	39.0	13.0	12.0	0.0	0.0	0.0	0.0	0.0	0.0	0.0	4.0	0.0	21.0	0.0	72.0	0.0	0.0	0.0	0.0	0.0	0.0	12.0	0.0	0.0	44.0	0.0	0.0	0.0	20.0	10.0	0.0	0.0	0.0	0.0	0.0	0.0	0.0	0.0	0.0	8.0	0.0	0.0	0.0	0.0	12.0	0.0	3.0	0.0	0.0	0.0	0.0	0.0	12.0	5.0	0.0	0.0	0.0	0.0	0.0	0.0	0.0	0.0	0.0	0.0	0.0	0.0	0.0	0.0	0.0	0.0	0.0	0.0	0.0	0.0	0.0	0.0	0.0	0.0	0.0	0.0	0.0	0.0	0.0	0.0	0.0	0.0	0.0	0.0	0.0	0.0	25.0	0.0	0.0	0.0	0.0	0.0	0.0	0.0	0.0	0.0	0.0	0.0	0.0	0.0	0.0	0.0	0.0	0.0	0.0	0.0	0.0	0.0	0.0	0.0	0.0	0.0	0.0	0.0	0.0	0.0	0.0	0.0
SRR9612829	0.0	250.0	18.0	0.0	4821.0	3.0	0.0	0.0	4118.0	177.0	0.0	6.0	168.0	1210.0	0.0	636.0	0.0	15.0	0.0	1025.0	7.0	0.0	0.0	12.0	63.0	0.0	0.0	511.0	0.0	0.0	0.0	7.0	2.0	20.0	0.0	0.0	21.0	32.0	28.0	11.0	6.0	197.0	97.0	2.0	3.0	0.0	0.0	0.0	6.0	0.0	0.0	0.0	0.0	0.0	0.0	0.0	3.0	124.0	0.0	2.0	45.0	113.0	0.0	0.0	0.0	6.0	17.0	92.0	325.0	0.0	322.0	0.0	4.0	8.0	4.0	0.0	0.0	0.0	0.0	4.0	277.0	0.0	6.0	0.0	0.0	0.0	443.0	0.0	0.0	0.0	0.0	0.0	0.0	58.0	0.0	0.0	0.0	9.0	18.0	0.0	0.0	213.0	393.0	0.0	0.0	2.0	0.0	0.0	0.0	0.0	0.0	0.0	0.0	0.0	0.0	0.0	27.0	0.0	24.0	7.0	0.0	0.0	0.0	0.0	11.0	9.0	0.0	0.0	5.0	191.0	0.0	418.0	21.0	0.0	0.0	0.0	0.0	0.0	0.0	0.0	0.0	0.0	0.0	0.0	0.0	3.0	7.0	13.0	0.0	0.0	95.0	2.0	0.0	0.0	0.0	187.0	0.0	0.0	0.0	0.0	0.0	5.0	115.0	0.0	0.0	0.0	0.0	0.0	0.0	7.0	0.0	0.0	0.0	0.0	0.0	9.0	0.0	0.0	0.0	0.0	0.0	0.0	0.0	90.0	0.0	0.0	92.0	0.0	0.0	0.0	0.0	0.0	0.0	0.0	0.0	0.0	51.0	0.0	0.0	0.0	0.0	0.0	11.0	0.0	0.0	7.0	0.0	0.0	0.0	0.0	0.0	0.0	0.0	0.0	0.0	0.0	0.0	0.0	0.0	0.0	0.0	0.0	0.0	0.0	0.0	0.0	0.0	13.0	0.0	0.0	0.0	0.0	0.0	0.0	0.0	0.0	0.0	0.0	0.0	0.0	0.0	0.0	0.0	0.0	0.0	0.0	0.0	0.0	0.0	0.0	0.0	0.0	0.0	0.0	0.0	0.0	0.0	0.0	0.0	0.0	0.0	0.0	0.0	0.0	0.0	0.0	0.0	0.0	0.0	0.0	0.0	0.0	0.0	0.0	0.0	0.0	0.0	0.0	0.0	0.0	0.0	0.0	0.0	0.0	0.0	0.0	0.0	0.0	0.0	0.0	0.0	0.0	0.0	0.0	0.0	0.0	0.0	0.0	0.0	0.0	0.0	0.0	0.0	0.0	0.0	0.0	0.0	0.0	0.0	0.0	0.0	0.0	0.0	0.0	0.0	0.0	0.0	0.0	0.0	0.0	0.0	0.0	0.0	0.0	0.0	0.0
SRR9612830	0.0	74.0	22.0	0.0	5.0	12.0	0.0	0.0	5377.0	102.0	0.0	2.0	1557.0	1019.0	0.0	261.0	0.0	4.0	19.0	106.0	34.0	0.0	3.0	9.0	88.0	0.0	0.0	56.0	8.0	0.0	0.0	0.0	0.0	0.0	0.0	3.0	0.0	10.0	631.0	2.0	5.0	19.0	5.0	0.0	0.0	0.0	0.0	0.0	0.0	0.0	0.0	0.0	0.0	0.0	0.0	0.0	0.0	38.0	0.0	7.0	32.0	284.0	0.0	0.0	0.0	0.0	2.0	0.0	166.0	0.0	31.0	18.0	0.0	2.0	17.0	2.0	0.0	0.0	8.0	7.0	0.0	9.0	10.0	0.0	3.0	0.0	114.0	3.0	0.0	0.0	2.0	0.0	0.0	60.0	0.0	0.0	0.0	0.0	23.0	0.0	0.0	57.0	3.0	0.0	0.0	0.0	0.0	0.0	0.0	0.0	0.0	0.0	0.0	0.0	0.0	0.0	0.0	0.0	4.0	0.0	0.0	0.0	0.0	0.0	0.0	8.0	0.0	9.0	0.0	509.0	0.0	0.0	0.0	0.0	0.0	9.0	0.0	0.0	33.0	0.0	0.0	0.0	0.0	0.0	0.0	0.0	14.0	0.0	21.0	0.0	0.0	0.0	0.0	0.0	0.0	17.0	0.0	0.0	3.0	0.0	6.0	0.0	23.0	0.0	0.0	0.0	0.0	0.0	0.0	0.0	0.0	0.0	0.0	10.0	0.0	11.0	0.0	0.0	0.0	0.0	0.0	0.0	0.0	7.0	0.0	0.0	48.0	0.0	0.0	0.0	0.0	0.0	0.0	0.0	0.0	0.0	0.0	0.0	0.0	0.0	0.0	0.0	0.0	0.0	0.0	0.0	0.0	0.0	0.0	0.0	0.0	0.0	0.0	0.0	0.0	0.0	0.0	0.0	0.0	0.0	0.0	0.0	0.0	0.0	0.0	0.0	0.0	3.0	0.0	0.0	0.0	0.0	0.0	0.0	0.0	0.0	0.0	0.0	0.0	0.0	0.0	0.0	0.0	0.0	0.0	0.0	0.0	0.0	0.0	0.0	0.0	0.0	0.0	0.0	0.0	0.0	0.0	0.0	0.0	0.0	0.0	0.0	0.0	0.0	0.0	0.0	0.0	0.0	0.0	0.0	0.0	0.0	0.0	0.0	0.0	0.0	0.0	0.0	0.0	0.0	0.0	0.0	0.0	0.0	0.0	0.0	0.0	0.0	0.0	0.0	0.0	0.0	0.0	0.0	0.0	0.0	0.0	0.0	0.0	0.0	0.0	0.0	0.0	0.0	0.0	0.0	0.0	0.0	0.0	0.0	0.0	0.0	0.0	0.0	0.0	0.0	0.0	0.0	0.0	0.0	0.0	0.0	0.0	0.0	0.0	0.0
SRR9612831	0.0	60.0	39.0	0.0	0.0	48.0	0.0	0.0	6233.0	187.0	0.0	8.0	1451.0	180.0	0.0	411.0	0.0	0.0	10.0	486.0	13.0	0.0	0.0	36.0	88.0	0.0	0.0	67.0	6.0	0.0	0.0	0.0	0.0	7.0	0.0	10.0	0.0	7.0	254.0	0.0	0.0	13.0	3.0	4.0	7.0	0.0	2.0	0.0	5.0	0.0	4.0	0.0	0.0	0.0	0.0	0.0	4.0	26.0	3.0	6.0	58.0	284.0	0.0	0.0	0.0	0.0	2.0	0.0	163.0	0.0	68.0	26.0	0.0	6.0	0.0	0.0	0.0	3.0	6.0	23.0	71.0	7.0	17.0	0.0	2.0	0.0	152.0	0.0	0.0	0.0	0.0	0.0	0.0	63.0	0.0	0.0	0.0	0.0	23.0	0.0	0.0	30.0	0.0	0.0	3.0	16.0	0.0	0.0	0.0	0.0	0.0	0.0	0.0	0.0	0.0	0.0	0.0	0.0	4.0	11.0	0.0	0.0	0.0	0.0	0.0	25.0	0.0	0.0	7.0	484.0	0.0	14.0	0.0	0.0	0.0	6.0	0.0	0.0	26.0	0.0	0.0	0.0	0.0	5.0	0.0	5.0	19.0	4.0	29.0	0.0	0.0	0.0	0.0	0.0	0.0	57.0	0.0	9.0	0.0	0.0	6.0	0.0	62.0	0.0	0.0	0.0	0.0	0.0	0.0	0.0	0.0	0.0	0.0	17.0	5.0	0.0	0.0	0.0	0.0	0.0	3.0	0.0	0.0	7.0	0.0	0.0	23.0	0.0	0.0	0.0	0.0	0.0	0.0	0.0	0.0	0.0	0.0	0.0	0.0	0.0	0.0	0.0	0.0	0.0	5.0	0.0	0.0	2.0	0.0	0.0	0.0	0.0	9.0	0.0	0.0	7.0	0.0	0.0	10.0	0.0	0.0	0.0	0.0	0.0	0.0	0.0	0.0	0.0	0.0	0.0	0.0	0.0	0.0	0.0	0.0	0.0	0.0	0.0	0.0	0.0	0.0	0.0	0.0	0.0	0.0	0.0	0.0	0.0	0.0	0.0	0.0	0.0	0.0	0.0	0.0	0.0	0.0	0.0	0.0	0.0	0.0	0.0	0.0	0.0	0.0	0.0	0.0	0.0	0.0	0.0	0.0	0.0	0.0	0.0	0.0	0.0	0.0	0.0	0.0	0.0	0.0	0.0	0.0	0.0	0.0	0.0	0.0	0.0	0.0	0.0	0.0	0.0	0.0	0.0	0.0	0.0	0.0	0.0	0.0	0.0	0.0	0.0	0.0	0.0	0.0	0.0	0.0	0.0	0.0	0.0	0.0	0.0	0.0	0.0	0.0	0.0	0.0	0.0	0.0	0.0	0.0	0.0	0.0	0.0	0.0	0.0
SRR9612832	0.0	251.0	18.0	8.0	124.0	4.0	0.0	0.0	7057.0	554.0	10.0	5.0	1350.0	383.0	0.0	413.0	0.0	4.0	28.0	680.0	174.0	0.0	4.0	18.0	116.0	0.0	0.0	70.0	19.0	57.0	0.0	25.0	18.0	0.0	0.0	3.0	158.0	9.0	297.0	4.0	25.0	377.0	0.0	7.0	0.0	0.0	0.0	0.0	0.0	0.0	0.0	0.0	0.0	0.0	3.0	0.0	0.0	57.0	0.0	0.0	96.0	341.0	4.0	0.0	0.0	0.0	5.0	18.0	93.0	10.0	210.0	0.0	0.0	7.0	0.0	11.0	0.0	13.0	6.0	16.0	48.0	6.0	28.0	0.0	0.0	0.0	368.0	0.0	0.0	0.0	0.0	0.0	0.0	84.0	0.0	0.0	0.0	6.0	10.0	0.0	0.0	401.0	320.0	0.0	0.0	2.0	0.0	0.0	0.0	0.0	0.0	0.0	0.0	0.0	0.0	0.0	5.0	0.0	22.0	0.0	0.0	0.0	0.0	0.0	0.0	0.0	6.0	0.0	10.0	392.0	0.0	52.0	0.0	0.0	0.0	19.0	131.0	0.0	22.0	0.0	6.0	0.0	0.0	0.0	0.0	0.0	21.0	6.0	34.0	0.0	21.0	0.0	0.0	0.0	0.0	155.0	0.0	5.0	4.0	0.0	26.0	0.0	20.0	0.0	0.0	0.0	0.0	0.0	0.0	0.0	0.0	0.0	19.0	0.0	0.0	48.0	0.0	0.0	0.0	0.0	0.0	0.0	0.0	68.0	0.0	0.0	12.0	0.0	0.0	0.0	0.0	0.0	0.0	0.0	0.0	0.0	15.0	0.0	0.0	0.0	0.0	2.0	0.0	0.0	0.0	0.0	0.0	0.0	0.0	0.0	0.0	22.0	0.0	0.0	0.0	0.0	0.0	0.0	19.0	0.0	0.0	0.0	0.0	0.0	0.0	0.0	0.0	0.0	2.0	0.0	0.0	0.0	0.0	0.0	0.0	0.0	0.0	0.0	0.0	0.0	0.0	0.0	0.0	0.0	0.0	0.0	0.0	0.0	0.0	0.0	0.0	0.0	0.0	0.0	0.0	0.0	0.0	0.0	0.0	0.0	0.0	0.0	0.0	0.0	0.0	0.0	0.0	0.0	0.0	0.0	0.0	0.0	0.0	0.0	0.0	0.0	0.0	0.0	0.0	0.0	0.0	0.0	0.0	0.0	0.0	0.0	0.0	0.0	0.0	0.0	0.0	0.0	0.0	0.0	0.0	0.0	0.0	0.0	0.0	0.0	0.0	0.0	0.0	0.0	0.0	0.0	0.0	0.0	0.0	0.0	0.0	0.0	0.0	0.0	0.0	0.0	0.0	0.0	0.0	0.0	0.0	0.0	0.0	0.0	0.0	0.0
SRR9612833	0.0	728.0	43.0	0.0	14.0	35.0	8.0	0.0	13172.0	1074.0	12.0	27.0	3851.0	595.0	0.0	2288.0	0.0	6.0	21.0	394.0	59.0	0.0	0.0	43.0	440.0	0.0	0.0	67.0	10.0	0.0	0.0	46.0	0.0	10.0	0.0	11.0	21.0	14.0	336.0	2.0	0.0	69.0	0.0	0.0	4.0	0.0	0.0	0.0	0.0	0.0	0.0	0.0	0.0	0.0	0.0	0.0	7.0	61.0	0.0	3.0	36.0	587.0	0.0	0.0	0.0	0.0	0.0	5.0	545.0	0.0	262.0	21.0	5.0	20.0	33.0	5.0	0.0	0.0	23.0	10.0	79.0	0.0	31.0	0.0	0.0	0.0	703.0	0.0	0.0	0.0	0.0	0.0	0.0	167.0	5.0	0.0	0.0	17.0	69.0	0.0	0.0	1746.0	49.0	0.0	0.0	6.0	0.0	0.0	0.0	0.0	0.0	0.0	0.0	13.0	23.0	0.0	0.0	0.0	26.0	6.0	0.0	0.0	0.0	0.0	10.0	10.0	15.0	16.0	27.0	1603.0	0.0	134.0	0.0	0.0	0.0	53.0	0.0	0.0	129.0	0.0	0.0	0.0	0.0	6.0	0.0	0.0	20.0	0.0	110.0	0.0	634.0	7.0	0.0	0.0	0.0	178.0	0.0	8.0	0.0	0.0	12.0	0.0	98.0	0.0	0.0	0.0	0.0	0.0	0.0	0.0	0.0	0.0	0.0	6.0	0.0	0.0	0.0	0.0	0.0	0.0	2.0	0.0	0.0	11.0	0.0	0.0	11.0	0.0	0.0	0.0	0.0	0.0	0.0	0.0	0.0	0.0	0.0	0.0	0.0	0.0	0.0	0.0	23.0	0.0	6.0	0.0	0.0	0.0	0.0	0.0	0.0	0.0	0.0	0.0	0.0	0.0	0.0	0.0	53.0	0.0	0.0	0.0	0.0	0.0	0.0	0.0	0.0	0.0	3.0	0.0	0.0	0.0	0.0	0.0	0.0	0.0	0.0	0.0	0.0	0.0	0.0	0.0	0.0	0.0	0.0	0.0	0.0	0.0	0.0	0.0	0.0	0.0	0.0	0.0	0.0	0.0	0.0	0.0	0.0	0.0	0.0	0.0	0.0	0.0	0.0	0.0	0.0	0.0	0.0	0.0	0.0	0.0	0.0	0.0	0.0	0.0	0.0	0.0	0.0	0.0	0.0	0.0	0.0	0.0	0.0	0.0	0.0	0.0	0.0	0.0	0.0	0.0	0.0	0.0	4.0	0.0	0.0	0.0	0.0	0.0	0.0	0.0	0.0	0.0	0.0	0.0	0.0	0.0	0.0	0.0	0.0	0.0	0.0	0.0	0.0	0.0	0.0	0.0	0.0	0.0	0.0	0.0	0.0	0.0	0.0	0.0
SRR9612834	0.0	212.0	5.0	0.0	29.0	10.0	0.0	0.0	10234.0	454.0	0.0	2.0	554.0	794.0	0.0	345.0	0.0	5.0	15.0	353.0	197.0	0.0	9.0	0.0	107.0	0.0	0.0	37.0	0.0	0.0	0.0	6.0	0.0	0.0	0.0	0.0	5.0	0.0	749.0	24.0	4.0	201.0	2.0	0.0	0.0	0.0	0.0	0.0	0.0	0.0	0.0	0.0	0.0	0.0	0.0	0.0	2.0	175.0	0.0	0.0	503.0	1503.0	0.0	0.0	0.0	0.0	0.0	0.0	14.0	0.0	1913.0	0.0	2.0	7.0	0.0	0.0	0.0	0.0	0.0	6.0	123.0	0.0	0.0	0.0	0.0	0.0	892.0	0.0	0.0	0.0	0.0	0.0	0.0	181.0	0.0	0.0	0.0	21.0	0.0	0.0	0.0	1769.0	364.0	0.0	0.0	0.0	0.0	0.0	0.0	0.0	0.0	0.0	0.0	7.0	11.0	0.0	0.0	0.0	5.0	12.0	0.0	0.0	0.0	0.0	0.0	0.0	0.0	0.0	22.0	957.0	0.0	60.0	0.0	0.0	0.0	46.0	0.0	0.0	95.0	0.0	0.0	0.0	0.0	0.0	0.0	0.0	8.0	0.0	9.0	0.0	253.0	0.0	0.0	0.0	0.0	199.0	0.0	6.0	0.0	0.0	2.0	0.0	34.0	0.0	0.0	0.0	0.0	0.0	0.0	23.0	0.0	0.0	0.0	3.0	0.0	2.0	0.0	0.0	0.0	0.0	0.0	0.0	0.0	41.0	0.0	0.0	0.0	0.0	0.0	0.0	0.0	0.0	0.0	0.0	3.0	0.0	12.0	0.0	0.0	0.0	0.0	0.0	0.0	0.0	0.0	0.0	0.0	0.0	0.0	0.0	0.0	0.0	0.0	0.0	0.0	0.0	0.0	0.0	22.0	0.0	0.0	0.0	0.0	0.0	0.0	0.0	0.0	0.0	0.0	0.0	0.0	0.0	0.0	0.0	0.0	0.0	0.0	0.0	0.0	0.0	0.0	0.0	0.0	0.0	0.0	0.0	0.0	0.0	0.0	0.0	0.0	0.0	0.0	0.0	0.0	0.0	0.0	0.0	0.0	0.0	0.0	0.0	0.0	0.0	0.0	0.0	0.0	0.0	0.0	0.0	0.0	0.0	0.0	0.0	0.0	0.0	0.0	0.0	0.0	0.0	0.0	0.0	0.0	0.0	0.0	0.0	0.0	0.0	0.0	0.0	0.0	0.0	0.0	0.0	0.0	0.0	0.0	0.0	0.0	0.0	0.0	0.0	0.0	0.0	0.0	0.0	0.0	0.0	0.0	0.0	0.0	0.0	0.0	0.0	0.0	0.0	0.0	0.0	0.0	0.0	0.0	0.0	0.0	0.0	0.0	0.0
SRR9612835	0.0	150.0	80.0	0.0	145.0	41.0	0.0	0.0	12305.0	480.0	11.0	4.0	1453.0	1042.0	0.0	813.0	0.0	0.0	14.0	2456.0	50.0	0.0	0.0	41.0	88.0	0.0	0.0	386.0	41.0	0.0	0.0	18.0	1741.0	82.0	0.0	0.0	695.0	29.0	607.0	5.0	10.0	154.0	13.0	5.0	0.0	0.0	0.0	0.0	0.0	0.0	0.0	7.0	0.0	0.0	0.0	0.0	0.0	46.0	0.0	0.0	2936.0	211.0	0.0	0.0	0.0	0.0	10.0	41.0	273.0	0.0	354.0	15.0	3.0	0.0	0.0	0.0	0.0	0.0	15.0	0.0	186.0	9.0	16.0	0.0	0.0	0.0	764.0	0.0	0.0	0.0	0.0	0.0	0.0	49.0	0.0	0.0	0.0	9.0	25.0	0.0	0.0	930.0	14.0	0.0	0.0	8.0	0.0	0.0	0.0	0.0	7.0	0.0	0.0	0.0	0.0	0.0	6.0	0.0	0.0	16.0	0.0	0.0	0.0	0.0	0.0	10.0	0.0	0.0	9.0	915.0	0.0	42.0	0.0	0.0	4.0	8.0	0.0	0.0	34.0	0.0	0.0	0.0	0.0	0.0	0.0	0.0	0.0	19.0	21.0	0.0	12.0	0.0	0.0	0.0	0.0	83.0	0.0	0.0	0.0	0.0	16.0	0.0	136.0	0.0	0.0	0.0	0.0	0.0	0.0	32.0	7.0	0.0	0.0	18.0	0.0	24.0	0.0	0.0	0.0	0.0	5.0	0.0	0.0	13.0	3.0	0.0	32.0	0.0	12.0	0.0	0.0	0.0	0.0	0.0	0.0	0.0	41.0	0.0	0.0	0.0	0.0	0.0	0.0	0.0	0.0	0.0	0.0	0.0	0.0	3.0	0.0	8.0	448.0	0.0	0.0	0.0	0.0	0.0	19.0	0.0	0.0	0.0	0.0	0.0	0.0	0.0	0.0	0.0	0.0	0.0	0.0	0.0	0.0	0.0	0.0	0.0	0.0	0.0	0.0	0.0	0.0	0.0	0.0	0.0	0.0	0.0	0.0	0.0	0.0	0.0	0.0	0.0	0.0	0.0	0.0	0.0	0.0	0.0	0.0	0.0	0.0	0.0	0.0	0.0	0.0	0.0	0.0	0.0	0.0	0.0	0.0	0.0	0.0	0.0	0.0	0.0	0.0	0.0	0.0	0.0	0.0	0.0	0.0	4.0	0.0	0.0	0.0	0.0	0.0	0.0	0.0	0.0	0.0	0.0	0.0	0.0	0.0	0.0	0.0	0.0	0.0	0.0	0.0	0.0	0.0	0.0	0.0	0.0	0.0	0.0	0.0	0.0	0.0	0.0	0.0	0.0	0.0	0.0	0.0	0.0	0.0	0.0	0.0	0.0	0.0	0.0
SRR9612836	0.0	125.0	53.0	4.0	40.0	31.0	0.0	0.0	6663.0	387.0	0.0	0.0	1789.0	397.0	0.0	1072.0	4.0	0.0	26.0	3593.0	12.0	0.0	6.0	37.0	174.0	0.0	0.0	747.0	27.0	4.0	4.0	21.0	0.0	58.0	0.0	3.0	4.0	66.0	39.0	3.0	0.0	40.0	45.0	7.0	0.0	0.0	0.0	0.0	3.0	0.0	0.0	0.0	0.0	0.0	0.0	0.0	3.0	7.0	0.0	0.0	4.0	333.0	0.0	0.0	0.0	8.0	63.0	0.0	338.0	0.0	229.0	20.0	5.0	0.0	50.0	0.0	0.0	0.0	20.0	0.0	286.0	0.0	35.0	6.0	0.0	0.0	486.0	0.0	8.0	7.0	0.0	0.0	0.0	20.0	0.0	0.0	0.0	5.0	73.0	0.0	0.0	36.0	0.0	0.0	0.0	0.0	0.0	3.0	0.0	0.0	5.0	0.0	0.0	5.0	0.0	9.0	11.0	0.0	0.0	0.0	0.0	0.0	0.0	0.0	0.0	9.0	0.0	8.0	8.0	876.0	0.0	29.0	0.0	0.0	0.0	4.0	0.0	0.0	0.0	0.0	0.0	0.0	0.0	0.0	0.0	0.0	0.0	6.0	12.0	0.0	0.0	0.0	0.0	0.0	0.0	35.0	6.0	6.0	3.0	0.0	6.0	0.0	167.0	0.0	0.0	0.0	0.0	0.0	0.0	0.0	0.0	0.0	0.0	16.0	0.0	11.0	0.0	0.0	0.0	0.0	0.0	0.0	0.0	3.0	0.0	0.0	22.0	0.0	0.0	0.0	0.0	0.0	0.0	0.0	5.0	0.0	12.0	0.0	0.0	0.0	0.0	0.0	6.0	0.0	0.0	0.0	0.0	0.0	0.0	0.0	0.0	0.0	0.0	0.0	0.0	0.0	0.0	0.0	0.0	0.0	0.0	0.0	0.0	0.0	0.0	0.0	0.0	6.0	0.0	0.0	0.0	0.0	8.0	0.0	0.0	5.0	0.0	0.0	0.0	0.0	0.0	0.0	0.0	0.0	0.0	0.0	0.0	0.0	0.0	0.0	0.0	0.0	0.0	0.0	0.0	0.0	0.0	0.0	0.0	0.0	0.0	0.0	0.0	0.0	0.0	0.0	0.0	0.0	0.0	0.0	0.0	0.0	0.0	0.0	0.0	0.0	0.0	0.0	0.0	0.0	0.0	0.0	0.0	0.0	0.0	0.0	0.0	0.0	0.0	0.0	0.0	0.0	0.0	0.0	0.0	0.0	0.0	0.0	0.0	0.0	0.0	0.0	0.0	0.0	0.0	0.0	0.0	0.0	0.0	0.0	0.0	0.0	0.0	0.0	0.0	0.0	0.0	0.0	0.0	0.0	0.0	0.0	0.0	0.0	0.0	0.0
SRR9612837	0.0	173.0	1124.0	5.0	0.0	2415.0	153.0	8.0	2098.0	168.0	0.0	29.0	510.0	144.0	0.0	412.0	27.0	29.0	208.0	463.0	329.0	0.0	28.0	323.0	1952.0	0.0	8.0	7.0	0.0	32.0	6.0	37.0	8.0	7.0	0.0	12.0	4.0	89.0	19.0	59.0	87.0	311.0	36.0	410.0	9.0	0.0	0.0	0.0	17.0	0.0	11.0	5.0	0.0	0.0	9.0	0.0	39.0	135.0	7.0	158.0	36.0	315.0	284.0	0.0	0.0	0.0	13.0	40.0	144.0	5.0	189.0	377.0	85.0	6.0	44.0	21.0	118.0	0.0	3.0	68.0	8.0	97.0	353.0	0.0	15.0	0.0	147.0	6.0	0.0	81.0	0.0	0.0	0.0	131.0	27.0	10.0	0.0	7.0	139.0	0.0	6.0	97.0	46.0	0.0	0.0	95.0	0.0	0.0	4.0	0.0	35.0	0.0	9.0	31.0	19.0	0.0	8.0	0.0	32.0	0.0	11.0	0.0	0.0	0.0	132.0	609.0	5.0	123.0	367.0	39.0	0.0	48.0	0.0	0.0	0.0	40.0	0.0	0.0	0.0	0.0	0.0	11.0	0.0	0.0	2.0	22.0	240.0	16.0	27.0	0.0	8.0	23.0	0.0	0.0	3.0	58.0	0.0	55.0	3.0	0.0	70.0	0.0	21.0	9.0	6.0	0.0	0.0	0.0	0.0	25.0	2.0	0.0	21.0	105.0	20.0	0.0	2.0	0.0	0.0	0.0	1.0	0.0	0.0	5.0	0.0	0.0	180.0	38.0	45.0	0.0	7.0	0.0	0.0	0.0	7.0	0.0	0.0	0.0	0.0	0.0	0.0	0.0	0.0	0.0	0.0	17.0	0.0	3.0	0.0	0.0	37.0	0.0	0.0	0.0	5.0	4.0	5.0	0.0	68.0	0.0	0.0	0.0	0.0	0.0	0.0	0.0	3.0	0.0	64.0	0.0	10.0	0.0	27.0	0.0	0.0	0.0	0.0	0.0	6.0	0.0	3.0	0.0	0.0	7.0	0.0	0.0	0.0	0.0	0.0	0.0	0.0	0.0	0.0	0.0	0.0	0.0	37.0	0.0	0.0	0.0	0.0	0.0	0.0	0.0	0.0	0.0	0.0	0.0	0.0	0.0	0.0	0.0	0.0	0.0	0.0	0.0	0.0	0.0	0.0	0.0	0.0	0.0	0.0	0.0	0.0	0.0	0.0	0.0	0.0	0.0	0.0	0.0	0.0	0.0	20.0	0.0	0.0	0.0	0.0	0.0	0.0	0.0	0.0	0.0	0.0	0.0	0.0	0.0	0.0	0.0	0.0	0.0	0.0	0.0	0.0	0.0	0.0	0.0	0.0	0.0	0.0	0.0	0.0	0.0	0.0	0.0
SRR9612838	0.0	380.0	3563.0	12.0	45.0	4006.0	189.0	60.0	2843.0	234.0	0.0	27.0	529.0	198.0	0.0	1007.0	65.0	85.0	275.0	1112.0	200.0	0.0	107.0	496.0	5111.0	14.0	0.0	7.0	0.0	26.0	50.0	67.0	0.0	3.0	15.0	0.0	0.0	138.0	0.0	4.0	121.0	571.0	0.0	21.0	21.0	0.0	0.0	3.0	0.0	0.0	71.0	3.0	0.0	0.0	0.0	0.0	430.0	60.0	25.0	292.0	60.0	273.0	839.0	0.0	0.0	0.0	26.0	50.0	115.0	0.0	298.0	890.0	121.0	67.0	195.0	97.0	161.0	0.0	22.0	37.0	29.0	169.0	664.0	20.0	26.0	24.0	224.0	0.0	0.0	216.0	18.0	0.0	0.0	199.0	70.0	32.0	0.0	2.0	375.0	0.0	12.0	134.0	139.0	0.0	0.0	142.0	0.0	0.0	0.0	0.0	80.0	0.0	4.0	95.0	32.0	0.0	0.0	0.0	355.0	0.0	19.0	0.0	0.0	0.0	166.0	1203.0	0.0	305.0	285.0	44.0	0.0	147.0	0.0	19.0	0.0	0.0	18.0	0.0	0.0	0.0	0.0	12.0	0.0	0.0	5.0	26.0	574.0	47.0	55.0	0.0	59.0	130.0	0.0	0.0	0.0	147.0	76.0	217.0	86.0	0.0	339.0	0.0	19.0	19.0	14.0	0.0	0.0	7.0	11.0	39.0	23.0	0.0	0.0	309.0	38.0	22.0	0.0	13.0	0.0	0.0	2.0	0.0	0.0	53.0	0.0	0.0	280.0	0.0	70.0	0.0	3.0	0.0	0.0	0.0	0.0	4.0	9.0	0.0	0.0	2.0	0.0	0.0	39.0	0.0	12.0	60.0	9.0	0.0	0.0	0.0	21.0	0.0	0.0	0.0	30.0	0.0	162.0	0.0	187.0	0.0	0.0	0.0	0.0	4.0	0.0	12.0	0.0	0.0	78.0	7.0	0.0	9.0	46.0	23.0	0.0	0.0	0.0	0.0	0.0	0.0	0.0	0.0	0.0	0.0	0.0	0.0	0.0	0.0	0.0	0.0	0.0	0.0	0.0	0.0	0.0	7.0	58.0	0.0	0.0	0.0	6.0	0.0	0.0	0.0	0.0	0.0	0.0	0.0	0.0	0.0	0.0	0.0	0.0	0.0	0.0	0.0	0.0	0.0	0.0	0.0	0.0	0.0	0.0	0.0	0.0	0.0	0.0	0.0	0.0	0.0	0.0	0.0	0.0	0.0	61.0	0.0	0.0	0.0	0.0	0.0	0.0	0.0	0.0	0.0	0.0	0.0	0.0	0.0	0.0	0.0	0.0	0.0	0.0	0.0	0.0	0.0	0.0	0.0	0.0	0.0	0.0	0.0	0.0	0.0	0.0	0.0
SRR9612839	0.0	371.0	2281.0	0.0	0.0	3709.0	179.0	27.0	3187.0	246.0	0.0	8.0	456.0	165.0	10.0	379.0	53.0	41.0	139.0	1008.0	247.0	0.0	68.0	427.0	3536.0	0.0	0.0	10.0	0.0	36.0	33.0	61.0	0.0	3.0	7.0	5.0	0.0	97.0	0.0	18.0	105.0	421.0	6.0	60.0	14.0	0.0	0.0	0.0	4.0	0.0	37.0	0.0	0.0	0.0	0.0	0.0	281.0	55.0	35.0	220.0	24.0	195.0	446.0	4.0	0.0	0.0	0.0	52.0	95.0	5.0	264.0	842.0	73.0	0.0	95.0	26.0	135.0	0.0	17.0	49.0	19.0	119.0	630.0	14.0	9.0	21.0	149.0	0.0	0.0	170.0	22.0	0.0	0.0	170.0	45.0	9.0	0.0	0.0	261.0	0.0	0.0	87.0	56.0	0.0	0.0	127.0	0.0	0.0	0.0	0.0	77.0	0.0	7.0	76.0	0.0	0.0	4.0	0.0	155.0	22.0	14.0	0.0	0.0	0.0	183.0	941.0	0.0	225.0	246.0	41.0	0.0	83.0	0.0	8.0	0.0	0.0	4.0	0.0	0.0	0.0	0.0	10.0	0.0	0.0	0.0	9.0	468.0	0.0	20.0	0.0	99.0	114.0	0.0	0.0	7.0	89.0	54.0	152.0	27.0	0.0	227.0	0.0	30.0	18.0	8.0	0.0	0.0	0.0	24.0	30.0	30.0	0.0	0.0	121.0	21.0	0.0	0.0	0.0	0.0	0.0	8.0	0.0	0.0	30.0	0.0	0.0	283.0	0.0	36.0	0.0	21.0	0.0	0.0	0.0	0.0	0.0	0.0	0.0	0.0	0.0	0.0	0.0	32.0	0.0	20.0	28.0	0.0	7.0	0.0	0.0	30.0	0.0	0.0	0.0	6.0	0.0	47.0	0.0	98.0	0.0	0.0	0.0	0.0	0.0	0.0	33.0	0.0	0.0	31.0	0.0	0.0	0.0	25.0	6.0	0.0	0.0	0.0	0.0	0.0	0.0	0.0	0.0	0.0	4.0	0.0	0.0	0.0	0.0	0.0	0.0	0.0	0.0	0.0	0.0	0.0	6.0	36.0	5.0	0.0	0.0	0.0	0.0	0.0	0.0	0.0	0.0	0.0	0.0	0.0	0.0	0.0	0.0	0.0	0.0	0.0	0.0	0.0	0.0	0.0	0.0	0.0	0.0	0.0	0.0	0.0	0.0	0.0	0.0	0.0	0.0	0.0	0.0	0.0	0.0	40.0	0.0	0.0	0.0	0.0	0.0	0.0	0.0	0.0	0.0	0.0	0.0	0.0	0.0	0.0	0.0	0.0	0.0	0.0	0.0	0.0	0.0	0.0	5.0	0.0	0.0	0.0	0.0	0.0	0.0	0.0	0.0
SRR9612840	0.0	1422.0	5.0	0.0	7.0	11.0	8.0	0.0	6801.0	355.0	0.0	7.0	1737.0	600.0	0.0	641.0	0.0	5.0	12.0	103.0	158.0	0.0	3.0	0.0	209.0	0.0	0.0	20.0	12.0	0.0	0.0	6.0	25.0	0.0	0.0	9.0	4.0	13.0	2859.0	13.0	9.0	404.0	0.0	0.0	6.0	0.0	0.0	0.0	0.0	0.0	0.0	0.0	0.0	0.0	0.0	0.0	4.0	6.0	0.0	12.0	5.0	345.0	0.0	0.0	0.0	0.0	0.0	0.0	70.0	0.0	321.0	16.0	0.0	10.0	0.0	0.0	3.0	0.0	13.0	0.0	44.0	11.0	10.0	0.0	2.0	0.0	509.0	0.0	0.0	0.0	0.0	0.0	0.0	77.0	0.0	7.0	0.0	0.0	42.0	0.0	0.0	2169.0	56.0	0.0	0.0	0.0	0.0	0.0	0.0	0.0	0.0	0.0	0.0	4.0	0.0	0.0	0.0	0.0	13.0	8.0	0.0	0.0	0.0	0.0	0.0	0.0	0.0	0.0	39.0	985.0	0.0	72.0	0.0	0.0	0.0	43.0	0.0	0.0	78.0	0.0	0.0	0.0	0.0	0.0	0.0	0.0	58.0	0.0	88.0	0.0	287.0	0.0	0.0	0.0	0.0	317.0	0.0	5.0	0.0	0.0	5.0	0.0	252.0	0.0	0.0	0.0	0.0	0.0	0.0	169.0	0.0	0.0	0.0	5.0	0.0	0.0	0.0	0.0	0.0	0.0	0.0	0.0	0.0	39.0	0.0	0.0	28.0	0.0	0.0	0.0	0.0	0.0	0.0	0.0	0.0	0.0	13.0	0.0	0.0	0.0	0.0	0.0	8.0	0.0	0.0	6.0	0.0	0.0	0.0	0.0	0.0	0.0	0.0	0.0	0.0	0.0	0.0	0.0	30.0	0.0	0.0	0.0	0.0	0.0	0.0	0.0	0.0	0.0	0.0	0.0	0.0	0.0	0.0	0.0	0.0	0.0	0.0	0.0	0.0	0.0	0.0	0.0	0.0	0.0	2.0	0.0	0.0	0.0	0.0	0.0	0.0	0.0	0.0	0.0	0.0	0.0	0.0	0.0	0.0	0.0	0.0	0.0	0.0	0.0	0.0	0.0	0.0	0.0	0.0	0.0	0.0	0.0	0.0	0.0	0.0	0.0	0.0	0.0	0.0	0.0	0.0	0.0	0.0	0.0	0.0	0.0	0.0	0.0	0.0	0.0	0.0	0.0	0.0	0.0	0.0	0.0	0.0	0.0	0.0	0.0	0.0	0.0	0.0	0.0	0.0	0.0	0.0	0.0	0.0	0.0	0.0	0.0	0.0	0.0	0.0	0.0	0.0	0.0	0.0	0.0	0.0	0.0	0.0	0.0	0.0	0.0
SRR9612841	0.0	286.0	1217.0	0.0	12.0	4301.0	167.0	0.0	4114.0	190.0	0.0	12.0	502.0	187.0	6.0	692.0	67.0	22.0	64.0	1388.0	113.0	0.0	32.0	314.0	3077.0	0.0	0.0	3.0	50.0	57.0	0.0	263.0	0.0	6.0	0.0	0.0	0.0	228.0	4.0	35.0	104.0	198.0	0.0	17.0	10.0	0.0	0.0	0.0	24.0	0.0	18.0	7.0	3.0	0.0	0.0	5.0	204.0	48.0	13.0	149.0	8.0	90.0	404.0	0.0	0.0	0.0	5.0	28.0	114.0	11.0	210.0	1379.0	71.0	16.0	137.0	33.0	121.0	0.0	18.0	19.0	34.0	117.0	767.0	0.0	28.0	13.0	170.0	2.0	0.0	103.0	87.0	0.0	0.0	113.0	25.0	0.0	0.0	15.0	188.0	0.0	11.0	153.0	34.0	10.0	0.0	411.0	0.0	0.0	0.0	0.0	70.0	0.0	18.0	34.0	3.0	0.0	8.0	0.0	13.0	21.0	10.0	0.0	0.0	0.0	171.0	718.0	0.0	239.0	276.0	107.0	0.0	13.0	0.0	0.0	0.0	2.0	0.0	0.0	0.0	0.0	0.0	0.0	0.0	0.0	10.0	0.0	523.0	0.0	123.0	0.0	108.0	69.0	3.0	0.0	0.0	53.0	53.0	130.0	12.0	0.0	173.0	0.0	41.0	10.0	5.0	0.0	6.0	0.0	12.0	85.0	23.0	0.0	0.0	135.0	36.0	6.0	0.0	0.0	0.0	6.0	21.0	0.0	0.0	11.0	8.0	0.0	192.0	0.0	24.0	0.0	0.0	0.0	2.0	0.0	0.0	0.0	34.0	0.0	0.0	3.0	165.0	3.0	29.0	0.0	0.0	12.0	15.0	0.0	0.0	2.0	16.0	0.0	0.0	0.0	8.0	0.0	87.0	0.0	61.0	18.0	0.0	0.0	0.0	0.0	0.0	5.0	0.0	0.0	50.0	0.0	0.0	0.0	34.0	0.0	0.0	0.0	0.0	0.0	9.0	0.0	8.0	0.0	0.0	0.0	0.0	0.0	0.0	0.0	0.0	0.0	0.0	0.0	0.0	0.0	12.0	6.0	10.0	0.0	0.0	0.0	3.0	0.0	0.0	0.0	0.0	0.0	0.0	0.0	0.0	0.0	0.0	0.0	0.0	0.0	0.0	0.0	0.0	0.0	0.0	0.0	0.0	0.0	0.0	0.0	0.0	0.0	0.0	0.0	0.0	0.0	0.0	0.0	0.0	0.0	23.0	0.0	0.0	0.0	0.0	0.0	0.0	0.0	0.0	0.0	0.0	0.0	0.0	0.0	0.0	0.0	0.0	0.0	0.0	0.0	0.0	0.0	0.0	0.0	0.0	0.0	0.0	0.0	0.0	0.0	0.0	0.0
SRR9612842	5.0	362.0	1082.0	0.0	32.0	3095.0	233.0	11.0	4551.0	250.0	0.0	0.0	415.0	183.0	0.0	799.0	38.0	3.0	66.0	1846.0	133.0	0.0	40.0	525.0	2572.0	0.0	0.0	90.0	45.0	29.0	14.0	307.0	0.0	20.0	0.0	0.0	0.0	344.0	0.0	0.0	103.0	222.0	26.0	33.0	35.0	18.0	0.0	0.0	0.0	0.0	31.0	24.0	5.0	0.0	0.0	9.0	202.0	74.0	0.0	122.0	7.0	80.0	447.0	10.0	0.0	0.0	69.0	46.0	135.0	22.0	176.0	710.0	58.0	5.0	150.0	45.0	162.0	0.0	64.0	6.0	0.0	129.0	1127.0	38.0	61.0	15.0	166.0	0.0	0.0	142.0	94.0	3.0	0.0	93.0	16.0	15.0	0.0	37.0	201.0	9.0	0.0	92.0	60.0	0.0	0.0	284.0	0.0	0.0	0.0	0.0	101.0	0.0	3.0	74.0	0.0	0.0	6.0	0.0	94.0	14.0	20.0	0.0	0.0	0.0	399.0	479.0	6.0	185.0	161.0	33.0	0.0	80.0	28.0	9.0	0.0	0.0	3.0	0.0	0.0	14.0	92.0	0.0	0.0	0.0	5.0	19.0	415.0	5.0	101.0	0.0	133.0	44.0	0.0	10.0	7.0	74.0	243.0	150.0	46.0	0.0	116.0	0.0	34.0	0.0	26.0	0.0	9.0	0.0	31.0	60.0	25.0	0.0	0.0	169.0	54.0	0.0	0.0	0.0	0.0	0.0	17.0	0.0	0.0	32.0	0.0	0.0	232.0	0.0	40.0	0.0	18.0	0.0	0.0	0.0	0.0	0.0	352.0	0.0	5.0	5.0	163.0	3.0	19.0	0.0	11.0	41.0	10.0	0.0	0.0	0.0	39.0	0.0	8.0	0.0	0.0	0.0	113.0	0.0	62.0	0.0	0.0	0.0	0.0	5.0	0.0	6.0	0.0	0.0	60.0	17.0	0.0	0.0	21.0	0.0	5.0	0.0	0.0	0.0	0.0	0.0	0.0	0.0	0.0	0.0	0.0	0.0	0.0	0.0	0.0	9.0	0.0	0.0	0.0	0.0	23.0	0.0	25.0	3.0	0.0	0.0	7.0	0.0	0.0	0.0	0.0	0.0	0.0	0.0	0.0	0.0	0.0	0.0	0.0	0.0	0.0	0.0	0.0	0.0	0.0	0.0	0.0	0.0	0.0	0.0	0.0	0.0	0.0	0.0	0.0	0.0	0.0	0.0	0.0	0.0	28.0	0.0	0.0	0.0	0.0	0.0	0.0	0.0	0.0	0.0	0.0	0.0	0.0	0.0	0.0	0.0	0.0	0.0	0.0	0.0	0.0	0.0	0.0	0.0	0.0	0.0	0.0	0.0	0.0	0.0	0.0	0.0
SRR9612843	0.0	246.0	896.0	4.0	121.0	1721.0	75.0	18.0	1767.0	147.0	0.0	19.0	238.0	111.0	2.0	350.0	23.0	20.0	115.0	875.0	60.0	0.0	0.0	237.0	2615.0	0.0	0.0	0.0	12.0	17.0	27.0	120.0	6.0	0.0	0.0	0.0	0.0	88.0	10.0	21.0	63.0	174.0	0.0	0.0	17.0	0.0	0.0	0.0	0.0	0.0	25.0	0.0	0.0	0.0	0.0	0.0	401.0	24.0	29.0	76.0	28.0	127.0	618.0	0.0	9.0	10.0	38.0	12.0	107.0	0.0	93.0	726.0	50.0	13.0	126.0	14.0	94.0	0.0	11.0	13.0	10.0	56.0	396.0	10.0	11.0	0.0	92.0	0.0	0.0	53.0	29.0	0.0	0.0	73.0	28.0	3.0	0.0	0.0	146.0	0.0	3.0	51.0	46.0	0.0	0.0	97.0	0.0	0.0	0.0	0.0	48.0	4.0	0.0	54.0	0.0	0.0	0.0	0.0	273.0	9.0	12.0	0.0	0.0	0.0	84.0	652.0	0.0	110.0	115.0	45.0	0.0	52.0	11.0	17.0	0.0	0.0	0.0	0.0	0.0	0.0	11.0	0.0	0.0	0.0	0.0	0.0	257.0	15.0	31.0	0.0	59.0	109.0	0.0	0.0	0.0	85.0	58.0	145.0	41.0	0.0	101.0	0.0	17.0	8.0	5.0	0.0	0.0	0.0	0.0	23.0	34.0	0.0	0.0	139.0	32.0	7.0	0.0	4.0	0.0	2.0	10.0	0.0	0.0	28.0	0.0	0.0	126.0	0.0	18.0	0.0	13.0	0.0	0.0	0.0	0.0	0.0	67.0	0.0	3.0	0.0	14.0	0.0	0.0	0.0	15.0	38.0	0.0	0.0	0.0	2.0	16.0	0.0	0.0	0.0	11.0	0.0	51.0	0.0	86.0	0.0	0.0	0.0	0.0	0.0	0.0	11.0	0.0	12.0	32.0	15.0	0.0	0.0	0.0	14.0	0.0	0.0	0.0	0.0	0.0	0.0	0.0	0.0	0.0	0.0	0.0	0.0	0.0	0.0	0.0	0.0	0.0	0.0	0.0	0.0	0.0	0.0	19.0	0.0	0.0	0.0	0.0	0.0	0.0	0.0	0.0	0.0	0.0	0.0	0.0	0.0	0.0	0.0	0.0	0.0	0.0	0.0	0.0	0.0	0.0	0.0	0.0	0.0	0.0	0.0	0.0	0.0	0.0	0.0	0.0	0.0	0.0	0.0	0.0	0.0	36.0	0.0	0.0	0.0	0.0	0.0	0.0	0.0	0.0	0.0	0.0	0.0	0.0	0.0	0.0	0.0	0.0	0.0	0.0	0.0	0.0	0.0	0.0	0.0	0.0	0.0	0.0	0.0	0.0	0.0	0.0	0.0
SRR9612844	0.0	331.0	1136.0	0.0	51.0	2658.0	176.0	10.0	3714.0	160.0	0.0	6.0	301.0	97.0	10.0	883.0	28.0	24.0	98.0	2493.0	137.0	0.0	30.0	442.0	1973.0	0.0	12.0	162.0	28.0	2.0	0.0	316.0	0.0	25.0	47.0	0.0	4.0	491.0	0.0	31.0	80.0	97.0	0.0	7.0	19.0	25.0	2.0	2.0	0.0	11.0	30.0	13.0	5.0	24.0	0.0	0.0	149.0	59.0	20.0	87.0	6.0	42.0	266.0	11.0	7.0	0.0	45.0	13.0	160.0	13.0	190.0	954.0	69.0	5.0	123.0	12.0	132.0	0.0	69.0	5.0	21.0	51.0	984.0	23.0	55.0	7.0	124.0	0.0	0.0	107.0	85.0	0.0	0.0	53.0	19.0	11.0	0.0	16.0	171.0	11.0	0.0	50.0	78.0	0.0	0.0	341.0	0.0	0.0	0.0	0.0	50.0	0.0	7.0	0.0	28.0	0.0	0.0	0.0	57.0	43.0	14.0	0.0	0.0	0.0	359.0	469.0	0.0	123.0	244.0	17.0	0.0	44.0	29.0	3.0	0.0	0.0	3.0	0.0	0.0	0.0	98.0	0.0	0.0	10.0	0.0	10.0	323.0	0.0	53.0	0.0	44.0	58.0	0.0	0.0	4.0	16.0	215.0	85.0	11.0	0.0	119.0	0.0	0.0	7.0	7.0	0.0	8.0	0.0	18.0	0.0	13.0	0.0	0.0	91.0	68.0	0.0	0.0	12.0	0.0	0.0	20.0	0.0	0.0	9.0	0.0	0.0	226.0	0.0	46.0	2.0	0.0	0.0	0.0	0.0	0.0	0.0	72.0	0.0	8.0	0.0	62.0	0.0	0.0	0.0	0.0	29.0	7.0	0.0	0.0	0.0	31.0	13.0	6.0	0.0	0.0	0.0	56.0	0.0	24.0	0.0	0.0	0.0	0.0	0.0	0.0	0.0	2.0	0.0	47.0	8.0	0.0	0.0	0.0	9.0	0.0	0.0	0.0	0.0	0.0	0.0	0.0	4.0	0.0	0.0	0.0	0.0	0.0	0.0	0.0	0.0	0.0	0.0	0.0	0.0	18.0	0.0	17.0	0.0	0.0	0.0	9.0	0.0	6.0	0.0	0.0	0.0	0.0	0.0	0.0	0.0	0.0	0.0	0.0	0.0	0.0	0.0	0.0	0.0	0.0	0.0	0.0	0.0	0.0	0.0	0.0	0.0	0.0	0.0	0.0	0.0	0.0	0.0	0.0	0.0	13.0	0.0	0.0	0.0	0.0	0.0	0.0	0.0	0.0	0.0	0.0	0.0	0.0	0.0	0.0	0.0	5.0	0.0	0.0	0.0	0.0	0.0	0.0	0.0	0.0	0.0	0.0	0.0	0.0	0.0	0.0	0.0
SRR9612845	0.0	952.0	17.0	0.0	0.0	24.0	8.0	0.0	4431.0	645.0	0.0	30.0	92.0	523.0	0.0	924.0	0.0	21.0	2.0	457.0	44.0	0.0	7.0	17.0	193.0	0.0	0.0	60.0	13.0	0.0	0.0	14.0	0.0	8.0	0.0	0.0	0.0	22.0	58.0	13.0	16.0	307.0	0.0	0.0	8.0	0.0	0.0	0.0	0.0	0.0	2.0	0.0	0.0	0.0	0.0	0.0	7.0	68.0	0.0	0.0	229.0	287.0	10.0	0.0	0.0	0.0	0.0	0.0	31.0	0.0	292.0	20.0	0.0	40.0	18.0	0.0	9.0	0.0	10.0	10.0	38.0	0.0	10.0	0.0	0.0	0.0	570.0	10.0	0.0	6.0	0.0	0.0	0.0	53.0	0.0	3.0	0.0	11.0	13.0	0.0	0.0	458.0	324.0	0.0	0.0	0.0	0.0	0.0	0.0	0.0	0.0	0.0	0.0	18.0	19.0	0.0	0.0	0.0	107.0	0.0	0.0	0.0	0.0	0.0	0.0	0.0	0.0	14.0	4.0	531.0	0.0	207.0	0.0	0.0	0.0	3.0	5.0	0.0	0.0	0.0	0.0	0.0	0.0	0.0	0.0	0.0	0.0	4.0	0.0	0.0	149.0	0.0	0.0	0.0	0.0	721.0	0.0	5.0	0.0	0.0	14.0	0.0	995.0	0.0	2.0	0.0	0.0	0.0	0.0	70.0	0.0	0.0	0.0	4.0	0.0	0.0	0.0	0.0	0.0	117.0	0.0	0.0	0.0	340.0	0.0	0.0	17.0	0.0	0.0	0.0	0.0	0.0	0.0	0.0	15.0	0.0	29.0	0.0	0.0	0.0	0.0	0.0	41.0	0.0	13.0	0.0	0.0	0.0	0.0	0.0	0.0	0.0	5.0	0.0	0.0	0.0	0.0	0.0	0.0	0.0	0.0	0.0	0.0	0.0	0.0	0.0	0.0	2.0	0.0	0.0	0.0	0.0	4.0	0.0	0.0	0.0	0.0	0.0	0.0	0.0	0.0	0.0	0.0	0.0	0.0	0.0	0.0	0.0	0.0	0.0	0.0	0.0	0.0	0.0	0.0	0.0	0.0	0.0	0.0	0.0	0.0	0.0	0.0	0.0	0.0	0.0	0.0	0.0	0.0	0.0	0.0	0.0	0.0	0.0	0.0	0.0	0.0	0.0	0.0	0.0	0.0	0.0	0.0	0.0	0.0	0.0	0.0	0.0	0.0	0.0	0.0	0.0	0.0	0.0	0.0	0.0	0.0	0.0	0.0	0.0	0.0	0.0	0.0	0.0	0.0	0.0	0.0	0.0	0.0	0.0	0.0	0.0	0.0	0.0	0.0	0.0	0.0	0.0	0.0	0.0	0.0	0.0	0.0	0.0	0.0	0.0
SRR9612846	0.0	197.0	5.0	0.0	142.0	0.0	0.0	0.0	7067.0	130.0	0.0	10.0	553.0	167.0	0.0	252.0	0.0	5.0	0.0	115.0	25.0	0.0	0.0	0.0	56.0	0.0	0.0	52.0	0.0	0.0	0.0	0.0	0.0	0.0	0.0	0.0	32.0	0.0	31.0	3.0	46.0	57.0	0.0	0.0	2.0	0.0	0.0	0.0	0.0	0.0	0.0	0.0	0.0	0.0	0.0	0.0	0.0	19.0	0.0	4.0	85.0	187.0	0.0	0.0	0.0	0.0	0.0	0.0	61.0	0.0	80.0	0.0	0.0	0.0	0.0	0.0	0.0	0.0	5.0	0.0	77.0	0.0	12.0	0.0	0.0	0.0	140.0	0.0	0.0	0.0	0.0	0.0	0.0	20.0	0.0	0.0	0.0	6.0	11.0	0.0	0.0	388.0	55.0	0.0	0.0	0.0	0.0	0.0	0.0	0.0	0.0	0.0	0.0	5.0	0.0	0.0	0.0	0.0	0.0	0.0	0.0	0.0	0.0	0.0	0.0	0.0	0.0	0.0	0.0	727.0	0.0	8.0	0.0	0.0	0.0	0.0	0.0	0.0	0.0	0.0	0.0	0.0	0.0	0.0	0.0	0.0	0.0	0.0	0.0	0.0	0.0	0.0	0.0	0.0	0.0	44.0	0.0	0.0	0.0	0.0	0.0	0.0	92.0	0.0	0.0	0.0	0.0	0.0	0.0	2.0	0.0	0.0	0.0	2.0	0.0	65.0	0.0	0.0	0.0	8.0	0.0	0.0	0.0	8.0	0.0	0.0	0.0	0.0	0.0	0.0	0.0	0.0	0.0	0.0	0.0	0.0	0.0	0.0	0.0	0.0	0.0	0.0	9.0	0.0	0.0	0.0	0.0	3.0	0.0	0.0	0.0	0.0	0.0	0.0	0.0	0.0	0.0	0.0	2.0	0.0	0.0	0.0	0.0	0.0	0.0	0.0	0.0	3.0	0.0	0.0	0.0	0.0	0.0	0.0	0.0	0.0	0.0	0.0	0.0	0.0	0.0	0.0	0.0	0.0	0.0	0.0	0.0	0.0	0.0	0.0	0.0	0.0	0.0	0.0	0.0	0.0	0.0	0.0	0.0	0.0	0.0	0.0	0.0	0.0	0.0	0.0	0.0	0.0	0.0	0.0	0.0	0.0	0.0	0.0	0.0	0.0	0.0	0.0	0.0	0.0	0.0	0.0	0.0	0.0	0.0	0.0	0.0	0.0	0.0	0.0	0.0	0.0	0.0	0.0	0.0	0.0	0.0	0.0	0.0	0.0	0.0	0.0	0.0	0.0	0.0	0.0	0.0	0.0	0.0	0.0	0.0	0.0	0.0	0.0	0.0	0.0	0.0	0.0	0.0	0.0	0.0	0.0	0.0	0.0	0.0	0.0
SRR9612847	0.0	256.0	3.0	0.0	55.0	0.0	4.0	0.0	2940.0	186.0	0.0	5.0	219.0	381.0	0.0	1675.0	0.0	7.0	6.0	3827.0	16.0	0.0	0.0	0.0	114.0	0.0	0.0	199.0	108.0	39.0	0.0	59.0	7.0	12.0	0.0	0.0	0.0	43.0	32.0	5.0	319.0	62.0	8.0	0.0	0.0	0.0	0.0	0.0	0.0	0.0	0.0	2.0	0.0	0.0	0.0	0.0	3.0	21.0	0.0	6.0	56.0	111.0	0.0	0.0	0.0	0.0	84.0	0.0	39.0	2.0	190.0	5.0	4.0	19.0	66.0	0.0	0.0	2.0	56.0	0.0	55.0	0.0	31.0	0.0	0.0	0.0	429.0	0.0	7.0	0.0	0.0	0.0	2.0	43.0	0.0	4.0	0.0	6.0	17.0	0.0	0.0	605.0	145.0	10.0	0.0	0.0	0.0	0.0	0.0	0.0	0.0	0.0	0.0	9.0	7.0	6.0	0.0	0.0	11.0	0.0	0.0	0.0	0.0	0.0	0.0	0.0	0.0	0.0	0.0	158.0	0.0	19.0	195.0	0.0	0.0	4.0	7.0	0.0	32.0	0.0	2.0	0.0	0.0	6.0	0.0	0.0	8.0	4.0	0.0	0.0	154.0	2.0	0.0	0.0	0.0	88.0	0.0	0.0	0.0	0.0	0.0	0.0	701.0	0.0	0.0	0.0	0.0	0.0	0.0	0.0	0.0	0.0	0.0	6.0	0.0	0.0	0.0	0.0	0.0	21.0	0.0	0.0	0.0	131.0	0.0	0.0	38.0	0.0	0.0	0.0	0.0	0.0	0.0	0.0	12.0	0.0	1089.0	0.0	0.0	0.0	0.0	0.0	17.0	0.0	0.0	0.0	0.0	0.0	0.0	0.0	0.0	0.0	2.0	0.0	0.0	0.0	0.0	0.0	17.0	0.0	0.0	0.0	0.0	0.0	0.0	0.0	0.0	0.0	0.0	0.0	0.0	0.0	0.0	0.0	0.0	0.0	0.0	0.0	0.0	0.0	0.0	0.0	0.0	0.0	0.0	0.0	0.0	0.0	0.0	0.0	0.0	0.0	0.0	0.0	0.0	0.0	0.0	0.0	0.0	0.0	0.0	0.0	0.0	0.0	0.0	0.0	0.0	0.0	0.0	0.0	0.0	0.0	0.0	0.0	0.0	0.0	0.0	0.0	0.0	0.0	0.0	0.0	0.0	0.0	0.0	0.0	0.0	0.0	0.0	0.0	0.0	0.0	0.0	0.0	0.0	0.0	0.0	0.0	0.0	0.0	0.0	0.0	0.0	0.0	0.0	0.0	0.0	0.0	0.0	0.0	0.0	0.0	0.0	0.0	0.0	0.0	0.0	0.0	0.0	0.0	0.0	0.0	0.0	0.0	0.0	0.0
SRR9612849	0.0	232.0	1227.0	0.0	54.0	2488.0	138.0	19.0	4628.0	130.0	0.0	14.0	199.0	159.0	0.0	970.0	31.0	33.0	36.0	1779.0	130.0	0.0	46.0	210.0	2649.0	0.0	0.0	165.0	57.0	39.0	104.0	130.0	0.0	7.0	31.0	0.0	9.0	370.0	15.0	22.0	84.0	234.0	22.0	9.0	13.0	9.0	11.0	15.0	0.0	0.0	39.0	0.0	0.0	26.0	0.0	0.0	244.0	86.0	33.0	164.0	42.0	110.0	436.0	0.0	15.0	14.0	95.0	24.0	115.0	9.0	165.0	736.0	54.0	17.0	144.0	11.0	94.0	13.0	33.0	8.0	23.0	77.0	694.0	37.0	35.0	11.0	284.0	6.0	0.0	114.0	67.0	0.0	0.0	120.0	22.0	30.0	0.0	19.0	183.0	3.0	0.0	108.0	53.0	0.0	0.0	203.0	0.0	0.0	0.0	0.0	79.0	0.0	0.0	57.0	0.0	0.0	0.0	4.0	186.0	16.0	13.0	0.0	21.0	0.0	200.0	631.0	0.0	122.0	196.0	19.0	0.0	45.0	26.0	18.0	0.0	0.0	0.0	0.0	0.0	0.0	102.0	14.0	0.0	3.0	0.0	15.0	264.0	21.0	76.0	0.0	49.0	70.0	0.0	17.0	0.0	65.0	257.0	97.0	30.0	0.0	129.0	0.0	0.0	8.0	21.0	0.0	0.0	0.0	5.0	32.0	13.0	0.0	0.0	99.0	0.0	0.0	0.0	0.0	0.0	14.0	9.0	0.0	0.0	9.0	0.0	11.0	201.0	0.0	29.0	0.0	10.0	0.0	0.0	0.0	0.0	0.0	423.0	0.0	0.0	0.0	40.0	2.0	12.0	0.0	26.0	56.0	0.0	0.0	0.0	0.0	20.0	0.0	51.0	0.0	13.0	0.0	84.0	0.0	36.0	0.0	0.0	0.0	0.0	0.0	0.0	3.0	0.0	0.0	41.0	18.0	0.0	0.0	12.0	0.0	0.0	0.0	0.0	0.0	0.0	6.0	0.0	0.0	0.0	0.0	0.0	0.0	0.0	0.0	0.0	0.0	0.0	0.0	0.0	0.0	0.0	0.0	45.0	0.0	14.0	0.0	0.0	0.0	4.0	0.0	2.0	2.0	0.0	0.0	0.0	0.0	0.0	0.0	0.0	0.0	0.0	0.0	0.0	0.0	0.0	0.0	0.0	0.0	0.0	0.0	0.0	0.0	0.0	0.0	0.0	0.0	0.0	0.0	0.0	0.0	23.0	0.0	0.0	0.0	0.0	7.0	0.0	0.0	0.0	0.0	0.0	0.0	0.0	0.0	0.0	0.0	0.0	0.0	0.0	0.0	0.0	0.0	0.0	0.0	0.0	0.0	0.0	0.0	0.0	0.0	0.0	0.0
SRR9612850	0.0	150.0	700.0	0.0	23.0	2741.0	98.0	0.0	4464.0	239.0	0.0	27.0	295.0	137.0	0.0	749.0	20.0	12.0	47.0	1013.0	140.0	0.0	15.0	184.0	1699.0	0.0	6.0	19.0	52.0	19.0	0.0	89.0	0.0	0.0	0.0	0.0	0.0	108.0	6.0	27.0	129.0	335.0	10.0	20.0	4.0	0.0	0.0	0.0	21.0	0.0	24.0	0.0	0.0	0.0	15.0	3.0	120.0	74.0	11.0	228.0	28.0	206.0	201.0	0.0	0.0	0.0	40.0	64.0	178.0	0.0	313.0	691.0	21.0	4.0	71.0	11.0	64.0	0.0	0.0	13.0	21.0	45.0	627.0	7.0	18.0	12.0	153.0	0.0	0.0	72.0	23.0	0.0	0.0	139.0	21.0	0.0	0.0	22.0	140.0	0.0	4.0	126.0	70.0	2.0	2.0	196.0	0.0	0.0	0.0	0.0	52.0	0.0	2.0	29.0	0.0	0.0	0.0	0.0	33.0	13.0	0.0	0.0	0.0	0.0	148.0	426.0	0.0	124.0	116.0	255.0	0.0	105.0	0.0	0.0	0.0	0.0	0.0	0.0	0.0	0.0	0.0	0.0	0.0	4.0	0.0	0.0	362.0	6.0	65.0	0.0	11.0	24.0	0.0	0.0	3.0	84.0	44.0	40.0	15.0	0.0	86.0	0.0	30.0	0.0	7.0	0.0	0.0	0.0	13.0	0.0	20.0	0.0	5.0	39.0	12.0	0.0	0.0	7.0	2.0	0.0	5.0	0.0	0.0	18.0	0.0	0.0	155.0	0.0	26.0	0.0	8.0	0.0	0.0	0.0	5.0	0.0	11.0	0.0	0.0	0.0	20.0	4.0	56.0	0.0	29.0	25.0	0.0	0.0	0.0	0.0	12.0	0.0	0.0	0.0	0.0	0.0	42.0	0.0	47.0	0.0	0.0	0.0	0.0	0.0	0.0	11.0	0.0	0.0	38.0	0.0	0.0	0.0	20.0	0.0	0.0	0.0	0.0	0.0	44.0	0.0	0.0	0.0	0.0	0.0	0.0	0.0	0.0	0.0	0.0	0.0	0.0	0.0	0.0	0.0	0.0	0.0	11.0	6.0	0.0	0.0	0.0	0.0	0.0	0.0	0.0	0.0	0.0	0.0	0.0	0.0	0.0	0.0	0.0	0.0	0.0	0.0	0.0	0.0	0.0	0.0	0.0	0.0	0.0	0.0	0.0	0.0	0.0	0.0	0.0	0.0	0.0	0.0	0.0	0.0	16.0	0.0	0.0	0.0	0.0	0.0	0.0	0.0	0.0	0.0	0.0	0.0	0.0	0.0	0.0	0.0	0.0	0.0	0.0	0.0	0.0	0.0	0.0	0.0	0.0	0.0	0.0	0.0	0.0	0.0	0.0	0.0
SRR9612851	0.0	334.0	1356.0	0.0	24.0	4308.0	172.0	18.0	2695.0	102.0	0.0	5.0	325.0	147.0	6.0	254.0	18.0	23.0	78.0	967.0	117.0	0.0	35.0	278.0	2735.0	0.0	0.0	0.0	0.0	23.0	0.0	215.0	0.0	0.0	0.0	0.0	13.0	102.0	40.0	0.0	78.0	246.0	22.0	35.0	6.0	6.0	0.0	0.0	0.0	0.0	13.0	3.0	0.0	0.0	0.0	0.0	88.0	57.0	0.0	164.0	2.0	58.0	269.0	0.0	0.0	0.0	6.0	36.0	152.0	10.0	120.0	773.0	55.0	0.0	88.0	0.0	50.0	0.0	4.0	20.0	16.0	120.0	462.0	0.0	9.0	0.0	141.0	0.0	0.0	150.0	16.0	0.0	0.0	107.0	10.0	7.0	0.0	6.0	165.0	0.0	0.0	74.0	29.0	0.0	0.0	288.0	4.0	0.0	0.0	0.0	48.0	0.0	2.0	21.0	0.0	0.0	0.0	0.0	8.0	0.0	7.0	0.0	0.0	0.0	173.0	387.0	0.0	140.0	191.0	31.0	0.0	22.0	0.0	0.0	0.0	0.0	0.0	0.0	0.0	3.0	13.0	0.0	0.0	0.0	0.0	0.0	435.0	0.0	60.0	0.0	92.0	0.0	0.0	0.0	0.0	37.0	60.0	77.0	15.0	0.0	126.0	0.0	0.0	10.0	12.0	0.0	0.0	0.0	0.0	21.0	12.0	0.0	0.0	254.0	0.0	31.0	0.0	0.0	0.0	0.0	0.0	0.0	0.0	5.0	0.0	0.0	168.0	0.0	62.0	0.0	19.0	0.0	0.0	0.0	0.0	0.0	0.0	0.0	0.0	0.0	0.0	0.0	0.0	0.0	0.0	21.0	15.0	0.0	0.0	0.0	13.0	0.0	0.0	0.0	0.0	6.0	36.0	0.0	49.0	0.0	0.0	0.0	0.0	0.0	0.0	0.0	0.0	0.0	40.0	0.0	0.0	0.0	18.0	8.0	0.0	0.0	0.0	0.0	0.0	0.0	0.0	0.0	0.0	0.0	0.0	0.0	0.0	0.0	0.0	0.0	0.0	0.0	0.0	0.0	2.0	0.0	31.0	0.0	0.0	0.0	0.0	0.0	0.0	0.0	0.0	0.0	0.0	0.0	0.0	0.0	0.0	0.0	0.0	0.0	0.0	0.0	0.0	0.0	0.0	0.0	0.0	0.0	0.0	0.0	0.0	0.0	2.0	0.0	0.0	0.0	0.0	0.0	0.0	0.0	25.0	0.0	0.0	0.0	0.0	0.0	0.0	0.0	0.0	0.0	0.0	0.0	0.0	0.0	0.0	0.0	0.0	0.0	0.0	0.0	0.0	0.0	0.0	0.0	0.0	0.0	0.0	0.0	0.0	0.0	0.0	0.0
SRR9612852	0.0	650.0	2333.0	11.0	0.0	4614.0	166.0	19.0	1670.0	333.0	0.0	13.0	416.0	279.0	5.0	460.0	64.0	51.0	85.0	205.0	150.0	0.0	117.0	330.0	2751.0	0.0	18.0	0.0	0.0	29.0	23.0	0.0	0.0	0.0	0.0	0.0	0.0	130.0	3.0	0.0	149.0	203.0	0.0	16.0	27.0	0.0	0.0	0.0	8.0	0.0	24.0	0.0	0.0	5.0	0.0	3.0	138.0	65.0	37.0	372.0	37.0	234.0	308.0	0.0	0.0	0.0	19.0	64.0	40.0	0.0	189.0	508.0	131.0	40.0	78.0	34.0	207.0	0.0	8.0	21.0	0.0	93.0	72.0	0.0	15.0	19.0	180.0	6.0	0.0	301.0	5.0	0.0	0.0	186.0	30.0	7.0	0.0	11.0	143.0	0.0	0.0	253.0	40.0	0.0	0.0	171.0	0.0	0.0	0.0	0.0	86.0	0.0	0.0	40.0	57.0	0.0	0.0	0.0	202.0	10.0	19.0	0.0	0.0	0.0	104.0	889.0	11.0	295.0	260.0	27.0	0.0	91.0	0.0	7.0	0.0	7.0	0.0	0.0	0.0	0.0	14.0	13.0	0.0	0.0	0.0	15.0	738.0	6.0	211.0	0.0	219.0	98.0	0.0	0.0	6.0	122.0	8.0	117.0	10.0	0.0	351.0	0.0	32.0	13.0	0.0	0.0	0.0	0.0	21.0	110.0	21.0	0.0	0.0	118.0	0.0	0.0	0.0	0.0	0.0	0.0	12.0	0.0	0.0	0.0	0.0	0.0	321.0	0.0	51.0	0.0	0.0	0.0	0.0	0.0	0.0	0.0	0.0	0.0	0.0	0.0	2.0	0.0	39.0	0.0	24.0	36.0	17.0	3.0	0.0	0.0	15.0	29.0	0.0	0.0	9.0	0.0	66.0	13.0	70.0	0.0	0.0	0.0	0.0	0.0	0.0	6.0	0.0	0.0	24.0	0.0	0.0	0.0	34.0	7.0	0.0	0.0	0.0	0.0	0.0	0.0	0.0	0.0	0.0	0.0	0.0	0.0	0.0	0.0	0.0	0.0	0.0	0.0	0.0	0.0	0.0	0.0	24.0	0.0	0.0	0.0	0.0	0.0	0.0	0.0	0.0	0.0	0.0	0.0	0.0	0.0	0.0	0.0	0.0	0.0	0.0	0.0	0.0	0.0	0.0	0.0	0.0	0.0	0.0	0.0	0.0	0.0	0.0	0.0	0.0	0.0	0.0	0.0	0.0	0.0	44.0	0.0	0.0	0.0	0.0	0.0	0.0	0.0	4.0	0.0	0.0	0.0	0.0	0.0	0.0	0.0	0.0	0.0	0.0	0.0	0.0	0.0	0.0	0.0	0.0	0.0	7.0	0.0	0.0	0.0	0.0	0.0
SRR9612853	2.0	297.0	1867.0	0.0	13.0	3211.0	155.0	0.0	3102.0	101.0	0.0	8.0	343.0	120.0	10.0	302.0	43.0	26.0	59.0	1235.0	189.0	0.0	41.0	421.0	4221.0	0.0	0.0	23.0	16.0	25.0	22.0	126.0	0.0	13.0	18.0	0.0	9.0	257.0	10.0	19.0	88.0	126.0	18.0	151.0	5.0	17.0	2.0	2.0	6.0	17.0	26.0	13.0	0.0	0.0	0.0	11.0	248.0	63.0	11.0	143.0	1.0	104.0	484.0	8.0	0.0	0.0	8.0	13.0	223.0	10.0	105.0	1465.0	28.0	0.0	204.0	25.0	55.0	0.0	5.0	20.0	14.0	119.0	941.0	24.0	47.0	6.0	187.0	0.0	0.0	127.0	43.0	0.0	0.0	65.0	40.0	9.0	0.0	27.0	207.0	0.0	9.0	55.0	39.0	0.0	0.0	411.0	0.0	0.0	0.0	0.0	101.0	0.0	10.0	34.0	0.0	8.0	4.0	0.0	124.0	36.0	18.0	0.0	18.0	0.0	221.0	697.0	0.0	250.0	230.0	13.0	0.0	31.0	0.0	8.0	4.0	5.0	0.0	0.0	0.0	0.0	0.0	0.0	0.0	0.0	5.0	2.0	589.0	0.0	30.0	0.0	68.0	96.0	0.0	0.0	0.0	26.0	99.0	116.0	15.0	0.0	172.0	0.0	27.0	0.0	5.0	0.0	0.0	0.0	0.0	20.0	13.0	0.0	0.0	130.0	47.0	23.0	0.0	7.0	0.0	0.0	18.0	0.0	0.0	28.0	0.0	0.0	210.0	0.0	44.0	0.0	13.0	0.0	0.0	0.0	5.0	0.0	0.0	0.0	0.0	0.0	24.0	4.0	0.0	0.0	0.0	27.0	11.0	0.0	0.0	0.0	25.0	0.0	0.0	0.0	0.0	12.0	59.0	0.0	50.0	0.0	0.0	0.0	0.0	0.0	0.0	6.0	0.0	0.0	48.0	0.0	0.0	0.0	25.0	0.0	0.0	0.0	0.0	0.0	0.0	0.0	0.0	0.0	0.0	0.0	0.0	0.0	0.0	0.0	0.0	0.0	0.0	0.0	0.0	0.0	19.0	4.0	19.0	3.0	0.0	0.0	0.0	0.0	0.0	0.0	0.0	0.0	0.0	0.0	0.0	0.0	0.0	0.0	0.0	0.0	0.0	2.0	0.0	0.0	0.0	0.0	4.0	0.0	0.0	0.0	0.0	0.0	0.0	0.0	0.0	0.0	0.0	0.0	0.0	0.0	50.0	0.0	0.0	0.0	0.0	0.0	0.0	0.0	0.0	0.0	0.0	0.0	0.0	0.0	0.0	0.0	0.0	0.0	0.0	0.0	0.0	0.0	0.0	0.0	0.0	0.0	0.0	0.0	0.0	0.0	0.0	0.0
SRR9612854	4.0	782.0	1691.0	0.0	0.0	7074.0	55.0	9.0	1557.0	172.0	0.0	0.0	667.0	251.0	0.0	347.0	39.0	66.0	68.0	340.0	255.0	0.0	80.0	300.0	2297.0	3.0	0.0	0.0	6.0	57.0	12.0	13.0	5.0	0.0	0.0	0.0	6.0	204.0	0.0	3.0	206.0	111.0	0.0	83.0	20.0	0.0	4.0	4.0	0.0	20.0	16.0	5.0	0.0	0.0	0.0	6.0	105.0	43.0	6.0	243.0	7.0	117.0	270.0	0.0	0.0	0.0	8.0	39.0	63.0	0.0	210.0	624.0	78.0	6.0	104.0	42.0	194.0	0.0	8.0	15.0	0.0	208.0	107.0	3.0	21.0	29.0	86.0	5.0	0.0	284.0	0.0	0.0	0.0	88.0	15.0	6.0	0.0	9.0	184.0	0.0	3.0	194.0	53.0	0.0	0.0	219.0	0.0	0.0	0.0	0.0	118.0	0.0	13.0	30.0	7.0	0.0	0.0	0.0	24.0	0.0	16.0	0.0	0.0	0.0	92.0	701.0	33.0	361.0	203.0	16.0	0.0	33.0	0.0	0.0	0.0	0.0	0.0	0.0	0.0	0.0	14.0	0.0	0.0	0.0	4.0	2.0	1182.0	10.0	289.0	0.0	173.0	82.0	0.0	0.0	2.0	37.0	6.0	67.0	33.0	0.0	371.0	0.0	43.0	7.0	0.0	0.0	0.0	3.0	19.0	56.0	52.0	0.0	0.0	149.0	0.0	0.0	0.0	0.0	0.0	0.0	25.0	0.0	0.0	0.0	0.0	0.0	370.0	0.0	63.0	0.0	13.0	0.0	0.0	0.0	4.0	0.0	0.0	0.0	0.0	0.0	2.0	0.0	0.0	0.0	0.0	7.0	32.0	0.0	0.0	0.0	9.0	0.0	0.0	0.0	0.0	0.0	53.0	9.0	54.0	0.0	0.0	0.0	0.0	0.0	0.0	3.0	0.0	0.0	8.0	0.0	0.0	0.0	51.0	10.0	0.0	0.0	0.0	0.0	0.0	0.0	0.0	0.0	0.0	0.0	0.0	0.0	0.0	0.0	0.0	0.0	0.0	0.0	0.0	0.0	0.0	0.0	15.0	0.0	0.0	0.0	0.0	0.0	0.0	0.0	0.0	0.0	0.0	0.0	0.0	0.0	0.0	0.0	0.0	0.0	0.0	0.0	0.0	0.0	0.0	0.0	0.0	0.0	0.0	0.0	0.0	0.0	0.0	0.0	0.0	0.0	0.0	0.0	0.0	0.0	60.0	0.0	0.0	0.0	0.0	0.0	0.0	0.0	0.0	0.0	0.0	0.0	0.0	0.0	0.0	0.0	0.0	0.0	0.0	0.0	0.0	0.0	0.0	0.0	0.0	0.0	0.0	0.0	0.0	0.0	0.0	0.0
SRR9612856	0.0	74.0	9.0	0.0	0.0	11.0	0.0	0.0	5174.0	214.0	0.0	12.0	791.0	225.0	0.0	750.0	0.0	8.0	13.0	350.0	53.0	0.0	5.0	10.0	49.0	0.0	0.0	57.0	0.0	0.0	0.0	0.0	0.0	0.0	0.0	3.0	9.0	7.0	5.0	10.0	26.0	27.0	0.0	0.0	2.0	0.0	0.0	0.0	5.0	0.0	0.0	0.0	0.0	0.0	0.0	0.0	2.0	17.0	0.0	7.0	0.0	312.0	0.0	0.0	0.0	0.0	0.0	0.0	76.0	0.0	74.0	17.0	0.0	5.0	8.0	0.0	5.0	0.0	0.0	3.0	144.0	5.0	12.0	0.0	0.0	0.0	208.0	0.0	0.0	0.0	0.0	0.0	0.0	133.0	0.0	0.0	0.0	4.0	25.0	0.0	0.0	93.0	0.0	0.0	0.0	3.0	0.0	0.0	0.0	0.0	0.0	0.0	0.0	6.0	0.0	0.0	0.0	0.0	9.0	0.0	0.0	0.0	0.0	0.0	0.0	7.0	0.0	0.0	0.0	1009.0	0.0	61.0	0.0	0.0	0.0	0.0	0.0	0.0	0.0	0.0	0.0	0.0	0.0	0.0	0.0	0.0	0.0	5.0	10.0	0.0	0.0	0.0	0.0	0.0	0.0	47.0	0.0	4.0	0.0	0.0	3.0	0.0	30.0	0.0	0.0	0.0	0.0	0.0	0.0	0.0	0.0	0.0	0.0	5.0	0.0	31.0	0.0	0.0	0.0	0.0	0.0	0.0	0.0	0.0	0.0	0.0	9.0	0.0	0.0	0.0	0.0	0.0	0.0	0.0	0.0	0.0	0.0	2.0	0.0	0.0	0.0	0.0	7.0	0.0	0.0	0.0	0.0	0.0	0.0	3.0	0.0	0.0	0.0	0.0	0.0	0.0	0.0	0.0	5.0	0.0	0.0	0.0	0.0	0.0	0.0	0.0	0.0	0.0	0.0	0.0	0.0	0.0	0.0	0.0	0.0	0.0	0.0	0.0	0.0	0.0	0.0	0.0	0.0	0.0	0.0	0.0	0.0	0.0	0.0	0.0	0.0	0.0	0.0	0.0	0.0	0.0	0.0	0.0	0.0	0.0	0.0	0.0	0.0	0.0	0.0	0.0	0.0	0.0	0.0	0.0	0.0	0.0	0.0	0.0	0.0	0.0	0.0	0.0	0.0	0.0	0.0	0.0	0.0	0.0	0.0	0.0	0.0	0.0	0.0	0.0	0.0	0.0	0.0	0.0	0.0	0.0	0.0	0.0	0.0	0.0	0.0	0.0	0.0	0.0	0.0	0.0	0.0	0.0	0.0	0.0	0.0	0.0	0.0	0.0	0.0	0.0	0.0	0.0	0.0	0.0	0.0	0.0	0.0	0.0	0.0	0.0
SRR9612857	0.0	633.0	7.0	0.0	0.0	23.0	6.0	0.0	2324.0	295.0	0.0	8.0	1519.0	300.0	0.0	187.0	5.0	3.0	8.0	12.0	22.0	0.0	11.0	0.0	40.0	0.0	0.0	0.0	0.0	47.0	0.0	1.0	0.0	0.0	0.0	0.0	0.0	3.0	0.0	6.0	78.0	59.0	0.0	0.0	0.0	0.0	0.0	0.0	0.0	0.0	0.0	0.0	0.0	0.0	0.0	0.0	0.0	0.0	0.0	6.0	0.0	269.0	0.0	0.0	0.0	0.0	0.0	0.0	72.0	0.0	95.0	0.0	0.0	0.0	0.0	2.0	0.0	0.0	0.0	8.0	27.0	0.0	0.0	0.0	0.0	0.0	103.0	0.0	0.0	22.0	0.0	0.0	0.0	71.0	0.0	0.0	0.0	0.0	13.0	0.0	0.0	3469.0	10.0	0.0	0.0	2.0	0.0	0.0	0.0	0.0	5.0	0.0	0.0	0.0	0.0	0.0	0.0	0.0	0.0	7.0	0.0	0.0	0.0	0.0	0.0	0.0	0.0	20.0	7.0	363.0	0.0	68.0	0.0	0.0	0.0	19.0	0.0	0.0	98.0	0.0	0.0	0.0	0.0	0.0	0.0	0.0	18.0	0.0	176.0	0.0	309.0	0.0	0.0	0.0	0.0	60.0	0.0	3.0	0.0	0.0	11.0	0.0	26.0	0.0	0.0	0.0	0.0	0.0	0.0	16.0	0.0	0.0	0.0	8.0	0.0	0.0	0.0	0.0	0.0	0.0	0.0	0.0	0.0	0.0	0.0	0.0	10.0	0.0	14.0	0.0	0.0	0.0	0.0	0.0	0.0	0.0	0.0	0.0	0.0	0.0	0.0	0.0	0.0	0.0	5.0	3.0	0.0	0.0	0.0	0.0	0.0	0.0	0.0	0.0	0.0	0.0	0.0	0.0	14.0	23.0	0.0	0.0	0.0	0.0	0.0	0.0	0.0	2.0	0.0	0.0	0.0	0.0	0.0	0.0	0.0	0.0	0.0	0.0	0.0	0.0	0.0	0.0	0.0	0.0	0.0	0.0	0.0	0.0	0.0	0.0	0.0	0.0	0.0	0.0	0.0	0.0	0.0	0.0	0.0	0.0	0.0	0.0	0.0	0.0	0.0	0.0	0.0	0.0	0.0	0.0	0.0	0.0	0.0	0.0	0.0	0.0	0.0	0.0	0.0	0.0	0.0	0.0	0.0	0.0	0.0	0.0	0.0	0.0	0.0	0.0	0.0	0.0	0.0	0.0	0.0	0.0	0.0	0.0	0.0	0.0	0.0	0.0	0.0	0.0	0.0	0.0	0.0	0.0	0.0	0.0	0.0	0.0	0.0	0.0	0.0	0.0	0.0	0.0	0.0	0.0	0.0	0.0	0.0	0.0	0.0	0.0
SRR9612858	0.0	63.0	26.0	0.0	16.0	67.0	5.0	0.0	5446.0	113.0	0.0	0.0	1399.0	101.0	0.0	439.0	9.0	0.0	6.0	287.0	0.0	0.0	4.0	31.0	130.0	0.0	0.0	40.0	14.0	0.0	0.0	16.0	0.0	31.0	0.0	10.0	11.0	3.0	89.0	0.0	12.0	13.0	10.0	4.0	0.0	0.0	0.0	0.0	0.0	0.0	0.0	0.0	0.0	0.0	0.0	2.0	0.0	3.0	0.0	0.0	7.0	278.0	8.0	0.0	0.0	0.0	0.0	0.0	84.0	0.0	73.0	0.0	0.0	3.0	0.0	0.0	7.0	0.0	4.0	5.0	32.0	12.0	22.0	0.0	0.0	0.0	126.0	0.0	0.0	0.0	0.0	0.0	0.0	18.0	0.0	0.0	0.0	0.0	23.0	0.0	0.0	99.0	0.0	0.0	0.0	0.0	0.0	0.0	0.0	0.0	0.0	0.0	0.0	0.0	0.0	0.0	0.0	0.0	0.0	9.0	3.0	0.0	0.0	0.0	0.0	23.0	0.0	12.0	0.0	584.0	0.0	11.0	0.0	0.0	0.0	11.0	0.0	0.0	51.0	0.0	0.0	0.0	0.0	8.0	0.0	0.0	8.0	0.0	25.0	0.0	0.0	0.0	0.0	0.0	0.0	30.0	0.0	0.0	0.0	0.0	11.0	0.0	59.0	0.0	0.0	0.0	0.0	0.0	0.0	0.0	0.0	0.0	0.0	8.0	0.0	16.0	0.0	0.0	0.0	0.0	0.0	0.0	0.0	0.0	0.0	0.0	0.0	0.0	8.0	0.0	0.0	0.0	0.0	0.0	0.0	0.0	0.0	0.0	0.0	0.0	0.0	0.0	0.0	0.0	7.0	0.0	0.0	0.0	0.0	0.0	0.0	0.0	0.0	0.0	0.0	0.0	0.0	0.0	7.0	0.0	0.0	0.0	0.0	0.0	0.0	0.0	0.0	0.0	0.0	0.0	0.0	0.0	0.0	0.0	0.0	0.0	0.0	0.0	0.0	0.0	0.0	0.0	0.0	0.0	0.0	0.0	0.0	0.0	0.0	0.0	0.0	0.0	0.0	0.0	0.0	0.0	0.0	0.0	0.0	0.0	0.0	0.0	0.0	0.0	0.0	0.0	0.0	0.0	0.0	0.0	0.0	0.0	0.0	0.0	0.0	0.0	0.0	0.0	0.0	0.0	0.0	0.0	0.0	0.0	0.0	0.0	0.0	0.0	0.0	0.0	0.0	0.0	0.0	0.0	0.0	0.0	0.0	0.0	0.0	0.0	0.0	0.0	0.0	0.0	0.0	0.0	0.0	0.0	0.0	0.0	0.0	0.0	0.0	0.0	0.0	0.0	0.0	0.0	0.0	0.0	0.0	0.0	0.0	0.0	0.0	0.0
SRR9612859	0.0	491.0	793.0	4.0	6.0	2683.0	36.0	0.0	1617.0	186.0	0.0	7.0	355.0	261.0	6.0	190.0	47.0	6.0	36.0	115.0	130.0	0.0	22.0	143.0	1361.0	0.0	0.0	0.0	0.0	59.0	0.0	32.0	0.0	4.0	0.0	0.0	0.0	126.0	0.0	3.0	214.0	162.0	0.0	0.0	11.0	0.0	0.0	0.0	0.0	0.0	5.0	0.0	0.0	0.0	0.0	0.0	69.0	8.0	0.0	115.0	22.0	87.0	100.0	0.0	0.0	0.0	0.0	23.0	85.0	0.0	160.0	448.0	47.0	7.0	65.0	18.0	122.0	0.0	5.0	0.0	0.0	96.0	43.0	0.0	11.0	12.0	81.0	0.0	0.0	254.0	7.0	0.0	0.0	47.0	14.0	0.0	0.0	3.0	146.0	0.0	0.0	647.0	0.0	0.0	0.0	194.0	0.0	0.0	0.0	0.0	52.0	0.0	6.0	0.0	6.0	0.0	0.0	0.0	7.0	6.0	18.0	0.0	0.0	0.0	88.0	375.0	13.0	215.0	113.0	69.0	0.0	40.0	0.0	0.0	0.0	3.0	0.0	0.0	0.0	0.0	14.0	0.0	0.0	0.0	0.0	0.0	442.0	0.0	243.0	0.0	96.0	16.0	0.0	0.0	13.0	18.0	11.0	32.0	15.0	0.0	132.0	0.0	18.0	4.0	0.0	0.0	0.0	0.0	11.0	112.0	51.0	0.0	0.0	95.0	0.0	0.0	0.0	0.0	0.0	0.0	14.0	0.0	0.0	0.0	0.0	0.0	158.0	0.0	22.0	0.0	10.0	0.0	0.0	0.0	0.0	0.0	5.0	0.0	0.0	0.0	0.0	0.0	0.0	0.0	4.0	14.0	5.0	0.0	0.0	0.0	0.0	0.0	0.0	0.0	0.0	0.0	16.0	0.0	24.0	0.0	0.0	0.0	0.0	0.0	0.0	0.0	0.0	0.0	16.0	0.0	0.0	0.0	0.0	0.0	0.0	0.0	0.0	0.0	0.0	0.0	0.0	0.0	0.0	0.0	7.0	0.0	0.0	0.0	0.0	0.0	0.0	0.0	0.0	0.0	0.0	0.0	0.0	0.0	0.0	0.0	0.0	0.0	0.0	0.0	0.0	0.0	0.0	0.0	0.0	0.0	0.0	0.0	0.0	0.0	0.0	0.0	0.0	0.0	0.0	0.0	0.0	0.0	0.0	0.0	0.0	0.0	0.0	0.0	0.0	0.0	0.0	0.0	0.0	0.0	48.0	0.0	0.0	0.0	0.0	0.0	0.0	0.0	0.0	0.0	0.0	0.0	0.0	0.0	0.0	0.0	0.0	0.0	0.0	0.0	0.0	0.0	0.0	0.0	0.0	0.0	0.0	0.0	0.0	0.0	0.0	0.0
SRR9612860	0.0	297.0	1262.0	9.0	83.0	2263.0	111.0	33.0	3826.0	149.0	0.0	21.0	224.0	186.0	17.0	459.0	12.0	29.0	78.0	613.0	176.0	0.0	64.0	383.0	3038.0	0.0	0.0	48.0	25.0	26.0	46.0	104.0	0.0	10.0	0.0	0.0	16.0	57.0	28.0	26.0	64.0	447.0	0.0	7.0	34.0	0.0	0.0	0.0	11.0	0.0	24.0	0.0	0.0	0.0	0.0	0.0	205.0	112.0	35.0	192.0	164.0	260.0	392.0	0.0	0.0	0.0	0.0	28.0	229.0	0.0	248.0	581.0	63.0	44.0	66.0	29.0	77.0	6.0	5.0	93.0	45.0	63.0	424.0	9.0	23.0	11.0	190.0	5.0	0.0	68.0	12.0	0.0	0.0	193.0	26.0	35.0	0.0	34.0	150.0	0.0	0.0	65.0	110.0	0.0	0.0	88.0	0.0	0.0	0.0	0.0	59.0	0.0	0.0	103.0	24.0	0.0	0.0	7.0	222.0	15.0	6.0	0.0	30.0	0.0	73.0	870.0	0.0	171.0	371.0	94.0	0.0	117.0	0.0	8.0	0.0	0.0	0.0	0.0	0.0	0.0	0.0	0.0	0.0	2.0	4.0	0.0	348.0	37.0	57.0	0.0	76.0	119.0	0.0	0.0	0.0	141.0	33.0	147.0	28.0	0.0	105.0	0.0	26.0	14.0	3.0	0.0	0.0	0.0	0.0	39.0	13.0	0.0	0.0	79.0	0.0	7.0	0.0	23.0	0.0	17.0	9.0	4.0	0.0	42.0	0.0	0.0	134.0	0.0	8.0	0.0	7.0	0.0	0.0	0.0	0.0	0.0	22.0	0.0	0.0	0.0	4.0	3.0	37.0	0.0	23.0	23.0	8.0	0.0	0.0	0.0	8.0	9.0	8.0	0.0	12.0	0.0	53.0	0.0	86.0	0.0	0.0	0.0	0.0	0.0	0.0	10.0	0.0	0.0	67.0	10.0	0.0	0.0	0.0	6.0	0.0	0.0	0.0	0.0	0.0	0.0	0.0	0.0	0.0	0.0	0.0	0.0	0.0	0.0	0.0	0.0	0.0	0.0	0.0	0.0	0.0	0.0	29.0	0.0	0.0	0.0	0.0	0.0	0.0	0.0	0.0	0.0	0.0	0.0	0.0	0.0	0.0	0.0	0.0	0.0	0.0	0.0	0.0	0.0	0.0	0.0	0.0	0.0	0.0	0.0	0.0	0.0	0.0	0.0	0.0	0.0	0.0	0.0	0.0	0.0	19.0	0.0	0.0	0.0	0.0	0.0	0.0	0.0	0.0	0.0	0.0	0.0	0.0	0.0	0.0	0.0	0.0	0.0	0.0	0.0	0.0	0.0	0.0	0.0	0.0	0.0	0.0	0.0	0.0	0.0	0.0	0.0
SRR9612861	0.0	276.0	1935.0	0.0	30.0	3729.0	145.0	0.0	2285.0	122.0	25.0	14.0	334.0	107.0	4.0	297.0	33.0	31.0	162.0	931.0	311.0	0.0	82.0	301.0	4476.0	0.0	0.0	4.0	8.0	22.0	13.0	186.0	0.0	0.0	0.0	0.0	0.0	103.0	14.0	26.0	79.0	392.0	22.0	247.0	6.0	3.0	0.0	0.0	11.0	0.0	15.0	4.0	0.0	0.0	0.0	7.0	183.0	44.0	0.0	172.0	36.0	96.0	483.0	0.0	0.0	0.0	7.0	29.0	131.0	0.0	193.0	976.0	84.0	14.0	94.0	27.0	89.0	0.0	0.0	82.0	0.0	109.0	543.0	0.0	30.0	6.0	165.0	0.0	0.0	140.0	7.0	0.0	0.0	125.0	35.0	12.0	0.0	0.0	185.0	0.0	0.0	42.0	32.0	0.0	0.0	215.0	0.0	0.0	0.0	0.0	65.0	0.0	0.0	51.0	0.0	3.0	0.0	0.0	112.0	3.0	20.0	3.0	0.0	0.0	88.0	854.0	5.0	237.0	283.0	27.0	0.0	6.0	0.0	0.0	3.0	0.0	0.0	0.0	0.0	0.0	10.0	5.0	4.0	0.0	0.0	0.0	464.0	15.0	76.0	0.0	43.0	60.0	0.0	0.0	6.0	29.0	37.0	154.0	25.0	0.0	155.0	0.0	21.0	11.0	0.0	0.0	0.0	4.0	12.0	75.0	17.0	0.0	4.0	193.0	22.0	30.0	0.0	9.0	0.0	0.0	15.0	0.0	0.0	18.0	0.0	0.0	142.0	0.0	40.0	0.0	13.0	0.0	0.0	0.0	0.0	0.0	0.0	0.0	0.0	4.0	0.0	0.0	12.0	0.0	0.0	25.0	7.0	0.0	0.0	0.0	42.0	0.0	0.0	0.0	0.0	0.0	99.0	0.0	76.0	0.0	0.0	0.0	0.0	0.0	0.0	28.0	0.0	4.0	60.0	0.0	0.0	0.0	20.0	16.0	0.0	0.0	0.0	0.0	0.0	0.0	0.0	0.0	0.0	0.0	0.0	0.0	0.0	0.0	0.0	0.0	0.0	0.0	0.0	0.0	0.0	0.0	16.0	0.0	0.0	0.0	0.0	0.0	0.0	0.0	0.0	0.0	0.0	0.0	0.0	0.0	0.0	0.0	0.0	0.0	0.0	0.0	0.0	0.0	0.0	0.0	0.0	0.0	0.0	0.0	0.0	0.0	0.0	0.0	0.0	0.0	0.0	0.0	0.0	0.0	49.0	0.0	0.0	0.0	0.0	0.0	0.0	0.0	0.0	0.0	0.0	0.0	0.0	0.0	0.0	0.0	0.0	0.0	0.0	0.0	0.0	0.0	0.0	0.0	0.0	0.0	0.0	0.0	0.0	0.0	0.0	0.0
SRR9612862	0.0	650.0	1327.0	0.0	0.0	4893.0	136.0	13.0	1281.0	157.0	0.0	2.0	417.0	161.0	0.0	197.0	10.0	18.0	28.0	215.0	90.0	0.0	32.0	238.0	2782.0	0.0	0.0	0.0	0.0	33.0	3.0	23.0	0.0	4.0	11.0	0.0	0.0	167.0	6.0	11.0	91.0	70.0	7.0	0.0	22.0	0.0	0.0	0.0	0.0	26.0	13.0	0.0	0.0	0.0	0.0	5.0	151.0	11.0	36.0	95.0	0.0	46.0	365.0	0.0	0.0	0.0	8.0	14.0	48.0	0.0	172.0	545.0	70.0	13.0	79.0	19.0	193.0	0.0	7.0	4.0	0.0	121.0	180.0	0.0	16.0	13.0	148.0	0.0	0.0	166.0	13.0	0.0	0.0	64.0	13.0	20.0	0.0	0.0	126.0	0.0	0.0	88.0	63.0	0.0	0.0	248.0	0.0	0.0	0.0	0.0	70.0	0.0	0.0	21.0	16.0	0.0	0.0	0.0	20.0	10.0	5.0	0.0	0.0	0.0	132.0	755.0	9.0	325.0	159.0	23.0	0.0	38.0	0.0	4.0	0.0	3.0	0.0	0.0	0.0	0.0	0.0	0.0	0.0	0.0	9.0	14.0	712.0	0.0	154.0	0.0	302.0	47.0	0.0	0.0	4.0	36.0	17.0	79.0	5.0	0.0	193.0	0.0	19.0	10.0	0.0	0.0	0.0	0.0	16.0	31.0	52.0	0.0	0.0	74.0	0.0	0.0	0.0	2.0	0.0	0.0	21.0	0.0	0.0	3.0	0.0	0.0	188.0	0.0	41.0	0.0	11.0	0.0	0.0	0.0	0.0	0.0	0.0	0.0	0.0	0.0	3.0	0.0	0.0	0.0	4.0	6.0	0.0	0.0	0.0	0.0	26.0	0.0	0.0	0.0	6.0	0.0	22.0	0.0	29.0	0.0	0.0	0.0	0.0	6.0	0.0	0.0	2.0	0.0	31.0	0.0	0.0	0.0	35.0	6.0	0.0	0.0	0.0	0.0	0.0	0.0	0.0	0.0	0.0	0.0	0.0	0.0	0.0	0.0	0.0	0.0	0.0	0.0	0.0	0.0	0.0	0.0	23.0	0.0	0.0	0.0	0.0	0.0	0.0	0.0	0.0	0.0	0.0	0.0	0.0	0.0	0.0	0.0	0.0	0.0	0.0	0.0	0.0	0.0	0.0	0.0	0.0	0.0	0.0	0.0	0.0	0.0	0.0	0.0	0.0	0.0	0.0	0.0	0.0	0.0	51.0	0.0	0.0	0.0	0.0	0.0	0.0	0.0	7.0	0.0	0.0	0.0	0.0	0.0	0.0	0.0	0.0	0.0	0.0	0.0	0.0	0.0	0.0	0.0	0.0	0.0	0.0	0.0	0.0	0.0	0.0	0.0
SRR9612863	0.0	88.0	0.0	0.0	0.0	12.0	0.0	0.0	8115.0	111.0	0.0	0.0	565.0	1077.0	0.0	656.0	0.0	0.0	0.0	18.0	23.0	0.0	0.0	7.0	44.0	0.0	0.0	6.0	0.0	0.0	0.0	0.0	2.0	0.0	0.0	0.0	123.0	2.0	88.0	2.0	10.0	34.0	0.0	7.0	0.0	0.0	0.0	0.0	0.0	0.0	0.0	0.0	0.0	0.0	0.0	0.0	0.0	21.0	0.0	0.0	0.0	1103.0	0.0	0.0	0.0	0.0	0.0	0.0	48.0	0.0	93.0	0.0	0.0	0.0	0.0	3.0	0.0	0.0	11.0	7.0	0.0	0.0	11.0	0.0	0.0	0.0	111.0	0.0	0.0	0.0	0.0	0.0	0.0	267.0	0.0	0.0	0.0	0.0	0.0	0.0	0.0	650.0	0.0	0.0	0.0	0.0	0.0	0.0	0.0	0.0	0.0	0.0	0.0	12.0	0.0	0.0	0.0	0.0	2.0	0.0	0.0	0.0	0.0	0.0	0.0	0.0	0.0	7.0	7.0	467.0	0.0	94.0	0.0	0.0	0.0	7.0	0.0	0.0	0.0	0.0	0.0	0.0	0.0	0.0	0.0	0.0	5.0	0.0	8.0	0.0	11.0	0.0	0.0	0.0	0.0	83.0	0.0	0.0	0.0	0.0	0.0	0.0	26.0	0.0	0.0	0.0	0.0	0.0	0.0	0.0	0.0	0.0	0.0	2.0	0.0	15.0	0.0	0.0	0.0	0.0	0.0	0.0	0.0	4.0	0.0	0.0	37.0	0.0	0.0	0.0	0.0	0.0	0.0	0.0	0.0	0.0	0.0	0.0	0.0	0.0	2.0	0.0	0.0	0.0	0.0	0.0	0.0	0.0	0.0	0.0	0.0	0.0	0.0	0.0	0.0	0.0	0.0	0.0	7.0	0.0	0.0	0.0	0.0	0.0	0.0	0.0	0.0	0.0	0.0	0.0	2.0	0.0	0.0	0.0	0.0	0.0	0.0	0.0	0.0	0.0	0.0	0.0	0.0	0.0	0.0	0.0	0.0	0.0	0.0	0.0	0.0	0.0	0.0	0.0	0.0	0.0	0.0	0.0	0.0	0.0	0.0	0.0	0.0	0.0	0.0	0.0	0.0	0.0	0.0	0.0	0.0	0.0	0.0	0.0	0.0	0.0	0.0	0.0	0.0	0.0	0.0	0.0	0.0	0.0	0.0	0.0	0.0	0.0	0.0	0.0	0.0	0.0	0.0	0.0	0.0	0.0	0.0	0.0	0.0	0.0	0.0	0.0	0.0	0.0	0.0	0.0	0.0	0.0	0.0	0.0	0.0	0.0	0.0	0.0	0.0	0.0	0.0	0.0	0.0	0.0	0.0	0.0	0.0	0.0	0.0	0.0
SRR9612868	0.0	29.0	44.0	0.0	0.0	24.0	9.0	0.0	6768.0	243.0	0.0	0.0	1402.0	171.0	0.0	432.0	0.0	0.0	0.0	0.0	34.0	0.0	9.0	9.0	78.0	0.0	0.0	7.0	0.0	0.0	0.0	0.0	0.0	0.0	0.0	0.0	0.0	6.0	184.0	0.0	11.0	45.0	0.0	0.0	0.0	0.0	0.0	0.0	0.0	0.0	0.0	0.0	0.0	0.0	0.0	0.0	0.0	5.0	0.0	0.0	14.0	293.0	0.0	0.0	0.0	0.0	2.0	0.0	114.0	0.0	33.0	2.0	0.0	4.0	0.0	0.0	0.0	0.0	5.0	6.0	3.0	2.0	17.0	0.0	0.0	0.0	94.0	0.0	0.0	0.0	0.0	0.0	0.0	18.0	0.0	0.0	0.0	0.0	12.0	0.0	0.0	206.0	53.0	0.0	0.0	5.0	0.0	0.0	0.0	0.0	0.0	0.0	0.0	0.0	0.0	0.0	0.0	0.0	9.0	5.0	0.0	0.0	0.0	0.0	0.0	0.0	0.0	9.0	0.0	456.0	0.0	26.0	0.0	0.0	0.0	0.0	0.0	0.0	37.0	0.0	0.0	0.0	0.0	0.0	0.0	2.0	12.0	0.0	23.0	0.0	0.0	0.0	0.0	0.0	0.0	55.0	0.0	0.0	0.0	0.0	0.0	0.0	9.0	0.0	0.0	0.0	0.0	0.0	0.0	0.0	0.0	0.0	0.0	6.0	0.0	0.0	0.0	0.0	0.0	0.0	0.0	0.0	0.0	0.0	0.0	0.0	4.0	0.0	5.0	0.0	0.0	0.0	0.0	0.0	0.0	0.0	0.0	0.0	0.0	0.0	0.0	0.0	0.0	0.0	0.0	0.0	0.0	0.0	0.0	0.0	0.0	0.0	0.0	0.0	0.0	0.0	0.0	0.0	18.0	0.0	0.0	0.0	0.0	0.0	0.0	0.0	0.0	0.0	0.0	0.0	0.0	0.0	0.0	0.0	0.0	0.0	0.0	0.0	0.0	0.0	0.0	0.0	0.0	0.0	0.0	0.0	0.0	0.0	0.0	0.0	0.0	0.0	0.0	0.0	0.0	0.0	0.0	0.0	0.0	0.0	0.0	0.0	0.0	0.0	0.0	0.0	0.0	0.0	0.0	0.0	0.0	0.0	0.0	0.0	0.0	0.0	0.0	0.0	0.0	0.0	0.0	0.0	0.0	0.0	0.0	0.0	0.0	0.0	0.0	0.0	0.0	0.0	0.0	0.0	0.0	0.0	0.0	0.0	0.0	0.0	0.0	0.0	0.0	0.0	0.0	0.0	0.0	0.0	0.0	0.0	0.0	0.0	0.0	0.0	0.0	0.0	0.0	0.0	0.0	0.0	0.0	0.0	0.0	0.0	0.0	0.0
SRR9612870	0.0	49.0	19.0	0.0	24.0	11.0	13.0	0.0	14486.0	121.0	0.0	0.0	1025.0	152.0	0.0	261.0	2.0	0.0	2.0	87.0	36.0	0.0	0.0	11.0	26.0	0.0	0.0	46.0	9.0	0.0	0.0	0.0	11.0	0.0	0.0	13.0	10.0	0.0	171.0	4.0	0.0	26.0	18.0	0.0	0.0	4.0	0.0	0.0	0.0	0.0	0.0	0.0	0.0	0.0	0.0	0.0	0.0	49.0	0.0	0.0	3385.0	147.0	2.0	0.0	0.0	0.0	0.0	35.0	145.0	5.0	253.0	2.0	4.0	0.0	0.0	0.0	0.0	0.0	0.0	0.0	66.0	0.0	4.0	0.0	0.0	0.0	52.0	0.0	0.0	0.0	0.0	0.0	0.0	84.0	0.0	0.0	0.0	17.0	12.0	0.0	0.0	442.0	9.0	0.0	0.0	0.0	0.0	0.0	0.0	0.0	0.0	0.0	0.0	6.0	0.0	0.0	3.0	0.0	0.0	0.0	0.0	0.0	0.0	0.0	0.0	0.0	2.0	5.0	0.0	303.0	0.0	15.0	0.0	0.0	0.0	0.0	0.0	0.0	38.0	0.0	0.0	0.0	0.0	0.0	0.0	0.0	3.0	0.0	10.0	0.0	16.0	0.0	0.0	0.0	0.0	16.0	0.0	0.0	0.0	0.0	2.0	0.0	0.0	0.0	0.0	0.0	0.0	0.0	0.0	9.0	0.0	0.0	0.0	2.0	0.0	8.0	0.0	0.0	0.0	0.0	0.0	0.0	0.0	0.0	0.0	0.0	30.0	5.0	0.0	0.0	0.0	0.0	0.0	0.0	0.0	0.0	25.0	0.0	0.0	0.0	0.0	0.0	0.0	0.0	0.0	0.0	0.0	0.0	0.0	0.0	0.0	0.0	0.0	0.0	0.0	0.0	0.0	0.0	0.0	0.0	0.0	0.0	0.0	0.0	0.0	0.0	0.0	0.0	0.0	0.0	0.0	0.0	0.0	0.0	0.0	0.0	0.0	0.0	0.0	0.0	0.0	0.0	0.0	0.0	0.0	0.0	0.0	0.0	0.0	0.0	0.0	0.0	0.0	0.0	0.0	0.0	0.0	0.0	0.0	0.0	0.0	0.0	0.0	0.0	0.0	0.0	0.0	0.0	0.0	0.0	0.0	0.0	0.0	0.0	0.0	0.0	0.0	0.0	0.0	0.0	0.0	0.0	0.0	0.0	0.0	0.0	0.0	0.0	0.0	0.0	0.0	0.0	0.0	0.0	0.0	0.0	0.0	0.0	0.0	0.0	0.0	0.0	0.0	0.0	0.0	0.0	0.0	0.0	0.0	0.0	0.0	0.0	0.0	0.0	0.0	0.0	0.0	0.0	0.0	0.0	0.0	0.0	0.0	0.0	0.0	0.0
SRR9612875	0.0	310.0	0.0	0.0	99.0	27.0	0.0	0.0	1307.0	253.0	0.0	0.0	19.0	56.0	0.0	296.0	0.0	4.0	4.0	8643.0	0.0	0.0	0.0	0.0	2.0	0.0	0.0	247.0	0.0	0.0	0.0	49.0	18.0	6.0	0.0	0.0	0.0	124.0	4.0	13.0	25.0	14.0	64.0	0.0	0.0	0.0	0.0	0.0	2.0	0.0	0.0	0.0	0.0	0.0	0.0	0.0	0.0	6.0	0.0	0.0	0.0	49.0	0.0	0.0	0.0	0.0	54.0	129.0	171.0	19.0	75.0	4.0	2.0	0.0	57.0	3.0	0.0	6.0	53.0	4.0	23.0	2.0	126.0	0.0	0.0	0.0	161.0	0.0	0.0	0.0	0.0	0.0	0.0	7.0	0.0	0.0	5.0	28.0	24.0	0.0	0.0	98.0	0.0	0.0	0.0	11.0	0.0	0.0	0.0	0.0	0.0	0.0	0.0	0.0	0.0	8.0	10.0	0.0	0.0	0.0	0.0	0.0	0.0	0.0	26.0	0.0	0.0	4.0	0.0	183.0	14.0	0.0	0.0	0.0	0.0	8.0	0.0	0.0	0.0	0.0	0.0	0.0	0.0	0.0	0.0	0.0	12.0	0.0	11.0	0.0	0.0	0.0	0.0	0.0	0.0	8.0	0.0	0.0	0.0	0.0	0.0	0.0	75.0	0.0	5.0	0.0	6.0	0.0	0.0	1.0	0.0	0.0	14.0	0.0	24.0	6.0	0.0	0.0	0.0	0.0	0.0	0.0	0.0	84.0	0.0	0.0	0.0	0.0	142.0	0.0	0.0	0.0	0.0	0.0	9.0	0.0	8.0	0.0	0.0	0.0	0.0	0.0	0.0	0.0	0.0	0.0	0.0	0.0	0.0	0.0	0.0	0.0	0.0	0.0	0.0	0.0	0.0	0.0	0.0	0.0	0.0	0.0	0.0	0.0	0.0	0.0	0.0	0.0	0.0	0.0	0.0	0.0	0.0	0.0	0.0	0.0	0.0	0.0	0.0	0.0	0.0	0.0	0.0	0.0	0.0	0.0	0.0	0.0	0.0	6.0	0.0	0.0	0.0	0.0	0.0	0.0	0.0	0.0	0.0	0.0	0.0	0.0	0.0	0.0	0.0	0.0	0.0	0.0	0.0	0.0	0.0	0.0	0.0	0.0	0.0	0.0	0.0	0.0	0.0	0.0	0.0	0.0	0.0	0.0	0.0	0.0	0.0	0.0	0.0	0.0	0.0	0.0	0.0	0.0	0.0	0.0	0.0	0.0	0.0	0.0	0.0	0.0	0.0	0.0	0.0	0.0	0.0	0.0	0.0	0.0	0.0	0.0	0.0	0.0	0.0	0.0	0.0	0.0	0.0	0.0	0.0	0.0	0.0	0.0	0.0	0.0
SRR9612876	0.0	201.0	0.0	2.0	7.0	22.0	0.0	0.0	1006.0	201.0	0.0	3.0	18.0	49.0	0.0	103.0	0.0	5.0	0.0	8270.0	17.0	0.0	3.0	12.0	23.0	0.0	0.0	160.0	0.0	0.0	0.0	24.0	0.0	20.0	0.0	0.0	0.0	74.0	0.0	18.0	0.0	0.0	3.0	10.0	0.0	0.0	0.0	0.0	0.0	0.0	3.0	0.0	5.0	0.0	0.0	0.0	0.0	0.0	0.0	0.0	0.0	35.0	0.0	0.0	0.0	2.0	0.0	0.0	41.0	3.0	9.0	4.0	0.0	0.0	12.0	0.0	0.0	0.0	34.0	0.0	28.0	4.0	12.0	0.0	0.0	0.0	154.0	0.0	0.0	0.0	0.0	0.0	0.0	12.0	0.0	0.0	4.0	0.0	19.0	0.0	0.0	0.0	0.0	6.0	0.0	0.0	0.0	0.0	0.0	0.0	5.0	0.0	0.0	0.0	0.0	6.0	0.0	0.0	0.0	0.0	0.0	0.0	0.0	0.0	0.0	0.0	0.0	0.0	0.0	87.0	4.0	0.0	4.0	0.0	0.0	0.0	0.0	0.0	0.0	0.0	0.0	0.0	0.0	4.0	0.0	0.0	4.0	0.0	0.0	0.0	0.0	0.0	0.0	0.0	0.0	9.0	0.0	0.0	0.0	0.0	0.0	0.0	39.0	0.0	0.0	0.0	0.0	0.0	0.0	0.0	0.0	0.0	0.0	0.0	0.0	0.0	0.0	0.0	0.0	5.0	0.0	0.0	0.0	5.0	4.0	0.0	15.0	0.0	113.0	0.0	0.0	0.0	0.0	0.0	0.0	0.0	0.0	0.0	0.0	0.0	0.0	0.0	0.0	0.0	0.0	0.0	0.0	0.0	0.0	0.0	0.0	16.0	0.0	0.0	0.0	4.0	0.0	0.0	0.0	0.0	0.0	0.0	0.0	0.0	0.0	0.0	0.0	0.0	0.0	0.0	0.0	0.0	0.0	0.0	0.0	0.0	0.0	0.0	0.0	0.0	0.0	0.0	0.0	0.0	0.0	0.0	0.0	0.0	0.0	0.0	0.0	0.0	0.0	0.0	0.0	2.0	0.0	0.0	0.0	0.0	0.0	0.0	0.0	0.0	3.0	0.0	0.0	0.0	2.0	0.0	0.0	0.0	0.0	0.0	0.0	0.0	0.0	0.0	0.0	0.0	0.0	0.0	0.0	0.0	0.0	0.0	0.0	0.0	0.0	0.0	0.0	0.0	0.0	0.0	0.0	0.0	0.0	5.0	0.0	0.0	0.0	0.0	0.0	0.0	0.0	0.0	0.0	0.0	0.0	0.0	0.0	0.0	0.0	0.0	0.0	0.0	0.0	0.0	0.0	0.0	0.0	0.0	0.0	0.0	0.0	0.0
SRR9612878	0.0	24.0	17.0	4.0	26.0	25.0	0.0	4.0	2281.0	51.0	0.0	3.0	319.0	266.0	0.0	445.0	0.0	2.0	22.0	3369.0	13.0	0.0	2.0	16.0	85.0	0.0	0.0	192.0	0.0	0.0	0.0	31.0	14.0	10.0	0.0	0.0	0.0	895.0	13.0	11.0	27.0	0.0	5.0	0.0	0.0	0.0	0.0	0.0	0.0	0.0	0.0	0.0	0.0	0.0	0.0	0.0	0.0	5.0	0.0	0.0	0.0	59.0	0.0	0.0	2.0	7.0	0.0	7.0	104.0	17.0	74.0	15.0	0.0	0.0	19.0	0.0	0.0	0.0	122.0	31.0	0.0	5.0	17.0	0.0	14.0	0.0	183.0	0.0	0.0	0.0	0.0	0.0	0.0	24.0	0.0	0.0	0.0	7.0	73.0	0.0	0.0	46.0	0.0	0.0	0.0	0.0	0.0	0.0	0.0	0.0	0.0	0.0	0.0	0.0	0.0	13.0	0.0	0.0	0.0	8.0	0.0	0.0	0.0	0.0	0.0	0.0	0.0	0.0	0.0	190.0	129.0	0.0	0.0	0.0	0.0	0.0	0.0	0.0	11.0	0.0	0.0	0.0	0.0	0.0	0.0	0.0	12.0	0.0	45.0	0.0	0.0	0.0	0.0	0.0	0.0	7.0	0.0	0.0	0.0	0.0	6.0	0.0	92.0	0.0	17.0	0.0	0.0	0.0	0.0	0.0	0.0	0.0	0.0	0.0	0.0	0.0	0.0	0.0	0.0	0.0	0.0	0.0	0.0	5.0	0.0	0.0	8.0	0.0	528.0	0.0	0.0	0.0	0.0	0.0	0.0	0.0	0.0	0.0	0.0	0.0	0.0	0.0	0.0	0.0	0.0	0.0	0.0	0.0	0.0	0.0	0.0	0.0	0.0	0.0	0.0	0.0	0.0	0.0	0.0	0.0	0.0	0.0	0.0	0.0	0.0	0.0	0.0	0.0	0.0	0.0	0.0	0.0	0.0	0.0	0.0	0.0	0.0	0.0	0.0	0.0	0.0	3.0	0.0	0.0	0.0	0.0	0.0	0.0	0.0	0.0	0.0	0.0	0.0	0.0	0.0	0.0	0.0	0.0	0.0	0.0	0.0	0.0	0.0	0.0	0.0	0.0	0.0	0.0	0.0	0.0	0.0	0.0	0.0	0.0	0.0	0.0	0.0	0.0	0.0	0.0	0.0	0.0	0.0	0.0	0.0	0.0	0.0	0.0	0.0	0.0	0.0	0.0	0.0	0.0	0.0	0.0	0.0	0.0	0.0	0.0	0.0	0.0	0.0	0.0	0.0	0.0	0.0	0.0	0.0	0.0	0.0	0.0	0.0	0.0	0.0	0.0	0.0	0.0	0.0	0.0	0.0	0.0	0.0	0.0	0.0	0.0
SRR9612879	0.0	1344.0	13.0	0.0	1349.0	135.0	0.0	0.0	3156.0	375.0	0.0	2.0	472.0	606.0	0.0	391.0	0.0	0.0	14.0	315.0	32.0	0.0	0.0	22.0	71.0	0.0	0.0	51.0	0.0	0.0	0.0	20.0	0.0	4.0	0.0	0.0	86.0	3.0	60.0	0.0	45.0	139.0	115.0	0.0	0.0	0.0	0.0	0.0	0.0	0.0	0.0	0.0	0.0	0.0	0.0	0.0	5.0	13.0	0.0	0.0	19.0	305.0	3.0	0.0	0.0	0.0	0.0	131.0	154.0	0.0	164.0	15.0	0.0	5.0	0.0	3.0	0.0	0.0	6.0	4.0	66.0	0.0	10.0	0.0	0.0	0.0	356.0	0.0	0.0	17.0	0.0	0.0	0.0	38.0	0.0	0.0	0.0	13.0	32.0	0.0	0.0	4036.0	49.0	0.0	0.0	4.0	0.0	0.0	0.0	0.0	8.0	0.0	0.0	0.0	0.0	0.0	0.0	0.0	0.0	0.0	0.0	0.0	0.0	0.0	0.0	7.0	0.0	12.0	0.0	754.0	0.0	46.0	0.0	0.0	0.0	18.0	0.0	0.0	0.0	0.0	0.0	0.0	0.0	0.0	0.0	0.0	36.0	0.0	41.0	0.0	223.0	0.0	0.0	0.0	0.0	97.0	0.0	0.0	0.0	0.0	16.0	0.0	322.0	0.0	0.0	0.0	0.0	0.0	0.0	15.0	0.0	0.0	6.0	7.0	0.0	24.0	0.0	0.0	0.0	0.0	0.0	0.0	0.0	0.0	0.0	0.0	19.0	0.0	6.0	0.0	0.0	0.0	0.0	0.0	0.0	0.0	0.0	0.0	0.0	0.0	0.0	0.0	9.0	0.0	0.0	0.0	0.0	0.0	0.0	0.0	0.0	0.0	815.0	0.0	0.0	0.0	0.0	0.0	20.0	0.0	0.0	0.0	0.0	0.0	0.0	0.0	0.0	0.0	0.0	0.0	0.0	0.0	0.0	0.0	0.0	0.0	0.0	0.0	0.0	0.0	0.0	0.0	0.0	0.0	0.0	0.0	0.0	0.0	0.0	0.0	0.0	0.0	0.0	0.0	0.0	0.0	0.0	0.0	0.0	0.0	0.0	0.0	0.0	0.0	0.0	0.0	0.0	0.0	0.0	0.0	0.0	0.0	0.0	0.0	0.0	0.0	0.0	0.0	0.0	0.0	0.0	0.0	0.0	0.0	0.0	0.0	0.0	0.0	0.0	0.0	0.0	0.0	0.0	0.0	0.0	0.0	0.0	0.0	0.0	0.0	0.0	0.0	0.0	0.0	0.0	0.0	0.0	0.0	0.0	0.0	0.0	0.0	0.0	0.0	0.0	0.0	0.0	0.0	0.0	0.0	0.0	0.0	0.0	0.0	0.0	0.0
SRR9612880	0.0	39.0	27.0	0.0	4.0	23.0	5.0	0.0	1589.0	338.0	0.0	11.0	467.0	61.0	0.0	860.0	7.0	2.0	0.0	7883.0	0.0	0.0	0.0	24.0	157.0	0.0	9.0	440.0	0.0	0.0	0.0	24.0	6.0	34.0	0.0	0.0	0.0	104.0	9.0	0.0	20.0	0.0	0.0	0.0	0.0	0.0	0.0	0.0	0.0	0.0	0.0	0.0	2.0	0.0	0.0	0.0	0.0	0.0	0.0	2.0	0.0	17.0	0.0	0.0	0.0	7.0	65.0	0.0	173.0	0.0	105.0	18.0	0.0	0.0	75.0	0.0	0.0	0.0	45.0	0.0	57.0	0.0	23.0	0.0	8.0	0.0	650.0	0.0	0.0	0.0	0.0	0.0	0.0	0.0	0.0	0.0	7.0	0.0	85.0	0.0	0.0	21.0	0.0	0.0	0.0	0.0	0.0	0.0	0.0	0.0	0.0	0.0	0.0	2.0	0.0	17.0	0.0	0.0	0.0	0.0	0.0	0.0	0.0	0.0	16.0	17.0	0.0	7.0	0.0	141.0	0.0	0.0	0.0	0.0	0.0	0.0	0.0	0.0	0.0	0.0	0.0	0.0	0.0	0.0	0.0	0.0	29.0	0.0	20.0	0.0	0.0	0.0	0.0	0.0	0.0	8.0	0.0	0.0	0.0	0.0	15.0	0.0	121.0	0.0	0.0	0.0	0.0	0.0	0.0	0.0	2.0	0.0	0.0	7.0	0.0	0.0	0.0	0.0	0.0	0.0	0.0	0.0	0.0	6.0	0.0	0.0	0.0	0.0	0.0	0.0	0.0	0.0	0.0	0.0	0.0	0.0	0.0	0.0	0.0	0.0	0.0	0.0	0.0	0.0	0.0	0.0	0.0	0.0	0.0	0.0	0.0	0.0	12.0	0.0	0.0	0.0	14.0	0.0	0.0	0.0	0.0	0.0	0.0	0.0	0.0	0.0	0.0	2.0	0.0	0.0	0.0	0.0	0.0	0.0	0.0	0.0	0.0	0.0	0.0	0.0	0.0	0.0	0.0	0.0	0.0	0.0	0.0	0.0	0.0	0.0	0.0	0.0	0.0	0.0	0.0	0.0	0.0	0.0	0.0	0.0	0.0	0.0	0.0	0.0	0.0	0.0	0.0	0.0	0.0	0.0	0.0	0.0	0.0	0.0	0.0	0.0	0.0	0.0	0.0	0.0	0.0	0.0	0.0	0.0	0.0	0.0	0.0	0.0	0.0	0.0	0.0	0.0	0.0	0.0	0.0	0.0	0.0	0.0	0.0	0.0	0.0	0.0	0.0	0.0	0.0	0.0	0.0	0.0	0.0	0.0	0.0	0.0	0.0	0.0	0.0	0.0	0.0	0.0	0.0	0.0	0.0	0.0	0.0	0.0	0.0	0.0
SRR9612882	0.0	254.0	20.0	0.0	46.0	24.0	11.0	0.0	5342.0	542.0	0.0	4.0	943.0	553.0	0.0	1832.0	0.0	0.0	6.0	10056.0	0.0	0.0	0.0	27.0	197.0	0.0	0.0	780.0	25.0	0.0	0.0	28.0	0.0	84.0	0.0	0.0	0.0	107.0	12.0	20.0	29.0	15.0	12.0	0.0	0.0	0.0	0.0	0.0	0.0	0.0	0.0	0.0	0.0	0.0	0.0	0.0	0.0	18.0	0.0	0.0	0.0	133.0	0.0	0.0	0.0	0.0	11.0	15.0	169.0	5.0	162.0	32.0	0.0	11.0	49.0	0.0	2.0	0.0	32.0	0.0	104.0	0.0	57.0	0.0	5.0	0.0	750.0	0.0	4.0	0.0	5.0	0.0	0.0	27.0	0.0	0.0	8.0	6.0	100.0	0.0	0.0	414.0	23.0	0.0	0.0	5.0	0.0	0.0	0.0	0.0	0.0	0.0	0.0	0.0	0.0	23.0	0.0	0.0	4.0	0.0	0.0	0.0	0.0	0.0	32.0	0.0	0.0	0.0	4.0	226.0	32.0	0.0	23.0	0.0	0.0	0.0	0.0	0.0	0.0	0.0	0.0	0.0	0.0	0.0	0.0	0.0	19.0	28.0	15.0	0.0	76.0	0.0	0.0	0.0	0.0	75.0	0.0	0.0	0.0	0.0	14.0	0.0	585.0	0.0	0.0	0.0	0.0	0.0	0.0	0.0	0.0	0.0	0.0	11.0	0.0	0.0	0.0	0.0	0.0	3.0	0.0	0.0	0.0	0.0	0.0	0.0	0.0	0.0	0.0	0.0	4.0	0.0	0.0	0.0	0.0	0.0	53.0	0.0	0.0	0.0	3.0	0.0	26.0	0.0	0.0	0.0	0.0	0.0	0.0	0.0	0.0	0.0	0.0	0.0	0.0	0.0	0.0	0.0	15.0	0.0	0.0	0.0	0.0	0.0	0.0	0.0	0.0	0.0	0.0	0.0	0.0	0.0	0.0	0.0	0.0	0.0	0.0	0.0	0.0	0.0	0.0	0.0	0.0	0.0	0.0	0.0	0.0	0.0	0.0	0.0	0.0	0.0	0.0	0.0	0.0	0.0	0.0	0.0	0.0	0.0	0.0	0.0	0.0	0.0	0.0	0.0	0.0	0.0	0.0	0.0	0.0	0.0	0.0	0.0	0.0	0.0	0.0	0.0	0.0	0.0	0.0	0.0	0.0	0.0	0.0	0.0	0.0	0.0	0.0	0.0	0.0	0.0	0.0	0.0	3.0	0.0	0.0	0.0	0.0	0.0	0.0	0.0	0.0	0.0	0.0	0.0	0.0	0.0	0.0	0.0	0.0	0.0	0.0	0.0	0.0	0.0	0.0	0.0	0.0	0.0	0.0	0.0	0.0	0.0	0.0	0.0
SRR9612883	0.0	522.0	2611.0	6.0	5.0	4637.0	291.0	15.0	4128.0	222.0	0.0	26.0	281.0	241.0	3.0	559.0	41.0	39.0	105.0	1490.0	143.0	0.0	54.0	468.0	3618.0	0.0	0.0	24.0	5.0	36.0	4.0	137.0	0.0	0.0	15.0	0.0	0.0	177.0	1.0	60.0	84.0	510.0	0.0	21.0	26.0	4.0	3.0	0.0	9.0	15.0	43.0	9.0	0.0	0.0	0.0	0.0	246.0	55.0	13.0	167.0	32.0	209.0	507.0	0.0	0.0	5.0	46.0	37.0	169.0	3.0	249.0	866.0	47.0	14.0	147.0	33.0	68.0	5.0	23.0	6.0	11.0	142.0	1095.0	0.0	13.0	12.0	182.0	4.0	0.0	199.0	16.0	0.0	0.0	204.0	34.0	35.0	0.0	43.0	244.0	0.0	0.0	217.0	106.0	0.0	8.0	319.0	0.0	0.0	0.0	0.0	95.0	0.0	2.0	90.0	14.0	11.0	0.0	0.0	260.0	10.0	9.0	0.0	0.0	0.0	266.0	791.0	11.0	265.0	245.0	75.0	0.0	124.0	0.0	11.0	0.0	0.0	3.0	0.0	0.0	0.0	19.0	0.0	0.0	0.0	0.0	0.0	558.0	50.0	122.0	0.0	203.0	48.0	0.0	0.0	5.0	132.0	63.0	123.0	28.0	0.0	213.0	0.0	0.0	12.0	8.0	0.0	0.0	0.0	0.0	67.0	43.0	1.0	0.0	104.0	19.0	0.0	0.0	16.0	0.0	0.0	6.0	0.0	0.0	21.0	14.0	3.0	213.0	0.0	71.0	0.0	12.0	0.0	0.0	0.0	0.0	0.0	28.0	0.0	0.0	6.0	0.0	0.0	42.0	0.0	11.0	60.0	18.0	0.0	0.0	0.0	49.0	0.0	0.0	0.0	11.0	0.0	71.0	0.0	67.0	0.0	0.0	0.0	0.0	0.0	0.0	5.0	0.0	0.0	78.0	13.0	0.0	0.0	20.0	7.0	0.0	0.0	0.0	0.0	0.0	0.0	0.0	0.0	0.0	0.0	0.0	0.0	0.0	0.0	0.0	0.0	0.0	0.0	0.0	0.0	0.0	0.0	54.0	0.0	0.0	0.0	7.0	0.0	0.0	0.0	0.0	0.0	0.0	0.0	0.0	0.0	0.0	0.0	0.0	0.0	0.0	0.0	0.0	0.0	0.0	0.0	0.0	0.0	0.0	0.0	0.0	0.0	0.0	0.0	0.0	5.0	0.0	0.0	0.0	0.0	36.0	0.0	0.0	0.0	0.0	0.0	0.0	0.0	0.0	0.0	0.0	0.0	0.0	0.0	0.0	0.0	0.0	0.0	0.0	0.0	0.0	0.0	0.0	0.0	0.0	0.0	0.0	0.0	0.0	0.0	0.0	0.0
SRR9612884	0.0	659.0	32.0	4.0	13.0	63.0	12.0	3.0	2261.0	351.0	0.0	9.0	336.0	299.0	0.0	661.0	0.0	2.0	0.0	1148.0	28.0	0.0	0.0	0.0	166.0	0.0	0.0	100.0	0.0	29.0	0.0	18.0	0.0	22.0	0.0	0.0	0.0	6.0	18.0	11.0	73.0	27.0	0.0	0.0	0.0	0.0	0.0	0.0	0.0	0.0	3.0	0.0	0.0	0.0	0.0	0.0	3.0	39.0	0.0	0.0	0.0	189.0	0.0	0.0	0.0	0.0	20.0	0.0	110.0	0.0	296.0	23.0	0.0	13.0	38.0	4.0	0.0	0.0	9.0	0.0	41.0	4.0	29.0	0.0	0.0	0.0	316.0	0.0	0.0	0.0	0.0	0.0	0.0	25.0	0.0	0.0	0.0	9.0	29.0	0.0	0.0	1100.0	45.0	0.0	0.0	5.0	0.0	0.0	0.0	0.0	0.0	0.0	0.0	19.0	0.0	0.0	0.0	0.0	23.0	0.0	0.0	0.0	0.0	0.0	9.0	0.0	0.0	0.0	13.0	761.0	0.0	32.0	0.0	0.0	2.0	0.0	0.0	0.0	0.0	0.0	0.0	0.0	0.0	0.0	0.0	0.0	16.0	0.0	18.0	0.0	150.0	0.0	0.0	0.0	0.0	132.0	0.0	0.0	0.0	0.0	23.0	0.0	300.0	0.0	0.0	0.0	0.0	0.0	0.0	20.0	0.0	0.0	0.0	14.0	0.0	0.0	0.0	0.0	0.0	0.0	0.0	0.0	0.0	11.0	0.0	0.0	0.0	0.0	0.0	0.0	0.0	0.0	0.0	0.0	0.0	0.0	0.0	0.0	0.0	0.0	0.0	0.0	38.0	0.0	0.0	0.0	0.0	0.0	0.0	0.0	0.0	0.0	34.0	0.0	0.0	0.0	0.0	0.0	7.0	0.0	0.0	0.0	0.0	0.0	0.0	0.0	0.0	0.0	5.0	0.0	0.0	0.0	2.0	0.0	0.0	0.0	0.0	0.0	0.0	0.0	0.0	0.0	0.0	0.0	0.0	5.0	0.0	0.0	0.0	0.0	0.0	0.0	0.0	0.0	0.0	0.0	0.0	0.0	0.0	0.0	0.0	0.0	0.0	0.0	0.0	0.0	0.0	0.0	0.0	0.0	0.0	0.0	0.0	0.0	0.0	0.0	0.0	0.0	0.0	0.0	0.0	0.0	0.0	0.0	0.0	0.0	0.0	0.0	0.0	0.0	0.0	0.0	0.0	0.0	0.0	0.0	0.0	0.0	0.0	0.0	0.0	0.0	0.0	0.0	0.0	0.0	0.0	0.0	0.0	0.0	0.0	0.0	0.0	0.0	0.0	0.0	0.0	0.0	0.0	0.0	0.0	0.0	0.0	0.0	0.0	0.0
SRR9612887	0.0	188.0	1419.0	0.0	109.0	3485.0	223.0	0.0	3685.0	137.0	0.0	8.0	348.0	155.0	0.0	647.0	32.0	33.0	110.0	2314.0	114.0	0.0	10.0	618.0	2663.0	0.0	0.0	99.0	20.0	27.0	5.0	404.0	0.0	12.0	12.0	0.0	16.0	312.0	18.0	26.0	97.0	190.0	33.0	67.0	34.0	21.0	0.0	0.0	0.0	0.0	35.0	7.0	7.0	7.0	0.0	0.0	130.0	82.0	18.0	131.0	7.0	82.0	297.0	0.0	0.0	19.0	23.0	31.0	198.0	21.0	216.0	923.0	35.0	0.0	116.0	42.0	34.0	0.0	24.0	0.0	44.0	103.0	940.0	7.0	27.0	8.0	206.0	0.0	0.0	106.0	27.0	0.0	0.0	91.0	15.0	12.0	0.0	9.0	146.0	6.0	0.0	46.0	72.0	0.0	5.0	332.0	0.0	0.0	0.0	0.0	65.0	0.0	6.0	68.0	6.0	0.0	12.0	3.0	53.0	31.0	9.0	0.0	0.0	0.0	283.0	523.0	0.0	230.0	215.0	32.0	0.0	43.0	10.0	6.0	0.0	0.0	0.0	0.0	0.0	0.0	0.0	0.0	6.0	0.0	4.0	18.0	410.0	7.0	82.0	0.0	91.0	50.0	0.0	9.0	0.0	45.0	124.0	131.0	16.0	0.0	75.0	2.0	19.0	8.0	26.0	0.0	0.0	0.0	14.0	29.0	23.0	0.0	0.0	123.0	19.0	0.0	0.0	11.0	0.0	0.0	10.0	0.0	0.0	24.0	0.0	0.0	242.0	0.0	38.0	0.0	25.0	8.0	0.0	0.0	0.0	0.0	15.0	0.0	0.0	0.0	7.0	6.0	8.0	0.0	0.0	40.0	21.0	0.0	0.0	0.0	44.0	13.0	5.0	0.0	0.0	0.0	72.0	0.0	47.0	0.0	0.0	0.0	0.0	0.0	0.0	11.0	0.0	11.0	63.0	40.0	0.0	0.0	5.0	9.0	0.0	0.0	0.0	0.0	0.0	0.0	0.0	0.0	0.0	0.0	0.0	0.0	0.0	0.0	5.0	0.0	2.0	0.0	0.0	0.0	0.0	0.0	27.0	0.0	0.0	0.0	7.0	0.0	0.0	0.0	5.0	0.0	0.0	0.0	0.0	0.0	0.0	0.0	0.0	0.0	0.0	0.0	0.0	0.0	0.0	0.0	0.0	0.0	0.0	0.0	0.0	0.0	0.0	0.0	0.0	0.0	0.0	0.0	0.0	0.0	27.0	0.0	0.0	0.0	0.0	0.0	0.0	0.0	0.0	0.0	0.0	0.0	0.0	0.0	0.0	0.0	0.0	0.0	0.0	0.0	0.0	0.0	0.0	0.0	0.0	0.0	0.0	0.0	0.0	0.0	0.0	0.0
SRR9612894	0.0	96.0	1324.0	6.0	31.0	1824.0	62.0	13.0	1575.0	130.0	0.0	26.0	224.0	132.0	0.0	288.0	20.0	24.0	204.0	374.0	225.0	0.0	39.0	273.0	2242.0	14.0	0.0	0.0	0.0	8.0	9.0	25.0	0.0	0.0	0.0	0.0	7.0	47.0	58.0	38.0	46.0	387.0	0.0	0.0	3.0	0.0	3.0	0.0	33.0	0.0	7.0	0.0	0.0	0.0	0.0	0.0	109.0	92.0	11.0	56.0	45.0	198.0	324.0	0.0	0.0	0.0	0.0	26.0	46.0	0.0	136.0	267.0	117.0	31.0	55.0	17.0	73.0	0.0	2.0	19.0	0.0	147.0	299.0	6.0	5.0	0.0	111.0	0.0	0.0	72.0	0.0	0.0	0.0	146.0	29.0	31.0	0.0	11.0	158.0	0.0	0.0	56.0	60.0	0.0	0.0	53.0	0.0	0.0	0.0	0.0	53.0	0.0	6.0	29.0	29.0	0.0	0.0	0.0	151.0	0.0	0.0	0.0	0.0	0.0	42.0	958.0	0.0	196.0	250.0	47.0	0.0	47.0	0.0	0.0	4.0	0.0	2.0	0.0	0.0	0.0	0.0	0.0	0.0	0.0	0.0	16.0	321.0	43.0	39.0	0.0	43.0	78.0	0.0	0.0	3.0	36.0	0.0	96.0	54.0	0.0	125.0	0.0	1.0	0.0	0.0	0.0	0.0	4.0	0.0	25.0	11.0	0.0	0.0	66.0	0.0	0.0	0.0	9.0	0.0	0.0	9.0	0.0	0.0	25.0	0.0	0.0	109.0	0.0	0.0	0.0	11.0	0.0	0.0	0.0	0.0	0.0	0.0	0.0	0.0	0.0	0.0	0.0	0.0	0.0	0.0	26.0	0.0	0.0	0.0	0.0	9.0	0.0	0.0	0.0	0.0	0.0	66.0	0.0	123.0	0.0	0.0	0.0	0.0	0.0	0.0	21.0	0.0	0.0	45.0	0.0	0.0	0.0	39.0	12.0	0.0	0.0	0.0	0.0	0.0	3.0	0.0	0.0	0.0	0.0	0.0	0.0	0.0	0.0	0.0	0.0	3.0	0.0	0.0	0.0	0.0	0.0	19.0	0.0	0.0	0.0	0.0	0.0	0.0	0.0	0.0	0.0	0.0	0.0	0.0	0.0	0.0	0.0	0.0	0.0	0.0	0.0	0.0	0.0	0.0	0.0	0.0	0.0	0.0	0.0	0.0	0.0	0.0	0.0	0.0	0.0	0.0	0.0	0.0	0.0	24.0	0.0	0.0	0.0	0.0	0.0	0.0	0.0	0.0	0.0	0.0	0.0	0.0	0.0	0.0	0.0	0.0	0.0	0.0	0.0	0.0	0.0	0.0	0.0	0.0	0.0	0.0	0.0	0.0	0.0	0.0	0.0
SRR9612895	0.0	183.0	1271.0	0.0	14.0	2590.0	138.0	5.0	2580.0	44.0	0.0	10.0	286.0	120.0	0.0	222.0	18.0	22.0	147.0	587.0	218.0	0.0	73.0	233.0	2800.0	0.0	0.0	0.0	8.0	0.0	0.0	54.0	0.0	0.0	0.0	2.0	9.0	98.0	0.0	21.0	45.0	257.0	0.0	11.0	7.0	0.0	0.0	0.0	7.0	0.0	24.0	0.0	0.0	0.0	0.0	0.0	96.0	54.0	14.0	94.0	10.0	85.0	291.0	0.0	0.0	0.0	10.0	0.0	118.0	6.0	191.0	597.0	37.0	11.0	101.0	16.0	63.0	0.0	5.0	15.0	0.0	76.0	498.0	0.0	6.0	0.0	146.0	2.0	0.0	82.0	0.0	0.0	0.0	119.0	4.0	0.0	0.0	6.0	201.0	0.0	0.0	96.0	31.0	0.0	0.0	165.0	0.0	0.0	0.0	0.0	41.0	0.0	0.0	43.0	7.0	0.0	2.0	0.0	39.0	2.0	10.0	0.0	0.0	0.0	178.0	480.0	0.0	122.0	214.0	29.0	0.0	68.0	0.0	8.0	2.0	0.0	0.0	0.0	0.0	0.0	0.0	8.0	0.0	0.0	5.0	12.0	301.0	7.0	42.0	0.0	124.0	44.0	0.0	0.0	0.0	50.0	32.0	104.0	21.0	0.0	129.0	0.0	0.0	11.0	0.0	0.0	0.0	0.0	0.0	17.0	9.0	0.0	8.0	148.0	0.0	0.0	0.0	6.0	0.0	3.0	10.0	0.0	0.0	0.0	0.0	0.0	137.0	0.0	23.0	0.0	21.0	0.0	0.0	0.0	0.0	0.0	0.0	0.0	0.0	0.0	0.0	0.0	6.0	0.0	0.0	21.0	9.0	0.0	0.0	0.0	26.0	0.0	0.0	0.0	5.0	0.0	57.0	10.0	71.0	0.0	0.0	0.0	0.0	0.0	0.0	6.0	0.0	0.0	24.0	0.0	0.0	0.0	19.0	8.0	0.0	0.0	0.0	0.0	0.0	0.0	0.0	0.0	0.0	0.0	0.0	0.0	0.0	0.0	0.0	0.0	0.0	0.0	0.0	0.0	0.0	0.0	15.0	0.0	0.0	0.0	0.0	0.0	0.0	0.0	0.0	0.0	0.0	0.0	0.0	0.0	0.0	0.0	0.0	0.0	0.0	0.0	0.0	0.0	0.0	0.0	0.0	0.0	0.0	0.0	0.0	0.0	0.0	0.0	0.0	0.0	0.0	0.0	0.0	0.0	31.0	0.0	0.0	0.0	0.0	0.0	0.0	0.0	0.0	0.0	0.0	0.0	0.0	0.0	0.0	0.0	0.0	0.0	0.0	0.0	0.0	0.0	0.0	0.0	0.0	0.0	0.0	0.0	0.0	0.0	0.0	0.0
SRR9612896	0.0	260.0	1185.0	0.0	0.0	2242.0	152.0	0.0	2066.0	79.0	0.0	16.0	205.0	147.0	0.0	285.0	26.0	29.0	84.0	810.0	48.0	0.0	0.0	137.0	2308.0	0.0	0.0	23.0	0.0	31.0	0.0	53.0	0.0	12.0	15.0	0.0	0.0	141.0	0.0	19.0	54.0	186.0	0.0	0.0	0.0	0.0	0.0	0.0	8.0	0.0	20.0	0.0	0.0	0.0	0.0	0.0	70.0	58.0	0.0	103.0	4.0	23.0	245.0	0.0	0.0	0.0	12.0	0.0	157.0	0.0	96.0	481.0	40.0	8.0	58.0	6.0	64.0	0.0	0.0	0.0	0.0	101.0	465.0	7.0	17.0	0.0	128.0	4.0	0.0	84.0	0.0	0.0	0.0	79.0	13.0	10.0	0.0	0.0	253.0	0.0	8.0	52.0	38.0	0.0	0.0	233.0	0.0	0.0	0.0	0.0	47.0	0.0	0.0	26.0	7.0	0.0	0.0	0.0	28.0	0.0	10.0	0.0	0.0	0.0	166.0	354.0	9.0	129.0	142.0	34.0	0.0	11.0	0.0	0.0	0.0	0.0	0.0	0.0	0.0	0.0	16.0	0.0	0.0	0.0	0.0	7.0	274.0	0.0	30.0	0.0	69.0	32.0	0.0	0.0	0.0	38.0	54.0	72.0	23.0	0.0	143.0	0.0	25.0	0.0	0.0	0.0	0.0	0.0	0.0	16.0	24.0	0.0	0.0	123.0	0.0	0.0	0.0	0.0	0.0	0.0	9.0	0.0	0.0	0.0	0.0	0.0	109.0	0.0	31.0	0.0	24.0	0.0	0.0	0.0	0.0	0.0	7.0	0.0	0.0	0.0	7.0	0.0	0.0	0.0	0.0	22.0	13.0	0.0	0.0	0.0	15.0	0.0	0.0	0.0	0.0	8.0	0.0	0.0	65.0	0.0	0.0	0.0	0.0	0.0	0.0	5.0	5.0	0.0	58.0	0.0	0.0	0.0	16.0	0.0	0.0	0.0	0.0	0.0	0.0	0.0	0.0	0.0	0.0	0.0	0.0	0.0	0.0	0.0	0.0	0.0	0.0	0.0	0.0	0.0	0.0	0.0	15.0	0.0	0.0	0.0	0.0	0.0	0.0	0.0	0.0	0.0	0.0	0.0	0.0	0.0	0.0	0.0	0.0	0.0	0.0	0.0	0.0	0.0	0.0	0.0	0.0	0.0	0.0	0.0	0.0	0.0	0.0	0.0	0.0	0.0	0.0	0.0	0.0	0.0	34.0	0.0	0.0	0.0	0.0	0.0	0.0	0.0	0.0	0.0	0.0	0.0	0.0	0.0	0.0	0.0	0.0	0.0	0.0	0.0	0.0	0.0	0.0	0.0	0.0	0.0	0.0	0.0	0.0	0.0	0.0	0.0
SRR9612897	0.0	52.0	1150.0	0.0	0.0	2059.0	129.0	0.0	1827.0	21.0	0.0	11.0	218.0	93.0	0.0	170.0	0.0	1.0	115.0	432.0	150.0	0.0	51.0	161.0	2358.0	0.0	0.0	0.0	0.0	0.0	0.0	11.0	0.0	0.0	0.0	0.0	0.0	90.0	55.0	11.0	19.0	348.0	0.0	1355.0	7.0	0.0	0.0	0.0	28.0	0.0	15.0	0.0	0.0	0.0	0.0	0.0	68.0	26.0	0.0	150.0	0.0	183.0	312.0	0.0	0.0	0.0	48.0	28.0	88.0	0.0	131.0	558.0	36.0	13.0	75.0	7.0	37.0	0.0	0.0	169.0	0.0	72.0	347.0	4.0	11.0	8.0	102.0	0.0	0.0	80.0	13.0	0.0	0.0	16.0	31.0	3.0	0.0	24.0	244.0	0.0	0.0	37.0	34.0	0.0	0.0	115.0	0.0	0.0	2.0	0.0	40.0	0.0	0.0	10.0	0.0	0.0	0.0	3.0	41.0	0.0	0.0	0.0	0.0	0.0	113.0	426.0	7.0	95.0	162.0	5.0	0.0	7.0	0.0	0.0	0.0	0.0	0.0	0.0	0.0	0.0	0.0	0.0	0.0	0.0	7.0	0.0	276.0	20.0	34.0	2.0	13.0	24.0	0.0	0.0	0.0	27.0	42.0	70.0	15.0	0.0	115.0	0.0	0.0	5.0	0.0	0.0	0.0	0.0	0.0	11.0	25.0	0.0	0.0	164.0	0.0	4.0	0.0	0.0	0.0	0.0	9.0	0.0	0.0	0.0	0.0	0.0	123.0	0.0	17.0	0.0	15.0	0.0	0.0	0.0	9.0	0.0	0.0	0.0	0.0	0.0	10.0	0.0	0.0	0.0	12.0	17.0	0.0	0.0	0.0	0.0	17.0	0.0	0.0	0.0	0.0	10.0	53.0	0.0	77.0	0.0	0.0	0.0	0.0	0.0	0.0	0.0	0.0	0.0	31.0	0.0	0.0	0.0	0.0	0.0	0.0	0.0	0.0	0.0	0.0	0.0	0.0	0.0	0.0	0.0	0.0	0.0	0.0	0.0	7.0	0.0	0.0	0.0	0.0	0.0	0.0	0.0	0.0	0.0	0.0	0.0	0.0	0.0	0.0	0.0	0.0	0.0	0.0	0.0	0.0	0.0	0.0	0.0	0.0	0.0	0.0	0.0	0.0	0.0	0.0	0.0	0.0	0.0	0.0	0.0	0.0	0.0	0.0	0.0	0.0	0.0	0.0	0.0	0.0	0.0	38.0	0.0	0.0	0.0	0.0	0.0	0.0	0.0	0.0	0.0	0.0	0.0	0.0	0.0	0.0	0.0	0.0	0.0	0.0	0.0	0.0	0.0	0.0	0.0	0.0	0.0	0.0	0.0	0.0	0.0	0.0	0.0
SRR9612898	0.0	80.0	481.0	61.0	46.0	1810.0	107.0	0.0	1787.0	47.0	0.0	15.0	80.0	82.0	35.0	176.0	0.0	0.0	70.0	1158.0	238.0	0.0	28.0	141.0	1048.0	0.0	0.0	73.0	5.0	21.0	0.0	87.0	0.0	12.0	16.0	0.0	23.0	143.0	15.0	41.0	70.0	218.0	9.0	742.0	18.0	8.0	4.0	0.0	6.0	0.0	30.0	6.0	0.0	0.0	15.0	0.0	46.0	19.0	0.0	50.0	15.0	154.0	135.0	6.0	7.0	0.0	28.0	14.0	70.0	21.0	131.0	445.0	26.0	4.0	81.0	8.0	25.0	0.0	28.0	48.0	10.0	34.0	380.0	3.0	22.0	5.0	83.0	0.0	0.0	69.0	17.0	0.0	0.0	173.0	0.0	5.0	0.0	11.0	157.0	2.0	0.0	58.0	58.0	0.0	0.0	175.0	0.0	2.0	0.0	0.0	44.0	0.0	9.0	99.0	0.0	12.0	0.0	0.0	60.0	8.0	0.0	0.0	0.0	0.0	151.0	150.0	0.0	86.0	138.0	10.0	6.0	62.0	0.0	0.0	0.0	3.0	5.0	0.0	0.0	0.0	0.0	0.0	0.0	4.0	0.0	17.0	192.0	0.0	74.0	0.0	43.0	11.0	0.0	5.0	0.0	29.0	66.0	37.0	14.0	0.0	58.0	0.0	0.0	3.0	0.0	0.0	0.0	5.0	0.0	46.0	12.0	0.0	73.0	50.0	0.0	0.0	0.0	0.0	0.0	5.0	4.0	0.0	0.0	10.0	0.0	0.0	136.0	0.0	20.0	0.0	0.0	0.0	0.0	0.0	0.0	0.0	0.0	2.0	0.0	0.0	14.0	0.0	0.0	0.0	0.0	0.0	0.0	0.0	0.0	0.0	11.0	7.0	0.0	0.0	0.0	32.0	0.0	0.0	23.0	0.0	0.0	0.0	3.0	0.0	0.0	0.0	0.0	3.0	13.0	0.0	0.0	0.0	8.0	0.0	0.0	0.0	0.0	0.0	26.0	0.0	0.0	0.0	0.0	0.0	0.0	0.0	0.0	0.0	0.0	0.0	0.0	0.0	0.0	0.0	0.0	0.0	18.0	0.0	0.0	0.0	9.0	0.0	0.0	0.0	0.0	0.0	0.0	0.0	0.0	0.0	0.0	0.0	0.0	0.0	0.0	0.0	0.0	0.0	0.0	0.0	0.0	0.0	0.0	0.0	0.0	0.0	0.0	0.0	0.0	0.0	0.0	0.0	0.0	0.0	8.0	0.0	0.0	0.0	0.0	0.0	0.0	0.0	0.0	0.0	0.0	0.0	0.0	0.0	0.0	0.0	0.0	0.0	0.0	0.0	0.0	0.0	0.0	0.0	0.0	0.0	0.0	0.0	0.0	0.0	0.0	0.0
SRR9612899	0.0	180.0	526.0	0.0	55.0	2363.0	98.0	0.0	2396.0	113.0	0.0	0.0	95.0	97.0	9.0	331.0	15.0	23.0	49.0	2024.0	80.0	0.0	10.0	118.0	972.0	0.0	0.0	250.0	0.0	35.0	0.0	130.0	0.0	32.0	0.0	0.0	111.0	324.0	0.0	0.0	92.0	152.0	0.0	3.0	20.0	0.0	2.0	0.0	3.0	0.0	12.0	2.0	0.0	8.0	0.0	0.0	71.0	23.0	0.0	80.0	14.0	31.0	132.0	0.0	5.0	9.0	144.0	19.0	48.0	55.0	132.0	526.0	11.0	6.0	79.0	11.0	5.0	8.0	36.0	20.0	34.0	48.0	718.0	21.0	49.0	0.0	153.0	0.0	0.0	98.0	16.0	3.0	0.0	30.0	0.0	0.0	0.0	40.0	154.0	10.0	0.0	40.0	59.0	0.0	0.0	242.0	0.0	0.0	0.0	0.0	54.0	0.0	8.0	52.0	6.0	20.0	4.0	2.0	20.0	7.0	0.0	0.0	0.0	0.0	314.0	115.0	13.0	179.0	125.0	17.0	5.0	37.0	0.0	0.0	0.0	0.0	6.0	0.0	0.0	0.0	0.0	0.0	6.0	2.0	0.0	27.0	325.0	0.0	79.0	0.0	38.0	0.0	2.0	3.0	0.0	43.0	121.0	15.0	11.0	0.0	53.0	0.0	30.0	9.0	41.0	0.0	29.0	0.0	20.0	13.0	0.0	0.0	0.0	43.0	28.0	0.0	0.0	0.0	0.0	3.0	9.0	6.0	0.0	25.0	0.0	0.0	144.0	0.0	114.0	0.0	9.0	0.0	0.0	0.0	0.0	0.0	4.0	0.0	2.0	0.0	21.0	0.0	11.0	0.0	8.0	16.0	8.0	0.0	0.0	0.0	31.0	0.0	0.0	0.0	0.0	82.0	0.0	0.0	24.0	0.0	0.0	0.0	0.0	0.0	0.0	8.0	8.0	2.0	34.0	0.0	0.0	0.0	14.0	0.0	0.0	0.0	0.0	0.0	0.0	0.0	0.0	0.0	0.0	0.0	0.0	0.0	0.0	0.0	0.0	15.0	0.0	0.0	0.0	0.0	4.0	23.0	36.0	0.0	0.0	0.0	0.0	0.0	0.0	0.0	0.0	0.0	0.0	0.0	0.0	0.0	0.0	0.0	0.0	0.0	0.0	0.0	0.0	0.0	0.0	0.0	0.0	0.0	0.0	0.0	0.0	0.0	0.0	0.0	0.0	0.0	0.0	0.0	0.0	0.0	14.0	0.0	0.0	0.0	0.0	0.0	0.0	6.0	0.0	0.0	0.0	0.0	0.0	0.0	0.0	0.0	0.0	0.0	0.0	0.0	0.0	0.0	0.0	0.0	0.0	0.0	4.0	0.0	0.0	0.0	0.0	0.0
SRR9612900	0.0	564.0	1561.0	0.0	0.0	5909.0	403.0	0.0	4492.0	355.0	0.0	28.0	564.0	226.0	14.0	733.0	52.0	30.0	72.0	1926.0	104.0	0.0	49.0	685.0	2975.0	0.0	26.0	26.0	0.0	70.0	8.0	67.0	0.0	11.0	25.0	0.0	0.0	276.0	12.0	70.0	163.0	282.0	0.0	8.0	15.0	15.0	8.0	0.0	0.0	0.0	20.0	15.0	0.0	0.0	0.0	10.0	97.0	161.0	8.0	161.0	8.0	126.0	231.0	0.0	0.0	0.0	0.0	52.0	277.0	6.0	332.0	1343.0	90.0	0.0	100.0	47.0	54.0	0.0	27.0	0.0	0.0	202.0	1119.0	13.0	9.0	15.0	237.0	0.0	0.0	288.0	38.0	0.0	0.0	132.0	32.0	12.0	0.0	5.0	228.0	0.0	0.0	86.0	58.0	0.0	0.0	608.0	0.0	0.0	0.0	0.0	69.0	2.0	20.0	34.0	34.0	0.0	0.0	0.0	11.0	32.0	23.0	0.0	0.0	0.0	442.0	518.0	0.0	270.0	284.0	146.0	0.0	53.0	0.0	0.0	0.0	0.0	0.0	0.0	0.0	0.0	18.0	0.0	0.0	4.0	7.0	0.0	892.0	0.0	171.0	0.0	98.0	71.0	0.0	0.0	0.0	54.0	75.0	116.0	21.0	0.0	157.0	0.0	48.0	17.0	0.0	0.0	0.0	2.0	9.0	58.0	33.0	0.0	0.0	113.0	22.0	0.0	4.0	0.0	0.0	2.0	15.0	0.0	0.0	30.0	0.0	0.0	266.0	0.0	38.0	0.0	19.0	0.0	0.0	4.0	0.0	0.0	9.0	0.0	6.0	0.0	34.0	0.0	4.0	0.0	0.0	18.0	7.0	0.0	0.0	0.0	44.0	0.0	0.0	0.0	4.0	8.0	40.0	8.0	50.0	0.0	0.0	0.0	0.0	0.0	0.0	7.0	0.0	0.0	54.0	0.0	0.0	0.0	47.0	0.0	0.0	0.0	0.0	0.0	0.0	0.0	0.0	0.0	0.0	0.0	0.0	0.0	0.0	0.0	0.0	0.0	0.0	0.0	0.0	0.0	18.0	0.0	13.0	0.0	0.0	0.0	0.0	0.0	0.0	0.0	0.0	0.0	0.0	0.0	0.0	0.0	0.0	0.0	0.0	0.0	5.0	0.0	0.0	0.0	0.0	0.0	0.0	0.0	0.0	0.0	0.0	0.0	0.0	0.0	0.0	0.0	0.0	0.0	0.0	0.0	34.0	0.0	0.0	0.0	0.0	0.0	0.0	0.0	0.0	0.0	0.0	0.0	0.0	0.0	0.0	0.0	0.0	0.0	0.0	0.0	0.0	0.0	0.0	0.0	0.0	0.0	0.0	0.0	0.0	0.0	0.0	0.0
SRR9612901	0.0	311.0	2266.0	0.0	45.0	4074.0	143.0	40.0	3517.0	307.0	0.0	19.0	415.0	218.0	13.0	1279.0	36.0	71.0	149.0	1351.0	548.0	0.0	107.0	778.0	4681.0	19.0	9.0	643.0	8.0	32.0	111.0	175.0	2.0	22.0	0.0	0.0	0.0	173.0	0.0	69.0	110.0	305.0	12.0	434.0	82.0	0.0	6.0	0.0	45.0	14.0	51.0	0.0	0.0	0.0	0.0	0.0	435.0	164.0	22.0	243.0	126.0	639.0	964.0	7.0	0.0	0.0	24.0	35.0	205.0	9.0	404.0	1035.0	107.0	10.0	258.0	107.0	130.0	8.0	24.0	243.0	0.0	169.0	840.0	16.0	40.0	23.0	312.0	6.0	0.0	96.0	36.0	0.0	2.0	232.0	82.0	44.0	3.0	2.0	240.0	2.0	0.0	52.0	218.0	0.0	0.0	220.0	2.0	0.0	0.0	0.0	134.0	4.0	5.0	134.0	16.0	0.0	5.0	7.0	334.0	24.0	9.0	3.0	0.0	0.0	205.0	1421.0	23.0	349.0	339.0	62.0	0.0	140.0	8.0	24.0	20.0	6.0	9.0	0.0	0.0	0.0	0.0	27.0	0.0	2.0	18.0	17.0	625.0	25.0	47.0	0.0	68.0	140.0	0.0	0.0	0.0	69.0	86.0	181.0	90.0	0.0	247.0	0.0	0.0	26.0	25.0	0.0	0.0	0.0	10.0	45.0	50.0	0.0	15.0	145.0	21.0	5.0	0.0	25.0	0.0	0.0	24.0	0.0	7.0	33.0	0.0	0.0	283.0	0.0	41.0	0.0	20.0	0.0	6.0	0.0	9.0	0.0	16.0	0.0	0.0	0.0	22.0	0.0	17.0	0.0	33.0	55.0	14.0	0.0	0.0	0.0	25.0	0.0	5.0	0.0	31.0	0.0	116.0	0.0	53.0	0.0	0.0	0.0	0.0	0.0	0.0	4.0	0.0	0.0	104.0	7.0	0.0	6.0	35.0	9.0	0.0	0.0	0.0	0.0	66.0	0.0	0.0	0.0	0.0	33.0	0.0	0.0	0.0	0.0	0.0	0.0	3.0	0.0	0.0	0.0	0.0	0.0	41.0	5.0	0.0	0.0	5.0	0.0	0.0	0.0	0.0	0.0	0.0	0.0	0.0	0.0	0.0	0.0	0.0	0.0	0.0	0.0	0.0	0.0	0.0	0.0	0.0	0.0	0.0	0.0	0.0	0.0	0.0	0.0	0.0	0.0	0.0	0.0	0.0	0.0	30.0	0.0	0.0	0.0	0.0	0.0	0.0	0.0	0.0	0.0	0.0	0.0	0.0	0.0	0.0	0.0	0.0	0.0	0.0	0.0	0.0	0.0	0.0	0.0	0.0	0.0	0.0	0.0	0.0	0.0	0.0	0.0
SRR9612902	0.0	591.0	12.0	0.0	0.0	18.0	12.0	0.0	7579.0	542.0	0.0	8.0	1782.0	427.0	0.0	838.0	0.0	0.0	23.0	132.0	33.0	0.0	0.0	10.0	114.0	0.0	0.0	41.0	0.0	16.0	0.0	0.0	0.0	0.0	0.0	4.0	0.0	28.0	239.0	4.0	24.0	93.0	0.0	0.0	0.0	0.0	0.0	0.0	0.0	0.0	0.0	0.0	0.0	0.0	0.0	0.0	0.0	26.0	0.0	8.0	19.0	370.0	0.0	0.0	0.0	0.0	0.0	0.0	210.0	0.0	126.0	3.0	0.0	10.0	0.0	5.0	8.0	0.0	17.0	9.0	20.0	0.0	13.0	0.0	0.0	0.0	238.0	0.0	0.0	10.0	0.0	0.0	0.0	138.0	0.0	0.0	0.0	0.0	55.0	0.0	0.0	3623.0	15.0	0.0	0.0	0.0	0.0	0.0	0.0	0.0	0.0	0.0	2.0	9.0	0.0	0.0	0.0	0.0	0.0	7.0	0.0	0.0	0.0	0.0	0.0	0.0	9.0	17.0	0.0	1121.0	0.0	51.0	0.0	0.0	2.0	2.0	0.0	0.0	111.0	0.0	0.0	0.0	0.0	0.0	0.0	2.0	18.0	5.0	104.0	0.0	373.0	0.0	0.0	0.0	0.0	74.0	0.0	0.0	0.0	0.0	9.0	0.0	45.0	0.0	0.0	0.0	0.0	0.0	0.0	144.0	8.0	0.0	0.0	8.0	0.0	0.0	0.0	0.0	0.0	0.0	0.0	0.0	0.0	0.0	0.0	0.0	16.0	0.0	7.0	0.0	0.0	0.0	0.0	0.0	0.0	0.0	0.0	0.0	0.0	0.0	0.0	0.0	15.0	0.0	9.0	0.0	0.0	0.0	0.0	0.0	0.0	0.0	0.0	0.0	0.0	0.0	0.0	0.0	11.0	404.0	0.0	0.0	0.0	0.0	0.0	3.0	0.0	0.0	0.0	0.0	0.0	0.0	0.0	0.0	0.0	0.0	0.0	0.0	0.0	0.0	0.0	0.0	0.0	0.0	0.0	3.0	0.0	0.0	0.0	0.0	0.0	0.0	0.0	0.0	0.0	0.0	0.0	0.0	0.0	0.0	0.0	0.0	0.0	0.0	0.0	0.0	0.0	0.0	0.0	0.0	0.0	0.0	0.0	0.0	0.0	0.0	0.0	0.0	0.0	0.0	0.0	0.0	0.0	0.0	0.0	0.0	0.0	0.0	0.0	0.0	0.0	0.0	0.0	0.0	0.0	0.0	0.0	0.0	0.0	0.0	0.0	0.0	0.0	0.0	0.0	0.0	0.0	0.0	0.0	0.0	0.0	0.0	0.0	0.0	0.0	0.0	0.0	0.0	0.0	0.0	0.0	0.0	0.0	0.0	0.0	0.0
SRR9612903	0.0	395.0	1167.0	4.0	0.0	3926.0	99.0	9.0	852.0	97.0	0.0	0.0	381.0	252.0	0.0	336.0	60.0	34.0	61.0	135.0	94.0	0.0	78.0	221.0	1536.0	0.0	0.0	0.0	0.0	75.0	0.0	24.0	0.0	0.0	0.0	0.0	0.0	87.0	10.0	0.0	141.0	145.0	0.0	0.0	16.0	0.0	2.0	2.0	8.0	0.0	20.0	0.0	0.0	0.0	0.0	0.0	34.0	24.0	18.0	217.0	13.0	101.0	111.0	0.0	0.0	0.0	0.0	28.0	35.0	5.0	127.0	361.0	59.0	28.0	63.0	21.0	126.0	0.0	12.0	6.0	0.0	147.0	62.0	4.0	6.0	15.0	94.0	0.0	0.0	280.0	0.0	0.0	0.0	101.0	26.0	9.0	0.0	13.0	157.0	0.0	0.0	432.0	40.0	0.0	0.0	99.0	0.0	0.0	0.0	0.0	83.0	0.0	0.0	35.0	22.0	0.0	0.0	0.0	57.0	0.0	23.0	0.0	0.0	0.0	69.0	357.0	15.0	314.0	151.0	0.0	0.0	34.0	0.0	4.0	0.0	5.0	0.0	0.0	0.0	0.0	0.0	0.0	0.0	0.0	0.0	9.0	862.0	0.0	160.0	0.0	183.0	62.0	0.0	0.0	0.0	55.0	7.0	75.0	19.0	0.0	187.0	0.0	25.0	9.0	0.0	0.0	0.0	0.0	9.0	56.0	17.0	0.0	0.0	85.0	0.0	0.0	0.0	3.0	0.0	0.0	13.0	0.0	0.0	7.0	0.0	0.0	269.0	0.0	54.0	0.0	0.0	0.0	0.0	0.0	0.0	0.0	0.0	0.0	0.0	0.0	0.0	0.0	10.0	0.0	8.0	15.0	10.0	0.0	0.0	0.0	17.0	0.0	0.0	0.0	0.0	0.0	28.0	20.0	44.0	0.0	0.0	0.0	0.0	0.0	0.0	2.0	0.0	0.0	0.0	0.0	0.0	0.0	19.0	0.0	0.0	0.0	0.0	0.0	0.0	0.0	0.0	0.0	0.0	0.0	0.0	0.0	0.0	0.0	0.0	0.0	0.0	0.0	0.0	0.0	0.0	0.0	2.0	0.0	0.0	0.0	0.0	0.0	0.0	0.0	0.0	0.0	0.0	0.0	0.0	0.0	0.0	0.0	0.0	0.0	0.0	0.0	0.0	0.0	0.0	0.0	0.0	0.0	0.0	0.0	0.0	0.0	0.0	0.0	0.0	0.0	0.0	0.0	0.0	0.0	45.0	0.0	0.0	0.0	0.0	0.0	0.0	0.0	0.0	0.0	0.0	0.0	0.0	0.0	0.0	0.0	0.0	0.0	0.0	0.0	0.0	0.0	0.0	0.0	0.0	0.0	0.0	0.0	0.0	0.0	0.0	0.0
SRR9612904	0.0	190.0	1155.0	4.0	12.0	2329.0	73.0	27.0	1792.0	84.0	0.0	17.0	212.0	88.0	8.0	257.0	41.0	47.0	75.0	679.0	177.0	0.0	25.0	248.0	3305.0	0.0	0.0	21.0	8.0	26.0	21.0	88.0	0.0	0.0	0.0	0.0	8.0	74.0	6.0	14.0	57.0	147.0	22.0	153.0	16.0	0.0	0.0	0.0	20.0	0.0	33.0	5.0	0.0	0.0	0.0	0.0	260.0	57.0	0.0	80.0	0.0	158.0	450.0	0.0	0.0	0.0	0.0	21.0	102.0	0.0	128.0	795.0	38.0	8.0	99.0	37.0	52.0	0.0	13.0	19.0	0.0	93.0	533.0	32.0	10.0	4.0	122.0	0.0	0.0	116.0	29.0	0.0	0.0	127.0	23.0	16.0	2.0	0.0	230.0	0.0	0.0	82.0	70.0	0.0	0.0	98.0	0.0	0.0	0.0	0.0	56.0	0.0	0.0	89.0	22.0	0.0	2.0	0.0	208.0	0.0	0.0	0.0	0.0	0.0	112.0	589.0	0.0	192.0	219.0	15.0	0.0	63.0	0.0	8.0	2.0	0.0	0.0	0.0	0.0	0.0	0.0	0.0	0.0	0.0	0.0	0.0	335.0	17.0	60.0	0.0	23.0	114.0	0.0	0.0	2.0	58.0	58.0	69.0	24.0	0.0	127.0	0.0	15.0	7.0	0.0	0.0	0.0	0.0	17.0	21.0	9.0	0.0	0.0	116.0	24.0	4.0	0.0	10.0	0.0	0.0	12.0	0.0	0.0	25.0	0.0	0.0	163.0	0.0	25.0	0.0	9.0	0.0	0.0	0.0	0.0	0.0	8.0	0.0	0.0	0.0	17.0	0.0	13.0	0.0	11.0	32.0	11.0	0.0	0.0	0.0	41.0	0.0	6.0	0.0	2.0	0.0	103.0	0.0	50.0	0.0	0.0	0.0	0.0	0.0	0.0	9.0	0.0	0.0	29.0	7.0	0.0	0.0	9.0	0.0	0.0	0.0	0.0	0.0	0.0	0.0	0.0	0.0	0.0	0.0	0.0	0.0	0.0	0.0	0.0	0.0	0.0	0.0	0.0	0.0	0.0	0.0	22.0	0.0	0.0	0.0	3.0	0.0	0.0	0.0	0.0	0.0	0.0	0.0	0.0	0.0	0.0	0.0	0.0	0.0	0.0	0.0	0.0	0.0	0.0	0.0	0.0	0.0	0.0	0.0	0.0	0.0	0.0	0.0	0.0	0.0	0.0	0.0	0.0	0.0	48.0	0.0	0.0	0.0	0.0	0.0	0.0	0.0	0.0	0.0	0.0	0.0	0.0	0.0	0.0	0.0	0.0	0.0	0.0	0.0	0.0	0.0	0.0	0.0	0.0	0.0	0.0	0.0	0.0	0.0	0.0	0.0
SRR9612905	2.0	1566.0	121.0	0.0	41.0	207.0	17.0	0.0	5303.0	423.0	0.0	7.0	1171.0	272.0	0.0	472.0	0.0	2.0	49.0	682.0	190.0	0.0	6.0	38.0	258.0	0.0	0.0	191.0	33.0	24.0	0.0	17.0	0.0	27.0	0.0	11.0	17.0	56.0	34.0	0.0	82.0	134.0	25.0	2.0	5.0	0.0	0.0	0.0	0.0	0.0	0.0	0.0	0.0	0.0	0.0	0.0	8.0	20.0	0.0	21.0	13.0	603.0	0.0	0.0	0.0	0.0	0.0	12.0	410.0	0.0	286.0	39.0	3.0	9.0	18.0	4.0	3.0	0.0	16.0	0.0	177.0	56.0	39.0	0.0	0.0	0.0	339.0	0.0	0.0	24.0	0.0	0.0	0.0	70.0	0.0	0.0	0.0	9.0	38.0	0.0	0.0	6636.0	0.0	0.0	0.0	0.0	0.0	0.0	2.0	0.0	13.0	0.0	0.0	0.0	0.0	0.0	14.0	0.0	0.0	20.0	0.0	0.0	0.0	0.0	0.0	16.0	0.0	51.0	19.0	505.0	0.0	47.0	0.0	0.0	0.0	30.0	0.0	0.0	45.0	0.0	0.0	0.0	0.0	0.0	0.0	0.0	125.0	14.0	154.0	0.0	93.0	3.0	0.0	0.0	0.0	75.0	0.0	9.0	0.0	0.0	18.0	0.0	43.0	0.0	0.0	0.0	0.0	0.0	0.0	203.0	0.0	0.0	0.0	32.0	0.0	78.0	0.0	0.0	0.0	0.0	7.0	0.0	0.0	11.0	0.0	0.0	17.0	0.0	0.0	0.0	0.0	0.0	0.0	0.0	0.0	0.0	3.0	0.0	0.0	0.0	0.0	0.0	0.0	0.0	0.0	0.0	0.0	0.0	0.0	0.0	9.0	7.0	4.0	0.0	0.0	0.0	0.0	0.0	13.0	12.0	0.0	0.0	0.0	0.0	0.0	0.0	0.0	0.0	6.0	0.0	0.0	0.0	9.0	0.0	0.0	0.0	0.0	0.0	0.0	0.0	0.0	0.0	0.0	0.0	0.0	0.0	0.0	0.0	0.0	0.0	0.0	0.0	0.0	0.0	0.0	0.0	0.0	0.0	0.0	0.0	0.0	0.0	0.0	0.0	0.0	0.0	0.0	0.0	0.0	0.0	0.0	0.0	0.0	0.0	0.0	0.0	0.0	0.0	0.0	0.0	0.0	0.0	0.0	0.0	0.0	0.0	0.0	0.0	0.0	0.0	0.0	0.0	0.0	0.0	11.0	0.0	0.0	0.0	0.0	0.0	0.0	0.0	0.0	0.0	0.0	0.0	0.0	0.0	0.0	0.0	0.0	0.0	0.0	0.0	0.0	0.0	0.0	2.0	0.0	0.0	0.0	0.0	0.0	0.0	0.0	0.0
SRR9612909	0.0	338.0	33.0	0.0	0.0	29.0	0.0	0.0	16648.0	1272.0	0.0	33.0	3641.0	653.0	0.0	1701.0	5.0	0.0	10.0	54.0	58.0	0.0	8.0	36.0	437.0	0.0	13.0	16.0	0.0	0.0	0.0	0.0	0.0	8.0	0.0	8.0	0.0	29.0	217.0	0.0	46.0	169.0	0.0	0.0	2.0	0.0	0.0	0.0	0.0	0.0	0.0	0.0	0.0	0.0	0.0	0.0	5.0	93.0	0.0	14.0	43.0	1863.0	0.0	0.0	0.0	0.0	0.0	0.0	411.0	0.0	273.0	26.0	0.0	41.0	7.0	0.0	5.0	0.0	13.0	11.0	15.0	0.0	0.0	0.0	0.0	0.0	481.0	0.0	0.0	0.0	0.0	0.0	0.0	261.0	2.0	0.0	0.0	8.0	111.0	0.0	0.0	2044.0	19.0	0.0	0.0	0.0	0.0	0.0	0.0	0.0	6.0	0.0	0.0	37.0	16.0	0.0	0.0	0.0	11.0	7.0	0.0	0.0	0.0	0.0	0.0	0.0	26.0	0.0	6.0	1539.0	0.0	137.0	0.0	0.0	0.0	0.0	0.0	0.0	76.0	0.0	0.0	0.0	0.0	0.0	0.0	0.0	28.0	5.0	64.0	0.0	117.0	5.0	0.0	0.0	0.0	241.0	0.0	5.0	0.0	0.0	15.0	0.0	212.0	0.0	0.0	0.0	0.0	0.0	0.0	29.0	4.0	0.0	0.0	27.0	0.0	0.0	0.0	0.0	0.0	0.0	0.0	0.0	0.0	16.0	0.0	0.0	47.0	0.0	0.0	0.0	0.0	0.0	0.0	0.0	0.0	0.0	0.0	0.0	0.0	0.0	0.0	0.0	51.0	0.0	0.0	0.0	0.0	0.0	0.0	0.0	0.0	0.0	0.0	0.0	0.0	0.0	0.0	0.0	71.0	0.0	0.0	0.0	0.0	0.0	0.0	0.0	0.0	0.0	0.0	0.0	0.0	0.0	0.0	2.0	0.0	0.0	0.0	0.0	0.0	0.0	0.0	0.0	0.0	0.0	0.0	0.0	0.0	0.0	0.0	0.0	0.0	0.0	0.0	0.0	0.0	0.0	0.0	0.0	0.0	0.0	0.0	0.0	0.0	0.0	0.0	0.0	0.0	0.0	0.0	0.0	0.0	0.0	0.0	0.0	0.0	0.0	0.0	0.0	0.0	0.0	0.0	0.0	0.0	0.0	0.0	0.0	0.0	0.0	0.0	0.0	0.0	0.0	0.0	0.0	0.0	0.0	0.0	0.0	0.0	0.0	0.0	0.0	0.0	0.0	0.0	0.0	0.0	0.0	0.0	0.0	0.0	0.0	0.0	0.0	0.0	0.0	0.0	0.0	0.0	0.0	0.0	0.0	0.0	0.0	0.0	0.0
SRR9612912	0.0	497.0	1761.0	0.0	116.0	4203.0	197.0	12.0	3990.0	199.0	0.0	25.0	449.0	196.0	17.0	472.0	41.0	10.0	58.0	1934.0	140.0	0.0	36.0	559.0	3394.0	5.0	12.0	33.0	0.0	46.0	19.0	304.0	0.0	8.0	0.0	3.0	0.0	116.0	47.0	35.0	115.0	300.0	18.0	46.0	29.0	0.0	0.0	0.0	7.0	0.0	19.0	0.0	0.0	10.0	0.0	0.0	210.0	73.0	0.0	230.0	6.0	159.0	420.0	0.0	22.0	0.0	14.0	48.0	177.0	11.0	265.0	962.0	21.0	8.0	120.0	32.0	109.0	14.0	0.0	25.0	36.0	89.0	1000.0	0.0	9.0	5.0	211.0	0.0	0.0	205.0	61.0	0.0	0.0	198.0	25.0	21.0	0.0	33.0	142.0	0.0	7.0	85.0	124.0	0.0	0.0	194.0	0.0	0.0	0.0	0.0	81.0	4.0	0.0	33.0	11.0	0.0	0.0	0.0	108.0	31.0	0.0	6.0	0.0	0.0	284.0	645.0	0.0	275.0	246.0	47.0	0.0	99.0	6.0	0.0	0.0	0.0	0.0	0.0	0.0	0.0	0.0	1.0	0.0	4.0	3.0	5.0	624.0	37.0	121.0	0.0	125.0	120.0	2.0	0.0	8.0	130.0	155.0	131.0	34.0	0.0	98.0	0.0	39.0	0.0	11.0	0.0	0.0	0.0	0.0	112.0	15.0	0.0	0.0	72.0	0.0	4.0	0.0	12.0	0.0	0.0	12.0	0.0	0.0	35.0	10.0	3.0	253.0	0.0	46.0	0.0	7.0	0.0	0.0	0.0	0.0	0.0	0.0	0.0	0.0	0.0	13.0	0.0	23.0	0.0	16.0	35.0	13.0	10.0	0.0	0.0	39.0	0.0	15.0	0.0	0.0	0.0	50.0	0.0	70.0	0.0	0.0	2.0	0.0	0.0	0.0	2.0	0.0	0.0	58.0	26.0	0.0	0.0	23.0	0.0	0.0	0.0	0.0	0.0	13.0	0.0	0.0	0.0	0.0	0.0	0.0	0.0	0.0	0.0	0.0	0.0	0.0	0.0	0.0	0.0	12.0	0.0	38.0	3.0	0.0	0.0	3.0	0.0	0.0	0.0	0.0	0.0	0.0	0.0	0.0	0.0	0.0	0.0	0.0	0.0	0.0	2.0	0.0	0.0	0.0	0.0	0.0	0.0	0.0	0.0	0.0	0.0	0.0	0.0	0.0	0.0	0.0	0.0	0.0	0.0	38.0	0.0	0.0	0.0	0.0	0.0	0.0	0.0	0.0	0.0	0.0	0.0	0.0	0.0	0.0	0.0	0.0	0.0	0.0	0.0	0.0	0.0	0.0	0.0	0.0	0.0	0.0	0.0	0.0	0.0	0.0	0.0
SRR9612913	0.0	439.0	1845.0	0.0	13.0	4747.0	111.0	10.0	2450.0	79.0	8.0	23.0	364.0	131.0	8.0	496.0	21.0	27.0	49.0	994.0	244.0	0.0	39.0	383.0	4488.0	4.0	0.0	0.0	0.0	36.0	11.0	47.0	6.0	4.0	0.0	0.0	0.0	112.0	18.0	19.0	68.0	167.0	0.0	388.0	9.0	0.0	0.0	0.0	8.0	0.0	18.0	7.0	0.0	0.0	6.0	0.0	310.0	54.0	28.0	210.0	0.0	147.0	454.0	9.0	0.0	0.0	0.0	32.0	99.0	0.0	246.0	1427.0	38.0	13.0	170.0	31.0	132.0	0.0	8.0	36.0	4.0	127.0	728.0	0.0	22.0	16.0	184.0	0.0	0.0	135.0	20.0	0.0	0.0	160.0	30.0	0.0	0.0	8.0	121.0	0.0	0.0	136.0	54.0	0.0	2.0	371.0	0.0	0.0	5.0	0.0	59.0	0.0	3.0	34.0	24.0	3.0	0.0	0.0	66.0	0.0	18.0	0.0	0.0	0.0	168.0	738.0	0.0	246.0	328.0	52.0	0.0	76.0	0.0	9.0	0.0	0.0	0.0	0.0	0.0	0.0	0.0	11.0	3.0	0.0	0.0	11.0	559.0	10.0	62.0	3.0	195.0	55.0	0.0	0.0	4.0	70.0	40.0	144.0	4.0	0.0	128.0	0.0	42.0	16.0	0.0	0.0	0.0	4.0	0.0	23.0	17.0	0.0	0.0	78.0	0.0	0.0	0.0	7.0	0.0	0.0	7.0	0.0	0.0	0.0	0.0	0.0	210.0	0.0	34.0	0.0	7.0	0.0	0.0	0.0	0.0	0.0	0.0	0.0	0.0	0.0	7.0	0.0	6.0	0.0	6.0	0.0	18.0	4.0	0.0	0.0	34.0	0.0	0.0	0.0	11.0	0.0	54.0	0.0	22.0	0.0	0.0	0.0	0.0	0.0	0.0	3.0	4.0	0.0	27.0	0.0	0.0	0.0	18.0	0.0	0.0	0.0	0.0	0.0	0.0	0.0	0.0	0.0	0.0	0.0	0.0	0.0	0.0	0.0	0.0	0.0	3.0	0.0	0.0	0.0	0.0	0.0	26.0	0.0	0.0	0.0	0.0	0.0	0.0	0.0	0.0	0.0	0.0	0.0	0.0	0.0	0.0	0.0	0.0	0.0	0.0	0.0	0.0	0.0	0.0	0.0	0.0	0.0	0.0	0.0	0.0	0.0	0.0	0.0	0.0	0.0	0.0	0.0	0.0	0.0	25.0	0.0	0.0	0.0	0.0	0.0	0.0	0.0	0.0	0.0	0.0	0.0	0.0	0.0	0.0	0.0	0.0	0.0	0.0	0.0	0.0	0.0	0.0	0.0	0.0	0.0	4.0	0.0	0.0	0.0	0.0	0.0
SRR9612914	0.0	295.0	1383.0	4.0	17.0	2257.0	129.0	0.0	2620.0	141.0	0.0	3.0	362.0	100.0	0.0	674.0	37.0	24.0	79.0	1589.0	90.0	0.0	72.0	354.0	3359.0	0.0	0.0	35.0	14.0	26.0	0.0	195.0	0.0	7.0	18.0	0.0	0.0	150.0	9.0	18.0	84.0	149.0	21.0	4.0	23.0	0.0	4.0	0.0	0.0	0.0	21.0	5.0	0.0	0.0	5.0	0.0	193.0	63.0	15.0	138.0	9.0	112.0	331.0	0.0	0.0	0.0	29.0	0.0	182.0	0.0	142.0	903.0	27.0	10.0	108.0	26.0	38.0	15.0	8.0	5.0	28.0	84.0	565.0	15.0	36.0	14.0	188.0	6.0	0.0	113.0	62.0	0.0	0.0	88.0	15.0	6.0	0.0	27.0	127.0	0.0	0.0	68.0	63.0	0.0	0.0	145.0	0.0	0.0	0.0	0.0	74.0	0.0	0.0	20.0	8.0	0.0	0.0	0.0	131.0	0.0	0.0	0.0	0.0	0.0	192.0	586.0	8.0	128.0	177.0	74.0	0.0	42.0	0.0	6.0	0.0	0.0	0.0	0.0	11.0	0.0	0.0	0.0	0.0	0.0	6.0	0.0	433.0	5.0	52.0	0.0	54.0	65.0	0.0	0.0	0.0	98.0	69.0	109.0	7.0	0.0	105.0	0.0	23.0	0.0	5.0	0.0	0.0	0.0	7.0	39.0	13.0	0.0	0.0	70.0	0.0	0.0	0.0	0.0	0.0	0.0	8.0	0.0	0.0	0.0	0.0	0.0	160.0	0.0	17.0	0.0	8.0	0.0	0.0	0.0	0.0	0.0	0.0	0.0	0.0	2.0	0.0	0.0	15.0	0.0	8.0	30.0	0.0	0.0	0.0	0.0	28.0	0.0	0.0	0.0	8.0	0.0	87.0	0.0	25.0	0.0	0.0	0.0	0.0	0.0	0.0	0.0	0.0	0.0	36.0	15.0	0.0	0.0	11.0	0.0	0.0	0.0	0.0	0.0	0.0	0.0	0.0	0.0	0.0	0.0	0.0	3.0	0.0	0.0	0.0	0.0	0.0	0.0	0.0	0.0	1.0	0.0	21.0	0.0	0.0	0.0	0.0	0.0	0.0	0.0	0.0	0.0	0.0	0.0	0.0	0.0	0.0	0.0	0.0	0.0	0.0	0.0	0.0	0.0	0.0	0.0	0.0	0.0	0.0	0.0	0.0	0.0	0.0	0.0	0.0	0.0	0.0	0.0	0.0	0.0	27.0	0.0	0.0	0.0	0.0	0.0	0.0	0.0	0.0	0.0	0.0	0.0	0.0	0.0	0.0	0.0	0.0	0.0	0.0	0.0	0.0	0.0	0.0	0.0	0.0	0.0	0.0	0.0	0.0	0.0	0.0	0.0
SRR9612915	0.0	288.0	765.0	0.0	144.0	1696.0	82.0	0.0	2557.0	85.0	0.0	8.0	223.0	139.0	4.0	360.0	22.0	25.0	94.0	1025.0	190.0	0.0	35.0	271.0	3324.0	0.0	0.0	23.0	0.0	17.0	11.0	205.0	0.0	0.0	0.0	16.0	16.0	72.0	31.0	15.0	89.0	311.0	71.0	55.0	0.0	0.0	0.0	0.0	15.0	0.0	13.0	2.0	0.0	0.0	6.0	0.0	171.0	56.0	23.0	130.0	28.0	155.0	349.0	0.0	12.0	0.0	17.0	60.0	235.0	0.0	174.0	804.0	66.0	21.0	99.0	39.0	111.0	0.0	0.0	53.0	9.0	53.0	516.0	0.0	7.0	5.0	128.0	0.0	0.0	80.0	0.0	0.0	0.0	152.0	23.0	16.0	0.0	31.0	150.0	0.0	0.0	153.0	53.0	0.0	0.0	94.0	0.0	0.0	0.0	0.0	25.0	0.0	0.0	29.0	14.0	0.0	0.0	0.0	55.0	0.0	8.0	0.0	0.0	0.0	121.0	859.0	0.0	121.0	378.0	28.0	0.0	61.0	0.0	8.0	2.0	0.0	0.0	0.0	0.0	0.0	0.0	0.0	0.0	0.0	5.0	0.0	266.0	0.0	59.0	0.0	127.0	37.0	0.0	0.0	0.0	48.0	29.0	117.0	10.0	0.0	98.0	0.0	0.0	9.0	2.0	0.0	0.0	0.0	0.0	55.0	26.0	0.0	5.0	60.0	12.0	28.0	0.0	11.0	0.0	0.0	4.0	0.0	0.0	11.0	0.0	0.0	144.0	6.0	34.0	0.0	0.0	0.0	0.0	0.0	0.0	0.0	0.0	0.0	0.0	0.0	0.0	0.0	0.0	0.0	0.0	13.0	0.0	0.0	0.0	0.0	15.0	20.0	32.0	0.0	10.0	0.0	15.0	0.0	33.0	0.0	0.0	0.0	0.0	0.0	0.0	0.0	0.0	7.0	25.0	12.0	0.0	0.0	8.0	0.0	0.0	0.0	0.0	0.0	0.0	8.0	0.0	0.0	0.0	0.0	0.0	0.0	0.0	0.0	0.0	0.0	0.0	0.0	0.0	0.0	0.0	0.0	19.0	0.0	0.0	0.0	0.0	0.0	0.0	0.0	0.0	0.0	0.0	0.0	0.0	0.0	0.0	0.0	0.0	0.0	0.0	0.0	0.0	0.0	0.0	0.0	0.0	0.0	0.0	0.0	0.0	0.0	0.0	0.0	0.0	0.0	0.0	0.0	0.0	5.0	25.0	0.0	0.0	0.0	0.0	0.0	0.0	0.0	0.0	0.0	0.0	0.0	0.0	0.0	0.0	0.0	0.0	0.0	0.0	0.0	0.0	0.0	0.0	0.0	0.0	0.0	0.0	0.0	0.0	0.0	0.0	0.0
SRR9612916	0.0	15.0	4.0	0.0	39.0	15.0	0.0	0.0	4182.0	183.0	0.0	0.0	52.0	375.0	0.0	1201.0	0.0	8.0	0.0	34787.0	0.0	0.0	0.0	0.0	82.0	0.0	17.0	485.0	10.0	0.0	0.0	48.0	0.0	34.0	0.0	0.0	0.0	102.0	0.0	23.0	10.0	0.0	6.0	0.0	2.0	0.0	3.0	0.0	0.0	0.0	0.0	0.0	0.0	0.0	0.0	0.0	7.0	0.0	0.0	0.0	0.0	16.0	0.0	0.0	0.0	0.0	99.0	0.0	52.0	0.0	55.0	0.0	0.0	0.0	168.0	0.0	0.0	0.0	104.0	0.0	8.0	0.0	23.0	0.0	0.0	0.0	446.0	0.0	24.0	0.0	20.0	0.0	0.0	0.0	0.0	0.0	3.0	0.0	15.0	0.0	0.0	27.0	15.0	0.0	0.0	2.0	0.0	0.0	0.0	0.0	0.0	0.0	0.0	0.0	0.0	11.0	0.0	0.0	0.0	0.0	0.0	0.0	0.0	0.0	0.0	15.0	0.0	0.0	0.0	15.0	0.0	0.0	68.0	0.0	0.0	0.0	0.0	0.0	0.0	0.0	0.0	0.0	0.0	3.0	0.0	0.0	14.0	5.0	5.0	0.0	43.0	0.0	0.0	0.0	0.0	0.0	9.0	0.0	0.0	0.0	10.0	0.0	210.0	0.0	0.0	0.0	3.0	0.0	0.0	0.0	0.0	0.0	0.0	0.0	0.0	0.0	0.0	0.0	0.0	3.0	0.0	0.0	0.0	8.0	0.0	0.0	0.0	0.0	0.0	0.0	0.0	9.0	0.0	0.0	0.0	0.0	475.0	0.0	0.0	0.0	18.0	0.0	0.0	0.0	0.0	0.0	0.0	0.0	0.0	0.0	0.0	0.0	0.0	0.0	0.0	0.0	0.0	0.0	0.0	0.0	0.0	3.0	0.0	0.0	0.0	0.0	0.0	0.0	0.0	0.0	0.0	0.0	0.0	0.0	0.0	0.0	0.0	0.0	0.0	0.0	0.0	0.0	0.0	0.0	0.0	0.0	0.0	0.0	0.0	4.0	0.0	0.0	0.0	0.0	0.0	0.0	0.0	0.0	0.0	0.0	0.0	0.0	0.0	0.0	0.0	0.0	0.0	0.0	0.0	0.0	0.0	0.0	0.0	0.0	0.0	0.0	0.0	0.0	0.0	0.0	0.0	0.0	0.0	0.0	0.0	0.0	0.0	0.0	0.0	0.0	0.0	0.0	0.0	0.0	0.0	0.0	0.0	0.0	0.0	0.0	0.0	0.0	0.0	0.0	0.0	0.0	0.0	0.0	0.0	0.0	0.0	0.0	0.0	0.0	0.0	0.0	0.0	0.0	0.0	0.0	0.0	0.0	0.0	0.0	0.0	0.0
SRR9612917	0.0	292.0	1583.0	0.0	28.0	3124.0	157.0	20.0	3939.0	184.0	0.0	17.0	262.0	127.0	16.0	724.0	29.0	14.0	39.0	2851.0	134.0	0.0	22.0	433.0	2517.0	0.0	0.0	59.0	19.0	22.0	62.0	269.0	0.0	0.0	0.0	5.0	0.0	172.0	0.0	36.0	80.0	155.0	7.0	42.0	23.0	9.0	8.0	18.0	5.0	12.0	46.0	25.0	0.0	16.0	3.0	5.0	356.0	57.0	29.0	100.0	19.0	216.0	704.0	0.0	10.0	0.0	38.0	31.0	172.0	0.0	288.0	809.0	40.0	9.0	131.0	53.0	94.0	0.0	58.0	26.0	10.0	66.0	1051.0	17.0	44.0	18.0	186.0	0.0	0.0	104.0	68.0	0.0	0.0	104.0	21.0	15.0	10.0	30.0	181.0	6.0	5.0	41.0	78.0	0.0	0.0	231.0	0.0	0.0	0.0	0.0	53.0	0.0	0.0	78.0	14.0	15.0	0.0	0.0	245.0	32.0	19.0	0.0	0.0	0.0	279.0	950.0	10.0	199.0	176.0	74.0	51.0	66.0	12.0	31.0	0.0	0.0	0.0	0.0	0.0	0.0	0.0	0.0	0.0	18.0	6.0	21.0	462.0	19.0	35.0	0.0	59.0	118.0	2.0	22.0	0.0	76.0	293.0	129.0	23.0	0.0	113.0	0.0	0.0	14.0	10.0	0.0	5.0	0.0	14.0	7.0	12.0	0.0	0.0	95.0	28.0	0.0	0.0	17.0	0.0	0.0	8.0	0.0	0.0	37.0	0.0	7.0	229.0	0.0	29.0	0.0	14.0	0.0	3.0	0.0	5.0	0.0	52.0	0.0	0.0	0.0	112.0	0.0	0.0	0.0	7.0	20.0	0.0	0.0	0.0	0.0	42.0	0.0	6.0	0.0	8.0	0.0	207.0	0.0	21.0	0.0	0.0	2.0	0.0	6.0	0.0	7.0	0.0	3.0	45.0	149.0	0.0	0.0	24.0	0.0	0.0	0.0	0.0	0.0	0.0	0.0	0.0	6.0	0.0	0.0	0.0	0.0	0.0	0.0	0.0	8.0	0.0	0.0	0.0	0.0	14.0	15.0	42.0	0.0	0.0	0.0	7.0	0.0	0.0	0.0	0.0	0.0	0.0	0.0	0.0	0.0	0.0	0.0	0.0	0.0	0.0	0.0	0.0	0.0	0.0	0.0	0.0	0.0	0.0	0.0	0.0	0.0	0.0	0.0	0.0	0.0	0.0	0.0	0.0	0.0	22.0	0.0	0.0	0.0	0.0	0.0	0.0	0.0	0.0	0.0	0.0	0.0	0.0	0.0	0.0	0.0	0.0	0.0	0.0	0.0	0.0	3.0	0.0	0.0	0.0	0.0	0.0	0.0	0.0	0.0	0.0	0.0
SRR9612918	2.0	123.0	845.0	0.0	5.0	2310.0	119.0	4.0	1756.0	124.0	0.0	7.0	121.0	85.0	3.0	189.0	33.0	8.0	85.0	485.0	158.0	0.0	18.0	201.0	1516.0	0.0	0.0	8.0	7.0	23.0	1.0	38.0	2.0	6.0	11.0	0.0	0.0	79.0	0.0	23.0	98.0	97.0	0.0	28.0	8.0	0.0	3.0	0.0	34.0	0.0	15.0	8.0	0.0	0.0	0.0	0.0	37.0	53.0	0.0	80.0	7.0	60.0	135.0	0.0	0.0	0.0	0.0	18.0	137.0	4.0	95.0	580.0	23.0	0.0	17.0	20.0	55.0	0.0	11.0	31.0	0.0	73.0	386.0	0.0	16.0	5.0	72.0	0.0	0.0	69.0	0.0	0.0	0.0	67.0	29.0	0.0	2.0	5.0	123.0	0.0	2.0	81.0	19.0	0.0	0.0	168.0	0.0	0.0	0.0	0.0	29.0	0.0	0.0	19.0	0.0	0.0	0.0	9.0	23.0	10.0	0.0	0.0	0.0	0.0	82.0	374.0	0.0	113.0	178.0	28.0	0.0	30.0	0.0	0.0	0.0	0.0	0.0	0.0	0.0	0.0	0.0	0.0	0.0	0.0	0.0	0.0	219.0	11.0	12.0	0.0	44.0	28.0	0.0	0.0	0.0	35.0	20.0	59.0	0.0	0.0	78.0	0.0	0.0	0.0	0.0	0.0	0.0	0.0	7.0	19.0	10.0	0.0	0.0	73.0	0.0	0.0	0.0	0.0	0.0	0.0	22.0	0.0	0.0	5.0	0.0	0.0	164.0	0.0	18.0	0.0	10.0	0.0	0.0	0.0	0.0	0.0	0.0	0.0	0.0	0.0	7.0	0.0	14.0	0.0	0.0	18.0	0.0	0.0	0.0	0.0	18.0	6.0	0.0	0.0	0.0	0.0	0.0	0.0	12.0	0.0	0.0	0.0	0.0	0.0	0.0	0.0	0.0	0.0	19.0	0.0	0.0	0.0	0.0	0.0	0.0	0.0	0.0	0.0	0.0	0.0	0.0	0.0	0.0	0.0	0.0	0.0	0.0	0.0	0.0	0.0	0.0	0.0	0.0	0.0	0.0	0.0	20.0	0.0	0.0	0.0	0.0	0.0	0.0	0.0	0.0	0.0	0.0	0.0	0.0	0.0	0.0	0.0	0.0	0.0	0.0	0.0	0.0	0.0	0.0	0.0	0.0	0.0	0.0	0.0	0.0	0.0	0.0	0.0	0.0	0.0	0.0	0.0	0.0	0.0	9.0	0.0	0.0	0.0	0.0	0.0	0.0	0.0	0.0	0.0	0.0	0.0	0.0	0.0	0.0	0.0	0.0	0.0	0.0	0.0	0.0	0.0	0.0	0.0	0.0	0.0	0.0	0.0	0.0	0.0	0.0	0.0
SRR9612920	0.0	260.0	838.0	0.0	0.0	3555.0	156.0	0.0	2637.0	128.0	0.0	22.0	291.0	124.0	10.0	327.0	0.0	5.0	36.0	695.0	218.0	2.0	49.0	272.0	1277.0	0.0	0.0	7.0	0.0	37.0	0.0	65.0	0.0	0.0	17.0	7.0	9.0	94.0	36.0	59.0	115.0	193.0	6.0	656.0	16.0	0.0	0.0	0.0	21.0	0.0	5.0	0.0	0.0	0.0	0.0	11.0	39.0	88.0	0.0	175.0	1.0	192.0	172.0	0.0	0.0	0.0	0.0	14.0	153.0	15.0	173.0	538.0	27.0	16.0	54.0	8.0	30.0	0.0	0.0	108.0	4.0	134.0	517.0	0.0	15.0	10.0	133.0	12.0	0.0	146.0	17.0	0.0	0.0	154.0	39.0	6.0	0.0	0.0	187.0	0.0	0.0	107.0	35.0	0.0	0.0	197.0	0.0	0.0	3.0	0.0	67.0	0.0	14.0	25.0	0.0	0.0	0.0	0.0	42.0	0.0	15.0	0.0	0.0	0.0	219.0	354.0	0.0	210.0	110.0	19.0	0.0	24.0	0.0	0.0	0.0	0.0	3.0	0.0	19.0	0.0	0.0	0.0	0.0	0.0	0.0	15.0	469.0	19.0	97.0	0.0	116.0	36.0	0.0	0.0	0.0	41.0	39.0	44.0	28.0	0.0	91.0	0.0	0.0	10.0	0.0	0.0	0.0	4.0	17.0	50.0	21.0	0.0	0.0	57.0	0.0	0.0	0.0	0.0	0.0	0.0	3.0	0.0	0.0	0.0	0.0	0.0	229.0	7.0	34.0	0.0	7.0	0.0	0.0	0.0	16.0	0.0	0.0	0.0	0.0	0.0	5.0	0.0	0.0	0.0	15.0	11.0	12.0	15.0	0.0	0.0	18.0	0.0	4.0	0.0	0.0	3.0	76.0	0.0	14.0	0.0	0.0	0.0	0.0	0.0	0.0	0.0	6.0	0.0	30.0	0.0	0.0	0.0	32.0	0.0	0.0	0.0	0.0	0.0	5.0	0.0	0.0	0.0	0.0	0.0	0.0	0.0	0.0	0.0	0.0	0.0	0.0	0.0	0.0	0.0	0.0	0.0	17.0	0.0	0.0	0.0	0.0	0.0	0.0	0.0	0.0	0.0	0.0	0.0	0.0	0.0	0.0	0.0	0.0	0.0	0.0	0.0	0.0	0.0	0.0	0.0	0.0	0.0	0.0	0.0	0.0	0.0	0.0	0.0	0.0	0.0	0.0	0.0	0.0	0.0	22.0	0.0	0.0	0.0	0.0	0.0	0.0	0.0	0.0	0.0	0.0	0.0	0.0	0.0	0.0	0.0	0.0	0.0	0.0	0.0	0.0	0.0	0.0	0.0	0.0	0.0	0.0	0.0	0.0	0.0	0.0	0.0
SRR9612921	0.0	32.0	872.0	6.0	106.0	1721.0	70.0	6.0	2056.0	123.0	9.0	41.0	146.0	55.0	15.0	316.0	25.0	17.0	164.0	427.0	460.0	0.0	43.0	210.0	1581.0	6.0	12.0	4.0	0.0	7.0	15.0	33.0	0.0	0.0	0.0	0.0	17.0	43.0	22.0	32.0	85.0	313.0	14.0	187.0	14.0	0.0	0.0	0.0	28.0	0.0	20.0	0.0	0.0	0.0	0.0	0.0	67.0	77.0	0.0	125.0	18.0	264.0	159.0	0.0	0.0	0.0	5.0	43.0	83.0	0.0	262.0	442.0	76.0	24.0	35.0	32.0	71.0	11.0	0.0	577.0	0.0	48.0	198.0	0.0	0.0	9.0	98.0	10.0	0.0	31.0	0.0	0.0	0.0	70.0	18.0	0.0	0.0	12.0	239.0	0.0	2.0	0.0	46.0	0.0	0.0	63.0	0.0	0.0	0.0	0.0	37.0	0.0	0.0	13.0	5.0	4.0	0.0	0.0	50.0	0.0	8.0	0.0	0.0	0.0	56.0	644.0	0.0	68.0	362.0	33.0	0.0	14.0	0.0	0.0	0.0	4.0	0.0	0.0	0.0	0.0	0.0	0.0	0.0	0.0	0.0	0.0	78.0	20.0	34.0	0.0	0.0	35.0	0.0	0.0	0.0	13.0	12.0	49.0	23.0	0.0	58.0	0.0	0.0	0.0	2.0	0.0	0.0	0.0	0.0	0.0	10.0	0.0	29.0	68.0	0.0	19.0	0.0	0.0	2.0	0.0	0.0	0.0	0.0	4.0	0.0	0.0	130.0	0.0	18.0	0.0	15.0	0.0	0.0	0.0	5.0	0.0	0.0	0.0	0.0	0.0	0.0	0.0	9.0	0.0	24.0	19.0	0.0	0.0	0.0	0.0	0.0	0.0	0.0	0.0	0.0	0.0	29.0	0.0	50.0	0.0	0.0	0.0	0.0	0.0	0.0	6.0	0.0	0.0	36.0	0.0	0.0	0.0	15.0	5.0	0.0	0.0	0.0	0.0	0.0	0.0	0.0	0.0	0.0	44.0	0.0	0.0	0.0	0.0	0.0	0.0	0.0	0.0	0.0	0.0	0.0	0.0	9.0	0.0	0.0	0.0	0.0	0.0	0.0	0.0	0.0	0.0	0.0	0.0	0.0	0.0	0.0	0.0	0.0	5.0	0.0	0.0	0.0	0.0	0.0	0.0	0.0	0.0	0.0	0.0	0.0	0.0	0.0	0.0	0.0	0.0	0.0	0.0	0.0	0.0	24.0	0.0	0.0	0.0	0.0	0.0	0.0	0.0	0.0	0.0	0.0	0.0	0.0	0.0	0.0	0.0	0.0	0.0	0.0	0.0	0.0	0.0	0.0	0.0	0.0	0.0	0.0	0.0	0.0	0.0	0.0	0.0
SRR9612923	0.0	43.0	857.0	0.0	0.0	1948.0	101.0	7.0	5941.0	198.0	0.0	23.0	255.0	88.0	5.0	364.0	18.0	18.0	176.0	482.0	442.0	3.0	21.0	259.0	1147.0	0.0	0.0	22.0	7.0	17.0	5.0	53.0	32.0	27.0	14.0	0.0	0.0	68.0	23.0	32.0	49.0	204.0	0.0	362.0	18.0	0.0	0.0	0.0	57.0	0.0	21.0	0.0	0.0	0.0	0.0	0.0	67.0	62.0	0.0	538.0	128.0	262.0	157.0	0.0	0.0	0.0	0.0	22.0	109.0	0.0	205.0	571.0	47.0	4.0	44.0	21.0	65.0	0.0	4.0	202.0	0.0	33.0	296.0	0.0	5.0	6.0	56.0	0.0	0.0	43.0	0.0	0.0	0.0	173.0	47.0	19.0	0.0	36.0	144.0	0.0	0.0	63.0	56.0	0.0	0.0	153.0	0.0	2.0	0.0	0.0	34.0	0.0	0.0	41.0	0.0	0.0	0.0	5.0	23.0	0.0	6.0	0.0	0.0	0.0	131.0	315.0	13.0	81.0	163.0	56.0	0.0	43.0	0.0	0.0	0.0	15.0	0.0	0.0	0.0	0.0	0.0	0.0	0.0	0.0	0.0	15.0	187.0	16.0	42.0	0.0	23.0	37.0	0.0	0.0	0.0	25.0	21.0	42.0	19.0	0.0	47.0	0.0	0.0	7.0	0.0	0.0	0.0	0.0	0.0	0.0	9.0	0.0	0.0	51.0	0.0	0.0	0.0	0.0	0.0	0.0	9.0	0.0	0.0	4.0	4.0	0.0	156.0	26.0	20.0	8.0	12.0	0.0	2.0	0.0	19.0	0.0	0.0	0.0	0.0	0.0	5.0	0.0	0.0	0.0	0.0	23.0	0.0	0.0	0.0	0.0	11.0	0.0	3.0	0.0	0.0	62.0	0.0	0.0	27.0	0.0	0.0	0.0	0.0	0.0	0.0	9.0	2.0	0.0	27.0	0.0	0.0	0.0	16.0	0.0	0.0	0.0	0.0	0.0	0.0	0.0	0.0	0.0	0.0	0.0	0.0	0.0	0.0	0.0	0.0	0.0	0.0	0.0	0.0	0.0	0.0	0.0	9.0	0.0	0.0	0.0	0.0	0.0	0.0	0.0	0.0	0.0	0.0	0.0	0.0	0.0	0.0	0.0	0.0	0.0	0.0	0.0	0.0	0.0	0.0	0.0	0.0	0.0	0.0	0.0	0.0	0.0	0.0	0.0	0.0	0.0	0.0	0.0	0.0	0.0	7.0	0.0	0.0	0.0	0.0	0.0	0.0	0.0	0.0	0.0	0.0	0.0	0.0	0.0	0.0	0.0	0.0	0.0	0.0	0.0	0.0	0.0	0.0	0.0	0.0	0.0	0.0	0.0	0.0	0.0	0.0	0.0
SRR9612926	0.0	539.0	34.0	17.0	20.0	16.0	0.0	0.0	4182.0	768.0	0.0	15.0	257.0	709.0	9.0	1993.0	2.0	28.0	59.0	557.0	121.0	0.0	7.0	27.0	327.0	0.0	0.0	39.0	37.0	0.0	0.0	0.0	0.0	31.0	0.0	0.0	0.0	0.0	44.0	15.0	30.0	105.0	0.0	0.0	8.0	0.0	0.0	0.0	13.0	0.0	0.0	0.0	0.0	0.0	0.0	0.0	3.0	150.0	0.0	15.0	66.0	424.0	0.0	0.0	0.0	0.0	11.0	0.0	166.0	0.0	243.0	6.0	0.0	54.0	32.0	6.0	6.0	0.0	25.0	41.0	17.0	9.0	0.0	5.0	0.0	0.0	699.0	0.0	0.0	0.0	0.0	0.0	0.0	112.0	0.0	0.0	0.0	9.0	19.0	0.0	0.0	2042.0	152.0	8.0	0.0	0.0	0.0	0.0	0.0	0.0	0.0	0.0	0.0	52.0	13.0	0.0	0.0	0.0	54.0	0.0	0.0	0.0	0.0	0.0	0.0	0.0	0.0	0.0	23.0	2017.0	0.0	141.0	38.0	0.0	5.0	2.0	3.0	0.0	3.0	0.0	0.0	0.0	0.0	0.0	0.0	4.0	29.0	0.0	24.0	3.0	298.0	3.0	0.0	0.0	0.0	444.0	0.0	24.0	0.0	0.0	15.0	0.0	312.0	0.0	0.0	0.0	0.0	0.0	0.0	53.0	0.0	0.0	9.0	6.0	0.0	0.0	0.0	0.0	0.0	0.0	2.0	0.0	0.0	223.0	0.0	0.0	0.0	0.0	0.0	0.0	0.0	0.0	0.0	0.0	15.0	0.0	58.0	0.0	0.0	0.0	0.0	0.0	234.0	0.0	26.0	0.0	0.0	8.0	0.0	0.0	0.0	0.0	3.0	0.0	0.0	0.0	0.0	0.0	45.0	0.0	0.0	0.0	0.0	0.0	0.0	2.0	0.0	0.0	0.0	0.0	0.0	0.0	0.0	0.0	0.0	0.0	0.0	0.0	0.0	0.0	0.0	0.0	0.0	0.0	0.0	0.0	0.0	0.0	0.0	0.0	0.0	0.0	0.0	0.0	0.0	0.0	0.0	0.0	0.0	0.0	0.0	0.0	0.0	0.0	0.0	0.0	0.0	0.0	0.0	0.0	0.0	0.0	0.0	0.0	0.0	0.0	0.0	0.0	0.0	0.0	0.0	0.0	0.0	0.0	0.0	0.0	0.0	0.0	0.0	0.0	0.0	0.0	0.0	0.0	0.0	0.0	0.0	0.0	0.0	0.0	0.0	0.0	0.0	0.0	0.0	0.0	0.0	0.0	0.0	0.0	0.0	0.0	0.0	0.0	0.0	0.0	0.0	0.0	0.0	0.0	0.0	0.0	0.0	0.0	0.0	0.0
SRR9612929	0.0	76.0	45.0	6.0	89.0	15.0	7.0	0.0	7094.0	216.0	0.0	6.0	762.0	289.0	0.0	1240.0	0.0	8.0	7.0	2150.0	113.0	0.0	0.0	28.0	89.0	0.0	0.0	206.0	58.0	0.0	0.0	19.0	0.0	63.0	0.0	0.0	0.0	57.0	84.0	12.0	9.0	65.0	23.0	0.0	3.0	0.0	0.0	0.0	4.0	0.0	0.0	0.0	0.0	0.0	0.0	0.0	4.0	39.0	0.0	0.0	1048.0	134.0	0.0	0.0	0.0	0.0	15.0	5.0	221.0	0.0	84.0	16.0	3.0	0.0	10.0	2.0	0.0	0.0	30.0	40.0	351.0	0.0	22.0	0.0	0.0	0.0	124.0	0.0	0.0	0.0	0.0	0.0	0.0	22.0	0.0	0.0	0.0	16.0	33.0	0.0	0.0	258.0	61.0	0.0	0.0	0.0	0.0	0.0	0.0	0.0	0.0	0.0	0.0	0.0	0.0	3.0	8.0	0.0	4.0	9.0	0.0	0.0	0.0	0.0	0.0	4.0	0.0	3.0	11.0	574.0	0.0	69.0	53.0	0.0	0.0	9.0	0.0	0.0	0.0	0.0	0.0	0.0	0.0	0.0	0.0	2.0	9.0	4.0	6.0	0.0	0.0	3.0	0.0	0.0	0.0	81.0	0.0	9.0	0.0	0.0	0.0	0.0	132.0	0.0	0.0	0.0	0.0	0.0	0.0	12.0	0.0	0.0	7.0	5.0	0.0	11.0	0.0	0.0	0.0	0.0	0.0	0.0	0.0	34.0	0.0	0.0	0.0	0.0	0.0	0.0	0.0	0.0	0.0	0.0	10.0	0.0	67.0	0.0	0.0	0.0	0.0	0.0	0.0	0.0	0.0	0.0	0.0	0.0	0.0	2.0	0.0	0.0	24.0	0.0	0.0	0.0	0.0	0.0	9.0	0.0	0.0	0.0	0.0	0.0	0.0	0.0	0.0	0.0	0.0	0.0	0.0	0.0	0.0	0.0	0.0	0.0	0.0	0.0	0.0	0.0	0.0	0.0	0.0	0.0	0.0	0.0	0.0	0.0	0.0	0.0	7.0	0.0	0.0	0.0	0.0	0.0	0.0	0.0	0.0	0.0	0.0	0.0	0.0	0.0	0.0	0.0	0.0	0.0	0.0	0.0	0.0	0.0	0.0	0.0	0.0	0.0	0.0	0.0	0.0	0.0	0.0	0.0	0.0	0.0	0.0	0.0	0.0	0.0	0.0	0.0	0.0	0.0	0.0	0.0	0.0	0.0	0.0	0.0	0.0	0.0	0.0	0.0	0.0	0.0	0.0	0.0	0.0	0.0	0.0	0.0	0.0	0.0	0.0	0.0	0.0	0.0	0.0	0.0	0.0	0.0	0.0	0.0	0.0	0.0	0.0	0.0
SRR9612930	0.0	224.0	3.0	0.0	3400.0	10.0	0.0	0.0	9494.0	215.0	0.0	0.0	308.0	6240.0	0.0	912.0	0.0	4.0	0.0	2233.0	328.0	0.0	0.0	6.0	30.0	0.0	0.0	215.0	78.0	0.0	0.0	43.0	3436.0	56.0	0.0	0.0	0.0	24.0	10.0	18.0	14.0	312.0	42.0	0.0	0.0	0.0	0.0	0.0	0.0	0.0	0.0	17.0	0.0	0.0	0.0	0.0	2.0	17.0	0.0	0.0	7.0	69.0	0.0	0.0	0.0	108.0	206.0	854.0	143.0	0.0	233.0	7.0	0.0	4.0	66.0	0.0	3.0	0.0	31.0	0.0	84.0	0.0	72.0	0.0	0.0	0.0	498.0	0.0	0.0	0.0	0.0	0.0	0.0	255.0	0.0	0.0	0.0	451.0	11.0	0.0	0.0	179.0	19.0	0.0	0.0	0.0	0.0	0.0	0.0	0.0	0.0	0.0	0.0	0.0	0.0	0.0	0.0	0.0	0.0	0.0	0.0	0.0	0.0	0.0	6.0	0.0	0.0	3.0	4.0	104.0	0.0	55.0	86.0	0.0	0.0	0.0	0.0	0.0	0.0	0.0	4.0	0.0	0.0	6.0	0.0	0.0	9.0	0.0	4.0	0.0	26.0	0.0	0.0	0.0	0.0	93.0	0.0	0.0	0.0	0.0	0.0	0.0	162.0	0.0	0.0	0.0	0.0	0.0	0.0	0.0	0.0	0.0	0.0	0.0	3.0	401.0	0.0	0.0	0.0	6.0	0.0	0.0	0.0	26.0	0.0	0.0	2476.0	0.0	0.0	0.0	0.0	0.0	0.0	0.0	18.0	0.0	757.0	0.0	0.0	0.0	0.0	0.0	11.0	0.0	0.0	0.0	0.0	5.0	0.0	0.0	0.0	0.0	2140.0	0.0	0.0	0.0	0.0	0.0	11.0	0.0	0.0	0.0	0.0	0.0	0.0	0.0	0.0	0.0	0.0	0.0	0.0	0.0	0.0	0.0	0.0	0.0	0.0	0.0	0.0	0.0	0.0	0.0	0.0	0.0	0.0	0.0	0.0	0.0	0.0	0.0	0.0	0.0	0.0	0.0	0.0	0.0	0.0	0.0	0.0	0.0	0.0	0.0	0.0	0.0	0.0	0.0	0.0	0.0	0.0	0.0	0.0	0.0	0.0	0.0	0.0	0.0	0.0	0.0	0.0	0.0	0.0	0.0	0.0	0.0	0.0	0.0	0.0	0.0	0.0	0.0	0.0	0.0	0.0	0.0	0.0	0.0	0.0	0.0	0.0	0.0	0.0	0.0	0.0	0.0	0.0	0.0	0.0	0.0	0.0	0.0	0.0	0.0	0.0	0.0	0.0	0.0	0.0	0.0	0.0	0.0	0.0	0.0	0.0	0.0	0.0	0.0
SRR9612931	0.0	49.0	12.0	0.0	365.0	10.0	0.0	0.0	4085.0	341.0	0.0	7.0	146.0	305.0	0.0	2170.0	0.0	5.0	6.0	31333.0	7.0	0.0	0.0	11.0	161.0	0.0	0.0	493.0	29.0	0.0	0.0	38.0	0.0	68.0	0.0	0.0	0.0	201.0	0.0	25.0	18.0	29.0	12.0	0.0	0.0	0.0	2.0	0.0	0.0	0.0	0.0	0.0	0.0	0.0	0.0	0.0	3.0	0.0	0.0	0.0	5.0	110.0	0.0	0.0	0.0	7.0	85.0	0.0	212.0	0.0	116.0	38.0	0.0	6.0	133.0	0.0	0.0	0.0	332.0	0.0	16.0	0.0	39.0	0.0	3.0	0.0	519.0	0.0	14.0	0.0	19.0	1.0	0.0	0.0	0.0	0.0	6.0	0.0	42.0	0.0	0.0	8.0	8.0	0.0	0.0	0.0	0.0	0.0	0.0	0.0	0.0	0.0	0.0	0.0	0.0	12.0	0.0	0.0	11.0	7.0	0.0	0.0	0.0	0.0	0.0	0.0	0.0	6.0	0.0	109.0	0.0	17.0	235.0	0.0	0.0	0.0	0.0	0.0	0.0	0.0	0.0	0.0	0.0	0.0	0.0	0.0	10.0	4.0	0.0	3.0	11.0	0.0	0.0	6.0	0.0	46.0	6.0	0.0	0.0	0.0	0.0	0.0	306.0	0.0	0.0	0.0	0.0	0.0	0.0	0.0	0.0	0.0	0.0	0.0	0.0	0.0	0.0	0.0	0.0	7.0	0.0	0.0	0.0	34.0	0.0	0.0	21.0	0.0	0.0	0.0	0.0	6.0	0.0	0.0	7.0	0.0	1170.0	0.0	0.0	0.0	3.0	8.0	0.0	0.0	0.0	0.0	0.0	0.0	0.0	0.0	0.0	0.0	1359.0	0.0	0.0	0.0	0.0	0.0	1.0	0.0	0.0	0.0	0.0	0.0	0.0	2.0	0.0	0.0	0.0	0.0	0.0	0.0	0.0	0.0	0.0	9.0	0.0	0.0	0.0	0.0	0.0	0.0	0.0	0.0	0.0	0.0	0.0	4.0	0.0	0.0	2.0	0.0	0.0	0.0	0.0	0.0	0.0	0.0	0.0	0.0	0.0	0.0	0.0	0.0	0.0	0.0	0.0	0.0	0.0	0.0	0.0	0.0	0.0	0.0	0.0	0.0	0.0	0.0	0.0	0.0	4.0	0.0	0.0	0.0	0.0	0.0	0.0	0.0	0.0	0.0	0.0	0.0	0.0	0.0	0.0	0.0	0.0	3.0	0.0	0.0	0.0	0.0	0.0	0.0	0.0	0.0	0.0	0.0	0.0	0.0	0.0	0.0	0.0	0.0	0.0	0.0	0.0	0.0	0.0	0.0	0.0	0.0	0.0	0.0	0.0	0.0
SRR9612932	0.0	1156.0	31.0	84.0	19.0	10.0	0.0	49.0	17687.0	875.0	0.0	46.0	655.0	1728.0	0.0	2872.0	12.0	229.0	117.0	2197.0	1345.0	0.0	56.0	26.0	560.0	0.0	0.0	126.0	78.0	32.0	0.0	72.0	0.0	65.0	3.0	4.0	0.0	66.0	88.0	30.0	25.0	364.0	18.0	6.0	57.0	0.0	0.0	0.0	0.0	0.0	9.0	0.0	0.0	0.0	0.0	0.0	0.0	285.0	0.0	9.0	228.0	808.0	0.0	0.0	0.0	13.0	77.0	0.0	374.0	0.0	1795.0	22.0	0.0	137.0	49.0	33.0	0.0	0.0	183.0	76.0	210.0	0.0	20.0	3.0	5.0	0.0	1216.0	18.0	2.0	0.0	7.0	0.0	0.0	413.0	0.0	55.0	0.0	32.0	33.0	0.0	0.0	360.0	113.0	5.0	0.0	0.0	0.0	0.0	0.0	0.0	0.0	0.0	0.0	54.0	49.0	0.0	3.0	0.0	236.0	17.0	0.0	0.0	0.0	0.0	0.0	0.0	0.0	5.0	52.0	1216.0	0.0	397.0	76.0	0.0	92.0	8.0	13.0	0.0	0.0	0.0	0.0	0.0	0.0	8.0	0.0	0.0	0.0	31.0	0.0	0.0	526.0	6.0	0.0	0.0	3.0	986.0	0.0	51.0	0.0	0.0	14.0	0.0	2537.0	0.0	0.0	0.0	0.0	0.0	0.0	12.0	0.0	0.0	330.0	4.0	0.0	0.0	0.0	0.0	0.0	70.0	7.0	0.0	0.0	723.0	0.0	3.0	73.0	0.0	0.0	0.0	0.0	0.0	0.0	0.0	235.0	0.0	748.0	5.0	0.0	0.0	0.0	3.0	138.0	0.0	21.0	9.0	0.0	5.0	0.0	0.0	0.0	29.0	5.0	0.0	0.0	0.0	0.0	0.0	27.0	0.0	0.0	0.0	0.0	0.0	0.0	3.0	0.0	0.0	0.0	0.0	0.0	0.0	114.0	9.0	0.0	0.0	0.0	0.0	0.0	0.0	0.0	0.0	0.0	12.0	4.0	4.0	0.0	0.0	0.0	0.0	2.0	0.0	0.0	0.0	14.0	0.0	17.0	0.0	0.0	0.0	0.0	0.0	0.0	0.0	0.0	0.0	0.0	0.0	0.0	0.0	0.0	0.0	0.0	0.0	0.0	0.0	0.0	0.0	0.0	0.0	0.0	0.0	0.0	0.0	0.0	0.0	0.0	0.0	0.0	0.0	0.0	0.0	0.0	0.0	0.0	0.0	0.0	0.0	0.0	0.0	0.0	0.0	0.0	0.0	0.0	0.0	0.0	0.0	0.0	0.0	0.0	0.0	0.0	0.0	0.0	0.0	0.0	0.0	0.0	0.0	0.0	0.0	0.0	0.0	0.0	0.0
SRR9612933	0.0	1115.0	30.0	0.0	877.0	32.0	7.0	0.0	11599.0	772.0	5.0	39.0	1553.0	2612.0	0.0	3421.0	0.0	21.0	37.0	4849.0	59.0	0.0	13.0	72.0	461.0	0.0	7.0	327.0	129.0	0.0	0.0	96.0	27.0	43.0	0.0	0.0	0.0	96.0	0.0	12.0	0.0	157.0	8.0	0.0	0.0	0.0	3.0	0.0	0.0	0.0	0.0	0.0	0.0	3.0	0.0	0.0	4.0	29.0	0.0	10.0	0.0	268.0	0.0	0.0	0.0	12.0	234.0	0.0	327.0	0.0	314.0	34.0	0.0	24.0	105.0	0.0	7.0	3.0	79.0	0.0	89.0	0.0	65.0	5.0	0.0	0.0	1295.0	0.0	0.0	0.0	8.0	0.0	0.0	69.0	0.0	0.0	0.0	10.0	109.0	0.0	3.0	1677.0	134.0	0.0	0.0	0.0	0.0	0.0	0.0	0.0	0.0	0.0	0.0	6.0	0.0	0.0	4.0	2.0	24.0	7.0	0.0	0.0	0.0	0.0	0.0	44.0	0.0	10.0	31.0	608.0	0.0	90.0	142.0	0.0	2.0	0.0	0.0	0.0	38.0	0.0	0.0	0.0	0.0	0.0	0.0	2.0	76.0	0.0	79.0	7.0	16.0	3.0	0.0	0.0	0.0	365.0	8.0	13.0	0.0	0.0	16.0	0.0	1538.0	0.0	0.0	0.0	6.0	0.0	0.0	26.0	0.0	0.0	0.0	13.0	0.0	0.0	0.0	0.0	0.0	9.0	4.0	0.0	0.0	17.0	0.0	0.0	384.0	0.0	0.0	0.0	0.0	0.0	0.0	0.0	0.0	0.0	589.0	0.0	0.0	0.0	0.0	13.0	87.0	0.0	6.0	0.0	0.0	0.0	0.0	0.0	10.0	0.0	8237.0	0.0	0.0	0.0	9.0	0.0	104.0	0.0	0.0	0.0	0.0	0.0	0.0	0.0	0.0	0.0	0.0	2.0	0.0	0.0	0.0	8.0	0.0	2.0	0.0	0.0	0.0	0.0	0.0	0.0	0.0	0.0	0.0	0.0	0.0	0.0	0.0	0.0	0.0	0.0	0.0	0.0	0.0	0.0	0.0	0.0	0.0	0.0	0.0	0.0	0.0	0.0	0.0	0.0	0.0	0.0	0.0	0.0	0.0	0.0	0.0	0.0	0.0	0.0	0.0	0.0	0.0	0.0	0.0	0.0	0.0	0.0	0.0	0.0	0.0	0.0	0.0	0.0	0.0	0.0	0.0	0.0	0.0	0.0	0.0	0.0	0.0	0.0	0.0	0.0	0.0	0.0	0.0	0.0	0.0	0.0	0.0	0.0	0.0	0.0	0.0	0.0	0.0	0.0	0.0	0.0	0.0	0.0	0.0	0.0	0.0	0.0	0.0	0.0
SRR9612934	0.0	154.0	3.0	0.0	1464.0	15.0	7.0	0.0	18363.0	62.0	0.0	2.0	68.0	1237.0	0.0	1339.0	0.0	0.0	7.0	3622.0	177.0	0.0	3.0	0.0	76.0	0.0	0.0	845.0	113.0	0.0	0.0	64.0	0.0	151.0	0.0	0.0	0.0	32.0	0.0	6.0	22.0	40.0	0.0	0.0	0.0	0.0	0.0	0.0	0.0	0.0	0.0	0.0	0.0	0.0	0.0	0.0	0.0	22.0	0.0	0.0	9.0	128.0	12.0	0.0	0.0	0.0	86.0	21.0	447.0	0.0	100.0	0.0	0.0	3.0	49.0	0.0	3.0	6.0	56.0	6.0	2144.0	0.0	19.0	2.0	0.0	0.0	292.0	0.0	0.0	0.0	0.0	0.0	0.0	0.0	0.0	0.0	0.0	180.0	16.0	0.0	0.0	146.0	227.0	0.0	0.0	0.0	0.0	0.0	0.0	0.0	0.0	0.0	0.0	0.0	0.0	0.0	3.0	0.0	25.0	0.0	0.0	0.0	0.0	0.0	0.0	0.0	4.0	0.0	0.0	39.0	0.0	321.0	147.0	0.0	0.0	0.0	0.0	0.0	0.0	0.0	0.0	0.0	0.0	8.0	0.0	0.0	0.0	3.0	0.0	0.0	0.0	0.0	0.0	0.0	0.0	161.0	0.0	0.0	0.0	0.0	0.0	0.0	1894.0	0.0	0.0	0.0	0.0	0.0	0.0	7.0	0.0	0.0	0.0	4.0	0.0	0.0	0.0	0.0	2.0	0.0	0.0	0.0	0.0	17.0	0.0	0.0	36.0	0.0	0.0	0.0	0.0	0.0	0.0	0.0	19.0	0.0	981.0	0.0	0.0	0.0	2.0	0.0	33.0	0.0	0.0	0.0	0.0	0.0	0.0	0.0	0.0	0.0	201.0	0.0	0.0	0.0	0.0	0.0	9.0	0.0	0.0	0.0	0.0	0.0	0.0	0.0	0.0	0.0	0.0	0.0	0.0	0.0	0.0	0.0	0.0	0.0	0.0	0.0	0.0	0.0	0.0	0.0	0.0	0.0	0.0	0.0	0.0	0.0	0.0	0.0	0.0	0.0	0.0	0.0	0.0	0.0	0.0	0.0	0.0	0.0	0.0	0.0	0.0	0.0	0.0	0.0	0.0	0.0	0.0	0.0	0.0	0.0	0.0	0.0	0.0	0.0	0.0	0.0	0.0	0.0	0.0	0.0	0.0	0.0	0.0	0.0	0.0	0.0	0.0	0.0	0.0	0.0	0.0	0.0	0.0	0.0	0.0	3.0	0.0	0.0	0.0	0.0	0.0	0.0	0.0	0.0	0.0	0.0	0.0	0.0	0.0	0.0	0.0	0.0	0.0	0.0	0.0	0.0	0.0	0.0	0.0	0.0	0.0	0.0	0.0	0.0
SRR9612935	0.0	2119.0	23.0	8.0	5.0	9.0	0.0	6.0	7000.0	920.0	6.0	27.0	452.0	1927.0	0.0	2966.0	2.0	42.0	6.0	1491.0	17.0	0.0	18.0	15.0	262.0	3.0	0.0	139.0	226.0	11.0	0.0	11.0	0.0	4.0	0.0	0.0	0.0	22.0	50.0	55.0	51.0	169.0	0.0	2.0	12.0	0.0	0.0	0.0	0.0	0.0	0.0	0.0	0.0	0.0	0.0	0.0	0.0	31.0	0.0	0.0	86.0	182.0	0.0	0.0	0.0	0.0	0.0	0.0	208.0	0.0	290.0	9.0	0.0	41.0	25.0	0.0	0.0	0.0	9.0	23.0	34.0	5.0	0.0	3.0	0.0	0.0	566.0	0.0	0.0	32.0	0.0	0.0	0.0	59.0	0.0	0.0	0.0	13.0	21.0	0.0	0.0	3911.0	514.0	9.0	0.0	0.0	0.0	0.0	0.0	0.0	0.0	0.0	0.0	0.0	0.0	0.0	0.0	0.0	12.0	0.0	0.0	0.0	0.0	0.0	35.0	0.0	0.0	0.0	0.0	345.0	0.0	546.0	10.0	0.0	13.0	0.0	0.0	0.0	0.0	0.0	0.0	0.0	0.0	0.0	0.0	2.0	87.0	0.0	47.0	0.0	272.0	0.0	0.0	0.0	0.0	408.0	0.0	7.0	2.0	0.0	0.0	0.0	855.0	0.0	0.0	0.0	0.0	0.0	0.0	16.0	0.0	0.0	0.0	7.0	0.0	0.0	0.0	0.0	0.0	11.0	3.0	0.0	0.0	140.0	0.0	0.0	0.0	0.0	0.0	13.0	0.0	0.0	0.0	0.0	21.0	0.0	33.0	0.0	0.0	0.0	0.0	0.0	78.0	0.0	0.0	0.0	0.0	0.0	0.0	0.0	0.0	0.0	0.0	0.0	0.0	0.0	0.0	0.0	14.0	0.0	0.0	0.0	0.0	0.0	0.0	0.0	0.0	0.0	0.0	0.0	0.0	0.0	0.0	0.0	0.0	0.0	0.0	0.0	0.0	0.0	0.0	0.0	0.0	0.0	0.0	0.0	0.0	0.0	0.0	0.0	0.0	0.0	0.0	0.0	0.0	0.0	0.0	0.0	0.0	0.0	0.0	0.0	0.0	0.0	0.0	0.0	0.0	0.0	0.0	0.0	0.0	0.0	0.0	0.0	0.0	0.0	0.0	0.0	0.0	0.0	0.0	0.0	0.0	0.0	0.0	0.0	0.0	0.0	0.0	0.0	0.0	0.0	0.0	0.0	0.0	0.0	0.0	0.0	0.0	0.0	0.0	0.0	0.0	0.0	0.0	0.0	0.0	0.0	0.0	0.0	0.0	0.0	0.0	0.0	3.0	0.0	0.0	0.0	0.0	0.0	0.0	0.0	0.0	0.0	0.0	0.0
