#SampleID	d__Bacteria;p__Acidobacteriota	d__Bacteria;p__Proteobacteria	d__Bacteria;p__Firmicutes	d__Bacteria;p__Bacteroidota	d__Bacteria;p__Verrucomicrobiota	d__Bacteria;p__Latescibacterota	d__Bacteria;p__Chloroflexi	d__Bacteria;p__Myxococcota	d__Bacteria;p__Patescibacteria	d__Bacteria;p__Actinobacteriota	d__Bacteria;p__Nitrospirota	d__Bacteria;p__Cyanobacteria	d__Bacteria;p__Desulfobacterota	d__Bacteria;p__Planctomycetota	d__Bacteria;p__Gemmatimonadota	d__Bacteria;p__Bdellovibrionota	d__Bacteria;p__Entotheonellaeota	d__Bacteria;p__Elusimicrobiota	d__Bacteria;p__Methylomirabilota	d__Bacteria;p__NB1-j	d__Bacteria;p__Fibrobacterota	d__Bacteria;p__Dependentiae	d__Bacteria;p__Armatimonadota	d__Bacteria;p__SAR324_clade(Marine_group_B)	d__Bacteria;p__Abditibacteriota	d__Bacteria;p__Sumerlaeota	d__Bacteria;p__MBNT15	d__Bacteria;p__Spirochaetota	d__Bacteria;p__FCPU426	d__Bacteria;p__WS2	d__Bacteria;p__Deinococcota	d__Bacteria;p__Hydrogenedentes	d__Bacteria;p__Rs-K70_termite_group	d__Bacteria;p__WPS-2	d__Bacteria;p__RCP2-54
SRR6764340	4754.0	5474.0	2232.0	2628.0	728.0	37.0	1222.0	1245.0	77.0	1320.0	274.0	285.0	0.0	37.0	967.0	215.0	100.0	0.0	135.0	0.0	0.0	9.0	15.0	0.0	0.0	9.0	38.0	0.0	11.0	0.0	0.0	0.0	0.0	0.0	0.0
SRR6764341	2566.0	7023.0	643.0	5054.0	1203.0	0.0	415.0	1300.0	486.0	1358.0	175.0	0.0	0.0	33.0	451.0	58.0	13.0	0.0	0.0	0.0	427.0	0.0	102.0	0.0	0.0	0.0	0.0	0.0	0.0	0.0	0.0	0.0	0.0	0.0	0.0
SRR6764342	3053.0	9487.0	648.0	4827.0	1071.0	0.0	817.0	1427.0	614.0	1674.0	184.0	50.0	0.0	29.0	477.0	113.0	13.0	71.0	0.0	0.0	116.0	0.0	0.0	0.0	0.0	16.0	0.0	38.0	0.0	0.0	0.0	0.0	0.0	0.0	0.0
SRR6764344	3553.0	5226.0	780.0	3489.0	660.0	0.0	767.0	883.0	277.0	869.0	361.0	27.0	0.0	23.0	682.0	206.0	69.0	0.0	0.0	0.0	118.0	0.0	61.0	0.0	0.0	0.0	0.0	0.0	0.0	0.0	0.0	0.0	0.0	0.0	0.0
SRR6764345	835.0	4865.0	675.0	5340.0	592.0	0.0	60.0	387.0	781.0	722.0	90.0	0.0	0.0	0.0	89.0	74.0	0.0	0.0	0.0	0.0	40.0	0.0	0.0	0.0	0.0	19.0	0.0	0.0	0.0	0.0	0.0	0.0	0.0	0.0	0.0
SRR6764346	2645.0	2593.0	569.0	2586.0	652.0	0.0	443.0	446.0	127.0	639.0	200.0	30.0	0.0	71.0	352.0	34.0	40.0	0.0	39.0	0.0	0.0	0.0	0.0	0.0	0.0	0.0	0.0	0.0	0.0	0.0	0.0	0.0	0.0	0.0	0.0
SRR6764347	663.0	3111.0	719.0	4071.0	363.0	0.0	6.0	71.0	664.0	610.0	0.0	11.0	0.0	0.0	10.0	0.0	0.0	0.0	0.0	0.0	25.0	0.0	26.0	0.0	0.0	28.0	0.0	0.0	0.0	0.0	0.0	0.0	0.0	0.0	0.0
SRR6764348	1008.0	3907.0	364.0	4351.0	507.0	0.0	46.0	106.0	588.0	656.0	26.0	0.0	0.0	14.0	0.0	51.0	0.0	0.0	0.0	0.0	0.0	0.0	53.0	0.0	0.0	0.0	0.0	0.0	0.0	0.0	0.0	0.0	0.0	0.0	0.0
SRR6764351	3223.0	3475.0	844.0	2576.0	729.0	0.0	754.0	846.0	0.0	678.0	193.0	45.0	0.0	26.0	483.0	84.0	116.0	0.0	71.0	8.0	55.0	0.0	0.0	0.0	0.0	0.0	0.0	0.0	0.0	0.0	0.0	0.0	0.0	0.0	0.0
SRR6764352	2278.0	4074.0	1281.0	2754.0	625.0	0.0	593.0	835.0	139.0	868.0	224.0	53.0	0.0	0.0	622.0	134.0	119.0	0.0	59.0	0.0	70.0	0.0	0.0	0.0	0.0	0.0	0.0	0.0	0.0	0.0	0.0	0.0	0.0	0.0	0.0
SRR6764354	4389.0	4590.0	518.0	1989.0	1975.0	0.0	2070.0	708.0	148.0	2387.0	269.0	55.0	0.0	128.0	1112.0	212.0	51.0	33.0	107.0	8.0	29.0	0.0	90.0	0.0	0.0	0.0	0.0	0.0	0.0	0.0	0.0	0.0	0.0	0.0	0.0
SRR6764355	4419.0	5479.0	596.0	3118.0	1515.0	65.0	1614.0	1400.0	41.0	1122.0	278.0	21.0	0.0	20.0	1762.0	158.0	147.0	123.0	214.0	0.0	86.0	0.0	45.0	0.0	0.0	0.0	0.0	0.0	0.0	0.0	0.0	0.0	0.0	0.0	0.0
SRR6764356	4808.0	3281.0	531.0	2568.0	1276.0	39.0	722.0	406.0	126.0	853.0	301.0	13.0	0.0	128.0	1384.0	86.0	27.0	37.0	196.0	11.0	0.0	0.0	58.0	0.0	0.0	0.0	36.0	0.0	0.0	0.0	0.0	0.0	0.0	0.0	0.0
SRR6764357	4056.0	4186.0	739.0	2068.0	1577.0	14.0	1748.0	532.0	121.0	2039.0	209.0	82.0	0.0	105.0	718.0	6.0	38.0	37.0	100.0	0.0	34.0	0.0	59.0	0.0	0.0	0.0	0.0	0.0	0.0	0.0	0.0	0.0	0.0	0.0	0.0
SRR6764359	5093.0	4136.0	469.0	2465.0	1421.0	22.0	843.0	926.0	121.0	574.0	207.0	13.0	0.0	61.0	1735.0	41.0	80.0	19.0	153.0	0.0	0.0	0.0	0.0	0.0	0.0	0.0	0.0	0.0	17.0	0.0	0.0	0.0	0.0	0.0	0.0
SRR6764360	5008.0	6529.0	1031.0	3390.0	1399.0	25.0	1330.0	1031.0	135.0	1141.0	330.0	36.0	0.0	95.0	1764.0	49.0	128.0	50.0	196.0	17.0	0.0	0.0	33.0	0.0	0.0	0.0	62.0	0.0	0.0	0.0	0.0	0.0	0.0	0.0	0.0
SRR6764361	4248.0	2880.0	325.0	2350.0	1078.0	37.0	807.0	1056.0	109.0	719.0	313.0	32.0	0.0	37.0	1076.0	77.0	27.0	25.0	0.0	0.0	26.0	0.0	31.0	0.0	0.0	0.0	50.0	66.0	0.0	0.0	0.0	0.0	0.0	0.0	0.0
SRR6764362	373.0	4943.0	115.0	3912.0	616.0	0.0	216.0	1099.0	226.0	1742.0	0.0	7.0	0.0	0.0	0.0	159.0	0.0	0.0	0.0	0.0	96.0	0.0	51.0	0.0	0.0	0.0	0.0	0.0	0.0	0.0	0.0	0.0	0.0	0.0	0.0
SRR6764363	4243.0	3586.0	540.0	1943.0	1200.0	10.0	1508.0	522.0	211.0	1911.0	304.0	384.0	0.0	272.0	940.0	0.0	76.0	26.0	109.0	0.0	0.0	0.0	0.0	0.0	0.0	14.0	0.0	0.0	0.0	0.0	0.0	0.0	0.0	0.0	0.0
SRR6764364	3184.0	3589.0	868.0	1712.0	955.0	0.0	1505.0	407.0	235.0	1777.0	293.0	8.0	0.0	105.0	467.0	21.0	29.0	0.0	56.0	0.0	44.0	0.0	0.0	0.0	0.0	0.0	0.0	0.0	0.0	0.0	0.0	0.0	0.0	0.0	0.0
SRR6764365	3684.0	4306.0	437.0	3296.0	1293.0	0.0	1084.0	1039.0	178.0	955.0	212.0	34.0	0.0	126.0	1080.0	35.0	122.0	0.0	0.0	0.0	18.0	0.0	26.0	0.0	0.0	0.0	0.0	0.0	0.0	0.0	0.0	0.0	0.0	0.0	0.0
SRR6764366	2860.0	4748.0	1001.0	1633.0	505.0	0.0	1121.0	976.0	58.0	1228.0	247.0	5.0	0.0	87.0	763.0	20.0	149.0	0.0	0.0	0.0	0.0	0.0	14.0	0.0	0.0	0.0	0.0	0.0	0.0	0.0	0.0	0.0	0.0	0.0	0.0
SRR6764367	312.0	4198.0	111.0	3875.0	527.0	0.0	126.0	678.0	276.0	1638.0	0.0	8.0	0.0	0.0	18.0	139.0	0.0	0.0	0.0	0.0	43.0	0.0	57.0	0.0	0.0	0.0	0.0	0.0	0.0	0.0	0.0	0.0	0.0	0.0	0.0
SRR6764368	4014.0	5967.0	1103.0	1925.0	707.0	37.0	902.0	683.0	69.0	1138.0	227.0	180.0	0.0	74.0	721.0	19.0	125.0	18.0	181.0	14.0	92.0	0.0	37.0	0.0	0.0	0.0	0.0	0.0	0.0	0.0	0.0	0.0	0.0	0.0	0.0
SRR6764369	4043.0	5684.0	1075.0	2329.0	563.0	0.0	1168.0	964.0	137.0	756.0	294.0	26.0	0.0	57.0	885.0	47.0	75.0	66.0	0.0	0.0	0.0	0.0	0.0	0.0	0.0	0.0	0.0	0.0	0.0	0.0	0.0	0.0	0.0	0.0	0.0
SRR6764370	5090.0	5377.0	1392.0	2363.0	1032.0	0.0	1288.0	1176.0	183.0	1106.0	252.0	41.0	0.0	43.0	1086.0	70.0	45.0	41.0	87.0	0.0	49.0	0.0	0.0	0.0	0.0	0.0	0.0	0.0	0.0	0.0	0.0	0.0	0.0	0.0	0.0
SRR6764372	4076.0	4577.0	1174.0	2793.0	1193.0	0.0	1172.0	1557.0	243.0	937.0	298.0	77.0	0.0	57.0	1365.0	16.0	123.0	0.0	140.0	12.0	0.0	0.0	0.0	0.0	0.0	0.0	0.0	0.0	0.0	0.0	0.0	0.0	0.0	0.0	0.0
SRR6764373	4701.0	6665.0	2862.0	3421.0	1592.0	0.0	2624.0	1659.0	315.0	3443.0	365.0	60.0	0.0	184.0	687.0	434.0	173.0	36.0	116.0	28.0	0.0	0.0	50.0	0.0	0.0	30.0	32.0	0.0	0.0	0.0	0.0	0.0	0.0	0.0	0.0
SRR6764374	4166.0	4132.0	1216.0	2179.0	967.0	0.0	1124.0	1007.0	98.0	2189.0	256.0	89.0	0.0	97.0	979.0	323.0	120.0	75.0	71.0	0.0	70.0	0.0	56.0	0.0	0.0	0.0	0.0	0.0	0.0	0.0	0.0	0.0	0.0	0.0	0.0
SRR6764375	3770.0	4877.0	2147.0	2123.0	830.0	0.0	1437.0	922.0	49.0	2419.0	248.0	141.0	0.0	27.0	905.0	153.0	143.0	23.0	0.0	0.0	73.0	10.0	29.0	0.0	0.0	24.0	0.0	0.0	0.0	0.0	0.0	0.0	0.0	0.0	0.0
SRR6764376	10509.0	13543.0	3639.0	6457.0	3159.0	18.0	5659.0	2208.0	776.0	7417.0	444.0	381.0	51.0	526.0	2216.0	505.0	338.0	54.0	309.0	32.0	16.0	0.0	221.0	18.0	0.0	41.0	52.0	0.0	0.0	0.0	0.0	0.0	0.0	0.0	0.0
SRR6764377	3753.0	3510.0	713.0	1976.0	1007.0	39.0	1040.0	759.0	113.0	583.0	304.0	0.0	0.0	18.0	885.0	0.0	51.0	20.0	125.0	0.0	0.0	0.0	21.0	0.0	0.0	18.0	0.0	0.0	0.0	0.0	0.0	0.0	0.0	0.0	0.0
SRR6764378	3161.0	5686.0	1487.0	1872.0	929.0	0.0	1362.0	848.0	76.0	1779.0	303.0	39.0	0.0	56.0	605.0	136.0	89.0	9.0	98.0	0.0	0.0	0.0	0.0	0.0	0.0	0.0	0.0	0.0	0.0	0.0	0.0	0.0	0.0	0.0	0.0
SRR6764379	168.0	3921.0	172.0	3471.0	330.0	0.0	36.0	458.0	484.0	819.0	0.0	0.0	0.0	0.0	9.0	83.0	0.0	0.0	0.0	0.0	49.0	0.0	30.0	0.0	0.0	0.0	0.0	0.0	0.0	0.0	0.0	0.0	0.0	0.0	0.0
SRR6764380	358.0	5283.0	77.0	3959.0	347.0	0.0	79.0	422.0	398.0	2379.0	11.0	0.0	0.0	0.0	0.0	200.0	0.0	0.0	0.0	0.0	0.0	0.0	0.0	0.0	0.0	0.0	0.0	0.0	0.0	0.0	0.0	0.0	0.0	0.0	0.0
SRR6764381	410.0	5774.0	139.0	4557.0	596.0	0.0	53.0	735.0	168.0	1313.0	0.0	0.0	0.0	0.0	0.0	141.0	0.0	0.0	0.0	0.0	228.0	0.0	63.0	0.0	0.0	0.0	0.0	0.0	0.0	0.0	0.0	0.0	0.0	0.0	0.0
SRR6764382	357.0	6582.0	137.0	3409.0	419.0	0.0	233.0	719.0	348.0	1865.0	0.0	0.0	0.0	0.0	0.0	155.0	0.0	0.0	0.0	0.0	186.0	0.0	0.0	0.0	0.0	0.0	0.0	0.0	0.0	0.0	0.0	0.0	0.0	0.0	0.0
SRR6764383	264.0	5451.0	51.0	3575.0	235.0	0.0	118.0	431.0	616.0	716.0	0.0	0.0	0.0	0.0	0.0	133.0	0.0	0.0	0.0	0.0	64.0	0.0	0.0	0.0	0.0	0.0	0.0	63.0	0.0	0.0	0.0	0.0	0.0	0.0	0.0
SRR6764384	331.0	5417.0	27.0	4628.0	500.0	0.0	128.0	724.0	694.0	1335.0	17.0	15.0	0.0	0.0	29.0	165.0	0.0	0.0	0.0	0.0	54.0	0.0	61.0	0.0	0.0	0.0	0.0	68.0	0.0	0.0	0.0	0.0	0.0	0.0	0.0
SRR6764385	845.0	5617.0	373.0	4789.0	986.0	0.0	84.0	395.0	539.0	1200.0	131.0	62.0	0.0	34.0	67.0	161.0	0.0	0.0	0.0	0.0	0.0	0.0	57.0	0.0	0.0	0.0	0.0	0.0	0.0	0.0	0.0	0.0	0.0	0.0	0.0
SRR6764386	1006.0	3653.0	330.0	3012.0	681.0	0.0	43.0	443.0	394.0	518.0	35.0	28.0	0.0	0.0	31.0	74.0	0.0	0.0	0.0	0.0	60.0	0.0	46.0	0.0	0.0	0.0	0.0	0.0	0.0	0.0	0.0	0.0	0.0	0.0	0.0
SRR6764389	1000.0	3414.0	192.0	3752.0	815.0	0.0	116.0	304.0	525.0	671.0	85.0	0.0	0.0	0.0	113.0	123.0	0.0	0.0	0.0	0.0	0.0	0.0	0.0	0.0	0.0	0.0	0.0	0.0	0.0	0.0	0.0	0.0	0.0	0.0	0.0
SRR6764391	1201.0	4764.0	245.0	3729.0	743.0	0.0	167.0	444.0	460.0	437.0	198.0	22.0	0.0	16.0	102.0	122.0	0.0	0.0	0.0	0.0	0.0	0.0	59.0	0.0	0.0	0.0	0.0	0.0	0.0	0.0	0.0	0.0	0.0	0.0	0.0
SRR6764393	1165.0	4021.0	607.0	3279.0	521.0	0.0	329.0	254.0	502.0	558.0	165.0	0.0	0.0	0.0	211.0	63.0	16.0	0.0	0.0	0.0	0.0	0.0	56.0	0.0	0.0	0.0	0.0	0.0	0.0	0.0	0.0	0.0	0.0	0.0	0.0
SRR6764394	1021.0	3328.0	43.0	3506.0	619.0	0.0	90.0	296.0	415.0	399.0	90.0	35.0	0.0	0.0	56.0	56.0	0.0	0.0	0.0	0.0	58.0	0.0	39.0	0.0	0.0	0.0	0.0	0.0	0.0	0.0	0.0	0.0	0.0	0.0	0.0
SRR6764395	1297.0	4515.0	234.0	3644.0	553.0	0.0	47.0	241.0	415.0	951.0	194.0	21.0	0.0	0.0	134.0	126.0	16.0	0.0	0.0	0.0	32.0	0.0	0.0	0.0	0.0	0.0	0.0	0.0	0.0	0.0	0.0	0.0	0.0	0.0	0.0
SRR6764398	2230.0	1932.0	591.0	1283.0	778.0	0.0	1199.0	620.0	0.0	875.0	301.0	29.0	0.0	12.0	134.0	0.0	64.0	0.0	0.0	0.0	0.0	0.0	0.0	0.0	0.0	0.0	0.0	0.0	0.0	0.0	0.0	0.0	0.0	0.0	0.0
SRR6764399	7595.0	8023.0	2011.0	5511.0	1897.0	0.0	1734.0	2676.0	176.0	2577.0	335.0	166.0	0.0	156.0	1452.0	200.0	130.0	0.0	179.0	0.0	90.0	0.0	56.0	0.0	0.0	0.0	0.0	0.0	0.0	0.0	0.0	0.0	0.0	0.0	0.0
SRR6764400	5337.0	5965.0	1017.0	4958.0	1093.0	27.0	1317.0	1255.0	330.0	2124.0	341.0	15.0	0.0	75.0	1269.0	103.0	75.0	19.0	0.0	0.0	74.0	0.0	31.0	13.0	0.0	0.0	0.0	0.0	0.0	0.0	0.0	0.0	0.0	0.0	0.0
SRR6764402	5531.0	4454.0	547.0	3025.0	538.0	65.0	1397.0	1491.0	223.0	742.0	315.0	15.0	0.0	128.0	831.0	25.0	37.0	4.0	155.0	46.0	0.0	0.0	74.0	0.0	0.0	0.0	0.0	0.0	13.0	0.0	0.0	0.0	0.0	0.0	0.0
SRR6764403	2723.0	2916.0	470.0	1810.0	426.0	0.0	213.0	494.0	0.0	374.0	126.0	0.0	0.0	0.0	456.0	89.0	0.0	47.0	0.0	0.0	0.0	0.0	0.0	0.0	0.0	0.0	0.0	0.0	0.0	0.0	0.0	0.0	0.0	0.0	0.0
SRR6764404	4836.0	4224.0	644.0	2640.0	1057.0	0.0	1298.0	486.0	136.0	1184.0	31.0	153.0	0.0	70.0	1375.0	97.0	18.0	106.0	98.0	0.0	0.0	0.0	41.0	0.0	0.0	0.0	0.0	0.0	0.0	0.0	0.0	0.0	0.0	0.0	0.0
SRR6764405	504.0	5734.0	74.0	3113.0	527.0	0.0	264.0	792.0	424.0	3493.0	0.0	27.0	0.0	0.0	0.0	130.0	0.0	0.0	0.0	0.0	60.0	0.0	0.0	0.0	0.0	0.0	0.0	0.0	0.0	0.0	0.0	0.0	0.0	0.0	0.0
SRR6764407	2397.0	2833.0	432.0	2599.0	810.0	0.0	157.0	732.0	73.0	237.0	214.0	0.0	0.0	0.0	370.0	20.0	0.0	61.0	0.0	0.0	0.0	3.0	44.0	10.0	0.0	0.0	0.0	42.0	0.0	0.0	0.0	0.0	0.0	0.0	0.0
SRR6764408	4843.0	6207.0	806.0	3352.0	1652.0	0.0	1952.0	794.0	273.0	2572.0	347.0	114.0	0.0	153.0	663.0	228.0	81.0	0.0	0.0	0.0	58.0	10.0	73.0	0.0	0.0	24.0	0.0	0.0	0.0	0.0	0.0	0.0	0.0	0.0	0.0
SRR6764409	140.0	5471.0	0.0	2591.0	174.0	0.0	112.0	640.0	317.0	3814.0	0.0	0.0	0.0	0.0	0.0	31.0	0.0	0.0	0.0	0.0	26.0	0.0	0.0	0.0	0.0	0.0	0.0	0.0	0.0	0.0	0.0	0.0	0.0	0.0	0.0
SRR6764410	124.0	6348.0	164.0	1978.0	120.0	0.0	445.0	328.0	275.0	5020.0	0.0	0.0	0.0	0.0	81.0	17.0	0.0	0.0	0.0	0.0	0.0	0.0	0.0	0.0	0.0	0.0	0.0	0.0	0.0	0.0	0.0	0.0	0.0	0.0	0.0
SRR6764412	288.0	7983.0	222.0	4053.0	435.0	0.0	344.0	1298.0	386.0	3417.0	0.0	0.0	0.0	0.0	14.0	135.0	0.0	0.0	0.0	0.0	10.0	0.0	0.0	0.0	0.0	0.0	0.0	0.0	0.0	0.0	0.0	0.0	0.0	0.0	0.0
SRR6764413	46.0	6519.0	348.0	3253.0	394.0	0.0	296.0	827.0	375.0	2932.0	0.0	7.0	0.0	0.0	0.0	60.0	0.0	0.0	0.0	0.0	0.0	0.0	0.0	0.0	0.0	23.0	0.0	0.0	0.0	0.0	0.0	0.0	0.0	0.0	0.0
SRR6764415	4707.0	6215.0	1184.0	5423.0	1518.0	0.0	1055.0	1060.0	102.0	769.0	384.0	72.0	0.0	29.0	725.0	475.0	106.0	75.0	75.0	0.0	86.0	0.0	110.0	0.0	0.0	0.0	0.0	0.0	0.0	0.0	0.0	0.0	0.0	0.0	0.0
SRR6764416	2742.0	3149.0	1065.0	1836.0	536.0	0.0	814.0	782.0	51.0	882.0	251.0	54.0	0.0	12.0	530.0	29.0	81.0	0.0	56.0	0.0	0.0	0.0	0.0	0.0	0.0	0.0	0.0	0.0	0.0	0.0	0.0	0.0	0.0	0.0	0.0
SRR6764417	2014.0	2868.0	1234.0	1309.0	616.0	0.0	942.0	627.0	31.0	1110.0	450.0	30.0	0.0	39.0	289.0	72.0	159.0	0.0	0.0	0.0	0.0	0.0	27.0	0.0	0.0	0.0	0.0	0.0	0.0	0.0	0.0	0.0	0.0	0.0	0.0
SRR6764418	2737.0	3964.0	1176.0	2126.0	920.0	0.0	1243.0	850.0	150.0	1349.0	305.0	43.0	0.0	53.0	765.0	188.0	126.0	0.0	108.0	0.0	79.0	0.0	41.0	0.0	0.0	21.0	0.0	0.0	0.0	0.0	0.0	0.0	0.0	0.0	0.0
SRR6764419	3320.0	3846.0	1959.0	1483.0	856.0	0.0	1620.0	1019.0	62.0	2758.0	208.0	79.0	0.0	47.0	273.0	79.0	107.0	0.0	51.0	0.0	0.0	0.0	47.0	0.0	0.0	27.0	0.0	0.0	0.0	0.0	0.0	0.0	0.0	0.0	0.0
SRR6764420	2974.0	3357.0	1781.0	1290.0	513.0	0.0	1324.0	1033.0	29.0	2249.0	300.0	136.0	0.0	46.0	416.0	66.0	129.0	0.0	0.0	0.0	0.0	0.0	0.0	0.0	0.0	0.0	0.0	0.0	0.0	0.0	0.0	0.0	0.0	0.0	0.0
SRR6764421	3101.0	4451.0	2195.0	1816.0	699.0	0.0	1402.0	1019.0	75.0	2593.0	309.0	200.0	0.0	18.0	343.0	0.0	137.0	0.0	19.0	0.0	0.0	0.0	47.0	0.0	0.0	35.0	0.0	0.0	0.0	0.0	0.0	0.0	0.0	0.0	0.0
SRR6764422	3348.0	3715.0	1350.0	1960.0	966.0	0.0	1376.0	942.0	35.0	1489.0	260.0	145.0	0.0	27.0	137.0	0.0	81.0	0.0	46.0	0.0	0.0	0.0	81.0	0.0	0.0	0.0	0.0	0.0	0.0	0.0	0.0	0.0	0.0	0.0	0.0
SRR6764423	4505.0	5933.0	758.0	3812.0	1283.0	18.0	1100.0	1405.0	657.0	864.0	212.0	73.0	0.0	129.0	1049.0	13.0	31.0	114.0	53.0	26.0	57.0	0.0	79.0	0.0	0.0	0.0	0.0	0.0	0.0	0.0	0.0	0.0	0.0	0.0	0.0
SRR6764424	3676.0	4627.0	734.0	3087.0	1204.0	0.0	1409.0	926.0	125.0	1512.0	303.0	116.0	0.0	260.0	319.0	0.0	41.0	13.0	0.0	0.0	0.0	0.0	38.0	0.0	0.0	18.0	0.0	0.0	0.0	0.0	0.0	0.0	0.0	0.0	0.0
SRR6764425	3902.0	4458.0	1038.0	3094.0	1500.0	0.0	1327.0	1057.0	213.0	2066.0	380.0	28.0	0.0	336.0	335.0	110.0	42.0	0.0	0.0	0.0	0.0	0.0	77.0	0.0	0.0	0.0	0.0	0.0	0.0	0.0	0.0	0.0	0.0	0.0	0.0
SRR6764426	2755.0	7554.0	225.0	5794.0	1344.0	0.0	323.0	1136.0	264.0	305.0	199.0	25.0	0.0	18.0	327.0	207.0	0.0	0.0	0.0	0.0	131.0	0.0	0.0	0.0	0.0	0.0	0.0	0.0	0.0	0.0	0.0	0.0	0.0	0.0	0.0
SRR6764427	1171.0	4773.0	531.0	3474.0	376.0	0.0	148.0	332.0	370.0	952.0	110.0	0.0	0.0	0.0	64.0	112.0	0.0	0.0	0.0	0.0	141.0	0.0	23.0	0.0	0.0	0.0	0.0	0.0	0.0	0.0	0.0	0.0	0.0	0.0	0.0
SRR6764429	5773.0	4638.0	565.0	2678.0	741.0	29.0	783.0	821.0	70.0	338.0	217.0	31.0	0.0	203.0	1120.0	83.0	0.0	45.0	162.0	16.0	0.0	0.0	51.0	0.0	0.0	0.0	0.0	0.0	0.0	0.0	0.0	0.0	0.0	0.0	0.0
SRR6764430	6340.0	5391.0	846.0	3359.0	1171.0	104.0	938.0	1200.0	77.0	526.0	230.0	21.0	0.0	458.0	1347.0	37.0	53.0	34.0	132.0	74.0	0.0	27.0	99.0	0.0	0.0	0.0	75.0	31.0	0.0	0.0	0.0	0.0	0.0	0.0	0.0
SRR6764431	4657.0	5058.0	592.0	2979.0	844.0	47.0	1358.0	1523.0	121.0	1185.0	199.0	0.0	0.0	216.0	1432.0	6.0	41.0	66.0	184.0	39.0	0.0	0.0	0.0	0.0	0.0	0.0	0.0	41.0	0.0	0.0	0.0	0.0	0.0	0.0	0.0
SRR6764433	3236.0	2959.0	396.0	1167.0	863.0	15.0	1094.0	1205.0	69.0	613.0	148.0	11.0	0.0	85.0	1428.0	206.0	38.0	0.0	88.0	0.0	39.0	0.0	13.0	0.0	0.0	0.0	0.0	0.0	9.0	0.0	0.0	0.0	0.0	0.0	0.0
SRR6764434	3329.0	3065.0	735.0	2024.0	629.0	51.0	871.0	920.0	80.0	517.0	118.0	6.0	0.0	25.0	1189.0	9.0	37.0	0.0	0.0	28.0	0.0	0.0	45.0	0.0	0.0	0.0	42.0	0.0	0.0	0.0	0.0	0.0	0.0	0.0	0.0
SRR6764435	2353.0	3058.0	999.0	1462.0	737.0	0.0	1379.0	922.0	144.0	1345.0	320.0	173.0	0.0	50.0	296.0	0.0	99.0	24.0	65.0	10.0	8.0	0.0	48.0	0.0	0.0	0.0	0.0	0.0	0.0	0.0	0.0	0.0	0.0	0.0	0.0
SRR6764436	2438.0	2892.0	737.0	1394.0	523.0	14.0	947.0	729.0	34.0	418.0	191.0	0.0	0.0	21.0	655.0	0.0	84.0	53.0	40.0	14.0	28.0	0.0	0.0	0.0	0.0	0.0	26.0	0.0	0.0	0.0	0.0	0.0	0.0	0.0	0.0
SRR6764437	3037.0	4024.0	981.0	1616.0	686.0	18.0	879.0	1118.0	0.0	939.0	292.0	25.0	0.0	34.0	750.0	37.0	106.0	24.0	155.0	25.0	52.0	0.0	14.0	0.0	0.0	0.0	0.0	0.0	0.0	0.0	0.0	0.0	0.0	0.0	0.0
SRR6764438	2767.0	4690.0	1245.0	2268.0	937.0	0.0	1532.0	663.0	205.0	2687.0	233.0	70.0	0.0	145.0	371.0	10.0	159.0	0.0	92.0	0.0	0.0	0.0	0.0	10.0	0.0	17.0	0.0	0.0	0.0	0.0	0.0	0.0	0.0	0.0	0.0
SRR6764439	222.0	5357.0	1089.0	3071.0	57.0	0.0	97.0	318.0	199.0	2474.0	0.0	27.0	0.0	0.0	0.0	18.0	0.0	0.0	0.0	0.0	0.0	0.0	0.0	0.0	0.0	0.0	0.0	0.0	0.0	0.0	0.0	0.0	0.0	0.0	0.0
SRR6764440	3078.0	4558.0	1761.0	1773.0	846.0	0.0	2390.0	1033.0	206.0	2040.0	349.0	101.0	0.0	85.0	493.0	157.0	172.0	0.0	61.0	0.0	38.0	0.0	0.0	0.0	0.0	0.0	0.0	0.0	0.0	0.0	0.0	0.0	0.0	0.0	0.0
SRR6764442	3886.0	4915.0	687.0	2037.0	1632.0	37.0	1865.0	679.0	109.0	2383.0	196.0	151.0	0.0	146.0	635.0	44.0	129.0	76.0	122.0	0.0	0.0	0.0	35.0	0.0	0.0	19.0	42.0	0.0	0.0	0.0	0.0	0.0	0.0	0.0	0.0
SRR6764443	3863.0	3585.0	708.0	2375.0	987.0	43.0	961.0	855.0	36.0	811.0	208.0	210.0	0.0	43.0	1129.0	102.0	96.0	57.0	189.0	24.0	0.0	0.0	46.0	0.0	0.0	0.0	43.0	0.0	0.0	0.0	0.0	0.0	0.0	0.0	0.0
SRR6764444	1423.0	4902.0	299.0	6170.0	1017.0	0.0	64.0	710.0	424.0	1205.0	43.0	44.0	0.0	31.0	48.0	104.0	0.0	19.0	0.0	0.0	63.0	0.0	74.0	0.0	0.0	0.0	0.0	0.0	0.0	0.0	0.0	0.0	0.0	0.0	0.0
SRR6764445	1510.0	5858.0	202.0	4016.0	1087.0	0.0	85.0	611.0	837.0	286.0	50.0	45.0	0.0	0.0	289.0	70.0	0.0	0.0	0.0	0.0	42.0	0.0	93.0	0.0	0.0	0.0	0.0	0.0	0.0	0.0	0.0	0.0	0.0	0.0	0.0
SRR6764448	1123.0	3782.0	599.0	3357.0	613.0	0.0	101.0	182.0	530.0	939.0	175.0	11.0	0.0	11.0	91.0	198.0	0.0	0.0	0.0	0.0	11.0	0.0	0.0	0.0	0.0	0.0	0.0	0.0	0.0	0.0	0.0	0.0	0.0	0.0	0.0
SRR6764449	1241.0	4516.0	259.0	5111.0	901.0	0.0	148.0	192.0	496.0	777.0	82.0	22.0	0.0	0.0	56.0	99.0	0.0	0.0	0.0	0.0	25.0	0.0	0.0	0.0	0.0	0.0	0.0	0.0	0.0	0.0	0.0	0.0	0.0	0.0	0.0
SRR6764453	1048.0	3848.0	87.0	4105.0	607.0	0.0	79.0	305.0	551.0	602.0	86.0	0.0	0.0	12.0	25.0	104.0	0.0	0.0	0.0	0.0	19.0	0.0	52.0	0.0	0.0	0.0	0.0	0.0	0.0	0.0	0.0	0.0	0.0	0.0	0.0
SRR6764459	2184.0	3128.0	662.0	1866.0	1145.0	0.0	686.0	603.0	62.0	554.0	178.0	26.0	0.0	13.0	772.0	73.0	88.0	0.0	0.0	0.0	0.0	0.0	0.0	0.0	0.0	0.0	0.0	0.0	0.0	0.0	0.0	0.0	0.0	0.0	0.0
SRR6764460	3262.0	5351.0	980.0	1561.0	1594.0	0.0	2152.0	1068.0	275.0	2499.0	353.0	15.0	0.0	48.0	355.0	0.0	0.0	27.0	64.0	0.0	0.0	0.0	27.0	0.0	0.0	0.0	0.0	0.0	0.0	0.0	0.0	0.0	0.0	0.0	0.0
SRR6764461	2878.0	3981.0	983.0	1265.0	1077.0	0.0	1434.0	595.0	66.0	1377.0	287.0	55.0	0.0	36.0	259.0	71.0	76.0	0.0	0.0	0.0	0.0	0.0	0.0	0.0	0.0	0.0	0.0	0.0	0.0	0.0	0.0	0.0	0.0	0.0	0.0
SRR6764462	390.0	5290.0	277.0	2030.0	386.0	0.0	366.0	795.0	314.0	3886.0	12.0	18.0	0.0	0.0	9.0	122.0	0.0	0.0	0.0	0.0	82.0	0.0	0.0	0.0	0.0	0.0	0.0	0.0	0.0	0.0	0.0	0.0	0.0	0.0	0.0
SRR6764466	110.0	6678.0	247.0	4136.0	413.0	0.0	77.0	626.0	487.0	1949.0	0.0	22.0	0.0	0.0	0.0	141.0	0.0	0.0	0.0	0.0	0.0	0.0	25.0	0.0	0.0	0.0	0.0	0.0	0.0	0.0	0.0	0.0	0.0	0.0	0.0
SRR6764467	118.0	4838.0	113.0	3891.0	411.0	0.0	87.0	641.0	574.0	1079.0	0.0	12.0	0.0	0.0	0.0	117.0	0.0	0.0	0.0	0.0	117.0	0.0	37.0	0.0	0.0	0.0	0.0	0.0	0.0	0.0	0.0	0.0	0.0	0.0	0.0
SRR6764468	3968.0	6103.0	1632.0	1618.0	974.0	0.0	2125.0	990.0	77.0	2214.0	324.0	69.0	0.0	64.0	145.0	299.0	85.0	0.0	57.0	0.0	94.0	0.0	49.0	0.0	0.0	0.0	0.0	0.0	0.0	0.0	0.0	0.0	0.0	0.0	0.0
SRR6764469	76.0	4987.0	112.0	2681.0	359.0	0.0	34.0	541.0	316.0	1104.0	0.0	0.0	0.0	0.0	13.0	95.0	0.0	0.0	0.0	0.0	0.0	0.0	0.0	0.0	0.0	0.0	0.0	0.0	0.0	0.0	0.0	0.0	0.0	0.0	0.0
SRR6764470	320.0	5690.0	179.0	4478.0	784.0	0.0	164.0	867.0	525.0	1659.0	0.0	0.0	0.0	0.0	0.0	320.0	0.0	0.0	0.0	0.0	130.0	0.0	52.0	0.0	0.0	0.0	0.0	0.0	0.0	0.0	0.0	0.0	0.0	0.0	0.0
SRR6764472	3143.0	5960.0	1370.0	2053.0	1217.0	0.0	2157.0	1088.0	124.0	2311.0	435.0	44.0	0.0	113.0	658.0	276.0	47.0	0.0	60.0	0.0	123.0	0.0	0.0	0.0	0.0	0.0	0.0	0.0	0.0	0.0	0.0	0.0	0.0	0.0	0.0
SRR6764474	5870.0	7264.0	1457.0	3194.0	1562.0	0.0	2210.0	1603.0	346.0	2785.0	115.0	130.0	0.0	246.0	1373.0	140.0	79.0	120.0	0.0	0.0	0.0	0.0	0.0	0.0	0.0	0.0	0.0	0.0	0.0	0.0	0.0	0.0	0.0	0.0	0.0
SRR6764475	2941.0	5198.0	1130.0	1461.0	930.0	0.0	1396.0	998.0	176.0	1831.0	336.0	51.0	0.0	70.0	822.0	282.0	86.0	0.0	79.0	0.0	35.0	0.0	0.0	0.0	0.0	0.0	0.0	0.0	0.0	0.0	0.0	0.0	0.0	0.0	0.0
SRR6764476	5156.0	6974.0	972.0	3297.0	2020.0	0.0	2328.0	1552.0	103.0	1993.0	220.0	110.0	0.0	211.0	1135.0	270.0	158.0	130.0	84.0	8.0	236.0	0.0	0.0	0.0	0.0	0.0	0.0	0.0	0.0	0.0	0.0	0.0	0.0	0.0	0.0
SRR6764478	6246.0	7169.0	979.0	4201.0	1636.0	36.0	1456.0	1370.0	206.0	1798.0	440.0	21.0	0.0	37.0	1669.0	44.0	123.0	0.0	119.0	33.0	69.0	0.0	0.0	0.0	0.0	0.0	0.0	24.0	0.0	0.0	0.0	0.0	0.0	0.0	0.0
SRR6764479	4975.0	6387.0	2029.0	2815.0	1211.0	13.0	2354.0	1176.0	38.0	2741.0	285.0	51.0	0.0	108.0	464.0	44.0	190.0	0.0	0.0	21.0	0.0	0.0	39.0	0.0	0.0	0.0	0.0	0.0	0.0	0.0	2.0	0.0	0.0	0.0	0.0
SRR6764480	1840.0	3635.0	1126.0	1218.0	333.0	0.0	1062.0	715.0	0.0	1243.0	388.0	26.0	0.0	26.0	310.0	0.0	25.0	0.0	0.0	0.0	0.0	0.0	15.0	0.0	0.0	0.0	0.0	0.0	0.0	0.0	0.0	0.0	0.0	0.0	0.0
SRR6764481	2222.0	6339.0	277.0	5709.0	1132.0	0.0	224.0	1236.0	288.0	945.0	0.0	138.0	0.0	11.0	328.0	223.0	0.0	0.0	0.0	0.0	486.0	0.0	79.0	0.0	0.0	0.0	0.0	0.0	0.0	0.0	0.0	0.0	0.0	0.0	0.0
SRR6764483	155.0	3797.0	0.0	3674.0	178.0	0.0	124.0	483.0	219.0	1805.0	0.0	0.0	0.0	0.0	0.0	56.0	0.0	0.0	0.0	0.0	28.0	0.0	33.0	0.0	0.0	0.0	0.0	0.0	0.0	0.0	0.0	0.0	0.0	0.0	0.0
SRR6764486	356.0	3089.0	25.0	3202.0	404.0	0.0	133.0	604.0	112.0	2083.0	12.0	0.0	0.0	0.0	25.0	149.0	0.0	0.0	0.0	0.0	311.0	0.0	0.0	0.0	0.0	0.0	0.0	0.0	0.0	0.0	0.0	0.0	0.0	0.0	0.0
SRR6764487	196.0	4175.0	332.0	2492.0	267.0	0.0	71.0	713.0	263.0	1385.0	0.0	0.0	0.0	0.0	0.0	128.0	0.0	0.0	0.0	0.0	206.0	0.0	0.0	0.0	0.0	0.0	0.0	0.0	0.0	0.0	0.0	0.0	0.0	0.0	0.0
SRR6764489	395.0	5545.0	195.0	3508.0	573.0	0.0	174.0	842.0	265.0	2160.0	0.0	0.0	0.0	0.0	32.0	44.0	0.0	0.0	0.0	0.0	223.0	0.0	20.0	0.0	0.0	0.0	0.0	0.0	0.0	0.0	0.0	0.0	0.0	0.0	0.0
SRR6764490	719.0	4737.0	113.0	3384.0	638.0	0.0	116.0	986.0	337.0	2431.0	13.0	0.0	0.0	0.0	24.0	233.0	0.0	0.0	0.0	0.0	198.0	0.0	36.0	0.0	0.0	18.0	0.0	0.0	0.0	0.0	0.0	0.0	0.0	0.0	0.0
SRR6764492	277.0	4066.0	183.0	3052.0	457.0	0.0	105.0	652.0	34.0	1158.0	8.0	0.0	0.0	0.0	0.0	164.0	0.0	0.0	0.0	0.0	102.0	0.0	28.0	0.0	0.0	0.0	0.0	0.0	0.0	0.0	0.0	0.0	0.0	0.0	0.0
SRR6764495	1867.0	5925.0	165.0	3918.0	1448.0	0.0	324.0	819.0	338.0	1137.0	132.0	85.0	0.0	10.0	317.0	173.0	0.0	14.0	0.0	0.0	145.0	0.0	75.0	0.0	0.0	0.0	0.0	0.0	0.0	0.0	0.0	0.0	0.0	0.0	0.0
SRR6764496	1463.0	5652.0	162.0	4111.0	1186.0	0.0	324.0	791.0	323.0	898.0	140.0	68.0	0.0	10.0	524.0	84.0	14.0	19.0	0.0	0.0	125.0	0.0	0.0	0.0	0.0	0.0	0.0	0.0	0.0	0.0	0.0	0.0	0.0	0.0	0.0
SRR6764497	261.0	4414.0	228.0	2911.0	312.0	0.0	138.0	663.0	276.0	1007.0	0.0	6.0	0.0	0.0	38.0	84.0	0.0	0.0	0.0	0.0	0.0	0.0	18.0	0.0	0.0	0.0	0.0	0.0	0.0	0.0	0.0	0.0	0.0	0.0	0.0
SRR6764498	175.0	5380.0	460.0	3897.0	309.0	0.0	336.0	616.0	436.0	2463.0	0.0	20.0	0.0	0.0	0.0	313.0	0.0	0.0	0.0	0.0	0.0	0.0	0.0	0.0	0.0	0.0	0.0	0.0	0.0	0.0	0.0	0.0	0.0	0.0	0.0
SRR6764499	2438.0	3987.0	938.0	2443.0	561.0	0.0	754.0	837.0	115.0	934.0	219.0	70.0	0.0	0.0	386.0	45.0	41.0	19.0	73.0	0.0	0.0	0.0	14.0	0.0	0.0	0.0	0.0	0.0	0.0	0.0	0.0	0.0	0.0	0.0	0.0
SRR6764500	98.0	8193.0	247.0	2949.0	189.0	0.0	315.0	841.0	324.0	6128.0	0.0	0.0	0.0	0.0	35.0	79.0	0.0	0.0	0.0	0.0	44.0	0.0	0.0	0.0	0.0	0.0	0.0	0.0	0.0	0.0	0.0	0.0	0.0	0.0	0.0
SRR6764501	3489.0	3850.0	940.0	2111.0	1305.0	0.0	1368.0	831.0	233.0	1571.0	332.0	91.0	0.0	41.0	333.0	10.0	124.0	0.0	95.0	0.0	28.0	0.0	0.0	0.0	0.0	0.0	0.0	0.0	0.0	0.0	0.0	0.0	0.0	0.0	0.0
SRR6764502	175.0	4201.0	66.0	3511.0	306.0	0.0	97.0	474.0	396.0	1984.0	0.0	0.0	0.0	0.0	0.0	97.0	0.0	0.0	0.0	0.0	114.0	0.0	20.0	0.0	0.0	0.0	0.0	0.0	0.0	0.0	0.0	0.0	0.0	0.0	0.0
SRR6764504	0.0	4003.0	263.0	3603.0	89.0	0.0	119.0	130.0	401.0	1952.0	0.0	0.0	0.0	0.0	0.0	34.0	0.0	0.0	0.0	0.0	16.0	0.0	0.0	0.0	0.0	0.0	0.0	0.0	0.0	0.0	0.0	0.0	0.0	0.0	0.0
SRR6764505	156.0	4616.0	106.0	3314.0	298.0	0.0	223.0	402.0	695.0	1346.0	0.0	0.0	0.0	0.0	0.0	177.0	0.0	0.0	0.0	0.0	0.0	0.0	32.0	0.0	0.0	0.0	0.0	0.0	0.0	0.0	0.0	0.0	0.0	0.0	0.0
SRR6764507	161.0	4924.0	549.0	3473.0	222.0	0.0	204.0	223.0	219.0	2772.0	0.0	0.0	0.0	0.0	0.0	0.0	0.0	0.0	0.0	0.0	32.0	0.0	0.0	0.0	0.0	0.0	0.0	0.0	0.0	0.0	0.0	0.0	0.0	0.0	0.0
SRR6764508	245.0	4232.0	138.0	4044.0	451.0	0.0	88.0	289.0	458.0	3049.0	19.0	0.0	0.0	0.0	27.0	0.0	0.0	0.0	0.0	0.0	27.0	0.0	0.0	0.0	0.0	42.0	0.0	0.0	0.0	0.0	0.0	0.0	0.0	0.0	0.0
SRR6764509	170.0	4175.0	0.0	3687.0	327.0	0.0	0.0	690.0	303.0	978.0	0.0	0.0	0.0	0.0	0.0	158.0	0.0	0.0	0.0	0.0	0.0	0.0	30.0	0.0	0.0	0.0	0.0	0.0	0.0	0.0	0.0	0.0	0.0	0.0	0.0
SRR6764510	466.0	5348.0	16.0	4686.0	478.0	0.0	153.0	684.0	618.0	2223.0	0.0	0.0	0.0	0.0	20.0	148.0	0.0	0.0	0.0	0.0	79.0	0.0	0.0	0.0	0.0	0.0	0.0	0.0	0.0	0.0	0.0	0.0	0.0	0.0	0.0
SRR6764511	377.0	5960.0	0.0	4110.0	932.0	0.0	114.0	915.0	533.0	1777.0	0.0	15.0	0.0	0.0	0.0	300.0	0.0	0.0	0.0	0.0	126.0	0.0	30.0	0.0	0.0	0.0	0.0	0.0	0.0	0.0	0.0	0.0	0.0	0.0	0.0
SRR6764514	1397.0	6405.0	955.0	5113.0	839.0	0.0	208.0	261.0	803.0	1020.0	229.0	54.0	0.0	66.0	350.0	40.0	0.0	18.0	0.0	0.0	113.0	0.0	38.0	0.0	0.0	0.0	0.0	0.0	0.0	0.0	0.0	0.0	0.0	0.0	0.0
SRR6764515	1568.0	7044.0	738.0	6623.0	874.0	0.0	443.0	744.0	547.0	1191.0	344.0	69.0	0.0	0.0	545.0	218.0	0.0	0.0	0.0	0.0	112.0	0.0	108.0	0.0	0.0	0.0	0.0	0.0	0.0	0.0	0.0	0.0	0.0	0.0	0.0
SRR6764516	1237.0	2780.0	1281.0	1054.0	53.0	0.0	562.0	295.0	42.0	2994.0	172.0	18.0	0.0	0.0	50.0	0.0	35.0	0.0	0.0	0.0	0.0	0.0	13.0	0.0	0.0	0.0	0.0	0.0	0.0	0.0	0.0	0.0	0.0	0.0	0.0
SRR6764517	1450.0	5967.0	725.0	4337.0	741.0	0.0	153.0	550.0	287.0	397.0	121.0	146.0	0.0	0.0	338.0	262.0	16.0	26.0	0.0	0.0	173.0	0.0	56.0	0.0	0.0	0.0	0.0	0.0	0.0	0.0	0.0	0.0	0.0	0.0	0.0
SRR6764518	3051.0	3619.0	707.0	1798.0	686.0	42.0	812.0	646.0	137.0	589.0	257.0	79.0	0.0	8.0	246.0	21.0	37.0	0.0	83.0	0.0	0.0	0.0	29.0	0.0	0.0	0.0	0.0	0.0	0.0	0.0	0.0	0.0	0.0	0.0	0.0
SRR6764519	1641.0	2308.0	1823.0	1344.0	386.0	0.0	1041.0	642.0	39.0	4620.0	292.0	102.0	0.0	0.0	157.0	0.0	37.0	0.0	0.0	0.0	0.0	0.0	0.0	0.0	0.0	0.0	0.0	0.0	0.0	0.0	0.0	0.0	0.0	0.0	0.0
SRR6764521	1978.0	2214.0	658.0	2477.0	394.0	0.0	488.0	373.0	5.0	485.0	172.0	44.0	0.0	95.0	558.0	0.0	64.0	0.0	44.0	0.0	0.0	0.0	0.0	0.0	0.0	0.0	0.0	0.0	0.0	0.0	0.0	0.0	0.0	0.0	0.0
SRR6764522	730.0	5434.0	235.0	3629.0	502.0	0.0	105.0	376.0	723.0	1125.0	44.0	0.0	0.0	0.0	81.0	44.0	0.0	0.0	0.0	0.0	72.0	0.0	30.0	0.0	0.0	0.0	0.0	0.0	0.0	0.0	0.0	0.0	0.0	0.0	0.0
SRR6764523	691.0	4771.0	291.0	4050.0	551.0	0.0	99.0	340.0	554.0	1069.0	0.0	0.0	0.0	0.0	33.0	48.0	0.0	0.0	0.0	0.0	0.0	0.0	0.0	0.0	0.0	0.0	0.0	0.0	0.0	0.0	0.0	0.0	0.0	0.0	0.0
SRR6764524	888.0	7312.0	387.0	5761.0	827.0	0.0	32.0	368.0	815.0	1983.0	95.0	0.0	0.0	0.0	50.0	204.0	0.0	0.0	0.0	0.0	0.0	0.0	77.0	0.0	0.0	0.0	0.0	0.0	0.0	0.0	0.0	0.0	0.0	0.0	0.0
SRR6764525	797.0	6128.0	465.0	5986.0	1060.0	0.0	207.0	758.0	873.0	2359.0	115.0	70.0	0.0	0.0	0.0	392.0	0.0	0.0	0.0	0.0	86.0	0.0	69.0	0.0	0.0	0.0	0.0	0.0	0.0	0.0	0.0	0.0	0.0	0.0	0.0
SRR6764526	1455.0	9021.0	320.0	6921.0	1034.0	0.0	661.0	690.0	1344.0	2631.0	318.0	51.0	0.0	0.0	161.0	248.0	42.0	22.0	0.0	0.0	160.0	0.0	0.0	0.0	0.0	0.0	0.0	0.0	0.0	0.0	0.0	0.0	0.0	0.0	0.0
SRR6764527	773.0	3966.0	539.0	4183.0	799.0	0.0	153.0	90.0	752.0	1903.0	217.0	0.0	0.0	0.0	118.0	70.0	21.0	0.0	0.0	0.0	140.0	0.0	0.0	0.0	0.0	39.0	0.0	0.0	0.0	0.0	0.0	0.0	0.0	0.0	0.0
SRR6764528	3249.0	9802.0	1171.0	7677.0	1522.0	0.0	781.0	905.0	813.0	3209.0	344.0	142.0	0.0	53.0	1166.0	170.0	23.0	41.0	0.0	0.0	441.0	0.0	0.0	0.0	0.0	56.0	0.0	0.0	0.0	0.0	0.0	0.0	0.0	0.0	0.0
SRR6764529	371.0	4942.0	289.0	4791.0	371.0	0.0	127.0	526.0	455.0	1189.0	0.0	36.0	0.0	0.0	0.0	130.0	0.0	0.0	0.0	0.0	0.0	0.0	52.0	0.0	0.0	0.0	0.0	0.0	0.0	0.0	0.0	0.0	0.0	0.0	0.0
SRR6764530	448.0	5327.0	0.0	5692.0	710.0	0.0	108.0	842.0	676.0	1488.0	17.0	56.0	0.0	0.0	7.0	235.0	0.0	8.0	0.0	0.0	126.0	0.0	79.0	0.0	0.0	0.0	0.0	0.0	0.0	0.0	0.0	0.0	0.0	0.0	0.0
SRR6764531	211.0	5692.0	158.0	4617.0	319.0	0.0	70.0	266.0	222.0	1773.0	0.0	0.0	0.0	0.0	0.0	150.0	0.0	0.0	0.0	0.0	32.0	0.0	0.0	0.0	0.0	0.0	0.0	0.0	0.0	0.0	0.0	0.0	0.0	0.0	0.0
SRR6764532	336.0	4971.0	456.0	2512.0	196.0	0.0	245.0	194.0	367.0	3262.0	20.0	0.0	0.0	0.0	0.0	0.0	0.0	0.0	0.0	0.0	0.0	0.0	0.0	0.0	0.0	0.0	0.0	0.0	0.0	0.0	0.0	0.0	0.0	0.0	0.0
SRR6764533	180.0	4300.0	1177.0	2240.0	159.0	0.0	197.0	240.0	275.0	2733.0	0.0	49.0	0.0	0.0	0.0	0.0	0.0	0.0	0.0	0.0	0.0	0.0	0.0	0.0	0.0	0.0	0.0	0.0	0.0	0.0	0.0	0.0	0.0	0.0	0.0
SRR6764534	4224.0	5744.0	1248.0	2803.0	1280.0	107.0	2240.0	1354.0	246.0	1758.0	319.0	259.0	54.0	150.0	1230.0	44.0	112.0	0.0	214.0	45.0	0.0	0.0	126.0	0.0	0.0	0.0	30.0	0.0	0.0	0.0	0.0	0.0	0.0	0.0	0.0
SRR6764535	3417.0	3709.0	830.0	1880.0	741.0	63.0	1009.0	619.0	120.0	1271.0	212.0	266.0	0.0	94.0	637.0	113.0	85.0	14.0	109.0	0.0	55.0	0.0	61.0	0.0	0.0	0.0	0.0	0.0	0.0	0.0	0.0	0.0	0.0	0.0	0.0
SRR6764538	639.0	5231.0	26.0	3619.0	453.0	0.0	158.0	816.0	397.0	2157.0	16.0	37.0	0.0	0.0	0.0	323.0	0.0	0.0	0.0	0.0	130.0	0.0	31.0	0.0	0.0	0.0	0.0	0.0	0.0	0.0	0.0	0.0	0.0	0.0	0.0
SRR6764539	403.0	5104.0	147.0	3985.0	726.0	0.0	156.0	1026.0	534.0	1739.0	0.0	0.0	0.0	0.0	0.0	189.0	0.0	0.0	0.0	0.0	98.0	0.0	44.0	0.0	0.0	0.0	0.0	0.0	0.0	0.0	0.0	0.0	0.0	0.0	0.0
SRR6764540	156.0	5617.0	87.0	4458.0	354.0	0.0	87.0	807.0	469.0	2008.0	0.0	0.0	0.0	0.0	0.0	157.0	0.0	0.0	0.0	0.0	0.0	0.0	0.0	0.0	0.0	0.0	0.0	0.0	0.0	0.0	0.0	0.0	0.0	0.0	0.0
SRR6764541	141.0	3493.0	162.0	3223.0	377.0	0.0	54.0	64.0	282.0	2378.0	0.0	0.0	0.0	0.0	8.0	98.0	0.0	0.0	0.0	0.0	0.0	0.0	0.0	0.0	0.0	0.0	0.0	0.0	0.0	0.0	0.0	0.0	0.0	0.0	0.0
SRR6764543	628.0	3738.0	293.0	4391.0	746.0	0.0	136.0	314.0	631.0	1178.0	90.0	0.0	0.0	0.0	84.0	41.0	0.0	0.0	0.0	0.0	42.0	0.0	68.0	0.0	0.0	0.0	0.0	0.0	0.0	0.0	0.0	0.0	0.0	0.0	0.0
SRR6764544	2044.0	2820.0	1391.0	1070.0	164.0	0.0	723.0	416.0	37.0	4760.0	178.0	84.0	0.0	23.0	163.0	34.0	106.0	17.0	0.0	0.0	0.0	0.0	0.0	0.0	0.0	0.0	0.0	0.0	0.0	0.0	0.0	0.0	0.0	0.0	0.0
SRR6764545	742.0	3243.0	792.0	653.0	85.0	0.0	754.0	770.0	22.0	7106.0	58.0	54.0	0.0	0.0	231.0	0.0	72.0	0.0	0.0	0.0	0.0	0.0	0.0	0.0	0.0	0.0	0.0	0.0	0.0	0.0	0.0	0.0	0.0	0.0	0.0
SRR6764546	1445.0	5520.0	494.0	4910.0	881.0	0.0	224.0	507.0	424.0	643.0	294.0	64.0	0.0	8.0	237.0	149.0	0.0	20.0	0.0	0.0	0.0	10.0	0.0	0.0	0.0	0.0	0.0	0.0	0.0	0.0	0.0	0.0	0.0	0.0	0.0
SRR6764547	1426.0	7317.0	876.0	4939.0	833.0	0.0	400.0	506.0	292.0	302.0	119.0	55.0	0.0	0.0	269.0	229.0	32.0	0.0	0.0	0.0	83.0	16.0	58.0	0.0	0.0	0.0	0.0	0.0	0.0	0.0	0.0	0.0	0.0	0.0	0.0
SRR6764549	1892.0	2983.0	1102.0	1687.0	388.0	0.0	994.0	572.0	28.0	4574.0	266.0	56.0	0.0	0.0	30.0	0.0	43.0	0.0	0.0	0.0	0.0	0.0	0.0	0.0	0.0	0.0	0.0	0.0	0.0	0.0	0.0	0.0	0.0	0.0	0.0
SRR6764550	4914.0	5898.0	921.0	5648.0	1531.0	0.0	1303.0	1184.0	165.0	1408.0	385.0	88.0	0.0	56.0	941.0	218.0	131.0	41.0	0.0	0.0	126.0	0.0	95.0	0.0	0.0	0.0	0.0	0.0	0.0	0.0	0.0	0.0	0.0	0.0	0.0
SRR6764551	3725.0	4174.0	1446.0	2054.0	1329.0	0.0	1751.0	807.0	61.0	2484.0	254.0	148.0	0.0	74.0	473.0	0.0	176.0	21.0	71.0	0.0	0.0	0.0	73.0	0.0	0.0	0.0	0.0	0.0	0.0	0.0	0.0	0.0	0.0	0.0	0.0
SRR6764552	2356.0	2652.0	1016.0	1234.0	717.0	0.0	1059.0	792.0	26.0	1543.0	324.0	79.0	0.0	44.0	221.0	15.0	144.0	0.0	57.0	0.0	0.0	0.0	0.0	0.0	0.0	0.0	0.0	0.0	0.0	0.0	0.0	0.0	0.0	0.0	0.0
SRR6764553	1320.0	4091.0	136.0	4743.0	543.0	0.0	308.0	833.0	509.0	482.0	108.0	20.0	0.0	51.0	35.0	301.0	0.0	21.0	0.0	0.0	101.0	0.0	0.0	0.0	0.0	0.0	0.0	0.0	0.0	0.0	0.0	0.0	0.0	0.0	0.0
SRR6764554	3896.0	4187.0	1488.0	3325.0	1115.0	0.0	1221.0	852.0	35.0	2424.0	224.0	26.0	12.0	86.0	1300.0	58.0	114.0	89.0	49.0	9.0	38.0	0.0	0.0	0.0	0.0	18.0	0.0	0.0	0.0	0.0	0.0	0.0	0.0	0.0	0.0
SRR6764555	6904.0	7481.0	4413.0	3892.0	1292.0	63.0	2930.0	2121.0	9.0	3765.0	314.0	191.0	0.0	314.0	2832.0	79.0	227.0	8.0	197.0	53.0	48.0	0.0	35.0	0.0	0.0	35.0	0.0	0.0	20.0	0.0	0.0	0.0	0.0	0.0	0.0
SRR6764556	3702.0	4454.0	1825.0	3074.0	922.0	0.0	963.0	801.0	22.0	1812.0	290.0	81.0	0.0	18.0	1210.0	2.0	195.0	0.0	52.0	0.0	32.0	0.0	51.0	0.0	0.0	15.0	0.0	0.0	0.0	0.0	0.0	0.0	0.0	0.0	0.0
SRR6764557	4261.0	5968.0	1527.0	4360.0	1115.0	0.0	1348.0	1228.0	32.0	5018.0	378.0	69.0	0.0	93.0	1024.0	21.0	196.0	72.0	0.0	0.0	0.0	0.0	80.0	0.0	0.0	0.0	0.0	0.0	0.0	0.0	0.0	0.0	0.0	0.0	0.0
SRR6764558	4938.0	5172.0	1669.0	3319.0	1260.0	0.0	1129.0	1180.0	40.0	1857.0	192.0	36.0	0.0	45.0	1462.0	11.0	145.0	66.0	58.0	0.0	0.0	0.0	34.0	0.0	4.0	0.0	0.0	0.0	0.0	0.0	0.0	0.0	0.0	0.0	0.0
SRR6764559	2324.0	4423.0	1091.0	3159.0	895.0	0.0	999.0	743.0	200.0	2081.0	277.0	19.0	0.0	0.0	920.0	5.0	110.0	0.0	0.0	0.0	0.0	0.0	0.0	0.0	0.0	0.0	0.0	0.0	0.0	0.0	0.0	0.0	0.0	0.0	0.0
SRR6764560	3145.0	5072.0	1864.0	1496.0	610.0	0.0	1246.0	1174.0	20.0	1749.0	308.0	155.0	0.0	0.0	1396.0	42.0	81.0	33.0	100.0	18.0	0.0	0.0	0.0	0.0	0.0	0.0	0.0	0.0	0.0	0.0	0.0	0.0	0.0	0.0	0.0
SRR6764561	4567.0	6048.0	1570.0	4306.0	1001.0	0.0	1175.0	1094.0	110.0	3318.0	273.0	34.0	0.0	73.0	1392.0	68.0	35.0	94.0	44.0	0.0	30.0	0.0	0.0	0.0	0.0	0.0	0.0	0.0	0.0	0.0	0.0	0.0	0.0	0.0	0.0
SRR6764562	2235.0	4210.0	1207.0	1579.0	471.0	0.0	1180.0	1057.0	56.0	1355.0	236.0	0.0	0.0	44.0	1151.0	9.0	127.0	0.0	93.0	14.0	0.0	0.0	0.0	0.0	0.0	0.0	0.0	0.0	0.0	0.0	0.0	0.0	0.0	0.0	0.0
SRR6764563	4141.0	4799.0	1719.0	2232.0	557.0	0.0	1149.0	1431.0	19.0	1959.0	215.0	27.0	0.0	148.0	1826.0	33.0	177.0	0.0	103.0	20.0	0.0	0.0	49.0	0.0	0.0	25.0	0.0	0.0	0.0	0.0	0.0	0.0	0.0	0.0	0.0
SRR6764564	7918.0	7013.0	914.0	4777.0	1651.0	76.0	1591.0	2467.0	271.0	638.0	340.0	26.0	0.0	177.0	1873.0	217.0	68.0	96.0	271.0	45.0	59.0	0.0	55.0	0.0	0.0	31.0	0.0	53.0	9.0	0.0	0.0	0.0	0.0	0.0	0.0
SRR6764565	236.0	4565.0	0.0	1842.0	246.0	0.0	268.0	694.0	210.0	1992.0	0.0	0.0	0.0	0.0	12.0	89.0	0.0	0.0	0.0	0.0	13.0	0.0	19.0	0.0	0.0	0.0	0.0	0.0	0.0	0.0	0.0	0.0	0.0	0.0	0.0
SRR6764566	5966.0	4838.0	724.0	3159.0	971.0	0.0	1242.0	1238.0	200.0	592.0	350.0	50.0	0.0	46.0	1379.0	72.0	78.0	0.0	141.0	41.0	0.0	0.0	51.0	0.0	0.0	0.0	9.0	0.0	0.0	0.0	0.0	0.0	0.0	0.0	0.0
SRR6764568	0.0	3926.0	300.0	1506.0	53.0	0.0	233.0	467.0	233.0	4155.0	0.0	38.0	0.0	0.0	0.0	0.0	0.0	0.0	0.0	0.0	0.0	0.0	0.0	0.0	0.0	0.0	0.0	0.0	0.0	0.0	0.0	0.0	0.0	0.0	0.0
SRR6764569	1770.0	7023.0	216.0	4693.0	832.0	0.0	460.0	509.0	364.0	377.0	90.0	0.0	11.0	66.0	203.0	58.0	0.0	0.0	0.0	0.0	49.0	0.0	90.0	0.0	0.0	0.0	0.0	23.0	0.0	0.0	0.0	0.0	0.0	0.0	0.0
SRR6764570	2811.0	6765.0	714.0	5966.0	1154.0	0.0	572.0	373.0	1093.0	1155.0	385.0	75.0	0.0	0.0	762.0	212.0	0.0	35.0	0.0	0.0	56.0	0.0	128.0	0.0	0.0	0.0	0.0	0.0	0.0	0.0	0.0	0.0	0.0	0.0	0.0
SRR6764571	1252.0	4963.0	174.0	4846.0	824.0	0.0	166.0	535.0	246.0	393.0	128.0	34.0	0.0	0.0	216.0	130.0	0.0	0.0	24.0	0.0	170.0	0.0	93.0	0.0	0.0	0.0	0.0	0.0	0.0	0.0	0.0	0.0	0.0	0.0	0.0
SRR6764572	215.0	5127.0	169.0	4128.0	378.0	0.0	209.0	505.0	284.0	2467.0	0.0	24.0	0.0	0.0	0.0	193.0	0.0	0.0	0.0	0.0	62.0	0.0	50.0	0.0	0.0	0.0	0.0	0.0	0.0	0.0	0.0	0.0	0.0	0.0	0.0
SRR6764573	321.0	6541.0	518.0	4892.0	647.0	0.0	183.0	672.0	655.0	3361.0	18.0	8.0	0.0	0.0	13.0	169.0	0.0	0.0	0.0	0.0	0.0	0.0	0.0	0.0	0.0	0.0	0.0	0.0	0.0	0.0	0.0	0.0	0.0	0.0	0.0
SRR6764574	3388.0	3474.0	849.0	2144.0	653.0	0.0	686.0	576.0	58.0	1204.0	205.0	43.0	0.0	42.0	415.0	131.0	96.0	0.0	0.0	0.0	88.0	0.0	0.0	0.0	0.0	0.0	0.0	0.0	0.0	0.0	0.0	0.0	0.0	0.0	0.0
SRR6764575	1920.0	5228.0	94.0	3423.0	704.0	0.0	280.0	654.0	409.0	606.0	92.0	0.0	0.0	0.0	165.0	45.0	0.0	11.0	0.0	0.0	84.0	0.0	89.0	0.0	0.0	0.0	0.0	0.0	0.0	0.0	0.0	0.0	0.0	0.0	0.0
SRR6764576	1331.0	5382.0	460.0	6229.0	839.0	0.0	212.0	604.0	424.0	1336.0	137.0	20.0	0.0	32.0	17.0	260.0	0.0	0.0	0.0	0.0	69.0	0.0	67.0	0.0	0.0	0.0	0.0	0.0	0.0	0.0	0.0	0.0	0.0	0.0	0.0
SRR6764577	141.0	4154.0	125.0	3450.0	353.0	0.0	186.0	681.0	249.0	1920.0	0.0	0.0	0.0	0.0	0.0	221.0	0.0	0.0	0.0	0.0	0.0	0.0	38.0	0.0	0.0	0.0	0.0	0.0	0.0	0.0	0.0	0.0	0.0	0.0	0.0
SRR6764578	275.0	4348.0	37.0	3732.0	647.0	0.0	220.0	841.0	260.0	2520.0	0.0	0.0	0.0	0.0	0.0	223.0	0.0	0.0	0.0	0.0	0.0	0.0	68.0	0.0	0.0	0.0	0.0	0.0	0.0	0.0	0.0	0.0	0.0	0.0	0.0
SRR6764579	797.0	6336.0	65.0	4423.0	1203.0	0.0	602.0	1098.0	647.0	3395.0	28.0	32.0	0.0	0.0	61.0	315.0	0.0	0.0	0.0	0.0	109.0	0.0	97.0	0.0	0.0	0.0	0.0	0.0	0.0	0.0	0.0	0.0	0.0	0.0	0.0
SRR6764580	365.0	6034.0	0.0	3908.0	532.0	0.0	179.0	521.0	371.0	3507.0	16.0	20.0	0.0	0.0	0.0	347.0	0.0	0.0	0.0	0.0	0.0	0.0	60.0	0.0	0.0	0.0	0.0	0.0	0.0	0.0	0.0	0.0	0.0	0.0	0.0
SRR6764581	688.0	6454.0	153.0	4360.0	978.0	0.0	266.0	1154.0	628.0	2188.0	0.0	81.0	0.0	0.0	112.0	430.0	0.0	0.0	0.0	0.0	328.0	0.0	103.0	0.0	0.0	0.0	0.0	0.0	0.0	0.0	0.0	0.0	0.0	0.0	0.0
SRR6764582	594.0	5021.0	50.0	3499.0	747.0	0.0	148.0	820.0	376.0	1271.0	0.0	14.0	0.0	10.0	25.0	235.0	0.0	0.0	0.0	0.0	67.0	0.0	109.0	0.0	0.0	0.0	0.0	0.0	0.0	0.0	0.0	0.0	0.0	0.0	0.0
SRR6764583	4205.0	4004.0	510.0	2690.0	1031.0	31.0	752.0	1236.0	121.0	869.0	357.0	92.0	6.0	147.0	1498.0	11.0	90.0	14.0	226.0	16.0	0.0	0.0	0.0	0.0	0.0	0.0	63.0	0.0	0.0	0.0	0.0	0.0	0.0	0.0	0.0
SRR6764584	5030.0	5603.0	492.0	3646.0	1741.0	147.0	1419.0	1373.0	254.0	1043.0	366.0	15.0	0.0	83.0	2134.0	0.0	43.0	0.0	128.0	27.0	89.0	0.0	54.0	0.0	0.0	0.0	0.0	0.0	12.0	0.0	0.0	0.0	0.0	0.0	0.0
SRR6764585	4449.0	3684.0	458.0	2047.0	1275.0	33.0	957.0	745.0	130.0	580.0	224.0	0.0	7.0	46.0	1141.0	16.0	38.0	0.0	116.0	15.0	31.0	0.0	43.0	0.0	0.0	0.0	44.0	0.0	17.0	0.0	0.0	0.0	0.0	0.0	0.0
SRR6764586	5208.0	4995.0	612.0	3794.0	1179.0	27.0	1401.0	1096.0	358.0	820.0	286.0	21.0	0.0	122.0	1941.0	67.0	51.0	0.0	177.0	24.0	0.0	0.0	70.0	0.0	0.0	0.0	52.0	18.0	24.0	0.0	0.0	0.0	0.0	0.0	0.0
SRR6764587	5502.0	6309.0	1246.0	3134.0	1217.0	0.0	1780.0	1391.0	88.0	1462.0	301.0	57.0	0.0	266.0	1474.0	32.0	195.0	104.0	137.0	0.0	42.0	0.0	0.0	0.0	0.0	0.0	54.0	0.0	22.0	0.0	0.0	0.0	0.0	0.0	0.0
SRR6764588	4982.0	4022.0	959.0	3242.0	801.0	0.0	1080.0	1000.0	41.0	727.0	380.0	0.0	0.0	28.0	1023.0	228.0	36.0	20.0	86.0	0.0	76.0	4.0	19.0	0.0	0.0	0.0	0.0	0.0	0.0	0.0	0.0	0.0	0.0	0.0	0.0
SRR6764590	98.0	4152.0	318.0	3876.0	254.0	0.0	0.0	383.0	309.0	1046.0	0.0	14.0	0.0	0.0	0.0	45.0	0.0	0.0	0.0	0.0	65.0	0.0	0.0	0.0	0.0	0.0	0.0	0.0	0.0	0.0	0.0	0.0	0.0	0.0	0.0
SRR6764591	591.0	5486.0	253.0	4380.0	789.0	0.0	0.0	551.0	708.0	1115.0	33.0	0.0	0.0	0.0	10.0	291.0	0.0	0.0	0.0	0.0	288.0	0.0	27.0	0.0	0.0	0.0	0.0	0.0	0.0	0.0	0.0	0.0	0.0	0.0	0.0
SRR6764593	1226.0	4140.0	265.0	3808.0	856.0	0.0	20.0	202.0	598.0	678.0	103.0	0.0	0.0	0.0	233.0	81.0	0.0	0.0	0.0	0.0	90.0	0.0	31.0	0.0	0.0	0.0	0.0	0.0	0.0	0.0	0.0	0.0	0.0	0.0	0.0
SRR6764594	467.0	6899.0	265.0	4139.0	688.0	0.0	99.0	719.0	262.0	1442.0	0.0	0.0	0.0	0.0	61.0	179.0	0.0	9.0	0.0	0.0	334.0	0.0	0.0	0.0	0.0	0.0	0.0	0.0	0.0	0.0	0.0	0.0	0.0	0.0	0.0
SRR6764596	1311.0	5375.0	176.0	3991.0	1223.0	0.0	186.0	964.0	452.0	1301.0	87.0	63.0	0.0	0.0	294.0	233.0	0.0	12.0	0.0	0.0	192.0	0.0	91.0	0.0	0.0	0.0	0.0	0.0	0.0	0.0	0.0	0.0	0.0	0.0	0.0
SRR6764597	1855.0	5333.0	221.0	4153.0	1039.0	0.0	291.0	1011.0	579.0	768.0	100.0	18.0	0.0	26.0	392.0	145.0	13.0	0.0	0.0	0.0	244.0	0.0	64.0	0.0	0.0	0.0	0.0	0.0	0.0	0.0	0.0	0.0	0.0	0.0	0.0
SRR6764598	675.0	4316.0	537.0	3973.0	743.0	0.0	186.0	528.0	479.0	1441.0	78.0	0.0	0.0	0.0	99.0	158.0	0.0	0.0	0.0	0.0	55.0	0.0	0.0	0.0	0.0	0.0	0.0	0.0	0.0	0.0	0.0	0.0	0.0	0.0	0.0
SRR6764599	1402.0	6152.0	963.0	4506.0	816.0	0.0	347.0	821.0	580.0	1787.0	158.0	0.0	0.0	49.0	0.0	149.0	0.0	0.0	0.0	0.0	9.0	0.0	0.0	0.0	0.0	0.0	0.0	0.0	0.0	0.0	0.0	0.0	0.0	0.0	0.0
SRR6764600	2269.0	8486.0	458.0	3777.0	894.0	0.0	716.0	728.0	791.0	1516.0	143.0	63.0	0.0	4.0	605.0	157.0	0.0	0.0	40.0	0.0	155.0	0.0	88.0	0.0	0.0	0.0	0.0	22.0	0.0	0.0	0.0	0.0	0.0	0.0	0.0
SRR6764601	2178.0	6606.0	240.0	3332.0	879.0	0.0	617.0	474.0	550.0	1031.0	133.0	23.0	0.0	40.0	531.0	71.0	21.0	0.0	0.0	0.0	60.0	0.0	62.0	0.0	0.0	0.0	0.0	0.0	0.0	0.0	0.0	0.0	0.0	0.0	0.0
SRR6764602	3014.0	6633.0	463.0	5059.0	1421.0	0.0	935.0	1198.0	521.0	1203.0	155.0	49.0	0.0	28.0	490.0	195.0	42.0	37.0	0.0	0.0	40.0	0.0	0.0	0.0	0.0	0.0	0.0	0.0	0.0	0.0	0.0	0.0	0.0	0.0	0.0
SRR6764603	2954.0	7433.0	246.0	5163.0	1660.0	0.0	503.0	1268.0	624.0	1353.0	103.0	50.0	0.0	25.0	360.0	164.0	0.0	0.0	0.0	0.0	183.0	0.0	157.0	0.0	0.0	0.0	0.0	10.0	0.0	0.0	0.0	0.0	0.0	0.0	0.0
SRR6764604	330.0	5341.0	121.0	5143.0	733.0	0.0	340.0	929.0	1122.0	1554.0	16.0	24.0	0.0	0.0	29.0	215.0	0.0	0.0	0.0	0.0	64.0	0.0	75.0	0.0	0.0	0.0	0.0	37.0	0.0	0.0	0.0	0.0	0.0	0.0	0.0
SRR6764605	256.0	5315.0	43.0	4003.0	434.0	0.0	158.0	1002.0	721.0	1913.0	0.0	0.0	0.0	0.0	11.0	209.0	0.0	10.0	0.0	0.0	35.0	0.0	71.0	0.0	0.0	0.0	0.0	27.0	0.0	0.0	0.0	0.0	0.0	0.0	0.0
SRR6764606	675.0	3441.0	132.0	2942.0	358.0	0.0	137.0	129.0	1131.0	1275.0	40.0	66.0	0.0	0.0	19.0	98.0	0.0	6.0	0.0	0.0	0.0	0.0	31.0	0.0	0.0	0.0	0.0	0.0	0.0	0.0	0.0	0.0	0.0	0.0	0.0
SRR6764607	1250.0	4955.0	365.0	4567.0	825.0	0.0	281.0	631.0	721.0	1925.0	191.0	28.0	0.0	13.0	79.0	206.0	19.0	0.0	0.0	0.0	79.0	0.0	32.0	0.0	0.0	0.0	0.0	0.0	0.0	0.0	0.0	0.0	0.0	0.0	0.0
SRR6764608	2846.0	5894.0	761.0	5371.0	670.0	0.0	469.0	311.0	716.0	3307.0	223.0	0.0	0.0	28.0	569.0	0.0	0.0	0.0	0.0	0.0	45.0	0.0	53.0	0.0	12.0	51.0	0.0	0.0	0.0	0.0	0.0	0.0	0.0	0.0	0.0
SRR6764609	922.0	4673.0	446.0	4130.0	526.0	0.0	189.0	50.0	239.0	2066.0	0.0	0.0	0.0	0.0	52.0	0.0	0.0	0.0	0.0	0.0	0.0	0.0	0.0	0.0	0.0	37.0	0.0	0.0	0.0	0.0	0.0	0.0	0.0	0.0	0.0
SRR6764610	1355.0	4054.0	298.0	4173.0	667.0	0.0	232.0	762.0	617.0	1200.0	101.0	49.0	0.0	126.0	391.0	171.0	0.0	0.0	0.0	0.0	74.0	0.0	41.0	0.0	0.0	0.0	0.0	0.0	0.0	0.0	0.0	0.0	0.0	0.0	0.0
SRR6764611	1221.0	4635.0	369.0	4579.0	724.0	0.0	268.0	624.0	492.0	1054.0	144.0	12.0	0.0	0.0	263.0	191.0	0.0	18.0	0.0	0.0	89.0	4.0	36.0	0.0	0.0	0.0	0.0	0.0	0.0	0.0	0.0	0.0	0.0	0.0	0.0
SRR6764612	4023.0	3468.0	364.0	2093.0	679.0	48.0	794.0	750.0	184.0	616.0	200.0	448.0	7.0	33.0	842.0	106.0	34.0	44.0	122.0	0.0	0.0	0.0	49.0	0.0	0.0	0.0	38.0	0.0	0.0	0.0	0.0	0.0	0.0	0.0	0.0
SRR6764613	4036.0	3435.0	583.0	2110.0	1019.0	77.0	743.0	618.0	191.0	925.0	233.0	437.0	8.0	12.0	805.0	20.0	15.0	23.0	120.0	0.0	0.0	0.0	69.0	0.0	0.0	0.0	47.0	0.0	0.0	0.0	0.0	0.0	0.0	0.0	0.0
SRR6764614	2035.0	4448.0	420.0	4543.0	665.0	0.0	235.0	432.0	552.0	1689.0	157.0	19.0	0.0	75.0	233.0	310.0	0.0	26.0	0.0	0.0	55.0	0.0	51.0	0.0	11.0	0.0	0.0	0.0	0.0	0.0	0.0	0.0	0.0	0.0	0.0
SRR6764615	2512.0	8912.0	680.0	6887.0	1114.0	0.0	1515.0	1039.0	1070.0	3908.0	290.0	58.0	0.0	259.0	401.0	414.0	50.0	0.0	0.0	0.0	163.0	0.0	67.0	0.0	19.0	80.0	0.0	0.0	0.0	0.0	5.0	14.0	0.0	0.0	0.0
SRR6764616	2889.0	6357.0	680.0	3116.0	1213.0	0.0	1489.0	1130.0	338.0	1142.0	244.0	77.0	0.0	51.0	764.0	62.0	45.0	0.0	44.0	0.0	119.0	0.0	0.0	0.0	0.0	25.0	8.0	16.0	0.0	12.0	0.0	0.0	0.0	0.0	0.0
SRR6764617	2194.0	7264.0	295.0	5122.0	1963.0	0.0	761.0	755.0	638.0	1077.0	208.0	73.0	0.0	38.0	676.0	168.0	14.0	0.0	0.0	0.0	135.0	0.0	62.0	0.0	0.0	21.0	0.0	9.0	0.0	0.0	0.0	0.0	0.0	0.0	0.0
SRR6764618	1464.0	4484.0	440.0	4277.0	1001.0	0.0	283.0	700.0	328.0	1623.0	175.0	18.0	0.0	0.0	57.0	153.0	0.0	0.0	0.0	0.0	72.0	0.0	0.0	0.0	0.0	0.0	0.0	0.0	0.0	0.0	0.0	0.0	0.0	0.0	0.0
SRR6764619	1186.0	6107.0	234.0	4290.0	849.0	0.0	223.0	683.0	380.0	1651.0	30.0	0.0	0.0	0.0	82.0	140.0	10.0	0.0	0.0	0.0	22.0	0.0	64.0	0.0	0.0	0.0	0.0	0.0	0.0	0.0	0.0	0.0	0.0	0.0	0.0
SRR6764620	1826.0	6030.0	548.0	4673.0	1300.0	0.0	468.0	831.0	372.0	2391.0	154.0	0.0	0.0	59.0	211.0	187.0	17.0	0.0	0.0	0.0	56.0	0.0	48.0	0.0	0.0	0.0	0.0	0.0	0.0	0.0	0.0	0.0	0.0	0.0	0.0
SRR6764621	1113.0	5262.0	176.0	3406.0	1063.0	0.0	300.0	493.0	265.0	786.0	133.0	38.0	0.0	0.0	632.0	60.0	24.0	0.0	0.0	0.0	278.0	0.0	89.0	0.0	0.0	0.0	0.0	0.0	0.0	0.0	0.0	0.0	0.0	0.0	0.0
SRR6764622	2772.0	4512.0	118.0	3442.0	1791.0	0.0	591.0	906.0	193.0	605.0	97.0	58.0	0.0	43.0	562.0	182.0	0.0	0.0	56.0	0.0	273.0	0.0	0.0	0.0	0.0	0.0	0.0	0.0	0.0	0.0	0.0	0.0	0.0	0.0	0.0
SRR6764623	2658.0	6313.0	176.0	4270.0	1442.0	0.0	624.0	1335.0	323.0	1186.0	115.0	59.0	0.0	10.0	258.0	122.0	0.0	0.0	0.0	0.0	179.0	0.0	0.0	0.0	0.0	0.0	0.0	28.0	0.0	0.0	0.0	0.0	0.0	0.0	0.0
SRR6764624	927.0	5438.0	352.0	2994.0	669.0	0.0	275.0	453.0	402.0	2043.0	74.0	0.0	0.0	0.0	50.0	64.0	0.0	0.0	0.0	0.0	59.0	0.0	0.0	0.0	0.0	0.0	0.0	0.0	0.0	0.0	0.0	0.0	0.0	0.0	0.0
SRR6764625	2387.0	6489.0	559.0	4526.0	1442.0	0.0	811.0	949.0	681.0	4060.0	184.0	26.0	0.0	30.0	181.0	233.0	17.0	0.0	30.0	0.0	93.0	0.0	101.0	0.0	0.0	0.0	0.0	0.0	0.0	0.0	0.0	0.0	0.0	0.0	0.0
SRR6764626	3081.0	4541.0	1157.0	2532.0	770.0	0.0	551.0	144.0	191.0	1144.0	407.0	56.0	0.0	21.0	342.0	9.0	48.0	0.0	0.0	0.0	0.0	0.0	0.0	0.0	0.0	0.0	0.0	0.0	11.0	0.0	0.0	0.0	0.0	0.0	0.0
SRR6764627	6902.0	7388.0	1293.0	3872.0	1796.0	0.0	2538.0	1428.0	310.0	4712.0	407.0	96.0	0.0	360.0	848.0	141.0	106.0	0.0	132.0	18.0	0.0	0.0	72.0	0.0	0.0	0.0	52.0	0.0	0.0	0.0	0.0	6.0	0.0	0.0	0.0
SRR6764628	2413.0	6580.0	886.0	6536.0	1003.0	0.0	486.0	360.0	526.0	1902.0	248.0	22.0	0.0	84.0	110.0	302.0	35.0	35.0	0.0	0.0	0.0	0.0	87.0	0.0	0.0	17.0	0.0	0.0	0.0	0.0	0.0	0.0	0.0	0.0	0.0
SRR6764629	6372.0	5602.0	883.0	3852.0	1023.0	0.0	951.0	1280.0	95.0	1380.0	249.0	17.0	0.0	113.0	1685.0	19.0	104.0	68.0	0.0	0.0	54.0	0.0	59.0	0.0	0.0	0.0	0.0	0.0	0.0	0.0	0.0	0.0	0.0	0.0	0.0
SRR6764630	2094.0	6516.0	770.0	5542.0	681.0	0.0	286.0	845.0	750.0	1316.0	186.0	12.0	0.0	0.0	333.0	112.0	13.0	0.0	0.0	0.0	40.0	0.0	0.0	0.0	0.0	0.0	0.0	0.0	0.0	0.0	0.0	0.0	0.0	0.0	0.0
SRR6764631	2438.0	9564.0	350.0	6032.0	1372.0	0.0	673.0	548.0	841.0	2523.0	259.0	49.0	0.0	175.0	315.0	159.0	17.0	44.0	0.0	0.0	0.0	0.0	84.0	0.0	0.0	0.0	0.0	0.0	0.0	0.0	0.0	0.0	0.0	0.0	0.0
SRR6764632	3274.0	9421.0	156.0	6761.0	1145.0	0.0	778.0	671.0	973.0	940.0	251.0	107.0	0.0	38.0	401.0	93.0	61.0	0.0	0.0	0.0	89.0	3.0	125.0	0.0	0.0	0.0	0.0	50.0	0.0	0.0	0.0	0.0	0.0	0.0	0.0
SRR6764633	3631.0	7945.0	594.0	5218.0	844.0	0.0	552.0	705.0	473.0	728.0	71.0	145.0	0.0	54.0	927.0	237.0	13.0	30.0	51.0	0.0	80.0	0.0	103.0	0.0	0.0	0.0	0.0	0.0	0.0	0.0	0.0	0.0	0.0	0.0	0.0
SRR6764634	1153.0	5703.0	377.0	5937.0	952.0	0.0	120.0	498.0	838.0	2053.0	180.0	104.0	0.0	27.0	38.0	170.0	0.0	0.0	0.0	0.0	0.0	0.0	99.0	0.0	0.0	65.0	0.0	0.0	0.0	0.0	0.0	0.0	0.0	0.0	0.0
SRR6764635	3960.0	8181.0	488.0	7639.0	1619.0	0.0	862.0	1098.0	811.0	773.0	142.0	63.0	0.0	66.0	432.0	124.0	28.0	31.0	0.0	6.0	196.0	0.0	194.0	0.0	0.0	72.0	0.0	57.0	0.0	0.0	5.0	0.0	0.0	0.0	0.0
SRR6764636	1261.0	5584.0	312.0	4568.0	534.0	0.0	64.0	508.0	972.0	940.0	202.0	61.0	0.0	0.0	184.0	65.0	14.0	0.0	0.0	0.0	67.0	0.0	46.0	0.0	0.0	0.0	0.0	0.0	0.0	0.0	0.0	0.0	0.0	0.0	0.0
SRR6764637	1023.0	4970.0	400.0	4620.0	969.0	0.0	70.0	495.0	631.0	1367.0	53.0	28.0	0.0	35.0	88.0	101.0	0.0	0.0	0.0	0.0	237.0	0.0	28.0	0.0	0.0	0.0	0.0	0.0	0.0	0.0	0.0	0.0	0.0	0.0	0.0
SRR6764638	977.0	4006.0	584.0	3462.0	650.0	0.0	75.0	403.0	405.0	872.0	70.0	0.0	0.0	0.0	206.0	15.0	0.0	0.0	0.0	0.0	177.0	0.0	0.0	0.0	0.0	0.0	0.0	0.0	0.0	0.0	0.0	0.0	0.0	0.0	0.0
SRR6764639	522.0	3611.0	107.0	4723.0	689.0	0.0	17.0	299.0	425.0	991.0	25.0	19.0	0.0	0.0	0.0	105.0	0.0	0.0	0.0	0.0	0.0	0.0	32.0	0.0	0.0	0.0	0.0	0.0	0.0	0.0	0.0	0.0	0.0	0.0	0.0
SRR6764642	2480.0	7125.0	564.0	6963.0	1316.0	0.0	479.0	837.0	923.0	662.0	170.0	79.0	0.0	16.0	432.0	303.0	11.0	45.0	0.0	0.0	175.0	0.0	140.0	0.0	0.0	0.0	0.0	0.0	0.0	0.0	0.0	0.0	0.0	0.0	0.0
SRR6764643	1670.0	5127.0	312.0	5486.0	833.0	0.0	30.0	424.0	412.0	609.0	65.0	73.0	0.0	0.0	128.0	269.0	0.0	0.0	0.0	0.0	93.0	0.0	52.0	0.0	0.0	0.0	0.0	0.0	0.0	0.0	0.0	0.0	0.0	0.0	0.0
SRR6764644	859.0	3812.0	159.0	4107.0	573.0	0.0	14.0	306.0	447.0	537.0	43.0	5.0	0.0	0.0	96.0	104.0	0.0	19.0	0.0	0.0	0.0	0.0	49.0	0.0	0.0	0.0	0.0	0.0	0.0	0.0	0.0	0.0	0.0	0.0	0.0
SRR6764645	1987.0	6786.0	904.0	4137.0	783.0	0.0	605.0	692.0	299.0	961.0	298.0	53.0	0.0	43.0	338.0	89.0	29.0	0.0	0.0	0.0	89.0	0.0	90.0	0.0	0.0	7.0	0.0	0.0	0.0	0.0	0.0	0.0	0.0	0.0	0.0
SRR6764646	881.0	5672.0	209.0	4901.0	814.0	0.0	123.0	454.0	654.0	765.0	115.0	0.0	0.0	21.0	224.0	55.0	0.0	0.0	0.0	0.0	0.0	0.0	34.0	0.0	0.0	0.0	0.0	0.0	0.0	0.0	0.0	0.0	0.0	0.0	0.0
SRR6764648	1651.0	5508.0	300.0	5483.0	831.0	0.0	134.0	486.0	406.0	764.0	139.0	82.0	0.0	34.0	127.0	193.0	0.0	0.0	0.0	0.0	93.0	0.0	0.0	0.0	0.0	0.0	0.0	0.0	0.0	0.0	0.0	0.0	0.0	0.0	0.0
SRR6764650	1925.0	5322.0	344.0	4310.0	694.0	0.0	150.0	797.0	275.0	439.0	173.0	33.0	0.0	54.0	216.0	235.0	0.0	0.0	0.0	0.0	335.0	0.0	0.0	0.0	0.0	0.0	0.0	0.0	0.0	0.0	0.0	0.0	0.0	0.0	0.0
SRR6764651	1089.0	4582.0	505.0	5232.0	742.0	0.0	102.0	361.0	479.0	1299.0	47.0	0.0	0.0	0.0	0.0	203.0	16.0	0.0	0.0	0.0	0.0	0.0	91.0	0.0	0.0	0.0	0.0	0.0	0.0	0.0	0.0	0.0	0.0	0.0	0.0
SRR6764652	4240.0	4400.0	464.0	3844.0	1027.0	67.0	1053.0	1033.0	216.0	400.0	102.0	4.0	0.0	85.0	822.0	0.0	0.0	52.0	124.0	0.0	0.0	34.0	87.0	0.0	0.0	18.0	0.0	5.0	28.0	0.0	0.0	0.0	0.0	0.0	0.0
SRR6764653	395.0	5238.0	168.0	4004.0	542.0	0.0	107.0	493.0	734.0	1476.0	22.0	0.0	0.0	0.0	18.0	46.0	0.0	0.0	0.0	0.0	44.0	0.0	30.0	0.0	0.0	0.0	0.0	0.0	0.0	0.0	0.0	0.0	0.0	0.0	0.0
SRR6764655	1184.0	5539.0	166.0	4835.0	1142.0	0.0	328.0	894.0	872.0	719.0	92.0	0.0	0.0	0.0	118.0	55.0	0.0	0.0	0.0	0.0	78.0	0.0	81.0	0.0	0.0	0.0	0.0	52.0	0.0	0.0	0.0	0.0	0.0	0.0	0.0
SRR6764658	351.0	3811.0	1098.0	3760.0	52.0	0.0	385.0	133.0	403.0	2193.0	9.0	0.0	0.0	0.0	0.0	0.0	0.0	0.0	0.0	0.0	0.0	0.0	0.0	0.0	0.0	0.0	0.0	0.0	0.0	0.0	0.0	0.0	0.0	0.0	0.0
SRR6764661	423.0	4137.0	1023.0	3644.0	84.0	0.0	204.0	249.0	382.0	3135.0	0.0	27.0	0.0	0.0	11.0	0.0	0.0	0.0	0.0	0.0	16.0	0.0	0.0	0.0	0.0	0.0	0.0	0.0	0.0	0.0	0.0	0.0	0.0	0.0	0.0
SRR6764663	1080.0	1746.0	1274.0	697.0	0.0	0.0	589.0	418.0	83.0	4227.0	66.0	0.0	0.0	0.0	37.0	0.0	16.0	0.0	0.0	0.0	0.0	0.0	0.0	0.0	0.0	0.0	0.0	0.0	0.0	0.0	0.0	0.0	0.0	0.0	0.0
SRR6764667	1918.0	4079.0	970.0	1860.0	383.0	0.0	770.0	770.0	88.0	922.0	228.0	97.0	0.0	11.0	344.0	0.0	39.0	59.0	44.0	0.0	0.0	0.0	0.0	0.0	0.0	0.0	0.0	0.0	0.0	0.0	0.0	0.0	0.0	0.0	0.0
SRR6764670	6662.0	8495.0	2278.0	5697.0	1651.0	63.0	2084.0	1887.0	416.0	2344.0	135.0	485.0	24.0	92.0	1821.0	103.0	109.0	30.0	144.0	29.0	67.0	0.0	135.0	0.0	0.0	0.0	31.0	0.0	0.0	0.0	0.0	0.0	0.0	0.0	0.0
SRR6764676	3494.0	4066.0	770.0	931.0	649.0	34.0	677.0	885.0	62.0	586.0	289.0	71.0	14.0	11.0	974.0	10.0	140.0	0.0	281.0	0.0	0.0	0.0	21.0	0.0	0.0	0.0	67.0	0.0	0.0	0.0	0.0	0.0	0.0	0.0	0.0
SRR6764679	312.0	4942.0	87.0	3526.0	494.0	0.0	67.0	565.0	515.0	1524.0	0.0	0.0	0.0	0.0	0.0	107.0	0.0	0.0	0.0	0.0	0.0	0.0	0.0	0.0	0.0	13.0	0.0	0.0	0.0	0.0	0.0	0.0	0.0	0.0	0.0
SRR6764680	568.0	4344.0	136.0	3704.0	632.0	0.0	244.0	955.0	323.0	1799.0	0.0	14.0	0.0	0.0	25.0	181.0	0.0	0.0	0.0	0.0	69.0	0.0	74.0	0.0	0.0	0.0	0.0	0.0	0.0	0.0	0.0	0.0	0.0	0.0	0.0
SRR6764682	6097.0	5462.0	2054.0	1156.0	549.0	68.0	1563.0	1175.0	346.0	1467.0	308.0	79.0	0.0	97.0	1378.0	21.0	129.0	0.0	331.0	98.0	0.0	10.0	25.0	0.0	0.0	0.0	112.0	0.0	0.0	0.0	0.0	0.0	0.0	0.0	0.0
SRR6764686	336.0	4563.0	42.0	2485.0	296.0	0.0	178.0	804.0	256.0	1463.0	0.0	10.0	0.0	0.0	0.0	57.0	0.0	0.0	0.0	0.0	28.0	0.0	0.0	0.0	0.0	0.0	0.0	0.0	0.0	0.0	0.0	0.0	0.0	0.0	0.0
SRR6764687	178.0	6064.0	378.0	3874.0	251.0	0.0	105.0	357.0	296.0	1817.0	0.0	9.0	0.0	0.0	25.0	83.0	0.0	0.0	0.0	0.0	0.0	0.0	37.0	0.0	0.0	0.0	0.0	0.0	0.0	0.0	0.0	0.0	0.0	0.0	0.0
SRR6764689	4903.0	6513.0	2391.0	3878.0	1237.0	0.0	1374.0	1419.0	32.0	1854.0	299.0	101.0	0.0	22.0	1068.0	74.0	60.0	49.0	75.0	0.0	49.0	0.0	0.0	0.0	0.0	0.0	0.0	0.0	0.0	0.0	0.0	0.0	0.0	0.0	0.0
SRR6764690	4263.0	3675.0	653.0	4519.0	1617.0	0.0	1031.0	1048.0	0.0	1055.0	279.0	73.0	0.0	100.0	862.0	169.0	134.0	0.0	83.0	0.0	0.0	0.0	148.0	0.0	0.0	0.0	0.0	0.0	0.0	0.0	0.0	0.0	0.0	0.0	0.0
SRR6764691	3362.0	4188.0	1092.0	2824.0	951.0	0.0	698.0	742.0	29.0	1107.0	267.0	30.0	0.0	47.0	388.0	28.0	70.0	0.0	83.0	0.0	0.0	0.0	52.0	0.0	0.0	0.0	0.0	0.0	0.0	0.0	0.0	0.0	0.0	0.0	0.0
SRR6764692	3211.0	2923.0	961.0	3350.0	877.0	0.0	961.0	858.0	11.0	433.0	306.0	29.0	0.0	19.0	433.0	164.0	118.0	0.0	68.0	0.0	0.0	0.0	46.0	0.0	0.0	0.0	0.0	0.0	0.0	0.0	0.0	0.0	0.0	0.0	0.0
SRR6764693	3404.0	5131.0	1888.0	2061.0	498.0	0.0	970.0	654.0	277.0	1158.0	246.0	219.0	0.0	0.0	745.0	102.0	101.0	40.0	98.0	0.0	130.0	0.0	32.0	0.0	0.0	17.0	25.0	0.0	0.0	0.0	0.0	0.0	0.0	0.0	0.0
SRR6764695	4282.0	4496.0	1279.0	2482.0	1680.0	0.0	1894.0	1159.0	175.0	2572.0	248.0	316.0	0.0	66.0	485.0	16.0	177.0	0.0	85.0	0.0	0.0	12.0	82.0	0.0	0.0	30.0	0.0	0.0	0.0	0.0	0.0	0.0	0.0	0.0	0.0
SRR6764696	2215.0	4295.0	1745.0	1416.0	568.0	0.0	1494.0	1001.0	50.0	2141.0	254.0	128.0	0.0	28.0	413.0	151.0	89.0	0.0	0.0	0.0	34.0	0.0	49.0	0.0	0.0	21.0	0.0	0.0	0.0	0.0	0.0	0.0	0.0	0.0	0.0
SRR6764697	2211.0	2683.0	1449.0	958.0	401.0	0.0	900.0	686.0	0.0	1146.0	240.0	55.0	0.0	14.0	314.0	0.0	82.0	0.0	68.0	7.0	0.0	0.0	0.0	0.0	0.0	14.0	0.0	0.0	0.0	0.0	0.0	0.0	0.0	0.0	0.0
SRR6764698	2989.0	3660.0	2095.0	1346.0	790.0	0.0	1529.0	906.0	57.0	2506.0	215.0	50.0	0.0	34.0	331.0	114.0	123.0	0.0	0.0	0.0	0.0	0.0	33.0	0.0	0.0	0.0	0.0	0.0	0.0	0.0	0.0	0.0	0.0	0.0	0.0
SRR6764699	53.0	4436.0	495.0	3374.0	98.0	0.0	62.0	205.0	126.0	1514.0	0.0	0.0	0.0	0.0	0.0	64.0	0.0	0.0	0.0	0.0	79.0	0.0	0.0	0.0	0.0	0.0	0.0	0.0	0.0	0.0	0.0	0.0	0.0	0.0	0.0
SRR6764711	1825.0	5796.0	0.0	5257.0	987.0	0.0	213.0	1139.0	224.0	977.0	0.0	25.0	0.0	14.0	457.0	188.0	0.0	0.0	0.0	0.0	423.0	0.0	0.0	0.0	0.0	0.0	0.0	0.0	0.0	0.0	0.0	0.0	0.0	0.0	0.0
SRR6764712	1212.0	3476.0	400.0	3344.0	451.0	0.0	23.0	113.0	405.0	775.0	111.0	0.0	0.0	17.0	59.0	17.0	0.0	0.0	0.0	0.0	0.0	0.0	0.0	0.0	0.0	84.0	0.0	0.0	0.0	0.0	0.0	0.0	0.0	0.0	0.0
SRR6764713	690.0	3955.0	222.0	2662.0	444.0	0.0	103.0	429.0	466.0	1274.0	52.0	0.0	0.0	74.0	0.0	0.0	0.0	0.0	0.0	0.0	142.0	0.0	0.0	0.0	0.0	0.0	0.0	0.0	0.0	0.0	0.0	0.0	0.0	0.0	0.0
SRR6764714	280.0	4954.0	379.0	4449.0	627.0	0.0	147.0	123.0	665.0	1769.0	118.0	0.0	0.0	0.0	20.0	29.0	0.0	0.0	0.0	0.0	0.0	0.0	34.0	0.0	0.0	0.0	0.0	0.0	0.0	0.0	0.0	0.0	0.0	0.0	0.0
SRR6764715	2159.0	4598.0	498.0	4251.0	535.0	0.0	236.0	172.0	588.0	1007.0	242.0	61.0	0.0	64.0	164.0	322.0	18.0	24.0	0.0	0.0	83.0	0.0	50.0	0.0	0.0	0.0	0.0	0.0	0.0	0.0	0.0	0.0	0.0	0.0	0.0
SRR6764717	1070.0	2871.0	139.0	3800.0	607.0	0.0	67.0	445.0	450.0	717.0	12.0	9.0	0.0	18.0	57.0	110.0	0.0	0.0	0.0	0.0	67.0	0.0	28.0	0.0	0.0	0.0	0.0	0.0	0.0	0.0	0.0	0.0	0.0	0.0	0.0
SRR6764721	809.0	3021.0	327.0	3187.0	558.0	0.0	72.0	47.0	535.0	1287.0	74.0	16.0	0.0	0.0	83.0	26.0	0.0	0.0	0.0	0.0	0.0	0.0	14.0	0.0	0.0	33.0	0.0	0.0	0.0	0.0	0.0	0.0	0.0	0.0	0.0
SRR6764722	1274.0	5257.0	435.0	5069.0	720.0	0.0	299.0	342.0	912.0	1296.0	81.0	47.0	0.0	41.0	282.0	203.0	38.0	0.0	0.0	0.0	56.0	0.0	0.0	0.0	0.0	0.0	0.0	0.0	0.0	0.0	0.0	0.0	0.0	0.0	0.0
SRR6764723	833.0	10012.0	883.0	7396.0	586.0	0.0	522.0	533.0	1170.0	3567.0	249.0	6.0	0.0	62.0	249.0	174.0	0.0	0.0	0.0	0.0	67.0	0.0	45.0	0.0	0.0	45.0	0.0	0.0	0.0	0.0	8.0	0.0	0.0	0.0	0.0
SRR6764725	363.0	5221.0	61.0	4543.0	605.0	0.0	190.0	793.0	733.0	1432.0	0.0	21.0	0.0	7.0	0.0	223.0	0.0	0.0	0.0	0.0	72.0	0.0	70.0	0.0	0.0	0.0	0.0	142.0	0.0	0.0	0.0	0.0	0.0	0.0	0.0
SRR6764726	368.0	5632.0	152.0	4316.0	457.0	0.0	57.0	961.0	227.0	1304.0	15.0	20.0	0.0	0.0	0.0	179.0	0.0	0.0	0.0	0.0	65.0	0.0	0.0	0.0	0.0	18.0	0.0	0.0	0.0	0.0	0.0	0.0	0.0	0.0	0.0
SRR6764727	566.0	5731.0	50.0	5495.0	250.0	0.0	135.0	1048.0	560.0	1543.0	17.0	0.0	0.0	0.0	21.0	257.0	0.0	0.0	0.0	0.0	30.0	0.0	53.0	0.0	0.0	0.0	0.0	56.0	0.0	0.0	0.0	0.0	0.0	0.0	0.0
SRR6764731	28.0	5822.0	52.0	3720.0	473.0	0.0	75.0	401.0	444.0	1768.0	0.0	0.0	0.0	0.0	0.0	101.0	0.0	0.0	0.0	0.0	42.0	0.0	35.0	0.0	0.0	0.0	0.0	0.0	0.0	0.0	0.0	0.0	0.0	0.0	0.0
SRR6764732	406.0	4062.0	147.0	3307.0	433.0	0.0	16.0	750.0	310.0	1122.0	0.0	0.0	0.0	0.0	0.0	136.0	0.0	0.0	0.0	0.0	0.0	0.0	42.0	0.0	0.0	0.0	0.0	0.0	0.0	0.0	0.0	0.0	0.0	0.0	0.0
SRR6764733	260.0	4756.0	0.0	3076.0	488.0	0.0	15.0	672.0	258.0	1021.0	0.0	32.0	0.0	0.0	26.0	127.0	0.0	0.0	0.0	0.0	102.0	0.0	0.0	0.0	0.0	0.0	0.0	0.0	0.0	0.0	0.0	0.0	0.0	0.0	0.0
SRR6764734	2736.0	6581.0	244.0	5008.0	1411.0	0.0	444.0	1443.0	364.0	1121.0	120.0	131.0	0.0	67.0	488.0	71.0	0.0	0.0	43.0	0.0	297.0	0.0	0.0	0.0	0.0	0.0	0.0	0.0	0.0	0.0	0.0	0.0	0.0	0.0	0.0
SRR6764735	1881.0	5124.0	376.0	3590.0	851.0	0.0	125.0	408.0	474.0	968.0	171.0	10.0	0.0	0.0	431.0	162.0	0.0	18.0	53.0	0.0	118.0	0.0	55.0	0.0	0.0	0.0	0.0	0.0	0.0	0.0	0.0	0.0	0.0	0.0	0.0
SRR6764736	1022.0	4392.0	197.0	3184.0	606.0	0.0	103.0	312.0	322.0	1439.0	103.0	0.0	0.0	2.0	360.0	109.0	0.0	0.0	0.0	0.0	300.0	0.0	40.0	0.0	0.0	0.0	0.0	0.0	0.0	0.0	0.0	0.0	0.0	0.0	0.0
SRR6764737	2644.0	7149.0	339.0	5511.0	841.0	0.0	650.0	767.0	848.0	1177.0	114.0	29.0	0.0	20.0	325.0	114.0	13.0	0.0	0.0	0.0	170.0	0.0	0.0	0.0	0.0	0.0	0.0	41.0	0.0	0.0	0.0	0.0	0.0	0.0	0.0
SRR6764739	1711.0	4954.0	226.0	3827.0	783.0	0.0	290.0	688.0	378.0	1236.0	176.0	0.0	0.0	13.0	542.0	174.0	0.0	0.0	0.0	0.0	244.0	0.0	43.0	0.0	0.0	0.0	0.0	0.0	0.0	0.0	0.0	0.0	0.0	0.0	0.0
SRR6764740	1674.0	4247.0	284.0	3916.0	814.0	0.0	261.0	519.0	380.0	643.0	189.0	23.0	0.0	10.0	159.0	94.0	0.0	28.0	0.0	0.0	98.0	0.0	83.0	0.0	0.0	0.0	0.0	0.0	0.0	0.0	0.0	0.0	0.0	0.0	0.0
SRR6764741	2583.0	5467.0	660.0	2674.0	1046.0	0.0	823.0	488.0	424.0	1119.0	253.0	59.0	0.0	29.0	404.0	19.0	52.0	41.0	0.0	0.0	0.0	0.0	57.0	0.0	0.0	0.0	0.0	0.0	0.0	0.0	0.0	0.0	0.0	0.0	0.0
SRR6764742	1433.0	6367.0	36.0	4561.0	819.0	0.0	327.0	440.0	625.0	1009.0	91.0	0.0	0.0	0.0	362.0	105.0	15.0	0.0	0.0	0.0	41.0	0.0	77.0	0.0	0.0	0.0	0.0	0.0	0.0	0.0	0.0	0.0	0.0	0.0	0.0
SRR6764743	1669.0	7501.0	490.0	6109.0	1457.0	0.0	816.0	1099.0	860.0	3253.0	248.0	49.0	0.0	18.0	102.0	429.0	0.0	26.0	0.0	0.0	146.0	0.0	100.0	0.0	0.0	40.0	0.0	0.0	0.0	0.0	0.0	0.0	0.0	0.0	0.0
SRR6764744	1325.0	7194.0	188.0	5028.0	1071.0	0.0	294.0	1142.0	702.0	1777.0	33.0	5.0	0.0	0.0	169.0	168.0	0.0	0.0	0.0	0.0	104.0	0.0	89.0	0.0	0.0	0.0	0.0	0.0	0.0	0.0	0.0	0.0	0.0	0.0	0.0
SRR6764745	508.0	4265.0	484.0	3178.0	340.0	0.0	297.0	384.0	398.0	1903.0	98.0	0.0	0.0	0.0	42.0	41.0	14.0	0.0	0.0	0.0	30.0	0.0	0.0	0.0	0.0	0.0	0.0	0.0	0.0	0.0	0.0	0.0	0.0	0.0	0.0
SRR6764746	928.0	5022.0	480.0	4260.0	727.0	0.0	335.0	452.0	480.0	1981.0	151.0	12.0	0.0	0.0	122.0	49.0	19.0	0.0	0.0	0.0	0.0	0.0	57.0	0.0	0.0	0.0	0.0	0.0	0.0	0.0	0.0	0.0	15.0	0.0	0.0
SRR6764747	4231.0	5280.0	1007.0	2675.0	1107.0	0.0	990.0	1073.0	116.0	1159.0	324.0	16.0	0.0	111.0	1531.0	0.0	51.0	0.0	126.0	0.0	0.0	0.0	39.0	0.0	0.0	0.0	0.0	0.0	15.0	0.0	0.0	0.0	0.0	0.0	0.0
SRR6764748	3870.0	4890.0	1331.0	1795.0	748.0	25.0	1020.0	820.0	211.0	1348.0	150.0	446.0	0.0	195.0	967.0	0.0	46.0	0.0	9.0	0.0	0.0	0.0	0.0	0.0	0.0	0.0	0.0	0.0	0.0	0.0	0.0	0.0	0.0	0.0	0.0
SRR6764749	2424.0	4022.0	1135.0	1518.0	747.0	0.0	1552.0	760.0	127.0	1829.0	298.0	21.0	0.0	22.0	423.0	0.0	84.0	0.0	0.0	0.0	0.0	0.0	0.0	0.0	0.0	0.0	0.0	0.0	0.0	0.0	0.0	0.0	0.0	0.0	0.0
SRR6764750	3701.0	4371.0	756.0	1618.0	1383.0	0.0	1763.0	557.0	201.0	1647.0	319.0	138.0	0.0	24.0	827.0	53.0	0.0	0.0	0.0	0.0	0.0	0.0	25.0	0.0	0.0	0.0	0.0	0.0	0.0	0.0	0.0	0.0	0.0	0.0	0.0
SRR6764751	3513.0	8487.0	396.0	5471.0	2347.0	0.0	772.0	1681.0	491.0	2152.0	141.0	61.0	0.0	27.0	695.0	235.0	0.0	30.0	46.0	0.0	429.0	0.0	72.0	0.0	0.0	18.0	0.0	0.0	0.0	0.0	0.0	0.0	0.0	0.0	0.0
SRR6764752	2818.0	7507.0	559.0	4980.0	1863.0	0.0	1005.0	968.0	564.0	1442.0	197.0	74.0	0.0	27.0	682.0	149.0	60.0	0.0	52.0	0.0	171.0	0.0	95.0	0.0	0.0	0.0	0.0	0.0	0.0	0.0	0.0	0.0	0.0	0.0	0.0
SRR6764753	2165.0	5485.0	578.0	3886.0	993.0	0.0	347.0	865.0	239.0	811.0	135.0	34.0	0.0	5.0	437.0	25.0	46.0	0.0	0.0	0.0	105.0	0.0	0.0	0.0	0.0	0.0	0.0	0.0	0.0	0.0	0.0	0.0	0.0	0.0	0.0
SRR6764754	2776.0	7009.0	472.0	4296.0	1579.0	0.0	846.0	1250.0	548.0	1615.0	137.0	78.0	0.0	48.0	448.0	139.0	38.0	0.0	53.0	0.0	192.0	0.0	135.0	0.0	0.0	0.0	0.0	0.0	9.0	0.0	0.0	0.0	0.0	0.0	0.0
SRR6764755	1273.0	5795.0	302.0	5076.0	814.0	0.0	675.0	901.0	550.0	2497.0	112.0	34.0	0.0	13.0	247.0	131.0	0.0	26.0	0.0	0.0	0.0	0.0	74.0	0.0	0.0	0.0	0.0	0.0	0.0	0.0	0.0	0.0	0.0	0.0	0.0
SRR6764756	1080.0	4679.0	303.0	4072.0	1051.0	0.0	169.0	616.0	130.0	893.0	176.0	22.0	0.0	0.0	552.0	148.0	0.0	0.0	0.0	0.0	86.0	0.0	0.0	0.0	0.0	0.0	0.0	0.0	0.0	0.0	0.0	0.0	0.0	0.0	0.0
SRR6764758	2878.0	7360.0	537.0	4065.0	825.0	0.0	589.0	1171.0	388.0	1585.0	125.0	51.0	0.0	31.0	445.0	79.0	0.0	0.0	0.0	0.0	127.0	0.0	0.0	0.0	0.0	0.0	0.0	53.0	0.0	0.0	0.0	0.0	0.0	0.0	0.0
SRR6764760	3924.0	8483.0	288.0	4261.0	1585.0	14.0	782.0	1330.0	611.0	1415.0	91.0	73.0	0.0	64.0	1120.0	80.0	0.0	37.0	0.0	0.0	88.0	0.0	113.0	0.0	0.0	14.0	0.0	0.0	0.0	12.0	0.0	0.0	0.0	0.0	0.0
SRR6764762	828.0	6929.0	599.0	6015.0	722.0	0.0	378.0	286.0	846.0	2602.0	91.0	0.0	0.0	27.0	34.0	56.0	0.0	0.0	0.0	0.0	58.0	0.0	36.0	0.0	13.0	0.0	0.0	0.0	0.0	0.0	0.0	0.0	0.0	0.0	0.0
SRR6764764	210.0	6275.0	45.0	5103.0	729.0	0.0	216.0	778.0	881.0	2208.0	14.0	0.0	0.0	0.0	28.0	116.0	0.0	0.0	0.0	0.0	61.0	0.0	0.0	0.0	0.0	0.0	0.0	0.0	0.0	0.0	0.0	0.0	0.0	0.0	0.0
SRR6764765	425.0	5398.0	71.0	3528.0	723.0	0.0	172.0	839.0	199.0	1032.0	0.0	0.0	0.0	0.0	0.0	238.0	0.0	0.0	0.0	0.0	356.0	0.0	77.0	0.0	0.0	0.0	0.0	0.0	0.0	0.0	0.0	0.0	0.0	0.0	0.0
SRR6764766	352.0	4257.0	85.0	3517.0	856.0	0.0	103.0	768.0	718.0	1423.0	0.0	0.0	0.0	0.0	40.0	83.0	0.0	0.0	0.0	0.0	111.0	0.0	64.0	0.0	0.0	0.0	0.0	0.0	0.0	0.0	0.0	0.0	0.0	0.0	0.0
SRR6764767	390.0	5593.0	34.0	5038.0	577.0	0.0	93.0	764.0	876.0	1601.0	0.0	0.0	0.0	0.0	24.0	139.0	0.0	12.0	0.0	0.0	29.0	0.0	61.0	0.0	0.0	0.0	0.0	0.0	0.0	0.0	0.0	0.0	0.0	0.0	0.0
SRR6764768	2963.0	3592.0	842.0	1004.0	450.0	0.0	666.0	856.0	43.0	899.0	237.0	37.0	0.0	14.0	690.0	41.0	41.0	0.0	68.0	0.0	0.0	0.0	0.0	0.0	0.0	0.0	0.0	0.0	0.0	0.0	0.0	0.0	0.0	0.0	0.0
SRR6764769	3374.0	4437.0	1562.0	2069.0	749.0	0.0	1779.0	1005.0	87.0	1686.0	192.0	30.0	0.0	58.0	1353.0	27.0	62.0	18.0	0.0	0.0	0.0	0.0	0.0	0.0	0.0	0.0	0.0	0.0	0.0	0.0	0.0	0.0	0.0	0.0	0.0
SRR6764771	3939.0	5431.0	855.0	1703.0	1145.0	0.0	2118.0	386.0	292.0	3110.0	287.0	87.0	0.0	103.0	527.0	237.0	138.0	0.0	79.0	0.0	0.0	15.0	61.0	0.0	0.0	0.0	0.0	0.0	0.0	0.0	0.0	0.0	0.0	0.0	0.0
SRR6764772	4361.0	5468.0	1028.0	2885.0	1561.0	0.0	2151.0	1232.0	158.0	3090.0	310.0	167.0	0.0	458.0	771.0	54.0	109.0	31.0	0.0	0.0	0.0	0.0	55.0	15.0	0.0	27.0	0.0	0.0	0.0	0.0	0.0	0.0	0.0	0.0	0.0
SRR6764773	4584.0	5035.0	910.0	3411.0	1795.0	0.0	2446.0	970.0	232.0	2638.0	452.0	33.0	0.0	360.0	687.0	42.0	50.0	0.0	0.0	0.0	0.0	0.0	0.0	0.0	0.0	0.0	41.0	0.0	0.0	0.0	0.0	9.0	0.0	0.0	0.0
SRR6764774	243.0	3963.0	20.0	3179.0	528.0	0.0	54.0	630.0	396.0	1009.0	6.0	21.0	0.0	0.0	11.0	136.0	0.0	0.0	0.0	0.0	16.0	0.0	0.0	0.0	0.0	0.0	0.0	0.0	0.0	0.0	0.0	0.0	0.0	0.0	0.0
SRR6764775	1066.0	4630.0	633.0	3910.0	981.0	0.0	144.0	208.0	348.0	844.0	118.0	17.0	0.0	0.0	133.0	175.0	0.0	0.0	0.0	0.0	0.0	0.0	59.0	0.0	0.0	0.0	0.0	0.0	0.0	0.0	0.0	0.0	0.0	0.0	0.0
SRR6764776	658.0	4905.0	418.0	4582.0	869.0	0.0	35.0	183.0	491.0	626.0	111.0	8.0	0.0	0.0	57.0	162.0	0.0	0.0	0.0	0.0	0.0	0.0	45.0	0.0	0.0	0.0	0.0	0.0	0.0	0.0	0.0	0.0	0.0	0.0	0.0
SRR6764779	901.0	5253.0	236.0	3751.0	637.0	0.0	19.0	389.0	540.0	795.0	134.0	13.0	0.0	0.0	239.0	67.0	0.0	0.0	0.0	0.0	0.0	0.0	0.0	0.0	0.0	0.0	0.0	0.0	0.0	0.0	0.0	0.0	0.0	0.0	0.0
SRR6764780	1698.0	4883.0	213.0	3902.0	778.0	0.0	157.0	279.0	278.0	255.0	92.0	14.0	0.0	29.0	218.0	93.0	16.0	0.0	0.0	0.0	0.0	0.0	42.0	0.0	0.0	0.0	0.0	0.0	0.0	0.0	0.0	0.0	0.0	0.0	0.0
SRR6764781	1076.0	4196.0	667.0	2968.0	461.0	0.0	105.0	116.0	328.0	438.0	142.0	34.0	0.0	0.0	205.0	56.0	0.0	0.0	0.0	0.0	0.0	0.0	43.0	0.0	0.0	0.0	0.0	0.0	0.0	0.0	0.0	0.0	0.0	0.0	0.0
SRR6764783	1737.0	2728.0	781.0	924.0	417.0	0.0	943.0	497.0	71.0	1718.0	365.0	77.0	0.0	91.0	167.0	0.0	0.0	0.0	0.0	0.0	16.0	0.0	21.0	0.0	0.0	0.0	0.0	0.0	0.0	0.0	0.0	0.0	0.0	0.0	0.0
SRR6764784	2579.0	2631.0	470.0	2996.0	798.0	0.0	345.0	253.0	97.0	513.0	259.0	22.0	0.0	63.0	338.0	61.0	29.0	0.0	34.0	0.0	0.0	0.0	53.0	0.0	0.0	0.0	0.0	0.0	0.0	0.0	0.0	0.0	0.0	0.0	0.0
SRR6764788	112.0	5118.0	18.0	3979.0	205.0	0.0	32.0	432.0	391.0	1223.0	0.0	19.0	0.0	0.0	0.0	59.0	0.0	0.0	0.0	0.0	0.0	0.0	0.0	0.0	0.0	0.0	0.0	0.0	0.0	0.0	0.0	0.0	0.0	0.0	0.0
SRR6764792	349.0	4243.0	0.0	4320.0	399.0	0.0	43.0	798.0	314.0	781.0	0.0	40.0	0.0	0.0	0.0	74.0	0.0	0.0	0.0	0.0	75.0	0.0	61.0	0.0	0.0	0.0	0.0	0.0	0.0	0.0	0.0	0.0	0.0	0.0	0.0
SRR6764794	2113.0	5982.0	733.0	7443.0	852.0	0.0	352.0	471.0	575.0	1632.0	255.0	27.0	0.0	54.0	125.0	411.0	15.0	0.0	0.0	0.0	87.0	0.0	0.0	0.0	0.0	17.0	0.0	0.0	0.0	0.0	0.0	0.0	0.0	0.0	0.0
SRR6764796	194.0	4548.0	0.0	3423.0	459.0	0.0	33.0	573.0	417.0	871.0	0.0	0.0	0.0	0.0	0.0	212.0	0.0	0.0	0.0	0.0	28.0	0.0	93.0	0.0	0.0	0.0	0.0	0.0	0.0	0.0	0.0	0.0	0.0	0.0	0.0
SRR6764797	3160.0	2540.0	979.0	2160.0	1100.0	0.0	1199.0	651.0	237.0	1178.0	288.0	0.0	0.0	85.0	339.0	0.0	65.0	0.0	0.0	0.0	0.0	0.0	37.0	0.0	0.0	0.0	0.0	0.0	0.0	0.0	0.0	0.0	0.0	0.0	0.0
SRR6764798	916.0	3969.0	688.0	4585.0	470.0	0.0	48.0	294.0	705.0	537.0	54.0	29.0	0.0	0.0	145.0	31.0	0.0	0.0	0.0	0.0	78.0	0.0	0.0	0.0	0.0	0.0	0.0	0.0	0.0	0.0	0.0	0.0	0.0	0.0	0.0
SRR6764799	1033.0	4424.0	328.0	4442.0	773.0	0.0	58.0	267.0	658.0	839.0	57.0	0.0	0.0	46.0	132.0	88.0	6.0	0.0	0.0	0.0	107.0	0.0	0.0	0.0	0.0	0.0	0.0	0.0	0.0	0.0	0.0	0.0	0.0	0.0	0.0
SRR6764800	4312.0	5052.0	1954.0	2591.0	639.0	0.0	1191.0	845.0	59.0	1273.0	206.0	13.0	0.0	21.0	785.0	77.0	52.0	0.0	95.0	0.0	0.0	0.0	0.0	0.0	0.0	0.0	12.0	0.0	0.0	0.0	0.0	0.0	0.0	0.0	0.0
SRR6764801	3870.0	4801.0	838.0	4523.0	1232.0	0.0	960.0	936.0	327.0	775.0	272.0	24.0	0.0	115.0	946.0	95.0	127.0	0.0	94.0	0.0	0.0	0.0	57.0	0.0	0.0	0.0	9.0	0.0	0.0	0.0	0.0	0.0	0.0	0.0	0.0
SRR6764802	4199.0	3923.0	2073.0	2317.0	1219.0	15.0	1247.0	1113.0	40.0	1410.0	335.0	69.0	0.0	86.0	796.0	0.0	79.0	0.0	123.0	20.0	0.0	0.0	56.0	2.0	0.0	0.0	0.0	0.0	0.0	0.0	0.0	0.0	0.0	0.0	0.0
SRR6764803	4182.0	5074.0	661.0	3464.0	857.0	0.0	734.0	702.0	202.0	508.0	270.0	10.0	0.0	94.0	787.0	87.0	104.0	49.0	75.0	0.0	0.0	0.0	44.0	0.0	0.0	0.0	0.0	0.0	0.0	0.0	0.0	0.0	0.0	0.0	0.0
SRR6764804	2645.0	4881.0	965.0	2764.0	682.0	0.0	1859.0	1363.0	419.0	2443.0	189.0	108.0	0.0	49.0	255.0	113.0	66.0	27.0	51.0	0.0	0.0	0.0	100.0	0.0	0.0	0.0	0.0	0.0	0.0	0.0	0.0	0.0	0.0	0.0	0.0
SRR6764808	3954.0	5578.0	2654.0	4064.0	845.0	0.0	1194.0	955.0	52.0	4926.0	212.0	120.0	0.0	101.0	747.0	45.0	195.0	0.0	0.0	0.0	0.0	0.0	0.0	0.0	0.0	0.0	0.0	0.0	0.0	0.0	0.0	0.0	0.0	0.0	0.0
SRR6764809	1541.0	4595.0	928.0	3180.0	505.0	0.0	346.0	654.0	162.0	2764.0	72.0	0.0	0.0	0.0	159.0	20.0	0.0	0.0	0.0	0.0	0.0	0.0	15.0	0.0	0.0	0.0	0.0	0.0	0.0	0.0	0.0	0.0	0.0	0.0	0.0
SRR6764813	4351.0	4308.0	986.0	2603.0	723.0	0.0	1802.0	963.0	125.0	1747.0	140.0	100.0	0.0	26.0	1111.0	15.0	83.0	19.0	0.0	14.0	0.0	0.0	36.0	0.0	0.0	0.0	0.0	0.0	0.0	0.0	0.0	0.0	0.0	0.0	0.0
SRR6764818	2902.0	4216.0	1255.0	3573.0	755.0	0.0	1675.0	1150.0	61.0	2575.0	241.0	27.0	0.0	0.0	647.0	15.0	32.0	0.0	0.0	0.0	0.0	0.0	0.0	0.0	0.0	13.0	0.0	0.0	0.0	0.0	0.0	0.0	0.0	0.0	0.0
SRR6764819	2837.0	4224.0	1427.0	4127.0	725.0	0.0	897.0	1240.0	18.0	2570.0	262.0	51.0	0.0	17.0	631.0	61.0	97.0	0.0	0.0	0.0	0.0	0.0	0.0	0.0	0.0	0.0	0.0	0.0	0.0	0.0	0.0	0.0	0.0	0.0	0.0
SRR6764820	1722.0	3224.0	1482.0	2823.0	391.0	0.0	552.0	522.0	0.0	2501.0	154.0	57.0	0.0	13.0	536.0	0.0	30.0	9.0	0.0	0.0	0.0	0.0	20.0	0.0	0.0	0.0	0.0	0.0	0.0	0.0	0.0	0.0	0.0	0.0	0.0
SRR6764821	2896.0	5718.0	2472.0	4363.0	542.0	0.0	1056.0	1466.0	0.0	3111.0	267.0	92.0	0.0	29.0	462.0	0.0	157.0	0.0	0.0	0.0	23.0	0.0	16.0	0.0	0.0	19.0	0.0	0.0	0.0	0.0	0.0	0.0	0.0	0.0	0.0
SRR6764822	5125.0	5916.0	1096.0	3860.0	668.0	0.0	1244.0	2299.0	93.0	1736.0	319.0	22.0	0.0	143.0	1657.0	25.0	169.0	56.0	155.0	0.0	0.0	0.0	51.0	2.0	0.0	0.0	50.0	14.0	0.0	0.0	0.0	0.0	0.0	0.0	78.0
SRR6764823	3642.0	3370.0	1024.0	1195.0	607.0	39.0	1243.0	952.0	198.0	1130.0	274.0	54.0	62.0	73.0	1111.0	30.0	98.0	16.0	106.0	0.0	0.0	25.0	35.0	0.0	0.0	0.0	47.0	0.0	0.0	0.0	0.0	0.0	0.0	0.0	0.0
SRR6764824	3450.0	4748.0	1772.0	1069.0	336.0	67.0	1073.0	1179.0	14.0	2056.0	307.0	98.0	0.0	85.0	1325.0	91.0	88.0	0.0	145.0	0.0	0.0	0.0	29.0	0.0	0.0	0.0	33.0	0.0	0.0	0.0	0.0	0.0	0.0	0.0	0.0
SRR6764825	2998.0	5556.0	1127.0	2378.0	603.0	26.0	1161.0	1461.0	13.0	1369.0	256.0	83.0	0.0	75.0	1225.0	27.0	171.0	62.0	0.0	0.0	30.0	0.0	23.0	0.0	0.0	0.0	33.0	0.0	0.0	0.0	0.0	0.0	0.0	0.0	0.0
SRR6764826	5354.0	7015.0	2492.0	2127.0	610.0	95.0	2068.0	1609.0	81.0	3472.0	256.0	132.0	0.0	186.0	2285.0	8.0	110.0	13.0	219.0	79.0	49.0	20.0	43.0	0.0	0.0	0.0	46.0	0.0	13.0	0.0	0.0	0.0	0.0	0.0	0.0
SRR6764827	3818.0	4868.0	782.0	2449.0	815.0	0.0	1048.0	1413.0	64.0	1696.0	137.0	29.0	0.0	45.0	1635.0	43.0	120.0	0.0	30.0	0.0	0.0	2.0	36.0	0.0	0.0	0.0	0.0	0.0	0.0	0.0	0.0	0.0	0.0	0.0	0.0
SRR6764829	534.0	4602.0	0.0	3755.0	596.0	0.0	209.0	893.0	612.0	1337.0	0.0	38.0	0.0	8.0	0.0	111.0	0.0	0.0	0.0	0.0	133.0	0.0	68.0	0.0	0.0	0.0	0.0	14.0	0.0	0.0	0.0	0.0	0.0	0.0	0.0
SRR6764830	4311.0	4194.0	525.0	3289.0	973.0	30.0	980.0	1190.0	114.0	862.0	151.0	90.0	0.0	60.0	1684.0	57.0	65.0	21.0	63.0	0.0	0.0	11.0	57.0	0.0	0.0	0.0	37.0	0.0	0.0	0.0	0.0	0.0	0.0	0.0	0.0
SRR6764831	4852.0	3572.0	724.0	2933.0	1399.0	16.0	1179.0	902.0	15.0	1308.0	210.0	63.0	0.0	129.0	1483.0	207.0	52.0	0.0	104.0	0.0	0.0	0.0	0.0	0.0	0.0	0.0	0.0	0.0	0.0	0.0	0.0	0.0	0.0	0.0	0.0
SRR6764832	4075.0	4467.0	806.0	1919.0	1335.0	0.0	1482.0	727.0	161.0	2131.0	238.0	151.0	0.0	33.0	880.0	32.0	54.0	0.0	153.0	23.0	0.0	0.0	0.0	0.0	0.0	0.0	50.0	0.0	0.0	0.0	0.0	0.0	0.0	0.0	0.0
SRR6764833	3629.0	4286.0	804.0	1847.0	1805.0	18.0	1881.0	483.0	45.0	1910.0	253.0	95.0	0.0	74.0	1035.0	168.0	58.0	0.0	81.0	0.0	44.0	0.0	48.0	0.0	0.0	0.0	0.0	0.0	0.0	0.0	0.0	0.0	0.0	0.0	0.0
SRR6764834	3975.0	4993.0	901.0	2002.0	733.0	35.0	1464.0	1140.0	122.0	877.0	223.0	20.0	0.0	10.0	1235.0	143.0	75.0	0.0	189.0	12.0	0.0	0.0	62.0	0.0	0.0	0.0	0.0	0.0	0.0	4.0	0.0	0.0	0.0	0.0	0.0
SRR6764835	4055.0	5853.0	1120.0	2528.0	1956.0	15.0	2107.0	917.0	361.0	3163.0	312.0	79.0	12.0	45.0	843.0	261.0	134.0	0.0	0.0	17.0	69.0	0.0	62.0	0.0	0.0	0.0	0.0	0.0	0.0	0.0	0.0	0.0	0.0	0.0	0.0
SRR6764836	303.0	4093.0	69.0	2681.0	206.0	0.0	193.0	949.0	280.0	1337.0	12.0	25.0	0.0	12.0	0.0	71.0	0.0	0.0	0.0	0.0	42.0	0.0	40.0	0.0	0.0	0.0	0.0	20.0	0.0	0.0	0.0	0.0	0.0	0.0	0.0
SRR6764837	346.0	4370.0	0.0	2582.0	382.0	0.0	234.0	1140.0	427.0	1749.0	0.0	23.0	0.0	0.0	0.0	76.0	0.0	0.0	0.0	0.0	53.0	0.0	62.0	0.0	0.0	0.0	0.0	0.0	0.0	0.0	0.0	0.0	0.0	0.0	0.0
SRR6764838	4684.0	6642.0	1518.0	2948.0	542.0	0.0	1188.0	979.0	387.0	1229.0	437.0	781.0	0.0	28.0	1077.0	39.0	162.0	0.0	29.0	15.0	0.0	0.0	13.0	0.0	0.0	0.0	0.0	0.0	0.0	0.0	0.0	0.0	0.0	0.0	0.0
SRR6764839	5632.0	5248.0	945.0	3327.0	1068.0	49.0	1335.0	1042.0	527.0	725.0	360.0	107.0	0.0	110.0	1593.0	25.0	73.0	49.0	84.0	0.0	0.0	0.0	0.0	0.0	0.0	0.0	80.0	0.0	0.0	0.0	0.0	0.0	0.0	0.0	0.0
SRR6764840	4561.0	3659.0	1378.0	1469.0	641.0	0.0	1033.0	813.0	189.0	1050.0	422.0	224.0	0.0	25.0	707.0	31.0	37.0	36.0	115.0	0.0	0.0	0.0	0.0	0.0	0.0	0.0	57.0	0.0	0.0	0.0	0.0	0.0	0.0	0.0	0.0
SRR6764841	4794.0	4710.0	1161.0	1398.0	408.0	36.0	1611.0	1183.0	109.0	1275.0	298.0	349.0	0.0	32.0	993.0	0.0	150.0	0.0	198.0	16.0	0.0	0.0	37.0	0.0	0.0	0.0	49.0	0.0	0.0	0.0	0.0	0.0	0.0	0.0	0.0
SRR6764842	3979.0	6646.0	1503.0	1902.0	497.0	21.0	1547.0	746.0	349.0	1487.0	192.0	134.0	12.0	36.0	540.0	182.0	128.0	0.0	112.0	0.0	0.0	0.0	0.0	0.0	0.0	0.0	0.0	0.0	0.0	0.0	0.0	0.0	0.0	0.0	0.0
SRR6764843	4600.0	4816.0	1037.0	2349.0	781.0	30.0	1092.0	744.0	212.0	1398.0	316.0	957.0	0.0	53.0	593.0	0.0	60.0	0.0	0.0	33.0	0.0	0.0	18.0	0.0	0.0	0.0	66.0	0.0	11.0	0.0	0.0	0.0	0.0	0.0	0.0
SRR6764844	3017.0	3889.0	1075.0	1874.0	431.0	0.0	1414.0	554.0	132.0	1187.0	250.0	156.0	0.0	4.0	424.0	0.0	35.0	0.0	0.0	14.0	0.0	0.0	14.0	0.0	0.0	0.0	0.0	0.0	0.0	0.0	0.0	0.0	0.0	0.0	0.0
SRR6764845	3338.0	4942.0	1412.0	1922.0	515.0	23.0	1449.0	885.0	106.0	1607.0	376.0	103.0	0.0	0.0	429.0	130.0	52.0	0.0	60.0	26.0	0.0	0.0	0.0	0.0	0.0	0.0	0.0	0.0	0.0	0.0	0.0	0.0	0.0	0.0	0.0
SRR6764846	6135.0	8064.0	1153.0	4580.0	2626.0	9.0	2955.0	1335.0	366.0	3309.0	370.0	90.0	0.0	483.0	1247.0	320.0	105.0	0.0	0.0	0.0	63.0	0.0	166.0	0.0	0.0	0.0	0.0	0.0	0.0	0.0	0.0	0.0	0.0	0.0	0.0
SRR6764847	4422.0	5923.0	1000.0	2806.0	1632.0	10.0	2383.0	1051.0	167.0	3078.0	275.0	138.0	0.0	183.0	533.0	279.0	41.0	38.0	104.0	0.0	0.0	0.0	0.0	0.0	0.0	0.0	0.0	0.0	0.0	0.0	0.0	0.0	0.0	0.0	0.0
SRR6764848	3132.0	3479.0	1636.0	1141.0	162.0	19.0	1145.0	995.0	69.0	1248.0	277.0	323.0	0.0	51.0	548.0	30.0	115.0	0.0	153.0	0.0	0.0	0.0	0.0	0.0	0.0	0.0	74.0	0.0	0.0	0.0	0.0	0.0	0.0	0.0	0.0
SRR6764849	4146.0	4049.0	1866.0	1241.0	477.0	27.0	1063.0	1368.0	45.0	750.0	311.0	438.0	0.0	63.0	802.0	82.0	174.0	40.0	30.0	34.0	0.0	0.0	0.0	0.0	0.0	0.0	71.0	0.0	0.0	0.0	0.0	0.0	0.0	0.0	0.0
SRR6764850	298.0	4712.0	118.0	4057.0	452.0	0.0	134.0	474.0	564.0	1786.0	0.0	0.0	0.0	0.0	0.0	161.0	0.0	0.0	0.0	0.0	0.0	0.0	46.0	0.0	0.0	0.0	0.0	0.0	0.0	0.0	0.0	0.0	0.0	0.0	0.0
SRR6764852	470.0	4750.0	0.0	3789.0	730.0	0.0	41.0	786.0	282.0	1422.0	13.0	0.0	0.0	0.0	22.0	123.0	0.0	0.0	0.0	0.0	241.0	0.0	63.0	0.0	0.0	0.0	0.0	0.0	0.0	0.0	0.0	0.0	0.0	0.0	0.0
SRR6764853	451.0	3897.0	70.0	3364.0	479.0	0.0	94.0	762.0	274.0	1027.0	14.0	24.0	0.0	0.0	0.0	79.0	0.0	0.0	0.0	0.0	113.0	0.0	51.0	0.0	0.0	0.0	0.0	0.0	0.0	0.0	0.0	0.0	0.0	0.0	0.0
SRR6764854	228.0	4634.0	44.0	3529.0	347.0	0.0	0.0	369.0	359.0	1950.0	0.0	0.0	0.0	2.0	0.0	34.0	0.0	0.0	0.0	0.0	324.0	0.0	0.0	0.0	0.0	0.0	0.0	0.0	0.0	0.0	0.0	0.0	0.0	0.0	0.0
SRR6764855	786.0	4480.0	425.0	3938.0	810.0	0.0	130.0	443.0	701.0	487.0	61.0	0.0	0.0	17.0	131.0	134.0	0.0	0.0	0.0	0.0	116.0	0.0	65.0	0.0	0.0	0.0	0.0	0.0	0.0	0.0	0.0	0.0	0.0	0.0	0.0
SRR6764856	482.0	4083.0	30.0	3379.0	556.0	0.0	50.0	561.0	301.0	2194.0	9.0	0.0	0.0	0.0	16.0	212.0	0.0	0.0	0.0	0.0	243.0	0.0	0.0	0.0	0.0	0.0	0.0	0.0	0.0	0.0	0.0	0.0	0.0	0.0	0.0
SRR6764857	426.0	7695.0	159.0	5622.0	578.0	0.0	88.0	867.0	799.0	1807.0	0.0	48.0	0.0	15.0	30.0	210.0	0.0	0.0	0.0	0.0	36.0	0.0	82.0	0.0	0.0	0.0	0.0	0.0	0.0	0.0	0.0	0.0	0.0	0.0	0.0
SRR6764858	203.0	4126.0	87.0	4158.0	338.0	0.0	93.0	489.0	604.0	1313.0	0.0	0.0	0.0	0.0	0.0	68.0	0.0	0.0	0.0	0.0	0.0	0.0	30.0	0.0	0.0	0.0	0.0	0.0	0.0	0.0	0.0	0.0	0.0	0.0	0.0
SRR6764859	489.0	5973.0	99.0	4965.0	1199.0	0.0	333.0	1382.0	631.0	1542.0	0.0	20.0	16.0	0.0	20.0	62.0	0.0	0.0	0.0	0.0	123.0	0.0	83.0	0.0	0.0	0.0	0.0	35.0	0.0	0.0	0.0	0.0	0.0	0.0	0.0
SRR6764861	42.0	4745.0	256.0	3233.0	354.0	0.0	101.0	291.0	343.0	1320.0	0.0	0.0	0.0	0.0	0.0	81.0	0.0	0.0	0.0	0.0	65.0	0.0	28.0	0.0	0.0	0.0	0.0	0.0	0.0	0.0	0.0	0.0	0.0	0.0	0.0
SRR6764863	44.0	5135.0	80.0	4424.0	365.0	0.0	71.0	389.0	444.0	1405.0	0.0	0.0	0.0	0.0	0.0	75.0	0.0	0.0	0.0	0.0	0.0	0.0	0.0	0.0	0.0	0.0	0.0	0.0	0.0	0.0	0.0	0.0	0.0	0.0	0.0
SRR6764865	3460.0	5310.0	1462.0	2127.0	1101.0	26.0	2048.0	463.0	183.0	2480.0	292.0	474.0	45.0	48.0	703.0	165.0	164.0	0.0	114.0	21.0	31.0	0.0	21.0	0.0	0.0	0.0	28.0	0.0	0.0	0.0	0.0	0.0	0.0	0.0	0.0
SRR6764866	4557.0	4665.0	1617.0	1574.0	1042.0	50.0	1886.0	992.0	119.0	2492.0	351.0	407.0	0.0	90.0	763.0	37.0	182.0	0.0	236.0	66.0	0.0	0.0	28.0	0.0	0.0	0.0	0.0	0.0	20.0	0.0	0.0	0.0	0.0	0.0	0.0
SRR6764867	6849.0	6827.0	1410.0	1808.0	681.0	135.0	1742.0	1070.0	181.0	1658.0	163.0	110.0	13.0	98.0	1312.0	29.0	205.0	0.0	319.0	114.0	0.0	0.0	39.0	0.0	0.0	7.0	103.0	0.0	13.0	0.0	0.0	0.0	0.0	0.0	0.0
SRR6764868	3149.0	2751.0	870.0	1617.0	705.0	0.0	902.0	549.0	338.0	944.0	247.0	39.0	0.0	71.0	501.0	12.0	70.0	0.0	52.0	0.0	53.0	0.0	42.0	0.0	0.0	12.0	0.0	0.0	0.0	0.0	0.0	0.0	0.0	0.0	0.0
SRR6764869	9895.0	10002.0	2358.0	4995.0	1804.0	132.0	4408.0	2112.0	398.0	5717.0	645.0	295.0	25.0	367.0	3462.0	277.0	330.0	64.0	534.0	164.0	148.0	9.0	0.0	0.0	0.0	42.0	200.0	0.0	0.0	0.0	0.0	0.0	0.0	0.0	0.0
SRR6764870	6527.0	7732.0	966.0	2555.0	934.0	41.0	1793.0	1066.0	76.0	1726.0	477.0	110.0	0.0	129.0	1698.0	73.0	237.0	80.0	223.0	40.0	33.0	0.0	5.0	0.0	0.0	0.0	97.0	0.0	0.0	0.0	0.0	0.0	0.0	0.0	0.0
SRR6764871	2472.0	3080.0	281.0	1477.0	865.0	0.0	1218.0	649.0	51.0	1435.0	136.0	20.0	0.0	83.0	293.0	136.0	60.0	0.0	27.0	0.0	0.0	0.0	51.0	0.0	0.0	16.0	0.0	0.0	0.0	0.0	0.0	0.0	0.0	0.0	0.0
SRR6764872	6572.0	6932.0	1987.0	3921.0	2348.0	0.0	3244.0	1330.0	444.0	4434.0	381.0	273.0	0.0	429.0	1643.0	551.0	265.0	115.0	79.0	0.0	114.0	0.0	167.0	0.0	0.0	41.0	0.0	0.0	0.0	0.0	0.0	0.0	0.0	0.0	0.0
SRR6764873	317.0	4326.0	42.0	3740.0	421.0	0.0	215.0	975.0	529.0	1704.0	0.0	0.0	0.0	0.0	0.0	100.0	0.0	0.0	0.0	0.0	24.0	0.0	53.0	0.0	0.0	0.0	0.0	24.0	0.0	0.0	0.0	0.0	0.0	0.0	0.0
SRR6764874	422.0	4737.0	0.0	3803.0	326.0	0.0	199.0	771.0	434.0	1386.0	0.0	14.0	0.0	0.0	0.0	158.0	0.0	0.0	0.0	0.0	70.0	0.0	54.0	0.0	0.0	0.0	0.0	0.0	0.0	0.0	0.0	0.0	0.0	0.0	0.0
SRR6764878	5126.0	4498.0	622.0	2512.0	955.0	26.0	617.0	840.0	201.0	521.0	283.0	19.0	0.0	169.0	588.0	111.0	79.0	84.0	182.0	20.0	122.0	0.0	66.0	0.0	0.0	0.0	0.0	0.0	0.0	0.0	0.0	0.0	0.0	0.0	0.0
SRR6764880	875.0	8435.0	102.0	4722.0	1674.0	0.0	632.0	1545.0	907.0	1776.0	22.0	72.0	0.0	20.0	158.0	438.0	0.0	11.0	0.0	0.0	102.0	0.0	154.0	0.0	0.0	0.0	0.0	20.0	0.0	0.0	0.0	0.0	0.0	0.0	0.0
SRR6764882	167.0	5864.0	303.0	1694.0	92.0	0.0	300.0	414.0	266.0	4124.0	0.0	0.0	0.0	0.0	60.0	4.0	0.0	0.0	0.0	0.0	0.0	0.0	0.0	0.0	0.0	0.0	0.0	0.0	0.0	0.0	0.0	0.0	0.0	0.0	0.0
SRR6764883	432.0	5497.0	25.0	2104.0	306.0	0.0	281.0	675.0	326.0	2877.0	0.0	24.0	0.0	0.0	0.0	96.0	0.0	0.0	0.0	0.0	0.0	0.0	0.0	0.0	0.0	0.0	0.0	0.0	0.0	0.0	0.0	0.0	0.0	0.0	0.0
SRR6764884	366.0	5066.0	122.0	1997.0	424.0	0.0	343.0	754.0	225.0	2286.0	0.0	33.0	0.0	16.0	17.0	54.0	0.0	0.0	0.0	0.0	11.0	0.0	30.0	0.0	0.0	0.0	0.0	0.0	0.0	0.0	0.0	0.0	0.0	0.0	0.0
SRR6764885	674.0	4899.0	113.0	3407.0	921.0	0.0	192.0	868.0	242.0	1313.0	15.0	19.0	0.0	0.0	23.0	138.0	0.0	0.0	0.0	0.0	200.0	0.0	79.0	0.0	0.0	0.0	0.0	0.0	0.0	0.0	0.0	0.0	0.0	0.0	0.0
SRR6764887	401.0	6206.0	191.0	2731.0	323.0	0.0	268.0	730.0	346.0	3672.0	10.0	12.0	0.0	0.0	0.0	120.0	0.0	0.0	0.0	0.0	28.0	0.0	17.0	0.0	0.0	0.0	0.0	0.0	0.0	0.0	0.0	0.0	0.0	0.0	0.0
SRR6764888	157.0	5330.0	229.0	2390.0	370.0	0.0	215.0	662.0	204.0	2517.0	0.0	0.0	0.0	0.0	0.0	93.0	0.0	0.0	0.0	0.0	12.0	0.0	0.0	0.0	0.0	0.0	0.0	0.0	0.0	0.0	0.0	0.0	0.0	0.0	0.0
SRR6764891	94.0	6389.0	104.0	3521.0	276.0	0.0	0.0	208.0	426.0	1442.0	28.0	0.0	0.0	0.0	0.0	109.0	0.0	0.0	0.0	0.0	120.0	0.0	0.0	0.0	0.0	0.0	0.0	0.0	0.0	0.0	0.0	0.0	0.0	0.0	0.0
SRR6764893	1182.0	4062.0	471.0	3146.0	574.0	0.0	65.0	233.0	319.0	743.0	49.0	0.0	0.0	0.0	86.0	82.0	0.0	0.0	0.0	0.0	68.0	0.0	0.0	0.0	0.0	0.0	0.0	0.0	0.0	0.0	0.0	0.0	0.0	0.0	0.0
SRR6764894	1260.0	4834.0	297.0	4106.0	716.0	0.0	25.0	212.0	581.0	506.0	112.0	0.0	0.0	0.0	109.0	151.0	8.0	0.0	0.0	0.0	34.0	0.0	29.0	0.0	0.0	0.0	0.0	0.0	0.0	0.0	0.0	0.0	0.0	0.0	0.0
SRR6764896	1273.0	2174.0	1418.0	1013.0	153.0	0.0	565.0	344.0	30.0	3103.0	118.0	26.0	0.0	0.0	26.0	0.0	44.0	0.0	0.0	0.0	0.0	0.0	0.0	0.0	0.0	0.0	0.0	0.0	0.0	0.0	0.0	0.0	0.0	0.0	0.0
SRR6764899	986.0	4384.0	443.0	2942.0	598.0	0.0	47.0	254.0	184.0	427.0	77.0	73.0	0.0	0.0	29.0	47.0	0.0	0.0	0.0	0.0	68.0	0.0	0.0	0.0	0.0	0.0	0.0	0.0	0.0	0.0	0.0	0.0	0.0	0.0	0.0
SRR6764900	1063.0	5371.0	546.0	3799.0	663.0	0.0	211.0	437.0	226.0	858.0	99.0	0.0	0.0	37.0	144.0	44.0	18.0	0.0	0.0	0.0	0.0	0.0	49.0	0.0	0.0	0.0	0.0	0.0	0.0	0.0	0.0	0.0	0.0	0.0	0.0
SRR6764901	383.0	5561.0	52.0	4055.0	294.0	0.0	0.0	516.0	292.0	1675.0	20.0	21.0	0.0	0.0	0.0	134.0	0.0	0.0	0.0	0.0	85.0	0.0	0.0	0.0	0.0	0.0	0.0	0.0	0.0	0.0	0.0	0.0	0.0	0.0	0.0
SRR6764902	688.0	4257.0	484.0	3603.0	713.0	0.0	118.0	372.0	483.0	749.0	159.0	7.0	0.0	36.0	273.0	48.0	0.0	19.0	0.0	0.0	0.0	0.0	0.0	0.0	0.0	0.0	0.0	0.0	0.0	0.0	0.0	0.0	0.0	0.0	0.0
SRR6764904	1601.0	2741.0	1231.0	599.0	446.0	0.0	966.0	577.0	29.0	1454.0	145.0	0.0	0.0	16.0	293.0	0.0	95.0	0.0	0.0	0.0	0.0	0.0	0.0	0.0	0.0	0.0	0.0	0.0	0.0	0.0	0.0	0.0	0.0	0.0	0.0
SRR6764906	1925.0	5882.0	373.0	3808.0	1019.0	0.0	385.0	1188.0	206.0	1018.0	161.0	54.0	0.0	0.0	353.0	367.0	14.0	0.0	0.0	0.0	272.0	0.0	0.0	0.0	0.0	0.0	0.0	0.0	0.0	0.0	0.0	0.0	0.0	0.0	0.0
SRR6764907	1758.0	3019.0	232.0	2944.0	765.0	0.0	266.0	448.0	272.0	669.0	198.0	0.0	0.0	29.0	459.0	228.0	12.0	11.0	42.0	0.0	66.0	0.0	0.0	0.0	0.0	0.0	0.0	0.0	0.0	0.0	0.0	0.0	0.0	0.0	0.0
SRR6764908	1478.0	5403.0	293.0	4681.0	1036.0	0.0	252.0	698.0	571.0	1893.0	41.0	0.0	0.0	62.0	82.0	215.0	12.0	0.0	0.0	0.0	0.0	0.0	42.0	0.0	0.0	0.0	0.0	0.0	0.0	0.0	0.0	0.0	0.0	0.0	0.0
SRR6764909	2593.0	5254.0	840.0	3422.0	1118.0	0.0	794.0	871.0	717.0	1139.0	270.0	39.0	0.0	48.0	224.0	208.0	70.0	0.0	0.0	0.0	0.0	0.0	0.0	0.0	0.0	0.0	0.0	0.0	0.0	0.0	0.0	0.0	0.0	0.0	0.0
SRR6764910	1697.0	5171.0	476.0	3913.0	1167.0	0.0	388.0	602.0	428.0	1641.0	151.0	12.0	0.0	23.0	111.0	179.0	24.0	0.0	0.0	0.0	54.0	0.0	59.0	0.0	0.0	0.0	0.0	0.0	0.0	0.0	0.0	0.0	0.0	0.0	0.0
SRR6764911	1214.0	6725.0	370.0	5744.0	1124.0	0.0	382.0	736.0	501.0	1818.0	72.0	9.0	0.0	0.0	76.0	109.0	0.0	0.0	0.0	0.0	56.0	0.0	48.0	0.0	0.0	16.0	0.0	0.0	0.0	0.0	0.0	0.0	0.0	0.0	0.0
SRR6764912	2956.0	3915.0	1610.0	1714.0	797.0	0.0	1515.0	1015.0	176.0	1585.0	215.0	77.0	0.0	0.0	245.0	29.0	134.0	0.0	61.0	0.0	0.0	0.0	0.0	0.0	0.0	0.0	0.0	0.0	0.0	0.0	0.0	0.0	0.0	0.0	0.0
SRR6764913	2511.0	3576.0	1344.0	3026.0	1149.0	0.0	1359.0	1016.0	198.0	1769.0	139.0	144.0	0.0	69.0	286.0	38.0	187.0	0.0	0.0	0.0	0.0	0.0	70.0	0.0	0.0	0.0	0.0	0.0	0.0	0.0	0.0	0.0	0.0	0.0	0.0
SRR6764914	2498.0	2977.0	700.0	1144.0	693.0	11.0	674.0	532.0	49.0	1123.0	206.0	103.0	0.0	19.0	374.0	22.0	50.0	0.0	113.0	0.0	54.0	0.0	0.0	0.0	0.0	0.0	0.0	0.0	0.0	0.0	0.0	0.0	0.0	0.0	0.0
SRR6764915	2796.0	3317.0	741.0	1501.0	552.0	27.0	996.0	734.0	60.0	815.0	219.0	33.0	0.0	71.0	1009.0	20.0	94.0	0.0	107.0	0.0	28.0	0.0	0.0	0.0	0.0	0.0	0.0	0.0	0.0	0.0	0.0	0.0	0.0	0.0	0.0
SRR6764916	1128.0	6811.0	581.0	5367.0	1024.0	0.0	155.0	614.0	782.0	1817.0	110.0	0.0	0.0	0.0	0.0	166.0	0.0	0.0	0.0	0.0	48.0	0.0	121.0	0.0	0.0	0.0	0.0	0.0	0.0	0.0	0.0	0.0	0.0	0.0	0.0
SRR6764917	3104.0	4679.0	835.0	2751.0	1248.0	0.0	1855.0	956.0	96.0	1763.0	194.0	132.0	0.0	74.0	328.0	109.0	116.0	0.0	55.0	0.0	28.0	0.0	31.0	0.0	0.0	0.0	0.0	0.0	0.0	0.0	0.0	0.0	0.0	0.0	0.0
SRR6764918	4090.0	6459.0	1225.0	3519.0	1200.0	0.0	1722.0	1708.0	74.0	2242.0	256.0	174.0	0.0	178.0	966.0	506.0	136.0	0.0	93.0	14.0	245.0	0.0	6.0	0.0	0.0	0.0	20.0	0.0	0.0	0.0	0.0	0.0	0.0	0.0	0.0
SRR6764919	3464.0	4902.0	1187.0	1948.0	1010.0	0.0	1278.0	1117.0	109.0	1350.0	232.0	0.0	0.0	41.0	750.0	96.0	92.0	0.0	66.0	0.0	128.0	0.0	0.0	0.0	0.0	0.0	0.0	0.0	0.0	0.0	0.0	0.0	0.0	0.0	0.0
SRR6764921	4209.0	5378.0	1253.0	2480.0	943.0	0.0	1796.0	1431.0	99.0	1903.0	250.0	84.0	0.0	141.0	1398.0	33.0	101.0	29.0	0.0	0.0	0.0	0.0	0.0	0.0	0.0	0.0	0.0	26.0	0.0	0.0	0.0	0.0	0.0	0.0	0.0
SRR6764922	3413.0	4848.0	776.0	1950.0	699.0	0.0	893.0	967.0	7.0	1029.0	314.0	72.0	0.0	172.0	838.0	257.0	91.0	89.0	81.0	0.0	0.0	0.0	44.0	0.0	0.0	0.0	0.0	0.0	0.0	0.0	0.0	0.0	0.0	0.0	0.0
SRR6764923	3182.0	5188.0	1197.0	2393.0	973.0	0.0	1303.0	1049.0	8.0	1664.0	244.0	25.0	0.0	132.0	875.0	110.0	126.0	75.0	102.0	0.0	0.0	0.0	9.0	0.0	0.0	0.0	0.0	0.0	0.0	0.0	0.0	0.0	0.0	0.0	0.0
SRR6764924	5372.0	6736.0	2268.0	2338.0	1508.0	0.0	2003.0	1336.0	25.0	2987.0	317.0	130.0	0.0	260.0	1341.0	730.0	181.0	44.0	212.0	0.0	87.0	0.0	28.0	0.0	0.0	25.0	0.0	0.0	0.0	0.0	0.0	0.0	0.0	0.0	0.0
SRR6764925	2948.0	3477.0	1149.0	1366.0	431.0	11.0	982.0	759.0	59.0	1838.0	202.0	13.0	0.0	17.0	351.0	26.0	102.0	0.0	55.0	0.0	44.0	0.0	0.0	0.0	0.0	0.0	0.0	0.0	0.0	0.0	0.0	0.0	0.0	0.0	0.0
SRR6764926	221.0	4347.0	79.0	3062.0	333.0	0.0	0.0	543.0	381.0	868.0	0.0	0.0	0.0	0.0	0.0	139.0	0.0	0.0	0.0	0.0	0.0	0.0	46.0	0.0	0.0	0.0	0.0	0.0	0.0	0.0	0.0	0.0	0.0	0.0	0.0
SRR6764927	267.0	4252.0	100.0	3869.0	484.0	0.0	188.0	921.0	189.0	1012.0	0.0	18.0	0.0	14.0	8.0	155.0	0.0	0.0	0.0	0.0	0.0	0.0	75.0	0.0	0.0	0.0	0.0	0.0	0.0	0.0	0.0	0.0	0.0	0.0	0.0
SRR6764928	5458.0	5718.0	1458.0	2190.0	839.0	22.0	1711.0	1010.0	51.0	1702.0	309.0	361.0	0.0	88.0	1053.0	175.0	178.0	63.0	227.0	37.0	0.0	0.0	33.0	0.0	0.0	0.0	0.0	0.0	7.0	0.0	0.0	0.0	0.0	0.0	0.0
SRR6764929	4780.0	5255.0	1436.0	2002.0	788.0	23.0	1330.0	1089.0	46.0	1361.0	326.0	756.0	63.0	0.0	1432.0	29.0	119.0	13.0	132.0	0.0	0.0	0.0	0.0	0.0	0.0	0.0	53.0	0.0	17.0	0.0	0.0	0.0	0.0	0.0	0.0
SRR6764930	3412.0	4490.0	1433.0	1255.0	290.0	26.0	960.0	918.0	192.0	1449.0	339.0	296.0	0.0	23.0	892.0	35.0	152.0	0.0	0.0	20.0	0.0	0.0	14.0	0.0	0.0	0.0	0.0	0.0	0.0	0.0	0.0	0.0	0.0	0.0	0.0
SRR6764931	4268.0	5689.0	1762.0	1677.0	510.0	19.0	1543.0	947.0	166.0	1741.0	244.0	149.0	0.0	20.0	1273.0	25.0	177.0	11.0	82.0	0.0	0.0	0.0	16.0	0.0	0.0	0.0	0.0	0.0	0.0	0.0	0.0	0.0	0.0	0.0	0.0
SRR6764935	5254.0	5168.0	1059.0	1433.0	981.0	17.0	1596.0	906.0	183.0	1684.0	234.0	90.0	0.0	0.0	1559.0	66.0	165.0	59.0	199.0	44.0	0.0	0.0	47.0	0.0	0.0	0.0	0.0	0.0	0.0	0.0	0.0	0.0	0.0	0.0	0.0
SRR6764936	4251.0	5733.0	1662.0	2036.0	430.0	0.0	1100.0	760.0	218.0	522.0	329.0	572.0	0.0	0.0	1028.0	143.0	68.0	0.0	67.0	0.0	0.0	0.0	0.0	0.0	0.0	0.0	38.0	0.0	0.0	0.0	0.0	0.0	0.0	0.0	0.0
SRR6764938	214.0	5123.0	196.0	3150.0	402.0	0.0	47.0	211.0	242.0	1753.0	0.0	0.0	0.0	0.0	0.0	13.0	0.0	0.0	0.0	0.0	88.0	0.0	0.0	0.0	0.0	0.0	0.0	0.0	0.0	0.0	0.0	0.0	0.0	0.0	0.0
SRR6764940	1458.0	5963.0	302.0	5632.0	1483.0	0.0	129.0	505.0	474.0	778.0	156.0	22.0	0.0	0.0	363.0	219.0	0.0	0.0	0.0	0.0	179.0	0.0	0.0	0.0	0.0	0.0	0.0	0.0	0.0	0.0	0.0	0.0	0.0	0.0	0.0
SRR6764941	1478.0	3607.0	247.0	3402.0	604.0	0.0	126.0	460.0	240.0	537.0	99.0	35.0	0.0	0.0	260.0	192.0	0.0	0.0	0.0	0.0	89.0	0.0	52.0	0.0	0.0	0.0	0.0	0.0	0.0	0.0	0.0	0.0	0.0	0.0	0.0
SRR6764942	509.0	5867.0	84.0	4775.0	357.0	0.0	276.0	1243.0	761.0	1320.0	0.0	15.0	0.0	12.0	22.0	184.0	0.0	31.0	0.0	0.0	0.0	0.0	44.0	0.0	0.0	0.0	0.0	0.0	0.0	0.0	0.0	0.0	0.0	0.0	0.0
SRR6764944	695.0	6942.0	65.0	5148.0	675.0	0.0	243.0	1492.0	293.0	1314.0	0.0	22.0	0.0	0.0	51.0	219.0	0.0	0.0	0.0	0.0	382.0	0.0	76.0	0.0	0.0	0.0	0.0	0.0	0.0	0.0	0.0	0.0	0.0	0.0	0.0
SRR6764945	378.0	4939.0	48.0	4507.0	467.0	0.0	284.0	830.0	777.0	1273.0	0.0	0.0	0.0	0.0	32.0	170.0	0.0	0.0	0.0	0.0	47.0	0.0	64.0	0.0	0.0	0.0	0.0	128.0	0.0	0.0	0.0	0.0	0.0	0.0	0.0
SRR6764946	26.0	4856.0	138.0	4413.0	211.0	0.0	0.0	166.0	419.0	1966.0	0.0	0.0	0.0	0.0	0.0	49.0	0.0	0.0	0.0	0.0	0.0	0.0	21.0	0.0	0.0	0.0	0.0	0.0	0.0	0.0	0.0	0.0	0.0	0.0	0.0
SRR6764947	440.0	5783.0	414.0	4755.0	333.0	0.0	168.0	936.0	190.0	1603.0	0.0	21.0	0.0	0.0	0.0	271.0	0.0	0.0	0.0	0.0	386.0	0.0	43.0	0.0	8.0	0.0	0.0	0.0	0.0	0.0	0.0	0.0	0.0	0.0	0.0
SRR6764948	389.0	6019.0	0.0	4814.0	289.0	0.0	47.0	493.0	202.0	1065.0	0.0	0.0	0.0	0.0	0.0	173.0	0.0	0.0	0.0	0.0	260.0	0.0	72.0	0.0	0.0	0.0	0.0	0.0	0.0	0.0	0.0	0.0	0.0	0.0	0.0
SRR6764949	0.0	4835.0	0.0	3018.0	270.0	0.0	86.0	523.0	266.0	1996.0	0.0	16.0	0.0	0.0	0.0	146.0	0.0	0.0	0.0	0.0	0.0	0.0	0.0	0.0	0.0	0.0	0.0	0.0	0.0	0.0	0.0	0.0	0.0	0.0	0.0
SRR6764950	2287.0	5814.0	192.0	4373.0	867.0	0.0	507.0	898.0	532.0	1047.0	162.0	37.0	0.0	14.0	419.0	135.0	11.0	0.0	0.0	0.0	37.0	0.0	0.0	0.0	0.0	0.0	0.0	0.0	0.0	0.0	0.0	0.0	0.0	0.0	0.0
SRR6764951	2578.0	6150.0	417.0	3667.0	1077.0	0.0	581.0	1499.0	271.0	1038.0	211.0	22.0	0.0	15.0	673.0	245.0	19.0	25.0	77.0	0.0	0.0	0.0	89.0	0.0	0.0	0.0	0.0	7.0	0.0	0.0	0.0	0.0	0.0	0.0	0.0
SRR6764952	3748.0	9013.0	520.0	5126.0	2169.0	0.0	762.0	2060.0	645.0	1534.0	125.0	95.0	11.0	27.0	918.0	822.0	22.0	41.0	87.0	0.0	418.0	0.0	111.0	0.0	0.0	0.0	0.0	0.0	0.0	0.0	0.0	0.0	0.0	0.0	0.0
SRR6764953	2920.0	5888.0	378.0	5276.0	1841.0	0.0	492.0	1266.0	490.0	884.0	96.0	33.0	0.0	39.0	743.0	614.0	38.0	33.0	76.0	4.0	341.0	0.0	91.0	0.0	0.0	0.0	0.0	0.0	0.0	0.0	0.0	0.0	0.0	0.0	0.0
SRR6764954	3703.0	7377.0	603.0	5795.0	2326.0	0.0	664.0	1462.0	487.0	1548.0	157.0	54.0	0.0	64.0	781.0	859.0	0.0	29.0	39.0	0.0	442.0	0.0	129.0	0.0	0.0	0.0	0.0	0.0	0.0	0.0	0.0	0.0	0.0	0.0	0.0
SRR6764955	2475.0	5763.0	436.0	4310.0	1172.0	0.0	545.0	679.0	712.0	1027.0	205.0	77.0	0.0	57.0	667.0	122.0	50.0	26.0	52.0	0.0	0.0	0.0	91.0	0.0	0.0	0.0	0.0	0.0	0.0	0.0	5.0	0.0	0.0	0.0	0.0
SRR6764956	149.0	3064.0	1044.0	2054.0	65.0	0.0	399.0	146.0	237.0	2875.0	12.0	17.0	0.0	0.0	0.0	0.0	0.0	0.0	0.0	0.0	0.0	0.0	0.0	0.0	0.0	0.0	0.0	0.0	0.0	0.0	0.0	0.0	0.0	0.0	0.0
SRR6764957	381.0	3961.0	162.0	2846.0	678.0	0.0	201.0	645.0	243.0	1386.0	0.0	28.0	0.0	0.0	0.0	121.0	0.0	0.0	0.0	0.0	45.0	0.0	45.0	0.0	0.0	0.0	0.0	0.0	0.0	0.0	0.0	0.0	0.0	0.0	0.0
SRR6764958	640.0	6460.0	174.0	3677.0	1303.0	0.0	435.0	1231.0	237.0	1801.0	0.0	34.0	0.0	9.0	22.0	375.0	0.0	0.0	0.0	0.0	127.0	0.0	126.0	0.0	0.0	0.0	0.0	0.0	0.0	0.0	0.0	0.0	0.0	0.0	0.0
SRR6764959	275.0	3927.0	608.0	3488.0	200.0	0.0	51.0	306.0	221.0	2375.0	0.0	27.0	0.0	0.0	0.0	0.0	0.0	0.0	0.0	0.0	0.0	0.0	0.0	0.0	0.0	0.0	0.0	0.0	0.0	0.0	0.0	0.0	0.0	0.0	0.0
SRR6764960	408.0	3946.0	110.0	3738.0	687.0	0.0	163.0	776.0	380.0	1733.0	0.0	45.0	0.0	0.0	0.0	203.0	0.0	0.0	0.0	0.0	42.0	0.0	68.0	0.0	0.0	0.0	0.0	0.0	0.0	0.0	0.0	0.0	0.0	0.0	0.0
SRR6764961	301.0	3530.0	104.0	3384.0	313.0	0.0	237.0	747.0	245.0	1484.0	0.0	0.0	0.0	0.0	0.0	108.0	0.0	0.0	0.0	0.0	59.0	0.0	46.0	0.0	0.0	0.0	0.0	0.0	0.0	0.0	0.0	0.0	0.0	0.0	0.0
SRR6764963	721.0	1919.0	1102.0	1035.0	69.0	0.0	783.0	289.0	100.0	4731.0	149.0	11.0	0.0	0.0	103.0	0.0	0.0	0.0	0.0	0.0	0.0	0.0	0.0	0.0	0.0	0.0	0.0	0.0	0.0	0.0	0.0	0.0	0.0	0.0	0.0
SRR6764964	780.0	6813.0	196.0	4124.0	728.0	0.0	269.0	1001.0	617.0	2901.0	0.0	0.0	0.0	0.0	38.0	189.0	0.0	0.0	0.0	0.0	248.0	0.0	0.0	0.0	0.0	12.0	0.0	0.0	0.0	0.0	0.0	0.0	0.0	0.0	0.0
SRR6764965	247.0	4358.0	89.0	3201.0	328.0	0.0	178.0	630.0	420.0	1007.0	0.0	0.0	0.0	0.0	16.0	100.0	0.0	0.0	0.0	0.0	0.0	0.0	0.0	0.0	0.0	0.0	0.0	0.0	0.0	0.0	0.0	0.0	0.0	0.0	0.0
SRR6764966	119.0	4194.0	120.0	3826.0	249.0	0.0	144.0	574.0	299.0	1924.0	0.0	0.0	0.0	0.0	0.0	129.0	0.0	0.0	0.0	0.0	0.0	0.0	42.0	0.0	0.0	0.0	0.0	0.0	0.0	0.0	0.0	0.0	0.0	0.0	0.0
SRR6764967	185.0	4836.0	163.0	3803.0	485.0	0.0	170.0	484.0	320.0	2115.0	8.0	0.0	0.0	0.0	0.0	113.0	0.0	0.0	0.0	0.0	0.0	0.0	0.0	0.0	0.0	0.0	0.0	0.0	0.0	0.0	0.0	0.0	0.0	0.0	0.0
SRR6764968	617.0	5524.0	100.0	3842.0	1013.0	0.0	54.0	853.0	446.0	1446.0	18.0	27.0	0.0	0.0	33.0	355.0	0.0	0.0	0.0	0.0	243.0	0.0	68.0	0.0	0.0	0.0	0.0	0.0	0.0	0.0	0.0	0.0	0.0	0.0	0.0
SRR6764969	507.0	7019.0	81.0	5359.0	846.0	0.0	76.0	1033.0	508.0	1972.0	0.0	16.0	0.0	0.0	25.0	199.0	0.0	0.0	0.0	0.0	400.0	0.0	0.0	0.0	0.0	0.0	0.0	0.0	0.0	0.0	0.0	0.0	0.0	0.0	0.0
SRR6764970	3163.0	3519.0	113.0	2789.0	1279.0	16.0	967.0	929.0	202.0	1200.0	243.0	0.0	0.0	67.0	755.0	29.0	96.0	19.0	69.0	0.0	142.0	0.0	0.0	0.0	0.0	0.0	0.0	0.0	0.0	0.0	0.0	0.0	0.0	0.0	0.0
SRR6764972	2928.0	4448.0	984.0	1415.0	509.0	0.0	988.0	847.0	14.0	537.0	229.0	80.0	0.0	0.0	821.0	0.0	103.0	0.0	115.0	22.0	0.0	0.0	0.0	0.0	0.0	0.0	48.0	0.0	0.0	0.0	0.0	0.0	0.0	0.0	0.0
SRR6764973	2438.0	3587.0	807.0	1174.0	544.0	0.0	1060.0	903.0	13.0	838.0	219.0	51.0	0.0	11.0	412.0	0.0	35.0	0.0	93.0	0.0	0.0	0.0	0.0	0.0	0.0	0.0	22.0	0.0	0.0	0.0	0.0	0.0	0.0	0.0	0.0
SRR6764974	2430.0	4171.0	970.0	1476.0	598.0	0.0	660.0	882.0	0.0	1280.0	261.0	10.0	0.0	45.0	596.0	23.0	51.0	0.0	105.0	0.0	0.0	0.0	0.0	0.0	0.0	0.0	0.0	0.0	0.0	0.0	0.0	0.0	0.0	0.0	0.0
SRR6764975	3457.0	3056.0	753.0	1866.0	779.0	76.0	726.0	762.0	20.0	398.0	125.0	0.0	0.0	9.0	478.0	0.0	34.0	123.0	104.0	0.0	0.0	0.0	19.0	0.0	0.0	0.0	0.0	0.0	20.0	0.0	0.0	0.0	0.0	0.0	0.0
SRR6764978	24.0	5729.0	127.0	4736.0	499.0	0.0	48.0	297.0	696.0	1844.0	0.0	0.0	0.0	0.0	0.0	74.0	0.0	0.0	0.0	0.0	0.0	0.0	0.0	0.0	0.0	0.0	0.0	0.0	0.0	0.0	0.0	0.0	0.0	0.0	0.0
SRR6764979	254.0	5096.0	116.0	3970.0	750.0	0.0	202.0	580.0	404.0	1835.0	0.0	10.0	0.0	0.0	18.0	113.0	0.0	0.0	0.0	0.0	0.0	0.0	67.0	0.0	0.0	0.0	0.0	0.0	0.0	0.0	0.0	0.0	0.0	0.0	0.0
SRR6764980	493.0	4903.0	0.0	3778.0	851.0	0.0	90.0	778.0	284.0	913.0	11.0	24.0	0.0	0.0	0.0	382.0	0.0	0.0	0.0	0.0	345.0	0.0	110.0	0.0	0.0	0.0	0.0	0.0	0.0	0.0	0.0	0.0	0.0	0.0	0.0
SRR6764981	351.0	5689.0	30.0	4308.0	637.0	0.0	226.0	789.0	647.0	1122.0	11.0	32.0	0.0	15.0	0.0	386.0	0.0	0.0	0.0	0.0	76.0	0.0	33.0	0.0	0.0	0.0	0.0	24.0	0.0	0.0	0.0	0.0	0.0	0.0	0.0
SRR6764982	427.0	5437.0	0.0	3683.0	942.0	0.0	248.0	1070.0	217.0	1774.0	24.0	18.0	0.0	0.0	75.0	240.0	0.0	0.0	0.0	0.0	358.0	0.0	0.0	0.0	0.0	0.0	0.0	0.0	0.0	0.0	0.0	0.0	0.0	0.0	0.0
SRR6764983	319.0	6469.0	0.0	4371.0	846.0	0.0	247.0	603.0	775.0	1811.0	0.0	13.0	0.0	0.0	0.0	153.0	0.0	0.0	0.0	0.0	75.0	0.0	114.0	0.0	0.0	0.0	0.0	39.0	0.0	0.0	0.0	0.0	0.0	0.0	0.0
SRR6764984	193.0	4668.0	50.0	3838.0	485.0	0.0	112.0	489.0	339.0	1362.0	0.0	0.0	0.0	0.0	0.0	82.0	0.0	0.0	0.0	0.0	104.0	0.0	39.0	0.0	0.0	0.0	0.0	0.0	0.0	0.0	0.0	0.0	0.0	0.0	0.0
SRR6764985	170.0	4936.0	0.0	3496.0	522.0	0.0	93.0	878.0	108.0	2152.0	0.0	0.0	0.0	0.0	0.0	0.0	0.0	0.0	0.0	0.0	344.0	0.0	0.0	0.0	0.0	0.0	0.0	0.0	0.0	0.0	0.0	0.0	0.0	0.0	0.0
SRR6764986	164.0	4291.0	26.0	4155.0	602.0	0.0	156.0	616.0	759.0	967.0	0.0	0.0	0.0	0.0	30.0	148.0	0.0	0.0	0.0	0.0	78.0	0.0	0.0	0.0	0.0	0.0	0.0	0.0	0.0	0.0	0.0	0.0	0.0	0.0	0.0
SRR6764988	230.0	4860.0	200.0	4257.0	401.0	0.0	66.0	572.0	316.0	895.0	0.0	18.0	0.0	0.0	0.0	135.0	0.0	0.0	0.0	0.0	93.0	0.0	0.0	0.0	0.0	0.0	0.0	0.0	0.0	0.0	0.0	0.0	0.0	0.0	0.0
SRR6764990	3486.0	2493.0	640.0	2078.0	971.0	0.0	628.0	564.0	56.0	408.0	230.0	62.0	0.0	77.0	484.0	29.0	71.0	0.0	49.0	0.0	0.0	0.0	60.0	0.0	6.0	0.0	0.0	0.0	0.0	0.0	0.0	0.0	0.0	0.0	0.0
SRR6764991	1805.0	3308.0	829.0	3099.0	486.0	0.0	603.0	678.0	0.0	1182.0	272.0	34.0	0.0	19.0	480.0	55.0	27.0	22.0	82.0	0.0	0.0	0.0	37.0	0.0	0.0	0.0	0.0	0.0	0.0	0.0	0.0	0.0	0.0	0.0	0.0
SRR6764992	2278.0	2565.0	1143.0	1006.0	524.0	0.0	1035.0	770.0	15.0	1378.0	257.0	85.0	0.0	16.0	278.0	0.0	110.0	0.0	0.0	0.0	0.0	0.0	0.0	0.0	0.0	23.0	0.0	0.0	0.0	0.0	0.0	0.0	0.0	0.0	0.0
SRR6764993	2121.0	2482.0	486.0	1159.0	483.0	0.0	937.0	612.0	94.0	1474.0	190.0	83.0	0.0	102.0	105.0	43.0	63.0	0.0	0.0	0.0	0.0	0.0	0.0	0.0	0.0	0.0	0.0	0.0	0.0	0.0	0.0	0.0	0.0	0.0	0.0
SRR6764994	2825.0	3455.0	1268.0	1943.0	600.0	0.0	534.0	823.0	40.0	572.0	140.0	71.0	0.0	30.0	436.0	121.0	34.0	18.0	66.0	0.0	0.0	0.0	34.0	0.0	0.0	0.0	0.0	0.0	0.0	0.0	0.0	0.0	0.0	0.0	0.0
SRR6764995	2735.0	3458.0	513.0	1937.0	582.0	0.0	541.0	362.0	233.0	743.0	241.0	0.0	0.0	31.0	333.0	64.0	71.0	0.0	0.0	0.0	0.0	0.0	43.0	0.0	0.0	0.0	0.0	0.0	0.0	0.0	0.0	0.0	0.0	0.0	0.0
SRR6764996	2351.0	2940.0	1130.0	938.0	267.0	0.0	672.0	621.0	130.0	855.0	232.0	0.0	0.0	30.0	507.0	0.0	46.0	16.0	0.0	9.0	0.0	0.0	23.0	0.0	0.0	0.0	0.0	0.0	0.0	0.0	0.0	0.0	0.0	0.0	0.0
SRR6764998	2409.0	2590.0	616.0	2190.0	657.0	0.0	514.0	496.0	57.0	291.0	219.0	13.0	0.0	41.0	609.0	60.0	82.0	0.0	0.0	0.0	57.0	0.0	44.0	0.0	0.0	0.0	0.0	0.0	0.0	0.0	0.0	0.0	0.0	0.0	0.0
SRR6764999	3267.0	3292.0	527.0	2227.0	953.0	0.0	931.0	460.0	22.0	585.0	135.0	121.0	0.0	74.0	536.0	258.0	37.0	0.0	0.0	0.0	0.0	0.0	51.0	0.0	0.0	0.0	0.0	0.0	0.0	0.0	0.0	0.0	0.0	0.0	0.0
SRR6765000	1657.0	5818.0	635.0	5241.0	867.0	0.0	188.0	1070.0	571.0	1044.0	159.0	21.0	0.0	117.0	472.0	503.0	0.0	0.0	0.0	0.0	331.0	0.0	52.0	0.0	0.0	0.0	0.0	0.0	0.0	0.0	0.0	0.0	0.0	0.0	0.0
SRR6765001	418.0	4814.0	197.0	3650.0	517.0	0.0	330.0	1131.0	243.0	839.0	0.0	12.0	0.0	0.0	0.0	100.0	0.0	0.0	0.0	0.0	236.0	0.0	95.0	0.0	0.0	0.0	0.0	0.0	0.0	0.0	0.0	0.0	0.0	0.0	0.0
SRR6765002	3357.0	10002.0	864.0	7097.0	1429.0	0.0	856.0	1495.0	614.0	1375.0	176.0	121.0	0.0	83.0	425.0	69.0	19.0	35.0	0.0	0.0	219.0	0.0	61.0	0.0	0.0	0.0	0.0	22.0	0.0	0.0	0.0	0.0	0.0	0.0	0.0
SRR6765003	2993.0	6404.0	527.0	6309.0	1004.0	0.0	320.0	1492.0	624.0	1034.0	231.0	69.0	0.0	28.0	383.0	518.0	15.0	0.0	0.0	0.0	456.0	0.0	121.0	0.0	0.0	31.0	0.0	0.0	0.0	0.0	0.0	0.0	0.0	0.0	0.0
SRR6765004	2989.0	7550.0	257.0	6702.0	1464.0	0.0	466.0	1431.0	631.0	816.0	110.0	114.0	0.0	87.0	338.0	620.0	48.0	0.0	40.0	0.0	217.0	0.0	110.0	0.0	0.0	0.0	0.0	0.0	0.0	0.0	0.0	0.0	0.0	0.0	0.0
SRR6765005	718.0	8773.0	99.0	6106.0	1142.0	0.0	316.0	759.0	585.0	1144.0	0.0	0.0	0.0	0.0	44.0	187.0	0.0	13.0	0.0	0.0	14.0	0.0	82.0	0.0	0.0	35.0	0.0	0.0	0.0	0.0	0.0	0.0	0.0	0.0	0.0
SRR6765006	1740.0	7635.0	555.0	7389.0	1333.0	0.0	348.0	1313.0	575.0	2356.0	151.0	72.0	0.0	24.0	69.0	636.0	30.0	24.0	0.0	0.0	199.0	0.0	112.0	0.0	0.0	0.0	0.0	0.0	0.0	0.0	0.0	0.0	0.0	0.0	0.0
SRR6765007	1323.0	6723.0	415.0	6649.0	1237.0	0.0	201.0	1067.0	359.0	1092.0	225.0	31.0	0.0	0.0	696.0	242.0	11.0	17.0	0.0	0.0	508.0	0.0	0.0	0.0	0.0	27.0	0.0	0.0	0.0	0.0	0.0	0.0	0.0	0.0	0.0
SRR6765008	1986.0	9054.0	978.0	7683.0	821.0	0.0	506.0	1096.0	829.0	1582.0	343.0	34.0	0.0	83.0	71.0	226.0	23.0	31.0	0.0	0.0	115.0	0.0	83.0	0.0	0.0	0.0	0.0	0.0	0.0	0.0	0.0	0.0	0.0	0.0	0.0
SRR6765009	1635.0	6195.0	526.0	6138.0	670.0	0.0	474.0	468.0	952.0	765.0	295.0	0.0	0.0	42.0	437.0	67.0	62.0	0.0	0.0	0.0	147.0	0.0	72.0	0.0	0.0	0.0	0.0	0.0	0.0	0.0	0.0	0.0	0.0	0.0	0.0
SRR6765012	3584.0	3812.0	678.0	2411.0	977.0	28.0	991.0	837.0	61.0	944.0	197.0	25.0	0.0	23.0	1470.0	55.0	83.0	60.0	101.0	0.0	31.0	0.0	37.0	0.0	0.0	0.0	0.0	17.0	25.0	0.0	0.0	0.0	0.0	0.0	0.0
SRR6765013	1811.0	4753.0	216.0	3244.0	852.0	0.0	352.0	564.0	252.0	806.0	99.0	0.0	0.0	8.0	169.0	31.0	0.0	0.0	32.0	0.0	20.0	0.0	57.0	0.0	0.0	0.0	0.0	23.0	0.0	0.0	0.0	0.0	0.0	0.0	0.0
SRR6765014	2237.0	6600.0	828.0	4117.0	1342.0	0.0	881.0	759.0	387.0	901.0	130.0	64.0	0.0	17.0	493.0	163.0	46.0	0.0	0.0	0.0	65.0	0.0	71.0	0.0	0.0	0.0	0.0	0.0	0.0	0.0	0.0	0.0	0.0	0.0	0.0
SRR6765015	4198.0	6714.0	2038.0	2589.0	1152.0	18.0	2075.0	1879.0	25.0	3341.0	336.0	197.0	0.0	84.0	1735.0	188.0	337.0	0.0	83.0	56.0	35.0	0.0	14.0	0.0	0.0	24.0	38.0	9.0	0.0	0.0	0.0	0.0	0.0	0.0	0.0
SRR6765016	3387.0	4699.0	2582.0	2026.0	442.0	0.0	1333.0	1134.0	74.0	1992.0	335.0	59.0	0.0	14.0	1417.0	26.0	142.0	0.0	106.0	0.0	0.0	0.0	0.0	6.0	0.0	0.0	0.0	0.0	0.0	0.0	0.0	0.0	0.0	0.0	0.0
SRR6765017	3751.0	7354.0	2503.0	3530.0	821.0	0.0	2147.0	1974.0	159.0	3608.0	264.0	57.0	0.0	6.0	1192.0	124.0	195.0	179.0	107.0	40.0	0.0	0.0	128.0	0.0	0.0	0.0	31.0	0.0	0.0	0.0	0.0	0.0	0.0	0.0	0.0
SRR6765018	4876.0	6525.0	3274.0	2472.0	1420.0	0.0	1745.0	2307.0	67.0	3604.0	300.0	201.0	0.0	170.0	1745.0	149.0	302.0	0.0	129.0	0.0	49.0	4.0	37.0	0.0	0.0	41.0	0.0	0.0	0.0	0.0	0.0	0.0	0.0	0.0	0.0
SRR6765019	5732.0	7447.0	3860.0	4021.0	1198.0	0.0	2581.0	1716.0	158.0	5463.0	433.0	230.0	0.0	281.0	2015.0	242.0	282.0	0.0	193.0	29.0	42.0	0.0	47.0	0.0	0.0	56.0	0.0	0.0	0.0	0.0	0.0	0.0	0.0	0.0	0.0
SRR6765020	3340.0	4237.0	1753.0	1823.0	924.0	0.0	1042.0	1288.0	19.0	2360.0	308.0	36.0	0.0	66.0	812.0	0.0	135.0	52.0	0.0	0.0	15.0	0.0	21.0	0.0	3.0	25.0	0.0	0.0	0.0	0.0	0.0	0.0	0.0	0.0	0.0
SRR6765021	3596.0	4524.0	994.0	4083.0	1295.0	0.0	1215.0	1368.0	46.0	1400.0	221.0	59.0	0.0	62.0	1598.0	40.0	0.0	33.0	94.0	14.0	0.0	0.0	77.0	0.0	0.0	0.0	0.0	0.0	0.0	0.0	0.0	0.0	0.0	0.0	0.0
SRR6765022	2825.0	4324.0	1714.0	1826.0	561.0	0.0	938.0	916.0	31.0	1763.0	374.0	30.0	0.0	18.0	1094.0	26.0	122.0	0.0	65.0	0.0	0.0	0.0	0.0	0.0	0.0	0.0	0.0	0.0	0.0	0.0	0.0	0.0	0.0	0.0	0.0
SRR6765023	4040.0	6207.0	2696.0	2356.0	916.0	0.0	1740.0	1558.0	104.0	2946.0	269.0	138.0	0.0	202.0	1851.0	16.0	228.0	85.0	143.0	21.0	0.0	0.0	0.0	0.0	0.0	24.0	0.0	0.0	0.0	0.0	0.0	0.0	0.0	0.0	0.0
SRR6765024	2797.0	4651.0	2283.0	1752.0	415.0	0.0	991.0	1668.0	100.0	2599.0	290.0	65.0	10.0	22.0	1190.0	2.0	181.0	0.0	105.0	26.0	0.0	0.0	0.0	0.0	0.0	0.0	0.0	0.0	9.0	0.0	0.0	0.0	0.0	0.0	0.0
SRR6765026	1556.0	7361.0	1102.0	6506.0	1032.0	0.0	372.0	790.0	623.0	1225.0	221.0	19.0	0.0	0.0	136.0	338.0	18.0	0.0	0.0	0.0	155.0	0.0	93.0	0.0	0.0	0.0	0.0	0.0	0.0	0.0	0.0	0.0	0.0	0.0	0.0
SRR6765027	1092.0	3856.0	102.0	3446.0	760.0	0.0	193.0	424.0	551.0	689.0	56.0	0.0	0.0	0.0	171.0	148.0	0.0	0.0	0.0	0.0	76.0	0.0	42.0	0.0	0.0	0.0	0.0	0.0	0.0	0.0	0.0	0.0	0.0	0.0	0.0
SRR6765028	1629.0	4662.0	410.0	3532.0	856.0	0.0	560.0	513.0	512.0	822.0	68.0	131.0	0.0	19.0	299.0	120.0	0.0	0.0	17.0	0.0	27.0	0.0	0.0	0.0	0.0	0.0	0.0	0.0	0.0	0.0	0.0	0.0	0.0	0.0	0.0
SRR6765029	1632.0	6830.0	933.0	6552.0	1400.0	0.0	118.0	855.0	746.0	1558.0	126.0	10.0	0.0	0.0	188.0	159.0	0.0	0.0	0.0	0.0	249.0	0.0	89.0	0.0	0.0	0.0	0.0	0.0	0.0	0.0	0.0	0.0	0.0	0.0	0.0
SRR6765030	247.0	5083.0	42.0	4224.0	367.0	0.0	129.0	1060.0	453.0	1472.0	0.0	55.0	0.0	0.0	0.0	155.0	0.0	12.0	0.0	0.0	102.0	0.0	62.0	0.0	0.0	0.0	0.0	73.0	0.0	0.0	0.0	0.0	0.0	0.0	0.0
SRR6765031	493.0	4982.0	149.0	3964.0	563.0	0.0	111.0	573.0	546.0	1657.0	25.0	9.0	0.0	0.0	18.0	350.0	0.0	0.0	0.0	0.0	191.0	0.0	40.0	0.0	0.0	0.0	0.0	0.0	0.0	0.0	0.0	0.0	0.0	0.0	0.0
SRR6765032	2093.0	4734.0	602.0	2790.0	748.0	0.0	450.0	493.0	233.0	998.0	229.0	37.0	0.0	9.0	399.0	45.0	20.0	0.0	0.0	0.0	41.0	0.0	70.0	0.0	0.0	0.0	0.0	0.0	0.0	0.0	0.0	0.0	0.0	0.0	0.0
SRR6765033	1225.0	6384.0	626.0	3432.0	569.0	0.0	595.0	366.0	632.0	1585.0	205.0	17.0	0.0	19.0	471.0	29.0	52.0	0.0	0.0	0.0	0.0	0.0	49.0	0.0	0.0	21.0	0.0	0.0	0.0	0.0	0.0	0.0	0.0	0.0	0.0
SRR6765034	1560.0	5341.0	297.0	3264.0	788.0	0.0	108.0	556.0	210.0	1178.0	86.0	0.0	0.0	0.0	344.0	171.0	14.0	0.0	0.0	0.0	156.0	0.0	47.0	0.0	0.0	0.0	0.0	0.0	0.0	0.0	0.0	0.0	0.0	0.0	0.0
SRR6765035	1589.0	6060.0	538.0	3180.0	793.0	0.0	546.0	613.0	566.0	1447.0	197.0	0.0	0.0	9.0	208.0	53.0	23.0	0.0	35.0	0.0	78.0	0.0	58.0	0.0	0.0	0.0	0.0	0.0	0.0	0.0	0.0	0.0	0.0	0.0	0.0
SRR6765036	1193.0	4380.0	607.0	3247.0	748.0	0.0	374.0	696.0	287.0	1317.0	102.0	0.0	0.0	0.0	34.0	214.0	38.0	0.0	0.0	0.0	80.0	0.0	71.0	0.0	0.0	0.0	0.0	0.0	0.0	0.0	0.0	0.0	0.0	0.0	0.0
SRR6765037	1631.0	5497.0	471.0	4180.0	1223.0	0.0	294.0	1059.0	379.0	1319.0	205.0	26.0	0.0	9.0	517.0	221.0	0.0	0.0	24.0	0.0	156.0	0.0	0.0	0.0	0.0	0.0	0.0	0.0	0.0	0.0	0.0	0.0	0.0	0.0	0.0
SRR6765038	1083.0	4792.0	292.0	3601.0	743.0	0.0	162.0	749.0	306.0	1030.0	112.0	0.0	0.0	28.0	353.0	91.0	0.0	0.0	0.0	0.0	286.0	0.0	0.0	0.0	0.0	0.0	0.0	0.0	0.0	0.0	0.0	0.0	0.0	0.0	0.0
SRR6765039	579.0	4018.0	399.0	3001.0	529.0	0.0	258.0	267.0	480.0	1571.0	125.0	10.0	0.0	12.0	53.0	64.0	18.0	0.0	0.0	0.0	6.0	0.0	31.0	0.0	0.0	0.0	0.0	0.0	0.0	0.0	0.0	0.0	0.0	0.0	0.0
SRR6765040	135.0	4573.0	161.0	3736.0	508.0	0.0	182.0	639.0	161.0	1494.0	0.0	0.0	0.0	0.0	51.0	87.0	0.0	0.0	0.0	0.0	197.0	0.0	0.0	0.0	0.0	0.0	0.0	0.0	0.0	0.0	0.0	0.0	0.0	0.0	0.0
SRR6765041	278.0	3859.0	161.0	2740.0	438.0	0.0	114.0	532.0	238.0	1806.0	12.0	0.0	0.0	6.0	17.0	110.0	0.0	0.0	0.0	0.0	26.0	0.0	0.0	0.0	0.0	0.0	0.0	0.0	0.0	0.0	0.0	0.0	0.0	0.0	0.0
SRR6765043	304.0	4585.0	38.0	3250.0	567.0	0.0	75.0	359.0	214.0	1639.0	0.0	24.0	0.0	0.0	19.0	102.0	0.0	0.0	0.0	0.0	181.0	0.0	0.0	0.0	0.0	0.0	0.0	0.0	0.0	0.0	0.0	0.0	0.0	0.0	0.0
SRR6765044	422.0	3603.0	0.0	3366.0	852.0	0.0	176.0	739.0	24.0	758.0	18.0	0.0	0.0	0.0	0.0	100.0	0.0	0.0	0.0	0.0	235.0	0.0	0.0	0.0	0.0	0.0	0.0	0.0	0.0	0.0	0.0	0.0	0.0	0.0	0.0
SRR6765045	353.0	4516.0	100.0	3552.0	545.0	0.0	90.0	773.0	656.0	1223.0	0.0	0.0	0.0	0.0	0.0	190.0	0.0	0.0	0.0	0.0	77.0	0.0	46.0	0.0	0.0	0.0	0.0	15.0	0.0	0.0	0.0	0.0	0.0	0.0	0.0
SRR6765046	5602.0	5470.0	1830.0	1670.0	629.0	0.0	1272.0	1153.0	0.0	1833.0	372.0	136.0	0.0	59.0	1153.0	59.0	137.0	0.0	214.0	30.0	25.0	0.0	18.0	0.0	0.0	0.0	0.0	0.0	0.0	0.0	0.0	0.0	0.0	0.0	0.0
SRR6765047	5643.0	4414.0	1889.0	1022.0	790.0	67.0	1242.0	1286.0	26.0	1019.0	237.0	370.0	0.0	17.0	853.0	43.0	155.0	30.0	138.0	48.0	0.0	0.0	33.0	0.0	0.0	0.0	85.0	0.0	0.0	0.0	0.0	0.0	0.0	0.0	0.0
SRR6765048	4044.0	6453.0	1757.0	2311.0	223.0	50.0	1364.0	1098.0	294.0	1290.0	302.0	589.0	16.0	119.0	919.0	0.0	142.0	24.0	0.0	45.0	0.0	0.0	0.0	0.0	0.0	0.0	76.0	0.0	0.0	0.0	0.0	0.0	0.0	0.0	0.0
SRR6765049	4533.0	4013.0	1518.0	1541.0	439.0	48.0	1332.0	1403.0	94.0	670.0	375.0	589.0	50.0	170.0	1070.0	0.0	178.0	0.0	149.0	57.0	0.0	10.0	10.0	0.0	0.0	0.0	0.0	0.0	0.0	0.0	0.0	0.0	0.0	0.0	0.0
SRR6765050	29.0	4293.0	466.0	3262.0	163.0	0.0	13.0	129.0	456.0	1665.0	0.0	0.0	0.0	0.0	0.0	0.0	0.0	0.0	0.0	0.0	0.0	0.0	0.0	0.0	0.0	36.0	0.0	0.0	0.0	0.0	0.0	0.0	0.0	0.0	0.0
SRR6765051	228.0	4746.0	101.0	3087.0	291.0	0.0	32.0	239.0	420.0	2026.0	0.0	0.0	0.0	0.0	0.0	86.0	0.0	0.0	0.0	0.0	0.0	0.0	0.0	0.0	0.0	0.0	0.0	0.0	0.0	0.0	0.0	0.0	0.0	0.0	0.0
SRR6765052	184.0	4696.0	90.0	4925.0	439.0	0.0	248.0	471.0	396.0	1291.0	0.0	0.0	0.0	0.0	0.0	270.0	0.0	0.0	0.0	0.0	88.0	0.0	0.0	0.0	0.0	0.0	0.0	0.0	0.0	0.0	0.0	0.0	0.0	0.0	0.0
SRR6765054	308.0	5145.0	131.0	3704.0	439.0	0.0	75.0	605.0	300.0	1026.0	0.0	25.0	0.0	0.0	0.0	97.0	0.0	0.0	0.0	0.0	0.0	0.0	0.0	0.0	0.0	0.0	0.0	0.0	0.0	0.0	0.0	0.0	0.0	0.0	0.0
SRR6765055	227.0	5539.0	117.0	4332.0	531.0	0.0	64.0	499.0	345.0	789.0	16.0	7.0	0.0	0.0	0.0	117.0	0.0	0.0	0.0	0.0	0.0	0.0	0.0	0.0	0.0	0.0	0.0	0.0	0.0	0.0	0.0	0.0	0.0	0.0	0.0
SRR6765056	2114.0	6382.0	382.0	5537.0	1337.0	0.0	347.0	835.0	358.0	1002.0	227.0	35.0	0.0	23.0	303.0	230.0	0.0	0.0	0.0	0.0	150.0	0.0	0.0	0.0	0.0	0.0	0.0	0.0	0.0	0.0	0.0	0.0	0.0	0.0	0.0
SRR6765057	2006.0	5730.0	335.0	4910.0	1127.0	0.0	246.0	762.0	402.0	963.0	154.0	96.0	0.0	30.0	322.0	139.0	0.0	22.0	0.0	0.0	239.0	0.0	0.0	0.0	0.0	0.0	0.0	0.0	0.0	0.0	0.0	0.0	0.0	0.0	0.0
SRR6765058	2531.0	5480.0	729.0	5005.0	980.0	0.0	441.0	740.0	1286.0	2092.0	157.0	28.0	0.0	99.0	146.0	208.0	55.0	0.0	0.0	0.0	17.0	0.0	79.0	0.0	0.0	0.0	0.0	0.0	0.0	0.0	0.0	0.0	0.0	0.0	0.0
SRR6765059	3089.0	5179.0	798.0	5432.0	988.0	0.0	416.0	770.0	900.0	2734.0	181.0	29.0	0.0	134.0	152.0	199.0	46.0	0.0	0.0	0.0	41.0	0.0	76.0	0.0	0.0	0.0	0.0	0.0	0.0	0.0	0.0	0.0	0.0	0.0	0.0
SRR6765060	3426.0	5933.0	1512.0	2062.0	525.0	0.0	1638.0	772.0	336.0	2346.0	416.0	427.0	0.0	90.0	449.0	154.0	45.0	0.0	0.0	0.0	97.0	0.0	13.0	0.0	0.0	0.0	0.0	0.0	0.0	0.0	0.0	0.0	0.0	0.0	0.0
SRR6765061	3706.0	5888.0	1726.0	1562.0	683.0	27.0	1461.0	987.0	185.0	2736.0	170.0	626.0	0.0	61.0	666.0	266.0	116.0	0.0	117.0	0.0	0.0	0.0	0.0	0.0	0.0	0.0	0.0	0.0	8.0	0.0	0.0	0.0	0.0	0.0	0.0
SRR6765062	189.0	5833.0	412.0	1635.0	123.0	0.0	432.0	626.0	283.0	4447.0	0.0	0.0	0.0	2.0	44.0	0.0	0.0	0.0	0.0	0.0	0.0	0.0	0.0	0.0	0.0	0.0	0.0	0.0	0.0	0.0	0.0	0.0	0.0	0.0	0.0
SRR6765063	629.0	4724.0	0.0	4153.0	559.0	0.0	49.0	957.0	199.0	1135.0	0.0	34.0	0.0	0.0	15.0	287.0	0.0	0.0	0.0	0.0	208.0	0.0	0.0	0.0	0.0	0.0	0.0	0.0	0.0	0.0	0.0	0.0	0.0	0.0	0.0
SRR6765064	193.0	4556.0	131.0	3293.0	368.0	0.0	0.0	574.0	227.0	574.0	0.0	0.0	0.0	0.0	0.0	91.0	0.0	0.0	0.0	0.0	45.0	0.0	0.0	0.0	0.0	0.0	0.0	0.0	0.0	0.0	0.0	0.0	0.0	0.0	0.0
SRR6765067	538.0	5505.0	128.0	3441.0	570.0	0.0	95.0	698.0	185.0	1291.0	0.0	0.0	0.0	0.0	0.0	202.0	0.0	0.0	0.0	0.0	281.0	0.0	0.0	0.0	0.0	0.0	0.0	0.0	0.0	0.0	0.0	0.0	0.0	0.0	0.0
SRR6765072	664.0	8008.0	296.0	6045.0	537.0	0.0	406.0	954.0	1028.0	2880.0	0.0	0.0	0.0	14.0	0.0	237.0	0.0	0.0	0.0	0.0	83.0	0.0	98.0	0.0	0.0	20.0	0.0	0.0	0.0	0.0	0.0	0.0	0.0	0.0	0.0
SRR6765074	2838.0	4973.0	795.0	1301.0	550.0	66.0	1338.0	524.0	123.0	1423.0	351.0	229.0	31.0	25.0	664.0	0.0	110.0	0.0	144.0	23.0	0.0	3.0	40.0	0.0	0.0	0.0	0.0	0.0	0.0	0.0	0.0	0.0	0.0	0.0	0.0
SRR6765075	3705.0	4429.0	1316.0	1106.0	774.0	33.0	1608.0	792.0	63.0	1719.0	370.0	846.0	0.0	24.0	720.0	0.0	115.0	0.0	160.0	25.0	0.0	0.0	73.0	0.0	0.0	0.0	0.0	0.0	0.0	0.0	0.0	0.0	0.0	0.0	0.0
SRR6765076	4761.0	5005.0	949.0	1111.0	666.0	52.0	1537.0	958.0	38.0	1127.0	303.0	91.0	0.0	0.0	965.0	18.0	89.0	66.0	186.0	38.0	0.0	0.0	27.0	0.0	0.0	0.0	0.0	0.0	0.0	0.0	0.0	0.0	0.0	0.0	0.0
SRR6765078	2644.0	3450.0	814.0	1346.0	459.0	8.0	868.0	722.0	36.0	785.0	190.0	16.0	0.0	12.0	873.0	0.0	50.0	0.0	0.0	25.0	0.0	0.0	0.0	0.0	0.0	0.0	0.0	0.0	0.0	0.0	0.0	0.0	0.0	0.0	0.0
SRR6765079	2889.0	3842.0	947.0	1509.0	471.0	23.0	1116.0	746.0	33.0	851.0	136.0	47.0	0.0	8.0	954.0	0.0	50.0	42.0	0.0	0.0	0.0	0.0	0.0	0.0	0.0	0.0	19.0	0.0	0.0	0.0	0.0	0.0	0.0	0.0	0.0
SRR6765080	792.0	5040.0	378.0	3599.0	490.0	0.0	132.0	811.0	27.0	1574.0	0.0	0.0	0.0	0.0	0.0	33.0	0.0	0.0	0.0	0.0	0.0	21.0	0.0	0.0	0.0	0.0	0.0	0.0	0.0	0.0	0.0	0.0	0.0	0.0	0.0
SRR6765081	2167.0	5263.0	606.0	2451.0	236.0	0.0	109.0	669.0	0.0	1818.0	0.0	0.0	0.0	0.0	92.0	0.0	0.0	0.0	0.0	0.0	27.0	0.0	0.0	0.0	0.0	0.0	0.0	0.0	0.0	0.0	0.0	0.0	0.0	0.0	0.0
SRR6765083	3819.0	7914.0	240.0	4708.0	1418.0	0.0	117.0	1084.0	301.0	1155.0	62.0	0.0	0.0	0.0	267.0	0.0	0.0	0.0	0.0	0.0	20.0	0.0	124.0	0.0	0.0	0.0	0.0	0.0	0.0	0.0	0.0	0.0	0.0	0.0	0.0
SRR6765084	820.0	4302.0	58.0	3674.0	327.0	0.0	56.0	422.0	134.0	442.0	0.0	0.0	0.0	0.0	0.0	17.0	0.0	0.0	0.0	0.0	0.0	0.0	0.0	0.0	0.0	0.0	0.0	0.0	0.0	0.0	0.0	0.0	0.0	0.0	0.0
SRR6765085	2118.0	5775.0	447.0	3148.0	603.0	0.0	0.0	387.0	56.0	986.0	92.0	0.0	0.0	0.0	181.0	0.0	0.0	21.0	0.0	0.0	0.0	0.0	40.0	0.0	0.0	0.0	0.0	0.0	0.0	0.0	0.0	0.0	0.0	0.0	0.0
SRR6765089	3631.0	4061.0	170.0	3281.0	755.0	0.0	83.0	1043.0	172.0	650.0	0.0	0.0	0.0	0.0	69.0	0.0	0.0	0.0	0.0	0.0	0.0	15.0	33.0	0.0	0.0	0.0	0.0	0.0	0.0	0.0	0.0	0.0	0.0	0.0	0.0
SRR6765092	1317.0	5244.0	124.0	5995.0	1183.0	0.0	102.0	1620.0	195.0	695.0	0.0	0.0	0.0	15.0	62.0	122.0	0.0	0.0	0.0	0.0	42.0	30.0	0.0	0.0	0.0	0.0	0.0	0.0	0.0	0.0	0.0	0.0	0.0	0.0	0.0
SRR6765094	1593.0	6314.0	391.0	5257.0	1811.0	0.0	579.0	2273.0	200.0	1226.0	46.0	0.0	0.0	24.0	0.0	152.0	0.0	19.0	0.0	0.0	0.0	0.0	75.0	0.0	0.0	0.0	0.0	73.0	0.0	0.0	0.0	0.0	0.0	0.0	0.0
SRR6765095	2960.0	5627.0	424.0	3706.0	916.0	0.0	139.0	1091.0	171.0	1200.0	50.0	0.0	30.0	27.0	247.0	0.0	0.0	0.0	0.0	0.0	0.0	26.0	0.0	0.0	0.0	0.0	0.0	0.0	0.0	0.0	0.0	0.0	0.0	0.0	0.0
SRR6765096	2778.0	5877.0	250.0	2399.0	1306.0	0.0	370.0	470.0	236.0	1412.0	94.0	0.0	0.0	22.0	231.0	16.0	0.0	42.0	0.0	0.0	11.0	0.0	92.0	0.0	0.0	0.0	0.0	0.0	0.0	0.0	0.0	0.0	0.0	0.0	0.0
SRR6765098	1699.0	3802.0	379.0	3001.0	401.0	0.0	85.0	149.0	253.0	1215.0	0.0	0.0	0.0	24.0	7.0	0.0	0.0	10.0	0.0	0.0	0.0	0.0	0.0	0.0	0.0	0.0	0.0	0.0	0.0	0.0	0.0	0.0	0.0	0.0	0.0
SRR6765102	1938.0	3964.0	490.0	4744.0	367.0	0.0	116.0	147.0	0.0	683.0	0.0	0.0	0.0	0.0	55.0	0.0	0.0	27.0	0.0	0.0	0.0	0.0	31.0	0.0	0.0	0.0	0.0	0.0	0.0	0.0	0.0	0.0	0.0	0.0	0.0
SRR6765103	580.0	3987.0	72.0	3721.0	97.0	0.0	98.0	542.0	9.0	882.0	0.0	0.0	0.0	0.0	0.0	20.0	0.0	0.0	0.0	0.0	0.0	0.0	19.0	0.0	0.0	0.0	0.0	0.0	0.0	0.0	0.0	0.0	0.0	0.0	0.0
SRR6765105	1692.0	4502.0	599.0	3560.0	707.0	0.0	99.0	386.0	38.0	455.0	0.0	0.0	0.0	0.0	188.0	26.0	0.0	0.0	0.0	0.0	0.0	0.0	0.0	0.0	0.0	0.0	0.0	0.0	0.0	0.0	0.0	0.0	0.0	0.0	0.0
SRR6765106	427.0	4954.0	0.0	3767.0	218.0	0.0	75.0	728.0	0.0	607.0	0.0	0.0	0.0	0.0	0.0	123.0	0.0	0.0	0.0	0.0	0.0	0.0	0.0	0.0	0.0	0.0	0.0	0.0	0.0	0.0	0.0	0.0	0.0	0.0	0.0
SRR6765107	4534.0	11058.0	1381.0	6901.0	1488.0	0.0	510.0	1297.0	103.0	2483.0	90.0	0.0	149.0	150.0	538.0	29.0	0.0	0.0	0.0	0.0	69.0	0.0	72.0	0.0	0.0	12.0	0.0	0.0	0.0	0.0	0.0	0.0	0.0	0.0	0.0
SRR6765108	1584.0	3723.0	117.0	3910.0	394.0	0.0	152.0	341.0	0.0	424.0	0.0	0.0	0.0	0.0	0.0	0.0	0.0	0.0	0.0	0.0	0.0	0.0	48.0	0.0	0.0	0.0	0.0	0.0	0.0	0.0	0.0	0.0	0.0	0.0	0.0
SRR6765109	4776.0	7447.0	1079.0	5797.0	1038.0	0.0	338.0	790.0	63.0	2074.0	98.0	0.0	0.0	0.0	184.0	11.0	0.0	49.0	0.0	0.0	72.0	0.0	87.0	0.0	0.0	0.0	0.0	0.0	0.0	0.0	0.0	0.0	0.0	0.0	0.0
SRR6765111	2539.0	5323.0	321.0	4596.0	876.0	0.0	58.0	1040.0	108.0	280.0	33.0	0.0	0.0	18.0	181.0	11.0	0.0	0.0	0.0	0.0	101.0	0.0	105.0	0.0	0.0	0.0	0.0	0.0	0.0	0.0	0.0	0.0	0.0	0.0	0.0
SRR6765112	1254.0	5692.0	193.0	6784.0	521.0	0.0	111.0	1526.0	58.0	1290.0	0.0	0.0	0.0	0.0	0.0	209.0	0.0	0.0	0.0	0.0	0.0	0.0	119.0	0.0	0.0	0.0	0.0	0.0	0.0	0.0	0.0	0.0	0.0	0.0	0.0
SRR6765113	3111.0	6052.0	584.0	7219.0	1193.0	0.0	93.0	1185.0	29.0	915.0	0.0	0.0	216.0	65.0	283.0	56.0	0.0	0.0	0.0	0.0	73.0	0.0	162.0	0.0	0.0	0.0	0.0	0.0	0.0	0.0	0.0	0.0	0.0	0.0	0.0
SRR6765114	1767.0	4891.0	247.0	4176.0	595.0	0.0	120.0	494.0	17.0	425.0	0.0	0.0	63.0	0.0	188.0	0.0	0.0	0.0	0.0	0.0	0.0	0.0	118.0	0.0	0.0	0.0	0.0	0.0	0.0	0.0	0.0	0.0	0.0	0.0	0.0
SRR6765116	2620.0	3144.0	698.0	2537.0	444.0	0.0	110.0	346.0	15.0	943.0	56.0	0.0	0.0	0.0	150.0	12.0	0.0	33.0	0.0	0.0	54.0	0.0	0.0	13.0	0.0	0.0	0.0	0.0	0.0	0.0	0.0	0.0	0.0	0.0	0.0
SRR6765118	3002.0	6014.0	150.0	4188.0	497.0	0.0	146.0	1027.0	104.0	1059.0	36.0	0.0	54.0	51.0	261.0	48.0	0.0	53.0	0.0	0.0	77.0	0.0	88.0	0.0	0.0	0.0	0.0	0.0	0.0	0.0	0.0	0.0	0.0	0.0	0.0
SRR6765119	1216.0	3913.0	241.0	3626.0	222.0	0.0	132.0	860.0	0.0	1005.0	0.0	0.0	0.0	0.0	0.0	77.0	0.0	0.0	0.0	0.0	79.0	0.0	0.0	0.0	0.0	0.0	0.0	0.0	0.0	0.0	0.0	0.0	0.0	0.0	0.0
SRR6765120	2007.0	4018.0	400.0	1030.0	519.0	0.0	863.0	700.0	166.0	5233.0	96.0	0.0	0.0	304.0	802.0	0.0	0.0	17.0	0.0	0.0	35.0	0.0	92.0	0.0	0.0	0.0	0.0	0.0	0.0	0.0	0.0	0.0	0.0	23.0	0.0
SRR6765121	1658.0	2987.0	229.0	770.0	84.0	0.0	481.0	419.0	76.0	3084.0	71.0	0.0	0.0	237.0	555.0	0.0	0.0	11.0	0.0	0.0	54.0	0.0	0.0	0.0	0.0	0.0	0.0	0.0	0.0	0.0	0.0	0.0	0.0	0.0	0.0
SRR6765122	3988.0	7092.0	985.0	2188.0	443.0	0.0	652.0	1152.0	141.0	4012.0	127.0	0.0	45.0	0.0	454.0	273.0	0.0	23.0	0.0	0.0	188.0	0.0	48.0	0.0	0.0	0.0	0.0	0.0	0.0	0.0	0.0	0.0	0.0	0.0	0.0
SRR6765124	2847.0	4898.0	487.0	2694.0	208.0	0.0	149.0	350.0	146.0	1886.0	0.0	0.0	0.0	67.0	425.0	0.0	0.0	0.0	0.0	0.0	73.0	0.0	21.0	6.0	0.0	0.0	0.0	0.0	0.0	0.0	0.0	0.0	0.0	0.0	0.0
SRR6765126	1345.0	3484.0	221.0	1754.0	78.0	0.0	49.0	435.0	465.0	2243.0	0.0	0.0	0.0	0.0	164.0	17.0	0.0	0.0	0.0	0.0	0.0	0.0	0.0	0.0	0.0	0.0	0.0	0.0	0.0	0.0	0.0	0.0	0.0	0.0	0.0
SRR6765128	1651.0	5543.0	373.0	4777.0	939.0	0.0	292.0	705.0	156.0	1875.0	0.0	12.0	0.0	0.0	17.0	29.0	0.0	0.0	0.0	0.0	0.0	0.0	28.0	0.0	0.0	0.0	0.0	0.0	0.0	0.0	0.0	0.0	0.0	0.0	0.0
SRR6765129	2012.0	4672.0	106.0	2968.0	458.0	0.0	230.0	77.0	222.0	1595.0	127.0	0.0	0.0	35.0	69.0	0.0	0.0	0.0	0.0	0.0	18.0	0.0	34.0	0.0	0.0	0.0	0.0	0.0	0.0	0.0	0.0	0.0	0.0	0.0	0.0
SRR6765130	1531.0	6467.0	164.0	6946.0	747.0	0.0	444.0	1490.0	52.0	613.0	0.0	0.0	0.0	0.0	69.0	259.0	0.0	0.0	0.0	0.0	71.0	0.0	41.0	8.0	0.0	0.0	0.0	0.0	0.0	0.0	0.0	0.0	0.0	0.0	0.0
SRR6765131	2897.0	6109.0	595.0	3103.0	456.0	0.0	102.0	746.0	7.0	1116.0	166.0	0.0	0.0	57.0	386.0	22.0	0.0	0.0	0.0	0.0	58.0	0.0	24.0	0.0	0.0	0.0	0.0	0.0	0.0	0.0	0.0	0.0	0.0	0.0	0.0
SRR6765134	2834.0	6050.0	263.0	4234.0	629.0	0.0	175.0	444.0	18.0	637.0	26.0	0.0	0.0	0.0	221.0	124.0	0.0	26.0	0.0	0.0	0.0	0.0	90.0	0.0	0.0	0.0	0.0	0.0	0.0	0.0	0.0	0.0	0.0	0.0	0.0
SRR6765137	2713.0	5549.0	158.0	3499.0	680.0	0.0	331.0	765.0	128.0	1138.0	50.0	0.0	75.0	49.0	65.0	52.0	0.0	0.0	0.0	0.0	87.0	0.0	92.0	9.0	0.0	0.0	0.0	0.0	0.0	0.0	0.0	0.0	0.0	0.0	0.0
SRR6765138	1885.0	3375.0	378.0	3717.0	442.0	0.0	111.0	384.0	25.0	523.0	86.0	0.0	0.0	0.0	172.0	0.0	0.0	20.0	0.0	0.0	8.0	0.0	139.0	0.0	0.0	0.0	0.0	0.0	0.0	0.0	0.0	0.0	0.0	0.0	0.0
SRR6765139	1138.0	5052.0	144.0	5773.0	430.0	0.0	218.0	801.0	91.0	627.0	13.0	0.0	0.0	0.0	20.0	344.0	0.0	0.0	0.0	0.0	50.0	0.0	26.0	11.0	0.0	0.0	0.0	0.0	0.0	0.0	0.0	0.0	0.0	0.0	0.0
SRR6765140	3508.0	7865.0	474.0	5467.0	1109.0	0.0	170.0	902.0	295.0	516.0	31.0	14.0	0.0	78.0	396.0	187.0	0.0	57.0	0.0	0.0	0.0	7.0	152.0	0.0	0.0	0.0	0.0	0.0	0.0	0.0	0.0	0.0	0.0	0.0	0.0
SRR6765141	723.0	4387.0	338.0	4117.0	490.0	0.0	90.0	536.0	0.0	658.0	0.0	0.0	0.0	0.0	0.0	179.0	0.0	0.0	0.0	0.0	24.0	0.0	39.0	0.0	0.0	0.0	0.0	0.0	0.0	0.0	0.0	0.0	0.0	0.0	0.0
SRR6765142	1264.0	5848.0	0.0	5366.0	773.0	0.0	416.0	1108.0	283.0	450.0	0.0	0.0	0.0	0.0	21.0	178.0	0.0	0.0	0.0	0.0	109.0	0.0	0.0	0.0	0.0	0.0	0.0	0.0	0.0	0.0	0.0	0.0	0.0	0.0	0.0
SRR6765143	2306.0	6790.0	817.0	2598.0	343.0	0.0	601.0	705.0	0.0	3410.0	126.0	16.0	0.0	0.0	463.0	254.0	0.0	17.0	0.0	0.0	107.0	0.0	0.0	0.0	0.0	0.0	0.0	0.0	0.0	0.0	0.0	0.0	0.0	13.0	0.0
SRR6765144	2607.0	4575.0	501.0	1961.0	344.0	0.0	472.0	817.0	20.0	1999.0	0.0	0.0	178.0	0.0	216.0	0.0	0.0	0.0	0.0	0.0	89.0	0.0	0.0	0.0	0.0	0.0	0.0	0.0	0.0	0.0	0.0	0.0	0.0	0.0	0.0
SRR6765145	2894.0	5636.0	498.0	2864.0	623.0	0.0	337.0	961.0	222.0	1273.0	133.0	0.0	111.0	0.0	488.0	0.0	0.0	0.0	0.0	0.0	53.0	0.0	96.0	0.0	0.0	0.0	0.0	0.0	0.0	0.0	0.0	0.0	0.0	0.0	0.0
SRR6765146	3204.0	7149.0	364.0	3329.0	718.0	0.0	162.0	645.0	63.0	1043.0	87.0	0.0	118.0	96.0	454.0	0.0	0.0	14.0	0.0	0.0	35.0	0.0	0.0	0.0	0.0	0.0	0.0	0.0	0.0	0.0	0.0	0.0	0.0	0.0	0.0
SRR6765147	2765.0	6365.0	333.0	6476.0	1539.0	0.0	639.0	1702.0	71.0	671.0	123.0	0.0	0.0	35.0	133.0	181.0	0.0	0.0	0.0	0.0	0.0	0.0	0.0	0.0	0.0	0.0	0.0	0.0	0.0	0.0	0.0	0.0	0.0	0.0	0.0
SRR6765148	994.0	3750.0	42.0	4370.0	1144.0	0.0	484.0	885.0	73.0	863.0	0.0	0.0	0.0	0.0	20.0	53.0	0.0	0.0	0.0	0.0	0.0	0.0	0.0	0.0	0.0	0.0	0.0	58.0	0.0	0.0	0.0	0.0	0.0	0.0	0.0
SRR6765149	1467.0	5094.0	1189.0	1285.0	208.0	0.0	372.0	620.0	113.0	2249.0	81.0	0.0	24.0	0.0	241.0	146.0	0.0	0.0	0.0	0.0	92.0	30.0	0.0	19.0	0.0	0.0	0.0	0.0	0.0	0.0	0.0	0.0	0.0	0.0	0.0
SRR6765150	1547.0	4591.0	820.0	1434.0	384.0	0.0	514.0	684.0	45.0	2496.0	124.0	23.0	303.0	0.0	197.0	82.0	0.0	0.0	0.0	0.0	47.0	42.0	0.0	16.0	0.0	0.0	0.0	0.0	0.0	0.0	0.0	0.0	0.0	0.0	0.0
SRR6765151	3673.0	6088.0	466.0	2933.0	920.0	0.0	492.0	696.0	262.0	1909.0	205.0	0.0	135.0	78.0	458.0	139.0	0.0	0.0	0.0	0.0	44.0	0.0	74.0	0.0	0.0	0.0	0.0	0.0	0.0	0.0	0.0	0.0	0.0	0.0	0.0
SRR6765152	2745.0	6026.0	220.0	2392.0	1356.0	0.0	233.0	730.0	394.0	980.0	122.0	0.0	0.0	30.0	178.0	174.0	0.0	65.0	0.0	0.0	71.0	27.0	28.0	0.0	0.0	0.0	0.0	0.0	0.0	0.0	0.0	0.0	0.0	0.0	0.0
SRR6765153	1739.0	3542.0	240.0	1156.0	549.0	0.0	450.0	544.0	454.0	2396.0	0.0	0.0	0.0	284.0	798.0	39.0	0.0	0.0	0.0	0.0	107.0	15.0	28.0	0.0	0.0	0.0	0.0	0.0	0.0	0.0	0.0	0.0	0.0	28.0	0.0
SRR6765154	1601.0	3814.0	291.0	1039.0	223.0	0.0	517.0	380.0	232.0	2672.0	0.0	0.0	0.0	344.0	628.0	0.0	0.0	0.0	0.0	0.0	32.0	0.0	7.0	0.0	0.0	0.0	0.0	0.0	0.0	0.0	0.0	0.0	0.0	4.0	0.0
SRR6765156	3080.0	5889.0	569.0	3126.0	631.0	0.0	428.0	893.0	29.0	2296.0	43.0	0.0	124.0	33.0	91.0	36.0	0.0	23.0	0.0	0.0	0.0	0.0	94.0	0.0	0.0	0.0	0.0	0.0	0.0	0.0	0.0	0.0	0.0	0.0	0.0
SRR6765158	3731.0	7524.0	412.0	5216.0	1007.0	0.0	139.0	597.0	241.0	566.0	176.0	0.0	41.0	31.0	276.0	44.0	0.0	67.0	0.0	0.0	24.0	0.0	151.0	0.0	0.0	0.0	0.0	0.0	0.0	0.0	0.0	0.0	0.0	0.0	0.0
SRR6765160	1860.0	3317.0	334.0	1103.0	489.0	0.0	318.0	712.0	149.0	1126.0	74.0	12.0	0.0	266.0	688.0	3.0	0.0	13.0	0.0	0.0	31.0	0.0	22.0	0.0	0.0	0.0	0.0	0.0	0.0	0.0	0.0	0.0	0.0	11.0	0.0
SRR6765161	2231.0	4480.0	182.0	1280.0	337.0	0.0	980.0	1115.0	624.0	3580.0	69.0	26.0	0.0	397.0	1584.0	19.0	0.0	12.0	0.0	0.0	0.0	18.0	17.0	0.0	0.0	0.0	0.0	0.0	0.0	0.0	0.0	0.0	0.0	0.0	0.0
SRR6765162	1879.0	3605.0	557.0	1001.0	353.0	0.0	689.0	741.0	249.0	1862.0	49.0	0.0	0.0	36.0	161.0	186.0	0.0	0.0	0.0	0.0	149.0	0.0	0.0	0.0	0.0	0.0	0.0	0.0	0.0	0.0	0.0	0.0	0.0	0.0	0.0
SRR6765163	662.0	3969.0	456.0	3861.0	867.0	0.0	102.0	463.0	17.0	1437.0	29.0	0.0	0.0	0.0	74.0	128.0	0.0	0.0	0.0	0.0	0.0	44.0	0.0	0.0	0.0	0.0	0.0	0.0	0.0	0.0	0.0	0.0	0.0	0.0	0.0
SRR6765164	863.0	4513.0	259.0	4042.0	554.0	0.0	496.0	826.0	21.0	1396.0	0.0	0.0	0.0	0.0	27.0	56.0	0.0	0.0	0.0	0.0	0.0	0.0	34.0	0.0	0.0	0.0	0.0	0.0	0.0	0.0	0.0	0.0	0.0	0.0	0.0
SRR6765165	2536.0	5925.0	253.0	2934.0	631.0	0.0	369.0	1021.0	126.0	2518.0	233.0	0.0	24.0	73.0	265.0	16.0	0.0	0.0	0.0	0.0	0.0	0.0	42.0	0.0	0.0	0.0	0.0	0.0	0.0	0.0	0.0	0.0	0.0	0.0	0.0
SRR6765166	1471.0	3541.0	626.0	2860.0	348.0	0.0	302.0	217.0	39.0	1852.0	54.0	0.0	0.0	0.0	13.0	0.0	0.0	11.0	0.0	0.0	0.0	0.0	0.0	0.0	0.0	0.0	0.0	0.0	0.0	0.0	0.0	0.0	0.0	0.0	0.0
SRR6765167	2484.0	4040.0	462.0	2517.0	275.0	0.0	300.0	351.0	0.0	1252.0	0.0	0.0	0.0	0.0	154.0	9.0	0.0	12.0	0.0	0.0	36.0	0.0	86.0	0.0	0.0	0.0	0.0	0.0	0.0	0.0	0.0	0.0	0.0	0.0	0.0
SRR6765168	890.0	4562.0	215.0	2319.0	353.0	0.0	234.0	661.0	42.0	1889.0	43.0	0.0	0.0	0.0	85.0	4.0	0.0	0.0	0.0	0.0	0.0	0.0	0.0	0.0	0.0	0.0	0.0	0.0	0.0	0.0	0.0	0.0	0.0	0.0	0.0
SRR6765170	1744.0	5742.0	13.0	5250.0	745.0	0.0	202.0	444.0	168.0	645.0	0.0	0.0	0.0	0.0	0.0	50.0	0.0	0.0	0.0	0.0	0.0	0.0	43.0	0.0	0.0	0.0	0.0	0.0	0.0	0.0	0.0	0.0	0.0	0.0	0.0
SRR6765171	4067.0	8743.0	0.0	5062.0	1054.0	0.0	393.0	824.0	422.0	304.0	79.0	0.0	0.0	0.0	319.0	13.0	0.0	36.0	0.0	0.0	118.0	0.0	41.0	30.0	0.0	12.0	0.0	0.0	0.0	0.0	0.0	0.0	0.0	0.0	0.0
SRR6765172	2320.0	4979.0	183.0	2555.0	433.0	0.0	389.0	692.0	0.0	1640.0	60.0	0.0	78.0	0.0	145.0	163.0	0.0	0.0	0.0	0.0	0.0	0.0	0.0	0.0	0.0	0.0	0.0	0.0	0.0	0.0	0.0	0.0	0.0	0.0	0.0
SRR6765173	1691.0	5875.0	264.0	4390.0	814.0	0.0	319.0	783.0	0.0	1510.0	0.0	0.0	0.0	0.0	0.0	0.0	0.0	0.0	0.0	0.0	0.0	0.0	0.0	0.0	0.0	0.0	0.0	0.0	0.0	0.0	0.0	0.0	0.0	0.0	0.0
SRR6765176	2001.0	4829.0	244.0	3636.0	360.0	0.0	111.0	335.0	61.0	611.0	0.0	0.0	30.0	22.0	150.0	94.0	0.0	11.0	0.0	0.0	0.0	0.0	28.0	0.0	0.0	0.0	0.0	0.0	0.0	0.0	0.0	0.0	0.0	0.0	0.0
SRR6765177	936.0	4876.0	159.0	3716.0	609.0	0.0	257.0	821.0	8.0	515.0	0.0	0.0	0.0	0.0	28.0	145.0	0.0	0.0	0.0	0.0	19.0	0.0	0.0	0.0	0.0	0.0	0.0	0.0	0.0	0.0	0.0	0.0	0.0	0.0	0.0
SRR6765178	2480.0	4990.0	612.0	3897.0	583.0	0.0	83.0	685.0	142.0	764.0	47.0	0.0	0.0	52.0	152.0	19.0	0.0	0.0	0.0	0.0	28.0	14.0	95.0	0.0	0.0	0.0	0.0	0.0	0.0	0.0	0.0	0.0	0.0	0.0	0.0
SRR6765179	1197.0	4302.0	204.0	5543.0	408.0	0.0	242.0	749.0	91.0	629.0	42.0	0.0	0.0	0.0	14.0	50.0	0.0	0.0	0.0	0.0	0.0	0.0	29.0	0.0	0.0	0.0	0.0	0.0	0.0	0.0	0.0	0.0	0.0	0.0	0.0
SRR6765182	845.0	4531.0	176.0	3401.0	308.0	0.0	310.0	598.0	12.0	1292.0	0.0	0.0	0.0	0.0	39.0	25.0	0.0	0.0	0.0	0.0	46.0	0.0	0.0	0.0	0.0	0.0	0.0	0.0	0.0	0.0	0.0	0.0	0.0	0.0	0.0
SRR6765183	1466.0	4537.0	602.0	2387.0	326.0	0.0	357.0	598.0	32.0	2013.0	146.0	0.0	0.0	54.0	132.0	0.0	0.0	0.0	0.0	0.0	0.0	0.0	0.0	0.0	0.0	0.0	0.0	0.0	0.0	0.0	0.0	0.0	0.0	0.0	0.0
SRR6765184	1890.0	4282.0	723.0	1447.0	351.0	0.0	386.0	438.0	11.0	1068.0	155.0	0.0	0.0	0.0	137.0	0.0	0.0	16.0	0.0	0.0	128.0	6.0	38.0	0.0	0.0	0.0	0.0	0.0	0.0	0.0	0.0	0.0	0.0	0.0	0.0
SRR6765185	1512.0	4896.0	339.0	2818.0	310.0	0.0	277.0	230.0	22.0	1474.0	26.0	0.0	0.0	0.0	48.0	6.0	0.0	0.0	0.0	0.0	0.0	0.0	0.0	0.0	0.0	0.0	0.0	0.0	0.0	0.0	0.0	0.0	0.0	0.0	0.0
SRR6765186	1736.0	4413.0	164.0	2077.0	324.0	0.0	257.0	325.0	21.0	2186.0	57.0	0.0	0.0	0.0	135.0	0.0	0.0	0.0	0.0	0.0	0.0	0.0	0.0	0.0	0.0	0.0	0.0	0.0	0.0	0.0	0.0	0.0	0.0	0.0	0.0
SRR6765187	1230.0	4672.0	557.0	1092.0	105.0	0.0	184.0	871.0	0.0	2905.0	87.0	0.0	0.0	0.0	143.0	99.0	0.0	0.0	0.0	0.0	25.0	0.0	53.0	0.0	0.0	0.0	0.0	0.0	0.0	0.0	0.0	0.0	0.0	0.0	0.0
SRR6765188	2016.0	5283.0	538.0	3595.0	646.0	0.0	384.0	838.0	69.0	2807.0	0.0	28.0	25.0	0.0	299.0	14.0	0.0	0.0	0.0	0.0	29.0	0.0	0.0	0.0	0.0	0.0	0.0	0.0	0.0	0.0	0.0	0.0	0.0	0.0	0.0
SRR6765189	2002.0	3604.0	404.0	1739.0	385.0	0.0	446.0	457.0	68.0	3190.0	132.0	0.0	0.0	65.0	149.0	0.0	0.0	6.0	0.0	0.0	0.0	0.0	0.0	0.0	0.0	0.0	0.0	0.0	0.0	0.0	0.0	0.0	0.0	0.0	0.0
SRR6765190	2019.0	4052.0	1266.0	702.0	337.0	0.0	348.0	262.0	0.0	1946.0	105.0	29.0	34.0	0.0	245.0	125.0	0.0	12.0	0.0	0.0	30.0	0.0	0.0	0.0	0.0	0.0	0.0	0.0	0.0	0.0	0.0	0.0	0.0	0.0	0.0
SRR6765192	1094.0	4197.0	73.0	3086.0	483.0	0.0	98.0	418.0	0.0	531.0	0.0	0.0	0.0	0.0	20.0	24.0	0.0	0.0	0.0	0.0	0.0	0.0	0.0	0.0	0.0	0.0	0.0	0.0	0.0	0.0	0.0	0.0	0.0	0.0	0.0
SRR6765193	1907.0	4887.0	78.0	3338.0	808.0	0.0	30.0	265.0	54.0	316.0	115.0	0.0	47.0	33.0	68.0	0.0	0.0	0.0	0.0	0.0	0.0	0.0	46.0	0.0	0.0	0.0	0.0	0.0	0.0	0.0	0.0	0.0	0.0	0.0	0.0
SRR6765194	930.0	4818.0	94.0	3868.0	428.0	0.0	22.0	351.0	61.0	511.0	0.0	0.0	0.0	0.0	0.0	0.0	0.0	0.0	0.0	0.0	19.0	0.0	0.0	0.0	0.0	0.0	0.0	0.0	0.0	0.0	0.0	0.0	0.0	0.0	0.0
SRR6765198	3672.0	6128.0	222.0	2831.0	1014.0	0.0	160.0	639.0	216.0	602.0	47.0	0.0	0.0	0.0	333.0	13.0	0.0	92.0	0.0	0.0	58.0	12.0	0.0	0.0	0.0	0.0	0.0	0.0	0.0	0.0	0.0	0.0	0.0	0.0	0.0
SRR6765199	2473.0	6819.0	377.0	5201.0	1069.0	0.0	361.0	503.0	219.0	431.0	56.0	0.0	15.0	0.0	143.0	65.0	0.0	17.0	0.0	0.0	0.0	0.0	101.0	0.0	0.0	0.0	0.0	0.0	0.0	0.0	0.0	0.0	0.0	0.0	0.0
SRR6765201	2195.0	5071.0	547.0	3154.0	894.0	0.0	77.0	41.0	176.0	760.0	0.0	14.0	0.0	0.0	0.0	0.0	0.0	0.0	0.0	0.0	0.0	0.0	88.0	0.0	0.0	0.0	0.0	0.0	0.0	0.0	0.0	0.0	0.0	0.0	0.0
