#SampleID	d__Bacteria;p__Firmicutes;c__Desulfitobacteriia;o__Desulfitobacteriales	d__Bacteria;p__Verrucomicrobiota;c__Verrucomicrobiae;o__Pedosphaerales	d__Bacteria;p__Bacteroidota;c__Ignavibacteria;o__Ignavibacteriales	d__Bacteria;p__WS4;c__WS4;o__WS4	d__Bacteria;p__Actinobacteriota;c__Acidimicrobiia;o__IMCC26256	d__Bacteria;p__Patescibacteria;c__Berkelbacteria;o__Berkelbacteria	d__Bacteria;p__Proteobacteria;c__Gammaproteobacteria;o__Pseudomonadales	d__Bacteria;p__Planctomycetota;c__Planctomycetes;o__Isosphaerales	d__Bacteria;p__Methylomirabilota;c__Methylomirabilia;o__Rokubacteriales	d__Bacteria;p__Firmicutes;c__Clostridia;o__Lachnospirales	d__Bacteria;p__Chloroflexi;c__Ktedonobacteria;o__Ktedonobacterales	d__Bacteria;p__Chloroflexi;c__Chloroflexia;o__Chloroflexales	d__Bacteria;p__Chloroflexi;c__Anaerolineae;o__SBR1031	d__Bacteria;p__Myxococcota;c__Polyangia;o__Polyangiales	d__Bacteria;p__Firmicutes;c__Symbiobacteriia;o__Symbiobacteriales	d__Bacteria;p__Armatimonadota;c__uncultured;o__uncultured	d__Bacteria;p__Acidobacteriota;c__Acidobacteriae;o__Acidobacteriales	d__Bacteria;p__Chloroflexi;c__Anaerolineae;o__RBG-13-54-9	d__Bacteria;p__Chloroflexi;c__Anaerolineae;o__SJA-15	d__Bacteria;p__Acidobacteriota;c__Holophagae;o__Subgroup_7	d__Bacteria;p__Acidobacteriota;c__Vicinamibacteria;o__Vicinamibacterales	d__Bacteria;p__Firmicutes;c__Clostridia;o__Clostridiales	d__Bacteria;p__Chloroflexi;c__Anaerolineae;o__Anaerolineales	d__Bacteria;p__Proteobacteria;c__Alphaproteobacteria;o__Sphingomonadales	d__Bacteria;p__Proteobacteria;c__Gammaproteobacteria;o__Burkholderiales	d__Bacteria;p__Planctomycetota;c__Phycisphaerae;o__Tepidisphaerales	d__Bacteria;p__Proteobacteria;c__Alphaproteobacteria;o__Micropepsales	d__Bacteria;p__MBNT15;c__MBNT15;o__MBNT15	d__Bacteria;p__Chloroflexi;c__Chloroflexia;o__Thermomicrobiales	d__Bacteria;p__Verrucomicrobiota;c__Verrucomicrobiae;o__Verrucomicrobiales	d__Bacteria;p__Actinobacteriota;c__Actinobacteria;o__Micrococcales	d__Bacteria;p__Proteobacteria;c__Alphaproteobacteria;o__Elsterales	d__Bacteria;p__Zixibacteria;c__Zixibacteria;o__Zixibacteria	d__Bacteria;p__Acidobacteriota;c__Acidobacteriae;o__Bryobacterales	d__Bacteria;p__Cyanobacteria;c__Vampirivibrionia;o__Obscuribacterales	d__Bacteria;p__Proteobacteria;c__Alphaproteobacteria;o__Rhodospirillales	d__Bacteria;p__Firmicutes;c__Clostridia;o__Thermincolales	d__Bacteria;p__Planctomycetota;c__Planctomycetes;o__Planctomycetales	d__Bacteria;p__Gemmatimonadota;c__Gemmatimonadetes;o__Gemmatimonadales	d__Bacteria;p__Chloroflexi;c__JG30-KF-CM66;o__JG30-KF-CM66	d__Bacteria;p__Gemmatimonadota;c__S0134_terrestrial_group;o__S0134_terrestrial_group	d__Bacteria;p__Bacteroidota;c__Kapabacteria;o__Kapabacteriales	d__Bacteria;p__Actinobacteriota;c__Thermoleophilia;o__Gaiellales	d__Bacteria;p__Elusimicrobiota;c__Elusimicrobia;o__MVP-88	d__Bacteria;p__Planctomycetota;c__Phycisphaerae;o__Phycisphaerales	d__Bacteria;p__Patescibacteria;c__Parcubacteria;o__Candidatus_Azambacteria	d__Bacteria;p__Armatimonadota;c__Armatimonadia;o__Armatimonadales	d__Bacteria;p__Actinobacteriota;c__Actinobacteria;o__Propionibacteriales	d__Bacteria;p__Acidobacteriota;c__Acidobacteriae;o__Solibacterales	d__Bacteria;p__Myxococcota;c__Polyangia;o__Haliangiales	d__Bacteria;p__Bacteroidota;c__Bacteroidia;o__Bacteroidales	d__Bacteria;p__Chloroflexi;c__Ktedonobacteria;o__C0119	d__Bacteria;p__Verrucomicrobiota;c__Verrucomicrobiae;o__Chthoniobacterales	d__Bacteria;p__Desulfobacterota;c__Syntrophobacteria;o__Syntrophobacterales	d__Bacteria;p__Planctomycetota;c__Planctomycetes;o__Pirellulales	d__Bacteria;p__Bacteroidota;c__Bacteroidia;o__Sphingobacteriales	d__Bacteria;p__Bdellovibrionota;c__Oligoflexia;o__0319-6G20	d__Bacteria;p__Proteobacteria;c__Alphaproteobacteria;o__Tistrellales	d__Bacteria;p__Myxococcota;c__Myxococcia;o__Myxococcales	d__Bacteria;p__Bacteroidota;c__Bacteroidia;o__Cytophagales	d__Bacteria;p__Verrucomicrobiota;c__Verrucomicrobiae;o__Opitutales	d__Bacteria;p__Chloroflexi;c__TK10;o__TK10	d__Bacteria;p__Actinobacteriota;c__Actinobacteria;o__Micromonosporales	d__Bacteria;p__Proteobacteria;c__Alphaproteobacteria;o__Caulobacterales	d__Bacteria;p__Spirochaetota;c__Spirochaetia;o__Spirochaetales	d__Bacteria;p__Chloroflexi;c__Anaerolineae;o__Caldilineales	d__Bacteria;p__Bacteroidota;c__Bacteroidia;o__Chitinophagales	d__Bacteria;p__Cyanobacteria;c__Cyanobacteriia;o__Cyanobacteriales	d__Bacteria;p__Firmicutes;c__Clostridia;o__Eubacteriales	d__Bacteria;p__Actinobacteriota;c__Actinobacteria;o__Streptosporangiales	d__Bacteria;p__Proteobacteria;c__Alphaproteobacteria;o__Rhizobiales	d__Bacteria;p__Firmicutes;c__Clostridia;o__Peptostreptococcales-Tissierellales	d__Bacteria;p__Armatimonadota;c__Chthonomonadetes;o__Chthonomonadales	d__Bacteria;p__Proteobacteria;c__Alphaproteobacteria;o__Acetobacterales	d__Bacteria;p__Sumerlaeota;c__Sumerlaeia;o__Sumerlaeales	d__Bacteria;p__Deferrisomatota;c__Defferrisomatia;o__Defferrisomatales	d__Bacteria;p__Acidobacteriota;c__Subgroup_11;o__Subgroup_11	d__Bacteria;p__Desulfobacterota;c__Syntrophorhabdia;o__Syntrophorhabdales	d__Bacteria;p__Elusimicrobiota;c__Lineage_IIa;o__Lineage_IIa	d__Bacteria;p__Planctomycetota;c__Planctomycetes;o__Gemmatales	d__Bacteria;p__Actinobacteriota;c__Rubrobacteria;o__Rubrobacterales	d__Bacteria;p__Actinobacteriota;c__Actinobacteria;o__Pseudonocardiales	d__Bacteria;p__Firmicutes;c__Clostridia;o__Oscillospirales	d__Bacteria;p__Elusimicrobiota;c__Endomicrobia;o__Endomicrobiales	d__Bacteria;p__Actinobacteriota;c__Thermoleophilia;o__Solirubrobacterales	d__Bacteria;p__Myxococcota;c__Polyangia;o__Blfdi19	d__Bacteria;p__Desulfobacterota;c__Desulfobacteria;o__Desulfobacterales	d__Bacteria;p__Chloroflexi;c__KD4-96;o__KD4-96	d__Bacteria;p__Cyanobacteria;c__Cyanobacteriia;o__Leptolyngbyales	d__Bacteria;p__Cyanobacteria;c__Vampirivibrionia;o__Gastranaerophilales	d__Bacteria;p__Hydrogenedentes;c__Hydrogenedentia;o__Hydrogenedentiales	d__Bacteria;p__Bdellovibrionota;c__Bdellovibrionia;o__Bdellovibrionales	d__Bacteria;p__Actinobacteriota;c__Actinobacteria;o__Corynebacteriales	d__Bacteria;p__Myxococcota;c__Polyangia;o__Nannocystales	d__Bacteria;p__Proteobacteria;c__Gammaproteobacteria;o__Xanthomonadales	d__Bacteria;p__Planctomycetota;c__BD7-11;o__BD7-11	d__Bacteria;p__Firmicutes;c__Limnochordia;o__Limnochordia	d__Bacteria;p__Firmicutes;c__Negativicutes;o__Veillonellales-Selenomonadales	d__Bacteria;p__Fibrobacterota;c__Fibrobacteria;o__Fibrobacterales	d__Bacteria;p__Gemmatimonadota;c__Longimicrobia;o__Longimicrobiales	d__Bacteria;p__Desulfobacterota;c__Syntrophia;o__Syntrophales	d__Bacteria;p__Chloroflexi;c__Anaerolineae;o__Ardenticatenales	d__Bacteria;p__Firmicutes;c__Clostridia;o__Clostridia	d__Bacteria;p__Planctomycetota;c__vadinHA49;o__vadinHA49	d__Bacteria;p__Proteobacteria;c__Alphaproteobacteria;o__Rhodobacterales	d__Bacteria;p__Planctomycetota;c__Phycisphaerae;o__MSBL9	d__Bacteria;p__Abditibacteriota;c__Abditibacteria;o__Abditibacteriales	d__Bacteria;p__Verrucomicrobiota;c__Omnitrophia;o__Omnitrophales	d__Bacteria;p__Firmicutes;c__Firmicutes;o__Firmicutes	d__Bacteria;p__Proteobacteria;c__Gammaproteobacteria;o__Enterobacterales	d__Bacteria;p__Cyanobacteria;c__Vampirivibrionia;o__Vampirovibrionales	d__Bacteria;p__Actinobacteriota;c__Acidimicrobiia;o__Microtrichales	d__Bacteria;p__Desulfobacterota;c__Desulfobulbia;o__Desulfobulbales	d__Bacteria;p__Patescibacteria;c__Parcubacteria;o__Candidatus_Moranbacteria	d__Bacteria;p__Sva0485;c__Sva0485;o__Sva0485	d__Bacteria;p__Acidobacteriota;c__Thermoanaerobaculia;o__Thermoanaerobaculales	d__Bacteria;p__Proteobacteria;c__Alphaproteobacteria;o__Rickettsiales	d__Bacteria;p__Patescibacteria;c__Saccharimonadia;o__Saccharimonadales	d__Bacteria;p__Patescibacteria;c__ABY1;o__Candidatus_Falkowbacteria	d__Bacteria;p__Acidobacteriota;c__Holophagae;o__Holophagales	d__Bacteria;p__Latescibacterota;c__Latescibacterota;o__Latescibacterota	d__Bacteria;p__Planctomycetota;c__Planctomycetes;o__uncultured	d__Bacteria;p__Nitrospirota;c__Thermodesulfovibrionia;o__uncultured	d__Bacteria;p__Desulfobacterota;c__Desulfuromonadia;o__Geobacterales	d__Bacteria;p__Desulfobacterota;c__Desulfarculia;o__Desulfarculales	d__Bacteria;p__Firmicutes;c__Bacilli;o__Bacillales	d__Bacteria;p__Acidobacteriota;c__Subgroup_21;o__Subgroup_21	d__Bacteria;p__Firmicutes;c__uncultured;o__uncultured	d__Bacteria;p__Firmicutes;c__Clostridia;o__Christensenellales	d__Bacteria;p__Cyanobacteria;c__Sericytochromatia;o__Sericytochromatia	d__Bacteria;p__Actinobacteriota;c__Actinobacteria;o__Streptomycetales	d__Bacteria;p__Firmicutes;c__Bacilli;o__Paenibacillales	d__Bacteria;p__Firmicutes;c__Desulfotomaculia;o__Desulfotomaculales	d__Bacteria;p__Actinobacteriota;c__MB-A2-108;o__MB-A2-108	d__Bacteria;p__Proteobacteria;c__Gammaproteobacteria;o__CCD24	d__Bacteria;p__Proteobacteria;c__Alphaproteobacteria;o__Defluviicoccales	d__Bacteria;p__Proteobacteria;c__Alphaproteobacteria;o__Azospirillales	d__Bacteria;p__Entotheonellaeota;c__Entotheonellia;o__Entotheonellales	d__Bacteria;p__Acidobacteriota;c__Acidobacteriae;o__AKIW659	d__Bacteria;p__Proteobacteria;c__Alphaproteobacteria;o__Reyranellales	d__Bacteria;p__Bdellovibrionota;c__Bdellovibrionia;o__Bacteriovoracales	d__Bacteria;p__Acidobacteriota;c__Subgroup_18;o__Subgroup_18	d__Bacteria;p__Armatimonadota;c__DG-56;o__DG-56	d__Bacteria;p__Elusimicrobiota;c__Elusimicrobia;o__Lineage_IV	d__Bacteria;p__Acidobacteriota;c__Vicinamibacteria;o__Subgroup_17	d__Bacteria;p__Myxococcota;c__Polyangia;o__mle1-27	d__Bacteria;p__Proteobacteria;c__Gammaproteobacteria;o__Coxiellales	d__Bacteria;p__Deinococcota;c__Deinococci;o__Deinococcales	d__Bacteria;p__Patescibacteria;c__Parcubacteria;o__Parcubacteria	d__Bacteria;p__Actinobacteriota;c__Coriobacteriia;o__OPB41	d__Bacteria;p__Firmicutes;c__Bacilli;o__Thermoactinomycetales	d__Bacteria;p__WS1;c__WS1;o__WS1	d__Bacteria;p__Spirochaetota;c__Leptospirae;o__Leptospirales	d__Bacteria;p__Bdellovibrionota;c__Oligoflexia;o__Oligoflexales	d__Bacteria;p__Proteobacteria;c__Gammaproteobacteria;o__Methylococcales	d__Bacteria;p__Acidobacteriota;c__Blastocatellia;o__Pyrinomonadales	d__Bacteria;p__Proteobacteria;c__Gammaproteobacteria;o__Gammaproteobacteria_Incertae_Sedis	d__Bacteria;p__Chloroflexi;c__SHA-26;o__SHA-26	d__Bacteria;p__Patescibacteria;c__CPR2;o__CPR2	d__Bacteria;p__Proteobacteria;c__Gammaproteobacteria;o__Diplorickettsiales	d__Bacteria;p__Armatimonadota;c__Fimbriimonadia;o__Fimbriimonadales	d__Bacteria;p__Elusimicrobiota;c__Lineage_IIb;o__Lineage_IIb	d__Bacteria;p__Proteobacteria;c__Gammaproteobacteria;o__Legionellales	d__Bacteria;p__Planctomycetota;c__Pla4_lineage;o__Pla4_lineage	d__Bacteria;p__Acidobacteriota;c__Acidobacteriae;o__Subgroup_12	d__Bacteria;p__Chloroflexi;c__Gitt-GS-136;o__Gitt-GS-136	d__Bacteria;p__Fibrobacterota;c__Chitinivibrionia;o__uncultured	d__Bacteria;p__Chloroflexi;c__OLB14;o__OLB14	d__Bacteria;p__Chloroflexi;c__Dehalococcoidia;o__Dehalococcoidales	d__Bacteria;p__Bacteroidota;c__Bacteroidia;o__Flavobacteriales	d__Bacteria;p__Patescibacteria;c__ABY1;o__Candidatus_Magasanikbacteria	d__Bacteria;p__Actinobacteriota;c__Acidimicrobiia;o__uncultured	d__Bacteria;p__Actinobacteriota;c__Actinobacteria;o__Frankiales	d__Bacteria;p__Firmicutes;c__Bacilli;o__Alicyclobacillales	d__Bacteria;p__Acidobacteriota;c__Subgroup_25;o__Subgroup_25	d__Bacteria;p__Actinobacteriota;c__Actinobacteria;o__Kineosporiales	d__Bacteria;p__Planctomycetota;c__Phycisphaerae;o__Pla1_lineage	d__Bacteria;p__Acidobacteriota;c__Blastocatellia;o__Blastocatellales	d__Bacteria;p__Margulisbacteria;c__Margulisbacteria;o__Margulisbacteria	d__Bacteria;p__Proteobacteria;c__Alphaproteobacteria;o__Ferrovibrionales	d__Bacteria;p__Acidobacteriota;c__Acidobacteriae;o__Acidobacteriae	d__Bacteria;p__Nitrospirota;c__Nitrospiria;o__Nitrospirales	d__Bacteria;p__Elusimicrobiota;c__Lineage_IIc;o__Lineage_IIc	d__Bacteria;p__Proteobacteria;c__Alphaproteobacteria;o__uncultured	d__Bacteria;p__Acidobacteriota;c__Blastocatellia;o__11-24	d__Bacteria;p__Firmicutes;c__Clostridia;o__Peptococcales	d__Bacteria;p__Bacteroidota;c__Kryptonia;o__Kryptoniales	d__Bacteria;p__Proteobacteria;c__Alphaproteobacteria;o__Dongiales	d__Bacteria;p__Acidobacteriota;c__Subgroup_5;o__Subgroup_5	d__Bacteria;p__Dependentiae;c__Babeliae;o__Babeliales	d__Bacteria;p__Proteobacteria;c__Gammaproteobacteria;o__Salinisphaerales	d__Bacteria;p__Patescibacteria;c__Gracilibacteria;o__Gracilibacteria	d__Bacteria;p__Latescibacterota;c__Latescibacteria;o__Latescibacterales	d__Bacteria;p__Firmicutes;c__Negativicutes;o__uncultured	d__Bacteria;p__Myxococcota;c__Polyangia;o__VHS-B3-70	d__Bacteria;p__Proteobacteria;c__Gammaproteobacteria;o__Steroidobacterales	d__Bacteria;p__Proteobacteria;c__Gammaproteobacteria;o__R7C24	d__Bacteria;p__Desulfobacterota;c__Desulfovibrionia;o__Desulfovibrionales	d__Bacteria;p__Elusimicrobiota;c__Rs-M47;o__Rs-M47	d__Bacteria;p__Bacteroidota;c__Ignavibacteria;o__SJA-28	d__Bacteria;p__FCPU426;c__FCPU426;o__FCPU426	d__Bacteria;p__Cyanobacteria;c__Cyanobacteriia;o__Synechococcales	d__Bacteria;p__Methylomirabilota;c__Methylomirabilia;o__Methylomirabilales	d__Bacteria;p__Acidobacteriota;c__Blastocatellia;o__DS-100	d__Bacteria;p__Acidobacteriota;c__Subgroup_22;o__Subgroup_22	d__Bacteria;p__Patescibacteria;c__Microgenomatia;o__Candidatus_Amesbacteria	d__Bacteria;p__Proteobacteria;c__Alphaproteobacteria;o__Micavibrionales	d__Bacteria;p__Chloroflexi;c__Chloroflexia;o__Kallotenuales	d__Bacteria;p__SAR324_clade(Marine_group_B);c__SAR324_clade(Marine_group_B);o__SAR324_clade(Marine_group_B)	d__Bacteria;p__Patescibacteria;c__ABY1;o__Candidatus_Kuenenbacteria	d__Bacteria;p__Bdellovibrionota;c__Oligoflexia;o__Silvanigrellales	d__Bacteria;p__Desulfobacterota;c__uncultured;o__uncultured	d__Bacteria;p__Desulfobacterota;c__Desulfobacteria;o__Desulfatiglandales	d__Bacteria;p__Proteobacteria;c__Alphaproteobacteria;o__Holosporales	d__Bacteria;p__Gemmatimonadota;c__BD2-11_terrestrial_group;o__BD2-11_terrestrial_group	d__Bacteria;p__Patescibacteria;c__ABY1;o__Candidatus_Kerfeldbacteria	d__Bacteria;p__Myxococcota;c__Polyangia;o__UASB-TL25	d__Bacteria;p__Actinobacteriota;c__Actinobacteria;o__Catenulisporales	d__Bacteria;p__Sumerlaeota;c__Sumerlaeia;o__uncultured	d__Bacteria;p__Planctomycetota;c__OM190;o__OM190	d__Bacteria;p__Modulibacteria;c__Moduliflexia;o__Moduliflexales	d__Bacteria;p__Nitrospirota;c__4-29-1;o__4-29-1	d__Bacteria;p__Verrucomicrobiota;c__Verrucomicrobiae;o__S-BQ2-57_soil_group	d__Bacteria;p__Proteobacteria;c__Alphaproteobacteria;o__Paracaedibacterales	d__Bacteria;p__Bacteroidota;c__Rhodothermia;o__Rhodothermales	d__Bacteria;p__Proteobacteria;c__Alphaproteobacteria;o__Sneathiellales	d__Bacteria;p__Campylobacterota;c__Campylobacteria;o__Campylobacterales	d__Bacteria;p__WOR-1;c__WOR-1;o__WOR-1	d__Bacteria;p__Proteobacteria;c__Gammaproteobacteria;o__WD260	d__Bacteria;p__Myxococcota;c__bacteriap25;o__bacteriap25	d__Bacteria;p__WPS-2;c__WPS-2;o__WPS-2	d__Bacteria;p__Proteobacteria;c__Gammaproteobacteria;o__Ga0077536	d__Bacteria;p__Patescibacteria;c__Parcubacteria;o__Candidatus_Zambryskibacteria	d__Bacteria;p__Proteobacteria;c__Gammaproteobacteria;o__CCM19a	d__Bacteria;p__Acidobacteriota;c__Acidobacteriae;o__Elev-16S-1166	d__Bacteria;p__Verrucomicrobiota;c__Chlamydiae;o__Chlamydiales	d__Bacteria;p__Firmicutes;c__Limnochordia;o__Limnochordales	d__Bacteria;p__Proteobacteria;c__Alphaproteobacteria;o__Thalassobaculales	d__Bacteria;p__Actinobacteriota;c__Thermoleophilia;o__uncultured	d__Bacteria;p__Myxococcota;c__Polyangia;o__PS-B29	d__Bacteria;p__Chloroflexi;c__Ktedonobacteria;o__B12-WMSP1	d__Bacteria;p__Patescibacteria;c__Gracilibacteria;o__Absconditabacteriales_(SR1)	d__Bacteria;p__Patescibacteria;c__Microgenomatia;o__Candidatus_Woesebacteria	d__Bacteria;p__Acidobacteriota;c__Acidobacteriae;o__Subgroup_13	d__Bacteria;p__Patescibacteria;c__Parcubacteria;o__Candidatus_Jorgensenbacteria	d__Bacteria;p__Cloacimonadota;c__Cloacimonadia;o__Cloacimonadales	d__Bacteria;p__LCP-89;c__LCP-89;o__LCP-89	d__Bacteria;p__Desulfobacterota;c__Desulfuromonadia;o__PB19	d__Bacteria;p__Firmicutes;c__Syntrophomonadia;o__Syntrophomonadales	d__Bacteria;p__TX1A-33;c__TX1A-33;o__TX1A-33	d__Bacteria;p__Cyanobacteria;c__Cyanobacteriia;o__Phormidesmiales	d__Bacteria;p__WS2;c__WS2;o__WS2	d__Bacteria;p__Patescibacteria;c__ABY1;o__Candidatus_Uhrbacteria	d__Bacteria;p__Proteobacteria;c__Gammaproteobacteria;o__Acidiferrobacterales	d__Bacteria;p__Verrucomicrobiota;c__Kiritimatiellae;o__WCHB1-41	d__Bacteria;p__Planctomycetota;c__Pla3_lineage;o__Pla3_lineage	d__Bacteria;p__Chloroflexi;c__Dehalococcoidia;o__S085	d__Bacteria;p__DTB120;c__DTB120;o__DTB120	d__Bacteria;p__Firmicutes;c__Bacilli;o__RF39	d__Bacteria;p__Chloroflexi;c__AD3;o__AD3	d__Bacteria;p__FW113;c__FW113;o__FW113	d__Bacteria;p__Myxococcota;c__Polyangia;o__MSB-4B10	d__Bacteria;p__Firmicutes;c__Bacilli;o__Brevibacillales	d__Bacteria;p__Firmicutes;c__Moorellia;o__NRB23	d__Bacteria;p__NB1-j;c__NB1-j;o__NB1-j	d__Bacteria;p__Patescibacteria;c__Gracilibacteria;o__Candidatus_Peribacteria	d__Bacteria;p__Firmicutes;c__D8A-2;o__D8A-2	d__Bacteria;p__Proteobacteria;c__Gammaproteobacteria;o__uncultured	d__Bacteria;p__Desulfobacterota;c__Desulfuromonadia;o__Desulfuromonadales	d__Bacteria;p__Planctomycetota;c__Phycisphaerae;o__mle1-8	d__Bacteria;p__Chloroflexi;c__Anaerolineae;o__Anaerolineae	d__Bacteria;p__Patescibacteria;c__Parcubacteria;o__Candidatus_Yanofskybacteria	d__Bacteria;p__Cyanobacteria;c__Cyanobacteriia;o__Oxyphotobacteria_Incertae_Sedis	d__Bacteria;p__Patescibacteria;c__Parcubacteria;o__Candidatus_Kaiserbacteria	d__Bacteria;p__Patescibacteria;c__Gracilibacteria;o__Candidatus_Peregrinibacteria	d__Bacteria;p__Proteobacteria;c__Gammaproteobacteria;o__Nitrosococcales	d__Bacteria;p__Acidobacteriota;c__Blastocatellia;o__Elev-16S-573	d__Bacteria;p__Patescibacteria;c__Parcubacteria;o__Candidatus_Nomurabacteria	d__Bacteria;p__Cyanobacteria;c__Cyanobacteriia;o__Limnotrichales	d__Bacteria;p__Desulfobacterota;c__Desulfuromonadia;o__Bradymonadales	d__Bacteria;p__Proteobacteria;c__Gammaproteobacteria;o__PLTA13	d__Bacteria;p__Bacteroidota;c__Bacteroidia;o__SM1A07	d__Bacteria;p__Firmicutes;c__Moorellia;o__Desulfitibacterales	d__Bacteria;p__Chloroflexi;c__Anaerolineae;o__ADurb.Bin180	d__Bacteria;p__Verrucomicrobiota;c__Chlamydiae;o__LD1-PA32	d__Bacteria;p__Proteobacteria;c__Gammaproteobacteria;o__EC3	d__Bacteria;p__Patescibacteria;c__Gracilibacteria;o__JGI_0000069-P22	d__Bacteria;p__Actinobacteriota;c__Actinobacteria;o__FFCH16263	d__Bacteria;p__Actinobacteriota;c__Actinobacteria;o__Euzebyales	d__Bacteria;p__Actinobacteriota;c__Coriobacteriia;o__CG2-30-50-142	d__Bacteria;p__Actinobacteriota;c__Actinobacteria;o__Glycomycetales	d__Bacteria;p__Proteobacteria;c__Alphaproteobacteria;o__Zavarziniales	d__Bacteria;p__Verrucomicrobiota;c__Verrucomicrobiae;o__Methylacidiphilales	d__Bacteria;p__Chloroflexi;c__Dehalococcoidia;o__vadinBA26	d__Bacteria;p__Patescibacteria;c__ABY1;o__Candidatus_Komeilibacteria	d__Bacteria;p__Proteobacteria;c__Alphaproteobacteria;o__Puniceispirillales	d__Bacteria;p__Firmicutes;c__Bacilli;o__Entomoplasmatales	d__Bacteria;p__Proteobacteria;c__Alphaproteobacteria;o__Caedibacterales	d__Bacteria;p__Planctomycetota;c__Phycisphaerae;o__S-70	d__Bacteria;p__Chloroflexi;c__Dehalococcoidia;o__FW22	d__Bacteria;p__Patescibacteria;c__Parcubacteria;o__Candidatus_Vogelbacteria	d__Bacteria;p__Verrucomicrobiota;c__Lentisphaeria;o__Oligosphaerales	d__Bacteria;p__Proteobacteria;c__Alphaproteobacteria;o__Kiloniellales	d__Bacteria;p__Proteobacteria;c__Gammaproteobacteria;o__eub62A3	d__Bacteria;p__Patescibacteria;c__WWE3;o__WWE3	d__Bacteria;p__Proteobacteria;c__Gammaproteobacteria;o__Ectothiorhodospirales	d__Bacteria;p__Acidobacteriota;c__Aminicenantia;o__Aminicenantales	d__Bacteria;p__Spirochaetota;c__Brevinematia;o__Brevinematales	d__Bacteria;p__Patescibacteria;c__Microgenomatia;o__Microgenomatia	d__Bacteria;p__Firmicutes;c__Bacilli;o__Haloplasmatales	d__Bacteria;p__Verrucomicrobiota;c__Verrucomicrobiae;o__B29	d__Bacteria;p__Spirochaetota;c__V2072-189E03;o__V2072-189E03	d__Bacteria;p__Chloroflexi;c__Ktedonobacteria;o__MVP-21	d__Bacteria;p__Firmicutes;c__Clostridia;o__uncultured	d__Bacteria;p__Actinobacteriota;c__WCHB1-81;o__WCHB1-81	d__Bacteria;p__Firmicutes;c__Bacilli;o__Exiguobacterales	d__Bacteria;p__GAL15;c__GAL15;o__GAL15	d__Bacteria;p__Chloroflexi;c__P2-11E;o__P2-11E	d__Bacteria;p__Firmicutes;c__Bacilli;o__Staphylococcales	d__Bacteria;p__Proteobacteria;c__Gammaproteobacteria;o__KF-JG30-C25	d__Bacteria;p__Actinobacteriota;c__Actinobacteria;o__0319-7L14	d__Bacteria;p__Proteobacteria;c__Alphaproteobacteria;o__Parvibaculales	d__Bacteria;p__Bdellovibrionota;c__Oligoflexia;o__053A03-B-DI-P58	d__Bacteria;p__Actinobacteriota;c__Actinobacteria;o__PeM15	d__Bacteria;p__Patescibacteria;c__Parcubacteria;o__Candidatus_Wolfebacteria	d__Bacteria;p__CK-2C2-2;c__CK-2C2-2;o__CK-2C2-2	d__Bacteria;p__Proteobacteria;c__Gammaproteobacteria;o__1013-28-CG33	d__Bacteria;p__Nitrospinota;c__P9X2b3D02;o__P9X2b3D02	d__Bacteria;p__RCP2-54;c__RCP2-54;o__RCP2-54	d__Bacteria;p__Desulfobacterota;c__Desulfomonilia;o__Desulfomonilales	d__Bacteria;p__Chloroflexi;c__NLS2-31;o__NLS2-31	d__Bacteria;p__Patescibacteria;c__ABY1;o__Candidatus_Buchananbacteria
SRR5532616	18.0	901.0	6.0	33.0	41.0	0.0	4.0	200.0	0.0	6.0	1231.0	38.0	968.0	601.0	6.0	142.0	4580.0	418.0	95.0	1537.0	1589.0	31.0	715.0	138.0	3373.0	538.0	371.0	0.0	39.0	20.0	151.0	309.0	4.0	540.0	71.0	149.0	2.0	75.0	703.0	29.0	840.0	16.0	492.0	0.0	44.0	0.0	0.0	66.0	599.0	440.0	82.0	70.0	31.0	61.0	64.0	65.0	91.0	0.0	2351.0	71.0	104.0	344.0	759.0	1045.0	6.0	12.0	98.0	49.0	0.0	36.0	725.0	0.0	157.0	254.0	28.0	6.0	6.0	36.0	18.0	118.0	0.0	118.0	33.0	5.0	216.0	0.0	0.0	804.0	18.0	8.0	0.0	31.0	46.0	0.0	222.0	33.0	35.0	13.0	3.0	0.0	22.0	0.0	2.0	15.0	0.0	10.0	0.0	9.0	0.0	3.0	2.0	52.0	16.0	0.0	4.0	6.0	64.0	21.0	0.0	4.0	68.0	0.0	5.0	174.0	0.0	67.0	0.0	0.0	0.0	20.0	46.0	16.0	0.0	10.0	0.0	0.0	16.0	0.0	18.0	45.0	0.0	88.0	36.0	20.0	449.0	40.0	0.0	0.0	0.0	10.0	0.0	0.0	0.0	15.0	30.0	0.0	449.0	0.0	0.0	34.0	29.0	2.0	0.0	15.0	23.0	0.0	0.0	17.0	0.0	0.0	0.0	86.0	1333.0	0.0	0.0	345.0	0.0	9.0	0.0	0.0	0.0	51.0	2.0	138.0	13.0	0.0	48.0	0.0	0.0	42.0	155.0	0.0	0.0	0.0	28.0	12.0	0.0	20.0	0.0	0.0	0.0	0.0	15.0	32.0	0.0	0.0	0.0	0.0	0.0	0.0	0.0	0.0	0.0	0.0	0.0	0.0	0.0	235.0	0.0	0.0	0.0	24.0	0.0	9.0	0.0	0.0	0.0	0.0	0.0	0.0	70.0	32.0	0.0	0.0	0.0	0.0	0.0	0.0	0.0	0.0	0.0	0.0	0.0	0.0	0.0	0.0	0.0	0.0	0.0	3.0	0.0	0.0	0.0	0.0	3.0	20.0	0.0	0.0	0.0	23.0	0.0	0.0	0.0	0.0	0.0	0.0	0.0	0.0	0.0	0.0	0.0	0.0	0.0	0.0	0.0	0.0	0.0	0.0	0.0	0.0	0.0	0.0	0.0	0.0	0.0	0.0	0.0	0.0	0.0	0.0	0.0	0.0	0.0	0.0	0.0	0.0	0.0	0.0	0.0	0.0	0.0	0.0	0.0	0.0	0.0	0.0	0.0	0.0	4.0	0.0	0.0	0.0	0.0	0.0	0.0	0.0	0.0	0.0	0.0	0.0	0.0	0.0	0.0	0.0	0.0	0.0	0.0	0.0	0.0	0.0	0.0	0.0
SRR5532617	0.0	322.0	32.0	14.0	31.0	10.0	16.0	159.0	84.0	4.0	1.0	362.0	624.0	831.0	0.0	206.0	1127.0	63.0	116.0	1030.0	3691.0	18.0	860.0	534.0	4016.0	1714.0	100.0	0.0	414.0	8.0	220.0	97.0	1.0	437.0	1.0	34.0	0.0	28.0	3994.0	25.0	576.0	0.0	415.0	8.0	25.0	0.0	2.0	229.0	274.0	512.0	69.0	378.0	200.0	26.0	97.0	119.0	119.0	11.0	1801.0	44.0	84.0	323.0	1237.0	435.0	47.0	51.0	152.0	16.0	0.0	34.0	564.0	0.0	173.0	92.0	11.0	0.0	0.0	45.0	0.0	197.0	18.0	137.0	13.0	0.0	628.0	24.0	1.0	595.0	0.0	4.0	32.0	96.0	48.0	22.0	181.0	67.0	96.0	26.0	6.0	30.0	9.0	51.0	0.0	0.0	0.0	23.0	0.0	2.0	23.0	18.0	0.0	55.0	0.0	0.0	0.0	14.0	43.0	0.0	0.0	6.0	15.0	0.0	0.0	68.0	0.0	113.0	37.0	0.0	24.0	22.0	159.0	5.0	0.0	99.0	35.0	0.0	457.0	0.0	0.0	14.0	0.0	66.0	8.0	1.0	246.0	27.0	0.0	6.0	0.0	16.0	5.0	0.0	0.0	6.0	11.0	295.0	85.0	0.0	5.0	0.0	24.0	0.0	0.0	7.0	0.0	51.0	0.0	19.0	0.0	0.0	0.0	119.0	253.0	0.0	0.0	66.0	10.0	409.0	0.0	0.0	56.0	85.0	1.0	18.0	105.0	0.0	8.0	54.0	0.0	11.0	0.0	0.0	6.0	0.0	0.0	96.0	48.0	17.0	0.0	8.0	1.0	0.0	0.0	79.0	1.0	0.0	0.0	0.0	0.0	0.0	0.0	21.0	0.0	0.0	6.0	0.0	0.0	0.0	0.0	0.0	0.0	38.0	0.0	0.0	0.0	0.0	0.0	0.0	0.0	0.0	0.0	0.0	0.0	0.0	0.0	0.0	0.0	0.0	0.0	0.0	0.0	0.0	0.0	0.0	0.0	6.0	0.0	0.0	0.0	9.0	0.0	0.0	0.0	0.0	0.0	0.0	16.0	0.0	0.0	0.0	0.0	17.0	0.0	0.0	14.0	0.0	0.0	0.0	0.0	3.0	0.0	0.0	0.0	0.0	0.0	0.0	0.0	0.0	0.0	0.0	0.0	4.0	0.0	0.0	0.0	0.0	0.0	0.0	0.0	0.0	0.0	0.0	0.0	0.0	0.0	0.0	0.0	0.0	0.0	0.0	0.0	0.0	0.0	0.0	0.0	0.0	0.0	0.0	0.0	0.0	0.0	0.0	0.0	0.0	0.0	0.0	0.0	0.0	0.0	0.0	0.0	0.0	0.0	0.0	0.0	0.0	0.0	0.0	0.0	0.0	0.0	0.0
SRR5532618	2.0	415.0	29.0	1.0	10.0	9.0	0.0	110.0	119.0	0.0	2.0	317.0	1095.0	369.0	13.0	175.0	977.0	60.0	88.0	1384.0	3473.0	19.0	419.0	499.0	5178.0	1076.0	15.0	2.0	1078.0	2.0	189.0	93.0	12.0	528.0	0.0	0.0	0.0	8.0	4557.0	19.0	463.0	10.0	223.0	13.0	57.0	5.0	9.0	138.0	266.0	355.0	94.0	91.0	36.0	32.0	27.0	188.0	109.0	57.0	974.0	74.0	65.0	420.0	359.0	246.0	20.0	29.0	323.0	61.0	0.0	11.0	345.0	0.0	79.0	77.0	4.0	28.0	0.0	0.0	6.0	83.0	114.0	149.0	0.0	0.0	472.0	32.0	4.0	440.0	0.0	0.0	30.0	37.0	49.0	18.0	191.0	9.0	14.0	0.0	5.0	234.0	0.0	21.0	0.0	25.0	37.0	11.0	0.0	27.0	0.0	9.0	26.0	47.0	10.0	0.0	0.0	154.0	22.0	2.0	0.0	5.0	59.0	0.0	71.0	75.0	0.0	70.0	41.0	0.0	0.0	17.0	31.0	0.0	0.0	121.0	0.0	6.0	350.0	7.0	0.0	9.0	3.0	15.0	13.0	11.0	301.0	47.0	0.0	9.0	10.0	12.0	0.0	0.0	0.0	13.0	0.0	731.0	45.0	0.0	3.0	9.0	41.0	15.0	0.0	40.0	4.0	3.0	2.0	30.0	0.0	8.0	0.0	18.0	341.0	0.0	5.0	3.0	4.0	578.0	0.0	0.0	0.0	186.0	18.0	9.0	29.0	0.0	6.0	17.0	0.0	0.0	0.0	0.0	0.0	0.0	0.0	116.0	4.0	4.0	0.0	0.0	0.0	0.0	1.0	99.0	17.0	2.0	0.0	0.0	0.0	0.0	0.0	11.0	0.0	0.0	8.0	2.0	0.0	0.0	0.0	10.0	0.0	107.0	0.0	3.0	25.0	2.0	0.0	0.0	0.0	0.0	0.0	0.0	0.0	0.0	0.0	0.0	0.0	0.0	9.0	0.0	0.0	0.0	2.0	0.0	0.0	0.0	0.0	0.0	0.0	14.0	0.0	0.0	0.0	0.0	0.0	0.0	0.0	34.0	0.0	0.0	0.0	0.0	0.0	0.0	0.0	0.0	0.0	0.0	0.0	0.0	0.0	0.0	0.0	0.0	0.0	0.0	0.0	0.0	0.0	0.0	0.0	4.0	0.0	0.0	0.0	0.0	0.0	0.0	0.0	0.0	0.0	0.0	0.0	0.0	0.0	0.0	0.0	0.0	9.0	0.0	0.0	0.0	0.0	0.0	0.0	0.0	0.0	0.0	0.0	0.0	0.0	0.0	0.0	0.0	0.0	0.0	0.0	0.0	0.0	0.0	0.0	0.0	0.0	0.0	0.0	0.0	0.0	0.0	0.0	0.0	0.0	0.0
SRR5532619	0.0	463.0	87.0	1.0	13.0	15.0	26.0	13.0	81.0	34.0	258.0	4.0	1592.0	559.0	435.0	243.0	1540.0	394.0	8.0	650.0	2933.0	12.0	1209.0	14.0	4876.0	972.0	411.0	0.0	0.0	57.0	1185.0	9.0	0.0	318.0	20.0	161.0	107.0	0.0	719.0	0.0	379.0	62.0	137.0	8.0	63.0	0.0	0.0	20.0	434.0	278.0	464.0	4.0	7.0	132.0	41.0	68.0	16.0	0.0	3241.0	13.0	220.0	163.0	306.0	183.0	195.0	6.0	118.0	64.0	0.0	0.0	263.0	7.0	250.0	35.0	79.0	20.0	63.0	157.0	8.0	160.0	0.0	49.0	137.0	32.0	80.0	0.0	10.0	732.0	0.0	158.0	42.0	0.0	188.0	0.0	181.0	0.0	236.0	1091.0	1.0	48.0	18.0	18.0	0.0	0.0	0.0	35.0	0.0	27.0	0.0	404.0	0.0	0.0	15.0	0.0	0.0	7.0	0.0	0.0	5.0	41.0	129.0	0.0	209.0	533.0	0.0	83.0	26.0	0.0	42.0	91.0	0.0	9.0	0.0	102.0	0.0	0.0	585.0	0.0	33.0	0.0	0.0	126.0	25.0	0.0	941.0	28.0	5.0	58.0	10.0	135.0	0.0	1.0	0.0	0.0	206.0	150.0	20.0	8.0	144.0	74.0	9.0	0.0	0.0	0.0	17.0	0.0	10.0	0.0	22.0	153.0	0.0	0.0	236.0	4.0	9.0	111.0	8.0	263.0	8.0	0.0	0.0	3.0	0.0	11.0	0.0	0.0	36.0	0.0	0.0	40.0	0.0	0.0	0.0	19.0	9.0	0.0	30.0	74.0	0.0	3.0	7.0	0.0	46.0	125.0	101.0	0.0	0.0	0.0	7.0	0.0	0.0	0.0	0.0	0.0	0.0	0.0	6.0	26.0	0.0	0.0	24.0	99.0	0.0	0.0	45.0	0.0	397.0	0.0	0.0	0.0	5.0	0.0	0.0	0.0	0.0	0.0	0.0	0.0	0.0	0.0	0.0	0.0	0.0	0.0	0.0	16.0	0.0	0.0	0.0	0.0	0.0	0.0	0.0	0.0	6.0	0.0	0.0	0.0	0.0	0.0	0.0	0.0	0.0	0.0	0.0	0.0	0.0	0.0	0.0	0.0	0.0	0.0	0.0	0.0	0.0	0.0	0.0	0.0	0.0	0.0	0.0	0.0	0.0	11.0	0.0	0.0	0.0	0.0	0.0	0.0	0.0	0.0	0.0	4.0	0.0	0.0	0.0	0.0	0.0	0.0	0.0	0.0	0.0	0.0	0.0	0.0	3.0	0.0	0.0	0.0	8.0	0.0	0.0	0.0	0.0	0.0	0.0	11.0	16.0	0.0	0.0	0.0	0.0	0.0	0.0	0.0	0.0	0.0	0.0	0.0	0.0	0.0
SRR5532620	0.0	414.0	47.0	14.0	5.0	5.0	39.0	58.0	63.0	2.0	0.0	191.0	856.0	135.0	611.0	111.0	348.0	58.0	31.0	566.0	1931.0	15.0	505.0	881.0	2524.0	865.0	0.0	0.0	339.0	173.0	117.0	31.0	32.0	263.0	267.0	22.0	19.0	43.0	2171.0	40.0	301.0	916.0	87.0	3.0	116.0	5.0	89.0	48.0	131.0	205.0	160.0	58.0	65.0	55.0	36.0	181.0	26.0	22.0	707.0	249.0	242.0	141.0	232.0	325.0	10.0	30.0	579.0	3847.0	0.0	0.0	308.0	0.0	60.0	79.0	43.0	20.0	0.0	1.0	9.0	28.0	63.0	58.0	12.0	0.0	238.0	0.0	11.0	241.0	34.0	0.0	63.0	61.0	32.0	223.0	374.0	20.0	72.0	18.0	25.0	164.0	17.0	27.0	8.0	123.0	246.0	8.0	2.0	37.0	0.0	37.0	10.0	32.0	14.0	0.0	0.0	77.0	11.0	0.0	0.0	0.0	62.0	1.0	92.0	76.0	0.0	50.0	132.0	0.0	0.0	0.0	28.0	15.0	0.0	47.0	8.0	0.0	336.0	3.0	0.0	33.0	11.0	26.0	27.0	9.0	196.0	13.0	7.0	13.0	9.0	7.0	0.0	0.0	36.0	10.0	29.0	549.0	34.0	0.0	0.0	0.0	35.0	4.0	3.0	8.0	1.0	0.0	13.0	15.0	0.0	28.0	0.0	0.0	190.0	0.0	9.0	0.0	7.0	611.0	0.0	19.0	0.0	87.0	6.0	10.0	68.0	0.0	56.0	12.0	0.0	0.0	0.0	0.0	5.0	0.0	0.0	50.0	0.0	4.0	0.0	0.0	0.0	0.0	0.0	84.0	31.0	3.0	15.0	2.0	10.0	0.0	0.0	0.0	0.0	0.0	8.0	0.0	7.0	0.0	1.0	299.0	0.0	51.0	5.0	6.0	29.0	0.0	0.0	0.0	0.0	0.0	0.0	4.0	2.0	24.0	7.0	0.0	0.0	0.0	0.0	0.0	0.0	0.0	0.0	0.0	0.0	0.0	0.0	2.0	0.0	7.0	1.0	0.0	0.0	0.0	0.0	0.0	0.0	12.0	0.0	0.0	0.0	0.0	0.0	0.0	0.0	0.0	0.0	0.0	0.0	0.0	0.0	0.0	4.0	0.0	0.0	9.0	0.0	0.0	14.0	0.0	0.0	21.0	0.0	0.0	0.0	0.0	0.0	0.0	0.0	0.0	0.0	0.0	0.0	0.0	0.0	0.0	0.0	0.0	0.0	0.0	0.0	0.0	0.0	0.0	0.0	0.0	0.0	0.0	0.0	0.0	0.0	0.0	0.0	0.0	0.0	0.0	0.0	0.0	0.0	0.0	0.0	0.0	0.0	0.0	0.0	0.0	0.0	0.0	0.0	0.0	0.0	3.0
SRR5532621	12.0	1008.0	0.0	15.0	132.0	17.0	0.0	342.0	5.0	0.0	827.0	59.0	357.0	659.0	64.0	70.0	5773.0	927.0	88.0	729.0	2089.0	42.0	488.0	111.0	3147.0	819.0	335.0	0.0	39.0	30.0	71.0	204.0	0.0	556.0	79.0	94.0	11.0	51.0	757.0	28.0	159.0	22.0	869.0	0.0	54.0	0.0	0.0	120.0	333.0	1123.0	32.0	38.0	59.0	48.0	145.0	81.0	116.0	7.0	2106.0	25.0	177.0	120.0	833.0	752.0	3.0	66.0	76.0	35.0	0.0	6.0	923.0	0.0	47.0	109.0	18.0	0.0	0.0	27.0	57.0	195.0	0.0	34.0	17.0	0.0	257.0	0.0	5.0	673.0	0.0	5.0	0.0	52.0	22.0	0.0	387.0	59.0	68.0	27.0	0.0	0.0	7.0	0.0	0.0	10.0	0.0	6.0	0.0	8.0	0.0	91.0	0.0	56.0	0.0	0.0	0.0	0.0	20.0	63.0	0.0	0.0	25.0	0.0	28.0	114.0	0.0	155.0	0.0	0.0	0.0	62.0	29.0	49.0	0.0	21.0	2.0	0.0	33.0	0.0	15.0	36.0	0.0	71.0	4.0	40.0	818.0	74.0	7.0	0.0	41.0	19.0	0.0	0.0	0.0	6.0	11.0	0.0	174.0	0.0	0.0	34.0	8.0	13.0	2.0	10.0	12.0	0.0	0.0	14.0	0.0	0.0	0.0	13.0	1678.0	8.0	0.0	275.0	0.0	0.0	0.0	0.0	0.0	9.0	1.0	257.0	11.0	0.0	38.0	0.0	0.0	9.0	25.0	0.0	0.0	3.0	0.0	0.0	3.0	7.0	0.0	0.0	0.0	0.0	6.0	16.0	6.0	0.0	0.0	0.0	0.0	0.0	0.0	0.0	0.0	0.0	0.0	0.0	0.0	38.0	0.0	0.0	0.0	50.0	0.0	29.0	0.0	0.0	0.0	0.0	0.0	0.0	16.0	13.0	0.0	0.0	0.0	0.0	0.0	0.0	0.0	2.0	0.0	0.0	0.0	0.0	21.0	0.0	0.0	0.0	0.0	0.0	0.0	0.0	0.0	0.0	0.0	0.0	6.0	0.0	0.0	30.0	0.0	0.0	0.0	0.0	0.0	0.0	0.0	0.0	0.0	0.0	0.0	7.0	0.0	0.0	0.0	0.0	0.0	0.0	0.0	0.0	0.0	4.0	0.0	0.0	0.0	0.0	0.0	0.0	0.0	0.0	0.0	0.0	0.0	0.0	0.0	0.0	0.0	0.0	0.0	0.0	0.0	0.0	0.0	0.0	0.0	0.0	0.0	0.0	0.0	0.0	0.0	0.0	0.0	0.0	0.0	0.0	0.0	0.0	0.0	0.0	0.0	0.0	0.0	0.0	0.0	0.0	0.0	0.0	0.0	0.0	0.0	0.0
SRR5532622	0.0	321.0	6.0	0.0	11.0	4.0	81.0	165.0	73.0	3.0	0.0	348.0	988.0	906.0	0.0	122.0	966.0	85.0	102.0	1103.0	3230.0	7.0	516.0	1045.0	6323.0	1442.0	102.0	0.0	453.0	11.0	257.0	142.0	4.0	485.0	6.0	69.0	0.0	47.0	4117.0	23.0	493.0	10.0	434.0	94.0	14.0	0.0	6.0	190.0	216.0	1136.0	12.0	376.0	133.0	28.0	69.0	101.0	132.0	24.0	1860.0	125.0	141.0	334.0	1400.0	489.0	12.0	73.0	211.0	65.0	0.0	16.0	797.0	2.0	115.0	117.0	13.0	0.0	0.0	19.0	0.0	191.0	15.0	207.0	11.0	0.0	845.0	25.0	2.0	443.0	0.0	12.0	39.0	135.0	38.0	351.0	269.0	25.0	95.0	3.0	9.0	36.0	1.0	8.0	0.0	0.0	3.0	3.0	0.0	7.0	0.0	21.0	2.0	25.0	6.0	0.0	0.0	29.0	36.0	0.0	0.0	0.0	19.0	0.0	2.0	74.0	0.0	165.0	41.0	0.0	0.0	6.0	229.0	127.0	0.0	105.0	43.0	0.0	731.0	0.0	0.0	17.0	7.0	55.0	0.0	0.0	225.0	19.0	0.0	0.0	0.0	22.0	0.0	0.0	0.0	8.0	22.0	274.0	240.0	2.0	0.0	6.0	29.0	2.0	0.0	3.0	3.0	58.0	0.0	23.0	0.0	11.0	0.0	115.0	321.0	26.0	2.0	88.0	3.0	294.0	0.0	0.0	17.0	86.0	1.0	11.0	135.0	0.0	0.0	110.0	2.0	0.0	10.0	3.0	0.0	0.0	5.0	155.0	118.0	9.0	0.0	0.0	0.0	0.0	6.0	297.0	0.0	0.0	6.0	0.0	0.0	0.0	0.0	40.0	0.0	0.0	0.0	0.0	0.0	0.0	0.0	0.0	0.0	49.0	0.0	0.0	0.0	0.0	0.0	0.0	0.0	0.0	0.0	0.0	0.0	0.0	0.0	0.0	0.0	0.0	0.0	0.0	0.0	0.0	0.0	0.0	0.0	2.0	0.0	0.0	0.0	0.0	0.0	0.0	0.0	13.0	0.0	4.0	17.0	0.0	0.0	0.0	0.0	11.0	0.0	0.0	9.0	0.0	0.0	0.0	0.0	0.0	0.0	0.0	0.0	0.0	0.0	0.0	0.0	0.0	0.0	0.0	0.0	0.0	0.0	0.0	0.0	0.0	0.0	0.0	0.0	0.0	0.0	0.0	0.0	0.0	0.0	0.0	0.0	0.0	0.0	0.0	0.0	0.0	0.0	0.0	0.0	0.0	0.0	0.0	0.0	0.0	0.0	0.0	0.0	0.0	0.0	0.0	0.0	0.0	0.0	0.0	0.0	0.0	0.0	0.0	0.0	0.0	0.0	0.0	0.0	0.0	0.0	0.0
SRR5532623	0.0	345.0	32.0	2.0	27.0	33.0	105.0	165.0	244.0	0.0	0.0	318.0	1113.0	330.0	10.0	261.0	1229.0	19.0	47.0	1722.0	4464.0	0.0	330.0	938.0	4753.0	1495.0	5.0	5.0	1008.0	7.0	153.0	115.0	18.0	419.0	0.0	21.0	4.0	39.0	4059.0	31.0	703.0	115.0	175.0	20.0	51.0	4.0	12.0	100.0	263.0	422.0	36.0	91.0	58.0	82.0	52.0	297.0	113.0	44.0	1021.0	81.0	91.0	386.0	311.0	663.0	9.0	63.0	308.0	421.0	0.0	0.0	465.0	0.0	118.0	85.0	16.0	11.0	0.0	3.0	12.0	143.0	108.0	110.0	3.0	0.0	467.0	48.0	9.0	548.0	42.0	0.0	30.0	72.0	77.0	37.0	255.0	63.0	22.0	0.0	10.0	300.0	1.0	28.0	6.0	38.0	40.0	0.0	0.0	52.0	0.0	64.0	24.0	80.0	1.0	0.0	0.0	102.0	4.0	2.0	0.0	4.0	105.0	1.0	53.0	61.0	0.0	60.0	44.0	0.0	2.0	32.0	94.0	13.0	0.0	123.0	0.0	3.0	700.0	0.0	0.0	13.0	6.0	12.0	5.0	18.0	349.0	30.0	0.0	5.0	12.0	0.0	0.0	0.0	0.0	8.0	0.0	1601.0	27.0	0.0	8.0	13.0	31.0	0.0	0.0	86.0	0.0	3.0	2.0	68.0	0.0	15.0	2.0	26.0	363.0	1.0	11.0	0.0	0.0	1066.0	0.0	0.0	0.0	228.0	19.0	5.0	54.0	0.0	5.0	44.0	10.0	0.0	12.0	0.0	2.0	4.0	12.0	111.0	0.0	0.0	0.0	4.0	0.0	6.0	0.0	176.0	47.0	0.0	0.0	5.0	0.0	2.0	0.0	40.0	0.0	0.0	15.0	0.0	0.0	0.0	6.0	5.0	0.0	76.0	0.0	0.0	33.0	4.0	0.0	0.0	0.0	0.0	0.0	0.0	0.0	0.0	0.0	4.0	0.0	8.0	6.0	0.0	0.0	4.0	0.0	0.0	0.0	4.0	0.0	2.0	0.0	7.0	0.0	0.0	0.0	0.0	0.0	0.0	0.0	76.0	0.0	0.0	0.0	0.0	0.0	0.0	0.0	0.0	0.0	0.0	0.0	0.0	0.0	0.0	7.0	0.0	0.0	0.0	0.0	0.0	0.0	0.0	0.0	5.0	0.0	0.0	0.0	0.0	0.0	0.0	0.0	0.0	0.0	0.0	0.0	0.0	0.0	0.0	0.0	0.0	18.0	0.0	0.0	0.0	0.0	0.0	0.0	0.0	0.0	0.0	0.0	0.0	0.0	0.0	0.0	0.0	0.0	0.0	0.0	0.0	0.0	0.0	0.0	0.0	0.0	0.0	0.0	0.0	73.0	0.0	0.0	0.0	0.0	0.0
SRR5532624	9.0	585.0	59.0	36.0	0.0	5.0	0.0	114.0	0.0	4.0	490.0	0.0	1448.0	1102.0	49.0	220.0	2945.0	708.0	98.0	938.0	1713.0	72.0	1109.0	33.0	1726.0	521.0	534.0	0.0	26.0	23.0	132.0	46.0	0.0	415.0	0.0	126.0	13.0	16.0	463.0	27.0	457.0	8.0	273.0	12.0	67.0	0.0	2.0	49.0	488.0	291.0	310.0	30.0	38.0	113.0	42.0	50.0	3.0	0.0	3251.0	9.0	126.0	110.0	1484.0	330.0	138.0	14.0	110.0	12.0	0.0	0.0	437.0	5.0	152.0	42.0	68.0	17.0	0.0	77.0	6.0	61.0	0.0	14.0	73.0	0.0	57.0	0.0	1.0	1047.0	0.0	27.0	25.0	10.0	9.0	0.0	135.0	18.0	351.0	68.0	18.0	0.0	40.0	8.0	7.0	8.0	0.0	63.0	0.0	45.0	0.0	7.0	0.0	14.0	27.0	0.0	0.0	0.0	0.0	2.0	0.0	48.0	259.0	0.0	116.0	276.0	0.0	55.0	0.0	0.0	101.0	4.0	0.0	7.0	3.0	0.0	0.0	0.0	9.0	0.0	67.0	0.0	0.0	281.0	32.0	0.0	737.0	52.0	0.0	11.0	10.0	1.0	0.0	2.0	20.0	0.0	823.0	0.0	158.0	0.0	10.0	9.0	28.0	0.0	0.0	0.0	0.0	0.0	17.0	10.0	11.0	0.0	0.0	0.0	523.0	0.0	0.0	217.0	13.0	0.0	0.0	0.0	0.0	9.0	1.0	57.0	137.0	3.0	37.0	7.0	0.0	7.0	0.0	0.0	0.0	0.0	0.0	0.0	0.0	47.0	0.0	3.0	3.0	0.0	48.0	0.0	0.0	0.0	0.0	0.0	0.0	0.0	0.0	0.0	17.0	0.0	0.0	0.0	19.0	427.0	0.0	0.0	32.0	53.0	0.0	0.0	0.0	0.0	0.0	0.0	0.0	0.0	27.0	12.0	0.0	0.0	0.0	0.0	0.0	0.0	0.0	5.0	0.0	0.0	0.0	0.0	0.0	83.0	1.0	0.0	0.0	0.0	0.0	0.0	0.0	0.0	0.0	26.0	3.0	0.0	0.0	0.0	0.0	0.0	0.0	0.0	0.0	0.0	23.0	0.0	0.0	0.0	0.0	0.0	0.0	0.0	0.0	0.0	0.0	0.0	0.0	0.0	0.0	0.0	0.0	0.0	0.0	0.0	0.0	0.0	0.0	0.0	0.0	0.0	0.0	0.0	0.0	0.0	0.0	0.0	0.0	0.0	0.0	0.0	0.0	0.0	0.0	0.0	0.0	0.0	0.0	0.0	9.0	0.0	0.0	0.0	0.0	0.0	0.0	0.0	0.0	0.0	0.0	0.0	0.0	0.0	0.0	0.0	0.0	0.0	0.0	0.0	0.0	0.0
SRR5532625	5.0	413.0	156.0	29.0	5.0	0.0	20.0	118.0	62.0	14.0	0.0	212.0	833.0	238.0	2227.0	128.0	988.0	61.0	142.0	556.0	1948.0	19.0	679.0	390.0	3109.0	1135.0	110.0	0.0	288.0	3.0	248.0	62.0	0.0	337.0	2.0	38.0	7.0	16.0	3275.0	17.0	378.0	5.0	308.0	77.0	54.0	0.0	12.0	274.0	173.0	283.0	746.0	225.0	88.0	86.0	50.0	59.0	52.0	14.0	4144.0	58.0	132.0	144.0	506.0	169.0	175.0	46.0	194.0	73.0	0.0	2.0	361.0	0.0	91.0	96.0	66.0	0.0	0.0	60.0	2.0	64.0	30.0	71.0	69.0	0.0	521.0	0.0	9.0	349.0	0.0	26.0	52.0	0.0	48.0	34.0	226.0	0.0	1352.0	117.0	4.0	42.0	30.0	20.0	37.0	0.0	0.0	56.0	0.0	60.0	124.0	18.0	0.0	23.0	7.0	0.0	0.0	28.0	4.0	0.0	0.0	16.0	37.0	0.0	5.0	124.0	0.0	110.0	170.0	0.0	81.0	0.0	103.0	11.0	0.0	83.0	6.0	0.0	440.0	0.0	6.0	11.0	3.0	133.0	11.0	5.0	551.0	5.0	6.0	11.0	2.0	21.0	0.0	4.0	12.0	0.0	1162.0	153.0	66.0	6.0	10.0	0.0	23.0	3.0	0.0	0.0	2.0	43.0	2.0	16.0	0.0	3.0	0.0	14.0	260.0	3.0	0.0	49.0	23.0	253.0	0.0	2.0	20.0	35.0	0.0	0.0	60.0	0.0	11.0	33.0	1.0	3.0	0.0	0.0	3.0	0.0	6.0	82.0	27.0	25.0	0.0	5.0	0.0	3.0	30.0	87.0	0.0	0.0	0.0	0.0	0.0	0.0	0.0	0.0	0.0	0.0	6.0	0.0	0.0	0.0	0.0	14.0	0.0	35.0	0.0	0.0	0.0	0.0	3.0	0.0	0.0	0.0	0.0	0.0	0.0	0.0	0.0	2.0	0.0	0.0	0.0	0.0	0.0	0.0	0.0	0.0	0.0	30.0	0.0	0.0	0.0	0.0	0.0	0.0	0.0	0.0	0.0	8.0	0.0	8.0	0.0	0.0	0.0	0.0	0.0	0.0	0.0	0.0	29.0	0.0	0.0	0.0	0.0	0.0	0.0	0.0	0.0	0.0	0.0	0.0	0.0	0.0	0.0	0.0	0.0	0.0	0.0	0.0	0.0	0.0	0.0	0.0	0.0	0.0	0.0	0.0	0.0	0.0	0.0	0.0	0.0	0.0	0.0	0.0	0.0	0.0	0.0	0.0	111.0	0.0	0.0	0.0	0.0	0.0	0.0	0.0	0.0	0.0	0.0	0.0	0.0	0.0	0.0	0.0	0.0	0.0	0.0	0.0	0.0	0.0	0.0	0.0	0.0	0.0
SRR5532626	0.0	299.0	29.0	17.0	8.0	2.0	164.0	67.0	92.0	4.0	0.0	304.0	993.0	530.0	0.0	179.0	707.0	13.0	31.0	1067.0	4799.0	49.0	263.0	733.0	5306.0	899.0	0.0	0.0	448.0	43.0	143.0	65.0	7.0	481.0	0.0	0.0	0.0	23.0	3573.0	30.0	465.0	14.0	102.0	8.0	30.0	5.0	2.0	133.0	191.0	353.0	57.0	164.0	68.0	81.0	58.0	171.0	13.0	28.0	768.0	266.0	146.0	174.0	343.0	314.0	0.0	38.0	398.0	240.0	0.0	0.0	357.0	8.0	119.0	50.0	3.0	22.0	0.0	3.0	6.0	175.0	69.0	127.0	0.0	2.0	310.0	26.0	2.0	252.0	0.0	0.0	14.0	66.0	52.0	115.0	485.0	24.0	6.0	108.0	301.0	285.0	2.0	34.0	0.0	29.0	44.0	5.0	0.0	27.0	0.0	0.0	2.0	55.0	1.0	0.0	0.0	171.0	0.0	0.0	0.0	2.0	85.0	0.0	44.0	76.0	0.0	81.0	17.0	0.0	0.0	0.0	97.0	8.0	0.0	42.0	20.0	0.0	364.0	0.0	0.0	0.0	0.0	4.0	4.0	3.0	226.0	5.0	0.0	0.0	19.0	1.0	0.0	0.0	0.0	6.0	0.0	672.0	76.0	0.0	0.0	5.0	33.0	1.0	0.0	32.0	2.0	0.0	0.0	79.0	0.0	33.0	0.0	0.0	303.0	0.0	7.0	0.0	0.0	1279.0	0.0	18.0	0.0	61.0	6.0	11.0	23.0	0.0	0.0	74.0	0.0	0.0	15.0	0.0	0.0	0.0	0.0	186.0	32.0	0.0	0.0	0.0	0.0	0.0	0.0	196.0	57.0	0.0	16.0	5.0	0.0	0.0	0.0	38.0	0.0	0.0	0.0	0.0	0.0	0.0	0.0	81.0	0.0	40.0	0.0	0.0	17.0	0.0	0.0	0.0	0.0	0.0	0.0	0.0	0.0	1.0	0.0	0.0	0.0	0.0	0.0	0.0	0.0	0.0	0.0	0.0	0.0	0.0	0.0	0.0	0.0	0.0	0.0	0.0	0.0	0.0	0.0	0.0	14.0	0.0	0.0	0.0	0.0	1.0	0.0	0.0	0.0	0.0	0.0	0.0	0.0	0.0	0.0	0.0	0.0	0.0	0.0	0.0	0.0	0.0	0.0	0.0	0.0	0.0	0.0	0.0	0.0	0.0	0.0	0.0	0.0	0.0	0.0	0.0	0.0	0.0	0.0	0.0	0.0	0.0	5.0	0.0	0.0	0.0	0.0	0.0	0.0	0.0	0.0	0.0	0.0	0.0	0.0	0.0	0.0	0.0	0.0	0.0	0.0	0.0	0.0	0.0	0.0	0.0	0.0	0.0	0.0	0.0	0.0	0.0	0.0	0.0	0.0	0.0
SRR5532627	0.0	384.0	47.0	23.0	3.0	17.0	61.0	193.0	51.0	0.0	0.0	822.0	1376.0	113.0	35.0	239.0	104.0	47.0	71.0	2087.0	2476.0	148.0	1079.0	984.0	9711.0	1025.0	0.0	0.0	856.0	106.0	363.0	44.0	13.0	243.0	0.0	16.0	0.0	56.0	3540.0	39.0	671.0	96.0	160.0	0.0	59.0	2.0	17.0	872.0	89.0	146.0	93.0	170.0	186.0	28.0	69.0	232.0	2.0	37.0	550.0	362.0	485.0	231.0	404.0	287.0	0.0	73.0	826.0	118.0	0.0	38.0	1205.0	5.0	174.0	61.0	27.0	13.0	0.0	0.0	4.0	116.0	83.0	109.0	15.0	1.0	664.0	0.0	0.0	740.0	0.0	6.0	40.0	0.0	56.0	18.0	857.0	11.0	18.0	20.0	242.0	550.0	0.0	96.0	0.0	0.0	30.0	0.0	0.0	16.0	0.0	29.0	0.0	127.0	3.0	0.0	0.0	101.0	0.0	0.0	0.0	7.0	50.0	0.0	21.0	65.0	0.0	147.0	0.0	0.0	3.0	34.0	473.0	9.0	2.0	21.0	0.0	0.0	619.0	0.0	0.0	9.0	5.0	5.0	0.0	0.0	410.0	3.0	0.0	7.0	0.0	5.0	0.0	5.0	0.0	11.0	18.0	883.0	23.0	0.0	0.0	0.0	48.0	12.0	0.0	14.0	3.0	14.0	0.0	30.0	0.0	63.0	0.0	89.0	643.0	18.0	9.0	66.0	9.0	949.0	0.0	12.0	0.0	29.0	6.0	0.0	0.0	0.0	21.0	0.0	0.0	0.0	10.0	0.0	0.0	0.0	0.0	53.0	0.0	0.0	0.0	7.0	0.0	0.0	0.0	106.0	104.0	0.0	0.0	11.0	0.0	0.0	0.0	35.0	0.0	0.0	1.0	0.0	0.0	0.0	0.0	25.0	0.0	20.0	0.0	0.0	18.0	0.0	4.0	0.0	0.0	1.0	0.0	0.0	0.0	0.0	0.0	0.0	0.0	0.0	0.0	0.0	0.0	0.0	0.0	0.0	0.0	0.0	0.0	0.0	0.0	0.0	0.0	0.0	0.0	0.0	0.0	0.0	0.0	2.0	0.0	0.0	0.0	0.0	0.0	0.0	0.0	0.0	0.0	0.0	0.0	0.0	0.0	0.0	0.0	0.0	0.0	8.0	0.0	0.0	0.0	0.0	0.0	0.0	0.0	0.0	0.0	0.0	0.0	0.0	0.0	0.0	233.0	0.0	0.0	0.0	0.0	0.0	0.0	0.0	0.0	0.0	0.0	0.0	0.0	0.0	0.0	0.0	0.0	0.0	0.0	0.0	0.0	0.0	0.0	0.0	0.0	0.0	0.0	0.0	0.0	0.0	0.0	0.0	0.0	0.0	0.0	0.0	0.0	0.0	0.0	0.0	0.0	0.0
SRR5532628	0.0	250.0	33.0	31.0	2.0	7.0	13.0	150.0	44.0	37.0	0.0	495.0	832.0	118.0	447.0	90.0	209.0	31.0	41.0	1005.0	2509.0	127.0	1044.0	270.0	6229.0	896.0	0.0	0.0	558.0	36.0	274.0	22.0	14.0	180.0	0.0	26.0	40.0	20.0	2127.0	44.0	475.0	26.0	146.0	0.0	25.0	0.0	1.0	570.0	75.0	70.0	223.0	105.0	55.0	55.0	65.0	173.0	23.0	36.0	503.0	172.0	330.0	89.0	431.0	126.0	0.0	58.0	414.0	80.0	0.0	38.0	501.0	76.0	65.0	52.0	8.0	15.0	0.0	0.0	0.0	78.0	73.0	142.0	11.0	5.0	543.0	0.0	0.0	476.0	0.0	0.0	17.0	12.0	67.0	7.0	420.0	0.0	20.0	119.0	199.0	267.0	0.0	44.0	11.0	0.0	13.0	10.0	0.0	16.0	0.0	65.0	5.0	45.0	65.0	0.0	0.0	60.0	0.0	0.0	0.0	0.0	77.0	0.0	40.0	409.0	0.0	171.0	40.0	0.0	8.0	0.0	616.0	10.0	2.0	23.0	0.0	0.0	486.0	0.0	0.0	0.0	0.0	24.0	0.0	2.0	427.0	0.0	0.0	0.0	5.0	9.0	0.0	0.0	0.0	14.0	0.0	525.0	28.0	2.0	28.0	5.0	31.0	6.0	0.0	18.0	0.0	14.0	0.0	44.0	0.0	0.0	0.0	0.0	574.0	12.0	11.0	39.0	10.0	460.0	0.0	2.0	0.0	7.0	0.0	0.0	1.0	0.0	9.0	0.0	0.0	0.0	0.0	0.0	0.0	0.0	0.0	27.0	0.0	43.0	0.0	0.0	0.0	0.0	0.0	47.0	43.0	0.0	0.0	0.0	12.0	0.0	0.0	12.0	0.0	0.0	0.0	0.0	0.0	0.0	0.0	27.0	0.0	19.0	0.0	0.0	23.0	0.0	0.0	0.0	0.0	0.0	0.0	0.0	0.0	0.0	0.0	0.0	0.0	0.0	0.0	0.0	0.0	0.0	0.0	0.0	0.0	0.0	2.0	0.0	0.0	0.0	0.0	0.0	0.0	0.0	0.0	0.0	13.0	4.0	0.0	0.0	0.0	6.0	0.0	0.0	0.0	0.0	0.0	0.0	0.0	0.0	0.0	0.0	0.0	0.0	0.0	0.0	0.0	0.0	0.0	0.0	0.0	0.0	0.0	0.0	0.0	0.0	0.0	0.0	0.0	0.0	60.0	0.0	0.0	0.0	0.0	0.0	0.0	0.0	12.0	0.0	0.0	0.0	0.0	0.0	0.0	0.0	0.0	0.0	0.0	0.0	0.0	0.0	0.0	0.0	0.0	0.0	0.0	0.0	0.0	0.0	0.0	0.0	0.0	0.0	0.0	0.0	0.0	0.0	0.0	0.0	0.0	0.0
SRR5532629	0.0	527.0	34.0	27.0	32.0	0.0	32.0	308.0	87.0	5.0	0.0	850.0	1168.0	131.0	35.0	313.0	131.0	51.0	65.0	2061.0	3477.0	173.0	1154.0	655.0	10457.0	1401.0	3.0	0.0	897.0	20.0	471.0	35.0	12.0	262.0	0.0	40.0	1.0	49.0	3407.0	47.0	711.0	57.0	242.0	16.0	37.0	0.0	13.0	955.0	96.0	133.0	98.0	263.0	206.0	47.0	107.0	285.0	7.0	68.0	768.0	424.0	467.0	264.0	942.0	253.0	0.0	67.0	1019.0	178.0	0.0	65.0	981.0	2.0	298.0	87.0	21.0	20.0	0.0	0.0	0.0	159.0	81.0	224.0	16.0	2.0	643.0	0.0	0.0	670.0	0.0	0.0	63.0	0.0	83.0	6.0	773.0	8.0	1.0	62.0	460.0	481.0	0.0	107.0	0.0	3.0	22.0	0.0	0.0	2.0	0.0	313.0	0.0	126.0	30.0	0.0	0.0	104.0	0.0	5.0	0.0	2.0	78.0	0.0	30.0	163.0	0.0	161.0	9.0	0.0	8.0	28.0	601.0	13.0	0.0	108.0	0.0	0.0	740.0	0.0	0.0	13.0	0.0	14.0	0.0	1.0	290.0	9.0	0.0	20.0	3.0	27.0	0.0	7.0	1.0	10.0	0.0	1157.0	33.0	5.0	7.0	9.0	37.0	0.0	0.0	14.0	2.0	5.0	1.0	58.0	0.0	0.0	0.0	90.0	683.0	1.0	4.0	62.0	7.0	865.0	0.0	0.0	0.0	30.0	0.0	0.0	48.0	0.0	21.0	12.0	0.0	0.0	15.0	0.0	0.0	0.0	0.0	61.0	0.0	14.0	0.0	0.0	0.0	0.0	1.0	96.0	22.0	0.0	10.0	14.0	0.0	0.0	0.0	11.0	3.0	1.0	0.0	0.0	0.0	0.0	0.0	19.0	0.0	2.0	0.0	0.0	30.0	6.0	0.0	0.0	0.0	0.0	0.0	0.0	0.0	0.0	0.0	0.0	0.0	0.0	0.0	0.0	0.0	0.0	0.0	0.0	0.0	0.0	0.0	0.0	0.0	0.0	0.0	1.0	0.0	0.0	0.0	0.0	16.0	2.0	0.0	0.0	0.0	3.0	0.0	0.0	0.0	0.0	0.0	0.0	0.0	0.0	0.0	0.0	0.0	0.0	0.0	0.0	2.0	0.0	0.0	0.0	0.0	0.0	0.0	0.0	0.0	0.0	0.0	0.0	3.0	0.0	452.0	0.0	0.0	0.0	0.0	0.0	0.0	0.0	6.0	0.0	0.0	0.0	0.0	0.0	0.0	6.0	0.0	0.0	0.0	0.0	0.0	0.0	0.0	0.0	0.0	0.0	0.0	0.0	0.0	0.0	0.0	0.0	0.0	0.0	0.0	0.0	0.0	0.0	0.0	0.0	0.0	0.0
SRR5532630	0.0	194.0	22.0	13.0	19.0	33.0	711.0	70.0	10.0	0.0	0.0	400.0	659.0	194.0	17.0	83.0	96.0	92.0	81.0	495.0	613.0	101.0	1727.0	785.0	5063.0	455.0	172.0	0.0	304.0	32.0	206.0	38.0	0.0	58.0	0.0	129.0	4.0	10.0	2999.0	45.0	214.0	7.0	394.0	0.0	15.0	0.0	4.0	744.0	52.0	140.0	288.0	265.0	173.0	108.0	8.0	257.0	5.0	22.0	712.0	137.0	170.0	162.0	423.0	524.0	25.0	42.0	345.0	12.0	0.0	100.0	1060.0	0.0	72.0	69.0	20.0	0.0	0.0	33.0	0.0	86.0	15.0	153.0	7.0	0.0	994.0	0.0	1.0	441.0	0.0	7.0	21.0	6.0	85.0	35.0	119.0	0.0	16.0	108.0	63.0	22.0	0.0	171.0	0.0	0.0	7.0	5.0	0.0	5.0	52.0	23.0	0.0	49.0	40.0	0.0	0.0	0.0	0.0	8.0	0.0	36.0	7.0	0.0	14.0	240.0	0.0	90.0	22.0	0.0	18.0	2.0	741.0	5.0	0.0	49.0	1.0	12.0	548.0	0.0	0.0	57.0	17.0	23.0	0.0	0.0	149.0	4.0	7.0	0.0	0.0	39.0	0.0	0.0	0.0	0.0	352.0	63.0	0.0	4.0	38.0	26.0	0.0	0.0	0.0	0.0	0.0	65.0	0.0	19.0	0.0	64.0	0.0	140.0	249.0	0.0	0.0	92.0	0.0	91.0	0.0	0.0	0.0	4.0	0.0	0.0	26.0	0.0	8.0	59.0	0.0	0.0	0.0	0.0	0.0	0.0	0.0	41.0	0.0	56.0	0.0	0.0	0.0	0.0	0.0	45.0	2.0	0.0	0.0	0.0	0.0	0.0	0.0	0.0	0.0	0.0	0.0	3.0	0.0	0.0	0.0	0.0	0.0	17.0	0.0	0.0	0.0	0.0	0.0	0.0	0.0	0.0	0.0	0.0	0.0	0.0	0.0	0.0	0.0	0.0	0.0	0.0	0.0	0.0	0.0	0.0	0.0	0.0	0.0	0.0	0.0	0.0	0.0	0.0	0.0	0.0	0.0	0.0	0.0	0.0	0.0	0.0	0.0	0.0	0.0	0.0	0.0	0.0	0.0	0.0	0.0	0.0	0.0	0.0	0.0	0.0	0.0	0.0	0.0	0.0	0.0	0.0	0.0	0.0	0.0	0.0	0.0	0.0	0.0	0.0	0.0	0.0	21.0	0.0	0.0	0.0	0.0	0.0	0.0	0.0	0.0	0.0	0.0	0.0	0.0	0.0	0.0	0.0	0.0	0.0	0.0	0.0	0.0	0.0	0.0	0.0	0.0	0.0	0.0	0.0	0.0	0.0	0.0	0.0	0.0	0.0	0.0	0.0	0.0	0.0	0.0	0.0	0.0	0.0
SRR5532631	0.0	235.0	37.0	0.0	5.0	9.0	189.0	124.0	10.0	0.0	0.0	501.0	1029.0	158.0	120.0	102.0	271.0	131.0	156.0	638.0	1001.0	28.0	2223.0	333.0	5662.0	432.0	10.0	0.0	260.0	58.0	609.0	63.0	0.0	187.0	0.0	87.0	4.0	13.0	3216.0	62.0	320.0	0.0	438.0	4.0	43.0	0.0	0.0	1787.0	126.0	167.0	369.0	346.0	40.0	49.0	30.0	402.0	3.0	22.0	1595.0	369.0	221.0	158.0	381.0	326.0	27.0	60.0	284.0	10.0	0.0	57.0	1171.0	9.0	63.0	87.0	11.0	0.0	0.0	16.0	0.0	78.0	18.0	141.0	67.0	0.0	1131.0	0.0	8.0	464.0	0.0	5.0	39.0	10.0	116.0	90.0	71.0	0.0	19.0	159.0	134.0	141.0	0.0	200.0	10.0	0.0	10.0	0.0	0.0	0.0	65.0	127.0	0.0	94.0	6.0	0.0	0.0	10.0	2.0	1.0	0.0	9.0	0.0	0.0	9.0	190.0	0.0	202.0	37.0	0.0	69.0	1.0	1763.0	15.0	5.0	75.0	0.0	0.0	649.0	0.0	0.0	163.0	0.0	9.0	0.0	0.0	218.0	12.0	0.0	19.0	0.0	65.0	2.0	1.0	0.0	0.0	311.0	43.0	19.0	4.0	19.0	34.0	30.0	0.0	0.0	0.0	0.0	32.0	1.0	46.0	0.0	132.0	0.0	126.0	385.0	6.0	0.0	194.0	14.0	141.0	0.0	31.0	0.0	13.0	0.0	9.0	19.0	0.0	0.0	35.0	0.0	0.0	0.0	0.0	0.0	0.0	0.0	33.0	20.0	32.0	0.0	0.0	0.0	0.0	1.0	33.0	0.0	0.0	0.0	0.0	0.0	0.0	0.0	0.0	0.0	0.0	0.0	0.0	0.0	0.0	0.0	8.0	9.0	14.0	0.0	0.0	0.0	0.0	0.0	0.0	0.0	0.0	0.0	0.0	0.0	0.0	0.0	0.0	0.0	0.0	0.0	0.0	0.0	0.0	0.0	0.0	0.0	11.0	0.0	0.0	0.0	1.0	0.0	0.0	0.0	0.0	0.0	0.0	0.0	0.0	0.0	0.0	0.0	0.0	0.0	0.0	0.0	0.0	0.0	0.0	0.0	0.0	0.0	0.0	0.0	0.0	0.0	0.0	0.0	1.0	0.0	0.0	0.0	0.0	0.0	0.0	0.0	0.0	0.0	0.0	0.0	0.0	29.0	0.0	0.0	0.0	0.0	0.0	0.0	0.0	0.0	0.0	0.0	0.0	0.0	0.0	0.0	0.0	0.0	0.0	0.0	0.0	0.0	0.0	0.0	0.0	0.0	0.0	0.0	0.0	0.0	0.0	0.0	0.0	0.0	0.0	0.0	0.0	0.0	0.0	0.0	0.0	0.0	0.0
SRR5532632	6.0	241.0	51.0	0.0	23.0	25.0	404.0	134.0	20.0	22.0	0.0	538.0	916.0	317.0	171.0	94.0	259.0	67.0	171.0	430.0	1040.0	38.0	1826.0	303.0	4221.0	456.0	65.0	0.0	248.0	75.0	603.0	46.0	1.0	195.0	0.0	200.0	0.0	27.0	3695.0	70.0	314.0	11.0	368.0	31.0	24.0	0.0	3.0	1478.0	106.0	162.0	466.0	214.0	84.0	81.0	91.0	205.0	4.0	29.0	1528.0	176.0	180.0	160.0	798.0	232.0	66.0	39.0	357.0	18.0	0.0	50.0	1354.0	13.0	102.0	92.0	44.0	7.0	0.0	18.0	5.0	68.0	24.0	197.0	81.0	0.0	1215.0	0.0	0.0	241.0	0.0	10.0	43.0	14.0	125.0	42.0	333.0	0.0	44.0	134.0	102.0	73.0	2.0	115.0	16.0	0.0	31.0	0.0	5.0	0.0	0.0	120.0	0.0	49.0	10.0	0.0	0.0	16.0	1.0	0.0	0.0	16.0	4.0	0.0	11.0	289.0	0.0	184.0	64.0	0.0	63.0	28.0	1542.0	9.0	0.0	56.0	3.0	0.0	999.0	0.0	0.0	50.0	0.0	0.0	9.0	0.0	155.0	10.0	6.0	12.0	0.0	57.0	0.0	0.0	4.0	8.0	350.0	83.0	62.0	3.0	13.0	19.0	16.0	6.0	0.0	8.0	1.0	27.0	0.0	20.0	0.0	72.0	0.0	79.0	486.0	3.0	1.0	269.0	0.0	115.0	0.0	2.0	5.0	8.0	0.0	0.0	25.0	0.0	0.0	37.0	0.0	0.0	2.0	0.0	0.0	0.0	0.0	68.0	28.0	60.0	0.0	0.0	0.0	0.0	0.0	54.0	0.0	0.0	2.0	0.0	0.0	0.0	0.0	0.0	0.0	0.0	12.0	0.0	0.0	0.0	0.0	5.0	5.0	13.0	0.0	0.0	0.0	0.0	16.0	0.0	0.0	0.0	0.0	0.0	0.0	0.0	0.0	3.0	0.0	2.0	6.0	0.0	0.0	0.0	0.0	0.0	0.0	14.0	8.0	1.0	0.0	0.0	0.0	0.0	0.0	0.0	0.0	0.0	0.0	0.0	0.0	0.0	0.0	2.0	0.0	0.0	0.0	0.0	0.0	0.0	0.0	0.0	0.0	0.0	0.0	0.0	0.0	0.0	0.0	0.0	0.0	0.0	0.0	0.0	0.0	0.0	0.0	0.0	0.0	0.0	0.0	0.0	11.0	0.0	0.0	0.0	0.0	0.0	0.0	0.0	0.0	0.0	0.0	0.0	0.0	0.0	0.0	0.0	0.0	0.0	0.0	0.0	0.0	0.0	0.0	0.0	0.0	0.0	0.0	0.0	0.0	0.0	0.0	0.0	0.0	0.0	0.0	0.0	0.0	0.0	0.0	2.0	0.0	0.0
SRR5532633	4.0	177.0	49.0	14.0	17.0	17.0	100.0	129.0	12.0	35.0	6.0	1290.0	516.0	252.0	1143.0	126.0	297.0	109.0	101.0	494.0	1106.0	60.0	1406.0	229.0	7503.0	490.0	49.0	0.0	257.0	29.0	1123.0	37.0	1.0	154.0	0.0	100.0	17.0	69.0	2577.0	60.0	191.0	9.0	269.0	5.0	21.0	0.0	2.0	1001.0	1.0	163.0	531.0	241.0	134.0	66.0	65.0	117.0	27.0	17.0	2027.0	184.0	205.0	136.0	416.0	233.0	254.0	41.0	278.0	36.0	0.0	18.0	688.0	0.0	97.0	54.0	34.0	0.0	0.0	19.0	0.0	116.0	32.0	98.0	67.0	0.0	665.0	5.0	0.0	335.0	24.0	31.0	37.0	29.0	91.0	25.0	221.0	0.0	107.0	213.0	91.0	307.0	1.0	86.0	29.0	5.0	32.0	13.0	0.0	0.0	92.0	706.0	0.0	47.0	7.0	0.0	0.0	107.0	0.0	0.0	0.0	110.0	20.0	0.0	13.0	212.0	0.0	545.0	64.0	6.0	16.0	3.0	1035.0	6.0	2.0	65.0	1.0	0.0	512.0	0.0	0.0	30.0	0.0	47.0	0.0	0.0	216.0	0.0	0.0	20.0	2.0	26.0	0.0	8.0	25.0	11.0	224.0	56.0	36.0	7.0	34.0	1.0	0.0	2.0	0.0	9.0	0.0	27.0	0.0	16.0	2.0	109.0	2.0	26.0	437.0	0.0	0.0	110.0	0.0	114.0	0.0	5.0	5.0	18.0	0.0	5.0	33.0	0.0	4.0	21.0	0.0	0.0	0.0	0.0	0.0	0.0	0.0	32.0	27.0	76.0	0.0	0.0	0.0	0.0	0.0	37.0	0.0	0.0	0.0	0.0	0.0	0.0	0.0	0.0	0.0	0.0	2.0	0.0	0.0	0.0	0.0	16.0	9.0	9.0	0.0	0.0	0.0	0.0	10.0	0.0	0.0	0.0	7.0	0.0	0.0	0.0	0.0	0.0	0.0	0.0	0.0	0.0	0.0	0.0	0.0	0.0	0.0	8.0	0.0	0.0	0.0	0.0	0.0	0.0	0.0	0.0	6.0	0.0	0.0	0.0	0.0	0.0	0.0	0.0	0.0	0.0	0.0	0.0	11.0	0.0	0.0	0.0	0.0	0.0	0.0	0.0	0.0	0.0	0.0	0.0	0.0	0.0	0.0	0.0	0.0	0.0	0.0	0.0	0.0	0.0	0.0	0.0	0.0	0.0	0.0	6.0	0.0	0.0	3.0	0.0	0.0	0.0	0.0	0.0	0.0	0.0	0.0	0.0	0.0	0.0	0.0	0.0	0.0	0.0	0.0	0.0	0.0	0.0	2.0	0.0	0.0	0.0	0.0	0.0	0.0	0.0	0.0	0.0	0.0	0.0	0.0	0.0	0.0	0.0
SRR5532634	15.0	713.0	28.0	53.0	62.0	6.0	0.0	513.0	0.0	11.0	470.0	92.0	775.0	326.0	108.0	243.0	1826.0	708.0	217.0	529.0	2027.0	27.0	1625.0	121.0	3543.0	470.0	375.0	0.0	45.0	47.0	854.0	42.0	0.0	322.0	0.0	131.0	13.0	10.0	562.0	91.0	272.0	4.0	688.0	14.0	68.0	6.0	19.0	900.0	402.0	139.0	92.0	181.0	225.0	164.0	94.0	118.0	49.0	0.0	2136.0	12.0	235.0	114.0	234.0	692.0	10.0	29.0	151.0	23.0	0.0	51.0	1288.0	2.0	304.0	262.0	67.0	20.0	0.0	72.0	20.0	186.0	0.0	515.0	103.0	26.0	499.0	0.0	16.0	1446.0	0.0	26.0	10.0	1.0	212.0	0.0	84.0	14.0	104.0	31.0	93.0	0.0	7.0	42.0	0.0	0.0	0.0	38.0	0.0	31.0	0.0	32.0	0.0	65.0	32.0	0.0	0.0	14.0	14.0	5.0	1.0	26.0	150.0	0.0	49.0	469.0	0.0	58.0	10.0	2.0	21.0	34.0	1080.0	8.0	1.0	13.0	0.0	0.0	191.0	0.0	34.0	39.0	2.0	71.0	18.0	11.0	587.0	44.0	0.0	9.0	16.0	53.0	0.0	8.0	0.0	6.0	520.0	0.0	29.0	17.0	14.0	10.0	27.0	3.0	0.0	0.0	18.0	0.0	1.0	40.0	0.0	6.0	0.0	57.0	2351.0	0.0	0.0	1154.0	8.0	17.0	0.0	0.0	0.0	10.0	2.0	17.0	32.0	0.0	48.0	0.0	0.0	4.0	0.0	0.0	0.0	0.0	0.0	0.0	0.0	189.0	0.0	0.0	0.0	0.0	17.0	14.0	0.0	0.0	0.0	0.0	0.0	0.0	0.0	0.0	0.0	0.0	0.0	0.0	3.0	347.0	0.0	14.0	4.0	17.0	0.0	0.0	0.0	0.0	0.0	0.0	0.0	0.0	29.0	13.0	0.0	0.0	0.0	0.0	0.0	0.0	0.0	2.0	0.0	0.0	0.0	0.0	7.0	21.0	0.0	0.0	0.0	2.0	0.0	0.0	0.0	0.0	16.0	6.0	0.0	0.0	0.0	27.0	0.0	0.0	0.0	0.0	0.0	2.0	0.0	0.0	0.0	0.0	0.0	3.0	0.0	0.0	0.0	0.0	0.0	0.0	0.0	0.0	0.0	7.0	0.0	9.0	0.0	0.0	0.0	0.0	0.0	0.0	0.0	0.0	0.0	7.0	0.0	0.0	0.0	0.0	0.0	0.0	0.0	0.0	0.0	0.0	0.0	0.0	0.0	0.0	0.0	0.0	0.0	0.0	0.0	0.0	0.0	0.0	0.0	0.0	0.0	0.0	0.0	0.0	0.0	0.0	0.0	0.0	0.0	0.0	0.0	0.0	0.0	0.0
SRR5532635	29.0	864.0	77.0	0.0	77.0	19.0	10.0	637.0	0.0	2.0	484.0	128.0	966.0	219.0	319.0	223.0	2070.0	961.0	169.0	843.0	2515.0	39.0	1667.0	191.0	3740.0	708.0	546.0	0.0	68.0	34.0	751.0	42.0	0.0	372.0	6.0	184.0	8.0	23.0	961.0	45.0	274.0	18.0	746.0	7.0	62.0	0.0	36.0	993.0	393.0	224.0	102.0	147.0	243.0	263.0	139.0	149.0	52.0	0.0	1967.0	12.0	250.0	108.0	969.0	688.0	33.0	49.0	231.0	15.0	0.0	71.0	1316.0	0.0	306.0	195.0	80.0	20.0	0.0	39.0	31.0	259.0	0.0	547.0	86.0	24.0	523.0	0.0	9.0	1706.0	0.0	9.0	0.0	12.0	266.0	0.0	155.0	11.0	70.0	68.0	37.0	0.0	13.0	28.0	0.0	4.0	3.0	23.0	4.0	71.0	0.0	0.0	1.0	59.0	49.0	0.0	0.0	5.0	14.0	9.0	0.0	25.0	70.0	0.0	49.0	280.0	0.0	131.0	0.0	0.0	19.0	59.0	1088.0	28.0	0.0	11.0	0.0	0.0	235.0	0.0	3.0	36.0	0.0	69.0	23.0	0.0	678.0	29.0	0.0	13.0	7.0	81.0	0.0	0.0	0.0	4.0	301.0	0.0	34.0	0.0	18.0	12.0	23.0	0.0	1.0	4.0	18.0	0.0	14.0	33.0	0.0	0.0	4.0	61.0	2542.0	1.0	0.0	1067.0	15.0	0.0	0.0	0.0	0.0	0.0	3.0	29.0	21.0	0.0	56.0	0.0	0.0	11.0	0.0	0.0	0.0	0.0	0.0	3.0	2.0	84.0	0.0	11.0	0.0	0.0	17.0	21.0	0.0	0.0	0.0	0.0	0.0	0.0	0.0	0.0	0.0	0.0	0.0	0.0	7.0	377.0	0.0	0.0	0.0	32.0	0.0	0.0	0.0	0.0	6.0	0.0	0.0	0.0	22.0	12.0	0.0	0.0	0.0	0.0	0.0	0.0	0.0	0.0	3.0	0.0	0.0	0.0	3.0	38.0	0.0	0.0	0.0	0.0	0.0	0.0	0.0	0.0	7.0	0.0	0.0	0.0	0.0	26.0	0.0	0.0	0.0	0.0	0.0	3.0	0.0	0.0	0.0	0.0	0.0	3.0	0.0	0.0	0.0	0.0	0.0	0.0	0.0	0.0	0.0	0.0	0.0	0.0	0.0	0.0	0.0	0.0	0.0	0.0	0.0	0.0	0.0	0.0	0.0	0.0	0.0	0.0	0.0	0.0	0.0	0.0	0.0	0.0	0.0	0.0	0.0	0.0	0.0	0.0	0.0	0.0	0.0	0.0	0.0	0.0	0.0	0.0	0.0	0.0	0.0	10.0	0.0	0.0	0.0	0.0	0.0	0.0	0.0	0.0	0.0	0.0
SRR5532636	4.0	491.0	9.0	0.0	40.0	0.0	0.0	104.0	0.0	0.0	738.0	16.0	453.0	472.0	0.0	239.0	3046.0	189.0	44.0	1007.0	972.0	17.0	279.0	233.0	2664.0	297.0	196.0	0.0	22.0	10.0	75.0	137.0	0.0	375.0	35.0	78.0	0.0	0.0	704.0	22.0	461.0	0.0	201.0	0.0	29.0	0.0	54.0	50.0	428.0	367.0	55.0	48.0	111.0	55.0	60.0	81.0	106.0	0.0	1762.0	21.0	94.0	143.0	301.0	732.0	12.0	20.0	107.0	26.0	0.0	0.0	434.0	0.0	195.0	82.0	6.0	17.0	8.0	42.0	27.0	92.0	0.0	13.0	14.0	0.0	120.0	0.0	0.0	925.0	0.0	0.0	0.0	19.0	3.0	0.0	173.0	49.0	18.0	0.0	32.0	0.0	14.0	5.0	0.0	0.0	0.0	17.0	0.0	17.0	0.0	0.0	2.0	0.0	6.0	0.0	0.0	0.0	28.0	12.0	0.0	6.0	70.0	0.0	3.0	143.0	0.0	37.0	5.0	0.0	0.0	6.0	19.0	8.0	2.0	0.0	0.0	0.0	9.0	0.0	0.0	16.0	0.0	55.0	10.0	10.0	160.0	25.0	0.0	0.0	0.0	31.0	0.0	0.0	0.0	0.0	39.0	0.0	101.0	0.0	0.0	1.0	30.0	0.0	0.0	0.0	0.0	0.0	0.0	21.0	0.0	0.0	0.0	33.0	576.0	0.0	0.0	211.0	0.0	11.0	0.0	0.0	0.0	6.0	0.0	75.0	0.0	0.0	26.0	0.0	0.0	12.0	0.0	0.0	0.0	0.0	10.0	0.0	0.0	11.0	0.0	0.0	0.0	0.0	8.0	22.0	0.0	0.0	0.0	5.0	0.0	0.0	0.0	0.0	0.0	0.0	0.0	0.0	3.0	35.0	0.0	0.0	0.0	17.0	0.0	10.0	0.0	0.0	0.0	0.0	0.0	0.0	27.0	0.0	0.0	0.0	0.0	0.0	0.0	0.0	0.0	0.0	0.0	0.0	0.0	0.0	0.0	7.0	0.0	0.0	0.0	0.0	0.0	0.0	0.0	0.0	0.0	0.0	0.0	0.0	0.0	28.0	0.0	0.0	0.0	0.0	0.0	0.0	0.0	0.0	0.0	0.0	0.0	2.0	0.0	0.0	0.0	0.0	0.0	0.0	0.0	0.0	0.0	0.0	0.0	0.0	0.0	0.0	0.0	0.0	0.0	0.0	0.0	0.0	0.0	0.0	0.0	0.0	0.0	0.0	0.0	0.0	0.0	0.0	0.0	0.0	0.0	0.0	0.0	0.0	0.0	0.0	0.0	0.0	0.0	0.0	0.0	0.0	0.0	0.0	0.0	0.0	0.0	0.0	0.0	0.0	0.0	0.0	0.0	0.0	0.0	0.0	0.0	0.0
SRR5532637	3.0	590.0	33.0	41.0	22.0	2.0	9.0	156.0	0.0	5.0	815.0	36.0	714.0	615.0	7.0	311.0	4638.0	413.0	66.0	1190.0	1866.0	39.0	822.0	170.0	3741.0	417.0	504.0	0.0	18.0	8.0	110.0	116.0	1.0	556.0	9.0	61.0	6.0	1.0	429.0	10.0	440.0	16.0	229.0	12.0	67.0	4.0	52.0	82.0	678.0	578.0	130.0	66.0	248.0	69.0	53.0	149.0	143.0	0.0	2173.0	21.0	176.0	126.0	365.0	908.0	37.0	21.0	128.0	35.0	0.0	6.0	599.0	2.0	467.0	130.0	36.0	0.0	10.0	75.0	10.0	104.0	0.0	19.0	0.0	0.0	155.0	0.0	8.0	1234.0	0.0	0.0	8.0	45.0	17.0	0.0	128.0	73.0	59.0	23.0	14.0	0.0	14.0	24.0	0.0	0.0	0.0	29.0	0.0	22.0	0.0	20.0	2.0	23.0	14.0	0.0	0.0	0.0	10.0	32.0	0.0	9.0	109.0	0.0	29.0	268.0	0.0	39.0	8.0	0.0	7.0	26.0	15.0	0.0	0.0	0.0	0.0	0.0	49.0	0.0	11.0	32.0	0.0	136.0	61.0	0.0	329.0	92.0	0.0	0.0	2.0	39.0	0.0	0.0	0.0	14.0	127.0	0.0	159.0	1.0	9.0	53.0	31.0	0.0	0.0	5.0	27.0	0.0	23.0	14.0	2.0	0.0	0.0	49.0	584.0	0.0	0.0	551.0	9.0	0.0	0.0	0.0	6.0	0.0	0.0	74.0	26.0	0.0	34.0	0.0	0.0	9.0	0.0	0.0	0.0	0.0	18.0	0.0	17.0	32.0	0.0	0.0	2.0	0.0	8.0	9.0	0.0	0.0	0.0	0.0	0.0	0.0	0.0	0.0	0.0	0.0	0.0	0.0	7.0	156.0	0.0	0.0	0.0	32.0	0.0	7.0	0.0	0.0	0.0	0.0	1.0	0.0	23.0	9.0	0.0	0.0	0.0	0.0	0.0	0.0	0.0	0.0	0.0	0.0	0.0	2.0	0.0	11.0	0.0	0.0	0.0	0.0	0.0	0.0	0.0	0.0	0.0	17.0	0.0	0.0	0.0	16.0	0.0	0.0	0.0	0.0	0.0	0.0	0.0	0.0	0.0	0.0	0.0	0.0	0.0	0.0	0.0	0.0	0.0	0.0	0.0	0.0	0.0	0.0	0.0	0.0	0.0	0.0	0.0	0.0	0.0	0.0	0.0	0.0	0.0	0.0	0.0	0.0	0.0	0.0	0.0	0.0	0.0	0.0	0.0	0.0	0.0	0.0	0.0	0.0	0.0	0.0	0.0	0.0	0.0	0.0	0.0	0.0	0.0	0.0	0.0	0.0	0.0	0.0	0.0	0.0	0.0	0.0	0.0	0.0	0.0	0.0	0.0	0.0
SRR5532638	0.0	0.0	4.0	0.0	0.0	3.0	22.0	0.0	0.0	0.0	0.0	593.0	355.0	60.0	0.0	5.0	9.0	0.0	4.0	20.0	255.0	0.0	308.0	33.0	5595.0	28.0	0.0	0.0	23.0	0.0	347.0	0.0	0.0	0.0	0.0	6.0	0.0	0.0	12.0	5.0	0.0	2.0	0.0	0.0	0.0	0.0	0.0	110.0	0.0	42.0	85.0	3.0	5.0	3.0	0.0	33.0	3.0	0.0	240.0	159.0	36.0	5.0	142.0	23.0	6.0	3.0	117.0	0.0	0.0	215.0	252.0	1.0	0.0	2.0	0.0	0.0	0.0	0.0	0.0	0.0	0.0	47.0	4.0	0.0	17.0	0.0	0.0	93.0	0.0	0.0	0.0	0.0	18.0	0.0	93.0	0.0	0.0	1.0	814.0	0.0	0.0	48.0	0.0	0.0	6.0	0.0	0.0	2.0	0.0	24.0	0.0	11.0	2.0	0.0	0.0	0.0	0.0	0.0	0.0	0.0	0.0	0.0	1.0	8.0	0.0	79.0	0.0	0.0	25.0	0.0	2258.0	0.0	0.0	0.0	0.0	0.0	52.0	0.0	0.0	0.0	0.0	0.0	0.0	0.0	27.0	0.0	0.0	0.0	0.0	7.0	5.0	0.0	0.0	0.0	0.0	0.0	0.0	0.0	0.0	3.0	0.0	0.0	3.0	0.0	0.0	0.0	0.0	0.0	0.0	0.0	0.0	0.0	48.0	0.0	0.0	19.0	0.0	22.0	0.0	0.0	0.0	0.0	0.0	0.0	0.0	0.0	0.0	2.0	0.0	0.0	0.0	0.0	0.0	0.0	0.0	6.0	0.0	12.0	0.0	0.0	0.0	0.0	0.0	9.0	0.0	0.0	0.0	0.0	0.0	0.0	0.0	0.0	0.0	0.0	0.0	0.0	0.0	0.0	0.0	0.0	0.0	0.0	0.0	0.0	0.0	0.0	0.0	0.0	0.0	0.0	0.0	0.0	0.0	0.0	0.0	0.0	0.0	0.0	0.0	0.0	0.0	0.0	0.0	0.0	0.0	0.0	0.0	0.0	0.0	0.0	0.0	0.0	0.0	0.0	0.0	0.0	0.0	0.0	0.0	0.0	0.0	0.0	0.0	0.0	0.0	0.0	0.0	0.0	0.0	0.0	0.0	0.0	0.0	0.0	0.0	0.0	0.0	0.0	0.0	0.0	0.0	0.0	0.0	0.0	0.0	0.0	0.0	0.0	0.0	0.0	73.0	0.0	0.0	0.0	0.0	0.0	0.0	0.0	0.0	0.0	0.0	0.0	0.0	0.0	0.0	0.0	0.0	0.0	0.0	0.0	0.0	0.0	0.0	0.0	0.0	0.0	0.0	0.0	0.0	0.0	0.0	0.0	0.0	0.0	0.0	0.0	0.0	0.0	0.0	0.0	0.0	0.0
SRR5532639	0.0	18.0	16.0	0.0	6.0	0.0	0.0	3.0	0.0	0.0	0.0	965.0	784.0	93.0	0.0	1.0	0.0	4.0	4.0	85.0	495.0	0.0	1358.0	67.0	3081.0	18.0	0.0	0.0	13.0	4.0	62.0	0.0	0.0	0.0	0.0	18.0	0.0	0.0	43.0	0.0	0.0	0.0	3.0	0.0	0.0	0.0	3.0	304.0	0.0	42.0	136.0	4.0	10.0	5.0	3.0	39.0	0.0	0.0	332.0	209.0	115.0	0.0	732.0	56.0	0.0	0.0	304.0	0.0	0.0	0.0	279.0	0.0	0.0	4.0	0.0	0.0	0.0	0.0	0.0	0.0	0.0	23.0	0.0	0.0	49.0	0.0	0.0	143.0	0.0	0.0	0.0	0.0	7.0	0.0	105.0	0.0	0.0	0.0	1005.0	6.0	0.0	226.0	0.0	0.0	0.0	0.0	0.0	0.0	0.0	197.0	0.0	8.0	14.0	0.0	0.0	56.0	0.0	3.0	0.0	9.0	0.0	0.0	0.0	0.0	0.0	23.0	0.0	0.0	0.0	3.0	192.0	0.0	0.0	1.0	0.0	0.0	46.0	0.0	0.0	0.0	0.0	0.0	0.0	0.0	49.0	0.0	0.0	0.0	0.0	0.0	0.0	0.0	0.0	0.0	0.0	0.0	0.0	0.0	0.0	0.0	3.0	0.0	0.0	0.0	0.0	0.0	0.0	1.0	0.0	0.0	0.0	12.0	40.0	0.0	0.0	292.0	0.0	29.0	0.0	0.0	0.0	0.0	0.0	0.0	0.0	0.0	0.0	0.0	0.0	0.0	0.0	0.0	0.0	0.0	0.0	0.0	0.0	7.0	0.0	0.0	0.0	0.0	0.0	14.0	0.0	0.0	0.0	4.0	0.0	0.0	0.0	0.0	0.0	0.0	0.0	0.0	0.0	0.0	0.0	0.0	0.0	0.0	0.0	0.0	0.0	0.0	0.0	0.0	0.0	0.0	0.0	0.0	0.0	0.0	0.0	0.0	0.0	0.0	0.0	0.0	0.0	0.0	0.0	0.0	0.0	0.0	0.0	0.0	0.0	0.0	0.0	0.0	0.0	0.0	0.0	0.0	0.0	0.0	0.0	0.0	0.0	15.0	0.0	0.0	0.0	0.0	0.0	0.0	0.0	0.0	0.0	0.0	0.0	0.0	0.0	0.0	0.0	0.0	0.0	0.0	0.0	0.0	0.0	0.0	0.0	0.0	0.0	0.0	0.0	0.0	11.0	0.0	0.0	0.0	0.0	0.0	0.0	0.0	0.0	0.0	0.0	0.0	0.0	0.0	0.0	0.0	0.0	0.0	0.0	0.0	0.0	0.0	0.0	0.0	0.0	0.0	0.0	0.0	0.0	0.0	0.0	0.0	0.0	0.0	0.0	0.0	0.0	0.0	0.0	0.0	0.0	0.0
SRR5532640	0.0	3.0	0.0	0.0	0.0	0.0	228.0	4.0	0.0	0.0	0.0	542.0	396.0	546.0	0.0	5.0	14.0	0.0	3.0	14.0	75.0	0.0	59.0	650.0	2833.0	15.0	0.0	0.0	14.0	33.0	38.0	0.0	0.0	4.0	0.0	0.0	0.0	10.0	87.0	0.0	0.0	3.0	6.0	0.0	0.0	0.0	20.0	44.0	0.0	49.0	0.0	0.0	14.0	0.0	27.0	13.0	22.0	0.0	54.0	729.0	80.0	13.0	381.0	549.0	0.0	1.0	305.0	3.0	0.0	0.0	1941.0	0.0	0.0	0.0	0.0	0.0	0.0	0.0	0.0	18.0	2.0	55.0	0.0	0.0	41.0	5.0	0.0	18.0	0.0	0.0	0.0	55.0	13.0	0.0	354.0	0.0	0.0	5.0	1185.0	0.0	0.0	46.0	0.0	0.0	29.0	0.0	0.0	2.0	0.0	6.0	0.0	8.0	2.0	0.0	0.0	34.0	0.0	0.0	0.0	0.0	0.0	0.0	0.0	6.0	0.0	8.0	0.0	0.0	0.0	3.0	675.0	0.0	0.0	0.0	0.0	0.0	14.0	0.0	0.0	0.0	0.0	0.0	0.0	0.0	14.0	5.0	0.0	0.0	0.0	1.0	0.0	0.0	0.0	0.0	0.0	5.0	53.0	0.0	0.0	8.0	10.0	0.0	0.0	0.0	0.0	0.0	0.0	0.0	0.0	52.0	0.0	0.0	10.0	0.0	2.0	33.0	0.0	46.0	0.0	7.0	0.0	0.0	0.0	0.0	5.0	0.0	0.0	0.0	0.0	0.0	0.0	0.0	0.0	0.0	0.0	27.0	0.0	0.0	0.0	0.0	0.0	0.0	0.0	55.0	0.0	0.0	0.0	4.0	0.0	0.0	0.0	0.0	0.0	0.0	0.0	0.0	0.0	0.0	0.0	16.0	0.0	0.0	0.0	0.0	0.0	0.0	0.0	0.0	0.0	0.0	0.0	0.0	0.0	0.0	0.0	0.0	0.0	0.0	0.0	0.0	0.0	0.0	0.0	0.0	0.0	0.0	0.0	0.0	0.0	0.0	0.0	0.0	0.0	0.0	0.0	0.0	0.0	0.0	0.0	0.0	0.0	13.0	0.0	0.0	0.0	0.0	0.0	0.0	0.0	0.0	0.0	0.0	0.0	0.0	0.0	0.0	0.0	0.0	0.0	0.0	0.0	0.0	0.0	0.0	0.0	0.0	0.0	0.0	0.0	0.0	0.0	0.0	7.0	0.0	0.0	0.0	0.0	0.0	0.0	0.0	0.0	0.0	0.0	0.0	0.0	0.0	0.0	0.0	0.0	0.0	0.0	0.0	0.0	0.0	0.0	0.0	0.0	0.0	0.0	0.0	0.0	0.0	0.0	0.0	0.0	0.0	0.0	0.0	0.0	0.0	0.0	0.0
SRR5532641	0.0	8.0	0.0	0.0	0.0	0.0	465.0	0.0	0.0	0.0	0.0	513.0	764.0	106.0	0.0	5.0	0.0	0.0	0.0	26.0	212.0	5.0	375.0	224.0	6764.0	10.0	0.0	0.0	0.0	19.0	413.0	0.0	0.0	0.0	0.0	0.0	0.0	0.0	25.0	0.0	0.0	0.0	0.0	0.0	0.0	0.0	0.0	119.0	0.0	58.0	80.0	0.0	5.0	0.0	15.0	7.0	0.0	0.0	203.0	490.0	124.0	0.0	472.0	458.0	0.0	0.0	120.0	0.0	0.0	55.0	3640.0	0.0	0.0	3.0	0.0	0.0	0.0	0.0	0.0	0.0	0.0	66.0	0.0	0.0	29.0	0.0	0.0	96.0	0.0	0.0	0.0	10.0	0.0	3.0	614.0	0.0	0.0	8.0	881.0	5.0	0.0	73.0	0.0	0.0	39.0	0.0	0.0	0.0	0.0	0.0	0.0	27.0	4.0	0.0	0.0	19.0	0.0	0.0	0.0	4.0	0.0	0.0	0.0	8.0	0.0	28.0	0.0	0.0	4.0	7.0	1561.0	47.0	0.0	2.0	0.0	0.0	165.0	0.0	0.0	0.0	2.0	0.0	0.0	0.0	22.0	0.0	0.0	0.0	0.0	4.0	0.0	0.0	0.0	0.0	4.0	0.0	33.0	0.0	5.0	0.0	0.0	0.0	0.0	0.0	0.0	0.0	0.0	2.0	0.0	479.0	0.0	0.0	15.0	4.0	0.0	323.0	0.0	34.0	0.0	38.0	0.0	0.0	0.0	0.0	0.0	0.0	0.0	0.0	0.0	0.0	0.0	0.0	0.0	0.0	0.0	6.0	0.0	4.0	0.0	0.0	0.0	0.0	0.0	6.0	0.0	0.0	0.0	0.0	0.0	0.0	0.0	0.0	0.0	0.0	0.0	3.0	0.0	0.0	0.0	0.0	0.0	0.0	0.0	0.0	0.0	0.0	0.0	0.0	0.0	0.0	0.0	0.0	0.0	0.0	0.0	0.0	0.0	0.0	0.0	0.0	0.0	0.0	0.0	0.0	0.0	0.0	0.0	0.0	0.0	0.0	0.0	0.0	0.0	0.0	0.0	0.0	0.0	0.0	0.0	0.0	0.0	12.0	0.0	0.0	0.0	0.0	0.0	0.0	0.0	0.0	0.0	0.0	0.0	0.0	0.0	0.0	0.0	0.0	0.0	0.0	0.0	0.0	0.0	0.0	0.0	0.0	0.0	0.0	0.0	0.0	165.0	0.0	0.0	0.0	0.0	0.0	0.0	0.0	0.0	0.0	0.0	0.0	0.0	0.0	0.0	0.0	0.0	0.0	0.0	0.0	0.0	0.0	0.0	0.0	0.0	0.0	0.0	0.0	0.0	0.0	0.0	0.0	0.0	0.0	0.0	0.0	0.0	0.0	0.0	0.0	0.0	0.0
SRR5532642	0.0	0.0	12.0	0.0	0.0	7.0	99.0	0.0	0.0	14.0	0.0	270.0	858.0	63.0	0.0	41.0	20.0	3.0	4.0	5.0	107.0	11.0	1819.0	323.0	2129.0	41.0	0.0	0.0	20.0	77.0	113.0	0.0	0.0	0.0	0.0	31.0	0.0	13.0	23.0	0.0	0.0	0.0	7.0	0.0	0.0	0.0	30.0	276.0	0.0	119.0	454.0	14.0	0.0	7.0	60.0	69.0	0.0	0.0	2117.0	143.0	77.0	0.0	82.0	44.0	17.0	5.0	56.0	0.0	0.0	12.0	769.0	0.0	9.0	3.0	0.0	0.0	0.0	2.0	0.0	0.0	0.0	18.0	6.0	0.0	20.0	0.0	0.0	111.0	0.0	21.0	0.0	0.0	20.0	9.0	199.0	0.0	2.0	191.0	150.0	26.0	0.0	250.0	0.0	0.0	0.0	0.0	0.0	0.0	0.0	0.0	0.0	20.0	0.0	0.0	0.0	21.0	0.0	0.0	2.0	0.0	0.0	0.0	0.0	45.0	0.0	72.0	0.0	0.0	33.0	0.0	615.0	0.0	0.0	0.0	0.0	0.0	160.0	0.0	0.0	0.0	8.0	0.0	0.0	0.0	38.0	3.0	0.0	0.0	0.0	98.0	0.0	0.0	0.0	3.0	68.0	0.0	22.0	0.0	0.0	16.0	2.0	0.0	0.0	0.0	0.0	0.0	0.0	0.0	0.0	23.0	0.0	0.0	22.0	0.0	0.0	114.0	0.0	9.0	0.0	9.0	0.0	0.0	0.0	0.0	0.0	0.0	0.0	8.0	0.0	0.0	0.0	0.0	0.0	0.0	0.0	43.0	4.0	4.0	0.0	0.0	0.0	0.0	0.0	6.0	0.0	0.0	0.0	0.0	0.0	0.0	0.0	0.0	0.0	0.0	0.0	0.0	0.0	0.0	0.0	0.0	0.0	0.0	0.0	0.0	0.0	0.0	0.0	0.0	0.0	0.0	0.0	0.0	0.0	0.0	0.0	0.0	0.0	0.0	0.0	0.0	0.0	0.0	0.0	0.0	0.0	0.0	0.0	0.0	0.0	0.0	0.0	0.0	0.0	0.0	0.0	0.0	0.0	0.0	0.0	0.0	0.0	0.0	0.0	0.0	0.0	0.0	0.0	0.0	0.0	0.0	0.0	0.0	0.0	0.0	0.0	0.0	0.0	0.0	0.0	0.0	0.0	0.0	0.0	0.0	0.0	0.0	0.0	0.0	0.0	0.0	0.0	0.0	0.0	0.0	0.0	0.0	0.0	0.0	0.0	0.0	0.0	0.0	0.0	0.0	0.0	0.0	0.0	0.0	0.0	0.0	0.0	0.0	0.0	0.0	0.0	0.0	0.0	0.0	0.0	0.0	0.0	0.0	0.0	0.0	0.0	0.0	0.0	0.0	0.0	0.0	0.0	0.0
SRR5532644	0.0	0.0	16.0	0.0	3.0	0.0	57.0	5.0	0.0	0.0	0.0	260.0	765.0	87.0	0.0	0.0	13.0	0.0	3.0	6.0	26.0	11.0	1301.0	55.0	3538.0	37.0	35.0	0.0	0.0	0.0	64.0	0.0	0.0	0.0	0.0	914.0	0.0	0.0	0.0	0.0	0.0	0.0	4.0	0.0	0.0	0.0	0.0	69.0	0.0	48.0	246.0	8.0	13.0	0.0	4.0	18.0	0.0	0.0	2172.0	48.0	87.0	0.0	167.0	37.0	0.0	0.0	48.0	0.0	0.0	203.0	376.0	0.0	0.0	0.0	0.0	0.0	0.0	0.0	0.0	0.0	0.0	90.0	2.0	0.0	6.0	0.0	0.0	71.0	0.0	3.0	10.0	0.0	10.0	1.0	14.0	0.0	0.0	97.0	117.0	0.0	0.0	177.0	0.0	0.0	0.0	0.0	0.0	0.0	0.0	0.0	0.0	0.0	1.0	0.0	0.0	4.0	0.0	0.0	0.0	5.0	0.0	0.0	0.0	22.0	0.0	23.0	0.0	0.0	0.0	0.0	1905.0	0.0	0.0	0.0	0.0	0.0	81.0	0.0	0.0	0.0	10.0	0.0	0.0	0.0	48.0	15.0	0.0	0.0	0.0	4.0	0.0	0.0	0.0	0.0	195.0	0.0	10.0	0.0	0.0	0.0	0.0	0.0	0.0	0.0	0.0	0.0	0.0	0.0	0.0	52.0	0.0	7.0	5.0	0.0	0.0	113.0	0.0	0.0	0.0	0.0	0.0	0.0	0.0	0.0	0.0	0.0	0.0	0.0	0.0	0.0	0.0	0.0	0.0	0.0	0.0	0.0	0.0	0.0	0.0	0.0	0.0	0.0	0.0	6.0	0.0	0.0	0.0	0.0	0.0	0.0	8.0	0.0	0.0	0.0	0.0	0.0	0.0	0.0	0.0	0.0	0.0	0.0	0.0	0.0	0.0	0.0	0.0	0.0	0.0	0.0	0.0	0.0	0.0	0.0	0.0	0.0	0.0	0.0	0.0	0.0	0.0	3.0	0.0	0.0	0.0	0.0	0.0	0.0	0.0	0.0	0.0	0.0	0.0	0.0	0.0	0.0	0.0	0.0	0.0	0.0	0.0	16.0	0.0	0.0	0.0	0.0	0.0	0.0	0.0	0.0	0.0	0.0	0.0	0.0	0.0	0.0	0.0	0.0	0.0	0.0	0.0	0.0	0.0	0.0	0.0	0.0	0.0	0.0	0.0	0.0	0.0	0.0	0.0	0.0	0.0	0.0	0.0	0.0	0.0	0.0	0.0	0.0	0.0	0.0	0.0	0.0	0.0	0.0	0.0	0.0	0.0	0.0	0.0	0.0	0.0	0.0	0.0	0.0	0.0	0.0	0.0	0.0	0.0	0.0	0.0	0.0	0.0	0.0	0.0	0.0	0.0	0.0
SRR5532645	0.0	6.0	18.0	0.0	0.0	0.0	102.0	10.0	0.0	0.0	0.0	283.0	733.0	95.0	0.0	0.0	15.0	0.0	0.0	28.0	157.0	0.0	1421.0	117.0	5026.0	13.0	0.0	0.0	8.0	27.0	173.0	0.0	0.0	0.0	0.0	20.0	0.0	28.0	4.0	4.0	0.0	0.0	0.0	0.0	0.0	0.0	0.0	205.0	7.0	60.0	134.0	0.0	12.0	0.0	19.0	116.0	0.0	0.0	2179.0	138.0	74.0	0.0	96.0	106.0	0.0	0.0	57.0	0.0	0.0	43.0	916.0	0.0	0.0	3.0	0.0	0.0	0.0	0.0	0.0	0.0	0.0	66.0	0.0	0.0	21.0	0.0	0.0	117.0	0.0	0.0	10.0	14.0	18.0	33.0	43.0	0.0	2.0	115.0	183.0	182.0	0.0	133.0	0.0	2.0	11.0	0.0	0.0	0.0	0.0	0.0	0.0	7.0	0.0	0.0	0.0	18.0	0.0	0.0	0.0	3.0	0.0	0.0	0.0	14.0	0.0	56.0	0.0	0.0	0.0	5.0	1402.0	0.0	0.0	0.0	0.0	0.0	199.0	0.0	0.0	0.0	4.0	0.0	0.0	0.0	41.0	0.0	0.0	0.0	0.0	74.0	0.0	0.0	7.0	0.0	99.0	0.0	18.0	0.0	7.0	0.0	0.0	0.0	0.0	0.0	0.0	2.0	0.0	0.0	0.0	12.0	0.0	0.0	14.0	0.0	0.0	485.0	0.0	23.0	0.0	22.0	0.0	0.0	0.0	0.0	0.0	0.0	0.0	0.0	0.0	0.0	0.0	0.0	0.0	0.0	0.0	0.0	0.0	0.0	0.0	0.0	0.0	0.0	0.0	12.0	0.0	0.0	0.0	0.0	0.0	0.0	0.0	0.0	0.0	0.0	0.0	0.0	0.0	0.0	0.0	0.0	0.0	0.0	0.0	0.0	0.0	0.0	0.0	0.0	0.0	0.0	0.0	0.0	0.0	0.0	0.0	0.0	0.0	0.0	0.0	0.0	0.0	0.0	0.0	0.0	0.0	0.0	0.0	0.0	0.0	0.0	0.0	0.0	0.0	0.0	0.0	0.0	0.0	0.0	0.0	0.0	0.0	0.0	0.0	0.0	0.0	0.0	0.0	0.0	0.0	0.0	0.0	0.0	0.0	0.0	0.0	0.0	0.0	0.0	0.0	0.0	0.0	0.0	0.0	0.0	0.0	0.0	0.0	0.0	0.0	4.0	0.0	0.0	0.0	0.0	0.0	0.0	0.0	0.0	0.0	0.0	0.0	0.0	0.0	0.0	0.0	0.0	0.0	0.0	0.0	0.0	0.0	0.0	0.0	0.0	0.0	0.0	0.0	0.0	0.0	0.0	0.0	0.0	0.0	0.0	0.0	0.0	0.0	0.0	0.0	0.0	0.0	0.0
SRR5532649	0.0	0.0	0.0	0.0	0.0	0.0	5.0	18.0	0.0	13.0	0.0	582.0	1089.0	565.0	0.0	0.0	0.0	1.0	0.0	4.0	208.0	105.0	509.0	253.0	2440.0	21.0	3.0	0.0	14.0	70.0	143.0	7.0	0.0	14.0	0.0	0.0	0.0	12.0	34.0	0.0	0.0	0.0	15.0	0.0	0.0	0.0	0.0	92.0	0.0	1336.0	155.0	23.0	8.0	0.0	4.0	38.0	4.0	0.0	336.0	465.0	91.0	0.0	579.0	90.0	0.0	3.0	127.0	0.0	0.0	0.0	659.0	3.0	0.0	0.0	0.0	0.0	0.0	0.0	0.0	0.0	0.0	413.0	0.0	0.0	22.0	2.0	0.0	57.0	0.0	6.0	0.0	11.0	50.0	168.0	128.0	0.0	4.0	26.0	498.0	1.0	0.0	162.0	0.0	0.0	0.0	0.0	0.0	0.0	0.0	211.0	0.0	5.0	0.0	0.0	0.0	29.0	0.0	0.0	0.0	0.0	0.0	0.0	0.0	11.0	0.0	84.0	0.0	0.0	0.0	3.0	2012.0	3.0	0.0	0.0	0.0	0.0	72.0	0.0	0.0	0.0	0.0	0.0	0.0	0.0	18.0	0.0	0.0	0.0	0.0	0.0	0.0	0.0	0.0	0.0	156.0	0.0	111.0	0.0	0.0	0.0	3.0	0.0	0.0	0.0	0.0	0.0	0.0	0.0	0.0	59.0	0.0	0.0	9.0	0.0	0.0	97.0	0.0	50.0	0.0	0.0	0.0	0.0	0.0	0.0	0.0	0.0	0.0	58.0	0.0	0.0	0.0	0.0	0.0	0.0	0.0	15.0	0.0	0.0	0.0	0.0	0.0	0.0	0.0	48.0	0.0	0.0	0.0	0.0	0.0	0.0	0.0	0.0	0.0	0.0	0.0	0.0	0.0	0.0	0.0	0.0	0.0	0.0	0.0	0.0	0.0	0.0	0.0	0.0	0.0	0.0	0.0	0.0	0.0	0.0	0.0	0.0	0.0	0.0	0.0	0.0	0.0	0.0	0.0	0.0	0.0	0.0	0.0	0.0	0.0	0.0	0.0	0.0	0.0	0.0	0.0	3.0	0.0	0.0	0.0	0.0	0.0	43.0	0.0	0.0	0.0	0.0	0.0	0.0	0.0	0.0	0.0	0.0	0.0	0.0	0.0	0.0	0.0	0.0	0.0	0.0	0.0	0.0	0.0	0.0	0.0	0.0	0.0	0.0	0.0	0.0	0.0	0.0	0.0	0.0	0.0	0.0	0.0	0.0	0.0	0.0	0.0	0.0	0.0	0.0	0.0	0.0	0.0	0.0	0.0	0.0	0.0	0.0	0.0	0.0	0.0	0.0	0.0	0.0	0.0	0.0	0.0	0.0	0.0	0.0	0.0	0.0	0.0	0.0	0.0	0.0	0.0	0.0
SRR5532650	0.0	0.0	0.0	0.0	5.0	0.0	19.0	7.0	0.0	0.0	0.0	917.0	1615.0	216.0	0.0	9.0	0.0	0.0	0.0	32.0	377.0	0.0	1279.0	107.0	3211.0	46.0	0.0	0.0	15.0	0.0	63.0	0.0	0.0	0.0	0.0	44.0	0.0	11.0	0.0	4.0	0.0	0.0	3.0	0.0	0.0	0.0	1.0	137.0	3.0	113.0	41.0	0.0	17.0	4.0	29.0	138.0	1.0	0.0	1449.0	230.0	91.0	0.0	118.0	86.0	0.0	11.0	101.0	0.0	0.0	0.0	691.0	0.0	0.0	6.0	0.0	0.0	0.0	0.0	0.0	3.0	0.0	10.0	0.0	0.0	27.0	0.0	0.0	207.0	14.0	6.0	22.0	10.0	11.0	84.0	95.0	2.0	0.0	19.0	1035.0	17.0	0.0	296.0	0.0	0.0	103.0	0.0	0.0	0.0	0.0	29.0	3.0	48.0	0.0	0.0	0.0	26.0	0.0	0.0	0.0	1.0	0.0	0.0	0.0	0.0	0.0	243.0	0.0	0.0	2.0	0.0	226.0	17.0	0.0	0.0	0.0	0.0	132.0	0.0	0.0	18.0	6.0	0.0	0.0	0.0	105.0	2.0	0.0	0.0	0.0	3.0	0.0	0.0	0.0	0.0	767.0	0.0	50.0	0.0	5.0	0.0	2.0	0.0	0.0	0.0	0.0	5.0	0.0	0.0	0.0	64.0	0.0	0.0	0.0	0.0	0.0	312.0	0.0	54.0	0.0	7.0	0.0	0.0	0.0	17.0	19.0	0.0	0.0	0.0	0.0	0.0	0.0	0.0	0.0	0.0	0.0	0.0	16.0	9.0	0.0	0.0	0.0	0.0	0.0	47.0	0.0	0.0	0.0	0.0	0.0	0.0	0.0	0.0	0.0	0.0	0.0	0.0	0.0	0.0	0.0	0.0	0.0	0.0	0.0	0.0	0.0	0.0	0.0	0.0	0.0	0.0	0.0	0.0	0.0	0.0	3.0	0.0	0.0	0.0	0.0	0.0	0.0	0.0	0.0	0.0	0.0	0.0	0.0	0.0	0.0	0.0	0.0	0.0	0.0	0.0	0.0	0.0	0.0	0.0	0.0	0.0	0.0	0.0	0.0	0.0	0.0	0.0	0.0	0.0	0.0	0.0	0.0	0.0	0.0	0.0	0.0	0.0	0.0	0.0	0.0	0.0	0.0	0.0	0.0	0.0	0.0	0.0	0.0	0.0	0.0	0.0	0.0	0.0	0.0	0.0	0.0	0.0	0.0	2.0	0.0	0.0	0.0	0.0	0.0	0.0	0.0	0.0	0.0	0.0	0.0	0.0	0.0	0.0	0.0	0.0	0.0	0.0	0.0	0.0	0.0	0.0	0.0	0.0	0.0	0.0	0.0	0.0	0.0	0.0	0.0	0.0	0.0	0.0
SRR5532651	0.0	1.0	0.0	0.0	7.0	0.0	128.0	6.0	0.0	0.0	0.0	564.0	727.0	85.0	0.0	0.0	2.0	0.0	2.0	0.0	125.0	0.0	1128.0	25.0	4758.0	8.0	0.0	0.0	16.0	19.0	129.0	4.0	0.0	2.0	0.0	43.0	0.0	8.0	7.0	0.0	0.0	0.0	12.0	0.0	2.0	0.0	0.0	160.0	0.0	90.0	214.0	14.0	0.0	0.0	8.0	146.0	0.0	0.0	1446.0	85.0	39.0	0.0	70.0	39.0	0.0	8.0	79.0	0.0	0.0	0.0	657.0	0.0	0.0	3.0	0.0	0.0	0.0	0.0	0.0	0.0	0.0	31.0	0.0	0.0	29.0	0.0	0.0	172.0	0.0	0.0	0.0	0.0	22.0	47.0	337.0	0.0	0.0	280.0	13.0	28.0	0.0	200.0	0.0	0.0	206.0	0.0	0.0	0.0	20.0	25.0	0.0	0.0	0.0	0.0	0.0	3.0	0.0	0.0	0.0	7.0	0.0	0.0	0.0	0.0	0.0	388.0	0.0	0.0	6.0	0.0	339.0	9.0	0.0	0.0	0.0	0.0	10.0	0.0	0.0	0.0	0.0	0.0	0.0	0.0	50.0	0.0	0.0	8.0	0.0	21.0	0.0	0.0	0.0	0.0	53.0	0.0	34.0	0.0	0.0	0.0	0.0	0.0	0.0	0.0	0.0	3.0	0.0	2.0	0.0	9.0	0.0	0.0	0.0	3.0	0.0	266.0	0.0	0.0	0.0	5.0	0.0	0.0	0.0	0.0	0.0	0.0	0.0	0.0	0.0	0.0	0.0	0.0	0.0	2.0	0.0	0.0	0.0	0.0	0.0	0.0	0.0	0.0	0.0	2.0	0.0	0.0	3.0	0.0	0.0	0.0	0.0	0.0	0.0	0.0	0.0	0.0	0.0	0.0	0.0	0.0	0.0	0.0	0.0	0.0	0.0	0.0	0.0	0.0	0.0	0.0	0.0	0.0	0.0	0.0	0.0	0.0	0.0	0.0	0.0	0.0	0.0	0.0	0.0	0.0	0.0	0.0	0.0	0.0	0.0	0.0	0.0	0.0	0.0	0.0	0.0	0.0	0.0	0.0	0.0	0.0	0.0	0.0	0.0	0.0	0.0	0.0	0.0	0.0	0.0	0.0	0.0	0.0	0.0	0.0	0.0	0.0	0.0	0.0	0.0	0.0	0.0	0.0	0.0	0.0	0.0	0.0	0.0	0.0	0.0	0.0	0.0	0.0	0.0	0.0	0.0	0.0	0.0	0.0	0.0	0.0	0.0	0.0	0.0	0.0	0.0	0.0	0.0	0.0	0.0	0.0	0.0	0.0	0.0	0.0	0.0	0.0	0.0	0.0	0.0	0.0	0.0	0.0	0.0	0.0	0.0	0.0	0.0	0.0	0.0	0.0	0.0	0.0
SRR5532652	5.0	23.0	0.0	0.0	0.0	5.0	3.0	16.0	0.0	5.0	0.0	382.0	921.0	0.0	0.0	3.0	44.0	11.0	4.0	29.0	108.0	28.0	3826.0	20.0	1464.0	29.0	22.0	0.0	15.0	0.0	146.0	0.0	0.0	0.0	0.0	12.0	0.0	0.0	27.0	0.0	0.0	0.0	3.0	0.0	0.0	0.0	11.0	436.0	0.0	37.0	397.0	12.0	26.0	0.0	7.0	0.0	0.0	0.0	2941.0	43.0	151.0	1.0	204.0	48.0	1.0	2.0	102.0	0.0	0.0	144.0	535.0	0.0	0.0	0.0	0.0	0.0	0.0	0.0	0.0	0.0	0.0	9.0	2.0	3.0	168.0	0.0	2.0	195.0	0.0	21.0	0.0	2.0	20.0	0.0	0.0	0.0	0.0	90.0	21.0	0.0	0.0	420.0	0.0	0.0	0.0	0.0	0.0	0.0	0.0	0.0	0.0	2.0	0.0	0.0	0.0	0.0	0.0	0.0	0.0	0.0	0.0	0.0	7.0	34.0	0.0	518.0	0.0	0.0	7.0	0.0	2003.0	10.0	0.0	0.0	0.0	0.0	227.0	0.0	0.0	0.0	0.0	0.0	0.0	0.0	70.0	28.0	0.0	0.0	0.0	120.0	0.0	0.0	0.0	0.0	315.0	0.0	0.0	0.0	0.0	0.0	0.0	0.0	0.0	0.0	0.0	0.0	1.0	0.0	0.0	0.0	0.0	0.0	53.0	2.0	0.0	447.0	0.0	0.0	0.0	0.0	0.0	0.0	0.0	0.0	0.0	0.0	0.0	0.0	0.0	0.0	0.0	0.0	0.0	0.0	0.0	2.0	0.0	0.0	0.0	0.0	0.0	0.0	0.0	4.0	0.0	0.0	0.0	0.0	0.0	0.0	0.0	0.0	0.0	0.0	0.0	0.0	0.0	0.0	0.0	0.0	0.0	0.0	0.0	0.0	0.0	0.0	0.0	0.0	0.0	0.0	0.0	0.0	0.0	0.0	0.0	0.0	0.0	0.0	0.0	0.0	0.0	0.0	0.0	0.0	0.0	0.0	0.0	0.0	0.0	0.0	0.0	0.0	0.0	0.0	0.0	0.0	0.0	0.0	0.0	0.0	0.0	0.0	0.0	0.0	0.0	0.0	0.0	0.0	0.0	0.0	0.0	0.0	0.0	0.0	0.0	0.0	0.0	0.0	0.0	0.0	0.0	0.0	0.0	0.0	0.0	0.0	0.0	0.0	0.0	0.0	0.0	0.0	0.0	0.0	0.0	0.0	0.0	0.0	0.0	0.0	0.0	0.0	0.0	0.0	0.0	0.0	0.0	0.0	0.0	0.0	0.0	0.0	0.0	0.0	0.0	0.0	0.0	0.0	0.0	0.0	0.0	0.0	0.0	0.0	0.0	0.0	0.0	0.0	0.0	0.0	0.0	0.0
SRR5532653	0.0	0.0	0.0	0.0	0.0	3.0	50.0	0.0	0.0	0.0	0.0	509.0	743.0	282.0	0.0	0.0	15.0	0.0	0.0	10.0	273.0	30.0	128.0	135.0	2062.0	32.0	0.0	0.0	20.0	7.0	37.0	0.0	0.0	1.0	0.0	0.0	0.0	8.0	61.0	0.0	0.0	2.0	16.0	0.0	0.0	0.0	1.0	0.0	0.0	723.0	41.0	11.0	17.0	3.0	21.0	52.0	60.0	0.0	155.0	976.0	72.0	1.0	499.0	72.0	0.0	0.0	133.0	0.0	0.0	4.0	314.0	0.0	8.0	0.0	0.0	0.0	0.0	0.0	0.0	26.0	0.0	4.0	0.0	0.0	29.0	0.0	0.0	63.0	0.0	0.0	0.0	11.0	6.0	16.0	278.0	0.0	0.0	0.0	785.0	0.0	0.0	70.0	0.0	0.0	40.0	0.0	0.0	0.0	0.0	3.0	0.0	18.0	13.0	0.0	0.0	31.0	0.0	0.0	0.0	0.0	0.0	4.0	0.0	0.0	0.0	55.0	0.0	0.0	0.0	0.0	530.0	0.0	0.0	0.0	0.0	0.0	6.0	0.0	0.0	0.0	0.0	0.0	0.0	0.0	17.0	0.0	0.0	0.0	0.0	0.0	0.0	0.0	0.0	0.0	0.0	15.0	63.0	0.0	0.0	17.0	0.0	0.0	0.0	0.0	0.0	0.0	0.0	0.0	0.0	29.0	0.0	0.0	2.0	0.0	0.0	1110.0	0.0	51.0	0.0	12.0	0.0	0.0	0.0	0.0	0.0	0.0	0.0	11.0	0.0	0.0	3.0	0.0	0.0	0.0	0.0	14.0	28.0	0.0	0.0	0.0	0.0	0.0	0.0	24.0	0.0	0.0	0.0	0.0	0.0	0.0	0.0	0.0	0.0	0.0	0.0	0.0	0.0	0.0	0.0	7.0	0.0	0.0	0.0	0.0	3.0	0.0	0.0	0.0	0.0	0.0	0.0	0.0	0.0	0.0	0.0	4.0	0.0	0.0	0.0	0.0	0.0	0.0	0.0	0.0	0.0	0.0	0.0	0.0	0.0	0.0	0.0	0.0	0.0	0.0	0.0	0.0	0.0	0.0	0.0	0.0	0.0	11.0	0.0	0.0	0.0	0.0	0.0	0.0	0.0	0.0	0.0	0.0	0.0	0.0	0.0	0.0	0.0	0.0	0.0	0.0	0.0	0.0	0.0	0.0	0.0	0.0	0.0	0.0	0.0	0.0	0.0	0.0	0.0	0.0	0.0	0.0	0.0	0.0	0.0	0.0	0.0	0.0	0.0	0.0	0.0	0.0	0.0	0.0	0.0	0.0	0.0	0.0	0.0	0.0	0.0	0.0	0.0	0.0	0.0	0.0	0.0	0.0	0.0	0.0	0.0	0.0	0.0	0.0	0.0	0.0	0.0	0.0
SRR5532654	0.0	0.0	0.0	0.0	0.0	0.0	377.0	6.0	0.0	0.0	0.0	1060.0	1311.0	315.0	0.0	5.0	0.0	0.0	0.0	40.0	188.0	7.0	399.0	306.0	11563.0	2.0	0.0	0.0	2.0	6.0	278.0	0.0	0.0	0.0	0.0	9.0	0.0	2.0	57.0	0.0	0.0	0.0	0.0	0.0	0.0	0.0	0.0	133.0	0.0	29.0	28.0	19.0	12.0	4.0	8.0	47.0	0.0	0.0	98.0	4629.0	137.0	6.0	1109.0	344.0	0.0	9.0	158.0	0.0	0.0	67.0	4139.0	0.0	0.0	0.0	0.0	0.0	0.0	0.0	0.0	10.0	0.0	73.0	0.0	0.0	24.0	0.0	0.0	63.0	0.0	0.0	0.0	20.0	0.0	1.0	479.0	0.0	0.0	16.0	1681.0	0.0	0.0	63.0	0.0	0.0	24.0	0.0	0.0	0.0	0.0	39.0	0.0	18.0	2.0	0.0	0.0	0.0	0.0	9.0	0.0	1.0	0.0	0.0	2.0	15.0	0.0	162.0	0.0	0.0	0.0	0.0	3388.0	0.0	0.0	0.0	0.0	0.0	316.0	0.0	0.0	0.0	6.0	0.0	0.0	1.0	21.0	0.0	0.0	0.0	0.0	0.0	0.0	0.0	0.0	0.0	0.0	0.0	9.0	0.0	0.0	0.0	0.0	0.0	0.0	0.0	0.0	0.0	0.0	1.0	0.0	352.0	0.0	10.0	30.0	0.0	0.0	203.0	0.0	46.0	0.0	0.0	0.0	0.0	0.0	0.0	0.0	0.0	0.0	22.0	0.0	0.0	0.0	0.0	0.0	0.0	0.0	12.0	0.0	444.0	0.0	0.0	0.0	0.0	0.0	12.0	0.0	0.0	0.0	3.0	0.0	0.0	0.0	0.0	0.0	0.0	0.0	0.0	0.0	0.0	0.0	0.0	0.0	0.0	0.0	0.0	0.0	0.0	0.0	0.0	0.0	0.0	0.0	0.0	0.0	0.0	0.0	0.0	0.0	0.0	0.0	0.0	0.0	0.0	0.0	0.0	0.0	0.0	0.0	0.0	0.0	0.0	0.0	0.0	0.0	0.0	0.0	0.0	0.0	0.0	0.0	0.0	0.0	13.0	0.0	0.0	0.0	0.0	0.0	0.0	0.0	0.0	0.0	0.0	0.0	0.0	0.0	0.0	0.0	0.0	0.0	0.0	0.0	0.0	0.0	0.0	0.0	0.0	0.0	0.0	0.0	0.0	0.0	0.0	0.0	0.0	0.0	0.0	0.0	0.0	0.0	0.0	0.0	0.0	0.0	0.0	0.0	0.0	0.0	0.0	0.0	0.0	0.0	0.0	0.0	0.0	0.0	0.0	0.0	0.0	0.0	0.0	0.0	0.0	0.0	0.0	0.0	0.0	0.0	0.0	0.0	0.0	0.0	0.0
SRR5532655	0.0	5.0	6.0	0.0	0.0	2.0	28.0	9.0	0.0	0.0	0.0	163.0	375.0	124.0	0.0	0.0	12.0	5.0	0.0	22.0	14.0	0.0	728.0	54.0	6290.0	26.0	12.0	0.0	14.0	6.0	115.0	0.0	0.0	7.0	0.0	392.0	0.0	8.0	43.0	4.0	0.0	0.0	4.0	3.0	0.0	0.0	0.0	121.0	13.0	96.0	130.0	15.0	8.0	0.0	20.0	40.0	0.0	0.0	869.0	358.0	109.0	0.0	89.0	155.0	0.0	2.0	114.0	0.0	0.0	72.0	1045.0	0.0	0.0	3.0	1.0	0.0	0.0	0.0	0.0	2.0	0.0	69.0	5.0	0.0	49.0	0.0	0.0	65.0	0.0	9.0	3.0	2.0	10.0	39.0	36.0	0.0	1.0	27.0	706.0	4.0	0.0	103.0	0.0	0.0	0.0	0.0	0.0	0.0	0.0	6.0	0.0	14.0	0.0	0.0	0.0	10.0	0.0	0.0	0.0	2.0	0.0	0.0	0.0	0.0	0.0	399.0	0.0	0.0	4.0	2.0	731.0	7.0	0.0	0.0	0.0	0.0	80.0	0.0	0.0	0.0	0.0	2.0	0.0	0.0	21.0	0.0	0.0	0.0	0.0	9.0	0.0	0.0	0.0	0.0	196.0	0.0	64.0	0.0	0.0	0.0	0.0	0.0	0.0	0.0	0.0	2.0	0.0	0.0	0.0	49.0	0.0	1.0	3.0	0.0	0.0	165.0	0.0	25.0	0.0	22.0	0.0	0.0	0.0	0.0	0.0	0.0	0.0	0.0	0.0	0.0	0.0	0.0	0.0	0.0	0.0	6.0	0.0	0.0	0.0	0.0	0.0	0.0	0.0	4.0	0.0	0.0	0.0	0.0	0.0	0.0	7.0	0.0	0.0	0.0	0.0	0.0	0.0	0.0	0.0	0.0	0.0	0.0	0.0	0.0	0.0	0.0	0.0	0.0	0.0	0.0	0.0	0.0	0.0	0.0	0.0	0.0	0.0	0.0	0.0	0.0	0.0	0.0	0.0	0.0	0.0	0.0	0.0	0.0	0.0	0.0	0.0	0.0	0.0	0.0	0.0	0.0	0.0	0.0	0.0	0.0	0.0	13.0	0.0	0.0	0.0	0.0	0.0	0.0	0.0	0.0	0.0	0.0	0.0	0.0	0.0	0.0	0.0	0.0	0.0	0.0	0.0	0.0	0.0	0.0	0.0	0.0	0.0	0.0	0.0	0.0	0.0	0.0	0.0	0.0	0.0	0.0	0.0	0.0	0.0	0.0	0.0	0.0	0.0	0.0	0.0	0.0	0.0	0.0	0.0	0.0	0.0	0.0	0.0	0.0	0.0	0.0	0.0	0.0	0.0	0.0	0.0	0.0	0.0	0.0	0.0	0.0	0.0	0.0	0.0	0.0	0.0	0.0
SRR5532656	0.0	31.0	0.0	0.0	0.0	6.0	5.0	5.0	0.0	0.0	0.0	226.0	527.0	102.0	0.0	2.0	0.0	9.0	0.0	13.0	170.0	0.0	1211.0	59.0	4293.0	20.0	7.0	0.0	0.0	0.0	68.0	0.0	0.0	10.0	0.0	0.0	0.0	11.0	23.0	3.0	0.0	3.0	8.0	0.0	2.0	0.0	0.0	102.0	0.0	99.0	195.0	7.0	6.0	12.0	13.0	28.0	8.0	0.0	1943.0	209.0	67.0	0.0	121.0	134.0	0.0	0.0	91.0	0.0	0.0	76.0	435.0	0.0	4.0	0.0	0.0	0.0	0.0	2.0	0.0	0.0	0.0	106.0	0.0	0.0	52.0	2.0	0.0	102.0	0.0	0.0	14.0	14.0	13.0	53.0	43.0	0.0	0.0	22.0	604.0	0.0	0.0	166.0	0.0	0.0	0.0	0.0	0.0	0.0	0.0	0.0	0.0	0.0	0.0	0.0	0.0	29.0	0.0	0.0	0.0	13.0	0.0	0.0	0.0	16.0	0.0	143.0	0.0	0.0	12.0	0.0	644.0	0.0	0.0	0.0	0.0	0.0	45.0	0.0	0.0	0.0	0.0	0.0	0.0	0.0	73.0	1.0	0.0	0.0	0.0	17.0	0.0	0.0	0.0	5.0	255.0	0.0	44.0	0.0	0.0	1.0	9.0	0.0	0.0	0.0	0.0	0.0	0.0	0.0	0.0	18.0	0.0	0.0	0.0	0.0	0.0	213.0	0.0	20.0	0.0	8.0	0.0	0.0	0.0	14.0	0.0	0.0	6.0	27.0	0.0	0.0	0.0	2.0	0.0	0.0	0.0	6.0	0.0	21.0	0.0	0.0	0.0	0.0	0.0	23.0	0.0	0.0	0.0	0.0	0.0	0.0	14.0	0.0	0.0	0.0	0.0	0.0	0.0	0.0	0.0	0.0	0.0	0.0	0.0	0.0	0.0	0.0	0.0	0.0	0.0	0.0	0.0	0.0	0.0	0.0	0.0	0.0	0.0	0.0	0.0	0.0	0.0	0.0	0.0	0.0	0.0	0.0	0.0	0.0	0.0	0.0	0.0	0.0	0.0	0.0	0.0	0.0	5.0	0.0	0.0	0.0	0.0	25.0	0.0	0.0	0.0	0.0	0.0	0.0	0.0	0.0	0.0	0.0	0.0	0.0	0.0	0.0	0.0	0.0	0.0	0.0	0.0	0.0	0.0	0.0	0.0	0.0	0.0	0.0	0.0	0.0	0.0	0.0	0.0	0.0	0.0	0.0	0.0	0.0	0.0	0.0	0.0	0.0	0.0	0.0	0.0	0.0	0.0	0.0	0.0	0.0	0.0	0.0	0.0	0.0	0.0	0.0	0.0	0.0	0.0	0.0	0.0	0.0	0.0	0.0	0.0	0.0	0.0	0.0	0.0	0.0	0.0	0.0
SRR5532659	12.0	209.0	11.0	0.0	0.0	2.0	905.0	85.0	16.0	64.0	0.0	659.0	1022.0	482.0	53.0	60.0	112.0	25.0	28.0	528.0	1442.0	423.0	497.0	727.0	9627.0	343.0	0.0	0.0	256.0	83.0	659.0	20.0	8.0	119.0	0.0	132.0	0.0	76.0	1148.0	35.0	176.0	28.0	90.0	0.0	28.0	3.0	11.0	1219.0	69.0	26.0	79.0	97.0	88.0	75.0	50.0	130.0	2.0	46.0	645.0	1357.0	465.0	97.0	159.0	310.0	0.0	43.0	540.0	14.0	0.0	130.0	1981.0	91.0	59.0	68.0	4.0	5.0	0.0	0.0	7.0	65.0	45.0	90.0	11.0	0.0	380.0	4.0	0.0	504.0	0.0	0.0	18.0	14.0	89.0	17.0	827.0	7.0	0.0	537.0	571.0	165.0	1.0	73.0	6.0	2.0	80.0	0.0	0.0	8.0	0.0	81.0	0.0	91.0	114.0	0.0	0.0	100.0	0.0	0.0	0.0	6.0	13.0	0.0	5.0	333.0	0.0	649.0	17.0	0.0	18.0	25.0	1987.0	34.0	2.0	39.0	4.0	2.0	925.0	4.0	0.0	22.0	3.0	2.0	0.0	0.0	270.0	13.0	0.0	0.0	2.0	23.0	1.0	0.0	1.0	3.0	0.0	341.0	0.0	0.0	0.0	20.0	26.0	0.0	0.0	0.0	3.0	8.0	0.0	13.0	0.0	50.0	0.0	17.0	361.0	33.0	15.0	0.0	0.0	225.0	0.0	20.0	0.0	8.0	4.0	0.0	16.0	7.0	13.0	7.0	0.0	0.0	0.0	0.0	0.0	5.0	5.0	48.0	0.0	74.0	0.0	0.0	0.0	0.0	1.0	27.0	16.0	0.0	4.0	0.0	0.0	0.0	0.0	20.0	0.0	0.0	0.0	0.0	0.0	0.0	0.0	13.0	0.0	0.0	0.0	0.0	0.0	0.0	0.0	0.0	0.0	0.0	0.0	0.0	0.0	0.0	0.0	4.0	0.0	0.0	0.0	0.0	0.0	0.0	0.0	0.0	0.0	0.0	0.0	0.0	0.0	0.0	0.0	0.0	0.0	0.0	0.0	0.0	0.0	0.0	0.0	0.0	0.0	0.0	0.0	0.0	0.0	0.0	0.0	0.0	0.0	0.0	0.0	0.0	0.0	0.0	0.0	9.0	0.0	0.0	0.0	0.0	0.0	0.0	0.0	0.0	0.0	0.0	0.0	0.0	0.0	0.0	569.0	0.0	0.0	0.0	0.0	0.0	0.0	0.0	8.0	0.0	0.0	0.0	0.0	0.0	0.0	0.0	0.0	0.0	0.0	0.0	0.0	0.0	0.0	0.0	0.0	0.0	0.0	0.0	0.0	0.0	0.0	0.0	0.0	0.0	0.0	0.0	0.0	0.0	0.0	0.0	0.0	0.0
SRR5532663	6.0	398.0	17.0	25.0	8.0	6.0	103.0	118.0	35.0	26.0	0.0	366.0	826.0	333.0	97.0	148.0	166.0	21.0	48.0	1229.0	2165.0	239.0	439.0	873.0	10409.0	989.0	17.0	4.0	515.0	64.0	252.0	58.0	8.0	250.0	0.0	81.0	14.0	38.0	3550.0	14.0	482.0	64.0	132.0	5.0	25.0	0.0	9.0	359.0	104.0	200.0	179.0	116.0	215.0	40.0	46.0	158.0	17.0	44.0	1399.0	608.0	352.0	172.0	400.0	255.0	40.0	45.0	796.0	133.0	0.0	13.0	841.0	14.0	119.0	80.0	17.0	18.0	0.0	0.0	5.0	93.0	74.0	96.0	63.0	0.0	406.0	3.0	2.0	300.0	0.0	8.0	20.0	21.0	72.0	6.0	984.0	0.0	36.0	69.0	321.0	394.0	0.0	12.0	0.0	4.0	7.0	0.0	0.0	5.0	35.0	112.0	0.0	101.0	10.0	0.0	0.0	77.0	0.0	4.0	0.0	14.0	13.0	0.0	18.0	95.0	0.0	317.0	12.0	0.0	3.0	34.0	368.0	12.0	0.0	67.0	0.0	0.0	651.0	0.0	11.0	5.0	24.0	3.0	0.0	9.0	137.0	11.0	0.0	29.0	2.0	18.0	0.0	0.0	4.0	0.0	0.0	795.0	15.0	0.0	0.0	0.0	17.0	8.0	0.0	17.0	0.0	2.0	0.0	18.0	0.0	70.0	0.0	64.0	406.0	0.0	0.0	111.0	3.0	741.0	0.0	2.0	0.0	35.0	0.0	0.0	17.0	0.0	0.0	34.0	0.0	0.0	19.0	0.0	0.0	0.0	0.0	93.0	3.0	18.0	0.0	0.0	0.0	0.0	0.0	71.0	5.0	0.0	11.0	0.0	0.0	0.0	0.0	22.0	0.0	0.0	12.0	0.0	2.0	0.0	0.0	19.0	0.0	13.0	0.0	0.0	18.0	0.0	0.0	0.0	0.0	0.0	0.0	0.0	0.0	0.0	0.0	8.0	0.0	0.0	0.0	0.0	0.0	0.0	0.0	0.0	0.0	0.0	0.0	0.0	0.0	0.0	0.0	0.0	0.0	0.0	4.0	0.0	0.0	24.0	0.0	0.0	0.0	0.0	0.0	0.0	0.0	0.0	0.0	0.0	0.0	0.0	0.0	0.0	0.0	0.0	0.0	13.0	0.0	0.0	0.0	0.0	0.0	0.0	0.0	3.0	0.0	0.0	0.0	0.0	6.0	0.0	140.0	0.0	0.0	0.0	0.0	0.0	0.0	0.0	0.0	0.0	0.0	0.0	0.0	0.0	0.0	0.0	0.0	0.0	0.0	0.0	0.0	0.0	0.0	0.0	0.0	0.0	0.0	0.0	0.0	0.0	0.0	0.0	0.0	0.0	0.0	0.0	0.0	0.0	0.0	0.0	0.0	0.0
SRR5532664	0.0	13.0	12.0	0.0	0.0	0.0	0.0	0.0	3.0	1.0	0.0	10.0	359.0	61.0	6.0	12.0	96.0	26.0	0.0	25.0	95.0	3.0	382.0	10.0	1906.0	21.0	29.0	0.0	0.0	0.0	73.0	0.0	0.0	0.0	0.0	12.0	0.0	2.0	0.0	0.0	11.0	0.0	7.0	0.0	0.0	0.0	0.0	1.0	0.0	350.0	244.0	0.0	20.0	12.0	4.0	0.0	0.0	0.0	13473.0	0.0	55.0	0.0	0.0	0.0	8.0	0.0	0.0	0.0	0.0	0.0	174.0	0.0	0.0	0.0	9.0	4.0	0.0	15.0	0.0	0.0	0.0	0.0	24.0	0.0	2.0	0.0	0.0	47.0	0.0	9.0	0.0	0.0	0.0	0.0	0.0	0.0	4.0	100.0	2.0	0.0	0.0	41.0	0.0	0.0	0.0	0.0	0.0	0.0	0.0	18.0	0.0	0.0	2.0	0.0	0.0	0.0	0.0	0.0	0.0	29.0	0.0	0.0	7.0	55.0	0.0	63.0	0.0	0.0	4.0	0.0	0.0	0.0	0.0	0.0	0.0	0.0	0.0	0.0	37.0	0.0	0.0	0.0	0.0	0.0	270.0	3.0	0.0	0.0	0.0	28.0	0.0	0.0	0.0	0.0	12.0	0.0	0.0	0.0	0.0	0.0	0.0	0.0	0.0	0.0	0.0	0.0	0.0	0.0	0.0	0.0	20.0	0.0	0.0	0.0	0.0	509.0	0.0	0.0	0.0	0.0	0.0	0.0	0.0	0.0	0.0	0.0	10.0	0.0	0.0	0.0	0.0	0.0	0.0	0.0	0.0	0.0	0.0	20.0	0.0	0.0	0.0	0.0	0.0	0.0	5.0	0.0	0.0	0.0	0.0	0.0	0.0	0.0	0.0	0.0	0.0	0.0	0.0	0.0	0.0	0.0	12.0	8.0	0.0	0.0	0.0	0.0	0.0	0.0	0.0	0.0	0.0	0.0	0.0	0.0	0.0	0.0	0.0	0.0	0.0	0.0	0.0	0.0	0.0	0.0	0.0	0.0	0.0	0.0	0.0	0.0	0.0	0.0	0.0	0.0	0.0	0.0	0.0	0.0	0.0	0.0	0.0	0.0	0.0	0.0	0.0	0.0	0.0	0.0	0.0	0.0	0.0	0.0	0.0	0.0	0.0	0.0	0.0	0.0	0.0	0.0	0.0	0.0	0.0	0.0	0.0	0.0	0.0	0.0	0.0	0.0	0.0	0.0	0.0	0.0	0.0	0.0	0.0	0.0	0.0	0.0	0.0	0.0	0.0	0.0	0.0	0.0	0.0	0.0	0.0	0.0	0.0	0.0	0.0	0.0	0.0	0.0	0.0	0.0	0.0	0.0	0.0	0.0	0.0	0.0	0.0	0.0	0.0	0.0	0.0	0.0	0.0	0.0
SRR5532665	0.0	31.0	4.0	0.0	7.0	0.0	0.0	16.0	0.0	0.0	4.0	55.0	431.0	767.0	4.0	8.0	219.0	0.0	0.0	29.0	105.0	2.0	108.0	96.0	851.0	47.0	304.0	0.0	0.0	3.0	100.0	8.0	0.0	78.0	0.0	17.0	0.0	2.0	4.0	0.0	0.0	2.0	0.0	0.0	0.0	0.0	10.0	0.0	43.0	391.0	156.0	0.0	13.0	4.0	10.0	24.0	1.0	0.0	3684.0	44.0	77.0	6.0	148.0	38.0	5.0	0.0	58.0	5.0	0.0	0.0	864.0	0.0	0.0	3.0	0.0	0.0	0.0	0.0	0.0	0.0	0.0	149.0	29.0	3.0	12.0	0.0	0.0	105.0	0.0	10.0	0.0	0.0	8.0	0.0	77.0	0.0	3.0	71.0	15.0	0.0	0.0	21.0	0.0	0.0	0.0	0.0	0.0	0.0	0.0	26.0	0.0	2.0	0.0	0.0	0.0	0.0	8.0	0.0	0.0	15.0	2.0	0.0	0.0	0.0	0.0	31.0	0.0	0.0	0.0	0.0	53.0	0.0	0.0	0.0	0.0	0.0	14.0	0.0	34.0	0.0	0.0	0.0	0.0	0.0	197.0	1.0	0.0	0.0	7.0	0.0	0.0	0.0	0.0	0.0	93.0	0.0	48.0	0.0	0.0	0.0	0.0	0.0	0.0	0.0	0.0	0.0	0.0	0.0	0.0	0.0	3.0	0.0	33.0	0.0	0.0	708.0	5.0	0.0	0.0	0.0	3.0	0.0	0.0	0.0	8.0	0.0	11.0	0.0	0.0	0.0	0.0	0.0	0.0	0.0	0.0	22.0	10.0	24.0	0.0	0.0	0.0	0.0	0.0	0.0	0.0	0.0	0.0	0.0	0.0	0.0	2.0	0.0	0.0	0.0	0.0	0.0	0.0	4.0	0.0	0.0	0.0	0.0	0.0	0.0	0.0	0.0	0.0	0.0	0.0	0.0	0.0	13.0	2.0	0.0	0.0	0.0	0.0	0.0	0.0	0.0	0.0	0.0	0.0	0.0	0.0	0.0	0.0	0.0	0.0	0.0	0.0	0.0	0.0	0.0	0.0	0.0	0.0	0.0	0.0	0.0	0.0	0.0	0.0	0.0	0.0	0.0	0.0	0.0	0.0	0.0	0.0	0.0	0.0	0.0	0.0	0.0	0.0	0.0	0.0	0.0	0.0	0.0	0.0	0.0	0.0	0.0	0.0	0.0	0.0	0.0	0.0	0.0	0.0	0.0	0.0	0.0	0.0	0.0	0.0	0.0	0.0	0.0	0.0	0.0	0.0	0.0	0.0	0.0	0.0	0.0	0.0	0.0	0.0	0.0	0.0	0.0	0.0	0.0	0.0	0.0	0.0	0.0	0.0	0.0	0.0	0.0	0.0	0.0	0.0	0.0	0.0	0.0
SRR5532666	4.0	118.0	68.0	0.0	22.0	14.0	207.0	103.0	0.0	19.0	11.0	651.0	1234.0	256.0	43.0	18.0	170.0	45.0	71.0	161.0	520.0	53.0	1796.0	374.0	5065.0	179.0	49.0	0.0	144.0	32.0	947.0	22.0	0.0	72.0	0.0	94.0	18.0	34.0	1286.0	67.0	96.0	8.0	219.0	4.0	14.0	0.0	5.0	3672.0	67.0	90.0	574.0	116.0	85.0	47.0	15.0	135.0	3.0	6.0	1448.0	159.0	259.0	104.0	450.0	234.0	48.0	41.0	273.0	0.0	0.0	76.0	1329.0	22.0	43.0	96.0	13.0	11.0	0.0	20.0	0.0	18.0	23.0	154.0	41.0	7.0	963.0	0.0	0.0	206.0	0.0	21.0	24.0	8.0	160.0	79.0	145.0	0.0	21.0	132.0	45.0	25.0	1.0	291.0	36.0	0.0	36.0	0.0	0.0	2.0	0.0	92.0	0.0	22.0	23.0	0.0	0.0	22.0	0.0	0.0	0.0	16.0	1.0	0.0	5.0	198.0	0.0	769.0	20.0	0.0	31.0	15.0	6072.0	24.0	0.0	21.0	0.0	14.0	473.0	0.0	0.0	65.0	7.0	4.0	0.0	0.0	124.0	6.0	9.0	28.0	2.0	90.0	0.0	4.0	0.0	5.0	420.0	30.0	26.0	0.0	0.0	18.0	22.0	0.0	0.0	0.0	0.0	21.0	0.0	16.0	0.0	144.0	2.0	55.0	375.0	10.0	0.0	177.0	0.0	74.0	0.0	12.0	0.0	0.0	0.0	0.0	24.0	0.0	7.0	40.0	0.0	3.0	0.0	7.0	0.0	0.0	0.0	14.0	14.0	52.0	0.0	0.0	0.0	0.0	9.0	24.0	0.0	0.0	3.0	0.0	0.0	0.0	0.0	0.0	0.0	0.0	0.0	0.0	0.0	0.0	0.0	17.0	0.0	2.0	0.0	0.0	3.0	0.0	2.0	0.0	0.0	0.0	0.0	0.0	0.0	0.0	3.0	0.0	0.0	0.0	0.0	0.0	0.0	0.0	0.0	0.0	0.0	36.0	0.0	0.0	1.0	0.0	0.0	0.0	0.0	0.0	0.0	0.0	0.0	0.0	0.0	0.0	0.0	0.0	0.0	0.0	0.0	0.0	0.0	0.0	0.0	0.0	0.0	0.0	0.0	0.0	0.0	0.0	0.0	0.0	0.0	0.0	0.0	3.0	0.0	0.0	3.0	0.0	0.0	0.0	2.0	0.0	56.0	0.0	0.0	0.0	0.0	0.0	0.0	0.0	0.0	0.0	0.0	0.0	0.0	0.0	0.0	0.0	0.0	0.0	0.0	0.0	0.0	0.0	0.0	0.0	0.0	0.0	0.0	0.0	0.0	0.0	0.0	0.0	0.0	0.0	0.0	0.0	0.0	0.0	0.0	0.0	0.0	0.0
SRR5532667	0.0	846.0	123.0	32.0	7.0	39.0	220.0	93.0	33.0	5.0	3.0	198.0	2326.0	330.0	1309.0	134.0	810.0	55.0	47.0	1434.0	3842.0	192.0	1062.0	393.0	11508.0	1065.0	0.0	0.0	169.0	55.0	126.0	28.0	67.0	506.0	0.0	209.0	25.0	28.0	1893.0	21.0	1049.0	146.0	91.0	5.0	128.0	29.0	0.0	94.0	291.0	284.0	1293.0	97.0	161.0	152.0	63.0	648.0	82.0	25.0	2787.0	457.0	780.0	84.0	130.0	233.0	93.0	16.0	465.0	261.0	0.0	0.0	367.0	128.0	52.0	53.0	77.0	100.0	0.0	20.0	0.0	56.0	49.0	49.0	42.0	67.0	156.0	23.0	45.0	324.0	17.0	17.0	41.0	63.0	20.0	125.0	463.0	15.0	24.0	497.0	299.0	129.0	15.0	197.0	38.0	28.0	24.0	26.0	0.0	111.0	0.0	330.0	0.0	21.0	93.0	0.0	0.0	103.0	0.0	0.0	9.0	24.0	134.0	0.0	364.0	1057.0	0.0	115.0	240.0	0.0	57.0	14.0	49.0	14.0	13.0	48.0	2.0	8.0	431.0	0.0	17.0	6.0	7.0	31.0	55.0	9.0	317.0	0.0	0.0	15.0	35.0	24.0	0.0	0.0	10.0	18.0	18.0	282.0	34.0	0.0	119.0	18.0	37.0	12.0	0.0	52.0	3.0	0.0	108.0	27.0	0.0	35.0	5.0	0.0	181.0	0.0	2.0	25.0	7.0	542.0	0.0	17.0	0.0	42.0	16.0	8.0	1.0	0.0	89.0	7.0	0.0	0.0	0.0	12.0	0.0	17.0	12.0	88.0	28.0	62.0	0.0	23.0	0.0	1.0	0.0	54.0	88.0	13.0	17.0	0.0	5.0	0.0	0.0	21.0	0.0	0.0	3.0	0.0	9.0	0.0	9.0	150.0	18.0	101.0	0.0	0.0	14.0	0.0	0.0	0.0	0.0	0.0	0.0	11.0	0.0	0.0	4.0	0.0	0.0	0.0	0.0	0.0	0.0	0.0	0.0	0.0	0.0	0.0	16.0	0.0	0.0	21.0	0.0	3.0	0.0	0.0	0.0	0.0	0.0	24.0	0.0	0.0	0.0	0.0	0.0	0.0	0.0	0.0	0.0	0.0	22.0	0.0	0.0	0.0	0.0	0.0	3.0	0.0	0.0	0.0	0.0	0.0	0.0	0.0	6.0	0.0	0.0	0.0	0.0	0.0	3.0	0.0	0.0	0.0	0.0	0.0	0.0	0.0	0.0	0.0	9.0	0.0	0.0	0.0	0.0	0.0	0.0	0.0	0.0	0.0	0.0	0.0	0.0	0.0	3.0	0.0	0.0	0.0	0.0	0.0	0.0	0.0	0.0	0.0	0.0	0.0	0.0	0.0	0.0	0.0	0.0	0.0	0.0	0.0
SRR5532668	3.0	626.0	77.0	39.0	11.0	21.0	146.0	108.0	109.0	21.0	0.0	168.0	1435.0	222.0	482.0	108.0	731.0	33.0	56.0	1222.0	4387.0	286.0	811.0	294.0	7238.0	699.0	0.0	0.0	271.0	1.0	118.0	51.0	49.0	418.0	0.0	89.0	16.0	7.0	2758.0	45.0	754.0	46.0	152.0	24.0	69.0	27.0	1.0	73.0	254.0	259.0	330.0	81.0	51.0	67.0	53.0	268.0	57.0	15.0	1634.0	318.0	422.0	121.0	222.0	200.0	42.0	40.0	410.0	272.0	0.0	0.0	448.0	10.0	65.0	55.0	45.0	45.0	0.0	6.0	4.0	43.0	74.0	88.0	50.0	29.0	275.0	26.0	10.0	260.0	0.0	4.0	34.0	31.0	40.0	45.0	426.0	0.0	42.0	27.0	250.0	151.0	11.0	119.0	3.0	15.0	19.0	11.0	0.0	66.0	0.0	205.0	4.0	35.0	40.0	0.0	0.0	39.0	17.0	2.0	7.0	7.0	159.0	0.0	238.0	640.0	0.0	108.0	144.0	0.0	29.0	2.0	61.0	8.0	8.0	70.0	10.0	0.0	339.0	0.0	17.0	6.0	7.0	29.0	27.0	34.0	331.0	25.0	4.0	15.0	23.0	19.0	0.0	0.0	0.0	6.0	0.0	373.0	33.0	0.0	10.0	12.0	53.0	10.0	0.0	19.0	6.0	3.0	55.0	33.0	0.0	11.0	7.0	0.0	244.0	0.0	8.0	13.0	6.0	409.0	0.0	10.0	0.0	59.0	13.0	0.0	1.0	0.0	52.0	8.0	1.0	0.0	7.0	5.0	8.0	7.0	0.0	78.0	29.0	9.0	0.0	8.0	0.0	2.0	0.0	53.0	89.0	4.0	6.0	0.0	0.0	0.0	0.0	23.0	0.0	0.0	0.0	0.0	5.0	0.0	0.0	23.0	0.0	138.0	0.0	0.0	15.0	0.0	0.0	4.0	0.0	0.0	0.0	0.0	0.0	0.0	0.0	0.0	0.0	0.0	0.0	0.0	0.0	0.0	0.0	0.0	0.0	0.0	16.0	3.0	0.0	11.0	0.0	1.0	0.0	0.0	0.0	0.0	0.0	32.0	0.0	0.0	0.0	0.0	0.0	0.0	0.0	0.0	0.0	0.0	11.0	0.0	0.0	0.0	0.0	0.0	3.0	10.0	0.0	0.0	0.0	0.0	0.0	0.0	0.0	0.0	0.0	0.0	0.0	0.0	0.0	0.0	0.0	0.0	0.0	0.0	0.0	1.0	0.0	0.0	8.0	0.0	0.0	0.0	0.0	0.0	0.0	0.0	0.0	0.0	0.0	0.0	0.0	0.0	0.0	0.0	0.0	0.0	0.0	0.0	0.0	0.0	0.0	0.0	0.0	0.0	0.0	0.0	0.0	0.0	0.0	0.0	0.0	0.0
SRR5532669	0.0	532.0	145.0	49.0	0.0	7.0	35.0	68.0	58.0	70.0	0.0	132.0	939.0	97.0	619.0	176.0	646.0	43.0	34.0	926.0	2794.0	878.0	1021.0	184.0	5566.0	769.0	3.0	0.0	140.0	27.0	72.0	9.0	21.0	399.0	0.0	229.0	19.0	4.0	1393.0	4.0	582.0	35.0	35.0	12.0	53.0	14.0	4.0	51.0	275.0	131.0	1182.0	105.0	219.0	120.0	23.0	399.0	24.0	18.0	2003.0	116.0	304.0	36.0	133.0	99.0	38.0	19.0	371.0	64.0	0.0	6.0	205.0	73.0	67.0	36.0	55.0	49.0	0.0	22.0	0.0	3.0	16.0	60.0	93.0	18.0	124.0	0.0	18.0	190.0	0.0	9.0	62.0	2.0	24.0	2.0	193.0	4.0	0.0	1289.0	51.0	62.0	13.0	172.0	23.0	9.0	3.0	25.0	0.0	25.0	75.0	536.0	0.0	5.0	57.0	0.0	0.0	17.0	0.0	0.0	9.0	9.0	68.0	2.0	65.0	841.0	0.0	81.0	213.0	0.0	21.0	2.0	22.0	0.0	2.0	41.0	0.0	0.0	424.0	0.0	20.0	10.0	0.0	39.0	33.0	3.0	182.0	4.0	16.0	56.0	26.0	35.0	0.0	6.0	1.0	9.0	0.0	333.0	24.0	0.0	244.0	0.0	25.0	10.0	0.0	7.0	0.0	0.0	51.0	8.0	0.0	4.0	3.0	0.0	124.0	0.0	0.0	16.0	7.0	431.0	0.0	0.0	0.0	35.0	6.0	0.0	1.0	15.0	55.0	4.0	0.0	0.0	0.0	0.0	2.0	52.0	0.0	12.0	0.0	42.0	0.0	13.0	0.0	0.0	15.0	70.0	26.0	0.0	0.0	0.0	0.0	0.0	0.0	15.0	0.0	0.0	0.0	3.0	2.0	0.0	0.0	12.0	9.0	45.0	0.0	0.0	19.0	0.0	178.0	0.0	0.0	0.0	0.0	6.0	6.0	0.0	0.0	0.0	0.0	2.0	0.0	7.0	0.0	4.0	2.0	0.0	0.0	0.0	17.0	2.0	1.0	0.0	0.0	0.0	0.0	0.0	0.0	0.0	0.0	5.0	0.0	0.0	0.0	0.0	0.0	0.0	0.0	0.0	13.0	0.0	28.0	0.0	0.0	0.0	0.0	0.0	0.0	0.0	0.0	0.0	0.0	0.0	0.0	0.0	0.0	0.0	0.0	0.0	0.0	0.0	0.0	8.0	0.0	0.0	0.0	0.0	0.0	0.0	0.0	0.0	0.0	0.0	0.0	1.0	0.0	0.0	0.0	0.0	0.0	0.0	0.0	0.0	0.0	0.0	4.0	0.0	0.0	0.0	0.0	0.0	0.0	0.0	0.0	0.0	0.0	0.0	0.0	3.0	0.0	0.0	0.0	0.0	0.0	0.0
SRR5532670	8.0	434.0	39.0	39.0	9.0	30.0	299.0	45.0	43.0	173.0	0.0	255.0	997.0	298.0	109.0	136.0	479.0	22.0	9.0	591.0	2592.0	720.0	385.0	480.0	9634.0	466.0	2.0	5.0	75.0	105.0	27.0	23.0	10.0	242.0	0.0	338.0	36.0	31.0	1214.0	0.0	254.0	26.0	27.0	11.0	73.0	16.0	21.0	20.0	127.0	151.0	1735.0	111.0	63.0	135.0	49.0	325.0	28.0	13.0	1688.0	948.0	726.0	37.0	138.0	302.0	22.0	32.0	1054.0	486.0	0.0	0.0	298.0	238.0	27.0	36.0	17.0	0.0	0.0	16.0	5.0	39.0	17.0	33.0	192.0	12.0	73.0	5.0	9.0	165.0	4.0	41.0	44.0	27.0	12.0	106.0	906.0	0.0	30.0	1577.0	168.0	82.0	6.0	73.0	88.0	27.0	142.0	15.0	0.0	26.0	28.0	774.0	1.0	12.0	83.0	0.0	2.0	89.0	3.0	0.0	6.0	19.0	43.0	0.0	57.0	957.0	0.0	59.0	142.0	2.0	39.0	12.0	64.0	8.0	17.0	10.0	22.0	0.0	565.0	5.0	19.0	9.0	10.0	20.0	14.0	12.0	176.0	5.0	12.0	19.0	25.0	21.0	0.0	0.0	7.0	20.0	13.0	316.0	39.0	0.0	119.0	11.0	62.0	4.0	0.0	12.0	2.0	3.0	19.0	12.0	0.0	119.0	6.0	0.0	110.0	1.0	0.0	0.0	0.0	676.0	0.0	60.0	25.0	49.0	0.0	8.0	11.0	18.0	25.0	27.0	0.0	0.0	8.0	3.0	14.0	49.0	0.0	119.0	9.0	72.0	0.0	5.0	0.0	0.0	10.0	46.0	38.0	5.0	34.0	4.0	0.0	0.0	0.0	16.0	0.0	0.0	11.0	0.0	0.0	0.0	1.0	303.0	0.0	15.0	0.0	0.0	0.0	0.0	238.0	0.0	0.0	0.0	0.0	0.0	0.0	5.0	12.0	3.0	0.0	0.0	0.0	0.0	0.0	0.0	2.0	0.0	0.0	0.0	7.0	2.0	3.0	0.0	2.0	5.0	0.0	0.0	4.0	0.0	10.0	0.0	3.0	0.0	0.0	0.0	0.0	0.0	0.0	0.0	0.0	0.0	65.0	0.0	0.0	0.0	0.0	0.0	0.0	0.0	0.0	0.0	7.0	0.0	0.0	0.0	0.0	0.0	0.0	0.0	0.0	0.0	0.0	0.0	0.0	0.0	0.0	0.0	0.0	0.0	0.0	12.0	0.0	0.0	0.0	0.0	0.0	0.0	0.0	0.0	0.0	0.0	0.0	0.0	0.0	0.0	3.0	0.0	0.0	0.0	0.0	0.0	0.0	0.0	0.0	0.0	0.0	0.0	0.0	0.0	0.0	0.0	0.0	0.0	0.0	0.0
SRR5532671	5.0	585.0	370.0	23.0	25.0	9.0	0.0	77.0	96.0	34.0	4.0	265.0	1378.0	296.0	922.0	282.0	1776.0	179.0	153.0	700.0	2452.0	170.0	1792.0	83.0	2899.0	813.0	267.0	4.0	172.0	4.0	220.0	41.0	16.0	329.0	0.0	173.0	8.0	6.0	2799.0	15.0	971.0	37.0	348.0	85.0	39.0	11.0	0.0	164.0	608.0	306.0	1226.0	186.0	114.0	181.0	22.0	126.0	52.0	8.0	5620.0	27.0	227.0	95.0	464.0	80.0	291.0	31.0	166.0	24.0	0.0	2.0	350.0	72.0	258.0	33.0	119.0	34.0	27.0	160.0	5.0	35.0	15.0	98.0	335.0	53.0	582.0	0.0	45.0	275.0	0.0	70.0	52.0	3.0	44.0	13.0	171.0	0.0	933.0	276.0	37.0	2.0	80.0	59.0	40.0	4.0	0.0	35.0	0.0	40.0	110.0	19.0	0.0	44.0	12.0	2.0	0.0	23.0	0.0	0.0	5.0	121.0	213.0	0.0	48.0	318.0	0.0	92.0	526.0	4.0	174.0	0.0	75.0	4.0	19.0	80.0	11.0	0.0	272.0	0.0	43.0	0.0	4.0	313.0	40.0	15.0	386.0	13.0	4.0	10.0	7.0	28.0	0.0	11.0	7.0	2.0	35.0	99.0	54.0	11.0	23.0	8.0	18.0	0.0	0.0	0.0	7.0	38.0	35.0	51.0	2.0	0.0	2.0	24.0	192.0	0.0	32.0	196.0	15.0	145.0	0.0	0.0	29.0	41.0	5.0	0.0	52.0	0.0	79.0	17.0	0.0	9.0	0.0	9.0	23.0	14.0	6.0	71.0	0.0	109.0	0.0	9.0	0.0	0.0	55.0	42.0	26.0	3.0	0.0	0.0	0.0	0.0	0.0	0.0	22.0	0.0	1.0	0.0	11.0	0.0	0.0	0.0	10.0	59.0	0.0	0.0	9.0	0.0	0.0	0.0	0.0	0.0	0.0	0.0	0.0	0.0	0.0	0.0	0.0	0.0	0.0	6.0	0.0	2.0	0.0	0.0	0.0	126.0	12.0	0.0	197.0	0.0	0.0	2.0	0.0	0.0	0.0	0.0	12.0	0.0	4.0	0.0	0.0	0.0	0.0	0.0	0.0	0.0	55.0	0.0	0.0	3.0	0.0	0.0	0.0	0.0	0.0	0.0	0.0	0.0	0.0	0.0	0.0	0.0	0.0	0.0	0.0	0.0	0.0	0.0	0.0	0.0	0.0	0.0	0.0	0.0	0.0	0.0	0.0	0.0	0.0	5.0	3.0	0.0	0.0	0.0	0.0	0.0	72.0	0.0	0.0	0.0	0.0	0.0	0.0	0.0	0.0	0.0	0.0	0.0	0.0	0.0	0.0	0.0	0.0	0.0	0.0	0.0	0.0	0.0	0.0	0.0	0.0	0.0
SRR5532672	0.0	512.0	112.0	47.0	7.0	49.0	131.0	111.0	283.0	19.0	0.0	552.0	1652.0	434.0	995.0	233.0	1401.0	149.0	101.0	1472.0	3175.0	172.0	1136.0	432.0	6544.0	1373.0	136.0	0.0	310.0	35.0	171.0	56.0	23.0	458.0	0.0	173.0	39.0	22.0	4109.0	61.0	913.0	24.0	326.0	104.0	100.0	0.0	3.0	201.0	338.0	523.0	915.0	257.0	189.0	159.0	138.0	253.0	78.0	17.0	3986.0	296.0	332.0	106.0	386.0	299.0	185.0	57.0	328.0	229.0	0.0	3.0	425.0	32.0	196.0	46.0	54.0	47.0	0.0	89.0	0.0	143.0	21.0	79.0	103.0	32.0	683.0	0.0	27.0	361.0	9.0	48.0	61.0	92.0	36.0	45.0	317.0	22.0	401.0	239.0	67.0	267.0	19.0	149.0	7.0	4.0	18.0	92.0	0.0	46.0	62.0	43.0	0.0	11.0	52.0	0.0	0.0	45.0	8.0	0.0	0.0	46.0	203.0	0.0	165.0	331.0	0.0	165.0	290.0	0.0	75.0	12.0	55.0	2.0	0.0	140.0	54.0	0.0	361.0	6.0	14.0	37.0	0.0	186.0	17.0	27.0	376.0	35.0	19.0	17.0	15.0	17.0	0.0	0.0	7.0	21.0	377.0	257.0	107.0	0.0	37.0	3.0	12.0	4.0	0.0	5.0	12.0	74.0	44.0	51.0	6.0	21.0	0.0	14.0	165.0	3.0	33.0	59.0	0.0	255.0	0.0	25.0	33.0	46.0	0.0	30.0	77.0	0.0	52.0	47.0	2.0	7.0	0.0	11.0	6.0	6.0	7.0	113.0	41.0	55.0	0.0	12.0	0.0	0.0	50.0	78.0	42.0	0.0	4.0	0.0	0.0	0.0	3.0	41.0	8.0	0.0	10.0	2.0	4.0	0.0	0.0	81.0	12.0	62.0	0.0	0.0	0.0	9.0	0.0	0.0	0.0	0.0	0.0	0.0	0.0	0.0	0.0	0.0	0.0	0.0	11.0	0.0	0.0	0.0	0.0	0.0	0.0	13.0	15.0	5.0	0.0	12.0	0.0	0.0	0.0	0.0	18.0	17.0	7.0	0.0	0.0	0.0	0.0	0.0	0.0	0.0	0.0	2.0	41.0	0.0	0.0	5.0	0.0	0.0	2.0	0.0	0.0	0.0	0.0	0.0	0.0	0.0	0.0	0.0	0.0	0.0	0.0	0.0	0.0	0.0	0.0	0.0	0.0	0.0	0.0	0.0	0.0	0.0	0.0	0.0	0.0	0.0	0.0	0.0	0.0	0.0	0.0	0.0	33.0	0.0	0.0	0.0	0.0	0.0	0.0	0.0	0.0	0.0	0.0	0.0	0.0	0.0	0.0	0.0	0.0	0.0	0.0	0.0	0.0	0.0	0.0	0.0	0.0	0.0
SRR5532673	5.0	344.0	94.0	46.0	4.0	21.0	40.0	56.0	86.0	137.0	0.0	179.0	1029.0	151.0	465.0	232.0	1227.0	90.0	97.0	587.0	1856.0	273.0	1495.0	185.0	5381.0	709.0	108.0	0.0	107.0	119.0	101.0	12.0	0.0	565.0	0.0	731.0	22.0	13.0	2294.0	10.0	498.0	20.0	139.0	66.0	19.0	0.0	3.0	93.0	457.0	211.0	1653.0	158.0	168.0	96.0	30.0	160.0	41.0	0.0	4056.0	68.0	421.0	86.0	406.0	243.0	127.0	17.0	246.0	10.0	5.0	0.0	337.0	146.0	161.0	50.0	65.0	19.0	13.0	133.0	0.0	35.0	17.0	50.0	247.0	17.0	398.0	8.0	20.0	163.0	0.0	34.0	61.0	35.0	34.0	26.0	103.0	6.0	313.0	2307.0	28.0	31.0	29.0	110.0	103.0	0.0	7.0	28.0	0.0	11.0	644.0	55.0	0.0	14.0	19.0	3.0	0.0	33.0	9.0	0.0	6.0	67.0	68.0	0.0	37.0	553.0	0.0	251.0	303.0	7.0	83.0	0.0	46.0	9.0	57.0	35.0	28.0	0.0	646.0	0.0	10.0	0.0	0.0	89.0	0.0	5.0	299.0	27.0	17.0	22.0	6.0	50.0	0.0	0.0	2.0	7.0	224.0	119.0	64.0	3.0	97.0	4.0	11.0	8.0	0.0	0.0	0.0	10.0	27.0	10.0	0.0	8.0	2.0	11.0	138.0	7.0	3.0	33.0	13.0	156.0	0.0	43.0	20.0	27.0	2.0	3.0	46.0	29.0	33.0	40.0	0.0	0.0	0.0	6.0	3.0	68.0	0.0	50.0	16.0	78.0	2.0	4.0	0.0	0.0	18.0	44.0	12.0	0.0	4.0	0.0	0.0	0.0	0.0	0.0	11.0	0.0	5.0	0.0	0.0	0.0	6.0	10.0	8.0	31.0	0.0	0.0	10.0	0.0	1042.0	0.0	0.0	0.0	0.0	0.0	0.0	0.0	0.0	0.0	0.0	0.0	0.0	0.0	0.0	0.0	2.0	0.0	0.0	9.0	8.0	0.0	13.0	0.0	0.0	3.0	0.0	0.0	6.0	0.0	2.0	0.0	6.0	0.0	2.0	0.0	0.0	0.0	0.0	0.0	19.0	0.0	0.0	0.0	4.0	0.0	0.0	0.0	0.0	0.0	0.0	0.0	0.0	0.0	0.0	0.0	0.0	0.0	0.0	0.0	0.0	0.0	0.0	0.0	0.0	0.0	0.0	0.0	0.0	0.0	0.0	0.0	0.0	0.0	0.0	0.0	0.0	0.0	0.0	5.0	39.0	0.0	0.0	0.0	0.0	0.0	0.0	0.0	0.0	0.0	0.0	0.0	0.0	0.0	0.0	0.0	0.0	0.0	0.0	0.0	0.0	0.0	0.0	0.0	0.0	0.0
SRR5532674	2.0	584.0	87.0	25.0	12.0	13.0	87.0	72.0	125.0	56.0	0.0	244.0	1441.0	293.0	20.0	127.0	1315.0	68.0	37.0	986.0	2819.0	541.0	540.0	488.0	8003.0	823.0	144.0	0.0	83.0	69.0	121.0	44.0	14.0	462.0	6.0	234.0	11.0	21.0	3990.0	32.0	686.0	28.0	226.0	62.0	38.0	0.0	5.0	124.0	401.0	339.0	586.0	150.0	103.0	48.0	39.0	146.0	46.0	15.0	3742.0	165.0	191.0	114.0	391.0	393.0	79.0	11.0	431.0	38.0	0.0	0.0	411.0	157.0	193.0	83.0	32.0	19.0	0.0	67.0	5.0	84.0	13.0	156.0	116.0	0.0	443.0	5.0	9.0	125.0	0.0	21.0	55.0	36.0	22.0	91.0	254.0	4.0	246.0	878.0	44.0	160.0	4.0	54.0	25.0	8.0	22.0	19.0	0.0	5.0	119.0	904.0	0.0	26.0	30.0	0.0	0.0	64.0	38.0	0.0	13.0	46.0	123.0	0.0	40.0	475.0	0.0	142.0	354.0	0.0	10.0	0.0	193.0	7.0	19.0	56.0	52.0	4.0	733.0	0.0	9.0	28.0	5.0	120.0	0.0	1.0	253.0	36.0	10.0	15.0	0.0	60.0	0.0	5.0	0.0	6.0	212.0	158.0	157.0	0.0	104.0	3.0	67.0	7.0	0.0	0.0	3.0	10.0	27.0	36.0	0.0	11.0	4.0	22.0	173.0	8.0	9.0	83.0	0.0	380.0	0.0	10.0	34.0	67.0	0.0	2.0	130.0	21.0	65.0	85.0	2.0	4.0	0.0	9.0	0.0	25.0	3.0	113.0	83.0	46.0	0.0	0.0	0.0	0.0	30.0	126.0	9.0	0.0	0.0	0.0	0.0	0.0	0.0	31.0	0.0	5.0	14.0	0.0	5.0	0.0	0.0	48.0	4.0	37.0	0.0	0.0	3.0	6.0	157.0	0.0	0.0	12.0	0.0	8.0	0.0	0.0	0.0	0.0	0.0	0.0	0.0	0.0	0.0	0.0	3.0	0.0	0.0	22.0	15.0	0.0	14.0	0.0	0.0	0.0	0.0	0.0	0.0	0.0	8.0	0.0	3.0	0.0	0.0	3.0	0.0	0.0	0.0	0.0	0.0	0.0	17.0	0.0	0.0	7.0	0.0	0.0	0.0	0.0	0.0	0.0	0.0	0.0	0.0	0.0	0.0	0.0	0.0	0.0	0.0	0.0	0.0	0.0	0.0	0.0	0.0	0.0	0.0	0.0	0.0	0.0	0.0	0.0	0.0	0.0	0.0	0.0	0.0	0.0	0.0	0.0	0.0	0.0	0.0	0.0	0.0	0.0	0.0	0.0	0.0	0.0	0.0	0.0	0.0	0.0	0.0	0.0	0.0	0.0	0.0	0.0	0.0	0.0	0.0	0.0
SRR5532675	5.0	857.0	0.0	27.0	65.0	2.0	26.0	232.0	0.0	4.0	925.0	33.0	1413.0	521.0	3.0	118.0	4587.0	455.0	95.0	540.0	762.0	65.0	855.0	270.0	2623.0	507.0	693.0	0.0	15.0	0.0	350.0	219.0	0.0	419.0	10.0	109.0	0.0	53.0	623.0	34.0	198.0	0.0	486.0	3.0	25.0	0.0	122.0	125.0	487.0	579.0	109.0	113.0	458.0	132.0	64.0	89.0	64.0	0.0	2423.0	33.0	180.0	225.0	1018.0	1074.0	10.0	12.0	165.0	36.0	0.0	5.0	785.0	2.0	544.0	239.0	47.0	0.0	0.0	25.0	8.0	116.0	0.0	45.0	63.0	2.0	281.0	0.0	0.0	1259.0	0.0	3.0	0.0	27.0	43.0	0.0	296.0	123.0	56.0	55.0	11.0	0.0	3.0	28.0	0.0	0.0	0.0	13.0	0.0	15.0	0.0	61.0	16.0	27.0	12.0	0.0	0.0	1.0	30.0	26.0	0.0	12.0	98.0	0.0	25.0	230.0	0.0	114.0	0.0	0.0	0.0	0.0	18.0	11.0	0.0	0.0	0.0	0.0	39.0	0.0	20.0	33.0	0.0	104.0	22.0	3.0	254.0	54.0	0.0	0.0	8.0	4.0	0.0	0.0	0.0	0.0	263.0	0.0	95.0	0.0	5.0	72.0	45.0	3.0	4.0	0.0	27.0	0.0	13.0	25.0	0.0	0.0	2.0	58.0	882.0	0.0	0.0	791.0	10.0	0.0	0.0	0.0	0.0	0.0	0.0	89.0	49.0	0.0	28.0	0.0	0.0	0.0	0.0	0.0	0.0	0.0	0.0	0.0	0.0	22.0	0.0	0.0	0.0	0.0	0.0	0.0	0.0	0.0	0.0	0.0	0.0	0.0	0.0	0.0	0.0	0.0	0.0	0.0	2.0	214.0	0.0	0.0	0.0	16.0	0.0	0.0	0.0	0.0	0.0	0.0	0.0	0.0	38.0	28.0	3.0	0.0	0.0	0.0	0.0	0.0	0.0	0.0	0.0	0.0	0.0	0.0	0.0	7.0	0.0	0.0	0.0	2.0	0.0	0.0	0.0	0.0	0.0	0.0	0.0	0.0	0.0	40.0	0.0	0.0	0.0	0.0	0.0	0.0	0.0	9.0	0.0	0.0	0.0	0.0	0.0	0.0	0.0	0.0	0.0	0.0	0.0	0.0	0.0	0.0	0.0	0.0	0.0	0.0	0.0	0.0	0.0	0.0	0.0	0.0	0.0	0.0	0.0	0.0	0.0	0.0	0.0	0.0	0.0	0.0	0.0	0.0	0.0	0.0	0.0	0.0	0.0	0.0	11.0	0.0	0.0	0.0	0.0	0.0	0.0	0.0	0.0	0.0	0.0	0.0	0.0	0.0	0.0	0.0	0.0	0.0	1.0	0.0	0.0	0.0
SRR5532676	4.0	407.0	1.0	22.0	16.0	0.0	27.0	104.0	0.0	0.0	458.0	39.0	653.0	509.0	8.0	106.0	2335.0	244.0	51.0	349.0	405.0	30.0	383.0	251.0	1722.0	297.0	779.0	5.0	12.0	3.0	160.0	98.0	0.0	296.0	13.0	100.0	1.0	4.0	250.0	0.0	121.0	0.0	288.0	0.0	19.0	0.0	49.0	95.0	277.0	390.0	59.0	101.0	162.0	195.0	35.0	67.0	62.0	0.0	2109.0	11.0	109.0	108.0	747.0	927.0	22.0	7.0	85.0	43.0	0.0	0.0	624.0	0.0	203.0	115.0	17.0	0.0	0.0	37.0	11.0	36.0	0.0	123.0	43.0	2.0	167.0	0.0	2.0	530.0	0.0	14.0	0.0	19.0	40.0	0.0	118.0	29.0	41.0	9.0	34.0	2.0	0.0	9.0	0.0	3.0	0.0	19.0	0.0	6.0	0.0	15.0	13.0	8.0	44.0	0.0	0.0	0.0	5.0	34.0	0.0	5.0	82.0	0.0	12.0	119.0	0.0	24.0	0.0	0.0	2.0	0.0	0.0	6.0	0.0	0.0	0.0	0.0	42.0	0.0	17.0	8.0	0.0	64.0	21.0	9.0	193.0	40.0	0.0	0.0	0.0	14.0	0.0	0.0	0.0	0.0	84.0	3.0	163.0	0.0	0.0	56.0	25.0	6.0	0.0	0.0	12.0	0.0	0.0	0.0	0.0	0.0	0.0	58.0	579.0	0.0	0.0	434.0	0.0	0.0	0.0	0.0	7.0	6.0	0.0	55.0	16.0	0.0	35.0	0.0	0.0	9.0	0.0	0.0	0.0	0.0	0.0	6.0	0.0	83.0	0.0	0.0	0.0	0.0	0.0	0.0	0.0	0.0	0.0	0.0	0.0	0.0	0.0	0.0	0.0	0.0	0.0	0.0	0.0	483.0	0.0	0.0	0.0	10.0	0.0	0.0	0.0	0.0	0.0	0.0	0.0	0.0	14.0	16.0	0.0	0.0	0.0	0.0	0.0	0.0	0.0	0.0	0.0	0.0	0.0	0.0	0.0	0.0	2.0	0.0	0.0	0.0	0.0	0.0	0.0	0.0	0.0	0.0	0.0	0.0	0.0	0.0	0.0	0.0	0.0	0.0	0.0	0.0	0.0	0.0	0.0	0.0	0.0	0.0	0.0	0.0	0.0	0.0	0.0	0.0	0.0	0.0	0.0	0.0	0.0	0.0	0.0	0.0	0.0	0.0	0.0	0.0	0.0	0.0	0.0	0.0	0.0	0.0	0.0	0.0	0.0	0.0	0.0	0.0	0.0	0.0	0.0	0.0	0.0	0.0	0.0	0.0	0.0	0.0	0.0	0.0	0.0	0.0	0.0	0.0	0.0	0.0	0.0	0.0	0.0	0.0	0.0	0.0	0.0	0.0	0.0	0.0	0.0	0.0
SRR5532677	0.0	1419.0	40.0	59.0	0.0	115.0	16.0	136.0	25.0	18.0	248.0	97.0	1451.0	534.0	44.0	290.0	4676.0	898.0	49.0	1840.0	4172.0	88.0	1528.0	243.0	7627.0	1151.0	595.0	12.0	15.0	18.0	95.0	119.0	7.0	806.0	7.0	526.0	32.0	10.0	1392.0	108.0	815.0	43.0	178.0	37.0	116.0	0.0	65.0	51.0	799.0	423.0	373.0	29.0	1079.0	41.0	34.0	209.0	121.0	0.0	3591.0	52.0	365.0	115.0	392.0	493.0	103.0	17.0	383.0	48.0	0.0	0.0	300.0	12.0	394.0	110.0	110.0	42.0	22.0	233.0	35.0	65.0	0.0	9.0	220.0	35.0	48.0	5.0	18.0	1398.0	0.0	89.0	32.0	9.0	8.0	0.0	142.0	38.0	221.0	886.0	45.0	0.0	74.0	29.0	10.0	5.0	0.0	63.0	0.0	62.0	0.0	47.0	0.0	6.0	0.0	0.0	0.0	22.0	0.0	0.0	0.0	56.0	419.0	0.0	69.0	1308.0	0.0	31.0	28.0	0.0	26.0	12.0	0.0	0.0	102.0	7.0	0.0	0.0	477.0	0.0	51.0	15.0	3.0	383.0	84.0	11.0	635.0	45.0	49.0	5.0	26.0	58.0	0.0	8.0	6.0	0.0	162.0	0.0	109.0	3.0	72.0	14.0	148.0	6.0	0.0	10.0	49.0	0.0	57.0	20.0	12.0	0.0	0.0	4.0	279.0	0.0	0.0	118.0	16.0	16.0	6.0	0.0	0.0	2.0	0.0	64.0	12.0	0.0	203.0	0.0	0.0	0.0	0.0	8.0	0.0	37.0	0.0	0.0	18.0	66.0	0.0	12.0	4.0	0.0	100.0	35.0	47.0	0.0	0.0	0.0	5.0	0.0	0.0	0.0	2.0	0.0	0.0	0.0	19.0	39.0	0.0	0.0	59.0	24.0	0.0	30.0	0.0	0.0	4.0	0.0	0.0	0.0	15.0	14.0	7.0	0.0	0.0	0.0	0.0	0.0	0.0	2.0	0.0	20.0	0.0	0.0	0.0	38.0	2.0	0.0	6.0	0.0	0.0	32.0	0.0	0.0	6.0	34.0	0.0	0.0	0.0	28.0	0.0	0.0	0.0	0.0	0.0	10.0	49.0	7.0	0.0	0.0	0.0	0.0	0.0	0.0	0.0	0.0	0.0	0.0	0.0	4.0	0.0	0.0	0.0	0.0	0.0	0.0	0.0	0.0	0.0	0.0	0.0	0.0	0.0	15.0	3.0	0.0	0.0	0.0	0.0	11.0	0.0	0.0	0.0	0.0	0.0	0.0	0.0	0.0	0.0	0.0	0.0	0.0	0.0	0.0	0.0	0.0	0.0	0.0	0.0	0.0	0.0	0.0	0.0	0.0	0.0	0.0	0.0	0.0	0.0	0.0	0.0	0.0
SRR5532678	0.0	1717.0	56.0	52.0	0.0	75.0	93.0	89.0	2.0	5.0	715.0	36.0	1111.0	760.0	29.0	254.0	5180.0	640.0	57.0	775.0	2059.0	165.0	1349.0	316.0	6372.0	432.0	694.0	3.0	13.0	22.0	196.0	71.0	6.0	522.0	4.0	665.0	2.0	2.0	323.0	14.0	766.0	29.0	152.0	35.0	80.0	5.0	54.0	45.0	566.0	515.0	486.0	64.0	994.0	159.0	11.0	251.0	210.0	0.0	5091.0	12.0	548.0	64.0	242.0	578.0	146.0	3.0	299.0	29.0	0.0	0.0	439.0	7.0	147.0	91.0	94.0	30.0	0.0	116.0	23.0	7.0	0.0	13.0	183.0	41.0	91.0	0.0	21.0	960.0	0.0	122.0	1.0	19.0	19.0	0.0	70.0	21.0	264.0	285.0	55.0	0.0	39.0	3.0	7.0	2.0	0.0	49.0	0.0	63.0	0.0	233.0	0.0	0.0	25.0	0.0	0.0	18.0	23.0	12.0	4.0	45.0	275.0	0.0	178.0	1853.0	0.0	80.0	15.0	0.0	36.0	0.0	0.0	0.0	27.0	9.0	0.0	0.0	120.0	0.0	124.0	8.0	0.0	240.0	25.0	2.0	485.0	72.0	2.0	0.0	36.0	56.0	0.0	7.0	0.0	0.0	277.0	0.0	155.0	2.0	34.0	49.0	39.0	11.0	6.0	0.0	32.0	0.0	28.0	10.0	7.0	8.0	29.0	20.0	464.0	0.0	0.0	476.0	0.0	0.0	0.0	0.0	0.0	8.0	0.0	78.0	28.0	3.0	108.0	0.0	0.0	30.0	20.0	8.0	0.0	12.0	0.0	0.0	0.0	132.0	0.0	16.0	1.0	0.0	34.0	0.0	0.0	0.0	0.0	0.0	0.0	0.0	0.0	0.0	7.0	0.0	0.0	0.0	6.0	7.0	0.0	0.0	21.0	51.0	0.0	0.0	0.0	0.0	0.0	0.0	0.0	0.0	22.0	26.0	0.0	0.0	0.0	0.0	0.0	0.0	0.0	5.0	0.0	0.0	0.0	0.0	20.0	17.0	0.0	0.0	0.0	0.0	0.0	7.0	0.0	0.0	0.0	14.0	0.0	0.0	0.0	25.0	0.0	0.0	0.0	0.0	0.0	6.0	18.0	0.0	0.0	0.0	0.0	0.0	0.0	0.0	0.0	0.0	0.0	4.0	0.0	0.0	0.0	0.0	0.0	0.0	0.0	0.0	0.0	0.0	0.0	0.0	0.0	0.0	0.0	0.0	0.0	0.0	0.0	0.0	0.0	0.0	0.0	0.0	0.0	0.0	0.0	0.0	0.0	0.0	0.0	0.0	0.0	0.0	0.0	0.0	0.0	0.0	0.0	0.0	0.0	0.0	0.0	0.0	0.0	0.0	0.0	0.0	0.0	0.0	0.0	0.0	0.0	0.0
SRR5532679	0.0	6.0	0.0	0.0	6.0	0.0	93.0	22.0	0.0	0.0	0.0	575.0	788.0	223.0	0.0	0.0	0.0	0.0	0.0	24.0	362.0	0.0	320.0	967.0	7865.0	52.0	8.0	6.0	5.0	24.0	64.0	0.0	0.0	30.0	0.0	41.0	0.0	163.0	35.0	7.0	0.0	0.0	3.0	0.0	0.0	0.0	10.0	177.0	0.0	38.0	101.0	0.0	48.0	14.0	128.0	61.0	3.0	0.0	514.0	534.0	206.0	0.0	351.0	517.0	5.0	2.0	483.0	0.0	0.0	0.0	2431.0	0.0	0.0	0.0	2.0	0.0	0.0	0.0	0.0	0.0	0.0	31.0	0.0	0.0	0.0	0.0	0.0	74.0	0.0	0.0	0.0	3.0	82.0	16.0	517.0	0.0	0.0	0.0	2105.0	0.0	0.0	94.0	0.0	0.0	27.0	0.0	0.0	0.0	0.0	45.0	3.0	31.0	0.0	0.0	0.0	52.0	0.0	5.0	0.0	0.0	0.0	0.0	2.0	0.0	0.0	259.0	0.0	0.0	0.0	4.0	946.0	20.0	0.0	0.0	0.0	0.0	185.0	0.0	0.0	38.0	0.0	0.0	0.0	0.0	21.0	0.0	0.0	0.0	0.0	2.0	0.0	0.0	0.0	9.0	0.0	0.0	23.0	0.0	0.0	0.0	6.0	0.0	0.0	0.0	0.0	0.0	2.0	4.0	0.0	23.0	0.0	0.0	13.0	0.0	0.0	244.0	0.0	22.0	0.0	120.0	0.0	0.0	0.0	7.0	0.0	0.0	0.0	35.0	0.0	0.0	0.0	0.0	0.0	0.0	0.0	62.0	12.0	14.0	0.0	0.0	0.0	0.0	0.0	16.0	0.0	0.0	1.0	0.0	0.0	0.0	5.0	0.0	0.0	0.0	0.0	0.0	0.0	0.0	0.0	0.0	0.0	2.0	0.0	0.0	0.0	0.0	0.0	0.0	0.0	0.0	0.0	0.0	0.0	0.0	0.0	2.0	0.0	0.0	0.0	0.0	0.0	0.0	0.0	0.0	0.0	0.0	0.0	0.0	0.0	0.0	0.0	0.0	0.0	0.0	0.0	0.0	0.0	0.0	0.0	0.0	0.0	0.0	0.0	0.0	0.0	0.0	0.0	0.0	0.0	0.0	0.0	0.0	0.0	0.0	0.0	0.0	0.0	0.0	0.0	0.0	0.0	0.0	0.0	0.0	0.0	0.0	0.0	0.0	0.0	0.0	0.0	0.0	0.0	0.0	0.0	0.0	0.0	0.0	0.0	0.0	0.0	0.0	0.0	0.0	0.0	0.0	0.0	0.0	0.0	0.0	0.0	0.0	0.0	0.0	0.0	0.0	0.0	0.0	0.0	0.0	0.0	0.0	0.0	0.0	0.0	0.0	0.0	0.0	0.0	0.0	0.0	0.0
SRR5532680	0.0	0.0	0.0	0.0	6.0	0.0	9.0	2.0	0.0	0.0	0.0	622.0	994.0	166.0	0.0	0.0	0.0	0.0	0.0	13.0	206.0	16.0	238.0	375.0	3494.0	12.0	0.0	0.0	0.0	3.0	35.0	0.0	0.0	2.0	0.0	41.0	0.0	0.0	75.0	0.0	0.0	0.0	0.0	0.0	0.0	0.0	5.0	28.0	0.0	345.0	58.0	3.0	2.0	0.0	0.0	36.0	9.0	0.0	366.0	637.0	129.0	3.0	367.0	51.0	0.0	4.0	125.0	0.0	0.0	0.0	413.0	0.0	0.0	0.0	0.0	0.0	0.0	0.0	0.0	8.0	0.0	8.0	0.0	0.0	0.0	0.0	0.0	138.0	0.0	0.0	0.0	5.0	10.0	0.0	76.0	0.0	0.0	5.0	1007.0	0.0	0.0	117.0	0.0	0.0	6.0	0.0	0.0	0.0	0.0	924.0	0.0	36.0	0.0	0.0	0.0	0.0	0.0	0.0	0.0	3.0	0.0	0.0	0.0	0.0	0.0	36.0	0.0	0.0	0.0	0.0	322.0	0.0	0.0	0.0	0.0	0.0	12.0	0.0	0.0	0.0	0.0	0.0	0.0	0.0	19.0	3.0	0.0	0.0	0.0	0.0	0.0	0.0	0.0	0.0	0.0	0.0	36.0	0.0	4.0	0.0	0.0	0.0	0.0	0.0	0.0	0.0	0.0	0.0	0.0	0.0	0.0	0.0	12.0	0.0	0.0	352.0	0.0	35.0	0.0	7.0	0.0	0.0	0.0	0.0	0.0	0.0	0.0	0.0	0.0	0.0	0.0	0.0	0.0	0.0	0.0	24.0	9.0	0.0	0.0	0.0	0.0	0.0	0.0	25.0	0.0	0.0	0.0	0.0	0.0	0.0	0.0	0.0	0.0	0.0	0.0	0.0	0.0	0.0	0.0	0.0	0.0	0.0	0.0	0.0	0.0	0.0	0.0	0.0	0.0	0.0	0.0	0.0	0.0	0.0	0.0	7.0	0.0	0.0	0.0	0.0	0.0	0.0	0.0	0.0	0.0	0.0	0.0	0.0	0.0	0.0	0.0	0.0	0.0	0.0	0.0	0.0	0.0	0.0	0.0	0.0	0.0	20.0	0.0	0.0	0.0	0.0	0.0	0.0	0.0	0.0	0.0	0.0	0.0	0.0	0.0	0.0	0.0	0.0	0.0	0.0	0.0	0.0	0.0	0.0	0.0	0.0	0.0	0.0	0.0	0.0	0.0	0.0	0.0	0.0	0.0	0.0	0.0	0.0	0.0	0.0	0.0	0.0	0.0	0.0	0.0	0.0	0.0	0.0	0.0	0.0	0.0	0.0	0.0	0.0	0.0	0.0	0.0	0.0	0.0	0.0	0.0	0.0	0.0	0.0	0.0	0.0	0.0	0.0	0.0	0.0	0.0	0.0
SRR5532681	0.0	0.0	0.0	0.0	0.0	0.0	9.0	5.0	0.0	0.0	0.0	1238.0	829.0	251.0	0.0	0.0	13.0	0.0	8.0	24.0	563.0	0.0	163.0	346.0	3695.0	10.0	5.0	0.0	14.0	4.0	136.0	0.0	0.0	1.0	0.0	0.0	0.0	0.0	56.0	0.0	0.0	0.0	3.0	0.0	3.0	0.0	0.0	267.0	0.0	29.0	40.0	0.0	20.0	0.0	3.0	27.0	3.0	0.0	106.0	985.0	100.0	4.0	1063.0	170.0	0.0	0.0	344.0	0.0	0.0	28.0	718.0	0.0	0.0	0.0	0.0	0.0	0.0	0.0	0.0	4.0	0.0	94.0	0.0	0.0	10.0	0.0	0.0	93.0	0.0	0.0	0.0	10.0	6.0	0.0	326.0	0.0	0.0	0.0	2592.0	0.0	0.0	76.0	0.0	0.0	4.0	0.0	0.0	0.0	0.0	119.0	2.0	29.0	0.0	0.0	0.0	26.0	0.0	2.0	0.0	0.0	0.0	0.0	0.0	10.0	0.0	55.0	0.0	0.0	0.0	0.0	2007.0	0.0	0.0	0.0	0.0	0.0	14.0	0.0	0.0	0.0	0.0	0.0	0.0	0.0	41.0	0.0	0.0	0.0	0.0	0.0	0.0	0.0	0.0	0.0	0.0	0.0	52.0	0.0	0.0	0.0	1.0	0.0	0.0	0.0	0.0	1.0	0.0	6.0	0.0	84.0	0.0	5.0	43.0	0.0	0.0	218.0	0.0	102.0	0.0	0.0	0.0	0.0	0.0	0.0	0.0	0.0	0.0	0.0	0.0	0.0	0.0	0.0	0.0	0.0	0.0	9.0	0.0	0.0	0.0	0.0	0.0	0.0	0.0	84.0	0.0	0.0	0.0	0.0	0.0	0.0	0.0	0.0	0.0	0.0	0.0	0.0	0.0	0.0	0.0	0.0	0.0	0.0	0.0	0.0	0.0	0.0	15.0	0.0	0.0	0.0	0.0	0.0	0.0	0.0	0.0	0.0	0.0	0.0	0.0	0.0	0.0	0.0	0.0	0.0	0.0	0.0	0.0	0.0	0.0	0.0	0.0	0.0	0.0	0.0	0.0	0.0	0.0	0.0	0.0	0.0	0.0	42.0	0.0	0.0	0.0	0.0	0.0	0.0	0.0	0.0	0.0	0.0	0.0	0.0	0.0	0.0	0.0	0.0	0.0	0.0	0.0	0.0	0.0	0.0	0.0	0.0	0.0	0.0	0.0	0.0	144.0	0.0	0.0	0.0	0.0	0.0	0.0	0.0	0.0	0.0	0.0	0.0	0.0	0.0	0.0	0.0	0.0	0.0	0.0	0.0	0.0	0.0	0.0	0.0	0.0	0.0	0.0	0.0	0.0	0.0	0.0	0.0	0.0	0.0	0.0	0.0	0.0	0.0	0.0	0.0	0.0	0.0
SRR5532682	0.0	0.0	0.0	0.0	5.0	0.0	81.0	0.0	0.0	0.0	0.0	746.0	326.0	63.0	0.0	0.0	0.0	0.0	0.0	3.0	87.0	0.0	49.0	53.0	2273.0	0.0	0.0	0.0	6.0	13.0	1106.0	0.0	0.0	5.0	0.0	0.0	0.0	0.0	9.0	0.0	0.0	0.0	6.0	0.0	0.0	0.0	0.0	348.0	0.0	10.0	14.0	0.0	0.0	3.0	0.0	0.0	0.0	0.0	52.0	525.0	26.0	0.0	177.0	27.0	0.0	2.0	114.0	0.0	0.0	32.0	396.0	0.0	0.0	9.0	0.0	0.0	0.0	0.0	0.0	0.0	0.0	281.0	0.0	0.0	3.0	0.0	0.0	55.0	0.0	0.0	0.0	0.0	13.0	0.0	131.0	0.0	0.0	6.0	828.0	0.0	0.0	24.0	0.0	0.0	0.0	0.0	0.0	0.0	0.0	26.0	0.0	22.0	0.0	0.0	0.0	0.0	0.0	0.0	0.0	0.0	0.0	0.0	0.0	20.0	0.0	127.0	0.0	0.0	0.0	0.0	4724.0	0.0	0.0	1.0	0.0	0.0	57.0	0.0	0.0	0.0	0.0	0.0	0.0	0.0	11.0	0.0	0.0	4.0	0.0	0.0	0.0	0.0	0.0	0.0	0.0	0.0	0.0	0.0	0.0	0.0	0.0	0.0	0.0	0.0	0.0	0.0	0.0	2.0	0.0	0.0	0.0	0.0	45.0	0.0	0.0	0.0	0.0	23.0	0.0	0.0	0.0	0.0	0.0	0.0	0.0	0.0	0.0	0.0	0.0	0.0	0.0	0.0	0.0	0.0	0.0	0.0	0.0	0.0	0.0	0.0	0.0	0.0	0.0	8.0	0.0	0.0	0.0	0.0	0.0	0.0	0.0	0.0	0.0	0.0	0.0	0.0	0.0	0.0	0.0	0.0	0.0	0.0	0.0	0.0	0.0	0.0	0.0	0.0	0.0	0.0	0.0	0.0	0.0	0.0	0.0	0.0	0.0	0.0	0.0	0.0	0.0	0.0	0.0	0.0	0.0	0.0	0.0	0.0	0.0	0.0	0.0	0.0	0.0	0.0	0.0	0.0	0.0	0.0	0.0	0.0	0.0	0.0	0.0	0.0	0.0	0.0	0.0	0.0	0.0	0.0	0.0	0.0	0.0	0.0	4.0	0.0	0.0	0.0	0.0	0.0	0.0	0.0	0.0	0.0	0.0	0.0	0.0	0.0	0.0	0.0	1035.0	0.0	0.0	0.0	0.0	0.0	0.0	0.0	0.0	0.0	0.0	0.0	0.0	0.0	0.0	0.0	0.0	0.0	0.0	0.0	0.0	0.0	0.0	0.0	0.0	0.0	0.0	0.0	0.0	0.0	0.0	0.0	0.0	0.0	0.0	0.0	0.0	0.0	0.0	0.0	0.0	0.0
SRR5532683	2.0	343.0	125.0	28.0	0.0	0.0	2.0	40.0	48.0	32.0	0.0	104.0	1052.0	87.0	246.0	148.0	579.0	57.0	62.0	890.0	1082.0	24.0	1033.0	191.0	4781.0	626.0	13.0	3.0	143.0	22.0	85.0	8.0	38.0	315.0	0.0	154.0	1.0	2.0	1206.0	0.0	495.0	64.0	22.0	0.0	39.0	26.0	0.0	18.0	236.0	110.0	449.0	107.0	68.0	76.0	21.0	284.0	1.0	0.0	1598.0	63.0	200.0	59.0	199.0	117.0	19.0	20.0	235.0	153.0	0.0	0.0	161.0	55.0	110.0	11.0	30.0	17.0	0.0	10.0	7.0	2.0	20.0	125.0	212.0	28.0	93.0	0.0	5.0	201.0	1.0	0.0	79.0	0.0	84.0	8.0	165.0	0.0	25.0	786.0	22.0	34.0	0.0	152.0	3.0	2.0	7.0	11.0	0.0	19.0	45.0	26.0	6.0	13.0	64.0	0.0	0.0	21.0	0.0	2.0	0.0	2.0	46.0	0.0	142.0	671.0	0.0	26.0	119.0	0.0	16.0	3.0	31.0	32.0	0.0	4.0	0.0	0.0	464.0	0.0	29.0	14.0	4.0	24.0	33.0	0.0	174.0	2.0	20.0	72.0	7.0	106.0	0.0	2.0	0.0	9.0	0.0	371.0	23.0	0.0	70.0	0.0	7.0	0.0	0.0	0.0	1.0	0.0	41.0	30.0	0.0	0.0	7.0	0.0	107.0	0.0	0.0	12.0	0.0	501.0	0.0	0.0	0.0	39.0	4.0	0.0	25.0	0.0	53.0	12.0	1.0	0.0	0.0	3.0	0.0	26.0	10.0	76.0	7.0	33.0	0.0	16.0	0.0	0.0	0.0	96.0	21.0	0.0	3.0	8.0	0.0	0.0	0.0	22.0	4.0	0.0	4.0	0.0	0.0	0.0	0.0	13.0	15.0	33.0	0.0	0.0	30.0	0.0	381.0	0.0	0.0	0.0	0.0	0.0	3.0	0.0	0.0	0.0	0.0	0.0	0.0	0.0	0.0	0.0	0.0	0.0	0.0	0.0	8.0	3.0	3.0	0.0	0.0	0.0	0.0	0.0	0.0	7.0	0.0	9.0	0.0	0.0	0.0	0.0	0.0	0.0	0.0	0.0	16.0	0.0	30.0	0.0	0.0	0.0	1.0	0.0	0.0	0.0	0.0	0.0	0.0	0.0	0.0	0.0	0.0	0.0	0.0	0.0	0.0	0.0	0.0	0.0	0.0	0.0	0.0	0.0	0.0	0.0	0.0	0.0	5.0	0.0	0.0	0.0	0.0	0.0	0.0	10.0	0.0	0.0	0.0	0.0	0.0	0.0	0.0	0.0	0.0	0.0	0.0	0.0	0.0	0.0	0.0	0.0	0.0	0.0	0.0	0.0	0.0	0.0	0.0	0.0	0.0	0.0
SRR5532684	0.0	493.0	41.0	43.0	1.0	22.0	139.0	32.0	133.0	79.0	0.0	154.0	808.0	76.0	449.0	58.0	432.0	57.0	25.0	752.0	1947.0	6.0	486.0	343.0	6033.0	779.0	104.0	0.0	149.0	47.0	41.0	0.0	3.0	171.0	0.0	142.0	49.0	13.0	1207.0	15.0	419.0	107.0	47.0	2.0	40.0	13.0	3.0	16.0	264.0	148.0	1104.0	98.0	55.0	62.0	5.0	222.0	2.0	0.0	1795.0	150.0	410.0	71.0	138.0	158.0	25.0	22.0	446.0	162.0	0.0	0.0	263.0	34.0	41.0	30.0	60.0	28.0	0.0	0.0	5.0	13.0	23.0	18.0	99.0	0.0	111.0	0.0	2.0	233.0	0.0	1.0	45.0	0.0	9.0	18.0	286.0	0.0	18.0	686.0	82.0	37.0	0.0	121.0	11.0	37.0	25.0	0.0	0.0	21.0	37.0	155.0	0.0	14.0	62.0	0.0	0.0	47.0	8.0	0.0	14.0	15.0	211.0	0.0	78.0	764.0	0.0	12.0	155.0	0.0	16.0	2.0	25.0	9.0	2.0	10.0	0.0	0.0	320.0	0.0	22.0	8.0	0.0	13.0	21.0	2.0	167.0	7.0	12.0	17.0	11.0	56.0	0.0	0.0	0.0	0.0	0.0	516.0	34.0	0.0	33.0	7.0	9.0	15.0	0.0	0.0	2.0	0.0	26.0	22.0	0.0	44.0	0.0	0.0	86.0	0.0	4.0	0.0	8.0	364.0	0.0	0.0	0.0	20.0	0.0	5.0	31.0	8.0	28.0	58.0	2.0	0.0	1.0	0.0	54.0	45.0	0.0	73.0	0.0	30.0	0.0	9.0	0.0	3.0	2.0	40.0	34.0	0.0	0.0	0.0	0.0	0.0	0.0	13.0	0.0	0.0	8.0	0.0	0.0	0.0	0.0	39.0	0.0	27.0	0.0	0.0	0.0	0.0	47.0	0.0	0.0	17.0	4.0	0.0	0.0	0.0	0.0	0.0	0.0	0.0	0.0	0.0	0.0	6.0	0.0	0.0	0.0	0.0	0.0	6.0	0.0	0.0	0.0	0.0	0.0	0.0	0.0	0.0	0.0	1.0	0.0	0.0	0.0	0.0	0.0	0.0	0.0	0.0	20.0	0.0	43.0	0.0	0.0	0.0	0.0	0.0	0.0	7.0	0.0	0.0	0.0	0.0	0.0	0.0	0.0	0.0	0.0	0.0	0.0	0.0	0.0	0.0	0.0	0.0	0.0	0.0	0.0	0.0	0.0	0.0	0.0	0.0	0.0	0.0	0.0	0.0	0.0	0.0	0.0	0.0	0.0	0.0	0.0	0.0	0.0	0.0	0.0	0.0	0.0	0.0	0.0	0.0	0.0	0.0	0.0	0.0	0.0	0.0	0.0	0.0	0.0	0.0	0.0	0.0
SRR5532685	0.0	415.0	88.0	0.0	4.0	2.0	107.0	31.0	60.0	13.0	0.0	119.0	1071.0	243.0	578.0	119.0	622.0	53.0	64.0	861.0	1222.0	138.0	1068.0	427.0	6776.0	658.0	0.0	0.0	201.0	25.0	81.0	0.0	41.0	289.0	0.0	179.0	31.0	0.0	1253.0	18.0	524.0	21.0	83.0	10.0	39.0	11.0	0.0	0.0	211.0	185.0	675.0	78.0	92.0	132.0	20.0	253.0	45.0	16.0	1740.0	190.0	492.0	61.0	158.0	210.0	56.0	22.0	369.0	235.0	0.0	11.0	198.0	20.0	59.0	18.0	17.0	38.0	0.0	0.0	0.0	18.0	37.0	30.0	43.0	26.0	95.0	13.0	24.0	321.0	0.0	20.0	40.0	0.0	0.0	27.0	165.0	8.0	19.0	311.0	75.0	81.0	7.0	165.0	0.0	0.0	28.0	12.0	0.0	47.0	20.0	0.0	3.0	10.0	59.0	0.0	0.0	61.0	0.0	0.0	0.0	14.0	116.0	0.0	178.0	596.0	0.0	24.0	157.0	0.0	22.0	2.0	49.0	0.0	4.0	45.0	0.0	1.0	299.0	0.0	17.0	0.0	0.0	43.0	23.0	6.0	271.0	13.0	0.0	47.0	25.0	12.0	0.0	0.0	7.0	10.0	0.0	381.0	16.0	0.0	10.0	0.0	31.0	5.0	0.0	23.0	9.0	0.0	45.0	31.0	1.0	36.0	3.0	0.0	116.0	6.0	7.0	0.0	9.0	576.0	0.0	2.0	0.0	38.0	2.0	7.0	6.0	0.0	52.0	18.0	0.0	0.0	0.0	2.0	0.0	25.0	7.0	99.0	13.0	18.0	0.0	16.0	0.0	14.0	18.0	84.0	36.0	3.0	0.0	0.0	0.0	0.0	0.0	22.0	0.0	0.0	2.0	0.0	3.0	0.0	5.0	34.0	13.0	53.0	0.0	0.0	44.0	0.0	0.0	0.0	0.0	0.0	0.0	0.0	0.0	0.0	0.0	0.0	0.0	0.0	0.0	0.0	0.0	0.0	0.0	0.0	0.0	0.0	19.0	0.0	2.0	0.0	0.0	9.0	0.0	0.0	2.0	0.0	0.0	30.0	0.0	0.0	0.0	0.0	0.0	0.0	0.0	0.0	14.0	0.0	23.0	0.0	0.0	0.0	0.0	0.0	2.0	0.0	0.0	0.0	0.0	0.0	0.0	0.0	0.0	0.0	0.0	0.0	0.0	0.0	0.0	0.0	0.0	0.0	0.0	0.0	0.0	0.0	0.0	0.0	0.0	0.0	0.0	0.0	0.0	0.0	0.0	0.0	0.0	0.0	0.0	0.0	0.0	0.0	3.0	0.0	0.0	0.0	0.0	0.0	0.0	0.0	0.0	0.0	0.0	0.0	0.0	0.0	0.0	0.0	0.0	0.0	0.0	0.0
SRR5532686	0.0	345.0	25.0	2.0	4.0	27.0	201.0	43.0	101.0	17.0	0.0	105.0	1244.0	430.0	0.0	103.0	465.0	5.0	7.0	553.0	1826.0	12.0	121.0	1051.0	5691.0	482.0	3.0	0.0	166.0	50.0	77.0	0.0	8.0	318.0	11.0	95.0	0.0	17.0	2308.0	28.0	233.0	1105.0	78.0	31.0	64.0	0.0	2.0	52.0	141.0	477.0	58.0	71.0	24.0	3.0	54.0	145.0	68.0	19.0	550.0	530.0	606.0	66.0	180.0	391.0	6.0	20.0	737.0	1526.0	0.0	3.0	232.0	5.0	42.0	43.0	7.0	0.0	0.0	8.0	2.0	52.0	35.0	48.0	9.0	4.0	135.0	28.0	1.0	246.0	169.0	8.0	42.0	26.0	20.0	209.0	1020.0	20.0	2.0	90.0	234.0	142.0	0.0	47.0	11.0	66.0	224.0	0.0	0.0	94.0	0.0	16.0	0.0	30.0	11.0	0.0	0.0	129.0	2.0	0.0	0.0	0.0	61.0	0.0	19.0	274.0	0.0	19.0	24.0	0.0	2.0	0.0	0.0	22.0	0.0	40.0	13.0	0.0	318.0	0.0	0.0	53.0	0.0	0.0	5.0	32.0	149.0	23.0	0.0	0.0	2.0	0.0	0.0	0.0	1.0	10.0	0.0	467.0	8.0	0.0	0.0	7.0	49.0	8.0	0.0	32.0	0.0	3.0	0.0	77.0	0.0	12.0	0.0	0.0	143.0	0.0	3.0	121.0	0.0	553.0	0.0	26.0	11.0	49.0	3.0	14.0	46.0	0.0	13.0	17.0	1.0	18.0	13.0	0.0	20.0	0.0	0.0	106.0	0.0	3.0	0.0	5.0	0.0	11.0	0.0	75.0	85.0	0.0	13.0	0.0	0.0	0.0	0.0	26.0	0.0	0.0	7.0	0.0	0.0	0.0	0.0	75.0	0.0	34.0	0.0	4.0	12.0	6.0	0.0	0.0	0.0	0.0	0.0	0.0	0.0	0.0	17.0	0.0	0.0	0.0	0.0	0.0	0.0	0.0	0.0	0.0	0.0	0.0	0.0	6.0	0.0	0.0	28.0	0.0	0.0	16.0	0.0	0.0	0.0	1.0	0.0	0.0	0.0	0.0	0.0	0.0	0.0	0.0	0.0	0.0	0.0	0.0	0.0	0.0	31.0	0.0	0.0	0.0	0.0	0.0	52.0	0.0	0.0	0.0	0.0	0.0	0.0	0.0	0.0	0.0	0.0	0.0	0.0	0.0	0.0	0.0	0.0	0.0	0.0	8.0	14.0	0.0	0.0	0.0	0.0	0.0	0.0	0.0	0.0	0.0	0.0	0.0	0.0	0.0	0.0	0.0	0.0	0.0	0.0	0.0	0.0	0.0	0.0	0.0	0.0	0.0	0.0	0.0	0.0	0.0	0.0	0.0	0.0	0.0
SRR5532687	0.0	210.0	7.0	5.0	3.0	0.0	13.0	14.0	3.0	3.0	31.0	132.0	1406.0	429.0	0.0	10.0	311.0	237.0	6.0	105.0	572.0	21.0	1025.0	40.0	3619.0	99.0	189.0	0.0	0.0	0.0	40.0	0.0	0.0	80.0	0.0	38.0	0.0	8.0	13.0	0.0	62.0	1.0	35.0	0.0	0.0	0.0	0.0	7.0	8.0	1143.0	354.0	7.0	100.0	18.0	63.0	21.0	0.0	0.0	13078.0	19.0	242.0	6.0	352.0	132.0	60.0	0.0	108.0	5.0	0.0	0.0	521.0	5.0	31.0	18.0	17.0	0.0	3.0	32.0	0.0	16.0	0.0	0.0	128.0	0.0	16.0	4.0	4.0	519.0	0.0	40.0	4.0	0.0	13.0	0.0	79.0	0.0	105.0	433.0	22.0	0.0	0.0	66.0	9.0	2.0	0.0	3.0	0.0	2.0	0.0	55.0	0.0	8.0	4.0	0.0	0.0	0.0	10.0	0.0	0.0	18.0	52.0	0.0	4.0	221.0	0.0	15.0	0.0	0.0	71.0	0.0	0.0	0.0	22.0	0.0	0.0	0.0	122.0	0.0	61.0	0.0	0.0	42.0	0.0	0.0	908.0	4.0	0.0	0.0	4.0	26.0	0.0	0.0	0.0	0.0	24.0	0.0	19.0	0.0	0.0	7.0	16.0	3.0	0.0	0.0	0.0	0.0	6.0	0.0	0.0	0.0	12.0	0.0	57.0	0.0	0.0	589.0	0.0	0.0	0.0	0.0	0.0	0.0	0.0	0.0	5.0	0.0	4.0	0.0	0.0	0.0	0.0	4.0	0.0	22.0	0.0	12.0	11.0	27.0	0.0	0.0	13.0	0.0	1.0	3.0	12.0	0.0	0.0	0.0	0.0	0.0	0.0	0.0	0.0	0.0	0.0	0.0	0.0	14.0	0.0	5.0	25.0	2.0	0.0	0.0	0.0	0.0	0.0	0.0	0.0	0.0	0.0	10.0	0.0	0.0	0.0	0.0	0.0	0.0	0.0	6.0	0.0	0.0	0.0	0.0	0.0	2.0	0.0	0.0	0.0	0.0	0.0	0.0	0.0	0.0	0.0	0.0	0.0	0.0	0.0	0.0	0.0	0.0	0.0	0.0	0.0	0.0	0.0	0.0	0.0	0.0	0.0	0.0	0.0	0.0	0.0	0.0	0.0	0.0	0.0	0.0	0.0	0.0	0.0	0.0	0.0	0.0	0.0	0.0	0.0	14.0	0.0	0.0	0.0	0.0	0.0	0.0	0.0	0.0	0.0	0.0	0.0	0.0	0.0	0.0	0.0	0.0	0.0	0.0	0.0	0.0	0.0	0.0	0.0	0.0	0.0	0.0	0.0	0.0	0.0	0.0	0.0	0.0	0.0	0.0	0.0	0.0	0.0	0.0	0.0	0.0	0.0	0.0
SRR5532688	0.0	84.0	0.0	0.0	2.0	4.0	0.0	79.0	0.0	2.0	92.0	3.0	645.0	292.0	4.0	25.0	527.0	84.0	7.0	53.0	209.0	33.0	492.0	24.0	948.0	34.0	228.0	0.0	3.0	0.0	235.0	8.0	0.0	45.0	0.0	44.0	0.0	0.0	5.0	0.0	29.0	0.0	12.0	0.0	0.0	0.0	26.0	10.0	79.0	325.0	143.0	69.0	176.0	27.0	12.0	7.0	6.0	0.0	8549.0	6.0	395.0	4.0	33.0	72.0	4.0	2.0	60.0	0.0	0.0	0.0	293.0	0.0	15.0	4.0	4.0	0.0	0.0	1.0	0.0	16.0	0.0	9.0	21.0	0.0	24.0	0.0	6.0	228.0	0.0	54.0	0.0	0.0	13.0	0.0	20.0	0.0	7.0	121.0	34.0	0.0	0.0	7.0	0.0	0.0	0.0	2.0	0.0	0.0	0.0	8.0	4.0	0.0	0.0	0.0	0.0	0.0	18.0	2.0	0.0	33.0	4.0	0.0	4.0	146.0	0.0	16.0	0.0	0.0	0.0	0.0	0.0	0.0	0.0	0.0	0.0	0.0	39.0	0.0	38.0	0.0	0.0	15.0	0.0	0.0	269.0	4.0	0.0	0.0	0.0	20.0	0.0	0.0	1.0	0.0	23.0	0.0	37.0	0.0	0.0	0.0	11.0	0.0	0.0	0.0	3.0	0.0	0.0	0.0	0.0	0.0	12.0	0.0	73.0	0.0	0.0	890.0	0.0	0.0	0.0	0.0	0.0	0.0	0.0	6.0	6.0	0.0	4.0	0.0	0.0	4.0	0.0	0.0	0.0	2.0	0.0	0.0	0.0	62.0	0.0	0.0	0.0	0.0	2.0	0.0	0.0	0.0	0.0	0.0	0.0	0.0	0.0	0.0	0.0	0.0	0.0	0.0	0.0	63.0	0.0	0.0	4.0	0.0	0.0	0.0	0.0	0.0	0.0	0.0	0.0	0.0	1.0	0.0	0.0	0.0	0.0	0.0	0.0	0.0	0.0	0.0	0.0	0.0	0.0	0.0	0.0	0.0	0.0	0.0	0.0	0.0	0.0	0.0	0.0	0.0	0.0	0.0	0.0	0.0	0.0	0.0	0.0	0.0	0.0	0.0	0.0	0.0	0.0	0.0	0.0	0.0	0.0	0.0	0.0	0.0	0.0	0.0	0.0	0.0	0.0	0.0	0.0	0.0	0.0	0.0	0.0	0.0	0.0	0.0	0.0	0.0	0.0	0.0	0.0	0.0	0.0	0.0	0.0	0.0	0.0	0.0	0.0	0.0	0.0	0.0	0.0	0.0	0.0	0.0	0.0	0.0	0.0	0.0	0.0	0.0	0.0	0.0	0.0	0.0	0.0	0.0	0.0	0.0	0.0	0.0	0.0	0.0	0.0	0.0	0.0	0.0	0.0	0.0
SRR5532689	0.0	48.0	19.0	0.0	0.0	6.0	0.0	7.0	5.0	0.0	7.0	14.0	474.0	81.0	0.0	11.0	130.0	122.0	1.0	58.0	301.0	0.0	614.0	8.0	844.0	62.0	35.0	1.0	5.0	0.0	12.0	0.0	0.0	0.0	0.0	7.0	0.0	0.0	7.0	3.0	27.0	0.0	9.0	4.0	0.0	0.0	12.0	4.0	22.0	498.0	105.0	21.0	41.0	0.0	8.0	20.0	18.0	0.0	12232.0	0.0	116.0	0.0	20.0	37.0	19.0	0.0	28.0	0.0	0.0	0.0	218.0	0.0	13.0	3.0	11.0	8.0	0.0	13.0	0.0	2.0	0.0	0.0	15.0	0.0	0.0	0.0	0.0	171.0	0.0	0.0	0.0	0.0	0.0	0.0	6.0	0.0	2.0	46.0	1.0	0.0	2.0	101.0	0.0	0.0	0.0	6.0	0.0	0.0	0.0	19.0	6.0	3.0	0.0	0.0	0.0	0.0	2.0	6.0	0.0	0.0	19.0	0.0	22.0	75.0	0.0	8.0	0.0	0.0	0.0	0.0	0.0	0.0	2.0	0.0	0.0	0.0	13.0	0.0	54.0	0.0	0.0	0.0	0.0	0.0	603.0	6.0	6.0	0.0	8.0	21.0	0.0	0.0	4.0	0.0	76.0	0.0	21.0	0.0	0.0	0.0	0.0	0.0	0.0	0.0	0.0	0.0	6.0	9.0	0.0	0.0	7.0	0.0	24.0	0.0	0.0	720.0	0.0	0.0	0.0	0.0	0.0	0.0	0.0	0.0	0.0	0.0	14.0	0.0	0.0	0.0	0.0	0.0	0.0	0.0	0.0	0.0	0.0	0.0	0.0	0.0	0.0	0.0	0.0	0.0	8.0	0.0	0.0	0.0	0.0	0.0	0.0	0.0	0.0	0.0	0.0	0.0	0.0	0.0	0.0	0.0	11.0	6.0	0.0	0.0	0.0	0.0	0.0	0.0	0.0	0.0	0.0	6.0	0.0	0.0	0.0	0.0	0.0	0.0	0.0	4.0	0.0	0.0	0.0	0.0	0.0	0.0	0.0	0.0	0.0	0.0	0.0	0.0	0.0	0.0	0.0	0.0	0.0	0.0	0.0	0.0	0.0	0.0	0.0	0.0	0.0	0.0	0.0	0.0	0.0	0.0	0.0	0.0	0.0	0.0	0.0	0.0	0.0	0.0	0.0	0.0	0.0	0.0	0.0	0.0	0.0	0.0	0.0	0.0	0.0	0.0	0.0	0.0	0.0	0.0	0.0	0.0	0.0	0.0	0.0	0.0	0.0	0.0	0.0	0.0	0.0	0.0	0.0	0.0	0.0	0.0	0.0	0.0	0.0	0.0	0.0	0.0	0.0	0.0	0.0	0.0	0.0	0.0	0.0	0.0	0.0	0.0	0.0	0.0	0.0	0.0	0.0	0.0
SRR5532690	0.0	31.0	21.0	0.0	0.0	0.0	0.0	2.0	0.0	0.0	5.0	19.0	796.0	234.0	0.0	19.0	149.0	55.0	0.0	61.0	107.0	4.0	544.0	6.0	1308.0	33.0	86.0	0.0	0.0	0.0	30.0	0.0	0.0	6.0	0.0	25.0	2.0	0.0	0.0	0.0	9.0	0.0	0.0	5.0	0.0	0.0	7.0	0.0	7.0	849.0	303.0	0.0	16.0	35.0	15.0	17.0	17.0	0.0	15087.0	0.0	81.0	0.0	72.0	8.0	95.0	5.0	25.0	0.0	0.0	68.0	5689.0	3.0	7.0	1.0	5.0	5.0	12.0	19.0	0.0	0.0	0.0	0.0	76.0	0.0	4.0	0.0	2.0	71.0	0.0	35.0	0.0	3.0	2.0	0.0	18.0	0.0	109.0	268.0	6.0	0.0	1.0	60.0	0.0	0.0	0.0	2.0	0.0	3.0	0.0	58.0	0.0	0.0	11.0	0.0	0.0	0.0	0.0	0.0	0.0	47.0	9.0	0.0	46.0	78.0	0.0	0.0	0.0	0.0	14.0	0.0	3.0	0.0	0.0	0.0	0.0	0.0	22.0	0.0	57.0	0.0	0.0	4.0	0.0	0.0	662.0	13.0	10.0	0.0	0.0	31.0	0.0	0.0	8.0	0.0	122.0	0.0	18.0	0.0	5.0	0.0	0.0	3.0	0.0	0.0	0.0	0.0	4.0	0.0	0.0	0.0	11.0	0.0	0.0	0.0	0.0	1330.0	5.0	0.0	0.0	0.0	0.0	0.0	0.0	8.0	0.0	0.0	12.0	0.0	0.0	0.0	0.0	2.0	0.0	4.0	0.0	0.0	0.0	103.0	0.0	0.0	11.0	0.0	0.0	3.0	21.0	2.0	0.0	0.0	0.0	0.0	0.0	0.0	0.0	0.0	0.0	0.0	2.0	0.0	0.0	0.0	18.0	56.0	0.0	0.0	0.0	0.0	0.0	0.0	0.0	0.0	0.0	0.0	0.0	0.0	0.0	0.0	0.0	0.0	0.0	1.0	0.0	0.0	0.0	0.0	0.0	0.0	0.0	0.0	0.0	0.0	0.0	0.0	0.0	0.0	0.0	0.0	0.0	0.0	0.0	0.0	0.0	0.0	0.0	0.0	0.0	0.0	0.0	0.0	0.0	0.0	0.0	0.0	0.0	0.0	0.0	0.0	0.0	0.0	0.0	0.0	0.0	0.0	0.0	0.0	0.0	0.0	0.0	0.0	0.0	20.0	0.0	0.0	0.0	0.0	0.0	0.0	2.0	0.0	0.0	0.0	0.0	0.0	0.0	0.0	0.0	0.0	0.0	0.0	0.0	0.0	0.0	0.0	0.0	0.0	0.0	0.0	0.0	0.0	0.0	0.0	0.0	0.0	0.0	0.0	0.0	0.0	0.0	0.0	0.0	0.0	0.0	0.0
SRR5532691	0.0	565.0	140.0	24.0	5.0	34.0	29.0	47.0	96.0	65.0	0.0	265.0	1310.0	166.0	404.0	296.0	1162.0	99.0	102.0	677.0	1440.0	81.0	1656.0	255.0	6635.0	896.0	74.0	0.0	128.0	191.0	110.0	24.0	18.0	364.0	0.0	163.0	4.0	9.0	2351.0	23.0	529.0	45.0	220.0	48.0	23.0	0.0	1.0	32.0	498.0	204.0	2051.0	267.0	109.0	124.0	33.0	204.0	2.0	0.0	4296.0	115.0	500.0	78.0	318.0	191.0	189.0	21.0	324.0	66.0	0.0	0.0	245.0	93.0	199.0	17.0	52.0	13.0	0.0	86.0	0.0	34.0	12.0	33.0	322.0	25.0	296.0	0.0	0.0	195.0	23.0	30.0	64.0	0.0	25.0	43.0	141.0	0.0	152.0	2358.0	99.0	32.0	1.0	129.0	82.0	20.0	13.0	50.0	0.0	0.0	582.0	57.0	0.0	0.0	34.0	0.0	0.0	52.0	0.0	0.0	11.0	70.0	53.0	0.0	28.0	675.0	0.0	93.0	317.0	3.0	82.0	1.0	0.0	2.0	33.0	60.0	23.0	0.0	641.0	0.0	7.0	2.0	0.0	107.0	15.0	1.0	310.0	4.0	19.0	22.0	13.0	68.0	0.0	10.0	5.0	0.0	154.0	200.0	76.0	0.0	132.0	0.0	33.0	0.0	0.0	0.0	2.0	26.0	1.0	28.0	0.0	0.0	0.0	22.0	119.0	0.0	0.0	54.0	11.0	255.0	0.0	16.0	12.0	19.0	0.0	9.0	94.0	34.0	22.0	29.0	0.0	0.0	0.0	0.0	0.0	68.0	0.0	75.0	27.0	110.0	0.0	0.0	0.0	0.0	30.0	71.0	20.0	4.0	2.0	0.0	0.0	0.0	0.0	0.0	0.0	0.0	12.0	0.0	0.0	0.0	1.0	6.0	7.0	38.0	0.0	0.0	0.0	0.0	210.0	0.0	0.0	0.0	0.0	10.0	0.0	0.0	0.0	0.0	0.0	0.0	0.0	0.0	0.0	3.0	0.0	0.0	0.0	21.0	7.0	0.0	21.0	0.0	0.0	0.0	0.0	0.0	0.0	20.0	0.0	0.0	0.0	0.0	0.0	0.0	0.0	0.0	0.0	0.0	53.0	0.0	13.0	1.0	0.0	4.0	0.0	0.0	0.0	0.0	3.0	0.0	0.0	0.0	0.0	0.0	0.0	0.0	0.0	0.0	0.0	0.0	0.0	0.0	0.0	0.0	0.0	6.0	0.0	0.0	5.0	0.0	0.0	0.0	0.0	2.0	0.0	0.0	0.0	7.0	23.0	0.0	0.0	0.0	0.0	0.0	0.0	0.0	0.0	0.0	0.0	0.0	0.0	0.0	0.0	0.0	0.0	0.0	0.0	0.0	0.0	0.0	0.0	0.0	0.0	0.0
SRR5532692	0.0	330.0	104.0	36.0	1.0	16.0	108.0	29.0	1.0	34.0	0.0	84.0	678.0	96.0	322.0	154.0	816.0	42.0	52.0	308.0	867.0	20.0	739.0	213.0	4628.0	424.0	104.0	0.0	78.0	49.0	125.0	30.0	4.0	308.0	2.0	337.0	2.0	7.0	1903.0	20.0	441.0	74.0	142.0	66.0	17.0	0.0	0.0	78.0	306.0	203.0	1418.0	70.0	115.0	144.0	27.0	161.0	2.0	20.0	3007.0	145.0	159.0	53.0	436.0	343.0	169.0	13.0	263.0	98.0	0.0	10.0	365.0	18.0	52.0	86.0	50.0	37.0	11.0	106.0	4.0	3.0	10.0	100.0	164.0	13.0	300.0	0.0	6.0	94.0	12.0	42.0	30.0	20.0	12.0	46.0	227.0	0.0	234.0	552.0	23.0	65.0	47.0	102.0	74.0	42.0	18.0	60.0	0.0	24.0	136.0	19.0	0.0	37.0	9.0	0.0	0.0	23.0	11.0	0.0	0.0	44.0	57.0	0.0	5.0	554.0	0.0	44.0	252.0	3.0	67.0	0.0	75.0	3.0	22.0	32.0	36.0	0.0	727.0	0.0	0.0	14.0	0.0	108.0	10.0	4.0	151.0	8.0	0.0	17.0	3.0	16.0	0.0	0.0	7.0	18.0	159.0	33.0	41.0	0.0	34.0	5.0	21.0	8.0	0.0	0.0	0.0	5.0	2.0	13.0	0.0	51.0	0.0	12.0	142.0	2.0	0.0	0.0	0.0	151.0	0.0	4.0	13.0	19.0	1.0	4.0	33.0	0.0	22.0	22.0	0.0	2.0	0.0	0.0	3.0	22.0	3.0	87.0	0.0	40.0	0.0	0.0	0.0	0.0	1.0	25.0	0.0	0.0	0.0	0.0	0.0	0.0	0.0	0.0	13.0	1.0	0.0	0.0	0.0	0.0	0.0	69.0	0.0	32.0	0.0	0.0	7.0	0.0	0.0	0.0	0.0	0.0	0.0	0.0	0.0	0.0	7.0	0.0	1.0	31.0	7.0	2.0	0.0	0.0	0.0	0.0	0.0	12.0	0.0	0.0	2.0	0.0	4.0	0.0	0.0	0.0	0.0	8.0	4.0	0.0	0.0	0.0	0.0	0.0	0.0	0.0	0.0	0.0	24.0	0.0	0.0	0.0	1.0	0.0	0.0	0.0	0.0	0.0	0.0	0.0	0.0	0.0	0.0	0.0	0.0	0.0	0.0	0.0	0.0	0.0	0.0	0.0	0.0	6.0	0.0	10.0	0.0	0.0	0.0	0.0	0.0	0.0	0.0	0.0	0.0	0.0	0.0	0.0	137.0	0.0	0.0	0.0	0.0	0.0	0.0	0.0	0.0	0.0	0.0	0.0	0.0	0.0	0.0	0.0	0.0	0.0	0.0	0.0	0.0	0.0	0.0	0.0	0.0	0.0
SRR5532693	5.0	905.0	28.0	1.0	31.0	18.0	0.0	46.0	40.0	0.0	837.0	2.0	1259.0	353.0	95.0	296.0	2668.0	1312.0	80.0	1403.0	3085.0	14.0	1448.0	81.0	1753.0	617.0	208.0	4.0	17.0	20.0	74.0	85.0	0.0	298.0	26.0	119.0	9.0	14.0	263.0	14.0	695.0	19.0	299.0	1.0	103.0	0.0	19.0	17.0	606.0	242.0	134.0	51.0	85.0	174.0	63.0	46.0	2.0	0.0	2366.0	14.0	183.0	143.0	263.0	283.0	97.0	9.0	102.0	7.0	0.0	0.0	318.0	0.0	230.0	36.0	81.0	23.0	0.0	64.0	7.0	23.0	0.0	10.0	50.0	33.0	122.0	0.0	4.0	1963.0	3.0	39.0	12.0	6.0	9.0	3.0	20.0	33.0	285.0	42.0	0.0	0.0	5.0	12.0	0.0	0.0	0.0	80.0	0.0	60.0	0.0	0.0	0.0	11.0	6.0	0.0	0.0	14.0	0.0	0.0	0.0	15.0	250.0	0.0	119.0	164.0	0.0	27.0	0.0	0.0	31.0	14.0	0.0	13.0	1.0	0.0	0.0	0.0	8.0	0.0	35.0	0.0	0.0	362.0	51.0	14.0	1227.0	10.0	6.0	0.0	0.0	39.0	0.0	4.0	0.0	0.0	687.0	0.0	75.0	2.0	5.0	0.0	17.0	0.0	2.0	7.0	38.0	2.0	21.0	30.0	0.0	0.0	0.0	26.0	486.0	0.0	0.0	107.0	21.0	0.0	0.0	0.0	0.0	16.0	4.0	25.0	34.0	0.0	74.0	0.0	0.0	6.0	0.0	0.0	0.0	0.0	0.0	0.0	0.0	35.0	0.0	0.0	9.0	0.0	83.0	0.0	0.0	0.0	0.0	0.0	1.0	0.0	0.0	0.0	5.0	0.0	0.0	0.0	8.0	3.0	0.0	16.0	0.0	103.0	0.0	0.0	0.0	0.0	0.0	0.0	0.0	0.0	61.0	15.0	0.0	0.0	0.0	0.0	0.0	0.0	0.0	0.0	0.0	0.0	0.0	3.0	0.0	9.0	0.0	0.0	0.0	3.0	0.0	0.0	0.0	0.0	0.0	22.0	0.0	0.0	0.0	18.0	0.0	0.0	0.0	0.0	0.0	0.0	31.0	0.0	0.0	0.0	0.0	0.0	0.0	0.0	0.0	0.0	0.0	0.0	0.0	0.0	0.0	0.0	0.0	0.0	0.0	0.0	0.0	0.0	0.0	0.0	0.0	0.0	0.0	0.0	0.0	0.0	0.0	0.0	0.0	0.0	0.0	0.0	0.0	0.0	0.0	0.0	0.0	0.0	0.0	0.0	0.0	0.0	0.0	0.0	0.0	0.0	0.0	0.0	0.0	0.0	0.0	0.0	0.0	0.0	0.0	0.0	0.0	0.0	0.0	0.0	0.0	0.0
SRR5532694	0.0	417.0	13.0	23.0	10.0	14.0	201.0	88.0	30.0	10.0	0.0	242.0	911.0	500.0	0.0	90.0	145.0	16.0	34.0	786.0	1251.0	231.0	324.0	926.0	3591.0	627.0	0.0	0.0	311.0	56.0	269.0	46.0	12.0	152.0	0.0	37.0	2.0	24.0	3842.0	25.0	549.0	23.0	128.0	9.0	25.0	7.0	0.0	199.0	60.0	286.0	68.0	62.0	46.0	129.0	34.0	157.0	5.0	41.0	474.0	800.0	184.0	127.0	443.0	188.0	0.0	19.0	892.0	81.0	0.0	12.0	643.0	0.0	76.0	55.0	2.0	14.0	0.0	0.0	7.0	73.0	72.0	144.0	20.0	0.0	464.0	6.0	0.0	268.0	23.0	0.0	11.0	20.0	63.0	68.0	880.0	0.0	1.0	15.0	440.0	279.0	3.0	34.0	0.0	6.0	23.0	3.0	0.0	0.0	0.0	862.0	0.0	80.0	28.0	0.0	0.0	15.0	39.0	109.0	0.0	3.0	47.0	0.0	37.0	139.0	0.0	100.0	0.0	0.0	4.0	14.0	198.0	3.0	0.0	61.0	7.0	4.0	518.0	0.0	0.0	0.0	3.0	0.0	9.0	17.0	71.0	14.0	0.0	4.0	11.0	4.0	0.0	3.0	0.0	13.0	17.0	499.0	33.0	0.0	11.0	9.0	34.0	2.0	0.0	17.0	0.0	7.0	0.0	26.0	0.0	103.0	0.0	23.0	354.0	0.0	7.0	24.0	0.0	410.0	0.0	33.0	0.0	25.0	0.0	11.0	17.0	0.0	4.0	25.0	0.0	0.0	47.0	0.0	0.0	0.0	0.0	79.0	15.0	12.0	0.0	0.0	0.0	0.0	0.0	32.0	45.0	0.0	20.0	0.0	0.0	0.0	0.0	10.0	0.0	0.0	4.0	0.0	0.0	0.0	0.0	22.0	0.0	30.0	0.0	0.0	12.0	3.0	0.0	0.0	0.0	19.0	0.0	0.0	0.0	0.0	0.0	7.0	0.0	0.0	9.0	0.0	0.0	0.0	0.0	0.0	0.0	0.0	0.0	0.0	0.0	0.0	0.0	0.0	0.0	0.0	0.0	0.0	0.0	17.0	0.0	0.0	0.0	0.0	0.0	0.0	0.0	0.0	0.0	0.0	0.0	0.0	0.0	0.0	0.0	0.0	0.0	0.0	0.0	0.0	0.0	0.0	0.0	3.0	0.0	0.0	0.0	0.0	0.0	0.0	0.0	0.0	20.0	0.0	0.0	0.0	0.0	0.0	0.0	0.0	7.0	0.0	0.0	0.0	0.0	0.0	0.0	0.0	0.0	0.0	0.0	0.0	0.0	0.0	0.0	0.0	0.0	0.0	0.0	0.0	0.0	0.0	0.0	0.0	0.0	0.0	0.0	0.0	0.0	0.0	0.0	0.0	0.0	0.0
SRR5532695	0.0	333.0	40.0	35.0	42.0	7.0	49.0	269.0	155.0	2.0	0.0	282.0	1780.0	603.0	20.0	296.0	883.0	86.0	86.0	1618.0	5301.0	21.0	701.0	608.0	4173.0	1429.0	16.0	0.0	1020.0	9.0	202.0	125.0	1.0	523.0	12.0	11.0	0.0	46.0	4575.0	56.0	792.0	2.0	235.0	13.0	87.0	22.0	3.0	146.0	264.0	407.0	74.0	105.0	95.0	119.0	43.0	246.0	109.0	118.0	1221.0	32.0	208.0	370.0	829.0	307.0	21.0	75.0	226.0	439.0	0.0	42.0	467.0	0.0	179.0	98.0	19.0	26.0	0.0	3.0	5.0	120.0	163.0	136.0	22.0	0.0	572.0	43.0	0.0	568.0	0.0	0.0	37.0	25.0	67.0	34.0	229.0	46.0	45.0	4.0	0.0	388.0	2.0	54.0	6.0	34.0	62.0	18.0	0.0	90.0	0.0	0.0	82.0	85.0	5.0	0.0	0.0	90.0	31.0	2.0	0.0	7.0	92.0	0.0	48.0	90.0	0.0	101.0	20.0	0.0	3.0	70.0	51.0	0.0	0.0	126.0	0.0	2.0	821.0	0.0	0.0	7.0	0.0	16.0	18.0	27.0	573.0	63.0	0.0	0.0	6.0	0.0	0.0	0.0	0.0	14.0	0.0	1458.0	56.0	0.0	0.0	2.0	31.0	16.0	0.0	109.0	6.0	6.0	0.0	51.0	0.0	0.0	0.0	18.0	507.0	0.0	6.0	0.0	7.0	975.0	0.0	1.0	10.0	74.0	42.0	19.0	57.0	0.0	5.0	80.0	1.0	29.0	19.0	2.0	0.0	0.0	0.0	55.0	7.0	0.0	0.0	0.0	0.0	2.0	0.0	145.0	43.0	0.0	0.0	0.0	2.0	0.0	0.0	31.0	5.0	0.0	22.0	0.0	0.0	0.0	0.0	53.0	0.0	107.0	0.0	0.0	21.0	2.0	0.0	0.0	0.0	0.0	0.0	0.0	0.0	0.0	0.0	0.0	0.0	0.0	0.0	0.0	0.0	0.0	2.0	0.0	0.0	0.0	0.0	0.0	0.0	34.0	0.0	0.0	0.0	0.0	0.0	13.0	16.0	9.0	0.0	0.0	0.0	0.0	0.0	0.0	0.0	0.0	0.0	0.0	0.0	0.0	0.0	0.0	0.0	0.0	0.0	9.0	0.0	0.0	0.0	0.0	0.0	0.0	0.0	0.0	0.0	0.0	0.0	0.0	0.0	0.0	0.0	0.0	0.0	0.0	0.0	0.0	0.0	0.0	9.0	0.0	0.0	0.0	0.0	0.0	0.0	0.0	0.0	0.0	0.0	0.0	0.0	0.0	0.0	0.0	0.0	0.0	0.0	0.0	0.0	0.0	2.0	0.0	0.0	0.0	0.0	0.0	0.0	0.0	0.0	0.0	0.0	2.0
SRR5532696	8.0	1296.0	97.0	54.0	26.0	5.0	8.0	169.0	15.0	9.0	626.0	63.0	1342.0	1135.0	98.0	220.0	5086.0	1005.0	97.0	1785.0	2991.0	105.0	1455.0	112.0	6851.0	717.0	558.0	0.0	13.0	50.0	171.0	204.0	0.0	613.0	0.0	370.0	18.0	22.0	819.0	36.0	876.0	40.0	284.0	49.0	178.0	0.0	0.0	59.0	651.0	704.0	457.0	42.0	413.0	378.0	121.0	211.0	202.0	0.0	5342.0	6.0	336.0	94.0	347.0	553.0	197.0	16.0	214.0	35.0	0.0	4.0	497.0	8.0	273.0	79.0	98.0	50.0	0.0	218.0	24.0	91.0	0.0	0.0	193.0	58.0	110.0	0.0	29.0	1136.0	0.0	121.0	26.0	13.0	16.0	0.0	62.0	114.0	382.0	157.0	19.0	0.0	62.0	26.0	16.0	3.0	0.0	81.0	0.0	81.0	0.0	45.0	0.0	10.0	52.0	0.0	0.0	1.0	59.0	0.0	4.0	63.0	427.0	0.0	526.0	669.0	0.0	82.0	8.0	0.0	72.0	22.0	0.0	9.0	31.0	13.0	0.0	0.0	377.0	0.0	142.0	0.0	0.0	394.0	48.0	6.0	782.0	65.0	21.0	0.0	20.0	30.0	0.0	0.0	14.0	0.0	454.0	0.0	222.0	7.0	52.0	59.0	50.0	14.0	0.0	11.0	29.0	0.0	58.0	0.0	16.0	0.0	14.0	24.0	596.0	2.0	0.0	336.0	24.0	0.0	0.0	0.0	0.0	5.0	2.0	53.0	27.0	4.0	217.0	0.0	0.0	20.0	11.0	17.0	0.0	6.0	0.0	0.0	2.0	191.0	0.0	0.0	24.0	0.0	98.0	11.0	0.0	0.0	0.0	0.0	0.0	0.0	0.0	0.0	14.0	0.0	0.0	0.0	9.0	2.0	0.0	0.0	47.0	164.0	0.0	26.0	0.0	0.0	0.0	0.0	0.0	0.0	42.0	0.0	0.0	0.0	0.0	0.0	0.0	0.0	0.0	9.0	0.0	6.0	0.0	3.0	13.0	131.0	0.0	0.0	0.0	15.0	0.0	13.0	0.0	0.0	10.0	0.0	0.0	0.0	0.0	21.0	0.0	0.0	0.0	0.0	0.0	0.0	33.0	0.0	0.0	0.0	0.0	0.0	0.0	0.0	0.0	0.0	0.0	0.0	0.0	0.0	0.0	0.0	0.0	5.0	0.0	0.0	0.0	0.0	0.0	0.0	0.0	0.0	0.0	0.0	0.0	0.0	0.0	0.0	0.0	0.0	0.0	0.0	0.0	0.0	0.0	0.0	0.0	0.0	2.0	0.0	0.0	0.0	0.0	0.0	0.0	0.0	0.0	0.0	0.0	0.0	0.0	0.0	0.0	0.0	0.0	0.0	0.0	0.0	0.0	0.0	0.0	0.0
SRR5532697	23.0	758.0	308.0	101.0	4.0	130.0	0.0	99.0	0.0	26.0	295.0	36.0	2355.0	677.0	226.0	777.0	3753.0	1832.0	132.0	1349.0	5173.0	78.0	2982.0	41.0	2175.0	876.0	497.0	0.0	11.0	0.0	209.0	14.0	7.0	449.0	0.0	92.0	27.0	9.0	352.0	11.0	680.0	36.0	223.0	86.0	183.0	0.0	0.0	56.0	724.0	509.0	786.0	86.0	246.0	148.0	59.0	125.0	32.0	0.0	4410.0	0.0	130.0	54.0	385.0	68.0	461.0	25.0	93.0	56.0	0.0	0.0	217.0	10.0	497.0	37.0	329.0	39.0	25.0	272.0	8.0	19.0	0.0	56.0	362.0	91.0	80.0	0.0	22.0	1667.0	0.0	202.0	60.0	6.0	21.0	2.0	16.0	21.0	1796.0	370.0	57.0	0.0	137.0	71.0	0.0	0.0	0.0	238.0	0.0	86.0	79.0	24.0	0.0	10.0	2.0	0.0	0.0	28.0	0.0	3.0	0.0	68.0	511.0	0.0	50.0	401.0	0.0	39.0	35.0	0.0	322.0	3.0	55.0	1.0	117.0	7.0	0.0	0.0	30.0	0.0	199.0	0.0	0.0	951.0	181.0	0.0	1149.0	39.0	57.0	25.0	25.0	56.0	0.0	21.0	26.0	24.0	118.0	0.0	40.0	10.0	106.0	0.0	15.0	7.0	0.0	0.0	46.0	0.0	62.0	3.0	24.0	5.0	18.0	6.0	324.0	0.0	0.0	319.0	13.0	0.0	4.0	0.0	4.0	9.0	0.0	6.0	122.0	13.0	166.0	0.0	0.0	0.0	0.0	26.0	25.0	46.0	13.0	0.0	0.0	106.0	0.0	32.0	21.0	0.0	203.0	10.0	0.0	0.0	0.0	0.0	0.0	0.0	0.0	0.0	20.0	0.0	0.0	0.0	51.0	0.0	0.0	0.0	102.0	25.0	0.0	0.0	0.0	0.0	0.0	0.0	5.0	0.0	7.0	7.0	0.0	0.0	0.0	0.0	18.0	0.0	0.0	36.0	0.0	3.0	0.0	0.0	0.0	86.0	3.0	0.0	14.0	0.0	0.0	22.0	0.0	0.0	6.0	56.0	0.0	0.0	0.0	0.0	0.0	0.0	0.0	0.0	0.0	0.0	197.0	0.0	0.0	0.0	0.0	0.0	0.0	0.0	0.0	0.0	0.0	0.0	0.0	0.0	0.0	0.0	0.0	10.0	0.0	0.0	0.0	0.0	0.0	0.0	0.0	0.0	0.0	16.0	0.0	0.0	0.0	0.0	0.0	0.0	0.0	0.0	0.0	0.0	0.0	0.0	0.0	0.0	0.0	0.0	0.0	0.0	0.0	0.0	5.0	0.0	0.0	0.0	0.0	0.0	0.0	0.0	0.0	0.0	0.0	0.0	0.0	0.0	0.0	0.0	7.0	0.0
SRR5532698	0.0	6.0	0.0	0.0	1.0	2.0	251.0	15.0	11.0	25.0	0.0	262.0	132.0	193.0	0.0	0.0	8.0	0.0	0.0	1.0	70.0	227.0	46.0	86.0	5942.0	12.0	0.0	0.0	14.0	33.0	148.0	0.0	0.0	0.0	2.0	51.0	0.0	0.0	8.0	0.0	0.0	1.0	4.0	0.0	3.0	0.0	9.0	0.0	0.0	21.0	259.0	7.0	7.0	18.0	26.0	21.0	0.0	0.0	548.0	305.0	125.0	0.0	4.0	84.0	5.0	4.0	80.0	51.0	0.0	0.0	2386.0	16.0	0.0	0.0	0.0	0.0	0.0	0.0	0.0	13.0	2.0	0.0	9.0	0.0	26.0	0.0	0.0	32.0	0.0	0.0	0.0	8.0	0.0	0.0	252.0	0.0	0.0	144.0	37.0	0.0	0.0	8.0	25.0	0.0	48.0	0.0	0.0	0.0	0.0	13389.0	0.0	4.0	45.0	0.0	0.0	0.0	0.0	0.0	0.0	5.0	0.0	0.0	2.0	98.0	0.0	114.0	0.0	0.0	0.0	0.0	0.0	0.0	0.0	0.0	0.0	0.0	103.0	0.0	0.0	0.0	0.0	0.0	0.0	0.0	27.0	0.0	0.0	0.0	0.0	1.0	0.0	0.0	5.0	12.0	0.0	0.0	0.0	0.0	0.0	0.0	11.0	0.0	0.0	0.0	0.0	0.0	0.0	2.0	0.0	3.0	0.0	0.0	17.0	1.0	0.0	0.0	0.0	55.0	0.0	15.0	9.0	5.0	0.0	0.0	0.0	0.0	0.0	0.0	0.0	0.0	0.0	0.0	0.0	2.0	0.0	16.0	0.0	9.0	0.0	0.0	0.0	0.0	0.0	0.0	0.0	0.0	7.0	0.0	0.0	0.0	0.0	0.0	0.0	0.0	0.0	0.0	0.0	0.0	0.0	50.0	0.0	0.0	0.0	0.0	0.0	0.0	339.0	0.0	0.0	0.0	0.0	0.0	0.0	0.0	0.0	0.0	0.0	0.0	0.0	0.0	0.0	0.0	0.0	0.0	0.0	0.0	0.0	0.0	0.0	0.0	0.0	0.0	0.0	0.0	0.0	0.0	0.0	0.0	0.0	0.0	0.0	0.0	0.0	0.0	0.0	0.0	0.0	0.0	0.0	0.0	0.0	0.0	0.0	0.0	0.0	0.0	0.0	0.0	0.0	0.0	0.0	0.0	0.0	0.0	0.0	0.0	0.0	0.0	0.0	0.0	0.0	0.0	0.0	0.0	0.0	0.0	0.0	0.0	0.0	0.0	0.0	0.0	0.0	0.0	0.0	0.0	0.0	0.0	0.0	0.0	0.0	0.0	0.0	0.0	0.0	0.0	0.0	0.0	0.0	0.0	0.0	0.0	0.0	0.0	0.0	0.0	0.0	0.0	0.0	0.0	0.0	0.0
SRR5532699	0.0	0.0	8.0	0.0	0.0	0.0	25.0	0.0	0.0	717.0	0.0	94.0	302.0	15.0	11.0	4.0	43.0	3.0	0.0	35.0	95.0	91.0	189.0	21.0	1539.0	21.0	0.0	0.0	28.0	0.0	28.0	0.0	0.0	9.0	0.0	1392.0	0.0	0.0	15.0	1.0	0.0	0.0	5.0	0.0	0.0	0.0	0.0	0.0	0.0	92.0	305.0	12.0	0.0	7.0	0.0	24.0	0.0	0.0	1965.0	35.0	50.0	7.0	0.0	0.0	17.0	0.0	70.0	0.0	0.0	0.0	75.0	8.0	0.0	0.0	0.0	0.0	0.0	0.0	0.0	2.0	0.0	0.0	6.0	0.0	14.0	0.0	0.0	56.0	0.0	0.0	7.0	0.0	0.0	0.0	14.0	0.0	0.0	421.0	42.0	0.0	0.0	36.0	0.0	0.0	0.0	0.0	0.0	0.0	0.0	24575.0	0.0	0.0	30.0	0.0	0.0	0.0	0.0	0.0	0.0	0.0	0.0	0.0	0.0	60.0	0.0	68.0	10.0	0.0	2.0	0.0	23.0	0.0	0.0	0.0	0.0	0.0	25.0	0.0	0.0	0.0	0.0	0.0	0.0	0.0	60.0	0.0	0.0	0.0	0.0	10.0	0.0	0.0	0.0	0.0	0.0	0.0	0.0	0.0	3.0	0.0	0.0	0.0	0.0	0.0	0.0	2.0	0.0	0.0	0.0	0.0	0.0	0.0	0.0	0.0	0.0	122.0	0.0	18.0	0.0	0.0	0.0	0.0	0.0	0.0	0.0	0.0	0.0	0.0	0.0	0.0	0.0	0.0	0.0	3.0	0.0	0.0	0.0	12.0	0.0	0.0	0.0	0.0	0.0	4.0	0.0	0.0	0.0	0.0	0.0	0.0	0.0	0.0	0.0	0.0	0.0	0.0	0.0	0.0	0.0	0.0	0.0	0.0	0.0	0.0	0.0	0.0	18355.0	0.0	0.0	0.0	0.0	0.0	0.0	0.0	0.0	0.0	0.0	0.0	0.0	0.0	0.0	0.0	0.0	0.0	0.0	0.0	0.0	0.0	0.0	0.0	0.0	0.0	0.0	0.0	0.0	0.0	0.0	0.0	0.0	0.0	0.0	0.0	0.0	0.0	0.0	0.0	0.0	0.0	0.0	0.0	0.0	0.0	0.0	0.0	0.0	0.0	0.0	0.0	0.0	0.0	0.0	0.0	0.0	0.0	0.0	0.0	0.0	0.0	0.0	37.0	0.0	0.0	0.0	0.0	0.0	0.0	0.0	0.0	0.0	0.0	0.0	0.0	0.0	0.0	0.0	0.0	0.0	0.0	0.0	0.0	0.0	0.0	0.0	0.0	0.0	0.0	0.0	0.0	0.0	0.0	0.0	0.0	0.0	0.0	0.0	0.0	0.0	0.0	0.0	0.0	0.0	0.0
SRR5532700	0.0	0.0	6.0	0.0	0.0	0.0	127.0	3.0	0.0	1.0	0.0	663.0	1274.0	167.0	0.0	2.0	2.0	0.0	0.0	46.0	201.0	15.0	159.0	21.0	5950.0	16.0	0.0	0.0	16.0	19.0	5.0	0.0	0.0	0.0	0.0	48.0	0.0	0.0	0.0	0.0	0.0	0.0	0.0	0.0	0.0	0.0	0.0	0.0	0.0	152.0	142.0	0.0	7.0	0.0	0.0	38.0	0.0	0.0	1512.0	551.0	205.0	0.0	37.0	32.0	0.0	0.0	184.0	3.0	0.0	3.0	417.0	0.0	0.0	0.0	0.0	0.0	0.0	0.0	0.0	0.0	1.0	0.0	0.0	16.0	0.0	0.0	0.0	69.0	0.0	0.0	0.0	0.0	0.0	4.0	279.0	0.0	0.0	75.0	1378.0	0.0	0.0	200.0	0.0	0.0	0.0	0.0	0.0	0.0	0.0	272.0	0.0	0.0	16.0	0.0	0.0	0.0	0.0	0.0	0.0	0.0	0.0	0.0	5.0	29.0	0.0	23.0	0.0	0.0	0.0	0.0	103.0	0.0	0.0	2.0	0.0	0.0	0.0	0.0	0.0	0.0	3.0	4.0	0.0	0.0	59.0	16.0	0.0	0.0	0.0	0.0	0.0	0.0	0.0	0.0	0.0	0.0	9.0	0.0	0.0	0.0	0.0	0.0	0.0	0.0	0.0	0.0	2.0	2.0	0.0	13.0	0.0	0.0	3.0	0.0	0.0	119.0	0.0	12.0	0.0	0.0	0.0	0.0	0.0	0.0	0.0	0.0	0.0	0.0	0.0	0.0	0.0	0.0	0.0	0.0	0.0	0.0	12.0	0.0	0.0	0.0	0.0	0.0	0.0	0.0	0.0	0.0	0.0	0.0	0.0	0.0	0.0	0.0	0.0	0.0	0.0	0.0	0.0	0.0	0.0	0.0	0.0	0.0	0.0	0.0	0.0	0.0	0.0	0.0	0.0	0.0	0.0	0.0	0.0	0.0	0.0	0.0	0.0	0.0	0.0	0.0	0.0	0.0	0.0	0.0	0.0	0.0	0.0	0.0	0.0	0.0	0.0	0.0	0.0	0.0	0.0	0.0	0.0	11.0	0.0	0.0	0.0	0.0	0.0	0.0	2.0	0.0	0.0	0.0	0.0	0.0	0.0	0.0	0.0	0.0	0.0	0.0	0.0	0.0	0.0	0.0	0.0	0.0	0.0	0.0	0.0	0.0	2.0	0.0	0.0	0.0	0.0	0.0	0.0	0.0	0.0	0.0	0.0	0.0	0.0	0.0	0.0	0.0	0.0	0.0	0.0	0.0	0.0	0.0	0.0	0.0	0.0	0.0	0.0	0.0	0.0	0.0	0.0	0.0	0.0	0.0	0.0	0.0	0.0	0.0	0.0	0.0	0.0	0.0	0.0	0.0	0.0	0.0
SRR5532701	0.0	23.0	33.0	0.0	0.0	2.0	366.0	15.0	1.0	14.0	0.0	114.0	1936.0	356.0	0.0	7.0	33.0	0.0	2.0	25.0	324.0	56.0	796.0	38.0	8946.0	70.0	0.0	0.0	22.0	19.0	62.0	0.0	1.0	2.0	0.0	157.0	0.0	7.0	58.0	2.0	29.0	2.0	0.0	0.0	0.0	6.0	4.0	0.0	0.0	273.0	1049.0	16.0	13.0	29.0	28.0	60.0	96.0	0.0	12199.0	396.0	714.0	9.0	188.0	83.0	44.0	11.0	153.0	9.0	0.0	0.0	1613.0	6.0	0.0	0.0	0.0	0.0	0.0	0.0	0.0	0.0	2.0	0.0	8.0	7.0	0.0	0.0	0.0	102.0	0.0	0.0	0.0	1.0	7.0	2.0	411.0	0.0	0.0	439.0	307.0	0.0	0.0	261.0	8.0	0.0	27.0	0.0	0.0	0.0	0.0	121.0	0.0	12.0	0.0	0.0	0.0	21.0	0.0	0.0	0.0	21.0	0.0	0.0	77.0	106.0	0.0	73.0	11.0	0.0	31.0	4.0	88.0	0.0	0.0	5.0	0.0	0.0	171.0	0.0	0.0	0.0	0.0	0.0	0.0	0.0	148.0	0.0	0.0	4.0	0.0	19.0	0.0	0.0	0.0	68.0	0.0	13.0	34.0	0.0	8.0	0.0	14.0	0.0	0.0	0.0	1.0	0.0	0.0	6.0	0.0	17.0	0.0	0.0	15.0	6.0	0.0	221.0	0.0	46.0	0.0	107.0	0.0	2.0	4.0	0.0	0.0	0.0	4.0	4.0	0.0	0.0	0.0	5.0	0.0	6.0	0.0	7.0	0.0	119.0	0.0	0.0	0.0	0.0	0.0	8.0	0.0	0.0	3.0	0.0	0.0	0.0	0.0	0.0	0.0	0.0	0.0	0.0	0.0	0.0	0.0	46.0	4.0	12.0	0.0	0.0	0.0	0.0	0.0	0.0	0.0	1.0	0.0	0.0	0.0	0.0	0.0	0.0	0.0	0.0	2.0	0.0	0.0	0.0	0.0	0.0	0.0	0.0	0.0	0.0	0.0	0.0	0.0	0.0	0.0	0.0	0.0	0.0	0.0	0.0	0.0	0.0	0.0	0.0	0.0	0.0	0.0	0.0	0.0	0.0	0.0	0.0	0.0	0.0	0.0	0.0	0.0	0.0	0.0	0.0	0.0	0.0	0.0	0.0	0.0	0.0	0.0	0.0	0.0	0.0	0.0	29.0	0.0	0.0	0.0	0.0	0.0	0.0	0.0	0.0	0.0	0.0	0.0	0.0	0.0	0.0	0.0	0.0	0.0	0.0	0.0	0.0	0.0	0.0	0.0	0.0	0.0	0.0	0.0	0.0	0.0	0.0	0.0	0.0	0.0	0.0	0.0	0.0	0.0	0.0	0.0	0.0	0.0	0.0
SRR5532702	0.0	21.0	2.0	0.0	0.0	9.0	216.0	12.0	28.0	62.0	6.0	86.0	496.0	99.0	0.0	12.0	30.0	19.0	8.0	30.0	343.0	271.0	142.0	279.0	4104.0	62.0	14.0	0.0	40.0	21.0	79.0	0.0	0.0	11.0	0.0	45.0	0.0	16.0	99.0	4.0	7.0	1.0	24.0	13.0	7.0	0.0	11.0	32.0	20.0	177.0	426.0	55.0	20.0	10.0	19.0	13.0	0.0	0.0	3034.0	158.0	102.0	10.0	137.0	65.0	20.0	10.0	90.0	11.0	0.0	0.0	496.0	30.0	10.0	10.0	5.0	0.0	0.0	0.0	0.0	15.0	0.0	3.0	51.0	3.0	73.0	0.0	1.0	70.0	3.0	4.0	0.0	0.0	30.0	15.0	258.0	0.0	31.0	265.0	123.0	19.0	0.0	29.0	0.0	0.0	22.0	5.0	0.0	6.0	0.0	6897.0	0.0	0.0	8.0	0.0	0.0	0.0	1.0	0.0	0.0	4.0	7.0	0.0	0.0	53.0	0.0	306.0	12.0	0.0	14.0	0.0	139.0	6.0	0.0	5.0	0.0	0.0	187.0	0.0	0.0	0.0	4.0	4.0	0.0	0.0	109.0	0.0	0.0	17.0	0.0	40.0	0.0	0.0	0.0	0.0	46.0	19.0	33.0	0.0	7.0	0.0	0.0	1.0	0.0	0.0	0.0	3.0	0.0	0.0	0.0	26.0	0.0	6.0	28.0	0.0	0.0	166.0	0.0	26.0	0.0	17.0	0.0	0.0	0.0	4.0	9.0	0.0	0.0	17.0	2.0	0.0	0.0	0.0	0.0	0.0	0.0	15.0	0.0	8.0	0.0	4.0	0.0	0.0	1.0	16.0	0.0	0.0	0.0	0.0	0.0	0.0	0.0	0.0	1.0	0.0	0.0	0.0	0.0	0.0	0.0	9.0	0.0	0.0	0.0	0.0	0.0	0.0	140.0	0.0	0.0	0.0	0.0	0.0	0.0	0.0	0.0	0.0	0.0	0.0	0.0	0.0	0.0	0.0	0.0	0.0	0.0	0.0	0.0	0.0	0.0	0.0	0.0	0.0	0.0	0.0	0.0	0.0	2.0	0.0	0.0	0.0	0.0	0.0	0.0	0.0	0.0	0.0	0.0	0.0	0.0	0.0	0.0	0.0	0.0	0.0	0.0	0.0	0.0	0.0	0.0	0.0	0.0	0.0	0.0	0.0	0.0	0.0	0.0	0.0	0.0	9.0	0.0	0.0	0.0	0.0	0.0	0.0	0.0	0.0	0.0	0.0	0.0	0.0	0.0	0.0	0.0	0.0	0.0	0.0	0.0	0.0	0.0	0.0	0.0	0.0	0.0	2.0	0.0	0.0	0.0	0.0	0.0	0.0	0.0	0.0	0.0	0.0	0.0	0.0	0.0	0.0	0.0	0.0
SRR5532703	0.0	13.0	18.0	0.0	2.0	0.0	170.0	1.0	38.0	63.0	0.0	87.0	713.0	8.0	0.0	19.0	50.0	0.0	0.0	35.0	208.0	18.0	791.0	5.0	5736.0	22.0	0.0	0.0	28.0	20.0	79.0	6.0	0.0	0.0	0.0	85.0	0.0	0.0	35.0	0.0	6.0	0.0	20.0	6.0	0.0	0.0	0.0	17.0	11.0	97.0	1525.0	22.0	34.0	16.0	6.0	32.0	0.0	0.0	3218.0	19.0	146.0	10.0	2.0	0.0	65.0	8.0	40.0	0.0	0.0	0.0	345.0	41.0	15.0	6.0	6.0	0.0	0.0	25.0	0.0	0.0	0.0	0.0	219.0	0.0	0.0	0.0	0.0	29.0	1.0	5.0	6.0	0.0	7.0	5.0	63.0	0.0	24.0	810.0	152.0	0.0	0.0	160.0	51.0	0.0	0.0	2.0	0.0	0.0	160.0	3558.0	0.0	0.0	0.0	0.0	0.0	0.0	0.0	2.0	0.0	14.0	0.0	0.0	0.0	132.0	0.0	66.0	12.0	0.0	30.0	3.0	16.0	0.0	10.0	1.0	0.0	0.0	156.0	0.0	0.0	0.0	0.0	0.0	0.0	0.0	108.0	0.0	0.0	0.0	0.0	38.0	0.0	0.0	0.0	0.0	10.0	37.0	0.0	0.0	8.0	0.0	5.0	0.0	0.0	0.0	0.0	0.0	0.0	0.0	0.0	16.0	0.0	0.0	0.0	0.0	0.0	28.0	0.0	22.0	0.0	1.0	0.0	7.0	7.0	0.0	0.0	0.0	9.0	0.0	0.0	3.0	0.0	3.0	0.0	77.0	0.0	4.0	0.0	74.0	0.0	0.0	0.0	0.0	0.0	0.0	0.0	0.0	0.0	0.0	0.0	0.0	0.0	0.0	0.0	0.0	0.0	0.0	0.0	0.0	0.0	0.0	12.0	0.0	0.0	0.0	0.0	0.0	1422.0	0.0	0.0	0.0	0.0	0.0	0.0	0.0	0.0	0.0	0.0	0.0	0.0	3.0	0.0	0.0	0.0	0.0	0.0	0.0	0.0	0.0	0.0	0.0	0.0	0.0	0.0	0.0	0.0	0.0	0.0	0.0	0.0	0.0	0.0	0.0	0.0	0.0	0.0	0.0	0.0	0.0	0.0	0.0	0.0	0.0	0.0	0.0	0.0	0.0	0.0	0.0	0.0	0.0	0.0	0.0	0.0	0.0	0.0	0.0	0.0	0.0	0.0	14.0	0.0	0.0	0.0	0.0	0.0	0.0	0.0	0.0	0.0	0.0	0.0	0.0	0.0	0.0	0.0	0.0	0.0	0.0	0.0	0.0	0.0	5.0	0.0	0.0	0.0	0.0	0.0	0.0	0.0	0.0	0.0	0.0	0.0	0.0	0.0	0.0	0.0	0.0	0.0	0.0	0.0	0.0
SRR5532704	0.0	17.0	10.0	0.0	0.0	0.0	0.0	5.0	0.0	2.0	0.0	156.0	879.0	318.0	12.0	1.0	28.0	0.0	3.0	0.0	89.0	0.0	440.0	5.0	3117.0	7.0	19.0	0.0	10.0	0.0	4.0	0.0	2.0	9.0	0.0	16.0	8.0	0.0	0.0	0.0	0.0	0.0	2.0	12.0	0.0	0.0	0.0	0.0	0.0	328.0	647.0	6.0	6.0	0.0	0.0	6.0	19.0	0.0	16897.0	53.0	168.0	0.0	80.0	14.0	31.0	0.0	47.0	0.0	0.0	0.0	989.0	3.0	0.0	0.0	0.0	0.0	0.0	0.0	0.0	2.0	0.0	123.0	20.0	0.0	4.0	0.0	0.0	30.0	0.0	23.0	0.0	4.0	0.0	0.0	0.0	0.0	43.0	217.0	94.0	0.0	0.0	208.0	15.0	0.0	0.0	0.0	0.0	3.0	0.0	33.0	0.0	0.0	0.0	0.0	0.0	3.0	0.0	0.0	0.0	43.0	0.0	0.0	0.0	0.0	0.0	10.0	0.0	0.0	19.0	0.0	67.0	0.0	0.0	1.0	0.0	0.0	81.0	0.0	0.0	0.0	0.0	3.0	0.0	0.0	144.0	0.0	4.0	0.0	0.0	9.0	0.0	0.0	12.0	0.0	392.0	0.0	17.0	0.0	2.0	0.0	0.0	0.0	0.0	0.0	0.0	0.0	1.0	0.0	0.0	26.0	0.0	0.0	0.0	0.0	0.0	154.0	0.0	0.0	0.0	1.0	0.0	0.0	0.0	3.0	0.0	0.0	9.0	5.0	0.0	0.0	0.0	0.0	0.0	30.0	0.0	0.0	6.0	28.0	4.0	0.0	7.0	0.0	0.0	0.0	0.0	0.0	0.0	0.0	0.0	0.0	3.0	0.0	0.0	0.0	0.0	0.0	0.0	0.0	0.0	0.0	8.0	2.0	0.0	0.0	0.0	0.0	0.0	0.0	0.0	0.0	0.0	0.0	0.0	0.0	0.0	0.0	0.0	0.0	0.0	0.0	0.0	0.0	0.0	0.0	0.0	0.0	0.0	0.0	0.0	0.0	0.0	0.0	0.0	0.0	0.0	0.0	0.0	0.0	0.0	0.0	0.0	0.0	0.0	0.0	0.0	0.0	0.0	0.0	0.0	0.0	0.0	0.0	0.0	0.0	0.0	0.0	0.0	0.0	0.0	0.0	0.0	0.0	0.0	0.0	3.0	0.0	0.0	0.0	0.0	12.0	0.0	0.0	0.0	0.0	0.0	0.0	0.0	0.0	0.0	0.0	0.0	0.0	0.0	0.0	0.0	0.0	0.0	0.0	0.0	0.0	0.0	0.0	0.0	0.0	0.0	0.0	0.0	0.0	0.0	0.0	0.0	0.0	0.0	0.0	0.0	0.0	0.0	0.0	0.0	0.0	0.0	0.0
SRR5532705	0.0	29.0	19.0	0.0	7.0	0.0	21.0	13.0	9.0	6.0	0.0	107.0	848.0	149.0	22.0	14.0	52.0	0.0	14.0	40.0	229.0	148.0	432.0	18.0	1966.0	62.0	0.0	0.0	17.0	11.0	44.0	0.0	0.0	9.0	0.0	22.0	8.0	0.0	104.0	0.0	21.0	0.0	40.0	5.0	9.0	4.0	0.0	13.0	0.0	247.0	489.0	76.0	42.0	9.0	12.0	6.0	0.0	0.0	23236.0	22.0	85.0	0.0	23.0	26.0	14.0	0.0	35.0	0.0	0.0	0.0	465.0	0.0	17.0	0.0	0.0	0.0	0.0	9.0	0.0	1.0	0.0	0.0	3.0	0.0	44.0	0.0	0.0	77.0	4.0	6.0	6.0	0.0	4.0	0.0	18.0	0.0	10.0	1051.0	105.0	0.0	0.0	114.0	0.0	0.0	6.0	11.0	0.0	0.0	9.0	418.0	0.0	0.0	0.0	0.0	0.0	4.0	0.0	0.0	0.0	36.0	0.0	0.0	4.0	73.0	0.0	193.0	14.0	0.0	0.0	0.0	28.0	3.0	0.0	0.0	0.0	0.0	65.0	0.0	0.0	0.0	0.0	11.0	0.0	0.0	178.0	0.0	8.0	0.0	2.0	21.0	0.0	5.0	3.0	0.0	6.0	16.0	0.0	0.0	13.0	0.0	0.0	0.0	0.0	0.0	0.0	0.0	0.0	0.0	0.0	0.0	0.0	0.0	16.0	0.0	0.0	92.0	0.0	26.0	0.0	0.0	0.0	5.0	1.0	0.0	0.0	0.0	14.0	0.0	0.0	0.0	0.0	3.0	0.0	27.0	0.0	0.0	0.0	40.0	0.0	0.0	0.0	0.0	0.0	0.0	0.0	0.0	3.0	0.0	0.0	0.0	2.0	0.0	0.0	0.0	0.0	0.0	0.0	0.0	0.0	5.0	2.0	0.0	0.0	0.0	0.0	0.0	20.0	0.0	0.0	0.0	0.0	0.0	0.0	0.0	0.0	0.0	0.0	0.0	0.0	0.0	0.0	0.0	0.0	0.0	0.0	0.0	0.0	0.0	0.0	0.0	0.0	0.0	0.0	0.0	0.0	6.0	0.0	0.0	0.0	0.0	0.0	0.0	0.0	0.0	0.0	0.0	0.0	0.0	0.0	0.0	0.0	0.0	0.0	0.0	0.0	0.0	0.0	0.0	0.0	0.0	0.0	0.0	0.0	0.0	0.0	0.0	0.0	0.0	0.0	4.0	0.0	0.0	0.0	0.0	0.0	0.0	2.0	0.0	0.0	0.0	0.0	0.0	0.0	0.0	0.0	0.0	0.0	0.0	0.0	0.0	0.0	0.0	0.0	0.0	0.0	0.0	0.0	0.0	0.0	0.0	0.0	0.0	0.0	0.0	0.0	0.0	0.0	0.0	0.0	0.0	0.0	0.0
SRR5532706	2.0	337.0	55.0	7.0	40.0	13.0	204.0	168.0	23.0	4.0	0.0	620.0	1222.0	634.0	8.0	105.0	214.0	54.0	67.0	877.0	1213.0	39.0	1699.0	901.0	6572.0	683.0	82.0	0.0	381.0	111.0	468.0	48.0	0.0	175.0	0.0	138.0	0.0	59.0	3981.0	58.0	439.0	30.0	430.0	9.0	48.0	0.0	11.0	1909.0	86.0	291.0	375.0	277.0	330.0	94.0	143.0	324.0	36.0	20.0	1854.0	735.0	381.0	172.0	587.0	496.0	24.0	56.0	692.0	22.0	0.0	293.0	2177.0	2.0	98.0	130.0	9.0	4.0	0.0	18.0	0.0	208.0	17.0	398.0	48.0	0.0	1246.0	14.0	0.0	526.0	0.0	20.0	43.0	38.0	108.0	139.0	232.0	15.0	24.0	108.0	753.0	202.0	0.0	216.0	3.0	0.0	8.0	10.0	0.0	0.0	0.0	226.0	0.0	104.0	11.0	6.0	0.0	84.0	26.0	0.0	0.0	12.0	15.0	7.0	23.0	177.0	0.0	1099.0	26.0	0.0	37.0	13.0	2086.0	12.0	2.0	46.0	10.0	14.0	585.0	0.0	0.0	78.0	16.0	20.0	10.0	0.0	147.0	3.0	0.0	9.0	3.0	61.0	0.0	0.0	0.0	3.0	439.0	178.0	101.0	0.0	13.0	39.0	31.0	2.0	0.0	0.0	0.0	60.0	10.0	18.0	0.0	276.0	0.0	118.0	392.0	3.0	9.0	157.0	6.0	230.0	0.0	17.0	7.0	30.0	0.0	16.0	52.0	0.0	0.0	137.0	0.0	4.0	35.0	7.0	0.0	0.0	0.0	82.0	37.0	33.0	0.0	0.0	0.0	0.0	10.0	52.0	5.0	0.0	8.0	0.0	0.0	0.0	0.0	8.0	0.0	0.0	15.0	0.0	0.0	0.0	0.0	13.0	0.0	19.0	0.0	0.0	0.0	0.0	0.0	0.0	0.0	0.0	0.0	13.0	2.0	0.0	0.0	2.0	0.0	0.0	0.0	0.0	0.0	0.0	0.0	0.0	0.0	10.0	0.0	0.0	0.0	0.0	0.0	0.0	0.0	0.0	0.0	0.0	0.0	0.0	0.0	0.0	0.0	0.0	0.0	0.0	0.0	0.0	0.0	0.0	0.0	0.0	0.0	0.0	0.0	0.0	0.0	0.0	0.0	0.0	0.0	0.0	0.0	0.0	0.0	0.0	0.0	0.0	0.0	0.0	0.0	0.0	77.0	0.0	0.0	0.0	0.0	0.0	0.0	0.0	0.0	0.0	0.0	0.0	0.0	0.0	0.0	0.0	0.0	0.0	0.0	0.0	0.0	0.0	0.0	0.0	0.0	0.0	0.0	0.0	0.0	0.0	0.0	0.0	0.0	0.0	0.0	0.0	0.0	0.0	0.0	0.0	0.0	0.0
SRR5532707	7.0	361.0	40.0	0.0	38.0	5.0	83.0	160.0	27.0	4.0	0.0	623.0	1110.0	464.0	0.0	135.0	190.0	51.0	94.0	564.0	1721.0	4.0	1123.0	609.0	4684.0	1107.0	107.0	2.0	216.0	45.0	643.0	66.0	1.0	239.0	0.0	69.0	0.0	18.0	5660.0	45.0	376.0	12.0	551.0	13.0	8.0	0.0	0.0	975.0	142.0	180.0	231.0	272.0	142.0	75.0	56.0	175.0	19.0	36.0	1192.0	399.0	212.0	183.0	783.0	364.0	35.0	45.0	516.0	20.0	0.0	6.0	1094.0	2.0	137.0	87.0	12.0	7.0	0.0	3.0	0.0	167.0	19.0	190.0	26.0	1.0	1163.0	3.0	0.0	314.0	0.0	29.0	39.0	18.0	85.0	113.0	346.0	9.0	17.0	51.0	202.0	227.0	0.0	75.0	7.0	0.0	3.0	3.0	0.0	6.0	0.0	80.0	0.0	69.0	52.0	0.0	0.0	69.0	20.0	4.0	0.0	7.0	9.0	0.0	3.0	126.0	0.0	735.0	35.0	0.0	27.0	15.0	567.0	19.0	0.0	61.0	27.0	0.0	766.0	3.0	0.0	37.0	4.0	33.0	0.0	2.0	148.0	2.0	0.0	10.0	0.0	39.0	2.0	0.0	0.0	4.0	280.0	263.0	83.0	0.0	10.0	28.0	21.0	4.0	0.0	4.0	2.0	52.0	0.0	26.0	0.0	41.0	0.0	58.0	397.0	4.0	0.0	186.0	0.0	342.0	0.0	16.0	17.0	21.0	0.0	0.0	59.0	0.0	5.0	56.0	0.0	0.0	12.0	0.0	0.0	0.0	0.0	49.0	41.0	49.0	0.0	0.0	0.0	0.0	1.0	64.0	1.0	0.0	0.0	0.0	0.0	0.0	0.0	0.0	0.0	0.0	14.0	0.0	0.0	0.0	0.0	27.0	0.0	26.0	3.0	11.0	5.0	0.0	6.0	0.0	0.0	6.0	0.0	0.0	0.0	0.0	0.0	0.0	0.0	0.0	8.0	0.0	0.0	0.0	0.0	0.0	0.0	12.0	0.0	0.0	0.0	3.0	0.0	0.0	0.0	0.0	0.0	5.0	20.0	0.0	0.0	0.0	0.0	0.0	0.0	0.0	0.0	0.0	0.0	0.0	0.0	5.0	0.0	0.0	0.0	0.0	0.0	0.0	0.0	0.0	0.0	0.0	0.0	0.0	0.0	0.0	0.0	0.0	0.0	0.0	0.0	0.0	9.0	0.0	0.0	0.0	0.0	0.0	0.0	0.0	0.0	0.0	0.0	0.0	0.0	0.0	0.0	0.0	0.0	0.0	0.0	0.0	0.0	0.0	0.0	0.0	0.0	0.0	0.0	0.0	0.0	0.0	0.0	0.0	0.0	0.0	0.0	0.0	0.0	0.0	0.0	0.0	0.0	0.0
SRR5532708	3.0	887.0	61.0	3.0	11.0	46.0	0.0	33.0	0.0	14.0	187.0	1.0	606.0	488.0	18.0	224.0	2852.0	496.0	73.0	572.0	1177.0	39.0	763.0	120.0	4225.0	291.0	327.0	11.0	0.0	8.0	76.0	59.0	0.0	489.0	5.0	312.0	7.0	10.0	312.0	32.0	487.0	28.0	138.0	24.0	25.0	0.0	29.0	28.0	640.0	255.0	239.0	9.0	314.0	177.0	0.0	55.0	82.0	0.0	2574.0	0.0	110.0	95.0	124.0	229.0	61.0	8.0	96.0	26.0	0.0	0.0	254.0	5.0	170.0	45.0	31.0	16.0	20.0	88.0	9.0	21.0	0.0	4.0	147.0	24.0	40.0	0.0	6.0	907.0	0.0	76.0	9.0	14.0	12.0	0.0	32.0	18.0	201.0	312.0	11.0	0.0	43.0	21.0	0.0	74.0	0.0	27.0	0.0	30.0	0.0	6.0	0.0	18.0	10.0	0.0	0.0	15.0	15.0	4.0	3.0	57.0	275.0	0.0	158.0	1032.0	0.0	35.0	18.0	3.0	54.0	0.0	0.0	6.0	34.0	0.0	0.0	0.0	144.0	0.0	84.0	11.0	0.0	170.0	44.0	7.0	335.0	30.0	37.0	0.0	23.0	26.0	0.0	0.0	0.0	3.0	262.0	0.0	43.0	10.0	25.0	12.0	19.0	4.0	0.0	0.0	17.0	0.0	39.0	19.0	0.0	0.0	15.0	19.0	189.0	0.0	0.0	157.0	0.0	0.0	8.0	0.0	0.0	3.0	0.0	24.0	28.0	0.0	129.0	0.0	0.0	9.0	0.0	29.0	0.0	18.0	0.0	0.0	0.0	119.0	0.0	13.0	0.0	0.0	39.0	0.0	10.0	3.0	0.0	0.0	0.0	0.0	0.0	0.0	7.0	0.0	0.0	0.0	24.0	0.0	0.0	0.0	13.0	45.0	0.0	0.0	0.0	0.0	7.0	0.0	0.0	0.0	4.0	17.0	0.0	0.0	0.0	2.0	0.0	0.0	0.0	0.0	0.0	7.0	0.0	0.0	13.0	81.0	0.0	0.0	3.0	0.0	0.0	7.0	4.0	0.0	0.0	0.0	0.0	0.0	0.0	26.0	0.0	0.0	0.0	0.0	0.0	0.0	20.0	0.0	0.0	0.0	0.0	6.0	0.0	0.0	0.0	0.0	0.0	0.0	0.0	0.0	0.0	0.0	0.0	0.0	0.0	0.0	0.0	0.0	0.0	0.0	0.0	0.0	0.0	15.0	0.0	0.0	0.0	0.0	0.0	4.0	0.0	0.0	0.0	0.0	0.0	0.0	1.0	0.0	0.0	0.0	0.0	0.0	0.0	0.0	0.0	0.0	0.0	0.0	0.0	0.0	0.0	0.0	0.0	0.0	0.0	0.0	0.0	0.0	0.0	0.0	0.0	0.0
SRR5532709	2.0	1200.0	29.0	23.0	2.0	31.0	0.0	69.0	5.0	8.0	280.0	25.0	1291.0	254.0	16.0	296.0	3604.0	886.0	58.0	1004.0	1720.0	26.0	1136.0	71.0	4461.0	389.0	422.0	13.0	3.0	7.0	62.0	36.0	3.0	566.0	3.0	353.0	7.0	0.0	407.0	25.0	666.0	29.0	105.0	2.0	21.0	0.0	42.0	23.0	732.0	204.0	223.0	24.0	474.0	157.0	14.0	56.0	45.0	0.0	2477.0	4.0	171.0	108.0	182.0	265.0	63.0	0.0	165.0	8.0	0.0	0.0	175.0	0.0	273.0	71.0	54.0	29.0	8.0	80.0	8.0	10.0	0.0	5.0	120.0	23.0	59.0	0.0	13.0	1598.0	0.0	32.0	17.0	8.0	9.0	1.0	65.0	13.0	126.0	565.0	1.0	0.0	31.0	16.0	9.0	40.0	0.0	41.0	0.0	30.0	72.0	5.0	0.0	12.0	11.0	2.0	0.0	6.0	4.0	2.0	14.0	19.0	248.0	0.0	76.0	1608.0	0.0	21.0	20.0	5.0	32.0	4.0	0.0	0.0	54.0	0.0	0.0	0.0	178.0	0.0	26.0	0.0	0.0	237.0	31.0	12.0	455.0	9.0	34.0	6.0	25.0	57.0	0.0	2.0	0.0	0.0	252.0	0.0	44.0	0.0	69.0	0.0	16.0	3.0	0.0	0.0	0.0	0.0	23.0	23.0	0.0	0.0	24.0	15.0	183.0	0.0	0.0	135.0	11.0	0.0	0.0	0.0	0.0	1.0	6.0	25.0	9.0	0.0	120.0	0.0	0.0	0.0	0.0	15.0	0.0	25.0	0.0	0.0	0.0	131.0	0.0	0.0	2.0	0.0	36.0	14.0	0.0	3.0	0.0	0.0	0.0	0.0	0.0	0.0	5.0	0.0	0.0	0.0	9.0	0.0	0.0	0.0	8.0	21.0	0.0	0.0	0.0	0.0	96.0	4.0	0.0	0.0	14.0	0.0	3.0	0.0	0.0	0.0	7.0	0.0	0.0	0.0	0.0	0.0	0.0	0.0	12.0	10.0	9.0	0.0	0.0	0.0	0.0	0.0	0.0	0.0	0.0	15.0	0.0	0.0	0.0	7.0	0.0	0.0	0.0	0.0	0.0	4.0	17.0	0.0	0.0	0.0	0.0	2.0	0.0	0.0	6.0	0.0	0.0	3.0	0.0	0.0	0.0	0.0	0.0	0.0	0.0	0.0	0.0	0.0	0.0	0.0	0.0	0.0	0.0	0.0	0.0	0.0	5.0	0.0	0.0	0.0	0.0	0.0	0.0	0.0	0.0	0.0	0.0	0.0	0.0	0.0	0.0	0.0	0.0	0.0	0.0	0.0	0.0	0.0	0.0	0.0	0.0	0.0	0.0	0.0	0.0	0.0	0.0	0.0	0.0	0.0	0.0	0.0
SRR5532710	0.0	447.0	92.0	14.0	2.0	3.0	81.0	58.0	79.0	11.0	0.0	169.0	1192.0	379.0	326.0	177.0	783.0	84.0	79.0	600.0	2057.0	10.0	589.0	552.0	4331.0	994.0	70.0	0.0	217.0	230.0	117.0	42.0	1.0	437.0	0.0	135.0	15.0	36.0	2766.0	41.0	396.0	34.0	192.0	137.0	51.0	0.0	9.0	103.0	240.0	382.0	481.0	365.0	91.0	39.0	50.0	133.0	62.0	0.0	2023.0	249.0	150.0	117.0	409.0	331.0	101.0	12.0	332.0	761.0	0.0	3.0	289.0	19.0	149.0	21.0	74.0	23.0	0.0	47.0	3.0	97.0	14.0	62.0	60.0	0.0	348.0	14.0	8.0	306.0	3.0	25.0	88.0	32.0	30.0	77.0	481.0	0.0	246.0	152.0	111.0	223.0	3.0	76.0	10.0	48.0	127.0	32.0	0.0	28.0	0.0	10.0	2.0	12.0	18.0	0.0	0.0	113.0	54.0	0.0	2.0	27.0	56.0	0.0	28.0	292.0	0.0	44.0	139.0	0.0	30.0	25.0	65.0	4.0	4.0	42.0	40.0	0.0	371.0	0.0	0.0	38.0	0.0	90.0	10.0	4.0	225.0	11.0	0.0	10.0	9.0	23.0	0.0	3.0	0.0	0.0	246.0	233.0	113.0	0.0	0.0	3.0	60.0	8.0	4.0	10.0	0.0	5.0	1.0	10.0	0.0	9.0	0.0	29.0	119.0	0.0	3.0	57.0	7.0	425.0	0.0	24.0	0.0	61.0	0.0	18.0	74.0	5.0	28.0	67.0	0.0	0.0	2.0	4.0	2.0	11.0	2.0	88.0	51.0	32.0	0.0	0.0	0.0	0.0	17.0	72.0	20.0	0.0	0.0	0.0	0.0	0.0	0.0	70.0	3.0	0.0	18.0	0.0	0.0	0.0	0.0	233.0	0.0	21.0	0.0	0.0	0.0	0.0	0.0	0.0	0.0	0.0	0.0	0.0	4.0	0.0	0.0	0.0	0.0	0.0	0.0	0.0	0.0	0.0	0.0	0.0	0.0	10.0	16.0	1.0	0.0	0.0	2.0	0.0	0.0	0.0	0.0	0.0	12.0	0.0	0.0	0.0	0.0	3.0	0.0	0.0	0.0	0.0	23.0	0.0	0.0	0.0	0.0	0.0	0.0	0.0	0.0	0.0	0.0	0.0	0.0	3.0	0.0	0.0	0.0	0.0	0.0	0.0	0.0	0.0	0.0	0.0	0.0	0.0	0.0	0.0	0.0	0.0	0.0	0.0	0.0	0.0	0.0	0.0	0.0	5.0	0.0	0.0	20.0	0.0	0.0	2.0	0.0	0.0	0.0	0.0	0.0	0.0	0.0	0.0	0.0	0.0	0.0	0.0	0.0	0.0	0.0	0.0	0.0	0.0	0.0	0.0	0.0	0.0
SRR5532711	8.0	450.0	57.0	25.0	7.0	10.0	68.0	27.0	48.0	77.0	2.0	102.0	1507.0	205.0	16.0	101.0	1160.0	77.0	65.0	541.0	1429.0	79.0	979.0	310.0	6824.0	746.0	95.0	2.0	55.0	77.0	138.0	34.0	11.0	456.0	7.0	196.0	0.0	0.0	2953.0	17.0	475.0	24.0	73.0	17.0	13.0	0.0	5.0	84.0	294.0	217.0	1213.0	233.0	192.0	117.0	34.0	128.0	2.0	0.0	4001.0	81.0	249.0	55.0	355.0	201.0	68.0	17.0	379.0	199.0	2.0	28.0	289.0	54.0	113.0	20.0	15.0	0.0	0.0	54.0	4.0	21.0	0.0	37.0	75.0	0.0	316.0	0.0	12.0	155.0	4.0	23.0	20.0	12.0	9.0	6.0	205.0	0.0	177.0	1256.0	23.0	184.0	0.0	74.0	63.0	0.0	64.0	0.0	0.0	6.0	452.0	17.0	0.0	8.0	44.0	0.0	0.0	61.0	10.0	0.0	14.0	31.0	82.0	0.0	7.0	439.0	0.0	72.0	273.0	4.0	31.0	10.0	39.0	8.0	30.0	25.0	8.0	0.0	768.0	0.0	0.0	18.0	0.0	92.0	0.0	5.0	206.0	24.0	0.0	23.0	7.0	65.0	0.0	20.0	3.0	0.0	57.0	119.0	101.0	0.0	70.0	5.0	32.0	7.0	0.0	0.0	0.0	0.0	3.0	13.0	0.0	0.0	0.0	12.0	107.0	0.0	0.0	72.0	6.0	294.0	0.0	13.0	30.0	42.0	0.0	0.0	44.0	0.0	27.0	89.0	1.0	0.0	0.0	0.0	31.0	46.0	0.0	114.0	30.0	76.0	0.0	0.0	0.0	0.0	0.0	88.0	3.0	0.0	5.0	0.0	0.0	0.0	0.0	33.0	0.0	0.0	0.0	0.0	0.0	0.0	0.0	10.0	5.0	22.0	0.0	0.0	0.0	0.0	48.0	0.0	0.0	0.0	0.0	0.0	0.0	0.0	0.0	0.0	0.0	0.0	0.0	0.0	0.0	8.0	0.0	0.0	0.0	12.0	0.0	0.0	0.0	0.0	0.0	0.0	0.0	0.0	0.0	0.0	4.0	0.0	0.0	0.0	0.0	5.0	0.0	0.0	0.0	0.0	0.0	0.0	0.0	0.0	0.0	0.0	0.0	0.0	0.0	0.0	0.0	0.0	0.0	0.0	0.0	0.0	0.0	0.0	0.0	1.0	0.0	0.0	0.0	0.0	0.0	0.0	0.0	0.0	0.0	0.0	0.0	0.0	0.0	0.0	0.0	0.0	0.0	0.0	0.0	0.0	0.0	0.0	0.0	0.0	0.0	0.0	0.0	0.0	0.0	0.0	0.0	0.0	0.0	0.0	0.0	0.0	0.0	0.0	0.0	0.0	0.0	0.0	0.0	0.0	0.0	0.0
SRR5532712	0.0	7.0	0.0	1.0	0.0	3.0	341.0	3.0	0.0	41.0	0.0	94.0	315.0	14.0	14.0	0.0	7.0	0.0	8.0	20.0	56.0	6.0	114.0	10.0	3775.0	10.0	1.0	0.0	15.0	0.0	287.0	0.0	0.0	0.0	0.0	24.0	0.0	0.0	14.0	0.0	10.0	0.0	14.0	0.0	0.0	2.0	0.0	0.0	0.0	71.0	667.0	5.0	5.0	12.0	3.0	20.0	0.0	0.0	573.0	109.0	91.0	2.0	4.0	32.0	37.0	0.0	60.0	4.0	0.0	0.0	6099.0	13.0	0.0	0.0	2.0	0.0	0.0	0.0	0.0	0.0	6.0	0.0	4.0	0.0	6.0	0.0	0.0	43.0	0.0	2.0	0.0	0.0	4.0	0.0	79.0	0.0	6.0	138.0	120.0	0.0	0.0	55.0	4.0	2.0	0.0	0.0	0.0	3.0	0.0	1097.0	0.0	0.0	50.0	0.0	0.0	7.0	0.0	0.0	0.0	0.0	0.0	0.0	0.0	74.0	0.0	15.0	0.0	0.0	20.0	0.0	23.0	972.0	0.0	2.0	0.0	0.0	81.0	0.0	0.0	3.0	0.0	0.0	2.0	0.0	47.0	0.0	0.0	0.0	7.0	7.0	0.0	0.0	6.0	7.0	0.0	0.0	0.0	0.0	0.0	0.0	5.0	0.0	0.0	0.0	0.0	0.0	0.0	0.0	0.0	39.0	0.0	0.0	5.0	0.0	0.0	50.0	0.0	9.0	0.0	4.0	0.0	0.0	0.0	0.0	0.0	0.0	2.0	0.0	0.0	0.0	0.0	0.0	0.0	0.0	0.0	0.0	0.0	0.0	0.0	0.0	0.0	0.0	0.0	0.0	0.0	0.0	0.0	0.0	0.0	0.0	0.0	0.0	0.0	0.0	0.0	3.0	0.0	0.0	0.0	0.0	0.0	2.0	0.0	0.0	2.0	0.0	39.0	0.0	0.0	0.0	0.0	0.0	0.0	0.0	0.0	0.0	0.0	0.0	0.0	0.0	0.0	0.0	0.0	0.0	0.0	0.0	0.0	0.0	0.0	0.0	0.0	0.0	0.0	0.0	0.0	0.0	0.0	0.0	0.0	0.0	0.0	0.0	0.0	0.0	0.0	0.0	0.0	0.0	0.0	0.0	0.0	0.0	0.0	0.0	0.0	0.0	0.0	0.0	0.0	0.0	0.0	0.0	0.0	0.0	0.0	0.0	0.0	0.0	0.0	0.0	0.0	0.0	0.0	0.0	0.0	0.0	0.0	0.0	0.0	0.0	0.0	0.0	0.0	0.0	0.0	0.0	0.0	0.0	0.0	0.0	0.0	0.0	0.0	0.0	0.0	0.0	0.0	0.0	0.0	0.0	0.0	0.0	0.0	0.0	0.0	0.0	0.0	0.0	0.0	0.0	0.0	0.0
SRR5532713	0.0	66.0	11.0	11.0	2.0	7.0	21.0	26.0	15.0	25.0	0.0	176.0	1532.0	106.0	39.0	10.0	93.0	10.0	31.0	148.0	383.0	39.0	589.0	76.0	4638.0	74.0	0.0	0.0	105.0	11.0	136.0	11.0	0.0	23.0	0.0	33.0	0.0	0.0	106.0	0.0	90.0	4.0	30.0	6.0	10.0	0.0	0.0	48.0	28.0	139.0	1216.0	34.0	11.0	51.0	21.0	104.0	20.0	20.0	6101.0	171.0	134.0	22.0	154.0	27.0	116.0	10.0	189.0	0.0	0.0	4.0	498.0	24.0	10.0	0.0	2.0	5.0	0.0	0.0	0.0	33.0	14.0	21.0	31.0	0.0	88.0	2.0	4.0	143.0	0.0	0.0	5.0	5.0	28.0	0.0	36.0	7.0	14.0	396.0	243.0	18.0	0.0	142.0	2.0	0.0	0.0	0.0	3.0	0.0	12.0	103.0	0.0	4.0	45.0	0.0	0.0	5.0	0.0	0.0	3.0	16.0	0.0	0.0	25.0	183.0	0.0	305.0	12.0	0.0	7.0	0.0	120.0	42.0	0.0	21.0	0.0	0.0	131.0	0.0	0.0	0.0	0.0	3.0	6.0	0.0	145.0	0.0	0.0	27.0	2.0	39.0	0.0	3.0	0.0	0.0	0.0	48.0	7.0	0.0	44.0	0.0	1.0	0.0	0.0	0.0	0.0	0.0	5.0	0.0	0.0	4.0	3.0	0.0	73.0	4.0	2.0	190.0	0.0	83.0	0.0	0.0	0.0	8.0	0.0	0.0	0.0	0.0	19.0	0.0	0.0	0.0	0.0	0.0	0.0	44.0	0.0	10.0	0.0	40.0	0.0	0.0	0.0	0.0	0.0	30.0	0.0	0.0	0.0	0.0	0.0	0.0	0.0	6.0	0.0	0.0	0.0	0.0	0.0	0.0	0.0	6.0	10.0	5.0	0.0	0.0	0.0	0.0	388.0	0.0	0.0	0.0	0.0	0.0	0.0	0.0	0.0	4.0	0.0	0.0	0.0	0.0	0.0	0.0	0.0	0.0	0.0	0.0	0.0	0.0	0.0	0.0	0.0	0.0	0.0	0.0	0.0	0.0	0.0	0.0	0.0	0.0	0.0	0.0	0.0	0.0	0.0	0.0	0.0	0.0	6.0	0.0	0.0	0.0	0.0	0.0	0.0	0.0	0.0	0.0	0.0	0.0	0.0	0.0	0.0	0.0	0.0	0.0	0.0	0.0	0.0	5.0	0.0	0.0	0.0	0.0	0.0	0.0	0.0	0.0	0.0	0.0	0.0	0.0	0.0	0.0	0.0	0.0	0.0	0.0	0.0	0.0	0.0	0.0	0.0	0.0	0.0	0.0	0.0	0.0	0.0	0.0	0.0	0.0	0.0	0.0	0.0	0.0	0.0	0.0	0.0	0.0	0.0	0.0
SRR5532714	5.0	952.0	26.0	31.0	11.0	15.0	0.0	62.0	0.0	5.0	436.0	15.0	448.0	578.0	16.0	162.0	4277.0	424.0	40.0	834.0	1538.0	24.0	491.0	185.0	3792.0	399.0	220.0	2.0	0.0	12.0	90.0	315.0	0.0	692.0	16.0	179.0	7.0	11.0	317.0	46.0	376.0	63.0	218.0	8.0	21.0	0.0	61.0	27.0	907.0	365.0	179.0	41.0	255.0	272.0	36.0	82.0	140.0	0.0	2762.0	16.0	184.0	182.0	221.0	466.0	70.0	24.0	167.0	12.0	0.0	0.0	275.0	0.0	192.0	84.0	43.0	16.0	0.0	76.0	31.0	35.0	0.0	0.0	86.0	19.0	45.0	0.0	13.0	976.0	8.0	46.0	14.0	20.0	7.0	0.0	91.0	83.0	147.0	103.0	22.0	0.0	13.0	12.0	0.0	27.0	0.0	18.0	0.0	14.0	0.0	9.0	4.0	6.0	27.0	0.0	4.0	14.0	16.0	0.0	3.0	7.0	99.0	0.0	185.0	390.0	4.0	35.0	5.0	0.0	7.0	0.0	0.0	0.0	9.0	0.0	0.0	0.0	61.0	0.0	59.0	26.0	0.0	178.0	40.0	7.0	377.0	62.0	10.0	5.0	24.0	32.0	0.0	0.0	1.0	0.0	200.0	0.0	147.0	0.0	19.0	29.0	25.0	4.0	0.0	7.0	34.0	0.0	1.0	0.0	0.0	0.0	22.0	37.0	326.0	0.0	0.0	156.0	13.0	0.0	0.0	0.0	0.0	3.0	7.0	73.0	3.0	0.0	77.0	0.0	0.0	15.0	0.0	8.0	1.0	7.0	0.0	0.0	0.0	95.0	0.0	4.0	10.0	0.0	51.0	9.0	9.0	3.0	0.0	0.0	0.0	0.0	0.0	0.0	0.0	0.0	0.0	0.0	5.0	11.0	0.0	0.0	7.0	71.0	0.0	8.0	0.0	0.0	0.0	0.0	0.0	0.0	35.0	16.0	10.0	0.0	0.0	0.0	0.0	0.0	0.0	0.0	0.0	0.0	0.0	0.0	12.0	21.0	0.0	0.0	0.0	0.0	0.0	0.0	0.0	0.0	4.0	19.0	0.0	0.0	0.0	36.0	0.0	0.0	0.0	0.0	0.0	0.0	14.0	0.0	0.0	0.0	0.0	0.0	0.0	0.0	0.0	0.0	0.0	0.0	0.0	0.0	0.0	7.0	0.0	0.0	0.0	0.0	0.0	0.0	0.0	0.0	0.0	0.0	0.0	0.0	0.0	0.0	0.0	0.0	0.0	0.0	0.0	0.0	0.0	0.0	0.0	0.0	0.0	0.0	0.0	0.0	8.0	0.0	0.0	0.0	0.0	0.0	0.0	0.0	0.0	0.0	0.0	0.0	0.0	0.0	0.0	0.0	0.0	0.0	0.0	0.0	0.0	0.0
SRR5532715	3.0	938.0	28.0	35.0	24.0	50.0	20.0	66.0	3.0	0.0	249.0	80.0	597.0	440.0	11.0	250.0	3260.0	600.0	62.0	597.0	1538.0	13.0	807.0	260.0	3707.0	612.0	256.0	0.0	3.0	53.0	88.0	116.0	0.0	608.0	31.0	114.0	9.0	22.0	338.0	51.0	308.0	38.0	237.0	16.0	56.0	0.0	47.0	26.0	698.0	284.0	99.0	41.0	413.0	59.0	27.0	122.0	41.0	0.0	2006.0	155.0	166.0	157.0	124.0	497.0	51.0	11.0	238.0	8.0	0.0	0.0	275.0	0.0	232.0	94.0	45.0	22.0	1.0	49.0	23.0	63.0	0.0	12.0	34.0	8.0	34.0	0.0	2.0	1484.0	0.0	23.0	18.0	42.0	7.0	15.0	215.0	20.0	54.0	149.0	13.0	0.0	35.0	6.0	0.0	11.0	0.0	44.0	4.0	7.0	0.0	104.0	0.0	13.0	9.0	0.0	0.0	14.0	22.0	5.0	13.0	12.0	153.0	0.0	63.0	427.0	0.0	47.0	17.0	0.0	18.0	15.0	0.0	0.0	20.0	2.0	0.0	0.0	91.0	0.0	31.0	36.0	0.0	123.0	24.0	0.0	362.0	53.0	16.0	0.0	12.0	36.0	0.0	0.0	4.0	4.0	239.0	0.0	42.0	3.0	37.0	28.0	39.0	2.0	0.0	8.0	35.0	0.0	16.0	21.0	0.0	0.0	21.0	32.0	171.0	0.0	1.0	172.0	7.0	0.0	0.0	0.0	1.0	0.0	1.0	67.0	15.0	0.0	32.0	4.0	0.0	19.0	0.0	8.0	0.0	6.0	0.0	7.0	20.0	42.0	0.0	6.0	0.0	0.0	43.0	59.0	18.0	0.0	0.0	0.0	1.0	0.0	0.0	0.0	0.0	0.0	0.0	0.0	7.0	0.0	0.0	0.0	0.0	12.0	0.0	6.0	0.0	0.0	0.0	0.0	3.0	0.0	17.0	15.0	0.0	0.0	0.0	1.0	0.0	0.0	0.0	3.0	0.0	0.0	0.0	0.0	0.0	19.0	0.0	4.0	0.0	7.0	0.0	2.0	0.0	0.0	0.0	15.0	0.0	0.0	0.0	25.0	0.0	0.0	0.0	0.0	0.0	0.0	27.0	0.0	0.0	0.0	0.0	0.0	0.0	0.0	6.0	0.0	0.0	0.0	0.0	0.0	0.0	0.0	0.0	0.0	0.0	0.0	0.0	0.0	0.0	0.0	0.0	0.0	1.0	0.0	0.0	0.0	0.0	0.0	0.0	0.0	0.0	0.0	0.0	0.0	0.0	0.0	0.0	0.0	0.0	0.0	0.0	0.0	0.0	0.0	0.0	0.0	0.0	5.0	0.0	0.0	0.0	0.0	0.0	0.0	0.0	0.0	0.0	1.0	0.0	0.0	0.0	0.0
SRR5532716	0.0	21.0	0.0	0.0	0.0	3.0	277.0	0.0	0.0	0.0	0.0	700.0	1056.0	547.0	0.0	0.0	9.0	0.0	0.0	30.0	115.0	0.0	43.0	177.0	5583.0	15.0	0.0	0.0	6.0	21.0	35.0	0.0	0.0	6.0	0.0	43.0	0.0	32.0	49.0	0.0	0.0	94.0	1.0	9.0	11.0	0.0	6.0	0.0	0.0	163.0	186.0	5.0	0.0	4.0	80.0	53.0	107.0	0.0	909.0	585.0	248.0	0.0	811.0	190.0	0.0	7.0	397.0	131.0	0.0	0.0	705.0	0.0	0.0	0.0	0.0	0.0	0.0	0.0	3.0	6.0	0.0	0.0	0.0	0.0	6.0	0.0	0.0	57.0	118.0	0.0	0.0	3.0	0.0	14.0	484.0	0.0	0.0	74.0	1122.0	0.0	0.0	68.0	0.0	0.0	62.0	0.0	0.0	0.0	0.0	121.0	0.0	11.0	24.0	0.0	0.0	40.0	0.0	0.0	0.0	23.0	2.0	0.0	1.0	20.0	0.0	0.0	0.0	0.0	0.0	0.0	12.0	0.0	0.0	0.0	4.0	0.0	32.0	0.0	0.0	0.0	0.0	0.0	0.0	4.0	48.0	3.0	0.0	0.0	0.0	0.0	0.0	0.0	8.0	59.0	0.0	6.0	84.0	0.0	0.0	2.0	5.0	0.0	5.0	0.0	0.0	0.0	0.0	3.0	0.0	10.0	0.0	0.0	0.0	0.0	0.0	1362.0	0.0	31.0	0.0	57.0	11.0	0.0	0.0	0.0	0.0	0.0	0.0	17.0	0.0	5.0	4.0	0.0	0.0	0.0	0.0	15.0	13.0	4.0	0.0	0.0	0.0	0.0	0.0	31.0	0.0	0.0	0.0	0.0	0.0	0.0	0.0	0.0	0.0	0.0	0.0	0.0	0.0	0.0	0.0	24.0	0.0	0.0	0.0	4.0	0.0	0.0	0.0	0.0	0.0	0.0	0.0	0.0	0.0	0.0	0.0	0.0	0.0	0.0	0.0	0.0	0.0	0.0	0.0	0.0	0.0	0.0	0.0	0.0	0.0	0.0	0.0	0.0	0.0	0.0	0.0	0.0	0.0	0.0	0.0	0.0	0.0	0.0	0.0	0.0	0.0	0.0	0.0	0.0	0.0	0.0	0.0	0.0	0.0	0.0	0.0	0.0	0.0	0.0	24.0	0.0	0.0	0.0	0.0	0.0	0.0	0.0	0.0	0.0	0.0	0.0	0.0	0.0	0.0	0.0	0.0	0.0	0.0	0.0	2.0	0.0	0.0	0.0	0.0	0.0	0.0	0.0	0.0	0.0	0.0	0.0	0.0	0.0	0.0	0.0	0.0	0.0	0.0	0.0	0.0	0.0	0.0	0.0	0.0	0.0	0.0	0.0	0.0	0.0	0.0	0.0	0.0	0.0
SRR5532717	0.0	15.0	16.0	0.0	0.0	0.0	18.0	6.0	0.0	3.0	0.0	140.0	1258.0	215.0	14.0	0.0	14.0	4.0	0.0	95.0	223.0	96.0	692.0	28.0	4315.0	85.0	0.0	0.0	22.0	6.0	29.0	0.0	7.0	18.0	0.0	59.0	0.0	0.0	17.0	4.0	5.0	0.0	4.0	0.0	0.0	0.0	0.0	0.0	0.0	169.0	628.0	2.0	18.0	34.0	6.0	38.0	120.0	0.0	13681.0	104.0	151.0	5.0	60.0	23.0	38.0	0.0	132.0	0.0	0.0	0.0	145.0	1.0	4.0	0.0	0.0	9.0	0.0	0.0	0.0	3.0	0.0	0.0	8.0	6.0	13.0	0.0	0.0	73.0	0.0	0.0	9.0	2.0	0.0	0.0	51.0	0.0	0.0	135.0	105.0	11.0	0.0	176.0	0.0	0.0	8.0	0.0	0.0	3.0	0.0	7.0	0.0	0.0	39.0	0.0	0.0	0.0	0.0	0.0	0.0	50.0	17.0	0.0	115.0	63.0	0.0	25.0	19.0	0.0	12.0	0.0	30.0	0.0	0.0	0.0	0.0	0.0	27.0	0.0	0.0	0.0	0.0	2.0	0.0	0.0	144.0	11.0	0.0	0.0	2.0	6.0	0.0	0.0	11.0	20.0	0.0	14.0	70.0	0.0	9.0	0.0	1.0	0.0	0.0	0.0	0.0	0.0	1.0	8.0	0.0	0.0	0.0	0.0	13.0	0.0	0.0	526.0	0.0	22.0	0.0	0.0	0.0	0.0	0.0	0.0	0.0	0.0	0.0	0.0	0.0	0.0	0.0	0.0	0.0	16.0	0.0	9.0	0.0	15.0	0.0	4.0	0.0	0.0	0.0	13.0	0.0	0.0	0.0	0.0	0.0	0.0	0.0	0.0	0.0	0.0	0.0	0.0	0.0	0.0	0.0	8.0	0.0	23.0	0.0	0.0	4.0	0.0	0.0	0.0	0.0	0.0	0.0	0.0	0.0	0.0	0.0	0.0	0.0	0.0	0.0	0.0	0.0	0.0	0.0	0.0	0.0	0.0	0.0	0.0	0.0	0.0	0.0	0.0	0.0	0.0	0.0	0.0	0.0	2.0	0.0	0.0	0.0	6.0	0.0	0.0	0.0	0.0	0.0	0.0	0.0	0.0	0.0	0.0	0.0	0.0	0.0	0.0	0.0	0.0	0.0	0.0	0.0	0.0	0.0	0.0	0.0	0.0	0.0	0.0	0.0	35.0	0.0	0.0	0.0	0.0	0.0	0.0	0.0	0.0	0.0	0.0	0.0	0.0	0.0	0.0	0.0	0.0	0.0	0.0	0.0	0.0	0.0	0.0	0.0	0.0	0.0	0.0	0.0	0.0	0.0	0.0	0.0	0.0	0.0	0.0	0.0	0.0	0.0	0.0	0.0	0.0	0.0	0.0
SRR5532718	7.0	417.0	71.0	6.0	28.0	7.0	0.0	264.0	0.0	7.0	291.0	55.0	1334.0	176.0	131.0	268.0	1276.0	1374.0	219.0	313.0	1371.0	64.0	3541.0	46.0	1593.0	472.0	228.0	0.0	39.0	0.0	917.0	12.0	2.0	208.0	0.0	39.0	13.0	0.0	205.0	25.0	278.0	5.0	408.0	8.0	43.0	0.0	22.0	669.0	246.0	103.0	161.0	168.0	141.0	112.0	74.0	22.0	42.0	0.0	2442.0	9.0	260.0	91.0	251.0	211.0	30.0	17.0	157.0	10.0	0.0	190.0	854.0	0.0	246.0	115.0	48.0	24.0	0.0	39.0	13.0	45.0	8.0	1021.0	61.0	3.0	438.0	0.0	0.0	1595.0	0.0	15.0	2.0	0.0	240.0	0.0	4.0	12.0	197.0	173.0	28.0	0.0	22.0	98.0	3.0	0.0	0.0	10.0	0.0	30.0	0.0	4.0	1.0	20.0	15.0	0.0	0.0	6.0	0.0	5.0	2.0	10.0	95.0	0.0	15.0	354.0	0.0	364.0	0.0	0.0	34.0	21.0	1656.0	16.0	1.0	2.0	0.0	0.0	46.0	0.0	52.0	0.0	0.0	89.0	9.0	0.0	445.0	17.0	0.0	24.0	8.0	78.0	0.0	6.0	0.0	0.0	436.0	0.0	13.0	0.0	6.0	0.0	0.0	0.0	0.0	0.0	19.0	0.0	0.0	15.0	0.0	0.0	0.0	41.0	2279.0	0.0	0.0	1489.0	0.0	0.0	0.0	1.0	0.0	2.0	0.0	0.0	21.0	0.0	46.0	0.0	0.0	7.0	0.0	0.0	0.0	4.0	18.0	0.0	0.0	74.0	0.0	0.0	0.0	0.0	30.0	0.0	0.0	0.0	0.0	0.0	0.0	0.0	0.0	0.0	0.0	0.0	0.0	0.0	0.0	813.0	0.0	0.0	14.0	0.0	0.0	0.0	0.0	0.0	0.0	0.0	0.0	0.0	10.0	0.0	0.0	0.0	0.0	0.0	0.0	0.0	0.0	4.0	0.0	0.0	0.0	0.0	0.0	24.0	0.0	0.0	0.0	0.0	0.0	0.0	0.0	0.0	0.0	15.0	0.0	0.0	0.0	0.0	0.0	0.0	0.0	0.0	0.0	0.0	0.0	0.0	0.0	0.0	0.0	0.0	0.0	0.0	0.0	0.0	0.0	0.0	0.0	0.0	0.0	0.0	0.0	0.0	0.0	0.0	0.0	0.0	0.0	0.0	0.0	0.0	0.0	0.0	0.0	0.0	0.0	0.0	0.0	0.0	0.0	0.0	0.0	0.0	0.0	0.0	0.0	0.0	0.0	0.0	0.0	0.0	0.0	0.0	0.0	0.0	0.0	0.0	0.0	0.0	0.0	0.0	0.0	0.0	0.0	0.0	0.0	0.0	0.0	0.0	0.0	0.0
SRR5532719	9.0	880.0	40.0	27.0	54.0	0.0	37.0	402.0	13.0	9.0	508.0	67.0	1061.0	412.0	25.0	270.0	2797.0	953.0	175.0	536.0	1117.0	93.0	1995.0	142.0	3245.0	457.0	496.0	0.0	45.0	0.0	1232.0	51.0	1.0	496.0	7.0	212.0	2.0	6.0	857.0	78.0	369.0	13.0	750.0	13.0	42.0	0.0	20.0	629.0	368.0	264.0	151.0	205.0	230.0	176.0	99.0	111.0	1.0	0.0	2963.0	63.0	287.0	167.0	727.0	796.0	30.0	17.0	277.0	55.0	0.0	44.0	1390.0	0.0	313.0	230.0	38.0	16.0	0.0	22.0	31.0	174.0	0.0	383.0	149.0	0.0	721.0	0.0	0.0	1479.0	0.0	36.0	0.0	3.0	252.0	0.0	113.0	18.0	140.0	54.0	18.0	0.0	3.0	62.0	0.0	0.0	0.0	26.0	0.0	16.0	40.0	47.0	11.0	50.0	94.0	0.0	0.0	0.0	3.0	6.0	0.0	4.0	192.0	0.0	37.0	604.0	0.0	660.0	0.0	3.0	14.0	18.0	590.0	134.0	4.0	14.0	0.0	0.0	339.0	0.0	12.0	0.0	0.0	47.0	19.0	13.0	496.0	30.0	0.0	0.0	19.0	53.0	0.0	4.0	0.0	0.0	362.0	0.0	45.0	10.0	20.0	2.0	66.0	3.0	0.0	14.0	26.0	0.0	3.0	38.0	2.0	0.0	0.0	58.0	2047.0	0.0	0.0	1204.0	0.0	0.0	0.0	0.0	3.0	7.0	2.0	8.0	1.0	0.0	26.0	0.0	0.0	6.0	0.0	0.0	0.0	0.0	0.0	0.0	0.0	163.0	0.0	0.0	0.0	0.0	0.0	0.0	0.0	0.0	0.0	0.0	0.0	0.0	0.0	0.0	0.0	0.0	0.0	0.0	3.0	325.0	0.0	0.0	12.0	22.0	0.0	0.0	0.0	0.0	0.0	0.0	0.0	2.0	28.0	18.0	0.0	0.0	0.0	0.0	0.0	0.0	0.0	0.0	0.0	0.0	0.0	0.0	0.0	0.0	0.0	0.0	1.0	0.0	0.0	0.0	0.0	0.0	0.0	0.0	0.0	0.0	0.0	12.0	0.0	0.0	0.0	0.0	0.0	0.0	0.0	0.0	0.0	0.0	0.0	0.0	0.0	0.0	0.0	0.0	0.0	0.0	0.0	0.0	0.0	0.0	0.0	0.0	0.0	0.0	0.0	0.0	0.0	0.0	0.0	0.0	0.0	0.0	0.0	0.0	0.0	0.0	0.0	0.0	0.0	0.0	0.0	0.0	0.0	0.0	0.0	0.0	0.0	0.0	0.0	0.0	0.0	0.0	0.0	0.0	0.0	0.0	0.0	0.0	0.0	0.0	0.0	0.0	0.0	0.0	0.0	0.0	0.0	0.0	0.0	0.0
SRR5532720	0.0	255.0	24.0	0.0	15.0	38.0	317.0	224.0	68.0	6.0	0.0	953.0	1229.0	134.0	17.0	260.0	108.0	29.0	5.0	1348.0	2894.0	241.0	1172.0	2176.0	6498.0	2167.0	0.0	0.0	1237.0	69.0	499.0	33.0	6.0	213.0	0.0	20.0	0.0	105.0	3169.0	38.0	645.0	67.0	175.0	0.0	52.0	0.0	10.0	766.0	61.0	52.0	91.0	243.0	157.0	150.0	129.0	129.0	1.0	48.0	425.0	662.0	220.0	213.0	581.0	522.0	0.0	120.0	1943.0	214.0	0.0	38.0	1434.0	2.0	202.0	99.0	20.0	5.0	0.0	0.0	6.0	114.0	90.0	122.0	1.0	0.0	652.0	0.0	0.0	539.0	0.0	0.0	94.0	3.0	122.0	4.0	4201.0	0.0	15.0	22.0	84.0	501.0	0.0	78.0	2.0	0.0	157.0	1.0	0.0	9.0	0.0	1322.0	0.0	88.0	11.0	0.0	0.0	45.0	0.0	6.0	0.0	0.0	23.0	0.0	1.0	42.0	0.0	487.0	23.0	0.0	0.0	166.0	345.0	0.0	0.0	57.0	2.0	0.0	763.0	0.0	0.0	39.0	0.0	0.0	13.0	0.0	195.0	2.0	0.0	28.0	0.0	11.0	0.0	1.0	0.0	20.0	0.0	1237.0	33.0	0.0	48.0	11.0	28.0	14.0	0.0	0.0	6.0	7.0	2.0	39.0	0.0	78.0	0.0	35.0	728.0	6.0	2.0	57.0	6.0	1680.0	0.0	47.0	0.0	30.0	0.0	0.0	36.0	0.0	6.0	24.0	0.0	0.0	0.0	0.0	0.0	0.0	0.0	89.0	0.0	20.0	0.0	0.0	0.0	0.0	0.0	199.0	22.0	0.0	0.0	14.0	0.0	0.0	0.0	29.0	0.0	0.0	0.0	0.0	0.0	0.0	0.0	20.0	0.0	1.0	0.0	0.0	27.0	0.0	0.0	0.0	0.0	2.0	0.0	0.0	0.0	0.0	0.0	0.0	0.0	0.0	0.0	0.0	0.0	0.0	0.0	0.0	0.0	0.0	0.0	0.0	0.0	0.0	0.0	0.0	0.0	0.0	0.0	0.0	14.0	0.0	0.0	0.0	0.0	0.0	0.0	0.0	0.0	0.0	0.0	0.0	0.0	0.0	0.0	0.0	0.0	0.0	0.0	0.0	0.0	0.0	0.0	0.0	0.0	0.0	0.0	0.0	0.0	0.0	0.0	0.0	2.0	0.0	0.0	0.0	0.0	0.0	0.0	0.0	0.0	0.0	8.0	0.0	0.0	0.0	0.0	0.0	0.0	0.0	0.0	0.0	0.0	0.0	0.0	0.0	0.0	0.0	0.0	0.0	0.0	0.0	0.0	0.0	0.0	0.0	0.0	0.0	0.0	0.0	0.0	0.0	0.0	0.0	0.0	0.0
SRR5532721	0.0	0.0	0.0	0.0	0.0	4.0	146.0	0.0	0.0	239.0	0.0	22.0	185.0	8.0	3.0	2.0	20.0	0.0	1.0	0.0	44.0	153.0	197.0	32.0	6464.0	14.0	0.0	0.0	21.0	0.0	85.0	0.0	0.0	10.0	0.0	78.0	0.0	0.0	13.0	3.0	0.0	3.0	6.0	0.0	0.0	0.0	0.0	19.0	0.0	18.0	834.0	0.0	0.0	20.0	0.0	17.0	0.0	0.0	1105.0	57.0	41.0	11.0	25.0	97.0	13.0	0.0	22.0	6.0	0.0	0.0	527.0	55.0	0.0	0.0	0.0	0.0	0.0	0.0	0.0	2.0	5.0	0.0	11.0	0.0	24.0	0.0	0.0	33.0	0.0	0.0	0.0	0.0	0.0	0.0	225.0	0.0	0.0	214.0	39.0	3.0	0.0	36.0	0.0	0.0	5.0	0.0	0.0	0.0	0.0	3578.0	0.0	0.0	29.0	0.0	0.0	0.0	0.0	0.0	0.0	1.0	0.0	0.0	0.0	37.0	0.0	33.0	0.0	0.0	18.0	0.0	32.0	0.0	0.0	0.0	0.0	0.0	164.0	0.0	0.0	10.0	0.0	0.0	0.0	0.0	21.0	0.0	0.0	6.0	0.0	19.0	0.0	0.0	0.0	0.0	0.0	0.0	0.0	0.0	7.0	0.0	2.0	0.0	0.0	0.0	0.0	0.0	0.0	0.0	0.0	0.0	0.0	0.0	7.0	0.0	0.0	81.0	0.0	11.0	0.0	0.0	0.0	0.0	0.0	0.0	0.0	0.0	0.0	0.0	0.0	0.0	0.0	0.0	0.0	5.0	0.0	0.0	0.0	27.0	0.0	0.0	0.0	0.0	0.0	0.0	0.0	0.0	0.0	0.0	0.0	0.0	0.0	0.0	0.0	0.0	0.0	0.0	0.0	0.0	0.0	0.0	0.0	0.0	0.0	0.0	0.0	0.0	400.0	0.0	0.0	0.0	0.0	0.0	0.0	0.0	0.0	0.0	0.0	0.0	0.0	0.0	0.0	0.0	0.0	0.0	0.0	0.0	0.0	0.0	0.0	0.0	0.0	0.0	0.0	0.0	0.0	0.0	0.0	0.0	0.0	0.0	0.0	0.0	0.0	0.0	0.0	0.0	0.0	0.0	0.0	0.0	0.0	0.0	0.0	0.0	0.0	0.0	0.0	0.0	0.0	0.0	0.0	0.0	0.0	0.0	0.0	0.0	0.0	0.0	0.0	3.0	0.0	0.0	0.0	0.0	0.0	0.0	0.0	0.0	0.0	0.0	0.0	0.0	0.0	0.0	0.0	0.0	0.0	0.0	0.0	0.0	0.0	4.0	0.0	0.0	0.0	0.0	0.0	0.0	0.0	0.0	0.0	0.0	0.0	0.0	0.0	0.0	0.0	0.0	0.0	0.0	0.0	0.0
SRR5532724	0.0	15.0	0.0	0.0	0.0	0.0	0.0	0.0	0.0	0.0	0.0	136.0	280.0	44.0	0.0	0.0	8.0	0.0	3.0	12.0	204.0	4.0	254.0	9.0	3696.0	26.0	0.0	0.0	5.0	5.0	1.0	0.0	4.0	0.0	0.0	11.0	0.0	0.0	7.0	0.0	3.0	0.0	3.0	0.0	0.0	0.0	0.0	6.0	7.0	243.0	210.0	0.0	3.0	0.0	2.0	20.0	14.0	0.0	2773.0	72.0	47.0	3.0	64.0	505.0	12.0	0.0	35.0	0.0	0.0	0.0	568.0	0.0	0.0	0.0	0.0	0.0	0.0	0.0	0.0	0.0	0.0	0.0	3.0	0.0	0.0	0.0	0.0	31.0	0.0	0.0	0.0	6.0	0.0	0.0	193.0	0.0	0.0	0.0	162.0	0.0	0.0	82.0	0.0	0.0	3.0	0.0	0.0	0.0	0.0	0.0	0.0	0.0	19.0	0.0	0.0	0.0	0.0	0.0	0.0	0.0	3.0	0.0	7.0	9.0	0.0	0.0	0.0	0.0	3.0	0.0	20.0	0.0	0.0	0.0	0.0	0.0	24.0	0.0	0.0	0.0	0.0	0.0	0.0	0.0	42.0	0.0	0.0	0.0	0.0	0.0	0.0	0.0	0.0	0.0	0.0	4.0	7.0	0.0	0.0	0.0	0.0	0.0	0.0	0.0	0.0	0.0	3.0	0.0	0.0	66.0	0.0	0.0	4.0	0.0	0.0	321.0	0.0	0.0	0.0	0.0	0.0	0.0	0.0	2.0	0.0	0.0	0.0	0.0	0.0	0.0	0.0	0.0	0.0	0.0	0.0	5.0	0.0	5.0	0.0	0.0	0.0	0.0	0.0	0.0	0.0	0.0	0.0	0.0	0.0	0.0	0.0	0.0	0.0	0.0	0.0	0.0	0.0	0.0	0.0	0.0	7.0	0.0	0.0	0.0	0.0	0.0	0.0	0.0	0.0	0.0	0.0	0.0	0.0	0.0	0.0	2.0	0.0	0.0	0.0	0.0	0.0	0.0	0.0	0.0	0.0	0.0	0.0	0.0	0.0	0.0	0.0	0.0	0.0	0.0	0.0	0.0	0.0	0.0	0.0	0.0	0.0	3.0	0.0	0.0	0.0	0.0	0.0	0.0	0.0	0.0	0.0	0.0	0.0	0.0	0.0	0.0	0.0	0.0	0.0	0.0	0.0	0.0	0.0	0.0	0.0	0.0	0.0	0.0	0.0	0.0	0.0	0.0	0.0	0.0	0.0	0.0	0.0	0.0	0.0	0.0	0.0	0.0	0.0	0.0	0.0	0.0	0.0	0.0	0.0	0.0	0.0	0.0	0.0	0.0	0.0	0.0	0.0	0.0	0.0	0.0	0.0	0.0	0.0	0.0	0.0	0.0	0.0	0.0	0.0	0.0	0.0	0.0
SRR5532725	0.0	47.0	34.0	2.0	0.0	0.0	0.0	7.0	0.0	12.0	0.0	59.0	639.0	83.0	0.0	41.0	78.0	0.0	15.0	32.0	245.0	9.0	759.0	28.0	1974.0	61.0	32.0	0.0	20.0	5.0	67.0	0.0	0.0	4.0	0.0	18.0	0.0	0.0	86.0	0.0	17.0	0.0	25.0	6.0	0.0	0.0	0.0	19.0	29.0	294.0	780.0	26.0	18.0	0.0	12.0	0.0	39.0	0.0	11502.0	0.0	176.0	4.0	257.0	6.0	3.0	5.0	44.0	2.0	0.0	0.0	199.0	0.0	13.0	0.0	11.0	0.0	0.0	2.0	0.0	1.0	0.0	0.0	106.0	0.0	36.0	0.0	0.0	74.0	0.0	4.0	0.0	1.0	14.0	1.0	11.0	0.0	5.0	173.0	39.0	3.0	0.0	75.0	8.0	0.0	0.0	4.0	0.0	0.0	0.0	44.0	0.0	0.0	1.0	0.0	0.0	0.0	0.0	0.0	2.0	49.0	2.0	0.0	0.0	70.0	0.0	110.0	27.0	0.0	33.0	0.0	68.0	0.0	0.0	3.0	0.0	0.0	51.0	0.0	0.0	0.0	0.0	6.0	0.0	0.0	199.0	3.0	8.0	0.0	0.0	27.0	0.0	0.0	4.0	0.0	106.0	0.0	40.0	0.0	0.0	0.0	0.0	0.0	0.0	0.0	0.0	5.0	0.0	0.0	0.0	0.0	3.0	0.0	9.0	0.0	0.0	102.0	0.0	14.0	0.0	0.0	0.0	0.0	4.0	0.0	5.0	0.0	29.0	29.0	0.0	0.0	0.0	0.0	0.0	25.0	0.0	0.0	11.0	21.0	0.0	0.0	0.0	0.0	0.0	0.0	0.0	0.0	0.0	0.0	0.0	0.0	0.0	0.0	0.0	0.0	0.0	0.0	0.0	0.0	0.0	0.0	3.0	2.0	0.0	0.0	0.0	0.0	0.0	0.0	0.0	0.0	0.0	0.0	0.0	0.0	0.0	0.0	0.0	0.0	0.0	0.0	0.0	0.0	0.0	0.0	0.0	0.0	0.0	0.0	0.0	0.0	0.0	0.0	0.0	0.0	0.0	0.0	0.0	0.0	0.0	0.0	0.0	0.0	0.0	0.0	0.0	0.0	0.0	0.0	0.0	0.0	0.0	0.0	0.0	0.0	0.0	0.0	0.0	0.0	0.0	0.0	0.0	0.0	0.0	0.0	0.0	0.0	0.0	0.0	0.0	0.0	0.0	0.0	0.0	0.0	0.0	0.0	0.0	0.0	0.0	0.0	0.0	0.0	0.0	0.0	0.0	0.0	0.0	0.0	0.0	0.0	0.0	0.0	0.0	0.0	0.0	0.0	0.0	0.0	0.0	0.0	0.0	0.0	0.0	0.0	0.0	0.0	0.0	0.0	0.0	0.0	0.0	0.0
SRR5532727	0.0	0.0	0.0	0.0	0.0	0.0	7420.0	0.0	0.0	16.0	0.0	30.0	234.0	58.0	2.0	0.0	0.0	9.0	0.0	6.0	87.0	39.0	115.0	0.0	2070.0	2.0	6.0	0.0	18.0	0.0	54.0	0.0	0.0	0.0	0.0	378.0	0.0	0.0	12.0	0.0	0.0	0.0	20.0	0.0	3.0	0.0	0.0	0.0	0.0	111.0	229.0	18.0	0.0	2.0	5.0	4.0	0.0	0.0	5067.0	27.0	226.0	4.0	0.0	15.0	17.0	0.0	16.0	0.0	0.0	0.0	366.0	22.0	8.0	5.0	0.0	0.0	0.0	0.0	0.0	3.0	0.0	0.0	62.0	0.0	3.0	0.0	0.0	0.0	0.0	0.0	1.0	0.0	0.0	0.0	8.0	0.0	6.0	541.0	26.0	0.0	0.0	83.0	8.0	0.0	2.0	0.0	0.0	0.0	18.0	6700.0	0.0	0.0	4.0	0.0	0.0	0.0	0.0	0.0	0.0	30.0	0.0	0.0	0.0	39.0	0.0	91.0	0.0	0.0	6.0	0.0	0.0	0.0	0.0	0.0	0.0	0.0	37.0	0.0	0.0	0.0	0.0	4.0	0.0	0.0	42.0	0.0	0.0	0.0	0.0	10.0	0.0	0.0	0.0	11.0	8.0	0.0	0.0	0.0	2.0	0.0	0.0	0.0	0.0	0.0	0.0	0.0	0.0	0.0	0.0	0.0	0.0	0.0	8.0	0.0	0.0	57.0	2.0	15.0	0.0	0.0	0.0	0.0	0.0	0.0	0.0	0.0	4.0	0.0	0.0	0.0	0.0	0.0	0.0	28.0	0.0	0.0	0.0	11.0	0.0	0.0	0.0	0.0	0.0	5.0	0.0	0.0	0.0	0.0	0.0	0.0	0.0	0.0	0.0	0.0	0.0	0.0	0.0	0.0	0.0	0.0	14.0	0.0	0.0	0.0	0.0	0.0	0.0	0.0	0.0	0.0	0.0	0.0	0.0	0.0	0.0	0.0	0.0	0.0	0.0	0.0	0.0	0.0	0.0	0.0	0.0	0.0	0.0	0.0	0.0	0.0	0.0	0.0	0.0	0.0	0.0	0.0	0.0	0.0	0.0	0.0	0.0	0.0	0.0	0.0	0.0	0.0	0.0	0.0	0.0	0.0	0.0	0.0	0.0	0.0	0.0	0.0	0.0	0.0	0.0	0.0	0.0	0.0	0.0	0.0	0.0	0.0	0.0	0.0	0.0	0.0	0.0	0.0	0.0	0.0	0.0	0.0	0.0	0.0	0.0	0.0	0.0	0.0	0.0	0.0	0.0	0.0	0.0	0.0	0.0	0.0	0.0	0.0	0.0	0.0	0.0	0.0	0.0	0.0	0.0	0.0	0.0	0.0	0.0	0.0	0.0	0.0	0.0	0.0	0.0	0.0	0.0	0.0
SRR5532728	0.0	11.0	0.0	0.0	0.0	0.0	0.0	0.0	0.0	0.0	0.0	54.0	335.0	372.0	0.0	3.0	34.0	8.0	0.0	0.0	53.0	0.0	270.0	0.0	2681.0	7.0	0.0	0.0	0.0	5.0	7.0	0.0	0.0	0.0	0.0	4.0	0.0	0.0	0.0	0.0	0.0	0.0	0.0	0.0	0.0	0.0	0.0	0.0	6.0	290.0	506.0	3.0	8.0	0.0	6.0	0.0	19.0	0.0	13449.0	50.0	55.0	0.0	0.0	0.0	9.0	0.0	22.0	0.0	0.0	0.0	684.0	0.0	0.0	0.0	1.0	0.0	0.0	7.0	0.0	0.0	0.0	0.0	0.0	0.0	0.0	0.0	0.0	24.0	0.0	11.0	0.0	0.0	0.0	0.0	0.0	0.0	0.0	88.0	44.0	0.0	0.0	186.0	0.0	0.0	0.0	0.0	0.0	0.0	0.0	7.0	0.0	0.0	0.0	0.0	0.0	0.0	8.0	0.0	0.0	3.0	0.0	0.0	0.0	0.0	0.0	18.0	0.0	0.0	0.0	0.0	20.0	0.0	0.0	0.0	0.0	0.0	0.0	0.0	0.0	0.0	0.0	0.0	0.0	0.0	98.0	0.0	0.0	0.0	0.0	0.0	0.0	0.0	0.0	0.0	152.0	0.0	0.0	0.0	0.0	0.0	0.0	0.0	0.0	0.0	0.0	0.0	0.0	0.0	0.0	0.0	0.0	0.0	0.0	0.0	0.0	65.0	0.0	0.0	0.0	0.0	0.0	0.0	0.0	0.0	0.0	0.0	5.0	0.0	0.0	0.0	0.0	0.0	0.0	0.0	0.0	0.0	0.0	0.0	3.0	0.0	0.0	0.0	0.0	0.0	0.0	0.0	0.0	0.0	0.0	0.0	0.0	0.0	0.0	0.0	0.0	0.0	0.0	0.0	0.0	0.0	13.0	0.0	0.0	0.0	0.0	0.0	0.0	0.0	0.0	0.0	0.0	0.0	0.0	0.0	0.0	0.0	0.0	0.0	0.0	0.0	0.0	0.0	0.0	0.0	0.0	0.0	0.0	0.0	0.0	0.0	0.0	0.0	0.0	0.0	0.0	0.0	0.0	0.0	0.0	0.0	0.0	0.0	0.0	0.0	0.0	0.0	0.0	0.0	0.0	0.0	0.0	0.0	0.0	0.0	0.0	0.0	0.0	0.0	0.0	0.0	0.0	0.0	0.0	0.0	0.0	0.0	0.0	0.0	0.0	5.0	0.0	0.0	0.0	0.0	0.0	0.0	0.0	0.0	0.0	0.0	0.0	0.0	0.0	0.0	0.0	0.0	0.0	0.0	0.0	0.0	0.0	0.0	0.0	0.0	0.0	0.0	0.0	0.0	0.0	0.0	0.0	0.0	0.0	0.0	0.0	0.0	0.0	0.0	0.0	0.0	0.0	0.0
SRR5532729	0.0	7.0	11.0	0.0	0.0	2.0	0.0	8.0	0.0	0.0	7.0	10.0	182.0	20.0	0.0	33.0	80.0	60.0	0.0	18.0	95.0	6.0	356.0	0.0	204.0	15.0	30.0	0.0	0.0	0.0	75.0	0.0	0.0	5.0	0.0	0.0	0.0	0.0	0.0	0.0	22.0	0.0	5.0	0.0	0.0	0.0	0.0	0.0	46.0	176.0	51.0	0.0	13.0	8.0	20.0	0.0	0.0	0.0	9659.0	0.0	40.0	0.0	11.0	0.0	0.0	0.0	16.0	0.0	0.0	0.0	15.0	0.0	14.0	0.0	8.0	0.0	0.0	10.0	0.0	0.0	0.0	0.0	22.0	0.0	13.0	0.0	0.0	69.0	0.0	8.0	0.0	0.0	4.0	0.0	0.0	0.0	3.0	66.0	7.0	0.0	0.0	16.0	5.0	0.0	0.0	0.0	0.0	0.0	0.0	0.0	0.0	3.0	0.0	0.0	0.0	0.0	6.0	0.0	0.0	3.0	18.0	0.0	0.0	80.0	0.0	30.0	0.0	0.0	0.0	0.0	5.0	0.0	2.0	0.0	0.0	0.0	2.0	0.0	0.0	0.0	0.0	28.0	0.0	0.0	320.0	0.0	6.0	0.0	0.0	38.0	0.0	0.0	0.0	0.0	0.0	0.0	0.0	0.0	0.0	0.0	0.0	0.0	0.0	0.0	2.0	0.0	0.0	0.0	0.0	0.0	0.0	0.0	4.0	0.0	0.0	791.0	0.0	0.0	0.0	0.0	0.0	0.0	0.0	0.0	0.0	0.0	7.0	0.0	0.0	0.0	0.0	0.0	0.0	6.0	0.0	0.0	0.0	0.0	0.0	0.0	0.0	0.0	0.0	0.0	0.0	0.0	0.0	0.0	0.0	0.0	0.0	0.0	0.0	0.0	0.0	0.0	7.0	0.0	0.0	0.0	6.0	0.0	0.0	0.0	0.0	0.0	0.0	0.0	0.0	0.0	0.0	0.0	0.0	0.0	0.0	0.0	0.0	0.0	0.0	0.0	0.0	0.0	0.0	0.0	0.0	0.0	0.0	0.0	0.0	0.0	0.0	0.0	0.0	0.0	0.0	7.0	0.0	0.0	0.0	0.0	0.0	0.0	0.0	0.0	0.0	0.0	0.0	0.0	0.0	0.0	0.0	0.0	0.0	0.0	0.0	0.0	0.0	0.0	0.0	0.0	0.0	0.0	0.0	0.0	0.0	0.0	0.0	0.0	0.0	0.0	0.0	0.0	0.0	0.0	0.0	0.0	0.0	0.0	0.0	0.0	0.0	0.0	0.0	0.0	0.0	0.0	0.0	0.0	0.0	0.0	0.0	0.0	0.0	0.0	0.0	0.0	0.0	0.0	0.0	0.0	0.0	0.0	0.0	0.0	0.0	0.0	0.0	0.0	0.0	0.0	0.0	0.0
SRR5532730	0.0	32.0	5.0	0.0	0.0	5.0	0.0	0.0	0.0	0.0	2.0	2.0	456.0	98.0	0.0	18.0	86.0	76.0	0.0	50.0	129.0	0.0	366.0	0.0	549.0	21.0	59.0	0.0	3.0	0.0	68.0	0.0	0.0	8.0	0.0	18.0	0.0	0.0	0.0	0.0	24.0	1.0	1.0	0.0	0.0	0.0	1.0	0.0	24.0	333.0	171.0	0.0	19.0	15.0	5.0	0.0	0.0	0.0	9299.0	0.0	93.0	0.0	239.0	0.0	0.0	0.0	0.0	0.0	0.0	0.0	39.0	0.0	0.0	0.0	8.0	0.0	0.0	3.0	0.0	0.0	0.0	0.0	2.0	0.0	0.0	0.0	0.0	135.0	0.0	0.0	0.0	0.0	5.0	0.0	0.0	0.0	0.0	70.0	11.0	0.0	0.0	11.0	0.0	0.0	0.0	0.0	0.0	0.0	0.0	11.0	0.0	0.0	0.0	0.0	0.0	0.0	5.0	0.0	0.0	0.0	6.0	0.0	2.0	39.0	0.0	44.0	0.0	0.0	7.0	0.0	0.0	0.0	0.0	0.0	0.0	0.0	21.0	0.0	0.0	0.0	0.0	0.0	0.0	0.0	266.0	0.0	0.0	0.0	0.0	22.0	0.0	0.0	0.0	0.0	0.0	0.0	0.0	0.0	0.0	0.0	6.0	0.0	0.0	0.0	0.0	0.0	0.0	0.0	0.0	0.0	13.0	0.0	9.0	0.0	0.0	524.0	0.0	0.0	0.0	0.0	0.0	0.0	0.0	0.0	0.0	0.0	11.0	0.0	0.0	0.0	0.0	0.0	0.0	0.0	0.0	0.0	0.0	0.0	0.0	0.0	0.0	0.0	0.0	0.0	0.0	0.0	0.0	0.0	0.0	0.0	0.0	0.0	0.0	0.0	0.0	0.0	0.0	0.0	0.0	0.0	0.0	0.0	0.0	0.0	0.0	0.0	0.0	0.0	0.0	0.0	0.0	0.0	0.0	0.0	0.0	0.0	0.0	0.0	0.0	0.0	0.0	0.0	0.0	0.0	0.0	0.0	0.0	0.0	0.0	0.0	0.0	0.0	0.0	0.0	0.0	0.0	0.0	0.0	0.0	0.0	0.0	0.0	0.0	0.0	0.0	0.0	0.0	0.0	0.0	0.0	0.0	0.0	0.0	0.0	0.0	0.0	0.0	0.0	0.0	0.0	0.0	0.0	0.0	0.0	0.0	0.0	0.0	0.0	0.0	0.0	0.0	0.0	0.0	0.0	0.0	0.0	0.0	0.0	0.0	0.0	0.0	0.0	0.0	0.0	0.0	0.0	0.0	0.0	0.0	0.0	0.0	0.0	0.0	0.0	0.0	0.0	0.0	0.0	0.0	0.0	0.0	0.0	0.0	0.0	0.0	0.0	0.0	0.0	0.0	0.0	0.0	0.0
SRR5532731	0.0	297.0	11.0	15.0	6.0	14.0	233.0	163.0	23.0	36.0	0.0	717.0	1033.0	265.0	61.0	101.0	119.0	13.0	24.0	682.0	1415.0	68.0	697.0	439.0	7900.0	677.0	0.0	0.0	381.0	40.0	551.0	45.0	9.0	126.0	0.0	129.0	16.0	24.0	2128.0	47.0	274.0	48.0	157.0	8.0	37.0	0.0	0.0	1357.0	38.0	100.0	126.0	115.0	112.0	94.0	75.0	283.0	17.0	58.0	866.0	860.0	528.0	160.0	270.0	292.0	32.0	69.0	473.0	37.0	0.0	41.0	1521.0	39.0	50.0	66.0	0.0	7.0	0.0	0.0	6.0	127.0	70.0	164.0	14.0	0.0	653.0	0.0	2.0	530.0	10.0	0.0	19.0	37.0	127.0	29.0	569.0	6.0	13.0	124.0	704.0	281.0	3.0	111.0	23.0	16.0	69.0	0.0	0.0	24.0	0.0	109.0	2.0	72.0	75.0	0.0	0.0	121.0	4.0	3.0	0.0	9.0	27.0	0.0	3.0	307.0	0.0	518.0	14.0	0.0	0.0	30.0	972.0	18.0	0.0	63.0	0.0	7.0	994.0	0.0	0.0	35.0	11.0	13.0	0.0	5.0	228.0	0.0	0.0	11.0	5.0	21.0	0.0	0.0	0.0	25.0	0.0	396.0	18.0	0.0	18.0	14.0	9.0	0.0	0.0	15.0	0.0	8.0	0.0	30.0	0.0	39.0	0.0	20.0	596.0	20.0	15.0	82.0	0.0	358.0	0.0	38.0	0.0	6.0	0.0	0.0	0.0	0.0	4.0	13.0	0.0	3.0	21.0	0.0	0.0	0.0	0.0	67.0	0.0	237.0	0.0	0.0	0.0	0.0	0.0	50.0	30.0	0.0	0.0	24.0	0.0	0.0	0.0	37.0	0.0	0.0	1.0	0.0	0.0	0.0	0.0	24.0	0.0	0.0	0.0	0.0	9.0	9.0	0.0	0.0	0.0	0.0	0.0	0.0	0.0	0.0	0.0	2.0	0.0	0.0	0.0	0.0	0.0	0.0	2.0	0.0	0.0	0.0	0.0	0.0	0.0	0.0	2.0	0.0	0.0	0.0	0.0	0.0	0.0	0.0	0.0	0.0	0.0	0.0	11.0	0.0	0.0	0.0	0.0	0.0	0.0	0.0	0.0	0.0	0.0	0.0	0.0	0.0	0.0	0.0	0.0	0.0	0.0	4.0	0.0	0.0	0.0	0.0	0.0	0.0	4.0	0.0	69.0	0.0	0.0	0.0	0.0	0.0	0.0	0.0	9.0	0.0	0.0	0.0	0.0	0.0	0.0	0.0	0.0	0.0	4.0	0.0	0.0	0.0	0.0	0.0	0.0	0.0	0.0	0.0	0.0	0.0	0.0	0.0	0.0	0.0	0.0	0.0	0.0	0.0	0.0	0.0	0.0	0.0
SRR5532732	2.0	230.0	50.0	1.0	13.0	16.0	141.0	193.0	118.0	7.0	1.0	463.0	1130.0	46.0	22.0	267.0	106.0	62.0	92.0	2170.0	3156.0	87.0	1519.0	570.0	4488.0	1846.0	0.0	0.0	1456.0	12.0	327.0	47.0	7.0	380.0	0.0	0.0	0.0	35.0	4685.0	25.0	1044.0	73.0	166.0	1.0	24.0	0.0	11.0	605.0	137.0	90.0	86.0	332.0	97.0	57.0	42.0	63.0	3.0	21.0	479.0	245.0	150.0	191.0	547.0	265.0	0.0	58.0	1500.0	38.0	0.0	9.0	537.0	3.0	219.0	79.0	28.0	11.0	0.0	0.0	5.0	109.0	103.0	189.0	7.0	0.0	624.0	0.0	0.0	469.0	0.0	0.0	80.0	0.0	82.0	4.0	678.0	13.0	2.0	27.0	16.0	430.0	0.0	95.0	1.0	0.0	2.0	8.0	0.0	5.0	0.0	3855.0	2.0	55.0	3.0	0.0	0.0	102.0	0.0	3.0	0.0	0.0	55.0	0.0	17.0	58.0	0.0	553.0	51.0	0.0	0.0	26.0	159.0	25.0	0.0	93.0	0.0	0.0	402.0	0.0	4.0	22.0	0.0	0.0	0.0	0.0	301.0	5.0	0.0	32.0	0.0	8.0	0.0	0.0	0.0	7.0	0.0	1072.0	0.0	0.0	10.0	0.0	24.0	0.0	0.0	1.0	2.0	6.0	0.0	33.0	0.0	28.0	0.0	8.0	554.0	3.0	1.0	15.0	10.0	1186.0	0.0	4.0	0.0	22.0	0.0	0.0	37.0	0.0	7.0	21.0	2.0	0.0	0.0	0.0	0.0	0.0	5.0	31.0	0.0	0.0	0.0	15.0	0.0	0.0	0.0	161.0	13.0	0.0	0.0	0.0	0.0	0.0	0.0	29.0	0.0	0.0	0.0	0.0	0.0	0.0	7.0	16.0	0.0	4.0	0.0	0.0	27.0	0.0	0.0	0.0	0.0	0.0	0.0	0.0	0.0	0.0	0.0	0.0	0.0	0.0	0.0	0.0	0.0	0.0	0.0	0.0	0.0	0.0	0.0	0.0	0.0	0.0	0.0	0.0	0.0	0.0	0.0	0.0	0.0	0.0	0.0	0.0	0.0	0.0	0.0	0.0	0.0	0.0	0.0	0.0	0.0	0.0	0.0	0.0	0.0	2.0	0.0	13.0	0.0	0.0	0.0	0.0	0.0	0.0	0.0	0.0	0.0	0.0	0.0	0.0	2.0	0.0	53.0	0.0	0.0	0.0	0.0	0.0	0.0	0.0	0.0	0.0	0.0	0.0	0.0	0.0	0.0	0.0	0.0	0.0	0.0	0.0	0.0	0.0	0.0	0.0	0.0	0.0	0.0	0.0	0.0	0.0	0.0	0.0	0.0	0.0	0.0	0.0	0.0	0.0	0.0	0.0	0.0	0.0
SRR5532733	0.0	13.0	13.0	0.0	6.0	2.0	29.0	3.0	0.0	11.0	0.0	198.0	298.0	182.0	0.0	7.0	21.0	2.0	4.0	17.0	67.0	9.0	948.0	27.0	3200.0	27.0	11.0	0.0	9.0	36.0	214.0	0.0	0.0	7.0	0.0	14.0	0.0	0.0	12.0	5.0	0.0	2.0	28.0	0.0	0.0	0.0	1.0	316.0	0.0	68.0	463.0	4.0	0.0	4.0	4.0	35.0	0.0	0.0	3175.0	151.0	133.0	0.0	76.0	102.0	17.0	15.0	114.0	3.0	0.0	69.0	538.0	0.0	0.0	1.0	0.0	0.0	0.0	2.0	0.0	0.0	0.0	26.0	31.0	0.0	52.0	0.0	0.0	113.0	0.0	8.0	0.0	0.0	0.0	35.0	18.0	0.0	5.0	84.0	210.0	0.0	0.0	110.0	0.0	0.0	0.0	0.0	0.0	0.0	0.0	8.0	0.0	11.0	0.0	0.0	0.0	5.0	0.0	0.0	0.0	3.0	0.0	0.0	0.0	21.0	0.0	347.0	0.0	0.0	10.0	6.0	1684.0	4.0	0.0	0.0	0.0	0.0	194.0	0.0	0.0	0.0	0.0	0.0	0.0	0.0	62.0	0.0	0.0	0.0	0.0	68.0	0.0	0.0	0.0	0.0	241.0	0.0	18.0	0.0	0.0	0.0	0.0	0.0	0.0	0.0	0.0	2.0	0.0	0.0	0.0	62.0	0.0	0.0	15.0	0.0	0.0	181.0	0.0	11.0	0.0	6.0	0.0	0.0	0.0	0.0	0.0	0.0	13.0	0.0	0.0	0.0	0.0	0.0	0.0	0.0	0.0	10.0	7.0	6.0	0.0	0.0	0.0	0.0	0.0	0.0	0.0	0.0	5.0	0.0	0.0	0.0	0.0	0.0	0.0	0.0	0.0	0.0	0.0	0.0	0.0	0.0	0.0	0.0	0.0	0.0	0.0	0.0	0.0	0.0	0.0	0.0	0.0	0.0	0.0	0.0	0.0	0.0	0.0	0.0	0.0	0.0	0.0	5.0	0.0	0.0	0.0	6.0	0.0	0.0	0.0	0.0	0.0	0.0	0.0	0.0	0.0	0.0	0.0	0.0	0.0	0.0	0.0	0.0	0.0	0.0	0.0	0.0	0.0	0.0	0.0	0.0	0.0	0.0	0.0	0.0	4.0	0.0	0.0	0.0	0.0	0.0	0.0	0.0	0.0	0.0	0.0	0.0	0.0	0.0	0.0	0.0	8.0	0.0	0.0	0.0	0.0	0.0	0.0	0.0	0.0	0.0	0.0	0.0	0.0	0.0	0.0	0.0	0.0	0.0	0.0	0.0	0.0	0.0	0.0	0.0	0.0	0.0	0.0	0.0	0.0	0.0	0.0	0.0	0.0	0.0	0.0	0.0	0.0	0.0	0.0	0.0	0.0	0.0
SRR5532734	0.0	568.0	34.0	22.0	25.0	14.0	0.0	48.0	0.0	11.0	379.0	15.0	403.0	419.0	15.0	145.0	2939.0	442.0	38.0	428.0	1270.0	19.0	518.0	109.0	2612.0	292.0	408.0	0.0	0.0	48.0	85.0	165.0	0.0	333.0	0.0	121.0	0.0	34.0	288.0	35.0	374.0	24.0	191.0	9.0	38.0	0.0	23.0	24.0	597.0	265.0	217.0	26.0	186.0	166.0	24.0	97.0	45.0	0.0	2424.0	20.0	130.0	129.0	192.0	367.0	58.0	0.0	144.0	25.0	0.0	0.0	303.0	21.0	114.0	131.0	66.0	10.0	16.0	64.0	10.0	29.0	0.0	10.0	98.0	24.0	61.0	0.0	1.0	1008.0	26.0	24.0	10.0	17.0	4.0	0.0	92.0	19.0	120.0	121.0	18.0	0.0	14.0	10.0	0.0	18.0	0.0	18.0	0.0	18.0	0.0	19.0	0.0	6.0	18.0	0.0	0.0	8.0	22.0	3.0	0.0	35.0	230.0	0.0	119.0	165.0	0.0	23.0	15.0	3.0	71.0	2.0	6.0	3.0	3.0	0.0	0.0	0.0	29.0	0.0	125.0	15.0	5.0	161.0	50.0	0.0	258.0	30.0	14.0	9.0	7.0	22.0	0.0	0.0	0.0	4.0	114.0	0.0	87.0	0.0	5.0	31.0	22.0	2.0	3.0	5.0	31.0	0.0	31.0	0.0	6.0	0.0	6.0	38.0	291.0	0.0	0.0	190.0	12.0	0.0	0.0	0.0	0.0	2.0	0.0	78.0	71.0	0.0	56.0	0.0	0.0	12.0	0.0	3.0	14.0	6.0	0.0	0.0	0.0	72.0	0.0	5.0	0.0	0.0	25.0	14.0	0.0	0.0	0.0	0.0	0.0	0.0	0.0	0.0	0.0	0.0	0.0	0.0	5.0	0.0	0.0	0.0	9.0	0.0	0.0	19.0	0.0	0.0	0.0	0.0	0.0	0.0	43.0	15.0	2.0	0.0	0.0	4.0	0.0	0.0	0.0	0.0	0.0	2.0	0.0	0.0	0.0	49.0	0.0	0.0	0.0	0.0	0.0	12.0	0.0	0.0	0.0	19.0	0.0	0.0	0.0	51.0	0.0	0.0	0.0	0.0	0.0	0.0	11.0	5.0	0.0	4.0	0.0	0.0	0.0	0.0	3.0	0.0	0.0	0.0	0.0	0.0	0.0	0.0	0.0	0.0	0.0	0.0	0.0	0.0	0.0	0.0	0.0	0.0	0.0	0.0	0.0	0.0	2.0	0.0	0.0	0.0	0.0	0.0	0.0	0.0	0.0	0.0	0.0	0.0	0.0	0.0	0.0	0.0	0.0	0.0	0.0	0.0	0.0	0.0	0.0	0.0	0.0	0.0	0.0	0.0	0.0	0.0	0.0	0.0	0.0	0.0	0.0	0.0
SRR5532735	5.0	672.0	19.0	29.0	47.0	18.0	0.0	86.0	0.0	6.0	357.0	25.0	319.0	440.0	7.0	121.0	3799.0	288.0	32.0	746.0	2380.0	36.0	364.0	242.0	3185.0	735.0	305.0	17.0	18.0	19.0	53.0	251.0	0.0	690.0	29.0	150.0	12.0	81.0	375.0	64.0	172.0	37.0	274.0	4.0	53.0	0.0	17.0	33.0	786.0	282.0	91.0	29.0	309.0	59.0	48.0	138.0	78.0	0.0	1814.0	77.0	81.0	211.0	177.0	557.0	34.0	4.0	183.0	19.0	0.0	0.0	306.0	0.0	210.0	110.0	17.0	12.0	3.0	46.0	21.0	44.0	0.0	9.0	28.0	8.0	76.0	0.0	13.0	1088.0	0.0	0.0	3.0	29.0	0.0	0.0	172.0	43.0	110.0	11.0	0.0	0.0	12.0	2.0	6.0	15.0	0.0	10.0	2.0	4.0	0.0	31.0	0.0	17.0	0.0	0.0	3.0	14.0	40.0	4.0	0.0	23.0	123.0	0.0	39.0	175.0	0.0	30.0	0.0	0.0	10.0	17.0	11.0	3.0	2.0	0.0	0.0	0.0	144.0	0.0	37.0	30.0	0.0	161.0	16.0	2.0	365.0	45.0	13.0	0.0	31.0	25.0	0.0	0.0	9.0	0.0	217.0	0.0	88.0	0.0	4.0	23.0	67.0	24.0	0.0	7.0	32.0	0.0	14.0	20.0	3.0	0.0	5.0	42.0	403.0	0.0	0.0	162.0	7.0	23.0	0.0	0.0	17.0	0.0	0.0	51.0	17.0	0.0	70.0	0.0	0.0	1.0	12.0	5.0	0.0	0.0	0.0	6.0	9.0	17.0	0.0	10.0	0.0	0.0	30.0	70.0	11.0	0.0	0.0	0.0	0.0	0.0	0.0	0.0	0.0	0.0	0.0	0.0	0.0	17.0	0.0	0.0	0.0	20.0	0.0	0.0	0.0	0.0	0.0	0.0	0.0	0.0	27.0	11.0	10.0	0.0	0.0	0.0	0.0	0.0	0.0	0.0	0.0	0.0	0.0	3.0	0.0	11.0	0.0	0.0	0.0	0.0	0.0	0.0	0.0	0.0	0.0	10.0	7.0	0.0	0.0	83.0	0.0	0.0	0.0	0.0	0.0	0.0	0.0	0.0	0.0	0.0	0.0	0.0	0.0	3.0	0.0	0.0	0.0	0.0	0.0	0.0	0.0	0.0	0.0	0.0	4.0	0.0	0.0	0.0	0.0	0.0	0.0	0.0	0.0	6.0	0.0	0.0	0.0	0.0	0.0	0.0	0.0	0.0	0.0	0.0	0.0	0.0	0.0	0.0	2.0	0.0	0.0	0.0	0.0	0.0	0.0	0.0	0.0	0.0	0.0	0.0	0.0	0.0	0.0	0.0	0.0	0.0	0.0	0.0	0.0	0.0	0.0	0.0
SRR5532736	0.0	445.0	88.0	27.0	15.0	16.0	39.0	87.0	71.0	4.0	0.0	162.0	1201.0	318.0	132.0	165.0	1445.0	188.0	60.0	721.0	1963.0	30.0	931.0	335.0	5251.0	1013.0	134.0	0.0	132.0	59.0	125.0	6.0	14.0	454.0	4.0	61.0	0.0	3.0	2234.0	26.0	603.0	7.0	214.0	40.0	18.0	0.0	26.0	108.0	450.0	328.0	667.0	178.0	115.0	127.0	45.0	75.0	4.0	0.0	2978.0	109.0	214.0	103.0	514.0	278.0	116.0	23.0	239.0	299.0	0.0	4.0	367.0	24.0	219.0	54.0	73.0	34.0	0.0	53.0	0.0	73.0	17.0	71.0	59.0	19.0	460.0	0.0	9.0	321.0	8.0	5.0	43.0	32.0	29.0	22.0	165.0	11.0	425.0	152.0	33.0	60.0	3.0	137.0	5.0	13.0	74.0	34.0	0.0	26.0	35.0	0.0	0.0	14.0	59.0	0.0	0.0	96.0	0.0	0.0	2.0	45.0	112.0	0.0	142.0	290.0	0.0	68.0	263.0	0.0	62.0	1.0	60.0	3.0	8.0	39.0	19.0	0.0	392.0	0.0	18.0	17.0	0.0	117.0	10.0	0.0	400.0	15.0	2.0	17.0	20.0	28.0	0.0	17.0	1.0	0.0	366.0	212.0	62.0	0.0	19.0	1.0	37.0	12.0	0.0	0.0	0.0	0.0	31.0	17.0	0.0	6.0	0.0	17.0	133.0	0.0	0.0	43.0	17.0	231.0	0.0	2.0	36.0	44.0	3.0	3.0	108.0	0.0	43.0	59.0	0.0	0.0	0.0	3.0	1.0	14.0	0.0	35.0	54.0	78.0	0.0	0.0	0.0	1.0	28.0	64.0	3.0	0.0	0.0	0.0	16.0	0.0	0.0	32.0	0.0	0.0	8.0	0.0	0.0	0.0	2.0	77.0	5.0	51.0	0.0	0.0	10.0	0.0	0.0	0.0	0.0	0.0	0.0	0.0	0.0	0.0	0.0	0.0	0.0	0.0	6.0	0.0	0.0	0.0	0.0	0.0	0.0	22.0	0.0	0.0	2.0	0.0	0.0	0.0	0.0	0.0	0.0	20.0	12.0	0.0	0.0	0.0	0.0	2.0	0.0	0.0	0.0	0.0	0.0	0.0	0.0	0.0	0.0	0.0	0.0	0.0	0.0	0.0	3.0	0.0	0.0	0.0	0.0	0.0	0.0	0.0	0.0	0.0	0.0	0.0	0.0	0.0	0.0	3.0	0.0	0.0	0.0	0.0	0.0	0.0	0.0	0.0	2.0	0.0	0.0	0.0	0.0	0.0	89.0	0.0	0.0	0.0	0.0	0.0	0.0	0.0	0.0	0.0	0.0	0.0	0.0	0.0	0.0	0.0	0.0	0.0	0.0	0.0	0.0	0.0	0.0	0.0	0.0	0.0
SRR5532737	0.0	315.0	51.0	21.0	5.0	13.0	63.0	52.0	90.0	33.0	49.0	141.0	913.0	267.0	88.0	192.0	1201.0	70.0	55.0	581.0	1679.0	32.0	722.0	282.0	4571.0	581.0	219.0	0.0	41.0	73.0	166.0	37.0	11.0	359.0	0.0	169.0	0.0	6.0	2717.0	8.0	471.0	28.0	105.0	18.0	17.0	0.0	0.0	88.0	446.0	206.0	479.0	122.0	94.0	119.0	34.0	127.0	50.0	0.0	3035.0	117.0	139.0	39.0	425.0	314.0	67.0	1.0	413.0	305.0	0.0	0.0	295.0	32.0	144.0	52.0	36.0	12.0	0.0	57.0	6.0	18.0	0.0	78.0	104.0	0.0	281.0	0.0	1.0	118.0	10.0	0.0	44.0	18.0	17.0	19.0	431.0	7.0	80.0	339.0	27.0	206.0	21.0	38.0	0.0	7.0	69.0	21.0	0.0	3.0	83.0	127.0	0.0	5.0	17.0	0.0	0.0	51.0	3.0	0.0	7.0	32.0	90.0	0.0	34.0	260.0	0.0	100.0	256.0	0.0	27.0	8.0	36.0	5.0	23.0	27.0	34.0	0.0	515.0	0.0	16.0	40.0	0.0	126.0	0.0	3.0	187.0	7.0	16.0	22.0	17.0	46.0	0.0	2.0	1.0	0.0	128.0	87.0	78.0	0.0	5.0	14.0	39.0	4.0	0.0	0.0	3.0	8.0	2.0	25.0	0.0	30.0	0.0	0.0	120.0	0.0	0.0	58.0	12.0	190.0	0.0	4.0	22.0	41.0	0.0	0.0	39.0	0.0	30.0	64.0	0.0	0.0	0.0	0.0	0.0	11.0	0.0	85.0	29.0	32.0	0.0	0.0	0.0	0.0	16.0	36.0	0.0	0.0	1.0	0.0	0.0	0.0	0.0	37.0	0.0	0.0	16.0	0.0	0.0	0.0	0.0	247.0	0.0	4.0	0.0	0.0	4.0	0.0	0.0	0.0	0.0	0.0	0.0	10.0	0.0	15.0	7.0	0.0	0.0	0.0	0.0	2.0	0.0	2.0	0.0	0.0	0.0	11.0	0.0	7.0	3.0	0.0	2.0	0.0	0.0	0.0	6.0	0.0	0.0	0.0	0.0	0.0	0.0	0.0	0.0	0.0	0.0	0.0	15.0	0.0	0.0	0.0	0.0	0.0	0.0	3.0	0.0	0.0	0.0	0.0	0.0	0.0	0.0	0.0	0.0	0.0	0.0	0.0	0.0	0.0	0.0	0.0	0.0	4.0	0.0	0.0	0.0	0.0	0.0	0.0	0.0	0.0	0.0	0.0	0.0	0.0	0.0	0.0	5.0	0.0	0.0	0.0	0.0	0.0	0.0	0.0	0.0	0.0	0.0	0.0	0.0	0.0	0.0	0.0	0.0	0.0	0.0	0.0	0.0	0.0	0.0	0.0	0.0	0.0
SRR5532738	8.0	775.0	84.0	50.0	0.0	40.0	7.0	34.0	0.0	14.0	152.0	21.0	1093.0	515.0	20.0	321.0	4066.0	597.0	68.0	520.0	1798.0	54.0	1043.0	24.0	3470.0	207.0	475.0	10.0	0.0	12.0	102.0	38.0	8.0	600.0	0.0	247.0	2.0	12.0	191.0	19.0	581.0	14.0	167.0	2.0	40.0	7.0	21.0	33.0	1003.0	292.0	543.0	18.0	279.0	122.0	16.0	91.0	37.0	0.0	3744.0	6.0	186.0	25.0	331.0	185.0	164.0	20.0	112.0	22.0	0.0	0.0	210.0	5.0	361.0	32.0	82.0	0.0	16.0	235.0	12.0	17.0	0.0	0.0	150.0	24.0	53.0	0.0	1.0	1159.0	0.0	67.0	30.0	10.0	0.0	0.0	20.0	11.0	336.0	146.0	16.0	0.0	51.0	13.0	4.0	4.0	0.0	56.0	0.0	35.0	33.0	12.0	0.0	0.0	38.0	3.0	0.0	27.0	1.0	2.0	12.0	66.0	514.0	0.0	63.0	716.0	0.0	20.0	16.0	0.0	154.0	12.0	0.0	0.0	37.0	0.0	0.0	0.0	323.0	0.0	96.0	3.0	0.0	289.0	53.0	2.0	505.0	38.0	24.0	7.0	26.0	71.0	0.0	9.0	2.0	3.0	184.0	0.0	46.0	4.0	48.0	9.0	26.0	0.0	0.0	0.0	31.0	0.0	23.0	7.0	4.0	0.0	20.0	6.0	240.0	0.0	0.0	208.0	13.0	0.0	0.0	0.0	0.0	10.0	3.0	0.0	91.0	5.0	133.0	0.0	0.0	6.0	0.0	16.0	0.0	28.0	0.0	0.0	0.0	78.0	0.0	13.0	15.0	0.0	49.0	4.0	19.0	5.0	0.0	0.0	6.0	0.0	0.0	0.0	12.0	0.0	0.0	6.0	27.0	4.0	0.0	0.0	19.0	32.0	0.0	0.0	0.0	0.0	0.0	0.0	0.0	0.0	7.0	5.0	0.0	0.0	0.0	3.0	0.0	0.0	0.0	15.0	0.0	2.0	0.0	0.0	0.0	48.0	14.0	0.0	0.0	0.0	0.0	12.0	0.0	0.0	11.0	0.0	0.0	0.0	3.0	0.0	0.0	0.0	0.0	0.0	0.0	7.0	25.0	0.0	0.0	0.0	0.0	0.0	0.0	0.0	0.0	0.0	0.0	0.0	0.0	0.0	0.0	0.0	0.0	0.0	0.0	0.0	0.0	0.0	0.0	0.0	0.0	0.0	0.0	0.0	0.0	0.0	0.0	0.0	0.0	0.0	0.0	0.0	0.0	0.0	0.0	0.0	0.0	0.0	0.0	0.0	0.0	0.0	0.0	0.0	0.0	0.0	0.0	0.0	0.0	0.0	0.0	0.0	2.0	0.0	0.0	0.0	0.0	0.0	0.0	0.0	0.0	0.0
SRR5532739	3.0	688.0	64.0	26.0	12.0	62.0	0.0	37.0	0.0	26.0	167.0	45.0	1078.0	319.0	79.0	355.0	2767.0	732.0	79.0	462.0	1931.0	22.0	1284.0	65.0	2716.0	396.0	257.0	6.0	0.0	6.0	78.0	50.0	1.0	416.0	0.0	149.0	15.0	10.0	212.0	32.0	541.0	10.0	134.0	33.0	57.0	0.0	21.0	17.0	698.0	198.0	259.0	22.0	284.0	114.0	14.0	56.0	49.0	0.0	2711.0	0.0	98.0	103.0	213.0	178.0	125.0	19.0	117.0	20.0	0.0	0.0	212.0	10.0	380.0	37.0	113.0	47.0	23.0	145.0	2.0	5.0	4.0	8.0	127.0	40.0	54.0	0.0	3.0	1209.0	0.0	48.0	23.0	2.0	9.0	0.0	17.0	13.0	276.0	245.0	8.0	0.0	95.0	18.0	0.0	2.0	0.0	87.0	0.0	27.0	0.0	0.0	0.0	1.0	5.0	0.0	0.0	20.0	5.0	0.0	12.0	37.0	486.0	0.0	94.0	549.0	0.0	0.0	8.0	0.0	132.0	3.0	0.0	0.0	42.0	0.0	0.0	0.0	98.0	0.0	107.0	6.0	0.0	289.0	36.0	0.0	450.0	36.0	22.0	13.0	16.0	29.0	0.0	7.0	7.0	10.0	248.0	0.0	15.0	6.0	39.0	5.0	13.0	9.0	0.0	0.0	35.0	0.0	28.0	11.0	9.0	0.0	23.0	0.0	248.0	0.0	0.0	138.0	0.0	0.0	0.0	0.0	2.0	1.0	0.0	9.0	51.0	3.0	121.0	0.0	0.0	0.0	0.0	9.0	7.0	24.0	0.0	7.0	0.0	51.0	0.0	14.0	11.0	0.0	66.0	0.0	0.0	0.0	0.0	0.0	0.0	0.0	0.0	0.0	7.0	0.0	0.0	0.0	32.0	0.0	0.0	0.0	12.0	18.0	0.0	4.0	0.0	0.0	0.0	0.0	0.0	0.0	6.0	7.0	0.0	0.0	0.0	0.0	0.0	0.0	0.0	10.0	0.0	2.0	0.0	0.0	0.0	50.0	18.0	0.0	0.0	0.0	0.0	28.0	0.0	0.0	3.0	28.0	0.0	0.0	0.0	10.0	0.0	0.0	0.0	0.0	0.0	0.0	36.0	0.0	0.0	7.0	0.0	0.0	0.0	0.0	2.0	0.0	0.0	0.0	0.0	0.0	0.0	0.0	0.0	0.0	0.0	0.0	0.0	0.0	0.0	0.0	0.0	0.0	0.0	13.0	0.0	0.0	0.0	0.0	0.0	0.0	0.0	0.0	0.0	0.0	0.0	0.0	0.0	0.0	0.0	0.0	0.0	0.0	0.0	0.0	0.0	0.0	0.0	0.0	0.0	0.0	0.0	0.0	0.0	0.0	0.0	0.0	0.0	0.0	0.0	0.0	0.0	0.0
SRR5532740	2.0	512.0	71.0	24.0	13.0	4.0	6.0	40.0	55.0	0.0	0.0	86.0	583.0	82.0	634.0	82.0	630.0	49.0	35.0	965.0	2211.0	131.0	511.0	332.0	4416.0	649.0	6.0	0.0	181.0	8.0	120.0	8.0	37.0	353.0	15.0	54.0	27.0	0.0	1835.0	6.0	686.0	148.0	79.0	23.0	86.0	0.0	0.0	60.0	131.0	156.0	318.0	71.0	54.0	70.0	27.0	144.0	49.0	17.0	1085.0	92.0	279.0	85.0	120.0	119.0	3.0	13.0	316.0	233.0	0.0	0.0	210.0	9.0	32.0	48.0	31.0	42.0	0.0	0.0	6.0	11.0	35.0	56.0	26.0	24.0	166.0	9.0	24.0	246.0	6.0	0.0	33.0	35.0	25.0	37.0	363.0	4.0	17.0	20.0	83.0	97.0	0.0	62.0	0.0	2.0	28.0	5.0	0.0	48.0	0.0	2.0	0.0	5.0	32.0	0.0	2.0	60.0	0.0	0.0	0.0	5.0	134.0	5.0	177.0	420.0	0.0	67.0	163.0	0.0	7.0	4.0	27.0	0.0	4.0	38.0	0.0	0.0	270.0	0.0	15.0	0.0	0.0	37.0	53.0	4.0	199.0	10.0	0.0	46.0	29.0	26.0	0.0	0.0	0.0	0.0	14.0	347.0	2.0	0.0	7.0	7.0	27.0	4.0	0.0	25.0	9.0	4.0	51.0	46.0	0.0	24.0	19.0	0.0	214.0	0.0	1.0	0.0	5.0	491.0	0.0	0.0	0.0	29.0	13.0	0.0	32.0	0.0	65.0	9.0	0.0	0.0	0.0	4.0	9.0	7.0	0.0	51.0	0.0	7.0	0.0	11.0	0.0	0.0	1.0	80.0	72.0	0.0	0.0	0.0	0.0	0.0	0.0	31.0	0.0	0.0	2.0	0.0	0.0	0.0	0.0	12.0	4.0	83.0	0.0	0.0	43.0	0.0	0.0	0.0	0.0	0.0	0.0	0.0	0.0	0.0	0.0	0.0	0.0	0.0	0.0	0.0	0.0	0.0	0.0	0.0	0.0	0.0	7.0	0.0	0.0	12.0	0.0	2.0	0.0	0.0	0.0	0.0	0.0	14.0	0.0	0.0	0.0	0.0	0.0	0.0	0.0	0.0	0.0	0.0	0.0	0.0	0.0	0.0	0.0	0.0	0.0	0.0	0.0	0.0	0.0	0.0	0.0	11.0	0.0	0.0	0.0	0.0	0.0	0.0	0.0	0.0	0.0	0.0	0.0	0.0	0.0	0.0	0.0	0.0	4.0	0.0	0.0	0.0	0.0	0.0	0.0	0.0	0.0	0.0	0.0	0.0	0.0	0.0	0.0	0.0	0.0	0.0	0.0	0.0	0.0	0.0	0.0	0.0	0.0	0.0	0.0	0.0	0.0	0.0	0.0	0.0	0.0	0.0
SRR5532741	0.0	314.0	67.0	0.0	12.0	14.0	117.0	63.0	107.0	14.0	0.0	94.0	810.0	191.0	535.0	158.0	621.0	31.0	43.0	817.0	2528.0	198.0	415.0	599.0	5009.0	773.0	5.0	6.0	208.0	31.0	83.0	47.0	12.0	297.0	5.0	70.0	17.0	12.0	2175.0	39.0	491.0	196.0	52.0	12.0	61.0	16.0	0.0	43.0	198.0	190.0	171.0	141.0	65.0	12.0	35.0	205.0	52.0	14.0	916.0	258.0	331.0	106.0	163.0	301.0	9.0	32.0	393.0	187.0	0.0	0.0	257.0	8.0	68.0	55.0	37.0	13.0	0.0	1.0	6.0	39.0	55.0	50.0	43.0	13.0	179.0	7.0	3.0	276.0	0.0	0.0	47.0	3.0	19.0	103.0	209.0	18.0	12.0	69.0	103.0	114.0	2.0	52.0	12.0	21.0	38.0	0.0	0.0	73.0	0.0	7.0	12.0	39.0	2.0	0.0	0.0	127.0	10.0	0.0	0.0	5.0	90.0	0.0	63.0	127.0	4.0	52.0	57.0	2.0	0.0	13.0	29.0	0.0	0.0	32.0	9.0	0.0	302.0	0.0	0.0	0.0	8.0	9.0	36.0	22.0	181.0	10.0	0.0	0.0	19.0	4.0	0.0	0.0	17.0	0.0	7.0	713.0	31.0	0.0	8.0	8.0	23.0	44.0	2.0	32.0	7.0	0.0	20.0	33.0	0.0	61.0	0.0	0.0	179.0	0.0	2.0	0.0	0.0	525.0	0.0	23.0	0.0	57.0	17.0	6.0	50.0	0.0	28.0	0.0	0.0	0.0	11.0	0.0	14.0	0.0	7.0	70.0	0.0	0.0	0.0	12.0	0.0	0.0	2.0	61.0	91.0	0.0	12.0	0.0	0.0	0.0	0.0	26.0	0.0	0.0	16.0	2.0	0.0	0.0	0.0	85.0	0.0	36.0	0.0	0.0	12.0	0.0	0.0	0.0	0.0	0.0	0.0	0.0	0.0	0.0	4.0	0.0	0.0	0.0	0.0	0.0	0.0	3.0	0.0	0.0	0.0	0.0	0.0	4.0	0.0	0.0	0.0	10.0	0.0	0.0	0.0	8.0	13.0	31.0	0.0	0.0	0.0	0.0	0.0	0.0	0.0	0.0	8.0	0.0	0.0	0.0	0.0	0.0	0.0	0.0	3.0	0.0	0.0	0.0	0.0	0.0	0.0	0.0	0.0	0.0	0.0	0.0	0.0	0.0	0.0	0.0	0.0	0.0	0.0	0.0	0.0	0.0	0.0	0.0	0.0	0.0	0.0	0.0	0.0	0.0	0.0	0.0	0.0	0.0	0.0	0.0	0.0	0.0	0.0	0.0	0.0	0.0	0.0	0.0	0.0	0.0	0.0	0.0	0.0	0.0	0.0	0.0	0.0	0.0	0.0	0.0	0.0	0.0
SRR5532742	0.0	451.0	127.0	18.0	17.0	18.0	3.0	33.0	61.0	0.0	1.0	157.0	665.0	196.0	167.0	185.0	1184.0	82.0	78.0	315.0	1199.0	91.0	1048.0	165.0	4536.0	736.0	117.0	0.0	105.0	250.0	205.0	33.0	11.0	326.0	2.0	400.0	4.0	6.0	1779.0	5.0	425.0	24.0	162.0	70.0	25.0	0.0	7.0	131.0	418.0	189.0	881.0	112.0	163.0	142.0	30.0	189.0	3.0	0.0	3682.0	44.0	205.0	72.0	435.0	130.0	170.0	14.0	212.0	24.0	0.0	36.0	433.0	38.0	159.0	35.0	80.0	24.0	0.0	114.0	0.0	25.0	4.0	76.0	118.0	4.0	497.0	0.0	17.0	113.0	0.0	22.0	39.0	8.0	23.0	8.0	134.0	0.0	462.0	231.0	17.0	17.0	37.0	46.0	40.0	0.0	24.0	31.0	0.0	0.0	101.0	20.0	0.0	4.0	16.0	0.0	0.0	24.0	3.0	0.0	4.0	46.0	56.0	0.0	11.0	369.0	0.0	75.0	360.0	0.0	113.0	4.0	111.0	3.0	0.0	48.0	15.0	0.0	552.0	0.0	0.0	0.0	0.0	76.0	8.0	0.0	161.0	8.0	18.0	10.0	6.0	30.0	0.0	7.0	0.0	0.0	17.0	116.0	86.0	5.0	34.0	0.0	4.0	13.0	0.0	0.0	3.0	24.0	15.0	1.0	0.0	7.0	0.0	24.0	137.0	0.0	3.0	13.0	0.0	121.0	0.0	1.0	23.0	25.0	0.0	10.0	45.0	0.0	43.0	0.0	2.0	0.0	0.0	0.0	2.0	22.0	0.0	67.0	22.0	117.0	0.0	6.0	0.0	0.0	3.0	41.0	18.0	0.0	0.0	3.0	0.0	0.0	0.0	0.0	0.0	0.0	6.0	0.0	0.0	0.0	0.0	0.0	0.0	5.0	0.0	16.0	10.0	0.0	285.0	0.0	0.0	0.0	0.0	0.0	3.0	0.0	2.0	0.0	0.0	1.0	0.0	0.0	0.0	4.0	0.0	0.0	0.0	6.0	15.0	0.0	0.0	0.0	0.0	0.0	0.0	0.0	5.0	16.0	0.0	0.0	2.0	0.0	0.0	0.0	0.0	0.0	0.0	0.0	8.0	0.0	7.0	0.0	0.0	0.0	0.0	0.0	0.0	0.0	0.0	0.0	0.0	0.0	0.0	0.0	0.0	0.0	0.0	0.0	0.0	0.0	0.0	0.0	0.0	0.0	0.0	0.0	0.0	0.0	0.0	0.0	0.0	0.0	0.0	0.0	0.0	0.0	0.0	0.0	17.0	0.0	0.0	0.0	0.0	0.0	0.0	0.0	0.0	0.0	0.0	0.0	0.0	0.0	0.0	0.0	0.0	0.0	0.0	0.0	0.0	0.0	0.0	0.0	0.0	0.0
SRR5532743	3.0	477.0	136.0	0.0	11.0	15.0	23.0	70.0	75.0	13.0	0.0	181.0	933.0	239.0	330.0	277.0	1316.0	94.0	47.0	439.0	1898.0	67.0	615.0	421.0	4405.0	1134.0	110.0	0.0	103.0	310.0	121.0	45.0	14.0	438.0	19.0	142.0	15.0	28.0	2704.0	10.0	533.0	38.0	162.0	59.0	108.0	0.0	127.0	151.0	400.0	294.0	637.0	177.0	197.0	71.0	61.0	151.0	63.0	0.0	2926.0	283.0	339.0	80.0	384.0	468.0	143.0	16.0	350.0	1155.0	0.0	27.0	288.0	52.0	181.0	63.0	100.0	18.0	0.0	80.0	5.0	56.0	13.0	59.0	80.0	7.0	389.0	0.0	2.0	205.0	105.0	11.0	69.0	68.0	24.0	29.0	362.0	9.0	403.0	142.0	16.0	40.0	33.0	88.0	13.0	50.0	166.0	36.0	2.0	17.0	81.0	17.0	0.0	9.0	5.0	0.0	2.0	216.0	40.0	0.0	2.0	44.0	80.0	0.0	23.0	181.0	0.0	80.0	294.0	2.0	77.0	2.0	86.0	11.0	4.0	34.0	42.0	0.0	589.0	0.0	6.0	64.0	0.0	102.0	8.0	2.0	298.0	10.0	0.0	12.0	19.0	26.0	0.0	3.0	15.0	14.0	128.0	176.0	101.0	3.0	36.0	19.0	42.0	0.0	0.0	0.0	3.0	0.0	15.0	27.0	0.0	65.0	3.0	1.0	148.0	0.0	10.0	31.0	0.0	285.0	0.0	2.0	13.0	63.0	0.0	20.0	59.0	0.0	48.0	94.0	0.0	0.0	2.0	0.0	0.0	25.0	0.0	67.0	36.0	6.0	0.0	0.0	0.0	0.0	33.0	83.0	27.0	0.0	8.0	0.0	0.0	0.0	0.0	0.0	9.0	0.0	3.0	0.0	0.0	0.0	0.0	340.0	4.0	20.0	0.0	5.0	0.0	0.0	0.0	0.0	0.0	0.0	7.0	19.0	0.0	23.0	0.0	0.0	0.0	0.0	0.0	0.0	0.0	0.0	0.0	0.0	0.0	25.0	14.0	5.0	0.0	0.0	1.0	0.0	0.0	0.0	0.0	0.0	0.0	0.0	0.0	0.0	0.0	0.0	0.0	0.0	0.0	0.0	20.0	0.0	0.0	0.0	0.0	4.0	0.0	0.0	0.0	0.0	0.0	0.0	9.0	0.0	10.0	24.0	0.0	0.0	0.0	0.0	0.0	0.0	0.0	0.0	0.0	0.0	0.0	0.0	0.0	0.0	0.0	0.0	0.0	0.0	0.0	0.0	0.0	0.0	0.0	6.0	22.0	0.0	0.0	0.0	0.0	0.0	0.0	0.0	0.0	0.0	0.0	0.0	0.0	0.0	0.0	0.0	0.0	0.0	0.0	0.0	0.0	0.0	0.0	0.0	0.0	0.0
SRR5532744	0.0	0.0	18.0	0.0	0.0	5.0	137.0	4.0	0.0	33.0	0.0	201.0	338.0	142.0	0.0	0.0	15.0	3.0	2.0	24.0	33.0	22.0	761.0	25.0	4425.0	29.0	6.0	0.0	23.0	13.0	254.0	0.0	0.0	7.0	0.0	28.0	0.0	6.0	13.0	0.0	0.0	0.0	2.0	0.0	0.0	0.0	0.0	179.0	0.0	119.0	1272.0	15.0	20.0	0.0	2.0	36.0	10.0	0.0	2662.0	48.0	78.0	0.0	14.0	44.0	45.0	10.0	89.0	0.0	0.0	11.0	605.0	30.0	0.0	0.0	0.0	0.0	0.0	1.0	0.0	0.0	0.0	4.0	4.0	0.0	10.0	0.0	0.0	98.0	0.0	16.0	9.0	3.0	23.0	47.0	86.0	0.0	1.0	113.0	99.0	0.0	0.0	135.0	0.0	0.0	17.0	0.0	0.0	7.0	0.0	170.0	0.0	0.0	11.0	0.0	0.0	0.0	0.0	0.0	0.0	0.0	0.0	0.0	0.0	64.0	0.0	205.0	7.0	0.0	27.0	0.0	542.0	0.0	0.0	1.0	0.0	0.0	102.0	0.0	0.0	0.0	0.0	0.0	0.0	0.0	107.0	0.0	11.0	0.0	0.0	14.0	0.0	0.0	0.0	3.0	103.0	0.0	9.0	0.0	0.0	0.0	0.0	0.0	0.0	0.0	0.0	0.0	2.0	0.0	0.0	49.0	0.0	0.0	4.0	0.0	0.0	54.0	0.0	6.0	0.0	0.0	0.0	0.0	0.0	0.0	8.0	0.0	10.0	0.0	0.0	0.0	0.0	0.0	0.0	0.0	0.0	7.0	0.0	11.0	0.0	0.0	0.0	0.0	0.0	0.0	0.0	0.0	0.0	0.0	0.0	0.0	0.0	0.0	0.0	0.0	0.0	0.0	0.0	0.0	0.0	0.0	4.0	0.0	0.0	0.0	0.0	0.0	0.0	0.0	0.0	0.0	0.0	0.0	0.0	0.0	0.0	2.0	0.0	0.0	0.0	0.0	0.0	0.0	0.0	0.0	0.0	0.0	0.0	0.0	0.0	0.0	0.0	0.0	0.0	0.0	0.0	0.0	0.0	0.0	0.0	0.0	0.0	0.0	0.0	0.0	0.0	0.0	0.0	0.0	0.0	0.0	0.0	0.0	0.0	0.0	0.0	0.0	0.0	0.0	0.0	0.0	0.0	0.0	0.0	0.0	0.0	0.0	0.0	0.0	0.0	0.0	0.0	0.0	0.0	0.0	0.0	0.0	0.0	3.0	0.0	0.0	0.0	0.0	0.0	0.0	0.0	0.0	0.0	0.0	0.0	0.0	0.0	0.0	0.0	0.0	0.0	0.0	0.0	0.0	0.0	0.0	0.0	0.0	0.0	0.0	0.0	0.0	0.0	0.0	0.0	0.0	0.0	0.0
SRR5532745	0.0	331.0	0.0	1.0	4.0	38.0	506.0	95.0	73.0	6.0	0.0	589.0	1763.0	545.0	28.0	199.0	424.0	2.0	0.0	720.0	4452.0	302.0	174.0	1281.0	6931.0	947.0	6.0	2.0	351.0	64.0	215.0	27.0	0.0	287.0	5.0	28.0	0.0	0.0	3254.0	3.0	189.0	222.0	90.0	0.0	58.0	9.0	74.0	100.0	88.0	557.0	28.0	190.0	146.0	35.0	62.0	227.0	5.0	31.0	483.0	1427.0	300.0	93.0	335.0	543.0	8.0	10.0	662.0	360.0	0.0	2.0	545.0	24.0	113.0	63.0	10.0	0.0	0.0	0.0	4.0	86.0	38.0	71.0	0.0	0.0	171.0	4.0	0.0	214.0	30.0	0.0	18.0	4.0	0.0	129.0	1701.0	14.0	9.0	58.0	254.0	225.0	0.0	29.0	8.0	42.0	123.0	0.0	0.0	0.0	0.0	811.0	0.0	12.0	1.0	0.0	0.0	92.0	38.0	0.0	0.0	0.0	61.0	0.0	1.0	122.0	0.0	499.0	0.0	0.0	0.0	11.0	69.0	12.0	0.0	37.0	20.0	0.0	383.0	0.0	0.0	0.0	0.0	2.0	0.0	7.0	150.0	16.0	0.0	0.0	10.0	3.0	0.0	0.0	0.0	0.0	0.0	600.0	90.0	0.0	0.0	11.0	45.0	5.0	0.0	48.0	0.0	4.0	0.0	64.0	0.0	87.0	0.0	0.0	241.0	4.0	0.0	73.0	0.0	1257.0	0.0	81.0	0.0	56.0	2.0	29.0	2.0	0.0	0.0	28.0	1.0	0.0	49.0	7.0	12.0	0.0	0.0	191.0	75.0	0.0	0.0	0.0	0.0	0.0	0.0	118.0	75.0	0.0	17.0	0.0	0.0	0.0	0.0	43.0	0.0	0.0	5.0	0.0	0.0	0.0	0.0	143.0	0.0	19.0	0.0	0.0	11.0	0.0	0.0	0.0	0.0	0.0	0.0	8.0	0.0	0.0	0.0	9.0	0.0	0.0	0.0	0.0	0.0	9.0	0.0	0.0	0.0	0.0	0.0	0.0	0.0	0.0	0.0	0.0	0.0	17.0	0.0	0.0	3.0	1.0	0.0	0.0	0.0	0.0	0.0	0.0	0.0	0.0	0.0	0.0	0.0	0.0	0.0	0.0	0.0	0.0	0.0	0.0	0.0	0.0	0.0	0.0	0.0	0.0	0.0	0.0	0.0	0.0	0.0	0.0	2.0	0.0	0.0	0.0	0.0	0.0	0.0	0.0	0.0	0.0	0.0	0.0	0.0	0.0	0.0	0.0	0.0	0.0	0.0	0.0	0.0	0.0	0.0	0.0	0.0	0.0	0.0	0.0	0.0	0.0	0.0	0.0	0.0	0.0	0.0	0.0	0.0	0.0	0.0	0.0	0.0	0.0	0.0	0.0
SRR5532746	0.0	276.0	0.0	13.0	13.0	19.0	461.0	173.0	76.0	0.0	0.0	723.0	1458.0	121.0	13.0	224.0	92.0	24.0	40.0	932.0	1804.0	68.0	732.0	2202.0	6568.0	1467.0	0.0	0.0	795.0	92.0	486.0	22.0	0.0	180.0	0.0	13.0	0.0	53.0	3358.0	21.0	362.0	18.0	107.0	0.0	34.0	0.0	5.0	297.0	81.0	142.0	51.0	240.0	104.0	41.0	30.0	154.0	6.0	45.0	514.0	958.0	383.0	134.0	487.0	612.0	0.0	49.0	1132.0	81.0	0.0	4.0	985.0	3.0	183.0	62.0	13.0	9.0	0.0	0.0	5.0	98.0	69.0	132.0	0.0	0.0	388.0	0.0	0.0	444.0	0.0	0.0	80.0	27.0	30.0	20.0	1154.0	0.0	1.0	46.0	441.0	362.0	0.0	63.0	0.0	0.0	49.0	0.0	0.0	10.0	0.0	1706.0	0.0	74.0	13.0	0.0	0.0	77.0	0.0	29.0	0.0	0.0	76.0	0.0	4.0	131.0	0.0	552.0	0.0	0.0	2.0	127.0	251.0	0.0	1.0	37.0	0.0	0.0	592.0	0.0	0.0	18.0	0.0	16.0	0.0	0.0	162.0	8.0	0.0	8.0	0.0	0.0	0.0	1.0	2.0	13.0	0.0	928.0	19.0	0.0	0.0	0.0	52.0	3.0	0.0	0.0	0.0	8.0	2.0	9.0	0.0	29.0	0.0	70.0	449.0	35.0	3.0	86.0	0.0	1366.0	0.0	11.0	0.0	35.0	1.0	0.0	36.0	0.0	0.0	30.0	0.0	0.0	37.0	0.0	0.0	0.0	0.0	29.0	25.0	5.0	0.0	0.0	0.0	0.0	0.0	66.0	67.0	0.0	16.0	0.0	0.0	0.0	0.0	40.0	0.0	0.0	0.0	0.0	2.0	0.0	0.0	16.0	0.0	3.0	0.0	0.0	17.0	3.0	0.0	0.0	0.0	0.0	0.0	0.0	0.0	0.0	0.0	0.0	0.0	1.0	0.0	0.0	0.0	0.0	0.0	0.0	0.0	0.0	0.0	0.0	0.0	0.0	0.0	0.0	0.0	0.0	0.0	0.0	8.0	3.0	0.0	0.0	0.0	5.0	0.0	0.0	0.0	0.0	0.0	0.0	0.0	0.0	0.0	0.0	0.0	0.0	0.0	0.0	0.0	0.0	0.0	0.0	0.0	0.0	0.0	0.0	0.0	0.0	0.0	0.0	0.0	0.0	48.0	0.0	0.0	0.0	0.0	0.0	0.0	0.0	11.0	0.0	0.0	0.0	0.0	0.0	0.0	0.0	0.0	0.0	0.0	0.0	0.0	0.0	0.0	0.0	0.0	0.0	0.0	0.0	0.0	0.0	0.0	0.0	0.0	0.0	0.0	0.0	0.0	0.0	0.0	0.0	0.0	0.0
SRR5532747	0.0	303.0	66.0	43.0	0.0	20.0	46.0	39.0	71.0	109.0	0.0	109.0	758.0	57.0	200.0	115.0	503.0	41.0	48.0	652.0	1503.0	240.0	734.0	263.0	5430.0	667.0	0.0	0.0	102.0	87.0	49.0	20.0	24.0	323.0	4.0	133.0	24.0	19.0	1388.0	1.0	450.0	224.0	33.0	0.0	39.0	8.0	0.0	52.0	258.0	66.0	688.0	131.0	104.0	107.0	34.0	207.0	1.0	13.0	1471.0	121.0	200.0	60.0	97.0	132.0	0.0	6.0	356.0	224.0	1.0	0.0	233.0	106.0	82.0	35.0	40.0	20.0	0.0	3.0	0.0	28.0	28.0	44.0	102.0	0.0	90.0	0.0	11.0	176.0	27.0	0.0	45.0	2.0	17.0	17.0	219.0	0.0	12.0	1623.0	19.0	39.0	0.0	126.0	55.0	4.0	66.0	16.0	0.0	14.0	115.0	703.0	0.0	9.0	37.0	0.0	0.0	10.0	0.0	0.0	6.0	31.0	78.0	0.0	35.0	442.0	0.0	37.0	173.0	0.0	10.0	2.0	17.0	0.0	9.0	19.0	0.0	0.0	513.0	0.0	30.0	0.0	0.0	22.0	27.0	1.0	150.0	5.0	0.0	63.0	22.0	81.0	0.0	5.0	0.0	0.0	10.0	504.0	0.0	0.0	231.0	0.0	18.0	4.0	0.0	8.0	5.0	0.0	0.0	17.0	0.0	19.0	8.0	0.0	119.0	0.0	6.0	71.0	0.0	421.0	0.0	4.0	0.0	26.0	4.0	6.0	37.0	24.0	43.0	3.0	0.0	0.0	0.0	0.0	0.0	37.0	0.0	50.0	0.0	43.0	0.0	8.0	0.0	9.0	8.0	60.0	1.0	0.0	1.0	0.0	0.0	0.0	0.0	14.0	0.0	0.0	0.0	4.0	3.0	0.0	0.0	10.0	0.0	22.0	0.0	0.0	15.0	0.0	781.0	0.0	0.0	1.0	0.0	0.0	0.0	0.0	0.0	0.0	0.0	0.0	0.0	0.0	0.0	0.0	0.0	0.0	0.0	2.0	0.0	16.0	29.0	6.0	0.0	0.0	0.0	0.0	0.0	0.0	0.0	2.0	0.0	0.0	0.0	0.0	0.0	0.0	0.0	0.0	13.0	0.0	19.0	0.0	0.0	0.0	0.0	0.0	0.0	0.0	0.0	0.0	0.0	0.0	0.0	0.0	0.0	0.0	0.0	0.0	0.0	0.0	0.0	0.0	0.0	0.0	0.0	0.0	0.0	0.0	0.0	0.0	0.0	0.0	0.0	0.0	0.0	0.0	0.0	0.0	0.0	0.0	0.0	0.0	0.0	0.0	0.0	0.0	0.0	0.0	0.0	0.0	0.0	0.0	0.0	0.0	0.0	0.0	0.0	0.0	0.0	0.0	0.0	0.0	0.0	0.0
SRR5532748	2.0	485.0	203.0	36.0	0.0	8.0	77.0	39.0	69.0	104.0	0.0	69.0	805.0	83.0	849.0	217.0	632.0	62.0	67.0	843.0	2221.0	196.0	1189.0	207.0	4531.0	1003.0	13.0	12.0	137.0	23.0	169.0	17.0	23.0	325.0	2.0	72.0	38.0	7.0	1332.0	0.0	598.0	39.0	93.0	19.0	55.0	9.0	0.0	10.0	277.0	187.0	1127.0	179.0	183.0	162.0	23.0	371.0	2.0	15.0	1899.0	29.0	239.0	60.0	78.0	47.0	34.0	30.0	332.0	105.0	0.0	0.0	149.0	11.0	126.0	27.0	61.0	38.0	0.0	10.0	0.0	27.0	38.0	45.0	104.0	19.0	83.0	0.0	46.0	207.0	0.0	15.0	73.0	18.0	6.0	15.0	149.0	6.0	24.0	562.0	81.0	26.0	8.0	158.0	16.0	5.0	17.0	33.0	0.0	29.0	156.0	200.0	0.0	8.0	40.0	0.0	0.0	28.0	0.0	0.0	10.0	12.0	99.0	0.0	135.0	386.0	10.0	48.0	186.0	11.0	44.0	5.0	31.0	24.0	5.0	8.0	0.0	0.0	515.0	0.0	23.0	6.0	0.0	43.0	60.0	4.0	236.0	7.0	11.0	54.0	13.0	128.0	0.0	0.0	8.0	0.0	7.0	393.0	0.0	0.0	92.0	0.0	39.0	3.0	0.0	19.0	12.0	3.0	42.0	28.0	0.0	10.0	12.0	0.0	130.0	0.0	1.0	0.0	19.0	497.0	0.0	1.0	0.0	47.0	2.0	4.0	26.0	0.0	77.0	0.0	0.0	0.0	0.0	2.0	0.0	30.0	7.0	43.0	0.0	59.0	0.0	16.0	2.0	0.0	21.0	79.0	2.0	0.0	0.0	0.0	0.0	0.0	0.0	35.0	16.0	0.0	0.0	0.0	0.0	0.0	8.0	0.0	16.0	35.0	0.0	0.0	0.0	0.0	64.0	0.0	0.0	0.0	0.0	0.0	7.0	0.0	0.0	0.0	0.0	0.0	0.0	0.0	0.0	0.0	4.0	0.0	0.0	3.0	0.0	0.0	0.0	0.0	0.0	0.0	2.0	0.0	0.0	0.0	0.0	20.0	0.0	0.0	0.0	0.0	0.0	0.0	0.0	0.0	39.0	0.0	27.0	0.0	0.0	0.0	0.0	0.0	0.0	0.0	0.0	0.0	0.0	0.0	0.0	0.0	0.0	2.0	0.0	0.0	0.0	0.0	0.0	0.0	0.0	0.0	0.0	0.0	0.0	0.0	0.0	0.0	0.0	0.0	0.0	0.0	0.0	0.0	0.0	0.0	0.0	0.0	0.0	0.0	0.0	0.0	0.0	0.0	0.0	0.0	0.0	0.0	0.0	0.0	0.0	0.0	0.0	0.0	0.0	0.0	0.0	0.0	0.0	0.0	0.0	0.0
SRR5532749	0.0	67.0	7.0	0.0	10.0	0.0	0.0	15.0	0.0	0.0	67.0	4.0	337.0	216.0	0.0	11.0	232.0	103.0	4.0	57.0	89.0	0.0	290.0	0.0	730.0	33.0	82.0	0.0	6.0	0.0	108.0	0.0	0.0	26.0	0.0	22.0	0.0	0.0	20.0	0.0	31.0	0.0	11.0	0.0	0.0	0.0	0.0	0.0	27.0	263.0	140.0	30.0	66.0	5.0	13.0	28.0	9.0	0.0	13562.0	12.0	164.0	6.0	28.0	26.0	10.0	0.0	29.0	3.0	0.0	0.0	250.0	0.0	13.0	6.0	2.0	0.0	0.0	9.0	0.0	0.0	0.0	0.0	15.0	0.0	22.0	0.0	0.0	182.0	0.0	6.0	0.0	4.0	4.0	0.0	9.0	0.0	57.0	64.0	8.0	0.0	1.0	38.0	0.0	0.0	0.0	0.0	0.0	0.0	0.0	0.0	3.0	0.0	2.0	0.0	0.0	0.0	7.0	0.0	0.0	3.0	5.0	0.0	0.0	147.0	0.0	11.0	0.0	0.0	12.0	0.0	7.0	2.0	0.0	0.0	0.0	0.0	0.0	0.0	15.0	0.0	0.0	8.0	0.0	0.0	329.0	5.0	0.0	0.0	0.0	21.0	0.0	0.0	0.0	0.0	39.0	0.0	60.0	0.0	0.0	0.0	0.0	0.0	0.0	0.0	0.0	0.0	0.0	5.0	0.0	0.0	2.0	0.0	30.0	0.0	0.0	744.0	4.0	0.0	0.0	0.0	0.0	0.0	0.0	0.0	14.0	0.0	11.0	0.0	0.0	0.0	0.0	0.0	0.0	0.0	0.0	0.0	0.0	13.0	0.0	2.0	0.0	0.0	0.0	0.0	0.0	0.0	0.0	0.0	0.0	0.0	0.0	0.0	0.0	0.0	0.0	0.0	0.0	0.0	0.0	0.0	11.0	2.0	0.0	0.0	0.0	0.0	0.0	0.0	0.0	0.0	0.0	0.0	2.0	0.0	0.0	0.0	0.0	0.0	0.0	0.0	0.0	0.0	0.0	0.0	0.0	0.0	0.0	0.0	0.0	0.0	0.0	0.0	0.0	0.0	0.0	0.0	0.0	0.0	0.0	0.0	0.0	0.0	0.0	0.0	0.0	0.0	0.0	0.0	0.0	0.0	0.0	0.0	0.0	0.0	0.0	0.0	0.0	0.0	0.0	0.0	0.0	0.0	0.0	0.0	0.0	0.0	0.0	0.0	0.0	0.0	0.0	0.0	0.0	0.0	0.0	0.0	2.0	0.0	0.0	0.0	0.0	0.0	0.0	0.0	0.0	0.0	0.0	0.0	0.0	0.0	0.0	0.0	0.0	0.0	0.0	0.0	0.0	0.0	0.0	0.0	0.0	0.0	0.0	0.0	0.0	0.0	0.0	0.0	0.0	0.0	0.0	0.0
SRR5532750	0.0	95.0	14.0	1.0	0.0	0.0	0.0	3.0	0.0	0.0	11.0	63.0	633.0	201.0	0.0	8.0	214.0	54.0	0.0	53.0	64.0	7.0	288.0	7.0	2206.0	25.0	73.0	0.0	0.0	0.0	43.0	1.0	0.0	12.0	0.0	31.0	0.0	0.0	0.0	0.0	21.0	0.0	3.0	0.0	0.0	0.0	12.0	0.0	10.0	769.0	397.0	42.0	73.0	0.0	6.0	16.0	10.0	0.0	9141.0	0.0	156.0	0.0	186.0	39.0	34.0	0.0	46.0	3.0	0.0	0.0	296.0	0.0	0.0	0.0	5.0	0.0	0.0	14.0	0.0	0.0	0.0	0.0	31.0	0.0	0.0	0.0	0.0	116.0	0.0	20.0	0.0	0.0	0.0	0.0	16.0	4.0	89.0	21.0	57.0	0.0	0.0	99.0	0.0	0.0	0.0	0.0	0.0	0.0	0.0	0.0	0.0	0.0	15.0	0.0	0.0	0.0	35.0	5.0	0.0	22.0	6.0	0.0	7.0	50.0	0.0	3.0	0.0	0.0	0.0	0.0	3.0	0.0	0.0	0.0	0.0	0.0	0.0	0.0	0.0	0.0	0.0	0.0	0.0	0.0	258.0	0.0	0.0	0.0	0.0	15.0	0.0	0.0	0.0	0.0	24.0	0.0	8.0	0.0	0.0	0.0	0.0	0.0	0.0	0.0	0.0	0.0	0.0	0.0	0.0	0.0	8.0	0.0	6.0	0.0	0.0	948.0	0.0	0.0	0.0	0.0	0.0	0.0	0.0	0.0	0.0	0.0	12.0	0.0	0.0	0.0	0.0	0.0	0.0	0.0	0.0	0.0	0.0	31.0	0.0	0.0	6.0	0.0	0.0	0.0	0.0	0.0	0.0	0.0	0.0	0.0	0.0	0.0	0.0	0.0	0.0	0.0	0.0	0.0	0.0	0.0	20.0	7.0	0.0	0.0	0.0	0.0	0.0	0.0	0.0	0.0	0.0	0.0	0.0	0.0	0.0	0.0	0.0	0.0	0.0	0.0	0.0	0.0	0.0	0.0	0.0	0.0	0.0	0.0	0.0	0.0	0.0	0.0	0.0	0.0	0.0	0.0	0.0	0.0	0.0	0.0	0.0	0.0	0.0	0.0	0.0	0.0	0.0	0.0	0.0	0.0	0.0	0.0	0.0	0.0	0.0	0.0	0.0	0.0	0.0	0.0	0.0	0.0	0.0	0.0	0.0	0.0	0.0	0.0	0.0	0.0	0.0	0.0	0.0	0.0	0.0	0.0	0.0	0.0	0.0	0.0	0.0	0.0	0.0	0.0	0.0	0.0	0.0	0.0	0.0	0.0	0.0	0.0	0.0	0.0	0.0	0.0	0.0	0.0	0.0	0.0	0.0	0.0	0.0	0.0	0.0	0.0	0.0	0.0	0.0	0.0	0.0	0.0
SRR5532751	0.0	74.0	13.0	0.0	0.0	4.0	0.0	18.0	0.0	3.0	3.0	20.0	328.0	116.0	0.0	20.0	199.0	62.0	0.0	61.0	185.0	0.0	354.0	4.0	692.0	32.0	727.0	0.0	0.0	0.0	82.0	3.0	0.0	21.0	0.0	8.0	0.0	0.0	5.0	0.0	25.0	0.0	0.0	0.0	1.0	0.0	13.0	0.0	14.0	417.0	586.0	9.0	37.0	16.0	16.0	0.0	0.0	0.0	10196.0	0.0	210.0	0.0	102.0	0.0	42.0	0.0	42.0	0.0	0.0	5.0	2900.0	3.0	11.0	0.0	11.0	0.0	0.0	0.0	0.0	0.0	0.0	23.0	27.0	0.0	9.0	0.0	0.0	188.0	0.0	0.0	0.0	0.0	9.0	0.0	0.0	4.0	64.0	138.0	27.0	0.0	0.0	38.0	6.0	0.0	0.0	3.0	0.0	0.0	0.0	0.0	0.0	0.0	0.0	0.0	0.0	0.0	15.0	0.0	0.0	13.0	13.0	0.0	0.0	56.0	0.0	0.0	0.0	0.0	11.0	0.0	0.0	0.0	8.0	0.0	0.0	0.0	62.0	0.0	27.0	0.0	0.0	6.0	0.0	0.0	265.0	8.0	0.0	0.0	0.0	10.0	0.0	0.0	0.0	0.0	2.0	0.0	39.0	0.0	3.0	0.0	0.0	0.0	0.0	0.0	0.0	0.0	0.0	0.0	0.0	0.0	0.0	0.0	10.0	0.0	0.0	376.0	0.0	0.0	0.0	0.0	0.0	0.0	0.0	0.0	17.0	0.0	7.0	0.0	0.0	0.0	0.0	0.0	0.0	1.0	0.0	0.0	4.0	16.0	0.0	3.0	6.0	0.0	0.0	0.0	0.0	0.0	0.0	0.0	0.0	0.0	0.0	0.0	0.0	0.0	0.0	0.0	3.0	10.0	0.0	0.0	16.0	0.0	0.0	0.0	0.0	0.0	0.0	0.0	0.0	0.0	0.0	0.0	0.0	0.0	0.0	0.0	0.0	0.0	0.0	0.0	0.0	0.0	0.0	0.0	0.0	0.0	0.0	0.0	0.0	0.0	0.0	0.0	0.0	0.0	0.0	0.0	0.0	0.0	0.0	0.0	0.0	0.0	0.0	0.0	0.0	0.0	0.0	0.0	0.0	0.0	0.0	0.0	0.0	0.0	0.0	0.0	0.0	0.0	0.0	0.0	0.0	0.0	0.0	0.0	0.0	0.0	0.0	0.0	0.0	0.0	0.0	0.0	0.0	0.0	0.0	0.0	0.0	0.0	0.0	0.0	0.0	0.0	0.0	0.0	0.0	0.0	0.0	0.0	0.0	0.0	0.0	0.0	0.0	0.0	0.0	0.0	0.0	0.0	0.0	0.0	0.0	0.0	0.0	0.0	0.0	0.0	0.0	0.0	0.0	0.0	0.0	0.0
SRR5532752	0.0	191.0	0.0	0.0	0.0	0.0	0.0	17.0	0.0	2.0	54.0	8.0	599.0	158.0	0.0	13.0	555.0	47.0	3.0	37.0	108.0	11.0	181.0	13.0	1220.0	27.0	35.0	0.0	0.0	0.0	146.0	0.0	0.0	22.0	0.0	29.0	0.0	0.0	4.0	0.0	18.0	2.0	11.0	0.0	0.0	0.0	21.0	0.0	24.0	1059.0	123.0	32.0	104.0	4.0	4.0	67.0	39.0	0.0	6774.0	19.0	648.0	0.0	80.0	59.0	7.0	4.0	38.0	0.0	0.0	0.0	160.0	0.0	0.0	0.0	0.0	0.0	0.0	0.0	2.0	2.0	0.0	0.0	15.0	0.0	5.0	0.0	0.0	342.0	0.0	6.0	0.0	0.0	0.0	0.0	0.0	0.0	0.0	23.0	44.0	0.0	0.0	5.0	0.0	0.0	0.0	0.0	0.0	0.0	0.0	0.0	0.0	0.0	13.0	0.0	0.0	0.0	0.0	0.0	0.0	12.0	0.0	0.0	0.0	94.0	0.0	7.0	0.0	0.0	0.0	0.0	0.0	0.0	0.0	0.0	0.0	0.0	0.0	0.0	0.0	0.0	0.0	2.0	0.0	2.0	264.0	11.0	4.0	0.0	0.0	0.0	0.0	0.0	0.0	0.0	0.0	0.0	45.0	0.0	0.0	0.0	0.0	0.0	0.0	0.0	0.0	0.0	0.0	0.0	0.0	0.0	4.0	0.0	9.0	0.0	0.0	596.0	0.0	0.0	0.0	0.0	0.0	0.0	0.0	0.0	0.0	0.0	0.0	0.0	0.0	0.0	0.0	0.0	0.0	0.0	0.0	0.0	0.0	7.0	0.0	0.0	0.0	0.0	0.0	0.0	0.0	0.0	0.0	0.0	0.0	0.0	0.0	0.0	0.0	0.0	0.0	0.0	0.0	0.0	0.0	0.0	4.0	0.0	0.0	0.0	0.0	0.0	0.0	0.0	0.0	0.0	0.0	0.0	0.0	0.0	0.0	0.0	0.0	0.0	0.0	0.0	0.0	0.0	2.0	0.0	0.0	0.0	0.0	0.0	0.0	0.0	0.0	0.0	0.0	0.0	0.0	0.0	0.0	0.0	0.0	0.0	0.0	0.0	0.0	0.0	0.0	0.0	0.0	0.0	0.0	0.0	0.0	0.0	0.0	0.0	0.0	0.0	0.0	0.0	0.0	0.0	0.0	0.0	0.0	0.0	0.0	0.0	0.0	0.0	0.0	0.0	0.0	0.0	0.0	0.0	0.0	0.0	0.0	0.0	0.0	0.0	0.0	0.0	0.0	0.0	0.0	0.0	0.0	0.0	0.0	0.0	0.0	0.0	0.0	0.0	0.0	0.0	0.0	0.0	0.0	0.0	0.0	0.0	0.0	0.0	0.0	0.0	0.0	0.0	0.0	0.0	0.0	0.0
SRR5532753	0.0	14.0	9.0	0.0	0.0	0.0	20.0	4.0	0.0	4.0	0.0	123.0	759.0	109.0	0.0	0.0	34.0	22.0	0.0	12.0	80.0	0.0	275.0	3.0	2067.0	18.0	0.0	0.0	0.0	0.0	8.0	0.0	0.0	0.0	0.0	9.0	0.0	0.0	10.0	0.0	0.0	0.0	0.0	6.0	0.0	0.0	0.0	0.0	12.0	216.0	506.0	9.0	0.0	0.0	5.0	20.0	9.0	0.0	11576.0	67.0	121.0	0.0	28.0	5.0	13.0	0.0	32.0	0.0	0.0	0.0	217.0	0.0	0.0	0.0	0.0	3.0	0.0	3.0	0.0	0.0	0.0	0.0	31.0	0.0	1.0	0.0	0.0	19.0	0.0	2.0	6.0	5.0	4.0	0.0	0.0	0.0	8.0	315.0	54.0	4.0	0.0	125.0	8.0	0.0	0.0	6.0	0.0	0.0	0.0	47.0	0.0	0.0	0.0	0.0	0.0	0.0	0.0	0.0	4.0	23.0	0.0	0.0	0.0	92.0	0.0	9.0	0.0	0.0	0.0	0.0	4.0	0.0	0.0	0.0	0.0	0.0	0.0	0.0	0.0	0.0	0.0	0.0	0.0	0.0	78.0	0.0	5.0	0.0	0.0	8.0	0.0	0.0	0.0	0.0	19.0	0.0	0.0	0.0	4.0	0.0	0.0	0.0	0.0	0.0	0.0	0.0	0.0	0.0	0.0	10.0	5.0	0.0	0.0	0.0	0.0	82.0	0.0	9.0	0.0	0.0	0.0	0.0	0.0	0.0	0.0	0.0	4.0	14.0	0.0	0.0	0.0	3.0	0.0	41.0	0.0	0.0	0.0	0.0	0.0	0.0	0.0	0.0	0.0	4.0	0.0	0.0	0.0	0.0	0.0	0.0	4.0	0.0	0.0	0.0	0.0	0.0	0.0	0.0	0.0	10.0	4.0	0.0	0.0	0.0	0.0	0.0	0.0	0.0	0.0	0.0	0.0	4.0	0.0	0.0	0.0	0.0	0.0	0.0	0.0	0.0	0.0	0.0	0.0	0.0	0.0	0.0	0.0	0.0	0.0	0.0	0.0	0.0	0.0	0.0	0.0	0.0	0.0	0.0	0.0	0.0	0.0	0.0	0.0	0.0	0.0	0.0	0.0	0.0	0.0	0.0	0.0	0.0	0.0	0.0	0.0	0.0	0.0	0.0	0.0	0.0	0.0	0.0	0.0	0.0	0.0	0.0	0.0	0.0	0.0	8.0	0.0	0.0	0.0	0.0	0.0	0.0	0.0	0.0	0.0	0.0	0.0	0.0	0.0	0.0	0.0	0.0	0.0	0.0	0.0	0.0	0.0	0.0	0.0	0.0	0.0	0.0	0.0	0.0	0.0	0.0	0.0	0.0	0.0	0.0	0.0	0.0	0.0	0.0	0.0	0.0	0.0	0.0
SRR5532754	0.0	16.0	0.0	0.0	0.0	0.0	20.0	2.0	0.0	0.0	0.0	122.0	768.0	216.0	0.0	0.0	25.0	7.0	0.0	5.0	122.0	3.0	314.0	6.0	3505.0	16.0	4.0	0.0	0.0	10.0	0.0	0.0	0.0	9.0	0.0	24.0	0.0	11.0	0.0	2.0	0.0	1.0	0.0	21.0	0.0	0.0	0.0	0.0	3.0	431.0	297.0	0.0	16.0	0.0	7.0	24.0	31.0	0.0	14731.0	111.0	53.0	0.0	78.0	12.0	32.0	0.0	72.0	0.0	0.0	0.0	1025.0	0.0	0.0	0.0	2.0	0.0	0.0	0.0	0.0	2.0	0.0	182.0	28.0	0.0	0.0	0.0	0.0	21.0	0.0	33.0	0.0	4.0	0.0	13.0	20.0	0.0	24.0	543.0	172.0	0.0	0.0	115.0	8.0	0.0	0.0	0.0	0.0	0.0	0.0	0.0	0.0	3.0	0.0	0.0	0.0	4.0	0.0	0.0	0.0	90.0	1.0	0.0	5.0	25.0	0.0	0.0	0.0	0.0	2.0	0.0	125.0	0.0	0.0	0.0	0.0	0.0	24.0	0.0	0.0	0.0	0.0	0.0	0.0	0.0	129.0	9.0	0.0	0.0	0.0	2.0	0.0	0.0	0.0	0.0	643.0	0.0	62.0	0.0	0.0	0.0	0.0	0.0	0.0	0.0	0.0	0.0	0.0	0.0	0.0	25.0	0.0	0.0	0.0	0.0	0.0	401.0	0.0	8.0	0.0	14.0	0.0	0.0	0.0	10.0	0.0	0.0	0.0	25.0	0.0	0.0	0.0	2.0	0.0	10.0	0.0	7.0	9.0	15.0	0.0	0.0	0.0	0.0	0.0	10.0	0.0	0.0	0.0	0.0	0.0	0.0	0.0	0.0	0.0	0.0	0.0	0.0	0.0	0.0	0.0	7.0	6.0	0.0	0.0	0.0	0.0	0.0	0.0	0.0	0.0	0.0	0.0	11.0	0.0	0.0	0.0	0.0	0.0	0.0	0.0	0.0	0.0	0.0	0.0	0.0	0.0	0.0	0.0	0.0	0.0	0.0	0.0	0.0	0.0	0.0	0.0	0.0	0.0	0.0	0.0	0.0	0.0	0.0	0.0	0.0	0.0	0.0	0.0	0.0	0.0	0.0	0.0	0.0	0.0	0.0	0.0	0.0	0.0	0.0	0.0	0.0	0.0	0.0	0.0	0.0	0.0	0.0	0.0	0.0	0.0	0.0	0.0	0.0	0.0	0.0	0.0	0.0	0.0	0.0	0.0	0.0	0.0	0.0	0.0	0.0	0.0	0.0	0.0	6.0	0.0	0.0	0.0	0.0	0.0	0.0	0.0	0.0	0.0	0.0	0.0	0.0	0.0	0.0	0.0	0.0	0.0	0.0	0.0	0.0	0.0	0.0	0.0	0.0
SRR5532755	0.0	22.0	13.0	0.0	0.0	0.0	24.0	0.0	0.0	212.0	0.0	57.0	467.0	45.0	0.0	7.0	51.0	6.0	4.0	1.0	26.0	80.0	707.0	8.0	3389.0	7.0	85.0	0.0	3.0	350.0	38.0	0.0	0.0	5.0	2.0	70.0	0.0	0.0	19.0	0.0	0.0	0.0	13.0	6.0	0.0	0.0	0.0	15.0	0.0	157.0	1904.0	8.0	0.0	0.0	0.0	29.0	0.0	0.0	2924.0	72.0	588.0	0.0	0.0	0.0	60.0	0.0	86.0	0.0	0.0	0.0	601.0	102.0	0.0	0.0	0.0	0.0	0.0	3.0	0.0	0.0	0.0	0.0	141.0	2.0	0.0	0.0	0.0	0.0	0.0	7.0	0.0	3.0	3.0	0.0	3.0	0.0	3.0	717.0	319.0	0.0	0.0	111.0	44.0	0.0	0.0	0.0	0.0	0.0	61.0	2639.0	0.0	0.0	0.0	3.0	0.0	2.0	0.0	0.0	7.0	21.0	2.0	0.0	0.0	146.0	0.0	22.0	0.0	0.0	17.0	0.0	25.0	2.0	0.0	0.0	0.0	0.0	106.0	0.0	0.0	0.0	0.0	2.0	0.0	0.0	34.0	0.0	0.0	0.0	2.0	37.0	0.0	0.0	0.0	0.0	60.0	0.0	0.0	0.0	12.0	0.0	0.0	0.0	2.0	0.0	0.0	0.0	2.0	0.0	0.0	27.0	6.0	0.0	0.0	0.0	0.0	74.0	3.0	0.0	0.0	4.0	0.0	0.0	0.0	0.0	0.0	0.0	15.0	0.0	0.0	0.0	0.0	0.0	0.0	25.0	0.0	0.0	0.0	94.0	0.0	0.0	0.0	0.0	0.0	0.0	0.0	0.0	5.0	0.0	0.0	0.0	3.0	0.0	0.0	0.0	0.0	3.0	0.0	0.0	0.0	0.0	9.0	0.0	0.0	0.0	0.0	0.0	780.0	0.0	0.0	0.0	0.0	0.0	0.0	0.0	0.0	0.0	0.0	0.0	0.0	0.0	0.0	0.0	0.0	0.0	0.0	7.0	0.0	0.0	0.0	0.0	0.0	0.0	0.0	0.0	0.0	0.0	0.0	0.0	0.0	0.0	0.0	0.0	0.0	0.0	0.0	0.0	0.0	0.0	0.0	0.0	0.0	0.0	0.0	0.0	0.0	0.0	0.0	3.0	0.0	0.0	0.0	0.0	0.0	0.0	0.0	0.0	0.0	0.0	0.0	13.0	0.0	0.0	0.0	0.0	0.0	0.0	10.0	0.0	0.0	0.0	0.0	0.0	0.0	0.0	3.0	0.0	0.0	0.0	0.0	0.0	0.0	0.0	0.0	0.0	0.0	0.0	0.0	0.0	0.0	0.0	0.0	0.0	0.0	0.0	0.0	0.0	0.0	0.0	0.0	0.0	0.0	0.0
SRR5532756	0.0	15.0	0.0	0.0	0.0	0.0	154.0	0.0	0.0	0.0	0.0	104.0	652.0	400.0	0.0	0.0	38.0	0.0	6.0	19.0	59.0	25.0	271.0	20.0	5930.0	37.0	3.0	0.0	0.0	99.0	72.0	0.0	0.0	0.0	0.0	16.0	0.0	6.0	8.0	3.0	6.0	0.0	6.0	22.0	0.0	0.0	0.0	10.0	0.0	180.0	951.0	12.0	7.0	0.0	28.0	63.0	0.0	0.0	12258.0	200.0	159.0	5.0	0.0	59.0	50.0	0.0	63.0	0.0	0.0	0.0	359.0	1.0	0.0	2.0	0.0	3.0	0.0	2.0	0.0	0.0	0.0	0.0	34.0	0.0	0.0	0.0	0.0	28.0	0.0	0.0	0.0	3.0	2.0	48.0	74.0	0.0	38.0	261.0	301.0	6.0	0.0	78.0	13.0	0.0	17.0	4.0	0.0	0.0	12.0	246.0	0.0	0.0	4.0	0.0	0.0	14.0	0.0	3.0	0.0	0.0	0.0	0.0	0.0	47.0	0.0	16.0	0.0	0.0	8.0	0.0	103.0	3.0	0.0	0.0	0.0	0.0	73.0	0.0	0.0	0.0	0.0	2.0	0.0	0.0	65.0	0.0	0.0	0.0	0.0	14.0	0.0	0.0	0.0	2.0	15.0	0.0	97.0	0.0	2.0	1.0	0.0	0.0	5.0	0.0	0.0	0.0	0.0	0.0	0.0	57.0	0.0	2.0	0.0	0.0	0.0	62.0	0.0	0.0	0.0	14.0	0.0	0.0	0.0	14.0	0.0	0.0	2.0	0.0	0.0	0.0	0.0	0.0	0.0	0.0	0.0	13.0	30.0	20.0	0.0	0.0	0.0	0.0	0.0	0.0	0.0	0.0	4.0	0.0	0.0	0.0	0.0	9.0	0.0	0.0	0.0	0.0	0.0	0.0	0.0	15.0	0.0	0.0	0.0	0.0	0.0	0.0	7.0	0.0	0.0	0.0	0.0	0.0	0.0	0.0	0.0	0.0	0.0	0.0	0.0	0.0	0.0	0.0	0.0	0.0	0.0	0.0	0.0	0.0	0.0	0.0	0.0	0.0	0.0	0.0	0.0	0.0	0.0	0.0	0.0	0.0	0.0	0.0	0.0	0.0	0.0	0.0	0.0	0.0	0.0	0.0	0.0	0.0	0.0	0.0	0.0	0.0	0.0	0.0	0.0	0.0	0.0	0.0	0.0	0.0	0.0	0.0	0.0	0.0	0.0	22.0	0.0	0.0	0.0	0.0	0.0	0.0	0.0	0.0	0.0	0.0	0.0	0.0	0.0	0.0	0.0	0.0	0.0	0.0	0.0	0.0	0.0	4.0	0.0	0.0	0.0	0.0	0.0	0.0	0.0	0.0	0.0	0.0	0.0	0.0	0.0	0.0	0.0	0.0	0.0	0.0	0.0	0.0
SRR5532757	4.0	292.0	26.0	42.0	16.0	19.0	143.0	151.0	30.0	8.0	0.0	509.0	1210.0	216.0	39.0	132.0	179.0	56.0	92.0	1334.0	2284.0	78.0	1313.0	726.0	6922.0	1071.0	0.0	0.0	599.0	31.0	700.0	49.0	1.0	314.0	0.0	41.0	0.0	37.0	2717.0	55.0	556.0	27.0	326.0	11.0	51.0	0.0	10.0	1372.0	105.0	109.0	145.0	130.0	162.0	46.0	133.0	158.0	24.0	31.0	645.0	506.0	334.0	214.0	598.0	340.0	0.0	74.0	1336.0	211.0	0.0	122.0	1303.0	19.0	132.0	74.0	14.0	23.0	0.0	0.0	0.0	115.0	60.0	109.0	2.0	0.0	752.0	12.0	5.0	675.0	8.0	0.0	28.0	6.0	127.0	14.0	780.0	0.0	0.0	23.0	152.0	246.0	0.0	98.0	0.0	11.0	60.0	0.0	0.0	24.0	0.0	128.0	15.0	132.0	36.0	0.0	0.0	107.0	0.0	2.0	0.0	0.0	19.0	0.0	13.0	106.0	3.0	230.0	30.0	0.0	4.0	21.0	1092.0	5.0	0.0	97.0	0.0	13.0	627.0	0.0	0.0	4.0	3.0	0.0	7.0	3.0	354.0	2.0	0.0	45.0	8.0	43.0	2.0	0.0	0.0	10.0	11.0	857.0	31.0	0.0	26.0	7.0	46.0	1.0	0.0	6.0	0.0	9.0	19.0	24.0	0.0	0.0	0.0	45.0	802.0	0.0	6.0	80.0	3.0	756.0	0.0	0.0	0.0	21.0	0.0	3.0	31.0	0.0	10.0	33.0	0.0	0.0	10.0	3.0	0.0	0.0	0.0	70.0	14.0	18.0	0.0	3.0	0.0	0.0	1.0	116.0	37.0	3.0	4.0	10.0	9.0	0.0	0.0	27.0	0.0	0.0	10.0	0.0	4.0	0.0	5.0	13.0	0.0	0.0	0.0	0.0	26.0	4.0	0.0	0.0	0.0	0.0	0.0	0.0	3.0	0.0	0.0	4.0	0.0	2.0	0.0	0.0	0.0	0.0	0.0	0.0	0.0	0.0	0.0	0.0	0.0	0.0	0.0	0.0	0.0	0.0	0.0	0.0	16.0	0.0	0.0	0.0	0.0	0.0	0.0	0.0	0.0	0.0	0.0	0.0	0.0	0.0	0.0	0.0	0.0	0.0	0.0	0.0	0.0	0.0	0.0	0.0	0.0	0.0	0.0	0.0	0.0	0.0	0.0	0.0	4.0	0.0	96.0	0.0	0.0	0.0	0.0	0.0	3.0	0.0	7.0	0.0	0.0	0.0	0.0	0.0	0.0	0.0	0.0	0.0	0.0	0.0	0.0	0.0	0.0	0.0	0.0	0.0	0.0	0.0	0.0	0.0	0.0	0.0	0.0	0.0	0.0	0.0	0.0	0.0	0.0	0.0	0.0	0.0
SRR5532758	0.0	293.0	17.0	40.0	24.0	31.0	71.0	134.0	20.0	41.0	0.0	455.0	724.0	159.0	231.0	92.0	239.0	23.0	92.0	1039.0	2042.0	444.0	1251.0	633.0	6313.0	901.0	0.0	0.0	432.0	25.0	595.0	25.0	21.0	166.0	0.0	78.0	31.0	7.0	2099.0	36.0	564.0	22.0	205.0	6.0	45.0	11.0	12.0	820.0	106.0	99.0	378.0	89.0	76.0	228.0	71.0	157.0	24.0	51.0	870.0	619.0	414.0	157.0	364.0	271.0	8.0	62.0	920.0	138.0	0.0	79.0	1182.0	67.0	58.0	49.0	21.0	18.0	0.0	0.0	0.0	113.0	78.0	126.0	20.0	0.0	524.0	0.0	5.0	579.0	0.0	0.0	25.0	8.0	92.0	2.0	484.0	0.0	6.0	551.0	366.0	187.0	0.0	75.0	26.0	0.0	6.0	0.0	0.0	16.0	0.0	456.0	1.0	85.0	136.0	0.0	0.0	82.0	4.0	0.0	5.0	10.0	40.0	8.0	28.0	332.0	0.0	172.0	39.0	0.0	29.0	0.0	1425.0	0.0	3.0	36.0	0.0	3.0	663.0	0.0	15.0	10.0	0.0	3.0	12.0	0.0	416.0	8.0	0.0	13.0	14.0	26.0	0.0	9.0	0.0	6.0	7.0	507.0	17.0	0.0	20.0	26.0	16.0	3.0	0.0	13.0	0.0	7.0	0.0	25.0	0.0	13.0	5.0	16.0	543.0	2.0	10.0	137.0	6.0	492.0	0.0	15.0	0.0	17.0	0.0	1.0	0.0	0.0	16.0	0.0	0.0	0.0	0.0	0.0	0.0	10.0	0.0	43.0	0.0	104.0	0.0	6.0	0.0	0.0	2.0	96.0	26.0	0.0	0.0	10.0	0.0	0.0	0.0	23.0	0.0	0.0	0.0	0.0	0.0	0.0	0.0	29.0	0.0	12.0	0.0	0.0	12.0	0.0	0.0	0.0	0.0	0.0	0.0	0.0	0.0	0.0	0.0	0.0	0.0	0.0	0.0	0.0	0.0	0.0	0.0	0.0	0.0	0.0	0.0	0.0	2.0	8.0	0.0	0.0	0.0	0.0	0.0	0.0	7.0	7.0	0.0	0.0	0.0	0.0	0.0	0.0	0.0	0.0	0.0	0.0	0.0	0.0	0.0	0.0	0.0	0.0	0.0	0.0	0.0	0.0	0.0	0.0	0.0	0.0	0.0	0.0	0.0	0.0	0.0	0.0	0.0	0.0	19.0	0.0	0.0	0.0	0.0	0.0	0.0	0.0	6.0	0.0	0.0	0.0	0.0	0.0	0.0	0.0	0.0	0.0	0.0	0.0	0.0	0.0	0.0	0.0	0.0	0.0	0.0	0.0	0.0	0.0	0.0	0.0	0.0	0.0	0.0	0.0	0.0	0.0	0.0	0.0	0.0	0.0
SRR5532759	0.0	177.0	14.0	0.0	0.0	3.0	0.0	13.0	0.0	0.0	13.0	57.0	1010.0	282.0	0.0	14.0	183.0	142.0	5.0	37.0	331.0	0.0	805.0	70.0	1970.0	63.0	150.0	0.0	0.0	0.0	133.0	10.0	0.0	30.0	1.0	8.0	11.0	15.0	12.0	0.0	0.0	5.0	17.0	0.0	4.0	0.0	2.0	34.0	14.0	513.0	136.0	41.0	67.0	7.0	40.0	86.0	18.0	0.0	10639.0	162.0	195.0	14.0	64.0	115.0	17.0	0.0	198.0	0.0	0.0	0.0	1079.0	0.0	4.0	17.0	0.0	8.0	0.0	26.0	0.0	25.0	0.0	0.0	20.0	0.0	0.0	0.0	0.0	278.0	0.0	0.0	0.0	0.0	0.0	0.0	148.0	0.0	3.0	83.0	0.0	0.0	2.0	75.0	3.0	0.0	0.0	0.0	0.0	6.0	0.0	7.0	0.0	7.0	2.0	0.0	0.0	0.0	8.0	0.0	0.0	5.0	12.0	3.0	8.0	135.0	0.0	0.0	0.0	0.0	20.0	0.0	4.0	0.0	4.0	0.0	0.0	0.0	19.0	0.0	34.0	6.0	0.0	6.0	0.0	0.0	375.0	20.0	0.0	0.0	0.0	18.0	0.0	0.0	0.0	0.0	79.0	0.0	9.0	0.0	6.0	7.0	8.0	0.0	0.0	0.0	0.0	0.0	2.0	0.0	0.0	211.0	2.0	0.0	0.0	0.0	0.0	1226.0	0.0	0.0	0.0	0.0	3.0	0.0	0.0	0.0	0.0	0.0	9.0	0.0	0.0	2.0	0.0	2.0	0.0	0.0	0.0	25.0	0.0	9.0	0.0	0.0	5.0	0.0	0.0	9.0	0.0	0.0	0.0	0.0	0.0	0.0	0.0	0.0	0.0	0.0	0.0	0.0	0.0	0.0	0.0	0.0	8.0	9.0	0.0	0.0	0.0	0.0	0.0	0.0	2.0	0.0	0.0	25.0	0.0	0.0	0.0	0.0	0.0	0.0	0.0	4.0	0.0	0.0	0.0	0.0	0.0	0.0	0.0	0.0	0.0	0.0	0.0	0.0	0.0	0.0	0.0	0.0	0.0	0.0	0.0	0.0	0.0	0.0	0.0	0.0	0.0	0.0	0.0	0.0	0.0	0.0	0.0	0.0	0.0	0.0	0.0	0.0	0.0	0.0	0.0	0.0	0.0	0.0	0.0	0.0	0.0	0.0	0.0	0.0	0.0	0.0	0.0	0.0	0.0	0.0	0.0	0.0	0.0	0.0	0.0	0.0	0.0	0.0	0.0	0.0	0.0	0.0	0.0	0.0	0.0	0.0	0.0	0.0	0.0	0.0	0.0	0.0	0.0	0.0	0.0	0.0	0.0	0.0	0.0	0.0	0.0	0.0	0.0	0.0	0.0	0.0	0.0	0.0
SRR5532760	2.0	378.0	0.0	0.0	7.0	0.0	0.0	49.0	0.0	0.0	146.0	278.0	2333.0	690.0	8.0	36.0	521.0	95.0	19.0	195.0	152.0	9.0	429.0	87.0	4200.0	74.0	62.0	0.0	2.0	0.0	37.0	10.0	0.0	73.0	0.0	14.0	0.0	2.0	30.0	9.0	33.0	0.0	52.0	0.0	0.0	0.0	20.0	23.0	71.0	1098.0	512.0	152.0	208.0	12.0	7.0	34.0	41.0	0.0	4523.0	56.0	308.0	0.0	81.0	163.0	26.0	3.0	125.0	11.0	0.0	0.0	694.0	0.0	18.0	17.0	0.0	0.0	0.0	2.0	1.0	5.0	0.0	0.0	117.0	0.0	24.0	0.0	0.0	417.0	0.0	118.0	0.0	0.0	0.0	0.0	45.0	9.0	5.0	19.0	85.0	0.0	0.0	25.0	0.0	46.0	0.0	0.0	0.0	0.0	0.0	16.0	0.0	8.0	22.0	0.0	0.0	0.0	0.0	0.0	0.0	18.0	1.0	0.0	26.0	105.0	0.0	0.0	0.0	0.0	0.0	0.0	2.0	0.0	0.0	0.0	0.0	0.0	0.0	0.0	0.0	0.0	14.0	11.0	0.0	0.0	505.0	18.0	0.0	0.0	11.0	27.0	0.0	0.0	0.0	0.0	0.0	0.0	88.0	0.0	0.0	0.0	2.0	0.0	0.0	0.0	0.0	0.0	0.0	0.0	0.0	0.0	3.0	0.0	112.0	0.0	0.0	1286.0	0.0	0.0	0.0	2.0	0.0	0.0	0.0	11.0	0.0	0.0	8.0	0.0	0.0	0.0	0.0	0.0	0.0	0.0	0.0	0.0	0.0	41.0	0.0	0.0	0.0	0.0	0.0	14.0	0.0	0.0	0.0	0.0	0.0	0.0	0.0	0.0	0.0	0.0	0.0	0.0	0.0	0.0	0.0	0.0	0.0	4.0	0.0	0.0	0.0	0.0	0.0	0.0	0.0	0.0	0.0	0.0	0.0	0.0	0.0	0.0	0.0	0.0	0.0	0.0	0.0	0.0	0.0	0.0	0.0	0.0	0.0	0.0	0.0	0.0	0.0	0.0	0.0	0.0	0.0	0.0	0.0	0.0	0.0	0.0	0.0	0.0	0.0	0.0	0.0	0.0	0.0	0.0	0.0	0.0	0.0	0.0	0.0	0.0	0.0	0.0	0.0	0.0	0.0	0.0	0.0	0.0	0.0	0.0	0.0	0.0	0.0	0.0	0.0	0.0	0.0	0.0	0.0	0.0	0.0	0.0	4.0	0.0	0.0	0.0	0.0	0.0	0.0	0.0	0.0	0.0	0.0	0.0	0.0	0.0	0.0	0.0	0.0	0.0	0.0	0.0	0.0	0.0	0.0	0.0	0.0	0.0	0.0	0.0	0.0	0.0	0.0	0.0	0.0	0.0	0.0	0.0
SRR5532761	0.0	305.0	18.0	0.0	0.0	0.0	0.0	38.0	0.0	6.0	40.0	5.0	1048.0	60.0	0.0	48.0	343.0	209.0	15.0	116.0	433.0	13.0	965.0	0.0	2789.0	89.0	133.0	0.0	0.0	0.0	70.0	0.0	0.0	23.0	0.0	67.0	0.0	0.0	7.0	0.0	47.0	0.0	39.0	0.0	7.0	0.0	7.0	0.0	40.0	825.0	499.0	21.0	88.0	23.0	57.0	32.0	1.0	0.0	18486.0	0.0	258.0	0.0	22.0	24.0	0.0	0.0	45.0	0.0	0.0	0.0	257.0	6.0	24.0	2.0	34.0	0.0	27.0	34.0	0.0	1.0	0.0	0.0	81.0	2.0	15.0	0.0	0.0	499.0	0.0	55.0	0.0	0.0	10.0	0.0	0.0	0.0	17.0	896.0	14.0	0.0	0.0	30.0	25.0	21.0	0.0	8.0	0.0	12.0	136.0	5.0	0.0	0.0	3.0	0.0	0.0	4.0	12.0	5.0	0.0	22.0	35.0	0.0	2.0	343.0	0.0	5.0	0.0	0.0	20.0	0.0	0.0	0.0	2.0	0.0	0.0	0.0	69.0	0.0	30.0	0.0	0.0	10.0	0.0	0.0	745.0	10.0	13.0	0.0	4.0	52.0	0.0	0.0	0.0	0.0	16.0	0.0	90.0	0.0	5.0	0.0	10.0	0.0	0.0	0.0	0.0	0.0	0.0	0.0	0.0	0.0	4.0	0.0	43.0	0.0	0.0	824.0	0.0	0.0	0.0	0.0	0.0	0.0	0.0	0.0	0.0	0.0	30.0	0.0	0.0	0.0	0.0	0.0	0.0	19.0	0.0	0.0	0.0	146.0	0.0	0.0	0.0	0.0	0.0	0.0	0.0	0.0	0.0	0.0	0.0	0.0	0.0	0.0	0.0	0.0	0.0	0.0	0.0	0.0	0.0	0.0	27.0	0.0	0.0	0.0	0.0	0.0	75.0	0.0	0.0	0.0	0.0	6.0	0.0	0.0	0.0	0.0	0.0	0.0	0.0	0.0	0.0	0.0	0.0	0.0	0.0	0.0	0.0	0.0	1.0	0.0	0.0	0.0	0.0	0.0	0.0	0.0	0.0	0.0	0.0	0.0	0.0	0.0	0.0	0.0	0.0	0.0	0.0	0.0	0.0	0.0	0.0	0.0	0.0	0.0	0.0	0.0	0.0	0.0	0.0	0.0	0.0	0.0	0.0	0.0	0.0	0.0	0.0	0.0	0.0	17.0	0.0	0.0	0.0	0.0	0.0	0.0	4.0	0.0	0.0	0.0	0.0	0.0	0.0	0.0	0.0	0.0	0.0	0.0	0.0	0.0	0.0	0.0	0.0	0.0	0.0	0.0	0.0	0.0	0.0	0.0	0.0	0.0	0.0	0.0	0.0	0.0	0.0	0.0	0.0	0.0	0.0	0.0
SRR5532762	0.0	19.0	4.0	0.0	0.0	0.0	0.0	3.0	0.0	4.0	10.0	25.0	959.0	372.0	6.0	21.0	422.0	62.0	2.0	8.0	117.0	0.0	267.0	12.0	1057.0	35.0	5940.0	0.0	0.0	0.0	122.0	0.0	0.0	11.0	0.0	281.0	0.0	0.0	0.0	0.0	0.0	0.0	0.0	0.0	0.0	0.0	9.0	4.0	23.0	329.0	213.0	0.0	24.0	0.0	11.0	29.0	1.0	0.0	5924.0	15.0	79.0	0.0	35.0	44.0	15.0	0.0	49.0	0.0	0.0	0.0	5374.0	6.0	10.0	0.0	14.0	0.0	0.0	10.0	0.0	6.0	0.0	0.0	45.0	0.0	0.0	0.0	0.0	140.0	0.0	42.0	0.0	0.0	5.0	0.0	45.0	0.0	49.0	215.0	0.0	0.0	0.0	19.0	0.0	8.0	0.0	0.0	0.0	0.0	0.0	29.0	0.0	0.0	0.0	0.0	0.0	0.0	0.0	0.0	0.0	0.0	0.0	0.0	0.0	48.0	0.0	0.0	0.0	0.0	16.0	0.0	0.0	0.0	2.0	0.0	0.0	0.0	142.0	0.0	48.0	0.0	0.0	10.0	0.0	0.0	293.0	5.0	0.0	0.0	0.0	1.0	0.0	0.0	0.0	0.0	0.0	0.0	62.0	0.0	0.0	0.0	0.0	0.0	0.0	0.0	0.0	0.0	0.0	0.0	0.0	0.0	7.0	0.0	0.0	0.0	0.0	273.0	2.0	0.0	0.0	0.0	0.0	0.0	0.0	0.0	24.0	0.0	0.0	0.0	0.0	0.0	0.0	0.0	0.0	4.0	0.0	0.0	0.0	21.0	0.0	0.0	0.0	0.0	0.0	0.0	0.0	0.0	0.0	0.0	0.0	0.0	0.0	0.0	0.0	0.0	0.0	0.0	0.0	0.0	0.0	0.0	8.0	4.0	0.0	0.0	0.0	0.0	15.0	0.0	0.0	0.0	0.0	0.0	0.0	0.0	0.0	0.0	0.0	0.0	0.0	0.0	0.0	0.0	0.0	0.0	0.0	5.0	0.0	0.0	0.0	0.0	0.0	0.0	0.0	0.0	0.0	0.0	0.0	0.0	0.0	0.0	0.0	0.0	0.0	0.0	0.0	0.0	0.0	0.0	0.0	0.0	0.0	0.0	0.0	0.0	0.0	0.0	0.0	0.0	0.0	0.0	0.0	0.0	0.0	0.0	0.0	0.0	0.0	0.0	0.0	7.0	0.0	0.0	0.0	0.0	0.0	0.0	0.0	0.0	0.0	0.0	0.0	0.0	0.0	0.0	0.0	0.0	0.0	0.0	0.0	0.0	0.0	0.0	0.0	0.0	0.0	0.0	0.0	0.0	0.0	0.0	0.0	0.0	0.0	0.0	0.0	0.0	0.0	0.0	0.0	0.0	0.0	0.0
SRR5532763	0.0	11.0	11.0	0.0	0.0	0.0	186.0	2.0	0.0	381.0	0.0	197.0	1204.0	133.0	7.0	7.0	101.0	12.0	0.0	0.0	168.0	39.0	292.0	23.0	11501.0	26.0	22.0	0.0	13.0	0.0	34.0	390.0	0.0	3.0	3.0	187.0	0.0	20.0	30.0	0.0	0.0	1.0	2.0	18.0	5.0	0.0	0.0	0.0	34.0	285.0	1859.0	22.0	12.0	54.0	39.0	22.0	0.0	2.0	10495.0	112.0	403.0	11.0	325.0	34.0	63.0	10.0	190.0	4.0	0.0	0.0	2000.0	34.0	0.0	2.0	0.0	0.0	0.0	2.0	0.0	0.0	0.0	10.0	144.0	0.0	34.0	0.0	0.0	45.0	0.0	7.0	3.0	12.0	0.0	0.0	116.0	0.0	25.0	2489.0	83.0	0.0	0.0	123.0	268.0	0.0	5.0	7.0	0.0	0.0	144.0	395.0	0.0	0.0	5.0	0.0	0.0	2.0	0.0	0.0	0.0	46.0	1.0	0.0	0.0	32.0	0.0	15.0	0.0	0.0	12.0	0.0	51.0	0.0	0.0	0.0	0.0	0.0	106.0	0.0	0.0	8.0	3.0	12.0	0.0	2.0	176.0	0.0	0.0	0.0	0.0	13.0	0.0	0.0	7.0	0.0	0.0	0.0	25.0	0.0	8.0	0.0	0.0	0.0	0.0	0.0	0.0	0.0	0.0	0.0	0.0	132.0	0.0	0.0	0.0	0.0	0.0	92.0	0.0	11.0	0.0	18.0	4.0	0.0	0.0	0.0	0.0	0.0	0.0	14.0	0.0	0.0	0.0	0.0	0.0	8.0	0.0	0.0	0.0	247.0	0.0	0.0	0.0	0.0	0.0	32.0	0.0	0.0	0.0	0.0	0.0	0.0	0.0	0.0	0.0	0.0	0.0	0.0	0.0	0.0	0.0	0.0	6.0	0.0	0.0	0.0	0.0	0.0	22.0	0.0	0.0	0.0	0.0	0.0	0.0	0.0	0.0	0.0	0.0	0.0	0.0	0.0	0.0	6.0	0.0	0.0	0.0	0.0	0.0	0.0	0.0	0.0	0.0	0.0	0.0	0.0	0.0	0.0	0.0	0.0	0.0	0.0	0.0	0.0	0.0	0.0	0.0	0.0	0.0	0.0	0.0	0.0	0.0	0.0	0.0	0.0	0.0	0.0	0.0	0.0	0.0	0.0	0.0	0.0	0.0	0.0	0.0	0.0	0.0	2.0	0.0	0.0	0.0	0.0	0.0	0.0	0.0	0.0	0.0	0.0	0.0	0.0	0.0	0.0	42.0	0.0	0.0	0.0	0.0	0.0	0.0	0.0	0.0	0.0	0.0	0.0	0.0	0.0	0.0	0.0	0.0	0.0	0.0	0.0	0.0	0.0	0.0	0.0	0.0	0.0	0.0	0.0	0.0	0.0
SRR5532764	0.0	14.0	0.0	0.0	0.0	0.0	36.0	0.0	0.0	0.0	0.0	110.0	1326.0	433.0	0.0	0.0	20.0	11.0	2.0	9.0	88.0	0.0	379.0	31.0	3581.0	0.0	12.0	0.0	6.0	21.0	18.0	0.0	0.0	0.0	0.0	6.0	0.0	4.0	0.0	2.0	0.0	2.0	5.0	60.0	0.0	0.0	0.0	7.0	0.0	315.0	451.0	6.0	0.0	6.0	15.0	23.0	2.0	0.0	9212.0	171.0	210.0	0.0	118.0	40.0	0.0	0.0	319.0	14.0	0.0	0.0	459.0	0.0	0.0	0.0	0.0	0.0	0.0	1.0	0.0	0.0	0.0	4.0	10.0	0.0	15.0	0.0	1.0	30.0	0.0	10.0	0.0	4.0	0.0	14.0	56.0	0.0	9.0	424.0	446.0	3.0	0.0	150.0	6.0	14.0	0.0	3.0	0.0	9.0	0.0	36.0	5.0	0.0	0.0	0.0	0.0	4.0	0.0	0.0	0.0	64.0	0.0	0.0	6.0	40.0	0.0	0.0	0.0	0.0	5.0	0.0	4374.0	0.0	0.0	0.0	2.0	0.0	86.0	0.0	0.0	0.0	3.0	0.0	0.0	0.0	103.0	2.0	0.0	0.0	0.0	41.0	0.0	0.0	0.0	0.0	142.0	0.0	176.0	0.0	0.0	0.0	0.0	0.0	0.0	0.0	0.0	0.0	0.0	0.0	0.0	24.0	0.0	0.0	0.0	0.0	0.0	351.0	0.0	12.0	0.0	12.0	0.0	0.0	0.0	4.0	0.0	0.0	4.0	32.0	0.0	0.0	0.0	0.0	0.0	149.0	0.0	18.0	0.0	8.0	0.0	0.0	0.0	0.0	0.0	8.0	0.0	0.0	0.0	0.0	0.0	0.0	0.0	1.0	0.0	0.0	0.0	0.0	0.0	0.0	0.0	15.0	8.0	0.0	0.0	0.0	0.0	0.0	0.0	0.0	0.0	0.0	0.0	0.0	0.0	0.0	0.0	0.0	0.0	0.0	0.0	0.0	0.0	0.0	0.0	0.0	0.0	0.0	0.0	0.0	0.0	0.0	0.0	0.0	0.0	0.0	0.0	0.0	0.0	0.0	0.0	0.0	0.0	0.0	0.0	0.0	0.0	0.0	0.0	0.0	0.0	0.0	0.0	0.0	0.0	0.0	0.0	0.0	0.0	0.0	0.0	0.0	0.0	0.0	0.0	0.0	0.0	0.0	0.0	0.0	0.0	17.0	0.0	0.0	0.0	0.0	0.0	0.0	0.0	0.0	0.0	0.0	0.0	0.0	0.0	0.0	0.0	0.0	0.0	0.0	0.0	0.0	0.0	0.0	0.0	0.0	0.0	0.0	0.0	0.0	0.0	0.0	0.0	0.0	0.0	0.0	0.0	0.0	0.0	0.0	0.0	0.0	0.0	0.0
SRR5532765	3.0	13.0	0.0	0.0	0.0	0.0	12.0	0.0	0.0	14.0	0.0	224.0	669.0	52.0	0.0	5.0	23.0	8.0	2.0	23.0	59.0	280.0	266.0	3.0	14028.0	16.0	0.0	0.0	7.0	5.0	60.0	0.0	0.0	0.0	0.0	24.0	0.0	0.0	15.0	0.0	0.0	2.0	2.0	0.0	0.0	0.0	0.0	3.0	0.0	160.0	3500.0	7.0	0.0	0.0	4.0	104.0	0.0	0.0	7209.0	188.0	270.0	1.0	10.0	0.0	21.0	0.0	120.0	0.0	0.0	0.0	560.0	6.0	0.0	0.0	0.0	0.0	0.0	0.0	0.0	0.0	0.0	0.0	40.0	0.0	7.0	0.0	0.0	17.0	0.0	0.0	0.0	0.0	0.0	0.0	16.0	2.0	2.0	265.0	184.0	0.0	0.0	151.0	4.0	0.0	12.0	0.0	0.0	0.0	28.0	32.0	0.0	0.0	0.0	0.0	0.0	7.0	0.0	0.0	0.0	18.0	0.0	0.0	0.0	31.0	0.0	1.0	0.0	0.0	4.0	0.0	32.0	0.0	0.0	0.0	0.0	0.0	66.0	0.0	0.0	0.0	0.0	0.0	0.0	0.0	62.0	0.0	0.0	0.0	0.0	0.0	0.0	0.0	0.0	0.0	0.0	0.0	0.0	0.0	2.0	2.0	0.0	0.0	0.0	0.0	0.0	0.0	0.0	2.0	0.0	21.0	3.0	0.0	0.0	0.0	0.0	212.0	0.0	5.0	0.0	0.0	0.0	0.0	0.0	0.0	0.0	0.0	0.0	3.0	0.0	0.0	0.0	0.0	0.0	1.0	0.0	0.0	0.0	15.0	0.0	0.0	0.0	0.0	0.0	5.0	1.0	0.0	0.0	0.0	0.0	0.0	0.0	0.0	0.0	0.0	0.0	0.0	0.0	0.0	0.0	0.0	0.0	0.0	0.0	0.0	0.0	0.0	237.0	0.0	0.0	0.0	0.0	0.0	0.0	0.0	0.0	0.0	0.0	0.0	0.0	0.0	0.0	0.0	0.0	0.0	0.0	0.0	0.0	0.0	0.0	0.0	0.0	0.0	0.0	0.0	0.0	0.0	0.0	0.0	0.0	0.0	0.0	6.0	0.0	0.0	0.0	0.0	0.0	0.0	0.0	0.0	0.0	0.0	0.0	0.0	0.0	0.0	0.0	0.0	0.0	0.0	0.0	0.0	0.0	0.0	0.0	0.0	0.0	0.0	0.0	0.0	0.0	0.0	0.0	0.0	0.0	0.0	68.0	0.0	0.0	0.0	0.0	0.0	0.0	0.0	0.0	0.0	0.0	0.0	0.0	0.0	0.0	0.0	0.0	0.0	0.0	0.0	0.0	0.0	0.0	0.0	0.0	0.0	0.0	0.0	0.0	0.0	0.0	0.0	0.0	0.0	0.0	0.0
SRR5532766	0.0	0.0	0.0	0.0	0.0	0.0	7.0	0.0	0.0	481.0	0.0	26.0	335.0	73.0	11.0	0.0	44.0	0.0	6.0	2.0	82.0	18.0	373.0	0.0	3824.0	10.0	13.0	0.0	13.0	2.0	114.0	3.0	0.0	0.0	0.0	37.0	3.0	0.0	30.0	2.0	12.0	0.0	8.0	9.0	0.0	0.0	0.0	0.0	0.0	171.0	781.0	6.0	0.0	22.0	11.0	0.0	0.0	0.0	10140.0	23.0	147.0	3.0	693.0	0.0	40.0	6.0	2111.0	5.0	0.0	0.0	428.0	62.0	4.0	2.0	0.0	0.0	0.0	3.0	0.0	0.0	0.0	35.0	44.0	7.0	4.0	0.0	0.0	28.0	0.0	5.0	0.0	0.0	8.0	0.0	67.0	0.0	50.0	523.0	36.0	0.0	0.0	124.0	15.0	0.0	0.0	10.0	0.0	4.0	65.0	16.0	0.0	0.0	0.0	0.0	0.0	0.0	0.0	0.0	0.0	43.0	0.0	0.0	0.0	63.0	0.0	34.0	0.0	0.0	27.0	0.0	0.0	0.0	2.0	0.0	0.0	0.0	40.0	0.0	0.0	0.0	0.0	10.0	0.0	0.0	83.0	0.0	0.0	0.0	0.0	42.0	0.0	0.0	3.0	0.0	6.0	0.0	0.0	0.0	0.0	0.0	0.0	0.0	0.0	0.0	0.0	0.0	0.0	0.0	0.0	0.0	0.0	0.0	0.0	0.0	0.0	80.0	0.0	4.0	0.0	2.0	0.0	0.0	0.0	0.0	0.0	0.0	0.0	0.0	0.0	0.0	0.0	6.0	0.0	43.0	0.0	0.0	0.0	64.0	0.0	0.0	0.0	0.0	0.0	0.0	0.0	0.0	0.0	0.0	0.0	0.0	0.0	0.0	0.0	0.0	0.0	0.0	0.0	0.0	0.0	0.0	0.0	2.0	0.0	0.0	0.0	0.0	0.0	0.0	0.0	0.0	0.0	0.0	0.0	0.0	0.0	0.0	0.0	0.0	0.0	0.0	0.0	0.0	0.0	0.0	0.0	0.0	0.0	0.0	0.0	0.0	0.0	0.0	0.0	0.0	0.0	7.0	0.0	0.0	0.0	0.0	0.0	0.0	0.0	0.0	0.0	0.0	0.0	0.0	0.0	0.0	0.0	0.0	0.0	0.0	0.0	0.0	0.0	0.0	0.0	0.0	0.0	0.0	0.0	0.0	0.0	0.0	0.0	0.0	0.0	28.0	0.0	0.0	0.0	0.0	0.0	0.0	0.0	0.0	0.0	0.0	0.0	0.0	0.0	0.0	0.0	0.0	3.0	0.0	0.0	0.0	0.0	0.0	0.0	0.0	0.0	0.0	0.0	0.0	0.0	0.0	0.0	0.0	0.0	0.0	0.0	0.0	0.0	0.0	0.0	0.0	0.0	0.0
SRR5532767	0.0	0.0	0.0	0.0	4.0	0.0	7.0	0.0	0.0	0.0	0.0	727.0	623.0	22.0	0.0	0.0	0.0	0.0	0.0	37.0	215.0	0.0	413.0	66.0	3359.0	15.0	0.0	0.0	3.0	0.0	198.0	3.0	0.0	12.0	0.0	2.0	0.0	2.0	37.0	3.0	0.0	0.0	4.0	0.0	0.0	0.0	0.0	314.0	2.0	25.0	109.0	5.0	0.0	0.0	3.0	38.0	0.0	0.0	152.0	216.0	66.0	0.0	256.0	54.0	5.0	0.0	100.0	0.0	0.0	0.0	265.0	0.0	0.0	0.0	0.0	0.0	0.0	0.0	0.0	0.0	0.0	18.0	4.0	0.0	40.0	0.0	0.0	170.0	0.0	0.0	0.0	3.0	7.0	0.0	87.0	0.0	0.0	4.0	328.0	5.0	0.0	66.0	0.0	0.0	0.0	0.0	0.0	0.0	0.0	12.0	0.0	3.0	16.0	0.0	0.0	23.0	0.0	0.0	0.0	0.0	0.0	0.0	0.0	5.0	0.0	22.0	0.0	0.0	0.0	0.0	2543.0	4.0	0.0	0.0	0.0	0.0	89.0	0.0	0.0	0.0	0.0	0.0	0.0	0.0	45.0	0.0	0.0	5.0	0.0	11.0	2.0	0.0	0.0	0.0	0.0	0.0	0.0	0.0	0.0	3.0	0.0	0.0	0.0	0.0	0.0	0.0	0.0	3.0	0.0	0.0	0.0	0.0	84.0	0.0	0.0	56.0	0.0	31.0	0.0	0.0	0.0	0.0	0.0	0.0	0.0	0.0	0.0	0.0	0.0	0.0	0.0	0.0	0.0	0.0	0.0	0.0	0.0	0.0	0.0	0.0	0.0	0.0	0.0	7.0	0.0	0.0	0.0	0.0	0.0	0.0	0.0	0.0	0.0	0.0	0.0	0.0	0.0	0.0	0.0	0.0	0.0	0.0	0.0	0.0	3.0	0.0	0.0	0.0	0.0	0.0	0.0	0.0	0.0	0.0	0.0	0.0	0.0	0.0	0.0	0.0	0.0	0.0	0.0	0.0	0.0	0.0	0.0	0.0	0.0	0.0	0.0	0.0	0.0	0.0	0.0	0.0	0.0	0.0	0.0	0.0	0.0	4.0	0.0	0.0	0.0	0.0	0.0	0.0	0.0	0.0	0.0	0.0	0.0	0.0	0.0	0.0	0.0	0.0	0.0	0.0	0.0	0.0	0.0	0.0	0.0	0.0	0.0	0.0	0.0	0.0	71.0	0.0	0.0	0.0	0.0	0.0	0.0	0.0	0.0	0.0	0.0	0.0	0.0	0.0	0.0	0.0	0.0	0.0	0.0	0.0	0.0	0.0	0.0	0.0	0.0	0.0	0.0	0.0	0.0	0.0	0.0	0.0	0.0	0.0	0.0	0.0	0.0	0.0	0.0	0.0	0.0	0.0
SRR5532768	0.0	9.0	0.0	0.0	0.0	2.0	10.0	6.0	0.0	17.0	0.0	632.0	371.0	132.0	0.0	0.0	4.0	0.0	0.0	28.0	153.0	11.0	337.0	46.0	4826.0	23.0	0.0	0.0	0.0	0.0	199.0	0.0	0.0	1.0	0.0	11.0	0.0	0.0	29.0	0.0	0.0	0.0	1.0	0.0	0.0	0.0	0.0	182.0	0.0	57.0	328.0	0.0	13.0	6.0	0.0	36.0	0.0	0.0	690.0	422.0	172.0	0.0	196.0	61.0	18.0	3.0	111.0	0.0	0.0	67.0	718.0	0.0	0.0	0.0	3.0	0.0	0.0	0.0	0.0	0.0	2.0	18.0	0.0	9.0	22.0	0.0	0.0	166.0	0.0	0.0	0.0	0.0	13.0	0.0	59.0	0.0	2.0	82.0	504.0	3.0	0.0	71.0	0.0	0.0	0.0	0.0	0.0	0.0	0.0	2407.0	0.0	7.0	0.0	0.0	0.0	0.0	0.0	0.0	0.0	0.0	0.0	0.0	0.0	0.0	0.0	28.0	0.0	0.0	4.0	2.0	927.0	0.0	0.0	0.0	0.0	0.0	106.0	0.0	0.0	0.0	0.0	0.0	0.0	0.0	51.0	0.0	0.0	0.0	0.0	2.0	0.0	0.0	0.0	0.0	0.0	0.0	0.0	0.0	0.0	0.0	3.0	0.0	0.0	0.0	0.0	0.0	0.0	1.0	0.0	0.0	0.0	0.0	16.0	0.0	0.0	95.0	0.0	17.0	0.0	0.0	0.0	0.0	0.0	0.0	0.0	0.0	0.0	0.0	0.0	0.0	0.0	4.0	0.0	0.0	0.0	13.0	0.0	48.0	0.0	0.0	0.0	0.0	0.0	19.0	0.0	0.0	0.0	0.0	0.0	0.0	0.0	0.0	0.0	0.0	0.0	0.0	0.0	0.0	0.0	0.0	0.0	0.0	0.0	0.0	0.0	0.0	0.0	0.0	0.0	0.0	0.0	0.0	0.0	0.0	0.0	0.0	0.0	0.0	0.0	0.0	0.0	0.0	0.0	0.0	0.0	0.0	0.0	0.0	0.0	0.0	0.0	0.0	0.0	0.0	0.0	0.0	0.0	0.0	0.0	0.0	0.0	0.0	0.0	0.0	0.0	0.0	0.0	0.0	0.0	0.0	0.0	0.0	0.0	0.0	0.0	0.0	0.0	0.0	0.0	0.0	0.0	0.0	0.0	0.0	0.0	0.0	0.0	0.0	0.0	0.0	17.0	0.0	0.0	0.0	0.0	0.0	0.0	0.0	0.0	0.0	0.0	0.0	0.0	0.0	0.0	0.0	0.0	0.0	0.0	0.0	0.0	0.0	0.0	0.0	0.0	0.0	0.0	0.0	0.0	0.0	0.0	0.0	0.0	0.0	0.0	0.0	0.0	0.0	0.0	0.0	0.0	0.0
SRR5532769	0.0	15.0	0.0	0.0	0.0	0.0	0.0	0.0	0.0	0.0	0.0	558.0	1124.0	166.0	0.0	0.0	0.0	0.0	0.0	73.0	458.0	0.0	544.0	252.0	5594.0	27.0	0.0	0.0	16.0	0.0	31.0	0.0	0.0	0.0	0.0	0.0	0.0	2.0	48.0	0.0	5.0	0.0	10.0	0.0	0.0	0.0	0.0	162.0	0.0	30.0	27.0	0.0	22.0	4.0	0.0	52.0	0.0	0.0	210.0	864.0	226.0	11.0	938.0	106.0	0.0	0.0	203.0	0.0	0.0	0.0	629.0	0.0	0.0	0.0	0.0	0.0	0.0	0.0	0.0	0.0	0.0	26.0	0.0	0.0	1.0	0.0	0.0	136.0	0.0	0.0	0.0	0.0	0.0	0.0	140.0	0.0	0.0	13.0	1730.0	0.0	0.0	128.0	0.0	0.0	2.0	0.0	0.0	0.0	0.0	6.0	0.0	30.0	0.0	0.0	0.0	0.0	0.0	3.0	0.0	0.0	0.0	0.0	0.0	0.0	0.0	22.0	0.0	0.0	0.0	0.0	629.0	0.0	0.0	2.0	0.0	0.0	123.0	0.0	0.0	0.0	0.0	0.0	0.0	0.0	70.0	0.0	0.0	0.0	0.0	0.0	0.0	0.0	0.0	9.0	0.0	0.0	10.0	0.0	0.0	0.0	0.0	0.0	0.0	0.0	0.0	0.0	0.0	5.0	0.0	0.0	0.0	0.0	33.0	0.0	0.0	348.0	0.0	19.0	0.0	0.0	0.0	0.0	0.0	0.0	0.0	0.0	0.0	2.0	0.0	0.0	0.0	0.0	0.0	0.0	0.0	0.0	0.0	7.0	0.0	0.0	0.0	0.0	0.0	18.0	0.0	0.0	2.0	0.0	1.0	0.0	0.0	0.0	0.0	0.0	0.0	0.0	0.0	0.0	0.0	0.0	0.0	0.0	0.0	0.0	0.0	0.0	0.0	0.0	0.0	0.0	0.0	0.0	0.0	0.0	0.0	0.0	0.0	0.0	0.0	0.0	0.0	0.0	2.0	0.0	0.0	0.0	0.0	0.0	0.0	0.0	0.0	0.0	0.0	0.0	0.0	0.0	0.0	0.0	0.0	0.0	0.0	43.0	0.0	0.0	0.0	0.0	0.0	0.0	0.0	0.0	0.0	0.0	0.0	0.0	0.0	0.0	0.0	0.0	0.0	0.0	0.0	0.0	0.0	0.0	0.0	0.0	0.0	1.0	0.0	0.0	28.0	0.0	0.0	0.0	0.0	0.0	0.0	0.0	0.0	0.0	0.0	0.0	0.0	0.0	0.0	0.0	0.0	0.0	0.0	0.0	0.0	0.0	0.0	0.0	0.0	0.0	0.0	0.0	0.0	0.0	0.0	0.0	0.0	0.0	0.0	0.0	0.0	0.0	0.0	0.0	0.0	0.0
SRR5532770	0.0	0.0	0.0	0.0	2.0	2.0	0.0	0.0	0.0	3.0	0.0	786.0	813.0	58.0	0.0	0.0	0.0	0.0	0.0	52.0	416.0	0.0	641.0	28.0	2990.0	7.0	0.0	0.0	9.0	0.0	39.0	0.0	0.0	0.0	0.0	0.0	0.0	0.0	26.0	0.0	0.0	0.0	3.0	0.0	8.0	0.0	3.0	221.0	0.0	50.0	127.0	0.0	5.0	5.0	15.0	46.0	0.0	0.0	541.0	237.0	150.0	3.0	254.0	55.0	0.0	1.0	162.0	0.0	0.0	0.0	287.0	0.0	0.0	0.0	0.0	0.0	0.0	0.0	0.0	2.0	0.0	12.0	0.0	0.0	15.0	0.0	3.0	134.0	0.0	0.0	0.0	0.0	0.0	0.0	75.0	0.0	0.0	12.0	2141.0	0.0	0.0	134.0	0.0	0.0	0.0	0.0	0.0	0.0	0.0	0.0	0.0	14.0	7.0	0.0	0.0	7.0	0.0	3.0	0.0	0.0	0.0	0.0	1.0	0.0	0.0	36.0	0.0	0.0	19.0	0.0	988.0	0.0	0.0	0.0	0.0	0.0	40.0	0.0	0.0	0.0	0.0	0.0	0.0	0.0	11.0	3.0	0.0	0.0	0.0	2.0	0.0	0.0	0.0	0.0	0.0	5.0	0.0	0.0	0.0	0.0	0.0	0.0	0.0	0.0	0.0	0.0	0.0	2.0	0.0	0.0	0.0	0.0	8.0	0.0	0.0	62.0	0.0	21.0	0.0	0.0	0.0	0.0	0.0	0.0	4.0	0.0	0.0	0.0	0.0	0.0	0.0	0.0	0.0	0.0	0.0	0.0	18.0	0.0	0.0	0.0	0.0	0.0	0.0	15.0	0.0	0.0	0.0	2.0	0.0	0.0	0.0	0.0	0.0	0.0	0.0	0.0	0.0	0.0	0.0	0.0	0.0	0.0	0.0	0.0	0.0	0.0	0.0	0.0	0.0	0.0	0.0	0.0	0.0	0.0	0.0	0.0	0.0	0.0	0.0	0.0	0.0	0.0	0.0	0.0	0.0	0.0	0.0	0.0	0.0	0.0	0.0	0.0	0.0	0.0	0.0	0.0	0.0	0.0	0.0	0.0	0.0	8.0	0.0	0.0	0.0	0.0	0.0	0.0	0.0	0.0	0.0	0.0	0.0	0.0	0.0	0.0	0.0	0.0	0.0	0.0	0.0	0.0	0.0	0.0	0.0	0.0	0.0	0.0	0.0	0.0	0.0	0.0	0.0	0.0	0.0	0.0	0.0	0.0	0.0	0.0	0.0	0.0	0.0	0.0	0.0	0.0	0.0	0.0	0.0	0.0	0.0	0.0	0.0	0.0	0.0	0.0	0.0	0.0	0.0	0.0	0.0	0.0	0.0	0.0	0.0	0.0	0.0	0.0	0.0	0.0	0.0	0.0
SRR5532771	0.0	13.0	19.0	0.0	0.0	2.0	6.0	0.0	0.0	21.0	0.0	364.0	266.0	18.0	0.0	9.0	30.0	0.0	6.0	46.0	125.0	4.0	844.0	14.0	6664.0	37.0	7.0	0.0	23.0	82.0	150.0	0.0	0.0	0.0	0.0	108.0	2.0	3.0	0.0	6.0	9.0	3.0	14.0	5.0	3.0	0.0	0.0	551.0	6.0	158.0	756.0	9.0	20.0	0.0	0.0	51.0	0.0	0.0	5020.0	42.0	109.0	6.0	11.0	51.0	22.0	0.0	74.0	0.0	0.0	5.0	532.0	3.0	0.0	0.0	0.0	0.0	0.0	5.0	0.0	0.0	0.0	13.0	68.0	0.0	36.0	0.0	0.0	130.0	0.0	9.0	0.0	0.0	31.0	12.0	19.0	0.0	2.0	255.0	218.0	0.0	0.0	135.0	0.0	0.0	0.0	3.0	0.0	0.0	15.0	0.0	0.0	3.0	8.0	0.0	0.0	3.0	0.0	3.0	0.0	33.0	0.0	0.0	0.0	73.0	0.0	290.0	0.0	0.0	52.0	0.0	1298.0	8.0	0.0	0.0	0.0	0.0	722.0	0.0	0.0	0.0	0.0	0.0	0.0	0.0	110.0	9.0	6.0	0.0	0.0	74.0	0.0	0.0	0.0	4.0	105.0	0.0	0.0	0.0	5.0	0.0	0.0	0.0	0.0	0.0	0.0	0.0	0.0	0.0	0.0	4.0	4.0	1.0	22.0	0.0	6.0	60.0	0.0	13.0	0.0	0.0	0.0	0.0	0.0	0.0	0.0	0.0	8.0	0.0	0.0	3.0	0.0	6.0	0.0	3.0	0.0	7.0	0.0	24.0	0.0	0.0	0.0	0.0	0.0	3.0	0.0	0.0	0.0	0.0	0.0	0.0	0.0	0.0	0.0	0.0	0.0	0.0	0.0	0.0	0.0	0.0	0.0	2.0	0.0	0.0	0.0	0.0	0.0	0.0	0.0	0.0	0.0	0.0	0.0	0.0	0.0	0.0	0.0	0.0	0.0	0.0	0.0	0.0	0.0	0.0	0.0	4.0	0.0	0.0	0.0	0.0	0.0	0.0	0.0	0.0	0.0	0.0	0.0	0.0	0.0	0.0	0.0	0.0	0.0	0.0	0.0	0.0	0.0	0.0	0.0	0.0	0.0	0.0	0.0	0.0	0.0	0.0	0.0	0.0	0.0	0.0	0.0	0.0	0.0	0.0	0.0	0.0	0.0	0.0	0.0	4.0	0.0	0.0	0.0	0.0	0.0	0.0	0.0	0.0	0.0	0.0	0.0	0.0	0.0	0.0	0.0	0.0	0.0	0.0	0.0	0.0	0.0	0.0	0.0	0.0	0.0	0.0	0.0	0.0	0.0	0.0	0.0	0.0	0.0	0.0	0.0	0.0	0.0	0.0	0.0	0.0	0.0	0.0
SRR5532772	0.0	51.0	26.0	0.0	0.0	2.0	11.0	11.0	0.0	4.0	0.0	225.0	387.0	81.0	0.0	1.0	12.0	0.0	11.0	25.0	91.0	6.0	1412.0	38.0	11315.0	24.0	4.0	0.0	0.0	5.0	139.0	0.0	0.0	0.0	0.0	107.0	0.0	1.0	3.0	9.0	5.0	2.0	2.0	2.0	3.0	0.0	0.0	382.0	0.0	101.0	923.0	0.0	13.0	8.0	10.0	35.0	11.0	0.0	3015.0	54.0	89.0	10.0	24.0	110.0	16.0	6.0	79.0	0.0	0.0	40.0	537.0	15.0	10.0	0.0	1.0	0.0	0.0	6.0	0.0	0.0	0.0	26.0	53.0	2.0	15.0	0.0	0.0	164.0	0.0	0.0	16.0	5.0	22.0	16.0	48.0	0.0	0.0	239.0	56.0	0.0	0.0	225.0	27.0	0.0	0.0	0.0	0.0	3.0	52.0	31.0	0.0	1.0	0.0	0.0	0.0	0.0	0.0	0.0	0.0	8.0	0.0	0.0	0.0	83.0	0.0	114.0	0.0	0.0	62.0	1.0	1129.0	0.0	0.0	0.0	0.0	0.0	132.0	0.0	6.0	0.0	0.0	2.0	0.0	0.0	115.0	3.0	6.0	0.0	0.0	41.0	0.0	0.0	0.0	4.0	102.0	0.0	10.0	0.0	0.0	0.0	2.0	0.0	0.0	0.0	0.0	0.0	0.0	3.0	0.0	19.0	0.0	0.0	28.0	0.0	0.0	338.0	0.0	0.0	0.0	0.0	0.0	0.0	0.0	0.0	0.0	0.0	11.0	14.0	0.0	0.0	0.0	0.0	0.0	2.0	0.0	0.0	0.0	73.0	0.0	0.0	0.0	0.0	0.0	8.0	0.0	0.0	0.0	0.0	0.0	0.0	0.0	0.0	0.0	0.0	0.0	0.0	0.0	0.0	0.0	0.0	11.0	0.0	0.0	0.0	0.0	0.0	0.0	0.0	0.0	0.0	0.0	0.0	0.0	0.0	0.0	0.0	0.0	0.0	0.0	5.0	0.0	3.0	0.0	0.0	0.0	0.0	0.0	0.0	0.0	0.0	0.0	0.0	0.0	0.0	0.0	0.0	0.0	0.0	0.0	0.0	0.0	4.0	0.0	0.0	0.0	0.0	0.0	0.0	0.0	0.0	0.0	0.0	0.0	0.0	2.0	0.0	0.0	0.0	0.0	0.0	0.0	0.0	0.0	0.0	0.0	0.0	0.0	0.0	0.0	0.0	0.0	0.0	0.0	0.0	0.0	0.0	0.0	0.0	0.0	0.0	0.0	0.0	0.0	0.0	0.0	0.0	0.0	0.0	0.0	0.0	0.0	0.0	0.0	0.0	0.0	0.0	0.0	0.0	0.0	0.0	0.0	0.0	0.0	0.0	0.0	0.0	0.0	0.0	0.0	0.0	0.0	0.0
SRR5532773	0.0	0.0	0.0	0.0	0.0	0.0	0.0	0.0	0.0	12.0	0.0	186.0	410.0	41.0	0.0	2.0	0.0	8.0	3.0	7.0	54.0	0.0	1621.0	3.0	3159.0	26.0	0.0	0.0	1.0	7.0	121.0	0.0	0.0	0.0	0.0	17.0	0.0	0.0	8.0	1.0	0.0	0.0	2.0	0.0	0.0	0.0	0.0	288.0	0.0	50.0	368.0	0.0	24.0	6.0	11.0	13.0	0.0	0.0	3536.0	6.0	88.0	0.0	53.0	20.0	7.0	0.0	23.0	0.0	0.0	28.0	396.0	4.0	5.0	0.0	0.0	0.0	0.0	0.0	0.0	0.0	0.0	8.0	21.0	0.0	46.0	0.0	0.0	139.0	0.0	11.0	0.0	11.0	10.0	2.0	0.0	0.0	0.0	132.0	74.0	3.0	0.0	165.0	0.0	0.0	3.0	0.0	0.0	0.0	0.0	16.0	0.0	0.0	0.0	0.0	0.0	0.0	6.0	0.0	3.0	5.0	0.0	0.0	0.0	49.0	0.0	208.0	8.0	0.0	20.0	0.0	1317.0	0.0	0.0	0.0	0.0	0.0	170.0	0.0	0.0	0.0	4.0	0.0	0.0	0.0	108.0	0.0	0.0	0.0	0.0	77.0	0.0	0.0	0.0	0.0	72.0	0.0	0.0	0.0	13.0	0.0	0.0	0.0	0.0	0.0	0.0	0.0	0.0	0.0	0.0	12.0	0.0	4.0	5.0	0.0	0.0	92.0	2.0	0.0	0.0	0.0	0.0	0.0	0.0	0.0	2.0	0.0	0.0	0.0	0.0	0.0	0.0	0.0	0.0	0.0	0.0	1.0	0.0	0.0	0.0	0.0	0.0	0.0	0.0	0.0	0.0	0.0	0.0	0.0	0.0	0.0	5.0	0.0	0.0	0.0	0.0	0.0	0.0	0.0	0.0	0.0	3.0	0.0	0.0	0.0	0.0	0.0	0.0	0.0	0.0	0.0	0.0	0.0	0.0	0.0	0.0	0.0	0.0	0.0	0.0	0.0	0.0	0.0	0.0	0.0	0.0	0.0	0.0	0.0	0.0	0.0	0.0	0.0	0.0	0.0	0.0	0.0	0.0	0.0	0.0	0.0	0.0	0.0	0.0	0.0	0.0	0.0	0.0	0.0	0.0	0.0	0.0	0.0	0.0	0.0	0.0	0.0	0.0	0.0	0.0	0.0	0.0	0.0	0.0	0.0	0.0	0.0	0.0	0.0	0.0	15.0	0.0	0.0	0.0	0.0	0.0	0.0	0.0	0.0	0.0	0.0	0.0	0.0	0.0	0.0	0.0	0.0	0.0	0.0	0.0	0.0	0.0	0.0	0.0	0.0	0.0	0.0	0.0	0.0	0.0	0.0	0.0	0.0	0.0	0.0	0.0	0.0	0.0	0.0	0.0	0.0	0.0	0.0
SRR5532777	0.0	0.0	0.0	0.0	0.0	0.0	88.0	0.0	0.0	3.0	0.0	568.0	874.0	168.0	0.0	0.0	0.0	0.0	0.0	20.0	121.0	0.0	168.0	25.0	5045.0	0.0	0.0	0.0	11.0	0.0	5.0	0.0	0.0	4.0	0.0	1.0	0.0	7.0	23.0	0.0	0.0	57.0	0.0	2.0	0.0	0.0	11.0	0.0	0.0	123.0	296.0	0.0	0.0	0.0	16.0	38.0	40.0	0.0	2178.0	438.0	139.0	0.0	57.0	48.0	18.0	2.0	191.0	17.0	0.0	0.0	205.0	2.0	0.0	0.0	0.0	0.0	0.0	0.0	0.0	0.0	4.0	0.0	13.0	0.0	6.0	0.0	0.0	55.0	0.0	0.0	0.0	0.0	0.0	3.0	179.0	0.0	0.0	19.0	1367.0	2.0	0.0	57.0	8.0	0.0	38.0	0.0	0.0	0.0	0.0	23.0	0.0	6.0	28.0	0.0	0.0	0.0	0.0	0.0	0.0	5.0	0.0	0.0	0.0	10.0	0.0	0.0	0.0	0.0	7.0	0.0	147.0	0.0	0.0	0.0	0.0	0.0	22.0	0.0	0.0	0.0	0.0	0.0	0.0	0.0	43.0	6.0	0.0	0.0	0.0	3.0	0.0	0.0	0.0	48.0	0.0	0.0	10.0	0.0	0.0	0.0	0.0	0.0	0.0	0.0	0.0	0.0	0.0	0.0	0.0	0.0	0.0	0.0	0.0	0.0	0.0	304.0	0.0	12.0	0.0	7.0	0.0	0.0	0.0	0.0	0.0	0.0	0.0	0.0	0.0	0.0	0.0	0.0	0.0	4.0	0.0	0.0	0.0	14.0	0.0	0.0	0.0	0.0	0.0	6.0	0.0	0.0	0.0	0.0	0.0	0.0	0.0	0.0	0.0	0.0	0.0	0.0	0.0	0.0	0.0	0.0	0.0	0.0	0.0	0.0	0.0	0.0	0.0	0.0	0.0	0.0	0.0	0.0	0.0	0.0	0.0	0.0	0.0	0.0	0.0	0.0	0.0	0.0	0.0	0.0	0.0	0.0	0.0	0.0	0.0	0.0	0.0	0.0	0.0	0.0	0.0	0.0	0.0	0.0	0.0	0.0	0.0	0.0	0.0	0.0	0.0	0.0	0.0	0.0	0.0	0.0	0.0	0.0	0.0	0.0	0.0	0.0	0.0	0.0	0.0	0.0	0.0	0.0	0.0	0.0	0.0	0.0	0.0	0.0	0.0	0.0	0.0	0.0	0.0	0.0	0.0	0.0	0.0	0.0	0.0	0.0	0.0	0.0	0.0	0.0	0.0	0.0	0.0	0.0	0.0	0.0	0.0	0.0	0.0	0.0	0.0	0.0	0.0	0.0	0.0	0.0	0.0	0.0	0.0	0.0	0.0	0.0	0.0	0.0	0.0	0.0	0.0	0.0
SRR5532778	0.0	0.0	10.0	0.0	0.0	3.0	15.0	0.0	0.0	32.0	0.0	356.0	1112.0	280.0	0.0	0.0	18.0	4.0	0.0	62.0	319.0	6.0	391.0	12.0	13192.0	23.0	0.0	0.0	4.0	0.0	121.0	0.0	1.0	0.0	0.0	22.0	0.0	0.0	9.0	0.0	0.0	0.0	5.0	0.0	0.0	0.0	0.0	8.0	0.0	254.0	721.0	5.0	1.0	0.0	2.0	29.0	74.0	0.0	3184.0	241.0	275.0	5.0	137.0	22.0	33.0	0.0	114.0	0.0	0.0	0.0	184.0	10.0	0.0	0.0	0.0	6.0	0.0	0.0	2.0	0.0	0.0	4.0	5.0	0.0	2.0	0.0	0.0	103.0	0.0	0.0	0.0	0.0	2.0	9.0	35.0	0.0	0.0	1261.0	1256.0	0.0	0.0	211.0	0.0	0.0	0.0	0.0	0.0	0.0	0.0	0.0	0.0	8.0	24.0	0.0	0.0	11.0	0.0	0.0	0.0	9.0	0.0	0.0	18.0	34.0	0.0	0.0	0.0	0.0	0.0	0.0	19.0	0.0	0.0	2.0	0.0	0.0	17.0	0.0	0.0	0.0	0.0	0.0	0.0	0.0	106.0	8.0	0.0	0.0	0.0	11.0	0.0	0.0	0.0	0.0	0.0	0.0	0.0	0.0	3.0	0.0	0.0	0.0	0.0	0.0	0.0	0.0	2.0	4.0	0.0	0.0	0.0	0.0	0.0	0.0	0.0	498.0	0.0	12.0	0.0	2.0	0.0	0.0	3.0	0.0	0.0	0.0	0.0	0.0	0.0	0.0	0.0	2.0	0.0	2.0	0.0	0.0	25.0	47.0	0.0	0.0	0.0	0.0	0.0	16.0	0.0	0.0	0.0	0.0	0.0	0.0	0.0	0.0	0.0	0.0	0.0	0.0	0.0	0.0	0.0	0.0	0.0	2.0	0.0	0.0	0.0	0.0	0.0	0.0	0.0	0.0	0.0	0.0	0.0	0.0	0.0	8.0	0.0	0.0	0.0	0.0	0.0	0.0	0.0	0.0	0.0	0.0	0.0	0.0	0.0	0.0	0.0	0.0	0.0	0.0	0.0	0.0	0.0	0.0	0.0	0.0	0.0	3.0	0.0	0.0	0.0	0.0	0.0	0.0	0.0	0.0	0.0	0.0	0.0	0.0	0.0	0.0	0.0	0.0	0.0	0.0	0.0	0.0	0.0	0.0	0.0	0.0	0.0	0.0	0.0	0.0	0.0	0.0	0.0	0.0	0.0	0.0	0.0	0.0	0.0	0.0	0.0	0.0	0.0	0.0	0.0	0.0	0.0	0.0	0.0	0.0	0.0	0.0	0.0	0.0	0.0	0.0	0.0	0.0	0.0	0.0	0.0	0.0	0.0	0.0	0.0	0.0	0.0	0.0	0.0	0.0	0.0	0.0
SRR5532779	7.0	1073.0	16.0	32.0	0.0	2.0	0.0	29.0	0.0	9.0	118.0	14.0	408.0	387.0	30.0	106.0	3734.0	374.0	37.0	463.0	962.0	8.0	577.0	41.0	3666.0	179.0	226.0	3.0	0.0	0.0	65.0	56.0	2.0	390.0	3.0	458.0	9.0	20.0	191.0	22.0	403.0	32.0	122.0	3.0	48.0	0.0	26.0	19.0	626.0	277.0	159.0	24.0	434.0	224.0	11.0	29.0	102.0	0.0	2439.0	4.0	284.0	45.0	106.0	174.0	19.0	9.0	47.0	16.0	0.0	0.0	137.0	0.0	127.0	72.0	35.0	19.0	0.0	96.0	0.0	0.0	0.0	4.0	38.0	26.0	27.0	0.0	18.0	685.0	0.0	52.0	4.0	0.0	0.0	0.0	18.0	22.0	71.0	67.0	25.0	0.0	0.0	2.0	12.0	0.0	0.0	16.0	0.0	34.0	0.0	0.0	1.0	5.0	9.0	0.0	2.0	8.0	21.0	0.0	8.0	33.0	119.0	0.0	183.0	1282.0	0.0	9.0	0.0	0.0	11.0	0.0	0.0	0.0	0.0	0.0	0.0	0.0	70.0	0.0	48.0	0.0	0.0	147.0	28.0	22.0	354.0	34.0	0.0	0.0	32.0	39.0	0.0	0.0	0.0	0.0	251.0	0.0	61.0	0.0	33.0	0.0	3.0	4.0	0.0	0.0	0.0	0.0	20.0	14.0	6.0	0.0	34.0	0.0	193.0	0.0	0.0	131.0	0.0	0.0	0.0	0.0	0.0	1.0	0.0	1.0	6.0	0.0	92.0	0.0	0.0	9.0	0.0	6.0	0.0	1.0	0.0	0.0	3.0	54.0	0.0	0.0	3.0	0.0	17.0	0.0	0.0	7.0	0.0	0.0	0.0	0.0	0.0	0.0	0.0	0.0	0.0	0.0	13.0	0.0	0.0	0.0	9.0	101.0	0.0	0.0	0.0	0.0	0.0	0.0	0.0	0.0	1.0	11.0	0.0	0.0	0.0	0.0	0.0	0.0	0.0	0.0	0.0	0.0	0.0	2.0	14.0	11.0	0.0	0.0	0.0	0.0	0.0	0.0	0.0	0.0	0.0	8.0	2.0	0.0	0.0	0.0	0.0	0.0	0.0	0.0	0.0	2.0	0.0	0.0	0.0	0.0	0.0	0.0	0.0	0.0	0.0	0.0	0.0	0.0	0.0	0.0	0.0	0.0	0.0	0.0	0.0	0.0	0.0	0.0	0.0	0.0	0.0	0.0	0.0	0.0	0.0	0.0	0.0	0.0	0.0	0.0	0.0	0.0	0.0	0.0	0.0	0.0	0.0	0.0	0.0	0.0	0.0	0.0	0.0	0.0	0.0	0.0	0.0	0.0	0.0	0.0	0.0	0.0	0.0	0.0	0.0	0.0	0.0	0.0	0.0	0.0	0.0	0.0
SRR5532780	0.0	1098.0	84.0	15.0	0.0	31.0	0.0	38.0	2.0	15.0	202.0	33.0	1231.0	524.0	26.0	479.0	3863.0	1193.0	77.0	928.0	2211.0	16.0	1726.0	88.0	3772.0	439.0	332.0	0.0	0.0	5.0	102.0	46.0	4.0	516.0	4.0	551.0	11.0	4.0	318.0	21.0	614.0	19.0	155.0	40.0	67.0	0.0	24.0	24.0	774.0	319.0	382.0	47.0	414.0	163.0	43.0	78.0	87.0	0.0	3961.0	0.0	186.0	88.0	177.0	228.0	133.0	9.0	111.0	13.0	0.0	0.0	179.0	6.0	366.0	61.0	97.0	45.0	12.0	178.0	9.0	11.0	0.0	7.0	175.0	30.0	53.0	0.0	20.0	1054.0	0.0	63.0	35.0	3.0	8.0	0.0	0.0	18.0	381.0	307.0	28.0	0.0	87.0	22.0	8.0	0.0	0.0	67.0	0.0	63.0	50.0	0.0	0.0	0.0	15.0	0.0	0.0	17.0	0.0	5.0	5.0	60.0	371.0	0.0	117.0	1135.0	0.0	40.0	22.0	0.0	121.0	8.0	32.0	0.0	44.0	1.0	0.0	0.0	56.0	0.0	143.0	10.0	0.0	266.0	45.0	0.0	586.0	6.0	0.0	0.0	12.0	45.0	0.0	10.0	2.0	0.0	238.0	0.0	48.0	4.0	27.0	0.0	32.0	0.0	0.0	0.0	27.0	0.0	52.0	4.0	0.0	0.0	19.0	4.0	248.0	0.0	0.0	156.0	14.0	0.0	0.0	0.0	0.0	0.0	4.0	27.0	27.0	0.0	137.0	0.0	0.0	0.0	0.0	9.0	0.0	30.0	8.0	0.0	0.0	92.0	0.0	17.0	2.0	0.0	76.0	20.0	14.0	0.0	0.0	0.0	1.0	0.0	0.0	0.0	14.0	0.0	0.0	0.0	14.0	0.0	0.0	0.0	41.0	42.0	0.0	0.0	0.0	0.0	0.0	5.0	0.0	0.0	3.0	0.0	0.0	0.0	0.0	0.0	0.0	0.0	0.0	3.0	0.0	0.0	0.0	0.0	0.0	49.0	0.0	0.0	1.0	0.0	0.0	6.0	0.0	0.0	0.0	21.0	0.0	0.0	0.0	0.0	0.0	0.0	0.0	0.0	0.0	6.0	37.0	0.0	0.0	0.0	0.0	0.0	0.0	0.0	0.0	0.0	0.0	0.0	0.0	0.0	0.0	0.0	0.0	11.0	0.0	0.0	0.0	0.0	0.0	0.0	0.0	0.0	0.0	0.0	0.0	0.0	0.0	0.0	0.0	0.0	0.0	0.0	0.0	0.0	0.0	0.0	0.0	0.0	0.0	0.0	0.0	0.0	0.0	0.0	0.0	0.0	0.0	0.0	0.0	0.0	0.0	0.0	0.0	0.0	0.0	0.0	0.0	0.0	0.0	0.0	0.0	0.0
SRR5532781	0.0	317.0	50.0	13.0	4.0	5.0	89.0	9.0	47.0	0.0	0.0	105.0	546.0	217.0	53.0	79.0	693.0	29.0	29.0	419.0	1352.0	23.0	350.0	328.0	3350.0	516.0	100.0	0.0	40.0	21.0	55.0	2.0	16.0	201.0	2.0	120.0	18.0	12.0	1870.0	28.0	319.0	12.0	102.0	24.0	45.0	0.0	0.0	66.0	212.0	330.0	245.0	155.0	54.0	72.0	43.0	148.0	31.0	0.0	1367.0	127.0	156.0	35.0	149.0	311.0	60.0	21.0	198.0	79.0	0.0	0.0	216.0	11.0	91.0	27.0	33.0	12.0	0.0	27.0	4.0	50.0	1.0	46.0	65.0	17.0	162.0	0.0	2.0	171.0	50.0	17.0	46.0	16.0	8.0	29.0	435.0	16.0	133.0	137.0	54.0	31.0	2.0	23.0	25.0	11.0	70.0	10.0	0.0	40.0	15.0	8.0	0.0	4.0	22.0	0.0	0.0	12.0	19.0	0.0	0.0	19.0	72.0	0.0	102.0	166.0	0.0	23.0	80.0	0.0	0.0	6.0	38.0	8.0	0.0	33.0	20.0	0.0	156.0	0.0	0.0	26.0	4.0	44.0	0.0	6.0	132.0	16.0	0.0	0.0	4.0	10.0	0.0	0.0	3.0	0.0	385.0	109.0	98.0	2.0	10.0	4.0	13.0	5.0	0.0	9.0	0.0	6.0	2.0	10.0	0.0	52.0	0.0	11.0	72.0	0.0	0.0	39.0	9.0	191.0	0.0	8.0	14.0	32.0	2.0	9.0	50.0	3.0	24.0	60.0	0.0	0.0	0.0	5.0	0.0	4.0	0.0	72.0	34.0	9.0	0.0	0.0	0.0	0.0	0.0	49.0	0.0	0.0	6.0	0.0	0.0	0.0	0.0	0.0	0.0	0.0	9.0	0.0	0.0	0.0	0.0	393.0	3.0	38.0	3.0	0.0	0.0	0.0	0.0	0.0	0.0	0.0	0.0	0.0	0.0	12.0	0.0	0.0	0.0	0.0	0.0	0.0	0.0	3.0	0.0	0.0	0.0	19.0	5.0	0.0	0.0	0.0	21.0	0.0	0.0	0.0	0.0	9.0	0.0	0.0	4.0	0.0	0.0	0.0	0.0	0.0	0.0	0.0	0.0	0.0	0.0	0.0	0.0	0.0	0.0	0.0	0.0	0.0	0.0	0.0	0.0	0.0	0.0	19.0	0.0	0.0	0.0	9.0	0.0	0.0	0.0	0.0	0.0	0.0	0.0	0.0	0.0	0.0	0.0	0.0	0.0	0.0	0.0	0.0	0.0	0.0	0.0	0.0	13.0	0.0	0.0	0.0	0.0	0.0	0.0	0.0	0.0	0.0	0.0	0.0	0.0	0.0	0.0	0.0	0.0	0.0	0.0	0.0	0.0	0.0	0.0	0.0	0.0	0.0
SRR5532782	7.0	428.0	83.0	0.0	9.0	5.0	65.0	40.0	78.0	20.0	0.0	179.0	889.0	322.0	158.0	92.0	924.0	62.0	59.0	569.0	1752.0	32.0	764.0	425.0	5415.0	805.0	133.0	0.0	59.0	121.0	134.0	37.0	2.0	409.0	0.0	304.0	5.0	5.0	2749.0	19.0	355.0	62.0	127.0	35.0	62.0	0.0	4.0	115.0	399.0	379.0	994.0	180.0	131.0	58.0	5.0	185.0	47.0	6.0	3237.0	225.0	147.0	68.0	395.0	345.0	117.0	16.0	305.0	125.0	0.0	7.0	335.0	16.0	86.0	47.0	23.0	19.0	0.0	71.0	21.0	36.0	9.0	78.0	72.0	3.0	353.0	3.0	8.0	188.0	12.0	8.0	73.0	97.0	17.0	113.0	327.0	5.0	71.0	322.0	54.0	47.0	19.0	76.0	13.0	29.0	71.0	11.0	0.0	29.0	75.0	3.0	2.0	3.0	12.0	0.0	0.0	18.0	27.0	0.0	24.0	60.0	60.0	3.0	41.0	659.0	0.0	59.0	260.0	0.0	57.0	9.0	44.0	5.0	21.0	45.0	52.0	0.0	348.0	0.0	0.0	34.0	0.0	61.0	11.0	15.0	199.0	12.0	9.0	12.0	0.0	33.0	0.0	3.0	0.0	12.0	172.0	79.0	63.0	0.0	15.0	1.0	38.0	8.0	0.0	0.0	11.0	10.0	8.0	24.0	0.0	47.0	4.0	9.0	113.0	0.0	0.0	90.0	4.0	284.0	0.0	2.0	23.0	40.0	0.0	10.0	18.0	0.0	43.0	50.0	0.0	9.0	3.0	10.0	0.0	18.0	6.0	81.0	19.0	65.0	0.0	0.0	0.0	0.0	13.0	66.0	1.0	0.0	0.0	0.0	0.0	0.0	0.0	40.0	0.0	0.0	9.0	2.0	0.0	0.0	0.0	175.0	5.0	17.0	0.0	13.0	0.0	0.0	6.0	0.0	0.0	0.0	0.0	0.0	0.0	35.0	0.0	0.0	0.0	0.0	0.0	0.0	0.0	0.0	0.0	0.0	0.0	42.0	19.0	0.0	0.0	0.0	0.0	0.0	0.0	0.0	4.0	0.0	0.0	0.0	0.0	0.0	0.0	0.0	0.0	0.0	7.0	0.0	22.0	0.0	15.0	0.0	0.0	0.0	0.0	0.0	0.0	0.0	0.0	3.0	0.0	0.0	0.0	0.0	0.0	0.0	0.0	0.0	0.0	0.0	0.0	0.0	0.0	12.0	0.0	0.0	0.0	0.0	0.0	0.0	0.0	0.0	0.0	0.0	0.0	0.0	0.0	0.0	0.0	0.0	0.0	0.0	0.0	0.0	0.0	0.0	0.0	0.0	0.0	0.0	0.0	0.0	0.0	0.0	0.0	0.0	0.0	0.0	0.0	0.0	0.0	0.0	0.0	0.0
SRR5532783	0.0	20.0	3.0	0.0	0.0	3.0	86.0	0.0	0.0	23.0	0.0	115.0	401.0	29.0	0.0	0.0	14.0	0.0	1.0	13.0	128.0	4.0	165.0	38.0	11878.0	28.0	0.0	0.0	7.0	0.0	33.0	0.0	0.0	0.0	0.0	20.0	0.0	0.0	14.0	0.0	0.0	0.0	4.0	0.0	0.0	0.0	0.0	4.0	2.0	62.0	637.0	5.0	1.0	7.0	4.0	36.0	0.0	0.0	3215.0	321.0	147.0	2.0	19.0	36.0	9.0	2.0	130.0	0.0	0.0	0.0	200.0	11.0	0.0	0.0	0.0	0.0	0.0	0.0	0.0	0.0	1.0	5.0	15.0	0.0	0.0	0.0	0.0	25.0	0.0	0.0	0.0	2.0	0.0	0.0	177.0	0.0	0.0	96.0	259.0	0.0	0.0	21.0	7.0	0.0	0.0	0.0	0.0	0.0	0.0	2133.0	0.0	2.0	21.0	0.0	0.0	4.0	0.0	0.0	3.0	14.0	0.0	0.0	0.0	72.0	0.0	0.0	0.0	0.0	14.0	0.0	58.0	0.0	0.0	0.0	0.0	0.0	5.0	0.0	0.0	0.0	0.0	0.0	0.0	0.0	43.0	0.0	0.0	0.0	0.0	0.0	0.0	0.0	0.0	5.0	8.0	0.0	0.0	0.0	0.0	1.0	2.0	0.0	0.0	0.0	0.0	0.0	4.0	3.0	0.0	0.0	0.0	0.0	0.0	1.0	0.0	285.0	0.0	14.0	0.0	0.0	0.0	0.0	0.0	0.0	0.0	0.0	0.0	0.0	0.0	0.0	0.0	0.0	0.0	22.0	0.0	7.0	0.0	18.0	0.0	0.0	0.0	0.0	0.0	0.0	0.0	0.0	0.0	0.0	0.0	0.0	0.0	0.0	0.0	0.0	0.0	0.0	0.0	0.0	0.0	0.0	0.0	0.0	0.0	0.0	0.0	0.0	0.0	0.0	0.0	0.0	0.0	0.0	0.0	0.0	0.0	0.0	0.0	0.0	0.0	0.0	0.0	0.0	0.0	0.0	0.0	4.0	0.0	0.0	0.0	0.0	0.0	0.0	0.0	0.0	0.0	0.0	0.0	0.0	0.0	0.0	0.0	5.0	0.0	0.0	0.0	0.0	0.0	0.0	0.0	0.0	0.0	0.0	0.0	0.0	0.0	0.0	0.0	0.0	0.0	0.0	0.0	0.0	0.0	0.0	0.0	0.0	0.0	0.0	0.0	0.0	0.0	0.0	0.0	0.0	0.0	0.0	0.0	0.0	0.0	0.0	0.0	0.0	0.0	0.0	0.0	0.0	0.0	0.0	0.0	0.0	0.0	0.0	0.0	0.0	0.0	0.0	0.0	0.0	0.0	0.0	0.0	0.0	0.0	0.0	0.0	0.0	0.0	0.0	0.0	0.0	0.0	0.0
SRR5532784	0.0	17.0	0.0	0.0	0.0	2.0	11.0	0.0	0.0	12.0	0.0	193.0	531.0	22.0	8.0	2.0	42.0	0.0	0.0	31.0	127.0	7.0	247.0	37.0	7751.0	20.0	0.0	0.0	10.0	7.0	54.0	4.0	1.0	0.0	0.0	47.0	0.0	0.0	44.0	0.0	4.0	1.0	13.0	3.0	0.0	0.0	0.0	7.0	17.0	62.0	345.0	6.0	0.0	4.0	2.0	26.0	0.0	0.0	4321.0	257.0	212.0	5.0	85.0	36.0	32.0	0.0	160.0	0.0	0.0	0.0	295.0	30.0	0.0	0.0	0.0	0.0	0.0	0.0	0.0	0.0	0.0	4.0	19.0	0.0	0.0	0.0	0.0	66.0	0.0	0.0	0.0	0.0	0.0	0.0	35.0	0.0	8.0	129.0	258.0	0.0	0.0	32.0	0.0	0.0	0.0	0.0	0.0	0.0	0.0	1381.0	0.0	0.0	30.0	0.0	0.0	0.0	0.0	0.0	0.0	0.0	0.0	0.0	0.0	99.0	0.0	0.0	0.0	0.0	27.0	0.0	48.0	0.0	2.0	0.0	0.0	0.0	32.0	0.0	0.0	0.0	0.0	0.0	0.0	0.0	46.0	0.0	0.0	5.0	0.0	11.0	0.0	0.0	0.0	0.0	0.0	8.0	11.0	0.0	4.0	0.0	0.0	0.0	0.0	0.0	0.0	0.0	0.0	0.0	0.0	0.0	6.0	0.0	12.0	0.0	0.0	678.0	0.0	17.0	0.0	2.0	0.0	0.0	0.0	0.0	0.0	0.0	0.0	4.0	0.0	0.0	0.0	0.0	0.0	9.0	0.0	0.0	0.0	25.0	0.0	0.0	0.0	0.0	0.0	0.0	0.0	0.0	0.0	0.0	0.0	0.0	0.0	0.0	0.0	0.0	0.0	0.0	0.0	0.0	0.0	0.0	0.0	0.0	0.0	0.0	0.0	0.0	359.0	0.0	0.0	0.0	0.0	0.0	0.0	0.0	0.0	0.0	0.0	0.0	0.0	0.0	0.0	0.0	0.0	0.0	0.0	0.0	0.0	0.0	0.0	0.0	0.0	0.0	0.0	0.0	0.0	0.0	0.0	0.0	0.0	0.0	0.0	15.0	0.0	0.0	0.0	0.0	0.0	0.0	0.0	0.0	0.0	0.0	0.0	0.0	0.0	0.0	0.0	0.0	0.0	0.0	0.0	0.0	0.0	0.0	0.0	0.0	0.0	0.0	0.0	11.0	0.0	0.0	0.0	0.0	0.0	0.0	0.0	0.0	0.0	0.0	0.0	0.0	0.0	0.0	0.0	0.0	0.0	0.0	0.0	0.0	0.0	0.0	0.0	0.0	0.0	0.0	0.0	0.0	0.0	0.0	0.0	0.0	0.0	0.0	0.0	0.0	0.0	0.0	0.0	0.0	0.0	0.0
SRR5532785	1.0	452.0	38.0	49.0	0.0	5.0	0.0	13.0	8.0	0.0	78.0	3.0	378.0	218.0	7.0	146.0	1871.0	383.0	43.0	632.0	795.0	12.0	548.0	12.0	1451.0	210.0	140.0	0.0	0.0	1.0	15.0	0.0	2.0	240.0	0.0	128.0	15.0	1.0	197.0	4.0	392.0	18.0	55.0	16.0	62.0	0.0	14.0	2.0	280.0	148.0	121.0	0.0	152.0	190.0	9.0	0.0	3.0	0.0	1703.0	0.0	129.0	37.0	101.0	73.0	30.0	0.0	48.0	9.0	0.0	0.0	79.0	4.0	133.0	7.0	33.0	26.0	0.0	66.0	0.0	9.0	0.0	3.0	78.0	0.0	27.0	0.0	3.0	649.0	0.0	37.0	7.0	0.0	0.0	0.0	0.0	13.0	115.0	86.0	2.0	0.0	18.0	8.0	0.0	0.0	0.0	25.0	0.0	21.0	0.0	0.0	0.0	3.0	2.0	0.0	0.0	6.0	0.0	5.0	0.0	16.0	97.0	0.0	187.0	534.0	0.0	0.0	0.0	0.0	26.0	0.0	0.0	0.0	0.0	0.0	0.0	0.0	0.0	0.0	44.0	0.0	0.0	207.0	23.0	10.0	259.0	31.0	0.0	5.0	7.0	3.0	0.0	3.0	0.0	0.0	130.0	0.0	13.0	3.0	0.0	0.0	0.0	1.0	0.0	7.0	26.0	0.0	23.0	0.0	2.0	0.0	11.0	0.0	82.0	0.0	0.0	87.0	16.0	0.0	0.0	0.0	0.0	0.0	0.0	0.0	14.0	0.0	46.0	0.0	0.0	0.0	0.0	0.0	0.0	10.0	0.0	0.0	0.0	28.0	0.0	6.0	0.0	0.0	14.0	0.0	0.0	0.0	0.0	0.0	0.0	0.0	0.0	0.0	1.0	0.0	0.0	0.0	7.0	0.0	0.0	0.0	14.0	71.0	0.0	0.0	0.0	0.0	0.0	0.0	0.0	0.0	10.0	0.0	0.0	0.0	0.0	0.0	0.0	0.0	0.0	1.0	0.0	0.0	0.0	0.0	0.0	17.0	0.0	0.0	0.0	0.0	0.0	0.0	0.0	0.0	0.0	16.0	0.0	0.0	0.0	0.0	0.0	0.0	0.0	0.0	0.0	2.0	11.0	0.0	0.0	0.0	0.0	0.0	0.0	0.0	0.0	0.0	0.0	0.0	0.0	0.0	0.0	0.0	0.0	0.0	0.0	0.0	0.0	0.0	0.0	0.0	0.0	0.0	0.0	0.0	0.0	0.0	0.0	0.0	0.0	0.0	0.0	0.0	0.0	0.0	0.0	0.0	0.0	0.0	0.0	0.0	13.0	0.0	0.0	0.0	0.0	0.0	0.0	0.0	0.0	0.0	0.0	0.0	0.0	0.0	0.0	0.0	0.0	0.0	0.0	0.0	0.0	0.0
SRR5532786	7.0	2250.0	61.0	110.0	33.0	55.0	0.0	145.0	21.0	0.0	1120.0	45.0	1243.0	422.0	132.0	358.0	5879.0	1487.0	73.0	2423.0	3218.0	35.0	1651.0	191.0	5858.0	729.0	511.0	14.0	14.0	54.0	194.0	80.0	3.0	540.0	0.0	284.0	41.0	9.0	1092.0	38.0	1043.0	61.0	289.0	16.0	102.0	0.0	94.0	29.0	704.0	489.0	301.0	117.0	1158.0	134.0	75.0	208.0	134.0	0.0	4519.0	18.0	427.0	219.0	251.0	594.0	94.0	3.0	136.0	3.0	0.0	0.0	343.0	5.0	476.0	129.0	112.0	37.0	0.0	92.0	50.0	33.0	0.0	22.0	87.0	29.0	124.0	0.0	14.0	3027.0	0.0	92.0	41.0	38.0	8.0	0.0	85.0	43.0	358.0	231.0	28.0	0.0	37.0	55.0	2.0	5.0	0.0	49.0	0.0	88.0	0.0	0.0	0.0	11.0	0.0	0.0	0.0	16.0	40.0	21.0	0.0	19.0	339.0	0.0	228.0	1402.0	0.0	51.0	20.0	0.0	1.0	2.0	0.0	6.0	20.0	9.0	0.0	0.0	112.0	0.0	75.0	0.0	0.0	476.0	101.0	21.0	915.0	121.0	27.0	0.0	9.0	41.0	0.0	6.0	15.0	0.0	290.0	0.0	189.0	5.0	56.0	50.0	20.0	0.0	0.0	0.0	56.0	0.0	24.0	60.0	14.0	0.0	8.0	26.0	488.0	0.0	0.0	386.0	29.0	0.0	0.0	0.0	0.0	16.0	5.0	30.0	36.0	0.0	180.0	0.0	0.0	9.0	0.0	10.0	0.0	19.0	0.0	0.0	3.0	64.0	0.0	17.0	0.0	0.0	101.0	0.0	0.0	0.0	0.0	0.0	0.0	0.0	0.0	0.0	0.0	0.0	0.0	0.0	9.0	0.0	0.0	0.0	67.0	48.0	0.0	0.0	0.0	0.0	0.0	9.0	0.0	0.0	84.0	22.0	0.0	0.0	0.0	0.0	0.0	0.0	0.0	6.0	0.0	0.0	0.0	0.0	0.0	40.0	0.0	0.0	2.0	0.0	0.0	31.0	0.0	0.0	0.0	62.0	0.0	0.0	0.0	53.0	0.0	0.0	0.0	9.0	0.0	0.0	31.0	0.0	0.0	0.0	0.0	0.0	0.0	0.0	6.0	0.0	0.0	0.0	0.0	0.0	0.0	0.0	0.0	0.0	0.0	0.0	0.0	0.0	0.0	0.0	0.0	0.0	0.0	0.0	0.0	0.0	0.0	0.0	0.0	0.0	0.0	0.0	0.0	0.0	0.0	0.0	0.0	0.0	0.0	0.0	0.0	0.0	0.0	0.0	0.0	0.0	0.0	0.0	0.0	0.0	0.0	0.0	0.0	0.0	0.0	0.0	0.0	0.0	0.0	0.0	7.0	0.0
SRR5532788	10.0	727.0	24.0	20.0	7.0	0.0	0.0	92.0	0.0	6.0	420.0	21.0	870.0	298.0	23.0	150.0	1283.0	532.0	73.0	233.0	475.0	41.0	1349.0	171.0	2399.0	276.0	415.0	0.0	32.0	0.0	325.0	22.0	0.0	229.0	2.0	39.0	0.0	0.0	266.0	19.0	146.0	14.0	509.0	4.0	17.0	0.0	30.0	156.0	345.0	286.0	32.0	120.0	354.0	252.0	45.0	16.0	39.0	0.0	1684.0	6.0	345.0	48.0	956.0	788.0	13.0	9.0	152.0	24.0	0.0	69.0	654.0	0.0	258.0	94.0	11.0	19.0	0.0	48.0	6.0	51.0	0.0	105.0	38.0	5.0	330.0	0.0	11.0	1007.0	0.0	13.0	0.0	0.0	54.0	0.0	12.0	12.0	21.0	17.0	0.0	0.0	0.0	71.0	0.0	0.0	0.0	0.0	0.0	28.0	0.0	17.0	39.0	33.0	30.0	0.0	0.0	3.0	0.0	42.0	0.0	16.0	69.0	0.0	48.0	468.0	0.0	43.0	0.0	0.0	0.0	0.0	397.0	13.0	0.0	1.0	0.0	0.0	51.0	0.0	42.0	38.0	0.0	67.0	34.0	4.0	376.0	56.0	0.0	5.0	3.0	65.0	0.0	0.0	0.0	0.0	412.0	0.0	25.0	0.0	0.0	20.0	35.0	0.0	0.0	0.0	24.0	0.0	0.0	24.0	0.0	0.0	2.0	139.0	921.0	0.0	0.0	1031.0	11.0	4.0	0.0	0.0	3.0	0.0	0.0	10.0	22.0	0.0	38.0	0.0	0.0	0.0	0.0	0.0	0.0	0.0	0.0	0.0	0.0	91.0	0.0	4.0	2.0	0.0	8.0	0.0	0.0	0.0	0.0	0.0	0.0	0.0	0.0	0.0	0.0	2.0	0.0	0.0	0.0	627.0	0.0	0.0	0.0	33.0	0.0	0.0	0.0	0.0	0.0	0.0	0.0	0.0	9.0	13.0	0.0	0.0	0.0	3.0	0.0	0.0	0.0	0.0	0.0	0.0	0.0	0.0	0.0	0.0	0.0	0.0	0.0	0.0	0.0	0.0	0.0	0.0	0.0	10.0	0.0	0.0	0.0	8.0	0.0	0.0	0.0	0.0	0.0	0.0	0.0	0.0	0.0	0.0	0.0	0.0	0.0	0.0	0.0	0.0	0.0	0.0	0.0	0.0	0.0	0.0	0.0	0.0	0.0	0.0	0.0	0.0	0.0	0.0	0.0	0.0	0.0	0.0	0.0	0.0	0.0	0.0	0.0	0.0	0.0	0.0	0.0	2.0	0.0	0.0	0.0	0.0	0.0	0.0	0.0	0.0	0.0	0.0	0.0	0.0	0.0	0.0	0.0	0.0	0.0	0.0	0.0	0.0	0.0	0.0	0.0	0.0	0.0	0.0	0.0	0.0
SRR5532790	5.0	518.0	40.0	6.0	30.0	43.0	107.0	213.0	15.0	22.0	71.0	958.0	1274.0	389.0	74.0	97.0	301.0	90.0	90.0	980.0	1536.0	74.0	1933.0	468.0	5226.0	1031.0	87.0	4.0	587.0	280.0	605.0	39.0	0.0	201.0	3.0	199.0	2.0	51.0	4258.0	172.0	451.0	20.0	847.0	20.0	29.0	0.0	13.0	2317.0	143.0	248.0	367.0	369.0	163.0	88.0	155.0	319.0	2.0	37.0	1624.0	524.0	333.0	303.0	1022.0	322.0	41.0	91.0	439.0	15.0	0.0	50.0	1648.0	4.0	120.0	68.0	17.0	0.0	0.0	22.0	6.0	229.0	56.0	176.0	104.0	0.0	1895.0	0.0	0.0	499.0	19.0	26.0	17.0	27.0	173.0	42.0	354.0	0.0	41.0	162.0	183.0	276.0	0.0	198.0	15.0	16.0	28.0	0.0	0.0	0.0	0.0	36.0	0.0	85.0	46.0	0.0	0.0	264.0	20.0	2.0	0.0	8.0	25.0	3.0	13.0	189.0	0.0	221.0	35.0	0.0	30.0	37.0	2498.0	18.0	0.0	89.0	12.0	0.0	910.0	0.0	0.0	54.0	0.0	24.0	0.0	0.0	179.0	11.0	3.0	6.0	9.0	77.0	0.0	0.0	0.0	12.0	476.0	340.0	50.0	0.0	14.0	62.0	27.0	0.0	0.0	5.0	1.0	105.0	8.0	20.0	0.0	33.0	3.0	67.0	446.0	0.0	13.0	248.0	6.0	217.0	0.0	21.0	0.0	24.0	0.0	0.0	77.0	0.0	5.0	76.0	1.0	0.0	0.0	5.0	0.0	0.0	0.0	76.0	30.0	27.0	0.0	0.0	0.0	0.0	0.0	102.0	0.0	0.0	5.0	3.0	0.0	0.0	0.0	0.0	0.0	0.0	14.0	0.0	3.0	0.0	0.0	32.0	0.0	7.0	0.0	0.0	0.0	16.0	0.0	3.0	0.0	0.0	0.0	0.0	0.0	0.0	0.0	0.0	0.0	0.0	8.0	0.0	0.0	8.0	0.0	0.0	0.0	15.0	0.0	0.0	0.0	0.0	0.0	0.0	0.0	0.0	0.0	0.0	18.0	0.0	0.0	0.0	0.0	0.0	0.0	0.0	0.0	0.0	0.0	0.0	0.0	0.0	0.0	0.0	0.0	0.0	0.0	0.0	0.0	0.0	0.0	0.0	0.0	0.0	0.0	0.0	0.0	0.0	0.0	0.0	0.0	0.0	0.0	0.0	0.0	0.0	0.0	0.0	0.0	1.0	0.0	0.0	0.0	0.0	0.0	0.0	0.0	0.0	0.0	0.0	0.0	0.0	0.0	0.0	0.0	0.0	0.0	0.0	0.0	0.0	0.0	0.0	0.0	0.0	0.0	0.0	0.0	0.0	0.0	0.0	0.0	0.0	0.0	0.0
SRR5532791	6.0	416.0	61.0	11.0	10.0	19.0	32.0	98.0	32.0	25.0	0.0	475.0	1177.0	234.0	284.0	115.0	353.0	132.0	86.0	561.0	1286.0	18.0	3205.0	460.0	8974.0	735.0	120.0	0.0	242.0	118.0	1020.0	53.0	3.0	279.0	0.0	106.0	1.0	34.0	2412.0	19.0	354.0	1.0	309.0	1.0	41.0	0.0	15.0	3306.0	187.0	145.0	655.0	239.0	185.0	221.0	37.0	180.0	30.0	11.0	2012.0	240.0	363.0	170.0	379.0	385.0	39.0	26.0	568.0	7.0	0.0	158.0	1518.0	15.0	95.0	115.0	32.0	9.0	0.0	51.0	1.0	74.0	30.0	256.0	136.0	0.0	1195.0	0.0	8.0	388.0	0.0	29.0	67.0	14.0	134.0	120.0	230.0	0.0	23.0	178.0	134.0	98.0	8.0	294.0	20.0	0.0	0.0	0.0	3.0	0.0	64.0	19.0	1.0	36.0	72.0	0.0	0.0	17.0	23.0	9.0	0.0	5.0	16.0	0.0	24.0	353.0	0.0	615.0	49.0	0.0	74.0	20.0	3734.0	35.0	2.0	41.0	0.0	11.0	764.0	4.0	0.0	175.0	4.0	20.0	0.0	0.0	367.0	9.0	15.0	12.0	0.0	107.0	0.0	7.0	0.0	8.0	458.0	107.0	21.0	0.0	28.0	21.0	30.0	1.0	0.0	0.0	0.0	22.0	3.0	31.0	0.0	49.0	2.0	71.0	349.0	0.0	0.0	199.0	0.0	130.0	0.0	5.0	0.0	21.0	0.0	7.0	33.0	0.0	7.0	49.0	0.0	0.0	9.0	3.0	0.0	0.0	10.0	53.0	15.0	69.0	0.0	0.0	0.0	0.0	0.0	37.0	0.0	0.0	0.0	0.0	0.0	0.0	9.0	24.0	0.0	0.0	0.0	0.0	0.0	0.0	0.0	0.0	0.0	19.0	0.0	0.0	0.0	0.0	0.0	0.0	0.0	0.0	0.0	0.0	0.0	0.0	0.0	0.0	0.0	0.0	0.0	0.0	0.0	0.0	0.0	0.0	0.0	27.0	0.0	0.0	0.0	0.0	0.0	0.0	0.0	0.0	6.0	0.0	12.0	0.0	0.0	0.0	0.0	0.0	0.0	0.0	0.0	0.0	0.0	0.0	0.0	0.0	0.0	0.0	0.0	0.0	0.0	0.0	0.0	0.0	0.0	0.0	0.0	2.0	0.0	0.0	0.0	0.0	0.0	0.0	0.0	7.0	8.0	0.0	0.0	0.0	0.0	0.0	0.0	0.0	0.0	0.0	0.0	0.0	0.0	0.0	0.0	0.0	15.0	0.0	0.0	0.0	0.0	0.0	0.0	0.0	0.0	0.0	0.0	0.0	0.0	0.0	0.0	0.0	0.0	0.0	0.0	0.0	0.0	0.0	0.0	0.0	0.0	0.0
SRR5532792	4.0	231.0	21.0	4.0	15.0	0.0	51.0	260.0	0.0	4.0	289.0	9.0	504.0	71.0	22.0	278.0	1174.0	508.0	182.0	176.0	439.0	80.0	1330.0	81.0	1795.0	224.0	178.0	0.0	16.0	0.0	1400.0	28.0	0.0	383.0	0.0	45.0	0.0	0.0	198.0	17.0	266.0	1.0	567.0	0.0	35.0	0.0	4.0	790.0	351.0	82.0	16.0	67.0	67.0	209.0	13.0	0.0	26.0	0.0	1322.0	3.0	152.0	95.0	606.0	226.0	38.0	28.0	82.0	42.0	0.0	38.0	922.0	6.0	97.0	76.0	19.0	14.0	0.0	2.0	0.0	45.0	0.0	561.0	52.0	0.0	448.0	0.0	1.0	1076.0	0.0	21.0	0.0	0.0	348.0	0.0	39.0	0.0	68.0	61.0	10.0	6.0	0.0	18.0	0.0	0.0	5.0	6.0	0.0	9.0	0.0	16.0	2.0	10.0	15.0	0.0	0.0	4.0	0.0	0.0	0.0	7.0	8.0	0.0	23.0	345.0	0.0	242.0	0.0	0.0	15.0	7.0	1175.0	50.0	0.0	9.0	0.0	0.0	94.0	0.0	14.0	11.0	0.0	28.0	9.0	2.0	171.0	15.0	0.0	20.0	7.0	56.0	0.0	2.0	0.0	0.0	214.0	9.0	27.0	0.0	0.0	0.0	16.0	2.0	0.0	0.0	7.0	0.0	0.0	1.0	0.0	0.0	3.0	4.0	2534.0	22.0	1.0	1126.0	4.0	0.0	0.0	0.0	0.0	9.0	0.0	0.0	3.0	0.0	0.0	0.0	0.0	0.0	0.0	0.0	0.0	0.0	0.0	0.0	0.0	89.0	0.0	0.0	0.0	0.0	0.0	2.0	0.0	0.0	0.0	0.0	0.0	0.0	0.0	0.0	0.0	0.0	0.0	0.0	4.0	131.0	0.0	0.0	0.0	3.0	0.0	0.0	0.0	0.0	0.0	0.0	0.0	0.0	12.0	0.0	0.0	0.0	0.0	0.0	0.0	0.0	0.0	0.0	0.0	0.0	0.0	0.0	0.0	0.0	0.0	0.0	0.0	0.0	0.0	0.0	0.0	0.0	0.0	0.0	0.0	0.0	0.0	7.0	0.0	0.0	0.0	0.0	0.0	0.0	0.0	0.0	0.0	0.0	0.0	0.0	0.0	0.0	0.0	0.0	0.0	0.0	0.0	0.0	0.0	0.0	0.0	0.0	0.0	0.0	0.0	0.0	0.0	0.0	0.0	0.0	0.0	0.0	0.0	0.0	0.0	0.0	0.0	0.0	0.0	0.0	0.0	0.0	0.0	0.0	0.0	0.0	0.0	0.0	0.0	0.0	0.0	0.0	0.0	0.0	0.0	0.0	0.0	0.0	0.0	0.0	0.0	0.0	0.0	0.0	0.0	0.0	0.0	0.0	0.0	0.0
SRR5532794	0.0	72.0	0.0	0.0	3.0	0.0	0.0	33.0	4.0	0.0	3.0	273.0	403.0	58.0	11.0	23.0	47.0	8.0	7.0	210.0	321.0	34.0	345.0	158.0	1710.0	99.0	0.0	0.0	105.0	8.0	172.0	12.0	4.0	39.0	0.0	16.0	0.0	2.0	604.0	12.0	76.0	0.0	43.0	0.0	14.0	0.0	0.0	449.0	0.0	36.0	108.0	38.0	0.0	56.0	6.0	57.0	0.0	0.0	222.0	111.0	123.0	48.0	102.0	56.0	0.0	10.0	246.0	24.0	0.0	40.0	300.0	0.0	17.0	15.0	0.0	5.0	0.0	0.0	2.0	13.0	20.0	36.0	10.0	0.0	241.0	0.0	0.0	154.0	0.0	0.0	17.0	3.0	24.0	0.0	174.0	0.0	5.0	45.0	348.0	82.0	0.0	42.0	0.0	0.0	0.0	0.0	0.0	0.0	0.0	0.0	0.0	25.0	16.0	0.0	0.0	12.0	0.0	0.0	0.0	6.0	2.0	0.0	39.0	50.0	0.0	48.0	0.0	0.0	6.0	0.0	565.0	0.0	0.0	15.0	0.0	0.0	181.0	0.0	0.0	13.0	0.0	3.0	1.0	4.0	70.0	2.0	0.0	0.0	0.0	0.0	0.0	0.0	5.0	0.0	8.0	135.0	4.0	0.0	4.0	0.0	0.0	2.0	0.0	0.0	0.0	0.0	12.0	7.0	0.0	3.0	0.0	4.0	150.0	1.0	0.0	47.0	0.0	138.0	0.0	0.0	0.0	5.0	0.0	0.0	0.0	0.0	5.0	3.0	0.0	0.0	3.0	0.0	0.0	0.0	2.0	0.0	0.0	10.0	0.0	4.0	1.0	0.0	0.0	10.0	9.0	0.0	0.0	0.0	0.0	0.0	0.0	3.0	0.0	0.0	0.0	0.0	0.0	0.0	0.0	0.0	0.0	11.0	0.0	0.0	0.0	0.0	0.0	0.0	0.0	0.0	0.0	0.0	0.0	0.0	0.0	0.0	0.0	0.0	0.0	0.0	0.0	0.0	3.0	0.0	0.0	0.0	0.0	0.0	0.0	0.0	0.0	0.0	0.0	0.0	0.0	0.0	0.0	2.0	0.0	0.0	0.0	0.0	0.0	0.0	0.0	0.0	0.0	0.0	0.0	0.0	0.0	0.0	0.0	0.0	0.0	0.0	0.0	0.0	0.0	0.0	0.0	0.0	0.0	0.0	0.0	0.0	0.0	0.0	0.0	0.0	46.0	0.0	0.0	0.0	0.0	0.0	0.0	0.0	0.0	0.0	0.0	0.0	0.0	0.0	0.0	0.0	0.0	0.0	0.0	0.0	0.0	0.0	0.0	0.0	0.0	0.0	0.0	0.0	0.0	0.0	0.0	0.0	0.0	0.0	0.0	0.0	0.0	0.0	0.0	0.0	0.0	0.0
SRR5532795	0.0	295.0	15.0	42.0	27.0	16.0	72.0	135.0	26.0	2.0	0.0	579.0	1076.0	254.0	21.0	125.0	76.0	18.0	40.0	933.0	799.0	35.0	893.0	979.0	5422.0	782.0	3.0	0.0	343.0	22.0	357.0	33.0	17.0	178.0	0.0	53.0	0.0	29.0	2732.0	17.0	431.0	41.0	164.0	6.0	62.0	4.0	2.0	860.0	67.0	96.0	109.0	92.0	100.0	112.0	30.0	206.0	4.0	31.0	533.0	787.0	449.0	148.0	465.0	302.0	13.0	47.0	1300.0	73.0	0.0	20.0	1181.0	2.0	84.0	48.0	23.0	11.0	0.0	2.0	0.0	104.0	28.0	234.0	9.0	0.0	448.0	12.0	0.0	443.0	0.0	0.0	62.0	20.0	71.0	0.0	819.0	7.0	7.0	23.0	729.0	313.0	0.0	79.0	0.0	0.0	23.0	0.0	3.0	18.0	0.0	27.0	0.0	120.0	29.0	0.0	0.0	35.0	0.0	7.0	2.0	2.0	22.0	3.0	18.0	190.0	0.0	104.0	0.0	2.0	12.0	48.0	335.0	4.0	3.0	56.0	0.0	11.0	565.0	0.0	0.0	39.0	9.0	0.0	0.0	1.0	183.0	0.0	0.0	36.0	14.0	13.0	0.0	0.0	0.0	0.0	0.0	492.0	18.0	0.0	8.0	20.0	33.0	14.0	0.0	0.0	0.0	6.0	6.0	21.0	0.0	24.0	0.0	137.0	452.0	3.0	6.0	152.0	0.0	604.0	0.0	24.0	0.0	21.0	2.0	3.0	7.0	0.0	3.0	19.0	0.0	0.0	0.0	0.0	0.0	0.0	0.0	22.0	12.0	7.0	0.0	0.0	0.0	0.0	0.0	78.0	34.0	0.0	2.0	0.0	0.0	0.0	3.0	33.0	0.0	10.0	0.0	0.0	0.0	0.0	0.0	8.0	0.0	10.0	0.0	0.0	11.0	0.0	0.0	0.0	0.0	0.0	0.0	0.0	0.0	0.0	0.0	4.0	0.0	0.0	0.0	0.0	0.0	0.0	0.0	0.0	0.0	0.0	0.0	0.0	0.0	0.0	0.0	0.0	0.0	0.0	0.0	6.0	0.0	1.0	0.0	0.0	0.0	4.0	0.0	0.0	0.0	0.0	0.0	0.0	0.0	0.0	0.0	0.0	0.0	0.0	0.0	0.0	0.0	0.0	0.0	0.0	0.0	0.0	0.0	0.0	0.0	0.0	0.0	0.0	3.0	0.0	70.0	0.0	0.0	0.0	0.0	0.0	0.0	0.0	4.0	0.0	0.0	0.0	0.0	0.0	0.0	0.0	0.0	0.0	3.0	0.0	0.0	0.0	0.0	0.0	0.0	0.0	0.0	0.0	0.0	0.0	0.0	0.0	0.0	0.0	0.0	0.0	0.0	0.0	0.0	0.0	0.0	0.0
SRR5532796	0.0	116.0	29.0	0.0	0.0	11.0	58.0	69.0	8.0	23.0	0.0	341.0	989.0	129.0	7.0	51.0	95.0	31.0	58.0	196.0	373.0	6.0	1850.0	288.0	11648.0	238.0	50.0	0.0	121.0	50.0	566.0	10.0	0.0	56.0	0.0	177.0	13.0	19.0	656.0	34.0	75.0	24.0	107.0	0.0	8.0	0.0	15.0	2729.0	66.0	53.0	634.0	91.0	32.0	30.0	8.0	140.0	16.0	8.0	1209.0	97.0	213.0	63.0	222.0	297.0	17.0	18.0	207.0	6.0	0.0	78.0	1300.0	47.0	39.0	55.0	10.0	7.0	0.0	24.0	0.0	33.0	6.0	164.0	81.0	0.0	531.0	0.0	0.0	168.0	0.0	28.0	16.0	12.0	164.0	105.0	182.0	0.0	18.0	107.0	50.0	10.0	0.0	185.0	18.0	0.0	8.0	5.0	0.0	0.0	39.0	29.0	0.0	61.0	23.0	0.0	0.0	9.0	0.0	3.0	0.0	16.0	0.0	0.0	0.0	135.0	0.0	108.0	21.0	0.0	73.0	25.0	4860.0	0.0	0.0	38.0	10.0	0.0	516.0	0.0	0.0	41.0	12.0	12.0	0.0	0.0	101.0	4.0	0.0	14.0	4.0	80.0	0.0	5.0	0.0	0.0	636.0	22.0	15.0	0.0	21.0	9.0	0.0	1.0	0.0	0.0	0.0	4.0	7.0	15.0	0.0	125.0	3.0	37.0	212.0	3.0	0.0	317.0	3.0	74.0	0.0	0.0	0.0	0.0	0.0	2.0	11.0	0.0	11.0	36.0	0.0	8.0	0.0	0.0	0.0	0.0	0.0	19.0	0.0	84.0	0.0	5.0	0.0	0.0	0.0	16.0	0.0	3.0	0.0	0.0	0.0	0.0	0.0	9.0	0.0	1.0	0.0	0.0	0.0	0.0	0.0	0.0	6.0	0.0	0.0	0.0	0.0	0.0	0.0	0.0	0.0	0.0	0.0	0.0	0.0	0.0	0.0	0.0	0.0	0.0	0.0	0.0	0.0	7.0	0.0	0.0	0.0	33.0	0.0	0.0	0.0	0.0	0.0	0.0	0.0	0.0	0.0	0.0	0.0	0.0	0.0	0.0	0.0	0.0	0.0	0.0	0.0	0.0	0.0	0.0	0.0	0.0	0.0	4.0	0.0	0.0	0.0	0.0	0.0	0.0	0.0	0.0	0.0	0.0	0.0	0.0	0.0	0.0	0.0	0.0	0.0	0.0	42.0	0.0	0.0	0.0	0.0	0.0	0.0	0.0	0.0	0.0	0.0	0.0	0.0	0.0	0.0	0.0	0.0	0.0	0.0	0.0	0.0	0.0	0.0	0.0	0.0	0.0	0.0	0.0	0.0	0.0	0.0	0.0	0.0	0.0	0.0	0.0	0.0	0.0	0.0	1.0	0.0	0.0
SRR5532797	4.0	335.0	57.0	4.0	12.0	8.0	25.0	144.0	24.0	99.0	0.0	741.0	1701.0	236.0	50.0	63.0	255.0	97.0	93.0	455.0	1276.0	20.0	3245.0	422.0	8141.0	563.0	86.0	0.0	290.0	262.0	725.0	40.0	0.0	160.0	1.0	263.0	8.0	35.0	1627.0	63.0	116.0	18.0	336.0	0.0	30.0	0.0	1.0	3048.0	95.0	161.0	762.0	266.0	146.0	55.0	88.0	354.0	17.0	14.0	1811.0	206.0	538.0	173.0	429.0	349.0	26.0	48.0	426.0	5.0	0.0	73.0	1489.0	24.0	46.0	77.0	25.0	0.0	0.0	38.0	0.0	126.0	21.0	225.0	135.0	14.0	984.0	3.0	6.0	406.0	0.0	40.0	23.0	18.0	143.0	184.0	209.0	0.0	50.0	285.0	137.0	159.0	1.0	474.0	12.0	3.0	5.0	0.0	2.0	3.0	53.0	19.0	0.0	76.0	39.0	0.0	0.0	32.0	4.0	0.0	0.0	25.0	8.0	0.0	0.0	261.0	0.0	239.0	43.0	0.0	154.0	7.0	6690.0	13.0	0.0	60.0	2.0	8.0	1158.0	0.0	0.0	53.0	0.0	30.0	0.0	0.0	292.0	11.0	10.0	13.0	8.0	88.0	0.0	1.0	0.0	4.0	464.0	106.0	33.0	2.0	43.0	14.0	18.0	7.0	0.0	0.0	0.0	74.0	0.0	2.0	2.0	33.0	7.0	53.0	396.0	7.0	8.0	115.0	9.0	159.0	0.0	10.0	7.0	20.0	0.0	0.0	44.0	5.0	7.0	37.0	0.0	13.0	0.0	0.0	0.0	2.0	0.0	55.0	15.0	79.0	0.0	0.0	0.0	0.0	0.0	60.0	10.0	0.0	9.0	0.0	0.0	0.0	0.0	0.0	0.0	0.0	9.0	0.0	0.0	0.0	0.0	5.0	0.0	0.0	0.0	0.0	0.0	0.0	0.0	0.0	0.0	0.0	0.0	0.0	0.0	0.0	0.0	0.0	0.0	0.0	0.0	0.0	0.0	3.0	0.0	0.0	0.0	20.0	0.0	0.0	0.0	0.0	0.0	0.0	0.0	0.0	4.0	0.0	14.0	0.0	7.0	0.0	0.0	0.0	0.0	0.0	0.0	0.0	0.0	0.0	0.0	0.0	0.0	0.0	0.0	0.0	0.0	0.0	0.0	0.0	0.0	0.0	0.0	0.0	0.0	0.0	0.0	0.0	0.0	0.0	0.0	0.0	10.0	3.0	0.0	0.0	0.0	0.0	0.0	0.0	0.0	0.0	0.0	0.0	0.0	0.0	0.0	0.0	0.0	0.0	0.0	0.0	0.0	0.0	0.0	0.0	0.0	0.0	0.0	0.0	0.0	0.0	0.0	0.0	0.0	0.0	0.0	0.0	0.0	0.0	0.0	0.0	0.0	0.0
SRR5532798	2.0	158.0	27.0	2.0	24.0	0.0	23.0	87.0	93.0	0.0	2.0	199.0	729.0	645.0	0.0	179.0	759.0	70.0	56.0	714.0	2601.0	16.0	492.0	480.0	2492.0	1000.0	105.0	0.0	324.0	1.0	119.0	71.0	0.0	194.0	24.0	21.0	0.0	89.0	2983.0	6.0	382.0	6.0	280.0	29.0	0.0	3.0	20.0	140.0	172.0	379.0	53.0	318.0	148.0	48.0	93.0	50.0	79.0	6.0	1311.0	122.0	199.0	149.0	750.0	418.0	52.0	21.0	100.0	486.0	0.0	21.0	452.0	2.0	131.0	65.0	14.0	0.0	0.0	26.0	3.0	90.0	3.0	80.0	1.0	1.0	637.0	24.0	0.0	429.0	11.0	0.0	34.0	59.0	30.0	59.0	175.0	41.0	144.0	15.0	15.0	219.0	0.0	27.0	0.0	0.0	71.0	13.0	0.0	0.0	0.0	0.0	6.0	49.0	0.0	0.0	0.0	15.0	27.0	0.0	0.0	6.0	23.0	0.0	1.0	42.0	0.0	35.0	47.0	0.0	0.0	0.0	81.0	4.0	1.0	48.0	27.0	0.0	318.0	0.0	0.0	30.0	0.0	43.0	0.0	3.0	172.0	34.0	0.0	0.0	0.0	4.0	0.0	0.0	0.0	7.0	0.0	221.0	157.0	4.0	2.0	0.0	2.0	0.0	0.0	0.0	0.0	43.0	0.0	9.0	1.0	0.0	0.0	63.0	296.0	3.0	9.0	73.0	5.0	345.0	0.0	8.0	17.0	63.0	0.0	15.0	95.0	0.0	0.0	128.0	0.0	9.0	0.0	0.0	0.0	0.0	0.0	57.0	52.0	11.0	0.0	0.0	1.0	0.0	0.0	108.0	0.0	0.0	0.0	0.0	0.0	0.0	0.0	0.0	0.0	0.0	0.0	0.0	0.0	0.0	0.0	117.0	0.0	21.0	0.0	0.0	0.0	0.0	0.0	0.0	0.0	0.0	0.0	0.0	0.0	2.0	0.0	0.0	0.0	0.0	0.0	0.0	0.0	0.0	0.0	0.0	0.0	0.0	0.0	0.0	2.0	9.0	0.0	0.0	0.0	3.0	0.0	0.0	11.0	0.0	0.0	0.0	0.0	5.0	0.0	0.0	0.0	0.0	0.0	0.0	0.0	0.0	2.0	0.0	0.0	0.0	0.0	0.0	0.0	0.0	0.0	0.0	0.0	0.0	0.0	0.0	0.0	0.0	0.0	0.0	0.0	0.0	0.0	2.0	0.0	0.0	0.0	0.0	0.0	0.0	0.0	0.0	0.0	0.0	0.0	0.0	0.0	0.0	0.0	0.0	0.0	0.0	0.0	0.0	0.0	0.0	0.0	0.0	0.0	0.0	0.0	11.0	0.0	0.0	0.0	0.0	0.0	0.0	0.0	0.0	0.0	0.0	0.0	0.0
SRR5532799	0.0	530.0	111.0	53.0	9.0	0.0	137.0	128.0	82.0	0.0	0.0	194.0	1315.0	363.0	1180.0	229.0	1109.0	80.0	99.0	1481.0	2601.0	32.0	1160.0	545.0	4627.0	873.0	4.0	6.0	414.0	76.0	186.0	102.0	9.0	386.0	21.0	58.0	10.0	38.0	2913.0	32.0	902.0	223.0	236.0	15.0	111.0	12.0	15.0	196.0	345.0	332.0	298.0	57.0	76.0	142.0	48.0	216.0	111.0	79.0	2114.0	131.0	423.0	206.0	398.0	231.0	55.0	44.0	347.0	551.0	0.0	11.0	429.0	8.0	135.0	117.0	61.0	73.0	0.0	0.0	6.0	41.0	99.0	137.0	44.0	3.0	473.0	32.0	32.0	486.0	10.0	4.0	78.0	29.0	68.0	70.0	378.0	11.0	148.0	10.0	4.0	176.0	12.0	47.0	35.0	49.0	32.0	13.0	0.0	74.0	0.0	11.0	5.0	73.0	11.0	0.0	3.0	77.0	17.0	0.0	0.0	27.0	59.0	0.0	179.0	227.0	0.0	52.0	126.0	0.0	0.0	6.0	46.0	11.0	3.0	86.0	0.0	3.0	666.0	0.0	32.0	12.0	4.0	53.0	37.0	41.0	450.0	36.0	0.0	32.0	41.0	2.0	2.0	0.0	9.0	10.0	43.0	613.0	0.0	0.0	0.0	0.0	32.0	0.0	0.0	36.0	0.0	4.0	32.0	28.0	0.0	32.0	9.0	2.0	406.0	1.0	10.0	0.0	9.0	620.0	0.0	2.0	0.0	216.0	13.0	19.0	57.0	0.0	35.0	9.0	0.0	0.0	0.0	0.0	2.0	0.0	0.0	69.0	0.0	0.0	0.0	14.0	0.0	0.0	14.0	76.0	26.0	0.0	6.0	0.0	0.0	0.0	0.0	32.0	0.0	0.0	4.0	0.0	14.0	0.0	3.0	116.0	0.0	106.0	0.0	0.0	29.0	0.0	0.0	0.0	0.0	11.0	0.0	0.0	0.0	10.0	0.0	0.0	0.0	0.0	3.0	5.0	0.0	0.0	0.0	0.0	0.0	0.0	0.0	0.0	4.0	0.0	0.0	1.0	0.0	8.0	0.0	0.0	9.0	108.0	0.0	0.0	0.0	0.0	0.0	0.0	0.0	0.0	18.0	0.0	0.0	0.0	0.0	0.0	0.0	0.0	0.0	0.0	0.0	0.0	0.0	0.0	0.0	11.0	0.0	0.0	0.0	0.0	0.0	0.0	0.0	0.0	0.0	0.0	0.0	0.0	0.0	0.0	0.0	0.0	0.0	0.0	0.0	0.0	0.0	5.0	0.0	0.0	0.0	0.0	0.0	0.0	0.0	0.0	0.0	0.0	0.0	0.0	0.0	0.0	0.0	0.0	0.0	0.0	0.0	0.0	0.0	0.0	13.0	0.0	0.0	0.0	0.0	0.0
SRR5532800	13.0	764.0	15.0	15.0	45.0	0.0	22.0	361.0	0.0	3.0	1507.0	32.0	1505.0	766.0	3.0	265.0	3637.0	931.0	122.0	2097.0	2090.0	50.0	1037.0	83.0	2831.0	624.0	282.0	3.0	30.0	6.0	152.0	180.0	6.0	456.0	65.0	96.0	23.0	28.0	796.0	52.0	910.0	0.0	450.0	1.0	64.0	0.0	8.0	56.0	648.0	435.0	104.0	111.0	61.0	39.0	45.0	82.0	140.0	0.0	2685.0	21.0	99.0	344.0	553.0	641.0	50.0	24.0	58.0	107.0	0.0	0.0	582.0	0.0	155.0	173.0	39.0	8.0	6.0	56.0	14.0	136.0	0.0	57.0	28.0	0.0	311.0	0.0	2.0	1550.0	0.0	7.0	0.0	24.0	8.0	0.0	147.0	64.0	77.0	11.0	6.0	0.0	22.0	9.0	0.0	0.0	0.0	63.0	0.0	23.0	0.0	65.0	2.0	14.0	0.0	0.0	0.0	0.0	20.0	15.0	0.0	13.0	249.0	0.0	19.0	157.0	0.0	57.0	0.0	0.0	0.0	33.0	0.0	19.0	0.0	1.0	0.0	0.0	21.0	0.0	15.0	29.0	0.0	184.0	55.0	28.0	621.0	71.0	0.0	0.0	0.0	30.0	0.0	0.0	0.0	18.0	53.0	7.0	274.0	0.0	0.0	8.0	29.0	0.0	0.0	7.0	28.0	0.0	0.0	13.0	0.0	0.0	0.0	31.0	1119.0	0.0	0.0	246.0	0.0	0.0	0.0	0.0	0.0	44.0	1.0	105.0	0.0	0.0	64.0	2.0	0.0	24.0	0.0	0.0	5.0	0.0	10.0	0.0	3.0	0.0	0.0	0.0	0.0	0.0	11.0	19.0	0.0	0.0	0.0	0.0	0.0	0.0	0.0	0.0	0.0	0.0	0.0	0.0	4.0	10.0	0.0	0.0	0.0	72.0	0.0	0.0	0.0	0.0	0.0	0.0	0.0	0.0	49.0	0.0	0.0	0.0	0.0	0.0	0.0	0.0	0.0	6.0	0.0	0.0	0.0	0.0	9.0	2.0	0.0	0.0	0.0	17.0	0.0	0.0	0.0	0.0	0.0	36.0	0.0	0.0	0.0	34.0	0.0	0.0	0.0	0.0	0.0	0.0	0.0	0.0	0.0	0.0	0.0	0.0	0.0	0.0	0.0	0.0	0.0	0.0	0.0	0.0	0.0	0.0	0.0	0.0	0.0	0.0	0.0	0.0	0.0	0.0	0.0	0.0	0.0	9.0	0.0	0.0	0.0	0.0	0.0	0.0	0.0	0.0	0.0	0.0	0.0	0.0	0.0	0.0	0.0	0.0	0.0	0.0	0.0	0.0	0.0	0.0	0.0	0.0	0.0	0.0	0.0	0.0	0.0	0.0	0.0	0.0	0.0	0.0	0.0	0.0	0.0	0.0
SRR5532801	0.0	354.0	186.0	50.0	0.0	15.0	33.0	81.0	39.0	16.0	0.0	155.0	1317.0	196.0	6580.0	300.0	789.0	176.0	117.0	533.0	2015.0	24.0	1748.0	163.0	1346.0	919.0	88.0	0.0	308.0	7.0	147.0	22.0	0.0	210.0	11.0	58.0	7.0	19.0	1448.0	16.0	342.0	27.0	189.0	80.0	74.0	0.0	14.0	51.0	227.0	324.0	968.0	395.0	38.0	219.0	21.0	54.0	29.0	0.0	3642.0	45.0	154.0	58.0	495.0	69.0	404.0	38.0	94.0	117.0	0.0	8.0	210.0	60.0	110.0	51.0	114.0	11.0	0.0	74.0	0.0	41.0	22.0	56.0	163.0	25.0	406.0	0.0	2.0	413.0	2.0	28.0	60.0	1.0	34.0	13.0	109.0	10.0	2117.0	164.0	35.0	0.0	30.0	86.0	22.0	7.0	10.0	86.0	0.0	72.0	205.0	5.0	0.0	4.0	7.0	0.0	0.0	34.0	0.0	0.0	0.0	37.0	45.0	0.0	4.0	91.0	2.0	85.0	188.0	0.0	291.0	0.0	198.0	12.0	0.0	44.0	0.0	0.0	148.0	0.0	10.0	0.0	0.0	150.0	27.0	0.0	607.0	2.0	0.0	13.0	2.0	33.0	3.0	4.0	26.0	0.0	172.0	158.0	30.0	3.0	35.0	1.0	2.0	3.0	0.0	0.0	0.0	39.0	1.0	9.0	2.0	0.0	0.0	17.0	139.0	0.0	0.0	51.0	18.0	195.0	0.0	1.0	14.0	44.0	0.0	0.0	41.0	3.0	19.0	41.0	0.0	0.0	0.0	0.0	6.0	0.0	6.0	40.0	0.0	22.0	0.0	0.0	8.0	0.0	29.0	65.0	0.0	0.0	0.0	0.0	0.0	0.0	0.0	5.0	12.0	0.0	2.0	0.0	0.0	0.0	12.0	13.0	15.0	48.0	0.0	0.0	0.0	0.0	0.0	0.0	0.0	0.0	0.0	0.0	0.0	0.0	0.0	0.0	1.0	24.0	10.0	8.0	0.0	0.0	0.0	0.0	0.0	65.0	8.0	0.0	0.0	0.0	0.0	0.0	0.0	0.0	0.0	21.0	0.0	0.0	0.0	0.0	0.0	0.0	0.0	0.0	0.0	0.0	27.0	0.0	0.0	0.0	0.0	0.0	0.0	0.0	0.0	0.0	0.0	0.0	0.0	0.0	0.0	0.0	0.0	0.0	0.0	0.0	0.0	0.0	0.0	0.0	0.0	0.0	0.0	20.0	0.0	0.0	0.0	0.0	0.0	0.0	0.0	0.0	0.0	0.0	0.0	0.0	21.0	1.0	0.0	4.0	0.0	0.0	0.0	0.0	0.0	0.0	0.0	0.0	0.0	0.0	0.0	0.0	0.0	0.0	0.0	0.0	0.0	0.0	0.0	0.0	0.0	0.0
SRR5532802	0.0	288.0	72.0	0.0	15.0	10.0	56.0	83.0	44.0	8.0	0.0	266.0	974.0	326.0	1141.0	161.0	1002.0	138.0	75.0	612.0	2065.0	27.0	1034.0	283.0	3097.0	677.0	131.0	0.0	404.0	20.0	209.0	40.0	2.0	224.0	14.0	39.0	7.0	10.0	2766.0	1.0	534.0	19.0	222.0	117.0	42.0	0.0	31.0	172.0	250.0	525.0	487.0	145.0	41.0	62.0	67.0	63.0	43.0	6.0	4433.0	127.0	195.0	87.0	581.0	277.0	164.0	49.0	147.0	607.0	0.0	0.0	379.0	11.0	79.0	64.0	76.0	12.0	0.0	108.0	0.0	82.0	17.0	114.0	127.0	0.0	625.0	0.0	6.0	445.0	31.0	6.0	75.0	24.0	20.0	45.0	225.0	7.0	811.0	73.0	15.0	71.0	24.0	13.0	6.0	33.0	102.0	53.0	0.0	25.0	89.0	2.0	0.0	7.0	7.0	0.0	0.0	102.0	0.0	0.0	2.0	10.0	55.0	0.0	14.0	67.0	0.0	76.0	200.0	5.0	104.0	1.0	88.0	21.0	0.0	60.0	27.0	2.0	316.0	0.0	0.0	20.0	6.0	193.0	14.0	0.0	545.0	3.0	0.0	6.0	5.0	17.0	0.0	0.0	0.0	0.0	314.0	96.0	69.0	0.0	0.0	3.0	4.0	0.0	0.0	0.0	3.0	35.0	2.0	16.0	0.0	21.0	0.0	19.0	197.0	4.0	0.0	62.0	6.0	155.0	0.0	2.0	23.0	54.0	0.0	8.0	45.0	0.0	20.0	94.0	0.0	0.0	1.0	0.0	0.0	0.0	0.0	64.0	20.0	26.0	0.0	0.0	0.0	0.0	27.0	72.0	23.0	0.0	0.0	0.0	0.0	0.0	0.0	0.0	4.0	0.0	1.0	0.0	0.0	0.0	2.0	458.0	6.0	15.0	0.0	0.0	0.0	0.0	0.0	0.0	0.0	0.0	0.0	4.0	0.0	0.0	0.0	0.0	3.0	8.0	0.0	0.0	0.0	0.0	0.0	0.0	0.0	38.0	19.0	0.0	0.0	0.0	0.0	1.0	0.0	0.0	0.0	0.0	13.0	14.0	0.0	0.0	0.0	0.0	0.0	0.0	0.0	0.0	26.0	0.0	0.0	0.0	0.0	0.0	0.0	0.0	0.0	0.0	0.0	0.0	0.0	0.0	0.0	0.0	0.0	0.0	0.0	0.0	0.0	0.0	0.0	0.0	0.0	0.0	0.0	0.0	0.0	0.0	0.0	0.0	0.0	0.0	0.0	0.0	0.0	0.0	0.0	0.0	24.0	0.0	0.0	0.0	0.0	0.0	0.0	0.0	0.0	0.0	0.0	0.0	0.0	0.0	0.0	0.0	0.0	0.0	0.0	0.0	0.0	0.0	0.0	0.0	15.0	0.0
SRR5532803	0.0	727.0	124.0	25.0	22.0	0.0	32.0	90.0	88.0	2.0	6.0	252.0	966.0	89.0	3090.0	110.0	872.0	123.0	109.0	1320.0	2896.0	0.0	1201.0	283.0	3899.0	1394.0	12.0	4.0	301.0	9.0	251.0	80.0	22.0	511.0	1.0	3.0	3.0	7.0	3679.0	32.0	920.0	32.0	240.0	19.0	88.0	13.0	4.0	86.0	502.0	198.0	450.0	47.0	32.0	108.0	21.0	54.0	3.0	55.0	2627.0	36.0	195.0	224.0	285.0	61.0	52.0	21.0	171.0	159.0	0.0	0.0	347.0	2.0	120.0	94.0	66.0	114.0	0.0	10.0	17.0	39.0	105.0	114.0	64.0	2.0	408.0	0.0	80.0	273.0	0.0	13.0	52.0	0.0	55.0	6.0	281.0	7.0	110.0	8.0	4.0	135.0	8.0	57.0	16.0	17.0	16.0	23.0	0.0	58.0	0.0	97.0	0.0	57.0	4.0	0.0	0.0	46.0	0.0	0.0	0.0	21.0	138.0	0.0	190.0	164.0	0.0	88.0	343.0	0.0	7.0	0.0	47.0	6.0	2.0	100.0	0.0	0.0	784.0	0.0	31.0	0.0	0.0	100.0	30.0	3.0	624.0	32.0	10.0	27.0	11.0	30.0	0.0	0.0	0.0	0.0	13.0	337.0	29.0	2.0	0.0	0.0	32.0	2.0	0.0	25.0	19.0	4.0	3.0	29.0	0.0	5.0	0.0	6.0	420.0	2.0	10.0	0.0	14.0	379.0	0.0	0.0	0.0	47.0	6.0	0.0	41.0	0.0	83.0	4.0	0.0	0.0	0.0	0.0	0.0	0.0	0.0	62.0	0.0	10.0	0.0	0.0	1.0	0.0	27.0	55.0	23.0	0.0	0.0	0.0	0.0	0.0	0.0	14.0	0.0	0.0	0.0	0.0	25.0	0.0	0.0	0.0	0.0	161.0	1.0	0.0	0.0	0.0	0.0	0.0	0.0	0.0	0.0	0.0	0.0	0.0	0.0	0.0	0.0	0.0	0.0	3.0	0.0	0.0	0.0	0.0	0.0	0.0	21.0	0.0	0.0	0.0	0.0	6.0	0.0	0.0	0.0	0.0	0.0	3.0	0.0	0.0	0.0	0.0	0.0	0.0	0.0	0.0	33.0	0.0	0.0	0.0	0.0	0.0	0.0	0.0	0.0	0.0	0.0	0.0	0.0	0.0	0.0	0.0	0.0	0.0	0.0	0.0	0.0	0.0	0.0	0.0	0.0	0.0	0.0	0.0	0.0	0.0	0.0	0.0	7.0	0.0	0.0	0.0	0.0	0.0	0.0	0.0	0.0	0.0	0.0	0.0	0.0	0.0	0.0	0.0	0.0	0.0	0.0	0.0	0.0	0.0	0.0	0.0	0.0	0.0	0.0	0.0	0.0	0.0	0.0	0.0	0.0	0.0
SRR5532804	7.0	685.0	68.0	24.0	28.0	3.0	18.0	33.0	15.0	3.0	442.0	20.0	979.0	264.0	129.0	246.0	3143.0	1131.0	131.0	1307.0	3588.0	24.0	880.0	0.0	1530.0	264.0	155.0	3.0	6.0	0.0	114.0	31.0	7.0	296.0	0.0	0.0	9.0	0.0	517.0	12.0	726.0	5.0	348.0	38.0	62.0	2.0	0.0	33.0	800.0	147.0	157.0	57.0	4.0	156.0	12.0	0.0	16.0	0.0	2688.0	0.0	17.0	124.0	388.0	29.0	138.0	0.0	29.0	0.0	0.0	0.0	156.0	4.0	137.0	20.0	49.0	13.0	0.0	72.0	10.0	1.0	0.0	22.0	81.0	0.0	153.0	0.0	2.0	1127.0	0.0	16.0	7.0	4.0	0.0	0.0	4.0	0.0	222.0	78.0	15.0	0.0	49.0	10.0	4.0	0.0	0.0	0.0	0.0	29.0	0.0	71.0	0.0	0.0	0.0	0.0	0.0	0.0	0.0	0.0	0.0	24.0	307.0	0.0	60.0	0.0	0.0	52.0	53.0	0.0	84.0	3.0	0.0	10.0	4.0	0.0	0.0	0.0	8.0	0.0	67.0	0.0	0.0	255.0	31.0	0.0	1512.0	6.0	0.0	15.0	19.0	28.0	0.0	2.0	0.0	0.0	28.0	0.0	15.0	5.0	6.0	0.0	20.0	3.0	0.0	0.0	36.0	0.0	2.0	24.0	0.0	0.0	3.0	2.0	545.0	1.0	0.0	102.0	17.0	0.0	0.0	0.0	0.0	2.0	2.0	0.0	26.0	4.0	74.0	0.0	0.0	3.0	0.0	0.0	7.0	0.0	0.0	0.0	0.0	15.0	0.0	8.0	0.0	0.0	64.0	0.0	0.0	0.0	0.0	0.0	0.0	0.0	0.0	0.0	0.0	0.0	0.0	0.0	22.0	0.0	0.0	0.0	0.0	57.0	0.0	0.0	0.0	0.0	0.0	0.0	0.0	0.0	6.0	0.0	0.0	0.0	0.0	0.0	0.0	0.0	0.0	12.0	0.0	0.0	0.0	2.0	0.0	19.0	1.0	0.0	2.0	0.0	0.0	0.0	0.0	0.0	0.0	0.0	0.0	0.0	0.0	0.0	0.0	0.0	0.0	0.0	0.0	0.0	0.0	0.0	0.0	9.0	0.0	0.0	0.0	0.0	0.0	0.0	0.0	0.0	0.0	0.0	0.0	0.0	6.0	0.0	0.0	0.0	0.0	0.0	0.0	0.0	0.0	0.0	0.0	0.0	0.0	0.0	0.0	0.0	0.0	0.0	0.0	0.0	0.0	0.0	0.0	0.0	0.0	0.0	0.0	0.0	0.0	0.0	0.0	0.0	0.0	0.0	0.0	0.0	0.0	0.0	0.0	0.0	0.0	0.0	2.0	0.0	0.0	0.0	0.0	0.0	0.0	0.0
SRR5532805	0.0	383.0	134.0	17.0	24.0	17.0	84.0	97.0	57.0	0.0	0.0	360.0	1356.0	399.0	758.0	273.0	1090.0	152.0	110.0	806.0	2493.0	26.0	1079.0	620.0	3140.0	1070.0	149.0	11.0	272.0	154.0	142.0	47.0	0.0	339.0	99.0	20.0	0.0	47.0	3103.0	15.0	533.0	187.0	320.0	98.0	118.0	0.0	42.0	154.0	197.0	452.0	547.0	429.0	131.0	105.0	88.0	120.0	35.0	10.0	3860.0	280.0	201.0	90.0	505.0	465.0	179.0	36.0	535.0	1447.0	0.0	0.0	467.0	0.0	172.0	74.0	92.0	0.0	0.0	93.0	0.0	74.0	19.0	181.0	187.0	20.0	557.0	0.0	23.0	330.0	132.0	36.0	44.0	22.0	37.0	77.0	1262.0	12.0	739.0	90.0	18.0	27.0	46.0	55.0	12.0	42.0	475.0	40.0	0.0	38.0	30.0	0.0	0.0	3.0	22.0	0.0	0.0	105.0	0.0	2.0	0.0	40.0	72.0	0.0	21.0	55.0	0.0	153.0	249.0	0.0	73.0	98.0	141.0	7.0	0.0	76.0	24.0	0.0	292.0	0.0	14.0	71.0	0.0	176.0	7.0	2.0	515.0	9.0	0.0	14.0	0.0	20.0	0.0	0.0	7.0	12.0	288.0	184.0	98.0	0.0	0.0	7.0	18.0	4.0	4.0	0.0	2.0	53.0	3.0	17.0	0.0	47.0	4.0	28.0	189.0	4.0	12.0	67.0	9.0	270.0	0.0	21.0	31.0	65.0	0.0	9.0	64.0	0.0	18.0	62.0	0.0	0.0	1.0	6.0	0.0	2.0	0.0	102.0	16.0	31.0	0.0	0.0	5.0	13.0	27.0	76.0	7.0	0.0	14.0	0.0	0.0	0.0	0.0	0.0	0.0	0.0	0.0	0.0	0.0	0.0	2.0	89.0	3.0	50.0	0.0	0.0	0.0	0.0	0.0	0.0	0.0	0.0	18.0	0.0	0.0	7.0	0.0	0.0	0.0	0.0	4.0	0.0	0.0	0.0	0.0	0.0	0.0	34.0	0.0	0.0	0.0	0.0	54.0	0.0	0.0	0.0	0.0	0.0	0.0	0.0	0.0	0.0	0.0	0.0	0.0	0.0	0.0	0.0	0.0	0.0	0.0	0.0	0.0	0.0	0.0	0.0	0.0	0.0	0.0	0.0	14.0	0.0	0.0	0.0	0.0	0.0	0.0	0.0	0.0	0.0	0.0	0.0	0.0	0.0	0.0	0.0	0.0	0.0	0.0	0.0	0.0	0.0	0.0	0.0	0.0	0.0	0.0	0.0	17.0	0.0	0.0	0.0	0.0	0.0	0.0	0.0	0.0	0.0	0.0	0.0	0.0	0.0	0.0	0.0	0.0	0.0	0.0	0.0	0.0	0.0	0.0	0.0	15.0	0.0
SRR5532806	3.0	313.0	125.0	1.0	8.0	8.0	3.0	2.0	53.0	4.0	0.0	175.0	537.0	93.0	1171.0	128.0	424.0	34.0	67.0	772.0	3377.0	18.0	685.0	179.0	2181.0	744.0	0.0	0.0	282.0	19.0	72.0	17.0	1.0	274.0	0.0	0.0	26.0	0.0	1647.0	21.0	411.0	38.0	72.0	11.0	37.0	6.0	0.0	43.0	235.0	79.0	325.0	73.0	25.0	144.0	22.0	50.0	4.0	22.0	1140.0	24.0	84.0	118.0	121.0	27.0	60.0	18.0	163.0	215.0	0.0	5.0	151.0	7.0	83.0	20.0	27.0	54.0	0.0	0.0	0.0	17.0	59.0	50.0	32.0	0.0	131.0	2.0	23.0	202.0	0.0	0.0	44.0	3.0	9.0	4.0	195.0	0.0	85.0	5.0	13.0	74.0	23.0	42.0	0.0	0.0	0.0	16.0	0.0	25.0	0.0	70.0	0.0	6.0	3.0	0.0	0.0	47.0	0.0	5.0	6.0	0.0	56.0	0.0	82.0	83.0	5.0	66.0	166.0	0.0	7.0	4.0	1.0	0.0	10.0	54.0	1.0	0.0	213.0	0.0	14.0	0.0	0.0	44.0	22.0	1.0	347.0	2.0	0.0	14.0	5.0	5.0	0.0	3.0	1.0	0.0	0.0	393.0	0.0	0.0	4.0	0.0	25.0	7.0	0.0	2.0	3.0	0.0	37.0	22.0	2.0	0.0	3.0	0.0	174.0	2.0	13.0	0.0	0.0	421.0	0.0	0.0	5.0	39.0	1.0	0.0	2.0	0.0	56.0	34.0	0.0	0.0	0.0	0.0	3.0	0.0	0.0	61.0	0.0	0.0	0.0	11.0	0.0	0.0	23.0	69.0	27.0	0.0	0.0	0.0	0.0	0.0	0.0	13.0	0.0	0.0	0.0	0.0	6.0	0.0	0.0	0.0	5.0	39.0	0.0	0.0	7.0	0.0	0.0	0.0	0.0	0.0	0.0	0.0	0.0	0.0	0.0	0.0	0.0	0.0	0.0	4.0	0.0	0.0	0.0	0.0	0.0	5.0	0.0	0.0	0.0	0.0	0.0	0.0	0.0	0.0	0.0	0.0	0.0	14.0	0.0	0.0	0.0	0.0	0.0	0.0	0.0	0.0	51.0	0.0	0.0	0.0	0.0	0.0	0.0	0.0	0.0	0.0	0.0	0.0	0.0	0.0	0.0	0.0	0.0	0.0	0.0	0.0	0.0	0.0	0.0	0.0	0.0	0.0	0.0	0.0	0.0	0.0	0.0	0.0	0.0	0.0	0.0	0.0	0.0	0.0	0.0	0.0	0.0	0.0	0.0	0.0	0.0	0.0	0.0	0.0	0.0	0.0	0.0	0.0	0.0	0.0	0.0	0.0	0.0	0.0	0.0	0.0	0.0	0.0	0.0	0.0	0.0	0.0
SRR5532807	3.0	599.0	22.0	0.0	53.0	0.0	26.0	308.0	0.0	0.0	1834.0	17.0	1084.0	674.0	7.0	192.0	4694.0	736.0	139.0	1044.0	1446.0	80.0	1019.0	74.0	3019.0	477.0	417.0	3.0	41.0	0.0	154.0	252.0	0.0	428.0	50.0	85.0	0.0	40.0	830.0	59.0	867.0	0.0	606.0	7.0	81.0	0.0	26.0	46.0	511.0	455.0	96.0	94.0	17.0	75.0	93.0	126.0	99.0	0.0	3039.0	69.0	202.0	388.0	668.0	1039.0	49.0	12.0	82.0	45.0	0.0	0.0	969.0	0.0	155.0	142.0	35.0	12.0	0.0	55.0	10.0	131.0	0.0	46.0	23.0	2.0	329.0	0.0	0.0	1241.0	0.0	0.0	1.0	44.0	27.0	0.0	30.0	54.0	58.0	20.0	0.0	0.0	7.0	6.0	4.0	0.0	0.0	24.0	0.0	23.0	0.0	153.0	6.0	20.0	0.0	0.0	0.0	0.0	83.0	16.0	0.0	7.0	139.0	0.0	25.0	145.0	0.0	76.0	20.0	0.0	3.0	39.0	54.0	22.0	4.0	0.0	0.0	0.0	14.0	0.0	35.0	45.0	0.0	143.0	33.0	20.0	488.0	40.0	10.0	0.0	0.0	36.0	0.0	0.0	0.0	7.0	380.0	0.0	332.0	1.0	0.0	11.0	43.0	0.0	0.0	5.0	0.0	0.0	1.0	31.0	1.0	0.0	0.0	12.0	1409.0	0.0	0.0	290.0	10.0	0.0	0.0	0.0	0.0	62.0	2.0	185.0	8.0	0.0	44.0	0.0	0.0	33.0	0.0	0.0	0.0	0.0	0.0	0.0	0.0	25.0	0.0	0.0	0.0	0.0	35.0	0.0	0.0	0.0	0.0	0.0	0.0	0.0	0.0	0.0	9.0	0.0	0.0	0.0	0.0	111.0	0.0	0.0	0.0	33.0	0.0	23.0	0.0	0.0	0.0	0.0	0.0	0.0	70.0	16.0	0.0	0.0	0.0	0.0	0.0	0.0	0.0	0.0	6.0	0.0	0.0	0.0	0.0	0.0	2.0	0.0	0.0	3.0	0.0	5.0	0.0	0.0	0.0	24.0	0.0	0.0	0.0	20.0	0.0	0.0	0.0	0.0	0.0	0.0	0.0	0.0	0.0	0.0	0.0	0.0	0.0	0.0	0.0	0.0	0.0	0.0	0.0	0.0	0.0	0.0	0.0	0.0	0.0	0.0	0.0	0.0	0.0	0.0	0.0	0.0	0.0	0.0	0.0	0.0	0.0	0.0	0.0	0.0	0.0	0.0	0.0	0.0	0.0	0.0	0.0	0.0	0.0	0.0	0.0	0.0	0.0	0.0	0.0	0.0	0.0	0.0	0.0	0.0	0.0	0.0	0.0	0.0	0.0	0.0	0.0	0.0	0.0	0.0	0.0	0.0
SRR5532808	3.0	229.0	19.0	9.0	42.0	4.0	40.0	144.0	114.0	0.0	0.0	303.0	753.0	794.0	13.0	113.0	1111.0	94.0	113.0	1130.0	2761.0	28.0	678.0	576.0	4027.0	1083.0	119.0	0.0	505.0	0.0	202.0	55.0	0.0	248.0	0.0	29.0	0.0	36.0	3277.0	22.0	791.0	0.0	444.0	18.0	18.0	0.0	0.0	141.0	186.0	466.0	52.0	241.0	92.0	108.0	73.0	106.0	106.0	0.0	1621.0	55.0	176.0	241.0	1421.0	537.0	14.0	47.0	152.0	59.0	0.0	0.0	594.0	4.0	65.0	71.0	26.0	0.0	0.0	27.0	2.0	115.0	14.0	121.0	15.0	3.0	977.0	46.0	5.0	595.0	0.0	0.0	35.0	64.0	40.0	115.0	92.0	55.0	95.0	19.0	14.0	23.0	8.0	8.0	11.0	0.0	0.0	14.0	0.0	0.0	0.0	17.0	17.0	49.0	3.0	0.0	0.0	28.0	32.0	0.0	0.0	5.0	13.0	0.0	2.0	86.0	0.0	140.0	53.0	0.0	8.0	9.0	196.0	3.0	0.0	75.0	44.0	0.0	468.0	0.0	0.0	13.0	0.0	62.0	0.0	0.0	245.0	19.0	0.0	0.0	7.0	37.0	0.0	0.0	0.0	0.0	21.0	219.0	107.0	5.0	0.0	12.0	19.0	0.0	0.0	0.0	2.0	51.0	0.0	20.0	2.0	14.0	0.0	102.0	333.0	3.0	0.0	146.0	0.0	203.0	0.0	4.0	27.0	53.0	0.0	8.0	41.0	0.0	0.0	129.0	0.0	10.0	0.0	0.0	0.0	0.0	0.0	153.0	70.0	16.0	0.0	0.0	0.0	0.0	0.0	147.0	0.0	0.0	4.0	0.0	0.0	0.0	0.0	0.0	5.0	0.0	1.0	0.0	0.0	0.0	2.0	0.0	0.0	46.0	0.0	6.0	0.0	0.0	0.0	0.0	0.0	5.0	0.0	0.0	0.0	0.0	0.0	0.0	0.0	0.0	0.0	0.0	0.0	0.0	0.0	0.0	0.0	0.0	0.0	2.0	1.0	8.0	0.0	0.0	0.0	29.0	0.0	2.0	11.0	0.0	0.0	0.0	0.0	6.0	0.0	0.0	0.0	0.0	0.0	0.0	0.0	0.0	0.0	0.0	0.0	0.0	0.0	0.0	0.0	0.0	0.0	0.0	2.0	0.0	0.0	0.0	0.0	0.0	0.0	0.0	0.0	0.0	0.0	0.0	0.0	0.0	0.0	0.0	0.0	0.0	0.0	0.0	0.0	0.0	0.0	0.0	0.0	0.0	0.0	0.0	0.0	0.0	0.0	0.0	0.0	0.0	0.0	0.0	0.0	0.0	0.0	0.0	0.0	0.0	0.0	0.0	0.0	0.0	0.0	0.0	0.0	0.0	0.0	0.0
SRR5532809	0.0	215.0	25.0	0.0	10.0	11.0	29.0	131.0	128.0	3.0	0.0	307.0	1316.0	564.0	21.0	162.0	660.0	38.0	81.0	1076.0	3925.0	18.0	374.0	658.0	3909.0	1081.0	0.0	0.0	908.0	19.0	162.0	95.0	8.0	297.0	8.0	36.0	0.0	43.0	3183.0	26.0	473.0	15.0	134.0	0.0	89.0	7.0	16.0	105.0	161.0	295.0	32.0	81.0	77.0	67.0	48.0	131.0	69.0	40.0	621.0	104.0	174.0	239.0	542.0	405.0	6.0	58.0	536.0	827.0	0.0	28.0	446.0	2.0	94.0	88.0	16.0	21.0	0.0	0.0	16.0	76.0	89.0	158.0	0.0	0.0	304.0	32.0	0.0	460.0	83.0	0.0	21.0	10.0	52.0	20.0	560.0	7.0	2.0	0.0	15.0	122.0	0.0	41.0	0.0	64.0	94.0	3.0	0.0	19.0	0.0	22.0	9.0	16.0	0.0	0.0	0.0	71.0	23.0	0.0	0.0	4.0	65.0	0.0	36.0	90.0	0.0	33.0	41.0	0.0	0.0	14.0	61.0	7.0	0.0	125.0	0.0	1.0	623.0	0.0	0.0	10.0	6.0	6.0	0.0	2.0	233.0	14.0	0.0	10.0	11.0	0.0	0.0	0.0	0.0	8.0	7.0	945.0	33.0	0.0	7.0	5.0	35.0	6.0	0.0	40.0	0.0	5.0	0.0	31.0	0.0	86.0	0.0	8.0	334.0	4.0	19.0	0.0	9.0	1162.0	0.0	10.0	0.0	159.0	0.0	10.0	32.0	0.0	6.0	47.0	0.0	0.0	10.0	0.0	0.0	0.0	0.0	134.0	6.0	0.0	0.0	7.0	0.0	11.0	0.0	120.0	62.0	0.0	1.0	6.0	0.0	0.0	0.0	25.0	0.0	0.0	4.0	0.0	0.0	0.0	0.0	67.0	0.0	40.0	0.0	0.0	28.0	0.0	0.0	0.0	0.0	0.0	0.0	0.0	0.0	0.0	0.0	0.0	0.0	0.0	0.0	0.0	0.0	0.0	0.0	0.0	0.0	6.0	0.0	0.0	3.0	0.0	0.0	2.0	0.0	0.0	0.0	0.0	0.0	2.0	0.0	0.0	0.0	0.0	0.0	0.0	0.0	0.0	0.0	0.0	0.0	0.0	0.0	0.0	0.0	0.0	0.0	11.0	0.0	0.0	21.0	0.0	0.0	0.0	0.0	0.0	0.0	0.0	0.0	0.0	0.0	0.0	0.0	0.0	0.0	0.0	0.0	0.0	0.0	0.0	5.0	0.0	0.0	0.0	0.0	0.0	0.0	0.0	0.0	0.0	0.0	0.0	0.0	0.0	0.0	0.0	0.0	0.0	0.0	0.0	0.0	0.0	0.0	0.0	0.0	0.0	0.0	0.0	0.0	0.0	0.0	0.0	0.0	0.0
SRR5532810	0.0	25.0	8.0	0.0	0.0	0.0	0.0	8.0	0.0	3.0	66.0	5.0	657.0	60.0	0.0	0.0	78.0	57.0	2.0	13.0	80.0	0.0	554.0	81.0	707.0	97.0	83.0	0.0	0.0	0.0	67.0	0.0	0.0	24.0	0.0	14.0	0.0	0.0	20.0	0.0	11.0	0.0	8.0	0.0	0.0	0.0	19.0	21.0	17.0	152.0	82.0	46.0	18.0	0.0	3.0	0.0	30.0	0.0	2043.0	0.0	159.0	2.0	260.0	388.0	2.0	0.0	108.0	0.0	0.0	37.0	430.0	0.0	15.0	0.0	0.0	0.0	0.0	0.0	0.0	0.0	0.0	3.0	1.0	0.0	31.0	0.0	0.0	214.0	0.0	0.0	0.0	0.0	10.0	0.0	0.0	0.0	0.0	0.0	0.0	0.0	0.0	55.0	0.0	0.0	0.0	0.0	0.0	0.0	0.0	0.0	12.0	5.0	0.0	0.0	0.0	0.0	0.0	20.0	0.0	0.0	0.0	0.0	1.0	62.0	0.0	0.0	0.0	0.0	0.0	0.0	27.0	0.0	0.0	0.0	0.0	0.0	22.0	0.0	0.0	0.0	0.0	0.0	0.0	0.0	93.0	4.0	0.0	0.0	0.0	15.0	0.0	0.0	0.0	0.0	153.0	0.0	6.0	0.0	0.0	0.0	0.0	0.0	0.0	0.0	0.0	0.0	0.0	0.0	0.0	0.0	0.0	10.0	112.0	0.0	0.0	2296.0	0.0	0.0	0.0	0.0	0.0	0.0	0.0	2.0	0.0	0.0	10.0	0.0	0.0	0.0	0.0	0.0	0.0	0.0	0.0	0.0	0.0	0.0	0.0	0.0	0.0	0.0	0.0	0.0	6.0	0.0	0.0	0.0	0.0	0.0	0.0	0.0	0.0	0.0	0.0	0.0	0.0	251.0	0.0	0.0	4.0	0.0	0.0	0.0	0.0	0.0	0.0	0.0	0.0	0.0	0.0	0.0	0.0	0.0	0.0	0.0	0.0	0.0	0.0	0.0	0.0	0.0	0.0	0.0	0.0	0.0	0.0	0.0	0.0	0.0	0.0	0.0	0.0	0.0	0.0	0.0	0.0	0.0	0.0	0.0	0.0	0.0	0.0	0.0	0.0	0.0	0.0	0.0	0.0	0.0	0.0	0.0	0.0	0.0	0.0	0.0	0.0	0.0	0.0	0.0	0.0	0.0	0.0	0.0	0.0	0.0	0.0	0.0	0.0	0.0	0.0	0.0	0.0	0.0	0.0	0.0	0.0	0.0	0.0	0.0	0.0	0.0	0.0	0.0	0.0	0.0	0.0	0.0	0.0	0.0	0.0	0.0	0.0	7.0	0.0	0.0	0.0	0.0	0.0	0.0	0.0	0.0	0.0	0.0	0.0	0.0	0.0	0.0	0.0	0.0	0.0	0.0
SRR5532811	0.0	38.0	25.0	0.0	0.0	4.0	0.0	15.0	0.0	4.0	0.0	6.0	356.0	6.0	0.0	16.0	60.0	70.0	0.0	9.0	136.0	0.0	765.0	1.0	559.0	110.0	111.0	0.0	0.0	0.0	32.0	0.0	0.0	0.0	0.0	9.0	0.0	0.0	0.0	0.0	13.0	0.0	0.0	0.0	0.0	0.0	6.0	28.0	20.0	125.0	113.0	11.0	13.0	5.0	6.0	0.0	0.0	0.0	5531.0	0.0	78.0	0.0	49.0	16.0	3.0	0.0	23.0	0.0	0.0	59.0	107.0	0.0	13.0	0.0	0.0	0.0	0.0	5.0	0.0	0.0	0.0	102.0	19.0	0.0	15.0	0.0	0.0	153.0	0.0	21.0	0.0	0.0	25.0	0.0	0.0	0.0	9.0	45.0	14.0	0.0	0.0	71.0	0.0	0.0	0.0	0.0	0.0	0.0	0.0	0.0	0.0	0.0	0.0	0.0	0.0	0.0	0.0	0.0	0.0	5.0	0.0	0.0	0.0	29.0	0.0	9.0	0.0	0.0	4.0	0.0	29.0	0.0	0.0	0.0	0.0	0.0	136.0	0.0	0.0	0.0	0.0	6.0	0.0	0.0	125.0	4.0	0.0	0.0	2.0	33.0	0.0	0.0	0.0	0.0	5.0	0.0	0.0	0.0	0.0	0.0	0.0	0.0	0.0	0.0	0.0	0.0	0.0	0.0	0.0	0.0	0.0	0.0	93.0	0.0	0.0	1062.0	0.0	0.0	0.0	0.0	0.0	0.0	0.0	2.0	6.0	0.0	20.0	0.0	0.0	0.0	0.0	0.0	0.0	0.0	0.0	0.0	0.0	0.0	0.0	0.0	0.0	0.0	0.0	0.0	0.0	0.0	0.0	0.0	0.0	0.0	0.0	0.0	0.0	0.0	0.0	0.0	0.0	3.0	0.0	0.0	16.0	0.0	0.0	0.0	0.0	0.0	0.0	0.0	0.0	0.0	0.0	0.0	0.0	0.0	0.0	0.0	0.0	0.0	0.0	0.0	0.0	0.0	0.0	0.0	0.0	3.0	0.0	0.0	0.0	0.0	0.0	0.0	0.0	0.0	0.0	0.0	0.0	0.0	0.0	0.0	0.0	0.0	0.0	0.0	0.0	0.0	0.0	0.0	0.0	0.0	0.0	0.0	0.0	0.0	0.0	0.0	0.0	0.0	0.0	0.0	0.0	0.0	0.0	0.0	0.0	0.0	0.0	0.0	0.0	0.0	0.0	0.0	0.0	0.0	0.0	0.0	0.0	0.0	0.0	0.0	0.0	0.0	0.0	0.0	0.0	0.0	0.0	0.0	0.0	0.0	0.0	0.0	0.0	0.0	0.0	0.0	0.0	0.0	0.0	0.0	0.0	0.0	0.0	0.0	0.0	0.0	0.0	0.0	0.0	0.0	0.0	0.0
SRR5532812	7.0	444.0	78.0	41.0	5.0	19.0	27.0	33.0	23.0	114.0	0.0	88.0	519.0	80.0	979.0	83.0	438.0	9.0	36.0	510.0	1293.0	64.0	560.0	165.0	6328.0	503.0	0.0	1.0	87.0	123.0	55.0	14.0	12.0	284.0	0.0	545.0	18.0	3.0	1137.0	6.0	371.0	14.0	30.0	13.0	23.0	8.0	3.0	19.0	157.0	70.0	1052.0	71.0	63.0	103.0	11.0	204.0	22.0	7.0	1670.0	177.0	390.0	26.0	76.0	55.0	52.0	4.0	268.0	67.0	0.0	0.0	105.0	84.0	38.0	11.0	35.0	30.0	0.0	6.0	3.0	0.0	19.0	39.0	149.0	7.0	39.0	5.0	16.0	125.0	5.0	11.0	15.0	1.0	7.0	3.0	177.0	0.0	36.0	995.0	142.0	79.0	0.0	85.0	17.0	8.0	27.0	10.0	0.0	49.0	16.0	76.0	9.0	0.0	57.0	0.0	0.0	46.0	2.0	3.0	6.0	56.0	22.0	0.0	32.0	937.0	0.0	9.0	128.0	0.0	26.0	5.0	23.0	0.0	3.0	31.0	0.0	0.0	312.0	0.0	18.0	6.0	0.0	20.0	18.0	9.0	129.0	3.0	16.0	49.0	13.0	64.0	0.0	3.0	9.0	6.0	0.0	258.0	19.0	0.0	109.0	2.0	20.0	0.0	2.0	6.0	2.0	3.0	20.0	7.0	0.0	12.0	5.0	0.0	107.0	0.0	0.0	29.0	8.0	330.0	0.0	0.0	0.0	12.0	12.0	0.0	7.0	12.0	29.0	0.0	3.0	0.0	0.0	2.0	0.0	40.0	0.0	40.0	0.0	49.0	0.0	10.0	0.0	0.0	11.0	28.0	23.0	0.0	0.0	0.0	0.0	0.0	0.0	16.0	0.0	0.0	1.0	0.0	0.0	0.0	0.0	0.0	2.0	22.0	0.0	0.0	6.0	0.0	690.0	0.0	0.0	0.0	0.0	0.0	4.0	0.0	0.0	0.0	0.0	0.0	0.0	0.0	0.0	0.0	0.0	0.0	0.0	15.0	9.0	0.0	0.0	0.0	0.0	0.0	0.0	0.0	0.0	0.0	0.0	0.0	0.0	0.0	0.0	0.0	0.0	0.0	0.0	0.0	9.0	0.0	43.0	0.0	0.0	3.0	0.0	0.0	0.0	0.0	0.0	0.0	0.0	0.0	0.0	4.0	0.0	0.0	0.0	0.0	0.0	0.0	0.0	0.0	0.0	4.0	0.0	0.0	0.0	0.0	0.0	0.0	0.0	0.0	0.0	0.0	0.0	0.0	0.0	0.0	0.0	0.0	0.0	0.0	0.0	0.0	0.0	0.0	0.0	0.0	0.0	0.0	0.0	0.0	0.0	0.0	0.0	0.0	0.0	0.0	0.0	0.0	0.0	0.0	0.0	0.0
SRR5532813	0.0	438.0	98.0	15.0	3.0	14.0	94.0	34.0	29.0	132.0	0.0	95.0	793.0	93.0	291.0	64.0	481.0	17.0	11.0	572.0	1685.0	86.0	405.0	225.0	6826.0	560.0	0.0	0.0	68.0	54.0	38.0	0.0	11.0	289.0	0.0	267.0	49.0	1.0	1066.0	23.0	350.0	32.0	31.0	25.0	32.0	13.0	6.0	5.0	149.0	96.0	1206.0	71.0	87.0	102.0	11.0	312.0	8.0	7.0	1904.0	334.0	602.0	30.0	114.0	121.0	41.0	11.0	359.0	83.0	0.0	0.0	143.0	47.0	0.0	26.0	62.0	42.0	0.0	13.0	5.0	5.0	23.0	26.0	161.0	36.0	46.0	8.0	14.0	203.0	0.0	5.0	50.0	30.0	18.0	67.0	318.0	0.0	29.0	849.0	141.0	118.0	13.0	81.0	34.0	5.0	31.0	7.0	0.0	28.0	36.0	549.0	0.0	8.0	40.0	0.0	0.0	33.0	0.0	5.0	23.0	26.0	33.0	0.0	88.0	934.0	0.0	23.0	129.0	6.0	11.0	0.0	15.0	3.0	15.0	9.0	1.0	0.0	324.0	3.0	24.0	8.0	0.0	22.0	22.0	21.0	137.0	7.0	17.0	30.0	12.0	0.0	0.0	0.0	12.0	8.0	32.0	263.0	0.0	0.0	81.0	2.0	22.0	6.0	0.0	12.0	2.0	0.0	42.0	5.0	0.0	9.0	8.0	0.0	69.0	2.0	0.0	17.0	0.0	367.0	4.0	8.0	0.0	27.0	13.0	0.0	9.0	4.0	32.0	4.0	0.0	0.0	0.0	14.0	4.0	23.0	8.0	32.0	0.0	51.0	0.0	9.0	0.0	0.0	0.0	45.0	13.0	5.0	10.0	0.0	3.0	0.0	0.0	12.0	0.0	0.0	0.0	3.0	0.0	0.0	0.0	5.0	0.0	52.0	0.0	0.0	16.0	0.0	19.0	0.0	0.0	0.0	0.0	0.0	0.0	0.0	2.0	0.0	0.0	0.0	2.0	0.0	0.0	4.0	0.0	0.0	0.0	0.0	0.0	0.0	6.0	7.0	0.0	0.0	0.0	0.0	4.0	0.0	2.0	0.0	0.0	0.0	0.0	0.0	0.0	0.0	0.0	0.0	13.0	0.0	40.0	0.0	0.0	0.0	0.0	0.0	0.0	2.0	0.0	0.0	0.0	0.0	0.0	0.0	0.0	0.0	0.0	0.0	0.0	0.0	0.0	0.0	0.0	0.0	0.0	0.0	0.0	0.0	0.0	0.0	7.0	0.0	0.0	0.0	0.0	0.0	0.0	0.0	0.0	0.0	0.0	0.0	0.0	0.0	0.0	5.0	0.0	0.0	0.0	0.0	0.0	0.0	0.0	0.0	0.0	0.0	0.0	0.0	0.0	0.0	0.0	0.0	0.0	0.0
SRR5532814	3.0	444.0	46.0	7.0	0.0	13.0	98.0	80.0	68.0	0.0	0.0	158.0	920.0	238.0	477.0	126.0	729.0	22.0	22.0	848.0	2184.0	50.0	559.0	425.0	6371.0	701.0	0.0	4.0	189.0	36.0	81.0	29.0	10.0	267.0	0.0	299.0	16.0	23.0	1751.0	27.0	456.0	73.0	76.0	16.0	45.0	6.0	2.0	52.0	124.0	293.0	455.0	117.0	44.0	139.0	36.0	244.0	96.0	0.0	1345.0	213.0	475.0	79.0	213.0	164.0	33.0	10.0	354.0	218.0	0.0	0.0	221.0	28.0	58.0	25.0	36.0	30.0	0.0	10.0	5.0	33.0	25.0	24.0	58.0	19.0	134.0	32.0	15.0	388.0	0.0	10.0	40.0	35.0	20.0	71.0	345.0	25.0	38.0	194.0	187.0	126.0	9.0	99.0	17.0	26.0	59.0	6.0	0.0	73.0	20.0	42.0	7.0	34.0	14.0	0.0	0.0	307.0	9.0	0.0	0.0	22.0	66.0	0.0	186.0	336.0	0.0	20.0	99.0	0.0	28.0	31.0	32.0	0.0	2.0	27.0	10.0	0.0	214.0	0.0	9.0	0.0	6.0	23.0	18.0	10.0	221.0	18.0	1.0	17.0	15.0	10.0	0.0	4.0	28.0	8.0	0.0	442.0	41.0	0.0	18.0	4.0	20.0	6.0	0.0	28.0	7.0	7.0	32.0	27.0	0.0	14.0	0.0	13.0	131.0	0.0	1.0	0.0	0.0	661.0	0.0	34.0	0.0	48.0	11.0	2.0	64.0	0.0	29.0	3.0	0.0	0.0	0.0	0.0	0.0	2.0	0.0	107.0	30.0	19.0	0.0	9.0	0.0	0.0	0.0	91.0	56.0	0.0	11.0	0.0	4.0	0.0	0.0	16.0	0.0	0.0	5.0	2.0	0.0	0.0	8.0	159.0	4.0	39.0	4.0	0.0	17.0	3.0	0.0	0.0	0.0	0.0	0.0	3.0	0.0	0.0	3.0	0.0	0.0	0.0	0.0	0.0	0.0	0.0	0.0	0.0	0.0	0.0	0.0	0.0	0.0	10.0	0.0	8.0	0.0	0.0	0.0	0.0	0.0	31.0	0.0	0.0	0.0	0.0	0.0	0.0	0.0	0.0	0.0	0.0	9.0	0.0	0.0	0.0	0.0	0.0	0.0	0.0	0.0	0.0	0.0	0.0	0.0	0.0	0.0	0.0	0.0	0.0	0.0	0.0	0.0	0.0	0.0	0.0	0.0	0.0	0.0	0.0	0.0	0.0	13.0	0.0	0.0	0.0	0.0	0.0	0.0	0.0	0.0	0.0	0.0	0.0	0.0	0.0	0.0	0.0	0.0	0.0	0.0	0.0	0.0	0.0	0.0	0.0	0.0	0.0	0.0	0.0	0.0	0.0	0.0	0.0	0.0	0.0
SRR5532815	0.0	340.0	52.0	35.0	0.0	5.0	76.0	40.0	33.0	6.0	0.0	126.0	661.0	218.0	103.0	58.0	495.0	2.0	14.0	595.0	2054.0	24.0	218.0	316.0	4782.0	428.0	5.0	0.0	84.0	33.0	41.0	20.0	10.0	136.0	1.0	69.0	0.0	21.0	1732.0	12.0	242.0	804.0	31.0	14.0	51.0	15.0	0.0	18.0	115.0	237.0	242.0	41.0	53.0	43.0	21.0	149.0	67.0	10.0	1077.0	290.0	469.0	60.0	132.0	183.0	10.0	7.0	406.0	1903.0	0.0	0.0	162.0	18.0	28.0	29.0	19.0	27.0	0.0	1.0	5.0	16.0	38.0	39.0	51.0	0.0	147.0	22.0	10.0	136.0	19.0	1.0	24.0	27.0	27.0	94.0	316.0	30.0	12.0	105.0	209.0	144.0	0.0	24.0	8.0	71.0	42.0	8.0	0.0	85.0	0.0	26.0	3.0	5.0	62.0	0.0	0.0	94.0	25.0	2.0	0.0	27.0	52.0	0.0	81.0	713.0	0.0	29.0	75.0	0.0	2.0	7.0	34.0	4.0	12.0	31.0	0.0	0.0	339.0	2.0	11.0	29.0	0.0	18.0	0.0	40.0	136.0	12.0	0.0	8.0	11.0	1.0	0.0	0.0	12.0	30.0	0.0	228.0	35.0	0.0	4.0	3.0	27.0	15.0	0.0	31.0	0.0	0.0	13.0	22.0	0.0	40.0	4.0	0.0	155.0	0.0	11.0	18.0	0.0	348.0	0.0	7.0	0.0	22.0	10.0	0.0	6.0	0.0	0.0	24.0	0.0	8.0	7.0	8.0	13.0	3.0	0.0	75.0	3.0	1.0	0.0	3.0	0.0	0.0	0.0	27.0	37.0	0.0	11.0	0.0	0.0	0.0	0.0	0.0	0.0	0.0	10.0	0.0	0.0	0.0	8.0	27.0	0.0	66.0	0.0	0.0	0.0	5.0	0.0	0.0	0.0	0.0	0.0	0.0	0.0	13.0	8.0	0.0	0.0	0.0	0.0	0.0	0.0	0.0	0.0	0.0	0.0	0.0	7.0	7.0	0.0	8.0	0.0	0.0	0.0	0.0	0.0	0.0	0.0	1.0	0.0	0.0	0.0	0.0	0.0	0.0	0.0	0.0	0.0	0.0	22.0	0.0	0.0	0.0	0.0	0.0	0.0	0.0	0.0	0.0	0.0	0.0	0.0	4.0	0.0	0.0	0.0	0.0	0.0	0.0	0.0	0.0	0.0	0.0	14.0	0.0	0.0	0.0	0.0	6.0	9.0	0.0	0.0	0.0	0.0	0.0	0.0	0.0	0.0	0.0	0.0	0.0	0.0	0.0	0.0	0.0	0.0	0.0	0.0	0.0	0.0	0.0	0.0	0.0	0.0	0.0	0.0	0.0	0.0	0.0	0.0	0.0	0.0	0.0
SRR5532816	2.0	35.0	0.0	0.0	0.0	3.0	0.0	55.0	0.0	0.0	1.0	62.0	276.0	144.0	0.0	0.0	104.0	95.0	0.0	15.0	212.0	17.0	496.0	39.0	1823.0	94.0	139.0	0.0	0.0	0.0	197.0	0.0	0.0	11.0	0.0	2.0	0.0	0.0	0.0	0.0	0.0	0.0	8.0	0.0	0.0	0.0	0.0	46.0	46.0	277.0	102.0	31.0	61.0	18.0	4.0	39.0	0.0	0.0	3175.0	0.0	173.0	0.0	127.0	228.0	23.0	2.0	27.0	0.0	0.0	0.0	415.0	0.0	0.0	4.0	3.0	0.0	0.0	4.0	0.0	6.0	0.0	33.0	53.0	2.0	28.0	0.0	0.0	517.0	0.0	39.0	0.0	0.0	40.0	0.0	0.0	0.0	21.0	50.0	22.0	0.0	0.0	66.0	0.0	0.0	0.0	0.0	0.0	0.0	0.0	3.0	0.0	54.0	0.0	0.0	0.0	0.0	0.0	0.0	0.0	13.0	0.0	0.0	0.0	62.0	0.0	4.0	0.0	0.0	0.0	0.0	120.0	0.0	0.0	0.0	0.0	0.0	53.0	0.0	25.0	0.0	0.0	0.0	0.0	3.0	212.0	0.0	0.0	0.0	5.0	64.0	0.0	0.0	0.0	0.0	185.0	0.0	0.0	0.0	0.0	0.0	5.0	0.0	0.0	0.0	0.0	0.0	0.0	0.0	0.0	0.0	7.0	0.0	112.0	0.0	0.0	769.0	0.0	0.0	0.0	0.0	0.0	0.0	0.0	0.0	37.0	0.0	16.0	0.0	0.0	0.0	0.0	0.0	0.0	0.0	0.0	0.0	0.0	36.0	0.0	0.0	0.0	0.0	0.0	14.0	0.0	0.0	0.0	0.0	1.0	0.0	0.0	0.0	0.0	6.0	0.0	0.0	0.0	23.0	0.0	0.0	7.0	0.0	0.0	0.0	0.0	0.0	0.0	0.0	0.0	0.0	0.0	0.0	0.0	0.0	0.0	0.0	0.0	0.0	0.0	0.0	0.0	0.0	0.0	0.0	0.0	17.0	0.0	0.0	0.0	0.0	0.0	0.0	0.0	0.0	0.0	0.0	0.0	0.0	0.0	0.0	0.0	0.0	0.0	0.0	0.0	0.0	0.0	0.0	0.0	0.0	0.0	0.0	0.0	0.0	0.0	0.0	0.0	0.0	0.0	0.0	0.0	0.0	0.0	0.0	0.0	0.0	0.0	0.0	0.0	0.0	0.0	0.0	0.0	0.0	0.0	0.0	0.0	0.0	0.0	0.0	0.0	0.0	0.0	0.0	0.0	0.0	0.0	0.0	0.0	0.0	0.0	0.0	0.0	0.0	0.0	0.0	0.0	0.0	0.0	0.0	0.0	0.0	0.0	0.0	0.0	0.0	0.0	0.0	0.0	0.0	0.0	0.0
SRR5532818	0.0	37.0	0.0	0.0	7.0	0.0	0.0	8.0	0.0	0.0	9.0	6.0	620.0	153.0	0.0	9.0	118.0	100.0	0.0	34.0	110.0	0.0	523.0	28.0	696.0	40.0	80.0	0.0	6.0	0.0	4.0	0.0	0.0	34.0	0.0	2.0	0.0	0.0	0.0	0.0	10.0	0.0	23.0	0.0	0.0	0.0	10.0	11.0	21.0	277.0	92.0	39.0	16.0	2.0	0.0	63.0	72.0	0.0	5868.0	19.0	194.0	9.0	64.0	124.0	0.0	0.0	37.0	5.0	0.0	22.0	233.0	0.0	6.0	5.0	1.0	0.0	0.0	0.0	0.0	10.0	0.0	0.0	1.0	0.0	32.0	0.0	0.0	220.0	0.0	0.0	0.0	0.0	0.0	0.0	1.0	0.0	24.0	15.0	0.0	0.0	0.0	49.0	0.0	0.0	0.0	0.0	0.0	0.0	0.0	0.0	0.0	0.0	0.0	0.0	0.0	0.0	0.0	0.0	0.0	0.0	0.0	0.0	0.0	87.0	0.0	0.0	0.0	0.0	0.0	0.0	16.0	0.0	0.0	0.0	0.0	0.0	59.0	0.0	0.0	0.0	0.0	4.0	0.0	0.0	113.0	7.0	0.0	0.0	0.0	0.0	0.0	4.0	0.0	0.0	61.0	0.0	44.0	0.0	0.0	0.0	0.0	0.0	0.0	0.0	0.0	0.0	0.0	0.0	0.0	0.0	4.0	0.0	52.0	0.0	0.0	1303.0	0.0	0.0	0.0	0.0	0.0	0.0	0.0	0.0	37.0	0.0	8.0	0.0	0.0	0.0	0.0	0.0	0.0	0.0	0.0	0.0	0.0	0.0	0.0	0.0	0.0	0.0	0.0	0.0	0.0	0.0	0.0	0.0	0.0	0.0	0.0	0.0	0.0	0.0	0.0	0.0	0.0	98.0	0.0	0.0	0.0	0.0	0.0	0.0	0.0	0.0	0.0	0.0	0.0	0.0	0.0	0.0	0.0	0.0	0.0	0.0	0.0	0.0	0.0	0.0	0.0	0.0	0.0	0.0	0.0	0.0	0.0	0.0	0.0	0.0	0.0	0.0	0.0	0.0	0.0	0.0	0.0	0.0	0.0	0.0	0.0	0.0	0.0	0.0	0.0	0.0	0.0	0.0	0.0	0.0	0.0	0.0	0.0	0.0	0.0	0.0	0.0	0.0	0.0	0.0	0.0	0.0	0.0	0.0	0.0	0.0	0.0	0.0	0.0	0.0	0.0	0.0	0.0	0.0	0.0	0.0	0.0	0.0	0.0	0.0	0.0	0.0	0.0	0.0	0.0	0.0	0.0	0.0	0.0	0.0	0.0	0.0	0.0	0.0	0.0	0.0	0.0	0.0	0.0	0.0	0.0	0.0	0.0	0.0	0.0	0.0	0.0	0.0	0.0	0.0	0.0	0.0
SRR5532819	0.0	82.0	7.0	0.0	16.0	0.0	0.0	38.0	0.0	0.0	128.0	41.0	685.0	285.0	0.0	7.0	287.0	47.0	6.0	32.0	74.0	0.0	179.0	179.0	1255.0	32.0	315.0	0.0	3.0	0.0	95.0	17.0	0.0	198.0	0.0	16.0	0.0	0.0	19.0	0.0	25.0	0.0	40.0	0.0	0.0	0.0	43.0	10.0	83.0	690.0	61.0	50.0	47.0	0.0	18.0	128.0	55.0	0.0	3828.0	15.0	113.0	13.0	614.0	519.0	0.0	0.0	71.0	0.0	0.0	2.0	989.0	0.0	19.0	26.0	6.0	0.0	0.0	0.0	0.0	32.0	0.0	0.0	0.0	0.0	44.0	0.0	0.0	167.0	0.0	0.0	0.0	0.0	20.0	0.0	159.0	0.0	0.0	9.0	49.0	0.0	0.0	7.0	0.0	0.0	0.0	0.0	0.0	0.0	0.0	0.0	0.0	23.0	0.0	0.0	0.0	0.0	4.0	2.0	0.0	6.0	0.0	0.0	0.0	106.0	0.0	11.0	0.0	0.0	4.0	0.0	3.0	1.0	0.0	0.0	0.0	0.0	18.0	0.0	24.0	0.0	0.0	0.0	0.0	0.0	115.0	8.0	0.0	0.0	0.0	3.0	0.0	0.0	0.0	0.0	58.0	0.0	179.0	0.0	0.0	0.0	21.0	0.0	0.0	0.0	0.0	0.0	0.0	0.0	0.0	0.0	0.0	0.0	111.0	0.0	0.0	1465.0	0.0	0.0	0.0	0.0	0.0	0.0	0.0	3.0	0.0	0.0	9.0	19.0	0.0	0.0	0.0	0.0	0.0	0.0	0.0	0.0	9.0	18.0	0.0	0.0	0.0	0.0	0.0	0.0	0.0	0.0	0.0	0.0	0.0	0.0	0.0	0.0	0.0	0.0	0.0	0.0	0.0	152.0	0.0	0.0	0.0	0.0	0.0	0.0	0.0	0.0	0.0	0.0	0.0	0.0	0.0	0.0	0.0	0.0	0.0	0.0	0.0	0.0	0.0	0.0	0.0	0.0	0.0	0.0	0.0	7.0	0.0	0.0	0.0	0.0	0.0	0.0	0.0	0.0	0.0	0.0	0.0	0.0	0.0	0.0	0.0	0.0	0.0	0.0	0.0	0.0	0.0	0.0	0.0	0.0	0.0	0.0	0.0	0.0	0.0	0.0	0.0	0.0	0.0	0.0	0.0	0.0	0.0	0.0	0.0	0.0	0.0	0.0	0.0	0.0	0.0	0.0	0.0	0.0	0.0	0.0	0.0	0.0	0.0	0.0	0.0	0.0	0.0	0.0	0.0	0.0	0.0	0.0	0.0	0.0	0.0	0.0	0.0	0.0	0.0	0.0	0.0	0.0	0.0	0.0	0.0	0.0	0.0	0.0	0.0	0.0	0.0	0.0	0.0	0.0	0.0	0.0
SRR5532820	0.0	314.0	93.0	31.0	2.0	18.0	33.0	45.0	30.0	289.0	9.0	143.0	774.0	198.0	126.0	145.0	743.0	36.0	46.0	429.0	1223.0	202.0	884.0	187.0	4664.0	673.0	49.0	0.0	41.0	2665.0	83.0	13.0	6.0	297.0	0.0	311.0	1.0	0.0	1719.0	8.0	275.0	3.0	74.0	43.0	39.0	0.0	2.0	26.0	215.0	152.0	2213.0	144.0	57.0	55.0	18.0	268.0	43.0	0.0	2704.0	51.0	649.0	35.0	232.0	170.0	97.0	14.0	275.0	15.0	5.0	11.0	281.0	213.0	68.0	45.0	37.0	0.0	0.0	70.0	0.0	38.0	1.0	82.0	273.0	15.0	146.0	0.0	12.0	80.0	0.0	53.0	43.0	17.0	11.0	26.0	100.0	0.0	107.0	2296.0	87.0	43.0	18.0	69.0	191.0	0.0	4.0	18.0	0.0	8.0	555.0	21.0	3.0	6.0	17.0	0.0	0.0	8.0	0.0	0.0	4.0	62.0	34.0	0.0	12.0	558.0	0.0	43.0	164.0	3.0	84.0	4.0	38.0	0.0	21.0	17.0	33.0	8.0	733.0	0.0	22.0	10.0	0.0	80.0	0.0	0.0	197.0	6.0	6.0	13.0	3.0	18.0	0.0	11.0	3.0	0.0	132.0	87.0	62.0	0.0	135.0	0.0	22.0	8.0	4.0	0.0	0.0	14.0	16.0	0.0	0.0	44.0	0.0	0.0	54.0	0.0	0.0	30.0	5.0	241.0	0.0	0.0	14.0	19.0	0.0	9.0	48.0	22.0	16.0	5.0	0.0	4.0	0.0	10.0	1.0	28.0	0.0	51.0	25.0	73.0	0.0	3.0	0.0	0.0	22.0	68.0	5.0	0.0	3.0	0.0	0.0	0.0	0.0	18.0	0.0	0.0	2.0	0.0	0.0	0.0	0.0	12.0	4.0	13.0	0.0	0.0	10.0	0.0	517.0	0.0	0.0	0.0	0.0	0.0	0.0	0.0	0.0	2.0	0.0	0.0	0.0	0.0	0.0	0.0	0.0	0.0	0.0	55.0	7.0	0.0	14.0	0.0	0.0	0.0	0.0	0.0	0.0	0.0	0.0	0.0	0.0	0.0	0.0	0.0	0.0	0.0	0.0	0.0	17.0	0.0	0.0	0.0	0.0	3.0	0.0	0.0	0.0	0.0	0.0	0.0	0.0	0.0	0.0	0.0	0.0	0.0	0.0	0.0	0.0	0.0	0.0	7.0	0.0	0.0	0.0	0.0	0.0	0.0	0.0	0.0	0.0	0.0	0.0	0.0	0.0	0.0	0.0	0.0	17.0	0.0	0.0	0.0	0.0	11.0	0.0	0.0	0.0	0.0	0.0	0.0	0.0	0.0	0.0	0.0	0.0	0.0	0.0	0.0	0.0	0.0	0.0	0.0	0.0	0.0
SRR5532821	3.0	289.0	83.0	15.0	0.0	10.0	124.0	25.0	33.0	45.0	0.0	74.0	470.0	117.0	270.0	63.0	523.0	35.0	16.0	244.0	939.0	66.0	441.0	150.0	3488.0	313.0	48.0	0.0	52.0	188.0	56.0	11.0	1.0	149.0	18.0	125.0	10.0	2.0	1386.0	44.0	317.0	16.0	112.0	34.0	25.0	3.0	4.0	45.0	130.0	97.0	987.0	47.0	84.0	46.0	14.0	208.0	27.0	0.0	2176.0	179.0	158.0	40.0	123.0	138.0	60.0	5.0	207.0	80.0	0.0	7.0	128.0	36.0	41.0	53.0	18.0	9.0	0.0	50.0	4.0	0.0	0.0	39.0	119.0	14.0	245.0	0.0	0.0	71.0	0.0	10.0	16.0	17.0	17.0	51.0	140.0	10.0	125.0	553.0	78.0	71.0	15.0	39.0	55.0	5.0	31.0	15.0	0.0	29.0	84.0	23.0	0.0	4.0	5.0	2.0	0.0	8.0	5.0	3.0	4.0	21.0	23.0	0.0	30.0	657.0	0.0	37.0	169.0	3.0	44.0	5.0	27.0	1.0	0.0	34.0	19.0	0.0	319.0	0.0	0.0	8.0	3.0	55.0	0.0	12.0	75.0	7.0	5.0	10.0	16.0	32.0	0.0	0.0	1.0	2.0	158.0	48.0	32.0	0.0	56.0	2.0	16.0	0.0	0.0	0.0	2.0	0.0	22.0	0.0	0.0	135.0	2.0	5.0	112.0	0.0	0.0	0.0	6.0	83.0	0.0	7.0	0.0	19.0	0.0	2.0	24.0	0.0	19.0	0.0	0.0	0.0	0.0	7.0	1.0	12.0	2.0	39.0	0.0	68.0	0.0	0.0	0.0	0.0	1.0	9.0	2.0	0.0	0.0	0.0	0.0	0.0	0.0	0.0	0.0	0.0	16.0	0.0	0.0	0.0	0.0	33.0	8.0	11.0	0.0	12.0	0.0	0.0	2.0	0.0	0.0	0.0	0.0	0.0	0.0	0.0	0.0	0.0	2.0	0.0	0.0	0.0	0.0	0.0	0.0	0.0	0.0	23.0	7.0	0.0	0.0	0.0	0.0	0.0	0.0	0.0	0.0	0.0	0.0	0.0	0.0	0.0	0.0	0.0	0.0	0.0	0.0	0.0	20.0	0.0	29.0	0.0	0.0	0.0	0.0	0.0	0.0	0.0	0.0	0.0	0.0	0.0	0.0	0.0	0.0	0.0	0.0	0.0	0.0	0.0	0.0	0.0	0.0	1.0	0.0	0.0	0.0	0.0	0.0	0.0	0.0	0.0	0.0	0.0	0.0	0.0	0.0	0.0	16.0	0.0	0.0	0.0	0.0	0.0	0.0	0.0	0.0	0.0	0.0	0.0	0.0	0.0	0.0	0.0	0.0	0.0	0.0	0.0	0.0	0.0	0.0	0.0	6.0	0.0
SRR5532822	0.0	5.0	19.0	0.0	2.0	0.0	12.0	8.0	0.0	5.0	3.0	719.0	1062.0	6.0	0.0	11.0	15.0	1.0	13.0	90.0	519.0	0.0	1461.0	33.0	2196.0	31.0	1.0	0.0	26.0	0.0	197.0	0.0	0.0	0.0	0.0	0.0	0.0	3.0	46.0	0.0	19.0	0.0	9.0	0.0	0.0	0.0	0.0	519.0	0.0	10.0	111.0	18.0	6.0	5.0	6.0	42.0	8.0	0.0	284.0	170.0	37.0	6.0	314.0	129.0	0.0	5.0	229.0	6.0	0.0	0.0	347.0	0.0	0.0	4.0	0.0	0.0	0.0	0.0	0.0	0.0	0.0	11.0	0.0	0.0	78.0	0.0	0.0	318.0	0.0	0.0	7.0	0.0	21.0	0.0	128.0	0.0	3.0	4.0	163.0	8.0	0.0	172.0	0.0	0.0	4.0	0.0	0.0	0.0	9.0	135.0	0.0	8.0	14.0	0.0	0.0	11.0	0.0	0.0	0.0	4.0	0.0	0.0	0.0	0.0	0.0	956.0	0.0	0.0	0.0	0.0	574.0	0.0	0.0	0.0	0.0	0.0	127.0	0.0	0.0	0.0	0.0	0.0	0.0	0.0	52.0	0.0	0.0	8.0	0.0	4.0	0.0	0.0	0.0	0.0	0.0	0.0	0.0	0.0	6.0	0.0	0.0	0.0	0.0	0.0	0.0	0.0	6.0	7.0	0.0	7.0	0.0	15.0	57.0	0.0	0.0	418.0	0.0	37.0	0.0	1.0	0.0	0.0	0.0	0.0	0.0	0.0	0.0	0.0	0.0	0.0	0.0	0.0	0.0	0.0	0.0	8.0	0.0	0.0	0.0	0.0	0.0	0.0	0.0	13.0	0.0	0.0	0.0	0.0	0.0	0.0	0.0	0.0	0.0	0.0	0.0	0.0	0.0	0.0	0.0	0.0	0.0	0.0	0.0	0.0	9.0	0.0	0.0	0.0	0.0	0.0	0.0	0.0	0.0	0.0	0.0	0.0	0.0	0.0	0.0	0.0	0.0	3.0	0.0	0.0	0.0	0.0	0.0	0.0	0.0	0.0	0.0	0.0	0.0	0.0	0.0	0.0	0.0	0.0	0.0	0.0	0.0	3.0	0.0	0.0	0.0	0.0	0.0	0.0	0.0	0.0	0.0	0.0	0.0	0.0	0.0	0.0	0.0	0.0	0.0	0.0	0.0	0.0	0.0	0.0	0.0	0.0	0.0	0.0	0.0	6.0	56.0	0.0	0.0	0.0	0.0	0.0	0.0	0.0	0.0	0.0	0.0	0.0	0.0	0.0	0.0	0.0	0.0	0.0	0.0	0.0	0.0	0.0	0.0	0.0	0.0	0.0	0.0	0.0	0.0	0.0	0.0	0.0	0.0	0.0	0.0	0.0	0.0	0.0	0.0	0.0	0.0	0.0
SRR5532823	0.0	0.0	0.0	0.0	2.0	0.0	25.0	2.0	0.0	0.0	0.0	1208.0	966.0	93.0	5.0	0.0	0.0	0.0	0.0	58.0	245.0	0.0	802.0	381.0	7605.0	17.0	0.0	0.0	18.0	13.0	355.0	3.0	0.0	0.0	0.0	0.0	0.0	11.0	61.0	0.0	0.0	0.0	3.0	0.0	0.0	0.0	0.0	455.0	0.0	48.0	28.0	10.0	4.0	0.0	7.0	20.0	4.0	0.0	65.0	530.0	94.0	5.0	872.0	203.0	0.0	9.0	342.0	5.0	0.0	8.0	1064.0	0.0	0.0	0.0	0.0	0.0	0.0	0.0	0.0	0.0	0.0	30.0	0.0	0.0	62.0	3.0	0.0	125.0	0.0	0.0	0.0	0.0	5.0	0.0	1026.0	0.0	0.0	17.0	162.0	9.0	0.0	144.0	0.0	4.0	58.0	0.0	0.0	0.0	0.0	277.0	0.0	18.0	1.0	0.0	0.0	26.0	0.0	0.0	0.0	4.0	0.0	0.0	0.0	12.0	0.0	523.0	0.0	0.0	0.0	21.0	794.0	0.0	0.0	0.0	0.0	0.0	135.0	0.0	0.0	0.0	0.0	0.0	0.0	0.0	26.0	0.0	0.0	7.0	0.0	5.0	0.0	0.0	0.0	13.0	0.0	0.0	7.0	0.0	8.0	0.0	0.0	0.0	0.0	0.0	0.0	0.0	0.0	2.0	0.0	19.0	0.0	20.0	93.0	0.0	0.0	165.0	0.0	68.0	0.0	8.0	0.0	0.0	0.0	0.0	0.0	0.0	0.0	5.0	0.0	0.0	0.0	0.0	0.0	0.0	0.0	0.0	0.0	0.0	0.0	0.0	0.0	0.0	0.0	8.0	0.0	0.0	0.0	0.0	0.0	0.0	0.0	0.0	0.0	0.0	0.0	0.0	0.0	0.0	0.0	0.0	0.0	0.0	0.0	0.0	9.0	0.0	0.0	0.0	0.0	0.0	0.0	0.0	0.0	0.0	0.0	0.0	0.0	0.0	0.0	0.0	0.0	0.0	0.0	0.0	0.0	0.0	0.0	0.0	0.0	0.0	0.0	0.0	0.0	0.0	0.0	0.0	0.0	0.0	0.0	0.0	0.0	1.0	0.0	0.0	0.0	0.0	0.0	0.0	0.0	0.0	0.0	0.0	0.0	0.0	0.0	0.0	0.0	0.0	2.0	0.0	0.0	0.0	0.0	0.0	0.0	0.0	0.0	0.0	0.0	0.0	77.0	0.0	0.0	0.0	0.0	0.0	0.0	0.0	0.0	0.0	0.0	0.0	0.0	0.0	0.0	0.0	0.0	0.0	0.0	0.0	0.0	0.0	0.0	0.0	0.0	0.0	0.0	0.0	0.0	0.0	0.0	0.0	0.0	0.0	0.0	0.0	0.0	0.0	0.0	0.0	0.0	0.0
SRR5532824	6.0	293.0	74.0	25.0	34.0	16.0	458.0	428.0	71.0	28.0	4.0	732.0	1200.0	369.0	347.0	333.0	298.0	158.0	161.0	1192.0	2312.0	681.0	2602.0	358.0	6132.0	1274.0	70.0	0.0	545.0	67.0	792.0	73.0	3.0	351.0	0.0	281.0	12.0	67.0	4590.0	115.0	679.0	4.0	593.0	12.0	25.0	0.0	6.0	1361.0	158.0	190.0	420.0	834.0	217.0	168.0	134.0	196.0	8.0	49.0	2022.0	219.0	231.0	235.0	666.0	523.0	64.0	104.0	520.0	96.0	0.0	30.0	1183.0	8.0	279.0	144.0	64.0	0.0	0.0	26.0	0.0	266.0	46.0	274.0	45.0	2.0	1388.0	9.0	2.0	578.0	0.0	28.0	81.0	7.0	195.0	330.0	188.0	0.0	131.0	69.0	40.0	161.0	0.0	105.0	38.0	0.0	15.0	28.0	0.0	0.0	70.0	1691.0	1.0	75.0	65.0	0.0	0.0	206.0	0.0	0.0	0.0	8.0	2.0	4.0	29.0	353.0	0.0	3489.0	98.0	5.0	38.0	18.0	773.0	77.0	4.0	105.0	26.0	0.0	1341.0	0.0	9.0	59.0	0.0	59.0	0.0	0.0	361.0	13.0	0.0	14.0	0.0	75.0	3.0	1.0	0.0	0.0	1714.0	164.0	49.0	0.0	36.0	50.0	21.0	0.0	0.0	0.0	2.0	79.0	1.0	36.0	0.0	44.0	0.0	83.0	737.0	82.0	0.0	214.0	10.0	246.0	0.0	3.0	0.0	10.0	0.0	0.0	36.0	0.0	0.0	46.0	1.0	0.0	0.0	0.0	0.0	0.0	0.0	62.0	20.0	85.0	0.0	0.0	0.0	0.0	11.0	47.0	0.0	0.0	7.0	9.0	0.0	0.0	0.0	42.0	0.0	0.0	1.0	0.0	0.0	0.0	0.0	39.0	0.0	5.0	0.0	0.0	0.0	0.0	0.0	0.0	0.0	9.0	0.0	0.0	0.0	0.0	0.0	0.0	0.0	0.0	19.0	0.0	0.0	0.0	0.0	3.0	0.0	8.0	0.0	1.0	0.0	0.0	0.0	0.0	0.0	0.0	0.0	0.0	17.0	0.0	0.0	0.0	0.0	5.0	0.0	0.0	0.0	0.0	17.0	0.0	0.0	0.0	0.0	0.0	0.0	0.0	0.0	0.0	0.0	0.0	0.0	0.0	0.0	0.0	0.0	0.0	0.0	0.0	0.0	0.0	0.0	0.0	0.0	0.0	0.0	1.0	0.0	0.0	0.0	0.0	0.0	0.0	0.0	0.0	0.0	0.0	0.0	0.0	0.0	0.0	0.0	0.0	0.0	0.0	0.0	0.0	0.0	0.0	0.0	0.0	0.0	0.0	0.0	0.0	0.0	0.0	0.0	0.0	0.0	0.0	0.0	0.0	0.0	0.0
SRR5532825	5.0	213.0	26.0	4.0	42.0	10.0	687.0	233.0	36.0	21.0	0.0	904.0	1016.0	348.0	14.0	95.0	166.0	35.0	84.0	822.0	1840.0	147.0	816.0	608.0	5574.0	676.0	15.0	0.0	355.0	43.0	667.0	74.0	0.0	205.0	0.0	167.0	0.0	101.0	4129.0	86.0	337.0	12.0	477.0	17.0	18.0	0.0	0.0	936.0	49.0	133.0	153.0	318.0	133.0	70.0	143.0	264.0	7.0	33.0	1207.0	339.0	143.0	207.0	636.0	530.0	7.0	82.0	381.0	21.0	0.0	32.0	1356.0	24.0	137.0	103.0	12.0	0.0	0.0	4.0	0.0	257.0	4.0	212.0	18.0	3.0	1228.0	11.0	0.0	324.0	0.0	2.0	7.0	7.0	144.0	189.0	664.0	0.0	64.0	162.0	1.0	416.0	0.0	58.0	25.0	0.0	182.0	5.0	0.0	0.0	0.0	1352.0	2.0	73.0	6.0	0.0	0.0	107.0	17.0	0.0	0.0	0.0	1.0	0.0	0.0	100.0	0.0	1246.0	47.0	0.0	0.0	46.0	1021.0	72.0	0.0	92.0	29.0	0.0	1060.0	0.0	0.0	116.0	38.0	25.0	0.0	2.0	125.0	18.0	0.0	13.0	0.0	34.0	0.0	0.0	0.0	6.0	111.0	164.0	106.0	4.0	5.0	51.0	11.0	0.0	0.0	13.0	1.0	61.0	0.0	33.0	0.0	69.0	0.0	30.0	508.0	62.0	0.0	174.0	0.0	217.0	0.0	30.0	0.0	26.0	0.0	2.0	46.0	0.0	1.0	104.0	0.0	3.0	0.0	0.0	1.0	0.0	0.0	136.0	37.0	16.0	0.0	0.0	0.0	0.0	0.0	81.0	0.0	0.0	20.0	0.0	0.0	0.0	0.0	0.0	0.0	0.0	25.0	0.0	0.0	0.0	0.0	4.0	0.0	2.0	0.0	0.0	0.0	0.0	17.0	0.0	0.0	0.0	0.0	0.0	0.0	0.0	0.0	0.0	0.0	0.0	6.0	0.0	0.0	0.0	0.0	0.0	0.0	7.0	0.0	0.0	0.0	0.0	0.0	0.0	0.0	0.0	0.0	5.0	28.0	0.0	0.0	0.0	0.0	0.0	0.0	0.0	0.0	0.0	0.0	0.0	0.0	0.0	1.0	0.0	0.0	0.0	0.0	0.0	0.0	0.0	0.0	0.0	0.0	0.0	0.0	0.0	0.0	0.0	0.0	0.0	0.0	0.0	9.0	1.0	0.0	0.0	0.0	0.0	0.0	0.0	0.0	0.0	0.0	0.0	0.0	0.0	0.0	0.0	0.0	0.0	0.0	0.0	0.0	0.0	0.0	0.0	0.0	0.0	0.0	0.0	0.0	0.0	0.0	0.0	0.0	0.0	0.0	0.0	0.0	0.0	0.0	0.0	0.0	0.0
SRR5532826	3.0	78.0	31.0	0.0	3.0	11.0	1077.0	195.0	59.0	0.0	0.0	709.0	1329.0	375.0	70.0	115.0	256.0	57.0	111.0	871.0	1880.0	154.0	1303.0	349.0	4908.0	757.0	19.0	0.0	379.0	38.0	970.0	71.0	0.0	175.0	0.0	127.0	6.0	46.0	6142.0	69.0	338.0	4.0	418.0	3.0	14.0	0.0	0.0	741.0	88.0	123.0	184.0	411.0	49.0	8.0	68.0	239.0	8.0	0.0	1313.0	170.0	95.0	191.0	569.0	535.0	0.0	51.0	358.0	19.0	0.0	6.0	1007.0	18.0	125.0	166.0	21.0	0.0	0.0	0.0	0.0	143.0	47.0	131.0	36.0	2.0	1072.0	0.0	0.0	312.0	0.0	8.0	33.0	0.0	83.0	104.0	183.0	0.0	39.0	77.0	57.0	193.0	0.0	30.0	5.0	0.0	7.0	0.0	0.0	0.0	29.0	3235.0	0.0	27.0	0.0	0.0	0.0	18.0	0.0	0.0	0.0	0.0	8.0	0.0	4.0	133.0	0.0	2470.0	46.0	0.0	0.0	27.0	522.0	25.0	0.0	73.0	0.0	5.0	1110.0	0.0	0.0	55.0	0.0	35.0	0.0	0.0	201.0	4.0	0.0	12.0	0.0	6.0	0.0	0.0	3.0	12.0	211.0	164.0	70.0	0.0	16.0	1.0	13.0	0.0	1.0	0.0	2.0	63.0	0.0	31.0	0.0	0.0	0.0	22.0	445.0	33.0	0.0	139.0	9.0	133.0	0.0	2.0	0.0	9.0	0.0	2.0	33.0	0.0	6.0	70.0	0.0	0.0	0.0	0.0	0.0	2.0	0.0	52.0	17.0	9.0	0.0	0.0	0.0	0.0	11.0	39.0	0.0	0.0	4.0	2.0	0.0	0.0	0.0	0.0	0.0	0.0	15.0	0.0	0.0	0.0	0.0	0.0	0.0	7.0	0.0	0.0	0.0	0.0	9.0	0.0	0.0	0.0	0.0	0.0	0.0	0.0	0.0	0.0	0.0	0.0	6.0	0.0	0.0	0.0	0.0	0.0	0.0	0.0	0.0	0.0	0.0	0.0	0.0	0.0	0.0	0.0	0.0	0.0	0.0	0.0	0.0	0.0	0.0	0.0	0.0	0.0	0.0	0.0	0.0	0.0	0.0	0.0	0.0	0.0	0.0	0.0	0.0	0.0	0.0	0.0	0.0	0.0	0.0	0.0	0.0	0.0	0.0	0.0	0.0	0.0	0.0	0.0	0.0	0.0	0.0	0.0	0.0	0.0	0.0	0.0	0.0	0.0	0.0	0.0	0.0	0.0	0.0	0.0	0.0	0.0	0.0	0.0	0.0	0.0	0.0	0.0	0.0	0.0	0.0	0.0	0.0	0.0	0.0	0.0	0.0	0.0	0.0	0.0	0.0	0.0	0.0	0.0	0.0	0.0
SRR5532827	0.0	428.0	0.0	0.0	9.0	5.0	645.0	135.0	2.0	3.0	5.0	643.0	1652.0	775.0	16.0	113.0	142.0	31.0	66.0	681.0	1692.0	135.0	441.0	1023.0	5197.0	940.0	60.0	2.0	358.0	116.0	288.0	23.0	2.0	182.0	1.0	70.0	0.0	88.0	4486.0	33.0	176.0	0.0	368.0	127.0	18.0	0.0	2.0	367.0	52.0	675.0	17.0	273.0	197.0	74.0	94.0	257.0	13.0	17.0	899.0	1430.0	128.0	109.0	976.0	422.0	15.0	74.0	592.0	33.0	0.0	19.0	1090.0	28.0	105.0	60.0	10.0	0.0	0.0	7.0	0.0	185.0	6.0	160.0	0.0	2.0	685.0	9.0	1.0	328.0	0.0	0.0	37.0	27.0	114.0	235.0	688.0	8.0	8.0	53.0	437.0	130.0	0.0	71.0	0.0	0.0	50.0	4.0	0.0	12.0	0.0	799.0	3.0	43.0	8.0	0.0	0.0	135.0	10.0	3.0	0.0	0.0	35.0	1.0	0.0	106.0	0.0	682.0	19.0	0.0	0.0	37.0	611.0	23.0	2.0	67.0	37.0	7.0	835.0	0.0	0.0	20.0	0.0	11.0	0.0	3.0	141.0	6.0	0.0	0.0	0.0	4.0	1.0	0.0	0.0	3.0	155.0	158.0	138.0	0.0	0.0	48.0	7.0	3.0	0.0	0.0	0.0	93.0	0.0	0.0	0.0	107.0	0.0	39.0	253.0	15.0	0.0	76.0	0.0	267.0	0.0	25.0	0.0	27.0	0.0	22.0	33.0	0.0	0.0	174.0	0.0	0.0	11.0	0.0	0.0	4.0	0.0	144.0	57.0	0.0	0.0	0.0	0.0	0.0	0.0	82.0	0.0	0.0	2.0	4.0	0.0	0.0	0.0	0.0	0.0	1.0	5.0	0.0	0.0	0.0	0.0	101.0	0.0	3.0	0.0	0.0	0.0	0.0	0.0	0.0	0.0	0.0	0.0	0.0	0.0	0.0	4.0	0.0	0.0	0.0	0.0	0.0	0.0	0.0	0.0	0.0	0.0	0.0	0.0	0.0	0.0	0.0	0.0	0.0	0.0	0.0	0.0	0.0	21.0	0.0	0.0	0.0	0.0	21.0	0.0	0.0	0.0	0.0	0.0	0.0	0.0	0.0	0.0	0.0	0.0	0.0	0.0	0.0	0.0	0.0	0.0	0.0	0.0	0.0	0.0	0.0	0.0	0.0	0.0	0.0	0.0	0.0	0.0	0.0	0.0	0.0	0.0	0.0	0.0	0.0	0.0	0.0	0.0	0.0	0.0	0.0	0.0	0.0	0.0	0.0	0.0	0.0	0.0	0.0	0.0	0.0	0.0	0.0	0.0	0.0	0.0	0.0	0.0	0.0	0.0	0.0	0.0	0.0	0.0	0.0	0.0	0.0	0.0	0.0
SRR5532828	4.0	334.0	30.0	27.0	24.0	17.0	137.0	418.0	0.0	4.0	431.0	104.0	883.0	284.0	49.0	452.0	1464.0	669.0	192.0	560.0	1365.0	28.0	2185.0	104.0	3476.0	447.0	526.0	0.0	19.0	16.0	1353.0	18.0	0.0	237.0	3.0	140.0	0.0	0.0	578.0	21.0	474.0	9.0	554.0	9.0	71.0	0.0	25.0	827.0	231.0	132.0	89.0	143.0	93.0	101.0	48.0	35.0	18.0	0.0	2726.0	0.0	101.0	103.0	891.0	610.0	90.0	16.0	75.0	16.0	0.0	45.0	1000.0	3.0	262.0	119.0	57.0	9.0	0.0	28.0	4.0	89.0	0.0	472.0	163.0	15.0	411.0	0.0	0.0	1818.0	0.0	44.0	9.0	1.0	295.0	0.0	30.0	9.0	263.0	187.0	11.0	0.0	0.0	88.0	5.0	7.0	0.0	18.0	0.0	23.0	0.0	753.0	4.0	38.0	62.0	0.0	0.0	4.0	0.0	0.0	0.0	37.0	169.0	0.0	18.0	337.0	0.0	225.0	12.0	0.0	49.0	10.0	684.0	8.0	3.0	6.0	0.0	0.0	147.0	0.0	38.0	9.0	0.0	66.0	31.0	6.0	469.0	5.0	0.0	12.0	7.0	63.0	0.0	8.0	0.0	0.0	206.0	0.0	22.0	1.0	0.0	0.0	15.0	0.0	0.0	0.0	5.0	0.0	0.0	0.0	3.0	0.0	8.0	3.0	2570.0	9.0	0.0	2133.0	20.0	0.0	0.0	0.0	7.0	13.0	0.0	11.0	2.0	0.0	34.0	6.0	0.0	2.0	0.0	0.0	0.0	2.0	0.0	0.0	10.0	136.0	0.0	0.0	0.0	0.0	9.0	0.0	0.0	0.0	0.0	0.0	0.0	0.0	0.0	0.0	0.0	0.0	0.0	0.0	3.0	64.0	0.0	0.0	9.0	7.0	0.0	0.0	0.0	0.0	0.0	0.0	0.0	0.0	4.0	4.0	0.0	0.0	0.0	0.0	0.0	0.0	0.0	5.0	0.0	0.0	0.0	0.0	0.0	31.0	0.0	0.0	1.0	0.0	0.0	1.0	0.0	0.0	0.0	13.0	0.0	0.0	0.0	0.0	0.0	0.0	0.0	0.0	0.0	0.0	0.0	0.0	0.0	0.0	0.0	0.0	0.0	0.0	0.0	0.0	0.0	0.0	0.0	0.0	0.0	0.0	0.0	0.0	0.0	0.0	0.0	0.0	0.0	0.0	0.0	0.0	0.0	0.0	0.0	0.0	0.0	0.0	0.0	0.0	0.0	0.0	0.0	0.0	0.0	0.0	0.0	0.0	0.0	0.0	0.0	0.0	0.0	0.0	0.0	0.0	0.0	0.0	0.0	0.0	0.0	0.0	0.0	0.0	0.0	0.0	0.0	0.0	0.0	0.0	6.0	0.0
SRR5532829	18.0	674.0	45.0	14.0	80.0	0.0	214.0	811.0	25.0	4.0	1160.0	172.0	1135.0	313.0	55.0	356.0	3048.0	945.0	232.0	804.0	1530.0	196.0	1638.0	110.0	3679.0	828.0	280.0	0.0	128.0	25.0	1406.0	162.0	0.0	476.0	0.0	186.0	0.0	44.0	936.0	130.0	490.0	2.0	1210.0	0.0	14.0	0.0	128.0	838.0	478.0	394.0	55.0	362.0	400.0	208.0	116.0	109.0	74.0	4.0	2374.0	21.0	253.0	228.0	1283.0	770.0	35.0	23.0	191.0	117.0	0.0	39.0	1750.0	1.0	482.0	301.0	72.0	0.0	0.0	20.0	25.0	335.0	0.0	555.0	46.0	2.0	910.0	15.0	2.0	1884.0	13.0	28.0	9.0	5.0	215.0	0.0	218.0	18.0	68.0	30.0	59.0	0.0	5.0	13.0	0.0	0.0	5.0	18.0	0.0	3.0	0.0	848.0	9.0	86.0	23.0	0.0	0.0	0.0	2.0	0.0	0.0	0.0	29.0	0.0	21.0	377.0	0.0	954.0	0.0	3.0	0.0	42.0	648.0	222.0	0.0	12.0	0.0	0.0	201.0	0.0	53.0	32.0	0.0	53.0	17.0	3.0	270.0	24.0	0.0	21.0	0.0	42.0	0.0	0.0	0.0	0.0	324.0	13.0	72.0	21.0	0.0	23.0	27.0	0.0	9.0	0.0	41.0	0.0	0.0	29.0	0.0	5.0	2.0	83.0	3273.0	533.0	0.0	1175.0	9.0	0.0	0.0	0.0	14.0	7.0	0.0	40.0	20.0	0.0	26.0	4.0	0.0	3.0	0.0	0.0	0.0	0.0	0.0	0.0	0.0	122.0	0.0	3.0	1.0	0.0	14.0	13.0	0.0	0.0	0.0	0.0	0.0	0.0	2.0	0.0	0.0	0.0	0.0	0.0	0.0	306.0	0.0	0.0	0.0	2.0	0.0	0.0	0.0	0.0	0.0	0.0	0.0	0.0	24.0	0.0	0.0	0.0	0.0	0.0	0.0	0.0	0.0	0.0	0.0	0.0	0.0	0.0	0.0	22.0	0.0	0.0	0.0	0.0	0.0	2.0	0.0	0.0	0.0	0.0	0.0	0.0	0.0	22.0	0.0	0.0	0.0	0.0	0.0	0.0	6.0	0.0	0.0	0.0	5.0	0.0	0.0	0.0	0.0	0.0	0.0	0.0	0.0	0.0	0.0	0.0	0.0	0.0	0.0	0.0	0.0	0.0	0.0	0.0	0.0	0.0	0.0	0.0	0.0	0.0	2.0	0.0	0.0	0.0	0.0	0.0	0.0	0.0	0.0	0.0	0.0	0.0	0.0	0.0	0.0	0.0	0.0	0.0	0.0	0.0	0.0	0.0	0.0	0.0	0.0	0.0	0.0	13.0	0.0	0.0	0.0	0.0	0.0	0.0	0.0	0.0
SRR5532830	16.0	802.0	39.0	59.0	142.0	0.0	426.0	720.0	57.0	4.0	549.0	249.0	1387.0	515.0	84.0	434.0	1925.0	1120.0	157.0	801.0	2737.0	64.0	2285.0	206.0	4375.0	955.0	583.0	0.0	136.0	24.0	1008.0	105.0	0.0	413.0	22.0	274.0	0.0	26.0	436.0	84.0	344.0	21.0	1001.0	0.0	138.0	0.0	75.0	1060.0	389.0	282.0	85.0	268.0	526.0	156.0	114.0	60.0	73.0	0.0	3518.0	29.0	347.0	159.0	666.0	853.0	73.0	65.0	211.0	4.0	0.0	229.0	1584.0	2.0	656.0	198.0	71.0	23.0	19.0	45.0	7.0	531.0	0.0	571.0	82.0	19.0	680.0	0.0	2.0	2612.0	0.0	15.0	11.0	35.0	380.0	0.0	77.0	71.0	230.0	210.0	26.0	0.0	13.0	164.0	0.0	8.0	0.0	12.0	0.0	38.0	0.0	1455.0	9.0	125.0	56.0	3.0	0.0	17.0	5.0	11.0	0.0	12.0	121.0	0.0	76.0	341.0	0.0	333.0	6.0	0.0	33.0	36.0	1568.0	27.0	2.0	2.0	0.0	0.0	250.0	0.0	42.0	25.0	0.0	112.0	72.0	0.0	984.0	57.0	0.0	8.0	0.0	43.0	0.0	3.0	33.0	5.0	294.0	0.0	93.0	0.0	0.0	11.0	49.0	2.0	0.0	6.0	21.0	7.0	7.0	36.0	0.0	33.0	0.0	187.0	2424.0	0.0	0.0	2652.0	14.0	19.0	0.0	0.0	19.0	10.0	0.0	8.0	59.0	0.0	51.0	0.0	0.0	14.0	0.0	0.0	0.0	0.0	0.0	0.0	0.0	176.0	0.0	0.0	0.0	0.0	1.0	27.0	0.0	0.0	0.0	0.0	0.0	0.0	0.0	0.0	0.0	0.0	0.0	0.0	6.0	911.0	0.0	0.0	18.0	39.0	3.0	0.0	0.0	0.0	5.0	0.0	0.0	14.0	27.0	8.0	0.0	0.0	0.0	0.0	0.0	0.0	0.0	0.0	9.0	0.0	0.0	0.0	0.0	32.0	0.0	0.0	0.0	2.0	0.0	7.0	0.0	0.0	10.0	16.0	2.0	0.0	0.0	25.0	0.0	0.0	0.0	0.0	0.0	0.0	15.0	0.0	0.0	0.0	0.0	0.0	0.0	0.0	0.0	0.0	0.0	0.0	0.0	0.0	0.0	0.0	0.0	0.0	0.0	0.0	0.0	0.0	0.0	0.0	0.0	0.0	0.0	0.0	0.0	0.0	0.0	0.0	0.0	0.0	0.0	0.0	0.0	0.0	0.0	0.0	0.0	0.0	0.0	0.0	4.0	0.0	0.0	0.0	0.0	0.0	0.0	0.0	0.0	0.0	0.0	0.0	0.0	0.0	0.0	0.0	0.0	0.0	0.0	0.0	0.0	0.0
SRR5532831	0.0	803.0	14.0	32.0	79.0	4.0	144.0	313.0	0.0	3.0	1096.0	85.0	2119.0	845.0	25.0	231.0	3923.0	319.0	43.0	700.0	856.0	59.0	677.0	289.0	2953.0	644.0	866.0	0.0	35.0	13.0	351.0	146.0	3.0	389.0	18.0	88.0	0.0	21.0	715.0	26.0	391.0	16.0	376.0	3.0	56.0	2.0	81.0	75.0	305.0	754.0	69.0	92.0	342.0	145.0	92.0	77.0	110.0	0.0	2253.0	25.0	203.0	173.0	863.0	1035.0	18.0	8.0	165.0	10.0	0.0	9.0	924.0	0.0	525.0	145.0	27.0	0.0	0.0	34.0	4.0	222.0	0.0	44.0	55.0	0.0	265.0	0.0	14.0	1319.0	0.0	2.0	2.0	32.0	43.0	0.0	256.0	27.0	58.0	36.0	56.0	0.0	0.0	9.0	0.0	0.0	0.0	32.0	0.0	9.0	0.0	564.0	18.0	43.0	19.0	0.0	0.0	0.0	20.0	77.0	0.0	0.0	94.0	0.0	0.0	194.0	0.0	185.0	0.0	0.0	3.0	7.0	38.0	2.0	5.0	0.0	0.0	0.0	55.0	0.0	0.0	24.0	0.0	96.0	23.0	4.0	218.0	61.0	5.0	0.0	6.0	14.0	0.0	0.0	0.0	6.0	211.0	0.0	148.0	0.0	8.0	61.0	57.0	5.0	5.0	0.0	10.0	0.0	0.0	0.0	0.0	0.0	0.0	72.0	925.0	2.0	0.0	855.0	0.0	0.0	0.0	0.0	6.0	9.0	6.0	139.0	0.0	0.0	15.0	14.0	0.0	48.0	0.0	0.0	0.0	0.0	0.0	14.0	0.0	104.0	0.0	0.0	0.0	0.0	9.0	13.0	0.0	0.0	0.0	0.0	0.0	0.0	0.0	0.0	8.0	0.0	0.0	0.0	0.0	80.0	0.0	0.0	0.0	18.0	0.0	0.0	0.0	0.0	0.0	0.0	0.0	0.0	26.0	23.0	0.0	0.0	0.0	0.0	0.0	0.0	0.0	0.0	0.0	0.0	0.0	0.0	0.0	10.0	0.0	0.0	0.0	0.0	0.0	0.0	0.0	0.0	0.0	0.0	0.0	0.0	0.0	22.0	0.0	0.0	0.0	0.0	0.0	0.0	0.0	0.0	0.0	0.0	0.0	0.0	0.0	0.0	0.0	0.0	0.0	0.0	0.0	0.0	0.0	0.0	0.0	0.0	0.0	0.0	0.0	0.0	0.0	0.0	0.0	0.0	0.0	0.0	0.0	0.0	0.0	0.0	0.0	0.0	0.0	0.0	0.0	0.0	0.0	0.0	0.0	0.0	8.0	0.0	0.0	0.0	0.0	0.0	0.0	0.0	0.0	0.0	0.0	0.0	0.0	0.0	0.0	0.0	0.0	0.0	0.0	0.0	0.0	0.0	0.0	0.0
